Accident_Index,longitude,latitude,Police_Force,Accident_Severity,Number_of_Vehicles,Number_of_Casualties,Day_of_Week,Time,Local_Authority_(District),Local_Authority_(Highway),1st_Road_Class,1st_Road_Number,Road_Type,Speed_limit,Junction_Detail,Junction_Control,2nd_Road_Class,2nd_Road_Number,Pedestrian_Crossing-Human_Control,Pedestrian_Crossing-Physical_Facilities,Light_Conditions,Weather_Conditions,Road_Surface_Conditions,Special_Conditions_at_Site,Carriageway_Hazards,Urban_or_Rural_Area,Did_Police_Officer_Attend_Scene_of_Accident,LSOA_of_Accident_Location,Date,Vehicle_Reference,Casualty_Reference,Casualty_Class,Sex_of_Casualty,Age_of_Casualty,Age_Band_of_Casualty,Casualty_Severity,Pedestrian_Location,Pedestrian_Movement,Car_Passenger,Bus_or_Coach_Passenger,Pedestrian_Road_Maintenance_Worker,Casualty_Type,Casualty_Home_Area_Type
1,78.61039332,14.72402585,1,2,1,1,3,17:42,12,E09000020,3,3218,6,30,0,-1,-1,0,0,1,1,2,2,0,0,1,1,E01002849,04-01-2018,1,1,3,1,37,7,2,1,1,0,0,-1,0,1
2,78.53404158,14.76235346,1,3,1,1,4,17:36,12,E09000020,4,450,3,30,6,2,5,0,0,5,4,1,1,0,0,1,1,E01002909,05-01-2018,1,1,2,1,37,7,3,0,0,0,4,-1,11,1
3,78.47087739,14.74560635,1,3,2,1,5,00:15,12,E09000020,5,0,6,30,0,-1,-1,0,0,0,4,1,1,0,0,1,1,E01002857,06-01-2018,2,1,1,1,62,9,3,0,0,0,0,-1,9,1
4,78.55799399,14.66712796,1,3,1,1,6,10:35,12,E09000020,3,3220,6,30,0,-1,-1,0,0,0,1,1,1,0,0,1,1,E01002840,07-01-2018,1,1,3,1,30,6,3,5,2,0,0,-1,0,1
5,78.57643143,14.70344275,1,3,1,1,2,21:13,12,E09000020,6,0,6,30,0,-1,-1,0,0,0,7,1,2,0,0,1,1,E01002863,10-01-2018,1,1,1,1,49,8,3,0,0,0,0,-1,3,-1
6,78.53105133,14.73735895,1,3,2,1,3,12:40,12,E09000020,6,0,6,30,0,-1,-1,0,0,0,1,2,2,6,0,1,1,E01002832,11-01-2018,2,1,1,2,30,6,3,0,0,0,0,-1,3,1
7,78.51672417,14.77949108,1,3,2,1,5,20:40,12,E09000020,5,0,6,30,3,4,6,0,0,0,4,1,1,0,0,1,1,E01002875,13-01-2018,1,1,1,1,31,6,3,0,0,0,0,-1,3,-1
8,78.57055271,14.74135682,1,3,1,2,6,17:35,12,E09000020,3,315,3,30,0,-1,-1,0,0,0,1,1,1,0,0,1,1,E01002889,14-01-2018,1,1,3,2,13,3,3,6,9,0,0,-1,0,1
9,78.51020892,14.67901549,1,3,2,2,7,22:43,12,E09000020,3,3212,6,30,6,2,4,304,0,5,4,1,1,0,0,1,1,E01002900,15-01-2018,1,2,3,2,13,3,3,6,9,0,0,-1,0,1
10,78.56704157,14.7992631,1,3,2,5,7,16:00,12,E09000020,4,450,6,30,3,4,5,0,0,8,1,1,1,0,0,1,1,E01002875,15-01-2018,1,1,1,1,35,6,3,0,0,0,0,-1,9,1
11,78.63085265,14.80453592,1,3,1,1,1,00:42,12,E09000020,3,4,6,30,6,2,4,325,0,5,4,1,1,0,0,1,1,E01002835,16-01-2018,2,2,1,2,48,8,3,0,0,0,0,-1,9,1
12,78.56039757,14.72807038,1,3,2,1,3,20:48,12,E09000020,3,3220,6,30,6,2,3,308,0,5,4,1,2,0,0,1,1,E01002912,25-01-2018,1,1,2,2,26,6,3,0,0,0,4,-1,11,1
13,78.54800398,14.73695141,1,3,1,1,3,12:55,12,E09000020,6,0,2,30,3,4,3,3220,0,1,1,2,2,0,0,1,1,E01002849,11-01-2018,1,2,2,2,9,2,3,0,0,0,4,-1,11,1
14,78.51510124,14.78661225,1,3,2,1,3,05:01,12,E09000020,3,3217,2,30,3,4,3,3216,0,0,4,2,2,0,0,1,1,E01002902,18-01-2018,1,3,2,2,40,7,3,0,0,0,4,-1,11,1
15,78.54884501,14.76177454,1,3,1,2,3,11:15,12,E09000020,3,4,3,30,0,-1,-1,0,0,0,1,1,1,0,0,1,1,E01002821,18-01-2018,1,4,2,2,38,7,3,0,0,0,4,-1,11,1
16,78.62517787,14.79778677,1,3,1,1,3,10:50,12,E09000020,3,3217,6,30,3,4,6,0,0,1,1,1,1,0,0,1,1,E01002840,18-01-2018,1,5,2,2,28,6,3,0,0,0,4,-1,11,-1
17,78.6056363,14.75023732,1,2,2,1,5,00:15,12,E09000020,6,0,6,30,3,4,6,0,0,0,4,1,1,0,0,1,1,E01002864,20-01-2018,1,1,3,2,23,5,3,1,4,0,0,-1,0,1
18,78.48561567,14.67274885,1,3,2,1,6,09:15,12,E09000020,3,3218,6,30,3,4,3,4,0,0,1,1,1,0,0,1,1,E01002821,21-01-2018,2,1,1,2,20,4,3,0,0,0,0,-1,3,-1
19,78.59611776,14.76982921,1,3,2,1,6,21:16,12,E09000020,4,302,6,30,0,-1,-1,0,0,0,4,1,1,0,0,1,1,E01002901,21-01-2018,1,1,3,2,75,10,3,1,1,0,0,-1,0,-1
20,78.61996151,14.72219681,1,2,1,1,7,03:00,12,E09000020,3,4,6,30,3,4,6,0,0,0,4,1,1,0,0,1,1,E01002821,08-01-2018,1,1,1,1,34,6,3,0,0,0,0,-1,9,1
21,78.57722074,14.68993894,1,3,1,1,2,21:45,12,E09000020,6,0,6,30,0,-1,-1,0,0,0,4,1,1,0,0,1,2,E01002839,24-01-2018,1,1,1,1,42,7,3,0,0,0,0,-1,5,1
22,78.60244576,14.78535045,1,3,2,1,2,17:05,12,E09000020,4,415,6,30,3,4,5,0,0,0,4,1,1,0,0,1,2,E01002882,24-01-2018,1,2,3,2,31,6,3,5,3,0,0,-1,0,-1
23,78.64223571,14.6911247,1,3,2,1,2,21:30,12,E09000020,3,3220,3,30,6,2,3,3220,0,0,4,1,4,0,0,1,1,E01002840,24-01-2018,1,1,3,2,56,9,3,1,1,0,0,-1,0,1
24,78.63018181,14.684316,1,3,2,1,3,17:25,12,E09000020,5,0,6,30,6,4,6,0,0,0,4,1,1,0,0,1,2,E01002858,18-01-2018,1,1,1,1,54,8,2,0,0,0,0,-1,5,1
25,78.61960304,14.7120892,1,3,2,1,7,07:34,12,E09000020,3,4,3,30,3,2,4,319,0,5,1,1,2,0,0,1,1,E01002819,29-01-2018,2,1,1,1,26,6,3,0,0,0,0,-1,3,1
26,78.51960607,14.74996632,1,3,1,1,4,16:35,12,E09000020,5,0,6,30,3,4,6,0,0,1,4,2,2,0,0,1,1,E01001944,19-01-2018,1,1,1,1,33,6,3,0,0,0,0,-1,5,1
27,78.54789008,14.75608546,1,3,2,1,1,20:00,12,E09000020,4,450,6,30,0,-1,-1,0,0,0,4,1,1,0,0,1,1,E01002874,30-01-2018,1,1,3,1,-1,-1,2,5,1,0,0,-1,0,-1
28,78.48281105,14.76917912,1,3,2,2,7,13:15,12,E09000020,3,3220,6,30,6,2,3,3218,0,5,1,2,2,0,0,1,3,E01002849,29-01-2018,1,1,3,1,49,8,3,5,3,0,0,-1,0,-1
29,78.48775217,14.76713783,1,3,2,1,3,18:20,12,E09000020,3,4,3,30,6,2,5,0,0,5,4,2,2,0,0,1,1,E01002835,01-02-2018,2,1,1,2,25,5,3,0,0,0,0,-1,1,1
30,78.62494181,14.66271495,1,3,2,1,4,07:25,12,E09000020,4,319,6,30,3,4,6,0,0,1,4,1,1,0,0,1,1,E01002863,02-02-2018,2,1,1,1,59,9,3,0,0,0,0,-1,5,1
31,78.63752981,14.71344373,1,2,2,2,3,17:30,12,E09000020,4,412,2,30,2,4,6,0,0,0,4,2,2,0,0,1,1,E01002878,01-02-2018,1,1,1,1,40,7,3,0,0,0,0,-1,3,1
32,78.50776956,14.75667091,1,3,2,1,5,12:30,1,E09000033,3,4207,6,30,3,4,5,0,0,1,1,9,1,0,0,1,2,E01002854,03-02-2018,1,1,1,1,54,8,3,0,0,0,0,-1,9,1
33,78.59392551,14.77905066,1,3,2,1,7,09:55,12,E09000020,3,4,6,30,3,4,6,0,0,4,1,1,2,0,0,1,1,E01002819,12-02-2018,1,1,3,1,68,10,3,1,3,0,0,-1,0,1
34,78.53039236,14.71063037,1,3,2,2,5,13:00,12,E09000020,4,450,6,30,6,4,5,0,0,1,1,2,2,0,0,1,1,E01002909,03-02-2018,1,1,1,1,47,8,3,0,0,0,0,-1,1,-1
35,78.47719655,14.69047677,1,3,4,1,3,13:02,12,E09000020,5,0,6,30,3,4,6,0,0,1,1,1,1,0,0,1,1,E01002906,01-02-2018,1,1,1,1,29,6,3,0,0,0,0,-1,9,1
36,78.48284431,14.75576239,1,3,2,2,5,22:55,12,E09000020,6,0,6,30,6,4,6,0,0,0,4,1,1,0,0,1,1,E01002880,03-02-2018,1,2,2,1,-1,-1,3,0,0,1,0,-1,9,-1
37,78.48314791,14.65934691,1,3,2,1,5,17:30,11,E09000013,3,308,6,30,0,-1,-1,0,0,0,4,1,1,0,0,1,1,E01001921,03-02-2018,2,1,1,1,39,7,3,0,0,0,0,-1,9,1
38,78.57127371,14.72357252,1,3,2,1,1,15:00,12,E09000020,3,3220,6,30,0,-1,-1,0,0,0,1,1,1,0,0,1,1,,06-02-2018,2,1,1,2,33,6,3,0,0,0,0,-1,5,1
39,78.60569287,14.77430844,1,3,2,1,7,21:25,12,E09000020,3,4,3,30,6,2,3,3220,0,5,4,1,1,0,0,1,1,E01002848,05-02-2018,1,1,1,1,24,5,3,0,0,0,0,-1,3,1
40,78.59067344,14.74691279,1,3,2,1,5,12:41,12,E09000020,3,315,6,30,0,-1,-1,0,0,4,1,1,1,0,0,1,1,E01002816,03-02-2018,2,2,1,1,28,6,2,0,0,0,0,-1,5,1
41,78.54745023,14.72881119,1,3,1,1,6,23:35,12,E09000020,3,402,6,30,6,2,3,4204,0,5,4,1,1,0,0,1,1,E01002827,04-02-2018,1,1,1,1,31,6,3,0,0,0,0,-1,1,1
42,78.50725209,14.74086665,1,3,2,1,2,09:15,12,E09000020,4,302,6,30,3,4,6,0,0,0,1,1,1,0,0,1,1,E01002900,07-02-2018,1,1,1,1,43,7,3,0,0,0,0,-1,4,1
43,78.53432983,14.71956458,1,3,1,1,7,13:25,12,E09000020,3,4206,6,30,0,-1,-1,0,0,5,1,1,1,0,0,1,1,E01002884,12-02-2018,1,1,1,2,23,5,3,0,0,0,0,-1,3,1
44,78.55225769,14.75605991,1,3,2,1,3,20:00,12,E09000020,3,308,6,30,3,4,6,0,0,0,4,1,1,0,0,1,1,E01002910,08-02-2018,1,2,2,2,24,5,3,0,0,0,0,-1,3,1
45,78.47752203,14.65886224,1,3,2,1,4,08:20,12,E09000020,3,315,6,30,0,-1,-1,0,0,0,1,1,1,0,0,1,1,E01002889,16-02-2018,1,1,2,1,23,5,3,0,0,1,0,-1,9,1
46,78.5168018,14.72059903,1,3,2,1,2,11:30,12,E09000020,6,0,6,30,0,-1,-1,0,0,0,1,1,1,0,0,1,1,E01002912,07-02-2018,1,1,1,1,29,6,3,0,0,0,0,-1,9,1
47,78.54244314,14.8042425,1,3,2,1,5,18:10,12,E09000020,3,4,6,30,3,4,3,3218,0,0,4,2,2,0,0,1,1,E01002821,10-02-2018,1,2,2,1,26,6,3,0,0,1,0,-1,9,1
48,78.48020864,14.70004009,1,3,1,1,7,11:33,12,E09000020,3,308,6,30,0,-1,-1,0,0,4,1,1,2,4,2,1,1,E01002912,12-02-2018,2,1,1,1,37,7,3,0,0,0,0,-1,1,1
49,78.63411999,14.65696462,1,3,2,2,1,20:05,12,E09000020,3,3220,6,30,6,4,6,0,0,0,4,1,1,0,0,1,1,E01002896,13-02-2018,1,1,1,1,50,8,3,0,0,0,0,-1,1,1
50,78.51191085,14.66926643,1,3,2,1,3,16:44,12,E09000020,6,0,6,30,6,4,6,0,0,0,4,2,2,0,0,1,1,E01002862,01-02-2018,1,1,1,1,45,7,3,0,0,0,0,-1,9,1
51,78.51845236,14.7951293,1,3,2,1,5,18:00,12,E09000020,3,4206,6,30,9,4,4,415,0,1,4,2,2,0,0,1,2,E01002884,17-02-2018,1,1,1,1,28,6,3,0,0,0,0,-1,3,-1
52,78.63335076,14.71925762,1,3,1,1,6,10:15,12,E09000020,3,3216,6,30,0,-1,-1,0,0,1,1,1,1,0,0,1,1,E01002859,04-02-2018,1,1,3,1,26,6,3,4,1,0,0,-1,0,1
53,78.63917889,14.79691544,1,2,1,1,3,18:15,12,E09000020,4,450,6,30,0,-1,-1,0,0,1,4,1,1,0,0,1,1,E01002905,15-02-2018,1,1,1,1,39,7,3,0,0,0,0,-1,5,1
54,78.55732153,14.75235597,1,3,2,1,4,10:35,12,E09000020,3,3220,6,30,6,2,3,3217,0,0,1,1,1,0,0,1,1,E01002913,16-02-2018,1,1,3,1,38,7,3,4,3,0,0,-1,0,1
55,78.5178633,14.72475233,1,3,1,1,6,17:36,12,E09000020,4,412,6,30,6,2,6,0,0,5,4,2,2,0,0,1,1,E01002831,18-02-2018,1,1,1,1,42,7,3,0,0,0,0,-1,8,1
56,78.56840811,14.71223295,1,3,1,1,3,16:05,12,E09000020,6,0,6,30,3,4,3,315,0,0,1,1,1,0,0,1,1,E01002889,15-02-2018,1,1,1,1,28,6,3,0,0,0,0,-1,5,1
57,78.48648092,14.7668848,1,3,1,1,5,13:56,12,E09000020,5,0,6,30,3,4,5,0,0,1,1,2,2,0,0,1,1,E01002892,10-02-2018,1,1,1,2,26,6,3,0,0,0,0,-1,9,1
58,78.5896443,14.74396476,1,3,2,1,4,14:10,12,E09000020,4,450,6,30,6,4,6,0,0,0,1,1,1,0,0,1,1,E01002878,16-02-2018,1,1,1,2,65,9,3,0,0,0,0,-1,1,-1
59,78.56578701,14.74663423,1,3,2,1,2,10:10,12,E09000020,6,0,1,30,2,4,6,0,0,0,1,1,1,0,0,1,3,E01002813,21-02-2018,1,1,2,2,74,10,3,0,0,0,2,-1,11,1
60,78.59949243,14.79266069,1,3,1,1,1,14:50,12,E09000020,6,0,6,30,3,4,6,0,0,0,1,2,2,0,0,1,1,E01002871,20-02-2018,1,1,1,1,19,4,3,0,0,0,0,-1,9,1
61,78.5428864,14.74747202,1,3,3,1,3,14:43,12,E09000020,3,3220,3,30,0,-1,-1,0,0,0,1,1,2,0,0,1,1,E01002840,22-02-2018,2,2,1,1,22,5,3,0,0,0,0,-1,9,1
62,78.51649786,14.71827284,1,3,2,2,2,17:20,12,E09000020,3,3220,6,30,3,4,6,0,0,4,4,1,1,0,0,1,1,E01002848,21-02-2018,1,1,2,2,52,8,3,0,0,1,0,-1,9,3
63,78.58783427,14.79753447,1,3,2,1,1,12:40,12,E09000020,3,3220,2,30,0,-1,-1,0,0,5,1,1,1,0,0,1,1,E01002814,20-02-2018,1,1,1,1,-1,-1,3,0,0,0,0,-1,1,1
64,78.50462661,14.74186473,1,3,1,2,1,13:55,1,E09000033,3,315,6,30,0,-1,-1,0,0,4,1,1,1,0,0,1,1,E01004689,20-02-2018,1,1,2,2,86,11,3,0,0,0,1,-1,11,-1
65,78.50372105,14.67450274,1,3,2,2,7,22:25,12,E09000020,3,308,6,30,0,-1,-1,0,0,0,4,1,1,0,0,1,1,E01002821,26-02-2018,1,1,3,1,-1,-1,2,4,1,0,0,-1,0,-1
66,78.53697377,14.72235024,1,3,4,1,2,18:14,12,E09000020,5,0,6,30,6,4,6,0,0,0,4,1,2,0,0,1,1,E01002836,28-02-2018,2,1,1,2,36,7,3,0,0,0,0,-1,1,1
67,78.60142027,14.6920907,1,3,2,1,5,16:30,12,E09000020,3,3217,6,30,6,2,3,3220,0,5,1,1,2,0,0,1,1,E01002913,24-02-2018,1,1,3,1,38,7,3,4,1,0,0,-1,0,-1
68,78.51914542,14.65809725,1,3,1,1,3,19:00,12,E09000020,5,0,6,30,3,4,6,0,0,0,4,2,2,0,0,1,1,E01002910,01-03-2018,1,1,3,1,40,7,3,5,1,0,0,-1,0,1
69,78.51682898,14.7622116,1,3,1,1,4,17:13,12,E09000020,6,0,6,30,0,-1,-1,0,0,4,4,1,1,0,0,1,1,E01002883,23-02-2018,1,1,3,2,19,4,3,10,9,0,0,-1,0,1
70,78.5874902,14.65829601,1,3,2,1,7,17:00,12,E09000020,3,4,6,30,6,4,5,0,0,5,4,2,2,0,0,1,1,E01002887,26-02-2018,1,1,1,1,14,3,3,0,0,0,0,-1,1,-1
71,78.63977968,14.75147928,1,3,2,1,5,09:15,12,E09000020,3,3212,3,30,3,2,5,0,0,0,1,3,2,0,0,1,1,E01002844,24-02-2018,1,1,1,1,41,7,3,0,0,0,0,-1,9,1
72,78.49362006,14.70929212,1,3,1,1,6,00:11,12,E09000020,3,308,6,30,6,4,5,0,0,5,4,2,2,0,0,1,1,E01002911,25-02-2018,1,1,3,2,6,2,3,5,3,0,0,-1,0,1
73,78.50978723,14.70005993,1,3,3,1,4,19:00,12,E09000020,3,402,2,30,3,4,3,4204,0,5,4,1,1,0,0,1,1,E01002827,23-02-2018,1,1,1,1,43,7,3,0,0,0,0,-1,5,-1
74,78.59567646,14.78371437,1,3,1,1,7,01:48,12,E09000020,3,3220,2,30,3,4,6,0,0,0,4,8,2,0,0,1,1,E01002851,26-02-2018,1,1,1,1,24,5,3,0,0,0,0,-1,9,1
75,78.54136949,14.79076767,1,3,1,1,4,07:58,12,E09000020,6,0,6,30,0,-1,-1,0,0,0,1,3,3,0,0,1,1,E01002867,23-02-2018,2,2,1,1,-1,-1,3,0,0,0,0,-1,9,1
76,78.57581983,14.76767886,1,3,1,1,6,14:55,12,E09000020,4,304,6,30,7,2,5,0,0,5,1,1,2,0,0,1,1,E01002822,25-02-2018,2,1,1,2,59,9,3,0,0,0,0,-1,1,1
77,78.50021904,14.69646545,1,3,2,1,6,08:22,12,E09000020,3,3217,6,30,3,4,6,0,0,1,1,3,2,0,0,1,1,E01002861,25-02-2018,1,1,1,1,19,4,3,0,0,0,0,-1,3,1
78,78.60265286,14.67691971,1,3,1,1,6,04:38,12,E09000020,3,4,3,30,3,4,6,0,0,5,4,3,2,0,0,1,1,E01002835,25-02-2018,1,2,3,2,26,6,3,4,3,0,0,-1,0,1
79,78.50214131,14.75677954,1,3,1,1,6,13:20,1,E09000033,3,4206,6,30,7,2,5,0,0,5,1,2,2,0,0,1,1,E01004653,04-03-2018,1,1,1,1,29,6,3,0,0,0,0,-1,9,1
80,78.4917798,14.66685741,1,3,2,1,3,00:30,12,E09000020,3,308,6,30,6,2,5,0,0,0,4,1,2,0,0,1,1,E01002821,01-03-2018,2,2,1,1,29,6,3,0,0,0,0,-1,9,1
81,78.601506,14.79209554,1,3,2,1,2,19:30,1,E09000033,3,315,6,30,3,4,5,0,0,5,4,3,2,0,0,1,1,E01002891,28-02-2018,2,1,2,2,20,4,3,0,0,2,0,-1,9,-1
82,78.53344659,14.79572839,1,3,2,1,3,12:03,12,E09000020,3,304,6,30,8,4,6,0,0,0,1,2,2,0,0,1,1,E01002912,01-03-2018,2,1,1,1,29,6,3,0,0,0,0,-1,3,1
83,78.48455418,14.70195026,1,3,2,1,2,23:03,12,E09000020,3,3220,6,30,6,2,3,3220,0,0,4,1,1,0,0,1,1,E01002840,14-02-2018,1,1,3,1,58,9,3,5,1,0,0,-1,0,-1
84,78.61444643,14.65835189,1,3,2,1,4,22:19,12,E09000020,3,3220,6,30,3,4,6,0,0,0,4,2,2,0,0,1,1,E01002840,02-02-2018,1,1,3,2,39,7,3,4,3,0,0,-1,0,1
85,78.63919316,14.78135494,1,3,2,1,5,14:30,12,E09000020,3,308,6,30,3,4,6,0,0,0,1,1,1,0,0,1,1,E01002912,03-03-2018,1,1,1,1,39,7,3,0,0,0,0,-1,3,-1
86,78.58129086,14.78138849,1,2,2,1,3,19:15,12,E09000020,3,315,6,30,0,-1,-1,0,0,0,4,2,2,0,0,1,2,E01002814,01-03-2018,1,1,1,2,36,7,3,0,0,0,0,-1,3,1
87,78.61902632,14.66241545,1,3,2,1,3,18:31,12,E09000020,3,315,6,30,3,4,6,0,0,4,4,2,2,0,0,1,1,E01002814,01-03-2018,1,1,3,2,28,6,3,4,3,0,0,-1,0,1
88,78.59075788,14.67088489,1,3,2,4,7,02:58,12,E09000020,3,308,3,30,3,2,3,4,0,5,4,1,1,0,0,1,1,E01002821,05-03-2018,3,1,1,1,26,6,3,0,0,0,0,-1,1,1
89,78.56631994,14.76510556,1,3,1,1,3,10:40,12,E09000020,6,0,6,30,3,4,3,308,0,0,1,1,1,0,0,1,1,E01002822,01-03-2018,1,1,3,1,21,5,3,5,3,0,0,-1,0,1
90,78.52627463,14.74048644,1,3,1,1,3,23:40,12,E09000020,4,412,6,30,6,2,6,0,0,0,4,1,1,0,0,1,1,E01002831,08-03-2018,1,1,3,2,61,9,3,5,1,0,0,-1,0,1
91,78.63780456,14.78069749,1,3,1,1,5,21:07,12,E09000020,6,0,1,30,2,4,6,0,0,0,4,1,2,0,0,1,1,E01002833,03-03-2018,1,1,3,1,75,10,3,1,1,0,0,-1,0,1
92,78.60107905,14.67955824,1,2,2,1,7,18:40,12,E09000020,4,415,6,30,3,4,6,0,0,0,4,2,2,0,0,1,1,E01002882,05-03-2018,2,1,1,1,29,6,3,0,0,0,0,-1,1,1
93,78.59274347,14.76252813,1,3,1,1,7,16:55,12,E09000020,3,4,3,30,0,-1,-1,0,0,0,4,1,1,0,0,1,1,E01002814,05-03-2018,1,1,3,1,25,5,3,7,8,0,0,-1,0,-1
94,78.56313479,14.67937043,1,3,1,1,3,13:36,12,E09000020,3,3217,6,30,3,4,6,0,0,0,1,1,1,0,0,1,1,E01002840,08-03-2018,1,1,2,2,35,6,3,0,0,0,3,-1,11,-1
95,78.60856414,14.74191231,1,3,2,1,1,01:05,12,E09000020,3,402,6,30,6,2,3,4204,0,0,4,1,1,0,0,1,1,E01002827,06-03-2018,2,1,1,1,54,8,3,0,0,0,0,-1,1,-1
96,78.59335206,14.70903447,1,3,2,1,3,12:20,12,E09000020,4,450,6,30,6,4,6,0,0,0,1,1,1,0,0,1,1,E01002874,08-03-2018,1,1,1,1,45,7,3,0,0,0,0,-1,9,1
97,78.4715623,14.65677436,1,3,2,1,3,08:56,12,E09000020,3,3220,6,30,6,2,5,0,0,5,1,1,1,0,0,1,1,E01002869,08-03-2018,2,1,1,1,26,6,3,0,0,0,0,-1,3,1
98,78.47488499,14.66076976,1,3,3,1,4,16:55,12,E09000020,3,3220,6,30,6,2,3,308,0,5,1,1,1,2,0,1,1,E01002912,09-03-2018,2,1,1,1,24,5,3,0,0,0,0,-1,5,1
99,78.63945235,14.71711614,1,3,3,2,4,15:35,12,E09000020,3,4204,6,30,3,4,6,0,0,1,1,1,1,0,0,1,1,E01002827,09-03-2018,1,1,1,2,35,6,3,0,0,0,0,-1,2,-1
100,78.63908275,14.78005852,1,3,1,1,2,17:35,12,E09000020,3,3218,6,30,0,-1,-1,0,0,0,1,1,2,0,0,1,1,E01001883,14-03-2018,2,1,1,1,52,8,3,0,0,0,0,-1,1,1
101,78.57058917,14.67090569,1,3,1,1,5,09:15,12,E09000020,4,450,6,30,0,-1,-1,0,0,4,1,1,1,0,0,1,1,E01002831,17-03-2018,1,1,1,1,31,6,2,0,0,0,0,-1,2,1
102,78.46344518,14.74883981,1,3,2,1,1,00:15,12,E09000020,4,450,6,30,6,4,6,0,0,0,4,1,1,0,0,1,3,E01002879,13-03-2018,2,1,1,2,26,6,3,0,0,0,0,-1,1,1
103,78.47847421,14.73100256,1,3,2,1,3,13:02,12,E09000020,5,0,6,30,0,-1,-1,0,0,0,1,1,1,0,0,1,1,E01002905,15-03-2018,1,1,1,1,29,6,3,0,0,0,0,-1,9,1
104,78.53747456,14.71947132,1,3,2,1,2,20:00,12,E09000020,3,308,6,30,6,2,5,0,0,5,4,1,1,0,0,1,1,E01002911,14-03-2018,1,2,2,1,28,6,3,0,0,1,0,-1,9,1
105,78.62941011,14.78927976,1,3,2,1,3,15:31,12,E09000020,3,304,6,30,3,4,6,0,0,0,1,1,1,0,0,1,1,E01002913,15-03-2018,2,3,1,2,23,5,3,0,0,0,0,-1,9,1
106,78.62081325,14.75982788,1,2,2,1,3,09:40,12,E09000020,3,315,3,30,6,2,3,3220,0,5,1,1,1,0,0,1,1,E01002867,15-03-2018,2,4,2,1,31,6,3,0,0,1,0,-1,9,1
107,78.5261796,14.77397946,1,2,2,1,4,09:13,12,E09000020,3,402,2,30,3,2,5,0,0,5,1,1,1,0,0,1,1,E01002873,09-03-2018,1,1,3,1,54,8,3,5,2,0,0,-1,0,1
108,78.56387498,14.72388961,1,3,1,2,6,14:41,12,E09000020,3,4,3,30,3,4,6,0,0,1,1,1,1,0,0,1,1,E01002819,18-03-2018,1,1,3,2,27,6,3,5,1,0,0,-1,0,-1
109,78.62644835,14.68705541,1,3,2,1,4,08:17,12,E09000020,3,402,6,30,3,4,6,0,0,0,1,1,1,0,0,1,1,E01002883,09-03-2018,1,1,1,1,35,6,3,0,0,0,0,-1,2,-1
110,78.63897516,14.72694687,1,3,3,2,5,11:07,12,E09000020,5,0,6,30,0,-1,-1,0,0,0,1,1,1,0,0,1,1,E01002832,17-03-2018,2,1,1,1,74,10,2,0,0,0,0,-1,1,1
111,78.52491295,14.79386514,1,3,2,1,5,20:55,12,E09000020,3,3220,3,30,3,4,6,0,0,1,4,1,1,0,0,1,1,E01002840,17-03-2018,1,1,1,1,36,7,3,0,0,0,0,-1,9,-1
112,78.63284938,14.73825519,1,3,1,1,5,23:30,12,E09000020,3,3220,6,30,6,2,3,3217,0,5,4,1,1,0,0,1,1,E01002843,17-03-2018,1,1,2,1,46,8,3,0,0,0,2,-1,11,1
113,78.46561537,14.66612627,1,3,1,1,1,20:45,12,E09000020,4,450,6,30,3,4,6,0,0,0,4,1,1,0,0,1,1,E01002874,13-03-2018,1,1,1,1,29,6,3,0,0,0,0,-1,1,1
114,78.57424101,14.68721774,1,2,2,1,4,20:20,12,E09000020,3,3220,6,30,0,-1,-1,0,0,0,4,1,1,0,0,1,1,E01002866,16-03-2018,1,1,1,2,38,7,3,0,0,0,0,-1,9,1
115,78.51496972,14.73016531,1,3,1,1,5,13:53,12,E09000020,3,315,6,30,3,4,6,0,0,0,1,1,1,0,0,1,1,E01002826,24-03-2018,2,1,1,1,34,6,3,0,0,0,0,-1,1,1
116,78.59715089,14.69456664,1,3,1,2,1,14:31,12,E09000020,5,0,6,30,6,4,6,0,0,0,1,1,1,0,0,1,1,E01002858,20-03-2018,1,1,1,1,38,7,3,0,0,0,0,-1,5,1
117,78.59656167,14.74556922,1,3,1,1,2,09:22,12,E09000020,3,3217,6,30,3,4,6,0,0,1,1,1,1,0,0,1,1,E01002903,21-03-2018,2,1,1,1,34,6,3,0,0,0,0,-1,9,1
118,78.62947418,14.66045209,1,3,1,1,6,18:03,12,E09000020,3,3220,2,30,0,-1,-1,0,0,1,4,1,1,0,0,1,1,E01002850,18-03-2018,3,2,1,2,37,7,3,0,0,0,0,-1,9,1
119,78.46851877,14.71027655,1,3,1,1,1,13:45,12,E09000020,3,3217,6,30,3,4,6,0,0,0,1,1,1,0,0,1,1,E01002902,20-03-2018,1,1,1,2,21,5,3,0,0,0,0,-1,4,-1
120,78.57672392,14.77471619,1,3,2,1,4,15:45,12,E09000020,6,0,6,30,9,4,6,0,0,0,1,1,1,0,0,1,1,E01002890,23-03-2018,1,1,3,2,26,6,3,4,1,0,0,-1,0,1
121,78.63055429,14.80468822,1,3,2,1,5,08:17,12,E09000020,3,3217,6,30,3,4,6,0,0,1,1,1,1,0,0,1,1,E01002859,24-02-2018,1,1,1,1,40,7,3,0,0,0,0,-1,1,1
122,78.57629322,14.70767864,1,3,2,1,4,23:17,12,E09000020,5,0,6,30,3,4,6,0,0,0,4,1,1,0,0,1,1,E01002852,23-03-2018,1,1,1,1,32,6,3,0,0,0,0,-1,5,1
123,78.50329991,14.79490273,1,3,2,1,5,19:20,12,E09000020,4,412,6,30,6,2,6,0,0,5,4,1,1,0,0,1,1,E01002831,24-03-2018,1,1,1,1,40,7,3,0,0,0,0,-1,9,1