Accident_Index,longitude,latitude,Police_Force,Accident_Severity,Number_of_Vehicles,Number_of_Casualties,Day_of_Week,Time,Local_Authority_(District),Local_Authority_(Highway),1st_Road_Class,1st_Road_Number,Road_Type,Speed_limit,Junction_Detail,Junction_Control,2nd_Road_Class,2nd_Road_Number,Pedestrian_Crossing-Human_Control,Pedestrian_Crossing-Physical_Facilities,Light_Conditions,Weather_Conditions,Road_Surface_Conditions,Special_Conditions_at_Site,Carriageway_Hazards,Urban_or_Rural_Area,Did_Police_Officer_Attend_Scene_of_Accident,LSOA_of_Accident_Location,Date,Vehicle_Reference,Casualty_Reference,Casualty_Class,Sex_of_Casualty,Age_of_Casualty,Age_Band_of_Casualty,Casualty_Severity,Pedestrian_Location,Pedestrian_Movement,Car_Passenger,Bus_or_Coach_Passenger,Pedestrian_Road_Maintenance_Worker,Casualty_Type,Casualty_Home_Area_Type
247,78.53690866,14.66367782,1,3,1,1,1,17:20,12,E09000020,3,3216,6,30,0,-1,-1,0,0,0,1,1,1,0,0,1,1,E01002818,29-05-2018,1,1,3,1,31,6,3,5,1,0,0,-1,0,-1
248,78.49967402,14.68530086,1,3,2,1,6,07:00,12,E09000020,3,4,6,30,3,2,5,0,0,5,1,1,1,0,0,1,1,E01002821,27-05-2018,2,1,1,1,28,6,3,0,0,0,0,-1,4,1
249,78.49973569,14.72369516,1,3,2,1,5,16:51,12,E09000020,5,0,6,30,3,4,6,0,0,0,1,1,1,0,0,1,1,E01002861,26-05-2018,1,1,1,1,36,7,3,0,0,0,0,-1,9,-1
250,78.48617375,14.80351026,1,3,2,1,4,16:45,12,E09000020,3,4,6,30,8,4,6,0,0,0,1,2,2,0,0,1,1,E01002821,01-06-2018,1,1,1,1,28,6,3,0,0,0,0,-1,1,1
251,78.5693854,14.71688689,1,3,2,1,5,16:57,12,E09000020,3,402,6,30,3,4,6,0,0,1,1,1,1,0,0,1,1,E01002883,02-06-2018,1,1,1,1,62,9,3,0,0,0,0,-1,8,1
252,78.5114404,14.66381637,1,3,2,2,7,13:19,12,E09000020,3,402,6,30,3,4,6,0,0,0,1,1,1,0,0,1,1,E01002868,28-05-2018,2,1,1,1,21,5,3,0,0,0,0,-1,1,1
253,78.63823895,14.70077042,1,3,1,1,4,12:30,12,E09000020,3,3217,6,30,3,4,3,3217,0,0,1,1,1,0,0,1,2,E01002902,25-05-2018,2,1,1,1,-1,-1,3,0,0,0,0,-1,3,1
254,78.62302656,14.77154227,1,3,2,1,3,11:00,12,E09000020,5,0,6,30,3,4,6,0,0,0,1,1,1,0,0,1,2,E01002859,07-06-2018,1,1,1,2,24,5,3,0,0,0,0,-1,9,1
255,78.57208692,14.68758605,1,3,2,2,5,08:50,12,E09000020,3,3220,6,30,6,2,3,3217,0,5,1,1,1,0,0,1,2,E01002845,02-06-2018,1,1,1,1,48,8,2,0,0,0,0,-1,5,1
256,78.51878533,14.79802942,1,3,2,1,6,07:50,12,E09000020,3,304,6,30,3,4,6,0,0,1,1,1,1,0,0,1,1,E01002912,03-06-2018,1,1,3,1,49,8,3,5,1,0,0,-1,0,-1
257,78.50909015,14.78240267,1,3,2,1,4,08:36,12,E09000020,3,3217,6,30,3,4,5,0,0,0,1,1,1,0,0,1,1,E01002902,25-05-2018,1,1,1,1,47,8,3,0,0,0,0,-1,9,1
258,78.54811166,14.75619763,1,3,2,1,5,09:02,12,E09000020,3,304,6,30,3,4,6,0,0,0,1,1,1,0,0,1,1,E01002912,26-05-2018,2,1,1,1,25,5,3,0,0,0,0,-1,1,1
259,78.58016673,14.70005358,1,3,2,1,2,12:30,12,E09000020,3,4,3,30,0,-1,-1,0,0,0,1,1,1,0,0,1,1,E01004689,06-06-2018,1,1,1,1,25,5,3,0,0,0,0,-1,5,1
260,78.57654882,14.68743235,1,3,2,1,2,18:00,12,E09000020,5,0,6,30,6,2,3,4,0,5,1,1,1,0,0,1,1,E01002821,30-05-2018,1,1,1,1,45,7,3,0,0,0,0,-1,5,1
261,78.62258541,14.71756967,1,2,2,1,5,15:47,12,E09000020,3,4,3,30,3,4,6,0,0,0,1,1,1,0,0,1,1,E01002819,09-06-2018,2,1,1,1,30,6,3,0,0,0,0,-1,1,1
262,78.54134847,14.76949621,1,3,2,1,3,21:50,12,E09000020,4,450,6,30,6,4,4,412,0,0,4,1,1,0,0,1,1,E01002878,07-06-2018,1,1,3,2,54,8,2,6,9,0,0,-1,0,1
263,78.50675512,14.79231236,1,3,1,1,4,12:30,12,E09000020,3,315,6,30,0,-1,-1,0,0,0,1,1,1,0,0,1,1,E01002825,08-06-2018,2,1,1,1,24,5,3,0,0,0,0,-1,1,1
264,78.47561149,14.67744995,1,3,3,1,5,10:45,12,E09000020,3,308,3,30,3,2,5,0,0,0,1,1,1,0,0,1,1,E01002821,09-06-2018,1,1,2,2,36,7,3,0,0,2,0,-1,8,-1
265,78.46669406,14.66280003,1,3,2,1,4,23:19,12,E09000020,3,315,3,30,0,-1,-1,0,0,0,4,1,1,0,0,1,1,E01002817,08-06-2018,1,1,1,1,37,7,3,0,0,0,0,-1,9,1
266,78.50632146,14.71686804,1,3,2,2,4,18:22,12,E09000020,3,3220,2,30,0,-1,-1,0,0,0,1,1,1,0,0,1,1,E01002896,08-06-2018,1,1,1,2,32,6,3,0,0,0,0,-1,9,1
267,78.49209238,14.68786293,1,2,2,1,4,11:30,12,E09000020,3,3220,6,30,3,2,3,3217,0,0,1,1,1,0,0,1,1,E01002913,25-05-2018,2,1,1,1,21,5,3,0,0,0,0,-1,3,1
268,78.6282314,14.78187849,1,3,1,1,6,18:00,12,E09000020,4,304,6,30,3,4,6,0,0,0,1,1,1,0,0,1,1,E01002844,10-06-2018,2,1,1,2,46,8,3,0,0,0,0,-1,1,-1
269,78.62495166,14.7360332,1,3,2,1,4,18:50,12,E09000020,3,4,6,30,0,-1,-1,0,0,4,1,1,1,0,0,1,1,E01002821,15-06-2018,1,1,3,1,80,11,3,5,3,0,0,-1,0,1
270,78.63325003,14.66206471,1,3,2,1,7,20:50,12,E09000020,3,3220,6,30,0,-1,-1,0,0,1,1,1,1,0,0,1,1,E01002841,04-06-2018,1,1,1,1,55,8,3,0,0,0,0,-1,3,-1
271,78.49548664,14.78413513,1,2,1,1,5,23:26,12,E09000020,4,450,6,30,0,-1,-1,0,0,0,4,1,1,0,0,1,1,E01002831,02-06-2018,1,1,2,2,88,11,3,0,0,0,2,-1,11,-1
272,78.51916272,14.80101683,1,2,2,1,6,18:36,12,E09000020,4,302,6,30,0,-1,-1,0,0,0,1,2,2,0,0,1,1,E01002902,03-06-2018,2,1,1,1,39,7,3,0,0,0,0,-1,5,1
273,78.61271387,14.78976302,1,2,2,1,5,08:45,12,E09000020,3,3220,6,30,0,-1,-1,0,0,0,1,1,1,0,0,1,2,E01002840,09-06-2018,2,1,1,1,33,6,3,0,0,0,0,-1,3,1
274,78.59020358,14.72741553,1,2,2,1,2,18:40,12,E09000020,4,304,6,30,0,-1,-1,0,0,0,1,1,1,0,0,1,1,E01002844,06-06-2018,1,1,1,1,32,6,3,0,0,0,0,-1,5,1
275,78.55210481,14.69242758,1,3,1,1,5,22:10,12,E09000020,4,450,6,30,6,4,6,0,0,0,4,1,1,0,0,1,1,E01002878,19-05-2018,1,1,1,1,35,6,3,0,0,0,0,-1,3,-1
276,78.48009176,14.78662026,1,3,2,1,4,08:00,12,E09000020,6,0,6,30,6,4,6,0,0,0,1,1,1,0,0,1,2,E01002875,15-06-2018,2,1,2,2,31,6,3,0,0,0,3,-1,11,-1
277,78.51214606,14.69029968,1,3,2,1,6,12:00,12,E09000020,5,0,6,30,0,-1,-1,0,0,0,1,1,1,0,0,1,1,E01002814,10-06-2018,2,2,2,1,4,1,3,0,0,0,3,-1,11,-1
278,78.57737336,14.77971545,1,3,2,1,2,04:22,12,E09000020,4,450,6,30,3,4,5,0,0,1,4,1,1,0,0,1,1,E01002905,06-06-2018,1,1,3,2,20,4,3,5,1,0,0,-1,0,1
279,78.47616014,14.73265712,1,3,2,1,6,13:45,12,E09000020,3,4,6,30,6,2,4,325,0,5,1,1,1,0,0,1,1,E01002835,10-06-2018,1,1,1,1,24,5,3,0,0,0,0,-1,1,1
280,78.49170806,14.67588605,1,3,2,1,4,22:35,12,E09000020,5,0,6,30,6,2,6,0,0,0,4,1,1,0,0,1,2,E01002895,11-05-2018,1,1,1,1,29,6,3,0,0,0,0,-1,3,1
281,78.47974987,14.73120154,1,3,1,1,7,10:47,12,E09000020,3,4,3,30,3,4,3,4,0,4,1,1,1,0,0,1,1,E01002819,11-06-2018,2,2,1,1,-1,-1,3,0,0,0,0,-1,1,-1
282,78.55747894,14.76903097,1,3,2,1,2,21:15,12,E09000020,3,4,3,30,0,-1,-1,0,0,5,4,1,1,0,0,1,1,E01002814,13-06-2018,1,1,1,1,24,5,3,0,0,0,0,-1,3,1
283,78.60541356,14.69379498,1,3,1,1,4,16:00,12,E09000020,6,0,6,30,3,4,6,0,0,4,1,1,1,0,0,1,1,E01002877,15-06-2018,2,1,1,1,26,6,3,0,0,0,0,-1,1,1
284,78.50441471,14.72828575,1,3,2,1,6,18:33,11,E09000013,4,412,6,30,3,4,4,412,0,0,1,2,2,0,0,1,1,E01002876,03-06-2018,2,1,1,1,36,7,3,0,0,0,0,-1,3,1
285,78.63643436,14.7068718,1,3,2,1,3,19:40,12,E09000020,3,3220,6,30,3,4,6,0,0,0,1,1,1,0,0,1,1,E01002840,14-06-2018,2,1,1,1,39,7,3,0,0,0,0,-1,5,1
286,78.53629181,14.71105868,1,3,2,1,5,15:45,11,E09000013,3,3220,1,30,1,4,3,40,0,0,1,2,2,0,0,1,1,E01002877,16-06-2018,1,1,1,1,34,6,3,0,0,0,0,-1,9,1
287,78.57744448,14.66574332,1,3,2,2,4,19:48,12,E09000020,3,315,3,30,8,4,6,0,0,0,1,1,1,0,0,1,1,E01002889,15-06-2018,1,1,1,1,21,5,2,0,0,0,0,-1,1,1
288,78.51809195,14.68098776,1,3,1,1,4,10:10,12,E09000020,3,4,6,30,3,2,4,319,0,0,1,2,2,0,0,1,1,E01002819,15-06-2018,2,1,1,1,26,6,3,0,0,0,0,-1,9,1
289,78.63146863,14.7590843,1,3,2,1,4,16:20,12,E09000020,5,0,6,30,6,2,4,319,0,5,1,1,1,0,0,1,2,E01002818,15-06-2018,1,1,2,2,79,11,3,0,0,0,3,-1,11,1
290,78.52981934,14.76660078,1,3,3,1,2,09:10,12,E09000020,4,304,6,30,6,4,6,0,0,0,1,1,1,0,0,1,2,E01002914,20-06-2018,1,1,1,1,34,6,3,0,0,0,0,-1,2,1
291,78.48806092,14.79040413,1,3,2,1,4,10:30,1,E09000033,3,315,3,30,7,2,3,4,0,0,1,2,2,0,0,1,1,E01004689,15-06-2018,2,1,1,1,42,7,3,0,0,0,0,-1,1,-1
292,78.47544959,14.7335497,1,3,3,1,2,12:13,12,E09000020,3,3220,6,30,3,4,6,0,0,0,1,1,1,0,0,1,1,E01002840,20-06-2018,1,1,2,2,79,11,3,0,0,0,2,-1,11,1
293,78.51424446,14.76544574,1,2,2,1,7,15:52,11,E09000013,3,3220,1,30,1,2,3,402,0,0,1,1,1,0,0,1,1,E01002873,11-06-2018,2,2,1,2,54,8,3,0,0,0,0,-1,1,1
294,78.63263448,14.68221368,1,3,2,1,2,18:00,12,E09000020,4,304,6,30,3,2,3,3217,0,0,1,1,1,0,0,1,2,E01002914,20-06-2018,1,1,1,2,23,5,2,0,0,0,0,-1,1,1
295,78.58434051,14.78476528,1,3,3,1,2,16:50,12,E09000020,3,3220,6,30,3,2,6,0,0,0,1,1,1,0,0,1,2,E01002841,20-06-2018,1,1,3,2,82,11,3,5,2,0,0,-1,0,1
296,78.56507233,14.72774735,1,2,2,1,5,23:46,12,E09000020,3,3218,2,30,3,2,3,3218,0,0,4,1,1,0,0,1,1,E01002898,16-06-2018,2,1,1,1,52,8,3,0,0,0,0,-1,5,1
297,78.60023333,14.69295855,1,3,2,1,5,16:20,11,E09000013,3,40,2,50,1,4,3,3220,0,0,1,2,2,0,0,1,1,E01002877,16-06-2018,2,1,1,2,27,6,3,0,0,0,0,-1,9,1
298,78.50713514,14.66838776,1,3,3,2,5,08:58,12,E09000020,5,0,6,30,6,4,5,0,0,1,1,1,1,0,0,1,1,E01002886,16-06-2018,1,1,2,2,53,8,2,0,0,0,2,-1,11,-1
299,78.52376459,14.78478488,1,3,1,1,3,14:30,12,E09000020,3,3220,2,30,0,-1,-1,0,0,0,1,1,1,0,0,1,1,E01002814,21-06-2018,2,1,1,1,50,8,2,0,0,0,0,-1,3,1
300,78.63783856,14.75145227,1,3,1,1,3,15:37,12,E09000020,6,0,6,30,0,-1,-1,0,0,1,1,1,1,0,0,1,1,E01002870,21-06-2018,2,1,2,2,-1,-1,2,0,0,0,0,-1,3,-1
301,78.59327332,14.70024915,1,3,2,1,5,13:20,12,E09000020,4,450,6,30,6,4,5,0,0,0,1,2,2,0,0,1,1,E01002875,16-06-2018,1,1,1,1,32,6,2,0,0,0,0,-1,1,1
302,78.60970802,14.69571563,1,3,2,1,2,10:34,12,E09000020,4,415,6,30,3,4,6,0,0,1,1,2,2,0,0,1,1,E01002883,20-06-2018,1,1,3,1,24,5,3,5,1,0,0,-1,0,1
303,78.51079953,14.75427531,1,3,1,1,2,10:42,12,E09000020,5,0,2,30,6,4,6,0,0,4,1,1,1,0,0,1,1,E01002908,20-06-2018,1,1,1,1,39,7,3,0,0,0,0,-1,1,1
304,78.48965821,14.72656662,1,3,1,1,2,11:05,12,E09000020,3,315,3,30,3,4,6,0,0,0,1,1,1,0,0,1,1,E01002817,20-06-2018,1,1,1,1,27,6,3,0,0,0,0,-1,2,1
305,78.46936852,14.66938889,1,3,2,1,6,01:43,12,E09000020,5,0,6,30,0,-1,-1,0,0,0,4,1,1,0,0,1,2,E01002831,01-07-2018,1,1,3,1,23,5,3,6,9,0,0,-1,0,1
306,78.55689639,14.78242374,1,3,2,1,6,09:55,12,E09000020,3,4,3,30,0,-1,-1,0,0,0,1,1,1,0,0,1,1,E01002814,24-06-2018,2,1,1,1,63,9,3,0,0,0,0,-1,5,1
307,78.60087333,14.78340726,1,3,2,1,5,10:00,1,E09000033,3,4,6,30,3,4,6,0,0,0,1,2,2,0,0,1,1,E01004689,30-06-2018,1,1,1,1,19,4,3,0,0,0,0,-1,3,1
308,78.55490165,14.72840825,1,3,2,1,6,13:43,12,E09000020,4,415,6,30,0,-1,-1,0,0,0,1,1,1,0,0,1,1,E01002883,24-06-2018,1,1,3,1,19,4,3,4,1,0,0,-1,0,3
309,78.55771901,14.80221565,1,3,1,1,3,07:12,12,E09000020,3,4,6,30,3,4,6,0,0,0,1,1,1,0,0,1,1,E01002819,21-06-2018,2,1,1,1,34,6,3,0,0,0,0,-1,3,1
310,78.54161986,14.69705483,1,3,2,3,5,12:50,12,E09000020,3,402,6,30,3,4,6,0,0,0,1,1,1,0,0,1,1,E01002873,23-06-2018,1,1,3,1,6,2,3,1,1,0,0,-1,0,1
311,78.63439045,14.65839125,1,3,1,1,5,23:53,12,E09000020,3,4,3,30,6,2,3,3220,0,5,4,1,1,0,0,1,1,E01002851,23-06-2018,1,1,1,2,27,6,3,0,0,0,0,-1,9,1
312,78.4743251,14.77099798,1,3,2,1,3,19:30,12,E09000020,3,4,3,30,3,4,6,0,0,4,1,1,1,0,0,1,1,E01002819,28-06-2018,1,1,1,1,29,6,3,0,0,0,0,-1,5,1
313,78.6301266,14.72254784,1,3,2,2,4,15:35,12,E09000020,6,0,2,30,6,4,6,0,0,0,1,2,2,0,0,1,1,E01002831,29-06-2018,1,1,1,1,45,7,3,0,0,0,0,-1,9,1
314,78.47012294,14.70951832,1,3,1,1,4,07:05,12,E09000020,4,450,6,30,0,-1,-1,0,0,0,1,1,1,0,0,1,1,E01002852,29-06-2018,1,1,1,1,36,7,3,0,0,0,0,-1,9,1
315,78.62984631,14.77544846,1,2,2,2,4,11:30,12,E09000020,3,3217,6,30,3,4,5,0,0,1,1,1,1,0,0,1,2,E01002861,01-06-2018,2,2,1,1,37,7,3,0,0,0,0,-1,5,-1
316,78.5962481,14.66968795,1,3,2,1,5,11:50,12,E09000020,3,3220,6,30,8,4,6,0,0,0,1,1,1,0,0,1,1,E01002840,23-06-2018,1,1,3,1,26,6,3,5,3,0,0,-1,0,1
317,78.61894948,14.66778696,1,3,2,1,2,13:20,12,E09000020,3,3220,6,30,0,-1,-1,0,0,0,1,1,1,0,0,1,2,E01002843,20-06-2018,1,1,1,1,46,8,3,0,0,0,0,-1,8,1
318,78.5029841,14.7739841,1,3,2,1,2,07:40,12,E09000020,3,308,6,30,3,4,6,0,0,4,1,1,1,0,0,1,1,E01002912,04-07-2018,1,1,2,1,-1,-1,3,0,0,2,0,-1,9,-1
319,78.47169251,14.79088419,1,3,2,1,5,18:54,12,E09000020,3,315,6,30,3,4,6,0,0,0,1,1,1,0,0,1,1,E01002889,30-06-2018,1,1,1,2,62,9,3,0,0,0,0,-1,5,1
320,78.47963182,14.66667239,1,3,2,1,1,19:05,12,E09000020,5,0,6,30,6,4,6,0,0,0,1,1,1,0,0,1,1,E01002865,03-07-2018,3,1,1,1,57,9,3,0,0,0,0,-1,8,1
321,78.6090894,14.69521069,1,3,2,1,1,17:30,12,E09000020,3,308,6,30,3,2,5,0,0,0,1,1,1,0,0,1,1,E01002913,03-07-2018,1,1,1,1,47,8,2,0,0,0,0,-1,3,1
322,78.64246377,14.78980067,1,3,2,1,5,07:55,12,E09000020,3,4,6,30,0,-1,-1,0,0,0,1,2,2,0,0,1,1,E01002821,30-06-2018,1,1,1,1,30,6,3,0,0,0,0,-1,1,1
323,78.63300268,14.68292814,1,3,2,1,2,10:50,12,E09000020,4,450,6,30,3,4,5,0,0,0,1,1,1,0,0,1,2,E01002852,20-06-2018,1,1,1,2,38,7,3,0,0,0,0,-1,9,1
324,78.46977434,14.71538941,1,2,1,2,5,23:30,12,E09000020,3,3220,2,30,3,4,6,0,0,4,4,1,1,0,0,1,1,E01002893,30-06-2018,2,1,1,1,27,6,2,0,0,0,0,-1,1,-1
325,78.51827972,14.71925189,1,3,2,1,2,19:49,12,E09000020,3,315,6,30,3,4,6,0,0,4,1,1,1,0,0,1,1,E01002889,06-06-2018,2,1,1,2,53,8,3,0,0,0,0,-1,9,2
326,78.49127783,14.7749603,1,3,2,1,4,23:36,12,E09000020,3,402,6,30,7,2,3,4206,0,5,4,1,2,0,0,1,1,E01002884,29-06-2018,1,1,1,1,34,6,3,0,0,0,0,-1,9,1
327,78.55483725,14.75836431,1,3,2,1,3,18:30,12,E09000020,4,319,6,30,3,4,6,0,0,0,1,2,2,0,0,1,1,E01002863,05-07-2018,2,2,2,2,52,8,3,0,0,0,4,-1,11,1
328,78.50241736,14.7203547,1,3,2,1,5,15:45,12,E09000020,4,450,6,30,6,4,6,0,0,0,1,1,2,0,0,1,1,E01002874,30-06-2018,1,1,3,1,40,7,3,5,1,0,0,-1,0,1
329,78.62768177,14.76606565,1,3,1,1,5,02:00,12,E09000020,6,0,6,30,0,-1,-1,0,0,0,4,1,1,0,0,1,2,E01002872,07-07-2018,1,1,3,1,30,6,3,4,3,0,0,-1,0,1
330,78.62746924,14.66079676,1,3,1,1,5,17:50,12,E09000020,3,3220,6,30,6,2,5,0,0,5,1,1,1,0,0,1,1,E01002814,30-06-2018,1,1,1,2,31,6,3,0,0,0,0,-1,1,1
331,78.51025771,14.71864554,1,3,2,1,6,18:04,12,E09000020,6,0,6,20,3,4,3,304,0,1,1,2,2,0,0,1,1,E01002897,01-07-2018,1,1,1,2,21,5,3,0,0,0,0,-1,3,1
332,78.64165765,14.79135592,1,3,2,2,5,19:48,12,E09000020,3,3216,6,30,3,4,6,0,0,1,1,1,1,0,0,1,1,E01002818,14-07-2018,1,1,3,1,48,8,3,1,1,0,0,-1,0,1
333,78.49218747,14.75235812,1,2,2,1,6,13:01,12,E09000020,3,4,3,30,6,2,5,0,0,0,1,1,1,0,0,1,1,E01002835,08-07-2018,1,1,2,2,52,8,3,0,0,0,3,-1,11,1
334,78.5570065,14.7282784,1,3,2,1,7,07:00,12,E09000020,6,0,2,30,3,4,6,0,0,0,1,1,1,0,0,1,1,E01002856,09-07-2018,1,1,1,1,25,5,3,0,0,0,0,-1,9,1
335,78.52693467,14.75035534,1,3,2,1,2,23:15,12,E09000020,3,4,6,30,3,2,5,0,0,0,4,1,1,0,0,1,2,E01002821,11-07-2018,1,1,1,1,30,6,3,0,0,0,0,-1,2,1
336,78.60002982,14.72224332,1,3,2,1,7,18:05,12,E09000020,3,3216,6,30,0,-1,-1,0,0,0,1,1,1,0,0,1,1,E01002818,09-07-2018,2,1,2,1,2,1,3,0,0,2,0,-1,9,1
337,78.48493829,14.7683047,1,2,1,1,1,15:50,12,E09000020,3,3220,2,30,3,4,5,0,0,0,1,1,1,0,0,1,1,E01002840,10-07-2018,1,1,2,2,51,8,3,0,0,0,3,-1,11,1
338,78.54929233,14.78308418,1,3,3,1,4,17:30,12,E09000020,6,0,6,30,0,-1,-1,0,0,0,1,1,1,0,0,1,1,E01002902,13-07-2018,1,1,2,2,36,7,3,0,0,0,3,-1,11,1
339,78.48354668,14.76704076,1,3,2,1,3,13:10,12,E09000020,4,302,6,30,3,2,3,3212,0,5,1,1,1,0,0,1,1,E01002900,12-07-2018,1,3,2,2,-1,-1,3,0,0,0,3,-1,11,1
340,78.56883318,14.79190576,1,3,2,1,7,23:20,12,E09000020,5,0,2,30,3,4,5,0,0,0,4,1,1,0,0,1,1,E01002861,16-07-2018,2,1,1,1,26,6,3,0,0,0,0,-1,21,1
341,78.56607108,14.666249,1,3,2,1,7,15:18,12,E09000020,3,402,3,30,0,-1,-1,0,0,5,1,1,1,0,0,1,1,E01002827,16-07-2018,2,2,2,1,28,6,3,0,0,0,0,-1,21,1
342,78.6211453,14.80428889,1,3,3,1,5,14:20,12,E09000020,3,3217,6,30,3,4,6,0,0,0,1,1,1,0,0,1,1,E01002903,30-06-2018,1,1,3,2,26,6,3,1,3,0,0,-1,0,-1
343,78.61721504,14.68315458,1,3,2,1,5,14:00,12,E09000020,4,319,6,30,3,4,6,0,0,0,1,1,1,0,0,1,1,E01002863,30-06-2018,1,1,1,1,28,6,3,0,0,0,0,-1,5,1
344,78.5055848,14.72490501,1,2,2,1,6,09:43,12,E09000020,3,3217,6,30,6,2,3,3220,0,5,1,1,1,0,0,1,1,E01002913,08-07-2018,1,1,1,1,25,5,3,0,0,0,0,-1,3,1
345,78.61641686,14.66245571,1,3,2,1,7,16:04,12,E09000020,6,0,6,30,3,4,6,0,0,0,1,1,1,0,0,1,1,E01002860,16-07-2018,2,2,1,1,24,5,3,0,0,0,0,-1,1,1
346,78.5823083,14.79660932,1,3,2,1,5,16:25,12,E09000020,6,0,6,30,6,4,6,0,0,0,1,1,1,0,0,1,2,E01002862,30-06-2018,1,1,3,2,43,7,3,5,1,0,0,-1,0,1
347,78.46855776,14.71828871,1,3,2,1,3,09:09,12,E09000020,6,0,6,30,6,4,6,0,0,0,1,1,1,0,0,1,1,E01002880,05-07-2018,1,1,1,1,22,5,3,0,0,0,0,-1,9,1
348,78.61866175,14.69414695,1,3,1,2,7,16:50,12,E09000020,3,308,6,30,0,-1,-1,0,0,0,1,1,1,0,0,1,1,E01002843,25-06-2018,1,2,2,1,-1,-1,2,0,0,1,0,-1,9,1
349,78.54535858,14.6947375,1,2,2,1,6,18:50,1,E09000033,3,315,6,30,0,-1,-1,0,0,0,1,1,1,0,0,1,1,E01004692,17-06-2018,2,1,1,1,41,7,3,0,0,0,0,-1,1,1
350,78.54427878,14.66438323,1,3,1,2,5,21:00,12,E09000020,3,3212,6,30,0,-1,-1,0,0,0,4,2,2,0,0,1,1,E01002901,30-06-2018,1,1,2,1,81,11,3,0,0,0,4,-1,11,1
351,78.55636369,14.67643296,1,3,2,1,6,07:44,12,E09000020,3,3217,6,30,3,4,6,0,0,0,1,1,1,0,0,1,2,E01002843,08-07-2018,1,1,1,2,27,6,3,0,0,0,0,-1,9,1
352,78.48400842,14.67635323,1,3,1,1,4,17:45,12,E09000020,6,0,6,30,3,4,6,0,0,0,1,1,1,0,0,1,1,E01002903,06-07-2018,2,1,1,1,40,7,3,0,0,0,0,-1,1,1
353,78.53793668,14.7856484,1,3,2,1,6,19:45,12,E09000020,3,4,3,30,3,2,3,308,0,5,1,1,1,0,0,1,1,E01002819,08-07-2018,2,1,3,2,34,6,3,5,1,0,0,-1,0,1
354,78.6360229,14.71844504,1,3,2,1,5,00:40,12,E09000020,3,4,6,30,0,-1,-1,0,0,0,4,1,1,0,0,1,2,E01002821,14-07-2018,2,1,1,1,29,6,3,0,0,0,0,-1,9,1
355,78.47026242,14.68066512,1,3,2,1,6,10:15,12,E09000020,3,402,6,30,3,2,3,4206,0,5,1,1,1,0,0,1,1,E01002884,15-07-2018,2,1,1,1,31,6,3,0,0,0,0,-1,5,1
356,78.59842131,14.79765213,1,3,2,1,4,08:33,12,E09000020,3,3217,6,30,3,4,6,0,0,1,1,1,1,0,0,1,1,E01002859,13-07-2018,1,1,1,1,35,6,3,0,0,0,0,-1,1,1
357,78.64251428,14.76959149,1,2,2,1,5,17:45,12,E09000020,3,3220,3,30,6,2,3,308,0,0,1,1,1,0,0,1,1,E01002912,21-07-2018,1,1,3,2,25,5,3,1,3,0,0,-1,0,1
358,78.47596283,14.74644541,1,3,2,1,2,18:40,1,E09000033,3,40,3,50,0,-1,-1,0,0,0,1,1,1,0,0,1,2,E01004685,11-07-2018,1,2,1,1,36,7,2,0,0,0,0,-1,5,1
359,78.54495123,14.75888938,1,3,2,1,5,14:05,12,E09000020,3,315,6,30,3,4,6,0,0,0,1,2,2,0,0,1,2,E01002817,16-06-2018,1,1,1,2,-1,-1,3,0,0,0,0,-1,9,1
360,78.61574494,14.80011732,1,3,3,1,4,17:12,12,E09000020,4,450,6,30,3,2,3,402,0,5,1,1,1,0,0,1,1,E01002871,13-07-2018,1,1,1,1,31,6,3,0,0,0,0,-1,2,1
361,78.62832245,14.74078714,1,3,2,1,4,07:45,12,E09000020,5,0,6,30,6,4,6,0,0,0,1,1,1,0,0,1,1,E01002836,13-07-2018,2,1,1,2,31,6,3,0,0,0,0,-1,1,-1
362,78.46941866,14.66151845,1,3,2,1,7,18:48,12,E09000020,3,3220,6,30,0,-1,-1,0,0,0,1,1,1,0,0,1,1,E01002840,09-07-2018,1,1,1,1,40,7,3,0,0,0,0,-1,9,1
363,78.56585433,14.72923928,1,2,2,1,5,16:13,12,E09000020,3,3217,6,30,3,4,3,3217,0,1,1,1,1,0,0,1,1,E01002859,21-07-2018,1,1,3,1,62,9,3,5,3,0,0,-1,0,1
364,78.63201283,14.73800956,1,3,2,1,3,18:20,12,E09000020,3,3217,6,30,0,-1,-1,0,0,0,1,1,1,0,0,1,1,E01002902,19-07-2018,1,1,3,2,60,9,3,4,3,0,0,-1,0,1
365,78.56037816,14.80283387,1,3,2,1,5,21:10,12,E09000020,4,304,6,30,0,-1,-1,0,0,0,1,1,1,0,0,1,1,E01002914,21-07-2018,1,1,1,2,60,9,3,0,0,0,0,-1,1,1
366,78.56228907,14.66234064,1,3,2,1,3,20:31,12,E09000020,6,0,6,30,6,4,6,0,0,0,1,1,2,0,0,1,1,E01002818,26-07-2018,2,1,1,1,30,6,3,0,0,0,0,-1,4,1
367,78.61558599,14.7027698,1,2,2,1,5,10:20,11,E09000013,3,3220,1,30,1,2,3,402,0,0,1,1,1,0,0,1,1,E01002869,14-07-2018,2,2,2,2,30,6,3,0,0,0,0,-1,4,1
368,78.60065039,14.76434288,1,3,2,1,3,09:20,12,E09000020,3,3212,6,30,3,4,6,0,0,0,1,4,1,0,0,1,2,E01002840,19-07-2018,2,1,1,1,30,6,2,0,0,0,0,-1,5,1