Accident_Index,longitude,latitude,Police_Force,Accident_Severity,Number_of_Vehicles,Number_of_Casualties,Day_of_Week,Time,Local_Authority_(District),Local_Authority_(Highway),1st_Road_Class,1st_Road_Number,Road_Type,Speed_limit,Junction_Detail,Junction_Control,2nd_Road_Class,2nd_Road_Number,Pedestrian_Crossing-Human_Control,Pedestrian_Crossing-Physical_Facilities,Light_Conditions,Weather_Conditions,Road_Surface_Conditions,Special_Conditions_at_Site,Carriageway_Hazards,Urban_or_Rural_Area,Did_Police_Officer_Attend_Scene_of_Accident,LSOA_of_Accident_Location,Date,Vehicle_Reference,Casualty_Reference,Casualty_Class,Sex_of_Casualty,Age_of_Casualty,Age_Band_of_Casualty,Casualty_Severity,Pedestrian_Location,Pedestrian_Movement,Car_Passenger,Bus_or_Coach_Passenger,Pedestrian_Road_Maintenance_Worker,Casualty_Type,Casualty_Home_Area_Type
492,78.50651218,14.70776923,1,3,2,1,5,07:40,12,E09000020,3,3220,6,30,3,4,6,0,0,0,1,2,2,0,0,1,1,E01002864,15-09-2018,2,2,1,1,41,7,3,0,0,0,0,-1,19,1
493,78.56027046,14.66189995,1,3,2,1,7,13:19,12,E09000020,4,450,6,30,6,4,6,0,0,0,1,1,1,0,0,1,1,E01002909,17-09-2018,1,1,1,1,31,6,3,0,0,0,0,-1,3,1
494,78.60432551,14.69909915,1,3,1,1,7,10:05,12,E09000020,3,3212,3,30,0,-1,-1,0,0,0,1,1,1,0,0,1,1,E01002900,17-09-2018,1,1,3,2,37,7,3,6,9,0,0,-1,0,1
495,78.54189077,14.76339984,1,2,2,1,1,11:42,12,E09000020,3,402,6,30,3,2,5,0,0,5,1,1,2,0,0,1,1,E01002828,25-09-2018,1,1,3,2,33,6,3,5,2,0,0,-1,0,1
496,78.5147826,14.71409468,1,3,2,1,5,16:40,12,E09000020,3,4,6,30,7,4,3,3218,0,0,1,1,1,0,0,1,1,E01002821,15-09-2018,1,1,1,1,37,7,2,0,0,0,0,-1,5,1
497,78.58619041,14.6948484,1,3,2,1,3,04:52,12,E09000020,3,304,6,30,6,2,3,3220,0,5,4,1,1,0,0,1,1,E01002912,13-09-2018,1,1,1,1,59,9,3,0,0,0,0,-1,1,1
498,78.55284025,14.70589803,1,3,1,1,3,19:01,12,E09000020,4,325,6,30,6,2,3,4,0,5,4,1,1,0,0,1,1,E01002835,20-09-2018,1,1,1,2,44,7,3,0,0,0,0,-1,5,1
499,78.47623416,14.6678057,1,2,2,1,5,13:15,12,E09000020,3,3220,6,30,0,-1,-1,0,0,0,1,1,1,0,0,1,2,E01002815,22-09-2018,1,1,1,1,24,5,3,0,0,0,0,-1,9,3
500,78.60778549,14.74711976,1,2,2,1,4,07:35,12,E09000020,3,3212,6,30,3,4,5,0,0,0,1,1,1,0,0,1,1,E01002844,07-09-2018,2,2,2,2,7,2,3,0,0,2,0,-1,9,1
501,78.48305977,14.76507334,1,3,1,1,5,13:50,12,E09000020,6,0,6,30,3,4,6,0,0,0,1,1,1,0,0,1,2,E01002897,15-09-2018,2,3,2,2,5,1,3,0,0,2,0,-1,9,-1
502,78.54378485,14.72990613,1,3,2,1,5,18:29,12,E09000020,3,3217,3,30,0,-1,-1,0,0,1,1,1,1,0,0,1,1,E01002903,15-09-2018,1,1,3,1,34,6,3,5,1,0,0,-1,0,-1
503,78.54577735,14.76021197,1,3,2,1,3,14:10,12,E09000020,3,3220,6,30,3,2,3,3217,0,5,1,1,1,0,0,1,1,E01002913,09-08-2018,1,1,3,1,21,5,2,5,1,0,0,-1,0,1
504,78.63593486,14.72832204,1,3,2,1,2,16:21,12,E09000020,3,402,6,30,3,4,6,0,0,0,1,1,1,0,0,1,1,E01002883,12-09-2018,2,1,1,2,25,5,3,0,0,0,0,-1,2,1
505,78.63278385,14.7586629,1,2,1,1,6,07:55,12,E09000020,4,415,6,30,0,-1,-1,0,0,0,1,1,1,0,0,1,1,E01002883,23-09-2018,1,1,1,1,31,6,3,0,0,0,0,-1,9,1
506,78.54582232,14.696685,1,3,1,1,3,23:30,12,E09000020,3,3216,6,30,0,-1,-1,0,0,1,4,1,1,0,0,1,1,E01002859,06-09-2018,1,1,1,1,27,6,3,0,0,0,0,-1,2,1
507,78.58628689,14.78168129,1,3,2,1,4,20:45,12,E09000020,3,3212,6,30,3,4,6,0,0,1,4,2,2,0,0,1,2,E01002900,28-09-2018,1,1,1,1,32,6,3,0,0,0,0,-1,5,1
508,78.51634044,14.79510902,1,3,1,1,6,22:55,12,E09000020,6,0,6,30,1,4,4,450,0,0,4,1,1,0,0,1,1,E01002852,21-10-2018,2,1,1,1,63,9,3,0,0,0,0,-1,9,-1
509,78.63397403,14.6776865,1,3,1,1,6,16:02,12,E09000020,4,319,6,30,6,2,5,0,0,0,1,1,2,0,0,1,1,E01002818,30-09-2018,1,1,1,1,23,5,3,0,0,0,0,-1,9,1
510,78.56183682,14.70463357,1,3,2,1,2,12:15,12,E09000020,5,0,6,30,3,4,6,0,0,0,1,1,1,0,0,1,1,E01002825,26-09-2018,1,2,2,2,23,5,3,0,0,2,0,-1,9,-1
511,78.60976275,14.80158797,1,3,2,2,7,10:26,12,E09000020,3,4,3,40,6,2,3,3220,0,5,1,1,1,0,0,1,1,E01002848,24-09-2018,1,1,1,1,20,4,3,0,0,0,0,-1,3,-1
512,78.48905384,14.66230405,1,3,3,1,7,12:34,12,E09000020,3,315,6,30,3,4,6,0,0,0,1,1,1,0,0,1,1,E01002817,24-09-2018,1,1,3,2,24,5,2,1,3,0,0,-1,0,1
513,78.50356716,14.7526789,1,3,1,1,5,16:00,12,E09000020,5,0,6,30,3,4,3,315,0,0,1,1,1,0,0,1,2,E01002865,29-09-2018,1,1,3,1,-1,-1,3,1,1,0,0,-1,0,-1
514,78.59497719,14.7680431,1,3,1,1,2,15:05,12,E09000020,3,4,6,30,0,-1,-1,0,0,4,1,1,1,0,0,1,1,E01002819,19-09-2018,2,1,1,2,27,6,3,0,0,0,0,-1,1,1
515,78.60919974,14.71191324,1,3,2,1,6,16:12,12,E09000020,3,3212,6,30,3,4,5,0,0,0,1,1,1,6,0,1,1,E01002844,30-09-2018,1,1,3,2,31,6,3,4,1,0,0,-1,0,1
516,78.49789406,14.77239026,1,2,2,2,3,10:20,12,E09000020,3,4,3,30,3,2,6,0,0,5,1,1,1,0,0,1,1,E01002835,27-09-2018,1,1,1,1,27,6,3,0,0,0,0,-1,3,1
517,78.6220705,14.67691345,1,3,1,2,6,17:55,12,E09000020,4,450,6,30,0,-1,-1,0,0,4,1,1,1,0,0,1,1,E01002831,30-09-2018,1,1,1,2,50,8,3,0,0,0,0,-1,9,1
518,78.52625253,14.68154281,1,3,2,1,1,19:00,12,E09000020,3,315,6,30,3,4,6,0,0,0,4,1,1,0,0,1,1,E01002817,28-08-2018,1,1,1,1,30,6,3,0,0,0,0,-1,8,1
519,78.62495732,14.76180753,1,3,2,1,2,18:33,12,E09000020,5,0,6,30,3,4,6,0,0,1,4,1,1,0,0,1,1,E01002857,03-10-2018,2,2,1,1,35,6,3,0,0,0,0,-1,11,1
520,78.553676,14.75505541,1,3,2,1,3,17:05,12,E09000020,3,4,3,30,3,4,3,4,0,0,1,1,1,0,0,1,1,E01002820,04-10-2018,1,1,3,1,33,6,3,5,3,0,0,-1,0,1
521,78.46333771,14.68100996,1,2,1,1,7,15:38,12,E09000020,3,3217,6,30,3,4,5,0,0,1,1,1,1,0,0,1,1,E01002902,24-09-2018,1,1,3,1,42,7,3,4,1,0,0,-1,0,1
522,78.51816129,14.72144039,1,3,1,1,6,08:30,12,E09000020,4,450,6,30,3,4,5,0,0,0,1,1,1,0,0,1,1,E01002852,23-09-2018,2,1,1,1,80,11,3,0,0,0,0,-1,90,1
523,78.53854718,14.76649771,1,3,2,1,1,14:30,12,E09000020,3,315,6,30,3,4,6,0,0,0,1,1,1,0,0,1,2,E01002865,09-10-2018,1,1,3,1,32,6,3,5,3,0,0,-1,0,1
524,78.49698296,14.79614792,1,3,2,1,3,21:10,12,E09000020,5,0,6,30,7,4,6,0,0,4,4,1,1,0,0,1,1,E01002855,04-10-2018,2,1,1,1,45,7,3,0,0,0,0,-1,1,-1
525,78.49675922,14.67054068,1,3,2,1,7,22:50,12,E09000020,3,315,6,30,3,4,6,0,0,0,4,1,1,0,0,1,2,E01002817,08-10-2018,2,1,1,1,41,7,3,0,0,0,0,-1,5,1
526,78.49761819,14.73928909,1,3,2,1,6,20:20,12,E09000020,4,450,6,30,3,4,6,0,0,1,4,1,1,0,0,1,2,E01002905,16-09-2018,1,1,1,1,17,4,3,0,0,0,0,-1,3,-1
527,78.5341393,14.68092624,1,3,2,1,1,20:10,12,E09000020,3,315,6,30,6,2,3,3220,0,5,7,1,1,0,0,1,2,E01002814,09-10-2018,2,1,1,1,30,6,3,0,0,0,0,-1,5,1
528,78.46913957,14.77539231,1,3,3,1,4,12:10,12,E09000020,5,0,6,30,0,-1,-1,0,0,0,1,1,1,0,0,1,1,E01002831,12-10-2018,1,1,3,1,72,10,2,1,1,0,0,-1,0,-1
529,78.63339848,14.67922786,1,3,1,1,7,14:55,12,E09000020,3,3217,6,30,3,4,6,0,0,1,1,1,1,0,0,1,2,E01002859,15-10-2018,1,1,1,1,23,5,3,0,0,0,0,-1,1,1
530,78.58851177,14.747284,1,3,1,1,2,16:25,12,E09000020,3,3220,6,30,6,2,3,4,0,0,1,1,1,0,0,1,1,E01002851,10-10-2018,1,1,1,2,21,5,3,0,0,0,0,-1,9,1
531,78.6063134,14.7157971,1,2,1,1,5,08:27,12,E09000020,6,0,6,20,6,4,6,0,0,0,1,1,1,0,0,1,2,E01002890,06-10-2018,1,1,2,2,20,4,3,0,0,0,0,-1,3,-1
532,78.49037725,14.80105514,1,3,2,1,5,17:33,12,E09000020,6,0,6,30,3,4,6,0,0,1,1,1,1,0,0,1,1,E01002905,29-09-2018,1,1,1,1,34,6,3,0,0,0,0,-1,3,1
533,78.59541939,14.66913367,1,3,1,1,6,15:52,12,E09000020,5,0,6,30,6,4,6,0,0,0,1,2,2,0,0,1,1,E01002823,30-09-2018,1,1,3,1,32,6,3,6,9,0,0,-1,0,1
534,78.46376752,14.75200724,1,3,1,1,5,08:22,12,E09000020,4,450,6,30,3,4,6,0,0,1,1,1,1,0,0,1,1,E01002909,06-10-2018,1,1,1,1,42,7,3,0,0,0,0,-1,9,-1
535,78.48590059,14.76237952,1,2,1,1,4,23:00,12,E09000020,3,3220,2,30,3,4,3,3220,0,4,4,1,1,0,0,1,1,E01002841,07-09-2018,1,1,3,1,19,4,3,5,3,0,0,-1,0,1
536,78.58416491,14.71565697,1,3,2,1,5,07:20,12,E09000020,3,3217,6,30,0,-1,-1,0,0,0,1,1,1,0,0,1,1,E01002840,06-10-2018,1,1,1,1,31,6,3,0,0,0,0,-1,9,1
537,78.49891083,14.72609435,1,3,4,1,7,13:35,12,E09000020,3,3218,6,30,3,4,6,0,2,0,1,1,1,0,0,1,1,E01002894,08-10-2018,1,1,1,1,37,7,3,0,0,0,0,-1,5,1
538,78.50890387,14.69349066,1,3,2,1,3,08:55,12,E09000020,6,0,6,30,3,4,3,3220,0,0,1,1,1,0,0,1,1,E01002840,11-10-2018,1,1,3,2,50,8,2,5,2,0,0,-1,0,1
539,78.56599845,14.69242219,1,3,2,1,2,11:55,12,E09000020,4,325,6,30,6,4,6,0,0,0,1,1,1,0,0,1,1,E01002887,10-10-2018,1,1,1,1,41,7,3,0,0,0,0,-1,4,1
540,78.56886634,14.78602364,1,3,1,1,2,13:40,12,E09000020,6,0,6,30,0,-1,-1,0,0,1,1,1,1,0,0,1,1,E01002890,10-10-2018,1,1,3,1,45,7,3,9,5,0,0,-1,0,1
541,78.50750507,14.74829203,1,2,2,1,4,07:50,12,E09000020,6,0,6,30,6,4,6,0,0,0,1,2,2,0,0,1,2,E01002830,19-10-2018,1,1,3,1,21,5,3,5,1,0,0,-1,0,1
542,78.55933542,14.725884,1,2,2,1,3,08:28,12,E09000020,3,402,6,30,3,4,6,0,0,0,1,1,1,0,0,1,1,E01004693,11-10-2018,1,1,1,1,43,7,3,0,0,0,0,-1,4,1
543,78.51195934,14.73661094,1,2,2,1,4,18:15,1,E09000033,3,3217,6,30,0,-1,-1,0,0,0,4,2,2,0,0,1,2,E01002859,12-10-2018,2,1,1,1,32,6,3,0,0,0,0,-1,3,1
544,78.6128827,14.66712032,1,3,2,1,4,20:20,1,E09000033,6,0,6,30,3,4,6,0,0,0,4,1,1,0,0,1,1,E01004759,05-10-2018,1,1,3,1,31,6,3,5,1,0,0,-1,0,-1
545,78.56452127,14.79873582,1,3,2,1,7,09:30,12,E09000020,3,315,6,30,9,2,4,316,0,0,1,1,1,0,0,1,1,E01002817,15-10-2018,1,1,1,2,26,6,3,0,0,0,0,-1,9,1
546,78.62586752,14.7025344,1,3,2,2,7,14:04,12,E09000020,6,0,6,30,0,-1,-1,0,0,0,1,1,1,0,0,1,1,E01002875,15-10-2018,1,1,3,2,57,9,3,4,1,0,0,-1,0,1
547,78.5974467,14.75748208,1,3,3,1,6,13:10,12,E09000020,3,402,3,30,0,-1,-1,0,0,0,1,1,1,0,0,1,1,E01002883,14-10-2018,1,1,3,1,56,9,3,4,1,0,0,-1,0,1
548,78.59654869,14.7608293,1,3,2,1,2,08:27,12,E09000020,3,4,3,30,7,2,3,3220,0,0,1,1,1,0,0,1,1,E01002815,03-10-2018,1,1,1,1,34,6,3,0,0,0,0,-1,5,-1
549,78.63019093,14.77798103,1,3,2,1,7,21:20,12,E09000020,5,0,6,30,6,2,3,4,0,0,4,1,1,0,0,1,1,E01002821,08-10-2018,2,1,1,1,32,6,3,0,0,0,0,-1,3,1
550,78.4782755,14.7147547,1,3,2,1,2,08:30,12,E09000020,6,0,6,30,8,4,6,0,0,0,1,1,1,0,0,1,1,E01002840,10-10-2018,1,1,1,1,35,6,3,0,0,0,0,-1,19,1
551,78.6173827,14.74062443,1,3,2,1,3,08:40,12,E09000020,3,3212,6,30,6,2,3,3220,0,5,1,1,1,0,0,1,2,E01002840,11-10-2018,1,1,1,1,44,7,2,0,0,0,0,-1,2,1
552,78.52838454,14.71618967,1,3,4,1,2,19:35,12,E09000020,6,0,6,30,0,-1,-1,0,0,0,4,1,1,0,2,1,1,E01002899,17-10-2018,2,1,1,1,59,9,3,0,0,0,0,-1,2,1
553,78.48965276,14.79069376,1,3,2,2,2,10:30,12,E09000020,6,0,6,30,0,-1,-1,0,0,0,1,1,1,0,0,1,1,E01002878,10-10-2018,1,1,1,2,27,6,3,0,0,0,0,-1,1,1
554,78.62480201,14.76648669,1,3,2,1,4,09:00,12,E09000020,3,4,6,30,3,4,6,0,0,0,1,1,1,0,0,1,1,E01002835,19-10-2018,1,1,3,2,36,7,3,4,1,0,0,-1,0,-1
555,78.54138585,14.6660723,1,3,2,1,1,01:30,12,E09000020,3,4,6,30,6,2,5,0,0,5,4,1,1,0,0,1,1,E01002835,16-10-2018,1,1,1,1,33,6,2,0,0,0,0,-1,5,1
556,78.62874336,14.76059573,1,3,1,1,2,09:59,12,E09000020,3,4,6,30,3,4,6,0,0,0,1,1,1,0,0,1,1,E01002819,17-10-2018,2,1,1,1,47,8,2,0,0,0,0,-1,1,1
557,78.47319311,14.72627341,1,3,2,1,5,01:45,12,E09000020,3,3220,6,30,6,2,3,308,0,0,4,4,2,0,0,1,2,E01002912,20-10-2018,1,1,3,2,34,6,3,5,1,0,0,-1,0,1
558,78.58402346,14.74263641,1,3,1,1,4,11:40,12,E09000020,4,412,6,30,3,4,4,450,0,0,1,1,1,0,0,1,1,E01002856,19-10-2018,1,1,1,1,38,7,3,0,0,0,0,-1,5,-1
559,78.62654124,14.7575194,1,3,2,1,5,07:44,12,E09000020,5,0,6,30,3,4,6,0,0,0,1,1,1,0,0,1,1,E01002859,20-10-2018,1,1,3,1,38,7,3,1,3,0,0,-1,0,1
560,78.6171538,14.76775498,1,3,2,1,2,16:35,12,E09000020,5,0,6,30,3,4,6,0,0,0,1,1,1,0,0,1,1,E01002855,17-10-2018,2,1,1,1,57,9,3,0,0,0,0,-1,1,1
561,78.51815695,14.75609074,1,3,2,1,4,00:25,12,E09000020,3,4,6,30,3,4,6,0,0,4,4,2,2,0,0,1,1,E01002818,19-10-2018,1,1,3,1,29,6,2,5,1,0,0,-1,0,1
562,78.53244648,14.77965823,1,3,2,1,1,15:25,12,E09000020,3,3220,6,30,0,-1,-1,0,0,1,1,1,1,0,0,1,1,E01002841,16-10-2018,1,1,3,1,-1,-1,3,4,1,0,0,-1,0,-1
563,78.56820231,14.72934983,1,3,3,1,2,08:03,12,E09000020,6,0,1,30,2,4,6,0,0,0,1,1,1,0,0,1,1,E01002841,10-10-2018,1,1,1,1,39,7,3,0,0,0,0,-1,5,-1
564,78.54007916,14.74476723,1,3,1,1,4,20:15,12,E09000020,3,3217,6,30,3,4,6,0,0,1,4,2,2,0,0,1,1,E01002840,19-10-2018,1,1,2,1,18,4,3,0,0,1,0,-1,9,1
565,78.58915475,14.77835088,1,3,2,4,6,18:45,12,E09000020,4,325,6,30,3,4,6,0,0,0,4,1,1,0,0,1,1,E01002887,14-10-2018,1,1,3,1,43,7,3,10,9,0,0,-1,0,-1
566,78.60060903,14.71016891,1,3,1,1,7,12:10,12,E09000020,3,4204,6,30,3,4,6,0,0,0,1,1,1,0,0,1,1,E01002827,15-10-2018,2,1,1,2,35,6,3,0,0,0,0,-1,1,1
567,78.5472371,14.66076528,1,2,2,1,4,18:26,12,E09000020,3,4,6,30,3,4,3,4,0,4,4,2,2,0,0,1,1,E01002819,19-10-2018,1,1,3,1,29,6,3,6,9,0,0,-1,0,1
568,78.62838208,14.76132107,1,2,1,1,5,14:10,12,E09000020,3,4,3,30,3,4,3,4,0,4,1,1,1,0,0,1,1,E01002818,20-10-2018,2,2,1,1,45,7,3,0,0,0,0,-1,8,1
569,78.63250065,14.69744793,1,3,2,1,1,13:15,12,E09000020,3,3216,6,30,3,4,6,0,0,1,1,1,1,0,0,1,1,E01002818,23-10-2018,2,1,1,1,31,6,3,0,0,0,0,-1,1,1
570,78.61886194,14.71723915,1,3,2,1,7,15:53,12,E09000020,4,412,6,30,3,4,6,0,0,0,1,1,1,0,0,1,1,E01002831,22-10-2018,1,1,3,2,35,6,3,5,1,0,0,-1,0,1
571,78.58167138,14.79881899,1,3,1,1,6,12:17,12,E09000020,5,0,6,30,3,4,6,0,0,0,1,1,2,0,0,1,1,E01002820,21-10-2018,1,1,3,1,76,11,3,10,1,0,0,-1,0,-1
572,78.51203264,14.73136476,1,3,2,1,5,08:35,12,E09000020,5,0,6,30,6,4,6,0,0,0,1,1,1,0,0,1,2,E01002911,03-11-2018,1,1,1,1,52,8,3,0,0,0,0,-1,4,1
573,78.47883421,14.79828558,1,3,2,1,6,11:39,12,E09000020,3,315,6,30,3,2,6,0,0,5,1,1,1,0,0,1,1,E01002865,21-10-2018,1,1,3,2,31,6,2,4,3,0,0,-1,0,-1
574,78.49058638,14.66180422,1,2,1,1,3,20:45,12,E09000020,3,4,6,30,6,2,5,0,0,5,4,1,1,0,0,1,2,E01002821,25-10-2018,2,2,1,1,33,6,3,0,0,0,0,-1,4,1
575,78.49543944,14.71781157,1,3,2,2,5,16:51,12,E09000020,4,314,6,30,0,-1,-1,0,0,0,1,1,1,0,0,1,1,E01002814,06-10-2018,1,1,3,2,14,3,3,4,1,0,0,-1,0,1
576,78.55867748,14.79952493,1,3,2,2,5,17:00,12,E09000020,4,304,6,30,3,4,6,0,0,0,1,1,1,0,0,1,1,E01002844,27-10-2018,1,2,3,2,13,3,3,4,1,0,0,-1,0,1
577,78.57390913,14.66889486,1,3,1,1,4,14:18,12,E09000020,3,3217,6,30,0,-1,-1,0,0,0,1,1,1,0,0,1,1,E01002861,26-10-2018,2,1,1,1,25,5,3,0,0,0,0,-1,3,1
578,78.52127895,14.69624053,1,3,2,1,4,22:40,12,E09000020,3,4,6,30,3,4,6,0,0,4,4,2,2,0,0,1,1,E01002819,19-10-2018,1,1,1,1,12,3,3,0,0,0,0,-1,1,-1
579,78.50552157,14.79473592,1,2,4,3,1,18:20,12,E09000020,3,3212,6,30,3,2,4,302,0,5,4,1,1,0,0,1,1,E01002900,23-10-2018,2,1,1,2,50,8,3,0,0,0,0,-1,4,1
580,78.63895279,14.77577504,1,3,2,1,7,10:40,12,E09000020,3,3217,6,30,6,2,3,3220,0,5,1,1,1,0,0,1,1,E01002845,08-10-2018,1,1,3,1,43,7,2,4,1,0,0,-1,0,1
581,78.57865943,14.75103947,1,3,2,1,6,17:10,12,E09000020,3,3217,6,30,3,4,6,0,0,0,4,1,1,0,0,1,2,E01002844,04-11-2018,1,1,3,1,62,9,3,5,1,0,0,-1,0,1
582,78.63676959,14.70173692,1,3,1,1,5,12:30,12,E09000020,6,0,6,30,3,4,6,0,0,0,1,1,1,0,0,1,1,E01002914,27-10-2018,1,1,1,1,22,5,3,0,0,0,0,-1,4,1
583,78.60142348,14.68140974,1,3,1,1,6,14:14,12,E09000020,3,3217,6,30,3,4,6,0,0,0,1,1,1,0,0,1,1,E01002861,28-10-2018,1,1,1,2,28,6,3,0,0,0,0,-1,1,1
584,78.5818859,14.66811099,1,2,1,1,6,11:10,12,E09000020,3,3031,6,30,0,-1,-1,0,0,0,1,2,2,0,0,1,1,E01002844,21-10-2018,1,1,1,1,34,6,3,0,0,0,0,-1,9,1
585,78.56842627,14.76460717,1,3,2,1,3,08:40,12,E09000020,5,0,6,30,3,4,6,0,0,1,1,1,1,0,0,1,1,E01002906,01-11-2018,1,1,1,2,36,7,3,0,0,0,0,-1,8,1
586,78.59152243,14.76758135,1,3,2,4,2,16:00,12,E09000020,3,3218,6,30,3,4,6,0,0,0,1,1,1,0,0,1,2,E01002894,17-10-2018,1,1,1,2,35,6,3,0,0,0,0,-1,9,1
587,78.57896877,14.71154081,1,3,2,2,1,15:29,12,E09000020,4,412,6,30,3,4,6,0,0,0,1,1,1,0,0,1,1,E01002830,30-10-2018,1,1,1,2,40,7,3,0,0,0,0,-1,9,1
588,78.48758022,14.71809761,1,3,1,2,4,15:50,12,E09000020,3,402,3,30,3,2,4,450,0,5,1,2,2,0,0,1,1,E01002871,02-11-2018,1,1,3,1,64,9,3,10,9,0,0,-1,0,1
589,78.48675863,14.74927634,1,3,3,1,2,09:40,12,E09000020,6,0,6,30,3,4,6,0,0,0,1,1,1,0,0,1,1,E01002877,07-11-2018,1,1,1,1,57,9,3,0,0,0,0,-1,9,1
590,78.57678183,14.78303014,1,3,1,1,5,17:48,12,E09000020,3,4,6,30,0,-1,-1,0,0,0,4,1,1,0,0,1,1,E01002835,27-10-2018,1,1,3,2,5,1,2,5,2,0,0,-1,0,1
591,78.57899015,14.65964872,1,3,1,1,7,14:54,12,E09000020,3,3216,6,30,0,-1,-1,0,0,0,1,1,1,0,0,1,2,E01002902,15-10-2018,2,1,1,1,15,3,3,0,0,0,0,-1,1,-1
592,78.62490477,14.80483931,1,3,2,1,7,11:50,12,E09000020,3,4,6,30,8,4,6,0,0,0,1,1,1,0,0,1,1,E01002821,15-10-2018,1,1,3,1,40,7,3,5,3,0,0,-1,0,1
593,78.53366688,14.77838523,1,3,2,1,3,19:03,12,E09000020,3,315,6,30,0,-1,-1,0,0,5,4,2,2,0,0,1,1,E01002867,01-11-2018,1,1,3,1,27,6,3,1,3,0,0,-1,0,-1
594,78.6172014,14.6679015,1,3,1,1,6,13:55,12,E09000020,3,3217,6,30,0,-1,-1,0,0,0,1,1,1,0,0,1,1,E01002845,28-10-2018,1,1,3,2,33,6,2,4,3,0,0,-1,0,-1
595,78.60130547,14.72743472,1,3,1,1,5,13:20,12,E09000020,3,4206,6,30,0,-1,-1,0,0,0,1,1,1,0,0,1,1,E01002886,20-10-2018,1,1,3,2,37,7,3,10,9,0,0,-1,0,1
596,78.52545234,14.75628041,1,3,2,1,4,20:45,12,E09000020,3,4,6,30,3,2,6,0,0,5,4,2,2,0,0,1,1,E01002835,02-11-2018,1,1,1,2,36,7,3,0,0,0,0,-1,9,1
597,78.56785658,14.80120204,1,2,1,1,4,09:56,12,E09000020,6,0,6,30,0,-1,-1,0,0,0,1,1,1,0,0,1,1,E01002878,26-10-2018,2,1,1,1,45,7,3,0,0,0,0,-1,5,1
598,78.54206225,14.77813548,1,2,2,2,6,08:00,12,E09000020,3,4,6,30,3,4,6,0,0,0,1,2,2,0,0,1,1,E01002819,28-10-2018,2,1,2,2,21,5,3,0,0,0,0,-1,3,1
599,78.63466843,14.71814252,1,3,1,1,5,16:12,12,E09000020,3,4,3,30,0,-1,-1,0,0,5,1,1,1,0,0,1,1,E01002839,27-10-2018,1,1,3,2,92,11,3,9,5,0,0,-1,0,1
600,78.49560538,14.77135752,1,2,2,1,6,18:23,12,E09000020,3,4,6,30,3,4,6,0,0,0,4,1,1,0,0,1,1,E01002819,21-10-2018,1,1,1,1,34,6,2,0,0,0,0,-1,1,1
601,78.48112066,14.69436257,1,3,2,1,1,18:40,12,E09000020,3,4,3,30,0,-1,-1,0,0,0,4,2,2,0,0,1,1,E01002821,06-11-2018,1,1,1,2,24,5,2,0,0,0,0,-1,2,1
602,78.48295543,14.79881572,1,3,2,1,6,10:07,12,E09000020,3,4,6,30,3,2,4,319,0,0,1,1,1,0,0,1,1,E01002819,04-11-2018,2,1,1,1,36,7,2,0,0,0,0,-1,1,1
603,78.58646298,14.77242569,1,3,2,1,4,10:50,12,E09000020,3,3216,6,30,6,2,3,3212,0,0,1,1,1,0,0,1,1,E01002901,26-10-2018,1,1,1,1,18,4,3,0,0,0,0,-1,2,1
604,78.49775982,14.7067231,1,3,2,1,4,08:18,12,E09000020,3,308,6,30,3,4,6,0,0,1,1,1,1,0,0,1,1,E01002913,02-11-2018,1,1,2,2,36,7,3,0,0,1,0,-1,9,1
605,78.60724185,14.67211084,1,2,3,1,4,11:00,12,E09000020,4,319,6,30,0,-1,-1,0,0,0,1,2,2,0,0,1,1,E01002818,02-11-2018,1,1,2,1,30,6,3,0,0,2,0,-1,9,1
606,78.63404963,14.69084283,1,2,2,1,1,00:50,12,E09000020,3,402,6,30,3,4,6,0,0,1,4,1,1,0,2,1,1,E01002883,06-11-2018,1,2,2,1,50,8,3,0,0,1,0,-1,9,1
607,78.55431158,14.72001337,1,3,1,1,2,09:20,12,E09000020,3,4204,6,30,3,2,3,402,0,5,1,1,1,0,0,1,1,E01002827,07-11-2018,2,1,1,2,35,6,3,0,0,0,0,-1,9,1
608,78.49765069,14.72458754,1,3,1,1,2,17:50,12,E09000020,3,308,6,30,3,4,6,0,0,1,4,1,1,0,0,1,1,E01002910,07-11-2018,2,1,1,2,35,6,3,0,0,0,0,-1,9,1
609,78.49671003,14.65815197,1,3,2,1,4,07:10,12,E09000020,3,4,6,30,3,4,6,0,0,0,1,2,2,0,0,1,1,E01002819,02-11-2018,2,1,1,1,30,6,3,0,0,0,0,-1,3,1
610,78.4629791,14.79671477,1,3,2,1,7,16:05,12,E09000020,3,315,6,30,3,4,6,0,0,0,1,1,1,0,0,1,2,E01002864,12-11-2018,1,1,1,1,81,11,3,0,0,0,0,-1,3,1
611,78.60692847,14.79105088,1,3,2,1,4,01:00,12,E09000020,6,0,6,30,3,4,6,0,0,0,4,2,2,0,0,1,1,E01002834,02-11-2018,1,1,1,2,26,6,3,0,0,0,0,-1,1,1
612,78.60753562,14.78427601,1,3,1,1,4,17:00,12,E09000020,3,315,6,30,3,2,4,316,0,5,4,1,1,0,0,1,1,E01002817,02-11-2018,1,1,1,2,63,9,3,0,0,0,0,-1,9,1
613,78.56052044,14.78595575,1,2,2,1,6,13:16,12,E09000020,5,0,6,30,6,4,6,0,0,0,1,1,1,0,0,1,1,E01002832,04-11-2018,1,1,1,2,41,7,3,0,0,0,0,-1,9,1