Accident_Index,longitude,latitude,Police_Force,Accident_Severity,Number_of_Vehicles,Number_of_Casualties,Day_of_Week,Time,Local_Authority_(District),Local_Authority_(Highway),1st_Road_Class,1st_Road_Number,Road_Type,Speed_limit,Junction_Detail,Junction_Control,2nd_Road_Class,2nd_Road_Number,Pedestrian_Crossing-Human_Control,Pedestrian_Crossing-Physical_Facilities,Light_Conditions,Weather_Conditions,Road_Surface_Conditions,Special_Conditions_at_Site,Carriageway_Hazards,Urban_or_Rural_Area,Did_Police_Officer_Attend_Scene_of_Accident,LSOA_of_Accident_Location,Date,Vehicle_Reference,Casualty_Reference,Casualty_Class,Sex_of_Casualty,Age_of_Casualty,Age_Band_of_Casualty,Casualty_Severity,Pedestrian_Location,Pedestrian_Movement,Car_Passenger,Bus_or_Coach_Passenger,Pedestrian_Road_Maintenance_Worker,Casualty_Type,Casualty_Home_Area_Type
614,78.5427658,14.65849345,1,2,1,1,4,13:08,12,E09000020,3,3216,6,30,3,4,3,3217,0,1,1,1,1,0,0,1,1,E01002859,09-11-2018,2,2,1,1,31,6,3,0,0,0,0,-1,4,1
615,78.47831102,14.68349365,1,3,2,1,4,15:24,12,E09000020,3,402,6,30,3,4,4,450,0,0,1,1,1,0,0,1,1,E01002883,09-11-2018,1,1,1,1,28,6,3,0,0,0,0,-1,2,1
616,78.48421104,14.72211686,1,3,2,1,2,16:35,12,E09000020,3,402,6,30,3,2,3,402,0,0,4,1,1,0,0,1,1,E01002884,07-11-2018,1,1,2,1,21,5,3,0,0,1,0,-1,9,1
617,78.5214697,14.66970088,1,3,2,1,2,18:10,12,E09000020,3,3218,6,30,6,2,3,3220,0,5,4,1,1,0,0,1,1,E01002894,07-11-2018,1,1,3,1,56,9,3,5,1,0,0,-1,0,1
618,78.47360066,14.68583555,1,3,2,1,5,08:22,12,E09000020,3,3212,6,30,3,4,5,0,0,0,1,4,2,0,2,1,1,E01002844,03-11-2018,1,1,1,1,-1,-1,3,0,0,0,0,-1,9,1
619,78.4900593,14.77182868,1,3,2,2,6,22:40,12,E09000020,6,0,6,30,3,4,6,0,0,0,4,1,1,0,2,1,1,E01002871,04-11-2018,1,1,3,2,49,8,3,5,1,0,0,-1,0,1
620,78.4871846,14.73139017,1,3,2,1,7,19:24,12,E09000020,5,0,6,30,6,2,6,0,0,0,4,1,1,0,0,1,1,E01002820,12-11-2018,1,1,1,2,31,6,3,0,0,0,0,-1,3,1
621,78.46588685,14.79194865,1,3,2,1,4,21:35,1,E09000033,6,0,6,30,3,4,4,412,0,0,4,2,2,0,0,1,2,E01004760,12-10-2018,2,1,1,1,9,2,3,0,0,0,0,-1,1,-1
622,78.47268584,14.75778641,1,3,2,1,3,09:53,12,E09000020,3,4,6,30,3,4,6,0,0,0,1,1,1,0,0,1,1,E01002819,08-11-2018,1,1,1,1,28,6,3,0,0,0,0,-1,3,1
623,78.53585941,14.70090251,1,3,2,1,4,19:44,12,E09000020,5,0,6,30,3,4,6,0,0,0,4,2,2,0,0,1,1,E01002852,02-11-2018,2,1,1,1,43,7,3,0,0,0,0,-1,1,-1
624,78.49257946,14.76530421,1,3,2,1,2,16:14,12,E09000020,3,3216,6,30,8,4,6,0,0,0,4,1,1,0,0,1,2,E01004664,07-11-2018,1,1,1,2,25,5,3,0,0,0,0,-1,9,1
625,78.50530785,14.6716357,1,3,2,1,5,10:00,12,E09000020,4,304,6,30,6,2,3,3212,0,5,1,1,1,0,0,1,2,E01002844,10-11-2018,1,1,3,2,32,6,3,1,1,0,0,-1,0,-1
626,78.53432479,14.8020567,1,3,2,1,6,14:20,12,E09000020,3,308,6,30,3,4,6,0,0,1,1,1,1,0,0,1,1,E01002910,04-11-2018,1,1,1,1,27,6,3,0,0,0,0,-1,9,2
627,78.55300597,14.73895987,1,2,1,2,2,09:50,12,E09000020,5,0,6,30,6,4,6,0,0,1,1,1,1,0,0,1,1,E01002825,07-11-2018,2,2,1,1,19,4,3,0,0,0,0,-1,9,1
628,78.51151883,14.65971093,1,3,2,1,3,18:20,12,E09000020,3,4,6,30,0,-1,-1,0,0,0,4,1,1,0,0,1,1,E01002819,08-11-2018,2,3,2,1,18,4,3,0,0,1,0,-1,9,1
629,78.46717931,14.7311196,1,3,1,1,3,16:16,12,E09000020,3,3212,6,30,3,4,6,0,0,0,4,1,1,0,0,1,1,E01002845,08-11-2018,2,4,2,1,19,4,3,0,0,2,0,-1,9,1
630,78.50549275,14.66400243,1,3,2,1,5,14:10,12,E09000020,3,3212,6,30,3,4,3,3216,0,0,1,1,1,0,0,1,2,E01002901,10-11-2018,1,1,3,2,44,7,3,9,9,0,0,-1,0,-1
631,78.4907447,14.65964043,1,3,1,1,5,12:06,12,E09000020,6,0,6,30,6,4,6,0,0,0,1,1,1,0,0,1,1,E01002856,27-10-2018,1,1,1,1,39,7,2,0,0,0,0,-1,8,1
632,78.50569895,14.74283232,1,3,2,1,3,17:04,12,E09000020,3,402,6,30,3,2,4,450,0,5,1,1,1,0,0,1,1,E01002828,15-11-2018,1,1,3,1,60,9,2,1,3,0,0,-1,0,-1
633,78.47718287,14.68651496,1,3,2,2,7,13:10,12,E09000020,6,0,6,30,3,4,6,0,0,0,1,1,1,0,0,1,2,E01002813,19-11-2018,2,1,1,2,29,6,3,0,0,0,0,-1,2,-1
634,78.48884711,14.74654005,1,3,2,1,3,12:01,12,E09000020,3,3217,6,30,3,4,6,0,0,0,1,1,1,0,0,1,1,E01002845,15-11-2018,1,1,3,1,39,7,3,5,2,0,0,-1,0,-1
635,78.62425,14.75654426,1,3,2,1,6,15:13,12,E09000020,3,3220,2,30,3,2,6,0,0,5,1,1,1,0,0,1,1,E01002897,11-11-2018,1,1,3,2,21,5,3,5,3,0,0,-1,0,-1
636,78.59362043,14.76644118,1,3,2,2,1,10:43,12,E09000020,6,0,6,30,6,4,6,0,0,0,1,2,2,0,0,1,1,E01002880,06-11-2018,1,1,1,1,26,6,3,0,0,0,0,-1,1,1
637,78.60297873,14.67116695,1,3,2,1,2,18:25,11,E09000013,3,3220,3,50,1,2,3,402,0,0,4,2,2,5,0,1,1,E01002873,21-11-2018,1,1,1,1,25,5,3,0,0,0,0,-1,3,1
638,78.48142709,14.79262228,1,2,1,1,4,23:40,12,E09000020,3,3212,6,30,6,2,3,3216,0,5,4,1,1,0,0,1,1,E01002901,16-11-2018,1,1,3,2,-1,-1,2,1,1,0,0,-1,0,-1
639,78.63659077,14.7142887,1,3,2,1,6,09:10,12,E09000020,4,450,6,30,3,4,5,0,0,0,1,1,1,0,0,1,1,E01002852,18-11-2018,1,1,1,1,36,7,3,0,0,0,0,-1,4,1
640,78.59258747,14.68678304,1,3,2,1,4,07:04,12,E09000020,3,3220,2,30,3,4,6,0,0,0,1,1,1,0,0,1,1,E01002849,09-11-2018,2,2,1,1,28,6,3,0,0,0,0,-1,9,1
641,78.4946614,14.71057322,1,3,2,1,6,18:09,12,E09000020,3,315,6,30,9,4,6,0,0,0,4,2,2,0,0,1,1,E01002817,11-11-2018,1,1,1,1,32,6,3,0,0,0,0,-1,19,1
642,78.53357623,14.77488344,1,2,1,1,6,08:50,12,E09000020,3,308,6,30,8,4,6,0,0,0,1,1,1,0,0,1,1,E01002912,11-11-2018,2,2,2,2,31,6,3,0,0,2,0,-1,9,-1
643,78.53685882,14.68402626,1,3,1,1,6,11:05,12,E09000020,5,0,6,30,3,4,6,0,0,4,1,1,1,0,0,1,1,E01002835,18-11-2018,1,1,3,1,36,7,3,9,5,0,0,-1,0,1
644,78.56709982,14.67020131,1,3,2,2,1,15:57,12,E09000020,3,402,3,30,3,4,6,0,0,0,4,1,1,0,0,1,1,E01002869,13-11-2018,2,1,1,1,24,5,3,0,0,0,0,-1,2,1
645,78.53065774,14.72361297,1,3,1,1,5,12:20,1,E09000033,3,3216,6,30,3,2,3,4,0,5,1,1,1,0,0,1,2,E01004689,29-09-2018,1,3,2,1,20,4,3,0,0,2,0,-1,9,1
646,78.47746472,14.73738805,1,3,2,1,1,01:20,12,E09000020,3,402,6,30,0,-1,-1,0,0,0,4,1,1,0,0,1,1,E01002827,20-11-2018,2,1,1,2,29,6,2,0,0,0,0,-1,9,1
647,78.51793329,14.73128241,1,3,2,1,5,10:45,12,E09000020,3,3218,6,30,3,4,6,0,0,0,1,1,1,0,0,1,2,E01002820,17-11-2018,2,2,2,1,33,6,3,0,0,1,0,-1,9,1
648,78.61067443,14.68550805,1,3,1,2,6,14:25,12,E09000020,6,0,2,30,3,4,6,0,0,0,1,1,1,0,0,1,1,E01002829,11-11-2018,2,1,1,1,70,10,3,0,0,0,0,-1,9,3
649,78.48257773,14.73812699,1,3,2,1,5,18:20,12,E09000020,4,412,6,30,3,4,6,0,0,0,1,1,1,0,0,1,2,E01002831,03-11-2018,1,1,1,2,29,6,3,0,0,0,0,-1,2,1
650,78.6404428,14.67309326,1,3,2,1,4,20:05,12,E09000020,3,4,3,30,0,-1,-1,0,0,0,7,4,1,0,0,1,1,E01002815,16-11-2018,1,1,3,1,2,1,3,10,9,0,0,-1,0,-1
651,78.62551446,14.68941398,1,3,1,1,3,10:25,12,E09000020,3,4206,6,30,0,-1,-1,0,0,4,1,1,1,0,0,1,1,E01002884,29-11-2018,1,1,3,2,77,11,3,5,9,0,0,-1,0,3
652,78.48538339,14.70675255,1,3,2,1,5,18:30,12,E09000020,3,308,6,30,3,4,6,0,0,0,4,2,2,0,0,1,2,E01002912,24-11-2018,1,1,1,2,35,6,2,0,0,0,0,-1,3,1
653,78.53745082,14.65968377,1,3,2,1,5,12:08,12,E09000020,5,0,6,30,0,-1,-1,0,0,5,1,1,1,0,0,1,1,E01002821,17-11-2018,2,1,1,2,40,7,3,0,0,0,0,-1,1,-1
654,78.56584996,14.73805299,1,2,2,1,1,17:30,12,E09000020,3,4,6,30,0,-1,-1,0,0,0,4,1,1,0,0,1,2,E01002819,27-11-2018,1,1,1,1,32,6,3,0,0,0,0,-1,9,1
655,78.55935083,14.68502036,1,3,2,1,6,13:01,12,E09000020,5,0,6,30,3,4,5,0,0,0,1,1,1,0,0,1,1,E01002891,18-11-2018,1,2,2,1,-1,-1,3,0,0,1,0,-1,9,-1
656,78.46493143,14.71643165,1,3,2,1,6,10:10,12,E09000020,6,0,6,30,3,4,6,0,0,0,1,1,1,0,0,1,1,E01002887,18-11-2018,1,3,2,2,-1,-1,3,0,0,2,0,-1,9,-1
657,78.56619066,14.69315943,1,3,2,1,6,09:15,1,E09000033,4,450,6,30,3,4,3,404,0,0,1,1,1,0,0,1,2,E01002852,02-12-2018,1,4,2,2,-1,-1,3,0,0,2,0,-1,9,-1
658,78.46993459,14.78062945,1,3,2,1,6,11:20,12,E09000020,3,315,6,30,0,-1,-1,0,0,0,1,1,1,0,0,1,2,E01002817,02-12-2018,1,1,1,1,24,5,3,0,0,0,0,-1,9,1
659,78.47550379,14.66871617,1,3,2,1,4,07:40,12,E09000020,3,3218,6,30,7,2,3,3220,0,5,1,1,1,0,0,1,1,E01002894,23-11-2018,2,2,1,2,24,5,3,0,0,0,0,-1,9,1
660,78.53505735,14.69906911,1,3,1,1,6,08:45,12,E09000020,3,3212,6,30,0,-1,-1,0,0,0,1,2,2,0,0,1,1,E01002900,21-10-2018,1,1,1,1,43,7,3,0,0,0,0,-1,3,1
661,78.51933271,14.73410675,1,3,2,1,4,09:50,12,E09000020,3,402,6,30,3,4,6,0,0,0,1,1,1,0,0,1,1,E01002827,23-11-2018,1,2,3,1,15,3,3,4,3,0,0,-1,0,1
662,78.59179153,14.70777362,1,3,1,1,7,21:40,12,E09000020,3,402,3,30,3,4,5,0,2,7,4,1,1,0,0,1,1,E01002873,19-11-2018,2,1,1,1,54,8,3,0,0,0,0,-1,5,1
663,78.49329067,14.69346451,1,3,2,1,1,11:45,12,E09000020,3,3220,6,30,6,4,6,0,0,1,1,1,1,0,0,1,1,E01002893,13-11-2018,1,1,3,2,44,7,3,5,3,0,0,-1,0,-1
664,78.53420955,14.72151243,1,3,1,1,3,13:52,12,E09000020,3,3220,6,30,6,2,3,308,0,0,1,1,1,0,0,1,1,E01002913,22-11-2018,1,1,2,2,48,8,3,0,0,0,2,-1,11,1
665,78.53093522,14.78882978,1,3,2,1,4,09:35,12,E09000020,3,3212,6,30,3,4,6,0,0,0,1,1,1,0,0,1,1,E01002840,23-11-2018,1,1,1,1,48,8,3,0,0,0,0,-1,9,-1
666,78.50725909,14.75350412,1,3,1,2,6,03:35,12,E09000020,3,4,6,30,6,2,3,3220,0,5,4,2,2,0,0,1,1,E01002851,02-12-2018,2,1,1,2,32,6,3,0,0,0,0,-1,1,1
667,78.5102802,14.70274489,1,3,1,1,6,13:07,12,E09000020,3,315,6,30,3,4,6,0,0,4,1,1,1,0,0,1,1,E01002889,25-11-2018,1,1,2,1,-1,-1,3,0,0,0,3,-1,11,1
668,78.5808981,14.66575815,1,3,2,1,2,15:25,12,E09000020,3,3217,6,30,3,4,6,0,0,0,1,1,1,0,0,1,2,E01002844,28-11-2018,1,1,3,2,22,5,3,6,9,0,0,-1,0,-1
669,78.58605699,14.73222975,1,3,2,1,7,07:50,12,E09000020,3,304,6,30,6,2,3,3220,0,5,1,1,1,0,0,1,1,E01002912,22-10-2018,2,1,1,1,41,7,3,0,0,0,0,-1,9,1
670,78.52811924,14.70210249,1,3,2,1,3,06:30,12,E09000020,3,4,6,30,3,4,6,0,0,4,4,1,1,0,0,1,1,E01002819,22-11-2018,1,1,2,2,75,10,2,0,0,0,3,-1,11,1
671,78.62674996,14.74447804,1,2,2,1,2,19:45,12,E09000020,3,315,6,30,3,4,6,0,0,4,4,1,1,0,0,1,1,E01002817,28-11-2018,1,1,1,1,35,6,3,0,0,0,0,-1,5,1
672,78.54151592,14.79506404,1,3,2,1,2,13:00,12,E09000020,4,319,6,30,3,4,6,0,0,0,1,1,1,0,0,1,1,E01002863,28-11-2018,1,2,2,2,32,6,2,0,0,0,0,-1,5,1
673,78.4631131,14.75831549,1,3,2,1,6,08:30,1,E09000033,6,0,6,30,6,4,6,0,0,0,1,1,1,0,0,1,1,E01004687,25-11-2018,1,1,3,1,52,8,3,4,1,0,0,-1,0,-1
674,78.51312119,14.65718127,1,3,2,1,6,12:09,12,E09000020,3,3216,6,30,3,4,4,302,0,0,1,1,2,0,0,1,1,E01002902,02-12-2018,2,1,1,1,28,6,2,0,0,0,0,-1,3,1
675,78.48123514,14.73864743,1,3,2,1,5,07:15,12,E09000020,3,315,6,30,3,4,6,0,0,0,1,1,1,0,0,1,1,E01002817,11-08-2018,1,1,1,1,30,6,3,0,0,0,0,-1,9,1
676,78.57086987,14.77131098,1,3,1,1,4,14:35,11,E09000013,3,219,6,30,3,4,6,0,0,0,1,1,1,0,0,1,2,E01001891,21-12-2018,1,1,1,2,35,6,3,0,0,0,0,-1,1,1
677,78.63990636,14.69922755,1,3,2,1,5,16:47,12,E09000020,5,0,6,30,3,3,6,0,0,0,4,2,2,0,0,1,1,E01002906,01-12-2018,2,1,1,2,32,6,3,0,0,0,0,-1,9,1
678,78.50778068,14.74063066,1,3,2,1,3,18:30,12,E09000020,4,412,6,30,3,4,6,0,0,0,4,1,1,0,0,1,1,E01002908,29-11-2018,2,1,1,1,26,6,3,0,0,0,0,-1,1,1
679,78.55515124,14.7139189,1,3,1,1,7,01:45,12,E09000020,4,304,6,30,3,2,3,3217,0,0,4,1,2,0,0,1,1,E01002844,03-12-2018,1,1,1,1,35,6,2,0,0,0,0,-1,5,1
680,78.48450653,14.71697911,1,3,2,1,4,19:30,12,E09000020,4,325,6,30,6,4,6,0,0,1,4,2,2,0,0,1,1,E01002890,07-12-2018,1,1,1,1,29,6,2,0,0,0,0,-1,3,1
681,78.48076453,14.69463831,1,3,1,1,7,13:00,12,E09000020,5,0,6,30,3,4,6,0,0,0,1,1,1,0,0,1,1,E01002831,03-12-2018,1,1,3,2,15,3,3,1,3,0,0,-1,0,1
682,78.58291037,14.69683078,1,3,2,1,3,15:10,12,E09000020,3,3212,6,30,6,2,4,304,0,5,1,1,1,0,0,1,2,E01002900,06-12-2018,1,1,3,2,27,6,3,1,1,0,0,-1,0,-1
683,78.49934564,14.69281141,1,3,2,1,5,15:55,12,E09000020,6,0,6,30,3,4,3,315,0,0,1,1,1,0,0,1,1,E01002889,08-12-2018,1,1,1,2,28,6,3,0,0,0,0,-1,3,1
684,78.54464327,14.67160922,1,2,2,1,2,16:15,12,E09000020,3,4,6,30,6,2,5,0,0,5,4,1,1,0,0,1,1,E01002835,12-12-2018,1,1,1,1,38,7,3,0,0,0,0,-1,1,1
685,78.59928762,14.71933092,1,3,2,1,7,18:45,12,E09000020,6,0,6,30,3,4,6,0,0,4,4,1,1,0,0,1,2,E01002861,10-12-2018,2,1,1,2,24,5,3,0,0,0,0,-1,1,1
686,78.48798864,14.68806447,1,3,2,1,4,16:32,12,E09000020,3,4,3,30,7,2,3,3220,0,5,4,1,1,0,0,1,1,E01002848,07-12-2018,1,1,3,2,7,2,3,1,3,0,0,-1,0,1
687,78.55940945,14.75913761,1,2,1,1,7,16:30,12,E09000020,3,402,3,40,0,-1,-1,0,0,5,1,8,2,0,0,1,1,E01002869,03-12-2018,2,1,1,2,50,8,2,0,0,0,0,-1,1,1
688,78.61763143,14.70362266,1,3,2,1,3,10:24,12,E09000020,3,3218,6,30,6,2,5,0,0,5,1,1,1,0,0,1,1,E01002820,06-12-2018,1,1,3,1,75,10,2,1,1,0,0,-1,0,-1
689,78.49607191,14.7503929,1,3,2,1,2,16:08,12,E09000020,3,315,6,30,0,-1,-1,0,0,5,4,2,2,0,0,1,1,E01002814,05-12-2018,1,1,1,1,44,7,3,0,0,0,0,-1,3,1
690,78.46493053,14.74020017,1,3,2,1,7,05:15,12,E09000020,5,0,6,30,6,2,5,0,0,5,4,1,1,0,0,1,1,E01002835,03-12-2018,2,1,1,2,46,8,3,0,0,0,0,-1,1,-1
691,78.576435,14.71537791,1,3,2,3,6,22:08,12,E09000020,3,3212,6,30,6,2,3,3216,0,5,4,1,1,0,0,1,1,E01002901,09-12-2018,2,1,1,2,-1,-1,3,0,0,0,0,-1,1,-1
692,78.56086536,14.79793238,1,3,1,1,3,23:36,12,E09000020,4,316,3,30,3,3,6,0,0,1,4,1,1,0,0,1,1,E01002817,13-12-2018,2,1,1,2,29,6,3,0,0,0,0,-1,2,1
693,78.52639022,14.77049408,1,3,2,1,3,16:40,12,E09000020,3,3212,3,30,9,4,6,0,0,0,4,1,1,0,0,1,1,E01002900,13-12-2018,1,2,2,1,30,6,3,0,0,2,0,-1,8,1
694,78.59617174,14.78944839,1,3,1,1,6,00:55,12,E09000020,3,3217,6,30,3,4,6,0,0,0,4,1,1,0,0,1,1,E01002844,16-12-2018,2,1,1,1,49,8,3,0,0,0,0,-1,9,1
695,78.59916024,14.79642049,1,3,2,1,7,07:10,12,E09000020,3,4,3,40,6,4,3,3220,0,0,4,1,1,0,0,1,2,E01002848,17-12-2018,2,1,1,2,24,5,3,0,0,0,0,-1,9,1
696,78.62565882,14.79281737,1,3,2,3,4,21:30,12,E09000020,3,402,6,30,0,-1,-1,0,0,0,4,1,4,0,0,1,1,E01002869,28-12-2018,1,1,1,1,34,6,3,0,0,0,0,-1,1,1
697,78.52472164,14.73007691,1,3,2,1,1,18:15,12,E09000020,3,308,6,30,3,4,6,0,0,1,4,1,1,0,0,1,1,E01002896,18-12-2018,1,1,1,2,24,5,3,0,0,0,0,-1,3,1
698,78.51478796,14.66167058,1,3,2,1,6,11:05,12,E09000020,4,450,6,30,6,4,6,0,0,0,1,1,1,0,0,1,1,E01002909,09-12-2018,2,1,1,1,27,6,3,0,0,0,0,-1,3,-1
699,78.48739601,14.7083267,1,3,1,1,5,01:47,12,E09000020,3,4,6,30,7,2,3,3218,0,0,4,1,2,0,0,1,1,E01002821,01-12-2018,1,1,1,1,61,9,3,0,0,0,0,-1,3,1
700,78.49907044,14.79253395,1,3,2,1,1,08:21,12,E09000020,3,308,6,30,3,4,6,0,0,0,1,1,1,0,0,1,1,E01002897,18-12-2018,1,1,1,1,33,6,3,0,0,0,0,-1,3,1
701,78.53298098,14.80051134,1,3,1,1,6,15:28,12,E09000020,3,4,6,30,0,-1,-1,0,0,0,1,1,1,0,0,1,1,E01002835,09-12-2018,2,1,1,1,39,7,3,0,0,0,0,-1,5,1
702,78.51631774,14.7070303,1,2,1,1,7,01:07,12,E09000020,3,3217,6,20,3,2,4,304,0,5,4,1,1,0,0,1,1,E01002914,17-12-2018,1,1,1,1,57,9,3,0,0,0,0,-1,9,-1
703,78.51772697,14.76350828,1,3,2,2,7,16:30,12,E09000020,3,3220,6,30,6,2,5,0,0,5,4,1,1,1,0,1,1,E01002866,17-12-2018,1,2,3,2,84,11,2,1,1,0,0,-1,0,-1
704,78.56192472,14.74528884,1,2,1,1,5,11:05,12,E09000020,4,412,6,30,3,4,4,450,0,1,1,1,1,0,0,1,1,E01002878,08-12-2018,1,1,1,2,28,6,3,0,0,0,0,-1,3,1
705,78.58224146,14.71823719,1,3,2,1,6,15:45,12,E09000020,5,0,6,30,0,-1,-1,0,0,0,1,1,1,0,0,1,2,E01002828,25-11-2018,1,1,3,1,12,3,3,10,9,0,0,-1,0,-1
706,78.46939512,14.79361121,1,2,2,1,7,11:29,12,E09000020,3,3220,2,30,0,-1,-1,0,0,0,1,1,2,0,0,1,1,E01002843,10-12-2018,1,1,1,1,32,6,3,0,0,0,0,-1,3,1
707,78.61980847,14.75115313,1,2,1,1,6,16:20,12,E09000020,4,304,6,30,0,-1,-1,0,0,0,4,1,1,0,0,1,1,E01002822,16-12-2018,1,1,3,2,86,11,3,5,1,0,0,-1,0,-1
708,78.48338704,14.78584508,1,3,1,1,6,18:14,12,E09000020,3,3216,6,30,0,-1,-1,0,0,0,4,1,1,0,0,1,1,E01002863,09-12-2018,2,1,1,1,31,6,3,0,0,0,0,-1,1,-1
709,78.5318091,14.67760443,1,3,2,1,4,16:16,12,E09000020,5,0,6,30,3,4,6,0,0,0,4,1,1,0,0,1,1,E01002891,14-12-2018,1,1,1,1,42,7,3,0,0,0,0,-1,9,1
710,78.52328197,14.78883601,1,3,1,1,2,17:10,12,E09000020,4,450,6,30,9,4,6,0,0,1,4,1,1,0,0,1,1,E01002875,19-12-2018,1,2,2,2,-1,-1,3,0,0,1,0,-1,9,1
711,78.52538528,14.76846474,1,3,2,1,4,18:45,12,E09000020,5,0,6,30,0,-1,-1,0,0,1,4,1,1,0,0,1,1,E01002906,21-12-2018,1,1,1,1,34,6,3,0,0,0,0,-1,5,1
712,78.59024609,14.7685258,1,3,2,1,4,12:35,12,E09000020,3,3220,6,30,0,-1,-1,0,0,5,1,1,2,0,0,1,1,E01002840,28-12-2018,1,1,1,2,34,6,3,0,0,0,0,-1,9,1
713,78.56365146,14.71927959,1,2,1,1,6,19:00,12,E09000020,3,402,6,30,3,4,6,0,0,1,4,1,1,0,0,1,1,E01002871,23-12-2018,1,1,1,1,46,8,3,0,0,0,0,-1,9,1
714,78.56501288,14.79590786,1,3,1,1,4,14:20,12,E09000020,3,4204,6,30,3,2,3,315,0,5,1,1,1,0,0,1,1,E01002826,28-12-2018,2,2,1,1,21,5,3,0,0,0,0,-1,9,1
715,78.57420691,14.7408943,1,2,2,1,4,11:20,12,E09000020,6,0,6,30,0,-1,-1,0,0,0,1,1,1,0,0,1,1,E01002884,30-11-2018,1,1,1,1,29,6,3,0,0,0,0,-1,3,1
716,78.57357804,14.74449375,1,3,2,1,2,17:15,12,E09000020,6,0,6,30,2,4,6,0,0,0,4,1,1,0,0,1,1,E01002836,28-11-2018,1,1,3,1,-1,-1,2,4,1,0,0,-1,0,1
717,78.56642682,14.74229791,1,3,1,1,2,14:57,12,E09000020,3,3218,6,30,7,2,3,3220,0,5,1,1,1,0,0,1,1,E01002894,19-12-2018,2,1,1,1,38,7,3,0,0,0,0,-1,1,1
718,78.58702116,14.71242525,1,3,2,1,7,11:29,1,E09000033,6,0,6,30,3,4,6,0,0,0,1,1,1,0,0,1,1,E01004653,17-12-2018,2,1,1,1,14,3,3,0,0,0,0,-1,1,1
719,78.61159437,14.7091571,1,3,2,1,2,17:15,12,E09000020,3,3220,6,30,3,2,6,0,0,0,4,1,1,0,0,1,1,E01002850,19-12-2018,1,1,1,1,24,5,3,0,0,0,0,-1,2,1
720,78.57643413,14.70980866,1,3,1,1,7,00:41,12,E09000020,3,4206,6,30,0,-1,-1,0,0,0,4,1,1,0,0,1,1,E01002883,17-12-2018,1,1,3,1,25,5,2,10,9,0,0,-1,0,1
721,78.47068278,14.78471907,1,3,1,2,5,03:27,12,E09000020,3,4,3,30,6,2,3,3220,0,5,4,1,1,0,0,1,1,E01002814,15-12-2018,1,1,3,2,-1,-1,3,4,1,0,0,-1,0,1
722,78.5322012,14.79235404,1,3,2,2,5,20:10,12,E09000020,5,0,6,30,3,4,6,0,0,0,4,1,1,0,0,1,1,E01002892,29-12-2018,1,1,1,1,72,10,3,0,0,0,0,-1,8,1
723,78.62059931,14.70433319,1,3,2,1,6,16:40,12,E09000020,3,402,6,30,3,2,6,0,0,5,4,5,2,0,0,1,1,E01002869,30-12-2018,2,2,1,2,53,8,3,0,0,0,0,-1,9,1
724,78.58608668,14.71165076,1,3,1,1,6,18:00,12,E09000020,3,4204,6,30,3,4,6,0,0,1,4,7,2,0,0,1,1,E01002825,30-12-2018,1,1,2,2,61,9,3,0,0,0,4,-1,11,1
725,78.62440547,14.76764425,1,3,1,1,2,09:20,12,E09000020,6,0,6,30,0,-1,-1,0,0,0,1,1,2,0,0,1,1,E01002843,19-12-2018,1,1,2,1,31,6,3,0,0,2,0,-1,8,-1
726,78.50859909,14.70728448,1,3,2,1,3,12:40,12,E09000020,3,402,6,30,3,4,3,402,0,0,1,1,1,0,0,1,1,E01002885,20-12-2018,2,1,1,2,-1,-1,3,0,0,0,0,-1,1,-1
727,78.54225753,14.79020355,1,3,2,1,5,17:05,12,E09000020,4,319,6,30,6,2,6,0,0,5,4,1,1,0,0,1,1,E01002863,29-12-2018,1,1,3,2,35,6,3,6,9,0,0,-1,0,1
728,78.48850065,14.66567292,1,3,1,1,2,10:40,12,E09000020,6,0,6,30,3,4,3,308,0,0,1,8,1,0,0,1,1,E01002912,19-12-2018,1,2,1,1,42,7,3,0,0,0,0,-1,9,1
729,78.51212682,14.67701795,1,2,1,1,4,21:25,12,E09000020,3,315,6,30,6,2,3,3220,0,5,4,1,1,0,0,1,1,E01002814,21-12-2018,1,1,1,1,42,7,3,0,0,0,0,-1,9,1
730,78.48895467,14.68624096,1,3,2,1,3,22:20,12,E09000020,3,4,6,30,6,4,3,3220,0,5,4,1,1,0,0,1,2,E01002814,20-12-2018,2,1,1,1,26,6,3,0,0,0,0,-1,9,1
731,78.51016989,14.77935983,1,3,5,3,4,06:44,12,E09000020,3,40,3,50,0,-1,-1,0,0,0,4,1,1,0,2,1,1,E01002877,21-12-2018,1,1,3,2,27,6,3,10,1,0,0,-1,0,1
732,78.5219351,14.75357395,1,3,2,1,5,11:55,12,E09000020,3,3218,6,30,3,4,6,0,0,0,1,1,1,0,0,1,1,E01002837,17-11-2018,1,1,1,1,32,6,3,0,0,0,0,-1,5,1
733,78.54696095,14.73776762,1,3,1,1,2,10:05,12,E09000020,5,0,2,30,6,2,6,0,0,5,1,1,1,0,0,1,1,E01002825,19-12-2018,1,1,1,2,35,6,3,0,0,0,0,-1,9,-1
734,78.53373312,14.68080215,1,2,2,1,6,05:50,12,E09000020,3,3217,6,30,3,2,4,304,0,0,1,1,1,1,0,1,1,E01002914,23-12-2018,1,1,1,1,42,7,2,0,0,0,0,-1,1,1
735,78.51335757,14.77959904,1,3,2,1,5,13:20,12,E09000020,5,0,6,30,3,4,6,0,0,0,1,1,1,0,0,1,1,E01002859,29-12-2018,2,1,1,2,32,6,3,0,0,0,0,-1,1,1
736,78.49994426,14.67823701,1,3,2,1,7,21:29,12,E09000020,3,308,6,30,3,4,6,0,0,1,4,1,1,0,0,1,1,E01002913,31-12-2018,2,1,3,1,58,9,3,9,9,0,0,-1,0,1