Accident_Index,longitude,latitude,Police_Force,Accident_Severity,Number_of_Vehicles,Number_of_Casualties,Day_of_Week,Time,Local_Authority_(District),Local_Authority_(Highway),1st_Road_Class,1st_Road_Number,Road_Type,Speed_limit,Junction_Detail,Junction_Control,2nd_Road_Class,2nd_Road_Number,Pedestrian_Crossing-Human_Control,Pedestrian_Crossing-Physical_Facilities,Light_Conditions,Weather_Conditions,Road_Surface_Conditions,Special_Conditions_at_Site,Carriageway_Hazards,Urban_or_Rural_Area,Did_Police_Officer_Attend_Scene_of_Accident,LSOA_of_Accident_Location,Date,Vehicle_Reference,Casualty_Reference,Casualty_Class,Sex_of_Casualty,Age_of_Casualty,Age_Band_of_Casualty,Casualty_Severity,Pedestrian_Location,Pedestrian_Movement,Car_Passenger,Bus_or_Coach_Passenger,Pedestrian_Road_Maintenance_Worker,Casualty_Type,Casualty_Home_Area_Type
980,78.54562702,14.67216735,48,3,1,1,3,18:25,570,E09000001,5,0,3,30,6,2,5,0,0,0,4,1,1,0,0,1,1,E01000004,25-10-2018,1,1,3,2,25,5,3,5,1,0,0,-1,0,1
981,78.49898473,14.67618602,48,3,2,1,3,19:15,570,E09000001,3,11,2,30,9,4,3,11,0,0,4,4,2,0,0,1,1,E01000005,25-10-2018,2,1,1,1,22,5,3,0,0,0,0,-1,9,-1
982,78.47198115,14.76735588,48,3,2,1,3,22:31,570,E09000001,3,3211,3,30,6,2,3,3211,0,5,4,1,1,0,0,1,1,E01000004,25-10-2018,2,1,1,1,40,7,3,0,0,0,0,-1,9,3
983,78.48356356,14.70423813,48,3,2,1,4,08:55,570,E09000001,5,0,6,30,7,2,5,0,0,5,1,1,1,0,0,1,2,E01000004,26-10-2018,1,1,3,1,33,6,3,1,3,0,0,-1,0,1
984,78.58904911,14.79435882,48,3,2,1,5,08:35,570,E09000001,3,40,6,30,3,2,6,0,0,5,1,1,1,0,0,1,2,E01000004,27-10-2018,1,1,1,1,67,10,3,0,0,0,0,-1,9,1
985,78.62505423,14.70908493,48,3,2,1,5,14:05,570,E09000001,3,3211,6,30,0,-1,-1,0,0,0,1,1,1,0,0,1,1,E01000004,27-10-2018,2,1,1,1,26,6,3,0,0,0,0,-1,19,1
986,78.55092445,14.69439544,48,3,2,1,5,11:52,570,E09000001,3,1211,1,30,1,4,3,1,0,0,1,1,1,0,0,1,1,E01000001,27-10-2018,3,2,1,1,43,7,3,0,0,0,0,-1,8,1
987,78.63293401,14.71486985,48,3,1,2,6,13:39,570,E09000001,5,0,6,30,6,2,5,0,0,5,1,1,1,0,0,1,1,E01000004,28-10-2018,1,1,2,1,81,11,3,0,0,0,3,-1,11,-1
988,78.56442251,14.66937096,48,3,2,3,5,12:04,570,E09000001,5,0,6,30,0,-1,-1,0,0,0,1,1,1,0,0,1,2,E01000004,06-10-2018,1,1,1,1,-1,-1,3,0,0,0,0,-1,3,-1
989,78.60146746,14.79622256,48,3,1,1,2,09:32,570,E09000001,3,1211,2,30,0,-1,-1,0,0,0,1,1,1,0,0,1,1,E01000004,03-10-2018,1,1,3,1,27,6,3,5,3,0,0,-1,0,1
990,78.59130349,14.7055304,48,3,2,1,3,22:10,570,E09000001,3,11,2,30,3,4,3,11,0,7,4,1,1,0,0,1,1,E01000005,04-10-2018,1,1,3,2,23,5,3,1,1,0,0,-1,0,1
991,78.49714429,14.77110248,48,3,1,1,5,14:05,570,E09000001,5,0,2,30,3,4,6,0,0,0,1,4,2,0,0,1,2,E01000004,03-11-2018,1,1,3,1,21,5,3,1,1,0,0,-1,0,-1
992,78.592467,14.75885674,48,3,2,1,5,15:00,570,E09000001,3,40,6,30,0,-1,-1,0,0,0,1,1,1,0,0,1,1,E01000004,03-11-2018,1,1,2,2,-1,-1,2,0,0,0,4,-1,11,-1
993,78.54665341,14.68735332,48,3,1,1,5,22:20,570,E09000001,6,0,6,30,3,4,3,10,0,0,4,1,1,0,0,1,1,E01000004,03-11-2018,1,1,1,1,36,7,3,0,0,0,0,-1,19,1
994,78.48093135,14.68614898,48,2,1,1,6,16:00,570,E09000001,5,0,6,30,0,-1,-1,0,0,0,1,1,1,0,0,1,1,E01000004,04-11-2018,2,2,1,1,42,7,3,0,0,0,0,-1,19,1
995,78.50126363,14.67650299,48,3,1,2,1,07:50,570,E09000001,3,1211,3,30,6,2,6,0,0,5,1,1,1,0,0,1,1,E01000004,06-11-2018,1,1,1,1,54,8,3,0,0,0,0,-1,5,1
996,78.50608562,14.77596271,48,3,2,1,3,08:45,570,E09000001,3,201,3,30,3,4,5,0,0,0,1,1,1,0,0,1,1,E01000004,08-11-2018,1,1,1,1,37,7,3,0,0,0,0,-1,9,1
997,78.55410678,14.73111662,48,3,2,1,3,21:00,570,E09000001,3,40,6,30,1,2,3,40,0,5,4,8,1,0,0,1,1,E01000004,08-11-2018,2,1,1,1,31,6,3,0,0,0,0,-1,1,1
998,78.59129213,14.68709198,1,3,1,1,4,22:30,2,E09000007,3,201,6,30,6,2,4,500,0,0,4,2,2,0,0,1,1,E01000004,09-11-2018,1,1,1,1,41,7,3,0,0,0,0,-1,8,1
999,78.4970115,14.78899457,48,3,2,1,4,14:31,570,E09000001,3,3211,3,30,0,-1,-1,0,0,0,1,1,1,0,0,1,1,E01000004,09-11-2018,1,1,1,2,37,7,3,0,0,0,0,-1,1,1
1000,78.60609968,14.70943043,48,3,1,1,3,15:25,570,E09000001,3,10,6,30,3,4,3,10,0,0,1,1,1,0,0,1,2,E01000004,11-10-2018,1,1,2,2,52,8,3,0,0,0,3,-1,11,1
1001,78.63406398,14.74586634,48,3,2,1,7,01:21,570,E09000001,3,10,6,30,6,2,5,0,0,5,4,1,1,0,0,1,1,E01000004,12-11-2018,1,1,2,2,45,7,3,0,0,1,0,-1,9,1
1002,78.51424775,14.75279697,48,3,1,1,2,17:15,570,E09000001,3,1,3,30,0,-1,-1,0,0,8,4,1,1,0,0,1,1,E01000001,14-11-2018,1,2,1,1,50,8,3,0,0,0,0,-1,9,1
1003,78.49939438,14.75813639,48,3,2,1,2,21:45,570,E09000001,3,10,6,30,3,2,5,0,0,5,4,1,1,0,0,1,2,E01000004,14-11-2018,2,1,1,1,32,6,3,0,0,0,0,-1,1,1
1004,78.47293861,14.72838675,48,3,2,1,3,09:14,570,E09000001,3,1211,3,30,0,-1,-1,0,0,0,1,1,2,0,0,1,1,E01000004,15-11-2018,1,1,1,1,27,6,3,0,0,0,0,-1,1,1
1005,78.47076959,14.71803481,48,3,1,1,4,08:26,570,E09000001,3,10,6,30,3,2,5,0,0,5,1,2,2,1,0,1,1,E01000004,19-10-2018,2,1,1,1,27,6,3,0,0,0,0,-1,1,-1
1006,78.46712798,14.71326588,48,3,2,1,5,07:10,570,E09000001,3,201,7,30,6,2,5,0,0,5,1,1,2,0,0,1,1,E01000004,20-10-2018,1,1,3,2,32,6,3,4,1,0,0,-1,0,1
1007,78.57266769,14.65920458,48,3,2,3,3,17:45,570,E09000001,3,10,6,30,8,4,6,0,0,0,4,1,1,0,0,1,1,E01000004,15-11-2018,1,1,1,1,42,7,3,0,0,0,0,-1,4,1
1008,78.62927921,14.71127242,48,3,2,1,4,23:15,570,E09000001,3,40,6,30,0,-1,-1,0,0,5,4,1,1,0,0,1,1,E01000004,16-11-2018,2,1,1,1,38,7,3,0,0,0,0,-1,1,1
1009,78.49453057,14.77468512,1,3,2,1,5,09:50,2,E09000007,3,201,6,30,6,2,4,400,0,5,1,1,1,0,0,1,2,E01000916,17-11-2018,2,1,1,1,30,6,3,0,0,0,0,-1,5,1
1010,78.5779068,14.66437266,48,3,1,1,5,18:10,570,E09000001,5,0,6,30,0,-1,-1,0,0,0,4,1,1,0,0,1,2,E01000004,17-11-2018,2,1,1,1,30,6,2,0,0,0,0,-1,1,1
1011,78.57035888,14.77472587,48,3,2,1,2,09:02,570,E09000001,3,201,6,30,6,2,5,0,0,5,1,1,1,0,0,1,1,E01000004,21-11-2018,2,1,1,1,31,6,3,0,0,0,0,-1,1,-1
1012,78.49477962,14.77896619,48,3,1,1,2,17:55,570,E09000001,3,10,6,30,6,2,3,1211,0,5,4,1,1,0,0,1,1,E01000004,21-11-2018,1,1,1,2,54,8,2,0,0,0,0,-1,1,3
1013,78.61515955,14.65888883,48,3,1,1,7,00:10,570,E09000001,3,3211,6,30,3,2,6,0,0,5,4,1,1,0,0,1,1,E01000004,26-11-2018,1,1,1,1,39,7,3,0,0,0,0,-1,1,1
1014,78.63929937,14.7149789,48,3,2,1,5,09:15,570,E09000001,3,40,6,30,0,-1,-1,0,0,0,1,1,2,0,0,1,1,E01000004,24-11-2018,1,1,3,2,26,6,3,5,4,0,0,-1,0,-1
1015,78.51951586,14.73069644,48,2,2,1,6,07:21,570,E09000001,3,3211,6,30,0,-1,-1,0,0,0,1,8,1,0,0,1,1,E01000004,25-11-2018,2,1,1,2,39,7,3,0,0,0,0,-1,1,1
1016,78.47726549,14.73369364,48,3,1,1,2,14:20,570,E09000001,3,40,6,30,9,2,3,40,0,5,1,1,1,0,0,1,1,E01000004,28-11-2018,2,1,1,1,21,5,3,0,0,0,0,-1,1,1
1017,78.52480639,14.75437202,48,3,2,1,3,05:05,570,E09000001,3,201,6,30,3,4,5,0,0,0,4,1,1,0,0,1,1,E01000004,29-11-2018,1,1,1,1,41,7,2,0,0,0,0,-1,4,1
1018,78.53571611,14.65780593,48,3,2,1,3,16:39,570,E09000001,3,40,3,30,3,4,6,0,0,0,4,1,1,0,0,1,1,E01000004,29-11-2018,1,1,1,1,45,7,3,0,0,0,0,-1,1,1
1019,78.62592674,14.72435572,48,3,2,1,3,10:55,570,E09000001,3,201,3,30,3,4,6,0,0,0,1,1,1,0,0,1,1,E01000004,01-11-2018,1,1,1,1,37,7,3,0,0,0,0,-1,4,1
1020,78.51783135,14.73907737,48,3,2,1,4,17:15,570,E09000001,3,3211,6,30,0,-1,-1,0,0,0,1,1,1,0,0,1,2,E01000004,14-09-2018,1,2,3,2,27,6,3,4,4,0,0,-1,0,2
1021,78.53424077,14.66266208,48,3,2,1,5,11:00,570,E09000001,5,0,6,30,3,4,6,0,0,0,1,9,1,0,0,1,1,E01000004,15-12-2018,1,1,1,1,35,6,3,0,0,0,0,-1,1,1
1022,78.6289258,14.72580203,48,3,2,1,4,18:45,570,E09000001,3,1211,1,30,1,4,3,1,0,0,4,1,1,0,0,1,1,E01000001,23-11-2018,1,2,3,1,-1,-1,3,5,1,0,0,-1,0,1
1023,78.63879534,14.72420026,48,3,1,1,2,21:42,570,E09000001,3,10,3,30,6,2,3,1211,0,5,4,1,1,0,0,1,1,E01000004,28-11-2018,2,1,1,2,29,6,3,0,0,0,0,-1,1,1
1024,78.63365626,14.71106908,48,3,1,1,5,16:20,570,E09000001,5,0,3,30,3,4,5,0,0,0,4,1,2,0,0,1,2,E01000004,01-12-2018,1,1,1,1,39,7,2,0,0,0,0,-1,3,1
1025,78.50361519,14.74341726,48,2,1,2,5,23:30,570,E09000001,5,0,6,30,7,2,5,0,0,5,4,2,2,0,0,1,2,E01000004,01-12-2018,1,1,1,1,33,6,3,0,0,0,0,-1,5,3
1026,78.63862654,14.78761276,48,3,1,1,6,07:30,570,E09000001,5,0,6,30,7,2,5,0,0,5,4,1,1,0,0,1,1,E01000004,02-12-2018,2,1,1,1,45,7,3,0,0,0,0,-1,5,1
1027,78.50087644,14.7985777,48,3,2,1,6,08:20,570,E09000001,5,0,2,30,3,4,5,0,0,0,1,1,2,0,0,1,2,E01000004,02-12-2018,2,1,1,2,33,6,3,0,0,0,0,-1,5,1
1028,78.49720603,14.6825687,48,3,2,1,6,09:15,570,E09000001,5,0,6,30,3,4,5,0,0,0,1,1,1,0,0,1,1,E01000004,02-12-2018,2,1,1,2,32,6,3,0,0,0,0,-1,1,1
1029,78.52751338,14.75566446,48,3,1,1,2,12:00,570,E09000001,3,10,6,30,3,3,6,0,0,0,1,1,1,0,0,1,1,E01000004,05-12-2018,1,1,3,1,47,8,3,4,1,0,0,-1,0,1
1030,78.64237706,14.76696827,48,3,3,2,2,14:15,570,E09000001,5,0,6,30,3,4,5,0,0,0,1,1,1,0,0,1,1,E01000004,05-12-2018,1,1,1,1,32,6,3,0,0,0,0,-1,1,1
1031,78.47579689,14.75366724,48,3,2,1,3,10:45,570,E09000001,3,40,1,30,1,2,3,4,0,5,1,1,1,0,0,1,1,E01000004,06-12-2018,2,1,1,1,-1,-1,2,0,0,0,0,-1,1,-1
1032,78.46943229,14.72117916,48,3,2,1,6,18:00,570,E09000001,3,3,6,30,3,4,5,0,0,0,4,1,2,0,0,1,1,E01000004,02-12-2018,2,1,1,1,28,6,3,0,0,0,0,-1,1,1
1033,78.50585577,14.70944575,48,3,2,1,4,12:05,570,E09000001,3,201,6,30,0,-1,-1,0,0,0,1,1,1,0,0,1,1,E01000004,07-12-2018,1,1,1,1,31,6,3,0,0,0,0,-1,1,1
1034,78.49945362,14.7452146,48,3,2,1,4,19:15,570,E09000001,3,501,6,30,3,4,6,0,0,0,4,1,1,0,0,1,1,E01000004,07-12-2018,1,1,3,2,19,4,3,4,1,0,0,-1,0,-1
1035,78.62863166,14.74281849,48,3,1,1,4,23:30,570,E09000001,3,40,3,30,9,4,3,40,0,0,4,1,2,0,0,1,1,E01000004,07-12-2018,1,1,3,2,18,4,3,1,1,0,0,-1,0,-1
1036,78.62081104,14.77325622,48,3,2,1,1,17:00,570,E09000001,3,3,6,30,3,4,5,0,0,0,4,1,1,0,0,1,2,E01000004,27-11-2018,1,1,3,1,28,6,3,1,1,0,0,-1,0,1
1037,78.53335531,14.65788553,48,3,2,1,6,07:35,570,E09000001,5,0,6,30,7,2,5,0,0,5,4,1,1,0,0,1,1,E01000004,09-12-2018,1,1,2,1,-1,-1,3,0,0,0,1,-1,11,-1
1038,78.58311455,14.7557754,48,3,1,1,6,13:02,570,E09000001,3,4,6,30,0,-1,-1,0,0,0,1,1,1,0,0,1,1,E01000004,09-12-2018,1,1,1,1,38,7,2,0,0,0,0,-1,5,-1
1039,78.52585744,14.79350585,48,3,1,1,7,00:15,570,E09000001,5,0,6,30,6,4,5,0,0,0,4,1,1,0,0,1,1,E01000004,10-12-2018,2,1,1,1,28,6,3,0,0,0,0,-1,1,-1
1040,78.54719947,14.76542767,48,3,1,1,1,02:50,570,E09000001,3,1211,1,30,1,2,3,11,0,0,4,1,1,0,0,1,2,E01000005,11-12-2018,2,1,1,1,34,6,2,0,0,0,0,-1,5,1
1041,78.54463011,14.71353768,48,3,2,1,4,17:40,570,E09000001,3,3211,6,30,3,4,3,3211,0,0,4,1,1,0,0,1,1,E01000004,14-12-2018,1,1,1,1,25,5,2,0,0,0,0,-1,1,1
1042,78.50757097,14.6817024,48,3,1,1,7,01:00,570,E09000001,5,0,6,30,0,-1,-1,0,0,0,4,1,1,0,0,1,1,E01000004,17-12-2018,1,1,1,1,27,6,3,0,0,0,0,-1,1,1
1043,78.59417521,14.77703205,48,3,2,1,4,12:05,570,E09000001,6,0,6,30,3,4,6,0,0,0,1,1,1,0,0,1,1,E01000004,21-12-2018,1,1,3,1,45,7,3,5,3,0,0,-1,0,1
1044,78.58366462,14.77412376,48,3,2,2,6,02:38,570,E09000001,5,0,6,30,6,2,3,10,0,5,4,1,1,4,0,1,2,E01000004,23-12-2018,1,1,2,1,61,9,3,0,0,0,1,-1,11,1
1045,78.48587199,14.74899003,48,3,2,1,5,18:10,570,E09000001,3,3211,2,30,3,4,5,0,0,0,4,1,1,0,0,1,1,E01000004,17-11-2018,2,1,1,1,35,6,2,0,0,0,0,-1,5,1
1046,78.53921761,14.66427239,48,3,2,1,7,20:38,570,E09000001,3,10,6,30,7,2,5,0,0,0,4,1,1,0,0,1,2,E01000004,12-11-2018,1,1,1,1,36,7,3,0,0,0,0,-1,1,1
1047,78.5978146,14.66985705,1,3,2,1,3,09:28,1,E09000033,3,4,1,30,1,2,5,0,0,5,1,1,1,0,0,1,1,E01004736,04-01-2018,1,1,1,2,24,5,3,0,0,0,0,-1,1,-1
1048,78.55220808,14.69133411,1,3,2,1,7,01:30,1,E09000033,3,202,3,30,0,-1,-1,0,0,0,4,1,1,0,0,1,1,,01-01-2018,1,1,1,1,25,5,3,0,0,0,0,-1,1,1
1049,78.58904211,14.74624721,1,3,2,1,4,09:00,1,E09000033,6,0,6,30,6,4,6,0,0,0,1,1,1,0,0,1,1,E01002818,12-01-2018,1,1,3,2,64,9,3,5,1,0,0,-1,0,-1
1050,78.62139153,14.68388477,1,3,1,1,1,01:10,1,E09000033,3,4202,3,40,0,-1,-1,0,0,0,4,1,1,0,0,1,1,E01004689,09-01-2018,1,1,3,2,38,7,2,5,3,0,0,-1,0,1
1051,78.54993875,14.68982008,1,3,1,1,1,15:00,1,E09000033,3,40,2,30,6,2,3,40,0,5,1,2,2,0,0,1,1,E01004765,09-01-2018,2,1,1,1,35,6,3,0,0,0,0,-1,4,-1
1052,78.48109177,14.73273354,1,3,2,1,4,12:20,1,E09000033,3,4,6,30,0,-1,-1,0,0,0,1,1,1,0,0,1,1,E01004736,12-01-2018,1,1,1,2,27,6,3,0,0,0,0,-1,9,1
1053,78.47632539,14.68767358,1,3,1,1,6,02:30,1,E09000033,5,0,2,30,3,4,6,0,0,0,4,1,1,0,0,1,1,E01004734,14-01-2018,1,1,3,2,27,6,3,5,1,0,0,-1,0,1
1054,78.55292708,14.69911683,1,3,1,1,7,20:15,1,E09000033,3,302,2,30,3,2,3,302,0,5,4,1,1,0,0,1,1,E01004733,08-01-2018,2,1,1,2,30,6,3,0,0,0,0,-1,1,1
1055,78.50613244,14.78800827,1,3,2,1,5,17:33,1,E09000033,3,302,6,30,0,-1,-1,0,0,0,4,1,1,0,0,1,1,E01004748,13-01-2018,2,1,1,2,38,7,3,0,0,0,0,-1,9,1
1056,78.54496611,14.67250179,1,3,2,2,7,17:31,1,E09000033,3,501,3,30,0,-1,-1,0,0,0,4,1,1,0,0,1,1,E01004716,15-01-2018,2,1,1,1,34,6,3,0,0,0,0,-1,1,1
1057,78.62298843,14.77182118,1,3,1,1,5,17:15,1,E09000033,5,0,6,30,3,4,6,0,0,0,4,1,1,0,0,1,1,E01004669,13-01-2018,2,1,1,2,28,6,3,0,0,0,0,-1,1,1
1058,78.6005494,14.69328976,1,3,2,1,3,12:00,1,E09000033,3,41,3,30,3,2,5,0,0,5,1,1,1,0,0,1,1,E01004649,18-01-2018,1,1,2,2,58,9,3,0,0,0,4,-1,11,1
1059,78.61773492,14.78416066,1,3,1,1,7,10:28,1,E09000033,3,40,6,30,0,-1,-1,0,0,0,1,1,1,0,0,1,1,E01004764,08-01-2018,1,1,3,1,45,7,3,9,8,0,0,-1,0,3
1060,78.53978467,14.69143543,1,3,1,1,7,15:58,1,E09000033,6,0,2,30,3,4,6,0,0,0,4,1,1,0,0,1,1,E01004750,08-01-2018,2,1,1,1,31,6,3,0,0,0,0,-1,1,1
1061,78.59083568,14.69418868,1,3,2,1,2,18:05,1,E09000033,5,0,9,30,7,4,5,0,0,0,4,1,2,0,0,1,1,E01004731,10-01-2018,1,1,3,2,29,6,3,10,9,0,0,-1,0,1
1062,78.52060293,14.69065249,1,3,1,1,5,17:47,1,E09000033,3,40,3,30,6,2,5,0,0,5,4,1,1,0,0,1,1,E01004764,20-01-2018,1,1,1,1,21,5,3,0,0,0,0,-1,1,1
1063,78.5526351,14.73397133,1,3,1,1,4,18:42,1,E09000033,3,4201,6,30,3,4,6,0,0,0,1,2,2,0,0,1,1,E01004764,05-01-2018,1,1,1,1,23,5,3,0,0,0,0,-1,1,1
1064,78.58460286,14.74083427,1,3,2,1,7,19:40,1,E09000033,3,41,2,30,6,2,3,5204,0,5,4,1,2,0,0,1,1,E01004714,22-01-2018,1,1,1,1,37,7,3,0,0,0,0,-1,5,1
1065,78.52630187,14.79155399,1,3,1,1,3,17:08,1,E09000033,5,0,6,30,6,2,3,5,0,5,4,2,2,0,0,1,1,E01004703,11-01-2018,2,1,1,1,34,6,3,0,0,0,0,-1,9,1
1066,78.60972819,14.66233091,1,3,2,3,2,06:58,1,E09000033,5,0,3,40,6,2,3,4202,0,0,4,1,2,0,0,1,1,E01004689,03-01-2018,2,1,1,2,30,6,3,0,0,0,0,-1,1,1
1067,78.5846046,14.67038566,1,3,1,1,6,14:10,1,E09000033,3,40,6,30,3,4,6,0,0,8,1,1,1,0,0,1,1,E01004764,07-01-2018,2,1,1,1,-1,-1,3,0,0,0,0,-1,1,1
1068,78.48982029,14.72397205,1,3,2,2,5,18:45,1,E09000033,5,0,6,30,3,4,3,4209,0,0,4,1,1,0,0,1,1,E01004683,06-01-2018,2,1,1,1,38,7,3,0,0,0,0,-1,1,1
1069,78.56165094,14.72991713,1,3,2,1,5,23:38,1,E09000033,3,41,2,30,6,2,5,0,0,5,4,1,1,0,0,1,1,E01004662,06-01-2018,2,1,1,1,40,7,2,0,0,0,0,-1,1,2
1070,78.60695384,14.71417814,1,3,2,1,7,07:50,1,E09000033,3,401,6,30,6,4,5,0,0,1,1,1,1,0,0,1,1,E01004763,22-01-2018,2,1,1,1,35,6,2,0,0,0,0,-1,5,1
1071,78.47088798,14.78982834,1,3,2,1,2,00:36,1,E09000033,3,4202,3,30,3,4,5,0,0,0,4,1,1,0,0,1,1,E01004762,10-01-2018,2,1,1,1,24,5,3,0,0,0,0,-1,1,1
1072,78.49655174,14.76181405,1,3,1,1,3,15:18,1,E09000033,4,414,6,30,6,2,4,413,0,5,1,2,2,0,0,1,1,E01004675,11-01-2018,2,1,1,1,25,5,3,0,0,0,0,-1,3,1
1073,78.60969327,14.71775326,1,2,2,1,4,12:24,1,E09000033,3,4201,6,30,0,-1,-1,0,0,0,1,1,1,0,0,1,1,E01004716,12-01-2018,2,1,1,1,40,7,3,0,0,0,0,-1,8,1
1074,78.47593619,14.75765162,1,3,1,1,7,14:00,1,E09000033,3,302,6,30,3,4,6,0,0,0,1,1,1,0,0,1,1,E01004690,22-01-2018,1,1,2,2,61,9,3,0,0,0,3,-1,11,-1
1075,78.51859919,14.75545827,1,3,1,1,6,17:29,1,E09000033,6,0,2,30,0,-1,-1,0,0,0,4,1,1,0,0,1,1,E01004750,14-01-2018,1,2,2,2,40,7,3,0,0,0,3,-1,11,1
1076,78.6061133,14.78856888,1,3,2,1,6,17:16,1,E09000033,3,202,3,30,3,2,4,310,0,5,4,1,1,0,0,1,1,E01004737,14-01-2018,1,1,3,1,36,7,2,4,1,0,0,-1,0,-1
1077,78.57061306,14.69188548,1,3,1,1,2,21:17,1,E09000033,3,4,2,30,3,2,5,0,0,5,4,1,1,0,0,1,1,E01004736,14-02-2018,1,1,3,1,23,5,3,4,2,0,0,-1,0,1
1078,78.60967018,14.75948443,1,3,1,1,2,16:20,1,E09000033,3,40,6,30,6,2,3,40,0,5,4,2,2,0,0,1,1,E01004764,17-01-2018,1,1,1,1,36,7,3,0,0,0,0,-1,1,1
1079,78.49005167,14.76844712,1,3,3,1,2,17:12,1,E09000033,3,501,3,30,6,2,3,41,0,5,4,2,2,0,0,1,1,E01004660,17-01-2018,2,1,1,1,37,7,3,0,0,0,0,-1,5,1
1080,78.53902068,14.74494128,1,3,1,1,1,02:59,1,E09000033,3,400,6,30,6,2,3,401,0,5,4,1,1,0,0,1,1,E01004763,23-01-2018,1,1,3,2,46,8,3,5,1,0,0,-1,0,1
1081,78.61993907,14.75435975,1,3,2,1,2,08:00,1,E09000033,3,5,3,30,0,-1,-1,0,0,0,1,1,1,0,0,1,1,E01004711,10-01-2018,1,1,1,1,32,6,3,0,0,0,0,-1,3,-1
1082,78.60399419,14.68891755,1,3,1,1,4,17:01,1,E09000033,6,0,6,30,0,-1,-1,0,0,0,4,2,2,0,0,1,1,E01004715,19-01-2018,1,2,3,2,29,6,3,4,1,0,0,-1,0,1
1083,78.46601629,14.76996308,1,3,1,1,4,11:55,1,E09000033,3,400,6,40,3,4,6,0,0,0,1,1,1,0,0,1,1,E01004734,19-01-2018,1,1,1,1,24,5,3,0,0,0,0,-1,1,1
1084,78.53240734,14.66938698,1,3,2,2,5,09:17,12,E09000020,3,3212,3,30,6,2,3,3216,0,5,1,1,1,0,0,1,1,E01004669,13-01-2018,1,1,1,1,64,9,3,0,0,0,0,-1,11,-1
1085,78.5176372,14.70638274,1,2,2,1,5,18:20,1,E09000033,4,323,6,30,6,2,4,326,0,5,4,1,1,0,0,1,1,E01004743,13-01-2018,1,1,3,2,32,6,3,4,4,0,0,-1,0,1
1086,78.51889085,14.65965596,1,3,1,1,3,14:28,1,E09000033,3,302,3,30,3,4,6,0,0,0,1,2,2,0,0,1,1,E01004731,11-01-2018,2,1,1,1,23,5,3,0,0,0,0,-1,3,1
1087,78.63776724,14.70415142,1,3,1,1,6,21:30,1,E09000033,3,4,6,30,0,-1,-1,0,0,0,4,1,1,0,0,1,1,E01004736,14-01-2018,3,1,1,1,53,8,3,0,0,0,0,-1,9,1
1088,78.48081696,14.74632208,1,3,2,1,1,15:19,1,E09000033,3,501,3,30,7,2,3,41,0,5,1,1,1,0,0,1,1,E01004712,16-01-2018,2,1,1,1,47,8,3,0,0,0,0,-1,1,1
1089,78.48043138,14.67230428,1,3,2,1,2,18:15,1,E09000033,3,4201,6,30,0,-1,-1,0,0,0,4,2,2,0,0,1,2,E01004764,10-01-2018,2,2,3,1,34,6,3,10,9,0,0,-1,0,1
1090,78.46517405,14.66242854,1,3,2,1,7,14:35,1,E09000033,3,401,6,30,3,4,6,0,0,0,1,1,1,0,0,1,3,E01004763,01-01-2018,2,1,1,1,23,5,3,0,0,0,0,-1,1,1
1091,78.64031401,14.72429165,1,3,1,1,5,23:40,1,E09000033,3,40,6,30,0,-1,-1,0,0,0,4,1,1,0,0,1,1,E01004762,20-01-2018,1,1,2,2,40,7,3,0,0,2,0,-1,8,1
1092,78.56435882,14.66613139,1,2,2,1,6,21:42,1,E09000033,3,302,3,30,3,4,6,0,0,0,4,1,1,0,0,1,1,E01004690,21-01-2018,1,2,2,2,25,5,3,0,0,2,0,-1,8,1
1093,78.49277381,14.74589214,1,2,1,1,1,17:18,1,E09000033,3,40,6,30,0,-1,-1,0,0,0,4,1,1,0,0,1,1,E01004764,16-01-2018,1,1,1,1,45,7,2,0,0,0,0,-1,5,2
1094,78.56726402,14.72265754,1,3,2,1,1,15:30,1,E09000033,3,40,3,50,0,-1,-1,0,0,0,1,1,1,0,0,1,1,E01004757,23-01-2018,1,1,1,1,34,6,3,0,0,0,0,-1,5,1
1095,78.49675245,14.77927435,1,3,2,1,2,17:36,1,E09000033,5,0,6,30,0,-1,-1,0,0,0,4,1,1,0,0,1,1,E01004675,24-01-2018,2,1,1,1,20,4,3,0,0,0,0,-1,3,-1
1096,78.58017432,14.71974027,1,2,2,1,4,08:15,1,E09000033,6,0,6,30,3,4,4,324,0,0,1,1,1,0,0,1,1,E01004744,26-01-2018,1,1,1,1,26,6,3,0,0,0,0,-1,1,1
1097,78.53382842,14.80175537,1,3,1,2,4,14:10,1,E09000033,3,4201,3,30,6,2,3,40,0,0,1,1,1,0,0,1,1,E01004764,26-01-2018,2,1,1,1,33,6,3,0,0,0,0,-1,5,1
1098,78.59255506,14.69087527,1,3,2,1,3,19:10,1,E09000033,3,302,6,30,3,3,6,0,0,0,4,2,2,3,0,1,1,E01004690,25-01-2018,1,1,1,1,53,8,2,0,0,0,0,-1,1,1
1099,78.61382452,14.70068346,1,3,1,1,4,16:44,1,E09000033,3,401,6,30,3,4,6,0,0,0,1,1,1,0,0,1,1,E01004734,26-01-2018,1,1,1,1,26,6,3,0,0,0,0,-1,1,1
1100,78.51126195,14.73682102,1,3,1,1,3,23:20,1,E09000033,3,4,2,30,3,2,6,0,0,5,4,1,1,0,0,1,1,E01004735,18-01-2018,1,1,3,2,22,5,3,5,1,0,0,-1,0,1