Accident_Index,longitude,latitude,Police_Force,Accident_Severity,Number_of_Vehicles,Number_of_Casualties,Day_of_Week,Time,Local_Authority_(District),Local_Authority_(Highway),1st_Road_Class,1st_Road_Number,Road_Type,Speed_limit,Junction_Detail,Junction_Control,2nd_Road_Class,2nd_Road_Number,Pedestrian_Crossing-Human_Control,Pedestrian_Crossing-Physical_Facilities,Light_Conditions,Weather_Conditions,Road_Surface_Conditions,Special_Conditions_at_Site,Carriageway_Hazards,Urban_or_Rural_Area,Did_Police_Officer_Attend_Scene_of_Accident,LSOA_of_Accident_Location,Date,Vehicle_Reference,Casualty_Reference,Casualty_Class,Sex_of_Casualty,Age_of_Casualty,Age_Band_of_Casualty,Casualty_Severity,Pedestrian_Location,Pedestrian_Movement,Car_Passenger,Bus_or_Coach_Passenger,Pedestrian_Road_Maintenance_Worker,Casualty_Type,Casualty_Home_Area_Type
1101,78.57348222,14.68661924,1,3,3,1,4,03:25,1,E09000033,3,41,3,30,6,2,3,501,0,5,4,1,2,1,0,1,1,E01004662,26-01-2018,2,1,1,2,34,6,3,0,0,0,0,-1,9,1
1102,78.51636512,14.78270249,1,3,2,1,4,10:25,1,E09000033,5,0,6,30,3,4,6,0,0,0,1,1,1,0,0,1,1,E01004726,26-01-2018,1,1,2,2,30,6,3,0,0,2,0,-1,8,-1
1103,78.52080159,14.66909319,1,3,1,1,5,11:30,1,E09000033,3,4,2,30,7,2,3,3212,0,5,1,1,1,0,0,1,1,E01004736,27-01-2018,1,1,1,1,26,6,3,0,0,0,0,-1,1,1
1104,78.57478964,14.79543948,1,3,1,1,5,11:05,1,E09000033,6,0,2,30,3,4,6,0,0,0,1,1,1,0,0,1,1,E01004731,27-01-2018,2,1,1,1,-1,-1,3,0,0,0,0,-1,1,1
1105,78.57017117,14.77754824,1,3,2,1,5,19:00,1,E09000033,6,0,6,30,3,4,6,0,0,0,4,1,2,0,0,1,1,E01004753,27-01-2018,1,1,1,1,21,5,3,0,0,0,0,-1,3,1
1106,78.56177343,14.72753647,1,3,2,1,5,13:30,1,E09000033,3,400,3,30,3,4,6,0,0,0,1,1,1,0,0,1,1,E01004734,20-01-2018,2,1,1,1,33,6,3,0,0,0,0,-1,3,1
1107,78.5795398,14.75638787,1,2,1,1,5,15:26,1,E09000033,3,4,2,30,6,4,4,2327,0,1,1,1,2,0,0,1,1,E01004736,20-01-2018,1,1,3,2,20,4,3,1,3,0,0,-1,0,1
1108,78.55300284,14.77092964,1,3,2,1,2,00:35,1,E09000033,3,501,3,30,6,2,3,4201,0,5,4,1,1,0,0,1,1,E01000946,31-01-2018,1,2,3,2,34,6,3,1,3,0,0,-1,0,1
1109,78.4778295,14.66894516,1,3,2,1,3,09:35,1,E09000033,3,3212,6,30,0,-1,-1,0,0,0,1,1,1,0,0,1,1,E01004733,25-01-2018,1,1,3,1,28,6,3,6,9,0,0,-1,0,1
1110,78.55159702,14.80335835,1,2,1,1,3,19:40,1,E09000033,3,41,6,30,3,2,6,0,0,5,4,1,2,0,0,1,1,E01004725,11-01-2018,1,2,3,2,25,5,3,6,9,0,0,-1,0,-1
1111,78.50416077,14.80389845,1,3,2,1,2,19:22,1,E09000033,3,302,2,30,6,2,3,3214,0,5,4,1,1,0,0,1,1,E01004750,31-01-2018,1,3,3,1,-1,-1,3,6,9,0,0,-1,0,-1
1112,78.46748786,14.72339402,1,3,1,1,5,13:45,1,E09000033,3,4,6,30,0,-1,-1,0,0,0,1,1,1,0,0,1,2,E01004734,06-01-2018,1,1,3,1,31,6,3,9,7,0,0,-1,0,1
1113,78.61759438,14.66729828,1,2,2,1,4,19:30,1,E09000033,3,4,6,30,3,2,3,4,0,5,7,1,1,0,0,1,2,E01004736,19-01-2018,2,1,2,2,33,6,3,0,0,2,0,-1,9,1
1114,78.53487554,14.72230948,1,3,2,1,5,19:00,1,E09000033,5,0,6,30,6,2,3,4201,0,5,4,1,2,0,0,1,2,E01004764,27-01-2018,1,1,3,2,23,5,3,5,1,0,0,-1,0,1
1115,78.58777053,14.6929474,1,3,1,1,5,21:10,1,E09000033,6,0,3,30,3,4,3,501,0,0,4,1,2,0,0,1,1,E01004662,20-01-2018,1,1,1,1,42,7,3,0,0,0,0,-1,5,1
1116,78.64143606,14.79905885,1,3,4,1,1,11:10,1,E09000033,3,40,3,30,0,-1,-1,0,0,0,1,1,2,0,0,1,1,E01004685,23-01-2018,1,1,3,2,48,8,3,9,9,0,0,-1,0,1
1117,78.46709927,14.78596186,1,3,2,1,4,19:30,1,E09000033,4,410,6,30,0,-1,-1,0,0,0,4,1,1,0,0,1,2,E01004694,26-01-2018,1,1,1,1,44,7,2,0,0,0,0,-1,1,1
1118,78.621124,14.80072917,1,3,2,1,3,17:28,1,E09000033,3,5,3,30,6,2,5,0,0,0,4,1,2,0,0,1,1,E01004726,01-02-2018,1,1,3,1,28,6,3,1,2,0,0,-1,0,1
1119,78.61444881,14.65916582,1,3,1,1,2,23:30,1,E09000033,3,4201,6,30,0,-1,-1,0,0,0,4,1,1,0,0,1,1,E01004764,10-01-2018,1,2,3,1,38,7,3,1,2,0,0,-1,0,1
1120,78.61655855,14.67836227,1,3,1,1,3,10:30,1,E09000033,3,4205,6,30,6,4,5,0,0,1,1,1,1,0,0,1,1,E01004682,18-01-2018,1,1,1,1,27,6,3,0,0,0,0,-1,1,1
1121,78.56149581,14.72136293,1,3,1,2,5,16:36,1,E09000033,6,0,3,30,3,4,3,402,0,1,4,1,1,0,0,1,1,E01004689,20-01-2018,1,1,1,1,-1,-1,3,0,0,0,0,-1,1,1
1122,78.50848635,14.7709259,1,3,3,1,5,23:12,1,E09000033,5,0,6,30,9,4,3,5,0,0,4,2,2,0,0,1,1,E01004684,20-01-2018,1,1,3,1,33,6,3,5,1,0,0,-1,0,-1
1123,78.55722683,14.68440908,1,3,2,1,6,13:10,1,E09000033,3,302,2,30,6,2,3,3217,0,5,1,2,2,0,0,1,1,E01004690,28-01-2018,2,1,1,1,22,5,3,0,0,0,0,-1,2,1
1124,78.50677914,14.66126387,1,3,2,1,6,19:30,1,E09000033,5,0,6,30,3,2,3,4,0,0,4,1,1,0,0,1,1,E01004761,07-01-2018,1,1,2,1,-1,-1,3,0,0,0,2,-1,11,-1
1125,78.46882239,14.77699082,1,3,1,1,6,15:15,1,E09000033,3,3211,3,30,0,-1,-1,0,0,0,1,1,1,0,0,1,1,E01004733,07-01-2018,2,1,2,2,29,6,3,0,0,1,0,-1,9,-1
1126,78.46500564,14.79548953,1,3,2,1,7,12:35,1,E09000033,6,0,6,30,6,4,6,0,0,0,1,1,1,0,0,1,1,E01004668,08-01-2018,1,1,3,2,22,5,3,5,3,0,0,-1,0,1
1127,78.50841175,14.71017666,1,3,1,1,1,13:10,1,E09000033,3,302,2,30,9,4,3,302,0,0,1,1,1,0,0,1,1,E01004748,09-01-2018,1,1,1,1,25,5,3,0,0,0,0,-1,3,1
1128,78.51192514,14.73227391,1,3,1,1,2,15:10,1,E09000033,3,400,6,30,0,-1,-1,0,0,0,1,1,1,0,0,1,1,E01004734,31-01-2018,2,1,1,1,28,6,3,0,0,0,0,-1,4,1
1129,78.54960978,14.68271444,1,3,1,1,3,15:04,1,E09000033,3,4,2,30,3,4,6,0,0,1,1,2,2,0,0,1,1,E01004764,01-02-2018,1,1,3,2,27,6,3,4,4,0,0,-1,0,1
1130,78.58617931,14.66783343,1,3,2,1,3,17:40,1,E09000033,3,315,6,30,3,4,6,0,0,0,4,2,2,0,0,1,1,E01004689,01-02-2018,2,1,1,1,29,6,3,0,0,0,0,-1,1,1
1131,78.62880923,14.745815,1,3,2,1,6,08:08,1,E09000033,6,0,6,30,3,4,3,315,0,0,1,1,2,0,0,1,1,E01004689,28-01-2018,1,1,1,1,25,5,3,0,0,0,0,-1,5,1
1132,78.47639178,14.67140634,1,3,1,1,2,15:10,1,E09000033,6,0,6,30,3,4,3,402,0,0,1,1,1,0,0,1,1,E01004694,31-01-2018,1,3,2,2,-1,-1,3,0,0,0,0,-1,5,1
1133,78.52587384,14.79799945,1,3,1,1,4,21:20,1,E09000033,3,3212,6,30,0,-1,-1,0,0,0,4,1,1,0,0,1,1,E01004736,02-02-2018,2,2,1,1,30,6,3,0,0,0,0,-1,19,-1
1134,78.64135695,14.79574371,1,3,1,1,3,15:20,1,E09000033,4,323,6,30,3,4,4,324,0,0,1,1,2,0,0,1,2,E01004744,25-01-2018,1,1,1,2,27,6,3,0,0,0,0,-1,1,1
1135,78.61014944,14.7447103,1,3,2,1,4,13:40,1,E09000033,6,0,6,30,6,4,6,0,0,0,1,1,1,0,0,1,1,E01004748,02-02-2018,1,1,1,2,26,6,3,0,0,0,0,-1,1,1
1136,78.47061456,14.76294645,1,3,1,1,4,10:55,1,E09000033,3,40,6,30,0,-1,-1,0,0,5,1,1,1,0,0,1,1,E01004762,02-02-2018,1,1,3,2,51,8,3,6,9,0,0,-1,0,1
1137,78.47775363,14.67026274,1,3,2,1,4,18:20,1,E09000033,3,4,2,30,3,2,3,4,0,5,4,1,2,0,0,1,1,E01004736,02-02-2018,2,1,1,1,27,6,3,0,0,0,0,-1,1,1
1138,78.47585779,14.66270638,1,3,2,1,5,11:59,1,E09000033,3,4202,3,30,0,-1,-1,0,0,0,1,1,1,0,0,1,1,E01004689,03-02-2018,1,1,3,1,40,7,3,4,1,0,0,-1,0,1
1139,78.50418064,14.73420435,1,3,2,1,2,21:00,1,E09000033,3,302,1,30,1,4,3,4,0,0,4,1,1,0,0,1,1,E01004691,31-01-2018,1,1,3,1,26,6,3,4,4,0,0,-1,0,1
1140,78.61236576,14.68836642,1,3,2,1,5,15:50,1,E09000033,5,0,6,30,3,2,6,0,0,5,1,1,1,0,0,1,1,E01004736,03-02-2018,2,1,1,1,26,6,3,0,0,0,0,-1,1,1
1141,78.58348991,14.75577586,1,3,1,1,6,15:20,1,E09000033,3,40,2,30,3,2,3,40,0,5,1,1,1,0,0,1,1,E01004764,04-02-2018,2,1,1,1,32,6,2,0,0,0,0,-1,4,1
1142,78.62738055,14.70570318,1,3,1,1,6,13:23,1,E09000033,3,40,6,30,3,2,5,0,0,5,1,1,1,0,0,1,1,E01004764,04-02-2018,1,1,3,1,27,6,3,4,2,0,0,-1,0,1
1143,78.53132715,14.75268981,1,3,2,2,7,03:35,1,E09000033,5,0,6,30,6,4,5,0,0,0,4,1,1,0,0,1,1,E01004764,05-02-2018,1,1,1,1,35,6,3,0,0,0,0,-1,5,1
1144,78.54534218,14.70636845,1,2,1,1,6,16:19,1,E09000033,3,4201,3,30,0,-1,-1,0,0,0,4,1,2,0,0,1,1,E01004765,14-01-2018,2,1,1,1,38,7,3,0,0,0,0,-1,1,-1
1145,78.47057363,14.76326091,1,3,1,1,7,19:50,1,E09000033,3,501,3,30,6,2,3,41,0,5,4,1,1,0,0,1,1,E01004662,05-02-2018,1,1,1,1,34,6,3,0,0,0,0,-1,5,-1
1146,78.56772805,14.65991445,1,3,2,1,2,13:50,2,E09000007,3,401,2,30,3,2,3,401,0,5,1,1,1,0,0,1,1,E01000919,07-02-2018,1,1,1,2,53,8,3,0,0,0,0,-1,9,1
1147,78.53866493,14.6769486,1,3,2,1,2,08:35,1,E09000033,4,310,6,30,6,4,6,0,0,0,1,1,1,0,0,1,1,E01004690,07-02-2018,1,1,1,1,60,9,3,0,0,0,0,-1,2,1
1148,78.54056441,14.74209358,1,3,2,1,7,19:45,1,E09000033,3,5204,6,30,3,4,6,0,0,0,4,1,1,0,0,1,1,E01004657,08-01-2018,1,1,1,1,50,8,3,0,0,0,0,-1,1,-1
1149,78.49969526,14.70259129,1,3,2,1,3,23:47,1,E09000033,3,41,2,30,6,2,3,501,0,5,4,1,1,0,0,1,1,E01004662,08-02-2018,1,1,3,2,25,5,3,1,1,0,0,-1,0,1
1150,78.59625343,14.79927555,1,3,2,1,3,09:42,1,E09000033,3,4201,2,30,7,2,3,4,0,5,1,1,1,0,0,1,1,E01004736,08-02-2018,1,1,1,1,18,4,3,0,0,0,0,-1,3,1
1151,78.46505307,14.72304994,1,3,2,1,6,04:30,1,E09000033,5,0,2,30,3,4,6,0,0,0,4,2,2,0,0,1,1,E01004763,28-01-2018,1,1,3,2,25,5,2,1,1,0,0,-1,0,1
1152,78.55696544,14.76790357,1,3,1,1,5,03:45,1,E09000033,3,4,6,30,0,-1,-1,0,0,4,4,2,2,0,0,1,1,E01004736,10-02-2018,1,2,3,2,26,6,2,1,1,0,0,-1,0,1
1153,78.48059323,14.66455727,1,3,2,1,5,20:45,1,E09000033,3,5,6,30,0,-1,-1,0,0,0,4,1,2,0,0,1,2,E01004702,13-01-2018,1,1,3,2,26,6,3,1,3,0,0,-1,0,1
1154,78.58215978,14.80317649,1,3,2,1,7,02:59,1,E09000033,3,5,6,30,3,2,3,5,0,5,4,1,1,0,0,1,1,E01004658,29-01-2018,1,1,1,1,31,6,3,0,0,0,0,-1,1,1
1155,78.48490834,14.73808165,1,3,2,2,5,14:25,1,E09000033,5,0,3,30,6,2,3,4206,0,0,1,1,1,0,0,1,1,E01004681,20-01-2018,1,1,1,1,26,6,3,0,0,0,0,-1,2,1
1156,78.60565856,14.66238945,1,3,2,1,5,13:25,1,E09000033,5,0,6,40,3,2,3,4202,0,0,1,1,1,0,0,1,1,E01004689,27-01-2018,1,1,3,1,37,7,3,5,4,0,0,-1,0,1
1157,78.53068391,14.6712614,1,3,1,1,5,17:30,1,E09000033,5,0,3,30,3,4,3,501,0,0,4,1,1,0,0,1,1,E01004661,13-01-2018,2,1,2,2,41,7,3,0,0,2,0,-1,8,-1
1158,78.47735041,14.68615189,1,3,1,1,5,20:00,1,E09000033,6,0,6,30,3,4,3,4207,0,0,4,2,2,0,0,1,1,E01004679,27-01-2018,2,2,2,2,68,10,3,0,0,2,0,-1,8,1
1159,78.62505615,14.74062752,1,3,1,1,5,15:40,1,E09000033,3,4201,6,30,3,2,3,40,0,0,1,1,1,0,0,1,1,E01004764,13-01-2018,1,1,1,2,35,6,3,0,0,0,0,-1,8,1
1160,78.57196448,14.66892227,1,3,1,1,6,15:45,1,E09000033,5,0,6,30,3,4,6,0,0,0,1,2,2,0,0,1,1,E01004756,28-01-2018,2,1,1,2,26,6,3,0,0,0,0,-1,1,1
1161,78.61659963,14.71588536,1,3,1,1,6,16:00,1,E09000033,4,324,6,30,6,2,6,0,0,5,1,1,1,0,0,1,1,E01004747,14-01-2018,2,1,1,1,57,9,3,0,0,0,0,-1,4,1
1162,78.60177513,14.77467549,1,3,2,1,3,14:33,1,E09000033,3,404,3,50,0,-1,-1,0,0,0,1,1,1,0,0,1,1,E01004702,01-02-2018,1,1,1,1,42,7,3,0,0,0,0,-1,3,1
1163,78.4745074,14.67050009,1,3,1,1,3,15:30,1,E09000033,3,41,3,30,3,4,5,0,0,0,1,1,1,0,0,1,1,E01004649,01-02-2018,1,1,3,1,38,7,3,9,9,0,0,-1,0,1
1164,78.57442505,14.67154427,1,3,2,1,3,19:30,1,E09000033,3,5,3,30,6,2,5,0,0,5,4,1,2,0,0,1,1,E01004680,01-02-2018,1,1,1,1,24,5,3,0,0,0,0,-1,9,1
1165,78.53392126,14.78479693,1,3,1,1,4,15:25,1,E09000033,6,0,6,30,3,4,6,0,0,0,1,1,1,0,0,1,1,E01004675,02-02-2018,2,1,1,1,33,6,3,0,0,0,0,-1,2,1
1166,78.60192549,14.67653394,1,3,2,2,6,16:35,1,E09000033,6,0,6,30,0,-1,-1,0,0,0,1,1,1,0,0,1,1,E01004689,04-02-2018,1,1,1,1,26,6,3,0,0,0,0,-1,4,1
1167,78.60257826,14.75268272,1,3,2,1,4,03:37,1,E09000033,3,302,2,30,6,2,3,3212,0,5,4,1,1,0,0,1,1,E01004733,09-02-2018,1,1,3,1,25,5,3,8,9,0,0,-1,0,1
1168,78.64256136,14.67066154,1,3,1,1,4,14:32,1,E09000033,3,4201,3,30,0,-1,-1,0,0,5,1,1,1,0,0,1,1,E01004764,09-02-2018,1,1,2,1,27,6,3,0,0,0,3,-1,11,-1
1169,78.49183021,14.77967374,1,3,2,1,5,12:27,1,E09000033,3,5,6,30,6,2,5,0,0,5,1,1,2,0,0,1,1,E01004648,10-02-2018,2,1,1,2,-1,-1,3,0,0,0,0,-1,1,1
1170,78.59042606,14.80183965,1,3,2,1,2,13:00,1,E09000033,3,4,3,30,1,4,3,4,0,0,1,1,1,0,0,1,1,E01004691,07-02-2018,1,1,3,1,23,5,3,9,5,0,0,-1,0,-1
1171,78.49096082,14.78559025,1,3,1,1,3,15:36,1,E09000033,3,4,7,30,3,2,6,0,0,5,1,1,1,0,0,1,1,E01004764,08-02-2018,2,1,2,2,31,6,3,0,0,0,0,-1,5,1
1172,78.52493581,14.72010664,1,2,1,1,5,17:39,1,E09000033,3,40,6,30,6,2,3,4201,0,5,4,1,2,0,0,1,1,E01004764,10-02-2018,1,1,1,1,48,8,3,0,0,0,0,-1,8,1
1173,78.51541471,14.705277,1,3,1,1,6,17:15,1,E09000033,3,3214,2,30,6,2,3,3217,0,5,1,2,2,0,0,1,1,E01004731,11-02-2018,2,2,1,1,45,7,3,0,0,0,0,-1,8,1
1174,78.48631517,14.749487,1,3,1,1,6,08:18,1,E09000033,3,3212,3,30,0,-1,-1,0,0,0,1,2,2,0,0,1,1,E01004668,11-02-2018,2,1,1,1,31,6,3,0,0,0,0,-1,1,1
1175,78.53433743,14.73166485,1,3,2,1,6,20:10,1,E09000033,3,302,3,30,2,4,6,0,0,0,4,2,2,0,0,1,1,E01004732,11-02-2018,1,1,1,1,25,5,3,0,0,0,0,-1,9,-1
1176,78.46858133,14.75733445,1,3,1,1,6,19:00,1,E09000033,5,0,3,30,3,4,6,0,0,4,4,2,2,0,0,1,1,E01004736,11-02-2018,2,1,2,2,45,7,3,0,0,0,4,-1,11,1
1177,78.57368064,14.68451674,1,3,1,1,7,00:55,1,E09000033,3,4,3,30,3,2,6,0,0,5,4,1,1,0,0,1,1,E01004761,12-02-2018,1,1,1,2,27,6,3,0,0,0,0,-1,9,1
1178,78.48912858,14.70550279,1,3,1,1,7,16:04,1,E09000033,3,41,2,30,6,2,5,0,0,5,1,2,2,0,0,1,1,E01004714,12-02-2018,2,1,1,2,36,7,3,0,0,0,0,-1,1,1
1179,78.63743035,14.77785471,1,3,2,3,1,16:05,1,E09000033,3,41,6,30,6,4,6,0,0,0,1,1,1,4,0,1,1,E01004657,13-02-2018,1,1,2,1,48,8,3,0,0,1,0,-1,9,1
1180,78.58388073,14.71978573,1,2,2,2,1,18:40,1,E09000033,3,40,6,30,6,2,3,40,0,5,4,2,2,0,0,1,1,E01004764,13-02-2018,1,1,3,1,18,4,3,4,3,0,0,-1,0,1
1181,78.59720596,14.69686401,1,3,1,1,1,21:22,1,E09000033,5,0,6,30,6,2,3,401,0,0,4,1,1,0,0,1,1,E01004763,13-02-2018,1,1,2,1,23,5,3,0,0,0,3,-1,11,1
1182,78.60528425,14.66824387,1,3,2,1,2,18:40,1,E09000033,3,41,6,30,6,4,3,5204,0,0,4,1,1,0,0,1,1,E01004714,14-02-2018,1,1,3,1,19,4,3,8,9,0,0,-1,0,-1
1183,78.57315562,14.79800437,1,3,2,1,1,09:18,1,E09000033,3,4205,3,30,6,2,3,5,0,5,1,1,1,0,0,1,1,E01004685,02-01-2018,1,1,3,2,17,4,3,1,1,0,0,-1,0,1
1184,78.62971342,14.72817424,1,2,1,2,7,10:25,1,E09000033,3,40,6,30,3,4,3,40,0,0,1,1,1,0,0,1,1,E01004657,19-02-2018,2,1,1,1,22,5,3,0,0,0,0,-1,1,1
1185,78.5292747,14.68341671,1,3,4,2,1,09:50,1,E09000033,3,5,6,30,0,-1,-1,0,0,0,1,1,1,0,0,1,1,E01004711,09-01-2018,1,1,2,2,44,7,3,0,0,1,0,-1,9,-1
1186,78.54289431,14.68791354,1,3,2,1,2,08:40,1,E09000033,3,5,6,30,0,-1,-1,0,0,0,1,1,1,0,0,1,1,E01004711,10-01-2018,1,2,2,2,15,3,3,0,0,2,0,-1,9,-1
1187,78.55108609,14.77877246,1,3,2,1,1,05:30,2,E09000007,3,40,6,30,7,2,3,400,0,0,4,1,1,0,0,1,1,E01004763,16-01-2018,1,1,3,1,63,9,3,5,1,0,0,-1,0,-1
1188,78.49712704,14.76641535,1,2,3,2,2,14:30,1,E09000033,3,402,6,30,3,4,6,0,0,0,1,1,1,0,0,1,1,E01004689,07-02-2018,1,1,2,1,28,6,3,0,0,1,0,-1,9,1
1189,78.48165116,14.72621776,1,3,3,1,1,14:02,1,E09000033,3,5,3,30,0,-1,-1,0,0,0,1,1,1,0,0,1,1,E01004711,06-02-2018,1,1,2,2,27,6,3,0,0,0,2,-1,11,1
1190,78.53868617,14.70339125,1,3,1,1,4,12:20,1,E09000033,3,40,6,30,0,-1,-1,0,0,5,1,1,1,0,0,1,1,E01004764,09-02-2018,1,1,3,1,31,6,3,5,9,0,0,-1,0,-1
1191,78.48370525,14.71614391,1,3,2,1,4,21:34,1,E09000033,3,4201,3,30,6,2,3,4201,0,5,4,1,2,0,0,1,1,E01004765,09-02-2018,2,1,1,1,40,7,3,0,0,0,0,-1,1,-1
1192,78.54369567,14.75590392,1,3,1,1,6,20:22,1,E09000033,3,5,3,30,1,4,3,40,0,0,4,1,1,0,0,1,1,E01004658,11-02-2018,1,1,2,2,56,9,3,0,0,0,3,-1,11,1
1193,78.54613508,14.77556119,1,3,3,1,6,18:38,1,E09000033,3,4206,6,30,6,4,5,0,0,0,4,1,2,0,0,1,1,E01004656,11-02-2018,1,1,2,2,22,5,3,0,0,0,3,-1,11,1
1194,78.59945244,14.7575931,1,3,1,1,7,20:45,1,E09000033,3,4,6,30,0,-1,-1,0,0,0,4,1,1,0,0,1,1,E01004691,12-02-2018,2,1,2,1,20,4,3,0,0,2,0,-1,9,1
1195,78.51806577,14.70047488,1,3,2,1,2,00:40,1,E09000033,5,0,2,30,0,-1,-1,0,0,0,4,1,2,0,0,1,1,E01004762,14-02-2018,1,1,3,1,74,10,3,1,1,0,0,-1,0,1
1196,78.59313267,14.79030483,1,3,1,1,3,12:25,1,E09000033,4,310,2,30,6,4,6,0,0,0,1,1,1,0,0,1,1,E01004690,15-02-2018,1,1,1,1,37,7,3,0,0,0,0,-1,9,1
1197,78.46759169,14.74492889,1,3,3,1,3,16:20,1,E09000033,3,4,3,30,0,-1,-1,0,0,0,1,1,1,0,0,1,1,E01004691,15-02-2018,1,3,2,1,22,5,3,0,0,1,0,-1,9,1
1198,78.4669117,14.71954723,1,3,1,1,6,18:24,1,E09000033,3,4,6,30,3,2,3,4,0,5,4,1,1,0,0,1,1,E01004736,11-02-2018,2,2,1,1,35,6,3,0,0,0,0,-1,9,-1
1199,78.54215392,14.70178901,1,3,1,1,7,15:16,1,E09000033,3,4,2,30,6,2,3,4,0,5,1,1,1,4,2,1,1,E01004736,12-02-2018,1,1,3,1,64,9,3,7,9,0,0,-1,0,1
1200,78.52609763,14.77947222,1,3,2,2,4,16:50,1,E09000033,5,0,6,30,6,2,3,4,0,5,1,1,1,0,0,1,1,E01004761,16-02-2018,1,1,1,1,23,5,3,0,0,0,0,-1,9,1
1201,78.50312944,14.75005381,1,3,1,1,4,09:00,1,E09000033,3,3214,3,30,3,2,5,0,0,5,1,1,1,0,0,1,1,E01004731,16-02-2018,2,2,1,1,29,6,3,0,0,0,0,-1,9,-1
1202,78.52279379,14.73481988,1,3,1,1,5,10:16,1,E09000033,3,402,3,30,3,2,4,410,0,5,1,1,1,0,0,1,1,E01004694,17-02-2018,1,1,1,1,45,7,3,0,0,0,0,-1,9,1
1203,78.63459432,14.74452919,1,3,2,1,5,11:08,1,E09000033,3,4,3,30,3,4,6,0,0,0,1,1,1,0,0,1,1,E01004764,17-02-2018,1,1,1,1,52,8,3,0,0,0,0,-1,4,1
1204,78.59339707,14.76395245,1,3,1,1,5,11:52,1,E09000033,3,41,2,30,6,2,3,40,0,5,1,2,2,0,0,1,1,E01004657,17-02-2018,2,1,1,1,34,6,3,0,0,0,0,-1,1,1
1205,78.53122948,14.7456369,1,3,2,1,4,07:15,1,E09000033,6,0,6,30,6,4,6,0,0,0,4,1,2,0,0,1,2,E01004657,05-01-2018,1,1,3,1,76,11,3,10,1,0,0,-1,0,-1
1206,78.46558718,14.74329421,1,3,2,1,3,08:00,1,E09000033,3,315,6,30,0,-1,-1,0,0,0,1,1,1,0,0,1,2,E01004692,18-01-2018,1,1,1,1,33,6,2,0,0,0,0,-1,5,-1
1207,78.5706587,14.65980741,1,3,2,2,2,01:17,1,E09000033,3,402,6,30,3,4,4,411,0,0,4,1,1,0,0,1,1,E01004688,07-03-2018,1,1,3,1,71,10,3,9,8,0,0,-1,0,1
1208,78.48835503,14.7523677,1,3,1,1,6,14:53,1,E09000033,3,40,3,30,6,2,3,4201,0,5,1,5,2,0,0,1,1,E01004764,28-01-2018,1,1,2,2,50,8,3,0,0,0,2,-1,11,1
1209,78.62168427,14.74665933,1,3,2,1,1,19:35,1,E09000033,3,3214,6,30,6,2,3,3214,0,5,4,1,1,0,0,1,1,E01004667,06-02-2018,2,1,1,1,58,9,3,0,0,0,0,-1,1,1
1210,78.63972841,14.68370221,1,3,1,1,2,12:06,1,E09000033,4,406,6,30,0,-1,-1,0,0,0,1,1,1,0,0,1,1,E01004764,14-02-2018,1,1,3,2,24,5,3,1,3,0,0,-1,0,1
1211,78.52630913,14.76831066,1,2,2,1,3,11:14,1,E09000033,3,3211,3,30,0,-1,-1,0,0,0,1,1,1,0,0,1,1,E01004735,15-02-2018,1,1,3,2,36,7,3,4,1,0,0,-1,0,2
1212,78.48162438,14.72396052,1,3,2,1,5,13:45,1,E09000033,3,41,6,30,0,-1,-1,0,0,0,1,2,2,0,0,1,1,E01004725,17-02-2018,3,1,1,1,47,8,3,0,0,0,0,-1,5,1
1213,78.63155329,14.7879787,1,3,1,1,6,15:30,1,E09000033,3,501,3,30,6,2,3,4201,0,5,1,2,2,0,0,1,1,E01004715,18-02-2018,1,1,3,1,51,8,3,1,1,0,0,-1,0,-1
1214,78.55745418,14.80190486,1,3,2,3,6,17:23,1,E09000033,6,0,6,30,6,4,6,0,0,0,4,2,2,0,0,1,1,E01004687,18-02-2018,2,1,1,1,27,6,3,0,0,0,0,-1,4,1
1215,78.6406342,14.75312145,1,3,2,1,6,21:22,1,E09000033,3,4201,2,30,6,2,3,4,0,5,4,1,1,0,0,1,1,E01004736,18-02-2018,1,1,3,1,55,8,3,5,9,0,0,-1,0,-1
1216,78.5719235,14.67583159,1,3,1,1,7,01:11,1,E09000033,5,0,2,30,6,4,6,0,0,0,4,1,1,0,0,1,1,E01004763,19-02-2018,1,1,3,2,44,7,3,5,3,0,0,-1,0,-1
1217,78.61209521,14.70099841,1,3,1,1,7,03:34,1,E09000033,3,3211,6,30,0,-1,-1,0,0,0,4,1,1,0,0,1,1,E01004736,19-02-2018,1,1,1,1,27,6,3,0,0,0,0,-1,1,1
1218,78.54829231,14.7342695,1,3,2,1,7,13:00,1,E09000033,3,5,3,30,6,2,5,0,0,5,1,1,1,0,0,1,1,E01004680,19-02-2018,2,2,1,1,36,7,3,0,0,0,0,-1,5,1
1219,78.54948535,14.72673429,1,3,2,1,5,18:45,2,E09000007,5,0,2,30,6,2,6,0,0,0,4,1,1,0,0,1,1,E01000851,20-01-2018,2,1,1,1,49,8,2,0,0,0,0,-1,3,1
1220,78.46820393,14.69423852,1,3,1,2,1,01:00,1,E09000033,6,0,6,30,0,-1,-1,0,0,1,4,1,1,0,0,1,1,E01004761,20-02-2018,1,1,2,1,70,10,3,0,0,0,2,-1,11,-1
1221,78.63869974,14.6972719,1,2,2,1,2,21:20,1,E09000033,4,312,2,30,0,-1,-1,0,0,0,4,3,3,0,0,1,1,E01004690,21-02-2018,1,1,3,1,26,6,3,8,5,0,0,-1,0,-1
1222,78.61708986,14.6821176,1,2,1,1,3,19:11,1,E09000033,3,4,6,30,0,-1,-1,0,0,0,4,3,3,0,0,1,1,E01004735,22-02-2018,2,1,1,1,25,5,3,0,0,0,0,-1,1,1
1223,78.56803039,14.75466987,1,3,1,1,3,16:20,1,E09000033,3,302,6,30,0,-1,-1,0,0,0,1,9,2,0,0,1,1,E01004750,22-02-2018,1,1,1,1,29,6,3,0,0,0,0,-1,5,1