Accident_Index,longitude,latitude,Police_Force,Accident_Severity,Number_of_Vehicles,Number_of_Casualties,Day_of_Week,Time,Local_Authority_(District),Local_Authority_(Highway),1st_Road_Class,1st_Road_Number,Road_Type,Speed_limit,Junction_Detail,Junction_Control,2nd_Road_Class,2nd_Road_Number,Pedestrian_Crossing-Human_Control,Pedestrian_Crossing-Physical_Facilities,Light_Conditions,Weather_Conditions,Road_Surface_Conditions,Special_Conditions_at_Site,Carriageway_Hazards,Urban_or_Rural_Area,Did_Police_Officer_Attend_Scene_of_Accident,LSOA_of_Accident_Location,Date,Vehicle_Reference,Casualty_Reference,Casualty_Class,Sex_of_Casualty,Age_of_Casualty,Age_Band_of_Casualty,Casualty_Severity,Pedestrian_Location,Pedestrian_Movement,Car_Passenger,Bus_or_Coach_Passenger,Pedestrian_Road_Maintenance_Worker,Casualty_Type,Casualty_Home_Area_Type
1347,78.63509006,14.71558521,1,3,1,1,2,18:05,2,E09000007,3,40,6,30,0,-1,-1,0,0,0,1,1,1,0,0,1,2,E01000914,28-03-2018,1,1,1,2,31,6,3,0,0,0,0,-1,2,1
1348,78.53118144,14.73245031,1,3,2,1,7,10:29,1,E09000033,3,202,6,30,6,2,3,3212,0,5,1,1,1,0,0,1,1,E01004737,02-04-2018,1,1,3,1,30,6,3,4,1,0,0,-1,0,1
1349,78.55956301,14.79185038,1,3,2,1,6,09:06,1,E09000033,3,40,6,30,3,4,5,0,0,0,1,1,1,0,0,1,1,E01004763,01-04-2018,1,1,1,1,45,7,3,0,0,0,0,-1,8,1
1350,78.49756793,14.75869364,1,3,1,1,1,18:20,1,E09000033,6,0,6,30,0,-1,-1,0,0,0,1,1,1,0,0,1,1,E01004736,06-03-2018,1,1,3,1,48,8,3,4,1,0,0,-1,0,-1
1351,78.48487518,14.76997617,1,2,1,1,4,10:14,1,E09000033,3,302,6,30,0,-1,-1,0,0,0,1,1,1,0,0,1,1,E01004731,06-04-2018,1,1,1,1,27,6,3,0,0,0,0,-1,3,1
1352,78.557528,14.66810974,1,3,1,1,7,11:40,1,E09000033,3,40,6,30,6,2,5,0,0,5,1,1,1,0,0,1,1,E01004657,02-04-2018,1,1,1,1,41,7,3,0,0,0,0,-1,4,1
1353,78.58224843,14.78077909,1,3,1,1,5,15:43,1,E09000033,3,3211,6,30,3,2,5,0,0,5,1,1,1,0,0,1,1,E01004733,07-04-2018,1,1,1,1,-1,-1,3,0,0,0,0,-1,9,1
1354,78.61376886,14.78277482,1,3,1,1,3,18:50,1,E09000033,5,0,6,30,3,4,5,0,0,0,1,1,1,0,0,1,1,E01004761,05-04-2018,2,2,1,1,-1,-1,3,0,0,0,0,-1,9,-1
1355,78.63949796,14.68072396,1,3,2,1,5,00:28,1,E09000033,3,4202,6,30,0,-1,-1,0,0,0,4,1,1,0,0,1,1,E01004689,07-04-2018,1,1,3,2,58,9,3,1,1,0,0,-1,0,-1
1356,78.5547013,14.7639789,1,2,1,1,5,11:06,1,E09000033,3,40,6,30,3,2,5,0,0,5,1,1,1,0,0,1,1,E01004764,07-04-2018,1,1,1,1,24,5,3,0,0,0,0,-1,3,1
1357,78.60799582,14.69947554,1,3,2,1,6,09:12,1,E09000033,3,5205,6,30,0,-1,-1,0,0,0,1,2,2,0,0,1,1,E01004729,08-04-2018,1,1,3,1,41,7,3,5,3,0,0,-1,0,-1
1358,78.63949578,14.75236572,1,3,2,1,6,22:50,1,E09000033,3,4209,6,30,8,4,6,0,0,0,4,1,1,0,0,1,1,E01004685,01-04-2018,2,1,1,1,40,7,2,0,0,0,0,-1,5,1
1359,78.48982158,14.77704497,1,3,2,1,2,08:10,1,E09000033,4,506,6,30,6,4,6,0,0,0,1,1,1,0,0,1,1,E01004765,04-04-2018,1,1,1,1,63,9,3,0,0,0,0,-1,5,1
1360,78.53861879,14.70860166,1,3,2,1,3,11:51,1,E09000033,3,4206,6,30,6,2,5,0,0,5,1,1,1,0,0,1,1,E01004696,29-03-2018,1,1,3,2,28,6,3,4,3,0,0,-1,0,-1
1361,78.49907562,14.78600369,1,3,1,1,4,10:50,1,E09000033,3,4,6,30,3,2,4,406,0,5,1,1,2,0,0,1,1,E01004761,06-04-2018,2,1,2,1,25,5,3,0,0,2,0,-1,8,1
1362,78.56922447,14.69072946,1,3,1,1,5,17:55,1,E09000033,3,41,2,30,6,2,3,40,0,5,4,1,1,0,0,1,2,E01004762,17-03-2018,2,2,2,2,25,5,3,0,0,2,0,-1,8,1
1363,78.54727047,14.68862251,1,2,1,1,1,12:10,1,E09000033,3,40,3,30,0,-1,-1,0,0,5,1,1,1,0,0,1,1,E01004658,03-04-2018,2,3,2,2,27,6,3,0,0,2,0,-1,8,1
1364,78.46921598,14.67469582,1,3,2,1,6,10:15,1,E09000033,6,0,6,30,3,4,6,0,0,0,1,1,1,0,0,1,1,E01004753,01-04-2018,2,1,1,1,30,6,3,0,0,0,0,-1,1,1
1365,78.58809437,14.79373779,1,2,2,1,4,00:12,1,E09000033,3,5,6,30,3,4,6,0,0,4,4,1,1,0,0,1,1,E01004702,06-04-2018,1,1,3,1,-1,-1,3,5,3,0,0,-1,0,1
1366,78.5062249,14.75478546,1,2,2,1,7,03:10,1,E09000033,3,4201,6,30,6,2,3,5204,0,0,4,1,1,0,0,1,1,E01004765,02-04-2018,1,1,3,1,32,6,3,10,9,0,0,-1,0,1
1367,78.51415916,14.76494189,1,3,2,1,5,08:23,1,E09000033,3,4,6,30,3,4,6,0,0,0,1,1,1,0,0,1,1,E01004735,07-04-2018,1,1,1,1,33,6,3,0,0,0,0,-1,9,1
1368,78.54273944,14.69893318,1,3,1,1,4,15:30,1,E09000033,5,0,6,30,3,4,6,0,0,1,1,1,1,0,0,1,1,E01004735,06-04-2018,2,1,1,2,34,6,3,0,0,0,0,-1,1,1
1369,78.60990178,14.72261813,1,3,1,1,4,13:20,1,E09000033,5,0,6,30,3,4,6,0,0,0,1,1,2,0,0,1,1,E01004731,06-04-2018,1,1,2,2,24,5,3,0,0,2,0,-1,8,1
1370,78.55248098,14.71915023,1,3,2,1,4,16:03,1,E09000033,3,5,6,30,0,-1,-1,0,0,0,4,1,1,0,0,1,2,E01004680,16-03-2018,1,2,2,1,24,5,3,0,0,2,0,-1,8,1
1371,78.57457816,14.73677828,1,3,2,2,3,19:40,1,E09000033,3,302,6,30,6,2,3,302,0,0,1,1,1,0,0,1,1,E01004731,05-04-2018,2,1,1,1,24,5,2,0,0,0,0,-1,2,-1
1372,78.56276921,14.67612652,1,3,2,1,5,09:25,1,E09000033,6,0,6,30,3,4,6,0,0,0,1,1,1,0,0,1,1,E01004691,07-04-2018,1,1,3,1,18,4,2,7,6,0,0,-1,0,1
1373,78.62667551,14.7395844,1,3,1,1,6,13:06,1,E09000033,3,4,2,30,0,-1,-1,0,0,0,1,1,2,0,0,1,1,E01004736,08-04-2018,1,1,3,2,11,3,3,6,9,0,0,-1,0,1
1374,78.58769502,14.78491557,1,3,2,1,2,09:02,1,E09000033,3,3212,1,30,1,4,3,3203,0,1,1,1,1,0,0,1,1,E01004733,11-04-2018,1,1,3,1,37,7,3,9,9,0,0,-1,0,2
1375,78.53424437,14.67978847,1,3,1,1,3,10:50,1,E09000033,3,4,6,30,0,-1,-1,0,0,1,1,1,1,0,0,1,1,E01004735,12-04-2018,1,1,3,2,18,4,3,1,1,0,0,-1,0,1
1376,78.52244412,14.75024602,1,3,2,1,2,08:24,1,E09000033,3,3212,6,30,3,2,5,0,0,5,1,1,1,0,0,1,1,E01004736,04-04-2018,1,2,3,2,18,4,3,1,1,0,0,-1,0,1
1377,78.5308395,14.73322063,1,3,5,1,6,23:35,1,E09000033,5,0,6,30,3,4,6,0,0,0,4,1,1,0,0,1,1,E01004676,01-04-2018,1,1,2,2,56,9,2,0,0,1,0,-1,9,1
1378,78.58986149,14.76131435,1,3,2,1,3,08:55,1,E09000033,3,315,3,30,0,-1,-1,0,0,0,1,1,2,0,0,1,1,E01004689,25-01-2018,2,1,1,1,33,6,3,0,0,0,0,-1,1,1
1379,78.56385482,14.69734377,1,3,3,4,1,23:16,1,E09000033,3,4,2,30,3,2,3,4201,0,5,4,1,1,0,0,1,1,E01004736,03-04-2018,1,1,1,1,32,6,2,0,0,0,0,-1,5,1
1380,78.51393923,14.80157655,1,3,2,1,2,09:50,1,E09000033,3,4206,6,30,6,2,3,4206,0,5,1,1,1,0,0,1,1,E01004681,11-04-2018,1,1,3,1,57,9,3,5,1,0,0,-1,0,-1
1381,78.52493811,14.75248528,1,2,1,1,1,01:30,1,E09000033,5,0,6,30,6,4,6,0,0,0,4,1,1,0,0,1,2,E01004763,13-03-2018,1,1,2,2,81,11,2,0,0,0,1,-1,11,-1
1382,78.54422149,14.77724948,1,3,2,1,2,20:14,1,E09000033,3,404,6,30,3,4,6,0,0,0,4,1,1,0,0,1,1,E01004721,21-03-2018,1,1,1,1,43,7,3,0,0,0,0,-1,1,1
1383,78.52497188,14.69491895,1,3,2,1,4,05:55,1,E09000033,3,404,6,30,6,2,3,404,0,5,1,1,1,0,0,1,1,E01004758,23-03-2018,1,1,3,2,52,8,3,1,2,0,0,-1,0,1
1384,78.61114089,14.68509355,1,2,3,1,5,22:43,1,E09000033,6,0,6,30,0,-1,-1,0,0,0,4,1,2,0,0,1,1,E01004723,31-03-2018,1,1,2,2,37,7,3,0,0,0,3,-1,11,-1
1385,78.5762823,14.69406921,1,3,2,1,3,09:04,1,E09000033,3,4,2,30,6,2,3,4201,0,5,1,1,1,0,0,1,1,E01004736,12-04-2018,1,1,1,1,30,6,3,0,0,0,0,-1,5,1
1386,78.49596595,14.76177459,1,3,1,2,7,17:10,1,E09000033,3,402,6,30,3,2,4,411,0,5,1,1,1,2,0,1,1,E01004688,02-04-2018,1,2,3,1,45,7,3,1,2,0,0,-1,0,-1
1387,78.57716677,14.71531852,1,3,1,1,4,15:21,1,E09000033,3,402,6,30,3,2,4,411,0,5,1,1,2,0,0,1,1,E01004688,06-04-2018,1,1,3,2,25,5,3,9,8,0,0,-1,0,1
1388,78.62360584,14.75555427,1,2,2,1,2,07:40,1,E09000033,6,0,6,30,0,-1,-1,0,0,0,1,1,1,0,0,1,1,E01004662,11-04-2018,1,1,3,2,30,6,3,10,9,0,0,-1,0,2
1389,78.47358169,14.69385358,1,3,3,1,5,08:27,1,E09000033,3,3214,6,30,3,2,3,3214,0,5,1,1,1,0,0,1,1,E01004731,14-04-2018,1,1,3,1,22,5,3,5,3,0,0,-1,0,-1
1390,78.4653904,14.7632817,1,3,3,1,1,20:07,1,E09000033,3,501,3,30,3,2,4,507,0,5,4,1,1,4,0,1,1,E01004673,03-04-2018,1,1,2,1,22,5,3,0,0,0,3,-1,11,1
1391,78.48027316,14.77037208,1,3,2,1,4,16:32,1,E09000033,4,310,6,30,0,-1,-1,0,0,0,1,1,1,0,0,1,1,E01004691,13-04-2018,1,1,3,2,27,6,3,4,1,0,0,-1,0,-1
1392,78.63795219,14.72647289,1,3,1,1,6,01:45,1,E09000033,3,3211,3,30,0,-1,-1,0,0,0,4,1,1,0,0,1,1,E01004733,15-04-2018,1,1,3,1,33,6,2,5,3,0,0,-1,0,-1
1393,78.51289422,14.67121056,1,3,2,1,2,09:40,1,E09000033,3,3212,3,30,3,4,3,3212,0,0,1,1,1,0,0,1,2,E01004733,24-01-2018,1,1,2,2,51,8,3,0,0,0,3,-1,11,-1
1394,78.53542442,14.79825902,1,3,1,1,5,17:15,1,E09000033,6,0,2,30,0,-1,-1,0,0,0,1,9,1,0,0,1,1,E01004702,14-04-2018,2,1,1,1,55,8,3,0,0,0,0,-1,9,1
1395,78.53296821,14.78292637,1,3,1,1,7,13:13,1,E09000033,3,3212,6,30,3,2,6,0,0,5,1,1,1,0,0,1,1,E01004736,16-04-2018,1,1,2,2,44,7,3,0,0,0,3,-1,11,1
1396,78.59504178,14.70702578,1,3,1,1,7,10:30,1,E09000033,3,401,2,30,3,2,6,0,0,5,1,1,1,0,0,1,1,E01004764,16-04-2018,2,1,1,1,20,4,3,0,0,0,0,-1,3,1
1397,78.62225134,14.71933956,1,3,2,1,7,17:15,1,E09000033,3,202,3,30,3,2,4,326,0,5,1,1,1,0,0,1,1,E01004737,16-04-2018,2,1,1,1,47,8,3,0,0,0,0,-1,9,1
1398,78.50399335,14.74469988,1,3,2,1,7,11:20,1,E09000033,3,5205,6,30,0,-1,-1,0,0,0,1,1,1,0,0,1,1,E01004725,16-04-2018,1,1,3,1,24,5,2,5,1,0,0,-1,0,-1
1399,78.6147713,14.67878943,1,3,1,1,2,07:40,1,E09000033,3,202,3,30,3,2,6,0,0,5,1,2,2,0,0,1,1,E01004741,18-04-2018,1,1,3,2,18,4,3,1,4,0,0,-1,0,1
1400,78.4782005,14.73001746,1,3,2,1,3,10:27,1,E09000033,3,202,3,30,0,-1,-1,0,0,0,1,1,1,0,0,1,1,E01004741,12-04-2018,1,1,2,2,18,4,3,0,0,2,0,-1,9,-1
1401,78.52878849,14.76617663,1,3,2,1,5,12:20,1,E09000033,5,0,6,30,6,4,6,0,0,1,1,1,1,0,0,1,1,E01004714,14-04-2018,1,2,2,1,21,5,3,0,0,1,0,-1,9,1
1402,78.50896335,14.71480151,1,3,2,1,4,01:20,1,E09000033,5,0,6,30,3,2,6,0,0,5,4,1,1,0,0,1,1,E01004736,13-04-2018,1,3,2,2,17,4,3,0,0,2,0,-1,9,-1
1403,78.58599022,14.70987602,1,3,2,1,3,17:10,1,E09000033,3,400,6,30,3,2,5,0,0,5,1,1,1,0,0,1,1,E01004736,19-04-2018,2,1,1,1,38,7,3,0,0,0,0,-1,9,-1
1404,78.47364843,14.7272617,1,3,1,1,5,16:24,1,E09000033,3,41,2,30,0,-1,-1,0,0,0,4,1,1,0,0,1,2,E01004660,03-02-2018,1,1,1,1,41,7,3,0,0,0,0,-1,11,1
1405,78.5896558,14.73269449,1,2,1,1,4,10:26,1,E09000033,3,40,6,30,6,2,6,0,0,5,1,1,2,0,0,1,1,E01004764,06-04-2018,2,2,1,1,25,5,3,0,0,0,0,-1,9,-1
1406,78.60169643,14.70050769,1,3,2,1,6,20:00,1,E09000033,4,413,6,30,0,-1,-1,0,0,0,4,1,1,0,0,1,2,E01004676,04-02-2018,1,1,1,1,26,6,3,0,0,0,0,-1,20,-1
1407,78.60787096,14.69286333,1,3,2,1,1,15:50,1,E09000033,4,413,6,30,6,2,5,0,0,5,1,1,1,0,0,1,1,E01004708,03-04-2018,2,2,1,2,35,6,3,0,0,0,0,-1,9,1
1408,78.55089467,14.66904511,1,3,2,1,7,06:34,1,E09000033,3,41,2,30,6,2,3,41,0,5,1,1,1,0,0,1,1,E01004714,09-04-2018,2,3,2,2,31,6,3,0,0,1,0,-1,9,1
1409,78.50756175,14.67717258,1,3,3,1,6,14:39,1,E09000033,5,0,2,30,0,-1,-1,0,0,0,1,1,1,0,0,1,1,E01004713,01-04-2018,1,1,3,2,22,5,3,1,3,0,0,-1,0,-1
1410,78.61906218,14.70674451,1,3,2,1,3,13:00,1,E09000033,3,5,3,30,6,2,3,4205,0,0,1,1,1,0,0,1,2,E01004685,08-02-2018,2,1,2,2,21,5,3,0,0,1,0,-1,9,1
1411,78.62120877,14.73567736,1,3,1,3,7,20:00,1,E09000033,5,0,6,30,3,4,5,0,0,0,4,1,1,3,0,1,2,E01004764,12-02-2018,2,1,1,1,51,8,3,0,0,0,0,-1,5,1
1412,78.57278187,14.73032833,1,3,2,1,1,10:45,1,E09000033,3,202,3,30,6,2,4,324,0,5,1,1,1,0,0,1,2,E01004740,13-02-2018,1,1,1,1,38,7,3,0,0,0,0,-1,8,1
1413,78.56464045,14.78437313,1,3,2,1,2,23:30,12,E09000020,5,0,6,30,6,4,6,0,0,0,4,1,1,0,0,1,2,E01002882,14-02-2018,1,1,1,1,68,10,3,0,0,0,0,-1,9,1
1414,78.57390226,14.66440596,1,3,2,1,2,09:20,1,E09000033,6,0,6,30,3,4,6,0,0,0,1,1,1,0,0,1,2,E01004736,14-02-2018,1,1,3,1,20,4,3,5,1,0,0,-1,0,1
1415,78.50717453,14.74473964,1,3,2,1,2,18:15,1,E09000033,3,401,6,30,3,4,6,0,0,0,4,1,1,0,0,1,2,E01004734,14-02-2018,2,2,1,1,43,7,3,0,0,0,0,-1,9,-1
1416,78.52906317,14.74167229,1,3,1,1,5,09:23,1,E09000033,3,202,6,30,0,-1,-1,0,0,0,1,1,1,0,0,1,2,E01004750,17-02-2018,3,1,1,1,53,8,3,0,0,0,0,-1,8,2
1417,78.51317662,14.70688711,1,3,2,1,1,03:20,1,E09000033,5,0,6,30,3,2,3,4,0,5,4,2,2,0,0,1,2,E01004761,30-01-2018,3,1,1,1,44,7,3,0,0,0,0,-1,1,-1
1418,78.60569333,14.66144771,1,3,3,3,7,15:25,1,E09000033,3,4,3,30,3,4,6,0,0,0,1,1,1,0,0,1,1,E01004691,09-04-2018,1,1,3,1,27,6,3,5,1,0,0,-1,0,1
1419,78.55542928,14.74093992,1,2,1,1,5,18:36,1,E09000033,5,0,6,30,6,2,3,3213,0,5,1,1,1,0,0,1,1,E01004750,14-04-2018,1,1,1,1,19,4,3,0,0,0,0,-1,2,3
1420,78.48961139,14.78429537,1,3,1,1,7,12:02,1,E09000033,3,40,6,30,0,-1,-1,0,0,0,1,1,1,0,0,1,1,E01004764,16-04-2018,1,1,3,2,26,6,3,5,3,0,0,-1,0,1
1421,78.50196216,14.66525862,1,2,2,1,7,02:15,1,E09000033,3,4201,3,30,6,2,5,0,0,5,4,1,1,0,0,1,1,E01004713,16-04-2018,1,1,3,2,41,7,3,1,3,0,0,-1,0,1
1422,78.47415295,14.70623934,1,3,2,1,7,18:30,1,E09000033,3,5,6,30,6,2,5,0,0,5,1,1,1,0,0,1,1,E01004711,16-04-2018,1,1,3,1,26,6,2,9,9,0,0,-1,0,-1
1423,78.60885505,14.7877333,1,3,1,1,1,06:33,1,E09000033,3,40,6,30,0,-1,-1,0,0,0,1,1,1,0,0,1,1,E01004765,17-04-2018,1,1,1,2,60,9,3,0,0,0,0,-1,9,1
1424,78.61462121,14.75806408,1,3,1,1,2,14:05,1,E09000033,3,4,6,30,0,-1,-1,0,0,0,1,1,1,0,0,1,1,E01004736,18-04-2018,1,1,2,1,32,6,3,0,0,2,0,-1,9,1
1425,78.55643234,14.78704766,1,3,2,1,2,09:11,1,E09000033,3,4209,6,30,6,2,6,0,0,5,1,2,2,0,0,1,1,E01004684,18-04-2018,1,1,2,1,28,6,3,0,0,0,4,-1,11,1
1426,78.48827259,14.68017332,1,3,1,1,6,14:15,1,E09000033,3,501,3,30,6,2,3,41,0,5,1,1,1,0,0,1,1,E01004660,25-03-2018,1,2,2,1,44,7,3,0,0,0,4,-1,11,-1
1427,78.59250713,14.68949929,1,3,1,1,2,11:14,1,E09000033,3,4,2,30,3,4,3,4,0,1,1,2,2,0,0,1,1,E01004736,04-04-2018,1,1,1,1,32,6,2,0,0,0,0,-1,5,1
1428,78.47399386,14.71704486,1,3,1,1,3,23:54,1,E09000033,3,4,2,30,0,-1,-1,0,0,0,4,1,2,0,0,1,1,E01004735,19-04-2018,1,1,1,2,63,9,3,0,0,0,0,-1,9,1
1429,78.5024502,14.67287059,1,3,1,2,4,16:45,1,E09000033,3,3212,6,30,3,2,6,0,0,5,1,1,1,0,0,1,1,E01004736,20-04-2018,1,1,2,1,10,2,3,0,0,0,0,-1,9,-1
1430,78.57820399,14.75203887,1,2,1,1,4,10:40,1,E09000033,3,4202,3,30,3,4,6,0,0,0,1,1,1,0,0,1,1,E01004689,20-04-2018,2,1,1,1,37,7,3,0,0,0,0,-1,5,1
1431,78.4746761,14.76001603,1,3,2,1,4,12:19,1,E09000033,3,501,3,30,6,2,5,0,0,5,1,1,1,0,0,1,1,E01004716,20-04-2018,1,1,3,2,20,4,3,5,3,0,0,-1,0,1
1432,78.46973229,14.70681975,1,3,2,1,4,11:48,1,E09000033,3,4201,6,30,0,-1,-1,0,0,0,1,1,1,0,0,1,1,E01004716,20-04-2018,2,1,1,2,35,6,3,0,0,0,0,-1,3,1
1433,78.54829578,14.6956986,1,2,3,1,4,13:15,1,E09000033,4,524,2,30,3,4,4,524,0,0,1,1,1,0,0,1,1,E01004717,20-04-2018,1,1,2,2,50,8,3,0,0,2,0,-1,9,1
1434,78.58167646,14.75975082,1,3,1,1,4,16:02,1,E09000033,5,0,2,30,3,4,6,0,0,0,1,1,1,0,0,1,1,E01004764,20-04-2018,1,1,1,2,-1,-1,3,0,0,0,0,-1,9,-1
1435,78.62830519,14.76250178,1,3,2,1,5,06:50,1,E09000033,3,3211,3,30,0,-1,-1,0,0,0,1,1,1,0,0,1,2,E01004733,21-04-2018,1,1,2,2,34,6,3,0,0,0,0,-1,3,1
1436,78.48991401,14.68177403,1,3,1,1,5,14:45,1,E09000033,5,0,6,30,6,4,6,0,0,0,1,1,1,0,0,1,1,E01004764,21-04-2018,2,1,1,2,45,7,3,0,0,0,0,-1,1,1
1437,78.5697771,14.75665706,1,3,2,4,6,13:58,1,E09000033,3,4,2,30,3,2,3,4,0,5,1,1,1,0,0,1,1,E01004736,22-04-2018,2,1,1,1,34,6,3,0,0,0,0,-1,9,1
1438,78.5679355,14.70226093,1,3,2,2,7,18:53,1,E09000033,3,5,6,30,0,-1,-1,0,0,0,1,1,1,0,0,1,1,E01004705,23-04-2018,1,1,1,1,48,8,3,0,0,0,0,-1,9,1
1439,78.46879818,14.74972629,1,3,1,1,1,16:30,1,E09000033,3,40,6,30,0,-1,-1,0,0,4,1,1,1,0,0,1,1,E01004762,24-04-2018,1,2,2,2,46,8,3,0,0,1,0,-1,9,1
1440,78.58783087,14.7786081,1,3,1,1,2,22:46,1,E09000033,6,0,2,30,6,4,6,0,0,0,4,1,1,0,0,1,1,E01004734,25-04-2018,1,3,2,2,51,8,3,0,0,2,0,-1,9,1
1441,78.55642936,14.66658126,1,3,1,1,2,17:40,1,E09000033,3,4,2,30,9,4,3,4,0,1,1,1,2,0,0,1,1,E01004736,25-04-2018,1,1,3,1,3,1,3,5,2,0,0,-1,0,1
1442,78.59500832,14.67433178,1,3,3,1,3,09:16,1,E09000033,3,501,3,30,3,2,6,0,0,5,1,1,1,0,0,1,1,E01004662,26-04-2018,1,1,1,1,49,8,3,0,0,0,0,-1,5,1
1443,78.53897808,14.78246634,1,3,2,1,3,00:55,1,E09000033,3,4202,3,30,3,4,3,4202,0,0,4,1,1,0,0,1,1,E01004761,26-04-2018,1,1,1,1,19,4,3,0,0,0,0,-1,3,1
1444,78.53012369,14.79598544,1,3,2,1,3,19:31,1,E09000033,5,0,3,30,3,4,3,3211,0,0,1,1,1,0,0,1,1,E01004733,26-04-2018,1,1,1,2,31,6,3,0,0,0,0,-1,3,-1
1445,78.49088502,14.67161901,1,3,2,1,1,21:13,1,E09000033,5,0,6,30,3,4,6,0,0,0,4,1,1,0,0,1,1,E01004656,10-04-2018,1,1,1,1,35,6,3,0,0,0,0,-1,1,1
1446,78.5061448,14.80219717,1,3,1,1,5,11:44,1,E09000033,3,202,6,30,3,4,6,0,0,0,1,1,1,0,0,1,1,E01004740,28-04-2018,2,1,1,1,25,5,3,0,0,0,0,-1,3,1
1447,78.51125229,14.8015096,1,3,1,2,6,16:50,1,E09000033,6,0,6,30,3,4,4,323,0,0,1,1,1,0,0,1,2,E01004733,29-04-2018,1,1,3,2,62,9,3,9,8,0,0,-1,0,1
1448,78.5295392,14.79197935,1,2,1,1,2,08:30,1,E09000033,3,5204,2,30,6,2,3,4201,0,5,1,1,1,0,0,1,2,E01004765,18-04-2018,1,1,3,2,-1,-1,3,5,1,0,0,-1,0,-1
1449,78.51698461,14.71139175,1,3,1,1,6,11:35,1,E09000033,6,0,6,30,0,-1,-1,0,0,0,1,1,1,0,0,1,1,E01004685,22-04-2018,1,1,1,2,23,5,3,0,0,0,0,-1,9,1
1450,78.54393373,14.76180571,1,3,2,2,2,18:14,1,E09000033,3,202,6,30,3,4,6,0,0,1,1,1,1,0,0,1,1,E01004749,25-04-2018,1,1,1,1,22,5,3,0,0,0,0,-1,9,-1
1451,78.60011039,14.78670926,1,2,1,1,2,11:20,1,E09000033,3,4201,3,30,6,2,5,0,0,5,1,2,2,0,0,1,1,E01004764,25-04-2018,1,2,2,1,23,5,3,0,0,1,0,-1,9,1
1452,78.60161983,14.66256277,1,2,1,1,4,08:18,1,E09000033,3,4205,2,20,6,2,3,5,0,5,1,1,1,0,0,1,1,E01004661,27-04-2018,2,1,1,1,41,7,3,0,0,0,0,-1,11,1
1453,78.63877056,14.68353358,1,3,2,1,5,17:58,1,E09000033,3,404,1,30,1,4,3,4206,0,0,1,1,1,0,0,1,1,E01004685,28-04-2018,1,1,1,1,27,6,3,0,0,0,0,-1,5,1
1454,78.48066323,14.79441442,1,3,2,1,6,12:55,2,E09000007,3,40,6,30,6,2,3,40,0,5,1,1,1,0,0,1,1,E01004763,29-04-2018,1,1,2,2,29,6,3,0,0,0,3,-1,11,1
1455,78.59389472,14.79849837,1,3,2,1,6,06:40,1,E09000033,5,0,2,30,0,-1,-1,0,0,0,1,1,1,0,0,1,2,E01004709,29-04-2018,2,1,1,1,22,5,3,0,0,0,0,-1,9,1
1456,78.54011047,14.75607793,1,3,1,1,4,23:45,1,E09000033,3,400,6,30,3,4,3,400,0,0,4,1,1,0,0,1,2,E01004736,20-04-2018,2,1,1,2,32,6,3,0,0,0,0,-1,2,1
1457,78.54816073,14.78372683,1,3,2,1,7,14:15,1,E09000033,3,3211,3,30,3,2,6,0,0,5,1,1,1,0,0,1,1,E01004735,12-03-2018,1,1,1,1,55,8,2,0,0,0,0,-1,19,1
1458,78.61367168,14.6687951,1,2,1,1,4,15:45,1,E09000033,4,413,6,30,3,4,6,0,0,0,1,1,1,0,0,1,1,E01004675,13-04-2018,1,1,3,1,48,8,3,1,3,0,0,-1,0,1
1459,78.51037873,14.70313866,1,3,1,1,7,16:53,1,E09000033,3,4201,2,30,6,2,5,0,0,5,1,1,1,0,0,1,1,E01004764,16-04-2018,1,1,2,1,46,8,3,0,0,0,1,-1,11,1
1460,78.47256427,14.74059109,1,3,1,1,5,03:00,1,E09000033,3,5,3,30,3,4,3,5,0,8,1,1,1,0,0,1,1,E01004686,21-04-2018,2,1,3,1,53,8,2,9,5,0,0,-1,0,-1
1461,78.50869043,14.74452186,1,3,3,4,6,20:54,1,E09000033,3,404,6,40,3,2,6,0,0,0,4,1,1,0,0,1,1,E01004758,01-04-2018,1,1,1,1,38,7,3,0,0,0,0,-1,5,1
1462,78.58423643,14.72849681,1,3,2,1,1,02:14,1,E09000033,3,4201,3,30,6,2,5,0,0,0,4,1,1,0,0,1,1,E01004764,24-04-2018,1,2,3,1,26,6,3,5,1,0,0,-1,0,-1
1463,78.61977496,14.73141072,1,3,3,1,1,07:43,1,E09000033,5,0,6,30,0,-1,-1,0,0,0,1,1,1,0,0,1,1,E01004709,24-04-2018,2,1,1,1,32,6,3,0,0,0,0,-1,5,1
1464,78.53791752,14.78219323,1,3,2,1,2,12:33,1,E09000033,3,40,6,30,6,2,5,0,0,5,1,1,2,0,0,1,1,E01004762,25-04-2018,1,1,3,2,15,3,3,1,1,0,0,-1,0,1
1465,78.54057962,14.7090187,1,2,1,2,3,19:31,1,E09000033,3,402,6,30,3,2,3,4209,0,5,1,1,1,0,0,1,1,E01004689,26-04-2018,1,1,1,2,25,5,3,0,0,0,0,-1,1,-1
1466,78.58282804,14.75399342,1,3,2,1,6,11:50,1,E09000033,3,41,6,30,0,-1,-1,0,0,0,1,1,1,0,0,1,2,E01004660,18-02-2018,1,1,3,1,20,4,3,6,9,0,0,-1,0,1
1467,78.55536815,14.65846399,48,2,1,1,5,15:30,570,E09000001,3,4,3,30,0,-1,-1,0,0,1,1,1,2,0,0,1,2,E01000004,24-02-2018,1,1,3,2,27,6,3,1,1,0,0,-1,0,1
1468,78.46559703,14.80303292,1,3,1,1,4,16:35,1,E09000033,3,4,6,30,0,-1,-1,0,0,0,1,1,1,0,0,1,1,E01004691,04-05-2018,1,1,1,1,32,6,3,0,0,0,0,-1,4,1