Accident_Index,longitude,latitude,Police_Force,Accident_Severity,Number_of_Vehicles,Number_of_Casualties,Day_of_Week,Time,Local_Authority_(District),Local_Authority_(Highway),1st_Road_Class,1st_Road_Number,Road_Type,Speed_limit,Junction_Detail,Junction_Control,2nd_Road_Class,2nd_Road_Number,Pedestrian_Crossing-Human_Control,Pedestrian_Crossing-Physical_Facilities,Light_Conditions,Weather_Conditions,Road_Surface_Conditions,Special_Conditions_at_Site,Carriageway_Hazards,Urban_or_Rural_Area,Did_Police_Officer_Attend_Scene_of_Accident,LSOA_of_Accident_Location,Date,Vehicle_Reference,Casualty_Reference,Casualty_Class,Sex_of_Casualty,Age_of_Casualty,Age_Band_of_Casualty,Casualty_Severity,Pedestrian_Location,Pedestrian_Movement,Car_Passenger,Bus_or_Coach_Passenger,Pedestrian_Road_Maintenance_Worker,Casualty_Type,Casualty_Home_Area_Type
1469,78.58161312,14.71033491,1,3,1,1,4,12:05,1,E09000033,3,4201,6,30,0,-1,-1,0,0,0,1,1,2,0,0,1,1,E01004764,27-04-2018,1,1,3,2,45,7,3,5,1,0,0,-1,0,1
1470,78.50685888,14.70881383,1,3,1,1,6,09:00,1,E09000033,3,41,2,30,3,4,6,0,0,0,1,1,1,0,0,1,1,E01004660,29-04-2018,1,1,3,2,10,2,3,1,1,0,0,-1,0,-1
1471,78.54754251,14.68613714,1,3,1,1,6,21:33,1,E09000033,6,0,6,30,3,4,6,0,0,0,4,1,1,0,0,1,1,E01004675,29-04-2018,1,1,2,2,46,8,3,0,0,0,3,-1,11,1
1472,78.46382817,14.68438973,1,3,1,1,6,15:49,1,E09000033,5,0,2,30,0,-1,-1,0,0,0,1,1,1,0,0,1,1,E01004764,29-04-2018,1,1,3,1,59,9,3,5,3,0,0,-1,0,1
1473,78.50652279,14.71332528,1,3,2,1,6,19:11,1,E09000033,3,202,2,30,3,2,5,0,0,5,1,1,1,0,0,1,1,E01004750,29-04-2018,1,1,1,1,18,4,3,0,0,0,0,-1,1,1
1474,78.59433947,14.65721053,1,3,1,1,7,02:30,1,E09000033,3,4,3,30,3,4,6,0,0,0,4,1,1,0,0,1,1,E01004761,30-04-2018,1,1,1,1,22,5,2,0,0,0,0,-1,9,1
1475,78.59511699,14.68630596,1,3,1,1,7,17:34,1,E09000033,3,4202,3,40,0,-1,-1,0,0,8,1,1,1,0,0,1,1,E01004761,30-04-2018,2,2,1,1,49,8,3,0,0,0,0,-1,9,1
1476,78.54256958,14.7654841,1,3,1,1,1,15:00,1,E09000033,6,0,6,30,0,-1,-1,0,0,0,1,1,1,0,0,1,1,E01004727,01-05-2018,1,1,3,1,19,4,3,5,1,0,0,-1,0,1
1477,78.51000785,14.68895786,1,3,2,1,2,14:10,1,E09000033,3,3212,6,30,0,-1,-1,0,0,4,1,1,1,0,0,1,1,E01004733,02-05-2018,1,1,3,2,73,10,3,5,1,0,0,-1,0,-1
1478,78.56214052,14.76441762,1,3,1,1,2,17:24,1,E09000033,3,40,6,30,0,-1,-1,0,0,0,1,1,1,0,0,1,1,E01004764,02-05-2018,1,2,3,1,-1,-1,3,5,1,0,0,-1,0,-1
1479,78.58546783,14.68580075,1,3,2,1,3,18:09,1,E09000033,3,4201,6,30,3,4,3,4201,0,8,1,1,1,0,0,1,1,E01004716,03-05-2018,1,1,2,2,45,7,3,0,0,2,0,-1,8,3
1480,78.60516414,14.74335623,1,3,2,1,3,18:03,1,E09000033,6,0,6,30,3,4,6,0,0,0,1,1,1,0,0,1,1,E01004661,03-05-2018,1,1,1,1,30,6,3,0,0,0,0,-1,9,1
1481,78.56424628,14.72929065,1,3,3,1,2,15:08,1,E09000033,3,3211,3,30,0,-1,-1,0,0,1,1,1,1,0,0,1,1,E01004734,25-04-2018,2,2,1,1,34,6,3,0,0,0,0,-1,9,1
1482,78.53154056,14.71342444,1,3,2,1,4,08:30,1,E09000033,3,3212,6,30,3,2,5,0,0,5,1,1,1,0,0,1,1,E01004664,04-05-2018,2,1,1,1,41,7,3,0,0,0,0,-1,1,1
1483,78.4863472,14.72258514,1,3,2,1,4,08:30,1,E09000033,4,413,6,30,3,4,6,0,0,0,1,1,1,0,0,1,1,E01004756,04-05-2018,1,1,1,1,40,7,3,0,0,0,0,-1,9,1
1484,78.60247842,14.6749369,1,3,2,1,4,00:05,1,E09000033,4,323,6,30,3,4,6,0,0,0,4,1,1,0,0,1,1,E01004731,04-05-2018,1,1,3,1,41,7,2,1,1,0,0,-1,0,-1
1485,78.57317633,14.70373859,1,3,2,1,5,19:45,1,E09000033,6,0,6,30,6,4,6,0,0,0,1,1,1,0,0,1,1,E01004724,05-05-2018,1,1,3,1,20,4,3,4,1,0,0,-1,0,-1
1486,78.53145286,14.72086505,1,3,1,1,5,02:16,1,E09000033,3,4,6,30,3,2,3,4,0,5,4,1,1,0,0,1,1,E01004736,05-05-2018,1,1,1,1,26,6,3,0,0,0,0,-1,5,1
1487,78.5246152,14.67201591,1,3,1,1,5,08:15,1,E09000033,3,3212,6,30,8,4,6,0,0,0,1,1,1,0,0,1,1,E01004733,05-05-2018,2,1,1,1,59,9,3,0,0,0,0,-1,9,-1
1488,78.55296682,14.72772595,1,2,1,1,3,15:00,1,E09000033,5,0,6,30,0,-1,-1,0,0,4,1,1,1,0,0,1,1,E01004736,03-05-2018,2,1,1,1,36,7,3,0,0,0,0,-1,9,1
1489,78.57727574,14.73914281,1,3,2,1,1,18:00,1,E09000033,4,406,6,30,3,4,6,0,0,0,1,1,1,0,0,1,1,E01004764,08-05-2018,1,1,3,1,26,6,3,6,9,0,0,-1,0,1
1490,78.49609103,14.68087849,1,3,1,1,6,14:54,1,E09000033,4,323,6,30,0,-1,-1,0,0,0,1,7,1,0,0,1,1,E01004733,06-05-2018,1,1,3,2,64,9,2,10,9,0,0,-1,0,-1
1491,78.60855096,14.77910096,1,3,2,1,6,08:30,1,E09000033,4,414,6,30,3,4,5,0,0,0,1,1,1,0,0,1,1,E01004675,06-05-2018,1,1,3,1,14,3,3,9,8,0,0,-1,0,-1
1492,78.60039522,14.79376475,1,3,2,1,7,15:06,1,E09000033,3,4201,6,30,6,2,3,501,0,5,1,1,1,0,0,1,1,E01004716,07-05-2018,1,1,1,1,42,7,3,0,0,0,0,-1,8,1
1493,78.47531099,14.7849521,1,3,2,1,7,21:28,1,E09000033,4,312,2,30,0,-1,-1,0,0,0,4,1,1,0,0,1,1,E01004690,07-05-2018,1,2,2,1,34,6,3,0,0,2,0,-1,8,-1
1494,78.46370455,14.67846244,1,3,2,1,7,01:25,1,E09000033,3,501,3,30,6,2,6,0,0,5,4,1,2,0,0,1,1,E01004662,07-05-2018,1,1,1,1,64,9,3,0,0,0,0,-1,8,1
1495,78.63363784,14.71599629,1,3,1,1,7,00:49,1,E09000033,5,0,6,30,6,4,6,0,0,0,4,2,2,0,0,1,1,E01004764,07-05-2018,1,2,3,2,25,5,3,7,9,0,0,-1,0,-1
1496,78.46530744,14.76454242,1,2,1,1,7,23:30,1,E09000033,3,4201,3,30,0,-1,-1,0,0,0,4,1,1,0,0,1,1,E01004764,07-05-2018,1,1,2,1,40,7,3,0,0,1,0,-1,9,1
1497,78.5792672,14.79149184,1,3,1,1,7,15:37,1,E09000033,6,0,2,30,6,4,6,0,0,0,1,1,2,0,0,1,1,E01004734,07-05-2018,2,2,1,2,30,6,3,0,0,0,0,-1,9,1
1498,78.61094172,14.74670389,1,2,1,2,1,16:42,1,E09000033,3,4207,6,30,3,4,6,0,0,0,1,1,1,0,0,1,1,E01004679,08-05-2018,1,1,1,1,32,6,3,0,0,0,0,-1,5,1
1499,78.58447524,14.74813286,1,3,2,1,6,21:10,1,E09000033,3,3212,6,30,0,-1,-1,0,0,0,7,9,1,0,0,1,1,E01004733,08-04-2018,1,1,3,2,23,5,2,1,1,0,0,-1,0,1
1500,78.54484034,14.7229678,1,3,2,1,2,14:00,1,E09000033,3,40,6,30,0,-1,-1,0,0,0,1,1,1,0,0,1,1,E01004762,09-05-2018,2,1,1,1,38,7,3,0,0,0,0,-1,1,1
1501,78.53317349,14.74468281,1,3,1,1,3,12:17,1,E09000033,3,41,2,30,6,2,3,41,0,5,1,1,2,0,0,1,1,E01004714,10-05-2018,1,1,2,2,49,8,3,0,0,0,3,-1,11,1
1502,78.55478213,14.77823908,1,3,2,1,4,09:35,1,E09000033,3,302,6,30,3,2,6,0,0,5,1,1,1,0,0,1,1,E01004690,11-05-2018,1,2,3,1,47,8,2,8,5,0,0,-1,0,-1
1503,78.58742098,14.66231505,1,3,2,1,4,08:05,1,E09000033,5,0,3,30,3,2,3,3211,0,5,1,1,1,0,0,1,2,E01004733,04-05-2018,1,1,3,1,26,6,3,5,3,0,0,-1,0,-1
1504,78.58847148,14.74020162,1,3,1,1,4,20:25,1,E09000033,3,5,6,30,3,4,6,0,0,4,1,1,1,0,0,1,1,E01004685,04-05-2018,1,1,1,1,39,7,3,0,0,0,0,-1,5,2
1505,78.50043,14.7219038,1,3,2,1,5,19:11,1,E09000033,3,5,6,30,6,2,3,5,0,5,1,1,1,0,0,1,1,E01004673,05-05-2018,3,1,2,2,67,10,2,0,0,0,3,-1,11,1
1506,78.58845946,14.69716639,1,3,2,1,3,15:49,1,E09000033,6,0,6,30,3,4,6,0,0,0,1,1,1,0,0,1,1,E01004736,10-05-2018,1,1,3,1,53,8,3,5,1,0,0,-1,0,1
1507,78.52351691,14.73208866,1,3,2,1,4,12:06,1,E09000033,3,5,6,30,6,2,3,5,0,5,1,1,1,0,0,1,1,E01004680,11-05-2018,1,1,1,1,52,8,3,0,0,0,0,-1,5,1
1508,78.60346755,14.72399571,1,3,2,1,4,08:15,1,E09000033,3,404,6,30,3,4,6,0,0,0,1,1,1,0,0,1,1,E01004755,11-05-2018,1,1,1,1,25,5,3,0,0,0,0,-1,9,1
1509,78.48765347,14.68318374,1,2,1,2,4,15:00,1,E09000033,3,40,6,30,6,2,3,40,0,5,1,1,1,0,0,1,1,E01004764,11-05-2018,1,1,3,2,83,11,3,5,3,0,0,-1,0,-1
1510,78.4994957,14.70673626,1,3,2,1,4,14:51,1,E09000033,3,5204,6,30,3,2,6,0,0,5,1,1,1,0,0,1,1,E01004714,11-05-2018,1,2,3,1,83,11,3,5,3,0,0,-1,0,-1
1511,78.48238884,14.72437599,1,3,2,1,5,17:30,1,E09000033,3,4201,6,30,6,2,5,0,0,5,1,1,1,0,0,1,2,E01004764,12-05-2018,1,1,3,1,27,6,3,4,1,0,0,-1,0,-1
1512,78.55797553,14.70321015,1,3,1,1,5,12:57,1,E09000033,5,0,6,30,3,4,5,0,0,1,1,1,1,0,0,1,1,E01004706,12-05-2018,1,1,3,2,22,5,3,9,8,0,0,-1,0,-1
1513,78.54951827,14.76872656,1,3,2,2,3,17:52,1,E09000033,3,4207,6,30,0,-1,-1,0,0,0,1,1,1,0,0,1,1,E01004759,03-05-2018,1,1,1,1,44,7,3,0,0,0,0,-1,3,1
1514,78.5758158,14.67746149,1,3,2,1,5,17:08,1,E09000033,3,400,6,30,0,-1,-1,0,0,0,1,1,1,0,0,1,1,E01004734,12-05-2018,1,1,3,1,36,7,3,1,1,0,0,-1,0,1
1515,78.53378157,14.78065349,1,3,2,1,6,13:50,1,E09000033,6,0,6,30,3,4,6,0,0,0,1,1,1,0,0,1,1,E01004648,13-05-2018,3,1,1,1,50,8,3,0,0,0,0,-1,1,1
1516,78.49490748,14.77172565,1,3,2,1,6,12:36,2,E09000007,4,525,6,30,3,4,5,0,0,0,1,1,1,0,0,1,1,E01004647,13-05-2018,1,1,3,2,15,3,3,6,9,0,0,-1,0,-1
1517,78.55021934,14.79771814,1,3,1,1,7,12:32,1,E09000033,6,0,6,30,3,4,6,0,0,0,1,1,1,0,0,1,1,E01004698,14-05-2018,1,1,2,2,25,5,3,0,0,0,4,-1,11,1
1518,78.59090638,14.73369431,1,2,1,1,7,01:50,1,E09000033,3,4202,3,40,0,-1,-1,0,0,8,4,1,1,0,0,1,1,E01004689,14-05-2018,1,1,2,2,38,7,3,0,0,0,3,-1,11,1
1519,78.47912551,14.70163875,1,2,1,3,1,13:39,1,E09000033,5,0,6,30,6,4,4,413,0,0,1,1,1,0,2,1,1,E01004703,15-05-2018,1,1,1,1,38,7,3,0,0,0,0,-1,3,1
1520,78.60512317,14.7900155,1,3,2,1,5,11:36,1,E09000033,3,5204,6,30,3,2,6,0,0,5,1,1,1,0,0,1,1,E01004714,12-05-2018,1,1,1,1,44,7,3,0,0,0,0,-1,1,1
1521,78.52010973,14.6695695,1,3,2,1,2,19:20,1,E09000033,5,0,6,30,6,2,3,4206,0,0,1,2,2,0,0,1,1,E01004681,16-05-2018,1,1,3,2,22,5,3,5,1,0,0,-1,0,-1
1522,78.60006718,14.67071869,1,3,2,1,2,19:32,1,E09000033,5,0,6,30,6,4,6,0,0,0,1,1,1,0,0,1,1,E01004696,16-05-2018,1,1,2,2,-1,-1,2,0,0,0,3,-1,11,1
1523,78.56892663,14.76656028,1,3,2,1,2,08:00,1,E09000033,3,4,6,30,6,2,3,4,0,5,1,1,1,0,0,1,2,E01002818,16-05-2018,1,1,3,2,30,6,3,4,1,0,0,-1,0,1
1524,78.46627181,14.7018711,1,3,2,1,2,17:30,1,E09000033,4,507,6,30,3,4,6,0,0,0,1,2,2,0,0,1,1,E01004728,16-05-2018,1,1,3,1,28,6,3,1,4,0,0,-1,0,-1
1525,78.47665042,14.73250854,1,3,2,1,2,09:41,1,E09000033,3,4202,3,40,0,-1,-1,0,0,0,1,1,1,0,0,1,1,E01004689,16-05-2018,1,1,3,1,23,5,3,5,4,0,0,-1,0,1
1526,78.61556399,14.6948189,1,3,2,1,3,09:52,1,E09000033,3,4,2,30,6,2,3,4,0,5,1,1,1,0,0,1,1,E01004761,17-05-2018,1,1,1,1,49,8,3,0,0,0,0,-1,9,1
1527,78.48389689,14.66234822,1,3,1,1,3,15:19,1,E09000033,3,4,6,30,3,1,6,0,0,0,1,1,1,6,1,1,1,E01004761,17-05-2018,1,1,3,2,76,11,2,10,9,0,0,-1,0,-1
1528,78.53696835,14.77897458,1,3,2,2,3,21:01,1,E09000033,4,413,6,30,6,2,5,0,0,0,4,1,1,0,0,1,1,E01004676,17-05-2018,2,1,1,1,31,6,3,0,0,0,0,-1,3,1
1529,78.49473848,14.6738126,1,2,3,2,4,23:03,1,E09000033,3,41,3,30,3,2,3,41,0,5,4,1,1,0,0,1,1,E01004727,18-05-2018,1,1,1,1,44,7,3,0,0,0,0,-1,3,1
1530,78.59673626,14.74495572,1,3,2,1,4,07:10,1,E09000033,6,0,6,30,3,2,6,0,0,0,1,1,1,0,0,1,1,E01004727,18-05-2018,2,1,1,1,18,4,3,0,0,0,0,-1,3,-1
1531,78.59059003,14.68835573,1,3,2,1,4,18:50,1,E09000033,3,4202,3,30,0,-1,-1,0,0,0,4,2,2,0,0,1,2,E01004689,02-03-2018,2,1,1,1,48,8,3,0,0,0,0,-1,9,1
1532,78.63617275,14.79163758,1,3,3,1,4,14:30,1,E09000033,3,501,3,30,6,2,3,41,0,5,1,2,2,0,0,1,2,E01004660,02-03-2018,1,1,3,1,66,10,3,9,8,0,0,-1,0,-1
1533,78.56922623,14.67437644,1,3,1,1,6,21:30,1,E09000033,6,0,6,30,3,4,6,0,0,0,4,1,1,0,0,1,2,E01002829,04-03-2018,1,1,3,2,32,6,3,1,3,0,0,-1,0,1
1534,78.62793255,14.67140283,1,3,2,1,7,23:24,1,E09000033,3,4,2,30,0,-1,-1,0,0,4,4,1,1,0,0,1,2,E01004736,05-03-2018,1,1,3,2,11,3,2,4,9,0,0,-1,0,1
1535,78.54511423,14.78003241,1,3,2,1,1,17:14,1,E09000033,6,0,6,30,3,4,6,0,0,0,1,1,1,0,0,1,2,E01004763,06-03-2018,1,1,1,1,37,7,3,0,0,0,0,-1,9,1
1536,78.5229161,14.79418206,1,3,2,1,4,16:45,1,E09000033,5,0,2,30,6,2,5,0,0,5,1,1,1,0,0,1,2,E01004713,09-03-2018,1,1,1,1,44,7,2,0,0,0,0,-1,9,-1
1537,78.61001591,14.6979508,1,3,1,1,5,09:30,1,E09000033,3,4,6,30,0,-1,-1,0,0,0,1,7,1,0,0,1,2,E01004761,10-03-2018,1,1,1,1,28,6,2,0,0,0,0,-1,9,1
1538,78.50137274,14.72846172,1,3,1,1,7,12:45,1,E09000033,3,40,6,30,6,2,3,4201,0,5,1,1,1,0,0,1,2,E01004764,12-03-2018,1,1,1,1,59,9,3,0,0,0,0,-1,4,1
1539,78.61145476,14.73117065,1,3,1,1,2,11:25,1,E09000033,3,5,6,30,0,-1,-1,0,0,0,1,9,2,0,0,1,2,E01004703,04-04-2018,1,1,3,2,19,4,3,1,1,0,0,-1,0,1
1540,78.57495716,14.70244316,1,3,2,2,4,21:27,1,E09000033,5,0,6,30,6,4,6,0,0,1,4,1,1,0,0,1,1,E01004704,16-02-2018,1,1,3,1,16,4,3,5,1,0,0,-1,0,1
1541,78.53855997,14.74918724,1,3,3,2,2,00:01,1,E09000033,3,402,3,30,3,2,4,411,0,5,4,1,1,0,0,1,1,E01004688,28-03-2018,1,1,1,1,31,6,3,0,0,0,0,-1,5,1
1542,78.50784716,14.76263855,1,3,2,1,2,08:30,1,E09000033,5,0,6,30,6,2,3,41,0,5,1,2,2,0,0,1,1,E01004647,25-04-2018,1,1,1,1,41,7,3,0,0,0,0,-1,9,1
1543,78.48725748,14.77224716,1,3,2,1,4,09:15,1,E09000033,4,404,6,30,3,4,4,404,0,0,1,1,1,0,0,1,1,E01004734,20-04-2018,2,2,1,1,27,6,3,0,0,0,0,-1,2,1
1544,78.52147225,14.69753395,1,3,2,1,3,16:00,1,E09000033,3,400,6,30,6,2,3,401,0,5,1,1,1,0,0,1,1,E01004763,26-04-2018,2,1,1,1,34,6,3,0,0,0,0,-1,3,1
1545,78.63052168,14.7317889,1,3,1,1,6,22:35,1,E09000033,3,302,3,30,0,-1,-1,0,0,0,4,1,1,0,0,1,1,E01004733,06-05-2018,1,1,3,1,31,6,3,5,2,0,0,-1,0,1
1546,78.55294856,14.71579359,1,3,2,1,3,17:00,1,E09000033,4,413,1,30,1,4,4,413,0,1,1,1,1,0,0,1,1,E01004704,10-05-2018,2,1,1,1,37,7,3,0,0,0,0,-1,1,1
1547,78.57724695,14.73858923,1,3,2,1,2,07:37,1,E09000033,3,4,6,30,3,2,3,4,0,5,1,1,1,0,0,1,1,E01004736,16-05-2018,1,1,1,1,26,6,3,0,0,0,0,-1,5,-1
1548,78.50940272,14.67475723,1,2,1,1,2,20:23,1,E09000033,5,0,6,30,0,-1,-1,0,0,0,5,2,2,0,0,1,1,E01004682,16-05-2018,2,1,1,1,26,6,3,0,0,0,0,-1,1,-1
1549,78.5817181,14.738191,1,3,1,1,3,16:30,1,E09000033,4,323,6,30,0,-1,-1,0,0,0,1,1,1,0,0,1,1,E01004743,17-05-2018,1,1,1,1,29,6,3,0,0,0,0,-1,9,-1
1550,78.51244687,14.78385914,1,3,2,1,4,23:00,1,E09000033,3,40,6,30,3,4,6,0,0,0,4,1,1,0,0,1,1,E01004764,18-05-2018,2,1,2,2,30,6,3,0,0,0,0,-1,4,1
1551,78.51396366,14.70182116,1,3,3,1,4,12:00,12,E09000020,3,3214,6,30,3,4,5,0,0,0,1,1,1,0,0,1,1,E01004667,18-05-2018,3,1,2,2,17,4,3,0,0,2,0,-1,8,-1
1552,78.62390343,14.78274622,1,3,2,1,5,12:59,1,E09000033,4,524,2,30,3,4,5,0,0,0,1,2,2,0,0,1,1,E01004717,19-05-2018,3,2,2,1,26,6,3,0,0,2,0,-1,8,-1
1553,78.54617401,14.72426887,1,3,1,1,5,11:55,1,E09000033,6,0,6,30,0,-1,-1,0,0,0,1,1,1,0,0,1,1,E01004734,19-05-2018,3,3,2,1,25,5,3,0,0,2,0,-1,8,-1
1554,78.57527693,14.70294869,1,3,1,2,5,23:10,1,E09000033,4,402,6,30,2,4,4,401,0,1,4,2,2,0,0,1,1,E01004735,19-05-2018,3,4,2,2,26,6,3,0,0,2,0,-1,8,-1
1555,78.57395817,14.774924,1,3,1,1,6,14:36,1,E09000033,3,4,6,30,3,2,3,4,0,5,1,1,1,0,0,1,1,E01004736,20-05-2018,1,1,2,2,82,11,3,0,0,1,0,-1,9,1
1556,78.58302119,14.75781346,1,3,5,3,1,20:40,1,E09000033,3,40,3,50,5,4,3,40,0,0,1,1,1,0,0,1,1,E01004685,22-05-2018,1,1,3,1,27,6,2,5,1,0,0,-1,0,1
1557,78.51280343,14.73060333,1,3,2,1,4,17:40,1,E09000033,6,0,6,30,6,4,6,0,0,0,1,1,1,0,0,1,1,E01004751,25-05-2018,1,1,1,1,39,7,3,0,0,0,0,-1,5,1
1558,78.4817951,14.68214143,1,3,1,1,4,08:25,1,E09000033,3,41,6,30,0,-1,-1,0,0,0,1,1,1,0,0,1,1,E01004725,25-05-2018,2,1,1,1,40,7,3,0,0,0,0,-1,5,1
1559,78.53304633,14.70345858,1,3,2,1,3,07:45,1,E09000033,5,0,6,30,6,4,6,0,0,0,1,1,1,0,0,1,2,E01004764,10-05-2018,2,1,2,2,44,7,2,0,0,2,0,-1,8,1
1560,78.59642754,14.8025782,1,3,3,1,4,07:10,1,E09000033,3,202,6,30,0,-1,-1,0,0,0,1,1,1,0,0,1,1,,25-05-2018,2,1,1,1,25,5,3,0,0,0,0,-1,1,1
1561,78.47261231,14.79140947,1,3,2,1,5,22:05,1,E09000033,3,404,6,30,0,-1,-1,0,0,0,4,1,1,0,0,1,1,E01004720,26-05-2018,1,1,3,2,9,2,3,1,3,0,0,-1,0,1
1562,78.48221314,14.68475717,1,3,2,1,5,12:04,1,E09000033,3,3214,6,30,6,4,6,0,0,1,1,1,1,0,0,1,1,E01004666,26-05-2018,1,2,3,2,7,2,3,1,3,0,0,-1,0,-1
1563,78.60711451,14.65859075,1,3,2,1,5,08:34,1,E09000033,5,0,6,30,0,-1,-1,0,0,0,1,1,1,0,0,1,1,E01004713,26-05-2018,1,1,3,2,19,4,3,1,4,0,0,-1,0,-1
1564,78.582646,14.72525573,1,3,2,1,1,20:20,1,E09000033,5,0,6,30,6,2,5,0,0,5,4,1,1,0,0,1,2,E01004658,13-03-2018,2,1,1,1,38,7,2,0,0,0,0,-1,3,1
1565,78.61670991,14.76804211,1,3,2,1,4,09:40,1,E09000033,5,0,6,30,6,2,3,4201,0,5,1,1,1,0,0,1,2,E01004765,16-03-2018,2,1,1,2,29,6,3,0,0,0,0,-1,1,1
1566,78.49199285,14.76386286,1,3,2,1,5,23:45,1,E09000033,4,414,3,30,3,2,4,413,0,0,4,2,2,0,0,1,2,E01004675,28-04-2018,2,1,1,1,40,7,3,0,0,0,0,-1,9,-1
1567,78.59597584,14.70016141,1,3,1,1,6,22:15,1,E09000033,3,501,3,30,6,2,3,41,0,5,4,1,1,0,0,1,1,E01004712,13-05-2018,1,1,1,1,30,6,3,0,0,0,0,-1,5,1
1568,78.54505015,14.76279233,1,3,1,2,1,12:15,1,E09000033,3,202,2,30,3,2,5,0,0,5,1,1,1,0,0,1,1,E01004750,15-05-2018,1,1,3,1,22,5,3,7,9,0,0,-1,0,-1
1569,78.50441184,14.78914209,1,3,1,1,7,14:58,1,E09000033,6,0,6,30,0,-1,-1,0,0,0,1,1,1,0,0,1,1,E01004719,21-05-2018,1,1,1,1,23,5,3,0,0,0,0,-1,1,1
1570,78.50998572,14.79122061,1,3,2,1,3,18:40,28,E09000005,5,0,6,30,3,4,4,413,0,0,1,1,1,0,0,1,1,E01004723,24-05-2018,1,1,3,2,73,10,3,5,4,0,0,-1,0,1
1571,78.46769508,14.77992993,1,3,1,1,7,04:15,1,E09000033,3,400,6,30,0,-1,-1,0,0,0,4,1,1,0,0,1,1,E01004734,21-05-2018,1,1,3,1,19,4,3,9,8,0,0,-1,0,-1
1572,78.51370484,14.67457751,1,3,1,1,2,17:05,1,E09000033,3,40,6,30,0,-1,-1,0,0,0,1,1,1,0,0,1,1,E01004763,25-04-2018,1,1,3,1,64,9,3,4,1,0,0,-1,0,-1
1573,78.48307706,14.71516071,1,3,1,1,3,18:05,1,E09000033,3,5205,6,30,0,-1,-1,0,0,1,1,1,1,0,0,1,1,E01004728,24-05-2018,2,1,1,1,31,6,3,0,0,0,0,-1,5,1
1574,78.59997268,14.72111665,1,3,2,1,4,09:04,1,E09000033,3,400,6,30,7,2,3,401,0,5,1,1,1,0,0,1,1,E01004734,25-05-2018,1,1,1,1,44,7,3,0,0,0,0,-1,9,1
1575,78.47357605,14.66907425,1,3,1,1,5,01:02,1,E09000033,3,401,6,30,0,-1,-1,0,0,0,4,2,2,0,0,1,1,E01004763,19-05-2018,1,1,2,2,34,6,3,0,0,0,3,-1,11,1
1576,78.49492749,14.77684174,1,3,1,1,4,14:40,1,E09000033,3,5205,6,30,3,4,6,0,0,1,1,1,1,0,0,1,1,E01004725,25-05-2018,2,1,1,1,21,5,3,0,0,0,0,-1,1,1
1577,78.58085751,14.67561265,1,3,2,1,4,12:28,1,E09000033,3,40,3,30,6,2,3,4201,0,5,1,1,1,0,0,1,1,E01004764,25-05-2018,1,1,1,1,29,6,3,0,0,0,0,-1,5,1
1578,78.5756684,14.77051588,1,3,2,1,3,18:15,1,E09000033,6,0,6,30,6,4,6,0,0,0,1,1,1,0,0,1,1,E01004654,24-05-2018,2,1,1,1,42,7,3,0,0,0,0,-1,4,1
1579,78.48996231,14.73605226,1,3,2,1,4,17:30,1,E09000033,3,501,6,30,6,2,3,501,0,5,1,1,1,0,0,1,2,E01004716,25-05-2018,1,1,3,1,18,4,3,8,6,0,0,-1,0,1
1580,78.5611716,14.7867121,1,3,1,1,5,11:00,1,E09000033,3,40,6,30,3,2,5,0,0,5,1,1,1,0,0,1,1,E01004714,26-05-2018,1,1,2,2,45,7,3,0,0,0,1,-1,11,-1
1581,78.53799181,14.67527643,1,3,2,1,5,08:20,1,E09000033,6,0,2,30,6,2,3,3217,0,5,1,1,1,0,0,1,1,E01004690,26-05-2018,1,1,3,2,51,8,2,1,1,0,0,-1,0,2
1582,78.63936402,14.80505702,1,3,2,2,5,11:45,1,E09000033,3,4205,6,30,6,2,3,4205,0,5,1,1,1,0,0,1,1,E01004682,26-05-2018,2,1,1,2,34,6,3,0,0,0,0,-1,1,1
1583,78.62254741,14.73065481,1,3,3,1,5,07:56,1,E09000033,3,5,6,30,3,2,6,0,0,5,1,1,1,0,0,1,1,E01004673,26-05-2018,2,1,1,1,32,6,3,0,0,0,0,-1,1,1
1584,78.55449942,14.6972876,1,2,1,1,6,17:08,1,E09000033,5,0,6,30,3,4,6,0,0,0,1,1,1,0,0,1,1,E01004655,27-05-2018,2,1,1,1,24,5,3,0,0,0,0,-1,19,1
1585,78.49037331,14.70636877,1,3,3,1,6,08:30,1,E09000033,5,0,2,30,6,2,5,0,0,5,1,1,1,0,0,1,1,E01004713,27-05-2018,2,1,1,1,31,6,3,0,0,0,0,-1,1,1
1586,78.55500208,14.71110193,1,3,2,1,6,12:40,1,E09000033,3,4,6,30,0,-1,-1,0,0,0,1,1,1,0,0,1,1,E01004689,27-05-2018,1,1,1,1,15,3,3,0,0,0,0,-1,1,-1
1587,78.59016868,14.73814484,1,3,1,1,6,11:25,1,E09000033,5,0,6,30,6,2,3,40,0,5,1,1,1,0,0,1,1,E01004714,27-05-2018,1,1,1,1,23,5,3,0,0,0,0,-1,9,1
1588,78.61878128,14.68464735,1,3,1,1,6,12:40,1,E09000033,3,4,2,30,0,-1,-1,0,0,0,1,1,1,0,0,1,1,E01004736,27-05-2018,1,2,2,2,-1,-1,3,0,0,1,0,-1,9,-1
1589,78.58328962,14.77757216,1,3,1,1,7,12:15,1,E09000033,3,4,3,30,3,4,3,4,0,0,1,1,1,0,0,1,1,E01004734,28-05-2018,1,3,2,2,-1,-1,3,0,0,2,0,-1,9,-1
1590,78.55718676,14.67849037,1,3,1,1,7,16:50,1,E09000033,3,40,6,30,6,2,4,406,0,5,1,1,1,0,0,1,1,E01004714,28-05-2018,1,1,1,2,27,6,3,0,0,0,0,-1,9,1
1591,78.59260383,14.67548657,1,3,3,2,7,15:20,1,E09000033,3,4205,3,30,0,-1,-1,0,0,0,1,1,1,0,0,1,1,E01004681,28-05-2018,1,1,1,1,47,8,3,0,0,0,0,-1,9,1