Accident_Index,longitude,latitude,Police_Force,Accident_Severity,Number_of_Vehicles,Number_of_Casualties,Day_of_Week,Time,Local_Authority_(District),Local_Authority_(Highway),1st_Road_Class,1st_Road_Number,Road_Type,Speed_limit,Junction_Detail,Junction_Control,2nd_Road_Class,2nd_Road_Number,Pedestrian_Crossing-Human_Control,Pedestrian_Crossing-Physical_Facilities,Light_Conditions,Weather_Conditions,Road_Surface_Conditions,Special_Conditions_at_Site,Carriageway_Hazards,Urban_or_Rural_Area,Did_Police_Officer_Attend_Scene_of_Accident,LSOA_of_Accident_Location,Date,Vehicle_Reference,Casualty_Reference,Casualty_Class,Sex_of_Casualty,Age_of_Casualty,Age_Band_of_Casualty,Casualty_Severity,Pedestrian_Location,Pedestrian_Movement,Car_Passenger,Bus_or_Coach_Passenger,Pedestrian_Road_Maintenance_Worker,Casualty_Type,Casualty_Home_Area_Type
1714,78.50806338,14.75981796,1,2,2,1,7,14:20,1,E09000033,3,3212,6,30,6,2,3,302,0,5,1,1,2,0,0,1,2,E01004733,07-05-2018,1,2,2,2,24,5,2,0,0,0,4,-1,11,1
1715,78.47592093,14.67112424,1,3,2,1,4,19:35,1,E09000033,3,5,3,30,3,4,6,0,0,0,1,1,1,0,0,1,1,E01004672,06-07-2018,1,3,2,2,30,6,3,0,0,0,4,-1,11,-1
1716,78.51455782,14.74044423,1,3,2,1,2,20:35,1,E09000033,3,302,3,30,6,2,3,3212,0,5,1,1,1,0,0,1,1,E01004733,04-07-2018,1,1,1,1,33,6,3,0,0,0,0,-1,5,1
1717,78.53997078,14.6727275,1,3,3,2,2,10:05,1,E09000033,3,4201,3,30,6,2,5,0,0,5,1,1,1,0,0,1,1,E01004765,11-07-2018,1,1,1,2,39,7,3,0,0,0,0,-1,5,1
1718,78.51585495,14.70957179,1,3,1,1,2,11:30,1,E09000033,6,0,6,30,0,-1,-1,0,0,0,1,1,1,0,0,1,1,E01004734,06-06-2018,2,1,1,2,50,8,3,0,0,0,0,-1,9,1
1719,78.59068502,14.72159506,1,2,2,1,4,18:39,1,E09000033,3,5,6,30,3,2,3,5,0,0,1,1,1,0,0,1,1,E01004686,22-06-2018,2,1,1,1,-1,-1,3,0,0,0,0,-1,1,-1
1720,78.57824377,14.68606788,1,3,1,1,6,15:44,1,E09000033,3,202,6,30,6,2,6,0,0,5,1,1,1,0,0,1,1,E01004747,18-03-2018,1,1,1,1,17,4,3,0,0,0,0,-1,3,1
1721,78.559234,14.77140238,1,2,3,1,3,15:42,1,E09000033,5,0,6,30,6,4,6,0,0,0,1,1,1,0,0,1,2,E01004710,28-06-2018,2,1,2,1,36,7,3,0,0,2,0,-1,8,1
1722,78.63398561,14.72330416,1,2,1,1,6,07:40,2,E09000007,3,4200,2,30,6,2,4,504,0,5,1,1,1,0,0,1,1,E01000855,01-07-2018,1,1,1,1,35,6,3,0,0,0,0,-1,4,1
1723,78.59039878,14.77063917,1,3,1,1,6,13:30,1,E09000033,3,4,6,30,7,2,3,4,0,0,1,1,1,0,0,1,2,E01004691,15-07-2018,1,1,1,1,42,7,3,0,0,0,0,-1,3,1
1724,78.6336736,14.72685228,1,3,1,1,4,15:50,1,E09000033,6,0,2,30,0,-1,-1,0,0,0,1,1,1,0,0,1,1,E01004714,25-05-2018,1,1,2,1,20,4,3,0,0,1,0,-1,9,1
1725,78.6238395,14.71863219,1,2,2,1,7,07:27,1,E09000033,3,4,6,30,3,2,3,315,0,5,1,1,1,0,0,1,1,E01004689,02-07-2018,2,2,1,2,32,6,3,0,0,0,0,-1,9,1
1726,78.46527284,14.75141575,1,3,2,1,7,01:30,12,E09000020,3,402,6,30,3,2,4,450,0,5,4,1,1,0,0,1,2,E01002871,02-04-2018,1,1,2,2,5,1,2,0,0,0,4,-1,11,-1
1727,78.52741998,14.71497097,1,3,2,1,4,00:20,1,E09000033,5,0,6,30,3,4,6,0,0,0,4,1,1,0,0,1,2,E01004736,06-04-2018,1,2,2,1,56,9,3,0,0,0,4,-1,11,1
1728,78.55788086,14.78329525,1,3,3,1,5,09:40,1,E09000033,5,0,6,30,2,4,5,0,0,0,1,1,1,0,0,1,1,E01004704,16-06-2018,1,1,1,1,30,6,3,0,0,0,0,-1,1,-1
1729,78.63813323,14.75568566,1,3,2,1,2,09:40,1,E09000033,3,400,6,30,3,4,6,0,0,0,1,1,1,0,0,1,1,E01004734,16-05-2018,1,1,1,1,25,5,3,0,0,0,0,-1,3,1
1730,78.58434204,14.74321065,1,3,1,2,6,18:45,1,E09000033,3,40,6,30,0,-1,-1,0,0,5,1,1,1,0,0,1,1,E01004763,17-06-2018,1,1,2,2,70,10,3,0,0,2,0,-1,8,-1
1731,78.59902788,14.67039142,1,3,1,1,5,08:30,1,E09000033,4,413,6,30,6,4,5,0,0,1,1,1,1,0,0,1,1,E01004703,30-06-2018,1,1,3,1,-1,-1,3,5,1,0,0,-1,0,-1
1732,78.55372972,14.65667189,1,3,2,1,3,18:00,1,E09000033,3,5,3,30,6,2,3,5,0,5,1,2,2,0,0,1,2,E01004702,05-07-2018,1,1,2,2,-1,-1,3,0,0,0,4,-1,11,-1
1733,78.46372262,14.77504534,1,2,2,1,4,18:10,1,E09000033,3,3211,3,30,0,-1,-1,0,0,0,1,1,1,0,0,1,1,E01004735,20-07-2018,1,1,1,1,38,7,3,0,0,0,0,-1,8,1
1734,78.6185004,14.76862664,1,3,1,1,5,16:20,1,E09000033,3,40,6,30,3,4,6,0,0,5,1,1,1,0,0,1,1,E01004764,07-07-2018,2,1,1,1,-1,-1,3,0,0,0,0,-1,1,-1
1735,78.55780437,14.71379994,1,3,3,1,6,13:38,1,E09000033,3,41,3,30,3,2,5,0,0,5,1,1,1,0,0,1,1,E01004649,01-07-2018,1,1,3,2,35,6,3,9,6,0,0,-1,0,1
1736,78.50413018,14.70537374,1,3,1,1,6,21:00,1,E09000033,3,4201,6,30,0,-1,-1,0,0,0,4,1,1,0,0,1,1,E01004765,08-07-2018,1,1,2,2,-1,-1,3,0,0,0,3,-1,11,-1
1737,78.51358449,14.69545732,1,3,2,1,6,13:10,1,E09000033,3,3213,2,30,6,2,3,3214,0,5,1,1,1,0,0,1,1,E01004750,08-07-2018,1,1,3,1,28,6,3,5,1,0,0,-1,0,1
1738,78.47301704,14.75619772,1,3,1,1,7,17:00,1,E09000033,3,501,3,30,0,-1,-1,0,0,0,1,1,1,0,0,1,1,E01004661,09-07-2018,1,1,1,1,44,7,3,0,0,0,0,-1,9,1
1739,78.53541624,14.72454532,1,3,2,1,3,15:30,1,E09000033,3,3212,6,30,3,4,6,0,0,0,1,1,1,0,0,1,1,E01004733,12-07-2018,2,2,1,2,52,8,3,0,0,0,0,-1,9,1
1740,78.47773303,14.68019214,1,2,2,1,6,02:45,1,E09000033,3,5,6,30,6,2,3,5,0,5,4,1,2,0,0,1,1,E01004686,29-04-2018,2,1,1,1,58,9,3,0,0,0,0,-1,8,1
1741,78.46394799,14.66462835,1,3,2,1,2,10:25,1,E09000033,3,302,6,30,3,2,3,3211,0,5,1,1,2,0,0,1,2,E01004733,04-04-2018,2,2,2,1,44,7,3,0,0,2,0,-1,8,1
1742,78.63442908,14.78055833,1,3,1,1,2,17:01,1,E09000033,3,40,6,30,3,4,3,40,0,0,4,1,1,0,0,1,1,E01004657,03-01-2018,2,1,1,2,40,7,3,0,0,0,0,-1,1,1
1743,78.61626768,14.70406906,1,3,2,1,2,10:40,1,E09000033,6,0,2,30,0,-1,-1,0,0,0,1,1,1,0,0,1,2,E01004734,04-04-2018,2,1,1,1,38,7,3,0,0,0,0,-1,1,1
1744,78.61733555,14.67818415,1,3,2,1,6,22:55,1,E09000033,5,0,6,30,6,2,3,5204,0,0,4,1,1,0,0,1,1,E01004713,07-01-2018,1,1,1,1,32,6,3,0,0,0,0,-1,3,1
1745,78.50952648,14.66115977,1,3,1,1,3,17:35,1,E09000033,3,3212,1,30,1,2,3,4,0,0,1,1,1,0,0,1,2,E01004736,18-01-2018,1,1,3,1,27,6,3,5,1,0,0,-1,0,-1
1746,78.51418074,14.7488865,1,3,2,1,1,14:00,1,E09000033,6,0,6,30,3,4,6,0,0,0,1,1,1,0,0,1,1,E01004678,12-06-2018,2,1,1,1,31,6,3,0,0,0,0,-1,1,1
1747,78.58159619,14.67821384,1,2,2,1,2,13:20,1,E09000033,3,4,2,30,3,4,5,0,0,0,1,1,1,0,0,1,1,E01004735,18-07-2018,1,1,1,2,52,8,3,0,0,0,0,-1,9,1
1748,78.6154344,14.67892683,1,2,2,1,6,13:40,1,E09000033,4,413,6,30,0,-1,-1,0,0,0,1,1,1,0,0,1,2,E01004705,15-07-2018,1,1,3,1,39,7,2,5,1,0,0,-1,0,1
1749,78.62617847,14.7979567,1,3,2,1,6,08:45,1,E09000033,3,40,6,30,3,2,5,0,0,5,1,1,2,0,0,1,2,E01004764,24-06-2018,1,1,2,1,41,7,3,0,0,0,1,-1,11,-1
1750,78.61291005,14.76808975,1,3,2,1,7,03:50,1,E09000033,3,4201,3,30,7,2,3,401,0,5,4,1,1,0,0,1,2,E01004764,02-07-2018,1,1,2,1,40,7,3,0,0,0,3,-1,11,1
1751,78.48046941,14.67166306,1,3,2,1,4,09:23,1,E09000033,4,404,2,30,0,-1,-1,0,0,0,1,1,1,0,0,1,1,E01004734,29-06-2018,3,1,1,1,24,5,3,0,0,0,0,-1,1,1
1752,78.51271415,14.65829927,1,3,2,1,5,16:00,1,E09000033,3,3212,6,30,3,2,3,4,0,0,1,1,1,0,0,1,2,E01004736,05-05-2018,1,1,1,2,44,7,3,0,0,0,0,-1,9,1
1753,78.57900172,14.7066158,1,3,1,1,1,14:05,1,E09000033,3,41,6,30,3,4,6,0,0,0,1,1,1,0,0,1,1,E01004657,03-07-2018,1,1,3,1,30,6,3,5,3,0,0,-1,0,1
1754,78.49882697,14.76576626,1,3,1,1,5,20:00,1,E09000033,3,4,2,30,6,4,4,2327,0,0,4,1,1,0,0,1,1,E01004736,30-06-2018,1,1,3,2,22,5,3,1,1,0,0,-1,0,1
1755,78.55999682,14.77215664,1,3,2,1,3,18:15,1,E09000033,6,0,6,30,6,4,6,0,0,0,1,1,1,0,0,1,2,E01004662,15-03-2018,1,2,3,2,23,5,3,1,1,0,0,-1,0,1
1756,78.48446932,14.78858252,1,3,2,1,6,21:25,1,E09000033,3,41,2,30,6,2,6,0,0,5,4,1,1,0,0,1,2,E01004662,22-04-2018,1,1,3,1,70,10,3,4,1,0,0,-1,0,-1
1757,78.58657029,14.79484135,1,3,2,1,2,20:05,1,E09000033,5,0,6,30,0,-1,-1,0,0,0,1,1,1,0,0,1,2,E01004764,27-06-2018,1,2,2,2,28,6,3,0,0,1,0,-1,9,1
1758,78.62594755,14.7152926,1,3,1,1,7,14:00,28,E09000005,4,413,6,30,3,4,6,0,0,1,1,1,1,0,0,1,1,E01000583,02-07-2018,2,1,2,1,28,6,3,0,0,1,0,-1,9,1
1759,78.63624291,14.69855122,1,3,2,1,5,11:00,1,E09000033,5,0,6,30,3,4,5,0,0,1,1,1,1,0,0,1,2,E01004762,05-05-2018,4,3,2,2,22,5,3,0,0,1,0,-1,9,1
1760,78.59171071,14.73119604,1,3,2,1,2,07:10,12,E09000020,4,302,6,30,6,2,3,3216,0,5,1,1,1,0,0,1,2,E01002902,06-06-2018,1,1,1,1,61,9,3,0,0,0,0,-1,19,1
1761,78.55955831,14.78223948,1,3,2,1,4,19:52,1,E09000033,5,0,6,30,6,2,4,413,0,5,1,1,1,0,0,1,1,E01004676,06-07-2018,1,1,3,1,37,7,3,5,1,0,0,-1,0,-1
1762,78.49158662,14.78250309,1,3,2,1,1,16:15,1,E09000033,3,302,6,30,0,-1,-1,0,0,0,1,1,1,0,0,1,2,E01004750,15-05-2018,1,1,1,1,30,6,3,0,0,0,0,-1,1,1
1763,78.59161538,14.78464052,1,2,1,1,3,09:58,1,E09000033,3,41,2,30,6,2,6,0,0,5,1,1,1,0,0,1,1,E01004714,05-07-2018,1,1,1,1,40,7,3,0,0,0,0,-1,1,1
1764,78.5060009,14.66162056,1,3,2,3,3,04:25,1,E09000033,5,0,6,30,6,2,3,41,0,5,4,1,1,0,0,1,1,E01004647,05-07-2018,1,1,1,1,8,2,3,0,0,0,0,-1,1,1
1765,78.62863458,14.79438019,1,3,2,1,7,12:45,1,E09000033,6,0,6,30,3,2,6,0,0,5,1,1,1,0,0,1,1,E01004716,02-07-2018,1,1,2,1,46,8,3,0,0,0,3,-1,11,1
1766,78.5580853,14.79191227,1,3,1,1,6,12:45,1,E09000033,3,5,6,30,3,2,5,0,0,5,1,1,1,0,0,1,1,E01004658,08-07-2018,2,1,1,2,47,8,3,0,0,0,0,-1,1,1
1767,78.50525464,14.73260228,1,3,2,1,3,18:35,1,E09000033,3,4201,6,30,0,-1,-1,0,0,0,1,1,1,0,0,1,2,E01004716,12-07-2018,1,1,1,1,23,5,3,0,0,0,0,-1,2,-1
1768,78.62287941,14.7327094,1,3,2,1,3,19:50,1,E09000033,6,0,2,30,3,4,6,0,0,0,1,1,1,0,0,1,1,E01004715,05-07-2018,1,1,1,1,51,8,3,0,0,0,0,-1,1,1
1769,78.48370879,14.74428505,1,3,1,1,7,15:10,1,E09000033,3,40,6,30,6,2,5,0,0,5,1,1,1,0,0,1,1,E01004763,02-07-2018,2,1,1,2,57,9,3,0,0,0,0,-1,1,-1
1770,78.49226691,14.79041532,1,3,1,1,2,15:40,2,E09000007,3,400,6,30,6,2,3,40,0,5,1,1,1,0,0,1,1,E01004763,11-07-2018,1,1,3,2,22,5,3,1,1,0,0,-1,0,1
1771,78.4921376,14.79783893,1,3,1,1,3,18:55,1,E09000033,5,0,6,30,0,-1,-1,0,0,0,1,1,1,0,0,1,1,E01004761,12-07-2018,1,1,2,2,30,6,3,0,0,0,3,-1,11,1
1772,78.54397167,14.66816731,1,2,1,1,5,08:00,1,E09000033,3,4207,6,30,3,4,6,0,0,0,1,1,2,0,0,1,1,E01004655,07-07-2018,1,2,2,1,6,2,3,0,0,0,3,-1,11,1
1773,78.62106379,14.67415326,1,3,1,1,5,02:20,1,E09000033,3,401,6,30,0,-1,-1,0,0,0,4,1,1,0,0,1,1,E01004763,30-06-2018,1,1,3,2,29,6,3,9,6,0,0,-1,0,1
1774,78.53208589,14.69887531,1,3,2,1,6,23:30,1,E09000033,4,411,6,30,3,4,5,0,0,0,4,1,1,0,0,1,1,E01004656,08-07-2018,1,1,3,2,16,4,3,5,2,0,0,-1,0,1
1775,78.54071138,14.79554283,1,3,1,1,2,11:32,1,E09000033,3,404,6,30,3,4,6,0,0,4,1,1,1,0,0,1,1,E01004758,11-07-2018,1,1,3,1,41,7,3,5,1,0,0,-1,0,-1
1776,78.46362571,14.76457312,1,3,3,1,4,15:12,1,E09000033,3,4202,3,40,0,-1,-1,0,0,0,1,1,1,0,0,1,1,E01004689,13-07-2018,1,1,2,1,53,8,3,0,0,0,1,-1,11,-1
1777,78.50066699,14.73239914,1,3,2,1,4,23:35,1,E09000033,3,501,3,30,6,2,3,4201,0,5,4,1,1,0,0,1,1,E01004716,13-07-2018,1,1,3,1,17,4,3,4,1,0,0,-1,0,1
1778,78.59692786,14.79431439,1,3,1,1,3,15:15,1,E09000033,3,40,3,50,0,-1,-1,0,0,0,1,1,1,0,0,1,1,E01004656,12-07-2018,2,1,1,1,36,7,3,0,0,0,0,-1,1,1
1779,78.57150299,14.75468333,1,3,1,1,3,11:56,1,E09000033,3,401,6,30,6,2,5,0,0,0,1,1,2,0,0,1,1,E01004763,05-07-2018,1,1,3,2,22,5,3,5,3,0,0,-1,0,-1
1780,78.62100554,14.74033863,1,3,2,1,6,14:50,1,E09000033,6,0,6,30,0,-1,-1,0,0,0,1,1,1,0,0,1,1,E01004730,08-07-2018,1,1,3,1,51,8,3,1,1,0,0,-1,0,1
1781,78.49667449,14.79845574,1,2,1,1,4,16:20,1,E09000033,3,41,6,30,6,2,3,40,0,5,1,1,1,0,0,1,1,E01004762,06-07-2018,2,1,1,1,36,7,3,0,0,0,0,-1,1,1
1782,78.6406152,14.76060608,1,3,1,1,3,16:35,1,E09000033,3,40,6,30,3,2,5,0,0,5,1,1,1,0,0,1,1,E01004763,05-07-2018,1,1,1,1,38,7,3,0,0,0,0,-1,3,1
1783,78.53603522,14.71886036,1,3,1,1,6,12:15,2,E09000007,3,40,2,30,6,2,3,400,0,5,1,1,1,0,0,1,1,E01004763,01-07-2018,1,1,1,1,41,7,3,0,0,0,0,-1,5,1
1784,78.52790545,14.73436598,1,3,1,1,2,17:00,1,E09000033,3,40,6,30,6,2,6,0,0,0,1,1,1,0,0,1,1,E01004764,04-07-2018,1,1,3,1,38,7,3,1,1,0,0,-1,0,-1
1785,78.61503402,14.77122748,1,3,1,1,3,11:35,1,E09000033,3,4209,2,30,7,2,3,402,0,5,1,1,1,0,0,1,1,E01004694,12-07-2018,1,1,1,1,36,7,3,0,0,0,0,-1,3,-1
1786,78.50656511,14.74398342,1,3,2,1,3,19:02,1,E09000033,3,302,6,30,3,4,6,0,0,0,1,1,1,0,0,1,2,E01004690,21-06-2018,2,1,3,2,35,6,3,1,3,0,0,-1,0,1
1787,78.47997171,14.71385159,1,3,1,1,4,17:35,1,E09000033,4,323,6,30,3,4,4,324,0,1,1,1,1,0,0,1,2,E01004731,22-06-2018,2,2,3,2,11,3,3,1,3,0,0,-1,0,1
1788,78.58139317,14.75068405,1,3,2,1,4,10:30,1,E09000033,4,525,6,30,0,-1,-1,0,0,0,1,1,1,0,0,1,2,E01004730,13-07-2018,3,1,1,1,37,7,3,0,0,0,0,-1,3,1
1789,78.62866643,14.72731103,1,2,2,1,2,17:44,1,E09000033,3,3211,3,30,0,-1,-1,0,0,4,1,1,1,0,0,1,1,E01004733,04-07-2018,1,1,3,2,61,9,2,5,4,0,0,-1,0,-1
1790,78.54424081,14.70353742,1,3,2,1,3,14:00,1,E09000033,6,0,6,30,0,-1,-1,0,0,0,1,1,1,0,0,1,2,E01004749,22-03-2018,3,1,1,1,54,8,3,0,0,0,0,-1,5,1
1791,78.56903779,14.66782534,1,2,2,1,7,18:30,1,E09000033,3,41,6,30,6,2,6,0,0,5,1,1,1,0,0,1,1,E01004657,09-07-2018,2,1,1,1,28,6,3,0,0,0,0,-1,1,-1
1792,78.52489371,14.73540916,1,3,1,1,5,22:00,1,E09000033,3,4,6,30,7,4,3,4,0,0,4,1,1,0,0,1,2,E01004736,07-04-2018,1,1,3,1,16,4,3,1,3,0,0,-1,0,1
1793,78.64033104,14.75027591,1,3,2,1,5,21:00,1,E09000033,3,3212,3,30,7,2,3,202,0,5,1,1,2,0,0,1,2,E01004745,30-06-2018,1,1,2,2,54,8,3,0,0,0,2,-1,11,-1
1794,78.64147543,14.72318936,1,3,2,2,5,22:46,1,E09000033,6,0,6,30,3,4,3,315,0,0,4,1,1,0,0,1,2,E01004689,30-06-2018,1,1,3,1,53,8,3,5,3,0,0,-1,0,-1
1795,78.48070056,14.68727867,1,3,2,1,4,15:48,1,E09000033,3,4201,6,30,6,2,6,0,0,5,1,1,1,0,0,1,1,E01004765,13-07-2018,1,1,3,2,55,8,3,4,1,0,0,-1,0,-1
1796,78.55514094,14.70084995,1,3,1,1,3,18:50,1,E09000033,3,40,6,30,6,2,4,406,0,5,5,2,2,0,0,1,1,E01004764,05-07-2018,1,1,3,2,9,2,3,5,4,0,0,-1,0,1
1797,78.52821052,14.70576267,1,3,3,1,4,17:30,1,E09000033,5,0,6,30,0,-1,-1,0,0,0,1,1,1,0,0,1,2,E01004716,22-06-2018,1,2,3,1,38,7,3,5,4,0,0,-1,0,1
1798,78.59437352,14.79674597,1,3,2,1,4,17:42,1,E09000033,3,3212,6,30,7,2,3,302,0,5,1,1,1,0,0,1,1,E01004733,06-07-2018,1,1,3,1,34,6,3,5,1,0,0,-1,0,1
1799,78.53620162,14.66739259,1,2,1,1,5,13:28,1,E09000033,3,4201,3,30,6,2,5,0,0,5,1,1,1,0,0,1,2,E01004764,14-04-2018,2,1,1,1,31,6,3,0,0,0,0,-1,5,1
1800,78.50099919,14.71198838,1,3,2,1,1,10:15,1,E09000033,4,507,6,30,3,4,6,0,0,1,1,1,1,0,0,1,1,E01004670,10-07-2018,1,1,1,2,48,8,3,0,0,0,0,-1,1,1
1801,78.60741499,14.67509166,1,3,2,1,5,23:30,1,E09000033,5,0,6,30,3,4,6,0,0,1,4,1,1,0,0,1,1,E01004762,21-04-2018,1,1,3,2,30,6,2,4,2,0,0,-1,0,-1
1802,78.52127315,14.80313167,1,3,1,1,5,16:46,1,E09000033,3,40,6,30,6,2,4,406,0,5,1,1,1,0,0,1,2,E01004764,21-04-2018,1,1,3,1,-1,-1,3,5,1,0,0,-1,0,1
1803,78.63088176,14.72036133,48,3,2,1,6,08:50,570,E09000001,3,3211,6,30,3,2,3,300,0,5,1,1,1,0,0,1,2,E01000004,29-04-2018,1,1,3,1,26,6,3,5,3,0,0,-1,0,1
1804,78.58611185,14.72385591,1,3,1,1,5,13:58,1,E09000033,3,4201,2,30,6,2,5,0,0,5,1,1,1,0,0,1,2,E01004764,02-06-2018,2,1,1,2,31,6,3,0,0,0,0,-1,1,1
1805,78.50919263,14.76411115,1,3,2,1,4,13:34,1,E09000033,3,40,6,30,0,-1,-1,0,0,0,1,1,1,0,0,1,2,E01004764,08-06-2018,1,1,1,1,57,9,3,0,0,0,0,-1,9,1
1806,78.62824803,14.71707837,1,3,2,1,4,21:45,1,E09000033,3,5205,3,30,3,2,3,5,0,5,1,1,1,0,0,1,2,E01004728,08-06-2018,2,1,1,2,31,6,3,0,0,0,0,-1,1,1
1807,78.55813502,14.74876233,1,3,1,1,6,14:25,1,E09000033,3,3212,6,30,0,-1,-1,0,0,4,1,1,1,0,0,1,2,E01004745,10-06-2018,1,1,1,1,23,5,3,0,0,0,0,-1,3,1
1808,78.5281984,14.67883225,1,2,1,1,6,16:00,1,E09000033,5,0,2,30,3,4,6,0,0,0,1,1,1,0,0,1,2,E01004736,17-06-2018,1,1,2,2,56,9,2,0,0,0,1,-1,11,-1
1809,78.64184141,14.74413049,1,2,2,1,4,15:15,1,E09000033,6,0,6,30,0,-1,-1,0,0,0,1,1,1,4,0,1,2,E01004721,29-06-2018,1,1,3,1,45,7,3,4,3,0,0,-1,0,1
1810,78.50237115,14.66477314,1,3,2,1,4,22:30,1,E09000033,3,41,6,30,6,2,5,0,0,0,4,1,1,1,0,1,1,E01004657,22-06-2018,1,1,1,1,45,7,3,0,0,0,0,-1,9,-1
1811,78.54029794,14.7974753,1,3,2,1,1,13:15,1,E09000033,3,501,6,30,0,-1,-1,0,0,0,1,1,1,0,0,1,2,E01004712,17-07-2018,1,1,1,1,11,3,3,0,0,0,0,-1,1,1
1812,78.57006687,14.66064343,1,3,2,1,4,08:34,1,E09000033,4,402,6,30,3,4,4,401,0,0,1,1,1,0,0,1,2,E01004735,22-06-2018,1,1,1,1,45,7,3,0,0,0,0,-1,19,1
1813,78.5447711,14.72433708,1,2,1,1,3,09:10,1,E09000033,3,3212,6,30,6,2,3,302,0,5,1,1,1,0,0,1,2,E01004733,19-07-2018,2,1,1,1,35,6,3,0,0,0,0,-1,1,-1
1814,78.50810529,14.73989482,1,3,2,1,5,23:13,1,E09000033,3,41,1,30,1,4,3,5205,0,0,4,1,1,0,0,1,2,E01004725,21-07-2018,1,1,1,1,23,5,2,0,0,0,0,-1,5,1
1815,78.61619185,14.68015982,1,3,1,1,6,20:30,1,E09000033,3,40,6,30,6,2,4,406,0,5,1,1,1,0,0,1,2,E01004764,22-07-2018,1,1,3,1,21,5,3,1,3,0,0,-1,0,-1
1816,78.58994816,14.79921743,1,3,2,2,6,15:20,1,E09000033,3,5204,6,30,6,2,3,41,0,5,1,1,1,0,0,1,2,E01004657,22-07-2018,1,1,3,2,31,6,2,6,9,0,0,-1,0,1
1817,78.54590042,14.7369894,1,3,1,1,3,20:30,1,E09000033,3,4,6,30,0,-1,-1,0,0,0,4,1,1,0,0,1,2,E01004736,26-07-2018,1,1,1,2,19,4,3,0,0,0,0,-1,9,1
1818,78.49212609,14.71276184,1,3,2,1,5,08:40,1,E09000033,3,5204,2,30,0,-1,-1,0,0,0,1,1,2,0,0,1,2,E01004714,28-07-2018,2,1,1,1,28,6,3,0,0,0,0,-1,5,-1
1819,78.46727252,14.6713627,1,3,2,1,7,13:05,1,E09000033,4,507,6,30,6,4,5,0,0,0,1,1,1,0,0,1,2,E01004651,30-07-2018,2,1,1,1,23,5,3,0,0,0,0,-1,2,-1
1820,78.50856386,14.76885177,1,3,2,1,5,17:45,1,E09000033,3,3211,3,30,3,2,4,308,0,5,1,1,1,0,0,1,2,E01004733,04-08-2018,1,1,3,2,35,6,2,4,1,0,0,-1,0,1
1821,78.56565446,14.77190044,1,3,2,1,2,13:45,1,E09000033,5,0,6,30,0,-1,-1,0,0,0,1,1,1,0,0,1,2,E01004738,09-05-2018,1,1,1,1,30,6,3,0,0,0,0,-1,1,1
1822,78.54999556,14.70186719,1,3,2,1,6,18:45,1,E09000033,3,402,6,30,0,-1,-1,0,0,0,1,1,1,0,0,1,1,E01004694,15-07-2018,3,1,3,2,32,6,3,8,9,0,0,-1,0,1
1823,78.62632019,14.68413829,1,3,1,1,2,15:46,1,E09000033,6,0,6,30,3,4,6,0,0,0,1,1,1,0,0,1,1,E01004646,18-07-2018,1,1,1,1,68,10,3,0,0,0,0,-1,8,1
1824,78.62301041,14.79639361,1,3,2,1,4,16:30,1,E09000033,6,0,6,30,3,4,6,0,0,0,1,1,1,0,0,1,1,E01004727,20-07-2018,2,2,1,2,54,8,3,0,0,0,0,-1,9,1
1825,78.47751018,14.65974998,1,3,2,1,3,18:13,1,E09000033,6,0,3,30,6,2,6,0,0,5,1,1,1,0,0,1,1,E01004687,21-06-2018,1,1,3,1,48,8,2,4,1,0,0,-1,0,1
1826,78.51104606,14.76692003,1,3,1,1,5,14:25,1,E09000033,5,0,6,30,0,-1,-1,0,0,0,1,1,1,0,0,1,1,E01004765,21-07-2018,1,1,3,2,20,4,2,1,1,0,0,-1,0,1
1827,78.51183179,14.78982905,1,3,2,1,5,08:50,1,E09000033,3,3212,3,30,0,-1,-1,0,0,0,1,1,1,0,0,1,1,E01004738,21-07-2018,2,1,1,1,54,8,3,0,0,0,0,-1,5,-1
1828,78.48062659,14.73200785,1,2,2,1,6,15:50,1,E09000033,5,0,6,30,3,2,3,202,0,5,1,1,1,0,0,1,1,E01004750,22-07-2018,1,1,1,1,25,5,3,0,0,0,0,-1,5,1
1829,78.5440423,14.67310958,1,3,1,1,6,08:28,1,E09000033,3,315,6,30,0,-1,-1,0,0,0,1,1,1,0,0,1,1,E01004688,22-07-2018,2,1,1,1,39,7,3,0,0,0,0,-1,1,1
1830,78.62357461,14.75719797,1,2,2,1,3,08:32,1,E09000033,3,3212,6,30,0,-1,-1,0,0,0,1,1,1,0,0,1,1,E01004737,19-07-2018,1,1,3,1,32,6,3,7,9,0,0,-1,0,-1
1831,78.53243523,14.79362438,1,3,1,1,6,16:09,1,E09000033,3,4,6,30,3,2,3,4200,0,5,1,1,1,0,0,1,1,E01004735,22-07-2018,2,1,1,2,29,6,3,0,0,0,0,-1,1,1
1832,78.52414031,14.77448905,1,3,1,1,6,20:20,1,E09000033,3,404,3,30,0,-1,-1,0,0,0,4,1,1,0,0,1,1,E01004661,22-07-2018,1,1,3,1,-1,-1,3,8,5,0,0,-1,0,-1
1833,78.56669149,14.69603055,1,3,2,1,3,15:53,2,E09000007,3,40,2,30,6,2,3,40,0,5,1,1,1,0,0,1,1,E01004763,19-07-2018,1,1,3,2,54,8,3,5,1,0,0,-1,0,1
1834,78.49805065,14.76138303,1,3,1,1,6,08:29,1,E09000033,3,4201,6,30,0,-1,-1,0,0,0,1,1,1,0,0,1,1,E01004764,22-07-2018,1,1,1,1,43,7,3,0,0,0,0,-1,5,1
1835,78.46660505,14.78111469,1,3,1,1,3,11:35,1,E09000033,3,40,6,30,0,-1,-1,0,0,0,1,1,1,0,0,1,1,E01004762,19-07-2018,1,1,2,2,62,9,3,0,0,0,3,-1,11,1
1836,78.60847611,14.77230043,1,2,2,1,6,08:15,1,E09000033,6,0,6,30,0,-1,-1,0,0,0,1,1,1,0,0,1,1,E01004692,22-07-2018,1,1,3,2,29,6,3,6,9,0,0,-1,0,1