Accident_Index,longitude,latitude,Police_Force,Accident_Severity,Number_of_Vehicles,Number_of_Casualties,Day_of_Week,Time,Local_Authority_(District),Local_Authority_(Highway),1st_Road_Class,1st_Road_Number,Road_Type,Speed_limit,Junction_Detail,Junction_Control,2nd_Road_Class,2nd_Road_Number,Pedestrian_Crossing-Human_Control,Pedestrian_Crossing-Physical_Facilities,Light_Conditions,Weather_Conditions,Road_Surface_Conditions,Special_Conditions_at_Site,Carriageway_Hazards,Urban_or_Rural_Area,Did_Police_Officer_Attend_Scene_of_Accident,LSOA_of_Accident_Location,Date,Vehicle_Reference,Casualty_Reference,Casualty_Class,Sex_of_Casualty,Age_of_Casualty,Age_Band_of_Casualty,Casualty_Severity,Pedestrian_Location,Pedestrian_Movement,Car_Passenger,Bus_or_Coach_Passenger,Pedestrian_Road_Maintenance_Worker,Casualty_Type,Casualty_Home_Area_Type
1837,78.50587302,14.78274727,1,2,1,2,7,20:30,1,E09000033,3,4,2,30,3,2,4,2327,0,5,1,1,1,0,0,1,1,E01004734,23-07-2018,1,1,2,1,45,7,3,0,0,0,2,-1,11,-1
1838,78.48942582,14.73384225,1,3,1,1,7,00:30,1,E09000033,3,4205,2,30,6,2,3,5,0,5,4,1,1,0,0,1,1,E01004685,23-07-2018,1,1,2,1,37,7,3,0,0,2,0,-1,8,-1
1839,78.49333155,14.78210081,1,3,1,1,1,12:15,1,E09000033,4,324,6,30,0,-1,-1,0,0,0,1,2,2,0,0,1,1,E01004749,24-07-2018,1,1,3,2,-1,-1,3,5,1,0,0,-1,0,-1
1840,78.56728045,14.700776,1,3,1,1,1,17:00,1,E09000033,3,3212,3,30,3,4,6,0,0,0,1,1,1,0,0,1,1,E01004736,24-07-2018,1,1,1,1,39,7,3,0,0,0,0,-1,8,3
1841,78.5419699,14.728428,1,3,1,1,1,19:15,2,E09000007,3,40,2,30,6,2,3,40,0,5,1,1,2,0,0,1,1,E01004763,24-07-2018,1,1,3,1,52,8,3,4,1,0,0,-1,0,1
1842,78.61706592,14.7208289,1,3,1,1,2,13:42,1,E09000033,5,0,6,30,3,4,6,0,0,0,1,1,1,0,0,1,1,E01004680,25-07-2018,2,1,1,1,36,7,2,0,0,0,0,-1,5,1
1843,78.4902615,14.75958065,1,3,2,1,2,11:15,1,E09000033,5,0,6,30,3,4,5,0,0,1,1,2,2,0,0,1,1,E01004764,25-07-2018,1,1,3,1,30,6,3,4,2,0,0,-1,0,1
1844,78.57263921,14.7621901,1,3,1,1,2,06:42,1,E09000033,3,40,6,30,6,2,3,41,0,5,1,1,1,0,0,1,1,E01004657,25-07-2018,1,1,3,1,28,6,3,1,3,0,0,-1,0,-1
1845,78.58041204,14.79582015,1,2,2,2,3,06:17,1,E09000033,5,0,6,30,3,4,6,0,0,0,1,1,1,0,0,1,1,E01004656,26-07-2018,1,1,3,1,19,4,3,5,1,0,0,-1,0,-1
1846,78.5314082,14.75347672,1,3,2,3,3,22:40,1,E09000033,4,406,2,30,6,2,5,0,0,5,4,1,1,2,0,1,1,E01004761,26-07-2018,1,1,2,2,31,6,3,0,0,0,1,-1,11,-1
1847,78.55937213,14.67989086,1,3,2,1,4,21:00,1,E09000033,5,0,6,30,6,4,6,0,0,0,4,2,2,0,0,1,1,E01004670,27-07-2018,1,1,1,1,44,7,3,0,0,0,0,-1,9,1
1848,78.6223601,14.78912796,1,3,1,1,2,10:45,1,E09000033,4,507,6,30,3,4,6,0,0,0,1,1,1,0,0,1,1,E01004650,18-07-2018,1,1,2,2,24,5,2,0,0,1,0,-1,9,-1
1849,78.59560557,14.7775435,1,2,2,1,5,17:45,1,E09000033,3,5,6,30,3,4,6,0,0,0,1,1,1,0,0,1,1,E01004673,14-07-2018,1,2,1,1,-1,-1,2,0,0,0,0,-1,9,-1
1850,78.47576968,14.72068554,1,3,2,1,1,16:36,1,E09000033,3,402,6,30,0,-1,-1,0,0,0,1,1,1,0,0,1,1,E01004689,24-07-2018,2,3,1,2,19,4,3,0,0,0,0,-1,9,1
1851,78.58425705,14.73801658,1,3,1,1,4,09:52,1,E09000033,6,0,6,30,0,-1,-1,0,0,4,1,2,2,0,0,1,1,E01004736,27-07-2018,3,4,1,1,50,8,2,0,0,0,0,-1,9,-1
1852,78.5605688,14.70318819,1,2,1,1,7,10:00,1,E09000033,3,5,6,30,3,4,6,0,0,0,1,1,1,0,0,1,1,E01004661,30-07-2018,1,1,2,2,17,4,2,0,0,0,2,-1,11,1
1853,78.47372346,14.7256532,1,2,1,1,5,17:28,1,E09000033,3,40,6,30,0,-1,-1,0,0,0,1,1,1,0,0,1,1,E01004763,28-07-2018,1,1,1,1,82,11,3,0,0,0,0,-1,9,1
1854,78.51289411,14.66415781,1,3,2,1,5,17:04,1,E09000033,3,3211,6,30,0,-1,-1,0,0,0,1,1,1,0,0,1,1,E01004736,28-07-2018,1,2,2,1,75,10,3,0,0,1,0,-1,9,1
1855,78.60100821,14.66965921,1,3,2,1,4,08:40,1,E09000033,3,3212,3,30,3,4,6,0,0,0,1,1,1,0,0,1,1,E01004745,28-09-2018,1,1,3,2,24,5,3,5,3,0,0,-1,0,1
1856,78.53319953,14.74530872,1,3,1,1,5,14:17,1,E09000033,4,411,6,30,3,4,5,0,0,0,1,1,1,0,0,1,1,E01004656,28-07-2018,1,1,3,2,22,5,3,1,9,0,0,-1,0,1
1857,78.53717465,14.68454559,1,2,1,1,5,22:51,1,E09000033,3,400,6,30,6,2,4,402,0,5,4,1,1,0,0,1,1,E01004734,28-07-2018,1,1,1,1,35,6,3,0,0,0,0,-1,5,-1
1858,78.47340719,14.65877268,1,3,2,1,6,22:15,1,E09000033,5,0,6,30,0,-1,-1,0,0,0,4,1,1,0,0,1,1,E01004736,29-07-2018,1,1,3,2,20,4,2,5,1,0,0,-1,0,1
1859,78.61840808,14.66243039,1,3,2,1,6,12:30,1,E09000033,3,302,6,30,3,4,6,0,0,0,1,1,1,0,0,1,1,E01004690,29-07-2018,1,1,3,2,30,6,3,6,9,0,0,-1,0,1
1860,78.49200151,14.77628225,1,3,2,1,6,14:28,1,E09000033,3,5,6,30,6,2,3,5204,0,5,1,1,1,0,0,1,1,E01004680,29-07-2018,1,2,3,1,34,6,3,6,9,0,0,-1,0,1
1861,78.61439188,14.70303583,1,3,2,1,6,19:47,1,E09000033,6,0,6,30,3,4,3,404,0,1,4,1,1,0,0,1,1,E01004758,15-07-2018,2,1,1,1,36,7,3,0,0,0,0,-1,5,1
1862,78.57709335,14.67553141,1,3,2,1,6,08:16,1,E09000033,3,302,6,30,0,-1,-1,0,0,0,1,1,1,0,0,1,1,E01004733,29-07-2018,1,1,2,2,68,10,3,0,0,0,3,-1,11,1
1863,78.47313021,14.73309195,1,3,1,1,6,23:50,1,E09000033,3,4201,6,30,0,-1,-1,0,0,0,4,1,1,0,0,1,1,E01004713,29-07-2018,1,1,1,1,42,7,3,0,0,0,0,-1,9,1
1864,78.53320055,14.66748015,1,3,2,1,5,11:20,1,E09000033,3,5205,6,30,6,2,3,5205,0,5,1,1,1,0,0,1,1,E01004730,14-07-2018,1,1,1,1,16,4,3,0,0,0,0,-1,2,1
1865,78.63994303,14.80025381,1,3,1,1,7,15:30,1,E09000033,3,40,6,30,0,-1,-1,0,0,0,1,1,1,0,0,1,1,E01004763,16-07-2018,1,1,3,1,29,6,3,8,5,0,0,-1,0,-1
1866,78.60204168,14.73154196,1,3,1,2,6,23:25,1,E09000033,3,40,2,30,6,2,4,406,0,5,4,1,1,0,0,1,1,E01004764,15-07-2018,1,1,1,1,36,7,3,0,0,0,0,-1,1,-1
1867,78.52670123,14.67037103,1,3,1,1,7,16:30,1,E09000033,3,40,6,30,6,2,3,40,0,5,1,1,1,0,0,1,1,E01004764,30-07-2018,2,1,1,1,53,8,2,0,0,0,0,-1,5,1
1868,78.49727469,14.66916942,1,3,2,1,1,22:24,1,E09000033,3,302,6,30,3,2,3,3211,0,5,4,1,1,0,0,1,1,E01004733,31-07-2018,1,1,3,1,16,4,3,5,3,0,0,-1,0,1
1869,78.56273298,14.73918301,1,3,1,1,1,13:15,1,E09000033,3,400,3,30,0,-1,-1,0,0,0,1,1,1,0,0,1,1,E01004763,31-07-2018,1,1,3,1,59,9,3,9,5,0,0,-1,0,1
1870,78.5978554,14.79458003,1,2,2,1,2,08:05,1,E09000033,5,0,6,30,8,4,6,0,0,0,1,1,1,0,0,1,1,E01004701,01-08-2018,1,1,3,2,16,4,2,5,2,0,0,-1,0,-1
1871,78.54199024,14.75933506,1,3,1,1,7,17:09,1,E09000033,3,41,6,30,0,-1,-1,0,0,0,1,1,1,0,0,1,1,E01004726,11-06-2018,2,1,1,1,26,6,3,0,0,0,0,-1,3,1
1872,78.58390688,14.79474143,1,3,1,1,4,08:45,1,E09000033,3,202,6,30,3,2,3,202,0,5,1,2,2,0,0,1,1,E01004749,15-06-2018,1,1,3,2,53,8,3,1,1,0,0,-1,0,1
1873,78.60775171,14.77234696,1,3,1,1,5,18:05,1,E09000033,3,400,6,30,3,4,3,400,0,0,1,1,1,0,0,1,1,E01004734,16-06-2018,1,1,1,2,32,6,3,0,0,0,0,-1,1,1
1874,78.53175937,14.7823098,1,3,2,1,4,08:48,1,E09000033,3,404,6,30,3,4,5,0,0,0,1,1,1,0,0,1,1,E01004755,22-06-2018,1,1,1,1,55,8,3,0,0,0,0,-1,9,3
1875,78.5470952,14.76399612,1,3,2,1,1,14:01,1,E09000033,3,40,3,30,3,4,6,0,0,0,1,1,1,0,0,1,1,E01004764,26-06-2018,2,1,1,1,42,7,3,0,0,0,0,-1,5,1
1876,78.61032047,14.71179606,1,3,2,1,3,17:14,1,E09000033,5,0,6,30,3,4,6,0,0,0,1,1,1,0,0,1,1,E01004651,28-06-2018,1,1,2,2,22,5,3,0,0,2,0,-1,9,-1
1877,78.60682086,14.69433275,1,3,2,1,3,18:42,1,E09000033,6,0,6,30,0,-1,-1,0,0,0,1,1,1,0,0,1,1,E01004692,02-08-2018,1,2,2,2,21,5,3,0,0,2,0,-1,9,1
1878,78.5228874,14.75068947,1,3,1,1,4,00:16,1,E09000033,3,4,2,30,6,2,3,4,0,5,4,1,1,0,0,1,1,E01004736,03-08-2018,1,1,3,2,19,4,3,1,3,0,0,-1,0,-1
1879,78.4687545,14.67323668,1,3,2,1,6,08:36,1,E09000033,3,4205,6,30,9,2,5,0,0,0,1,1,1,0,0,1,1,E01004685,01-07-2018,2,1,1,1,17,4,3,0,0,0,0,-1,3,1
1880,78.46654492,14.66625656,1,3,2,1,4,17:45,1,E09000033,6,0,6,30,0,-1,-1,0,0,0,1,1,1,0,0,1,1,E01004689,13-07-2018,2,1,1,2,23,5,3,0,0,0,0,-1,1,1
1881,78.55406661,14.69852793,1,3,1,1,5,14:35,1,E09000033,3,501,6,30,0,-1,-1,0,0,0,1,1,1,0,0,1,1,E01004661,04-08-2018,2,1,1,1,40,7,2,0,0,0,0,-1,1,1
1882,78.53240499,14.73196885,1,3,2,1,7,20:45,1,E09000033,6,0,6,30,0,-1,-1,0,0,0,1,1,1,0,0,1,1,E01004671,02-07-2018,1,1,3,2,50,8,2,1,3,0,0,-1,0,-1
1883,78.58990991,14.76362216,1,3,1,1,7,08:15,1,E09000033,3,400,3,30,0,-1,-1,0,0,0,1,1,1,0,0,1,1,E01004734,06-08-2018,1,1,3,2,61,9,3,1,3,0,0,-1,0,1
1884,78.63901057,14.78324385,1,3,1,1,2,16:07,1,E09000033,6,0,6,30,0,-1,-1,0,0,0,1,1,1,0,0,1,1,E01004671,04-07-2018,1,1,3,1,57,9,3,1,1,0,0,-1,0,1
1885,78.6222498,14.79086402,1,3,1,1,4,15:30,1,E09000033,3,41,2,30,6,2,6,0,0,5,1,1,1,0,0,1,1,E01004714,06-07-2018,1,1,3,1,27,6,3,6,9,0,0,-1,0,-1
1886,78.55613243,14.73265921,1,3,2,1,2,09:30,1,E09000033,3,5204,6,30,6,2,6,0,0,5,1,1,1,0,0,1,1,E01004714,08-08-2018,1,1,3,2,25,5,3,9,5,0,0,-1,0,1
1887,78.60557081,14.68976753,1,2,1,1,2,14:13,1,E09000033,3,40,6,30,0,-1,-1,0,0,4,1,1,1,0,0,1,1,E01004764,04-07-2018,1,1,3,2,28,6,3,1,1,0,0,-1,0,1
1888,78.61983859,14.79086593,1,3,1,1,6,17:20,1,E09000033,3,3213,2,30,3,4,6,0,0,0,1,1,1,0,0,1,1,E01004750,05-08-2018,1,1,3,1,2,1,3,9,6,0,0,-1,0,-1
1889,78.53431115,14.73971322,1,3,2,1,2,13:24,1,E09000033,3,302,6,30,3,4,5,0,0,0,1,2,2,0,0,1,1,E01004733,22-08-2018,1,1,1,1,30,6,3,0,0,0,0,-1,1,1
1890,78.52850676,14.70694186,1,3,1,1,1,13:00,1,E09000033,3,202,6,30,0,-1,-1,0,0,0,1,1,1,0,0,1,1,E01004749,21-08-2018,1,1,1,2,26,6,2,0,0,0,0,-1,1,1
1891,78.58957947,14.68605198,1,3,2,1,5,07:40,1,E09000033,3,404,3,30,3,2,5,0,0,5,1,1,1,0,0,1,1,E01004757,18-08-2018,1,1,3,2,23,5,3,5,1,0,0,-1,0,-1
1892,78.54354598,14.69140101,1,3,2,1,1,15:33,1,E09000033,4,308,6,30,0,-1,-1,0,0,0,1,1,1,0,0,1,1,E01004736,10-07-2018,1,1,1,2,30,6,3,0,0,0,0,-1,2,1
1893,78.51195625,14.68236459,1,3,1,1,6,12:20,1,E09000033,3,5204,6,30,6,2,5,0,0,5,1,1,1,0,0,1,1,E01004713,08-07-2018,1,1,2,2,28,6,3,0,0,0,0,-1,5,1
1894,78.47179064,14.73804112,1,3,1,1,5,08:15,1,E09000033,3,402,6,30,3,4,5,0,0,0,1,1,1,0,0,1,2,E01004680,18-08-2018,1,1,1,1,38,7,3,0,0,0,0,-1,5,1
1895,78.61821782,14.7143468,1,3,1,1,5,03:22,1,E09000033,3,400,2,30,0,-1,-1,0,0,0,4,1,2,0,0,1,1,E01004763,25-08-2018,1,1,3,1,15,3,3,1,4,0,0,-1,0,-1
1896,78.63669963,14.71810524,1,3,1,1,4,23:05,1,E09000033,3,4,1,30,1,2,3,4,0,5,4,1,1,0,0,1,1,E01004736,24-08-2018,1,1,1,1,44,7,3,0,0,0,0,-1,1,1
1897,78.49865164,14.66168389,1,3,2,1,6,03:50,1,E09000033,3,41,6,30,0,-1,-1,0,0,0,4,1,1,0,0,1,1,E01004725,24-06-2018,1,1,3,1,38,7,3,6,9,0,0,-1,0,1
1898,78.50952785,14.80400628,1,3,2,1,2,23:00,1,E09000033,3,4202,3,30,3,2,3,4,0,5,4,1,1,0,0,1,2,E01004761,11-07-2018,1,1,1,1,55,8,2,0,0,0,0,-1,21,-1
1899,78.62357172,14.68695578,1,3,1,1,3,22:30,1,E09000033,3,4,6,30,0,-1,-1,0,0,0,4,1,1,0,0,1,2,E01004736,26-07-2018,1,1,1,1,41,7,3,0,0,0,0,-1,1,1
1900,78.60711983,14.79603522,1,3,2,1,4,19:47,1,E09000033,3,5,3,30,7,2,3,404,0,5,4,1,1,0,0,1,1,E01004685,20-07-2018,2,1,1,2,38,7,3,0,0,0,0,-1,1,1
1901,78.54259054,14.77904732,1,3,2,1,4,17:56,1,E09000033,3,501,3,30,6,2,3,41,0,5,1,1,1,0,0,1,1,E01004660,10-08-2018,1,1,3,1,17,4,3,5,3,0,0,-1,0,-1
1902,78.59365492,14.74882516,1,3,1,1,1,01:20,1,E09000033,3,4,2,30,6,4,3,4,0,0,4,1,1,0,0,1,1,E01004736,17-07-2018,1,1,2,1,41,7,3,0,0,2,0,-1,9,1
1903,78.52855262,14.80455062,1,2,2,1,2,17:26,1,E09000033,3,3213,6,30,0,-1,-1,0,0,0,1,1,1,0,0,1,1,E01004749,18-07-2018,1,2,2,2,38,7,3,0,0,2,0,-1,9,1
1904,78.59184964,14.70566358,1,3,2,1,3,18:15,1,E09000033,5,0,6,30,6,4,6,0,0,1,1,1,1,0,0,1,1,E01004663,16-08-2018,1,3,2,1,25,5,3,0,0,2,0,-1,9,-1
1905,78.57938028,14.72842108,1,2,1,1,4,17:15,1,E09000033,4,402,2,30,3,4,4,404,0,0,1,9,1,0,0,1,2,E01004734,29-06-2018,1,1,2,1,61,9,3,0,0,0,3,-1,11,-1
1906,78.5656352,14.75551519,1,3,1,1,7,09:45,2,E09000007,3,41,3,40,6,2,3,41,0,5,1,1,1,0,0,1,1,E01004646,02-07-2018,1,1,3,1,47,8,3,1,1,0,0,-1,0,1
1907,78.55429846,14.69328693,1,2,2,1,3,06:48,1,E09000033,3,3211,3,30,0,-1,-1,0,0,0,1,1,1,0,0,1,1,E01004733,26-07-2018,1,1,3,2,33,6,3,4,3,0,0,-1,0,1
1908,78.48477234,14.76464944,1,3,2,1,4,19:18,1,E09000033,3,202,6,30,3,2,3,202,0,5,1,1,1,0,0,1,1,E01004750,31-08-2018,1,1,1,1,24,5,3,0,0,0,0,-1,1,1
1909,78.46292411,14.68742786,1,3,2,1,3,22:50,1,E09000033,6,0,6,30,0,-1,-1,0,0,0,4,2,2,0,0,1,1,E01004670,05-07-2018,1,1,3,2,31,6,3,9,5,0,0,-1,0,1
1910,78.63246452,14.76956512,1,3,1,1,2,09:30,1,E09000033,3,4201,6,30,6,2,3,4201,0,5,1,2,2,0,0,1,2,E01004765,22-08-2018,1,1,1,1,23,5,3,0,0,0,0,-1,3,1
1911,78.4691523,14.68391954,1,2,2,1,4,19:36,1,E09000033,6,0,6,30,0,-1,-1,0,0,0,1,1,1,0,0,1,1,E01004761,13-07-2018,1,2,2,2,34,6,3,0,0,0,0,-1,19,1
1912,78.50722008,14.69671123,1,3,1,1,6,22:15,1,E09000033,6,0,2,30,0,-1,-1,0,0,0,4,1,1,0,0,1,1,E01004764,15-07-2018,2,1,2,2,38,7,3,0,0,2,0,-1,9,-1
1913,78.52439169,14.69341757,1,3,2,1,7,19:30,1,E09000033,3,3212,3,30,3,2,5,0,0,5,1,1,1,0,0,1,2,E01004664,16-07-2018,1,1,1,1,24,5,3,0,0,0,0,-1,9,-1
1914,78.48730035,14.7805282,1,3,1,1,4,15:00,1,E09000033,3,5204,6,30,6,2,5,0,0,5,1,1,1,0,0,1,2,E01004714,13-04-2018,2,1,1,2,20,4,3,0,0,0,0,-1,1,1
1915,78.60049177,14.79687602,1,3,2,1,1,17:25,1,E09000033,3,4,6,30,3,2,5,0,0,5,1,1,1,0,0,1,2,E01004761,10-07-2018,1,1,1,2,33,6,3,0,0,0,0,-1,9,1
1916,78.57909986,14.70155971,1,3,2,1,3,22:23,1,E09000033,4,324,6,30,3,2,5,0,0,5,4,1,1,0,0,1,1,E01004749,12-07-2018,1,1,3,1,58,9,2,5,1,0,0,-1,0,1
1917,78.59181031,14.72542328,1,3,1,1,4,16:38,1,E09000033,6,0,6,30,0,-1,-1,0,0,4,1,1,1,0,0,1,1,E01004727,13-07-2018,1,1,1,1,33,6,2,0,0,0,0,-1,3,1
1918,78.56006015,14.660034,1,2,1,1,7,12:27,1,E09000033,3,3214,6,30,3,2,5,0,0,5,1,1,1,0,0,1,1,E01004731,14-05-2018,1,2,2,1,29,6,3,0,0,0,0,-1,3,1
1919,78.5910776,14.76834456,1,3,2,1,3,16:00,1,E09000033,5,0,3,30,3,2,6,0,0,5,1,1,1,0,0,1,1,E01004736,02-08-2018,1,1,3,2,87,11,2,6,9,0,0,-1,0,1
1920,78.57597463,14.69574008,1,2,1,2,1,22:00,1,E09000033,3,3212,6,30,0,-1,-1,0,0,0,4,1,1,0,0,1,1,E01004733,14-08-2018,1,1,3,2,26,6,3,1,1,0,0,-1,0,1
1921,78.61281291,14.78829269,1,3,2,1,1,10:05,1,E09000033,3,202,6,30,6,2,4,324,0,5,1,1,1,0,0,1,1,E01004740,04-09-2018,1,1,2,2,32,6,3,0,0,2,0,-1,8,3
1922,78.48988895,14.65996559,1,3,2,1,6,15:20,1,E09000033,5,0,6,30,3,4,6,0,0,0,1,2,2,0,0,1,1,E01004663,19-08-2018,1,1,3,1,26,6,3,5,3,0,0,-1,0,-1
1923,78.59945923,14.69543212,1,3,2,1,3,05:00,1,E09000033,3,5,6,30,6,2,3,5,0,5,4,1,1,0,0,1,2,E01004686,23-08-2018,1,1,3,2,44,7,3,10,9,0,0,-1,0,1
1924,78.46493883,14.76601729,1,3,2,1,5,17:45,1,E09000033,6,0,6,30,0,-1,-1,0,0,0,1,1,1,0,0,1,1,E01004673,18-08-2018,1,1,3,1,27,6,3,6,9,0,0,-1,0,1
1925,78.5713225,14.79424738,1,3,2,1,4,19:30,1,E09000033,3,4,6,30,3,4,6,0,0,0,1,1,1,0,0,1,2,E01004735,03-08-2018,2,1,1,2,49,8,3,0,0,0,0,-1,9,1
1926,78.47859065,14.70168088,1,3,2,1,7,21:45,1,E09000033,3,4,2,30,3,4,6,0,0,0,4,2,2,0,0,1,1,E01004736,23-07-2018,2,1,1,1,40,7,3,0,0,0,0,-1,1,1
1927,78.54716913,14.77351405,1,3,1,1,1,02:30,1,E09000033,5,0,6,30,3,4,5,0,0,0,4,2,2,0,0,1,2,E01004764,14-08-2018,2,1,1,1,44,7,3,0,0,0,0,-1,4,3
1928,78.46883074,14.72219837,1,3,2,1,5,15:15,1,E09000033,5,0,6,30,3,4,6,0,0,0,1,1,1,0,0,1,2,E01004756,24-11-2018,2,1,1,1,31,6,2,0,0,0,0,-1,1,1
1929,78.48620286,14.78584064,1,3,2,2,3,14:29,1,E09000033,3,41,6,30,3,4,6,0,0,0,1,1,1,0,0,1,1,E01004662,30-08-2018,1,1,3,2,42,7,3,7,9,0,0,-1,0,1
1930,78.48605323,14.70166098,1,2,2,1,3,14:00,1,E09000033,4,411,6,30,3,2,3,402,0,5,1,1,1,0,0,1,2,E01004695,02-08-2018,1,2,3,2,3,1,3,7,9,0,0,-1,0,-1
1931,78.57405033,14.70191115,1,3,2,1,4,22:30,1,E09000033,3,3212,6,30,3,2,5,0,0,5,4,1,1,0,0,1,2,E01004736,03-08-2018,1,1,2,2,37,7,3,0,0,2,0,-1,9,1
1932,78.58152051,14.69770267,1,3,2,1,4,08:35,2,E09000007,4,525,3,30,6,4,4,525,0,1,1,1,1,0,0,1,1,E01004730,10-08-2018,1,1,2,1,-1,-1,2,0,0,0,4,-1,11,-1
1933,78.61865689,14.75808209,1,3,2,1,4,13:00,2,E09000007,3,401,6,30,6,4,6,0,0,1,1,1,1,0,0,1,1,E01000919,20-07-2018,2,1,1,1,28,6,3,0,0,0,0,-1,3,1
1934,78.5449622,14.74879268,1,3,2,1,6,18:40,1,E09000033,4,324,6,30,0,-1,-1,0,0,0,1,1,1,0,0,1,1,E01004744,02-09-2018,1,1,1,1,23,5,3,0,0,0,0,-1,1,1
1935,78.56221368,14.76981432,1,3,1,1,6,10:17,1,E09000033,3,4201,6,30,6,2,5,0,0,5,1,1,1,6,0,1,1,E01004764,02-09-2018,2,1,1,1,41,7,3,0,0,0,0,-1,5,1
1936,78.63473592,14.7775681,1,3,2,1,6,12:05,1,E09000033,3,202,6,30,3,4,3,202,0,0,1,1,1,0,0,1,1,E01004749,02-09-2018,3,2,1,1,38,7,3,0,0,0,0,-1,1,1
1937,78.55913623,14.71461831,1,3,2,1,6,17:14,1,E09000033,6,0,6,30,3,4,6,0,0,0,1,1,1,0,0,1,1,E01004724,02-09-2018,1,1,3,1,44,7,3,6,9,0,0,-1,0,1
1938,78.47402515,14.67891766,1,3,2,1,2,12:14,1,E09000033,3,41,6,30,6,4,6,0,0,0,1,1,1,0,0,1,1,E01004726,05-09-2018,1,1,1,1,29,6,2,0,0,0,0,-1,1,1
1939,78.59271625,14.66531311,1,3,2,1,5,01:35,1,E09000033,3,4201,3,30,6,2,5,0,0,5,4,1,1,0,0,1,1,E01004765,30-06-2018,1,1,3,2,12,3,3,1,1,0,0,-1,0,1
1940,78.51360754,14.72495123,1,3,1,1,6,19:30,1,E09000033,5,0,6,30,3,4,3,4209,0,0,1,1,1,0,0,1,1,E01004682,09-09-2018,1,1,1,2,38,7,2,0,0,0,0,-1,9,-1
1941,78.61193418,14.71650311,1,3,1,1,3,13:42,1,E09000033,3,3214,6,30,6,2,3,3213,0,5,1,1,1,0,0,1,1,E01004750,12-07-2018,1,1,3,2,23,5,2,4,3,0,0,-1,0,-1
1942,78.60571125,14.71659829,1,3,2,2,6,00:42,1,E09000033,4,507,6,30,6,2,5,0,0,5,4,1,1,0,3,1,1,E01004726,15-07-2018,1,1,2,2,-1,-1,3,0,0,2,0,-1,8,-1
1943,78.46436262,14.66083782,1,2,2,1,4,14:53,1,E09000033,6,0,6,30,0,-1,-1,0,0,0,1,1,1,0,0,1,1,E01004721,31-08-2018,1,1,3,2,41,7,3,9,5,0,0,-1,0,1
1944,78.58837492,14.75664878,1,2,1,1,7,19:21,1,E09000033,6,0,3,30,3,4,3,4207,0,0,1,1,1,0,0,1,1,E01004679,16-07-2018,1,1,1,1,38,7,2,0,0,0,0,-1,1,1
1945,78.51784563,14.66381536,1,3,2,1,1,21:15,1,E09000033,4,410,6,30,6,2,5,0,0,5,7,1,1,0,0,1,2,E01004681,04-09-2018,1,1,1,1,31,6,3,0,0,0,0,-1,9,1
1946,78.58759194,14.7625589,1,3,2,1,1,15:35,1,E09000033,5,0,6,30,3,4,6,0,0,0,1,1,1,0,0,1,1,E01004723,11-09-2018,1,1,1,1,59,9,3,0,0,0,0,-1,8,1
1947,78.46307521,14.80149933,1,3,1,1,6,15:40,1,E09000033,4,411,6,30,6,4,5,0,0,1,1,1,1,0,0,1,1,E01004656,26-08-2018,1,1,1,1,67,10,3,0,0,0,0,-1,8,1
1948,78.55525368,14.70413001,1,3,2,1,7,14:57,1,E09000033,3,5,6,30,3,4,3,5,0,0,1,1,2,0,0,1,1,E01004711,10-09-2018,2,1,1,1,46,8,3,0,0,0,0,-1,1,1
1949,78.62020431,14.76330308,1,3,2,4,5,07:10,12,E09000020,3,402,6,30,3,4,6,0,0,0,1,1,1,0,0,1,1,E01004695,01-09-2018,1,1,1,1,19,4,3,0,0,0,0,-1,3,1
1950,78.62103876,14.77975207,1,3,2,1,5,10:25,1,E09000033,3,202,6,30,3,1,6,0,2,4,1,1,1,0,0,1,1,E01004749,08-09-2018,1,2,3,1,34,6,3,4,1,0,0,-1,0,-1
1951,78.55590493,14.77445096,1,3,1,1,4,17:00,1,E09000033,3,41,3,30,0,-1,-1,0,0,0,1,1,1,0,0,1,2,E01004647,13-04-2018,1,1,3,2,13,3,3,1,1,0,0,-1,0,1
1952,78.61513818,14.71782299,1,3,3,2,4,19:01,1,E09000033,3,404,6,30,0,-1,-1,0,0,0,1,2,2,0,0,1,1,E01004721,24-08-2018,2,1,1,1,49,8,3,0,0,0,0,-1,1,1
1953,78.50987739,14.72938336,1,3,1,1,2,12:16,1,E09000033,3,40,6,30,3,4,6,0,0,1,1,1,1,0,0,1,1,E01004762,05-09-2018,2,1,1,1,30,6,2,0,0,0,0,-1,5,1
1954,78.49870872,14.79525143,1,3,1,1,5,14:44,1,E09000033,6,0,6,30,3,4,6,0,0,0,1,1,1,0,0,1,1,E01004736,08-09-2018,1,1,3,2,23,5,3,4,1,0,0,-1,0,-1
1955,78.49564985,14.76513834,1,3,2,1,3,12:47,1,E09000033,4,406,6,30,0,-1,-1,0,0,0,1,1,1,0,0,1,1,E01004764,09-08-2018,1,1,1,1,26,6,3,0,0,0,0,-1,4,1
1956,78.63534185,14.704191,1,3,2,1,5,08:40,1,E09000033,5,0,6,30,3,4,6,0,0,8,1,1,1,0,0,1,1,E01004668,01-09-2018,1,1,3,1,27,6,3,5,2,0,0,-1,0,-1
1957,78.51274351,14.65652932,1,3,2,1,5,08:20,1,E09000033,3,501,6,30,3,4,6,0,0,0,1,1,1,0,0,1,1,E01004727,01-09-2018,1,1,1,1,40,7,3,0,0,0,0,-1,8,1
1958,78.57554023,14.71268478,1,3,1,1,5,02:20,1,E09000033,3,4201,6,30,7,2,5,0,0,5,4,1,1,0,0,1,1,E01004764,01-09-2018,1,1,2,2,59,9,3,0,0,0,3,-1,11,-1