Accident_Index,longitude,latitude,Police_Force,Accident_Severity,Number_of_Vehicles,Number_of_Casualties,Day_of_Week,Time,Local_Authority_(District),Local_Authority_(Highway),1st_Road_Class,1st_Road_Number,Road_Type,Speed_limit,Junction_Detail,Junction_Control,2nd_Road_Class,2nd_Road_Number,Pedestrian_Crossing-Human_Control,Pedestrian_Crossing-Physical_Facilities,Light_Conditions,Weather_Conditions,Road_Surface_Conditions,Special_Conditions_at_Site,Carriageway_Hazards,Urban_or_Rural_Area,Did_Police_Officer_Attend_Scene_of_Accident,LSOA_of_Accident_Location,Date,Vehicle_Reference,Casualty_Reference,Casualty_Class,Sex_of_Casualty,Age_of_Casualty,Age_Band_of_Casualty,Casualty_Severity,Pedestrian_Location,Pedestrian_Movement,Car_Passenger,Bus_or_Coach_Passenger,Pedestrian_Road_Maintenance_Worker,Casualty_Type,Casualty_Home_Area_Type
2204,78.53537566,14.71861933,1,3,2,1,3,23:10,1,E09000033,4,413,6,30,3,4,4,413,0,1,4,1,2,0,0,1,1,E01004720,18-10-2018,1,1,3,1,20,4,3,7,9,0,0,-1,0,1
2205,78.50869141,14.78925749,1,3,2,1,6,12:56,1,E09000033,6,0,6,30,9,4,6,0,0,0,1,1,1,0,0,1,1,E01004686,21-10-2018,1,1,2,2,-1,-1,3,0,0,0,1,-1,11,-1
2206,78.62845734,14.67449387,1,3,2,1,4,17:11,1,E09000033,3,41,6,30,6,2,3,41,0,5,4,2,2,0,0,1,1,E01004657,02-11-2018,1,1,3,2,17,4,3,5,1,0,0,-1,0,-1
2207,78.59945892,14.74778931,1,3,1,1,3,13:42,1,E09000033,3,4205,6,30,6,2,6,0,0,5,1,1,1,0,0,1,1,E01004682,25-10-2018,2,1,1,1,24,5,3,0,0,0,0,-1,3,1
2208,78.56407024,14.77561546,1,3,1,1,2,07:15,2,E09000007,6,0,6,30,3,4,6,0,0,0,4,2,2,0,0,1,1,E01000946,24-10-2018,1,1,1,1,34,6,2,0,0,0,0,-1,3,1
2209,78.61231434,14.66343871,1,3,2,1,3,09:10,1,E09000033,5,0,6,30,7,2,5,0,0,5,1,2,2,0,0,1,1,E01004736,25-10-2018,2,1,1,1,26,6,3,0,0,0,0,-1,1,1
2210,78.52512443,14.71316838,1,2,2,1,6,14:45,1,E09000033,6,0,6,30,3,4,6,0,0,0,1,1,1,0,0,1,1,E01004692,28-10-2018,1,1,1,1,36,7,3,0,0,0,0,-1,5,1
2211,78.60864462,14.77181281,1,3,2,1,2,07:10,1,E09000033,3,3212,6,30,0,-1,-1,0,0,0,1,2,2,0,0,1,1,E01004733,31-10-2018,1,1,1,1,40,7,3,0,0,0,0,-1,9,1
2212,78.51101654,14.74148874,1,3,2,1,2,09:10,8,E09000028,6,0,6,30,0,-1,-1,0,0,0,1,2,2,0,0,1,2,E01003934,22-08-2018,1,1,3,2,-1,-1,3,1,3,0,0,-1,0,-1
2213,78.59427347,14.73245295,1,2,2,2,5,15:02,1,E09000033,6,0,6,30,3,4,6,0,0,0,1,1,1,0,0,1,1,E01004733,18-08-2018,2,1,1,1,26,6,3,0,0,0,0,-1,5,1
2214,78.53372665,14.79638365,1,3,2,2,3,19:00,1,E09000033,3,4205,6,30,3,4,6,0,0,0,1,1,1,0,0,1,2,E01004685,09-08-2018,1,1,3,1,42,7,3,9,5,0,0,-1,0,1
2215,78.55452558,14.73977234,1,3,1,1,3,12:20,1,E09000033,3,4,6,30,0,-1,-1,0,0,0,1,1,1,0,0,1,1,E01004691,16-08-2018,1,1,3,1,34,6,3,5,3,0,0,-1,0,-1
2216,78.59751756,14.69001445,1,2,2,1,2,10:00,1,E09000033,3,401,6,30,0,-1,-1,0,0,0,1,1,1,0,0,1,2,E01004763,15-08-2018,1,1,3,1,21,5,3,5,3,0,0,-1,0,1
2217,78.61609204,14.68498184,1,3,1,1,4,12:30,1,E09000033,5,0,6,30,3,4,5,0,0,0,1,1,1,0,0,1,2,E01004764,31-08-2018,1,1,1,1,58,9,2,0,0,0,0,-1,9,1
2218,78.53881936,14.77590842,1,3,3,1,2,17:20,1,E09000033,3,501,3,30,6,2,3,41,0,5,1,1,1,0,0,1,2,E01004662,29-08-2018,2,1,1,1,37,7,3,0,0,0,0,-1,1,1
2219,78.46697523,14.7426364,1,3,2,1,5,09:00,1,E09000033,3,3211,6,30,3,2,5,0,0,0,1,1,1,0,0,1,2,E01004735,01-09-2018,1,1,1,1,39,7,3,0,0,0,0,-1,1,1
2220,78.51447236,14.65833104,1,3,2,1,5,21:50,1,E09000033,3,4201,6,30,6,2,3,401,0,5,4,1,1,0,0,1,2,E01004764,01-09-2018,1,1,1,1,53,8,3,0,0,0,0,-1,9,-1
2221,78.63133614,14.77857349,1,3,1,1,5,10:45,1,E09000033,3,202,6,30,3,4,6,0,0,0,1,1,1,0,0,1,2,E01004750,01-09-2018,2,1,1,1,30,6,3,0,0,0,0,-1,1,-1
2222,78.52281116,14.77703664,1,3,1,1,7,13:25,1,E09000033,3,4,3,30,8,4,3,4,0,0,1,1,1,0,0,1,2,E01004736,03-09-2018,2,1,1,1,30,6,3,0,0,0,0,-1,1,1
2223,78.61306315,14.70011506,1,3,1,1,5,15:07,1,E09000033,3,4205,3,30,6,2,5,0,0,5,1,1,1,1,0,1,3,E01004685,08-09-2018,1,1,3,2,41,7,3,1,3,0,0,-1,0,1
2224,78.56040652,14.66520168,1,3,2,1,2,14:20,1,E09000033,4,411,6,30,0,-1,-1,0,0,1,1,1,1,0,0,1,2,E01004695,19-09-2018,1,1,3,2,58,9,3,5,1,0,0,-1,0,2
2225,78.48251432,14.71487614,1,3,2,1,5,13:00,1,E09000033,3,40,2,30,3,4,3,5,0,0,1,1,1,0,0,1,2,E01004689,08-09-2018,2,1,1,2,28,6,3,0,0,0,0,-1,2,1
2226,78.49389962,14.6880653,1,3,3,1,3,23:00,12,E09000020,3,4,6,30,0,-1,-1,0,0,0,4,1,1,0,0,1,2,E01004689,13-09-2018,1,1,3,1,35,6,3,5,1,0,0,-1,0,1
2227,78.61090265,14.80181173,1,3,1,1,4,21:45,1,E09000033,3,4201,6,30,7,2,3,4,0,5,4,1,1,0,0,1,2,E01004764,07-09-2018,1,1,1,1,45,7,3,0,0,0,0,-1,9,1
2228,78.52969923,14.66917772,1,3,2,1,4,17:30,1,E09000033,5,0,6,30,8,4,6,0,0,0,1,1,1,0,0,1,2,E01004710,14-09-2018,2,2,1,1,63,9,3,0,0,0,0,-1,8,1
2229,78.55834455,14.66119742,1,3,2,1,4,19:30,1,E09000033,3,5204,6,30,3,4,6,0,0,0,4,1,1,0,0,1,2,E01004657,14-09-2018,1,1,1,1,45,7,2,0,0,0,0,-1,4,1
2230,78.51589241,14.66262982,1,3,1,1,5,22:45,1,E09000033,3,4,2,30,0,-1,-1,0,0,5,4,2,2,0,0,1,3,E01004735,15-09-2018,2,1,2,2,46,8,3,0,0,1,0,-1,9,1
2231,78.56357809,14.75295943,1,3,2,1,4,15:45,1,E09000033,3,402,6,30,3,4,6,0,0,0,1,1,1,0,0,1,2,E01004689,07-09-2018,1,1,3,1,35,6,3,1,1,0,0,-1,0,1
2232,78.57101428,14.67171128,1,3,2,1,1,12:30,1,E09000033,3,404,6,30,3,2,4,411,0,0,1,1,1,0,0,1,2,E01004656,18-09-2018,1,1,3,1,6,2,2,10,9,0,0,-1,0,1
2233,78.47233405,14.69706152,1,3,2,1,1,18:10,1,E09000033,6,0,6,30,6,4,6,0,0,0,1,1,1,0,0,1,2,E01004732,18-09-2018,1,1,3,1,20,4,3,10,9,0,0,-1,0,1
2234,78.57704657,14.76788153,1,3,1,1,7,19:57,1,E09000033,3,41,6,30,6,2,5,0,0,5,1,2,2,0,0,1,1,E01004662,13-08-2018,2,1,1,1,67,10,3,0,0,0,0,-1,1,1
2235,78.53953079,14.73760209,1,3,2,1,1,03:51,1,E09000033,4,410,6,30,6,2,5,0,0,5,4,1,1,0,0,1,1,E01004681,21-08-2018,2,1,1,1,35,6,3,0,0,0,0,-1,1,1
2236,78.57953224,14.78687595,1,3,2,1,3,10:15,12,E09000020,3,3212,6,30,6,2,3,3216,0,0,1,1,1,0,0,1,2,E01004669,20-09-2018,1,1,3,2,26,6,3,5,2,0,0,-1,0,1
2237,78.60405359,14.77928214,1,3,2,1,3,07:20,1,E09000033,4,310,6,30,6,4,4,319,0,0,1,1,1,0,0,1,2,E01004691,09-08-2018,1,1,1,2,26,6,3,0,0,0,0,-1,2,1
2238,78.54199959,14.69412812,1,3,1,1,3,14:00,1,E09000033,6,0,6,30,0,-1,-1,0,0,1,1,1,1,0,0,1,2,E01004661,13-09-2018,1,1,2,2,50,8,3,0,0,0,4,-1,11,1
2239,78.5605421,14.66954546,1,3,2,1,6,14:00,1,E09000033,3,501,6,30,3,2,6,0,0,5,1,1,1,0,0,1,2,E01004717,23-09-2018,1,1,1,1,39,7,3,0,0,0,0,-1,5,1
2240,78.57753329,14.73421617,1,3,2,2,7,19:45,1,E09000033,3,3211,3,30,3,2,6,0,0,5,1,1,1,0,0,1,1,E01004735,27-08-2018,1,1,3,1,46,8,3,5,3,0,0,-1,0,-1
2241,78.63886795,14.67494976,1,2,2,1,2,09:35,1,E09000033,3,4201,6,30,6,4,6,0,0,0,1,2,2,0,0,1,1,E01004764,24-10-2018,1,2,1,1,40,7,3,0,0,0,0,-1,2,1
2242,78.51685346,14.72053891,1,3,2,1,4,08:25,1,E09000033,3,3217,3,30,6,2,6,0,0,5,1,1,1,0,0,1,1,E01004687,05-10-2018,2,1,1,1,39,7,3,0,0,0,0,-1,1,1
2243,78.51876532,14.78564886,1,3,2,1,4,16:34,1,E09000033,3,402,6,40,9,2,6,0,0,5,1,1,1,0,0,1,1,E01004689,26-10-2018,1,1,1,1,22,5,3,0,0,0,0,-1,1,1
2244,78.53935961,14.79131357,1,3,1,1,5,07:55,1,E09000033,6,0,2,30,3,2,3,5204,0,5,1,1,1,0,0,1,1,E01004765,27-10-2018,1,1,3,1,17,4,3,9,5,0,0,-1,0,-1
2245,78.50249713,14.66369967,1,3,2,1,6,09:35,1,E09000033,6,0,6,30,3,4,6,0,0,0,1,1,2,0,0,1,1,E01004736,28-10-2018,1,1,1,1,47,8,3,0,0,0,0,-1,9,1
2246,78.61328507,14.77140762,1,3,2,1,6,11:03,1,E09000033,3,404,6,30,1,4,6,0,0,0,1,1,2,0,0,1,1,E01004758,28-10-2018,1,1,3,2,20,4,3,4,1,0,0,-1,0,-1
2247,78.54876115,14.7491924,1,3,1,1,7,19:45,1,E09000033,6,0,2,30,9,4,6,0,0,0,4,2,2,0,0,1,1,E01004748,29-10-2018,1,1,2,1,63,9,3,0,0,0,3,-1,11,1
2248,78.47115081,14.74756609,1,3,1,1,1,22:40,1,E09000033,3,404,6,30,3,4,5,0,0,4,5,1,2,0,0,1,1,E01004755,30-10-2018,1,1,3,1,23,5,3,4,3,0,0,-1,0,1
2249,78.4674201,14.74995397,1,3,2,1,2,18:41,1,E09000033,3,3212,6,30,0,-1,-1,0,0,0,4,2,2,0,0,1,1,E01004736,31-10-2018,1,1,2,2,26,6,3,0,0,0,3,-1,11,-1
2250,78.63379054,14.72196434,1,3,3,1,3,09:05,1,E09000033,3,4,6,30,6,2,3,3216,0,5,1,1,1,0,0,1,1,E01004689,09-08-2018,1,1,1,1,41,7,3,0,0,0,0,-1,5,1
2251,78.60874327,14.77203159,1,3,2,1,5,20:15,1,E09000033,3,5,6,30,0,-1,-1,0,0,0,4,1,1,0,0,1,2,E01004684,06-10-2018,1,1,3,2,55,8,3,4,1,0,0,-1,0,-1
2252,78.55578431,14.80512825,1,3,2,1,2,07:40,1,E09000033,3,40,3,60,0,-1,-1,0,0,0,1,1,1,0,0,1,2,E01004702,10-10-2018,1,1,1,1,22,5,3,0,0,0,0,-1,3,1
2253,78.55268859,14.76668918,1,3,2,1,3,17:50,2,E09000007,3,5,6,30,3,4,4,414,0,0,1,1,1,0,0,1,2,E01004710,11-10-2018,2,1,1,2,-1,-1,3,0,0,0,0,-1,1,-1
2254,78.61614894,14.71759737,1,3,2,1,3,17:50,1,E09000033,3,501,3,30,0,-1,-1,0,0,4,1,1,1,0,0,1,2,E01004712,11-10-2018,1,1,3,2,57,9,3,5,1,0,0,-1,0,1
2255,78.58843832,14.79708983,1,3,2,1,7,13:45,1,E09000033,6,0,6,30,0,-1,-1,0,0,0,1,1,1,0,0,1,2,E01004692,01-10-2018,1,1,1,1,21,5,3,0,0,0,0,-1,5,1
2256,78.58853782,14.72797627,1,2,1,1,2,11:05,1,E09000033,6,0,6,30,0,-1,-1,0,0,0,1,1,2,0,0,1,2,E01004685,24-10-2018,1,1,1,1,37,7,3,0,0,0,0,-1,3,1
2257,78.64201082,14.66441412,1,3,2,1,5,11:00,12,E09000020,6,0,2,30,3,4,6,0,0,0,1,2,2,0,0,1,2,E01002821,13-10-2018,1,1,1,1,32,6,3,0,0,0,0,-1,9,1
2258,78.49107989,14.74010889,1,3,2,1,6,12:30,1,E09000033,6,0,6,30,3,4,6,0,0,0,1,1,1,0,0,1,2,E01004721,14-10-2018,1,2,2,2,40,7,3,0,0,2,0,-1,9,-1
2259,78.55132541,14.68443734,1,3,2,1,3,16:52,1,E09000033,3,3217,2,30,3,2,3,302,0,5,4,1,1,0,0,1,1,E01004731,15-11-2018,1,3,2,2,10,2,3,0,0,2,0,-1,9,-1
2260,78.63616374,14.71035457,1,3,2,1,3,13:11,1,E09000033,3,41,2,30,6,2,3,501,0,5,1,1,1,0,0,1,1,E01004660,15-11-2018,2,1,1,1,61,9,3,0,0,0,0,-1,8,1
2261,78.56933616,14.73370669,1,3,2,1,3,08:25,1,E09000033,6,0,6,30,3,4,6,0,0,0,1,1,2,0,0,1,1,E01004749,15-11-2018,1,1,1,1,40,7,3,0,0,0,0,-1,5,1
2262,78.6423325,14.67185365,1,3,1,1,3,22:21,1,E09000033,5,0,6,30,0,-1,-1,0,0,0,4,1,1,0,0,1,1,E01004653,15-11-2018,1,1,3,2,82,11,3,5,1,0,0,-1,0,-1
2263,78.59886444,14.70057471,1,3,2,1,5,16:59,1,E09000033,3,404,3,40,3,2,4,411,0,5,4,1,1,0,0,1,1,E01004656,17-11-2018,2,1,1,1,42,7,3,0,0,0,0,-1,1,1
2264,78.63703375,14.80232533,1,3,1,1,3,09:58,1,E09000033,3,3212,6,30,0,-1,-1,0,0,0,1,1,1,0,0,1,1,E01004733,08-11-2018,1,1,3,1,39,7,3,10,9,0,0,-1,0,1
2265,78.46674734,14.6699568,1,2,2,1,4,17:28,1,E09000033,5,0,6,30,6,2,6,0,0,5,4,1,1,0,0,1,1,E01004752,09-11-2018,1,1,3,2,30,6,3,1,1,0,0,-1,0,1
2266,78.47568991,14.79601004,1,3,1,1,2,10:45,1,E09000033,3,4206,6,30,0,-1,-1,0,0,0,1,1,1,0,0,1,1,E01004654,14-11-2018,2,1,1,1,39,7,3,0,0,0,0,-1,1,1
2267,78.54826761,14.75712667,1,3,2,1,2,19:40,1,E09000033,5,0,2,30,6,4,6,0,0,0,4,1,1,0,0,1,1,E01004764,14-11-2018,2,1,1,2,34,6,3,0,0,0,0,-1,1,1
2268,78.62080477,14.78111043,1,3,1,1,2,16:47,1,E09000033,5,0,2,30,3,4,6,0,0,0,4,1,1,0,0,1,1,E01004736,14-11-2018,2,1,1,1,42,7,3,0,0,0,0,-1,1,1
2269,78.55946609,14.7314962,1,3,2,2,2,12:55,1,E09000033,3,4202,6,30,3,2,6,0,0,5,1,1,1,0,0,1,1,E01004689,14-11-2018,1,1,3,1,26,6,3,6,9,0,0,-1,0,1
2270,78.5285821,14.78260708,1,3,1,1,3,14:38,1,E09000033,3,4,6,30,3,2,3,4,0,5,1,1,1,0,0,1,1,E01004734,15-11-2018,1,1,3,1,24,5,3,10,9,0,0,-1,0,1
2271,78.56655006,14.80093672,1,2,1,1,3,18:30,1,E09000033,3,401,6,30,6,2,6,0,0,5,4,1,1,0,0,1,1,E01004763,15-11-2018,1,1,3,1,34,6,3,5,1,0,0,-1,0,1
2272,78.61299159,14.691778,1,2,2,1,1,14:30,1,E09000033,6,0,6,30,6,2,6,0,0,5,1,2,2,0,0,1,1,E01004687,06-11-2018,1,1,3,1,35,6,3,5,1,0,0,-1,0,-1
2273,78.63030431,14.77439565,1,2,1,1,3,15:45,1,E09000033,3,40,6,30,9,2,3,40,0,5,5,1,1,0,0,1,1,E01004657,08-11-2018,1,1,3,2,55,8,3,5,1,0,0,-1,0,-1
2274,78.57181052,14.68269209,1,3,1,1,4,19:35,1,E09000033,5,0,6,30,3,4,6,0,0,0,4,1,1,0,0,1,1,E01004763,09-11-2018,1,1,1,1,-1,-1,3,0,0,0,0,-1,5,-1
2275,78.53082276,14.77285854,1,2,1,1,7,03:00,1,E09000033,3,40,6,30,0,-1,-1,0,0,0,5,1,1,0,0,1,1,E01004762,05-11-2018,1,1,2,2,84,11,3,0,0,0,4,-1,11,1
2276,78.60496528,14.78659221,1,3,2,1,4,12:45,1,E09000033,3,4,6,30,7,2,3,4,0,5,1,1,1,0,0,1,1,E01004736,05-10-2018,1,1,1,1,21,5,3,0,0,0,0,-1,1,1
2277,78.6369343,14.73516046,1,2,2,1,2,17:23,1,E09000033,5,0,2,30,1,4,6,0,0,0,4,1,1,0,0,1,1,E01004682,07-11-2018,1,1,1,1,37,7,3,0,0,0,0,-1,3,1
2278,78.59941771,14.68404413,1,3,1,1,6,07:20,1,E09000033,3,401,6,30,6,2,3,400,0,5,1,1,1,0,0,1,1,E01004763,11-11-2018,1,2,3,2,56,9,3,1,1,0,0,-1,0,1
2279,78.50425739,14.80181713,1,3,2,1,4,18:20,1,E09000033,3,5,6,30,0,-1,-1,0,0,1,4,2,2,0,0,1,2,E01004701,19-10-2018,2,1,1,1,27,6,3,0,0,0,0,-1,5,1
2280,78.4901674,14.70280697,1,3,2,2,3,12:17,1,E09000033,3,41,6,30,3,1,6,0,0,5,1,2,2,1,0,1,1,E01004660,08-11-2018,1,1,1,1,33,6,3,0,0,0,0,-1,4,1
2281,78.59361424,14.79293185,1,3,3,1,3,08:18,1,E09000033,5,0,6,30,0,-1,-1,0,0,0,1,1,1,0,0,1,1,E01004677,08-11-2018,1,1,1,1,48,8,3,0,0,0,0,-1,1,1
2282,78.5648307,14.75049015,1,3,1,1,5,14:55,1,E09000033,3,40,6,30,3,2,5,0,0,5,1,1,1,0,0,1,1,E01004764,25-08-2018,1,1,3,1,42,7,3,10,9,0,0,-1,0,1
2283,78.53430031,14.76415103,1,2,1,1,7,04:25,1,E09000033,3,4,2,30,6,2,3,4,0,5,4,1,1,0,0,1,1,E01004734,12-11-2018,2,1,1,1,27,6,3,0,0,0,0,-1,1,1
2284,78.52989655,14.79930555,1,3,1,1,7,23:50,1,E09000033,4,411,6,30,6,2,4,411,0,5,4,1,1,0,0,1,1,E01004699,12-11-2018,1,1,1,1,19,4,3,0,0,0,0,-1,1,-1
2285,78.59033926,14.72406296,1,3,2,1,7,17:38,1,E09000033,3,3217,6,30,6,2,3,302,0,5,4,1,1,0,0,1,1,E01004690,12-11-2018,2,1,1,1,23,5,3,0,0,0,0,-1,3,1
2286,78.6077469,14.66843284,1,3,2,1,7,17:16,1,E09000033,5,0,6,30,6,2,4,410,0,5,1,1,1,0,0,1,1,E01004694,12-11-2018,1,1,1,2,36,7,3,0,0,0,0,-1,1,1
2287,78.62162757,14.79938279,1,3,2,1,5,15:00,28,E09000005,3,404,6,30,3,4,5,0,0,0,1,1,1,0,0,1,3,E01000531,20-10-2018,1,1,2,1,22,5,3,0,0,1,0,-1,9,1
2288,78.5886469,14.74829539,1,3,2,1,4,17:59,1,E09000033,3,40,6,30,6,2,3,41,0,5,4,1,1,0,0,1,1,E01004657,09-11-2018,1,2,2,1,21,5,3,0,0,2,0,-1,9,1
2289,78.48814876,14.7857252,1,3,1,1,4,00:05,1,E09000033,5,0,7,30,5,2,3,4,0,0,4,2,2,0,0,1,1,E01004736,09-11-2018,2,3,2,1,47,8,3,0,0,2,0,-1,8,1
2290,78.5865729,14.69157847,1,3,2,1,4,15:13,1,E09000033,3,4,6,30,3,4,5,0,0,0,1,1,1,0,0,1,1,E01004761,09-11-2018,1,1,1,1,29,6,3,0,0,0,0,-1,1,1
2291,78.64094809,14.6924123,1,3,1,3,5,13:00,1,E09000033,3,40,6,30,6,2,3,40,0,5,1,1,1,0,0,1,1,E01004765,10-11-2018,1,1,3,2,13,3,3,10,9,0,0,-1,0,1
2292,78.55245166,14.74018161,1,3,1,1,1,03:30,1,E09000033,3,4201,6,30,0,-1,-1,0,0,0,4,1,1,0,0,1,2,E01004764,06-11-2018,1,1,1,1,34,6,3,0,0,0,0,-1,1,1
2293,78.52619346,14.74137961,1,3,1,1,1,13:02,1,E09000033,4,507,6,30,0,-1,-1,0,0,0,1,1,1,0,0,1,2,E01004651,16-10-2018,1,1,3,2,26,6,2,5,1,0,0,-1,0,1
2294,78.48125822,14.79711776,1,3,1,1,2,19:02,1,E09000033,6,0,6,30,3,4,6,0,0,0,4,1,1,0,0,1,1,E01004659,14-11-2018,1,1,1,1,29,6,3,0,0,0,0,-1,3,1
2295,78.48041438,14.79956733,1,2,1,1,3,19:11,1,E09000033,3,40,6,30,6,2,3,4201,0,0,4,1,1,0,0,1,2,E01004764,08-11-2018,1,1,3,1,42,7,2,5,3,0,0,-1,0,1
2296,78.5440161,14.74022541,1,3,2,1,3,17:30,1,E09000033,3,5,3,40,3,4,6,0,0,0,1,1,1,0,0,1,2,E01004728,18-10-2018,1,2,1,1,29,6,3,0,0,0,0,-1,3,1
2297,78.488465,14.79440591,1,3,2,1,3,19:15,1,E09000033,3,3212,6,30,1,4,3,3203,0,0,1,1,1,0,0,1,2,E01004733,18-10-2018,2,1,1,1,32,6,3,0,0,0,0,-1,1,1
2298,78.58025456,14.72444229,1,3,1,1,4,14:35,1,E09000033,3,4,2,30,3,2,6,0,0,0,1,1,1,0,0,1,1,E01004736,17-08-2018,1,1,2,2,78,11,3,0,0,0,1,-1,11,1
2299,78.48141737,14.74354095,1,2,2,1,1,20:15,1,E09000033,4,507,6,30,3,4,6,0,0,0,4,1,1,0,0,1,1,E01004728,13-11-2018,1,1,3,2,67,10,3,5,1,0,0,-1,0,2
2300,78.49191545,14.77111705,1,3,1,1,5,03:01,1,E09000033,3,3212,6,30,0,-1,-1,0,0,0,4,1,1,0,0,1,1,E01004736,17-11-2018,1,1,1,1,34,6,3,0,0,0,0,-1,3,1
2301,78.48639352,14.7322395,1,3,1,1,1,12:50,1,E09000033,3,3211,6,30,3,1,4,308,0,8,1,1,1,0,0,1,1,E01004733,13-11-2018,2,1,1,1,27,6,3,0,0,0,0,-1,5,1
2302,78.57621272,14.68685227,1,3,2,1,6,13:00,1,E09000033,3,3217,6,30,6,2,3,3214,0,5,1,1,1,0,0,1,1,E01004731,18-11-2018,1,1,1,1,27,6,3,0,0,0,0,-1,9,-1
2303,78.62922426,14.70500752,1,2,2,2,6,19:30,1,E09000033,3,4201,2,30,6,2,5,0,0,5,4,1,1,0,0,1,1,E01004765,18-11-2018,1,1,1,1,41,7,3,0,0,0,0,-1,1,1
2304,78.62492095,14.69678065,1,2,1,1,7,19:58,1,E09000033,3,40,6,30,6,2,3,41,0,5,1,1,1,0,0,1,1,E01004762,19-11-2018,1,1,3,2,33,6,2,1,1,0,0,-1,0,1
2305,78.6119929,14.66431686,1,3,2,1,7,15:35,1,E09000033,3,40,6,30,0,-1,-1,0,0,5,1,1,1,0,0,1,2,E01004762,22-10-2018,1,1,1,2,19,4,3,0,0,0,0,-1,2,1
2306,78.55408705,14.72417654,1,3,2,1,7,06:40,1,E09000033,3,4202,1,30,1,4,3,4,0,0,4,1,1,0,0,1,2,E01004761,22-10-2018,2,1,1,1,26,6,2,0,0,0,0,-1,3,1
2307,78.61796132,14.67852172,1,3,2,1,6,07:27,1,E09000033,6,0,6,30,3,4,6,0,0,0,1,1,1,0,0,1,1,E01004731,04-11-2018,2,1,2,2,18,4,3,0,0,1,0,-1,9,-1
2308,78.60710744,14.79639722,1,3,2,1,3,08:40,1,E09000033,3,3213,6,30,3,4,6,0,0,0,1,1,1,0,0,1,2,E01004750,25-10-2018,1,1,1,2,51,8,3,0,0,0,0,-1,9,1
2309,78.46896084,14.69028681,1,3,1,1,3,19:40,1,E09000033,3,3213,6,30,3,4,6,0,0,0,1,1,1,0,0,1,2,E01004750,25-10-2018,2,1,1,1,19,4,3,0,0,0,0,-1,1,-1
2310,78.57591737,14.66267458,1,3,2,1,3,12:30,1,E09000033,3,202,6,30,0,-1,-1,0,0,0,1,1,1,0,0,1,3,E01004749,25-10-2018,2,1,1,2,28,6,3,0,0,0,0,-1,1,1
2311,78.61859461,14.7134879,1,3,2,1,4,09:30,1,E09000033,4,506,6,30,0,-1,-1,0,0,0,1,1,1,0,0,1,2,E01004713,26-10-2018,1,1,1,2,39,7,3,0,0,0,0,-1,1,1
2312,78.50882546,14.73447871,1,3,2,1,7,07:32,1,E09000033,4,524,2,30,6,2,3,41,0,0,1,1,1,1,0,1,1,E01004712,05-11-2018,1,1,1,1,40,7,3,0,0,0,0,-1,5,1
2313,78.47392647,14.72956782,1,2,1,1,7,21:47,1,E09000033,3,4201,2,30,6,2,5,0,0,5,4,1,1,0,0,1,1,E01004713,05-11-2018,2,1,3,2,47,8,3,9,5,0,0,-1,0,1
2314,78.47461026,14.70678668,1,3,1,1,2,15:45,1,E09000033,3,400,6,30,3,4,6,0,0,0,1,1,1,0,0,1,1,E01004734,24-10-2018,1,1,3,2,28,6,3,9,5,0,0,-1,0,-1
2315,78.53532514,14.77960606,1,3,2,1,3,08:30,1,E09000033,5,0,6,30,0,-1,-1,0,0,0,1,1,2,0,0,1,1,E01004731,01-11-2018,2,1,2,2,35,6,3,0,0,2,0,-1,8,-1
2316,78.46759775,14.69339315,1,3,2,1,3,16:50,1,E09000033,3,4,2,30,0,-1,-1,0,0,0,4,1,1,0,0,1,1,E01004735,01-11-2018,1,1,1,1,33,6,2,0,0,0,0,-1,3,-1
2317,78.46514146,14.80389995,1,3,1,1,3,09:27,1,E09000033,3,41,2,30,0,-1,-1,0,0,0,1,1,2,0,0,1,2,E01004714,01-11-2018,2,1,1,1,34,6,3,0,0,0,0,-1,1,1
2318,78.57522593,14.80432942,1,3,2,1,3,18:38,1,E09000033,3,401,6,30,3,4,6,0,0,0,4,1,1,0,0,1,1,E01004734,01-11-2018,1,1,3,2,41,7,3,10,9,0,0,-1,0,1
2319,78.48880976,14.70715156,1,3,2,1,4,13:07,1,E09000033,3,4,6,30,3,4,6,0,0,0,1,1,1,0,0,1,1,E01004735,02-11-2018,1,1,1,1,20,4,3,0,0,0,0,-1,9,1
2320,78.58501492,14.68242035,1,3,1,1,4,15:50,1,E09000033,3,302,6,30,6,2,4,323,0,5,1,8,2,0,0,1,1,E01004731,02-11-2018,1,1,3,2,50,8,3,4,1,0,0,-1,0,1
2321,78.5943018,14.76216741,1,3,2,1,5,11:25,1,E09000033,6,0,6,30,0,-1,-1,0,0,0,1,1,2,0,0,1,1,E01004736,03-11-2018,1,1,1,1,33,6,3,0,0,0,0,-1,1,1
2322,78.50474559,14.79814217,1,3,2,1,3,15:30,1,E09000033,3,501,3,30,6,2,5,0,0,5,1,1,1,0,0,1,2,E01004716,18-10-2018,1,1,1,1,35,6,3,0,0,0,0,-1,5,1
2323,78.56734933,14.78861793,1,3,2,1,6,18:10,2,E09000007,3,5,6,30,3,4,6,0,0,0,4,1,1,0,0,1,2,E01000548,04-11-2018,2,1,1,1,50,8,3,0,0,0,0,-1,5,1
2324,78.61488805,14.69325493,1,3,1,2,2,08:00,1,E09000033,5,0,6,30,6,4,6,0,0,0,1,1,1,0,0,1,2,E01004683,03-10-2018,2,2,2,2,20,4,3,0,0,0,0,-1,5,-1
2325,78.49682805,14.8048878,1,3,2,1,2,13:00,1,E09000033,5,0,6,30,3,4,6,0,0,0,1,1,1,0,0,1,2,E01004723,31-10-2018,1,1,1,1,27,6,3,0,0,0,0,-1,1,1
2326,78.59617321,14.68570062,1,3,1,1,4,19:14,1,E09000033,3,41,2,30,7,4,6,0,0,4,4,2,2,0,0,1,1,E01004660,19-10-2018,1,1,3,1,77,11,3,10,9,0,0,-1,0,-1