Accident_Index,longitude,latitude,Police_Force,Accident_Severity,Number_of_Vehicles,Number_of_Casualties,Day_of_Week,Time,Local_Authority_(District),Local_Authority_(Highway),1st_Road_Class,1st_Road_Number,Road_Type,Speed_limit,Junction_Detail,Junction_Control,2nd_Road_Class,2nd_Road_Number,Pedestrian_Crossing-Human_Control,Pedestrian_Crossing-Physical_Facilities,Light_Conditions,Weather_Conditions,Road_Surface_Conditions,Special_Conditions_at_Site,Carriageway_Hazards,Urban_or_Rural_Area,Did_Police_Officer_Attend_Scene_of_Accident,LSOA_of_Accident_Location,Date,Vehicle_Reference,Casualty_Reference,Casualty_Class,Sex_of_Casualty,Age_of_Casualty,Age_Band_of_Casualty,Casualty_Severity,Pedestrian_Location,Pedestrian_Movement,Car_Passenger,Bus_or_Coach_Passenger,Pedestrian_Road_Maintenance_Worker,Casualty_Type,Casualty_Home_Area_Type
2449,78.5266935,14.74796344,1,3,2,1,7,12:05,1,E09000033,5,0,6,30,6,4,6,0,0,0,1,1,1,0,0,1,1,E01004741,05-11-2018,2,1,2,2,14,3,3,0,0,0,0,-1,3,1
2450,78.53925096,14.75307934,1,3,3,1,2,10:06,1,E09000033,6,0,6,30,0,-1,-1,0,0,0,1,1,1,0,0,1,1,E01004727,19-12-2018,2,2,1,2,26,6,3,0,0,0,0,-1,3,1
2451,78.52809414,14.65733454,1,3,2,1,3,12:23,1,E09000033,6,0,6,30,3,4,3,4201,0,0,1,1,1,0,0,1,1,E01004764,13-12-2018,2,1,1,2,25,5,3,0,0,0,0,-1,2,-1
2452,78.59239362,14.78179562,1,3,2,1,2,10:05,1,E09000033,3,4207,6,30,3,4,5,0,0,0,1,1,1,0,0,1,1,E01002854,19-12-2018,1,1,3,2,17,4,2,8,5,0,0,-1,0,1
2453,78.62803819,14.70517353,1,3,2,1,2,09:20,1,E09000033,3,4,7,30,3,4,6,0,0,0,1,2,2,0,0,1,1,E01004691,12-12-2018,1,1,3,2,34,6,3,4,1,0,0,-1,0,-1
2454,78.56384252,14.73347177,1,3,1,1,2,16:10,1,E09000033,3,40,6,30,6,2,3,41,0,5,4,1,1,0,0,1,1,E01004762,12-12-2018,1,1,2,2,60,9,3,0,0,0,3,-1,11,-1
2455,78.60837699,14.77302445,1,3,1,1,4,20:32,1,E09000033,4,406,6,30,6,2,5,0,0,5,4,1,1,0,0,1,1,E01004764,14-12-2018,1,1,1,1,41,7,3,0,0,0,0,-1,2,2
2456,78.51709776,14.77113859,1,3,2,1,2,10:55,1,E09000033,3,4,6,30,0,-1,-1,0,0,0,1,1,1,0,0,1,1,E01004736,19-12-2018,1,2,3,1,29,6,3,1,2,0,0,-1,0,1
2457,78.60651411,14.79323935,1,3,2,1,2,18:10,1,E09000033,3,4202,6,30,7,4,3,4202,0,0,4,1,1,0,0,1,1,E01004761,19-12-2018,1,1,3,1,43,7,2,9,8,0,0,-1,0,-1
2458,78.56112803,14.73841388,1,3,1,1,5,19:45,1,E09000033,5,0,6,30,6,2,5,0,0,5,4,1,1,0,0,1,1,E01004761,15-12-2018,1,1,3,1,2,1,3,7,7,0,0,-1,0,1
2459,78.46770362,14.72766862,1,3,1,1,6,18:52,1,E09000033,3,4,2,30,0,-1,-1,0,0,0,4,1,1,0,0,1,1,E01004735,16-12-2018,2,1,1,1,47,8,3,0,0,0,0,-1,1,3
2460,78.53944786,14.65736517,1,2,1,1,6,09:00,1,E09000033,5,0,6,30,3,4,6,0,0,1,1,1,1,0,0,1,1,E01004764,16-12-2018,1,1,3,1,61,9,2,4,4,0,0,-1,0,1
2461,78.53995279,14.74260612,1,3,1,1,3,14:40,1,E09000033,3,4201,6,30,3,2,5,0,0,5,1,1,1,0,0,1,1,E01004764,20-12-2018,1,1,3,1,27,6,3,1,3,0,0,-1,0,1
2462,78.5778781,14.75318308,1,2,2,1,3,18:18,1,E09000033,3,404,6,30,0,-1,-1,0,0,0,1,1,1,0,0,1,1,E01004755,20-12-2018,2,1,1,1,35,6,3,0,0,0,0,-1,3,1
2463,78.59511746,14.78441214,1,2,1,1,7,03:15,1,E09000033,3,40,1,30,1,2,3,402,0,0,4,1,1,0,0,1,1,E01004689,17-12-2018,1,1,3,1,25,5,3,4,3,0,0,-1,0,-1
2464,78.59454189,14.67179309,1,3,1,1,4,15:45,1,E09000033,6,0,6,30,0,-1,-1,0,0,0,1,1,1,0,0,1,1,E01004673,07-12-2018,1,1,3,1,43,7,3,9,5,0,0,-1,0,1
2465,78.47359835,14.67214543,1,3,2,1,2,05:45,2,E09000007,3,40,6,30,6,2,3,400,0,5,4,1,1,0,0,1,1,E01004763,19-12-2018,1,1,1,1,21,5,3,0,0,0,0,-1,2,-1
2466,78.50513974,14.71870717,1,3,2,1,4,17:11,1,E09000033,6,0,6,30,6,4,6,0,0,0,4,1,1,0,0,1,1,E01004687,21-12-2018,1,1,3,1,44,7,3,9,5,0,0,-1,0,-1
2467,78.56974242,14.80429194,1,3,2,1,4,19:20,12,E09000020,3,3216,6,30,0,-1,-1,0,0,0,4,1,1,0,0,1,1,E01002902,21-12-2018,2,1,1,1,38,7,3,0,0,0,0,-1,9,1
2468,78.46396558,14.69906771,1,3,2,1,5,19:00,1,E09000033,3,4209,6,30,6,4,6,0,0,0,4,3,2,0,0,1,1,E01004684,24-02-2018,2,2,2,1,41,7,3,0,0,2,0,-1,9,1
2469,78.62946303,14.78362032,1,3,2,2,4,22:38,1,E09000033,5,0,6,30,3,4,6,0,0,0,4,1,2,0,0,1,1,E01004703,21-12-2018,2,1,2,2,20,4,3,0,0,1,0,-1,9,-1
2470,78.51500438,14.75963679,1,3,1,1,4,15:10,1,E09000033,6,0,6,30,6,2,6,0,0,0,1,1,1,0,0,1,1,E01004714,21-12-2018,2,1,1,1,49,8,3,0,0,0,0,-1,1,3
2471,78.56739606,14.75959269,1,3,2,1,4,13:49,1,E09000033,4,312,6,30,7,2,5,0,0,5,1,1,1,0,0,1,1,E01004690,21-12-2018,2,1,1,2,25,5,3,0,0,0,0,-1,1,1
2472,78.47094717,14.78732893,1,3,1,1,5,15:40,1,E09000033,3,40,6,30,0,-1,-1,0,0,0,1,1,1,0,0,1,1,E01004764,22-12-2018,1,1,3,2,39,7,3,4,4,0,0,-1,0,1
2473,78.63572749,14.73836375,1,3,2,1,6,07:20,1,E09000033,3,41,6,30,6,2,5,0,0,5,4,1,1,0,0,1,2,E01004647,16-12-2018,1,1,1,1,39,7,3,0,0,0,0,-1,5,1
2474,78.5240024,14.74346626,1,3,2,1,2,10:20,1,E09000033,3,302,6,30,0,-1,-1,0,0,0,1,1,1,0,0,1,1,E01004748,17-10-2018,2,1,1,1,35,6,3,0,0,0,0,-1,4,1
2475,78.5502012,14.71082486,1,3,1,2,3,21:40,1,E09000033,5,0,6,30,5,4,3,404,0,0,4,1,1,0,0,1,1,E01004656,20-12-2018,1,1,1,1,48,8,2,0,0,0,0,-1,5,1
2476,78.5958364,14.68189281,1,3,1,1,5,21:15,1,E09000033,3,4201,6,30,6,2,3,4201,0,5,4,1,1,0,0,1,1,E01004765,22-12-2018,2,1,1,1,52,8,3,0,0,0,0,-1,1,1
2477,78.53882919,14.7195959,1,3,2,2,6,05:10,1,E09000033,3,404,6,30,3,4,6,0,0,0,4,1,1,0,7,1,1,E01004720,23-12-2018,2,1,1,2,27,6,3,0,0,0,0,-1,1,1
2478,78.63376692,14.79502707,1,3,1,1,3,18:00,2,E09000007,3,40,6,30,6,2,3,400,0,5,4,3,2,0,0,1,1,E01004763,27-12-2018,1,1,1,1,64,9,3,0,0,0,0,-1,3,1
2479,78.59897821,14.76845885,1,3,2,1,6,19:16,1,E09000033,3,4202,6,30,6,2,5,0,0,5,4,1,1,0,0,1,1,E01004689,23-12-2018,2,2,1,1,14,3,2,0,0,0,0,-1,1,1
2480,78.53986175,14.70645714,1,3,1,1,6,14:53,1,E09000033,3,4,6,30,3,4,6,0,0,4,1,1,1,0,0,1,1,E01004734,23-12-2018,1,1,1,1,29,6,3,0,0,0,0,-1,9,1
2481,78.5724829,14.69918974,1,3,2,1,4,09:00,1,E09000033,5,0,6,30,3,4,6,0,0,0,1,1,1,0,0,1,2,E01004764,14-12-2018,1,2,2,2,-1,-1,3,0,0,1,0,-1,9,1
2482,78.57557721,14.77449382,1,3,1,1,5,17:20,1,E09000033,3,40,6,30,3,4,6,0,0,0,4,1,1,0,0,1,1,E01004714,29-12-2018,1,1,2,1,69,10,3,0,0,0,4,-1,11,1
2483,78.58117487,14.69819212,1,3,2,2,6,05:55,1,E09000033,3,202,6,30,3,4,6,0,0,0,4,2,2,0,0,1,1,E01004741,30-12-2018,1,1,1,1,18,4,2,0,0,0,0,-1,3,1
2484,78.63331198,14.74088884,1,3,2,1,6,17:50,1,E09000033,3,5,6,30,8,4,6,0,0,0,4,2,2,0,0,1,1,E01004705,30-12-2018,1,1,3,2,35,6,3,5,3,0,0,-1,0,1
2485,78.50227741,14.72391684,1,3,2,1,6,20:27,1,E09000033,3,5,6,30,3,4,6,0,0,0,4,1,1,0,0,1,1,E01004705,30-12-2018,1,1,2,1,-1,-1,3,0,0,1,0,-1,9,1
2486,78.49817533,14.75567523,1,3,2,2,7,17:06,1,E09000033,3,5,6,30,6,2,5,0,0,5,4,1,1,0,0,1,1,E01004701,31-12-2018,1,1,1,1,32,6,3,0,0,0,0,-1,9,1
2487,78.50175109,14.71170654,1,3,2,1,4,12:55,1,E09000033,3,4202,6,30,6,2,5,0,0,5,1,1,1,0,0,1,1,E01004689,28-12-2018,1,1,1,2,41,7,3,0,0,0,0,-1,9,1
2488,78.60124016,14.70125652,1,2,1,1,4,11:50,1,E09000033,3,40,6,30,6,2,3,40,0,5,1,1,1,0,0,1,1,E01004765,28-12-2018,1,1,3,1,-1,-1,3,5,1,0,0,-1,0,-1
2489,78.55079165,14.70228518,1,3,2,1,4,18:00,1,E09000033,3,4202,6,30,0,-1,-1,0,0,0,4,1,1,0,0,1,1,E01004689,28-12-2018,1,1,3,2,22,5,3,5,3,0,0,-1,0,1
2490,78.46980718,14.76166667,1,3,1,1,4,01:08,2,E09000007,3,40,6,30,0,-1,-1,0,0,0,4,2,2,0,0,1,1,E01000919,28-12-2018,1,1,2,1,-1,-1,3,0,0,0,3,-1,11,-1
2491,78.53640429,14.70518929,1,3,1,1,5,16:35,1,E09000033,3,5,6,30,3,2,4,413,0,5,4,1,1,0,0,1,1,E01004705,29-12-2018,2,1,1,1,32,6,3,0,0,0,0,-1,1,1
2492,78.48304588,14.76732203,1,3,2,1,1,03:00,1,E09000033,3,4,6,30,7,2,3,400,0,5,4,1,1,0,0,1,2,E01004736,18-12-2018,1,1,1,1,29,6,3,0,0,0,0,-1,1,1
2493,78.59276373,14.74007443,1,3,2,1,5,08:25,1,E09000033,3,501,6,30,3,2,6,0,0,5,1,1,1,0,0,1,2,E01004717,15-12-2018,1,1,2,2,-1,-1,3,0,0,2,0,-1,9,-1
2494,78.47284722,14.73795013,1,3,1,1,4,18:30,1,E09000033,3,4201,6,30,6,2,3,4201,0,5,4,1,1,0,0,1,2,E01004765,21-12-2018,1,1,2,1,-1,-1,3,0,0,0,1,-1,11,-1
2495,78.62014278,14.72799903,1,2,1,1,4,18:30,1,E09000033,4,507,6,30,0,-1,-1,0,0,0,4,1,1,0,0,1,2,E01004646,16-11-2018,1,1,1,1,38,7,3,0,0,0,0,-1,1,1
2496,78.57162439,14.73589843,1,3,2,1,3,15:30,1,E09000033,3,404,6,30,0,-1,-1,0,0,0,1,2,2,0,0,1,1,E01004758,27-12-2018,1,1,1,2,25,5,3,0,0,0,0,-1,1,1
2497,78.64212658,14.74660409,1,3,1,1,5,22:00,1,E09000033,3,400,6,30,0,-1,-1,0,0,0,4,1,1,0,0,1,1,E01000919,24-11-2018,1,1,3,2,-1,-1,3,1,1,0,0,-1,0,-1
2498,78.5905374,14.74438378,1,3,2,1,4,17:45,1,E09000033,6,0,6,30,3,4,6,0,0,0,4,1,1,0,0,1,1,E01004685,21-12-2018,2,1,1,1,26,6,3,0,0,0,0,-1,5,-1
2499,78.51291593,14.7728756,1,2,3,1,6,16:15,1,E09000033,3,402,6,30,3,4,5,0,0,0,4,1,1,0,0,1,1,E01004680,23-12-2018,1,1,1,1,32,6,3,0,0,0,0,-1,5,1
2500,78.56510153,14.79147284,1,3,1,1,7,02:25,1,E09000033,3,4,6,30,0,-1,-1,0,0,0,4,1,1,0,0,1,1,E01004735,17-12-2018,1,1,1,2,31,6,3,0,0,0,0,-1,2,1
2501,78.62163383,14.7663174,1,3,2,1,3,19:55,1,E09000033,3,4209,6,30,6,2,6,0,0,5,4,1,1,0,0,1,1,E01004684,01-11-2018,1,1,3,1,49,8,3,10,9,0,0,-1,0,1
2502,78.54076142,14.71071736,1,3,3,1,7,09:00,1,E09000033,3,315,6,30,7,2,3,3216,0,0,1,1,1,0,0,1,3,E01004689,06-08-2018,2,1,2,1,42,7,3,0,0,1,0,-1,9,1
2503,78.5218901,14.72280191,1,3,2,1,4,17:30,1,E09000033,3,5,6,30,6,2,5,0,0,5,4,1,1,0,0,1,2,E01004726,14-12-2018,1,1,1,1,37,7,3,0,0,0,0,-1,9,1
2504,78.55427524,14.71783437,1,3,2,1,3,21:00,1,E09000033,3,5,6,30,3,4,6,0,0,0,4,1,1,0,0,1,2,E01004673,13-12-2018,1,1,1,1,31,6,3,0,0,0,0,-1,1,1
2505,78.46328646,14.69650495,1,2,1,1,2,08:15,1,E09000033,3,402,6,30,3,4,5,0,0,0,1,1,1,0,0,1,1,E01004680,08-08-2018,1,1,3,1,-1,-1,3,10,9,0,0,-1,0,-1
2506,78.55338039,14.78506844,1,3,2,1,6,22:45,1,E09000033,6,0,6,30,3,4,3,501,0,0,4,1,1,0,0,1,2,E01004660,16-12-2018,1,1,1,1,21,5,3,0,0,0,0,-1,19,1
2507,78.49493435,14.6784256,1,3,2,1,7,17:00,1,E09000033,3,4209,6,30,0,-1,-1,0,0,0,1,1,1,0,0,1,2,E01004683,01-10-2018,1,1,1,2,27,6,3,0,0,0,0,-1,9,1
2508,78.63918465,14.78515557,1,3,3,1,6,10:30,1,E09000033,3,302,6,30,0,-1,-1,0,0,0,1,2,2,0,0,1,2,E01004690,18-11-2018,1,2,2,2,55,8,3,0,0,1,0,-1,9,1
2509,78.62044514,14.74569221,1,3,2,1,5,18:30,1,E09000033,3,404,3,50,0,-1,-1,0,0,0,4,1,1,0,0,1,2,E01004702,10-11-2018,2,1,1,2,26,6,2,0,0,0,0,-1,3,1
2510,78.50939491,14.74960825,1,3,2,1,2,17:15,1,E09000033,3,40,3,40,0,-1,-1,0,0,0,4,1,1,0,0,1,1,E01004685,14-11-2018,1,1,1,1,26,6,3,0,0,0,0,-1,9,1
2511,78.58957872,14.70601781,1,3,1,1,2,08:35,1,E09000033,3,4,2,30,0,-1,-1,0,0,0,1,1,1,0,0,1,2,E01004736,19-12-2018,2,1,1,1,53,8,3,0,0,0,0,-1,5,1
2512,78.46567123,14.71597404,1,3,2,1,2,05:30,1,E09000033,3,5,6,30,6,2,3,5204,0,0,4,1,1,0,0,1,2,E01004680,14-11-2018,1,1,3,1,39,7,3,1,1,0,0,-1,0,1
2513,78.57848906,14.74531781,1,3,2,1,4,12:20,1,E09000033,5,0,6,30,3,4,6,0,0,0,1,1,1,0,0,1,1,E01004761,07-12-2018,2,1,1,2,33,6,3,0,0,0,0,-1,1,1
2514,78.52318469,14.72997454,1,3,2,1,7,23:55,1,E09000033,3,4,2,30,0,-1,-1,0,0,0,4,1,1,0,0,1,2,E01004731,26-11-2018,1,1,1,1,-1,-1,3,0,0,0,0,-1,19,1
2515,78.55202742,14.74338124,1,3,2,1,6,21:25,1,E09000033,3,402,6,30,3,2,4,410,0,5,4,1,1,0,0,1,2,E01004688,04-11-2018,1,1,3,2,85,11,3,5,1,0,0,-1,0,1
2516,78.57558305,14.73584945,1,3,1,1,3,18:10,1,E09000033,3,400,6,30,6,2,4,402,0,5,1,1,1,0,0,1,1,E01004734,09-08-2018,1,1,2,1,43,7,3,0,0,0,3,-1,11,-1
2517,78.49193463,14.70081529,1,3,1,1,1,14:06,1,E09000033,3,40,6,30,6,2,3,41,0,5,1,1,1,0,0,1,1,E01004762,21-08-2018,2,1,1,1,35,6,3,0,0,0,0,-1,1,-1
2518,78.59071172,14.70251461,1,3,1,1,7,00:15,1,E09000033,3,400,6,30,3,4,5,0,0,1,4,1,1,0,0,1,1,E01004734,08-10-2018,2,1,1,2,29,6,3,0,0,0,0,-1,9,1
2519,78.61608794,14.66237246,1,3,1,1,7,18:15,1,E09000033,3,4,3,30,3,4,5,0,0,0,1,1,1,0,0,1,1,E01004734,19-11-2018,1,1,1,2,24,5,3,0,0,0,0,-1,9,1
2520,78.56708178,14.70975901,1,3,2,1,6,09:50,1,E09000033,3,501,6,30,6,2,3,41,0,0,1,1,1,0,0,1,2,E01004712,09-12-2018,1,1,1,1,42,7,3,0,0,0,0,-1,5,1
2521,78.57199367,14.68612673,1,3,1,2,3,04:12,2,E09000007,3,4201,7,30,3,2,3,5205,0,5,4,1,1,0,0,1,1,E01000948,15-02-2018,1,1,1,1,33,6,3,0,0,0,0,-1,1,1
2522,78.56665321,14.75873561,1,3,2,1,5,08:36,3,E09000019,3,1200,6,30,0,-1,-1,0,0,5,1,2,2,0,0,1,1,E01002797,03-02-2018,1,1,1,1,24,5,3,0,0,0,0,-1,9,1
2523,78.53921439,14.66607783,1,3,1,1,3,08:29,2,E09000007,3,5,3,30,3,2,4,451,0,5,1,1,1,0,0,1,1,E01000548,15-02-2018,1,1,1,1,-1,-1,3,0,0,0,0,-1,5,-1
2524,78.50672017,14.72098928,1,3,1,1,7,20:35,2,E09000007,6,0,6,30,3,2,6,0,0,0,4,1,1,0,0,1,1,E01000852,19-02-2018,1,1,2,2,46,8,2,0,0,0,3,-1,11,1
2525,78.4631551,14.74307744,1,3,1,1,2,14:18,2,E09000007,3,40,2,30,7,2,3,40,0,5,1,1,1,0,0,1,1,E01000918,07-02-2018,1,1,1,2,35,6,3,0,0,0,0,-1,9,1
2526,78.58771557,14.65667647,1,3,2,1,4,13:10,2,E09000007,6,0,6,30,6,4,6,0,0,0,1,1,1,0,0,1,1,E01000942,09-02-2018,1,1,1,1,39,7,3,0,0,0,0,-1,9,1
2527,78.52233096,14.68824511,1,3,2,1,1,18:30,2,E09000007,5,0,6,30,0,-1,-1,0,0,0,4,1,1,0,0,1,1,E01000927,20-02-2018,2,1,1,1,39,7,3,0,0,0,0,-1,4,1
2528,78.51043675,14.7552056,1,3,1,1,5,18:55,2,E09000007,3,503,6,30,0,-1,-1,0,0,4,4,8,2,0,0,1,1,E01000856,17-02-2018,1,1,1,1,37,7,3,0,0,0,0,-1,8,1
2529,78.52995068,14.79748556,1,3,2,1,7,18:00,2,E09000007,6,0,6,30,0,-1,-1,0,0,8,4,1,1,0,0,1,1,E01000899,19-02-2018,1,1,1,1,44,7,3,0,0,0,0,-1,2,1
2530,78.52777721,14.67587015,1,2,1,1,2,19:40,3,E09000019,6,0,6,30,3,4,3,503,0,0,6,1,1,0,0,1,1,E01002764,07-02-2018,1,1,3,2,24,5,3,5,1,0,0,-1,0,1
2531,78.62300346,14.75758466,1,2,1,1,3,18:15,3,E09000019,3,5203,6,30,6,2,3,5203,0,5,1,1,1,0,0,1,1,E01002713,08-02-2018,1,1,1,1,25,5,3,0,0,0,0,-1,5,1
2532,78.57179896,14.6789352,1,3,2,1,5,09:00,3,E09000019,3,1,6,30,9,2,6,0,0,5,1,2,2,0,0,1,1,E01002795,10-02-2018,1,1,2,2,48,8,3,0,0,0,3,-1,11,1
2533,78.50014244,14.79923902,1,3,2,1,5,17:00,3,E09000019,3,5203,6,30,6,4,6,0,0,1,4,2,2,0,0,1,1,E01002712,10-02-2018,2,1,1,1,28,6,2,0,0,0,0,-1,2,-1
2534,78.4892594,14.67903003,1,3,2,1,3,22:40,3,E09000019,3,503,2,30,0,-1,-1,0,0,0,4,1,1,0,0,1,1,E01002734,08-02-2018,1,1,2,2,33,6,3,0,0,0,1,-1,11,-1
2535,78.64114238,14.68297629,1,3,1,1,7,18:32,3,E09000019,3,5203,6,30,7,4,6,0,0,1,4,2,2,0,0,1,1,E01002762,12-02-2018,2,1,1,1,23,5,3,0,0,0,0,-1,9,1
2536,78.60863488,14.7232178,1,3,1,1,4,20:45,3,E09000019,3,104,6,30,3,4,6,0,0,4,4,1,2,0,0,1,1,E01002801,09-02-2018,1,1,3,1,41,7,3,9,9,0,0,-1,0,1
2537,78.57605977,14.76545633,1,3,1,1,5,23:52,2,E09000007,3,41,6,30,0,-1,-1,0,0,4,4,8,2,0,0,1,1,E01000960,17-02-2018,1,1,1,1,31,6,3,0,0,0,0,-1,9,-1
2538,78.52116755,14.77560851,1,3,2,1,2,09:30,3,E09000019,3,1,3,40,9,4,5,0,0,5,1,1,1,0,0,1,1,E01002785,21-02-2018,1,2,2,1,45,7,3,0,0,1,0,-1,9,1
2539,78.54490642,14.6820665,1,3,2,1,4,21:45,2,E09000007,3,400,6,30,9,2,6,0,0,5,4,1,2,0,0,1,1,E01000927,23-02-2018,1,1,2,1,51,8,3,0,0,2,0,-1,8,2
2540,78.47063738,14.68144063,1,3,1,1,3,11:11,2,E09000007,3,40,6,30,3,2,3,5200,0,0,1,1,2,0,0,1,1,E01000004,22-02-2018,1,1,3,2,72,10,2,4,3,0,0,-1,0,1
2541,78.6229485,14.77710958,1,3,2,1,6,21:50,2,E09000007,3,502,6,30,9,4,6,0,0,0,4,1,2,0,0,1,1,E01000858,25-02-2018,1,1,1,1,90,11,2,0,0,0,0,-1,9,1
2542,78.64207973,14.69656757,1,3,1,1,1,10:04,2,E09000007,4,510,6,30,3,4,6,0,0,0,1,1,1,0,0,1,1,E01000973,13-02-2018,1,1,3,1,42,7,2,4,4,0,0,-1,0,3
2543,78.49983253,14.67474352,1,3,2,1,7,06:47,4,E09000012,3,503,6,30,0,-1,-1,0,0,0,1,1,1,0,0,1,2,E01002002,19-02-2018,1,1,3,2,43,7,3,6,9,0,0,-1,0,-1
2544,78.51318185,14.76372724,1,3,2,1,7,12:00,2,E09000007,3,5202,6,30,3,4,5,0,0,0,1,1,2,0,0,1,1,E01000958,26-02-2018,1,1,3,1,30,6,2,5,1,0,0,-1,0,-1
2545,78.55453116,14.67779973,1,3,2,1,6,10:35,3,E09000019,4,515,3,30,3,2,3,1,0,0,1,2,2,0,0,1,1,E01002696,25-02-2018,2,1,2,2,-1,-1,3,0,0,0,4,-1,11,1
2546,78.55296239,14.67221278,1,3,2,1,2,19:41,2,E09000007,3,400,2,30,6,2,5,0,0,0,4,3,2,0,0,1,1,E01000861,28-02-2018,2,1,1,1,26,6,2,0,0,0,0,-1,1,1
2547,78.49024435,14.66083568,1,2,1,1,4,09:30,2,E09000007,4,512,6,30,3,2,3,400,0,5,1,8,2,0,0,1,1,E01000952,02-03-2018,1,1,3,1,34,6,3,1,3,0,0,-1,0,1
2548,78.54439287,14.71376735,1,2,1,1,6,20:40,2,E09000007,3,4200,6,30,6,2,3,40,0,0,4,2,2,0,0,1,1,E01000914,11-03-2018,1,1,1,1,33,6,3,0,0,0,0,-1,3,1
2549,78.51657807,14.75330672,1,3,2,1,4,11:50,2,E09000007,3,502,2,30,3,4,6,0,0,0,1,1,1,0,0,1,1,E01000863,09-03-2018,1,1,2,1,91,11,3,0,0,0,1,-1,11,-1
2550,78.60602108,14.69571822,1,3,2,1,7,16:10,2,E09000007,3,502,6,30,3,4,6,0,0,1,4,2,2,0,0,1,1,E01000858,01-01-2018,1,2,2,2,89,11,3,0,0,0,3,-1,11,1
2551,78.60716807,14.76629844,1,3,1,1,1,10:30,3,E09000019,3,1,1,30,1,2,5,0,0,5,1,1,1,0,0,1,1,E01002770,02-01-2018,1,1,1,2,35,6,3,0,0,0,0,-1,9,1
2552,78.47054935,14.79737702,1,3,2,1,2,06:24,2,E09000007,3,501,3,30,6,2,5,0,0,5,4,1,1,0,0,1,1,E01000852,03-01-2018,1,1,3,1,27,6,3,1,1,0,0,-1,0,1
2553,78.58443786,14.7640594,1,3,1,1,7,05:40,3,E09000019,6,0,6,30,3,4,6,0,0,0,4,1,1,0,0,1,1,E01002764,01-01-2018,1,1,3,2,25,5,2,4,3,0,0,-1,0,1
2554,78.49596792,14.66721738,1,3,2,1,7,22:00,3,E09000019,3,104,6,30,6,2,3,104,0,0,4,1,1,0,0,1,2,E01002776,01-01-2018,1,1,3,2,24,5,3,9,7,0,0,-1,0,1
2555,78.63882579,14.66396204,1,3,2,1,1,20:37,3,E09000019,3,1,1,30,1,4,3,1200,0,1,4,1,1,0,0,1,2,E01002791,02-01-2018,2,1,1,1,24,5,3,0,0,0,0,-1,1,1
2556,78.51878957,14.68386563,1,3,1,1,5,18:34,3,E09000019,6,0,6,30,3,4,6,0,0,0,4,1,1,0,0,1,1,E01002753,06-01-2018,1,1,1,1,36,7,3,0,0,0,0,-1,5,1
2557,78.54468799,14.80305762,1,3,1,1,5,19:15,3,E09000019,4,519,6,30,0,-1,-1,0,0,4,4,1,2,0,0,1,1,E01002770,06-01-2018,1,1,1,2,50,8,3,0,0,0,0,-1,9,1
2558,78.5329196,14.80255395,1,3,2,1,3,18:48,3,E09000019,3,5203,2,30,7,2,3,5203,0,5,4,2,2,0,0,1,1,E01002765,04-01-2018,2,1,1,2,37,7,3,0,0,0,0,-1,1,1
2559,78.49130039,14.74212715,1,3,2,1,4,10:55,2,E09000007,5,0,6,30,6,4,6,0,0,0,1,1,2,0,0,1,1,E01000875,05-01-2018,1,1,3,2,61,9,3,5,1,0,0,-1,0,1
2560,78.5132199,14.71062498,1,3,2,1,3,15:45,3,E09000019,3,503,6,30,3,4,6,0,0,0,1,2,2,0,0,1,2,E01002783,04-01-2018,2,1,1,1,27,6,3,0,0,0,0,-1,3,1
2561,78.54373578,14.66139745,1,3,2,1,6,08:50,2,E09000007,3,503,6,30,0,-1,-1,0,0,0,1,1,1,0,0,1,2,E01000869,07-01-2018,1,1,1,1,41,7,3,0,0,0,0,-1,3,1
2562,78.52210343,14.72828925,1,3,1,1,7,01:51,3,E09000019,6,0,6,30,6,4,6,0,0,0,4,1,1,0,0,1,1,E01002801,08-01-2018,1,2,3,2,58,9,3,4,2,0,0,-1,0,1
2563,78.5435845,14.77797621,1,3,1,1,6,09:55,2,E09000007,3,502,6,30,3,4,6,0,0,0,1,1,1,0,0,1,1,E01000863,07-01-2018,1,3,3,1,-1,-1,3,4,2,0,0,-1,0,1
2564,78.49283136,14.78649342,1,3,2,1,7,22:33,3,E09000019,3,104,6,30,3,4,6,0,0,4,4,1,1,0,0,1,1,E01002719,08-01-2018,1,1,3,2,19,4,3,10,9,0,0,-1,0,1
2565,78.53713137,14.6823937,1,3,2,1,6,08:37,2,E09000007,3,503,6,30,6,2,3,5202,0,5,1,1,1,0,0,1,1,E01000867,07-01-2018,1,1,2,2,-1,-1,3,0,0,0,3,-1,11,-1
2566,78.59283837,14.66412663,1,3,2,1,6,17:10,2,E09000007,3,501,3,30,0,-1,-1,0,0,0,4,4,2,0,0,1,1,E01000851,07-01-2018,1,1,3,2,19,4,3,5,2,0,0,-1,0,1
2567,78.56467227,14.74181519,1,3,3,1,7,02:50,2,E09000007,3,501,3,30,0,-1,-1,0,0,0,4,1,1,0,0,1,1,E01000851,01-01-2018,1,1,2,1,31,6,2,0,0,0,1,-1,11,1
2568,78.6042436,14.65989623,1,3,1,2,7,03:39,3,E09000019,6,0,6,30,0,-1,-1,0,0,0,4,1,1,0,0,1,1,E01002764,01-01-2018,1,1,1,1,26,6,3,0,0,0,0,-1,1,1
2569,78.60917411,14.70549597,1,3,2,1,7,18:00,3,E09000019,3,503,6,30,3,4,6,0,0,0,4,1,1,0,0,1,2,E01002730,08-01-2018,2,1,1,2,-1,-1,3,0,0,0,0,-1,1,-1
2570,78.60374298,14.768168,1,3,1,1,2,09:56,2,E09000007,5,0,6,30,3,4,6,0,0,0,1,1,1,0,0,1,1,E01000855,10-01-2018,1,1,3,2,44,7,3,5,3,0,0,-1,0,1
2571,78.49979756,14.75039328,1,3,1,1,2,10:30,3,E09000019,3,104,6,30,3,4,3,1,0,0,1,2,2,0,0,1,1,E01002801,10-01-2018,2,1,1,1,39,7,2,0,0,0,0,-1,2,-1