Accident_Index,longitude,latitude,Police_Force,Accident_Severity,Number_of_Vehicles,Number_of_Casualties,Day_of_Week,Time,Local_Authority_(District),Local_Authority_(Highway),1st_Road_Class,1st_Road_Number,Road_Type,Speed_limit,Junction_Detail,Junction_Control,2nd_Road_Class,2nd_Road_Number,Pedestrian_Crossing-Human_Control,Pedestrian_Crossing-Physical_Facilities,Light_Conditions,Weather_Conditions,Road_Surface_Conditions,Special_Conditions_at_Site,Carriageway_Hazards,Urban_or_Rural_Area,Did_Police_Officer_Attend_Scene_of_Accident,LSOA_of_Accident_Location,Date,Vehicle_Reference,Casualty_Reference,Casualty_Class,Sex_of_Casualty,Age_of_Casualty,Age_Band_of_Casualty,Casualty_Severity,Pedestrian_Location,Pedestrian_Movement,Car_Passenger,Bus_or_Coach_Passenger,Pedestrian_Road_Maintenance_Worker,Casualty_Type,Casualty_Home_Area_Type
2572,78.5591281,14.69698901,1,3,1,1,1,03:55,2,E09000007,3,401,2,30,3,2,3,40,0,5,4,1,1,0,0,1,1,E01000919,09-01-2018,1,1,3,1,26,6,3,5,4,0,0,-1,0,1
2573,78.64225474,14.76427083,1,3,2,1,1,10:45,2,E09000007,3,400,6,30,9,2,3,5202,0,5,1,1,1,0,0,1,1,E01000856,09-01-2018,1,1,3,1,-1,-1,3,9,6,0,0,-1,0,-1
2574,78.46517967,14.73086632,1,3,2,2,2,14:30,4,E09000012,3,5201,6,30,0,-1,-1,0,0,0,1,2,2,0,0,1,1,E01002704,10-01-2018,1,1,1,1,34,6,3,0,0,0,0,-1,3,1
2575,78.54003531,14.70952421,1,3,1,1,2,21:50,2,E09000007,3,502,6,30,0,-1,-1,0,0,0,4,1,1,0,0,1,2,E01000895,10-01-2018,1,1,2,1,33,6,3,0,0,1,0,-1,9,1
2576,78.58404188,14.71218093,1,3,1,1,7,18:17,3,E09000019,3,1,6,30,0,-1,-1,0,0,0,4,1,1,0,0,1,1,E01002794,08-01-2018,2,2,1,1,58,9,2,0,0,0,0,-1,9,1
2577,78.49442578,14.78383505,1,3,2,1,3,08:53,2,E09000007,5,0,2,30,7,2,3,400,0,5,1,1,1,0,0,1,1,E01000856,11-01-2018,1,1,3,1,27,6,2,1,4,0,0,-1,0,-1
2578,78.49397715,14.78002254,1,3,2,1,7,23:00,3,E09000019,5,0,2,30,0,-1,-1,0,0,0,4,1,1,0,0,1,1,E01002707,08-01-2018,1,1,1,1,24,5,3,0,0,0,0,-1,1,1
2579,78.48830867,14.67693691,1,3,2,1,4,20:54,3,E09000019,6,0,6,30,3,4,6,0,0,0,4,1,1,0,0,1,1,E01002740,12-01-2018,1,1,2,2,-1,-1,3,0,0,2,0,-1,9,-1
2580,78.488994,14.6633781,1,3,2,1,3,07:17,3,E09000019,3,400,6,30,7,2,3,400,0,5,1,1,1,0,0,1,1,E01000921,11-01-2018,2,1,1,1,32,6,3,0,0,0,0,-1,5,1
2581,78.57212015,14.6671189,1,3,1,2,3,21:21,3,E09000019,6,0,6,30,3,4,3,1201,0,0,4,2,2,0,0,1,1,E01002738,11-01-2018,1,1,1,1,44,7,3,0,0,0,0,-1,1,1
2582,78.53778339,14.66063779,1,3,2,1,3,17:29,2,E09000007,5,0,6,30,6,2,5,0,0,5,4,2,2,0,0,1,1,E01000855,11-01-2018,1,1,3,1,-1,-1,3,5,1,0,0,-1,0,-1
2583,78.54094693,14.6994412,1,3,2,1,4,20:58,2,E09000007,3,502,6,30,3,4,6,0,0,0,4,1,1,0,0,1,1,E01000906,12-01-2018,1,1,2,2,38,7,3,0,0,0,4,-1,11,-1
2584,78.62596374,14.77717786,1,2,2,1,4,12:04,2,E09000007,3,40,6,30,0,-1,-1,0,0,0,1,1,1,0,0,1,1,E01000914,12-01-2018,1,1,1,1,28,6,3,0,0,0,0,-1,5,1
2585,78.63269453,14.7718641,1,3,2,1,4,13:13,4,E09000012,3,104,6,30,3,4,6,0,0,0,1,1,1,0,0,1,1,E01001756,12-01-2018,1,1,1,1,47,8,3,0,0,0,0,-1,9,1
2586,78.54526269,14.80289177,1,3,2,1,6,12:00,3,E09000019,3,1,6,30,3,2,3,104,0,0,1,1,1,0,0,1,2,E01002794,14-01-2018,1,1,3,1,24,5,2,4,1,0,0,-1,0,3
2587,78.64176822,14.75290831,1,3,1,1,4,16:10,2,E09000007,6,0,6,30,0,-1,-1,0,0,0,1,1,1,0,0,1,1,E01000973,19-01-2018,1,1,3,1,36,7,3,5,4,0,0,-1,0,1
2588,78.52760187,14.78164497,1,3,1,1,5,14:01,3,E09000019,3,104,6,30,3,4,6,0,0,0,1,1,1,0,0,1,1,E01002799,20-01-2018,2,1,1,2,27,6,3,0,0,0,0,-1,2,-1
2589,78.5621967,14.77456008,1,3,1,1,5,09:07,2,E09000007,3,501,6,30,0,-1,-1,0,0,0,1,1,2,0,0,1,1,E01000852,13-01-2018,1,1,2,1,52,8,3,0,0,0,3,-1,11,1
2590,78.59382007,14.75131201,1,3,1,1,5,14:10,2,E09000007,3,40,2,30,6,2,3,400,0,5,1,1,1,0,0,1,1,E01000919,13-01-2018,1,1,2,2,44,7,3,0,0,0,3,-1,11,1
2591,78.47979649,14.70381418,1,3,2,1,5,17:15,3,E09000019,3,1,3,30,0,-1,-1,0,0,0,4,1,1,0,0,1,2,E01002795,13-01-2018,1,1,1,2,20,4,3,0,0,0,0,-1,1,1
2592,78.50368571,14.65993866,1,3,2,1,5,08:00,2,E09000007,6,0,6,30,6,4,6,0,0,0,1,1,1,0,0,1,1,E01000870,13-01-2018,2,1,1,1,41,7,3,0,0,0,0,-1,5,-1
2593,78.51854521,14.78498894,1,3,2,1,5,19:27,2,E09000007,5,0,6,30,3,4,6,0,0,0,4,1,1,0,0,1,1,E01000912,20-01-2018,1,1,3,2,14,3,3,1,3,0,0,-1,0,-1
2594,78.61263,14.69170192,1,3,2,1,7,11:55,2,E09000007,3,5200,2,30,7,2,3,501,0,5,1,1,1,0,0,1,1,E01000938,15-01-2018,2,1,1,1,40,7,3,0,0,0,0,-1,5,1
2595,78.5962992,14.7038452,1,3,2,1,4,18:50,3,E09000019,3,1199,6,30,3,4,6,0,0,0,4,1,1,0,0,1,1,E01002716,12-01-2018,1,1,1,1,37,7,3,0,0,0,0,-1,9,1
2596,78.61531445,14.75240345,1,3,4,3,5,14:42,2,E09000007,3,400,3,30,3,4,3,400,0,1,1,1,1,0,0,1,1,E01000947,13-01-2018,1,1,1,2,37,7,3,0,0,0,0,-1,1,1
2597,78.54230589,14.67881606,1,2,2,1,6,09:50,3,E09000019,3,5203,6,30,3,4,6,0,0,0,1,1,1,0,0,1,2,E01002713,14-01-2018,1,1,3,1,-1,-1,3,5,1,0,0,-1,0,-1
2598,78.47668325,14.67628807,1,3,2,1,7,19:10,3,E09000019,5,0,6,30,6,2,3,401,0,0,4,1,1,0,0,1,2,E01002726,15-01-2018,1,2,1,1,54,8,3,0,0,0,0,-1,5,1
2599,78.51098579,14.68859931,1,3,1,1,6,16:16,3,E09000019,5,0,6,30,0,-1,-1,0,0,0,1,1,1,0,0,1,1,E01002775,14-01-2018,1,1,1,1,41,7,3,0,0,0,0,-1,9,1
2600,93.60853437,27.10316727,1,3,1,1,2,16:15,3,E09000019,6,0,2,20,0,-1,-1,0,0,0,1,2,2,0,0,1,1,E01002696,17-01-2018,1,1,2,2,61,9,3,0,0,0,3,-1,11,1
2601,93.62885819,27.08960486,1,3,1,1,6,20:45,3,E09000019,3,1,6,30,3,4,5,0,0,1,4,1,1,0,0,1,2,E01002696,14-01-2018,1,1,3,2,43,7,3,5,1,0,0,-1,0,1
2602,93.62111771,27.10032407,1,3,1,1,3,21:05,2,E09000007,3,41,3,30,9,2,6,0,0,5,4,1,1,0,0,1,1,E01000960,18-01-2018,1,1,3,2,23,5,3,1,9,0,0,-1,0,1
2603,93.61040561,27.10540427,1,3,1,1,4,16:19,2,E09000007,3,41,6,30,3,2,5,0,0,5,1,2,2,0,0,1,1,E01000972,19-01-2018,1,2,3,1,-1,-1,3,1,9,0,0,-1,0,-1
2604,93.61763595,27.10285298,1,3,2,1,6,12:50,3,E09000019,3,1,6,30,3,4,6,0,0,0,1,1,1,0,0,1,1,E01002794,14-01-2018,1,1,1,1,26,6,3,0,0,0,0,-1,3,1
2605,93.61207767,27.08906411,1,3,2,1,6,08:05,3,E09000019,3,1200,6,30,6,2,3,1200,0,5,1,1,1,0,0,1,1,E01002791,14-01-2018,1,1,3,1,47,8,2,10,9,0,0,-1,0,1
2606,93.6312606,27.1027401,1,2,2,1,4,12:15,2,E09000007,3,401,6,30,3,4,6,0,0,0,1,1,1,0,0,1,1,E01000914,05-01-2018,1,1,1,2,43,7,3,0,0,0,0,-1,4,1
2607,93.62134993,27.09501499,1,3,2,2,6,15:30,3,E09000019,3,503,6,30,0,-1,-1,0,0,0,1,2,2,0,0,1,1,E01002748,14-01-2018,1,1,1,1,26,6,2,0,0,0,0,-1,1,1
2608,93.62207908,27.0899994,1,3,2,1,2,18:30,2,E09000007,3,400,6,30,3,4,6,0,0,0,4,1,1,0,0,1,2,E01000922,17-01-2018,1,1,1,1,38,7,3,0,0,0,0,-1,1,1
2609,93.61982947,27.10224951,1,3,2,1,3,15:30,3,E09000019,3,5200,6,30,0,-1,-1,0,0,0,1,1,1,0,0,1,3,E01000924,18-01-2018,2,1,1,1,38,7,3,0,0,0,0,-1,1,1
2610,93.61622032,27.08950967,1,2,2,1,5,08:03,2,E09000007,3,502,6,30,0,-1,-1,0,0,0,1,2,2,0,0,1,1,E01000906,20-01-2018,1,1,1,1,35,6,3,0,0,0,0,-1,5,1
2611,93.62015963,27.10080364,1,3,1,1,2,18:05,3,E09000019,3,5203,6,30,3,4,6,0,0,1,4,1,2,0,0,1,1,E01002715,17-01-2018,1,1,1,1,25,5,3,0,0,0,0,-1,4,1
2612,93.61662807,27.10531562,1,3,2,1,2,18:40,2,E09000007,4,518,6,30,3,2,5,0,0,5,4,1,2,0,0,1,1,E01000910,17-01-2018,1,2,3,1,32,6,3,5,2,0,0,-1,0,1
2613,93.62535402,27.09356856,1,3,1,2,2,01:40,3,E09000019,3,104,6,30,0,-1,-1,0,0,4,4,1,1,0,0,1,1,E01002720,17-01-2018,2,1,1,1,28,6,3,0,0,0,0,-1,2,1
2614,93.60941184,27.08906236,1,3,2,1,2,16:10,2,E09000007,6,0,6,30,3,4,3,41,0,0,4,2,2,0,0,1,1,E01000972,17-01-2018,2,1,1,1,31,6,3,0,0,0,0,-1,1,1
2615,93.63262788,27.10002016,1,3,2,1,2,10:40,2,E09000007,3,502,6,30,3,4,6,0,0,0,1,1,2,0,0,1,1,E01000849,17-01-2018,1,1,1,1,29,6,3,0,0,0,0,-1,3,1
2616,93.61847223,27.10213603,1,3,2,1,3,14:28,2,E09000007,3,5202,2,30,0,-1,-1,0,0,0,1,1,1,0,0,1,1,E01000958,18-01-2018,1,1,3,1,22,5,3,1,1,0,0,-1,0,-1
2617,93.62688363,27.09851652,1,3,2,1,2,16:00,2,E09000007,3,41,6,30,7,2,4,510,0,5,1,2,2,0,0,1,1,E01000871,17-01-2018,2,1,1,1,45,7,2,0,0,0,0,-1,5,1
2618,93.62178586,27.10089117,1,3,1,3,7,05:35,2,E09000007,3,5200,6,30,3,2,5,0,0,5,4,2,2,0,0,1,1,E01000939,15-01-2018,2,1,1,1,26,6,3,0,0,0,0,-1,9,1
2619,93.63339441,27.09792127,1,3,4,1,1,15:30,2,E09000007,3,41,6,30,0,-1,-1,0,0,0,4,1,1,0,0,1,1,E01000874,16-01-2018,1,1,1,1,28,6,3,0,0,0,0,-1,9,1
2620,93.63207324,27.09421875,1,3,1,1,4,08:23,2,E09000007,5,0,6,30,6,4,6,0,0,0,1,1,1,0,0,1,1,E01000881,19-01-2018,1,1,3,1,37,7,3,4,1,0,0,-1,0,1
2621,93.62327634,27.08942168,1,3,2,2,3,17:35,3,E09000019,3,104,6,30,6,4,6,0,0,0,1,1,1,0,0,1,3,E01002793,18-01-2018,1,1,3,2,22,5,3,4,1,0,0,-1,0,-1
2622,93.62437541,27.10520234,1,3,1,1,6,13:58,2,E09000007,3,40,6,30,3,4,6,0,0,0,1,1,1,0,0,1,1,E01000919,21-01-2018,1,1,2,2,60,9,3,0,0,0,3,-1,11,-1
2623,93.61826109,27.08882348,1,3,2,1,6,19:54,3,E09000019,3,5201,1,30,1,2,3,501,0,5,4,1,1,0,0,1,1,E01002704,21-01-2018,1,2,2,1,60,9,3,0,0,0,3,-1,11,-1
2624,93.62987557,27.09053123,1,3,2,1,6,09:55,2,E09000007,3,400,2,30,3,4,6,0,0,0,1,1,1,0,0,1,1,E01000861,21-01-2018,1,1,1,1,22,5,3,0,0,0,0,-1,9,-1
2625,93.61556851,27.10594683,1,3,1,1,6,16:15,2,E09000007,3,4200,6,30,6,2,3,40,0,5,1,1,1,0,0,1,1,E01000914,21-01-2018,2,1,2,2,26,6,3,0,0,0,4,-1,11,1
2626,93.61078396,27.09441234,1,2,1,1,4,10:55,2,E09000007,3,400,6,30,0,-1,-1,0,0,0,1,1,1,0,0,1,1,E01000927,12-01-2018,1,1,3,1,26,6,3,9,5,0,0,-1,0,1
2627,93.63224902,27.09003063,1,3,2,1,6,09:10,2,E09000007,3,503,6,30,3,4,6,0,0,0,1,1,1,0,0,1,1,E01000865,21-01-2018,1,1,1,1,36,7,3,0,0,0,0,-1,9,1
2628,93.62040409,27.10209362,1,3,2,1,6,10:30,28,E09000005,3,5,6,30,6,2,4,520,0,5,1,1,1,0,0,1,1,E01000490,21-01-2018,1,1,2,2,89,11,3,0,0,0,4,-1,11,1
2629,93.62983829,27.10527078,1,3,2,1,5,08:55,3,E09000019,3,1,3,30,3,4,6,0,0,1,1,1,2,0,0,1,1,E01002786,20-01-2018,1,2,2,1,76,11,3,0,0,0,4,-1,11,1
2630,93.62285147,27.09878683,1,3,2,1,5,10:15,2,E09000007,3,502,6,30,0,-1,-1,0,0,0,1,2,2,0,0,1,1,E01000858,20-01-2018,1,3,2,2,-1,-1,3,0,0,0,3,-1,11,-1
2631,93.62996143,27.10151072,1,3,2,1,5,00:50,3,E09000019,6,0,6,30,3,4,3,1199,0,0,4,1,1,0,0,1,1,E01002717,20-01-2018,1,1,1,2,34,6,3,0,0,0,0,-1,9,1
2632,93.61507446,27.09104138,1,3,2,1,6,10:40,3,E09000019,4,515,6,30,0,-1,-1,0,0,0,1,1,1,0,0,1,1,E01002696,21-01-2018,2,1,1,1,30,6,3,0,0,0,0,-1,1,1
2633,93.63403882,27.09154602,1,3,2,1,1,02:15,3,E09000019,3,201,6,30,6,2,3,5201,0,5,4,1,1,0,0,1,3,E01002724,23-01-2018,1,1,1,1,34,6,3,0,0,0,0,-1,1,2
2634,93.63016242,27.09382707,1,3,2,1,2,21:15,2,E09000007,3,400,6,30,7,4,3,400,0,0,4,1,2,0,0,1,3,E01000856,24-01-2018,1,1,1,1,63,9,3,0,0,0,0,-1,1,1
2635,93.622661,27.10333894,1,3,1,1,3,20:20,2,E09000007,3,501,3,30,7,2,3,400,0,5,4,1,1,0,0,1,1,E01000946,25-01-2018,1,1,3,2,25,5,3,1,3,0,0,-1,0,1
2636,93.62164412,27.09752794,1,3,1,1,3,18:00,2,E09000007,3,502,6,30,0,-1,-1,0,0,1,4,1,1,0,0,1,1,E01000895,25-01-2018,1,1,1,1,27,6,3,0,0,0,0,-1,4,1
2637,93.61090423,27.09549337,1,3,1,1,2,17:15,3,E09000019,3,1201,6,30,3,4,6,0,0,1,4,1,2,0,0,1,1,E01002811,24-01-2018,1,1,3,2,12,3,3,4,2,0,0,-1,0,1
2638,93.63348298,27.0963942,1,3,1,1,7,13:40,2,E09000007,3,502,6,30,0,-1,-1,0,0,0,1,1,1,0,0,1,1,E01000897,22-01-2018,2,1,1,2,48,8,3,0,0,0,0,-1,1,1
2639,93.6098582,27.09690089,1,3,1,1,7,12:20,3,E09000019,3,400,6,30,3,4,3,400,0,0,1,9,1,0,0,1,1,E01000928,08-01-2018,1,1,1,1,25,5,2,0,0,0,0,-1,9,1
2640,93.61230997,27.10188552,1,3,2,1,2,10:10,3,E09000019,6,0,6,30,0,-1,-1,0,0,0,1,1,1,0,0,1,1,E01002765,24-01-2018,1,2,2,1,26,6,3,0,0,1,0,-1,9,1
2641,93.63045264,27.08981099,1,3,2,1,7,16:28,2,E09000007,5,0,6,30,6,4,5,0,0,0,4,1,1,0,0,1,1,E01000927,22-01-2018,1,1,1,2,25,5,3,0,0,0,0,-1,1,1
2642,93.61959278,27.08886431,1,3,2,2,3,18:21,2,E09000007,3,5201,6,30,3,2,6,0,0,5,4,1,1,0,0,1,1,E01000916,25-01-2018,1,1,3,1,31,6,3,4,1,0,0,-1,0,-1
2643,93.63144714,27.08802039,1,3,2,2,7,11:55,3,E09000019,6,0,6,30,6,4,6,0,0,0,1,1,1,0,0,1,1,E01002789,22-01-2018,1,1,3,2,22,5,3,5,4,0,0,-1,0,1
2644,93.62403153,27.09456843,1,3,2,1,1,11:27,2,E09000007,5,0,6,30,6,4,5,0,0,0,1,1,1,0,0,1,1,E01000899,23-01-2018,2,1,1,1,30,6,3,0,0,0,0,-1,5,1
2645,93.6224463,27.10190752,1,3,3,1,7,03:30,2,E09000007,3,503,6,30,6,2,3,5200,0,5,4,1,1,0,0,1,1,E01000869,22-01-2018,2,1,1,1,-1,-1,3,0,0,0,0,-1,2,-1
2646,93.62993654,27.09738804,1,3,2,1,3,21:53,2,E09000007,6,0,6,30,0,-1,-1,0,0,0,4,2,2,0,0,1,3,E01000845,25-01-2018,1,1,1,2,30,6,3,0,0,0,0,-1,5,1
2647,93.62275021,27.09166759,1,3,1,1,2,18:10,2,E09000007,3,40,6,30,6,2,3,40,0,5,4,1,1,0,0,1,3,E01000919,24-01-2018,1,1,1,1,24,5,3,0,0,0,0,-1,9,-1
2648,93.63416882,27.10235756,1,3,2,1,2,17:40,3,E09000019,3,1,6,30,0,-1,-1,0,0,0,5,1,1,0,0,1,3,E01002795,24-01-2018,1,1,3,2,57,9,3,4,3,0,0,-1,0,-1
2649,93.62415542,27.09118827,1,3,1,1,5,22:50,3,E09000019,6,0,6,30,0,-1,-1,0,0,0,4,1,1,0,0,1,1,E01002717,27-01-2018,1,2,2,2,-1,-1,3,0,0,0,4,-1,11,-1
2650,93.62524232,27.10231176,1,3,1,1,4,19:50,2,E09000007,3,400,6,30,7,2,3,40,0,5,4,2,2,0,0,1,1,E01004763,26-01-2018,2,1,1,1,34,6,3,0,0,0,0,-1,1,1
2651,93.61748859,27.08924347,1,3,1,1,4,12:24,3,E09000019,6,0,6,30,0,-1,-1,0,0,0,1,1,1,0,0,1,1,E01002770,26-01-2018,1,1,3,1,35,6,3,4,4,0,0,-1,0,1
2652,93.63283369,27.09883006,1,3,1,1,4,15:15,2,E09000007,4,518,6,30,3,4,6,0,0,1,1,1,1,0,0,1,1,E01000886,26-01-2018,1,1,3,2,56,9,3,10,9,0,0,-1,0,-1
2653,93.62135664,27.09900003,1,3,1,1,5,12:02,2,E09000007,5,0,6,30,3,4,3,4200,0,0,1,1,1,0,0,1,1,E01000945,27-01-2018,1,1,3,1,42,7,2,1,1,0,0,-1,0,-1
2654,93.61629365,27.10356184,1,3,2,1,3,08:30,2,E09000007,4,509,6,30,6,2,6,0,0,5,1,1,2,0,0,1,1,E01000963,25-01-2018,2,1,1,1,11,3,3,0,0,0,0,-1,1,1
2655,93.62875914,27.09113615,1,3,2,1,3,07:45,3,E09000019,3,1,6,30,3,4,6,0,0,4,4,2,2,0,0,1,1,E01002772,25-01-2018,1,1,3,1,16,4,2,4,1,0,0,-1,0,1
2656,93.61936185,27.10034918,1,3,2,1,3,08:45,2,E09000007,5,0,6,30,3,4,6,0,0,0,1,1,1,0,0,1,1,E01000912,25-01-2018,1,1,3,1,26,6,3,1,1,0,0,-1,0,1
2657,93.62714442,27.0888477,1,3,2,2,4,09:09,3,E09000019,3,104,6,30,3,4,6,0,0,0,1,1,1,0,0,1,1,E01002722,26-01-2018,1,1,2,2,85,11,3,0,0,0,1,-1,11,-1
2658,93.61961511,27.09659019,1,3,2,1,3,11:20,2,E09000007,3,401,6,30,3,4,6,0,0,0,1,1,1,0,0,1,1,E01000914,25-01-2018,1,1,3,2,47,8,3,1,1,0,0,-1,0,1
2659,93.61579943,27.09630889,1,3,3,1,2,22:30,2,E09000007,3,400,2,30,3,2,3,4201,0,5,4,1,1,0,0,1,1,E01000863,24-01-2018,1,1,3,1,80,11,3,5,1,0,0,-1,0,-1
2660,93.61623642,27.09442348,1,3,2,1,7,06:30,3,E09000019,5,0,6,30,6,2,3,501,0,5,4,1,1,0,0,1,3,E01002695,29-01-2018,2,1,1,1,31,6,3,0,0,0,0,-1,4,-1
2661,93.6086323,27.10348382,1,3,2,1,7,11:45,2,E09000007,3,502,6,30,6,2,4,518,0,5,1,1,1,0,0,1,3,E01000898,29-01-2018,1,1,3,1,52,8,3,4,3,0,0,-1,0,1
2662,93.62826458,27.10250215,1,3,2,1,6,11:01,2,E09000007,6,0,6,30,0,-1,-1,0,0,0,1,2,2,0,0,1,3,E01000897,28-01-2018,1,1,3,1,51,8,3,5,4,0,0,-1,0,1
2663,93.61271168,27.10026805,1,3,2,1,3,10:15,2,E09000007,3,400,2,30,3,4,5,0,0,0,1,1,1,0,0,1,3,E01000854,25-01-2018,1,1,3,2,70,10,2,1,1,0,0,-1,0,1
2664,93.61521757,27.09476142,1,3,2,1,4,23:05,2,E09000007,3,501,6,30,0,-1,-1,0,0,0,4,1,1,0,0,1,3,E01000942,26-01-2018,1,1,3,1,3,1,3,6,9,0,0,-1,0,1
2665,93.62366879,27.0970161,1,3,1,1,7,02:44,2,E09000007,5,0,6,30,0,-1,-1,0,0,0,4,1,2,0,0,1,1,E01000913,29-01-2018,1,1,3,1,45,7,2,1,1,0,0,-1,0,1
2666,93.6192596,27.09923134,1,3,1,1,1,05:16,3,E09000019,3,501,6,30,0,-1,-1,0,0,0,4,1,1,0,0,1,1,E01002701,30-01-2018,2,1,1,2,30,6,3,0,0,0,0,-1,2,1
2667,93.61617125,27.09815116,1,3,2,1,2,07:08,3,E09000019,3,1,6,30,3,4,6,0,0,0,4,1,1,0,0,1,1,E01002785,31-01-2018,1,1,3,2,67,10,2,1,1,0,0,-1,0,-1
2668,93.61408503,27.09260763,1,3,1,1,5,08:25,2,E09000007,3,503,6,30,0,-1,-1,0,0,4,1,1,2,0,0,1,1,E01000865,27-01-2018,1,1,3,1,13,3,3,5,3,0,0,-1,0,-1
2669,93.63045748,27.08991625,1,3,2,1,6,01:37,4,E09000012,3,5201,6,30,3,2,5,0,0,5,4,2,2,0,0,1,1,E01001771,21-01-2018,1,1,3,1,41,7,3,4,3,0,0,-1,0,1
2670,93.62702086,27.10535428,1,3,2,1,7,20:35,2,E09000007,5,0,6,30,7,2,3,5202,0,5,4,2,2,0,0,1,1,E01000953,29-01-2018,1,1,1,1,30,6,2,0,0,0,0,-1,11,-1
2671,93.63070602,27.09336908,1,3,2,1,5,20:05,2,E09000007,3,400,6,30,3,2,5,0,0,5,4,2,2,0,0,1,1,E01000927,27-01-2018,1,2,2,1,21,5,3,0,0,0,4,-1,11,-1
2672,93.63263488,27.09912259,1,3,2,1,5,02:37,2,E09000007,3,400,6,30,3,4,3,400,0,0,4,2,2,0,0,1,1,E01000854,27-01-2018,1,1,1,1,38,7,3,0,0,0,0,-1,9,1
2673,93.61274538,27.10175045,1,3,2,1,2,10:30,3,E09000019,5,0,6,30,6,2,5,0,0,5,1,1,1,0,0,1,1,E01002694,31-01-2018,1,1,1,1,25,5,3,0,0,0,0,-1,9,1
2674,93.61434735,27.10232078,1,3,2,1,6,17:01,2,E09000007,3,4201,3,30,6,2,5,0,0,5,1,2,2,0,0,1,1,E01000862,28-01-2018,1,1,3,1,52,8,2,1,9,0,0,-1,0,-1
2675,93.62762339,27.08964765,1,3,2,1,7,22:14,2,E09000007,3,400,2,30,7,2,3,400,0,5,4,1,1,0,0,1,1,E01000947,29-01-2018,1,1,2,2,63,9,2,0,0,0,4,-1,11,1
2676,93.61406094,27.10353465,1,3,2,1,5,09:05,3,E09000019,3,501,6,30,3,4,5,0,0,1,1,8,2,0,0,1,1,E01002707,27-01-2018,1,1,3,2,32,6,3,10,1,0,0,-1,0,1
2677,93.63358832,27.09381825,1,3,2,1,4,11:45,3,E09000019,3,105,2,30,3,4,5,0,0,1,1,1,1,0,0,1,3,E01002782,05-01-2018,1,1,3,1,23,5,3,8,9,0,0,-1,0,-1
2678,93.61936843,27.09546031,1,3,2,1,2,21:35,3,E09000019,3,503,6,30,3,4,6,0,0,0,4,1,1,0,0,1,3,E01002746,31-01-2018,1,1,3,1,49,8,3,3,3,0,0,-1,0,1
2679,93.61143911,27.10064572,1,3,2,1,1,02:10,2,E09000007,3,40,6,30,3,4,5,0,0,0,4,1,1,0,0,1,1,E01000914,30-01-2018,1,1,1,1,39,7,3,0,0,0,0,-1,8,1
2680,93.61868065,27.09995511,1,3,2,1,2,15:00,2,E09000007,3,501,6,30,6,2,3,4200,0,5,1,1,1,0,0,1,3,E01000945,31-01-2018,1,2,2,1,38,7,3,0,0,2,0,-1,8,-1
2681,93.61430898,27.09240777,1,2,2,1,3,12:50,3,E09000019,3,1199,6,30,0,-1,-1,0,0,0,1,1,1,0,0,1,1,E01002717,18-01-2018,1,1,1,1,40,7,3,0,0,0,0,-1,1,1
2682,93.62259534,27.1022874,48,3,2,1,5,18:45,570,E09000001,3,40,6,30,0,-1,-1,0,0,0,4,2,2,0,0,1,2,E01000914,27-01-2018,1,1,3,2,44,7,3,1,1,0,0,-1,0,1
2683,93.62972201,27.08795767,1,3,1,1,6,00:45,2,E09000007,3,4200,6,30,0,-1,-1,0,0,4,4,1,2,0,0,1,1,E01000945,14-01-2018,2,1,1,2,34,6,3,0,0,0,0,-1,1,1
2684,93.63369596,27.10232089,1,2,1,1,1,00:22,3,E09000019,3,1,6,30,6,4,6,0,0,4,4,1,1,0,0,1,1,E01002785,23-01-2018,1,1,3,2,32,6,3,5,3,0,0,-1,0,1
2685,93.63012634,27.09672227,1,3,2,1,4,21:37,3,E09000019,3,501,6,30,3,2,3,501,0,5,4,1,1,0,0,1,1,E01002728,19-01-2018,1,1,3,1,58,9,3,10,9,0,0,-1,0,2
2686,93.62194586,27.09701337,1,3,2,1,6,02:35,2,E09000007,3,40,2,30,3,2,3,40,0,0,4,1,1,0,0,1,1,E01000914,25-02-2018,1,1,1,1,46,8,3,0,0,0,0,-1,4,1
2687,93.60932163,27.10190311,1,3,1,1,3,21:42,2,E09000007,3,5200,6,30,0,-1,-1,0,0,0,4,1,1,0,0,1,1,E01000914,18-01-2018,1,1,2,2,91,11,3,0,0,0,2,-1,11,1
2688,93.61616284,27.10090631,1,3,2,1,6,17:36,2,E09000007,6,0,6,30,0,-1,-1,0,0,0,4,1,1,0,0,1,1,E01000946,04-02-2018,1,1,3,1,40,7,2,4,1,0,0,-1,0,-1
2689,93.61505097,27.09124972,1,3,2,1,3,15:35,2,E09000007,3,5200,6,30,3,4,6,0,0,1,1,1,2,0,0,1,3,E01000869,01-02-2018,1,1,3,1,49,8,3,6,9,0,0,-1,0,1
2690,93.61762231,27.1058614,1,3,2,1,3,09:15,2,E09000007,5,0,6,30,6,4,6,0,0,0,1,1,2,0,0,1,1,E01000899,01-02-2018,1,1,3,2,37,7,3,5,1,0,0,-1,0,1
2691,93.62773975,27.08883546,1,3,3,1,7,15:30,2,E09000007,5,0,6,30,3,4,6,0,0,0,1,1,1,0,0,1,1,E01000925,05-02-2018,1,1,3,1,18,4,3,1,1,0,0,-1,0,1
2692,93.60983111,27.09785879,1,3,1,1,3,16:40,3,E09000019,3,1200,6,30,9,2,3,104,0,0,1,1,2,0,0,1,1,E01002797,01-02-2018,1,1,3,1,42,7,3,4,3,0,0,-1,0,1
2693,93.6272179,27.09737985,1,3,2,1,2,19:45,2,E09000007,3,503,6,30,6,2,3,400,0,5,4,1,1,0,0,1,1,E01000856,07-02-2018,1,1,1,1,33,6,2,0,0,0,0,-1,1,1