Accident_Index,longitude,latitude,Police_Force,Accident_Severity,Number_of_Vehicles,Number_of_Casualties,Day_of_Week,Time,Local_Authority_(District),Local_Authority_(Highway),1st_Road_Class,1st_Road_Number,Road_Type,Speed_limit,Junction_Detail,Junction_Control,2nd_Road_Class,2nd_Road_Number,Pedestrian_Crossing-Human_Control,Pedestrian_Crossing-Physical_Facilities,Light_Conditions,Weather_Conditions,Road_Surface_Conditions,Special_Conditions_at_Site,Carriageway_Hazards,Urban_or_Rural_Area,Did_Police_Officer_Attend_Scene_of_Accident,LSOA_of_Accident_Location,Date,Vehicle_Reference,Casualty_Reference,Casualty_Class,Sex_of_Casualty,Age_of_Casualty,Age_Band_of_Casualty,Casualty_Severity,Pedestrian_Location,Pedestrian_Movement,Car_Passenger,Bus_or_Coach_Passenger,Pedestrian_Road_Maintenance_Worker,Casualty_Type,Casualty_Home_Area_Type
2816,93.62566534,27.08966229,1,3,1,1,2,18:05,3,E09000019,6,0,6,30,0,-1,-1,0,0,0,4,1,1,0,0,1,1,E01002735,21-03-2018,1,1,3,1,19,4,3,10,9,0,0,-1,0,-1
2817,93.61527163,27.10536195,1,3,2,1,1,18:28,3,E09000019,3,1200,6,30,0,-1,-1,0,0,1,4,1,1,0,0,1,1,E01002798,27-02-2018,1,1,2,2,29,6,3,0,0,0,1,-1,11,-1
2818,93.62970974,27.09563381,1,3,1,1,3,17:46,3,E09000019,6,0,6,30,3,4,3,5201,0,0,1,1,1,0,0,1,1,E01002704,22-03-2018,2,1,1,2,20,4,3,0,0,0,0,-1,1,-1
2819,93.61710347,27.09478463,1,3,1,1,2,15:03,3,E09000019,3,1,6,30,0,-1,-1,0,0,0,1,1,1,0,0,1,1,E01002795,28-02-2018,1,1,1,1,41,7,3,0,0,0,0,-1,9,1
2820,93.62906603,27.10067575,1,3,2,1,4,14:05,3,E09000019,3,503,2,30,6,4,3,5203,0,5,1,8,2,0,0,1,1,E01002764,30-03-2018,1,1,3,1,45,7,3,10,9,0,0,-1,0,-1
2821,93.62072965,27.10139804,1,3,2,1,3,22:16,2,E09000007,3,400,2,30,6,2,3,400,0,5,4,2,2,0,0,1,1,E01000854,29-03-2018,2,1,1,1,36,7,3,0,0,0,0,-1,1,1
2822,93.62042383,27.10234172,1,3,2,1,4,15:53,3,E09000019,3,1,6,30,3,4,6,0,0,0,1,1,1,0,0,1,1,E01002785,23-03-2018,1,1,3,2,57,9,2,10,9,0,0,-1,0,1
2823,93.61699024,27.0890116,1,3,1,1,6,14:28,3,E09000019,3,104,6,30,0,-1,-1,0,0,0,1,1,1,0,0,1,1,E01002720,11-03-2018,1,1,3,1,34,6,2,10,9,0,0,-1,0,-1
2824,93.62602868,27.10238881,1,3,1,1,4,16:50,3,E09000019,3,5203,6,30,3,4,6,0,0,1,1,1,1,0,0,1,1,E01002714,23-03-2018,1,1,1,2,37,7,3,0,0,0,0,-1,9,1
2825,93.62273866,27.09918649,1,3,2,1,4,10:58,3,E09000019,3,1200,6,30,3,4,6,0,0,0,1,1,1,0,0,1,1,E01002798,09-03-2018,2,1,1,1,42,7,3,0,0,0,0,-1,4,1
2826,93.6194988,27.09525434,1,3,1,1,3,23:30,3,E09000019,3,104,6,30,3,4,6,0,0,4,4,1,1,0,0,1,1,E01002797,01-03-2018,1,1,1,1,40,7,3,0,0,0,0,-1,9,1
2827,93.61902738,27.09717138,1,3,1,2,5,17:55,3,E09000019,3,5203,6,30,3,4,6,0,0,0,1,1,1,0,0,1,1,E01002713,17-03-2018,1,1,3,1,-1,-1,3,2,3,0,0,-1,0,1
2828,93.62302077,27.10318971,1,3,2,1,6,14:45,3,E09000019,3,503,2,30,6,2,3,103,0,5,1,1,2,4,0,1,1,E01002730,11-03-2018,1,1,1,1,47,8,3,0,0,0,0,-1,9,1
2829,93.61181817,27.09654605,1,3,1,1,5,18:30,3,E09000019,3,1201,6,30,3,4,6,0,0,0,4,2,2,0,0,1,1,E01002740,03-03-2018,1,1,3,1,24,5,3,1,3,0,0,-1,0,-1
2830,93.63097086,27.10461688,1,3,2,1,2,09:15,3,E09000019,3,5203,6,30,3,4,6,0,0,0,1,1,1,0,0,1,1,E01002762,07-03-2018,2,1,1,2,23,5,3,0,0,0,0,-1,1,-1
2831,93.63133517,27.09354038,1,3,2,1,4,17:20,3,E09000019,3,104,6,30,3,4,6,0,0,1,1,2,2,0,0,1,1,E01002720,16-03-2018,2,1,1,2,24,5,3,0,0,0,0,-1,1,-1
2832,93.63387745,27.08945504,1,3,1,1,5,01:14,2,E09000007,3,40,6,30,6,2,3,400,0,5,4,1,1,0,0,1,1,E01000919,31-03-2018,1,1,2,2,31,6,3,0,0,0,1,-1,11,-1
2833,93.63060091,27.09515911,1,2,1,1,3,09:59,3,E09000019,3,104,6,30,3,4,6,0,0,0,1,1,1,0,0,1,1,E01002801,08-03-2018,1,1,2,1,30,6,3,0,0,1,0,-1,9,1
2834,93.61020615,27.09282901,1,3,2,1,4,09:07,3,E09000019,3,103,6,30,3,4,6,0,0,1,1,1,1,0,0,1,1,E01002758,06-04-2018,1,1,3,1,93,11,3,8,5,0,0,-1,0,-1
2835,93.60995612,27.10233755,1,3,1,1,4,12:52,2,E09000007,3,40,2,30,3,2,6,0,0,5,1,1,1,0,0,1,1,E01000918,30-03-2018,1,1,1,1,26,6,3,0,0,0,0,-1,1,1
2836,93.6329129,27.10206203,1,3,1,1,5,16:50,3,E09000019,6,0,6,30,3,4,3,501,0,0,1,1,1,0,0,1,1,E01002702,31-03-2018,2,1,1,1,34,6,3,0,0,0,0,-1,1,-1
2837,93.62804018,27.09319948,1,3,1,1,5,19:35,3,E09000019,3,1,6,30,0,-1,-1,0,0,0,4,1,1,0,0,1,1,E01002774,31-03-2018,1,1,1,1,39,7,3,0,0,0,0,-1,1,-1
2838,93.62721566,27.08890612,1,3,2,1,5,19:21,3,E09000019,3,1,6,30,3,4,6,0,0,0,1,1,1,0,0,1,1,E01002761,31-03-2018,2,1,1,1,-1,-1,3,0,0,0,0,-1,5,-1
2839,93.62237693,27.09411552,1,2,1,1,6,15:50,2,E09000007,3,502,2,30,0,-1,-1,0,0,0,1,1,1,0,0,1,1,E01000863,01-04-2018,1,1,3,1,11,3,2,1,1,0,0,-1,0,-1
2840,93.63009608,27.10389504,1,3,2,2,4,17:41,2,E09000007,6,0,6,30,0,-1,-1,0,0,0,1,1,1,0,0,1,1,E01000877,13-04-2018,1,1,3,1,26,6,2,5,1,0,0,-1,0,3
2841,93.62027739,27.10366171,1,3,1,1,1,04:00,3,E09000019,3,1,6,30,3,2,3,104,0,5,4,1,1,0,0,1,1,E01002794,03-04-2018,1,1,1,1,24,5,3,0,0,0,0,-1,1,1
2842,93.61082791,27.09215012,1,3,2,1,2,14:20,2,E09000007,3,41,3,30,3,2,6,0,0,5,1,1,1,0,0,1,1,E01000960,04-04-2018,1,1,1,1,30,6,3,0,0,0,0,-1,3,1
2843,93.61312545,27.09191547,1,3,2,1,7,09:13,2,E09000007,3,400,6,30,6,2,5,0,0,0,1,1,1,0,0,1,1,E01000921,09-04-2018,1,1,3,1,84,11,3,4,1,0,0,-1,0,1
2844,93.62597969,27.09872609,1,3,2,1,4,15:39,2,E09000007,4,511,6,30,3,4,6,0,0,0,1,1,1,0,0,1,1,E01000883,30-03-2018,1,1,1,1,41,7,3,0,0,0,0,-1,9,1
2845,93.62090306,27.10379329,1,3,2,1,3,16:35,2,E09000007,3,400,6,30,3,4,3,400,0,0,1,1,2,0,0,1,1,E01000954,29-03-2018,1,1,3,2,23,5,3,9,9,0,0,-1,0,-1
2846,93.61162687,27.10028427,1,3,2,1,7,16:46,4,E09000012,3,105,6,30,6,2,3,105,0,5,1,1,1,0,0,1,1,E01002779,26-03-2018,1,1,1,1,35,6,3,0,0,0,0,-1,9,1
2847,93.62375969,27.10536326,1,3,2,1,3,14:50,3,E09000019,3,104,6,30,0,-1,-1,0,0,1,1,1,1,0,0,1,1,E01002793,29-03-2018,1,1,1,1,54,8,3,0,0,0,0,-1,9,1
2848,93.62875106,27.09902774,1,3,2,1,5,10:00,2,E09000007,3,400,6,30,9,4,6,0,0,0,1,1,1,0,0,1,1,E01000856,24-03-2018,1,1,1,1,53,8,3,0,0,0,0,-1,1,1
2849,93.62892619,27.09409313,1,3,1,1,6,14:55,3,E09000019,5,0,6,30,9,4,6,0,0,0,1,1,1,0,0,1,1,E01002733,25-03-2018,1,1,3,2,28,6,3,1,1,0,0,-1,0,-1
2850,93.62765144,27.09539139,1,3,2,1,4,09:20,3,E09000019,3,503,6,30,3,4,6,0,0,0,1,1,1,0,0,1,1,E01002732,23-03-2018,2,1,1,1,31,6,3,0,0,0,0,-1,1,1
2851,93.61330455,27.09533768,1,3,2,4,4,11:36,2,E09000007,3,501,6,30,0,-1,-1,0,0,0,1,1,1,0,0,1,1,E01000852,16-03-2018,2,1,1,2,28,6,3,0,0,0,0,-1,9,1
2852,93.62106159,27.09676452,1,3,1,1,6,01:25,2,E09000007,3,4200,6,30,3,4,3,400,0,0,4,1,1,0,0,1,1,E01000947,08-04-2018,1,1,1,2,42,7,3,0,0,0,0,-1,19,1
2853,93.60837256,27.10575222,1,3,2,1,6,08:45,2,E09000007,3,5200,6,30,6,2,4,502,0,5,1,1,1,0,0,1,1,E01000920,15-04-2018,1,1,1,1,34,6,3,0,0,0,0,-1,3,1
2854,93.62976587,27.09075725,1,3,1,1,5,15:47,2,E09000007,3,4200,2,30,3,2,3,502,0,5,1,2,2,0,0,1,1,E01000947,07-04-2018,1,1,3,1,25,5,3,9,8,0,0,-1,0,1
2855,93.60955588,27.09384934,1,3,2,1,1,18:47,2,E09000007,6,0,6,30,6,4,6,0,0,0,1,1,1,0,0,1,1,E01000967,10-04-2018,1,1,3,2,62,9,3,5,1,0,0,-1,0,1
2856,93.61364924,27.10523234,1,3,1,1,1,22:12,2,E09000007,3,400,2,30,9,2,4,506,0,5,4,1,1,0,0,1,1,E01000850,10-04-2018,2,1,1,1,16,4,3,0,0,0,0,-1,2,-1
2857,93.61937408,27.10520516,1,2,2,1,7,13:40,2,E09000007,3,400,6,30,6,2,3,400,0,0,1,1,1,0,0,1,1,E01000946,09-04-2018,2,1,2,1,19,4,3,0,0,0,0,-1,19,1
2858,93.6123392,27.10434136,1,3,2,1,3,08:45,3,E09000019,3,104,6,30,6,4,6,0,0,0,1,1,1,0,0,1,1,E01002793,29-03-2018,1,1,1,1,31,6,3,0,0,0,0,-1,3,1
2859,93.62686095,27.09884341,1,3,2,1,3,16:00,3,E09000019,3,5201,6,30,3,4,6,0,0,4,1,1,1,0,0,1,1,E01002704,05-04-2018,1,1,1,1,38,7,3,0,0,0,0,-1,9,1
2860,93.62905835,27.09744639,1,3,2,1,4,14:35,2,E09000007,3,400,6,30,3,2,4,506,0,5,1,2,2,0,0,1,1,E01000850,06-04-2018,1,1,3,2,23,5,3,6,9,0,0,-1,0,-1
2861,93.62654856,27.10307119,1,3,2,1,4,21:40,2,E09000007,3,503,6,30,3,4,3,5202,0,0,4,1,1,0,0,1,1,E01000867,06-04-2018,1,2,3,1,23,5,3,6,9,0,0,-1,0,1
2862,93.6085233,27.10222606,1,3,2,1,5,21:01,2,E09000007,3,400,3,30,3,4,6,0,0,0,4,8,2,0,0,1,1,E01000863,07-04-2018,1,1,1,1,51,8,3,0,0,0,0,-1,1,1
2863,93.62046444,27.08837007,1,2,2,1,4,18:40,2,E09000007,4,511,6,30,6,4,6,0,0,1,1,1,1,0,0,1,1,E01000881,13-04-2018,1,1,3,2,63,9,3,5,1,0,0,-1,0,-1
2864,93.62886809,27.09962583,1,3,2,1,3,09:15,3,E09000019,5,0,6,30,3,4,5,0,0,0,1,1,1,0,0,1,2,E01002724,01-03-2018,1,1,3,1,24,5,3,5,3,0,0,-1,0,1
2865,93.62411339,27.09967757,1,3,2,2,5,18:30,2,E09000007,3,41,6,30,0,-1,-1,0,0,0,4,1,1,0,0,1,1,E01000877,24-03-2018,1,1,2,2,18,4,3,0,0,1,0,-1,9,1
2866,93.62033481,27.10118663,1,3,1,1,3,14:20,3,E09000019,3,5201,6,30,3,4,6,0,0,8,1,1,2,0,0,1,1,E01002705,19-04-2018,1,1,1,2,57,9,3,0,0,0,0,-1,9,1
2867,93.62021117,27.10657833,1,3,1,1,4,09:00,2,E09000007,3,41,2,30,0,-1,-1,0,0,0,1,1,1,0,0,1,3,E01000963,09-03-2018,1,1,2,2,39,7,3,0,0,2,0,-1,8,1
2868,93.61822281,27.09426787,1,2,1,1,3,22:30,2,E09000007,3,400,6,30,3,4,6,0,0,0,4,1,1,0,0,1,1,E01000921,05-04-2018,1,2,2,2,37,7,3,0,0,2,0,-1,8,1
2869,93.6198434,27.09350911,1,3,1,1,1,21:30,3,E09000019,3,501,7,30,3,2,3,501,0,5,1,1,1,0,0,1,1,E01002728,24-04-2018,1,1,3,1,27,6,3,5,1,0,0,-1,0,1
2870,93.61123675,27.0908406,1,3,2,1,4,10:30,3,E09000019,3,503,7,30,3,4,6,0,0,4,1,1,2,0,0,1,1,E01002731,13-04-2018,1,1,3,1,27,6,3,10,9,0,0,-1,0,1
2871,93.62225623,27.09234338,1,3,2,1,3,17:00,2,E09000007,5,0,6,30,0,-1,-1,0,0,0,1,1,1,0,0,1,1,E01000865,08-03-2018,2,1,1,1,-1,-1,3,0,0,0,0,-1,1,1
2872,93.62182503,27.08911455,1,3,2,1,3,17:43,3,E09000019,3,5203,6,30,3,4,5,0,0,1,1,1,1,0,0,1,1,E01002712,15-03-2018,1,1,1,1,27,6,3,0,0,0,0,-1,3,1
2873,93.62429125,27.10448109,1,3,2,1,4,09:35,3,E09000019,5,0,1,30,1,4,5,0,0,1,1,1,1,4,0,1,1,E01002776,06-04-2018,2,1,1,1,63,9,3,0,0,0,0,-1,1,-1
2874,93.62918696,27.09193999,1,3,2,1,3,09:10,3,E09000019,3,503,2,30,0,-1,-1,0,0,4,1,1,1,0,0,1,2,E01002746,05-04-2018,1,1,1,1,37,7,3,0,0,0,0,-1,3,1
2875,93.62479942,27.09001976,1,3,2,1,6,17:03,3,E09000019,3,1,6,30,0,-1,-1,0,0,0,1,1,1,0,0,1,1,E01002794,18-03-2018,1,1,3,2,42,7,3,5,1,0,0,-1,0,-1
2876,93.61317355,27.0926499,1,2,1,1,6,03:30,3,E09000019,3,1,1,30,1,4,3,1200,0,1,4,1,1,0,0,1,1,E01002791,18-03-2018,1,2,3,1,-1,-1,3,5,1,0,0,-1,0,-1
2877,93.63058175,27.0933751,1,2,2,1,4,18:40,2,E09000007,3,5,6,30,0,-1,-1,0,0,5,1,1,1,0,0,1,1,E01000548,04-05-2018,2,1,1,1,32,6,3,0,0,0,0,-1,5,1
2878,93.6128371,27.10008562,1,3,2,1,6,22:53,3,E09000019,3,103,6,30,6,2,3,503,0,5,4,1,1,0,0,1,1,E01002730,22-04-2018,1,1,1,1,31,6,3,0,0,0,0,-1,3,1
2879,93.6300991,27.09276396,1,3,2,1,6,16:35,3,E09000019,3,103,6,30,6,2,3,503,0,5,1,1,1,0,0,1,3,E01002730,18-03-2018,1,1,1,1,26,6,2,0,0,0,0,-1,5,1
2880,93.61175039,27.10455358,1,3,1,1,1,22:40,4,E09000012,3,105,1,30,1,4,5,0,0,0,4,2,2,0,0,1,1,E01002782,17-04-2018,2,1,2,2,20,4,3,0,0,1,0,-1,9,1
2881,93.61650049,27.09317869,1,3,1,1,3,22:07,2,E09000007,3,400,2,30,6,2,5,0,0,5,4,1,1,0,0,1,1,E01000854,03-05-2018,1,1,2,1,-1,-1,3,0,0,1,0,-1,8,-1
2882,93.63413224,27.10273373,1,3,2,1,3,08:51,3,E09000019,3,201,6,30,3,4,6,0,0,0,1,1,1,0,0,1,1,E01002724,12-04-2018,1,1,3,1,15,3,3,6,9,0,0,-1,0,1
2883,93.63249876,27.10476878,1,3,2,1,5,14:27,2,E09000007,3,40,2,30,6,4,6,0,0,0,1,1,1,0,0,1,1,E01000914,14-04-2018,1,1,2,1,84,11,3,0,0,0,1,-1,11,-1
2884,93.61485283,27.08996976,1,3,2,1,6,09:33,3,E09000019,3,5203,6,30,0,-1,-1,0,0,0,1,2,2,0,0,1,1,E01002715,08-04-2018,1,1,1,1,47,8,3,0,0,0,0,-1,5,1
2885,93.62252519,27.09789723,1,3,2,1,1,17:26,3,E09000019,3,1,6,30,3,4,6,0,0,4,1,1,1,0,0,1,1,E01002795,03-04-2018,1,1,2,2,48,8,3,0,0,0,4,-1,11,-1
2886,93.61871311,27.09619992,1,3,3,1,2,15:55,3,E09000019,3,5201,6,30,6,2,4,144,0,5,1,1,1,0,0,1,1,E01002706,11-04-2018,1,1,1,2,48,8,3,0,0,0,0,-1,1,-1
2887,93.61154722,27.10028316,1,3,1,1,3,11:40,3,E09000019,4,515,6,30,6,4,5,0,0,1,1,1,1,0,0,1,2,E01002792,03-05-2018,2,1,1,1,-1,-1,3,0,0,0,0,-1,1,1
2888,93.63276328,27.09100688,1,3,2,1,5,18:00,3,E09000019,3,1,1,30,1,2,3,1,0,5,1,1,1,0,0,1,1,E01002770,14-04-2018,1,1,1,1,41,7,3,0,0,0,0,-1,5,1
2889,93.6144426,27.09302718,1,3,2,1,5,11:02,2,E09000007,5,0,6,30,3,4,6,0,0,0,1,1,1,0,0,1,1,E01000971,28-04-2018,1,1,2,1,26,6,3,0,0,2,0,-1,8,1
2890,93.63125446,27.10609126,1,3,2,1,4,18:28,3,E09000019,3,1201,6,30,3,4,6,0,0,0,1,1,1,0,0,1,1,E01002747,06-04-2018,1,1,1,1,27,6,3,0,0,0,0,-1,5,3
2891,93.62099272,27.09031099,1,3,2,1,3,09:16,3,E09000019,3,104,6,30,3,4,6,0,0,1,1,1,1,0,0,1,1,E01002720,05-04-2018,3,1,1,1,32,6,3,0,0,0,0,-1,19,1
2892,93.6303511,27.10112555,1,3,2,1,7,07:15,2,E09000007,3,400,2,30,6,2,4,512,0,5,1,1,1,0,0,1,1,E01000952,12-03-2018,3,2,2,1,34,6,3,0,0,0,0,-1,19,1
2893,93.62493101,27.08848668,1,3,1,1,7,17:08,2,E09000007,3,502,6,30,3,4,3,502,0,1,1,1,1,0,0,1,1,E01000858,23-04-2018,3,3,2,1,44,7,3,0,0,0,0,-1,19,1
2894,93.62223907,27.09351651,1,3,2,1,3,18:00,2,E09000007,3,400,2,30,3,2,3,4201,0,0,1,1,1,0,0,1,1,E01000863,26-04-2018,1,1,1,1,26,6,2,0,0,0,0,-1,1,1
2895,93.6189936,27.1024204,1,3,1,1,7,13:00,2,E09000007,4,511,6,30,0,-1,-1,0,0,0,1,1,1,0,0,1,1,E01000881,14-05-2018,1,1,1,2,20,4,3,0,0,0,0,-1,9,1
2896,93.63059268,27.09962987,1,3,2,1,3,14:30,2,E09000007,3,400,6,30,3,2,6,0,0,0,1,1,1,0,0,1,3,E01000856,22-03-2018,1,1,3,1,11,3,3,5,2,0,0,-1,0,1
2897,93.62043247,27.08985787,1,3,1,1,3,11:25,3,E09000019,3,104,6,30,0,-1,-1,0,0,0,1,1,1,0,0,1,2,E01002801,22-03-2018,1,1,3,1,57,9,3,5,1,0,0,-1,0,1
2898,93.62057054,27.09696982,1,3,2,1,6,15:55,2,E09000007,3,4200,6,30,6,2,4,402,0,5,1,1,1,0,0,1,1,E01000918,06-05-2018,1,1,2,2,58,9,3,0,0,0,4,-1,11,-1
2899,93.62784572,27.09345234,1,3,1,1,7,03:36,3,E09000019,3,1,6,30,0,-1,-1,0,0,0,4,1,1,0,0,1,1,E01002785,30-04-2018,1,1,3,2,28,6,3,1,2,0,0,-1,0,1
2900,93.61246869,27.09969344,1,3,1,1,4,17:41,3,E09000019,3,503,3,30,6,2,3,5200,0,5,1,1,1,0,0,1,1,E01000926,27-04-2018,1,1,3,1,54,8,3,9,8,0,0,-1,0,-1
2901,93.61705573,27.10422142,1,3,1,1,4,18:28,2,E09000007,3,4200,6,30,6,4,3,401,0,4,1,1,1,0,0,1,1,E01000914,27-04-2018,1,1,2,1,56,9,3,0,0,2,0,-1,8,1
2902,93.61285222,27.09631314,1,3,1,1,6,23:26,3,E09000019,3,1201,6,30,0,-1,-1,0,0,0,4,1,1,0,0,1,1,E01002791,29-04-2018,1,1,1,1,33,6,3,0,0,0,0,-1,9,1
2903,93.61491225,27.0997355,1,3,2,1,3,10:48,3,E09000019,3,1,6,30,0,-1,-1,0,0,4,1,1,2,0,0,1,1,E01002761,19-04-2018,2,1,1,1,22,5,2,0,0,0,0,-1,5,1
2904,93.61932011,27.10533006,1,3,1,1,4,10:20,3,E09000019,3,104,6,30,3,4,6,0,0,0,1,1,1,0,0,1,1,E01002720,09-03-2018,1,1,2,1,81,11,3,0,0,0,4,-1,11,1
2905,93.62404821,27.10076649,1,3,2,1,5,08:43,2,E09000007,3,4200,6,30,3,4,6,0,0,0,1,1,1,0,0,1,1,E01000945,21-04-2018,1,2,2,2,78,11,3,0,0,0,4,-1,11,-1
2906,93.60920159,27.09210814,1,3,2,1,3,17:47,2,E09000007,3,400,6,30,3,2,3,400,0,0,1,1,1,0,0,1,1,E01000947,15-03-2018,1,1,1,1,51,8,3,0,0,0,0,-1,1,1
2907,93.61689243,27.10458573,1,3,1,1,6,15:20,3,E09000019,3,503,2,30,0,-1,-1,0,0,0,1,1,1,0,0,1,1,E01002730,06-05-2018,1,1,1,2,39,7,3,0,0,0,0,-1,4,1
2908,93.61678308,27.10325804,1,3,2,1,6,08:30,2,E09000007,3,4200,2,30,3,2,3,4200,0,5,1,1,1,0,0,1,1,E01000855,11-03-2018,2,1,1,1,52,8,2,0,0,0,0,-1,1,1
2909,93.61729728,27.09516333,1,3,2,1,5,19:19,3,E09000019,3,104,6,30,6,2,3,104,0,5,1,1,1,0,0,1,1,E01002716,14-04-2018,1,1,3,1,66,10,3,1,1,0,0,-1,0,1
2910,93.62481449,27.10540858,1,3,1,1,7,01:50,2,E09000007,3,400,2,30,6,4,6,0,0,0,4,1,1,0,0,1,1,E01000851,19-03-2018,2,1,1,1,15,3,3,0,0,0,0,-1,1,1
2911,93.62701294,27.08926105,1,3,2,1,4,22:45,2,E09000007,3,4200,6,30,3,4,6,0,0,5,4,1,1,0,0,1,2,E01000914,06-04-2018,1,1,2,2,16,4,3,0,0,2,0,-1,9,-1
2912,93.62010257,27.10103334,1,3,2,1,3,08:45,2,E09000007,3,503,6,30,8,4,6,0,0,0,1,1,1,0,0,1,2,E01000870,05-04-2018,1,2,2,1,24,5,3,0,0,1,0,-1,9,-1
2913,93.62580564,27.09055643,1,3,2,1,2,08:30,2,E09000007,3,400,6,30,6,2,5,0,0,5,1,1,1,0,0,1,2,E01000921,04-04-2018,1,1,1,1,25,5,3,0,0,0,0,-1,9,1
2914,93.63080184,27.09571722,1,3,2,1,4,08:30,3,E09000019,3,1,6,30,0,-1,-1,0,0,5,1,1,1,0,0,1,1,E01002795,09-03-2018,1,1,1,1,35,6,3,0,0,0,0,-1,3,1
2915,93.6316346,27.10212405,1,3,2,1,5,19:25,2,E09000007,3,4201,6,30,5,4,6,0,0,0,4,2,2,0,0,1,2,E01000946,07-04-2018,2,1,2,2,46,8,3,0,0,1,0,-1,9,1
2916,93.61598215,27.1009226,1,3,1,1,5,11:31,2,E09000007,3,501,2,30,0,-1,-1,0,0,5,1,1,1,0,0,1,1,E01000938,14-04-2018,1,1,1,1,28,6,3,0,0,0,0,-1,5,1
2917,93.62509085,27.0911525,1,2,1,2,5,11:06,2,E09000007,3,501,6,30,3,2,3,501,0,5,1,1,1,0,0,1,1,E01000852,14-04-2018,1,1,2,2,22,5,3,0,0,1,0,-1,9,-1
2918,93.60823439,27.10242261,1,3,1,1,2,15:30,31,E09000014,5,0,6,30,6,2,3,1201,0,5,1,1,1,0,0,1,1,E01002805,04-04-2018,1,2,2,1,20,4,3,0,0,2,0,-1,9,-1
2919,93.62649178,27.0966878,1,3,1,1,3,07:40,3,E09000019,3,5201,6,30,6,4,6,0,0,4,1,1,1,0,0,1,1,E01002706,26-04-2018,1,3,2,1,32,6,3,0,0,2,0,-1,9,1
2920,93.63371309,27.1054669,1,3,1,1,4,13:42,2,E09000007,6,0,2,30,0,-1,-1,0,0,0,1,1,1,0,0,1,1,E01000914,13-04-2018,2,1,1,1,48,8,3,0,0,0,0,-1,9,1
2921,93.6339988,27.10192481,1,3,2,1,2,08:00,2,E09000007,6,0,2,30,6,2,6,0,0,5,1,1,1,0,0,1,2,E01000851,11-04-2018,1,1,3,2,32,6,3,5,3,0,0,-1,0,1
2922,93.61657954,27.0996265,1,3,2,1,4,17:20,2,E09000007,3,400,6,30,3,4,6,0,0,0,1,1,1,0,0,1,1,E01000950,11-05-2018,1,1,1,2,41,7,3,0,0,0,0,-1,9,1
2923,93.62772996,27.09078717,1,3,1,1,5,10:15,3,E09000019,3,1,6,30,3,2,5,0,0,5,1,1,1,0,0,1,1,E01002786,31-03-2018,2,2,1,1,-1,-1,3,0,0,0,0,-1,1,-1
2924,93.62275911,27.09472957,1,3,1,1,5,13:05,3,E09000019,3,1201,6,30,0,-1,-1,0,0,1,1,1,1,0,0,1,1,E01002745,21-04-2018,1,1,3,1,49,8,3,6,9,0,0,-1,0,2
2925,93.60935933,27.0986315,1,3,2,1,5,11:15,3,E09000019,3,501,6,30,8,4,6,0,0,0,1,1,1,0,0,1,2,E01002727,14-04-2018,2,1,1,1,32,6,3,0,0,0,0,-1,1,1
2926,93.62753965,27.09500638,1,3,1,1,5,11:15,3,E09000019,5,0,6,30,0,-1,-1,0,0,0,1,2,2,0,0,1,2,E01002694,14-04-2018,2,1,2,2,53,8,3,0,0,0,2,-1,11,-1
2927,93.61475827,27.09651189,1,3,2,1,2,17:39,3,E09000019,3,1,3,30,7,2,4,515,0,5,4,1,1,0,0,1,1,E01002803,21-03-2018,1,1,2,2,67,10,3,0,0,0,3,-1,11,1
2928,93.62239991,27.09339647,1,3,1,1,4,17:20,2,E09000007,5,0,6,30,3,4,5,0,0,5,1,8,2,0,0,1,1,E01000910,27-04-2018,1,1,3,2,27,6,2,10,9,0,0,-1,0,1
2929,93.62397629,27.10433827,1,3,2,1,6,17:37,2,E09000007,6,0,6,30,3,4,6,0,0,0,1,1,1,0,0,1,1,E01000938,01-04-2018,1,1,1,1,32,6,3,0,0,0,0,-1,19,1
2930,93.61667464,27.09613967,1,3,2,1,2,08:44,2,E09000007,3,501,6,30,6,2,3,5203,0,5,1,1,1,0,0,1,1,E01002711,04-04-2018,1,1,1,1,38,7,3,0,0,0,0,-1,2,1
2931,93.62179477,27.10249517,1,3,1,1,4,10:35,2,E09000007,3,503,2,30,6,4,3,503,0,1,1,1,1,0,0,1,1,E01000861,27-04-2018,1,1,1,2,39,7,3,0,0,0,0,-1,9,1
2932,93.62390684,27.10346035,1,3,2,1,2,10:00,2,E09000007,3,400,6,30,3,2,6,0,0,5,1,2,2,0,0,1,1,E01000856,04-04-2018,1,1,1,1,54,8,3,0,0,0,0,-1,2,1
2933,93.6163598,27.10138523,1,3,1,1,6,22:15,2,E09000007,3,501,3,30,0,-1,-1,0,0,0,4,1,1,0,0,1,1,E01000852,29-04-2018,1,1,1,1,67,10,3,0,0,0,0,-1,9,1
2934,93.6136393,27.0974141,1,3,1,2,7,23:43,2,E09000007,3,400,2,30,6,2,3,503,0,5,4,1,1,0,0,1,1,E01000856,07-05-2018,1,1,1,2,48,8,3,0,0,0,0,-1,9,1
2935,93.63155924,27.09042312,1,3,2,1,6,20:00,2,E09000007,3,4201,6,30,3,2,3,4201,0,5,4,1,1,0,0,1,1,E01000948,15-04-2018,1,1,1,1,25,5,3,0,0,0,0,-1,1,-1
2936,93.60868823,27.09119072,1,3,1,1,5,15:27,2,E09000007,3,503,6,30,3,4,6,0,0,0,1,1,1,0,0,1,1,E01000865,05-05-2018,1,1,1,1,20,4,3,0,0,0,0,-1,1,-1
2937,93.61093568,27.10199315,1,3,2,1,2,14:40,2,E09000007,5,0,6,30,3,4,6,0,0,0,1,1,1,0,0,1,1,E01000862,25-04-2018,1,1,3,2,22,5,3,1,1,0,0,-1,0,-1