Accident_Index,longitude,latitude,Police_Force,Accident_Severity,Number_of_Vehicles,Number_of_Casualties,Day_of_Week,Time,Local_Authority_(District),Local_Authority_(Highway),1st_Road_Class,1st_Road_Number,Road_Type,Speed_limit,Junction_Detail,Junction_Control,2nd_Road_Class,2nd_Road_Number,Pedestrian_Crossing-Human_Control,Pedestrian_Crossing-Physical_Facilities,Light_Conditions,Weather_Conditions,Road_Surface_Conditions,Special_Conditions_at_Site,Carriageway_Hazards,Urban_or_Rural_Area,Did_Police_Officer_Attend_Scene_of_Accident,LSOA_of_Accident_Location,Date,Vehicle_Reference,Casualty_Reference,Casualty_Class,Sex_of_Casualty,Age_of_Casualty,Age_Band_of_Casualty,Casualty_Severity,Pedestrian_Location,Pedestrian_Movement,Car_Passenger,Bus_or_Coach_Passenger,Pedestrian_Road_Maintenance_Worker,Casualty_Type,Casualty_Home_Area_Type
2938,93.6327468,27.09365779,1,3,1,1,6,22:26,3,E09000019,3,1201,6,30,0,-1,-1,0,0,0,4,1,1,0,0,1,1,E01002740,29-04-2018,1,1,3,2,36,7,3,1,3,0,0,-1,0,1
2939,93.62660642,27.10602215,1,3,1,1,5,16:34,3,E09000019,3,1,6,30,3,4,6,0,0,0,1,1,1,0,0,1,1,E01002772,28-04-2018,1,1,3,1,84,11,3,4,1,0,0,-1,0,1
2940,93.61592547,27.09260848,1,3,1,1,2,15:40,2,E09000007,3,503,6,30,3,2,3,5202,0,0,1,1,1,0,0,1,1,E01000867,25-04-2018,1,1,3,2,13,3,3,5,4,0,0,-1,0,1
2941,93.62627074,27.09993429,1,3,1,1,1,23:40,2,E09000007,3,503,6,30,0,-1,-1,0,0,0,4,2,2,0,0,1,1,E01000863,17-04-2018,1,1,3,1,9,2,3,5,3,0,0,-1,0,1
2942,93.61447982,27.097401,1,2,1,1,5,20:45,3,E09000019,3,1201,6,30,3,4,3,1201,0,0,4,1,1,0,0,1,1,E01002747,14-04-2018,1,1,1,2,38,7,3,0,0,0,0,-1,2,1
2943,93.61615029,27.10342815,1,2,1,1,2,13:28,3,E09000019,3,503,6,30,3,2,3,503,0,5,1,1,1,0,0,1,1,E01002734,21-03-2018,2,1,1,1,17,4,3,0,0,0,0,-1,2,1
2944,93.61794677,27.09722693,1,3,1,1,1,22:00,3,E09000019,3,1,6,30,3,2,4,515,0,0,4,1,2,0,0,1,1,E01002696,24-04-2018,1,1,1,1,44,7,3,0,0,0,0,-1,8,1
2945,93.61205024,27.09169904,1,3,1,1,5,14:45,2,E09000007,3,502,6,30,3,4,6,0,0,0,1,1,1,0,0,1,1,E01000849,28-04-2018,2,2,2,1,31,6,3,0,0,1,0,-1,9,1
2946,93.622524,27.10267976,1,3,2,1,4,18:45,2,E09000007,6,0,6,30,6,4,6,0,0,0,1,1,1,0,0,1,1,E01000852,20-04-2018,1,1,1,1,62,9,3,0,0,0,0,-1,9,1
2947,93.6094662,27.09324347,1,3,1,1,1,12:22,2,E09000007,4,517,6,30,6,4,6,0,0,0,1,1,1,0,0,1,1,E01000900,17-04-2018,2,2,1,1,59,9,3,0,0,0,0,-1,5,1
2948,93.62459562,27.09268027,1,3,1,1,7,11:23,2,E09000007,4,510,6,30,3,2,4,520,0,5,1,1,1,0,0,1,1,E01000973,30-04-2018,1,1,2,1,39,7,3,0,0,2,0,-1,9,1
2949,93.6270238,27.09899534,1,3,2,1,6,12:10,2,E09000007,3,501,6,30,0,-1,-1,0,0,0,1,1,2,0,0,1,1,E01000852,15-04-2018,3,1,1,1,-1,-1,3,0,0,0,0,-1,9,-1
2950,93.63143962,27.09083385,1,3,2,1,6,12:00,3,E09000019,3,1,6,30,3,4,6,0,0,0,1,1,1,0,0,1,1,E01002785,22-04-2018,1,1,1,1,35,6,3,0,0,0,0,-1,9,1
2951,93.62202993,27.09447085,1,3,1,1,1,17:28,3,E09000019,3,501,6,30,3,4,6,0,0,0,1,1,1,0,0,1,1,E01002711,10-04-2018,1,1,3,1,-1,-1,3,10,9,0,0,-1,0,-1
2952,93.61840307,27.08794408,1,3,2,1,2,07:45,3,E09000019,3,1,6,30,0,-1,-1,0,0,1,1,2,2,0,0,1,1,E01002794,18-04-2018,1,1,1,2,39,7,3,0,0,0,0,-1,1,-1
2953,93.63137654,27.08786627,1,3,1,1,3,19:10,2,E09000007,4,518,6,30,0,-1,-1,0,0,0,1,1,1,0,0,1,1,E01000912,10-05-2018,1,1,3,1,16,4,3,5,3,0,0,-1,0,1
2954,93.62908918,27.10249006,1,3,1,1,6,16:00,2,E09000007,5,0,6,30,3,4,6,0,0,0,1,1,1,0,0,1,1,E01000873,13-05-2018,1,1,3,1,20,4,3,1,1,0,0,-1,0,1
2955,93.62686336,27.09758611,1,3,2,1,5,20:37,3,E09000019,3,1201,6,30,3,4,6,0,0,0,4,1,1,0,0,1,1,E01002740,21-04-2018,1,1,3,1,31,6,3,6,9,0,0,-1,0,1
2956,93.63002939,27.09964949,1,2,1,2,7,00:35,2,E09000007,3,400,2,30,0,-1,-1,0,0,0,4,2,2,0,0,1,1,E01000947,07-05-2018,1,1,3,1,11,3,3,1,1,0,0,-1,0,1
2957,93.61861521,27.08906203,1,3,2,1,3,15:30,3,E09000019,3,501,6,30,0,-1,-1,0,0,0,1,1,1,0,0,1,2,E01002727,26-04-2018,1,1,3,2,45,7,3,5,1,0,0,-1,0,1
2958,93.62385211,27.1018709,1,3,2,2,4,08:05,3,E09000019,3,503,2,30,0,-1,-1,0,0,5,1,1,1,0,0,1,2,E01002746,27-04-2018,2,1,1,1,19,4,3,0,0,0,0,-1,3,1
2959,93.61196555,27.09402746,1,3,2,1,4,05:50,2,E09000007,6,0,6,30,3,4,6,0,0,0,1,1,2,0,0,1,1,E01000892,27-04-2018,1,1,1,1,39,7,3,0,0,0,0,-1,1,1
2960,93.6192471,27.10642169,1,3,2,1,4,19:45,3,E09000019,3,1,1,30,1,4,3,1,0,1,1,1,1,0,0,1,2,E01002791,20-04-2018,2,1,1,1,34,6,3,0,0,0,0,-1,3,1
2961,93.62381965,27.09482417,1,3,2,1,4,10:45,2,E09000007,5,0,2,30,6,2,6,0,0,5,1,1,1,0,0,1,2,E01000851,20-04-2018,2,1,2,2,40,7,3,0,0,0,0,-1,4,-1
2962,93.63270839,27.10286394,1,3,1,1,3,18:40,3,E09000019,3,103,6,30,3,4,6,0,0,1,1,1,1,0,0,1,1,E01002758,17-05-2018,2,2,1,1,44,7,3,0,0,0,0,-1,4,1
2963,93.61236568,27.09758896,1,3,2,1,4,08:20,3,E09000019,3,1,6,30,6,2,6,0,0,5,1,1,1,0,0,1,2,E01002795,11-05-2018,2,1,1,1,32,6,3,0,0,0,0,-1,5,1
2964,93.60976754,27.08853408,1,3,1,1,2,09:30,3,E09000019,3,401,6,30,0,-1,-1,0,0,0,1,1,1,0,0,1,1,E01002726,09-05-2018,1,1,1,2,54,8,3,0,0,0,0,-1,9,1
2965,93.62461253,27.10169846,1,3,2,1,3,10:00,2,E09000007,3,41,6,30,3,2,6,0,0,5,1,1,1,0,0,1,2,E01000969,03-05-2018,1,1,1,1,31,6,3,0,0,0,0,-1,9,1
2966,93.61878045,27.10545446,1,3,2,1,4,22:10,3,E09000019,3,1201,6,30,3,4,5,0,0,0,4,1,1,0,0,1,2,E01002752,04-05-2018,1,1,1,1,44,7,3,0,0,0,0,-1,9,1
2967,93.62247745,27.10322712,1,3,2,1,1,14:32,2,E09000007,3,4200,6,30,6,2,4,402,0,5,1,1,1,0,0,1,1,E01000918,10-04-2018,1,1,1,2,31,6,3,0,0,0,0,-1,9,1
2968,93.62587867,27.09215058,1,3,1,1,6,18:30,2,E09000007,3,40,7,30,3,4,5,0,0,0,1,1,1,0,0,1,1,E01000918,29-04-2018,1,1,1,2,37,7,3,0,0,0,0,-1,5,1
2969,93.61075512,27.09128769,1,3,1,1,6,10:00,3,E09000019,3,1,6,30,3,4,5,0,0,0,1,1,1,0,0,1,1,E01002774,18-03-2018,1,1,1,1,51,8,3,0,0,0,0,-1,19,1
2970,93.63318457,27.09581554,1,2,1,1,7,23:45,3,E09000019,3,104,6,30,0,-1,-1,0,0,0,4,1,1,0,0,1,2,E01002797,07-05-2018,1,1,3,2,24,5,3,5,3,0,0,-1,0,1
2971,93.63399538,27.09939345,1,3,1,1,2,19:15,3,E09000019,3,1,3,30,6,2,3,401,0,5,1,1,1,0,0,1,1,E01002727,09-05-2018,1,1,3,1,25,5,3,5,1,0,0,-1,0,-1
2972,93.61828358,27.09498873,1,3,1,1,7,06:30,3,E09000019,6,0,6,30,0,-1,-1,0,0,0,4,1,1,0,0,1,2,E01002772,14-05-2018,2,1,1,1,48,8,3,0,0,0,0,-1,1,-1
2973,93.62103337,27.10433496,1,3,1,1,2,15:25,3,E09000019,3,1,3,30,3,4,6,0,0,0,1,1,1,0,0,1,1,E01002770,09-05-2018,1,1,3,2,26,6,3,1,2,0,0,-1,0,1
2974,93.62225463,27.09444097,1,3,1,1,4,09:35,2,E09000007,5,0,6,30,6,2,3,4200,0,5,1,1,1,0,0,1,1,E01000852,11-05-2018,1,1,1,1,23,5,3,0,0,0,0,-1,1,1
2975,93.61917771,27.10381465,1,3,2,1,6,19:38,3,E09000019,3,201,6,30,6,2,3,5201,0,5,4,1,1,0,0,1,1,E01000916,15-04-2018,2,1,1,1,17,4,3,0,0,0,0,-1,1,1
2976,93.61726199,27.09798789,1,3,2,1,6,15:50,3,E09000019,6,0,6,30,6,4,6,0,0,0,1,1,1,0,0,1,1,E01002789,15-04-2018,2,1,1,1,25,5,3,0,0,0,0,-1,1,-1
2977,93.61796841,27.10362429,1,3,2,1,6,09:27,4,E09000012,3,105,6,30,0,-1,-1,0,0,0,1,1,1,0,0,1,1,E01002779,15-04-2018,1,1,2,1,-1,-1,3,0,0,1,0,-1,8,-1
2978,93.61320552,27.09366476,1,3,1,1,3,10:10,3,E09000019,3,400,6,30,0,-1,-1,0,0,0,1,1,1,0,0,1,1,E01002770,10-05-2018,1,1,1,1,43,7,3,0,0,0,0,-1,9,1
2979,93.62068707,27.10117708,1,3,2,1,7,11:40,2,E09000007,3,41,6,30,8,4,6,0,0,0,1,1,1,0,0,1,2,E01000972,07-05-2018,1,1,2,2,25,5,3,0,0,2,0,-1,9,-1
2980,93.6201022,27.08844905,1,3,2,2,4,09:40,2,E09000007,3,400,6,30,6,2,5,0,0,5,1,1,1,0,0,1,1,E01000856,27-04-2018,1,1,1,1,57,9,3,0,0,0,0,-1,11,-1
2981,93.62549262,27.09013225,1,3,2,1,2,16:31,2,E09000007,4,509,3,30,3,4,6,0,0,0,1,1,1,0,0,1,1,E01000961,07-03-2018,1,1,1,1,17,4,3,0,0,0,0,-1,3,-1
2982,93.61300917,27.10069082,1,2,2,1,5,16:15,3,E09000019,3,5201,6,30,6,2,3,201,0,5,1,1,1,0,0,1,2,E01002724,21-04-2018,1,1,1,1,52,8,3,0,0,0,0,-1,9,1
2983,93.61695618,27.09581453,1,3,2,1,1,22:10,2,E09000007,3,502,6,30,3,2,4,509,0,5,4,1,1,0,0,1,3,E01000906,06-03-2018,1,1,1,2,34,6,3,0,0,0,0,-1,9,1
2984,93.63160176,27.10630615,1,3,2,1,1,15:30,3,E09000019,3,503,6,30,0,-1,-1,0,0,0,1,1,1,0,0,1,2,E01002764,15-05-2018,1,1,2,1,20,4,3,0,0,0,4,-1,11,-1
2985,93.63095301,27.10018951,1,3,2,1,4,06:50,2,E09000007,6,0,6,30,3,4,6,0,0,0,1,1,1,0,0,1,1,E01000866,04-05-2018,1,1,1,2,24,5,3,0,0,0,0,-1,9,1
2986,93.63034954,27.09999631,1,3,2,1,7,13:32,3,E09000019,3,503,6,30,3,2,3,1201,0,5,1,1,1,0,0,1,1,E01002748,07-05-2018,2,1,1,1,20,4,2,0,0,0,0,-1,1,1
2987,93.62743015,27.10570178,1,3,1,1,2,17:17,2,E09000007,3,400,6,30,3,4,6,0,0,0,1,1,1,0,0,1,1,E01000922,09-05-2018,1,1,1,2,19,4,3,0,0,0,0,-1,3,1
2988,93.62682259,27.09633947,1,3,1,1,2,15:27,3,E09000019,3,503,6,30,3,2,6,0,0,5,1,2,2,4,0,1,1,E01002787,16-05-2018,1,1,3,2,26,6,3,4,3,0,0,-1,0,1
2989,93.62363745,27.09940542,1,3,1,1,3,16:20,2,E09000007,3,503,6,30,3,2,3,503,0,5,1,1,1,0,0,1,1,E01000861,10-05-2018,1,1,3,1,20,4,2,1,1,0,0,-1,0,-1
2990,93.62478658,27.08941179,1,3,2,2,5,19:35,3,E09000019,3,1,6,30,0,-1,-1,0,0,0,1,1,1,0,0,1,1,E01002774,28-04-2018,1,1,1,1,31,6,3,0,0,0,0,-1,1,-1
2991,93.61140044,27.10005643,1,2,2,1,6,11:20,2,E09000007,3,4200,6,30,6,2,4,504,0,5,1,1,1,0,0,1,1,E01000855,27-05-2018,1,1,1,1,32,6,3,0,0,0,0,-1,9,-1
2992,93.62001894,27.10433675,1,3,2,1,3,13:50,2,E09000007,4,510,6,30,3,2,6,0,0,5,1,1,1,0,0,1,1,E01000970,24-05-2018,1,1,3,2,60,9,3,5,1,0,0,-1,0,-1
2993,93.6193782,27.09836729,1,3,2,1,7,02:43,2,E09000007,4,509,6,30,0,-1,-1,0,0,0,4,3,2,0,0,1,1,E01000935,26-02-2018,2,1,1,1,33,6,3,0,0,0,0,-1,1,1
2994,93.61255311,27.0926707,1,3,2,1,3,08:34,3,E09000019,3,1,6,30,3,4,6,0,0,0,1,1,1,0,0,1,1,E01002767,17-05-2018,1,1,1,1,17,4,3,0,0,0,0,-1,3,1
2995,93.62460336,27.10489242,1,3,2,1,6,11:11,2,E09000007,3,41,2,30,7,2,3,41,0,5,1,1,1,0,0,1,1,E01000963,13-05-2018,2,1,1,1,-1,-1,3,0,0,0,0,-1,1,-1
2996,93.62783966,27.09687464,1,3,2,1,1,15:35,2,E09000007,3,502,6,30,7,2,4,518,0,5,1,1,1,0,0,1,1,E01000898,17-04-2018,2,1,2,2,44,7,3,0,0,1,0,-1,9,1
2997,93.62998161,27.0926346,1,3,2,1,4,21:45,3,E09000019,3,501,6,30,6,2,5,0,0,5,4,1,1,0,0,1,1,E01002728,27-04-2018,1,1,3,2,2,1,3,5,3,0,0,-1,0,1
2998,93.61171258,27.09459864,1,3,1,1,6,15:25,3,E09000019,3,501,6,30,3,2,6,0,0,0,1,1,1,0,0,1,1,E01002728,29-04-2018,1,1,1,1,32,6,3,0,0,0,0,-1,1,1
2999,93.62174721,27.09562941,1,3,2,1,5,16:36,2,E09000007,3,503,6,30,6,2,3,5202,0,5,1,1,1,0,0,1,1,E01000867,12-05-2018,2,1,1,2,29,6,3,0,0,0,0,-1,1,1
3000,93.62861072,27.0926049,1,3,2,1,7,18:35,3,E09000019,6,0,6,30,3,4,6,0,0,0,1,1,1,0,0,1,1,E01002766,23-04-2018,1,1,1,1,35,6,3,0,0,0,0,-1,1,1
3001,93.62025288,27.09042653,1,3,2,1,5,17:45,2,E09000007,3,502,6,30,0,-1,-1,0,0,0,1,1,1,0,0,1,1,E01000858,12-05-2018,1,1,2,2,8,2,3,0,0,2,0,-1,9,1
3002,93.62661726,27.10051587,1,2,1,1,5,22:25,3,E09000019,4,100,2,30,6,2,3,501,0,5,4,1,1,0,0,1,1,E01002704,12-05-2018,1,2,2,2,4,1,3,0,0,2,0,-1,9,1
3003,93.62406473,27.0983766,1,2,2,1,2,19:21,3,E09000019,3,5203,6,30,3,4,6,0,0,0,1,1,1,0,0,1,1,E01002713,02-05-2018,1,3,2,2,-1,-1,3,0,0,1,0,-1,9,-1
3004,93.63217152,27.09600732,1,3,2,1,6,16:45,2,E09000007,4,525,6,30,0,-1,-1,0,0,0,1,1,1,0,0,1,1,E01004647,13-05-2018,1,1,3,1,31,6,3,1,2,0,0,-1,0,-1
3005,93.6315502,27.10358395,1,3,3,1,6,17:38,3,E09000019,3,105,6,30,3,4,3,1199,0,0,1,1,1,0,0,1,1,E01002776,13-05-2018,1,1,1,1,40,7,3,0,0,0,0,-1,9,1
3006,93.63013742,27.09893012,1,3,2,1,5,09:15,3,E09000019,3,5203,6,30,3,4,6,0,0,0,1,1,1,0,0,1,1,E01002765,12-05-2018,1,1,2,2,35,6,3,0,0,0,3,-1,11,1
3007,93.61877615,27.10344492,1,3,2,1,6,22:52,2,E09000007,3,400,6,30,3,4,6,0,0,0,4,1,1,0,0,1,1,E01000950,13-05-2018,2,1,1,1,36,7,3,0,0,0,0,-1,2,1
3008,93.62327462,27.08952348,1,3,2,1,1,14:49,3,E09000019,5,0,6,30,0,-1,-1,0,0,0,1,1,1,0,0,1,1,E01002810,15-05-2018,1,1,1,2,61,9,3,0,0,0,0,-1,1,1
3009,93.62126516,27.08934361,1,3,2,1,1,05:54,2,E09000007,3,4200,6,30,3,4,6,0,0,0,1,1,1,0,0,1,1,E01000918,15-05-2018,1,1,3,1,32,6,3,5,3,0,0,-1,0,1
3010,93.61808664,27.09257233,1,3,1,1,4,18:10,2,E09000007,3,400,6,30,0,-1,-1,0,0,8,1,1,1,0,0,1,1,E01000921,18-05-2018,1,1,3,1,48,8,3,1,1,0,0,-1,0,1
3011,93.62635402,27.09584402,1,2,2,2,5,14:35,2,E09000007,6,0,6,30,3,4,6,0,0,0,1,2,2,0,0,1,1,E01000952,19-05-2018,1,1,3,1,38,7,3,5,3,0,0,-1,0,1
3012,93.62604611,27.10071662,1,3,2,1,3,11:55,2,E09000007,3,400,2,30,3,4,6,0,0,0,1,2,2,0,0,1,1,E01000856,24-05-2018,2,1,1,1,32,6,3,0,0,0,0,-1,3,1
3013,93.61482278,27.0996082,1,3,2,1,3,17:17,1,E09000033,4,404,6,30,3,4,4,404,0,0,1,1,1,0,0,1,1,E01000919,24-05-2018,2,1,1,1,26,6,3,0,0,0,0,-1,2,1
3014,93.6100032,27.09669323,1,2,2,1,3,17:25,2,E09000007,3,502,6,30,3,2,3,502,0,5,1,1,1,0,0,1,1,E01000858,24-05-2018,1,1,3,1,36,7,3,1,3,0,0,-1,0,-1
3015,93.61154186,27.09655453,1,3,2,1,6,08:55,2,E09000007,3,501,6,30,3,4,6,0,0,0,1,1,1,0,0,1,1,E01000939,06-05-2018,1,1,3,1,64,9,2,5,3,0,0,-1,0,1
3016,93.61640703,27.08820488,1,3,1,1,3,11:47,2,E09000007,3,4200,6,30,6,2,4,402,0,5,1,1,1,0,0,1,1,E01000918,24-05-2018,1,1,2,2,9,2,3,0,0,0,3,-1,11,-1
3017,93.6334834,27.10337108,1,3,2,2,4,23:20,3,E09000019,3,1,6,30,3,4,6,0,0,0,4,1,1,0,0,1,1,E01002795,11-05-2018,2,1,1,1,30,6,3,0,0,0,0,-1,2,1
3018,93.61957929,27.08887637,1,3,1,1,7,03:40,2,E09000007,3,400,6,30,7,2,5,0,0,5,4,1,1,0,0,1,1,E01000856,23-04-2018,1,1,1,1,26,6,3,0,0,0,0,-1,1,-1
3019,93.63147816,27.10444605,1,3,2,1,4,09:40,31,E09000014,4,519,6,30,0,-1,-1,0,0,0,1,1,1,0,0,1,1,E01002008,25-05-2018,2,1,1,1,30,6,3,0,0,0,0,-1,3,-1
3020,93.62942203,27.09935675,1,3,2,1,4,17:40,2,E09000007,3,5202,6,30,3,4,6,0,0,0,1,1,1,0,0,1,1,E01000958,25-05-2018,1,1,3,2,-1,-1,2,5,1,0,0,-1,0,-1
3021,93.61239979,27.10068506,1,3,2,1,6,09:34,3,E09000019,3,503,6,30,3,4,6,0,0,0,1,1,1,0,0,1,1,E01002764,27-05-2018,2,1,1,1,-1,-1,3,0,0,0,0,-1,1,-1
3022,93.61646175,27.10057287,1,3,2,1,5,12:10,4,E09000012,4,102,6,30,6,4,6,0,0,0,1,1,1,0,0,1,1,E01002718,05-05-2018,1,1,1,1,44,7,3,0,0,0,0,-1,9,1
3023,93.62237552,27.10548952,1,3,3,1,7,17:54,3,E09000019,4,519,6,30,7,2,4,519,0,5,1,1,1,0,0,1,1,E01000913,23-04-2018,1,1,3,1,81,11,3,5,3,0,0,-1,0,-1
3024,93.61371171,27.0942471,1,3,3,1,5,13:40,2,E09000007,3,41,6,30,0,-1,-1,0,0,0,1,1,1,0,0,1,1,E01000969,26-05-2018,1,1,3,2,-1,-1,3,5,3,0,0,-1,0,-1
3025,93.62645739,27.09398482,1,3,1,1,6,08:40,2,E09000007,5,0,6,30,3,4,6,0,0,0,1,1,1,0,0,1,1,E01000913,27-05-2018,1,1,3,1,10,2,3,5,3,0,0,-1,0,1
3026,93.61951241,27.09105602,1,3,2,1,2,14:24,2,E09000007,3,501,6,30,6,2,6,0,0,5,1,1,1,0,0,1,1,E01000942,30-05-2018,1,1,1,1,56,9,3,0,0,0,0,-1,19,-1
3027,93.62079518,27.09969378,1,3,2,1,7,11:30,3,E09000019,3,1,6,30,3,2,6,0,0,5,1,1,1,0,0,1,1,E01002794,14-05-2018,1,1,3,1,30,6,3,1,1,0,0,-1,0,1
3028,93.61871783,27.09692184,1,3,2,1,6,16:55,2,E09000007,4,507,6,30,6,4,4,507,0,1,1,1,1,0,0,1,1,E01000929,13-05-2018,2,1,1,1,38,7,3,0,0,0,0,-1,3,1
3029,93.60999042,27.09685752,1,3,2,2,2,10:52,2,E09000007,3,4200,6,30,7,2,3,4200,0,5,1,2,2,0,0,1,1,E01000947,30-05-2018,1,1,3,1,26,6,3,10,9,0,0,-1,0,-1
3030,93.61396939,27.10243261,1,3,2,1,2,20:00,2,E09000007,4,519,6,30,3,4,6,0,0,4,4,1,1,0,0,1,1,E01000913,30-05-2018,2,1,1,1,33,6,3,0,0,0,0,-1,5,2
3031,93.61281482,27.08905136,1,3,2,1,5,15:30,2,E09000007,5,0,6,30,3,4,6,0,0,0,1,2,2,0,0,1,1,E01000881,19-05-2018,2,1,1,1,32,6,3,0,0,0,0,-1,5,1
3032,93.61294233,27.09484944,1,3,2,1,6,12:39,3,E09000019,3,103,6,30,3,4,6,0,0,0,1,1,2,0,0,1,1,E01002760,15-04-2018,2,1,2,1,25,5,3,0,0,0,4,-1,11,1
3033,93.62271378,27.09159026,1,3,1,1,6,10:45,2,E09000007,3,502,6,30,0,-1,-1,0,0,0,1,1,1,0,0,1,1,E01000863,27-05-2018,2,2,2,2,49,8,3,0,0,0,4,-1,11,1
3034,93.61144048,27.09640698,1,3,2,1,7,13:40,2,E09000007,5,0,6,30,0,-1,-1,0,0,0,1,1,1,0,0,1,1,E01000974,30-04-2018,1,1,1,1,26,6,3,0,0,0,0,-1,1,1
3035,93.62575454,27.09323304,1,3,2,1,3,11:10,2,E09000007,3,4200,2,30,0,-1,-1,0,0,0,1,1,1,0,0,1,1,E01000855,17-05-2018,2,1,1,1,27,6,3,0,0,0,0,-1,4,1
3036,93.61184754,27.10546366,1,3,1,1,1,03:05,3,E09000019,3,503,6,30,3,4,6,0,0,0,4,1,1,0,0,1,1,E01002787,29-05-2018,1,1,3,1,14,3,3,5,3,0,0,-1,0,1
3037,93.63217536,27.10086827,1,3,2,2,3,13:35,2,E09000007,3,5200,6,30,3,4,4,154,0,1,1,1,1,0,0,1,1,E01000953,10-05-2018,1,1,3,2,44,7,3,4,2,0,0,-1,0,1
3038,93.62272656,27.09516705,1,3,2,1,6,13:15,1,E09000033,3,501,6,30,6,2,3,4201,0,5,1,1,1,0,0,1,1,E01000946,27-05-2018,1,1,1,1,34,6,3,0,0,0,0,-1,2,1
3039,93.63134505,27.09015957,1,3,2,2,2,23:36,3,E09000019,3,104,3,30,6,2,3,1200,0,5,4,1,1,0,0,1,1,E01002793,02-05-2018,2,1,1,2,23,5,3,0,0,0,0,-1,1,1
3040,93.62866881,27.09348343,1,3,2,1,6,08:20,2,E09000007,3,4200,6,30,3,2,5,0,0,0,1,2,2,0,0,1,1,E01000855,20-05-2018,2,1,1,1,38,7,3,0,0,0,0,-1,1,1
3041,93.61616777,27.10608565,1,3,2,1,3,13:53,2,E09000007,3,400,2,30,7,2,3,4201,0,5,1,1,1,0,0,1,1,E01000863,17-05-2018,2,1,1,2,21,5,3,0,0,0,0,-1,1,1
3042,93.62096456,27.09345499,1,3,2,1,2,12:46,2,E09000007,6,0,6,30,6,4,6,0,0,0,1,1,1,0,0,1,1,E01000928,06-06-2018,1,1,2,1,72,10,3,0,0,0,1,-1,11,1
3043,93.62528904,27.10532848,1,3,1,1,6,13:20,3,E09000019,3,400,6,30,6,4,6,0,0,0,1,1,1,0,0,1,2,E01002770,27-05-2018,1,1,1,1,21,5,3,0,0,0,0,-1,3,1
3044,93.62050653,27.08870115,1,3,1,1,2,22:30,3,E09000019,3,1200,3,30,1,4,3,1,0,0,4,1,1,0,0,1,1,E01002791,25-04-2018,1,1,1,1,32,6,3,0,0,0,0,-1,2,-1
3045,93.62766375,27.10428162,1,3,1,1,7,16:35,2,E09000007,3,400,6,30,0,-1,-1,0,0,0,1,1,1,0,0,1,1,E01000851,07-05-2018,1,1,1,1,19,4,3,0,0,0,0,-1,2,1
3046,93.62199959,27.09658885,1,3,1,1,6,14:20,3,E09000019,3,103,6,30,3,2,6,0,0,5,1,1,1,0,0,1,1,E01002731,06-05-2018,1,1,1,1,30,6,3,0,0,0,0,-1,5,1
3047,93.61964151,27.08996035,1,3,1,1,3,17:03,3,E09000019,3,503,6,30,3,2,3,1201,0,0,1,1,1,0,0,1,1,E01002734,10-05-2018,1,1,1,1,33,6,3,0,0,0,0,-1,9,-1
3048,93.62604662,27.10627313,1,2,1,1,6,21:38,2,E09000007,5,0,6,30,0,-1,-1,0,0,0,5,1,1,0,0,1,1,E01000854,27-05-2018,2,1,1,2,29,6,3,0,0,0,0,-1,1,1
3049,93.61517216,27.10205674,1,3,2,1,5,12:10,2,E09000007,3,401,6,30,6,4,6,0,0,0,1,1,1,0,0,1,1,E01000914,19-05-2018,1,1,1,1,36,7,3,0,0,0,0,-1,5,1
3050,93.62312638,27.08901305,1,3,2,1,5,10:50,3,E09000019,3,5203,2,30,3,4,3,5203,0,0,1,1,1,0,0,1,2,E01002711,02-06-2018,1,1,2,2,70,10,3,0,0,0,3,-1,11,1
3051,93.62331813,27.10624946,1,3,1,1,3,11:48,2,E09000007,3,501,6,30,6,2,5,0,0,5,1,1,1,0,0,1,1,E01000852,31-05-2018,1,1,3,2,68,10,3,10,9,0,0,-1,0,1
3052,93.61870339,27.0998595,1,3,1,1,6,08:36,3,E09000019,3,1,6,30,0,-1,-1,0,0,0,1,1,1,0,0,1,1,E01002774,27-05-2018,2,1,1,1,24,5,3,0,0,0,0,-1,2,1
3053,93.62632425,27.09794499,1,3,2,1,4,18:10,2,E09000007,6,0,2,30,0,-1,-1,0,0,0,1,1,1,0,0,1,1,E01000966,01-06-2018,1,1,1,2,20,4,3,0,0,0,0,-1,9,1
3054,93.63175142,27.08827509,1,2,1,1,3,16:01,2,E09000007,3,4200,6,30,3,4,6,0,0,1,1,1,1,0,0,1,1,E01000852,31-05-2018,2,2,1,1,53,8,3,0,0,0,0,-1,9,1
3055,93.62749552,27.0919689,1,3,2,1,1,15:38,3,E09000019,3,1,6,30,3,4,6,0,0,4,1,1,1,0,0,1,1,E01002774,08-05-2018,1,1,3,2,22,5,3,5,1,0,0,-1,0,-1
3056,93.61459793,27.09812407,1,3,2,1,4,15:08,3,E09000019,3,1,6,30,3,4,5,0,0,0,1,1,1,0,0,1,1,E01002774,18-05-2018,1,1,1,1,73,10,3,0,0,0,0,-1,9,1
3057,93.63350209,27.10059891,1,3,2,1,4,09:11,3,E09000019,5,0,6,30,3,4,4,515,0,0,1,1,1,0,0,1,1,E01002761,11-05-2018,1,1,3,2,67,10,3,1,1,0,0,-1,0,1
3058,93.63149625,27.09264916,1,3,2,1,2,17:35,3,E09000019,3,103,6,30,8,4,6,0,0,0,1,1,1,0,0,1,1,E01002751,09-05-2018,1,1,1,2,47,8,3,0,0,0,0,-1,9,-1
3059,93.60930069,27.09957407,1,3,2,1,4,13:15,3,E09000019,3,1,3,30,0,-1,-1,0,0,5,1,2,2,0,0,1,1,E01002763,01-06-2018,1,1,1,2,18,4,3,0,0,0,0,-1,9,-1