Accident_Index,longitude,latitude,Police_Force,Accident_Severity,Number_of_Vehicles,Number_of_Casualties,Day_of_Week,Time,Local_Authority_(District),Local_Authority_(Highway),1st_Road_Class,1st_Road_Number,Road_Type,Speed_limit,Junction_Detail,Junction_Control,2nd_Road_Class,2nd_Road_Number,Pedestrian_Crossing-Human_Control,Pedestrian_Crossing-Physical_Facilities,Light_Conditions,Weather_Conditions,Road_Surface_Conditions,Special_Conditions_at_Site,Carriageway_Hazards,Urban_or_Rural_Area,Did_Police_Officer_Attend_Scene_of_Accident,LSOA_of_Accident_Location,Date,Vehicle_Reference,Casualty_Reference,Casualty_Class,Sex_of_Casualty,Age_of_Casualty,Age_Band_of_Casualty,Casualty_Severity,Pedestrian_Location,Pedestrian_Movement,Car_Passenger,Bus_or_Coach_Passenger,Pedestrian_Road_Maintenance_Worker,Casualty_Type,Casualty_Home_Area_Type
3060,93.60950997,27.10233488,1,3,1,1,4,15:55,3,E09000019,3,503,6,30,3,2,3,5203,0,5,1,1,1,0,0,1,1,E01002763,04-05-2018,2,2,1,2,30,6,3,0,0,0,0,-1,9,1
3061,93.61610221,27.09679075,1,3,1,1,4,16:22,3,E09000019,3,1201,6,30,0,-1,-1,0,0,0,1,1,1,0,0,1,1,E01002738,11-05-2018,1,1,1,1,38,7,2,0,0,0,0,-1,5,1
3062,93.61709128,27.1039448,1,3,1,1,2,16:10,3,E09000019,5,0,6,30,3,4,6,0,0,1,1,2,2,0,0,1,1,E01002759,16-05-2018,1,1,1,1,18,4,3,0,0,0,0,-1,2,1
3063,93.63398734,27.10064105,1,3,1,1,3,16:00,3,E09000019,3,503,3,30,3,2,3,503,0,5,1,1,1,0,0,1,1,E01002734,17-05-2018,1,1,3,2,12,3,2,10,9,0,0,-1,0,1
3064,93.62298848,27.08983527,1,2,2,1,7,16:50,3,E09000019,3,105,6,30,3,4,6,0,0,1,1,1,1,0,0,1,1,E01002779,04-06-2018,1,1,1,1,51,8,3,0,0,0,0,-1,11,-1
3065,93.61423177,27.10571331,1,2,2,3,4,18:57,2,E09000007,3,4200,6,30,0,-1,-1,0,0,0,1,1,1,0,0,1,1,E01000852,18-05-2018,1,1,3,2,18,4,3,10,9,0,0,-1,0,1
3066,93.63376977,27.09572269,1,2,1,1,6,01:16,2,E09000007,3,501,3,30,6,2,4,504,0,5,4,1,1,0,0,1,1,E01000942,10-06-2018,2,1,1,2,47,8,3,0,0,0,0,-1,1,1
3067,93.60883072,27.09662936,1,3,1,1,2,09:55,2,E09000007,3,5200,6,30,0,-1,-1,0,0,0,1,1,1,0,0,1,1,E01000920,24-01-2018,1,1,2,2,21,5,3,0,0,1,0,-1,9,1
3068,93.62433087,27.10499776,1,3,1,1,4,15:52,3,E09000019,3,1201,6,30,6,4,6,0,0,0,1,1,2,0,0,1,1,E01002811,09-03-2018,2,2,1,1,20,4,3,0,0,0,0,-1,9,1
3069,93.60929695,27.10340091,1,3,2,1,4,23:59,3,E09000019,3,104,6,30,3,4,6,0,0,1,4,1,1,0,0,1,1,E01002720,23-03-2018,1,1,1,1,41,7,3,0,0,0,0,-1,8,1
3070,93.63426937,27.09842482,1,3,2,1,5,07:41,2,E09000007,5,0,6,30,6,4,6,0,0,0,1,1,1,0,0,1,1,E01000885,09-06-2018,1,1,1,1,52,8,3,0,0,0,0,-1,2,1
3071,93.62350406,27.09508359,1,3,2,1,2,06:30,2,E09000007,3,501,6,30,3,2,3,5202,0,0,1,1,1,0,0,1,2,E01000956,30-05-2018,1,1,1,1,29,6,3,0,0,0,0,-1,9,1
3072,93.61329341,27.10421404,1,3,1,1,2,18:09,2,E09000007,3,502,2,30,0,-1,-1,0,0,0,1,1,1,0,0,1,2,E01000863,09-05-2018,1,2,2,2,-1,-1,3,0,0,1,0,-1,9,1
3073,93.62164252,27.09914266,1,3,2,1,2,16:45,3,E09000019,3,5203,6,30,6,2,4,154,0,5,1,1,1,0,0,1,2,E01002710,13-06-2018,1,1,3,1,59,9,2,10,9,0,0,-1,0,-1
3074,93.6196764,27.09467488,1,3,2,1,7,19:00,3,E09000019,6,0,6,30,0,-1,-1,0,0,1,1,1,1,0,0,1,2,E01002746,28-05-2018,1,1,1,1,47,8,3,0,0,0,0,-1,1,1
3075,93.6271899,27.1031611,1,3,1,1,4,11:40,2,E09000007,3,400,6,30,3,4,3,503,0,0,1,1,1,0,0,1,1,E01000856,08-06-2018,2,1,1,1,27,6,3,0,0,0,0,-1,5,2
3076,93.61535621,27.10587346,1,3,2,1,3,12:30,3,E09000019,3,103,6,30,0,-1,-1,0,0,0,1,1,1,0,0,1,1,E01002807,24-05-2018,1,1,1,1,41,7,3,0,0,0,0,-1,1,1
3077,93.62919316,27.0989624,1,3,2,1,1,22:10,2,E09000007,3,503,6,30,3,4,6,0,0,4,4,1,1,0,0,1,2,E01000867,05-06-2018,1,1,1,1,21,5,3,0,0,0,0,-1,9,1
3078,93.61107518,27.09196048,1,3,1,1,4,23:20,2,E09000007,5,0,6,30,2,4,5,0,0,8,4,1,2,0,0,1,1,E01000862,01-06-2018,2,1,1,2,34,6,3,0,0,0,0,-1,9,1
3079,93.62733704,27.09415141,1,3,1,1,4,12:51,3,E09000019,3,1200,6,30,6,2,5,0,0,5,1,1,1,0,0,1,1,E01002791,25-05-2018,3,2,1,2,26,6,3,0,0,0,0,-1,9,1
3080,93.62153382,27.10656245,1,3,2,1,6,15:15,3,E09000019,3,503,6,30,0,-1,-1,0,0,0,1,1,1,0,0,1,1,E01002734,03-06-2018,1,1,3,1,27,6,2,9,5,0,0,-1,0,1
3081,93.62414703,27.104178,1,3,1,1,2,20:35,3,E09000019,3,1201,6,30,0,-1,-1,0,0,0,4,1,1,0,0,1,2,E01002752,06-06-2018,1,1,3,2,46,8,3,10,9,0,0,-1,0,1
3082,93.63365954,27.10110312,1,3,1,1,4,18:55,2,E09000007,3,4200,6,30,0,-1,-1,0,0,0,1,1,1,0,0,1,1,E01000918,08-06-2018,1,1,3,2,25,5,3,1,3,0,0,-1,0,-1
3083,93.62742519,27.10311701,1,3,2,1,5,09:42,3,E09000019,3,400,6,30,7,2,5,0,0,0,1,1,1,0,0,1,1,E01000921,09-06-2018,1,1,2,2,26,6,3,0,0,1,0,-1,9,1
3084,93.62040858,27.09930608,1,3,2,1,6,09:23,3,E09000019,6,0,6,30,0,-1,-1,0,0,0,1,1,1,0,0,1,1,E01002740,22-04-2018,1,1,1,1,24,5,3,0,0,0,0,-1,2,-1
3085,93.62340494,27.08795317,1,3,2,1,6,12:45,2,E09000007,3,201,6,30,6,2,4,500,0,5,1,1,1,0,0,1,2,E01000916,03-06-2018,2,1,1,1,39,7,3,0,0,0,0,-1,2,1
3086,93.62272432,27.10338264,1,3,1,1,7,21:10,2,E09000007,3,400,2,30,0,-1,-1,0,0,1,4,1,1,0,0,1,1,E01000947,28-05-2018,1,1,3,1,30,6,3,10,9,0,0,-1,0,1
3087,93.60863389,27.08869547,1,3,2,1,2,18:35,2,E09000007,3,400,6,30,3,4,6,0,0,0,1,1,1,0,0,1,1,E01000856,06-06-2018,1,1,3,1,26,6,3,10,9,0,0,-1,0,1
3088,93.61023794,27.10090255,1,2,2,1,5,11:14,2,E09000007,3,5202,6,30,6,2,5,0,0,5,1,1,1,0,0,1,1,E01000867,09-06-2018,1,1,2,1,-1,-1,3,0,0,2,0,-1,9,-1
3089,93.62338744,27.0939744,1,3,2,1,5,17:30,3,E09000019,3,1,6,30,3,4,5,0,0,1,1,1,1,0,0,1,1,E01002792,02-06-2018,1,1,1,1,44,7,3,0,0,0,0,-1,1,1
3090,93.63430101,27.09259291,1,3,2,1,1,12:00,3,E09000019,3,1,6,30,6,2,3,503,0,5,1,1,1,0,0,1,1,E01002763,29-05-2018,1,1,3,1,21,5,3,10,9,0,0,-1,0,1
3091,93.61906962,27.09575104,1,3,1,1,2,21:55,3,E09000019,3,5200,6,30,0,-1,-1,0,0,0,4,1,1,0,0,1,1,E01000921,06-06-2018,1,1,1,1,59,9,3,0,0,0,0,-1,11,2
3092,93.63004159,27.1031661,1,3,2,1,1,19:42,3,E09000019,3,501,6,30,6,2,3,1,0,5,1,1,1,0,0,1,2,E01002707,29-05-2018,1,3,2,2,53,8,3,0,0,0,3,-1,11,1
3093,93.63034906,27.09877453,1,3,1,1,2,08:03,3,E09000019,5,0,6,30,3,4,5,0,0,1,1,1,2,0,0,1,1,E01002778,02-05-2018,2,2,1,1,28,6,3,0,0,0,0,-1,5,1
3094,93.61774442,27.0957019,1,3,2,1,7,06:40,3,E09000019,3,1201,6,30,3,4,5,0,0,0,1,1,1,0,0,1,2,E01002747,28-05-2018,2,1,1,1,34,6,3,0,0,0,0,-1,1,1
3095,93.63158732,27.09868757,1,3,2,1,4,09:05,2,E09000007,4,502,6,30,3,4,5,0,0,1,1,1,1,0,0,1,1,E01000915,01-06-2018,1,1,3,1,29,6,3,5,1,0,0,-1,0,1
3096,93.6174191,27.09654232,1,3,1,1,5,14:21,2,E09000007,4,521,6,30,6,4,6,0,0,0,1,1,1,0,0,1,1,E01000916,09-06-2018,1,1,1,1,37,7,3,0,0,0,0,-1,5,-1
3097,93.6132181,27.09988502,1,3,2,1,2,10:10,2,E09000007,3,400,2,30,3,4,6,0,0,0,1,1,1,0,0,1,1,E01000856,30-05-2018,1,1,3,1,20,4,3,10,9,0,0,-1,0,1
3098,93.60821507,27.09391537,1,3,2,1,3,12:45,2,E09000007,3,400,6,30,3,2,5,0,0,5,1,1,1,0,0,1,1,E01000950,10-05-2018,1,1,3,1,57,9,2,10,9,0,0,-1,0,1
3099,93.60989081,27.09717377,1,2,2,1,4,10:10,2,E09000007,5,0,6,30,0,-1,-1,0,0,0,1,1,2,0,0,1,1,E01000945,04-05-2018,1,1,1,1,29,6,3,0,0,0,0,-1,5,1
3100,93.62154535,27.09297723,1,3,3,2,4,08:08,2,E09000007,3,503,6,30,3,4,3,503,0,0,1,1,1,0,0,1,1,E01000861,08-06-2018,1,2,2,2,26,6,3,0,0,0,0,-1,5,1
3101,93.62039674,27.09413858,1,3,2,1,4,15:37,3,E09000019,3,5203,6,30,6,2,5,0,0,5,1,1,1,0,0,1,1,E01002713,04-05-2018,2,1,3,1,40,7,2,1,3,0,0,-1,0,1
3102,93.6300257,27.09095293,1,3,2,1,3,11:55,2,E09000007,3,501,6,30,0,-1,-1,0,0,0,1,1,1,0,0,1,2,E01000852,14-06-2018,2,1,1,1,42,7,3,0,0,0,0,-1,3,1
3103,93.62436594,27.10029493,1,3,2,1,2,14:50,2,E09000007,3,503,6,30,3,4,3,400,0,0,1,1,1,0,0,1,2,E01000856,06-06-2018,2,1,1,1,24,5,3,0,0,0,0,-1,1,-1
3104,93.62173795,27.09501857,1,3,2,2,1,17:28,3,E09000019,3,501,6,30,0,-1,-1,0,0,0,1,1,1,0,0,1,2,E01002727,19-06-2018,1,1,1,2,28,6,3,0,0,0,0,-1,3,1
3105,93.62679132,27.09727917,1,3,2,1,3,06:15,2,E09000007,3,400,6,30,6,2,5,0,0,5,1,1,1,0,0,1,2,E01000855,14-06-2018,3,1,1,1,17,4,2,0,0,0,0,-1,3,1
3106,93.61551879,27.10454768,1,3,2,1,4,18:55,3,E09000019,3,501,6,30,6,2,5,0,0,5,1,1,1,0,0,1,2,E01002728,25-05-2018,1,1,3,1,25,5,3,5,3,0,0,-1,0,1
3107,93.61536973,27.10437625,1,3,2,1,5,21:48,2,E09000007,5,0,6,30,0,-1,-1,0,0,0,4,1,1,0,0,1,1,E01000885,02-06-2018,1,1,1,2,44,7,3,0,0,0,0,-1,2,1
3108,93.63354577,27.10600444,1,3,1,1,5,07:40,3,E09000019,3,1,1,30,1,2,3,1,0,5,1,1,1,0,0,1,1,E01002770,19-05-2018,1,1,1,2,18,4,3,0,0,0,0,-1,3,1
3109,93.6293546,27.09347267,1,3,1,1,7,16:55,3,E09000019,3,105,1,30,1,4,3,105,0,1,1,1,1,0,0,1,1,E01002782,28-05-2018,1,1,1,1,24,5,3,0,0,0,0,-1,1,1
3110,93.63144454,27.10187337,1,3,1,1,3,17:00,3,E09000019,5,0,6,30,0,-1,-1,0,0,0,1,1,1,0,0,1,1,E01002713,17-05-2018,2,1,1,1,47,8,3,0,0,0,0,-1,1,-1
3111,93.62096023,27.09548165,1,3,2,1,6,17:40,2,E09000007,3,5202,6,30,3,2,4,512,0,5,1,2,2,0,0,1,1,E01000958,03-06-2018,1,1,1,1,26,6,3,0,0,0,0,-1,1,-1
3112,93.63224247,27.09866105,1,3,1,2,4,13:25,2,E09000007,3,501,6,30,3,4,3,501,0,4,1,2,2,0,0,1,1,E01002728,01-06-2018,1,1,3,1,61,9,3,5,3,0,0,-1,0,-1
3113,93.61680193,27.08847245,1,3,1,1,7,11:25,3,E09000019,4,515,6,30,0,-1,-1,0,0,5,1,2,2,0,0,1,1,E01002696,23-04-2018,1,1,3,1,20,4,3,4,9,0,0,-1,0,-1
3114,93.63013201,27.09613022,1,3,2,1,3,21:30,2,E09000007,3,502,2,30,6,2,5,0,0,5,4,1,1,0,0,1,1,E01000863,07-06-2018,1,1,1,1,26,6,3,0,0,0,0,-1,2,1
3115,93.60895937,27.09888049,1,3,2,1,5,18:46,2,E09000007,3,400,2,30,3,4,3,400,0,0,1,1,1,0,0,1,1,E01000854,02-06-2018,2,1,1,1,22,5,3,0,0,0,0,-1,9,1
3116,93.62071321,27.09386091,1,3,1,1,4,18:40,3,E09000019,3,1,6,30,6,2,3,501,0,5,1,2,2,0,0,1,1,E01002696,01-06-2018,1,1,2,1,53,8,3,0,0,0,2,-1,11,-1
3117,93.61931515,27.10640949,1,3,2,1,5,14:30,2,E09000007,4,510,6,30,3,4,5,0,0,4,1,1,1,0,0,1,1,E01000973,09-06-2018,2,1,1,1,29,6,3,0,0,0,0,-1,3,1
3118,93.62778564,27.09346208,1,3,2,3,3,08:20,3,E09000019,3,503,6,30,3,4,6,0,0,1,1,1,1,0,0,1,1,E01002783,15-03-2018,1,1,1,1,23,5,3,0,0,0,0,-1,4,1
3119,93.63286442,27.08964155,1,3,2,1,3,16:10,2,E09000007,3,5202,2,30,6,4,5,0,0,1,1,1,1,0,0,1,2,E01000958,07-06-2018,1,1,3,1,63,9,3,1,1,0,0,-1,0,-1
3120,93.618001,27.10528199,1,3,1,1,3,17:57,2,E09000007,6,0,6,30,5,4,6,0,0,0,1,1,1,0,0,1,1,E01000857,21-06-2018,1,1,3,1,52,8,3,4,3,0,0,-1,0,-1
3121,93.62030805,27.10314509,1,3,2,1,3,08:05,3,E09000019,3,104,6,30,3,2,6,0,0,5,1,1,1,0,0,1,1,E01002716,17-05-2018,1,1,3,1,46,8,2,10,9,0,0,-1,0,-1
3122,93.62974283,27.09363308,1,3,2,1,7,13:35,3,E09000019,3,1,6,30,3,2,3,104,0,5,1,1,1,0,0,1,1,E01002794,21-05-2018,1,1,3,1,20,4,3,10,9,0,0,-1,0,-1
3123,93.61126153,27.09300426,1,3,2,1,4,01:15,3,E09000019,3,104,6,30,6,2,3,104,0,5,4,1,1,0,0,1,1,E01002716,04-05-2018,1,1,1,1,64,9,3,0,0,0,0,-1,1,1
3124,93.61257977,27.09737669,1,3,2,1,4,17:51,3,E09000019,6,0,6,30,0,-1,-1,0,0,0,1,1,1,0,0,1,1,E01002696,18-05-2018,1,1,1,1,25,5,3,0,0,0,0,-1,9,1
3125,93.62706422,27.09293428,1,3,3,1,6,19:54,2,E09000007,4,525,6,30,6,4,4,525,0,1,1,1,1,0,0,1,1,E01004647,13-05-2018,1,1,1,1,47,8,3,0,0,0,0,-1,8,1
3126,93.6131748,27.08805303,1,3,2,1,2,15:25,3,E09000019,4,515,6,30,3,4,5,0,0,1,1,1,1,0,0,1,1,E01002698,23-05-2018,1,1,1,1,37,7,3,0,0,0,0,-1,9,1
3127,93.62463866,27.10492203,1,3,2,1,2,09:13,2,E09000007,3,501,6,30,0,-1,-1,0,0,5,1,1,1,4,0,1,1,E01000953,27-06-2018,1,1,1,1,50,8,3,0,0,0,0,-1,1,1
3128,93.61010615,27.08829541,1,3,2,1,4,10:15,4,E09000012,3,1200,6,30,3,4,5,0,0,1,1,1,1,0,0,1,1,E01002798,18-05-2018,1,1,3,2,10,2,2,5,9,0,0,-1,0,1
3129,93.61501234,27.09938254,1,3,2,1,1,16:56,2,E09000007,3,401,2,30,3,4,6,0,0,0,1,1,1,0,0,1,1,E01000914,08-05-2018,1,1,1,2,58,9,3,0,0,0,0,-1,9,1
3130,93.62217309,27.09657342,1,3,2,1,2,15:30,3,E09000019,3,5203,2,30,6,2,3,503,0,5,1,1,1,0,0,1,1,E01002764,23-05-2018,1,1,3,1,23,5,3,1,9,0,0,-1,0,1
3131,93.61442479,27.1018384,1,3,1,1,3,21:15,2,E09000007,5,0,6,30,0,-1,-1,0,0,0,4,1,1,0,0,1,2,E01000909,21-06-2018,1,1,3,1,21,5,3,4,1,0,0,-1,0,-1
3132,93.62516741,27.08810433,1,3,2,1,1,00:30,3,E09000019,3,1,6,30,6,2,4,502,0,5,4,1,1,0,0,1,1,E01002703,29-05-2018,1,1,3,1,46,8,3,5,1,0,0,-1,0,-1
3133,93.61575577,27.10498757,1,3,1,1,5,17:03,3,E09000019,3,501,6,30,3,4,3,501,0,0,1,1,1,0,0,1,2,E01002728,16-06-2018,2,1,1,1,45,7,3,0,0,0,0,-1,9,1
3134,93.63089844,27.09810689,1,3,1,1,4,16:00,2,E09000007,3,400,6,30,3,4,6,0,0,0,1,1,1,0,0,1,1,E01000921,15-06-2018,1,1,3,2,27,6,3,5,1,0,0,-1,0,-1
3135,93.61699239,27.10473055,1,3,3,1,4,16:45,3,E09000019,3,5201,6,30,6,2,3,201,0,5,1,1,1,0,0,1,2,E01002724,18-05-2018,1,1,3,1,8,2,3,5,1,0,0,-1,0,1
3136,93.62720144,27.10032888,1,3,3,1,5,08:20,2,E09000007,3,502,6,30,3,4,3,502,0,1,1,1,1,0,0,1,1,E01000858,19-05-2018,2,1,1,1,27,6,3,0,0,0,0,-1,1,1
3137,93.63194108,27.10486973,1,2,2,1,4,15:55,2,E09000007,3,502,2,30,0,-1,-1,0,0,0,1,1,1,0,0,1,2,E01000947,22-06-2018,1,1,1,1,26,6,3,0,0,0,0,-1,19,1
3138,93.60877421,27.09033885,1,3,1,1,3,17:45,2,E09000007,3,5200,6,30,3,4,6,0,0,0,1,1,1,6,0,1,1,E01000936,31-05-2018,1,1,1,1,56,9,3,0,0,0,0,-1,5,1
3139,93.61634439,27.10112817,1,3,1,1,3,08:44,2,E09000007,3,4200,6,30,6,2,3,40,0,5,1,1,1,0,0,1,1,E01000918,21-06-2018,1,1,2,2,73,10,3,0,0,0,3,-1,11,-1
3140,93.61181703,27.09822277,1,3,2,2,6,15:40,2,E09000007,3,4201,6,30,3,4,6,0,0,1,1,1,1,0,0,1,1,E01000946,20-05-2018,1,1,3,2,14,3,3,1,1,0,0,-1,0,-1
3141,93.61956528,27.0999545,1,3,2,1,7,11:15,4,E09000012,3,1200,6,30,3,4,5,0,0,0,1,2,2,0,0,1,1,E01002798,21-05-2018,1,1,1,1,26,6,3,0,0,0,0,-1,3,1
3142,93.62709844,27.09100926,1,3,3,1,7,16:15,3,E09000019,5,0,6,30,0,-1,-1,0,0,1,1,1,1,0,0,1,2,E01002786,25-06-2018,1,1,2,2,44,7,3,0,0,0,1,-1,11,-1
3143,93.63130341,27.10058487,1,3,2,1,3,18:00,2,E09000007,3,400,6,30,8,4,5,0,0,5,1,1,1,0,0,1,2,E01000947,21-06-2018,1,1,1,1,31,6,3,0,0,0,0,-1,3,1
3144,93.62693164,27.09073644,1,3,2,1,4,20:48,3,E09000019,3,103,6,30,6,2,3,503,0,5,4,1,1,0,0,1,1,E01002730,01-06-2018,1,2,3,1,-1,-1,3,10,9,0,0,-1,0,-1
3145,93.61525872,27.10207571,1,3,2,1,2,07:25,3,E09000019,6,0,6,30,3,4,3,104,0,5,1,1,1,0,0,1,1,E01002716,20-06-2018,1,1,1,1,46,8,3,0,0,0,0,-1,4,1
3146,93.61926395,27.09801095,1,3,2,1,6,07:00,2,E09000007,5,0,6,30,0,-1,-1,0,0,0,1,1,1,0,0,1,1,E01000927,24-06-2018,1,1,3,1,17,4,3,5,1,0,0,-1,0,1
3147,93.63048181,27.09124715,1,3,2,1,7,02:00,2,E09000007,3,503,6,30,6,4,6,0,0,0,4,1,1,0,0,1,1,E01000948,28-05-2018,2,1,1,1,36,7,3,0,0,0,0,-1,3,1
3148,93.62306769,27.09360325,1,3,1,1,6,22:00,2,E09000007,4,512,6,30,6,2,3,400,0,5,4,1,2,0,0,1,1,E01000947,24-06-2018,1,1,1,2,20,4,3,0,0,0,0,-1,3,-1
3149,93.63036571,27.10000035,1,2,2,1,6,21:00,2,E09000007,6,0,6,30,0,-1,-1,0,0,0,4,2,2,0,0,1,1,E01000946,24-06-2018,1,1,3,1,19,4,3,1,1,0,0,-1,0,-1
3150,93.63456007,27.1033637,1,3,2,1,4,09:15,2,E09000007,3,503,6,30,8,4,6,0,0,0,1,2,2,0,0,1,1,E01000865,15-06-2018,1,1,2,1,80,11,2,0,0,0,1,-1,11,-1
3151,93.63232908,27.10375739,1,3,1,1,1,19:40,2,E09000007,6,0,6,30,3,4,6,0,0,0,1,1,1,0,0,1,1,E01000951,26-06-2018,2,1,1,2,57,9,3,0,0,0,0,-1,1,1
3152,93.61851843,27.10522252,1,2,1,1,1,23:56,2,E09000007,5,0,6,30,0,-1,-1,0,0,0,4,1,1,0,0,1,1,E01000860,26-06-2018,1,1,2,2,53,8,3,0,0,0,2,-1,11,-1
3153,93.60916476,27.09457715,1,3,2,1,5,18:40,2,E09000007,4,504,6,30,3,4,4,504,0,0,1,1,1,0,0,1,2,E01000937,16-06-2018,1,1,3,2,85,11,3,10,9,0,0,-1,0,-1
3154,93.61249254,27.09156844,1,3,1,1,7,22:40,2,E09000007,3,501,2,30,3,2,3,501,0,5,4,1,1,0,0,1,1,E01000938,25-06-2018,1,1,3,1,35,6,3,5,1,0,0,-1,0,1
3155,93.61648996,27.09567093,1,3,1,1,2,23:10,3,E09000019,3,1,6,30,3,4,5,0,0,5,4,1,1,0,0,1,1,E01002696,30-05-2018,1,1,1,1,29,6,3,0,0,0,0,-1,5,1
3156,93.62916002,27.09152452,1,3,2,1,6,10:45,3,E09000019,4,519,6,30,3,4,5,0,0,0,1,1,1,0,0,1,1,E01002770,10-06-2018,1,1,3,1,15,3,2,5,4,0,0,-1,0,1
3157,93.62125861,27.09794036,1,3,2,1,3,16:40,3,E09000019,3,501,6,30,6,2,5,0,0,5,1,1,1,0,0,1,1,E01002702,14-06-2018,1,1,1,2,26,6,3,0,0,0,0,-1,9,1
3158,93.62384925,27.08821299,1,3,2,1,3,07:20,2,E09000007,3,400,6,30,3,4,6,0,0,0,1,1,1,0,0,1,2,E01000921,21-06-2018,2,2,1,2,25,5,3,0,0,0,0,-1,9,1
3159,93.63106136,27.09364495,1,3,2,1,2,15:20,2,E09000007,5,0,6,30,3,4,5,0,0,0,1,1,1,0,0,1,2,E01000861,27-06-2018,1,1,3,1,27,6,3,1,3,0,0,-1,0,1
3160,93.62596969,27.09833586,1,3,2,1,2,07:30,2,E09000007,4,509,6,30,0,-1,-1,0,0,0,1,1,1,0,0,1,2,E01000929,20-06-2018,1,1,1,2,36,7,3,0,0,0,0,-1,9,1
3161,93.61651263,27.09986867,1,3,1,1,3,23:53,2,E09000007,6,0,6,30,3,4,6,0,0,0,4,1,1,0,0,1,1,E01000913,14-06-2018,2,1,1,2,49,8,3,0,0,0,0,-1,1,1
3162,93.60975322,27.09295537,1,3,1,1,1,02:33,1,E09000033,3,501,6,30,6,2,3,4201,0,5,7,1,1,0,0,1,1,E01004715,26-06-2018,1,1,1,2,32,6,3,0,0,0,0,-1,9,1
3163,93.62714353,27.10024604,1,3,2,2,3,17:48,3,E09000019,3,1,3,30,6,2,3,503,0,5,1,1,1,0,0,1,1,E01002731,07-06-2018,1,1,1,1,39,7,3,0,0,0,0,-1,1,1
3164,93.61415322,27.10236085,1,3,2,1,3,08:10,2,E09000007,4,510,6,30,3,4,6,0,0,0,1,1,1,0,0,1,1,E01000968,14-06-2018,1,1,1,1,51,8,3,0,0,0,0,-1,9,1
3165,93.61554257,27.09907426,1,3,2,1,7,11:42,3,E09000019,3,5203,6,30,3,4,5,0,0,1,1,1,1,0,0,1,1,E01002765,11-06-2018,2,1,1,1,28,6,3,0,0,0,0,-1,5,1
3166,93.63134409,27.1047976,1,3,2,1,2,10:30,2,E09000007,3,41,6,30,8,4,6,0,0,0,1,1,1,0,0,1,1,E01000972,20-06-2018,2,1,1,2,33,6,3,0,0,0,0,-1,2,1
3167,93.61457878,27.10564254,1,3,2,1,4,07:38,3,E09000019,5,0,6,30,6,4,6,0,0,0,1,1,1,0,0,1,1,E01002788,22-06-2018,1,1,3,1,35,6,3,5,3,0,0,-1,0,-1
3168,93.62764838,27.10223663,1,3,1,1,3,19:50,2,E09000007,3,401,6,30,3,4,6,0,0,0,1,1,1,0,0,1,1,E01000920,28-06-2018,1,1,2,1,29,6,3,0,0,1,0,-1,9,1
3169,93.61911528,27.10335461,1,3,2,1,3,15:05,2,E09000007,5,0,6,30,3,4,6,0,0,0,1,1,1,0,0,1,1,E01000971,07-06-2018,1,1,1,1,-1,-1,3,0,0,0,0,-1,10,1
3170,93.60817415,27.0900845,1,3,2,1,4,18:28,2,E09000007,6,0,6,30,6,4,6,0,0,0,1,2,2,0,0,1,1,E01000872,01-06-2018,1,2,2,1,30,6,3,0,0,0,0,-1,10,-1
3171,93.61976029,27.0884458,1,3,1,1,4,10:11,2,E09000007,3,400,2,30,6,2,5,0,0,5,1,1,1,0,0,1,1,E01000854,08-06-2018,1,3,2,1,31,6,3,0,0,0,0,-1,10,-1
3172,93.61642674,27.09841443,1,3,2,1,2,07:42,3,E09000019,3,1,6,30,3,4,4,515,0,0,1,1,1,0,0,1,1,E01002761,06-06-2018,1,4,2,1,31,6,3,0,0,0,0,-1,10,-1
3173,93.61027562,27.09990821,1,3,2,1,5,12:50,2,E09000007,3,400,2,30,3,2,4,506,0,5,1,1,1,0,0,1,1,E01000850,14-04-2018,1,1,3,1,51,8,3,5,9,0,0,-1,0,1
3174,93.63015048,27.10125068,1,3,2,1,2,11:15,2,E09000007,3,41,3,30,6,2,4,509,0,5,1,1,1,0,0,1,1,E01000961,20-06-2018,2,1,1,1,35,6,3,0,0,0,0,-1,5,1
3175,93.61792284,27.10112158,1,3,2,1,4,15:25,2,E09000007,3,5,6,30,0,-1,-1,0,0,5,1,1,1,0,0,1,1,E01000548,22-06-2018,1,1,3,1,51,8,3,1,3,0,0,-1,0,1
3176,93.61828208,27.08792733,1,2,1,1,3,10:28,2,E09000007,5,0,6,30,0,-1,-1,0,0,0,1,1,1,0,0,1,1,E01000899,28-06-2018,1,1,1,1,19,4,3,0,0,0,0,-1,9,1
3177,93.63305862,27.09151324,1,2,2,1,5,16:30,2,E09000007,3,401,6,30,6,4,6,0,0,0,1,2,2,0,0,1,1,E01000914,30-06-2018,1,1,3,2,34,6,3,10,9,0,0,-1,0,1
3178,93.61102403,27.1043303,1,3,2,1,1,10:40,1,E09000033,3,501,6,30,6,2,3,4201,0,5,1,1,1,0,0,1,1,E01000946,12-06-2018,2,1,1,1,26,6,2,0,0,0,0,-1,1,-1
3179,93.61640399,27.09503728,1,3,2,1,5,07:37,2,E09000007,3,401,6,30,3,4,6,0,0,0,1,2,2,0,0,1,1,E01000914,30-06-2018,1,1,1,1,54,8,3,0,0,0,0,-1,5,1
3180,93.61120898,27.09810645,1,3,1,1,3,16:00,3,E09000019,4,501,6,30,3,4,6,0,0,0,1,1,1,0,0,1,1,E01002723,24-05-2018,2,1,1,1,25,5,3,0,0,0,0,-1,1,-1
3181,93.62172135,27.09694607,1,3,2,1,5,17:15,2,E09000007,3,5202,6,30,6,2,3,503,0,5,1,1,1,0,0,1,2,E01000867,16-06-2018,1,1,1,1,25,5,3,0,0,0,0,-1,1,1