Accident_Index,longitude,latitude,Police_Force,Accident_Severity,Number_of_Vehicles,Number_of_Casualties,Day_of_Week,Time,Local_Authority_(District),Local_Authority_(Highway),1st_Road_Class,1st_Road_Number,Road_Type,Speed_limit,Junction_Detail,Junction_Control,2nd_Road_Class,2nd_Road_Number,Pedestrian_Crossing-Human_Control,Pedestrian_Crossing-Physical_Facilities,Light_Conditions,Weather_Conditions,Road_Surface_Conditions,Special_Conditions_at_Site,Carriageway_Hazards,Urban_or_Rural_Area,Did_Police_Officer_Attend_Scene_of_Accident,LSOA_of_Accident_Location,Date,Vehicle_Reference,Casualty_Reference,Casualty_Class,Sex_of_Casualty,Age_of_Casualty,Age_Band_of_Casualty,Casualty_Severity,Pedestrian_Location,Pedestrian_Movement,Car_Passenger,Bus_or_Coach_Passenger,Pedestrian_Road_Maintenance_Worker,Casualty_Type,Casualty_Home_Area_Type
3182,93.63035262,27.09391191,1,3,2,1,6,10:35,3,E09000019,3,401,6,30,6,2,3,201,0,5,1,1,1,0,0,1,1,E01002726,03-06-2018,1,1,1,1,33,6,3,0,0,0,0,-1,3,1
3183,93.62885865,27.10039071,1,3,2,1,1,12:20,3,E09000019,3,5203,6,30,3,4,3,5210,0,0,1,1,1,0,0,1,2,E01002711,12-06-2018,1,1,1,1,24,5,3,0,0,0,0,-1,1,1
3184,93.62981659,27.08924629,1,3,3,1,3,18:40,3,E09000019,3,501,6,30,3,2,4,144,0,5,1,1,1,0,0,1,2,E01001779,07-06-2018,1,1,1,1,25,5,2,0,0,0,0,-1,3,1
3185,93.62558278,27.09701548,1,3,2,1,4,22:00,2,E09000007,3,41,6,30,7,4,6,0,0,5,4,1,1,0,0,1,1,E01000963,22-06-2018,2,1,1,2,29,6,3,0,0,0,0,-1,1,1
3186,93.62300942,27.08942627,1,2,1,1,7,16:28,3,E09000019,3,1,6,30,0,-1,-1,0,0,4,1,1,1,0,0,1,1,E01002795,11-06-2018,1,2,2,1,20,4,3,0,0,0,4,-1,11,-1
3187,93.61650529,27.0970837,1,3,2,1,3,08:45,3,E09000019,3,5201,6,30,6,2,5,0,0,0,1,1,1,0,0,1,1,E01002705,07-06-2018,2,1,1,2,53,8,3,0,0,0,0,-1,9,1
3188,93.61130408,27.09149635,1,3,2,1,6,10:50,3,E09000019,3,501,6,30,0,-1,-1,0,0,1,1,1,1,0,0,1,1,E01002704,10-06-2018,1,1,3,1,59,9,3,5,9,0,0,-1,0,1
3189,93.62821936,27.09081926,1,2,2,1,4,16:30,2,E09000007,6,0,6,30,3,4,6,0,0,4,1,1,1,0,0,1,1,E01000948,29-06-2018,1,1,3,1,37,7,3,9,6,0,0,-1,0,1
3190,93.62245641,27.10061023,1,3,2,2,5,07:05,3,E09000019,3,501,2,30,7,2,3,501,0,5,1,1,1,0,0,1,1,E01002697,16-06-2018,1,1,3,2,34,6,2,10,9,0,0,-1,0,-1
3191,93.63021976,27.10481384,1,3,2,1,3,14:05,2,E09000007,3,40,2,30,3,4,6,0,0,0,1,1,1,0,0,1,1,E01000919,21-06-2018,1,1,3,2,25,5,3,10,3,0,0,-1,0,1
3192,93.60889975,27.09949204,1,3,2,1,2,16:45,3,E09000019,3,1199,6,30,3,2,3,1201,0,5,1,1,1,0,0,1,1,E01002719,13-06-2018,2,1,1,2,34,6,3,0,0,0,0,-1,1,-1
3193,93.61916265,27.09741473,1,3,1,1,2,16:44,3,E09000019,6,0,6,30,8,4,6,0,0,0,1,1,1,0,0,1,1,E01002766,20-06-2018,2,1,1,1,57,9,3,0,0,0,0,-1,5,1
3194,93.61696228,27.08887785,1,3,2,1,6,08:03,3,E09000019,3,201,6,30,6,2,3,401,0,5,1,1,1,0,0,1,1,E01002726,17-06-2018,2,1,1,1,36,7,3,0,0,0,0,-1,1,1
3195,93.63122623,27.08976515,1,3,2,1,4,09:15,2,E09000007,4,518,6,30,6,4,6,0,0,0,1,1,1,0,0,1,1,E01000928,29-06-2018,1,1,1,2,39,7,3,0,0,0,0,-1,3,1
3196,93.63422063,27.10625222,1,3,2,1,3,12:00,2,E09000007,3,40,6,30,3,4,6,0,0,0,1,1,1,0,0,1,1,E01000914,21-06-2018,1,1,1,1,35,6,3,0,0,0,0,-1,1,2
3197,93.60815504,27.10454753,1,3,2,1,7,12:00,2,E09000007,3,41,6,30,6,2,4,510,0,5,1,1,1,0,0,1,2,E01000871,02-07-2018,1,1,1,1,14,3,3,0,0,0,0,-1,1,-1
3198,93.61251803,27.0985472,1,3,2,1,7,14:25,2,E09000007,3,5202,6,30,3,4,6,0,0,0,1,1,1,0,0,1,1,E01000953,18-06-2018,1,1,1,1,20,4,2,0,0,0,0,-1,5,1
3199,93.61302509,27.10107627,1,3,2,1,6,09:10,2,E09000007,4,502,6,30,3,4,5,0,0,1,1,1,1,0,0,1,1,E01000915,24-06-2018,2,1,3,1,35,6,2,4,1,0,0,-1,0,1
3200,93.6221209,27.09318065,1,3,3,1,1,02:26,3,E09000019,3,1201,6,30,3,4,6,0,0,0,4,1,1,0,0,1,1,E01002747,26-06-2018,1,1,1,1,31,6,3,0,0,0,0,-1,4,1
3201,93.62546157,27.0914941,1,3,3,2,5,15:15,2,E09000007,5,0,6,30,0,-1,-1,0,0,0,1,1,1,0,0,1,1,E01000913,09-06-2018,1,1,1,2,38,7,3,0,0,0,0,-1,9,1
3202,93.61221288,27.09150093,1,3,1,1,3,08:39,2,E09000007,3,401,2,30,3,4,6,0,0,0,1,1,1,0,0,1,1,E01000914,28-06-2018,1,1,2,2,72,10,3,0,0,0,1,-1,11,1
3203,93.60918325,27.09590392,1,3,3,1,7,11:39,3,E09000019,3,1,2,30,3,4,5,0,0,4,1,1,1,0,0,1,1,E01002707,04-06-2018,1,1,3,1,32,6,3,1,1,0,0,-1,0,-1
3204,93.611189,27.10627719,1,2,2,1,2,08:11,2,E09000007,3,5,6,30,3,4,6,0,0,0,1,1,1,0,0,1,1,E01000548,27-06-2018,2,1,1,1,40,7,3,0,0,0,0,-1,4,1
3205,93.63436705,27.10108427,1,3,1,1,7,13:13,2,E09000007,3,41,6,30,6,2,4,509,0,5,1,1,1,0,0,1,1,E01000963,25-06-2018,2,1,1,1,30,6,3,0,0,0,0,-1,1,1
3206,93.61962522,27.0963145,1,3,2,1,5,12:45,2,E09000007,3,40,6,30,3,2,3,401,0,5,1,1,1,0,0,1,1,E01000918,30-06-2018,2,1,1,2,29,6,3,0,0,0,0,-1,2,1
3207,93.63003142,27.09370919,1,3,2,1,5,13:11,2,E09000007,3,502,6,30,3,2,5,0,0,5,1,1,1,0,0,1,1,E01000906,09-06-2018,1,1,1,1,30,6,3,0,0,0,0,-1,9,1
3208,93.62282641,27.10152831,1,3,2,1,2,13:12,3,E09000019,3,5203,3,30,3,4,6,0,0,0,1,1,1,0,0,1,1,E01002762,09-05-2018,3,1,1,1,23,5,3,0,0,0,0,-1,5,-1
3209,93.6183671,27.08799172,1,3,1,1,5,17:08,3,E09000019,3,5201,6,30,0,-1,-1,0,0,0,1,1,1,0,0,1,1,E01002706,07-07-2018,1,1,3,2,-1,-1,3,10,9,0,0,-1,0,-1
3210,93.61236084,27.08944309,1,3,2,1,7,00:35,2,E09000007,3,41,6,30,3,2,5,0,0,5,4,1,1,0,0,1,1,E01000972,02-07-2018,1,1,1,1,57,9,3,0,0,0,0,-1,9,1
3211,93.62932117,27.09304338,1,3,2,1,3,21:35,3,E09000019,3,400,6,30,3,4,6,0,0,1,4,1,1,0,0,1,1,E01002768,07-06-2018,1,1,1,1,48,8,3,0,0,0,0,-1,9,1
3212,93.63258132,27.08942844,1,3,2,1,3,19:45,2,E09000007,5,0,6,30,3,4,6,0,0,0,1,1,1,0,0,1,1,E01000849,14-06-2018,1,1,1,1,37,7,3,0,0,0,0,-1,3,1
3213,93.6197275,27.0896159,1,3,1,1,2,17:45,3,E09000019,6,0,6,30,0,-1,-1,0,0,0,1,1,1,0,0,1,1,E01002784,04-07-2018,1,1,1,1,37,7,3,0,0,0,0,-1,9,1
3214,93.62278996,27.09673345,1,3,2,1,5,01:15,2,E09000007,3,41,6,30,6,2,4,509,0,5,4,1,1,0,0,1,1,E01000961,23-06-2018,2,1,1,1,38,7,3,0,0,0,0,-1,9,1
3215,93.62872059,27.08990035,1,3,2,1,4,17:10,2,E09000007,3,501,6,30,5,4,3,501,0,0,1,1,1,0,0,1,1,E01002728,08-06-2018,1,1,3,2,27,6,3,1,9,0,0,-1,0,-1
3216,93.61198754,27.09598933,1,3,1,2,7,13:01,3,E09000019,3,501,6,30,3,4,5,0,0,1,1,1,1,0,0,1,1,E01002695,25-06-2018,2,1,1,1,40,7,3,0,0,0,0,-1,1,1
3217,93.62665079,27.10644429,1,3,1,1,7,20:00,3,E09000019,5,0,6,30,0,-1,-1,0,0,0,1,1,1,0,0,1,1,E01002754,02-07-2018,1,1,2,2,43,7,3,0,0,1,0,-1,9,1
3218,93.62236837,27.09358455,1,3,1,1,5,08:22,2,E09000007,3,503,6,30,3,4,6,0,0,0,1,1,1,0,0,1,1,E01000867,23-06-2018,1,1,1,1,44,7,3,0,0,0,0,-1,4,1
3219,93.62913466,27.10083389,1,3,2,1,7,13:01,3,E09000019,3,501,6,30,3,4,6,0,0,0,1,1,1,0,0,1,1,E01002728,25-06-2018,1,1,2,1,4,1,3,0,0,0,4,-1,11,-1
3220,93.6224885,27.10471945,1,3,2,1,1,21:35,2,E09000007,3,501,3,30,6,2,3,4200,0,5,4,1,1,0,0,1,1,E01000945,12-06-2018,2,1,1,1,24,5,3,0,0,0,0,-1,1,-1
3221,93.61362783,27.09350763,1,3,2,1,3,17:40,3,E09000019,3,5201,6,30,6,2,4,144,0,5,1,2,2,0,0,1,1,E01002706,28-06-2018,1,1,1,1,25,5,3,0,0,0,0,-1,9,-1
3222,93.6251827,27.09540295,1,3,1,1,7,20:22,2,E09000007,6,0,6,30,0,-1,-1,0,0,0,1,1,1,0,0,1,1,E01000854,02-07-2018,1,1,3,2,21,5,3,1,9,0,0,-1,0,1
3223,93.6340856,27.09130787,1,2,1,1,2,16:29,3,E09000019,3,503,6,30,3,2,3,503,0,5,1,1,1,0,0,1,1,E01002734,04-07-2018,1,1,1,1,26,6,3,0,0,0,0,-1,1,1
3224,93.6273132,27.09975177,1,3,2,1,3,16:25,3,E09000019,3,5200,6,30,8,4,6,0,0,0,1,1,1,4,0,1,1,E01002766,21-06-2018,1,1,1,2,67,10,3,0,0,0,0,-1,9,1
3225,93.61038725,27.10625551,1,3,2,1,6,20:29,28,E09000005,3,5,6,30,3,2,5,0,0,5,1,1,1,0,0,1,1,E01000561,01-07-2018,1,1,1,1,36,7,3,0,0,0,0,-1,5,-1
3226,93.63206674,27.09648138,1,3,2,1,4,15:03,3,E09000019,3,1,1,30,1,2,5,0,0,5,1,1,1,0,0,1,1,E01002772,15-06-2018,1,1,3,1,63,9,3,10,9,0,0,-1,0,-1
3227,93.60832445,27.09708815,1,3,3,1,4,11:50,3,E09000019,3,501,2,30,3,2,6,0,0,5,1,1,1,0,0,1,1,E01002707,29-06-2018,2,1,1,1,33,6,3,0,0,0,0,-1,1,1
3228,93.61584846,27.08854594,1,3,3,1,4,19:25,3,E09000019,3,1201,6,30,0,-1,-1,0,0,0,1,1,1,0,0,1,1,E01002791,25-05-2018,1,1,1,1,41,7,3,0,0,0,0,-1,5,1
3229,93.63146976,27.10369676,1,3,3,1,2,09:35,2,E09000007,5,0,6,30,3,4,6,0,0,0,1,1,1,0,0,1,1,E01000862,13-06-2018,1,1,3,1,24,5,3,6,9,0,0,-1,0,1
3230,93.6239118,27.08912782,1,3,2,1,4,11:06,4,E09000012,3,104,6,30,3,4,6,0,0,0,1,2,2,0,0,1,1,E01001756,15-06-2018,1,1,1,2,28,6,3,0,0,0,0,-1,5,1
3231,93.61156234,27.1006945,1,3,2,1,6,16:40,2,E09000007,6,0,2,30,3,4,6,0,0,0,1,1,1,0,0,1,1,E01000854,08-07-2018,2,1,1,1,37,7,3,0,0,0,0,-1,5,1
3232,93.61867944,27.09426257,1,3,1,1,4,21:30,2,E09000007,6,0,6,30,0,-1,-1,0,0,0,1,1,1,0,0,1,1,E01000946,06-07-2018,1,1,3,2,25,5,3,5,1,0,0,-1,0,-1
3233,93.62823714,27.08904834,1,3,2,1,6,09:05,2,E09000007,3,400,6,30,7,2,5,0,0,5,1,1,1,0,0,1,1,E01000856,08-07-2018,1,1,1,1,29,6,3,0,0,0,0,-1,1,-1
3234,93.62511604,27.10129819,1,3,2,1,4,17:00,2,E09000007,3,502,6,30,3,4,6,0,0,0,1,1,1,0,0,1,1,E01000899,22-06-2018,1,1,1,1,35,6,3,0,0,0,0,-1,1,1
3235,93.63421583,27.09409015,1,3,2,1,6,10:40,2,E09000007,3,401,6,30,6,2,5,0,0,5,1,1,1,0,0,1,1,E01000914,08-07-2018,1,1,1,1,29,6,3,0,0,0,0,-1,5,1
3236,93.63257639,27.08791151,1,3,1,1,7,13:41,2,E09000007,3,4201,6,30,7,2,3,502,0,5,1,1,1,0,0,1,1,E01000863,09-07-2018,1,1,1,1,21,5,3,0,0,0,0,-1,3,-1
3237,93.61915486,27.09020349,1,3,1,1,5,18:25,2,E09000007,3,501,6,30,6,2,3,400,0,5,1,1,1,0,0,1,1,E01000946,30-06-2018,1,1,1,1,28,6,3,0,0,0,0,-1,4,1
3238,93.62698142,27.09204236,1,3,2,1,6,11:00,3,E09000019,3,5203,6,30,3,4,5,0,0,0,1,1,1,0,0,1,1,E01002712,17-06-2018,1,1,3,1,27,6,3,4,1,0,0,-1,0,1
3239,93.62338343,27.10574975,1,3,2,1,4,17:24,3,E09000019,3,501,6,30,0,-1,-1,0,0,0,1,1,1,0,0,1,1,E01002704,08-06-2018,1,1,2,1,64,9,2,0,0,0,4,-1,11,1
3240,93.62638203,27.10140288,1,3,4,1,2,19:18,2,E09000007,3,502,6,30,0,-1,-1,0,0,0,1,1,1,0,0,1,1,E01000898,20-06-2018,1,2,2,2,62,9,3,0,0,0,4,-1,11,1
3241,93.62901872,27.10214765,1,3,2,1,5,06:50,2,E09000007,5,0,6,30,3,4,6,0,0,0,1,1,1,0,0,1,1,E01000918,23-06-2018,1,1,3,1,11,3,3,10,3,0,0,-1,0,-1
3242,93.61490741,27.1008414,1,3,2,1,4,22:08,2,E09000007,6,0,6,30,0,-1,-1,0,0,0,4,1,1,0,0,1,1,E01000954,18-05-2018,1,1,3,1,41,7,3,4,3,0,0,-1,0,1
3243,93.63458878,27.10369217,48,3,1,1,2,09:30,570,E09000001,3,40,1,30,1,2,4,500,0,0,1,1,1,0,0,1,1,E01000004,27-06-2018,1,1,3,2,56,9,3,5,2,0,0,-1,0,2
3244,93.61030166,27.10110728,1,3,1,1,7,21:00,2,E09000007,4,404,1,30,2,4,6,0,0,1,4,1,1,0,0,1,1,E01000919,09-07-2018,1,1,1,1,50,8,3,0,0,0,0,-1,1,1
3245,93.62422504,27.09296693,1,3,1,1,4,08:50,2,E09000007,4,511,6,30,6,4,4,511,0,1,1,1,1,0,0,1,1,E01000879,06-07-2018,2,1,1,1,37,7,3,0,0,0,0,-1,1,1
3246,93.62309908,27.10547084,1,2,3,1,4,07:52,2,E09000007,5,0,6,30,3,4,6,0,0,0,1,1,1,0,0,1,1,E01000974,22-06-2018,1,1,1,1,70,10,3,0,0,0,0,-1,3,1
3247,93.63242602,27.09248548,1,3,2,1,2,19:30,3,E09000019,4,519,1,30,1,2,3,1,0,5,1,1,1,0,0,1,1,E01002770,27-06-2018,1,1,3,1,18,4,3,6,9,0,0,-1,0,1
3248,93.61447667,27.09583728,1,3,2,1,1,22:58,3,E09000019,3,103,6,30,6,2,3,503,0,5,4,1,1,0,0,1,1,E01002730,03-07-2018,1,1,1,1,33,6,3,0,0,0,0,-1,3,1
3249,93.62583833,27.09895751,1,2,2,1,6,11:20,3,E09000019,3,1,6,30,3,4,6,0,0,0,1,1,1,0,0,1,1,E01002767,24-06-2018,1,1,3,2,38,7,3,6,9,0,0,-1,0,1
3250,93.6193936,27.09011422,1,3,2,1,6,07:08,2,E09000007,4,502,2,30,0,-1,-1,0,0,1,1,1,1,0,0,1,1,E01000914,01-07-2018,1,1,1,1,32,6,3,0,0,0,0,-1,4,1
3251,93.6288661,27.08847065,1,3,2,1,7,03:15,3,E09000019,3,201,6,30,7,4,3,201,0,1,4,1,2,0,0,1,1,E01000938,02-07-2018,1,1,3,2,26,6,3,1,3,0,0,-1,0,1
3252,93.62264707,27.0916116,1,3,2,2,1,13:15,2,E09000007,3,4200,3,30,3,4,5,0,0,0,1,1,1,0,0,1,2,E01000914,03-07-2018,1,1,1,1,59,9,3,0,0,0,0,-1,1,1
3253,93.6219998,27.10100275,1,3,2,2,2,21:48,2,E09000007,3,400,6,30,3,2,5,0,0,5,4,1,2,0,0,1,1,E01000927,04-07-2018,1,1,1,1,31,6,3,0,0,0,0,-1,5,1
3254,93.62330408,27.094503,1,3,2,1,4,07:25,3,E09000019,4,515,6,30,6,2,4,515,0,0,1,1,2,0,0,1,1,E01002699,06-07-2018,1,1,3,2,49,8,3,4,1,0,0,-1,0,1
3255,93.62067897,27.10555095,1,3,2,1,5,08:30,3,E09000019,5,0,6,30,3,4,6,0,0,0,1,2,2,0,0,1,1,E01002791,07-07-2018,2,1,1,1,20,4,3,0,0,0,0,-1,1,1
3256,93.60819647,27.09840968,1,2,1,1,4,16:40,2,E09000007,6,0,6,30,0,-1,-1,0,0,0,1,1,1,0,0,1,1,E01000914,13-07-2018,1,1,2,2,48,8,3,0,0,0,3,-1,11,-1
3257,93.62149535,27.1001916,1,3,2,1,7,16:15,2,E09000007,3,400,6,30,3,4,3,400,0,1,1,1,1,0,0,1,1,E01000947,18-06-2018,1,1,2,1,32,6,3,0,0,0,4,-1,11,-1
3258,93.61545266,27.10077246,1,3,2,1,5,11:40,3,E09000019,5,0,6,30,3,4,6,0,0,1,1,1,1,0,0,1,2,E01002785,07-07-2018,1,2,2,2,46,8,3,0,0,0,4,-1,11,1
3259,93.62422867,27.09991222,1,3,2,1,6,12:35,3,E09000019,3,5201,1,30,1,2,3,501,0,5,1,1,1,0,0,1,2,E01002704,10-06-2018,1,1,1,1,58,9,3,0,0,0,0,-1,1,1
3260,93.62020875,27.10325787,1,3,2,1,1,20:00,3,E09000019,3,1,6,30,6,2,3,503,0,5,1,1,1,0,0,1,1,E01002786,10-07-2018,1,1,3,1,14,3,3,10,9,0,0,-1,0,1
3261,93.62140826,27.10088139,1,3,2,1,3,17:44,3,E09000019,3,201,6,30,3,4,6,0,0,0,1,1,1,0,0,1,1,E01002724,12-07-2018,1,1,1,1,35,6,3,0,0,0,0,-1,5,1
3262,93.61558802,27.10297369,1,3,2,1,3,09:02,2,E09000007,3,400,6,30,3,4,6,0,0,0,1,1,1,0,0,1,1,E01000856,19-07-2018,1,1,3,1,27,6,3,5,3,0,0,-1,0,-1
3263,93.61784905,27.10267653,1,3,2,1,3,19:00,2,E09000007,3,41,3,30,3,4,6,0,0,0,1,1,1,0,0,1,1,E01000969,19-07-2018,1,1,3,2,15,3,3,5,1,0,0,-1,0,1
3264,93.62905986,27.10377139,1,3,2,1,5,16:50,2,E09000007,6,0,6,30,0,-1,-1,0,0,0,1,2,2,0,0,1,1,E01000855,30-06-2018,1,1,3,1,79,11,3,10,3,0,0,-1,0,-1
3265,93.62578786,27.10258915,1,3,2,1,3,06:20,3,E09000019,3,1,6,30,0,-1,-1,0,0,0,4,1,1,0,0,1,2,E01002770,12-07-2018,1,1,3,1,27,6,3,5,1,0,0,-1,0,-1
3266,93.63215372,27.08903534,1,3,2,1,6,18:12,2,E09000007,3,41,6,30,6,2,4,509,0,5,1,1,1,0,0,1,2,E01000963,15-04-2018,1,1,3,2,28,6,2,5,3,0,0,-1,0,-1
3267,93.61312442,27.09396139,1,3,1,1,2,16:30,2,E09000007,6,0,6,30,6,4,6,0,0,0,1,1,1,0,0,1,1,E01000934,27-06-2018,1,1,3,1,37,7,2,1,1,0,0,-1,0,-1
3268,93.62166038,27.08905236,1,3,1,1,2,18:02,3,E09000019,3,501,6,30,6,2,4,100,0,5,1,1,1,0,0,1,1,E01002704,27-06-2018,1,1,3,1,28,6,3,5,2,0,0,-1,0,1
3269,93.62210767,27.1004077,48,2,2,1,2,10:00,570,E09000001,3,40,6,30,0,-1,-1,0,0,5,1,1,1,0,0,1,2,E01000004,27-06-2018,1,1,3,2,22,5,3,5,1,0,0,-1,0,-1
3270,93.60963348,27.10357389,1,2,2,1,4,20:45,2,E09000007,5,0,6,30,6,2,5,0,0,0,1,1,1,0,0,1,1,E01000855,08-06-2018,1,1,1,2,25,5,3,0,0,0,0,-1,9,1
3271,93.61709456,27.1056079,1,3,2,1,3,09:40,3,E09000019,3,5201,6,30,8,4,6,0,0,0,1,1,1,0,0,1,2,E01002705,28-06-2018,1,1,3,2,12,3,3,10,9,0,0,-1,0,1
3272,93.63325702,27.09490929,1,3,2,1,6,10:00,2,E09000007,3,5202,2,30,3,4,3,5202,0,0,1,1,1,0,0,1,2,E01000957,15-07-2018,1,1,3,1,39,7,3,1,9,0,0,-1,0,-1
3273,93.62887794,27.08837175,1,3,1,1,6,12:00,3,E09000019,3,503,6,30,7,2,3,503,0,5,1,1,1,0,0,1,2,E01002734,01-07-2018,2,1,1,1,30,6,3,0,0,0,0,-1,1,1
3274,93.61371793,27.10661226,1,3,1,1,6,18:10,3,E09000019,3,5201,6,30,0,-1,-1,0,0,4,1,1,1,0,0,1,2,E01002706,01-07-2018,2,1,1,1,15,3,3,0,0,0,0,-1,1,1
3275,93.62007408,27.09840332,1,3,1,1,1,05:40,2,E09000007,3,400,6,30,0,-1,-1,0,0,0,4,1,1,0,0,1,2,E01000921,17-07-2018,1,1,3,2,24,5,3,9,8,0,0,-1,0,1
3276,93.61500053,27.09937847,1,3,2,1,3,19:00,2,E09000007,3,400,6,30,3,2,5,0,0,5,1,2,2,0,0,1,2,E01000927,05-07-2018,2,1,1,1,33,6,3,0,0,0,0,-1,8,1
3277,93.63390734,27.10481714,1,3,1,1,5,15:11,2,E09000007,3,501,6,30,6,4,3,400,0,0,1,1,1,0,0,1,1,E01000852,26-05-2018,1,1,3,1,7,2,3,5,1,0,0,-1,0,1
3278,93.62779468,27.10200054,1,3,1,1,7,00:40,2,E09000007,3,501,6,30,0,-1,-1,0,0,0,4,1,1,0,0,1,1,E01000851,30-07-2018,1,1,3,1,12,3,3,9,9,0,0,-1,0,-1
3279,93.6143338,27.10000379,1,3,2,1,4,00:50,2,E09000007,3,400,6,30,3,2,5,0,0,0,4,1,1,0,0,1,1,E01000950,06-07-2018,2,1,1,1,29,6,3,0,0,0,0,-1,1,1
3280,93.61416101,27.09038021,1,3,2,1,5,13:45,3,E09000019,6,0,6,30,8,4,6,0,0,0,1,1,1,0,0,1,2,E01002740,21-07-2018,1,1,2,1,23,5,3,0,0,1,0,-1,9,1
3281,93.62543202,27.10179584,1,2,2,1,4,17:10,3,E09000019,3,104,6,30,3,4,3,104,0,1,1,1,1,0,0,1,2,E01002794,20-07-2018,1,2,1,1,22,5,2,0,0,0,0,-1,9,1
3282,93.62304695,27.0976015,1,2,2,1,3,17:35,2,E09000007,4,509,6,30,0,-1,-1,0,0,0,1,1,1,0,0,1,1,E01000929,19-07-2018,1,1,1,1,38,7,3,0,0,0,0,-1,2,1
3283,93.62645782,27.09843621,1,3,2,1,1,11:30,2,E09000007,5,0,6,30,7,2,3,400,0,5,1,2,2,0,0,1,2,E01000856,24-07-2018,1,1,1,1,44,7,3,0,0,0,0,-1,4,1
3284,93.61765848,27.09019305,1,3,2,1,5,15:10,2,E09000007,4,518,6,30,3,4,6,0,0,1,1,1,1,0,0,1,2,E01000887,21-07-2018,1,2,3,1,-1,-1,3,4,1,0,0,-1,0,1
3285,93.62236981,27.09371824,1,3,2,1,4,15:41,2,E09000007,3,401,6,30,7,4,3,401,0,0,1,1,1,0,0,1,1,E01000914,13-07-2018,1,1,1,1,52,8,3,0,0,0,0,-1,9,1
3286,93.61691312,27.10409989,1,3,2,1,4,16:30,3,E09000019,3,1201,6,30,3,2,3,1201,0,5,1,1,1,0,0,1,2,E01002719,29-06-2018,1,1,1,1,40,7,3,0,0,0,0,-1,1,1
3287,93.62834897,27.09709135,1,3,2,1,5,07:28,3,E09000019,4,519,6,30,0,-1,-1,0,0,0,1,2,2,0,0,1,1,E01002770,07-07-2018,1,1,1,1,29,6,3,0,0,0,0,-1,5,1
3288,93.62978672,27.08985659,1,3,1,1,5,18:09,2,E09000007,3,4200,6,30,6,2,5,0,0,5,1,1,1,0,0,1,1,E01000852,30-06-2018,1,1,3,1,12,3,3,4,1,0,0,-1,0,1
3289,93.61440248,27.09499567,1,3,2,1,1,13:00,2,E09000007,4,511,6,30,0,-1,-1,0,0,0,1,1,1,0,0,1,1,E01000883,10-07-2018,1,1,1,1,-1,-1,3,0,0,0,0,-1,1,1
3290,93.63138742,27.10650364,1,3,2,1,2,16:15,3,E09000019,3,1201,6,30,3,4,6,0,0,0,1,1,1,0,0,1,1,E01002752,11-07-2018,1,1,3,1,43,7,3,5,1,0,0,-1,0,1
3291,93.62824532,27.09296753,1,3,1,1,2,17:40,2,E09000007,6,0,6,30,6,2,6,0,0,5,1,1,1,0,0,1,1,E01000851,11-07-2018,2,1,1,1,31,6,3,0,0,0,0,-1,9,2
3292,93.62551907,27.09232232,1,2,1,1,2,20:31,3,E09000019,6,0,6,30,0,-1,-1,0,0,0,1,1,1,0,0,1,1,E01002774,11-07-2018,1,1,2,1,-1,-1,3,0,0,1,0,-1,9,-1
3293,93.62427999,27.09718932,1,3,2,1,2,17:36,3,E09000019,3,501,6,30,6,2,5,0,0,5,1,1,1,0,0,1,1,E01002728,11-07-2018,2,1,1,1,35,6,3,0,0,0,0,-1,3,1
3294,93.6203995,27.09506079,1,3,3,1,2,18:10,2,E09000007,3,501,6,30,6,2,4,504,0,5,1,1,1,0,0,1,2,E01000956,11-07-2018,1,1,3,1,49,8,3,9,9,0,0,-1,0,1
3295,93.63263862,27.10293345,1,3,2,1,5,18:30,3,E09000019,3,501,6,30,0,-1,-1,0,0,0,1,1,2,0,0,1,2,E01002727,30-06-2018,1,1,2,2,33,6,3,0,0,0,4,-1,11,1
3296,93.61494766,27.1014071,1,3,2,1,5,19:00,2,E09000007,3,503,2,30,7,2,3,400,0,5,1,1,1,0,0,1,1,E01000863,07-07-2018,1,1,2,1,27,6,2,0,0,0,3,-1,11,1
3297,93.60817484,27.09881955,1,3,2,1,2,10:06,2,E09000007,3,503,6,30,8,4,6,0,0,0,1,1,1,0,0,1,1,E01000870,11-07-2018,1,1,3,2,51,8,3,4,1,0,0,-1,0,1
3298,93.62572284,27.1049522,1,3,1,1,2,10:32,2,E09000007,3,40,2,30,6,2,3,4200,0,5,1,1,1,0,0,1,1,E01000918,11-07-2018,1,1,3,1,40,7,3,10,9,0,0,-1,0,1
3299,93.6085684,27.08818464,1,3,1,1,2,21:35,2,E09000007,3,502,6,30,0,-1,-1,0,0,0,4,1,1,0,0,1,1,E01000858,11-07-2018,1,1,3,1,29,6,3,5,3,0,0,-1,0,-1
3300,93.63228587,27.10404444,1,3,2,1,7,01:40,2,E09000007,4,518,6,30,3,4,6,0,0,0,4,1,1,0,0,1,1,E01000928,30-07-2018,1,1,3,1,26,6,3,4,3,0,0,-1,0,1
3301,93.61968912,27.0922652,1,3,1,1,6,23:00,2,E09000007,3,501,2,30,6,2,3,5203,0,5,4,2,2,0,0,1,1,E01000938,22-07-2018,2,1,1,2,44,7,3,0,0,0,0,-1,9,1
3302,93.61813331,27.09420892,48,3,2,1,4,19:18,570,E09000001,3,40,6,30,3,2,4,400,0,0,1,1,1,0,0,1,1,E01000914,20-07-2018,1,1,1,2,54,8,3,0,0,0,0,-1,9,1
3303,93.61087566,27.09704348,1,3,1,1,3,11:49,2,E09000007,6,0,6,30,6,4,6,0,0,0,1,1,1,0,0,1,1,E01000945,12-07-2018,1,1,2,2,24,5,3,0,0,2,0,-1,9,1
3304,93.61032809,27.10019558,1,3,2,1,2,20:55,3,E09000019,3,1,6,30,6,2,5,0,0,5,1,1,1,0,0,1,1,E01002739,11-07-2018,1,1,3,1,20,4,3,5,1,0,0,-1,0,1