Accident_Index,longitude,latitude,Police_Force,Accident_Severity,Number_of_Vehicles,Number_of_Casualties,Day_of_Week,Time,Local_Authority_(District),Local_Authority_(Highway),1st_Road_Class,1st_Road_Number,Road_Type,Speed_limit,Junction_Detail,Junction_Control,2nd_Road_Class,2nd_Road_Number,Pedestrian_Crossing-Human_Control,Pedestrian_Crossing-Physical_Facilities,Light_Conditions,Weather_Conditions,Road_Surface_Conditions,Special_Conditions_at_Site,Carriageway_Hazards,Urban_or_Rural_Area,Did_Police_Officer_Attend_Scene_of_Accident,LSOA_of_Accident_Location,Date,Vehicle_Reference,Casualty_Reference,Casualty_Class,Sex_of_Casualty,Age_of_Casualty,Age_Band_of_Casualty,Casualty_Severity,Pedestrian_Location,Pedestrian_Movement,Car_Passenger,Bus_or_Coach_Passenger,Pedestrian_Road_Maintenance_Worker,Casualty_Type,Casualty_Home_Area_Type
3305,93.6282948,27.10068461,1,3,2,1,5,19:40,2,E09000007,3,503,6,30,0,-1,-1,0,0,0,1,1,1,0,0,1,1,E01000856,21-07-2018,1,1,1,2,42,7,3,0,0,0,0,-1,9,1
3306,93.62650132,27.08804161,1,2,2,2,4,09:21,2,E09000007,4,518,6,30,3,4,6,0,0,0,1,1,1,0,0,1,1,E01000888,13-07-2018,2,1,1,1,18,4,3,0,0,0,0,-1,3,1
3307,93.62254096,27.09430154,1,3,2,1,5,20:15,2,E09000007,3,40,2,30,3,4,6,0,0,0,1,1,1,0,0,1,1,E01000918,21-07-2018,2,2,3,2,39,7,3,6,9,0,0,-1,0,1
3308,93.62906434,27.09308701,1,3,2,1,2,15:10,2,E09000007,6,0,6,30,3,4,6,0,0,0,1,1,1,0,0,1,1,E01000946,18-07-2018,1,1,1,2,30,6,3,0,0,0,0,-1,9,1
3309,93.61858825,27.08896715,1,2,1,1,2,13:21,2,E09000007,6,0,6,30,3,4,6,0,0,0,1,1,1,0,0,1,1,E01000849,11-07-2018,1,1,1,1,31,6,2,0,0,0,0,-1,1,1
3310,93.61327555,27.09741629,1,3,2,1,7,10:50,2,E09000007,3,501,3,30,8,2,5,0,0,5,1,1,1,0,0,1,1,E01000852,16-07-2018,1,1,1,1,37,7,3,0,0,0,0,-1,9,1
3311,93.62627296,27.10411249,1,3,1,1,6,07:26,2,E09000007,5,0,6,30,3,4,6,0,0,0,1,1,1,0,0,1,1,E01000910,22-07-2018,1,1,1,1,43,7,3,0,0,0,0,-1,9,-1
3312,93.61281913,27.09131698,1,3,2,1,2,17:10,2,E09000007,3,40,6,30,6,2,3,4200,0,5,1,1,1,0,0,1,1,E01000918,11-07-2018,1,1,1,1,24,5,3,0,0,0,0,-1,3,1
3313,93.60869725,27.0960097,1,3,1,1,4,12:50,2,E09000007,3,400,2,30,3,4,6,0,0,0,1,1,1,0,0,1,1,E01000854,20-07-2018,1,1,2,2,23,5,3,0,0,0,4,-1,11,1
3314,93.6325233,27.10565101,1,2,2,2,6,22:47,2,E09000007,3,503,6,30,3,4,6,0,0,0,4,1,1,0,0,1,1,E01000865,22-07-2018,1,1,2,2,55,8,3,0,0,0,4,-1,11,1
3315,93.61990366,27.10407091,1,3,1,1,5,21:00,2,E09000007,4,518,6,30,3,4,4,518,0,1,4,1,1,0,0,1,1,E01000898,21-07-2018,1,1,3,1,53,8,3,4,3,0,0,-1,0,-1
3316,93.61550655,27.09389955,1,2,1,2,3,17:00,2,E09000007,6,0,6,30,3,4,4,525,0,0,1,1,1,0,0,1,1,E01000967,19-07-2018,1,1,3,2,40,7,3,6,9,0,0,-1,0,-1
3317,93.61392253,27.09304275,1,3,3,1,2,16:14,2,E09000007,3,4200,6,30,3,4,6,0,0,8,1,1,1,0,0,1,1,E01000914,06-06-2018,1,1,2,2,22,5,3,0,0,0,4,-1,11,1
3318,93.62028244,27.10447802,1,3,1,1,5,10:02,2,E09000007,3,400,6,30,0,-1,-1,0,0,0,1,2,2,6,0,1,1,E01000945,28-07-2018,1,2,2,1,56,9,3,0,0,0,3,-1,11,1
3319,93.62438013,27.09472103,1,3,2,1,5,13:37,2,E09000007,6,0,6,30,3,4,6,0,0,0,1,2,2,0,0,1,1,E01000918,16-06-2018,2,1,3,1,40,7,2,6,9,0,0,-1,0,-1
3320,93.6151842,27.08885018,1,3,2,1,1,21:15,3,E09000019,5,0,6,30,0,-1,-1,0,0,0,4,1,1,0,0,1,1,E01002786,03-07-2018,2,1,1,2,31,6,3,0,0,0,0,-1,1,1
3321,93.63460915,27.09671766,1,3,2,1,3,11:09,2,E09000007,3,400,6,30,3,4,6,0,0,0,1,1,1,4,0,1,1,E01000922,26-07-2018,1,1,1,1,17,4,3,0,0,0,0,-1,2,1
3322,93.62283073,27.08790293,1,3,1,1,4,18:35,3,E09000019,3,103,6,30,3,4,6,0,0,1,1,1,1,0,0,1,1,E01002758,15-06-2018,1,1,1,2,19,4,3,0,0,0,0,-1,3,1
3323,93.61314864,27.09985358,1,3,1,1,7,14:50,3,E09000019,3,1,3,30,3,4,6,0,0,0,1,1,1,0,0,1,1,E01002803,18-06-2018,1,1,1,1,22,5,3,0,0,0,0,-1,2,1
3324,93.61730251,27.09239133,1,3,2,1,3,07:55,3,E09000019,5,0,6,30,3,4,6,0,0,0,1,1,1,0,0,1,1,E01002698,05-07-2018,2,1,1,1,37,7,3,0,0,0,0,-1,1,1
3325,93.62481732,27.09497442,1,3,2,2,3,13:18,3,E09000019,3,1,6,30,0,-1,-1,0,0,0,1,1,1,0,0,1,1,E01002767,05-07-2018,2,1,1,1,30,6,3,0,0,0,0,-1,9,-1
3326,93.61767006,27.10422188,1,3,2,1,3,00:34,3,E09000019,3,501,6,30,6,2,5,0,0,5,4,1,1,0,0,1,1,E01002728,12-07-2018,1,1,3,2,30,6,3,10,9,0,0,-1,0,1
3327,93.61175174,27.10560227,1,3,1,1,3,11:40,2,E09000007,3,4200,6,30,3,4,6,0,0,0,1,1,1,0,0,1,1,E01000852,05-07-2018,2,1,1,2,37,7,3,0,0,0,0,-1,1,1
3328,93.62171459,27.08978995,1,3,1,1,4,11:30,3,E09000019,6,0,6,30,6,4,6,0,0,0,1,1,1,0,0,1,1,E01002796,06-07-2018,1,1,1,2,27,6,3,0,0,0,0,-1,9,1
3329,93.61437402,27.10477268,1,3,2,1,7,07:35,3,E09000019,6,0,2,30,6,3,6,0,0,0,1,1,1,0,0,1,1,E01002704,09-07-2018,2,1,1,1,14,3,3,0,0,0,0,-1,1,-1
3330,93.62057186,27.09639182,1,3,4,1,2,11:13,2,E09000007,3,201,6,30,6,2,6,0,0,5,1,1,1,0,0,1,1,E01000916,01-08-2018,1,1,3,1,31,6,2,4,1,0,0,-1,0,1
3331,93.61538154,27.09901784,1,3,2,1,2,15:20,2,E09000007,3,400,6,30,3,4,6,0,0,4,1,1,1,0,0,1,2,E01000947,27-06-2018,2,1,1,1,18,4,2,0,0,0,0,-1,3,1
3332,93.61109312,27.09741879,1,3,2,1,3,11:05,2,E09000007,3,503,6,30,0,-1,-1,0,0,0,1,1,1,0,0,1,1,E01000869,12-07-2018,1,1,1,1,34,6,3,0,0,0,0,-1,3,1
3333,93.62981605,27.09990443,1,3,2,1,6,00:34,3,E09000019,3,401,6,30,7,4,6,0,0,1,4,1,1,0,0,1,1,E01002726,29-04-2018,1,1,1,2,39,7,3,0,0,0,0,-1,4,1
3334,93.61548738,27.09803659,1,3,1,1,4,11:57,2,E09000007,3,401,6,30,6,2,3,5200,0,0,1,1,1,0,0,1,1,E01000914,27-07-2018,1,1,1,1,36,7,3,0,0,0,0,-1,1,1
3335,93.61833811,27.09094436,1,3,2,1,6,01:30,2,E09000007,3,501,6,30,3,2,6,0,0,0,4,1,1,0,0,1,1,E01000956,15-07-2018,1,1,1,1,26,6,3,0,0,0,0,-1,5,1
3336,93.62109347,27.10617223,1,3,2,1,5,19:20,2,E09000007,3,41,6,30,0,-1,-1,0,0,0,1,1,1,0,0,1,1,E01000961,14-07-2018,2,1,2,1,17,4,3,0,0,2,0,-1,9,3
3337,93.62814462,27.09161567,1,3,1,1,7,23:40,3,E09000019,3,1,6,30,0,-1,-1,0,0,1,4,1,1,0,0,1,1,E01002794,09-07-2018,1,1,1,2,22,5,3,0,0,0,0,-1,9,1
3338,93.62218154,27.0957887,1,3,2,1,2,19:53,3,E09000019,3,104,6,30,3,4,6,0,0,0,1,1,1,0,0,1,1,E01002797,11-07-2018,1,1,3,1,23,5,3,5,1,0,0,-1,0,1
3339,93.60969571,27.09229541,1,3,2,1,6,07:10,2,E09000007,3,5,6,30,0,-1,-1,0,0,0,1,1,1,0,0,1,1,E01004710,22-07-2018,2,1,1,1,31,6,3,0,0,0,0,-1,5,1
3340,93.63056428,27.09165256,1,3,2,1,7,15:30,2,E09000007,3,401,6,30,0,-1,-1,0,0,1,1,1,1,0,0,1,2,E01000915,23-07-2018,2,2,2,2,27,6,2,0,0,0,0,-1,5,1
3341,93.61694439,27.10609365,1,3,2,1,4,08:38,2,E09000007,3,4200,6,30,6,2,5,0,0,0,1,1,1,0,0,1,1,E01000852,20-07-2018,2,1,1,2,30,6,3,0,0,0,0,-1,1,-1
3342,93.61503989,27.08956634,1,2,2,1,6,20:50,3,E09000019,3,400,6,30,7,2,3,400,0,5,1,1,1,0,0,1,1,E01000921,15-07-2018,1,1,1,2,34,6,3,0,0,0,0,-1,3,1
3343,93.63384737,27.09072899,1,3,2,1,4,23:33,3,E09000019,3,501,6,30,0,-1,-1,0,0,0,4,1,1,0,0,1,1,E01002728,13-07-2018,1,1,1,1,34,6,2,0,0,0,0,-1,1,1
3344,93.63200893,27.10432977,1,3,2,1,5,15:30,3,E09000019,4,501,6,30,0,-1,-1,0,0,0,1,1,1,0,0,1,2,E01002727,23-06-2018,1,1,1,1,24,5,3,0,0,0,0,-1,1,1
3345,93.61035985,27.09433908,1,3,1,3,4,12:00,3,E09000019,3,1,6,30,3,4,6,0,0,0,1,1,1,0,0,1,1,E01002772,13-07-2018,1,1,3,1,49,8,3,1,1,0,0,-1,0,-1
3346,93.62857312,27.09916195,1,3,1,1,4,15:00,3,E09000019,3,1,6,30,0,-1,-1,0,0,0,1,1,1,0,0,1,1,E01002795,13-07-2018,1,1,2,1,39,7,3,0,0,1,0,-1,9,1
3347,93.62397934,27.09226566,1,3,1,1,5,12:34,3,E09000019,3,501,6,30,0,-1,-1,0,0,0,1,1,1,0,0,1,1,E01002707,14-07-2018,1,2,1,1,41,7,3,0,0,0,0,-1,9,1
3348,93.61918816,27.10348782,1,3,2,1,5,10:09,3,E09000019,3,1,6,30,3,4,6,0,0,0,1,1,1,0,0,1,1,E01002785,14-07-2018,1,1,2,2,24,5,3,0,0,0,3,-1,11,1
3349,93.62876641,27.09763925,1,2,1,1,1,01:42,2,E09000007,3,501,6,30,3,2,3,5200,0,5,4,1,1,0,0,1,1,E01000953,07-08-2018,1,1,1,2,25,5,3,0,0,0,0,-1,9,1
3350,93.61365446,27.09915128,1,3,3,2,6,19:27,3,E09000019,3,5201,6,30,0,-1,-1,0,0,1,1,1,1,0,0,1,1,E01002724,15-07-2018,1,1,1,1,20,4,3,0,0,0,0,-1,5,1
3351,93.63116945,27.10606753,1,3,2,1,5,13:10,3,E09000019,3,503,6,30,6,4,6,0,0,1,1,1,1,0,0,1,1,E01002783,14-07-2018,2,1,1,2,34,6,3,0,0,0,0,-1,1,1
3352,93.61978743,27.09966802,1,3,2,1,7,06:55,3,E09000019,3,1,6,30,6,2,5,0,0,5,1,1,1,0,0,1,1,E01002723,16-07-2018,2,1,1,1,-1,-1,3,0,0,0,0,-1,1,-1
3353,93.6180606,27.10299086,1,3,1,1,4,14:26,3,E09000019,6,0,6,30,0,-1,-1,0,0,0,1,1,1,0,0,1,1,E01002723,27-07-2018,1,1,1,2,34,6,3,0,0,0,0,-1,9,1
3354,93.62351089,27.10382294,1,3,1,1,6,17:48,3,E09000019,3,104,6,30,0,-1,-1,0,0,1,1,1,1,0,0,1,1,E01002716,22-07-2018,2,1,1,1,38,7,3,0,0,0,0,-1,9,1
3355,93.60958099,27.10198168,1,3,1,1,4,16:38,2,E09000007,3,40,6,30,7,2,5,0,0,5,1,1,1,0,0,1,1,E01000918,13-07-2018,1,1,3,1,68,10,3,5,1,0,0,-1,0,-1
3356,93.63083882,27.09305525,1,3,2,1,6,14:50,3,E09000019,3,1,3,40,6,2,3,503,0,5,1,1,1,0,0,1,1,E01002767,22-07-2018,1,1,1,1,28,6,3,0,0,0,0,-1,9,1
3357,93.61941398,27.09747085,1,2,2,1,6,07:40,2,E09000007,3,5200,2,30,3,4,6,0,0,0,1,1,1,0,0,1,1,E01002711,22-07-2018,2,1,2,1,41,7,3,0,0,0,3,-1,11,1
3358,93.61537882,27.10262216,1,3,1,1,1,12:25,3,E09000019,3,503,6,30,0,-1,-1,0,0,0,1,1,1,0,0,1,1,E01002748,17-07-2018,1,1,2,2,22,5,3,0,0,1,0,-1,9,-1
3359,93.63295794,27.09408655,1,3,1,1,5,22:30,2,E09000007,3,401,6,30,6,2,3,5200,0,0,4,1,1,0,0,1,1,E01000917,21-07-2018,1,1,1,1,-1,-1,3,0,0,0,0,-1,5,1
3360,93.62279327,27.10007205,1,3,2,1,7,23:42,2,E09000007,3,503,6,30,0,-1,-1,0,0,5,4,2,2,0,0,1,1,E01000856,23-07-2018,1,2,2,2,-1,-1,3,0,0,0,0,-1,5,1
3361,93.61741194,27.09320185,1,3,2,1,3,15:45,3,E09000019,3,103,6,30,3,2,5,0,0,5,1,1,1,0,0,1,1,E01002737,19-07-2018,2,1,1,2,64,9,3,0,0,0,0,-1,9,1
3362,93.63259085,27.09854362,1,3,2,1,1,11:10,3,E09000019,3,103,6,30,6,4,5,0,0,0,1,1,1,0,0,1,1,E01002737,24-07-2018,1,1,1,1,18,4,3,0,0,0,0,-1,9,1
3363,93.61559234,27.09028473,1,3,1,2,6,17:40,2,E09000007,3,40,6,30,6,2,5,0,0,5,1,1,1,0,0,1,1,E01000918,29-07-2018,1,1,1,1,20,4,3,0,0,0,0,-1,3,1
3364,93.61592578,27.0970281,1,3,1,1,5,14:35,3,E09000019,3,503,6,30,0,-1,-1,0,0,5,1,1,1,0,0,1,1,E01002748,14-07-2018,1,1,3,1,66,10,3,6,9,0,0,-1,0,-1
3365,93.60966814,27.09427764,1,3,2,1,5,14:40,3,E09000019,3,1,6,30,0,-1,-1,0,0,0,1,1,1,0,0,1,1,E01002761,28-07-2018,2,1,1,2,28,6,3,0,0,0,0,-1,4,1
3366,93.63067607,27.09271842,1,3,1,1,3,17:38,2,E09000007,4,511,6,30,3,4,5,0,0,1,1,1,1,0,0,1,1,E01000883,19-07-2018,2,1,1,2,25,5,3,0,0,0,0,-1,9,1
3367,93.618758,27.08965088,1,3,1,2,1,20:30,2,E09000007,3,5200,6,30,6,2,4,502,0,5,1,1,1,0,0,1,1,E01000920,31-07-2018,1,1,2,2,24,5,3,0,0,2,0,-1,8,-1
3368,93.62789704,27.09416667,1,3,2,1,2,18:20,2,E09000007,3,41,6,30,3,4,6,0,0,4,1,1,1,0,0,1,1,E01000972,01-08-2018,1,1,1,1,31,6,3,0,0,0,0,-1,9,1
3369,93.6217031,27.10154068,1,3,3,1,2,20:29,2,E09000007,3,503,6,30,3,4,6,0,0,0,1,1,1,0,0,1,1,E01000867,01-08-2018,2,2,1,1,35,6,3,0,0,0,0,-1,9,1
3370,93.62055065,27.1062936,1,3,2,1,1,17:15,2,E09000007,3,503,2,30,6,4,6,0,0,0,1,1,1,0,0,1,2,E01000861,17-04-2018,2,1,2,2,61,9,3,0,0,1,0,-1,9,1
3371,93.61062268,27.09193272,1,3,2,1,3,13:25,2,E09000007,3,4200,6,30,0,-1,-1,0,0,0,1,1,2,0,0,1,2,E01000855,19-04-2018,2,1,1,1,30,6,3,0,0,0,0,-1,9,1
3372,93.62152966,27.09277796,1,3,3,1,6,17:20,2,E09000007,6,0,6,30,7,4,6,0,0,0,1,1,1,0,0,1,1,E01000869,15-07-2018,2,2,2,2,26,6,3,0,0,1,0,-1,9,-1
3373,93.60879681,27.10392394,1,2,2,1,4,09:30,2,E09000007,4,525,6,30,3,4,6,0,0,0,1,2,2,0,0,1,2,E01000967,27-07-2018,2,1,1,1,29,6,3,0,0,0,0,-1,1,1
3374,93.61324514,27.09634689,1,3,2,1,3,18:30,2,E09000007,6,0,6,30,0,-1,-1,0,0,0,1,1,1,0,0,1,2,E01000842,26-07-2018,1,1,1,1,25,5,3,0,0,0,0,-1,1,1
3375,93.6187573,27.09326257,1,3,2,1,6,19:03,2,E09000007,4,509,6,30,3,4,6,0,0,0,4,1,1,0,0,1,1,E01000906,05-08-2018,2,1,1,1,17,4,3,0,0,0,0,-1,1,1
3376,93.60991846,27.08837091,1,3,2,1,4,12:55,2,E09000007,3,401,6,30,3,4,6,0,0,0,1,1,1,0,0,1,1,E01000914,10-08-2018,1,1,3,1,75,10,3,5,1,0,0,-1,0,1
3377,93.6168355,27.09562772,1,3,2,1,6,19:10,2,E09000007,3,400,6,30,7,2,5,0,0,5,1,1,1,0,0,1,1,E01000927,29-07-2018,1,1,3,1,40,7,3,5,3,0,0,-1,0,-1
3378,93.62297539,27.0924772,1,3,1,1,2,13:05,1,E09000033,3,400,6,30,7,2,3,401,0,5,1,1,1,0,0,1,1,E01004763,01-08-2018,1,1,3,1,54,8,3,9,9,0,0,-1,0,1
3379,93.62455009,27.09673678,1,3,2,1,2,19:05,2,E09000007,3,41,3,30,6,2,4,509,0,5,1,1,1,0,0,1,1,E01000961,01-08-2018,1,1,3,2,68,10,3,1,1,0,0,-1,0,-1
3380,93.62824591,27.09342311,1,3,1,1,1,22:45,4,E09000012,3,5201,6,30,8,4,3,5201,0,0,4,1,1,0,0,1,1,E01001780,10-07-2018,1,1,3,1,40,7,3,5,1,0,0,-1,0,1
3381,93.63315832,27.09496477,1,3,1,1,7,10:57,2,E09000007,3,400,6,30,3,4,5,0,0,0,1,1,1,0,0,1,1,E01000950,06-08-2018,1,1,3,1,6,2,2,10,9,0,0,-1,0,1
3382,93.61430564,27.09905638,1,3,1,1,3,14:40,2,E09000007,4,510,6,30,3,4,6,0,0,1,1,1,1,0,0,1,1,E01000969,02-08-2018,1,1,1,1,27,6,3,0,0,0,0,-1,5,1
3383,93.61351746,27.09892517,1,3,2,1,2,23:24,3,E09000019,5,0,6,30,8,4,6,0,0,0,4,1,1,0,0,1,1,E01001747,01-08-2018,1,1,1,1,41,7,3,0,0,0,0,-1,1,1
3384,93.63199777,27.08976039,1,3,2,1,1,22:20,2,E09000007,3,400,6,30,0,-1,-1,0,0,5,4,1,1,0,0,1,1,E01000928,31-07-2018,1,1,3,1,46,8,3,1,9,0,0,-1,0,-1
3385,93.63206998,27.09782606,1,3,1,1,7,06:42,2,E09000007,3,501,3,40,3,4,3,400,0,0,1,1,1,0,0,1,1,E01000852,06-08-2018,1,1,1,1,40,7,3,0,0,0,0,-1,1,1
3386,93.62927893,27.10527793,1,3,2,1,4,17:20,2,E09000007,3,4200,6,30,3,4,6,0,0,0,4,1,1,0,0,1,1,E01000852,16-02-2018,1,1,1,1,24,5,3,0,0,0,0,-1,3,1
3387,93.61961355,27.09939086,1,3,1,1,7,13:30,3,E09000019,3,1,6,30,5,4,6,0,0,0,1,1,1,0,0,1,2,E01002761,12-03-2018,1,1,3,2,29,6,2,1,3,0,0,-1,0,1
3388,93.63430322,27.09590191,1,3,1,1,6,12:10,3,E09000019,3,400,6,30,0,-1,-1,0,0,0,1,1,1,0,0,1,1,E01002770,08-04-2018,2,1,1,2,28,6,3,0,0,0,0,-1,1,1
3389,93.61829357,27.10492655,1,3,1,1,4,20:05,2,E09000007,3,40,6,30,6,2,3,40,0,0,1,1,1,0,0,1,2,E01000855,03-08-2018,2,1,1,1,25,5,3,0,0,0,0,-1,1,1
3390,93.62259508,27.09631507,1,2,2,2,1,19:33,2,E09000007,5,0,6,30,6,4,5,0,0,0,1,1,1,0,0,1,1,E01000899,07-08-2018,2,1,1,2,29,6,3,0,0,0,0,-1,1,1
3391,93.61437604,27.09619995,1,3,2,1,2,07:40,3,E09000019,4,515,6,30,6,4,6,0,0,0,1,1,1,0,0,1,1,E01002796,20-06-2018,1,1,1,1,46,8,3,0,0,0,0,-1,5,1
3392,93.61527708,27.10479075,1,3,1,2,7,12:05,3,E09000019,3,1,6,30,3,4,6,0,0,0,1,1,1,4,0,1,1,E01002772,23-07-2018,2,1,1,1,15,3,3,0,0,0,0,-1,1,1
3393,93.62199553,27.10660443,1,3,1,1,5,14:50,3,E09000019,6,0,6,30,0,-1,-1,0,0,0,1,1,1,0,0,1,1,E01002712,04-08-2018,1,1,3,1,44,7,3,1,1,0,0,-1,0,-1
3394,93.63103144,27.10459035,1,2,1,1,6,23:11,3,E09000019,3,1,6,30,3,4,6,0,0,4,4,1,1,0,0,1,1,E01002795,12-08-2018,1,1,2,2,83,11,3,0,0,0,3,-1,11,1
3395,93.63010257,27.09991964,1,3,3,1,4,10:37,3,E09000019,3,104,6,30,3,4,6,0,0,0,1,1,1,0,0,1,1,E01002722,03-08-2018,1,1,3,2,11,3,3,1,4,0,0,-1,0,1
3396,93.62182366,27.0900623,1,3,1,1,3,20:00,3,E09000019,3,1,6,30,3,4,3,1,0,0,4,1,1,0,0,1,2,E01002705,09-08-2018,1,1,3,1,25,5,3,1,1,0,0,-1,0,1
3397,93.62398013,27.09077623,1,3,1,1,3,12:45,3,E09000019,3,5201,6,30,6,2,4,501,0,0,1,1,1,0,0,1,1,E01002724,02-08-2018,2,1,1,1,33,6,2,0,0,0,0,-1,5,1
3398,93.60911243,27.10218868,1,3,2,1,7,10:15,3,E09000019,4,519,6,30,3,4,6,0,0,4,1,1,1,0,0,1,1,E01002770,06-08-2018,1,1,1,2,29,6,3,0,0,0,0,-1,9,-1
3399,93.62486334,27.08829608,1,3,2,1,2,13:15,3,E09000019,3,1200,6,30,6,2,6,0,0,5,1,1,1,0,0,1,1,E01002797,01-08-2018,1,2,2,2,24,5,3,0,0,1,0,-1,9,-1
3400,93.63285401,27.0936885,1,3,2,1,6,07:55,3,E09000019,3,1,6,30,3,4,6,0,0,0,1,2,2,0,0,1,1,E01002795,05-08-2018,2,3,1,1,35,6,2,0,0,0,0,-1,9,-1
3401,93.63098132,27.09244402,1,3,2,1,2,17:00,3,E09000019,6,0,6,30,3,4,6,0,0,0,1,1,1,0,0,1,1,E01002769,08-08-2018,1,1,3,1,30,6,2,4,1,0,0,-1,0,1
3402,93.62729934,27.10196859,1,3,1,2,3,08:25,3,E09000019,3,501,6,30,0,-1,-1,0,0,0,1,1,1,0,0,1,1,E01002728,09-08-2018,1,1,3,1,38,7,3,5,3,0,0,-1,0,1
3403,93.62049576,27.09221069,1,3,1,1,7,20:02,28,E09000005,3,5,6,30,0,-1,-1,0,0,0,4,1,1,0,0,1,1,E01000545,20-08-2018,1,1,3,2,14,3,3,5,2,0,0,-1,0,1
3404,93.63293234,27.10051705,1,3,2,1,5,21:15,3,E09000019,3,1199,6,30,0,-1,-1,0,0,0,4,1,2,0,0,1,1,E01002717,04-08-2018,1,1,1,1,37,7,3,0,0,0,0,-1,5,1
3405,93.61564613,27.09068024,1,3,2,1,6,17:10,2,E09000007,3,41,6,30,6,2,6,0,0,5,1,1,1,0,0,1,1,E01000972,05-08-2018,2,1,1,1,30,6,3,0,0,0,0,-1,1,-1
3406,93.61469551,27.09932606,1,3,1,1,1,14:55,2,E09000007,3,400,6,30,0,-1,-1,0,0,0,1,1,1,0,0,1,1,E01000928,07-08-2018,1,1,1,1,37,7,3,0,0,0,0,-1,9,1
3407,93.61786079,27.10409152,1,3,2,1,3,09:10,3,E09000019,3,1,6,30,0,-1,-1,0,0,0,1,1,1,0,0,1,1,E01002703,09-08-2018,1,1,2,1,-1,-1,3,0,0,0,3,-1,11,1
3408,93.63061972,27.09850093,1,3,2,1,4,12:30,2,E09000007,3,41,1,30,1,2,3,41,0,5,1,1,1,0,0,1,2,E01000963,10-08-2018,1,1,2,2,52,8,3,0,0,1,0,-1,9,1
3409,93.62742571,27.09441747,1,3,2,1,1,00:19,2,E09000007,3,4201,6,30,7,4,3,400,0,5,4,1,1,0,0,1,1,E01000863,14-08-2018,1,1,1,1,43,7,3,0,0,0,0,-1,9,1
3410,93.62413078,27.1007625,1,3,1,1,6,09:29,30,E09000003,3,598,6,30,3,4,6,0,0,0,1,1,1,0,0,1,1,E01000140,12-08-2018,1,1,2,2,24,5,3,0,0,0,2,-1,11,1
3411,93.62426916,27.09091656,1,2,2,1,6,02:30,3,E09000019,3,1,3,30,3,2,3,503,0,0,4,1,1,0,0,1,1,E01002763,29-07-2018,1,1,2,1,57,9,3,0,0,0,4,-1,11,-1
3412,93.61321187,27.09138347,1,3,1,1,6,14:03,3,E09000019,3,503,6,30,0,-1,-1,0,0,0,1,1,1,0,0,1,1,E01002730,15-07-2018,1,1,1,1,30,6,3,0,0,0,0,-1,9,1
3413,93.63392556,27.0910668,1,3,1,1,2,14:55,3,E09000019,3,1,6,30,3,4,5,0,0,0,1,1,1,0,0,1,1,E01002790,08-08-2018,1,1,3,1,24,5,3,5,3,0,0,-1,0,1
3414,93.62731517,27.09452151,1,3,2,1,7,23:15,2,E09000007,3,40,2,30,6,4,3,4200,0,5,4,1,1,0,0,1,1,E01000918,09-04-2018,1,1,3,1,60,9,3,4,4,0,0,-1,0,-1
3415,93.61585812,27.10067116,1,3,1,1,6,17:25,3,E09000019,3,104,6,30,3,4,6,0,0,1,1,1,1,0,0,1,1,E01002716,15-07-2018,1,1,2,2,54,8,3,0,0,0,3,-1,11,1
3416,93.62158332,27.09504727,1,3,2,1,1,04:27,3,E09000019,3,5203,6,30,6,2,5,0,0,0,4,1,1,0,0,1,1,E01002713,07-08-2018,1,1,2,2,-1,-1,3,0,0,0,4,-1,11,-1
3417,93.63187778,27.10391337,1,3,2,1,1,15:10,2,E09000007,3,5,6,30,3,4,6,0,0,0,1,1,1,0,0,1,1,E01000545,14-08-2018,1,1,3,1,56,9,3,5,1,0,0,-1,0,1
3418,93.61355053,27.09208502,1,3,2,2,5,15:30,4,E09000012,3,104,6,30,3,4,6,0,0,0,1,1,1,0,0,1,1,E01001756,04-08-2018,2,1,1,1,42,7,3,0,0,0,0,-1,1,1
3419,93.63047808,27.10651912,1,3,1,1,3,20:07,2,E09000007,4,510,6,30,3,2,4,520,0,5,1,1,1,4,0,1,1,E01000973,09-08-2018,2,1,1,2,26,6,3,0,0,0,0,-1,1,1
3420,93.61823595,27.0988834,1,3,2,1,4,11:35,2,E09000007,3,4201,6,30,3,4,6,0,0,0,1,1,1,0,0,1,1,E01000946,10-08-2018,1,1,1,1,31,6,3,0,0,0,0,-1,1,1
3421,93.60945003,27.09943926,1,2,2,2,4,11:19,3,E09000019,3,401,6,30,6,2,3,501,0,5,1,1,1,0,0,1,1,E01002727,10-08-2018,1,1,2,2,30,6,3,0,0,0,3,-1,11,1
3422,93.61202385,27.0948834,1,3,2,1,6,16:05,3,E09000019,6,0,6,30,8,4,6,0,0,0,1,1,1,0,0,1,1,E01002757,05-08-2018,1,1,1,1,31,6,3,0,0,0,0,-1,5,1
3423,93.61811022,27.10050903,1,3,2,1,4,08:01,2,E09000007,3,400,2,30,7,2,3,4201,0,5,1,1,1,0,0,1,1,E01000863,17-08-2018,1,1,1,2,58,9,2,0,0,0,0,-1,1,1
3424,93.62279327,27.09132294,1,3,1,1,4,22:30,2,E09000007,5,0,6,30,3,4,6,0,0,0,4,1,1,0,0,1,1,E01000860,17-08-2018,1,1,1,1,50,8,3,0,0,0,0,-1,5,1
3425,93.63161781,27.10617904,1,3,1,1,1,14:25,3,E09000019,3,503,6,30,3,2,3,503,0,5,1,1,1,0,0,1,1,E01002734,10-07-2018,1,1,1,1,48,8,3,0,0,0,0,-1,1,1
3426,93.62859517,27.09426753,1,3,2,1,4,10:00,3,E09000019,3,104,6,30,6,2,3,1200,0,5,1,1,1,0,0,1,2,E01002797,13-07-2018,1,1,3,2,27,6,3,5,3,0,0,-1,0,-1