Accident_Index,longitude,latitude,Police_Force,Accident_Severity,Number_of_Vehicles,Number_of_Casualties,Day_of_Week,Time,Local_Authority_(District),Local_Authority_(Highway),1st_Road_Class,1st_Road_Number,Road_Type,Speed_limit,Junction_Detail,Junction_Control,2nd_Road_Class,2nd_Road_Number,Pedestrian_Crossing-Human_Control,Pedestrian_Crossing-Physical_Facilities,Light_Conditions,Weather_Conditions,Road_Surface_Conditions,Special_Conditions_at_Site,Carriageway_Hazards,Urban_or_Rural_Area,Did_Police_Officer_Attend_Scene_of_Accident,LSOA_of_Accident_Location,Date,Vehicle_Reference,Casualty_Reference,Casualty_Class,Sex_of_Casualty,Age_of_Casualty,Age_Band_of_Casualty,Casualty_Severity,Pedestrian_Location,Pedestrian_Movement,Car_Passenger,Bus_or_Coach_Passenger,Pedestrian_Road_Maintenance_Worker,Casualty_Type,Casualty_Home_Area_Type
3427,93.61423402,27.1056033,1,3,2,1,4,23:40,2,E09000007,3,41,6,30,3,2,5,0,0,5,4,1,1,0,0,1,1,E01000960,17-08-2018,1,1,1,1,51,8,3,0,0,0,0,-1,11,1
3428,93.62564598,27.08958851,1,3,2,1,5,20:34,3,E09000019,3,503,6,30,6,4,6,0,0,4,4,1,1,0,0,1,1,E01002764,28-07-2018,1,1,1,1,-1,-1,3,0,0,0,0,-1,9,1
3429,93.61719336,27.10116157,1,3,1,1,6,12:25,2,E09000007,3,501,3,30,6,2,3,4200,0,5,1,1,1,0,0,1,1,E01000852,29-07-2018,1,1,1,1,59,9,3,0,0,0,0,-1,8,-1
3430,93.61660253,27.09468588,1,3,1,1,4,15:45,2,E09000007,4,502,6,30,0,-1,-1,0,0,0,1,1,1,0,0,1,1,E01000937,03-08-2018,2,1,1,1,40,7,3,0,0,0,0,-1,1,1
3431,93.62703939,27.10448803,1,3,2,1,5,18:20,2,E09000007,5,0,6,30,3,4,3,400,0,0,1,1,1,0,0,1,1,E01000856,23-06-2018,1,1,3,2,21,5,3,5,1,0,0,-1,0,1
3432,93.60965759,27.10132835,1,3,2,1,4,13:09,2,E09000007,5,0,6,30,3,4,6,0,0,0,1,5,2,0,0,1,1,E01000913,24-08-2018,1,1,1,2,41,7,3,0,0,0,0,-1,9,1
3433,93.61999822,27.09898985,1,3,2,1,2,08:50,3,E09000019,3,5201,6,30,6,4,5,0,0,0,1,1,1,0,0,1,1,E01002724,25-07-2018,2,1,1,1,58,9,3,0,0,0,0,-1,9,1
3434,93.622691,27.09257607,1,3,2,1,5,09:00,2,E09000007,3,400,6,30,3,4,6,0,0,4,1,1,1,0,0,1,1,E01000921,11-08-2018,2,1,1,1,26,6,2,0,0,0,0,-1,5,-1
3435,93.63234361,27.09840212,1,3,2,1,6,16:25,2,E09000007,6,0,6,30,3,4,6,0,0,0,1,1,1,0,0,1,1,E01000880,08-07-2018,2,1,1,1,39,7,3,0,0,0,0,-1,1,-1
3436,93.60869157,27.1047128,1,3,2,1,7,10:55,2,E09000007,3,5200,2,30,7,2,3,501,0,5,1,1,1,0,0,1,1,E01000953,07-05-2018,3,2,1,1,39,7,3,0,0,0,0,-1,1,1
3437,93.6279725,27.09056624,1,2,1,1,2,21:12,2,E09000007,6,0,6,30,0,-1,-1,0,0,0,1,1,1,0,0,1,1,E01000899,11-07-2018,1,1,1,1,26,6,3,0,0,0,0,-1,4,1
3438,93.61065568,27.09712966,1,2,1,1,5,13:47,2,E09000007,3,4201,2,30,7,2,3,400,0,5,1,1,1,0,0,1,1,E01000863,11-08-2018,2,1,1,1,-1,-1,3,0,0,0,0,-1,1,-1
3439,93.61396777,27.10557149,1,3,2,1,2,13:30,2,E09000007,4,510,6,30,3,4,6,0,0,0,1,1,1,0,0,1,1,E01000932,08-08-2018,1,1,1,1,31,6,3,0,0,0,0,-1,9,1
3440,93.6295653,27.10614217,1,3,2,1,6,18:30,2,E09000007,3,5201,6,30,3,2,3,401,0,5,1,1,1,0,0,1,1,E01000914,29-07-2018,1,1,1,1,45,7,3,0,0,0,0,-1,9,-1
3441,93.61404516,27.09991445,1,3,2,1,4,09:00,2,E09000007,3,5202,2,30,3,4,3,5202,0,0,1,1,1,0,0,1,1,E01000867,24-08-2018,1,2,2,2,-1,-1,3,0,0,1,0,-1,9,-1
3442,93.63224659,27.1019349,1,2,2,1,3,15:40,2,E09000007,6,0,6,30,3,4,6,0,0,0,1,1,1,0,0,1,1,E01004716,02-08-2018,1,1,1,1,27,6,3,0,0,0,0,-1,1,1
3443,93.60934639,27.09266322,1,3,1,1,3,12:41,2,E09000007,3,501,6,30,7,2,3,5200,0,5,1,1,1,0,0,1,1,E01000953,09-08-2018,1,1,1,1,34,6,3,0,0,0,0,-1,2,1
3444,93.62134556,27.09381845,1,3,2,1,1,21:00,2,E09000007,6,0,6,30,3,4,6,0,0,0,4,1,1,0,0,1,1,E01004727,14-08-2018,1,1,3,2,40,7,3,9,5,0,0,-1,0,1
3445,93.61146969,27.09732332,1,2,2,1,5,23:47,3,E09000019,3,1,1,30,1,4,3,1200,0,0,4,1,1,0,0,1,1,E01002795,18-08-2018,1,1,2,2,67,10,3,0,0,0,3,-1,11,1
3446,93.62623376,27.09929354,1,3,2,1,7,16:50,2,E09000007,3,502,6,30,6,4,3,502,0,1,1,1,1,0,0,1,2,E01000863,13-08-2018,1,1,3,1,41,7,3,4,1,0,0,-1,0,1
3447,93.61915747,27.09542466,1,2,1,1,4,11:21,2,E09000007,4,517,6,30,0,-1,-1,0,0,1,1,1,1,0,0,1,1,E01000900,17-08-2018,1,1,3,1,10,2,3,5,2,0,0,-1,0,1
3448,93.62205759,27.1061883,1,3,2,1,3,18:10,3,E09000019,6,0,6,30,3,4,6,0,0,0,1,1,1,0,0,1,1,E01002806,21-06-2018,2,1,1,1,14,3,3,0,0,0,0,-1,1,1
3449,93.62872293,27.09877465,1,3,2,1,5,22:25,3,E09000019,6,0,6,30,3,4,6,0,0,0,4,1,1,0,0,1,1,E01002739,18-08-2018,1,1,1,1,55,8,3,0,0,0,0,-1,9,-1
3450,93.63025478,27.09499736,1,3,1,1,4,13:00,3,E09000019,3,201,6,30,3,2,6,0,0,5,1,1,1,0,0,1,1,E01002724,10-08-2018,1,2,3,2,34,6,3,7,9,0,0,-1,0,1
3451,93.60971738,27.09436229,1,3,1,1,5,08:35,2,E09000007,4,519,6,30,3,4,6,0,0,1,1,1,1,0,0,1,1,E01000913,18-08-2018,1,1,3,1,80,11,3,4,1,0,0,-1,0,-1
3452,93.62811136,27.10185201,1,3,1,1,6,03:07,2,E09000007,3,400,6,30,0,-1,-1,0,0,0,4,1,1,0,0,1,1,E01000921,19-08-2018,1,1,1,1,41,7,3,0,0,0,0,-1,1,1
3453,93.63402113,27.09018812,1,3,2,1,5,20:30,2,E09000007,3,201,6,30,3,4,6,0,0,0,1,1,1,0,0,1,2,E01000916,18-08-2018,2,1,1,1,40,7,3,0,0,0,0,-1,1,1
3454,93.62512076,27.08874711,1,2,1,1,5,12:20,3,E09000019,3,104,6,30,3,4,6,0,0,0,1,1,1,0,0,1,1,E01002799,18-08-2018,1,1,3,1,20,4,3,1,1,0,0,-1,0,1
3455,93.63343441,27.10052266,1,3,1,1,5,09:16,3,E09000019,3,501,6,30,6,2,3,1,0,5,1,1,1,0,0,1,1,E01002727,18-08-2018,2,1,1,1,28,6,3,0,0,0,0,-1,4,1
3456,93.63422284,27.0911926,1,3,2,1,1,11:01,3,E09000019,3,1,6,30,3,4,5,0,0,1,1,1,1,0,0,1,1,E01002794,31-07-2018,1,1,1,1,57,9,3,0,0,0,0,-1,9,1
3457,93.6335424,27.10526579,1,3,2,1,4,01:00,3,E09000019,3,503,6,30,6,2,3,5203,0,5,4,1,1,0,0,1,1,E01002764,31-08-2018,2,2,1,1,20,4,3,0,0,0,0,-1,9,1
3458,93.6241408,27.0904526,1,2,2,2,1,16:15,3,E09000019,3,1,6,30,6,2,5,0,0,5,1,1,1,0,0,1,1,E01002723,28-08-2018,2,3,2,2,-1,-1,3,0,0,1,0,-1,9,-1
3459,93.63446518,27.10294926,1,3,2,2,7,08:49,3,E09000019,3,104,6,30,3,4,6,0,0,4,1,1,1,0,0,1,1,E01002801,06-08-2018,1,1,1,1,37,7,3,0,0,0,0,-1,9,1
3460,93.631407,27.09768575,1,3,2,1,5,22:44,3,E09000019,3,1201,6,30,3,4,6,0,0,0,4,1,1,0,0,1,1,E01002740,01-09-2018,1,1,2,2,1,1,3,0,0,1,0,-1,9,1
3461,93.62502384,27.09771764,1,3,2,1,2,16:20,2,E09000007,3,400,6,30,3,4,6,0,0,0,1,1,1,0,0,1,1,E01000945,15-08-2018,2,1,1,1,36,7,3,0,0,0,0,-1,1,1
3462,93.62877568,27.09296398,1,3,1,1,7,10:14,2,E09000007,3,503,6,30,3,4,3,503,0,4,1,1,1,0,0,1,1,E01000861,20-08-2018,2,1,1,1,32,6,3,0,0,0,0,-1,3,-1
3463,93.62620467,27.09151764,1,3,4,1,1,08:49,2,E09000007,3,502,6,30,6,2,4,511,0,5,1,1,1,0,0,1,1,E01000879,21-08-2018,2,1,1,2,39,7,3,0,0,0,0,-1,9,-1
3464,93.6327744,27.08792113,1,3,2,1,7,13:30,2,E09000007,3,502,2,30,0,-1,-1,0,0,5,1,1,1,0,0,1,1,E01000863,20-08-2018,2,1,1,1,16,4,3,0,0,0,0,-1,2,1
3465,93.61772923,27.09783339,1,2,2,1,7,16:30,3,E09000019,4,519,6,30,0,-1,-1,0,0,0,1,2,2,0,0,1,1,E01002770,13-08-2018,3,1,2,2,32,6,3,0,0,1,0,-1,9,-1
3466,93.61210777,27.10342853,1,3,1,1,6,12:10,3,E09000019,5,0,6,30,3,4,6,0,0,5,1,2,2,0,0,1,1,E01002777,19-08-2018,1,1,1,1,35,6,3,0,0,0,0,-1,3,1
3467,93.60868044,27.09690576,1,3,2,1,7,12:48,3,E09000019,3,1,6,30,3,2,3,103,0,5,1,1,1,0,0,1,1,E01002761,20-08-2018,2,1,1,1,33,6,3,0,0,0,0,-1,1,1
3468,93.62448926,27.10126936,1,3,2,1,2,19:00,3,E09000019,6,0,6,30,8,4,6,0,0,0,1,2,2,0,0,1,1,E01002778,22-08-2018,1,1,1,2,46,8,3,0,0,0,0,-1,1,1
3469,93.6121243,27.08979792,1,3,1,1,2,13:28,2,E09000007,4,509,6,30,0,-1,-1,0,0,0,1,2,2,0,0,1,1,E01000934,22-08-2018,1,1,1,1,41,7,3,0,0,0,0,-1,5,1
3470,93.62539936,27.09014056,1,3,2,1,3,10:15,3,E09000019,3,5201,6,30,6,4,6,0,0,0,1,1,1,0,0,1,1,E01002724,23-08-2018,2,1,1,2,23,5,3,0,0,0,0,-1,9,1
3471,93.62700404,27.10101935,1,3,1,1,2,10:00,3,E09000019,3,400,6,30,3,4,6,0,0,0,1,2,2,0,0,1,1,E01002768,22-08-2018,1,1,2,1,-1,-1,3,0,0,2,0,-1,9,-1
3472,93.61670823,27.09649715,1,3,1,1,2,21:26,2,E09000007,3,41,6,30,7,2,3,41,0,5,4,2,2,0,0,1,1,E01000963,22-08-2018,1,1,1,1,25,5,3,0,0,0,0,-1,9,1
3473,93.6097873,27.09619845,1,2,1,1,6,16:10,3,E09000019,3,503,6,30,0,-1,-1,0,0,0,1,1,1,0,0,1,1,E01002734,05-08-2018,1,1,3,1,30,6,3,9,9,0,0,-1,0,-1
3474,93.62176842,27.10563649,1,3,1,1,4,13:42,2,E09000007,3,400,6,30,0,-1,-1,0,0,5,1,2,2,0,0,1,1,E01000921,24-08-2018,1,1,2,1,24,5,3,0,0,0,2,-1,11,-1
3475,93.63322905,27.09325226,1,2,1,1,5,02:19,2,E09000007,3,501,6,30,0,-1,-1,0,0,0,4,1,2,0,0,1,1,E01000852,25-08-2018,3,1,1,1,49,8,3,0,0,0,0,-1,9,1
3476,93.62818073,27.08827253,48,3,2,1,5,13:10,570,E09000001,3,40,6,30,0,-1,-1,0,0,5,1,1,1,0,0,1,1,E01000914,25-08-2018,1,1,2,2,23,5,3,0,0,1,0,-1,9,1
3477,93.62282923,27.09921027,1,3,2,1,4,09:10,3,E09000019,3,1,6,30,8,4,6,0,0,0,1,1,1,0,0,1,1,E01002774,17-08-2018,1,1,1,1,37,7,2,0,0,0,0,-1,9,1
3478,93.61092718,27.08878172,1,3,2,1,4,10:45,3,E09000019,3,503,6,30,3,4,6,0,0,0,1,2,2,0,0,1,1,E01002730,24-08-2018,1,1,1,1,45,7,3,0,0,0,0,-1,3,1
3479,93.62680126,27.10215553,1,3,2,1,6,14:08,3,E09000019,5,0,6,30,3,4,6,0,0,0,1,1,1,0,0,1,1,E01002758,02-09-2018,1,1,3,1,31,6,3,1,3,0,0,-1,0,-1
3480,93.60951859,27.09852451,1,2,2,1,3,07:35,3,E09000019,3,1,6,30,8,4,6,0,0,0,1,1,1,0,0,1,1,E01002795,30-08-2018,1,1,1,1,50,8,3,0,0,0,0,-1,9,-1
3481,93.62188055,27.1032142,1,3,2,1,1,22:00,2,E09000007,5,0,6,30,3,4,6,0,0,1,4,1,1,0,0,1,1,E01000894,04-09-2018,1,2,2,1,26,6,3,0,0,2,0,-1,9,1
3482,93.62925306,27.09233074,1,3,2,1,2,07:45,3,E09000019,3,105,6,30,6,2,3,1199,0,5,1,1,1,0,0,1,1,E01002776,11-07-2018,2,1,1,1,29,6,3,0,0,0,0,-1,1,-1
3483,93.62176921,27.1055828,1,2,2,1,6,15:04,2,E09000007,3,501,6,30,3,2,4,522,0,0,1,1,1,0,0,1,1,E01000852,26-08-2018,2,1,2,1,-1,-1,3,0,0,1,0,-1,9,-1
3484,93.61327176,27.09754409,1,3,1,1,5,12:53,2,E09000007,3,4200,6,30,6,2,3,401,0,5,1,1,1,0,0,1,1,E01000914,01-09-2018,2,1,1,1,-1,-1,3,0,0,0,0,-1,1,-1
3485,93.62338409,27.09791674,1,3,2,2,5,15:50,2,E09000007,3,5202,2,30,3,4,6,0,0,0,1,1,1,0,0,1,1,E01000958,25-08-2018,2,1,1,1,34,6,3,0,0,0,0,-1,2,-1
3486,93.63115697,27.10076717,1,3,2,1,5,19:50,3,E09000019,3,1,6,30,3,4,5,0,0,1,4,1,2,0,0,1,1,E01002794,25-08-2018,1,1,1,1,46,8,3,0,0,0,0,-1,19,1
3487,93.6106973,27.09055043,1,3,2,1,4,04:30,2,E09000007,3,201,6,30,6,2,6,0,0,5,4,1,1,0,0,1,1,E01000916,31-08-2018,1,1,1,1,36,7,3,0,0,0,0,-1,9,-1
3488,93.61555709,27.09909456,1,3,2,1,5,00:35,2,E09000007,3,503,2,30,6,4,5,0,0,1,4,1,1,0,0,1,1,E01000947,18-08-2018,2,1,2,2,27,6,3,0,0,0,0,-1,19,1
3489,93.61711463,27.09442494,1,3,1,1,7,13:08,2,E09000007,3,400,3,30,0,-1,-1,0,0,4,1,1,1,0,0,1,1,E01000945,03-09-2018,1,1,3,1,17,4,3,10,9,0,0,-1,0,1
3490,93.62615344,27.10220334,1,3,2,1,5,18:50,28,E09000005,3,5,6,30,3,2,5,0,0,0,1,1,1,0,0,1,1,E01000875,01-09-2018,2,1,1,1,11,3,2,0,0,0,0,-1,1,-1
3491,93.61364793,27.09973393,1,3,1,1,6,18:00,3,E09000019,3,501,6,30,3,4,6,0,0,0,1,1,1,0,0,1,1,E01002707,26-08-2018,2,1,1,1,35,6,3,0,0,0,0,-1,1,1
3492,93.63114706,27.10631865,1,3,2,1,7,18:14,2,E09000007,3,400,2,30,3,4,6,0,0,0,1,1,1,0,0,1,1,E01000851,27-08-2018,1,1,3,1,14,3,3,10,9,0,0,-1,0,1
3493,93.61144595,27.10259192,1,3,1,1,4,00:48,3,E09000019,3,503,6,30,0,-1,-1,0,0,0,4,1,1,0,0,1,1,E01002734,24-08-2018,1,1,3,1,14,3,2,5,9,0,0,-1,0,-1
3494,93.63409742,27.08922273,1,3,1,1,4,15:30,3,E09000019,6,0,6,30,0,-1,-1,0,0,0,1,1,1,0,0,1,1,E01002735,07-09-2018,2,1,1,2,-1,-1,3,0,0,0,0,-1,1,-1
3495,93.63033531,27.0938184,1,3,2,2,3,14:52,3,E09000019,3,401,6,30,0,-1,-1,0,0,0,1,1,1,0,0,1,1,E01002727,02-08-2018,1,1,3,2,23,5,3,1,9,0,0,-1,0,1
3496,93.62935118,27.09183036,1,3,2,1,6,16:20,2,E09000007,4,401,6,30,3,4,6,0,0,0,1,1,1,0,0,1,1,E01000919,02-09-2018,1,1,3,1,25,5,3,4,1,0,0,-1,0,1
3497,93.62673916,27.09025297,1,3,1,1,4,00:37,3,E09000019,3,1,1,30,1,2,3,400,0,0,4,1,1,0,0,1,1,E01002772,31-08-2018,1,1,1,1,23,5,3,0,0,0,0,-1,4,1
3498,93.62463834,27.10638535,1,3,2,1,6,20:25,3,E09000019,4,515,6,30,6,2,5,0,0,5,4,1,1,0,0,1,1,E01002761,26-08-2018,2,1,1,1,26,6,3,0,0,0,0,-1,4,1
3499,93.61970706,27.08957894,1,3,1,1,6,09:40,2,E09000007,3,400,6,30,6,2,5,0,0,5,1,1,1,0,0,1,1,E01000928,12-08-2018,2,1,1,1,-1,-1,3,0,0,0,0,-1,1,-1
3500,93.63043088,27.09420344,1,3,2,1,1,09:15,2,E09000007,6,0,6,30,3,4,6,0,0,0,1,1,1,0,0,1,1,E01000958,28-08-2018,1,1,1,1,73,10,3,0,0,0,0,-1,1,1
3501,93.62104653,27.08949717,1,3,1,1,2,14:14,2,E09000007,6,0,7,30,5,4,6,0,0,0,1,1,1,0,0,1,1,E01000875,05-09-2018,1,1,1,1,33,6,3,0,0,0,0,-1,1,1
3502,93.6132981,27.09155881,1,3,2,1,6,23:15,3,E09000019,3,501,6,30,0,-1,-1,0,0,0,4,1,1,0,0,1,1,E01002696,02-09-2018,1,1,1,1,27,6,3,0,0,0,0,-1,9,-1
3503,93.62878358,27.10344647,1,3,2,2,1,13:30,2,E09000007,3,501,6,30,7,2,3,400,0,5,1,1,1,0,0,1,1,E01000946,21-08-2018,1,1,3,1,20,4,3,1,2,0,0,-1,0,-1
3504,93.61752182,27.09895739,1,3,2,1,3,00:01,2,E09000007,3,400,6,30,8,4,6,0,0,0,4,1,1,0,0,1,1,E01000850,30-08-2018,1,1,2,2,11,3,3,0,0,0,4,-1,11,1
3505,93.61496523,27.10448477,1,3,2,1,5,14:35,3,E09000019,3,1,6,30,6,2,3,503,0,5,1,1,2,2,0,1,1,E01002763,25-08-2018,1,2,2,2,8,2,3,0,0,0,4,-1,11,1
3506,93.61163645,27.09035596,1,3,1,1,4,13:20,2,E09000007,4,511,6,30,0,-1,-1,0,0,0,1,1,1,0,0,1,1,E01000879,07-09-2018,2,1,1,1,50,8,3,0,0,0,0,-1,1,-1
3507,93.61692117,27.09564823,1,3,2,1,6,20:30,3,E09000019,3,501,6,30,3,2,3,1200,0,5,4,1,1,0,0,1,2,E01001778,15-04-2018,1,1,2,2,54,8,3,0,0,0,0,-1,21,1
3508,93.61862944,27.09788822,1,3,2,1,1,23:40,3,E09000019,3,1,3,30,9,2,3,1,0,5,4,1,1,0,0,1,1,E01002786,28-08-2018,1,1,1,1,41,7,3,0,0,0,0,-1,3,-1
3509,93.62070152,27.10149207,1,3,2,1,3,19:00,2,E09000007,4,504,6,30,3,4,6,0,0,1,1,1,1,0,0,1,1,E01000853,30-08-2018,1,1,1,1,41,7,3,0,0,0,0,-1,1,-1
3510,93.62193597,27.10622805,1,3,1,1,2,10:15,3,E09000019,3,104,6,30,0,-1,-1,0,0,0,1,2,2,0,0,1,1,E01002801,22-08-2018,1,1,1,1,30,6,3,0,0,0,0,-1,1,1
3511,93.62347764,27.10471963,1,3,2,1,7,22:42,2,E09000007,4,502,6,30,3,4,4,502,0,1,4,1,1,0,0,1,1,E01000937,20-08-2018,1,1,1,2,28,6,3,0,0,0,0,-1,9,-1
3512,93.62397619,27.0982355,1,3,2,1,5,09:15,3,E09000019,5,0,6,30,6,2,3,501,0,0,1,1,1,0,0,1,2,E01002695,18-08-2018,2,1,1,2,33,6,3,0,0,0,0,-1,9,1
3513,93.63338045,27.10175585,1,3,3,2,7,10:41,3,E09000019,3,503,6,30,0,-1,-1,0,0,0,1,1,1,0,0,1,1,E01002731,03-09-2018,1,1,2,2,60,9,3,0,0,0,3,-1,11,1
3514,93.63204961,27.10558831,1,3,2,1,3,18:05,3,E09000019,5,0,6,30,0,-1,-1,0,0,0,1,1,1,0,0,1,2,E01002786,02-08-2018,1,1,1,1,49,8,3,0,0,0,0,-1,5,1
3515,93.62851701,27.0896564,1,3,2,1,2,21:00,2,E09000007,3,400,6,30,0,-1,-1,0,0,0,4,1,1,0,0,1,2,E01000856,05-09-2018,1,1,1,1,32,6,3,0,0,0,0,-1,3,1
3516,93.61793807,27.09470037,1,3,2,2,7,20:30,2,E09000007,3,401,6,30,6,2,5,0,0,0,4,1,1,0,0,1,2,E01000914,27-08-2018,2,1,1,1,46,8,3,0,0,0,0,-1,5,1
3517,93.61980167,27.08947269,1,3,1,2,7,08:45,2,E09000007,3,41,6,30,0,-1,-1,0,0,0,1,1,1,0,0,1,2,E01000963,16-04-2018,2,1,1,1,29,6,3,0,0,0,0,-1,1,1
3518,93.6337485,27.10302806,1,3,2,1,3,15:55,2,E09000007,3,5200,6,30,7,4,3,5200,0,0,1,1,1,0,0,1,2,E01000924,06-09-2018,1,1,1,1,64,9,2,0,0,0,0,-1,21,1
3519,93.61840431,27.10604799,1,3,2,1,4,15:50,3,E09000019,3,5203,6,30,3,4,6,0,0,0,1,1,1,0,0,1,1,E01002762,31-08-2018,1,1,1,1,31,6,2,0,0,0,0,-1,4,-1
3520,93.6290687,27.0925111,1,3,2,1,3,11:30,3,E09000019,3,5201,6,30,6,4,3,201,0,5,1,1,1,0,0,1,1,E01000916,23-08-2018,1,1,1,2,20,4,3,0,0,0,0,-1,3,1
3521,93.60968076,27.10491422,1,2,1,3,2,22:20,2,E09000007,3,41,6,30,2,4,6,0,0,0,4,1,1,0,0,1,1,E01000877,29-08-2018,1,1,1,2,35,6,3,0,0,0,0,-1,3,1
3522,93.61245858,27.09805621,1,3,2,1,4,17:15,3,E09000019,3,501,6,30,3,4,3,501,0,0,1,1,1,0,0,1,1,E01002702,07-09-2018,1,1,3,2,35,6,3,10,3,0,0,-1,0,-1
3523,93.62490895,27.10051436,1,3,2,1,4,13:46,3,E09000019,3,1,6,30,3,4,6,0,0,1,1,1,1,0,0,1,1,E01002703,07-09-2018,1,1,1,1,30,6,3,0,0,0,0,-1,2,1
3524,93.63009409,27.09601089,1,3,2,1,3,17:05,2,E09000007,3,400,6,30,3,4,6,0,0,4,1,1,1,0,0,1,2,E01000950,23-08-2018,2,1,1,1,32,6,3,0,0,0,0,-1,1,1
3525,93.62270955,27.10033774,1,2,2,1,5,16:11,2,E09000007,3,400,6,30,6,4,6,0,0,1,1,1,1,0,0,1,1,E01000927,08-09-2018,1,1,1,1,34,6,3,0,0,0,0,-1,9,1
3526,93.62205225,27.08870818,1,2,1,1,7,00:45,3,E09000019,3,1201,6,30,3,4,6,0,0,0,4,2,2,0,0,1,1,E01002738,10-09-2018,1,1,1,1,39,7,3,0,0,0,0,-1,8,1
3527,93.6267257,27.09370321,1,3,2,1,4,18:20,2,E09000007,3,400,6,30,3,4,6,0,0,4,1,1,1,0,0,1,1,E01000950,07-09-2018,1,1,1,2,29,6,3,0,0,0,0,-1,9,1
3528,93.62798373,27.09499344,1,3,1,1,4,11:55,2,E09000007,3,400,6,30,3,4,6,0,0,0,1,1,1,0,0,1,1,E01000928,07-09-2018,1,1,2,2,88,11,2,0,0,0,1,-1,11,1
3529,93.62984181,27.09186998,1,3,2,1,1,13:50,2,E09000007,5,0,6,30,3,4,6,0,0,0,1,1,1,0,0,1,1,E01000858,11-09-2018,1,1,1,1,35,6,3,0,0,0,0,-1,5,-1
3530,93.63095805,27.09032416,1,3,2,2,3,00:57,3,E09000019,3,1,6,30,6,2,3,103,0,5,4,1,1,0,0,1,1,E01002761,09-08-2018,1,1,1,1,41,7,3,0,0,0,0,-1,5,1
3531,93.6322016,27.10269048,1,2,1,1,7,12:53,2,E09000007,3,4200,6,30,0,-1,-1,0,0,4,1,1,2,0,0,1,1,E01000855,10-09-2018,1,1,1,1,43,7,2,0,0,0,0,-1,5,3
3532,93.62355339,27.10221401,1,2,2,2,6,15:43,3,E09000019,3,503,6,30,6,2,6,0,0,5,1,1,1,0,0,1,1,E01002764,16-09-2018,1,1,1,1,53,8,3,0,0,0,0,-1,9,-1
3533,93.61833189,27.09200465,1,3,1,1,1,03:29,3,E09000019,3,1,1,30,1,2,5,0,0,5,4,1,1,0,0,1,1,E01002772,11-09-2018,2,2,1,1,26,6,3,0,0,0,0,-1,9,-1
3534,93.62993477,27.10565798,1,3,1,1,3,14:43,2,E09000007,3,40,2,30,3,2,3,40,0,5,1,1,1,0,0,1,1,E01000914,13-09-2018,1,1,1,1,33,6,3,0,0,0,0,-1,4,1
3535,93.61336687,27.09567317,1,3,1,1,6,10:40,2,E09000007,4,504,6,30,6,4,6,0,0,1,1,1,1,0,0,1,1,E01000855,16-09-2018,2,1,1,1,31,6,3,0,0,0,0,-1,1,1
3536,93.610013,27.10034536,1,3,1,2,6,12:10,2,E09000007,3,4200,6,30,3,2,3,4200,0,5,1,1,1,0,0,1,1,E01000855,16-09-2018,1,1,3,1,10,2,3,10,9,0,0,-1,0,1
3537,93.62352963,27.09649386,1,3,2,1,5,08:52,3,E09000019,3,400,6,30,3,4,6,0,0,0,1,1,1,0,0,1,1,E01002770,08-09-2018,1,1,1,1,23,5,3,0,0,0,0,-1,3,1
3538,93.61635254,27.09946882,1,3,1,1,7,18:15,2,E09000007,3,502,6,30,0,-1,-1,0,0,0,1,1,1,0,0,1,1,E01000863,17-09-2018,2,1,1,1,42,7,3,0,0,0,0,-1,4,1
3539,93.63353378,27.09217286,1,2,1,1,5,08:19,3,E09000019,3,5200,6,30,7,2,3,5200,0,5,1,1,1,0,0,1,1,E01000921,08-09-2018,1,1,2,2,22,5,3,0,0,0,3,-1,11,1
3540,93.61450145,27.09755419,1,3,3,1,7,16:20,3,E09000019,3,1,6,30,6,4,6,0,0,0,1,1,1,0,0,1,1,E01002774,03-09-2018,1,1,1,1,31,6,3,0,0,0,0,-1,1,1
3541,93.62644873,27.09350993,1,3,2,1,6,18:30,3,E09000019,3,501,6,30,6,2,4,100,0,5,1,1,1,0,0,1,1,E01002704,16-09-2018,1,1,1,1,27,6,3,0,0,0,0,-1,4,-1
3542,93.61039232,27.10072282,1,3,2,1,1,14:16,3,E09000019,3,501,6,30,7,2,3,501,0,5,1,1,1,0,0,1,1,E01002728,03-07-2018,1,1,1,1,84,11,3,0,0,0,0,-1,9,-1
3543,93.62622213,27.09079978,1,3,2,1,6,17:19,3,E09000019,3,5201,6,30,3,4,6,0,0,1,1,1,1,0,0,1,1,E01002724,16-09-2018,1,1,1,1,65,9,3,0,0,0,0,-1,9,1
3544,93.62873448,27.09387456,1,3,2,1,4,09:03,2,E09000007,4,518,6,30,3,4,6,0,0,0,1,1,1,0,0,1,1,E01000928,21-09-2018,1,1,1,1,61,9,3,0,0,0,0,-1,9,2
3545,93.60837155,27.10056419,1,3,2,1,5,17:00,3,E09000019,3,1200,1,30,1,4,3,1201,0,0,1,1,1,0,0,1,1,E01002791,18-08-2018,1,2,2,1,23,5,3,0,0,1,0,-1,9,1
3546,93.61407485,27.10322564,1,3,2,1,5,11:20,2,E09000007,6,0,6,30,0,-1,-1,0,0,0,1,2,2,0,0,1,1,E01000892,15-09-2018,1,1,3,1,34,6,3,5,3,0,0,-1,0,1
3547,93.60851916,27.10203205,1,3,4,1,3,15:25,2,E09000007,5,0,6,30,0,-1,-1,0,0,0,1,1,1,0,0,1,1,E01000899,09-08-2018,2,1,1,1,30,6,3,0,0,0,0,-1,9,1
3548,93.62302815,27.09227499,1,3,1,1,4,21:14,3,E09000019,3,5203,6,30,6,4,6,0,0,1,4,2,2,0,0,1,1,E01002711,27-07-2018,1,1,1,1,33,6,2,0,0,0,0,-1,3,1
3549,93.6321403,27.10193709,1,3,2,1,5,23:20,3,E09000019,3,1201,6,30,3,4,3,1201,0,1,4,2,2,0,0,1,1,E01001718,15-09-2018,1,1,2,1,42,7,3,0,0,0,1,-1,11,1