Accident_Index,longitude,latitude,Police_Force,Accident_Severity,Number_of_Vehicles,Number_of_Casualties,Day_of_Week,Time,Local_Authority_(District),Local_Authority_(Highway),1st_Road_Class,1st_Road_Number,Road_Type,Speed_limit,Junction_Detail,Junction_Control,2nd_Road_Class,2nd_Road_Number,Pedestrian_Crossing-Human_Control,Pedestrian_Crossing-Physical_Facilities,Light_Conditions,Weather_Conditions,Road_Surface_Conditions,Special_Conditions_at_Site,Carriageway_Hazards,Urban_or_Rural_Area,Did_Police_Officer_Attend_Scene_of_Accident,LSOA_of_Accident_Location,Date,Vehicle_Reference,Casualty_Reference,Casualty_Class,Sex_of_Casualty,Age_of_Casualty,Age_Band_of_Casualty,Casualty_Severity,Pedestrian_Location,Pedestrian_Movement,Car_Passenger,Bus_or_Coach_Passenger,Pedestrian_Road_Maintenance_Worker,Casualty_Type,Casualty_Home_Area_Type
3550,93.61118091,27.10520137,1,3,2,1,1,15:50,2,E09000007,6,0,6,30,3,4,4,518,0,0,1,1,1,0,0,1,1,E01000898,11-09-2018,1,1,1,1,41,7,3,0,0,0,0,-1,5,1
3551,93.62807548,27.08972513,1,3,2,1,5,08:04,3,E09000019,3,401,6,30,3,4,6,0,0,1,1,1,1,0,0,1,1,E01002727,01-09-2018,2,1,1,1,28,6,3,0,0,0,0,-1,1,1
3552,93.62786956,27.10463789,1,3,1,1,2,18:00,2,E09000007,4,518,6,30,3,4,4,518,0,0,1,1,1,0,0,1,1,E01000887,12-09-2018,2,1,1,2,37,7,3,0,0,0,0,-1,5,1
3553,93.61675072,27.10433026,1,3,1,1,4,12:10,3,E09000019,3,503,6,30,3,2,3,1201,0,5,1,1,1,0,0,1,1,E01002748,14-09-2018,1,1,3,2,29,6,3,8,8,0,0,-1,0,1
3554,93.62702845,27.10576052,1,2,2,1,4,12:15,3,E09000019,3,503,6,30,3,4,6,0,0,1,1,1,1,0,0,1,1,E01002764,17-08-2018,1,1,1,1,39,7,3,0,0,0,0,-1,9,1
3555,93.62740587,27.10088195,1,3,2,2,7,12:40,3,E09000019,6,0,6,30,3,4,6,0,0,0,1,1,1,0,0,1,1,E01002801,10-09-2018,1,1,1,1,25,5,3,0,0,0,0,-1,3,-1
3556,93.61919834,27.09623832,1,3,2,1,2,15:30,3,E09000019,6,0,2,30,7,4,3,501,0,0,1,1,1,0,0,1,1,E01002707,05-09-2018,1,1,1,1,27,6,3,0,0,0,0,-1,9,1
3557,93.62070863,27.09830667,1,3,1,1,2,17:15,3,E09000019,3,1,6,30,3,4,6,0,0,4,1,1,1,0,0,1,1,E01002795,12-09-2018,1,1,3,1,7,2,3,5,1,0,0,-1,0,1
3558,93.61060445,27.1021759,1,3,2,1,5,08:26,3,E09000019,5,0,6,30,3,4,6,0,0,1,1,2,2,0,0,1,1,E01002758,15-09-2018,2,1,1,1,22,5,3,0,0,0,0,-1,9,1
3559,93.62439741,27.10203391,1,3,2,1,4,22:02,2,E09000007,3,4201,6,30,3,2,6,0,0,5,4,1,1,0,0,1,1,E01000948,07-09-2018,1,1,1,1,47,8,3,0,0,0,0,-1,2,1
3560,93.61863236,27.09327556,1,3,1,1,2,12:15,2,E09000007,3,41,6,30,3,4,6,0,0,0,1,1,1,0,0,1,1,E01000960,12-09-2018,1,1,2,2,20,4,3,0,0,0,4,-1,11,1
3561,93.61167143,27.10455236,1,3,2,1,4,15:03,3,E09000019,3,503,6,30,3,2,3,5200,0,5,1,1,1,1,0,1,1,E01000926,14-09-2018,1,2,2,2,67,10,3,0,0,0,4,-1,11,2
3562,93.61042718,27.10214973,1,3,1,1,1,00:09,3,E09000019,3,104,6,30,3,4,5,0,0,0,4,1,1,0,0,1,1,E01002720,18-09-2018,1,1,3,2,50,8,3,10,9,0,0,-1,0,-1
3563,93.62626437,27.09939121,1,2,1,1,5,21:50,2,E09000007,3,40,6,30,6,2,5,0,0,5,4,2,2,0,0,1,1,E01000919,15-09-2018,1,1,3,2,24,5,3,5,1,0,0,-1,0,1
3564,93.61766274,27.1060373,1,3,2,1,7,12:15,2,E09000007,6,0,6,30,5,4,6,0,0,0,1,1,1,0,0,1,1,E01000878,17-09-2018,2,1,1,1,22,5,3,0,0,0,0,-1,5,1
3565,93.63375806,27.09583629,1,3,2,1,6,20:59,3,E09000019,3,501,2,30,7,2,3,501,0,5,4,1,1,0,0,1,1,E01002728,16-09-2018,2,1,2,1,17,4,3,0,0,2,0,-1,9,-1
3566,93.63072892,27.0997196,1,2,2,1,3,19:30,2,E09000007,6,0,6,30,3,4,6,0,0,0,4,1,1,0,0,1,1,E01000947,20-09-2018,2,1,1,1,49,8,3,0,0,0,0,-1,1,-1
3567,93.63009229,27.09091173,1,3,2,1,6,13:05,2,E09000007,4,511,6,30,3,4,6,0,0,1,1,1,1,0,0,1,1,E01000881,16-09-2018,1,1,2,1,45,7,3,0,0,0,3,-1,11,1
3568,93.61968326,27.09997067,1,3,2,1,6,19:45,3,E09000019,3,503,6,30,3,4,6,0,0,0,1,1,1,0,0,1,1,E01002734,16-09-2018,1,1,3,1,36,7,2,10,9,0,0,-1,0,-1
3569,93.62290718,27.09058102,1,2,1,1,3,02:50,3,E09000019,3,1,3,30,3,2,6,0,0,5,4,1,1,0,0,1,1,E01002794,20-09-2018,2,1,1,1,30,6,3,0,0,0,0,-1,3,1
3570,93.62625275,27.10579962,1,2,1,1,7,23:54,28,E09000005,3,5,6,30,6,2,4,520,0,5,4,1,1,5,0,1,1,E01000490,17-09-2018,1,1,1,1,38,7,3,0,0,0,0,-1,9,2
3571,93.6324305,27.09134305,1,3,2,2,5,11:30,2,E09000007,3,503,6,30,3,4,6,0,0,0,1,1,1,0,0,1,2,E01000865,15-09-2018,1,1,2,2,63,9,3,0,0,0,3,-1,11,1
3572,93.62086169,27.10300676,1,3,2,1,5,09:15,3,E09000019,4,515,6,30,6,4,6,0,0,1,1,1,1,0,0,1,1,E01002796,08-09-2018,2,1,1,1,42,7,3,0,0,0,0,-1,20,1
3573,93.61928583,27.09585576,1,3,2,1,4,19:55,2,E09000007,3,503,6,30,0,-1,-1,0,0,0,4,1,1,0,0,1,2,E01000856,10-08-2018,2,1,1,1,30,6,3,0,0,0,0,-1,5,1
3574,93.61359317,27.10602347,1,3,2,1,2,15:07,2,E09000007,5,0,6,30,0,-1,-1,0,0,0,1,1,1,0,0,1,2,E01000911,19-09-2018,1,1,1,2,79,11,3,0,0,0,0,-1,9,1
3575,93.62017702,27.10650112,1,3,2,1,7,01:45,3,E09000019,3,503,2,30,6,2,3,1,0,5,4,1,1,0,0,1,2,E01002786,17-09-2018,2,1,1,2,28,6,3,0,0,0,0,-1,2,1
3576,93.631616,27.09211061,1,3,2,1,2,19:00,2,E09000007,3,41,6,30,3,2,4,511,0,5,1,1,1,0,0,1,1,E01000963,19-09-2018,1,1,1,1,12,3,3,0,0,0,0,-1,1,-1
3577,93.63038941,27.09501401,1,3,2,1,2,08:16,3,E09000019,3,105,6,30,1,4,3,105,0,1,1,1,1,0,0,1,1,E01002782,19-09-2018,1,1,3,1,11,3,3,5,9,0,0,-1,0,1
3578,93.62743615,27.09108194,1,3,3,1,4,09:53,2,E09000007,3,41,6,30,3,2,6,0,0,5,1,1,1,0,0,1,1,E01000881,07-09-2018,1,1,1,1,35,6,3,0,0,0,0,-1,5,1
3579,93.63424451,27.09604521,1,3,2,1,2,07:12,3,E09000019,3,501,6,30,6,2,5,0,0,0,1,1,1,0,0,1,1,E01002728,22-08-2018,1,1,1,1,25,5,3,0,0,0,0,-1,5,1
3580,93.60857942,27.09003693,1,3,2,1,5,20:49,3,E09000019,4,502,6,30,3,4,6,0,0,0,4,1,1,0,0,1,1,E01002702,08-09-2018,2,1,1,1,45,7,3,0,0,0,0,-1,1,-1
3581,93.62462595,27.09790549,1,3,2,1,4,17:12,3,E09000019,3,1,3,30,3,4,4,515,0,0,1,1,1,0,0,1,1,E01002795,14-09-2018,1,1,3,2,36,7,3,4,3,0,0,-1,0,1
3582,93.61425482,27.09317012,1,3,2,1,5,22:25,2,E09000007,3,41,6,30,3,4,6,0,0,5,4,1,1,0,0,1,1,E01000874,08-09-2018,1,1,3,1,33,6,3,4,1,0,0,-1,0,1
3583,93.62544875,27.10208484,1,3,1,2,6,17:10,2,E09000007,3,400,6,30,3,2,4,506,0,5,1,1,1,0,0,1,1,E01000850,23-09-2018,1,1,2,1,-1,-1,3,0,0,1,0,-1,9,1
3584,93.62682885,27.09723347,1,3,1,1,4,14:12,2,E09000007,3,4200,2,30,3,2,4,502,0,5,1,1,1,0,0,1,1,E01000855,14-09-2018,2,1,1,2,24,5,3,0,0,0,0,-1,5,1
3585,93.62241919,27.08939634,1,3,2,1,2,13:00,2,E09000007,3,400,6,30,0,-1,-1,0,0,0,1,1,1,0,0,1,1,E01000946,05-09-2018,2,1,1,1,59,9,3,0,0,0,0,-1,9,1
3586,93.60956865,27.10646024,1,3,2,1,1,23:26,3,E09000019,4,144,6,20,6,4,6,0,0,1,4,1,1,0,0,1,1,E01002800,11-09-2018,2,1,1,1,30,6,3,0,0,0,0,-1,5,1
3587,93.61077208,27.09185858,1,3,2,1,4,13:29,2,E09000007,3,4200,6,30,6,2,3,4200,0,0,1,1,1,0,0,1,1,E01000852,14-09-2018,1,1,1,1,17,4,3,0,0,0,0,-1,1,1
3588,93.62473573,27.09271578,1,3,1,1,7,14:38,2,E09000007,6,0,6,30,0,-1,-1,0,0,0,1,1,1,0,0,1,1,E01000866,24-09-2018,1,1,3,1,-1,-1,3,10,9,0,0,-1,0,-1
3589,93.61789076,27.10045127,1,3,1,1,7,06:45,2,E09000007,3,501,6,30,7,2,3,400,0,5,1,1,1,0,0,1,1,E01000852,24-09-2018,1,1,3,1,32,6,3,10,9,0,0,-1,0,1
3590,93.63030692,27.10559206,1,3,1,1,5,15:43,2,E09000007,3,400,6,30,0,-1,-1,0,0,0,1,2,2,0,0,1,1,E01000950,15-09-2018,1,1,3,2,22,5,3,4,1,0,0,-1,0,1
3591,93.62363969,27.10128125,1,3,3,1,2,09:26,2,E09000007,3,4200,6,30,0,-1,-1,0,0,0,1,1,1,0,0,1,1,E01000852,26-09-2018,2,1,1,1,50,8,2,0,0,0,0,-1,9,1
3592,93.60967084,27.09511824,1,2,1,1,2,13:30,2,E09000007,3,400,2,30,3,4,6,0,0,0,1,1,1,0,0,1,1,E01000854,26-09-2018,1,1,2,1,20,4,3,0,0,0,3,-1,11,-1
3593,93.617716,27.09565242,1,3,2,1,2,08:40,2,E09000007,3,400,6,30,3,4,6,0,0,0,1,1,1,0,0,1,1,E01000922,26-09-2018,1,1,1,1,21,5,3,0,0,0,0,-1,9,-1
3594,93.61502332,27.10522866,1,3,1,1,2,08:30,2,E09000007,4,518,6,30,3,2,4,518,0,5,1,1,1,0,0,1,1,E01000912,26-09-2018,1,1,1,1,26,6,2,0,0,0,0,-1,5,1
3595,93.62971821,27.09153967,1,3,2,1,5,22:55,3,E09000019,3,104,6,30,6,2,3,1200,0,5,4,1,1,0,0,1,1,E01002797,22-09-2018,2,1,1,1,37,7,3,0,0,0,0,-1,1,1
3596,93.61199231,27.10630001,1,3,2,1,6,19:10,2,E09000007,6,0,6,30,6,4,6,0,0,0,1,1,2,0,0,1,1,E01000951,23-09-2018,1,1,1,1,50,8,3,0,0,0,0,-1,9,1
3597,93.60979452,27.09043484,1,3,1,1,5,23:55,2,E09000007,3,501,6,30,7,2,3,5200,0,5,4,1,1,0,0,1,1,E01000938,29-09-2018,1,1,2,2,46,8,3,0,0,1,0,-1,9,1
3598,93.62024337,27.09160243,1,3,1,2,3,21:44,2,E09000007,3,401,6,30,3,4,6,0,0,0,4,1,1,0,0,1,1,E01000914,04-10-2018,1,2,1,1,39,7,3,0,0,0,0,-1,9,1
3599,93.62360906,27.10459338,1,3,2,1,4,21:30,3,E09000019,3,503,2,30,6,4,6,0,0,4,4,2,2,0,0,1,1,E01002731,28-09-2018,1,1,1,1,24,5,3,0,0,0,0,-1,9,1
3600,93.62900857,27.08807478,1,3,1,1,3,00:14,3,E09000019,3,5200,6,30,7,2,5,0,0,5,4,1,1,0,0,1,1,E01002789,27-09-2018,1,2,2,1,12,3,3,0,0,2,0,-1,9,1
3601,93.61734588,27.0892871,1,3,1,1,4,17:53,3,E09000019,5,0,6,30,3,4,6,0,0,0,1,1,1,0,0,1,1,E01002745,14-09-2018,1,1,1,1,32,6,3,0,0,0,0,-1,5,1
3602,93.62855653,27.10427451,1,3,1,1,5,20:02,3,E09000019,3,103,6,30,3,2,5,0,0,5,4,1,1,0,0,1,1,E01002737,29-09-2018,1,1,1,2,28,6,3,0,0,0,0,-1,3,1
3603,93.61339652,27.09421281,1,3,1,1,5,18:05,2,E09000007,5,0,6,30,3,4,3,400,0,0,1,1,1,0,0,1,1,E01004763,29-09-2018,1,1,3,1,30,6,2,10,9,0,0,-1,0,1
3604,93.61486694,27.10569143,1,3,2,2,6,14:00,2,E09000007,4,506,6,30,0,-1,-1,0,0,0,1,1,1,0,0,1,1,E01000850,30-09-2018,2,1,1,1,28,6,3,0,0,0,0,-1,3,-1
3605,93.62850941,27.10544336,1,3,1,1,6,14:20,3,E09000019,3,503,6,30,3,4,6,0,0,0,1,1,1,0,0,1,1,E01002734,23-09-2018,1,1,1,1,39,7,3,0,0,0,0,-1,5,1
3606,93.61291659,27.09734519,1,3,1,1,7,20:12,2,E09000007,3,501,6,30,6,2,3,5200,0,5,4,1,1,0,0,1,1,E01000938,01-10-2018,1,1,1,1,24,5,3,0,0,0,0,-1,1,1
3607,93.62527388,27.10071309,1,3,1,2,2,12:55,2,E09000007,3,5200,6,30,3,4,6,0,0,1,1,1,1,0,0,1,1,E01000869,26-09-2018,1,1,1,2,43,7,3,0,0,0,0,-1,9,1
3608,93.6276018,27.08939817,1,3,2,1,1,17:10,2,E09000007,3,400,2,30,3,4,6,0,0,0,1,1,1,0,0,1,1,E01000856,02-10-2018,2,1,1,2,32,6,3,0,0,0,0,-1,1,1
3609,93.61439402,27.09916832,1,3,2,1,2,17:10,2,E09000007,6,0,6,30,6,4,3,503,0,0,1,1,1,0,0,1,1,E01000948,19-09-2018,2,1,1,2,28,6,3,0,0,0,0,-1,1,1
3610,93.61803196,27.10273762,1,3,2,1,3,06:30,3,E09000019,3,501,6,30,3,4,6,0,0,0,1,2,2,0,0,1,1,E01002704,27-09-2018,1,1,1,1,41,7,3,0,0,0,0,-1,4,1
3611,93.63274487,27.10309085,1,3,2,1,3,09:30,3,E09000019,3,103,6,30,3,4,6,0,0,0,1,1,1,0,0,1,1,E01002804,27-09-2018,2,1,1,1,30,6,3,0,0,0,0,-1,3,1
3612,93.61327663,27.09042027,1,3,2,2,4,21:31,3,E09000019,3,1,6,30,7,2,3,400,0,5,4,2,2,0,0,1,1,E01002770,28-09-2018,1,1,1,1,36,7,3,0,0,0,0,-1,1,1
3613,93.63097492,27.09646535,1,3,1,1,7,09:20,2,E09000007,4,510,6,30,3,4,4,520,0,0,1,1,1,0,0,1,1,E01000973,01-10-2018,1,1,1,1,31,6,3,0,0,0,0,-1,9,1
3614,93.61362065,27.09923847,1,3,3,1,1,01:05,3,E09000019,3,503,6,30,0,-1,-1,0,0,5,4,1,1,0,0,1,1,E01002764,25-09-2018,1,1,3,1,12,3,3,5,1,0,0,-1,0,1
3615,93.61117647,27.09046344,1,3,2,2,2,09:00,2,E09000007,3,400,6,30,3,4,6,0,0,0,1,1,1,0,0,1,1,E01000921,03-10-2018,1,1,3,2,49,8,3,4,1,0,0,-1,0,-1
3616,93.62643236,27.10254151,1,3,2,1,3,13:00,2,E09000007,4,518,6,30,3,4,6,0,0,0,1,1,1,0,0,1,1,E01000928,04-10-2018,1,1,1,1,28,6,2,0,0,0,0,-1,1,1
3617,93.6262749,27.09843644,1,3,3,1,4,19:15,3,E09000019,3,5201,6,30,0,-1,-1,0,0,0,4,1,1,0,0,1,1,E01002704,05-10-2018,2,1,1,1,48,8,2,0,0,0,0,-1,5,1
3618,93.63159666,27.09116619,1,2,1,1,5,09:44,3,E09000019,3,1,6,30,3,4,6,0,0,1,1,1,1,0,0,1,1,E01002746,06-10-2018,1,1,1,1,29,6,3,0,0,0,0,-1,1,-1
3619,93.63295404,27.09626921,1,2,1,1,4,13:38,2,E09000007,3,4201,3,30,7,4,3,400,0,1,1,1,1,0,0,1,1,E01000863,05-10-2018,1,1,1,1,35,6,3,0,0,0,0,-1,1,1
3620,93.60819243,27.09323164,1,3,1,1,6,17:25,2,E09000007,3,501,3,30,0,-1,-1,0,0,0,1,1,1,0,0,1,1,E01000956,07-10-2018,1,1,2,2,-1,-1,3,0,0,0,2,-1,11,-1
3621,93.6316709,27.10080411,1,2,2,1,2,05:55,3,E09000019,3,103,6,30,3,4,3,103,0,0,4,1,1,0,0,1,1,E01002758,03-10-2018,1,1,3,2,-1,-1,3,10,9,0,0,-1,0,-1
3622,93.61426182,27.10261554,1,3,1,1,6,23:52,3,E09000019,3,201,6,30,6,4,6,0,0,0,4,1,1,0,0,1,1,E01002724,02-09-2018,1,1,1,2,36,7,3,0,0,0,0,-1,9,1
3623,93.63367123,27.09442545,1,3,2,1,2,13:54,2,E09000007,5,0,6,30,0,-1,-1,0,0,8,1,1,1,0,0,1,1,E01000884,03-10-2018,1,1,1,2,37,7,3,0,0,0,0,-1,9,1
3624,93.60822578,27.09804248,1,3,2,1,7,04:00,2,E09000007,5,0,6,30,3,2,3,5200,0,5,4,1,1,0,0,1,1,E01000953,03-09-2018,1,1,2,2,77,11,3,0,0,0,2,-1,11,-1
3625,93.63163327,27.10622295,1,3,2,1,6,13:14,3,E09000019,3,1,6,30,6,2,5,0,0,0,1,1,1,0,0,1,1,E01002790,16-09-2018,1,1,2,1,28,6,3,0,0,0,1,-1,11,1
3626,93.6237949,27.1011193,1,3,2,1,5,21:01,3,E09000019,3,104,6,30,6,2,3,105,0,5,4,1,1,0,0,1,1,E01002716,22-09-2018,1,1,1,1,38,7,3,0,0,0,0,-1,9,1
3627,93.61293143,27.1034896,1,2,2,2,5,07:29,2,E09000007,4,510,6,30,2,4,5,0,0,4,1,1,1,0,0,1,1,E01000969,08-09-2018,2,1,1,1,-1,-1,3,0,0,0,0,-1,1,-1
3628,93.62617138,27.09534371,1,3,1,1,6,19:00,2,E09000007,3,40,6,30,0,-1,-1,0,0,0,1,1,1,0,0,1,1,E01000914,23-09-2018,1,1,1,1,28,6,2,0,0,0,0,-1,1,-1
3629,93.63401372,27.0990228,1,3,1,1,6,13:54,3,E09000019,3,503,6,30,0,-1,-1,0,0,0,1,1,1,0,0,1,2,E01002730,23-09-2018,1,1,1,1,31,6,2,0,0,0,0,-1,1,-1
3630,93.6175927,27.10001493,1,3,2,1,1,08:20,2,E09000007,3,502,6,30,3,4,6,0,0,0,1,1,1,0,0,1,1,E01000899,25-09-2018,1,1,1,1,27,6,3,0,0,0,0,-1,9,1
3631,93.62754245,27.09598948,1,3,3,1,2,01:25,2,E09000007,5,0,2,30,3,4,5,0,0,0,4,1,1,0,0,1,1,E01000882,20-06-2018,1,1,1,2,42,7,3,0,0,0,0,-1,9,1
3632,93.63345712,27.09510721,1,3,2,1,3,19:20,2,E09000007,3,401,6,30,0,-1,-1,0,0,0,1,2,2,0,0,1,1,E01000915,28-06-2018,2,1,1,1,40,7,3,0,0,0,0,-1,5,1
3633,93.63396341,27.09041481,1,3,2,1,4,22:30,2,E09000007,4,517,6,40,3,4,6,0,0,0,4,1,1,0,0,1,1,E01000900,08-06-2018,1,1,1,1,78,11,3,0,0,0,0,-1,1,-1
3634,93.60952534,27.10195954,1,3,1,1,7,01:42,3,E09000019,3,5201,6,30,3,4,6,0,0,0,4,1,1,0,0,1,1,E01002724,01-10-2018,2,1,1,1,20,4,3,0,0,0,0,-1,9,-1
3635,93.61025174,27.09880515,1,3,2,1,5,22:23,3,E09000019,5,0,1,30,2,4,5,0,0,0,4,2,2,0,0,1,1,E01002746,29-09-2018,1,1,3,1,36,7,3,4,1,0,0,-1,0,-1
3636,93.62946524,27.09584808,1,3,2,1,6,07:30,2,E09000007,3,503,6,30,0,-1,-1,0,0,0,1,2,2,0,0,1,1,E01000869,30-09-2018,1,1,1,1,33,6,3,0,0,0,0,-1,4,1
3637,93.61474211,27.09577147,1,3,2,2,7,06:45,3,E09000019,3,1,3,30,3,2,5,0,0,0,1,1,1,0,0,1,2,E01002770,04-06-2018,2,1,1,1,48,8,3,0,0,0,0,-1,1,1
3638,93.63208499,27.09818566,1,3,2,1,7,14:50,3,E09000019,3,1201,6,30,6,2,3,1201,0,5,1,1,1,0,0,1,1,E01002747,01-10-2018,1,1,3,2,38,7,3,1,1,0,0,-1,0,1
3639,93.60820905,27.09718371,1,2,3,1,6,20:43,2,E09000007,3,502,2,30,0,-1,-1,0,0,5,1,1,1,0,0,1,2,E01000863,24-06-2018,1,1,3,2,14,3,2,5,9,0,0,-1,0,-1
3640,93.63342027,27.09410081,1,3,1,1,6,15:25,3,E09000019,3,104,6,30,0,-1,-1,0,0,0,1,1,1,0,0,1,1,E01002720,07-10-2018,1,1,1,1,-1,-1,3,0,0,0,0,-1,5,-1
3641,93.62861018,27.10154129,1,3,2,1,5,08:10,2,E09000007,5,0,6,30,8,4,5,0,0,0,1,1,1,0,0,1,1,E01000953,29-09-2018,1,1,1,1,48,8,3,0,0,0,0,-1,5,1
3642,93.63308095,27.10581099,1,3,2,1,3,18:30,3,E09000019,3,1,3,30,3,2,3,503,0,5,4,1,1,0,0,1,1,E01002767,04-10-2018,1,1,1,1,30,6,3,0,0,0,0,-1,1,1
3643,93.61773412,27.09917984,1,3,2,1,3,06:30,2,E09000007,3,201,6,30,6,2,4,500,0,5,1,1,1,0,0,1,2,E01000916,16-08-2018,2,1,1,2,25,5,3,0,0,0,0,-1,3,-1
3644,93.6148428,27.0904809,48,3,2,1,5,13:25,570,E09000001,3,40,6,30,0,-1,-1,0,0,5,1,1,1,0,0,1,2,E01000917,11-08-2018,2,1,1,2,51,8,3,0,0,0,0,-1,1,1
3645,93.63074453,27.09011004,1,3,2,2,2,01:54,3,E09000019,3,201,6,30,6,2,3,5201,0,5,4,1,1,0,0,1,1,E01002724,03-10-2018,1,1,3,1,26,6,3,1,1,0,0,-1,0,1
3646,93.6200642,27.08853186,1,3,2,1,6,16:20,3,E09000019,3,1,3,30,3,4,6,0,0,4,1,1,1,0,0,1,1,E01002767,01-07-2018,1,1,3,1,27,6,3,10,9,0,0,-1,0,-1
3647,93.63442566,27.08968685,1,2,2,1,6,20:45,3,E09000019,3,5203,6,30,3,4,3,5203,0,1,4,1,1,0,0,1,1,E01002765,07-10-2018,1,1,1,1,35,6,3,0,0,0,0,-1,3,1
3648,93.62856147,27.10358316,1,3,2,1,5,12:40,3,E09000019,3,201,6,30,3,4,6,0,0,1,1,1,1,0,0,1,1,E01000938,14-07-2018,1,1,3,1,47,8,3,4,3,0,0,-1,0,1
3649,93.62356196,27.09823106,1,3,2,1,4,15:12,3,E09000019,3,1,3,30,3,2,6,0,0,5,1,1,1,0,0,1,1,E01002794,05-10-2018,1,1,1,2,24,5,3,0,0,0,0,-1,1,1
3650,93.61050709,27.09814596,1,3,1,1,4,08:25,3,E09000019,5,0,6,30,7,4,6,0,1,1,1,1,1,0,0,1,1,E01002697,05-10-2018,1,1,3,2,80,11,3,10,9,0,0,-1,0,1
3651,93.61735648,27.09744275,1,3,2,1,4,12:40,3,E09000019,3,5203,6,30,6,4,6,0,0,1,1,1,1,0,0,1,1,E01002711,05-10-2018,2,1,1,1,34,6,3,0,0,0,0,-1,1,1
3652,93.60870755,27.10634068,1,3,2,2,4,17:40,3,E09000019,3,1201,6,30,9,4,3,1201,0,0,1,1,1,0,0,1,1,E01002719,05-10-2018,2,1,2,2,24,5,3,0,0,0,0,-1,4,1
3653,93.62530876,27.09193253,1,3,2,1,2,20:30,3,E09000019,3,1,6,30,3,4,5,0,0,4,4,1,1,0,0,1,2,E01002774,03-10-2018,1,1,1,2,34,6,2,0,0,0,0,-1,9,1
3654,93.62715262,27.10220819,1,3,2,1,6,13:09,2,E09000007,4,509,6,30,6,2,5,0,0,5,1,1,1,0,0,1,1,E01000845,07-10-2018,2,2,1,1,23,5,3,0,0,0,0,-1,5,-1
3655,93.62831804,27.08988102,1,3,1,1,6,20:22,2,E09000007,3,503,6,30,6,2,3,5202,0,5,4,1,1,0,0,1,1,E01000861,07-10-2018,2,1,1,1,35,6,3,0,0,0,0,-1,1,1
3656,93.63321729,27.09400506,1,2,2,1,6,17:28,2,E09000007,4,509,6,30,6,2,4,507,0,5,1,2,2,1,0,1,1,E01000935,09-09-2018,2,1,1,1,20,4,3,0,0,0,0,-1,1,1
3657,93.61497606,27.10499258,1,3,2,1,7,01:38,3,E09000019,3,103,6,30,3,4,6,0,0,0,4,1,1,0,0,1,1,E01002730,08-10-2018,1,1,3,1,21,5,2,5,1,0,0,-1,0,1
3658,93.61817442,27.09601547,1,2,1,1,6,11:25,2,E09000007,5,0,6,30,3,4,3,41,0,0,1,1,1,0,0,1,1,E01000960,07-10-2018,1,1,1,2,42,7,3,0,0,0,0,-1,9,1
3659,93.61205613,27.10435069,1,3,2,1,1,10:50,3,E09000019,3,503,6,30,3,4,6,0,0,0,1,1,1,0,0,1,1,E01002730,09-10-2018,1,1,1,1,25,5,3,0,0,0,0,-1,11,1
3660,93.63337222,27.09012167,1,3,3,2,7,19:40,2,E09000007,3,501,6,30,6,2,5,0,0,5,4,2,2,0,0,1,2,E01000852,08-10-2018,2,1,1,1,38,7,3,0,0,0,0,-1,2,-1
3661,93.62761338,27.10305815,1,3,2,1,7,18:36,2,E09000007,3,41,6,30,3,4,6,0,0,0,4,2,2,0,0,1,1,E01000960,08-10-2018,1,1,1,1,17,4,3,0,0,0,0,-1,3,1
3662,93.63333381,27.09503585,1,3,2,1,2,22:19,2,E09000007,3,400,6,30,6,4,5,0,0,0,4,1,1,0,0,1,1,E01004763,10-10-2018,2,1,1,1,18,4,2,0,0,0,0,-1,5,1
3663,93.61189081,27.10427586,1,3,1,1,2,16:50,3,E09000019,3,1,6,30,0,-1,-1,0,0,0,1,1,1,0,0,1,1,E01002795,10-10-2018,2,2,2,1,16,4,3,0,0,0,0,-1,5,-1
3664,93.61537845,27.09753136,1,3,1,1,4,17:23,30,E09000003,6,0,6,30,0,-1,-1,0,0,0,1,2,2,0,0,1,1,E01000136,12-10-2018,1,1,3,1,41,7,3,1,1,0,0,-1,0,1
3665,93.62130357,27.09654308,1,3,1,1,3,16:00,2,E09000007,4,509,6,30,3,3,6,0,0,4,1,1,1,0,0,1,1,E01000963,11-10-2018,1,1,3,1,14,3,2,8,9,0,0,-1,0,-1
3666,93.61482764,27.09879672,1,2,1,1,3,09:41,2,E09000007,4,518,6,30,0,-1,-1,0,0,1,1,1,1,0,0,1,1,E01000898,11-10-2018,1,2,3,1,14,3,2,8,9,0,0,-1,0,-1
3667,93.6335568,27.09119402,1,3,2,1,4,16:11,3,E09000019,6,0,6,30,6,4,3,5200,0,0,1,2,2,0,0,1,1,E01000921,12-10-2018,3,1,1,1,45,7,3,0,0,0,0,-1,1,1
3668,93.633069,27.10236575,1,3,2,1,6,12:50,2,E09000007,3,4200,6,30,0,-1,-1,0,0,0,1,1,1,0,0,1,1,E01000918,02-09-2018,1,1,1,2,29,6,3,0,0,0,0,-1,2,1
3669,93.61120189,27.10535357,1,3,2,1,3,12:30,3,E09000019,6,0,2,30,6,4,6,0,0,0,1,1,1,0,0,1,2,E01002807,12-07-2018,2,1,1,2,26,6,3,0,0,0,0,-1,1,1
3670,93.60882838,27.10608223,1,2,1,2,1,09:38,2,E09000007,3,400,2,30,0,-1,-1,0,0,1,1,1,1,0,0,1,1,E01000863,05-06-2018,1,1,1,1,14,3,3,0,0,0,0,-1,1,1
3671,93.63136888,27.10494493,1,3,1,1,5,08:30,3,E09000019,3,103,6,30,3,4,6,0,0,1,1,1,1,0,0,1,2,E01002758,06-10-2018,1,1,1,1,37,7,3,0,0,0,0,-1,19,1