Accident_Index,longitude,latitude,Police_Force,Accident_Severity,Number_of_Vehicles,Number_of_Casualties,Day_of_Week,Time,Local_Authority_(District),Local_Authority_(Highway),1st_Road_Class,1st_Road_Number,Road_Type,Speed_limit,Junction_Detail,Junction_Control,2nd_Road_Class,2nd_Road_Number,Pedestrian_Crossing-Human_Control,Pedestrian_Crossing-Physical_Facilities,Light_Conditions,Weather_Conditions,Road_Surface_Conditions,Special_Conditions_at_Site,Carriageway_Hazards,Urban_or_Rural_Area,Did_Police_Officer_Attend_Scene_of_Accident,LSOA_of_Accident_Location,Date,Vehicle_Reference,Casualty_Reference,Casualty_Class,Sex_of_Casualty,Age_of_Casualty,Age_Band_of_Casualty,Casualty_Severity,Pedestrian_Location,Pedestrian_Movement,Car_Passenger,Bus_or_Coach_Passenger,Pedestrian_Road_Maintenance_Worker,Casualty_Type,Casualty_Home_Area_Type
4039,93.62519143,27.09230949,1,3,2,1,7,12:10,11,E09000013,3,40,3,30,6,2,3,219,0,0,1,1,1,0,0,1,1,E01001874,29-01-2018,1,1,1,1,45,7,3,0,0,0,0,-1,1,1
4040,93.62605514,27.09097082,1,3,1,1,6,17:45,11,E09000013,3,219,6,30,3,4,6,0,0,4,4,2,2,0,0,1,1,E01001891,28-01-2018,1,1,1,1,17,4,3,0,0,0,0,-1,3,1
4041,93.62994838,27.10409485,1,3,1,1,2,20:54,28,E09000005,3,404,6,30,0,-1,-1,0,0,0,4,1,1,0,0,1,1,E01000535,31-01-2018,1,1,3,1,55,8,3,1,1,0,0,-1,0,1
4042,93.61074463,27.10524654,1,3,2,1,4,18:45,11,E09000013,6,0,6,30,0,-1,-1,0,0,0,4,1,1,0,0,1,3,E01001904,26-01-2018,1,1,1,1,37,7,2,0,0,0,0,-1,3,1
4043,93.62584425,27.09497453,1,3,2,1,1,00:32,11,E09000013,3,40,3,50,0,-1,-1,0,0,0,4,1,1,0,0,1,1,E01001874,30-01-2018,1,1,1,2,19,4,3,0,0,0,0,-1,9,-1
4044,93.61183498,27.09368045,1,3,2,1,5,15:07,11,E09000013,3,219,6,30,0,-1,-1,0,0,0,1,1,1,0,0,1,1,E01001856,27-01-2018,1,1,2,1,78,11,2,0,0,0,1,-1,11,-1
4045,93.63153713,27.09846002,1,3,2,1,4,16:10,11,E09000013,3,308,6,30,0,-1,-1,0,0,1,1,1,1,0,0,1,2,E01001952,26-01-2018,2,1,1,1,39,7,3,0,0,0,0,-1,3,1
4046,93.63292296,27.10607447,1,3,2,2,6,22:15,11,E09000013,3,219,3,30,6,2,3,4020,0,5,4,1,1,4,0,1,1,E01001941,18-03-2018,1,1,1,1,58,9,3,0,0,0,0,-1,9,1
4047,93.63030068,27.09557995,1,3,2,1,4,09:42,11,E09000013,4,317,6,30,3,4,5,0,0,0,1,1,1,0,0,1,1,E01001912,02-02-2018,1,2,2,2,-1,-1,3,0,0,1,0,-1,9,-1
4048,93.61992749,27.09160847,1,3,2,1,1,11:04,11,E09000013,3,315,6,30,6,4,6,0,0,0,1,1,1,0,0,1,1,E01001932,06-02-2018,2,1,2,2,23,5,3,0,0,2,0,-1,9,1
4049,93.60882095,27.09623135,1,2,2,1,7,10:23,11,E09000013,4,408,6,30,3,4,6,0,0,0,1,1,1,0,0,1,1,E01001932,05-02-2018,1,1,1,1,28,6,3,0,0,0,0,-1,5,1
4050,93.61062835,27.10225068,1,3,1,1,5,23:45,11,E09000013,3,219,1,30,1,2,3,219,0,5,4,1,1,0,0,1,1,E01001898,03-02-2018,1,1,3,1,21,5,3,9,7,0,0,-1,0,1
4051,93.62436478,27.09165738,1,3,2,1,3,18:02,11,E09000013,3,219,6,30,0,-1,-1,0,0,0,4,2,2,0,0,1,1,E01001943,01-02-2018,1,1,1,1,43,7,3,0,0,0,0,-1,4,1
4052,93.62394421,27.09704519,1,3,2,1,1,10:30,11,E09000013,3,308,6,30,3,4,5,0,0,1,1,1,1,0,0,1,1,E01001926,06-02-2018,1,1,3,1,12,3,3,1,1,0,0,-1,0,1
4053,93.61248733,27.09051448,1,3,1,1,2,16:09,11,E09000013,3,315,6,30,3,4,6,0,0,1,1,1,1,0,0,1,1,E01001894,07-02-2018,1,1,3,2,39,7,2,1,3,0,0,-1,0,1
4054,93.63156167,27.09140698,1,3,1,1,2,16:00,11,E09000013,6,0,6,30,0,-1,-1,0,0,0,1,1,1,0,0,1,1,E01001871,07-02-2018,1,1,2,1,7,2,3,0,0,1,0,-1,9,1
4055,93.62102134,27.09841222,1,3,2,1,2,09:50,11,E09000013,3,308,6,30,3,4,6,0,0,8,1,1,1,0,0,1,1,E01001924,07-02-2018,2,1,1,1,37,7,3,0,0,0,0,-1,1,1
4056,93.61903647,27.10083129,1,3,1,1,5,13:55,11,E09000013,3,4020,6,30,3,4,5,0,0,4,1,1,1,0,0,1,1,E01001960,10-02-2018,1,1,1,1,30,6,3,0,0,0,0,-1,3,1
4057,93.61083363,27.10348742,1,3,1,1,3,13:10,11,E09000013,3,304,6,30,3,4,6,0,0,0,1,1,1,0,0,1,1,E01001953,08-02-2018,1,1,1,1,17,4,2,0,0,0,0,-1,3,-1
4058,93.63010342,27.09390553,1,3,2,1,3,18:22,11,E09000013,3,315,6,30,6,4,6,0,0,0,4,1,1,0,0,1,1,E01001932,08-02-2018,1,2,3,1,-1,-1,3,1,3,0,0,-1,0,-1
4059,93.62273061,27.09397818,1,3,2,1,5,17:04,11,E09000013,3,3218,6,30,6,4,4,317,0,1,4,2,2,0,0,1,1,E01001884,10-02-2018,1,1,3,2,14,3,3,1,9,0,0,-1,0,1
4060,93.63010535,27.10270954,1,3,1,1,6,20:05,11,E09000013,4,412,6,30,3,4,4,412,0,1,4,2,2,0,0,1,1,E01002876,11-02-2018,1,1,3,1,18,4,3,1,1,0,0,-1,0,3
4061,93.61038838,27.08798404,1,3,2,1,1,01:15,11,E09000013,3,304,6,30,3,2,4,318,0,5,4,1,1,0,0,1,1,E01001880,06-02-2018,1,1,1,1,43,7,3,0,0,0,0,-1,5,1
4062,93.62052323,27.09662346,1,3,2,1,6,14:10,11,E09000013,4,317,6,30,3,4,6,0,0,0,1,2,2,0,0,1,1,E01001908,11-02-2018,1,1,2,2,53,8,3,0,0,0,3,-1,11,-1
4063,93.63346786,27.1048849,1,3,2,1,5,17:55,24,E09000027,3,306,6,30,3,4,6,0,0,0,4,2,2,0,0,1,1,E01003801,10-02-2018,1,1,1,1,47,8,3,0,0,0,0,-1,5,-1
4064,93.60901484,27.09568151,1,3,2,1,1,20:30,11,E09000013,3,219,6,30,3,4,6,0,0,5,4,1,1,0,0,1,3,E01001918,06-02-2018,2,2,1,1,33,6,3,0,0,0,0,-1,1,1
4065,93.62505168,27.09347185,1,3,1,1,6,16:00,11,E09000013,3,219,6,30,0,-1,-1,0,0,0,4,1,1,0,0,1,1,E01001898,11-02-2018,1,1,1,1,57,9,3,0,0,0,0,-1,9,1
4066,93.62398047,27.09614007,1,3,2,1,5,16:00,11,E09000013,3,40,6,30,0,-1,-1,0,0,0,4,1,1,0,0,1,1,E01001959,10-02-2018,1,1,1,1,50,8,3,0,0,0,0,-1,2,1
4067,93.61728925,27.0957581,1,3,2,1,3,18:09,11,E09000013,3,217,6,30,3,4,6,0,0,0,4,1,1,0,0,1,1,E01001937,15-02-2018,2,1,1,2,33,6,3,0,0,0,0,-1,1,1
4068,93.61689079,27.09390081,1,3,3,1,4,16:30,11,E09000013,3,219,1,30,2,4,6,0,0,4,1,1,1,0,0,1,1,E01001877,16-02-2018,1,1,3,1,26,6,3,5,3,0,0,-1,0,1
4069,93.62172062,27.10242759,1,3,3,1,2,19:23,11,E09000013,3,40,3,40,0,-1,-1,0,0,0,4,1,2,0,0,1,1,E01001874,21-02-2018,1,1,1,1,21,5,3,0,0,0,0,-1,2,1
4070,93.61195499,27.10069822,1,3,1,1,2,18:45,11,E09000013,4,317,6,30,0,-1,-1,0,0,0,4,1,1,0,0,1,1,E01001872,14-02-2018,1,1,3,1,15,3,3,5,2,0,0,-1,0,-1
4071,93.63438507,27.08790263,1,3,2,1,5,20:15,11,E09000013,3,4020,3,30,0,-1,-1,0,0,0,4,2,2,0,0,1,1,E01001954,17-02-2018,1,1,3,1,15,3,3,5,3,0,0,-1,0,1
4072,93.63437928,27.10464366,1,3,3,1,6,20:55,11,E09000013,3,4020,6,30,3,4,6,0,0,0,4,1,1,4,0,1,1,E01001943,18-02-2018,2,1,1,1,40,7,2,0,0,0,0,-1,1,3
4073,93.61462979,27.08966859,1,3,2,1,7,07:35,11,E09000013,3,402,6,30,3,4,6,0,0,0,1,1,1,0,0,1,1,E01001943,19-02-2018,1,1,3,1,16,4,3,5,3,0,0,-1,0,1
4074,93.61840094,27.09745086,1,3,2,1,5,19:05,11,E09000013,3,402,1,30,1,4,4,408,0,1,4,6,2,0,0,1,1,E01001930,24-02-2018,1,1,1,1,28,6,3,0,0,0,0,-1,3,1
4075,93.61593188,27.10338189,1,3,2,1,7,16:00,11,E09000013,3,219,1,30,2,4,6,0,0,1,1,1,1,0,0,1,1,E01001877,05-02-2018,3,1,2,2,5,1,3,0,0,1,0,-1,9,1
4076,93.63427392,27.10091223,1,2,2,1,3,08:55,11,E09000013,4,408,6,30,3,4,6,0,0,0,1,1,2,0,0,1,1,E01001932,22-02-2018,1,1,1,1,-1,-1,3,0,0,0,0,-1,1,1
4077,93.62951056,27.10021677,1,3,2,1,3,14:12,11,E09000013,6,0,6,30,3,4,6,0,0,0,1,1,2,0,0,1,1,E01001901,22-02-2018,1,1,3,1,58,9,2,5,9,0,0,-1,0,1
4078,93.62418125,27.09329248,1,3,2,1,4,08:43,11,E09000013,3,4020,6,30,0,-1,-1,0,0,0,1,1,2,0,0,1,1,E01001941,23-02-2018,1,1,3,2,27,6,3,5,3,0,0,-1,0,1
4079,93.63000053,27.10395447,1,3,1,1,2,16:40,11,E09000013,3,4020,6,30,0,-1,-1,0,0,4,1,2,2,0,0,1,1,E01001941,21-02-2018,1,1,2,2,41,7,3,0,0,0,3,-1,11,1
4080,93.61950358,27.09208502,1,3,1,1,2,15:15,11,E09000013,3,402,6,30,3,4,6,0,0,1,1,1,1,0,0,1,1,E01001858,21-02-2018,1,1,1,1,-1,-1,3,0,0,0,0,-1,1,-1
4081,93.60977499,27.10551582,1,3,2,1,6,09:50,11,E09000013,3,304,6,30,3,4,6,0,0,1,1,1,1,0,0,1,3,E01001948,18-02-2018,1,1,1,1,47,8,3,0,0,0,0,-1,5,-1
4082,93.6112481,27.09121582,1,3,1,1,4,18:57,11,E09000013,5,0,6,30,3,4,6,0,0,1,4,3,2,0,0,1,1,E01001960,23-02-2018,2,1,1,1,39,7,3,0,0,0,0,-1,1,-1
4083,93.62237974,27.09525318,1,3,1,1,4,09:10,11,E09000013,3,219,2,30,7,4,3,219,0,5,1,1,1,0,0,1,1,E01001898,02-03-2018,2,1,1,1,52,8,3,0,0,0,0,-1,1,-1
4084,93.62388191,27.10262037,1,3,1,1,2,08:17,11,E09000013,3,219,6,30,0,-1,-1,0,0,1,1,1,1,0,0,1,1,E01001946,28-02-2018,1,1,2,2,70,10,2,0,0,1,0,-1,9,1
4085,93.60829454,27.10566572,1,3,2,1,4,07:58,11,E09000013,3,4,3,40,0,-1,-1,0,0,0,1,1,1,0,0,1,1,E01001894,02-03-2018,2,1,1,1,16,4,3,0,0,0,0,-1,1,1
4086,93.62886786,27.08910876,1,3,1,1,2,15:56,11,E09000013,3,217,6,30,6,2,5,0,0,5,1,1,1,0,0,1,1,E01001938,07-03-2018,1,1,1,1,39,7,3,0,0,0,0,-1,9,-1
4087,93.62773284,27.10556311,1,2,2,1,4,19:55,11,E09000013,3,219,2,30,7,4,3,219,0,0,4,1,1,0,0,1,1,E01001898,09-03-2018,1,1,3,1,32,6,3,9,9,0,0,-1,0,-1
4088,93.61217193,27.08985027,1,3,1,1,1,00:10,11,E09000013,3,304,6,30,3,4,4,318,0,5,4,3,2,0,0,1,1,E01001880,27-02-2018,1,1,1,1,30,6,3,0,0,0,0,-1,5,1
4089,93.63364024,27.08847977,1,3,1,1,2,09:00,11,E09000013,6,0,6,30,0,-1,-1,0,0,0,1,1,1,0,0,1,1,E01001949,07-03-2018,1,1,1,1,27,6,2,0,0,0,0,-1,5,1
4090,93.62380693,27.1049937,1,3,1,2,5,09:58,11,E09000013,3,219,6,30,0,-1,-1,0,0,4,1,1,2,0,0,1,1,E01001891,10-03-2018,1,1,1,2,32,6,3,0,0,0,0,-1,1,1
4091,93.61280038,27.10066205,1,3,2,1,4,07:20,11,E09000013,3,219,2,30,5,4,3,306,0,0,1,1,1,0,0,1,1,E01001898,02-03-2018,2,1,1,1,32,6,3,0,0,0,0,-1,1,1
4092,93.62422127,27.10434296,1,3,2,1,3,10:00,11,E09000013,3,219,2,30,3,2,3,219,0,0,1,1,1,0,0,1,3,E01001900,01-03-2018,2,1,1,1,25,5,3,0,0,0,0,-1,1,1
4093,93.62127894,27.09417431,1,3,2,2,5,08:37,11,E09000013,6,0,6,30,3,4,6,0,0,0,1,1,1,0,0,1,1,E01001937,03-03-2018,2,1,1,1,34,6,3,0,0,0,0,-1,1,1
4094,93.62548713,27.09348594,1,3,2,1,3,19:34,11,E09000013,3,315,6,30,3,4,6,0,0,0,4,1,1,0,0,1,1,E01001866,15-02-2018,2,1,1,2,26,6,3,0,0,0,0,-1,1,1
4095,93.6294817,27.10544345,1,3,2,1,4,14:26,28,E09000005,3,404,6,30,0,-1,-1,0,0,0,1,3,2,0,0,1,1,E01000535,02-03-2018,1,1,1,2,23,5,3,0,0,0,0,-1,3,1
4096,93.63338238,27.10355962,1,3,1,1,1,12:55,11,E09000013,4,317,6,30,1,4,3,3218,0,1,1,1,1,0,0,1,1,E01001884,13-03-2018,2,1,2,2,12,3,3,0,0,1,0,-1,9,-1
4097,93.62778597,27.09761324,1,3,1,1,3,15:31,11,E09000013,3,3219,6,30,2,4,5,0,0,0,1,1,1,0,0,1,1,E01001903,15-03-2018,2,1,1,1,22,5,3,0,0,0,0,-1,1,1
4098,93.6151669,27.09689274,1,3,2,1,5,22:44,11,E09000013,3,219,6,30,3,4,6,0,0,0,4,1,1,0,0,1,1,E01001891,03-03-2018,1,1,3,1,23,5,3,1,3,0,0,-1,0,1
4099,93.62217006,27.10631613,1,2,1,1,6,21:15,11,E09000013,6,0,6,30,3,4,3,304,0,0,4,1,1,0,0,1,3,E01001953,04-03-2018,1,1,3,1,28,6,3,5,9,0,0,-1,0,1
4100,93.61487731,27.10540515,1,3,3,1,1,13:55,11,E09000013,3,4,3,50,0,-1,-1,0,0,0,1,1,1,0,0,1,3,E01001893,06-03-2018,1,1,3,2,40,7,3,5,1,0,0,-1,0,-1
4101,93.63071937,27.10656568,1,3,2,1,3,14:33,11,E09000013,3,219,6,30,3,2,6,0,0,5,1,1,1,0,0,1,1,E01001918,15-03-2018,1,1,2,2,48,8,3,0,0,0,4,-1,11,1
4102,93.60922986,27.09993427,1,3,3,2,3,11:10,11,E09000013,3,308,3,30,3,2,3,217,0,5,1,1,1,0,0,1,1,E01001924,15-03-2018,1,1,2,2,27,6,3,0,0,0,0,-1,3,1
4103,93.6096579,27.1048224,1,3,2,1,3,19:30,11,E09000013,6,0,6,30,3,4,6,0,0,0,4,1,1,0,0,1,3,E01001916,08-03-2018,1,2,1,1,24,5,3,0,0,0,0,-1,3,1
4104,93.61557674,27.10309859,1,3,2,1,2,17:10,11,E09000013,3,4020,6,30,3,2,6,0,0,0,1,1,1,0,0,1,3,E01001960,21-03-2018,2,1,1,2,26,6,3,0,0,0,0,-1,1,1
4105,93.61703488,27.1022095,1,2,1,1,5,16:25,11,E09000013,3,219,6,30,0,-1,-1,0,0,0,4,1,1,0,0,1,3,E01001898,03-02-2018,1,1,3,2,60,9,3,5,1,0,0,-1,0,-1
4106,93.62224754,27.10001391,1,3,2,1,6,20:28,27,E09000009,3,4000,6,30,3,4,6,0,0,0,4,1,1,0,0,1,1,E01001246,18-03-2018,2,1,2,1,18,4,3,0,0,0,0,-1,19,-1
4107,93.61710323,27.09515357,1,3,2,1,4,14:00,11,E09000013,3,219,6,30,9,4,6,0,0,0,1,1,1,0,0,1,3,E01001854,09-03-2018,1,1,1,1,18,4,3,0,0,0,0,-1,1,2
4108,93.61860066,27.1040636,1,3,1,1,4,06:30,11,E09000013,3,219,3,30,3,4,5,0,0,1,1,1,1,0,0,1,3,E01001891,16-03-2018,1,1,3,2,28,6,2,9,5,0,0,-1,0,1
4109,93.61260591,27.09944646,1,3,2,1,4,19:03,11,E09000013,3,3218,1,30,2,4,3,3219,0,0,4,1,1,0,0,1,1,E01001886,23-03-2018,1,1,1,1,26,6,3,0,0,0,0,-1,5,1
4110,93.62877197,27.09351305,1,2,2,2,1,19:35,11,E09000013,3,40,3,40,0,-1,-1,0,0,0,4,1,1,0,0,1,1,E01001874,20-03-2018,1,1,1,1,71,10,3,0,0,0,0,-1,9,1
4111,93.63272989,27.10210387,1,3,1,1,3,14:10,11,E09000013,3,217,6,30,6,2,5,0,0,0,1,2,2,0,0,1,1,E01001938,22-03-2018,1,1,1,1,41,7,3,0,0,0,0,-1,9,-1
4112,93.62781547,27.10270819,1,3,2,1,7,11:06,11,E09000013,5,0,6,30,2,4,6,0,0,0,1,1,1,0,0,1,1,E01001960,19-03-2018,1,1,1,2,21,5,3,0,0,0,0,-1,9,1
4113,93.6304406,27.0991284,1,3,2,1,7,15:35,11,E09000013,3,4,3,40,6,2,3,4,0,0,1,1,1,0,0,1,1,E01001889,19-03-2018,1,1,1,1,40,7,2,0,0,0,0,-1,5,1
4114,93.61571729,27.08984736,1,3,3,1,6,08:55,11,E09000013,3,3218,6,30,3,4,6,0,0,0,1,1,1,0,0,1,1,E01001879,18-03-2018,1,1,1,1,31,6,3,0,0,0,0,-1,4,-1
4115,93.6147551,27.09375098,1,3,1,1,5,07:47,11,E09000013,3,304,6,30,3,4,6,0,0,0,1,1,1,0,0,1,1,E01001953,17-03-2018,1,2,3,2,23,5,3,4,1,0,0,-1,0,-1
4116,93.63060164,27.10046357,1,3,1,1,4,22:30,11,E09000013,3,315,6,30,6,4,3,315,0,1,4,2,2,0,0,1,3,E01001894,09-03-2018,2,1,1,2,-1,-1,3,0,0,0,0,-1,9,1
4117,93.62966265,27.10476297,1,2,2,1,1,23:45,11,E09000013,3,4020,6,30,3,4,6,0,0,0,4,1,1,0,0,1,1,E01001860,20-03-2018,1,1,1,1,23,5,3,0,0,0,0,-1,1,1
4118,93.61641258,27.10393109,1,3,2,1,2,11:00,11,E09000013,6,0,6,30,3,4,6,0,0,0,1,1,1,0,0,1,3,E01001916,21-03-2018,1,1,2,2,22,5,3,0,0,0,2,-1,11,1
4119,93.60925833,27.09506921,1,3,1,1,6,11:55,11,E09000013,3,315,6,30,3,2,4,317,0,5,1,1,1,0,0,1,1,E01001866,18-03-2018,1,1,3,1,25,5,3,1,1,0,0,-1,0,1
4120,93.6085804,27.09079847,1,3,2,1,3,10:55,11,E09000013,3,304,6,30,3,4,6,0,0,0,1,2,2,0,0,1,1,E01001920,22-03-2018,1,1,3,2,27,6,3,5,4,0,0,-1,0,1
4121,93.60856138,27.09622838,1,3,2,1,6,08:10,11,E09000013,3,219,6,30,3,4,6,0,0,0,1,1,1,0,0,1,3,E01001918,18-03-2018,1,1,1,1,24,5,3,0,0,0,0,-1,5,1
4122,93.62924841,27.09297974,1,2,1,1,7,11:28,11,E09000013,3,308,6,30,3,4,6,0,0,1,1,1,1,0,0,1,1,E01001926,26-02-2018,1,2,3,1,-1,-1,3,5,1,0,0,-1,0,1
4123,93.62704232,27.10464541,1,3,2,1,5,16:28,11,E09000013,3,219,6,30,9,4,6,0,0,0,1,1,1,0,0,1,1,E01001890,17-03-2018,1,1,3,2,21,5,3,1,9,0,0,-1,0,-1
4124,93.61189141,27.09403356,1,3,1,1,2,14:15,11,E09000013,3,315,2,30,3,4,3,315,0,1,1,1,1,0,0,1,3,E01001898,21-03-2018,2,1,1,1,38,7,3,0,0,0,0,-1,2,1
4125,93.61490761,27.09794632,1,3,1,1,3,12:51,11,E09000013,3,3218,6,30,3,4,6,0,0,0,1,1,2,0,0,1,1,E01001886,22-03-2018,2,2,2,2,-1,-1,3,0,0,0,0,-1,2,1
4126,93.62459004,27.10529904,1,3,1,1,7,02:53,11,E09000013,3,315,2,30,7,2,3,219,0,5,4,1,1,0,0,1,1,E01001898,26-03-2018,1,1,1,1,32,6,3,0,0,0,0,-1,5,-1
4127,93.62676666,27.09387562,1,2,2,1,7,13:35,11,E09000013,3,308,6,30,3,4,6,0,0,1,1,1,1,0,0,1,1,E01001925,26-03-2018,2,1,2,2,30,6,3,0,0,1,0,-1,9,1
4128,93.62303194,27.10215241,1,3,2,1,3,09:20,11,E09000013,3,308,6,30,3,4,6,0,0,0,1,1,1,0,0,1,1,E01001952,29-03-2018,1,1,1,1,17,4,3,0,0,0,0,-1,3,-1
4129,93.63144822,27.09595817,1,3,1,1,2,11:20,11,E09000013,6,0,2,30,0,-1,-1,0,0,0,1,1,1,0,0,1,2,E01001855,14-03-2018,1,1,1,1,61,9,2,0,0,0,0,-1,1,1
4130,93.61455018,27.09858015,1,3,1,2,7,06:18,11,E09000013,3,219,6,30,0,-1,-1,0,0,0,1,1,1,0,0,1,1,E01001918,26-03-2018,1,1,1,1,38,7,3,0,0,0,0,-1,9,1
4131,93.62737356,27.09958151,1,3,1,1,7,03:19,11,E09000013,3,219,6,30,0,-1,-1,0,0,0,4,1,1,0,0,1,1,E01001898,02-04-2018,1,1,1,1,27,6,3,0,0,0,0,-1,9,1
4132,93.61096309,27.09884934,1,3,1,1,7,11:55,11,E09000013,4,318,6,30,3,4,6,0,0,4,1,1,1,0,0,1,1,E01001921,02-04-2018,1,1,1,1,27,6,3,0,0,0,0,-1,1,1
4133,93.62085759,27.09851047,1,3,2,1,2,21:33,11,E09000013,3,4,3,40,0,-1,-1,0,0,0,4,1,2,0,0,1,1,E01001894,04-04-2018,1,1,1,1,32,6,3,0,0,0,0,-1,1,-1
4134,93.62033564,27.09537809,1,3,1,1,2,12:00,11,E09000013,6,0,6,30,3,4,6,0,0,0,1,1,1,0,0,1,3,E01001890,14-03-2018,1,1,1,2,34,6,3,0,0,0,0,-1,1,1
4135,93.61646355,27.10586458,1,3,2,1,4,08:35,11,E09000013,3,219,6,30,0,-1,-1,0,0,0,1,1,1,0,0,1,1,,23-03-2018,1,1,3,1,60,9,3,10,9,0,0,-1,0,-1
4136,93.61382865,27.09694772,1,3,2,1,5,09:30,11,E09000013,4,317,6,30,2,4,3,3218,0,1,1,2,2,0,0,1,1,E01001884,24-03-2018,1,1,2,2,56,9,3,0,0,1,0,-1,9,1
4137,93.61068996,27.10626242,1,3,3,1,5,17:10,11,E09000013,3,219,6,30,0,-1,-1,0,0,0,1,1,1,0,0,1,1,E01001890,31-03-2018,2,1,1,2,41,7,3,0,0,0,0,-1,9,1
4138,93.6148968,27.10085443,1,3,2,1,3,13:48,11,E09000013,6,0,6,30,0,-1,-1,0,0,1,1,1,1,0,0,1,1,E01001946,05-04-2018,1,1,3,2,22,5,3,5,1,0,0,-1,0,-1
4139,93.61819369,27.09101077,1,3,1,1,6,20:25,11,E09000013,3,315,2,30,0,-1,-1,0,0,0,4,1,1,0,0,1,1,E01001894,25-03-2018,1,1,3,1,-1,-1,3,10,9,0,0,-1,0,-1
4140,93.63104775,27.10385704,1,3,2,1,4,20:38,11,E09000013,3,3219,6,30,3,2,4,317,0,5,4,1,1,0,0,1,1,E01001953,30-03-2018,1,1,1,1,56,9,3,0,0,0,0,-1,9,1
4141,93.63291236,27.10063494,1,3,2,1,3,20:27,11,E09000013,3,315,2,30,0,-1,-1,0,0,0,4,2,2,0,0,1,1,E01001894,29-03-2018,1,1,2,1,32,6,3,0,0,0,2,-1,11,-1
4142,93.62049893,27.09852917,1,3,2,1,2,09:40,11,E09000013,3,219,2,30,0,-1,-1,0,0,0,1,1,1,0,0,1,1,E01001941,11-04-2018,1,1,3,2,22,5,2,4,1,0,0,-1,0,1
4143,93.61554585,27.09015951,1,3,2,1,1,23:15,11,E09000013,3,4,3,40,6,2,4,317,0,5,4,1,1,0,0,1,1,E01001914,10-04-2018,1,1,2,1,54,8,3,0,0,0,3,-1,11,1
4144,93.61993035,27.09299913,1,3,2,1,2,13:55,11,E09000013,3,219,6,30,1,2,3,315,0,0,1,1,1,0,0,1,1,E01001898,28-03-2018,1,1,1,2,39,7,3,0,0,0,0,-1,9,1
4145,93.63112551,27.10556828,1,3,1,1,3,09:00,11,E09000013,3,315,6,30,3,4,6,0,0,4,1,1,1,0,0,1,1,E01001932,29-03-2018,1,1,1,1,35,6,3,0,0,0,0,-1,5,1
4146,93.61854728,27.08791379,1,3,1,2,1,22:10,11,E09000013,4,318,2,30,3,2,6,0,0,5,4,1,1,0,0,1,1,E01001920,27-03-2018,2,1,1,1,26,6,2,0,0,0,0,-1,1,-1
4147,93.63448598,27.10364342,1,3,2,1,4,15:16,11,E09000013,3,219,3,30,7,2,3,40,0,5,1,2,2,0,0,1,1,E01001874,06-04-2018,1,1,1,2,32,6,3,0,0,0,0,-1,1,1
4148,93.62341387,27.10413138,1,3,1,1,4,09:42,11,E09000013,3,219,6,30,3,2,3,315,0,5,1,1,2,0,0,1,1,E01001898,06-04-2018,1,1,1,1,34,6,3,0,0,0,0,-1,2,1
4149,93.61904473,27.09392293,1,3,2,1,4,18:56,11,E09000013,3,315,6,30,6,4,6,0,0,0,1,1,1,0,0,1,1,E01001871,06-04-2018,2,1,1,1,40,7,3,0,0,0,0,-1,9,1
4150,93.62321446,27.0905615,1,3,2,1,6,16:59,11,E09000013,6,0,6,30,0,-1,-1,0,0,0,1,1,1,0,0,1,1,E01001934,25-03-2018,1,1,3,1,54,8,2,5,1,0,0,-1,0,-1
4151,93.62217461,27.09765914,1,3,2,1,4,17:59,11,E09000013,3,40,1,30,1,4,3,3220,0,0,1,1,1,0,0,1,1,E01002877,06-04-2018,1,1,1,1,24,5,3,0,0,0,0,-1,9,1
4152,93.61227603,27.09938703,1,3,2,1,6,12:30,11,E09000013,6,0,6,30,3,4,6,0,0,0,1,1,1,0,0,1,1,E01001939,08-04-2018,1,1,1,1,39,7,3,0,0,0,0,-1,3,1
4153,93.60811259,27.08964552,1,3,2,1,6,18:20,11,E09000013,4,317,6,30,6,4,3,3218,0,0,1,1,1,0,0,1,1,E01001909,08-04-2018,1,1,2,2,35,6,3,0,0,1,0,-1,9,2
4154,93.61918296,27.09544669,1,3,1,1,3,15:35,11,E09000013,6,0,6,30,0,-1,-1,0,0,0,1,1,1,0,0,1,1,E01001918,05-04-2018,1,2,1,1,37,7,2,0,0,0,0,-1,9,2
4155,93.60829432,27.09416816,1,3,2,2,6,21:47,11,E09000013,5,0,6,30,0,-1,-1,0,0,0,4,1,1,0,0,1,1,E01001909,01-04-2018,1,1,1,1,38,7,2,0,0,0,0,-1,1,1
4156,93.60827251,27.1030878,1,3,2,1,2,09:20,11,E09000013,6,0,6,30,0,-1,-1,0,0,0,1,1,1,0,0,1,3,E01001915,14-03-2018,1,1,2,2,30,6,3,0,0,1,0,-1,9,-1
4157,93.61177604,27.1001646,1,3,2,1,7,18:08,11,E09000013,3,304,6,30,3,4,6,0,0,0,1,1,2,0,0,1,1,E01001947,26-03-2018,2,1,1,1,37,7,3,0,0,0,0,-1,1,1
4158,93.6197191,27.0907261,1,3,1,1,3,14:15,11,E09000013,5,0,6,30,6,2,3,217,0,0,1,8,1,0,0,1,1,E01001938,29-03-2018,1,1,3,2,53,8,3,1,3,0,0,-1,0,1
4159,93.62621522,27.09528214,1,3,2,3,7,16:30,11,E09000013,3,40,3,30,6,2,3,219,0,0,1,1,1,0,0,1,1,E01001874,02-04-2018,1,1,3,1,15,3,3,5,9,0,0,-1,0,-1