Accident_Index,longitude,latitude,Police_Force,Accident_Severity,Number_of_Vehicles,Number_of_Casualties,Day_of_Week,Time,Local_Authority_(District),Local_Authority_(Highway),1st_Road_Class,1st_Road_Number,Road_Type,Speed_limit,Junction_Detail,Junction_Control,2nd_Road_Class,2nd_Road_Number,Pedestrian_Crossing-Human_Control,Pedestrian_Crossing-Physical_Facilities,Light_Conditions,Weather_Conditions,Road_Surface_Conditions,Special_Conditions_at_Site,Carriageway_Hazards,Urban_or_Rural_Area,Did_Police_Officer_Attend_Scene_of_Accident,LSOA_of_Accident_Location,Date,Vehicle_Reference,Casualty_Reference,Casualty_Class,Sex_of_Casualty,Age_of_Casualty,Age_Band_of_Casualty,Casualty_Severity,Pedestrian_Location,Pedestrian_Movement,Car_Passenger,Bus_or_Coach_Passenger,Pedestrian_Road_Maintenance_Worker,Casualty_Type,Casualty_Home_Area_Type
4525,93.62910353,27.0977757,1,3,2,1,7,00:02,11,E09000013,3,315,6,30,3,4,6,0,0,0,7,9,1,0,0,1,1,E01001933,08-10-2018,1,1,3,2,14,3,3,2,3,0,0,-1,0,1
4526,93.62762925,27.10284602,1,3,2,1,4,15:45,11,E09000013,3,3220,1,30,1,2,3,402,0,5,1,1,1,0,0,1,2,E01002869,19-10-2018,1,1,1,2,22,5,3,0,0,0,0,-1,9,1
4527,93.62765429,27.1004103,1,3,1,1,7,17:45,11,E09000013,3,402,6,30,3,4,4,408,0,1,4,1,1,0,0,1,1,E01001858,22-10-2018,1,1,3,2,14,3,3,4,1,0,0,-1,0,-1
4528,93.62810698,27.09705507,1,3,2,1,1,15:05,11,E09000013,6,0,6,30,3,4,6,0,0,0,1,1,1,0,0,1,2,E01001858,23-10-2018,1,1,1,1,38,7,2,0,0,0,0,-1,1,1
4529,93.62553811,27.09658567,1,3,2,1,5,09:20,11,E09000013,6,0,6,30,0,-1,-1,0,0,0,1,1,2,0,0,1,1,E01001881,20-10-2018,1,1,3,1,29,6,3,4,3,0,0,-1,0,1
4530,93.61826871,27.09142634,1,2,2,1,3,07:45,11,E09000013,3,219,6,30,3,2,3,306,0,5,4,2,2,0,0,1,2,E01001898,25-10-2018,1,1,3,1,10,2,3,5,2,0,0,-1,0,-1
4531,93.62379912,27.09899683,1,3,1,1,3,12:55,11,E09000013,5,0,6,30,0,-1,-1,0,0,0,1,1,1,0,0,1,1,E01001898,25-10-2018,1,1,3,1,33,6,3,1,1,0,0,-1,0,1
4532,93.60896334,27.1052393,1,3,2,1,4,07:25,11,E09000013,3,4020,6,30,3,4,6,0,0,4,1,1,1,0,0,1,1,E01001941,26-10-2018,1,2,1,1,36,7,3,0,0,0,0,-1,4,1
4533,93.62329097,27.09924579,1,3,1,1,3,18:47,11,E09000013,3,219,3,30,0,-1,-1,0,0,4,4,1,1,0,0,1,1,E01001915,25-10-2018,1,1,2,2,-1,-1,3,0,0,1,0,-1,9,1
4534,93.6197546,27.0913045,1,3,2,2,1,23:17,11,E09000013,4,317,6,30,3,4,3,4,0,0,4,1,1,0,0,1,1,E01001870,23-10-2018,1,1,1,2,34,6,3,0,0,0,0,-1,9,1
4535,93.6134864,27.10618711,1,2,1,1,4,20:25,11,E09000013,3,219,1,30,1,2,3,315,0,5,4,1,1,0,0,1,1,E01001898,05-10-2018,2,1,1,2,34,6,3,0,0,0,0,-1,9,1
4536,93.62524825,27.0909803,1,3,2,2,7,11:45,11,E09000013,6,0,6,30,3,4,6,0,0,0,1,1,1,0,0,1,1,E01001915,22-10-2018,2,2,2,1,6,2,3,0,0,2,0,-1,9,-1
4537,93.62549299,27.09649775,1,3,1,1,5,10:00,11,E09000013,3,402,6,30,3,2,6,0,0,5,1,1,1,0,0,1,1,E01001857,27-10-2018,2,1,1,1,55,8,3,0,0,0,0,-1,1,1
4538,93.61550724,27.0989635,1,2,2,1,6,09:20,11,E09000013,3,306,1,30,1,2,3,4,0,5,1,2,2,0,0,1,2,E01001899,21-10-2018,2,1,1,1,37,7,3,0,0,0,0,-1,3,1
4539,93.63423498,27.10340033,1,3,2,1,4,15:41,11,E09000013,6,0,6,30,0,-1,-1,0,0,0,1,1,1,0,0,1,1,E01001938,19-10-2018,1,1,3,2,30,6,3,1,1,0,0,-1,0,1
4540,93.62968816,27.0901965,1,3,2,1,7,20:16,11,E09000013,3,219,6,30,3,4,3,219,0,1,4,2,2,0,0,1,1,E01001856,08-10-2018,1,1,3,1,14,3,3,5,1,0,0,-1,0,-1
4541,93.62162806,27.10093121,1,3,1,1,4,07:39,11,E09000013,3,304,6,30,3,4,3,219,0,1,1,1,1,0,0,1,1,E01001952,02-11-2018,2,1,1,1,60,9,3,0,0,0,0,-1,2,1
4542,93.63363536,27.10203462,1,3,2,1,7,19:08,11,E09000013,3,40,3,30,1,4,3,3220,0,0,4,1,1,0,0,1,1,E01002877,05-11-2018,1,1,3,2,-1,-1,2,8,9,0,0,-1,0,-1
4543,93.62225052,27.09035836,1,3,2,1,1,14:30,11,E09000013,3,315,2,30,8,4,6,0,0,4,1,1,1,0,0,1,1,E01001898,30-10-2018,1,1,2,1,41,7,3,0,0,2,0,-1,8,-1
4544,93.62866109,27.09407761,1,3,2,1,6,10:00,11,E09000013,3,315,1,30,1,2,3,219,0,0,1,9,1,0,0,1,2,E01001898,28-10-2018,2,1,1,1,23,5,3,0,0,0,0,-1,9,1
4545,93.62883607,27.10176797,1,3,1,1,1,19:41,11,E09000013,3,4020,2,30,3,4,6,0,0,0,4,1,1,0,0,1,1,E01001943,30-10-2018,1,1,1,1,52,8,3,0,0,0,0,-1,9,1
4546,93.62971682,27.08893964,1,3,2,1,5,16:11,27,E09000009,3,40,3,40,7,2,5,0,0,5,1,1,1,0,0,1,1,E01001243,27-10-2018,2,2,1,1,22,5,3,0,0,0,0,-1,20,1
4547,93.61064737,27.08820942,1,3,2,1,1,01:00,11,E09000013,3,219,6,30,3,4,6,0,0,1,4,1,2,0,0,1,1,E01001869,30-10-2018,1,1,1,1,48,8,3,0,0,0,0,-1,1,1
4548,93.62468795,27.09076335,1,3,1,3,6,20:20,12,E09000020,3,315,6,30,3,2,4,316,0,5,4,1,1,0,0,1,2,E01002817,21-10-2018,1,1,1,2,24,5,3,0,0,0,0,-1,9,1
4549,93.6256746,27.10317407,1,3,2,1,5,14:50,11,E09000013,6,0,6,30,1,4,6,0,0,0,1,1,1,0,0,1,2,E01001939,27-10-2018,1,1,2,2,65,9,2,0,0,0,4,-1,11,1
4550,93.61380987,27.10049753,1,3,1,1,5,20:00,11,E09000013,3,304,6,30,3,4,4,317,0,0,4,1,1,0,0,1,2,E01001953,03-11-2018,1,1,1,1,34,6,3,0,0,0,0,-1,9,1
4551,93.61423849,27.08908431,1,3,2,1,4,17:00,11,E09000013,3,308,6,30,3,4,6,0,0,0,4,2,2,0,0,1,1,E01001926,02-11-2018,1,1,1,1,41,7,3,0,0,0,0,-1,1,1
4552,93.62292322,27.09817051,1,2,2,1,6,23:30,11,E09000013,3,308,6,30,3,4,6,0,0,0,4,1,1,0,0,1,1,E01001926,04-11-2018,1,1,3,1,28,6,3,9,5,0,0,-1,0,1
4553,93.61162821,27.10233553,1,3,2,1,5,09:30,11,E09000013,6,0,6,30,3,4,6,0,0,0,1,1,2,0,0,1,1,E01001883,03-11-2018,2,1,1,1,28,6,3,0,0,0,0,-1,1,1
4554,93.62443525,27.10283669,1,2,2,1,4,19:01,11,E09000013,6,0,6,30,0,-1,-1,0,0,0,4,1,1,0,0,1,1,E01001881,09-11-2018,1,1,2,1,32,6,3,0,0,2,0,-1,9,1
4555,93.63352923,27.09135971,1,3,1,1,6,15:50,11,E09000013,4,317,6,30,3,4,6,0,0,0,1,1,1,0,0,1,1,E01001870,28-10-2018,2,2,3,1,28,6,2,9,5,0,0,-1,0,-1
4556,93.60887834,27.09875243,1,3,2,1,4,09:15,11,E09000013,3,219,6,30,3,4,6,0,0,0,1,1,1,0,0,1,2,E01001874,09-11-2018,1,1,1,1,73,10,3,0,0,0,0,-1,9,1
4557,93.61417909,27.09303383,1,3,2,1,5,19:30,11,E09000013,3,304,6,30,3,4,4,317,0,0,4,2,2,0,0,1,2,E01001953,03-11-2018,1,1,1,2,39,7,3,0,0,0,0,-1,1,1
4558,93.63106249,27.09899433,1,2,2,1,3,20:15,11,E09000013,3,3220,1,30,1,2,3,3220,0,5,4,1,1,0,0,1,1,E01002869,01-11-2018,2,1,1,1,25,5,3,0,0,0,0,-1,9,1
4559,93.63370612,27.09163318,1,3,2,1,4,13:28,11,E09000013,6,0,6,30,3,4,6,0,0,0,1,1,1,0,0,1,2,E01001938,02-11-2018,2,1,1,2,23,5,3,0,0,0,0,-1,1,1
4560,93.61062649,27.10043791,1,3,1,1,1,21:15,11,E09000013,3,306,6,30,0,-1,-1,0,0,0,4,2,2,0,0,1,1,E01001894,16-10-2018,1,1,3,2,30,6,3,9,9,0,0,-1,0,1
4561,93.61607912,27.08990744,1,3,2,1,5,23:15,11,E09000013,6,0,6,30,3,4,3,4020,0,0,4,1,1,0,0,1,1,E01001941,10-11-2018,1,1,3,1,28,6,3,1,3,0,0,-1,0,1
4562,93.62169526,27.09744063,1,3,1,2,4,18:30,11,E09000013,3,402,6,30,6,2,3,219,0,5,4,1,1,0,0,1,1,E01001857,09-11-2018,2,1,1,1,15,3,2,0,0,0,0,-1,1,-1
4563,93.60821501,27.09811013,1,3,2,1,3,08:17,11,E09000013,3,219,3,30,6,2,3,40,0,5,1,1,1,0,0,1,1,E01001874,08-11-2018,1,1,1,1,-1,-1,3,0,0,0,0,-1,9,-1
4564,93.61865782,27.09635493,1,3,1,1,6,10:35,11,E09000013,4,318,6,30,3,2,3,308,0,5,1,1,1,0,0,1,2,E01001923,11-11-2018,1,1,2,2,38,7,3,0,0,0,4,-1,11,1
4565,93.61089349,27.10218533,1,3,1,1,5,13:00,11,E09000013,3,3219,6,30,3,4,3,3219,0,0,1,1,1,0,0,1,1,E01001903,27-10-2018,2,1,1,1,24,5,3,0,0,0,0,-1,3,1
4566,93.61537694,27.10085016,1,2,1,1,3,15:10,11,E09000013,3,402,6,30,3,4,4,408,0,1,1,1,1,0,0,1,1,E01001930,01-11-2018,1,1,1,1,36,7,3,0,0,0,0,-1,1,1
4567,93.62340292,27.09833603,1,3,2,1,6,17:38,11,E09000013,3,4,6,30,0,-1,-1,0,0,0,1,9,1,0,0,1,2,E01001900,12-08-2018,1,1,2,1,88,11,2,0,0,0,2,-1,11,1
4568,93.63175128,27.09470434,1,3,1,1,6,11:41,11,E09000013,3,402,6,30,6,4,6,0,0,4,1,1,1,0,0,1,1,E01001941,11-11-2018,1,1,1,1,55,8,3,0,0,0,0,-1,4,1
4569,93.63104903,27.0975001,1,3,1,1,2,18:12,11,E09000013,3,315,2,30,3,4,3,315,0,1,4,1,1,0,0,1,1,E01001894,31-10-2018,1,1,3,2,23,5,3,1,9,0,0,-1,0,1
4570,93.63401862,27.10476032,1,3,1,1,5,18:02,11,E09000013,6,0,6,30,3,4,6,0,0,0,4,1,1,0,0,1,1,E01001854,10-11-2018,1,1,3,1,35,6,3,9,9,0,0,-1,0,1
4571,93.62666909,27.10245484,1,3,2,1,5,17:15,11,E09000013,4,317,6,30,7,4,6,0,0,1,1,1,1,0,2,1,1,E01001881,10-11-2018,1,1,3,2,-1,-1,3,6,9,0,0,-1,0,1
4572,93.61898261,27.09338042,1,3,1,2,4,19:00,11,E09000013,3,219,6,30,3,4,6,0,0,4,4,1,1,0,0,1,1,E01001854,09-11-2018,1,1,1,1,79,11,2,0,0,0,0,-1,1,-1
4573,93.6224711,27.09013985,1,3,2,1,2,18:18,11,E09000013,3,40,3,30,5,2,3,219,0,0,4,1,1,0,0,1,1,E01001874,14-11-2018,2,1,1,1,29,6,3,0,0,0,0,-1,1,1
4574,93.62840293,27.08949892,1,2,1,1,2,16:05,11,E09000013,3,315,6,30,3,4,6,0,0,4,1,1,1,0,0,1,1,E01001894,07-11-2018,1,1,3,1,30,6,3,5,1,0,0,-1,0,1
4575,93.61073348,27.09811052,1,3,2,1,4,13:49,11,E09000013,3,217,6,30,3,4,6,0,0,0,1,2,2,0,0,1,1,E01001937,02-11-2018,1,1,1,1,58,9,3,0,0,0,0,-1,9,1
4576,93.61326919,27.09803884,1,3,2,1,3,08:50,11,E09000013,6,0,6,30,0,-1,-1,0,0,0,1,1,1,0,0,1,1,E01001866,06-09-2018,1,2,2,1,29,6,3,0,0,2,0,-1,9,1
4577,93.6306331,27.09744134,1,3,1,1,6,00:01,11,E09000013,3,219,6,30,0,-1,-1,0,0,1,4,1,1,0,0,1,1,E01001874,04-11-2018,1,1,3,2,16,4,3,5,1,0,0,-1,0,1
4578,93.6124898,27.10217116,1,3,2,1,7,15:46,11,E09000013,5,0,6,30,6,4,6,0,0,0,1,1,1,0,0,1,1,E01001902,05-11-2018,1,1,2,2,61,9,3,0,0,0,3,-1,11,1
4579,93.6279102,27.08937227,1,3,1,1,6,17:15,11,E09000013,6,0,6,30,0,-1,-1,0,0,0,4,1,1,0,0,1,2,E01001881,04-11-2018,1,1,1,1,35,6,3,0,0,0,0,-1,3,1
4580,93.62833908,27.09395803,1,3,2,2,5,20:40,11,E09000013,3,40,1,50,1,4,3,3220,0,0,4,1,1,0,0,1,1,E01002877,10-11-2018,1,1,3,2,24,5,3,5,9,0,0,-1,0,-1
4581,93.61849193,27.09106278,1,3,3,1,6,19:56,11,E09000013,3,315,6,30,3,4,6,0,0,0,4,2,2,0,0,1,1,E01001932,11-11-2018,1,1,1,1,44,7,3,0,0,0,0,-1,9,1
4582,93.62555505,27.09795636,1,3,2,1,4,19:15,11,E09000013,3,315,6,30,0,-1,-1,0,0,4,4,1,1,0,0,1,1,E01001866,09-11-2018,1,1,1,1,39,7,3,0,0,0,0,-1,19,1
4583,93.6293799,27.09625424,1,3,2,1,6,13:05,11,E09000013,6,0,6,30,3,4,6,0,0,0,1,1,1,0,0,1,1,E01001925,18-11-2018,1,1,1,1,25,5,3,0,0,0,0,-1,1,1
4584,93.62222974,27.09200315,1,2,1,1,3,16:25,11,E09000013,3,315,6,30,3,4,6,0,0,0,1,1,2,0,0,1,1,E01001932,15-11-2018,1,1,1,1,18,4,3,0,0,0,0,-1,1,1
4585,93.6326486,27.10349279,1,3,2,1,2,23:50,11,E09000013,3,40,3,50,0,-1,-1,0,0,0,4,1,1,0,0,1,1,E01001874,14-11-2018,1,1,3,1,4,1,3,5,3,0,0,-1,0,-1
4586,93.61019426,27.09392049,1,3,2,1,4,14:12,11,E09000013,6,0,6,30,0,-1,-1,0,0,0,1,1,2,0,0,1,1,E01001934,23-11-2018,2,1,1,1,35,6,3,0,0,0,0,-1,4,1
4587,93.63435101,27.09825704,1,3,2,1,4,09:05,11,E09000013,6,0,6,30,3,4,6,0,0,0,1,1,1,0,0,1,2,E01001869,16-11-2018,1,1,1,1,94,11,3,0,0,0,0,-1,9,1
4588,93.63250528,27.09934942,1,3,1,1,4,20:11,11,E09000013,5,0,6,30,6,4,6,0,0,0,4,1,1,0,0,1,1,E01001950,16-11-2018,2,1,1,1,36,7,3,0,0,0,0,-1,11,1
4589,93.61560338,27.10355436,1,2,2,1,5,22:00,11,E09000013,3,219,6,30,0,-1,-1,0,0,0,4,2,2,0,0,1,1,E01001874,10-11-2018,2,1,1,1,24,5,3,0,0,0,0,-1,1,-1
4590,93.61156648,27.10200787,1,3,2,1,3,05:29,11,E09000013,5,0,1,30,1,4,6,0,0,0,4,1,2,0,0,1,1,E01001960,22-11-2018,1,1,2,2,81,11,3,0,0,0,4,-1,11,1
4591,93.61833337,27.10194766,1,3,1,1,5,08:24,11,E09000013,3,4020,6,30,3,4,6,0,0,0,1,1,1,0,0,1,1,E01001942,17-11-2018,1,1,3,1,51,8,3,4,1,0,0,-1,0,-1
4592,93.61750336,27.09465936,1,3,2,1,6,10:08,11,E09000013,6,0,6,30,3,4,6,0,0,0,1,1,1,0,0,1,1,E01001864,11-11-2018,1,1,3,2,-1,-1,3,4,1,0,0,-1,0,-1
4593,93.61805696,27.09061888,1,3,2,1,3,09:00,11,E09000013,3,219,6,30,3,4,6,0,0,0,1,1,2,0,0,1,1,E01001856,22-11-2018,1,2,3,2,28,6,3,4,1,0,0,-1,0,1
4594,93.62807984,27.09037083,1,3,2,1,4,17:28,11,E09000013,5,0,6,30,3,4,6,0,0,0,5,1,1,0,0,1,1,E01001950,23-11-2018,1,1,1,1,57,9,3,0,0,0,0,-1,4,-1
4595,93.61112109,27.0907983,1,3,2,1,5,19:54,11,E09000013,3,402,3,30,9,2,6,0,0,5,4,1,1,0,0,1,1,E01001857,24-11-2018,1,1,3,2,23,5,3,1,3,0,0,-1,0,1
4596,93.62124921,27.09729296,1,3,1,1,1,00:30,11,E09000013,3,308,6,30,0,-1,-1,0,0,0,4,1,1,0,0,1,2,E01001921,06-11-2018,2,1,1,1,33,6,3,0,0,0,0,-1,1,1
4597,93.62859893,27.09638056,1,3,1,1,4,08:06,11,E09000013,4,318,6,30,0,-1,-1,0,0,0,1,1,1,0,0,1,1,E01001920,16-11-2018,2,1,1,1,27,6,3,0,0,0,0,-1,3,1
4598,93.61229896,27.09822509,1,3,2,1,4,12:45,11,E09000013,6,0,6,30,3,4,6,0,0,0,1,1,1,0,0,1,1,E01001934,16-11-2018,2,1,1,2,-1,-1,3,0,0,0,0,-1,9,1
4599,93.61713635,27.08815158,1,3,2,1,5,05:25,11,E09000013,3,219,6,30,3,2,5,0,0,0,4,1,2,0,0,1,1,E01001874,24-11-2018,1,1,2,2,40,7,3,0,0,2,0,-1,8,-1
4600,93.62974945,27.09263279,1,2,1,1,5,19:14,11,E09000013,3,219,1,30,1,2,3,315,0,5,4,2,2,0,0,1,1,E01001898,01-12-2018,1,1,1,1,29,6,3,0,0,0,0,-1,3,1
4601,93.61098965,27.10655145,1,3,2,1,1,14:15,11,E09000013,6,0,6,30,3,4,6,0,0,0,1,1,1,0,0,1,2,E01001934,13-11-2018,1,1,3,1,20,4,3,5,3,0,0,-1,0,1
4602,93.63221512,27.0895517,1,3,3,1,2,16:15,11,E09000013,3,219,6,30,0,-1,-1,0,0,0,1,1,1,0,0,1,2,E01001877,17-10-2018,2,1,2,2,11,3,3,0,0,2,0,-1,9,-1
4603,93.62667166,27.09151015,1,3,2,1,4,14:00,11,E09000013,3,308,6,30,3,4,6,0,0,0,1,1,1,0,0,1,1,E01001920,30-11-2018,2,2,1,2,39,7,3,0,0,0,0,-1,9,-1
4604,93.62936055,27.08972135,1,2,1,1,4,11:20,11,E09000013,4,317,6,30,3,4,6,0,0,0,1,1,1,0,0,1,1,E01001866,30-11-2018,1,1,1,2,39,7,3,0,0,0,0,-1,1,1
4605,93.63024311,27.09803044,1,3,2,1,7,15:25,11,E09000013,3,402,6,30,3,4,4,409,0,0,1,1,1,0,0,1,2,E01001930,26-11-2018,2,1,2,2,26,6,3,0,0,0,0,-1,5,1
4606,93.60828088,27.08825901,1,2,1,1,2,18:25,11,E09000013,3,306,3,30,0,-1,-1,0,0,0,4,1,1,0,0,1,1,,28-11-2018,1,1,3,2,68,10,3,5,3,0,0,-1,0,1
4607,93.61760604,27.09891303,1,3,2,1,4,08:47,11,E09000013,3,219,6,30,6,2,3,402,0,5,1,7,2,0,0,1,1,E01001943,23-11-2018,1,1,1,2,42,7,3,0,0,0,0,-1,9,-1
4608,93.62330914,27.10526601,1,3,2,1,2,15:25,11,E09000013,3,315,6,30,3,4,6,0,0,4,1,1,1,0,0,1,2,E01001898,28-11-2018,1,2,2,2,49,8,3,0,0,2,0,-1,9,1
4609,93.61194564,27.09353955,1,3,2,1,4,06:19,11,E09000013,3,308,6,30,3,4,6,0,0,0,4,2,2,0,0,1,1,E01001922,19-10-2018,1,3,2,1,13,3,3,0,0,2,0,-1,9,-1
4610,93.63385838,27.10297139,1,3,2,1,2,02:00,11,E09000013,5,0,6,30,3,4,6,0,0,0,4,1,1,0,0,1,3,E01001876,14-11-2018,2,1,1,1,41,7,2,0,0,0,0,-1,5,1
4611,93.62175366,27.10475389,1,2,1,1,6,11:40,11,E09000013,3,219,6,30,0,-1,-1,0,0,0,1,1,2,0,0,1,1,E01001898,02-12-2018,1,1,1,2,24,5,3,0,0,0,0,-1,5,1
4612,93.62506536,27.104062,1,3,2,1,3,17:00,27,E09000009,5,0,6,30,3,4,5,0,0,0,4,1,1,0,0,1,3,E01001367,22-11-2018,2,1,1,1,11,3,3,0,0,0,0,-1,1,1
4613,93.61277691,27.0903966,1,3,2,1,7,18:20,11,E09000013,3,4,3,30,5,4,6,0,0,0,4,1,1,0,0,1,2,E01001894,26-11-2018,1,1,1,1,23,5,3,0,0,0,0,-1,1,1
4614,93.63186096,27.09533573,1,3,2,2,1,22:00,11,E09000013,3,219,6,30,3,2,5,0,0,5,4,1,1,0,0,1,1,E01001874,04-12-2018,2,1,1,2,24,5,3,0,0,0,0,-1,1,1
4615,93.61245126,27.10347331,1,3,2,2,7,13:00,11,E09000013,3,219,6,30,3,4,3,219,0,4,1,1,1,0,0,1,1,E01001915,10-12-2018,2,1,1,2,13,3,3,0,0,0,0,-1,1,-1
4616,93.6163501,27.09889646,1,3,2,1,2,09:30,11,E09000013,3,219,6,30,3,4,6,0,0,0,1,1,1,0,0,1,2,E01001891,21-11-2018,1,1,1,1,46,8,3,0,0,0,0,-1,9,1
4617,93.61756831,27.09625223,1,3,2,2,7,16:35,11,E09000013,3,40,3,30,0,-1,-1,0,0,4,4,1,1,0,0,1,2,E01001959,05-11-2018,1,1,1,1,20,4,2,0,0,0,0,-1,1,3
4618,93.62840226,27.10583183,1,3,1,1,3,09:15,11,E09000013,3,219,6,30,3,4,6,0,0,0,1,1,1,0,0,1,2,E01001917,29-11-2018,1,1,1,1,38,7,3,0,0,0,0,-1,5,1
4619,93.62988744,27.10051622,1,3,2,1,5,06:15,11,E09000013,3,219,6,30,3,4,6,0,0,5,4,1,1,0,0,1,1,E01001891,24-11-2018,1,2,2,2,38,7,3,0,0,0,0,-1,5,1
4620,93.62159948,27.09463073,1,3,1,1,3,17:00,11,E09000013,4,408,6,30,3,4,6,0,0,0,4,1,1,0,0,1,1,E01001858,29-11-2018,1,1,3,2,61,9,3,4,1,0,0,-1,0,1
4621,93.62539421,27.09857909,1,2,2,1,3,21:40,11,E09000013,6,0,6,30,1,4,6,0,0,0,4,1,1,0,0,1,2,E01001943,06-12-2018,1,1,1,1,36,7,3,0,0,0,0,-1,3,-1
4622,93.6118804,27.09784335,1,3,2,1,3,10:30,11,E09000013,6,0,6,30,0,-1,-1,0,0,0,1,1,1,0,0,1,1,E01001871,06-12-2018,1,1,2,2,72,10,3,0,0,0,3,-1,11,-1
4623,93.62301928,27.1048716,1,3,1,1,2,16:14,11,E09000013,3,315,6,30,3,2,6,0,0,5,4,1,1,0,0,1,1,E01001932,28-11-2018,1,1,3,1,26,6,3,10,9,0,0,-1,0,1
4624,93.61865145,27.08797162,1,3,1,1,3,11:18,11,E09000013,6,0,6,30,0,-1,-1,0,0,0,1,1,1,0,0,1,1,E01001943,06-12-2018,2,1,1,1,32,6,3,0,0,0,0,-1,4,1
4625,93.62060819,27.09374816,1,3,2,1,2,13:16,11,E09000013,3,219,6,30,3,2,3,219,0,5,1,1,1,0,0,1,1,E01001900,28-11-2018,1,1,1,1,25,5,3,0,0,0,0,-1,5,1
4626,93.62850256,27.09041463,1,3,2,1,4,18:10,11,E09000013,5,0,6,30,3,4,6,0,0,0,1,1,1,0,0,1,2,E01001243,30-11-2018,2,1,1,1,38,7,2,0,0,0,0,-1,8,1
4627,93.62150702,27.09113322,1,3,1,1,5,17:05,11,E09000013,4,317,6,30,3,4,6,0,0,1,4,2,2,0,0,1,1,E01001881,01-12-2018,2,2,2,2,23,5,3,0,0,2,0,-1,8,-1
4628,93.6223703,27.10252655,1,2,2,1,4,11:15,11,E09000013,3,315,2,30,3,4,6,0,0,0,1,1,1,0,0,1,1,E01001894,30-11-2018,2,1,1,1,31,6,3,0,0,0,0,-1,1,1
4629,93.61284233,27.09585139,1,2,1,1,6,10:20,11,E09000013,3,315,6,30,3,4,6,0,0,0,1,2,2,0,0,1,1,E01001899,02-12-2018,1,1,3,1,21,5,3,10,1,0,0,-1,0,1
4630,93.62328498,27.10536116,1,3,2,2,1,09:51,11,E09000013,3,40,1,50,1,4,3,3220,0,0,1,1,2,0,0,1,1,E01002877,11-12-2018,2,1,1,1,20,4,3,0,0,0,0,-1,5,1
4631,93.62321922,27.08811578,1,3,2,1,6,11:00,11,E09000013,3,219,6,30,8,4,6,0,0,0,1,1,1,0,0,1,1,E01001877,09-12-2018,1,1,3,1,12,3,3,9,5,0,0,-1,0,1
4632,93.61427266,27.09399374,1,3,1,1,5,08:20,11,E09000013,3,219,6,30,3,4,6,0,0,1,1,2,2,0,0,1,1,E01001943,08-12-2018,1,1,3,1,37,7,3,6,9,0,0,-1,0,1
4633,93.63072899,27.1058515,1,3,1,1,4,13:25,11,E09000013,5,0,6,30,0,-1,-1,0,0,0,1,1,1,0,0,1,1,E01001898,07-12-2018,1,1,1,1,44,7,3,0,0,0,0,-1,3,1
4634,93.62938371,27.08805778,1,3,2,1,6,23:40,11,E09000013,3,219,6,30,3,4,6,0,0,0,4,1,1,0,0,1,1,E01001918,16-12-2018,1,1,1,1,29,6,3,0,0,0,0,-1,9,1
4635,93.62272354,27.09144,1,3,2,1,7,20:00,11,E09000013,4,318,6,30,0,-1,-1,0,0,4,4,1,1,0,0,1,1,E01001921,10-12-2018,1,1,3,1,-1,-1,3,5,3,0,0,-1,0,1
4636,93.62985916,27.10572457,1,3,2,1,5,23:46,11,E09000013,3,219,6,30,3,4,6,0,0,4,4,1,1,0,0,1,1,E01001856,08-12-2018,1,1,2,1,17,4,3,0,0,2,0,-1,9,1
4637,93.61940406,27.10048578,1,3,1,1,4,08:46,11,E09000013,6,0,6,30,0,-1,-1,0,0,0,1,1,1,0,0,1,1,E01001909,14-12-2018,1,2,2,2,18,4,3,0,0,2,0,-1,9,1
4638,93.62552106,27.09571089,1,3,2,1,4,06:23,27,E09000009,5,0,6,30,3,4,6,0,0,0,4,1,2,0,0,1,1,E01001240,14-12-2018,1,1,1,1,26,6,3,0,0,0,0,-1,5,1
4639,93.61551895,27.0893124,1,3,1,2,5,18:20,11,E09000013,4,317,6,30,3,4,6,0,0,1,4,1,1,0,0,1,1,E01001881,15-12-2018,1,1,3,1,59,9,3,5,3,0,0,-1,0,-1
4640,93.61238922,27.09279168,1,3,2,2,2,00:20,11,E09000013,4,317,6,30,3,4,6,0,0,1,4,1,1,0,0,1,2,E01001881,12-12-2018,2,1,1,1,26,6,3,0,0,0,0,-1,2,1
4641,93.6319476,27.08897104,1,3,1,1,1,14:50,11,E09000013,3,315,2,30,0,-1,-1,0,0,5,1,1,1,0,0,1,1,E01001898,11-12-2018,2,1,1,1,31,6,3,0,0,0,0,-1,5,1
4642,93.61435962,27.09693384,1,3,2,1,5,15:46,11,E09000013,3,219,6,30,0,-1,-1,0,0,0,1,1,1,0,0,1,1,E01001877,15-12-2018,2,1,1,1,34,6,3,0,0,0,0,-1,9,-1
4643,93.63051431,27.09559387,1,3,2,1,3,09:20,11,E09000013,3,219,3,30,9,2,3,308,0,5,1,1,1,1,0,1,1,E01001915,20-12-2018,3,2,1,2,32,6,3,0,0,0,0,-1,9,1
4644,93.63415847,27.09220509,1,3,2,1,2,19:50,11,E09000013,3,4,3,30,0,-1,-1,0,0,0,4,1,1,0,0,1,1,E01001911,12-12-2018,1,1,1,1,54,8,3,0,0,0,0,-1,5,1
4645,93.61965376,27.09757585,1,3,2,1,7,13:50,11,E09000013,6,0,6,30,0,-1,-1,0,0,0,1,1,1,0,0,1,1,E01001895,10-12-2018,1,1,1,1,29,6,3,0,0,0,0,-1,3,1
4646,93.61332193,27.0929603,1,3,1,1,4,12:15,11,E09000013,5,0,9,30,3,4,6,0,0,0,1,1,1,0,0,1,2,E01001904,14-12-2018,2,1,1,1,-1,-1,3,0,0,0,0,-1,1,-1