Accident_Index,longitude,latitude,Police_Force,Accident_Severity,Number_of_Vehicles,Number_of_Casualties,Day_of_Week,Time,Local_Authority_(District),Local_Authority_(Highway),1st_Road_Class,1st_Road_Number,Road_Type,Speed_limit,Junction_Detail,Junction_Control,2nd_Road_Class,2nd_Road_Number,Pedestrian_Crossing-Human_Control,Pedestrian_Crossing-Physical_Facilities,Light_Conditions,Weather_Conditions,Road_Surface_Conditions,Special_Conditions_at_Site,Carriageway_Hazards,Urban_or_Rural_Area,Did_Police_Officer_Attend_Scene_of_Accident,LSOA_of_Accident_Location,Date,Vehicle_Reference,Casualty_Reference,Casualty_Class,Sex_of_Casualty,Age_of_Casualty,Age_Band_of_Casualty,Casualty_Severity,Pedestrian_Location,Pedestrian_Movement,Car_Passenger,Bus_or_Coach_Passenger,Pedestrian_Road_Maintenance_Worker,Casualty_Type,Casualty_Home_Area_Type
4647,93.61776075,27.09935295,1,3,2,1,5,19:20,11,E09000013,6,0,1,30,2,4,6,0,0,0,4,1,1,0,0,1,2,E01001908,08-12-2018,1,1,1,1,30,6,2,0,0,0,0,-1,3,1
4648,93.62560339,27.09666669,1,3,1,1,4,08:08,11,E09000013,3,40,3,50,0,-1,-1,0,0,0,1,1,1,0,0,1,1,E01001957,14-12-2018,1,2,2,2,29,6,3,0,0,0,0,-1,3,1
4649,93.61607922,27.09994554,1,3,2,3,1,17:22,11,E09000013,3,40,3,50,0,-1,-1,0,0,0,4,7,2,0,0,1,1,E01002877,11-12-2018,2,1,3,2,9,2,2,5,3,0,0,-1,0,1
4650,93.62083543,27.09801939,1,3,2,1,3,19:14,11,E09000013,3,304,6,30,3,4,6,0,0,1,4,1,2,0,0,1,1,E01001947,06-12-2018,2,1,1,1,32,6,3,0,0,0,0,-1,3,-1
4651,93.63230727,27.10252122,1,2,1,1,4,16:52,11,E09000013,5,0,6,30,0,-1,-1,0,0,0,4,1,1,0,0,1,1,E01001891,23-11-2018,1,1,1,1,43,7,3,0,0,0,0,-1,9,1
4652,93.61572435,27.10367306,1,3,2,1,3,10:43,11,E09000013,3,402,6,30,9,2,6,0,0,0,1,1,1,0,0,1,1,E01001857,20-12-2018,3,2,2,2,39,7,3,0,0,1,0,-1,9,1
4653,93.62147792,27.0956675,1,2,1,1,6,09:21,11,E09000013,3,315,2,30,0,-1,-1,0,0,0,1,2,2,0,0,1,1,E01001899,30-12-2018,1,1,3,1,40,7,3,9,5,0,0,-1,0,1
4654,93.6198301,27.09705063,1,3,2,3,5,09:20,11,E09000013,3,3220,3,40,1,2,3,3220,0,0,1,1,1,0,0,1,1,E01002873,22-12-2018,1,1,1,1,39,7,3,0,0,0,0,-1,1,1
4655,93.62075742,27.1019316,1,3,2,1,2,19:30,11,E09000013,3,308,6,30,3,4,6,0,0,0,4,1,1,0,0,1,2,E01001920,12-12-2018,1,1,1,2,59,9,3,0,0,0,0,-1,9,1
4656,93.61807604,27.10584004,1,3,2,1,6,10:15,11,E09000013,3,3219,6,30,3,4,5,0,0,0,1,1,1,0,0,1,1,E01001901,04-11-2018,1,2,2,2,21,5,3,0,0,1,0,-1,9,1
4657,93.61690799,27.10458984,1,3,2,1,7,08:39,11,E09000013,3,40,3,50,0,-1,-1,0,0,0,1,1,1,0,0,1,1,E01001874,17-12-2018,2,1,1,1,33,6,3,0,0,0,0,-1,1,1
4658,93.61134176,27.09627602,1,3,3,1,2,18:12,11,E09000013,3,315,6,30,3,4,6,0,0,4,4,1,2,0,2,1,1,E01001898,05-12-2018,2,1,1,2,14,3,3,0,0,0,0,-1,1,1
4659,93.62890253,27.10110407,1,3,1,1,7,07:50,11,E09000013,3,219,6,30,3,4,3,219,0,5,1,1,1,0,0,1,1,E01001900,24-12-2018,1,1,1,1,36,7,3,0,0,0,0,-1,3,1
4660,93.63185087,27.10013083,1,3,2,1,2,12:40,11,E09000013,3,308,6,30,3,4,6,0,0,1,1,1,1,0,0,1,1,E01001925,19-12-2018,1,1,3,1,18,4,3,5,1,0,0,-1,0,-1
4661,93.61264685,27.09581452,1,3,3,1,4,17:03,11,E09000013,3,219,6,30,0,-1,-1,0,0,0,4,1,1,0,0,1,1,E01001877,21-12-2018,1,1,1,2,30,6,3,0,0,0,0,-1,9,1
4662,93.62435264,27.10220755,1,3,1,1,3,10:05,11,E09000013,4,317,6,30,3,4,6,0,0,0,1,1,1,0,0,1,1,E01001914,20-12-2018,1,1,3,1,41,7,2,9,9,0,0,-1,0,1
4663,93.60968198,27.0879648,1,2,2,1,1,13:00,11,E09000013,3,219,6,30,0,-1,-1,0,0,4,1,1,1,0,0,1,2,E01001900,04-12-2018,2,1,1,1,-1,-1,2,0,0,0,0,-1,4,1
4664,93.6172591,27.09195573,1,3,2,1,4,17:00,1,E09000033,3,315,6,30,3,4,4,325,0,5,7,1,1,0,0,1,2,E01002891,21-12-2018,1,1,2,1,41,7,3,0,0,2,0,-1,9,1
4665,93.6263782,27.08904034,1,2,1,1,7,21:00,11,E09000013,3,402,6,30,3,4,6,0,0,0,4,1,2,0,0,1,2,E01001940,31-12-2018,2,1,1,2,18,4,3,0,0,0,0,-1,9,1
4666,93.61628514,27.09573507,1,3,2,2,3,08:15,11,E09000013,3,3220,1,30,1,4,3,40,0,0,1,1,1,0,0,1,2,E01002877,20-12-2018,2,2,2,2,18,4,3,0,0,1,0,-1,9,1
4667,93.62760812,27.09455575,1,3,2,1,7,13:16,11,E09000013,3,219,6,30,6,2,3,219,0,0,1,1,1,0,0,1,1,E01001915,05-11-2018,2,3,2,1,18,4,3,0,0,2,0,-1,9,1
4668,93.61103997,27.09896434,1,3,2,1,3,14:20,11,E09000013,3,4020,6,30,0,-1,-1,0,0,0,1,1,2,0,0,1,1,E01001954,20-12-2018,2,4,2,2,19,4,3,0,0,2,0,-1,9,1
4669,93.60922299,27.10240997,1,3,2,2,7,11:00,11,E09000013,3,4,3,40,0,-1,-1,0,0,0,1,1,1,0,0,1,1,E01001894,31-12-2018,1,1,1,1,37,7,3,0,0,0,0,-1,90,1
4670,93.61016601,27.0912686,1,3,2,1,7,05:45,11,E09000013,3,402,6,30,0,-1,-1,0,0,0,1,1,1,0,0,1,3,E01001943,13-08-2018,2,1,1,1,34,6,3,0,0,0,0,-1,4,1
4671,93.63400557,27.10314403,1,3,2,1,2,16:30,11,E09000013,3,308,6,30,3,4,6,0,0,0,4,1,1,0,0,1,1,E01001921,03-10-2018,1,1,3,1,43,7,3,6,9,0,0,-1,0,1
4672,93.63281709,27.09396365,1,3,2,1,7,16:00,11,E09000013,3,402,6,30,3,4,6,0,0,0,1,1,1,0,0,1,2,E01002574,18-06-2018,1,1,1,1,38,7,3,0,0,0,0,-1,3,1
4673,93.63132636,27.09006575,1,3,2,1,3,12:00,11,E09000013,4,317,6,30,3,4,6,0,0,0,1,1,2,0,0,1,2,E01001911,20-12-2018,2,1,1,1,28,6,3,0,0,0,0,-1,1,1
4674,93.62129008,27.09458244,1,3,2,1,3,20:30,11,E09000013,3,219,6,30,3,2,6,0,0,0,4,1,1,0,0,1,2,E01001891,11-10-2018,1,1,1,1,22,5,3,0,0,0,0,-1,5,1
4675,93.61140338,27.09978361,1,3,3,1,3,17:30,11,E09000013,6,0,6,30,3,4,6,0,0,0,1,1,1,0,0,1,1,E01001937,27-09-2018,1,1,2,2,26,6,2,0,0,2,0,-1,8,1
4676,93.63256874,27.08995988,1,2,1,1,5,14:15,4,E09000012,3,104,6,30,3,4,6,0,0,0,1,1,1,0,0,1,1,E01001743,06-01-2018,1,1,1,1,70,10,3,0,0,0,0,-1,9,1
4677,93.61746282,27.09014636,1,3,2,1,3,14:29,3,E09000019,3,501,6,30,0,-1,-1,0,0,0,1,2,2,0,0,1,1,E01002704,11-01-2018,1,1,3,2,17,4,2,9,5,0,0,-1,0,1
4678,93.61033942,27.09469782,1,3,2,1,5,15:00,4,E09000012,6,0,6,30,0,-1,-1,0,0,0,1,1,1,0,0,1,1,E01001768,06-01-2018,2,1,1,1,29,6,3,0,0,0,0,-1,2,-1
4679,93.61258269,27.09183096,1,3,1,1,3,19:00,4,E09000012,5,0,6,30,3,4,3,1208,0,0,4,1,2,0,0,1,1,E01001777,04-01-2018,2,1,1,1,17,4,3,0,0,0,0,-1,5,-1
4680,93.6130994,27.09698318,1,3,1,1,5,19:10,4,E09000012,3,107,6,30,0,-1,-1,0,0,0,1,1,1,0,0,1,1,E01001818,06-01-2018,1,1,1,2,27,6,3,0,0,0,0,-1,1,-1
4681,93.62354156,27.10056392,1,3,1,1,6,09:25,4,E09000012,6,0,6,30,3,4,4,104,0,1,1,1,1,0,0,1,1,E01001741,14-01-2018,2,1,1,1,27,6,3,0,0,0,0,-1,1,1
4682,93.63201696,27.08990956,1,3,2,1,4,11:47,4,E09000012,5,0,6,30,7,4,5,0,0,0,1,1,1,0,0,1,1,E01001755,12-01-2018,1,1,1,2,48,8,3,0,0,0,0,-1,3,1
4683,93.6318145,27.09189782,1,3,1,1,4,07:30,3,E09000019,3,104,7,30,6,2,5,0,0,0,1,4,1,0,0,1,1,E01001756,05-01-2018,2,1,1,2,49,8,3,0,0,0,0,-1,1,1
4684,93.60850427,27.08969267,1,3,1,1,1,19:25,4,E09000012,3,503,6,30,3,4,6,0,0,0,4,2,2,0,0,1,1,E01002002,09-01-2018,1,1,1,1,31,6,3,0,0,0,0,-1,1,1
4685,93.63111043,27.09667457,1,3,2,1,6,11:30,4,E09000012,3,10,6,30,0,-1,-1,0,0,0,1,1,1,0,0,1,2,E01001830,14-01-2018,2,1,1,2,40,7,3,0,0,0,0,-1,1,1
4686,93.62607723,27.10188639,1,2,2,1,6,22:45,4,E09000012,3,10,6,30,7,2,3,1202,0,5,4,1,1,0,0,1,1,E01001771,21-01-2018,1,1,1,2,27,6,3,0,0,0,0,-1,5,1
4687,93.62677846,27.10632114,1,3,1,1,6,09:00,3,E09000019,6,0,6,30,0,-1,-1,0,0,0,1,1,1,0,0,1,1,E01002743,21-01-2018,2,1,1,1,51,8,3,0,0,0,0,-1,4,-1
4688,93.62870921,27.09025973,1,3,2,1,1,09:31,4,E09000012,3,107,6,30,3,4,6,0,0,0,1,1,1,0,0,1,1,E01001767,02-01-2018,1,1,1,1,45,7,3,0,0,0,0,-1,3,1
4689,93.62121668,27.10656733,1,3,2,2,6,09:01,4,E09000012,6,0,6,30,6,4,6,0,0,0,1,1,1,0,0,1,1,E01001763,21-01-2018,1,1,1,1,23,5,3,0,0,0,0,-1,9,1
4690,93.61437836,27.09465912,1,3,2,2,2,14:30,4,E09000012,3,10,6,20,9,4,6,0,0,0,1,1,1,0,0,1,1,E01001777,31-01-2018,1,1,2,1,28,6,3,0,0,1,0,-1,9,1
4691,93.6098753,27.09253713,1,2,3,2,6,20:10,4,E09000012,3,10,2,30,0,-1,-1,0,0,0,4,1,1,0,0,1,1,E01001832,14-01-2018,1,1,1,1,25,5,3,0,0,0,0,-1,5,1
4692,93.62252437,27.09407285,1,3,1,1,5,23:20,3,E09000019,3,1201,6,30,0,-1,-1,0,0,0,4,1,2,0,0,1,1,E01002747,13-01-2018,2,1,1,2,83,11,3,0,0,0,0,-1,9,1
4693,93.63313415,27.09583955,1,2,1,1,3,11:25,4,E09000012,3,10,6,30,3,2,3,10,0,5,1,1,1,0,0,1,1,E01001747,18-01-2018,1,1,1,1,49,8,2,0,0,0,0,-1,5,1
4694,93.61541578,27.09367252,1,2,2,1,4,09:05,4,E09000012,5,0,6,30,7,4,6,0,0,0,1,1,1,0,0,1,1,E01001818,26-01-2018,1,1,1,1,41,7,3,0,0,0,0,-1,19,1
4695,93.6255678,27.10113878,1,3,1,3,7,15:59,4,E09000012,3,107,6,30,7,2,3,107,0,5,1,1,1,0,0,1,1,E01001760,15-01-2018,1,1,1,1,30,6,3,0,0,0,0,-1,9,1
4696,93.62539499,27.09884772,1,3,3,1,2,12:25,4,E09000012,3,1202,6,30,7,2,6,0,0,5,1,1,1,0,0,1,1,E01001771,07-02-2018,1,1,3,2,40,7,3,4,3,0,0,-1,0,1
4697,93.62167562,27.09927782,1,3,1,1,4,14:40,4,E09000012,3,104,6,30,7,2,3,107,0,5,1,1,1,0,0,1,1,E01001760,02-02-2018,1,1,1,1,36,7,3,0,0,0,0,-1,5,1
4698,93.61761859,27.08809498,1,3,2,1,5,11:19,4,E09000012,3,503,6,30,3,4,5,0,0,0,1,1,1,0,0,1,1,E01002002,10-02-2018,1,1,3,1,38,7,3,4,3,0,0,-1,0,1
4699,93.62157594,27.10135865,1,3,2,1,5,07:30,4,E09000012,3,107,6,30,0,-1,-1,0,0,0,1,1,1,0,0,1,1,E01001818,10-02-2018,1,1,3,1,77,11,3,4,1,0,0,-1,0,1
4700,93.62183418,27.10276637,1,3,3,1,7,10:45,4,E09000012,3,106,2,30,0,-1,-1,0,0,0,1,1,1,0,0,1,1,E01001836,05-02-2018,2,1,1,1,46,8,3,0,0,0,0,-1,9,1
4701,93.62603598,27.1029056,1,3,6,1,4,17:20,4,E09000012,3,12,3,50,0,-1,-1,0,0,0,4,1,1,0,0,1,1,E01001846,09-02-2018,1,1,3,1,36,7,3,1,1,0,0,-1,0,1
4702,93.61749748,27.10069372,1,3,1,1,3,00:25,4,E09000012,4,108,6,30,3,4,6,0,0,1,4,1,1,0,0,1,1,E01001817,15-02-2018,1,1,1,1,25,5,2,0,0,0,0,-1,1,-1
4703,93.61576905,27.10612308,1,3,1,1,5,23:59,4,E09000012,3,107,6,30,0,-1,-1,0,0,0,4,2,2,0,0,1,1,E01001808,10-02-2018,1,1,2,2,21,5,3,0,0,1,0,-1,9,1
4704,93.63438687,27.09946898,1,3,2,1,7,16:45,4,E09000012,4,108,6,30,6,2,5,0,0,0,4,1,1,0,0,1,1,E01001774,12-02-2018,1,2,2,2,21,5,2,0,0,2,0,-1,9,1
4705,93.61304016,27.10534331,1,3,3,1,1,17:10,4,E09000012,3,107,6,30,3,4,5,0,0,1,1,2,2,0,0,1,1,E01001807,13-02-2018,2,3,2,1,-1,-1,3,0,0,1,0,-1,9,1
4706,93.62112072,27.10549072,1,3,1,1,2,18:46,4,E09000012,3,104,6,30,3,4,6,0,0,0,4,1,1,0,0,1,1,E01001756,24-01-2018,1,1,1,1,31,6,3,0,0,0,0,-1,11,1
4707,93.61918987,27.10400117,1,3,2,1,2,19:40,4,E09000012,3,105,6,30,6,2,4,105,0,0,4,1,2,0,0,1,1,E01001719,24-01-2018,1,1,2,2,38,7,3,0,0,0,4,-1,11,1
4708,93.63418227,27.10507621,1,3,1,1,7,15:36,4,E09000012,3,104,6,30,3,4,6,0,0,0,1,1,1,0,0,1,1,E01001793,19-02-2018,1,1,3,1,29,6,3,5,1,0,0,-1,0,1
4709,93.6135216,27.09211823,1,3,1,1,5,12:47,4,E09000012,5,0,6,30,7,2,4,105,0,0,1,1,1,0,0,1,1,E01001801,17-02-2018,1,1,2,2,79,11,2,0,0,0,3,-1,11,-1
4710,93.63002638,27.10373626,1,3,2,1,5,10:15,4,E09000012,6,0,6,30,0,-1,-1,0,0,0,1,1,1,0,0,1,1,E01001801,17-02-2018,2,1,2,2,40,7,3,0,0,1,0,-1,9,1
4711,93.61186364,27.10022854,1,3,1,1,1,06:40,4,E09000012,6,0,6,30,3,4,3,107,0,4,4,2,2,0,0,1,1,E01001767,13-02-2018,1,1,1,2,25,5,3,0,0,0,0,-1,3,1
4712,93.61564743,27.08830085,1,3,1,1,7,19:38,4,E09000012,4,113,2,30,3,2,4,113,0,5,4,1,2,0,0,1,1,E01001730,29-01-2018,2,1,1,2,28,6,3,0,0,0,0,-1,1,-1
4713,93.61481518,27.09914946,1,3,2,1,5,00:55,4,E09000012,3,10,6,30,3,4,6,0,0,0,4,1,2,0,0,1,1,E01001771,20-01-2018,1,1,1,1,33,6,3,0,0,0,0,-1,9,3
4714,93.6102406,27.09696995,1,3,2,1,5,10:17,4,E09000012,3,107,1,30,1,2,3,107,0,0,1,1,1,0,0,1,1,E01001770,20-01-2018,1,2,2,1,40,7,3,0,0,1,0,-1,9,1
4715,93.61488463,27.09436634,1,3,2,1,5,08:00,4,E09000012,3,10,6,30,0,-1,-1,0,0,0,1,1,1,0,0,1,1,E01001771,20-01-2018,2,1,1,1,27,6,3,0,0,0,0,-1,1,-1
4716,93.61763239,27.10111651,1,3,1,1,1,18:21,4,E09000012,5,0,6,30,3,4,6,0,0,0,4,1,1,0,0,1,1,E01001806,23-01-2018,1,1,1,1,27,6,3,0,0,0,0,-1,9,1
4717,93.62870546,27.09697491,1,3,2,3,2,16:39,3,E09000019,3,501,6,30,3,4,3,501,0,0,4,1,1,0,0,1,1,E01002702,24-01-2018,1,1,1,1,22,5,2,0,0,0,0,-1,4,-1
4718,93.62597352,27.10540698,1,3,1,1,3,18:07,4,E09000012,6,0,6,30,3,4,3,107,0,0,1,2,2,0,0,1,1,E01001767,01-02-2018,1,1,3,1,10,2,2,4,1,0,0,-1,0,1
4719,93.62451747,27.08989636,1,3,2,1,6,20:45,4,E09000012,5,0,6,30,3,4,6,0,0,0,4,1,2,0,0,1,1,E01001773,21-01-2018,1,1,1,1,24,5,3,0,0,0,0,-1,2,1
4720,93.62996022,27.09035502,1,3,2,1,4,21:44,4,E09000012,5,0,6,30,6,2,4,102,0,0,4,1,2,4,0,1,1,E01002721,09-02-2018,1,1,3,1,73,10,3,5,3,0,0,-1,0,-1
4721,93.63054878,27.09569851,1,3,2,1,1,03:00,4,E09000012,5,0,6,30,6,2,4,108,0,0,4,1,2,0,0,1,1,E01001774,06-02-2018,3,1,1,1,19,4,3,0,0,0,0,-1,9,1
4722,93.61820871,27.09906773,1,3,1,1,3,16:29,4,E09000012,5,0,6,30,3,4,6,0,0,0,1,1,1,0,0,1,1,E01001833,15-02-2018,3,2,2,1,18,4,3,0,0,1,0,-1,9,1
4723,93.61181304,27.09077453,1,3,2,2,4,20:18,4,E09000012,3,107,3,30,0,-1,-1,0,0,0,4,1,1,0,0,1,1,E01001811,09-02-2018,1,1,3,1,48,8,3,4,1,0,0,-1,0,-1
4724,93.62388977,27.09666126,1,3,1,1,6,11:10,4,E09000012,3,503,3,40,6,2,3,105,0,5,1,1,1,0,0,1,1,E01002002,04-02-2018,1,1,3,2,32,6,3,4,1,0,0,-1,0,-1
4725,93.62526705,27.10029144,1,3,2,1,2,20:05,4,E09000012,3,102,6,30,3,4,6,0,0,0,4,3,2,0,0,1,1,E01001730,21-02-2018,2,1,1,1,33,6,3,0,0,0,0,-1,4,-1
4726,93.6286864,27.10492141,1,3,2,1,5,14:30,4,E09000012,3,104,6,30,3,4,6,0,0,0,1,2,2,0,0,1,1,E01001748,10-02-2018,1,1,1,1,30,6,3,0,0,0,0,-1,3,1
4727,93.6155957,27.08882657,1,2,3,1,1,06:23,4,E09000012,5,0,6,30,2,4,5,0,0,0,4,1,4,0,0,1,1,E01001743,20-02-2018,1,1,1,1,-1,-1,3,0,0,0,0,-1,3,1
4728,93.62735059,27.09868911,1,3,2,1,3,08:48,4,E09000012,3,10,3,30,3,4,6,0,0,0,1,1,1,0,0,1,1,E01001835,22-02-2018,1,1,3,1,55,8,3,1,3,0,0,-1,0,1
4729,93.62541236,27.09738602,1,3,2,1,4,19:47,4,E09000012,5,0,6,30,6,2,3,10,0,0,4,1,1,0,0,1,1,E01001750,16-02-2018,1,1,2,2,29,6,3,0,0,1,0,-1,9,1
4730,93.6163918,27.08988502,1,3,2,1,6,19:01,4,E09000012,5,0,6,30,3,2,5,0,0,5,4,8,2,0,0,1,1,E01001818,28-01-2018,1,1,1,1,41,7,3,0,0,0,0,-1,3,1
4731,93.61814329,27.10210405,1,3,2,1,2,09:01,3,E09000019,3,501,6,30,3,4,4,144,0,0,1,1,1,0,0,1,1,E01001779,21-02-2018,1,1,3,2,46,8,2,1,3,0,0,-1,0,1
4732,93.62591251,27.08835981,1,3,1,2,7,14:37,4,E09000012,3,503,6,30,0,-1,-1,0,0,0,1,1,1,0,0,1,1,E01001716,05-02-2018,2,1,1,1,29,6,3,0,0,0,0,-1,3,1
4733,93.63385769,27.09434689,1,3,2,1,7,12:00,4,E09000012,5,0,6,30,3,4,4,108,0,0,1,1,1,0,0,1,1,E01001819,19-02-2018,1,1,3,1,65,9,3,10,3,0,0,-1,0,1
4734,93.62785624,27.10213549,1,3,2,1,1,00:34,4,E09000012,5,0,3,30,3,4,3,104,0,0,4,1,1,0,0,1,1,E01001757,20-02-2018,2,1,1,1,32,6,3,0,0,0,0,-1,3,1
4735,93.63405163,27.10024413,1,3,2,1,5,18:30,4,E09000012,6,0,6,30,3,4,6,0,0,0,1,2,2,0,0,1,1,E01001721,17-02-2018,1,1,1,2,55,8,3,0,0,0,0,-1,9,1
4736,93.63315625,27.09737358,1,3,1,1,2,18:35,4,E09000012,6,0,6,30,3,4,3,10,0,0,4,1,1,0,0,1,1,E01001743,14-02-2018,1,1,1,1,21,5,3,0,0,0,0,-1,9,1
4737,93.61734992,27.09064581,1,2,2,1,1,14:15,4,E09000012,3,102,6,30,3,4,3,102,0,0,1,1,1,0,0,1,3,E01001733,30-01-2018,2,1,1,2,48,8,3,0,0,0,0,-1,9,-1
4738,93.62456546,27.10320712,1,2,1,2,6,08:32,4,E09000012,3,1202,2,30,0,-1,-1,0,0,0,1,1,2,0,0,1,1,E01001771,18-02-2018,1,1,1,1,42,7,3,0,0,0,0,-1,9,1
4739,93.6240491,27.09635003,1,3,3,2,2,14:20,4,E09000012,3,5201,6,30,7,2,4,101,0,5,1,1,1,0,0,1,1,E01001780,21-02-2018,1,1,1,1,43,7,3,0,0,0,0,-1,4,1
4740,93.63076164,27.09157634,1,3,3,1,1,20:40,4,E09000012,3,102,6,30,3,4,5,0,0,4,4,1,1,0,0,1,1,E01001733,20-02-2018,1,1,1,1,27,6,3,0,0,0,0,-1,1,1
4741,93.63223846,27.08910516,1,3,2,2,7,15:56,4,E09000012,3,5201,6,30,7,2,4,101,0,5,1,2,2,0,0,1,1,E01001780,12-02-2018,2,1,1,1,26,6,3,0,0,0,0,-1,1,1
4742,93.61079929,27.09808166,1,2,1,1,2,13:30,4,E09000012,4,111,6,30,0,-1,-1,0,0,0,1,1,1,0,0,1,1,E01001722,28-02-2018,1,1,3,2,27,6,3,6,9,0,0,-1,0,-1
4743,93.63190404,27.10647704,1,3,2,1,7,23:36,4,E09000012,4,112,6,30,0,-1,-1,0,0,0,4,1,1,0,0,1,1,E01001786,19-02-2018,1,1,3,1,21,5,2,9,5,0,0,-1,0,1
4744,93.63175951,27.10587336,1,3,1,1,2,08:48,4,E09000012,5,0,6,30,0,-1,-1,0,0,0,1,1,1,0,0,1,1,E01001776,24-01-2018,1,1,1,1,31,6,3,0,0,0,0,-1,9,1
4745,93.61279905,27.10034894,1,3,2,1,1,16:19,4,E09000012,3,105,3,30,6,2,3,503,0,5,1,1,1,0,0,1,1,E01002002,27-02-2018,1,1,1,2,48,8,3,0,0,0,0,-1,9,-1
4746,93.62655131,27.08945345,1,3,2,1,6,17:32,4,E09000012,5,0,6,30,3,2,3,10,0,5,4,1,1,0,0,1,1,E01001756,25-02-2018,1,1,1,1,26,6,3,0,0,0,0,-1,3,-1
4747,93.63315399,27.08857466,1,3,2,1,3,09:00,4,E09000012,6,0,6,30,3,4,3,107,0,1,1,1,1,0,0,1,1,E01001760,22-02-2018,1,1,3,1,-1,-1,3,5,1,0,0,-1,0,-1
4748,93.62354075,27.10310719,1,3,3,1,3,05:45,4,E09000012,5,0,6,30,3,4,6,0,0,0,4,1,2,0,0,1,3,E01001761,15-02-2018,2,1,1,1,21,5,3,0,0,0,0,-1,9,-1
4749,93.63034134,27.09490631,1,3,2,3,2,22:00,4,E09000012,3,10,6,30,0,-1,-1,0,0,0,4,1,1,0,0,1,3,E01001830,03-01-2018,2,2,2,1,21,5,3,0,0,1,0,-1,9,-1
4750,93.6253954,27.10036044,1,3,1,1,3,18:45,4,E09000012,5,0,3,30,3,4,5,0,0,0,4,1,1,0,0,1,1,E01001815,08-02-2018,1,1,1,1,31,6,3,0,0,0,0,-1,5,1
4751,93.61365352,27.09768096,1,3,2,1,5,22:30,4,E09000012,6,0,6,30,3,4,6,0,0,0,4,1,1,0,0,1,1,E01001817,24-02-2018,1,1,1,1,24,5,3,0,0,0,0,-1,5,1
4752,93.62459265,27.09478421,1,3,2,1,2,08:36,4,E09000012,3,1200,6,30,6,4,3,1200,0,1,1,2,2,0,0,1,1,E01001782,21-02-2018,1,1,1,1,36,7,3,0,0,0,0,-1,9,1
4753,93.61192825,27.0939285,1,3,2,1,2,18:49,4,E09000012,3,503,6,30,3,4,3,105,0,0,4,1,1,0,0,1,1,E01001813,14-02-2018,1,1,1,1,30,6,3,0,0,0,0,-1,3,1
4754,93.61525183,27.09691918,1,2,2,1,5,17:50,4,E09000012,4,108,6,30,3,4,6,0,0,0,5,3,2,0,0,1,1,E01001820,24-02-2018,1,1,3,2,43,7,3,9,8,0,0,-1,0,1
4755,93.62978305,27.09812315,1,3,1,1,1,23:55,4,E09000012,3,105,6,30,0,-1,-1,0,0,0,4,2,2,0,0,1,1,E01002743,20-02-2018,1,1,2,1,55,8,3,0,0,0,4,-1,11,-1
4756,93.62903339,27.09788442,1,3,1,1,2,07:27,4,E09000012,6,0,6,30,8,4,6,0,0,0,1,1,1,0,0,1,1,E01001757,28-02-2018,1,1,3,2,26,6,3,5,4,0,0,-1,0,1
4757,93.62813758,27.09078236,1,3,2,1,2,18:00,4,E09000012,6,0,6,30,0,-1,-1,0,0,0,4,1,1,0,0,1,2,E01001818,03-01-2018,1,1,1,2,61,9,3,0,0,0,0,-1,90,1
4758,93.63116308,27.10528219,1,3,2,1,3,07:15,4,E09000012,3,10,6,30,6,2,5,0,0,0,1,1,1,0,0,1,1,E01001771,01-03-2018,1,1,1,2,31,6,3,0,0,0,0,-1,2,1
4759,93.63436604,27.10447586,1,3,1,1,3,11:49,4,E09000012,3,107,6,30,0,-1,-1,0,0,4,1,1,1,0,0,1,1,E01001728,01-03-2018,2,1,1,1,57,9,3,0,0,0,0,-1,8,1
4760,93.61047036,27.09724882,1,3,1,1,4,22:30,4,E09000012,3,107,3,30,3,2,4,113,0,5,4,2,2,0,0,1,1,E01001731,02-03-2018,1,1,1,1,25,5,3,0,0,0,0,-1,9,1
4761,93.61565406,27.09920283,1,3,1,1,1,15:15,4,E09000012,3,107,6,30,0,-1,-1,0,0,0,1,1,1,0,0,1,1,E01001795,06-03-2018,1,1,1,1,34,6,3,0,0,0,0,-1,9,1
4762,93.61269037,27.08801043,1,3,1,1,3,15:55,4,E09000012,3,105,6,30,3,4,6,0,0,1,1,1,1,0,0,1,1,E01001738,08-03-2018,1,1,1,1,51,8,3,0,0,0,0,-1,3,1
4763,93.61691716,27.090491,1,3,2,1,4,10:10,4,E09000012,3,10,6,30,6,2,5,0,0,5,1,1,1,0,0,1,2,E01001817,05-01-2018,1,1,1,1,25,5,3,0,0,0,0,-1,5,1
4764,93.63091672,27.08883707,1,3,2,1,7,00:55,4,E09000012,3,5201,6,30,0,-1,-1,0,0,0,4,1,1,0,0,1,1,E01001771,15-01-2018,1,1,1,1,24,5,3,0,0,0,0,-1,3,1
4765,93.62743445,27.09965786,1,3,1,1,6,19:20,4,E09000012,3,104,6,30,0,-1,-1,0,0,1,4,1,1,0,0,1,1,E01001743,04-03-2018,1,1,1,2,31,6,3,0,0,0,0,-1,9,-1
4766,93.60817389,27.09059013,1,3,2,1,2,18:20,4,E09000012,4,113,6,30,3,4,6,0,0,0,4,1,1,0,0,1,2,E01001731,24-01-2018,2,1,1,2,43,7,3,0,0,0,0,-1,1,-1
4767,93.6260502,27.09902606,1,3,2,1,4,13:15,4,E09000012,6,0,6,30,0,-1,-1,0,0,0,1,1,1,0,0,1,3,E01001722,02-02-2018,1,1,3,1,-1,-1,2,1,2,0,0,-1,0,-1
4768,93.60941819,27.09128419,1,3,2,1,3,20:40,4,E09000012,3,107,6,30,0,-1,-1,0,0,0,4,1,1,0,0,1,2,E01001770,15-02-2018,1,1,1,2,13,3,3,0,0,0,0,-1,1,1