Accident_Index,longitude,latitude,Police_Force,Accident_Severity,Number_of_Vehicles,Number_of_Casualties,Day_of_Week,Time,Local_Authority_(District),Local_Authority_(Highway),1st_Road_Class,1st_Road_Number,Road_Type,Speed_limit,Junction_Detail,Junction_Control,2nd_Road_Class,2nd_Road_Number,Pedestrian_Crossing-Human_Control,Pedestrian_Crossing-Physical_Facilities,Light_Conditions,Weather_Conditions,Road_Surface_Conditions,Special_Conditions_at_Site,Carriageway_Hazards,Urban_or_Rural_Area,Did_Police_Officer_Attend_Scene_of_Accident,LSOA_of_Accident_Location,Date,Vehicle_Reference,Casualty_Reference,Casualty_Class,Sex_of_Casualty,Age_of_Casualty,Age_Band_of_Casualty,Casualty_Severity,Pedestrian_Location,Pedestrian_Movement,Car_Passenger,Bus_or_Coach_Passenger,Pedestrian_Road_Maintenance_Worker,Casualty_Type,Casualty_Home_Area_Type
4769,93.63275036,27.1056355,1,3,1,1,3,18:53,4,E09000012,3,107,6,30,3,4,6,0,0,0,4,2,2,0,0,1,1,E01001807,01-03-2018,2,2,1,1,28,6,3,0,0,0,0,-1,3,1
4770,93.62554262,27.09548402,1,3,2,1,1,15:30,4,E09000012,3,10,6,30,3,4,6,0,0,0,1,1,1,0,0,1,1,E01001773,13-02-2018,1,1,1,1,37,7,3,0,0,0,0,-1,9,-1
4771,93.63137023,27.09799918,1,3,1,1,3,08:45,5,E09000030,3,102,6,30,0,-1,-1,0,1,0,1,1,1,0,0,1,3,E01004223,11-01-2018,1,1,1,1,52,8,3,0,0,0,0,-1,9,1
4772,93.61675302,27.09991682,1,3,1,1,7,11:56,4,E09000012,6,0,6,30,0,-1,-1,0,0,0,1,1,1,0,0,1,1,E01001826,05-03-2018,1,1,1,1,23,5,3,0,0,0,0,-1,3,1
4773,93.62066365,27.10518829,1,3,2,1,6,17:13,4,E09000012,6,0,6,30,3,4,3,1200,0,0,4,1,1,0,0,1,2,E01001778,04-03-2018,1,1,1,2,23,5,3,0,0,0,0,-1,1,1
4774,93.61225161,27.09886814,1,3,2,1,1,19:09,3,E09000019,3,501,6,30,3,4,3,501,0,0,4,1,1,0,0,1,1,E01002702,27-02-2018,1,1,2,2,44,7,3,0,0,0,4,-1,11,1
4775,93.61505007,27.08910678,1,3,2,1,6,19:50,4,E09000012,6,0,6,30,8,4,3,5201,0,4,4,1,2,0,0,1,1,E01001771,25-02-2018,1,2,2,2,69,10,3,0,0,0,4,-1,11,1
4776,93.63399205,27.09652252,1,3,2,1,7,17:18,4,E09000012,3,106,6,30,3,4,4,114,0,1,5,2,2,0,0,1,1,E01004223,26-02-2018,1,3,2,2,52,8,3,0,0,0,4,-1,11,1
4777,93.61245936,27.10660846,1,3,1,1,6,12:30,4,E09000012,3,107,6,30,3,4,3,107,0,0,1,2,2,0,0,1,1,E01001762,04-03-2018,1,1,1,2,45,7,3,0,0,0,0,-1,1,1
4778,93.6085126,27.08960277,1,3,2,1,7,14:15,4,E09000012,3,107,6,30,0,-1,-1,0,0,1,1,1,1,0,0,1,1,E01001734,05-03-2018,1,1,1,1,35,6,3,0,0,0,0,-1,9,1
4779,93.61161566,27.09018474,1,3,2,1,3,09:33,4,E09000012,5,0,6,30,3,4,5,0,0,0,1,1,1,0,0,1,1,E01001833,08-02-2018,1,1,1,2,50,8,3,0,0,0,0,-1,9,1
4780,93.63396589,27.09355907,1,3,2,1,4,08:40,4,E09000012,3,105,6,30,0,-1,-1,0,0,0,1,2,2,0,0,1,1,E01001714,02-03-2018,1,1,3,1,21,5,3,5,1,0,0,-1,0,-1
4781,93.61756157,27.09635777,1,3,2,1,1,19:00,4,E09000012,5,0,6,30,3,2,3,102,0,0,4,1,1,0,0,1,1,E01001730,06-03-2018,2,1,1,1,17,4,2,0,0,0,0,-1,3,1
4782,93.63330296,27.10125345,1,3,2,1,3,18:50,3,E09000019,3,501,3,30,0,-1,-1,0,0,0,4,1,1,0,0,1,1,E01002702,08-03-2018,1,1,3,2,49,8,3,2,1,0,0,-1,0,-1
4783,93.62831002,27.09443949,1,3,1,1,4,21:56,4,E09000012,3,10,3,30,0,-1,-1,0,0,0,4,1,1,0,0,1,1,E01001771,02-03-2018,1,1,2,2,65,9,3,0,0,2,0,-1,9,1
4784,93.62962672,27.10133521,1,3,2,1,4,08:10,3,E09000019,3,501,6,30,3,4,6,0,0,1,1,1,1,0,0,1,1,E01002701,09-03-2018,2,1,2,2,21,5,3,0,0,0,0,-1,3,1
4785,93.62847874,27.09216645,1,3,1,1,4,15:46,4,E09000012,4,104,6,30,3,4,6,0,0,1,1,1,1,0,0,1,1,E01001741,09-03-2018,1,1,3,2,57,9,3,5,1,0,0,-1,0,-1
4786,93.61378764,27.09049971,1,3,1,1,4,18:30,4,E09000012,3,107,6,30,6,4,3,107,0,1,4,1,1,0,0,1,1,E01001760,09-03-2018,1,1,1,2,31,6,3,0,0,0,0,-1,1,1
4787,93.61445834,27.10168965,1,3,1,1,5,09:20,4,E09000012,6,0,6,30,3,4,6,0,0,0,1,2,2,0,0,1,1,E01001828,10-03-2018,3,1,1,1,25,5,3,0,0,0,0,-1,3,1
4788,93.62808564,27.10126723,1,3,2,1,6,01:02,4,E09000012,3,503,6,30,6,2,3,105,0,5,4,1,1,0,0,1,1,E01001714,11-03-2018,1,1,3,2,37,7,3,4,1,0,0,-1,0,1
4789,93.63207785,27.09566804,1,3,1,1,7,17:15,4,E09000012,3,1207,6,30,6,4,3,1207,0,0,1,1,1,0,0,1,1,E01001763,12-03-2018,1,1,3,1,-1,-1,2,4,1,0,0,-1,0,-1
4790,93.62305082,27.09235464,1,2,2,1,2,20:15,4,E09000012,5,0,6,30,3,4,3,503,0,0,1,1,1,0,0,1,1,E01001811,14-03-2018,1,1,1,1,53,8,2,0,0,0,0,-1,5,1
4791,93.63002744,27.10418308,1,3,2,1,2,09:40,4,E09000012,3,1200,6,30,3,4,5,0,0,0,1,1,1,0,0,1,1,E01001782,14-03-2018,2,1,1,1,30,6,3,0,0,0,0,-1,3,-1
4792,93.60915271,27.08953594,1,3,3,1,3,22:47,4,E09000012,3,10,6,30,0,-1,-1,0,0,0,4,1,1,0,0,1,1,E01001743,15-03-2018,1,1,1,1,30,6,3,0,0,0,0,-1,1,-1
4793,93.62247061,27.09062932,1,3,1,1,3,18:18,4,E09000012,5,0,6,30,3,4,3,104,0,1,4,1,1,0,0,1,1,E01001761,15-03-2018,1,1,3,2,23,5,2,6,9,0,0,-1,0,1
4794,93.61633063,27.09480354,1,3,2,1,3,19:39,4,E09000012,6,0,6,30,0,-1,-1,0,0,0,4,1,1,0,0,1,1,E01001803,15-03-2018,1,2,3,1,13,3,3,6,9,0,0,-1,0,1
4795,93.61816511,27.10449114,1,3,1,1,4,21:35,4,E09000012,3,1207,6,30,6,4,3,1207,0,4,4,1,1,0,0,1,1,E01001763,16-03-2018,1,1,1,2,43,7,3,0,0,0,0,-1,9,-1
4796,93.6192978,27.10390574,1,3,2,1,5,17:30,4,E09000012,4,104,6,30,3,4,4,104,0,0,4,1,1,0,0,1,3,E01001741,06-01-2018,1,2,2,2,-1,-1,3,0,0,1,0,-1,9,1
4797,93.61712799,27.08846174,1,3,2,1,5,04:32,4,E09000012,3,105,3,30,6,2,3,503,0,5,4,1,1,0,0,1,1,E01001714,17-03-2018,1,1,1,1,34,6,3,0,0,0,0,-1,9,1
4798,93.61130143,27.09146564,1,3,1,1,5,11:00,4,E09000012,3,10,3,30,0,-1,-1,0,0,4,1,1,1,0,0,1,1,E01001743,17-03-2018,1,1,1,1,26,6,3,0,0,0,0,-1,1,1
4799,93.61558135,27.09682319,1,3,2,1,6,06:05,4,E09000012,5,0,1,30,1,4,5,0,0,1,1,1,1,0,0,1,1,E01001750,18-03-2018,2,1,2,2,9,2,3,0,0,2,0,-1,9,1
4800,93.62243541,27.08826607,1,3,2,1,7,19:21,4,E09000012,3,107,6,30,3,4,6,0,0,0,4,1,1,0,0,1,1,E01001798,19-03-2018,1,1,2,1,14,3,3,0,0,1,0,-1,9,1
4801,93.60905623,27.09702167,1,3,2,3,5,19:34,4,E09000012,5,0,6,30,6,4,6,0,0,8,4,1,1,0,0,1,1,E01001728,10-03-2018,1,1,3,2,7,2,3,5,1,0,0,-1,0,1
4802,93.6108341,27.10618243,1,3,2,2,5,10:14,4,E09000012,3,10,3,30,3,4,6,0,0,0,1,1,2,0,0,1,1,E01001724,10-03-2018,1,1,1,2,22,5,3,0,0,0,0,-1,5,1
4803,93.61758079,27.10306645,1,3,2,1,5,19:00,4,E09000012,3,1202,6,30,3,4,3,10,0,5,4,1,1,0,0,1,1,E01001771,17-03-2018,2,1,1,1,30,6,3,0,0,0,0,-1,2,1
4804,93.61337638,27.09876265,1,3,2,1,3,19:20,4,E09000012,3,503,3,30,0,-1,-1,0,0,0,4,1,1,0,0,1,1,E01001811,22-03-2018,2,1,1,1,32,6,3,0,0,0,0,-1,5,-1
4805,93.60957216,27.09516985,1,3,2,1,3,09:05,4,E09000012,6,0,6,30,6,4,6,0,0,0,1,2,2,0,0,1,1,E01001818,22-03-2018,1,1,1,1,45,7,3,0,0,0,0,-1,9,1
4806,93.62838493,27.10477948,1,3,2,3,4,20:58,4,E09000012,6,0,6,30,3,4,3,107,0,0,4,1,1,0,0,1,1,E01001818,23-03-2018,2,1,1,1,26,6,3,0,0,0,0,-1,3,1
4807,93.6111336,27.09842539,1,3,2,1,4,11:55,4,E09000012,5,0,6,30,3,4,6,0,0,0,1,1,1,0,0,1,1,E01001747,23-03-2018,1,1,3,2,8,2,3,1,1,0,0,-1,0,1
4808,93.62487955,27.0997782,1,3,2,1,4,08:20,4,E09000012,3,1208,6,30,6,4,6,0,0,1,1,1,1,0,0,1,1,E01001771,23-03-2018,1,1,1,1,38,7,3,0,0,0,0,-1,9,1
4809,93.61314909,27.10067492,1,3,2,1,4,17:05,4,E09000012,3,102,6,30,3,4,5,0,0,4,1,1,1,0,0,1,1,E01001733,23-03-2018,1,1,1,1,30,6,2,0,0,0,0,-1,5,1
4810,93.61946762,27.10313073,1,3,2,1,4,21:00,4,E09000012,3,107,6,30,0,-1,-1,0,0,0,4,2,2,0,0,1,1,E01001827,09-03-2018,1,1,1,1,16,4,3,0,0,0,0,-1,2,1
4811,93.60997533,27.0948748,1,3,2,1,5,22:05,4,E09000012,3,107,3,30,6,2,5,0,0,0,4,1,1,0,0,1,1,E01001818,24-03-2018,1,1,1,1,54,8,2,0,0,0,0,-1,5,1
4812,93.62521176,27.09562329,1,3,2,1,7,13:13,4,E09000012,3,105,6,30,6,2,3,503,0,5,1,1,1,0,0,1,1,E01001714,26-03-2018,2,1,1,1,37,7,3,0,0,0,0,-1,2,1
4813,93.61441591,27.0972568,1,3,2,1,2,22:30,4,E09000012,3,105,3,30,6,2,3,503,0,5,4,1,1,0,0,1,1,E01002002,28-03-2018,1,1,1,1,49,8,3,0,0,0,0,-1,9,1
4814,93.6090131,27.10147399,1,2,1,1,2,12:35,4,E09000012,5,0,6,30,0,-1,-1,0,0,0,1,2,2,0,0,1,1,E01001806,28-03-2018,2,1,1,1,38,7,3,0,0,0,0,-1,5,1
4815,93.61724076,27.10601848,1,3,2,1,4,18:26,4,E09000012,5,0,6,30,3,4,6,0,0,0,4,1,1,0,0,1,1,E01001843,30-03-2018,2,2,2,1,27,6,3,0,0,0,0,-1,5,1
4816,93.62023339,27.09892861,1,3,1,1,6,20:06,4,E09000012,3,503,6,30,0,-1,-1,0,0,0,4,2,2,0,0,1,2,E01001813,11-03-2018,1,1,1,2,49,8,3,0,0,0,0,-1,9,1
4817,93.61897614,27.09975388,1,3,1,1,6,08:35,4,E09000012,3,107,6,30,0,-1,-1,0,0,0,1,1,1,0,0,1,1,E01001818,11-03-2018,1,2,2,2,20,4,3,0,0,1,0,-1,9,1
4818,93.62557844,27.10248539,1,3,1,1,6,18:52,4,E09000012,3,107,6,30,3,4,6,0,0,0,1,1,1,0,0,1,1,E01001808,01-04-2018,1,1,3,1,43,7,3,6,9,0,0,-1,0,1
4819,93.62773349,27.10459419,1,3,2,1,6,16:36,3,E09000019,5,0,6,30,3,4,6,0,0,0,1,1,1,0,0,1,1,E01001740,01-04-2018,1,2,3,1,36,7,3,6,9,0,0,-1,0,-1
4820,93.6098023,27.10042816,1,3,3,1,6,20:30,4,E09000012,3,10,6,30,0,-1,-1,0,0,0,4,1,1,0,0,1,1,E01001830,01-04-2018,1,1,1,1,17,4,2,0,0,0,0,-1,3,1
4821,93.6100067,27.1027232,1,3,1,1,7,14:00,4,E09000012,3,107,6,30,0,-1,-1,0,0,0,1,1,1,4,0,1,1,E01001728,02-04-2018,1,1,3,1,22,5,3,6,9,0,0,-1,0,1
4822,93.60938339,27.08970982,1,3,2,1,7,21:32,4,E09000012,5,0,6,30,3,2,3,107,0,5,4,1,1,0,0,1,1,E01001731,02-04-2018,1,1,3,1,24,5,3,4,9,0,0,-1,0,-1
4823,93.61202595,27.09586149,1,3,2,1,1,14:59,4,E09000012,5,0,6,30,6,2,3,10,0,5,1,1,1,0,0,1,1,E01001743,03-04-2018,1,1,1,1,8,2,3,0,0,0,0,-1,1,1
4824,93.62449535,27.09348372,1,3,1,1,1,18:10,4,E09000012,5,0,6,30,6,4,5,0,0,0,1,1,1,0,0,1,1,E01001748,03-04-2018,2,1,1,1,28,6,3,0,0,0,0,-1,1,1
4825,93.61906598,27.10553907,1,3,4,1,1,19:13,4,E09000012,3,104,6,30,7,2,4,108,0,5,1,1,1,0,0,1,1,E01001744,03-04-2018,1,1,1,1,37,7,2,0,0,0,0,-1,5,1
4826,93.63453904,27.09077296,1,3,5,2,1,14:35,3,E09000019,3,501,6,30,3,4,6,0,0,0,1,1,1,0,0,1,1,E01002701,03-04-2018,1,1,1,1,21,5,3,0,0,0,0,-1,1,1
4827,93.62924543,27.09378138,1,3,3,1,4,11:15,4,E09000012,6,0,6,30,3,4,6,0,0,0,1,1,1,0,0,1,1,E01001724,06-04-2018,2,1,1,1,-1,-1,3,0,0,0,0,-1,4,-1
4828,93.62892089,27.0931362,1,3,2,1,5,00:01,4,E09000012,3,105,3,50,6,2,3,503,0,5,4,2,2,0,0,1,1,E01001721,07-04-2018,1,1,1,1,-1,-1,3,0,0,0,0,-1,3,-1
4829,93.62924858,27.10146287,1,3,4,2,1,16:30,4,E09000012,3,102,6,30,3,4,6,0,0,0,1,1,1,0,0,1,1,E01001730,10-04-2018,1,1,1,1,62,9,3,0,0,0,0,-1,8,1
4830,93.63435298,27.09479355,1,3,1,1,3,20:40,4,E09000012,3,107,6,30,0,-1,-1,0,0,0,4,1,1,0,0,1,1,E01001807,12-04-2018,1,1,1,1,28,6,3,0,0,0,0,-1,1,-1
4831,93.63016136,27.10398951,1,2,1,2,1,20:10,4,E09000012,3,107,6,30,3,2,3,107,0,5,4,1,1,0,0,1,1,E01001728,10-04-2018,2,1,1,1,-1,-1,3,0,0,0,0,-1,1,-1
4832,93.60909405,27.09685048,1,3,1,1,3,08:51,4,E09000012,4,113,6,30,3,2,5,0,0,0,1,2,2,0,0,1,1,E01001731,22-03-2018,1,1,3,2,22,5,3,4,3,0,0,-1,0,1
4833,93.62899161,27.09786571,1,3,1,1,7,21:40,4,E09000012,5,0,6,30,0,-1,-1,0,0,0,4,2,2,0,0,1,1,E01001801,26-03-2018,1,1,3,1,36,7,2,4,1,0,0,-1,0,-1
4834,93.60873749,27.09578897,1,3,1,1,6,16:45,4,E09000012,3,10,6,30,0,-1,-1,0,0,0,1,1,1,0,0,1,1,E01001830,08-04-2018,1,1,1,1,21,5,3,0,0,0,0,-1,1,1
4835,93.61354272,27.10145364,1,3,1,1,2,16:15,4,E09000012,3,105,3,30,3,2,3,503,0,0,1,1,1,0,0,1,1,E01001721,11-04-2018,1,1,1,2,24,5,3,0,0,0,0,-1,9,1
4836,93.62714237,27.08831488,1,3,1,1,3,10:24,4,E09000012,6,0,6,30,3,4,6,0,0,0,1,1,1,0,0,1,1,E01001830,12-04-2018,1,1,2,2,23,5,3,0,0,0,0,-1,5,1
4837,93.6316826,27.09737965,1,3,2,1,4,12:40,4,E09000012,6,0,6,30,3,4,3,503,0,0,1,1,1,0,0,1,1,E01001716,13-04-2018,1,2,3,1,59,9,2,5,1,0,0,-1,0,1
4838,93.60862906,27.0895066,1,3,1,1,5,09:30,4,E09000012,3,10,6,30,7,4,4,105,0,4,1,1,1,0,0,1,1,E01001805,14-04-2018,2,1,1,1,32,6,3,0,0,0,0,-1,1,-1
4839,93.62685919,27.10105469,1,3,2,2,5,14:15,4,E09000012,3,107,6,30,3,2,4,111,0,5,1,1,1,0,0,1,1,E01001767,10-03-2018,2,1,1,1,36,7,3,0,0,0,0,-1,5,3
4840,93.61061369,27.09590801,1,3,1,1,1,21:15,4,E09000012,5,0,6,30,7,4,4,113,0,0,4,2,2,0,0,1,1,E01001731,17-04-2018,1,1,1,1,15,3,3,0,0,0,0,-1,2,-1
4841,93.62364653,27.09776849,1,3,2,1,7,13:30,5,E09000030,3,1208,6,30,3,4,5,0,0,1,1,1,1,0,0,1,2,E01001774,02-04-2018,1,1,1,1,17,4,3,0,0,0,0,-1,1,1
4842,93.61635042,27.10417242,1,3,2,1,6,16:45,4,E09000012,6,0,6,30,3,4,3,10,0,0,1,1,1,0,0,1,2,E01001747,08-04-2018,1,1,2,2,56,9,3,0,0,1,0,-1,9,1
4843,93.623083,27.08901318,1,3,2,1,6,08:55,4,E09000012,6,0,6,30,3,4,3,10,0,0,1,2,2,0,0,1,2,E01001724,08-04-2018,1,2,2,2,58,9,3,0,0,2,0,-1,9,1
4844,93.60839889,27.09890435,1,3,2,1,3,07:25,4,E09000012,6,0,6,30,3,4,3,1208,0,0,1,2,2,0,0,1,2,E01001777,22-03-2018,1,3,3,2,27,6,3,5,3,0,0,-1,0,1
4845,93.6188189,27.09844226,1,3,2,1,1,11:10,4,E09000012,6,0,6,30,3,4,3,107,0,0,1,1,1,0,0,1,2,E01001798,13-03-2018,2,1,1,1,21,5,3,0,0,0,0,-1,3,1
4846,93.6217225,27.10455302,1,3,2,3,2,05:00,4,E09000012,6,0,6,30,3,4,4,112,0,0,4,1,1,0,0,1,2,E01001847,14-03-2018,2,1,1,1,21,5,2,0,0,0,0,-1,1,1
4847,93.62606467,27.1061371,1,3,2,1,2,20:25,4,E09000012,3,106,6,30,3,4,6,0,0,0,4,1,1,0,0,1,2,E01001836,21-03-2018,1,1,1,1,39,7,2,0,0,0,0,-1,4,1
4848,93.61835915,27.10622179,1,3,2,1,3,19:17,4,E09000012,3,107,1,30,1,4,5,0,0,0,4,1,1,0,0,1,2,E01001770,22-03-2018,2,1,1,1,-1,-1,3,0,0,0,0,-1,1,-1
4849,93.62558998,27.10418265,1,3,2,1,2,17:45,3,E09000019,6,0,6,30,3,4,3,501,0,0,4,1,1,0,0,1,2,E01002701,14-03-2018,1,1,1,2,23,5,3,0,0,0,0,-1,3,1
4850,93.62311209,27.09527731,1,3,2,1,7,11:49,5,E09000030,3,12,3,40,0,-1,-1,0,0,0,1,1,1,0,0,1,1,E01004227,02-04-2018,1,1,1,2,28,6,3,0,0,0,0,-1,9,1
4851,93.61617274,27.10096458,1,3,2,1,5,14:10,4,E09000012,3,102,6,30,3,2,5,0,0,0,1,1,1,0,0,1,2,E01001730,07-04-2018,1,1,1,2,23,5,3,0,0,0,0,-1,3,1
4852,93.62495472,27.09399326,1,3,2,1,6,09:15,3,E09000019,3,104,6,30,6,2,4,102,0,0,1,9,1,0,0,1,2,E01002716,01-04-2018,1,1,2,2,68,10,3,0,0,0,2,-1,11,1
4853,93.61131507,27.1046023,1,3,2,1,5,20:40,4,E09000012,4,108,6,30,6,4,6,0,0,0,4,1,1,0,0,1,1,E01001817,24-03-2018,1,1,2,2,-1,-1,3,0,0,0,3,-1,11,-1
4854,93.61673412,27.09002224,1,3,2,1,5,15:55,4,E09000012,6,0,3,30,3,4,6,0,0,0,1,1,1,0,0,1,1,E01001784,31-03-2018,1,2,2,2,-1,-1,3,0,0,0,3,-1,11,-1
4855,93.62141751,27.09921541,1,3,2,1,2,14:04,4,E09000012,6,0,6,30,3,4,3,107,0,0,1,2,2,0,0,1,1,E01001818,04-04-2018,1,1,1,2,33,6,3,0,0,0,0,-1,9,1
4856,93.62929281,27.09879563,1,3,1,1,3,08:36,4,E09000012,5,0,6,30,0,-1,-1,0,0,0,1,1,1,0,0,1,1,E01001778,05-04-2018,1,1,3,1,35,6,2,9,9,0,0,-1,0,-1
4857,93.61297599,27.09529675,1,3,1,1,5,05:21,4,E09000012,3,105,6,30,3,4,5,0,0,0,4,1,1,0,0,1,1,E01001719,14-04-2018,1,1,1,1,59,9,3,0,0,0,0,-1,9,1
4858,93.62513482,27.10292255,1,3,1,1,4,17:30,4,E09000012,4,104,6,30,0,-1,-1,0,0,0,4,2,2,0,0,1,1,E01001805,16-03-2018,1,1,2,2,81,11,3,0,0,0,3,-1,11,-1
4859,93.6100527,27.10488811,1,3,1,1,1,02:50,4,E09000012,3,5201,3,40,0,-1,-1,0,0,0,4,1,1,0,0,1,1,E01001771,17-04-2018,1,2,2,2,61,9,3,0,0,0,3,-1,11,1
4860,93.62096582,27.09056551,1,3,2,1,6,09:27,4,E09000012,6,0,3,30,0,-1,-1,0,0,0,1,1,1,0,0,1,1,E01001751,22-04-2018,2,1,1,1,42,7,3,0,0,0,0,-1,19,1
4861,93.62539918,27.08917832,1,3,2,1,4,10:31,4,E09000012,5,0,6,30,3,4,6,0,0,0,1,1,1,0,0,1,1,E01001745,20-04-2018,1,1,3,1,36,7,2,5,1,0,0,-1,0,-1
4862,93.61171549,27.10014508,1,3,2,1,2,14:20,4,E09000012,3,5201,3,30,3,4,6,0,0,0,1,1,1,0,0,1,1,E01001771,14-03-2018,2,1,1,1,34,6,3,0,0,0,0,-1,1,1
4863,93.61381371,27.10448371,1,3,1,1,2,16:30,4,E09000012,3,10,6,30,3,2,4,104,0,5,1,1,1,0,0,1,1,E01001829,18-04-2018,1,1,1,1,36,7,3,0,0,0,0,-1,9,1
4864,93.62221185,27.10583998,1,3,1,1,2,15:59,4,E09000012,5,0,6,30,6,4,5,0,0,0,1,1,1,0,0,1,1,E01001816,18-04-2018,1,1,1,1,31,6,3,0,0,0,0,-1,3,1
4865,93.61145194,27.09224602,1,3,2,1,4,10:41,4,E09000012,3,105,6,30,0,-1,-1,0,0,1,1,1,1,0,0,1,1,E01001806,20-04-2018,1,1,1,1,41,7,3,0,0,0,0,-1,9,1
4866,93.62099881,27.10504411,1,3,2,1,6,13:13,4,E09000012,4,112,6,30,3,4,6,0,0,0,1,2,2,0,0,1,1,E01001847,15-04-2018,1,1,3,2,25,5,3,9,9,0,0,-1,0,1
4867,93.62438941,27.09290297,1,3,1,1,3,12:24,4,E09000012,3,1200,6,30,3,4,4,102,0,0,1,1,1,0,0,1,1,E01001783,19-04-2018,1,1,3,1,-1,-1,3,1,9,0,0,-1,0,-1
4868,93.62773691,27.08880602,1,3,2,1,7,12:53,4,E09000012,3,104,6,30,0,-1,-1,0,0,0,1,1,1,0,0,1,1,E01001797,23-04-2018,2,1,1,1,39,7,3,0,0,0,0,-1,1,-1
4869,93.61882531,27.09361311,1,3,1,1,2,01:08,4,E09000012,5,0,2,30,3,4,3,10,0,0,4,2,2,0,0,1,1,E01001831,25-04-2018,2,1,1,1,23,5,2,0,0,0,0,-1,1,1
4870,93.62140276,27.09200437,1,3,2,1,7,12:40,4,E09000012,5,0,3,30,3,4,3,10,0,0,1,1,1,0,0,1,1,E01001754,16-04-2018,1,1,1,1,17,4,3,0,0,0,0,-1,2,1
4871,93.63312844,27.08809731,1,3,2,1,3,18:10,4,E09000012,5,0,6,30,6,4,5,0,0,0,1,1,1,0,0,1,1,E01001842,19-04-2018,1,1,1,1,34,6,3,0,0,0,0,-1,3,1
4872,93.63190017,27.08919505,1,3,2,1,2,14:45,4,E09000012,3,107,3,30,3,4,6,0,0,0,1,1,1,0,0,1,2,E01001818,14-03-2018,1,1,1,1,31,6,3,0,0,0,0,-1,4,1
4873,93.62097836,27.09069474,1,3,2,1,5,13:00,4,E09000012,3,107,6,30,3,4,4,113,0,0,1,1,1,0,0,1,2,E01001762,14-04-2018,2,1,1,2,26,6,3,0,0,0,0,-1,9,-1
4874,93.60977622,27.10474985,1,3,2,1,2,14:15,4,E09000012,6,0,6,30,3,4,3,10,0,0,1,1,1,0,0,1,2,E01001830,18-04-2018,2,1,1,2,60,9,3,0,0,0,0,-1,1,1
4875,93.62335224,27.09031814,1,3,2,1,6,19:00,4,E09000012,6,0,6,30,3,4,3,107,0,0,1,1,1,0,0,1,2,E01001767,22-04-2018,1,1,3,1,36,7,3,1,1,0,0,-1,0,1
4876,93.62366982,27.0947741,1,3,1,1,3,15:45,4,E09000012,6,0,6,30,3,4,6,0,0,0,1,1,1,0,0,1,1,E01001826,19-04-2018,1,2,2,2,16,4,3,0,0,1,0,-1,9,1
4877,93.62884942,27.09239709,1,3,1,1,4,18:00,4,E09000012,3,107,6,30,3,4,3,503,0,0,1,1,1,0,0,1,2,E01001811,20-04-2018,2,1,1,1,45,7,3,0,0,0,0,-1,9,-1
4878,93.61496547,27.0930034,1,3,1,1,4,22:04,4,E09000012,6,0,6,30,3,4,3,102,0,0,4,1,1,0,0,1,1,E01001735,20-04-2018,3,3,1,1,37,7,3,0,0,0,0,-1,8,1
4879,93.63394644,27.08888768,1,3,2,1,5,16:03,4,E09000012,3,503,3,30,6,2,3,105,0,0,1,1,1,0,0,1,1,E01001714,21-04-2018,1,1,2,2,26,6,3,0,0,0,0,-1,4,1
4880,93.61551614,27.09434201,1,3,2,1,5,15:39,4,E09000012,3,1208,6,30,0,-1,-1,0,0,0,1,1,1,0,0,1,1,E01004311,21-04-2018,1,1,3,1,33,6,2,9,8,0,0,-1,0,1
4881,93.61876646,27.10545125,1,3,1,1,1,10:08,4,E09000012,3,107,6,30,3,2,3,107,0,5,1,1,1,0,0,1,1,E01001760,24-04-2018,1,1,1,2,35,6,3,0,0,0,0,-1,4,1
4882,93.61960634,27.09581364,1,3,2,1,2,21:20,4,E09000012,3,105,3,30,6,2,3,503,0,5,4,2,2,0,0,1,1,E01002002,25-04-2018,1,1,1,1,59,9,3,0,0,0,0,-1,5,1
4883,93.61400708,27.0938568,1,3,2,1,5,12:10,4,E09000012,4,104,6,30,3,4,5,0,0,0,1,1,1,0,0,1,1,E01001741,28-04-2018,1,1,2,1,69,10,3,0,0,0,0,-1,2,-1
4884,93.60955055,27.10453098,1,3,2,1,6,01:36,4,E09000012,3,104,6,30,3,2,3,10,0,5,4,2,2,0,0,1,1,E01001756,29-04-2018,1,1,1,1,48,8,3,0,0,0,0,-1,9,1
4885,93.61389339,27.09782996,1,3,2,1,6,16:37,4,E09000012,6,0,6,30,3,4,6,0,0,0,1,1,1,0,0,1,1,E01001825,29-04-2018,1,1,3,1,24,5,2,4,9,0,0,-1,0,1
4886,93.61253197,27.09675551,1,3,1,1,5,11:58,4,E09000012,3,107,6,30,0,-1,-1,0,0,0,1,1,1,0,0,1,1,E01001734,03-03-2018,1,1,3,1,28,6,3,5,3,0,0,-1,0,1
4887,93.61888132,27.10579553,1,3,2,1,3,09:58,4,E09000012,6,0,6,30,3,4,4,105,0,0,1,1,1,0,0,1,1,E01001803,19-04-2018,3,1,1,2,25,5,3,0,0,0,0,-1,1,1
4888,93.6124962,27.10337525,1,3,2,1,5,17:20,4,E09000012,3,104,6,30,6,2,3,10,0,5,1,1,1,0,0,1,1,E01001743,21-04-2018,1,1,1,1,-1,-1,3,0,0,0,0,-1,2,-1
4889,93.61953405,27.0961071,1,3,2,1,5,17:20,4,E09000012,3,10,6,30,0,-1,-1,0,0,0,1,1,1,0,0,1,1,E01001755,21-04-2018,1,2,3,1,16,4,3,5,9,0,0,-1,0,-1
4890,93.61771951,27.09524854,1,3,2,1,6,09:10,4,E09000012,5,0,6,30,3,4,6,0,0,0,1,1,1,0,0,1,1,E01001806,22-04-2018,2,1,1,1,21,5,3,0,0,0,0,-1,1,-1
4891,93.63016628,27.10624511,1,2,1,1,7,22:00,4,E09000012,5,0,6,30,3,4,6,0,0,0,4,1,1,0,7,1,2,E01001845,23-04-2018,1,1,1,1,27,6,3,0,0,0,0,-1,3,1