Accident_Index,longitude,latitude,Police_Force,Accident_Severity,Number_of_Vehicles,Number_of_Casualties,Day_of_Week,Time,Local_Authority_(District),Local_Authority_(Highway),1st_Road_Class,1st_Road_Number,Road_Type,Speed_limit,Junction_Detail,Junction_Control,2nd_Road_Class,2nd_Road_Number,Pedestrian_Crossing-Human_Control,Pedestrian_Crossing-Physical_Facilities,Light_Conditions,Weather_Conditions,Road_Surface_Conditions,Special_Conditions_at_Site,Carriageway_Hazards,Urban_or_Rural_Area,Did_Police_Officer_Attend_Scene_of_Accident,LSOA_of_Accident_Location,Date,Vehicle_Reference,Casualty_Reference,Casualty_Class,Sex_of_Casualty,Age_of_Casualty,Age_Band_of_Casualty,Casualty_Severity,Pedestrian_Location,Pedestrian_Movement,Car_Passenger,Bus_or_Coach_Passenger,Pedestrian_Road_Maintenance_Worker,Casualty_Type,Casualty_Home_Area_Type
4892,93.62241951,27.0936765,1,3,2,1,1,18:58,4,E09000012,6,0,6,30,6,4,3,104,0,0,1,1,1,0,0,1,2,E01001743,24-04-2018,2,1,1,1,28,6,3,0,0,0,0,-1,1,1
4893,93.62681546,27.09716966,1,3,2,1,1,01:45,4,E09000012,3,503,6,30,3,4,3,107,0,0,4,1,1,0,0,1,2,E01001811,01-05-2018,1,1,2,1,-1,-1,3,0,0,1,0,-1,9,1
4894,93.60963774,27.09576195,1,3,1,1,6,19:20,4,E09000012,5,0,6,30,3,4,6,0,0,0,4,1,1,0,0,1,1,E01001734,22-04-2018,1,1,3,2,30,6,2,1,1,0,0,-1,0,1
4895,93.62544604,27.10453005,1,3,1,1,7,11:55,4,E09000012,3,107,6,30,0,-1,-1,0,0,0,1,1,1,0,0,1,1,E01001818,23-04-2018,1,1,3,2,32,6,3,4,1,0,0,-1,0,1
4896,93.60809723,27.09791656,1,3,2,1,3,13:15,4,E09000012,3,10,6,30,0,-1,-1,0,0,0,1,1,1,0,0,1,1,E01001829,26-04-2018,1,1,3,2,23,5,3,10,9,0,0,-1,0,1
4897,93.62284225,27.09813271,1,3,2,1,3,18:50,4,E09000012,6,0,6,30,8,4,4,101,0,0,1,1,1,0,0,1,1,E01001778,26-04-2018,1,1,1,1,36,7,2,0,0,0,0,-1,4,1
4898,93.62761174,27.095193,1,3,2,1,4,17:40,4,E09000012,3,107,6,30,0,-1,-1,0,0,0,1,1,1,0,0,1,1,E01001795,27-04-2018,1,1,1,1,11,3,3,0,0,0,0,-1,1,1
4899,93.61322602,27.08885154,1,3,2,1,6,12:34,4,E09000012,5,0,6,30,3,4,6,0,0,0,1,1,1,0,0,1,1,E01001765,29-04-2018,1,2,2,1,11,3,3,0,0,0,0,-1,1,-1
4900,93.62360503,27.09802027,1,3,1,1,6,12:10,4,E09000012,3,107,6,30,3,4,6,0,0,4,1,1,1,0,0,1,1,E01001734,29-04-2018,1,1,1,1,25,5,3,0,0,0,0,-1,5,1
4901,93.61510671,27.1043667,1,3,2,1,6,08:41,4,E09000012,6,0,6,30,3,4,3,10,0,0,1,1,1,0,0,1,1,E01001755,29-04-2018,1,2,2,2,25,5,3,0,0,0,0,-1,5,1
4902,93.61279446,27.09422503,1,3,1,2,1,00:30,4,E09000012,6,0,6,30,3,4,6,0,0,0,4,1,1,0,0,1,1,E01001780,01-05-2018,2,3,1,1,31,6,2,0,0,0,0,-1,1,-1
4903,93.61901317,27.09241481,1,3,1,1,2,03:55,4,E09000012,6,0,6,30,0,-1,-1,0,0,0,5,2,2,0,0,1,1,E01001771,02-05-2018,1,1,2,2,80,11,3,0,0,0,3,-1,11,1
4904,93.61226039,27.10003654,1,3,2,2,7,11:45,4,E09000012,4,111,6,30,3,4,4,111,0,0,1,1,1,0,0,1,1,E01001769,30-04-2018,1,1,1,1,44,7,3,0,0,0,0,-1,1,1
4905,93.61142288,27.10581966,1,3,2,1,6,05:47,4,E09000012,3,5201,6,30,6,2,3,10,0,5,1,1,1,0,0,1,1,E01001771,22-04-2018,1,1,1,1,60,9,3,0,0,0,0,-1,9,1
4906,93.60901922,27.09525665,1,3,2,1,4,17:20,4,E09000012,3,10,6,30,3,4,6,0,0,4,1,1,1,0,0,1,1,E01001743,27-04-2018,2,1,1,1,27,6,3,0,0,0,0,-1,9,1
4907,93.63093341,27.10039987,1,3,1,1,1,21:46,4,E09000012,3,107,6,30,0,-1,-1,0,0,0,4,1,1,0,0,1,1,E01001770,01-05-2018,2,1,1,1,30,6,3,0,0,0,0,-1,5,1
4908,93.62665077,27.10296521,1,3,3,1,4,19:00,4,E09000012,3,107,6,30,3,4,6,0,0,0,1,1,1,0,0,1,1,E01001818,04-05-2018,2,1,1,1,37,7,3,0,0,0,0,-1,1,1
4909,93.61810749,27.09507506,1,3,1,1,6,13:05,4,E09000012,3,503,3,30,0,-1,-1,0,0,7,1,1,1,0,0,1,1,E01001714,06-05-2018,1,1,3,1,59,9,3,5,3,0,0,-1,0,1
4910,93.61479537,27.10340097,1,3,1,1,6,17:10,4,E09000012,3,10,6,30,0,-1,-1,0,0,0,1,1,1,0,0,1,1,E01001777,06-05-2018,2,1,1,1,30,6,3,0,0,0,0,-1,3,1
4911,93.63090656,27.09801384,1,3,2,1,2,21:00,4,E09000012,3,10,2,30,3,2,4,104,0,5,4,1,1,0,0,1,2,E01001829,28-02-2018,1,1,3,2,-1,-1,3,6,9,0,0,-1,0,1
4912,93.60973426,27.09631593,1,3,1,1,2,16:25,4,E09000012,3,102,6,30,0,-1,-1,0,0,0,1,1,1,0,0,1,1,E01001848,02-05-2018,1,1,1,1,30,6,3,0,0,0,0,-1,1,1
4913,93.62900189,27.09647003,1,3,1,2,6,10:00,4,E09000012,3,104,6,30,3,2,3,10,0,5,1,1,1,0,0,1,1,E01001756,06-05-2018,1,1,1,1,27,6,3,0,0,0,0,-1,5,1
4914,93.62331115,27.09354522,1,3,2,1,7,23:11,4,E09000012,3,106,6,30,1,4,3,1205,0,1,4,1,1,0,0,1,1,E01001836,07-05-2018,2,1,1,1,29,6,3,0,0,0,0,-1,9,-1
4915,93.62935213,27.10266646,1,3,2,1,3,16:40,4,E09000012,3,10,6,30,9,2,-1,-1,0,0,1,1,1,0,0,1,1,E01001832,10-05-2018,1,1,3,2,8,2,3,5,3,0,0,-1,0,-1
4916,93.61542978,27.10198764,1,3,2,1,2,18:20,4,E09000012,3,10,6,30,0,-1,-1,0,0,0,1,1,1,0,0,1,2,E01001830,25-04-2018,1,1,1,2,28,6,3,0,0,0,0,-1,2,1
4917,93.6243404,27.09900658,1,2,1,1,6,13:57,4,E09000012,6,0,6,30,3,4,4,112,0,4,1,1,1,0,0,1,1,E01001786,13-05-2018,1,1,1,1,37,7,3,0,0,0,0,-1,2,1
4918,93.61833693,27.09848655,1,3,2,1,4,11:14,4,E09000012,3,10,6,30,0,-1,-1,0,0,0,1,1,1,0,0,1,3,E01001832,02-03-2018,1,1,1,1,29,6,3,0,0,0,0,-1,3,1
4919,93.62854752,27.10623709,1,3,2,1,7,03:20,4,E09000012,3,107,6,30,3,2,3,104,0,5,4,1,1,0,0,1,1,E01001760,07-05-2018,1,1,1,2,59,9,3,0,0,0,0,-1,2,1
4920,93.61899686,27.09760521,1,3,3,1,3,17:20,4,E09000012,6,0,6,30,0,-1,-1,0,0,0,1,1,1,0,0,1,1,E01001766,12-04-2018,1,2,3,2,-1,-1,3,10,9,0,0,-1,0,1
4921,93.6210416,27.10176072,1,3,1,1,7,15:40,4,E09000012,3,503,3,30,0,-1,-1,0,0,0,1,1,1,1,0,1,1,E01002002,07-05-2018,1,1,1,1,35,6,2,0,0,0,0,-1,9,1
4922,93.62487959,27.09627973,1,3,2,1,4,12:30,4,E09000012,6,0,6,30,3,4,3,102,0,0,1,2,2,0,0,1,2,E01001735,02-03-2018,1,1,3,1,21,5,3,5,1,0,0,-1,0,-1
4923,93.6133286,27.10514629,1,3,2,2,2,15:15,4,E09000012,3,10,6,30,0,-1,-1,0,0,0,1,2,2,0,0,1,2,E01001800,16-05-2018,1,1,2,1,-1,-1,3,0,0,1,0,-1,9,-1
4924,93.61611037,27.09311912,1,3,2,1,5,22:00,4,E09000012,3,107,6,30,0,-1,-1,0,0,0,4,1,1,0,0,1,2,E01001770,05-05-2018,2,1,1,1,27,6,3,0,0,0,0,-1,5,-1
4925,93.6249714,27.08982188,1,3,2,1,7,17:35,4,E09000012,4,101,6,30,0,-1,-1,0,0,0,1,1,1,0,0,1,1,E01001780,30-04-2018,1,1,3,2,20,4,3,1,3,0,0,-1,0,-1
4926,93.62662489,27.09594204,1,3,1,1,1,16:28,4,E09000012,6,0,6,30,0,-1,-1,0,0,0,1,1,1,0,0,1,1,E01001821,01-05-2018,1,1,2,2,84,11,3,0,0,0,1,-1,11,1
4927,93.63181296,27.09966798,1,3,1,2,2,02:45,4,E09000012,5,0,6,30,3,4,6,0,0,0,4,1,1,0,0,1,1,E01001803,02-05-2018,1,1,1,1,39,7,3,0,0,0,0,-1,9,-1
4928,93.62226279,27.10535835,1,3,2,1,2,16:43,4,E09000012,6,0,6,30,3,2,3,107,0,0,1,1,1,0,0,1,1,E01001763,09-05-2018,1,1,3,2,68,10,3,4,3,0,0,-1,0,1
4929,93.63441077,27.09704964,1,3,1,1,2,13:25,4,E09000012,4,113,6,30,3,4,6,0,0,4,1,1,2,0,0,1,1,E01001730,25-04-2018,1,1,3,1,55,8,3,9,6,0,0,-1,0,1
4930,93.61861636,27.10202302,1,3,1,1,2,09:55,4,E09000012,6,0,6,30,3,4,3,10,0,0,1,1,1,0,0,1,1,E01001830,09-05-2018,1,1,1,2,42,7,3,0,0,0,0,-1,1,1
4931,93.61798592,27.09141835,1,3,1,1,6,19:20,4,E09000012,5,0,6,30,0,-1,-1,0,0,0,1,1,1,0,0,1,2,E01001759,29-04-2018,2,1,1,1,30,6,2,0,0,0,0,-1,5,1
4932,93.61264407,27.10504027,1,2,1,1,4,18:49,4,E09000012,4,112,6,30,0,-1,-1,0,0,0,1,1,1,0,0,1,1,E01001785,04-05-2018,1,1,3,1,12,3,3,5,1,0,0,-1,0,1
4933,93.63226249,27.10516119,1,3,2,1,4,14:14,4,E09000012,3,10,6,30,0,-1,-1,0,0,0,1,1,1,0,0,1,1,E01001743,04-05-2018,1,1,1,1,36,7,3,0,0,0,0,-1,5,1
4934,93.62617295,27.09581711,1,3,2,1,5,16:50,4,E09000012,6,0,6,30,3,4,3,104,0,1,1,1,1,0,0,1,1,E01001761,12-05-2018,2,1,1,1,38,7,3,0,0,0,0,-1,1,1
4935,93.62457782,27.10497388,1,3,3,1,6,14:41,4,E09000012,3,104,6,30,3,4,5,0,0,0,1,1,1,0,0,1,1,E01001748,13-05-2018,2,1,1,1,36,7,3,0,0,0,0,-1,3,1
4936,93.62683326,27.09532031,1,3,1,1,1,01:55,4,E09000012,3,1202,6,30,6,4,3,1202,0,0,4,1,1,0,0,1,1,E01001771,15-05-2018,1,1,1,1,63,9,3,0,0,0,0,-1,9,1
4937,93.62231553,27.10297548,1,3,1,1,4,10:59,4,E09000012,5,0,6,30,0,-1,-1,0,0,0,1,1,1,0,0,1,1,E01001777,18-05-2018,1,1,1,1,25,5,3,0,0,0,0,-1,1,1
4938,93.62927935,27.10148858,1,3,2,1,6,08:35,4,E09000012,6,0,6,30,3,4,3,10,0,0,1,1,1,0,0,1,2,E01001747,13-05-2018,1,1,1,1,33,6,3,0,0,0,0,-1,3,-1
4939,93.61822047,27.10137585,1,2,2,1,3,21:15,4,E09000012,6,0,6,30,0,-1,-1,0,0,0,4,1,1,0,0,1,2,E01001736,03-05-2018,2,1,1,1,35,6,3,0,0,0,0,-1,1,1
4940,93.62633058,27.09831618,1,3,2,1,7,19:07,4,E09000012,6,0,6,30,3,4,6,0,0,0,1,1,1,0,0,1,1,E01001766,07-05-2018,1,1,3,2,46,8,3,5,1,0,0,-1,0,1
4941,93.62001389,27.10210905,1,3,2,1,2,21:53,4,E09000012,3,10,6,30,3,2,5,0,0,5,4,1,1,0,0,1,1,E01001754,09-05-2018,1,1,1,1,21,5,3,0,0,0,0,-1,3,-1
4942,93.6202752,27.09755705,1,3,2,2,4,12:31,4,E09000012,6,0,6,30,0,-1,-1,0,0,0,1,1,1,0,0,1,1,E01001849,11-05-2018,1,2,2,2,23,5,3,0,0,0,0,-1,3,1
4943,93.6147576,27.10006803,1,3,2,2,6,06:43,4,E09000012,3,503,6,30,6,2,3,105,0,0,1,1,1,0,0,1,1,E01002002,11-03-2018,1,1,1,1,26,6,3,0,0,0,0,-1,2,1
4944,93.61563914,27.08962875,1,3,1,2,5,11:00,4,E09000012,3,107,6,30,3,2,3,102,0,5,1,1,1,0,0,1,1,E01001734,12-05-2018,2,1,1,1,47,8,3,0,0,0,0,-1,5,1
4945,93.61145533,27.10391553,1,3,2,1,1,17:25,4,E09000012,3,10,6,30,6,2,3,1202,0,5,1,1,1,0,0,1,2,E01001771,15-05-2018,1,1,1,1,-1,-1,3,0,0,0,0,-1,4,1
4946,93.61053043,27.10657279,1,2,1,2,1,12:20,4,E09000012,4,112,6,30,0,-1,-1,0,0,0,1,1,1,0,0,1,1,E01001847,15-05-2018,1,1,3,2,37,7,2,3,1,0,0,-1,0,1
4947,93.62784457,27.10379508,1,3,1,1,4,08:45,4,E09000012,6,0,6,30,8,4,6,0,0,0,1,1,1,0,0,1,1,E01001777,18-05-2018,1,1,3,2,12,3,3,5,9,0,0,-1,0,-1
4948,93.62297107,27.10187706,1,2,1,1,6,14:08,4,E09000012,3,10,6,30,3,4,6,0,0,0,1,1,1,0,0,1,1,E01001743,20-05-2018,1,1,3,2,19,4,3,10,9,0,0,-1,0,1
4949,93.63286748,27.09994234,1,3,1,1,6,17:29,4,E09000012,6,0,6,30,6,4,6,0,0,0,1,1,1,0,0,1,1,E01001794,20-05-2018,2,1,1,1,39,7,3,0,0,0,0,-1,1,-1
4950,93.63327857,27.0982973,1,3,2,1,7,13:12,4,E09000012,3,10,6,30,3,4,6,0,0,0,1,2,2,0,2,1,1,E01001800,21-05-2018,1,1,1,1,28,6,3,0,0,0,0,-1,3,1
4951,93.62925445,27.0880107,1,3,2,2,1,09:40,4,E09000012,3,503,3,30,6,2,3,105,0,5,1,1,1,0,0,1,1,E01001714,22-05-2018,2,1,1,1,5,1,3,0,0,0,0,-1,1,-1
4952,93.62547872,27.10045468,1,3,1,1,6,13:00,4,E09000012,5,0,6,30,6,4,6,0,0,4,1,1,1,0,0,1,1,E01001816,27-05-2018,1,1,3,2,34,6,3,1,3,0,0,-1,0,1
4953,93.63056394,27.10140099,1,3,2,1,3,23:55,4,E09000012,3,10,6,30,7,4,3,104,0,0,4,1,1,0,0,1,1,E01001756,17-05-2018,1,1,3,1,13,3,3,5,1,0,0,-1,0,1
4954,93.62768287,27.10390707,1,3,2,1,3,21:30,4,E09000012,3,10,6,30,3,4,5,0,0,0,4,1,1,0,0,1,2,E01001830,03-05-2018,1,1,2,2,63,9,3,0,0,0,3,-1,11,-1
4955,93.62029651,27.08858187,1,3,1,1,5,18:56,4,E09000012,6,0,6,30,3,2,6,0,0,0,4,1,1,0,0,1,1,E01001813,03-02-2018,2,1,3,2,54,8,3,5,1,0,0,-1,0,1
4956,93.61131067,27.09141857,1,3,2,1,4,17:40,4,E09000012,3,10,6,30,3,2,3,104,0,5,1,1,1,0,0,1,2,E01001743,11-05-2018,2,1,1,1,39,7,3,0,0,0,0,-1,1,1
4957,93.62222926,27.08919338,1,3,2,1,6,14:15,4,E09000012,6,0,6,30,3,4,6,0,0,0,1,1,1,0,0,1,2,E01001798,20-05-2018,2,1,1,1,41,7,3,0,0,0,0,-1,5,-1
4958,93.62837002,27.08825851,1,3,2,1,7,18:15,4,E09000012,6,0,6,30,3,4,3,107,0,1,1,1,1,0,0,1,2,E01001722,30-04-2018,1,1,1,2,39,7,3,0,0,0,0,-1,1,1
4959,93.62442174,27.09383236,1,3,2,2,4,23:00,4,E09000012,6,0,6,30,3,4,3,10,0,0,4,1,1,0,0,1,1,E01001830,11-05-2018,1,1,1,1,47,8,3,0,0,0,0,-1,4,1
4960,93.63410562,27.09207674,1,3,1,1,2,18:25,4,E09000012,6,0,6,30,3,4,6,0,0,0,1,1,1,0,0,1,1,E01001842,16-05-2018,1,1,1,2,23,5,3,0,0,0,0,-1,1,1
4961,93.62900868,27.08815919,1,3,2,1,5,17:20,4,E09000012,4,112,6,30,3,4,6,0,0,0,1,1,1,0,0,1,1,E01001847,19-05-2018,1,1,1,1,29,6,3,0,0,0,0,-1,4,1
4962,93.62858882,27.09770515,1,3,2,1,1,11:00,4,E09000012,3,10,6,30,0,-1,-1,0,0,0,1,1,1,0,0,1,2,E01001771,27-02-2018,2,1,1,2,55,8,3,0,0,0,0,-1,9,1
4963,93.61756081,27.09626056,1,2,2,1,3,14:04,4,E09000012,3,10,6,30,0,-1,-1,0,0,0,1,1,1,0,0,1,2,E01001805,10-05-2018,2,1,1,1,35,6,3,0,0,0,0,-1,1,1
4964,93.62847513,27.09945482,1,3,1,1,5,18:57,4,E09000012,5,0,1,30,1,4,5,0,0,0,1,2,2,0,0,1,1,E01001752,19-05-2018,1,1,1,2,38,7,3,0,0,0,0,-1,1,1
4965,93.62847271,27.0960499,1,3,2,1,7,13:10,4,E09000012,3,107,6,30,8,4,6,0,0,0,1,2,2,0,0,1,1,E01001808,21-05-2018,2,1,1,1,53,8,3,0,0,0,0,-1,1,1
4966,93.62442903,27.09663477,1,3,2,1,3,10:55,4,E09000012,5,0,6,30,3,2,3,107,0,0,1,1,1,0,0,1,1,E01001728,24-05-2018,1,1,2,2,53,8,3,0,0,1,0,-1,9,1
4967,93.63114173,27.0997922,1,3,2,1,5,18:45,4,E09000012,3,107,6,30,0,-1,-1,0,0,0,1,1,1,0,0,1,1,E01001760,26-05-2018,1,1,2,2,3,1,3,0,0,0,4,-1,11,1
4968,93.61615144,27.0916175,1,3,2,1,2,18:30,5,E09000030,3,1208,6,30,3,4,5,0,0,0,1,1,1,0,0,1,1,E01001774,16-05-2018,1,1,1,1,60,9,3,0,0,0,0,-1,9,1
4969,93.63235971,27.09471829,1,3,2,1,2,07:45,4,E09000012,4,102,6,30,3,4,5,0,0,0,1,1,1,0,0,1,2,E01001781,23-05-2018,1,1,1,2,20,4,3,0,0,0,0,-1,9,1
4970,93.61894084,27.10419163,1,3,3,1,5,16:40,4,E09000012,3,104,6,30,0,-1,-1,0,0,0,1,1,1,0,0,1,2,E01001793,26-05-2018,2,2,1,2,38,7,3,0,0,0,0,-1,5,1
4971,93.62728441,27.09656089,1,2,1,1,4,10:48,4,E09000012,3,105,3,30,6,2,3,503,0,5,1,1,1,0,0,1,1,E01001721,01-06-2018,1,1,1,1,33,6,3,0,0,0,0,-1,2,1
4972,93.61740489,27.09131265,1,3,2,1,2,12:10,3,E09000019,4,102,6,30,3,4,6,0,0,0,1,1,1,0,0,1,2,E01001751,11-04-2018,1,1,1,2,26,6,2,0,0,0,0,-1,1,1
4973,93.61842195,27.09589184,1,3,2,1,3,15:00,4,E09000012,3,12,7,30,3,2,5,0,0,5,1,1,1,0,0,1,2,E01001846,10-05-2018,1,1,3,2,61,9,2,5,4,0,0,-1,0,1
4974,93.60825264,27.10441644,1,3,1,1,7,16:24,4,E09000012,5,0,6,30,3,4,6,0,0,0,1,1,1,0,0,1,1,E01001793,21-05-2018,2,1,1,2,26,6,3,0,0,0,0,-1,9,1
4975,93.61070656,27.08823197,1,3,1,1,5,16:40,4,E09000012,3,107,6,30,8,4,5,0,0,0,1,1,1,0,0,1,2,E01001842,26-05-2018,1,1,1,1,46,8,2,0,0,0,0,-1,1,1
4976,93.6200663,27.0898145,1,3,1,1,7,15:40,4,E09000012,3,107,6,30,3,4,6,0,0,0,1,1,1,0,0,1,1,E01001837,21-05-2018,2,1,1,1,41,7,3,0,0,0,0,-1,1,1
4977,93.61008402,27.09852712,1,3,1,1,2,18:10,4,E09000012,3,107,6,30,3,4,6,0,0,0,1,1,1,0,0,1,1,E01001770,11-04-2018,1,1,1,1,27,6,3,0,0,0,0,-1,2,1
4978,93.61329904,27.09805548,1,3,2,1,3,12:40,4,E09000012,3,10,6,30,6,2,3,1208,0,5,1,1,1,0,0,1,1,E01001771,17-05-2018,2,1,1,2,12,3,3,0,0,0,0,-1,1,1
4979,93.61269098,27.09018235,1,3,2,1,5,10:00,4,E09000012,3,10,6,30,6,2,5,0,0,0,1,1,1,0,0,1,1,E01001743,19-05-2018,1,1,1,1,18,4,3,0,0,0,0,-1,3,1
4980,93.6309169,27.09364993,1,3,2,1,4,14:30,4,E09000012,3,10,6,30,3,2,5,0,0,0,1,1,1,0,0,1,1,E01001817,25-05-2018,1,1,3,1,28,6,3,5,2,0,0,-1,0,-1
4981,93.62536357,27.08862686,1,3,1,1,5,19:00,4,E09000012,6,0,6,30,0,-1,-1,0,0,0,1,1,1,0,0,1,1,E01001785,26-05-2018,1,1,1,1,32,6,3,0,0,0,0,-1,9,1
4982,93.61162264,27.09783378,1,3,2,1,6,10:45,4,E09000012,4,104,6,30,3,4,4,104,0,0,1,1,1,0,0,1,1,E01001741,27-05-2018,1,1,3,2,46,8,3,1,1,0,0,-1,0,1
4983,93.61383513,27.10383787,1,3,2,1,6,18:50,4,E09000012,3,107,6,30,3,4,3,107,0,0,1,1,1,0,0,1,1,E01001760,27-05-2018,1,2,3,1,40,7,3,1,1,0,0,-1,0,1
4984,93.60923904,27.10030998,1,3,1,1,7,23:30,4,E09000012,3,102,6,30,0,-1,-1,0,0,0,4,1,1,0,0,1,1,E01001735,28-05-2018,1,1,3,1,30,6,3,5,1,0,0,-1,0,-1
4985,93.61202136,27.08871403,1,3,2,1,1,15:30,4,E09000012,3,10,6,30,3,4,3,10,0,0,1,1,1,0,0,1,1,E01001832,29-05-2018,1,1,3,2,56,9,3,6,9,0,0,-1,0,1
4986,93.62262204,27.09943159,1,3,2,1,6,17:00,4,E09000012,3,10,6,30,3,4,6,0,0,4,1,1,1,0,0,1,1,E01001754,03-06-2018,1,1,1,1,28,6,3,0,0,0,0,-1,2,1
4987,93.62305218,27.099547,1,3,1,1,6,13:55,4,E09000012,3,10,6,30,0,-1,-1,0,0,0,1,1,1,0,0,1,1,E01001750,03-06-2018,2,2,1,2,23,5,3,0,0,0,0,-1,3,1
4988,93.62556835,27.10130961,1,3,3,1,3,13:41,4,E09000012,3,104,1,30,1,4,6,0,0,0,1,1,1,4,0,1,1,E01001748,07-06-2018,2,1,1,1,33,6,3,0,0,0,0,-1,1,1
4989,93.6086014,27.09144001,1,3,2,1,2,11:00,4,E09000012,5,0,6,30,3,4,6,0,0,0,1,1,1,0,0,1,2,E01001764,16-05-2018,2,1,1,1,26,6,3,0,0,0,0,-1,2,1
4990,93.62246976,27.10490863,1,3,2,1,3,09:40,4,E09000012,6,0,6,30,3,4,3,104,0,0,1,1,1,0,0,1,1,E01001797,07-06-2018,2,2,2,1,25,5,3,0,0,0,0,-1,2,1
4991,93.61849963,27.09956801,1,3,2,1,4,09:35,4,E09000012,5,0,6,30,3,4,6,0,0,0,1,1,1,0,0,1,1,E01001777,08-06-2018,1,1,3,1,52,8,3,5,3,0,0,-1,0,-1
4992,93.63036352,27.10238512,1,3,4,1,5,18:05,4,E09000012,6,0,6,30,3,4,6,0,0,0,1,1,1,0,0,1,1,E01001788,09-06-2018,1,1,3,2,40,7,3,10,9,0,0,-1,0,2
4993,93.61572763,27.10084447,1,3,1,1,3,15:50,4,E09000012,3,1202,6,30,6,2,6,0,0,0,1,1,1,0,0,1,2,E01001771,07-06-2018,2,1,1,1,-1,-1,3,0,0,0,0,-1,5,1
4994,93.62757031,27.10046546,1,3,1,1,3,19:10,4,E09000012,6,0,6,30,3,4,3,1200,0,0,1,1,1,0,0,1,2,E01001778,14-06-2018,2,1,1,1,39,7,2,0,0,0,0,-1,5,1
4995,93.61186881,27.08991604,1,3,2,1,4,20:47,4,E09000012,6,0,6,40,3,4,3,106,0,0,4,1,1,0,0,1,1,E01001849,25-05-2018,2,1,1,1,67,10,3,0,0,0,0,-1,1,-1
4996,93.62339219,27.09519301,1,3,1,1,6,12:20,4,E09000012,3,107,6,30,0,-1,-1,0,0,0,1,1,1,0,0,1,2,E01001734,10-06-2018,1,1,3,1,26,6,3,1,3,0,0,-1,0,1
4997,93.63424112,27.09027934,1,3,2,1,5,19:05,3,E09000019,6,0,6,30,6,4,6,0,0,0,4,2,2,0,0,1,1,E01002704,28-04-2018,1,1,1,1,38,7,3,0,0,0,0,-1,9,1
4998,93.62568036,27.09145825,1,2,1,1,7,07:10,4,E09000012,3,503,6,30,0,-1,-1,0,0,0,1,1,1,0,0,1,1,E01001810,04-06-2018,3,1,1,1,46,8,3,0,0,0,0,-1,9,1
4999,93.62529833,27.10632576,1,3,3,1,1,15:10,4,E09000012,3,1200,6,30,3,4,4,102,0,0,1,1,1,0,0,1,1,E01001781,05-06-2018,1,1,2,2,78,11,3,0,0,0,3,-1,11,-1
5000,93.61759742,27.09393769,1,3,2,1,2,23:25,4,E09000012,3,10,3,30,0,-1,-1,0,0,0,4,1,1,0,0,1,1,E01001808,06-06-2018,1,1,1,1,35,6,3,0,0,0,0,-1,19,1
5001,93.62959245,27.08799131,1,3,2,1,3,12:58,4,E09000012,6,0,6,30,0,-1,-1,0,0,0,1,1,1,0,0,1,1,E01001817,07-06-2018,2,2,1,1,38,7,3,0,0,0,0,-1,9,1
5002,93.62116498,27.0908548,1,3,2,1,3,14:36,4,E09000012,3,503,6,30,0,-1,-1,0,2,0,1,1,1,0,0,1,1,E01001813,07-06-2018,1,1,2,2,8,2,3,0,0,1,0,-1,9,-1
5003,93.63376373,27.09785647,1,3,2,1,5,08:30,3,E09000019,3,501,6,30,0,-1,-1,0,0,0,1,1,1,0,0,1,1,E01002701,09-06-2018,2,1,1,1,24,5,3,0,0,0,0,-1,1,1
5004,93.61023863,27.10210185,1,3,2,1,5,07:46,4,E09000012,5,0,6,30,6,2,3,10,0,5,1,1,1,0,0,1,1,E01001776,09-06-2018,1,1,1,1,23,5,3,0,0,0,0,-1,9,1
5005,93.61028492,27.09853336,1,3,2,1,6,07:30,4,E09000012,3,10,3,30,0,-1,-1,0,0,0,1,1,1,0,0,1,1,E01001726,10-06-2018,1,1,1,1,57,9,3,0,0,0,0,-1,1,1
5006,93.62828339,27.09025742,1,3,1,1,7,17:24,4,E09000012,3,104,6,30,3,4,6,0,0,0,1,1,1,0,0,1,1,E01001743,11-06-2018,1,1,1,1,39,7,3,0,0,0,0,-1,8,1
5007,93.6219991,27.09949137,1,3,2,1,1,18:35,4,E09000012,4,113,6,30,6,4,6,0,0,0,1,1,1,0,0,1,1,E01001844,12-06-2018,1,1,1,1,23,5,3,0,0,0,0,-1,3,-1
5008,93.61627838,27.09666939,1,3,2,1,1,12:30,4,E09000012,3,10,6,30,0,-1,-1,0,0,0,1,1,1,0,0,1,1,E01001831,12-06-2018,2,2,1,2,25,5,3,0,0,0,0,-1,9,1
5009,93.63173954,27.10559877,1,3,1,1,2,17:00,4,E09000012,5,0,6,30,3,4,6,0,0,0,1,1,1,0,0,1,1,E01001730,13-06-2018,1,1,3,1,14,3,3,1,2,0,0,-1,0,1
5010,93.62231052,27.10461508,1,3,1,1,2,18:15,4,E09000012,3,107,6,30,3,4,6,0,0,0,1,1,1,0,0,1,1,E01001767,13-06-2018,1,1,1,1,29,6,2,0,0,0,0,-1,5,1
5011,93.62695673,27.09949103,1,3,1,1,3,12:00,4,E09000012,5,0,6,30,6,4,6,0,0,0,1,1,1,0,0,1,1,E01001733,14-06-2018,2,1,1,1,25,5,3,0,0,0,0,-1,3,1
5012,93.61173332,27.09955671,1,3,2,1,2,15:56,4,E09000012,3,10,6,30,0,-1,-1,0,0,0,1,1,1,0,0,1,1,E01001777,13-06-2018,2,1,1,1,26,6,3,0,0,0,0,-1,5,1
5013,93.63420266,27.09281021,1,3,1,1,5,17:20,4,E09000012,6,0,6,30,0,-1,-1,0,0,0,1,1,1,0,0,1,2,E01001850,09-06-2018,1,1,1,1,37,7,3,0,0,0,0,-1,3,1