Accident_Index,longitude,latitude,Police_Force,Accident_Severity,Number_of_Vehicles,Number_of_Casualties,Day_of_Week,Time,Local_Authority_(District),Local_Authority_(Highway),1st_Road_Class,1st_Road_Number,Road_Type,Speed_limit,Junction_Detail,Junction_Control,2nd_Road_Class,2nd_Road_Number,Pedestrian_Crossing-Human_Control,Pedestrian_Crossing-Physical_Facilities,Light_Conditions,Weather_Conditions,Road_Surface_Conditions,Special_Conditions_at_Site,Carriageway_Hazards,Urban_or_Rural_Area,Did_Police_Officer_Attend_Scene_of_Accident,LSOA_of_Accident_Location,Date,Vehicle_Reference,Casualty_Reference,Casualty_Class,Sex_of_Casualty,Age_of_Casualty,Age_Band_of_Casualty,Casualty_Severity,Pedestrian_Location,Pedestrian_Movement,Car_Passenger,Bus_or_Coach_Passenger,Pedestrian_Road_Maintenance_Worker,Casualty_Type,Casualty_Home_Area_Type
5137,93.63155249,27.09920732,1,3,2,1,7,13:15,4,E09000012,5,0,6,30,0,-1,-1,0,0,0,1,1,1,0,0,1,1,E01001775,16-07-2018,2,1,2,1,58,9,3,0,0,2,0,-1,9,1
5138,93.62841068,27.09676498,1,3,1,1,5,14:50,4,E09000012,3,10,3,30,0,-1,-1,0,0,0,1,1,1,0,0,1,1,E01001808,21-07-2018,1,1,1,1,16,4,3,0,0,0,0,-1,2,1
5139,93.63116728,27.09788412,1,3,2,1,1,06:45,4,E09000012,3,105,6,30,3,4,6,0,0,1,1,1,1,0,0,1,1,E01001714,19-06-2018,1,1,1,1,47,8,3,0,0,0,0,-1,9,1
5140,93.62225924,27.10379648,1,3,2,1,7,03:28,4,E09000012,5,0,6,30,3,4,5,0,0,0,4,1,1,0,0,1,1,E01001840,23-07-2018,1,1,3,1,7,2,3,5,4,0,0,-1,0,1
5141,93.60951435,27.09324383,1,3,2,1,3,03:04,4,E09000012,3,1200,6,30,3,4,3,1200,0,0,4,1,1,0,0,1,1,E01001778,02-08-2018,1,1,1,1,24,5,3,0,0,0,0,-1,3,1
5142,93.62379446,27.09588778,1,3,2,2,3,22:05,4,E09000012,6,0,6,30,3,4,6,0,0,0,1,1,1,0,0,1,2,E01001763,12-07-2018,1,1,1,2,34,6,3,0,0,0,0,-1,4,1
5143,93.63378033,27.09478754,1,3,2,1,6,12:45,4,E09000012,5,0,6,30,3,4,5,0,0,0,1,1,1,0,0,1,2,E01001816,29-07-2018,1,2,3,1,13,3,3,4,1,0,0,-1,0,1
5144,93.61028384,27.0939712,1,3,2,1,5,09:30,4,E09000012,3,1202,6,30,6,2,3,10,0,5,1,1,1,0,0,1,1,E01001771,28-07-2018,1,1,1,2,40,7,3,0,0,0,0,-1,9,1
5145,93.63210509,27.09228399,1,3,2,1,5,19:10,4,E09000012,3,104,6,30,6,2,3,107,0,5,1,1,1,0,0,1,1,E01001760,04-08-2018,1,2,2,1,-1,-1,3,0,0,1,0,-1,9,-1
5146,93.63019023,27.10431164,1,3,2,2,4,13:35,4,E09000012,5,0,6,30,3,4,5,0,0,1,1,1,1,0,0,1,1,E01001747,03-08-2018,1,1,2,1,42,7,3,0,0,0,3,-1,11,-1
5147,93.61194311,27.08804979,1,3,2,1,3,17:30,4,E09000012,3,10,6,30,3,4,5,0,0,0,1,1,1,0,0,1,1,E01001830,19-07-2018,1,1,1,1,27,6,3,0,0,0,0,-1,5,1
5148,93.63328845,27.09255488,1,3,3,1,4,23:55,4,E09000012,3,104,6,30,3,4,3,10,0,0,4,1,1,0,0,1,2,E01001756,03-08-2018,2,1,1,2,61,9,3,0,0,0,0,-1,1,-1
5149,93.61583834,27.10603254,1,3,2,1,6,14:10,4,E09000012,6,0,6,30,0,-1,-1,0,0,0,1,1,1,0,0,1,1,E01001715,29-07-2018,1,1,1,1,44,7,3,0,0,0,0,-1,9,1
5150,93.62009144,27.10084455,1,2,1,1,7,09:30,4,E09000012,5,0,6,30,0,-1,-1,0,0,0,1,1,1,0,0,1,2,E01001846,16-07-2018,2,1,1,1,37,7,3,0,0,0,0,-1,3,1
5151,93.60958287,27.10267521,1,2,1,1,3,13:25,4,E09000012,3,10,6,30,3,4,3,10,0,0,1,1,1,0,0,1,1,E01001833,02-08-2018,1,1,3,2,82,11,3,10,9,0,0,-1,0,1
5152,93.61326959,27.08940954,1,3,1,1,5,21:12,4,E09000012,3,10,3,30,0,-1,-1,0,0,0,4,1,1,0,0,1,1,E01001805,30-06-2018,1,1,2,2,-1,-1,3,0,0,1,0,-1,9,1
5153,93.62142833,27.08848606,1,3,2,1,5,05:33,4,E09000012,3,12,3,70,0,-1,-1,0,0,0,1,2,2,0,0,1,1,E01001849,28-07-2018,1,1,1,1,37,7,3,0,0,0,0,-1,9,1
5154,93.63409285,27.10025745,1,3,2,1,6,20:30,4,E09000012,6,0,6,30,3,4,6,0,0,0,1,1,1,0,0,1,2,E01001734,29-07-2018,1,1,1,1,41,7,3,0,0,0,0,-1,9,1
5155,93.62842167,27.09093338,1,3,1,1,3,18:15,4,E09000012,3,107,6,30,3,4,3,503,0,1,1,1,1,0,0,1,1,E01001811,02-08-2018,2,2,2,2,41,7,3,0,0,1,0,-1,9,1
5156,93.60889494,27.10015952,1,3,2,1,1,20:00,4,E09000012,6,0,6,30,0,-1,-1,0,0,0,4,1,1,0,0,1,2,E01001824,19-06-2018,2,3,2,2,74,10,3,0,0,2,0,-1,9,1
5157,93.61325588,27.09794473,1,3,1,1,6,22:32,4,E09000012,6,0,6,30,0,-1,-1,0,0,0,4,1,1,0,0,1,1,E01001791,12-08-2018,2,1,1,1,26,6,3,0,0,0,0,-1,3,1
5158,93.61145069,27.10363297,1,3,2,1,7,12:00,4,E09000012,3,1207,6,30,6,4,5,0,0,0,1,1,1,0,0,1,1,E01001763,06-08-2018,1,1,3,2,9,2,2,5,4,0,0,-1,0,1
5159,93.61606177,27.08971609,1,3,2,1,4,21:00,4,E09000012,3,107,6,30,3,4,6,0,0,1,1,1,1,0,0,1,1,E01001827,20-07-2018,2,1,2,2,54,8,3,0,0,0,4,-1,11,-1
5160,93.61706133,27.09740144,1,3,1,1,6,19:30,4,E09000012,6,0,6,30,0,-1,-1,0,0,0,1,1,1,0,0,1,1,E01001830,29-07-2018,1,1,3,2,18,4,2,5,1,0,0,-1,0,1
5161,93.60905932,27.10574776,1,3,2,1,5,00:10,4,E09000012,4,104,6,30,3,4,6,0,0,0,4,1,1,0,0,1,1,E01001741,14-07-2018,1,1,1,2,26,6,3,0,0,0,0,-1,9,1
5162,93.61421662,27.09139945,1,3,1,1,5,18:10,4,E09000012,5,0,6,30,0,-1,-1,0,0,0,1,1,1,0,0,1,1,E01001806,04-08-2018,1,2,2,1,8,2,3,0,0,1,0,-1,9,1
5163,93.61034408,27.09720144,1,3,2,1,4,17:16,4,E09000012,6,0,6,30,8,4,6,0,0,0,1,1,1,0,0,1,2,E01001784,03-08-2018,1,3,2,1,16,4,3,0,0,2,0,-1,9,1
5164,93.62680565,27.10055226,1,3,1,1,4,07:00,4,E09000012,3,503,6,30,3,2,3,105,0,5,1,1,1,0,0,1,1,E01001714,20-07-2018,1,1,1,1,43,7,3,0,0,0,0,-1,1,-1
5165,93.63322023,27.09948496,1,3,1,2,1,21:40,4,E09000012,4,113,6,30,3,4,5,0,0,0,4,1,1,0,0,1,1,E01001730,19-06-2018,1,1,1,1,31,6,3,0,0,0,0,-1,3,1
5166,93.62078134,27.08821991,1,3,2,1,4,20:30,4,E09000012,4,105,6,30,3,4,5,0,0,1,1,1,1,0,0,1,1,E01001802,10-08-2018,2,1,2,2,57,9,3,0,0,2,0,-1,9,1
5167,93.61474324,27.09961854,1,3,1,1,5,16:15,4,E09000012,3,106,6,30,0,-1,-1,0,0,0,1,1,1,0,0,1,1,E01001840,28-07-2018,1,1,1,1,34,6,3,0,0,0,0,-1,4,-1
5168,93.61000918,27.10659086,1,3,2,1,6,13:30,4,E09000012,3,503,6,30,3,2,3,503,0,5,1,1,1,0,0,1,2,E01001721,05-08-2018,1,1,3,2,50,8,3,10,9,0,0,-1,0,-1
5169,93.61272178,27.09038042,1,3,1,1,5,15:05,4,E09000012,3,107,6,30,6,2,3,107,0,5,1,1,1,0,0,1,2,E01001760,11-08-2018,2,1,1,1,44,7,3,0,0,0,0,-1,1,1
5170,93.61346772,27.10630233,1,3,2,1,6,19:13,4,E09000012,3,503,6,30,3,4,5,0,0,0,1,1,1,0,0,1,1,E01002002,05-08-2018,3,1,1,1,-1,-1,3,0,0,0,0,-1,21,1
5171,93.62779345,27.10522552,1,3,2,1,6,16:45,4,E09000012,6,0,3,30,0,-1,-1,0,0,0,1,1,1,0,0,1,1,E01001809,12-08-2018,1,1,3,1,37,7,3,10,9,0,0,-1,0,-1
5172,93.63279409,27.10458509,1,3,2,1,3,22:40,4,E09000012,5,0,6,30,0,-1,-1,0,0,0,4,1,1,0,0,1,1,E01001799,09-08-2018,1,1,1,1,43,7,2,0,0,0,0,-1,9,1
5173,93.61819572,27.10576973,1,3,1,1,3,15:30,4,E09000012,4,112,6,30,0,-1,-1,0,0,1,1,1,1,4,0,1,2,E01001847,16-08-2018,1,1,1,1,51,8,3,0,0,0,0,-1,9,1
5174,93.62212841,27.09806673,1,2,1,1,4,18:45,4,E09000012,6,0,6,30,0,-1,-1,0,0,0,1,1,1,0,0,1,1,E01001789,17-08-2018,1,1,3,2,18,4,2,6,9,0,0,-1,0,1
5175,93.63199269,27.09685828,1,3,1,2,7,14:43,4,E09000012,3,107,6,30,3,2,4,111,0,5,1,1,1,0,0,1,2,E01001722,06-08-2018,1,1,1,1,31,6,3,0,0,0,0,-1,9,1
5176,93.62602587,27.10012031,1,3,2,1,7,10:11,4,E09000012,5,0,1,30,2,4,5,0,0,0,1,1,1,0,0,1,1,E01001775,13-08-2018,1,2,2,1,-1,-1,3,0,0,1,0,-1,9,1
5177,93.63055631,27.09768849,1,2,2,1,4,16:12,4,E09000012,5,0,6,30,3,4,5,0,0,0,1,1,1,0,0,1,1,E01001781,17-08-2018,1,1,1,2,46,8,3,0,0,0,0,-1,3,1
5178,93.63117591,27.08942615,1,3,1,1,1,19:05,4,E09000012,3,10,6,30,3,4,5,0,0,0,1,1,1,0,0,1,1,E01001743,14-08-2018,1,1,1,2,28,6,3,0,0,0,0,-1,5,-1
5179,93.60897619,27.09143889,1,3,3,1,1,22:35,4,E09000012,5,0,1,30,1,4,5,0,0,0,4,1,1,0,0,1,1,E01001754,10-07-2018,1,1,1,1,31,6,3,0,0,0,0,-1,9,1
5180,93.61738874,27.10283888,1,3,2,1,1,14:40,4,E09000012,4,113,6,30,3,4,6,0,0,4,1,1,1,0,0,1,2,E01001731,17-07-2018,1,2,2,2,25,5,3,0,0,2,0,-1,9,1
5181,93.60904407,27.0941193,1,3,2,1,2,08:17,4,E09000012,5,0,6,30,3,4,3,10,0,0,1,1,1,0,0,1,2,E01001743,15-08-2018,1,1,1,1,36,7,3,0,0,0,0,-1,9,1
5182,93.63229405,27.09797497,1,3,2,1,7,15:35,4,E09000012,3,107,6,30,3,4,6,0,0,0,1,1,1,0,0,1,1,E01001767,30-07-2018,1,1,1,2,23,5,3,0,0,0,0,-1,1,1
5183,93.60984007,27.09337814,1,2,2,1,1,21:07,4,E09000012,3,107,6,30,0,-1,-1,0,0,0,4,1,1,0,0,1,1,E01001811,14-08-2018,1,1,1,1,-1,-1,3,0,0,0,0,-1,9,1
5184,93.62454612,27.09475471,1,3,1,1,3,17:39,4,E09000012,3,107,6,30,6,2,3,10,0,5,1,1,1,0,0,1,1,E01001808,26-07-2018,1,1,1,2,29,6,3,0,0,0,0,-1,5,1
5185,93.62452162,27.09380813,1,3,1,1,6,17:19,4,E09000012,3,10,6,30,3,4,5,0,0,1,1,1,1,0,0,1,1,E01001724,05-08-2018,1,1,1,1,33,6,3,0,0,0,0,-1,8,1
5186,93.62050249,27.10518799,1,3,2,1,3,09:09,4,E09000012,3,5201,6,30,6,2,4,101,0,0,1,1,1,0,0,1,1,E01001780,16-08-2018,2,1,1,1,-1,-1,3,0,0,0,0,-1,2,-1
5187,93.61272243,27.08846123,1,3,2,1,5,19:00,3,E09000019,6,0,6,30,3,4,6,0,0,0,1,1,1,0,0,1,1,E01002718,18-08-2018,1,1,3,1,75,10,2,9,8,0,0,-1,0,-1
5188,93.61178634,27.08794044,1,3,2,1,7,17:13,4,E09000012,3,107,6,30,3,4,5,0,0,1,1,1,1,0,0,1,2,E01001734,20-08-2018,2,1,1,1,30,6,3,0,0,0,0,-1,3,1
5189,93.63098561,27.09979452,1,3,2,1,2,09:00,4,E09000012,4,113,6,30,3,2,5,0,0,5,1,2,2,0,0,1,2,E01001731,22-08-2018,1,1,1,1,53,8,3,0,0,0,0,-1,9,1
5190,93.62990403,27.10245937,1,3,1,1,6,15:00,4,E09000012,5,0,6,30,6,2,6,0,0,5,1,1,1,0,0,1,1,E01001771,19-08-2018,1,1,3,1,-1,-1,3,5,3,0,0,-1,0,-1
5191,93.63376307,27.09291171,1,3,1,1,2,14:45,4,E09000012,4,113,6,30,0,-1,-1,0,0,0,1,1,1,0,0,1,2,E01001731,22-08-2018,1,1,2,2,48,8,3,0,0,0,2,-1,11,-1
5192,93.62672228,27.09746646,1,3,2,3,7,15:08,4,E09000012,3,10,6,30,3,4,6,0,0,0,1,1,1,0,0,1,1,E01001800,20-08-2018,1,1,3,1,12,3,3,1,1,0,0,-1,0,1
5193,93.60980036,27.09644707,1,3,1,1,1,18:05,4,E09000012,3,10,6,30,6,2,5,0,0,5,1,1,1,0,0,1,1,E01001771,21-08-2018,1,1,1,1,61,9,3,0,0,0,0,-1,9,-1
5194,93.62992134,27.09065719,1,3,1,2,1,11:02,4,E09000012,3,107,6,30,0,-1,-1,0,0,0,1,1,1,0,0,1,1,E01001734,21-08-2018,1,1,3,2,31,6,3,5,1,0,0,-1,0,1
5195,93.61239723,27.1011833,1,3,2,1,3,15:20,4,E09000012,3,105,6,30,6,2,3,503,0,5,1,1,1,0,0,1,1,E01002002,23-08-2018,1,1,3,1,22,5,3,5,1,0,0,-1,0,-1
5196,93.6270781,27.10090336,1,3,2,4,2,11:15,4,E09000012,3,503,6,30,6,2,5,0,0,5,1,1,1,0,0,1,1,E01001721,15-08-2018,2,1,1,1,36,7,3,0,0,0,0,-1,1,1
5197,93.6298579,27.09344519,1,2,2,1,4,15:35,4,E09000012,6,0,6,30,0,-1,-1,0,0,0,1,1,1,0,0,1,1,E01001790,17-08-2018,1,1,2,1,42,7,2,0,0,0,4,-1,11,1
5198,93.63168837,27.09007957,1,3,2,1,5,04:10,4,E09000012,3,107,6,30,3,2,6,0,0,5,4,1,1,0,0,1,1,E01001839,18-08-2018,1,1,3,1,5,1,3,5,3,0,0,-1,0,-1
5199,93.61361199,27.09126506,1,3,1,1,6,12:25,4,E09000012,3,1207,6,30,3,2,3,104,0,5,1,1,1,0,0,1,1,E01001748,19-08-2018,2,1,1,1,34,6,3,0,0,0,0,-1,1,1
5200,94.2110241,26.74398143,1,3,2,1,1,14:10,4,E09000012,5,0,3,50,0,-1,-1,0,0,0,1,1,1,0,0,1,1,E01001793,21-08-2018,1,1,1,1,53,8,3,0,0,0,0,-1,9,1
5201,94.18328969,26.75282385,1,3,2,1,2,08:25,4,E09000012,5,0,6,30,6,2,3,10,0,5,1,2,2,0,0,1,1,E01001750,22-08-2018,2,2,1,2,37,7,3,0,0,0,0,-1,9,1
5202,94.17661701,26.7178467,1,3,1,1,4,13:25,4,E09000012,5,0,6,30,6,2,4,108,0,5,1,2,2,0,0,1,1,E01001775,24-08-2018,1,1,1,1,44,7,3,0,0,0,0,-1,8,1
5203,94.18264421,26.75258291,1,3,3,1,2,14:30,4,E09000012,5,0,6,30,0,-1,-1,0,0,0,1,1,1,0,0,1,1,E01001764,29-08-2018,2,2,1,1,31,6,3,0,0,0,0,-1,9,1
5204,94.17504244,26.72020667,1,3,2,1,4,21:50,4,E09000012,5,0,6,30,3,4,4,105,0,0,4,1,1,0,0,1,1,E01001802,31-08-2018,1,1,2,2,66,10,2,0,0,2,0,-1,9,-1
5205,94.19047212,26.72317409,1,2,2,1,7,01:36,4,E09000012,3,503,3,30,3,2,6,0,0,5,4,1,1,0,0,1,1,E01001716,03-09-2018,1,2,2,1,75,10,2,0,0,1,0,-1,9,-1
5206,94.20506997,26.74361662,1,3,5,1,1,16:07,4,E09000012,4,108,6,30,6,2,5,0,0,5,1,2,2,0,0,1,1,E01001817,14-08-2018,1,1,1,1,27,6,3,0,0,0,0,-1,5,1
5207,94.1688774,26.73841601,1,3,2,1,6,08:25,4,E09000012,5,0,6,30,3,4,5,0,0,0,1,1,1,0,0,1,2,E01001844,15-07-2018,1,1,3,1,40,7,2,4,3,0,0,-1,0,-1
5208,94.17462752,26.72036222,1,3,2,2,2,13:40,4,E09000012,4,113,6,30,0,-1,-1,0,0,5,1,2,2,0,0,1,2,E01001850,22-08-2018,2,1,1,2,27,6,2,0,0,0,0,-1,1,1
5209,94.1807518,26.73276425,1,3,1,1,4,21:58,4,E09000012,3,1200,6,30,3,2,5,0,0,5,4,1,1,0,0,1,1,E01002798,07-09-2018,1,1,2,2,47,8,3,0,0,0,3,-1,11,1
5210,94.20719743,26.76127391,1,3,2,1,4,08:50,3,E09000019,3,1201,6,30,3,4,5,0,0,1,1,1,1,0,0,1,1,E01002747,03-08-2018,1,2,2,2,40,7,3,0,0,0,4,-1,11,1
5211,94.19038696,26.7348582,1,3,2,1,1,12:52,4,E09000012,5,0,6,30,8,4,6,0,0,0,1,1,1,0,0,1,1,E01001846,21-08-2018,1,3,2,2,39,7,3,0,0,0,3,-1,11,1
5212,94.18909803,26.71941641,1,3,1,1,5,14:35,4,E09000012,3,10,6,30,3,4,6,0,0,0,1,2,2,0,0,1,1,E01001831,25-08-2018,1,1,1,1,25,5,3,0,0,0,0,-1,4,-1
5213,94.22459597,26.73331084,1,3,2,1,2,22:15,4,E09000012,5,0,6,30,0,-1,-1,0,0,0,4,1,1,0,0,1,1,E01001748,29-08-2018,1,1,2,1,60,9,3,0,0,0,3,-1,11,1
5214,94.21785816,26.75961591,1,2,2,1,7,21:51,4,E09000012,6,0,6,30,3,4,4,104,0,0,4,1,1,0,0,1,1,E01001739,27-08-2018,1,1,1,2,52,8,3,0,0,0,0,-1,9,1
5215,94.18163348,26.75752898,1,3,1,1,4,15:15,4,E09000012,3,10,6,30,0,-1,-1,0,0,1,1,1,1,0,0,1,1,E01001830,31-08-2018,2,1,1,1,39,7,3,0,0,0,0,-1,4,1
5216,94.21504007,26.72405101,1,3,2,1,5,12:20,4,E09000012,6,0,3,50,8,4,3,10,0,0,1,1,1,0,0,1,1,E01001726,01-09-2018,1,1,1,1,25,5,3,0,0,0,0,-1,9,-1
5217,94.21227115,26.74555904,1,3,1,1,1,18:00,4,E09000012,3,10,6,30,0,-1,-1,0,0,0,1,1,1,0,0,1,1,E01001777,04-09-2018,4,1,1,2,31,6,3,0,0,0,0,-1,9,-1
5218,94.22571343,26.74531099,1,3,1,2,7,15:00,4,E09000012,5,0,6,30,3,4,6,0,0,0,1,1,1,0,0,1,2,E01001784,27-08-2018,1,1,1,1,21,5,3,0,0,0,0,-1,4,1
5219,94.23189671,26.73600231,1,2,1,1,2,19:17,4,E09000012,6,0,6,30,0,-1,-1,0,0,0,1,1,1,0,0,1,1,E01001818,01-08-2018,1,1,3,1,27,6,3,5,3,0,0,-1,0,-1
5220,94.18719334,26.719425,1,3,2,1,1,21:58,4,E09000012,3,10,6,30,3,4,5,0,0,0,4,1,1,0,0,1,1,E01001805,14-08-2018,1,1,2,2,34,6,3,0,0,1,0,-1,9,1
5221,94.22604467,26.74546002,1,3,1,1,6,18:42,4,E09000012,3,10,6,30,6,2,5,0,0,0,1,1,1,0,0,1,1,E01001771,12-08-2018,1,1,1,1,19,4,3,0,0,0,0,-1,9,1
5222,94.22398441,26.72486364,1,3,1,1,4,06:10,4,E09000012,4,113,6,30,3,4,4,113,0,0,1,1,1,0,0,1,1,E01001730,10-08-2018,1,1,3,2,28,6,3,5,1,0,0,-1,0,1
5223,94.17044117,26.73469752,1,3,2,1,2,00:30,4,E09000012,6,0,6,30,3,4,3,10,0,0,4,1,1,0,0,1,2,E01001743,29-08-2018,1,1,1,2,48,8,3,0,0,0,0,-1,1,1
5224,94.22711266,26.76556014,1,3,1,1,1,03:12,4,E09000012,6,0,2,30,3,4,3,1200,0,0,4,1,1,0,0,1,1,E01001778,07-08-2018,1,1,2,1,4,1,3,0,0,0,3,-1,11,1
5225,94.21903987,26.7587396,1,3,2,1,5,19:45,4,E09000012,6,0,6,30,3,4,6,0,0,0,1,1,1,0,0,1,2,E01001777,25-08-2018,1,1,3,2,47,8,3,5,1,0,0,-1,0,-1
5226,94.22168761,26.75047675,1,3,1,1,7,02:05,4,E09000012,3,12,6,30,0,-1,-1,0,0,0,4,1,1,0,0,1,1,E01001849,30-07-2018,2,1,1,2,-1,-1,3,0,0,0,0,-1,1,1
5227,94.21855257,26.74762803,1,3,2,1,5,12:15,4,E09000012,4,104,6,30,3,4,4,104,0,0,1,1,1,0,0,1,2,E01001806,01-09-2018,1,1,1,2,42,7,3,0,0,0,0,-1,9,-1
5228,94.20694618,26.73832827,1,3,2,1,1,02:40,4,E09000012,5,0,6,30,6,2,5,0,0,0,4,1,1,0,0,1,2,E01001833,21-08-2018,1,1,3,1,18,4,3,8,8,0,0,-1,0,1
5229,94.19639083,26.73480453,1,3,2,1,4,15:30,4,E09000012,3,104,6,30,6,2,3,107,0,5,1,1,1,0,0,1,2,E01001758,31-08-2018,2,1,1,1,25,5,3,0,0,0,0,-1,3,-1
5230,94.19456912,26.74416239,1,3,2,1,3,18:52,4,E09000012,3,107,6,30,3,4,6,0,0,0,1,1,1,0,0,1,1,E01001770,28-06-2018,1,1,1,1,46,8,3,0,0,0,0,-1,9,-1
5231,94.2003358,26.72471713,1,3,1,1,2,16:25,4,E09000012,5,0,6,30,7,4,5,0,0,0,1,1,1,0,0,1,1,E01001756,29-08-2018,1,1,1,1,23,5,3,0,0,0,0,-1,9,1
5232,94.17113941,26.74040794,1,3,2,1,6,10:50,4,E09000012,6,0,6,30,8,4,3,106,0,0,1,1,1,0,0,1,1,E01001840,02-09-2018,1,1,3,1,60,9,3,8,5,0,0,-1,0,-1
5233,94.2277429,26.72415533,1,3,2,1,1,13:10,4,E09000012,3,503,6,30,3,4,3,107,0,0,1,1,1,0,0,1,1,E01001811,18-09-2018,1,1,2,2,34,6,3,0,0,0,3,-1,11,-1
5234,94.20599542,26.76386884,1,3,2,1,6,13:58,4,E09000012,3,503,3,30,6,2,3,105,0,5,1,1,1,0,0,1,1,E01002002,09-09-2018,1,2,2,2,41,7,3,0,0,0,3,-1,11,1
5235,94.20157565,26.74171509,1,3,3,2,7,22:47,4,E09000012,3,503,6,30,0,-1,-1,0,0,0,4,1,1,0,0,1,1,E01002002,10-09-2018,1,3,2,2,35,6,3,0,0,0,3,-1,11,1
5236,94.18797862,26.74422586,1,3,2,1,7,16:55,4,E09000012,5,0,6,30,0,-1,-1,0,0,0,1,2,2,0,0,1,1,E01001758,10-09-2018,1,1,3,2,50,8,3,5,1,0,0,-1,0,1
5237,94.20040971,26.73419744,1,2,1,1,7,16:00,4,E09000012,3,5201,3,30,3,4,6,0,0,0,1,1,1,0,0,1,1,E01001780,20-08-2018,1,1,1,1,24,5,3,0,0,0,0,-1,3,-1
5238,94.22289933,26.76130192,1,3,2,1,6,13:15,4,E09000012,3,1202,6,30,6,2,3,1202,0,0,1,1,1,0,0,1,2,E01001771,02-09-2018,1,1,2,2,41,7,3,0,0,1,0,-1,9,1
5239,94.19850969,26.76863336,1,3,2,1,4,09:20,4,E09000012,5,0,6,30,3,4,5,0,0,0,1,1,1,0,0,1,2,E01001751,07-09-2018,2,1,1,1,38,7,3,0,0,0,0,-1,1,-1
5240,94.17776768,26.71991937,1,3,2,1,6,20:00,4,E09000012,4,102,6,30,0,-1,-1,0,0,0,4,1,1,0,0,1,2,E01001781,05-08-2018,1,1,3,1,25,5,3,6,9,0,0,-1,0,1
5241,94.18617661,26.7304988,1,3,2,1,5,11:45,4,E09000012,3,107,6,30,3,4,5,0,0,1,1,1,1,0,0,1,2,E01001728,04-08-2018,1,1,2,2,31,6,3,0,0,1,0,-1,9,1
5242,94.219958,26.73218065,1,3,2,1,6,17:10,4,E09000012,3,10,6,30,3,4,6,0,0,0,1,1,1,0,0,1,1,E01001771,16-09-2018,1,2,2,2,5,1,3,0,0,2,0,-1,9,1
5243,94.19071044,26.76537378,1,3,1,1,3,13:35,4,E09000012,4,112,6,30,0,-1,-1,0,0,0,1,1,1,0,0,1,1,E01001846,06-09-2018,1,1,3,1,15,3,3,4,2,0,0,-1,0,-1
5244,94.19721947,26.73157759,1,3,1,1,6,14:00,4,E09000012,3,104,6,30,3,4,6,0,0,0,1,1,1,0,0,1,1,E01001743,05-08-2018,1,1,1,1,45,7,3,0,0,0,0,-1,9,1
5245,94.22550341,26.76422204,1,3,2,1,4,15:40,4,E09000012,5,0,6,30,6,4,6,0,0,0,1,1,1,0,0,1,1,E01001724,31-08-2018,2,1,1,1,24,5,3,0,0,0,0,-1,3,-1
5246,94.21148109,26.76703207,1,3,1,1,4,13:45,4,E09000012,3,104,6,30,3,4,6,0,0,0,1,1,1,0,0,1,1,E01001743,14-09-2018,2,1,2,2,32,6,2,0,0,1,0,-1,9,1
5247,94.21826844,26.72025991,1,3,2,1,6,08:50,4,E09000012,3,1200,6,30,0,-1,-1,0,0,0,1,1,1,0,0,1,2,E01001783,02-09-2018,1,1,1,1,25,5,3,0,0,0,0,-1,5,1
5248,94.20287014,26.74809805,1,3,2,1,4,17:05,4,E09000012,5,0,6,30,6,4,6,0,0,0,1,2,2,0,0,1,1,E01001733,24-08-2018,1,1,1,1,17,4,3,0,0,0,0,-1,3,1
5249,94.19175309,26.72284518,1,3,5,2,6,01:05,4,E09000012,3,5201,3,30,6,2,3,5201,0,5,4,1,1,0,0,1,1,E01001771,19-08-2018,1,1,1,1,34,6,3,0,0,0,0,-1,3,1
5250,94.20656326,26.72003174,1,3,1,1,5,13:00,4,E09000012,3,1202,6,30,3,4,5,0,0,0,1,1,1,0,0,1,1,E01001771,08-09-2018,2,1,1,1,39,7,3,0,0,0,0,-1,4,1
5251,94.23100814,26.76765368,1,2,1,1,5,22:00,3,E09000019,3,501,6,30,3,2,4,144,0,5,1,1,1,0,0,1,1,E01002701,08-09-2018,1,1,1,1,46,8,3,0,0,0,0,-1,5,1
5252,94.17683875,26.76315966,1,3,2,1,3,18:05,4,E09000012,4,112,6,30,3,2,5,0,0,0,1,1,1,0,0,1,1,E01001846,23-08-2018,1,2,2,2,27,6,3,0,0,0,0,-1,5,1
5253,94.19059075,26.76735426,1,3,2,1,1,16:15,4,E09000012,3,107,6,30,0,-1,-1,0,0,0,1,1,1,0,0,1,1,E01001760,04-09-2018,1,1,1,2,22,5,3,0,0,0,0,-1,3,1
5254,94.21874243,26.73808814,1,2,2,1,3,18:30,4,E09000012,4,108,6,30,0,-1,-1,0,0,0,1,1,1,0,0,1,1,E01001774,30-08-2018,1,1,1,1,22,5,3,0,0,0,0,-1,3,1
5255,94.16672811,26.74430683,1,3,2,1,6,15:26,4,E09000012,6,0,6,30,3,4,3,10,0,0,1,1,1,0,0,1,1,E01001756,09-09-2018,1,1,1,2,45,7,3,0,0,0,0,-1,9,1
5256,94.1796771,26.72485808,1,3,1,1,1,11:50,4,E09000012,3,107,6,30,3,2,6,0,0,5,1,1,1,0,0,1,1,E01001734,18-09-2018,1,1,3,1,67,10,3,9,5,0,0,-1,0,-1
5257,94.2233439,26.74211599,1,2,4,1,6,23:30,4,E09000012,6,0,6,30,3,4,4,113,0,0,4,1,1,0,0,1,1,E01001730,23-09-2018,1,1,1,2,26,6,2,0,0,0,0,-1,1,3
5258,94.23008966,26.7270465,1,3,2,1,4,15:47,4,E09000012,6,0,6,30,3,4,4,108,0,0,1,1,1,0,0,1,1,E01001774,21-09-2018,1,1,3,1,37,7,2,5,1,0,0,-1,0,1