Accident_Index,longitude,latitude,Police_Force,Accident_Severity,Number_of_Vehicles,Number_of_Casualties,Day_of_Week,Time,Local_Authority_(District),Local_Authority_(Highway),1st_Road_Class,1st_Road_Number,Road_Type,Speed_limit,Junction_Detail,Junction_Control,2nd_Road_Class,2nd_Road_Number,Pedestrian_Crossing-Human_Control,Pedestrian_Crossing-Physical_Facilities,Light_Conditions,Weather_Conditions,Road_Surface_Conditions,Special_Conditions_at_Site,Carriageway_Hazards,Urban_or_Rural_Area,Did_Police_Officer_Attend_Scene_of_Accident,LSOA_of_Accident_Location,Date,Vehicle_Reference,Casualty_Reference,Casualty_Class,Sex_of_Casualty,Age_of_Casualty,Age_Band_of_Casualty,Casualty_Severity,Pedestrian_Location,Pedestrian_Movement,Car_Passenger,Bus_or_Coach_Passenger,Pedestrian_Road_Maintenance_Worker,Casualty_Type,Casualty_Home_Area_Type
5259,94.20060849,26.72810253,1,2,2,1,6,13:45,4,E09000012,6,0,6,30,3,4,3,10,0,0,1,2,2,0,0,1,1,E01001800,23-09-2018,1,2,1,1,28,6,2,0,0,0,0,-1,4,-1
5260,94.22281371,26.71933954,1,3,1,1,2,21:30,3,E09000019,3,501,6,30,3,4,6,0,0,0,1,1,1,0,0,1,1,E01002704,19-09-2018,1,1,1,1,41,7,3,0,0,0,0,-1,20,1
5261,94.20312628,26.73112943,1,3,1,1,3,14:52,4,E09000012,6,0,6,30,3,4,4,113,0,1,1,1,1,0,0,1,1,E01001731,27-09-2018,2,2,1,1,40,7,3,0,0,0,0,-1,9,1
5262,94.21339313,26.74506441,1,2,2,2,6,13:53,4,E09000012,3,10,6,30,3,4,3,10,0,0,1,2,2,0,0,1,1,E01001743,23-09-2018,1,1,2,2,60,9,3,0,0,0,4,-1,11,-1
5263,94.21212627,26.73710338,1,3,2,1,5,09:40,4,E09000012,6,0,6,30,3,4,3,107,0,0,1,1,1,0,0,1,1,E01001767,29-09-2018,1,1,1,1,38,7,3,0,0,0,0,-1,9,1
5264,94.21912349,26.73070644,1,3,2,1,3,13:00,4,E09000012,3,503,6,30,0,-1,-1,0,0,0,1,1,1,0,0,1,2,E01001811,30-08-2018,1,2,2,1,35,6,3,0,0,1,0,-1,9,-1
5265,94.20827574,26.73087278,1,3,2,1,3,17:38,4,E09000012,3,10,6,30,3,4,6,0,0,0,1,1,1,0,0,1,1,E01001800,20-09-2018,1,1,3,1,17,4,2,5,1,0,0,-1,0,1
5266,94.19712027,26.71908291,1,3,3,1,7,13:00,4,E09000012,6,0,6,30,3,4,3,10,0,0,1,1,1,0,0,1,1,E01001743,17-09-2018,1,1,1,1,34,6,3,0,0,0,0,-1,9,1
5267,94.2243628,26.72837916,1,3,3,1,5,10:25,3,E09000019,3,501,6,30,3,2,4,144,0,5,1,8,2,0,0,1,1,E01002702,28-07-2018,1,1,3,2,11,3,3,5,2,0,0,-1,0,1
5268,94.19904151,26.74632857,1,2,2,1,7,13:46,4,E09000012,4,112,6,30,0,-1,-1,0,0,0,1,1,1,0,0,1,1,E01001847,24-09-2018,1,1,2,1,4,1,3,0,0,1,0,-1,9,1
5269,94.18589413,26.74438356,1,3,1,1,7,05:45,4,E09000012,6,0,6,30,0,-1,-1,0,0,0,4,1,1,0,0,1,2,E01001787,24-09-2018,1,1,1,2,37,7,3,0,0,0,0,-1,1,1
5270,94.21897822,26.7598697,1,3,1,1,3,14:58,4,E09000012,5,0,6,30,0,-1,-1,0,0,1,1,1,1,0,0,1,1,E01001804,27-09-2018,1,1,1,2,39,7,3,0,0,0,0,-1,9,1
5271,94.17244476,26.76963708,1,3,2,2,2,16:33,4,E09000012,3,10,6,30,0,-1,-1,0,0,0,1,1,1,0,0,1,1,E01001755,19-09-2018,1,1,1,1,34,6,3,0,0,0,0,-1,9,1
5272,94.19233752,26.76698343,1,3,2,1,4,14:26,4,E09000012,3,106,6,30,3,4,6,0,0,0,1,1,1,0,0,1,1,E01001844,20-07-2018,1,1,1,1,28,6,3,0,0,0,0,-1,9,1
5273,94.18198477,26.73607702,1,3,2,1,6,20:05,4,E09000012,5,0,6,30,0,-1,-1,0,0,0,4,1,1,0,0,1,1,E01001750,15-07-2018,1,2,2,1,-1,-1,3,0,0,2,0,-1,9,1
5274,94.22040418,26.75249527,1,3,2,1,2,18:55,4,E09000012,5,0,6,30,3,4,6,0,0,0,4,1,1,0,0,1,2,E01001729,26-09-2018,1,3,2,1,-1,-1,3,0,0,2,0,-1,9,1
5275,94.18231421,26.76154796,1,3,2,1,7,09:15,4,E09000012,5,0,3,50,6,2,3,10,0,5,1,1,1,0,0,1,1,E01001750,01-10-2018,1,1,3,1,27,6,3,5,3,0,0,-1,0,1
5276,94.21979615,26.74272986,1,3,2,1,7,10:30,4,E09000012,3,107,6,30,3,2,5,0,0,5,1,1,1,0,0,1,1,E01001731,17-09-2018,1,1,1,1,40,7,3,0,0,0,0,-1,9,-1
5277,94.18139111,26.74134595,1,3,1,1,4,08:53,4,E09000012,3,503,6,30,3,4,6,0,0,0,1,1,1,0,0,1,1,E01001716,28-09-2018,1,1,1,1,33,6,3,0,0,0,0,-1,2,1
5278,94.18747878,26.74116337,1,3,2,1,5,21:00,4,E09000012,3,10,6,30,6,2,5,0,0,5,4,1,1,0,0,1,1,E01001771,29-09-2018,1,1,2,2,35,6,3,0,0,1,0,-1,9,1
5279,94.21381204,26.73568659,1,3,1,1,1,11:30,4,E09000012,3,10,6,30,3,4,5,0,0,0,1,1,1,0,0,1,1,E01001832,02-10-2018,2,1,1,1,35,6,2,0,0,0,0,-1,5,1
5280,94.16693983,26.76740455,1,3,2,1,6,10:27,4,E09000012,3,503,6,30,3,4,5,0,0,0,1,1,2,0,0,1,1,E01002002,30-09-2018,1,1,3,1,29,6,3,5,1,0,0,-1,0,-1
5281,94.18580417,26.73169281,1,3,2,1,2,22:30,3,E09000019,3,501,6,30,8,4,3,501,0,0,4,1,1,0,0,1,1,E01002702,26-09-2018,1,1,3,1,41,7,3,5,3,0,0,-1,0,1
5282,94.21776101,26.7676523,1,3,2,1,1,20:34,31,E09000014,3,10,6,30,3,4,6,0,0,0,4,1,1,0,0,1,2,E01002055,11-09-2018,1,1,1,1,47,8,3,0,0,0,0,-1,9,1
5283,94.23122365,26.76840702,1,2,2,1,7,10:10,4,E09000012,3,10,6,30,3,4,6,0,0,0,1,1,1,0,0,1,1,E01001830,24-09-2018,1,1,1,1,62,9,3,0,0,0,0,-1,9,1
5284,94.21764475,26.72305785,1,3,2,1,6,23:20,4,E09000012,3,10,3,30,0,-1,-1,0,0,0,4,1,1,0,0,1,2,E01001808,30-09-2018,1,1,3,1,37,7,3,6,9,0,0,-1,0,1
5285,94.17369248,26.76516207,1,3,2,1,4,20:20,4,E09000012,3,107,6,30,0,-1,-1,0,0,0,1,1,1,0,0,1,2,E01001826,28-09-2018,1,1,3,1,23,5,3,4,3,0,0,-1,0,-1
5286,94.18229476,26.72344891,1,3,1,1,7,16:30,4,E09000012,6,0,6,30,0,-1,-1,0,0,0,1,1,1,0,0,1,1,E01001755,08-10-2018,1,1,3,2,17,4,3,5,1,0,0,-1,0,-1
5287,94.16848465,26.74048383,1,3,2,1,3,12:20,4,E09000012,4,111,6,30,3,4,4,111,0,0,1,1,1,0,0,1,2,E01001769,23-08-2018,1,1,3,1,77,11,3,1,3,0,0,-1,0,1
5288,94.20094205,26.7686588,1,3,2,1,3,14:00,4,E09000012,3,10,6,30,0,-1,-1,0,0,0,1,1,1,0,0,1,1,E01001805,27-09-2018,1,1,1,1,35,6,3,0,0,0,0,-1,9,1
5289,94.1803716,26.71778725,1,3,1,1,4,09:50,3,E09000019,3,1200,6,30,3,4,6,0,0,0,1,1,1,0,0,1,1,E01002798,28-09-2018,2,1,1,1,30,6,3,0,0,0,0,-1,3,-1
5290,94.20416398,26.73876323,1,3,1,1,5,09:34,4,E09000012,3,104,6,30,0,-1,-1,0,0,0,1,1,1,0,0,1,1,E01001743,22-09-2018,1,1,2,2,73,10,3,0,0,0,3,-1,11,1
5291,94.22628949,26.73658289,1,3,1,1,7,15:15,4,E09000012,3,107,6,30,0,-1,-1,0,0,0,1,1,1,0,0,1,2,E01001818,01-10-2018,1,1,1,2,36,7,3,0,0,0,0,-1,9,1
5292,94.19107784,26.71991783,1,3,1,1,5,17:17,4,E09000012,4,112,6,30,0,-1,-1,0,0,0,1,1,1,0,0,1,1,E01001847,01-09-2018,1,1,1,1,33,6,3,0,0,0,0,-1,9,1
5293,94.18314231,26.75424632,1,3,2,1,4,13:00,5,E09000030,3,1208,6,30,0,-1,-1,0,0,0,1,1,1,0,0,1,1,E01004318,14-09-2018,1,1,1,1,51,8,3,0,0,0,0,-1,9,1
5294,94.16705649,26.73425187,1,3,1,1,6,14:40,4,E09000012,3,10,6,30,0,-1,-1,0,0,0,1,1,1,0,0,1,1,E01001755,23-09-2018,1,1,3,2,27,6,3,5,1,0,0,-1,0,1
5295,94.19994189,26.72944656,1,3,2,1,7,15:17,4,E09000012,3,107,6,30,3,4,6,0,0,0,1,1,1,0,0,1,1,E01001807,24-09-2018,2,1,1,2,22,5,3,0,0,0,0,-1,9,1
5296,94.18819161,26.75504868,1,3,2,2,7,03:45,4,E09000012,3,105,6,30,6,2,4,105,0,5,4,1,1,0,0,1,1,E01001719,24-09-2018,1,1,3,2,-1,-1,3,9,6,0,0,-1,0,-1
5297,94.18632816,26.74863335,1,3,2,1,4,07:40,4,E09000012,3,503,6,30,8,4,6,0,0,0,1,1,1,0,0,1,1,E01001716,28-09-2018,1,1,2,2,64,9,3,0,0,0,3,-1,11,1
5298,94.19807354,26.74145598,1,3,2,2,7,16:32,4,E09000012,5,0,6,30,3,4,5,0,0,0,1,1,1,0,0,1,1,E01001748,01-10-2018,1,1,2,2,29,6,3,0,0,0,4,-1,11,-1
5299,94.17069529,26.75483375,1,2,2,2,5,17:10,4,E09000012,4,108,6,30,6,2,5,0,0,5,1,1,1,0,0,1,1,E01001817,29-09-2018,1,1,1,1,40,7,3,0,0,0,0,-1,5,1
5300,94.18713041,26.75998051,1,3,2,1,4,17:10,4,E09000012,3,10,6,30,0,-1,-1,0,0,0,1,1,1,0,0,1,1,E01001754,05-10-2018,1,1,1,1,35,6,3,0,0,0,0,-1,2,1
5301,94.20567781,26.75722331,1,3,3,3,7,17:44,4,E09000012,3,104,6,30,0,-1,-1,0,0,0,1,1,1,0,0,1,1,E01001757,08-10-2018,1,1,2,1,20,4,3,0,0,1,0,-1,9,1
5302,94.2012367,26.7639894,1,3,2,1,2,13:08,4,E09000012,4,113,6,30,3,4,6,0,0,1,1,1,1,0,0,1,1,E01001735,03-10-2018,1,1,3,1,16,4,3,6,9,0,0,-1,0,-1
5303,94.17963842,26.74823796,1,3,2,1,7,21:00,4,E09000012,5,0,1,30,1,4,4,101,0,0,4,1,1,0,0,1,1,E01001778,08-10-2018,1,1,1,1,31,6,3,0,0,0,0,-1,1,1
5304,94.2308669,26.73222205,1,3,2,1,4,09:10,5,E09000030,3,107,6,30,3,4,6,0,0,0,1,1,1,0,0,1,1,E01004197,05-10-2018,1,1,1,2,41,7,3,0,0,0,0,-1,1,1
5305,94.19369162,26.72541789,1,3,1,1,3,09:56,4,E09000012,3,107,6,30,0,-1,-1,0,0,5,1,1,1,0,0,1,1,E01001808,11-10-2018,1,1,1,1,30,6,3,0,0,0,0,-1,4,1
5306,94.22885001,26.74995048,1,3,3,1,3,02:00,4,E09000012,3,106,6,30,3,4,6,0,0,0,4,1,1,0,0,1,1,E01001848,11-10-2018,1,1,1,2,42,7,3,0,0,0,0,-1,9,1
5307,94.1997632,26.73429422,1,3,2,2,3,17:55,4,E09000012,3,107,6,30,3,4,6,0,0,0,1,1,1,0,0,1,1,E01001824,11-10-2018,1,1,1,1,33,6,3,0,0,0,0,-1,3,1
5308,94.20173108,26.73628825,1,3,1,1,5,17:38,4,E09000012,5,0,6,30,3,2,3,102,0,0,1,1,1,0,0,1,1,E01001730,13-10-2018,1,1,2,2,31,6,3,0,0,0,3,-1,11,1
5309,94.22017588,26.76572252,1,3,2,1,5,12:30,4,E09000012,5,0,6,30,2,4,5,0,0,1,1,1,1,0,0,1,1,E01001756,13-10-2018,2,1,1,1,29,6,3,0,0,0,0,-1,3,1
5310,94.20593867,26.7422305,1,3,2,1,6,15:34,4,E09000012,3,107,6,30,3,4,5,0,0,5,1,1,1,0,0,1,1,E01001728,14-10-2018,1,1,3,1,14,3,3,4,1,0,0,-1,0,1
5311,94.21340085,26.73584053,1,3,2,1,7,11:49,4,E09000012,3,10,6,30,0,-1,-1,0,0,5,1,1,1,0,0,1,1,E01001800,15-10-2018,1,1,2,2,36,7,3,0,0,0,4,-1,11,1
5312,94.20955867,26.75104018,1,3,1,1,7,15:35,4,E09000012,6,0,6,30,3,4,6,0,0,0,1,1,1,0,0,1,1,E01001824,15-10-2018,1,1,3,1,4,1,3,5,1,0,0,-1,0,1
5313,94.21447063,26.74519059,1,3,2,1,6,18:00,4,E09000012,6,0,1,30,1,4,3,107,0,0,1,1,1,0,0,1,2,E01001770,14-10-2018,1,1,1,1,70,10,3,0,0,0,0,-1,9,1
5314,94.19207053,26.7584278,1,3,2,1,3,07:40,4,E09000012,3,107,6,30,0,-1,-1,0,0,5,1,1,1,0,0,1,2,E01001722,11-10-2018,1,1,2,2,62,9,3,0,0,0,3,-1,11,1
5315,94.21166342,26.72799428,1,3,2,1,7,13:30,4,E09000012,5,0,6,30,3,4,6,0,0,0,1,1,1,0,0,1,2,E01001838,25-06-2018,1,1,1,1,52,8,2,0,0,0,0,-1,1,1
5316,94.20222484,26.75213736,1,3,2,1,4,23:15,4,E09000012,4,113,6,30,3,2,5,0,0,5,4,2,2,0,0,1,2,E01001731,28-09-2018,1,1,1,1,23,5,3,0,0,0,0,-1,4,1
5317,94.22558986,26.74958624,1,3,1,1,4,18:00,4,E09000012,6,0,6,30,0,-1,-1,0,0,0,1,2,2,0,0,1,2,E01001837,12-10-2018,2,1,2,2,18,4,3,0,0,1,0,-1,9,1
5318,94.1800445,26.76922307,1,3,2,1,1,18:10,4,E09000012,4,112,6,30,0,-1,-1,0,0,0,1,1,1,0,0,1,1,E01001846,16-10-2018,1,1,3,2,11,3,3,4,1,0,0,-1,0,1
5319,94.17187429,26.75702919,1,3,2,1,5,16:20,4,E09000012,4,104,6,30,0,-1,-1,0,0,0,1,1,1,0,0,1,1,E01001829,20-10-2018,1,1,3,2,39,7,3,9,5,0,0,-1,0,-1
5320,94.23167051,26.76560978,1,3,2,1,1,16:08,4,E09000012,3,10,6,30,6,2,5,0,0,5,1,1,1,0,0,1,1,E01001755,16-10-2018,1,1,3,1,48,8,3,4,3,0,0,-1,0,1
5321,94.21419294,26.74337672,1,3,2,2,2,17:10,4,E09000012,6,0,6,30,6,4,6,0,0,0,1,1,1,0,0,1,1,E01001794,24-10-2018,1,1,1,2,36,7,3,0,0,0,0,-1,1,1
5322,94.20019294,26.7621671,1,3,2,1,7,18:30,4,E09000012,3,106,6,30,3,4,6,0,0,0,1,1,1,0,0,1,1,E01001837,15-10-2018,2,1,2,1,27,6,3,0,0,2,0,-1,8,1
5323,94.21008609,26.72347996,1,3,2,1,2,15:10,4,E09000012,6,0,6,30,3,2,4,113,0,5,1,1,1,0,0,1,2,E01001731,03-10-2018,1,1,3,2,50,8,3,4,1,0,0,-1,0,-1
5324,94.2272369,26.74024189,1,3,2,1,2,13:30,4,E09000012,5,0,6,30,6,4,4,102,0,0,1,1,1,0,0,1,1,E01001752,10-10-2018,1,1,1,1,51,8,3,0,0,0,0,-1,9,1
5325,94.21953647,26.7596049,1,3,2,1,7,23:30,4,E09000012,4,108,6,30,6,4,3,104,0,0,4,1,1,0,0,1,2,E01001744,22-10-2018,1,1,1,1,35,6,3,0,0,0,0,-1,1,1
5326,94.18709636,26.76531901,1,3,2,1,1,12:39,4,E09000012,6,0,6,30,3,4,6,0,0,0,1,1,1,0,0,1,1,E01001717,28-08-2018,1,2,2,1,28,6,3,0,0,1,0,-1,9,1
5327,94.21270724,26.72548688,1,3,2,1,6,19:30,4,E09000012,3,10,6,30,0,-1,-1,0,0,0,1,1,1,0,0,1,2,E01001747,30-09-2018,1,3,2,2,59,9,3,0,0,2,0,-1,9,1
5328,94.21573658,26.75564688,1,3,2,1,6,15:30,4,E09000012,6,0,6,30,3,4,4,108,0,0,1,1,1,0,0,1,2,E01001744,21-10-2018,2,1,2,2,24,5,3,0,0,1,0,-1,9,1
5329,94.17849865,26.72089499,1,3,2,1,4,10:00,4,E09000012,3,107,6,30,3,4,3,107,0,0,1,1,1,0,0,1,2,E01001818,12-10-2018,2,1,2,2,45,7,3,0,0,0,4,-1,11,1
5330,94.18308763,26.754385,1,3,3,1,6,08:10,4,E09000012,3,107,6,30,0,-1,-1,0,0,0,1,2,2,0,0,1,2,E01001767,30-09-2018,2,2,1,1,25,5,3,0,0,0,0,-1,11,1
5331,94.17615825,26.73956316,1,2,2,1,7,20:49,4,E09000012,3,105,6,30,8,4,6,0,0,0,1,1,1,0,0,1,1,E01001813,04-06-2018,2,1,1,2,36,7,3,0,0,0,0,-1,3,1
5332,94.18708338,26.73459674,1,3,1,2,3,17:30,4,E09000012,3,1207,6,30,0,-1,-1,0,0,0,1,1,1,0,0,1,1,E01001760,25-10-2018,2,1,1,2,43,7,3,0,0,0,0,-1,9,1
5333,94.1697812,26.73185206,1,3,1,1,2,10:16,4,E09000012,3,107,6,30,3,4,6,0,0,5,1,1,1,0,0,1,1,E01001818,24-10-2018,1,1,1,1,39,7,3,0,0,0,0,-1,3,-1
5334,94.17707815,26.75840147,1,2,2,1,1,00:15,4,E09000012,6,0,6,30,0,-1,-1,0,0,0,4,2,2,0,0,1,1,E01001791,30-10-2018,1,2,1,1,35,6,3,0,0,0,0,-1,9,1
5335,94.18708581,26.76331756,1,3,2,2,6,00:55,4,E09000012,3,107,6,30,3,4,6,0,0,0,4,1,1,0,0,1,1,E01001826,21-10-2018,1,3,2,2,46,8,3,0,0,1,0,-1,9,-1
5336,94.21410105,26.76446852,1,3,2,1,5,02:45,4,E09000012,3,5201,6,30,0,-1,-1,0,0,0,4,1,1,0,0,1,1,E01001771,06-10-2018,2,1,2,2,24,5,3,0,0,2,0,-1,9,1
5337,94.19974259,26.75635695,1,3,2,1,3,22:21,4,E09000012,3,104,6,30,0,-1,-1,0,0,0,4,1,1,0,0,1,1,E01001756,18-10-2018,1,1,2,1,26,6,3,0,0,1,0,-1,9,1
5338,94.18962086,26.7312884,1,3,2,1,1,21:15,5,E09000030,3,1208,6,30,0,-1,-1,0,0,0,4,1,1,0,0,1,2,E01004318,30-10-2018,1,1,1,2,29,6,3,0,0,0,0,-1,1,1
5339,94.16768243,26.75851963,1,3,2,1,5,01:38,4,E09000012,3,10,6,30,3,2,3,10,0,0,4,1,1,0,0,1,1,E01001830,27-10-2018,1,1,1,2,44,7,3,0,0,0,0,-1,3,1
5340,94.16678865,26.74561142,1,3,2,1,7,20:00,4,E09000012,4,112,6,30,3,4,6,0,0,1,4,1,1,0,0,1,1,E01001847,01-10-2018,1,1,1,1,22,5,3,0,0,0,0,-1,3,-1
5341,94.1989177,26.73429303,1,3,2,1,5,07:39,4,E09000012,4,113,6,30,9,4,6,0,0,0,1,2,2,0,0,1,1,E01001730,13-10-2018,1,1,1,1,46,8,3,0,0,0,0,-1,9,1
5342,94.17468044,26.75516415,1,3,1,1,2,14:36,4,E09000012,3,107,6,30,3,4,6,0,0,0,1,1,1,0,0,1,1,E01001766,31-10-2018,2,1,2,2,61,9,3,0,0,1,0,-1,9,1
5343,94.16944516,26.73546833,1,3,2,1,2,21:25,4,E09000012,3,105,3,30,7,2,3,503,0,5,4,2,2,0,0,1,1,E01001714,31-10-2018,1,1,1,2,30,6,3,0,0,0,0,-1,9,1
5344,94.20112803,26.75210729,1,3,2,1,5,20:19,3,E09000019,5,0,6,30,6,2,5,0,0,0,4,1,1,0,0,1,1,E01001747,03-11-2018,1,1,1,1,26,6,2,0,0,0,0,-1,5,1
5345,94.16729895,26.7380337,1,3,2,1,3,18:20,4,E09000012,6,0,6,30,3,4,6,0,0,0,4,4,1,0,0,1,1,E01001731,25-10-2018,2,1,1,2,9,2,3,0,0,0,0,-1,1,1
5346,94.22407482,26.7292881,1,3,1,1,6,15:10,4,E09000012,5,0,6,30,0,-1,-1,0,0,0,1,1,1,0,0,1,1,E01001748,21-10-2018,1,1,3,1,-1,-1,3,5,1,0,0,-1,0,-1
5347,94.20401478,26.75659405,1,3,1,1,7,11:00,4,E09000012,3,10,6,30,3,4,6,0,0,0,1,1,1,0,0,1,1,E01001743,05-11-2018,1,1,3,2,70,10,3,5,3,0,0,-1,0,-1
5348,94.20753575,26.7460966,1,3,1,1,6,17:43,4,E09000012,5,0,6,30,3,4,3,10,0,0,1,1,1,0,0,1,1,E01001743,28-10-2018,1,1,3,1,23,5,3,5,2,0,0,-1,0,1
5349,94.21074824,26.75586469,1,3,1,1,4,16:38,4,E09000012,4,104,6,30,0,-1,-1,0,0,1,1,1,1,0,0,1,1,E01001829,26-10-2018,1,1,1,1,17,4,3,0,0,0,0,-1,1,1
5350,94.2246732,26.74560895,1,3,2,1,4,06:30,4,E09000012,3,106,6,30,6,4,6,0,0,1,4,1,1,0,0,1,1,E01001836,19-10-2018,1,1,1,2,31,6,3,0,0,0,0,-1,1,1
5351,94.22223356,26.74492139,1,3,2,1,5,07:55,4,E09000012,6,0,6,30,8,4,3,104,0,0,1,1,1,0,0,1,2,E01001761,27-10-2018,1,1,2,2,55,8,3,0,0,0,4,-1,11,1
5352,94.22573893,26.75844587,1,3,1,1,4,15:54,4,E09000012,6,0,6,30,0,-1,-1,0,0,0,1,2,2,0,0,1,1,E01001814,12-10-2018,1,1,1,1,29,6,3,0,0,0,0,-1,9,1
5353,94.19405056,26.76213084,1,2,2,1,2,10:00,4,E09000012,3,105,6,30,3,4,3,105,0,0,1,1,1,0,0,1,1,E01002743,24-10-2018,2,1,1,1,28,6,3,0,0,0,0,-1,1,1
5354,94.22255009,26.7558114,1,3,1,1,7,00:40,4,E09000012,3,104,6,30,3,4,6,0,0,0,4,1,1,0,0,1,1,E01001743,15-10-2018,1,1,1,2,19,4,3,0,0,0,0,-1,9,1
5355,94.17317062,26.75769737,1,3,3,2,6,20:05,4,E09000012,4,102,6,30,0,-1,-1,0,0,1,4,1,1,0,0,1,1,E01002718,04-11-2018,2,1,1,1,25,5,3,0,0,0,0,-1,9,1
5356,94.20987125,26.74449375,1,3,1,1,5,17:21,4,E09000012,6,0,6,30,3,4,3,107,0,0,1,1,1,0,0,1,1,E01001760,20-10-2018,1,1,1,1,30,6,3,0,0,0,0,-1,9,1
5357,94.17662274,26.75068368,1,3,2,1,6,08:00,4,E09000012,4,108,6,30,6,2,5,0,0,5,1,1,1,0,0,1,1,E01001774,04-11-2018,5,2,2,2,44,7,3,0,0,1,0,-1,9,1
5358,94.17618318,26.75963704,1,2,2,1,6,18:18,4,E09000012,6,0,6,30,8,4,3,107,0,0,4,1,1,0,0,1,1,E01001722,21-10-2018,2,1,1,1,48,8,3,0,0,0,0,-1,9,1
5359,94.23036872,26.74165216,1,3,1,1,5,14:30,4,E09000012,3,10,3,40,3,2,3,10,0,5,1,1,1,0,0,1,1,E01001756,27-10-2018,1,1,1,1,41,7,3,0,0,0,0,-1,3,1
5360,94.19628698,26.76759158,1,3,1,1,4,12:10,4,E09000012,3,12,3,40,0,-1,-1,0,0,0,1,1,1,0,0,1,1,E01001848,02-11-2018,1,1,1,2,30,6,3,0,0,0,0,-1,9,1
5361,94.21899924,26.75704436,1,3,1,1,3,17:25,4,E09000012,3,5201,3,30,6,4,4,101,0,0,1,1,1,0,0,1,1,E01001780,01-11-2018,2,2,1,2,-1,-1,3,0,0,0,0,-1,9,1
5362,94.1850183,26.72451954,1,3,2,1,7,19:55,4,E09000012,5,0,3,40,6,2,3,1202,0,5,4,1,1,0,0,1,1,E01001771,29-10-2018,1,1,2,2,47,8,3,0,0,0,3,-1,11,-1
5363,94.20636017,26.76614555,1,3,2,1,4,12:54,13,E09000031,3,104,6,30,3,2,6,0,0,5,1,1,1,0,0,1,1,E01004422,07-09-2018,1,1,3,1,18,4,2,4,1,0,0,-1,0,1
5364,94.20651182,26.72652245,1,3,1,1,3,06:20,4,E09000012,3,107,6,30,3,4,6,0,0,0,4,1,1,0,0,1,1,E01001722,01-11-2018,1,2,2,2,27,6,3,0,0,0,0,-1,2,1
5365,94.21581975,26.76856001,1,3,2,1,7,14:40,4,E09000012,3,10,6,30,0,-1,-1,0,0,0,1,1,1,0,0,1,1,E01001776,22-10-2018,1,1,2,2,-1,-1,3,0,0,0,4,-1,11,1
5366,94.20870015,26.74658148,1,3,2,1,2,08:10,4,E09000012,6,0,6,30,3,4,3,10,0,0,1,1,1,0,0,1,2,E01001747,24-10-2018,1,1,3,2,21,5,3,5,1,0,0,-1,0,1
5367,94.20656223,26.75135522,1,3,1,1,6,12:00,4,E09000012,3,107,6,30,3,4,5,0,0,1,1,1,1,0,0,1,1,E01001734,02-09-2018,1,1,3,1,32,6,3,9,5,0,0,-1,0,1
5368,94.22225664,26.74373258,1,3,2,1,4,09:29,4,E09000012,5,0,6,30,3,4,6,0,0,0,1,1,1,0,0,1,1,E01001850,19-10-2018,1,1,3,2,14,3,3,5,1,0,0,-1,0,1
5369,94.17370148,26.74162368,1,3,2,1,2,07:10,4,E09000012,6,0,6,30,3,4,3,107,0,0,1,1,1,0,0,1,2,E01001818,31-10-2018,1,1,3,1,36,7,3,5,1,0,0,-1,0,1
5370,94.19822602,26.73710931,1,3,2,1,2,09:15,4,E09000012,3,107,6,30,3,4,5,0,0,0,1,1,1,0,0,1,2,E01001734,31-10-2018,1,1,2,1,37,7,3,0,0,1,0,-1,9,-1
5371,94.23184751,26.7308149,1,3,1,1,7,06:55,4,E09000012,3,503,6,30,3,2,6,0,0,5,1,1,1,0,0,1,1,E01001718,12-11-2018,1,1,3,1,48,8,3,4,1,0,0,-1,0,1
5372,94.21893944,26.73652413,1,3,2,1,3,17:20,4,E09000012,6,0,6,30,3,4,3,10,0,0,4,1,1,0,0,1,1,E01001830,08-11-2018,1,1,1,1,63,9,3,0,0,0,0,-1,9,1
5373,94.21712626,26.76100446,1,3,1,1,6,16:43,4,E09000012,3,107,6,30,3,4,3,107,0,1,4,1,1,0,0,1,1,E01001760,11-11-2018,2,2,2,2,-1,-1,3,0,0,1,0,-1,9,-1
5374,94.20503363,26.73930899,1,2,1,1,2,18:26,4,E09000012,3,1207,6,30,0,-1,-1,0,0,0,4,1,1,0,0,1,1,E01001760,14-11-2018,1,1,3,2,57,9,3,5,3,0,0,-1,0,1
5375,94.20048608,26.76102978,1,3,2,1,2,19:35,4,E09000012,6,0,6,30,3,4,3,10,0,1,4,1,1,0,0,1,1,E01001747,07-11-2018,2,1,1,1,20,4,3,0,0,0,0,-1,2,-1
5376,94.19568946,26.7301725,1,3,1,1,3,09:48,4,E09000012,3,105,6,30,0,-1,-1,0,0,0,1,1,1,0,0,1,1,E01002002,08-11-2018,1,1,1,1,28,6,3,0,0,0,0,-1,1,1
5377,94.21690593,26.74884593,1,3,2,1,6,12:01,4,E09000012,3,107,6,30,3,2,3,106,0,5,1,1,1,0,0,1,2,E01001839,11-11-2018,1,1,1,1,31,6,3,0,0,0,0,-1,1,1
5378,94.19938805,26.72045305,1,2,2,1,4,17:35,4,E09000012,3,1207,6,30,0,-1,-1,0,0,0,4,2,2,0,0,1,1,E01001760,02-11-2018,1,1,1,1,35,6,3,0,0,0,0,-1,5,1
5379,94.18755609,26.76568909,1,3,2,1,2,17:24,4,E09000012,4,108,6,30,3,4,3,104,0,5,4,1,1,0,0,1,1,E01001748,14-11-2018,1,1,1,1,33,6,3,0,0,0,0,-1,9,1
5380,94.222827,26.74257912,1,3,1,1,4,08:32,4,E09000012,6,0,6,30,3,4,3,104,0,0,1,1,1,0,0,1,1,E01001743,09-11-2018,1,1,1,1,19,4,3,0,0,0,0,-1,9,1
5381,94.21618362,26.74022556,1,3,3,1,4,09:05,4,E09000012,5,0,6,30,3,4,6,0,0,0,1,1,1,4,0,1,1,E01001729,12-10-2018,1,2,2,1,-1,-1,3,0,0,1,0,-1,9,-1