Accident_Index,longitude,latitude,Police_Force,Accident_Severity,Number_of_Vehicles,Number_of_Casualties,Day_of_Week,Time,Local_Authority_(District),Local_Authority_(Highway),1st_Road_Class,1st_Road_Number,Road_Type,Speed_limit,Junction_Detail,Junction_Control,2nd_Road_Class,2nd_Road_Number,Pedestrian_Crossing-Human_Control,Pedestrian_Crossing-Physical_Facilities,Light_Conditions,Weather_Conditions,Road_Surface_Conditions,Special_Conditions_at_Site,Carriageway_Hazards,Urban_or_Rural_Area,Did_Police_Officer_Attend_Scene_of_Accident,LSOA_of_Accident_Location,Date,Vehicle_Reference,Casualty_Reference,Casualty_Class,Sex_of_Casualty,Age_of_Casualty,Age_Band_of_Casualty,Casualty_Severity,Pedestrian_Location,Pedestrian_Movement,Car_Passenger,Bus_or_Coach_Passenger,Pedestrian_Road_Maintenance_Worker,Casualty_Type,Casualty_Home_Area_Type
5382,94.19816203,26.72705371,1,2,1,1,3,07:49,4,E09000012,3,107,6,30,3,4,6,0,0,1,1,1,1,0,0,1,1,E01001727,27-09-2018,1,3,2,1,-1,-1,3,0,0,2,0,-1,9,-1
5383,94.22947433,26.74878542,1,3,1,1,5,01:55,4,E09000012,3,1202,2,30,3,2,5,0,0,5,4,1,1,0,0,1,1,E01001771,07-07-2018,1,1,1,1,48,8,3,0,0,0,0,-1,5,1
5384,94.16979237,26.7352733,1,3,2,1,6,21:30,4,E09000012,5,0,6,30,0,-1,-1,0,0,0,4,1,1,0,0,1,1,E01001796,11-11-2018,1,1,1,1,29,6,3,0,0,0,0,-1,9,1
5385,94.21506194,26.7273907,1,3,2,1,5,15:59,4,E09000012,3,107,6,30,3,4,6,0,0,0,1,1,1,0,0,1,2,E01001824,27-10-2018,1,1,1,2,27,6,3,0,0,0,0,-1,1,1
5386,94.21047133,26.75317822,1,3,2,1,2,16:30,4,E09000012,3,10,6,30,3,4,6,0,0,0,1,1,1,0,0,1,2,E01001830,03-10-2018,1,1,1,1,24,5,3,0,0,0,0,-1,5,1
5387,94.22269484,26.74707627,1,3,2,1,2,17:15,5,E09000030,3,1208,6,30,6,2,4,108,0,5,4,1,1,0,0,1,1,E01004318,07-11-2018,1,1,1,1,41,7,3,0,0,0,0,-1,9,1
5388,94.22086714,26.75447145,1,3,2,1,6,16:15,4,E09000012,3,10,6,30,8,4,6,0,0,0,1,1,1,0,0,1,1,E01001834,16-09-2018,1,1,1,1,25,5,3,0,0,0,0,-1,5,1
5389,94.1824274,26.76148367,1,3,2,1,1,11:55,4,E09000012,6,0,6,30,3,4,3,10,0,0,1,2,2,0,0,1,1,E01001834,06-11-2018,2,1,1,1,31,6,3,0,0,0,0,-1,1,1
5390,94.228822,26.74562894,1,3,1,1,2,08:30,4,E09000012,3,5201,6,30,6,2,3,10,0,5,1,1,1,0,3,1,1,E01001771,24-10-2018,2,1,1,1,38,7,3,0,0,0,0,-1,1,-1
5391,94.22920192,26.73961096,1,3,2,1,1,12:29,4,E09000012,3,106,3,50,7,2,4,113,0,5,1,1,1,0,0,1,2,E01001848,13-11-2018,2,1,1,1,12,3,3,0,0,0,0,-1,1,-1
5392,94.17775962,26.75731547,1,2,1,1,4,09:30,4,E09000012,3,503,6,30,3,4,3,105,0,5,1,1,1,0,0,1,1,E01001721,02-11-2018,1,1,3,2,7,2,3,5,1,0,0,-1,0,-1
5393,94.21864186,26.76536073,1,3,2,2,1,12:10,4,E09000012,5,0,6,30,3,2,3,104,0,5,1,1,1,0,0,1,1,E01001797,13-11-2018,1,1,1,1,49,8,3,0,0,0,0,-1,9,1
5394,94.21874615,26.73338785,1,3,2,1,7,12:00,4,E09000012,4,108,6,30,6,4,5,0,0,1,1,1,1,0,0,1,1,E01001819,12-11-2018,1,1,1,1,29,6,3,0,0,0,0,-1,1,1
5395,94.19835268,26.75836286,1,3,2,1,5,18:40,4,E09000012,5,0,6,30,0,-1,-1,0,0,0,4,1,1,0,0,1,2,E01001831,10-11-2018,1,1,3,1,24,5,3,5,3,0,0,-1,0,1
5396,94.17477431,26.73904554,1,3,2,1,6,08:50,4,E09000012,6,0,6,30,3,4,3,1208,0,0,1,1,1,0,0,1,2,E01001771,04-11-2018,1,1,1,1,28,6,3,0,0,0,0,-1,1,1
5397,94.22113207,26.76935383,1,3,2,1,3,09:42,4,E09000012,3,107,6,30,3,4,6,0,0,0,1,1,1,0,0,1,2,E01001807,15-11-2018,1,1,1,2,23,5,3,0,0,0,0,-1,3,1
5398,94.16943175,26.74541264,1,3,2,1,4,11:20,4,E09000012,3,10,6,30,3,4,6,0,0,0,1,1,1,0,0,1,2,E01001814,02-11-2018,2,1,1,1,30,6,3,0,0,0,0,-1,1,-1
5399,94.19899205,26.73275039,1,2,2,1,3,18:02,4,E09000012,3,503,6,30,6,2,3,503,0,5,4,1,1,0,0,1,1,E01001721,15-11-2018,1,1,3,1,58,9,3,1,1,0,0,-1,0,1
5400,94.17324617,26.72752114,1,3,1,1,2,08:13,4,E09000012,5,0,6,30,6,4,3,104,0,5,1,1,1,0,0,1,1,E01001758,21-11-2018,1,1,3,2,29,6,3,9,6,0,0,-1,0,1
5401,94.21203977,26.74253579,1,2,1,1,3,15:45,4,E09000012,3,107,6,30,0,-1,-1,0,0,0,1,1,1,0,0,1,1,E01001811,15-11-2018,1,1,1,2,48,8,3,0,0,0,0,-1,9,1
5402,94.22907067,26.75436189,1,3,2,1,7,17:45,4,E09000012,3,107,6,30,3,4,6,0,0,0,1,1,1,0,0,1,1,E01001767,15-10-2018,1,1,1,1,42,7,3,0,0,0,0,-1,9,-1
5403,94.1813307,26.72707569,1,3,1,1,6,01:54,4,E09000012,5,0,6,30,3,4,6,0,0,0,4,1,1,0,0,1,1,E01001782,16-09-2018,1,1,3,2,23,5,3,5,1,0,0,-1,0,-1
5404,94.16979657,26.72103737,1,3,2,1,3,01:38,4,E09000012,3,10,3,30,3,2,5,0,0,5,4,7,4,0,0,1,1,E01001808,22-11-2018,1,1,1,1,44,7,3,0,0,0,0,-1,9,1
5405,94.18857795,26.7600769,1,3,1,1,3,14:00,4,E09000012,5,0,6,30,3,4,6,0,0,1,1,1,1,0,0,1,1,E01001796,15-11-2018,1,1,1,1,25,5,3,0,0,0,0,-1,9,1
5406,94.21233512,26.71979337,1,3,2,2,1,03:55,4,E09000012,4,113,6,30,6,2,3,102,0,5,4,1,1,0,0,1,1,E01001848,20-11-2018,2,1,1,1,28,6,3,0,0,0,0,-1,1,1
5407,94.22145296,26.76548173,1,3,2,1,6,13:55,4,E09000012,5,0,6,30,3,2,3,10,0,5,1,1,1,0,0,1,1,E01001771,11-11-2018,2,1,1,1,23,5,3,0,0,0,0,-1,2,-1
5408,94.20188992,26.76098357,1,3,2,1,3,17:40,4,E09000012,4,112,6,30,3,4,6,0,0,0,4,1,1,0,0,1,1,E01001785,15-11-2018,1,1,1,1,32,6,3,0,0,0,0,-1,3,1
5409,94.19328063,26.73074994,1,3,2,1,5,09:40,4,E09000012,3,10,6,30,6,2,3,10,0,5,1,2,2,0,0,1,1,E01001750,03-11-2018,1,1,1,2,31,6,3,0,0,0,0,-1,1,1
5410,94.20855514,26.72343393,1,3,2,2,6,14:20,4,E09000012,3,106,6,30,7,2,4,113,0,5,1,1,1,0,0,1,2,E01001848,18-11-2018,1,1,1,1,30,6,3,0,0,0,0,-1,3,1
5411,94.20448568,26.73743612,1,3,3,1,4,10:30,4,E09000012,3,5201,6,30,6,2,3,10,0,5,1,1,1,0,0,1,2,E01001771,09-11-2018,1,1,1,1,-1,-1,3,0,0,0,0,-1,9,1
5412,94.18818354,26.7495542,1,3,2,1,7,13:50,4,E09000012,3,503,3,30,3,4,3,107,0,1,1,1,1,0,0,1,1,E01001811,19-11-2018,1,1,3,1,3,1,3,5,1,0,0,-1,0,1
5413,94.17570208,26.72633275,1,3,2,1,5,21:35,3,E09000019,4,102,6,30,6,2,4,102,0,0,4,1,1,0,0,1,2,E01002718,17-11-2018,1,1,3,1,24,5,3,5,1,0,0,-1,0,1
5414,94.17604529,26.74645269,1,3,1,2,2,21:40,4,E09000012,3,5201,6,30,3,2,5,0,0,5,4,2,2,0,0,1,1,E01001771,21-11-2018,1,1,3,1,29,6,3,5,1,0,0,-1,0,1
5415,94.20014658,26.74001218,1,3,2,1,7,17:45,4,E09000012,3,106,3,40,8,4,6,0,0,0,4,1,1,0,0,1,1,E01001846,12-11-2018,1,1,2,2,19,4,3,0,0,1,0,-1,9,1
5416,94.19071933,26.72074488,1,3,1,1,2,09:55,4,E09000012,3,107,6,30,3,4,5,0,0,1,1,1,1,0,0,1,1,E01001734,21-11-2018,1,1,1,2,30,6,3,0,0,0,0,-1,2,1
5417,94.19818769,26.7350049,1,3,2,1,2,18:50,13,E09000031,6,0,6,30,3,4,3,104,0,0,4,1,1,0,0,1,2,E01004427,07-11-2018,1,1,3,1,55,8,3,1,1,0,0,-1,0,-1
5418,94.21981848,26.76106763,1,3,2,1,2,22:20,4,E09000012,3,107,6,30,3,2,3,107,0,5,4,1,1,0,0,1,2,E01001760,14-11-2018,1,1,2,2,27,6,3,0,0,2,0,-1,9,1
5419,94.22655137,26.74130271,1,3,2,1,7,00:30,4,E09000012,3,104,6,30,0,-1,-1,0,0,0,4,2,2,0,0,1,1,E01001766,26-11-2018,1,1,1,2,59,9,3,0,0,0,0,-1,1,-1
5420,94.18472135,26.75907077,1,3,2,1,2,19:57,4,E09000012,5,0,6,30,3,4,4,104,0,0,4,1,1,0,0,1,1,E01001741,28-11-2018,1,1,1,1,49,8,3,0,0,0,0,-1,9,1
5421,94.18314752,26.72945885,1,3,2,1,3,16:55,3,E09000019,5,0,6,30,6,2,5,0,0,0,4,2,2,0,0,1,2,E01002778,15-11-2018,2,1,1,2,25,5,3,0,0,0,0,-1,3,1
5422,94.22241026,26.72700542,1,3,1,1,3,15:10,4,E09000012,3,10,6,30,3,4,6,0,0,0,1,1,1,0,0,1,1,E01001743,22-11-2018,1,1,2,2,26,6,3,0,0,0,2,-1,11,1
5423,94.18150356,26.72718344,1,3,2,1,5,14:05,4,E09000012,5,0,6,30,6,4,5,0,0,0,1,1,1,0,0,1,2,E01001818,24-11-2018,1,1,1,2,52,8,3,0,0,0,0,-1,3,1
5424,94.2039994,26.7625528,1,3,2,1,7,08:45,4,E09000012,6,0,6,30,3,4,3,10,0,0,1,1,1,0,0,1,1,E01001800,19-11-2018,2,1,1,1,26,6,3,0,0,0,0,-1,3,1
5425,94.20474536,26.71972669,1,3,2,1,7,02:20,3,E09000019,3,5201,6,30,0,-1,-1,0,0,0,4,1,1,0,0,1,2,E01002705,05-11-2018,2,1,1,2,25,5,3,0,0,0,0,-1,1,1
5426,94.21668122,26.72124803,1,3,2,1,3,16:30,4,E09000012,3,102,6,30,3,4,6,0,0,0,4,1,1,0,0,1,2,E01001729,29-11-2018,1,1,1,2,52,8,3,0,0,0,0,-1,1,1
5427,94.22275461,26.73984615,1,3,2,2,2,10:39,4,E09000012,4,111,3,30,6,4,6,0,0,0,1,1,1,0,0,1,1,E01001768,05-12-2018,1,1,1,1,33,6,2,0,0,0,0,-1,3,1
5428,94.19225888,26.75454179,1,3,1,1,5,09:40,4,E09000012,3,107,6,30,0,-1,-1,0,0,0,1,1,1,0,0,1,2,E01001818,24-11-2018,1,1,1,1,38,7,3,0,0,0,0,-1,9,1
5429,94.21726879,26.71792085,1,3,1,1,5,15:40,4,E09000012,6,0,6,30,3,4,3,10,0,0,1,1,1,0,0,1,1,E01001834,10-11-2018,2,1,1,1,-1,-1,3,0,0,0,0,-1,9,-1
5430,94.1982493,26.74727234,1,3,1,1,2,13:06,4,E09000012,6,0,6,30,3,4,6,0,0,0,1,1,1,0,0,1,1,E01001748,05-12-2018,1,1,3,1,49,8,3,9,5,0,0,-1,0,-1
5431,94.19626339,26.73272754,1,3,2,1,6,18:45,4,E09000012,6,0,6,30,3,4,3,107,0,0,1,1,1,0,0,1,2,E01001760,25-11-2018,1,1,2,2,80,11,3,0,0,0,4,-1,11,-1
5432,94.21467394,26.75725995,1,3,2,1,3,22:45,4,E09000012,6,0,6,30,3,4,6,0,0,0,4,1,1,0,0,1,2,E01001825,29-11-2018,1,1,3,1,-1,-1,3,6,9,0,0,-1,0,-1
5433,94.18355653,26.74293691,1,2,1,1,3,23:29,4,E09000012,5,0,6,30,6,2,4,105,0,5,4,1,1,0,0,1,1,E01001801,25-10-2018,1,1,1,1,47,8,3,0,0,0,0,-1,3,1
5434,94.22078731,26.76266233,1,3,2,1,2,13:00,4,E09000012,5,0,6,30,3,2,3,503,0,5,1,1,1,0,0,1,1,E01001813,05-12-2018,1,1,2,2,36,7,3,0,0,0,3,-1,11,1
5435,94.18686094,26.76379712,1,3,2,1,6,09:35,4,E09000012,3,10,6,30,3,4,5,0,0,0,1,1,2,0,0,1,1,E01001830,02-12-2018,1,1,1,1,35,6,3,0,0,0,0,-1,3,-1
5436,94.19388439,26.74543132,1,3,2,2,1,03:08,4,E09000012,5,0,6,30,6,2,5,0,0,5,4,2,2,0,0,1,1,E01001745,20-11-2018,1,1,3,1,26,6,3,4,1,0,0,-1,0,1
5437,94.2313708,26.75529351,1,3,1,1,4,23:45,4,E09000012,3,105,2,30,1,4,3,105,0,4,4,1,1,0,0,1,1,E01002782,07-12-2018,2,1,1,1,33,6,3,0,0,0,0,-1,1,1
5438,94.20135332,26.73959699,1,3,2,2,6,12:37,4,E09000012,5,0,6,30,3,4,3,102,0,4,1,1,1,0,0,1,1,E01001733,09-12-2018,1,1,3,2,28,6,3,9,5,0,0,-1,0,1
5439,94.19216142,26.76089874,1,3,2,1,5,09:30,4,E09000012,3,107,6,30,8,4,6,0,0,0,1,1,1,0,0,1,2,E01001818,01-12-2018,1,2,3,1,29,6,3,9,5,0,0,-1,0,-1
5440,94.22682087,26.72324426,1,3,1,1,4,09:06,4,E09000012,4,113,6,30,3,4,6,0,0,0,1,1,1,0,0,1,1,E01001731,21-09-2018,1,1,3,2,20,4,3,10,9,0,0,-1,0,1
5441,94.20468949,26.75750431,1,3,2,1,3,08:40,4,E09000012,5,0,2,30,7,4,5,0,0,0,1,2,2,0,0,1,1,E01001795,13-12-2018,1,1,1,2,27,6,3,0,0,0,0,-1,9,1
5442,94.17777951,26.73875313,1,2,2,2,7,15:02,4,E09000012,3,1207,6,30,0,-1,-1,0,0,0,1,1,1,0,0,1,1,E01001749,10-12-2018,1,2,2,2,8,2,3,0,0,1,0,-1,9,1
5443,94.19990727,26.73230352,1,3,2,1,2,14:05,4,E09000012,6,0,6,30,6,4,6,0,0,1,1,1,1,0,0,1,2,E01001756,05-12-2018,1,1,1,1,34,6,3,0,0,0,0,-1,5,1
5444,94.18336221,26.76204957,1,3,3,1,2,13:00,4,E09000012,3,107,6,30,1,2,3,104,0,0,1,1,1,0,0,1,2,E01001770,05-12-2018,2,1,1,1,23,5,3,0,0,0,0,-1,1,-1
5445,94.21098336,26.73187033,1,3,2,1,2,08:00,4,E09000012,3,106,6,30,9,4,3,115,0,0,1,1,1,0,0,1,1,E01001849,28-11-2018,1,1,2,2,75,10,3,0,0,0,3,-1,11,-1
5446,94.16941345,26.74452494,1,2,1,1,1,01:45,4,E09000012,3,5201,6,30,0,-1,-1,0,0,0,4,1,1,0,0,1,1,E01002704,27-11-2018,1,1,1,1,57,9,3,0,0,0,0,-1,5,1
5447,94.21663942,26.73436152,1,3,1,1,2,11:15,4,E09000012,3,5201,6,30,3,4,6,0,0,1,1,1,1,0,0,1,1,E01002704,05-12-2018,1,1,3,2,20,4,3,5,2,0,0,-1,0,1
5448,94.20976071,26.763101,1,2,2,1,1,16:30,4,E09000012,4,108,6,30,9,4,6,0,0,1,4,1,2,0,0,1,1,E01001772,27-11-2018,1,1,2,2,-1,-1,3,0,0,0,1,-1,11,1
5449,94.21202628,26.76924964,1,3,2,1,5,09:30,4,E09000012,5,0,1,30,1,4,5,0,0,1,1,1,1,0,0,1,1,E01001754,15-12-2018,1,1,1,1,26,6,3,0,0,0,0,-1,9,1
5450,94.17393041,26.72238545,1,3,1,1,3,12:51,4,E09000012,3,5201,6,30,0,-1,-1,0,0,0,1,1,1,0,0,1,1,E01001771,13-12-2018,1,1,3,1,10,2,3,5,1,0,0,-1,0,-1
5451,94.16753044,26.75639301,1,2,1,1,4,09:10,4,E09000012,4,112,6,30,0,-1,-1,0,0,0,1,1,1,0,0,1,1,E01001786,30-11-2018,1,1,2,2,37,7,3,0,0,0,3,-1,11,-1
5452,94.18741506,26.76027592,1,3,1,1,6,01:23,3,E09000019,3,105,6,30,3,4,5,0,0,1,4,2,2,0,0,1,1,E01002741,02-12-2018,1,2,2,1,43,7,3,0,0,0,3,-1,11,1
5453,94.16714112,26.74872263,1,3,1,1,6,14:22,4,E09000012,3,10,6,30,0,-1,-1,0,0,0,1,1,1,0,0,1,1,E01001771,25-11-2018,2,1,3,1,33,6,3,6,9,0,0,-1,0,1
5454,94.19918484,26.76681522,1,3,2,1,3,08:59,4,E09000012,3,1202,6,30,0,-1,-1,0,0,0,1,1,1,0,0,1,1,E01001771,13-12-2018,1,1,2,2,47,8,3,0,0,1,0,-1,9,-1
5455,94.18268615,26.75192205,1,3,1,1,7,08:00,4,E09000012,6,0,6,30,3,4,3,10,0,0,1,1,1,0,0,1,1,E01001808,17-12-2018,2,1,1,1,-1,-1,3,0,0,0,0,-1,9,1
5456,94.17284846,26.72874866,1,3,3,1,7,22:30,4,E09000012,3,105,3,30,6,2,3,503,0,5,4,1,1,0,0,1,2,E01001714,29-10-2018,1,1,3,1,3,1,2,1,1,0,0,-1,0,1
5457,94.22781715,26.76203022,1,3,2,1,6,17:00,4,E09000012,5,0,6,30,3,4,6,0,0,0,1,1,1,0,0,1,2,E01001733,11-11-2018,1,1,1,1,23,5,3,0,0,0,0,-1,9,1
5458,94.21283807,26.76208708,1,2,2,1,4,06:10,4,E09000012,3,104,6,30,0,-1,-1,0,0,0,4,2,2,0,0,1,2,E01001792,19-10-2018,1,1,1,1,40,7,3,0,0,0,0,-1,9,1
5459,94.1811571,26.73555244,1,3,2,1,5,05:45,4,E09000012,3,104,6,30,7,2,3,1207,0,5,4,1,1,0,0,1,2,E01001748,29-12-2018,1,1,1,1,58,9,3,0,0,0,0,-1,9,1
5460,94.22055174,26.74119021,1,3,2,1,6,05:59,4,E09000012,3,107,6,30,8,4,6,0,0,0,4,1,1,0,0,1,1,E01001818,23-12-2018,1,1,1,1,24,5,3,0,0,0,0,-1,5,-1
5461,94.22053415,26.74983498,1,3,1,1,3,13:01,4,E09000012,3,105,6,30,3,4,5,0,0,4,1,1,1,0,0,1,1,E01002743,20-12-2018,1,1,1,1,31,6,3,0,0,0,0,-1,9,1
5462,94.2087042,26.74998346,1,3,2,2,4,00:50,4,E09000012,3,1200,6,30,0,-1,-1,0,0,0,4,1,1,0,0,1,1,E01001781,21-12-2018,1,1,1,1,55,8,3,0,0,0,0,-1,9,1
5463,94.22457102,26.76498493,1,2,1,1,5,06:55,4,E09000012,3,105,6,30,0,-1,-1,0,0,0,4,1,1,0,0,1,1,E01002002,22-12-2018,1,2,2,2,-1,-1,3,0,0,1,0,-1,9,-1
5464,94.22376929,26.75869869,1,3,1,1,1,13:49,4,E09000012,3,107,6,30,0,-1,-1,0,0,0,1,1,1,0,0,1,1,E01001766,18-12-2018,1,1,1,1,30,6,3,0,0,0,0,-1,9,1
5465,94.19982997,26.75210032,1,3,2,1,6,18:55,4,E09000012,3,10,6,30,0,-1,-1,0,0,0,4,1,2,0,0,1,1,E01001743,02-12-2018,2,1,1,1,9,2,3,0,0,0,0,-1,1,-1
5466,94.21788284,26.75622651,1,3,2,1,7,22:27,4,E09000012,5,0,6,30,0,-1,-1,0,0,0,4,1,1,0,0,1,1,E01001775,10-12-2018,1,1,3,1,6,2,3,5,2,0,0,-1,0,1
5467,94.18388447,26.73061915,1,3,1,1,4,15:30,4,E09000012,3,10,6,30,3,4,6,0,0,0,1,1,1,0,0,1,1,E01001743,14-12-2018,1,1,2,1,39,7,3,0,0,2,0,-1,9,1
5468,94.16700976,26.72384065,1,3,2,1,5,08:42,4,E09000012,3,12,6,30,0,-1,-1,0,0,0,1,1,1,0,0,1,1,E01001849,15-12-2018,1,2,2,2,39,7,3,0,0,1,0,-1,9,1
5469,94.20573208,26.73369267,1,3,3,1,7,18:15,4,E09000012,3,1202,6,30,0,-1,-1,0,0,0,4,1,1,0,0,1,1,E01001771,17-12-2018,1,1,1,2,47,8,3,0,0,0,0,-1,9,-1
5470,94.17421877,26.75114947,1,3,1,1,3,12:50,4,E09000012,3,107,6,30,0,-1,-1,0,0,0,1,1,1,0,0,1,1,E01001795,20-12-2018,1,1,3,1,35,6,3,4,1,0,0,-1,0,-1
5471,94.2245031,26.73712849,1,2,1,1,3,10:40,4,E09000012,5,0,6,30,0,-1,-1,0,0,0,1,1,1,0,0,1,1,E01001733,20-12-2018,1,1,3,2,22,5,3,5,1,0,0,-1,0,-1
5472,94.20839305,26.72550652,1,3,2,1,4,07:55,4,E09000012,3,107,6,30,3,4,6,0,0,0,4,1,1,0,0,1,1,E01001798,21-12-2018,1,1,1,1,35,6,3,0,0,0,0,-1,9,1
5473,94.22401743,26.74650401,1,3,2,1,4,21:43,4,E09000012,4,105,6,30,6,2,3,105,0,5,4,1,1,0,0,1,1,E01001719,28-12-2018,1,1,3,1,18,4,2,5,1,0,0,-1,0,1
5474,94.18741771,26.73548762,1,3,2,1,1,13:30,4,E09000012,5,0,6,30,0,-1,-1,0,0,0,1,1,1,0,0,1,1,E01001816,20-11-2018,1,1,1,1,37,7,3,0,0,0,0,-1,1,1
5475,94.1873,26.72879539,1,2,2,1,6,20:45,4,E09000012,3,5201,6,30,3,2,5,0,0,5,4,1,1,0,0,1,2,E01001771,25-11-2018,2,1,1,1,36,7,3,0,0,0,0,-1,2,1
5476,94.22005702,26.7225835,1,3,2,1,5,15:30,4,E09000012,5,0,6,30,0,-1,-1,0,0,0,4,1,1,0,0,1,2,E01001818,22-12-2018,3,1,1,1,46,8,3,0,0,0,0,-1,9,1
5477,94.22712622,26.73754092,1,3,2,1,6,10:33,4,E09000012,3,12,3,40,0,-1,-1,0,0,0,1,1,2,0,0,1,1,E01001849,09-12-2018,1,1,3,1,28,6,3,5,1,0,0,-1,0,-1
5478,94.20138018,26.75589312,1,3,2,4,5,02:14,4,E09000012,4,112,6,30,0,-1,-1,0,0,0,4,2,2,0,0,1,1,E01001846,22-12-2018,1,1,3,1,42,7,3,5,1,0,0,-1,0,1
5479,94.17339195,26.72996484,1,3,4,1,3,20:15,4,E09000012,3,503,6,30,8,4,6,0,0,0,4,1,2,0,0,1,1,E01001716,27-12-2018,1,1,1,1,27,6,3,0,0,0,0,-1,1,1
5480,94.21155245,26.75759317,1,3,2,2,1,17:34,4,E09000012,3,105,6,30,6,2,3,503,0,5,4,1,1,0,0,1,1,E01002002,25-12-2018,1,1,1,1,19,4,2,0,0,0,0,-1,1,-1
5481,94.22774888,26.76482072,1,3,2,1,4,13:50,4,E09000012,3,12,6,30,0,-1,-1,0,0,0,1,1,1,0,0,1,1,E01001849,14-12-2018,1,1,1,1,30,6,3,0,0,0,0,-1,3,-1
5482,94.20396472,26.75701742,1,3,2,1,7,20:21,4,E09000012,3,12,6,30,7,2,4,112,0,0,4,1,1,0,0,1,1,E01001846,10-12-2018,1,1,1,1,27,6,3,0,0,0,0,-1,5,1
5483,94.18324961,26.7302919,1,3,2,1,6,12:20,4,E09000012,3,10,6,30,3,4,4,122,0,4,1,1,1,0,0,1,1,E01001771,09-12-2018,1,1,1,1,33,6,3,0,0,0,0,-1,19,-1
5484,94.21951586,26.75517038,1,3,2,2,6,12:35,4,E09000012,4,112,6,30,3,4,6,0,0,0,1,1,1,0,0,1,1,E01001847,30-12-2018,2,2,1,1,33,6,3,0,0,0,0,-1,9,1
5485,94.18282209,26.7691329,1,3,3,1,7,17:50,4,E09000012,4,112,6,30,0,-1,-1,0,0,0,4,1,1,0,0,1,1,E01001846,24-12-2018,1,1,1,1,53,8,3,0,0,0,0,-1,8,1
5486,94.22894855,26.71953682,1,3,2,1,7,21:45,3,E09000019,3,501,6,30,8,4,3,501,0,0,4,1,1,0,0,1,1,E01002702,17-12-2018,1,2,2,2,28,6,3,0,0,2,0,-1,8,1
5487,94.19310731,26.74644153,1,3,1,1,3,18:25,4,E09000012,3,10,2,20,0,-1,-1,0,0,0,4,1,1,0,0,1,1,E01001829,18-10-2018,1,1,3,2,37,7,3,1,1,0,0,-1,0,1
5488,94.21770966,26.76348652,1,3,2,1,4,14:55,4,E09000012,5,0,6,30,3,4,6,0,0,4,1,1,1,0,0,1,1,E01001806,21-12-2018,1,2,1,1,44,7,3,0,0,0,0,-1,5,1
5489,94.21422998,26.7592822,1,3,2,1,2,16:30,4,E09000012,3,1202,6,30,7,2,3,10,0,5,4,1,1,0,0,1,1,E01001771,19-12-2018,2,1,1,1,25,5,3,0,0,0,0,-1,1,1
5490,94.20576599,26.74394831,1,3,2,1,3,12:00,4,E09000012,4,113,6,30,3,4,6,0,0,0,1,1,1,0,0,1,1,E01001735,27-12-2018,1,1,3,2,11,3,3,5,1,0,0,-1,0,1
5491,94.17775382,26.76209233,1,2,1,1,7,16:15,4,E09000012,5,0,6,30,3,4,6,0,0,0,1,1,1,0,0,1,1,E01001730,05-11-2018,1,2,3,1,6,2,2,5,1,0,0,-1,0,1
5492,94.17847203,26.74744041,1,3,1,1,6,10:24,4,E09000012,6,0,6,30,0,-1,-1,0,0,0,1,1,1,0,0,1,1,E01001771,09-12-2018,1,1,3,2,13,3,3,6,9,0,0,-1,0,1
5493,94.22263933,26.76910112,1,3,2,1,6,02:54,3,E09000019,4,102,6,30,3,4,6,0,0,0,4,1,1,0,0,1,1,E01002716,04-11-2018,1,1,3,2,66,10,2,5,2,0,0,-1,0,1
5494,94.21455444,26.73147509,1,3,2,1,3,15:45,4,E09000012,6,0,6,30,0,-1,-1,0,0,0,1,1,1,0,0,1,2,E01001780,29-11-2018,1,1,3,2,2,1,3,5,2,0,0,-1,0,1
5495,94.17850888,26.7377201,1,3,2,1,5,12:00,4,E09000012,3,102,6,30,3,2,5,0,0,5,1,1,1,0,0,1,1,E01001730,15-12-2018,1,1,1,2,41,7,3,0,0,0,0,-1,2,1
5496,94.20511535,26.76105421,1,2,1,1,7,18:35,4,E09000012,3,10,6,30,3,2,3,1209,0,5,4,1,1,0,0,1,1,E01001771,24-12-2018,1,1,1,1,35,6,3,0,0,0,0,-1,9,-1
5497,94.22053693,26.75235128,1,3,2,1,5,14:11,4,E09000012,3,104,6,30,3,4,5,0,0,0,1,1,1,0,0,1,1,E01001761,15-12-2018,1,2,2,2,12,3,3,0,0,2,0,-1,9,-1
5498,94.1676126,26.75330553,1,3,1,1,2,09:10,4,E09000012,5,0,6,30,3,4,5,0,0,1,1,1,1,0,0,1,1,E01001775,12-12-2018,1,1,3,2,12,3,3,1,1,0,0,-1,0,1
5499,94.18484373,26.76825624,1,3,2,1,5,03:40,4,E09000012,5,0,1,30,1,4,5,0,0,0,4,2,2,0,0,1,1,E01001750,01-12-2018,1,1,1,1,16,4,3,0,0,0,0,-1,1,1
5500,94.18649647,26.75515296,1,3,2,1,2,13:15,4,E09000012,3,104,6,30,3,4,6,0,0,0,1,1,1,0,0,1,1,E01001766,05-12-2018,1,1,1,1,34,6,3,0,0,0,0,-1,9,-1
5501,94.18433817,26.72194719,1,3,2,1,2,20:30,4,E09000012,3,104,3,30,1,2,5,0,0,0,7,1,1,0,0,1,2,E01001758,31-10-2018,1,1,3,2,30,6,3,5,1,0,0,-1,0,1
5502,94.21703052,26.7624951,1,3,1,1,5,09:00,4,E09000012,4,108,6,30,6,2,5,0,0,5,1,2,2,0,0,1,1,E01001774,08-12-2018,1,1,1,1,-1,-1,3,0,0,0,0,-1,11,1
5503,94.22742007,26.72771231,1,2,1,1,1,12:30,4,E09000012,3,10,2,30,0,-1,-1,0,0,0,1,1,1,0,0,1,1,E01001830,04-12-2018,1,1,1,2,33,6,3,0,0,0,0,-1,9,-1
5504,94.18300973,26.74769713,1,3,2,1,3,18:00,4,E09000012,6,0,6,30,3,4,3,104,0,0,4,1,1,0,0,1,1,E01001743,15-11-2018,1,1,1,2,45,7,3,0,0,0,0,-1,9,1