Accident_Index,longitude,latitude,Police_Force,Accident_Severity,Number_of_Vehicles,Number_of_Casualties,Day_of_Week,Time,Local_Authority_(District),Local_Authority_(Highway),1st_Road_Class,1st_Road_Number,Road_Type,Speed_limit,Junction_Detail,Junction_Control,2nd_Road_Class,2nd_Road_Number,Pedestrian_Crossing-Human_Control,Pedestrian_Crossing-Physical_Facilities,Light_Conditions,Weather_Conditions,Road_Surface_Conditions,Special_Conditions_at_Site,Carriageway_Hazards,Urban_or_Rural_Area,Did_Police_Officer_Attend_Scene_of_Accident,LSOA_of_Accident_Location,Date,Vehicle_Reference,Casualty_Reference,Casualty_Class,Sex_of_Casualty,Age_of_Casualty,Age_Band_of_Casualty,Casualty_Severity,Pedestrian_Location,Pedestrian_Movement,Car_Passenger,Bus_or_Coach_Passenger,Pedestrian_Road_Maintenance_Worker,Casualty_Type,Casualty_Home_Area_Type
5505,94.17156275,26.7319401,1,3,1,1,4,16:40,4,E09000012,5,0,6,30,9,4,5,0,0,1,4,1,1,0,0,1,1,E01001784,16-11-2018,2,1,2,1,-1,-1,3,0,0,1,0,-1,9,1
5506,94.19539762,26.76292699,1,3,2,1,3,12:29,4,E09000012,5,0,6,30,6,2,3,10,0,5,1,1,1,0,0,1,1,E01001776,20-09-2018,2,2,2,1,-1,-1,3,0,0,2,0,-1,9,-1
5507,94.19699899,26.76068335,1,3,2,1,7,15:23,4,E09000012,3,107,6,30,3,2,4,111,0,5,1,1,1,0,0,1,1,E01001767,10-12-2018,1,1,1,1,47,8,3,0,0,0,0,-1,3,1
5508,94.17044261,26.76960848,1,3,2,1,2,15:35,4,E09000012,3,107,6,30,8,4,6,0,0,0,1,1,1,0,0,1,2,E01001818,19-12-2018,1,1,2,2,12,3,3,0,0,2,0,-1,9,1
5509,94.20555192,26.73900982,1,3,1,1,7,10:50,4,E09000012,3,105,6,30,0,-1,-1,0,0,0,1,1,2,0,0,1,1,E01001738,17-12-2018,2,1,1,1,-1,-1,3,0,0,0,0,-1,1,-1
5510,94.20588134,26.76358971,1,3,2,1,2,19:56,4,E09000012,6,0,6,30,8,4,6,0,0,0,4,1,1,0,0,1,1,E01001734,31-10-2018,1,1,2,2,70,10,2,0,0,0,4,-1,11,-1
5511,94.20933213,26.72488653,1,3,2,1,4,19:15,5,E09000030,3,11,6,30,3,4,4,121,0,0,4,1,1,0,0,1,1,E01004290,05-01-2018,1,1,1,1,32,6,3,0,0,0,0,-1,3,1
5512,94.22257322,26.76100172,1,3,2,1,5,17:40,5,E09000030,3,13,6,30,3,4,5,0,0,0,4,1,2,0,0,1,1,E01004254,06-01-2018,1,1,1,1,19,4,3,0,0,0,0,-1,3,1
5513,94.20986521,26.7515805,1,3,1,2,5,08:36,5,E09000030,3,100,3,30,6,2,3,1203,0,5,1,2,2,0,0,1,1,E01004293,06-01-2018,1,1,2,2,57,9,3,0,0,0,3,-1,11,1
5514,94.17371022,26.72321368,1,3,2,1,3,15:23,5,E09000030,3,107,6,30,3,4,6,0,0,1,1,1,2,0,0,1,1,E01004197,04-01-2018,1,1,2,2,19,4,3,0,0,0,4,-1,11,1
5515,94.18127201,26.76256608,1,3,2,2,2,13:45,5,E09000030,4,108,6,30,6,4,3,11,0,5,1,1,1,0,0,1,3,E01004309,03-01-2018,1,1,1,2,40,7,3,0,0,0,0,-1,1,-1
5516,94.20127164,26.71883983,1,3,2,1,6,09:10,5,E09000030,3,1206,6,30,3,4,3,1206,0,0,1,1,1,0,0,1,3,E01004255,07-01-2018,1,1,1,2,24,5,3,0,0,0,0,-1,1,1
5517,94.21034663,26.73992406,1,2,1,1,4,23:20,5,E09000030,3,1203,6,30,0,-1,-1,0,0,0,4,1,1,0,0,1,1,E01004294,05-01-2018,1,1,1,1,58,9,3,0,0,0,0,-1,9,1
5518,94.17249997,26.73211981,1,2,2,1,3,21:40,5,E09000030,3,13,6,30,3,4,6,0,0,0,4,1,1,0,0,1,1,E01004321,11-01-2018,1,1,2,1,72,10,2,0,0,0,1,-1,11,1
5519,94.21255264,26.72557846,1,3,2,2,7,11:04,5,E09000030,3,1206,6,30,3,4,6,0,0,5,1,1,1,0,0,1,1,E01004219,15-01-2018,1,1,1,1,25,5,3,0,0,0,0,-1,2,1
5520,94.17989783,26.73416752,1,3,2,1,2,17:15,5,E09000030,3,13,6,30,3,4,6,0,0,0,4,2,2,0,0,1,1,E01004244,10-01-2018,1,1,1,1,30,6,3,0,0,0,0,-1,3,1
5521,94.17334871,26.72774682,1,3,2,2,2,22:12,5,E09000030,3,11,6,30,3,4,6,0,0,0,4,1,1,0,0,1,1,E01004261,10-01-2018,1,1,3,1,7,2,3,5,1,0,0,-1,0,1
5522,94.22380392,26.72920857,1,3,1,1,4,11:45,5,E09000030,4,134,2,30,3,4,6,0,0,0,1,1,1,0,0,1,1,E01004306,12-01-2018,1,1,3,1,-1,-1,3,6,9,0,0,-1,0,-1
5523,94.17473026,26.7539644,1,3,2,1,1,11:00,5,E09000030,3,11,6,30,0,-1,-1,0,0,0,1,1,1,0,0,1,3,E01004208,06-02-2018,1,1,2,2,72,10,3,0,0,0,3,-1,11,-1
5524,94.19777274,26.76333422,1,3,2,3,3,03:27,5,E09000030,3,11,6,30,3,2,5,0,0,5,4,1,2,0,0,1,1,E01004262,11-01-2018,1,1,3,1,18,4,3,5,1,0,0,-1,0,-1
5525,94.20377675,26.74583632,1,3,1,1,3,12:50,5,E09000030,3,1209,6,30,3,4,6,0,0,0,1,1,1,0,0,1,1,E01004313,18-01-2018,1,1,1,2,31,6,3,0,0,0,0,-1,1,-1
5526,94.1930614,26.76619491,1,3,1,1,3,08:25,5,E09000030,6,0,6,30,3,4,6,0,0,0,1,1,1,0,0,1,3,E01004278,11-01-2018,1,1,1,1,44,7,3,0,0,0,0,-1,1,1
5527,94.19386877,26.72605243,1,3,2,1,5,08:14,5,E09000030,3,12,6,40,0,-1,-1,0,0,0,1,1,1,0,0,1,2,E01004227,13-01-2018,1,1,1,1,43,7,3,0,0,0,0,-1,3,1
5528,94.19893976,26.7666261,1,3,2,1,2,23:00,5,E09000030,4,135,6,30,3,4,6,0,0,1,4,1,1,0,0,1,3,E01004230,10-01-2018,1,1,3,1,18,4,3,5,4,0,0,-1,0,1
5529,94.19867913,26.73579841,1,3,2,1,5,12:55,5,E09000030,4,108,6,30,6,4,6,0,0,0,1,1,1,0,0,1,2,E01004313,13-01-2018,1,1,1,1,40,7,3,0,0,0,0,-1,11,1
5530,94.18595352,26.76206626,1,3,2,1,6,17:26,5,E09000030,4,135,6,30,6,2,4,135,0,5,4,1,1,0,0,1,1,E01004228,14-01-2018,1,1,1,1,19,4,3,0,0,0,0,-1,1,-1
5531,94.19201435,26.74386525,1,3,2,1,4,13:25,5,E09000030,6,0,6,30,3,4,3,13,0,0,1,1,1,0,0,1,1,E01004304,26-01-2018,1,1,3,1,20,4,3,5,1,0,0,-1,0,1
5532,94.17542893,26.76243659,1,3,2,1,1,13:40,5,E09000030,3,1209,6,30,6,2,4,108,0,5,1,1,1,0,0,1,1,E01004313,30-01-2018,1,1,1,1,44,7,3,0,0,0,0,-1,1,1
5533,94.18534959,26.7635769,1,3,1,1,2,16:41,5,E09000030,3,1206,6,30,3,2,3,1206,0,5,1,1,1,0,0,1,1,E01004277,24-01-2018,2,1,1,1,27,6,3,0,0,0,0,-1,5,1
5534,94.20777315,26.7177983,1,3,2,3,1,16:10,5,E09000030,3,13,6,30,3,4,6,0,0,0,4,1,1,0,0,1,1,E01004254,09-01-2018,1,1,3,1,21,5,3,5,3,0,0,-1,0,-1
5535,94.22258477,26.75896954,1,3,1,1,1,00:45,5,E09000030,3,1206,6,50,0,-1,-1,0,0,0,4,1,1,0,0,1,1,E01004217,16-01-2018,1,1,1,2,24,5,3,0,0,0,0,-1,9,-1
5536,94.2227631,26.75916931,1,3,2,1,1,21:20,5,E09000030,3,1206,6,30,3,4,6,0,0,0,4,1,1,0,0,1,1,E01004279,16-01-2018,1,1,1,1,38,7,3,0,0,0,0,-1,9,-1
5537,94.19032582,26.76517734,1,3,1,1,1,11:50,4,E09000012,3,1208,6,30,0,-1,-1,0,0,0,1,1,1,0,0,1,1,E01001771,16-01-2018,1,1,1,1,33,6,3,0,0,0,0,-1,1,1
5538,94.19085817,26.72930423,1,3,2,1,2,12:25,5,E09000030,6,0,6,30,6,4,4,108,0,0,1,1,2,0,0,1,1,E01004321,17-01-2018,2,1,1,1,17,4,3,0,0,0,0,-1,1,1
5539,94.21340061,26.72599422,1,3,1,1,2,07:05,5,E09000030,3,11,3,30,3,2,4,121,0,5,4,1,1,0,0,1,1,E01004290,17-01-2018,1,1,1,2,38,7,3,0,0,0,0,-1,9,-1
5540,94.18644696,26.76373849,1,3,2,1,3,18:52,5,E09000030,4,140,6,30,6,2,6,0,0,5,4,1,2,0,0,1,1,E01004242,18-01-2018,1,1,3,1,43,7,3,6,9,0,0,-1,0,1
5541,94.2025444,26.72706021,1,3,1,1,4,13:06,5,E09000030,3,11,3,30,0,-1,-1,0,0,0,1,1,1,0,0,1,1,E01004309,19-01-2018,1,1,3,2,9,2,3,5,3,0,0,-1,0,-1
5542,94.17526581,26.76157542,1,3,2,1,7,23:50,5,E09000030,4,145,6,30,3,2,3,1203,0,0,4,1,1,0,0,1,1,E01004303,22-01-2018,1,1,1,1,35,6,3,0,0,0,0,-1,9,1
5543,94.23078223,26.75633115,1,3,1,1,7,23:25,5,E09000030,4,121,6,30,0,-1,-1,0,0,1,4,8,2,0,0,1,1,E01004283,22-01-2018,1,1,2,2,-1,-1,3,0,0,0,2,-1,11,-1
5544,94.20772431,26.74052511,1,3,2,2,7,07:15,5,E09000030,3,11,3,30,7,2,3,1205,0,5,1,1,4,0,0,1,1,E01004232,22-01-2018,1,1,1,1,34,6,3,0,0,0,0,-1,1,1
5545,94.18080764,26.76843439,1,3,1,1,1,22:37,5,E09000030,6,0,3,30,0,-1,-1,0,0,0,4,1,1,0,0,1,1,E01004254,23-01-2018,1,1,3,1,38,7,2,7,9,0,0,-1,0,-1
5546,94.22840886,26.72114514,1,3,2,2,1,23:10,5,E09000030,4,140,6,30,0,-1,-1,0,0,1,4,1,1,0,0,1,1,E01004284,23-01-2018,1,1,1,2,47,8,3,0,0,0,0,-1,9,1
5547,94.16729296,26.73591862,1,3,2,1,3,08:50,5,E09000030,3,11,3,30,0,-1,-1,0,0,0,1,1,1,0,0,1,1,E01004237,25-01-2018,2,1,1,1,22,5,3,0,0,0,0,-1,1,1
5548,94.20596165,26.73435998,1,3,2,1,3,10:00,5,E09000030,3,1203,3,30,6,2,3,1203,0,0,1,1,1,0,0,1,1,E01004294,25-01-2018,1,1,1,1,17,4,3,0,0,0,0,-1,9,1
5549,94.18710269,26.72728345,1,3,2,1,4,18:30,5,E09000030,3,11,6,30,3,4,6,0,0,0,4,1,1,0,0,1,1,E01004290,26-01-2018,2,1,1,1,23,5,3,0,0,0,0,-1,1,-1
5550,94.18150916,26.7397762,1,3,2,1,5,00:42,5,E09000030,3,1203,3,30,3,2,3,100,0,0,4,2,2,0,0,1,1,E01004293,27-01-2018,2,1,1,1,41,7,3,0,0,0,0,-1,1,1
5551,94.17587499,26.76189351,1,2,2,1,5,18:55,5,E09000030,3,1206,6,30,0,-1,-1,0,0,0,4,2,2,0,0,1,1,E01004277,27-01-2018,1,1,1,1,36,7,3,0,0,0,0,-1,2,1
5552,94.16966998,26.73652446,1,3,3,1,1,10:00,5,E09000030,3,11,3,30,3,2,6,0,0,0,1,1,1,0,0,1,1,E01004232,30-01-2018,1,1,1,1,20,4,3,0,0,0,0,-1,9,1
5553,94.22686329,26.72459161,1,3,2,1,2,11:00,5,E09000030,3,11,3,30,3,4,6,0,0,0,1,1,1,0,0,1,1,E01004262,31-01-2018,1,1,2,2,66,10,3,0,0,0,4,-1,11,1
5554,94.19746113,26.71990255,1,3,1,1,3,02:57,5,E09000030,6,0,6,30,3,4,3,1205,0,0,4,2,2,0,0,1,1,E01004230,01-02-2018,1,1,1,2,57,9,3,0,0,0,0,-1,9,1
5555,94.17003904,26.72722273,1,3,2,1,7,17:55,5,E09000030,3,13,6,30,6,2,5,0,0,5,4,1,1,0,0,1,2,E01004299,15-01-2018,1,1,2,2,35,6,3,0,0,1,0,-1,9,1
5556,94.20774333,26.76882133,1,3,2,1,5,08:55,5,E09000030,5,0,6,30,0,-1,-1,0,0,0,1,8,2,0,0,1,3,E01004246,20-01-2018,1,1,3,1,20,4,3,5,1,0,0,-1,0,1
5557,94.22338343,26.76382297,1,3,2,1,5,06:00,5,E09000030,3,1206,3,30,0,-1,-1,0,0,0,4,8,2,0,0,1,3,E01004277,20-01-2018,1,1,3,1,58,9,3,5,1,0,0,-1,0,-1
5558,94.18922465,26.75244283,1,3,2,1,7,14:37,5,E09000030,4,140,6,30,3,4,4,140,0,1,1,1,1,0,0,1,2,E01004285,29-01-2018,1,1,3,2,-1,-1,3,5,1,0,0,-1,0,-1
5559,94.22855638,26.74047343,1,3,2,2,7,11:15,5,E09000030,4,135,6,30,0,-1,-1,0,0,0,1,1,1,0,0,1,2,E01004265,29-01-2018,1,1,1,2,42,7,3,0,0,0,0,-1,9,1
5560,94.21288745,26.75214475,1,3,1,1,6,01:30,5,E09000030,3,1203,6,30,0,-1,-1,0,0,4,4,1,2,0,0,1,1,E01004294,21-01-2018,1,1,3,1,6,2,3,5,1,0,0,-1,0,1
5561,94.17458381,26.73006301,1,3,1,1,6,15:09,5,E09000030,3,11,3,30,0,-1,-1,0,0,5,1,1,1,0,0,1,1,E01004227,21-01-2018,1,1,1,2,41,7,3,0,0,0,0,-1,9,1
5562,94.18725068,26.74482498,1,3,1,1,6,23:15,5,E09000030,3,107,6,30,0,-1,-1,0,0,0,4,1,1,0,0,1,1,E01004209,21-01-2018,1,2,2,1,-1,-1,3,0,0,1,0,-1,9,1
5563,94.20955305,26.73375182,1,2,1,1,4,20:15,5,E09000030,3,13,3,40,0,-1,-1,0,0,0,4,1,1,0,0,1,1,E01004245,12-01-2018,1,1,1,1,37,7,3,0,0,0,0,-1,9,1
5564,94.22356704,26.72317403,1,3,2,1,4,22:01,5,E09000030,3,11,3,30,0,-1,-1,0,0,5,4,1,1,0,0,1,1,E01004267,19-01-2018,1,1,1,1,33,6,3,0,0,0,0,-1,9,1
5565,94.19409643,26.7238975,1,3,3,2,4,21:15,5,E09000030,4,140,6,30,3,4,6,0,0,0,4,1,1,0,0,1,1,E01004238,19-01-2018,1,1,3,2,-1,-1,3,5,3,0,0,-1,0,-1
5566,94.20933595,26.73912248,1,3,1,1,5,08:55,5,E09000030,3,13,3,30,0,-1,-1,0,0,1,1,1,1,0,0,1,1,E01004305,20-01-2018,2,1,1,2,59,9,3,0,0,0,0,-1,9,1
5567,94.19868204,26.72440803,1,3,1,1,6,14:47,5,E09000030,3,11,3,30,9,4,6,0,0,0,1,1,1,0,0,1,1,E01004229,21-01-2018,3,2,1,1,66,10,3,0,0,0,0,-1,9,-1
5568,94.16857123,26.71873458,1,3,1,1,6,13:53,5,E09000030,4,120,6,30,3,4,4,120,0,1,1,2,2,0,0,1,1,E01004210,28-01-2018,1,1,1,1,-1,-1,3,0,0,0,0,-1,4,-1
5569,94.16847337,26.72165011,1,3,2,1,2,11:00,5,E09000030,3,11,3,30,0,-1,-1,0,0,0,1,1,1,0,0,1,1,E01004231,31-01-2018,1,1,1,1,31,6,3,0,0,0,0,-1,5,1
5570,94.18804961,26.74376585,1,2,2,1,2,06:25,5,E09000030,3,1205,6,30,6,4,4,135,0,5,1,1,1,0,0,1,1,E01004234,31-01-2018,1,1,1,2,40,7,3,0,0,0,0,-1,2,1
5571,94.1977359,26.72051093,1,3,2,1,5,08:30,5,E09000030,3,11,3,30,9,4,6,0,0,0,1,1,1,0,0,1,1,E01004261,27-01-2018,1,1,3,1,86,11,3,1,1,0,0,-1,0,-1
5572,94.18687985,26.74957997,1,3,2,1,4,14:15,5,E09000030,3,11,3,30,3,4,6,0,0,4,1,1,1,0,0,1,1,E01004269,26-01-2018,1,1,3,2,44,7,3,5,1,0,0,-1,0,1
5573,94.18740165,26.74209832,1,2,2,1,4,07:46,5,E09000030,3,13,6,30,3,4,6,0,0,0,1,1,1,0,0,1,1,E01004305,02-02-2018,1,1,3,1,4,1,2,1,1,0,0,-1,0,-1
5574,94.22837715,26.73487772,1,3,2,1,2,07:30,5,E09000030,3,102,6,30,0,-1,-1,0,0,0,4,1,1,0,0,1,3,E01004219,07-02-2018,1,1,1,2,34,6,3,0,0,0,0,-1,9,1
5575,94.1675316,26.7678366,1,2,2,7,6,21:35,5,E09000030,3,1203,3,30,3,2,5,0,0,5,4,1,1,0,0,1,1,E01004296,04-02-2018,1,1,3,1,26,6,2,5,3,0,0,-1,0,-1
5576,94.19499565,26.74761403,1,3,2,1,2,17:10,5,E09000030,3,12,3,40,0,-1,-1,0,0,0,4,1,1,0,0,1,1,E01004227,07-02-2018,1,1,1,2,29,6,3,0,0,0,0,-1,3,1
5577,94.19896479,26.74488605,1,3,2,2,7,15:15,5,E09000030,3,1208,6,30,3,4,6,0,0,1,1,1,2,0,0,1,1,E01004200,12-02-2018,1,1,2,2,83,11,3,0,0,0,1,-1,11,-1
5578,94.17187031,26.72626328,1,3,2,1,3,18:35,5,E09000030,3,1203,3,30,9,4,6,0,0,0,4,1,1,0,0,1,1,E01004303,15-02-2018,1,1,2,2,64,9,3,0,0,0,4,-1,11,1
5579,94.20782109,26.71875728,1,2,1,2,4,00:11,5,E09000030,6,0,6,30,0,-1,-1,0,0,0,4,1,1,0,0,1,1,E01004203,02-02-2018,1,1,3,2,29,6,3,1,1,0,0,-1,0,1
5580,94.1691553,26.72637516,1,3,2,2,2,16:30,5,E09000030,3,13,6,30,3,4,6,0,0,4,4,1,1,0,0,1,3,E01004299,07-02-2018,1,2,3,1,27,6,3,1,1,0,0,-1,0,-1
5581,94.18961756,26.72839138,1,3,2,1,6,13:00,5,E09000030,4,135,6,30,3,4,6,0,0,0,1,1,1,0,0,1,1,E01004265,18-02-2018,1,1,1,1,41,7,3,0,0,0,0,-1,9,1
5582,94.22712614,26.74540551,1,3,2,1,4,20:00,5,E09000030,3,1209,6,30,0,-1,-1,0,0,0,4,1,1,0,0,1,3,E01004211,09-02-2018,1,1,2,2,2,1,3,0,0,2,0,-1,9,1
5583,94.17275982,26.7213637,1,3,2,1,2,18:05,5,E09000030,6,0,6,30,6,4,6,0,0,0,4,1,1,0,0,1,1,E01004255,07-02-2018,1,2,2,2,3,1,3,0,0,2,0,-1,9,1
5584,94.19792722,26.73426649,1,3,1,1,5,16:50,5,E09000030,4,140,6,30,5,4,6,0,0,0,4,2,2,0,0,1,1,E01004285,10-02-2018,2,1,1,1,19,4,3,0,0,0,0,-1,3,1
5585,94.20865234,26.74395643,1,3,3,1,4,15:25,5,E09000030,3,1209,6,30,0,-1,-1,0,0,0,1,1,1,0,0,1,2,E01004211,09-02-2018,2,1,1,1,22,5,3,0,0,0,0,-1,1,1
5586,94.18680823,26.73742145,1,2,1,1,2,16:51,5,E09000030,6,0,6,30,3,4,6,0,0,0,1,1,1,0,0,1,1,E01004227,14-02-2018,1,1,1,1,52,8,3,0,0,0,0,-1,9,-1
5587,94.19904675,26.75686605,1,3,2,1,4,09:09,5,E09000030,3,1208,6,30,3,4,6,0,0,0,1,1,2,0,0,1,1,E01004318,16-02-2018,1,1,1,1,15,3,3,0,0,0,0,-1,2,1
5588,94.20009366,26.74007766,1,3,1,1,5,07:20,5,E09000030,3,11,3,30,3,4,6,0,0,4,1,1,1,0,0,1,1,E01004229,17-02-2018,1,1,1,2,21,5,3,0,0,0,0,-1,9,1
5589,94.17235569,26.74202767,1,3,1,1,5,17:48,5,E09000030,6,0,6,30,3,2,3,107,0,0,4,2,2,0,0,1,1,E01004197,17-02-2018,1,2,2,2,19,4,3,0,0,1,0,-1,9,1
5590,94.17160834,26.7186569,1,3,2,1,7,14:15,5,E09000030,3,1205,6,30,6,2,4,135,0,0,1,1,1,0,0,1,1,E01004230,19-02-2018,1,1,1,1,52,8,3,0,0,0,0,-1,1,1
5591,94.17643453,26.73770221,1,3,2,1,1,12:02,5,E09000030,3,1261,3,40,0,-1,-1,0,0,0,1,1,1,0,0,1,1,E01004220,20-02-2018,1,1,1,1,32,6,3,0,0,0,0,-1,1,-1
5592,94.19785342,26.72802153,1,3,2,1,3,23:45,5,E09000030,4,134,6,30,6,4,6,0,0,0,4,2,2,0,0,1,1,E01004306,22-02-2018,1,1,1,1,-1,-1,3,0,0,0,0,-1,9,-1
5593,94.23056362,26.74246912,1,3,2,1,3,17:15,5,E09000030,4,140,6,30,3,4,6,0,0,0,4,1,2,0,0,1,1,E01004242,22-02-2018,1,1,2,1,21,5,3,0,0,1,0,-1,9,1
5594,94.18196823,26.7433742,1,3,1,1,6,12:35,5,E09000030,3,100,6,30,0,-1,-1,0,0,0,1,2,2,0,0,1,1,E01004293,28-01-2018,1,1,3,1,23,5,2,5,1,0,0,-1,0,-1
5595,94.22424764,26.73096263,1,3,2,2,6,09:15,5,E09000030,3,13,6,30,3,2,6,0,0,5,1,3,3,0,0,1,1,E01004305,25-02-2018,1,1,1,1,32,6,3,0,0,0,0,-1,1,1
5596,94.19006572,26.7438915,1,3,2,1,6,11:58,5,E09000030,3,11,3,30,3,4,5,0,0,4,1,2,2,0,0,1,1,E01004261,25-02-2018,1,1,1,1,44,7,3,0,0,0,0,-1,2,1
5597,94.20859312,26.74060921,1,3,2,1,2,16:20,5,E09000030,3,13,6,30,3,4,5,0,0,0,1,1,1,0,0,1,2,E01004320,21-02-2018,1,1,3,1,-1,-1,3,5,1,0,0,-1,0,-1
5598,94.17179502,26.76627206,1,3,2,1,6,19:30,5,E09000030,3,11,6,30,3,4,3,11,0,0,4,1,1,0,0,1,2,E01004325,25-02-2018,1,1,1,1,33,6,3,0,0,0,0,-1,9,1
5599,94.21208953,26.72800882,1,3,2,1,2,09:35,5,E09000030,6,0,6,30,6,4,6,0,0,0,1,1,1,0,0,1,1,E01004317,07-02-2018,1,1,1,1,35,6,3,0,0,0,0,-1,9,1
5600,94.21361546,26.73531813,1,3,1,1,3,13:50,5,E09000030,3,107,6,30,3,4,6,0,0,0,1,1,1,0,0,1,1,E01004208,08-02-2018,1,1,3,2,14,3,3,5,1,0,0,-1,0,1
5601,94.19005252,26.74634352,1,3,2,1,3,17:19,5,E09000030,4,135,6,30,3,4,6,0,0,0,1,1,1,0,0,1,1,E01004259,15-02-2018,1,1,1,1,40,7,3,0,0,0,0,-1,3,-1
5602,94.2216803,26.75264989,1,3,2,1,4,15:15,5,E09000030,3,107,6,30,3,4,4,118,0,1,1,1,1,0,0,1,1,E01004198,16-02-2018,2,1,1,1,11,3,3,0,0,0,0,-1,1,-1
5603,94.2223578,26.73044009,1,2,1,1,3,07:20,5,E09000030,3,11,3,30,0,-1,-1,0,0,4,1,1,1,0,0,1,1,E01004208,22-02-2018,1,1,3,2,21,5,3,5,1,0,0,-1,0,1
5604,94.22895166,26.73250294,1,3,1,1,2,10:55,5,E09000030,3,11,3,30,3,4,6,0,0,0,1,1,1,0,0,1,1,E01004267,21-02-2018,1,2,1,1,30,6,3,0,0,0,0,-1,1,1
5605,94.1808305,26.73571986,1,3,2,1,4,12:10,5,E09000030,4,127,2,30,3,4,4,127,0,0,1,3,2,0,0,1,1,E01004201,23-02-2018,1,1,3,1,8,2,2,9,6,0,0,-1,0,-1
5606,94.20570888,26.74329,1,3,2,1,6,19:40,5,E09000030,5,0,6,30,3,4,5,0,0,0,4,1,1,0,0,1,1,E01004215,25-02-2018,1,1,2,2,50,8,3,0,0,0,4,-1,11,-1
5607,94.21550285,26.73144336,1,3,2,1,4,18:10,5,E09000030,4,140,1,30,2,4,5,0,0,0,4,3,2,0,0,1,1,E01004239,23-02-2018,1,1,1,1,-1,-1,3,0,0,0,0,-1,3,1
5608,94.17969636,26.7584019,1,3,2,1,1,13:32,5,E09000030,3,1206,6,30,0,-1,-1,0,0,5,1,1,1,0,0,1,1,E01004215,27-02-2018,1,1,1,1,38,7,3,0,0,0,0,-1,5,1
5609,94.18769753,26.74256685,1,2,1,1,6,19:40,5,E09000030,5,0,6,30,3,4,6,0,0,0,4,1,2,0,0,1,1,E01004326,04-03-2018,2,1,1,1,40,7,3,0,0,0,0,-1,1,1
5610,94.17310334,26.72236247,1,2,1,1,1,12:33,5,E09000030,3,1205,3,30,9,2,5,0,0,5,1,1,1,0,0,1,1,E01004270,06-02-2018,2,1,1,1,42,7,3,0,0,0,0,-1,9,1
5611,94.19785415,26.72874656,1,3,1,1,4,16:22,5,E09000030,3,11,6,30,0,-1,-1,0,0,0,4,3,2,0,0,1,1,E01004290,02-03-2018,1,1,3,2,5,1,2,5,1,0,0,-1,0,1
5612,94.18018177,26.74817701,1,3,1,1,4,08:50,5,E09000030,3,1203,6,30,0,-1,-1,0,0,0,1,2,2,0,0,1,2,E01004299,09-02-2018,1,2,1,2,45,7,3,0,0,0,0,-1,9,1
5613,94.17127414,26.767524,1,3,2,2,1,12:15,5,E09000030,3,1202,6,30,0,-1,-1,0,0,0,1,1,1,0,0,1,3,E01004310,13-02-2018,3,1,1,1,20,4,2,0,0,0,0,-1,5,-1
5614,94.17073468,26.76177098,1,3,2,1,5,20:00,5,E09000030,3,12,3,40,5,4,3,11,0,0,4,1,1,0,0,1,1,E01004227,03-03-2018,1,1,3,1,9,2,3,5,1,0,0,-1,0,-1
5615,94.19874454,26.74308018,1,3,2,1,6,16:10,5,E09000030,3,13,3,30,6,4,6,0,0,0,1,1,1,0,0,1,1,E01004298,25-02-2018,1,1,1,1,29,6,3,0,0,0,0,-1,5,1
5616,94.18984286,26.74843197,1,3,2,1,2,19:21,5,E09000030,5,0,6,30,6,4,6,0,0,0,4,3,2,0,0,1,1,E01004322,28-02-2018,1,1,1,1,27,6,3,0,0,0,0,-1,1,1
5617,94.17183053,26.74965988,1,3,1,2,2,11:47,5,E09000030,3,107,6,30,0,-1,-1,0,0,0,1,1,1,0,0,1,1,E01004212,28-02-2018,2,1,1,2,30,6,3,0,0,0,0,-1,1,1
5618,94.2249822,26.76454897,1,3,2,1,3,10:24,5,E09000030,4,121,6,30,3,4,5,0,0,0,1,1,2,0,0,1,1,E01004288,01-03-2018,1,1,1,1,28,6,3,0,0,0,0,-1,9,1
5619,94.16790894,26.76149084,1,3,2,1,3,07:45,5,E09000030,4,135,6,30,3,4,6,0,0,0,1,1,1,0,0,1,2,E01004209,15-02-2018,2,2,1,1,56,9,3,0,0,0,0,-1,9,3
5620,94.17335981,26.73033995,1,3,2,1,1,03:10,4,E09000012,3,1208,6,30,3,4,6,0,0,0,4,1,4,0,0,1,1,E01001771,06-03-2018,2,1,1,1,35,6,3,0,0,0,0,-1,5,1
5621,94.19169222,26.74484973,1,2,2,1,7,23:59,5,E09000030,6,0,3,30,3,4,3,1206,0,0,4,1,1,0,0,1,1,E01004252,12-02-2018,1,1,1,1,31,6,3,0,0,0,0,-1,5,1
5622,94.22438638,26.74942499,1,3,3,1,1,13:30,5,E09000030,3,13,3,30,0,-1,-1,0,0,0,1,1,1,0,0,1,1,E01004220,13-03-2018,2,1,1,2,-1,-1,3,0,0,0,0,-1,1,1
5623,94.19612123,26.71843077,1,3,2,2,7,16:45,5,E09000030,3,1209,6,30,6,2,4,108,0,0,1,1,1,0,0,1,2,E01004313,19-02-2018,1,1,3,2,41,7,3,5,1,0,0,-1,0,1
5624,94.19166162,26.75354289,1,3,2,1,4,08:40,5,E09000030,3,1206,3,30,0,-1,-1,0,0,0,1,3,2,0,0,1,1,E01004219,23-02-2018,1,1,1,1,65,9,3,0,0,0,0,-1,9,1
5625,94.18870073,26.72281972,1,3,1,1,6,15:06,5,E09000030,3,11,3,30,0,-1,-1,0,0,0,1,1,1,0,0,1,1,E01004322,25-02-2018,2,1,1,1,34,6,3,0,0,0,0,-1,1,1
5626,94.20786364,26.73134124,1,2,1,1,4,02:20,5,E09000030,4,135,6,30,3,4,6,0,0,0,4,1,1,0,0,1,1,E01004206,02-03-2018,1,1,3,2,22,5,3,9,8,0,0,-1,0,-1