Accident_Index,longitude,latitude,Police_Force,Accident_Severity,Number_of_Vehicles,Number_of_Casualties,Day_of_Week,Time,Local_Authority_(District),Local_Authority_(Highway),1st_Road_Class,1st_Road_Number,Road_Type,Speed_limit,Junction_Detail,Junction_Control,2nd_Road_Class,2nd_Road_Number,Pedestrian_Crossing-Human_Control,Pedestrian_Crossing-Physical_Facilities,Light_Conditions,Weather_Conditions,Road_Surface_Conditions,Special_Conditions_at_Site,Carriageway_Hazards,Urban_or_Rural_Area,Did_Police_Officer_Attend_Scene_of_Accident,LSOA_of_Accident_Location,Date,Vehicle_Reference,Casualty_Reference,Casualty_Class,Sex_of_Casualty,Age_of_Casualty,Age_Band_of_Casualty,Casualty_Severity,Pedestrian_Location,Pedestrian_Movement,Car_Passenger,Bus_or_Coach_Passenger,Pedestrian_Road_Maintenance_Worker,Casualty_Type,Casualty_Home_Area_Type
5749,94.21141948,26.74097775,1,3,3,1,4,22:10,5,E09000030,3,102,3,50,5,4,6,0,0,0,4,1,1,0,0,1,2,E01004220,27-04-2018,1,1,3,1,52,8,3,5,2,0,0,-1,0,1
5750,94.17268809,26.73603747,1,3,1,1,5,10:03,5,E09000030,3,11,6,30,6,2,3,1205,0,5,1,1,1,0,0,1,1,E01004232,14-04-2018,1,1,2,2,66,10,3,0,0,2,0,-1,8,1
5751,94.19153433,26.76551968,1,3,2,1,7,19:54,5,E09000030,3,1206,6,30,0,-1,-1,0,0,0,1,1,1,0,0,1,1,E01004220,16-04-2018,1,1,1,2,46,8,3,0,0,0,0,-1,9,1
5752,94.20096034,26.7468455,1,3,3,1,2,13:54,5,E09000030,3,1261,3,40,0,-1,-1,0,0,0,1,1,1,0,0,1,1,E01004277,18-04-2018,1,1,1,1,28,6,3,0,0,0,0,-1,1,1
5753,94.2107912,26.72813139,1,3,1,1,3,17:40,5,E09000030,4,140,6,30,3,4,4,121,0,0,1,1,1,0,0,1,1,E01004285,19-04-2018,2,1,1,1,25,5,3,0,0,0,0,-1,1,-1
5754,94.22505696,26.7337471,1,3,1,1,4,17:14,5,E09000030,6,0,6,30,3,4,6,0,0,0,1,1,1,0,0,1,1,E01004260,20-04-2018,1,1,1,1,25,5,2,0,0,0,0,-1,3,-1
5755,94.19436159,26.71827481,1,2,1,1,5,19:09,5,E09000030,4,140,6,30,6,2,5,0,0,5,1,1,1,0,0,1,1,E01004242,21-04-2018,1,1,3,2,42,7,3,4,3,0,0,-1,0,1
5756,94.22175316,26.73841567,1,3,1,1,5,13:30,5,E09000030,3,13,3,30,0,-1,-1,0,0,0,1,1,1,0,0,1,1,E01004245,21-04-2018,1,1,3,1,38,7,3,4,3,0,0,-1,0,1
5757,94.20754837,26.73842183,1,3,4,1,5,13:43,5,E09000030,3,13,6,30,0,-1,-1,0,0,0,1,1,1,0,0,1,1,E01004243,21-04-2018,2,1,1,1,23,5,3,0,0,0,0,-1,1,1
5758,94.19289787,26.75042285,1,3,2,1,2,18:45,5,E09000030,4,140,6,30,8,4,6,0,0,0,1,1,1,0,0,1,2,E01004238,18-04-2018,1,1,1,2,31,6,3,0,0,0,0,-1,1,1
5759,94.16733477,26.73970221,1,3,2,1,5,13:20,5,E09000030,6,0,6,30,3,4,4,140,0,0,1,1,1,0,0,1,2,E01004273,05-05-2018,1,1,1,2,20,4,3,0,0,0,0,-1,1,1
5760,94.21900573,26.74407205,1,2,1,1,7,02:16,5,E09000030,3,1205,6,30,0,-1,-1,0,0,0,4,1,1,0,0,1,1,E01004232,16-04-2018,1,1,1,1,51,8,3,0,0,0,0,-1,9,1
5761,94.23104464,26.76265102,1,3,2,1,4,17:27,5,E09000030,3,11,3,30,0,-1,-1,0,0,0,1,1,1,0,0,1,1,E01004261,27-04-2018,1,1,3,1,44,7,3,9,5,0,0,-1,0,1
5762,94.19041351,26.75552089,1,3,1,1,4,08:53,5,E09000030,6,0,6,30,3,4,6,0,0,0,1,1,1,0,0,1,1,E01004208,27-04-2018,1,1,2,2,70,10,3,0,0,0,4,-1,11,1
5763,94.22817262,26.72259032,1,3,1,1,5,17:45,5,E09000030,3,1202,3,30,0,-1,-1,0,0,0,1,1,1,0,0,1,1,E01004307,28-04-2018,1,1,2,1,-1,-1,3,0,0,1,0,-1,9,1
5764,94.16804469,26.76438204,1,3,1,1,1,20:00,5,E09000030,6,0,6,30,3,4,6,0,0,0,1,1,1,0,0,1,1,E01004251,01-05-2018,1,2,1,1,27,6,3,0,0,0,0,-1,9,1
5765,94.23065577,26.72232687,1,3,1,1,4,22:15,5,E09000030,6,0,6,30,3,4,6,0,0,0,4,1,1,0,0,1,1,E01004247,04-05-2018,2,3,2,1,29,6,3,0,0,1,0,-1,9,1
5766,94.22350207,26.73520905,1,3,1,1,5,17:43,5,E09000030,4,135,6,30,3,4,5,0,0,0,1,1,1,0,0,1,1,E01004206,05-05-2018,1,1,3,1,26,6,3,9,5,0,0,-1,0,-1
5767,94.22312559,26.74692521,1,3,1,2,7,01:02,5,E09000030,3,11,6,30,3,4,3,11,0,0,4,1,1,0,0,1,1,E01004227,07-05-2018,1,1,2,2,53,8,3,0,0,0,2,-1,11,1
5768,94.17344301,26.73147855,1,3,2,1,6,14:55,17,E09000025,6,0,6,30,3,2,3,115,0,0,1,1,1,0,0,1,1,E01003614,13-05-2018,1,2,2,2,26,6,3,0,0,0,2,-1,11,1
5769,94.19331429,26.72912735,1,3,2,1,7,12:00,5,E09000030,3,1206,1,30,1,4,3,1261,0,0,1,1,1,0,0,1,1,E01004219,14-05-2018,2,1,1,1,44,7,3,0,0,0,0,-1,1,1
5770,94.17412171,26.7205064,1,3,2,2,5,00:37,5,E09000030,5,0,3,30,3,2,3,11,0,5,4,1,1,0,0,1,1,E01004262,12-05-2018,2,1,2,2,25,5,3,0,0,1,0,-1,9,1
5771,94.22554897,26.76289808,1,3,2,1,2,12:30,5,E09000030,6,0,6,30,3,4,4,108,0,0,1,1,1,0,0,1,1,E01004319,16-05-2018,2,2,2,2,36,7,3,0,0,2,0,-1,9,1
5772,94.22732174,26.75304285,1,3,2,1,5,23:30,5,E09000030,3,13,3,30,7,2,3,102,0,5,4,2,2,0,0,1,1,E01004219,19-05-2018,2,3,2,1,8,2,3,0,0,2,0,-1,9,1
5773,94.19085078,26.7267139,1,3,2,1,1,10:40,5,E09000030,4,135,6,30,3,4,6,0,0,1,1,1,1,0,0,1,1,E01004259,08-05-2018,2,4,2,1,8,2,3,0,0,2,0,-1,9,1
5774,94.16830978,26.72651648,1,3,2,1,2,08:50,5,E09000030,3,1205,6,30,0,-1,-1,0,0,0,1,1,1,0,0,1,1,E01004273,16-05-2018,2,1,1,2,9,2,2,0,0,0,0,-1,1,1
5775,94.22958962,26.73873174,1,3,1,1,5,11:45,5,E09000030,6,0,6,30,0,-1,-1,0,0,0,1,1,1,0,0,1,1,E01004308,12-05-2018,2,1,1,1,40,7,3,0,0,0,0,-1,5,1
5776,94.17883811,26.71757492,1,2,2,1,5,15:30,5,E09000030,3,11,3,50,6,2,3,11,0,5,1,1,1,0,0,1,2,E01004322,12-05-2018,1,1,3,1,22,5,3,4,1,0,0,-1,0,-1
5777,94.18167232,26.73721088,1,3,2,1,4,23:30,4,E09000012,3,1202,6,30,6,4,3,10,0,5,4,1,1,0,0,1,2,E01001771,16-02-2018,2,1,1,1,9,2,3,0,0,0,0,-1,1,-1
5778,94.1952869,26.74418961,1,3,1,1,1,15:00,5,E09000030,3,1205,6,30,3,4,6,0,0,1,1,1,1,0,0,1,1,E01004270,08-05-2018,2,1,1,1,32,6,3,0,0,0,0,-1,5,1
5779,94.2052425,26.76303117,1,3,1,1,1,08:40,5,E09000030,5,0,6,30,0,-1,-1,0,0,0,1,1,1,0,0,1,1,E01004253,08-05-2018,1,1,2,1,23,5,3,0,0,1,0,-1,9,1
5780,94.21759478,26.72559966,1,3,1,1,5,09:06,5,E09000030,4,123,6,30,3,4,6,0,0,0,1,1,1,0,0,1,1,E01004219,19-05-2018,1,1,1,2,40,7,3,0,0,0,0,-1,9,1
5781,94.20858373,26.76402562,1,3,2,1,6,12:50,5,E09000030,3,12,3,30,0,-1,-1,0,0,0,1,1,1,0,0,1,2,E01004235,22-04-2018,2,1,1,1,19,4,3,0,0,0,0,-1,3,1
5782,94.2033677,26.71888856,1,2,1,1,2,16:58,5,E09000030,4,118,6,30,6,2,5,0,0,0,1,1,1,0,0,1,2,E01004224,16-05-2018,2,1,1,1,25,5,2,0,0,0,0,-1,1,-1
5783,94.18706153,26.7487843,1,3,2,1,7,15:16,5,E09000030,4,135,6,30,3,4,6,0,0,0,1,1,1,0,0,1,1,E01004259,21-05-2018,2,1,1,1,34,6,3,0,0,0,0,-1,9,1
5784,94.18152545,26.74690637,1,3,2,1,4,09:45,5,E09000030,3,1261,6,50,1,2,3,1268,0,5,1,1,1,0,0,1,1,E01004220,11-05-2018,1,1,1,1,27,6,3,0,0,0,0,-1,1,1
5785,94.22597693,26.76543567,1,3,2,1,2,14:55,5,E09000030,6,0,6,30,6,4,6,0,0,0,1,1,1,0,0,1,1,E01004203,23-05-2018,1,1,1,2,66,10,3,0,0,0,0,-1,9,1
5786,94.1716492,26.7488878,1,3,2,2,6,16:40,5,E09000030,3,11,3,30,3,4,6,0,0,0,1,1,1,0,0,1,1,E01004269,27-05-2018,1,2,2,1,-1,-1,3,0,0,1,0,-1,9,-1
5787,94.20667207,26.72690441,1,3,1,1,6,08:05,5,E09000030,6,0,6,30,8,4,6,0,0,0,1,1,1,0,0,1,1,E01004269,27-05-2018,1,1,1,1,46,8,3,0,0,0,0,-1,11,1
5788,94.2002671,26.75072558,1,3,2,1,2,12:00,5,E09000030,3,12,3,40,5,4,3,12,0,0,1,2,5,0,0,1,1,E01004227,30-05-2018,2,1,1,1,32,6,3,0,0,0,0,-1,1,1
5789,94.17667859,26.75860679,1,2,1,1,6,10:55,5,E09000030,6,0,6,30,3,4,3,11,0,0,1,1,1,0,0,1,1,E01004267,21-01-2018,1,1,2,2,41,7,3,0,0,1,0,-1,9,1
5790,94.2256677,26.72083736,1,3,2,1,5,17:30,5,E09000030,3,1202,6,30,0,-1,-1,0,0,0,4,1,1,0,0,1,2,E01004309,31-03-2018,1,1,1,1,25,5,3,0,0,0,0,-1,4,-1
5791,94.21795612,26.73325777,1,3,2,1,1,22:00,5,E09000030,4,135,6,30,3,4,6,0,0,0,4,1,1,0,0,1,2,E01004228,15-05-2018,1,1,1,1,28,6,3,0,0,0,0,-1,4,1
5792,94.1727587,26.71802981,1,3,2,1,2,07:15,5,E09000030,3,13,6,30,0,-1,-1,0,0,0,1,1,1,0,0,1,2,E01004298,16-05-2018,1,1,1,1,41,7,2,0,0,0,0,-1,1,1
5793,94.21298077,26.72309038,1,3,1,1,2,13:04,5,E09000030,4,123,6,30,3,4,6,0,0,0,1,1,1,0,0,1,1,E01004256,02-05-2018,1,1,3,2,27,6,3,4,1,0,0,-1,0,-1
5794,94.19758481,26.74875125,1,3,3,1,6,12:10,5,E09000030,3,13,6,30,6,2,5,0,0,5,1,1,1,0,0,1,1,E01004299,20-05-2018,2,1,2,1,12,3,3,0,0,1,0,-1,9,1
5795,94.19937916,26.76032197,1,2,2,1,1,21:25,5,E09000030,3,13,3,30,3,4,6,0,0,4,4,1,1,0,0,1,1,E01004305,29-05-2018,1,1,3,1,53,8,3,9,5,0,0,-1,0,1
5796,94.17960092,26.74120821,1,3,2,1,3,12:04,5,E09000030,3,107,6,30,3,4,6,0,0,0,1,2,2,0,0,1,1,E01004208,10-05-2018,1,1,3,2,46,8,3,5,1,0,0,-1,0,1
5797,94.2063442,26.73649385,1,3,2,1,6,17:10,5,E09000030,6,0,3,30,6,4,3,13,0,0,1,1,1,0,0,1,1,E01004244,27-05-2018,1,2,3,1,-1,-1,3,5,1,0,0,-1,0,-1
5798,94.2173148,26.76964059,1,3,2,1,4,19:39,5,E09000030,3,13,3,40,7,2,3,13,0,5,1,1,1,0,0,1,1,E01004299,01-06-2018,1,1,3,1,14,3,2,5,3,0,0,-1,0,1
5799,94.21934828,26.73685905,1,3,1,1,2,20:19,5,E09000030,3,107,6,30,6,2,4,135,0,5,1,1,1,3,0,1,1,E01004203,23-05-2018,2,1,1,1,30,6,3,0,0,0,0,-1,2,1
5800,94.17250161,26.74587917,1,3,2,1,4,17:25,5,E09000030,3,11,3,30,0,-1,-1,0,0,0,1,1,1,0,0,1,1,E01004231,18-05-2018,1,1,3,2,16,4,3,5,1,0,0,-1,0,-1
5801,94.16798749,26.76692378,1,3,2,1,2,18:15,5,E09000030,3,13,6,30,6,4,6,0,0,4,1,1,1,0,0,1,1,E01004305,23-05-2018,1,1,1,1,37,7,3,0,0,0,0,-1,9,-1
5802,94.22358203,26.72418478,1,3,2,1,6,22:45,5,E09000030,3,11,3,30,0,-1,-1,0,0,4,4,1,1,0,0,1,1,E01004227,27-05-2018,1,1,1,2,53,8,3,0,0,0,0,-1,9,1
5803,94.22783296,26.76188243,1,3,4,1,5,14:02,5,E09000030,3,13,3,30,0,-1,-1,0,0,0,1,1,1,0,0,1,1,E01004245,26-05-2018,1,1,1,1,32,6,3,0,0,0,0,-1,1,1
5804,94.2307404,26.71947372,1,2,1,1,1,22:54,5,E09000030,3,13,6,30,0,-1,-1,0,0,0,4,2,2,0,0,1,1,E01004253,05-06-2018,1,1,1,1,-1,-1,3,0,0,0,0,-1,1,1
5805,94.20209532,26.75526973,1,3,2,1,7,18:51,5,E09000030,3,1203,6,30,3,4,6,0,0,0,1,1,1,0,0,1,1,E01004303,21-05-2018,1,1,1,1,32,6,3,0,0,0,0,-1,9,1
5806,94.21523593,26.73572702,1,3,3,4,3,09:55,5,E09000030,4,118,6,30,0,-1,-1,0,0,0,1,1,1,0,0,1,1,E01004266,03-05-2018,1,1,1,1,32,6,3,0,0,0,0,-1,1,1
5807,94.17238164,26.76845427,1,3,2,1,4,12:42,5,E09000030,3,1206,6,30,3,4,6,0,0,0,1,2,2,0,0,1,1,E01004279,01-06-2018,1,1,1,1,45,7,3,0,0,0,0,-1,9,1
5808,94.16791646,26.74446897,1,3,3,2,1,21:45,5,E09000030,3,13,6,30,6,4,6,0,0,0,4,1,1,0,0,1,1,E01004321,15-05-2018,1,1,1,2,35,6,3,0,0,0,0,-1,9,1
5809,94.21345633,26.74705409,1,3,2,2,1,17:49,4,E09000012,3,1208,6,30,0,-1,-1,0,0,0,1,1,1,0,0,1,1,E01001771,05-06-2018,1,1,1,1,43,7,3,0,0,0,0,-1,3,1
5810,94.19470774,26.75902177,1,2,2,1,2,16:02,5,E09000030,5,0,2,30,3,4,3,11,0,0,1,1,1,0,0,1,1,E01004262,30-05-2018,1,1,3,1,59,9,3,5,3,0,0,-1,0,1
5811,94.16743233,26.74646578,1,3,2,1,4,17:00,5,E09000030,4,135,6,30,0,-1,-1,0,0,0,1,1,1,0,0,1,2,E01004317,25-05-2018,2,1,1,1,36,7,3,0,0,0,0,-1,1,1
5812,94.21778626,26.74374907,1,3,2,1,3,19:15,5,E09000030,6,0,6,30,3,4,3,11,0,0,4,1,1,0,0,1,2,E01004231,17-05-2018,2,1,1,1,44,7,3,0,0,0,0,-1,5,1
5813,94.2027888,26.76782028,1,3,2,1,1,15:21,5,E09000030,6,0,6,30,3,4,4,126,0,1,1,1,1,0,0,1,1,E01004305,22-05-2018,1,1,1,1,24,5,3,0,0,0,0,-1,19,1
5814,94.21944055,26.75778199,1,2,2,1,3,18:40,5,E09000030,6,0,3,30,3,4,3,13,0,0,1,1,1,0,0,1,1,E01004304,31-05-2018,1,1,1,1,24,5,3,0,0,0,0,-1,9,1
5815,94.19850327,26.74840263,1,3,2,2,7,23:20,5,E09000030,4,132,6,30,3,4,6,0,0,0,4,1,1,0,0,1,2,E01004293,21-05-2018,2,2,1,1,24,5,3,0,0,0,0,-1,9,1
5816,94.17869633,26.7184817,1,3,2,3,4,13:20,5,E09000030,5,0,6,30,3,4,6,0,0,0,1,1,1,0,0,1,1,E01004244,25-05-2018,1,1,1,2,33,6,3,0,0,0,0,-1,9,1
5817,94.20415193,26.75207352,1,3,2,1,2,08:40,5,E09000030,3,1202,6,30,3,4,6,0,0,0,1,1,1,0,0,1,1,E01004310,06-06-2018,1,1,3,2,18,4,2,6,9,0,0,-1,0,-1
5818,94.19087691,26.72518139,1,3,3,2,1,01:20,5,E09000030,6,0,6,30,0,-1,-1,0,0,0,4,1,1,0,0,1,1,E01004286,05-06-2018,1,1,1,1,39,7,3,0,0,0,0,-1,1,1
5819,94.19923698,26.7411,1,3,2,1,1,15:40,5,E09000030,3,12,6,30,3,4,6,0,0,0,1,1,1,0,0,1,2,E01004238,12-06-2018,1,1,1,1,31,6,3,0,0,0,0,-1,5,1
5820,94.22094342,26.72268326,1,3,2,1,4,15:00,5,E09000030,3,11,6,30,3,4,4,120,0,0,1,1,1,0,0,1,1,E01004290,15-06-2018,1,1,1,1,34,6,3,0,0,0,0,-1,9,1
5821,94.22100141,26.72563578,1,3,1,1,5,13:09,5,E09000030,6,0,6,30,0,-1,-1,0,0,0,1,1,1,0,0,1,1,E01004254,02-06-2018,1,1,1,1,45,7,3,0,0,0,0,-1,19,1
5822,94.21498193,26.71843114,1,3,2,1,3,17:20,5,E09000030,3,13,6,30,3,4,6,0,0,0,1,1,1,0,0,1,1,E01004244,14-06-2018,2,1,1,1,30,6,3,0,0,0,0,-1,5,1
5823,94.22875456,26.73955272,1,3,2,1,5,08:40,5,E09000030,3,12,6,30,0,-1,-1,0,0,0,1,1,1,0,0,1,2,E01004249,21-04-2018,1,1,3,1,66,10,3,5,1,0,0,-1,0,-1
5824,94.17252049,26.72509925,1,3,2,1,2,19:35,5,E09000030,6,0,6,30,6,2,4,140,0,0,1,1,1,0,0,1,2,E01004238,13-06-2018,1,1,2,2,79,11,3,0,0,0,1,-1,11,1
5825,94.17023301,26.72693951,1,3,2,1,7,18:25,5,E09000030,5,0,6,30,3,4,4,140,0,0,1,1,1,0,0,1,2,E01004285,11-06-2018,1,1,1,1,31,6,3,0,0,0,0,-1,4,-1
5826,94.22920501,26.73516498,1,3,2,1,4,09:30,5,E09000030,3,13,6,30,6,4,6,0,0,0,1,1,1,0,0,1,2,E01004298,22-06-2018,1,1,2,1,66,10,3,0,0,0,3,-1,11,1
5827,94.1747387,26.76037592,1,3,2,1,7,07:27,4,E09000012,3,1209,6,30,3,4,3,1209,0,0,1,1,1,0,0,1,1,E01001771,18-06-2018,1,1,1,1,33,6,3,0,0,0,0,-1,1,1
5828,94.17746627,26.75026303,1,3,1,1,3,14:00,5,E09000030,6,0,6,30,3,4,6,0,0,0,1,1,1,0,0,1,2,E01004317,21-06-2018,1,1,2,2,-1,-1,3,0,0,1,0,-1,9,-1
5829,94.17914441,26.75948712,1,2,1,1,2,10:40,5,E09000030,3,13,6,30,6,2,4,108,0,5,1,1,1,0,0,1,1,E01004321,13-06-2018,3,1,1,1,56,9,3,0,0,0,0,-1,8,1
5830,94.17554839,26.74304258,1,3,2,1,7,11:33,5,E09000030,3,11,6,30,8,4,6,0,0,0,1,1,1,0,0,1,1,E01004322,11-06-2018,4,2,1,1,29,6,3,0,0,0,0,-1,9,1
5831,94.21321556,26.73982123,1,3,2,2,6,15:32,5,E09000030,3,1202,6,30,3,4,6,0,0,0,1,1,1,0,0,1,1,E01004310,10-06-2018,1,1,3,2,56,9,3,5,1,0,0,-1,0,-1
5832,94.18814751,26.76430511,1,3,1,1,3,14:58,5,E09000030,5,0,6,30,9,4,6,0,0,0,1,1,1,4,2,1,1,E01004307,22-03-2018,1,1,3,2,25,5,2,1,1,0,0,-1,0,-1
5833,94.20545756,26.72720602,1,3,2,1,7,17:32,4,E09000012,3,1208,6,30,3,4,6,0,0,0,1,1,1,0,0,1,1,E01004311,11-06-2018,1,1,1,1,60,9,3,0,0,0,0,-1,9,-1
5834,94.21385868,26.75604926,1,3,3,2,6,18:15,5,E09000030,6,0,6,30,6,4,6,0,0,0,1,1,1,0,0,1,1,E01004232,10-06-2018,2,1,2,1,74,10,3,0,0,0,4,-1,11,1
5835,94.22525987,26.7593827,1,3,2,1,5,17:07,5,E09000030,3,13,6,30,8,4,6,0,0,0,1,1,1,0,0,1,1,E01004326,23-06-2018,1,1,1,1,44,7,2,0,0,0,0,-1,1,1
5836,94.17666796,26.73100688,1,3,2,1,5,18:36,5,E09000030,6,0,6,30,0,-1,-1,0,0,0,1,1,1,0,0,1,1,E01004199,23-06-2018,2,1,1,1,20,4,3,0,0,0,0,-1,3,-1
5837,94.227297,26.74830438,1,3,2,1,6,23:40,5,E09000030,3,1209,6,30,0,-1,-1,0,0,0,4,1,1,0,0,1,1,E01004317,10-06-2018,1,1,2,2,60,9,3,0,0,1,0,-1,9,1
5838,94.22505682,26.76517557,1,3,1,1,6,18:46,5,E09000030,4,140,6,30,3,2,5,0,0,0,1,1,1,0,0,1,1,E01004239,10-06-2018,2,1,1,1,21,5,2,0,0,0,0,-1,3,1
5839,94.18264419,26.73251298,1,3,1,1,6,16:08,5,E09000030,4,118,6,30,6,4,6,0,0,0,1,1,1,0,0,1,1,E01004204,24-06-2018,1,1,2,1,46,8,3,0,0,0,0,-1,4,-1
5840,94.20441831,26.7470698,1,3,1,1,6,16:25,5,E09000030,6,0,2,30,3,4,6,0,0,0,1,1,1,0,0,1,1,E01004307,24-06-2018,2,1,1,1,55,8,2,0,0,0,0,-1,5,1
5841,94.18606711,26.74963857,1,3,2,1,2,20:10,5,E09000030,3,13,6,30,3,4,6,0,0,0,4,1,1,0,0,1,1,E01004298,06-06-2018,1,1,2,2,-1,-1,3,0,0,0,3,-1,11,-1
5842,94.22221227,26.74353141,1,3,3,3,5,23:05,5,E09000030,3,13,6,30,3,4,6,0,0,0,4,1,1,0,0,1,1,E01004219,23-06-2018,1,1,3,1,42,7,3,1,1,0,0,-1,0,1
5843,94.17039081,26.74345112,1,3,1,1,3,15:55,5,E09000030,3,1208,6,30,0,-1,-1,0,0,0,1,1,1,0,0,1,1,E01004204,21-06-2018,2,1,2,2,-1,-1,3,0,0,1,0,-1,9,1
5844,94.21503826,26.7696094,1,3,2,1,2,17:38,5,E09000030,4,126,2,30,3,4,6,0,0,1,1,1,1,0,0,1,1,E01004305,20-06-2018,2,2,1,1,40,7,2,0,0,0,0,-1,9,1
5845,94.18795191,26.74947651,1,3,2,1,7,17:25,5,E09000030,5,0,6,30,3,4,6,0,0,0,1,1,1,0,0,1,1,E01004286,25-06-2018,1,1,1,1,36,7,3,0,0,0,0,-1,5,1
5846,94.17087193,26.76247321,1,3,2,1,7,23:00,5,E09000030,3,13,6,30,3,4,5,0,0,4,4,1,1,0,0,1,1,E01004254,25-06-2018,1,1,1,2,37,7,3,0,0,0,0,-1,9,1
5847,94.18857523,26.7620782,1,2,2,1,2,17:56,5,E09000030,4,126,6,30,3,4,6,0,0,1,1,1,1,0,0,1,1,E01004301,20-06-2018,1,1,1,1,22,5,3,0,0,0,0,-1,5,1
5848,94.19291573,26.74505275,1,3,3,1,3,10:15,5,E09000030,6,0,3,30,3,4,3,1203,0,0,1,1,1,0,0,1,1,E01004294,14-06-2018,1,1,3,2,37,7,3,5,1,0,0,-1,0,-1
5849,94.21964073,26.76873789,1,3,1,1,4,19:16,5,E09000030,3,1203,6,30,6,4,6,0,0,0,1,1,1,0,0,1,1,E01004299,08-06-2018,2,1,1,1,27,6,3,0,0,0,0,-1,1,1
5850,94.21946718,26.74820106,1,3,2,1,7,18:40,5,E09000030,5,0,6,30,3,4,6,0,0,1,1,1,1,0,0,1,1,E01004320,18-06-2018,2,1,1,1,25,5,2,0,0,0,0,-1,2,1
5851,94.21915024,26.75069871,1,3,3,1,7,13:20,5,E09000030,3,13,3,40,0,-1,-1,0,0,0,1,1,1,0,0,1,1,E01004220,25-06-2018,1,1,1,1,58,9,3,0,0,0,0,-1,90,1
5852,94.18499864,26.76053842,1,3,2,1,6,15:38,5,E09000030,3,13,3,50,0,-1,-1,0,0,0,1,1,1,0,0,1,1,E01004320,10-06-2018,1,1,3,2,20,4,3,1,1,0,0,-1,0,1
5853,94.19810798,26.71917275,1,3,1,1,2,13:22,5,E09000030,4,108,6,30,6,4,6,0,0,0,1,1,1,0,0,1,1,E01004203,20-06-2018,1,1,2,2,52,8,3,0,0,0,3,-1,11,-1
5854,94.17588111,26.75043348,1,2,2,1,5,09:56,5,E09000030,3,13,2,30,0,-1,-1,0,0,0,1,1,1,0,0,1,1,E01004325,16-06-2018,1,2,2,2,38,7,3,0,0,0,3,-1,11,1
5855,94.20537347,26.72212469,1,3,1,1,4,07:47,5,E09000030,3,13,6,30,0,-1,-1,0,0,0,1,1,1,0,0,1,1,E01004219,22-06-2018,2,1,1,1,26,6,3,0,0,0,0,-1,4,1
5856,94.17826496,26.71760617,1,3,2,1,6,23:10,5,E09000030,3,11,6,30,3,4,6,0,0,0,4,1,1,0,0,1,1,E01004262,17-06-2018,1,1,1,1,34,6,3,0,0,0,0,-1,9,1
5857,94.21091981,26.74776652,1,3,1,1,6,19:03,5,E09000030,3,11,6,30,6,2,3,107,0,5,1,1,1,0,0,1,1,E01004208,17-06-2018,1,1,1,1,-1,-1,3,0,0,0,0,-1,1,-1
5858,94.19397323,26.7429208,1,3,2,1,4,04:30,5,E09000030,3,13,6,30,3,4,6,0,0,0,4,1,1,0,0,1,1,E01004304,22-06-2018,2,1,1,2,48,8,3,0,0,0,0,-1,9,1
5859,94.20754469,26.73896559,1,3,2,1,5,07:50,5,E09000030,4,126,6,30,0,-1,-1,0,0,0,1,1,1,0,0,1,2,E01004299,09-06-2018,1,1,3,2,-1,-1,3,1,3,0,0,-1,0,-1
5860,94.22734664,26.75408655,1,3,2,1,7,01:15,5,E09000030,6,0,6,30,3,4,6,0,0,0,4,1,1,0,0,1,2,E01004309,11-06-2018,1,1,3,2,11,3,3,5,1,0,0,-1,0,-1
5861,94.17846999,26.74492337,1,3,2,1,2,18:54,5,E09000030,5,0,6,30,3,4,3,1208,0,0,1,1,1,0,0,1,1,E01004202,13-06-2018,2,1,1,1,26,6,3,0,0,0,0,-1,5,-1
5862,94.20616376,26.75645734,1,3,1,1,6,12:30,5,E09000030,3,1209,6,30,6,2,4,108,0,0,1,1,1,0,0,1,1,E01004313,01-07-2018,1,1,1,1,42,7,3,0,0,0,0,-1,1,1
5863,94.21839752,26.73107427,1,3,2,1,4,11:45,5,E09000030,6,0,6,30,3,4,6,0,0,0,1,1,1,0,0,1,1,E01004236,15-06-2018,2,1,1,1,35,6,3,0,0,0,0,-1,19,1
5864,94.17805098,26.74942613,1,3,2,1,3,07:55,5,E09000030,3,13,3,30,3,4,5,0,0,0,1,1,1,0,0,1,1,E01004325,21-06-2018,2,1,1,1,29,6,3,0,0,0,0,-1,3,-1
5865,94.19173677,26.76672929,1,3,2,1,6,16:20,5,E09000030,4,145,3,30,3,4,4,126,0,0,1,1,1,0,0,1,1,E01004299,17-06-2018,1,1,1,2,-1,-1,3,0,0,0,0,-1,9,1
5866,94.17913442,26.73417386,1,3,2,1,5,13:00,5,E09000030,5,0,6,30,6,4,3,1206,0,1,1,1,1,0,0,1,2,E01004275,07-07-2018,1,1,3,1,49,8,2,8,9,0,0,-1,0,1
5867,94.17935126,26.7574558,1,3,2,1,6,16:35,5,E09000030,3,11,6,30,3,2,4,142,0,5,1,1,1,0,0,1,2,E01004225,01-07-2018,1,1,1,2,30,6,3,0,0,0,0,-1,9,1
5868,94.19399196,26.7291859,1,3,1,1,1,08:45,5,E09000030,5,0,6,30,0,-1,-1,0,0,0,1,1,1,0,0,1,2,E01004208,17-04-2018,1,1,1,1,50,8,3,0,0,0,0,-1,9,1
5869,94.16914338,26.76591589,1,2,2,1,4,15:30,5,E09000030,3,1261,7,30,5,4,6,0,0,0,1,1,1,0,0,1,1,E01004220,29-06-2018,1,1,3,2,45,7,3,5,3,0,0,-1,0,1
5870,94.22675561,26.72143648,1,3,3,1,4,12:15,5,E09000030,4,108,6,30,0,-1,-1,0,0,0,1,1,1,0,0,1,2,E01004309,29-06-2018,1,1,1,1,47,8,3,0,0,0,0,-1,9,1
5871,94.16821344,26.72111701,1,3,2,2,3,15:48,5,E09000030,3,1209,6,30,0,-1,-1,0,0,1,1,2,2,0,0,1,1,E01004315,05-07-2018,1,1,3,1,-1,-1,3,9,5,0,0,-1,0,-1