Accident_Index,longitude,latitude,Police_Force,Accident_Severity,Number_of_Vehicles,Number_of_Casualties,Day_of_Week,Time,Local_Authority_(District),Local_Authority_(Highway),1st_Road_Class,1st_Road_Number,Road_Type,Speed_limit,Junction_Detail,Junction_Control,2nd_Road_Class,2nd_Road_Number,Pedestrian_Crossing-Human_Control,Pedestrian_Crossing-Physical_Facilities,Light_Conditions,Weather_Conditions,Road_Surface_Conditions,Special_Conditions_at_Site,Carriageway_Hazards,Urban_or_Rural_Area,Did_Police_Officer_Attend_Scene_of_Accident,LSOA_of_Accident_Location,Date,Vehicle_Reference,Casualty_Reference,Casualty_Class,Sex_of_Casualty,Age_of_Casualty,Age_Band_of_Casualty,Casualty_Severity,Pedestrian_Location,Pedestrian_Movement,Car_Passenger,Bus_or_Coach_Passenger,Pedestrian_Road_Maintenance_Worker,Casualty_Type,Casualty_Home_Area_Type
5872,94.2297828,26.72119112,1,3,2,1,4,21:45,5,E09000030,6,0,6,30,3,4,6,0,0,0,4,1,1,0,0,1,2,E01004274,29-06-2018,1,1,3,1,24,5,3,5,1,0,0,-1,0,-1
5873,94.21177622,26.73162323,1,3,2,1,3,19:15,5,E09000030,3,13,6,30,6,2,4,121,0,5,1,1,1,0,0,1,1,E01004299,28-06-2018,1,1,3,1,-1,-1,3,5,4,0,0,-1,0,-1
5874,94.18738843,26.7365671,1,3,1,1,3,15:55,5,E09000030,6,0,6,30,3,4,4,120,0,0,1,1,1,0,0,1,1,E01004207,28-06-2018,1,1,3,2,-1,-1,3,5,1,0,0,-1,0,-1
5875,94.2296334,26.76397777,1,3,2,1,3,08:36,5,E09000030,3,11,6,30,3,4,6,0,0,0,1,1,1,0,0,1,1,E01004262,12-07-2018,1,1,3,1,19,4,3,5,1,0,0,-1,0,1
5876,94.20809502,26.71865495,1,3,1,1,5,18:50,5,E09000030,6,0,6,30,3,4,4,135,0,0,1,2,2,0,0,1,1,E01004211,30-06-2018,1,1,2,1,27,6,3,0,0,0,0,-1,19,-1
5877,94.1943923,26.75625612,1,3,4,1,1,21:02,5,E09000030,4,142,6,30,6,4,5,0,0,0,1,1,1,0,0,1,1,E01004224,17-07-2018,1,1,2,2,72,10,3,0,0,0,3,-1,11,1
5878,94.18031363,26.74514824,1,3,1,1,2,00:50,5,E09000030,6,0,6,30,8,4,6,0,0,0,4,1,1,0,0,1,1,E01004324,18-07-2018,2,1,1,1,36,7,3,0,0,0,0,-1,9,-1
5879,94.1782348,26.74555067,1,3,2,1,1,22:44,5,E09000030,3,1206,6,30,0,-1,-1,0,0,0,4,1,1,0,0,1,1,E01004219,17-07-2018,1,1,1,1,50,8,3,0,0,0,0,-1,9,1
5880,94.20814046,26.75099883,1,2,2,1,2,17:05,5,E09000030,3,1203,6,30,6,2,3,1204,0,5,1,2,2,0,0,1,1,E01004303,04-07-2018,2,2,2,1,18,4,3,0,0,1,0,-1,9,1
5881,94.19697333,26.72362964,1,3,2,1,6,13:35,5,E09000030,5,0,6,30,3,4,6,0,0,1,1,1,1,0,0,1,1,E01004247,01-07-2018,2,1,1,1,45,7,3,0,0,0,0,-1,1,3
5882,94.20272656,26.74395682,1,3,3,1,4,20:10,5,E09000030,6,0,6,30,3,4,3,1205,0,1,1,1,1,0,0,1,1,E01004270,06-07-2018,1,1,1,2,-1,-1,3,0,0,0,0,-1,9,-1
5883,94.2250008,26.71993598,1,3,2,2,2,09:40,5,E09000030,6,0,6,30,3,4,3,1202,0,0,1,1,1,0,0,1,1,E01004310,04-07-2018,2,2,1,1,74,10,3,0,0,0,0,-1,9,1
5884,94.19536739,26.74437586,1,3,2,1,3,14:45,5,E09000030,3,1206,6,30,3,4,3,1206,0,0,1,1,1,0,0,1,2,E01004255,28-06-2018,1,1,1,1,48,8,3,0,0,0,0,-1,9,1
5885,94.22447528,26.74497567,1,3,1,1,1,15:30,5,E09000030,3,13,6,30,3,2,3,13,0,0,1,1,1,0,0,1,1,E01004252,03-07-2018,2,2,1,1,77,11,2,0,0,0,0,-1,9,-1
5886,94.1755249,26.76333258,1,3,2,1,2,18:45,5,E09000030,3,13,6,30,3,4,6,0,0,0,1,1,1,0,0,1,1,E01004254,04-07-2018,1,1,1,1,32,6,3,0,0,0,0,-1,5,1
5887,94.21109257,26.76181895,1,3,1,1,1,09:35,5,E09000030,3,13,6,30,6,2,4,108,0,5,1,1,1,0,0,1,1,E01004319,03-07-2018,1,2,1,1,42,7,3,0,0,0,0,-1,9,1
5888,94.19734222,26.72017146,1,3,1,1,5,10:00,5,E09000030,5,0,6,30,3,4,6,0,0,0,1,1,1,0,0,1,1,E01004215,30-06-2018,2,1,2,1,33,6,3,0,0,1,0,-1,9,1
5889,94.19874435,26.75794896,1,3,2,1,4,15:30,5,E09000030,3,1206,6,30,8,4,3,1206,0,0,1,1,1,0,0,1,2,E01004215,15-06-2018,2,3,1,1,33,6,3,0,0,0,0,-1,9,-1
5890,94.18781707,26.71905055,1,2,2,1,6,16:15,5,E09000030,3,13,3,30,7,4,4,134,0,0,1,1,1,0,0,1,1,E01004320,08-07-2018,1,1,1,1,39,7,3,0,0,0,0,-1,1,1
5891,94.22351886,26.74749284,1,3,4,1,2,19:20,5,E09000030,6,0,6,30,0,-1,-1,0,0,0,1,1,1,0,0,1,2,E01004250,11-07-2018,1,1,1,1,34,6,3,0,0,0,0,-1,1,1
5892,94.21208892,26.75482323,1,3,2,1,4,13:55,5,E09000030,6,0,6,30,3,4,6,0,0,0,1,1,1,0,0,1,1,E01004248,20-07-2018,1,1,1,1,29,6,3,0,0,0,0,-1,5,1
5893,94.22084599,26.72333647,1,3,3,1,4,18:40,5,E09000030,3,1205,6,30,6,2,4,140,0,0,1,1,1,0,0,1,1,E01004273,20-07-2018,1,1,3,1,39,7,3,4,2,0,0,-1,0,1
5894,94.17923269,26.74728864,1,3,2,1,4,16:40,5,E09000030,3,13,6,30,3,2,3,13,0,5,1,1,1,0,0,1,1,E01004252,20-07-2018,1,1,1,1,-1,-1,3,0,0,0,0,-1,9,-1
5895,94.17322728,26.74868272,1,3,2,1,1,11:00,5,E09000030,3,11,6,30,3,4,5,0,0,0,1,1,1,0,0,1,1,E01004325,17-07-2018,1,1,1,2,40,7,3,0,0,0,0,-1,9,-1
5896,94.21051675,26.7483106,1,3,2,1,2,19:30,5,E09000030,3,11,6,30,3,4,4,120,0,0,1,1,1,0,0,1,1,E01004290,18-07-2018,2,2,1,1,59,9,3,0,0,0,0,-1,9,1
5897,94.18957345,26.74306752,1,3,2,1,7,16:36,5,E09000030,6,0,6,30,8,4,3,1206,0,0,1,1,1,0,0,1,1,E01004252,16-07-2018,1,1,3,1,11,3,3,5,2,0,0,-1,0,1
5898,94.2078342,26.75681599,1,3,2,1,6,18:59,5,E09000030,3,100,6,30,6,2,3,1203,0,0,1,1,1,0,0,1,1,E01004293,22-07-2018,1,1,1,1,-1,-1,3,0,0,0,0,-1,9,-1
5899,94.16979213,26.76214812,1,3,2,1,2,12:47,5,E09000030,6,0,6,30,0,-1,-1,0,0,4,1,1,1,0,0,1,1,E01004278,25-07-2018,1,1,1,1,38,7,3,0,0,0,0,-1,3,-1
5900,94.22955912,26.75795156,1,3,1,1,1,15:06,5,E09000030,4,123,6,30,0,-1,-1,0,0,0,1,2,2,0,0,1,1,E01004277,24-07-2018,1,1,2,2,31,6,3,0,0,1,0,-1,9,1
5901,94.22037327,26.76661038,1,3,1,1,6,19:05,4,E09000012,3,10,6,30,0,-1,-1,0,0,0,1,1,1,0,0,1,1,E01001771,15-07-2018,1,1,3,1,29,6,3,5,1,0,0,-1,0,-1
5902,94.20046111,26.75265068,1,3,2,2,1,13:30,5,E09000030,6,0,6,30,6,4,6,0,0,0,1,1,1,0,0,1,1,E01004222,24-07-2018,1,1,1,2,26,6,3,0,0,0,0,-1,1,1
5903,94.18114829,26.73990495,1,3,3,1,4,16:00,5,E09000030,4,140,6,30,0,-1,-1,0,0,0,1,1,1,0,0,1,1,E01004273,06-07-2018,1,1,1,1,30,6,3,0,0,0,0,-1,9,1
5904,94.19093574,26.75541458,1,2,2,1,4,12:05,5,E09000030,3,1206,1,30,1,4,3,1206,0,0,1,1,1,0,0,1,1,E01004277,20-07-2018,1,1,1,1,30,6,3,0,0,0,0,-1,9,1
5905,94.22662811,26.76031954,1,3,2,1,3,06:40,5,E09000030,3,11,6,30,3,2,4,134,0,0,1,1,1,0,0,1,2,E01004325,02-08-2018,1,1,1,2,26,6,3,0,0,0,0,-1,9,1
5906,94.20553688,26.7674355,1,3,1,1,2,12:01,5,E09000030,3,1205,6,30,0,-1,-1,0,0,0,1,1,1,0,0,1,1,E01004232,18-07-2018,1,1,3,1,21,5,3,5,1,0,0,-1,0,1
5907,94.197941,26.71860689,1,3,3,2,2,15:20,5,E09000030,3,13,3,50,7,2,3,1268,0,0,1,1,1,2,0,1,1,E01004220,20-06-2018,2,1,1,1,18,4,3,0,0,0,0,-1,9,1
5908,94.16964073,26.72937419,1,3,2,1,2,14:40,5,E09000030,3,13,6,30,0,-1,-1,0,0,0,1,1,1,0,0,1,1,E01004244,25-07-2018,2,1,1,2,31,6,3,0,0,0,0,-1,1,1
5909,94.22500745,26.7426523,1,3,2,1,4,07:50,5,E09000030,3,11,6,30,6,2,4,108,0,5,1,2,2,0,0,1,1,E01004309,15-06-2018,2,1,1,1,40,7,3,0,0,0,0,-1,1,1
5910,94.21946449,26.76559301,1,3,1,1,1,15:38,5,E09000030,3,1203,6,30,6,2,3,1204,0,5,1,1,1,0,0,1,1,E01004303,17-07-2018,1,2,1,2,56,9,3,0,0,0,0,-1,9,-1
5911,94.16769542,26.75426569,1,3,3,1,3,18:20,5,E09000030,3,102,2,30,0,-1,-1,0,0,0,4,1,1,0,0,1,2,E01004220,08-02-2018,2,1,2,1,24,5,3,0,0,1,0,-1,9,1
5912,94.21547195,26.73569028,1,3,2,1,5,13:07,5,E09000030,3,11,3,30,0,-1,-1,0,0,4,1,1,1,0,0,1,1,E01004261,28-07-2018,1,1,1,2,24,5,3,0,0,0,0,-1,9,1
5913,94.16926527,26.72861352,1,3,2,2,7,21:42,5,E09000030,5,0,6,30,6,2,4,140,0,5,4,1,1,1,0,1,1,E01004272,06-08-2018,1,1,1,1,29,6,3,0,0,0,0,-1,1,1
5914,94.22518244,26.75012727,1,2,2,1,2,08:31,5,E09000030,4,118,6,30,3,4,6,0,0,0,1,1,1,0,0,1,1,E01004311,08-08-2018,1,1,1,1,33,6,3,0,0,0,0,-1,9,1
5915,94.21870302,26.75519716,1,2,1,2,1,14:35,5,E09000030,3,1203,6,30,3,4,4,108,0,0,1,1,1,0,0,1,1,E01004294,07-08-2018,1,1,1,1,23,5,3,0,0,0,0,-1,9,1
5916,94.185191,26.74237508,1,3,2,1,4,07:38,5,E09000030,3,1202,6,30,0,-1,-1,0,0,0,1,1,1,0,0,1,1,E01004307,03-08-2018,1,1,2,1,-1,-1,3,0,0,1,0,-1,9,-1
5917,94.2182407,26.76492127,1,2,2,1,2,19:48,5,E09000030,3,13,6,30,6,4,3,13,0,0,1,1,1,0,0,1,1,E01004325,01-08-2018,1,1,1,2,26,6,3,0,0,0,0,-1,1,1
5918,94.19938698,26.75069976,1,3,2,1,1,14:45,5,E09000030,3,11,6,30,6,2,3,11,0,5,1,1,1,0,0,1,2,E01004322,24-07-2018,1,1,1,1,42,7,3,0,0,0,0,-1,19,1
5919,94.22257061,26.7594671,1,3,2,3,1,18:00,5,E09000030,3,12,3,40,0,-1,-1,0,0,0,1,1,1,0,0,1,1,E01004249,26-06-2018,1,1,1,1,30,6,3,0,0,0,0,-1,3,1
5920,94.1697802,26.75107242,1,3,2,1,6,13:15,5,E09000030,3,13,6,30,3,4,6,0,0,0,1,1,1,0,0,1,1,E01004305,29-07-2018,1,1,1,2,33,6,3,0,0,0,0,-1,9,1
5921,94.22619458,26.73798013,1,3,1,1,7,15:59,5,E09000030,3,13,6,30,3,4,6,0,0,1,1,1,1,0,0,1,1,E01004244,06-08-2018,1,1,1,1,-1,-1,2,0,0,0,0,-1,4,-1
5922,94.17586891,26.72032613,1,3,2,2,4,10:38,5,E09000030,4,135,6,30,6,2,3,1205,0,0,1,1,1,0,0,1,1,E01004230,27-07-2018,1,1,3,1,37,7,3,5,2,0,0,-1,0,-1
5923,94.217149,26.72094918,1,3,2,1,4,09:20,5,E09000030,3,13,6,30,3,4,3,13,0,0,1,1,1,0,0,1,1,E01004326,03-08-2018,1,2,1,1,28,6,3,0,0,0,0,-1,4,1
5924,94.22362789,26.76809071,1,3,2,1,1,14:40,5,E09000030,3,1261,3,50,0,-1,-1,0,0,0,1,1,1,0,0,1,2,E01004219,07-08-2018,1,1,3,2,-1,-1,3,4,1,0,0,-1,0,-1
5925,94.17943493,26.72044312,1,3,2,1,4,22:12,5,E09000030,3,13,6,30,3,4,6,0,0,4,4,1,1,0,0,1,1,E01004320,03-08-2018,1,1,1,2,45,7,2,0,0,0,0,-1,9,1
5926,94.16691248,26.7658967,1,3,2,1,6,18:15,5,E09000030,3,11,3,30,8,4,6,0,0,0,1,1,1,0,0,1,2,E01004322,15-07-2018,1,1,1,1,30,6,3,0,0,0,0,-1,9,1
5927,94.18424833,26.75732107,1,3,2,1,5,13:10,5,E09000030,3,11,3,30,0,-1,-1,0,0,0,1,1,1,0,0,1,1,E01004225,14-07-2018,1,2,2,2,59,9,3,0,0,1,0,-1,9,1
5928,94.17112947,26.72646141,1,3,3,1,4,08:05,5,E09000030,3,1261,3,50,0,-1,-1,0,0,0,1,1,1,0,0,1,1,E01004277,13-07-2018,1,1,1,1,45,7,3,0,0,0,0,-1,5,1
5929,94.22184713,26.75124755,1,3,1,1,3,17:05,5,E09000030,6,0,6,30,0,-1,-1,0,0,0,1,1,1,0,0,1,1,E01004259,12-07-2018,1,1,1,1,41,7,3,0,0,0,0,-1,3,1
5930,94.22891471,26.71791183,1,3,3,1,3,13:20,5,E09000030,3,1261,6,50,5,4,6,0,0,0,1,1,1,0,0,1,1,E01004277,12-07-2018,1,1,1,1,40,7,3,0,0,0,0,-1,9,1
5931,94.20890438,26.73958559,1,3,1,1,6,10:40,5,E09000030,4,135,6,30,3,4,6,0,0,1,1,1,1,0,0,1,1,E01004259,29-07-2018,2,1,1,1,39,7,3,0,0,0,0,-1,9,1
5932,94.17230385,26.73065297,1,3,2,1,1,21:25,5,E09000030,4,135,6,30,6,2,3,1205,0,0,4,1,1,0,0,1,1,E01004234,07-08-2018,1,1,1,1,23,5,3,0,0,0,0,-1,5,1
5933,94.20280945,26.73004972,1,3,2,1,7,15:30,5,E09000030,3,12,3,40,0,-1,-1,0,0,0,1,1,1,0,0,1,1,E01004227,06-08-2018,1,1,1,1,26,6,3,0,0,0,0,-1,9,1
5934,94.21799301,26.75398524,1,3,1,1,4,23:05,5,E09000030,6,0,6,30,8,4,6,0,0,0,4,1,1,0,0,1,1,E01004238,03-08-2018,1,1,3,1,47,8,3,5,2,0,0,-1,0,1
5935,94.19775829,26.74068031,1,3,2,1,2,23:00,5,E09000030,3,13,6,30,3,4,6,0,0,0,4,1,1,0,0,1,1,E01004305,20-06-2018,1,1,1,1,28,6,3,0,0,0,0,-1,9,1
5936,94.20197495,26.73751776,1,3,2,1,7,10:30,5,E09000030,3,11,1,30,1,4,3,12,0,0,1,1,1,0,0,1,2,E01004235,30-07-2018,1,1,1,1,31,6,3,0,0,0,0,-1,4,-1
5937,94.18092677,26.72189178,1,3,1,1,5,11:55,5,E09000030,4,140,6,30,3,4,6,0,0,0,1,1,1,0,0,1,1,E01004270,30-06-2018,2,1,1,1,41,7,3,0,0,0,0,-1,1,1
5938,94.18830975,26.76820208,1,3,2,1,5,09:00,5,E09000030,3,11,6,30,0,-1,-1,0,0,0,1,1,1,0,0,1,1,E01004269,11-08-2018,1,1,3,2,12,3,3,5,2,0,0,-1,0,1
5939,94.19737472,26.74065858,1,3,2,1,5,18:13,5,E09000030,3,13,6,30,3,4,6,0,0,0,1,1,1,0,0,1,1,E01004304,11-08-2018,1,1,3,2,57,9,3,5,3,0,0,-1,0,1
5940,94.20437425,26.74203828,1,3,2,1,6,21:20,5,E09000030,3,11,6,30,3,4,5,0,0,0,4,1,1,0,0,1,1,E01004290,12-08-2018,1,1,1,1,37,7,3,0,0,0,0,-1,4,1
5941,94.18877135,26.74651141,1,3,2,1,3,12:10,5,E09000030,3,11,6,30,3,4,3,11,0,0,1,1,1,0,0,1,1,E01004325,09-08-2018,1,1,3,1,15,3,3,1,1,0,0,-1,0,-1
5942,94.19388487,26.74195574,1,2,2,1,5,00:50,5,E09000030,3,11,6,30,3,2,4,134,0,0,4,1,1,0,0,1,2,E01004325,11-08-2018,2,1,1,1,44,7,3,0,0,0,0,-1,2,1
5943,94.20333509,26.74346327,1,3,1,1,5,19:45,5,E09000030,3,1206,6,30,0,-1,-1,0,0,0,1,1,1,0,0,1,1,E01004219,11-08-2018,1,1,1,2,26,6,3,0,0,0,0,-1,1,1
5944,94.18455366,26.73507327,1,3,2,1,3,10:25,4,E09000012,3,1208,6,30,6,4,3,10,0,0,1,1,1,0,0,1,1,E01001771,09-08-2018,1,1,3,1,11,3,3,9,9,0,0,-1,0,-1
5945,94.19720047,26.72395472,1,3,3,1,6,09:06,5,E09000030,6,0,6,30,8,4,6,0,0,0,1,1,1,0,0,1,1,E01004205,12-08-2018,2,1,1,2,51,8,2,0,0,0,0,-1,1,1
5946,94.18277467,26.75255617,1,3,2,1,1,18:30,5,E09000030,3,11,3,30,6,2,4,108,0,5,1,1,1,0,0,1,2,E01004322,17-07-2018,1,1,3,1,18,4,3,5,1,0,0,-1,0,1
5947,94.18925781,26.76067047,1,3,2,1,4,11:30,5,E09000030,5,0,6,30,0,-1,-1,0,0,0,1,1,1,0,0,1,1,E01004250,10-08-2018,2,1,1,2,38,7,3,0,0,0,0,-1,9,1
5948,94.17905062,26.75463491,1,3,2,1,7,11:20,5,E09000030,3,13,6,30,3,4,6,0,0,4,1,1,1,0,0,1,1,E01004305,06-08-2018,2,2,2,2,24,5,3,0,0,1,0,-1,9,1
5949,94.21773875,26.75468181,1,3,2,1,6,22:15,5,E09000030,3,1203,3,30,0,-1,-1,0,0,0,4,1,1,0,0,1,2,E01004258,29-07-2018,1,1,3,2,15,3,3,5,3,0,0,-1,0,1
5950,94.16912531,26.76207143,1,3,2,1,4,13:45,5,E09000030,5,0,6,30,3,4,4,134,0,0,1,1,1,0,0,1,2,E01004307,17-08-2018,1,1,1,2,51,8,3,0,0,0,0,-1,9,1
5951,94.19302764,26.76749685,1,3,2,1,7,17:01,5,E09000030,3,11,6,30,0,-1,-1,0,0,0,1,2,2,0,0,1,2,E01004261,13-08-2018,2,1,1,2,22,5,2,0,0,0,0,-1,3,1
5952,94.23104799,26.76407755,1,3,2,1,3,07:30,5,E09000030,3,1206,6,30,3,4,6,0,0,0,1,1,1,0,0,1,2,E01004282,16-08-2018,1,1,3,1,21,5,3,4,1,0,0,-1,0,-1
5953,94.17204203,26.72930252,1,3,2,2,1,17:00,5,E09000030,3,1206,3,30,1,4,5,0,0,1,1,1,1,0,0,1,1,E01004221,03-07-2018,1,1,1,1,38,7,3,0,0,0,0,-1,9,1
5954,94.22861503,26.75596038,1,3,2,1,7,12:38,5,E09000030,6,0,6,30,3,4,6,0,0,0,1,1,1,0,0,1,1,E01004322,20-08-2018,1,1,3,2,28,6,3,5,2,0,0,-1,0,1
5955,94.2053624,26.76293719,1,3,3,1,6,11:39,5,E09000030,3,13,3,50,0,-1,-1,0,0,0,1,1,1,0,0,1,1,E01004243,12-08-2018,2,1,1,1,28,6,3,0,0,0,0,-1,5,1
5956,94.16999388,26.7547839,1,3,1,1,6,17:37,5,E09000030,5,0,6,30,3,4,6,0,0,1,1,1,1,0,0,1,1,E01004244,12-08-2018,1,1,2,2,29,6,3,0,0,0,3,-1,11,1
5957,94.18954385,26.74653408,1,3,2,2,2,16:20,5,E09000030,5,0,6,30,8,4,6,0,0,0,1,1,1,0,0,1,1,E01004215,15-08-2018,1,1,3,1,31,6,3,5,1,0,0,-1,0,1
5958,94.18122619,26.76423836,1,3,2,1,2,13:05,5,E09000030,3,1261,3,40,3,2,3,1261,0,0,1,1,1,0,0,1,1,E01004277,15-08-2018,1,1,1,1,33,6,3,0,0,0,0,-1,1,-1
5959,94.19366674,26.7632292,1,3,2,1,5,13:30,5,E09000030,3,1205,6,30,0,-1,-1,0,0,1,1,1,1,0,0,1,1,E01004230,23-06-2018,1,1,1,2,42,7,3,0,0,0,0,-1,9,1
5960,94.1798177,26.75136904,1,3,1,2,6,18:38,5,E09000030,3,13,3,30,3,4,6,0,0,0,1,1,1,0,0,1,1,E01004298,26-08-2018,1,1,3,1,38,7,3,1,9,0,0,-1,0,-1
5961,94.1763341,26.72075321,1,3,2,1,4,09:49,5,E09000030,3,11,1,30,1,4,3,12,0,0,1,2,2,0,0,1,1,E01004235,24-08-2018,2,1,1,1,42,7,3,0,0,0,0,-1,9,1
5962,94.18183263,26.74273453,1,3,1,1,7,13:34,5,E09000030,3,107,6,30,3,3,4,118,0,0,1,1,1,0,0,1,1,E01004203,13-08-2018,2,1,1,1,-1,-1,3,0,0,0,0,-1,1,-1
5963,94.17112561,26.73067635,1,3,2,1,3,08:25,5,E09000030,3,107,6,30,3,2,4,118,0,5,1,1,1,0,0,1,1,E01004203,16-08-2018,1,1,1,1,40,7,3,0,0,0,0,-1,9,1
5964,94.21703715,26.71942346,1,3,2,3,6,23:05,5,E09000030,3,1202,3,30,0,-1,-1,0,0,0,4,1,2,0,0,1,1,E01004307,19-08-2018,1,1,3,1,20,4,3,1,1,0,0,-1,0,-1
5965,94.22840652,26.73697174,1,3,3,1,4,09:24,5,E09000030,3,13,6,30,0,-1,-1,0,0,0,1,1,1,0,0,1,1,E01004299,17-08-2018,2,1,1,1,20,4,3,0,0,0,0,-1,1,1
5966,94.19131806,26.74743485,1,3,2,1,4,13:02,5,E09000030,3,1206,1,30,1,4,5,0,0,0,1,1,1,0,0,1,2,E01004278,17-08-2018,1,1,3,2,34,6,3,4,2,0,0,-1,0,1
5967,94.17823486,26.769399,1,3,5,1,5,13:00,5,E09000030,3,13,3,40,0,-1,-1,0,0,0,1,1,1,0,0,1,1,E01004219,18-08-2018,1,1,3,1,21,5,2,5,1,0,0,-1,0,-1
5968,94.20596421,26.74377504,48,3,2,1,3,16:30,570,E09000001,3,100,6,30,0,-1,-1,0,0,0,1,1,1,0,0,1,2,,23-08-2018,1,1,2,2,53,8,3,0,0,1,0,-1,9,1
5969,94.20421351,26.76421038,1,3,2,1,5,12:20,5,E09000030,3,11,1,30,1,2,3,12,0,5,1,1,1,0,0,1,1,E01004235,01-09-2018,1,1,2,1,62,9,3,0,0,0,3,-1,11,-1
5970,94.22192378,26.74070864,1,3,1,1,3,11:50,5,E09000030,3,11,3,30,3,4,4,142,0,0,1,1,1,0,0,1,2,E01004225,02-08-2018,1,1,1,1,-1,-1,3,0,0,0,0,-1,1,1
5971,94.22669858,26.74785179,1,3,2,1,2,18:40,5,E09000030,3,1206,1,30,1,4,3,1206,0,0,1,1,1,0,0,1,2,E01004277,15-08-2018,2,1,1,1,41,7,2,0,0,0,0,-1,3,-1
5972,94.22324378,26.72299398,1,3,2,3,2,18:55,5,E09000030,4,121,6,30,7,4,5,0,0,0,1,1,1,0,0,1,2,E01004288,29-08-2018,1,1,1,1,21,5,3,0,0,0,0,-1,5,-1
5973,94.20192752,26.75658211,1,3,1,1,2,16:43,5,E09000030,3,13,6,30,3,2,6,0,0,5,1,2,2,0,0,1,1,E01004244,22-08-2018,1,1,3,1,13,3,3,5,1,0,0,-1,0,-1
5974,94.20355636,26.74476172,1,3,2,1,3,21:57,5,E09000030,3,1203,6,40,6,2,3,1202,0,5,4,1,1,0,0,1,1,E01004294,30-08-2018,1,1,3,1,44,7,3,9,5,0,0,-1,0,-1
5975,94.18432167,26.7326537,1,3,2,2,3,07:59,5,E09000030,4,140,6,30,0,-1,-1,0,0,0,1,1,1,0,0,1,1,E01004272,23-08-2018,1,1,3,2,35,6,2,1,1,0,0,-1,0,1
5976,94.17103372,26.75059686,1,3,2,1,2,01:05,5,E09000030,3,100,3,30,6,2,3,1203,0,5,4,1,1,0,0,1,1,E01004293,08-08-2018,1,1,1,1,32,6,3,0,0,0,0,-1,9,1
5977,94.22978948,26.75560938,1,2,2,1,6,17:29,5,E09000030,3,1203,3,50,0,-1,-1,0,0,0,1,1,1,0,0,1,1,E01004296,12-08-2018,1,1,1,1,26,6,3,0,0,0,0,-1,9,1
5978,94.21178926,26.76509382,1,2,3,2,6,21:16,5,E09000030,3,100,6,30,0,-1,-1,0,0,4,4,1,1,0,0,1,1,E01004293,26-08-2018,1,1,1,1,25,5,3,0,0,0,0,-1,1,1
5979,94.2259826,26.7603187,1,3,1,1,7,19:17,5,E09000030,6,0,2,30,0,-1,-1,0,0,0,1,1,1,0,0,1,1,E01004294,27-08-2018,1,1,1,1,-1,-1,3,0,0,0,0,-1,1,1
5980,94.17701848,26.76673407,1,3,2,1,2,08:08,4,E09000012,3,106,6,30,3,4,3,107,0,0,1,1,1,0,0,1,1,E01004197,29-08-2018,2,1,1,2,22,5,3,0,0,0,0,-1,1,1
5981,94.17535108,26.72785331,1,3,2,1,1,23:40,5,E09000030,3,13,3,30,3,4,3,1268,0,0,4,1,1,0,0,1,1,E01004220,28-08-2018,2,1,1,1,24,5,3,0,0,0,0,-1,5,1
5982,94.18660042,26.76798916,1,3,2,4,1,00:05,5,E09000030,3,13,3,30,7,2,3,12,0,5,4,1,1,0,0,1,1,E01004247,04-09-2018,1,1,1,1,62,9,3,0,0,0,0,-1,8,1
5983,94.20409529,26.76446587,1,3,2,1,4,20:40,5,E09000030,4,108,6,30,3,2,4,118,0,5,4,1,1,0,0,1,2,E01004204,24-08-2018,1,1,1,1,35,6,3,0,0,0,0,-1,2,-1
5984,94.22008529,26.7396988,1,3,1,1,3,15:50,5,E09000030,4,118,6,30,3,4,6,0,0,0,1,1,1,0,0,1,1,E01004222,30-08-2018,1,1,2,1,-1,-1,3,0,0,0,0,-1,90,-1
5985,94.18842721,26.76226654,1,3,2,1,2,22:00,5,E09000030,3,13,6,30,0,-1,-1,0,0,0,4,1,1,0,0,1,2,E01004304,29-08-2018,1,1,1,1,42,7,2,0,0,0,0,-1,4,1
5986,94.21925528,26.75882393,1,2,2,1,3,09:55,5,E09000030,6,0,3,30,3,4,3,13,0,0,1,1,1,0,0,1,1,E01004298,23-08-2018,1,1,1,1,29,6,3,0,0,0,0,-1,19,1
5987,94.1978315,26.72965262,1,2,2,1,7,07:00,5,E09000030,3,13,6,30,6,2,4,126,0,0,1,1,1,0,0,1,1,E01004299,15-01-2018,1,2,2,1,20,4,3,0,0,0,0,-1,19,1
5988,94.17837951,26.72136096,1,3,2,1,2,14:27,5,E09000030,3,1202,6,30,3,4,3,1202,0,0,1,1,1,0,0,1,1,E01004307,01-08-2018,1,1,1,2,52,8,3,0,0,0,0,-1,9,1
5989,94.17610642,26.7583402,1,3,2,2,2,19:35,5,E09000030,3,11,6,30,0,-1,-1,0,0,0,1,1,1,0,0,1,1,E01004208,29-08-2018,1,1,1,2,24,5,3,0,0,0,0,-1,9,1
5990,94.18003043,26.76456671,1,3,2,2,5,22:45,5,E09000030,3,12,3,50,0,-1,-1,0,0,0,4,1,1,0,0,1,1,E01004238,25-08-2018,2,1,1,1,-1,-1,3,0,0,0,0,-1,2,-1
5991,94.17952554,26.72984706,1,3,2,1,7,00:24,5,E09000030,3,13,6,30,3,2,3,1205,0,5,4,1,1,0,0,1,1,E01004252,27-08-2018,1,1,1,2,42,7,3,0,0,0,0,-1,9,1
5992,94.18100024,26.76303412,1,2,2,1,5,12:09,5,E09000030,3,11,6,30,6,2,4,108,0,5,1,1,1,0,0,1,1,E01004309,01-09-2018,1,1,1,1,24,5,3,0,0,0,0,-1,9,1
5993,94.1750062,26.76568811,1,3,3,2,5,08:08,5,E09000030,3,1261,1,40,1,2,6,0,0,5,1,1,1,0,0,1,1,E01004220,25-08-2018,2,1,1,1,36,7,2,0,0,0,0,-1,5,1