Accident_Index,longitude,latitude,Police_Force,Accident_Severity,Number_of_Vehicles,Number_of_Casualties,Day_of_Week,Time,Local_Authority_(District),Local_Authority_(Highway),1st_Road_Class,1st_Road_Number,Road_Type,Speed_limit,Junction_Detail,Junction_Control,2nd_Road_Class,2nd_Road_Number,Pedestrian_Crossing-Human_Control,Pedestrian_Crossing-Physical_Facilities,Light_Conditions,Weather_Conditions,Road_Surface_Conditions,Special_Conditions_at_Site,Carriageway_Hazards,Urban_or_Rural_Area,Did_Police_Officer_Attend_Scene_of_Accident,LSOA_of_Accident_Location,Date,Vehicle_Reference,Casualty_Reference,Casualty_Class,Sex_of_Casualty,Age_of_Casualty,Age_Band_of_Casualty,Casualty_Severity,Pedestrian_Location,Pedestrian_Movement,Car_Passenger,Bus_or_Coach_Passenger,Pedestrian_Road_Maintenance_Worker,Casualty_Type,Casualty_Home_Area_Type
5994,94.22301426,26.71990164,1,3,2,1,3,13:30,5,E09000030,6,0,3,50,3,2,3,11,0,5,1,1,1,0,0,1,1,E01004268,16-08-2018,1,1,3,1,54,8,3,4,1,0,0,-1,0,1
5995,94.21533354,26.73647205,1,3,1,1,7,10:45,5,E09000030,3,1205,6,30,0,-1,-1,0,0,0,1,1,1,0,0,1,1,E01004252,27-08-2018,1,1,3,1,9,2,2,5,1,0,0,-1,0,-1
5996,94.22543152,26.72148237,1,3,1,1,6,12:00,5,E09000030,3,13,6,30,3,4,6,0,0,0,1,1,1,0,0,1,1,E01004244,26-08-2018,1,1,2,2,30,6,3,0,0,1,0,-1,9,1
5997,94.21615545,26.73369852,1,3,2,2,1,13:05,5,E09000030,3,12,1,30,1,2,3,11,0,5,1,1,1,0,0,1,1,E01004235,21-08-2018,1,1,3,2,28,6,3,6,9,0,0,-1,0,1
5998,94.19673982,26.76567997,1,3,1,2,2,20:22,5,E09000030,5,0,6,30,6,2,4,140,0,5,4,2,2,0,0,1,1,E01004272,22-08-2018,1,1,1,2,23,5,3,0,0,0,0,-1,9,1
5999,94.17228546,26.72524835,1,3,2,1,3,17:50,5,E09000030,3,1203,3,50,0,-1,-1,0,0,0,1,1,1,0,0,1,1,E01004299,23-08-2018,1,1,3,1,31,6,3,1,1,0,0,-1,0,1
6000,94.20641837,26.72284172,1,2,3,1,5,07:05,5,E09000030,3,11,3,50,3,2,3,11,0,5,1,1,1,0,0,1,1,E01004325,18-08-2018,1,1,1,1,22,5,3,0,0,0,0,-1,9,1
6001,94.20406915,26.75908158,1,3,1,1,5,11:30,5,E09000030,5,0,6,30,6,2,3,13,0,5,1,1,1,0,0,1,1,E01004326,01-09-2018,2,2,2,2,27,6,3,0,0,1,0,-1,9,1
6002,94.19339927,26.72188032,1,3,1,2,1,03:30,5,E09000030,3,13,6,30,3,2,6,0,0,0,4,1,1,0,0,1,1,E01004244,21-08-2018,1,1,1,1,34,6,3,0,0,0,0,-1,8,1
6003,94.17005773,26.7652054,1,3,2,1,4,13:44,5,E09000030,3,1205,6,30,3,4,6,0,0,0,1,1,1,0,0,1,1,E01004234,17-08-2018,2,1,1,1,28,6,3,0,0,0,0,-1,1,-1
6004,94.18437145,26.76122047,1,3,2,1,7,00:55,5,E09000030,4,140,6,30,3,4,5,0,0,0,4,1,1,0,0,1,1,E01004273,10-09-2018,2,1,1,1,27,6,3,0,0,0,0,-1,1,1
6005,94.17557802,26.73544335,1,3,2,1,3,13:10,5,E09000030,6,0,6,30,6,4,6,0,0,0,1,1,1,0,0,1,1,E01004232,06-09-2018,1,1,1,1,43,7,3,0,0,0,0,-1,9,1
6006,94.22317113,26.76932891,1,2,2,1,3,14:07,5,E09000030,3,13,6,30,3,4,6,0,0,0,1,1,1,0,0,1,2,E01004299,06-09-2018,1,2,2,1,-1,-1,3,0,0,1,0,-1,9,-1
6007,94.23032835,26.76251786,1,3,2,1,4,15:50,5,E09000030,3,13,6,30,3,2,4,108,0,5,1,1,1,0,0,1,2,E01004304,31-08-2018,1,1,1,1,30,6,3,0,0,0,0,-1,9,1
6008,94.18500776,26.76819258,1,3,2,1,2,11:45,5,E09000030,6,0,6,30,3,4,6,0,0,0,1,1,1,0,0,1,2,E01004324,05-09-2018,1,1,1,1,31,6,3,0,0,0,0,-1,3,1
6009,94.21940611,26.74563406,1,3,2,1,5,21:00,5,E09000030,3,11,6,30,3,4,6,0,0,0,1,1,1,0,0,1,1,E01004320,08-09-2018,1,1,1,2,32,6,3,0,0,0,0,-1,1,1
6010,94.1996776,26.72661316,1,3,2,1,6,16:45,5,E09000030,3,11,6,30,7,2,4,134,0,0,1,1,1,0,0,1,2,E01004309,27-05-2018,1,1,3,1,39,7,3,1,1,0,0,-1,0,1
6011,94.17247886,26.75180757,1,3,1,1,2,19:50,5,E09000030,5,0,6,30,0,-1,-1,0,0,0,1,1,1,0,0,1,1,E01004223,12-09-2018,1,2,3,2,41,7,3,1,1,0,0,-1,0,1
6012,94.20065058,26.75205505,1,3,2,3,1,19:20,5,E09000030,3,11,6,30,6,2,3,1205,0,5,1,1,1,0,0,1,1,E01004232,11-09-2018,1,1,1,1,33,6,3,0,0,0,0,-1,5,1
6013,94.2244517,26.76750694,1,3,2,4,7,12:23,5,E09000030,3,1209,6,30,6,2,4,134,0,5,1,1,1,0,0,1,1,E01004317,10-09-2018,1,1,3,2,65,9,3,1,1,0,0,-1,0,1
6014,94.18635788,26.76351727,1,3,1,1,5,09:20,5,E09000030,5,0,6,30,3,4,6,0,0,0,1,1,1,0,0,1,1,E01004322,08-09-2018,1,1,1,1,31,6,3,0,0,0,0,-1,9,1
6015,94.19844208,26.74620757,1,3,1,1,6,12:17,5,E09000030,4,135,6,30,0,-1,-1,0,0,0,1,1,1,0,0,1,1,E01004206,09-09-2018,1,1,1,1,36,7,3,0,0,0,0,-1,9,1
6016,94.170746,26.76057762,1,3,1,1,3,12:00,4,E09000012,3,10,6,30,3,4,6,0,0,4,1,1,1,0,0,1,1,E01001771,13-09-2018,1,1,2,2,35,6,3,0,0,2,0,-1,9,1
6017,94.23189256,26.75964528,1,3,2,1,3,08:50,5,E09000030,6,0,3,50,6,4,3,13,0,4,1,1,1,0,0,1,1,E01004305,13-09-2018,1,1,1,2,35,6,3,0,0,0,0,-1,9,1
6018,94.21454699,26.74597883,1,3,2,1,3,08:07,5,E09000030,3,11,6,30,3,4,5,0,0,0,1,1,1,0,0,1,1,E01004325,26-07-2018,1,1,1,1,54,8,3,0,0,0,0,-1,19,1
6019,94.21546026,26.72721644,1,3,2,1,2,18:25,5,E09000030,3,102,7,30,5,4,3,102,0,0,1,1,1,0,0,1,1,E01004247,12-09-2018,1,1,2,1,70,10,3,0,0,0,1,-1,11,1
6020,94.20956258,26.76656972,1,3,1,1,1,12:34,5,E09000030,4,134,6,30,0,-1,-1,0,0,0,1,1,1,0,0,1,1,E01004317,04-09-2018,1,1,1,1,52,8,3,0,0,0,0,-1,9,1
6021,94.19296191,26.7678982,1,3,1,1,6,16:10,5,E09000030,4,118,6,30,3,4,6,0,0,1,1,1,1,0,0,1,2,E01004203,16-09-2018,1,1,1,1,37,7,3,0,0,0,0,-1,3,1
6022,94.19601511,26.71965721,1,3,2,1,2,13:10,5,E09000030,6,0,6,30,3,4,6,0,0,0,1,1,1,0,0,1,2,E01004306,26-09-2018,1,1,1,1,43,7,3,0,0,0,0,-1,9,1
6023,94.19970296,26.7617403,1,3,2,1,1,18:50,5,E09000030,6,0,6,30,3,4,6,0,0,0,1,1,1,0,0,1,2,E01004200,11-09-2018,2,1,1,2,-1,-1,3,0,0,0,0,-1,1,1
6024,94.18265253,26.7671439,1,3,1,1,7,05:30,5,E09000030,4,134,6,30,0,-1,-1,0,0,0,4,1,1,0,0,1,1,E01004306,17-09-2018,1,1,1,2,34,6,3,0,0,0,0,-1,9,-1
6025,94.21375138,26.76001254,1,2,2,1,7,14:30,5,E09000030,3,101,3,30,0,-1,-1,0,0,0,1,1,1,0,0,1,2,E01004303,10-09-2018,2,2,1,2,25,5,3,0,0,0,0,-1,9,-1
6026,94.18916388,26.73934112,1,3,1,1,5,16:30,5,E09000030,3,13,6,30,3,2,5,0,0,5,1,1,1,0,0,1,1,E01004247,01-09-2018,1,1,3,2,26,6,3,5,3,0,0,-1,0,1
6027,94.20542755,26.7476676,1,3,2,2,7,13:13,5,E09000030,3,1206,1,30,1,4,3,1206,0,0,1,1,1,0,0,1,1,E01004277,17-09-2018,1,1,3,1,13,3,3,5,1,0,0,-1,0,1
6028,94.21686052,26.73986914,1,2,2,1,7,14:15,5,E09000030,3,11,6,30,3,4,4,145,0,0,1,1,1,0,0,1,1,E01004325,17-09-2018,1,1,3,1,51,8,3,5,3,0,0,-1,0,1
6029,94.20674308,26.74430999,1,3,2,3,6,16:50,5,E09000030,3,1020,3,30,0,-1,-1,0,0,0,1,1,2,0,0,1,2,E01004220,23-09-2018,2,1,1,1,-1,-1,3,0,0,0,0,-1,3,-1
6030,94.19042522,26.76797239,1,3,2,2,6,19:10,5,E09000030,3,12,3,40,0,-1,-1,0,0,0,4,1,1,0,0,1,1,E01004227,23-09-2018,1,1,1,1,27,6,3,0,0,0,0,-1,1,1
6031,94.2028626,26.7487337,1,3,2,1,3,09:25,5,E09000030,3,102,7,50,0,-1,-1,0,0,0,1,1,1,0,0,1,1,E01004227,27-09-2018,1,1,2,2,35,6,2,0,0,0,3,-1,11,1
6032,94.21338481,26.72866067,1,3,2,1,1,19:45,5,E09000030,3,1209,3,30,3,4,4,135,0,0,1,1,1,0,0,1,1,E01004317,21-08-2018,1,1,1,2,54,8,3,0,0,0,0,-1,9,1
6033,94.19867317,26.74173395,1,3,2,1,3,16:29,5,E09000030,3,1205,6,30,3,4,6,0,0,0,1,1,1,0,0,1,1,E01004232,20-09-2018,1,1,1,2,36,7,3,0,0,0,0,-1,5,1
6034,94.21246752,26.73501476,1,3,2,2,4,22:50,5,E09000030,3,13,3,30,0,-1,-1,0,0,0,4,1,1,0,0,1,1,E01004247,21-09-2018,2,1,1,2,35,6,3,0,0,0,0,-1,9,1
6035,94.16969043,26.72510618,1,3,2,1,1,16:30,5,E09000030,3,11,3,30,3,4,6,0,0,0,1,1,1,0,0,1,1,E01004269,18-09-2018,2,2,2,1,36,7,3,0,0,1,0,-1,9,1
6036,94.18257536,26.76578418,1,3,3,1,7,20:36,5,E09000030,3,1203,2,30,5,4,3,1206,0,0,4,1,1,0,0,1,1,E01004277,03-09-2018,1,1,3,2,21,5,3,10,3,0,0,-1,0,-1
6037,94.21204181,26.7513415,1,3,2,1,5,18:04,5,E09000030,3,13,3,30,3,4,5,0,0,0,4,1,1,0,0,1,1,E01004320,29-09-2018,1,1,1,1,78,11,3,0,0,0,0,-1,9,1
6038,94.17728367,26.76506672,1,3,1,1,3,20:53,5,E09000030,3,13,3,30,6,2,4,108,0,0,4,1,1,0,0,1,1,E01004319,20-09-2018,1,2,2,2,77,11,3,0,0,1,0,-1,9,1
6039,94.18664957,26.76716805,1,3,2,1,7,21:00,5,E09000030,3,13,2,40,0,-1,-1,0,0,0,4,1,1,0,0,1,1,E01004220,17-09-2018,1,1,1,2,24,5,3,0,0,0,0,-1,1,1
6040,94.19061437,26.76850665,1,3,2,1,2,16:20,5,E09000030,3,1203,3,30,8,4,6,0,0,0,1,1,1,0,0,1,1,E01004294,19-09-2018,1,1,3,1,11,3,3,5,2,0,0,-1,0,1
6041,94.17385728,26.75765907,1,3,1,1,3,17:45,5,E09000030,4,108,6,30,3,4,4,108,0,1,1,1,1,0,0,1,1,E01004309,06-09-2018,1,1,1,1,32,6,3,0,0,0,0,-1,3,1
6042,94.21331681,26.71985069,1,3,2,3,6,15:34,5,E09000030,3,1206,1,30,1,4,3,1206,0,0,1,1,1,0,0,1,1,E01004277,23-09-2018,1,1,1,1,36,7,2,0,0,0,0,-1,11,1
6043,94.22255804,26.74677905,1,3,3,1,6,09:55,5,E09000030,4,135,6,30,3,4,6,0,0,0,1,1,1,0,0,1,1,E01004259,23-09-2018,1,2,2,2,32,6,3,0,0,0,4,-1,11,-1
6044,94.23028523,26.7668135,1,3,2,1,5,07:15,5,E09000030,3,1205,6,30,0,-1,-1,0,0,0,1,1,1,0,0,1,1,E01004269,22-09-2018,1,1,1,2,62,9,3,0,0,0,0,-1,9,1
6045,94.18836288,26.72307834,1,3,2,1,5,11:40,4,E09000012,3,107,6,30,3,4,5,0,0,0,1,1,1,0,0,1,1,E01004197,22-09-2018,2,1,1,1,-1,-1,3,0,0,0,0,-1,9,-1
6046,94.18072971,26.72022057,1,3,2,1,6,16:49,5,E09000030,6,0,6,30,3,4,6,0,0,0,1,1,1,0,0,1,1,E01004203,23-09-2018,1,1,1,1,28,6,3,0,0,0,0,-1,9,1
6047,94.18200137,26.75305175,1,2,3,1,3,12:00,5,E09000030,3,102,7,30,5,4,3,13,0,0,1,1,1,0,0,1,1,E01004243,06-09-2018,1,1,3,2,21,5,2,5,1,0,0,-1,0,3
6048,94.21726628,26.74239614,1,3,2,1,4,19:03,5,E09000030,3,1209,6,30,6,2,4,134,0,0,1,1,1,0,0,1,1,E01004317,21-09-2018,1,1,3,1,42,7,3,1,1,0,0,-1,0,1
6049,94.21382738,26.76116919,1,3,2,1,5,14:30,5,E09000030,4,135,6,30,6,4,4,135,0,1,1,1,1,0,0,1,1,E01004228,06-10-2018,2,1,1,1,26,6,2,0,0,0,0,-1,3,-1
6050,94.2038632,26.75629462,1,3,1,1,5,17:00,5,E09000030,3,1205,6,30,6,4,4,118,0,1,1,1,1,0,0,1,1,E01004234,22-09-2018,1,1,1,1,50,8,3,0,0,0,0,-1,9,1
6051,94.20352746,26.73861355,1,3,2,1,2,09:17,5,E09000030,3,1203,3,50,0,-1,-1,0,0,0,1,1,1,0,0,1,1,E01004303,10-10-2018,1,1,3,1,26,6,3,6,9,0,0,-1,0,1
6052,94.18498652,26.72416653,1,3,2,1,1,05:40,4,E09000012,3,10,6,30,3,2,3,10,0,5,4,1,1,0,0,1,2,E01001771,02-10-2018,1,1,3,2,10,2,2,5,1,0,0,-1,0,1
6053,94.22096789,26.72404225,1,3,2,1,4,13:20,5,E09000030,5,0,6,30,3,4,6,0,0,0,1,1,1,0,0,1,2,E01004262,28-09-2018,1,1,2,2,21,5,3,0,0,1,0,-1,9,-1
6054,94.22969266,26.75727934,1,3,2,1,7,12:50,5,E09000030,5,0,6,30,3,4,5,0,0,0,1,1,1,0,0,1,2,E01004254,10-09-2018,1,1,2,2,50,8,3,0,0,0,4,-1,11,-1
6055,94.18979241,26.73641772,1,3,2,1,7,16:50,5,E09000030,4,140,6,30,3,4,6,0,0,0,1,1,1,0,0,1,2,E01004273,24-09-2018,1,1,1,1,37,7,3,0,0,0,0,-1,1,1
6056,94.2033828,26.73998037,1,2,2,1,4,18:00,5,E09000030,3,11,3,30,3,4,5,0,0,0,1,1,1,0,0,1,2,E01004322,28-09-2018,1,1,3,1,45,7,3,5,1,0,0,-1,0,1
6057,94.20700618,26.73580574,1,3,2,1,3,09:51,5,E09000030,3,1206,6,30,0,-1,-1,0,0,0,1,1,1,0,0,1,1,E01004219,13-09-2018,1,1,1,1,56,9,3,0,0,0,0,-1,9,1
6058,94.18149876,26.75465758,1,3,2,1,4,17:02,5,E09000030,6,0,3,30,3,4,3,13,0,0,1,1,1,0,0,1,1,E01004298,11-05-2018,1,1,1,2,28,6,3,0,0,0,0,-1,9,1
6059,94.18921843,26.74474842,1,3,4,2,5,13:45,5,E09000030,3,1209,6,30,6,4,6,0,0,1,1,2,2,0,0,1,1,E01004313,15-09-2018,1,1,1,1,36,7,2,0,0,0,0,-1,1,1
6060,94.19681596,26.75082719,1,3,2,1,5,16:55,5,E09000030,3,11,6,30,3,4,6,0,0,0,1,1,2,0,0,1,1,E01004290,15-09-2018,1,1,1,1,57,9,3,0,0,0,0,-1,3,1
6061,94.20074168,26.7671606,1,3,1,1,3,11:59,5,E09000030,3,107,6,30,3,4,6,0,0,0,1,1,1,0,0,1,1,E01004208,27-09-2018,1,1,1,2,30,6,3,0,0,0,0,-1,1,1
6062,94.20701442,26.76461707,1,3,1,1,1,15:50,5,E09000030,3,1261,3,30,3,4,6,0,0,0,1,1,1,0,0,1,1,E01004277,11-09-2018,1,1,3,2,11,3,3,4,3,0,0,-1,0,1
6063,94.18678722,26.76018293,1,3,2,1,3,18:00,5,E09000030,3,11,6,30,3,4,6,0,0,0,1,1,1,0,0,1,1,E01004309,27-09-2018,1,1,2,2,-1,-1,3,0,0,0,4,-1,11,-1
6064,94.18725727,26.72937782,1,3,2,1,6,09:00,5,E09000030,3,1203,6,30,3,4,4,108,0,0,1,2,2,0,0,1,1,E01004294,30-09-2018,2,2,2,2,-1,-1,3,0,0,1,0,-1,9,1
6065,94.1816942,26.72082223,1,3,1,1,5,15:51,5,E09000030,6,0,6,30,0,-1,-1,0,0,0,1,1,1,0,0,1,1,E01004285,29-09-2018,1,1,3,1,34,6,2,5,1,0,0,-1,0,1
6066,94.22740461,26.73003322,1,3,2,1,6,09:40,5,E09000030,3,1203,6,30,0,-1,-1,0,0,0,1,1,1,0,0,1,1,E01004303,16-09-2018,1,1,3,1,22,5,3,5,1,0,0,-1,0,1
6067,94.22874165,26.76413429,1,3,2,2,2,15:30,5,E09000030,3,12,3,50,0,-1,-1,0,0,0,1,1,1,0,0,1,1,E01004227,03-10-2018,1,1,1,1,20,4,3,0,0,0,0,-1,3,-1
6068,94.21082515,26.74040058,1,3,1,1,4,09:10,5,E09000030,3,1206,6,30,0,-1,-1,0,0,0,1,1,1,0,0,1,2,E01004217,05-10-2018,1,1,1,1,46,8,3,0,0,0,0,-1,8,1
6069,94.176351,26.76526792,1,3,2,2,4,20:05,5,E09000030,6,0,6,30,3,4,6,0,0,0,4,1,1,0,0,1,1,E01004246,12-10-2018,1,1,2,2,73,10,3,0,0,0,3,-1,11,1
6070,94.22348674,26.73191246,1,3,1,1,7,05:45,5,E09000030,3,13,6,30,3,4,6,0,0,0,4,1,1,0,0,1,1,E01004254,10-09-2018,1,1,1,1,45,7,3,0,0,0,0,-1,21,1
6071,94.2241568,26.75957648,1,3,1,1,2,09:10,5,E09000030,3,1203,3,50,0,-1,-1,0,0,0,1,1,1,0,0,1,2,E01004299,10-10-2018,3,1,1,1,25,5,3,0,0,0,0,-1,2,1
6072,94.20599571,26.73756461,1,3,2,2,4,16:30,5,E09000030,3,13,3,50,6,4,3,13,0,0,1,1,1,0,0,1,1,E01004254,05-10-2018,1,1,3,2,45,7,3,5,4,0,0,-1,0,-1
6073,94.19372038,26.74205527,1,3,2,1,6,13:30,5,E09000030,3,1206,6,30,0,-1,-1,0,0,0,1,1,1,0,0,1,1,E01004217,07-10-2018,1,1,3,1,30,6,2,5,2,0,0,-1,0,-1
6074,94.22986066,26.74023506,1,3,1,1,6,15:51,5,E09000030,4,135,2,30,0,-1,-1,0,0,0,1,1,1,0,0,1,1,E01004226,07-10-2018,2,1,1,2,33,6,3,0,0,0,0,-1,1,1
6075,94.1905594,26.7276312,1,3,1,1,1,15:00,5,E09000030,6,0,6,30,8,4,6,0,0,0,1,1,1,0,0,1,2,E01004266,10-04-2018,1,1,1,1,42,7,3,0,0,0,0,-1,9,1
6076,94.19764844,26.73707364,1,3,2,4,1,19:57,5,E09000030,6,0,6,30,6,4,6,0,0,0,4,1,1,0,0,1,1,E01004321,09-10-2018,1,1,2,2,85,11,3,0,0,1,0,-1,9,-1
6077,94.19170029,26.71974233,1,3,2,1,6,18:30,5,E09000030,5,0,3,50,6,2,3,13,0,5,4,1,1,0,0,1,1,E01004326,07-10-2018,1,1,1,1,32,6,2,0,0,0,0,-1,1,1
6078,94.18055414,26.73033369,1,3,2,1,7,20:23,5,E09000030,3,11,3,50,0,-1,-1,0,0,0,4,2,2,0,0,1,1,E01004208,08-10-2018,1,1,1,1,34,6,3,0,0,0,0,-1,3,1
6079,94.17626886,26.73774,1,3,2,1,6,08:20,5,E09000030,5,0,6,30,3,4,6,0,0,0,1,1,1,0,0,1,2,E01004296,14-10-2018,1,1,1,1,29,6,3,0,0,0,0,-1,19,1
6080,94.19599208,26.75101292,1,3,2,1,2,18:20,5,E09000030,6,0,6,30,8,4,3,11,0,0,4,1,1,0,0,1,1,E01004267,03-10-2018,1,1,1,2,41,7,3,0,0,0,0,-1,9,1
6081,94.21430723,26.71885065,1,3,2,1,5,15:03,5,E09000030,3,115,6,30,6,4,3,115,0,0,1,1,1,0,0,1,1,E01004223,29-09-2018,1,2,2,1,43,7,3,0,0,1,0,-1,9,1
6082,94.21783546,26.75658349,1,3,1,1,2,09:33,5,E09000030,3,1206,6,30,0,-1,-1,0,0,0,1,1,1,0,0,1,1,E01004255,10-10-2018,1,3,2,2,16,4,3,0,0,2,0,-1,9,1
6083,94.22548485,26.74618739,1,3,2,1,7,10:10,5,E09000030,6,0,6,30,3,4,6,0,0,0,1,1,1,0,0,1,1,E01004242,08-10-2018,2,4,1,1,22,5,3,0,0,0,0,-1,9,1
6084,94.1929217,26.71822457,1,3,2,1,6,19:40,5,E09000030,6,0,6,30,3,4,6,0,0,0,1,1,1,0,0,1,1,E01004222,30-09-2018,2,1,1,2,26,6,3,0,0,0,0,-1,9,-1
6085,94.19540754,26.72004124,1,3,1,1,4,15:30,5,E09000030,3,13,6,30,3,2,3,13,0,5,1,1,1,0,0,1,1,E01004252,05-10-2018,1,1,1,1,27,6,3,0,0,0,0,-1,9,1
6086,94.18818391,26.73042526,1,3,1,1,3,08:48,5,E09000030,6,0,6,30,3,4,3,107,0,0,1,1,1,0,0,1,1,E01004197,11-10-2018,2,2,2,1,1,1,3,0,0,2,0,-1,9,-1
6087,94.19166589,26.73251032,1,2,2,1,4,18:43,5,E09000030,6,0,3,30,3,4,3,1203,0,0,1,1,1,0,0,1,1,E01004303,17-08-2018,2,1,1,1,44,7,3,0,0,0,0,-1,19,-1
6088,94.20998481,26.74778659,1,3,2,1,1,18:20,5,E09000030,6,0,3,50,3,4,3,13,0,0,4,1,1,0,0,1,2,E01004219,16-10-2018,1,1,2,2,29,6,3,0,0,1,0,-1,9,-1
6089,94.17856073,26.76444443,48,2,2,1,2,10:45,570,E09000001,3,1211,6,30,0,-1,-1,0,0,0,1,1,1,0,0,1,2,E01000005,17-10-2018,1,1,1,1,33,6,3,0,0,0,0,-1,1,1
6090,94.22411137,26.7347038,1,3,2,2,6,15:30,5,E09000030,3,11,6,30,3,4,6,0,0,0,1,1,1,0,0,1,1,E01004229,21-10-2018,1,1,2,1,36,7,3,0,0,1,0,-1,9,1
6091,94.19497602,26.71902932,1,3,1,2,7,19:50,5,E09000030,3,1206,6,30,0,-1,-1,0,0,0,1,1,1,0,0,1,2,E01004255,15-10-2018,1,2,2,1,1,1,3,0,0,2,0,-1,9,1
6092,94.20434891,26.76498436,1,3,2,1,2,13:35,5,E09000030,3,13,6,30,3,4,6,0,0,0,1,1,1,0,0,1,2,E01004304,17-10-2018,1,1,1,2,55,8,3,0,0,0,0,-1,9,1
6093,94.18122143,26.72001148,1,3,1,1,1,03:00,5,E09000030,6,0,2,30,3,4,4,134,0,0,4,1,1,0,0,1,1,E01004306,25-09-2018,1,1,1,1,29,6,3,0,0,0,0,-1,1,1
6094,94.17432643,26.76534109,1,3,2,2,5,10:15,5,E09000030,6,0,6,30,3,4,3,1206,0,0,1,1,1,0,0,1,2,E01004282,23-06-2018,1,1,3,1,67,10,3,5,3,0,0,-1,0,1
6095,94.22559175,26.74971876,1,3,1,2,5,16:00,5,E09000030,6,0,6,30,3,4,6,0,0,0,1,1,1,0,0,1,1,E01004289,14-07-2018,2,1,1,1,44,7,3,0,0,0,0,-1,3,1
6096,94.18446763,26.76460439,1,2,1,2,5,07:23,5,E09000030,3,13,3,50,3,2,6,0,0,5,1,2,2,0,0,1,1,E01004219,13-10-2018,1,1,1,1,-1,-1,3,0,0,0,0,-1,1,1
6097,94.19563758,26.75830876,1,3,2,1,2,09:00,5,E09000030,3,13,6,30,3,4,6,0,0,0,1,1,1,0,0,1,2,E01004247,13-06-2018,1,1,2,2,82,11,3,0,0,1,0,-1,9,1
6098,94.20938867,26.73606247,1,3,2,1,6,17:20,5,E09000030,3,11,3,30,3,2,4,120,0,5,1,1,1,0,0,1,1,E01004207,14-10-2018,1,1,3,1,36,7,2,9,5,0,0,-1,0,1
6099,94.23167637,26.74607504,1,2,1,1,5,09:17,5,E09000030,5,0,6,30,8,4,5,0,0,0,1,2,2,0,0,1,1,E01004317,20-10-2018,1,1,3,2,32,6,3,9,5,0,0,-1,0,1
6100,94.17705807,26.76390693,1,3,1,2,2,13:46,5,E09000030,3,13,6,30,3,4,6,0,0,0,1,1,1,0,0,1,1,E01004244,17-10-2018,2,1,1,1,46,8,3,0,0,0,0,-1,9,1
6101,94.23175828,26.73344415,1,3,2,1,5,22:20,5,E09000030,6,0,6,30,3,4,6,0,0,0,4,2,2,0,0,1,1,E01004318,15-09-2018,1,1,1,2,42,7,3,0,0,0,0,-1,9,1
6102,94.21764498,26.72176217,1,3,1,2,2,15:58,5,E09000030,6,0,6,30,0,-1,-1,0,0,0,1,2,2,0,0,1,1,E01004278,24-10-2018,1,1,1,1,26,6,3,0,0,0,0,-1,2,1
6103,94.18027295,26.76848115,1,3,2,1,5,07:40,5,E09000030,3,13,3,30,0,-1,-1,0,0,0,1,1,1,0,0,1,1,E01004219,20-10-2018,1,1,3,2,-1,-1,2,1,1,0,0,-1,0,-1
6104,94.21402474,26.76533311,1,3,3,1,4,15:20,5,E09000030,5,0,6,30,3,4,6,0,0,0,1,1,1,0,0,1,1,E01004221,19-10-2018,1,1,1,2,49,8,3,0,0,0,0,-1,9,1
6105,94.19000037,26.76698619,1,3,2,1,2,10:15,5,E09000030,3,13,6,30,3,2,3,1206,0,0,1,1,1,0,0,1,1,E01004219,17-10-2018,1,1,3,2,28,6,3,4,1,0,0,-1,0,1
6106,94.20852956,26.72971243,1,3,3,2,2,16:30,5,E09000030,3,13,6,30,3,4,6,0,0,0,1,1,1,0,0,1,1,E01004299,17-10-2018,2,1,1,1,48,8,3,0,0,0,0,-1,9,1
6107,94.21806904,26.73725889,1,2,2,1,7,01:20,5,E09000030,3,1208,6,30,3,4,4,108,0,0,4,1,1,0,0,1,2,E01004204,15-10-2018,1,1,1,1,28,6,3,0,0,0,0,-1,3,1
6108,94.19411882,26.7292635,1,3,2,1,2,16:45,5,E09000030,5,0,6,30,3,4,4,121,0,0,1,1,1,0,0,1,2,E01004284,24-10-2018,1,1,1,1,66,10,3,0,0,0,0,-1,9,1
6109,94.22831083,26.74114538,1,3,2,1,3,17:50,5,E09000030,6,0,6,30,3,2,6,0,0,0,1,1,1,0,0,1,2,E01004283,26-07-2018,1,1,3,2,14,3,3,4,1,0,0,-1,0,1
6110,94.22234457,26.74093616,1,3,2,1,4,17:30,5,E09000030,3,13,6,30,0,-1,-1,0,0,0,1,1,1,0,0,1,1,E01004298,26-10-2018,1,1,3,2,46,8,2,10,9,0,0,-1,0,1
6111,94.22469236,26.71974029,1,2,1,1,1,17:37,5,E09000030,3,1209,6,30,0,-1,-1,0,0,0,1,1,1,0,0,1,1,E01004317,23-10-2018,2,1,2,2,31,6,3,0,0,0,0,-1,2,1
6112,94.22900935,26.75674309,1,3,1,1,6,21:25,5,E09000030,5,0,6,30,3,4,3,1208,0,0,4,1,1,0,0,1,2,E01004318,28-10-2018,1,1,3,2,55,8,3,1,9,0,0,-1,0,1
6113,94.18350736,26.74823629,1,3,2,1,5,07:30,5,E09000030,5,0,6,30,3,4,6,0,0,0,1,1,1,0,0,1,1,E01004278,15-09-2018,1,1,1,1,34,6,3,0,0,0,0,-1,4,1
6114,94.20794477,26.75646411,1,3,1,1,4,13:00,5,E09000030,3,13,6,30,6,2,4,108,0,5,1,1,1,0,0,1,2,E01004319,26-10-2018,2,1,1,1,31,6,3,0,0,0,0,-1,20,1
6115,94.19334196,26.7625745,1,3,2,1,5,05:35,5,E09000030,3,1211,6,30,6,2,3,1211,0,0,4,1,1,0,0,1,1,E01000005,27-10-2018,1,1,1,1,35,6,3,0,0,0,0,-1,9,1