Accident_Index,longitude,latitude,Police_Force,Accident_Severity,Number_of_Vehicles,Number_of_Casualties,Day_of_Week,Time,Local_Authority_(District),Local_Authority_(Highway),1st_Road_Class,1st_Road_Number,Road_Type,Speed_limit,Junction_Detail,Junction_Control,2nd_Road_Class,2nd_Road_Number,Pedestrian_Crossing-Human_Control,Pedestrian_Crossing-Physical_Facilities,Light_Conditions,Weather_Conditions,Road_Surface_Conditions,Special_Conditions_at_Site,Carriageway_Hazards,Urban_or_Rural_Area,Did_Police_Officer_Attend_Scene_of_Accident,LSOA_of_Accident_Location,Date,Vehicle_Reference,Casualty_Reference,Casualty_Class,Sex_of_Casualty,Age_of_Casualty,Age_Band_of_Casualty,Casualty_Severity,Pedestrian_Location,Pedestrian_Movement,Car_Passenger,Bus_or_Coach_Passenger,Pedestrian_Road_Maintenance_Worker,Casualty_Type,Casualty_Home_Area_Type
6116,94.18927185,26.76128475,1,3,2,1,6,08:59,5,E09000030,6,0,6,30,3,4,4,135,0,0,1,1,1,0,0,1,1,E01004260,14-10-2018,1,1,3,1,44,7,3,5,1,0,0,-1,0,1
6117,94.18519897,26.72767654,1,3,1,1,6,16:30,5,E09000030,3,1206,6,30,0,-1,-1,0,0,0,1,1,1,0,0,1,1,E01004279,14-10-2018,2,1,1,1,30,6,3,0,0,0,0,-1,1,1
6118,94.1888222,26.71785688,1,3,2,1,2,08:25,5,E09000030,6,0,1,30,1,4,3,1206,0,0,1,1,1,0,0,1,2,E01004220,10-10-2018,2,1,1,1,47,8,3,0,0,0,0,-1,9,1
6119,94.21830486,26.73662198,1,3,2,1,1,13:20,5,E09000030,5,0,6,30,3,4,6,0,0,0,1,1,1,0,0,1,2,E01004217,23-10-2018,2,1,1,1,41,7,3,0,0,0,0,-1,5,1
6120,94.22965483,26.73765805,1,3,1,1,3,16:25,5,E09000030,5,0,6,30,0,-1,-1,0,0,0,1,1,1,0,0,1,2,E01004326,13-09-2018,1,1,3,2,35,6,3,1,1,0,0,-1,0,1
6121,94.22503882,26.76763833,1,3,2,1,1,11:12,5,E09000030,3,13,6,30,3,2,6,0,0,0,1,2,2,0,0,1,1,E01004254,23-10-2018,1,2,1,1,42,7,3,0,0,0,0,-1,5,1
6122,94.21505558,26.73575069,1,3,2,1,5,10:00,5,E09000030,3,11,6,30,3,4,4,120,0,0,1,2,2,0,0,1,2,E01004207,03-11-2018,1,1,1,2,35,6,3,0,0,0,0,-1,9,1
6123,94.22640891,26.76857353,1,3,2,1,6,19:00,5,E09000030,5,0,6,30,3,4,4,121,0,0,4,1,1,0,0,1,2,E01004288,04-11-2018,1,1,1,1,29,6,3,0,0,0,0,-1,9,1
6124,94.20333329,26.74592048,1,3,2,1,6,18:30,5,E09000030,3,11,6,30,3,2,4,134,0,5,4,1,1,0,0,1,1,E01004325,21-10-2018,1,2,2,2,-1,-1,3,0,0,1,0,-1,9,1
6125,94.18765841,26.74682842,1,3,2,1,3,11:15,5,E09000030,3,11,6,30,3,4,6,0,0,1,1,1,1,0,0,1,1,E01004309,25-10-2018,2,1,1,1,-1,-1,3,0,0,0,0,-1,3,-1
6126,94.18289927,26.74516434,1,3,2,1,3,23:50,5,E09000030,3,12,6,30,3,4,5,0,0,0,4,1,1,0,0,1,1,E01004227,25-10-2018,1,1,1,1,25,5,2,0,0,0,0,-1,5,-1
6127,94.20055324,26.73946101,1,3,2,1,4,17:08,5,E09000030,3,13,6,30,3,4,6,0,0,0,1,2,2,0,0,1,2,E01004305,12-10-2018,1,1,1,1,21,5,2,0,0,0,0,-1,3,1
6128,94.23102254,26.7343934,1,3,2,1,2,14:00,5,E09000030,4,108,6,30,3,4,4,135,0,0,1,2,2,0,0,1,2,E01004205,24-10-2018,1,1,1,1,29,6,3,0,0,0,0,-1,9,1
6129,94.21832667,26.73783888,1,3,2,1,5,19:30,5,E09000030,6,0,6,30,0,-1,-1,0,0,0,4,1,1,0,0,1,2,E01004309,03-11-2018,2,2,1,1,20,4,3,0,0,0,0,-1,9,1
6130,94.2303616,26.75767725,1,3,1,1,1,20:50,5,E09000030,3,13,6,30,3,4,6,0,0,0,4,1,1,0,0,1,1,E01004219,23-10-2018,1,1,1,2,44,7,3,0,0,0,0,-1,9,1
6131,94.21446696,26.74596197,1,3,3,2,4,08:15,5,E09000030,3,1206,6,30,0,-1,-1,0,0,0,1,1,1,0,0,1,2,E01004220,09-11-2018,1,1,1,2,44,7,3,0,0,0,0,-1,9,1
6132,94.22542769,26.73078412,1,3,2,1,6,09:20,5,E09000030,6,0,6,30,3,4,4,118,0,0,1,1,1,0,0,1,2,E01004266,11-11-2018,2,2,1,1,21,5,3,0,0,0,0,-1,9,-1
6133,94.20946783,26.72252957,1,3,1,1,5,14:28,5,E09000030,3,1202,6,30,3,4,6,0,0,1,1,1,1,0,0,1,1,E01004320,27-10-2018,1,1,3,2,52,8,3,8,9,0,0,-1,0,1
6134,94.22772993,26.74233423,1,3,1,1,3,15:25,5,E09000030,3,11,3,30,0,-1,-1,0,0,0,1,1,1,0,0,1,1,E01004262,25-10-2018,1,1,1,1,30,6,3,0,0,0,0,-1,9,-1
6135,94.19472404,26.75312244,1,3,2,1,6,17:33,5,E09000030,3,1208,6,30,0,-1,-1,0,0,0,1,1,1,0,0,1,1,E01004197,28-10-2018,1,1,1,2,18,4,3,0,0,0,0,-1,9,1
6136,94.22338132,26.74707648,1,3,2,1,3,16:30,5,E09000030,3,1203,3,30,3,4,6,0,0,0,1,1,1,0,0,1,1,E01004303,25-10-2018,1,2,2,1,12,3,3,0,0,2,0,-1,9,-1
6137,94.17258161,26.76924018,1,2,1,1,6,09:15,5,E09000030,3,1210,2,30,3,4,5,0,0,0,1,2,2,6,0,1,1,E01000005,28-10-2018,1,3,2,2,18,4,3,0,0,1,0,-1,9,-1
6138,94.20959375,26.73081161,1,3,1,1,7,18:24,5,E09000030,3,13,6,30,3,4,6,0,0,4,4,1,1,0,0,1,1,E01004244,29-10-2018,1,1,2,2,67,10,3,0,0,0,3,-1,11,-1
6139,94.19669236,26.74249506,1,3,2,1,7,18:39,5,E09000030,3,12,3,40,0,-1,-1,0,0,0,4,1,1,0,0,1,1,E01004238,29-10-2018,1,1,3,1,44,7,3,5,3,0,0,-1,0,1
6140,94.21406154,26.731757,1,3,2,1,4,22:35,5,E09000030,4,135,6,30,6,4,6,0,0,0,4,2,2,0,0,1,1,E01004206,28-09-2018,1,1,1,1,35,6,3,0,0,0,0,-1,5,1
6141,94.17110268,26.76062413,1,3,2,1,5,17:05,5,E09000030,6,0,6,30,3,4,3,107,0,0,1,1,1,0,0,1,1,E01004209,27-10-2018,1,1,1,2,23,5,3,0,0,0,0,-1,1,1
6142,94.20964542,26.72687211,1,3,2,1,6,14:07,5,E09000030,3,1204,6,30,3,4,6,0,0,0,1,1,1,0,0,1,1,E01004293,04-11-2018,1,1,1,1,20,4,3,0,0,0,0,-1,3,1
6143,94.17995369,26.76291627,1,3,2,1,2,19:20,5,E09000030,3,1206,6,30,3,4,3,1206,0,0,4,1,1,0,0,1,1,E01004277,07-11-2018,1,1,2,2,-1,-1,3,0,0,0,4,-1,11,-1
6144,94.18627956,26.75556059,1,3,1,1,1,14:23,5,E09000030,4,135,6,30,3,4,3,1209,0,0,1,1,1,0,6,1,1,E01004317,30-10-2018,2,1,1,1,30,6,3,0,0,0,0,-1,5,1
6145,94.22371172,26.7679575,1,3,2,1,5,16:15,5,E09000030,3,1204,6,30,3,4,6,0,0,0,1,1,1,0,0,1,1,E01004291,03-11-2018,2,1,1,1,36,7,3,0,0,0,0,-1,8,1
6146,94.18882419,26.74159925,1,3,1,1,6,16:30,5,E09000030,3,107,6,30,3,2,3,11,0,5,1,1,1,0,0,1,1,E01004208,04-11-2018,1,1,3,1,14,3,3,1,1,0,0,-1,0,-1
6147,94.20497921,26.75970056,1,3,1,2,1,21:09,5,E09000030,3,1205,6,30,0,-1,-1,0,0,0,4,1,2,0,0,1,1,E01004252,30-10-2018,1,1,1,1,24,5,3,0,0,0,0,-1,9,1
6148,94.20645274,26.71963303,1,3,1,1,4,08:00,5,E09000030,3,1203,3,30,0,-1,-1,0,0,0,1,1,1,0,0,1,1,E01004293,02-11-2018,2,2,2,2,52,8,3,0,0,1,0,-1,9,1
6149,94.20502212,26.76812776,1,3,2,1,4,09:25,5,E09000030,6,0,3,30,3,4,3,1203,0,0,1,1,1,0,0,1,1,E01004303,02-11-2018,2,3,1,2,46,8,3,0,0,0,0,-1,9,1
6150,94.17423268,26.75911439,1,3,1,1,1,06:36,5,E09000030,3,13,6,30,3,4,6,0,0,0,7,1,1,0,0,1,1,E01004247,06-11-2018,1,1,2,1,47,8,3,0,0,0,4,-1,11,1
6151,94.19765205,26.75927532,1,3,3,1,2,08:20,5,E09000030,3,11,6,30,3,4,6,0,0,0,1,1,1,0,0,1,1,E01004269,26-09-2018,1,1,1,1,17,4,3,0,0,0,0,-1,3,1
6152,94.17014735,26.74580949,1,3,2,1,2,15:50,5,E09000030,3,11,6,30,6,2,3,11,0,5,1,1,1,0,0,1,2,E01004237,24-10-2018,1,1,3,2,29,6,3,5,1,0,0,-1,0,1
6153,94.18713485,26.75154919,1,3,1,1,1,21:30,5,E09000030,3,11,6,30,0,-1,-1,0,0,0,4,8,2,0,0,1,1,E01004268,06-11-2018,2,1,1,1,78,11,3,0,0,0,0,-1,3,1
6154,94.19254804,26.73769822,1,3,2,3,6,16:25,5,E09000030,5,0,6,30,0,-1,-1,0,0,0,1,1,1,0,0,1,1,E01004281,04-11-2018,1,1,3,1,32,6,3,1,1,0,0,-1,0,1
6155,94.21138551,26.76394494,1,3,1,1,2,15:10,17,E09000025,6,0,6,30,3,4,6,0,0,0,1,1,1,0,0,1,2,E01003566,14-11-2018,2,1,1,2,26,6,3,0,0,0,0,-1,9,1
6156,94.18812751,26.75001266,1,3,2,1,6,18:45,5,E09000030,3,13,6,30,3,4,5,0,0,0,4,1,1,0,0,1,1,E01004325,04-11-2018,1,1,3,1,33,6,3,9,9,0,0,-1,0,-1
6157,94.18374028,26.76898227,1,2,2,1,2,19:20,5,E09000030,3,1205,6,30,3,4,6,0,0,0,4,1,1,0,0,1,1,E01004251,07-11-2018,1,1,1,1,24,5,3,0,0,0,0,-1,9,1
6158,94.21003663,26.76138727,1,3,3,3,2,00:18,5,E09000030,3,11,6,30,3,2,3,1202,0,0,4,1,1,0,0,1,1,E01004309,14-11-2018,1,1,1,1,22,5,3,0,0,0,0,-1,9,-1
6159,94.22621948,26.72279145,1,3,1,1,3,19:20,5,E09000030,3,1206,1,30,1,4,3,1261,0,0,4,1,1,0,0,1,1,E01004219,08-11-2018,1,1,1,1,25,5,3,0,0,0,0,-1,9,1
6160,94.18299389,26.73958233,1,3,2,1,3,06:48,5,E09000030,3,1206,1,30,1,4,5,0,0,1,4,2,2,0,0,1,1,E01004275,15-11-2018,2,2,2,1,-1,-1,3,0,0,1,0,-1,9,-1
6161,94.17049661,26.74354751,1,3,2,1,7,19:10,5,E09000030,3,11,2,30,0,-1,-1,0,0,5,4,1,1,0,0,1,1,E01004309,12-11-2018,1,1,1,1,36,7,3,0,0,0,0,-1,9,1
6162,94.19653545,26.76320712,1,3,2,1,4,15:30,5,E09000030,6,0,6,30,6,2,3,11,0,5,1,1,1,0,0,1,1,E01004232,09-11-2018,1,1,2,1,16,4,3,0,0,1,0,-1,9,-1
6163,94.20556321,26.73171737,1,3,1,1,4,11:35,5,E09000030,6,0,6,30,3,4,6,0,0,0,1,1,1,4,0,1,1,E01004312,09-11-2018,1,2,1,1,41,7,3,0,0,0,0,-1,9,1
6164,94.22892584,26.72094156,1,3,1,1,1,13:15,5,E09000030,4,135,2,30,3,4,4,134,0,0,1,1,1,0,0,1,1,E01004317,30-10-2018,2,1,1,1,33,6,3,0,0,0,0,-1,3,1
6165,94.17931522,26.7593484,1,3,2,1,5,20:30,5,E09000030,3,13,6,30,8,4,6,0,0,0,4,1,1,0,0,1,1,E01004304,17-11-2018,1,1,1,1,34,6,3,0,0,0,0,-1,1,1
6166,94.2073964,26.75698688,1,3,2,2,1,07:45,5,E09000030,3,107,3,50,3,2,4,118,0,5,1,1,1,0,0,1,1,E01004198,13-11-2018,1,1,1,1,21,5,3,0,0,0,0,-1,5,-1
6167,94.20609829,26.76813228,1,3,2,1,4,17:00,5,E09000030,5,0,6,30,0,-1,-1,0,0,0,4,1,1,0,0,1,1,E01004240,16-11-2018,2,1,1,1,40,7,3,0,0,0,0,-1,1,-1
6168,94.19976166,26.74606209,1,3,3,1,4,13:31,5,E09000030,3,11,3,30,3,4,5,0,2,4,1,1,1,0,0,1,1,E01004309,16-11-2018,1,1,1,1,32,6,2,0,0,0,0,-1,3,-1
6169,94.17957685,26.76132605,1,3,2,1,5,17:48,5,E09000030,3,1203,6,40,0,-1,-1,0,0,0,4,1,1,0,0,1,1,E01004294,03-11-2018,1,1,2,1,40,7,3,0,0,1,0,-1,9,1
6170,94.22615791,26.74441395,1,3,2,1,3,08:10,5,E09000030,5,0,6,30,3,4,6,0,0,0,1,2,2,0,0,1,1,E01004278,15-11-2018,1,1,1,1,55,8,3,0,0,0,0,-1,3,1
6171,94.18188898,26.76081306,1,3,1,3,4,22:49,5,E09000030,5,0,6,30,3,4,6,0,0,0,4,1,1,0,0,1,1,E01004271,09-11-2018,1,1,2,2,34,6,3,0,0,1,0,-1,9,-1
6172,94.17786011,26.76474857,1,3,1,1,5,12:29,5,E09000030,3,1208,6,30,3,4,6,0,0,1,1,1,1,0,0,1,1,E01001774,10-11-2018,1,1,1,1,26,6,3,0,0,0,0,-1,1,1
6173,94.20497243,26.75208852,1,3,2,1,6,14:30,5,E09000030,3,13,6,30,6,4,6,0,0,0,1,1,1,0,0,1,1,E01004244,04-11-2018,2,1,1,1,-1,-1,3,0,0,0,0,-1,9,1
6174,94.22955597,26.76411987,1,3,2,1,6,19:00,5,E09000030,6,0,6,30,3,4,6,0,0,0,4,1,1,0,0,1,3,E01004236,11-11-2018,1,1,1,1,51,8,3,0,0,0,0,-1,5,1
6175,94.192018,26.75107326,1,3,2,1,4,20:14,5,E09000030,3,13,6,30,6,4,6,0,0,0,4,1,1,0,0,1,1,E01004298,02-11-2018,1,1,1,2,19,4,3,0,0,0,0,-1,9,1
6176,94.20258425,26.74581993,1,3,2,1,7,17:00,5,E09000030,3,1209,6,30,0,-1,-1,0,0,0,4,2,2,0,0,1,1,E01004317,05-11-2018,1,1,1,1,32,6,3,0,0,0,0,-1,9,1
6177,94.21330474,26.72540084,1,3,2,1,3,17:00,5,E09000030,3,11,6,30,0,-1,-1,0,0,0,1,1,1,0,0,1,1,E01004225,01-11-2018,1,2,2,2,-1,-1,3,0,0,1,0,-1,9,-1
6178,94.21628302,26.76877869,1,3,1,1,5,12:00,5,E09000030,3,13,6,30,3,4,5,0,0,0,1,1,1,0,0,1,2,E01004257,24-11-2018,1,1,3,1,25,5,3,1,3,0,0,-1,0,-1
6179,94.19319961,26.72664472,1,3,2,1,6,17:52,5,E09000030,4,126,3,30,6,2,3,13,0,5,4,8,2,0,0,1,1,E01004299,11-11-2018,1,1,3,1,79,11,3,4,3,0,0,-1,0,-1
6180,94.20751707,26.76889997,1,3,1,1,6,22:44,5,E09000030,6,0,6,30,3,4,6,0,0,0,4,1,2,0,0,1,1,E01004238,11-11-2018,1,1,3,1,36,7,3,10,1,0,0,-1,0,1
6181,94.20826805,26.73697558,1,3,2,1,2,14:58,5,E09000030,3,11,6,30,8,4,6,0,0,0,1,1,1,0,0,1,1,E01004267,14-11-2018,1,1,3,1,36,7,2,6,9,0,0,-1,0,-1
6182,94.16725458,26.73861159,1,3,2,1,4,22:20,5,E09000030,3,11,6,30,0,-1,-1,0,0,0,4,1,1,0,0,1,1,E01004208,23-11-2018,1,1,1,1,35,6,3,0,0,0,0,-1,5,1
6183,94.22189729,26.74127972,1,3,2,1,1,09:00,5,E09000030,3,13,3,30,6,2,3,102,0,5,1,1,2,1,0,1,1,E01004243,20-11-2018,1,1,1,1,29,6,3,0,0,0,0,-1,9,-1
6184,94.17839732,26.762807,1,3,4,1,2,08:45,5,E09000030,3,12,3,30,0,-1,-1,0,0,0,1,1,1,0,0,1,1,E01004235,14-11-2018,2,2,2,1,9,2,3,0,0,1,0,-1,9,1
6185,94.21785919,26.76084434,1,3,2,1,4,23:58,5,E09000030,6,0,6,30,3,4,6,0,0,0,4,1,1,0,0,1,2,E01004286,23-11-2018,1,1,3,2,14,3,3,4,4,0,0,-1,0,1
6186,94.19752541,26.73534991,1,3,2,1,2,16:45,5,E09000030,3,12,3,70,0,-1,-1,0,0,0,1,1,1,0,0,1,2,E01004249,21-11-2018,1,1,2,1,85,11,3,0,0,0,1,-1,11,1
6187,94.21542821,26.7560585,1,3,2,1,3,16:49,5,E09000030,4,135,6,30,8,4,6,0,0,0,4,1,1,0,0,1,2,E01004209,22-11-2018,1,1,3,1,15,3,3,1,1,0,0,-1,0,1
6188,94.2295477,26.73905677,1,2,1,3,2,19:34,5,E09000030,6,0,6,30,0,-1,-1,0,0,0,4,1,1,0,0,1,1,E01004224,21-11-2018,2,1,1,1,31,6,3,0,0,0,0,-1,2,1
6189,94.17734032,26.73768062,1,3,2,1,4,18:10,5,E09000030,3,102,6,30,0,-1,-1,0,0,0,4,1,1,0,0,1,2,E01004219,30-11-2018,1,1,1,1,29,6,2,0,0,0,0,-1,5,-1
6190,94.21920537,26.73470779,1,3,2,1,4,15:20,5,E09000030,3,13,3,50,3,4,3,1268,0,0,1,1,1,0,0,1,2,E01004220,26-10-2018,2,1,1,1,24,5,3,0,0,0,0,-1,1,1
6191,94.19968566,26.72286297,1,3,2,1,4,18:15,5,E09000030,3,1203,3,50,3,4,3,1203,0,0,4,1,1,0,0,1,2,E01004296,16-11-2018,2,1,1,1,23,5,3,0,0,0,0,-1,5,1
6192,94.20033493,26.72717464,1,3,2,1,4,16:00,5,E09000030,5,0,6,30,8,4,6,0,0,0,1,1,1,0,0,1,2,E01004317,16-11-2018,1,1,1,1,38,7,2,0,0,0,0,-1,4,-1
6193,94.20783655,26.76169561,1,3,1,1,3,18:50,5,E09000030,5,0,6,30,3,4,5,0,0,0,5,1,4,0,0,1,1,E01004215,22-11-2018,1,1,1,1,27,6,3,0,0,0,0,-1,19,1
6194,94.20576992,26.75829049,1,3,1,1,7,15:04,5,E09000030,6,0,6,30,3,4,6,0,0,0,1,1,1,0,0,1,1,E01004243,01-10-2018,1,1,2,2,23,5,3,0,0,2,0,-1,9,1
6195,94.22916082,26.76306258,1,3,2,1,6,08:00,5,E09000030,6,0,6,30,7,4,3,12,0,0,1,1,2,0,0,1,1,E01004224,25-11-2018,1,2,2,2,24,5,3,0,0,2,0,-1,9,-1
6196,94.19077221,26.73907298,1,3,1,1,3,16:05,5,E09000030,6,0,6,30,3,4,4,140,0,0,4,1,1,0,0,1,1,E01004239,08-11-2018,1,3,2,2,22,5,3,0,0,2,0,-1,9,1
6197,94.18804061,26.73952179,1,2,1,1,5,07:40,5,E09000030,3,1205,3,50,0,-1,-1,0,0,0,1,1,1,0,0,1,1,E01004252,24-11-2018,1,4,2,2,54,8,3,0,0,2,0,-1,9,-1
6198,94.20620459,26.7358094,1,3,2,3,6,17:15,5,E09000030,3,11,6,30,3,2,5,0,0,5,5,1,1,0,0,1,1,E01004262,18-11-2018,1,5,2,2,23,5,2,0,0,2,0,-1,9,1
6199,94.18464353,26.74241541,1,3,2,1,6,18:15,5,E09000030,3,1202,6,30,3,4,5,0,0,4,4,1,1,0,0,1,2,E01004307,04-11-2018,1,6,2,2,24,5,3,0,0,2,0,-1,9,1
6200,94.16884011,26.74294877,1,3,3,1,4,18:10,5,E09000030,6,0,3,50,6,4,3,12,0,0,4,1,1,0,0,1,2,E01004249,30-11-2018,1,7,2,2,19,4,3,0,0,2,0,-1,9,1
6201,94.16937201,26.73300195,1,3,2,1,6,12:23,5,E09000030,6,0,6,30,6,4,6,0,0,0,1,1,1,0,0,1,1,E01004321,18-11-2018,1,1,1,1,42,7,3,0,0,0,0,-1,5,1
6202,94.19256673,26.73965355,1,3,2,1,6,10:41,5,E09000030,6,0,6,30,3,4,3,1206,0,0,1,1,1,0,0,1,1,E01004220,18-11-2018,1,1,1,1,59,9,3,0,0,0,0,-1,9,1
6203,94.20768346,26.74182096,1,3,2,1,3,10:50,5,E09000030,3,1205,6,30,3,4,6,0,0,0,1,1,1,0,0,1,1,E01004251,15-11-2018,1,2,2,2,52,8,3,0,0,1,0,-1,9,1
6204,94.16913183,26.73935793,1,3,1,1,6,11:45,5,E09000030,3,11,6,30,6,2,3,11,0,5,1,1,1,0,0,1,1,E01004208,25-11-2018,2,1,1,1,34,6,3,0,0,0,0,-1,5,1
6205,94.19342156,26.76540079,1,3,1,1,2,10:45,5,E09000030,5,0,6,30,0,-1,-1,0,0,0,1,1,1,0,0,1,1,E01004241,28-11-2018,1,1,3,1,43,7,3,8,8,0,0,-1,0,-1
6206,94.21569388,26.75996737,1,3,2,1,5,11:45,5,E09000030,4,108,6,30,3,4,4,108,0,1,1,1,1,0,0,1,1,E01004309,17-11-2018,1,2,3,1,30,6,2,8,8,0,0,-1,0,-1
6207,94.20169024,26.72327211,1,3,2,1,7,18:00,5,E09000030,3,12,2,40,5,4,6,0,0,0,4,1,1,0,0,1,1,E01004238,26-11-2018,1,1,1,2,36,7,3,0,0,0,0,-1,9,-1
6208,94.22755248,26.75580559,1,3,2,2,4,10:30,5,E09000030,3,11,3,30,3,2,4,134,0,0,1,1,1,0,0,1,1,E01004325,16-11-2018,1,2,2,1,5,1,3,0,0,1,0,-1,9,-1
6209,94.19688154,26.74602378,1,3,2,1,2,18:00,5,E09000030,3,11,3,30,0,-1,-1,0,0,5,4,1,1,0,0,1,1,E01004267,28-11-2018,1,1,1,1,51,8,3,0,0,0,0,-1,4,-1
6210,94.18290754,26.73418414,1,3,2,1,4,11:45,5,E09000030,3,1209,6,30,3,1,3,1209,0,0,1,1,1,0,0,1,1,E01004317,16-11-2018,1,1,1,1,26,6,3,0,0,0,0,-1,1,1
6211,94.21208179,26.74805528,1,3,2,1,2,16:16,5,E09000030,3,13,2,30,0,-1,-1,0,0,0,4,1,1,0,0,1,1,E01004325,21-11-2018,1,1,1,1,-1,-1,3,0,0,0,0,-1,1,1
6212,94.2114615,26.75858733,1,3,2,1,4,15:15,5,E09000030,3,1206,3,30,0,-1,-1,0,0,0,1,1,1,0,0,1,1,E01004220,23-11-2018,1,1,3,2,10,2,3,5,2,0,0,-1,0,1
6213,94.22495893,26.75098824,1,3,2,1,3,13:01,5,E09000030,5,0,1,30,1,4,3,1206,0,0,1,1,1,0,0,1,1,E01004278,29-11-2018,1,1,1,1,-1,-1,3,0,0,0,0,-1,9,1
6214,94.18213147,26.72804261,1,3,2,1,6,15:00,5,E09000030,3,13,6,30,0,-1,-1,0,0,0,1,1,1,0,0,1,2,E01004326,09-12-2018,1,1,2,2,60,9,2,0,0,0,3,-1,11,1
6215,94.18409893,26.76675105,1,3,1,1,3,15:07,5,E09000030,3,1020,3,40,0,-1,-1,0,0,0,1,1,1,4,2,1,1,E01004220,22-11-2018,1,1,1,1,24,5,3,0,0,0,0,-1,4,1
6216,94.1903438,26.7533851,1,3,2,1,4,08:55,5,E09000030,3,1205,3,30,6,2,4,140,0,0,1,2,2,0,0,1,2,E01004273,30-11-2018,1,1,3,2,68,10,3,1,2,0,0,-1,0,1
6217,94.2114224,26.72744975,1,2,1,1,3,08:28,5,E09000030,3,13,6,30,0,-1,-1,0,0,4,1,1,1,0,0,1,1,E01004257,14-06-2018,1,1,3,1,41,7,3,9,9,0,0,-1,0,-1
6218,94.18653954,26.75016835,1,3,1,1,6,15:00,5,E09000030,6,0,6,30,0,-1,-1,0,0,0,1,1,1,0,0,1,1,E01004307,18-11-2018,2,1,1,1,24,5,3,0,0,0,0,-1,9,1
6219,94.21704734,26.76952952,1,3,2,1,5,16:29,5,E09000030,4,135,6,30,6,2,3,1205,0,5,4,1,1,0,0,1,1,E01004234,08-12-2018,1,1,1,1,48,8,3,0,0,0,0,-1,9,1
6220,94.20591889,26.75310551,1,3,1,1,1,16:54,5,E09000030,6,0,6,30,3,4,3,13,0,0,4,1,1,0,0,1,1,E01004305,11-12-2018,1,1,1,2,45,7,3,0,0,0,0,-1,9,1
6221,94.21374665,26.72897098,1,3,2,1,1,14:19,5,E09000030,3,13,6,30,3,4,6,0,0,0,1,1,1,0,0,1,1,E01004321,11-12-2018,1,1,2,1,25,5,3,0,0,0,0,-1,19,-1
6222,94.23175675,26.73553634,1,3,2,1,1,19:20,5,E09000030,3,13,6,30,0,-1,-1,0,0,0,4,1,1,0,0,1,1,E01004298,04-12-2018,1,1,2,2,3,1,3,0,0,0,2,-1,11,1
6223,94.1893359,26.73025792,1,2,2,1,5,08:24,5,E09000030,3,13,6,30,0,-1,-1,0,0,0,1,1,1,0,0,1,1,E01004321,15-12-2018,1,1,1,1,31,6,3,0,0,0,0,-1,9,-1
6224,94.1816036,26.73292078,1,3,3,1,6,09:45,5,E09000030,4,126,6,30,6,4,6,0,0,1,1,1,1,0,0,1,2,E01004303,16-12-2018,1,2,2,2,34,6,3,0,0,1,0,-1,9,-1
6225,94.20883252,26.73792392,1,3,2,1,4,17:15,5,E09000030,6,0,6,30,3,4,6,0,0,0,1,1,1,0,0,1,2,E01004283,02-11-2018,1,1,2,1,64,9,3,0,0,0,4,-1,11,1
6226,94.16797894,26.72317386,1,3,2,1,5,14:46,5,E09000030,3,11,6,30,0,-1,-1,0,0,0,1,1,1,0,0,1,1,E01004309,08-12-2018,2,1,1,1,37,7,3,0,0,0,0,-1,5,1
6227,94.1683025,26.74039729,1,3,1,1,3,15:05,5,E09000030,6,0,6,30,3,4,6,0,0,0,1,1,1,0,0,1,1,E01004310,29-11-2018,1,1,1,1,28,6,3,0,0,0,0,-1,1,1
6228,94.17611733,26.74659101,1,3,2,1,4,18:00,5,E09000030,5,0,6,30,3,4,6,0,0,0,4,1,1,0,0,1,1,E01004309,30-11-2018,1,1,1,1,42,7,3,0,0,0,0,-1,1,1
6229,94.19116459,26.7209396,1,3,2,1,2,17:26,5,E09000030,3,11,6,30,6,2,4,108,0,5,4,1,1,0,0,1,1,E01004309,19-12-2018,1,1,3,2,28,6,3,10,9,0,0,-1,0,1
6230,94.19475673,26.75222065,1,2,1,1,2,12:30,5,E09000030,3,1205,6,30,6,4,5,0,0,0,1,1,1,0,0,1,1,E01004273,19-12-2018,1,1,1,1,21,5,3,0,0,0,0,-1,3,-1
6231,94.18354497,26.73012913,1,2,1,1,5,15:05,5,E09000030,3,11,6,30,0,-1,-1,0,0,4,1,1,1,0,0,1,1,E01004227,15-12-2018,2,1,1,1,50,8,3,0,0,0,0,-1,1,-1
6232,94.21947376,26.73033817,1,3,2,1,6,15:30,5,E09000030,3,13,6,30,3,4,6,0,0,0,1,1,1,0,0,1,1,E01004254,16-12-2018,1,1,3,2,56,9,2,1,1,0,0,-1,0,1
6233,94.172961,26.73227831,1,3,2,1,6,08:50,5,E09000030,6,0,6,30,3,4,4,126,0,0,1,1,1,0,0,1,1,E01004305,02-12-2018,1,1,3,2,18,4,3,5,3,0,0,-1,0,-1
6234,94.21630115,26.73192995,1,3,2,1,3,11:35,5,E09000030,3,1209,6,30,3,4,4,135,0,0,1,1,1,0,0,1,1,E01004317,29-11-2018,1,1,1,1,70,10,3,0,0,0,0,-1,9,1
6235,94.21617426,26.76588354,1,3,1,1,4,00:15,5,E09000030,6,0,6,30,3,4,6,0,0,0,4,1,1,0,0,1,1,E01004209,07-12-2018,1,1,2,1,29,6,3,0,0,1,0,-1,9,1
6236,94.1868774,26.72946567,1,3,1,1,5,08:30,5,E09000030,3,11,6,30,0,-1,-1,0,0,4,1,2,2,0,0,1,1,E01004269,08-12-2018,1,1,1,1,29,6,3,0,0,0,0,-1,9,1
6237,94.20619709,26.72075534,1,3,2,1,7,10:22,5,E09000030,3,107,6,30,3,4,6,0,0,1,1,1,1,0,0,1,1,E01004198,10-12-2018,1,1,1,2,29,6,3,0,0,0,0,-1,9,1
6238,94.17512907,26.74407945,1,3,2,1,5,22:00,5,E09000030,6,0,6,30,0,-1,-1,0,0,0,4,1,1,0,0,1,2,E01004288,01-12-2018,1,1,3,2,15,3,2,5,1,0,0,-1,0,1