Accident_Index,longitude,latitude,Police_Force,Accident_Severity,Number_of_Vehicles,Number_of_Casualties,Day_of_Week,Time,Local_Authority_(District),Local_Authority_(Highway),1st_Road_Class,1st_Road_Number,Road_Type,Speed_limit,Junction_Detail,Junction_Control,2nd_Road_Class,2nd_Road_Number,Pedestrian_Crossing-Human_Control,Pedestrian_Crossing-Physical_Facilities,Light_Conditions,Weather_Conditions,Road_Surface_Conditions,Special_Conditions_at_Site,Carriageway_Hazards,Urban_or_Rural_Area,Did_Police_Officer_Attend_Scene_of_Accident,LSOA_of_Accident_Location,Date,Vehicle_Reference,Casualty_Reference,Casualty_Class,Sex_of_Casualty,Age_of_Casualty,Age_Band_of_Casualty,Casualty_Severity,Pedestrian_Location,Pedestrian_Movement,Car_Passenger,Bus_or_Coach_Passenger,Pedestrian_Road_Maintenance_Worker,Casualty_Type,Casualty_Home_Area_Type
6361,94.18786904,26.76748022,1,3,2,1,6,14:00,57,EHEATHROW,6,0,1,30,1,4,6,0,0,0,1,1,1,0,0,1,2,E01002444,30-09-2018,1,2,2,2,22,5,3,0,0,0,0,-1,5,1
6362,94.18187689,26.74274513,1,3,1,1,7,05:49,26,E09000017,3,3044,1,30,1,4,3,3113,0,0,1,1,1,0,0,2,1,E01002444,29-10-2018,1,1,3,1,41,7,3,1,1,0,0,-1,0,-1
6363,94.22773196,26.75231138,1,3,2,1,7,15:10,57,EHEATHROW,6,0,6,30,3,2,6,0,0,5,1,1,1,0,0,1,2,E01002444,22-10-2018,1,1,1,1,38,7,3,0,0,0,0,-1,3,1
6364,94.20313296,26.76659152,1,3,2,1,3,08:50,26,E09000017,3,4,6,30,0,-1,-1,0,0,0,1,1,1,0,0,1,2,E01002443,20-09-2018,2,1,1,2,26,6,3,0,0,0,0,-1,4,1
6365,94.22726868,26.72974747,1,2,1,1,6,12:14,57,EHEATHROW,6,0,1,40,1,4,6,0,0,0,1,1,2,0,0,1,1,E01002444,04-11-2018,1,1,2,2,49,8,3,0,0,2,0,-1,8,-1
6366,94.18918197,26.72315392,1,3,2,1,5,17:50,57,EHEATHROW,6,0,6,30,0,-1,-1,0,0,0,1,1,1,0,0,1,2,E01002444,29-09-2018,1,1,3,1,44,7,3,6,9,0,0,-1,0,1
6367,94.2068077,26.75812111,1,3,1,1,6,17:50,57,EHEATHROW,6,0,6,30,0,-1,-1,0,0,0,4,1,1,0,0,1,1,E01002444,04-11-2018,1,1,1,2,34,6,3,0,0,0,0,-1,9,1
6368,94.21043868,26.74022727,1,3,2,2,4,07:41,57,EHEATHROW,6,0,6,30,0,-1,-1,0,0,0,1,2,2,0,0,1,1,E01002444,02-11-2018,1,1,1,1,19,4,3,0,0,0,0,-1,19,1
6369,94.220947,26.75374366,1,3,1,1,7,21:39,57,EHEATHROW,6,0,6,30,0,-1,-1,0,0,0,5,1,1,0,0,1,1,E01002444,12-11-2018,1,2,2,1,-1,-1,3,0,0,0,0,-1,19,-1
6370,94.1755709,26.73985756,1,3,1,1,2,22:20,57,EHEATHROW,6,0,3,40,3,4,6,0,0,0,4,2,2,0,0,1,1,E01002444,24-10-2018,1,1,3,1,14,3,2,4,3,0,0,-1,0,1
6371,94.22563254,26.74857317,1,3,2,1,1,15:30,57,EHEATHROW,6,0,6,30,0,-1,-1,0,0,0,1,1,1,0,0,1,2,E01002444,23-10-2018,2,1,1,1,27,6,3,0,0,0,0,-1,1,1
6372,94.17224883,26.75412024,1,3,3,2,3,10:45,57,EHEATHROW,6,0,6,30,0,-1,-1,0,0,0,1,1,2,0,0,1,1,E01002444,29-11-2018,1,1,1,2,37,7,3,0,0,0,0,-1,9,1
6373,94.22994207,26.72604132,1,3,2,1,5,18:38,57,EHEATHROW,6,0,3,40,3,2,6,0,0,0,4,2,2,0,0,1,1,E01002444,01-12-2018,2,1,1,1,21,5,3,0,0,0,0,-1,2,-1
6374,94.18153144,26.76102054,1,3,2,1,1,12:20,57,EHEATHROW,6,0,2,30,7,4,6,0,0,0,1,1,1,0,0,1,1,E01002444,04-12-2018,2,1,1,1,25,5,3,0,0,0,0,-1,1,1
6375,94.20124846,26.72790109,1,2,1,1,6,14:48,57,EHEATHROW,6,0,3,40,0,-1,-1,0,0,0,1,1,1,0,0,1,1,E01002444,25-11-2018,1,1,1,2,62,9,3,0,0,0,0,-1,9,1
6376,94.17444538,26.73193198,1,3,2,1,5,09:22,57,EHEATHROW,6,0,6,30,8,4,6,0,0,0,1,1,1,0,0,1,1,E01002444,15-12-2018,2,2,1,2,43,7,3,0,0,0,0,-1,9,1
6377,94.22663351,26.76330627,1,3,1,1,5,17:00,57,EHEATHROW,6,0,2,30,3,4,6,0,0,0,4,1,1,0,0,1,1,E01002444,15-12-2018,2,3,2,2,6,2,3,0,0,1,0,-1,9,1
6378,94.20022893,26.73922688,1,3,2,1,1,11:25,57,EHEATHROW,6,0,1,30,2,4,6,0,0,0,1,1,1,0,0,1,1,E01002444,25-12-2018,1,1,3,2,23,5,2,8,9,0,0,-1,0,-1
6379,94.18627597,26.72498992,1,3,2,3,7,17:10,26,E09000017,3,30,3,50,5,4,6,0,0,0,4,1,1,0,0,1,1,E01002444,31-12-2018,2,1,1,1,14,3,3,0,0,0,0,-1,1,1
6380,94.21905447,26.71871888,1,3,2,1,7,14:00,57,EHEATHROW,6,0,6,30,0,-1,-1,0,0,0,1,1,1,0,0,1,2,E01002444,19-11-2018,1,1,1,1,-1,-1,3,0,0,0,0,-1,3,1
6381,94.23113184,26.75562505,1,3,2,1,6,19:00,57,EHEATHROW,6,0,6,30,6,4,6,0,0,0,4,1,1,0,0,1,2,E01002444,18-11-2018,1,1,1,1,30,6,3,0,0,0,0,-1,9,1
6382,94.17131737,26.72042119,1,3,2,1,4,17:24,13,E09000031,3,106,6,30,3,4,6,0,0,0,4,1,1,0,0,1,1,E01004374,02-02-2018,1,1,1,1,26,6,3,0,0,0,0,-1,4,1
6383,94.22157986,26.75829636,1,3,2,5,7,17:18,13,E09000031,3,106,6,30,3,2,6,0,0,5,4,2,2,0,0,1,1,E01004438,01-01-2018,1,1,3,2,22,5,2,4,3,0,0,-1,0,-1
6384,94.21917014,26.76738669,1,3,1,1,2,20:13,13,E09000031,3,110,6,30,3,4,6,0,0,0,4,2,2,0,0,1,1,E01004357,10-01-2018,1,2,1,1,-1,-1,2,0,0,0,0,-1,4,-1
6385,94.21724485,26.74089979,1,3,2,1,1,07:10,13,E09000031,5,0,6,30,6,2,6,0,0,5,4,1,1,0,2,1,1,E01004430,09-01-2018,1,1,1,1,33,6,3,0,0,0,0,-1,9,1
6386,94.18696951,26.74238732,1,3,1,3,4,17:29,13,E09000031,3,112,6,30,0,-1,-1,0,0,0,4,1,1,0,0,1,1,E01004406,05-01-2018,1,1,1,1,35,6,3,0,0,0,0,-1,1,-1
6387,94.22277167,26.72218878,1,3,1,1,3,19:05,13,E09000031,4,160,6,30,7,4,6,0,0,5,4,2,2,0,0,1,1,E01004381,04-01-2018,1,1,1,1,24,5,3,0,0,0,0,-1,3,-1
6388,94.21222287,26.75527618,1,3,1,1,7,17:31,13,E09000031,3,104,3,30,6,2,3,1007,0,0,4,1,1,0,0,1,1,E01004468,08-01-2018,1,1,1,1,44,7,3,0,0,0,0,-1,9,1
6389,94.1693528,26.73233333,1,3,1,1,3,16:29,13,E09000031,3,1006,6,30,3,2,6,0,0,5,4,2,2,0,0,1,1,E01004444,04-01-2018,1,2,2,2,38,7,3,0,0,2,0,-1,9,1
6390,94.21560419,26.73696305,1,3,2,1,7,16:15,13,E09000031,3,114,6,30,0,-1,-1,0,0,0,4,1,1,0,0,1,1,E01004362,15-01-2018,1,3,2,1,12,3,3,0,0,1,0,-1,9,1
6391,94.19490792,26.74192883,1,3,2,1,7,13:43,13,E09000031,3,112,6,30,3,4,6,0,0,0,1,1,1,0,0,1,1,E01004370,15-01-2018,2,1,1,2,22,5,3,0,0,0,0,-1,1,1
6392,94.2067739,26.72016791,1,3,2,2,5,19:40,13,E09000031,6,0,6,30,3,4,6,0,0,0,4,1,1,0,0,1,1,E01004392,13-01-2018,1,1,3,2,10,2,3,1,1,0,0,-1,0,-1
6393,94.18882418,26.72645515,1,3,1,1,5,16:20,13,E09000031,3,112,6,30,0,-1,-1,0,0,0,4,1,1,0,0,1,1,E01004420,06-01-2018,2,1,1,1,39,7,3,0,0,0,0,-1,9,1
6394,94.18220365,26.75342866,1,3,2,1,6,19:35,13,E09000031,3,104,6,30,3,4,6,0,0,0,4,4,1,0,0,1,1,E01004424,07-01-2018,2,1,1,2,-1,-1,3,0,0,0,0,-1,1,1
6395,94.18573576,26.74670481,1,3,1,1,6,18:39,13,E09000031,3,106,3,30,9,2,5,0,0,0,4,8,1,0,0,1,1,E01004430,07-01-2018,1,1,1,1,20,4,3,0,0,0,0,-1,3,-1
6396,94.18931447,26.76506864,1,3,2,1,7,13:00,13,E09000031,3,112,6,30,3,4,6,0,0,0,1,1,1,0,0,1,1,E01004373,08-01-2018,2,1,1,1,-1,-1,3,0,0,0,0,-1,9,-1
6397,94.19321637,26.7200861,1,3,1,1,7,13:30,13,E09000031,5,0,6,30,0,-1,-1,0,0,0,1,1,1,0,0,1,1,E01004392,08-01-2018,1,1,1,1,56,9,3,0,0,0,0,-1,9,2
6398,94.19241181,26.73558806,1,3,2,1,2,09:20,13,E09000031,3,112,6,30,3,4,6,0,0,0,1,1,1,0,0,1,1,E01004443,10-01-2018,1,1,3,1,23,5,3,4,1,0,0,-1,0,1
6399,94.19978558,26.76326858,1,3,1,1,4,21:07,13,E09000031,6,0,6,30,0,-1,-1,0,0,0,4,1,1,0,0,1,1,E01004463,12-01-2018,1,1,1,1,41,7,3,0,0,0,0,-1,9,1
6400,94.21971953,26.76513891,1,3,1,1,7,17:01,13,E09000031,6,0,6,30,3,4,4,161,0,0,1,1,2,0,0,1,1,E01004341,15-01-2018,1,1,1,2,23,5,3,0,0,0,0,-1,9,1
6401,94.17811059,26.73355602,1,3,2,1,4,11:56,13,E09000031,3,11,6,30,0,-1,-1,0,0,0,1,1,1,0,0,1,1,E01004328,19-01-2018,1,1,3,2,23,5,3,5,9,0,0,-1,0,1
6402,94.19116349,26.74888286,1,2,1,1,2,11:23,32,E09000010,3,406,3,50,0,-1,-1,0,0,0,1,2,2,0,0,1,1,E01001559,17-01-2018,1,1,3,2,14,3,3,5,1,0,0,-1,0,-1
6403,94.17888384,26.74094988,1,3,2,1,1,01:15,13,E09000031,3,406,6,30,0,-1,-1,0,0,0,4,1,1,0,0,1,1,E01004377,09-01-2018,1,1,3,2,11,3,2,4,3,0,0,-1,0,-1
6404,94.20308908,26.75916675,1,3,2,1,3,22:41,13,E09000031,3,503,6,30,8,4,6,0,0,0,4,1,2,0,0,1,1,E01004407,25-01-2018,1,1,1,2,35,6,3,0,0,0,0,-1,3,1
6405,94.19071237,26.73936422,1,3,2,1,2,14:28,13,E09000031,3,104,6,30,0,-1,-1,0,0,0,1,1,1,0,0,1,1,E01004424,24-01-2018,3,1,1,1,52,8,3,0,0,0,0,-1,9,1
6406,94.20971679,26.73108013,1,3,2,2,1,11:05,13,E09000031,4,160,6,30,3,4,6,0,0,0,1,1,1,0,0,1,1,E01004379,23-01-2018,1,1,1,1,41,7,3,0,0,0,0,-1,20,1
6407,94.21067153,26.73057134,1,2,2,1,5,18:23,13,E09000031,4,146,6,30,1,4,3,110,0,0,4,1,1,0,0,1,1,E01004389,20-01-2018,1,1,1,1,24,5,3,0,0,0,0,-1,9,1
6408,94.20585374,26.74358332,1,3,2,1,3,15:40,13,E09000031,4,179,6,30,0,-1,-1,0,0,1,1,1,1,0,0,1,1,E01004398,18-01-2018,1,1,3,1,25,5,2,8,9,0,0,-1,0,-1
6409,94.17018575,26.75634738,1,2,2,1,3,12:00,13,E09000031,3,104,6,30,3,4,6,0,0,0,1,1,1,0,0,1,1,E01004427,18-01-2018,2,1,1,1,17,4,3,0,0,0,0,-1,1,-1
6410,94.1883993,26.72514147,1,3,2,2,2,12:50,13,E09000031,3,1009,6,30,3,4,6,0,0,1,1,1,1,0,0,2,1,E01004385,17-01-2018,1,1,3,2,9,2,3,5,3,0,0,-1,0,1
6411,94.21073876,26.72248157,1,3,1,1,2,11:45,13,E09000031,3,1009,6,30,3,4,6,0,0,0,1,1,1,0,0,1,3,E01004453,17-01-2018,1,1,3,1,28,6,3,5,3,0,0,-1,0,1
6412,94.20672466,26.73495201,1,3,1,1,2,16:30,13,E09000031,4,160,6,30,3,4,6,0,0,0,4,2,2,0,0,1,1,E01004467,17-01-2018,1,1,3,1,17,4,3,5,1,0,0,-1,0,1
6413,94.16868542,26.75298346,1,3,2,2,3,07:48,13,E09000031,3,112,6,30,0,-1,-1,0,0,0,1,1,2,0,0,1,1,E01004406,18-01-2018,1,1,2,1,15,3,3,0,0,0,0,-1,2,-1
6414,94.21353946,26.72611057,1,3,2,1,2,15:00,13,E09000031,6,0,6,30,3,4,3,11,0,0,1,1,1,0,0,1,1,E01004438,17-01-2018,1,1,3,2,26,6,3,5,1,0,0,-1,0,1
6415,94.22747508,26.73384505,1,3,1,1,5,17:40,13,E09000031,5,0,6,30,6,2,6,0,0,5,4,1,1,0,0,1,1,E01004392,20-01-2018,1,1,1,1,20,4,3,0,0,0,0,-1,9,1
6416,94.1733179,26.72696807,1,3,1,1,2,15:55,13,E09000031,3,503,3,30,6,2,5,0,0,5,1,1,1,0,0,1,1,E01004407,24-01-2018,1,2,2,1,20,4,3,0,0,1,0,-1,9,1
6417,94.17495352,26.73486325,1,3,1,1,6,14:50,13,E09000031,4,146,6,30,0,-1,-1,0,0,0,1,1,1,0,0,1,2,E01004390,21-01-2018,1,1,2,2,45,7,3,0,0,0,3,-1,11,1
6418,94.20424463,26.75779445,1,3,6,4,3,18:06,13,E09000031,3,406,3,50,0,-1,-1,0,0,0,4,8,1,0,0,1,1,E01004344,01-02-2018,1,1,1,1,43,7,3,0,0,0,0,-1,9,1
6419,94.1915829,26.74310065,1,3,2,1,6,14:33,13,E09000031,4,179,1,30,1,4,6,0,0,0,1,1,1,0,0,1,1,E01004399,28-01-2018,1,1,1,2,28,6,3,0,0,0,0,-1,9,1
6420,94.17025579,26.75452481,1,3,1,1,7,05:50,13,E09000031,3,1009,6,30,3,4,6,0,0,0,4,1,2,0,0,1,1,E01004452,29-01-2018,1,2,2,2,51,8,3,0,0,1,0,-1,9,1
6421,94.20730208,26.72342561,1,3,2,1,7,22:07,13,E09000031,3,112,6,30,9,4,6,0,0,1,4,1,2,0,0,1,1,E01004342,29-01-2018,1,1,2,2,40,7,3,0,0,1,0,-1,9,1
6422,94.20293722,26.75338426,1,3,2,1,1,04:05,13,E09000031,3,112,3,30,6,2,3,104,0,0,5,4,1,0,0,1,1,E01004420,30-01-2018,1,1,1,1,52,8,3,0,0,0,0,-1,5,1
6423,94.19702607,26.71837973,1,3,1,1,2,11:47,13,E09000031,6,0,6,30,3,4,3,112,0,0,1,1,1,0,0,1,1,E01004420,07-02-2018,1,1,2,2,28,6,3,0,0,1,0,-1,9,1
6424,94.20688692,26.74570522,1,3,2,1,7,18:20,13,E09000031,3,11,6,30,6,2,5,0,0,5,4,1,1,0,0,1,1,E01004335,05-02-2018,1,1,1,1,30,6,3,0,0,0,0,-1,1,1
6425,94.20847546,26.75460793,1,3,1,1,4,06:20,13,E09000031,3,104,3,30,3,4,6,0,0,0,4,1,1,0,0,1,1,E01004427,02-02-2018,1,1,3,1,28,6,3,6,9,0,0,-1,0,1
6426,94.17292012,26.73580232,1,3,2,1,2,08:30,13,E09000031,3,104,6,30,3,4,6,0,0,0,1,1,1,0,0,1,1,E01004423,07-02-2018,1,1,1,1,62,9,2,0,0,0,0,-1,1,1
6427,94.17169769,26.76493147,1,3,1,1,3,15:25,13,E09000031,6,0,6,30,3,4,3,11,0,4,1,1,2,0,0,1,1,E01004341,01-02-2018,1,1,1,1,24,5,3,0,0,0,0,-1,3,1
6428,94.20616127,26.76511484,1,3,1,1,7,09:05,13,E09000031,6,0,6,30,3,4,6,0,0,0,1,1,1,0,0,1,1,E01004467,29-01-2018,1,1,3,1,7,2,3,1,1,0,0,-1,0,1
6429,94.18624974,26.74792119,1,3,2,2,5,18:10,13,E09000031,3,104,3,30,6,4,3,1006,0,5,4,2,2,0,0,1,1,E01004427,27-01-2018,1,1,3,1,21,5,3,5,1,0,0,-1,0,-1
6430,94.19409264,26.74847383,1,3,2,1,4,09:30,13,E09000031,3,503,3,30,0,-1,-1,0,0,0,1,1,1,0,0,1,1,E01004407,19-01-2018,1,1,1,1,58,9,3,0,0,0,0,-1,4,1
6431,94.21312303,26.72362481,1,3,2,1,7,12:00,13,E09000031,6,0,6,30,3,4,6,0,0,0,1,1,1,0,0,1,1,E01004328,08-01-2018,1,1,1,1,39,7,3,0,0,0,0,-1,9,1
6432,94.17939099,26.75922375,1,3,1,1,4,11:18,13,E09000031,3,112,6,30,0,-1,-1,0,0,0,1,1,5,6,0,1,1,E01004365,02-02-2018,1,1,2,2,-1,-1,2,0,0,0,3,-1,11,-1
6433,94.16837244,26.728895,1,3,1,2,6,14:35,13,E09000031,3,12,1,30,1,4,3,114,0,0,1,1,1,4,0,1,1,E01004362,04-02-2018,1,1,1,2,35,6,3,0,0,0,0,-1,3,1
6434,94.19779603,26.76585445,1,3,2,2,4,23:59,13,E09000031,6,0,6,30,3,4,3,112,0,0,4,1,1,0,0,1,1,E01004443,09-02-2018,1,1,1,1,29,6,3,0,0,0,0,-1,9,1
6435,94.16717089,26.76543825,1,2,1,1,4,19:00,13,E09000031,4,159,6,30,0,-1,-1,0,0,0,4,1,1,0,0,1,1,E01004364,09-02-2018,2,1,1,2,29,6,3,0,0,0,0,-1,5,1
6436,94.17787226,26.74376321,1,3,1,1,6,00:05,13,E09000031,6,0,6,30,6,4,3,1009,0,0,4,2,2,0,0,1,1,E01004453,11-02-2018,1,1,2,1,51,8,3,0,0,2,0,-1,9,-1
6437,94.21032255,26.73544475,1,3,2,1,3,08:22,13,E09000031,3,106,6,30,0,-1,-1,0,0,0,1,1,1,0,0,1,1,E01004440,08-02-2018,1,2,2,1,21,5,3,0,0,1,0,-1,9,1
6438,94.22257899,26.74910225,1,3,2,2,2,11:30,13,E09000031,3,104,6,30,0,-1,-1,0,0,0,1,1,1,0,0,1,1,E01004422,14-02-2018,1,1,3,1,20,4,3,5,1,0,0,-1,0,1
6439,94.20039389,26.7689281,1,2,1,1,1,06:41,13,E09000031,6,0,6,30,0,-1,-1,0,0,0,4,5,2,0,0,1,1,E01004407,13-02-2018,1,1,2,2,27,6,3,0,0,1,0,-1,9,-1
6440,94.16735487,26.74450833,1,3,2,1,4,18:12,13,E09000031,6,0,6,30,8,4,6,0,0,0,4,1,1,0,0,1,3,E01004397,02-02-2018,1,1,3,2,20,4,2,5,3,0,0,-1,0,-1
6441,94.18780331,26.72737759,1,3,2,1,3,10:00,13,E09000031,3,112,2,30,3,4,5,0,0,0,1,1,1,0,0,1,1,E01004364,25-01-2018,1,1,1,1,38,7,3,0,0,0,0,-1,2,1
6442,94.21973814,26.73911352,1,3,2,1,6,13:04,13,E09000031,6,0,6,30,3,4,6,0,0,0,1,2,2,0,0,1,3,E01004439,11-02-2018,1,1,1,1,18,4,3,0,0,0,0,-1,9,1
6443,94.19387724,26.73002573,1,3,2,1,7,18:20,13,E09000031,3,112,6,30,3,4,6,0,0,0,4,1,2,0,0,1,1,E01004373,12-02-2018,1,1,2,2,25,5,3,0,0,0,3,-1,11,1
6444,94.18826251,26.76885528,1,3,1,1,6,17:20,13,E09000031,3,406,6,50,5,4,3,112,0,0,1,1,1,0,0,1,1,E01004403,04-02-2018,1,1,3,1,35,6,3,10,9,0,0,-1,0,1
6445,94.17169205,26.72513728,1,3,2,1,2,21:30,13,E09000031,3,112,6,30,0,-1,-1,0,0,0,4,1,1,0,0,1,2,E01004370,31-01-2018,1,1,2,2,23,5,3,0,0,1,0,-1,9,1
6446,94.21267911,26.72458786,1,3,1,1,7,14:01,13,E09000031,3,104,6,30,3,4,6,0,0,0,1,2,2,0,0,1,1,E01004423,12-02-2018,1,1,2,2,20,4,2,0,0,1,0,-1,9,-1
6447,94.18148088,26.75902302,1,3,3,2,2,19:50,13,E09000031,3,406,3,50,0,-1,-1,0,0,0,1,1,1,0,0,1,1,E01004403,14-02-2018,1,1,1,1,16,4,3,0,0,0,0,-1,2,1
6448,94.17320746,26.7326556,1,3,2,1,2,18:00,13,E09000031,3,11,1,30,1,2,3,11,0,0,4,2,2,0,0,1,1,E01004362,21-02-2018,2,1,1,1,37,7,3,0,0,0,0,-1,5,1
6449,94.17176753,26.73913041,1,3,3,1,2,13:10,13,E09000031,3,104,1,30,1,4,3,114,0,0,1,1,1,0,0,1,1,E01004363,21-02-2018,1,1,1,1,25,5,3,0,0,0,0,-1,3,-1
6450,94.20384926,26.75869512,1,3,2,1,2,10:20,13,E09000031,6,0,6,30,3,4,3,106,0,0,1,2,2,0,0,1,1,E01004430,21-02-2018,1,1,3,1,10,2,3,4,1,0,0,-1,0,1
6451,94.21609211,26.76854119,1,3,2,1,5,08:57,13,E09000031,3,114,6,30,3,4,3,104,0,0,1,1,1,0,0,1,1,E01004467,17-02-2018,1,1,1,2,31,6,3,0,0,0,0,-1,5,1
6452,94.21166929,26.72157986,1,3,2,1,2,12:45,13,E09000031,3,114,6,30,0,-1,-1,0,0,0,1,1,1,0,0,1,1,E01004362,14-02-2018,1,1,2,2,33,6,3,0,0,1,0,-1,9,1
6453,94.18309357,26.72444022,1,3,2,1,1,12:15,13,E09000031,3,112,6,30,5,4,4,159,0,0,1,1,1,0,0,1,1,E01004364,06-02-2018,1,1,1,1,39,7,3,0,0,0,0,-1,1,1
6454,94.21145199,26.76958666,1,3,1,1,3,14:57,13,E09000031,3,104,6,30,0,-1,-1,0,0,0,1,1,1,0,0,1,2,E01004422,15-02-2018,2,1,1,1,46,8,3,0,0,0,0,-1,9,1
6455,94.19121793,26.73586858,1,3,2,1,4,13:30,13,E09000031,3,112,2,30,3,4,3,112,0,0,1,1,1,0,0,1,1,E01004373,02-02-2018,1,1,3,1,24,5,2,5,3,0,0,-1,0,-1
6456,94.20639407,26.73916997,1,3,1,1,4,13:10,13,E09000031,3,112,6,30,3,4,6,0,0,0,1,1,1,0,0,1,1,E01004435,02-02-2018,1,1,1,1,35,6,3,0,0,0,0,-1,5,1
6457,94.21682767,26.76136391,1,3,2,1,6,13:20,13,E09000031,6,0,6,30,3,4,3,112,0,0,1,1,1,0,0,1,1,E01004432,11-02-2018,1,1,2,1,11,3,3,0,0,1,0,-1,9,-1
6458,94.18773816,26.76176527,1,3,2,1,3,14:15,13,E09000031,3,114,1,30,1,4,3,104,0,0,1,2,2,0,0,1,1,E01004363,22-02-2018,1,2,2,2,37,7,3,0,0,2,0,-1,9,-1
6459,94.17977258,26.74063776,1,3,2,1,5,15:05,13,E09000031,6,0,6,30,3,4,3,112,0,0,1,1,1,0,0,1,1,E01004418,17-02-2018,1,4,1,1,44,7,3,0,0,0,0,-1,9,1
6460,94.20311846,26.74224541,1,3,2,1,5,07:40,13,E09000031,6,0,6,30,6,4,3,503,0,1,1,1,1,0,0,1,1,E01004457,17-02-2018,2,3,1,1,53,8,3,0,0,0,0,-1,20,1
6461,94.18478567,26.7588876,1,3,2,1,6,16:05,13,E09000031,5,0,6,30,3,2,3,503,0,0,1,1,1,0,0,1,1,E01004458,18-02-2018,1,1,1,1,45,7,3,0,0,0,0,-1,9,1
6462,94.19450444,26.72660684,1,3,4,1,1,12:35,13,E09000031,3,1037,3,30,0,-1,-1,0,0,0,1,1,1,0,0,1,1,E01004450,27-02-2018,1,1,1,1,19,4,3,0,0,0,0,-1,9,1
6463,94.16768056,26.75829873,1,3,2,1,3,21:20,13,E09000031,3,1009,6,30,3,4,6,0,0,0,4,2,4,0,0,1,1,E01004414,22-02-2018,1,2,2,1,22,5,3,0,0,1,0,-1,9,1
6464,94.17901145,26.7214027,1,3,4,1,4,19:00,13,E09000031,6,0,6,30,0,-1,-1,0,0,0,4,1,1,0,2,1,1,E01004340,09-02-2018,1,1,1,1,31,6,3,0,0,0,0,-1,3,1
6465,94.19907148,26.73367549,1,3,2,1,5,19:54,13,E09000031,6,0,6,30,3,4,3,1009,0,0,4,2,2,0,0,2,1,E01004386,17-02-2018,2,2,1,1,23,5,3,0,0,0,0,-1,9,1
6466,94.21040924,26.73078109,1,3,2,1,5,16:51,13,E09000031,4,179,6,30,0,-1,-1,0,0,0,1,2,2,0,0,1,1,E01004401,24-02-2018,1,1,1,1,27,6,2,0,0,0,0,-1,3,1
6467,94.16935396,26.74095928,1,3,1,1,2,12:25,13,E09000031,3,406,3,50,0,-1,-1,0,0,0,1,1,1,0,0,1,1,E01004343,28-02-2018,1,1,1,2,29,6,3,0,0,0,0,-1,9,1
6468,94.22272797,26.72301779,1,3,2,1,4,15:45,13,E09000031,6,0,6,30,3,4,6,0,0,0,1,1,1,0,0,1,3,E01004458,09-02-2018,1,1,1,1,36,7,3,0,0,0,0,-1,5,-1
6469,94.17702412,26.75744831,1,3,2,1,2,18:35,13,E09000031,3,112,6,30,0,-1,-1,0,0,5,4,2,2,0,0,1,2,E01004455,21-02-2018,1,1,1,2,30,6,3,0,0,0,0,-1,1,-1
6470,94.1945917,26.72484283,1,3,2,1,5,09:20,13,E09000031,5,0,6,30,8,4,6,0,0,1,1,1,1,0,0,1,1,E01004378,03-03-2018,1,1,1,1,-1,-1,2,0,0,0,0,-1,3,1
6471,94.17804061,26.725185,1,3,2,1,3,14:23,13,E09000031,6,0,6,30,0,-1,-1,0,0,0,1,1,1,0,0,1,1,E01004448,01-03-2018,1,1,1,1,30,6,3,0,0,0,0,-1,9,1
6472,94.19877736,26.73369059,1,3,1,1,3,20:05,13,E09000031,3,104,6,30,7,2,3,112,0,5,4,1,1,0,0,1,2,E01004420,01-03-2018,1,2,2,1,-1,-1,3,0,0,1,0,-1,9,-1
6473,94.1916559,26.73022019,1,3,1,1,4,19:50,13,E09000031,3,112,6,30,3,4,6,0,0,0,4,2,2,0,0,1,1,E01004420,02-03-2018,1,1,1,1,35,6,3,0,0,0,0,-1,19,1
6474,94.21866248,26.74578378,1,3,1,1,7,02:23,13,E09000031,3,503,6,30,3,4,5,0,0,0,4,1,1,0,0,1,1,E01004470,05-03-2018,1,2,2,2,-1,-1,3,0,0,0,0,-1,19,-1
6475,94.1827708,26.74966599,1,3,2,2,7,05:05,13,E09000031,3,106,3,30,3,2,6,0,0,5,4,1,1,0,0,1,1,E01004429,05-03-2018,1,3,2,1,-1,-1,3,0,0,0,0,-1,19,-1
6476,94.18625319,26.7474637,1,3,2,1,7,21:35,13,E09000031,6,0,6,30,3,4,6,0,0,0,4,2,2,0,0,1,1,E01004365,05-03-2018,2,1,1,2,29,6,3,0,0,0,0,-1,1,1
6477,94.1908002,26.75036212,1,3,1,1,2,13:41,13,E09000031,3,114,6,30,0,-1,-1,0,0,0,1,1,1,0,0,1,1,E01004438,21-02-2018,1,2,2,1,22,5,3,0,0,1,0,-1,9,1
6478,94.22511097,26.7684012,1,3,2,1,7,20:40,13,E09000031,3,112,6,30,0,-1,-1,0,0,0,4,2,2,0,0,1,1,E01004350,26-02-2018,2,1,2,1,35,6,3,0,0,1,0,-1,9,1
6479,94.19741115,26.75877756,1,3,2,1,7,14:15,13,E09000031,6,0,6,30,3,4,3,112,0,0,1,2,2,0,0,1,1,E01004452,26-02-2018,1,1,1,1,32,6,3,0,0,0,0,-1,9,1
6480,94.20367827,26.76146572,1,3,2,1,1,21:10,13,E09000031,3,1006,6,30,3,4,3,112,0,0,4,1,1,0,0,1,1,E01004435,27-02-2018,1,1,1,1,40,7,3,0,0,0,0,-1,5,1
6481,94.17727031,26.75897291,1,3,1,1,2,06:25,13,E09000031,4,160,6,30,1,4,4,160,0,0,1,1,4,0,0,1,1,E01004343,28-02-2018,1,1,3,1,36,7,3,9,9,0,0,-1,0,-1
6482,94.17824372,26.76779561,1,3,3,1,1,19:15,13,E09000031,6,0,6,30,0,-1,-1,0,0,0,4,1,1,0,0,1,1,E01004337,27-02-2018,1,1,1,1,29,6,3,0,0,0,0,-1,5,1