Accident_Index,longitude,latitude,Police_Force,Accident_Severity,Number_of_Vehicles,Number_of_Casualties,Day_of_Week,Time,Local_Authority_(District),Local_Authority_(Highway),1st_Road_Class,1st_Road_Number,Road_Type,Speed_limit,Junction_Detail,Junction_Control,2nd_Road_Class,2nd_Road_Number,Pedestrian_Crossing-Human_Control,Pedestrian_Crossing-Physical_Facilities,Light_Conditions,Weather_Conditions,Road_Surface_Conditions,Special_Conditions_at_Site,Carriageway_Hazards,Urban_or_Rural_Area,Did_Police_Officer_Attend_Scene_of_Accident,LSOA_of_Accident_Location,Date,Vehicle_Reference,Casualty_Reference,Casualty_Class,Sex_of_Casualty,Age_of_Casualty,Age_Band_of_Casualty,Casualty_Severity,Pedestrian_Location,Pedestrian_Movement,Car_Passenger,Bus_or_Coach_Passenger,Pedestrian_Road_Maintenance_Worker,Casualty_Type,Casualty_Home_Area_Type
6604,94.19752686,26.75802076,1,2,1,1,5,15:15,13,E09000031,6,0,6,30,0,-1,-1,0,0,0,1,2,2,0,0,1,1,E01004389,07-04-2018,1,1,3,1,23,5,3,4,1,0,0,-1,0,1
6605,94.18574928,26.76250999,1,3,1,1,3,16:54,13,E09000031,3,104,6,30,3,4,6,0,0,0,1,1,1,0,0,1,1,E01004420,03-05-2018,1,1,2,1,22,5,3,0,0,1,0,-1,9,1
6606,94.18659125,26.71775893,1,3,2,1,3,20:30,13,E09000031,3,406,7,40,5,4,3,112,0,0,1,1,1,0,0,1,1,E01004344,10-05-2018,1,1,1,1,27,6,3,0,0,0,0,-1,5,2
6607,94.19644412,26.7273593,1,3,2,3,2,15:50,13,E09000031,3,112,6,30,6,4,3,1009,0,0,1,1,1,0,0,1,2,E01004452,18-04-2018,1,1,1,1,32,6,3,0,0,0,0,-1,9,1
6608,94.21195293,26.76921788,1,3,2,1,7,15:46,13,E09000031,5,0,6,30,3,4,6,0,0,0,1,1,1,0,0,1,2,E01004435,23-04-2018,1,1,1,1,25,5,3,0,0,0,0,-1,3,-1
6609,94.19651621,26.75382438,1,3,1,1,4,17:45,13,E09000031,6,0,6,30,3,4,3,104,0,0,1,1,1,0,0,1,1,E01004420,04-05-2018,1,1,1,1,51,8,3,0,0,0,0,-1,9,1
6610,94.19605475,26.72963113,1,3,2,1,3,10:42,13,E09000031,3,112,6,30,6,2,3,503,0,5,1,1,1,0,0,1,1,E01004408,10-05-2018,1,1,2,1,19,4,3,0,0,1,0,-1,9,1
6611,94.2153113,26.72532562,1,3,2,1,6,23:15,13,E09000031,3,11,6,30,6,4,5,0,0,0,4,1,1,0,0,1,1,E01004335,13-05-2018,2,1,1,1,39,7,3,0,0,0,0,-1,1,-1
6612,94.21062377,26.71847845,1,3,2,1,5,12:00,13,E09000031,6,0,6,30,6,4,6,0,0,0,1,1,1,0,0,1,1,E01004446,02-06-2018,1,1,1,1,26,6,3,0,0,0,0,-1,3,1
6613,94.21427834,26.76855882,1,3,2,1,6,18:00,13,E09000031,5,0,3,30,3,4,3,1069,0,0,1,1,1,0,0,2,1,E01004352,27-05-2018,1,1,1,1,33,6,3,0,0,0,0,-1,3,1
6614,94.22861877,26.73524381,1,2,1,1,4,09:32,13,E09000031,3,503,6,30,3,4,6,0,0,0,1,1,1,0,0,1,1,E01004460,11-05-2018,1,1,1,1,24,5,3,0,0,0,0,-1,5,-1
6615,94.20783888,26.7350567,1,3,2,1,3,16:40,13,E09000031,3,406,3,50,0,-1,-1,0,0,0,1,1,1,0,0,1,1,E01004453,10-05-2018,2,1,1,1,58,9,2,0,0,0,0,-1,1,-1
6616,94.22144441,26.7680781,1,3,2,1,7,13:00,13,E09000031,3,11,6,30,0,-1,-1,0,0,0,1,1,1,0,0,1,2,E01004440,21-05-2018,1,1,3,1,19,4,3,5,1,0,0,-1,0,-1
6617,94.21128277,26.721743,1,3,2,2,7,23:00,13,E09000031,3,104,6,30,0,-1,-1,0,0,4,4,1,1,0,0,1,1,E01004363,21-05-2018,1,1,2,2,50,8,3,0,0,1,0,-1,9,1
6618,94.22147092,26.75351386,1,3,2,1,7,23:40,13,E09000031,6,0,6,30,3,4,3,11,0,0,4,1,1,0,0,1,2,E01004440,14-05-2018,1,1,1,1,20,4,3,0,0,0,0,-1,9,1
6619,94.20978352,26.74593909,1,3,1,1,1,09:03,13,E09000031,6,0,6,30,3,2,3,112,0,5,1,1,1,0,0,1,1,E01004417,15-05-2018,1,1,1,1,28,6,3,0,0,0,0,-1,1,1
6620,94.21552257,26.7651722,1,3,1,1,1,21:48,13,E09000031,6,0,6,30,0,-1,-1,0,0,0,4,1,1,0,0,1,1,E01004408,15-05-2018,1,1,1,2,44,7,3,0,0,0,0,-1,9,1
6621,94.21126639,26.76626614,1,3,1,1,2,16:35,13,E09000031,5,0,6,30,3,4,3,1009,0,0,1,2,2,0,0,1,1,E01004453,16-05-2018,2,1,1,1,26,6,3,0,0,0,0,-1,9,1
6622,94.2150162,26.76168733,1,3,3,1,1,05:30,13,E09000031,6,0,6,30,8,4,3,112,0,0,1,1,1,0,0,1,2,E01004443,08-05-2018,1,1,1,1,44,7,3,0,0,0,0,-1,9,1
6623,94.19360534,26.73219887,1,3,2,1,2,00:15,13,E09000031,5,0,6,30,3,4,6,0,0,0,4,1,1,0,0,1,2,E01004444,23-05-2018,1,1,1,1,32,6,3,0,0,0,0,-1,1,-1
6624,94.18237527,26.72206292,1,2,2,1,5,11:20,13,E09000031,3,11,6,30,3,4,6,0,0,0,1,1,1,0,0,1,1,E01004333,12-05-2018,1,1,1,1,43,7,3,0,0,0,0,-1,9,1
6625,94.18731493,26.75225458,1,3,2,1,4,21:47,13,E09000031,3,1006,6,30,6,2,3,503,0,0,1,1,1,0,0,1,1,E01004391,11-05-2018,1,1,1,1,36,7,3,0,0,0,0,-1,1,1
6626,94.17402341,26.7176943,1,3,1,1,4,20:12,13,E09000031,6,0,6,30,3,4,3,104,0,0,1,1,1,0,0,1,1,E01004420,11-05-2018,1,1,2,2,4,1,3,0,0,2,0,-1,9,-1
6627,94.21069189,26.76114486,1,3,2,1,2,18:41,13,E09000031,5,0,6,30,3,4,6,0,0,1,1,2,2,0,0,1,1,E01004381,16-05-2018,1,2,2,2,23,5,3,0,0,2,0,-1,9,1
6628,94.18099522,26.74086305,1,3,2,1,5,18:45,13,E09000031,4,160,6,30,3,4,6,0,0,0,1,1,1,0,0,1,1,E01004467,05-05-2018,2,1,1,1,32,6,3,0,0,0,0,-1,9,-1
6629,94.18494841,26.74410149,1,3,2,1,3,06:47,13,E09000031,6,0,6,30,3,4,3,112,0,0,6,1,1,0,0,1,1,E01004419,17-05-2018,3,1,1,1,50,8,3,0,0,0,0,-1,9,1
6630,94.19915581,26.7191754,1,3,4,2,3,17:39,13,E09000031,3,406,3,50,0,-1,-1,0,0,0,1,1,1,0,0,1,1,E01004345,17-05-2018,1,1,1,1,33,6,3,0,0,0,0,-1,9,1
6631,94.17367936,26.7203477,1,3,1,2,6,09:00,13,E09000031,3,1069,6,30,0,-1,-1,0,0,0,1,2,2,0,0,2,1,E01004352,20-05-2018,1,2,1,1,24,5,3,0,0,0,0,-1,9,1
6632,94.19277133,26.74266628,1,3,1,1,6,16:00,13,E09000031,6,0,6,30,0,-1,-1,0,0,0,1,1,1,0,0,1,1,E01004436,20-05-2018,2,1,1,1,38,7,3,0,0,0,0,-1,2,1
6633,94.19791539,26.72043976,1,3,1,1,6,16:21,13,E09000031,3,112,6,30,7,2,6,0,0,5,1,1,1,0,0,1,1,E01004430,20-05-2018,1,1,1,1,28,6,3,0,0,0,0,-1,9,1
6634,94.19803594,26.72211886,1,3,2,1,6,17:50,13,E09000031,4,161,6,30,1,4,6,0,0,0,1,1,1,0,0,1,1,E01004341,20-05-2018,1,1,1,1,41,7,3,0,0,0,0,-1,9,1
6635,94.22846056,26.75348058,1,3,2,1,4,09:10,13,E09000031,4,179,6,30,0,-1,-1,0,0,0,1,1,1,0,0,1,1,E01004401,18-05-2018,1,1,2,2,65,9,3,0,0,0,2,-1,11,-1
6636,94.17268352,26.7210141,1,3,2,1,2,17:30,13,E09000031,3,112,6,30,0,-1,-1,0,0,0,1,1,1,0,0,1,1,E01004357,23-05-2018,1,2,2,1,57,9,3,0,0,0,3,-1,11,-1
6637,94.21182521,26.74161284,1,3,1,1,3,13:59,13,E09000031,3,104,6,30,3,4,6,0,0,0,1,1,1,0,0,1,1,E01004422,24-05-2018,1,1,1,1,35,6,3,0,0,0,0,-1,9,-1
6638,94.22410234,26.72856808,1,2,1,1,3,16:00,13,E09000031,3,104,6,40,0,-1,-1,0,0,1,1,1,1,0,0,1,1,E01004427,24-05-2018,1,1,3,1,42,7,3,5,1,0,0,-1,0,1
6639,94.21893306,26.72974204,1,3,2,2,3,16:49,13,E09000031,3,104,6,30,3,4,3,104,0,0,1,1,1,0,0,1,1,E01004422,24-05-2018,1,1,1,1,29,6,3,0,0,0,0,-1,4,1
6640,94.2161277,26.72829853,1,3,3,4,3,20:55,13,E09000031,3,406,3,50,0,-1,-1,0,0,0,4,1,1,0,0,1,1,E01004377,24-05-2018,1,1,1,1,40,7,3,0,0,0,0,-1,9,-1
6641,94.22736154,26.72789445,1,3,2,1,3,16:30,13,E09000031,6,0,6,30,0,-1,-1,0,0,0,1,1,1,0,0,1,1,E01004465,24-05-2018,1,2,2,2,36,7,3,0,0,2,0,-1,9,1
6642,94.180494,26.76898416,1,3,3,1,6,09:00,13,E09000031,3,1006,6,30,3,4,6,0,0,0,1,1,1,0,0,1,1,E01004393,27-05-2018,1,3,2,2,16,4,3,0,0,2,0,-1,9,1
6643,94.22024028,26.73889861,1,3,2,1,6,11:08,13,E09000031,6,0,6,30,0,-1,-1,0,0,0,1,2,2,0,0,1,1,E01004442,27-05-2018,1,1,1,1,28,6,3,0,0,0,0,-1,4,1
6644,94.21928847,26.75145165,1,3,2,1,7,08:09,13,E09000031,4,160,6,30,3,4,6,0,0,0,1,1,1,0,0,1,1,E01004379,28-05-2018,1,1,1,1,32,6,3,0,0,0,0,-1,5,1
6645,94.17255146,26.72041445,1,3,2,1,3,09:00,13,E09000031,3,406,3,40,1,4,3,112,0,0,1,1,1,0,0,1,2,E01004344,19-04-2018,2,1,2,1,11,3,3,0,0,1,0,-1,9,1
6646,94.22006445,26.75110397,1,3,2,1,1,13:15,13,E09000031,6,0,6,30,3,4,3,104,0,0,1,1,1,0,0,1,1,E01004364,29-05-2018,2,1,1,1,44,7,3,0,0,0,0,-1,1,1
6647,94.1711994,26.74487414,1,3,2,1,1,16:01,13,E09000031,3,1006,6,30,3,2,3,106,0,5,1,1,1,0,0,1,1,E01004429,29-05-2018,2,1,1,2,50,8,3,0,0,0,0,-1,9,1
6648,94.17379985,26.73168671,1,3,1,1,6,09:38,13,E09000031,6,0,6,30,0,-1,-1,0,0,0,1,1,1,0,0,1,1,E01004446,03-06-2018,1,1,2,2,88,11,3,0,0,0,3,-1,11,1
6649,94.18845529,26.73458793,1,3,1,1,5,15:23,13,E09000031,6,0,6,30,3,4,3,1006,0,0,1,1,1,0,0,1,1,E01004434,12-05-2018,1,1,1,1,-1,-1,3,0,0,0,0,-1,1,1
6650,94.19082088,26.76500913,1,3,1,1,2,11:09,13,E09000031,3,406,1,30,1,2,3,112,0,5,1,1,1,0,0,1,2,E01004455,09-05-2018,1,1,1,2,-1,-1,3,0,0,0,0,-1,9,1
6651,94.17189692,26.72704494,1,3,2,1,2,17:58,13,E09000031,6,0,6,30,6,4,3,112,0,0,1,1,1,0,0,1,1,E01004454,23-05-2018,1,2,2,1,27,6,3,0,0,1,0,-1,9,1
6652,94.23131778,26.73282656,1,3,1,1,7,14:49,13,E09000031,3,112,6,30,3,4,6,0,0,0,1,1,1,0,0,1,1,E01004430,21-05-2018,1,3,2,2,-1,-1,3,0,0,2,0,-1,9,1
6653,94.22221146,26.74514175,1,3,2,1,5,21:15,13,E09000031,3,12,3,70,0,-1,-1,0,0,0,4,1,1,0,0,1,1,E01004440,19-05-2018,1,1,3,2,26,6,3,1,1,0,0,-1,0,1
6654,94.22665237,26.75407475,1,3,3,1,3,16:50,13,E09000031,3,406,3,50,0,-1,-1,0,0,0,1,1,1,0,0,1,1,E01004344,10-05-2018,2,1,1,1,59,9,3,0,0,0,0,-1,9,3
6655,94.21524971,26.74753026,1,3,2,2,7,14:29,13,E09000031,3,112,6,30,3,4,6,0,0,0,1,1,1,0,0,1,1,E01004409,07-05-2018,1,1,1,1,18,4,3,0,0,0,0,-1,3,1
6656,94.19159284,26.74790749,1,3,2,1,6,01:05,13,E09000031,6,0,6,30,6,4,6,0,0,0,4,1,1,0,0,1,1,E01004429,13-05-2018,1,2,2,1,18,4,3,0,0,0,0,-1,3,1
6657,94.17302761,26.76710238,1,3,2,1,5,08:35,13,E09000031,6,0,3,30,8,2,3,112,0,5,1,1,1,0,0,1,1,E01004443,02-06-2018,1,1,1,1,42,7,3,0,0,0,0,-1,9,1
6658,94.21847137,26.74279144,1,3,3,1,2,15:40,13,E09000031,4,160,6,30,3,4,6,0,0,0,1,1,1,0,0,1,1,E01004416,18-04-2018,2,1,1,1,29,6,2,0,0,0,0,-1,5,1
6659,94.18007681,26.74240605,1,3,1,1,6,19:02,13,E09000031,3,112,6,30,3,4,6,0,0,0,1,1,1,0,0,1,1,E01004350,06-05-2018,2,1,1,1,44,7,2,0,0,0,0,-1,8,1
6660,94.2171365,26.72292826,1,3,1,1,6,12:00,13,E09000031,4,160,6,30,3,4,4,160,0,0,1,1,1,0,0,1,1,E01004381,13-05-2018,3,2,1,1,59,9,3,0,0,0,0,-1,19,1
6661,94.17355766,26.72630491,1,3,2,1,6,14:35,13,E09000031,5,0,6,30,3,4,6,0,0,0,1,1,1,0,0,1,1,E01004400,03-06-2018,1,1,3,1,15,3,3,5,3,0,0,-1,0,-1
6662,94.21049759,26.71792973,1,3,1,1,2,20:56,13,E09000031,6,0,6,30,3,4,6,0,0,0,4,1,1,0,0,1,1,E01004463,06-06-2018,1,1,1,1,21,5,3,0,0,0,0,-1,9,1
6663,94.17069266,26.74282133,1,3,2,1,2,20:38,13,E09000031,6,0,6,30,3,4,6,0,0,0,1,1,1,0,0,1,1,E01004392,06-06-2018,1,1,1,2,38,7,3,0,0,0,0,-1,9,1
6664,94.21588578,26.73454208,1,3,2,1,4,17:04,13,E09000031,6,0,6,30,0,-1,-1,0,0,0,1,2,2,0,0,1,1,E01004450,01-06-2018,1,1,1,1,26,6,3,0,0,0,0,-1,9,1
6665,94.23178465,26.73170587,1,3,2,2,3,08:02,13,E09000031,3,406,3,50,0,-1,-1,0,0,0,1,1,1,0,0,1,1,E01004403,07-06-2018,1,2,2,2,22,5,3,0,0,1,0,-1,9,1
6666,94.16705279,26.72974626,1,3,1,1,3,17:45,13,E09000031,6,0,6,30,0,-1,-1,0,0,0,1,1,1,0,0,1,1,E01004455,07-06-2018,2,3,1,2,25,5,3,0,0,0,0,-1,9,-1
6667,94.17866212,26.76521161,1,3,2,1,3,08:29,13,E09000031,3,406,3,70,0,-1,-1,0,0,0,1,1,1,0,0,1,1,E01004403,07-06-2018,2,4,2,1,21,5,3,0,0,1,0,-1,9,1
6668,94.17255791,26.74531467,1,3,2,1,1,16:25,13,E09000031,5,0,6,30,3,4,6,0,0,0,1,1,1,0,0,1,2,E01004392,12-06-2018,1,1,1,1,50,8,3,0,0,0,0,-1,9,1
6669,94.16746111,26.76680294,1,2,1,1,3,17:00,13,E09000031,3,110,6,30,3,4,6,0,0,0,1,1,1,0,0,1,1,E01004389,07-06-2018,1,1,3,2,17,4,3,5,9,0,0,-1,0,-1
6670,94.16838802,26.72734338,1,3,2,1,5,22:45,13,E09000031,6,0,6,30,3,4,3,112,0,0,4,1,1,0,0,1,1,E01004430,09-06-2018,1,1,1,1,45,7,3,0,0,0,0,-1,3,1
6671,94.2218052,26.72727323,1,3,3,1,1,16:26,13,E09000031,3,503,6,30,3,4,5,0,0,0,1,1,1,0,0,1,2,E01004458,29-05-2018,2,1,1,1,35,6,2,0,0,0,0,-1,1,1
6672,94.20056653,26.74595009,1,3,2,1,3,23:15,17,E09000025,3,112,6,30,6,4,3,11,0,0,4,1,1,0,0,1,2,E01003615,31-05-2018,1,1,1,2,49,8,2,0,0,0,0,-1,9,1
6673,94.21533085,26.73952299,1,3,2,2,6,07:45,13,E09000031,5,0,6,30,3,4,6,0,0,0,1,1,1,0,0,1,2,E01004370,27-05-2018,2,1,1,1,43,7,3,0,0,0,0,-1,4,1
6674,94.2113554,26.73592842,1,3,2,1,3,17:45,13,E09000031,6,0,6,30,3,4,6,0,0,0,1,1,1,0,0,1,2,E01004439,07-06-2018,1,1,1,1,32,6,3,0,0,0,0,-1,9,1
6675,94.18654826,26.74866941,1,3,1,1,6,11:40,13,E09000031,5,0,6,30,6,4,6,0,0,4,1,1,1,0,0,1,1,E01004392,15-04-2018,1,2,2,2,22,5,3,0,0,1,0,-1,9,1
6676,94.18501575,26.7465514,1,3,2,1,3,15:30,13,E09000031,6,0,6,30,0,-1,-1,0,0,0,1,1,1,0,0,1,2,E01004471,14-06-2018,1,1,1,2,22,5,3,0,0,0,0,-1,9,1
6677,94.21577681,26.73558636,1,3,1,1,6,19:22,13,E09000031,6,0,6,30,0,-1,-1,0,0,0,1,1,1,0,0,1,1,E01004336,20-05-2018,1,2,2,2,6,2,3,0,0,2,0,-1,9,1
6678,94.19672401,26.75612395,1,3,2,1,6,19:35,13,E09000031,3,11,3,30,0,-1,-1,0,0,0,4,1,1,0,0,1,2,E01004438,06-05-2018,1,1,1,1,49,8,3,0,0,0,0,-1,9,1
6679,94.19452285,26.74030199,1,3,2,1,2,14:45,13,E09000031,3,1006,1,30,1,4,3,106,0,0,1,1,1,0,0,1,2,E01004429,13-06-2018,1,1,1,1,56,9,2,0,0,0,0,-1,5,1
6680,94.18217571,26.75529032,1,3,2,1,7,12:40,13,E09000031,3,11,6,30,0,-1,-1,0,0,0,1,1,1,0,0,1,2,E01004328,21-05-2018,1,1,1,1,36,7,3,0,0,0,0,-1,5,1
6681,94.19764648,26.76416505,1,3,2,1,3,13:45,13,E09000031,3,112,6,30,3,4,6,0,0,0,1,1,1,0,0,1,1,E01004375,07-06-2018,3,2,1,1,34,6,3,0,0,0,0,-1,1,1
6682,94.17899994,26.72772263,1,2,2,2,3,08:00,13,E09000031,5,0,6,30,3,4,6,0,0,0,1,1,1,0,0,1,1,E01004437,14-06-2018,2,1,1,1,50,8,3,0,0,0,0,-1,1,1
6683,94.20522904,26.76295486,1,3,1,1,6,08:35,13,E09000031,3,1006,6,30,3,4,5,0,0,0,1,1,1,0,0,1,1,E01004425,10-06-2018,1,1,3,1,48,8,3,5,3,0,0,-1,0,1
6684,94.17854366,26.74218487,1,3,1,1,7,21:34,13,E09000031,3,106,6,30,3,2,3,112,0,5,4,1,1,0,0,1,1,E01004376,04-06-2018,1,1,3,1,-1,-1,3,5,9,0,0,-1,0,1
6685,94.20138547,26.72354329,1,3,2,2,6,17:50,13,E09000031,3,104,6,30,0,-1,-1,0,0,0,1,1,1,0,0,1,1,E01004377,17-06-2018,1,2,1,1,28,6,3,0,0,0,0,-1,9,1
6686,94.18439889,26.72972048,1,3,2,1,7,16:25,13,E09000031,6,0,6,30,0,-1,-1,0,0,0,1,1,1,0,0,1,1,E01004410,18-06-2018,2,1,1,1,52,8,3,0,0,0,0,-1,9,1
6687,94.20791403,26.76444837,1,3,1,1,4,12:00,13,E09000031,6,0,6,30,3,4,6,0,0,0,1,1,1,0,0,1,1,E01004465,01-06-2018,1,1,1,2,40,7,3,0,0,0,0,-1,9,1
6688,94.19820681,26.72205356,1,3,2,1,5,19:45,13,E09000031,6,0,6,30,3,4,6,0,0,0,1,1,1,0,0,1,2,E01004402,23-06-2018,1,2,2,1,37,7,3,0,0,1,0,-1,9,1
6689,94.20707561,26.74732225,1,3,2,1,4,20:00,13,E09000031,3,11,6,30,0,-1,-1,0,0,0,4,1,1,0,0,1,2,E01004341,22-06-2018,1,1,1,1,43,7,3,0,0,0,0,-1,4,1
6690,94.16949267,26.75077121,1,3,2,1,5,11:00,13,E09000031,5,0,6,30,6,2,3,112,0,0,1,1,1,0,0,1,2,E01004364,26-05-2018,1,1,1,1,26,6,2,0,0,0,0,-1,5,1
6691,94.21153395,26.75848929,1,3,2,2,1,13:11,13,E09000031,5,0,6,30,0,-1,-1,0,0,0,1,1,1,0,0,1,2,E01004392,05-06-2018,1,1,3,1,24,5,3,4,1,0,0,-1,0,-1
6692,94.19540367,26.7255488,1,3,2,1,4,20:17,13,E09000031,3,106,6,30,3,4,3,106,0,0,4,1,1,0,0,1,2,E01004440,23-02-2018,1,1,1,1,45,7,3,0,0,0,0,-1,9,1
6693,94.19027836,26.73507421,1,3,2,1,1,09:45,13,E09000031,3,114,6,30,0,-1,-1,0,0,0,1,1,1,0,0,1,2,E01004363,03-07-2018,1,2,2,2,39,7,3,0,0,1,0,-1,9,1
6694,94.19899916,26.72208613,1,3,2,1,7,14:45,13,E09000031,6,0,6,30,3,2,3,503,0,0,1,1,1,0,0,1,2,E01004391,18-06-2018,1,1,1,1,35,6,3,0,0,0,0,-1,3,1
6695,94.18762421,26.7180324,1,3,1,1,5,10:35,13,E09000031,3,104,6,30,6,4,6,0,0,4,1,1,1,0,0,1,1,E01004427,26-05-2018,1,1,2,2,39,7,3,0,0,1,0,-1,9,1
6696,94.18721539,26.76107504,1,3,2,1,7,01:00,13,E09000031,3,503,6,30,3,4,6,0,0,0,4,1,1,0,0,1,2,E01004348,18-06-2018,1,1,1,1,37,7,3,0,0,0,0,-1,19,1
6697,94.19662592,26.75649122,1,3,2,1,7,01:15,13,E09000031,6,0,6,30,3,2,3,112,0,5,4,1,1,0,0,1,2,E01004443,30-04-2018,1,1,1,1,31,6,2,0,0,0,0,-1,3,1
6698,94.21502306,26.74271156,1,3,2,1,4,13:35,13,E09000031,6,0,6,30,3,4,3,112,0,0,1,1,1,0,0,1,2,E01004406,08-06-2018,1,1,1,1,34,6,3,0,0,0,0,-1,5,1
6699,94.22946509,26.71826087,1,3,2,2,5,19:05,13,E09000031,3,104,6,30,0,-1,-1,0,0,0,1,1,1,0,0,1,2,E01004422,02-06-2018,1,1,1,1,40,7,3,0,0,0,0,-1,8,1
6700,94.16777463,26.76541367,1,2,2,2,7,00:15,13,E09000031,3,114,6,40,0,-1,-1,0,0,0,4,1,1,0,0,1,2,E01004363,18-06-2018,1,1,1,2,27,6,3,0,0,0,0,-1,9,1
6701,94.22630459,26.75570262,1,3,2,1,2,14:30,13,E09000031,3,1037,6,30,6,4,6,0,0,0,1,1,1,0,0,1,1,E01004450,20-06-2018,1,1,1,1,28,6,3,0,0,0,0,-1,5,1
6702,94.22130031,26.71808896,1,3,2,1,4,16:40,13,E09000031,3,112,6,30,3,4,3,104,0,0,1,1,1,0,0,1,1,E01004420,22-06-2018,1,1,3,1,27,6,3,5,1,0,0,-1,0,-1
6703,94.18927828,26.71841533,1,3,2,1,7,16:22,13,E09000031,3,1006,1,30,1,4,3,1006,0,0,1,1,1,0,0,1,1,E01004430,11-06-2018,2,1,1,1,41,7,3,0,0,0,0,-1,9,-1
6704,94.22411218,26.72245859,1,3,2,1,7,10:57,13,E09000031,6,0,6,30,3,4,3,11,0,0,1,1,1,0,0,1,1,E01004341,04-06-2018,2,2,2,2,33,6,3,0,0,1,0,-1,9,1
6705,94.18184253,26.74817016,1,2,1,1,1,21:32,13,E09000031,3,112,6,40,3,4,6,0,0,4,1,1,1,0,0,1,1,E01004451,15-05-2018,2,3,2,1,72,10,3,0,0,2,0,-1,9,1
6706,94.21579487,26.72684561,1,3,2,1,6,22:50,13,E09000031,3,406,3,50,0,-1,-1,0,0,0,4,1,1,0,0,1,2,E01004453,03-06-2018,1,1,2,2,13,3,3,0,0,2,0,-1,9,-1
6707,94.20754809,26.73486022,1,3,2,1,1,17:15,13,E09000031,6,0,6,30,3,4,3,104,0,0,1,1,1,0,0,1,2,E01004466,03-07-2018,1,2,2,2,27,6,3,0,0,1,0,-1,9,1
6708,94.1873489,26.74461302,1,3,1,1,5,21:00,13,E09000031,6,0,6,30,0,-1,-1,0,0,0,4,1,1,0,0,1,1,E01004462,09-06-2018,2,3,2,1,32,6,3,0,0,1,0,-1,9,1
6709,94.21154316,26.73396011,1,3,2,1,5,07:40,13,E09000031,3,406,3,40,0,-1,-1,0,0,0,1,1,1,0,0,1,1,E01004403,16-06-2018,2,4,1,1,30,6,3,0,0,0,0,-1,9,1
6710,94.19946457,26.75539935,1,3,2,1,5,09:00,13,E09000031,3,406,3,40,0,-1,-1,0,0,0,1,1,1,0,0,1,1,E01004403,09-06-2018,1,1,3,1,26,6,3,5,1,0,0,-1,0,-1
6711,94.20653191,26.76028489,1,3,2,4,2,12:50,13,E09000031,3,104,6,30,8,4,6,0,0,0,1,1,1,0,0,1,1,E01004364,13-06-2018,1,1,2,2,90,11,3,0,0,0,3,-1,11,1
6712,94.22686091,26.7625796,1,3,2,1,5,16:15,13,E09000031,3,106,6,30,3,2,6,0,0,5,1,1,1,0,0,1,1,E01004430,09-06-2018,1,1,3,2,22,5,3,1,1,0,0,-1,0,1
6713,94.17537836,26.75381364,1,3,2,1,2,10:20,13,E09000031,6,0,6,30,0,-1,-1,0,0,0,1,1,1,0,0,1,1,E01004422,13-06-2018,2,1,1,1,26,6,3,0,0,0,0,-1,3,1
6714,94.17444777,26.72172456,1,3,2,1,3,19:10,13,E09000031,3,11,6,30,6,4,6,0,0,1,1,1,1,0,0,1,2,E01004440,05-07-2018,2,1,1,1,49,8,3,0,0,0,0,-1,1,1
6715,94.21315218,26.71952423,1,3,2,1,4,07:45,13,E09000031,3,112,6,30,8,4,6,0,0,0,1,1,1,0,0,1,1,E01004349,29-06-2018,1,1,1,1,50,8,3,0,0,0,0,-1,5,-1
6716,94.22779636,26.74043948,1,3,2,1,1,10:20,13,E09000031,5,0,6,30,3,4,6,0,0,0,1,1,1,0,0,1,1,E01004329,03-07-2018,1,1,3,1,41,7,3,9,5,0,0,-1,0,1
6717,94.19119301,26.74618682,1,3,1,1,2,18:48,13,E09000031,6,0,6,30,3,4,6,0,0,0,1,2,2,0,0,1,1,E01004412,04-07-2018,1,1,3,2,18,4,3,1,1,0,0,-1,0,1
6718,94.19793367,26.75824268,1,3,1,1,1,13:40,13,E09000031,5,0,6,30,6,4,6,0,0,0,1,1,1,0,0,1,1,E01004467,12-06-2018,1,1,1,1,21,5,3,0,0,0,0,-1,9,1
6719,94.17193964,26.74919396,1,3,2,1,6,07:15,13,E09000031,5,0,6,30,3,4,6,0,0,0,1,1,1,0,0,1,1,E01004397,24-06-2018,1,1,1,1,31,6,3,0,0,0,0,-1,9,1
6720,94.2201185,26.76142571,1,3,2,1,3,17:55,13,E09000031,3,11,6,30,3,4,6,0,0,0,1,1,1,0,0,1,1,E01004341,05-07-2018,1,1,3,2,20,4,3,5,3,0,0,-1,0,-1
6721,94.195662,26.74677023,1,3,1,1,4,15:25,13,E09000031,6,0,6,30,3,4,3,112,0,0,1,1,1,0,0,1,1,E01004375,06-07-2018,1,1,1,2,39,7,2,0,0,0,0,-1,9,1
6722,94.20583578,26.73805255,1,3,2,1,3,01:00,13,E09000031,6,0,6,30,3,4,6,0,0,0,4,1,1,0,0,1,1,E01004388,05-07-2018,1,1,3,1,-1,-1,3,10,4,0,0,-1,0,-1
6723,94.18808641,26.7392895,1,3,2,1,3,15:40,13,E09000031,3,104,6,30,0,-1,-1,0,0,0,1,1,1,0,0,1,1,E01004427,28-06-2018,1,2,2,1,23,5,3,0,0,1,0,-1,9,1
6724,94.21867194,26.75362612,1,3,3,1,3,11:26,13,E09000031,3,1006,6,30,3,2,3,104,0,0,1,1,1,0,0,1,1,E01004425,14-06-2018,2,1,1,1,29,6,3,0,0,0,0,-1,9,1
6725,94.16964849,26.72050049,1,3,2,1,2,20:02,13,E09000031,5,0,6,30,0,-1,-1,0,0,0,1,1,1,0,0,1,2,E01004421,11-07-2018,1,1,1,1,25,5,2,0,0,0,0,-1,3,-1