Accident_Index,longitude,latitude,Police_Force,Accident_Severity,Number_of_Vehicles,Number_of_Casualties,Day_of_Week,Time,Local_Authority_(District),Local_Authority_(Highway),1st_Road_Class,1st_Road_Number,Road_Type,Speed_limit,Junction_Detail,Junction_Control,2nd_Road_Class,2nd_Road_Number,Pedestrian_Crossing-Human_Control,Pedestrian_Crossing-Physical_Facilities,Light_Conditions,Weather_Conditions,Road_Surface_Conditions,Special_Conditions_at_Site,Carriageway_Hazards,Urban_or_Rural_Area,Did_Police_Officer_Attend_Scene_of_Accident,LSOA_of_Accident_Location,Date,Vehicle_Reference,Casualty_Reference,Casualty_Class,Sex_of_Casualty,Age_of_Casualty,Age_Band_of_Casualty,Casualty_Severity,Pedestrian_Location,Pedestrian_Movement,Car_Passenger,Bus_or_Coach_Passenger,Pedestrian_Road_Maintenance_Worker,Casualty_Type,Casualty_Home_Area_Type
6726,94.17374825,26.76668481,1,3,4,1,1,20:35,13,E09000031,3,11,6,30,3,4,6,0,0,0,4,1,1,0,0,1,1,E01004334,26-06-2018,1,1,1,1,26,6,3,0,0,0,0,-1,9,1
6727,94.167559,26.76498371,1,3,2,1,2,19:40,13,E09000031,6,0,6,30,3,4,6,0,0,0,1,1,1,0,0,1,2,E01004409,04-07-2018,1,2,2,2,-1,-1,3,0,0,1,0,-1,9,1
6728,94.21975356,26.73867124,1,3,1,1,7,13:10,13,E09000031,6,0,3,30,6,4,3,1006,0,0,1,1,1,0,0,1,1,E01004448,25-06-2018,1,3,2,2,-1,-1,3,0,0,2,0,-1,9,1
6729,94.21776109,26.75003379,1,3,1,1,3,13:37,13,E09000031,6,0,6,30,3,4,6,0,0,0,1,1,1,0,0,1,1,E01004397,21-06-2018,1,1,1,1,26,6,3,0,0,0,0,-1,9,1
6730,94.19686263,26.76744751,1,2,3,2,3,14:40,13,E09000031,5,0,6,30,0,-1,-1,0,0,0,1,1,1,0,0,1,1,E01004400,07-06-2018,2,2,1,1,41,7,3,0,0,0,0,-1,9,1
6731,94.17257633,26.71801041,1,3,2,1,2,07:58,13,E09000031,3,406,3,50,0,-1,-1,0,0,0,1,1,1,0,0,1,1,E01004403,13-06-2018,1,1,1,1,35,6,3,0,0,0,0,-1,3,1
6732,94.19610395,26.76464847,1,3,1,1,1,21:50,13,E09000031,3,114,6,40,0,-1,-1,0,0,5,4,1,1,0,0,1,1,E01004362,26-06-2018,2,1,1,1,25,5,3,0,0,0,0,-1,1,1
6733,94.19085656,26.75792865,1,3,1,1,1,11:05,13,E09000031,3,503,6,30,0,-1,-1,0,0,0,1,1,1,0,0,1,1,E01004391,12-06-2018,1,1,1,1,35,6,3,0,0,0,0,-1,9,1
6734,94.2098687,26.74597044,1,3,1,1,3,07:10,13,E09000031,6,0,6,30,6,4,6,0,0,0,1,1,1,0,0,1,1,E01004463,14-06-2018,1,1,1,1,19,4,3,0,0,0,0,-1,9,1
6735,94.22829922,26.73971508,1,3,1,1,7,17:05,13,E09000031,6,0,6,20,0,-1,-1,0,0,0,1,1,1,0,0,1,1,E01004335,04-06-2018,2,2,1,1,31,6,3,0,0,0,0,-1,9,-1
6736,94.18111285,26.75098155,1,3,2,1,2,21:30,13,E09000031,6,0,6,30,3,4,3,1006,0,0,4,1,1,0,0,1,1,E01004424,13-06-2018,2,1,1,2,29,6,3,0,0,0,0,-1,9,1
6737,94.2109564,26.76470162,1,3,2,1,7,08:21,13,E09000031,6,0,6,30,3,4,3,104,0,0,1,1,1,0,0,1,1,E01004363,11-06-2018,1,1,2,1,18,4,3,0,0,1,0,-1,9,1
6738,94.1937834,26.76141782,1,3,2,2,5,00:28,13,E09000031,6,0,6,30,3,4,6,0,0,0,4,1,2,0,0,1,1,E01004459,30-06-2018,2,1,1,1,36,7,3,0,0,0,0,-1,5,1
6739,94.22598336,26.72984335,1,2,3,2,3,09:35,13,E09000031,3,12,3,50,0,-1,-1,0,0,0,1,1,1,0,0,1,1,E01004436,28-06-2018,1,1,2,2,26,6,3,0,0,0,3,-1,11,1
6740,94.21984101,26.75585973,1,3,2,1,5,17:12,13,E09000031,3,104,2,30,3,4,5,0,0,0,1,1,1,0,0,1,1,E01004363,23-06-2018,1,1,1,1,25,5,3,0,0,0,0,-1,9,1
6741,94.21303504,26.71822516,1,3,3,1,7,15:37,13,E09000031,3,112,6,30,0,-1,-1,0,0,1,1,1,1,0,0,1,1,E01004419,11-06-2018,2,1,1,1,24,5,3,0,0,0,0,-1,3,1
6742,94.19847091,26.74690999,1,3,1,2,4,19:28,13,E09000031,4,169,6,30,0,-1,-1,0,0,0,1,2,2,0,0,1,1,E01004358,01-06-2018,1,1,3,1,-1,-1,3,1,1,0,0,-1,0,1
6743,94.18957343,26.76172059,1,3,2,2,3,19:55,13,E09000031,3,406,2,30,5,4,6,0,0,0,1,1,1,0,0,1,1,E01004403,28-06-2018,1,1,1,2,39,7,3,0,0,0,0,-1,9,-1
6744,94.21416553,26.75057847,1,3,2,1,2,16:30,13,E09000031,3,104,6,30,3,4,6,0,0,0,1,1,1,0,0,1,2,E01004364,11-07-2018,1,2,2,2,14,3,3,0,0,1,0,-1,9,-1
6745,94.19491458,26.75213474,1,3,1,1,2,15:15,13,E09000031,3,1006,6,30,3,2,3,104,0,5,1,1,1,0,0,1,1,E01004425,20-06-2018,1,3,2,1,14,3,3,0,0,2,0,-1,9,-1
6746,94.22745329,26.72285741,1,3,2,1,4,16:00,13,E09000031,3,503,6,30,3,4,6,0,0,0,1,1,1,0,0,1,1,E01004457,15-06-2018,3,1,1,2,19,4,3,0,0,0,0,-1,1,1
6747,94.22408118,26.75711493,1,2,1,2,6,14:20,13,E09000031,6,0,6,30,6,4,3,104,0,8,1,1,1,0,0,1,1,E01004422,03-06-2018,2,1,1,1,35,6,3,0,0,0,0,-1,1,1
6748,94.17525293,26.73903323,1,3,2,1,5,09:09,13,E09000031,6,0,3,30,3,4,3,104,0,0,1,1,1,0,0,1,1,E01004425,26-05-2018,2,1,1,1,-1,-1,3,0,0,0,0,-1,1,-1
6749,94.19364485,26.74722261,1,3,2,1,5,07:35,13,E09000031,4,146,6,30,0,-1,-1,0,0,0,1,1,1,0,0,1,1,E01004390,16-06-2018,1,1,2,1,8,2,3,0,0,1,0,-1,9,-1
6750,94.16756749,26.71816546,1,2,2,1,1,19:13,13,E09000031,3,1009,6,30,0,-1,-1,0,0,0,1,1,1,0,0,1,1,E01004413,26-06-2018,2,1,1,1,23,5,2,0,0,0,0,-1,3,-1
6751,94.21813033,26.72455184,1,3,2,1,5,16:07,13,E09000031,5,0,6,30,3,4,3,104,0,0,1,1,1,0,0,1,1,E01004363,30-06-2018,2,1,1,1,34,6,3,0,0,0,0,-1,1,1
6752,94.21844015,26.75618046,1,3,2,1,5,08:26,13,E09000031,3,1009,6,30,3,4,6,0,0,0,1,1,1,0,0,2,1,E01004386,07-07-2018,1,1,1,1,45,7,3,0,0,0,0,-1,90,1
6753,94.19176946,26.73020975,1,3,3,1,2,22:46,13,E09000031,3,112,1,30,1,4,5,0,0,0,4,1,1,0,0,1,1,E01004455,04-07-2018,1,1,3,2,49,8,3,1,3,0,0,-1,0,-1
6754,94.1695636,26.73055094,1,3,2,1,5,15:15,13,E09000031,4,160,6,30,1,4,3,1009,0,0,1,1,1,0,0,1,2,E01004413,14-07-2018,1,1,1,2,36,7,3,0,0,0,0,-1,11,1
6755,94.19707295,26.76537309,1,3,2,1,5,10:42,13,E09000031,6,0,3,30,3,4,6,0,0,0,1,1,1,0,0,1,1,E01004349,14-07-2018,1,1,1,1,34,6,3,0,0,0,0,-1,9,1
6756,94.21604876,26.7610228,1,2,1,1,5,08:40,13,E09000031,6,0,6,30,0,-1,-1,0,0,0,1,1,1,0,0,1,1,E01004355,14-07-2018,1,1,1,2,34,6,3,0,0,0,0,-1,9,1
6757,94.19741408,26.72863036,1,3,1,2,7,17:05,13,E09000031,5,0,6,30,3,4,6,0,0,0,1,1,1,0,0,1,1,E01004383,09-07-2018,1,1,1,1,43,7,3,0,0,0,0,-1,9,1
6758,94.17102525,26.74830569,1,3,3,1,5,11:45,13,E09000031,5,0,6,30,3,4,6,0,0,0,1,1,1,0,0,1,1,E01004410,14-07-2018,1,1,2,1,75,10,3,0,0,1,0,-1,9,1
6759,94.18254742,26.76041488,1,3,2,1,6,09:25,13,E09000031,3,114,1,30,1,4,3,104,0,0,1,1,1,0,0,1,1,E01004363,22-07-2018,1,1,1,1,44,7,2,0,0,0,0,-1,5,1
6760,94.18889002,26.73461004,1,3,3,2,1,11:06,13,E09000031,3,104,6,30,0,-1,-1,0,0,0,1,1,1,0,0,1,1,E01004427,17-07-2018,2,1,1,1,25,5,3,0,0,0,0,-1,4,-1
6761,94.18727607,26.73529637,1,3,2,1,2,15:32,13,E09000031,3,1006,6,30,3,4,6,0,0,0,1,1,1,0,0,1,1,E01004425,25-07-2018,1,1,1,1,23,5,3,0,0,0,0,-1,1,1
6762,94.17503601,26.75971907,1,3,1,1,5,09:05,13,E09000031,3,110,6,30,0,-1,-1,0,0,0,1,1,1,0,0,1,1,E01004389,21-07-2018,1,1,1,1,37,7,3,0,0,0,0,-1,9,1
6763,94.21724021,26.76859416,1,3,2,1,6,08:30,13,E09000031,3,1006,6,30,0,-1,-1,0,0,0,1,1,1,0,0,1,1,E01004448,15-07-2018,2,2,1,1,24,5,3,0,0,0,0,-1,9,1
6764,94.17675177,26.75862013,1,3,1,1,5,14:37,13,E09000031,6,0,2,30,0,-1,-1,0,0,0,1,1,1,0,0,1,1,E01004344,21-07-2018,2,1,1,1,30,6,3,0,0,0,0,-1,4,1
6765,94.23085107,26.74859607,1,3,2,1,7,19:53,4,E09000012,6,0,6,30,0,-1,-1,0,0,0,1,1,1,0,0,1,1,E01001787,23-07-2018,1,1,3,2,16,4,3,5,2,0,0,-1,0,-1
6766,94.21208378,26.74855722,1,3,1,1,7,02:05,4,E09000012,3,12,3,50,5,4,3,12,0,0,4,1,1,0,0,1,1,E01004430,30-07-2018,1,1,1,1,30,6,3,0,0,0,0,-1,9,1
6767,94.17163854,26.74883136,1,2,2,1,5,18:59,13,E09000031,4,179,6,30,3,4,6,0,0,0,1,1,1,0,0,1,1,E01004400,21-07-2018,2,1,1,1,24,5,3,0,0,0,0,-1,5,-1
6768,94.18434997,26.73713094,1,3,1,1,1,20:39,13,E09000031,5,0,6,30,0,-1,-1,0,0,0,1,1,1,6,0,1,1,E01004381,10-07-2018,2,1,1,1,54,8,3,0,0,0,0,-1,2,1
6769,94.22470273,26.73051532,1,3,2,1,2,18:10,13,E09000031,6,0,6,30,0,-1,-1,0,0,0,1,1,1,0,0,1,1,E01004384,18-07-2018,1,1,3,1,5,1,3,5,3,0,0,-1,0,-1
6770,94.17623198,26.76935019,1,3,1,1,4,15:50,13,E09000031,3,112,6,30,3,4,3,112,0,0,1,1,1,0,0,1,1,E01004356,20-07-2018,1,1,1,1,44,7,3,0,0,0,0,-1,3,1
6771,94.17566784,26.74408065,1,3,2,1,6,17:12,13,E09000031,3,104,6,30,3,4,6,0,0,0,1,1,1,0,0,1,1,E01004422,29-07-2018,1,1,1,2,22,5,3,0,0,0,0,-1,9,1
6772,94.22229481,26.71814503,1,3,2,1,5,09:35,13,E09000031,3,104,6,30,8,4,6,0,0,0,1,1,1,0,0,1,1,E01004422,14-07-2018,1,2,2,2,21,5,3,0,0,1,0,-1,9,1
6773,94.17134376,26.73324381,1,3,2,1,4,17:46,13,E09000031,3,11,1,40,1,4,3,12,0,4,1,1,1,0,0,1,1,E01004438,20-07-2018,1,1,2,2,3,1,3,0,0,0,2,-1,11,1
6774,94.18478953,26.74497583,1,3,2,1,7,15:31,13,E09000031,3,112,6,30,3,4,6,0,0,0,1,1,1,0,0,1,1,E01004420,09-07-2018,1,1,1,2,24,5,3,0,0,0,0,-1,9,-1
6775,94.21335398,26.71831395,1,3,2,1,1,18:18,13,E09000031,3,104,6,30,0,-1,-1,0,0,0,1,1,1,0,0,1,1,E01004422,31-07-2018,2,2,1,1,24,5,3,0,0,0,0,-1,3,1
6776,94.2207892,26.7473512,1,2,1,1,1,12:25,13,E09000031,4,159,6,30,0,-1,-1,0,0,0,1,1,1,0,0,1,1,E01004365,31-07-2018,1,1,1,1,30,6,3,0,0,0,0,-1,9,1
6777,94.21910208,26.74093538,1,3,2,1,2,17:12,13,E09000031,4,160,6,30,2,4,4,160,0,0,1,1,1,0,0,1,1,E01004343,25-07-2018,1,1,1,1,-1,-1,3,0,0,0,0,-1,5,1
6778,94.18968927,26.75916176,1,2,2,3,5,10:35,13,E09000031,3,106,6,30,3,2,6,0,0,5,1,1,1,0,0,1,1,E01004438,21-07-2018,1,1,2,2,31,6,3,0,0,0,4,-1,11,1
6779,94.16701639,26.71996432,1,3,4,4,2,11:05,13,E09000031,3,104,6,40,0,-1,-1,0,0,0,1,1,1,0,0,1,1,E01004468,18-07-2018,1,2,2,2,61,9,3,0,0,0,4,-1,11,1
6780,94.21318278,26.76018236,1,3,2,2,6,11:40,13,E09000031,3,1006,6,30,3,4,6,0,0,0,1,1,1,0,0,1,1,E01004393,22-07-2018,1,1,1,1,40,7,3,0,0,0,0,-1,5,1
6781,94.17072695,26.75535812,1,3,1,1,5,11:51,13,E09000031,3,104,6,30,3,4,6,0,0,0,1,1,1,0,0,1,1,E01004427,21-07-2018,1,1,3,1,3,1,3,5,1,0,0,-1,0,1
6782,94.2297291,26.75412348,1,3,1,1,3,19:42,13,E09000031,3,104,6,30,3,4,6,0,0,1,1,1,1,0,0,1,1,E01004425,26-07-2018,1,1,3,1,20,4,3,9,9,0,0,-1,0,1
6783,94.21936441,26.75850025,1,3,2,1,2,21:34,13,E09000031,3,1006,6,30,0,-1,-1,0,0,0,4,1,1,0,0,1,1,E01004448,25-07-2018,1,1,2,2,23,5,3,0,0,1,0,-1,9,1
6784,94.23124449,26.73099514,1,3,2,1,5,10:14,13,E09000031,3,406,6,30,1,4,6,0,0,0,1,1,1,0,0,1,1,E01004344,21-07-2018,1,2,2,1,28,6,3,0,0,2,0,-1,9,1
6785,94.19748733,26.76449288,1,3,2,1,4,18:12,13,E09000031,3,11,6,30,3,2,6,0,0,5,1,1,1,0,0,1,1,E01004438,20-07-2018,1,3,1,1,52,8,3,0,0,0,0,-1,9,1
6786,94.20414411,26.75365489,1,3,2,1,6,13:45,13,E09000031,6,0,6,30,0,-1,-1,0,0,0,1,1,1,0,0,1,1,E01004425,29-07-2018,2,4,1,1,20,4,3,0,0,0,0,-1,9,1
6787,94.2084855,26.72432335,1,2,1,1,4,15:00,13,E09000031,5,0,6,30,3,4,3,503,0,0,1,1,1,0,0,1,1,E01004458,10-08-2018,2,1,1,1,50,8,3,0,0,0,0,-1,4,1
6788,94.18149003,26.75702665,1,3,2,1,2,16:55,13,E09000031,6,0,6,30,3,4,6,0,0,0,1,1,1,0,0,1,1,E01004441,08-08-2018,1,1,2,1,41,7,3,0,0,1,0,-1,8,1
6789,94.20133861,26.76813414,1,3,1,1,6,16:43,13,E09000031,6,0,6,30,6,4,6,0,0,0,1,1,1,0,0,1,1,E01004430,29-07-2018,1,1,2,2,20,4,3,0,0,1,0,-1,9,1
6790,94.17591234,26.72956509,1,2,2,1,6,08:15,13,E09000031,3,106,6,30,0,-1,-1,0,0,0,1,1,1,0,0,1,1,E01004430,05-08-2018,2,1,1,1,22,5,3,0,0,0,0,-1,1,1
6791,94.17027894,26.72422213,1,3,2,1,7,22:23,13,E09000031,3,112,3,30,3,4,6,0,0,0,4,1,1,0,0,1,1,E01004430,06-08-2018,2,1,1,1,47,8,3,0,0,0,0,-1,4,1
6792,94.17854743,26.75476231,1,3,2,1,2,06:30,13,E09000031,4,160,6,30,3,4,6,0,0,0,1,2,2,0,0,1,1,E01004416,25-07-2018,1,1,3,2,27,6,3,5,1,0,0,-1,0,1
6793,94.21115072,26.73481929,1,3,1,1,4,19:20,13,E09000031,4,160,6,30,3,4,6,0,0,0,1,1,1,0,0,1,1,E01004379,13-07-2018,1,1,1,1,44,7,3,0,0,0,0,-1,9,1
6794,94.23040473,26.73677297,1,3,2,1,1,11:00,13,E09000031,3,104,6,30,6,2,3,112,0,5,1,1,1,0,0,1,2,E01004420,24-07-2018,1,1,1,2,22,5,3,0,0,0,0,-1,9,1
6795,94.17856964,26.72565418,1,3,2,1,7,10:40,13,E09000031,3,112,6,30,3,4,6,0,0,0,1,1,1,0,0,1,2,E01004462,23-07-2018,1,1,3,2,21,5,3,4,1,0,0,-1,0,1
6796,94.22486438,26.73307428,1,3,2,1,4,07:20,13,E09000031,6,0,6,30,0,-1,-1,0,0,0,1,1,1,0,0,1,2,E01004416,13-07-2018,1,1,3,2,10,2,3,5,3,0,0,-1,0,-1
6797,94.18891384,26.71840663,1,3,2,1,6,16:30,13,E09000031,6,0,6,30,3,4,3,104,0,0,1,1,1,0,0,1,2,E01004423,29-07-2018,1,1,1,1,28,6,2,0,0,0,0,-1,5,1
6798,94.21596975,26.73493328,1,3,3,1,2,11:50,13,E09000031,3,112,6,30,0,-1,-1,0,0,0,1,1,1,0,0,1,2,E01004350,25-07-2018,1,1,1,1,27,6,3,0,0,0,0,-1,1,1
6799,94.22288627,26.74542009,1,3,2,1,2,08:30,13,E09000031,3,110,6,30,3,2,3,1069,0,5,1,1,1,0,0,1,2,E01004358,25-07-2018,1,1,1,1,62,9,2,0,0,0,0,-1,8,1
6800,94.1918684,26.72650183,1,3,2,1,1,14:05,13,E09000031,3,104,6,40,3,2,3,1006,0,5,1,1,1,0,0,1,2,E01004425,15-05-2018,1,1,1,1,40,7,3,0,0,0,0,-1,19,1
6801,94.2305904,26.7271787,1,3,3,1,6,15:00,13,E09000031,6,0,6,30,0,-1,-1,0,0,0,1,1,1,0,0,1,2,E01004465,12-08-2018,1,2,2,1,-1,-1,3,0,0,0,0,-1,19,1
6802,94.17728257,26.75532677,1,3,2,1,7,12:00,13,E09000031,4,179,6,30,0,-1,-1,0,0,0,1,1,1,0,0,1,2,E01004344,23-07-2018,1,1,3,1,-1,-1,3,5,2,0,0,-1,0,-1
6803,94.20894578,26.71978919,1,3,2,1,6,19:25,13,E09000031,3,112,6,30,0,-1,-1,0,0,0,1,1,1,4,0,1,1,E01004419,29-07-2018,1,2,1,1,22,5,3,0,0,0,0,-1,3,-1
6804,94.1751388,26.75875196,1,3,2,1,1,19:25,13,E09000031,3,112,6,30,3,4,6,0,0,0,1,1,1,0,0,1,2,E01004409,31-07-2018,1,1,1,1,22,5,3,0,0,0,0,-1,9,1
6805,94.20424708,26.7257588,1,3,2,1,3,10:30,13,E09000031,6,0,6,30,8,4,6,0,0,0,1,1,1,0,0,1,2,E01004368,26-07-2018,1,1,3,1,24,5,3,5,1,0,0,-1,0,1
6806,94.22583141,26.71982344,1,3,2,1,1,12:00,13,E09000031,3,112,6,30,3,4,6,0,0,0,1,1,1,0,0,1,2,E01004349,17-07-2018,1,1,1,2,27,6,3,0,0,0,0,-1,9,1
6807,94.20235288,26.74633602,1,3,2,1,1,13:40,13,E09000031,3,104,6,30,0,-1,-1,0,0,0,1,1,1,0,0,1,2,E01004468,31-07-2018,1,2,2,1,-1,-1,3,0,0,1,0,-1,9,-1
6808,94.19726982,26.73406851,1,3,2,1,3,16:15,13,E09000031,3,112,6,30,3,4,6,0,0,4,1,1,1,0,0,1,1,E01004432,16-08-2018,1,1,2,1,18,4,3,0,0,2,0,-1,9,-1
6809,94.21822343,26.73064966,1,3,1,1,4,11:32,13,E09000031,3,106,6,30,3,2,6,0,0,5,1,1,1,0,0,1,1,E01004429,17-08-2018,1,2,2,1,17,4,3,0,0,1,0,-1,9,1
6810,94.22132398,26.73265695,1,3,2,1,5,19:20,13,E09000031,3,503,6,30,3,4,6,0,0,0,1,1,1,0,0,1,1,E01004408,11-08-2018,1,1,3,1,27,6,2,4,1,0,0,-1,0,1
6811,94.20578269,26.76954733,1,3,3,2,2,14:11,13,E09000031,3,104,6,30,0,-1,-1,0,0,0,1,1,1,0,0,1,1,E01004467,15-08-2018,1,2,1,1,32,6,3,0,0,0,0,-1,3,1
6812,94.2264407,26.74382296,1,3,2,1,5,19:55,13,E09000031,3,104,6,30,3,2,3,104,0,5,1,1,1,0,0,1,1,E01004422,11-08-2018,1,1,1,2,34,6,3,0,0,0,0,-1,5,1
6813,94.21883287,26.73862972,1,3,1,1,5,12:16,13,E09000031,3,104,6,30,0,-1,-1,0,0,0,1,1,1,0,0,1,1,E01004365,11-08-2018,1,1,1,1,38,7,3,0,0,0,0,-1,4,2
6814,94.16836296,26.73192544,1,3,2,1,4,06:43,13,E09000031,3,11,6,30,2,4,4,161,0,1,1,2,2,0,0,1,1,E01004328,27-07-2018,1,1,3,2,-1,-1,2,5,3,0,0,-1,0,1
6815,94.20841321,26.76811,1,3,1,1,2,04:39,13,E09000031,6,0,1,30,2,4,6,0,0,0,4,1,1,0,0,1,1,E01004422,15-08-2018,1,1,2,2,40,7,3,0,0,0,4,-1,11,1
6816,94.22678335,26.73587265,1,3,1,1,4,14:47,13,E09000031,3,11,6,30,0,-1,-1,0,0,0,1,1,1,0,0,1,1,E01004341,10-08-2018,1,2,2,1,-1,-1,3,0,0,0,4,-1,11,1
6817,94.22238084,26.72409251,1,3,2,1,5,14:29,13,E09000031,3,503,6,30,3,4,5,0,0,0,1,1,1,0,0,1,1,E01004458,18-08-2018,1,1,1,2,33,6,3,0,0,0,0,-1,1,1
6818,94.17364768,26.74808381,1,3,2,1,5,22:35,13,E09000031,6,0,6,30,3,4,6,0,0,0,4,1,1,0,0,1,2,E01004445,11-08-2018,1,1,2,2,4,1,3,0,0,0,4,-1,11,-1
6819,94.21063,26.72291096,1,3,2,2,7,20:03,13,E09000031,3,1006,6,30,0,-1,-1,0,0,0,4,1,1,0,0,1,1,E01004429,20-08-2018,1,2,2,2,5,1,3,0,0,0,4,-1,11,-1
6820,94.2052722,26.75603809,1,3,3,2,2,22:00,13,E09000031,3,112,6,30,3,4,6,0,0,1,4,1,1,0,0,1,1,E01004443,15-08-2018,2,1,1,1,-1,-1,3,0,0,0,0,-1,5,1
6821,94.16902694,26.73501219,1,3,2,1,6,13:00,13,E09000031,3,503,3,30,8,4,6,0,0,1,1,2,2,0,0,1,2,E01004407,19-08-2018,1,1,1,2,32,6,3,0,0,0,0,-1,9,1
6822,94.2135499,26.745262,1,3,4,1,6,08:11,13,E09000031,5,0,6,30,3,4,6,0,0,0,1,2,2,0,0,1,1,E01004439,19-08-2018,2,1,1,1,43,7,3,0,0,0,0,-1,3,1
6823,94.21308433,26.75096788,1,3,1,1,1,21:00,13,E09000031,6,0,6,30,8,4,6,0,0,0,4,1,1,0,0,1,2,E01004397,21-08-2018,1,1,1,1,39,7,3,0,0,0,0,-1,9,-1
6824,94.19998783,26.72046455,1,3,1,1,6,13:35,13,E09000031,3,1009,6,30,0,-1,-1,0,0,0,1,1,1,0,0,1,1,E01004452,12-08-2018,2,2,1,2,67,10,3,0,0,0,0,-1,9,-1
6825,94.20344059,26.7644049,1,3,2,1,5,09:00,13,E09000031,6,0,6,30,3,4,6,0,0,0,1,1,1,0,0,1,2,E01004366,11-08-2018,1,1,1,1,37,7,2,0,0,0,0,-1,1,1
6826,94.19829758,26.76563411,1,3,1,1,7,09:30,13,E09000031,3,11,6,30,6,4,6,0,0,0,1,1,1,0,0,1,2,E01004440,21-05-2018,1,1,1,1,66,10,3,0,0,0,0,-1,1,1
6827,94.22147015,26.75233607,1,3,2,1,7,08:31,13,E09000031,5,0,6,30,3,4,6,0,0,0,1,1,1,0,0,1,1,E01004444,20-08-2018,1,1,1,1,-1,-1,3,0,0,0,0,-1,9,1
6828,94.17010443,26.74920494,1,3,2,1,6,17:20,13,E09000031,3,112,6,30,3,4,5,0,0,0,1,1,1,0,0,1,1,E01004364,26-08-2018,1,1,1,1,-1,-1,3,0,0,0,0,-1,9,-1
6829,94.1922643,26.76565587,1,2,2,1,3,13:10,13,E09000031,3,406,3,50,0,-1,-1,0,0,0,1,1,1,0,0,1,1,E01004377,09-08-2018,1,1,3,1,58,9,2,9,8,0,0,-1,0,-1
6830,94.19670764,26.72807476,1,3,2,1,2,13:50,13,E09000031,3,1006,6,30,0,-1,-1,0,0,0,1,1,1,0,0,1,1,E01004391,29-08-2018,1,1,2,2,-1,-1,3,0,0,0,3,-1,11,-1
6831,94.22402903,26.75244858,1,3,2,1,1,17:50,13,E09000031,6,0,6,30,0,-1,-1,0,0,0,1,1,1,0,0,1,1,E01004419,28-08-2018,2,1,1,1,57,9,3,0,0,0,0,-1,1,-1
6832,94.18555824,26.73818361,1,2,3,2,2,16:36,13,E09000031,4,179,6,30,0,-1,-1,0,0,0,1,2,2,0,0,1,1,E01004398,22-08-2018,1,1,3,1,12,3,3,1,1,0,0,-1,0,1
6833,94.203624,26.75433509,1,3,2,1,2,17:55,13,E09000031,3,112,6,30,3,4,6,0,0,0,1,2,2,0,0,1,1,E01004431,22-08-2018,2,1,1,1,50,8,3,0,0,0,0,-1,9,1
6834,94.17664532,26.75981896,1,3,2,1,6,23:10,13,E09000031,3,112,6,30,8,4,6,0,0,0,4,1,1,0,0,1,2,E01004443,26-08-2018,2,1,1,1,35,6,3,0,0,0,0,-1,1,1
6835,94.21805325,26.74167134,1,3,3,1,7,13:30,13,E09000031,3,112,6,30,3,4,6,0,0,0,1,1,1,0,0,1,2,E01004420,20-08-2018,1,1,3,1,11,3,3,6,9,0,0,-1,0,-1
6836,94.17570079,26.75556823,1,3,2,2,1,02:43,13,E09000031,3,406,3,50,1,4,3,112,0,0,4,1,1,0,0,1,1,E01004403,31-07-2018,1,1,1,2,28,6,3,0,0,0,0,-1,9,1
6837,94.18484423,26.73911479,1,2,1,1,5,05:06,13,E09000031,3,503,6,30,0,-1,-1,0,0,0,1,1,1,0,0,1,1,E01004469,04-08-2018,1,1,1,2,29,6,3,0,0,0,0,-1,9,1
6838,94.22100834,26.73741243,1,3,2,1,5,19:00,13,E09000031,3,1009,6,30,8,4,6,0,0,0,1,1,1,0,0,1,1,E01004415,04-08-2018,1,1,2,1,-1,-1,3,0,0,0,3,-1,11,-1
6839,94.2063078,26.74239122,1,3,2,1,6,17:58,13,E09000031,3,106,6,30,3,4,5,0,0,5,1,1,1,0,0,1,1,E01004430,05-08-2018,2,1,1,1,35,6,3,0,0,0,0,-1,9,1
6840,94.21621184,26.76213637,1,3,2,1,3,23:25,13,E09000031,3,112,6,30,3,4,6,0,0,0,4,1,1,0,0,1,1,E01004406,23-08-2018,1,1,1,1,34,6,3,0,0,0,0,-1,9,-1
6841,94.20370064,26.71914852,1,3,1,1,3,05:30,13,E09000031,3,114,6,40,0,-1,-1,0,0,0,1,1,1,0,0,1,1,E01004363,23-08-2018,1,1,1,1,43,7,3,0,0,0,0,-1,9,1
6842,94.2163523,26.75245914,1,3,3,1,2,10:31,13,E09000031,6,0,6,30,3,4,6,0,0,0,1,2,2,0,0,1,1,E01004368,22-08-2018,2,1,1,1,36,7,3,0,0,0,0,-1,5,1
6843,94.21464376,26.73025873,1,3,2,1,5,15:44,13,E09000031,5,0,6,30,3,4,6,0,0,1,1,1,1,0,0,1,1,E01004430,18-08-2018,1,1,1,1,27,6,3,0,0,0,0,-1,3,-1
6844,94.20459866,26.75664606,1,3,2,1,7,15:41,13,E09000031,3,106,6,30,3,2,6,0,0,0,1,1,1,0,0,1,1,E01004438,20-08-2018,1,1,2,1,31,6,3,0,0,1,0,-1,9,-1
6845,94.18054677,26.73125655,1,3,2,1,6,20:55,13,E09000031,3,1006,6,30,3,4,6,0,0,0,1,1,1,0,0,1,1,E01004444,02-09-2018,1,1,1,1,39,7,3,0,0,0,0,-1,8,-1
6846,94.20276399,26.75696444,1,3,2,1,2,19:00,13,E09000031,3,112,6,30,3,4,6,0,0,0,1,1,1,0,0,1,1,E01004452,05-09-2018,1,1,2,2,-1,-1,3,0,0,2,0,-1,9,-1
6847,94.18193369,26.76281244,1,3,1,1,2,23:12,13,E09000031,3,503,6,30,8,4,6,0,0,0,4,1,1,0,0,1,1,E01004407,22-08-2018,1,1,1,1,40,7,3,0,0,0,0,-1,9,1