Accident_Index,longitude,latitude,Police_Force,Accident_Severity,Number_of_Vehicles,Number_of_Casualties,Day_of_Week,Time,Local_Authority_(District),Local_Authority_(Highway),1st_Road_Class,1st_Road_Number,Road_Type,Speed_limit,Junction_Detail,Junction_Control,2nd_Road_Class,2nd_Road_Number,Pedestrian_Crossing-Human_Control,Pedestrian_Crossing-Physical_Facilities,Light_Conditions,Weather_Conditions,Road_Surface_Conditions,Special_Conditions_at_Site,Carriageway_Hazards,Urban_or_Rural_Area,Did_Police_Officer_Attend_Scene_of_Accident,LSOA_of_Accident_Location,Date,Vehicle_Reference,Casualty_Reference,Casualty_Class,Sex_of_Casualty,Age_of_Casualty,Age_Band_of_Casualty,Casualty_Severity,Pedestrian_Location,Pedestrian_Movement,Car_Passenger,Bus_or_Coach_Passenger,Pedestrian_Road_Maintenance_Worker,Casualty_Type,Casualty_Home_Area_Type
6848,94.20351115,26.75840454,1,2,2,6,7,21:38,13,E09000031,3,112,6,30,0,-1,-1,0,0,0,4,2,2,0,0,1,1,E01004342,13-08-2018,1,1,3,1,35,6,3,5,3,0,0,-1,0,-1
6849,94.17181997,26.72541025,1,3,2,1,7,17:35,13,E09000031,3,12,1,30,1,4,3,11,0,0,1,1,1,0,0,1,1,E01004438,03-09-2018,1,1,1,2,23,5,3,0,0,0,0,-1,9,1
6850,94.21398627,26.7582667,1,3,2,1,4,19:32,13,E09000031,6,0,6,30,6,4,6,0,0,0,1,1,1,0,0,1,1,E01004446,31-08-2018,1,2,2,1,-1,-1,3,0,0,1,0,-1,9,-1
6851,94.20512266,26.73769108,1,3,2,1,1,01:30,13,E09000031,3,112,6,30,6,2,5,0,0,0,4,1,1,0,0,1,1,E01004364,11-09-2018,1,1,1,1,30,6,3,0,0,0,0,-1,1,1
6852,94.22702959,26.75690359,1,2,1,1,7,19:11,13,E09000031,4,160,6,30,2,4,4,160,0,0,1,1,1,0,0,1,1,E01004359,27-08-2018,1,1,3,2,9,2,3,4,1,0,0,-1,0,-1
6853,94.19182898,26.76090885,1,3,2,3,7,12:06,13,E09000031,5,0,6,30,3,4,6,0,0,0,1,1,1,0,0,1,1,E01004435,03-09-2018,1,1,2,2,75,10,3,0,0,0,3,-1,11,1
6854,94.2163696,26.75029349,1,3,1,1,1,20:32,13,E09000031,3,104,6,30,6,2,3,104,0,0,1,1,1,0,0,1,1,E01004468,07-08-2018,2,1,1,1,-1,-1,3,0,0,0,0,-1,2,1
6855,94.23128714,26.76691561,1,2,2,3,4,20:15,13,E09000031,4,179,6,30,0,-1,-1,0,0,0,1,1,1,0,0,1,1,E01004461,10-08-2018,1,1,1,1,37,7,3,0,0,0,0,-1,4,1
6856,94.22671709,26.75020232,1,3,2,1,3,08:48,13,E09000031,3,104,6,30,3,4,6,0,0,0,1,1,1,0,0,1,1,E01004423,02-08-2018,1,1,1,2,33,6,2,0,0,0,0,-1,3,1
6857,94.21624011,26.7180515,1,3,2,2,7,09:55,13,E09000031,4,179,6,30,6,4,6,0,0,0,1,1,1,0,0,1,1,E01004398,06-08-2018,1,1,3,1,16,4,3,4,3,0,0,-1,0,-1
6858,94.18146548,26.73582831,1,3,1,1,7,09:57,13,E09000031,3,112,6,30,6,2,3,104,0,5,1,1,1,0,0,1,1,E01004420,06-08-2018,1,1,1,2,36,7,3,0,0,0,0,-1,9,1
6859,94.22788666,26.76708801,1,3,2,1,3,07:20,13,E09000031,3,1006,6,30,3,4,6,0,0,0,1,1,1,0,0,1,1,E01004446,02-08-2018,1,1,1,1,55,8,3,0,0,0,0,-1,9,1
6860,94.21546342,26.76731562,1,3,2,1,7,10:30,13,E09000031,3,104,6,30,0,-1,-1,0,0,0,1,1,1,0,0,1,2,E01004420,03-09-2018,1,1,1,1,29,6,3,0,0,0,0,-1,1,1
6861,94.17516981,26.74066203,1,3,2,1,3,13:06,13,E09000031,3,1006,6,30,3,4,6,0,0,0,1,1,1,0,0,1,1,E01004424,09-08-2018,1,1,2,2,45,7,3,0,0,1,0,-1,9,-1
6862,94.18680698,26.75609402,1,3,1,1,2,16:25,13,E09000031,3,112,6,30,3,4,6,0,0,1,1,1,1,0,0,1,1,E01004432,08-08-2018,2,1,1,1,35,6,3,0,0,0,0,-1,5,1
6863,94.17014936,26.75496655,1,3,3,1,6,14:22,13,E09000031,6,0,6,30,6,4,6,0,0,0,1,1,1,0,0,1,1,E01004429,29-07-2018,1,1,3,2,47,8,3,5,1,0,0,-1,0,1
6864,94.19656483,26.7273348,1,3,2,1,2,17:30,13,E09000031,5,0,6,30,8,4,6,0,0,0,1,1,1,0,0,1,2,E01004353,12-09-2018,2,1,1,1,17,4,3,0,0,0,0,-1,9,1
6865,94.17674945,26.74555029,1,3,2,1,6,08:55,13,E09000031,3,406,3,50,0,-1,-1,0,0,0,1,2,2,0,0,1,1,E01004377,05-08-2018,1,1,3,2,-1,-1,3,1,9,0,0,-1,0,-1
6866,94.17752899,26.75396366,1,3,1,1,7,23:40,13,E09000031,6,0,6,30,3,4,6,0,0,0,4,1,1,0,0,1,1,E01004397,03-09-2018,1,1,3,1,25,5,3,5,3,0,0,-1,0,1
6867,94.18694123,26.74637367,1,3,2,1,2,16:10,13,E09000031,3,12,3,50,0,-1,-1,0,0,0,1,1,1,0,0,1,1,E01004376,25-07-2018,1,2,3,1,28,6,3,5,3,0,0,-1,0,1
6868,94.1742773,26.74180077,1,3,2,1,2,11:40,13,E09000031,5,0,6,30,3,4,3,503,0,0,1,1,1,0,0,1,2,E01004458,12-09-2018,1,1,3,1,24,5,3,5,1,0,0,-1,0,-1
6869,94.18660442,26.73622578,1,2,3,2,5,11:14,13,E09000031,6,0,6,30,3,4,4,160,0,1,1,1,1,0,0,1,1,E01004348,08-09-2018,2,1,1,1,54,8,3,0,0,0,0,-1,5,1
6870,94.21540975,26.74718506,1,3,3,1,2,18:00,13,E09000031,4,179,6,30,3,4,6,0,0,0,1,1,1,0,0,1,1,E01004403,29-08-2018,1,1,2,1,13,3,3,0,0,2,0,-1,9,-1
6871,94.21694102,26.72900157,1,3,2,2,3,07:58,13,E09000031,4,179,6,30,3,4,6,0,0,0,1,1,1,0,0,1,1,E01004398,30-08-2018,1,1,1,2,38,7,3,0,0,0,0,-1,9,1
6872,94.17089072,26.72526714,1,3,2,1,7,09:08,13,E09000031,3,104,6,30,3,4,6,0,0,0,1,1,1,0,0,1,2,E01004427,03-09-2018,1,1,1,1,26,6,3,0,0,0,0,-1,1,1
6873,94.20653939,26.75930342,1,3,2,1,1,10:00,13,E09000031,5,0,6,30,3,2,3,503,0,5,1,1,1,0,0,1,1,E01004407,11-09-2018,1,1,2,1,52,8,3,0,0,0,1,-1,11,-1
6874,94.1797789,26.74421325,1,2,1,1,3,14:04,13,E09000031,3,503,6,30,6,2,4,160,0,5,1,1,1,0,0,1,1,E01004470,16-08-2018,1,1,1,1,31,6,3,0,0,0,0,-1,5,-1
6875,94.2076026,26.74954232,1,3,2,1,2,12:05,13,E09000031,3,1037,3,50,0,-1,-1,0,0,0,1,1,1,0,0,1,1,E01004450,05-09-2018,2,2,1,1,53,8,3,0,0,0,0,-1,9,1
6876,94.18476342,26.756395,1,3,2,1,7,16:55,13,E09000031,3,12,3,50,0,-1,-1,0,0,0,1,2,2,0,0,1,1,E01004374,10-09-2018,2,3,2,2,28,6,3,0,0,1,0,-1,9,1
6877,94.18213483,26.74877251,1,3,2,1,7,13:00,13,E09000031,3,503,6,30,3,4,6,0,0,0,1,1,1,0,0,1,1,E01004457,10-09-2018,1,1,2,2,-1,-1,3,0,0,0,3,-1,11,-1
6878,94.23093848,26.72395248,1,3,1,1,6,12:30,13,E09000031,5,0,6,30,0,-1,-1,0,0,0,1,1,1,0,0,1,2,E01004392,09-09-2018,1,1,1,1,35,6,3,0,0,0,0,-1,5,1
6879,94.16826215,26.76731483,1,3,2,1,3,08:00,13,E09000031,3,11,6,30,3,4,6,0,0,0,1,1,1,0,0,1,1,E01004438,06-09-2018,1,1,1,1,26,6,2,0,0,0,0,-1,5,1
6880,94.20544203,26.7348236,1,3,2,1,3,07:35,13,E09000031,3,104,6,30,3,4,6,0,0,0,1,1,1,0,0,1,1,E01004427,06-09-2018,1,1,1,1,36,7,3,0,0,0,0,-1,9,-1
6881,94.22167257,26.75622544,1,3,2,1,1,14:30,13,E09000031,3,11,6,30,3,4,6,0,0,0,1,1,1,0,0,1,2,E01004438,04-09-2018,1,2,2,1,28,6,3,0,0,1,0,-1,9,-1
6882,94.23137789,26.7541851,1,3,1,1,6,09:40,13,E09000031,3,112,6,30,3,4,6,0,0,0,1,1,1,0,0,1,1,E01004430,23-09-2018,3,3,2,1,50,8,3,0,0,2,0,-1,9,-1
6883,94.21909863,26.74337326,1,2,1,1,7,22:29,13,E09000031,3,112,6,30,6,2,3,110,0,5,1,1,1,0,0,1,2,E01004350,03-09-2018,1,1,3,1,16,4,3,5,1,0,0,-1,0,1
6884,94.19244323,26.74071685,1,3,1,1,2,17:55,13,E09000031,3,112,6,30,6,4,3,112,0,0,1,1,1,0,0,1,1,E01004356,26-09-2018,2,1,1,1,35,6,3,0,0,0,0,-1,5,1
6885,94.18303988,26.74998292,1,3,2,1,3,12:15,13,E09000031,3,11,6,30,8,4,6,0,0,0,1,1,1,0,0,1,1,E01004328,06-09-2018,2,1,1,1,46,8,3,0,0,0,0,-1,8,1
6886,94.20852163,26.74501218,1,3,1,1,5,15:27,13,E09000031,5,0,6,30,3,4,6,0,0,0,1,1,1,0,0,1,1,E01004381,15-09-2018,1,1,1,1,34,6,3,0,0,0,0,-1,1,1
6887,94.17756411,26.73483782,1,2,3,1,6,08:53,13,E09000031,3,503,3,40,3,4,6,0,0,0,1,1,1,0,0,1,1,E01004407,09-09-2018,1,1,3,1,14,3,3,9,8,0,0,-1,0,1
6888,94.18083275,26.75129401,1,3,2,1,2,15:30,13,E09000031,3,104,6,30,8,4,6,0,0,4,1,1,1,0,0,1,1,E01004422,12-09-2018,1,1,3,1,53,8,3,9,8,0,0,-1,0,1
6889,94.22327583,26.74378518,1,3,2,1,7,11:40,13,E09000031,3,503,6,30,3,4,6,0,0,0,1,2,2,0,0,1,1,E01004470,10-09-2018,2,1,1,1,43,7,3,0,0,0,0,-1,5,1
6890,94.16820404,26.75696749,1,3,2,1,2,12:45,13,E09000031,3,1006,6,30,3,4,6,0,0,0,1,1,1,0,0,1,1,E01004392,29-08-2018,1,1,1,1,58,9,3,0,0,0,0,-1,19,-1
6891,94.21967113,26.73126241,1,3,1,1,1,12:55,13,E09000031,4,179,6,30,0,-1,-1,0,0,0,1,2,2,0,0,1,1,E01004400,11-09-2018,2,2,1,1,22,5,3,0,0,0,0,-1,9,1
6892,94.18321302,26.7186301,1,3,2,1,4,11:43,13,E09000031,3,104,1,30,1,4,3,114,0,0,1,1,1,0,0,1,1,E01004363,07-09-2018,1,1,2,1,8,2,3,0,0,1,0,-1,9,-1
6893,94.23132035,26.72187721,1,2,4,1,6,14:00,13,E09000031,3,112,6,30,9,2,3,112,0,5,1,2,2,0,0,1,1,E01004455,23-09-2018,3,1,1,2,20,4,3,0,0,0,0,-1,9,-1
6894,94.18406904,26.7367963,1,3,2,1,2,13:25,13,E09000031,5,0,6,30,0,-1,-1,0,0,0,1,1,1,0,0,1,1,E01004397,12-09-2018,1,1,1,1,40,7,3,0,0,0,0,-1,5,1
6895,94.20559463,26.74108169,1,3,1,1,2,15:51,13,E09000031,6,0,6,30,3,4,3,112,0,0,1,1,1,0,0,1,1,E01004364,19-09-2018,1,1,1,1,23,5,3,0,0,0,0,-1,1,-1
6896,94.19451301,26.76571612,1,3,2,1,3,13:15,13,E09000031,5,0,6,30,0,-1,-1,0,0,0,1,1,1,0,0,1,1,E01004466,20-09-2018,1,1,1,1,19,4,3,0,0,0,0,-1,9,1
6897,94.18106453,26.75969883,1,3,2,1,4,07:15,13,E09000031,3,104,6,30,8,4,6,0,0,0,1,1,1,0,0,1,1,E01004422,21-09-2018,1,2,2,1,19,4,3,0,0,1,0,-1,9,-1
6898,94.21197782,26.76575287,1,3,1,1,7,06:45,13,E09000031,3,1009,1,30,1,4,3,1037,0,0,1,1,2,0,0,1,1,E01004450,10-09-2018,1,3,2,1,-1,-1,3,0,0,2,0,-1,9,-1
6899,94.19497699,26.75618242,1,3,2,1,6,10:06,13,E09000031,3,106,2,30,3,2,3,112,0,5,1,1,1,0,0,1,1,E01004376,16-09-2018,1,1,3,1,20,4,3,1,1,0,0,-1,0,-1
6900,94.20920432,26.76141583,1,3,2,1,4,19:11,13,E09000031,5,0,6,30,6,4,6,0,0,0,1,1,1,0,0,1,1,E01004366,07-09-2018,1,1,1,1,19,4,3,0,0,0,0,-1,3,1
6901,94.2005676,26.75627871,1,3,1,1,5,15:40,13,E09000031,3,11,6,30,3,4,6,0,0,0,1,1,2,0,0,1,1,E01004333,15-09-2018,1,1,1,2,27,6,3,0,0,0,0,-1,9,1
6902,94.16972388,26.75737658,1,3,2,1,3,16:26,13,E09000031,3,106,6,30,0,-1,-1,0,0,0,1,1,1,0,0,1,2,E01004376,13-09-2018,1,1,1,1,39,7,3,0,0,0,0,-1,1,-1
6903,94.21217404,26.75073225,1,3,1,1,4,17:15,13,E09000031,3,112,6,30,0,-1,-1,0,0,1,1,1,1,0,0,1,2,E01004419,14-09-2018,2,1,1,1,45,7,3,0,0,0,0,-1,1,1
6904,94.16974828,26.73000141,1,3,2,1,7,13:30,13,E09000031,6,0,6,30,3,4,3,11,0,0,1,1,1,0,0,1,2,E01004332,20-08-2018,1,1,3,2,33,6,3,5,2,0,0,-1,0,1
6905,94.18055311,26.72582073,1,3,2,1,1,01:05,13,E09000031,3,104,6,30,3,2,4,159,0,5,4,1,1,0,0,1,2,E01004365,02-10-2018,1,1,2,2,69,10,3,0,0,0,3,-1,11,-1
6906,94.21014271,26.75850822,1,3,2,1,4,16:30,13,E09000031,3,114,1,30,1,4,3,11,0,0,1,1,1,0,0,1,2,E01004362,23-03-2018,1,1,1,1,55,8,3,0,0,0,0,-1,5,-1
6907,94.17903902,26.74890781,1,3,1,1,4,09:10,13,E09000031,5,0,6,30,3,4,6,0,0,0,1,1,1,0,0,1,1,E01004467,14-09-2018,1,1,2,2,-1,-1,3,0,0,1,0,-1,9,-1
6908,94.172582,26.76216349,1,3,2,1,3,17:45,13,E09000031,6,0,6,30,8,4,3,112,0,1,1,1,1,0,0,1,2,E01004342,12-07-2018,1,1,1,1,32,6,3,0,0,0,0,-1,5,1
6909,94.22112006,26.74016587,1,2,1,1,4,09:30,13,E09000031,6,0,6,30,3,4,6,0,0,0,1,1,1,0,0,1,1,E01004404,21-09-2018,2,1,1,1,26,6,3,0,0,0,0,-1,5,1
6910,94.18373857,26.72534759,1,3,2,1,6,18:09,13,E09000031,3,112,6,30,0,-1,-1,0,0,0,1,1,1,0,0,1,1,E01004418,16-09-2018,2,1,1,1,38,7,3,0,0,0,0,-1,9,1
6911,94.17715909,26.71773229,1,3,2,1,6,08:22,13,E09000031,6,0,6,30,3,4,4,160,0,1,1,1,1,0,0,1,1,E01004464,16-09-2018,1,1,1,1,-1,-1,3,0,0,0,0,-1,5,1
6912,94.19625988,26.73552753,1,3,2,1,2,21:30,14,E09000026,3,116,6,30,0,-1,-1,0,0,5,4,1,1,0,0,1,2,E01003793,05-09-2018,1,1,1,1,38,7,3,0,0,0,0,-1,9,1
6913,94.175517,26.74769981,1,3,2,1,5,11:30,13,E09000031,5,0,6,30,0,-1,-1,0,0,0,1,1,1,0,0,1,2,E01004437,01-09-2018,1,1,1,1,-1,-1,3,0,0,0,0,-1,9,1
6914,94.17754938,26.72493087,1,2,2,1,7,15:10,13,E09000031,6,0,6,30,3,4,3,11,0,1,1,1,1,0,0,1,2,E01004333,17-09-2018,1,1,1,1,48,8,3,0,0,0,0,-1,5,1
6915,94.1793349,26.72248681,1,3,2,1,3,10:30,13,E09000031,3,503,6,30,0,-1,-1,0,0,0,1,1,1,0,0,1,1,E01004407,28-06-2018,1,1,2,1,-1,-1,2,0,0,2,0,-1,9,-1
6916,94.18144605,26.72160672,1,3,1,1,7,18:40,13,E09000031,3,11,6,30,0,-1,-1,0,0,0,1,1,1,0,0,1,2,E01004335,08-10-2018,1,2,2,1,14,3,2,0,0,2,0,-1,9,-1
6917,94.19141265,26.72792874,1,3,1,1,2,08:45,13,E09000031,6,0,6,30,3,4,3,104,0,0,1,1,1,0,0,1,2,E01004420,10-10-2018,1,3,2,1,16,4,2,0,0,2,0,-1,9,1
6918,94.17206662,26.76909818,1,3,2,1,6,19:50,13,E09000031,6,0,6,30,3,4,6,0,0,0,4,1,1,0,0,1,2,E01004446,07-10-2018,1,1,1,2,59,9,3,0,0,0,0,-1,9,-1
6919,94.22080833,26.73633111,1,3,2,1,7,12:01,13,E09000031,6,0,6,30,0,-1,-1,0,0,0,1,1,1,0,0,1,2,E01004370,08-10-2018,1,1,1,2,40,7,3,0,0,0,0,-1,9,1
6920,94.23048816,26.7208507,1,3,2,1,7,18:35,13,E09000031,6,0,6,30,6,4,3,112,0,0,1,1,1,0,0,1,2,E01004430,10-09-2018,1,1,1,1,32,6,3,0,0,0,0,-1,5,1
6921,94.21402251,26.75027044,1,3,2,1,6,20:45,13,E09000031,6,0,6,30,3,2,3,1009,0,5,4,1,1,0,0,2,2,E01004386,07-10-2018,1,1,1,2,33,6,3,0,0,0,0,-1,9,1
6922,94.22239743,26.76563224,1,3,2,1,7,16:35,13,E09000031,3,114,1,30,1,4,3,12,0,0,1,1,1,0,0,1,1,E01004438,24-09-2018,1,1,1,2,26,6,3,0,0,0,0,-1,9,1
6923,94.18522205,26.73189249,1,3,2,1,6,18:40,13,E09000031,6,0,6,30,0,-1,-1,0,0,0,1,1,1,0,0,1,2,E01004388,14-10-2018,1,1,3,1,4,1,3,10,9,0,0,-1,0,-1
6924,94.17830434,26.73590978,1,3,2,1,2,11:45,13,E09000031,3,104,6,30,3,4,6,0,0,0,1,1,1,0,0,1,1,E01004427,03-10-2018,1,1,1,1,48,8,3,0,0,0,0,-1,5,1
6925,94.19728366,26.74366282,1,3,1,1,2,13:38,13,E09000031,3,104,6,30,3,4,3,1006,0,0,1,1,1,0,0,1,1,E01004425,10-10-2018,1,1,3,2,16,4,3,5,1,0,0,-1,0,1
6926,94.17357156,26.71833697,1,3,1,1,7,01:50,13,E09000031,6,0,6,30,3,4,6,0,0,0,4,1,1,0,0,1,1,E01004342,15-10-2018,1,1,3,1,43,7,2,5,1,0,0,-1,0,1
6927,94.18320463,26.71933711,1,3,2,1,2,20:40,13,E09000031,5,0,6,30,6,4,3,104,0,0,4,1,1,0,0,1,1,E01004363,26-09-2018,1,1,1,2,34,6,3,0,0,0,0,-1,9,1
6928,94.1755556,26.76358744,1,3,2,1,3,13:13,13,E09000031,3,104,3,50,0,-1,-1,0,0,0,1,1,1,0,0,1,1,E01004468,27-09-2018,1,2,2,2,25,5,3,0,0,1,0,-1,9,1
6929,94.18000603,26.74155119,1,3,4,2,6,21:19,13,E09000031,3,110,6,30,0,-1,-1,0,0,0,4,1,1,0,0,1,1,E01004350,14-10-2018,2,3,1,1,25,5,3,0,0,0,0,-1,9,1
6930,94.17048772,26.73081786,1,3,2,1,2,19:20,13,E09000031,3,1037,6,30,0,-1,-1,0,0,0,4,1,1,0,0,1,2,E01004361,26-09-2018,2,1,1,2,29,6,3,0,0,0,0,-1,1,-1
6931,94.19998834,26.72491057,1,3,3,1,4,08:00,13,E09000031,3,112,6,30,3,4,6,0,0,0,1,1,1,0,0,1,1,E01004349,14-09-2018,1,1,1,2,46,8,3,0,0,0,0,-1,9,1
6932,94.19847048,26.73487912,1,3,2,1,7,15:15,13,E09000031,3,112,1,30,1,4,4,179,0,0,1,1,1,0,0,1,1,E01004403,24-09-2018,1,1,1,1,45,7,3,0,0,0,0,-1,9,1
6933,94.20028763,26.76579736,1,3,2,1,3,18:36,13,E09000031,6,0,6,30,3,4,6,0,0,0,1,1,1,0,0,1,1,E01004449,20-09-2018,2,1,1,1,36,7,3,0,0,0,0,-1,5,1
6934,94.1883123,26.72749169,1,3,1,1,5,18:00,13,E09000031,3,106,6,30,3,4,6,0,0,0,1,2,2,0,0,1,2,E01004438,15-09-2018,2,1,1,1,30,6,3,0,0,0,0,-1,1,1
6935,94.19415602,26.76847857,1,3,2,1,4,23:32,13,E09000031,6,0,6,30,0,-1,-1,0,0,0,4,1,1,0,0,1,1,E01004385,28-09-2018,1,1,3,2,53,8,3,1,1,0,0,-1,0,-1
6936,94.20604972,26.73773831,1,3,2,1,1,11:35,13,E09000031,3,106,6,30,0,-1,-1,0,0,0,1,1,1,0,0,1,2,E01004376,16-10-2018,1,1,3,1,14,3,3,5,9,0,0,-1,0,-1
6937,94.22339466,26.74542351,1,3,2,2,1,18:35,13,E09000031,6,0,6,30,3,4,6,0,0,0,1,1,1,0,0,1,1,E01004471,25-09-2018,1,1,1,1,35,6,3,0,0,0,0,-1,9,1
6938,94.21980189,26.7335311,1,3,2,1,2,08:30,13,E09000031,5,0,6,30,3,4,3,104,0,0,1,1,1,0,0,1,2,E01004424,17-10-2018,1,1,2,2,50,8,3,0,0,1,0,-1,9,1
6939,94.19434443,26.76703743,1,3,1,1,7,15:00,13,E09000031,3,1069,6,30,3,2,3,110,0,5,1,1,1,0,3,1,1,E01004354,01-10-2018,2,1,1,1,43,7,3,0,0,0,0,-1,8,1
6940,94.17355219,26.75881773,1,3,2,1,7,10:20,13,E09000031,3,112,1,30,1,4,5,0,0,0,1,1,1,0,0,1,2,E01004455,17-09-2018,2,2,2,2,-1,-1,3,0,0,2,0,-1,8,1
6941,94.22877248,26.76805189,1,3,2,1,3,15:45,13,E09000031,3,503,6,30,3,4,6,0,0,0,1,1,1,0,0,1,2,E01004460,04-10-2018,1,1,1,1,35,6,3,0,0,0,0,-1,1,1
6942,94.21012869,26.71791539,1,3,2,1,3,15:39,13,E09000031,6,0,6,30,6,4,3,112,0,0,1,1,1,0,0,1,2,E01004430,18-10-2018,2,1,1,1,37,7,3,0,0,0,0,-1,5,1
6943,94.18202335,26.76811095,1,3,3,1,1,19:15,13,E09000031,3,104,6,30,0,-1,-1,0,0,0,4,1,1,0,0,1,1,E01004468,02-10-2018,1,1,1,2,53,8,3,0,0,0,0,-1,9,1
6944,94.18918217,26.72627063,1,3,2,1,5,10:20,13,E09000031,6,0,6,30,3,4,6,0,0,0,1,1,1,0,0,1,1,E01003614,08-09-2018,1,1,1,1,53,8,3,0,0,0,0,-1,9,1
6945,94.22088774,26.74572216,1,3,2,1,2,19:30,13,E09000031,3,503,6,30,3,2,5,0,0,5,4,1,1,0,0,1,2,E01004396,26-09-2018,1,1,2,1,59,9,3,0,0,0,4,-1,11,-1
6946,94.22407631,26.71879581,1,3,3,1,6,06:19,13,E09000031,4,179,3,30,0,-1,-1,0,0,0,4,1,1,0,0,1,1,E01004398,07-10-2018,2,1,1,2,28,6,3,0,0,0,0,-1,1,1
6947,94.19857674,26.73121809,1,3,2,2,3,15:20,13,E09000031,6,0,6,30,3,4,6,0,0,0,1,1,1,0,0,1,1,E01004418,04-10-2018,1,1,1,1,68,10,3,0,0,0,0,-1,11,1
6948,94.21220344,26.76242584,1,3,2,1,4,17:00,13,E09000031,5,0,6,30,3,4,6,0,0,0,1,2,2,0,0,1,1,E01004423,12-10-2018,1,1,1,1,29,6,3,0,0,0,0,-1,21,1
6949,94.22301985,26.7664406,1,3,2,1,3,07:44,13,E09000031,6,0,6,30,6,4,6,0,0,0,1,1,1,0,0,1,1,E01004367,13-09-2018,1,1,3,1,-1,-1,2,4,2,0,0,-1,0,-1
6950,94.20752908,26.76799662,1,3,1,1,6,08:40,13,E09000031,6,0,6,30,3,4,3,11,0,4,1,1,1,0,0,1,1,E01004341,07-10-2018,1,1,3,2,-1,-1,3,5,1,0,0,-1,0,1
6951,94.19158633,26.75174573,1,3,3,1,3,12:36,13,E09000031,3,104,6,30,3,4,6,0,0,0,1,1,1,0,0,1,1,E01004420,27-09-2018,1,1,1,1,31,6,3,0,0,0,0,-1,3,-1
6952,94.22092416,26.73031788,1,3,2,1,7,19:00,13,E09000031,3,106,6,30,3,4,6,0,0,0,1,1,1,0,0,1,1,E01004429,15-10-2018,1,1,3,1,8,2,3,5,3,0,0,-1,0,1
6953,94.20758057,26.7310655,1,3,2,1,1,16:50,13,E09000031,3,104,6,30,3,4,6,0,0,1,1,1,1,0,0,1,1,E01004425,25-09-2018,1,1,1,1,30,6,3,0,0,0,0,-1,1,1
6954,94.17828807,26.73624425,1,3,2,1,5,17:05,13,E09000031,6,0,6,30,3,4,3,104,0,0,1,1,1,0,0,1,2,E01004425,22-09-2018,1,1,1,1,56,9,3,0,0,0,0,-1,9,1
6955,94.1954253,26.75410483,1,3,2,1,4,23:06,13,E09000031,6,0,6,30,3,4,6,0,0,0,4,1,1,0,0,1,1,E01004388,28-09-2018,2,1,1,1,24,5,2,0,0,0,0,-1,3,-1
6956,94.22860917,26.74850597,1,3,2,1,4,23:00,13,E09000031,3,406,1,30,1,4,3,112,0,0,4,1,1,0,0,1,2,E01004344,05-10-2018,2,1,1,1,54,8,3,0,0,0,0,-1,9,1
6957,94.18247506,26.75480554,1,3,2,1,4,08:25,13,E09000031,6,0,6,30,3,4,3,112,0,0,1,1,1,0,0,1,2,E01004419,28-09-2018,1,1,1,1,32,6,3,0,0,0,0,-1,3,1
6958,94.17695314,26.7364689,1,3,1,2,1,08:00,13,E09000031,3,406,6,30,0,-1,-1,0,0,0,1,1,1,0,0,1,1,E01004344,02-10-2018,1,1,1,1,44,7,3,0,0,0,0,-1,5,1
6959,94.20748509,26.74740486,1,3,2,4,6,16:31,13,E09000031,6,0,6,30,0,-1,-1,0,0,0,1,2,2,0,0,1,1,E01004410,23-09-2018,1,1,3,2,44,7,3,5,1,0,0,-1,0,1
6960,94.18715929,26.72376506,1,3,1,1,2,15:19,13,E09000031,3,112,6,30,0,-1,-1,0,0,0,1,1,1,0,0,1,1,E01004336,03-10-2018,2,1,1,1,42,7,3,0,0,0,0,-1,1,1
6961,94.17014159,26.73590895,1,3,2,1,4,19:42,13,E09000031,6,0,6,30,3,4,6,0,0,0,4,1,1,0,0,1,1,E01004462,21-09-2018,1,1,1,1,21,5,3,0,0,0,0,-1,3,1
6962,94.21658445,26.75886386,1,3,1,1,5,09:59,13,E09000031,3,112,6,30,9,4,5,0,0,1,1,2,2,0,0,1,1,E01004364,15-09-2018,1,1,3,1,67,10,2,5,9,0,0,-1,0,1
6963,94.20081212,26.76550914,1,3,1,1,6,21:12,13,E09000031,6,0,6,30,3,4,6,0,0,0,4,1,1,0,0,1,1,E01004339,21-10-2018,1,1,3,1,-1,-1,2,4,3,0,0,-1,0,-1
6964,94.21356199,26.71811642,1,3,2,1,2,09:56,13,E09000031,6,0,6,30,6,4,6,0,0,0,1,1,1,0,0,1,1,E01004412,10-10-2018,1,1,1,1,34,6,3,0,0,0,0,-1,5,1
6965,94.2055496,26.75818177,1,3,3,1,4,09:39,13,E09000031,3,112,6,30,0,-1,-1,0,0,0,1,1,1,0,0,1,1,E01004411,19-10-2018,2,1,1,2,52,8,3,0,0,0,0,-1,1,1
6966,94.21687459,26.71997217,1,3,2,1,2,14:25,13,E09000031,3,112,6,30,3,4,6,0,0,0,1,1,1,0,0,1,1,E01004347,17-10-2018,1,1,1,1,19,4,3,0,0,0,0,-1,9,1
6967,94.22466174,26.74389343,1,3,2,1,5,08:15,13,E09000031,3,112,6,30,6,2,3,110,0,0,1,1,1,0,0,1,1,E01004350,13-10-2018,1,1,3,1,19,4,3,5,1,0,0,-1,0,1
6968,94.22493157,26.74808625,1,3,2,1,5,13:20,13,E09000031,5,0,6,30,0,-1,-1,0,0,0,1,1,1,0,0,1,1,E01004344,20-10-2018,1,1,3,2,12,3,3,1,1,0,0,-1,0,1