Accident_Index,longitude,latitude,Police_Force,Accident_Severity,Number_of_Vehicles,Number_of_Casualties,Day_of_Week,Time,Local_Authority_(District),Local_Authority_(Highway),1st_Road_Class,1st_Road_Number,Road_Type,Speed_limit,Junction_Detail,Junction_Control,2nd_Road_Class,2nd_Road_Number,Pedestrian_Crossing-Human_Control,Pedestrian_Crossing-Physical_Facilities,Light_Conditions,Weather_Conditions,Road_Surface_Conditions,Special_Conditions_at_Site,Carriageway_Hazards,Urban_or_Rural_Area,Did_Police_Officer_Attend_Scene_of_Accident,LSOA_of_Accident_Location,Date,Vehicle_Reference,Casualty_Reference,Casualty_Class,Sex_of_Casualty,Age_of_Casualty,Age_Band_of_Casualty,Casualty_Severity,Pedestrian_Location,Pedestrian_Movement,Car_Passenger,Bus_or_Coach_Passenger,Pedestrian_Road_Maintenance_Worker,Casualty_Type,Casualty_Home_Area_Type
6969,94.18860094,26.72276963,1,3,2,1,7,14:00,13,E09000031,6,0,6,30,6,4,6,0,0,0,1,1,1,0,0,1,1,E01004409,22-10-2018,2,1,1,2,37,7,3,0,0,0,0,-1,3,-1
6970,94.22824324,26.73582782,1,3,1,1,4,12:34,13,E09000031,5,0,6,30,0,-1,-1,0,0,0,1,1,1,0,0,1,1,E01004396,14-09-2018,1,1,1,1,55,8,3,0,0,0,0,-1,1,1
6971,94.19140271,26.73646637,1,3,1,1,7,13:48,13,E09000031,6,0,6,30,3,4,3,112,0,0,1,1,1,0,0,1,1,E01004460,22-10-2018,1,1,3,1,35,6,3,1,3,0,0,-1,0,1
6972,94.22175739,26.72056603,1,3,1,1,4,17:45,13,E09000031,3,112,6,30,0,-1,-1,0,0,0,1,1,1,0,0,1,1,E01004350,05-10-2018,1,1,1,1,24,5,2,0,0,0,0,-1,4,1
6973,94.22092295,26.73295073,1,3,2,1,6,17:54,13,E09000031,6,0,6,30,3,4,6,0,0,0,1,1,1,0,0,1,1,E01004471,21-10-2018,1,1,1,1,28,6,3,0,0,0,0,-1,4,-1
6974,94.18720991,26.75122194,1,3,2,1,3,13:45,13,E09000031,3,1006,6,30,3,2,3,104,0,5,1,1,1,0,0,1,1,E01004424,11-10-2018,1,1,1,1,22,5,3,0,0,0,0,-1,3,1
6975,94.1712032,26.72979513,1,3,1,1,6,11:00,13,E09000031,6,0,6,30,0,-1,-1,0,0,0,1,1,1,0,0,1,1,E01004446,12-08-2018,1,1,1,1,38,7,3,0,0,0,0,-1,9,1
6976,94.1943325,26.71785819,1,3,2,1,2,07:40,13,E09000031,6,0,6,30,3,4,3,112,0,0,1,1,1,0,0,1,1,E01004406,03-10-2018,2,1,1,1,24,5,2,0,0,0,0,-1,3,-1
6977,94.22849771,26.74948605,1,3,2,2,3,12:32,14,E09000026,6,0,6,30,3,4,3,114,0,0,1,1,1,0,0,1,1,E01003791,01-11-2018,1,1,1,1,27,6,3,0,0,0,0,-1,3,-1
6978,94.19179411,26.76756399,1,3,3,2,6,23:05,13,E09000031,6,0,6,30,3,4,3,112,0,0,4,1,1,0,0,1,1,E01004455,14-10-2018,1,1,1,1,32,6,3,0,0,0,0,-1,5,1
6979,94.20752517,26.7272526,1,3,1,1,5,12:00,13,E09000031,4,160,6,30,6,2,3,503,0,5,1,1,1,0,0,1,1,E01004348,01-09-2018,1,2,2,1,30,6,3,0,0,0,0,-1,5,1
6980,94.16901312,26.73731647,1,3,2,1,5,15:30,13,E09000031,6,0,7,30,5,4,3,406,0,0,1,1,1,0,0,1,1,E01004377,29-09-2018,1,1,3,1,-1,-1,3,5,1,0,0,-1,0,-1
6981,94.19457553,26.73021642,1,3,2,1,2,16:30,13,E09000031,3,104,6,30,0,-1,-1,0,0,0,1,1,1,0,0,1,2,E01004427,01-08-2018,2,1,1,1,29,6,3,0,0,0,0,-1,9,1
6982,94.17271243,26.76878611,1,2,1,1,6,18:18,13,E09000031,6,0,6,30,0,-1,-1,0,0,0,1,1,1,0,0,1,1,E01004445,07-10-2018,2,2,2,1,27,6,3,0,0,1,0,-1,9,1
6983,94.21384917,26.72456055,1,3,2,1,3,16:00,13,E09000031,3,11,1,30,1,4,3,11,0,0,1,1,1,0,0,1,1,E01004362,18-10-2018,1,1,1,1,-1,-1,2,0,0,0,0,-1,9,1
6984,94.22904229,26.76035752,1,3,2,1,1,06:48,13,E09000031,5,0,6,30,3,4,6,0,0,0,4,1,1,0,0,1,1,E01004439,06-11-2018,1,1,3,1,38,7,3,5,1,0,0,-1,0,1
6985,94.20228006,26.76592327,1,3,2,1,3,23:45,13,E09000031,4,161,6,30,0,-1,-1,0,0,0,4,1,1,0,0,1,2,E01004341,18-10-2018,1,1,1,1,31,6,3,0,0,0,0,-1,1,1
6986,94.19875777,26.7300616,1,3,5,2,3,17:13,13,E09000031,3,406,3,50,0,-1,-1,0,0,0,4,1,1,0,0,1,1,E01004344,01-11-2018,2,1,1,2,47,8,3,0,0,0,0,-1,3,1
6987,94.20375149,26.72315892,1,3,2,1,4,17:10,13,E09000031,3,503,6,30,3,4,6,0,0,0,1,1,1,0,0,1,1,E01004457,26-10-2018,2,1,1,1,41,7,3,0,0,0,0,-1,9,1
6988,94.19255916,26.75336499,1,3,2,1,6,18:26,14,E09000026,3,1009,6,30,3,4,6,0,0,0,4,1,1,0,0,1,1,E01003750,07-10-2018,1,1,1,1,27,6,3,0,0,0,0,-1,9,1
6989,94.20408069,26.7440394,1,3,2,1,1,14:50,13,E09000031,4,160,6,30,3,4,6,0,0,0,1,9,1,0,0,1,1,E01004465,16-10-2018,1,1,1,1,43,7,3,0,0,0,0,-1,9,1
6990,94.22531434,26.74680738,1,3,2,1,5,20:38,13,E09000031,3,112,6,30,0,-1,-1,0,0,0,4,1,1,0,0,2,1,E01004349,27-10-2018,1,1,1,2,26,6,3,0,0,0,0,-1,9,1
6991,94.17683841,26.75804538,1,3,1,1,2,01:00,13,E09000031,6,0,1,30,1,4,6,0,0,0,4,1,1,0,0,1,2,E01004456,03-10-2018,1,1,2,2,34,6,3,0,0,0,3,-1,11,1
6992,94.22258993,26.74685847,1,3,1,1,2,15:10,13,E09000031,3,1009,6,30,3,4,6,0,0,0,1,1,1,0,0,1,2,E01004384,31-10-2018,1,1,3,2,25,5,3,5,1,0,0,-1,0,-1
6993,94.19992088,26.7579102,1,3,2,3,3,16:55,13,E09000031,3,1006,6,30,3,4,6,0,0,0,1,1,1,0,0,1,1,E01004444,25-10-2018,1,1,3,1,19,4,3,6,9,0,0,-1,0,1
6994,94.20377975,26.72753099,1,3,2,1,7,17:00,13,E09000031,4,179,6,30,0,-1,-1,0,0,0,1,1,1,0,0,1,1,E01004398,29-10-2018,2,1,1,1,36,7,3,0,0,0,0,-1,1,1
6995,94.19990876,26.756232,1,3,2,1,5,13:41,13,E09000031,5,0,6,30,9,2,6,0,0,0,1,1,1,4,2,1,1,E01004437,20-10-2018,2,1,1,2,-1,-1,3,0,0,0,0,-1,1,1
6996,94.17834593,26.72305433,1,3,2,1,7,13:40,13,E09000031,6,0,6,30,6,4,6,0,0,0,1,1,1,0,0,1,1,E01004429,05-11-2018,1,1,2,2,-1,-1,3,0,0,0,0,-1,90,-1
6997,94.2139847,26.72412627,1,3,2,1,3,07:40,13,E09000031,3,112,6,30,3,4,6,0,0,0,1,1,1,0,0,1,1,E01004443,01-11-2018,1,1,1,1,23,5,3,0,0,0,0,-1,9,1
6998,94.17819072,26.74262922,1,3,2,1,3,09:30,13,E09000031,3,406,3,50,0,-1,-1,0,0,0,1,1,1,0,0,1,1,E01004403,08-11-2018,1,1,1,1,37,7,3,0,0,0,0,-1,5,1
6999,94.17446891,26.76275146,1,3,1,1,3,20:05,13,E09000031,3,112,6,30,0,-1,-1,0,0,0,1,1,1,0,0,1,1,E01004406,27-09-2018,1,1,1,1,33,6,3,0,0,0,0,-1,1,1
7000,94.20208465,26.76024511,1,3,2,2,2,20:00,13,E09000031,4,179,6,30,0,-1,-1,0,0,0,4,2,2,0,0,1,1,E01004398,24-10-2018,1,1,1,1,29,6,3,0,0,0,0,-1,9,1
7001,94.1848178,26.76632508,1,3,1,2,4,16:05,13,E09000031,3,104,6,30,3,2,3,1006,0,5,1,1,1,0,0,1,1,E01004425,09-11-2018,1,2,2,2,-1,-1,3,0,0,1,0,-1,9,-1
7002,94.17198744,26.74982336,1,3,1,1,3,15:39,13,E09000031,5,0,6,30,0,-1,-1,0,0,0,1,1,1,0,0,1,1,E01004444,11-10-2018,1,1,1,1,34,6,2,0,0,0,0,-1,4,1
7003,94.21272382,26.74318342,1,3,2,1,5,13:40,13,E09000031,3,112,6,30,0,-1,-1,0,0,0,1,1,1,0,0,1,2,E01004357,29-09-2018,1,1,2,2,28,6,3,0,0,1,0,-1,9,1
7004,94.21455207,26.75188874,1,3,3,1,7,00:40,13,E09000031,3,114,3,40,0,-1,-1,0,0,0,4,1,1,0,0,1,1,E01004363,05-11-2018,1,2,1,1,42,7,3,0,0,0,0,-1,9,1
7005,94.20177804,26.74957592,1,3,1,1,1,14:24,13,E09000031,6,0,6,30,0,-1,-1,0,0,0,1,1,1,0,0,1,1,E01004455,13-11-2018,1,1,1,1,44,7,3,0,0,0,0,-1,21,2
7006,94.20377809,26.7238503,1,3,1,1,1,14:10,13,E09000031,3,1006,6,30,3,4,3,104,0,0,1,1,1,0,0,1,1,E01004425,02-10-2018,2,1,1,1,28,6,3,0,0,0,0,-1,9,1
7007,94.17637051,26.76753887,1,3,1,1,6,20:33,13,E09000031,6,0,6,30,3,4,3,110,0,0,1,1,1,0,0,1,1,E01004350,16-09-2018,2,2,2,2,28,6,3,0,0,1,0,-1,9,1
7008,94.19351439,26.76673291,1,3,2,1,1,23:32,13,E09000031,3,406,3,50,0,-1,-1,0,0,0,4,1,1,0,0,1,1,E01004399,13-11-2018,2,3,2,2,-1,-1,3,0,0,2,0,-1,9,1
7009,94.17058112,26.75981906,1,3,1,1,7,00:30,13,E09000031,6,0,6,30,3,2,6,0,0,5,4,1,1,0,0,1,2,E01004440,05-11-2018,2,1,1,1,30,6,3,0,0,0,0,-1,4,-1
7010,94.21666188,26.73687035,1,3,2,1,6,18:12,13,E09000031,6,0,6,30,0,-1,-1,0,0,0,4,1,1,0,0,1,1,E01004422,11-11-2018,1,1,1,1,26,6,3,0,0,0,0,-1,9,1
7011,94.18280858,26.72051441,1,2,2,1,7,19:15,13,E09000031,3,106,6,30,3,4,3,106,0,0,4,1,1,0,0,1,2,E01004440,05-11-2018,1,1,1,1,24,5,3,0,0,0,0,-1,9,1
7012,94.17120654,26.76022721,1,3,2,1,1,15:20,13,E09000031,6,0,2,30,3,4,6,0,0,0,1,1,1,0,0,1,1,E01004382,30-10-2018,1,2,2,1,23,5,3,0,0,1,0,-1,9,-1
7013,94.21115684,26.7606392,1,3,1,1,1,06:02,13,E09000031,4,179,6,40,0,-1,-1,0,0,0,4,1,1,0,0,1,1,E01004344,13-11-2018,1,3,2,1,24,5,3,0,0,2,0,-1,9,-1
7014,94.17002107,26.74338058,1,3,1,1,4,08:56,13,E09000031,3,503,6,30,0,-1,-1,0,0,0,1,1,1,0,0,1,1,E01004470,16-11-2018,1,1,3,2,38,7,3,7,5,0,0,-1,0,1
7015,94.17594724,26.75205219,1,2,1,2,4,17:45,13,E09000031,4,179,3,30,0,-1,-1,0,0,0,4,1,1,0,0,1,1,E01004344,09-11-2018,1,2,3,1,15,3,3,7,5,0,0,-1,0,1
7016,94.19942603,26.71922897,1,3,2,1,5,14:00,13,E09000031,6,0,1,30,1,4,6,0,0,0,1,1,1,0,0,1,2,E01004452,17-11-2018,1,1,1,1,33,6,3,0,0,0,0,-1,5,1
7017,94.17184536,26.75243995,1,3,2,1,3,19:30,13,E09000031,6,0,6,30,8,4,3,104,0,0,4,1,1,0,0,1,2,E01004364,15-11-2018,1,1,3,1,-1,-1,2,10,9,0,0,-1,0,1
7018,94.19714976,26.73484281,1,3,2,1,3,14:40,13,E09000031,3,112,6,30,0,-1,-1,0,0,1,1,1,1,0,0,1,2,E01004342,01-11-2018,1,1,1,1,33,6,2,0,0,0,0,-1,5,1
7019,94.17632826,26.73669354,1,3,3,1,6,05:03,13,E09000031,6,0,6,30,3,4,6,0,0,0,1,1,1,0,0,1,1,E01004388,16-09-2018,1,1,3,1,20,4,3,10,9,0,0,-1,0,-1
7020,94.17464263,26.76600104,1,3,2,1,2,18:40,13,E09000031,3,110,6,30,3,2,3,1069,0,5,4,2,2,0,0,1,1,E01004354,31-10-2018,1,1,1,1,41,7,3,0,0,0,0,-1,9,1
7021,94.21995731,26.72520119,1,3,1,1,7,12:10,13,E09000031,6,0,6,30,3,4,6,0,0,0,1,1,1,0,0,1,1,E01004392,12-11-2018,1,1,2,2,44,7,3,0,0,1,0,-1,9,1
7022,94.20990915,26.7474143,1,3,3,1,4,18:15,13,E09000031,3,104,3,50,0,-1,-1,0,0,0,1,1,1,0,0,1,2,E01004468,16-11-2018,2,2,1,2,18,4,3,0,0,0,0,-1,9,-1
7023,94.17102222,26.75319289,1,3,1,1,3,14:40,13,E09000031,6,0,6,30,3,4,3,112,0,0,1,1,1,0,0,1,2,E01004443,08-11-2018,1,1,3,1,-1,-1,3,5,1,0,0,-1,0,-1
7024,94.18761361,26.72684882,1,3,3,1,2,11:21,13,E09000031,3,11,3,50,3,4,3,12,0,0,1,1,1,0,0,1,1,E01004438,31-10-2018,1,1,1,1,-1,-1,3,0,0,0,0,-1,5,1
7025,94.20099118,26.76840009,1,3,2,1,3,21:50,13,E09000031,3,503,6,30,6,2,3,112,0,5,4,1,1,0,0,1,1,E01004408,12-07-2018,1,1,1,1,41,7,3,0,0,0,0,-1,2,-1
7026,94.20455753,26.7658962,1,3,1,1,3,16:00,13,E09000031,3,503,3,30,6,2,3,112,0,5,1,1,1,0,0,1,1,E01004460,08-11-2018,1,1,3,1,63,9,2,10,9,0,0,-1,0,1
7027,94.16821797,26.74653136,1,2,2,1,7,17:00,13,E09000031,4,179,6,30,0,-1,-1,0,0,0,1,1,1,0,0,1,2,E01004461,05-11-2018,1,1,1,1,29,6,3,0,0,0,0,-1,1,1
7028,94.18759499,26.76368564,1,3,2,1,4,22:00,13,E09000031,3,1069,6,30,3,4,6,0,0,0,4,1,1,0,0,1,1,E01004354,23-11-2018,1,1,1,1,23,5,3,0,0,0,0,-1,9,1
7029,94.19980369,26.76239762,1,2,1,1,7,12:30,13,E09000031,3,112,6,30,0,-1,-1,0,0,0,1,1,1,0,0,1,1,E01004460,12-11-2018,1,1,3,1,29,6,3,10,9,0,0,-1,0,-1
7030,94.17647835,26.74789627,1,3,1,1,1,14:15,13,E09000031,6,0,6,30,0,-1,-1,0,0,0,1,1,1,0,0,1,1,E01004327,30-10-2018,1,1,2,1,-1,-1,3,0,0,2,0,-1,9,-1
7031,94.2050118,26.71934946,1,3,2,1,3,17:39,4,E09000012,3,12,3,50,0,-1,-1,0,0,0,1,1,1,0,0,1,1,E01001846,25-10-2018,1,2,2,1,-1,-1,3,0,0,2,0,-1,9,-1
7032,94.17709596,26.72027958,1,3,2,2,3,11:18,13,E09000031,4,179,6,30,0,-1,-1,0,0,0,1,1,1,0,0,1,1,E01004346,15-11-2018,1,1,1,1,45,7,3,0,0,0,0,-1,5,-1
7033,94.23179281,26.7176746,1,3,1,1,2,18:00,13,E09000031,6,0,6,30,3,4,6,0,0,0,4,1,1,0,0,1,1,E01004392,14-11-2018,2,1,1,2,20,4,3,0,0,0,0,-1,9,1
7034,94.19307896,26.7504086,1,3,2,1,2,08:45,13,E09000031,5,0,6,30,0,-1,-1,0,0,0,1,1,1,0,0,1,1,E01004397,28-11-2018,1,1,1,1,45,7,3,0,0,0,0,-1,9,1
7035,94.18702112,26.73219053,1,3,2,1,2,14:20,13,E09000031,3,11,6,30,3,4,6,0,0,0,1,1,1,0,2,1,1,E01004335,21-11-2018,1,1,1,2,38,7,3,0,0,0,0,-1,9,1
7036,94.22619265,26.75737033,1,3,2,1,6,19:05,13,E09000031,3,104,6,30,6,4,6,0,0,0,4,1,1,0,0,1,1,E01004422,25-11-2018,1,1,1,1,31,6,3,0,0,0,0,-1,9,-1
7037,94.21381332,26.744124,1,3,1,1,7,10:28,13,E09000031,3,104,6,30,3,2,3,112,0,5,1,1,1,0,0,1,1,E01004420,19-11-2018,1,1,1,1,52,8,3,0,0,0,0,-1,1,1
7038,94.18502673,26.74270825,1,3,2,1,3,20:10,13,E09000031,3,1006,6,30,0,-1,-1,0,0,1,4,1,1,0,0,1,1,E01004435,25-10-2018,2,1,1,2,25,5,3,0,0,0,0,-1,1,1
7039,94.17038675,26.73683945,1,2,2,3,4,18:20,13,E09000031,3,503,6,30,6,4,6,0,0,0,4,1,1,0,0,1,1,E01004460,30-11-2018,1,1,3,1,52,8,3,9,6,0,0,-1,0,1
7040,94.22294652,26.72442518,1,3,2,1,3,10:50,13,E09000031,4,161,1,30,1,4,6,0,0,0,1,1,1,0,0,1,1,E01004341,22-11-2018,1,1,2,2,27,6,3,0,0,2,0,-1,9,1
7041,94.22719192,26.75711325,1,3,1,1,4,09:15,13,E09000031,6,0,6,30,0,-1,-1,0,0,0,1,1,1,0,0,1,1,E01004388,30-11-2018,1,1,1,1,37,7,2,0,0,0,0,-1,5,1
7042,94.22730557,26.74564537,1,3,2,2,2,08:42,13,E09000031,3,1009,6,30,3,4,6,0,0,0,1,1,2,0,0,1,1,E01004386,21-11-2018,1,1,1,1,35,6,3,0,0,0,0,-1,4,1
7043,94.22272375,26.72524341,1,3,2,1,4,16:20,13,E09000031,3,1007,6,30,3,4,6,0,0,0,1,1,1,0,0,1,2,E01004362,16-11-2018,1,1,2,2,-1,-1,3,0,0,0,4,-1,11,-1
7044,94.20725809,26.72720785,1,3,1,1,7,12:56,13,E09000031,3,112,6,30,0,-1,-1,0,0,0,1,1,1,0,0,1,1,E01004336,19-11-2018,2,1,1,1,49,8,3,0,0,0,0,-1,1,1
7045,94.20925882,26.74886951,1,2,2,1,4,17:13,13,E09000031,3,503,6,30,3,4,6,0,0,0,4,1,2,0,0,1,1,E01004407,30-11-2018,1,1,1,2,31,6,3,0,0,0,0,-1,9,1
7046,94.22704775,26.74855464,1,3,2,1,5,16:20,13,E09000031,3,11,6,30,1,4,3,12,0,0,5,1,1,0,0,1,1,E01004436,24-11-2018,1,1,1,2,50,8,3,0,0,0,0,-1,9,1
7047,94.22492808,26.72996967,1,3,2,1,5,08:30,13,E09000031,3,104,6,30,3,4,6,0,0,0,1,1,1,0,0,1,2,E01004427,17-11-2018,1,1,3,1,9,2,3,1,1,0,0,-1,0,-1
7048,94.1747343,26.74202914,1,3,1,1,7,18:07,13,E09000031,3,503,6,30,8,4,6,0,0,0,4,1,1,0,0,1,1,E01004458,26-11-2018,1,1,1,1,41,7,3,0,0,0,0,-1,9,3
7049,94.20821709,26.72308267,1,2,1,4,6,08:50,13,E09000031,4,160,6,30,0,-1,-1,0,0,0,1,2,2,0,0,1,1,E01004413,02-12-2018,1,1,1,2,30,6,3,0,0,0,0,-1,9,1
7050,94.18138783,26.72699354,1,3,2,1,4,18:52,13,E09000031,4,160,1,30,1,4,5,0,0,0,4,2,2,0,0,1,1,E01004359,07-12-2018,1,1,1,1,35,6,3,0,0,0,0,-1,9,1
7051,94.1975538,26.74864209,1,3,2,1,4,15:32,13,E09000031,3,104,6,30,0,-1,-1,0,0,0,1,1,1,0,0,1,2,E01004422,23-11-2018,1,1,1,1,49,8,3,0,0,0,0,-1,9,-1
7052,94.20001811,26.73067021,1,3,2,1,7,07:40,13,E09000031,3,503,6,30,0,-1,-1,0,0,0,1,1,1,0,0,1,1,E01004396,03-12-2018,2,2,1,1,55,8,3,0,0,0,0,-1,19,1
7053,94.16804408,26.7519041,1,3,1,1,4,14:56,13,E09000031,3,104,6,30,3,4,6,0,0,0,1,1,1,0,0,1,1,E01004420,30-11-2018,1,1,1,1,23,5,3,0,0,0,0,-1,9,1
7054,94.17883615,26.75515928,1,3,2,1,2,10:40,13,E09000031,6,0,6,30,6,4,6,0,0,0,1,1,1,0,0,1,2,E01004403,21-11-2018,1,1,3,1,56,9,3,10,9,0,0,-1,0,-1
7055,94.21933759,26.74496858,1,3,2,1,3,13:30,13,E09000031,3,114,1,30,1,4,3,11,0,0,1,1,1,0,0,1,2,E01004438,22-11-2018,1,1,2,2,23,5,3,0,0,0,4,-1,11,1
7056,94.22960626,26.74694369,1,3,1,1,7,13:40,13,E09000031,4,161,6,30,3,4,6,0,0,0,1,1,1,0,0,1,1,E01004341,19-11-2018,1,1,3,2,44,7,3,9,5,0,0,-1,0,1
7057,94.17238052,26.72273541,1,3,3,1,5,18:40,13,E09000031,6,0,6,30,0,-1,-1,0,0,0,4,1,1,0,0,1,1,E01004349,10-11-2018,1,1,1,2,-1,-1,3,0,0,0,0,-1,9,1
7058,94.21154164,26.73686134,1,3,4,2,3,09:45,13,E09000031,6,0,6,30,0,-1,-1,0,0,0,1,1,1,0,0,1,1,E01004456,01-11-2018,1,1,3,1,50,8,3,7,9,0,0,-1,0,2
7059,94.21460264,26.73356031,1,3,1,1,2,18:13,13,E09000031,3,1006,6,30,3,4,6,0,0,0,4,1,1,0,0,1,1,E01004393,12-12-2018,1,1,1,1,79,11,3,0,0,0,0,-1,9,-1
7060,94.19852634,26.76446194,1,3,1,1,3,19:15,13,E09000031,3,1069,6,30,0,-1,-1,0,0,1,4,1,1,0,0,1,1,E01004354,13-12-2018,1,1,1,1,39,7,3,0,0,0,0,-1,8,1
7061,94.19723376,26.72248658,1,3,2,1,6,13:10,13,E09000031,3,406,1,30,1,2,3,112,0,5,1,1,1,0,0,1,2,E01004403,09-12-2018,1,1,1,1,41,7,3,0,0,0,0,-1,9,1
7062,94.20533652,26.76728619,1,3,2,1,7,02:14,13,E09000031,3,503,6,30,3,4,6,0,0,0,4,1,1,0,0,1,2,E01004393,10-12-2018,1,1,2,2,18,4,3,0,0,1,0,-1,9,1
7063,94.20300966,26.75631797,1,3,1,1,6,14:16,13,E09000031,3,104,6,30,3,4,3,104,0,0,1,1,1,0,0,1,2,E01004363,04-11-2018,1,1,2,2,22,5,3,0,0,1,0,-1,9,1
7064,94.22486111,26.76443549,1,3,2,1,2,04:38,13,E09000031,3,1037,6,30,3,4,6,0,0,0,4,1,2,0,0,1,1,E01004451,05-12-2018,2,1,1,2,32,6,3,0,0,0,0,-1,9,1
7065,94.21265815,26.72063858,1,3,2,3,3,06:40,13,E09000031,3,112,6,30,3,4,6,0,0,0,4,1,1,0,0,1,1,E01004406,06-12-2018,3,2,1,2,34,6,3,0,0,0,0,-1,9,1
7066,94.21945849,26.76146718,1,2,2,1,3,17:05,13,E09000031,3,106,6,30,3,4,5,0,0,0,4,1,1,0,0,1,1,E01004439,13-12-2018,1,1,3,1,38,7,3,9,5,0,0,-1,0,1
7067,94.17780151,26.72492082,1,3,2,1,3,11:00,13,E09000031,3,406,3,50,5,4,6,0,0,0,1,1,1,0,0,1,1,E01004344,13-12-2018,1,1,1,1,47,8,3,0,0,0,0,-1,5,1
7068,94.22801603,26.76081318,1,3,2,1,4,12:11,13,E09000031,6,0,6,40,3,2,3,114,0,5,1,1,1,2,0,1,1,E01004362,30-11-2018,1,1,1,1,23,5,3,0,0,0,0,-1,3,1
7069,94.19538381,26.7400894,1,3,2,1,2,08:05,13,E09000031,6,0,6,30,3,4,6,0,0,0,1,1,1,0,0,1,1,E01004461,12-12-2018,1,1,2,1,-1,-1,3,0,0,2,0,-1,9,1
7070,94.18912859,26.73370773,1,3,2,1,2,18:50,13,E09000031,3,406,3,50,0,-1,-1,0,0,0,4,2,2,0,0,1,2,E01004345,05-12-2018,2,1,1,1,23,5,3,0,0,0,0,-1,9,1
7071,94.17804614,26.72313153,1,3,2,4,4,03:45,13,E09000031,4,160,6,30,3,4,6,0,0,1,4,1,1,0,0,1,2,E01004343,14-12-2018,1,1,1,1,72,10,3,0,0,0,0,-1,10,1
7072,94.18895049,26.76704409,1,3,3,1,2,11:50,13,E09000031,3,104,6,30,0,-1,-1,0,0,0,1,1,1,0,0,1,1,E01004420,12-12-2018,1,1,1,1,60,9,3,0,0,0,0,-1,9,1
7073,94.18546981,26.75130779,1,3,2,4,3,21:00,13,E09000031,3,1006,6,30,3,4,6,0,0,0,4,1,1,0,0,1,2,E01004391,29-11-2018,1,1,1,1,26,6,3,0,0,0,0,-1,9,1
7074,94.20805359,26.75930932,1,3,2,1,7,19:18,13,E09000031,6,0,6,30,3,4,3,1006,0,0,4,1,1,0,0,1,2,E01004448,26-11-2018,1,1,1,1,55,8,3,0,0,0,0,-1,1,1
7075,94.20428347,26.7510623,1,3,2,3,1,14:12,13,E09000031,3,1009,6,30,0,-1,-1,0,0,0,1,1,1,0,0,1,1,E01004453,18-12-2018,3,1,1,2,39,7,3,0,0,0,0,-1,9,1
7076,94.23151383,26.72039631,1,3,1,1,4,14:31,13,E09000031,3,104,6,30,3,4,6,0,0,4,1,1,1,0,0,1,1,E01004427,07-12-2018,1,1,2,2,69,10,3,0,0,2,0,-1,9,1
7077,94.19075612,26.76153848,1,3,1,1,7,09:12,13,E09000031,6,0,6,30,3,4,6,0,0,0,1,1,1,0,0,1,1,E01004426,17-12-2018,1,1,1,1,50,8,3,0,0,0,0,-1,90,1
7078,94.21354561,26.73867473,1,3,2,1,7,23:35,13,E09000031,4,179,6,30,3,4,6,0,0,0,4,1,1,0,0,1,1,E01004398,17-12-2018,1,1,1,2,56,9,3,0,0,0,0,-1,9,1
7079,94.1739441,26.75058956,1,3,2,1,4,18:00,13,E09000031,3,110,6,30,3,4,6,0,0,0,4,1,1,0,0,1,1,E01004350,21-12-2018,1,2,2,2,-1,-1,3,0,0,2,0,-1,9,-1
7080,94.17976277,26.73507649,1,2,1,1,7,23:34,13,E09000031,3,1069,6,30,8,4,6,0,0,1,4,1,2,0,0,1,1,E01004352,24-12-2018,2,1,1,2,40,7,2,0,0,0,0,-1,9,3
7081,94.17299455,26.75718207,1,3,2,1,5,17:37,13,E09000031,6,0,6,30,3,4,6,0,0,0,4,2,2,0,0,1,1,E01004443,24-11-2018,2,1,2,2,70,10,3,0,0,2,0,-1,9,1
7082,94.20079285,26.73067156,1,3,3,1,6,15:45,13,E09000031,3,406,3,50,0,-1,-1,0,0,0,1,1,1,0,0,1,1,E01004377,09-12-2018,3,2,2,1,39,7,3,0,0,2,0,-1,9,-1
7083,94.20546876,26.7520198,1,2,1,1,7,18:30,13,E09000031,3,1069,6,30,3,4,5,0,0,0,4,1,4,0,0,2,1,E01004352,17-12-2018,1,1,1,2,59,9,3,0,0,0,0,-1,9,-1
7084,94.17689616,26.748848,1,3,1,1,6,13:11,13,E09000031,5,0,6,30,3,4,6,0,0,1,1,1,1,0,0,1,1,E01004381,23-12-2018,1,1,1,1,46,8,3,0,0,0,0,-1,9,1
7085,94.16799824,26.74423356,1,2,1,1,7,15:30,13,E09000031,3,112,6,30,3,4,6,0,0,0,4,1,1,0,0,1,2,E01004406,10-12-2018,2,1,1,1,29,6,3,0,0,0,0,-1,5,1
7086,94.18557571,26.74171783,1,3,2,1,6,20:00,13,E09000031,6,0,6,30,3,4,6,0,0,0,1,1,1,0,0,1,1,E01004398,02-09-2018,1,1,1,1,54,8,3,0,0,0,0,-1,9,1
7087,94.18363657,26.73193565,1,3,1,1,2,19:10,13,E09000031,3,1006,6,30,3,4,3,112,0,1,4,7,2,0,0,1,1,E01004435,21-11-2018,1,1,2,2,3,1,3,0,0,0,3,-1,11,1
7088,94.17675105,26.71983871,1,3,2,1,6,08:05,13,E09000031,6,0,6,30,3,4,6,0,0,0,1,7,1,0,0,1,2,E01004410,09-12-2018,1,2,2,2,2,1,3,0,0,0,3,-1,11,1
7089,94.21663456,26.7526277,1,3,2,1,3,14:36,13,E09000031,3,1006,6,30,3,4,3,1006,0,0,1,1,1,0,0,1,2,E01004425,01-11-2018,1,1,1,1,35,6,3,0,0,0,0,-1,5,1
7090,94.17236062,26.75183118,1,3,2,1,6,11:50,13,E09000031,3,112,6,30,3,4,6,0,0,0,1,1,1,0,0,2,2,E01004349,02-12-2018,2,1,1,1,49,8,3,0,0,0,0,-1,1,-1