Accident_Index,longitude,latitude,Police_Force,Accident_Severity,Number_of_Vehicles,Number_of_Casualties,Day_of_Week,Time,Local_Authority_(District),Local_Authority_(Highway),1st_Road_Class,1st_Road_Number,Road_Type,Speed_limit,Junction_Detail,Junction_Control,2nd_Road_Class,2nd_Road_Number,Pedestrian_Crossing-Human_Control,Pedestrian_Crossing-Physical_Facilities,Light_Conditions,Weather_Conditions,Road_Surface_Conditions,Special_Conditions_at_Site,Carriageway_Hazards,Urban_or_Rural_Area,Did_Police_Officer_Attend_Scene_of_Accident,LSOA_of_Accident_Location,Date,Vehicle_Reference,Casualty_Reference,Casualty_Class,Sex_of_Casualty,Age_of_Casualty,Age_Band_of_Casualty,Casualty_Severity,Pedestrian_Location,Pedestrian_Movement,Car_Passenger,Bus_or_Coach_Passenger,Pedestrian_Road_Maintenance_Worker,Casualty_Type,Casualty_Home_Area_Type
7700,94.19719727,26.73696,1,3,2,1,4,08:53,14,E09000026,1,11,3,30,5,4,3,406,0,0,1,1,1,0,0,1,1,E01003794,12-10-2018,2,1,1,1,43,7,3,0,0,0,0,-1,1,-1
7701,94.19780422,26.74604735,1,3,2,1,3,18:28,14,E09000026,4,177,6,30,3,4,6,0,0,0,5,1,1,0,0,1,1,E01003770,11-10-2018,1,1,1,2,48,8,3,0,0,0,0,-1,9,1
7702,94.20258173,26.743481,1,3,3,1,5,17:45,14,E09000026,3,12,1,30,1,4,3,406,0,0,1,1,1,0,0,1,2,E01003675,06-10-2018,1,1,1,2,29,6,3,0,0,0,0,-1,9,1
7703,94.22261701,26.75082964,1,3,2,1,6,09:30,14,E09000026,3,1400,3,30,0,-1,-1,0,0,0,1,1,1,0,0,1,2,E01003653,30-09-2018,1,1,3,1,30,6,3,4,2,0,0,-1,0,1
7704,94.22032181,26.74039873,1,2,2,1,2,16:00,14,E09000026,6,0,6,30,3,4,6,0,0,0,1,1,1,0,0,1,1,E01003701,03-10-2018,1,1,1,1,51,8,3,0,0,0,0,-1,9,1
7705,94.18362496,26.75655176,1,2,2,1,2,10:53,14,E09000026,6,0,6,30,0,-1,-1,0,0,0,1,1,1,0,0,1,1,E01003759,03-10-2018,1,1,1,1,42,7,3,0,0,0,0,-1,9,1
7706,94.22103886,26.73454623,1,3,2,1,2,17:45,14,E09000026,3,118,6,30,8,4,6,0,0,0,1,1,1,0,0,1,2,E01003666,03-10-2018,2,1,2,2,1,1,3,0,0,2,0,-1,9,1
7707,94.17753639,26.76223679,1,2,1,1,1,20:48,14,E09000026,6,0,6,30,3,4,4,177,0,1,4,1,1,0,0,1,1,E01003719,28-08-2018,1,1,1,1,29,6,3,0,0,0,0,-1,2,1
7708,94.21171852,26.75454795,1,3,2,1,3,11:34,14,E09000026,6,0,6,30,0,-1,-1,0,0,0,1,1,1,0,0,1,1,E01003777,04-10-2018,1,1,1,1,29,6,3,0,0,0,0,-1,5,1
7709,94.20226286,26.7301246,1,3,1,1,3,15:56,14,E09000026,3,12,6,30,3,4,4,177,0,0,1,1,1,0,0,1,1,E01003663,04-10-2018,2,1,1,2,31,6,3,0,0,0,0,-1,9,1
7710,94.19737706,26.76186376,1,2,2,1,3,14:54,14,E09000026,6,0,6,30,6,4,6,0,0,0,1,1,1,0,0,1,1,E01003643,11-10-2018,1,1,3,2,3,1,2,1,1,0,0,-1,0,-1
7711,94.22068466,26.73460462,1,3,2,1,4,12:20,14,E09000026,6,0,6,30,3,4,6,0,0,0,1,1,1,0,0,1,1,E01003675,12-10-2018,1,2,1,1,24,5,2,0,0,0,0,-1,9,1
7712,94.22034781,26.73185011,1,3,3,1,3,15:30,14,E09000026,6,0,6,30,0,-1,-1,0,0,0,1,1,1,0,0,1,2,E01003796,27-09-2018,1,1,1,1,76,11,3,0,0,0,0,-1,9,-1
7713,94.16988214,26.76105626,1,3,1,1,6,12:00,14,E09000026,5,0,6,30,3,4,5,0,0,0,1,1,1,0,0,1,2,E01003701,09-09-2018,1,1,1,2,46,8,3,0,0,0,0,-1,9,1
7714,94.21912326,26.75460296,1,3,2,1,3,08:54,14,E09000026,3,123,6,30,3,4,6,0,0,0,1,1,1,0,0,1,1,E01003781,18-10-2018,2,2,1,2,-1,-1,3,0,0,0,0,-1,9,1
7715,94.21528337,26.76660893,1,3,2,2,5,19:00,14,E09000026,3,406,3,50,0,-1,-1,0,0,0,4,1,1,0,0,1,2,E01003785,06-10-2018,1,1,2,2,-1,-1,3,0,0,0,4,-1,11,-1
7716,94.19662038,26.72890876,1,3,2,1,6,18:43,14,E09000026,6,0,6,30,6,4,6,0,0,0,4,1,1,0,0,1,1,E01003785,14-10-2018,1,1,1,1,40,7,3,0,0,0,0,-1,9,1
7717,94.20916086,26.7551786,1,3,2,1,7,16:15,14,E09000026,3,406,6,50,0,-1,-1,0,0,0,1,1,1,0,0,1,1,E01003762,15-10-2018,1,1,3,1,74,10,2,4,1,0,0,-1,0,1
7718,94.19667639,26.73671626,1,3,3,1,4,08:59,14,E09000026,5,0,6,40,0,-1,-1,0,0,0,1,1,1,0,0,1,1,E01003640,19-10-2018,1,1,1,1,39,7,3,0,0,0,0,-1,9,1
7719,94.21957179,26.73668402,1,3,2,1,4,14:42,14,E09000026,3,1008,6,30,3,2,3,1008,0,5,1,1,1,0,0,1,1,E01003779,19-10-2018,2,1,1,2,21,5,3,0,0,0,0,-1,9,1
7720,94.16957414,26.75783223,1,3,1,1,6,15:38,14,E09000026,3,123,6,30,0,-1,-1,0,0,0,1,1,1,0,0,1,1,E01003692,21-10-2018,1,1,1,1,34,6,3,0,0,0,0,-1,9,-1
7721,94.19844531,26.71969368,1,3,1,1,5,16:39,14,E09000026,6,0,6,30,0,-1,-1,0,0,0,1,1,1,0,0,1,1,E01003781,20-10-2018,1,1,2,2,70,10,3,0,0,0,3,-1,11,1
7722,94.18605894,26.75912397,1,3,1,1,7,18:22,14,E09000026,3,123,6,30,0,-1,-1,0,0,0,4,1,1,0,0,1,1,E01003788,22-10-2018,1,1,1,1,42,7,3,0,0,0,0,-1,1,1
7723,94.2019252,26.73220553,1,3,2,1,7,18:40,14,E09000026,3,1083,1,30,1,4,3,118,0,0,4,1,1,0,0,1,1,E01003687,22-10-2018,1,1,1,1,-1,-1,3,0,0,0,0,-1,1,-1
7724,94.22238952,26.74341788,1,3,2,1,6,14:15,14,E09000026,5,0,6,30,3,4,6,0,0,1,1,1,1,0,0,1,2,E01003778,16-09-2018,1,1,1,2,69,10,3,0,0,0,0,-1,9,-1
7725,94.18110672,26.75684733,1,3,4,1,6,08:42,14,E09000026,3,406,3,50,0,-1,-1,0,0,0,1,2,2,0,0,1,1,E01003675,21-10-2018,1,1,3,1,27,6,3,5,1,0,0,-1,0,1
7726,94.17264806,26.74756879,1,3,2,2,7,14:10,14,E09000026,5,0,3,40,7,2,5,0,0,0,1,1,1,0,0,1,2,E01003789,22-10-2018,1,1,3,1,15,3,2,4,9,0,0,-1,0,1
7727,94.20819569,26.72977015,1,3,1,1,6,12:50,14,E09000026,3,123,6,30,3,2,3,123,0,0,1,1,1,0,0,1,1,E01003704,28-10-2018,1,1,3,1,12,3,3,5,1,0,0,-1,0,1
7728,94.16781612,26.75131051,1,3,1,2,5,14:48,14,E09000026,6,0,6,30,0,-1,-1,0,0,0,1,1,1,0,0,1,1,E01003705,20-10-2018,1,1,1,1,-1,-1,3,0,0,0,0,-1,1,-1
7729,94.21769867,26.7532267,1,3,2,1,4,08:10,14,E09000026,3,104,6,30,0,-1,-1,0,0,0,1,1,1,0,0,2,2,E01003746,14-09-2018,1,1,3,2,11,3,3,5,3,0,0,-1,0,-1
7730,94.22574443,26.73977376,1,3,2,1,4,08:05,14,E09000026,5,0,6,30,3,4,6,0,0,0,1,1,1,0,0,1,1,E01003711,26-10-2018,2,1,1,1,22,5,2,0,0,0,0,-1,5,-1
7731,94.23186695,26.74546399,1,3,2,1,7,16:40,14,E09000026,6,0,6,30,3,4,3,123,0,0,1,1,1,0,0,1,2,E01003650,22-10-2018,1,1,1,1,63,9,3,0,0,0,0,-1,5,1
7732,94.21629529,26.72837608,1,3,4,1,4,08:30,14,E09000026,6,0,6,30,8,4,6,0,0,0,1,1,1,0,0,1,2,E01003705,19-10-2018,1,1,1,2,30,6,3,0,0,0,0,-1,9,1
7733,94.17888625,26.71924791,1,3,2,1,5,09:00,14,E09000026,6,0,6,30,3,4,3,12,0,0,1,1,1,0,0,1,2,E01003663,20-10-2018,2,1,1,1,26,6,3,0,0,0,0,-1,5,1
7734,94.19198539,26.76272575,1,3,2,1,4,16:00,14,E09000026,4,177,3,50,6,2,3,12,0,5,1,1,1,0,0,1,2,E01003770,05-10-2018,1,1,3,1,22,5,3,5,1,0,0,-1,0,1
7735,94.19978593,26.75468972,1,2,2,1,3,09:00,14,E09000026,5,0,6,30,3,4,6,0,0,0,1,1,1,0,0,1,1,E01003720,11-10-2018,1,1,1,2,41,7,3,0,0,0,0,-1,9,-1
7736,94.16881552,26.76358156,1,3,2,2,1,15:02,14,E09000026,3,118,3,30,0,-1,-1,0,0,0,1,1,1,0,0,1,2,E01003728,23-10-2018,2,1,1,2,50,8,2,0,0,0,0,-1,9,1
7737,94.20210199,26.73666113,1,3,2,1,5,10:53,14,E09000026,5,0,6,30,3,4,6,0,0,0,1,1,1,0,0,1,1,E01003720,03-11-2018,1,1,1,1,17,4,3,0,0,0,0,-1,1,1
7738,94.22867012,26.72976813,1,3,1,1,5,08:35,16,E09000002,6,0,6,30,3,4,3,1112,0,0,1,1,1,0,0,1,1,E01000031,20-10-2018,1,1,3,1,5,1,3,5,2,0,0,-1,0,1
7739,94.17287642,26.75101771,1,3,2,1,4,16:15,14,E09000026,3,116,6,30,0,-1,-1,0,0,0,1,1,1,0,0,1,1,E01003793,02-11-2018,1,1,1,1,63,9,3,0,0,0,0,-1,9,-1
7740,94.16693354,26.75433488,1,3,2,1,7,13:45,14,E09000026,3,1400,6,30,0,-1,-1,0,0,0,1,1,1,0,0,1,2,E01003677,06-08-2018,2,1,1,1,45,7,3,0,0,0,0,-1,1,1
7741,94.17394698,26.75999501,1,3,3,2,2,16:30,14,E09000026,4,177,6,30,3,4,6,0,0,0,4,2,2,0,0,1,1,E01003771,31-10-2018,1,1,1,1,20,4,3,0,0,0,0,-1,3,1
7742,94.23138073,26.73050087,1,3,1,1,6,05:50,14,E09000026,3,1112,3,50,0,-1,-1,0,0,0,4,2,2,0,0,1,1,E01003722,14-10-2018,1,1,2,1,25,5,3,0,0,1,0,-1,9,1
7743,94.19246369,26.71919125,1,3,2,1,5,18:30,14,E09000026,3,1400,3,40,0,-1,-1,0,0,0,4,1,1,0,0,1,1,E01003763,27-10-2018,1,1,1,2,48,8,3,0,0,0,0,-1,9,1
7744,94.1781835,26.76836232,1,3,2,1,3,13:50,14,E09000026,3,12,3,40,0,-1,-1,0,0,0,1,1,1,0,0,1,1,E01003789,08-11-2018,1,1,3,1,20,4,3,5,1,0,0,-1,0,-1
7745,94.18094145,26.74731168,1,2,4,2,2,08:50,14,E09000026,3,406,3,50,0,-1,-1,0,0,0,1,2,2,0,0,1,1,E01003697,31-10-2018,2,1,1,2,-1,-1,3,0,0,0,0,-1,9,1
7746,94.22170081,26.7306885,1,3,2,1,1,14:50,14,E09000026,5,0,6,30,6,4,6,0,0,0,1,1,1,0,0,1,2,E01003720,30-10-2018,1,1,3,1,74,10,3,1,1,0,0,-1,0,1
7747,94.16977614,26.7308984,1,3,2,1,2,20:12,14,E09000026,5,0,6,30,3,4,6,0,0,0,4,1,1,0,0,1,1,E01003702,24-10-2018,1,1,1,2,55,8,3,0,0,0,0,-1,9,1
7748,94.18532471,26.72913343,1,3,2,1,5,12:01,14,E09000026,3,1083,6,30,3,4,3,1083,0,0,1,1,1,0,0,1,2,E01003686,27-10-2018,1,1,1,2,-1,-1,3,0,0,0,0,-1,9,1
7749,94.21363152,26.7653505,1,3,2,1,3,19:02,14,E09000026,6,0,6,30,6,4,6,0,0,0,1,1,1,0,0,1,1,E01003785,11-10-2018,1,1,2,1,-1,-1,3,0,0,1,0,-1,9,-1
7750,94.22181934,26.72645931,1,3,1,1,5,18:40,14,E09000026,5,0,6,30,0,-1,-1,0,0,0,4,1,1,0,0,1,1,E01003778,03-11-2018,1,1,3,2,56,9,3,5,1,0,0,-1,0,-1
7751,94.22142465,26.73970985,1,3,2,2,2,08:20,14,E09000026,5,0,6,30,3,4,6,0,0,0,1,1,1,0,0,1,1,E01003754,07-11-2018,1,1,1,2,21,5,3,0,0,0,0,-1,9,1
7752,94.21832474,26.76499643,1,3,2,2,4,14:41,14,E09000026,6,0,6,30,3,4,4,177,0,0,1,1,1,0,0,1,1,E01003663,09-11-2018,1,1,3,2,37,7,2,6,9,0,0,-1,0,1
7753,94.21983904,26.72883619,1,3,2,1,4,21:55,14,E09000026,3,12,6,30,0,-1,-1,0,0,0,4,1,1,0,0,1,1,E01003641,02-11-2018,1,1,1,2,34,6,3,0,0,0,0,-1,9,-1
7754,94.21219119,26.72250451,1,3,1,1,6,12:10,14,E09000026,3,123,6,30,0,-1,-1,0,0,0,1,1,1,0,0,1,1,E01003690,11-11-2018,1,1,3,1,14,3,3,2,1,0,0,-1,0,1
7755,94.17791932,26.73005115,1,3,2,1,5,14:02,14,E09000026,6,0,6,30,0,-1,-1,0,0,0,1,1,2,0,0,1,1,E01003740,03-11-2018,1,1,2,1,-1,-1,3,0,0,1,0,-1,9,-1
7756,94.19305364,26.7485342,1,2,2,1,5,20:55,14,E09000026,3,123,6,30,0,-1,-1,0,0,0,4,1,1,0,0,1,1,E01003734,27-10-2018,1,1,2,2,-1,-1,3,0,0,1,0,-1,9,-1
7757,94.17562616,26.74554392,1,3,3,1,3,23:15,14,E09000026,3,406,3,40,0,-1,-1,0,0,0,4,2,2,0,0,1,2,E01003794,01-11-2018,1,1,1,1,29,6,2,0,0,0,0,-1,11,1
7758,94.2190279,26.7357824,1,3,2,1,4,08:10,14,E09000026,3,12,3,40,3,4,5,0,0,0,1,1,1,0,0,1,1,E01003696,02-11-2018,1,1,1,1,36,7,3,0,0,0,0,-1,9,1
7759,94.21171778,26.73956464,1,3,2,1,2,16:05,14,E09000026,3,118,6,30,3,4,6,0,0,0,1,1,1,0,0,1,1,E01003767,07-11-2018,1,1,2,2,-1,-1,3,0,0,0,3,-1,11,-1
7760,94.18445106,26.74658284,1,3,2,1,6,23:30,14,E09000026,3,406,3,50,0,-1,-1,0,0,0,4,1,1,0,0,1,1,E01003785,11-11-2018,1,1,3,2,-1,-1,3,5,1,0,0,-1,0,-1
7761,94.22675556,26.71980788,1,3,2,1,6,22:19,14,E09000026,5,0,6,30,3,4,6,0,0,0,4,1,1,0,0,1,1,E01003645,11-11-2018,1,1,1,1,41,7,3,0,0,0,0,-1,5,1
7762,94.22367617,26.75348974,1,3,2,1,6,15:25,16,E09000002,5,0,6,30,0,-1,-1,0,0,0,1,1,1,0,0,1,2,E01003662,28-10-2018,2,1,1,1,-1,-1,3,0,0,0,0,-1,3,-1
7763,94.17366379,26.72168685,1,3,2,1,4,15:00,14,E09000026,5,0,6,30,1,4,5,0,0,0,1,1,1,0,0,2,2,E01003720,05-10-2018,1,1,1,1,26,6,3,0,0,0,0,-1,9,1
7764,94.18221185,26.75209179,1,3,2,1,6,12:15,14,E09000026,3,118,6,30,0,-1,-1,0,0,0,1,1,1,0,0,1,2,E01003728,21-10-2018,1,1,2,1,-1,-1,3,0,0,1,0,-1,9,-1
7765,94.22247107,26.72458002,1,3,2,1,5,18:15,14,E09000026,3,123,6,30,3,4,3,123,0,0,4,1,1,5,0,1,1,E01003702,10-11-2018,2,1,2,2,-1,-1,3,0,0,0,4,-1,11,1
7766,94.21148514,26.76814796,1,3,1,1,3,06:20,14,E09000026,5,0,6,30,3,4,6,0,0,0,4,1,1,0,0,1,2,E01003704,01-11-2018,1,1,1,1,34,6,3,0,0,0,0,-1,9,1
7767,94.20508716,26.76413954,1,3,2,2,1,02:55,14,E09000026,5,0,6,30,6,2,5,0,0,5,4,1,1,0,0,1,1,E01003778,06-11-2018,1,1,1,1,38,7,3,0,0,0,0,-1,9,1
7768,94.18415666,26.73301621,1,2,3,2,5,18:00,14,E09000026,3,406,3,50,5,4,3,406,0,0,4,1,1,0,0,1,1,E01003794,27-10-2018,1,1,2,2,91,11,3,0,0,0,3,-1,11,1
7769,94.1900722,26.76072586,1,3,1,1,2,10:55,14,E09000026,5,0,6,30,8,4,6,0,0,0,1,1,1,0,0,1,1,E01003778,14-11-2018,1,1,1,1,27,6,3,0,0,0,0,-1,9,1
7770,94.19588947,26.76747798,1,2,1,1,5,17:03,14,E09000026,3,118,3,30,0,-1,-1,0,0,4,4,1,1,0,0,1,1,E01003714,10-11-2018,1,1,1,1,40,7,3,0,0,0,0,-1,1,-1
7771,94.17100372,26.73877526,1,3,2,2,4,20:30,14,E09000026,6,0,6,30,6,4,6,0,0,0,4,2,2,0,0,1,1,E01003739,02-11-2018,1,1,2,2,69,10,3,0,0,0,4,-1,11,1
7772,94.22028689,26.75436401,1,3,1,1,1,11:40,14,E09000026,3,1400,3,30,3,4,6,0,0,0,1,1,1,0,0,1,1,E01003681,13-11-2018,3,1,2,1,47,8,3,0,0,1,0,-1,9,-1
7773,94.17742515,26.76553886,1,2,1,1,7,18:55,14,E09000026,5,0,6,30,3,4,6,0,0,0,1,1,1,0,0,1,1,E01003654,12-11-2018,4,2,1,1,47,8,3,0,0,0,0,-1,9,1
7774,94.22922868,26.75959453,1,3,2,1,3,13:50,14,E09000026,6,0,6,30,3,4,3,123,0,0,1,1,1,0,0,1,1,E01003729,08-11-2018,2,1,1,2,-1,-1,3,0,0,0,0,-1,1,-1
7775,94.18732493,26.76586386,1,3,1,1,2,10:50,14,E09000026,6,0,6,30,3,4,6,0,0,0,1,1,1,0,0,1,1,E01003783,07-11-2018,1,1,1,1,31,6,3,0,0,0,0,-1,5,1
7776,94.21769051,26.75868934,1,3,2,1,2,07:45,14,E09000026,3,118,6,30,3,4,3,118,0,0,1,1,2,0,0,1,3,E01003662,07-11-2018,1,1,1,2,36,7,3,0,0,0,0,-1,9,-1
7777,94.17866605,26.73653537,1,3,2,1,6,20:35,14,E09000026,5,0,6,30,3,4,6,0,0,0,4,1,1,0,0,1,2,E01003739,04-11-2018,1,1,1,1,38,7,3,0,0,0,0,-1,9,1
7778,94.22071652,26.73371354,1,3,2,1,6,19:07,14,E09000026,6,0,6,30,3,4,3,116,0,0,1,1,1,0,0,1,2,E01003793,04-11-2018,1,1,1,2,47,8,3,0,0,0,0,-1,9,1
7779,94.2103186,26.76192494,1,3,2,1,2,05:10,14,E09000026,3,406,1,30,1,4,3,12,0,7,4,1,1,0,0,1,3,E01003697,07-11-2018,2,1,1,1,-1,-1,3,0,0,0,0,-1,9,-1
7780,94.19877356,26.75902831,1,3,2,1,7,14:10,14,E09000026,5,0,6,30,1,2,5,0,0,0,1,1,1,0,0,1,3,E01003640,05-11-2018,1,1,1,2,45,7,3,0,0,0,0,-1,9,1
7781,94.20198605,26.72793226,1,3,2,3,5,03:15,14,E09000026,3,406,2,40,5,4,6,0,0,4,4,2,2,0,0,1,1,E01003762,03-11-2018,1,1,1,2,70,10,3,0,0,0,0,-1,9,1
7782,94.19314398,26.74024406,1,3,2,2,3,14:55,14,E09000026,6,0,6,30,6,4,6,0,0,0,1,1,1,0,0,1,1,E01003743,15-11-2018,1,2,2,2,58,9,3,0,0,1,0,-1,9,1
7783,94.21602536,26.72305889,1,3,1,1,2,17:30,14,E09000026,3,12,6,30,1,4,3,406,0,0,4,1,1,0,0,1,1,E01003675,14-11-2018,1,1,1,1,39,7,3,0,0,0,0,-1,5,2
7784,94.18537403,26.7599142,1,3,2,1,4,08:23,14,E09000026,3,12,6,30,3,2,6,0,0,5,1,1,1,0,0,1,1,E01003753,16-11-2018,1,1,3,1,57,9,3,9,5,0,0,-1,0,-1
7785,94.19350642,26.72510709,1,3,2,1,6,23:27,14,E09000026,3,123,6,30,3,4,6,0,0,0,4,1,1,0,0,1,1,E01003704,18-11-2018,1,1,1,1,35,6,3,0,0,0,0,-1,9,1
7786,94.19365788,26.75658429,1,3,2,1,1,22:25,14,E09000026,6,0,6,30,3,4,6,0,0,0,4,2,2,0,0,1,1,E01003679,30-10-2018,1,1,1,2,41,7,3,0,0,0,0,-1,9,1
7787,94.20471908,26.76213907,1,3,4,2,4,16:50,14,E09000026,3,12,1,40,1,2,3,406,0,0,4,1,1,0,0,1,1,E01003675,16-11-2018,1,1,1,1,30,6,3,0,0,0,0,-1,3,1
7788,94.22998317,26.7628816,1,3,2,1,3,18:30,14,E09000026,6,0,6,30,3,4,6,0,0,0,4,1,1,0,0,1,1,E01003693,15-11-2018,1,1,1,1,35,6,3,0,0,0,0,-1,9,1
7789,94.18635468,26.7308485,1,3,2,4,4,14:42,14,E09000026,6,0,6,30,3,4,6,0,0,0,1,1,1,0,0,1,1,E01003742,16-11-2018,2,1,1,1,38,7,3,0,0,0,0,-1,17,2
7790,94.22536702,26.75012049,1,3,2,1,1,19:01,14,E09000026,3,12,1,40,1,4,3,123,0,0,4,1,1,0,0,1,1,E01003690,20-11-2018,1,1,1,1,30,6,3,0,0,0,0,-1,1,1
7791,94.1676718,26.74960901,1,3,1,1,6,18:11,14,E09000026,6,0,6,30,0,-1,-1,0,0,0,4,8,4,0,0,1,1,E01003795,18-11-2018,2,1,1,1,-1,-1,3,0,0,0,0,-1,4,1
7792,94.19083485,26.74974968,1,3,2,2,5,08:13,14,E09000026,6,0,6,30,3,4,6,0,0,0,1,1,1,0,0,1,1,E01003788,25-08-2018,1,1,1,1,67,10,3,0,0,0,0,-1,19,1
7793,94.19531511,26.74745668,1,3,3,2,3,18:30,14,E09000026,5,0,6,30,3,4,6,0,0,0,4,1,1,0,0,1,1,E01003640,15-11-2018,1,2,2,2,62,9,3,0,0,0,0,-1,19,1
7794,94.18121617,26.7366895,1,3,2,1,3,13:49,13,E09000031,3,12,3,40,7,4,3,114,0,0,1,1,1,0,0,1,1,E01004438,08-11-2018,1,1,2,1,6,2,3,0,0,2,0,-1,9,1
7795,94.20120131,26.71965002,1,2,2,2,2,10:07,14,E09000026,3,12,6,30,1,4,3,406,0,0,1,1,1,0,0,1,1,E01003675,14-11-2018,1,1,1,1,49,8,3,0,0,0,0,-1,1,1
7796,94.20957168,26.72170037,1,3,1,1,6,21:10,14,E09000026,4,168,6,30,0,-1,-1,0,0,0,4,1,1,0,0,1,1,E01003765,18-11-2018,1,1,3,2,14,3,3,1,3,0,0,-1,0,-1
7797,94.17515227,26.72655529,1,3,1,1,7,23:05,14,E09000026,3,406,3,40,0,-1,-1,0,0,0,4,1,1,0,0,1,1,E01003765,12-11-2018,1,1,1,1,68,10,3,0,0,0,0,-1,9,1
7798,94.20303495,26.75022077,1,3,2,1,4,06:40,14,E09000026,4,174,6,50,3,4,4,174,0,0,1,2,2,0,0,2,1,E01000027,16-11-2018,1,1,2,1,14,3,3,0,0,0,2,-1,11,1
7799,94.20539464,26.74905197,1,3,3,1,4,20:56,14,E09000026,3,406,3,50,0,-1,-1,0,0,0,4,1,1,4,0,1,1,E01003693,23-11-2018,1,1,2,2,16,4,3,0,0,2,0,-1,9,1
7800,87.46930718,25.77000327,1,2,1,1,7,13:28,14,E09000026,4,177,6,30,0,-1,-1,0,0,0,1,1,1,0,0,1,1,E01003770,19-11-2018,2,1,1,1,-1,-1,3,0,0,0,0,-1,5,-1
7801,87.49172244,25.78843696,1,3,1,1,5,16:42,14,E09000026,3,1083,6,30,3,4,6,0,0,0,4,1,1,0,0,1,1,E01003719,17-11-2018,1,1,2,2,16,4,3,0,0,2,0,-1,9,1
7802,87.49281327,25.76416571,1,3,2,1,3,10:30,14,E09000026,3,12,6,30,1,4,3,1400,0,0,1,1,1,0,0,1,2,E01003690,27-09-2018,1,1,1,1,33,6,3,0,0,0,0,-1,9,1
7803,87.49553782,25.77833009,1,3,2,2,2,08:20,14,E09000026,5,0,6,30,6,2,3,12,0,0,1,1,1,0,0,1,1,E01003641,28-11-2018,1,1,2,2,-1,-1,3,0,0,1,0,-1,9,1
7804,87.45401196,25.78374935,1,3,2,1,6,15:50,16,E09000002,3,406,1,50,1,4,3,124,0,0,1,1,1,0,0,1,1,E01003622,25-11-2018,1,1,1,2,19,4,3,0,0,0,0,-1,9,1
7805,87.45336883,25.76353214,1,3,2,1,2,14:26,14,E09000026,6,0,6,30,3,4,6,0,0,0,1,2,2,0,0,1,1,E01003794,21-11-2018,1,2,2,2,19,4,3,0,0,1,0,-1,9,1
7806,87.49343732,25.77069011,1,3,3,3,1,22:36,14,E09000026,3,12,1,30,1,4,3,12,0,0,4,1,1,0,0,1,1,E01003675,20-11-2018,1,1,1,2,35,6,3,0,0,0,0,-1,9,1
7807,87.4898902,25.78295804,1,3,2,1,5,07:55,14,E09000026,6,0,6,30,8,4,3,11,0,0,1,1,1,0,0,1,1,E01003672,17-11-2018,1,2,2,2,52,8,3,0,0,1,0,-1,9,1
7808,87.49365351,25.77300685,1,3,2,2,5,09:20,14,E09000026,3,1112,3,50,0,-1,-1,0,0,0,1,1,1,0,0,2,1,E01003640,17-11-2018,2,3,2,2,7,2,3,0,0,2,0,-1,9,1
7809,87.45804386,25.79065178,1,2,3,3,1,17:45,14,E09000026,5,0,6,30,3,4,5,0,0,0,4,1,1,0,0,1,1,E01003754,20-11-2018,2,4,2,2,44,7,3,0,0,1,0,-1,9,1
7810,87.48357046,25.7667969,1,3,2,2,4,11:30,14,E09000026,4,177,6,30,6,4,6,0,0,0,1,1,1,0,0,1,1,E01003773,16-11-2018,1,1,2,2,23,5,3,0,0,0,3,-1,11,1
7811,87.47047146,25.79119546,1,3,2,1,5,17:00,14,E09000026,6,0,6,30,3,4,3,12,0,0,1,1,1,0,0,1,2,E01003755,10-11-2018,2,1,1,1,25,5,3,0,0,0,0,-1,1,1
7812,87.45366801,25.76953108,1,3,2,1,2,21:49,14,E09000026,3,406,3,30,0,-1,-1,0,0,0,4,1,1,0,0,1,1,E01003762,14-11-2018,1,1,3,2,28,6,3,4,3,0,0,-1,0,1
7813,87.4529504,25.77189016,1,3,4,1,6,19:33,14,E09000026,5,0,6,30,0,-1,-1,0,0,0,4,1,1,0,0,2,1,E01003640,25-11-2018,1,1,3,2,13,3,3,5,3,0,0,-1,0,1
7814,87.48496071,25.77637194,1,2,1,1,2,21:41,14,E09000026,3,118,2,30,3,2,3,123,0,5,4,1,1,0,0,1,1,E01003728,28-11-2018,1,1,1,2,54,8,3,0,0,0,0,-1,9,1
7815,87.46647563,25.7656131,1,3,2,1,7,18:00,14,E09000026,3,113,6,30,0,-1,-1,0,0,0,1,1,1,0,0,1,2,E01003764,22-01-2018,1,1,1,2,45,7,3,0,0,0,0,-1,9,1
7816,87.49483385,25.78001974,1,3,2,1,2,10:45,14,E09000026,6,0,6,30,3,4,6,0,0,0,1,1,1,0,0,1,2,E01003748,14-11-2018,1,1,1,2,51,8,3,0,0,0,0,-1,9,-1
7817,87.48828006,25.7916771,1,3,2,1,2,19:01,14,E09000026,3,12,3,40,0,-1,-1,0,0,0,4,1,1,0,0,1,1,E01003796,14-11-2018,2,1,1,1,45,7,3,0,0,0,0,-1,9,1
7818,87.46723585,25.78316688,1,3,1,1,6,10:12,14,E09000026,3,118,1,30,1,4,3,406,0,0,1,1,1,0,0,1,1,E01003728,18-11-2018,2,1,1,1,53,8,3,0,0,0,0,-1,9,-1
7819,87.49493489,25.79175143,1,3,4,1,3,21:55,14,E09000026,4,177,6,30,3,4,6,0,0,0,4,1,2,0,0,1,1,E01003737,29-11-2018,1,1,1,1,24,5,3,0,0,0,0,-1,2,1
7820,87.48141559,25.78561208,1,3,2,1,5,19:00,14,E09000026,3,406,3,50,0,-1,-1,0,0,0,4,1,1,0,0,1,1,E01003785,17-11-2018,1,1,2,2,77,11,3,0,0,0,3,-1,11,1
7821,87.46492318,25.77571739,1,3,2,1,2,11:00,14,E09000026,3,104,6,30,3,4,6,0,0,0,1,1,1,0,0,1,1,E01003750,21-11-2018,1,1,3,1,79,11,3,5,1,0,0,-1,0,1