Accident_Index,longitude,latitude,Police_Force,Accident_Severity,Number_of_Vehicles,Number_of_Casualties,Day_of_Week,Time,Local_Authority_(District),Local_Authority_(Highway),1st_Road_Class,1st_Road_Number,Road_Type,Speed_limit,Junction_Detail,Junction_Control,2nd_Road_Class,2nd_Road_Number,Pedestrian_Crossing-Human_Control,Pedestrian_Crossing-Physical_Facilities,Light_Conditions,Weather_Conditions,Road_Surface_Conditions,Special_Conditions_at_Site,Carriageway_Hazards,Urban_or_Rural_Area,Did_Police_Officer_Attend_Scene_of_Accident,LSOA_of_Accident_Location,Date,Vehicle_Reference,Casualty_Reference,Casualty_Class,Sex_of_Casualty,Age_of_Casualty,Age_Band_of_Casualty,Casualty_Severity,Pedestrian_Location,Pedestrian_Movement,Car_Passenger,Bus_or_Coach_Passenger,Pedestrian_Road_Maintenance_Worker,Casualty_Type,Casualty_Home_Area_Type
7943,87.46872489,25.78666499,1,3,2,1,6,14:35,15,E09000016,5,0,6,30,3,4,6,0,0,0,1,1,1,0,0,1,1,E01002384,14-01-2018,2,1,1,1,36,7,3,0,0,0,0,-1,9,1
7944,87.45792675,25.78553295,1,3,2,2,7,16:35,15,E09000016,5,0,1,30,1,4,3,127,0,0,1,1,1,0,0,1,1,E01002310,08-01-2018,1,1,2,1,-1,-1,3,0,0,1,0,-1,9,-1
7945,87.48520074,25.77169245,1,3,2,1,7,11:00,15,E09000016,6,0,6,30,3,4,6,0,0,0,1,1,1,0,0,1,1,E01002302,15-01-2018,1,2,2,1,-1,-1,3,0,0,2,0,-1,9,-1
7946,87.45283675,25.76681839,1,3,2,1,5,15:05,14,E09000026,3,1112,6,30,3,4,4,174,0,0,1,1,1,0,0,2,1,E01003640,13-01-2018,2,3,2,2,-1,-1,3,0,0,2,0,-1,9,-1
7947,87.48208407,25.78195709,1,3,2,2,2,23:40,15,E09000016,5,0,6,30,3,4,6,0,0,0,4,2,2,0,0,1,1,E01002325,10-01-2018,2,4,2,1,-1,-1,3,0,0,2,0,-1,9,-1
7948,87.474054,25.76474254,1,3,2,2,4,19:36,15,E09000016,3,118,1,30,1,4,3,125,0,7,4,1,1,0,0,1,1,E01002356,12-01-2018,1,1,1,1,45,7,3,0,0,0,0,-1,9,1
7949,87.46127159,25.77150994,1,3,1,1,1,14:50,15,E09000016,6,0,6,30,0,-1,-1,0,0,0,1,1,1,0,0,1,2,E01002273,16-01-2018,1,1,1,2,36,7,3,0,0,0,0,-1,9,1
7950,87.45802933,25.78377016,1,3,2,1,2,09:45,15,E09000016,6,0,6,30,0,-1,-1,0,0,0,1,1,1,0,0,1,2,E01002258,10-01-2018,1,2,2,2,8,2,3,0,0,2,0,-1,9,1
7951,87.47487449,25.78727463,1,3,2,1,6,16:41,15,E09000016,3,1306,6,30,0,-1,-1,0,0,0,4,1,1,0,0,1,1,E01002368,14-01-2018,1,3,2,2,11,3,3,0,0,2,0,-1,9,1
7952,87.47488687,25.76304853,1,3,1,1,5,00:38,15,E09000016,6,0,6,30,0,-1,-1,0,0,0,4,1,2,0,0,2,1,E01002344,13-01-2018,1,1,3,2,19,4,3,1,4,0,0,-1,0,1
7953,87.47031963,25.78000714,1,3,1,2,7,01:22,15,E09000016,5,0,3,30,0,-1,-1,0,0,0,4,1,1,0,0,1,1,E01002350,15-01-2018,1,1,3,1,80,11,3,5,1,0,0,-1,0,1
7954,87.47647945,25.782241,1,3,2,1,7,18:18,15,E09000016,3,124,6,30,0,-1,-1,0,0,0,4,1,1,0,0,1,1,E01002321,01-01-2018,1,1,2,2,-1,-1,3,0,0,1,0,-1,9,-1
7955,87.47415666,25.76818435,1,3,1,1,5,07:25,15,E09000016,5,0,3,50,6,2,3,12,0,0,1,1,1,0,0,1,1,E01002334,13-01-2018,2,1,1,1,32,6,3,0,0,0,0,-1,3,1
7956,87.48659177,25.78546726,1,3,2,1,6,08:45,15,E09000016,3,118,6,30,0,-1,-1,0,0,0,1,1,1,0,0,1,1,E01002337,14-01-2018,1,1,3,1,17,4,2,9,9,0,0,-1,0,1
7957,87.48024185,25.76551231,1,3,2,1,2,09:30,15,E09000016,5,0,3,50,6,2,5,0,0,5,1,1,2,0,0,1,3,E01002358,17-01-2018,2,1,1,1,47,8,3,0,0,0,0,-1,9,1
7958,87.48815918,25.76624129,1,3,1,1,2,15:26,15,E09000016,5,0,6,30,3,4,6,0,0,0,1,1,2,0,0,1,1,E01002339,17-01-2018,1,1,1,2,37,7,3,0,0,0,0,-1,9,1
7959,87.46574465,25.77184455,1,3,1,1,3,16:31,15,E09000016,3,124,6,30,0,-1,-1,0,0,0,5,1,1,0,0,1,1,E01002362,18-01-2018,1,1,1,1,51,8,2,0,0,0,0,-1,3,1
7960,87.48055848,25.79095328,1,3,2,1,2,14:15,15,E09000016,3,124,6,30,8,2,6,0,0,0,1,1,1,0,0,1,1,E01002319,17-01-2018,1,1,3,1,13,3,3,10,9,0,0,-1,0,1
7961,87.46503769,25.78218119,1,3,4,2,3,10:00,15,E09000016,5,0,6,30,3,4,6,0,0,0,1,1,1,0,0,1,1,E01002341,18-01-2018,1,1,3,2,41,7,2,10,9,0,0,-1,0,1
7962,87.46000582,25.79172187,1,3,1,1,2,08:55,15,E09000016,4,1335,6,30,0,-1,-1,0,0,0,1,1,2,0,0,1,1,E01002345,17-01-2018,1,1,1,2,25,5,3,0,0,0,0,-1,9,-1
7963,87.4880684,25.7675139,1,3,1,1,6,18:05,15,E09000016,4,1335,6,30,0,-1,-1,0,0,0,4,1,2,0,0,1,1,E01002345,21-01-2018,1,1,3,1,38,7,3,1,1,0,0,-1,0,1
7964,87.48835537,25.77706084,1,3,2,1,2,16:01,15,E09000016,3,118,6,30,3,4,6,0,0,4,1,2,2,0,0,1,1,E01002247,17-01-2018,1,1,1,1,25,5,3,0,0,0,0,-1,9,1
7965,87.46449166,25.76964972,1,3,2,1,1,10:33,15,E09000016,3,12,3,50,3,2,6,0,0,0,1,1,1,0,0,1,1,E01002334,23-01-2018,1,1,2,2,-1,-1,3,0,0,0,4,-1,11,-1
7966,87.46437187,25.77543492,1,3,2,2,2,21:15,15,E09000016,5,0,6,50,0,-1,-1,0,0,0,4,2,2,0,0,1,1,E01002312,24-01-2018,1,1,1,2,64,9,3,0,0,0,0,-1,9,1
7967,87.46480616,25.76959651,1,3,2,1,6,15:45,15,E09000016,5,0,6,30,6,4,3,118,0,1,1,2,2,4,0,1,1,E01002354,28-01-2018,1,1,1,2,31,6,3,0,0,0,0,-1,9,1
7968,87.47743322,25.79154531,1,2,3,1,4,18:39,15,E09000016,3,124,6,30,7,4,6,0,0,0,4,1,1,0,0,1,1,E01002249,26-01-2018,1,1,1,1,40,7,3,0,0,0,0,-1,9,1
7969,87.49382235,25.78354935,1,3,1,1,3,15:30,15,E09000016,5,0,6,30,0,-1,-1,0,0,0,1,1,1,0,0,1,1,E01002329,25-01-2018,1,1,3,1,21,5,3,10,9,0,0,-1,0,1
7970,87.49139546,25.77125888,1,3,2,1,2,14:09,15,E09000016,4,1421,6,30,3,4,6,0,0,0,1,1,1,0,0,2,1,E01002385,24-01-2018,1,1,1,1,19,4,3,0,0,0,0,-1,9,1
7971,87.48380869,25.78013965,1,3,2,1,2,21:00,15,E09000016,4,1335,6,30,3,4,4,1335,0,0,4,2,2,0,2,1,1,E01002347,24-01-2018,2,2,1,2,20,4,3,0,0,0,0,-1,9,1
7972,87.48653797,25.78563829,1,3,1,1,4,07:45,15,E09000016,6,0,6,30,3,4,6,0,0,0,1,1,1,0,0,1,1,E01002277,26-01-2018,2,1,1,2,39,7,3,0,0,0,0,-1,9,1
7973,87.45820691,25.76852019,1,2,2,3,5,14:40,15,E09000016,6,0,6,30,0,-1,-1,0,0,0,1,1,1,0,0,2,1,E01002385,03-02-2018,2,1,2,1,26,6,3,0,0,0,0,-1,19,-1
7974,87.45519413,25.78122591,1,3,3,1,7,14:41,15,E09000016,3,124,6,30,3,2,5,0,0,0,1,1,1,0,0,1,1,E01002319,22-01-2018,1,1,1,1,42,7,3,0,0,0,0,-1,9,1
7975,87.48075685,25.77478372,1,3,2,1,6,15:44,15,E09000016,6,0,6,30,0,-1,-1,0,0,0,4,2,2,0,0,1,1,E01002374,28-01-2018,1,1,3,1,-1,-1,3,10,9,0,0,-1,0,-1
7976,87.48225003,25.77352309,1,3,2,1,1,15:20,15,E09000016,6,0,6,30,0,-1,-1,0,0,0,1,1,1,0,0,1,1,E01002250,02-01-2018,1,1,1,1,41,7,3,0,0,0,0,-1,9,1
7977,87.49571502,25.76652938,1,3,2,1,4,11:00,15,E09000016,6,0,6,30,0,-1,-1,0,0,0,1,1,1,0,0,1,2,E01002297,26-01-2018,2,1,1,1,26,6,3,0,0,0,0,-1,3,1
7978,87.48316058,25.77619124,1,3,1,1,2,17:30,15,E09000016,3,125,6,30,3,4,6,0,0,0,4,1,1,0,0,1,3,E01002243,31-01-2018,1,1,1,1,43,7,3,0,0,0,0,-1,9,1
7979,87.47715488,25.77374118,1,3,2,1,2,16:15,15,E09000016,3,125,1,30,1,4,3,125,0,0,1,1,1,0,0,1,1,E01002350,31-01-2018,1,1,1,1,30,6,3,0,0,0,0,-1,9,1
7980,87.47921593,25.78216605,1,3,2,1,3,15:55,15,E09000016,6,0,6,30,3,4,4,1459,0,0,1,1,1,0,0,1,1,E01002301,25-01-2018,1,1,2,2,8,2,3,0,0,2,0,-1,9,1
7981,87.47986088,25.76392885,1,3,2,1,4,17:51,15,E09000016,4,175,6,30,6,2,4,1459,0,0,5,1,2,0,0,1,1,E01002303,19-01-2018,1,2,2,2,6,2,3,0,0,2,0,-1,9,1
7982,87.47208526,25.76754682,1,3,1,1,4,15:39,15,E09000016,3,125,6,30,3,4,6,0,0,1,1,1,1,0,0,1,1,E01002373,19-01-2018,1,3,2,2,8,2,3,0,0,2,0,-1,9,1
7983,87.4775628,25.76547083,1,3,3,1,2,11:40,15,E09000016,5,0,6,30,0,-1,-1,0,0,0,1,1,1,0,0,1,2,E01002274,31-01-2018,1,1,1,2,39,7,3,0,0,0,0,-1,9,1
7984,87.49197204,25.78445154,1,3,2,1,5,13:40,15,E09000016,5,0,3,30,0,-1,-1,0,0,0,1,1,1,0,0,1,2,E01002380,27-01-2018,1,1,1,1,23,5,3,0,0,0,0,-1,2,-1
7985,87.48569297,25.76722037,1,3,2,1,2,22:12,15,E09000016,6,0,3,50,3,4,3,12,0,0,4,1,1,0,0,1,1,E01002293,31-01-2018,1,1,1,2,59,9,3,0,0,0,0,-1,9,1
7986,87.47287824,25.76479906,1,3,1,1,3,22:35,15,E09000016,3,118,1,30,1,4,3,125,0,0,4,8,4,0,0,1,1,E01002243,25-01-2018,1,1,1,1,28,6,3,0,0,0,0,-1,9,-1
7987,87.46565436,25.78960085,1,3,1,1,4,12:10,15,E09000016,5,0,6,30,0,-1,-1,0,0,0,1,1,1,0,0,1,1,E01002312,02-02-2018,1,2,2,1,22,5,3,0,0,1,0,-1,9,1
7988,87.4599523,25.77823981,1,3,3,3,6,16:44,15,E09000016,4,1421,6,30,3,4,6,0,0,0,1,1,1,0,0,1,1,E01002388,04-02-2018,1,1,3,1,-1,-1,3,5,1,0,0,-1,0,-1
7989,87.48286479,25.7849154,1,3,1,1,2,09:20,15,E09000016,5,0,6,30,7,4,6,0,0,0,1,1,1,0,0,1,1,E01002261,17-01-2018,1,1,1,1,25,5,2,0,0,0,0,-1,9,1
7990,87.48462751,25.78996835,1,3,2,1,7,20:30,15,E09000016,6,0,6,30,3,4,6,0,0,0,4,2,2,0,0,1,1,E01002330,29-01-2018,1,1,1,1,32,6,3,0,0,0,0,-1,9,1
7991,87.48719307,25.79013195,1,3,2,2,3,01:30,15,E09000016,5,0,6,30,3,4,6,0,0,0,4,1,1,0,0,1,2,E01002274,08-02-2018,1,1,1,1,63,9,3,0,0,0,0,-1,9,1
7992,87.4872695,25.78489023,1,3,2,1,7,12:30,15,E09000016,3,124,6,30,3,4,6,0,0,0,1,1,1,0,0,1,1,E01002320,05-02-2018,1,1,1,2,48,8,3,0,0,0,0,-1,9,1
7993,87.4794665,25.76590568,1,3,2,1,3,11:02,15,E09000016,5,0,6,30,0,-1,-1,0,0,0,1,1,2,0,0,1,1,E01002243,08-02-2018,1,1,1,1,42,7,3,0,0,0,0,-1,9,-1
7994,87.47968237,25.7667123,1,3,2,1,4,09:54,15,E09000016,3,1306,6,30,6,2,3,1306,0,5,1,1,2,0,0,1,1,E01002344,09-02-2018,1,1,1,2,51,8,3,0,0,0,0,-1,9,1
7995,87.4784108,25.77662348,1,3,3,1,3,08:16,15,E09000016,1,25,3,70,0,-1,-1,0,0,0,4,1,1,0,0,2,3,E01002296,01-02-2018,2,1,1,1,29,6,3,0,0,0,0,-1,9,1
7996,87.47488705,25.77489891,1,3,1,1,3,08:25,15,E09000016,3,12,3,50,0,-1,-1,0,0,0,1,1,2,0,0,1,1,E01002340,01-02-2018,1,1,1,1,25,5,3,0,0,0,0,-1,9,1
7997,87.45668917,25.77196583,1,3,1,1,1,20:19,15,E09000016,1,25,3,70,5,4,3,127,0,0,4,1,1,0,7,2,1,E01002259,06-02-2018,1,1,1,2,41,7,3,0,0,0,0,-1,9,1
7998,87.47052771,25.78286905,1,3,2,1,2,06:30,15,E09000016,1,25,1,30,1,4,3,12,0,0,4,1,1,0,0,2,1,E01002277,07-02-2018,1,1,3,2,13,3,2,5,1,0,0,-1,0,-1
7999,87.48987594,25.77718571,1,3,2,2,3,16:19,15,E09000016,6,0,6,30,3,4,6,0,0,0,1,1,1,0,0,1,1,E01002357,08-02-2018,1,1,2,1,4,1,3,0,0,2,0,-1,9,1
8000,87.49464681,25.77697554,1,3,1,1,4,14:50,15,E09000016,6,0,6,30,3,4,3,125,0,0,1,1,1,0,0,1,1,E01002243,09-02-2018,1,1,3,1,12,3,3,5,2,0,0,-1,0,-1
8001,87.46518837,25.7800402,1,3,1,1,6,17:45,15,E09000016,5,0,6,30,3,4,3,124,0,0,1,1,1,0,0,1,1,E01002361,11-02-2018,1,1,1,1,45,7,3,0,0,0,0,-1,9,1
8002,87.46342684,25.7706848,1,3,2,1,6,13:50,15,E09000016,5,0,6,30,8,4,5,0,0,0,1,2,2,0,0,1,1,E01002279,11-02-2018,1,2,2,2,-1,-1,3,0,0,1,0,-1,9,1
8003,87.49046992,25.76692127,1,3,2,1,6,08:59,15,E09000016,6,0,6,30,3,4,6,0,0,0,1,1,1,0,0,1,1,E01002293,11-02-2018,1,1,2,1,14,3,3,0,0,2,0,-1,9,1
8004,87.46970507,25.78830101,1,3,1,1,7,19:06,15,E09000016,5,0,6,30,0,-1,-1,0,0,1,4,1,2,0,0,1,1,E01002373,12-02-2018,1,2,2,1,43,7,3,0,0,1,0,-1,9,1
8005,87.46658629,25.76963978,1,3,2,1,1,01:27,15,E09000016,5,0,3,50,6,2,3,12,0,0,4,1,1,0,0,1,1,E01002300,13-02-2018,1,1,1,1,21,5,3,0,0,0,0,-1,9,1
8006,87.49489622,25.77538241,1,3,2,1,3,14:15,15,E09000016,5,0,1,30,1,4,5,0,0,1,1,1,1,0,0,1,1,E01002379,15-02-2018,1,1,3,1,11,3,3,5,3,0,0,-1,0,1
8007,87.49926337,25.76605995,1,3,4,2,1,12:15,15,E09000016,1,25,3,70,0,-1,-1,0,0,0,1,1,1,0,0,2,1,E01002259,30-01-2018,1,1,1,1,37,7,3,0,0,0,0,-1,19,1
8008,87.45668148,25.78931293,1,3,2,1,7,11:04,15,E09000016,3,118,6,30,3,4,6,0,0,0,1,1,1,0,0,1,1,E01002354,12-02-2018,1,2,2,1,37,7,3,0,0,0,0,-1,19,1
8009,87.46184683,25.77374368,1,3,2,1,6,07:37,15,E09000016,6,0,6,30,3,4,6,0,0,0,1,1,1,0,0,1,1,E01002369,11-02-2018,2,3,1,1,27,6,3,0,0,0,0,-1,9,1
8010,87.4586686,25.7650527,1,3,1,1,6,12:40,15,E09000016,4,187,6,30,0,-1,-1,0,0,0,1,1,1,0,0,1,1,E01002384,11-02-2018,2,4,2,1,58,9,3,0,0,1,0,-1,9,1
8011,87.48567022,25.76802365,1,3,2,1,3,08:49,15,E09000016,5,0,3,50,5,2,3,12,0,0,1,1,1,0,0,1,1,E01002283,01-02-2018,1,1,1,2,26,6,3,0,0,0,0,-1,9,-1
8012,87.47143032,25.76667291,1,3,2,1,2,17:30,15,E09000016,3,13,3,30,0,-1,-1,0,0,0,4,1,1,0,0,1,3,E01002368,07-02-2018,3,2,2,2,26,6,3,0,0,1,0,-1,9,1
8013,87.46750442,25.77509844,1,2,1,1,7,12:30,15,E09000016,6,0,9,30,0,-1,-1,0,0,0,1,1,1,0,0,2,1,E01002344,12-02-2018,4,3,2,2,26,6,3,0,0,1,0,-1,9,1
8014,87.45776154,25.76730773,1,3,2,2,2,15:01,15,E09000016,5,0,7,40,7,4,6,0,0,0,1,1,1,0,0,2,1,E01002253,14-02-2018,1,1,3,1,64,9,3,1,1,0,0,-1,0,1
8015,87.47664662,25.79150477,1,3,2,1,3,10:33,15,E09000016,1,25,3,70,0,-1,-1,0,0,0,1,1,1,0,0,2,1,E01002259,15-02-2018,1,1,1,1,24,5,3,0,0,0,0,-1,9,1
8016,87.45673645,25.76476938,1,3,2,1,3,13:25,15,E09000016,6,0,6,30,3,4,6,0,0,0,1,1,1,0,0,1,1,E01002316,15-02-2018,1,1,1,1,45,7,3,0,0,0,0,-1,9,1
8017,87.4646485,25.77907501,1,3,1,1,7,19:52,15,E09000016,5,0,6,30,3,4,6,0,0,0,4,1,1,0,0,1,1,E01002381,19-02-2018,2,2,1,1,75,10,3,0,0,0,0,-1,9,1
8018,87.47440203,25.76503115,1,3,2,2,1,01:44,15,E09000016,5,0,6,30,3,4,6,0,0,1,4,1,1,0,0,1,1,E01002363,20-02-2018,1,1,1,2,52,8,3,0,0,0,0,-1,9,1
8019,87.49412687,25.78234686,1,2,1,3,1,20:44,15,E09000016,6,0,6,30,0,-1,-1,0,0,0,4,1,1,0,0,1,1,E01002283,20-02-2018,1,1,1,1,34,6,3,0,0,0,0,-1,9,-1
8020,87.47964866,25.77463988,1,3,2,1,1,13:30,15,E09000016,3,124,6,30,3,4,3,124,0,0,1,1,1,0,0,1,1,E01002248,20-02-2018,2,2,1,2,53,8,3,0,0,0,0,-1,9,1
8021,87.49320215,25.77014969,1,3,2,1,2,13:15,15,E09000016,3,125,3,30,0,-1,-1,0,0,4,1,1,1,0,0,1,1,E01002340,21-02-2018,3,3,1,2,52,8,3,0,0,0,0,-1,9,1
8022,87.47723574,25.77383998,1,3,2,2,4,17:32,15,E09000016,5,0,6,30,3,4,6,0,0,0,4,2,2,0,0,1,1,E01002291,23-02-2018,1,1,1,2,67,10,3,0,0,0,0,-1,9,1
8023,87.46321175,25.77378406,1,3,1,1,4,08:53,15,E09000016,6,0,6,30,0,-1,-1,0,0,0,1,3,3,0,0,1,1,E01002301,23-02-2018,1,1,1,1,26,6,3,0,0,0,0,-1,9,1
8024,87.46074517,25.78760972,1,3,2,1,5,19:45,15,E09000016,5,0,6,30,3,4,6,0,0,0,4,8,2,0,0,1,1,E01002380,24-02-2018,1,2,2,2,23,5,3,0,0,1,0,-1,9,-1
8025,87.45552484,25.77932746,1,3,3,1,6,07:55,15,E09000016,3,12,3,30,0,-1,-1,0,0,0,1,1,2,0,0,2,1,E01002337,18-02-2018,1,1,1,1,53,8,3,0,0,0,0,-1,9,1
8026,87.46289072,25.77295777,1,3,2,1,3,07:52,15,E09000016,6,0,6,30,3,2,6,0,0,0,1,8,2,0,0,1,1,E01002367,25-01-2018,2,2,1,1,33,6,3,0,0,0,0,-1,9,1
8027,87.45827343,25.78907179,1,3,2,1,6,02:35,15,E09000016,3,1306,6,30,3,2,3,1306,0,0,4,1,1,0,0,1,1,E01002370,04-02-2018,1,1,1,1,42,7,3,0,0,0,0,-1,9,-1
8028,87.46583674,25.7826566,1,3,2,1,6,19:15,15,E09000016,3,125,6,30,3,4,3,124,0,5,1,2,2,0,0,1,2,E01002249,28-01-2018,1,1,3,1,12,3,3,5,3,0,0,-1,0,-1
8029,87.47956323,25.7859939,1,3,2,1,6,12:45,15,E09000016,6,0,6,30,0,-1,-1,0,0,0,1,1,1,0,0,1,2,E01002379,04-02-2018,1,1,1,2,72,10,3,0,0,0,0,-1,9,-1
8030,87.47513506,25.78375073,1,3,2,2,5,18:55,15,E09000016,5,0,3,30,3,2,6,0,0,5,4,1,1,0,0,1,1,E01002358,03-02-2018,1,1,3,2,40,7,3,10,9,0,0,-1,0,-1
8031,87.45783764,25.78978929,1,3,1,1,4,21:15,15,E09000016,5,0,6,30,3,4,6,0,0,0,4,1,2,0,0,1,1,E01002381,09-02-2018,1,1,3,1,24,5,2,5,3,0,0,-1,0,-1
8032,87.49265023,25.7635562,1,3,3,1,2,11:13,15,E09000016,3,118,6,30,6,4,6,0,0,0,1,1,1,0,0,1,1,E01002357,14-02-2018,1,1,1,1,28,6,3,0,0,0,0,-1,9,-1
8033,87.49256926,25.78477315,1,3,2,1,7,15:00,15,E09000016,5,0,6,30,3,4,6,0,0,0,1,1,1,0,0,1,2,E01002329,05-02-2018,1,1,1,2,44,7,3,0,0,0,0,-1,9,1
8034,87.48487697,25.78570743,1,3,2,1,1,18:25,15,E09000016,6,0,6,30,6,4,6,0,0,0,4,1,1,0,0,1,1,E01002245,20-02-2018,1,1,1,1,60,9,3,0,0,0,0,-1,9,-1
8035,87.4575133,25.77866744,1,3,2,1,6,15:53,15,E09000016,4,1335,6,30,3,4,4,1335,0,0,1,1,1,0,0,1,1,E01002345,25-02-2018,1,1,3,1,4,1,2,1,1,0,0,-1,0,1
8036,87.48994271,25.77044391,1,3,2,1,6,21:45,15,E09000016,3,1306,6,60,6,4,3,1306,0,0,4,1,1,0,0,1,1,E01002370,25-02-2018,1,1,2,2,50,8,3,0,0,1,0,-1,9,1
8037,87.49418257,25.79207488,1,3,2,1,7,06:57,15,E09000016,6,0,6,30,0,-1,-1,0,0,0,1,1,2,0,0,1,1,E01002344,26-02-2018,1,1,1,1,41,7,3,0,0,0,0,-1,5,1
8038,87.48902367,25.77381369,1,3,2,1,1,01:16,15,E09000016,3,1306,3,50,0,-1,-1,0,0,0,4,3,3,0,0,1,1,E01002368,27-02-2018,1,1,1,2,19,4,3,0,0,0,0,-1,9,1
8039,87.45493495,25.78999102,1,3,1,1,5,20:07,15,E09000016,5,0,6,30,3,4,5,0,0,1,4,1,2,0,0,1,1,E01002294,03-03-2018,2,2,1,1,40,7,3,0,0,0,0,-1,9,1
8040,87.47394903,25.78760318,1,3,1,2,4,00:01,15,E09000016,5,0,6,30,0,-1,-1,0,0,0,4,1,1,0,0,1,2,E01002257,02-02-2018,1,1,1,1,21,5,3,0,0,0,0,-1,3,1
8041,87.47249386,25.78832546,1,3,1,1,5,05:00,15,E09000016,3,124,6,30,0,-1,-1,0,0,0,4,2,2,0,0,1,1,E01002320,17-02-2018,1,1,3,1,15,3,3,6,9,0,0,-1,0,1
8042,87.4788339,25.7678753,1,3,2,1,5,11:45,16,E09000002,3,12,3,30,3,4,3,1112,0,0,1,1,1,0,0,1,2,E01000031,03-02-2018,1,1,3,1,11,3,3,5,1,0,0,-1,0,1
8043,87.46863624,25.78921156,1,3,2,1,6,07:55,15,E09000016,4,174,6,50,0,-1,-1,0,0,0,1,1,1,0,0,1,1,E01002331,18-02-2018,1,1,1,1,59,9,3,0,0,0,0,-1,9,1
8044,87.48262215,25.77615165,1,3,2,1,6,13:15,15,E09000016,3,124,3,30,3,4,6,0,0,0,1,1,1,0,0,1,2,E01002319,25-02-2018,1,1,1,2,37,7,3,0,0,0,0,-1,9,1
8045,87.47133496,25.78369995,1,3,2,1,4,19:11,15,E09000016,5,0,1,30,2,4,4,187,0,0,4,3,3,0,0,1,1,E01002391,02-03-2018,1,2,2,1,2,1,3,0,0,1,0,-1,9,-1
8046,87.49854306,25.76544437,1,3,2,1,1,09:28,15,E09000016,5,0,6,30,7,4,5,0,0,0,1,1,2,0,0,2,1,E01002385,27-02-2018,1,3,2,1,8,2,3,0,0,2,0,-1,9,-1
8047,87.47930647,25.78323025,1,3,2,1,2,13:30,15,E09000016,3,125,6,30,3,4,6,0,0,0,1,1,1,0,0,1,1,E01002319,21-02-2018,1,4,2,2,4,1,3,0,0,2,0,-1,9,-1
8048,87.45672654,25.77111443,1,3,2,2,2,09:00,15,E09000016,5,0,6,30,3,4,5,0,0,0,1,2,4,0,0,1,1,E01002313,28-02-2018,1,5,2,1,9,2,3,0,0,2,0,-1,9,-1
8049,87.4644112,25.77639653,1,3,2,1,3,07:36,15,E09000016,5,0,1,30,1,4,3,125,0,0,1,3,2,0,0,1,1,E01002249,01-03-2018,1,1,1,1,31,6,3,0,0,0,0,-1,5,1
8050,87.47280875,25.76659744,1,3,4,1,3,10:38,15,E09000016,3,124,6,30,0,-1,-1,0,0,0,1,1,2,0,0,1,1,E01002321,01-03-2018,1,2,2,2,20,4,3,0,0,0,0,-1,5,1
8051,87.46782644,25.76810772,1,3,2,2,7,14:25,15,E09000016,3,125,6,30,7,4,3,118,0,0,1,1,1,0,0,1,2,E01002356,08-01-2018,2,1,2,2,16,4,3,0,0,2,0,-1,9,1
8052,87.46267493,25.78887311,1,3,2,1,4,19:44,15,E09000016,4,174,6,30,3,4,6,0,0,0,4,1,2,0,0,1,1,E01002326,02-03-2018,2,2,1,2,37,7,3,0,0,0,0,-1,9,1
8053,87.45685607,25.77481705,1,3,1,1,1,19:45,15,E09000016,5,0,6,30,3,4,6,0,0,4,4,1,1,0,0,1,1,E01002386,06-03-2018,1,1,1,2,19,4,3,0,0,0,0,-1,9,1
8054,87.49501499,25.7746673,1,3,2,1,5,09:30,15,E09000016,6,0,6,30,6,4,6,0,0,0,1,8,4,0,0,1,1,E01002371,03-03-2018,1,1,1,1,29,6,3,0,0,0,0,-1,9,1
8055,87.49449258,25.77328854,1,3,2,1,1,11:15,15,E09000016,5,0,6,30,8,4,6,0,0,0,1,1,1,0,0,1,1,E01002380,06-03-2018,2,2,1,1,46,8,3,0,0,0,0,-1,9,1
8056,87.46079527,25.79162069,1,3,2,1,2,12:20,15,E09000016,3,12,3,30,6,2,5,0,0,5,1,1,1,0,0,1,2,E01002334,14-03-2018,1,1,1,1,21,5,3,0,0,0,0,-1,9,-1
8057,87.49001617,25.78783804,1,3,1,1,6,10:55,15,E09000016,6,0,6,30,3,4,6,0,0,0,1,3,4,0,0,1,1,E01002271,04-03-2018,1,1,3,1,-1,-1,2,5,3,0,0,-1,0,-1
8058,87.4731702,25.76594353,1,3,2,1,7,19:13,15,E09000016,3,118,6,30,6,4,5,0,0,1,4,1,1,0,0,1,1,E01002354,05-03-2018,2,1,1,1,30,6,3,0,0,0,0,-1,9,1
8059,87.49626036,25.78752495,1,2,1,1,5,16:20,15,E09000016,6,0,6,30,8,4,3,12,0,0,1,1,1,0,0,1,1,E01002296,03-03-2018,1,1,1,1,20,4,3,0,0,0,0,-1,9,1
8060,87.49513972,25.77626408,1,3,3,1,2,12:15,15,E09000016,3,118,6,30,0,-1,-1,0,0,0,1,1,1,0,0,1,1,E01002356,07-03-2018,1,1,1,1,31,6,3,0,0,0,0,-1,5,1
8061,87.45415919,25.77509773,1,3,1,1,3,08:27,15,E09000016,5,0,6,30,3,4,6,0,0,0,1,1,2,0,0,1,1,E01002342,08-03-2018,1,1,1,2,40,7,3,0,0,0,0,-1,9,1
8062,87.46676312,25.77714167,1,3,2,3,3,22:22,15,E09000016,6,0,6,30,8,4,6,0,0,0,4,2,2,0,0,1,1,E01002293,08-03-2018,2,1,1,2,38,7,3,0,0,0,0,-1,9,-1
8063,87.49816831,25.78430689,1,3,2,1,5,17:25,15,E09000016,3,125,6,30,0,-1,-1,0,0,0,4,1,1,0,0,1,1,E01002375,10-03-2018,1,1,3,1,34,6,3,5,1,0,0,-1,0,-1
8064,87.45589136,25.77419652,1,3,2,2,6,09:30,15,E09000016,6,0,3,50,3,4,3,118,0,0,1,1,1,0,0,1,2,E01002250,11-03-2018,1,1,1,1,22,5,3,0,0,0,0,-1,9,1