Accident_Index,longitude,latitude,Police_Force,Accident_Severity,Number_of_Vehicles,Number_of_Casualties,Day_of_Week,Time,Local_Authority_(District),Local_Authority_(Highway),1st_Road_Class,1st_Road_Number,Road_Type,Speed_limit,Junction_Detail,Junction_Control,2nd_Road_Class,2nd_Road_Number,Pedestrian_Crossing-Human_Control,Pedestrian_Crossing-Physical_Facilities,Light_Conditions,Weather_Conditions,Road_Surface_Conditions,Special_Conditions_at_Site,Carriageway_Hazards,Urban_or_Rural_Area,Did_Police_Officer_Attend_Scene_of_Accident,LSOA_of_Accident_Location,Date,Vehicle_Reference,Casualty_Reference,Casualty_Class,Sex_of_Casualty,Age_of_Casualty,Age_Band_of_Casualty,Casualty_Severity,Pedestrian_Location,Pedestrian_Movement,Car_Passenger,Bus_or_Coach_Passenger,Pedestrian_Road_Maintenance_Worker,Casualty_Type,Casualty_Home_Area_Type
8188,87.47984547,25.78562441,1,3,2,1,7,08:00,15,E09000016,5,0,3,50,6,2,3,12,0,0,1,1,1,1,0,1,2,E01002300,07-05-2018,1,2,2,1,32,6,3,0,0,1,0,-1,9,-1
8189,87.47813951,25.78160428,1,3,2,1,3,20:40,15,E09000016,5,0,6,30,3,4,6,0,0,0,4,1,1,0,0,1,1,E01002284,17-05-2018,2,1,1,2,23,5,3,0,0,0,0,-1,9,1
8190,87.45240771,25.78715366,1,3,2,1,3,16:45,15,E09000016,6,0,6,30,3,4,4,187,0,0,1,1,1,0,0,2,1,E01002391,17-05-2018,1,1,1,1,20,4,3,0,0,0,0,-1,9,1
8191,87.47924568,25.7866511,1,3,2,2,6,11:10,15,E09000016,5,0,6,30,3,4,6,0,0,0,1,1,1,0,0,1,1,E01002288,13-05-2018,1,1,1,1,56,9,3,0,0,0,0,-1,9,1
8192,87.48159829,25.78444681,1,3,2,1,1,07:45,15,E09000016,5,0,1,30,2,4,6,0,0,0,1,1,1,0,0,1,2,E01002312,15-05-2018,1,1,3,1,25,5,3,8,5,0,0,-1,0,1
8193,87.46930804,25.77508262,1,3,3,1,2,18:30,15,E09000016,6,0,6,30,0,-1,-1,0,0,0,1,1,1,0,0,1,1,E01002299,25-04-2018,2,1,1,2,15,3,2,0,0,0,0,-1,1,1
8194,87.48046876,25.79259678,1,3,2,2,3,23:30,15,E09000016,5,0,7,30,5,4,6,0,0,0,4,1,1,0,0,2,1,E01002296,24-05-2018,1,1,1,2,28,6,3,0,0,0,0,-1,9,1
8195,87.48534581,25.76784502,1,3,2,1,6,11:45,15,E09000016,5,0,6,30,3,4,6,0,0,0,1,1,1,0,0,1,1,E01002379,20-05-2018,3,1,2,1,8,2,3,0,0,2,0,-1,9,-1
8196,87.46315253,25.78170275,1,3,2,1,3,17:00,16,E09000002,6,0,6,30,6,4,6,0,0,0,1,1,1,0,0,1,2,E01000038,24-05-2018,1,1,1,2,44,7,3,0,0,0,0,-1,9,1
8197,87.48280567,25.77990765,1,3,2,1,4,06:30,15,E09000016,3,127,3,40,1,4,3,118,0,0,1,1,1,0,0,1,1,E01002383,25-05-2018,2,1,1,2,25,5,3,0,0,0,0,-1,9,1
8198,87.47730488,25.76318705,1,3,2,1,3,19:40,15,E09000016,6,0,6,30,3,4,3,124,0,4,1,1,1,0,0,1,1,E01002362,24-05-2018,2,1,1,1,21,5,3,0,0,0,0,-1,3,1
8199,87.47050681,25.78327361,1,3,3,2,1,17:28,15,E09000016,1,25,3,70,0,-1,-1,0,0,0,4,9,1,0,0,2,1,E01002276,30-01-2018,1,1,2,2,63,9,3,0,0,0,4,-1,11,-1
8200,87.48807606,25.77966673,1,3,3,1,6,08:51,15,E09000016,3,125,6,30,3,4,3,1306,0,0,1,1,1,0,0,1,1,E01002370,27-05-2018,1,1,3,2,73,10,3,5,1,0,0,-1,0,1
8201,87.46477645,25.77942522,1,3,1,1,5,14:16,15,E09000016,6,0,6,30,3,4,4,174,0,4,1,1,1,0,0,1,1,E01002328,26-05-2018,1,1,1,1,20,4,3,0,0,0,0,-1,19,-1
8202,87.46702779,25.77331531,1,3,2,1,5,09:08,15,E09000016,5,0,6,30,3,4,5,0,0,1,1,1,1,0,0,1,1,E01002311,26-05-2018,1,1,1,1,30,6,3,0,0,0,0,-1,9,1
8203,87.45595083,25.78934987,1,3,2,1,2,08:50,15,E09000016,5,0,6,30,0,-1,-1,0,0,0,1,1,1,0,0,1,1,E01002341,23-05-2018,2,1,1,1,26,6,3,0,0,0,0,-1,9,1
8204,87.46889999,25.76563353,1,3,2,2,2,22:50,15,E09000016,6,0,3,50,3,2,3,12,0,5,4,1,1,0,0,1,2,E01002293,16-05-2018,1,1,1,2,42,7,3,0,0,0,0,-1,9,1
8205,87.47858741,25.77699607,1,3,2,1,7,13:05,15,E09000016,5,0,3,30,7,2,5,0,0,5,1,1,1,0,0,1,1,E01002358,21-05-2018,1,2,2,2,-1,-1,3,0,0,1,0,-1,9,-1
8206,87.48424735,25.77152515,1,3,2,2,2,20:12,15,E09000016,5,0,6,30,3,4,6,0,0,0,1,1,1,0,0,1,1,E01002284,23-05-2018,1,1,2,1,73,10,3,0,0,1,0,-1,9,-1
8207,87.45614572,25.76786742,1,3,2,1,2,14:27,15,E09000016,6,0,6,30,3,4,3,124,0,0,1,1,1,0,0,1,1,E01002318,23-05-2018,2,1,1,1,-1,-1,3,0,0,0,0,-1,9,-1
8208,87.47391793,25.78541257,1,3,2,1,5,17:25,15,E09000016,1,25,1,30,1,2,3,12,0,0,1,1,1,0,0,2,2,E01002296,26-05-2018,1,1,3,1,54,8,3,9,5,0,0,-1,0,1
8209,87.48291161,25.77869167,1,3,1,1,5,11:30,15,E09000016,6,0,6,30,3,4,6,0,0,0,1,1,1,0,0,2,1,E01002344,26-05-2018,1,1,3,1,13,3,3,4,1,0,0,-1,0,1
8210,87.45235299,25.76933189,1,3,1,1,6,16:20,15,E09000016,5,0,6,30,0,-1,-1,0,0,0,1,1,1,0,0,1,1,E01002377,27-05-2018,1,1,2,2,-1,-1,3,0,0,1,0,-1,9,1
8211,87.49903407,25.77435245,1,3,2,3,2,20:00,15,E09000016,5,0,6,30,6,2,3,124,0,0,1,1,1,0,0,1,2,E01002362,30-05-2018,1,2,1,2,34,6,3,0,0,0,0,-1,9,1
8212,87.46035708,25.77118443,1,3,2,3,6,17:05,15,E09000016,5,0,6,30,6,4,5,0,0,0,1,1,1,0,0,1,1,E01002265,27-05-2018,1,1,2,2,20,4,3,0,0,1,0,-1,9,1
8213,87.46246431,25.78007516,1,2,1,1,7,10:30,15,E09000016,6,0,6,30,3,4,6,0,0,0,1,1,1,0,0,1,2,E01002304,11-06-2018,1,1,2,2,52,8,3,0,0,1,0,-1,9,1
8214,87.48034298,25.7872458,1,3,2,1,7,02:00,15,E09000016,3,118,1,30,1,2,3,12,0,5,4,1,1,0,0,1,2,E01002337,04-06-2018,1,1,1,2,47,8,3,0,0,0,0,-1,9,1
8215,87.47329388,25.78680314,1,2,2,1,1,20:00,15,E09000016,5,0,6,30,3,4,6,0,0,0,1,1,1,0,0,1,1,E01002351,05-06-2018,1,1,1,1,20,4,3,0,0,0,0,-1,9,1
8216,87.4713433,25.7848083,1,3,1,2,1,02:30,15,E09000016,1,25,3,70,0,-1,-1,0,0,0,4,1,1,0,0,2,1,E01002252,05-06-2018,1,2,2,1,20,4,3,0,0,1,0,-1,9,-1
8217,87.4803683,25.76451422,1,3,8,7,3,06:26,15,E09000016,1,25,3,70,0,-1,-1,0,0,0,1,1,1,0,0,2,1,E01002259,07-06-2018,1,1,3,1,48,8,3,5,1,0,0,-1,0,1
8218,87.47838167,25.76680414,1,3,1,1,2,08:14,15,E09000016,6,0,3,30,3,2,5,0,0,5,1,1,1,0,0,1,1,E01002357,06-06-2018,1,1,2,2,-1,-1,3,0,0,2,0,-1,9,-1
8219,87.47130927,25.79042791,1,2,3,2,5,20:25,15,E09000016,1,25,3,70,0,-1,-1,0,0,0,1,1,1,0,0,2,1,E01002391,02-06-2018,1,2,2,2,29,6,3,0,0,2,0,-1,9,1
8220,87.48775307,25.79022763,1,3,4,2,3,15:00,15,E09000016,6,0,6,30,3,4,3,125,0,0,1,1,1,0,0,1,1,E01002375,07-06-2018,1,3,1,1,31,6,3,0,0,0,0,-1,9,1
8221,87.48091658,25.76865105,1,3,2,2,4,13:54,15,E09000016,1,25,1,50,1,2,3,12,0,0,1,1,1,0,0,2,1,E01002296,01-06-2018,1,1,2,2,49,8,3,0,0,0,3,-1,11,1
8222,87.47809596,25.77381789,1,3,3,1,5,12:32,15,E09000016,3,118,6,30,3,4,5,0,0,0,1,1,1,0,0,1,1,E01002383,28-04-2018,1,1,2,2,90,11,3,0,0,0,3,-1,11,1
8223,87.49105071,25.77575363,1,3,2,1,7,06:15,15,E09000016,3,127,3,30,1,4,3,12,0,0,1,1,1,0,0,1,1,E01002383,28-05-2018,1,1,3,1,14,3,3,5,1,0,0,-1,0,1
8224,87.46473633,25.78936203,1,3,2,1,7,15:30,15,E09000016,3,12,3,30,0,-1,-1,0,0,0,1,1,1,0,0,1,2,E01002245,28-05-2018,1,1,3,1,-1,-1,3,10,9,0,0,-1,0,-1
8225,87.47405495,25.78841981,1,3,2,1,1,11:20,15,E09000016,4,174,6,30,6,4,6,0,0,0,1,1,1,0,0,1,1,E01002326,29-05-2018,2,1,1,2,24,5,3,0,0,0,0,-1,9,1
8226,87.48731036,25.76797372,1,3,2,1,1,20:50,15,E09000016,6,0,6,30,3,4,6,0,0,0,4,1,1,0,0,1,1,E01002302,05-06-2018,1,1,1,1,17,4,3,0,0,0,0,-1,9,1
8227,87.48898116,25.78611724,1,3,2,1,1,15:05,15,E09000016,3,124,6,30,8,2,6,0,0,0,1,1,1,0,0,1,1,E01002319,29-05-2018,1,2,2,1,17,4,3,0,0,1,0,-1,9,1
8228,87.45522365,25.7868004,1,3,2,1,5,08:52,15,E09000016,6,0,6,30,0,-1,-1,0,0,0,1,1,1,0,0,1,2,E01002369,09-06-2018,1,1,2,1,24,5,3,0,0,1,0,-1,9,1
8229,87.47772868,25.78637636,1,3,2,2,7,15:33,15,E09000016,6,0,6,30,3,4,6,0,0,0,1,1,1,0,0,1,1,E01002316,28-05-2018,1,1,3,2,11,3,3,5,1,0,0,-1,0,-1
8230,87.46503529,25.77913443,1,3,2,1,7,06:15,15,E09000016,4,174,6,30,0,-1,-1,0,0,0,1,1,1,0,0,1,1,E01002335,28-05-2018,1,1,1,2,18,4,3,0,0,0,0,-1,9,1
8231,87.46300378,25.76779278,1,3,1,1,4,08:36,15,E09000016,6,0,6,30,3,4,6,0,0,0,1,1,1,0,0,1,1,E01002281,08-06-2018,1,2,2,2,19,4,3,0,0,1,0,-1,9,-1
8232,87.47851872,25.79037196,1,3,2,1,2,09:50,15,E09000016,1,25,3,30,5,2,3,12,0,0,1,1,1,0,0,2,2,E01002296,23-05-2018,1,1,2,1,21,5,3,0,0,1,0,-1,9,1
8233,87.45481109,25.76927792,1,3,2,2,2,13:20,15,E09000016,3,124,6,30,3,4,6,0,0,0,1,2,2,0,0,1,1,E01002386,30-05-2018,1,1,1,2,54,8,3,0,0,0,0,-1,9,-1
8234,87.46397317,25.78396509,1,3,2,2,4,18:15,15,E09000016,5,0,6,30,3,4,5,0,0,0,1,2,2,0,0,2,1,E01002296,15-06-2018,1,1,1,2,20,4,3,0,0,0,0,-1,9,1
8235,87.48855425,25.78143823,1,3,2,1,1,18:25,15,E09000016,5,0,6,30,3,4,5,0,0,0,1,1,1,0,0,1,1,E01002366,29-05-2018,2,1,1,1,14,3,3,0,0,0,0,-1,1,-1
8236,87.47949967,25.78013543,1,3,2,1,1,21:27,15,E09000016,4,174,6,30,3,4,6,0,0,0,4,1,1,0,0,1,1,E01002327,29-05-2018,2,1,2,1,23,5,3,0,0,2,0,-1,9,1
8237,87.45866376,25.78688693,1,2,1,1,3,07:49,15,E09000016,5,0,6,30,3,4,6,0,0,0,1,1,1,0,0,1,1,E01002372,07-06-2018,1,1,3,1,12,3,3,5,3,0,0,-1,0,1
8238,87.49794295,25.77738202,1,2,2,1,4,16:08,15,E09000016,5,0,6,30,6,4,5,0,0,0,1,1,1,0,0,2,1,E01015924,08-06-2018,1,1,1,1,73,10,3,0,0,0,0,-1,9,1
8239,87.47666334,25.76664995,1,3,1,1,5,16:35,15,E09000016,3,124,6,30,3,2,3,124,0,5,1,1,1,0,0,1,1,E01002319,09-06-2018,1,1,2,1,11,3,3,0,0,1,0,-1,9,1
8240,87.46596884,25.77784027,1,3,2,1,2,09:10,15,E09000016,3,127,3,40,0,-1,-1,0,0,0,1,1,1,0,0,1,1,E01002383,23-05-2018,1,1,2,1,22,5,3,0,0,2,0,-1,9,1
8241,87.49901189,25.76858377,1,3,3,2,5,08:14,15,E09000016,3,12,3,30,0,-1,-1,0,0,0,1,1,1,0,0,1,1,E01002337,23-06-2018,2,2,1,2,48,8,3,0,0,0,0,-1,9,-1
8242,87.45490012,25.77580257,1,3,3,1,6,18:15,15,E09000016,1,25,3,70,0,-1,-1,0,0,0,1,1,1,0,0,2,1,E01002259,10-06-2018,1,1,1,1,48,8,3,0,0,0,0,-1,5,1
8243,87.47303843,25.76524108,1,3,2,2,4,17:30,15,E09000016,5,0,6,30,0,-1,-1,0,0,5,1,1,1,0,0,1,2,E01002339,15-06-2018,2,1,1,1,52,8,3,0,0,0,0,-1,5,1
8244,87.47674789,25.78031123,1,3,2,1,7,17:30,15,E09000016,3,127,3,30,1,2,1,25,0,0,1,1,1,0,0,2,2,E01002259,18-06-2018,1,1,3,1,67,10,2,8,9,0,0,-1,0,-1
8245,87.45825003,25.78308718,1,3,3,1,1,14:08,15,E09000016,3,118,6,30,0,-1,-1,0,0,0,1,1,1,0,0,1,1,E01002356,12-06-2018,1,1,1,2,56,9,3,0,0,0,0,-1,9,1
8246,87.46602841,25.77961448,1,3,1,1,2,18:05,15,E09000016,3,13,3,70,0,-1,-1,0,0,0,1,1,1,0,0,2,1,E01002344,13-06-2018,1,1,1,1,31,6,3,0,0,0,0,-1,9,-1
8247,87.49400716,25.78320868,1,3,2,2,2,07:25,15,E09000016,6,0,6,30,0,-1,-1,0,0,0,1,1,1,0,2,1,1,E01002293,13-06-2018,1,1,1,1,41,7,3,0,0,0,0,-1,9,1
8248,87.47470215,25.76634725,1,3,3,2,6,11:20,15,E09000016,1,25,3,70,0,-1,-1,0,0,0,1,1,1,0,0,2,1,E01002259,17-06-2018,1,1,3,1,2,1,2,5,1,0,0,-1,0,1
8249,87.48510134,25.7656696,1,3,2,1,1,22:20,15,E09000016,3,12,3,30,3,2,6,0,0,5,4,1,1,0,0,1,2,E01002245,19-06-2018,1,1,1,2,42,7,3,0,0,0,0,-1,9,1
8250,87.45803526,25.78151685,1,3,2,1,7,18:35,15,E09000016,4,1335,6,30,3,4,4,1335,0,0,1,1,1,0,0,1,1,E01002345,11-06-2018,1,1,1,2,29,6,3,0,0,0,0,-1,9,1
8251,87.45708403,25.7717297,1,3,3,1,5,14:23,15,E09000016,5,0,1,30,2,4,5,0,0,0,1,1,1,0,0,1,1,E01002312,23-06-2018,1,1,1,2,36,7,3,0,0,0,0,-1,9,1
8252,87.49900236,25.78238277,1,3,2,1,1,17:15,15,E09000016,3,12,1,30,1,4,3,127,0,0,1,1,1,0,0,1,1,E01002310,12-06-2018,1,2,2,2,-1,-1,3,0,0,1,0,-1,9,-1
8253,87.46931515,25.77035908,1,3,2,2,6,08:45,15,E09000016,5,0,6,30,3,4,6,0,0,1,1,1,1,0,0,1,1,E01002361,17-06-2018,1,1,1,1,25,5,3,0,0,0,0,-1,9,1
8254,87.49366564,25.76618234,1,3,1,1,6,13:22,15,E09000016,5,0,6,30,0,-1,-1,0,0,0,1,1,1,0,0,1,1,E01002282,17-06-2018,1,2,2,1,29,6,3,0,0,1,0,-1,9,-1
8255,87.45836356,25.79071838,1,3,2,1,7,09:55,15,E09000016,3,13,3,70,5,4,6,0,0,0,1,1,1,0,0,2,1,E01002370,18-06-2018,1,1,1,2,31,6,3,0,0,0,0,-1,9,1
8256,87.49049548,25.77408084,1,3,2,1,7,17:45,15,E09000016,5,0,1,30,2,4,5,0,0,0,1,1,1,0,0,1,1,E01002309,18-06-2018,1,1,1,1,54,8,3,0,0,0,0,-1,1,1
8257,87.45579628,25.76727439,1,3,2,1,7,13:30,15,E09000016,5,0,6,30,3,4,6,0,0,0,1,1,1,0,0,1,2,E01002361,18-06-2018,1,1,1,2,31,6,2,0,0,0,0,-1,9,1
8258,87.45885848,25.78099004,1,3,1,1,4,14:24,15,E09000016,5,0,1,30,1,4,6,0,0,0,1,1,1,0,0,1,2,E01002249,22-06-2018,2,2,1,2,58,9,3,0,0,0,0,-1,9,1
8259,87.48022171,25.7689268,1,3,2,1,1,14:12,15,E09000016,3,118,6,30,6,4,6,0,0,0,1,1,1,0,0,1,1,E01002354,05-06-2018,1,1,2,2,73,10,3,0,0,1,0,-1,9,1
8260,87.49480922,25.7781465,1,3,2,1,2,16:28,15,E09000016,3,118,6,30,8,4,6,0,0,0,1,1,1,0,0,1,1,E01002247,20-06-2018,1,1,2,2,73,10,3,0,0,0,3,-1,11,1
8261,87.46356055,25.76636436,1,2,1,1,3,01:37,15,E09000016,3,12,3,50,0,-1,-1,0,0,0,4,1,1,0,0,1,1,E01002334,21-06-2018,1,1,1,1,31,6,3,0,0,0,0,-1,9,1
8262,87.48193185,25.78558675,1,3,2,2,3,17:10,15,E09000016,5,0,6,30,3,4,6,0,0,0,1,1,1,0,0,1,1,E01002300,21-06-2018,1,1,1,1,26,6,3,0,0,0,0,-1,5,-1
8263,87.48734462,25.76941276,1,3,2,1,4,18:24,15,E09000016,3,124,6,30,6,4,6,0,0,0,1,1,1,0,0,1,1,E01002291,22-06-2018,2,1,1,1,41,7,3,0,0,0,0,-1,19,2
8264,87.48908505,25.76519206,1,3,1,2,4,11:00,15,E09000016,6,0,6,30,0,-1,-1,0,0,0,1,1,1,0,0,1,2,E01002254,22-06-2018,1,1,3,2,13,3,3,6,9,0,0,-1,0,1
8265,87.46710957,25.77574537,1,3,2,1,5,12:55,15,E09000016,5,0,6,30,3,4,6,0,0,0,1,1,1,0,0,1,1,E01002280,23-06-2018,1,1,3,1,24,5,2,9,5,0,0,-1,0,-1
8266,87.45961124,25.77750017,1,3,3,1,6,20:10,15,E09000016,5,0,6,30,0,-1,-1,0,0,0,4,1,1,0,0,1,2,E01002257,24-06-2018,1,1,1,1,37,7,3,0,0,0,0,-1,11,1
8267,87.48495237,25.78789081,1,3,1,1,7,18:07,15,E09000016,3,124,6,30,0,-1,-1,0,0,0,1,1,1,0,0,1,1,E01002291,25-06-2018,1,1,1,2,20,4,3,0,0,0,0,-1,9,2
8268,87.48198867,25.77545511,1,3,1,1,5,10:40,15,E09000016,4,174,6,30,3,4,6,0,0,0,1,1,1,0,0,1,1,E01002327,23-06-2018,2,2,1,2,29,6,3,0,0,0,0,-1,9,1
8269,87.45219754,25.7657393,1,3,1,1,7,12:45,15,E09000016,5,0,3,50,6,2,3,12,0,5,1,1,1,1,0,1,1,E01002244,21-05-2018,1,1,3,1,18,4,3,5,1,0,0,-1,0,1
8270,87.46618915,25.78474394,1,3,3,1,6,08:25,15,E09000016,5,0,6,30,0,-1,-1,0,0,0,1,1,1,0,0,1,1,E01002257,24-06-2018,1,1,2,2,83,11,3,0,0,1,0,-1,9,1
8271,87.48622863,25.77718222,1,3,2,2,5,09:09,15,E09000016,5,0,1,30,2,4,5,0,0,0,1,2,2,0,0,1,1,E01002274,30-06-2018,1,2,1,2,21,5,3,0,0,0,0,-1,9,1
8272,87.48450439,25.77767252,1,3,2,2,5,09:35,15,E09000016,3,13,3,70,0,-1,-1,0,0,0,1,2,2,0,0,2,1,E01002344,30-06-2018,1,1,1,1,-1,-1,3,0,0,0,0,-1,1,1
8273,87.45633522,25.79246852,1,3,2,3,5,08:44,15,E09000016,6,0,6,30,6,4,6,0,0,0,1,1,1,0,0,1,1,E01002371,30-06-2018,1,1,1,1,57,9,3,0,0,0,0,-1,9,1
8274,87.4894453,25.77470152,1,3,1,1,6,07:37,15,E09000016,3,125,6,30,3,4,6,0,0,0,1,1,1,0,0,1,1,E01002373,01-07-2018,1,1,1,2,25,5,3,0,0,0,0,-1,9,1
8275,87.47880606,25.77865625,1,3,2,1,6,15:30,15,E09000016,3,124,6,30,0,-1,-1,0,0,0,1,1,1,0,0,1,2,E01002360,01-07-2018,1,1,1,2,42,7,3,0,0,0,0,-1,9,1
8276,87.4823959,25.78871105,1,3,2,1,1,13:38,15,E09000016,5,0,6,30,0,-1,-1,0,0,0,1,1,1,0,0,1,1,E01002269,03-07-2018,1,1,1,1,56,9,3,0,0,0,0,-1,1,1
8277,87.48619682,25.77443013,1,3,3,2,4,09:33,15,E09000016,3,118,6,30,3,4,6,0,0,0,1,1,1,0,0,1,1,E01002250,29-06-2018,1,1,1,2,50,8,3,0,0,0,0,-1,9,1
8278,87.47866901,25.76564172,1,3,2,3,6,11:42,15,E09000016,5,0,6,30,8,4,6,0,0,0,1,1,1,0,0,1,1,E01002358,01-07-2018,1,1,1,2,36,7,3,0,0,0,0,-1,9,1
8279,87.4555641,25.77083112,1,3,2,1,2,16:20,15,E09000016,5,0,6,30,3,4,6,0,0,0,1,1,1,0,0,1,1,E01002317,04-07-2018,1,1,1,1,38,7,3,0,0,0,0,-1,19,1
8280,87.46878903,25.7670792,1,3,1,1,7,23:35,15,E09000016,4,186,6,30,0,-1,-1,0,0,0,4,1,1,0,0,2,1,E01002391,02-07-2018,1,1,3,1,29,6,3,6,9,0,0,-1,0,1
8281,87.4586967,25.79224346,1,3,2,1,3,17:05,15,E09000016,5,0,6,30,3,4,6,0,0,0,1,1,1,0,0,1,2,E01002343,05-07-2018,1,1,1,1,33,6,3,0,0,0,0,-1,9,1
8282,87.46766287,25.78508256,1,3,2,1,7,15:15,15,E09000016,5,0,6,30,3,4,6,0,0,0,1,1,1,0,0,1,1,E01002274,02-07-2018,1,1,1,1,23,5,3,0,0,0,0,-1,9,1
8283,87.45919607,25.77503141,1,3,2,2,1,22:18,15,E09000016,3,1306,3,30,3,2,5,0,0,0,4,1,1,4,0,1,1,E01002368,03-07-2018,2,1,1,1,24,5,3,0,0,0,0,-1,1,1
8284,87.46054619,25.78484448,1,3,2,1,5,16:20,15,E09000016,3,127,3,30,3,4,6,0,0,0,1,1,1,0,0,1,2,E01002378,07-07-2018,1,1,1,2,38,7,3,0,0,0,0,-1,9,-1
8285,87.4980469,25.79058438,1,3,1,1,3,17:18,15,E09000016,6,0,6,30,0,-1,-1,0,0,0,1,1,1,0,0,1,1,E01002301,28-06-2018,1,1,1,1,78,11,3,0,0,0,0,-1,9,1
8286,87.48615617,25.77399926,1,3,2,1,7,19:30,15,E09000016,3,124,6,30,0,-1,-1,0,0,0,1,1,1,0,0,1,2,E01002320,09-07-2018,2,1,1,2,37,7,3,0,0,0,0,-1,1,1
8287,87.4705826,25.76515494,1,3,2,1,5,17:48,15,E09000016,4,187,1,30,1,4,6,0,0,0,1,1,1,0,0,1,1,E01002391,07-07-2018,1,1,2,2,9,2,3,0,0,2,0,-1,9,-1
8288,87.45273903,25.77509694,1,3,2,2,1,01:54,15,E09000016,5,0,6,30,6,2,5,0,0,5,4,1,1,0,0,1,1,E01002358,10-07-2018,2,1,1,1,-1,-1,3,0,0,0,0,-1,4,1
8289,87.46437846,25.79021895,1,3,1,1,1,12:40,15,E09000016,6,0,6,30,0,-1,-1,0,0,0,1,1,1,0,0,1,1,E01002341,10-07-2018,1,1,1,1,20,4,3,0,0,0,0,-1,9,1
8290,87.46138895,25.76981201,1,3,2,2,1,14:18,15,E09000016,5,0,3,50,3,2,3,12,0,5,1,1,1,0,0,1,1,E01002283,10-07-2018,1,1,1,2,23,5,3,0,0,0,0,-1,9,1
8291,87.48787954,25.79051024,1,3,3,1,1,13:16,15,E09000016,1,25,3,70,0,-1,-1,0,0,0,1,1,1,0,0,2,1,E01002276,03-07-2018,1,1,1,1,34,6,3,0,0,0,0,-1,19,1
8292,87.45890948,25.7917528,1,3,1,2,3,18:52,15,E09000016,5,0,6,30,3,4,6,0,0,0,1,1,1,0,0,1,1,E01002353,12-07-2018,1,1,1,1,24,5,3,0,0,0,0,-1,9,1
8293,87.48529787,25.7776694,1,3,2,3,5,18:50,15,E09000016,3,125,6,30,3,4,6,0,0,0,1,1,1,0,0,1,1,E01002373,14-07-2018,2,2,1,2,39,7,3,0,0,0,0,-1,9,1
8294,87.46009407,25.76462852,1,3,1,1,5,22:50,15,E09000016,3,118,2,30,0,-1,-1,0,0,0,4,1,1,0,0,1,1,E01002356,14-07-2018,2,3,2,2,4,1,3,0,0,2,0,-1,9,1
8295,87.46411773,25.79195801,1,3,2,1,2,11:25,15,E09000016,1,25,6,30,0,-1,-1,0,0,0,1,1,1,0,0,2,2,E01002277,11-07-2018,1,1,3,1,47,8,3,4,9,0,0,-1,0,-1
8296,87.46167937,25.7675811,1,3,2,1,4,19:03,15,E09000016,4,1335,1,30,1,4,6,0,0,0,1,1,1,0,0,1,1,E01002345,13-07-2018,1,1,3,2,26,6,3,5,1,0,0,-1,0,1
8297,87.45894499,25.7740681,1,3,2,1,2,22:30,15,E09000016,3,1306,6,30,6,4,5,0,0,0,4,1,1,0,0,2,1,E01002344,18-07-2018,1,1,1,1,19,4,3,0,0,0,0,-1,9,1
8298,87.45446097,25.78737241,1,3,2,1,5,14:30,15,E09000016,1,25,3,70,5,4,6,0,0,0,1,1,1,0,0,2,1,E01002259,14-07-2018,1,2,2,1,17,4,3,0,0,1,0,-1,9,-1
8299,87.47970372,25.77040211,1,3,2,1,5,08:45,15,E09000016,1,25,3,70,0,-1,-1,0,0,0,1,1,1,0,0,2,2,E01002259,14-07-2018,1,1,1,1,29,6,3,0,0,0,0,-1,9,1
8300,87.48297737,25.78606248,1,3,2,1,3,19:38,15,E09000016,6,0,6,30,6,4,6,0,0,0,1,1,1,0,0,1,1,E01002339,19-07-2018,2,2,1,1,37,7,3,0,0,0,0,-1,9,1
8301,87.47436351,25.7902534,1,3,2,1,3,13:30,15,E09000016,3,118,6,30,3,4,6,0,0,0,1,1,1,4,0,1,1,E01002357,19-07-2018,1,1,3,1,41,7,3,5,1,0,0,-1,0,1
8302,87.45251459,25.7749213,1,2,2,1,6,09:15,15,E09000016,3,127,3,50,0,-1,-1,0,0,0,1,1,1,0,0,1,2,E01002378,15-07-2018,1,1,1,2,47,8,3,0,0,0,0,-1,9,-1
8303,87.48893895,25.7715358,1,3,3,1,7,10:58,15,E09000016,3,124,6,40,3,4,6,0,0,0,1,1,1,0,0,1,1,E01002321,16-07-2018,1,2,2,2,28,6,3,0,0,1,0,-1,9,1
8304,87.4954828,25.79192916,1,3,2,1,7,10:00,15,E09000016,3,118,1,30,1,4,6,0,0,0,1,1,1,0,0,1,1,E01002243,16-07-2018,1,1,1,2,77,11,3,0,0,0,0,-1,9,1
8305,87.48240374,25.76614325,1,3,2,1,2,22:50,15,E09000016,5,0,6,30,0,-1,-1,0,0,0,4,1,1,0,0,1,1,E01002356,15-08-2018,2,2,1,1,63,9,3,0,0,0,0,-1,9,1
8306,87.47467321,25.76654684,1,3,2,1,3,15:20,15,E09000016,3,124,2,30,0,-1,-1,0,0,0,1,1,1,0,0,1,2,E01002319,19-07-2018,1,1,1,1,44,7,3,0,0,0,0,-1,5,-1
8307,87.4941147,25.78099211,1,2,3,4,3,20:23,15,E09000016,3,13,3,70,0,-1,-1,0,0,0,1,1,1,0,0,2,1,E01002344,26-07-2018,1,1,1,1,74,10,3,0,0,0,0,-1,21,3
8308,87.48208996,25.76544347,1,3,2,1,5,11:39,15,E09000016,6,0,3,30,3,2,3,125,0,5,1,1,1,0,0,1,1,E01002245,19-05-2018,2,1,1,1,30,6,3,0,0,0,0,-1,9,1
8309,87.48129421,25.79034094,1,3,2,1,6,06:00,15,E09000016,3,12,3,30,6,2,3,125,0,0,1,1,1,0,0,1,1,E01002340,03-06-2018,1,1,3,1,25,5,2,5,3,0,0,-1,0,-1