Accident_Index,longitude,latitude,Police_Force,Accident_Severity,Number_of_Vehicles,Number_of_Casualties,Day_of_Week,Time,Local_Authority_(District),Local_Authority_(Highway),1st_Road_Class,1st_Road_Number,Road_Type,Speed_limit,Junction_Detail,Junction_Control,2nd_Road_Class,2nd_Road_Number,Pedestrian_Crossing-Human_Control,Pedestrian_Crossing-Physical_Facilities,Light_Conditions,Weather_Conditions,Road_Surface_Conditions,Special_Conditions_at_Site,Carriageway_Hazards,Urban_or_Rural_Area,Did_Police_Officer_Attend_Scene_of_Accident,LSOA_of_Accident_Location,Date,Vehicle_Reference,Casualty_Reference,Casualty_Class,Sex_of_Casualty,Age_of_Casualty,Age_Band_of_Casualty,Casualty_Severity,Pedestrian_Location,Pedestrian_Movement,Car_Passenger,Bus_or_Coach_Passenger,Pedestrian_Road_Maintenance_Worker,Casualty_Type,Casualty_Home_Area_Type
8310,87.49556161,25.76796977,1,3,1,1,3,16:23,15,E09000016,5,0,6,30,0,-1,-1,0,0,0,1,1,1,0,0,1,1,E01002356,19-07-2018,1,1,1,1,30,6,3,0,0,0,0,-1,9,1
8311,87.47545433,25.78930914,1,2,2,1,5,14:04,15,E09000016,5,0,3,30,6,2,5,0,0,5,1,1,1,0,0,1,1,E01002358,07-07-2018,1,1,1,2,77,11,3,0,0,0,0,-1,9,-1
8312,87.45221893,25.77676629,1,3,1,1,4,13:50,15,E09000016,6,0,6,30,3,4,6,0,0,0,1,1,1,0,0,1,1,E01002266,20-07-2018,1,1,1,1,30,6,3,0,0,0,0,-1,9,1
8313,87.46009983,25.77920967,1,3,1,1,4,10:30,15,E09000016,4,1421,6,30,3,4,6,0,0,0,1,1,1,4,0,2,1,E01002385,20-07-2018,1,1,1,2,36,7,3,0,0,0,0,-1,9,1
8314,87.45161586,25.78014141,1,3,1,1,6,13:15,15,E09000016,6,0,6,30,8,4,6,0,0,0,1,1,1,0,0,1,2,E01002356,29-07-2018,1,1,1,1,50,8,3,0,0,0,0,-1,21,1
8315,87.47419326,25.790942,1,3,2,1,4,11:40,15,E09000016,3,118,6,30,3,2,3,118,0,5,1,1,1,0,0,1,1,E01002337,20-07-2018,1,1,1,1,29,6,3,0,0,0,0,-1,9,1
8316,87.46093714,25.77965462,1,3,2,1,1,13:30,15,E09000016,4,174,6,30,3,4,5,0,0,1,1,1,1,0,0,1,2,E01002325,03-07-2018,1,2,2,2,-1,-1,3,0,0,1,0,-1,9,-1
8317,87.49855734,25.77368296,1,3,1,1,4,07:46,15,E09000016,4,1335,6,30,0,-1,-1,0,0,0,1,1,1,0,0,1,1,E01002345,20-07-2018,1,1,1,1,57,9,3,0,0,0,0,-1,9,-1
8318,87.48781025,25.77555588,1,3,1,1,5,18:25,15,E09000016,4,1335,6,30,0,-1,-1,0,0,1,1,1,1,0,0,1,1,E01002345,21-07-2018,2,1,1,2,40,7,3,0,0,0,0,-1,9,1
8319,87.49427932,25.78632366,1,2,1,1,6,14:50,15,E09000016,3,12,3,50,0,-1,-1,0,0,0,1,1,1,0,0,1,1,E01002244,22-07-2018,1,1,1,2,39,7,3,0,0,0,0,-1,9,1
8320,87.45199155,25.78443833,1,2,2,1,4,07:35,15,E09000016,3,12,3,70,3,4,6,0,0,0,1,2,2,0,0,1,1,E01002328,27-07-2018,1,1,1,1,56,9,3,0,0,0,0,-1,9,1
8321,87.45179191,25.76400536,1,3,2,1,1,14:20,15,E09000016,3,1306,6,30,3,4,4,1335,0,0,1,1,1,0,0,2,1,E01002344,24-07-2018,1,1,1,2,41,7,3,0,0,0,0,-1,9,1
8322,87.49154389,25.7637261,1,3,1,1,6,15:30,15,E09000016,3,124,6,30,0,-1,-1,0,0,4,1,1,1,0,0,1,1,E01002361,22-07-2018,1,1,3,2,-1,-1,3,5,1,0,0,-1,0,1
8323,87.48779832,25.78283706,1,3,1,1,5,16:12,15,E09000016,3,118,6,30,3,4,6,0,0,0,1,1,1,0,0,1,1,E01002250,28-07-2018,1,2,2,2,46,8,3,0,0,1,0,-1,9,-1
8324,87.48899968,25.79057272,1,3,1,1,5,15:15,15,E09000016,5,0,6,30,3,4,6,0,0,0,1,1,1,0,0,1,1,E01002269,28-07-2018,2,1,2,2,27,6,3,0,0,2,0,-1,9,1
8325,87.48765719,25.78269235,1,3,2,1,4,22:54,15,E09000016,5,0,6,30,0,-1,-1,0,0,1,4,1,1,0,0,1,1,E01002356,03-08-2018,1,1,2,1,23,5,3,0,0,1,0,-1,9,1
8326,87.49497553,25.78335981,1,2,1,1,5,21:20,15,E09000016,3,124,6,30,0,-1,-1,0,0,0,4,1,1,0,0,1,1,E01002361,19-05-2018,1,1,1,2,40,7,3,0,0,0,0,-1,9,1
8327,87.49407119,25.78765954,1,3,1,1,1,23:32,15,E09000016,5,0,6,30,3,4,6,0,0,0,4,1,1,0,0,1,1,E01002300,31-07-2018,1,1,1,1,45,7,3,0,0,0,0,-1,9,1
8328,87.49218097,25.77121559,1,3,2,1,4,18:30,15,E09000016,6,0,6,30,8,4,3,124,0,0,1,1,1,0,0,1,2,E01002321,10-08-2018,1,1,3,2,24,5,3,1,3,0,0,-1,0,-1
8329,87.46288041,25.78365418,1,3,1,1,5,00:27,15,E09000016,3,12,3,50,3,4,3,127,0,4,4,1,1,0,0,1,1,E01002310,21-07-2018,1,1,3,2,27,6,2,5,3,0,0,-1,0,-1
8330,87.4679851,25.77356972,1,3,3,1,2,11:50,15,E09000016,1,25,3,70,0,-1,-1,0,0,0,1,1,1,0,0,2,1,E01002259,01-08-2018,1,1,1,1,37,7,3,0,0,0,0,-1,9,1
8331,87.47295637,25.79162592,1,3,2,1,7,16:52,15,E09000016,3,12,3,30,1,4,3,127,0,0,1,1,1,0,0,1,1,E01002293,30-07-2018,1,1,1,2,38,7,3,0,0,0,0,-1,9,-1
8332,87.46368463,25.7698674,1,3,2,1,4,10:15,15,E09000016,3,125,6,30,3,4,6,0,0,0,1,1,1,0,0,1,1,E01002260,27-07-2018,1,1,1,2,42,7,3,0,0,0,0,-1,9,1
8333,87.45944852,25.78848366,1,3,2,1,1,07:52,15,E09000016,3,12,6,30,6,4,6,0,0,0,1,1,1,0,0,1,1,E01002245,24-07-2018,1,1,2,2,35,6,3,0,0,1,0,-1,9,-1
8334,87.4863983,25.77041329,1,3,2,2,1,19:00,15,E09000016,3,118,6,30,0,-1,-1,0,0,0,4,1,1,0,0,1,2,E01002379,21-08-2018,1,1,3,1,49,8,3,5,1,0,0,-1,0,-1
8335,87.46804933,25.77936899,1,2,1,1,1,17:40,15,E09000016,6,0,6,30,3,4,6,0,0,0,1,1,1,0,0,1,1,E01002290,24-07-2018,2,1,1,1,43,7,3,0,0,0,0,-1,5,1
8336,87.45560344,25.77323533,1,3,4,2,2,15:45,15,E09000016,1,25,3,70,0,-1,-1,0,0,0,1,1,1,0,0,2,1,E01002385,25-07-2018,1,1,1,2,27,6,3,0,0,0,0,-1,9,1
8337,87.47400121,25.76867887,1,3,2,1,7,13:30,15,E09000016,3,127,6,30,3,4,6,0,0,0,1,1,1,0,0,1,1,E01002377,13-08-2018,1,1,1,1,41,7,3,0,0,0,0,-1,9,1
8338,87.47818103,25.76982994,1,3,2,1,3,09:15,15,E09000016,6,0,6,30,3,4,6,0,0,0,1,1,1,0,0,1,1,E01002284,26-07-2018,2,1,1,1,76,11,3,0,0,0,0,-1,9,1
8339,87.46675381,25.76606402,1,3,2,1,7,17:00,15,E09000016,4,1421,6,30,0,-1,-1,0,0,0,1,1,1,0,0,1,2,E01002386,30-07-2018,2,1,1,2,55,8,3,0,0,0,0,-1,9,-1
8340,87.49111351,25.78549269,1,3,2,2,7,21:50,15,E09000016,3,12,6,30,1,4,3,12,0,0,1,1,1,0,0,1,1,E01002337,30-07-2018,2,1,1,1,-1,-1,3,0,0,0,0,-1,9,-1
8341,87.49433312,25.78369251,1,3,2,2,3,11:57,15,E09000016,3,12,6,40,6,2,4,174,0,5,1,1,1,0,0,1,1,E01002338,02-08-2018,3,2,1,1,45,7,3,0,0,0,0,-1,9,1
8342,87.472782,25.78436696,1,3,2,1,5,14:56,15,E09000016,6,0,6,30,8,4,6,0,0,0,1,1,1,0,0,1,1,E01002271,04-08-2018,1,1,1,2,28,6,3,0,0,0,0,-1,9,1
8343,87.46155944,25.77785903,1,3,1,1,1,14:15,15,E09000016,5,0,6,30,0,-1,-1,0,0,0,1,1,1,0,0,1,1,E01002283,07-08-2018,2,2,1,1,35,6,3,0,0,0,0,-1,19,1
8344,87.48017018,25.78957559,1,2,2,1,2,15:00,15,E09000016,3,124,6,30,3,4,6,0,0,0,1,1,1,0,0,1,1,E01002362,29-08-2018,1,1,3,2,15,3,3,5,2,0,0,-1,0,1
8345,87.45939643,25.77544147,1,3,2,2,7,14:44,15,E09000016,3,124,6,30,3,4,6,0,0,0,1,1,1,0,0,1,1,E01002321,06-08-2018,1,1,3,1,25,5,3,5,2,0,0,-1,0,-1
8346,87.46886002,25.76605141,1,2,1,1,3,17:30,15,E09000016,5,0,3,40,1,4,5,0,0,0,1,1,1,0,0,1,1,E01002357,30-08-2018,1,1,2,1,-1,-1,3,0,0,1,0,-1,9,-1
8347,87.48504395,25.77777487,1,2,2,3,2,13:30,15,E09000016,3,124,6,30,3,4,6,0,0,0,1,1,1,0,0,1,1,E01002251,08-08-2018,1,1,1,1,58,9,3,0,0,0,0,-1,9,1
8348,87.49337097,25.77674815,1,3,2,1,5,12:45,15,E09000016,4,186,6,30,3,4,4,1421,0,0,1,1,1,0,0,2,2,E01002385,11-08-2018,1,2,2,2,-1,-1,3,0,0,1,0,-1,9,1
8349,87.46381009,25.78095479,1,3,1,1,6,23:11,15,E09000016,3,124,6,30,0,-1,-1,0,0,0,4,1,1,0,0,1,1,E01002289,05-08-2018,1,3,2,2,-1,-1,3,0,0,2,0,-1,9,1
8350,87.49358141,25.78801913,1,2,3,1,4,21:56,15,E09000016,3,124,6,30,3,4,6,0,0,0,4,1,1,0,0,1,1,E01002251,07-09-2018,1,1,1,2,33,6,3,0,0,0,0,-1,9,1
8351,87.47420395,25.76384337,1,3,2,2,2,13:03,15,E09000016,6,0,6,30,8,4,6,0,0,0,1,1,1,0,0,1,1,E01002361,15-08-2018,1,1,1,2,52,8,3,0,0,0,0,-1,9,1
8352,87.47564738,25.78287881,1,3,2,1,3,09:50,15,E09000016,1,25,3,70,5,4,3,127,0,0,1,1,1,0,0,2,2,E01002252,16-08-2018,1,1,1,1,41,7,3,0,0,0,0,-1,9,1
8353,87.45650343,25.77196008,1,2,2,1,2,13:35,15,E09000016,1,25,3,70,0,-1,-1,0,0,0,1,1,1,0,0,2,1,E01002259,15-08-2018,1,1,1,2,35,6,3,0,0,0,0,-1,9,1
8354,87.45988587,25.77153656,1,3,2,1,2,09:50,15,E09000016,3,12,3,50,8,4,5,0,0,0,1,1,1,0,0,1,1,E01002296,01-08-2018,1,2,2,1,-1,-1,3,0,0,1,0,-1,9,1
8355,87.49340642,25.78560785,1,3,2,1,4,12:30,15,E09000016,5,0,6,30,3,4,6,0,0,0,1,1,1,0,0,1,2,E01002352,03-08-2018,2,1,1,1,32,6,3,0,0,0,0,-1,1,1
8356,87.46053017,25.78307399,1,3,1,1,6,14:00,15,E09000016,5,0,6,30,6,2,3,127,0,5,1,1,1,0,0,1,2,E01002377,05-08-2018,1,1,3,1,14,3,3,5,1,0,0,-1,0,1
8357,87.47009359,25.77836652,1,3,2,1,6,10:40,15,E09000016,3,12,3,30,7,2,5,0,0,5,1,1,1,0,0,1,2,E01002329,05-08-2018,1,1,1,1,60,9,3,0,0,0,0,-1,9,-1
8358,87.48203982,25.79062395,1,3,1,1,6,13:30,15,E09000016,5,0,6,30,0,-1,-1,0,0,1,1,1,1,0,0,1,1,E01002350,05-08-2018,2,1,1,1,-1,-1,3,0,0,0,0,-1,1,1
8359,87.47150354,25.78942501,1,3,2,1,1,15:30,15,E09000016,6,0,6,30,3,4,6,0,0,0,1,1,1,0,0,1,1,E01002290,07-08-2018,1,1,1,1,49,8,3,0,0,0,0,-1,2,1
8360,87.49049799,25.76651369,1,3,2,2,2,17:25,15,E09000016,6,0,6,30,3,4,6,0,0,0,1,1,1,0,0,1,1,E01002370,08-08-2018,1,1,1,1,66,10,3,0,0,0,0,-1,9,1
8361,87.4766525,25.7712181,1,3,2,2,4,20:10,15,E09000016,3,125,6,30,6,2,3,12,0,0,4,1,1,0,0,1,1,E01002338,10-08-2018,1,1,1,1,24,5,3,0,0,0,0,-1,9,1
8362,87.49216425,25.7718922,1,3,2,1,2,17:39,15,E09000016,5,0,6,30,3,4,6,0,0,0,1,2,2,0,0,1,1,E01002339,22-08-2018,1,1,1,1,39,7,3,0,0,0,0,-1,1,1
8363,87.45273606,25.76948356,1,3,2,1,6,18:19,15,E09000016,3,127,3,50,3,4,6,0,0,0,1,1,1,0,0,2,1,E01002296,27-05-2018,1,1,1,2,20,4,3,0,0,0,0,-1,9,1
8364,87.47547989,25.78960753,1,3,2,1,7,17:25,15,E09000016,5,0,6,30,3,4,6,0,0,0,1,2,2,0,0,1,1,E01002287,13-08-2018,2,2,1,2,60,9,3,0,0,0,0,-1,9,1
8365,87.45363584,25.77424418,1,3,2,3,4,12:26,15,E09000016,5,0,6,30,3,4,6,0,0,0,1,1,1,0,0,1,1,E01002244,17-08-2018,2,1,1,1,21,5,3,0,0,0,0,-1,3,1
8366,87.46197257,25.77796343,1,3,2,1,5,06:30,15,E09000016,1,25,3,70,1,4,3,127,0,0,1,1,1,0,0,2,1,E01002252,28-07-2018,1,1,1,1,32,6,3,0,0,0,0,-1,9,1
8367,87.46260068,25.78817126,1,3,2,4,3,22:35,15,E09000016,5,0,3,60,3,4,6,0,0,0,4,1,1,0,0,2,1,E01002296,16-08-2018,2,1,2,2,9,2,3,0,0,1,0,-1,9,1
8368,87.48860584,25.77694309,1,3,2,1,3,14:34,15,E09000016,6,0,6,30,0,-1,-1,0,0,0,1,1,1,0,0,1,1,E01002294,16-08-2018,1,1,1,1,49,8,3,0,0,0,0,-1,9,1
8369,87.4912079,25.77031735,1,2,2,1,3,13:14,15,E09000016,3,12,1,50,1,4,3,127,0,0,1,1,1,0,0,1,1,E01002310,30-08-2018,2,2,1,1,43,7,3,0,0,0,0,-1,5,-1
8370,87.49244715,25.7881945,1,3,2,1,3,20:09,15,E09000016,3,124,6,30,3,4,6,0,0,0,1,1,1,0,0,1,1,E01002251,30-08-2018,1,1,1,2,40,7,3,0,0,0,0,-1,9,1
8371,87.48471889,25.78046687,1,3,2,1,4,18:20,15,E09000016,3,13,3,70,5,4,3,1306,0,0,1,1,1,0,0,2,1,E01002344,17-08-2018,1,1,1,2,44,7,3,0,0,0,0,-1,9,1
8372,87.46211521,25.77051282,1,3,1,1,5,14:48,15,E09000016,5,0,1,30,1,4,5,0,0,0,1,2,2,0,0,1,1,E01002379,25-08-2018,1,2,2,2,-1,-1,3,0,0,1,0,-1,9,1
8373,87.49321118,25.78109816,1,3,2,1,6,18:30,15,E09000016,3,12,3,60,0,-1,-1,0,0,0,1,1,1,0,0,2,1,E01002311,19-08-2018,2,1,1,2,24,5,3,0,0,0,0,-1,9,1
8374,87.48551297,25.77863449,1,3,3,1,6,15:37,15,E09000016,3,124,6,30,0,-1,-1,0,0,0,1,2,2,0,0,1,1,E01002321,19-08-2018,1,1,2,2,16,4,3,0,0,2,0,-1,9,1
8375,87.47884507,25.76469754,1,3,2,2,2,20:38,15,E09000016,6,0,6,30,8,4,3,125,0,0,1,2,2,0,0,1,1,E01002243,22-08-2018,1,2,2,1,17,4,3,0,0,1,0,-1,9,1
8376,87.49773514,25.77000259,1,3,2,1,2,23:17,15,E09000016,4,175,6,30,3,4,6,0,0,0,4,2,2,0,0,1,1,E01002304,22-08-2018,2,1,1,1,20,4,3,0,0,0,0,-1,1,1
8377,87.45623532,25.77904025,1,3,1,1,2,03:15,15,E09000016,3,13,3,50,5,4,5,0,0,0,4,1,1,0,0,2,1,E01002344,22-08-2018,1,1,3,2,12,3,2,5,2,0,0,-1,0,1
8378,87.48989462,25.77669263,1,3,2,2,3,10:00,15,E09000016,6,0,6,30,3,4,3,124,0,4,1,2,2,0,0,1,1,E01002321,23-08-2018,1,1,1,2,50,8,3,0,0,0,0,-1,9,1
8379,87.47994221,25.77661282,1,3,1,1,3,02:28,15,E09000016,4,175,6,30,0,-1,-1,0,0,0,4,1,2,0,0,1,1,E01002304,23-08-2018,1,1,2,2,73,10,3,0,0,1,0,-1,9,1
8380,87.46003438,25.77755161,1,3,2,1,6,17:20,15,E09000016,5,0,6,30,8,4,6,0,0,0,1,1,1,0,0,1,1,E01002379,26-08-2018,2,2,1,2,-1,-1,3,0,0,0,0,-1,9,-1
8381,87.46651979,25.78496345,1,2,1,1,5,09:50,15,E09000016,5,0,3,50,0,-1,-1,0,0,1,1,1,1,0,0,1,1,E01002357,25-08-2018,1,1,3,1,15,3,3,5,3,0,0,-1,0,-1
8382,87.49100503,25.76571284,1,2,1,1,6,02:16,15,E09000016,6,0,6,30,3,4,3,118,0,0,4,1,1,0,0,1,1,E01002246,26-08-2018,1,1,1,1,29,6,3,0,0,0,0,-1,19,1
8383,87.46973544,25.78646542,1,3,2,3,5,21:30,15,E09000016,3,12,1,30,1,4,3,127,0,0,4,1,1,0,0,1,1,E01002383,01-09-2018,1,1,3,2,-1,-1,3,5,1,0,0,-1,0,-1
8384,87.46489615,25.78384738,1,3,2,1,2,12:17,15,E09000016,5,0,6,30,3,4,6,0,0,0,1,1,1,0,0,1,1,E01002339,05-09-2018,1,1,1,2,18,4,3,0,0,0,0,-1,9,1
8385,87.48082076,25.7697538,1,3,2,1,2,19:20,15,E09000016,6,0,6,30,3,4,6,0,0,0,1,1,1,0,0,1,1,E01002282,05-09-2018,1,1,1,1,46,8,3,0,0,0,0,-1,90,-1
8386,87.46632061,25.77374055,1,3,3,1,3,17:55,15,E09000016,5,0,6,30,3,4,6,0,0,0,1,1,1,0,0,2,2,E01002385,06-09-2018,2,1,1,1,-1,-1,3,0,0,0,0,-1,8,1
8387,87.45805758,25.77853549,1,2,2,1,1,14:15,15,E09000016,5,0,6,30,3,4,6,0,0,0,1,1,1,0,0,1,1,E01002284,28-08-2018,1,1,2,2,2,1,3,0,0,0,0,-1,19,1
8388,87.4671762,25.77490619,1,3,2,1,7,11:15,15,E09000016,3,12,1,30,1,4,3,127,0,0,1,1,1,0,0,1,2,E01002310,13-08-2018,3,2,2,2,55,8,3,0,0,2,0,-1,9,1
8389,87.48916607,25.7634887,1,3,2,2,7,02:20,15,E09000016,3,127,3,50,0,-1,-1,0,0,0,4,1,1,0,3,1,1,E01002378,13-08-2018,1,1,1,1,40,7,3,0,0,0,0,-1,9,1
8390,87.49785145,25.77831699,1,3,2,1,4,17:15,15,E09000016,5,0,3,40,3,2,3,118,0,5,1,1,1,0,0,1,2,E01002383,31-08-2018,1,3,2,2,32,6,3,0,0,1,0,-1,9,1
8391,87.46831437,25.77605062,1,3,2,1,7,07:40,15,E09000016,1,25,1,30,1,4,3,127,0,0,1,1,1,0,0,2,1,E01002252,03-09-2018,2,2,1,2,20,4,3,0,0,0,0,-1,9,1
8392,87.47696873,25.76902711,1,3,3,1,2,16:16,15,E09000016,3,12,3,50,6,2,5,0,0,0,1,1,1,0,0,1,1,E01002334,15-08-2018,1,1,2,1,83,11,3,0,0,0,3,-1,11,-1
8393,87.49645675,25.7805211,1,3,1,2,5,22:45,15,E09000016,3,124,6,30,6,2,5,0,0,5,4,1,1,0,0,1,1,E01002360,08-09-2018,1,1,1,2,38,7,3,0,0,0,0,-1,9,1
8394,87.4863171,25.78127605,1,2,1,1,1,10:35,15,E09000016,5,0,6,30,0,-1,-1,0,0,0,1,1,2,0,0,2,1,E01002385,11-09-2018,2,1,1,2,40,7,3,0,0,0,0,-1,9,1
8395,87.45793813,25.78122553,1,3,1,1,5,22:25,15,E09000016,5,0,6,30,0,-1,-1,0,0,0,4,2,2,0,0,1,1,E01002365,15-09-2018,1,1,1,1,31,6,3,0,0,0,0,-1,3,1
8396,87.45941346,25.78552705,1,3,2,1,3,11:50,15,E09000016,3,127,3,40,7,2,5,0,0,0,1,1,1,0,0,1,1,E01002378,16-08-2018,1,1,3,1,6,2,3,5,3,0,0,-1,0,-1
8397,87.48142374,25.78921402,1,3,2,1,5,08:03,15,E09000016,5,0,6,30,3,4,6,0,0,0,1,1,1,0,0,1,1,E01002269,18-08-2018,1,1,1,1,56,9,3,0,0,0,0,-1,9,1
8398,87.47840708,25.76845552,1,3,2,1,7,17:45,15,E09000016,5,0,6,30,3,4,6,0,0,0,1,1,1,0,0,1,2,E01002282,20-08-2018,1,1,1,1,28,6,3,0,0,0,0,-1,9,1
8399,87.46775095,25.78158247,1,3,2,1,7,15:56,15,E09000016,5,0,6,30,3,4,6,0,0,0,1,1,1,0,0,1,1,E01002383,20-08-2018,1,1,1,1,34,6,3,0,0,0,0,-1,5,1
8400,87.47588228,25.78665559,1,3,2,1,1,00:15,15,E09000016,6,0,6,30,3,4,6,0,0,0,4,1,1,0,0,1,2,E01002268,21-08-2018,2,1,1,1,76,11,3,0,0,0,0,-1,3,1
8401,87.45438349,25.7788072,1,3,1,1,1,08:29,15,E09000016,5,0,6,30,0,-1,-1,0,0,0,1,1,1,0,0,1,1,E01002249,21-08-2018,1,1,1,1,67,10,3,0,0,0,0,-1,9,1
8402,87.47494417,25.77723302,1,3,2,2,1,20:50,15,E09000016,3,12,3,50,6,2,6,0,0,5,4,1,2,0,0,1,1,E01002296,11-09-2018,1,1,1,1,72,10,3,0,0,0,0,-1,9,1
8403,87.46857856,25.76564658,1,3,2,1,3,08:25,15,E09000016,5,0,6,30,3,4,6,0,0,0,1,1,1,0,0,1,1,E01002294,06-09-2018,2,1,1,1,53,8,3,0,0,0,0,-1,1,1
8404,87.45318181,25.78403063,1,2,1,3,4,20:55,15,E09000016,3,125,6,30,3,4,6,0,0,4,4,1,1,0,0,1,1,E01002243,21-09-2018,1,1,3,1,-1,-1,3,5,1,0,0,-1,0,1
8405,87.49593236,25.78456986,1,3,2,1,5,22:30,15,E09000016,6,0,6,30,8,4,6,0,0,0,4,1,1,0,0,1,2,E01002356,08-09-2018,2,1,1,1,81,11,3,0,0,0,0,-1,9,-1
8406,87.46947334,25.77978959,1,3,2,3,6,18:25,15,E09000016,5,0,6,30,3,4,5,0,0,0,1,1,1,0,0,2,2,E01002276,02-09-2018,2,1,1,1,21,5,2,0,0,0,0,-1,1,-1
8407,87.46731793,25.79089799,1,3,1,2,2,08:00,15,E09000016,3,124,3,30,0,-1,-1,0,0,0,1,1,1,0,0,1,1,E01002319,12-09-2018,1,1,1,1,40,7,3,0,0,0,0,-1,21,1
8408,87.4988625,25.77428433,1,3,2,2,3,10:05,15,E09000016,3,124,6,30,3,4,5,0,0,0,1,1,1,0,0,1,1,E01002361,13-09-2018,1,1,2,1,28,6,3,0,0,0,3,-1,11,-1
8409,87.46671452,25.78364395,1,3,2,1,1,00:17,15,E09000016,1,25,3,70,0,-1,-1,0,0,0,4,2,2,0,0,2,1,E01002259,11-09-2018,1,1,1,1,46,8,3,0,0,0,0,-1,1,-1
8410,87.48883873,25.78433709,1,3,3,2,3,10:00,15,E09000016,3,125,6,30,3,4,6,0,0,0,1,1,1,0,0,1,1,E01002370,13-09-2018,1,1,1,1,24,5,3,0,0,0,0,-1,9,1
8411,87.49274971,25.76633493,1,3,1,1,6,17:00,15,E09000016,3,124,6,30,6,2,5,0,0,0,1,1,1,0,0,1,1,E01002386,02-09-2018,1,1,2,1,24,5,3,0,0,1,0,-1,9,1
8412,87.4583453,25.7920553,1,2,2,3,6,07:10,15,E09000016,6,0,6,30,0,-1,-1,0,0,0,1,1,1,0,0,2,1,E01002385,16-09-2018,1,1,2,2,-1,-1,3,0,0,0,0,-1,19,1
8413,87.48245521,25.79036561,1,3,2,2,3,13:20,15,E09000016,6,0,1,30,2,4,6,0,0,0,1,1,1,0,0,1,1,E01002248,06-09-2018,1,1,1,1,30,6,3,0,0,0,0,-1,9,1
8414,87.47451064,25.78609104,1,3,1,1,6,16:12,15,E09000016,6,0,6,30,0,-1,-1,0,0,0,1,1,1,0,0,1,1,E01002371,16-09-2018,1,1,3,1,67,10,2,4,3,0,0,-1,0,-1
8415,87.46861157,25.76830425,1,3,1,1,6,17:30,15,E09000016,4,1459,6,30,6,4,4,175,0,0,1,1,1,0,0,1,2,E01002303,16-09-2018,2,1,1,1,46,8,3,0,0,0,0,-1,9,1
8416,87.4926167,25.77201005,1,3,1,1,3,17:53,15,E09000016,5,0,6,30,2,4,5,0,0,0,1,1,1,0,0,1,1,E01002379,13-09-2018,1,1,1,2,31,6,3,0,0,0,0,-1,9,1
8417,87.49934721,25.78078845,1,3,1,1,7,01:45,15,E09000016,6,0,2,30,3,4,6,0,0,0,4,1,1,0,0,1,1,E01002356,17-09-2018,1,1,1,2,20,4,3,0,0,0,0,-1,9,1
8418,87.48415202,25.78636147,1,3,2,4,7,12:00,15,E09000016,5,0,6,30,3,4,3,12,0,0,1,1,1,0,0,1,2,E01002334,10-09-2018,2,2,1,2,22,5,3,0,0,0,0,-1,9,1
8419,87.47451868,25.77535973,1,3,2,1,5,08:30,15,E09000016,5,0,6,30,3,4,3,12,0,0,1,1,1,0,0,1,1,E01002310,15-09-2018,1,1,3,2,17,4,3,5,1,0,0,-1,0,1
8420,87.4591854,25.76595366,1,3,2,1,5,10:43,15,E09000016,6,0,6,30,8,4,4,187,0,0,1,1,1,0,0,2,1,E01002391,04-08-2018,1,1,1,1,34,6,3,0,0,0,0,-1,9,1
8421,87.45854444,25.78727353,1,3,2,2,7,12:00,15,E09000016,5,0,6,30,3,4,6,0,0,0,1,1,1,0,0,1,1,E01002273,03-09-2018,1,2,2,2,-1,-1,3,0,0,1,0,-1,9,1
8422,87.45898148,25.76872895,1,3,1,1,3,06:16,15,E09000016,5,0,6,30,0,-1,-1,0,0,0,1,1,1,0,0,1,1,E01002329,20-09-2018,2,3,1,1,-1,-1,3,0,0,0,0,-1,5,-1
8423,87.45335468,25.77644077,1,3,2,5,6,18:34,15,E09000016,3,118,6,30,3,4,6,0,0,0,1,1,1,0,0,1,1,E01002247,16-09-2018,2,1,1,1,20,4,3,0,0,0,0,-1,3,1
8424,87.4894969,25.77910298,1,3,2,1,2,08:15,17,E09000025,3,13,6,30,0,-1,-1,0,0,0,1,1,1,0,0,1,2,,19-09-2018,3,1,2,2,5,1,3,0,0,1,0,-1,9,-1
8425,87.46953925,25.77822552,1,3,2,1,1,21:25,15,E09000016,5,0,3,50,6,2,5,0,0,5,4,1,1,0,0,1,1,E01002350,18-09-2018,1,1,3,2,12,3,3,5,3,0,0,-1,0,1
8426,87.4981731,25.77256704,1,3,2,1,7,17:20,15,E09000016,3,125,6,30,6,2,5,0,0,0,1,1,1,0,0,1,2,E01002374,17-09-2018,2,1,2,2,9,2,3,0,0,1,0,-1,9,1
8427,87.47308174,25.78408087,1,3,1,1,6,18:30,15,E09000016,5,0,6,30,0,-1,-1,0,0,4,1,1,1,0,0,1,1,E01002386,23-09-2018,2,1,1,1,64,9,3,0,0,0,0,-1,8,1
8428,87.47101472,25.76487756,1,3,2,1,2,07:55,15,E09000016,3,124,6,30,0,-1,-1,0,0,0,1,1,1,0,0,1,2,E01002361,19-09-2018,3,2,1,2,51,8,3,0,0,0,0,-1,9,1
8429,87.4727457,25.776594,1,3,1,1,4,11:52,15,E09000016,6,0,6,30,0,-1,-1,0,0,0,1,1,1,0,0,1,1,E01002368,21-09-2018,2,1,1,2,46,8,3,0,0,0,0,-1,9,1
8430,87.47562447,25.77679069,1,3,1,1,7,11:59,15,E09000016,3,124,6,30,0,-1,-1,0,0,1,1,1,1,0,0,1,1,E01002361,10-09-2018,1,1,1,1,38,7,3,0,0,0,0,-1,1,-1
8431,87.46986039,25.78239481,1,3,2,1,5,17:45,15,E09000016,3,125,3,40,0,-1,-1,0,0,0,1,1,1,0,0,1,1,E01002350,22-09-2018,1,1,1,1,38,7,3,0,0,0,0,-1,5,1