Accident_Index,longitude,latitude,Police_Force,Accident_Severity,Number_of_Vehicles,Number_of_Casualties,Day_of_Week,Time,Local_Authority_(District),Local_Authority_(Highway),1st_Road_Class,1st_Road_Number,Road_Type,Speed_limit,Junction_Detail,Junction_Control,2nd_Road_Class,2nd_Road_Number,Pedestrian_Crossing-Human_Control,Pedestrian_Crossing-Physical_Facilities,Light_Conditions,Weather_Conditions,Road_Surface_Conditions,Special_Conditions_at_Site,Carriageway_Hazards,Urban_or_Rural_Area,Did_Police_Officer_Attend_Scene_of_Accident,LSOA_of_Accident_Location,Date,Vehicle_Reference,Casualty_Reference,Casualty_Class,Sex_of_Casualty,Age_of_Casualty,Age_Band_of_Casualty,Casualty_Severity,Pedestrian_Location,Pedestrian_Movement,Car_Passenger,Bus_or_Coach_Passenger,Pedestrian_Road_Maintenance_Worker,Casualty_Type,Casualty_Home_Area_Type
8432,87.46788831,25.79042269,1,3,2,1,1,10:05,15,E09000016,3,12,3,50,0,-1,-1,0,0,0,1,1,1,0,0,1,1,E01002334,11-09-2018,2,1,2,2,20,4,3,0,0,0,4,-1,11,-1
8433,87.46677499,25.79236446,1,3,1,1,2,09:57,15,E09000016,3,118,6,30,3,4,5,0,0,0,1,1,1,0,0,1,1,E01002243,19-09-2018,1,1,3,1,37,7,3,5,1,0,0,-1,0,-1
8434,87.45891503,25.77293084,1,3,2,1,7,07:58,15,E09000016,3,12,6,30,3,2,5,0,0,0,1,1,1,0,0,1,1,E01002283,17-09-2018,1,1,1,2,49,8,3,0,0,0,0,-1,9,3
8435,87.47505195,25.78854552,1,3,2,3,3,17:22,15,E09000016,5,0,6,30,6,4,5,0,0,0,1,1,1,0,0,2,1,E01002385,20-09-2018,1,1,2,1,51,8,3,0,0,0,1,-1,11,-1
8436,87.45204072,25.76315656,1,3,2,1,3,14:35,15,E09000016,4,174,6,30,0,-1,-1,0,0,0,1,1,1,0,0,1,1,E01002327,20-09-2018,2,1,1,1,28,6,2,0,0,0,0,-1,19,1
8437,87.48721586,25.77606701,1,3,1,1,2,10:50,15,E09000016,6,0,1,30,1,4,4,1335,0,0,1,1,1,0,0,1,1,E01002345,03-10-2018,1,1,1,2,35,6,3,0,0,0,0,-1,9,-1
8438,87.46583566,25.7897187,1,3,2,2,4,22:22,15,E09000016,6,0,6,30,3,4,6,0,0,0,4,2,2,0,0,1,1,E01002249,28-09-2018,2,2,1,1,24,5,3,0,0,0,0,-1,9,-1
8439,87.48725154,25.7814116,1,3,1,1,6,11:40,15,E09000016,3,12,6,30,0,-1,-1,0,0,0,1,1,1,0,0,1,1,E01002338,30-09-2018,1,1,1,1,58,9,3,0,0,0,0,-1,9,-1
8440,87.48573508,25.76884253,1,3,3,1,1,12:05,15,E09000016,3,125,6,30,0,-1,-1,0,0,0,1,1,1,0,0,1,1,E01002370,18-09-2018,2,2,2,1,43,7,3,0,0,1,0,-1,9,-1
8441,87.45844795,25.78804239,1,3,2,1,5,13:13,15,E09000016,5,0,6,30,3,4,5,0,0,0,1,1,1,0,0,1,1,E01002311,29-09-2018,1,1,1,1,17,4,3,0,0,0,0,-1,1,1
8442,87.45234207,25.77439313,1,3,1,1,6,08:45,15,E09000016,5,0,6,30,0,-1,-1,0,0,0,1,1,1,0,0,2,1,E01002385,30-09-2018,1,1,3,2,8,2,3,5,1,0,0,-1,0,-1
8443,87.4956024,25.77883698,1,3,2,3,1,13:55,15,E09000016,5,0,6,30,6,2,5,0,0,5,1,1,1,0,0,1,2,E01002356,25-09-2018,1,1,2,1,28,6,3,0,0,0,0,-1,5,1
8444,87.47789494,25.77651918,1,3,2,1,7,22:25,15,E09000016,5,0,6,30,2,4,5,0,0,1,4,1,1,0,0,1,1,E01002351,24-09-2018,1,2,1,1,27,6,2,0,0,0,0,-1,5,1
8445,87.4964809,25.76557242,1,2,2,2,1,20:00,15,E09000016,6,0,6,30,3,4,6,0,0,0,1,1,1,0,0,1,1,E01002277,21-08-2018,2,3,1,2,44,7,3,0,0,0,0,-1,9,1
8446,87.46117434,25.78981492,1,3,2,1,6,08:05,15,E09000016,3,125,6,30,1,4,3,125,0,0,1,1,1,0,0,1,1,E01002249,30-09-2018,1,1,1,1,45,7,3,0,0,0,0,-1,9,1
8447,87.46175417,25.78465096,1,3,2,1,2,16:30,15,E09000016,3,118,6,30,0,-1,-1,0,0,0,1,1,1,0,0,1,1,E01002376,03-10-2018,1,2,2,2,9,2,3,0,0,1,0,-1,9,1
8448,87.47672051,25.77985593,1,3,2,1,4,16:40,15,E09000016,4,175,2,30,3,4,5,0,0,0,1,1,1,0,0,1,1,E01002304,05-10-2018,1,1,1,2,21,5,3,0,0,0,0,-1,9,1
8449,87.45300874,25.79165621,1,3,2,1,2,12:28,15,E09000016,6,0,6,30,3,4,6,0,0,0,1,1,1,0,0,1,1,E01002302,29-08-2018,1,2,1,1,30,6,3,0,0,0,0,-1,9,-1
8450,87.49427578,25.77708682,1,3,2,1,7,21:59,15,E09000016,6,0,6,30,6,4,6,0,0,0,4,1,1,0,0,1,1,E01002290,01-10-2018,2,1,1,2,58,9,3,0,0,0,0,-1,9,-1
8451,87.48124972,25.76844352,1,2,2,1,4,18:37,15,E09000016,3,124,6,30,3,4,3,124,0,0,1,1,1,0,0,1,1,E01002361,05-10-2018,1,1,1,2,21,5,3,0,0,0,0,-1,9,1
8452,87.49123685,25.78267744,1,3,3,4,3,07:52,15,E09000016,5,0,6,60,3,4,6,0,0,0,1,1,1,0,0,2,1,E01002385,04-10-2018,1,2,2,1,-1,-1,3,0,0,1,0,-1,9,-1
8453,87.48338723,25.79004015,1,3,2,2,5,10:22,15,E09000016,3,12,3,50,9,4,6,0,0,0,1,1,1,0,0,1,1,E01002298,06-10-2018,1,1,3,1,54,8,3,5,1,0,0,-1,0,1
8454,87.47751665,25.78386233,1,3,2,2,6,09:00,15,E09000016,1,25,3,70,0,-1,-1,0,0,0,1,1,1,0,0,2,1,E01002276,07-10-2018,1,1,3,2,15,3,3,5,1,0,0,-1,0,1
8455,87.49469942,25.76415313,1,2,1,1,5,15:50,15,E09000016,4,1335,6,30,3,4,4,1335,0,0,1,1,1,0,0,1,1,E01002345,06-10-2018,1,1,1,2,37,7,3,0,0,0,0,-1,9,-1
8456,87.48232945,25.77894343,1,3,1,2,7,20:08,15,E09000016,5,0,6,30,3,4,6,0,0,0,4,1,1,0,0,1,1,E01002352,08-10-2018,1,1,2,2,39,7,3,0,0,1,0,-1,9,1
8457,87.45678899,25.77195316,1,3,1,1,3,23:27,15,E09000016,3,124,6,30,3,4,6,0,0,0,4,1,1,0,0,1,1,E01002321,25-10-2018,1,2,1,1,35,6,3,0,0,0,0,-1,9,1
8458,87.48918234,25.77961083,1,3,2,1,7,18:56,15,E09000016,3,127,6,30,0,-1,-1,0,0,4,1,1,1,0,0,1,1,E01002293,08-10-2018,1,1,1,2,20,4,3,0,0,0,0,-1,9,1
8459,87.47720144,25.78845149,1,2,1,1,2,17:56,15,E09000016,4,1421,6,30,0,-1,-1,0,0,0,1,1,1,0,0,1,1,E01002388,10-10-2018,1,1,1,1,-1,-1,3,0,0,0,0,-1,9,1
8460,87.49861986,25.77030708,1,3,2,3,1,16:33,15,E09000016,3,118,6,30,7,4,6,0,0,0,4,1,1,0,0,1,1,E01002356,09-10-2018,1,1,1,1,16,4,3,0,0,0,0,-1,2,1
8461,87.45744524,25.78531429,1,3,4,1,7,12:43,15,E09000016,3,12,3,50,0,-1,-1,0,0,0,1,1,1,0,0,1,1,E01002293,15-10-2018,1,1,1,1,23,5,3,0,0,0,0,-1,9,1
8462,87.45241665,25.78622364,1,3,2,1,7,13:25,15,E09000016,5,0,6,30,3,4,6,0,0,0,1,1,1,0,0,1,1,E01002382,15-10-2018,1,1,1,1,28,6,3,0,0,0,0,-1,2,1
8463,87.46016978,25.78139903,1,3,2,1,3,10:25,15,E09000016,6,0,6,30,8,4,6,0,0,0,1,1,1,0,0,1,1,E01002316,11-10-2018,1,1,1,1,45,7,3,0,0,0,0,-1,9,1
8464,87.49313185,25.78424927,1,3,2,1,3,07:23,15,E09000016,3,12,1,30,1,4,3,12,0,0,1,1,1,0,0,1,1,E01002310,11-10-2018,1,1,3,2,32,6,3,1,3,0,0,-1,0,1
8465,87.45997215,25.76984133,1,3,2,1,5,22:05,15,E09000016,6,0,6,30,3,4,6,0,0,0,4,1,1,0,0,1,1,E01002308,13-10-2018,1,1,1,1,27,6,3,0,0,0,0,-1,9,1
8466,87.49774157,25.79234712,1,3,1,1,3,12:00,15,E09000016,3,12,6,30,8,4,6,0,0,0,1,1,1,0,0,1,1,E01002293,11-10-2018,1,1,2,2,63,9,3,0,0,2,0,-1,9,1
8467,87.46758423,25.77952772,1,3,2,3,7,20:15,15,E09000016,5,0,6,30,2,4,5,0,0,0,4,2,2,0,0,1,2,E01002379,15-10-2018,2,3,2,2,4,1,3,0,0,1,0,-1,9,1
8468,87.45866403,25.78472883,1,3,2,1,7,13:10,15,E09000016,6,0,6,30,3,4,6,0,0,0,1,1,1,0,0,1,3,E01002302,15-10-2018,3,2,1,2,63,9,3,0,0,0,0,-1,9,1
8469,87.47974424,25.78481802,1,3,2,1,2,07:55,15,E09000016,5,0,6,30,0,-1,-1,0,0,0,1,1,1,0,0,1,2,E01002274,03-10-2018,1,1,1,1,35,6,2,0,0,0,0,-1,2,1
8470,87.45289192,25.77200652,1,3,2,2,4,18:52,15,E09000016,5,0,3,50,6,2,3,12,0,5,4,2,2,0,0,1,1,E01002334,19-10-2018,1,1,1,1,21,5,2,0,0,0,0,-1,3,1
8471,87.48592753,25.77538645,1,3,2,1,4,08:46,15,E09000016,5,0,1,30,1,4,5,0,0,1,1,1,2,0,0,1,1,E01002278,19-10-2018,1,1,1,1,23,5,3,0,0,0,0,-1,9,1
8472,87.47768798,25.76577441,1,3,1,1,2,10:25,15,E09000016,5,0,6,30,0,-1,-1,0,0,0,1,1,1,0,0,1,1,E01002268,17-10-2018,1,1,1,2,37,7,3,0,0,0,0,-1,9,1
8473,87.48118112,25.78197549,1,3,3,2,4,18:30,15,E09000016,5,0,6,30,8,4,5,0,0,0,1,1,1,0,0,1,2,E01002265,05-10-2018,1,1,1,1,21,5,3,0,0,0,0,-1,9,1
8474,87.47771629,25.78634694,1,3,1,1,5,20:40,15,E09000016,5,0,6,30,3,4,6,0,0,0,4,1,1,0,0,1,1,E01002283,20-10-2018,1,1,1,2,24,5,3,0,0,0,0,-1,9,1
8475,87.46258342,25.7817469,1,3,2,1,5,13:27,15,E09000016,5,0,1,30,2,4,6,0,0,0,1,1,1,0,0,1,1,E01002253,13-10-2018,1,1,1,1,27,6,3,0,0,0,0,-1,9,-1
8476,87.4595975,25.78875514,1,3,2,2,5,12:15,15,E09000016,5,0,6,30,3,4,6,0,0,0,1,2,2,0,0,1,2,E01002274,20-10-2018,1,2,2,2,57,9,2,0,0,1,0,-1,9,-1
8477,87.4650782,25.77820809,1,3,2,1,5,13:26,15,E09000016,3,125,6,30,6,4,3,12,0,0,1,2,2,0,0,1,1,E01002340,13-10-2018,1,1,2,2,5,1,3,0,0,1,0,-1,9,1
8478,87.48577928,25.79259272,1,3,2,1,2,21:04,15,E09000016,6,0,6,30,6,2,3,127,0,0,4,1,1,0,0,1,1,E01002377,24-10-2018,1,1,1,1,33,6,3,0,0,0,0,-1,9,1
8479,87.47008928,25.78106596,1,3,3,3,1,14:00,15,E09000016,3,12,3,50,0,-1,-1,0,0,0,1,1,1,0,7,2,1,E01002311,23-10-2018,1,1,2,2,19,4,3,0,0,1,0,-1,9,1
8480,87.47449328,25.78585634,1,3,2,1,3,06:20,15,E09000016,5,0,6,30,6,4,6,0,0,0,1,1,1,0,0,1,1,E01002300,25-10-2018,1,2,1,1,47,8,3,0,0,0,0,-1,9,1
8481,87.4527429,25.79119168,1,2,2,4,5,15:30,15,E09000016,3,13,3,70,0,-1,-1,0,0,0,1,1,1,0,0,2,1,E01002344,27-10-2018,1,1,2,1,7,2,3,0,0,2,0,-1,9,1
8482,87.45674176,25.79256452,1,2,2,1,2,16:18,15,E09000016,5,0,3,50,3,2,3,12,0,5,1,2,2,0,0,1,1,E01002283,24-10-2018,1,2,2,1,6,2,3,0,0,2,0,-1,9,1
8483,87.45921126,25.77119219,1,2,2,2,2,10:15,15,E09000016,1,25,3,70,0,-1,-1,0,0,0,1,1,1,0,0,2,1,E01002252,31-10-2018,1,2,1,1,18,4,2,0,0,0,0,-1,9,1
8484,87.49008198,25.77004635,1,3,2,2,5,09:17,15,E09000016,3,13,3,70,0,-1,-1,0,0,0,1,1,1,0,0,2,1,E01002344,20-10-2018,1,3,2,1,12,3,2,0,0,2,0,-1,9,1
8485,87.4902733,25.77613695,1,3,1,2,4,19:45,15,E09000016,3,118,6,30,3,4,6,0,0,1,4,1,1,0,0,1,1,E01002354,19-10-2018,2,1,1,2,55,8,3,0,0,0,0,-1,9,-1
8486,87.45297547,25.78375064,1,3,2,1,3,22:05,15,E09000016,3,12,1,30,1,4,3,12,0,0,4,1,1,0,0,2,1,E01002296,25-10-2018,1,1,1,1,61,9,3,0,0,0,0,-1,5,1
8487,87.46159136,25.76412546,1,3,2,2,4,19:50,15,E09000016,4,1421,6,30,3,4,6,0,0,0,1,1,1,0,0,1,1,E01002388,19-10-2018,1,1,2,1,26,6,2,0,0,1,0,-1,9,1
8488,87.46357526,25.76485491,1,3,2,1,6,15:00,15,E09000016,3,12,6,30,1,4,3,12,0,0,1,1,1,0,0,1,1,E01002310,21-10-2018,2,2,2,1,18,4,3,0,0,2,0,-1,9,1
8489,87.45917799,25.77350452,1,3,2,1,7,21:21,15,E09000016,3,127,3,50,8,4,6,0,0,0,4,1,1,0,0,1,1,E01002269,22-10-2018,2,3,2,1,18,4,3,0,0,2,0,-1,9,-1
8490,87.46213039,25.76540663,1,3,2,1,6,10:03,15,E09000016,5,0,6,30,3,4,5,0,0,0,1,1,1,0,0,2,1,E01002313,28-10-2018,2,1,1,2,-1,-1,3,0,0,0,0,-1,9,-1
8491,87.47492907,25.76997152,1,3,2,1,6,22:20,15,E09000016,3,13,3,70,0,-1,-1,0,0,0,4,1,1,0,0,2,1,E01002368,28-10-2018,1,1,2,1,19,4,3,0,0,1,0,-1,9,1
8492,87.46572989,25.76812981,1,3,4,1,7,09:05,15,E09000016,3,12,3,40,0,-1,-1,0,0,0,1,1,1,0,0,1,1,E01002293,29-10-2018,1,1,1,2,39,7,3,0,0,0,0,-1,9,1
8493,87.47125436,25.78174821,1,3,1,1,2,18:30,15,E09000016,6,0,6,30,0,-1,-1,0,0,0,4,1,1,0,0,1,1,E01002261,31-10-2018,1,1,3,1,72,10,3,5,1,0,0,-1,0,-1
8494,87.49680056,25.78610846,1,3,2,1,2,05:34,15,E09000016,6,0,6,30,3,4,6,0,0,0,4,2,2,0,0,1,1,E01002297,31-10-2018,2,1,1,1,13,3,3,0,0,0,0,-1,1,1
8495,87.49064889,25.78111878,1,2,2,1,7,14:25,16,E09000002,6,0,6,30,3,4,3,118,0,0,1,1,1,0,0,1,2,E01000112,29-10-2018,1,1,3,2,44,7,3,9,9,0,0,-1,0,1
8496,87.46224724,25.78984112,1,3,2,2,1,23:25,15,E09000016,3,125,1,30,1,4,3,118,0,0,4,1,1,0,0,1,1,E01002356,30-10-2018,1,1,1,1,79,11,3,0,0,0,0,-1,9,1
8497,87.48903495,25.77322503,1,3,1,1,4,22:30,16,E09000002,5,0,6,30,0,-1,-1,0,0,0,4,1,1,0,0,1,2,E01000027,02-11-2018,1,1,1,2,27,6,3,0,0,0,0,-1,9,1
8498,87.48871898,25.78032506,1,3,2,1,1,00:30,15,E09000016,6,0,6,30,0,-1,-1,0,0,0,4,2,2,0,0,1,2,E01002339,06-11-2018,3,1,1,2,40,7,3,0,0,0,0,-1,9,1
8499,87.49790165,25.78310557,1,3,2,2,5,17:00,15,E09000016,5,0,6,30,3,4,6,0,0,0,4,1,1,0,0,1,1,E01002339,03-11-2018,3,1,1,1,21,5,3,0,0,0,0,-1,9,1
8500,87.45679323,25.77834664,1,3,2,1,2,08:10,15,E09000016,5,0,6,30,3,4,6,0,0,0,1,1,1,0,0,1,1,E01002363,31-10-2018,1,1,1,1,16,4,3,0,0,0,0,-1,2,1
8501,87.48023863,25.76766586,1,3,2,1,1,18:15,15,E09000016,3,124,6,30,3,4,6,0,0,0,4,1,1,0,0,1,1,E01002386,13-11-2018,1,1,2,1,-1,-1,3,0,0,0,4,-1,11,-1
8502,87.49752902,25.76644093,1,3,2,1,4,14:45,15,E09000016,3,12,3,50,6,2,6,0,0,0,1,2,2,0,0,1,2,E01002334,12-10-2018,1,1,1,1,23,5,3,0,0,0,0,-1,90,1
8503,87.47534008,25.7733892,1,3,2,1,7,20:24,15,E09000016,5,0,6,30,6,4,5,0,0,0,4,1,1,0,0,1,1,E01002379,12-11-2018,1,1,1,1,27,6,3,0,0,0,0,-1,5,1
8504,87.47374849,25.78285741,1,3,4,2,6,09:09,15,E09000016,3,12,3,50,3,2,6,0,0,5,1,1,1,0,0,1,1,E01002293,04-11-2018,2,1,1,1,-1,-1,3,0,0,0,0,-1,1,-1
8505,87.48920367,25.78631145,1,3,3,1,7,13:45,15,E09000016,3,12,3,30,0,-1,-1,0,0,4,1,1,1,0,0,1,2,E01002293,12-11-2018,2,1,1,1,7,2,3,0,0,0,0,-1,1,1
8506,87.47503942,25.77841602,1,3,1,1,5,17:48,15,E09000016,3,124,6,30,3,4,6,0,0,4,4,1,1,0,0,1,1,E01002362,10-11-2018,1,1,1,1,40,7,3,0,0,0,0,-1,9,-1
8507,87.47564489,25.79208686,1,3,1,1,6,15:57,15,E09000016,6,0,6,30,3,4,3,118,0,0,1,1,1,0,0,1,1,E01002250,11-11-2018,1,1,1,2,25,5,3,0,0,0,0,-1,9,-1
8508,87.46097201,25.77331902,1,3,3,1,1,12:00,15,E09000016,5,0,6,30,0,-1,-1,0,0,0,1,1,1,0,0,1,2,E01002329,13-11-2018,1,1,1,1,36,7,3,0,0,0,0,-1,9,1
8509,87.45429085,25.78665277,1,3,2,1,7,10:40,15,E09000016,5,0,6,30,6,2,5,0,0,5,1,1,1,0,0,1,2,E01002350,12-11-2018,1,1,1,1,31,6,2,0,0,0,0,-1,9,2
8510,87.49108071,25.77896256,1,3,2,1,3,16:55,15,E09000016,3,125,6,30,0,-1,-1,0,0,0,4,1,1,0,0,1,2,E01002243,15-11-2018,1,1,1,2,64,9,3,0,0,0,0,-1,9,1
8511,87.47389127,25.77891443,1,3,2,2,7,20:30,15,E09000016,3,125,6,30,3,4,6,0,0,0,4,1,2,0,0,1,1,E01002245,29-10-2018,1,1,1,2,44,7,3,0,0,0,0,-1,9,2
8512,87.46445639,25.77253979,1,3,2,1,6,13:04,15,E09000016,6,0,6,30,8,4,6,0,0,0,1,1,1,0,0,1,1,E01002299,04-11-2018,1,1,1,2,56,9,3,0,0,0,0,-1,9,1
8513,87.47974957,25.78995206,1,3,1,1,1,06:25,15,E09000016,3,13,3,70,0,-1,-1,0,0,0,1,1,1,0,0,1,1,E01002368,06-11-2018,1,1,1,1,64,9,3,0,0,0,0,-1,3,1
8514,87.47614788,25.78891246,1,3,2,2,2,08:56,15,E09000016,5,0,6,30,0,-1,-1,0,0,0,1,1,1,0,0,1,2,E01002357,14-11-2018,1,1,1,1,41,7,3,0,0,0,0,-1,9,1
8515,87.46291737,25.76492506,1,3,2,1,6,06:55,15,E09000016,5,0,6,30,0,-1,-1,0,0,0,1,1,1,0,0,1,2,E01002314,18-11-2018,1,1,1,1,35,6,3,0,0,0,0,-1,9,1
8516,87.46774638,25.76312673,1,3,2,1,1,12:45,15,E09000016,6,0,6,30,0,-1,-1,0,0,0,1,1,1,0,0,1,2,E01002365,20-11-2018,1,1,3,1,62,9,3,5,1,0,0,-1,0,-1
8517,87.45291624,25.76645898,1,3,2,1,1,08:15,15,E09000016,3,13,1,30,1,4,3,13,0,0,1,1,1,0,0,1,2,E01002370,13-11-2018,1,1,1,1,32,6,3,0,0,0,0,-1,4,-1
8518,87.49698848,25.77991729,1,3,3,1,1,14:40,15,E09000016,3,124,6,30,3,4,6,0,0,0,1,1,1,0,0,1,1,E01002321,13-11-2018,1,1,1,1,21,5,2,0,0,0,0,-1,9,1
8519,87.48825507,25.78106906,1,3,2,1,5,16:15,15,E09000016,1,25,1,30,1,4,3,12,0,0,1,1,1,0,0,2,2,E01002296,06-10-2018,2,2,1,1,40,7,3,0,0,0,0,-1,9,1
8520,87.49688687,25.78635124,1,3,2,1,3,09:10,15,E09000016,5,0,6,30,6,4,6,0,0,0,1,1,1,0,0,1,1,E01002381,01-11-2018,1,1,1,2,40,7,2,0,0,0,0,-1,9,3
8521,87.47020318,25.77458091,1,3,3,1,5,16:55,15,E09000016,5,0,6,30,3,4,5,0,0,0,4,8,2,0,0,1,1,E01002366,03-11-2018,2,1,1,2,27,6,3,0,0,0,0,-1,9,1
8522,87.45930913,25.76388121,1,3,2,3,2,12:10,15,E09000016,3,127,3,50,3,3,6,0,0,0,1,1,1,0,0,1,1,E01002378,24-10-2018,3,2,1,1,21,5,3,0,0,0,0,-1,9,1
8523,87.48545227,25.7664235,1,3,3,2,1,12:37,15,E09000016,3,125,6,30,3,4,6,0,0,0,1,2,2,0,0,1,1,E01002319,06-11-2018,2,1,1,1,23,5,3,0,0,0,0,-1,9,1
8524,87.4738194,25.77650016,1,3,2,2,1,00:05,15,E09000016,3,12,3,50,6,2,4,174,0,5,4,1,1,0,0,1,1,E01002338,13-11-2018,2,2,2,2,-1,-1,3,0,0,1,0,-1,9,1
8525,87.45260262,25.77177047,1,3,2,2,1,12:39,15,E09000016,5,0,6,30,3,4,6,0,0,0,1,1,1,0,0,1,1,E01002352,13-11-2018,2,1,1,1,24,5,3,0,0,0,0,-1,3,1
8526,87.49062801,25.76414539,1,3,2,1,3,19:07,15,E09000016,6,0,1,30,1,4,6,0,0,4,4,1,1,0,0,1,1,E01002262,15-11-2018,2,2,1,2,21,5,3,0,0,0,0,-1,9,1
8527,87.48377776,25.78020672,1,3,2,1,5,22:26,15,E09000016,5,0,6,30,6,2,3,1306,0,5,4,1,1,0,0,1,1,E01002344,17-11-2018,3,1,1,2,57,9,3,0,0,0,0,-1,9,1
8528,87.47073427,25.7799732,1,3,2,1,2,11:30,15,E09000016,1,25,1,50,1,4,3,12,0,0,1,1,1,0,0,2,1,E01002296,21-11-2018,1,1,1,1,39,7,2,0,0,0,0,-1,9,-1
8529,87.49114159,25.77427192,1,3,2,1,1,08:21,15,E09000016,6,0,6,30,6,4,6,0,0,0,1,7,1,0,0,1,1,E01002262,20-11-2018,2,2,1,1,26,6,3,0,0,0,0,-1,9,1
8530,87.48859598,25.7775774,1,3,1,1,1,13:53,15,E09000016,3,118,3,30,3,4,3,118,0,0,1,1,1,0,0,1,1,E01002243,20-11-2018,1,1,2,2,42,7,3,0,0,1,0,-1,9,1
8531,87.48275967,25.77818399,1,3,2,2,7,14:40,15,E09000016,6,0,6,30,0,-1,-1,0,0,0,1,1,2,0,0,2,1,E01002385,19-11-2018,1,1,1,1,51,8,3,0,0,0,0,-1,9,1
8532,87.48561381,25.77408929,1,3,3,2,5,06:50,15,E09000016,1,25,1,70,1,4,3,127,0,0,1,1,1,0,0,2,2,E01002252,13-10-2018,1,1,1,2,54,8,2,0,0,0,0,-1,9,-1
8533,87.4929037,25.78009724,1,3,2,1,3,15:43,15,E09000016,5,0,6,30,3,4,6,0,0,0,1,2,2,0,0,2,1,E01002348,22-11-2018,2,1,1,2,25,5,3,0,0,0,0,-1,9,1
8534,87.49894786,25.77119014,1,3,1,1,3,16:49,15,E09000016,6,0,6,30,6,4,6,0,0,0,4,1,1,0,0,1,1,E01002258,22-11-2018,2,1,1,2,26,6,3,0,0,0,0,-1,9,1
8535,87.45992742,25.7772299,1,3,3,1,3,18:25,15,E09000016,1,25,3,70,5,4,6,0,0,0,4,1,2,0,0,2,1,E01002252,22-11-2018,1,1,1,1,13,3,3,0,0,0,0,-1,1,-1
8536,87.46040159,25.79058034,1,3,1,1,7,01:20,15,E09000016,5,0,6,30,0,-1,-1,0,0,0,4,1,1,0,0,1,1,E01002325,22-10-2018,1,1,1,1,47,8,3,0,0,0,0,-1,1,1
8537,87.49463671,25.78046738,1,2,1,1,2,17:33,15,E09000016,3,12,3,40,7,2,3,12,0,5,4,1,1,0,0,2,1,E01002311,14-11-2018,2,1,1,1,25,5,3,0,0,0,0,-1,9,-1
8538,87.48480029,25.77981275,1,3,2,1,3,18:15,15,E09000016,4,174,6,30,3,4,6,0,0,0,4,1,1,0,0,1,1,E01002326,01-11-2018,1,1,1,2,24,5,3,0,0,0,0,-1,9,1
8539,87.49050593,25.76814525,1,3,2,1,2,08:35,15,E09000016,6,0,3,50,6,4,3,127,0,0,1,1,1,0,0,2,1,E01002296,14-11-2018,1,1,2,2,35,6,3,0,0,1,0,-1,9,1
8540,87.49917651,25.79005717,1,3,3,1,3,19:20,15,E09000016,3,118,6,30,3,4,6,0,0,4,4,1,2,0,0,1,1,E01002247,15-11-2018,2,1,1,2,50,8,3,0,0,0,0,-1,9,1
8541,87.47374876,25.78049417,1,3,2,1,6,07:10,16,E09000002,3,13,1,50,1,4,3,1306,0,0,1,1,1,0,0,1,2,E01000053,18-11-2018,1,1,3,1,30,6,3,5,1,0,0,-1,0,-1
8542,87.46422824,25.7855388,1,3,2,1,1,15:13,15,E09000016,5,0,1,30,1,4,5,0,0,0,1,1,1,0,0,1,1,E01002381,20-11-2018,1,1,1,1,41,7,3,0,0,0,0,-1,9,-1
8543,87.45916392,25.78626114,1,3,2,1,3,10:35,15,E09000016,1,25,3,70,0,-1,-1,0,0,0,1,2,2,0,0,2,1,E01002259,15-11-2018,1,2,2,1,-1,-1,3,0,0,1,0,-1,9,-1
8544,87.49446547,25.7680167,1,3,8,6,1,17:25,15,E09000016,1,25,3,70,0,-1,-1,0,0,0,4,1,2,0,0,2,1,E01002252,27-11-2018,1,3,2,1,-1,-1,3,0,0,2,0,-1,9,-1
8545,87.48348695,25.78679115,1,3,2,1,5,09:14,15,E09000016,1,25,3,70,0,-1,-1,0,0,0,1,1,1,0,0,2,1,E01002259,17-11-2018,1,1,1,2,25,5,3,0,0,0,0,-1,9,1
8546,87.46901575,25.77934951,1,3,2,1,4,16:50,15,E09000016,1,25,2,70,5,4,6,0,0,0,4,1,1,0,0,2,1,E01002277,23-11-2018,1,2,2,2,-1,-1,3,0,0,1,0,-1,9,-1
8547,87.47416676,25.78805203,1,3,1,1,7,20:14,15,E09000016,5,0,6,30,6,4,5,0,0,0,4,1,2,0,0,1,1,E01002356,19-11-2018,1,3,2,1,-1,-1,3,0,0,2,0,-1,9,-1
8548,87.47948251,25.7920546,1,3,2,1,7,17:50,15,E09000016,5,0,6,30,0,-1,-1,0,0,0,4,1,2,0,0,1,1,E01002381,26-11-2018,2,1,1,1,51,8,3,0,0,0,0,-1,9,1
8549,87.45513151,25.79008015,1,3,2,1,4,08:00,15,E09000016,6,0,6,30,0,-1,-1,0,0,0,1,1,4,0,0,1,1,E01002316,07-12-2018,1,1,1,1,30,6,3,0,0,0,0,-1,9,1
8550,87.45832021,25.77170581,1,3,2,1,1,19:06,15,E09000016,6,0,6,30,0,-1,-1,0,0,0,4,1,4,0,0,1,1,E01002332,20-11-2018,1,2,2,2,-1,-1,3,0,0,1,0,-1,9,1
8551,87.46100563,25.77097052,1,3,2,1,5,08:45,15,E09000016,1,25,2,70,5,4,6,0,0,0,1,1,1,0,0,2,1,E01002259,17-11-2018,1,1,1,1,46,8,3,0,0,0,0,-1,9,1
8552,87.46195815,25.78746478,1,3,2,1,3,09:50,15,E09000016,4,174,6,30,3,4,6,0,0,0,1,1,1,0,0,1,2,E01002328,22-11-2018,1,1,1,2,36,7,3,0,0,0,0,-1,9,1
8553,87.4600294,25.76882231,1,3,2,2,4,16:07,15,E09000016,6,0,6,30,3,4,3,118,0,4,1,1,1,0,0,1,1,E01002247,16-11-2018,1,1,1,1,22,5,3,0,0,0,0,-1,19,1