Accident_Index,longitude,latitude,Police_Force,Accident_Severity,Number_of_Vehicles,Number_of_Casualties,Day_of_Week,Time,Local_Authority_(District),Local_Authority_(Highway),1st_Road_Class,1st_Road_Number,Road_Type,Speed_limit,Junction_Detail,Junction_Control,2nd_Road_Class,2nd_Road_Number,Pedestrian_Crossing-Human_Control,Pedestrian_Crossing-Physical_Facilities,Light_Conditions,Weather_Conditions,Road_Surface_Conditions,Special_Conditions_at_Site,Carriageway_Hazards,Urban_or_Rural_Area,Did_Police_Officer_Attend_Scene_of_Accident,LSOA_of_Accident_Location,Date,Vehicle_Reference,Casualty_Reference,Casualty_Class,Sex_of_Casualty,Age_of_Casualty,Age_Band_of_Casualty,Casualty_Severity,Pedestrian_Location,Pedestrian_Movement,Car_Passenger,Bus_or_Coach_Passenger,Pedestrian_Road_Maintenance_Worker,Casualty_Type,Casualty_Home_Area_Type
8554,87.45621253,25.7795684,1,2,1,3,1,21:29,15,E09000016,4,1459,6,30,0,-1,-1,0,0,0,4,1,1,0,0,1,1,E01002303,27-11-2018,1,1,1,1,74,10,3,0,0,0,0,-1,9,1
8555,87.45721376,25.79022484,1,3,2,1,2,17:44,15,E09000016,5,0,6,30,3,4,6,0,0,0,6,1,1,0,0,1,1,E01002312,28-11-2018,1,1,1,1,37,7,3,0,0,0,0,-1,9,1
8556,87.46444292,25.77574682,1,3,1,1,2,15:52,15,E09000016,5,0,6,30,0,-1,-1,0,0,0,1,1,1,0,0,1,1,E01002268,28-11-2018,1,1,1,1,73,10,3,0,0,0,0,-1,9,-1
8557,87.48452685,25.77634333,1,3,1,1,4,17:05,15,E09000016,5,0,6,30,0,-1,-1,0,0,0,4,1,1,0,0,1,1,E01002274,30-11-2018,1,2,2,2,-1,-1,3,0,0,1,0,-1,9,-1
8558,87.45187872,25.78455544,1,3,2,1,4,11:55,15,E09000016,5,0,6,30,6,4,6,0,0,0,1,1,1,0,0,1,1,E01002362,30-11-2018,1,1,1,2,42,7,3,0,0,0,0,-1,9,1
8559,87.49246334,25.79166751,1,3,2,1,6,23:38,15,E09000016,3,118,6,30,3,4,6,0,0,0,4,1,1,0,0,1,1,E01002246,16-12-2018,1,1,3,2,20,4,3,1,1,0,0,-1,0,-1
8560,87.45820487,25.78774663,1,3,2,1,7,13:35,15,E09000016,3,125,6,30,3,2,5,0,0,5,1,1,1,0,0,1,1,E01002260,10-12-2018,1,1,1,2,42,7,3,0,0,0,0,-1,9,1
8561,87.46565472,25.76972387,1,3,3,2,7,15:20,15,E09000016,3,118,6,30,0,-1,-1,0,0,4,1,1,2,0,0,1,2,E01002337,03-12-2018,1,2,2,1,-1,-1,3,0,0,2,0,-1,9,-1
8562,87.48537247,25.78036131,1,3,2,1,6,10:05,15,E09000016,1,25,1,30,1,2,3,12,0,0,1,1,1,0,0,2,2,E01002296,09-12-2018,1,1,1,2,35,6,3,0,0,0,0,-1,9,1
8563,87.49922645,25.77077527,1,3,2,2,6,11:48,15,E09000016,4,175,6,30,3,4,6,0,0,0,1,1,2,0,0,1,1,E01002303,02-12-2018,2,1,1,1,56,9,3,0,0,0,0,-1,1,-1
8564,87.45288139,25.7709829,1,3,3,1,5,16:21,15,E09000016,6,0,6,30,0,-1,-1,0,0,0,1,2,2,0,0,1,1,E01002284,01-12-2018,1,1,1,1,41,7,3,0,0,0,0,-1,9,1
8565,87.45695232,25.78941484,1,3,5,5,6,17:55,15,E09000016,1,25,3,70,0,-1,-1,0,0,0,4,1,2,0,0,2,1,E01002252,02-12-2018,1,2,2,2,-1,-1,3,0,0,1,0,-1,9,-1
8566,87.47247474,25.77650305,1,3,3,2,5,12:17,15,E09000016,5,0,7,30,5,4,6,0,0,0,1,1,1,0,0,2,1,E01002253,01-12-2018,1,1,1,1,22,5,3,0,0,0,0,-1,9,1
8567,87.49472568,25.76854451,1,3,2,1,2,20:54,15,E09000016,5,0,6,30,3,4,6,0,0,0,4,2,2,0,0,1,1,E01002270,05-12-2018,1,1,1,1,54,8,3,0,0,0,0,-1,9,1
8568,87.48368637,25.78327378,1,3,2,1,2,07:20,15,E09000016,3,118,1,30,1,4,3,125,0,0,4,1,1,0,0,1,2,E01002356,05-12-2018,1,1,1,2,41,7,3,0,0,0,0,-1,9,1
8569,87.45660021,25.79057636,1,2,1,1,5,15:30,15,E09000016,5,0,6,30,3,4,6,0,0,0,1,1,1,0,0,1,1,E01002344,08-12-2018,1,1,1,1,36,7,3,0,0,0,0,-1,9,1
8570,87.49673751,25.77393068,1,3,1,1,4,19:45,15,E09000016,3,124,6,30,0,-1,-1,0,0,4,4,1,1,0,0,1,1,E01002360,07-12-2018,2,2,1,1,38,7,3,0,0,0,0,-1,9,1
8571,87.4632747,25.77417354,1,3,2,2,5,16:19,15,E09000016,5,0,1,30,2,4,6,0,0,0,6,1,1,0,0,2,1,E01002385,08-12-2018,2,3,2,2,35,6,2,0,0,1,0,-1,9,1
8572,87.4812287,25.77823285,1,3,2,2,4,11:36,15,E09000016,4,1421,6,30,6,4,6,0,0,0,1,1,1,0,0,1,1,E01002389,07-12-2018,3,4,2,2,79,11,3,0,0,0,4,-1,11,-1
8573,87.482965,25.76374807,1,3,2,3,5,19:47,15,E09000016,3,1306,6,30,3,4,6,0,0,0,4,1,2,0,0,1,1,E01002344,08-12-2018,3,5,2,2,74,10,3,0,0,0,4,-1,11,-1
8574,87.45965347,25.77457774,1,3,2,2,2,14:37,15,E09000016,5,0,6,30,0,-1,-1,0,0,0,1,1,1,0,0,1,1,E01002312,05-12-2018,3,6,2,2,42,7,3,0,0,0,4,-1,11,-1
8575,87.45792029,25.76470426,1,3,2,2,3,18:40,15,E09000016,5,0,6,30,0,-1,-1,0,0,0,4,8,2,0,0,1,1,E01002366,06-12-2018,3,7,2,2,83,11,3,0,0,0,4,-1,11,-1
8576,87.48706693,25.7819335,1,3,2,1,7,13:10,15,E09000016,3,125,1,30,1,4,5,0,0,0,1,1,1,0,0,1,2,E01002249,10-12-2018,1,1,1,1,28,6,3,0,0,0,0,-1,19,-1
8577,87.47817795,25.77423795,1,3,2,2,3,18:30,15,E09000016,5,0,1,30,2,4,4,175,0,0,4,1,1,0,0,1,2,E01002336,13-12-2018,1,1,1,1,10,2,3,0,0,0,0,-1,2,1
8578,87.45886105,25.77987584,1,3,1,2,1,16:00,15,E09000016,3,13,3,40,0,-1,-1,0,0,0,4,1,2,0,0,2,1,E01002344,11-12-2018,1,1,1,1,33,6,3,0,0,0,0,-1,9,1
8579,87.48323703,25.78503915,1,3,2,1,5,17:30,15,E09000016,3,125,1,30,1,4,3,118,0,0,1,1,1,0,0,1,2,E01002356,13-10-2018,1,1,1,1,44,7,3,0,0,0,0,-1,9,1
8580,87.48737476,25.79077917,1,3,1,1,2,20:50,15,E09000016,3,124,6,30,0,-1,-1,0,0,0,4,1,1,0,0,1,1,E01002251,12-12-2018,2,1,1,1,-1,-1,3,0,0,0,0,-1,9,1
8581,87.49325302,25.78068538,1,3,2,1,7,11:50,15,E09000016,6,0,6,30,8,4,6,0,0,0,1,1,1,0,0,1,2,E01002361,17-12-2018,1,1,3,1,50,8,3,1,1,0,0,-1,0,1
8582,87.48226613,25.78346912,1,3,3,1,7,09:00,15,E09000016,3,12,3,50,0,-1,-1,0,0,0,1,1,1,0,0,2,1,E01002337,26-11-2018,1,1,2,1,83,11,3,0,0,0,3,-1,11,-1
8583,87.4822027,25.78238289,1,3,2,1,5,06:30,15,E09000016,3,127,3,70,6,2,5,0,0,0,4,1,2,0,0,1,1,E01002377,08-12-2018,1,2,2,2,77,11,3,0,0,0,3,-1,11,1
8584,87.49672009,25.77142513,1,3,1,1,7,16:49,15,E09000016,1,25,3,70,0,-1,-1,0,0,0,4,1,1,0,0,2,1,E01002259,10-12-2018,2,1,1,1,38,7,3,0,0,0,0,-1,5,1
8585,87.48155118,25.76817429,1,3,2,1,4,18:56,15,E09000016,5,0,6,30,3,4,5,0,0,0,4,1,1,0,0,2,1,E01015924,30-11-2018,1,1,1,1,27,6,3,0,0,0,0,-1,9,1
8586,87.45400618,25.76349692,1,3,3,2,1,11:30,15,E09000016,5,0,6,30,0,-1,-1,0,0,0,1,2,2,0,0,2,1,E01002296,11-12-2018,1,1,1,1,23,5,3,0,0,0,0,-1,9,1
8587,87.47371307,25.77752502,1,2,2,1,2,22:55,15,E09000016,5,0,6,30,8,4,6,0,0,0,4,2,2,0,0,1,1,E01002341,12-12-2018,1,1,1,2,37,7,3,0,0,0,0,-1,9,1
8588,87.45970248,25.76470021,1,3,2,1,5,17:15,15,E09000016,4,175,1,30,1,4,5,0,0,0,4,1,1,0,0,1,1,E01002332,15-12-2018,1,1,1,1,40,7,3,0,0,0,0,-1,9,1
8589,87.46757001,25.78937411,1,3,1,1,6,10:53,15,E09000016,3,125,6,30,8,4,6,0,0,0,1,1,1,0,0,1,1,E01002243,16-12-2018,2,1,2,2,76,11,3,0,0,1,0,-1,9,1
8590,87.49628451,25.78144313,1,3,1,1,5,15:00,15,E09000016,4,1459,6,30,1,4,4,174,0,4,1,1,1,0,0,1,1,E01002326,15-12-2018,1,1,3,1,9,2,3,5,2,0,0,-1,0,-1
8591,87.48428348,25.7906803,1,3,1,1,3,20:59,15,E09000016,5,0,6,30,0,-1,-1,0,0,0,4,1,1,0,0,1,1,E01002311,13-12-2018,1,1,1,1,28,6,3,0,0,0,0,-1,1,1
8592,87.45271451,25.77500978,1,3,1,1,2,17:00,15,E09000016,4,1421,6,30,0,-1,-1,0,0,0,4,1,1,0,0,1,2,E01002386,19-12-2018,1,1,3,1,2,1,3,5,1,0,0,-1,0,-1
8593,87.47414357,25.79000813,1,3,2,1,3,10:25,15,E09000016,5,0,6,30,6,2,5,0,0,5,1,1,1,0,0,1,1,E01002350,20-12-2018,1,1,1,2,29,6,3,0,0,0,0,-1,9,1
8594,87.45917399,25.78050767,1,3,2,3,6,18:00,15,E09000016,5,0,6,30,3,4,6,0,0,0,4,1,1,0,0,1,1,E01002299,23-12-2018,1,1,1,1,28,6,3,0,0,0,0,-1,3,-1
8595,87.47807291,25.76531471,1,2,1,1,5,22:08,15,E09000016,5,0,6,30,0,-1,-1,0,0,0,4,1,1,0,0,1,1,E01002282,15-12-2018,1,1,1,2,37,7,3,0,0,0,0,-1,9,1
8596,87.46641653,25.77164565,1,3,3,1,4,12:35,15,E09000016,5,0,6,30,0,-1,-1,0,0,0,1,1,1,0,0,1,1,E01002248,14-12-2018,1,2,2,1,9,2,3,0,0,1,0,-1,9,-1
8597,87.45856079,25.7725539,1,3,2,1,1,10:50,15,E09000016,5,0,6,30,8,4,6,0,0,0,1,1,1,0,0,1,1,E01002253,11-12-2018,1,1,1,1,41,7,3,0,0,0,0,-1,4,1
8598,87.49163185,25.77815581,1,3,2,2,4,19:55,15,E09000016,5,0,6,30,6,4,6,0,0,0,4,1,1,0,0,1,1,E01002273,14-12-2018,1,1,1,1,33,6,3,0,0,0,0,-1,9,1
8599,87.48451019,25.78801711,1,2,1,1,4,18:16,15,E09000016,4,1459,6,30,3,4,6,0,0,0,4,2,2,0,0,1,1,E01002304,21-12-2018,1,1,1,2,25,5,3,0,0,0,0,-1,9,1
8600,87.49142197,25.78243816,1,3,2,1,1,17:55,15,E09000016,5,0,6,30,3,4,6,0,0,0,4,1,1,0,0,1,2,E01002379,18-12-2018,1,1,1,1,33,6,3,0,0,0,0,-1,9,1
8601,87.4828132,25.76855891,1,3,2,1,1,07:40,15,E09000016,3,127,3,40,6,2,5,0,0,5,1,1,1,0,0,1,1,E01002295,25-12-2018,1,1,1,1,31,6,3,0,0,0,0,-1,9,1
8602,87.49592711,25.78026343,1,3,1,1,7,15:07,15,E09000016,4,1335,6,30,3,4,6,0,0,0,1,1,1,0,0,1,1,E01002345,31-12-2018,2,1,1,2,69,10,2,0,0,0,0,-1,9,1
8603,87.47887126,25.7732758,1,3,3,2,3,15:50,15,E09000016,1,25,3,70,0,-1,-1,0,0,0,1,1,2,0,0,2,1,E01002391,27-12-2018,1,1,1,1,19,4,3,0,0,0,0,-1,9,-1
8604,87.49915855,25.76532757,1,3,2,4,3,10:40,15,E09000016,5,0,6,30,6,4,6,0,0,0,1,3,2,0,0,1,1,E01002273,27-12-2018,1,2,2,2,23,5,3,0,0,2,0,-1,9,1
8605,87.47896148,25.78151649,1,3,2,1,7,18:55,15,E09000016,3,12,3,40,6,2,3,125,0,5,4,1,2,0,0,1,1,E01002340,24-12-2018,1,1,1,2,21,5,3,0,0,0,0,-1,9,1
8606,87.478256,25.7813216,1,3,2,1,2,13:00,15,E09000016,3,127,3,40,3,4,6,0,0,0,1,1,1,0,0,1,2,E01002378,26-12-2018,2,2,1,1,28,6,3,0,0,0,0,-1,9,-1
8607,87.49664342,25.78192027,1,3,5,2,3,08:25,15,E09000016,3,12,3,50,0,-1,-1,0,0,5,1,1,2,0,0,1,1,E01002328,13-12-2018,2,1,2,1,26,6,3,0,0,1,0,-1,9,1
8608,87.48782935,25.78491477,1,2,2,1,7,16:56,15,E09000016,6,0,6,30,0,-1,-1,0,0,0,4,1,2,0,0,1,1,E01002328,31-12-2018,1,1,1,1,43,7,2,0,0,0,0,-1,19,1
8609,87.45323517,25.7811638,1,3,2,1,7,10:00,15,E09000016,3,12,3,50,6,2,5,0,0,5,1,1,1,0,0,1,1,E01002334,31-12-2018,1,1,1,1,44,7,3,0,0,0,0,-1,9,-1
8610,87.48588859,25.77298288,1,3,2,1,5,16:50,15,E09000016,3,124,6,30,8,4,6,0,0,0,4,1,1,0,0,1,1,E01002321,15-12-2018,2,2,1,1,41,7,3,0,0,0,0,-1,9,1
8611,87.45863801,25.78309247,1,3,2,1,7,08:45,15,E09000016,4,174,6,30,3,4,6,0,0,0,1,1,1,0,0,1,2,E01002327,12-11-2018,1,1,3,2,47,8,3,5,2,0,0,-1,0,-1
8612,87.48589606,25.7645682,1,3,2,1,5,12:00,15,E09000016,4,174,6,30,1,4,5,0,0,0,1,1,1,0,0,1,2,E01002325,22-12-2018,1,1,1,2,60,9,3,0,0,0,0,-1,9,1
8613,87.48280841,25.7658672,1,3,2,1,1,01:55,15,E09000016,6,0,6,30,3,4,3,118,0,0,4,1,1,0,0,1,2,E01002337,04-12-2018,2,2,1,2,24,5,3,0,0,0,0,-1,9,-1
8614,87.45523941,25.79124367,1,3,2,3,7,15:00,15,E09000016,5,0,6,30,0,-1,-1,0,0,0,1,1,1,0,0,2,2,E01002385,05-11-2018,1,2,1,2,40,7,3,0,0,0,0,-1,9,1
8615,87.45847555,25.76738104,1,3,1,1,4,07:30,15,E09000016,5,0,6,30,0,-1,-1,0,0,0,1,1,2,0,0,1,1,E01002282,16-11-2018,1,3,2,1,8,2,3,0,0,1,0,-1,9,-1
8616,87.49228298,25.76417567,1,3,2,2,6,17:53,15,E09000016,6,0,6,30,6,4,6,0,0,0,1,1,1,0,0,1,1,E01002301,26-08-2018,2,1,2,1,28,6,2,0,0,1,0,-1,9,1
8617,87.46792591,25.76645861,1,3,3,1,5,12:00,15,E09000016,5,0,6,30,0,-1,-1,0,0,0,1,7,2,0,0,1,1,E01002253,22-12-2018,1,1,1,1,19,4,3,0,0,0,0,-1,1,1
8618,87.47987275,25.77076688,1,3,2,1,7,17:30,15,E09000016,6,0,6,30,3,4,6,0,0,0,1,1,1,0,0,2,2,E01002337,15-10-2018,1,1,3,2,21,5,3,4,3,0,0,-1,0,1
8619,87.48312953,25.77093944,1,3,2,1,7,15:00,15,E09000016,3,127,3,40,0,-1,-1,0,0,0,1,1,1,0,0,1,1,E01002293,24-12-2018,2,1,1,1,43,7,3,0,0,0,0,-1,1,-1
8620,87.46497435,25.77716172,1,3,2,1,2,11:00,15,E09000016,6,0,6,30,0,-1,-1,0,0,0,1,1,1,0,0,1,2,E01002354,28-11-2018,1,1,1,2,25,5,3,0,0,0,0,-1,9,1
8621,87.46986761,25.76988414,1,3,2,1,7,23:55,17,E09000025,3,112,6,30,6,4,3,112,0,0,4,1,1,0,0,1,1,E01003614,01-01-2018,2,2,1,2,43,7,3,0,0,0,0,-1,9,1
8622,87.46986713,25.76640662,1,3,2,1,7,21:26,17,E09000025,4,165,1,30,2,4,4,167,0,1,4,1,1,0,0,1,1,E01003569,01-01-2018,1,1,1,1,37,7,3,0,0,0,0,-1,9,-1
8623,87.46539096,25.76971691,1,3,2,3,2,17:30,17,E09000025,3,117,6,30,3,1,5,0,2,0,4,1,1,0,0,1,1,E01003540,03-01-2018,1,1,1,1,18,4,3,0,0,0,0,-1,3,1
8624,87.45699353,25.77847637,1,3,2,1,3,18:30,17,E09000025,5,0,6,30,0,-1,-1,0,0,0,4,2,2,0,0,1,1,E01003605,04-01-2018,1,1,1,1,21,5,3,0,0,0,0,-1,5,1
8625,87.46781138,25.76601902,1,3,2,1,4,07:19,5,E09000030,3,13,6,30,0,-1,-1,0,0,0,1,1,1,0,0,1,1,,05-01-2018,1,1,2,2,43,7,2,0,0,1,0,-1,9,-1
8626,87.45257581,25.76402469,1,3,1,1,4,08:49,17,E09000025,4,167,6,50,0,-1,-1,0,0,0,1,1,2,0,0,1,1,E01003573,05-01-2018,1,1,1,2,23,5,3,0,0,0,0,-1,9,1
8627,87.45805543,25.78081206,1,3,3,1,7,03:47,17,E09000025,3,1011,6,30,0,-1,-1,0,0,0,4,2,2,0,0,1,1,E01003504,08-01-2018,2,2,1,2,20,4,3,0,0,0,0,-1,9,-1
8628,87.47778085,25.76541646,1,3,2,1,5,18:30,17,E09000025,3,118,6,30,3,4,6,0,0,0,4,1,1,0,0,1,1,E01003618,06-01-2018,2,1,1,1,34,6,3,0,0,0,0,-1,1,1
8629,87.45363778,25.77655129,1,3,2,1,5,18:15,17,E09000025,3,13,6,30,7,4,3,406,0,0,4,1,1,0,0,1,1,E01003482,06-01-2018,2,1,1,2,48,8,3,0,0,0,0,-1,9,-1
8630,87.47785779,25.78067665,1,3,4,2,5,11:30,17,E09000025,3,13,3,40,0,-1,-1,0,0,0,1,1,1,0,0,1,1,E01003505,06-01-2018,2,1,1,2,45,7,3,0,0,0,0,-1,9,1
8631,87.46369671,25.76753043,1,3,2,1,6,14:20,17,E09000025,3,118,6,30,0,-1,-1,0,0,0,1,1,1,0,0,1,1,E01003619,07-01-2018,2,1,1,1,43,7,3,0,0,0,0,-1,9,1
8632,87.47934227,25.76802484,1,3,1,1,7,22:02,17,E09000025,3,115,3,40,3,4,3,11,0,4,4,1,1,0,0,1,1,E01003613,08-01-2018,1,1,3,2,37,7,2,5,1,0,0,-1,0,-1
8633,87.47616147,25.77636717,1,3,2,1,1,16:09,17,E09000025,3,124,6,30,6,4,6,0,0,0,4,2,2,0,0,1,1,E01003493,09-01-2018,2,1,1,1,48,8,2,0,0,0,0,-1,9,1
8634,87.46327042,25.772134,1,3,2,5,5,11:04,17,E09000025,6,0,6,30,0,-1,-1,0,0,0,1,1,2,0,0,1,1,E01003613,06-01-2018,1,1,3,1,-1,-1,3,5,1,0,0,-1,0,-1
8635,87.4722519,25.78529685,1,3,2,1,6,18:06,17,E09000025,3,124,6,30,3,4,5,0,0,0,4,2,2,0,0,1,1,E01003501,07-01-2018,1,1,1,1,47,8,3,0,0,0,0,-1,9,-1
8636,87.45392723,25.76597256,1,3,2,2,7,15:25,17,E09000025,3,118,3,30,0,-1,-1,0,0,0,1,1,1,0,0,1,1,E01003591,08-01-2018,1,1,1,2,37,7,3,0,0,0,0,-1,9,1
8637,87.47262419,25.77199123,1,3,1,1,4,13:20,17,E09000025,6,0,6,30,0,-1,-1,0,0,0,1,1,1,0,0,1,1,E01003528,05-01-2018,1,1,1,2,77,11,3,0,0,0,0,-1,9,1
8638,87.48873563,25.77990514,1,3,1,1,7,14:20,17,E09000025,6,0,6,30,3,4,5,0,0,0,1,1,1,0,0,1,1,E01003486,08-01-2018,2,2,1,1,50,8,3,0,0,0,0,-1,5,1
8639,87.48803333,25.76495006,1,3,2,1,2,18:10,17,E09000025,4,165,6,30,3,4,6,0,0,0,4,2,2,0,0,1,3,E01003596,10-01-2018,1,1,2,2,22,5,3,0,0,1,0,-1,9,-1
8640,87.46076778,25.76600304,1,3,2,1,2,16:39,17,E09000025,3,124,6,30,0,-1,-1,0,0,0,4,2,2,0,0,1,1,E01003507,10-01-2018,2,1,1,2,31,6,3,0,0,0,0,-1,9,-1
8641,87.45586541,25.78859361,1,3,2,1,4,07:45,17,E09000025,3,1011,1,30,1,4,3,13,0,1,1,1,1,0,0,1,2,E01003497,05-01-2018,1,1,1,1,26,6,3,0,0,0,0,-1,9,1
8642,87.48310821,25.79013033,1,3,2,1,6,02:20,17,E09000025,3,13,1,30,1,4,3,406,0,0,4,1,1,0,0,1,1,E01003535,14-01-2018,1,1,1,1,42,7,3,0,0,0,0,-1,9,1
8643,87.47835125,25.7737527,1,3,2,1,4,13:33,17,E09000025,5,0,6,30,0,-1,-1,0,0,0,1,1,1,0,0,1,1,E01003516,12-01-2018,2,1,1,1,30,6,3,0,0,0,0,-1,9,1
8644,87.48645333,25.77974225,1,3,3,1,4,18:25,17,E09000025,3,13,3,40,7,4,3,1011,0,0,4,1,2,0,0,1,1,E01003503,19-01-2018,1,1,1,1,38,7,3,0,0,0,0,-1,2,1
8645,87.48975449,25.78452871,1,3,2,1,5,09:57,17,E09000025,6,0,6,30,3,4,3,1011,0,0,1,1,1,0,0,1,1,E01003612,13-01-2018,2,1,1,1,27,6,3,0,0,0,0,-1,19,1
8646,87.47434057,25.78638391,1,3,3,1,3,06:45,17,E09000025,3,13,3,40,0,-1,-1,0,0,0,1,1,1,0,0,1,1,E01003535,11-01-2018,2,1,1,1,26,6,3,0,0,0,0,-1,9,-1
8647,87.4926322,25.76735472,1,3,2,1,2,09:45,17,E09000025,6,0,6,30,3,4,3,124,0,0,1,1,1,0,0,1,1,E01003493,17-01-2018,1,1,1,1,35,6,3,0,0,0,0,-1,9,-1
8648,87.47587292,25.76936694,1,3,1,1,2,11:45,17,E09000025,4,165,6,30,0,-1,-1,0,0,0,1,1,2,0,0,1,1,E01003566,10-01-2018,1,2,2,2,-1,-1,3,0,0,1,0,-1,9,-1
8649,87.47721946,25.77152472,1,3,2,1,7,18:45,17,E09000025,3,124,6,30,3,4,6,0,0,0,4,1,1,0,0,1,1,E01003605,15-01-2018,1,1,3,1,10,2,3,5,1,0,0,-1,0,1
8650,87.48308141,25.78083107,1,3,1,1,3,19:05,17,E09000025,3,13,3,30,7,4,3,117,0,0,4,1,1,0,0,1,1,E01003482,18-01-2018,1,1,1,1,18,4,3,0,0,0,0,-1,9,-1
8651,87.48157538,25.77905094,1,2,2,2,7,02:20,17,E09000025,3,1011,6,30,3,4,3,1011,0,0,4,2,2,0,0,1,1,E01003500,15-01-2018,3,1,1,1,54,8,3,0,0,0,0,-1,9,2
8652,87.47728627,25.76617516,1,2,8,1,4,11:04,17,E09000025,6,0,6,30,0,-1,-1,0,0,0,1,1,1,0,0,1,1,E01003579,19-01-2018,1,1,1,2,22,5,3,0,0,0,0,-1,9,-1
8653,87.47236964,25.78053999,1,2,2,1,4,00:40,17,E09000025,3,117,6,30,3,2,3,124,0,0,4,4,1,0,0,1,1,E01003525,19-01-2018,1,1,1,2,25,5,3,0,0,0,0,-1,9,1
8654,87.49617606,25.79047502,1,3,1,1,1,15:01,17,E09000025,3,124,6,50,6,2,3,112,0,0,1,1,1,0,0,1,1,E01003602,23-01-2018,1,1,2,2,-1,-1,3,0,0,1,0,-1,9,-1
8655,87.47926372,25.77058632,1,3,2,1,1,22:00,17,E09000025,4,167,6,30,3,4,6,0,0,0,4,1,1,0,0,1,3,E01003567,23-01-2018,2,1,1,1,18,4,3,0,0,0,0,-1,4,1
8656,87.47387007,25.76841139,1,3,2,1,2,18:30,17,E09000025,3,124,1,30,1,4,3,1011,0,0,1,1,1,0,0,1,2,E01003503,24-01-2018,1,1,1,1,43,7,3,0,0,0,0,-1,9,1
8657,87.47724409,25.79062209,1,2,2,1,2,16:35,17,E09000025,6,0,6,30,0,-1,-1,0,0,0,1,1,1,0,0,1,1,E01003625,24-01-2018,1,1,1,2,51,8,3,0,0,0,0,-1,9,1
8658,87.47965312,25.76739469,1,3,1,1,4,11:20,17,E09000025,3,13,6,30,0,-1,-1,0,0,0,1,1,1,0,0,1,1,E01003516,26-01-2018,1,1,1,2,25,5,3,0,0,0,0,-1,9,1
8659,87.47622824,25.7754703,1,3,1,2,4,09:05,17,E09000025,4,109,9,30,0,-1,-1,0,0,1,1,1,1,0,0,1,1,E01003562,26-01-2018,1,1,1,1,46,8,3,0,0,0,0,-1,9,1
8660,87.45545636,25.76981816,1,3,2,1,5,13:52,17,E09000025,3,11,3,30,7,4,3,11,0,5,1,1,1,0,0,1,1,E01003619,06-01-2018,2,2,2,2,-1,-1,3,0,0,1,0,-1,9,-1
8661,87.45283309,25.77169663,1,3,2,2,6,16:40,17,E09000025,3,11,3,30,0,-1,-1,0,0,0,1,1,1,0,0,1,2,E01003613,07-01-2018,2,1,1,1,42,7,3,0,0,0,0,-1,11,-1
8662,87.47822394,25.76528977,1,3,2,1,3,10:24,17,E09000025,3,124,6,30,3,4,6,0,0,0,1,1,1,0,0,1,1,E01003525,11-01-2018,1,1,3,2,75,10,2,1,1,0,0,-1,0,-1
8663,87.46556832,25.76785686,1,3,2,3,1,08:30,17,E09000025,5,0,6,30,3,4,5,0,0,0,1,1,1,0,0,1,2,E01003518,16-01-2018,1,1,2,1,-1,-1,3,0,0,0,4,-1,11,1
8664,87.48889703,25.78598237,1,3,1,1,2,17:09,17,E09000025,3,124,6,30,0,-1,-1,0,0,0,4,2,2,0,0,1,1,E01003605,17-01-2018,1,1,1,1,34,6,3,0,0,0,0,-1,5,1
8665,87.4883416,25.7819382,1,3,1,1,7,01:45,17,E09000025,3,118,1,30,1,4,3,11,0,0,4,1,1,0,0,1,1,E01003619,22-01-2018,1,1,1,2,38,7,3,0,0,0,0,-1,9,1
8666,87.48953927,25.77091724,1,3,1,1,6,12:30,17,E09000025,3,117,6,30,7,2,5,0,0,5,1,1,1,0,0,1,1,E01003520,21-01-2018,1,1,1,2,38,7,3,0,0,0,0,-1,9,1
8667,87.4727616,25.77666141,1,3,3,1,4,18:11,17,E09000025,6,0,6,30,0,-1,-1,0,0,0,4,1,1,0,0,1,1,E01003583,26-01-2018,2,2,1,2,39,7,3,0,0,0,0,-1,9,1
8668,87.48325165,25.78610272,1,2,1,1,2,15:20,17,E09000025,3,124,6,30,3,4,6,0,0,0,1,1,1,0,0,1,1,E01003507,24-01-2018,1,1,2,1,38,7,3,0,0,0,3,-1,11,1
8669,87.49631109,25.76948555,1,3,2,2,6,10:30,17,E09000025,3,11,6,30,3,4,6,0,0,0,1,2,2,0,0,1,1,E01003613,28-01-2018,1,2,2,2,73,10,3,0,0,0,4,-1,11,1
8670,87.48868254,25.77493116,1,3,1,1,1,17:38,17,E09000025,3,118,7,30,0,-1,-1,0,0,0,4,1,2,0,0,1,1,E01003576,30-01-2018,1,3,2,1,86,11,3,0,0,0,4,-1,11,1
8671,87.47581653,25.78770556,1,3,1,1,2,22:23,17,E09000025,3,11,3,30,9,2,3,11,0,0,4,1,1,0,0,1,1,E01003620,31-01-2018,1,1,3,1,66,10,3,4,1,0,0,-1,0,-1
8672,87.48685773,25.77162911,1,3,2,1,1,20:10,17,E09000025,6,0,6,30,3,4,3,11,0,0,4,1,1,0,0,1,1,E01003615,30-01-2018,1,1,3,2,21,5,3,5,1,0,0,-1,0,1
8673,87.46060388,25.77555087,1,3,2,2,7,20:25,17,E09000025,4,167,6,30,8,4,6,0,0,0,4,1,1,0,0,1,1,E01003570,05-02-2018,1,1,1,2,34,6,3,0,0,0,0,-1,9,1
8674,87.47613129,25.7809253,1,3,2,1,4,13:48,17,E09000025,3,11,6,30,3,2,3,115,0,0,1,1,1,0,0,1,1,E01003613,26-01-2018,1,2,2,1,1,1,3,0,0,1,0,-1,9,-1
8675,87.45760936,25.78483606,1,3,2,1,7,23:10,17,E09000025,3,118,6,30,3,2,4,165,0,0,4,1,1,0,0,1,1,E01003576,29-01-2018,1,3,2,2,-1,-1,3,0,0,2,0,-1,9,-1