Accident_Index,longitude,latitude,Police_Force,Accident_Severity,Number_of_Vehicles,Number_of_Casualties,Day_of_Week,Time,Local_Authority_(District),Local_Authority_(Highway),1st_Road_Class,1st_Road_Number,Road_Type,Speed_limit,Junction_Detail,Junction_Control,2nd_Road_Class,2nd_Road_Number,Pedestrian_Crossing-Human_Control,Pedestrian_Crossing-Physical_Facilities,Light_Conditions,Weather_Conditions,Road_Surface_Conditions,Special_Conditions_at_Site,Carriageway_Hazards,Urban_or_Rural_Area,Did_Police_Officer_Attend_Scene_of_Accident,LSOA_of_Accident_Location,Date,Vehicle_Reference,Casualty_Reference,Casualty_Class,Sex_of_Casualty,Age_of_Casualty,Age_Band_of_Casualty,Casualty_Severity,Pedestrian_Location,Pedestrian_Movement,Car_Passenger,Bus_or_Coach_Passenger,Pedestrian_Road_Maintenance_Worker,Casualty_Type,Casualty_Home_Area_Type
8676,87.47718226,25.76659448,1,3,2,1,6,17:30,17,E09000025,3,117,1,30,1,4,3,1020,0,0,4,1,1,0,0,1,1,E01003482,28-01-2018,1,1,1,2,-1,-1,2,0,0,0,0,-1,9,-1
8677,87.49908824,25.78283902,1,3,2,1,4,20:25,17,E09000025,6,0,6,30,9,4,6,0,0,0,4,1,1,0,0,1,3,E01003482,02-02-2018,1,1,1,1,41,7,3,0,0,0,0,-1,5,1
8678,87.45726479,25.7653724,1,3,2,1,5,09:00,17,E09000025,3,117,6,30,0,-1,-1,0,0,0,1,1,1,0,0,1,3,E01003481,03-02-2018,1,1,1,1,35,6,3,0,0,0,0,-1,3,1
8679,87.45526608,25.78001137,1,3,2,1,3,13:30,13,E09000031,6,0,6,30,6,4,6,0,0,0,1,1,1,0,0,1,2,E01004331,04-01-2018,1,1,3,1,61,9,3,1,2,0,0,-1,0,1
8680,87.46516493,25.78145379,1,3,1,1,6,12:03,17,E09000025,3,114,6,30,3,4,6,0,0,4,1,1,1,0,0,1,2,E01003558,21-01-2018,1,1,2,1,4,1,3,0,0,0,3,-1,11,1
8681,87.45460679,25.77514953,1,3,1,1,1,14:40,17,E09000025,4,167,6,30,6,4,6,0,0,0,1,1,1,0,0,1,1,E01003491,23-01-2018,1,1,1,1,61,9,3,0,0,0,0,-1,3,1
8682,87.4882757,25.77372971,1,3,2,1,3,13:04,17,E09000025,6,0,6,30,0,-1,-1,0,0,0,1,1,1,0,0,1,1,E01003613,25-01-2018,1,1,2,1,36,7,3,0,0,0,3,-1,11,1
8683,87.45283534,25.78585566,1,3,1,1,2,14:35,17,E09000025,3,124,6,30,6,4,6,0,0,1,1,1,1,0,0,1,1,E01003493,31-01-2018,1,1,2,1,23,5,3,0,0,1,0,-1,9,1
8684,87.4763437,25.7871782,1,3,3,2,3,13:05,17,E09000025,5,0,3,40,0,-1,-1,0,0,0,1,1,1,0,0,1,1,E01003513,01-02-2018,1,1,1,1,53,8,3,0,0,0,0,-1,9,1
8685,87.48674648,25.77538104,1,3,2,1,4,17:30,17,E09000025,6,0,6,30,0,-1,-1,0,0,0,4,1,2,0,0,1,3,E01003534,02-02-2018,1,1,3,1,10,2,3,9,5,0,0,-1,0,1
8686,87.48718963,25.7660647,1,3,2,1,4,21:25,17,E09000025,6,0,6,30,9,4,6,0,0,0,4,1,1,0,0,1,1,E01003482,02-02-2018,1,1,1,2,33,6,3,0,0,0,0,-1,9,1
8687,87.46283916,25.78492117,1,3,1,1,7,16:33,17,E09000025,3,124,6,30,0,-1,-1,0,0,0,1,1,1,0,0,1,1,E01003508,05-02-2018,1,1,1,2,44,7,3,0,0,0,0,-1,9,1
8688,87.49833839,25.78945537,1,3,1,1,7,12:06,17,E09000025,3,117,6,30,3,4,6,0,0,0,1,1,1,0,0,1,1,E01003589,05-02-2018,1,3,2,1,20,4,3,0,0,1,0,-1,9,1
8689,87.48495065,25.77212406,1,3,1,1,7,12:17,17,E09000025,3,112,6,30,3,4,6,0,0,1,1,1,1,0,0,1,1,E01003630,05-02-2018,2,2,1,2,20,4,3,0,0,0,0,-1,9,1
8690,87.45700871,25.78915734,1,3,1,2,7,12:08,17,E09000025,4,167,6,30,6,2,3,124,0,5,1,1,1,0,0,1,1,E01003492,05-02-2018,2,1,1,2,37,7,3,0,0,0,0,-1,9,2
8691,87.46339251,25.7793025,1,3,1,1,7,02:20,17,E09000025,3,118,6,30,6,2,3,117,0,5,4,1,1,0,0,1,1,E01003591,05-02-2018,1,1,1,2,34,6,3,0,0,0,0,-1,9,1
8692,87.48880468,25.78513786,1,3,2,1,4,15:45,17,E09000025,3,124,6,30,3,4,6,0,0,0,1,1,1,0,0,1,1,E01003493,02-02-2018,1,1,1,1,32,6,3,0,0,0,0,-1,9,1
8693,87.46288335,25.78800868,1,3,2,1,1,06:30,17,E09000025,3,124,6,30,3,4,6,0,0,0,4,1,2,0,0,1,1,E01003523,06-02-2018,1,2,2,1,-1,-1,3,0,0,1,0,-1,9,-1
8694,87.49907708,25.76588852,1,3,1,1,2,02:30,17,E09000025,6,0,6,30,3,4,3,114,0,1,4,1,1,0,0,1,1,E01003598,07-02-2018,1,1,1,1,55,8,3,0,0,0,0,-1,9,1
8695,87.48777046,25.78707798,1,2,2,1,3,18:30,17,E09000025,3,1011,1,30,1,4,3,124,0,0,4,1,1,0,0,1,2,E01003503,08-02-2018,2,1,2,2,15,3,3,0,0,2,0,-1,9,1
8696,87.48801086,25.76997107,1,3,2,1,5,23:59,17,E09000025,3,13,3,40,0,-1,-1,0,0,0,4,2,2,0,0,1,1,E01003508,10-02-2018,1,1,2,1,21,5,3,0,0,1,0,-1,9,-1
8697,87.4784222,25.76571989,1,3,2,1,6,18:30,17,E09000025,3,117,6,30,6,4,3,117,0,1,4,1,1,0,0,1,2,E01003611,28-01-2018,1,2,1,1,23,5,3,0,0,0,0,-1,9,1
8698,87.48753962,25.77334668,1,3,1,1,2,08:52,17,E09000025,3,114,6,30,3,4,6,0,0,4,1,1,1,0,0,1,1,E01003556,07-02-2018,2,3,1,2,43,7,3,0,0,0,0,-1,9,-1
8699,87.49425812,25.7725909,1,3,2,1,6,08:43,17,E09000025,3,117,6,30,3,4,6,0,0,1,1,1,2,0,0,1,1,E01003540,11-02-2018,2,4,2,2,88,11,2,0,0,1,0,-1,9,1
8700,87.49315518,25.76572152,1,3,2,1,6,13:41,17,E09000025,3,124,6,30,3,4,6,0,0,0,1,2,2,0,0,1,1,E01003622,11-02-2018,1,1,1,2,45,7,3,0,0,0,0,-1,9,1
8701,87.46621462,25.76413528,1,3,1,1,2,18:00,17,E09000025,3,112,6,30,0,-1,-1,0,0,0,1,1,1,0,0,1,3,E01003601,07-02-2018,2,1,1,1,25,5,2,0,0,0,0,-1,5,1
8702,87.45212695,25.78267485,1,3,2,1,6,00:15,17,E09000025,6,0,6,20,0,-1,-1,0,0,0,4,2,2,0,0,1,1,E01003530,11-02-2018,2,2,2,1,26,6,3,0,0,0,0,-1,5,1
8703,87.4944111,25.79259616,1,3,3,3,7,15:26,17,E09000025,3,406,3,50,0,-1,-1,0,0,0,1,2,2,0,0,1,1,E01003480,12-02-2018,1,1,1,1,32,6,3,0,0,0,0,-1,9,1
8704,87.47874751,25.77857815,1,3,2,1,7,19:52,17,E09000025,4,165,6,30,3,4,6,0,0,1,4,1,1,0,0,1,1,E01003575,12-02-2018,1,1,3,2,53,8,3,5,1,0,0,-1,0,1
8705,87.45950328,25.77233207,1,3,1,1,2,17:50,17,E09000025,6,0,6,30,3,4,3,124,0,5,4,2,2,0,0,1,1,E01003493,14-02-2018,1,2,3,1,53,8,3,5,1,0,0,-1,0,1
8706,87.47853424,25.7817709,1,3,2,2,3,13:25,17,E09000025,3,117,3,30,3,4,3,13,0,8,1,1,1,0,0,1,1,E01003482,15-02-2018,1,1,3,1,11,3,2,5,1,0,0,-1,0,1
8707,87.49263782,25.78747381,1,3,2,1,4,13:00,17,E09000025,6,0,2,30,3,4,3,11,0,0,1,1,1,0,0,1,1,E01003616,16-02-2018,1,1,3,2,64,9,3,5,3,0,0,-1,0,1
8708,87.47411885,25.78688009,1,3,1,1,4,13:54,17,E09000025,3,112,6,30,3,4,3,112,0,4,1,1,1,0,0,1,1,E01003619,16-02-2018,1,1,1,2,57,9,3,0,0,0,0,-1,9,1
8709,87.48298929,25.76499239,1,3,1,1,5,13:45,17,E09000025,6,0,6,30,3,4,3,118,0,1,1,1,2,0,0,1,1,E01003586,17-02-2018,1,1,1,2,27,6,2,0,0,0,0,-1,9,1
8710,87.48239988,25.76462551,1,3,2,1,1,16:40,17,E09000025,3,118,6,30,6,2,4,164,0,0,1,1,1,0,0,1,1,E01003559,20-02-2018,2,2,1,2,-1,-1,2,0,0,0,0,-1,2,-1
8711,87.48870195,25.76326485,1,3,1,1,2,10:51,17,E09000025,3,117,2,30,0,-1,-1,0,0,0,1,1,1,0,0,1,1,E01003520,14-02-2018,2,1,1,1,22,5,3,0,0,0,0,-1,19,-1
8712,87.47826036,25.78264321,1,3,2,1,2,14:22,17,E09000025,6,0,2,30,1,4,6,0,0,0,1,1,1,0,0,1,1,E01003482,14-02-2018,1,1,1,2,24,5,3,0,0,0,0,-1,9,1
8713,87.46178177,25.78280051,1,3,2,2,4,12:57,17,E09000025,3,117,6,30,0,-1,-1,0,0,0,1,1,1,0,0,1,1,E01003482,16-02-2018,1,1,3,1,13,3,3,5,3,0,0,-1,0,-1
8714,87.46071852,25.76415365,1,3,2,1,7,08:48,17,E09000025,3,11,6,30,0,-1,-1,0,0,1,1,1,1,0,0,1,1,E01003616,19-02-2018,1,1,1,1,34,6,3,0,0,0,0,-1,1,1
8715,87.47978633,25.76963285,1,3,2,1,4,19:15,17,E09000025,3,118,6,30,6,2,3,117,0,5,4,1,1,0,0,1,2,E01003591,16-02-2018,1,1,1,1,25,5,2,0,0,0,0,-1,9,1
8716,87.49489202,25.77323124,1,3,2,1,4,18:20,17,E09000025,3,117,6,30,1,4,3,117,0,0,4,1,1,0,0,1,1,E01003486,02-02-2018,1,2,2,2,19,4,2,0,0,1,0,-1,9,1
8717,87.48685451,25.76941278,1,3,1,1,4,16:20,17,E09000025,6,0,3,30,3,4,3,11,0,5,1,1,1,0,0,1,1,E01003620,09-02-2018,1,1,3,2,24,5,3,6,9,0,0,-1,0,1
8718,87.45573649,25.77839624,1,3,3,1,1,22:35,17,E09000025,3,406,3,50,7,4,3,13,0,0,4,1,1,0,0,1,1,E01003535,23-01-2018,1,1,1,2,32,6,3,0,0,0,0,-1,9,1
8719,87.48660098,25.76511326,1,3,2,1,2,11:16,17,E09000025,3,117,1,30,1,2,3,1020,0,0,1,1,1,0,0,1,1,E01003482,07-02-2018,2,1,1,2,24,5,3,0,0,0,0,-1,9,1
8720,87.45777577,25.77383629,1,3,2,1,2,18:30,17,E09000025,3,118,6,30,3,4,3,118,0,0,4,2,2,0,0,1,1,E01003586,21-02-2018,1,1,3,1,21,5,3,5,3,0,0,-1,0,1
8721,87.47869254,25.79072973,1,3,1,1,5,09:50,17,E09000025,6,0,6,30,3,4,3,112,0,1,1,2,2,0,0,1,1,E01003601,24-02-2018,1,1,1,1,43,7,3,0,0,0,0,-1,9,1
8722,87.45592943,25.76368369,1,3,2,1,6,13:50,17,E09000025,3,13,3,40,0,-1,-1,0,0,0,1,1,1,0,0,1,1,E01003604,25-02-2018,1,2,1,1,63,9,3,0,0,0,0,-1,9,1
8723,87.45975613,25.76521594,1,3,2,1,4,06:10,17,E09000025,3,117,3,30,6,4,3,13,0,0,1,3,3,0,0,1,1,E01003482,23-02-2018,2,1,1,1,17,4,2,0,0,0,0,-1,3,1
8724,87.46598859,25.78042438,1,3,3,2,3,20:19,17,E09000025,3,117,6,30,3,4,6,0,0,0,4,1,1,0,0,1,1,E01003538,08-02-2018,1,1,2,1,13,3,3,0,0,2,0,-1,9,1
8725,87.46697125,25.7923757,1,3,2,1,4,16:10,17,E09000025,3,112,6,30,0,-1,-1,0,0,0,1,1,1,0,0,1,1,E01003630,23-02-2018,1,2,2,1,12,3,3,0,0,2,0,-1,9,-1
8726,87.46831886,25.76918678,1,3,1,1,5,19:05,17,E09000025,3,112,6,30,0,-1,-1,0,0,0,4,3,3,0,0,1,1,E01003633,24-02-2018,1,1,1,2,34,6,3,0,0,0,0,-1,9,1
8727,87.48747179,25.77552815,1,3,1,1,2,08:24,17,E09000025,5,0,6,30,3,4,4,161,0,0,1,1,1,0,0,1,1,E01003550,28-02-2018,2,1,1,2,44,7,3,0,0,0,0,-1,9,1
8728,87.461364,25.77370583,1,3,2,1,5,14:20,17,E09000025,3,1011,6,30,0,-1,-1,0,0,0,1,2,2,0,0,1,3,E01003500,10-02-2018,2,1,1,1,23,5,3,0,0,0,0,-1,9,1
8729,87.49513247,25.77560865,1,3,2,1,5,16:50,17,E09000025,3,112,6,30,0,-1,-1,0,0,0,1,1,1,0,0,1,2,E01003636,10-02-2018,1,1,1,1,21,5,3,0,0,0,0,-1,9,1
8730,87.46394667,25.782545,1,3,2,1,3,17:20,17,E09000025,3,118,6,30,0,-1,-1,0,0,0,4,1,1,0,0,1,2,E01003619,15-02-2018,1,1,1,2,43,7,3,0,0,0,0,-1,9,1
8731,87.46261625,25.78570505,1,3,1,1,1,00:53,17,E09000025,5,0,1,30,1,4,6,0,0,0,4,1,1,0,0,1,1,E01003486,27-02-2018,2,1,1,1,13,3,2,0,0,0,0,-1,1,1
8732,87.48303982,25.77389961,1,3,3,1,2,15:30,17,E09000025,3,124,6,30,0,-1,-1,0,0,0,1,1,1,0,0,1,1,E01003622,28-02-2018,1,1,1,2,21,5,2,0,0,0,0,-1,9,1
8733,87.4824411,25.79014921,1,3,2,2,5,18:45,17,E09000025,3,117,7,30,5,2,3,13,0,0,4,1,1,0,0,1,2,E01003482,03-03-2018,2,1,1,1,-1,-1,3,0,0,0,0,-1,1,1
8734,87.47546287,25.76553905,1,3,2,1,3,06:55,17,E09000025,3,118,6,30,6,2,4,167,0,0,1,1,1,0,0,1,1,E01003567,08-03-2018,1,1,3,1,28,6,2,1,4,0,0,-1,0,1
8735,87.47394645,25.78479682,1,3,2,2,1,10:37,17,E09000025,3,11,3,30,3,2,3,115,0,5,1,1,1,0,0,1,1,E01003620,06-03-2018,2,1,1,1,42,7,3,0,0,0,0,-1,5,1
8736,87.49555952,25.76866881,1,3,2,1,1,14:00,17,E09000025,5,0,6,30,3,4,6,0,0,0,1,1,1,0,0,1,1,E01003500,06-03-2018,1,1,3,1,11,3,3,5,1,0,0,-1,0,-1
8737,87.4928219,25.78550823,1,3,1,1,7,13:37,17,E09000025,4,167,6,30,0,-1,-1,0,0,0,1,1,1,0,0,1,1,E01003569,05-03-2018,2,1,1,2,25,5,2,0,0,0,0,-1,9,1
8738,87.49086059,25.77470559,1,3,2,1,4,11:00,17,E09000025,6,0,6,30,0,-1,-1,0,0,0,1,1,1,0,0,1,2,E01003564,09-03-2018,1,1,1,2,56,9,3,0,0,0,0,-1,9,-1
8739,87.45578452,25.76545812,1,3,2,1,6,21:42,17,E09000025,3,13,3,40,0,-1,-1,0,0,0,4,1,1,0,0,1,1,E01003503,25-03-2018,1,1,1,1,49,8,3,0,0,0,0,-1,9,1
8740,87.48603845,25.77796328,1,3,1,2,5,18:00,17,E09000025,6,0,6,30,3,4,3,117,0,0,4,2,2,0,0,1,1,E01003587,10-02-2018,1,1,3,1,23,5,3,9,6,0,0,-1,0,1
8741,87.45970563,25.77149119,1,3,1,1,4,03:33,17,E09000025,4,167,6,30,3,4,4,167,0,0,4,3,3,0,0,1,1,E01003562,23-02-2018,2,1,1,1,36,7,3,0,0,0,0,-1,9,1
8742,87.4922551,25.76810553,1,3,1,1,1,18:50,17,E09000025,5,0,6,30,3,4,5,0,0,0,4,1,1,0,0,1,1,E01003579,06-03-2018,2,1,1,1,22,5,3,0,0,0,0,-1,9,1
8743,87.49283352,25.76630707,1,3,3,2,2,18:27,17,E09000025,3,13,3,40,0,-1,-1,0,0,0,4,2,2,0,0,1,1,E01003536,07-03-2018,2,2,2,1,22,5,3,0,0,1,0,-1,9,-1
8744,87.49331629,25.77702545,1,3,1,2,2,13:45,17,E09000025,4,166,6,30,0,-1,-1,0,0,0,1,2,2,0,0,1,1,E01003499,07-03-2018,2,1,1,1,42,7,3,0,0,0,0,-1,8,1
8745,87.4874081,25.77077222,1,3,2,1,1,21:20,17,E09000025,3,13,1,30,1,2,3,406,0,0,4,1,1,0,0,1,1,E01003535,20-03-2018,1,1,1,1,52,8,3,0,0,0,0,-1,9,1
8746,87.48129038,25.7711152,1,3,2,1,3,10:10,17,E09000025,3,13,7,30,0,-1,-1,0,0,0,1,1,1,0,0,1,1,E01003482,15-03-2018,3,1,1,1,30,6,3,0,0,0,0,-1,3,1
8747,87.48719637,25.77344339,1,3,2,1,5,11:35,17,E09000025,6,0,6,30,3,4,3,112,0,0,1,2,2,0,0,1,1,E01003516,10-03-2018,2,1,2,2,20,4,3,0,0,1,0,-1,9,1
8748,87.48998008,25.79140164,1,3,2,1,2,13:01,17,E09000025,6,0,6,30,6,4,4,109,0,0,1,1,1,0,0,1,1,E01003562,21-03-2018,1,1,3,2,13,3,3,5,3,0,0,-1,0,1
8749,87.49892766,25.77517191,1,3,1,1,5,16:00,17,E09000025,6,0,6,30,0,-1,-1,0,0,0,1,1,1,0,0,1,1,E01003556,17-03-2018,1,1,3,2,16,4,3,9,9,0,0,-1,0,1
8750,87.47125716,25.78667015,1,3,1,1,7,23:50,17,E09000025,3,118,6,30,3,4,4,167,0,0,4,1,1,0,0,1,1,E01003570,19-03-2018,1,1,3,2,37,7,3,6,9,0,0,-1,0,1
8751,87.46771238,25.78281554,1,3,2,1,1,13:27,17,E09000025,6,0,6,30,9,4,6,0,0,0,1,1,1,0,0,1,1,E01003611,06-03-2018,1,1,1,1,53,8,3,0,0,0,0,-1,9,1
8752,87.46362662,25.77897165,1,3,2,2,1,07:20,17,E09000025,3,118,6,30,6,2,4,164,0,0,1,1,1,0,0,1,1,E01003618,13-03-2018,1,1,1,2,55,8,3,0,0,0,0,-1,9,1
8753,87.48059002,25.78388786,1,3,1,1,5,15:20,17,E09000025,6,0,2,30,0,-1,-1,0,0,0,1,1,1,0,0,1,1,E01003532,17-03-2018,1,1,1,1,38,7,3,0,0,0,0,-1,4,-1
8754,87.47937426,25.76676891,1,3,1,1,3,09:10,17,E09000025,3,115,6,30,0,-1,-1,0,0,0,1,2,2,0,0,1,1,E01003613,22-03-2018,1,1,1,2,22,5,3,0,0,0,0,-1,9,1
8755,87.48401209,25.78318539,1,3,2,1,3,19:17,17,E09000025,3,112,6,30,0,-1,-1,0,0,0,4,1,1,0,0,1,1,E01003595,22-03-2018,1,2,2,1,20,4,3,0,0,1,0,-1,9,1
8756,87.47773244,25.77329648,1,3,2,1,3,14:20,17,E09000025,3,118,3,30,3,4,6,0,0,0,1,1,1,0,0,1,1,E01003570,22-03-2018,1,1,2,2,80,11,3,0,0,0,1,-1,11,1
8757,87.49879475,25.78502627,1,2,1,1,4,16:12,17,E09000025,3,124,6,30,0,-1,-1,0,0,0,1,1,1,0,0,1,1,E01003502,23-03-2018,1,1,3,1,81,11,3,5,2,0,0,-1,0,-1
8758,87.47436396,25.77312783,1,3,2,1,5,08:30,17,E09000025,3,1011,6,30,0,-1,-1,0,0,0,1,2,2,0,0,1,1,E01003631,24-03-2018,1,2,3,2,82,11,3,5,2,0,0,-1,0,-1
8759,87.46430558,25.78756838,1,3,1,1,3,09:30,17,E09000025,3,112,6,30,3,2,4,166,0,5,1,1,1,0,0,1,1,E01003600,05-04-2018,1,1,1,2,56,9,3,0,0,0,0,-1,9,1
8760,87.49766964,25.76520022,1,3,1,1,5,07:15,17,E09000025,3,1011,6,30,3,4,6,0,0,0,1,1,1,0,0,1,1,E01003612,03-03-2018,1,1,1,2,30,6,3,0,0,0,0,-1,9,1
8761,87.47501086,25.77354488,1,3,1,1,1,16:20,17,E09000025,6,0,6,30,0,-1,-1,0,0,0,1,1,1,0,0,1,1,E01003543,06-03-2018,1,1,1,1,73,10,3,0,0,0,0,-1,9,1
8762,87.48071043,25.77101689,1,3,2,1,3,15:30,17,E09000025,3,124,6,30,3,4,6,0,0,0,1,1,1,0,0,1,1,E01003491,22-03-2018,1,1,1,2,-1,-1,3,0,0,0,0,-1,9,1
8763,87.49633786,25.77522008,1,3,2,1,4,20:58,17,E09000025,3,118,3,30,6,2,3,117,0,5,4,1,1,0,0,1,1,E01003591,23-03-2018,2,1,1,1,-1,-1,3,0,0,0,0,-1,5,-1
8764,87.49424286,25.77039419,1,3,2,1,6,16:09,17,E09000025,6,0,6,30,6,4,3,114,0,0,4,1,1,0,0,1,1,E01003558,18-03-2018,2,1,1,2,21,5,3,0,0,0,0,-1,9,1
8765,87.4798463,25.78168848,1,3,2,1,1,11:00,17,E09000025,5,0,1,30,2,4,6,0,0,0,1,1,1,0,0,1,2,E01003513,20-03-2018,1,1,2,2,21,5,2,0,0,1,0,-1,9,1
8766,87.49425794,25.76349804,1,3,4,1,7,16:30,17,E09000025,3,112,6,30,3,4,6,0,0,0,1,1,1,0,0,1,1,E01003601,26-03-2018,1,1,1,1,41,7,3,0,0,0,0,-1,90,-1
8767,87.45906268,25.78414811,1,3,2,1,5,17:03,17,E09000025,3,112,6,30,3,4,6,0,0,4,4,1,1,0,0,1,1,E01003517,13-01-2018,1,2,2,1,-1,-1,3,0,0,0,0,-1,90,-1
8768,87.48802749,25.77107165,1,3,2,1,3,23:35,17,E09000025,3,13,3,30,6,2,3,112,0,5,4,1,1,0,0,1,2,E01003604,29-03-2018,1,1,2,2,47,8,3,0,0,1,0,-1,9,1
8769,87.49440911,25.79228319,1,3,2,1,7,12:27,17,E09000025,3,11,6,30,0,-1,-1,0,0,0,1,1,1,0,0,1,1,E01003619,02-04-2018,1,1,3,2,8,2,3,5,3,0,0,-1,0,1
8770,87.48964725,25.76338654,1,3,1,1,3,08:14,17,E09000025,3,124,6,30,0,-1,-1,0,0,4,1,1,1,0,0,1,1,E01003502,08-03-2018,1,1,1,1,20,4,3,0,0,0,0,-1,9,1
8771,87.48892401,25.77821,1,3,1,1,3,11:00,17,E09000025,3,124,6,30,0,-1,-1,0,0,0,1,1,1,0,0,1,1,E01003502,29-03-2018,1,1,1,1,40,7,3,0,0,0,0,-1,19,1
8772,87.48669934,25.77215364,1,3,2,1,2,10:28,17,E09000025,6,0,6,30,6,4,6,0,0,0,1,1,1,0,0,1,1,E01003625,04-04-2018,1,2,1,2,40,7,3,0,0,0,0,-1,9,-1
8773,87.46188408,25.77372509,1,3,3,1,4,15:42,17,E09000025,6,0,6,30,6,4,6,0,0,0,1,1,1,0,0,1,1,E01003494,06-04-2018,2,1,1,2,24,5,3,0,0,0,0,-1,9,-1
8774,87.48066018,25.76955979,1,3,2,1,7,10:15,17,E09000025,6,0,6,30,6,4,3,117,0,1,1,1,1,0,0,1,1,E01003531,09-04-2018,1,1,1,1,24,5,3,0,0,0,0,-1,9,1
8775,87.46712231,25.77733542,1,3,2,2,7,16:10,17,E09000025,3,13,7,40,5,4,3,117,0,0,1,1,1,0,0,1,1,E01003482,09-04-2018,1,1,1,1,54,8,3,0,0,0,0,-1,9,1
8776,87.45168898,25.77186576,1,3,2,1,7,07:33,17,E09000025,3,13,3,40,0,-1,-1,0,0,0,1,1,1,0,0,1,1,E01003482,09-04-2018,1,1,1,1,59,9,3,0,0,0,0,-1,8,1
8777,87.45618258,25.76390183,1,3,1,1,6,17:27,17,E09000025,3,114,6,30,0,-1,-1,0,0,0,1,2,2,0,0,1,1,E01003556,08-04-2018,1,1,2,1,18,4,2,0,0,2,0,-1,9,1
8778,87.46307747,25.78913281,1,3,2,1,2,18:05,17,E09000025,3,13,2,40,0,-1,-1,0,0,0,1,1,1,0,0,1,1,E01003508,11-04-2018,1,2,1,1,19,4,2,0,0,0,0,-1,9,1
8779,87.46996963,25.77184333,1,3,3,2,2,11:52,17,E09000025,4,164,6,30,3,4,6,0,0,0,1,1,1,0,0,1,1,E01003559,11-04-2018,1,1,1,2,30,6,3,0,0,0,0,-1,9,1
8780,87.46969743,25.77365189,1,3,1,1,3,19:00,17,E09000025,3,117,6,30,3,4,6,0,0,1,4,9,1,0,0,1,1,E01003587,12-04-2018,1,1,1,1,18,4,3,0,0,0,0,-1,9,1
8781,87.49230475,25.77302869,1,2,1,1,4,14:45,17,E09000025,3,124,6,30,3,4,3,112,0,0,1,1,1,0,0,1,1,E01003601,13-04-2018,1,1,2,1,28,6,3,0,0,1,0,-1,9,1
8782,87.48496079,25.76430014,1,2,2,1,4,11:12,14,E09000026,3,116,6,30,3,4,6,0,0,0,1,2,2,0,0,1,1,E01003793,13-04-2018,1,1,1,1,23,5,3,0,0,0,0,-1,9,1
8783,87.4894978,25.77162026,1,3,1,1,2,19:40,17,E09000025,6,0,6,30,3,4,6,0,0,0,4,1,1,0,0,1,1,E01003548,18-04-2018,1,1,2,2,4,1,3,0,0,0,4,-1,11,-1
8784,87.46166511,25.7710185,1,3,2,1,5,17:50,17,E09000025,3,112,6,30,3,4,6,0,0,1,1,1,1,0,0,1,1,E01003636,21-04-2018,1,1,1,1,58,9,3,0,0,0,0,-1,9,1
8785,87.48383043,25.78554529,1,3,2,1,3,08:30,17,E09000025,5,0,6,30,2,4,6,0,0,0,1,1,1,0,0,1,2,E01003603,05-04-2018,2,2,2,1,27,6,3,0,0,1,0,-1,9,1
8786,87.46216665,25.78269254,1,3,2,1,7,16:00,17,E09000025,3,13,3,40,0,-1,-1,0,0,0,1,1,1,0,0,1,1,E01003505,23-04-2018,1,2,2,2,35,6,3,0,0,0,4,-1,11,1
8787,87.46277608,25.76754625,1,3,2,1,1,10:40,17,E09000025,3,124,6,30,3,2,6,0,0,5,1,1,1,0,0,1,1,E01003525,24-04-2018,2,1,1,2,36,7,3,0,0,0,0,-1,1,-1
8788,87.46915527,25.77224702,1,3,2,1,2,09:30,17,E09000025,3,118,6,30,0,-1,-1,0,0,0,1,2,2,0,0,1,2,E01003553,25-04-2018,2,1,1,1,24,5,3,0,0,0,0,-1,9,1
8789,87.46788011,25.78931626,1,3,2,2,1,14:18,17,E09000025,3,13,3,50,0,-1,-1,0,0,0,1,1,1,0,0,1,2,E01003497,01-05-2018,1,1,3,2,27,6,3,5,3,0,0,-1,0,1
8790,87.48359986,25.7889003,1,3,1,1,2,18:04,17,E09000025,3,112,6,30,0,-1,-1,0,0,0,1,1,1,0,0,1,1,E01003607,09-05-2018,1,1,1,1,32,6,3,0,0,0,0,-1,9,1
8791,87.47024915,25.78106127,1,3,2,1,4,17:00,17,E09000025,3,112,6,30,3,4,4,166,0,0,1,1,1,0,0,1,2,E01003595,20-04-2018,1,1,2,2,16,4,2,0,0,0,2,-1,11,-1
8792,87.46500643,25.77149072,1,3,2,1,4,18:30,17,E09000025,3,13,3,70,3,2,5,0,0,5,1,1,1,0,0,1,2,E01003517,20-04-2018,2,1,1,1,-1,-1,3,0,0,0,0,-1,9,1
8793,87.4947892,25.78263971,1,3,2,1,4,18:10,17,E09000025,3,12,3,40,0,-1,-1,0,0,0,1,1,1,0,0,1,2,E01003614,20-04-2018,1,1,1,1,25,5,3,0,0,0,0,-1,1,1
8794,87.48844089,25.77478411,1,3,2,1,1,03:35,17,E09000025,3,1011,6,30,3,2,3,112,0,5,4,1,1,0,0,1,1,E01003633,20-03-2018,1,1,1,1,68,10,3,0,0,0,0,-1,9,-1
8795,87.4925264,25.76498686,1,3,1,1,6,12:45,17,E09000025,4,166,6,30,3,4,6,0,0,0,1,1,1,0,0,1,1,E01003595,25-03-2018,1,1,1,1,44,7,3,0,0,0,0,-1,9,1
8796,87.46999725,25.7874157,1,3,2,1,1,14:25,17,E09000025,6,0,3,30,0,-1,-1,0,0,0,1,1,1,0,0,1,2,E01003569,27-02-2018,2,1,1,1,41,7,3,0,0,0,0,-1,3,1