Accident_Index,longitude,latitude,Police_Force,Accident_Severity,Number_of_Vehicles,Number_of_Casualties,Day_of_Week,Time,Local_Authority_(District),Local_Authority_(Highway),1st_Road_Class,1st_Road_Number,Road_Type,Speed_limit,Junction_Detail,Junction_Control,2nd_Road_Class,2nd_Road_Number,Pedestrian_Crossing-Human_Control,Pedestrian_Crossing-Physical_Facilities,Light_Conditions,Weather_Conditions,Road_Surface_Conditions,Special_Conditions_at_Site,Carriageway_Hazards,Urban_or_Rural_Area,Did_Police_Officer_Attend_Scene_of_Accident,LSOA_of_Accident_Location,Date,Vehicle_Reference,Casualty_Reference,Casualty_Class,Sex_of_Casualty,Age_of_Casualty,Age_Band_of_Casualty,Casualty_Severity,Pedestrian_Location,Pedestrian_Movement,Car_Passenger,Bus_or_Coach_Passenger,Pedestrian_Road_Maintenance_Worker,Casualty_Type,Casualty_Home_Area_Type
9162,87.47606416,25.76976343,1,2,2,1,6,16:44,17,E09000025,3,13,7,30,5,4,6,0,0,0,1,1,1,0,0,1,1,E01003483,23-09-2018,2,1,1,1,54,8,3,0,0,0,0,-1,1,1
9163,87.46297576,25.76743387,1,2,2,1,5,17:00,17,E09000025,6,0,6,30,3,4,6,0,0,0,1,1,1,0,0,1,1,E01003587,22-09-2018,2,1,3,1,31,6,3,9,5,0,0,-1,0,1
9164,87.4741399,25.78108937,1,3,1,1,6,05:25,17,E09000025,3,13,3,30,0,-1,-1,0,0,0,4,1,1,0,0,1,1,E01003536,23-09-2018,1,1,1,2,26,6,3,0,0,0,0,-1,9,1
9165,87.48630306,25.77911617,1,3,2,1,4,14:25,17,E09000025,3,1011,1,30,1,2,3,124,0,5,1,1,1,0,0,1,1,E01003497,21-09-2018,1,2,2,2,-1,-1,3,0,0,1,0,-1,9,1
9166,87.47910006,25.79183344,1,3,1,1,2,15:15,17,E09000025,3,117,6,30,6,2,3,117,0,5,1,2,2,0,0,1,1,E01003520,22-08-2018,1,1,1,1,27,6,3,0,0,0,0,-1,9,1
9167,87.45998652,25.77493093,1,3,2,1,4,23:00,17,E09000025,3,124,6,30,3,4,3,124,0,0,4,1,1,0,0,1,1,E01003525,10-08-2018,1,1,3,1,22,5,3,1,1,0,0,-1,0,-1
9168,87.49389051,25.76846672,1,3,2,1,5,19:15,17,E09000025,5,0,6,30,6,4,6,0,0,0,1,1,2,0,0,1,1,E01003603,25-08-2018,2,1,1,2,27,6,3,0,0,0,0,-1,9,1
9169,87.46247559,25.77708722,1,3,2,1,6,19:10,17,E09000025,3,13,1,30,1,4,3,13,0,0,1,1,1,0,0,1,1,E01003482,26-08-2018,2,1,1,1,80,11,3,0,0,0,0,-1,1,-1
9170,87.49604109,25.77296567,1,3,1,1,4,17:10,17,E09000025,3,11,6,30,3,4,4,164,0,0,1,1,1,0,0,1,2,E01003616,21-09-2018,1,1,1,2,25,5,3,0,0,0,0,-1,9,2
9171,87.48667562,25.77413559,1,3,1,1,7,13:55,17,E09000025,3,117,6,30,3,4,6,0,0,0,1,1,1,0,0,1,1,E01003523,10-09-2018,1,1,1,2,31,6,3,0,0,0,0,-1,9,-1
9172,87.49662209,25.78988889,1,3,2,1,5,17:10,17,E09000025,3,115,6,30,3,2,6,0,0,0,1,1,1,0,0,1,1,E01003614,29-09-2018,1,1,1,1,43,7,3,0,0,0,0,-1,9,1
9173,87.47655767,25.78324134,1,3,1,1,1,23:40,17,E09000025,3,114,6,30,3,4,6,0,0,0,4,1,1,0,0,1,1,E01003544,25-09-2018,1,1,3,1,52,8,2,6,9,0,0,-1,0,1
9174,87.46818725,25.78411453,1,2,1,1,4,19:18,17,E09000025,3,124,6,30,3,4,6,0,0,4,4,1,1,0,0,1,1,E01003623,07-09-2018,3,1,2,2,24,5,3,0,0,1,0,-1,9,1
9175,87.46268207,25.78405182,1,3,2,1,4,11:55,17,E09000025,6,0,6,30,3,4,4,165,0,0,1,1,1,0,0,1,2,E01003596,28-09-2018,1,1,3,1,12,3,3,5,1,0,0,-1,0,-1
9176,87.48510621,25.7850748,1,3,2,1,5,22:12,17,E09000025,6,0,6,30,3,4,3,112,0,0,4,1,1,0,0,1,1,E01003614,29-09-2018,1,1,1,1,51,8,3,0,0,0,0,-1,9,1
9177,87.48015881,25.77419453,1,3,1,1,4,07:58,17,E09000025,5,0,6,30,3,4,4,165,0,1,1,1,1,0,0,1,1,E01003566,28-09-2018,2,2,1,1,21,5,3,0,0,0,0,-1,9,1
9178,87.47994899,25.78818879,1,3,2,2,3,20:01,17,E09000025,3,406,3,40,3,2,6,0,0,0,4,1,1,0,0,1,1,E01003482,27-09-2018,2,3,2,1,18,4,3,0,0,1,0,-1,9,1
9179,87.47183472,25.77901328,1,3,2,1,7,16:58,17,E09000025,3,112,6,30,6,2,3,112,0,5,1,1,1,0,0,1,1,E01003619,24-09-2018,1,1,2,2,38,7,3,0,0,1,0,-1,9,1
9180,87.48178032,25.76593625,1,3,1,2,1,05:03,5,E09000030,3,11,7,30,5,4,3,12,0,0,4,2,2,0,0,1,1,E01003613,11-09-2018,1,1,1,1,37,7,3,0,0,0,0,-1,10,1
9181,87.46567461,25.76444411,1,2,1,1,7,16:00,17,E09000025,6,0,6,30,3,4,3,118,0,0,1,1,1,0,0,1,1,E01003576,24-09-2018,1,2,2,2,-1,-1,3,0,0,0,0,-1,10,1
9182,87.48409988,25.7797016,1,3,2,1,4,16:47,17,E09000025,6,0,6,30,0,-1,-1,0,0,0,1,1,1,0,0,1,1,E01003590,21-09-2018,1,1,1,2,55,8,3,0,0,0,0,-1,9,1
9183,87.46260065,25.77763195,1,3,2,1,5,08:45,17,E09000025,6,0,6,30,6,4,6,0,0,0,1,2,2,0,0,1,1,E01003625,15-09-2018,3,1,2,2,52,8,3,0,0,1,0,-1,9,-1
9184,87.48505251,25.79176311,1,3,2,1,5,15:50,17,E09000025,3,118,6,30,0,-1,-1,0,0,0,1,1,1,0,0,1,1,E01003576,29-09-2018,1,1,1,2,20,4,3,0,0,0,0,-1,9,1
9185,87.48816466,25.76615278,1,3,1,1,6,23:10,17,E09000025,5,0,6,30,2,4,6,0,0,0,4,1,1,0,0,1,1,E01003513,22-07-2018,1,1,1,1,42,7,3,0,0,0,0,-1,9,1
9186,87.45255126,25.77746518,1,3,2,1,7,02:00,5,E09000030,3,11,1,30,1,2,3,12,0,0,4,2,2,0,0,1,1,E01004235,03-09-2018,2,2,1,2,31,6,3,0,0,0,0,-1,9,1
9187,87.47596223,25.76979101,1,3,3,1,2,11:45,17,E09000025,3,13,3,70,0,-1,-1,0,0,0,1,1,1,0,0,1,1,E01003536,12-09-2018,2,1,1,1,76,11,3,0,0,0,0,-1,9,3
9188,87.47033214,25.78589569,1,3,2,1,7,13:20,17,E09000025,3,118,6,30,3,4,6,0,0,0,1,1,1,0,0,1,1,E01003553,24-09-2018,1,1,1,2,44,7,3,0,0,0,0,-1,9,1
9189,87.4810059,25.78886946,1,3,2,2,7,16:00,17,E09000025,6,0,6,30,3,4,6,0,0,0,1,1,1,0,0,1,1,E01003505,24-09-2018,1,2,2,1,-1,-1,3,0,0,1,0,-1,9,1
9190,87.47413623,25.78888435,1,3,2,1,2,09:01,17,E09000025,4,167,6,30,2,4,4,165,0,0,1,1,1,0,0,1,1,E01003569,26-09-2018,1,3,2,2,-1,-1,3,0,0,2,0,-1,9,1
9191,87.4563781,25.77927528,1,3,1,1,6,21:01,17,E09000025,3,117,6,30,0,-1,-1,0,0,4,4,1,1,0,0,1,1,E01003540,02-09-2018,1,1,3,1,12,3,3,5,1,0,0,-1,0,-1
9192,87.45457203,25.77586789,1,2,2,1,7,15:30,17,E09000025,3,112,1,30,2,4,3,11,0,0,1,1,1,0,0,1,1,E01003615,24-09-2018,1,1,3,2,30,6,2,6,9,0,0,-1,0,-1
9193,87.48715056,25.78119809,1,3,2,1,1,19:42,17,E09000025,3,118,6,30,3,4,6,0,0,4,4,1,1,0,0,1,1,E01003576,02-10-2018,1,1,1,2,49,8,3,0,0,0,0,-1,9,1
9194,87.46401894,25.77933152,1,3,1,1,7,08:57,17,E09000025,3,1011,6,30,0,-1,-1,0,0,0,1,1,1,0,0,1,2,E01003609,01-10-2018,2,1,1,1,-1,-1,3,0,0,0,0,-1,3,1
9195,87.46616832,25.78065542,1,3,2,1,1,17:45,17,E09000025,3,117,6,30,6,2,5,0,0,5,1,1,1,0,0,1,1,E01003520,02-10-2018,1,1,2,1,20,4,3,0,0,1,0,-1,9,1
9196,87.4981111,25.78165211,1,2,1,1,7,17:08,17,E09000025,3,118,6,30,0,-1,-1,0,0,4,1,1,1,0,0,1,1,E01003553,08-10-2018,1,1,1,2,70,10,3,0,0,0,0,-1,9,1
9197,87.48319527,25.7726392,1,3,2,1,2,20:40,17,E09000025,3,117,6,30,3,4,6,0,0,0,4,1,1,0,0,1,1,E01003542,03-10-2018,1,1,1,1,37,7,3,0,0,0,0,-1,9,-1
9198,87.4658061,25.7817905,1,3,2,1,3,19:40,17,E09000025,3,115,6,30,8,4,3,115,0,0,4,1,1,0,0,1,2,E01003620,18-10-2018,1,1,1,2,20,4,3,0,0,0,0,-1,9,1
9199,87.48534504,25.7789181,1,3,2,1,5,08:00,17,E09000025,3,117,6,30,3,4,6,0,0,1,1,1,1,0,0,1,1,E01003523,29-09-2018,3,1,1,1,25,5,3,0,0,0,0,-1,9,1
9200,87.45347292,25.76851279,1,3,4,1,7,17:54,13,E09000031,3,11,6,30,0,-1,-1,0,0,0,4,1,1,0,0,1,2,E01004335,01-10-2018,1,1,1,1,44,7,3,0,0,0,0,-1,9,3
9201,87.48111282,25.78049284,1,3,2,2,7,11:04,17,E09000025,3,11,6,30,0,-1,-1,0,0,0,1,1,1,0,0,1,1,E01003613,08-10-2018,1,1,3,1,5,1,3,5,1,0,0,-1,0,-1
9202,87.49206353,25.79156491,1,3,2,1,2,15:05,16,E09000002,3,124,1,30,1,4,3,406,0,0,1,1,1,0,0,1,2,E01000008,03-10-2018,1,1,1,1,19,4,2,0,0,0,0,-1,9,-1
9203,87.4574024,25.77145561,1,3,2,1,6,18:00,17,E09000025,3,112,6,30,3,4,6,0,0,0,1,1,1,0,0,1,1,E01003619,07-10-2018,1,2,2,1,19,4,3,0,0,1,0,-1,9,-1
9204,87.47415263,25.79081037,1,2,3,3,6,08:26,17,E09000025,3,112,6,30,0,-1,-1,0,0,0,1,1,1,0,0,1,1,E01003617,07-10-2018,1,1,2,1,-1,-1,3,0,0,0,0,-1,90,-1
9205,87.49780324,25.78215804,1,3,3,2,6,21:15,17,E09000025,4,167,6,30,0,-1,-1,0,0,0,4,1,1,0,0,1,1,E01003571,26-08-2018,2,1,1,2,20,4,2,0,0,0,0,-1,9,-1
9206,87.46277293,25.76669494,1,3,2,1,3,17:30,17,E09000025,6,0,6,30,6,4,6,0,0,0,1,1,1,0,0,1,1,E01003538,11-10-2018,3,2,1,1,37,7,3,0,0,0,0,-1,9,1
9207,87.46569629,25.77841661,1,3,2,1,1,16:25,17,E09000025,3,117,6,30,3,4,6,0,0,0,1,1,1,0,0,1,1,E01003589,09-10-2018,1,1,1,2,47,8,3,0,0,0,0,-1,9,1
9208,87.49924793,25.76376934,1,3,1,1,1,11:50,17,E09000025,5,0,6,30,3,4,3,118,0,0,1,1,1,0,0,1,1,E01003578,09-10-2018,1,1,1,1,59,9,3,0,0,0,0,-1,9,1
9209,87.47715718,25.76313702,1,3,1,1,6,11:30,17,E09000025,3,11,6,30,3,2,3,11,0,5,1,1,1,0,0,1,1,E01003619,14-10-2018,1,1,3,1,9,2,2,5,3,0,0,-1,0,1
9210,87.49016758,25.78744647,1,3,2,1,4,11:45,17,E09000025,6,0,6,30,0,-1,-1,0,0,0,1,2,2,0,0,1,2,E01003548,19-10-2018,1,1,1,2,58,9,3,0,0,0,0,-1,9,1
9211,87.4528824,25.78854449,1,3,2,1,1,14:40,17,E09000025,5,0,6,30,6,2,3,118,0,5,1,1,1,0,0,1,1,E01003555,16-10-2018,1,1,1,1,38,7,3,0,0,0,0,-1,9,1
9212,87.49606311,25.78441703,1,3,1,1,5,09:45,17,E09000025,3,112,6,30,3,2,3,112,0,5,1,1,1,0,0,1,2,E01003619,06-10-2018,2,2,1,2,23,5,3,0,0,0,0,-1,9,1
9213,87.45504281,25.76529949,1,3,2,1,3,09:36,17,E09000025,3,13,1,30,1,4,3,1011,0,0,1,1,1,0,0,1,1,E01003505,04-10-2018,1,1,2,2,11,3,3,0,0,2,0,-1,9,1
9214,87.46537429,25.78087893,1,3,1,1,4,18:09,17,E09000025,3,112,3,30,3,2,3,112,0,5,4,2,2,0,0,1,1,E01003619,12-10-2018,2,1,1,1,20,4,3,0,0,0,0,-1,10,1
9215,87.45680318,25.78434771,1,3,1,1,5,08:33,17,E09000025,6,0,6,30,3,4,3,112,0,0,1,1,1,0,0,1,1,E01003619,06-10-2018,2,1,1,1,42,7,3,0,0,0,0,-1,9,1
9216,87.48839375,25.7896013,1,3,3,2,7,23:45,17,E09000025,6,0,6,30,3,4,6,0,0,0,4,1,1,0,0,1,1,E01003570,01-10-2018,1,2,1,1,23,5,3,0,0,0,0,-1,9,1
9217,87.45620561,25.7835329,1,3,2,1,2,14:40,17,E09000025,6,0,6,30,3,4,3,124,0,0,1,1,1,0,0,1,2,E01003502,10-10-2018,2,1,1,1,32,6,3,0,0,0,0,-1,8,-1
9218,87.46547975,25.77209806,1,3,2,1,2,09:00,17,E09000025,4,165,1,30,1,4,4,167,0,0,1,1,1,0,0,1,2,E01003569,10-10-2018,1,1,1,1,46,8,3,0,0,0,0,-1,9,1
9219,87.46411599,25.76515069,1,3,1,1,4,14:00,17,E09000025,3,124,6,30,0,-1,-1,0,0,0,1,1,1,0,0,1,1,E01003525,05-10-2018,1,1,3,2,13,3,3,10,9,0,0,-1,0,-1
9220,87.4574581,25.77840867,1,3,2,4,1,16:42,17,E09000025,3,13,3,50,0,-1,-1,0,0,0,1,2,2,0,0,1,1,E01003509,14-08-2018,1,1,1,1,16,4,2,0,0,0,0,-1,3,1
9221,87.48475995,25.77615286,1,3,2,1,7,12:55,17,E09000025,3,406,3,50,0,-1,-1,0,0,0,1,1,1,0,3,1,1,E01003623,15-10-2018,2,1,1,2,57,9,3,0,0,0,0,-1,9,1
9222,87.47313385,25.78291899,1,3,1,1,3,20:30,17,E09000025,4,164,6,30,3,4,3,11,0,1,1,1,1,0,0,1,1,E01003549,27-09-2018,1,1,1,2,34,6,3,0,0,0,0,-1,9,1
9223,87.48120484,25.78348791,1,3,2,1,1,14:38,17,E09000025,6,0,6,30,3,4,6,0,0,0,1,1,1,0,0,1,2,E01003525,09-10-2018,1,1,3,1,37,7,3,5,1,0,0,-1,0,1
9224,87.45762262,25.76669154,1,3,3,1,4,15:10,17,E09000025,3,11,3,30,3,2,3,115,0,5,1,2,2,0,0,1,1,E01003613,02-11-2018,1,1,1,1,75,10,3,0,0,0,0,-1,9,-1
9225,87.4953535,25.76463168,1,3,1,1,5,07:48,17,E09000025,5,0,6,30,0,-1,-1,0,0,1,1,1,1,0,0,1,1,E01003513,13-10-2018,1,1,1,2,18,4,3,0,0,0,0,-1,9,1
9226,87.45603946,25.77532859,1,3,2,2,1,19:02,17,E09000025,3,13,3,40,0,-1,-1,0,0,0,4,1,1,0,0,1,1,E01003505,23-10-2018,1,1,2,2,-1,-1,3,0,0,1,0,-1,9,1
9227,87.47814738,25.78723327,1,3,2,1,2,14:05,17,E09000025,4,109,6,30,3,4,6,0,0,0,1,1,1,0,0,1,1,E01003565,17-10-2018,1,2,1,1,67,10,3,0,0,0,0,-1,9,1
9228,87.47584136,25.77281403,1,3,2,1,4,14:10,17,E09000025,6,0,6,30,0,-1,-1,0,0,0,1,1,1,0,0,1,2,E01003577,19-10-2018,1,1,1,2,53,8,3,0,0,0,0,-1,9,1
9229,87.4714992,25.77177224,1,3,2,1,1,15:40,17,E09000025,3,112,6,30,3,4,6,0,0,0,1,1,1,0,0,1,2,E01003595,23-10-2018,2,2,1,2,19,4,3,0,0,0,0,-1,9,3
9230,87.45829933,25.77091248,1,3,2,1,1,22:08,17,E09000025,3,118,6,30,3,2,4,109,0,5,4,1,1,0,0,1,1,E01003567,02-10-2018,2,1,2,2,21,5,3,0,0,2,0,-1,9,1
9231,87.46704769,25.77782278,1,3,2,1,2,19:00,17,E09000025,3,118,6,30,0,-1,-1,0,0,5,1,1,1,0,0,1,2,E01003567,03-10-2018,1,1,1,2,39,7,3,0,0,0,0,-1,9,1
9232,87.49573693,25.78349419,1,3,2,1,2,20:30,17,E09000025,3,112,6,30,0,-1,-1,0,0,0,4,2,2,0,0,1,2,E01003614,24-10-2018,2,2,1,1,41,7,3,0,0,0,0,-1,9,1
9233,87.4895182,25.76964313,1,3,2,1,4,14:30,17,E09000025,4,165,6,30,3,4,4,165,0,0,1,1,1,0,0,1,2,E01003596,26-10-2018,1,1,1,2,39,7,3,0,0,0,0,-1,9,1
9234,87.46171033,25.76885866,1,3,1,1,6,12:56,17,E09000025,3,118,6,30,3,4,6,0,0,0,1,1,1,0,0,1,1,E01003578,28-10-2018,2,1,2,2,69,10,3,0,0,0,4,-1,11,1
9235,87.47913488,25.77205217,1,3,1,2,1,04:35,17,E09000025,3,11,6,30,3,4,6,0,0,0,4,1,1,0,0,1,1,E01003616,30-10-2018,1,1,3,2,16,4,3,6,9,0,0,-1,0,1
9236,87.45596161,25.78323883,1,3,1,1,4,16:10,17,E09000025,3,112,6,30,0,-1,-1,0,0,1,1,1,1,0,0,1,1,E01003630,05-10-2018,1,1,1,1,39,7,3,0,0,0,0,-1,9,1
9237,87.4864289,25.79083738,1,3,2,1,7,05:00,17,E09000025,3,124,6,30,7,2,3,117,0,5,4,1,1,0,0,1,1,E01003525,15-10-2018,2,2,1,2,43,7,2,0,0,0,0,-1,9,-1
9238,87.46980719,25.78829373,1,3,1,1,2,19:21,17,E09000025,5,0,6,30,0,-1,-1,0,0,0,1,1,1,0,0,1,1,E01003507,17-10-2018,1,1,1,1,51,8,3,0,0,0,0,-1,9,2
9239,87.49079088,25.76916978,1,3,2,2,5,12:30,17,E09000025,3,118,6,30,6,4,6,0,0,0,1,1,1,0,0,1,1,E01003576,20-10-2018,2,2,1,1,53,8,3,0,0,0,0,-1,9,-1
9240,87.46383157,25.77618239,1,3,2,1,6,15:30,17,E09000025,3,112,6,30,7,2,3,13,0,0,1,1,1,0,0,1,1,E01003517,21-10-2018,1,2,2,2,20,4,3,0,0,2,0,-1,9,-1
9241,87.48917576,25.79149406,1,3,2,1,6,14:30,17,E09000025,3,124,6,30,3,4,6,0,0,0,1,1,1,0,0,1,2,E01003602,07-10-2018,2,1,1,1,26,6,3,0,0,0,0,-1,9,-1
9242,87.46360876,25.77754439,1,3,2,1,4,09:53,17,E09000025,3,117,6,30,0,-1,-1,0,0,0,1,1,1,0,0,1,1,E01003486,12-10-2018,1,1,1,2,26,6,3,0,0,0,0,-1,9,1
9243,87.48519882,25.78770656,1,3,4,2,5,18:40,17,E09000025,3,13,3,30,0,-1,-1,0,0,0,4,1,1,0,0,1,1,E01003497,20-10-2018,1,2,2,2,4,1,3,0,0,2,0,-1,9,1
9244,87.46244052,25.77662227,1,3,1,1,4,10:27,17,E09000025,3,112,6,30,1,4,3,112,0,0,1,1,1,0,0,1,1,E01003515,26-10-2018,2,3,1,2,27,6,3,0,0,0,0,-1,9,1
9245,87.49797091,25.78199862,1,3,3,1,5,21:47,17,E09000025,3,13,3,30,0,-1,-1,0,0,0,4,1,1,4,2,1,1,E01003505,06-10-2018,1,1,1,1,43,7,3,0,0,0,0,-1,9,1
9246,87.472851,25.78355136,1,3,1,1,3,17:44,17,E09000025,4,167,6,30,0,-1,-1,0,0,0,1,1,1,0,0,1,2,E01003573,25-10-2018,2,2,1,1,22,5,3,0,0,0,0,-1,9,1
9247,87.46886064,25.77089592,1,3,1,2,1,15:35,17,E09000025,3,118,6,30,6,2,4,164,0,5,1,1,1,0,0,1,1,E01003618,09-10-2018,1,1,2,1,16,4,3,0,0,1,0,-1,9,1
9248,87.48080378,25.78941461,1,3,2,2,3,21:30,17,E09000025,3,118,6,30,3,4,6,0,0,0,4,1,1,0,0,1,1,E01003576,11-10-2018,2,1,1,1,38,7,3,0,0,0,0,-1,9,1
9249,87.4859121,25.77112646,1,3,1,1,5,15:52,17,E09000025,6,0,6,30,0,-1,-1,0,0,0,1,1,1,0,0,1,1,E01003521,13-10-2018,1,1,1,1,34,6,3,0,0,0,0,-1,20,-1
9250,87.46645547,25.77583832,1,2,1,1,1,03:39,17,E09000025,3,118,6,30,0,-1,-1,0,0,0,4,1,1,0,0,1,1,E01003591,16-10-2018,2,1,1,1,28,6,2,0,0,0,0,-1,5,1
9251,87.49443893,25.77451136,1,3,1,1,4,15:00,17,E09000025,3,124,6,30,3,4,3,112,0,0,1,1,1,0,0,1,2,E01003602,19-10-2018,2,1,1,1,61,9,3,0,0,0,0,-1,1,1
9252,87.4806729,25.76551676,1,3,2,2,4,19:41,17,E09000025,3,13,3,40,1,4,3,406,0,0,4,2,2,0,0,1,1,E01003535,19-10-2018,1,1,1,2,18,4,3,0,0,0,0,-1,9,1
9253,87.47466489,25.77349985,1,3,2,1,5,19:29,17,E09000025,3,118,6,30,6,2,3,114,0,5,4,1,1,0,0,1,1,E01003558,20-10-2018,2,2,1,2,18,4,3,0,0,0,0,-1,9,1
9254,87.45246414,25.77105753,1,3,2,1,7,10:45,16,E09000002,3,124,6,30,3,4,3,406,0,0,1,1,1,0,0,1,1,E01003622,22-10-2018,2,3,2,2,18,4,3,0,0,1,0,-1,9,1
9255,87.49881507,25.76888626,1,3,1,1,2,10:30,17,E09000025,3,118,6,30,0,-1,-1,0,0,0,1,1,1,0,0,1,1,E01003570,31-10-2018,1,1,2,2,61,9,3,0,0,2,0,-1,9,1
9256,87.49595449,25.7844948,1,3,2,1,1,16:26,17,E09000025,6,0,6,30,0,-1,-1,0,0,0,4,1,1,0,0,1,1,E01003632,30-10-2018,1,1,3,2,-1,-1,3,5,1,0,0,-1,0,1
9257,87.49837228,25.76783498,1,3,1,1,2,10:11,17,E09000025,4,167,6,30,3,4,6,0,0,0,1,1,1,0,0,1,1,E01003573,31-10-2018,1,1,3,1,10,2,3,4,4,0,0,-1,0,1
9258,87.45723149,25.78002913,1,3,2,2,2,21:05,17,E09000025,3,117,6,30,3,4,6,0,0,1,4,2,2,0,0,1,2,E01003587,31-10-2018,1,1,1,2,65,9,3,0,0,0,0,-1,9,1
9259,87.4594713,25.7692189,1,3,3,2,3,16:15,17,E09000025,3,13,7,50,5,4,3,406,0,0,1,1,1,0,0,1,1,E01003535,25-10-2018,2,1,1,1,44,7,3,0,0,0,0,-1,9,1
9260,87.47016278,25.7920087,1,3,2,2,4,21:35,17,E09000025,3,13,1,40,1,4,3,406,0,0,4,1,1,0,0,1,1,E01003535,26-10-2018,2,1,1,1,29,6,3,0,0,0,0,-1,1,-1
9261,87.4768881,25.78473465,1,3,1,1,3,00:05,17,E09000025,6,0,1,30,1,4,6,0,0,0,4,2,2,0,0,1,1,E01003520,01-11-2018,1,1,1,1,42,7,3,0,0,0,0,-1,2,1
9262,87.49926411,25.77631151,1,3,1,1,2,15:40,17,E09000025,3,118,6,30,0,-1,-1,0,0,0,1,1,1,0,0,1,2,E01003576,07-11-2018,1,1,2,2,68,10,3,0,0,0,3,-1,11,-1
9263,87.49821765,25.78799069,1,3,1,1,4,18:30,17,E09000025,3,1020,6,30,3,4,6,0,0,0,4,2,2,0,0,1,1,E01003506,02-11-2018,1,1,1,1,31,6,3,0,0,0,0,-1,9,1
9264,87.48783876,25.79029806,1,3,2,1,5,13:35,17,E09000025,6,0,6,30,8,4,4,165,0,0,1,1,1,0,0,1,1,E01003569,03-11-2018,2,1,1,1,71,10,3,0,0,0,0,-1,9,1
9265,87.47436432,25.78717205,1,3,3,1,7,02:45,14,E09000026,3,116,6,30,0,-1,-1,0,0,0,4,1,1,0,0,1,1,E01003792,10-09-2018,1,1,1,2,58,9,3,0,0,0,0,-1,9,1
9266,87.45565244,25.76338107,1,2,1,1,6,15:45,17,E09000025,3,114,6,30,0,-1,-1,0,0,1,1,1,1,0,0,1,1,E01003543,04-11-2018,1,1,2,2,82,11,3,0,0,1,0,-1,9,1
9267,87.46528773,25.76761481,1,3,2,1,4,17:40,17,E09000025,3,406,1,40,1,2,3,406,0,5,1,1,1,0,0,1,1,E01003482,02-11-2018,1,1,1,2,44,7,3,0,0,0,0,-1,9,1
9268,87.49142601,25.77507182,1,2,1,1,7,18:23,17,E09000025,6,0,6,30,3,4,3,124,0,0,4,1,1,0,0,1,1,E01003501,05-11-2018,1,1,1,2,38,7,3,0,0,0,0,-1,9,1
9269,87.47104622,25.76478273,1,3,2,2,2,13:45,17,E09000025,3,117,3,30,0,-1,-1,0,0,1,1,1,1,0,0,1,1,E01003523,14-11-2018,2,2,1,1,20,4,3,0,0,0,0,-1,9,1
9270,87.48215824,25.76428541,1,3,2,1,6,21:50,17,E09000025,4,165,6,30,0,-1,-1,0,0,1,4,2,2,0,0,1,1,E01003566,11-11-2018,2,1,1,1,22,5,3,0,0,0,0,-1,9,1
9271,87.4956216,25.78619193,1,3,2,1,5,22:20,17,E09000025,6,0,6,30,3,4,3,124,0,0,4,1,1,0,0,1,2,E01003493,03-11-2018,2,1,2,2,65,9,3,0,0,1,0,-1,9,1
9272,87.48246987,25.77471704,1,3,2,1,6,13:10,17,E09000025,6,0,6,30,3,4,3,118,0,0,1,1,1,0,0,1,1,E01003618,04-11-2018,1,1,1,2,57,9,3,0,0,0,0,-1,9,1
9273,87.49743344,25.77345979,1,3,1,1,6,07:37,17,E09000025,6,0,6,30,0,-1,-1,0,0,0,1,2,2,0,0,1,1,E01003606,04-11-2018,1,1,2,1,24,5,3,0,0,0,3,-1,11,1
9274,87.4516053,25.79140141,1,3,2,1,4,18:15,17,E09000025,4,167,6,30,0,-1,-1,0,0,0,1,1,1,0,0,1,2,E01003491,09-11-2018,1,1,3,1,17,4,3,5,1,0,0,-1,0,-1
9275,87.48462036,25.78990519,1,3,3,1,5,14:35,17,E09000025,3,11,3,50,0,-1,-1,0,0,0,1,1,1,0,0,1,2,E01003613,10-11-2018,1,1,3,1,5,1,3,5,1,0,0,-1,0,1
9276,87.4882802,25.78809103,1,3,2,1,6,19:10,17,E09000025,6,0,6,30,0,-1,-1,0,0,0,1,1,1,0,0,1,2,E01003531,11-11-2018,1,1,1,1,58,9,3,0,0,0,0,-1,9,-1
9277,87.4778421,25.77263447,1,3,1,1,7,16:27,17,E09000025,3,112,6,30,0,-1,-1,0,0,0,1,1,1,0,0,1,1,E01003601,05-11-2018,1,1,1,2,32,6,3,0,0,0,0,-1,9,1
9278,87.46697169,25.76675679,1,3,2,1,3,12:15,17,E09000025,3,11,6,30,7,2,3,11,0,0,1,1,1,0,0,1,1,E01003620,18-10-2018,1,1,2,2,14,3,3,0,0,0,0,-1,90,1
9279,87.47908455,25.76862719,1,3,1,1,3,14:35,17,E09000025,3,117,6,30,0,-1,-1,0,0,0,1,1,1,0,0,1,1,E01003525,08-11-2018,1,1,2,2,62,9,3,0,0,1,0,-1,9,1
9280,87.49923767,25.7763446,1,3,1,1,7,15:30,17,E09000025,3,118,6,30,3,4,6,0,0,0,1,1,1,0,0,1,1,E01003558,29-10-2018,1,1,1,2,34,6,3,0,0,0,0,-1,9,-1
9281,87.49392284,25.77369862,1,3,1,1,7,05:50,17,E09000025,3,118,6,30,0,-1,-1,0,0,0,4,2,2,0,0,1,1,E01003570,29-10-2018,2,1,1,2,23,5,3,0,0,0,0,-1,1,1
9282,87.49769102,25.77217446,1,3,2,1,6,16:15,17,E09000025,3,118,6,30,0,-1,-1,0,0,0,1,1,1,0,0,1,2,E01003618,12-08-2018,1,1,2,1,64,9,3,0,0,0,3,-1,11,-1
9283,87.46396476,25.76822103,1,3,2,1,5,17:05,17,E09000025,3,118,6,30,3,4,6,0,0,0,4,1,1,0,0,1,1,E01003559,03-11-2018,1,1,3,1,69,10,3,5,3,0,0,-1,0,1