Accident_Index,longitude,latitude,Police_Force,Accident_Severity,Number_of_Vehicles,Number_of_Casualties,Day_of_Week,Time,Local_Authority_(District),Local_Authority_(Highway),1st_Road_Class,1st_Road_Number,Road_Type,Speed_limit,Junction_Detail,Junction_Control,2nd_Road_Class,2nd_Road_Number,Pedestrian_Crossing-Human_Control,Pedestrian_Crossing-Physical_Facilities,Light_Conditions,Weather_Conditions,Road_Surface_Conditions,Special_Conditions_at_Site,Carriageway_Hazards,Urban_or_Rural_Area,Did_Police_Officer_Attend_Scene_of_Accident,LSOA_of_Accident_Location,Date,Vehicle_Reference,Casualty_Reference,Casualty_Class,Sex_of_Casualty,Age_of_Casualty,Age_Band_of_Casualty,Casualty_Severity,Pedestrian_Location,Pedestrian_Movement,Car_Passenger,Bus_or_Coach_Passenger,Pedestrian_Road_Maintenance_Worker,Casualty_Type,Casualty_Home_Area_Type
10014,87.46343281,25.79177583,1,3,1,1,6,15:50,9,E09000022,6,0,6,30,3,4,3,215,0,4,1,2,2,0,0,1,1,E01003079,28-01-2018,1,2,3,1,7,2,3,4,1,0,0,-1,0,-1
10015,87.49347999,25.77164406,1,3,1,1,2,12:17,9,E09000022,3,23,6,30,3,4,6,0,0,0,1,1,1,0,0,1,1,E01003114,24-01-2018,1,1,3,1,19,4,3,4,1,0,0,-1,0,-1
10016,87.46114442,25.77224749,1,3,2,1,2,23:40,9,E09000022,3,23,6,30,3,4,6,0,0,0,4,1,1,0,0,1,1,E01003114,14-02-2018,1,1,1,1,22,5,3,0,0,0,0,-1,3,1
10017,87.45237324,25.79151457,1,3,2,1,5,10:14,9,E09000022,4,221,6,30,0,-1,-1,0,0,0,1,8,1,0,0,1,1,E01003162,24-02-2018,2,1,1,1,28,6,3,0,0,0,0,-1,1,1
10018,87.49487784,25.77412488,1,3,1,1,6,14:29,9,E09000022,3,215,6,30,0,-1,-1,0,0,0,1,1,2,0,0,1,1,E01004074,25-02-2018,1,1,1,2,27,6,3,0,0,0,0,-1,9,1
10019,87.45227625,25.78655441,1,3,1,1,6,09:37,9,E09000022,3,203,2,30,7,4,3,3036,0,0,1,1,1,0,0,1,1,E01003102,18-02-2018,1,1,1,2,34,6,2,0,0,0,0,-1,1,1
10020,87.49161552,25.76810506,1,3,1,1,6,15:11,9,E09000022,3,23,6,30,3,4,6,0,0,0,1,1,1,0,0,1,1,E01003144,18-02-2018,1,1,1,1,24,5,3,0,0,0,0,-1,5,1
10021,87.47635185,25.7645015,1,3,1,1,6,20:30,9,E09000022,3,3036,6,30,6,4,6,0,0,0,4,1,2,0,0,1,1,E01003089,18-02-2018,1,1,1,1,28,6,3,0,0,0,0,-1,9,1
10022,87.46804284,25.78524995,1,3,2,1,6,17:20,9,E09000022,3,23,3,30,3,4,6,0,0,0,4,2,2,0,0,1,1,E01003114,18-02-2018,1,1,3,1,11,3,3,1,1,0,0,-1,0,1
10023,87.48437133,25.76346387,1,3,2,1,7,21:40,9,E09000022,3,203,6,30,0,-1,-1,0,0,0,4,1,1,0,0,1,1,E01003124,19-02-2018,2,1,1,1,67,10,3,0,0,0,0,-1,1,1
10024,87.47128256,25.76436531,1,2,1,1,7,01:55,20,E09000008,3,214,6,30,0,-1,-1,0,0,0,4,1,1,0,0,1,1,E01001164,19-02-2018,1,1,1,1,39,7,3,0,0,0,0,-1,4,1
10025,87.4799008,25.77801836,1,3,1,1,7,17:00,9,E09000022,3,2217,6,30,6,4,6,0,0,0,1,1,2,0,0,1,1,E01003075,19-02-2018,1,1,3,2,-1,-1,3,5,1,0,0,-1,0,-1
10026,87.47630466,25.77029768,1,3,2,1,1,13:03,9,E09000022,3,23,6,30,6,2,4,223,0,5,1,1,1,0,0,1,1,E01003055,20-02-2018,1,1,1,1,-1,-1,3,0,0,0,0,-1,9,-1
10027,87.46356075,25.78343013,1,2,1,1,1,19:48,9,E09000022,3,3204,6,30,3,4,6,0,0,0,4,1,1,0,0,1,1,E01003101,20-02-2018,1,1,1,2,19,4,3,0,0,0,0,-1,9,-1
10028,87.49641955,25.77488927,1,3,1,1,1,12:45,9,E09000022,4,224,6,30,7,2,3,3,0,5,1,1,1,0,0,1,1,E01003041,20-02-2018,1,2,2,1,18,4,3,0,0,1,0,-1,9,1
10029,87.46207303,25.77508433,1,3,2,1,2,20:33,9,E09000022,3,2217,6,30,3,4,6,0,0,0,4,2,2,0,0,1,1,E01003032,21-02-2018,3,3,1,2,44,7,3,0,0,0,0,-1,9,-1
10030,87.496588,25.78585732,1,3,2,1,1,11:45,9,E09000022,3,23,6,30,6,2,4,272,0,0,1,1,1,0,0,1,1,E01003115,20-02-2018,2,1,1,2,25,5,3,0,0,0,0,-1,9,-1
10031,87.4800369,25.76697057,1,3,2,1,3,10:44,9,E09000022,3,203,6,30,6,2,6,0,0,5,1,1,2,0,0,1,1,E01003124,22-02-2018,1,1,3,2,14,3,3,1,1,0,0,-1,0,1
10032,87.48614521,25.76532943,1,3,1,1,6,18:25,9,E09000022,3,23,6,30,0,-1,-1,0,0,0,4,1,2,0,0,1,1,E01003147,25-02-2018,1,1,1,2,60,9,3,0,0,0,0,-1,9,1
10033,87.4826988,25.77888182,1,3,1,2,6,10:25,9,E09000022,3,3200,3,30,0,-1,-1,0,0,0,1,1,2,0,0,1,1,E01003013,25-02-2018,2,2,1,1,23,5,3,0,0,0,0,-1,9,-1
10034,87.45168451,25.77865549,1,3,2,1,2,08:40,9,E09000022,3,3036,1,30,1,2,3,3203,0,5,1,6,4,0,0,1,1,E01003112,28-02-2018,1,1,1,1,40,7,3,0,0,0,0,-1,9,1
10035,87.48363737,25.77521885,1,3,1,1,2,09:15,9,E09000022,6,0,6,30,3,4,6,0,0,0,1,1,1,0,0,1,1,E01003135,28-02-2018,1,1,3,2,62,9,3,4,1,0,0,-1,0,3
10036,87.48953082,25.77383952,1,3,2,1,3,10:02,9,E09000022,3,3,3,30,6,2,3,202,0,5,1,2,2,0,0,1,1,E01003099,01-03-2018,1,1,3,2,12,3,3,1,1,0,0,-1,0,1
10037,87.46389264,25.78869542,1,3,2,1,7,18:20,9,E09000022,4,272,6,30,6,4,6,0,0,0,4,2,2,0,0,1,1,E01003139,26-02-2018,2,1,1,2,51,8,3,0,0,0,0,-1,9,-1
10038,87.46126194,25.77239271,1,3,1,1,3,18:16,9,E09000022,4,303,2,30,3,4,4,303,0,1,1,1,1,0,0,1,1,E01003039,11-01-2018,1,1,2,2,74,10,3,0,0,0,3,-1,11,1
10039,87.46399847,25.77821267,1,3,2,1,2,14:35,9,E09000022,3,23,6,30,7,2,3,2217,0,5,1,1,1,0,0,1,1,E01003020,28-02-2018,1,1,2,1,45,7,3,0,0,1,0,-1,9,1
10040,87.46315163,25.78315595,1,2,1,1,2,17:20,9,E09000022,3,23,6,30,3,2,3,3,0,5,4,1,1,0,0,1,2,E01003099,24-01-2018,1,2,2,1,26,6,3,0,0,1,0,-1,9,1
10041,87.48192331,25.78184546,1,3,3,1,1,02:35,9,E09000022,3,203,2,30,3,4,3,203,0,0,4,1,1,0,0,1,1,E01003103,09-01-2018,2,1,1,1,41,7,3,0,0,0,0,-1,9,1
10042,87.49006884,25.76862001,1,3,2,1,3,17:45,8,E09000028,6,0,6,30,3,4,6,0,0,0,4,2,2,0,0,1,1,E01003934,22-02-2018,1,1,3,2,42,7,3,1,1,0,0,-1,0,1
10043,87.49701718,25.771491,1,3,2,1,7,05:45,9,E09000022,3,23,6,30,3,2,3,214,0,5,4,1,1,0,0,1,2,E01003115,19-02-2018,1,1,1,1,32,6,3,0,0,0,0,-1,9,1
10044,87.46365737,25.76677114,1,3,2,1,4,11:30,8,E09000028,6,0,6,30,0,-1,-1,0,0,0,1,1,1,0,0,1,2,E01003919,23-02-2018,1,1,1,1,43,7,3,0,0,0,0,-1,9,1
10045,87.45750727,25.77518338,1,3,2,2,5,18:15,9,E09000022,3,202,6,30,0,-1,-1,0,0,0,1,1,1,0,0,1,2,E01003102,24-02-2018,1,1,3,2,34,6,3,1,3,0,0,-1,0,1
10046,87.47977443,25.79238135,1,3,2,1,5,09:40,9,E09000022,4,221,6,30,6,4,6,0,0,0,1,2,2,0,0,1,2,E01003138,03-03-2018,1,1,1,1,22,5,3,0,0,0,0,-1,9,1
10047,87.49361001,25.78595286,1,3,1,1,5,08:07,9,E09000022,3,3036,6,30,0,-1,-1,0,0,0,1,1,1,0,0,1,2,E01003089,03-03-2018,1,1,2,2,22,5,3,0,0,1,0,-1,9,1
10048,87.48437196,25.76734623,1,3,1,1,2,14:35,9,E09000022,3,23,6,30,0,-1,-1,0,0,0,1,2,2,0,0,1,2,E01003137,28-02-2018,2,1,1,1,26,6,3,0,0,0,0,-1,4,-1
10049,87.45209927,25.76755519,1,3,1,1,3,09:13,9,E09000022,3,3,6,30,3,4,6,0,0,0,1,2,2,0,0,1,1,E01003054,01-03-2018,1,1,3,2,34,6,3,1,1,0,0,-1,0,1
10050,87.46391021,25.78802073,1,3,2,1,3,08:55,9,E09000022,3,214,6,30,3,4,6,0,0,5,1,1,1,0,0,1,1,E01003144,01-03-2018,1,1,1,1,66,10,3,0,0,0,0,-1,9,2
10051,87.4919365,25.78306756,1,3,2,1,4,20:57,9,E09000022,6,0,6,30,3,4,6,0,0,0,4,2,2,0,0,1,1,E01003091,02-03-2018,2,1,1,2,35,6,3,0,0,0,0,-1,9,1
10052,87.46696113,25.79259966,1,3,1,1,5,07:42,20,E09000008,3,214,6,30,3,4,6,0,0,0,1,1,1,0,0,1,1,E01001162,03-03-2018,1,1,1,1,30,6,3,0,0,0,0,-1,9,1
10053,87.4681273,25.788626,1,3,1,1,5,18:19,9,E09000022,3,23,6,30,3,4,6,0,0,0,4,1,1,0,0,1,1,E01003045,03-03-2018,3,2,1,2,29,6,3,0,0,0,0,-1,9,1
10054,87.46629195,25.77442662,1,3,1,1,7,23:10,9,E09000022,3,23,6,30,3,4,6,0,0,0,4,1,1,0,0,1,1,E01003186,05-03-2018,2,1,1,1,37,7,3,0,0,0,0,-1,9,1
10055,87.45445685,25.78283829,1,3,2,1,5,08:45,9,E09000022,3,202,6,30,3,2,3,202,0,5,1,1,1,0,0,1,1,E01003183,03-03-2018,1,1,3,2,21,5,3,5,1,0,0,-1,0,1
10056,87.46494844,25.79158507,1,3,1,1,7,19:35,9,E09000022,4,272,6,30,3,4,6,0,0,1,4,1,1,0,0,1,1,E01003142,05-03-2018,1,1,3,2,16,4,3,5,3,0,0,-1,0,-1
10057,87.47581821,25.7797559,1,3,1,1,7,01:00,9,E09000022,3,23,6,30,3,2,5,0,0,0,4,7,4,0,0,1,1,E01003120,05-03-2018,1,1,1,1,38,7,3,0,0,0,0,-1,9,1
10058,87.49414038,25.79039752,1,3,2,1,3,06:25,9,E09000022,3,3,6,30,0,-1,-1,0,0,0,1,1,2,0,0,1,1,E01003090,08-03-2018,1,1,1,1,32,6,3,0,0,0,0,-1,9,1
10059,87.46177908,25.77860011,1,3,2,1,3,22:27,9,E09000022,3,23,6,30,3,4,6,0,0,0,4,1,1,0,0,1,1,E01003185,08-03-2018,1,1,1,2,41,7,3,0,0,0,0,-1,9,1
10060,87.45248322,25.77017648,1,3,2,1,4,14:50,9,E09000022,3,23,6,30,0,-1,-1,0,0,0,1,1,1,0,0,1,1,E01003114,09-03-2018,1,1,1,1,45,7,3,0,0,0,0,-1,9,1
10061,87.49325888,25.76412493,1,3,1,1,4,09:00,9,E09000022,3,23,6,30,3,4,5,0,0,0,1,1,1,0,0,1,1,E01003015,09-03-2018,2,1,2,1,36,7,3,0,0,1,0,-1,9,-1
10062,87.47321486,25.76607951,1,3,1,1,4,16:51,9,E09000022,3,23,6,30,3,4,6,0,0,0,1,1,1,0,0,1,1,E01003024,09-03-2018,1,1,1,2,40,7,3,0,0,0,0,-1,9,1
10063,87.48699721,25.78340027,1,3,2,1,6,09:00,9,E09000022,3,3204,6,30,6,4,6,0,0,5,1,1,1,0,0,1,1,E01003106,11-03-2018,1,2,2,2,-1,-1,3,0,0,1,0,-1,9,-1
10064,87.49803976,25.76635464,1,3,2,1,4,14:00,9,E09000022,5,0,6,30,0,-1,-1,0,0,0,1,1,1,0,0,1,1,E01003149,02-03-2018,1,1,1,1,31,6,3,0,0,0,0,-1,9,1
10065,87.49150323,25.76534443,1,2,1,1,1,21:00,9,E09000022,3,3,6,30,6,2,3,202,0,5,4,1,1,0,0,1,1,E01003100,13-03-2018,1,1,1,2,38,7,3,0,0,0,0,-1,9,-1
10066,87.45808898,25.79243754,1,3,2,1,2,11:30,9,E09000022,3,3,6,30,6,4,6,0,0,0,1,1,1,0,0,1,1,E01003090,14-03-2018,1,2,2,2,10,2,3,0,0,1,0,-1,9,-1
10067,87.47678656,25.76762867,1,3,2,1,4,19:24,9,E09000022,6,0,6,30,2,4,6,0,0,0,4,1,2,0,0,1,1,E01003130,16-03-2018,1,1,2,2,29,6,3,0,0,1,0,-1,9,1
10068,87.49630667,25.79057387,1,3,1,1,4,13:50,9,E09000022,3,23,6,30,3,2,3,3,0,5,1,1,2,6,0,1,1,E01003099,16-03-2018,1,1,2,2,60,9,3,0,0,0,1,-1,11,1
10069,87.48293716,25.77576335,1,3,2,1,5,20:10,9,E09000022,3,23,6,30,3,4,6,0,0,0,1,1,1,0,0,1,1,E01003141,10-03-2018,1,1,1,1,51,8,3,0,0,0,0,-1,8,1
10070,87.47394678,25.77298061,1,3,2,1,2,20:55,9,E09000022,3,3036,6,30,0,-1,-1,0,0,0,4,3,2,0,0,1,1,E01003109,21-02-2018,1,1,1,1,26,6,3,0,0,0,0,-1,5,-1
10071,87.48220933,25.76834252,1,2,2,1,3,14:10,9,E09000022,3,3036,6,30,0,-1,-1,0,0,0,1,1,1,0,0,1,1,E01003013,15-03-2018,1,1,1,1,27,6,3,0,0,0,0,-1,9,1
10072,87.48562628,25.78090317,1,2,2,1,1,00:01,9,E09000022,3,23,6,30,3,4,6,0,0,1,4,1,1,0,0,1,2,E01003100,16-01-2018,1,2,3,2,22,5,3,5,1,0,0,-1,0,1
10073,87.4814821,25.77903137,1,3,2,1,2,17:30,9,E09000022,3,205,3,30,3,2,3,2199,0,5,4,4,1,0,0,1,2,E01003165,31-01-2018,1,1,1,1,26,6,3,0,0,0,0,-1,9,1
10074,87.48407252,25.76881675,1,3,2,1,3,11:50,9,E09000022,3,23,6,30,3,4,5,0,0,5,1,2,2,0,0,1,1,E01003061,22-03-2018,1,1,3,1,53,8,3,5,1,0,0,-1,0,1
10075,87.49254722,25.76368424,1,3,2,1,3,08:45,9,E09000022,3,205,2,30,3,4,3,205,0,1,1,1,1,0,0,1,2,E01003174,01-03-2018,1,1,1,1,23,5,3,0,0,0,0,-1,5,1
10076,87.49014722,25.76325331,1,3,2,1,1,09:45,9,E09000022,5,0,6,30,7,2,6,0,0,5,1,1,1,0,0,1,1,E01003046,20-03-2018,2,2,1,2,29,6,3,0,0,0,0,-1,9,1
10077,87.45182598,25.78818601,1,2,1,1,6,18:04,9,E09000022,3,2217,6,30,6,2,4,223,0,5,1,1,1,0,0,1,1,E01003047,18-03-2018,1,1,2,1,33,6,3,0,0,0,3,-1,11,1
10078,87.47156177,25.77595347,1,3,2,2,7,15:03,9,E09000022,3,3036,6,30,6,2,3,3205,0,0,1,1,1,0,0,1,1,E01004562,26-03-2018,1,2,2,2,63,9,3,0,0,0,4,-1,11,-1
10079,87.47725785,25.78477271,1,3,2,1,5,09:25,9,E09000022,3,2217,6,30,7,4,6,0,0,0,1,1,1,0,0,1,1,E01003049,10-03-2018,2,1,1,2,18,4,3,0,0,0,0,-1,9,1
10080,87.45504958,25.78947038,1,3,1,1,3,15:30,9,E09000022,4,272,6,30,6,4,6,0,0,0,1,1,1,0,0,1,1,E01003139,15-03-2018,2,1,1,1,32,6,3,0,0,0,0,-1,5,1
10081,87.4855117,25.76833873,1,3,1,1,7,00:48,9,E09000022,3,203,6,30,3,4,6,0,0,0,4,1,1,0,0,1,1,E01003096,26-03-2018,2,1,1,2,37,7,3,0,0,0,0,-1,9,1
10082,87.45253494,25.77906208,1,3,1,1,3,15:48,9,E09000022,3,2217,6,30,0,-1,-1,0,0,0,1,1,1,0,0,1,1,E01003051,15-02-2018,2,1,2,2,60,9,3,0,0,1,0,-1,9,1
10083,87.45710868,25.78843168,1,3,2,1,3,15:36,9,E09000022,3,23,6,30,3,4,6,0,0,5,1,6,3,0,0,1,1,E01003024,22-02-2018,1,1,3,2,4,1,3,5,2,0,0,-1,0,-1
10084,87.47819622,25.77171854,1,3,2,1,6,11:45,9,E09000022,6,0,6,30,0,-1,-1,0,0,0,1,1,1,0,0,1,2,E01003031,18-02-2018,1,1,3,2,19,4,3,5,1,0,0,-1,0,1
10085,87.48268222,25.78193826,1,3,2,1,3,22:30,9,E09000022,3,3036,6,30,3,4,6,0,0,4,4,1,1,0,0,1,1,E01003091,15-03-2018,1,1,1,1,47,8,3,0,0,0,0,-1,5,1
10086,87.45639541,25.77082325,1,3,2,1,4,17:06,9,E09000022,3,214,6,30,8,4,6,0,0,0,1,2,2,0,0,1,1,E01001084,16-03-2018,1,1,1,1,48,8,3,0,0,0,0,-1,9,1
10087,87.46597626,25.77482725,1,3,1,1,5,17:40,8,E09000028,3,215,6,30,3,2,6,0,0,5,1,1,1,0,0,1,1,E01003076,17-03-2018,2,2,1,1,33,6,3,0,0,0,0,-1,9,1
10088,87.47643602,25.77944293,1,3,1,1,5,08:10,9,E09000022,6,0,6,30,0,-1,-1,0,0,0,1,1,1,0,0,1,1,E01003085,17-03-2018,1,1,3,1,6,2,3,5,1,0,0,-1,0,1
10089,87.49078159,25.77349372,1,3,1,1,7,14:33,9,E09000022,3,23,6,30,3,2,5,0,0,5,1,1,1,0,0,1,1,E01003061,05-03-2018,1,1,1,1,42,7,3,0,0,0,0,-1,9,1
10090,87.48059521,25.77615061,1,3,2,1,5,17:05,9,E09000022,3,3,6,30,3,4,6,0,0,0,1,1,1,0,0,1,1,E01003090,17-03-2018,2,1,1,1,23,5,3,0,0,0,0,-1,3,1
10091,87.49475675,25.78916061,1,3,3,2,4,17:30,9,E09000022,3,23,3,30,0,-1,-1,0,0,0,1,2,2,0,0,1,1,E01003186,26-01-2018,1,1,2,2,75,10,3,0,0,0,4,-1,11,1
10092,87.49875263,25.77515376,1,3,2,1,1,12:45,9,E09000022,3,24,6,30,3,4,6,0,0,0,1,1,1,0,0,1,1,E01003030,13-02-2018,1,1,3,1,34,6,2,5,1,0,0,-1,0,-1
10093,87.49192292,25.78209188,1,3,2,1,5,23:48,9,E09000022,6,0,6,30,3,4,6,0,0,0,4,2,2,0,0,1,1,E01003028,17-02-2018,2,1,1,2,27,6,3,0,0,0,0,-1,9,1
10094,87.47545387,25.79114745,1,3,1,1,5,22:36,9,E09000022,3,23,6,30,3,4,6,0,0,0,4,2,2,0,0,1,1,E01003018,17-02-2018,1,1,2,2,80,11,3,0,0,0,2,-1,11,-1
10095,87.46459016,25.76483245,1,3,1,1,2,00:20,9,E09000022,3,23,3,30,3,4,6,0,0,0,4,2,2,0,0,1,1,E01003023,21-02-2018,1,1,2,2,28,6,3,0,0,1,0,-1,9,-1
10096,87.49150001,25.77757459,1,3,2,1,4,10:38,9,E09000022,5,0,6,30,3,4,6,0,0,0,1,1,1,0,0,1,1,E01004473,23-02-2018,1,1,3,1,17,4,3,5,3,0,0,-1,0,1
10097,87.49300859,25.78271947,1,3,1,1,4,08:44,9,E09000022,3,204,6,30,6,2,3,2214,0,5,1,1,1,0,0,1,1,E01003177,23-02-2018,1,1,1,1,51,8,3,0,0,0,0,-1,9,1
10098,87.45998419,25.77763143,1,3,2,1,5,17:13,9,E09000022,6,0,6,30,0,-1,-1,0,0,0,4,1,1,0,0,1,1,E01003027,24-02-2018,1,1,2,2,31,6,3,0,0,1,0,-1,9,1
10099,87.48843598,25.78601561,1,3,2,1,6,20:20,9,E09000022,5,0,6,30,6,2,3,205,0,5,4,1,1,0,0,1,1,E01003160,25-02-2018,1,1,1,2,62,9,3,0,0,0,0,-1,9,1
10100,87.48175263,25.76611017,1,3,2,1,2,10:20,9,E09000022,3,205,6,30,3,2,3,24,0,5,1,1,1,0,0,1,1,E01003030,28-02-2018,1,1,1,2,60,9,3,0,0,0,0,-1,9,1
10101,87.46048875,25.78771254,1,3,2,2,3,18:30,9,E09000022,3,23,6,30,3,2,3,23,0,5,1,1,1,0,0,1,1,E01003144,22-03-2018,2,1,1,1,51,8,3,0,0,0,0,-1,9,1
10102,87.48089187,25.78505025,1,3,2,1,6,17:12,9,E09000022,3,23,6,30,3,2,4,223,0,5,1,1,1,0,0,1,1,E01003055,11-03-2018,1,1,1,2,27,6,3,0,0,0,0,-1,9,1
10103,87.47320836,25.78442466,1,2,2,1,6,22:40,9,E09000022,6,0,6,30,0,-1,-1,0,0,0,4,2,2,0,0,1,1,E01003045,11-03-2018,1,1,1,1,35,6,3,0,0,0,0,-1,9,1
10104,87.46257448,25.76301971,1,3,1,1,1,02:24,9,E09000022,3,2214,6,30,3,4,6,0,0,0,4,2,2,0,0,1,1,E01003074,13-03-2018,2,1,1,1,-1,-1,3,0,0,0,0,-1,1,-1
10105,87.46173525,25.77874097,1,3,2,1,6,02:10,9,E09000022,3,23,6,30,0,-1,-1,0,0,0,4,1,1,0,0,1,1,E01003018,25-03-2018,1,1,3,2,14,3,3,4,2,0,0,-1,0,-1
10106,87.45590599,25.78261832,1,3,1,1,7,10:50,9,E09000022,3,2217,6,30,6,2,3,23,0,5,1,1,1,0,0,1,1,E01003050,12-03-2018,1,1,3,2,16,4,3,5,1,0,0,-1,0,1
10107,87.480735,25.7738553,1,3,2,1,4,20:00,9,E09000022,3,3,6,30,0,-1,-1,0,0,0,4,1,1,0,0,1,1,E01003041,16-03-2018,1,1,1,1,58,9,3,0,0,0,0,-1,8,1
10108,87.46847066,25.76984623,1,3,2,1,4,12:20,9,E09000022,3,23,6,30,0,-1,-1,0,0,0,1,1,1,0,0,1,1,E01003014,16-03-2018,1,1,1,1,22,5,3,0,0,0,0,-1,9,-1
10109,87.48889991,25.78749481,1,3,2,1,5,08:06,9,E09000022,3,23,6,30,0,-1,-1,0,0,0,1,1,1,0,0,1,1,E01003147,17-03-2018,1,1,2,2,-1,-1,3,0,0,0,0,-1,5,1
10110,87.4942318,25.78208035,1,3,1,1,5,13:40,9,E09000022,3,23,3,30,3,4,6,0,0,0,1,1,1,0,0,1,1,E01003024,17-03-2018,1,1,1,1,66,10,3,0,0,0,0,-1,9,-1
10111,87.48235974,25.77270624,1,3,3,1,1,13:45,9,E09000022,3,203,6,30,6,2,4,301,0,5,1,1,1,0,0,1,3,E01003103,13-03-2018,1,2,2,2,66,10,3,0,0,1,0,-1,9,-1
10112,87.48241539,25.76782659,1,3,2,1,3,13:40,9,E09000022,6,0,6,30,6,4,6,0,0,0,1,1,1,0,0,1,2,E01003155,15-03-2018,2,1,1,2,38,7,3,0,0,0,0,-1,9,1
10113,87.46547571,25.77788667,1,3,1,1,5,18:56,9,E09000022,3,23,6,30,3,2,3,23,0,5,7,1,1,0,0,1,1,E01003024,17-03-2018,1,1,3,1,48,8,3,5,1,0,0,-1,0,-1
10114,87.47950638,25.76945412,1,3,3,1,5,08:10,9,E09000022,3,214,6,30,3,4,5,0,0,0,1,2,2,0,0,1,1,E01003144,24-03-2018,1,1,1,1,23,5,3,0,0,0,0,-1,9,1
10115,87.48405248,25.78140885,1,3,2,1,5,18:35,9,E09000022,3,3,6,30,0,-1,-1,0,0,0,4,1,1,0,0,1,1,E01003126,24-03-2018,1,1,1,1,23,5,3,0,0,0,0,-1,9,1
10116,87.47064357,25.78217294,1,2,1,1,4,15:50,9,E09000022,3,23,6,30,0,-1,-1,0,0,0,1,1,1,0,0,1,1,E01003060,23-03-2018,2,2,1,1,68,10,3,0,0,0,0,-1,9,1
10117,87.49520082,25.7663666,1,3,2,1,7,17:40,9,E09000022,3,3204,6,30,3,2,6,0,0,0,1,1,1,0,0,1,1,E01003109,26-03-2018,1,1,3,2,18,4,3,1,4,0,0,-1,0,1
10118,87.47809463,25.77933816,1,3,2,1,7,00:01,9,E09000022,3,302,6,30,0,-1,-1,0,0,5,4,1,1,0,0,1,1,E01003013,26-03-2018,1,1,3,2,62,9,2,8,5,0,0,-1,0,1
10119,87.46954299,25.76409146,1,3,2,1,3,18:30,9,E09000022,5,0,6,30,2,4,5,0,0,0,4,1,1,0,0,1,1,E01003149,15-03-2018,1,1,1,1,24,5,2,0,0,0,0,-1,2,1
10120,87.49031487,25.77705009,1,3,1,1,4,08:30,9,E09000022,5,0,6,30,3,4,6,0,0,0,1,1,1,0,0,1,2,E01003162,13-04-2018,1,1,3,2,6,2,3,5,4,0,0,-1,0,-1
10121,87.48074415,25.77670631,1,3,2,1,6,22:30,9,E09000022,5,0,6,30,0,-1,-1,0,0,0,4,1,1,0,0,1,1,E01003154,25-03-2018,2,1,1,1,22,5,3,0,0,0,0,-1,9,1
10122,87.48419085,25.76726756,1,3,2,1,7,15:40,9,E09000022,6,0,6,30,2,4,6,0,0,0,1,1,1,0,0,1,1,E01003165,26-03-2018,1,1,1,2,22,5,3,0,0,0,0,-1,9,1
10123,87.48066319,25.77000275,1,3,2,1,1,02:19,9,E09000022,3,203,6,30,6,2,5,0,0,0,4,1,2,0,0,1,1,E01003126,27-03-2018,1,1,1,2,24,5,3,0,0,0,0,-1,9,1
10124,87.45752025,25.77472787,1,3,2,1,4,08:30,9,E09000022,3,214,6,30,3,4,6,0,0,0,1,1,1,0,0,1,2,E01003086,23-03-2018,1,1,2,1,-1,-1,3,0,0,1,0,-1,9,1
10125,87.47947369,25.78339629,1,3,1,1,3,11:20,9,E09000022,3,23,6,30,0,-1,-1,0,0,0,1,1,1,0,0,1,1,E01003137,29-03-2018,1,1,1,2,49,8,3,0,0,0,0,-1,9,1
10126,87.46788658,25.76793751,1,3,2,1,3,18:59,9,E09000022,3,2217,6,30,3,4,6,0,0,0,4,2,2,0,0,1,1,E01003052,29-03-2018,1,1,1,2,45,7,3,0,0,0,0,-1,9,1
10127,87.4925326,25.78525868,1,3,1,1,3,13:45,9,E09000022,3,203,6,30,0,-1,-1,0,0,0,1,1,1,0,0,1,1,E01003093,29-03-2018,1,2,2,2,-1,-1,3,0,0,1,0,-1,9,-1
10128,87.48177146,25.7647553,1,3,1,1,3,13:10,9,E09000022,3,301,6,30,0,-1,-1,0,0,0,1,1,1,0,0,1,1,E01003017,29-03-2018,1,1,1,1,37,7,3,0,0,0,0,-1,3,-1
10129,87.4569719,25.76629778,1,3,1,1,2,03:00,9,E09000022,3,2217,6,30,0,-1,-1,0,0,0,4,1,1,0,0,1,1,E01003047,28-03-2018,1,1,1,2,34,6,3,0,0,0,0,-1,9,1
10130,87.48996335,25.77214965,1,3,2,1,4,17:30,9,E09000022,6,0,6,30,3,4,6,0,0,0,1,1,1,0,0,1,1,E01003013,30-03-2018,1,1,1,1,18,4,3,0,0,0,0,-1,9,1
10131,87.46788937,25.78826673,1,3,2,1,4,16:35,9,E09000022,3,205,6,30,3,4,6,0,0,0,1,1,1,0,0,1,1,E01003137,30-03-2018,1,1,1,1,34,6,3,0,0,0,0,-1,9,1
10132,87.47039259,25.78285128,1,3,1,1,1,18:48,9,E09000022,3,202,6,30,6,2,3,3036,0,5,1,1,1,0,0,1,1,E01003103,03-04-2018,1,1,1,1,34,6,3,0,0,0,0,-1,9,-1
10133,87.48141544,25.76565057,1,3,2,1,5,17:19,9,E09000022,3,24,6,30,3,4,6,0,0,0,1,1,1,0,0,1,1,E01003026,31-03-2018,1,1,2,1,40,7,3,0,0,1,0,-1,9,-1
10134,87.49426044,25.76488269,1,3,1,1,7,19:58,9,E09000022,3,3,6,30,0,-1,-1,0,0,0,1,2,2,0,0,1,1,E01003041,26-03-2018,1,1,1,2,25,5,3,0,0,0,0,-1,9,1
10135,87.46875458,25.78424262,1,3,2,1,4,14:37,9,E09000022,3,301,6,30,0,-1,-1,0,0,0,1,1,2,0,0,1,1,E01003016,23-02-2018,1,1,1,2,31,6,3,0,0,0,0,-1,9,1