Accident_Index,longitude,latitude,Police_Force,Accident_Severity,Number_of_Vehicles,Number_of_Casualties,Day_of_Week,Time,Local_Authority_(District),Local_Authority_(Highway),1st_Road_Class,1st_Road_Number,Road_Type,Speed_limit,Junction_Detail,Junction_Control,2nd_Road_Class,2nd_Road_Number,Pedestrian_Crossing-Human_Control,Pedestrian_Crossing-Physical_Facilities,Light_Conditions,Weather_Conditions,Road_Surface_Conditions,Special_Conditions_at_Site,Carriageway_Hazards,Urban_or_Rural_Area,Did_Police_Officer_Attend_Scene_of_Accident,LSOA_of_Accident_Location,Date,Vehicle_Reference,Casualty_Reference,Casualty_Class,Sex_of_Casualty,Age_of_Casualty,Age_Band_of_Casualty,Casualty_Severity,Pedestrian_Location,Pedestrian_Movement,Car_Passenger,Bus_or_Coach_Passenger,Pedestrian_Road_Maintenance_Worker,Casualty_Type,Casualty_Home_Area_Type
10258,87.48468356,25.76963752,1,3,1,1,5,17:37,9,E09000022,3,23,6,30,3,2,3,23,0,0,1,1,1,0,0,1,2,E01003060,28-04-2018,2,4,2,1,77,11,2,0,0,0,3,-1,11,-1
10259,87.49715056,25.7645439,1,3,2,1,5,09:45,9,E09000022,4,221,6,30,7,2,6,0,0,5,1,1,1,0,0,1,2,E01003090,28-04-2018,2,5,2,2,49,8,3,0,0,0,3,-1,11,-1
10260,87.4607635,25.76412109,1,3,3,1,4,12:29,9,E09000022,6,0,6,30,3,4,6,0,0,0,1,1,1,0,0,1,1,E01003067,04-05-2018,2,6,2,2,-1,-1,3,0,0,0,3,-1,11,-1
10261,87.4863316,25.7673438,1,3,1,1,4,08:30,9,E09000022,3,23,6,30,3,4,6,0,0,0,1,1,1,0,0,1,1,E01003130,27-04-2018,1,1,2,2,36,7,3,0,0,0,4,-1,11,1
10262,87.46334517,25.78704042,1,3,5,4,5,13:57,9,E09000022,3,23,3,30,7,2,5,0,0,5,1,1,1,0,0,1,1,E01003120,05-05-2018,1,1,3,2,43,7,3,1,1,0,0,-1,0,-1
10263,87.46297361,25.76426336,1,2,2,1,6,17:44,9,E09000022,4,224,6,30,3,4,6,0,0,1,1,1,1,0,0,1,1,E01003039,06-05-2018,1,1,3,1,31,6,3,5,2,0,0,-1,0,1
10264,87.45501924,25.78971109,1,3,1,1,5,17:25,9,E09000022,3,3,6,30,0,-1,-1,0,0,0,1,1,1,0,0,1,1,E01003100,05-05-2018,1,1,1,1,40,7,3,0,0,0,0,-1,5,-1
10265,87.49327008,25.77497464,1,3,2,1,1,15:30,9,E09000022,3,23,6,30,3,2,3,23,0,5,1,1,1,0,0,1,2,E01003144,08-05-2018,1,1,3,2,59,9,3,1,1,0,0,-1,0,1
10266,87.49161376,25.78951875,1,3,1,2,6,13:40,9,E09000022,3,3,6,30,0,-1,-1,0,0,5,1,1,1,0,0,1,1,E01003128,06-05-2018,1,1,3,1,4,1,3,5,2,0,0,-1,0,1
10267,87.48100801,25.77076096,1,3,1,1,6,21:15,9,E09000022,5,0,6,30,3,4,6,0,0,0,4,1,1,0,0,1,1,E01003182,06-05-2018,2,1,1,1,19,4,3,0,0,0,0,-1,9,1
10268,87.49799805,25.78476843,1,3,3,1,3,09:33,9,E09000022,3,23,6,30,3,4,6,0,0,0,1,1,1,0,0,1,1,E01003145,10-05-2018,1,1,1,1,19,4,3,0,0,0,0,-1,9,1
10269,87.48378836,25.78257839,1,3,2,1,4,07:45,9,E09000022,3,301,1,30,1,4,3,3200,0,4,1,1,1,0,0,1,1,E01003016,11-05-2018,1,2,2,1,-1,-1,3,0,0,1,0,-1,9,-1
10270,87.49277947,25.78679224,1,3,1,1,4,23:00,9,E09000022,3,23,2,30,6,2,5,0,0,5,4,1,1,0,0,1,1,E01003117,11-05-2018,1,3,2,1,-1,-1,3,0,0,2,0,-1,9,-1
10271,87.46393378,25.77489974,1,3,2,1,4,07:31,9,E09000022,5,0,6,30,3,4,6,0,0,0,1,1,1,0,0,1,1,E01003148,11-05-2018,1,4,2,1,-1,-1,3,0,0,1,0,-1,9,-1
10272,87.49521291,25.77456406,1,3,2,1,3,13:25,9,E09000022,4,221,6,30,3,4,6,0,0,0,1,2,2,0,0,1,1,E01003138,10-05-2018,1,1,1,1,59,9,3,0,0,0,0,-1,19,1
10273,87.48180977,25.76402754,1,3,2,1,2,12:30,9,E09000022,3,2217,6,30,3,4,6,0,0,0,1,1,1,0,0,1,2,E01003052,25-04-2018,2,1,1,1,32,6,3,0,0,0,0,-1,9,1
10274,87.45525529,25.76723238,1,3,2,1,4,16:39,9,E09000022,3,23,6,30,3,4,6,0,0,0,1,1,1,0,0,1,1,E01003111,11-05-2018,1,1,2,2,35,6,3,0,0,2,0,-1,9,-1
10275,87.45839247,25.779743,1,3,2,1,6,23:34,9,E09000022,3,3,6,30,0,-1,-1,0,0,0,4,2,2,0,0,1,1,E01003090,06-05-2018,1,2,2,2,35,6,3,0,0,1,0,-1,9,1
10276,87.46836162,25.76480222,1,3,2,1,4,08:37,9,E09000022,4,221,6,30,8,4,3,3,0,0,1,1,1,0,0,1,1,E01003090,11-05-2018,1,1,1,2,50,8,3,0,0,0,0,-1,9,1
10277,87.47309994,25.77657745,1,3,2,1,7,14:24,9,E09000022,3,23,3,30,3,4,6,0,0,0,1,1,1,0,0,1,1,E01003131,07-05-2018,1,2,2,1,-1,-1,3,0,0,1,0,-1,9,-1
10278,87.48899869,25.77349345,1,3,2,1,5,09:10,9,E09000022,3,23,3,30,3,4,6,0,0,0,1,1,1,0,0,1,2,E01003047,12-05-2018,1,3,2,1,-1,-1,3,0,0,2,0,-1,9,-1
10279,87.4697806,25.76701103,1,3,1,1,7,23:53,9,E09000022,3,203,6,30,0,-1,-1,0,0,0,4,1,1,0,0,1,1,E01003097,07-05-2018,1,4,2,1,-1,-1,3,0,0,2,0,-1,9,-1
10280,87.47390488,25.78363096,1,3,2,1,1,13:30,9,E09000022,6,0,2,30,0,-1,-1,0,0,0,1,1,1,0,0,1,1,E01003061,08-05-2018,1,5,2,1,-1,-1,3,0,0,2,0,-1,9,-1
10281,87.47759318,25.79211343,1,3,2,1,5,13:20,9,E09000022,3,23,3,30,7,2,3,203,0,5,1,1,1,0,0,1,1,E01003061,12-05-2018,1,1,1,1,22,5,3,0,0,0,0,-1,3,1
10282,87.49511921,25.7843174,1,3,1,1,6,15:40,9,E09000022,3,202,6,30,7,2,3,3204,0,5,1,1,1,0,0,1,1,E01003102,13-05-2018,1,1,1,1,32,6,3,0,0,0,0,-1,9,-1
10283,87.45373476,25.76555618,1,3,2,1,6,09:45,8,E09000028,6,0,6,30,3,4,6,0,0,0,1,1,1,0,0,1,1,E01003948,13-05-2018,2,2,1,1,31,6,3,0,0,0,0,-1,9,-1
10284,87.45635379,25.77428254,1,3,2,1,6,17:15,9,E09000022,6,0,6,30,3,4,6,0,0,0,1,1,1,0,0,1,2,E01003088,06-05-2018,2,3,2,2,27,6,3,0,0,1,0,-1,9,-1
10285,87.4681242,25.77575784,1,3,2,1,5,08:32,9,E09000022,3,3,6,30,3,4,6,0,0,0,1,1,1,0,0,1,1,E01003035,14-04-2018,2,4,2,1,9,2,3,0,0,2,0,-1,9,-1
10286,87.46019488,25.79066898,1,2,1,3,5,05:34,9,E09000022,3,215,6,30,0,-1,-1,0,0,5,1,1,1,0,0,1,1,E01003074,12-05-2018,2,5,2,1,11,3,3,0,0,2,0,-1,9,-1
10287,87.4762694,25.78529502,1,3,1,1,1,23:39,9,E09000022,3,23,6,30,3,2,3,214,0,5,4,1,1,0,0,1,1,E01003150,15-05-2018,1,1,3,1,14,3,3,5,1,0,0,-1,0,1
10288,87.45333222,25.77724873,1,2,2,2,5,08:22,9,E09000022,3,3,6,30,3,2,3,23,0,5,1,1,1,0,0,1,1,E01003099,12-05-2018,1,1,1,1,19,4,3,0,0,0,0,-1,3,1
10289,87.4598533,25.77244432,1,3,2,1,6,17:15,9,E09000022,3,23,6,30,3,4,6,0,0,0,1,1,1,0,0,1,1,E01003101,20-05-2018,1,1,2,2,53,8,3,0,0,0,3,-1,11,-1
10290,87.45751387,25.76974551,1,3,2,1,7,13:04,9,E09000022,4,223,6,30,3,4,6,0,0,0,1,1,2,0,0,1,1,E01003074,21-05-2018,1,1,1,1,8,2,3,0,0,0,0,-1,1,1
10291,87.48632872,25.77395363,1,3,2,1,1,07:10,8,E09000028,3,302,1,30,1,4,3,3,0,0,1,1,1,0,0,1,1,E01003933,15-05-2018,2,1,1,1,50,8,3,0,0,0,0,-1,9,1
10292,87.49080042,25.76694962,1,3,2,1,2,22:00,9,E09000022,3,23,6,30,0,-1,-1,0,0,0,4,2,2,0,0,1,1,E01003137,16-05-2018,1,1,1,1,35,6,3,0,0,0,0,-1,9,1
10293,87.48946671,25.7912262,1,3,2,1,2,21:02,9,E09000022,6,0,1,30,1,4,6,0,0,0,4,2,2,0,0,1,1,E01003180,16-05-2018,1,2,2,2,-1,-1,3,0,0,2,0,-1,9,-1
10294,87.45952644,25.77399933,1,3,2,1,7,15:30,9,E09000022,3,23,6,30,3,2,3,23,0,5,1,2,2,0,0,1,2,E01003018,21-05-2018,1,3,2,2,-1,-1,3,0,0,1,0,-1,9,-1
10295,87.47393287,25.78582412,1,3,1,2,3,08:45,9,E09000022,3,3036,3,30,0,-1,-1,0,0,0,1,1,1,0,0,1,1,E01003112,17-05-2018,1,1,1,1,15,3,3,0,0,0,0,-1,3,-1
10296,87.47960979,25.78464604,1,2,2,1,3,19:40,9,E09000022,3,23,6,30,6,2,3,205,0,5,1,1,1,0,0,1,1,E01003137,24-05-2018,1,1,1,1,36,7,3,0,0,0,0,-1,1,1
10297,87.46356056,25.77080452,1,3,1,1,5,17:14,9,E09000022,3,23,6,30,3,4,6,0,0,0,1,1,1,0,0,1,1,E01003117,07-04-2018,1,1,1,1,-1,-1,3,0,0,0,0,-1,9,1
10298,87.46657728,25.77355161,1,3,1,1,4,23:20,9,E09000022,6,0,6,30,0,-1,-1,0,0,5,4,1,1,0,0,1,2,E01003047,13-04-2018,1,1,1,1,25,5,3,0,0,0,0,-1,9,1
10299,87.49288159,25.7706868,1,3,1,1,4,18:20,9,E09000022,3,215,6,30,6,4,3,215,0,0,1,1,1,0,0,1,2,E01001084,20-04-2018,2,1,1,1,16,4,2,0,0,0,0,-1,2,1
10300,87.46595304,25.7675416,1,3,1,1,6,19:05,9,E09000022,3,215,6,30,3,4,6,0,0,0,1,1,1,0,0,1,1,E01003087,22-04-2018,1,1,1,2,23,5,3,0,0,0,0,-1,9,1
10301,87.45666478,25.76662471,1,3,2,1,3,23:59,9,E09000022,3,23,3,30,0,-1,-1,0,0,0,4,1,1,0,0,1,1,E01003153,03-05-2018,1,1,3,1,18,4,3,5,3,0,0,-1,0,1
10302,87.46636681,25.77643815,1,3,2,1,1,18:15,9,E09000022,6,0,6,30,3,4,3,3,0,0,1,1,1,0,0,1,1,E01003090,08-05-2018,2,1,2,2,37,7,3,0,0,0,0,-1,19,1
10303,87.46730911,25.78348972,1,3,1,1,4,12:15,9,E09000022,3,3036,2,30,0,-1,-1,0,0,0,1,1,1,0,0,1,1,E01003102,11-05-2018,1,1,3,2,17,4,2,9,9,0,0,-1,0,1
10304,87.45851575,25.77228731,1,2,2,1,1,12:05,9,E09000022,3,205,6,30,3,2,3,24,0,5,1,1,1,0,0,1,1,E01003030,15-05-2018,1,1,1,2,17,4,3,0,0,0,0,-1,9,1
10305,87.46827298,25.79020271,1,3,1,1,5,14:00,9,E09000022,3,3203,6,30,3,4,3,3203,0,1,1,1,2,0,0,1,1,E01003933,19-05-2018,2,2,1,2,33,6,3,0,0,0,0,-1,9,1
10306,87.48730099,25.76633397,1,3,1,1,1,09:00,9,E09000022,3,23,6,30,0,-1,-1,0,0,0,1,1,1,0,0,1,2,E01003014,01-05-2018,1,1,1,1,26,6,3,0,0,0,0,-1,9,1
10307,87.4967804,25.77943813,1,3,2,1,3,08:25,9,E09000022,5,0,6,30,3,4,6,0,0,0,1,1,1,0,0,1,1,E01003133,17-05-2018,1,1,3,1,41,7,3,5,1,0,0,-1,0,1
10308,87.49286114,25.77091787,1,3,1,1,3,15:30,9,E09000022,5,0,6,30,0,-1,-1,0,0,0,1,1,1,0,0,1,1,E01003047,17-05-2018,2,1,2,1,48,8,3,0,0,2,0,-1,9,1
10309,87.47245168,25.7893941,1,3,2,1,4,08:51,9,E09000022,4,272,6,30,3,4,6,0,0,5,1,1,1,0,0,1,1,E01003139,18-05-2018,2,1,1,2,38,7,3,0,0,0,0,-1,9,1
10310,87.4873556,25.78589204,1,3,2,1,5,09:12,9,E09000022,3,3036,6,30,0,-1,-1,0,0,0,1,1,1,0,0,1,1,E01003109,19-05-2018,1,1,1,1,29,6,3,0,0,0,0,-1,9,1
10311,87.49072851,25.77059096,1,3,2,1,7,12:15,9,E09000022,3,23,6,30,3,2,3,3204,0,5,1,1,1,0,0,1,1,E01003107,21-05-2018,1,1,1,1,11,3,3,0,0,0,0,-1,1,1
10312,87.45231706,25.77405389,1,3,2,1,5,19:00,9,E09000022,3,203,6,30,0,-1,-1,0,0,0,1,1,1,0,0,1,1,E01003102,19-05-2018,1,1,3,1,-1,-1,3,5,3,0,0,-1,0,-1
10313,87.4785318,25.78908446,1,3,1,1,7,06:00,9,E09000022,3,23,6,30,3,2,3,23,0,5,4,1,1,0,0,1,1,E01003144,21-05-2018,2,1,2,1,-1,-1,3,0,0,1,0,-1,9,-1
10314,87.49046505,25.78818891,1,3,2,1,3,17:12,9,E09000022,3,203,6,30,6,4,6,0,0,1,1,1,1,0,0,1,1,E01003053,24-05-2018,1,1,3,2,14,3,3,4,4,0,0,-1,0,1
10315,87.4853117,25.78412533,1,3,2,1,2,14:16,9,E09000022,6,0,6,30,3,4,6,0,0,0,1,1,1,0,0,1,1,E01003165,23-05-2018,1,1,2,2,-1,-1,3,0,0,1,0,-1,9,1
10316,87.47914371,25.77507694,1,3,1,1,3,13:30,9,E09000022,3,215,6,30,3,4,6,0,0,0,1,1,1,0,0,1,1,E01003166,24-05-2018,1,1,1,1,40,7,3,0,0,0,0,-1,11,1
10317,87.49462301,25.78119725,1,3,1,1,4,23:45,9,E09000022,6,0,6,30,3,4,6,0,0,0,4,1,1,0,0,1,1,E01003158,11-05-2018,1,1,1,1,37,7,3,0,0,0,0,-1,9,1
10318,87.49144044,25.79210308,1,3,3,1,2,17:41,9,E09000022,3,24,6,30,3,4,6,0,0,0,1,1,1,0,0,1,1,E01003032,23-05-2018,1,1,3,1,17,4,3,5,3,0,0,-1,0,1
10319,87.49588657,25.76484823,1,2,2,1,4,08:57,9,E09000022,3,3,6,30,6,4,6,0,0,0,1,1,1,0,0,1,1,E01003090,25-05-2018,3,1,1,1,34,6,3,0,0,0,0,-1,9,-1
10320,87.46767857,25.78564957,1,3,2,2,3,10:15,9,E09000022,3,3036,1,30,1,2,3,3203,0,5,1,1,1,0,0,1,2,E01003013,10-05-2018,1,1,1,1,38,7,3,0,0,0,0,-1,5,1
10321,87.47382949,25.77358767,1,3,1,1,6,09:00,9,E09000022,3,23,6,30,7,2,3,203,0,5,1,1,1,0,0,1,2,E01003061,13-05-2018,1,1,1,2,57,9,3,0,0,0,0,-1,9,1
10322,87.48850601,25.78274311,1,2,1,1,6,23:56,9,E09000022,3,202,2,30,7,2,3,3036,0,0,4,1,1,0,0,1,1,E01003102,27-05-2018,1,1,3,1,6,2,3,5,2,0,0,-1,0,-1
10323,87.48694557,25.76639429,1,3,2,1,5,17:35,8,E09000028,6,0,6,30,3,4,3,215,0,0,1,2,2,0,0,1,2,E01003078,19-05-2018,1,1,3,1,54,8,3,6,9,0,0,-1,0,1
10324,87.48842446,25.77458,1,3,2,1,6,22:27,9,E09000022,3,3036,6,30,0,-1,-1,0,0,0,4,1,1,0,0,1,1,E01003109,27-05-2018,1,1,1,1,44,7,3,0,0,0,0,-1,9,1
10325,87.48784699,25.77809637,1,3,2,1,1,18:30,9,E09000022,3,3,6,30,3,4,6,0,0,0,1,1,1,0,0,1,2,E01003054,22-05-2018,2,2,2,1,-1,-1,3,0,0,1,0,-1,9,-1
10326,87.49095457,25.78934386,1,3,2,1,3,14:15,9,E09000022,3,205,6,30,3,2,3,24,0,5,1,1,1,0,0,1,2,E01003030,24-05-2018,1,1,1,2,35,6,3,0,0,0,0,-1,9,1
10327,87.45975752,25.76878416,1,3,2,1,1,20:45,9,E09000022,3,23,6,30,6,2,6,0,0,5,4,2,2,0,0,1,3,E01003118,27-02-2018,1,2,2,2,37,7,3,0,0,1,0,-1,9,1
10328,87.4701356,25.79263961,1,3,1,1,6,16:30,9,E09000022,6,0,6,30,3,4,6,0,0,0,1,1,1,0,0,1,3,E01003055,11-02-2018,1,1,1,2,39,7,3,0,0,0,0,-1,9,1
10329,87.45997598,25.78368296,1,3,1,1,2,16:35,9,E09000022,3,23,6,30,0,-1,-1,0,0,5,1,1,1,0,0,1,1,E01003131,27-06-2018,3,2,2,1,50,8,3,0,0,1,0,-1,9,1
10330,87.46072065,25.78815235,1,3,3,2,3,13:45,9,E09000022,3,204,6,30,7,2,3,204,0,5,1,1,1,0,0,1,1,E01003176,31-05-2018,2,1,1,1,44,7,3,0,0,0,0,-1,9,1
10331,87.49252003,25.77240436,1,3,1,1,3,12:30,9,E09000022,4,272,6,30,3,2,6,0,0,5,1,1,1,0,0,1,1,E01003146,31-05-2018,2,1,1,1,42,7,3,0,0,0,0,-1,9,1
10332,87.47852031,25.78799769,1,3,2,1,4,08:39,9,E09000022,5,0,6,30,3,4,6,0,0,0,1,1,1,0,0,1,1,E01003187,01-06-2018,2,1,2,2,26,6,3,0,0,2,0,-1,9,1
10333,87.49281284,25.78156108,1,2,2,1,4,08:30,9,E09000022,3,23,6,30,3,4,6,0,0,1,1,1,1,0,0,1,1,E01003185,01-06-2018,2,1,1,1,19,4,3,0,0,0,0,-1,9,1
10334,87.48737995,25.79243876,1,2,3,1,1,23:30,9,E09000022,5,0,2,30,6,4,6,0,0,0,4,2,2,0,0,1,1,E01003092,05-06-2018,1,1,1,1,26,6,3,0,0,0,0,-1,9,1
10335,87.49819975,25.77199321,1,2,1,1,1,21:19,9,E09000022,3,3204,6,30,3,2,3,203,0,5,1,1,1,0,0,1,1,E01003102,05-06-2018,2,1,1,2,23,5,3,0,0,0,0,-1,9,1
10336,87.45664385,25.77918674,1,3,3,2,2,20:57,9,E09000022,3,3,6,30,3,4,6,0,0,0,1,1,1,0,0,1,1,E01003128,06-06-2018,1,1,3,1,33,6,2,5,3,0,0,-1,0,1
10337,87.48160617,25.77519256,1,3,2,2,4,17:57,9,E09000022,6,0,6,30,3,4,6,0,0,0,1,1,2,0,0,1,1,E01003069,01-06-2018,1,1,3,2,19,4,3,5,1,0,0,-1,0,1
10338,87.4923845,25.7784843,1,2,2,1,2,10:20,8,E09000028,3,3200,6,30,3,4,6,0,0,0,1,1,1,0,0,1,2,E01003934,16-05-2018,1,1,2,2,56,9,3,0,0,1,0,-1,9,1
10339,87.46379663,25.78528036,1,3,2,1,2,09:00,9,E09000022,3,301,6,30,3,2,4,300,0,5,1,1,1,0,0,1,2,E01003012,23-05-2018,1,1,2,2,18,4,3,0,0,1,0,-1,9,1
10340,87.4976573,25.78329214,1,3,1,2,7,09:55,9,E09000022,3,3036,6,30,0,-1,-1,0,0,0,1,1,1,0,0,1,1,E01003102,04-06-2018,1,2,1,2,21,5,3,0,0,0,0,-1,9,1
10341,87.48329646,25.77037345,1,3,2,2,1,21:55,9,E09000022,3,23,6,30,3,4,6,0,0,0,4,1,1,0,0,1,1,E01003018,20-03-2018,2,1,1,1,23,5,3,0,0,0,0,-1,9,1
10342,87.45868811,25.7766761,1,3,2,1,4,11:50,9,E09000022,3,215,6,30,6,2,5,0,0,5,1,1,1,0,0,1,2,E01003072,25-05-2018,1,1,1,1,74,10,3,0,0,0,0,-1,9,1
10343,87.48286605,25.76368689,1,3,1,1,2,18:54,9,E09000022,3,2217,6,30,6,2,4,223,0,5,1,1,1,0,0,1,1,E01003047,09-05-2018,1,1,2,1,24,5,3,0,0,2,0,-1,9,1
10344,87.47561688,25.78770516,1,3,2,1,5,17:55,9,E09000022,4,221,6,30,3,4,6,0,0,0,1,1,1,0,0,1,2,E01003131,26-05-2018,2,1,1,1,25,5,2,0,0,0,0,-1,4,1
10345,87.46936989,25.78646315,1,3,1,1,2,16:23,9,E09000022,3,2214,6,30,3,4,6,0,0,0,1,1,1,0,0,1,1,E01003074,09-05-2018,2,1,1,1,13,3,3,0,0,0,0,-1,1,1
10346,87.47624441,25.78939937,1,3,1,1,5,08:30,9,E09000022,5,0,6,30,0,-1,-1,0,0,0,1,1,1,0,0,1,2,E01003047,26-05-2018,1,1,1,1,60,9,3,0,0,0,0,-1,9,1
10347,87.49577549,25.77645535,1,3,2,2,5,18:50,9,E09000022,3,203,6,30,6,2,6,0,0,5,1,1,1,0,0,1,2,E01003097,26-05-2018,1,1,3,1,50,8,2,1,2,0,0,-1,0,1
10348,87.47255361,25.7759118,1,3,2,1,4,05:50,9,E09000022,3,23,6,30,6,2,3,205,0,5,1,1,1,0,0,1,1,E01003137,11-05-2018,1,1,1,2,48,8,3,0,0,0,0,-1,9,1
10349,87.48382505,25.763339,1,3,1,1,5,19:50,9,E09000022,3,23,6,30,0,-1,-1,0,0,0,4,1,1,0,0,1,1,E01003061,12-05-2018,1,1,2,1,24,5,3,0,0,1,0,-1,9,1
10350,87.49869803,25.7885441,1,3,1,1,7,18:18,9,E09000022,4,223,6,30,6,4,6,0,0,0,1,1,1,0,0,1,1,E01003074,14-05-2018,3,2,1,1,30,6,3,0,0,0,0,-1,9,1
10351,87.46455594,25.78984673,1,3,2,1,6,07:45,9,E09000022,3,23,6,30,6,2,3,3203,0,5,1,2,2,0,0,1,2,E01003933,20-05-2018,1,1,1,1,32,6,3,0,0,0,0,-1,3,1
10352,87.48807403,25.78299743,1,3,2,1,4,18:30,9,E09000022,3,23,6,30,6,2,5,0,0,5,1,2,2,0,0,1,2,E01003181,01-06-2018,1,1,3,1,44,7,3,5,3,0,0,-1,0,-1
10353,87.47808668,25.76550029,1,3,1,1,3,21:02,9,E09000022,3,23,6,30,0,-1,-1,0,0,4,4,1,1,0,0,1,2,E01003147,07-06-2018,1,1,1,1,33,6,3,0,0,0,0,-1,5,1
10354,87.47685194,25.76807808,1,3,2,1,3,08:50,10,E09000032,5,0,1,30,2,4,5,0,0,0,1,1,1,0,0,1,2,E01004475,24-05-2018,1,1,3,1,9,2,3,5,2,0,0,-1,0,-1
10355,87.46663525,25.76525816,1,3,2,1,6,12:40,9,E09000022,3,3036,6,30,6,2,5,0,0,5,1,1,1,0,0,1,1,E01003089,10-06-2018,1,1,1,1,71,10,3,0,0,0,0,-1,9,1
10356,87.45743587,25.77748429,1,3,2,1,6,16:55,9,E09000022,3,23,6,30,6,2,5,0,0,5,1,1,1,0,0,1,1,E01003181,10-06-2018,2,1,1,1,39,7,3,0,0,0,0,-1,5,-1
10357,87.47855638,25.7889406,1,3,2,1,7,20:00,9,E09000022,3,202,6,30,6,2,5,0,0,5,1,1,1,0,0,1,1,E01003183,11-06-2018,1,1,1,1,25,5,2,0,0,0,0,-1,90,1
10358,87.47009494,25.7747205,1,3,2,1,2,22:30,9,E09000022,3,203,6,30,6,2,6,0,0,5,4,1,1,0,0,1,1,E01003124,13-06-2018,1,1,1,1,24,5,3,0,0,0,0,-1,9,1
10359,87.49441149,25.78373182,1,3,2,1,2,19:30,9,E09000022,3,3036,6,30,6,2,5,0,0,5,1,1,1,0,0,1,1,E01003089,13-06-2018,1,1,3,2,49,8,3,9,9,0,0,-1,0,-1
10360,87.47913446,25.76721476,1,3,3,1,2,08:20,9,E09000022,5,0,6,30,3,4,5,0,0,0,1,1,1,0,0,1,1,E01003146,13-06-2018,2,1,1,2,46,8,3,0,0,0,0,-1,9,1
10361,87.45612714,25.78399127,1,3,2,1,1,17:00,9,E09000022,3,23,6,30,3,4,6,0,0,0,1,1,1,0,0,1,2,E01003114,01-05-2018,1,1,2,2,-1,-1,3,0,0,0,4,-1,11,-1
10362,87.45498232,25.78810644,1,3,2,1,2,18:38,9,E09000022,3,3203,6,30,3,4,3,3203,0,1,1,1,1,0,0,1,1,E01003933,13-06-2018,1,1,1,2,35,6,3,0,0,0,0,-1,9,1
10363,87.49278912,25.77714402,1,3,2,1,2,13:27,9,E09000022,3,3,3,30,3,2,3,3,0,5,1,1,1,0,0,1,1,E01003032,13-06-2018,1,1,1,2,31,6,3,0,0,0,0,-1,3,1
10364,87.49417695,25.77315275,1,3,3,1,2,09:06,9,E09000022,5,0,6,30,3,4,6,0,0,0,1,1,1,0,0,1,1,E01003036,13-06-2018,1,1,2,2,-1,-1,3,0,0,0,3,-1,11,-1
10365,87.4735581,25.77357507,1,3,2,1,3,16:10,9,E09000022,4,272,6,30,3,4,6,0,0,1,1,1,1,0,0,1,1,E01003139,14-06-2018,1,1,1,2,29,6,2,0,0,0,0,-1,4,1
10366,87.4786513,25.77722151,1,3,2,1,1,17:40,9,E09000022,3,24,6,30,0,-1,-1,0,0,0,1,1,1,0,0,1,2,E01003030,12-06-2018,1,1,3,1,8,2,2,4,3,0,0,-1,0,1
10367,87.48416173,25.7797274,1,3,2,1,5,16:30,9,E09000022,3,23,6,30,3,2,5,0,0,5,1,1,1,0,0,1,2,E01003117,09-06-2018,1,1,3,1,46,8,3,5,1,0,0,-1,0,1
10368,87.49839999,25.77947403,1,3,2,1,5,12:30,9,E09000022,3,23,6,30,0,-1,-1,0,0,4,1,1,1,0,0,1,2,E01003131,02-06-2018,2,1,1,2,39,7,3,0,0,0,0,-1,9,1
10369,87.49760303,25.78211882,1,3,1,1,6,18:30,9,E09000022,3,205,6,30,3,4,3,215,0,1,1,2,2,0,0,1,2,E01003164,03-06-2018,1,1,1,2,27,6,3,0,0,0,0,-1,9,1
10370,87.47885646,25.76523861,1,3,2,1,2,16:25,9,E09000022,3,3036,6,30,0,-1,-1,0,0,0,1,1,1,0,0,1,1,E01003121,30-05-2018,1,1,2,2,-1,-1,3,0,0,0,3,-1,11,-1
10371,87.4827013,25.7829398,1,3,2,1,4,07:20,9,E09000022,3,3036,6,30,0,-1,-1,0,0,0,1,2,2,0,0,1,1,E01003013,15-06-2018,1,1,1,2,25,5,3,0,0,0,0,-1,9,1
10372,87.4540531,25.77756239,1,3,1,1,3,12:15,9,E09000022,3,203,6,30,3,2,3,3,0,5,1,1,1,0,0,1,1,E01003127,14-06-2018,1,1,1,1,31,6,2,0,0,0,0,-1,19,1
10373,87.47689879,25.77545841,1,3,2,1,4,08:30,9,E09000022,3,23,6,30,3,4,6,0,0,0,1,2,2,0,0,1,1,E01003020,15-06-2018,1,2,2,1,30,6,2,0,0,0,0,-1,19,1
10374,87.46392981,25.78790781,1,3,2,1,4,20:05,9,E09000022,6,0,6,30,0,-1,-1,0,0,0,1,1,1,0,0,1,1,E01003128,15-06-2018,1,1,1,1,41,7,3,0,0,0,0,-1,9,1
10375,87.45707729,25.78018791,1,2,2,1,5,09:30,9,E09000022,3,203,6,30,3,2,5,0,0,5,1,1,1,0,0,1,1,E01003103,16-06-2018,1,1,1,1,-1,-1,3,0,0,0,0,-1,1,-1
10376,87.48677198,25.77503945,1,3,1,1,5,15:54,9,E09000022,5,0,6,30,6,4,6,0,0,0,1,1,1,0,0,1,1,E01003026,23-06-2018,1,1,1,2,37,7,3,0,0,0,0,-1,9,1
10377,87.48031038,25.77313552,1,2,2,1,4,17:00,9,E09000022,3,204,6,30,3,4,6,0,0,0,1,1,1,0,0,1,1,E01003050,18-05-2018,1,1,3,1,21,5,3,9,5,0,0,-1,0,1
10378,87.48576895,25.78010877,1,2,2,1,5,16:20,9,E09000022,4,222,6,30,0,-1,-1,0,0,0,1,2,2,0,0,1,1,E01003071,19-05-2018,1,1,1,2,35,6,3,0,0,0,0,-1,9,1