Accident_Index,longitude,latitude,Police_Force,Accident_Severity,Number_of_Vehicles,Number_of_Casualties,Day_of_Week,Time,Local_Authority_(District),Local_Authority_(Highway),1st_Road_Class,1st_Road_Number,Road_Type,Speed_limit,Junction_Detail,Junction_Control,2nd_Road_Class,2nd_Road_Number,Pedestrian_Crossing-Human_Control,Pedestrian_Crossing-Physical_Facilities,Light_Conditions,Weather_Conditions,Road_Surface_Conditions,Special_Conditions_at_Site,Carriageway_Hazards,Urban_or_Rural_Area,Did_Police_Officer_Attend_Scene_of_Accident,LSOA_of_Accident_Location,Date,Vehicle_Reference,Casualty_Reference,Casualty_Class,Sex_of_Casualty,Age_of_Casualty,Age_Band_of_Casualty,Casualty_Severity,Pedestrian_Location,Pedestrian_Movement,Car_Passenger,Bus_or_Coach_Passenger,Pedestrian_Road_Maintenance_Worker,Casualty_Type,Casualty_Home_Area_Type
10501,82.10953948,22.07864132,1,3,2,1,2,18:00,9,E09000022,4,232,6,30,0,-1,-1,0,0,0,1,1,1,0,0,1,1,E01003086,18-07-2018,4,3,1,1,36,7,3,0,0,0,0,-1,19,1
10502,82.12767718,22.08536339,1,2,2,1,2,15:21,9,E09000022,3,3204,6,30,3,4,6,0,0,0,1,1,1,0,0,1,1,E01003106,18-07-2018,1,1,1,2,37,7,3,0,0,0,0,-1,9,1
10503,82.12964937,22.06552697,1,3,2,1,1,09:25,9,E09000022,4,221,6,30,6,2,5,0,0,5,1,1,1,0,0,1,1,E01003138,17-07-2018,1,2,2,2,-1,-1,3,0,0,2,0,-1,9,-1
10504,82.18675505,22.09040186,1,3,1,1,1,23:00,9,E09000022,5,0,6,30,0,-1,-1,0,0,0,4,1,1,0,0,1,1,E01004562,17-07-2018,1,3,2,2,-1,-1,3,0,0,2,0,-1,9,-1
10505,82.13944516,22.08953918,1,3,1,1,5,15:42,9,E09000022,3,23,6,30,7,2,3,202,0,5,1,1,1,0,0,1,1,E01003100,14-07-2018,1,1,1,1,25,5,2,0,0,0,0,-1,5,-1
10506,82.16483465,22.05933561,1,3,1,1,2,08:00,9,E09000022,3,24,6,30,3,4,6,0,0,0,1,1,1,0,0,1,1,E01003032,18-07-2018,1,1,1,1,20,4,3,0,0,0,0,-1,9,1
10507,82.1273178,22.04948969,1,3,2,1,5,21:30,9,E09000022,3,3204,6,30,3,4,6,0,0,1,4,1,1,0,0,1,1,E01003101,14-07-2018,1,1,2,2,40,7,3,0,0,1,0,-1,9,1
10508,82.17263461,22.05393391,1,3,2,1,1,13:30,9,E09000022,3,23,6,30,8,4,6,0,0,0,1,1,1,0,0,1,2,E01003018,31-07-2018,2,1,1,1,19,4,3,0,0,0,0,-1,1,1
10509,82.18399901,22.06990295,1,3,2,1,6,06:45,9,E09000022,3,3036,6,30,7,2,3,203,0,5,1,1,1,0,0,1,1,E01003103,15-07-2018,1,1,1,2,30,6,3,0,0,0,0,-1,9,1
10510,82.14082493,22.07075225,1,3,1,1,7,11:15,9,E09000022,3,215,6,30,3,4,6,0,0,0,1,1,1,0,0,1,1,E01003166,16-07-2018,1,1,2,2,-1,-1,3,0,0,0,2,-1,11,-1
10511,82.15923317,22.10250872,1,3,1,1,1,16:45,9,E09000022,3,23,6,30,6,2,3,202,0,5,1,1,1,0,0,1,1,E01003183,24-04-2018,1,1,1,2,21,5,3,0,0,0,0,-1,9,1
10512,82.14264491,22.05479108,1,3,1,1,7,02:10,9,E09000022,3,23,3,30,3,4,5,0,0,0,4,1,1,0,0,1,1,E01003117,11-06-2018,1,2,2,2,-1,-1,3,0,0,1,0,-1,9,-1
10513,82.16830275,22.06468035,1,3,2,1,1,10:28,9,E09000022,4,221,6,30,6,2,5,0,0,5,1,1,1,0,0,1,1,E01003138,17-07-2018,1,1,1,2,25,5,3,0,0,0,0,-1,9,-1
10514,82.17455907,22.07471457,1,3,2,1,4,18:00,9,E09000022,3,3204,6,30,6,2,3,3204,0,5,1,1,1,0,0,1,1,E01003102,20-07-2018,1,1,3,2,32,6,3,4,3,0,0,-1,0,1
10515,82.16820172,22.06933014,1,3,3,2,5,07:05,9,E09000022,3,214,7,30,3,2,5,0,0,0,1,1,1,0,0,1,1,E01003144,21-07-2018,2,1,2,1,19,4,3,0,0,1,0,-1,9,1
10516,82.12137212,22.09917766,1,3,1,1,1,15:32,9,E09000022,6,0,6,30,0,-1,-1,0,0,0,1,1,2,0,0,1,1,E01003101,24-07-2018,1,1,1,1,-1,-1,3,0,0,0,0,-1,9,-1
10517,82.10657977,22.07914425,1,3,1,1,4,23:55,9,E09000022,3,3204,6,30,0,-1,-1,0,0,0,4,1,1,0,0,1,1,E01003108,20-07-2018,2,1,1,1,50,8,3,0,0,0,0,-1,9,1
10518,82.13646904,22.07811431,1,3,1,1,4,13:10,9,E09000022,3,3200,6,30,3,4,6,0,0,5,1,1,1,0,0,1,1,E01003013,06-07-2018,2,1,1,2,29,6,2,0,0,0,0,-1,9,1
10519,82.12174131,22.05296972,1,2,2,1,1,15:04,9,E09000022,3,2199,3,30,6,2,3,205,0,0,1,1,1,0,0,1,1,E01003165,26-06-2018,1,1,3,1,15,3,2,6,9,0,0,-1,0,1
10520,82.16181823,22.05986242,1,3,2,1,2,08:50,9,E09000022,3,3,6,30,8,4,6,0,0,0,1,1,1,0,0,1,1,E01003094,25-07-2018,1,2,3,1,17,4,3,6,9,0,0,-1,0,-1
10521,82.18575165,22.07413389,1,3,2,1,5,13:00,9,E09000022,3,23,6,30,3,2,4,223,0,5,1,1,1,0,0,1,1,E01003055,28-07-2018,1,3,3,1,-1,-1,3,6,9,0,0,-1,0,-1
10522,82.1721486,22.0999563,1,3,2,1,2,07:10,9,E09000022,3,23,6,30,3,4,6,0,0,0,1,1,2,0,0,1,1,E01003100,25-07-2018,1,1,1,1,39,7,3,0,0,0,0,-1,9,1
10523,82.19329204,22.06749929,1,3,1,1,4,18:19,9,E09000022,6,0,6,30,3,4,3,203,0,0,1,1,1,0,0,1,1,E01003061,20-07-2018,1,1,3,1,43,7,2,5,3,0,0,-1,0,-1
10524,82.19336231,22.08426366,1,3,2,1,5,16:28,9,E09000022,3,24,6,30,3,4,6,0,0,0,1,1,1,0,0,1,1,E01003026,07-07-2018,2,1,2,2,32,6,3,0,0,1,0,-1,9,1
10525,82.12595403,22.09507701,1,3,2,2,5,20:51,9,E09000022,3,3036,6,30,0,-1,-1,0,0,0,1,1,1,0,0,1,1,E01003109,21-07-2018,1,1,1,1,46,8,3,0,0,0,0,-1,9,1
10526,82.11219019,22.06034638,1,3,1,1,7,00:30,9,E09000022,3,203,6,30,6,1,6,0,0,4,4,1,1,0,0,1,1,E01003053,30-07-2018,1,1,1,2,27,6,3,0,0,0,0,-1,4,2
10527,82.1064693,22.05531384,1,3,1,1,6,12:14,9,E09000022,3,3203,6,30,3,4,6,0,0,0,1,1,1,0,0,1,1,E01003013,15-07-2018,1,1,1,1,35,6,3,0,0,0,0,-1,9,1
10528,82.11809514,22.04841332,1,3,1,1,7,13:07,9,E09000022,3,23,6,30,3,4,6,0,0,4,1,1,1,0,0,1,1,E01003061,16-07-2018,1,1,3,2,4,1,3,1,3,0,0,-1,0,1
10529,82.19369242,22.076859,1,3,2,1,6,14:40,9,E09000022,6,0,6,30,0,-1,-1,0,0,0,1,1,1,0,0,1,2,E01003050,03-06-2018,1,1,1,1,20,4,3,0,0,0,0,-1,9,1
10530,82.18177951,22.08801422,1,3,2,1,6,13:40,9,E09000022,6,0,6,30,0,-1,-1,0,0,0,1,1,1,0,0,1,1,E01003075,15-07-2018,1,1,3,1,9,2,3,5,1,0,0,-1,0,-1
10531,82.15995657,22.05025814,1,3,1,1,7,11:17,9,E09000022,3,2217,6,30,6,4,6,0,0,0,1,1,1,0,0,1,1,E01003047,11-06-2018,1,1,1,1,37,7,3,0,0,0,0,-1,9,1
10532,82.11877368,22.0753264,1,3,2,1,1,18:30,9,E09000022,5,0,1,30,2,4,5,0,0,0,1,1,1,0,0,1,1,E01003149,24-07-2018,1,1,1,2,22,5,3,0,0,0,0,-1,9,1
10533,82.16914685,22.06273734,1,3,2,1,1,14:38,9,E09000022,3,2217,6,30,0,-1,-1,0,0,0,1,1,1,0,0,1,1,E01003049,05-06-2018,2,1,1,1,29,6,3,0,0,0,0,-1,3,1
10534,82.12690839,22.07769042,1,3,2,1,3,13:10,9,E09000022,3,205,6,30,0,-1,-1,0,0,5,1,1,1,0,0,1,1,E01003164,14-06-2018,1,1,1,2,39,7,3,0,0,0,0,-1,9,1
10535,82.14126775,22.09522803,1,3,4,1,7,18:03,9,E09000022,3,23,6,30,3,2,3,23,0,5,1,1,1,0,0,1,1,E01003024,18-06-2018,1,1,3,1,8,2,3,5,1,0,0,-1,0,-1
10536,82.15966469,22.0965555,1,3,1,1,4,16:45,9,E09000022,3,3036,6,30,0,-1,-1,0,0,0,1,2,2,0,0,1,1,E01003109,27-07-2018,1,1,3,1,52,8,3,5,1,0,0,-1,0,-1
10537,82.15171911,22.0529438,1,2,1,2,3,17:45,9,E09000022,3,23,6,30,0,-1,-1,0,0,0,1,1,1,0,0,1,1,E01003119,26-07-2018,1,1,1,1,34,6,3,0,0,0,0,-1,1,1
10538,82.15661161,22.07961356,1,3,2,1,5,20:25,9,E09000022,5,0,6,30,6,4,6,0,0,0,1,1,1,0,0,1,1,E01003026,09-06-2018,2,1,1,1,-1,-1,3,0,0,0,0,-1,1,-1
10539,82.10789115,22.10544075,1,3,2,1,3,10:55,9,E09000022,3,23,6,30,3,4,6,0,0,0,1,1,1,0,0,1,1,E01003024,07-06-2018,1,1,3,1,45,7,3,5,1,0,0,-1,0,1
10540,82.1475085,22.0962463,1,3,6,1,6,15:05,9,E09000022,6,0,6,30,0,-1,-1,0,0,0,1,1,1,0,0,1,1,E01003051,10-06-2018,1,1,1,1,36,7,3,0,0,0,0,-1,1,1
10541,82.18965419,22.10408485,1,3,1,1,3,21:30,9,E09000022,3,2217,6,30,3,4,6,0,0,1,4,2,2,0,0,1,1,E01003055,28-06-2018,1,1,1,1,20,4,3,0,0,0,0,-1,9,1
10542,82.16312774,22.06229445,1,3,2,2,1,17:19,9,E09000022,3,23,6,30,3,2,3,214,0,5,1,1,1,0,0,1,1,E01003115,31-07-2018,1,2,2,1,34,6,3,0,0,1,0,-1,9,1
10543,82.14754157,22.06609888,1,3,1,2,4,16:05,9,E09000022,4,272,6,30,3,2,6,0,0,5,1,1,1,0,0,1,1,E01003146,20-07-2018,2,3,1,2,29,6,3,0,0,0,0,-1,9,1
10544,82.16993949,22.10250663,1,3,1,1,5,13:00,9,E09000022,3,23,6,30,3,4,6,0,0,4,1,2,2,0,0,1,2,E01003186,19-05-2018,2,4,2,1,21,5,3,0,0,1,0,-1,9,-1
10545,82.19454316,22.08201489,1,3,2,1,3,09:16,9,E09000022,3,215,6,30,6,4,6,0,0,4,1,1,1,0,0,1,1,E01003166,15-02-2018,1,1,1,1,23,5,3,0,0,0,0,-1,5,-1
10546,82.14946909,22.08972777,1,3,1,1,3,17:34,9,E09000022,3,23,6,30,0,-1,-1,0,0,5,4,2,2,0,0,1,1,E01003120,11-01-2018,1,1,1,1,47,8,3,0,0,0,0,-1,9,-1
10547,82.11008008,22.08047852,1,3,2,2,1,08:52,9,E09000022,5,0,6,30,6,4,6,0,0,0,1,1,1,0,0,1,1,E01003188,03-07-2018,1,1,2,2,-1,-1,3,0,0,0,3,-1,11,-1
10548,82.17265913,22.05946534,1,3,1,1,6,10:27,9,E09000022,3,3,6,30,6,2,6,0,0,5,1,1,1,0,0,1,1,E01003026,01-07-2018,1,2,2,2,-1,-1,3,0,0,0,3,-1,11,1
10549,82.12695258,22.10485394,1,3,2,1,3,18:40,9,E09000022,3,23,6,30,3,4,6,0,0,1,1,1,1,0,0,1,1,E01003185,12-07-2018,1,3,2,2,-1,-1,3,0,0,0,3,-1,11,1
10550,82.15050318,22.05274698,1,3,2,1,6,18:55,9,E09000022,6,0,6,30,3,4,3,23,0,0,1,1,1,0,0,1,1,E01003060,15-07-2018,1,4,2,2,-1,-1,3,0,0,0,3,-1,11,1
10551,82.15394322,22.08446539,1,3,2,1,2,07:50,9,E09000022,5,0,6,30,0,-1,-1,0,0,0,1,1,1,0,0,1,1,E01003027,18-07-2018,1,1,1,2,21,5,3,0,0,0,0,-1,1,-1
10552,82.13238456,22.06646888,1,3,1,1,6,09:01,9,E09000022,3,2217,6,30,6,2,5,0,0,5,1,1,1,0,0,1,1,E01003048,22-07-2018,2,1,1,2,24,5,3,0,0,0,0,-1,9,-1
10553,82.19755595,22.10135844,1,3,1,1,1,14:26,9,E09000022,3,3036,6,30,3,2,5,0,0,5,1,1,1,0,0,1,1,E01003089,24-07-2018,2,2,2,1,23,5,3,0,0,1,0,-1,9,-1
10554,82.1690885,22.08840786,1,3,2,1,5,07:42,9,E09000022,3,23,3,30,3,4,6,0,0,0,1,2,2,0,0,1,2,E01003131,30-06-2018,2,3,2,2,13,3,3,0,0,2,0,-1,9,-1
10555,82.16885581,22.08208243,1,2,2,1,6,06:55,9,E09000022,4,221,6,30,3,4,6,0,0,0,1,1,2,0,0,1,1,E01003159,08-07-2018,1,1,1,1,31,6,3,0,0,0,0,-1,9,1
10556,82.12423416,22.09825008,1,3,2,1,7,02:45,9,E09000022,3,2217,6,30,6,2,4,221,0,5,4,1,1,0,0,1,1,E01003019,30-07-2018,1,1,1,1,-1,-1,3,0,0,0,0,-1,9,1
10557,82.1332223,22.0581907,1,2,2,1,4,18:30,9,E09000022,3,23,6,30,6,2,3,3203,0,5,1,1,1,0,0,1,2,E01003933,04-05-2018,1,1,2,1,22,5,3,0,0,1,0,-1,9,1
10558,82.1257032,22.06725961,1,3,2,1,7,02:20,9,E09000022,3,23,6,30,0,-1,-1,0,0,0,4,1,1,0,0,1,2,E01003147,30-07-2018,1,1,3,2,4,1,3,1,3,0,0,-1,0,-1
10559,82.18692556,22.10777072,1,3,2,1,6,11:11,9,E09000022,3,23,6,30,3,2,6,0,0,5,1,1,1,0,0,1,1,E01003055,22-07-2018,1,1,1,1,57,9,3,0,0,0,0,-1,9,1
10560,82.16970552,22.06481914,1,3,2,1,5,15:58,9,E09000022,4,223,6,30,3,4,6,0,0,0,1,1,2,0,0,1,1,E01003052,07-07-2018,1,1,1,1,52,8,3,0,0,0,0,-1,19,1
10561,82.13019408,22.08363243,1,3,2,1,2,10:25,10,E09000032,3,216,6,30,6,2,6,0,0,5,1,1,1,0,0,1,1,E01004524,04-07-2018,1,1,3,1,34,6,3,9,8,0,0,-1,0,-1
10562,82.16369492,22.10604428,1,3,2,1,2,11:14,9,E09000022,3,3036,6,30,0,-1,-1,0,0,0,1,1,1,0,0,1,1,E01003122,25-07-2018,1,1,1,1,42,7,3,0,0,0,0,-1,19,1
10563,82.1292024,22.0523148,1,3,2,1,3,21:44,9,E09000022,3,23,6,30,3,4,6,0,0,0,4,1,1,0,0,1,1,E01003184,02-08-2018,1,1,1,1,39,7,3,0,0,0,0,-1,9,-1
10564,82.16766026,22.08366396,1,3,1,1,3,16:48,9,E09000022,3,23,6,30,3,4,5,0,0,0,1,1,1,0,0,1,1,E01003061,02-08-2018,1,1,1,1,44,7,3,0,0,0,0,-1,9,1
10565,82.15120034,22.09212149,1,3,2,2,5,17:10,9,E09000022,3,23,6,30,7,2,5,0,0,5,1,1,1,0,0,1,1,E01003153,04-08-2018,1,1,3,2,14,3,3,1,1,0,0,-1,0,1
10566,82.19146141,22.08799027,1,2,2,2,5,07:50,9,E09000022,3,3,6,30,3,4,6,0,0,0,1,1,1,0,0,1,1,E01003125,04-08-2018,1,1,2,1,87,11,3,0,0,0,4,-1,11,-1
10567,82.13719874,22.08221696,1,3,2,1,5,13:00,9,E09000022,3,2199,6,30,0,-1,-1,0,0,0,1,1,1,0,0,1,1,E01004069,04-08-2018,2,1,1,2,32,6,3,0,0,0,0,-1,9,-1
10568,82.15414676,22.06881048,1,3,2,1,6,14:00,9,E09000022,3,23,6,30,3,2,4,223,0,5,1,2,2,0,0,1,1,E01003055,05-08-2018,2,2,2,1,35,6,3,0,0,2,0,-1,9,-1
10569,82.18769438,22.07430402,1,3,4,1,6,08:10,9,E09000022,6,0,6,30,0,-1,-1,0,0,0,1,2,2,0,0,1,1,E01003170,05-08-2018,1,1,1,1,22,5,3,0,0,0,0,-1,9,1
10570,82.18443708,22.10728999,1,3,2,1,1,21:00,9,E09000022,3,214,6,30,6,2,3,215,0,5,4,1,1,0,0,1,2,E01001084,10-04-2018,1,1,1,1,28,6,3,0,0,0,0,-1,9,1
10571,82.16654525,22.05727927,1,2,2,1,5,07:34,9,E09000022,3,23,6,30,3,4,6,0,0,0,1,1,1,0,0,1,1,E01003111,28-04-2018,2,1,1,1,-1,-1,3,0,0,0,0,-1,1,-1
10572,82.11206506,22.06083085,1,2,2,1,5,09:55,9,E09000022,3,23,6,30,8,4,6,0,0,0,1,1,1,0,0,1,2,E01003111,28-04-2018,1,1,1,1,47,8,3,0,0,0,0,-1,9,1
10573,82.17849204,22.06783833,1,3,2,1,2,14:15,9,E09000022,5,0,6,30,6,4,6,0,0,0,1,1,1,0,0,1,2,E01003091,08-08-2018,1,1,1,1,30,6,3,0,0,0,0,-1,3,1
10574,82.17784958,22.09464381,1,3,1,2,1,21:35,9,E09000022,3,215,6,30,0,-1,-1,0,0,1,4,1,1,0,0,1,1,E01003084,31-07-2018,1,1,1,1,16,4,3,0,0,0,0,-1,2,1
10575,82.14678213,22.07370996,1,3,2,1,7,17:40,9,E09000022,6,0,6,30,0,-1,-1,0,0,0,1,2,2,0,0,1,1,E01003132,30-07-2018,1,1,3,1,22,5,3,5,1,0,0,-1,0,1
10576,82.13189769,22.06832475,1,3,1,1,6,08:45,9,E09000022,3,23,6,30,3,2,3,203,0,5,1,1,1,0,0,1,1,E01003061,29-04-2018,1,1,1,1,42,7,3,0,0,0,0,-1,9,1
10577,82.15667259,22.05880584,1,3,2,1,5,07:10,9,E09000022,4,224,1,30,2,4,4,224,0,0,1,1,1,0,0,1,2,E01003039,11-08-2018,1,2,2,2,40,7,3,0,0,1,0,-1,9,1
10578,82.18623063,22.05236228,1,3,2,1,2,08:30,9,E09000022,3,24,6,30,3,4,6,0,0,4,1,1,1,0,0,1,2,E01003026,08-08-2018,1,1,2,2,-1,-1,3,0,0,0,4,-1,11,1
10579,82.15309938,22.09611985,1,3,2,1,2,18:20,9,E09000022,3,205,6,30,3,4,5,0,0,0,1,1,1,0,0,1,2,E01003160,08-08-2018,1,1,1,2,39,7,3,0,0,0,0,-1,9,1
10580,82.13989787,22.09838812,1,3,2,1,1,16:45,9,E09000022,3,2199,6,30,6,2,3,205,0,5,1,1,1,0,0,1,2,E01003170,07-08-2018,1,1,1,1,33,6,3,0,0,0,0,-1,9,1
10581,82.11492165,22.07780461,1,3,2,1,3,19:03,9,E09000022,3,2217,6,30,6,4,6,0,0,0,1,1,1,0,0,1,2,E01003019,16-08-2018,1,1,1,2,38,7,3,0,0,0,0,-1,9,1
10582,82.17581152,22.05602546,1,3,2,1,2,08:20,9,E09000022,3,202,6,30,0,-1,-1,0,0,0,1,1,1,0,0,1,2,E01003103,15-08-2018,1,1,1,2,36,7,3,0,0,0,0,-1,9,1
10583,82.13014871,22.08109546,1,3,3,1,3,16:30,9,E09000022,3,3200,6,30,3,4,6,0,0,0,1,1,1,0,0,1,2,E01003013,16-08-2018,1,1,3,2,11,3,3,5,1,0,0,-1,0,1
10584,82.1848009,22.08576566,1,3,2,1,7,16:15,9,E09000022,4,221,6,30,7,2,3,23,0,5,1,1,1,0,0,1,2,E01003131,20-08-2018,1,1,1,2,31,6,3,0,0,0,0,-1,9,1
10585,82.12827429,22.08778158,1,3,2,1,6,19:04,20,E09000008,3,214,6,30,3,4,6,0,0,0,1,3,2,0,0,1,2,E01001164,19-08-2018,1,1,1,1,53,8,3,0,0,0,0,-1,9,1
10586,82.18215999,22.08655928,1,3,2,1,7,10:30,9,E09000022,5,0,6,30,0,-1,-1,0,0,0,1,1,1,0,0,1,2,E01003023,20-08-2018,1,1,3,2,3,1,3,5,1,0,0,-1,0,1
10587,82.11487499,22.07374072,1,3,2,1,1,20:40,9,E09000022,3,205,6,30,6,2,3,23,0,5,1,1,1,0,0,1,2,E01003025,21-08-2018,1,1,3,2,-1,-1,3,1,2,0,0,-1,0,-1
10588,82.16326096,22.08687226,1,3,2,1,2,06:50,9,E09000022,3,24,6,30,3,4,4,237,0,0,1,1,2,0,0,1,2,E01004476,25-07-2018,1,1,3,1,-1,-1,3,5,2,0,0,-1,0,-1
10589,82.11874692,22.06160782,1,3,1,1,5,21:00,9,E09000022,3,215,6,30,6,2,3,205,0,5,4,1,1,0,0,1,2,E01003164,25-08-2018,1,1,3,1,9,2,3,5,4,0,0,-1,0,1
10590,82.15292103,22.06627446,1,3,1,1,4,15:30,9,E09000022,3,215,6,30,6,2,5,0,0,5,1,1,1,0,0,1,1,E01003166,17-08-2018,1,1,1,1,23,5,2,0,0,0,0,-1,3,1
10591,82.11364832,22.06859099,1,3,1,1,7,15:10,9,E09000022,3,23,6,30,3,2,3,23,0,5,1,2,2,0,0,1,1,E01003024,13-08-2018,1,1,1,2,48,8,2,0,0,0,0,-1,9,1
10592,82.13984924,22.06294905,1,3,1,1,4,22:55,9,E09000022,3,3,6,30,0,-1,-1,0,0,0,4,1,1,0,0,1,1,E01003054,03-08-2018,2,1,2,1,21,5,2,0,0,0,0,-1,4,-1
10593,82.14373879,22.09435806,1,3,1,1,3,20:20,9,E09000022,4,223,6,30,0,-1,-1,0,0,0,4,1,1,0,0,1,1,E01003043,23-08-2018,1,1,1,1,51,8,3,0,0,0,0,-1,5,1
10594,82.18392483,22.05123729,1,3,1,1,7,11:55,9,E09000022,3,24,6,30,3,4,3,24,0,0,1,1,1,0,0,1,1,E01003026,13-08-2018,1,1,1,2,-1,-1,3,0,0,0,0,-1,9,-1
10595,82.12500121,22.06253663,1,3,3,1,2,00:40,8,E09000028,3,2199,6,30,0,-1,-1,0,0,0,4,1,1,0,0,1,1,E01003067,29-08-2018,1,1,2,2,47,8,3,0,0,0,3,-1,11,-1
10596,82.15752606,22.055059,1,3,2,1,5,08:45,9,E09000022,3,23,6,30,3,4,6,0,0,0,1,1,1,0,0,1,1,E01003020,25-08-2018,1,1,1,1,35,6,3,0,0,0,0,-1,2,-1
10597,82.11949102,22.09404961,1,3,2,1,5,16:59,9,E09000022,5,0,6,30,6,4,6,0,0,0,1,1,1,0,0,1,1,E01003091,18-08-2018,1,1,1,1,13,3,3,0,0,0,0,-1,1,-1
10598,82.14284855,22.09719294,1,3,1,1,5,08:48,9,E09000022,3,2217,6,30,6,2,4,223,0,5,1,1,1,0,0,1,1,E01003052,21-07-2018,2,1,1,2,25,5,3,0,0,0,0,-1,9,1
10599,82.18515262,22.07110733,1,3,2,1,3,16:30,9,E09000022,3,203,6,30,6,2,6,0,0,5,1,1,1,0,0,1,1,E01003096,23-08-2018,1,1,2,1,-1,-1,3,0,0,0,4,-1,11,-1
10600,82.17992601,22.08678485,1,3,2,1,3,08:40,9,E09000022,3,23,6,30,3,2,5,0,0,5,1,1,1,0,0,1,1,E01003018,09-08-2018,1,1,2,2,-1,-1,3,0,0,0,4,-1,11,-1
10601,82.15296061,22.06629006,1,3,2,1,3,09:25,9,E09000022,3,215,6,30,0,-1,-1,0,0,0,1,1,1,0,0,1,1,E01003166,16-08-2018,2,1,1,1,38,7,3,0,0,0,0,-1,5,1
10602,82.14570965,22.05338591,1,3,2,1,4,16:05,9,E09000022,3,202,6,30,0,-1,-1,0,0,5,1,1,1,0,0,1,1,E01003103,17-08-2018,1,1,3,1,36,7,3,5,1,0,0,-1,0,1
10603,82.11409609,22.08069815,1,3,2,1,3,12:20,9,E09000022,3,23,6,30,3,4,6,0,0,0,1,1,1,0,0,1,1,E01003186,30-08-2018,1,1,3,2,13,3,2,4,1,0,0,-1,0,1
10604,82.14168828,22.0679014,1,3,1,1,2,20:48,9,E09000022,3,3,6,30,0,-1,-1,0,0,0,4,1,1,0,0,1,1,E01003099,08-08-2018,1,1,1,2,38,7,3,0,0,0,0,-1,9,1
10605,82.17189216,22.10250357,1,2,2,1,2,08:25,9,E09000022,5,0,6,30,3,4,6,0,0,0,1,2,2,0,0,1,1,E01003150,22-08-2018,1,1,1,1,27,6,3,0,0,0,0,-1,3,-1
10606,82.18476188,22.10084579,1,3,1,1,1,12:20,9,E09000022,3,24,6,30,7,2,3,3,0,5,1,1,1,0,0,1,1,E01003032,07-08-2018,1,1,3,2,21,5,3,1,1,0,0,-1,0,1
10607,82.11931183,22.07098646,1,3,2,1,4,07:35,9,E09000022,6,0,6,30,3,4,6,0,0,0,1,1,1,0,0,1,1,E01003016,24-08-2018,1,1,2,1,-1,-1,3,0,0,1,0,-1,9,-1
10608,82.13436424,22.05894575,1,3,2,1,6,18:30,9,E09000022,3,23,6,30,0,-1,-1,0,0,0,1,1,2,0,0,1,1,E01003118,19-08-2018,2,2,2,2,-1,-1,3,0,0,1,0,-1,9,1
10609,82.11409235,22.08562038,1,3,2,1,4,10:58,9,E09000022,5,0,6,30,6,4,6,0,0,0,1,2,2,0,0,1,1,E01003147,24-08-2018,2,1,1,1,36,7,3,0,0,0,0,-1,1,1
10610,82.18099439,22.05725716,1,2,1,1,2,20:02,9,E09000022,6,0,6,30,0,-1,-1,0,0,0,1,1,1,0,0,1,1,E01003188,08-08-2018,1,1,1,1,19,4,3,0,0,0,0,-1,9,1
10611,82.13522858,22.07064973,1,3,1,1,3,17:20,9,E09000022,3,3204,6,30,3,4,6,0,0,0,1,1,1,0,0,1,1,E01003110,30-08-2018,1,2,2,1,20,4,3,0,0,1,0,-1,9,-1
10612,82.11120997,22.08571603,1,3,1,1,4,07:16,9,E09000022,3,203,6,30,3,4,6,0,0,1,1,1,2,0,0,1,1,E01003103,03-08-2018,1,1,3,2,32,6,2,5,1,0,0,-1,0,1
10613,82.10950671,22.07555454,1,2,2,1,2,15:40,9,E09000022,3,203,6,30,0,-1,-1,0,0,0,1,1,1,0,0,1,1,E01003103,08-08-2018,2,1,1,1,10,2,3,0,0,0,0,-1,1,1
10614,82.15460327,22.06814198,1,3,2,3,3,15:50,9,E09000022,3,23,6,30,3,4,6,0,0,0,1,1,1,0,0,1,1,E01003145,30-08-2018,2,1,2,1,21,5,3,0,0,1,0,-1,9,1
10615,82.16199665,22.07238825,1,3,2,1,7,20:00,9,E09000022,3,3036,6,30,6,2,3,3205,0,5,4,1,1,0,0,1,1,E01004562,27-08-2018,1,1,1,2,40,7,3,0,0,0,0,-1,9,1
10616,82.18919073,22.09150542,1,3,2,1,4,15:12,9,E09000022,6,0,6,30,0,-1,-1,0,0,0,1,2,2,0,0,1,1,E01003186,24-08-2018,1,1,1,1,45,7,3,0,0,0,0,-1,9,1
10617,82.19049567,22.06966752,1,3,2,1,3,20:30,9,E09000022,3,204,6,30,0,-1,-1,0,0,0,1,1,1,0,0,1,1,E01003174,23-08-2018,1,1,2,1,35,6,3,0,0,1,0,-1,9,1
10618,82.14367887,22.06066291,1,3,1,1,5,16:07,9,E09000022,6,0,6,30,6,4,6,0,0,0,1,1,1,0,0,1,1,E01003077,25-08-2018,1,1,1,2,34,6,3,0,0,0,0,-1,9,1
10619,82.16975679,22.08003594,1,3,2,1,3,02:13,9,E09000022,3,23,6,30,3,4,6,0,0,5,4,1,1,0,0,1,2,E01003176,06-09-2018,1,1,1,1,39,7,3,0,0,0,0,-1,4,1
10620,82.11426717,22.10002133,1,3,2,1,2,12:23,9,E09000022,3,2214,6,30,3,4,6,0,0,0,1,2,2,0,0,1,1,E01003074,22-08-2018,1,1,2,2,9,2,3,0,0,2,0,-1,9,1
10621,82.16351939,22.09020883,1,3,2,1,6,08:15,9,E09000022,3,23,6,30,3,4,6,0,0,5,1,1,1,0,0,1,1,E01003106,26-08-2018,1,2,2,1,10,2,3,0,0,2,0,-1,9,1
10622,82.1908201,22.06897258,1,3,2,1,3,11:35,9,E09000022,3,23,6,30,3,4,6,0,0,0,1,1,1,0,0,1,1,E01003145,30-08-2018,1,1,1,1,27,6,3,0,0,0,0,-1,11,1