Accident_Index,longitude,latitude,Police_Force,Accident_Severity,Number_of_Vehicles,Number_of_Casualties,Day_of_Week,Time,Local_Authority_(District),Local_Authority_(Highway),1st_Road_Class,1st_Road_Number,Road_Type,Speed_limit,Junction_Detail,Junction_Control,2nd_Road_Class,2nd_Road_Number,Pedestrian_Crossing-Human_Control,Pedestrian_Crossing-Physical_Facilities,Light_Conditions,Weather_Conditions,Road_Surface_Conditions,Special_Conditions_at_Site,Carriageway_Hazards,Urban_or_Rural_Area,Did_Police_Officer_Attend_Scene_of_Accident,LSOA_of_Accident_Location,Date,Vehicle_Reference,Casualty_Reference,Casualty_Class,Sex_of_Casualty,Age_of_Casualty,Age_Band_of_Casualty,Casualty_Severity,Pedestrian_Location,Pedestrian_Movement,Car_Passenger,Bus_or_Coach_Passenger,Pedestrian_Road_Maintenance_Worker,Casualty_Type,Casualty_Home_Area_Type
10745,82.17394697,22.07904741,1,3,2,1,5,11:16,9,E09000022,3,203,2,30,0,-1,-1,0,0,5,1,1,1,0,0,1,1,E01003102,22-09-2018,1,1,1,1,40,7,2,0,0,0,0,-1,9,1
10746,82.16020355,22.10523751,1,3,1,1,5,08:12,9,E09000022,5,0,1,30,1,4,6,0,0,0,1,1,1,0,0,1,1,E01003156,29-09-2018,1,1,3,1,30,6,3,1,1,0,0,-1,0,1
10747,82.12467679,22.07859131,1,3,3,2,6,10:47,9,E09000022,3,23,3,30,3,4,6,0,0,0,1,1,1,0,0,1,1,E01003117,23-09-2018,1,1,1,1,31,6,2,0,0,0,0,-1,5,-1
10748,82.18706326,22.05760476,1,2,2,1,5,21:13,9,E09000022,3,23,6,30,3,4,6,0,0,0,4,1,1,0,0,1,1,E01003111,06-10-2018,2,2,1,1,29,6,3,0,0,0,0,-1,3,3
10749,82.11756563,22.05430843,1,3,5,2,4,15:50,9,E09000022,3,205,6,30,6,2,6,0,0,0,1,2,2,0,0,1,1,E01003166,12-10-2018,3,1,1,1,27,6,3,0,0,0,0,-1,5,1
10750,82.14416012,22.10447941,1,3,2,1,2,14:50,9,E09000022,4,223,6,30,0,-1,-1,0,0,0,1,1,1,0,0,1,1,E01003043,10-10-2018,1,1,2,1,-1,-1,3,0,0,0,0,-1,19,-1
10751,82.18093914,22.0777202,1,3,2,1,7,21:05,9,E09000022,3,3,6,30,0,-1,-1,0,0,0,4,1,1,0,0,1,1,E01003090,15-10-2018,1,1,1,1,23,5,3,0,0,0,0,-1,4,-1
10752,82.11875591,22.0496016,1,3,1,1,6,11:30,9,E09000022,3,3036,6,30,0,-1,-1,0,0,0,1,1,1,0,0,1,2,E01003037,14-10-2018,1,1,1,1,49,8,3,0,0,0,0,-1,9,1
10753,82.13773336,22.06326457,1,2,2,1,2,15:10,9,E09000022,4,232,6,30,8,4,6,0,0,0,1,1,1,0,0,1,2,E01003086,05-09-2018,2,1,1,1,44,7,3,0,0,0,0,-1,3,-1
10754,82.14733059,22.07011434,1,3,2,1,4,09:20,9,E09000022,3,3036,6,30,3,4,6,0,0,0,1,1,1,0,0,1,1,E01003089,28-09-2018,1,1,1,1,21,5,3,0,0,0,0,-1,9,1
10755,82.19299268,22.05342783,1,3,2,1,1,00:15,9,E09000022,3,23,6,30,3,4,6,0,0,0,4,1,1,0,0,1,1,E01003047,18-09-2018,1,2,2,1,-1,-1,3,0,0,1,0,-1,9,-1
10756,82.18877993,22.05919441,1,3,1,1,6,09:50,9,E09000022,3,23,6,30,0,-1,-1,0,0,5,1,1,1,0,0,1,1,E01003061,16-09-2018,1,1,1,2,42,7,3,0,0,0,0,-1,9,1
10757,82.19039686,22.05230876,1,3,3,1,5,10:15,9,E09000022,3,23,6,30,6,2,3,3203,0,5,1,2,2,0,0,1,1,E01003014,13-10-2018,2,1,2,2,46,8,2,0,0,2,0,-1,9,1
10758,82.10648646,22.10755452,1,3,2,2,2,10:30,9,E09000022,3,23,6,30,6,2,3,205,0,5,1,1,1,0,0,1,1,E01003137,03-10-2018,1,1,1,1,53,8,3,0,0,0,0,-1,19,1
10759,82.13440104,22.07599813,1,3,2,1,2,14:00,9,E09000022,3,23,6,30,0,-1,-1,0,0,5,1,1,1,0,0,1,2,E01003023,19-09-2018,1,1,3,2,60,9,3,5,3,0,0,-1,0,1
10760,82.15151384,22.09770006,1,3,1,1,6,07:40,9,E09000022,3,23,6,30,0,-1,-1,0,0,0,1,2,2,0,0,1,2,E01003055,30-09-2018,3,1,2,1,6,2,3,0,0,2,0,-1,9,1
10761,82.10717064,22.07367572,1,3,2,1,7,23:59,9,E09000022,3,202,6,30,0,-1,-1,0,0,0,4,1,1,0,0,1,2,,09-07-2018,3,2,1,2,-1,-1,3,0,0,0,0,-1,9,-1
10762,82.18648693,22.06097747,1,3,2,1,5,08:00,9,E09000022,3,3,6,30,3,4,6,0,0,4,1,1,1,0,0,1,1,E01003128,06-10-2018,1,1,1,1,33,6,3,0,0,0,0,-1,9,1
10763,82.13895763,22.09090334,1,3,2,1,3,18:00,9,E09000022,4,221,6,30,6,4,6,0,0,1,1,1,1,0,0,1,1,E01003054,18-10-2018,1,1,3,1,-1,-1,3,5,3,0,0,-1,0,-1
10764,82.18102508,22.10089552,1,3,1,1,5,08:47,9,E09000022,3,214,6,30,3,4,6,0,0,0,1,1,1,0,0,1,1,E01003087,29-09-2018,1,1,2,2,91,11,2,0,0,0,3,-1,11,-1
10765,82.1424709,22.07609227,1,3,2,1,6,08:38,9,E09000022,5,0,6,30,3,4,6,0,0,0,1,2,2,0,0,1,1,E01003036,30-09-2018,1,1,1,1,39,7,3,0,0,0,0,-1,5,1
10766,82.11547583,22.08244172,1,3,3,1,1,21:00,9,E09000022,3,204,6,30,3,4,6,0,0,0,4,1,1,0,0,1,2,E01003176,02-10-2018,1,1,2,1,45,7,3,0,0,0,4,-1,11,1
10767,82.12525832,22.10445389,1,3,2,1,2,08:45,9,E09000022,3,23,6,30,3,4,6,0,0,1,1,1,1,0,0,1,2,E01003111,03-10-2018,1,1,3,1,77,11,3,1,1,0,0,-1,0,1
10768,82.12092618,22.05367507,1,3,1,1,5,14:50,9,E09000022,3,23,6,30,6,4,6,0,0,4,1,1,1,0,0,1,2,E01003131,13-10-2018,2,1,1,2,-1,-1,3,0,0,0,0,-1,9,1
10769,82.12606547,22.10692275,1,3,2,2,6,22:00,9,E09000022,3,203,6,30,3,4,6,0,0,1,4,1,1,0,0,1,2,E01003103,07-10-2018,1,1,1,1,46,8,3,0,0,0,0,-1,9,-1
10770,82.19115352,22.07047806,1,3,1,1,7,12:25,9,E09000022,3,23,6,30,6,2,3,3203,0,5,1,1,1,0,0,1,2,E01003014,22-10-2018,2,2,1,1,60,9,3,0,0,0,0,-1,9,1
10771,82.14568221,22.07193977,1,3,2,2,1,14:00,9,E09000022,3,23,6,30,6,2,3,3203,0,5,1,1,1,0,0,1,2,E01003933,10-07-2018,1,1,2,2,56,9,3,0,0,1,0,-1,9,1
10772,82.14313816,22.0522681,1,3,2,1,4,22:25,9,E09000022,3,23,6,30,3,2,4,273,0,5,4,2,2,0,0,1,1,E01003141,19-10-2018,1,1,1,2,24,5,3,0,0,0,0,-1,9,1
10773,82.16024443,22.0641336,1,3,1,1,1,21:37,9,E09000022,3,3204,6,30,6,2,3,3204,0,5,4,1,1,0,0,1,1,E01003109,16-10-2018,2,2,1,1,28,6,3,0,0,0,0,-1,9,-1
10774,82.17921029,22.07012702,1,3,2,1,1,13:45,9,E09000022,6,0,6,30,3,1,6,0,0,0,1,1,1,0,0,1,1,E01003063,09-10-2018,3,3,1,2,48,8,3,0,0,0,0,-1,9,-1
10775,82.17407955,22.05793701,1,3,2,1,2,09:00,8,E09000028,3,215,6,30,8,2,3,2216,0,5,1,1,2,0,0,1,1,E01003076,17-10-2018,1,1,1,1,18,4,3,0,0,0,0,-1,9,1
10776,82.16135062,22.05374485,1,3,2,1,1,17:20,9,E09000022,3,205,6,30,3,4,5,0,0,0,1,1,1,0,0,1,1,E01003031,09-10-2018,2,2,2,1,18,4,3,0,0,1,0,-1,9,-1
10777,82.1896903,22.05319603,1,3,2,2,2,17:18,9,E09000022,3,23,6,30,0,-1,-1,0,0,4,1,1,1,0,0,1,1,E01003120,10-10-2018,2,3,2,1,-1,-1,3,0,0,2,0,-1,9,-1
10778,82.18489667,22.07427787,1,3,2,1,2,12:30,9,E09000022,3,23,3,30,3,4,6,0,0,0,1,1,1,0,0,1,1,E01003114,10-10-2018,1,1,1,1,25,5,3,0,0,0,0,-1,3,1
10779,82.19460358,22.10579623,1,3,1,1,2,19:16,9,E09000022,3,23,6,30,6,2,3,3203,0,5,1,1,1,0,0,1,1,E01003014,10-10-2018,1,2,1,1,35,6,3,0,0,0,0,-1,9,1
10780,82.18765668,22.08074274,1,3,2,2,1,13:30,9,E09000022,6,0,6,30,3,4,6,0,0,0,1,1,1,0,0,1,1,E01003018,09-10-2018,6,1,2,2,27,6,3,0,0,1,0,-1,9,-1
10781,82.19217636,22.05899064,1,3,2,1,4,19:00,9,E09000022,3,214,6,30,3,2,3,216,0,5,1,1,1,0,0,1,1,E01003119,05-10-2018,1,1,2,1,24,5,3,0,0,2,0,-1,9,1
10782,82.1826137,22.09157449,1,3,1,1,3,15:22,9,E09000022,3,23,6,30,3,4,6,0,0,0,1,1,1,0,0,1,1,E01003055,18-10-2018,1,1,3,1,40,7,3,1,1,0,0,-1,0,1
10783,82.19770871,22.05432944,1,3,2,1,5,08:40,9,E09000022,3,3200,6,30,6,4,5,0,0,0,1,2,2,0,0,1,2,E01003016,13-10-2018,1,1,1,2,25,5,3,0,0,0,0,-1,9,1
10784,82.15275255,22.07392379,1,3,1,1,6,12:15,9,E09000022,3,23,6,30,3,4,6,0,0,4,1,1,1,0,0,1,2,E01003055,14-10-2018,1,1,3,2,46,8,3,1,9,0,0,-1,0,-1
10785,82.16246911,22.05482891,1,3,3,1,1,06:25,9,E09000022,5,0,6,30,6,2,3,215,0,5,4,1,1,0,0,1,1,E01003079,16-10-2018,1,1,3,2,61,9,2,1,1,0,0,-1,0,-1
10786,82.15964495,22.05715648,1,3,1,1,1,23:12,9,E09000022,3,215,6,30,0,-1,-1,0,0,0,4,1,1,0,0,1,1,E01003133,16-10-2018,2,1,1,2,85,11,3,0,0,0,0,-1,90,1
10787,82.16445929,22.07985492,1,3,2,1,6,21:42,9,E09000022,3,23,6,30,3,4,6,0,0,0,4,1,1,0,0,1,1,E01003181,07-10-2018,1,1,1,2,26,6,3,0,0,0,0,-1,9,-1
10788,82.13409669,22.06764377,1,3,1,2,3,22:05,9,E09000022,3,3,6,30,3,2,3,23,0,5,4,1,1,0,0,1,1,E01003099,21-06-2018,1,1,3,1,11,3,3,1,1,0,0,-1,0,1
10789,82.18238043,22.06538617,1,3,1,1,7,12:50,9,E09000022,3,205,6,30,3,4,3,215,0,1,1,1,1,0,0,1,1,E01003133,22-10-2018,1,1,1,1,22,5,3,0,0,0,0,-1,11,1
10790,82.13992233,22.09771608,1,3,2,1,5,17:00,9,E09000022,3,301,1,30,1,4,3,301,0,1,1,1,1,0,0,1,1,E01003016,20-10-2018,1,3,2,2,73,10,3,0,0,0,4,-1,11,-1
10791,82.15671718,22.08121724,1,3,1,1,2,05:38,9,E09000022,3,23,6,30,0,-1,-1,0,0,4,4,2,2,0,0,1,1,E01003147,24-10-2018,1,4,2,2,37,7,2,0,0,0,3,-1,11,-1
10792,82.19295727,22.10044024,1,3,2,1,3,07:43,9,E09000022,3,3,6,30,3,4,6,0,0,0,1,2,2,0,0,1,1,E01003100,25-10-2018,1,5,2,2,11,3,3,0,0,0,4,-1,11,1
10793,82.18775586,22.06406828,1,2,2,1,5,08:45,9,E09000022,3,23,6,30,3,4,6,0,0,0,1,1,1,0,0,1,1,E01003024,27-10-2018,1,6,2,2,48,8,3,0,0,0,3,-1,11,-1
10794,82.15288773,22.07469966,1,3,2,1,3,10:42,9,E09000022,5,0,6,30,0,-1,-1,0,0,0,1,1,1,0,0,1,1,E01003046,18-10-2018,1,7,2,1,17,4,3,0,0,0,4,-1,11,-1
10795,82.10732672,22.08900573,1,3,2,1,6,10:53,9,E09000022,5,0,2,30,3,4,6,0,0,0,1,1,1,0,0,1,1,E01003113,21-10-2018,2,2,2,1,25,5,3,0,0,0,0,-1,19,1
10796,82.15476716,22.10793743,1,3,1,1,6,07:51,9,E09000022,3,3216,6,30,0,-1,-1,0,0,0,1,2,2,0,0,1,1,E01003042,21-10-2018,2,1,1,1,35,6,3,0,0,0,0,-1,5,1
10797,82.11075443,22.08940352,1,3,2,1,4,08:05,9,E09000022,4,221,6,30,3,4,6,0,0,0,1,1,2,0,0,1,1,E01003054,19-10-2018,1,1,3,1,5,1,3,1,3,0,0,-1,0,1
10798,82.17901951,22.05206076,1,3,2,1,7,09:21,9,E09000022,3,3203,6,30,3,2,3,23,0,5,1,1,2,0,0,1,1,E01003933,22-10-2018,1,1,2,2,22,5,3,0,0,1,0,-1,9,-1
10799,82.12094609,22.08711976,1,3,2,1,6,23:30,20,E09000008,3,214,6,30,3,4,6,0,0,0,4,1,2,0,0,1,1,E01001162,21-10-2018,3,1,1,1,39,7,3,0,0,0,0,-1,9,-1
10800,82.18819424,22.08275104,1,3,2,1,4,19:15,9,E09000022,3,23,3,30,3,2,3,3200,0,0,4,2,2,0,0,1,2,E01003013,19-10-2018,1,1,1,2,24,5,3,0,0,0,0,-1,9,1
10801,82.10771736,22.08956016,1,3,1,1,5,17:10,8,E09000028,6,0,6,30,3,2,3,215,0,5,1,1,1,0,0,1,1,E01003922,27-10-2018,1,1,1,1,48,8,3,0,0,0,0,-1,9,1
10802,82.11551532,22.06375452,1,3,2,1,2,18:05,9,E09000022,3,2217,6,30,3,4,6,0,0,0,1,1,1,0,0,1,1,E01003020,10-10-2018,2,1,1,1,26,6,3,0,0,0,0,-1,5,1
10803,82.14444658,22.10720244,1,3,2,1,2,10:30,9,E09000022,5,0,6,30,3,2,3,23,0,5,1,1,1,0,0,1,1,E01003153,10-10-2018,2,2,2,2,-1,-1,3,0,0,0,0,-1,5,-1
10804,82.16454751,22.08761756,1,3,1,1,7,11:15,9,E09000022,3,214,6,30,3,2,5,0,0,5,1,1,1,0,0,1,1,E01003144,22-10-2018,1,1,1,1,51,8,3,0,0,0,0,-1,9,1
10805,82.12108229,22.0834385,1,3,2,1,3,19:58,9,E09000022,4,221,6,30,3,4,6,0,0,0,4,2,2,0,0,1,1,E01003163,18-10-2018,1,2,2,2,44,7,3,0,0,1,0,-1,9,-1
10806,82.13688581,22.08582078,1,3,1,1,5,22:10,9,E09000022,3,23,6,30,7,2,3,216,0,0,4,1,1,0,0,1,1,E01003119,27-10-2018,2,1,1,1,63,9,3,0,0,0,0,-1,9,1
10807,82.16924563,22.0530715,1,2,1,1,6,11:30,9,E09000022,3,3204,6,30,0,-1,-1,0,0,0,1,1,1,0,0,1,1,E01003101,28-10-2018,1,1,3,2,24,5,2,4,1,0,0,-1,0,1
10808,82.13684583,22.07160275,1,3,2,1,2,15:19,9,E09000022,3,202,6,30,0,-1,-1,0,0,0,1,1,2,0,0,1,1,E01003180,31-10-2018,1,1,1,1,-1,-1,3,0,0,0,0,-1,9,1
10809,82.15241794,22.0770245,1,3,1,2,3,08:48,9,E09000022,3,23,6,30,3,2,5,0,0,5,1,1,1,0,0,1,1,E01003024,04-10-2018,2,1,1,1,35,6,3,0,0,0,0,-1,1,-1
10810,82.15687612,22.06641731,1,3,2,1,2,08:05,9,E09000022,3,203,6,30,3,4,6,0,0,0,1,2,2,0,0,1,1,E01003097,31-10-2018,1,1,3,2,33,6,3,5,1,0,0,-1,0,-1
10811,82.12049518,22.08742393,1,2,1,1,2,11:50,9,E09000022,3,205,6,30,0,-1,-1,0,0,0,1,1,1,0,0,1,1,E01003162,10-10-2018,1,1,1,1,35,6,3,0,0,0,0,-1,1,1
10812,82.1541743,22.09051944,1,3,1,1,4,15:45,9,E09000022,3,2217,6,30,3,4,6,0,0,0,1,2,2,0,0,1,1,E01003922,12-10-2018,2,1,1,1,32,6,3,0,0,0,0,-1,2,1
10813,82.14215947,22.05875678,1,2,2,2,6,08:00,9,E09000022,3,23,3,30,3,4,6,0,0,0,4,2,2,0,0,1,1,E01003024,28-10-2018,2,1,1,1,-1,-1,3,0,0,0,0,-1,3,1
10814,82.12696777,22.05233871,1,3,2,2,7,20:00,9,E09000022,3,2217,6,30,6,4,6,0,0,0,4,1,1,0,0,1,1,E01003019,22-10-2018,2,1,1,1,36,7,3,0,0,0,0,-1,9,1
10815,82.14221297,22.09846673,1,2,1,1,3,08:34,9,E09000022,3,23,6,30,7,4,6,0,0,0,1,1,1,0,0,1,1,E01003023,18-10-2018,2,1,1,1,45,7,3,0,0,0,0,-1,9,1
10816,82.14377586,22.10361984,1,3,2,1,5,20:50,9,E09000022,5,0,6,30,3,4,6,0,0,0,4,1,1,0,0,1,1,E01003170,20-10-2018,2,1,2,1,25,5,3,0,0,1,0,-1,9,-1
10817,82.18557206,22.08066297,1,3,2,1,5,09:10,9,E09000022,5,0,6,30,0,-1,-1,0,0,0,1,1,1,0,0,1,2,E01003095,03-11-2018,1,1,2,2,26,6,3,0,0,0,0,-1,5,1
10818,82.15155505,22.04994768,1,3,1,1,2,09:00,9,E09000022,3,215,6,30,3,4,6,0,0,0,1,2,2,0,0,1,2,E01004074,31-10-2018,1,1,1,1,22,5,3,0,0,0,0,-1,9,-1
10819,82.11198102,22.09922516,1,3,1,1,4,11:45,9,E09000022,3,205,6,30,3,4,3,205,0,1,1,2,2,0,0,1,1,E01003133,12-10-2018,1,2,2,1,21,5,3,0,0,1,0,-1,9,-1
10820,82.16365372,22.05639251,1,3,2,1,6,14:32,9,E09000022,3,2217,6,30,3,4,6,0,0,0,1,1,1,0,0,1,1,E01003075,21-10-2018,1,1,3,1,19,4,3,5,1,0,0,-1,0,-1
10821,82.17934175,22.0495626,1,3,2,1,3,12:25,9,E09000022,3,202,6,30,0,-1,-1,0,0,0,1,1,1,0,0,1,2,,25-10-2018,1,1,1,1,48,8,3,0,0,0,0,-1,9,-1
10822,82.18689175,22.1041411,1,3,3,2,4,15:34,9,E09000022,3,215,6,30,3,4,6,0,0,0,1,2,2,0,0,1,1,E01003081,02-11-2018,1,1,1,1,33,6,3,0,0,0,0,-1,5,1
10823,82.16060223,22.08199769,1,3,2,1,1,17:15,9,E09000022,6,0,6,30,6,4,6,0,0,0,1,1,1,0,0,1,2,E01003049,23-10-2018,1,1,3,1,33,6,3,5,3,0,0,-1,0,-1
10824,82.12323591,22.07781054,1,2,1,1,5,08:30,9,E09000022,3,3036,6,30,7,2,3,203,0,0,1,1,2,0,0,1,1,E01003102,03-11-2018,1,1,1,1,40,7,3,0,0,0,0,-1,9,1
10825,82.17432036,22.07171428,1,3,2,2,1,04:33,9,E09000022,3,2217,6,30,3,4,6,0,0,0,4,1,2,0,0,1,1,E01003051,09-10-2018,1,2,2,1,-1,-1,3,0,0,1,0,-1,9,-1
10826,82.12068628,22.05468679,1,3,2,1,4,10:20,9,E09000022,6,0,6,30,6,4,6,0,0,0,1,1,1,0,0,1,1,E01003130,02-11-2018,1,3,2,1,-1,-1,3,0,0,2,0,-1,9,-1
10827,82.1709497,22.05668055,1,3,2,2,3,09:19,9,E09000022,3,215,6,30,6,2,5,0,0,5,1,1,1,0,0,1,1,E01003072,01-11-2018,1,1,2,1,23,5,3,0,0,0,3,-1,11,1
10828,82.10944876,22.09638036,1,3,3,1,5,17:30,9,E09000022,3,2217,6,30,6,2,4,221,0,5,1,1,1,0,0,1,2,E01003019,03-11-2018,1,1,1,1,47,8,3,0,0,0,0,-1,9,1
10829,82.13599838,22.06809925,1,3,3,2,7,14:00,8,E09000028,3,212,6,30,0,-1,-1,0,0,0,1,2,2,0,0,1,2,E01003948,05-11-2018,1,1,1,2,50,8,3,0,0,0,0,-1,9,1
10830,82.15620371,22.07559332,1,3,1,1,2,20:15,9,E09000022,3,215,6,30,0,-1,-1,0,0,1,4,1,1,0,0,1,2,E01003166,07-11-2018,1,1,3,1,22,5,3,5,3,0,0,-1,0,1
10831,82.13758555,22.05933854,1,3,2,1,4,17:20,9,E09000022,3,2199,6,30,6,2,5,0,0,0,4,1,1,0,0,1,2,E01003170,09-11-2018,1,1,1,1,22,5,3,0,0,0,0,-1,9,1
10832,82.15902405,22.06762695,1,3,2,1,3,15:00,9,E09000022,3,23,6,30,8,4,6,0,0,0,1,1,1,0,0,1,2,E01003024,11-10-2018,1,1,3,2,13,3,3,5,3,0,0,-1,0,1
10833,82.1643337,22.05539363,1,3,2,1,5,15:55,9,E09000022,3,215,6,30,0,-1,-1,0,0,0,1,1,1,0,0,1,2,E01003170,06-10-2018,1,1,1,1,37,7,3,0,0,0,0,-1,9,1
10834,82.14659704,22.08044245,1,3,2,1,2,09:45,9,E09000022,3,23,6,30,3,2,6,0,0,5,1,1,1,0,0,1,2,E01003118,14-11-2018,1,1,2,2,34,6,3,0,0,1,0,-1,9,1
10835,82.1568518,22.09099618,1,3,2,1,3,20:42,20,E09000008,3,214,6,30,3,4,6,0,0,4,4,1,2,0,0,1,1,E01003069,25-10-2018,1,1,1,1,47,8,3,0,0,0,0,-1,9,1
10836,82.14006403,22.09250611,1,3,2,1,4,14:29,9,E09000022,3,3203,6,30,3,4,3,3203,0,1,1,2,2,0,0,1,1,E01003933,02-11-2018,2,1,1,2,-1,-1,3,0,0,0,0,-1,9,1
10837,82.17542866,22.10679007,1,3,2,1,3,09:13,9,E09000022,3,23,6,30,3,4,6,0,0,1,1,2,2,0,0,1,1,E01003101,01-11-2018,1,1,2,1,-1,-1,3,0,0,1,0,-1,9,1
10838,82.10955259,22.10539264,1,3,1,1,7,18:42,9,E09000022,3,23,6,30,0,-1,-1,0,0,0,4,1,1,0,0,1,1,E01003100,15-10-2018,1,1,1,2,47,8,3,0,0,0,0,-1,9,1
10839,82.12325239,22.0834119,1,3,1,1,6,19:15,9,E09000022,6,0,7,30,0,-1,-1,0,0,0,4,1,1,0,0,1,1,E01003026,04-11-2018,1,1,2,2,-1,-1,3,0,0,1,0,-1,9,-1
10840,82.13403154,22.09997006,1,3,2,1,4,16:49,9,E09000022,3,23,6,30,9,2,3,23,0,0,4,8,2,0,0,1,1,E01003024,09-11-2018,1,1,1,1,36,7,3,0,0,0,0,-1,9,1
10841,82.16038496,22.04967676,1,3,2,4,2,11:07,9,E09000022,3,23,3,30,3,4,6,0,0,0,1,1,1,0,0,1,1,E01003114,07-11-2018,2,1,1,1,13,3,3,0,0,0,0,-1,1,1
10842,82.19593506,22.06843212,1,3,2,1,2,13:01,9,E09000022,3,3,3,30,7,2,3,2217,0,5,1,1,1,0,0,1,1,E01003041,07-11-2018,1,1,1,1,24,5,3,0,0,0,0,-1,3,1
10843,82.13891329,22.07918576,1,3,2,1,2,11:54,9,E09000022,3,3036,1,30,1,2,3,202,0,0,1,1,1,0,0,1,1,E01003102,07-11-2018,2,1,1,1,32,6,3,0,0,0,0,-1,9,1
10844,82.12329038,22.05110166,1,3,2,1,3,10:00,9,E09000022,3,3036,6,30,3,2,5,0,0,0,1,1,1,0,0,1,1,E01003122,08-11-2018,1,1,1,2,42,7,3,0,0,0,0,-1,9,1
10845,82.17563186,22.09710063,1,3,2,1,4,17:20,9,E09000022,3,203,6,30,3,4,6,0,0,1,1,1,1,0,0,1,1,E01003103,09-11-2018,2,2,1,2,29,6,3,0,0,0,0,-1,9,1
10846,82.19135621,22.05757592,1,3,2,1,6,23:05,9,E09000022,3,23,6,30,0,-1,-1,0,0,0,4,2,2,0,0,1,1,E01003144,11-11-2018,1,1,1,2,23,5,3,0,0,0,0,-1,9,1
10847,82.16715788,22.09508253,1,3,3,1,6,12:05,9,E09000022,3,215,6,30,3,4,6,0,0,0,1,1,1,0,0,1,1,E01003166,18-11-2018,1,1,3,1,30,6,3,5,1,0,0,-1,0,1
10848,82.19502669,22.09982691,1,3,2,1,5,19:11,9,E09000022,3,3200,1,30,1,2,3,23,0,5,4,1,1,0,0,1,1,E01003013,17-11-2018,1,1,1,1,-1,-1,3,0,0,0,0,-1,9,-1
10849,82.153731,22.05723688,1,3,2,1,4,17:25,9,E09000022,3,3,6,30,0,-1,-1,0,0,0,4,1,1,0,0,1,1,E01003090,16-11-2018,1,1,2,2,-1,-1,3,0,0,1,0,-1,9,-1
10850,82.15680271,22.08034914,1,3,1,1,6,20:02,9,E09000022,6,0,6,30,8,4,3,2217,0,0,4,1,1,0,0,1,1,E01003020,11-11-2018,1,1,2,2,24,5,3,0,0,1,0,-1,9,-1
10851,82.13926944,22.08638344,1,3,1,1,3,12:08,9,E09000022,3,23,3,30,3,2,4,272,0,5,1,1,1,0,0,1,1,E01003144,15-11-2018,2,2,1,2,19,4,3,0,0,0,0,-1,9,1
10852,82.14588989,22.06039623,1,2,1,1,1,08:59,9,E09000022,3,302,6,30,0,-1,-1,0,0,4,1,1,1,0,0,1,1,E01003013,23-10-2018,1,1,2,1,20,4,2,0,0,1,0,-1,9,1
10853,82.10827353,22.07856677,1,3,3,1,5,21:22,9,E09000022,3,3036,6,30,3,2,6,0,0,0,4,1,1,0,0,1,1,E01003103,20-10-2018,1,2,2,2,21,5,3,0,0,2,0,-1,9,-1
10854,82.12506791,22.05449984,1,3,2,1,7,20:15,9,E09000022,5,0,6,30,6,2,5,0,0,5,4,1,2,0,0,1,1,E01003154,29-10-2018,1,1,1,1,24,5,3,0,0,0,0,-1,9,1
10855,82.16444622,22.05584731,1,3,2,1,3,09:00,9,E09000022,3,23,6,30,3,4,6,0,0,4,1,2,2,0,0,1,1,E01003118,27-09-2018,1,1,1,1,28,6,3,0,0,0,0,-1,9,1
10856,82.12208918,22.09112418,1,3,2,1,5,09:37,9,E09000022,3,205,6,30,6,4,6,0,0,0,1,1,1,0,0,1,1,E01003137,10-11-2018,1,1,1,2,41,7,3,0,0,0,0,-1,9,1
10857,82.1301643,22.05605132,1,3,2,1,7,12:25,9,E09000022,3,203,6,30,6,2,4,301,0,5,1,1,1,0,0,1,2,E01003103,19-11-2018,1,1,2,2,33,6,3,0,0,1,0,-1,9,1
10858,82.19771372,22.09183157,1,3,2,3,5,18:10,9,E09000022,3,23,6,30,7,2,3,2217,0,5,4,1,2,0,0,1,2,E01003020,24-11-2018,2,2,1,1,26,6,3,0,0,0,0,-1,9,1
10859,82.17327327,22.07647868,1,3,1,1,2,17:23,9,E09000022,5,0,6,30,0,-1,-1,0,0,0,1,1,1,0,0,1,1,E01003119,29-08-2018,1,1,1,2,36,7,3,0,0,0,0,-1,9,1
10860,82.12858841,22.08944004,1,3,2,1,1,10:49,9,E09000022,3,2217,6,30,3,4,6,0,0,0,1,1,1,0,0,1,1,E01003029,09-10-2018,1,1,3,1,-1,-1,3,5,3,0,0,-1,0,-1
10861,82.18690692,22.09996647,1,3,2,1,1,17:37,9,E09000022,3,215,6,30,0,-1,-1,0,0,1,1,1,1,0,0,1,1,E01003166,16-10-2018,1,1,3,1,45,7,2,5,1,0,0,-1,0,-1
10862,82.16051486,22.05951674,1,3,2,1,6,19:20,9,E09000022,3,3036,6,30,3,4,6,0,0,0,4,1,1,0,0,1,2,E01003091,11-11-2018,1,1,3,1,36,7,2,10,9,0,0,-1,0,-1
10863,82.14372567,22.06956499,1,3,2,1,7,10:00,9,E09000022,3,23,6,30,3,2,3,202,0,5,1,1,1,0,0,1,2,E01003100,19-11-2018,2,1,2,2,30,6,3,0,0,1,0,-1,9,1
10864,82.12113933,22.08335733,1,3,2,1,5,13:10,9,E09000022,5,0,6,30,6,4,6,0,0,0,1,1,2,0,0,1,1,E01003051,24-11-2018,1,1,2,2,4,1,3,0,0,0,4,-1,11,1
10865,82.17478267,22.04886489,1,3,1,1,7,21:30,9,E09000022,6,0,6,30,7,4,3,3,0,0,4,1,1,0,0,1,1,E01003090,12-11-2018,1,1,1,2,38,7,3,0,0,0,0,-1,9,1