Accident_Index,longitude,latitude,Police_Force,Accident_Severity,Number_of_Vehicles,Number_of_Casualties,Day_of_Week,Time,Local_Authority_(District),Local_Authority_(Highway),1st_Road_Class,1st_Road_Number,Road_Type,Speed_limit,Junction_Detail,Junction_Control,2nd_Road_Class,2nd_Road_Number,Pedestrian_Crossing-Human_Control,Pedestrian_Crossing-Physical_Facilities,Light_Conditions,Weather_Conditions,Road_Surface_Conditions,Special_Conditions_at_Site,Carriageway_Hazards,Urban_or_Rural_Area,Did_Police_Officer_Attend_Scene_of_Accident,LSOA_of_Accident_Location,Date,Vehicle_Reference,Casualty_Reference,Casualty_Class,Sex_of_Casualty,Age_of_Casualty,Age_Band_of_Casualty,Casualty_Severity,Pedestrian_Location,Pedestrian_Movement,Car_Passenger,Bus_or_Coach_Passenger,Pedestrian_Road_Maintenance_Worker,Casualty_Type,Casualty_Home_Area_Type
10866,82.16959091,22.09938488,1,3,2,1,4,09:12,9,E09000022,3,203,3,30,7,2,3,203,0,5,1,1,1,0,0,1,1,E01003128,16-11-2018,1,1,3,2,12,3,3,10,9,0,0,-1,0,1
10867,82.17281976,22.07390926,1,3,2,1,1,19:00,9,E09000022,3,302,6,30,0,-1,-1,0,0,0,4,1,1,0,0,1,1,E01003013,13-11-2018,1,1,1,2,38,7,3,0,0,0,0,-1,9,1
10868,82.12142899,22.09267645,1,3,2,1,7,09:06,9,E09000022,6,0,6,30,0,-1,-1,0,0,0,1,1,2,0,0,1,1,E01003091,19-11-2018,1,1,1,1,24,5,3,0,0,0,0,-1,9,1
10869,82.16260548,22.06760719,1,3,1,1,2,16:08,9,E09000022,3,215,6,30,6,4,6,0,0,0,4,1,1,0,0,1,1,E01003166,21-11-2018,2,1,1,1,20,4,3,0,0,0,0,-1,1,1
10870,82.19775333,22.07912769,1,3,1,1,2,10:10,9,E09000022,3,23,3,30,3,4,6,0,0,0,1,1,1,0,0,1,1,E01003130,21-11-2018,1,1,1,2,49,8,3,0,0,0,0,-1,9,1
10871,82.11553123,22.05005103,1,2,2,1,3,08:30,9,E09000022,3,24,6,30,3,4,6,0,0,0,1,1,2,0,0,1,1,E01003030,22-11-2018,2,2,1,1,35,6,3,0,0,0,0,-1,9,1
10872,82.1092992,22.07670534,1,3,1,1,4,07:01,9,E09000022,5,0,6,30,3,4,6,0,0,0,4,7,2,0,0,1,1,E01003154,23-11-2018,2,1,3,1,21,5,2,10,9,0,0,-1,0,1
10873,82.13598969,22.0823076,1,3,4,2,5,22:35,9,E09000022,3,202,3,30,3,2,3,202,0,0,4,1,1,0,0,1,1,E01003103,24-11-2018,1,1,3,1,15,3,3,10,9,0,0,-1,0,1
10874,82.12473065,22.10311167,1,3,3,1,6,07:50,9,E09000022,3,23,3,30,3,4,6,0,0,0,1,1,1,0,0,1,1,E01003137,25-11-2018,1,1,1,1,43,7,3,0,0,0,0,-1,9,-1
10875,82.1454451,22.06084094,1,3,2,1,6,14:30,9,E09000022,6,0,1,20,1,4,6,0,0,0,1,1,1,0,0,1,1,E01003130,25-11-2018,1,1,1,2,26,6,3,0,0,0,0,-1,9,1
10876,82.15200685,22.10246126,1,3,2,1,1,12:13,9,E09000022,6,0,6,30,0,-1,-1,0,0,0,1,1,2,0,0,1,1,E01003069,27-11-2018,1,1,1,2,51,8,3,0,0,0,0,-1,9,1
10877,82.1760427,22.08148827,1,3,1,1,2,09:11,9,E09000022,3,23,6,30,3,4,3,23,0,0,1,1,2,0,0,1,1,E01003118,28-11-2018,4,2,1,1,31,6,3,0,0,0,0,-1,9,1
10878,82.13730498,22.07558961,1,3,2,1,2,08:24,9,E09000022,3,23,6,30,6,2,3,3203,0,5,1,1,2,0,0,1,1,E01003933,28-11-2018,1,1,1,1,42,7,3,0,0,0,0,-1,9,3
10879,82.16500727,22.04850225,1,3,1,1,3,10:10,9,E09000022,3,3,6,30,6,2,3,202,0,5,1,1,1,0,0,1,1,E01003099,29-11-2018,1,1,3,2,14,3,2,5,1,0,0,-1,0,-1
10880,82.14539112,22.08163374,1,3,2,1,3,06:43,9,E09000022,3,23,6,30,0,-1,-1,0,0,0,1,1,2,0,0,1,1,E01003014,29-11-2018,1,1,3,2,13,3,3,5,3,0,0,-1,0,-1
10881,82.19383438,22.05805694,1,3,3,1,5,18:30,9,E09000022,4,272,6,30,3,2,6,0,0,0,4,2,2,0,0,1,1,E01003146,01-12-2018,1,1,1,1,42,7,3,0,0,0,0,-1,5,1
10882,82.16370858,22.06437641,1,3,1,2,5,08:44,9,E09000022,3,3036,6,30,3,4,6,0,0,0,1,1,2,0,0,1,1,E01003034,01-12-2018,1,1,3,1,12,3,3,4,1,0,0,-1,0,-1
10883,82.18199802,22.04993004,1,3,2,1,3,19:13,9,E09000022,3,23,6,30,3,4,6,0,0,4,4,1,1,0,0,1,1,E01003147,15-11-2018,1,1,1,1,29,6,3,0,0,0,0,-1,9,2
10884,82.19395857,22.04945483,1,3,1,1,1,13:08,9,E09000022,3,23,6,30,0,-1,-1,0,0,0,1,2,2,0,0,1,1,E01003119,24-07-2018,1,1,3,2,12,3,3,1,9,0,0,-1,0,-1
10885,82.1512122,22.06023884,1,3,2,1,3,21:47,9,E09000022,3,23,3,30,0,-1,-1,0,0,0,4,1,1,0,0,1,1,E01003055,15-11-2018,1,1,1,2,47,8,3,0,0,0,0,-1,9,1
10886,82.18711933,22.04886092,1,3,2,2,4,17:14,9,E09000022,3,3200,6,30,3,4,6,0,0,0,4,1,1,0,0,1,1,E01003013,16-11-2018,2,1,2,2,66,10,3,0,0,1,0,-1,9,1
10887,82.13969677,22.10070461,1,3,2,1,2,20:25,9,E09000022,6,0,6,30,3,4,6,0,0,0,5,1,1,0,0,1,2,E01003084,05-12-2018,2,2,2,1,61,9,3,0,0,2,0,-1,9,3
10888,82.16704796,22.07954299,1,3,2,1,3,13:30,9,E09000022,5,0,6,30,3,4,6,0,0,0,1,1,1,0,0,1,2,E01003124,29-11-2018,1,1,3,1,12,3,2,5,4,0,0,-1,0,-1
10889,82.14033843,22.08909632,1,3,3,1,4,18:15,9,E09000022,5,0,6,30,3,4,6,0,0,0,4,1,2,0,0,1,1,E01003034,23-11-2018,1,1,1,2,23,5,3,0,0,0,0,-1,9,1
10890,82.17764071,22.10245109,1,3,2,1,6,15:37,9,E09000022,5,0,6,30,3,4,6,0,0,0,1,1,1,0,0,1,2,E01003148,21-10-2018,1,2,2,1,-1,-1,3,0,0,1,0,-1,9,1
10891,82.1228839,22.09525056,1,3,2,1,6,15:45,9,E09000022,5,0,6,30,3,4,6,0,0,0,1,2,2,0,0,1,1,E01003148,02-12-2018,2,1,1,1,-1,-1,3,0,0,0,0,-1,1,-1
10892,82.17406667,22.08494544,1,3,1,1,6,22:09,9,E09000022,3,3,6,30,9,4,6,0,0,0,4,2,2,0,0,1,1,E01003093,02-12-2018,1,1,3,1,2,1,3,5,3,0,0,-1,0,-1
10893,82.18602521,22.10123271,1,3,1,1,7,03:20,9,E09000022,3,3,6,30,0,-1,-1,0,0,0,4,1,1,0,0,1,1,E01003041,22-10-2018,2,1,1,1,17,4,3,0,0,0,0,-1,9,1
10894,82.11129363,22.09224667,1,2,1,2,1,22:15,9,E09000022,3,23,6,30,3,4,6,0,0,4,4,8,2,0,0,1,1,E01003023,06-11-2018,2,2,2,1,17,4,3,0,0,1,0,-1,9,1
10895,82.13631654,22.08637529,1,3,2,1,7,12:58,9,E09000022,3,205,6,30,3,2,3,24,0,5,1,1,1,0,0,1,1,E01003030,19-11-2018,2,3,2,1,16,4,3,0,0,2,0,-1,9,1
10896,82.19572803,22.06042627,1,3,2,1,6,08:40,9,E09000022,3,23,6,30,7,2,3,203,0,5,1,1,1,0,0,1,1,E01003047,02-12-2018,2,4,2,1,15,3,3,0,0,2,0,-1,9,1
10897,82.13512599,22.05845689,1,3,1,1,7,14:15,9,E09000022,3,23,6,30,0,-1,-1,0,0,0,1,1,2,0,0,1,1,E01003153,03-12-2018,2,5,2,2,17,4,3,0,0,2,0,-1,9,1
10898,82.1374802,22.05740355,1,3,2,1,1,13:00,9,E09000022,3,205,6,30,6,2,5,0,0,5,1,1,1,0,0,1,1,E01003160,30-10-2018,1,1,1,1,80,11,3,0,0,0,0,-1,9,1
10899,82.18110773,22.09207043,1,3,2,1,6,18:55,9,E09000022,3,23,6,30,3,4,6,0,0,0,4,5,2,0,0,1,1,E01003020,02-12-2018,1,1,1,2,24,5,3,0,0,0,0,-1,9,1
10900,82.18184374,22.09051816,1,3,1,1,7,01:20,9,E09000022,3,2217,6,30,7,2,6,0,0,5,4,2,2,0,0,1,1,E01003032,03-12-2018,1,2,2,2,15,3,3,0,0,1,0,-1,9,-1
10901,82.14014075,22.0966339,1,3,2,1,6,10:42,9,E09000022,3,301,6,30,3,2,6,0,0,5,1,1,1,0,0,1,1,E01003012,09-12-2018,2,1,1,2,29,6,3,0,0,0,0,-1,9,-1
10902,82.14115528,22.09632224,1,3,3,2,7,08:35,9,E09000022,3,3,6,30,3,2,3,23,0,0,1,1,2,4,0,1,1,E01003107,10-12-2018,2,2,2,2,65,9,3,0,0,2,0,-1,9,1
10903,82.13115801,22.09152521,1,3,2,3,2,14:30,9,E09000022,5,0,6,30,3,4,6,0,0,0,1,1,1,0,0,1,1,E01003048,14-11-2018,1,1,1,1,39,7,3,0,0,0,0,-1,5,1
10904,82.17008211,22.05845875,1,3,2,1,3,16:30,9,E09000022,3,24,6,30,3,4,6,0,0,0,4,1,1,0,0,1,1,E01003026,15-11-2018,1,1,1,2,29,6,3,0,0,0,0,-1,9,1
10905,82.18944923,22.06812986,1,3,1,1,4,07:59,9,E09000022,3,2217,6,30,6,2,4,221,0,5,1,1,1,0,0,1,1,E01003057,16-11-2018,1,2,2,1,29,6,3,0,0,1,0,-1,9,1
10906,82.18267273,22.09215299,1,3,1,1,5,17:40,9,E09000022,3,3,6,30,3,4,3,3,0,1,4,2,2,0,0,1,1,E01003100,01-12-2018,2,3,1,2,54,8,3,0,0,0,0,-1,9,1
10907,82.13250892,22.08338095,1,3,2,1,1,18:00,9,E09000022,3,302,6,30,3,4,6,0,0,0,4,1,1,0,0,1,1,E01003014,27-11-2018,1,1,2,2,51,8,3,0,0,1,0,-1,9,1
10908,82.11003933,22.1017359,1,3,1,1,7,17:00,9,E09000022,6,0,6,30,3,4,6,0,0,0,4,1,1,0,0,1,1,E01003105,26-11-2018,1,1,2,1,25,5,3,0,0,0,4,-1,11,1
10909,82.19140756,22.08031913,1,3,2,1,6,08:56,9,E09000022,4,221,6,30,3,4,5,0,0,0,1,8,2,0,0,1,1,E01003159,02-12-2018,1,1,1,2,28,6,3,0,0,0,0,-1,9,1
10910,82.14552137,22.06884426,1,3,1,1,6,17:08,9,E09000022,6,0,6,30,3,4,6,0,0,0,4,2,2,0,0,1,1,E01003178,02-12-2018,1,1,1,1,30,6,3,0,0,0,0,-1,3,1
10911,82.17374915,22.0738991,1,3,3,1,3,17:20,9,E09000022,6,0,6,30,3,4,6,0,0,0,4,2,2,0,0,1,1,E01003128,06-12-2018,1,1,3,2,16,4,3,5,3,0,0,-1,0,-1
10912,82.19510193,22.05331623,1,3,1,1,2,08:50,9,E09000022,3,3036,6,30,0,-1,-1,0,0,0,1,1,1,0,0,1,1,E01003089,05-12-2018,1,1,1,1,38,7,3,0,0,0,0,-1,9,-1
10913,82.16093526,22.05273617,1,3,1,1,7,13:05,9,E09000022,4,222,6,30,7,4,6,0,0,1,1,1,1,0,0,1,1,E01003073,03-12-2018,1,1,2,1,12,3,3,0,0,2,0,-1,9,1
10914,82.18825205,22.04891567,1,3,2,1,3,18:45,9,E09000022,3,203,6,30,6,2,4,301,0,5,4,1,2,0,0,1,1,E01003103,06-12-2018,1,1,1,1,20,4,2,0,0,0,0,-1,9,1
10915,82.13584839,22.10579637,1,3,2,1,4,07:00,9,E09000022,3,3,6,30,3,4,4,301,0,0,1,1,1,0,0,1,1,E01003100,07-12-2018,1,1,1,1,8,2,3,0,0,0,0,-1,1,1
10916,82.18879886,22.07257769,1,3,2,2,5,11:45,9,E09000022,5,0,6,30,3,4,6,0,0,0,1,1,2,0,0,1,1,E01003187,08-12-2018,2,1,1,1,24,5,2,0,0,0,0,-1,5,1
10917,82.19470348,22.05630022,1,3,1,1,5,02:15,9,E09000022,4,272,6,30,6,4,5,0,0,0,4,2,2,0,0,1,1,E01003114,08-12-2018,1,1,3,1,14,3,2,1,3,0,0,-1,0,1
10918,82.13599636,22.06464994,1,3,1,1,1,18:25,9,E09000022,4,242,6,30,3,4,6,0,0,0,1,1,1,0,0,1,1,E01003118,07-08-2018,1,1,2,2,10,2,3,0,0,1,0,-1,9,1
10919,82.14096552,22.09720274,1,3,1,1,6,11:10,9,E09000022,6,0,6,30,3,4,6,0,0,0,1,1,1,0,0,1,1,E01003101,09-12-2018,1,1,2,1,25,5,3,0,0,0,4,-1,11,1
10920,82.13724798,22.07109069,1,3,3,1,7,15:50,9,E09000022,3,23,6,30,0,-1,-1,0,0,0,1,1,1,0,0,1,1,E01003117,03-12-2018,1,1,1,2,35,6,3,0,0,0,0,-1,9,1
10921,82.14091647,22.0844526,1,3,3,3,4,17:53,9,E09000022,3,215,6,30,3,4,6,0,0,0,4,1,2,0,0,1,1,E01003081,30-11-2018,1,1,1,2,47,8,3,0,0,0,0,-1,5,1
10922,82.19237627,22.05192372,1,2,1,1,6,23:04,9,E09000022,3,23,3,30,3,4,6,0,0,1,4,1,1,0,0,1,1,E01003185,09-12-2018,1,1,3,2,17,4,3,5,1,0,0,-1,0,1
10923,82.18021023,22.06952697,1,3,1,1,7,13:04,9,E09000022,5,0,6,30,3,4,6,0,0,0,1,1,2,0,0,1,1,E01003123,10-12-2018,1,2,3,2,16,4,3,5,1,0,0,-1,0,-1
10924,82.17653316,22.10148065,1,3,2,1,1,14:55,9,E09000022,6,0,6,30,3,4,6,0,0,0,1,1,1,0,0,1,1,E01003167,11-12-2018,2,1,1,1,51,8,3,0,0,0,0,-1,9,1
10925,82.11560268,22.07686391,1,3,1,1,2,07:20,9,E09000022,3,202,6,30,3,2,3,203,0,5,4,2,2,0,0,1,1,E01003102,12-12-2018,3,2,1,1,34,6,3,0,0,0,0,-1,5,1
10926,82.11900917,22.09921964,1,3,4,3,1,10:03,9,E09000022,3,214,6,30,3,2,5,0,0,5,1,1,1,0,0,1,1,E01003149,11-12-2018,1,1,1,2,28,6,3,0,0,0,0,-1,9,1
10927,82.16997992,22.05144275,1,3,1,1,2,10:25,9,E09000022,3,2217,6,30,3,4,6,0,0,0,1,1,1,0,0,1,1,E01003051,12-12-2018,1,1,1,1,28,6,3,0,0,0,0,-1,9,1
10928,82.13990153,22.05220937,1,3,2,1,4,18:25,9,E09000022,3,23,6,30,5,2,3,302,0,5,4,1,1,3,0,1,1,E01003014,14-12-2018,2,1,1,1,-1,-1,3,0,0,0,0,-1,1,-1
10929,82.1161033,22.08534176,1,3,2,1,6,21:00,9,E09000022,5,0,1,30,1,4,6,0,0,0,4,1,1,0,0,1,1,E01003160,02-12-2018,2,1,1,2,-1,-1,3,0,0,0,0,-1,9,-1
10930,82.12104764,22.07304922,1,3,2,1,3,20:56,9,E09000022,6,0,6,30,0,-1,-1,0,0,0,4,1,2,0,0,1,1,E01003139,13-12-2018,2,1,1,2,27,6,3,0,0,0,0,-1,9,1
10931,82.14906126,22.07885719,1,2,1,1,5,18:20,9,E09000022,3,203,6,30,6,4,3,203,0,7,4,1,1,0,0,1,1,E01003102,15-12-2018,1,1,1,2,20,4,3,0,0,0,0,-1,9,1
10932,82.11375359,22.0805024,1,3,1,1,6,16:56,9,E09000022,4,232,6,30,0,-1,-1,0,0,0,4,1,1,0,0,1,1,E01003086,16-12-2018,1,2,2,2,-1,-1,3,0,0,1,0,-1,9,1
10933,82.1370015,22.05629286,1,3,1,1,6,16:30,9,E09000022,3,23,6,30,3,4,6,0,0,0,4,1,1,0,0,1,1,E01003045,16-12-2018,1,3,2,2,-1,-1,3,0,0,2,0,-1,9,1
10934,82.17573695,22.06395078,1,3,2,1,6,21:20,9,E09000022,3,203,6,30,3,2,3,3204,0,5,4,1,1,0,0,1,2,E01003102,02-12-2018,2,1,2,2,50,8,3,0,0,1,0,-1,9,1
10935,82.15510806,22.07416692,1,3,3,1,6,18:35,9,E09000022,6,0,6,30,3,2,6,0,0,0,4,1,1,0,0,1,2,E01003012,16-12-2018,1,1,1,1,27,6,3,0,0,0,0,-1,9,-1
10936,82.11227264,22.0583553,1,3,2,1,4,20:30,9,E09000022,4,221,6,30,3,4,6,0,0,0,4,1,2,0,0,1,2,E01003090,07-12-2018,1,1,1,1,44,7,3,0,0,0,0,-1,1,-1
10937,82.18304539,22.10616719,1,3,1,1,7,07:00,9,E09000022,6,0,6,30,3,4,6,0,0,0,1,7,4,0,0,1,1,E01003068,10-12-2018,1,1,1,1,33,6,3,0,0,0,0,-1,5,1
10938,82.13844548,22.08884105,1,3,1,1,4,17:09,9,E09000022,4,272,3,30,6,4,5,0,0,1,4,1,1,0,0,1,1,E01003115,07-12-2018,1,1,1,1,31,6,3,0,0,0,0,-1,9,1
10939,82.12815978,22.10368329,1,2,1,1,6,00:20,9,E09000022,3,3204,6,30,3,4,6,0,0,1,4,2,2,0,0,1,1,E01003101,16-12-2018,1,1,1,1,47,8,3,0,0,0,0,-1,5,1
10940,82.16760826,22.07241112,1,3,2,1,3,07:42,9,E09000022,3,23,6,30,3,4,6,0,0,4,1,1,1,0,0,1,1,E01003013,20-12-2018,1,1,1,2,27,6,3,0,0,0,0,-1,4,-1
10941,82.1763811,22.09751314,1,3,2,1,2,18:34,9,E09000022,3,205,6,30,8,4,6,0,0,0,4,1,1,0,0,1,1,E01003164,14-11-2018,1,1,1,1,-1,-1,3,0,0,0,0,-1,9,1
10942,82.1625916,22.09869894,1,3,1,1,2,12:19,9,E09000022,6,0,6,30,3,4,6,0,0,0,1,1,1,0,0,1,1,E01003120,21-11-2018,1,1,1,2,45,7,3,0,0,0,0,-1,9,1
10943,82.14905139,22.06437349,1,2,2,1,7,08:00,9,E09000022,3,203,3,30,7,2,3,202,0,5,4,2,2,2,0,1,1,E01003102,26-11-2018,1,1,1,1,30,6,3,0,0,0,0,-1,5,1
10944,82.11893685,22.0911084,1,2,1,1,6,12:35,9,E09000022,3,23,6,30,3,4,6,0,0,0,1,1,1,0,0,1,1,E01003047,04-11-2018,2,1,2,2,-1,-1,3,0,0,1,0,-1,9,1
10945,82.16771296,22.07128615,1,3,1,1,5,00:15,9,E09000022,6,0,6,30,3,4,6,0,0,0,4,1,2,0,0,1,1,E01003092,01-12-2018,2,2,2,2,48,8,3,0,0,2,0,-1,9,1
10946,82.1695402,22.06767759,1,3,2,2,7,15:58,1,E09000033,3,202,3,30,3,4,6,0,0,0,4,1,1,0,0,1,1,E01004740,03-12-2018,2,1,1,1,34,6,3,0,0,0,0,-1,21,-1
10947,82.18235457,22.10471064,1,3,2,1,3,13:45,9,E09000022,3,204,6,30,0,-1,-1,0,0,0,1,1,1,0,0,1,1,E01003172,06-12-2018,1,1,1,1,33,6,3,0,0,0,0,-1,9,-1
10948,82.1200742,22.09105315,1,3,2,1,3,08:07,20,E09000008,3,214,6,30,6,4,6,0,0,0,1,1,2,0,0,1,1,E01001162,06-12-2018,1,1,1,1,22,5,3,0,0,0,0,-1,9,1
10949,82.19085891,22.07996637,1,3,2,1,3,08:19,9,E09000022,3,23,3,30,3,4,6,0,0,0,1,1,1,0,0,1,1,E01003114,06-12-2018,2,2,2,2,17,4,3,0,0,2,0,-1,9,1
10950,82.1299659,22.09709738,1,2,2,1,5,08:00,9,E09000022,3,23,6,30,3,4,6,0,0,0,1,1,1,0,0,1,1,E01003147,15-12-2018,1,1,1,2,41,7,3,0,0,0,0,-1,9,1
10951,82.10887695,22.09365041,1,3,2,1,5,03:02,9,E09000022,3,23,6,30,3,2,4,223,0,0,4,2,2,0,0,1,2,E01003055,08-12-2018,2,2,1,1,54,8,3,0,0,0,0,-1,19,1
10952,82.11651408,22.05521717,1,3,2,1,6,01:20,9,E09000022,3,23,3,30,3,4,5,0,0,0,4,1,2,0,0,1,2,E01003153,30-12-2018,1,1,2,1,24,5,3,0,0,1,0,-1,9,-1
10953,82.17834216,22.07487303,1,3,4,1,5,15:50,9,E09000022,3,205,6,30,3,4,6,0,0,0,4,2,2,0,0,1,1,E01003031,01-12-2018,1,1,1,1,30,6,2,0,0,0,0,-1,5,-1
10954,82.13693658,22.06794585,1,3,2,1,5,09:15,9,E09000022,3,23,6,30,3,4,6,0,0,0,1,7,2,0,0,1,1,E01003023,08-12-2018,3,1,1,2,49,8,3,0,0,0,0,-1,9,1
10955,82.18706294,22.10799336,1,2,2,1,5,00:30,9,E09000022,3,3,6,30,0,-1,-1,0,0,5,4,1,2,0,0,1,1,E01003041,08-12-2018,3,2,2,2,59,9,3,0,0,1,0,-1,9,-1
10956,82.18596201,22.05856014,1,3,2,1,7,13:55,9,E09000022,3,205,6,30,6,2,4,221,0,0,1,1,1,0,0,1,1,E01003162,10-12-2018,1,1,3,1,41,7,3,5,1,0,0,-1,0,-1
10957,82.16363673,22.05820584,1,3,2,1,6,19:54,9,E09000022,6,0,6,30,8,4,6,0,0,0,4,1,1,0,0,1,1,E01003114,09-12-2018,1,1,1,1,39,7,3,0,0,0,0,-1,9,-1
10958,82.15001906,22.06746362,1,3,1,1,4,16:28,9,E09000022,3,2217,3,30,3,4,6,0,0,0,4,1,1,0,0,1,1,E01003047,14-12-2018,1,1,1,1,44,7,3,0,0,0,0,-1,5,1
10959,82.17714237,22.0583419,1,3,2,1,7,23:14,9,E09000022,3,23,6,30,3,4,6,0,0,0,4,9,1,0,1,1,1,E01003145,10-12-2018,3,2,2,2,17,4,3,0,0,1,0,-1,9,1
10960,82.19145116,22.05903431,1,2,3,1,6,08:07,9,E09000022,4,223,6,30,3,4,6,0,0,0,1,1,1,0,0,1,1,E01003043,16-12-2018,1,1,2,2,26,6,3,0,0,1,0,-1,9,1
10961,82.12209576,22.05873116,1,3,1,1,2,21:40,9,E09000022,3,23,6,30,7,2,3,2217,0,0,4,1,1,0,0,1,1,E01003047,19-12-2018,1,1,1,2,56,9,3,0,0,0,0,-1,9,1
10962,82.11588704,22.06489719,1,3,1,1,3,10:00,9,E09000022,3,3204,3,30,3,2,3,23,0,0,1,1,1,0,0,1,1,E01003107,20-12-2018,1,1,2,1,26,6,3,0,0,1,0,-1,9,1
10963,82.12696197,22.09641528,1,3,1,1,4,09:05,9,E09000022,3,204,2,30,0,-1,-1,0,0,0,1,8,2,0,0,1,1,E01003176,21-12-2018,1,1,1,1,16,4,3,0,0,0,0,-1,2,1
10964,82.11555863,22.05971197,1,3,2,1,4,10:05,10,E09000032,5,0,6,30,3,4,5,0,0,0,1,1,1,0,0,1,1,E01004475,21-12-2018,1,1,3,1,5,1,3,5,1,0,0,-1,0,-1
10965,82.12857081,22.05866206,1,3,1,1,7,07:20,9,E09000022,3,204,6,30,0,-1,-1,0,0,0,1,1,2,0,0,1,1,E01003176,26-11-2018,1,1,1,1,-1,-1,3,0,0,0,0,-1,1,1
10966,82.11543123,22.07308886,1,3,1,1,2,08:19,9,E09000022,3,23,6,30,3,4,6,0,0,0,1,2,2,0,0,1,1,E01003024,28-11-2018,2,1,1,1,29,6,3,0,0,0,0,-1,2,1
10967,82.11571724,22.09922975,1,3,2,1,7,13:33,9,E09000022,3,24,6,30,3,2,4,224,0,5,1,1,1,0,0,1,1,E01003032,31-12-2018,1,1,1,1,19,4,3,0,0,0,0,-1,9,1
10968,82.19325812,22.06446871,1,3,2,1,7,16:45,9,E09000022,3,2214,6,30,3,4,4,223,0,0,4,1,1,0,0,1,1,E01003074,31-12-2018,1,1,1,1,35,6,3,0,0,0,0,-1,9,1
10969,82.18750129,22.10431297,1,3,1,1,5,18:45,9,E09000022,5,0,6,30,3,4,6,0,0,0,4,1,1,0,0,1,1,E01004473,15-12-2018,1,2,2,2,32,6,3,0,0,1,0,-1,9,-1
10970,82.17495475,22.05279404,1,3,2,1,2,15:00,9,E09000022,3,23,6,30,0,-1,-1,0,0,0,1,1,1,0,0,1,1,E01003018,12-12-2018,1,1,1,1,39,7,3,0,0,0,0,-1,9,-1
10971,82.18096215,22.09372229,1,3,3,1,5,17:43,9,E09000022,3,23,3,30,3,4,6,0,0,0,4,1,1,0,0,1,1,E01003186,15-12-2018,1,1,1,2,24,5,3,0,0,0,0,-1,9,-1
10972,82.1941957,22.05818989,1,3,3,2,4,17:30,9,E09000022,5,0,6,30,0,-1,-1,0,0,5,1,1,1,0,0,1,1,E01003073,21-12-2018,1,1,1,2,27,6,3,0,0,0,0,-1,9,1
10973,82.19571277,22.09616025,1,3,1,1,6,21:50,9,E09000022,3,215,3,30,3,4,6,0,0,0,4,1,1,0,0,1,1,E01003166,16-12-2018,1,1,1,1,34,6,3,0,0,0,0,-1,3,1
10974,82.14849815,22.09168861,1,3,1,1,6,08:12,9,E09000022,3,214,3,30,3,4,6,0,0,0,1,1,2,0,0,1,1,E01003149,16-12-2018,1,1,1,1,16,4,3,0,0,0,0,-1,2,1
10975,82.16354176,22.07953033,1,3,1,1,6,09:30,9,E09000022,3,202,6,30,6,4,5,0,0,4,1,1,1,0,0,1,1,E01003180,16-12-2018,1,1,3,1,15,3,3,5,1,0,0,-1,0,-1
10976,82.17540815,22.08539328,1,3,2,1,3,14:04,9,E09000022,6,0,6,30,9,4,6,0,0,0,1,1,1,0,0,1,1,E01003122,20-12-2018,1,1,1,1,36,7,3,0,0,0,0,-1,5,1
10977,82.16877709,22.05140886,1,3,2,1,4,10:50,9,E09000022,3,3,6,30,3,4,6,0,0,0,1,1,1,0,0,1,1,E01003100,21-12-2018,2,1,1,2,51,8,3,0,0,0,0,-1,9,1
10978,82.14874746,22.10493219,1,3,1,1,4,07:45,9,E09000022,3,203,6,30,7,2,3,3,0,5,1,1,2,0,0,1,1,E01003126,28-12-2018,1,1,1,1,29,6,3,0,0,0,0,-1,9,1
10979,82.16627465,22.10762458,1,3,2,1,7,09:00,9,E09000022,3,2199,3,30,6,4,5,0,0,0,1,1,1,0,0,1,1,E01004069,24-12-2018,1,1,3,2,14,3,3,5,3,0,0,-1,0,1
10980,82.16805237,22.07902663,1,3,2,1,6,20:34,9,E09000022,3,23,3,30,7,2,3,2217,0,5,4,1,1,0,0,1,1,E01003050,09-12-2018,1,2,1,2,44,7,3,0,0,0,0,-1,9,1
10981,82.19483211,22.07134424,1,3,1,2,7,12:37,9,E09000022,3,3,3,30,3,2,3,23,0,0,1,1,1,4,0,1,1,E01003099,24-12-2018,2,1,1,1,53,8,3,0,0,0,0,-1,9,1
10982,82.12448191,22.0902498,1,3,2,2,4,15:30,9,E09000022,5,0,1,30,1,4,5,0,0,0,1,8,2,0,0,1,1,E01003149,28-12-2018,1,1,1,1,26,6,3,0,0,0,0,-1,19,1
10983,82.16928353,22.05604555,1,3,1,1,3,14:34,9,E09000022,3,301,3,30,3,2,6,0,0,5,1,1,2,0,0,1,1,E01003012,27-12-2018,2,2,1,1,48,8,3,0,0,0,0,-1,9,1
10984,82.14507236,22.08491311,1,3,2,2,4,15:40,20,E09000008,3,214,6,30,0,-1,-1,0,0,0,1,1,2,0,0,1,1,E01001164,28-12-2018,1,1,1,1,28,6,3,0,0,0,0,-1,1,-1
10985,82.14664064,22.05499141,1,3,1,1,3,10:00,9,E09000022,3,204,6,30,6,4,6,0,0,0,1,1,1,0,0,1,1,E01003174,06-12-2018,1,1,1,1,53,8,3,0,0,0,0,-1,19,1
10986,82.15118429,22.09974776,1,3,2,1,3,09:52,9,E09000022,3,23,6,30,6,2,3,205,0,5,1,1,1,0,0,1,1,E01003023,13-12-2018,1,2,2,1,-1,-1,3,0,0,0,0,-1,19,1
10987,82.15565889,22.05175594,1,3,1,1,4,09:33,9,E09000022,3,2217,6,30,3,4,6,0,0,0,1,1,1,0,0,1,1,E01003051,16-11-2018,1,1,2,2,17,4,3,0,0,0,0,-1,2,-1