Accident_Index,longitude,latitude,Police_Force,Accident_Severity,Number_of_Vehicles,Number_of_Casualties,Day_of_Week,Time,Local_Authority_(District),Local_Authority_(Highway),1st_Road_Class,1st_Road_Number,Road_Type,Speed_limit,Junction_Detail,Junction_Control,2nd_Road_Class,2nd_Road_Number,Pedestrian_Crossing-Human_Control,Pedestrian_Crossing-Physical_Facilities,Light_Conditions,Weather_Conditions,Road_Surface_Conditions,Special_Conditions_at_Site,Carriageway_Hazards,Urban_or_Rural_Area,Did_Police_Officer_Attend_Scene_of_Accident,LSOA_of_Accident_Location,Date,Vehicle_Reference,Casualty_Reference,Casualty_Class,Sex_of_Casualty,Age_of_Casualty,Age_Band_of_Casualty,Casualty_Severity,Pedestrian_Location,Pedestrian_Movement,Car_Passenger,Bus_or_Coach_Passenger,Pedestrian_Road_Maintenance_Worker,Casualty_Type,Casualty_Home_Area_Type
11110,82.16343909,22.05494376,1,3,2,1,1,17:27,8,E09000028,3,215,6,30,6,2,5,0,0,0,4,1,2,0,0,1,1,E01003924,20-02-2018,1,2,1,2,41,7,3,0,0,0,0,-1,9,-1
11111,82.18085178,22.10164426,1,3,2,1,2,17:55,8,E09000028,3,215,6,30,6,2,4,214,0,0,4,1,1,0,0,1,1,E01003923,21-02-2018,1,1,1,1,33,6,3,0,0,0,0,-1,9,1
11112,82.12958171,22.09821747,1,3,2,1,2,23:00,8,E09000028,3,100,6,30,6,2,4,202,0,5,4,6,3,0,0,1,1,E01003976,21-02-2018,1,2,2,2,24,5,3,0,0,1,0,-1,9,1
11113,82.1083781,22.0789757,1,3,2,1,3,16:30,8,E09000028,5,0,6,30,6,4,6,0,0,0,1,1,1,0,0,1,1,E01003977,22-02-2018,2,3,1,1,27,6,3,0,0,0,0,-1,9,-1
11114,82.11546744,22.05746509,1,3,3,2,3,19:34,8,E09000028,3,2216,6,30,0,-1,-1,0,0,0,4,3,2,0,0,1,1,E01004072,22-02-2018,1,1,1,2,57,9,3,0,0,0,0,-1,9,1
11115,82.14528078,22.09713876,1,3,2,1,1,14:10,8,E09000028,5,0,6,30,0,-1,-1,0,0,0,1,1,1,0,0,1,1,E01004002,27-02-2018,1,1,2,2,18,4,3,0,0,1,0,-1,9,-1
11116,82.18727604,22.08622369,1,3,2,1,2,11:10,8,E09000028,4,214,6,30,0,-1,-1,0,0,0,1,1,1,0,0,1,1,E01004040,28-02-2018,1,2,2,1,21,5,3,0,0,2,0,-1,9,1
11117,82.18579662,22.07901122,1,3,2,1,2,17:53,8,E09000028,6,0,6,30,3,4,6,0,0,0,4,3,3,0,0,1,1,E01004007,28-02-2018,1,1,2,2,20,4,3,0,0,1,0,-1,9,1
11118,82.1210675,22.07190831,1,2,2,5,5,02:04,8,E09000028,3,215,6,30,6,2,5,0,0,5,4,2,2,0,0,1,1,E01003924,10-02-2018,1,2,2,2,19,4,3,0,0,2,0,-1,9,1
11119,82.15037551,22.06555823,1,3,2,1,5,07:30,8,E09000028,3,212,1,30,1,4,6,0,0,1,1,3,3,0,0,1,1,E01003948,24-02-2018,1,1,3,1,11,3,3,5,3,0,0,-1,0,-1
11120,82.16494895,22.05053982,1,3,2,2,1,18:35,8,E09000028,3,2199,1,30,1,4,3,2199,0,5,4,1,1,0,0,1,1,E01003946,27-02-2018,1,1,2,2,79,11,3,0,0,1,0,-1,9,1
11121,82.11864759,22.06594953,1,3,1,1,3,15:51,8,E09000028,6,0,6,30,3,4,6,0,0,0,1,1,1,0,0,1,1,E01004008,22-02-2018,2,2,2,2,37,7,3,0,0,1,0,-1,9,-1
11122,82.15230639,22.0674703,1,3,2,1,5,15:35,8,E09000028,6,0,6,30,3,4,6,0,0,0,1,1,1,0,0,1,1,E01003978,03-02-2018,2,3,1,2,47,8,3,0,0,0,0,-1,9,1
11123,82.19442273,22.0506953,1,3,2,1,3,15:00,8,E09000028,3,2216,6,30,3,4,4,219,0,0,1,1,1,0,0,1,2,E01004075,15-02-2018,1,1,1,2,20,4,3,0,0,0,0,-1,9,1
11124,82.17272796,22.08076858,1,3,2,1,5,18:00,8,E09000028,6,0,6,30,2,4,6,0,0,0,4,2,2,0,0,1,2,E01003965,17-02-2018,1,1,1,2,34,6,3,0,0,0,0,-1,9,2
11125,82.15003011,22.07350707,1,3,2,1,4,18:40,8,E09000028,3,215,6,30,3,4,6,0,0,0,4,1,1,0,0,1,2,E01003076,16-02-2018,1,1,1,2,37,7,3,0,0,0,0,-1,9,1
11126,82.13984021,22.06621843,1,3,1,1,5,19:25,8,E09000028,6,0,6,30,0,-1,-1,0,0,1,4,2,2,0,0,1,2,E01004068,17-02-2018,1,1,3,2,20,4,3,5,1,0,0,-1,0,1
11127,82.1788958,22.05843712,1,3,2,1,7,13:40,8,E09000028,3,215,6,30,3,4,3,215,0,1,1,1,1,0,0,1,2,E01003969,19-02-2018,1,1,1,1,33,6,3,0,0,0,0,-1,9,1
11128,82.12422702,22.06642533,1,3,2,1,7,00:45,9,E09000022,3,3,6,30,3,2,5,0,0,5,4,1,1,0,0,1,2,E01003108,19-02-2018,1,1,1,1,24,5,2,0,0,0,0,-1,9,-1
11129,82.17009824,22.06353636,1,3,1,1,2,09:49,8,E09000028,3,3,6,30,0,-1,-1,0,0,0,1,1,1,0,0,1,2,E01003929,21-02-2018,1,3,2,1,23,5,2,0,0,2,0,-1,9,1
11130,82.18021924,22.05051601,1,3,2,1,2,07:00,8,E09000028,3,202,6,30,3,2,3,202,0,5,1,1,1,0,0,1,2,E01004067,21-02-2018,1,4,2,1,19,4,2,0,0,2,0,-1,9,1
11131,82.16948132,22.05562309,1,3,1,1,7,11:35,8,E09000028,3,201,6,30,3,4,5,0,0,4,1,1,1,0,0,1,1,E01003932,26-02-2018,2,2,1,1,20,4,2,0,0,0,0,-1,9,1
11132,82.12481082,22.06278089,1,3,1,1,6,19:06,8,E09000028,3,202,6,30,6,2,3,215,0,5,4,1,2,0,0,1,1,E01003921,18-02-2018,1,1,1,1,37,7,3,0,0,0,0,-1,19,1
11133,82.15190671,22.05711069,1,3,2,1,6,15:15,8,E09000028,5,0,6,30,6,2,3,2214,0,5,1,1,1,0,0,1,2,E01004073,25-02-2018,2,2,1,1,35,6,3,0,0,0,0,-1,9,1
11134,82.11899788,22.09966708,1,3,3,1,7,05:40,8,E09000028,3,3,1,30,1,4,3,215,0,7,4,1,1,0,0,1,3,E01003933,01-01-2018,1,1,2,1,9,2,3,0,0,2,0,-1,9,1
11135,82.11089801,22.07123155,1,3,2,1,2,08:55,8,E09000028,3,205,6,30,8,4,6,0,0,0,1,1,1,0,0,1,2,E01003951,28-02-2018,2,1,1,1,18,4,3,0,0,0,0,-1,1,1
11136,82.1509451,22.05628302,1,3,2,1,4,09:00,8,E09000028,3,100,3,30,6,2,3,200,0,5,1,3,3,0,0,1,2,E01004027,23-02-2018,1,1,3,1,-1,-1,2,5,1,0,0,-1,0,-1
11137,82.19467266,22.09296081,1,3,2,1,3,14:00,8,E09000028,3,215,6,30,3,4,6,0,0,1,1,1,1,0,0,1,2,E01003997,08-03-2018,1,1,1,2,42,7,3,0,0,0,0,-1,9,1
11138,82.11258239,22.07308847,1,3,2,1,3,18:33,8,E09000028,4,214,1,30,1,4,4,204,0,1,4,2,2,0,0,1,1,E01004039,01-03-2018,1,1,1,1,39,7,3,0,0,0,0,-1,9,1
11139,82.15515041,22.07906011,1,3,1,1,3,10:00,8,E09000028,6,0,6,30,3,4,6,0,0,0,1,1,2,0,0,1,1,E01003974,01-03-2018,2,1,1,2,48,8,3,0,0,0,0,-1,9,1
11140,82.16880324,22.08590225,1,3,2,1,5,11:18,8,E09000028,3,3,6,30,6,2,4,240,0,0,1,1,1,0,0,1,1,E01003927,03-03-2018,1,1,2,2,35,6,3,0,0,0,4,-1,11,1
11141,82.17768485,22.09344666,1,3,2,1,4,00:08,8,E09000028,3,300,6,30,6,2,3,3202,0,5,4,2,2,0,0,1,1,E01003932,02-03-2018,1,1,1,1,20,4,3,0,0,0,0,-1,9,1
11142,82.1302413,22.08960774,1,3,1,1,4,14:40,8,E09000028,3,202,6,30,0,-1,-1,0,0,0,1,2,2,0,0,1,1,E01003911,02-03-2018,1,1,3,2,35,6,3,5,3,0,0,-1,0,1
11143,82.17575898,22.10664804,1,3,2,1,4,09:43,8,E09000028,4,238,6,30,3,4,6,0,0,0,1,2,2,0,0,1,1,E01004015,02-03-2018,1,1,2,2,76,11,3,0,0,0,3,-1,11,1
11144,82.10711218,22.05382311,1,3,2,3,6,13:10,8,E09000028,6,0,6,30,6,2,6,0,0,0,1,2,2,0,0,1,1,E01004031,04-03-2018,1,1,1,1,37,7,3,0,0,0,0,-1,3,1
11145,82.15755294,22.05988482,1,3,2,1,6,02:00,8,E09000028,3,2,6,30,6,2,4,214,0,5,4,1,1,0,0,1,1,E01004040,04-03-2018,2,1,1,1,18,4,3,0,0,0,0,-1,2,-1
11146,82.11146966,22.06854398,1,3,3,1,2,09:00,8,E09000028,6,0,6,30,0,-1,-1,0,0,0,1,1,1,0,0,1,1,E01003957,07-03-2018,2,1,1,1,8,2,3,0,0,0,0,-1,1,-1
11147,82.12504938,22.10718594,1,3,2,1,2,16:50,8,E09000028,6,0,1,30,1,4,6,0,0,0,1,1,1,0,0,1,1,E01003965,07-03-2018,2,1,1,2,29,6,3,0,0,0,0,-1,9,1
11148,82.1080165,22.08636545,1,3,1,1,2,17:00,8,E09000028,3,2208,6,30,3,4,3,200,0,1,1,1,1,0,0,1,1,E01004036,14-03-2018,1,1,1,1,32,6,3,0,0,0,0,-1,5,1
11149,82.13198671,22.09444635,1,3,2,1,4,06:45,8,E09000028,3,215,6,30,3,4,6,0,0,0,1,1,1,0,0,1,1,E01003997,16-03-2018,1,1,2,2,29,6,3,0,0,1,0,-1,9,1
11150,82.12048034,22.09223277,1,3,2,1,1,02:28,8,E09000028,3,2,6,30,3,2,4,215,0,5,4,1,1,0,0,1,1,E01003964,13-03-2018,1,1,1,1,37,7,3,0,0,0,0,-1,9,1
11151,82.11432236,22.06338285,1,3,1,1,7,13:30,8,E09000028,3,2,6,30,0,-1,-1,0,0,1,1,1,1,0,0,1,2,E01003966,19-03-2018,1,1,1,2,58,9,3,0,0,0,0,-1,9,1
11152,82.11767663,22.05927399,1,3,2,2,6,20:55,8,E09000028,3,3,1,30,1,4,3,302,0,0,4,1,1,0,0,1,2,E01003933,18-03-2018,1,1,1,1,26,6,3,0,0,0,0,-1,9,1
11153,82.11073067,22.06100513,1,3,2,1,7,11:45,8,E09000028,3,205,6,30,3,2,6,0,0,5,1,1,1,0,0,1,2,E01003949,19-02-2018,1,2,2,1,-1,-1,3,0,0,1,0,-1,9,-1
11154,82.15676669,22.06126816,1,3,2,1,4,07:30,8,E09000028,6,0,6,30,3,4,6,0,0,0,1,1,1,0,0,1,2,E01004028,23-03-2018,1,1,1,1,29,6,2,0,0,0,0,-1,90,1
11155,82.1774731,22.08022033,1,3,2,1,6,11:39,8,E09000028,6,0,2,30,0,-1,-1,0,0,0,1,1,1,0,0,1,1,E01004068,14-01-2018,1,1,1,1,56,9,3,0,0,0,0,-1,9,1
11156,82.16136587,22.10368707,1,3,2,1,2,07:24,8,E09000028,6,0,6,30,6,4,6,0,0,1,1,1,1,0,0,1,1,E01003965,28-02-2018,1,2,2,2,50,8,3,0,0,1,0,-1,9,1
11157,82.16499601,22.05003296,1,3,1,1,2,08:28,8,E09000028,3,202,6,30,0,-1,-1,0,0,0,1,1,1,0,0,1,1,E01004013,28-02-2018,1,1,3,1,15,3,3,5,1,0,0,-1,0,-1
11158,82.1359048,22.06459578,1,3,2,1,6,17:06,8,E09000028,6,0,6,30,0,-1,-1,0,0,0,1,1,1,0,0,1,1,E01003980,11-03-2018,1,1,2,2,-1,-1,3,0,0,0,4,-1,11,-1
11159,82.18532608,22.10524884,1,3,1,1,7,12:49,8,E09000028,3,2215,6,30,6,4,6,0,0,1,1,1,1,0,0,1,1,E01004062,12-03-2018,1,1,1,2,25,5,3,0,0,0,0,-1,9,1
11160,82.16352002,22.06521837,1,3,1,1,7,11:22,8,E09000028,3,202,6,30,0,-1,-1,0,0,0,1,1,1,0,0,1,1,E01004067,12-03-2018,1,1,1,1,17,4,3,0,0,0,0,-1,2,1
11161,82.11007691,22.0835177,1,3,1,1,1,16:05,8,E09000028,3,2198,6,30,0,-1,-1,0,0,1,1,1,1,0,0,1,1,E01003938,13-03-2018,1,1,1,1,39,7,3,0,0,0,0,-1,19,1
11162,82.18013909,22.06198998,1,3,2,1,1,13:36,8,E09000028,3,215,6,30,3,4,6,0,0,4,1,1,1,0,0,1,1,E01003996,13-03-2018,2,1,1,1,57,9,3,0,0,0,0,-1,3,1
11163,82.14809605,22.1042703,1,3,1,2,2,21:25,8,E09000028,3,201,1,30,1,4,3,3,0,0,4,1,1,0,0,1,1,E01003932,14-03-2018,2,1,1,1,20,4,3,0,0,0,0,-1,1,-1
11164,82.18855279,22.08207388,1,3,1,1,4,18:51,8,E09000028,3,2216,1,30,1,4,6,0,0,1,4,1,1,0,0,1,1,E01003953,16-03-2018,1,1,3,2,2,1,3,5,1,0,0,-1,0,1
11165,82.12906424,22.06919959,1,3,2,2,5,21:45,8,E09000028,3,2208,2,30,3,4,3,2208,0,0,4,1,1,0,0,1,1,E01004036,17-03-2018,2,1,1,1,14,3,3,0,0,0,0,-1,1,-1
11166,82.11556416,22.1001076,1,3,2,1,5,17:55,8,E09000028,6,0,6,30,3,4,6,0,0,0,1,1,1,0,0,1,1,E01003992,17-03-2018,1,1,1,1,16,4,3,0,0,0,0,-1,2,1
11167,82.17468977,22.06015238,1,3,2,1,4,18:15,8,E09000028,5,0,6,30,3,4,6,0,0,0,1,1,1,0,0,1,2,E01004020,02-03-2018,1,1,1,1,43,7,3,0,0,0,0,-1,1,1
11168,82.15833878,22.04993872,1,3,2,1,6,09:25,8,E09000028,3,100,6,30,6,2,3,2206,0,5,1,1,1,0,0,1,1,E01003941,11-03-2018,1,1,1,1,21,5,3,0,0,0,0,-1,9,1
11169,82.1477583,22.07981282,1,3,2,1,3,15:43,8,E09000028,3,2,6,30,0,-1,-1,0,0,0,1,1,1,0,0,1,1,E01003966,22-03-2018,2,2,1,2,18,4,3,0,0,0,0,-1,9,1
11170,82.13078662,22.10696842,1,3,1,1,4,16:45,8,E09000028,3,215,6,30,0,-1,-1,0,0,0,1,1,1,0,0,1,1,E01003078,23-03-2018,1,1,3,2,16,4,3,5,1,0,0,-1,0,1
11171,82.14403618,22.09008661,1,3,2,1,6,17:21,8,E09000028,3,2216,6,30,6,4,6,0,0,0,1,1,1,0,0,1,1,E01004072,18-03-2018,1,1,1,1,59,9,3,0,0,0,0,-1,9,1
11172,82.11716006,22.05816784,1,3,2,1,4,12:15,8,E09000028,4,219,6,30,3,4,4,238,0,1,1,1,1,0,0,1,1,E01004015,23-02-2018,1,1,3,2,15,3,3,5,1,0,0,-1,0,-1
11173,82.13240624,22.09171121,1,3,2,2,5,08:57,8,E09000028,6,0,6,30,3,4,6,0,0,0,1,1,1,0,0,1,1,E01004033,17-03-2018,1,2,3,2,-1,-1,3,5,1,0,0,-1,0,-1
11174,82.12215911,22.08358271,1,3,1,1,4,18:00,8,E09000028,3,2215,6,30,6,4,6,0,0,1,1,1,1,0,0,1,1,E01004062,23-03-2018,1,1,2,2,28,6,3,0,0,1,0,-1,9,1
11175,82.13214073,22.05663163,1,3,2,1,4,13:40,8,E09000028,6,0,6,30,0,-1,-1,0,0,0,1,1,1,0,0,1,1,E01003918,23-03-2018,1,2,2,2,6,2,3,0,0,2,0,-1,9,1
11176,82.12200138,22.05233816,1,3,2,1,2,18:40,8,E09000028,3,200,6,30,3,4,3,200,0,0,4,1,1,0,0,1,1,E01004027,07-03-2018,1,1,1,1,17,4,3,0,0,0,0,-1,2,1
11177,82.14310438,22.0696663,1,3,1,1,3,10:00,8,E09000028,3,101,1,30,1,4,3,200,0,1,1,2,2,0,0,1,1,E01004033,22-03-2018,1,1,3,2,80,11,3,6,9,0,0,-1,0,-1
11178,82.12873686,22.05475959,1,3,2,1,3,14:15,8,E09000028,3,200,6,30,3,4,3,200,0,1,1,1,1,0,0,1,1,E01004027,22-03-2018,2,1,1,1,45,7,3,0,0,0,0,-1,4,1
11179,82.14748022,22.0583052,1,3,2,1,5,10:55,8,E09000028,6,0,3,30,6,4,6,0,0,0,1,1,1,0,0,1,1,E01004063,27-01-2018,1,1,3,2,-1,-1,3,5,3,0,0,-1,0,-1
11180,82.18597919,22.10043098,1,3,1,1,5,12:51,8,E09000028,6,0,6,30,3,4,6,0,0,0,1,1,1,0,0,1,1,E01003969,17-03-2018,2,1,1,1,78,11,3,0,0,0,0,-1,1,-1
11181,82.13390627,22.06825467,1,3,2,1,6,11:11,8,E09000028,3,2,1,30,1,2,3,2,0,5,1,1,1,0,0,1,1,E01003941,18-03-2018,1,1,1,2,22,5,3,0,0,0,0,-1,9,1
11182,82.1754652,22.09301126,1,3,1,1,2,16:30,8,E09000028,3,2208,2,30,3,4,3,200,0,1,1,1,1,0,0,1,1,E01004036,14-03-2018,1,2,2,1,26,6,3,0,0,1,0,-1,9,-1
11183,82.17489341,22.06214228,1,3,2,1,6,06:07,8,E09000028,3,202,3,30,3,4,6,0,0,0,4,1,1,0,0,1,1,E01003921,18-03-2018,1,1,3,2,9,2,2,9,5,0,0,-1,0,1
11184,82.1279855,22.06650819,1,3,1,1,5,18:32,8,E09000028,5,0,6,30,3,4,6,0,0,0,4,1,1,0,0,1,1,E01004002,17-03-2018,1,1,1,2,41,7,3,0,0,0,0,-1,9,1
11185,82.11608117,22.07647408,1,3,2,1,4,11:59,8,E09000028,3,215,6,30,3,4,6,0,0,0,1,1,1,0,0,1,1,E01003959,16-03-2018,1,1,1,1,37,7,3,0,0,0,0,-1,9,1
11186,82.12446152,22.07788411,1,3,2,1,3,08:45,7,E09000023,5,0,6,30,8,4,5,0,0,0,1,1,1,0,0,1,1,E01003945,15-03-2018,1,1,2,1,80,11,3,0,0,1,0,-1,9,1
11187,82.14280675,22.07569006,1,3,2,1,6,16:25,8,E09000028,3,2202,1,30,1,4,6,0,0,0,1,1,1,0,0,1,1,E01004059,11-03-2018,1,1,2,1,57,9,3,0,0,0,3,-1,11,1
11188,82.17945811,22.07257814,1,3,2,2,2,19:20,8,E09000028,3,2216,6,30,3,4,6,0,0,0,4,1,1,0,0,1,1,E01004075,21-03-2018,1,1,1,1,6,2,3,0,0,0,0,-1,1,1
11189,82.14726086,22.09245768,1,3,2,1,2,14:00,8,E09000028,6,0,6,30,0,-1,-1,0,0,0,1,1,1,0,0,1,1,E01003964,21-03-2018,1,1,2,2,15,3,3,0,0,2,0,-1,9,1
11190,82.15431009,22.05299967,1,3,2,2,7,14:00,8,E09000028,5,0,6,30,3,2,3,2,0,5,1,1,1,0,0,1,1,E01004003,19-03-2018,1,1,2,2,-1,-1,3,0,0,1,0,-1,9,1
11191,82.18491951,22.07064186,1,3,2,2,7,16:55,8,E09000028,3,200,1,30,1,4,3,200,0,1,1,1,1,0,0,1,1,E01004034,19-03-2018,1,1,1,1,39,7,3,0,0,0,0,-1,9,1
11192,82.11451811,22.09335602,1,3,2,2,7,15:30,8,E09000028,6,0,6,30,6,4,6,0,0,0,1,1,1,0,0,1,1,E01004024,12-02-2018,2,1,1,1,16,4,3,0,0,0,0,-1,2,1
11193,82.15671167,22.06868059,1,2,2,1,4,09:34,8,E09000028,3,3,1,30,1,4,3,302,0,7,1,1,1,0,0,1,1,E01003933,23-03-2018,2,1,1,2,65,9,3,0,0,0,0,-1,9,1
11194,82.17476303,22.05200129,1,3,1,1,5,20:15,8,E09000028,3,201,6,30,0,-1,-1,0,0,4,4,1,1,0,0,1,1,E01003932,24-03-2018,2,1,1,2,54,8,3,0,0,0,0,-1,9,1
11195,82.178613,22.05802287,1,3,2,1,6,18:55,8,E09000028,3,215,6,30,8,4,6,0,0,0,4,1,1,0,0,1,1,E01003996,25-03-2018,1,1,2,2,8,2,3,0,0,2,0,-1,9,-1
11196,82.12875976,22.08803511,1,3,2,1,7,16:30,8,E09000028,3,215,6,30,0,-1,-1,0,0,0,1,1,1,0,0,1,1,E01003921,26-03-2018,1,2,2,1,6,2,3,0,0,2,0,-1,9,-1
11197,82.12790445,22.08964533,1,3,2,2,7,09:25,8,E09000028,3,215,6,30,9,4,6,0,0,0,1,1,1,0,0,1,1,E01003921,26-03-2018,2,1,1,2,54,8,3,0,0,0,0,-1,9,1
11198,82.15393911,22.08808401,1,3,3,1,7,18:30,8,E09000028,3,2,6,30,0,-1,-1,0,0,0,4,2,2,0,0,1,1,E01003939,26-03-2018,1,2,1,2,31,6,3,0,0,0,0,-1,9,1
11199,82.17314242,22.06027544,1,3,2,1,1,18:50,8,E09000028,3,2,6,30,3,4,6,0,0,0,1,1,1,0,0,1,1,E01003964,27-03-2018,2,1,1,1,29,6,3,0,0,0,0,-1,9,1
11200,82.14760909,22.07853808,1,3,2,1,1,06:45,8,E09000028,3,215,6,30,6,2,3,215,0,5,1,1,1,0,0,1,1,E01003921,27-03-2018,3,1,1,2,62,9,2,0,0,0,0,-1,9,1
11201,82.14544734,22.09215108,1,2,2,1,2,09:22,8,E09000028,3,215,6,30,3,4,3,215,0,0,1,1,1,0,0,1,1,E01003921,28-03-2018,1,1,3,2,29,6,3,1,2,0,0,-1,0,1
11202,82.12977767,22.08994197,1,3,2,1,2,16:00,8,E09000028,3,3,1,30,1,4,3,3,0,7,1,1,1,0,0,1,1,E01003933,28-03-2018,1,1,3,2,12,3,3,1,3,0,0,-1,0,-1
11203,82.16139299,22.05747045,1,3,2,1,2,12:02,8,E09000028,4,217,6,30,3,4,6,0,0,0,1,1,1,0,0,1,1,E01003925,28-03-2018,1,2,3,2,13,3,3,1,3,0,0,-1,0,1
11204,82.14049077,22.0965296,1,3,1,1,3,09:35,8,E09000028,3,3,6,30,3,4,3,200,0,0,1,1,1,0,0,1,1,E01003929,29-03-2018,1,1,1,2,29,6,3,0,0,0,0,-1,9,1
11205,82.18422241,22.08375034,1,3,1,1,3,21:20,8,E09000028,3,2216,6,30,0,-1,-1,0,0,0,4,2,2,0,0,1,1,E01003949,29-03-2018,1,2,2,2,-1,-1,3,0,0,1,0,-1,9,-1
11206,82.12070268,22.07271544,1,3,2,1,4,09:05,8,E09000028,3,2208,6,30,3,4,3,2208,0,1,1,1,1,0,0,1,1,E01003989,30-03-2018,1,1,1,2,23,5,3,0,0,0,0,-1,9,1
11207,82.19189827,22.08855678,1,3,2,1,4,09:40,8,E09000028,4,214,6,30,5,4,3,2,0,0,1,2,2,0,0,1,3,E01003964,02-03-2018,1,2,2,1,-1,-1,3,0,0,1,0,-1,9,-1
11208,82.15648161,22.10649268,1,3,3,1,4,04:36,8,E09000028,3,201,6,30,6,2,5,0,0,5,4,1,1,0,0,1,1,E01003928,16-03-2018,1,1,3,1,53,8,3,1,3,0,0,-1,0,1
11209,82.1902504,22.0968717,1,3,1,1,1,05:21,8,E09000028,4,216,6,30,3,4,6,0,0,0,4,1,1,0,0,1,1,E01004010,13-03-2018,1,1,1,1,4,1,2,0,0,0,0,-1,1,1
11210,82.10910442,22.0802817,1,3,2,1,2,19:15,8,E09000028,3,215,6,30,3,4,6,0,0,0,4,1,1,0,0,1,1,E01003996,14-03-2018,1,1,3,1,13,3,3,5,2,0,0,-1,0,1
11211,82.18031559,22.1003614,1,3,1,1,2,15:05,8,E09000028,3,2206,6,30,3,2,4,203,0,0,1,1,1,0,0,1,1,E01003978,21-03-2018,2,1,1,1,-1,-1,3,0,0,0,0,-1,1,1
11212,82.17124604,22.08521224,1,3,1,1,4,16:50,8,E09000028,4,219,6,30,0,-1,-1,0,0,0,1,1,1,0,0,1,1,E01003958,23-03-2018,1,1,1,2,52,8,3,0,0,0,0,-1,9,1
11213,82.18128198,22.05415004,1,3,2,1,4,20:18,8,E09000028,3,3,6,30,0,-1,-1,0,0,7,4,1,1,0,0,1,1,E01003933,23-03-2018,2,2,1,2,27,6,3,0,0,0,0,-1,9,1
11214,82.17542373,22.10198646,1,3,2,1,4,09:29,8,E09000028,3,202,6,30,3,4,6,0,0,0,1,1,2,0,0,1,1,E01003921,30-03-2018,1,1,2,1,45,7,3,0,0,1,0,-1,9,1
11215,82.13114131,22.09074062,1,3,3,1,5,13:40,8,E09000028,5,0,6,30,3,2,5,0,0,5,1,1,1,0,0,1,1,E01004075,31-03-2018,1,2,2,1,44,7,3,0,0,2,0,-1,9,1
11216,82.17627446,22.07610739,1,3,2,1,7,19:30,8,E09000028,3,2,6,30,0,-1,-1,0,0,1,4,1,1,0,0,1,2,E01003939,19-03-2018,1,1,1,1,31,6,3,0,0,0,0,-1,9,1
11217,82.1310485,22.05634784,1,3,2,1,5,17:30,8,E09000028,3,200,6,30,3,4,3,200,0,1,1,1,1,0,0,1,2,E01004027,10-03-2018,1,1,1,1,26,6,3,0,0,0,0,-1,9,3
11218,82.19358586,22.09610029,1,3,2,1,4,14:05,8,E09000028,3,202,6,30,0,-1,-1,0,0,0,1,1,1,0,0,1,1,E01004005,12-01-2018,2,1,2,2,17,4,3,0,0,1,0,-1,9,-1
11219,82.15290061,22.08493807,1,3,2,1,6,07:35,8,E09000028,3,3,6,30,9,4,4,300,0,0,1,1,1,0,0,1,1,E01003929,11-03-2018,1,1,3,1,17,4,3,5,1,0,0,-1,0,-1
11220,82.13125816,22.06175254,1,3,2,1,2,17:00,8,E09000028,4,215,6,30,0,-1,-1,0,0,0,1,1,1,0,0,1,2,E01004010,14-03-2018,1,1,1,1,30,6,3,0,0,0,0,-1,9,1
11221,82.14938931,22.08387943,1,3,1,1,2,09:55,8,E09000028,3,2,6,30,0,-1,-1,0,0,1,1,1,1,0,0,1,3,E01003939,21-03-2018,1,1,2,2,8,2,3,0,0,2,0,-1,9,-1
11222,82.12806397,22.04915134,1,3,2,1,2,17:25,8,E09000028,3,201,6,30,3,4,6,0,0,0,4,1,1,0,0,1,2,E01003928,21-03-2018,2,1,1,1,56,9,3,0,0,0,0,-1,5,1
11223,82.18839461,22.05861127,1,3,1,1,3,19:10,8,E09000028,3,215,6,30,0,-1,-1,0,0,0,4,1,1,0,0,1,2,E01003078,22-03-2018,1,1,2,2,20,4,3,0,0,1,0,-1,9,1
11224,82.12466347,22.08911915,1,3,2,1,4,16:35,8,E09000028,3,215,6,30,6,2,6,0,0,5,1,1,1,0,0,1,2,E01003996,23-03-2018,1,2,2,1,1,1,3,0,0,2,0,-1,9,-1
11225,82.164109,22.10336484,1,2,1,1,4,18:43,8,E09000028,3,201,6,30,3,4,4,240,0,4,4,1,1,0,0,1,1,E01003962,30-03-2018,1,1,1,1,17,4,3,0,0,0,0,-1,3,1
11226,82.19494996,22.0645395,1,3,2,1,6,13:30,8,E09000028,3,3,3,30,0,-1,-1,0,0,0,1,1,1,0,0,1,2,E01003929,25-03-2018,1,1,3,1,86,11,2,5,1,0,0,-1,0,1
11227,82.17139582,22.05008919,1,3,1,1,5,14:02,8,E09000028,3,200,6,30,0,-1,-1,0,0,0,1,2,2,0,0,1,1,E01004027,24-02-2018,2,1,1,1,29,6,3,0,0,0,0,-1,3,-1
11228,82.15306734,22.08965705,1,3,2,1,6,10:05,8,E09000028,6,0,6,30,3,4,3,2199,0,0,1,1,1,0,0,1,1,E01003946,01-04-2018,1,1,1,1,66,10,2,0,0,0,0,-1,9,1
11229,82.1721171,22.05294466,1,3,2,1,6,18:15,8,E09000028,6,0,1,30,1,4,6,0,0,0,1,1,2,0,0,1,1,E01003949,01-04-2018,1,1,1,2,28,6,3,0,0,0,0,-1,9,1
11230,82.16231265,22.06368965,1,3,2,2,7,15:55,8,E09000028,3,201,6,30,3,4,4,240,0,4,1,1,1,0,0,1,1,E01003944,02-04-2018,1,1,1,1,22,5,3,0,0,0,0,-1,9,1
11231,82.15399951,22.07171999,1,2,1,2,7,03:26,8,E09000028,3,205,6,30,0,-1,-1,0,0,0,4,1,1,0,0,1,1,E01003951,02-04-2018,1,1,3,1,15,3,3,5,9,0,0,-1,0,1