Accident_Index,longitude,latitude,Police_Force,Accident_Severity,Number_of_Vehicles,Number_of_Casualties,Day_of_Week,Time,Local_Authority_(District),Local_Authority_(Highway),1st_Road_Class,1st_Road_Number,Road_Type,Speed_limit,Junction_Detail,Junction_Control,2nd_Road_Class,2nd_Road_Number,Pedestrian_Crossing-Human_Control,Pedestrian_Crossing-Physical_Facilities,Light_Conditions,Weather_Conditions,Road_Surface_Conditions,Special_Conditions_at_Site,Carriageway_Hazards,Urban_or_Rural_Area,Did_Police_Officer_Attend_Scene_of_Accident,LSOA_of_Accident_Location,Date,Vehicle_Reference,Casualty_Reference,Casualty_Class,Sex_of_Casualty,Age_of_Casualty,Age_Band_of_Casualty,Casualty_Severity,Pedestrian_Location,Pedestrian_Movement,Car_Passenger,Bus_or_Coach_Passenger,Pedestrian_Road_Maintenance_Worker,Casualty_Type,Casualty_Home_Area_Type
11232,82.15214614,22.10606979,1,3,2,1,7,18:55,8,E09000028,4,240,2,30,3,4,6,0,0,0,1,1,1,0,0,1,1,E01003996,02-04-2018,1,1,2,2,-1,-1,3,0,0,1,0,-1,9,-1
11233,82.16933172,22.08522433,1,3,2,1,7,16:50,8,E09000028,3,2208,6,30,0,-1,-1,0,0,0,1,1,1,0,0,1,1,E01004036,02-04-2018,1,1,2,1,18,4,3,0,0,1,0,-1,9,1
11234,82.19080939,22.05657523,1,2,2,1,2,07:15,8,E09000028,4,217,6,30,0,-1,-1,0,0,0,1,1,1,0,0,1,1,E01003969,04-04-2018,1,1,1,1,25,5,3,0,0,0,0,-1,9,1
11235,82.18078878,22.06156911,1,3,1,1,4,21:00,8,E09000028,3,2214,6,30,3,4,6,0,0,0,4,1,1,0,0,1,1,E01004064,06-04-2018,1,1,3,1,8,2,3,5,1,0,0,-1,0,1
11236,82.15472664,22.1058603,1,3,1,1,4,16:35,8,E09000028,3,201,6,30,0,-1,-1,0,0,0,1,1,1,0,0,1,1,E01003959,06-04-2018,1,1,1,1,34,6,3,0,0,0,0,-1,9,3
11237,82.18533755,22.05780109,1,3,2,1,4,11:20,8,E09000028,3,215,6,30,3,4,6,0,0,0,1,1,1,0,0,1,1,E01003076,06-04-2018,2,2,2,2,8,2,3,0,0,1,0,-1,9,1
11238,82.11003832,22.06779914,1,3,2,1,5,08:30,8,E09000028,3,201,6,30,3,4,3,3200,0,0,1,1,1,0,0,1,1,E01003934,07-04-2018,1,1,1,1,17,4,3,0,0,0,0,-1,3,-1
11239,82.18876075,22.09370937,1,3,2,1,5,20:25,8,E09000028,6,0,6,30,3,4,6,0,0,0,4,1,2,0,0,1,1,E01004001,07-04-2018,1,1,2,1,37,7,3,0,0,2,0,-1,8,-1
11240,82.11635956,22.10026314,1,3,1,1,6,16:05,8,E09000028,3,201,6,30,0,-1,-1,0,0,4,1,1,1,0,0,1,1,E01003960,08-04-2018,2,2,1,1,30,6,3,0,0,0,0,-1,19,1
11241,82.13871006,22.05735731,1,3,2,1,6,15:55,8,E09000028,3,3,6,30,3,2,3,200,0,5,1,1,1,0,0,1,1,E01003929,08-04-2018,1,1,1,1,35,6,3,0,0,0,0,-1,9,1
11242,82.18168291,22.06016265,1,3,2,2,6,15:10,8,E09000028,6,0,6,30,6,4,6,0,0,0,1,1,1,0,0,1,1,E01004063,08-04-2018,1,2,2,1,-1,-1,3,0,0,1,0,-1,9,1
11243,82.1628674,22.10279928,1,3,1,1,6,19:50,8,E09000028,3,100,6,30,3,4,6,0,0,1,4,1,1,0,0,1,1,E01003941,08-04-2018,3,1,1,2,-1,-1,3,0,0,0,0,-1,9,1
11244,82.1749764,22.10556109,1,3,2,2,7,18:30,8,E09000028,6,0,6,30,3,4,6,0,0,0,1,1,1,0,0,1,1,E01003963,09-04-2018,2,1,1,1,65,9,3,0,0,0,0,-1,9,1
11245,82.18595077,22.09897799,1,3,1,1,7,19:30,8,E09000028,3,201,6,30,0,-1,-1,0,0,0,1,1,1,0,0,1,1,E01003932,09-04-2018,2,2,2,2,-1,-1,2,0,0,1,0,-1,9,1
11246,82.12574063,22.08185514,1,3,2,1,1,13:45,8,E09000028,3,2208,6,30,3,4,6,0,0,0,1,1,1,0,0,1,1,E01003986,10-04-2018,1,1,2,2,22,5,3,0,0,2,0,-1,9,1
11247,82.14317516,22.09977564,1,2,2,1,2,16:50,8,E09000028,3,201,6,30,3,4,4,240,0,0,1,1,1,0,0,1,1,E01003962,11-04-2018,1,1,1,1,51,8,3,0,0,0,0,-1,9,1
11248,82.16260496,22.09997644,1,3,2,2,2,19:17,8,E09000028,6,0,1,30,2,4,6,0,0,0,1,1,1,3,0,1,1,E01003949,11-04-2018,1,1,3,2,17,4,3,5,1,0,0,-1,0,1
11249,82.18258817,22.10232235,1,3,2,1,4,15:04,8,E09000028,6,0,6,30,0,-1,-1,0,0,0,1,1,1,0,0,1,1,E01003922,13-04-2018,1,1,1,1,39,7,3,0,0,0,0,-1,3,1
11250,82.11045245,22.04897575,1,3,1,1,4,17:58,8,E09000028,3,201,6,30,3,4,6,0,0,1,1,2,2,0,0,1,1,E01003934,13-04-2018,1,1,1,1,80,11,3,0,0,0,0,-1,9,1
11251,82.17004004,22.06930862,1,3,2,1,5,17:30,8,E09000028,3,2208,6,30,3,4,3,2208,0,1,1,2,2,0,0,1,1,E01004038,14-04-2018,1,2,2,2,-1,-1,3,0,0,1,0,-1,9,-1
11252,82.14208872,22.10376656,1,3,2,1,7,13:54,8,E09000028,6,0,6,30,3,4,6,0,0,8,1,1,1,4,0,1,1,E01003991,16-04-2018,1,1,1,2,26,6,3,0,0,0,0,-1,9,1
11253,82.15804514,22.07283106,1,3,1,2,2,16:10,8,E09000028,3,200,6,30,3,4,3,200,0,1,1,1,1,0,0,1,1,E01004027,18-04-2018,1,1,1,1,42,7,3,0,0,0,0,-1,9,1
11254,82.15538818,22.07011904,1,3,1,1,1,11:48,8,E09000028,3,3,6,30,7,2,3,2,0,5,1,1,1,0,0,1,1,E01003939,17-04-2018,1,1,1,1,37,7,3,0,0,0,0,-1,9,1
11255,82.11883851,22.09355995,1,3,2,1,2,18:00,8,E09000028,3,200,6,30,6,2,3,200,0,5,1,1,1,0,0,1,1,E01004023,18-04-2018,1,1,1,1,19,4,3,0,0,0,0,-1,9,1
11256,82.11989693,22.09951864,1,3,2,1,5,14:35,8,E09000028,3,2216,6,30,3,4,6,0,0,1,1,2,2,0,0,1,1,E01003952,14-04-2018,1,1,1,1,63,9,3,0,0,0,0,-1,9,1
11257,82.16963316,22.07818232,1,3,2,1,2,08:15,8,E09000028,3,2199,6,30,3,4,6,0,0,0,1,2,2,0,0,1,1,E01003067,18-04-2018,1,2,2,2,-1,-1,3,0,0,1,0,-1,9,1
11258,82.12952508,22.08337789,1,2,2,1,3,15:25,8,E09000028,6,0,6,30,6,4,3,2214,0,0,1,1,1,0,0,1,1,E01004000,19-04-2018,1,2,2,2,31,6,3,0,0,1,0,-1,9,1
11259,82.11251358,22.09216493,1,3,2,1,3,13:35,8,E09000028,3,200,6,30,0,-1,-1,0,0,0,1,2,2,0,0,1,1,E01004027,19-04-2018,1,3,2,2,39,7,3,0,0,2,0,-1,9,1
11260,82.14974358,22.06163664,1,3,3,1,3,23:55,8,E09000028,3,215,6,30,3,4,6,0,0,0,4,1,1,0,0,1,1,E01003078,19-04-2018,2,1,1,2,28,6,3,0,0,0,0,-1,9,-1
11261,82.12677395,22.05391663,1,3,2,1,4,08:10,8,E09000028,3,2214,6,30,6,2,5,0,0,5,1,1,1,0,0,1,1,E01004069,20-04-2018,1,1,1,2,43,7,3,0,0,0,0,-1,9,1
11262,82.11141627,22.06199215,1,3,1,1,6,12:29,8,E09000028,3,201,3,30,1,2,3,3,0,5,1,1,1,0,0,1,1,E01003959,22-04-2018,1,1,1,2,20,4,3,0,0,0,0,-1,9,-1
11263,82.12979337,22.10447007,1,3,2,1,1,06:15,8,E09000028,3,2208,6,30,3,4,3,2208,0,1,1,1,1,0,0,1,1,E01003989,24-04-2018,1,1,2,2,81,11,2,0,0,0,1,-1,11,-1
11264,82.1665011,22.08670137,1,2,1,1,5,08:45,8,E09000028,3,2,6,30,3,2,4,202,0,5,1,1,2,0,0,1,1,E01003939,10-02-2018,1,1,3,1,7,2,2,5,1,0,0,-1,0,1
11265,82.18192669,22.06422533,1,3,1,1,5,23:59,8,E09000028,3,2215,2,30,0,-1,-1,0,0,0,4,1,2,0,0,1,1,E01004067,07-04-2018,1,1,1,2,37,7,3,0,0,0,0,-1,9,1
11266,82.15706046,22.10736864,1,3,2,1,5,14:04,8,E09000028,3,202,6,30,3,4,6,0,0,0,1,1,1,0,0,1,1,E01003919,10-03-2018,1,1,1,2,45,7,3,0,0,0,0,-1,9,1
11267,82.14643643,22.09892915,1,3,2,1,2,06:55,8,E09000028,3,200,3,30,3,4,6,0,0,0,4,1,1,0,0,1,1,E01004034,17-01-2018,1,1,1,2,21,5,3,0,0,0,0,-1,9,1
11268,82.11482757,22.10076163,1,3,2,1,2,08:25,8,E09000028,3,2,3,30,0,-1,-1,0,0,0,1,1,1,0,0,1,2,E01003960,14-02-2018,1,1,1,1,46,8,3,0,0,0,0,-1,5,1
11269,82.15517956,22.08165335,1,3,2,1,2,08:20,8,E09000028,5,0,6,30,0,-1,-1,0,0,0,1,1,1,0,0,1,2,E01004070,07-02-2018,1,1,3,1,37,7,3,1,1,0,0,-1,0,1
11270,82.16638442,22.05895063,1,3,1,1,6,08:05,8,E09000028,3,100,6,30,0,-1,-1,0,0,0,1,1,1,0,0,1,1,E01004027,11-02-2018,1,2,3,1,10,2,3,1,1,0,0,-1,0,1
11271,82.12115495,22.06273313,1,3,2,2,2,20:05,8,E09000028,6,0,6,30,3,4,3,2216,0,0,4,2,2,0,0,1,1,E01003950,17-01-2018,1,1,1,2,56,9,3,0,0,0,0,-1,9,-1
11272,82.13810471,22.09877966,1,3,2,2,1,13:20,8,E09000028,3,215,6,30,3,2,3,215,0,5,1,1,1,0,0,1,1,E01003996,09-01-2018,2,2,1,1,27,6,3,0,0,0,0,-1,9,-1
11273,82.15036467,22.08581634,1,3,2,1,2,16:00,8,E09000028,6,0,2,30,3,4,6,0,0,0,1,2,2,0,0,1,1,E01004068,10-01-2018,1,1,2,2,25,5,3,0,0,1,0,-1,9,1
11274,82.12770499,22.08710221,1,3,2,1,5,16:32,9,E09000022,6,0,6,30,3,2,3,202,0,0,4,1,2,0,0,1,1,E01003993,20-01-2018,1,1,1,1,18,4,3,0,0,0,0,-1,9,1
11275,82.13718357,22.05633841,1,3,2,1,4,10:10,8,E09000028,3,202,6,30,3,4,6,0,0,0,1,1,1,0,0,1,1,E01004066,16-02-2018,1,1,3,1,11,3,3,1,3,0,0,-1,0,1
11276,82.1231725,22.06449291,1,3,2,1,5,11:45,8,E09000028,6,0,6,30,3,4,6,0,0,0,1,1,1,0,0,1,1,E01003927,13-01-2018,1,1,1,1,62,9,3,0,0,0,0,-1,19,1
11277,82.14990279,22.06244911,1,3,2,1,7,17:20,8,E09000028,3,2214,6,30,3,4,6,0,0,0,4,1,1,0,0,1,1,E01004064,15-01-2018,1,1,3,1,13,3,3,5,3,0,0,-1,0,-1
11278,82.14921971,22.09108895,1,3,2,1,2,16:10,8,E09000028,3,302,2,30,0,-1,-1,0,0,0,1,1,1,0,0,1,1,E01003933,03-01-2018,1,1,3,2,-1,-1,3,5,2,0,0,-1,0,-1
11279,82.17051149,22.05617642,1,3,1,1,3,21:45,8,E09000028,4,205,6,30,3,4,6,0,0,1,4,1,1,0,0,1,1,E01004057,11-01-2018,1,1,1,1,31,6,3,0,0,0,0,-1,9,-1
11280,82.13113808,22.06385862,1,3,2,1,6,09:30,8,E09000028,4,217,6,30,3,4,6,0,0,5,1,1,1,0,0,1,1,E01003917,14-01-2018,1,1,1,1,35,6,3,0,0,0,0,-1,9,1
11281,82.16010296,22.05741559,1,3,2,1,2,06:15,8,E09000028,6,0,6,30,0,-1,-1,0,0,0,4,1,1,0,0,1,2,E01003922,03-01-2018,1,1,1,2,34,6,3,0,0,0,0,-1,9,1
11282,82.16374839,22.08746244,1,3,2,1,1,16:07,8,E09000028,3,100,6,30,6,2,6,0,0,5,1,1,1,0,0,1,1,E01003941,13-02-2018,2,2,1,2,21,5,3,0,0,0,0,-1,9,1
11283,82.16693006,22.09185443,1,3,2,1,2,07:33,7,E09000023,3,202,6,30,3,2,3,2214,0,5,1,1,1,0,0,1,1,E01004004,04-04-2018,1,1,1,1,53,8,3,0,0,0,0,-1,9,1
11284,82.16579169,22.09705935,1,3,1,1,6,17:42,8,E09000028,3,200,6,30,6,2,3,100,0,5,1,1,1,0,0,1,1,E01004027,22-04-2018,1,1,1,1,31,6,3,0,0,0,0,-1,9,1
11285,82.16207352,22.0941622,1,3,2,1,5,17:30,8,E09000028,3,100,6,30,3,4,3,2,0,0,1,1,2,0,0,1,1,E01003979,07-04-2018,2,1,1,1,47,8,2,0,0,0,0,-1,5,1
11286,82.16586918,22.06876378,1,3,2,2,7,22:00,8,E09000028,3,201,6,30,3,4,4,240,0,5,4,1,1,0,0,1,1,E01003962,23-04-2018,2,2,2,2,18,4,3,0,0,0,0,-1,5,1
11287,82.1385461,22.08381789,1,3,2,3,7,22:35,8,E09000028,3,201,6,30,3,4,3,201,0,0,4,1,1,0,0,1,1,E01003960,23-04-2018,1,1,3,1,7,2,3,1,1,0,0,-1,0,-1
11288,82.1795011,22.06762232,1,3,4,1,7,17:02,8,E09000028,6,0,6,30,0,-1,-1,0,0,0,1,1,1,0,0,1,1,E01003983,23-04-2018,2,1,1,1,13,3,3,0,0,0,0,-1,1,1
11289,82.13522941,22.10332215,1,3,2,1,1,10:28,8,E09000028,3,202,6,30,3,4,6,0,0,0,1,1,1,0,0,1,1,E01004067,24-04-2018,1,1,1,1,20,4,3,0,0,0,0,-1,9,1
11290,82.14519543,22.10445077,1,3,1,1,2,16:00,8,E09000028,6,0,6,30,0,-1,-1,0,0,0,1,1,1,0,0,1,1,E01003957,25-04-2018,1,1,3,1,32,6,3,1,1,0,0,-1,0,1
11291,82.13582268,22.05639341,1,3,2,1,3,08:50,8,E09000028,3,3,6,30,6,2,3,2198,0,5,1,1,1,0,0,1,1,E01003929,26-04-2018,1,1,1,1,28,6,3,0,0,0,0,-1,9,1
11292,82.12961613,22.05328723,1,3,1,1,4,10:45,8,E09000028,3,200,6,30,0,-1,-1,0,0,4,1,1,2,0,0,1,1,E01004031,27-04-2018,1,2,2,1,46,8,3,0,0,1,0,-1,9,-1
11293,82.10887314,22.08196196,1,3,2,1,6,22:29,8,E09000028,6,0,6,30,3,4,6,0,0,0,4,1,1,0,0,1,1,E01003914,29-04-2018,1,1,1,2,24,5,3,0,0,0,0,-1,9,1
11294,82.18297747,22.0699222,1,2,2,1,5,09:06,8,E09000028,3,202,6,30,3,4,6,0,0,0,1,1,1,0,0,1,1,E01003919,28-04-2018,1,1,1,2,33,6,3,0,0,0,0,-1,3,1
11295,82.14181931,22.10248751,1,3,2,1,5,17:25,8,E09000028,4,214,6,30,6,2,3,215,0,5,1,1,1,0,0,1,2,E01003969,21-04-2018,1,1,3,2,-1,-1,3,5,4,0,0,-1,0,-1
11296,82.13833278,22.07246479,1,3,2,2,6,23:05,8,E09000028,3,101,6,30,0,-1,-1,0,0,0,4,1,1,0,0,1,2,E01004029,22-04-2018,1,1,1,1,27,6,3,0,0,0,0,-1,9,1
11297,82.15126831,22.08220294,1,2,2,1,5,18:23,8,E09000028,3,3,1,30,1,4,3,302,0,0,1,1,1,0,0,1,1,E01003933,05-05-2018,2,1,1,1,22,5,3,0,0,0,0,-1,4,1
11298,82.16630104,22.06662267,1,3,2,1,1,10:35,8,E09000028,5,0,6,30,3,4,6,0,0,0,1,2,2,0,0,1,2,E01004008,24-04-2018,1,1,1,1,34,6,3,0,0,0,0,-1,9,1
11299,82.18644856,22.10465198,1,3,2,1,3,07:45,8,E09000028,6,0,6,30,3,4,6,0,0,0,1,1,1,0,0,1,1,E01004015,03-05-2018,2,2,1,1,23,5,3,0,0,0,0,-1,9,1
11300,82.18688218,22.10632106,1,3,2,2,2,19:48,7,E09000023,4,2227,6,30,8,4,6,0,0,0,1,1,1,0,0,1,1,E01004003,02-05-2018,1,1,1,1,28,6,3,0,0,0,0,-1,9,1
11301,82.15777921,22.06365885,1,3,2,2,3,13:45,8,E09000028,4,214,6,30,6,2,3,2,0,5,1,1,1,0,0,1,1,E01003966,03-05-2018,1,2,2,2,28,6,3,0,0,1,0,-1,9,1
11302,82.12409021,22.08654329,1,3,2,1,6,10:00,8,E09000028,3,201,6,30,3,4,6,0,0,0,1,1,1,0,0,1,2,E01003959,29-04-2018,1,1,1,2,18,4,3,0,0,0,0,-1,9,1
11303,82.13364394,22.06043585,1,3,2,1,6,09:18,8,E09000028,3,202,6,30,3,4,3,202,0,0,1,1,1,0,0,1,1,E01004005,06-05-2018,2,2,1,2,22,5,3,0,0,0,0,-1,9,1
11304,82.12731199,22.05586415,1,3,2,3,6,12:50,8,E09000028,3,215,6,30,3,4,6,0,0,0,1,1,1,0,0,1,1,E01003996,06-05-2018,2,3,2,1,16,4,3,0,0,1,0,-1,9,1
11305,82.15815425,22.09822296,1,3,3,1,7,15:56,8,E09000028,5,0,6,30,0,-1,-1,0,0,0,1,1,2,0,0,1,1,E01004075,07-05-2018,1,1,3,1,6,2,2,5,2,0,0,-1,0,1
11306,82.13461752,22.07055181,1,3,2,1,7,15:50,8,E09000028,3,215,6,30,3,4,6,0,0,0,1,1,1,0,0,1,1,E01003076,07-05-2018,1,1,1,1,29,6,3,0,0,0,0,-1,9,1
11307,82.135786,22.08886102,1,3,2,1,3,18:40,8,E09000028,3,215,6,30,6,4,6,0,0,1,1,1,1,0,0,1,1,E01003969,10-05-2018,1,1,2,1,8,2,3,0,0,1,0,-1,9,1
11308,82.11771203,22.09146267,1,2,2,1,5,12:49,8,E09000028,3,2198,6,30,3,4,6,0,0,0,1,1,1,0,0,1,1,E01003929,12-05-2018,2,2,1,1,24,5,3,0,0,0,0,-1,9,1
11309,82.14118071,22.06044068,1,3,2,1,5,17:15,9,E09000022,4,300,6,30,3,4,6,0,0,0,1,1,1,0,0,1,1,E01003928,14-04-2018,1,1,1,1,27,6,3,0,0,0,0,-1,1,1
11310,82.16020176,22.08612423,1,3,2,1,2,15:20,8,E09000028,3,202,7,30,3,2,6,0,0,5,1,2,2,0,0,1,2,E01004066,16-05-2018,1,1,1,2,20,4,3,0,0,0,0,-1,1,1
11311,82.11676535,22.06223345,1,2,2,1,6,08:05,8,E09000028,3,2,6,30,3,2,6,0,0,5,1,2,2,0,0,1,1,E01003989,08-04-2018,2,1,1,1,20,4,3,0,0,0,0,-1,1,1
11312,82.14236416,22.08498221,1,3,1,1,5,13:30,8,E09000028,3,2206,6,30,0,-1,-1,0,0,1,1,1,1,0,0,1,1,E01004043,14-04-2018,1,1,1,1,47,8,2,0,0,0,0,-1,9,-1
11313,82.19520054,22.06276334,1,3,2,1,4,09:15,8,E09000028,3,3,6,30,6,2,5,0,0,5,1,1,1,0,0,1,1,E01003937,20-04-2018,1,1,1,1,23,5,3,0,0,0,0,-1,9,-1
11314,82.14310989,22.08095716,1,3,2,1,4,08:56,8,E09000028,3,200,1,30,1,4,5,0,0,0,1,1,1,0,0,1,1,E01004022,20-04-2018,2,2,1,1,29,6,3,0,0,0,0,-1,9,-1
11315,82.19322692,22.07726173,1,3,2,1,2,15:03,8,E09000028,3,202,6,30,3,4,4,217,0,1,1,1,1,0,0,1,2,E01004066,25-04-2018,3,3,1,2,43,7,3,0,0,0,0,-1,9,1
11316,82.12791194,22.08291536,1,3,2,1,1,19:00,8,E09000028,6,0,6,30,3,4,3,2,0,0,1,1,1,0,0,1,2,E01003966,01-05-2018,1,1,3,1,9,2,3,5,1,0,0,-1,0,-1
11317,82.10834969,22.06545377,1,3,2,1,3,18:00,8,E09000028,5,0,6,30,0,-1,-1,0,0,0,1,1,1,0,0,1,2,E01003978,03-05-2018,1,1,1,2,20,4,3,0,0,0,0,-1,9,1
11318,82.17715697,22.06888907,1,3,1,1,1,11:10,8,E09000028,4,219,6,30,3,4,4,238,0,0,1,1,1,0,0,1,1,E01004015,03-04-2018,1,2,2,2,21,5,3,0,0,1,0,-1,9,1
11319,82.12379063,22.1054329,1,3,2,1,6,07:30,8,E09000028,3,2199,6,30,0,-1,-1,0,0,5,1,1,1,0,0,1,2,E01003067,06-05-2018,2,3,2,1,26,6,3,0,0,2,0,-1,9,1
11320,82.12436713,22.09570197,1,3,2,1,5,15:40,8,E09000028,3,2,6,30,3,4,6,0,0,0,1,1,1,0,0,1,1,E01003988,21-04-2018,2,4,2,2,24,5,3,0,0,1,0,-1,9,1
11321,82.14412791,22.0652691,1,3,1,1,5,11:47,8,E09000028,3,201,6,30,0,-1,-1,0,0,5,1,1,1,0,0,1,1,E01003932,21-04-2018,2,1,1,1,20,4,3,0,0,0,0,-1,4,-1
11322,82.16112912,22.10132599,1,3,1,1,4,16:12,8,E09000028,5,0,6,30,3,4,6,0,0,0,1,2,2,0,0,1,1,E01004043,27-04-2018,1,1,1,1,41,7,3,0,0,0,0,-1,9,1
11323,82.18844698,22.06643989,1,2,3,1,6,08:40,8,E09000028,3,2,6,30,6,2,4,214,0,5,1,1,1,0,0,1,1,E01004040,22-04-2018,2,2,1,2,22,5,2,0,0,0,0,-1,9,-1
11324,82.17332014,22.09232524,1,3,1,1,6,17:55,8,E09000028,3,3,6,30,3,4,6,0,0,1,1,1,1,0,0,1,1,E01003927,29-04-2018,1,1,1,2,40,7,3,0,0,0,0,-1,9,1
11325,82.1532047,22.04850397,1,3,1,2,7,12:48,8,E09000028,3,2,6,30,0,-1,-1,0,0,5,1,1,1,0,0,1,1,E01004040,30-04-2018,2,2,1,1,18,4,3,0,0,0,0,-1,9,1
11326,82.179343,22.08015536,1,3,1,1,7,12:15,8,E09000028,4,238,6,30,3,4,6,0,0,0,1,1,1,0,0,1,1,E01004018,30-04-2018,1,1,1,2,26,6,3,0,0,0,0,-1,9,1
11327,82.10663565,22.09232554,1,3,1,1,7,20:20,8,E09000028,3,215,6,30,0,-1,-1,0,0,5,4,1,1,0,0,1,1,E01003921,30-04-2018,1,1,3,2,76,11,2,5,3,0,0,-1,0,-1
11328,82.1856685,22.10765221,1,3,2,1,7,19:28,9,E09000022,3,2217,6,30,6,4,6,0,0,0,1,1,1,0,0,1,2,E01003076,07-05-2018,1,1,1,2,18,4,3,0,0,0,0,-1,9,1
11329,82.15628733,22.06595076,1,3,2,1,4,17:45,8,E09000028,3,300,6,30,6,2,3,3202,0,0,1,2,2,0,0,1,1,E01003927,13-04-2018,1,2,2,1,-1,-1,3,0,0,1,0,-1,9,-1
11330,82.14382115,22.10007862,1,3,2,1,2,14:00,8,E09000028,3,2199,6,30,3,4,6,0,0,0,1,2,2,0,0,1,1,E01003165,04-04-2018,1,1,1,1,38,7,3,0,0,0,0,-1,9,1
11331,82.12264785,22.09031432,1,3,1,1,5,19:47,8,E09000028,6,0,6,30,0,-1,-1,0,0,0,1,1,1,0,0,1,1,E01004070,05-05-2018,1,1,1,1,50,8,3,0,0,0,0,-1,5,1
11332,82.17255773,22.07323564,1,3,1,1,6,07:59,8,E09000028,3,2,3,30,0,-1,-1,0,0,5,1,1,1,0,0,1,1,E01004040,06-05-2018,1,1,1,1,53,8,3,0,0,0,0,-1,9,1
11333,82.16997118,22.08437881,1,3,2,1,6,11:30,8,E09000028,3,3,1,30,1,4,3,3,0,0,1,1,1,0,0,1,1,E01003959,06-05-2018,1,2,2,2,-1,-1,3,0,0,1,0,-1,9,-1
11334,82.14280267,22.07890761,1,3,1,1,7,16:55,8,E09000028,5,0,6,30,0,-1,-1,0,0,0,1,1,1,0,0,1,1,E01003961,07-05-2018,1,1,1,1,24,5,3,0,0,0,0,-1,5,1
11335,82.15984122,22.0564328,1,2,1,1,7,03:05,8,E09000028,3,2206,6,30,3,4,6,0,0,0,4,1,2,0,0,1,1,E01004042,07-05-2018,1,1,1,1,47,8,3,0,0,0,0,-1,9,2
11336,82.15260593,22.07042761,1,3,2,1,7,09:48,9,E09000022,3,205,6,30,6,2,3,2199,0,5,1,1,1,4,0,1,1,E01003165,07-05-2018,1,2,2,1,-1,-1,3,0,0,1,0,-1,9,-1
11337,82.1637649,22.05406433,1,2,2,1,2,07:44,8,E09000028,4,214,6,30,3,4,6,0,0,0,1,1,1,0,0,1,1,E01003966,09-05-2018,1,1,1,2,34,6,3,0,0,0,0,-1,9,1
11338,82.16755007,22.09963825,1,3,2,2,3,15:40,8,E09000028,3,2216,6,30,3,4,6,0,0,0,1,1,2,0,0,1,1,E01004075,10-05-2018,1,1,1,1,42,7,3,0,0,0,0,-1,3,1
11339,82.14445628,22.05395611,1,3,1,1,4,08:55,8,E09000028,3,202,6,30,3,4,6,0,0,0,1,1,1,0,0,1,1,E01003914,11-05-2018,1,1,1,1,37,7,3,0,0,0,0,-1,9,1
11340,82.18372708,22.07060064,1,3,1,1,5,09:04,8,E09000028,3,212,6,40,3,2,6,0,0,5,1,1,1,0,0,1,1,E01000740,12-05-2018,2,1,2,2,30,6,3,0,0,2,0,-1,9,1
11341,82.12261192,22.10642888,1,3,1,1,6,16:28,8,E09000028,5,0,6,30,3,4,6,0,0,1,1,1,1,0,0,1,1,E01003971,13-05-2018,1,1,1,1,15,3,3,0,0,0,0,-1,1,1
11342,82.16303973,22.05335125,1,3,2,1,6,09:15,8,E09000028,4,216,6,30,6,2,6,0,0,5,1,1,1,0,0,1,1,E01003990,13-05-2018,1,1,1,1,19,4,3,0,0,0,0,-1,9,1
11343,82.17836045,22.0978304,1,3,1,1,6,09:30,8,E09000028,3,215,6,30,3,4,6,0,0,0,1,1,1,0,0,1,1,E01003996,13-05-2018,1,1,2,2,-1,-1,3,0,0,1,0,-1,9,1
11344,82.19174501,22.08791451,1,3,2,1,1,11:00,8,E09000028,3,205,6,30,0,-1,-1,0,0,0,1,1,1,0,0,1,1,E01003950,15-05-2018,1,1,2,2,9,2,3,0,0,2,0,-1,9,1
11345,82.19486531,22.09507376,1,3,1,1,1,04:45,8,E09000028,3,3200,6,30,0,-1,-1,0,0,0,4,1,1,0,0,1,1,E01003929,15-05-2018,1,2,2,1,9,2,3,0,0,2,0,-1,9,-1
11346,82.14414045,22.04971917,1,3,2,2,1,14:05,8,E09000028,4,217,6,30,8,4,5,0,0,0,1,1,1,0,0,1,1,E01003912,15-05-2018,1,1,1,1,30,6,3,0,0,0,0,-1,5,1
11347,82.17978411,22.09618237,1,3,2,1,6,19:45,8,E09000028,3,2,6,30,0,-1,-1,0,0,0,1,1,1,0,0,1,1,E01003966,20-05-2018,1,1,2,2,-1,-1,3,0,0,1,0,-1,9,-1
11348,82.14222867,22.07875835,1,3,2,1,7,15:05,8,E09000028,6,0,3,30,3,4,3,2,0,0,1,1,1,0,0,1,1,E01003302,21-05-2018,1,2,2,2,-1,-1,3,0,0,2,0,-1,9,-1
11349,82.12336448,22.09328624,1,3,1,1,7,11:50,8,E09000028,4,215,6,30,3,4,6,0,0,0,1,1,1,0,0,1,1,E01003990,28-05-2018,1,1,1,1,10,2,3,0,0,0,0,-1,1,-1
11350,82.1934401,22.10382346,1,3,2,2,6,18:15,8,E09000028,4,215,6,30,0,-1,-1,0,0,5,1,1,1,0,0,1,2,E01004010,01-04-2018,1,1,1,1,21,5,3,0,0,0,0,-1,4,1
11351,82.17448173,22.10743884,1,3,1,2,7,20:30,8,E09000028,3,200,6,30,3,2,6,0,0,5,4,1,1,0,0,1,2,E01004027,09-04-2018,1,1,1,2,38,7,3,0,0,0,0,-1,5,1
11352,82.11287297,22.10049133,1,3,2,1,6,08:45,8,E09000028,4,202,6,30,6,2,3,100,0,5,1,2,2,0,0,1,2,E01003976,08-04-2018,2,2,1,2,34,6,3,0,0,0,0,-1,9,1
11353,82.12015611,22.10599445,1,3,2,1,7,18:55,8,E09000028,3,215,6,30,6,2,4,214,0,5,1,1,1,0,0,1,2,E01003923,09-04-2018,1,1,1,1,47,8,2,0,0,0,0,-1,9,1