Accident_Index,longitude,latitude,Police_Force,Accident_Severity,Number_of_Vehicles,Number_of_Casualties,Day_of_Week,Time,Local_Authority_(District),Local_Authority_(Highway),1st_Road_Class,1st_Road_Number,Road_Type,Speed_limit,Junction_Detail,Junction_Control,2nd_Road_Class,2nd_Road_Number,Pedestrian_Crossing-Human_Control,Pedestrian_Crossing-Physical_Facilities,Light_Conditions,Weather_Conditions,Road_Surface_Conditions,Special_Conditions_at_Site,Carriageway_Hazards,Urban_or_Rural_Area,Did_Police_Officer_Attend_Scene_of_Accident,LSOA_of_Accident_Location,Date,Vehicle_Reference,Casualty_Reference,Casualty_Class,Sex_of_Casualty,Age_of_Casualty,Age_Band_of_Casualty,Casualty_Severity,Pedestrian_Location,Pedestrian_Movement,Car_Passenger,Bus_or_Coach_Passenger,Pedestrian_Road_Maintenance_Worker,Casualty_Type,Casualty_Home_Area_Type
11354,82.18509593,22.07797833,1,3,1,2,1,06:30,8,E09000028,3,100,6,30,0,-1,-1,0,0,0,4,1,1,0,0,1,2,E01004027,10-04-2018,1,1,1,2,21,5,3,0,0,0,0,-1,9,1
11355,82.16830755,22.09867679,1,3,2,1,2,10:45,8,E09000028,3,215,6,30,0,-1,-1,0,0,0,1,1,1,0,0,1,2,E01003923,11-04-2018,2,1,1,1,42,7,3,0,0,0,0,-1,1,1
11356,82.12774415,22.08709434,1,3,2,1,5,08:45,8,E09000028,3,2208,6,30,3,4,6,0,0,0,1,1,1,0,0,1,2,E01003986,14-04-2018,1,1,1,1,40,7,3,0,0,0,0,-1,4,1
11357,82.11920305,22.07773848,1,3,2,1,1,09:20,8,E09000028,3,2,6,30,3,2,3,2208,0,5,1,1,1,0,0,1,1,E01003989,01-05-2018,2,1,1,2,35,6,2,0,0,0,0,-1,9,-1
11358,82.14371416,22.0764218,1,2,2,1,6,12:45,8,E09000028,3,100,6,30,0,-1,-1,0,0,0,1,1,1,0,0,1,1,E01003982,20-05-2018,1,1,1,1,20,4,3,0,0,0,0,-1,1,1
11359,82.11350986,22.08341261,1,3,2,2,6,20:55,8,E09000028,3,2,3,50,3,2,3,2208,0,5,4,1,1,0,0,1,1,E01003989,06-05-2018,3,1,1,2,47,8,3,0,0,0,0,-1,9,1
11360,82.12060505,22.08817226,1,3,2,1,2,08:30,8,E09000028,3,202,6,30,6,2,3,215,0,5,1,1,1,0,0,1,2,E01003921,09-05-2018,3,2,2,1,10,2,3,0,0,2,0,-1,9,1
11361,82.17791649,22.05576134,1,3,2,1,3,17:20,9,E09000022,5,0,6,30,3,4,6,0,0,0,1,1,3,0,0,1,2,E01003012,10-05-2018,4,3,1,1,41,7,3,0,0,0,0,-1,9,-1
11362,82.18299809,22.05446412,1,3,1,1,4,11:05,8,E09000028,3,2215,6,30,0,-1,-1,0,0,0,1,1,1,0,0,1,2,E01004062,11-05-2018,4,4,2,1,10,2,3,0,0,2,0,-1,9,1
11363,82.11372075,22.0589341,1,3,2,1,6,18:15,8,E09000028,6,0,6,30,3,4,6,0,0,0,1,1,1,0,0,1,2,E01003950,13-05-2018,1,1,3,1,21,5,3,5,1,0,0,-1,0,1
11364,82.15006709,22.10481426,1,3,1,1,6,17:44,8,E09000028,3,201,6,30,1,4,3,3,0,7,1,1,1,0,0,1,2,E01003932,13-05-2018,2,1,1,1,26,6,3,0,0,0,0,-1,3,1
11365,82.19440061,22.07578226,1,3,2,1,7,18:20,8,E09000028,3,2208,6,30,3,2,5,0,0,0,1,1,1,0,0,1,2,E01004037,21-05-2018,1,1,1,2,38,7,3,0,0,0,0,-1,9,-1
11366,82.12869848,22.0858222,1,3,2,1,2,08:57,8,E09000028,3,2,6,30,3,2,4,216,0,0,1,1,1,0,0,1,2,E01003989,23-05-2018,1,1,1,2,26,6,3,0,0,0,0,-1,9,1
11367,82.11663249,22.06529636,1,2,2,1,2,07:45,8,E09000028,3,215,6,30,3,4,6,0,0,0,1,1,1,0,0,1,2,E01003078,23-05-2018,1,1,1,1,17,4,3,0,0,0,0,-1,2,1
11368,82.19082215,22.05337925,1,3,1,2,1,21:51,8,E09000028,6,0,2,30,6,4,3,3200,0,0,4,1,1,0,0,1,1,E01003927,03-04-2018,1,1,1,2,37,7,3,0,0,0,0,-1,9,-1
11369,82.18307873,22.06716405,1,3,1,1,3,08:43,8,E09000028,3,2,6,30,0,-1,-1,0,0,0,1,1,2,0,2,1,1,E01003984,03-05-2018,1,1,3,1,11,3,3,10,2,0,0,-1,0,-1
11370,82.15711703,22.0528541,1,3,2,1,4,09:45,8,E09000028,5,0,6,30,3,4,6,0,0,0,1,1,1,0,0,1,1,E01003925,25-05-2018,1,1,2,1,39,7,3,0,0,1,0,-1,9,1
11371,82.15916857,22.07526895,1,3,2,1,1,20:30,8,E09000028,3,2208,6,30,3,4,5,0,0,1,4,1,1,0,0,1,2,E01004038,22-05-2018,2,1,1,2,19,4,2,0,0,0,0,-1,9,-1
11372,82.17314766,22.09036931,1,3,2,1,4,17:00,8,E09000028,6,0,6,30,0,-1,-1,0,0,0,1,1,1,0,0,1,2,E01004036,04-05-2018,1,1,1,1,38,7,3,0,0,0,0,-1,3,2
11373,82.1292827,22.06210695,1,2,1,1,2,11:30,8,E09000028,3,215,6,30,0,-1,-1,0,0,0,1,1,1,0,0,1,2,E01003921,23-05-2018,1,1,1,2,42,7,3,0,0,0,0,-1,9,1
11374,82.14242195,22.07662709,1,3,2,1,1,02:00,8,E09000028,3,202,6,30,3,2,6,0,0,5,4,1,1,0,0,1,2,E01004066,29-05-2018,1,2,2,2,13,3,3,0,0,1,0,-1,9,1
11375,82.17835206,22.09399331,1,3,2,1,4,16:50,8,E09000028,3,2,6,30,0,-1,-1,0,0,0,1,1,1,0,0,1,2,E01003966,01-06-2018,1,1,1,2,25,5,3,0,0,0,0,-1,9,1
11376,82.15475579,22.04892607,1,3,2,1,6,16:40,8,E09000028,3,200,6,30,6,2,3,100,0,5,1,1,1,0,0,1,1,E01004027,22-04-2018,1,1,1,1,18,4,3,0,0,0,0,-1,9,1
11377,82.15332597,22.06212629,1,3,2,1,3,08:44,8,E09000028,4,215,6,30,3,2,3,2,0,5,1,1,1,0,0,1,1,E01003964,24-05-2018,2,2,1,2,42,7,3,0,0,0,0,-1,9,1
11378,82.15662681,22.05218033,1,3,3,1,6,18:10,8,E09000028,5,0,6,30,3,4,5,0,0,0,1,1,1,0,0,1,1,E01003969,13-05-2018,2,3,2,1,5,1,3,0,0,2,0,-1,9,1
11379,82.16587762,22.09123758,1,3,2,2,2,20:00,8,E09000028,3,3202,1,30,1,2,3,301,0,5,4,1,1,0,0,1,1,E01003931,23-05-2018,1,1,3,2,14,3,3,8,9,0,0,-1,0,1
11380,82.14149789,22.07622194,1,3,2,1,7,14:40,8,E09000028,4,203,6,30,6,2,4,203,0,5,1,1,1,0,0,1,1,E01004040,11-06-2018,1,1,1,2,31,6,3,0,0,0,0,-1,9,1
11381,82.14003212,22.07496877,1,3,2,1,6,13:19,8,E09000028,4,214,6,30,6,2,3,2,0,5,1,1,1,0,0,1,1,E01004040,10-06-2018,2,2,1,1,45,7,3,0,0,0,0,-1,9,1
11382,82.12705441,22.09915058,1,3,2,1,7,22:30,8,E09000028,3,2,6,30,3,2,4,203,0,5,4,1,1,0,0,1,1,E01003980,04-06-2018,1,1,1,1,-1,-1,3,0,0,0,0,-1,9,-1
11383,82.13968805,22.05380976,1,3,2,1,3,14:20,8,E09000028,3,2216,3,30,6,2,6,0,0,5,1,1,1,0,0,1,1,E01004052,24-05-2018,1,1,3,2,17,4,2,5,3,0,0,-1,0,1
11384,82.13992044,22.10543234,1,3,2,1,6,10:23,8,E09000028,3,200,6,30,7,2,3,2208,0,5,1,2,2,0,0,1,1,E01004031,20-05-2018,1,1,1,1,37,7,3,0,0,0,0,-1,9,1
11385,82.11094393,22.07257728,1,3,1,1,2,16:19,8,E09000028,4,215,6,30,0,-1,-1,0,0,0,1,1,1,0,0,1,1,E01004010,23-05-2018,1,1,1,1,48,8,3,0,0,0,0,-1,9,1
11386,82.1349659,22.08537768,1,3,2,1,2,22:40,8,E09000028,3,202,6,30,0,-1,-1,0,0,5,4,1,1,0,0,1,1,E01004010,23-05-2018,2,2,1,2,48,8,3,0,0,0,0,-1,9,1
11387,82.19158962,22.10152504,1,3,1,1,1,01:59,8,E09000028,3,201,6,30,3,4,6,0,0,0,4,1,1,0,0,1,1,E01003959,22-05-2018,1,1,2,2,30,6,3,0,0,2,0,-1,9,1
11388,82.13601587,22.06882453,1,3,2,1,4,14:29,9,E09000022,3,202,6,30,3,4,6,0,0,0,1,1,1,0,0,1,1,E01003183,18-05-2018,1,1,1,1,23,5,2,0,0,0,0,-1,5,1
11389,82.19560079,22.09718468,1,3,2,1,2,19:40,8,E09000028,3,2216,6,30,0,-1,-1,0,0,0,1,2,2,0,0,1,1,E01003950,16-05-2018,1,1,1,2,-1,-1,3,0,0,0,0,-1,9,-1
11390,82.11898915,22.10084189,1,3,1,2,1,16:50,8,E09000028,3,2215,6,30,0,-1,-1,0,0,0,1,1,1,0,0,1,1,E01004062,15-05-2018,1,1,3,1,33,6,3,5,3,0,0,-1,0,-1
11391,82.16162137,22.1049877,1,3,1,1,7,10:00,8,E09000028,6,0,6,30,0,-1,-1,0,0,0,1,1,1,0,0,1,1,E01004031,07-05-2018,1,1,1,1,-1,-1,3,0,0,0,0,-1,9,-1
11392,82.14139946,22.06035209,1,2,2,1,3,13:15,8,E09000028,4,215,6,30,0,-1,-1,0,0,0,1,1,1,0,0,1,1,E01004010,15-02-2018,1,1,1,1,23,5,3,0,0,0,0,-1,9,1
11393,82.13062724,22.06453288,1,3,1,1,4,17:55,9,E09000022,3,2214,6,30,6,2,3,215,0,5,1,1,1,0,0,1,1,E01004074,25-05-2018,2,1,1,1,26,6,3,0,0,0,0,-1,20,1
11394,82.14297705,22.05650715,1,3,2,1,6,08:19,8,E09000028,3,2,6,30,3,2,6,0,0,5,1,1,1,0,0,1,1,E01003988,27-05-2018,2,1,1,1,41,7,3,0,0,0,0,-1,1,1
11395,82.15429672,22.07001241,1,3,2,1,6,08:09,8,E09000028,3,2208,6,30,3,4,4,204,0,0,1,1,1,0,0,1,1,E01004037,27-05-2018,1,1,3,1,4,1,2,4,3,0,0,-1,0,1
11396,82.1329179,22.05623981,1,3,1,1,6,09:25,8,E09000028,6,0,6,30,3,2,3,200,0,5,1,1,1,0,0,1,1,E01004031,27-05-2018,1,6,1,1,31,6,3,0,0,0,0,-1,9,1
11397,82.16411988,22.06692678,1,3,2,1,5,16:34,8,E09000028,3,2206,6,30,3,4,6,0,0,4,1,1,1,0,0,1,1,E01004043,02-06-2018,2,2,2,1,53,8,3,0,0,0,3,-1,11,1
11398,82.12083596,22.10275686,1,3,1,1,5,14:01,8,E09000028,4,217,6,30,0,-1,-1,0,0,4,1,1,1,0,0,1,1,E01003969,02-06-2018,2,3,2,2,44,7,3,0,0,0,4,-1,11,1
11399,82.12202443,22.09418268,1,3,2,1,2,04:00,8,E09000028,3,201,6,30,3,4,4,240,0,5,4,1,1,0,0,1,1,E01003962,06-06-2018,2,4,2,1,57,9,3,0,0,0,4,-1,11,1
11400,82.11634946,22.0950828,1,3,2,1,2,13:54,8,E09000028,6,0,6,30,6,4,6,0,0,0,1,1,1,0,2,1,1,E01003973,06-06-2018,2,5,2,1,43,7,3,0,0,0,4,-1,11,1
11401,82.15978683,22.05411493,1,3,2,1,2,16:09,8,E09000028,3,2208,6,30,3,4,5,0,0,0,1,1,1,0,0,1,1,E01004037,06-06-2018,2,7,1,1,41,7,3,0,0,0,0,-1,11,1
11402,82.12937293,22.07909821,1,3,2,1,3,07:20,8,E09000028,3,215,6,30,3,4,6,0,0,0,1,1,1,0,0,1,1,E01003072,07-06-2018,3,1,2,2,38,7,3,0,0,0,4,-1,11,-1
11403,82.11190803,22.05132105,1,3,2,1,3,08:34,8,E09000028,3,2215,6,30,0,-1,-1,0,0,0,1,1,1,0,0,1,1,E01004062,07-06-2018,2,1,1,1,18,4,3,0,0,0,0,-1,1,1
11404,82.16129152,22.07711811,1,3,2,1,3,19:09,8,E09000028,3,2216,6,30,0,-1,-1,0,0,0,1,1,1,0,0,1,1,E01004072,07-06-2018,1,1,2,2,25,5,3,0,0,1,0,-1,9,3
11405,82.12040561,22.0614404,1,3,2,1,6,13:00,8,E09000028,3,2216,3,30,3,4,6,0,0,0,1,1,1,0,0,1,1,E01004049,10-06-2018,1,1,1,2,42,7,3,0,0,0,0,-1,9,-1
11406,82.1530458,22.10740782,1,2,1,1,6,14:16,8,E09000028,3,3,6,30,3,4,6,0,0,1,1,1,1,0,0,1,1,E01003927,10-06-2018,2,1,1,2,30,6,3,0,0,0,0,-1,9,1
11407,82.16286926,22.07662478,1,3,1,1,2,15:52,8,E09000028,6,0,6,30,3,4,3,2215,0,0,1,1,1,0,0,1,1,E01004067,13-06-2018,3,1,1,1,53,8,3,0,0,0,0,-1,9,1
11408,82.11013991,22.08570572,1,3,1,2,1,11:50,8,E09000028,3,2216,6,30,0,-1,-1,0,0,0,1,1,1,0,0,1,1,E01004075,12-06-2018,2,1,2,2,57,9,3,0,0,1,0,-1,9,1
11409,82.18139471,22.08376944,1,2,1,1,7,06:10,8,E09000028,5,0,6,30,0,-1,-1,0,0,0,1,1,1,0,2,1,1,E01004036,11-06-2018,1,1,1,1,39,7,3,0,0,0,0,-1,9,1
11410,82.11503653,22.05337223,1,3,1,1,3,08:40,8,E09000028,3,202,6,30,3,4,6,0,0,0,1,1,1,0,0,1,1,E01004067,24-05-2018,1,1,1,1,33,6,3,0,0,0,0,-1,5,1
11411,82.19100957,22.0722167,1,3,1,1,1,15:40,8,E09000028,4,205,6,30,8,4,6,0,0,0,1,1,1,0,0,1,1,E01004029,12-06-2018,1,1,1,1,16,4,3,0,0,0,0,-1,3,1
11412,82.13363122,22.080714,1,2,1,1,6,11:05,8,E09000028,3,202,6,30,3,4,6,0,0,0,1,1,1,0,0,1,1,E01004005,27-05-2018,1,1,3,1,12,3,3,5,1,0,0,-1,0,-1
11413,82.16048403,22.0562573,1,3,1,1,6,14:41,8,E09000028,6,0,6,30,0,-1,-1,0,0,0,1,1,1,0,0,1,1,E01003964,10-06-2018,1,1,1,1,17,4,3,0,0,0,0,-1,3,1
11414,82.1647128,22.08453157,1,2,1,1,7,21:10,7,E09000023,3,202,6,30,6,2,4,2227,0,5,4,1,1,0,0,1,1,E01004004,11-06-2018,2,1,1,2,34,6,3,0,0,0,0,-1,9,-1
11415,82.19379182,22.1038868,1,3,1,1,6,17:50,8,E09000028,3,202,6,30,6,4,3,202,0,1,1,1,1,0,0,1,1,E01003921,10-06-2018,1,1,3,1,12,3,3,5,1,0,0,-1,0,-1
11416,82.19298116,22.09543785,1,2,1,1,3,15:31,8,E09000028,3,2,6,30,0,-1,-1,0,0,4,1,1,1,0,0,1,1,E01003984,10-05-2018,1,1,1,1,-1,-1,3,0,0,0,0,-1,2,-1
11417,82.10807019,22.05013886,1,3,1,4,3,11:25,8,E09000028,3,215,6,30,0,-1,-1,0,0,0,1,1,1,0,0,1,1,E01003994,14-06-2018,1,1,3,2,60,9,2,6,9,0,0,-1,0,1
11418,82.15982741,22.07447338,1,3,3,1,5,13:39,8,E09000028,6,0,6,30,3,4,6,0,0,0,1,2,2,0,0,1,1,E01004004,16-06-2018,1,1,1,2,23,5,3,0,0,0,0,-1,9,1
11419,82.11931777,22.06992118,1,3,3,2,5,12:57,8,E09000028,3,202,6,30,3,2,6,0,0,5,1,2,2,0,0,1,1,E01004066,16-06-2018,1,1,1,1,12,3,3,0,0,0,0,-1,1,1
11420,82.1219651,22.06027201,1,3,1,1,4,11:45,8,E09000028,3,200,6,30,0,-1,-1,0,0,0,1,2,2,0,0,1,1,E01004031,15-06-2018,1,1,1,2,19,4,3,0,0,0,0,-1,9,1
11421,82.19642708,22.10119265,1,3,1,1,6,21:40,8,E09000028,6,0,6,30,3,4,6,0,0,0,1,1,1,0,0,1,1,E01003965,10-06-2018,1,2,2,2,15,3,3,0,0,1,0,-1,9,1
11422,82.18283339,22.07283818,1,3,2,1,5,21:28,8,E09000028,3,201,6,30,3,4,6,0,0,0,4,1,1,0,0,1,1,E01003928,16-06-2018,1,3,2,2,-1,-1,3,0,0,2,0,-1,9,-1
11423,82.19059653,22.07579661,1,2,1,1,4,17:02,8,E09000028,3,212,6,30,8,4,6,0,0,0,1,1,1,0,0,1,1,E01003948,15-06-2018,1,1,1,1,24,5,3,0,0,0,0,-1,9,-1
11424,82.15660161,22.06778815,1,3,2,1,7,13:00,9,E09000022,5,0,6,30,6,2,3,2199,0,5,1,1,1,0,0,1,2,E01004069,04-06-2018,1,1,1,2,-1,-1,3,0,0,0,0,-1,8,-1
11425,82.14167487,22.05805645,1,2,3,1,7,17:10,8,E09000028,6,0,6,30,3,4,6,0,0,0,1,1,1,0,0,1,2,E01004036,04-06-2018,2,1,1,1,-1,-1,3,0,0,0,0,-1,1,-1
11426,82.11306207,22.10097161,1,3,2,1,4,07:35,8,E09000028,3,202,6,30,0,-1,-1,0,0,1,1,1,1,0,0,1,1,E01004066,22-06-2018,1,1,1,1,17,4,3,0,0,0,0,-1,2,1
11427,82.11218314,22.08596641,1,3,2,1,3,08:05,8,E09000028,3,2198,6,30,3,4,6,0,0,0,1,1,1,0,0,1,1,E01003929,07-06-2018,1,1,1,1,-1,-1,2,0,0,0,0,-1,4,-1
11428,82.1930845,22.04890535,1,3,2,1,5,10:13,9,E09000022,3,202,6,30,6,2,5,0,0,5,1,1,1,0,0,1,1,E01003180,23-06-2018,2,2,1,1,54,8,3,0,0,0,0,-1,9,1
11429,82.11712937,22.08546548,48,3,2,1,6,16:15,570,E09000001,3,100,6,30,0,-1,-1,0,0,0,1,1,1,0,0,1,1,,17-06-2018,1,2,2,1,16,4,3,0,0,0,0,-1,20,-1
11430,82.14726485,22.09497392,1,3,2,1,6,15:57,8,E09000028,6,0,6,30,3,4,6,0,0,0,1,1,1,0,0,1,1,E01004013,17-06-2018,2,1,1,2,17,4,3,0,0,0,0,-1,9,-1
11431,82.15133184,22.10630704,1,3,2,1,7,15:46,8,E09000028,4,214,6,30,3,4,6,0,0,1,1,1,1,0,0,1,1,E01003970,18-06-2018,1,1,2,2,15,3,3,0,0,1,0,-1,9,1
11432,82.16192914,22.06960283,1,3,2,1,7,11:00,8,E09000028,3,215,6,30,0,-1,-1,0,0,0,1,1,1,0,0,1,1,E01003994,18-06-2018,1,1,3,1,35,6,3,5,3,0,0,-1,0,1
11433,82.11860706,22.06974131,1,3,3,1,2,13:35,8,E09000028,3,200,6,30,6,4,6,0,0,0,1,1,1,0,0,1,1,E01003981,20-06-2018,1,1,2,2,46,8,3,0,0,1,0,-1,9,1
11434,82.13120027,22.08021438,1,3,2,1,1,06:20,8,E09000028,3,100,6,30,6,2,3,2206,0,5,1,1,1,0,0,1,1,E01003941,19-06-2018,2,2,1,2,28,6,3,0,0,0,0,-1,9,1
11435,82.16237443,22.1030758,1,3,1,1,3,19:57,8,E09000028,3,215,6,30,7,2,3,2217,0,5,1,1,1,0,0,1,1,E01003922,31-05-2018,1,1,1,1,57,9,3,0,0,0,0,-1,21,3
11436,82.14481405,22.05133487,1,3,2,1,6,07:20,8,E09000028,3,300,6,30,3,4,3,3,0,0,1,1,1,0,0,1,1,E01003937,27-05-2018,2,2,1,1,70,10,3,0,0,0,0,-1,9,1
11437,82.16372877,22.08950495,1,3,2,1,3,17:53,8,E09000028,6,0,6,30,3,4,6,0,0,0,1,1,1,0,0,1,1,E01004009,31-05-2018,1,1,1,2,23,5,3,0,0,0,0,-1,9,1
11438,82.15576165,22.05705405,1,3,2,1,5,16:00,8,E09000028,4,214,6,30,3,4,6,0,0,0,1,1,1,0,0,1,1,E01003971,02-06-2018,1,1,2,2,29,6,3,0,0,1,0,-1,9,1
11439,82.1341758,22.10533257,1,3,2,1,3,13:49,9,E09000022,3,202,6,30,3,4,3,202,0,0,1,1,1,0,0,1,1,E01003919,14-06-2018,1,2,1,1,32,6,3,0,0,0,0,-1,9,1
11440,82.11942449,22.085832,1,3,2,1,5,11:55,8,E09000028,4,204,6,30,3,4,6,0,0,0,1,1,1,0,0,1,1,E01004039,16-06-2018,1,1,1,1,38,7,3,0,0,0,0,-1,9,1
11441,82.16965263,22.08982229,1,3,1,1,4,18:52,8,E09000028,3,202,6,30,0,-1,-1,0,0,0,1,1,1,0,0,1,1,E01004067,22-06-2018,2,2,1,1,37,7,3,0,0,0,0,-1,10,1
11442,82.19264214,22.05655693,1,3,2,1,6,11:07,8,E09000028,3,2,3,30,3,2,6,0,0,0,1,1,1,0,0,1,1,E01003964,17-06-2018,1,1,1,2,34,6,3,0,0,0,0,-1,9,1
11443,82.16995187,22.05824139,1,3,2,1,5,14:40,8,E09000028,3,202,6,30,8,4,6,0,0,0,1,1,1,0,0,1,1,E01004066,02-06-2018,1,1,1,1,32,6,3,0,0,0,0,-1,9,1
11444,82.12612195,22.08389919,1,3,1,1,3,19:30,8,E09000028,3,2,6,30,3,4,5,0,0,0,1,1,1,0,0,1,1,E01003966,10-05-2018,1,1,1,1,20,4,3,0,0,0,0,-1,3,1
11445,82.10819633,22.05528225,1,2,1,1,7,21:05,8,E09000028,3,215,6,30,0,-1,-1,0,0,5,4,1,1,0,0,1,1,E01003922,04-06-2018,1,1,2,2,17,4,3,0,0,1,0,-1,9,1
11446,82.12037567,22.09840826,1,3,3,1,5,14:50,8,E09000028,6,0,6,30,3,4,6,0,0,0,1,1,1,0,0,1,1,E01003949,09-06-2018,1,1,2,1,18,4,3,0,0,2,0,-1,9,-1
11447,82.15055387,22.09913691,1,3,2,1,7,16:25,8,E09000028,3,3200,6,30,3,2,3,3,0,5,1,1,1,0,0,1,1,E01003929,25-06-2018,1,1,1,1,62,9,2,0,0,0,0,-1,9,-1
11448,82.1131602,22.08204952,1,3,2,1,2,08:38,8,E09000028,6,0,6,30,0,-1,-1,0,0,0,1,1,1,0,0,1,1,E01004053,27-06-2018,1,1,1,1,39,7,3,0,0,0,0,-1,9,1
11449,82.17026385,22.09696741,1,3,2,1,4,17:20,7,E09000023,4,2227,6,30,0,-1,-1,0,0,0,1,1,1,0,0,1,1,E01004003,22-06-2018,1,1,1,1,30,6,3,0,0,0,0,-1,9,1
11450,82.12350943,22.06101543,1,3,1,1,2,13:59,8,E09000028,3,201,6,30,3,4,5,0,0,0,1,1,1,0,0,1,1,E01003930,04-07-2018,1,1,1,1,48,8,3,0,0,0,0,-1,9,1
11451,82.14357158,22.08565694,1,3,2,1,2,19:12,8,E09000028,4,215,6,30,6,2,5,0,0,5,1,1,1,0,0,1,1,E01004010,04-07-2018,1,1,1,1,19,4,3,0,0,0,0,-1,19,1
11452,82.18717184,22.05188874,1,3,3,1,6,23:30,8,E09000028,3,2,6,30,3,2,4,215,0,5,4,2,2,0,0,1,1,E01003964,06-05-2018,1,1,3,2,8,2,2,5,1,0,0,-1,0,1
11453,82.15434636,22.05712572,1,3,2,2,2,16:50,8,E09000028,3,2,1,30,1,2,3,2,0,0,1,1,1,0,0,1,1,E01003941,20-06-2018,1,1,3,2,15,3,3,1,1,0,0,-1,0,1
11454,82.11333135,22.09895923,1,3,2,1,1,02:14,8,E09000028,6,0,6,30,2,4,6,0,0,0,4,1,1,0,0,1,1,E01003949,19-06-2018,1,1,2,2,7,2,3,0,0,1,0,-1,9,1
11455,82.18587705,22.04942674,1,3,2,1,3,15:30,8,E09000028,3,2214,6,30,0,-1,-1,0,0,0,1,1,1,0,0,1,1,E01003953,21-06-2018,1,1,1,1,19,4,3,0,0,0,0,-1,3,1
11456,82.19431529,22.05231457,1,3,2,1,4,18:40,8,E09000028,3,3200,6,30,6,4,6,0,0,1,1,1,1,0,0,1,1,E01003934,29-06-2018,1,1,1,2,38,7,3,0,0,0,0,-1,9,1
11457,82.16986391,22.06803942,1,3,1,1,5,15:59,8,E09000028,3,300,6,30,0,-1,-1,0,0,0,1,1,1,0,0,1,1,E01003935,23-06-2018,1,1,1,2,43,7,3,0,0,0,0,-1,5,1
11458,82.17276286,22.05913058,1,3,2,1,6,10:00,8,E09000028,3,100,6,30,6,4,6,0,0,0,1,1,1,0,0,1,1,E01003982,24-06-2018,2,1,1,1,29,6,3,0,0,0,0,-1,9,1
11459,82.12389065,22.06915267,1,3,2,1,6,10:30,8,E09000028,4,238,6,30,0,-1,-1,0,0,0,1,1,1,0,0,1,1,E01004021,24-06-2018,1,1,1,1,56,9,3,0,0,0,0,-1,9,-1
11460,82.17502547,22.0721668,1,3,1,1,6,00:06,8,E09000028,3,2207,6,30,6,2,3,100,0,5,4,1,1,0,0,1,1,E01004027,24-06-2018,1,1,2,2,61,9,3,0,0,2,0,-1,9,-1
11461,82.17060272,22.07327575,1,3,2,2,2,14:45,8,E09000028,3,212,6,30,8,4,6,0,0,0,1,1,1,0,0,1,1,E01003948,27-06-2018,1,2,2,2,59,9,3,0,0,2,0,-1,9,1
11462,82.16987717,22.07068885,1,3,2,1,7,17:55,8,E09000028,3,2,6,30,3,4,6,0,0,5,1,1,1,0,0,1,2,E01003966,11-06-2018,1,1,1,1,71,10,3,0,0,0,0,-1,9,1
11463,82.13304761,22.06018402,1,3,2,1,2,07:55,8,E09000028,3,3,6,30,3,4,6,0,0,0,1,1,1,0,0,1,2,E01003929,13-06-2018,1,1,3,2,41,7,3,5,1,0,0,-1,0,1
11464,82.185025,22.1007143,1,3,1,1,2,18:40,8,E09000028,3,215,6,30,0,-1,-1,0,0,4,1,1,1,0,0,1,2,E01003994,13-06-2018,1,1,1,1,32,6,3,0,0,0,0,-1,9,1
11465,82.17056195,22.09180267,1,3,2,1,2,08:00,8,E09000028,6,0,6,30,0,-1,-1,0,0,0,1,1,1,0,0,1,2,E01003949,13-06-2018,1,1,3,2,14,3,3,5,1,0,0,-1,0,1
11466,82.18601454,22.065686,1,3,1,1,2,11:30,8,E09000028,3,2,6,30,6,2,4,214,0,5,1,1,1,0,0,1,2,E01004040,13-06-2018,1,1,1,1,16,4,3,0,0,0,0,-1,3,1
11467,82.16212216,22.06586969,1,2,2,1,1,11:15,8,E09000028,3,2,6,30,3,4,6,0,0,0,1,1,1,0,0,1,1,E01003964,26-06-2018,2,1,2,2,46,8,3,0,0,1,0,-1,9,1
11468,82.17815643,22.09720508,1,3,2,1,6,08:02,8,E09000028,3,2207,6,30,6,2,3,100,0,5,1,1,1,0,0,1,1,E01004027,17-06-2018,1,1,1,1,32,6,3,0,0,0,0,-1,9,1
11469,82.11192141,22.09452939,1,3,2,1,3,11:35,8,E09000028,3,202,6,30,3,4,6,0,0,1,1,1,1,0,0,1,2,E01004067,14-06-2018,1,1,1,1,43,7,3,0,0,0,0,-1,3,1
11470,82.13000302,22.05565572,1,3,2,1,2,17:50,8,E09000028,3,101,6,30,0,-1,-1,0,0,0,1,1,1,0,0,1,2,E01004030,20-06-2018,2,1,1,1,80,11,3,0,0,0,0,-1,9,1
11471,82.19262132,22.08794045,1,3,2,1,3,07:05,8,E09000028,6,0,6,30,3,4,3,2,0,0,1,1,1,0,0,1,2,E01003964,21-06-2018,1,1,3,2,14,3,3,4,2,0,0,-1,0,-1
11472,82.13901153,22.07493805,1,3,2,1,3,17:30,8,E09000028,3,200,1,30,1,4,3,200,0,0,1,1,1,0,0,1,2,E01004034,21-06-2018,1,1,1,2,57,9,3,0,0,0,0,-1,9,1
11473,82.19719578,22.07503399,1,2,1,1,2,22:10,8,E09000028,3,3,1,30,1,4,3,302,0,4,1,1,1,0,0,1,2,E01003933,20-06-2018,2,2,1,2,37,7,3,0,0,0,0,-1,9,1
11474,82.11629382,22.07150157,1,3,2,1,5,15:05,8,E09000028,4,238,6,30,0,-1,-1,0,0,0,1,1,1,0,0,1,2,E01004015,23-06-2018,1,1,3,1,82,11,3,6,9,0,0,-1,0,-1