Accident_Index,longitude,latitude,Police_Force,Accident_Severity,Number_of_Vehicles,Number_of_Casualties,Day_of_Week,Time,Local_Authority_(District),Local_Authority_(Highway),1st_Road_Class,1st_Road_Number,Road_Type,Speed_limit,Junction_Detail,Junction_Control,2nd_Road_Class,2nd_Road_Number,Pedestrian_Crossing-Human_Control,Pedestrian_Crossing-Physical_Facilities,Light_Conditions,Weather_Conditions,Road_Surface_Conditions,Special_Conditions_at_Site,Carriageway_Hazards,Urban_or_Rural_Area,Did_Police_Officer_Attend_Scene_of_Accident,LSOA_of_Accident_Location,Date,Vehicle_Reference,Casualty_Reference,Casualty_Class,Sex_of_Casualty,Age_of_Casualty,Age_Band_of_Casualty,Casualty_Severity,Pedestrian_Location,Pedestrian_Movement,Car_Passenger,Bus_or_Coach_Passenger,Pedestrian_Road_Maintenance_Worker,Casualty_Type,Casualty_Home_Area_Type
11597,82.12694391,22.08793562,1,3,3,1,2,16:46,8,E09000028,3,2199,6,30,3,4,6,0,0,0,1,1,1,0,0,1,1,E01003165,29-08-2018,1,1,1,1,26,6,3,0,0,0,0,-1,1,1
11598,82.16733986,22.09715232,1,3,1,1,3,16:40,9,E09000022,3,205,6,30,3,4,6,0,0,1,1,1,1,0,0,1,1,E01003164,30-08-2018,1,1,1,2,61,9,3,0,0,0,0,-1,9,1
11599,82.18509611,22.05128258,1,3,2,1,5,16:43,8,E09000028,3,2,6,30,3,2,6,0,0,5,1,1,1,0,0,1,1,E01003964,25-08-2018,1,2,2,2,-1,-1,3,0,0,1,0,-1,9,1
11600,82.11481632,22.07408457,1,3,2,1,5,21:20,8,E09000028,3,2206,6,30,3,2,4,203,0,5,1,1,1,0,0,1,2,E01003977,21-04-2018,1,1,1,1,43,7,3,0,0,0,0,-1,3,1
11601,82.18358472,22.08469705,1,3,2,1,6,13:04,8,E09000028,3,2214,6,30,7,4,3,2214,0,0,1,1,1,0,0,1,1,E01004073,26-08-2018,2,1,1,2,53,8,3,0,0,0,0,-1,9,1
11602,82.16839338,22.09855164,1,3,2,1,1,10:00,8,E09000028,3,101,2,30,1,4,3,200,0,0,1,1,1,0,0,1,1,E01004033,14-08-2018,1,1,3,1,36,7,3,5,1,0,0,-1,0,1
11603,82.11524126,22.07062786,1,3,1,1,3,10:15,8,E09000028,3,215,6,30,3,2,3,215,0,5,1,1,1,0,0,1,1,E01003996,16-08-2018,1,1,2,2,-1,-1,3,0,0,0,4,-1,11,-1
11604,82.1820444,22.10625042,1,3,2,4,7,19:30,9,E09000022,3,301,1,30,1,4,3,301,0,0,1,1,1,0,0,1,2,E01003016,13-08-2018,1,1,2,2,23,5,3,0,0,0,4,-1,11,1
11605,82.19044043,22.10730161,1,3,1,1,7,13:00,9,E09000022,3,3,6,30,3,2,5,0,0,5,1,1,1,0,0,1,1,E01003108,27-08-2018,1,2,2,2,2,1,3,0,0,0,4,-1,11,-1
11606,82.17838415,22.04847974,1,3,1,1,7,12:10,8,E09000028,3,2215,6,30,0,-1,-1,0,0,5,1,1,1,0,0,1,1,E01004062,27-08-2018,1,1,3,2,39,7,3,5,2,0,0,-1,0,-1
11607,82.13117889,22.09967707,1,3,3,2,4,16:32,8,E09000028,3,3,6,30,3,4,6,0,0,1,1,1,1,0,0,1,1,E01003927,31-08-2018,1,1,3,2,29,6,3,4,1,0,0,-1,0,-1
11608,82.15852344,22.1016909,1,3,2,1,3,21:00,8,E09000028,6,0,6,30,2,4,6,0,0,0,1,1,1,0,0,1,2,E01004067,26-07-2018,1,1,3,2,44,7,3,9,5,0,0,-1,0,1
11609,82.15434213,22.05122177,1,3,2,1,3,17:10,8,E09000028,3,200,6,30,3,4,5,0,0,0,1,1,1,0,0,1,1,E01004036,16-08-2018,1,1,1,1,25,5,3,0,0,0,0,-1,9,3
11610,82.1651718,22.08615694,1,3,2,1,3,14:00,8,E09000028,3,2,6,30,3,2,4,203,0,5,1,1,1,0,0,1,2,E01003966,06-09-2018,2,2,1,1,54,8,2,0,0,0,0,-1,9,1
11611,82.11601759,22.08468846,1,3,2,1,2,20:15,8,E09000028,3,3200,6,30,6,4,6,0,0,1,4,2,2,0,0,1,2,E01003934,22-08-2018,1,1,1,1,26,6,3,0,0,0,0,-1,3,1
11612,82.17802415,22.09734581,1,3,2,1,3,20:35,8,E09000028,3,202,6,30,0,-1,-1,0,0,0,1,1,1,0,0,1,2,E01004004,02-08-2018,1,1,2,2,-1,-1,3,0,0,0,3,-1,11,1
11613,82.14162391,22.09076514,1,3,2,1,2,11:35,8,E09000028,3,3,6,30,0,-1,-1,0,0,5,1,2,2,0,0,1,1,E01003933,25-07-2018,1,1,1,1,28,6,3,0,0,0,0,-1,1,1
11614,82.17719999,22.05132219,1,3,1,1,7,02:09,8,E09000028,3,3,6,30,0,-1,-1,0,0,0,4,1,1,0,0,1,1,E01003996,14-05-2018,1,1,2,2,5,1,3,0,0,2,0,-1,9,1
11615,82.11438138,22.10220831,1,3,2,5,2,21:00,8,E09000028,3,2214,6,30,6,4,5,0,0,0,4,1,1,0,0,1,1,E01004068,27-06-2018,1,1,3,1,40,7,3,6,9,0,0,-1,0,1
11616,82.12074668,22.08357914,1,2,1,1,7,01:55,8,E09000028,3,202,6,30,3,2,3,2215,0,5,4,1,1,0,0,1,1,E01004067,25-06-2018,1,1,2,2,46,8,3,0,0,2,0,-1,9,1
11617,82.16421053,22.06406662,1,2,2,2,1,13:50,8,E09000028,6,0,6,30,3,4,4,215,0,0,1,1,1,0,0,1,1,E01003990,03-07-2018,1,1,1,2,26,6,3,0,0,0,0,-1,9,1
11618,82.17933691,22.05372736,1,3,3,1,1,01:31,8,E09000028,3,202,6,30,3,4,3,2215,0,0,4,1,1,0,0,1,1,E01004010,24-07-2018,1,1,2,2,25,5,2,0,0,2,0,-1,8,-1
11619,82.11561889,22.07316137,1,3,2,1,5,18:01,8,E09000028,3,3,6,30,3,2,3,200,0,5,1,1,1,0,0,1,1,E01003929,14-07-2018,1,1,1,2,28,6,3,0,0,0,0,-1,9,1
11620,82.11277212,22.05796962,1,3,2,1,1,18:23,8,E09000028,5,0,6,30,3,4,6,0,0,0,1,1,1,0,0,1,1,E01004039,28-08-2018,1,1,1,1,21,5,3,0,0,0,0,-1,9,1
11621,82.12278828,22.08898853,1,2,2,1,4,22:30,8,E09000028,3,2208,6,30,3,4,6,0,0,0,4,1,1,0,0,1,1,E01004038,27-07-2018,1,1,2,1,35,6,3,0,0,1,0,-1,9,1
11622,82.13350894,22.08594556,1,3,1,1,3,11:05,8,E09000028,6,0,6,30,0,-1,-1,0,0,0,1,1,1,0,0,1,1,E01003943,16-08-2018,1,1,3,1,46,8,3,1,1,0,0,-1,0,-1
11623,82.19770498,22.10351532,1,3,2,1,5,21:00,8,E09000028,3,302,1,30,1,4,3,3,0,0,1,1,1,0,0,1,2,E01003932,25-08-2018,1,1,1,1,42,7,3,0,0,0,0,-1,9,-1
11624,82.12073831,22.0660338,1,2,1,2,6,10:55,8,E09000028,3,215,6,30,0,-1,-1,0,0,0,1,1,1,0,0,1,1,E01003076,26-08-2018,2,1,1,2,33,6,3,0,0,0,0,-1,3,1
11625,82.15480774,22.10185688,1,3,2,1,5,19:05,8,E09000028,3,2,3,30,6,2,4,214,0,5,1,1,1,0,0,1,1,E01003966,01-09-2018,1,1,1,2,21,5,3,0,0,0,0,-1,9,1
11626,82.10939143,22.08825087,1,3,2,1,6,17:45,8,E09000028,3,2214,6,30,3,4,3,2216,0,0,1,1,1,0,0,1,1,E01003953,02-09-2018,1,1,1,2,31,6,3,0,0,0,0,-1,9,-1
11627,82.12337194,22.08640527,1,3,2,2,1,13:43,8,E09000028,3,215,6,30,8,4,6,0,0,5,1,1,1,0,0,1,1,E01003996,10-07-2018,1,1,3,1,13,3,3,4,1,0,0,-1,0,-1
11628,82.1776789,22.09036004,1,2,1,1,7,18:55,8,E09000028,3,212,6,30,3,4,3,212,0,0,4,1,1,0,0,1,1,E01003948,03-09-2018,1,2,3,1,16,4,3,4,1,0,0,-1,0,1
11629,82.13476197,22.07145153,1,3,3,2,2,18:35,8,E09000028,3,2208,6,30,3,4,6,0,0,0,1,1,1,0,0,1,1,E01003986,05-09-2018,1,1,2,2,24,5,3,0,0,0,4,-1,11,-1
11630,82.1672081,22.05987755,1,3,2,1,7,22:30,8,E09000028,5,0,6,30,6,2,3,2214,0,5,4,1,1,0,0,1,1,E01004069,03-09-2018,2,1,1,2,28,6,3,0,0,0,0,-1,9,1
11631,82.12335263,22.0611499,1,3,2,1,7,08:51,8,E09000028,3,3,1,30,1,4,3,3,0,0,1,1,1,0,0,1,1,E01003933,02-07-2018,2,1,1,1,36,7,3,0,0,0,0,-1,9,1
11632,82.19034895,22.05562085,1,3,2,1,5,08:25,8,E09000028,6,0,6,30,3,4,6,0,0,0,1,1,1,0,0,1,1,E01003948,11-08-2018,3,2,1,2,39,7,3,0,0,0,0,-1,9,1
11633,82.14476853,22.08654318,1,3,3,1,5,16:17,8,E09000028,3,202,6,30,3,2,6,0,0,5,1,1,1,0,0,1,1,E01003914,18-08-2018,2,1,1,1,19,4,2,0,0,0,0,-1,1,1
11634,82.12957604,22.08016872,1,3,2,1,5,09:10,8,E09000028,3,300,6,30,6,2,4,300,0,5,1,1,1,0,0,1,1,E01003929,18-08-2018,1,1,3,1,13,3,2,5,1,0,0,-1,0,1
11635,82.14007956,22.07188672,1,3,1,1,3,19:48,8,E09000028,3,100,6,30,0,-1,-1,0,0,0,4,1,1,0,0,1,1,E01004027,06-09-2018,1,1,3,1,14,3,3,9,6,0,0,-1,0,-1
11636,82.1435601,22.0578539,1,3,2,1,7,17:50,8,E09000028,6,0,6,30,3,4,6,0,0,0,1,1,1,0,0,1,2,E01003914,09-07-2018,1,1,2,2,32,6,3,0,0,0,1,-1,11,-1
11637,82.18872396,22.09636248,1,3,2,1,7,20:17,8,E09000028,3,2208,6,30,9,2,5,0,0,0,4,2,2,0,0,1,1,E01004037,10-09-2018,1,1,1,1,33,6,3,0,0,0,0,-1,5,1
11638,82.11309137,22.0799916,1,3,2,1,7,12:30,8,E09000028,3,2199,6,30,1,4,3,2199,0,1,1,1,1,0,0,1,1,E01003946,20-08-2018,1,1,1,1,42,7,3,0,0,0,0,-1,5,1
11639,82.14829898,22.08845285,1,3,1,1,6,21:40,8,E09000028,3,2206,6,30,3,4,3,2206,0,0,4,1,1,0,0,1,1,E01004035,26-08-2018,1,1,2,2,90,11,3,0,0,0,4,-1,11,-1
11640,82.19611449,22.04867184,1,3,2,1,7,09:49,8,E09000028,3,3,6,30,0,-1,-1,0,0,0,1,1,1,0,0,1,1,E01003933,27-08-2018,1,1,3,2,21,5,3,5,3,0,0,-1,0,1
11641,82.19240836,22.05259602,1,3,1,1,3,11:20,8,E09000028,6,0,6,30,3,4,6,0,0,0,1,1,1,0,0,1,1,E01004022,30-08-2018,1,1,3,2,63,9,3,5,3,0,0,-1,0,1
11642,82.16377268,22.07572933,1,3,2,1,6,21:55,8,E09000028,3,2,3,30,3,2,3,2208,0,5,4,1,1,0,0,1,1,E01003989,02-09-2018,1,1,3,1,30,6,3,5,3,0,0,-1,0,1
11643,82.18485792,22.09950647,1,2,2,1,3,08:30,8,E09000028,3,3,6,30,0,-1,-1,0,0,0,1,1,1,0,0,1,1,E01003932,20-09-2018,1,1,1,1,30,6,3,0,0,0,0,-1,5,1
11644,82.17195629,22.08164274,1,3,2,1,4,18:29,8,E09000028,3,3,6,30,3,2,6,0,0,5,1,1,1,0,0,1,1,E01003981,21-09-2018,2,1,1,1,51,8,3,0,0,0,0,-1,5,1
11645,82.11250931,22.05652718,1,3,2,1,5,15:45,8,E09000028,3,2214,6,30,3,4,6,0,0,0,1,1,1,0,0,1,1,E01004064,22-09-2018,1,1,3,2,17,4,2,5,1,0,0,-1,0,1
11646,82.17952214,22.07102714,1,3,2,1,5,19:20,8,E09000028,3,300,6,30,8,4,6,0,0,0,1,2,2,0,0,1,1,E01003929,22-09-2018,1,1,3,1,26,6,3,5,1,0,0,-1,0,-1
11647,82.14827766,22.06267663,1,3,2,1,2,22:42,8,E09000028,4,215,6,30,3,4,4,216,0,0,4,1,1,0,0,1,1,E01004010,26-09-2018,2,1,1,1,40,7,3,0,0,0,0,-1,9,1
11648,82.15064199,22.06072759,1,3,2,1,1,18:55,8,E09000028,3,3,6,30,3,2,3,3,0,5,1,1,1,0,0,1,1,E01003929,25-09-2018,1,1,1,1,38,7,2,0,0,0,0,-1,5,1
11649,82.11345728,22.09268499,1,3,2,1,6,18:57,8,E09000028,6,0,6,30,3,4,6,0,0,0,1,1,1,0,0,1,1,E01003952,20-05-2018,1,1,3,2,13,3,3,4,3,0,0,-1,0,1
11650,82.17307113,22.05288981,1,3,2,1,3,08:30,8,E09000028,3,215,6,30,3,4,6,0,0,1,1,1,1,0,0,1,2,E01004047,06-09-2018,1,1,1,1,20,4,3,0,0,0,0,-1,2,-1
11651,82.1782049,22.06137315,1,3,2,1,6,20:23,8,E09000028,3,2216,6,30,3,4,6,0,0,0,4,1,1,0,0,1,1,E01004072,26-08-2018,1,1,1,1,59,9,3,0,0,0,0,-1,4,-1
11652,82.12069678,22.06834692,1,2,1,1,5,16:18,8,E09000028,3,215,6,30,3,4,6,0,0,1,1,1,1,0,0,1,1,E01003994,08-09-2018,2,1,1,1,38,7,3,0,0,0,0,-1,5,1
11653,82.13312255,22.0827588,1,3,1,1,6,12:00,8,E09000028,3,2214,6,30,0,-1,-1,0,0,1,1,1,1,0,0,1,1,E01003953,02-09-2018,1,1,3,1,35,6,3,5,1,0,0,-1,0,-1
11654,82.1184131,22.10547976,1,3,2,1,5,12:13,8,E09000028,3,202,6,30,3,4,4,217,0,4,1,1,1,0,0,1,1,E01004066,08-09-2018,1,1,3,2,57,9,3,5,1,0,0,-1,0,1
11655,82.17748863,22.0642073,1,3,1,1,2,18:00,1,E09000033,3,3211,6,30,0,-1,-1,0,0,4,1,1,1,0,0,1,2,E01004733,19-09-2018,1,2,1,1,31,6,3,0,0,0,0,-1,5,1
11656,82.15598609,22.09723578,1,3,3,1,2,17:45,8,E09000028,3,215,6,30,6,2,6,0,0,5,1,2,2,0,0,1,2,E01003996,16-05-2018,1,1,1,1,29,6,3,0,0,0,0,-1,5,-1
11657,82.14257007,22.10033724,1,2,1,1,6,01:45,8,E09000028,6,0,6,30,0,-1,-1,0,0,0,4,1,1,0,0,1,1,E01003964,02-09-2018,1,1,3,1,69,10,3,5,1,0,0,-1,0,-1
11658,82.12358387,22.06552658,1,2,2,1,7,17:15,8,E09000028,6,0,6,30,3,4,6,0,0,0,1,1,1,0,0,1,1,E01003915,03-09-2018,1,1,2,2,75,10,3,0,0,1,0,-1,9,-1
11659,82.16451053,22.07602391,1,3,2,1,1,21:27,8,E09000028,3,2214,6,30,6,2,3,2214,0,0,4,1,1,4,0,1,1,E01004070,04-09-2018,2,1,1,2,32,6,3,0,0,0,0,-1,4,1
11660,82.14747965,22.07203504,1,3,2,1,3,18:20,9,E09000022,3,2214,6,30,3,4,6,0,0,1,1,1,1,0,0,1,1,E01003074,06-09-2018,1,1,3,2,25,5,3,1,3,0,0,-1,0,1
11661,82.16017047,22.05816686,1,3,2,1,6,17:00,8,E09000028,5,0,6,30,0,-1,-1,0,0,0,1,1,1,0,0,1,1,E01003984,09-09-2018,1,1,2,2,50,8,3,0,0,0,3,-1,11,1
11662,82.11835984,22.07583861,1,2,1,1,3,23:44,8,E09000028,3,201,6,30,3,4,6,0,0,0,4,1,1,0,0,1,1,E01003959,06-09-2018,1,1,1,1,38,7,2,0,0,0,0,-1,3,1
11663,82.14049256,22.10023944,1,3,2,1,6,07:15,8,E09000028,3,3,1,30,1,4,3,302,0,0,1,1,1,0,0,1,1,E01003933,09-09-2018,2,1,1,1,30,6,3,0,0,0,0,-1,9,1
11664,82.12602523,22.09058,1,3,1,2,6,19:51,8,E09000028,3,2208,6,30,3,4,3,2206,0,0,4,1,1,0,0,1,1,E01004035,16-09-2018,1,1,1,1,56,9,3,0,0,0,0,-1,1,1
11665,82.18380538,22.09928104,1,3,1,1,5,15:11,8,E09000028,3,201,6,30,3,4,6,0,0,4,1,1,1,0,0,1,1,E01003960,15-09-2018,1,1,1,1,40,7,3,0,0,0,0,-1,9,1
11666,82.15624394,22.06656234,1,3,2,1,1,12:08,8,E09000028,3,2,6,30,0,-1,-1,0,0,0,1,1,1,0,0,1,1,E01003942,11-09-2018,1,1,1,1,33,6,3,0,0,0,0,-1,9,1
11667,82.12822293,22.08311585,1,3,2,1,1,16:45,8,E09000028,3,200,6,30,3,4,3,200,0,1,1,4,4,0,0,1,1,E01004027,11-09-2018,1,1,2,1,2,1,3,0,0,0,4,-1,11,-1
11668,82.11547304,22.10114871,1,3,2,1,5,22:30,8,E09000028,3,3,6,30,3,4,3,300,0,1,4,1,1,0,0,1,1,E01003927,15-09-2018,1,2,2,2,25,5,3,0,0,0,3,-1,11,-1
11669,82.11304325,22.08817696,1,3,3,3,1,17:45,8,E09000028,3,201,6,30,3,4,4,240,0,0,1,1,1,0,0,1,1,E01003962,11-09-2018,1,1,1,1,19,4,3,0,0,0,0,-1,1,1
11670,82.10754902,22.05133179,1,3,2,2,1,20:50,8,E09000028,3,2208,6,30,3,4,3,200,0,0,1,1,1,0,0,1,1,E01004036,04-09-2018,1,1,2,2,-1,-1,3,0,0,0,3,-1,11,-1
11671,82.14309717,22.06035981,1,3,2,1,7,15:30,8,E09000028,6,0,6,30,3,4,6,0,0,0,1,1,2,0,0,1,1,E01003948,01-10-2018,1,1,2,2,54,8,3,0,0,0,4,-1,11,1
11672,82.11269981,22.0974792,1,3,1,1,1,10:50,8,E09000028,6,0,6,30,3,4,6,0,0,0,1,1,1,0,0,1,1,E01003927,02-10-2018,1,1,3,2,39,7,3,5,1,0,0,-1,0,1
11673,82.13729118,22.05568835,1,3,1,1,5,10:05,8,E09000028,3,200,6,30,3,2,4,206,0,5,1,1,1,0,0,1,1,E01004036,08-09-2018,2,1,1,1,31,6,3,0,0,0,0,-1,3,1
11674,82.1807071,22.06639244,1,3,1,1,2,22:45,8,E09000028,3,2,6,30,0,-1,-1,0,0,0,4,1,1,0,0,1,1,E01003966,05-09-2018,1,1,1,1,41,7,3,0,0,0,0,-1,5,-1
11675,82.13999935,22.06327832,1,3,2,1,3,15:55,8,E09000028,3,2206,6,30,6,4,6,0,0,0,1,1,1,0,0,1,1,E01003979,20-09-2018,1,1,3,2,13,3,3,5,1,0,0,-1,0,-1
11676,82.1308227,22.09423764,1,3,2,1,3,09:09,9,E09000022,4,222,6,30,7,2,3,215,0,5,1,1,1,0,0,1,1,E01003074,20-09-2018,1,1,2,1,33,6,3,0,0,0,2,-1,11,1
11677,82.12960996,22.06247985,1,3,2,1,5,13:10,8,E09000028,3,215,6,30,3,4,6,0,0,4,1,1,1,0,0,1,1,E01003996,15-09-2018,1,1,3,2,18,4,3,5,1,0,0,-1,0,1
11678,82.11629473,22.08903152,1,2,2,1,6,06:01,8,E09000028,3,3202,1,30,1,4,3,201,0,0,4,1,2,0,0,1,1,E01003931,19-08-2018,1,1,1,2,27,6,3,0,0,0,0,-1,3,1
11679,82.1445969,22.0590262,1,2,1,1,3,08:30,8,E09000028,3,3,6,30,6,2,3,200,0,5,1,1,1,0,0,1,1,E01003939,13-09-2018,1,1,1,2,30,6,3,0,0,0,0,-1,3,1
11680,82.16152485,22.08490255,1,3,3,1,3,20:00,8,E09000028,6,0,1,30,2,4,6,0,0,0,4,1,1,0,0,1,1,E01003949,27-09-2018,1,1,3,1,15,3,3,5,1,0,0,-1,0,-1
11681,82.1238419,22.09725967,1,3,3,1,6,14:15,8,E09000028,3,201,6,30,3,4,4,240,0,4,1,1,1,0,0,1,1,E01003962,16-09-2018,1,1,1,1,39,7,3,0,0,0,0,-1,5,1
11682,82.18613557,22.04998512,1,3,2,1,6,17:00,8,E09000028,3,215,6,30,3,4,3,215,0,0,1,1,1,0,0,1,1,E01003921,30-09-2018,1,1,1,1,25,5,3,0,0,0,0,-1,5,1
11683,82.15471095,22.06074908,1,2,2,1,5,17:47,8,E09000028,3,202,6,30,3,2,6,0,0,5,1,1,1,0,0,1,1,E01003914,29-09-2018,2,1,1,2,41,7,3,0,0,0,0,-1,9,1
11684,82.16321002,22.05929552,1,3,2,1,4,18:56,8,E09000028,3,2214,6,30,3,4,6,0,0,0,4,1,2,0,0,1,1,E01004064,28-09-2018,1,1,1,1,51,8,3,0,0,0,0,-1,5,1
11685,82.12659522,22.09615436,1,3,2,1,3,15:30,8,E09000028,5,0,6,30,0,-1,-1,0,0,0,1,1,1,0,0,1,1,E01004069,27-09-2018,1,1,3,1,27,6,3,5,1,0,0,-1,0,1
11686,82.17673612,22.05615197,1,2,2,2,2,18:28,8,E09000028,6,0,2,30,6,4,6,0,0,0,4,1,1,0,0,1,1,E01004063,26-09-2018,1,1,1,1,29,6,3,0,0,0,0,-1,1,1
11687,82.14103954,22.05651796,1,3,2,1,2,08:07,8,E09000028,3,2,6,30,3,2,5,0,0,5,1,1,1,0,0,1,1,E01003966,26-09-2018,1,1,1,2,44,7,3,0,0,0,0,-1,9,-1
11688,82.15884571,22.0733294,1,3,1,2,1,20:45,8,E09000028,3,2,3,50,0,-1,-1,0,0,0,4,1,1,0,0,1,1,E01003989,25-09-2018,1,1,3,1,20,4,2,1,4,0,0,-1,0,1
11689,82.19065865,22.06595085,1,3,2,1,6,09:09,8,E09000028,3,3,6,30,0,-1,-1,0,0,0,1,2,2,0,0,1,1,E01003929,30-09-2018,2,1,1,1,30,6,3,0,0,0,0,-1,1,-1
11690,82.18944264,22.09468655,1,3,2,1,3,07:35,8,E09000028,3,201,6,30,3,4,6,0,0,0,1,2,2,0,0,1,1,E01003944,27-09-2018,1,1,1,2,24,5,3,0,0,0,0,-1,9,1
11691,82.19620495,22.05386213,1,3,2,1,5,02:00,8,E09000028,3,202,6,30,3,4,6,0,0,1,4,2,2,0,0,1,1,E01003985,29-09-2018,1,1,1,1,50,8,3,0,0,0,0,-1,5,1
11692,82.18399313,22.09776661,1,3,1,1,3,14:24,8,E09000028,3,2,6,30,0,-1,-1,0,0,0,1,1,1,0,0,1,1,E01003984,30-08-2018,1,1,1,1,35,6,3,0,0,0,0,-1,3,1
11693,82.13917543,22.08256239,1,3,2,1,5,09:12,8,E09000028,3,3,1,30,1,4,3,302,0,0,1,1,1,0,0,1,1,E01003933,25-08-2018,2,1,1,1,33,6,3,0,0,0,0,-1,1,1
11694,82.19472774,22.10250556,1,3,2,1,5,17:19,8,E09000028,3,2,6,30,3,4,6,0,0,4,1,1,1,0,0,1,1,E01003988,29-09-2018,1,1,1,1,43,7,2,0,0,0,0,-1,5,1
11695,82.16451654,22.0852396,1,3,2,1,3,10:06,8,E09000028,5,0,6,30,6,4,6,0,0,0,1,1,1,0,0,1,2,E01003988,20-09-2018,1,1,1,2,37,7,2,0,0,0,0,-1,5,1
11696,82.16534251,22.05889592,1,3,2,2,3,22:42,8,E09000028,3,2201,6,30,6,4,6,0,0,0,4,1,1,0,0,1,1,E01004030,20-09-2018,1,1,1,1,21,5,3,0,0,0,0,-1,9,1
11697,82.15092638,22.09661129,1,3,2,1,2,00:05,8,E09000028,3,2,6,30,3,2,3,2208,0,5,4,1,1,0,0,1,1,E01003989,26-09-2018,1,1,1,1,49,8,3,0,0,0,0,-1,19,1
11698,82.18114644,22.04862057,1,3,2,1,3,10:47,8,E09000028,6,0,6,30,3,4,6,0,0,0,1,1,1,0,0,1,1,E01004021,27-09-2018,1,1,1,1,30,6,3,0,0,0,0,-1,9,1
11699,82.14990031,22.07208426,1,2,1,1,5,07:42,8,E09000028,3,205,6,30,3,4,5,0,0,0,1,2,2,0,0,1,1,E01003951,15-09-2018,1,1,1,1,32,6,3,0,0,0,0,-1,5,1
11700,82.17038416,22.0950797,1,3,1,1,5,11:55,9,E09000022,3,2199,6,30,0,-1,-1,0,0,0,1,2,2,0,0,1,1,E01004069,15-09-2018,1,1,3,1,45,7,2,1,3,0,0,-1,0,1
11701,82.13753945,22.04951547,1,3,2,1,6,14:06,8,E09000028,3,2216,6,30,3,4,6,0,0,0,1,1,1,0,0,1,1,E01003952,16-09-2018,1,1,1,1,38,7,3,0,0,0,0,-1,9,1
11702,82.13194354,22.08023578,1,3,2,1,2,15:44,8,E09000028,3,200,3,30,3,2,3,2207,0,5,1,1,1,0,0,1,1,E01004028,12-09-2018,2,2,1,1,33,6,3,0,0,0,0,-1,9,1
11703,82.18501207,22.06942516,1,3,1,2,6,14:19,8,E09000028,3,202,6,30,3,2,3,2215,0,5,1,1,1,0,0,1,1,E01004067,09-09-2018,1,1,1,1,36,7,3,0,0,0,0,-1,9,1
11704,82.13678441,22.08437618,1,2,2,1,5,23:28,8,E09000028,3,100,6,30,6,2,3,200,0,5,4,1,1,0,0,1,1,E01004027,29-09-2018,1,1,3,2,-1,-1,3,5,1,0,0,-1,0,-1
11705,82.18853342,22.07450314,1,3,2,1,5,08:23,8,E09000028,3,100,6,30,6,4,6,0,0,0,1,1,1,0,0,1,2,E01003941,29-09-2018,1,1,3,1,48,8,3,5,3,0,0,-1,0,-1
11706,82.11593035,22.06358671,1,3,2,1,3,14:00,9,E09000022,3,215,6,30,6,2,5,0,0,5,1,1,1,0,0,1,2,E01003072,27-09-2018,1,1,3,1,74,10,3,5,3,0,0,-1,0,1
11707,82.15457366,22.04916775,1,3,1,1,1,12:05,8,E09000028,3,200,6,30,0,-1,-1,0,0,0,1,1,1,0,0,1,2,E01004034,25-09-2018,2,1,1,1,26,6,3,0,0,0,0,-1,3,-1
11708,82.16495513,22.09459906,1,3,2,1,6,11:00,8,E09000028,6,0,6,30,6,4,3,2201,0,0,1,1,1,0,0,1,1,E01004030,23-09-2018,1,1,1,2,39,7,3,0,0,0,0,-1,1,1
11709,82.17324421,22.05067176,1,3,2,1,3,21:10,8,E09000028,3,215,6,30,3,2,5,0,0,5,4,1,1,0,0,1,1,E01003996,04-10-2018,1,1,2,1,54,8,3,0,0,1,0,-1,9,1
11710,82.11147298,22.0657599,1,3,2,1,5,18:03,8,E09000028,3,2,6,30,3,4,6,0,0,0,1,1,1,0,0,1,1,E01003984,06-10-2018,2,1,1,1,49,8,3,0,0,0,0,-1,1,1
11711,82.14517243,22.08378433,1,3,1,1,1,23:46,8,E09000028,3,202,6,30,3,4,6,0,0,1,4,1,1,0,0,1,1,E01004067,09-10-2018,1,1,3,2,38,7,3,1,1,0,0,-1,0,1
11712,82.15404916,22.07853188,1,2,1,1,5,15:15,8,E09000028,3,201,6,30,0,-1,-1,0,0,0,1,1,1,0,0,1,2,E01003959,15-09-2018,1,1,3,1,32,6,3,5,1,0,0,-1,0,1
11713,82.11455835,22.05761977,1,3,2,1,7,14:40,8,E09000028,3,3,6,30,6,4,6,0,0,5,1,1,1,0,6,1,1,E01003937,01-10-2018,1,1,3,2,33,6,3,4,3,0,0,-1,0,1
11714,82.12927184,22.09168058,1,3,2,1,6,17:10,8,E09000028,6,0,6,30,3,4,6,0,0,0,1,1,1,0,0,1,1,E01004068,07-10-2018,2,1,1,1,27,6,3,0,0,0,0,-1,5,1
11715,82.14285435,22.09427746,1,3,1,1,2,16:00,8,E09000028,3,205,6,30,3,4,6,0,0,0,1,1,1,0,0,1,1,E01003949,10-10-2018,2,1,1,1,40,7,3,0,0,0,0,-1,9,-1
11716,82.17226757,22.06697563,1,3,1,1,5,13:05,8,E09000028,3,202,6,30,0,-1,-1,0,0,0,1,1,1,0,0,1,1,E01004067,06-10-2018,2,2,2,2,43,7,3,0,0,2,0,-1,9,1
11717,82.19680165,22.09972142,1,2,3,2,4,16:43,8,E09000028,4,238,6,30,3,4,6,0,0,0,1,1,1,0,0,1,1,E01004018,05-10-2018,2,1,1,1,34,6,3,0,0,0,0,-1,9,1