Accident_Index,longitude,latitude,Police_Force,Accident_Severity,Number_of_Vehicles,Number_of_Casualties,Day_of_Week,Time,Local_Authority_(District),Local_Authority_(Highway),1st_Road_Class,1st_Road_Number,Road_Type,Speed_limit,Junction_Detail,Junction_Control,2nd_Road_Class,2nd_Road_Number,Pedestrian_Crossing-Human_Control,Pedestrian_Crossing-Physical_Facilities,Light_Conditions,Weather_Conditions,Road_Surface_Conditions,Special_Conditions_at_Site,Carriageway_Hazards,Urban_or_Rural_Area,Did_Police_Officer_Attend_Scene_of_Accident,LSOA_of_Accident_Location,Date,Vehicle_Reference,Casualty_Reference,Casualty_Class,Sex_of_Casualty,Age_of_Casualty,Age_Band_of_Casualty,Casualty_Severity,Pedestrian_Location,Pedestrian_Movement,Car_Passenger,Bus_or_Coach_Passenger,Pedestrian_Road_Maintenance_Worker,Casualty_Type,Casualty_Home_Area_Type
11718,82.17194855,22.10408872,1,2,2,1,1,11:30,9,E09000022,3,202,6,30,6,2,5,0,0,5,1,1,1,0,0,1,1,E01003183,09-10-2018,2,1,1,2,-1,-1,3,0,0,0,0,-1,1,1
11719,82.15405219,22.10451726,1,3,2,2,5,22:13,8,E09000028,3,215,6,30,6,2,3,215,0,5,4,1,1,0,0,1,1,E01003924,30-06-2018,1,1,3,1,70,10,3,6,9,0,0,-1,0,-1
11720,82.14766515,22.08824728,1,3,2,1,2,13:00,8,E09000028,3,2,6,30,7,2,3,3,0,5,1,1,1,0,0,1,2,E01003939,25-07-2018,1,1,2,1,55,8,3,0,0,0,2,-1,11,-1
11721,82.16027901,22.09580701,1,2,2,1,3,02:30,8,E09000028,3,200,6,30,3,4,6,0,0,0,4,1,1,0,0,1,1,E01003981,20-09-2018,1,1,1,1,25,5,3,0,0,0,0,-1,9,1
11722,82.13101223,22.09602197,1,3,2,1,2,11:10,8,E09000028,3,2198,6,30,3,4,6,0,0,0,1,1,1,0,0,1,1,E01003941,19-09-2018,1,1,3,1,10,2,3,1,1,0,0,-1,0,-1
11723,82.1944944,22.1005577,1,3,2,1,5,12:14,8,E09000028,3,201,6,30,6,4,6,0,0,0,1,1,1,0,0,1,1,E01003928,29-09-2018,2,1,1,1,26,6,3,0,0,0,0,-1,3,1
11724,82.19549355,22.10426012,1,3,2,1,7,13:40,8,E09000028,4,238,6,30,8,4,6,0,0,0,1,2,2,0,0,1,2,E01004021,10-09-2018,1,1,1,1,33,6,3,0,0,0,0,-1,9,1
11725,82.14428322,22.08594453,1,3,1,1,6,09:20,8,E09000028,3,2216,6,30,0,-1,-1,0,0,5,1,1,1,0,0,1,1,E01004075,07-10-2018,2,1,1,1,41,7,3,0,0,0,0,-1,5,1
11726,82.18702943,22.07789535,1,3,1,2,6,19:21,8,E09000028,3,2,6,30,3,4,6,0,0,0,4,1,1,0,0,1,1,E01003966,07-10-2018,1,1,1,1,37,7,3,0,0,0,0,-1,9,-1
11727,82.15193731,22.05263627,1,3,2,1,4,10:09,8,E09000028,3,2,3,30,6,2,4,214,0,5,1,1,1,0,0,1,1,E01003966,05-10-2018,2,2,1,2,35,6,3,0,0,0,0,-1,9,1
11728,82.17744327,22.04990809,1,3,2,1,4,18:18,8,E09000028,3,3,1,30,1,2,3,201,0,5,4,1,1,0,0,1,1,E01003933,05-10-2018,1,1,2,1,20,4,3,0,0,0,3,-1,11,1
11729,82.17120336,22.10685434,1,3,1,1,4,18:47,9,E09000022,4,300,6,30,0,-1,-1,0,0,1,1,1,1,0,0,1,1,E01003017,05-10-2018,1,1,1,1,33,6,2,0,0,0,0,-1,2,1
11730,82.11218944,22.10483001,1,3,1,1,3,09:50,8,E09000028,4,215,6,30,0,-1,-1,0,0,1,1,1,1,0,0,1,1,E01004010,04-10-2018,1,1,3,1,19,4,3,5,2,0,0,-1,0,1
11731,82.12735671,22.05680069,1,3,1,1,5,17:45,8,E09000028,3,2,6,30,3,2,3,2208,0,5,1,1,1,0,0,1,2,E01003989,06-10-2018,2,1,1,1,58,9,3,0,0,0,0,-1,1,1
11732,82.17743325,22.05397572,1,2,2,1,2,08:42,8,E09000028,3,201,6,30,0,-1,-1,0,0,0,1,1,1,0,0,1,1,E01003959,03-10-2018,1,1,3,2,28,6,3,1,1,0,0,-1,0,1
11733,82.17261502,22.06391528,1,3,2,1,7,01:49,8,E09000028,3,215,6,30,3,2,6,0,0,5,4,2,2,0,0,1,1,E01003921,01-10-2018,1,1,1,1,32,6,3,0,0,0,0,-1,3,-1
11734,82.18028078,22.09341406,1,3,2,1,3,19:30,8,E09000028,3,2216,3,30,6,2,6,0,0,5,4,1,1,0,0,1,2,E01004048,04-10-2018,2,1,1,1,26,6,3,0,0,0,0,-1,3,1
11735,82.19452779,22.051173,1,3,1,1,7,19:20,8,E09000028,3,2206,6,30,3,4,3,2206,0,0,4,2,2,0,0,1,2,E01004035,08-10-2018,2,1,1,1,31,6,3,0,0,0,0,-1,5,1
11736,82.17785745,22.10251869,1,3,2,1,7,02:20,8,E09000028,3,200,6,30,0,-1,-1,0,0,0,5,1,1,0,0,1,2,E01004022,08-10-2018,1,1,2,2,26,6,3,0,0,0,3,-1,11,-1
11737,82.15179764,22.10292861,1,3,2,1,5,08:40,8,E09000028,3,2,6,30,3,4,4,2227,0,0,1,1,2,0,0,1,2,E01004003,20-10-2018,2,1,1,1,27,6,3,0,0,0,0,-1,9,1
11738,82.17549292,22.09519931,1,3,2,1,2,16:00,8,E09000028,3,202,6,30,3,4,6,0,0,0,1,1,1,0,0,1,1,E01003985,10-10-2018,1,1,1,1,34,6,3,0,0,0,0,-1,8,1
11739,82.17350723,22.08305191,1,3,1,1,7,05:25,8,E09000028,3,202,6,30,0,-1,-1,0,0,0,4,1,1,0,0,1,1,E01003921,15-10-2018,1,1,3,1,18,4,3,4,3,0,0,-1,0,1
11740,82.18892858,22.09377034,1,3,2,1,7,09:43,8,E09000028,6,0,6,30,3,4,4,215,0,0,1,1,1,0,0,1,1,E01004010,15-10-2018,1,1,1,1,58,9,3,0,0,0,0,-1,19,1
11741,82.11987823,22.05936933,1,3,1,1,4,20:27,8,E09000028,4,214,6,30,0,-1,-1,0,0,0,4,2,2,0,0,1,1,E01003964,12-10-2018,2,1,1,1,31,6,3,0,0,0,0,-1,1,1
11742,82.1842108,22.06564263,1,3,3,2,3,17:30,8,E09000028,3,2216,6,30,0,-1,-1,0,0,0,1,1,1,0,0,1,1,E01004075,11-10-2018,1,1,3,2,12,3,2,5,4,0,0,-1,0,1
11743,82.15494724,22.10166488,1,3,2,1,4,14:10,8,E09000028,4,238,6,30,3,4,6,0,0,0,1,2,2,0,0,1,1,E01004018,12-10-2018,2,1,1,1,24,5,3,0,0,0,0,-1,9,1
11744,82.14184868,22.079473,1,3,2,1,1,23:28,8,E09000028,3,101,6,30,1,4,6,0,0,0,4,1,1,0,0,1,1,E01004033,09-10-2018,1,1,1,1,45,7,3,0,0,0,0,-1,9,1
11745,82.13489881,22.06172313,1,3,2,1,7,17:12,8,E09000028,3,2,6,30,3,4,6,0,0,0,1,1,1,0,0,1,1,E01003984,08-10-2018,1,1,1,1,42,7,3,0,0,0,0,-1,5,1
11746,82.15171078,22.10277867,1,3,1,1,6,16:30,8,E09000028,3,2215,6,30,0,-1,-1,0,0,0,1,1,1,0,0,1,1,E01004062,07-10-2018,1,1,3,1,35,6,3,5,1,0,0,-1,0,1
11747,82.15469166,22.08385363,1,3,2,1,1,04:27,8,E09000028,3,2,6,30,3,4,6,0,0,0,4,1,1,0,0,1,1,E01003989,16-10-2018,1,1,1,1,35,6,3,0,0,0,0,-1,9,1
11748,82.14669301,22.07047135,1,3,2,3,1,12:00,8,E09000028,3,215,6,30,3,2,6,0,0,5,1,1,1,0,0,1,1,E01003996,16-10-2018,1,1,2,2,83,11,3,0,0,1,0,-1,9,1
11749,82.18229997,22.05894887,1,3,2,1,7,16:15,8,E09000028,3,2214,6,30,2,4,6,0,0,0,1,1,1,0,0,1,1,E01004000,15-10-2018,1,1,1,1,58,9,3,0,0,0,0,-1,9,-1
11750,82.18154527,22.0878983,1,3,2,1,7,15:00,8,E09000028,3,2214,6,30,3,4,6,0,0,0,1,1,1,0,0,1,1,E01004064,15-10-2018,1,1,1,1,30,6,3,0,0,0,0,-1,1,1
11751,82.11360227,22.06613792,1,3,2,1,3,08:00,8,E09000028,6,0,2,30,3,2,3,302,0,5,1,1,1,0,6,1,1,E01003932,11-10-2018,1,1,2,2,69,10,3,0,0,0,1,-1,11,1
11752,82.1594752,22.07944782,1,3,1,1,4,16:30,8,E09000028,5,0,6,30,3,4,6,0,0,0,1,2,2,0,0,1,1,E01004042,12-10-2018,1,1,1,1,42,7,3,0,0,0,0,-1,2,1
11753,82.13408763,22.06644844,1,3,1,1,2,09:53,8,E09000028,5,0,6,30,0,-1,-1,0,0,0,1,1,1,0,0,1,1,E01004069,17-10-2018,1,1,3,1,10,2,3,5,3,0,0,-1,0,-1
11754,82.10656913,22.06726204,1,3,2,1,3,22:03,8,E09000028,3,215,6,30,6,2,4,214,0,5,4,1,1,0,0,1,1,E01003923,18-10-2018,1,1,3,1,31,6,3,5,2,0,0,-1,0,1
11755,82.15476229,22.09251191,1,3,1,1,6,20:37,8,E09000028,3,2216,6,30,3,4,6,0,0,0,4,1,1,0,0,1,1,E01003952,21-10-2018,1,1,3,1,27,6,3,10,9,0,0,-1,0,1
11756,82.1608514,22.10500513,1,3,2,1,5,20:15,8,E09000028,3,2206,6,30,3,4,6,0,0,0,4,1,1,0,0,1,1,E01004035,20-10-2018,1,1,1,1,21,5,3,0,0,0,0,-1,5,1
11757,82.14482613,22.07324148,1,2,1,1,4,08:02,8,E09000028,3,3,6,30,3,4,6,0,0,1,1,2,2,0,0,1,1,E01003110,19-10-2018,1,1,1,1,31,6,3,0,0,0,0,-1,4,1
11758,82.18481433,22.07258845,1,3,1,1,4,15:50,8,E09000028,4,219,6,30,3,4,6,0,0,0,1,1,1,0,0,1,1,E01003958,19-10-2018,1,1,1,1,34,6,3,0,0,0,0,-1,1,1
11759,82.16917468,22.06164548,1,3,2,1,7,15:00,8,E09000028,3,2,6,30,0,-1,-1,0,0,0,1,2,2,0,0,1,2,E01003960,10-09-2018,1,1,1,2,58,9,3,0,0,0,0,-1,9,1
11760,82.15036545,22.06216434,1,2,1,2,7,15:32,8,E09000028,5,0,6,30,0,-1,-1,0,0,0,1,1,1,0,0,1,1,E01003961,15-10-2018,1,1,1,1,-1,-1,3,0,0,0,0,-1,3,1
11761,82.15683044,22.09155035,1,3,2,1,6,16:17,8,E09000028,3,215,6,30,3,4,3,215,0,0,1,1,1,0,0,1,1,E01003921,21-10-2018,2,1,2,1,35,6,3,0,0,0,4,-1,11,1
11762,82.12496595,22.0711348,1,3,2,1,5,11:18,8,E09000028,3,202,6,30,3,4,6,0,0,0,1,1,1,0,0,1,1,E01004005,20-10-2018,1,1,3,1,49,8,3,4,1,0,0,-1,0,1
11763,82.1286341,22.06594164,1,3,1,1,7,19:40,8,E09000028,6,0,6,30,3,4,6,0,0,0,4,2,2,0,0,1,1,E01004068,08-10-2018,1,1,3,2,26,6,2,4,1,0,0,-1,0,1
11764,82.19392627,22.09530325,1,3,2,1,5,07:00,8,E09000028,3,2,6,30,1,4,3,2,0,0,1,1,2,0,0,1,1,E01003960,20-10-2018,1,1,1,1,50,8,3,0,0,0,0,-1,5,1
11765,82.1723998,22.10437268,1,3,2,1,5,13:50,8,E09000028,3,302,6,30,3,4,6,0,0,0,1,1,1,0,0,1,1,E01003932,20-10-2018,2,1,2,1,38,7,3,0,0,2,0,-1,9,-1
11766,82.12492645,22.07312471,1,3,1,1,3,18:12,8,E09000028,3,2215,6,30,3,4,6,0,0,0,1,2,2,0,0,1,1,E01004067,25-10-2018,1,1,2,2,69,10,3,0,0,0,4,-1,11,-1
11767,82.17656266,22.05431966,1,3,2,1,2,16:21,8,E09000028,3,2216,6,30,3,4,5,0,0,0,1,2,2,0,0,1,1,E01004075,24-10-2018,2,1,1,1,28,6,3,0,0,0,0,-1,2,-1
11768,82.11827083,22.05103441,1,3,1,1,3,20:05,8,E09000028,5,0,6,30,3,4,6,0,0,0,4,1,1,0,0,1,1,E01004020,25-10-2018,1,1,1,2,60,9,3,0,0,0,0,-1,9,1
11769,82.19654878,22.05797471,1,3,2,1,3,11:45,8,E09000028,6,0,6,30,3,4,6,0,0,0,1,4,1,0,0,1,1,E01004052,25-10-2018,1,1,3,2,24,5,3,1,3,0,0,-1,0,1
11770,82.19189248,22.0570347,1,3,1,1,4,18:10,8,E09000028,3,202,6,30,3,4,6,0,0,0,4,1,1,0,0,1,1,E01004067,26-10-2018,1,1,1,1,31,6,3,0,0,0,0,-1,3,1
11771,82.10674681,22.05383629,1,3,1,1,4,17:59,8,E09000028,3,202,6,30,8,4,6,0,0,0,4,1,1,0,0,1,1,E01004067,26-10-2018,1,1,3,1,27,6,3,5,1,0,0,-1,0,1
11772,82.15084856,22.06261575,1,3,2,1,2,12:41,8,E09000028,3,2214,6,30,3,4,6,0,0,1,1,2,2,0,0,1,1,E01004073,24-10-2018,1,1,3,2,45,7,3,4,1,0,0,-1,0,-1
11773,82.13792958,22.05414062,1,3,3,1,2,15:44,8,E09000028,6,0,6,30,3,4,6,0,0,0,1,1,1,0,0,1,1,E01003917,24-10-2018,1,1,3,2,69,10,3,1,1,0,0,-1,0,-1
11774,82.11826448,22.0521505,1,3,2,1,1,21:46,8,E09000028,3,2206,6,30,8,4,3,2208,0,0,4,1,1,0,0,1,1,E01004035,23-10-2018,2,1,1,1,49,8,2,0,0,0,0,-1,4,-1
11775,82.17609316,22.09194183,1,3,2,2,7,03:59,8,E09000028,3,2,6,30,3,2,5,0,0,5,4,1,1,0,0,1,1,E01003984,22-10-2018,1,1,3,2,11,3,3,4,1,0,0,-1,0,-1
11776,82.1379754,22.09126099,1,3,2,1,5,09:24,8,E09000028,3,202,6,30,8,4,6,0,0,0,1,2,2,0,0,1,1,E01003911,15-09-2018,1,1,3,1,29,6,3,4,3,0,0,-1,0,1
11777,82.16597275,22.08580387,1,3,2,1,3,15:50,8,E09000028,5,0,6,30,3,4,6,0,0,0,1,1,1,0,0,1,2,E01003988,25-10-2018,1,1,2,2,-1,-1,3,0,0,0,4,-1,11,-1
11778,82.1939691,22.0970893,1,3,2,1,5,18:00,8,E09000028,3,200,1,30,1,4,3,200,0,0,1,1,1,0,0,1,2,E01004033,27-10-2018,1,2,2,2,61,9,3,0,0,0,4,-1,11,1
11779,82.1487924,22.067239,1,3,2,1,3,09:01,8,E09000028,3,2214,6,30,3,4,6,0,0,0,1,1,2,0,0,1,1,E01004070,01-11-2018,1,3,2,1,41,7,3,0,0,0,4,-1,11,1
11780,82.13932557,22.05186306,1,2,2,1,3,18:40,8,E09000028,3,201,6,30,0,-1,-1,0,0,0,4,1,1,0,0,1,1,E01003932,01-11-2018,1,1,3,2,9,2,3,5,1,0,0,-1,0,-1
11781,82.11883513,22.08130591,1,3,2,1,3,16:39,8,E09000028,6,0,6,30,0,-1,-1,0,0,0,1,1,1,0,0,1,1,E01004064,13-09-2018,2,1,1,1,41,7,3,0,0,0,0,-1,1,1
11782,82.15063347,22.09809208,1,3,2,1,5,07:05,8,E09000028,6,0,6,30,3,4,4,202,0,0,1,1,1,0,0,1,1,E01003976,15-09-2018,1,1,2,2,11,3,3,0,0,0,3,-1,11,1
11783,82.13125853,22.10310895,1,2,2,1,2,21:30,8,E09000028,4,215,6,30,0,-1,-1,0,0,0,4,2,2,0,0,1,1,E01004010,24-10-2018,1,1,3,1,42,7,3,5,1,0,0,-1,0,1
11784,82.14195893,22.07558215,1,3,2,1,7,17:10,8,E09000028,3,3,1,30,1,4,6,0,0,0,4,1,1,0,0,1,1,E01003933,22-10-2018,1,1,1,1,52,8,3,0,0,0,0,-1,9,1
11785,82.13272203,22.09172122,1,3,2,1,2,15:30,8,E09000028,3,2,6,30,0,-1,-1,0,0,0,1,1,1,0,0,1,2,E01003984,07-11-2018,2,2,1,2,59,9,3,0,0,0,0,-1,9,1
11786,82.17176621,22.07217777,1,3,2,1,6,17:25,8,E09000028,3,202,6,30,6,2,3,215,0,5,4,1,1,0,0,1,1,E01003921,28-10-2018,1,1,2,2,41,7,3,0,0,1,0,-1,9,1
11787,82.16544899,22.05637641,1,3,1,1,7,15:15,8,E09000028,6,0,6,30,3,4,6,0,0,0,1,1,1,0,0,1,1,E01004061,29-10-2018,2,2,1,1,55,8,3,0,0,0,0,-1,9,1
11788,82.18114507,22.08170873,1,3,2,1,5,06:50,8,E09000028,3,3200,6,20,3,4,6,0,0,1,1,1,1,0,0,1,3,E01003927,06-10-2018,2,1,1,2,23,5,3,0,0,0,0,-1,9,1
11789,82.13675383,22.10524164,1,3,3,1,2,16:10,8,E09000028,3,215,6,30,3,4,3,215,0,0,1,1,1,0,0,1,1,E01003921,31-10-2018,1,1,3,2,10,2,3,5,2,0,0,-1,0,1
11790,82.18557587,22.0623421,1,3,2,1,6,17:30,9,E09000022,3,205,6,30,5,2,3,2199,0,5,6,1,1,0,0,1,3,E01003170,28-10-2018,1,1,2,1,17,4,3,0,0,1,0,-1,9,-1
11791,82.11384919,22.06399926,1,3,2,1,7,02:50,9,E09000022,3,2199,6,30,3,4,6,0,0,0,4,1,1,0,0,1,3,E01004069,01-10-2018,1,1,1,2,40,7,3,0,0,0,0,-1,9,-1
11792,82.15381194,22.06547689,1,3,2,1,3,14:48,7,E09000023,3,200,6,30,3,4,3,200,0,4,1,1,1,0,0,1,1,E01004036,18-10-2018,2,2,1,2,27,6,3,0,0,0,0,-1,9,1
11793,82.1366848,22.08629935,1,3,2,1,3,13:40,8,E09000028,6,0,6,30,0,-1,-1,0,0,5,1,1,1,0,0,1,1,E01003933,18-10-2018,1,1,3,1,64,9,3,5,1,0,0,-1,0,1
11794,82.1337091,22.08900008,1,3,1,1,2,19:28,8,E09000028,3,201,1,30,1,4,3,2,0,0,4,2,2,0,0,1,1,E01003942,17-10-2018,2,1,1,1,27,6,3,0,0,0,0,-1,1,1
11795,82.10864332,22.06113772,1,3,2,1,5,15:20,8,E09000028,3,215,6,30,6,2,4,214,0,5,1,1,1,0,0,1,2,E01003923,10-11-2018,1,1,1,2,20,4,3,0,0,0,0,-1,9,-1
11796,82.15355372,22.09606312,1,2,1,1,6,11:20,8,E09000028,3,2,6,30,0,-1,-1,0,0,4,1,1,1,0,0,1,1,E01003966,14-10-2018,1,1,1,1,48,8,3,0,0,0,0,-1,5,1
11797,82.14551506,22.09698853,1,3,1,1,5,07:45,8,E09000028,3,200,6,30,3,4,6,0,0,1,1,2,2,0,0,1,1,E01004031,13-10-2018,1,1,1,1,38,7,3,0,0,0,0,-1,19,1
11798,82.12745621,22.09882123,1,2,2,1,4,07:44,8,E09000028,3,2,6,30,0,-1,-1,0,0,0,1,1,1,0,0,1,1,E01003939,12-10-2018,2,2,1,1,46,8,3,0,0,0,0,-1,19,1
11799,82.18248505,22.06523417,1,3,1,1,4,08:20,8,E09000028,6,0,6,30,0,-1,-1,0,0,0,1,2,2,6,0,1,1,E01003985,02-11-2018,1,1,3,1,55,8,2,1,1,0,0,-1,0,1
11800,82.15071211,22.06403054,1,3,2,1,2,18:00,7,E09000023,3,2214,6,30,3,4,6,0,0,0,4,1,2,0,0,1,1,E01003343,31-10-2018,1,1,2,2,54,8,3,0,0,0,3,-1,11,1
11801,82.16740326,22.05346911,1,3,2,1,5,10:50,8,E09000028,3,2215,6,30,0,-1,-1,0,0,5,1,1,1,0,0,1,1,E01004062,27-10-2018,2,1,1,1,37,7,3,0,0,0,0,-1,3,1
11802,82.15695135,22.06069497,1,2,2,1,3,16:20,8,E09000028,3,3,1,30,1,4,3,201,0,0,1,1,1,0,0,1,1,E01003933,18-10-2018,1,1,1,1,27,6,3,0,0,0,0,-1,9,1
11803,82.17489328,22.09685076,1,3,2,2,5,10:21,8,E09000028,3,300,6,30,9,2,5,0,0,5,1,2,2,0,0,1,1,E01003927,13-10-2018,1,1,1,1,30,6,3,0,0,0,0,-1,4,-1
11804,82.15013262,22.07211183,1,3,1,1,6,17:05,8,E09000028,3,215,6,30,0,-1,-1,0,0,0,7,1,1,0,0,1,2,E01003923,07-10-2018,1,1,2,2,38,7,3,0,0,1,0,-1,9,1
11805,82.13962561,22.07268428,1,3,2,1,5,14:24,19,E09000006,3,212,1,30,1,4,3,214,0,1,1,1,1,0,0,1,1,E01003062,03-11-2018,2,1,1,1,34,6,2,0,0,0,0,-1,3,1
11806,82.12611715,22.06750117,1,3,1,1,5,11:40,8,E09000028,3,2,6,30,3,4,6,0,0,0,1,8,2,0,0,1,1,E01003964,03-11-2018,1,1,1,1,37,7,3,0,0,0,0,-1,3,1
11807,82.11139762,22.08226455,1,3,3,2,6,12:40,8,E09000028,5,0,6,30,3,4,3,2208,0,4,1,1,1,0,0,1,1,E01003987,04-11-2018,1,1,1,2,25,5,3,0,0,0,0,-1,9,1
11808,82.17162808,22.10038633,1,3,2,1,2,12:30,8,E09000028,4,219,6,30,6,4,6,0,0,1,1,1,1,0,0,1,2,E01003957,26-09-2018,2,1,1,2,42,7,3,0,0,0,0,-1,9,3
11809,82.18141529,22.08260557,1,3,2,1,6,16:25,8,E09000028,6,0,3,30,3,2,3,2216,0,5,1,1,1,0,0,1,1,E01004051,04-11-2018,1,1,1,1,42,7,3,0,0,0,0,-1,2,1
11810,82.14972141,22.05726259,1,3,2,1,5,13:20,8,E09000028,3,202,6,30,3,4,6,0,0,1,1,1,1,0,0,1,2,E01003919,03-11-2018,1,1,1,1,18,4,3,0,0,0,0,-1,9,-1
11811,82.13222626,22.09608617,1,3,2,1,1,01:06,8,E09000028,3,3,6,30,3,2,3,200,0,5,4,8,2,0,0,1,1,E01003929,06-11-2018,1,1,3,1,33,6,3,1,1,0,0,-1,0,-1
11812,82.18477909,22.08372084,1,3,2,1,7,19:05,8,E09000028,5,0,6,30,6,4,5,0,0,0,4,1,1,0,0,1,1,E01003934,05-11-2018,1,1,2,2,45,7,3,0,0,0,4,-1,11,1
11813,82.17218981,22.09104845,1,3,2,1,2,08:30,8,E09000028,3,202,6,30,3,4,6,0,0,0,1,1,1,0,0,1,1,E01003921,07-11-2018,1,2,2,1,1,1,3,0,0,0,4,-1,11,1
11814,82.15315734,22.08030513,1,3,2,1,2,20:15,8,E09000028,3,201,3,30,3,4,6,0,0,4,4,1,1,0,0,1,1,E01003960,07-11-2018,1,1,1,1,38,7,3,0,0,0,0,-1,1,1
11815,82.17589411,22.09730426,1,3,3,1,5,05:12,8,E09000028,3,2,6,30,3,2,5,0,0,5,4,1,1,0,0,1,1,E01003961,10-11-2018,2,1,1,2,23,5,3,0,0,0,0,-1,9,-1
11816,82.18076664,22.10684221,1,3,2,1,5,09:55,8,E09000028,3,2216,6,30,3,4,6,0,0,0,1,1,1,0,0,1,1,E01003952,10-11-2018,1,1,2,1,48,8,3,0,0,0,3,-1,11,-1
11817,82.18923069,22.10683049,1,3,3,1,3,13:25,8,E09000028,6,0,6,30,3,4,3,2215,0,0,1,1,1,0,0,1,1,E01004062,08-11-2018,2,1,1,1,20,4,3,0,0,0,0,-1,3,1
11818,82.16013794,22.09907694,1,2,2,1,1,17:08,9,E09000022,3,23,6,30,0,-1,-1,0,0,0,4,2,2,0,0,1,1,E01003100,06-11-2018,2,1,1,2,30,6,3,0,0,0,0,-1,9,1
11819,82.13014478,22.08526018,1,3,2,2,5,17:03,8,E09000028,3,3,1,30,1,2,3,3,0,0,4,1,1,0,0,1,1,E01003933,10-11-2018,1,1,3,1,-1,-1,3,1,1,0,0,-1,0,1
11820,82.17788706,22.07886016,1,3,2,1,3,19:10,8,E09000028,5,0,6,30,6,2,3,2206,0,5,4,2,2,0,0,1,1,E01004043,08-11-2018,2,1,2,1,10,2,3,0,0,1,0,-1,9,1
11821,82.13718759,22.10643312,1,3,2,1,5,09:20,8,E09000028,4,214,6,30,3,2,5,0,0,0,1,1,1,0,0,1,1,E01003969,10-11-2018,1,1,1,1,22,5,3,0,0,0,0,-1,5,1
11822,82.17036006,22.09614265,1,3,2,1,5,17:45,8,E09000028,3,3,1,30,1,4,3,215,0,0,4,1,1,0,0,1,1,E01003933,10-11-2018,1,2,2,1,-1,-1,3,0,0,1,0,-1,9,-1
11823,82.15204133,22.07962944,1,3,1,1,5,23:12,9,E09000022,3,301,3,30,3,4,6,0,0,5,4,1,1,0,0,1,1,E01003012,13-10-2018,2,1,1,1,39,7,3,0,0,0,0,-1,3,1
11824,82.15998808,22.08590825,1,3,2,1,6,19:15,8,E09000028,5,0,6,30,6,4,6,0,0,1,4,2,2,0,0,1,1,E01004007,11-11-2018,2,1,1,2,24,5,3,0,0,0,0,-1,1,-1
11825,82.17081415,22.05026553,1,3,2,1,4,08:00,9,E09000022,4,300,6,30,0,-1,-1,0,0,0,1,1,2,0,0,1,1,E01003017,16-11-2018,1,1,3,1,38,7,3,5,1,0,0,-1,0,1
11826,82.19622655,22.09352874,1,2,2,1,7,05:00,8,E09000028,3,2,6,30,3,2,3,2208,0,5,1,1,1,0,0,1,1,E01003989,09-07-2018,1,1,1,2,45,7,3,0,0,0,0,-1,9,1
11827,82.19658158,22.07824144,1,3,2,1,4,14:30,8,E09000028,5,0,6,30,3,4,6,0,0,0,1,1,1,0,0,1,1,E01004003,16-11-2018,1,2,2,2,50,8,3,0,0,1,0,-1,9,-1
11828,82.14741669,22.05882433,1,3,2,1,5,08:21,8,E09000028,3,3,6,30,3,4,3,300,0,1,1,1,1,0,0,1,1,E01003927,17-11-2018,1,3,2,2,32,6,3,0,0,2,0,-1,9,1
11829,82.17051081,22.0669771,1,2,1,1,6,15:45,8,E09000028,3,3,6,30,0,-1,-1,0,0,0,1,1,1,0,0,1,1,E01003998,18-11-2018,1,1,2,1,5,1,3,0,0,0,3,-1,11,1
11830,82.19161576,22.06137481,1,3,1,1,5,07:30,8,E09000028,3,100,6,20,6,2,3,2206,0,5,1,1,1,0,0,1,1,E01003941,17-11-2018,2,1,2,2,55,8,3,0,0,0,4,-1,11,-1
11831,82.11399606,22.09053265,1,3,1,1,7,17:30,8,E09000028,3,215,6,30,3,4,6,0,0,4,1,1,1,0,0,1,1,E01003922,19-11-2018,2,1,1,1,28,6,3,0,0,0,0,-1,5,1
11832,82.16555387,22.05106627,1,3,2,2,7,16:22,8,E09000028,3,2,6,30,6,4,6,0,0,1,1,1,1,0,0,1,1,E01003966,19-11-2018,2,1,1,1,44,7,3,0,0,0,0,-1,1,1
11833,82.13287578,22.0706634,1,3,2,1,1,20:20,9,E09000022,3,3,6,30,3,2,5,0,0,5,4,2,2,0,0,1,2,E01003108,06-11-2018,1,1,3,2,12,3,3,1,1,0,0,-1,0,1
11834,82.19014705,22.06649894,1,3,2,1,7,07:47,8,E09000028,3,202,6,30,3,4,6,0,0,0,1,1,1,0,0,1,1,E01003913,22-10-2018,2,1,1,2,50,8,3,0,0,0,0,-1,3,1
11835,82.13129031,22.06680437,1,3,2,1,1,21:25,8,E09000028,6,0,6,30,3,4,6,0,0,0,4,1,1,0,0,1,1,E01004046,20-11-2018,1,1,1,1,39,7,3,0,0,0,0,-1,21,-1
11836,82.11374257,22.07307318,1,3,2,1,6,21:52,9,E09000022,3,3,6,30,6,2,3,202,0,5,4,1,1,0,0,1,1,E01003100,21-10-2018,2,1,2,2,19,4,3,0,0,2,0,-1,9,1
11837,82.13788338,22.07082545,1,3,3,1,6,18:26,8,E09000028,6,0,6,30,6,4,4,219,0,1,4,2,2,0,0,1,1,E01003957,11-11-2018,2,2,2,2,20,4,3,0,0,1,0,-1,9,1
11838,82.14056075,22.08048076,1,3,2,1,6,10:11,8,E09000028,6,0,6,30,8,4,6,0,0,0,1,1,1,0,0,1,1,E01004049,11-11-2018,3,1,2,2,22,5,3,0,0,1,0,-1,9,1
11839,82.1654657,22.07646015,1,3,2,1,3,18:04,8,E09000028,6,0,6,30,0,-1,-1,0,0,0,4,1,1,0,0,1,1,E01003918,15-11-2018,1,1,2,2,22,5,3,0,0,2,0,-1,9,1