Accident_Index,longitude,latitude,Police_Force,Accident_Severity,Number_of_Vehicles,Number_of_Casualties,Day_of_Week,Time,Local_Authority_(District),Local_Authority_(Highway),1st_Road_Class,1st_Road_Number,Road_Type,Speed_limit,Junction_Detail,Junction_Control,2nd_Road_Class,2nd_Road_Number,Pedestrian_Crossing-Human_Control,Pedestrian_Crossing-Physical_Facilities,Light_Conditions,Weather_Conditions,Road_Surface_Conditions,Special_Conditions_at_Site,Carriageway_Hazards,Urban_or_Rural_Area,Did_Police_Officer_Attend_Scene_of_Accident,LSOA_of_Accident_Location,Date,Vehicle_Reference,Casualty_Reference,Casualty_Class,Sex_of_Casualty,Age_of_Casualty,Age_Band_of_Casualty,Casualty_Severity,Pedestrian_Location,Pedestrian_Movement,Car_Passenger,Bus_or_Coach_Passenger,Pedestrian_Road_Maintenance_Worker,Casualty_Type,Casualty_Home_Area_Type
11840,82.1353646,22.10585902,1,2,3,1,2,21:23,8,E09000028,3,200,3,30,6,2,5,0,0,5,4,1,1,0,0,1,1,E01004022,14-11-2018,2,1,1,2,51,8,3,0,0,0,0,-1,1,1
11841,82.18312478,22.0956305,1,3,2,1,2,16:00,8,E09000028,3,201,6,30,0,-1,-1,0,0,0,4,1,1,0,0,1,1,E01003960,14-11-2018,1,1,1,2,33,6,3,0,0,0,0,-1,3,1
11842,82.1237653,22.06728452,1,3,2,1,5,18:00,8,E09000028,3,3,6,30,2,2,3,2,0,5,4,1,1,1,0,1,1,E01003929,17-11-2018,1,1,1,1,38,7,3,0,0,0,0,-1,9,1
11843,82.13874236,22.07192866,1,3,2,1,4,14:00,8,E09000028,5,0,6,30,3,4,3,215,0,0,1,1,1,0,0,1,2,E01003965,22-06-2018,1,1,1,1,31,6,3,0,0,0,0,-1,4,1
11844,82.11169557,22.04951722,1,3,2,2,5,12:15,8,E09000028,3,201,6,30,3,4,3,201,0,4,1,1,1,0,0,1,1,E01003959,27-10-2018,1,1,3,1,35,6,2,10,2,0,0,-1,0,1
11845,82.17278132,22.07498501,1,2,2,1,5,05:45,8,E09000028,3,3,6,30,3,4,3,300,0,7,4,2,2,0,0,1,2,E01003932,13-10-2018,1,1,2,2,20,4,3,0,0,0,4,-1,11,1
11846,82.16584855,22.05138684,1,3,1,2,2,16:37,8,E09000028,3,200,6,30,0,-1,-1,0,0,5,1,1,1,0,0,1,1,E01004031,05-09-2018,2,1,1,2,45,7,3,0,0,0,0,-1,1,1
11847,82.13224999,22.06256306,1,3,2,1,6,20:38,8,E09000028,3,2216,6,30,3,4,6,0,0,0,4,1,1,0,0,1,1,E01003952,18-11-2018,1,1,3,2,48,8,3,5,2,0,0,-1,0,-1
11848,82.11776413,22.10400415,1,2,2,1,6,19:35,8,E09000028,3,2,6,30,3,4,6,0,0,4,4,1,1,0,0,1,2,E01003984,18-11-2018,1,1,1,1,27,6,3,0,0,0,0,-1,2,1
11849,82.19137297,22.10568039,1,3,2,1,2,07:59,8,E09000028,3,202,6,30,3,4,6,0,0,0,1,1,1,0,0,1,1,E01003919,21-11-2018,1,1,3,2,17,4,3,5,4,0,0,-1,0,1
11850,82.11464667,22.0613546,1,3,3,1,5,21:34,8,E09000028,6,0,2,30,3,4,6,0,0,0,4,1,2,0,0,1,1,E01004063,24-11-2018,1,1,1,2,54,8,3,0,0,0,0,-1,9,1
11851,82.17033841,22.10726313,1,3,3,1,4,07:45,8,E09000028,3,3,1,30,1,4,3,201,0,7,1,1,1,0,0,1,1,E01003959,16-11-2018,2,1,1,1,20,4,3,0,0,0,0,-1,3,1
11852,82.11759957,22.09155468,1,3,2,1,3,09:05,8,E09000028,3,2,6,30,3,4,6,0,0,5,1,1,1,0,0,1,1,E01003966,01-11-2018,2,1,1,1,28,6,3,0,0,0,0,-1,2,1
11853,82.15655738,22.08780509,1,3,2,1,3,08:03,8,E09000028,5,0,1,30,1,4,6,0,0,0,1,1,1,0,0,1,1,E01004075,22-11-2018,1,1,3,2,37,7,3,7,5,0,0,-1,0,1
11854,82.11723183,22.0789859,1,3,2,1,3,18:40,8,E09000028,3,215,6,30,3,4,6,0,0,0,4,1,2,0,0,1,1,E01003076,22-11-2018,1,1,1,1,32,6,3,0,0,0,0,-1,9,1
11855,82.12804121,22.05667094,1,3,2,1,4,17:30,8,E09000028,3,2216,6,30,3,4,3,2216,0,0,1,1,4,0,0,1,1,E01004072,23-11-2018,1,1,1,1,24,5,3,0,0,0,0,-1,9,1
11856,82.12257226,22.05833307,1,3,1,1,4,18:45,8,E09000028,6,0,6,30,0,-1,-1,0,0,0,4,1,1,0,0,1,1,E01003947,23-11-2018,1,1,1,1,36,7,3,0,0,0,0,-1,1,1
11857,82.15306697,22.04867777,1,2,1,1,5,22:00,8,E09000028,3,201,6,30,7,2,3,3,0,5,7,1,1,0,0,1,1,E01003932,24-11-2018,1,1,2,2,55,8,3,0,0,0,0,-1,90,1
11858,82.15658806,22.10287451,1,3,2,1,7,19:15,8,E09000028,3,202,6,30,3,4,6,0,0,0,4,1,1,0,0,1,1,E01003913,26-11-2018,1,1,1,1,37,7,2,0,0,0,0,-1,1,1
11859,82.17891079,22.05726529,1,3,2,1,6,19:33,8,E09000028,3,215,6,30,3,4,6,0,0,5,4,1,1,0,0,1,1,E01003921,25-11-2018,2,1,2,2,30,6,3,0,0,1,0,-1,9,1
11860,82.12135613,22.05241526,1,3,2,2,6,08:05,8,E09000028,3,2216,6,20,3,4,6,0,0,0,1,1,1,0,0,1,1,E01003953,25-11-2018,2,1,1,1,31,6,3,0,0,0,0,-1,2,1
11861,82.12994093,22.10359896,1,3,2,1,6,15:26,8,E09000028,3,2,6,30,3,4,6,0,0,0,1,1,1,0,0,1,1,E01004003,25-11-2018,1,1,3,1,24,5,3,5,1,0,0,-1,0,1
11862,82.18543003,22.06552648,1,2,2,1,6,17:15,8,E09000028,3,2,6,30,3,4,3,2,0,0,1,1,1,0,0,1,2,E01003966,04-11-2018,1,1,1,2,26,6,3,0,0,0,0,-1,1,1
11863,82.18837682,22.08456626,1,2,1,1,1,03:01,8,E09000028,3,215,1,30,1,4,3,3,0,0,4,1,2,0,0,1,1,E01003933,06-11-2018,1,1,2,2,34,6,3,0,0,0,4,-1,11,1
11864,82.17560997,22.06619628,1,3,2,2,3,13:50,8,E09000028,6,0,6,30,6,4,6,0,0,0,1,1,2,0,0,1,1,E01004025,29-11-2018,1,1,1,2,52,8,3,0,0,0,0,-1,9,1
11865,82.1859192,22.05894884,1,3,2,1,3,15:00,8,E09000028,5,0,6,30,6,4,3,2198,0,1,1,1,1,0,0,1,2,E01003939,20-09-2018,2,1,1,1,45,7,3,0,0,0,0,-1,4,1
11866,82.16509718,22.08795819,1,3,2,2,1,18:30,8,E09000028,3,100,6,30,6,2,3,200,0,0,4,1,1,0,0,1,3,E01004027,04-12-2018,2,1,1,1,33,6,3,0,0,0,0,-1,9,1
11867,82.17225053,22.09186508,1,3,2,1,1,00:21,8,E09000028,3,2208,3,30,3,2,3,2,0,5,4,1,1,0,0,1,1,E01003989,06-11-2018,2,2,2,2,28,6,3,0,0,1,0,-1,9,1
11868,82.13128428,22.08955095,1,3,2,1,5,00:55,8,E09000028,3,101,3,50,0,-1,-1,0,0,0,4,1,1,0,0,1,2,,13-10-2018,1,1,1,1,44,7,3,0,0,0,0,-1,2,1
11869,82.1361702,22.07182542,1,3,2,1,3,16:30,8,E09000028,3,2199,6,30,8,4,6,0,0,0,1,1,1,0,0,1,2,E01003951,18-10-2018,1,1,3,1,-1,-1,3,9,5,0,0,-1,0,-1
11870,82.14820461,22.0943474,1,2,2,1,2,09:20,8,E09000028,3,215,6,30,8,4,6,0,0,0,1,1,1,0,0,1,2,E01003076,14-11-2018,1,1,3,1,45,7,3,10,9,0,0,-1,0,1
11871,82.1501019,22.08159592,1,3,2,2,4,11:06,8,E09000028,6,0,6,30,3,4,6,0,0,0,1,1,1,0,0,1,2,E01004046,23-11-2018,2,1,1,2,50,8,3,0,0,0,0,-1,1,1
11872,82.13482797,22.06334477,1,3,2,1,5,17:30,8,E09000028,3,205,6,30,3,4,6,0,0,0,4,2,2,0,0,1,2,E01003949,24-11-2018,2,1,1,1,39,7,3,0,0,0,0,-1,1,1
11873,82.1869303,22.07709256,1,3,1,1,5,08:40,8,E09000028,5,0,6,30,0,-1,-1,0,0,0,1,1,1,0,0,1,1,E01004069,24-11-2018,1,1,1,1,41,7,3,0,0,0,0,-1,9,1
11874,82.16078639,22.10350453,1,3,1,1,4,12:00,8,E09000028,3,3202,9,30,0,-1,-1,0,0,1,1,1,1,0,0,1,1,E01003930,23-11-2018,1,1,1,2,26,6,3,0,0,0,0,-1,3,1
11875,82.18270415,22.10366755,1,2,1,1,1,22:38,7,E09000023,5,0,6,30,0,-1,-1,0,0,0,4,7,2,0,0,1,1,E01003945,20-11-2018,1,1,1,1,32,6,2,0,0,0,0,-1,1,1
11876,82.11386227,22.05877556,1,3,1,1,1,11:29,8,E09000028,3,215,6,30,3,4,6,0,0,4,1,1,1,0,0,1,1,E01003996,20-11-2018,1,1,2,2,43,7,3,0,0,1,0,-1,9,1
11877,82.1073197,22.07730135,1,3,3,1,7,15:50,8,E09000028,4,239,6,30,3,4,6,0,0,0,1,1,1,0,0,1,1,E01003913,29-10-2018,1,2,1,1,28,6,3,0,0,0,0,-1,9,1
11878,82.13443835,22.0853643,1,3,2,1,6,06:30,8,E09000028,3,100,6,30,6,2,3,2207,0,5,4,2,2,0,0,1,1,E01004027,28-10-2018,2,1,1,1,46,8,3,0,0,0,0,-1,9,3
11879,82.11461914,22.04834371,1,3,2,1,4,19:10,8,E09000028,3,202,6,30,3,4,6,0,0,0,1,1,1,0,0,1,1,E01003919,26-10-2018,1,1,1,1,41,7,3,0,0,0,0,-1,5,1
11880,82.12529837,22.09361897,1,3,2,1,5,14:20,8,E09000028,3,2,6,30,6,4,6,0,0,0,1,4,2,0,0,1,1,E01003964,24-11-2018,1,1,3,1,66,10,2,5,3,0,0,-1,0,-1
11881,82.18996664,22.06331936,1,3,3,1,2,22:02,8,E09000028,3,2216,6,30,3,2,3,215,0,5,4,1,1,0,0,1,1,E01003076,28-11-2018,2,1,1,1,22,5,3,0,0,0,0,-1,9,-1
11882,82.17436477,22.0763141,1,3,2,1,3,10:56,8,E09000028,6,0,6,30,3,4,3,215,0,0,1,1,1,0,0,1,1,E01003997,29-11-2018,1,1,3,1,53,8,3,5,1,0,0,-1,0,-1
11883,82.13893711,22.06425988,1,3,4,1,1,20:52,8,E09000028,3,2216,6,30,6,4,6,0,0,0,4,1,1,0,0,1,1,E01004072,27-11-2018,2,1,1,1,36,7,3,0,0,0,0,-1,1,1
11884,82.16231058,22.09133754,1,3,2,1,6,18:05,1,E09000033,3,302,3,30,0,-1,-1,0,0,0,4,1,1,0,0,1,1,,09-12-2018,1,1,1,1,42,7,3,0,0,0,0,-1,9,1
11885,82.1635506,22.10387087,1,3,2,1,7,06:29,8,E09000028,3,2,6,30,3,2,3,3,0,5,4,1,2,0,0,1,1,E01003939,03-12-2018,2,1,1,1,31,6,3,0,0,0,0,-1,1,1
11886,82.10809778,22.06046098,1,3,2,1,6,16:02,8,E09000028,4,238,6,30,3,4,4,219,0,1,4,2,2,0,0,1,1,E01004015,02-12-2018,2,2,3,2,36,7,3,6,9,0,0,-1,0,-1
11887,82.1778571,22.09765043,1,3,2,2,4,10:20,9,E09000022,5,0,6,30,3,4,5,0,0,0,1,1,1,0,0,1,1,E01003926,30-11-2018,2,1,1,1,23,5,3,0,0,0,0,-1,3,1
11888,82.133885,22.10373381,1,3,2,1,1,03:15,8,E09000028,3,2206,6,30,3,4,6,0,0,0,4,9,2,0,0,1,1,E01004043,27-11-2018,1,1,1,1,18,4,3,0,0,0,0,-1,9,1
11889,82.11372435,22.08254828,1,3,2,1,4,17:14,8,E09000028,4,238,6,30,0,-1,-1,0,0,0,1,1,1,0,0,1,1,E01004015,30-11-2018,1,1,1,1,46,8,2,0,0,0,0,-1,1,1
11890,82.18391066,22.0624189,1,3,1,1,6,22:40,8,E09000028,3,2214,6,30,6,4,6,0,0,0,4,1,1,0,0,1,1,E01004001,11-11-2018,1,1,1,1,26,6,3,0,0,0,0,-1,5,1
11891,82.1913412,22.05962646,1,2,3,1,4,16:41,8,E09000028,3,2214,6,30,6,2,3,2214,0,5,4,1,1,0,0,1,1,E01004001,30-11-2018,1,1,1,1,40,7,3,0,0,0,0,-1,9,1
11892,82.15482635,22.09340221,1,3,1,1,3,12:15,8,E09000028,3,3200,6,30,6,2,6,0,0,5,1,1,1,0,0,1,1,E01003929,29-11-2018,1,1,1,1,27,6,3,0,0,0,0,-1,4,1
11893,82.15345979,22.06046856,1,3,2,1,6,22:10,8,E09000028,4,217,6,30,3,4,4,217,0,0,4,2,2,0,0,1,1,E01003925,30-09-2018,1,1,1,2,37,7,3,0,0,0,0,-1,9,1
11894,82.15131651,22.05322976,1,3,1,1,6,21:05,8,E09000028,4,240,6,30,6,4,6,0,0,1,4,1,1,0,0,1,1,E01003937,07-10-2018,1,1,1,1,19,4,3,0,0,0,0,-1,9,1
11895,82.15174892,22.06725536,1,3,1,1,7,15:10,8,E09000028,6,0,6,30,3,4,3,2216,0,0,1,2,2,0,0,1,2,E01003952,03-12-2018,1,1,2,2,50,8,3,0,0,0,4,-1,11,1
11896,82.16177191,22.08687745,1,3,1,1,5,23:45,8,E09000028,3,2215,6,30,6,4,3,2215,0,0,4,1,1,0,0,1,1,E01004064,17-11-2018,1,1,3,1,37,7,3,9,9,0,0,-1,0,1
11897,82.15510369,22.06410909,1,3,3,1,5,15:05,8,E09000028,6,0,6,30,3,4,6,0,0,0,1,1,1,0,0,1,1,E01004067,10-11-2018,1,1,1,1,34,6,3,0,0,0,0,-1,19,-1
11898,82.18086933,22.06191258,1,2,1,1,4,23:25,8,E09000028,5,0,6,30,3,4,6,0,0,0,4,1,1,0,0,1,1,E01004015,17-08-2018,2,2,1,1,39,7,3,0,0,0,0,-1,9,1
11899,82.19235642,22.07985178,1,3,3,1,3,20:10,8,E09000028,6,0,6,30,0,-1,-1,0,0,0,4,1,1,0,0,1,1,E01004007,16-08-2018,1,1,3,2,-1,-1,3,10,9,0,0,-1,0,1
11900,82.1529671,22.08015175,1,3,1,1,1,10:01,8,E09000028,3,3,6,30,7,2,3,2,0,5,1,2,2,0,0,1,1,E01003929,06-11-2018,1,1,1,1,27,6,3,0,0,0,0,-1,1,1
11901,82.15162648,22.08875476,1,3,2,1,6,16:20,8,E09000028,3,215,6,30,3,2,6,0,0,0,4,1,1,0,0,1,2,E01003996,09-12-2018,2,1,1,1,55,8,3,0,0,0,0,-1,9,1
11902,82.14348979,22.07233952,1,3,2,1,7,01:15,8,E09000028,3,2214,6,30,3,4,6,0,0,0,4,2,2,0,0,1,1,E01004021,26-11-2018,1,1,3,2,31,6,3,5,1,0,0,-1,0,1
11903,82.13437353,22.09533357,1,2,1,1,3,16:40,8,E09000028,5,0,6,30,3,4,6,0,0,1,4,1,2,0,0,1,1,E01003961,29-11-2018,2,1,1,1,45,7,3,0,0,0,0,-1,9,1
11904,82.17795774,22.07545873,1,3,3,2,1,14:30,8,E09000028,3,2,6,30,3,4,6,0,0,0,1,1,1,0,0,1,1,E01003964,12-06-2018,3,2,2,2,65,9,3,0,0,1,0,-1,9,3
11905,82.11994973,22.07053891,1,3,2,1,3,19:05,8,E09000028,6,0,6,30,3,4,6,0,0,0,4,1,1,0,0,1,2,E01003973,06-12-2018,3,3,2,2,33,6,3,0,0,2,0,-1,9,3
11906,82.1279952,22.08585247,1,2,2,3,7,04:20,8,E09000028,3,200,2,30,6,4,6,0,0,0,4,8,2,0,0,1,1,E01003981,03-12-2018,4,4,1,1,49,8,3,0,0,0,0,-1,19,1
11907,82.16590421,22.07378379,1,3,3,2,1,04:45,8,E09000028,3,202,6,30,3,2,3,2215,0,5,4,1,1,0,0,1,1,E01004067,04-12-2018,1,1,1,1,30,6,2,0,0,0,0,-1,5,1
11908,82.10744755,22.05447658,1,3,2,1,7,23:45,8,E09000028,3,201,6,30,0,-1,-1,0,0,0,4,1,1,0,0,1,2,E01003962,26-03-2018,1,1,3,1,55,8,3,5,9,0,0,-1,0,1
11909,82.18428837,22.05396766,1,3,2,1,4,17:42,8,E09000028,5,0,6,30,0,-1,-1,0,0,0,4,1,1,0,0,1,1,E01003951,07-12-2018,1,1,1,2,53,8,3,0,0,0,0,-1,9,1
11910,82.16041916,22.1060581,1,3,2,1,3,19:30,8,E09000028,3,215,6,30,3,4,6,0,0,4,4,1,1,0,0,1,1,E01003996,13-12-2018,1,1,3,1,24,5,3,4,1,0,0,-1,0,1
11911,82.16225144,22.06974946,1,3,2,1,3,19:40,8,E09000028,3,100,6,30,3,2,4,202,0,0,4,1,1,0,0,1,1,E01003976,13-12-2018,1,2,3,2,3,1,3,4,1,0,0,-1,0,1
11912,82.13004698,22.09458654,1,3,2,1,4,22:19,8,E09000028,3,202,6,30,3,4,6,0,0,0,4,1,1,0,0,1,1,E01003919,14-12-2018,1,1,1,1,23,5,3,0,0,0,0,-1,9,-1
11913,82.10853003,22.08420262,1,3,2,1,4,14:45,8,E09000028,3,2,3,40,0,-1,-1,0,0,4,1,1,1,0,0,1,1,E01003989,14-12-2018,1,1,1,1,66,10,3,0,0,0,0,-1,9,1
11914,82.17610047,22.0722935,1,2,2,1,4,11:12,8,E09000028,4,203,6,30,3,4,4,203,0,0,1,1,1,0,0,1,1,E01004040,07-12-2018,2,1,1,1,32,6,3,0,0,0,0,-1,1,1
11915,82.11984561,22.06155108,1,3,2,1,7,14:49,8,E09000028,4,202,6,30,3,4,6,0,0,0,1,1,1,0,0,1,1,E01003976,10-12-2018,1,1,3,1,33,6,3,1,3,0,0,-1,0,1
11916,82.14054215,22.08327547,1,3,2,1,7,12:17,8,E09000028,3,2,6,30,3,4,5,0,0,0,1,1,1,0,0,1,1,E01003984,10-12-2018,2,1,1,1,35,6,3,0,0,0,0,-1,1,-1
11917,82.16184757,22.0821641,1,3,2,1,2,19:30,8,E09000028,3,200,6,30,3,2,6,0,0,5,1,1,1,0,0,1,2,E01004031,01-08-2018,1,1,1,1,19,4,3,0,0,0,0,-1,3,1
11918,82.19174564,22.07569341,1,3,2,1,5,09:24,8,E09000028,3,202,6,30,3,2,3,215,0,5,1,1,1,0,0,1,1,E01003921,15-12-2018,1,1,1,2,60,9,3,0,0,0,0,-1,9,1
11919,82.16307554,22.06569557,1,3,2,1,1,16:18,8,E09000028,6,0,6,30,0,-1,-1,0,0,0,1,1,1,0,0,1,1,E01004074,09-10-2018,2,1,1,1,12,3,3,0,0,0,0,-1,1,1
11920,82.15104665,22.06889426,1,3,2,1,5,22:55,8,E09000028,3,201,6,30,0,-1,-1,0,0,4,4,2,2,0,0,1,2,E01003934,08-12-2018,2,1,1,1,46,8,3,0,0,0,0,-1,3,1
11921,82.16893083,22.07151334,1,3,2,1,3,22:00,8,E09000028,6,0,6,30,0,-1,-1,0,0,0,4,1,1,0,0,1,2,E01004056,06-12-2018,1,1,1,1,34,6,3,0,0,0,0,-1,5,-1
11922,82.11836633,22.07112205,1,3,2,1,1,16:45,9,E09000022,3,203,6,30,6,4,3,203,0,0,1,1,1,0,0,1,3,E01003102,27-11-2018,2,1,2,1,39,7,3,0,0,2,0,-1,9,1
11923,82.19432956,22.05814102,1,2,1,1,1,18:41,8,E09000028,3,2214,6,30,0,-1,-1,0,0,5,4,1,1,0,0,1,1,E01004001,04-12-2018,1,1,1,1,41,7,3,0,0,0,0,-1,2,1
11924,82.17967679,22.07081772,1,3,2,1,6,17:52,8,E09000028,3,2214,6,30,6,2,5,0,0,5,4,1,1,0,0,1,1,E01004064,09-12-2018,1,1,3,1,-1,-1,3,5,2,0,0,-1,0,-1
11925,82.1722941,22.10072679,1,3,1,1,7,15:20,8,E09000028,3,202,6,30,0,-1,-1,0,0,0,1,1,1,0,0,1,1,E01003921,10-12-2018,1,1,1,2,44,7,3,0,0,0,0,-1,9,-1
11926,82.13006973,22.08273088,1,3,1,1,1,09:20,8,E09000028,4,215,6,30,3,4,4,216,0,0,1,1,1,0,0,1,1,E01004010,11-12-2018,1,1,2,2,-1,-1,3,0,0,0,4,-1,11,1
11927,82.18817075,22.05108934,1,3,1,1,1,07:26,8,E09000028,3,202,6,30,0,-1,-1,0,0,0,1,1,1,0,0,1,1,E01003921,11-12-2018,1,1,3,2,51,8,3,1,1,0,0,-1,0,1
11928,82.16225421,22.08724766,1,3,1,1,2,15:15,8,E09000028,3,202,6,30,0,-1,-1,0,0,1,1,1,1,0,2,1,1,E01004066,12-12-2018,2,1,1,1,25,5,3,0,0,0,0,-1,5,1
11929,82.14535083,22.06428843,1,3,1,1,3,17:50,8,E09000028,3,215,6,30,0,-1,-1,0,0,0,4,1,1,0,0,1,1,E01003923,13-12-2018,1,1,1,2,26,6,3,0,0,0,0,-1,9,1
11930,82.13318105,22.10549838,1,3,2,1,7,12:30,8,E09000028,3,202,6,30,3,4,6,0,0,4,1,1,1,0,0,1,1,E01004010,17-12-2018,2,1,1,1,43,7,3,0,0,0,0,-1,3,1
11931,82.13185504,22.08133799,1,3,2,1,3,18:00,8,E09000028,3,2201,6,30,3,4,6,0,0,0,4,1,1,0,0,1,1,E01004033,20-12-2018,1,1,2,1,36,7,3,0,0,0,0,-1,20,1
11932,82.13109256,22.05757802,1,3,1,1,4,15:55,8,E09000028,3,215,3,30,0,-1,-1,0,0,0,1,1,1,0,0,1,1,E01003924,14-12-2018,1,2,1,1,34,6,3,0,0,0,0,-1,20,1
11933,82.12914585,22.07335518,1,3,1,1,2,08:40,8,E09000028,3,201,6,30,3,4,6,0,0,4,1,1,2,0,0,1,1,E01003962,12-12-2018,1,3,2,1,17,4,2,0,0,0,0,-1,20,-1
11934,82.10779313,22.05143687,1,3,2,1,1,15:28,8,E09000028,3,215,6,30,3,4,3,215,0,1,1,1,1,0,0,1,1,E01003969,11-12-2018,1,1,3,1,-1,-1,3,1,1,0,0,-1,0,1
11935,82.19738103,22.05478969,1,3,1,1,4,03:55,8,E09000028,3,2216,6,30,3,4,6,0,0,4,4,1,2,0,0,1,1,E01003953,07-12-2018,1,1,3,2,20,4,3,1,1,0,0,-1,0,-1
11936,82.16362794,22.09342891,1,3,1,1,2,19:15,8,E09000028,6,0,6,30,3,4,6,0,0,0,4,1,1,0,2,1,1,E01004043,05-12-2018,1,2,3,2,3,1,2,10,1,0,0,-1,0,-1
11937,82.16190143,22.08809027,1,3,1,1,7,22:47,8,E09000028,3,2216,6,30,0,-1,-1,0,0,0,4,1,1,0,0,1,1,E01004052,03-12-2018,2,1,1,1,36,7,3,0,0,0,0,-1,3,1
11938,82.16168785,22.09657683,1,3,2,1,6,12:30,8,E09000028,3,2,3,30,3,4,5,0,0,0,1,1,2,0,0,1,1,E01003983,02-12-2018,1,1,2,1,16,4,3,0,0,2,0,-1,9,1
11939,82.18879575,22.09110962,1,3,2,1,6,09:45,8,E09000028,6,0,6,30,3,4,6,0,0,0,1,1,1,0,0,1,2,E01003961,16-12-2018,2,1,1,2,41,7,3,0,0,0,0,-1,1,1
11940,82.11407056,22.09030519,1,2,2,1,4,20:30,9,E09000022,3,215,6,30,6,2,5,0,0,5,4,2,2,0,0,1,2,E01003072,28-09-2018,1,1,1,2,22,5,3,0,0,0,0,-1,1,-1
11941,82.19433348,22.09651967,1,3,2,1,4,13:00,9,E09000022,3,215,3,30,3,2,3,2199,0,0,1,1,1,0,0,1,2,E01003074,14-12-2018,2,1,1,1,37,7,3,0,0,0,0,-1,3,1
11942,82.13429865,22.05645483,1,3,2,1,5,21:07,8,E09000028,3,202,6,30,3,4,6,0,0,0,4,1,1,0,0,1,1,E01003911,15-12-2018,1,1,1,1,37,7,3,0,0,0,0,-1,9,1
11943,82.14166775,22.05211045,1,3,1,1,6,17:20,8,E09000028,3,2216,6,30,3,4,6,0,0,1,4,1,1,0,0,1,1,E01004072,16-12-2018,1,1,1,1,17,4,3,0,0,0,0,-1,2,1
11944,82.1211231,22.06669535,1,3,2,1,6,16:25,8,E09000028,3,2216,6,30,3,4,6,0,0,0,4,1,1,0,0,1,1,E01003952,16-12-2018,1,2,3,1,48,8,3,5,1,0,0,-1,0,2
11945,82.16271395,22.05854911,1,3,2,2,1,01:31,8,E09000028,3,2206,6,30,3,4,6,0,0,0,4,1,1,0,0,1,1,E01004024,18-12-2018,2,1,1,1,39,7,2,0,0,0,0,-1,4,-1
11946,82.16525269,22.10057704,1,3,2,1,3,23:10,8,E09000028,3,201,3,20,3,4,4,240,0,1,7,1,1,0,0,1,1,E01003962,20-12-2018,1,1,3,2,35,6,3,5,3,0,0,-1,0,1
11947,82.13506599,22.0590906,1,2,2,1,3,19:00,8,E09000028,3,202,3,30,3,2,6,0,0,5,4,1,1,0,0,1,1,E01003985,20-12-2018,1,1,2,1,45,7,3,0,0,0,1,-1,11,1
11948,82.11760929,22.10637307,1,3,4,1,4,08:46,8,E09000028,4,217,6,30,3,4,6,0,0,0,1,1,1,0,0,1,1,E01003925,21-12-2018,1,1,3,1,-1,-1,3,6,9,0,0,-1,0,1
11949,82.15719673,22.09993587,1,3,2,1,1,13:50,8,E09000028,3,202,6,30,3,4,6,0,0,0,1,9,1,0,0,1,2,E01003914,11-12-2018,1,1,3,1,85,11,3,5,3,0,0,-1,0,-1
11950,82.19570807,22.0787966,1,3,2,1,2,13:10,8,E09000028,5,0,6,20,3,4,3,2206,0,0,1,1,1,0,0,1,3,E01004042,12-12-2018,2,1,1,1,28,6,3,0,0,0,0,-1,1,1
11951,82.18131183,22.09977027,1,3,2,1,1,08:03,8,E09000028,6,0,6,30,3,4,6,0,0,0,1,1,1,0,0,1,2,E01003923,25-12-2018,1,1,1,1,32,6,3,0,0,0,0,-1,5,1
11952,82.142599,22.09993926,1,3,2,1,4,09:40,8,E09000028,4,215,6,30,3,4,6,0,0,0,1,1,1,0,0,1,1,E01004014,30-11-2018,1,1,2,1,2,1,3,0,0,0,4,-1,11,1
11953,82.13577496,22.10466924,1,3,1,1,4,22:54,8,E09000028,3,202,6,30,3,4,5,0,0,1,4,1,1,0,0,1,1,E01004005,14-12-2018,2,1,1,1,29,6,2,0,0,0,0,-1,1,1
11954,82.14823274,22.05719033,1,3,2,1,7,05:58,8,E09000028,3,3200,6,30,6,2,3,300,0,5,4,1,2,0,0,1,1,E01003929,10-12-2018,1,1,3,2,20,4,3,1,1,0,0,-1,0,1
11955,82.14482503,22.10657007,1,3,2,1,5,13:25,8,E09000028,5,0,6,30,3,4,6,0,0,0,1,1,1,0,0,1,1,E01003986,22-12-2018,1,1,3,2,63,9,3,9,9,0,0,-1,0,1
11956,82.11412084,22.08489507,1,3,2,1,5,10:53,9,E09000022,3,215,6,30,6,2,5,0,0,5,1,1,1,0,0,1,1,E01003072,22-12-2018,2,1,1,2,30,6,3,0,0,0,0,-1,3,1
11957,82.15939346,22.08028427,1,3,1,1,5,17:49,8,E09000028,3,201,3,30,7,2,4,300,0,0,5,1,1,0,0,1,1,E01003928,22-12-2018,1,1,3,2,7,2,3,5,1,0,0,-1,0,1
11958,82.17637077,22.09205744,1,3,2,1,5,14:36,8,E09000028,6,0,6,30,6,4,6,0,0,0,1,1,1,0,0,1,1,E01004063,22-12-2018,2,1,1,1,35,6,3,0,0,0,0,-1,5,1
11959,82.18942832,22.09134828,1,3,2,2,6,06:20,8,E09000028,3,2206,6,30,3,4,6,0,0,0,4,2,2,0,0,1,1,E01004035,30-12-2018,2,1,1,1,25,5,3,0,0,0,0,-1,1,1
11960,82.13111072,22.08219839,1,3,2,1,6,23:33,8,E09000028,3,2,3,30,3,2,5,0,0,0,4,1,1,0,0,1,1,E01003988,30-12-2018,2,1,1,1,32,6,3,0,0,0,0,-1,1,1
11961,82.10980132,22.09738326,1,3,1,1,3,12:15,8,E09000028,3,202,6,30,3,4,4,217,0,4,1,1,2,0,0,1,1,E01004066,27-12-2018,2,1,1,2,40,7,3,0,0,0,0,-1,3,1