Accident_Index,longitude,latitude,Police_Force,Accident_Severity,Number_of_Vehicles,Number_of_Casualties,Day_of_Week,Time,Local_Authority_(District),Local_Authority_(Highway),1st_Road_Class,1st_Road_Number,Road_Type,Speed_limit,Junction_Detail,Junction_Control,2nd_Road_Class,2nd_Road_Number,Pedestrian_Crossing-Human_Control,Pedestrian_Crossing-Physical_Facilities,Light_Conditions,Weather_Conditions,Road_Surface_Conditions,Special_Conditions_at_Site,Carriageway_Hazards,Urban_or_Rural_Area,Did_Police_Officer_Attend_Scene_of_Accident,LSOA_of_Accident_Location,Date,Vehicle_Reference,Casualty_Reference,Casualty_Class,Sex_of_Casualty,Age_of_Casualty,Age_Band_of_Casualty,Casualty_Severity,Pedestrian_Location,Pedestrian_Movement,Car_Passenger,Bus_or_Coach_Passenger,Pedestrian_Road_Maintenance_Worker,Casualty_Type,Casualty_Home_Area_Type
11962,82.16154135,22.06691729,1,3,2,1,3,13:30,8,E09000028,3,202,6,30,3,4,4,217,0,0,1,1,1,0,0,1,1,E01004066,27-12-2018,1,1,1,1,29,6,3,0,0,0,0,-1,9,1
11963,82.15064224,22.06969937,1,3,2,1,3,02:30,8,E09000028,4,214,6,30,6,2,3,215,0,5,4,2,2,0,0,1,1,E01003923,22-11-2018,1,1,1,2,54,8,3,0,0,0,0,-1,9,1
11964,82.15201468,22.07119631,1,2,1,1,6,13:05,8,E09000028,3,202,6,30,0,-1,-1,0,0,1,1,1,1,0,0,1,1,E01004005,23-12-2018,2,1,3,2,57,9,3,9,5,0,0,-1,0,1
11965,82.17051808,22.0812444,1,3,3,3,1,14:17,8,E09000028,6,0,6,30,0,-1,-1,0,0,0,1,1,1,0,0,1,1,E01003954,25-12-2018,1,1,3,1,20,4,3,5,1,0,0,-1,0,1
11966,82.16078512,22.05777583,1,3,2,1,5,18:05,8,E09000028,6,0,6,30,0,-1,-1,0,0,0,4,1,1,0,0,1,1,E01003917,22-12-2018,1,1,1,1,42,7,3,0,0,0,0,-1,9,1
11967,82.11955027,22.06958781,1,3,2,1,7,20:53,7,E09000023,3,202,6,30,6,2,4,2227,0,5,4,1,2,0,0,1,1,E01004004,24-12-2018,2,1,1,1,22,5,3,0,0,0,0,-1,5,-1
11968,82.18964551,22.06769071,1,3,2,1,3,16:25,8,E09000028,5,0,6,30,3,4,6,0,0,0,1,1,1,0,0,1,2,E01004015,13-09-2018,1,1,1,1,29,6,2,0,0,0,0,-1,3,1
11969,82.17431262,22.07431854,1,3,2,1,1,13:50,9,E09000022,6,0,6,30,8,4,6,0,0,0,1,1,1,0,0,1,2,E01003075,11-12-2018,1,1,1,1,29,6,3,0,0,0,0,-1,10,1
11970,82.16984687,22.0743143,1,3,2,1,2,10:15,8,E09000028,3,200,6,30,0,-1,-1,0,0,0,1,1,1,0,0,1,2,E01004034,19-12-2018,1,2,2,1,-1,-1,3,0,0,0,0,-1,10,-1
11971,82.13365216,22.07770293,1,2,2,1,6,06:45,8,E09000028,3,201,6,30,0,-1,-1,0,0,5,4,7,1,0,0,1,2,E01003959,09-12-2018,1,1,3,1,29,6,3,10,9,0,0,-1,0,1
11972,82.14693362,22.07303053,1,2,1,1,7,16:30,8,E09000028,3,100,6,30,3,4,3,2,0,0,4,1,1,0,0,1,1,E01003941,24-12-2018,1,1,3,1,30,6,2,5,1,0,0,-1,0,-1
11973,82.15996946,22.08415787,1,3,2,1,2,07:10,8,E09000028,3,202,3,30,6,2,3,215,0,5,4,1,1,0,0,1,1,E01003921,12-12-2018,1,1,1,2,44,7,3,0,0,0,0,-1,9,1
11974,82.17681059,22.07007447,1,3,2,1,2,20:02,8,E09000028,6,0,6,30,3,4,6,0,0,0,4,1,2,0,0,1,1,E01003990,26-12-2018,1,1,1,1,23,5,3,0,0,0,0,-1,5,1
11975,82.13579513,22.06583614,1,3,2,1,7,02:01,8,E09000028,3,3200,6,30,6,2,5,0,0,0,4,1,2,0,0,1,1,E01003934,31-12-2018,1,1,1,2,27,6,3,0,0,0,0,-1,9,1
11976,82.11320773,22.10741504,1,3,2,1,4,17:39,8,E09000028,3,3200,6,30,3,4,6,0,0,0,4,1,1,0,0,1,1,E01003927,21-12-2018,1,1,2,1,-1,-1,3,0,0,0,0,-1,21,-1
11977,82.13129371,22.07977397,1,3,2,1,3,09:10,9,E09000022,3,202,6,30,6,4,3,202,0,0,1,1,1,0,0,1,2,E01003919,06-12-2018,1,1,1,1,29,6,3,0,0,0,0,-1,9,1
11978,82.18408415,22.10024054,1,3,2,1,5,12:45,8,E09000028,3,215,6,30,6,4,6,0,0,1,1,1,1,0,0,1,1,E01003994,05-05-2018,1,1,3,1,56,9,3,5,1,0,0,-1,0,1
11979,82.16694587,22.06229563,1,3,2,1,6,23:30,8,E09000028,3,205,6,30,3,2,3,2216,0,0,4,1,1,0,0,1,3,E01003950,23-12-2018,1,1,3,2,27,6,3,1,3,0,0,-1,0,1
11980,82.14823726,22.06581298,1,3,2,1,6,06:05,8,E09000028,4,214,6,30,3,4,6,0,0,0,4,1,1,0,0,1,1,E01003970,11-11-2018,2,1,2,2,36,7,3,0,0,2,0,-1,9,1
11981,82.15601428,22.06145863,1,3,2,1,2,15:00,8,E09000028,3,201,6,30,3,4,6,0,0,4,1,1,1,0,0,1,2,E01003959,17-10-2018,2,2,2,2,62,9,3,0,0,1,0,-1,9,1
11982,82.15964593,22.08647324,1,2,2,1,1,18:00,8,E09000028,3,3,6,30,3,2,3,3,0,5,1,1,1,0,0,1,1,E01003929,09-10-2018,1,1,2,2,65,9,3,0,0,0,3,-1,11,-1
11983,82.14650875,22.06891476,1,3,2,1,5,14:00,8,E09000028,3,2,6,30,0,-1,-1,0,0,0,1,1,1,0,0,1,3,E01003961,06-10-2018,1,1,1,1,35,6,3,0,0,0,0,-1,2,1
11984,82.11183186,22.09074649,1,3,2,1,7,14:00,8,E09000028,3,202,6,30,3,2,3,2215,0,0,1,1,1,0,0,1,2,E01004067,31-12-2018,1,1,1,1,26,6,2,0,0,0,0,-1,5,1
11985,82.16628279,22.06867952,1,3,2,1,7,01:00,8,E09000028,4,219,6,30,3,4,6,0,0,0,4,9,-1,-1,-1,1,3,E01003958,17-12-2018,1,1,1,1,16,4,2,0,0,0,0,-1,2,1
11986,82.17790051,22.09810555,1,3,2,1,3,08:45,8,E09000028,3,3,6,30,9,4,3,300,0,0,1,1,1,0,0,1,1,E01003927,29-11-2018,1,1,3,1,45,7,2,1,1,0,0,-1,0,1
11987,82.19644361,22.096266,1,3,2,1,6,15:30,8,E09000028,3,200,3,30,3,4,6,0,0,4,1,1,1,0,0,1,1,E01004023,11-11-2018,1,1,1,1,17,4,3,0,0,0,0,-1,3,1
11988,82.12221081,22.0796905,1,3,1,1,7,14:30,8,E09000028,5,0,6,30,3,4,3,2208,0,0,1,1,1,0,0,1,1,E01004037,10-12-2018,2,2,1,1,23,5,3,0,0,0,0,-1,5,1
11989,82.10733944,22.0546981,1,3,1,1,1,18:00,7,E09000023,3,212,6,30,0,-1,-1,0,0,4,4,1,2,0,0,1,1,E01003327,09-01-2018,1,1,2,2,60,9,3,0,0,1,0,-1,9,1
11990,82.1440836,22.07229785,1,3,2,1,3,06:35,8,E09000028,6,0,6,30,3,4,6,0,0,0,4,1,1,0,0,1,3,E01004016,04-01-2018,1,2,1,1,52,8,3,0,0,0,0,-1,9,1
11991,82.15216207,22.07595964,1,3,1,1,3,15:56,7,E09000023,6,0,6,30,3,4,3,2218,0,0,1,1,1,0,0,1,1,E01003190,04-01-2018,1,1,1,1,24,5,2,0,0,0,0,-1,2,1
11992,82.13843024,22.05687269,1,3,2,1,3,08:06,7,E09000023,3,205,6,30,3,2,3,205,0,5,1,1,1,0,0,1,1,E01003317,11-01-2018,1,1,1,2,30,6,3,0,0,0,0,-1,1,1
11993,82.17606089,22.07578415,1,3,2,1,3,16:45,7,E09000023,6,0,6,30,6,4,6,0,0,0,4,2,2,0,0,1,1,E01003344,04-01-2018,1,1,2,2,56,9,3,0,0,0,4,-1,11,-1
11994,82.14256719,22.07166384,1,2,2,2,3,15:55,7,E09000023,3,2218,2,30,3,4,6,0,0,0,4,1,1,0,0,1,1,E01003190,04-01-2018,1,2,2,1,41,7,3,0,0,0,4,-1,11,1
11995,82.10709624,22.09552993,1,3,2,1,4,09:38,7,E09000023,3,2,2,30,0,-1,-1,0,0,0,1,1,2,0,0,1,1,E01003338,05-01-2018,1,1,1,1,-1,-1,3,0,0,0,0,-1,2,-1
11996,82.17528728,22.08178224,1,3,3,1,3,14:22,7,E09000023,3,21,6,30,3,4,6,0,0,4,1,2,2,5,0,1,1,E01003322,11-01-2018,1,2,2,1,-1,-1,3,0,0,0,0,-1,2,-1
11997,82.18215081,22.04954944,1,2,1,1,1,16:36,7,E09000023,5,0,6,30,3,4,6,0,0,0,4,2,2,0,0,1,1,E01003318,09-01-2018,1,1,1,2,32,6,3,0,0,0,0,-1,9,1
11998,82.19595832,22.09565799,1,3,2,1,6,19:45,7,E09000023,3,205,6,30,6,2,5,0,0,0,4,1,1,0,0,1,1,E01003220,07-01-2018,1,1,3,1,26,6,3,4,3,0,0,-1,0,-1
11999,82.19775228,22.10811056,1,3,1,1,7,19:59,7,E09000023,3,21,2,30,7,2,3,21,0,5,4,1,1,0,0,1,1,E01003318,08-01-2018,1,1,1,2,28,6,3,0,0,0,0,-1,9,1
12000,82.18222923,22.09245681,1,3,1,1,1,00:40,7,E09000023,5,0,6,30,3,4,6,0,0,1,4,1,1,0,0,1,1,E01003216,09-01-2018,1,1,3,2,13,3,3,5,4,0,0,-1,0,1
12001,82.12135591,22.05782513,1,2,1,1,6,07:55,7,E09000023,3,205,6,30,3,4,6,0,0,0,1,1,1,0,0,1,1,E01003318,14-01-2018,1,1,3,2,13,3,3,5,2,0,0,-1,0,1
12002,82.14585656,22.09989583,1,3,2,1,7,12:12,7,E09000023,5,0,6,30,3,2,3,2212,0,5,1,1,1,0,0,1,1,E01003236,01-01-2018,1,1,1,1,29,6,3,0,0,0,0,-1,9,1
12003,82.18388943,22.07951476,1,3,2,1,4,11:45,7,E09000023,6,0,6,30,0,-1,-1,0,0,0,1,1,1,0,0,1,1,E01003223,05-01-2018,1,2,2,2,-1,-1,3,0,0,1,0,-1,9,-1
12004,82.18246007,22.09729264,1,3,1,1,1,07:55,7,E09000023,3,20,6,30,3,2,3,20,0,5,1,1,1,0,0,1,1,E01003215,09-01-2018,2,1,2,1,46,8,3,0,0,1,0,-1,9,1
12005,82.17525881,22.06042867,1,3,2,1,5,23:30,7,E09000023,3,2,6,30,7,4,3,2,0,4,4,2,2,3,0,1,1,E01003204,20-01-2018,1,1,2,1,61,9,3,0,0,0,3,-1,11,-1
12006,82.13932183,22.0539301,1,2,2,1,6,17:25,7,E09000023,3,212,6,30,3,4,6,0,0,0,4,1,1,0,0,1,1,E01003193,07-01-2018,1,1,3,2,7,2,3,5,2,0,0,-1,0,-1
12007,82.11652641,22.06022222,1,3,2,1,5,18:10,7,E09000023,3,205,6,30,6,2,6,0,0,0,4,1,1,0,0,1,3,E01003321,06-01-2018,1,1,1,1,31,6,3,0,0,0,0,-1,19,1
12008,82.12097438,22.10804024,1,3,2,1,5,18:00,7,E09000023,3,21,6,30,0,-1,-1,0,0,0,4,1,1,0,0,1,3,E01003352,20-01-2018,1,1,1,2,45,7,3,0,0,0,0,-1,9,1
12009,82.137228,22.06190841,1,3,2,1,3,10:30,7,E09000023,3,2,6,30,3,2,3,2,0,0,1,1,2,0,0,1,3,E01003338,25-01-2018,1,1,2,2,-1,-1,3,0,0,0,3,-1,11,-1
12010,82.11888124,22.08062488,1,2,1,1,5,11:25,7,E09000023,4,218,6,30,3,4,6,0,0,0,1,1,2,0,0,1,1,E01003214,20-01-2018,1,1,1,1,25,5,3,0,0,0,0,-1,1,1
12011,82.17268062,22.07072926,1,3,2,1,5,07:20,7,E09000023,6,0,6,30,0,-1,-1,0,0,0,4,1,1,0,0,1,3,E01003214,20-01-2018,1,1,1,1,37,7,3,0,0,0,0,-1,5,2
12012,82.19292927,22.07701758,1,3,2,1,3,17:00,7,E09000023,3,2,6,30,7,2,3,2,0,5,4,2,2,0,0,1,3,E01003338,11-01-2018,2,1,1,1,27,6,3,0,0,0,0,-1,1,1
12013,82.17053774,22.09861115,1,3,2,1,3,21:03,7,E09000023,3,2212,6,30,3,4,6,0,0,0,4,1,1,0,0,1,1,E01003285,11-01-2018,1,1,1,1,24,5,3,0,0,0,0,-1,2,1
12014,82.18265923,22.08702146,1,3,2,1,4,15:10,7,E09000023,4,218,6,30,0,-1,-1,0,0,0,1,1,1,0,0,1,1,E01003214,12-01-2018,1,1,1,2,33,6,3,0,0,0,0,-1,9,1
12015,82.13609742,22.06820791,1,3,1,1,4,08:35,7,E09000023,4,218,6,30,3,4,6,0,0,0,1,1,1,0,0,1,1,E01003229,12-01-2018,1,1,1,1,39,7,3,0,0,0,0,-1,5,1
12016,82.14605173,22.07761915,1,3,2,2,6,21:00,7,E09000023,5,0,6,30,0,-1,-1,0,0,0,4,1,1,0,0,1,1,E01003208,14-01-2018,3,1,1,1,35,6,3,0,0,0,0,-1,9,1
12017,82.17972653,22.07047772,1,3,3,1,5,13:00,7,E09000023,3,212,6,30,3,4,6,0,0,0,1,1,1,0,0,1,1,E01003326,13-01-2018,1,1,1,2,42,7,3,0,0,0,0,-1,9,1
12018,82.15215431,22.10658053,1,3,1,2,6,13:14,7,E09000023,5,0,1,30,1,4,5,0,0,0,1,1,1,0,0,1,1,E01003257,14-01-2018,2,1,1,2,26,6,3,0,0,0,0,-1,3,1
12019,82.18623721,22.09381895,1,3,2,1,4,12:00,7,E09000023,3,21,3,30,3,4,3,21,0,5,1,1,1,0,0,1,1,E01003289,19-01-2018,2,1,1,2,23,5,3,0,0,0,0,-1,1,1
12020,82.10645505,22.0798932,1,3,1,1,2,17:00,7,E09000023,3,20,6,30,3,4,6,0,0,0,4,2,2,0,0,1,1,E01003296,17-01-2018,1,1,1,1,39,7,3,0,0,0,0,-1,5,1
12021,82.13915781,22.10187313,1,3,1,1,6,18:40,7,E09000023,6,0,6,30,3,4,6,0,0,0,4,1,1,0,0,1,1,E01003339,14-01-2018,2,1,1,2,33,6,3,0,0,0,0,-1,9,1
12022,82.13753237,22.07757909,1,3,2,1,1,22:38,7,E09000023,3,205,3,30,6,2,3,2212,0,5,4,1,1,0,0,1,1,E01003280,16-01-2018,1,1,1,2,24,5,3,0,0,0,0,-1,9,1
12023,82.11020914,22.0708405,1,3,3,1,4,07:25,7,E09000023,3,20,3,30,9,4,6,0,0,0,5,1,2,0,0,1,1,E01003278,19-01-2018,1,1,1,1,36,7,3,0,0,0,0,-1,8,1
12024,82.15671844,22.07600218,1,2,1,1,1,02:00,7,E09000023,3,213,6,30,0,-1,-1,0,0,0,4,1,2,0,0,1,1,E01003327,16-01-2018,1,1,1,1,41,7,3,0,0,0,0,-1,9,1
12025,82.17695452,22.07301128,1,3,2,2,6,08:30,7,E09000023,3,2209,6,30,0,-1,-1,0,0,0,1,1,1,0,0,1,1,E01003304,21-01-2018,1,1,3,1,-1,-1,3,1,1,0,0,-1,0,-1
12026,82.11171763,22.06407324,1,3,2,2,1,11:09,7,E09000023,5,0,6,30,3,4,3,205,0,0,1,1,1,0,0,1,1,E01003318,23-01-2018,1,1,1,1,44,7,3,0,0,0,0,-1,5,1
12027,82.12814163,22.07027621,1,3,2,1,1,15:30,7,E09000023,3,2,6,30,3,4,4,218,0,0,1,1,1,0,0,1,1,E01003215,23-01-2018,1,1,1,2,32,6,3,0,0,0,0,-1,9,1
12028,82.19547749,22.08967772,1,3,1,1,3,19:45,7,E09000023,5,0,6,30,6,2,5,0,0,5,4,1,1,0,0,1,1,E01003224,25-01-2018,1,1,2,2,66,10,3,0,0,0,4,-1,11,1
12029,82.13242445,22.10458001,1,3,3,1,2,18:02,7,E09000023,5,0,6,30,6,4,6,0,0,0,4,1,1,0,0,1,1,E01003264,24-01-2018,1,1,1,2,21,5,3,0,0,0,0,-1,1,-1
12030,82.1157232,22.09889482,1,3,1,1,3,22:55,7,E09000023,4,218,6,30,3,4,3,2,0,0,4,1,2,0,0,1,1,E01003215,25-01-2018,2,1,1,1,11,3,3,0,0,0,0,-1,1,1
12031,82.19541159,22.09653544,1,3,2,1,4,07:30,7,E09000023,3,205,6,30,3,4,5,0,0,0,1,1,1,0,0,1,1,E01003317,26-01-2018,1,1,1,1,42,7,2,0,0,0,0,-1,5,1
12032,82.1187247,22.09084016,1,3,3,1,2,17:00,7,E09000023,6,0,6,30,8,4,6,0,0,0,4,2,2,0,0,1,1,E01003252,10-01-2018,1,1,3,1,9,2,3,5,1,0,0,-1,0,-1
12033,82.19416597,22.08575542,1,3,1,1,6,19:55,7,E09000023,3,205,6,30,0,-1,-1,0,0,0,4,2,2,0,0,1,1,E01003224,28-01-2018,1,1,3,1,11,3,2,5,1,0,0,-1,0,1
12034,82.16976197,22.10150033,1,3,2,1,2,13:15,7,E09000023,4,212,2,30,3,4,6,0,0,0,1,1,1,0,0,1,3,E01003200,31-01-2018,2,1,1,1,36,7,2,0,0,0,0,-1,9,-1
12035,82.12277728,22.07521276,1,3,1,1,3,14:17,7,E09000023,6,0,6,30,0,-1,-1,0,0,0,1,1,1,0,0,1,1,E01003327,18-01-2018,1,1,2,2,26,6,3,0,0,0,3,-1,11,1
12036,82.17231234,22.06233463,1,3,1,1,1,06:55,7,E09000023,3,2,3,30,3,2,3,202,0,5,4,1,1,0,0,1,1,E01003338,30-01-2018,1,1,1,1,28,6,3,0,0,0,0,-1,3,1
12037,82.13273761,22.09600688,1,3,2,1,2,23:35,7,E09000023,3,21,6,30,3,2,4,236,0,5,4,2,2,0,0,1,1,E01003289,17-01-2018,1,1,2,2,5,1,3,0,0,2,0,-1,9,1
12038,82.14960695,22.09202494,1,3,1,1,6,14:03,7,E09000023,4,227,6,30,0,-1,-1,0,0,0,1,1,1,0,0,1,1,E01003309,21-01-2018,1,1,1,2,45,7,3,0,0,0,0,-1,9,1
12039,82.18770803,22.06129655,1,3,1,2,6,18:35,7,E09000023,6,0,6,30,0,-1,-1,0,0,0,4,1,2,0,2,1,1,E01003276,28-01-2018,1,1,3,1,76,11,3,4,1,0,0,-1,0,1
12040,82.13993732,22.05002017,1,3,2,1,4,08:10,7,E09000023,3,21,6,30,3,4,6,0,0,0,1,1,2,0,0,1,1,E01003322,26-01-2018,1,1,3,2,-1,-1,3,5,9,0,0,-1,0,-1
12041,82.12033977,22.06991955,1,3,2,1,4,18:15,7,E09000023,3,20,6,30,6,2,4,212,0,0,4,2,2,0,0,1,1,E01003286,19-01-2018,2,1,1,1,20,4,3,0,0,0,0,-1,1,1
12042,82.13997099,22.07591266,1,3,2,1,4,20:20,7,E09000023,3,20,6,30,0,-1,-1,0,0,0,4,2,2,0,0,1,1,E01003215,19-01-2018,1,1,1,1,41,7,3,0,0,0,0,-1,9,1
12043,82.16043677,22.06135484,1,3,3,2,2,09:41,7,E09000023,6,0,6,30,2,4,6,0,0,0,1,1,1,0,0,1,1,E01003213,31-01-2018,2,1,1,1,12,3,3,0,0,0,0,-1,1,1
12044,82.1393097,22.10251047,1,3,1,1,5,15:57,7,E09000023,6,0,6,30,3,4,6,0,1,0,1,1,1,0,0,1,1,E01003209,27-01-2018,1,1,1,1,29,6,3,0,0,0,0,-1,5,1
12045,82.10880473,22.0580254,1,3,2,1,6,09:42,7,E09000023,3,20,1,30,1,4,3,21,0,0,1,1,1,0,0,1,1,E01003296,04-02-2018,1,1,3,2,16,4,2,1,4,0,0,-1,0,1
12046,82.13404866,22.08058907,1,3,2,1,1,20:30,7,E09000023,3,212,6,30,3,4,6,0,0,4,4,1,1,0,0,1,3,E01003327,23-01-2018,1,1,1,1,25,5,3,0,0,0,0,-1,9,1
12047,82.15782771,22.07835005,1,3,2,1,6,11:35,7,E09000023,4,218,1,30,2,4,4,2142,0,1,1,2,2,0,0,1,3,E01003212,28-01-2018,1,1,2,2,24,5,3,0,0,0,0,-1,5,-1
12048,82.17891115,22.05292505,1,3,1,1,7,11:55,7,E09000023,3,20,6,30,0,-1,-1,0,0,4,1,1,1,0,0,1,3,E01003282,29-01-2018,1,1,2,2,58,9,3,0,0,2,0,-1,9,1
12049,82.13779484,22.06947439,1,3,1,2,1,03:22,7,E09000023,4,226,6,30,6,2,5,0,0,5,4,1,2,0,0,1,1,E01003265,30-01-2018,1,1,3,1,22,5,3,5,1,0,0,-1,0,1
12050,82.15157202,22.06209963,1,3,1,1,5,16:55,7,E09000023,3,212,6,30,0,-1,-1,0,0,4,4,2,2,0,0,1,1,E01003334,20-01-2018,1,1,3,2,34,6,3,5,3,0,0,-1,0,1
12051,82.10995547,22.06623865,1,3,2,1,5,14:30,7,E09000023,3,20,6,30,3,4,6,0,0,0,1,2,2,0,0,1,2,E01003286,27-01-2018,1,1,3,2,2,1,3,4,3,0,0,-1,0,1
12052,82.14453249,22.10281307,1,3,2,1,1,22:23,7,E09000023,3,21,3,30,3,2,4,236,0,5,4,1,1,0,0,1,1,E01003289,23-01-2018,1,1,1,1,26,6,3,0,0,0,0,-1,9,-1
12053,82.19559629,22.08293077,1,3,4,1,6,03:50,7,E09000023,4,218,6,30,3,4,6,0,0,4,4,8,2,0,0,1,1,E01003232,21-01-2018,1,1,1,2,34,6,3,0,0,0,0,-1,1,1
12054,82.1975708,22.08477196,1,3,2,1,7,17:20,7,E09000023,3,20,6,30,3,4,6,0,0,4,4,2,2,0,0,1,1,E01003296,29-01-2018,1,1,1,1,35,6,3,0,0,0,0,-1,3,1
12055,82.13197389,22.09385174,1,3,1,1,2,10:30,7,E09000023,3,2212,6,30,3,2,5,0,0,5,1,1,1,0,0,1,2,E01003265,31-01-2018,1,1,2,1,60,9,3,0,0,0,3,-1,11,-1
12056,82.13032757,22.06161224,1,3,2,1,4,22:16,7,E09000023,5,0,6,30,3,4,6,0,0,0,4,2,2,0,0,1,1,E01003346,26-01-2018,1,2,2,2,74,10,3,0,0,0,3,-1,11,1
12057,82.16133842,22.08612897,1,3,2,2,7,21:30,7,E09000023,3,21,6,30,3,2,4,236,0,5,4,1,1,0,0,1,3,E01003289,29-01-2018,1,3,2,1,-1,-1,3,0,0,0,3,-1,11,1
12058,82.10973676,22.09878024,1,3,1,1,3,15:52,7,E09000023,3,21,6,30,3,2,3,21,0,5,1,1,1,0,0,1,1,E01003318,25-01-2018,1,1,1,1,-1,-1,3,0,0,0,0,-1,9,1
12059,82.19170803,22.07108257,1,3,2,1,3,14:30,8,E09000028,4,238,6,30,3,2,6,0,0,5,1,1,1,0,0,1,3,E01003260,08-02-2018,2,1,1,2,37,7,3,0,0,0,0,-1,1,1
12060,82.18463767,22.10026937,1,3,1,1,6,15:50,7,E09000023,3,2209,6,30,0,-1,-1,0,0,0,1,1,1,0,0,1,3,E01003304,07-01-2018,2,1,1,2,24,5,3,0,0,0,0,-1,1,-1
12061,82.16671114,22.07751037,1,3,2,1,5,06:15,7,E09000023,3,2218,6,30,0,-1,-1,0,0,0,4,1,1,0,0,1,3,E01003190,06-01-2018,1,1,1,2,20,4,3,0,0,0,0,-1,3,-1
12062,82.15127658,22.06439935,1,2,2,1,6,19:50,7,E09000023,5,0,6,30,3,4,6,0,0,0,4,1,1,0,0,1,1,E01003214,07-01-2018,2,1,1,2,44,7,2,0,0,0,0,-1,2,1
12063,82.16103955,22.08700967,1,3,2,1,7,07:02,7,E09000023,3,20,2,30,3,4,6,0,0,0,1,1,1,0,0,1,1,E01003278,05-02-2018,1,1,3,2,24,5,3,4,3,0,0,-1,0,1
12064,82.13684076,22.0713094,1,2,1,1,2,15:20,7,E09000023,3,213,6,30,3,2,3,212,0,5,1,1,1,0,0,1,1,E01003328,14-02-2018,1,2,1,1,45,7,3,0,0,0,0,-1,5,1
12065,82.11712784,22.05608384,1,3,2,1,2,13:35,7,E09000023,3,2218,6,30,5,4,3,2218,0,0,1,1,1,0,0,1,1,E01003190,07-02-2018,2,1,2,2,54,8,3,0,0,1,0,-1,9,1
12066,82.13868274,22.08963516,1,2,1,2,4,11:15,7,E09000023,6,0,2,30,0,-1,-1,0,0,0,1,1,1,0,0,1,1,E01003207,09-02-2018,2,1,1,2,22,5,3,0,0,0,0,-1,1,1
12067,82.16093567,22.09696385,1,3,2,1,2,20:18,7,E09000023,5,0,6,30,3,4,6,0,0,0,4,1,1,0,0,1,1,E01003237,14-02-2018,1,1,1,1,50,8,3,0,0,0,0,-1,9,-1
12068,82.11421056,22.06731261,1,3,2,1,4,15:36,7,E09000023,3,205,3,40,6,2,3,2212,0,5,1,1,1,0,0,1,1,E01003280,09-02-2018,1,1,2,2,56,9,3,0,0,0,4,-1,11,1
12069,82.15060911,22.05642931,1,3,2,2,2,15:42,7,E09000023,3,21,6,30,3,4,6,0,0,0,1,1,1,0,0,1,1,E01003296,07-02-2018,1,1,3,1,37,7,3,5,1,0,0,-1,0,-1
12070,82.15290375,22.05739111,1,3,2,1,6,06:00,7,E09000023,3,21,1,30,1,2,3,21,0,0,4,2,2,0,0,1,1,E01003289,11-02-2018,1,1,3,1,15,3,3,6,9,0,0,-1,0,1
12071,82.14751603,22.10234695,1,3,2,2,1,09:53,7,E09000023,5,0,6,30,3,4,3,21,0,0,1,1,1,0,0,1,1,E01003318,06-02-2018,1,1,1,1,18,4,3,0,0,0,0,-1,2,1
12072,82.19419276,22.10083637,1,3,3,1,5,12:45,7,E09000023,3,200,6,30,3,4,6,0,0,0,1,1,1,0,0,1,2,E01003248,10-02-2018,1,1,1,2,21,5,3,0,0,0,0,-1,9,1
12073,82.12562666,22.06415288,1,3,2,1,5,21:15,7,E09000023,3,20,6,30,6,2,4,218,0,5,4,2,2,0,0,1,2,E01003210,10-02-2018,1,2,2,2,20,4,3,0,0,1,0,-1,9,1
12074,82.14551927,22.05718612,1,3,2,1,3,17:45,7,E09000023,3,20,1,30,1,4,3,21,0,0,4,1,1,0,0,1,2,E01003296,15-02-2018,2,1,1,1,23,5,3,0,0,0,0,-1,4,1
12075,82.11922846,22.08001878,1,3,2,1,6,12:45,7,E09000023,3,212,6,30,3,4,6,0,0,0,1,1,1,0,0,1,3,E01003328,18-02-2018,1,1,3,2,41,7,3,5,1,0,0,-1,0,1
12076,82.12378139,22.10568014,1,3,2,1,3,08:00,7,E09000023,3,21,6,30,3,4,6,0,0,0,1,1,1,0,0,1,1,E01003325,08-02-2018,2,1,2,2,91,11,3,0,0,0,4,-1,11,-1
12077,82.12781251,22.10549484,1,3,2,1,7,20:07,7,E09000023,3,2,3,30,0,-1,-1,0,0,0,4,1,1,0,0,1,1,E01003340,19-02-2018,1,1,3,1,9,2,3,5,1,0,0,-1,0,1
12078,82.15018108,22.07913619,1,3,2,1,2,13:16,7,E09000023,3,2,3,30,7,2,3,2209,0,0,1,1,1,0,0,1,1,E01003306,07-02-2018,2,1,1,2,35,6,3,0,0,0,0,-1,9,1
12079,82.19553383,22.08816261,1,3,1,1,2,10:00,7,E09000023,6,0,6,30,0,-1,-1,0,0,0,1,1,1,0,0,1,1,E01003281,14-02-2018,2,1,2,1,14,3,3,0,0,2,0,-1,9,1
12080,82.12792379,22.08359502,1,3,2,1,3,16:17,7,E09000023,3,2216,6,30,0,-1,-1,0,0,0,1,1,1,0,0,1,1,E01003259,08-02-2018,2,2,2,2,18,4,3,0,0,2,0,-1,9,-1
12081,82.18597477,22.10581671,1,3,1,2,1,15:40,7,E09000023,6,0,6,30,3,4,6,0,0,0,1,1,1,0,0,1,1,E01003253,13-02-2018,1,1,1,1,16,4,2,0,0,0,0,-1,2,-1
12082,82.15565806,22.07652847,1,3,1,1,1,14:53,7,E09000023,3,200,3,30,0,-1,-1,0,0,0,1,1,1,0,0,1,1,E01003248,20-02-2018,1,1,1,1,25,5,2,0,0,0,0,-1,11,1
12083,82.13923045,22.0731798,1,3,2,1,6,21:17,7,E09000023,3,21,3,30,6,2,5,0,0,0,4,1,1,0,0,1,1,E01003241,18-02-2018,1,2,2,1,30,6,3,0,0,0,4,-1,11,1