Accident_Index,longitude,latitude,Police_Force,Accident_Severity,Number_of_Vehicles,Number_of_Casualties,Day_of_Week,Time,Local_Authority_(District),Local_Authority_(Highway),1st_Road_Class,1st_Road_Number,Road_Type,Speed_limit,Junction_Detail,Junction_Control,2nd_Road_Class,2nd_Road_Number,Pedestrian_Crossing-Human_Control,Pedestrian_Crossing-Physical_Facilities,Light_Conditions,Weather_Conditions,Road_Surface_Conditions,Special_Conditions_at_Site,Carriageway_Hazards,Urban_or_Rural_Area,Did_Police_Officer_Attend_Scene_of_Accident,LSOA_of_Accident_Location,Date,Vehicle_Reference,Casualty_Reference,Casualty_Class,Sex_of_Casualty,Age_of_Casualty,Age_Band_of_Casualty,Casualty_Severity,Pedestrian_Location,Pedestrian_Movement,Car_Passenger,Bus_or_Coach_Passenger,Pedestrian_Road_Maintenance_Worker,Casualty_Type,Casualty_Home_Area_Type
12084,82.12475946,22.09136505,1,3,2,1,7,11:55,7,E09000023,4,212,2,30,0,-1,-1,0,0,1,1,1,1,0,0,1,1,E01003200,05-02-2018,1,3,2,1,-1,-1,3,0,0,0,4,-1,11,-1
12085,82.12260419,22.07195244,1,3,2,1,2,17:20,7,E09000023,3,205,6,30,0,-1,-1,0,0,5,4,1,1,0,0,1,1,E01003318,14-02-2018,2,1,1,1,23,5,2,0,0,0,0,-1,3,1
12086,82.14811199,22.05840524,1,3,3,1,5,18:30,7,E09000023,5,0,6,30,0,-1,-1,0,0,0,4,2,2,0,0,1,1,E01003236,17-02-2018,1,1,1,1,39,7,2,0,0,0,0,-1,1,1
12087,82.11670949,22.0597321,1,3,3,1,3,12:56,7,E09000023,3,21,3,30,3,2,6,0,0,0,1,1,1,0,0,1,1,E01003221,15-02-2018,1,1,3,2,52,8,3,1,1,0,0,-1,0,-1
12088,82.18004247,22.07423592,1,3,2,1,1,11:38,7,E09000023,5,0,6,30,0,-1,-1,0,0,0,1,1,1,0,0,1,1,E01003317,13-02-2018,1,1,1,1,37,7,3,0,0,0,0,-1,5,3
12089,82.15777,22.06325354,1,3,2,1,5,10:00,7,E09000023,3,205,6,30,3,4,6,0,0,0,1,1,1,0,0,1,1,E01003268,17-02-2018,1,1,1,1,34,6,2,0,0,0,0,-1,3,1
12090,82.12195244,22.06713918,1,3,2,4,7,20:50,7,E09000023,3,21,6,30,6,2,5,0,0,5,4,1,1,0,0,1,1,E01003241,19-02-2018,1,1,1,1,25,5,2,0,0,0,0,-1,9,1
12091,82.18859146,22.07995758,1,3,2,1,7,18:30,7,E09000023,3,2216,6,30,3,4,6,0,0,0,4,1,1,0,0,1,1,E01003334,19-02-2018,1,1,2,2,38,7,3,0,0,2,0,-1,9,-1
12092,82.11065691,22.09947425,1,3,2,1,1,14:15,7,E09000023,3,20,6,30,3,4,6,0,0,0,1,1,1,0,0,1,1,E01003278,20-02-2018,1,2,1,2,40,7,3,0,0,0,0,-1,9,1
12093,82.1397231,22.10592208,1,3,2,1,3,09:01,7,E09000023,3,21,6,30,3,4,6,0,0,0,1,3,3,0,0,1,1,E01003291,22-02-2018,2,3,1,2,23,5,3,0,0,0,0,-1,9,1
12094,82.15199649,22.05270356,1,3,2,1,4,15:25,7,E09000023,3,21,6,30,6,4,6,0,0,0,1,1,1,0,0,1,1,E01003324,23-02-2018,1,1,2,2,-1,-1,3,0,0,0,4,-1,11,-1
12095,82.15539847,22.09765931,1,3,2,1,3,19:15,7,E09000023,3,20,6,30,0,-1,-1,0,0,4,4,1,1,0,0,1,1,E01003283,01-02-2018,1,1,3,1,23,5,3,5,1,0,0,-1,0,-1
12096,82.15492247,22.05870204,1,3,1,1,1,23:50,7,E09000023,6,0,6,30,0,-1,-1,0,0,0,4,1,1,0,0,1,1,E01003318,06-02-2018,1,1,1,1,38,7,3,0,0,0,0,-1,3,-1
12097,82.17290231,22.06678963,1,3,1,1,2,17:20,7,E09000023,3,21,6,30,3,4,6,0,0,0,4,3,3,0,0,1,1,E01003352,21-02-2018,3,2,1,1,28,6,3,0,0,0,0,-1,1,1
12098,82.17433546,22.0613929,1,3,2,1,4,10:45,6,E09000011,3,20,6,30,3,4,6,0,0,0,1,1,2,0,0,1,1,E01003286,23-02-2018,4,3,1,1,-1,-1,3,0,0,0,0,-1,1,1
12099,82.14672854,22.05344671,1,3,2,1,4,09:40,7,E09000023,4,220,6,30,3,4,6,0,0,0,1,1,1,0,0,1,1,E01003202,23-02-2018,1,1,1,1,28,6,3,0,0,0,0,-1,3,1
12100,82.18232991,22.06877505,1,3,2,1,6,11:09,7,E09000023,4,227,1,30,2,4,6,0,0,0,1,3,3,0,0,1,1,E01003309,25-02-2018,1,1,3,1,26,6,3,5,3,0,0,-1,0,1
12101,82.12592137,22.06137711,1,3,1,1,2,11:29,7,E09000023,3,205,6,30,3,2,3,205,0,5,1,1,1,0,0,1,1,E01003318,28-02-2018,1,1,3,2,14,3,3,5,3,0,0,-1,0,1
12102,82.14440459,22.06743119,1,3,1,1,2,09:02,7,E09000023,3,20,6,30,0,-1,-1,0,0,4,1,1,1,0,0,1,1,E01003210,31-01-2018,1,1,3,1,10,2,3,5,1,0,0,-1,0,-1
12103,82.15499342,22.0927504,1,3,2,2,6,20:08,7,E09000023,5,0,6,30,0,-1,-1,0,0,0,4,8,2,0,0,1,1,E01003240,18-02-2018,1,1,1,1,31,6,3,0,0,0,0,-1,9,1
12104,82.12700266,22.08237877,1,3,4,1,3,21:35,7,E09000023,6,0,6,30,0,-1,-1,0,0,0,4,1,1,0,0,1,1,E01003271,01-03-2018,2,1,1,1,36,7,3,0,0,0,0,-1,1,1
12105,82.12395381,22.05352973,1,3,2,1,3,10:45,7,E09000023,5,0,6,30,0,-1,-1,0,0,0,1,2,2,0,0,1,1,E01003233,01-03-2018,1,1,3,1,-1,-1,3,5,3,0,0,-1,0,-1
12106,82.16908557,22.06211405,1,3,1,1,5,16:38,7,E09000023,3,21,6,30,3,2,4,236,0,5,1,1,1,0,0,1,1,E01003289,03-03-2018,2,1,1,1,51,8,3,0,0,0,0,-1,1,1
12107,82.19619489,22.05829045,1,2,1,1,6,08:44,7,E09000023,5,0,6,30,3,4,3,2210,0,0,1,3,3,0,0,1,1,E01003208,04-03-2018,1,1,3,1,19,4,3,5,1,0,0,-1,0,1
12108,82.16772992,22.07813543,1,3,1,1,6,18:12,7,E09000023,4,212,6,30,0,-1,-1,0,0,8,4,1,2,0,0,1,1,E01003202,04-03-2018,1,1,1,1,38,7,3,0,0,0,0,-1,1,-1
12109,82.1552618,22.06111597,1,2,2,1,4,18:14,7,E09000023,3,2212,6,30,3,2,5,0,0,0,4,1,1,0,0,1,1,E01003236,02-02-2018,2,1,1,1,-1,-1,2,0,0,0,0,-1,3,-1
12110,82.10728365,22.0886228,1,3,1,1,2,15:45,7,E09000023,6,0,6,30,0,-1,-1,0,0,4,1,1,1,0,0,1,1,E01003313,28-02-2018,2,1,1,1,39,7,3,0,0,0,0,-1,1,1
12111,82.16329557,22.07511306,1,3,5,3,6,09:05,7,E09000023,3,2218,3,30,6,2,3,2218,0,0,1,1,2,0,0,1,1,E01003192,18-02-2018,1,1,1,1,35,6,3,0,0,0,0,-1,19,1
12112,82.12093359,22.07422601,1,3,1,1,2,18:35,7,E09000023,3,205,6,30,3,4,3,205,0,8,4,1,1,0,0,1,3,E01003315,17-01-2018,1,1,1,1,32,6,3,0,0,0,0,-1,19,1
12113,82.15354928,22.10484757,1,3,2,1,5,19:30,7,E09000023,3,2209,6,30,3,4,3,200,0,1,4,1,1,0,0,1,1,E01003253,17-03-2018,1,1,2,1,3,1,3,0,0,0,4,-1,11,1
12114,82.18447005,22.07260675,1,3,1,1,3,16:22,7,E09000023,4,236,6,30,0,-1,-1,0,0,0,1,2,2,0,0,1,1,E01003274,01-03-2018,1,1,1,2,30,6,3,0,0,0,0,-1,9,1
12115,82.12187579,22.08065551,1,3,1,1,3,10:05,7,E09000023,3,205,6,30,0,-1,-1,0,0,4,1,2,2,0,0,1,1,E01003230,01-03-2018,1,1,3,1,25,5,3,1,3,0,0,-1,0,1
12116,82.15959781,22.10622608,1,3,2,1,5,08:02,7,E09000023,3,21,6,30,6,4,5,0,0,0,1,1,1,0,0,1,1,E01003318,03-03-2018,1,1,1,1,41,7,3,0,0,0,0,-1,5,1
12117,82.12096895,22.07199477,1,3,3,1,5,12:56,7,E09000023,5,0,6,30,6,2,3,21,0,5,1,1,1,0,0,1,1,E01003241,03-03-2018,2,1,1,1,28,6,2,0,0,0,0,-1,1,1
12118,82.14749023,22.05291122,1,3,1,1,5,13:29,7,E09000023,3,21,6,30,0,-1,-1,0,0,8,1,1,1,0,0,1,1,E01003352,03-03-2018,1,1,2,2,-1,-1,3,0,0,0,3,-1,11,1
12119,82.15520039,22.07225135,1,3,1,1,7,00:49,7,E09000023,4,212,6,30,3,4,6,0,0,0,4,1,1,0,0,1,1,E01003202,19-02-2018,1,1,2,2,-1,-1,3,0,0,0,3,-1,11,-1
12120,82.11690326,22.10090242,1,3,2,1,6,18:55,7,E09000023,3,212,6,30,3,4,6,0,0,0,4,1,1,0,0,1,1,E01003332,25-02-2018,1,1,2,2,-1,-1,3,0,0,0,0,-1,5,1
12121,82.16570292,22.06003554,1,3,2,1,1,13:55,7,E09000023,3,205,3,30,0,-1,-1,0,0,0,1,1,1,0,0,1,1,E01003269,27-02-2018,1,1,1,2,26,6,3,0,0,0,0,-1,9,1
12122,82.13142718,22.0731995,1,3,1,1,4,14:24,7,E09000023,3,2212,6,30,0,-1,-1,0,0,0,1,2,2,0,0,1,1,E01003280,02-03-2018,1,1,3,2,32,6,3,5,1,0,0,-1,0,1
12123,82.17053444,22.05185777,1,3,1,1,4,21:52,7,E09000023,3,2,6,30,3,4,6,0,0,0,4,1,1,0,0,1,1,E01003303,02-03-2018,1,1,2,2,-1,-1,3,0,0,0,4,-1,11,-1
12124,82.16726502,22.06123269,1,3,2,1,1,12:25,7,E09000023,3,21,1,30,1,2,3,20,0,0,1,1,1,0,0,1,3,E01003296,27-02-2018,1,1,1,2,22,5,3,0,0,0,0,-1,9,1
12125,82.18190189,22.10452579,1,3,2,1,1,04:40,7,E09000023,3,20,2,30,3,2,3,20,0,5,4,1,1,0,0,1,3,E01003215,27-02-2018,2,1,1,1,29,6,2,0,0,0,0,-1,1,1
12126,82.16406032,22.09723612,1,3,2,1,1,04:10,7,E09000023,3,20,2,30,3,2,3,20,0,5,4,1,1,0,0,1,3,E01003215,27-02-2018,1,1,1,2,25,5,2,0,0,0,0,-1,9,1
12127,82.1139571,22.07712026,1,2,2,1,7,16:58,7,E09000023,3,20,6,30,3,4,6,0,0,0,1,1,1,0,0,1,1,E01003211,05-03-2018,1,2,3,2,20,4,2,5,3,0,0,-1,0,1
12128,82.19221489,22.10757994,1,3,2,1,7,10:55,8,E09000028,4,238,6,30,3,4,6,0,0,0,1,1,2,0,0,1,1,E01004017,05-03-2018,1,1,1,1,36,7,3,0,0,0,0,-1,3,1
12129,82.1880974,22.09833778,1,3,2,1,7,18:15,7,E09000023,3,20,6,30,3,4,6,0,0,0,4,1,2,0,0,1,1,E01003210,05-03-2018,1,1,1,1,23,5,3,0,0,0,0,-1,1,1
12130,82.12195123,22.09211575,1,3,2,1,2,19:15,7,E09000023,3,20,6,30,3,4,6,0,0,0,1,2,2,0,0,1,1,E01003202,07-03-2018,1,1,3,1,-1,-1,3,5,1,0,0,-1,0,-1
12131,82.17516023,22.08450188,1,3,2,1,6,10:47,7,E09000023,3,20,6,30,3,4,6,0,0,0,1,1,1,0,0,1,1,E01003211,18-03-2018,1,2,1,1,29,6,3,0,0,0,0,-1,3,1
12132,82.18217591,22.07900252,1,3,1,2,3,12:45,7,E09000023,3,21,6,30,3,4,6,0,0,0,1,1,1,0,0,1,1,E01003289,08-03-2018,2,1,3,1,33,6,3,6,9,0,0,-1,0,-1
12133,82.18773348,22.08510084,1,3,2,1,4,07:15,7,E09000023,3,20,6,30,3,4,6,0,0,0,1,1,2,0,0,1,1,E01003277,09-03-2018,1,1,1,1,37,7,3,0,0,0,0,-1,3,1
12134,82.13871515,22.05216326,1,3,2,2,4,07:37,7,E09000023,3,205,6,30,3,4,6,0,0,0,1,1,1,0,0,1,1,E01003316,09-03-2018,2,1,1,1,32,6,3,0,0,0,0,-1,9,1
12135,82.17286042,22.07463193,1,3,2,1,4,16:00,7,E09000023,6,0,6,30,3,4,6,0,0,0,1,1,1,0,0,1,3,E01003200,23-02-2018,1,1,1,1,32,6,3,0,0,0,0,-1,3,1
12136,82.17857269,22.06352323,1,3,2,1,4,05:50,7,E09000023,4,207,6,30,3,4,6,0,0,0,4,2,2,0,0,1,3,E01003301,02-03-2018,1,1,1,1,28,6,3,0,0,0,0,-1,1,1
12137,82.17615102,22.1005292,1,3,1,1,3,12:00,7,E09000023,3,21,6,30,3,2,3,21,0,5,1,1,2,0,0,1,1,E01003318,01-03-2018,2,1,1,1,36,7,3,0,0,0,0,-1,9,1
12138,82.15955888,22.05859071,1,3,2,1,4,17:18,7,E09000023,3,205,6,30,6,4,6,0,0,0,1,1,1,0,0,1,1,E01003321,09-03-2018,2,2,2,2,-1,-1,3,0,0,1,0,-1,9,-1
12139,82.17427281,22.05034399,1,3,2,1,5,20:20,7,E09000023,3,20,6,30,6,4,4,218,0,0,4,1,1,0,0,1,1,E01003210,10-03-2018,2,1,1,2,29,6,3,0,0,0,0,-1,9,1
12140,82.10942894,22.07552293,1,3,2,1,5,17:35,7,E09000023,3,20,6,30,3,4,6,0,0,0,1,1,1,0,0,1,1,E01003211,10-03-2018,1,1,1,2,26,6,3,0,0,0,0,-1,9,1
12141,82.13633863,22.10381232,1,3,2,1,5,07:55,7,E09000023,4,238,6,30,0,-1,-1,0,0,1,1,2,2,0,0,1,1,E01003261,10-03-2018,1,1,1,1,26,6,3,0,0,0,0,-1,5,1
12142,82.16482918,22.10676164,1,3,1,1,7,12:35,7,E09000023,4,218,6,30,3,2,5,0,0,5,1,1,1,0,0,1,1,E01003272,12-03-2018,1,1,1,1,32,6,3,0,0,0,0,-1,1,1
12143,82.14967111,22.09824206,1,2,2,1,6,20:50,7,E09000023,3,205,6,30,0,-1,-1,0,0,0,4,2,2,0,0,1,1,E01003255,11-03-2018,1,1,1,2,33,6,3,0,0,0,0,-1,9,1
12144,82.11879469,22.0683126,1,3,2,1,6,16:23,7,E09000023,3,21,6,30,0,-1,-1,0,0,4,1,1,1,0,0,1,1,E01003291,11-03-2018,1,1,1,1,35,6,3,0,0,0,0,-1,5,1
12145,82.13516718,22.08662774,1,3,2,1,1,19:35,7,E09000023,4,218,6,30,3,4,6,0,0,0,4,1,1,0,0,1,1,E01003229,13-03-2018,1,1,1,2,22,5,3,0,0,0,0,-1,9,1
12146,82.136399,22.05596008,1,3,1,1,2,08:54,7,E09000023,4,207,6,30,3,4,6,0,0,4,1,1,1,0,0,1,1,E01003303,14-03-2018,2,1,1,1,31,6,2,0,0,0,0,-1,9,1
12147,82.16101584,22.07283973,1,3,2,1,2,21:35,7,E09000023,3,2209,1,30,2,4,6,0,0,0,4,1,1,0,0,1,3,E01003306,28-03-2018,1,1,3,1,65,9,3,5,9,0,0,-1,0,-1
12148,82.11131207,22.07727012,1,3,2,1,3,08:55,7,E09000023,5,0,6,30,0,-1,-1,0,0,0,1,1,1,0,0,1,3,E01003263,15-02-2018,2,1,1,2,26,6,2,0,0,0,0,-1,9,1
12149,82.15915766,22.10557973,1,2,2,1,3,10:40,7,E09000023,3,212,6,30,0,-1,-1,0,0,0,1,2,2,0,0,1,1,E01003332,22-03-2018,1,1,1,2,36,7,3,0,0,0,0,-1,3,1
12150,82.17835899,22.0557756,1,3,2,1,2,17:45,7,E09000023,4,218,6,30,3,2,4,236,0,5,1,1,1,0,0,1,1,E01003272,14-03-2018,2,1,1,1,-1,-1,3,0,0,0,0,-1,1,1
12151,82.18150487,22.10190132,1,2,2,1,3,21:30,7,E09000023,5,0,6,30,0,-1,-1,0,0,0,4,1,1,0,0,1,1,E01003222,15-03-2018,1,1,1,2,39,7,3,0,0,0,0,-1,1,1
12152,82.17048562,22.10137764,1,3,2,1,3,08:35,7,E09000023,6,0,6,30,3,4,6,0,0,0,1,1,1,0,0,1,1,E01003274,15-03-2018,2,1,1,1,37,7,3,0,0,0,0,-1,3,1
12153,82.1694776,22.07099934,1,2,1,1,3,23:14,7,E09000023,3,212,6,30,3,4,6,0,0,0,4,1,1,0,0,1,1,E01003190,15-03-2018,2,1,1,1,47,8,2,0,0,0,0,-1,3,1
12154,82.1598663,22.05559448,1,2,2,1,4,20:59,7,E09000023,3,205,6,30,3,4,6,0,0,0,4,1,1,0,0,1,1,E01003316,16-03-2018,2,2,2,1,16,4,3,0,0,0,0,-1,3,1
12155,82.13447022,22.07395388,1,3,1,1,4,00:20,7,E09000023,4,218,6,30,3,4,6,0,0,1,4,1,1,0,0,1,1,E01003231,16-03-2018,1,1,1,2,21,5,3,0,0,0,0,-1,9,1
12156,82.1284641,22.05578182,1,3,2,1,4,11:05,7,E09000023,6,0,6,30,3,4,6,0,0,0,1,1,1,0,0,1,1,E01003271,16-03-2018,1,1,1,1,33,6,3,0,0,0,0,-1,5,1
12157,82.13115142,22.05873665,1,3,2,1,1,21:00,7,E09000023,3,202,6,30,3,2,3,2,0,5,4,1,1,0,0,1,1,E01003338,13-03-2018,1,1,3,2,22,5,3,1,1,0,0,-1,0,1
12158,82.12059465,22.07908129,1,3,2,1,5,19:30,7,E09000023,3,2209,6,30,0,-1,-1,0,0,0,4,1,1,0,0,1,1,E01003306,17-03-2018,2,1,1,2,29,6,2,0,0,0,0,-1,3,1
12159,82.10995528,22.0592179,1,3,3,3,5,19:00,7,E09000023,6,0,6,30,6,4,6,0,0,0,4,1,1,0,0,1,1,E01003218,17-03-2018,2,1,1,1,32,6,3,0,0,0,0,-1,3,1
12160,82.14342626,22.10802323,1,3,3,2,6,15:13,7,E09000023,3,200,6,30,3,4,6,0,0,0,1,1,1,0,0,1,1,E01003248,18-03-2018,1,1,1,1,27,6,3,0,0,0,0,-1,3,1
12161,82.10888568,22.10005174,1,3,2,1,6,14:28,7,E09000023,6,0,6,30,0,-1,-1,0,0,0,1,1,1,0,0,1,1,E01003317,18-03-2018,2,2,1,2,48,8,3,0,0,0,0,-1,1,1
12162,82.18200887,22.08746881,1,3,2,1,7,13:40,7,E09000023,3,205,6,30,6,2,3,205,0,5,1,1,1,0,0,1,1,E01003280,19-03-2018,1,1,2,1,14,3,3,0,0,2,0,-1,9,1
12163,82.16773805,22.06969386,1,3,2,1,7,12:40,7,E09000023,3,21,6,30,3,4,6,0,0,0,1,1,1,0,0,1,1,E01003241,19-03-2018,1,1,1,1,26,6,3,0,0,0,0,-1,5,1
12164,82.15442806,22.05841111,1,3,2,1,7,11:00,7,E09000023,3,2218,6,30,3,4,6,0,0,0,1,1,1,0,0,1,1,E01003190,19-03-2018,1,1,1,1,47,8,3,0,0,0,0,-1,9,1
12165,82.15932289,22.08142001,1,2,1,1,1,06:59,7,E09000023,3,20,6,30,3,4,4,220,0,0,1,1,1,0,0,1,1,E01003199,20-03-2018,1,2,2,2,86,11,3,0,0,1,0,-1,9,-1
12166,82.14163263,22.06806199,1,2,1,1,1,17:06,7,E09000023,6,0,6,30,3,4,6,0,0,0,1,1,1,0,0,1,1,E01003316,20-03-2018,1,1,3,1,35,6,2,6,9,0,0,-1,0,1
12167,82.15353526,22.08144489,1,3,2,1,7,22:50,7,E09000023,5,0,6,30,3,4,3,205,0,0,4,1,2,0,0,1,3,E01003317,05-03-2018,1,1,3,1,36,7,3,6,9,0,0,-1,0,1
12168,82.15578387,22.1010398,1,3,3,2,2,18:50,7,E09000023,5,0,6,30,6,4,6,0,0,0,4,1,1,0,0,1,1,E01003236,21-03-2018,1,1,3,2,33,6,3,1,1,0,0,-1,0,1
12169,82.17777709,22.10202051,1,3,2,1,2,00:01,7,E09000023,3,20,6,30,3,4,6,0,0,0,4,1,1,0,0,1,1,E01003282,21-03-2018,1,1,1,2,45,7,3,0,0,0,0,-1,9,1
12170,82.17938636,22.0753608,1,3,2,1,2,14:00,7,E09000023,3,212,6,30,3,4,6,0,0,0,1,1,1,0,0,1,1,E01003194,21-03-2018,1,2,2,2,19,4,3,0,0,1,0,-1,9,1
12171,82.19411467,22.10610923,1,3,2,1,3,07:46,7,E09000023,5,0,6,30,3,4,6,0,0,0,1,2,2,0,0,1,1,E01003239,22-03-2018,1,1,1,1,39,7,2,0,0,0,0,-1,5,-1
12172,82.19411411,22.1079278,1,3,2,1,3,13:05,7,E09000023,5,0,6,30,6,4,6,0,0,0,1,1,1,0,0,1,1,E01003239,22-03-2018,1,1,1,2,27,6,3,0,0,0,0,-1,1,-1
12173,82.13311209,22.06932752,1,3,3,1,3,09:42,8,E09000028,3,2,6,30,6,4,4,2227,0,0,1,1,2,0,0,1,1,E01004003,22-03-2018,1,1,3,1,17,4,3,1,3,0,0,-1,0,1
12174,82.13856665,22.07798172,1,3,1,1,4,09:10,7,E09000023,6,0,6,30,0,-1,-1,0,0,0,1,1,1,0,0,1,1,E01003346,23-03-2018,2,1,1,1,31,6,3,0,0,0,0,-1,19,-1
12175,82.15079815,22.04846014,1,3,1,1,4,19:21,7,E09000023,4,212,6,30,3,4,6,0,0,4,1,1,1,0,0,1,1,E01003202,23-03-2018,1,1,2,1,34,6,3,0,0,1,0,-1,9,-1
12176,82.19636508,22.07595762,1,3,2,1,5,13:30,7,E09000023,3,205,6,30,3,4,6,0,0,0,1,1,1,0,0,1,1,E01003255,24-03-2018,2,1,1,1,37,7,2,0,0,0,0,-1,2,1
12177,82.17443389,22.10573789,1,3,1,1,4,12:50,7,E09000023,3,205,6,30,6,4,6,0,0,0,1,1,2,0,0,1,1,E01003321,30-03-2018,1,1,1,1,42,7,3,0,0,0,0,-1,9,1
12178,82.13669815,22.09411073,1,3,2,2,3,20:00,7,E09000023,4,226,6,30,3,4,6,0,0,0,4,1,1,0,0,1,1,E01003265,08-02-2018,1,1,1,1,73,10,3,0,0,0,0,-1,9,-1
12179,82.18660895,22.0742403,1,3,2,1,6,16:15,7,E09000023,3,200,6,30,6,4,6,0,0,4,1,1,1,0,0,1,1,E01003252,25-02-2018,1,1,2,1,67,10,3,0,0,0,4,-1,11,1
12180,82.1150664,22.05193835,1,3,2,1,6,00:15,7,E09000023,6,0,6,30,3,4,6,0,0,0,4,1,1,0,0,1,1,E01003314,25-03-2018,1,1,3,1,31,6,3,5,1,0,0,-1,0,-1
12181,82.15057268,22.05604322,1,3,1,2,1,00:56,7,E09000023,3,212,6,30,0,-1,-1,0,0,0,4,1,1,0,0,1,1,E01003327,27-03-2018,1,1,1,1,48,8,3,0,0,0,0,-1,2,-1
12182,82.10965834,22.05012308,1,3,2,1,1,11:29,7,E09000023,5,0,6,30,0,-1,-1,0,0,0,1,1,1,0,0,1,1,E01003318,27-03-2018,1,1,1,2,28,6,3,0,0,0,0,-1,9,1
12183,82.19028665,22.05611872,1,3,2,1,2,08:42,7,E09000023,6,0,6,30,3,4,6,0,0,0,1,1,1,0,0,1,1,E01003333,28-03-2018,2,1,1,1,40,7,3,0,0,0,0,-1,1,1
12184,82.15266295,22.09185097,1,3,2,1,3,15:36,7,E09000023,3,205,6,30,3,4,6,0,0,0,1,1,1,0,0,1,1,E01003321,29-03-2018,1,1,2,2,47,8,3,0,0,0,3,-1,11,-1
12185,82.16564162,22.05248491,1,3,1,1,3,19:30,7,E09000023,4,218,6,30,0,-1,-1,0,0,1,4,2,2,0,0,1,1,E01003212,29-03-2018,1,1,3,1,15,3,3,1,1,0,0,-1,0,1
12186,82.10666418,22.07422526,1,3,2,1,3,13:29,7,E09000023,3,212,6,30,0,-1,-1,0,0,0,1,1,1,0,0,1,1,E01003327,29-03-2018,1,1,3,1,40,7,3,7,5,0,0,-1,0,-1
12187,82.11921807,22.09418977,1,3,1,1,7,18:30,7,E09000023,3,2,6,30,3,4,6,0,0,8,1,1,1,0,0,1,1,E01003215,09-04-2018,1,1,1,2,42,7,3,0,0,0,0,-1,9,1
12188,82.17809842,22.10315829,1,3,2,1,4,12:40,7,E09000023,3,200,6,30,0,-1,-1,0,0,0,1,1,1,0,0,1,1,E01003248,30-03-2018,1,1,1,1,38,7,3,0,0,0,0,-1,9,1
12189,82.15687727,22.05362555,1,3,2,1,2,17:55,7,E09000023,3,2216,6,30,3,4,6,0,0,0,1,1,1,0,0,1,1,E01003334,04-04-2018,1,1,1,2,35,6,3,0,0,0,0,-1,9,1
12190,82.13265773,22.0954669,1,3,2,1,5,07:35,7,E09000023,3,205,6,30,3,4,3,205,0,0,1,1,1,0,0,1,1,E01003315,07-04-2018,2,2,1,1,27,6,3,0,0,0,0,-1,19,1
12191,82.13217487,22.0510516,1,3,2,1,4,13:20,7,E09000023,3,212,6,30,0,-1,-1,0,0,0,1,1,1,0,0,1,1,E01003326,30-03-2018,1,1,1,1,41,7,3,0,0,0,0,-1,9,1
12192,82.19344497,22.07707804,1,3,2,1,3,15:51,7,E09000023,4,226,6,30,3,4,6,0,0,0,1,1,1,0,0,1,1,E01003264,12-04-2018,1,1,3,2,26,6,3,5,1,0,0,-1,0,1
12193,82.18071203,22.08221993,1,3,1,1,4,12:10,7,E09000023,3,205,6,30,0,-1,-1,0,0,0,1,1,1,0,0,1,2,E01003321,13-04-2018,1,1,2,1,49,8,3,0,0,0,3,-1,11,-1
12194,82.17888251,22.07475175,1,3,2,2,3,23:30,7,E09000023,3,2,6,30,6,2,3,2209,0,5,4,1,1,0,0,1,2,E01003207,22-03-2018,2,1,1,1,39,7,2,0,0,0,0,-1,3,1
12195,82.17236189,22.0959938,1,2,2,1,5,09:00,7,E09000023,3,205,6,30,3,4,6,0,0,4,1,1,1,0,0,1,2,E01003224,17-03-2018,2,1,1,2,27,6,3,0,0,0,0,-1,2,1
12196,82.15121318,22.07793288,1,3,1,1,7,16:03,7,E09000023,3,2218,6,30,3,4,6,0,0,0,1,1,1,0,0,1,1,E01003192,02-04-2018,2,1,1,1,40,7,3,0,0,0,0,-1,19,1
12197,82.14272856,22.08599992,1,3,3,1,7,15:05,7,E09000023,5,0,6,30,6,2,5,0,0,5,1,1,1,0,0,1,1,E01003224,02-04-2018,1,1,1,1,42,7,3,0,0,0,0,-1,5,1
12198,82.18578243,22.10763458,1,3,2,1,4,09:20,7,E09000023,5,0,6,30,0,-1,-1,0,0,0,1,2,2,0,0,1,1,E01003348,13-04-2018,1,1,3,2,28,6,3,5,3,0,0,-1,0,1
12199,82.1583641,22.06938329,1,2,2,1,3,14:25,7,E09000023,6,0,6,30,0,-1,-1,0,0,0,1,1,1,0,0,1,1,E01003352,19-04-2018,1,1,1,1,31,6,3,0,0,0,0,-1,3,1
12200,82.17585575,22.08722602,1,3,2,1,7,08:35,7,E09000023,6,0,6,30,3,4,3,212,0,0,1,1,1,0,0,1,1,E01003328,16-04-2018,1,1,1,1,35,6,3,0,0,0,0,-1,4,1
12201,82.12433146,22.08679565,1,3,1,1,2,18:00,7,E09000023,6,0,6,30,0,-1,-1,0,0,0,1,1,1,0,0,1,1,E01003291,04-04-2018,2,2,1,1,27,6,3,0,0,0,0,-1,1,1
12202,82.14484889,22.055103,1,3,3,3,3,12:45,7,E09000023,3,2,2,30,3,4,4,207,0,0,1,1,1,0,0,1,1,E01003215,05-04-2018,1,1,3,1,21,5,3,1,1,0,0,-1,0,-1
12203,82.12197194,22.10317211,1,3,1,1,3,13:10,7,E09000023,3,21,6,30,0,-1,-1,0,0,0,1,1,1,0,0,1,2,E01003324,12-04-2018,1,1,2,2,2,1,3,0,0,0,3,-1,11,1
12204,82.16465753,22.05751883,1,3,2,1,2,17:00,7,E09000023,4,212,6,30,0,-1,-1,0,0,0,1,1,1,0,0,1,1,E01001657,04-04-2018,1,1,3,2,2,1,3,1,1,0,0,-1,0,1