Accident_Index,longitude,latitude,Police_Force,Accident_Severity,Number_of_Vehicles,Number_of_Casualties,Day_of_Week,Time,Local_Authority_(District),Local_Authority_(Highway),1st_Road_Class,1st_Road_Number,Road_Type,Speed_limit,Junction_Detail,Junction_Control,2nd_Road_Class,2nd_Road_Number,Pedestrian_Crossing-Human_Control,Pedestrian_Crossing-Physical_Facilities,Light_Conditions,Weather_Conditions,Road_Surface_Conditions,Special_Conditions_at_Site,Carriageway_Hazards,Urban_or_Rural_Area,Did_Police_Officer_Attend_Scene_of_Accident,LSOA_of_Accident_Location,Date,Vehicle_Reference,Casualty_Reference,Casualty_Class,Sex_of_Casualty,Age_of_Casualty,Age_Band_of_Casualty,Casualty_Severity,Pedestrian_Location,Pedestrian_Movement,Car_Passenger,Bus_or_Coach_Passenger,Pedestrian_Road_Maintenance_Worker,Casualty_Type,Casualty_Home_Area_Type
12205,82.19015689,22.09931992,1,3,1,1,3,15:00,7,E09000023,6,0,6,30,6,4,6,0,0,0,1,1,1,0,0,1,1,E01003189,05-04-2018,1,1,1,1,58,9,3,0,0,0,0,-1,9,1
12206,82.18939539,22.10536666,1,3,1,1,4,14:57,7,E09000023,3,21,6,30,0,-1,-1,0,0,0,1,1,1,0,0,1,1,E01003318,06-04-2018,1,1,1,1,24,5,3,0,0,0,0,-1,19,1
12207,82.1943241,22.06728697,1,3,1,1,5,09:15,7,E09000023,4,218,6,30,0,-1,-1,0,0,0,1,1,1,0,0,1,1,E01003226,07-04-2018,1,1,3,1,12,3,3,5,1,0,0,-1,0,-1
12208,82.13294807,22.07663133,1,2,1,1,6,23:59,7,E09000023,3,2212,6,30,3,4,6,0,0,0,4,8,2,0,0,1,1,E01003265,08-04-2018,1,1,2,1,33,6,3,0,0,1,0,-1,9,1
12209,82.1311329,22.07820513,1,3,1,2,1,03:45,7,E09000023,3,20,6,30,0,-1,-1,0,0,0,4,1,1,0,0,1,1,E01003278,10-04-2018,1,1,1,1,48,8,3,0,0,0,0,-1,9,1
12210,82.17935215,22.10292761,1,3,2,1,2,16:30,7,E09000023,3,2216,1,30,1,4,3,212,0,1,1,1,1,0,0,1,1,E01003334,11-04-2018,1,1,1,1,47,8,3,0,0,0,0,-1,1,1
12211,82.13766286,22.10778462,1,3,1,1,2,07:41,7,E09000023,3,212,6,30,0,-1,-1,0,0,4,1,1,1,0,0,1,1,E01003328,11-04-2018,2,1,2,2,30,6,3,0,0,1,0,-1,9,1
12212,82.1843355,22.10245162,1,3,2,1,4,11:27,7,E09000023,3,20,6,30,3,4,6,0,0,4,1,2,2,0,0,1,1,E01003288,13-04-2018,1,1,3,1,45,7,3,5,3,0,0,-1,0,1
12213,82.11166472,22.0897915,1,3,2,1,3,13:05,7,E09000023,3,21,6,30,0,-1,-1,0,0,0,1,1,1,0,0,1,2,E01003352,15-03-2018,1,1,3,2,15,3,3,5,2,0,0,-1,0,-1
12214,82.15744904,22.10143833,1,3,2,1,5,16:00,7,E09000023,3,212,6,30,3,4,6,0,0,4,1,1,1,0,0,1,1,E01003327,17-03-2018,1,2,1,1,35,6,2,0,0,0,0,-1,3,1
12215,82.16731585,22.06608212,1,3,2,1,6,16:00,7,E09000023,5,0,6,30,3,4,6,0,0,0,1,1,1,0,0,1,1,E01003213,08-04-2018,2,1,1,1,25,5,3,0,0,0,0,-1,4,1
12216,82.15351802,22.10318008,1,3,2,1,5,10:00,7,E09000023,3,2216,6,30,0,-1,-1,0,0,1,1,1,1,0,0,1,1,E01003334,14-04-2018,1,1,1,1,27,6,3,0,0,0,0,-1,1,1
12217,82.18023186,22.0609541,1,3,2,1,6,18:59,7,E09000023,3,205,6,30,3,4,6,0,0,0,1,2,2,0,0,1,1,E01003310,15-04-2018,1,1,1,1,-1,-1,3,0,0,0,0,-1,9,-1
12218,82.14727892,22.056617,1,3,2,1,6,05:20,7,E09000023,5,0,6,30,6,2,3,205,0,5,4,1,1,0,0,1,1,E01003268,15-04-2018,1,1,1,1,25,5,3,0,0,0,0,-1,9,1
12219,82.13705225,22.09235898,1,3,1,1,3,17:20,7,E09000023,3,20,6,30,3,2,3,20,0,5,1,1,1,0,0,1,2,E01003215,22-03-2018,1,1,2,2,28,6,3,0,0,0,0,-1,2,-1
12220,82.1236023,22.09656955,1,3,2,1,5,17:15,7,E09000023,5,0,6,30,6,2,3,20,0,5,1,1,1,0,0,1,2,E01003210,24-03-2018,1,2,1,1,30,6,3,0,0,0,0,-1,2,1
12221,82.17087078,22.093895,1,3,2,1,5,13:15,7,E09000023,3,21,6,30,0,-1,-1,0,0,0,1,1,1,0,0,1,3,E01003241,24-03-2018,1,1,3,2,20,4,3,4,1,0,0,-1,0,-1
12222,82.11450315,22.08517583,1,3,1,1,1,01:30,7,E09000023,3,212,6,30,3,4,6,0,0,0,4,1,1,0,0,1,2,E01003327,27-03-2018,1,2,3,1,5,1,3,4,1,0,0,-1,0,1
12223,82.1778727,22.05103739,1,3,1,2,7,15:45,7,E09000023,6,0,6,30,0,-1,-1,0,0,0,1,1,1,0,0,1,1,E01003304,16-04-2018,1,1,3,2,13,3,3,4,4,0,0,-1,0,1
12224,82.12221132,22.06429994,1,3,2,1,7,18:53,7,E09000023,5,0,6,30,3,4,6,0,0,0,1,1,1,0,0,1,1,E01003263,16-04-2018,1,1,1,1,47,8,3,0,0,0,0,-1,5,1
12225,82.11794527,22.07663254,1,3,2,1,5,19:00,7,E09000023,6,0,6,30,3,4,6,0,0,0,4,1,1,4,0,1,2,E01003309,24-03-2018,1,1,3,1,39,7,3,4,2,0,0,-1,0,1
12226,82.17902673,22.09456357,1,3,1,1,1,10:13,7,E09000023,6,0,6,30,3,4,6,0,0,0,1,1,1,0,0,1,1,E01003350,17-04-2018,1,1,1,1,33,6,3,0,0,0,0,-1,19,1
12227,82.15183291,22.07944353,1,3,2,1,3,07:00,7,E09000023,3,20,6,30,6,2,3,2212,0,5,1,2,2,1,0,1,1,E01003286,19-04-2018,1,2,2,1,39,7,3,0,0,0,0,-1,19,1
12228,82.14891842,22.06926977,1,2,1,1,1,00:05,7,E09000023,6,0,6,30,0,-1,-1,0,0,0,4,1,1,0,0,1,1,E01003209,17-04-2018,1,1,3,2,42,7,3,1,1,0,0,-1,0,1
12229,82.19063977,22.06054194,1,2,2,5,1,21:28,7,E09000023,5,0,6,30,6,2,3,205,0,0,4,2,2,0,0,1,1,E01003224,17-04-2018,2,1,1,2,29,6,3,0,0,0,0,-1,1,1
12230,82.15872729,22.08590228,1,3,2,1,1,12:28,7,E09000023,4,218,6,30,3,4,6,0,0,1,1,1,1,0,0,1,1,E01003229,17-04-2018,1,1,1,1,30,6,3,0,0,0,0,-1,3,-1
12231,82.14068561,22.07150454,1,3,2,2,4,08:37,7,E09000023,6,0,6,30,6,4,6,0,0,0,1,1,1,0,0,1,1,E01003279,20-04-2018,2,1,1,1,30,6,3,0,0,0,0,-1,1,-1
12232,82.16609239,22.10678195,1,3,2,1,5,18:40,7,E09000023,3,20,6,30,3,4,6,0,0,4,1,1,1,0,0,1,1,E01003278,21-04-2018,1,1,3,2,11,3,3,4,1,0,0,-1,0,1
12233,82.12550946,22.07434607,1,3,2,1,5,09:30,7,E09000023,5,0,6,30,3,4,6,0,0,0,1,2,2,0,0,1,2,E01003220,10-03-2018,1,1,2,1,89,11,3,0,0,0,3,-1,11,1
12234,82.18368519,22.05947689,1,3,2,1,5,08:26,7,E09000023,5,0,6,30,0,-1,-1,0,0,0,1,1,1,0,0,1,1,E01003294,21-04-2018,1,1,1,1,23,5,3,0,0,0,0,-1,1,1
12235,82.17847285,22.10162619,1,3,2,1,6,15:40,7,E09000023,3,21,6,30,3,4,6,0,0,1,1,1,1,0,0,1,1,E01003325,22-04-2018,1,1,1,1,36,7,2,0,0,0,0,-1,5,1
12236,82.17428158,22.08338764,1,3,2,1,6,16:43,7,E09000023,5,0,6,30,0,-1,-1,0,0,0,1,1,1,0,0,1,1,E01003217,22-04-2018,1,1,1,1,41,7,3,0,0,0,0,-1,9,1
12237,82.11161907,22.10052091,1,3,2,1,7,18:30,7,E09000023,5,0,6,30,6,2,3,21,0,5,1,1,1,0,0,1,1,E01003289,30-04-2018,1,1,1,1,38,7,2,0,0,0,0,-1,5,1
12238,82.18356283,22.07223215,1,3,2,1,5,08:50,7,E09000023,4,218,6,30,3,4,6,0,0,0,1,1,1,0,0,1,2,E01003232,17-03-2018,1,1,1,1,30,6,3,0,0,0,0,-1,9,1
12239,82.16562702,22.06717137,1,3,2,1,3,17:42,7,E09000023,3,2,6,30,3,4,6,0,0,4,1,1,1,0,0,1,1,E01003207,26-04-2018,2,1,1,1,31,6,3,0,0,0,0,-1,1,1
12240,82.18327529,22.09234523,1,3,2,1,1,18:50,7,E09000023,5,0,6,30,3,2,5,0,0,5,1,1,1,0,0,1,1,E01003346,24-04-2018,1,1,2,2,32,6,3,0,0,1,0,-1,9,1
12241,82.10659481,22.05298769,1,3,2,1,7,08:00,7,E09000023,3,20,6,30,6,2,3,20,0,5,1,1,1,0,0,1,2,E01003209,02-04-2018,1,1,1,2,46,8,3,0,0,0,0,-1,9,1
12242,82.12187583,22.06785138,1,3,2,1,1,13:25,7,E09000023,3,20,6,30,0,-1,-1,0,0,0,1,1,1,0,0,1,1,E01003215,24-04-2018,1,1,1,1,33,6,3,0,0,0,0,-1,5,1
12243,82.12831928,22.06490396,1,3,2,1,7,14:38,7,E09000023,3,200,6,30,6,4,6,0,0,4,1,1,1,0,0,1,1,E01003247,23-04-2018,1,1,1,2,41,7,3,0,0,0,0,-1,9,1
12244,82.13056194,22.04983261,1,3,1,1,2,16:06,7,E09000023,3,21,6,30,0,-1,-1,0,0,0,1,1,2,0,0,1,1,E01003319,25-04-2018,1,1,3,2,45,7,3,6,9,0,0,-1,0,-1
12245,82.1893531,22.1020058,1,3,2,1,2,12:44,7,E09000023,3,2,6,30,8,4,6,0,0,0,1,1,2,0,0,1,1,E01003340,25-04-2018,1,1,2,1,-1,-1,3,0,0,0,4,-1,11,1
12246,82.15893929,22.06358896,1,3,1,1,3,09:27,7,E09000023,3,212,6,30,3,4,6,0,0,4,1,1,2,0,0,1,1,E01003327,26-04-2018,1,2,2,1,6,2,3,0,0,0,4,-1,11,-1
12247,82.13887158,22.09426344,1,3,1,1,3,13:41,7,E09000023,4,236,6,30,3,4,6,0,0,4,1,2,2,4,0,1,1,E01003274,26-04-2018,1,1,1,1,32,6,3,0,0,0,0,-1,9,1
12248,82.19171622,22.10550263,1,3,2,1,4,07:35,7,E09000023,3,2218,6,30,3,2,3,212,0,5,1,1,1,0,0,1,1,E01003190,27-04-2018,2,2,1,1,27,6,2,0,0,0,0,-1,5,1
12249,82.11630185,22.07329022,1,3,2,1,3,18:10,7,E09000023,4,218,6,30,0,-1,-1,0,0,0,1,1,1,0,0,1,2,E01003231,05-04-2018,2,1,1,1,-1,-1,3,0,0,0,0,-1,19,-1
12250,82.15689684,22.10233778,1,3,1,1,2,15:46,7,E09000023,3,212,6,30,0,-1,-1,0,0,0,1,1,1,0,0,1,2,E01003332,18-04-2018,2,1,1,2,43,7,3,0,0,0,0,-1,2,1
12251,82.1513255,22.07226302,1,3,2,1,2,20:00,7,E09000023,6,0,6,30,3,4,6,0,0,0,4,2,2,4,0,1,2,E01003314,25-04-2018,1,1,1,2,24,5,3,0,0,0,0,-1,9,1
12252,82.15367608,22.08090482,1,3,2,1,4,15:30,7,E09000023,3,20,6,30,0,-1,-1,0,0,0,1,1,1,0,0,1,2,E01003296,27-04-2018,1,1,1,1,31,6,3,0,0,0,0,-1,9,1
12253,82.13092632,22.05906675,1,3,2,2,6,11:00,7,E09000023,3,20,6,30,0,-1,-1,0,0,0,1,1,1,0,0,1,2,E01003215,29-04-2018,1,1,1,1,43,7,2,0,0,0,0,-1,1,1
12254,82.16399626,22.07797479,1,3,1,1,3,06:35,7,E09000023,3,21,6,30,3,4,6,0,0,0,1,2,2,6,0,1,1,E01003221,03-05-2018,1,1,1,1,39,7,2,0,0,0,0,-1,1,1
12255,82.13177064,22.07465561,1,2,1,1,6,22:30,7,E09000023,4,227,6,30,3,4,6,0,0,0,4,1,1,0,0,1,1,E01003312,29-04-2018,1,1,1,2,42,7,3,0,0,0,0,-1,1,1
12256,82.19342081,22.0776124,1,2,2,2,6,06:40,7,E09000023,3,2,6,30,3,4,4,218,0,0,1,1,1,0,0,1,1,E01003215,29-04-2018,1,1,1,1,23,5,3,0,0,0,0,-1,5,-1
12257,82.14576563,22.07666891,1,3,1,1,6,08:15,7,E09000023,6,0,6,30,3,4,6,0,0,0,1,1,1,0,0,1,1,E01003284,29-04-2018,1,2,2,2,24,5,3,0,0,0,0,-1,5,1
12258,82.16713679,22.05857868,1,3,1,1,7,15:35,7,E09000023,3,205,2,30,3,2,3,21,0,5,1,1,1,0,0,1,1,E01003318,30-04-2018,2,1,1,2,24,5,3,0,0,0,0,-1,9,1
12259,82.15330387,22.08050134,1,3,2,4,7,22:22,7,E09000023,3,2,2,30,3,4,6,0,0,0,4,1,1,0,0,1,1,E01003338,30-04-2018,1,1,3,1,14,3,3,1,1,0,0,-1,0,-1
12260,82.13679232,22.07031887,1,3,2,1,7,16:08,8,E09000028,4,238,6,30,3,2,5,0,0,5,1,1,1,0,0,1,1,E01003260,30-04-2018,2,1,1,1,-1,-1,3,0,0,0,0,-1,1,1
12261,82.17372925,22.10499818,1,3,1,2,1,23:59,7,E09000023,3,20,6,30,0,-1,-1,0,0,0,4,1,1,0,0,1,1,E01003278,10-04-2018,1,1,1,1,34,6,3,0,0,0,0,-1,9,1
12262,82.13072797,22.08921186,1,3,1,1,3,09:38,7,E09000023,6,0,6,20,6,4,4,207,0,0,1,1,1,0,0,1,1,E01003247,03-05-2018,1,1,1,1,34,6,3,0,0,0,0,-1,5,-1
12263,82.12525701,22.08071195,1,3,2,1,4,15:35,7,E09000023,3,205,6,30,3,4,6,0,0,0,1,1,1,0,0,1,1,E01003224,04-05-2018,1,1,2,2,-1,-1,3,0,0,2,0,-1,9,-1
12264,82.19763091,22.1030909,1,2,1,1,4,13:13,7,E09000023,3,2,6,30,3,2,6,0,0,5,1,1,2,0,0,1,1,E01003303,04-05-2018,1,1,2,2,-1,-1,3,0,0,0,4,-1,11,-1
12265,82.13488473,22.07435063,1,3,2,1,5,08:00,7,E09000023,3,202,2,30,3,4,3,2,0,0,1,1,1,0,0,1,1,E01003338,05-05-2018,2,1,1,1,-1,-1,3,0,0,0,0,-1,1,-1
12266,82.15594333,22.0716211,1,3,2,1,6,13:00,7,E09000023,3,2218,6,30,3,2,3,212,0,5,1,1,1,0,0,1,1,E01003190,06-05-2018,1,1,1,1,27,6,3,0,0,0,0,-1,1,1
12267,82.12886979,22.07375414,1,3,1,1,7,19:30,7,E09000023,3,205,6,30,0,-1,-1,0,0,0,4,1,1,0,0,1,1,E01003257,09-04-2018,1,1,1,2,31,6,3,0,0,0,0,-1,9,1
12268,82.16360227,22.10078199,1,3,2,1,3,22:10,7,E09000023,3,2212,6,30,3,4,6,0,0,0,4,1,1,0,0,1,1,E01003263,10-05-2018,1,1,1,1,36,7,3,0,0,0,0,-1,9,1
12269,82.13921249,22.10681135,1,3,2,1,3,16:00,7,E09000023,3,2216,6,30,3,4,6,0,0,0,1,2,2,0,0,1,1,E01003259,10-05-2018,1,1,3,2,-1,-1,3,9,5,0,0,-1,0,-1
12270,82.16489126,22.08479099,1,3,4,2,6,08:10,7,E09000023,5,0,6,30,2,4,5,0,0,0,1,1,1,0,0,1,1,E01003213,13-05-2018,1,1,1,1,44,7,3,0,0,0,0,-1,9,1
12271,82.10955628,22.05221517,1,3,2,1,4,13:15,7,E09000023,3,205,6,30,3,2,5,0,0,5,1,1,1,0,0,1,1,E01003945,11-05-2018,1,1,1,1,34,6,3,0,0,0,0,-1,1,1
12272,82.13287477,22.10116477,1,3,2,2,5,15:06,7,E09000023,4,236,6,30,0,-1,-1,0,0,0,1,1,1,4,0,1,1,E01003279,12-05-2018,1,1,3,2,-1,-1,3,1,1,0,0,-1,0,-1
12273,82.14291838,22.09065888,1,3,1,1,5,11:40,7,E09000023,3,21,6,30,0,-1,-1,0,0,4,1,1,1,0,0,1,1,E01003289,12-05-2018,1,1,3,2,85,11,3,1,1,0,0,-1,0,-1
12274,82.14254115,22.07627932,1,3,2,1,2,12:30,7,E09000023,6,0,6,30,6,4,6,0,0,0,1,1,1,0,0,1,2,E01003221,02-05-2018,1,1,2,1,76,11,3,0,0,0,1,-1,11,-1
12275,82.13254198,22.05490576,1,3,2,1,3,18:55,7,E09000023,3,2211,1,30,1,4,3,20,0,1,1,1,1,0,0,1,2,E01003296,03-05-2018,1,1,3,2,32,6,3,9,9,0,0,-1,0,1
12276,82.16462862,22.06186755,1,3,2,1,5,09:00,7,E09000023,3,2218,6,30,7,2,3,2218,0,0,1,1,1,0,0,1,2,E01003190,05-05-2018,1,1,3,1,11,3,3,5,1,0,0,-1,0,1
12277,82.16748775,22.04938384,1,3,2,1,4,06:44,7,E09000023,3,202,2,30,3,4,3,2,0,0,1,1,1,0,0,1,1,E01003338,04-05-2018,1,1,2,2,29,6,3,0,0,0,0,-1,4,1
12278,82.18595498,22.05874804,1,3,1,1,6,15:36,7,E09000023,3,2,6,30,0,-1,-1,0,0,0,1,1,1,0,0,1,1,E01003338,06-05-2018,1,1,1,1,-1,-1,3,0,0,0,0,-1,5,1
12279,82.15070111,22.09892084,1,3,1,1,3,16:20,7,E09000023,6,0,6,30,3,4,6,0,0,0,1,1,1,0,0,1,1,E01003266,10-05-2018,1,1,1,2,32,6,3,0,0,0,0,-1,1,1
12280,82.10755863,22.09378364,1,3,2,1,5,12:45,7,E09000023,4,207,6,30,3,4,4,207,0,0,1,1,1,0,0,1,1,E01003246,12-05-2018,2,1,1,1,41,7,3,0,0,0,0,-1,4,-1
12281,82.12993442,22.06966825,1,3,2,1,6,16:00,7,E09000023,4,226,6,30,0,-1,-1,0,0,0,1,1,1,0,0,1,1,E01003265,13-05-2018,1,1,3,2,9,2,3,4,4,0,0,-1,0,1
12282,82.15675139,22.09562025,1,3,2,1,6,07:00,7,E09000023,3,200,6,30,8,4,6,0,0,0,1,1,1,0,2,1,1,E01003247,13-05-2018,2,1,1,1,13,3,3,0,0,0,0,-1,1,-1
12283,82.17443119,22.09367807,1,2,1,1,7,23:59,7,E09000023,3,21,6,30,0,-1,-1,0,0,0,4,1,1,0,0,1,1,E01000672,14-05-2018,1,1,1,1,28,6,3,0,0,0,0,-1,5,-1
12284,82.17306435,22.10547396,1,3,1,1,1,21:10,7,E09000023,6,0,6,30,3,4,6,0,0,0,4,1,1,0,0,1,1,E01003197,15-05-2018,1,1,2,1,3,1,3,0,0,0,3,-1,11,1
12285,82.13835082,22.09816588,1,3,3,1,6,12:32,7,E09000023,6,0,6,30,6,4,6,0,0,0,1,1,1,0,0,1,1,E01003189,18-02-2018,1,1,1,1,42,7,3,0,0,0,0,-1,9,1
12286,82.12458044,22.08456255,1,2,2,1,2,09:20,7,E09000023,4,236,6,30,6,4,6,0,0,0,1,2,2,4,0,1,1,E01003274,25-04-2018,1,1,1,1,32,6,3,0,0,0,0,-1,3,1
12287,82.11328598,22.06536236,1,3,2,1,2,19:45,7,E09000023,3,205,6,30,7,2,5,0,0,5,4,1,1,0,0,1,1,E01003318,02-05-2018,1,1,3,1,17,4,3,5,1,0,0,-1,0,1
12288,82.15317906,22.09179758,1,2,1,1,6,19:48,7,E09000023,3,21,6,30,6,2,5,0,0,5,1,1,1,0,0,1,1,E01003241,06-05-2018,2,1,1,1,64,9,2,0,0,0,0,-1,9,1
12289,82.15715616,22.08885254,1,3,2,1,7,21:42,7,E09000023,5,0,6,30,6,4,6,0,0,0,4,1,1,0,0,1,1,E01003346,07-05-2018,1,1,3,2,24,5,3,1,2,0,0,-1,0,-1
12290,82.1431381,22.08855575,1,3,2,1,1,17:31,7,E09000023,3,21,2,30,0,-1,-1,0,0,0,1,1,1,0,0,1,1,E01003319,08-05-2018,2,1,1,1,37,7,3,0,0,0,0,-1,1,1
12291,82.19329534,22.05476586,1,3,2,1,1,18:00,7,E09000023,3,212,6,30,6,2,4,227,0,5,1,1,1,0,0,1,2,E01003193,08-05-2018,1,1,1,1,36,7,3,0,0,0,0,-1,2,1
12292,82.1588744,22.05056737,1,3,2,1,3,18:30,7,E09000023,3,205,6,30,6,2,5,0,0,5,1,1,1,0,0,1,2,E01003220,10-05-2018,1,1,1,2,73,10,3,0,0,0,0,-1,9,1
12293,82.19233169,22.09204175,1,3,1,1,7,18:00,7,E09000023,4,212,6,30,0,-1,-1,0,0,0,1,1,1,0,0,1,2,E01003202,16-04-2018,1,1,3,1,22,5,2,9,5,0,0,-1,0,1
12294,82.12750632,22.06132134,1,3,1,1,4,23:29,7,E09000023,3,205,6,30,0,-1,-1,0,0,4,4,1,1,0,0,1,1,E01003257,11-05-2018,1,1,3,1,57,9,3,10,1,0,0,-1,0,-1
12295,82.11018526,22.10385051,1,3,2,1,4,19:25,7,E09000023,3,205,6,30,8,4,5,0,0,0,1,1,1,0,0,1,2,E01003318,18-05-2018,1,1,1,2,28,6,3,0,0,0,0,-1,1,1
12296,82.14227582,22.07182255,1,3,2,1,4,16:05,6,E09000011,3,20,6,30,8,4,6,0,0,0,1,1,1,0,0,1,2,E01001658,11-05-2018,1,1,1,1,45,7,2,0,0,0,0,-1,5,-1
12297,82.18036303,22.07108577,1,3,3,2,1,22:00,7,E09000023,3,205,6,30,0,-1,-1,0,0,0,4,1,2,0,0,1,1,E01003220,08-05-2018,1,1,1,2,19,4,3,0,0,0,0,-1,9,1
12298,82.17053,22.0799745,1,3,2,1,2,08:25,7,E09000023,3,2216,6,30,3,4,6,0,0,0,1,1,1,0,0,1,2,E01003331,09-05-2018,2,2,2,2,21,5,3,0,0,0,4,-1,11,1
12299,82.13305061,22.10443114,1,3,2,1,6,15:30,7,E09000023,4,226,6,30,6,2,5,0,0,5,1,1,1,0,0,1,2,E01003265,13-05-2018,2,3,2,2,73,10,3,0,0,0,4,-1,11,1
12300,82.14574818,22.05601618,1,3,1,1,2,19:45,7,E09000023,6,0,6,30,3,4,6,0,0,0,4,1,1,0,0,1,1,E01003279,28-03-2018,2,1,1,2,36,7,3,0,0,0,0,-1,9,1
12301,82.19534281,22.08872037,1,2,2,1,4,09:05,7,E09000023,6,0,6,30,3,4,6,0,0,0,1,1,1,0,0,1,1,E01003212,18-05-2018,1,1,1,1,18,4,3,0,0,0,0,-1,2,1
12302,82.12881584,22.06791058,1,3,2,1,2,16:39,7,E09000023,3,205,6,30,3,4,3,205,0,0,1,1,2,0,0,1,1,E01003255,09-05-2018,2,1,1,1,11,3,3,0,0,0,0,-1,1,-1
12303,82.18332536,22.09996067,1,2,2,1,5,22:21,7,E09000023,3,205,6,30,6,2,5,0,0,5,4,1,1,0,0,1,1,E01003220,19-05-2018,1,1,3,2,62,9,3,5,3,0,0,-1,0,1
12304,82.14270509,22.05400324,1,2,2,1,4,08:06,7,E09000023,3,21,6,30,8,4,6,0,0,0,1,1,1,0,0,1,1,E01000672,18-05-2018,1,1,1,1,49,8,3,0,0,0,0,-1,9,-1
12305,82.11802038,22.10180191,1,3,2,1,6,22:05,7,E09000023,3,20,6,30,3,4,3,20,0,0,4,1,1,0,0,1,2,E01003289,06-05-2018,2,1,1,1,18,4,3,0,0,0,0,-1,3,1
12306,82.11572746,22.0590649,1,3,2,1,6,15:05,7,E09000023,3,20,6,30,0,-1,-1,0,0,0,1,1,1,0,0,1,2,E01003283,13-05-2018,2,1,1,1,34,6,3,0,0,0,0,-1,1,1
12307,82.13085279,22.06239365,1,3,2,3,1,12:15,7,E09000023,6,0,6,30,8,2,3,2,0,5,1,1,1,0,0,1,2,E01003299,15-05-2018,1,1,1,1,22,5,3,0,0,0,0,-1,4,-1
12308,82.13529508,22.10147412,1,3,2,1,1,12:35,7,E09000023,5,0,6,30,0,-1,-1,0,0,0,1,1,1,0,0,1,1,E01003260,08-05-2018,1,1,3,1,45,7,3,5,2,0,0,-1,0,1
12309,82.19557233,22.06879453,1,3,1,1,2,15:41,7,E09000023,3,20,6,30,3,2,3,20,0,5,1,2,2,0,0,1,1,E01003296,16-05-2018,1,2,1,1,28,6,3,0,0,0,0,-1,3,1
12310,82.15495687,22.10263451,1,3,2,1,5,17:30,7,E09000023,5,0,6,30,3,4,6,0,0,0,1,2,2,0,0,1,1,E01003222,19-05-2018,1,1,1,2,29,6,3,0,0,0,0,-1,9,1
12311,82.11571103,22.09658869,1,3,1,1,4,18:20,7,E09000023,3,2218,3,30,0,-1,-1,0,0,1,1,1,1,0,0,1,1,E01003191,18-05-2018,2,1,1,2,-1,-1,3,0,0,0,0,-1,9,1
12312,82.12980056,22.07628531,1,3,1,1,2,10:13,7,E09000023,3,21,6,30,3,2,3,21,0,5,1,1,1,0,0,1,1,E01003289,23-05-2018,2,2,2,2,21,5,3,0,0,1,0,-1,9,1
12313,82.17532496,22.06535863,1,3,1,1,2,07:57,7,E09000023,3,20,6,30,6,2,4,218,0,5,1,1,1,0,0,1,1,E01003209,23-05-2018,1,1,2,1,49,8,3,0,0,0,4,-1,11,1
12314,82.14445125,22.10140803,1,3,2,1,5,16:58,7,E09000023,3,20,6,30,6,2,3,20,0,5,1,2,2,0,0,1,1,E01003209,19-05-2018,1,2,2,1,33,6,3,0,0,0,4,-1,11,-1
12315,82.16063096,22.05410397,1,3,1,2,2,08:30,6,E09000011,3,20,6,30,3,4,6,0,0,0,1,1,1,0,0,1,1,E01003286,23-05-2018,1,3,2,2,36,7,3,0,0,0,4,-1,11,1
12316,82.15578139,22.1066188,1,3,2,1,3,16:45,7,E09000023,3,2210,6,30,0,-1,-1,0,0,0,1,1,1,0,0,1,1,E01003208,17-05-2018,2,1,1,1,11,3,3,0,0,0,0,-1,1,1
12317,82.19664396,22.08202959,1,3,1,1,4,11:30,7,E09000023,5,0,6,30,3,4,6,0,0,1,1,2,2,0,0,1,1,E01003237,27-04-2018,1,1,2,2,51,8,3,0,0,0,1,-1,11,1
12318,82.13049135,22.07942075,1,3,1,1,1,14:40,7,E09000023,6,0,6,30,0,-1,-1,0,0,0,1,1,1,0,0,1,1,E01003228,22-05-2018,1,1,3,1,-1,-1,3,1,1,0,0,-1,0,1
12319,82.15225751,22.08404003,1,3,2,1,7,12:04,7,E09000023,4,238,6,30,0,-1,-1,0,0,5,1,1,1,4,0,1,1,E01003226,12-03-2018,1,1,2,2,51,8,3,0,0,0,4,-1,11,1
12320,82.14603418,22.07936228,1,3,2,1,6,08:30,7,E09000023,6,0,6,30,3,4,6,0,0,0,1,1,1,0,0,1,2,E01003284,20-05-2018,2,1,1,2,53,8,3,0,0,0,0,-1,1,1
12321,82.13795369,22.09956088,1,2,2,1,6,22:51,7,E09000023,5,0,6,30,3,4,4,2142,0,0,4,1,1,0,0,1,1,E01003345,13-05-2018,2,1,2,2,28,6,3,0,0,0,0,-1,3,1
12322,82.1283974,22.08756915,1,3,3,4,6,18:30,7,E09000023,3,2210,6,30,8,4,6,0,0,0,1,1,1,0,0,1,2,E01003296,27-05-2018,1,1,1,1,26,6,3,0,0,0,0,-1,1,1
12323,82.15803658,22.09330537,1,2,2,1,5,20:50,7,E09000023,5,0,6,30,2,4,5,0,0,8,1,1,1,0,0,1,1,E01003237,19-05-2018,1,1,1,1,25,5,2,0,0,0,0,-1,1,1
12324,82.11508715,22.06784062,1,3,1,1,2,17:09,7,E09000023,3,2,6,30,8,4,6,0,0,0,1,1,1,0,0,1,1,E01003340,23-05-2018,1,1,3,2,27,6,3,1,1,0,0,-1,0,1
12325,82.17000274,22.10359109,1,3,2,1,5,13:15,7,E09000023,4,207,6,30,0,-1,-1,0,0,0,1,1,1,0,0,1,2,E01003300,26-05-2018,2,1,1,2,-1,-1,3,0,0,0,0,-1,1,-1
12326,82.10787452,22.05047415,1,3,3,1,2,13:05,7,E09000023,5,0,6,30,0,-1,-1,0,0,0,1,1,1,0,0,1,1,E01003351,23-05-2018,1,1,3,2,13,3,3,5,1,0,0,-1,0,1