Accident_Index,longitude,latitude,Police_Force,Accident_Severity,Number_of_Vehicles,Number_of_Casualties,Day_of_Week,Time,Local_Authority_(District),Local_Authority_(Highway),1st_Road_Class,1st_Road_Number,Road_Type,Speed_limit,Junction_Detail,Junction_Control,2nd_Road_Class,2nd_Road_Number,Pedestrian_Crossing-Human_Control,Pedestrian_Crossing-Physical_Facilities,Light_Conditions,Weather_Conditions,Road_Surface_Conditions,Special_Conditions_at_Site,Carriageway_Hazards,Urban_or_Rural_Area,Did_Police_Officer_Attend_Scene_of_Accident,LSOA_of_Accident_Location,Date,Vehicle_Reference,Casualty_Reference,Casualty_Class,Sex_of_Casualty,Age_of_Casualty,Age_Band_of_Casualty,Casualty_Severity,Pedestrian_Location,Pedestrian_Movement,Car_Passenger,Bus_or_Coach_Passenger,Pedestrian_Road_Maintenance_Worker,Casualty_Type,Casualty_Home_Area_Type
12327,82.1169153,22.08899988,1,3,2,1,6,09:38,7,E09000023,6,0,6,30,3,4,3,20,0,5,1,2,2,0,0,1,1,E01003289,20-05-2018,1,1,3,1,30,6,2,5,1,0,0,-1,0,1
12328,82.1702629,22.05665986,1,3,2,1,6,21:26,7,E09000023,6,0,1,30,1,4,4,227,0,0,4,1,1,0,0,1,1,E01003312,20-05-2018,1,1,2,2,16,4,3,0,0,1,0,-1,9,1
12329,82.12976021,22.07493769,1,3,2,1,3,09:05,7,E09000023,6,0,6,30,8,4,6,0,0,0,1,1,1,0,0,1,1,E01003313,24-05-2018,1,1,1,1,24,5,2,0,0,0,0,-1,1,1
12330,82.10804357,22.07455948,1,3,1,1,7,11:50,7,E09000023,5,0,6,30,0,-1,-1,0,0,5,1,1,1,0,0,1,1,E01003274,28-05-2018,1,1,2,1,58,9,3,0,0,1,0,-1,9,1
12331,82.12541555,22.07930179,1,3,1,1,4,15:55,7,E09000023,3,21,6,30,3,4,3,21,0,0,1,1,1,0,0,1,1,E01003289,18-05-2018,1,1,2,1,4,1,3,0,0,2,0,-1,9,-1
12332,82.15453477,22.05918726,1,3,2,1,3,18:34,7,E09000023,3,21,6,30,0,-1,-1,0,0,0,1,1,1,0,0,1,1,E01003318,24-05-2018,1,1,1,1,17,4,3,0,0,0,0,-1,1,1
12333,82.17818045,22.08009054,1,3,2,1,3,06:00,7,E09000023,3,2,6,30,3,4,6,0,0,0,1,1,1,0,0,1,1,E01003215,24-05-2018,1,1,1,1,39,7,3,0,0,0,0,-1,9,1
12334,82.14800587,22.08635445,1,3,2,1,3,13:25,7,E09000023,5,0,6,30,8,4,6,0,0,0,1,1,1,0,0,1,1,E01003247,24-05-2018,1,1,1,2,44,7,3,0,0,0,0,-1,9,1
12335,82.19260453,22.09324421,1,3,2,1,1,11:31,7,E09000023,6,0,6,30,3,4,6,0,0,0,1,1,1,0,0,1,1,E01003323,22-05-2018,1,1,1,1,43,7,3,0,0,0,0,-1,11,1
12336,82.1183029,22.08478491,1,3,2,1,2,15:25,7,E09000023,3,21,6,30,3,4,6,0,0,0,1,1,1,0,0,1,1,E01003235,23-05-2018,1,2,2,2,56,9,3,0,0,0,4,-1,11,-1
12337,82.17151561,22.07120964,1,2,2,1,5,21:26,7,E09000023,3,205,6,30,3,4,6,0,0,0,1,1,1,0,0,1,1,E01003316,26-05-2018,1,1,3,2,10,2,3,5,3,0,0,-1,0,1
12338,82.13601174,22.0883344,1,3,2,1,4,16:45,7,E09000023,3,205,6,30,3,2,5,0,0,5,1,2,2,0,0,1,1,E01003318,01-06-2018,1,1,3,2,83,11,3,1,3,0,0,-1,0,1
12339,82.18831939,22.07014421,1,3,3,1,2,18:00,7,E09000023,3,21,6,30,3,2,4,236,0,5,1,1,1,0,0,1,2,E01003289,30-05-2018,1,1,3,2,25,5,3,1,1,0,0,-1,0,1
12340,82.15730271,22.07074344,1,3,2,1,2,23:59,7,E09000023,3,205,6,30,6,4,6,0,0,0,4,1,1,0,0,1,2,E01003319,25-04-2018,1,1,3,2,9,2,3,4,3,0,0,-1,0,1
12341,82.19571942,22.08403178,1,2,1,2,2,15:40,7,E09000023,5,0,6,30,3,2,5,0,0,5,1,1,1,0,0,1,1,E01003346,23-05-2018,2,1,1,2,23,5,3,0,0,0,0,-1,1,-1
12342,82.12441198,22.10556851,1,2,2,1,7,21:30,7,E09000023,3,2218,6,30,6,2,3,2218,0,5,4,1,1,0,0,1,2,E01003192,04-06-2018,1,1,1,2,32,6,3,0,0,0,0,-1,9,1
12343,82.11708839,22.10132073,1,3,1,1,6,12:50,7,E09000023,5,0,6,30,6,2,5,0,0,5,1,1,1,0,0,1,2,E01003222,03-06-2018,1,1,3,1,23,5,3,5,1,0,0,-1,0,1
12344,82.15032711,22.080675,1,3,1,2,4,18:45,7,E09000023,4,226,6,30,0,-1,-1,0,0,0,1,1,1,0,0,1,1,E01003264,25-05-2018,2,1,1,1,20,4,3,0,0,0,0,-1,3,-1
12345,82.12084959,22.10747258,1,3,2,1,4,18:25,7,E09000023,6,0,6,30,0,-1,-1,0,0,0,1,2,2,0,0,1,1,E01003206,01-06-2018,2,2,3,2,33,6,3,4,9,0,0,-1,0,1
12346,82.15277709,22.10462989,1,3,2,3,5,14:00,7,E09000023,3,21,6,30,6,4,5,0,0,0,1,1,1,0,0,1,1,E01003318,02-06-2018,2,3,3,1,33,6,3,4,9,0,0,-1,0,1
12347,82.16380024,22.0624107,1,2,1,1,7,17:11,7,E09000023,3,21,6,30,0,-1,-1,0,0,0,1,1,1,0,0,1,1,E01003322,04-06-2018,1,1,3,1,30,6,2,5,1,0,0,-1,0,-1
12348,82.17721133,22.10703269,1,3,1,1,4,15:47,7,E09000023,3,205,6,30,3,2,3,205,0,5,1,1,1,0,0,1,1,E01003255,20-04-2018,1,1,3,1,16,4,3,9,5,0,0,-1,0,-1
12349,82.11306663,22.07498955,1,2,1,2,6,18:01,7,E09000023,6,0,6,30,3,4,6,0,0,0,1,2,2,0,0,1,1,E01003349,03-06-2018,1,1,3,2,19,4,3,5,1,0,0,-1,0,1
12350,82.19019322,22.08518878,1,3,2,1,7,23:10,7,E09000023,6,0,6,30,3,4,6,0,0,0,4,1,1,0,0,1,1,E01003281,21-05-2018,2,1,2,1,2,1,3,0,0,2,0,-1,9,1
12351,82.11957344,22.10109478,1,2,2,1,6,14:15,7,E09000023,3,200,6,30,3,4,6,0,0,0,1,1,1,0,0,1,1,E01003247,03-06-2018,2,1,1,1,12,3,3,0,0,0,0,-1,1,-1
12352,82.18688063,22.1001463,1,3,2,1,4,15:20,7,E09000023,3,21,6,30,3,4,3,2015,0,0,1,1,1,0,0,1,1,E01003241,08-06-2018,2,2,2,2,10,2,3,0,0,0,0,-1,1,1
12353,82.12863872,22.06180823,1,2,2,1,3,16:00,7,E09000023,3,21,3,30,3,4,6,0,0,1,1,1,1,0,0,1,1,E01003235,07-06-2018,1,1,2,1,38,7,2,0,0,1,0,-1,9,1
12354,82.13759562,22.06019507,1,3,2,2,7,12:30,7,E09000023,3,21,6,30,3,4,6,0,0,0,1,1,1,0,0,1,1,E01003289,11-06-2018,1,2,2,1,28,6,2,0,0,2,0,-1,9,2
12355,82.15194416,22.09091028,1,3,3,2,2,18:00,7,E09000023,5,0,6,30,3,4,6,0,0,1,1,1,1,0,0,1,1,E01003292,13-06-2018,1,1,3,1,25,5,3,5,1,0,0,-1,0,-1
12356,82.15584822,22.06802055,1,3,2,2,2,18:55,7,E09000023,3,2216,1,30,1,4,3,212,0,0,1,1,1,0,0,1,1,E01003334,13-06-2018,1,1,3,2,23,5,3,5,1,0,0,-1,0,-1
12357,82.15670913,22.06022305,1,2,2,3,7,14:05,7,E09000023,3,20,6,30,3,4,6,0,0,0,1,1,1,0,0,1,1,E01003210,04-06-2018,1,1,3,1,21,5,2,1,1,0,0,-1,0,-1
12358,82.13298547,22.10084276,1,3,3,1,6,11:45,7,E09000023,3,21,6,30,3,4,6,0,0,0,1,1,1,0,0,1,1,E01003221,03-06-2018,1,1,1,1,25,5,3,0,0,0,0,-1,19,1
12359,82.13171091,22.06464949,1,3,2,1,4,08:50,7,E09000023,6,0,6,30,3,4,6,0,0,0,1,1,1,0,0,1,1,E01003204,08-06-2018,2,1,1,1,40,7,3,0,0,0,0,-1,5,1
12360,82.12851491,22.07392138,1,3,1,1,3,17:20,7,E09000023,3,2,6,30,0,-1,-1,0,0,4,1,1,1,0,0,1,1,E01003340,07-06-2018,1,1,2,2,67,10,3,0,0,1,0,-1,9,1
12361,82.11535922,22.10181866,1,3,1,1,7,10:45,7,E09000023,4,236,6,30,0,-1,-1,0,0,0,1,1,1,0,0,1,1,E01003289,04-06-2018,1,1,3,1,21,5,3,4,1,0,0,-1,0,-1
12362,82.14690875,22.06136725,1,3,2,1,1,14:07,7,E09000023,3,21,6,30,0,-1,-1,0,0,0,1,1,1,0,0,1,1,E01003291,05-06-2018,1,1,1,2,33,6,3,0,0,0,0,-1,3,1
12363,82.14323857,22.0591432,1,2,1,1,5,19:15,7,E09000023,6,0,6,30,3,4,6,0,0,0,4,1,1,0,0,1,1,E01003346,09-06-2018,1,1,1,1,44,7,3,0,0,0,0,-1,9,1
12364,82.12652001,22.06233399,1,3,2,1,6,17:11,7,E09000023,3,20,6,30,3,4,6,0,0,0,1,1,1,0,0,1,1,E01003278,10-06-2018,1,1,1,2,41,7,3,0,0,0,0,-1,9,1
12365,82.18882017,22.09635381,1,3,2,1,6,10:57,7,E09000023,3,21,6,30,0,-1,-1,0,0,0,1,1,1,0,0,1,1,E01003243,10-06-2018,1,1,1,1,31,6,3,0,0,0,0,-1,5,1
12366,82.14641385,22.08339545,1,3,2,1,1,14:55,7,E09000023,3,2,6,30,3,4,6,0,0,0,1,1,1,0,0,1,1,E01003215,19-06-2018,1,1,1,1,40,7,3,0,0,0,0,-1,3,1
12367,82.18610898,22.05879558,1,3,1,1,6,15:22,7,E09000023,3,212,6,30,0,-1,-1,0,0,1,1,1,1,0,0,1,1,E01003321,03-06-2018,1,1,3,1,9,2,3,5,2,0,0,-1,0,1
12368,82.18404135,22.05752832,1,3,2,3,7,16:00,7,E09000023,3,2218,6,30,0,-1,-1,0,0,0,1,1,1,0,0,1,2,E01003190,18-06-2018,1,1,3,2,-1,-1,3,1,1,0,0,-1,0,-1
12369,82.192041,22.08607912,1,3,1,1,1,14:50,7,E09000023,3,21,6,30,0,-1,-1,0,0,0,1,1,1,0,0,1,1,E01003289,19-06-2018,1,1,2,1,38,7,3,0,0,0,3,-1,11,-1
12370,82.14867886,22.06690215,1,3,2,1,7,14:40,7,E09000023,6,0,6,30,6,4,6,0,0,0,1,1,1,0,0,1,1,E01003216,18-06-2018,2,1,1,2,24,5,3,0,0,0,0,-1,1,1
12371,82.16891443,22.10778978,1,3,2,1,3,07:55,7,E09000023,3,2212,6,30,3,4,6,0,0,0,1,1,1,0,0,1,1,E01003285,21-06-2018,1,1,1,1,47,8,3,0,0,0,0,-1,1,1
12372,82.17375842,22.10812858,1,3,2,1,6,08:25,6,E09000011,3,20,6,30,3,4,6,0,0,0,1,1,1,0,0,1,1,E01003286,10-06-2018,1,1,3,1,12,3,3,5,3,0,0,-1,0,1
12373,82.17638985,22.05664414,1,2,2,3,5,13:37,7,E09000023,3,21,6,30,3,4,6,0,0,0,1,1,1,0,0,1,1,E01003291,09-06-2018,1,1,1,2,47,8,3,0,0,0,0,-1,9,1
12374,82.11728009,22.06602815,1,3,2,1,4,20:10,7,E09000023,3,21,6,30,3,4,6,0,0,0,4,1,1,0,0,1,1,E01003289,25-05-2018,2,1,2,2,64,9,3,0,0,1,0,-1,9,1
12375,82.17587334,22.10805195,1,2,2,1,7,18:50,7,E09000023,6,0,6,30,3,4,6,0,0,0,1,1,1,0,0,1,1,E01003206,11-06-2018,1,2,2,1,10,2,3,0,0,1,0,-1,9,1
12376,82.17310302,22.07150385,1,3,2,1,2,15:03,7,E09000023,3,21,6,30,0,-1,-1,0,0,5,1,1,1,0,0,1,1,E01003318,20-06-2018,2,1,1,1,31,6,3,0,0,0,0,-1,9,1
12377,82.10831062,22.10220102,1,2,1,1,4,15:15,7,E09000023,3,21,6,30,0,-1,-1,0,0,1,1,1,1,0,0,1,1,E01003289,15-06-2018,2,1,1,1,25,5,3,0,0,0,0,-1,5,1
12378,82.11134921,22.06381066,1,3,2,1,2,14:15,7,E09000023,4,226,6,30,3,4,6,0,0,0,1,1,1,0,0,1,1,E01003264,13-06-2018,1,1,1,1,36,7,3,0,0,0,0,-1,5,-1
12379,82.13104564,22.09268153,1,3,2,1,6,21:29,7,E09000023,4,218,6,30,8,4,6,0,0,0,1,1,1,0,0,1,1,E01003272,17-06-2018,2,1,1,1,33,6,3,0,0,0,0,-1,3,-1
12380,82.18592286,22.08513614,1,3,2,1,6,06:10,7,E09000023,3,20,2,30,3,2,3,20,0,0,1,1,1,0,0,1,2,E01003215,17-06-2018,1,1,1,1,20,4,3,0,0,0,0,-1,2,1
12381,82.12666909,22.10348061,1,3,1,1,1,04:30,7,E09000023,3,205,6,30,6,2,4,218,0,5,4,1,1,0,0,1,2,E01003316,19-06-2018,1,1,1,1,43,7,2,0,0,0,0,-1,5,1
12382,82.17546877,22.05494352,1,3,1,1,1,18:00,7,E09000023,6,0,6,30,3,4,6,0,0,0,1,1,1,0,0,1,1,E01003202,26-06-2018,1,1,3,2,34,6,3,5,1,0,0,-1,0,-1
12383,82.14480068,22.06785818,1,3,2,1,3,09:50,7,E09000023,3,2,6,30,6,2,3,2210,0,5,1,1,1,0,0,1,1,E01003306,14-06-2018,1,1,3,1,30,6,3,9,5,0,0,-1,0,1
12384,82.14060756,22.07831257,1,3,2,1,6,16:58,7,E09000023,3,21,6,30,0,-1,-1,0,0,5,1,2,2,0,0,1,1,E01003318,24-06-2018,1,1,2,2,24,5,3,0,0,1,0,-1,9,1
12385,82.13536765,22.06873678,1,3,2,1,6,07:37,7,E09000023,6,0,6,30,6,4,3,205,0,1,1,1,1,0,0,1,1,E01003308,24-06-2018,1,1,2,2,34,6,3,0,0,2,0,-1,8,-1
12386,82.15039786,22.08907527,1,3,2,3,4,07:52,7,E09000023,3,20,2,30,3,2,3,20,0,5,1,1,1,0,0,1,1,E01003215,22-06-2018,1,1,3,1,8,2,3,5,1,0,0,-1,0,3
12387,82.18734094,22.09889383,1,3,1,1,4,15:30,7,E09000023,4,220,6,30,3,4,3,20,0,5,1,1,1,0,0,1,1,E01003199,22-06-2018,1,1,2,1,41,7,2,0,0,0,3,-1,11,1
12388,82.11269869,22.07950109,1,3,2,1,6,20:10,7,E09000023,6,0,6,30,3,4,6,0,0,0,4,1,1,0,0,1,1,E01003335,17-06-2018,1,1,3,2,-1,-1,3,5,1,0,0,-1,0,-1
12389,82.11050807,22.05358715,1,3,2,1,2,17:25,7,E09000023,3,205,6,30,8,2,6,0,0,5,1,1,1,0,0,1,1,E01003317,20-06-2018,1,1,3,1,23,5,2,5,1,0,0,-1,0,-1
12390,82.1268857,22.06441506,1,2,2,2,7,15:49,7,E09000023,5,0,6,30,3,4,6,0,0,0,1,1,1,0,0,1,1,E01003240,18-06-2018,1,1,1,2,39,7,3,0,0,0,0,-1,9,1
12391,82.12575957,22.04859596,1,3,2,1,3,07:30,7,E09000023,3,20,6,30,3,4,6,0,0,0,1,1,1,0,0,1,1,E01003211,21-06-2018,1,2,2,2,12,3,3,0,0,1,0,-1,9,1
12392,82.10843339,22.0742745,1,3,2,1,5,15:40,7,E09000023,3,2,6,30,3,4,6,0,0,0,1,1,1,0,0,1,1,E01003299,23-06-2018,1,1,2,2,53,8,3,0,0,1,0,-1,9,1
12393,82.12544968,22.06266813,1,3,2,1,3,15:15,7,E09000023,5,0,6,30,6,2,3,20,0,5,1,1,1,0,0,1,2,E01003210,21-06-2018,1,1,1,1,20,4,3,0,0,0,0,-1,1,1
12394,82.15616608,22.08000146,1,2,2,1,7,14:10,7,E09000023,3,21,6,30,0,-1,-1,0,0,0,1,1,1,0,0,1,1,E01003289,18-06-2018,1,1,1,1,40,7,3,0,0,0,0,-1,8,1
12395,82.16734952,22.08960136,1,3,1,1,5,19:10,7,E09000023,3,21,6,30,0,-1,-1,0,0,5,1,1,1,0,0,1,2,E01003289,23-06-2018,1,1,1,2,30,6,3,0,0,0,0,-1,9,1
12396,82.18351581,22.05739556,1,3,2,2,2,23:49,7,E09000023,3,2,6,30,3,4,6,0,0,0,4,1,1,0,0,1,1,E01003299,27-06-2018,1,1,1,1,33,6,3,0,0,0,0,-1,5,-1
12397,82.18119692,22.06554595,1,3,1,1,7,14:12,7,E09000023,5,0,6,30,3,4,6,0,0,0,1,1,1,0,0,1,1,E01003242,18-06-2018,1,1,2,2,11,3,3,0,0,0,4,-1,11,1
12398,82.12695608,22.07463654,1,3,2,1,1,21:19,7,E09000023,6,0,6,30,0,-1,-1,0,0,0,7,1,1,0,0,1,1,E01003247,22-05-2018,2,1,1,1,-1,-1,3,0,0,0,0,-1,4,-1
12399,82.15483843,22.09264637,1,3,2,1,1,11:48,8,E09000028,4,238,6,30,0,-1,-1,0,0,0,1,1,1,0,0,1,1,E01004018,26-06-2018,1,1,1,1,28,6,3,0,0,0,0,-1,1,1
12400,82.15273265,22.10777142,1,3,2,1,1,17:48,7,E09000023,3,21,6,30,8,4,6,0,0,0,1,1,1,0,0,1,1,E01003322,19-06-2018,1,1,1,2,25,5,3,0,0,0,0,-1,9,1
12401,82.17743067,22.08638597,1,3,2,3,6,19:30,7,E09000023,5,0,6,30,3,2,5,0,0,5,1,2,2,0,0,1,2,E01003346,24-06-2018,1,1,3,1,33,6,3,6,9,0,0,-1,0,1
12402,82.16017826,22.06355928,1,3,1,1,2,13:02,7,E09000023,3,2209,6,30,0,-1,-1,0,0,0,1,1,1,0,0,1,1,E01003253,27-06-2018,2,1,1,1,-1,-1,3,0,0,0,0,-1,5,-1
12403,82.17767238,22.07570255,1,3,2,1,3,16:50,7,E09000023,3,2218,6,30,3,4,3,2218,0,0,1,1,1,0,0,1,1,E01003192,21-06-2018,1,1,1,1,32,6,3,0,0,0,0,-1,5,1
12404,82.11182226,22.06515439,1,3,2,1,4,08:05,7,E09000023,3,2015,6,30,0,-1,-1,0,0,0,1,1,1,0,0,1,1,E01003241,22-06-2018,2,1,1,1,27,6,3,0,0,0,0,-1,1,1
12405,82.16205859,22.10546845,1,2,2,3,5,13:37,7,E09000023,3,20,6,30,6,2,4,218,0,5,1,1,1,0,0,1,1,E01003209,23-06-2018,1,1,1,1,22,5,3,0,0,0,0,-1,5,2
12406,82.16521368,22.08783899,1,3,1,1,5,18:15,7,E09000023,3,21,6,30,6,2,3,21,0,5,1,1,1,0,0,1,1,E01003243,23-06-2018,1,1,3,1,11,3,3,1,3,0,0,-1,0,1
12407,82.17821027,22.10806689,1,3,2,1,6,08:20,7,E09000023,3,2212,6,30,3,4,6,0,0,0,1,2,2,0,0,1,2,E01003236,01-07-2018,1,1,1,1,52,8,3,0,0,0,0,-1,5,1
12408,82.1266103,22.06047362,1,3,2,1,7,17:30,7,E09000023,3,2218,6,30,3,4,6,0,0,0,1,1,1,0,0,1,2,E01003190,04-06-2018,1,2,2,2,44,7,3,0,0,0,0,-1,5,1
12409,82.11873629,22.04960997,1,3,2,1,2,07:30,7,E09000023,3,2,6,30,0,-1,-1,0,0,0,1,1,1,0,0,1,2,E01003207,27-06-2018,2,1,1,2,20,4,3,0,0,0,0,-1,9,1
12410,82.14971203,22.06570855,1,3,4,1,3,12:00,7,E09000023,6,0,6,30,3,4,6,0,0,0,1,1,1,0,0,1,1,E01003286,28-06-2018,1,1,3,2,47,8,3,4,1,0,0,-1,0,1
12411,82.15936815,22.05346684,1,3,2,2,1,23:59,7,E09000023,5,0,6,30,6,2,5,0,0,5,4,1,1,0,0,1,1,E01003224,03-07-2018,1,1,1,2,25,5,2,0,0,0,0,-1,1,1
12412,82.18566955,22.06540859,1,3,2,1,5,16:19,7,E09000023,3,212,6,30,0,-1,-1,0,0,0,1,1,1,0,0,1,2,E01003327,23-06-2018,2,1,1,1,33,6,3,0,0,0,0,-1,5,1
12413,82.18739099,22.08026451,1,3,2,1,4,16:05,7,E09000023,3,21,6,30,3,4,6,0,0,0,1,1,1,0,0,1,2,E01003322,22-06-2018,2,1,1,1,42,7,3,0,0,0,0,-1,5,1
12414,82.11867512,22.1030296,1,3,2,1,7,11:45,7,E09000023,3,2218,6,30,3,4,6,0,0,0,1,1,1,0,0,1,2,E01003190,02-07-2018,2,1,1,2,24,5,3,0,0,0,0,-1,9,1
12415,82.11845012,22.10011872,1,3,1,1,5,14:25,7,E09000023,3,21,6,30,0,-1,-1,0,0,5,1,2,2,0,0,1,2,E01003289,30-06-2018,1,1,3,1,22,5,2,5,2,0,0,-1,0,1
12416,82.15017069,22.07849292,1,3,2,2,7,16:07,7,E09000023,3,2218,3,30,3,4,3,2218,0,0,1,1,1,0,0,1,1,E01003192,18-06-2018,2,1,1,1,23,5,2,0,0,0,0,-1,3,1
12417,82.17911217,22.09160542,1,3,2,1,1,17:18,7,E09000023,6,0,6,30,3,4,6,0,0,0,1,1,1,0,0,1,1,E01003350,03-07-2018,2,1,1,2,39,7,3,0,0,0,0,-1,9,1
12418,82.13550418,22.10658651,1,3,1,2,6,18:27,7,E09000023,3,2,6,30,0,-1,-1,0,0,0,1,2,2,0,0,1,1,E01003340,01-07-2018,1,1,1,1,22,5,3,0,0,0,0,-1,9,1
12419,82.11610063,22.09552254,1,2,2,2,7,00:28,7,E09000023,3,212,6,30,6,4,6,0,0,0,4,1,1,0,0,1,1,E01003331,25-06-2018,1,1,3,2,43,7,3,8,9,0,0,-1,0,1
12420,82.18503925,22.10312881,1,3,1,1,6,16:09,7,E09000023,5,0,6,30,0,-1,-1,0,0,0,1,1,1,0,0,1,1,E01003236,24-06-2018,1,1,1,1,48,8,3,0,0,0,0,-1,9,1
12421,82.15525889,22.08639135,1,2,1,2,6,18:49,7,E09000023,5,0,6,30,3,4,6,0,0,0,1,1,2,0,0,1,1,E01003294,01-07-2018,1,1,1,1,57,9,3,0,0,0,0,-1,9,1
12422,82.11388518,22.05514629,1,2,2,1,5,22:30,7,E09000023,6,0,6,30,3,4,4,218,0,0,4,1,1,0,0,1,1,E01003214,09-06-2018,2,2,1,1,38,7,3,0,0,0,0,-1,9,1
12423,82.16403181,22.096517,1,3,2,1,3,16:21,7,E09000023,3,2212,6,30,0,-1,-1,0,0,0,1,1,1,0,0,1,1,E01003286,31-05-2018,1,1,1,1,68,10,3,0,0,0,0,-1,19,1
12424,82.18701608,22.10022736,1,2,2,3,2,17:15,7,E09000023,3,205,6,30,0,-1,-1,0,0,0,1,1,1,0,0,1,1,E01003321,04-07-2018,2,1,1,1,44,7,3,0,0,0,0,-1,8,1
12425,82.16749722,22.062995,1,2,2,1,3,16:53,7,E09000023,3,205,6,30,3,4,6,0,0,0,1,2,2,0,0,1,1,E01003308,05-07-2018,1,1,3,1,-1,-1,3,5,1,0,0,-1,0,-1
12426,82.17015316,22.05669953,1,2,1,1,1,22:42,7,E09000023,3,2,6,30,0,-1,-1,0,0,0,4,1,1,0,0,1,1,E01003340,26-06-2018,1,1,1,2,-1,-1,3,0,0,0,0,-1,9,1
12427,82.16084617,22.05599355,1,3,2,1,5,14:19,7,E09000023,6,0,6,30,3,4,6,0,0,0,1,2,2,0,0,1,1,E01003336,07-07-2018,2,1,1,1,42,7,3,0,0,0,0,-1,9,1
12428,82.19664199,22.07279509,1,3,2,1,4,08:50,7,E09000023,3,20,6,30,3,4,6,0,0,0,1,1,1,0,0,1,2,E01003215,06-07-2018,3,2,1,1,39,7,3,0,0,0,0,-1,19,1
12429,82.14976337,22.05648606,1,3,2,1,3,23:25,7,E09000023,4,2142,6,30,3,4,6,0,0,0,4,1,1,0,0,1,1,E01003345,21-06-2018,2,1,1,1,46,8,3,0,0,0,0,-1,9,1
12430,82.18526348,22.06783635,1,3,1,1,1,10:29,7,E09000023,6,0,6,30,0,-1,-1,0,0,1,1,1,1,0,0,1,1,E01003304,05-06-2018,2,2,2,2,45,7,3,0,0,1,0,-1,9,1
12431,82.19621465,22.0806783,1,3,2,1,4,22:25,6,E09000011,3,20,6,30,3,4,6,0,0,0,4,1,1,0,0,1,1,E01003286,06-07-2018,1,1,1,1,25,5,3,0,0,0,0,-1,2,1
12432,82.17331682,22.08614745,1,3,2,2,4,18:45,7,E09000023,3,200,6,30,0,-1,-1,0,0,4,1,1,1,0,0,1,1,E01003246,22-06-2018,1,1,2,2,83,11,2,0,0,0,1,-1,11,1
12433,82.19362529,22.07343359,1,3,1,1,1,08:15,7,E09000023,3,2,6,30,3,2,3,202,0,5,1,1,1,0,0,1,1,E01003299,10-07-2018,2,1,1,1,40,7,3,0,0,0,0,-1,9,-1
12434,82.15422114,22.10594171,1,3,2,1,3,17:20,7,E09000023,3,21,6,30,6,2,5,0,0,5,1,1,1,0,0,1,1,E01003289,21-06-2018,1,1,1,1,29,6,3,0,0,0,0,-1,4,1
12435,82.12572451,22.0503918,1,3,2,1,1,16:51,7,E09000023,3,2,6,30,3,4,6,0,0,0,1,1,1,0,0,1,1,E01003303,10-07-2018,1,1,3,2,46,8,2,1,1,0,0,-1,0,1
12436,82.18327397,22.07428504,1,3,3,1,4,03:47,7,E09000023,3,21,6,30,0,-1,-1,0,0,0,4,1,1,0,0,1,1,E01003348,06-07-2018,1,1,2,2,43,7,3,0,0,2,0,-1,8,1
12437,82.16773214,22.08549234,1,3,2,1,2,17:50,7,E09000023,6,0,6,30,3,4,6,0,0,0,1,1,1,0,0,1,2,E01004016,13-06-2018,1,1,3,2,45,7,3,5,4,0,0,-1,0,-1
12438,82.14540634,22.06490752,1,3,1,1,6,18:00,8,E09000028,5,0,6,30,3,4,4,238,0,0,1,1,1,0,0,1,1,E01003260,08-07-2018,1,1,3,2,16,4,3,1,1,0,0,-1,0,-1
12439,82.14102919,22.05899511,1,3,1,2,3,16:45,6,E09000011,3,2211,6,30,0,-1,-1,0,0,0,1,1,1,0,0,1,1,E01001644,12-07-2018,1,1,3,1,43,7,3,5,4,0,0,-1,0,-1
12440,82.12341485,22.09213889,1,3,2,1,3,15:49,7,E09000023,3,2210,2,30,3,4,6,0,0,0,1,1,1,0,0,1,1,E01003296,12-07-2018,1,1,3,2,6,2,3,5,4,0,0,-1,0,1
12441,82.14260539,22.09350142,1,3,1,1,4,01:30,7,E09000023,6,0,6,30,3,4,6,0,0,0,4,1,1,0,0,1,1,E01003303,13-07-2018,1,1,3,1,36,7,2,1,1,0,0,-1,0,-1
12442,82.14693919,22.08386992,1,3,2,1,1,10:15,7,E09000023,3,2,6,30,6,2,3,2210,0,5,1,1,1,0,0,1,1,E01003207,10-07-2018,1,1,1,1,37,7,3,0,0,0,0,-1,3,1
12443,82.17718836,22.09782319,1,3,2,1,6,06:40,7,E09000023,3,20,6,30,3,4,6,0,0,0,4,1,2,0,0,1,1,E01003211,08-07-2018,1,1,1,1,34,6,3,0,0,0,0,-1,5,1
12444,82.14139757,22.05460049,1,3,2,1,2,08:10,8,E09000028,3,2,3,30,3,2,5,0,0,5,1,1,1,0,0,1,1,E01004003,06-06-2018,1,1,1,2,29,6,3,0,0,0,0,-1,1,1
12445,82.15433861,22.06708754,1,3,2,1,7,20:30,7,E09000023,6,0,6,30,0,-1,-1,0,0,0,5,1,1,0,0,1,1,E01003290,16-07-2018,1,1,1,1,44,7,3,0,0,0,0,-1,9,1
12446,82.15484623,22.08251702,1,2,3,1,5,06:55,7,E09000023,6,0,6,30,3,4,3,21,0,0,1,2,2,6,0,1,1,E01003221,07-07-2018,1,1,3,2,12,3,3,6,9,0,0,-1,0,1
12447,82.14060091,22.05761926,1,3,2,1,6,15:10,7,E09000023,6,0,6,30,0,-1,-1,0,0,0,1,1,1,0,0,1,2,E01003279,15-07-2018,2,1,1,1,75,10,3,0,0,0,0,-1,9,1
12448,82.14579817,22.06391671,1,3,2,1,5,18:30,7,E09000023,3,2,2,30,3,2,3,2,0,5,1,1,1,0,0,1,2,E01003338,14-07-2018,2,2,2,2,69,10,3,0,0,1,0,-1,9,1