Accident_Index,longitude,latitude,Police_Force,Accident_Severity,Number_of_Vehicles,Number_of_Casualties,Day_of_Week,Time,Local_Authority_(District),Local_Authority_(Highway),1st_Road_Class,1st_Road_Number,Road_Type,Speed_limit,Junction_Detail,Junction_Control,2nd_Road_Class,2nd_Road_Number,Pedestrian_Crossing-Human_Control,Pedestrian_Crossing-Physical_Facilities,Light_Conditions,Weather_Conditions,Road_Surface_Conditions,Special_Conditions_at_Site,Carriageway_Hazards,Urban_or_Rural_Area,Did_Police_Officer_Attend_Scene_of_Accident,LSOA_of_Accident_Location,Date,Vehicle_Reference,Casualty_Reference,Casualty_Class,Sex_of_Casualty,Age_of_Casualty,Age_Band_of_Casualty,Casualty_Severity,Pedestrian_Location,Pedestrian_Movement,Car_Passenger,Bus_or_Coach_Passenger,Pedestrian_Road_Maintenance_Worker,Casualty_Type,Casualty_Home_Area_Type
12936,82.16337499,22.09949025,1,3,2,1,4,14:26,19,E09000006,4,258,6,30,0,-1,-1,0,0,0,1,1,1,0,0,2,1,E01000720,09-02-2018,1,1,1,1,35,6,3,0,0,0,0,-1,9,-1
12937,82.17050359,22.09677798,1,3,1,1,5,17:35,19,E09000006,3,213,6,30,3,4,6,0,0,0,4,1,2,0,0,1,1,E01000705,10-02-2018,1,1,1,2,31,6,3,0,0,0,0,-1,9,1
12938,82.1942547,22.06860197,1,3,2,1,6,17:50,19,E09000006,6,0,6,30,3,4,6,0,0,0,6,2,2,0,0,2,1,E01000759,11-02-2018,1,2,2,2,7,2,3,0,0,1,0,-1,9,1
12939,82.15252946,22.10083438,1,3,3,2,6,19:40,19,E09000006,6,0,6,30,6,4,6,0,0,0,4,2,2,0,0,1,1,E01000715,11-02-2018,1,1,3,2,13,3,3,4,1,0,0,-1,0,1
12940,82.17913564,22.06021444,1,3,1,1,7,12:52,19,E09000006,4,265,6,30,0,-1,-1,0,0,0,1,1,1,0,0,1,1,E01000671,12-02-2018,1,1,2,2,34,6,3,0,0,1,0,-1,9,1
12941,82.10954643,22.05030795,1,3,2,1,2,11:10,19,E09000006,3,213,6,30,3,4,6,0,0,0,1,1,1,0,0,1,1,E01000805,14-02-2018,2,1,1,1,20,4,3,0,0,0,0,-1,1,1
12942,82.18672798,22.0895443,1,3,2,1,1,02:20,19,E09000006,3,214,6,30,6,4,6,0,0,0,4,1,2,0,0,1,1,E01000699,13-02-2018,1,1,3,2,39,7,3,1,1,0,0,-1,0,1
12943,82.19319855,22.08846581,1,3,2,1,1,16:10,19,E09000006,3,232,6,30,3,4,6,0,0,0,1,1,1,0,0,1,1,E01000756,30-01-2018,2,1,1,2,37,7,3,0,0,0,0,-1,2,1
12944,82.16055429,22.05420732,1,3,2,1,4,16:42,19,E09000006,6,0,6,30,3,4,6,0,0,0,4,1,1,0,0,1,1,E01000686,09-02-2018,1,1,1,2,32,6,3,0,0,0,0,-1,9,1
12945,82.14559933,22.07790065,1,3,2,1,3,23:30,19,E09000006,5,0,6,30,3,4,6,0,0,0,4,1,1,0,0,1,3,E01000820,15-02-2018,1,1,3,1,58,9,3,5,1,0,0,-1,0,1
12946,82.14559756,22.06644827,1,3,2,1,5,16:45,19,E09000006,5,0,6,30,0,-1,-1,0,0,0,1,1,1,0,0,1,2,E01000810,17-02-2018,1,1,1,1,39,7,3,0,0,0,0,-1,9,1
12947,82.1176664,22.08753831,1,3,2,1,1,11:30,19,E09000006,6,0,6,30,0,-1,-1,0,0,0,1,1,1,0,0,1,2,E01000670,23-01-2018,1,1,3,2,44,7,3,1,3,0,0,-1,0,1
12948,82.14946578,22.08201209,1,3,2,1,6,12:57,19,E09000006,3,233,6,30,0,-1,-1,0,0,0,1,1,1,4,0,1,1,E01000748,04-02-2018,1,1,1,1,54,8,3,0,0,0,0,-1,4,1
12949,82.17429536,22.07018411,1,3,1,1,1,18:16,19,E09000006,3,214,6,30,0,-1,-1,0,0,0,4,1,1,0,0,1,1,E01000740,06-02-2018,1,1,3,1,33,6,3,9,9,0,0,-1,0,1
12950,82.19446522,22.08356558,1,3,1,1,6,06:20,19,E09000006,3,232,6,30,0,-1,-1,0,0,1,4,1,2,0,0,1,1,E01000788,18-02-2018,1,1,1,1,27,6,3,0,0,0,0,-1,4,1
12951,82.11015967,22.08482045,1,3,1,1,4,20:49,19,E09000006,6,0,6,30,3,4,6,0,0,0,4,1,1,0,0,1,1,E01000751,16-02-2018,1,1,1,2,39,7,3,0,0,0,0,-1,5,1
12952,82.11295832,22.0801715,1,3,2,2,4,06:19,19,E09000006,3,222,6,30,0,-1,-1,0,0,0,1,3,2,0,0,1,1,E01000649,23-02-2018,1,1,2,1,35,6,3,0,0,1,0,-1,9,-1
12953,82.13524219,22.10539496,1,3,2,1,2,14:50,19,E09000006,5,0,6,30,7,4,6,0,0,0,1,1,1,0,0,1,2,E01000645,21-02-2018,1,2,1,2,30,6,3,0,0,0,0,-1,9,1
12954,82.18085688,22.09048985,1,3,1,1,5,08:38,19,E09000006,6,0,6,30,0,-1,-1,0,0,0,1,1,1,0,0,1,1,E01000807,03-02-2018,2,1,1,1,36,7,3,0,0,0,0,-1,2,1
12955,82.12175752,22.07852831,1,3,2,1,3,16:28,19,E09000006,6,0,2,30,0,-1,-1,0,0,0,1,1,1,0,0,1,1,E01000725,15-02-2018,2,1,1,1,25,5,3,0,0,0,0,-1,1,-1
12956,82.11905402,22.07680538,1,3,2,2,7,22:17,19,E09000006,5,0,6,30,6,4,6,0,0,0,4,1,1,0,0,1,1,E01000741,19-02-2018,1,1,3,1,66,10,3,6,9,0,0,-1,0,1
12957,82.1896846,22.09666613,1,3,2,1,1,17:50,19,E09000006,3,222,6,30,3,4,6,0,0,0,4,1,1,0,0,1,2,E01000703,20-02-2018,1,2,3,2,10,2,3,6,9,0,0,-1,0,-1
12958,82.147503,22.09885846,1,3,1,1,4,23:04,19,E09000006,6,0,6,30,0,-1,-1,0,0,8,4,1,1,0,0,1,1,E01000739,23-02-2018,1,1,2,1,29,6,3,0,0,1,0,-1,9,1
12959,82.11318782,22.05731079,1,3,3,1,5,09:13,19,E09000006,5,0,6,30,3,4,6,0,0,0,1,3,2,0,0,1,1,E01000719,24-02-2018,1,2,1,2,28,6,3,0,0,0,0,-1,9,1
12960,82.11162392,22.09643317,1,3,2,1,3,11:30,19,E09000006,5,0,1,30,1,4,5,0,0,8,1,1,2,0,0,1,1,E01000646,15-02-2018,1,1,1,2,57,9,3,0,0,0,0,-1,9,1
12961,82.13631303,22.09238194,1,3,2,1,6,09:00,19,E09000006,6,0,6,30,3,4,6,0,0,0,1,1,1,0,0,1,2,E01000754,25-02-2018,2,2,1,1,30,6,3,0,0,0,0,-1,9,1
12962,82.1296214,22.05717942,1,3,2,2,4,05:33,20,E09000008,3,212,6,30,3,4,6,0,0,1,4,1,1,0,0,1,1,E01001164,09-02-2018,1,1,1,1,51,8,2,0,0,0,0,-1,5,1
12963,82.11476015,22.10476262,1,3,2,1,7,12:34,19,E09000006,3,224,3,30,0,-1,-1,0,0,0,1,1,1,0,0,1,1,E01000719,26-02-2018,1,1,3,1,24,5,3,4,1,0,0,-1,0,-1
12964,82.14176485,22.09183427,1,3,3,1,1,11:40,19,E09000006,6,0,6,30,3,4,6,0,0,0,1,1,1,0,0,1,1,E01000767,27-02-2018,1,1,1,2,51,8,3,0,0,0,0,-1,9,1
12965,82.13347597,22.05741284,1,3,2,1,1,18:00,19,E09000006,3,21,6,30,6,4,5,0,0,0,4,1,1,0,0,1,2,E01000672,27-02-2018,2,1,1,1,25,5,3,0,0,0,0,-1,9,1
12966,82.12338967,22.09527438,1,3,1,1,3,08:30,19,E09000006,3,214,6,30,0,-1,-1,0,0,5,1,2,2,0,0,1,1,E01000704,01-03-2018,1,2,1,2,21,5,3,0,0,0,0,-1,3,1
12967,82.17308115,22.07039294,1,3,1,1,3,11:55,19,E09000006,3,232,6,30,3,4,6,0,0,4,1,1,1,0,0,1,1,E01000790,01-03-2018,2,1,1,1,61,9,3,0,0,0,0,-1,1,1
12968,82.16105434,22.10764072,1,3,2,1,6,07:20,19,E09000006,6,0,6,30,3,4,6,0,0,0,1,3,4,0,0,1,3,E01000729,25-02-2018,2,1,2,1,7,2,3,0,0,2,0,-1,9,1
12969,82.14111295,22.08645204,1,3,2,1,4,21:05,19,E09000006,4,265,6,30,2,4,4,2212,0,0,4,1,4,0,0,1,1,E01000762,02-03-2018,1,1,2,2,23,5,3,0,0,2,0,-1,9,1
12970,82.17341018,22.08241236,1,3,2,1,5,21:55,19,E09000006,3,224,6,30,0,-1,-1,0,0,0,4,1,1,0,0,1,1,E01000738,03-03-2018,2,1,1,1,34,6,3,0,0,0,0,-1,9,1
12971,82.18279784,22.07715266,1,2,2,1,1,13:20,19,E09000006,4,263,6,30,0,-1,-1,0,0,0,1,1,1,0,0,1,1,E01000696,30-01-2018,1,1,1,1,29,6,2,0,0,0,0,-1,5,1
12972,82.19608532,22.0790188,1,3,2,1,4,15:30,19,E09000006,3,213,6,30,3,4,6,0,0,0,1,1,1,0,0,1,1,E01000805,02-02-2018,1,1,1,1,31,6,3,0,0,0,0,-1,9,1
12973,82.12778309,22.06119108,1,3,2,1,6,06:40,19,E09000006,3,233,6,30,0,-1,-1,0,0,0,6,2,2,0,0,2,1,E01000666,11-02-2018,2,1,1,1,31,6,3,0,0,0,0,-1,1,-1
12974,82.19160057,22.05602885,1,3,2,2,5,19:23,19,E09000006,3,224,6,30,3,4,6,0,0,0,4,2,2,0,0,1,1,E01000730,17-02-2018,1,1,3,1,35,6,3,5,1,0,0,-1,0,1
12975,82.19459528,22.07586599,1,3,2,2,3,11:20,19,E09000006,3,208,6,30,3,4,4,264,0,0,1,1,2,0,0,1,1,E01000693,22-02-2018,1,1,2,2,40,7,3,0,0,0,3,-1,11,1
12976,82.19011326,22.05787494,1,3,2,2,5,08:59,19,E09000006,6,0,6,30,3,4,6,0,0,0,1,1,2,0,0,1,1,E01000765,24-02-2018,2,1,1,2,54,8,3,0,0,0,0,-1,9,1
12977,82.17326822,22.05444304,1,3,2,1,6,06:00,19,E09000006,3,214,6,30,0,-1,-1,0,0,0,4,3,3,0,0,1,1,E01000704,25-02-2018,1,1,1,1,28,6,3,0,0,0,0,-1,9,3
12978,82.13786683,22.07352971,1,3,2,1,7,02:00,19,E09000006,3,214,1,30,1,2,3,214,0,5,4,1,1,0,0,1,2,E01003062,26-02-2018,3,1,1,1,36,7,3,0,0,0,0,-1,9,2
12979,82.19723157,22.07173909,1,3,2,1,1,18:59,19,E09000006,3,223,1,30,2,4,6,0,0,0,4,1,2,0,0,1,1,E01000790,27-02-2018,1,1,1,1,32,6,3,0,0,0,0,-1,9,-1
12980,82.14172547,22.06713495,1,3,2,1,1,16:30,19,E09000006,6,0,6,30,3,4,6,0,0,0,1,1,1,0,0,1,1,E01000798,27-02-2018,1,1,2,1,50,8,3,0,0,0,3,-1,11,1
12981,82.11256561,22.08272234,1,2,2,1,2,09:05,19,E09000006,3,21,6,30,0,-1,-1,0,0,0,1,1,1,0,0,2,1,E01000661,28-02-2018,1,1,3,2,12,3,3,5,1,0,0,-1,0,1
12982,82.15370847,22.09299919,1,3,1,1,2,07:58,19,E09000006,6,0,6,30,0,-1,-1,0,0,0,1,1,4,0,0,1,1,E01000713,28-02-2018,1,1,3,2,12,3,3,5,4,0,0,-1,0,-1
12983,82.11802895,22.08814144,1,3,1,1,3,20:40,19,E09000006,6,0,6,30,0,-1,-1,0,0,0,4,1,2,0,0,1,1,E01000835,01-02-2018,1,1,1,1,30,6,3,0,0,0,0,-1,1,1
12984,82.1428211,22.06041588,1,3,2,1,5,20:11,19,E09000006,3,21,3,30,3,2,4,265,0,0,4,2,2,0,0,1,1,E01000671,24-02-2018,2,1,1,1,25,5,3,0,0,0,0,-1,1,-1
12985,82.19293875,22.08916756,1,3,3,1,1,19:50,19,E09000006,3,214,6,30,3,2,6,0,0,0,4,1,1,0,0,1,1,E01000743,27-02-2018,1,1,1,2,43,7,3,0,0,0,0,-1,9,1
12986,82.12048354,22.09570032,1,3,2,1,2,14:55,19,E09000006,3,21,6,30,3,4,3,233,0,0,1,1,1,0,0,2,3,E01000661,28-02-2018,1,1,3,1,39,7,3,4,1,0,0,-1,0,1
12987,82.16124918,22.08549134,1,3,2,1,4,09:40,19,E09000006,5,0,6,30,3,4,6,0,0,5,1,2,2,0,0,1,1,E01000675,02-03-2018,1,1,1,2,30,6,3,0,0,0,0,-1,1,1
12988,82.17921991,22.06695081,1,3,2,1,4,08:20,19,E09000006,3,208,6,30,3,4,6,0,0,0,1,2,2,0,0,1,1,E01000784,02-03-2018,1,1,2,2,42,7,3,0,0,0,4,-1,11,1
12989,82.12120794,22.08884854,1,3,2,1,4,23:45,19,E09000006,6,0,6,30,0,-1,-1,0,0,0,4,3,2,0,0,1,1,E01000834,02-03-2018,1,1,1,1,34,6,3,0,0,0,0,-1,3,-1
12990,82.13271328,22.07468825,1,3,2,1,4,10:56,19,E09000006,5,0,6,30,0,-1,-1,0,0,0,1,1,2,0,0,1,1,E01000745,02-03-2018,1,1,1,2,42,7,3,0,0,0,0,-1,9,-1
12991,82.1648809,22.07021493,1,3,2,1,5,17:15,19,E09000006,3,21,6,30,3,4,6,0,0,0,1,1,1,0,0,1,1,E01000674,10-03-2018,1,1,3,2,-1,-1,3,4,2,0,0,-1,0,-1
12992,82.173136,22.10123869,1,3,2,1,4,08:45,19,E09000006,3,223,6,30,3,4,6,0,0,0,1,3,2,0,0,1,1,E01000790,02-03-2018,1,1,1,1,39,7,3,0,0,0,0,-1,1,1
12993,82.14426953,22.09768999,1,3,3,1,5,11:08,19,E09000006,6,0,6,30,0,-1,-1,0,0,0,1,1,2,0,0,1,1,E01000733,03-03-2018,1,1,3,1,38,7,3,6,9,0,0,-1,0,1
12994,82.19291262,22.0646119,1,3,1,1,5,11:05,19,E09000006,5,0,6,30,2,4,5,0,0,0,1,1,1,0,0,1,1,E01000813,03-03-2018,1,1,1,1,51,8,3,0,0,0,0,-1,9,1
12995,82.19555902,22.09641752,1,3,2,2,5,09:01,19,E09000006,3,21,6,30,3,4,6,0,0,0,1,1,1,0,0,1,1,E01000667,03-03-2018,1,1,3,1,30,6,2,4,3,0,0,-1,0,1
12996,82.17391278,22.07544851,1,3,2,2,5,14:00,19,E09000006,6,0,6,30,3,4,6,0,0,0,1,1,1,0,0,1,1,E01000762,03-03-2018,1,1,1,2,40,7,3,0,0,0,0,-1,9,1
12997,82.13457438,22.09306311,1,3,2,1,5,09:25,19,E09000006,3,222,6,30,3,4,6,0,0,0,1,1,2,0,0,1,1,E01000707,03-03-2018,1,1,2,1,44,7,3,0,0,0,3,-1,11,1
12998,82.12363448,22.06798819,1,3,2,1,5,18:50,19,E09000006,4,265,6,30,3,4,4,251,0,0,4,1,2,0,0,1,2,E01000765,03-03-2018,1,1,2,1,5,1,3,0,0,2,0,-1,9,1
12999,82.16153874,22.05379495,1,3,2,1,6,11:55,19,E09000006,3,232,6,30,3,4,6,0,0,0,1,2,2,0,0,1,2,E01000837,04-03-2018,1,1,1,1,18,4,3,0,0,0,0,-1,9,1
13000,74.0217603,15.29154565,1,3,2,1,6,21:00,19,E09000006,3,223,1,30,1,4,3,232,0,1,4,1,1,0,0,1,2,E01000790,04-03-2018,1,1,1,1,38,7,3,0,0,0,0,-1,9,1
13001,73.9706895,15.22824905,1,3,2,1,5,10:15,19,E09000006,3,222,6,30,3,4,3,21,0,0,1,1,1,0,0,1,2,E01000676,03-03-2018,1,2,2,1,5,1,3,0,0,1,0,-1,9,1
13002,74.14486612,15.19574323,1,3,1,1,7,09:30,19,E09000006,6,0,6,30,0,-1,-1,0,0,0,1,1,2,0,0,1,1,E01000656,05-03-2018,1,1,2,1,24,5,2,0,0,1,0,-1,9,1
13003,74.0823497,15.20545324,1,3,2,1,2,17:26,19,E09000006,4,265,6,30,0,-1,-1,0,0,0,4,1,1,0,0,1,1,E01000762,07-03-2018,1,2,2,1,34,6,3,0,0,2,0,-1,9,1
13004,73.9672758,15.17611997,1,3,1,1,1,10:43,19,E09000006,6,0,6,30,6,4,6,0,0,0,1,1,1,0,0,1,1,E01000735,06-03-2018,2,1,1,1,12,3,3,0,0,0,0,-1,1,-1
13005,74.07096727,15.30389687,1,3,2,1,2,08:20,19,E09000006,6,0,6,30,3,4,6,0,0,0,1,1,1,0,0,1,1,E01000709,07-03-2018,2,1,1,1,42,7,3,0,0,0,0,-1,1,1
13006,74.03710936,15.24524237,1,3,2,1,2,10:10,19,E09000006,3,222,1,30,1,4,5,0,0,0,1,1,1,0,0,1,1,E01000648,07-03-2018,1,1,1,1,31,6,2,0,0,0,0,-1,1,1
13007,74.00090717,15.34920599,1,3,2,1,6,07:08,19,E09000006,3,223,6,30,3,4,3,223,0,0,1,1,2,0,0,1,1,E01000686,04-03-2018,1,1,3,1,36,7,3,5,1,0,0,-1,0,-1
13008,74.01904495,15.19440741,1,3,2,2,3,16:04,19,E09000006,6,0,6,30,8,4,6,0,0,0,1,2,2,0,0,1,1,E01000751,08-03-2018,1,1,2,1,72,10,3,0,0,0,3,-1,11,1
13009,74.03651827,15.29462312,1,3,1,1,3,07:25,19,E09000006,3,222,6,30,0,-1,-1,0,0,1,1,1,1,0,0,1,1,E01000677,08-02-2018,1,1,1,2,50,8,3,0,0,0,0,-1,5,-1
13010,74.01646653,15.22720805,1,3,4,1,4,16:49,19,E09000006,3,222,6,30,0,-1,-1,0,0,0,1,1,1,0,0,1,1,E01000693,09-03-2018,2,1,1,1,27,6,3,0,0,0,0,-1,2,1
13011,74.11339198,15.35752814,1,3,3,2,4,08:22,19,E09000006,5,0,6,30,0,-1,-1,0,0,0,1,1,1,0,0,1,1,E01000818,09-03-2018,1,1,1,2,18,4,3,0,0,0,0,-1,2,1
13012,74.01539762,15.18163384,1,3,2,1,5,16:39,19,E09000006,3,213,6,30,6,4,6,0,0,0,1,1,1,0,0,1,1,E01000798,10-03-2018,1,1,3,1,46,8,3,4,1,0,0,-1,0,1
13013,74.01963791,15.18783474,1,3,1,3,5,16:00,19,E09000006,3,222,6,30,0,-1,-1,0,0,0,1,1,1,0,0,1,1,E01000676,10-03-2018,1,1,1,1,27,6,3,0,0,0,0,-1,5,1
13014,73.9699909,15.2641519,1,3,1,1,6,07:30,19,E09000006,5,0,6,30,3,4,5,0,0,0,1,1,2,0,0,1,1,E01000810,11-03-2018,1,1,1,2,55,8,3,0,0,0,0,-1,9,1
13015,73.96706898,15.35586337,1,3,1,1,6,00:45,19,E09000006,3,232,6,30,3,4,6,0,0,0,4,1,1,0,0,1,1,E01000790,11-03-2018,1,2,2,2,16,4,3,0,0,1,0,-1,9,1
13016,73.99947422,15.30663574,1,3,1,1,6,22:10,19,E09000006,5,0,6,30,0,-1,-1,0,0,0,4,2,2,0,0,1,1,E01000828,11-03-2018,1,1,3,2,35,6,3,4,1,0,0,-1,0,-1
13017,74.10005217,15.29526034,1,2,2,1,7,13:30,19,E09000006,6,0,6,30,0,-1,-1,0,0,0,1,1,1,0,0,1,1,E01000791,12-03-2018,1,1,2,2,52,8,3,0,0,1,0,-1,9,1
13018,74.02406671,15.35268349,1,3,1,1,7,09:45,19,E09000006,5,0,6,30,0,-1,-1,0,0,0,1,1,1,0,0,1,3,E01000765,12-03-2018,1,2,1,2,43,7,3,0,0,0,0,-1,9,1
13019,73.95157838,15.28487385,1,3,2,2,1,15:05,19,E09000006,6,0,6,30,3,4,3,222,0,0,1,1,1,0,0,1,1,E01000713,13-03-2018,1,1,2,1,39,7,3,0,0,0,1,-1,11,1
13020,74.11092865,15.2972645,1,3,2,2,1,18:01,19,E09000006,3,21,6,30,7,2,3,2212,0,5,4,1,1,0,0,1,1,E01000675,13-03-2018,2,1,1,2,31,6,3,0,0,0,0,-1,9,1
13021,73.95402709,15.31683145,1,3,3,1,3,19:20,19,E09000006,3,208,6,30,3,4,6,0,0,0,4,1,1,0,0,1,3,E01000815,15-03-2018,2,1,1,1,29,6,2,0,0,0,0,-1,5,1
13022,73.97109538,15.27122004,1,3,1,1,3,18:35,19,E09000006,3,208,6,30,0,-1,-1,0,0,0,1,1,1,0,0,1,1,E01000727,15-03-2018,1,1,2,2,14,3,3,0,0,2,0,-1,9,1
13023,74.03111929,15.294166,1,3,2,1,4,15:20,19,E09000006,6,0,6,30,3,4,3,233,0,0,1,1,1,0,0,1,1,E01000665,16-03-2018,1,2,1,1,42,7,3,0,0,0,0,-1,9,1
13024,74.03515806,15.25768129,1,3,1,1,5,17:24,19,E09000006,5,0,6,30,3,4,6,0,0,0,1,1,1,0,0,1,1,E01000675,17-03-2018,1,1,1,1,19,4,3,0,0,0,0,-1,9,1
13025,74.06705779,15.22238355,1,3,2,1,5,07:30,19,E09000006,3,233,6,30,6,2,3,232,0,5,1,2,2,0,0,1,1,E01000666,17-03-2018,1,1,3,2,25,5,3,1,1,0,0,-1,0,1
13026,73.95377306,15.31720881,1,3,2,1,7,22:32,19,E09000006,6,0,6,30,0,-1,-1,0,0,0,4,1,1,0,0,1,1,E01000732,19-03-2018,2,1,1,1,31,6,3,0,0,0,0,-1,2,-1
13027,73.96764803,15.26336489,1,3,2,1,7,13:30,19,E09000006,6,0,6,30,3,4,6,0,0,0,1,1,1,0,0,1,2,E01000833,19-03-2018,1,1,3,2,21,5,3,7,5,0,0,-1,0,1
13028,74.00130331,15.30646386,1,3,1,2,2,19:00,19,E09000006,5,0,6,30,0,-1,-1,0,0,0,4,2,2,0,0,2,1,E01000728,07-03-2018,1,1,2,1,11,3,3,0,0,0,3,-1,11,1
13029,74.09478434,15.19711486,1,3,2,1,4,16:24,19,E09000006,5,0,6,30,3,4,6,0,0,0,1,1,1,0,0,1,1,E01000653,09-03-2018,1,2,2,1,-1,-1,3,0,0,0,3,-1,11,-1
13030,74.0719657,15.19251836,1,3,1,1,2,15:08,19,E09000006,3,224,6,30,0,-1,-1,0,0,0,1,1,1,0,0,2,1,E01000680,14-03-2018,1,1,3,1,29,6,3,4,1,0,0,-1,0,1
13031,74.05344742,15.3457186,1,3,2,2,2,21:31,19,E09000006,5,0,1,30,2,4,6,0,0,0,4,1,1,0,0,1,1,E01000662,14-03-2018,2,1,1,1,29,6,3,0,0,0,0,-1,1,1
13032,73.99720129,15.30976442,1,3,2,1,6,14:00,19,E09000006,5,0,6,30,8,4,6,0,0,0,1,1,1,0,0,1,1,E01000745,18-03-2018,2,1,1,1,17,4,3,0,0,0,0,-1,2,1
13033,74.03573165,15.28265652,1,2,2,1,7,10:15,19,E09000006,3,208,6,30,3,4,6,0,0,0,1,1,1,0,0,1,1,E01000784,19-03-2018,1,1,1,1,40,7,3,0,0,0,0,-1,1,1
13034,74.1249997,15.28143402,1,3,2,1,2,17:03,19,E09000006,3,222,6,30,0,-1,-1,0,0,4,1,1,1,0,0,1,1,E01000697,21-03-2018,2,1,1,1,62,9,2,0,0,0,0,-1,3,1
13035,74.13690514,15.36097941,1,3,2,1,2,08:20,19,E09000006,5,0,6,30,3,4,6,0,0,0,1,1,1,0,0,1,1,E01000820,21-03-2018,1,1,1,1,34,6,3,0,0,0,0,-1,5,1
13036,74.08160685,15.36651032,1,3,2,2,2,07:50,19,E09000006,3,213,6,30,6,2,5,0,0,5,1,1,1,0,0,1,1,E01000805,21-03-2018,1,1,2,2,18,4,3,0,0,1,0,-1,9,1
13037,74.06435209,15.18174613,1,3,2,1,2,17:28,19,E09000006,5,0,6,30,3,4,6,0,0,0,1,1,1,0,0,1,1,E01000813,21-03-2018,1,1,1,2,20,4,3,0,0,0,0,-1,9,1
13038,74.04316028,15.27711736,1,3,2,1,3,11:59,19,E09000006,6,0,6,30,0,-1,-1,0,0,0,1,2,2,0,0,1,1,E01000775,22-03-2018,1,1,2,2,83,11,3,0,0,0,1,-1,11,-1
13039,73.99199347,15.18174136,1,3,2,1,6,05:30,19,E09000006,3,214,6,30,0,-1,-1,0,0,0,4,3,3,0,0,1,1,E01000704,25-02-2018,1,1,2,1,22,5,3,0,0,1,0,-1,9,1
13040,74.04463535,15.3492284,1,3,2,2,6,23:15,19,E09000006,3,208,6,30,3,4,3,208,0,0,4,1,2,0,0,1,1,E01000808,25-03-2018,1,1,3,2,26,6,2,4,1,0,0,-1,0,1
13041,74.09730027,15.27726519,1,2,1,1,6,18:00,19,E09000006,6,0,6,30,0,-1,-1,0,0,0,1,1,1,0,0,1,1,E01000806,25-03-2018,1,1,2,2,57,9,3,0,0,0,2,-1,11,-1
13042,74.12091558,15.2029002,1,2,2,1,6,16:52,19,E09000006,3,234,6,30,3,4,6,0,0,0,1,1,1,0,0,1,1,E01000799,04-03-2018,1,1,1,1,44,7,3,0,0,0,0,-1,3,1
13043,74.15020634,15.21976499,1,3,1,1,6,18:20,19,E09000006,3,214,6,30,3,4,6,0,0,4,4,1,1,0,0,1,1,E01000746,11-03-2018,1,1,1,1,17,4,3,0,0,0,0,-1,3,1
13044,73.96930676,15.24615196,1,3,2,3,5,07:45,19,E09000006,3,232,6,30,3,4,6,0,0,0,1,1,1,0,0,2,1,E01000765,24-03-2018,1,1,1,1,51,8,3,0,0,0,0,-1,1,1
13045,74.14599881,15.25939646,1,3,2,1,6,06:05,19,E09000006,5,0,6,30,0,-1,-1,0,0,0,1,1,2,0,0,2,1,E01000698,25-03-2018,1,1,1,1,41,7,3,0,0,0,0,-1,9,1
13046,74.00627152,15.33904084,1,3,2,1,7,21:36,20,E09000008,3,232,6,30,6,2,5,0,0,5,4,1,1,0,0,1,1,E01001135,26-03-2018,1,1,3,2,23,5,3,9,5,0,0,-1,0,-1
13047,74.10054948,15.17850894,1,3,2,1,2,12:15,19,E09000006,4,251,6,30,0,-1,-1,0,0,0,1,1,1,0,0,1,1,E01000834,28-03-2018,1,1,1,1,25,5,3,0,0,0,0,-1,9,1
13048,74.03052453,15.32546627,1,3,2,1,2,22:35,19,E09000006,3,222,6,30,3,4,6,0,0,0,4,1,1,0,0,1,2,E01000714,28-03-2018,1,2,2,2,23,5,3,0,0,1,0,-1,9,1
13049,74.12645514,15.18634226,1,3,2,1,5,14:23,19,E09000006,3,213,6,30,3,4,6,0,0,0,1,1,1,0,0,1,1,E01000802,31-03-2018,1,1,2,2,16,4,3,0,0,0,3,-1,11,1
13050,74.14817213,15.24292868,1,3,2,1,4,14:20,19,E09000006,4,228,6,30,3,2,4,2212,0,5,1,1,1,0,0,1,2,E01000670,09-03-2018,1,2,2,2,-1,-1,3,0,0,0,3,-1,11,1
13051,73.97115477,15.23722706,1,3,1,1,6,08:00,19,E09000006,3,233,6,30,0,-1,-1,0,0,0,1,1,2,0,0,1,1,E01000658,11-03-2018,1,1,1,1,30,6,3,0,0,0,0,-1,3,1
13052,73.95144105,15.29065749,1,3,1,1,7,08:40,19,E09000006,5,0,6,30,0,-1,-1,0,0,0,1,1,2,4,0,2,1,E01000749,19-03-2018,1,1,1,1,34,6,3,0,0,0,0,-1,5,-1
13053,74.02098328,15.30130895,1,3,3,2,6,13:00,19,E09000006,3,233,6,30,0,-1,-1,0,0,0,1,1,1,0,0,1,1,E01000657,18-03-2018,2,1,1,2,21,5,3,0,0,0,0,-1,1,-1
13054,74.14693808,15.36118408,1,3,2,1,5,11:54,19,E09000006,3,213,6,30,6,4,6,0,0,0,1,1,1,0,0,1,1,E01000798,12-05-2018,1,1,1,1,23,5,3,0,0,0,0,-1,3,1
13055,74.10011862,15.18255601,1,3,2,1,2,13:40,19,E09000006,6,0,6,30,3,4,6,0,0,0,1,1,1,0,0,1,1,E01000821,14-03-2018,1,1,1,2,29,6,3,0,0,0,0,-1,9,1
13056,74.13822468,15.18127608,1,3,1,1,3,10:22,19,E09000006,3,233,6,30,0,-1,-1,0,0,0,1,1,2,0,0,1,1,E01000666,15-03-2018,1,1,3,1,71,10,3,5,2,0,0,-1,0,-1
13057,74.11869812,15.2251811,1,3,2,1,2,17:40,19,E09000006,4,230,6,30,0,-1,-1,0,0,0,1,1,1,0,0,1,2,E01000770,21-03-2018,1,1,3,1,21,5,3,1,1,0,0,-1,0,1