Accident_Index,longitude,latitude,Police_Force,Accident_Severity,Number_of_Vehicles,Number_of_Casualties,Day_of_Week,Time,Local_Authority_(District),Local_Authority_(Highway),1st_Road_Class,1st_Road_Number,Road_Type,Speed_limit,Junction_Detail,Junction_Control,2nd_Road_Class,2nd_Road_Number,Pedestrian_Crossing-Human_Control,Pedestrian_Crossing-Physical_Facilities,Light_Conditions,Weather_Conditions,Road_Surface_Conditions,Special_Conditions_at_Site,Carriageway_Hazards,Urban_or_Rural_Area,Did_Police_Officer_Attend_Scene_of_Accident,LSOA_of_Accident_Location,Date,Vehicle_Reference,Casualty_Reference,Casualty_Class,Sex_of_Casualty,Age_of_Casualty,Age_Band_of_Casualty,Casualty_Severity,Pedestrian_Location,Pedestrian_Movement,Car_Passenger,Bus_or_Coach_Passenger,Pedestrian_Road_Maintenance_Worker,Casualty_Type,Casualty_Home_Area_Type
13179,74.05444363,15.18854281,1,3,1,1,7,14:09,19,E09000006,5,0,6,30,3,4,6,0,0,4,1,1,1,0,0,1,2,E01000675,29-01-2018,1,1,1,1,31,6,3,0,0,0,0,-1,9,-1
13180,73.94829547,15.34835701,1,3,1,1,5,14:25,19,E09000006,3,234,6,30,0,-1,-1,0,0,0,1,1,1,0,0,1,1,E01000799,05-05-2018,1,1,3,1,7,2,3,5,1,0,0,-1,0,-1
13181,74.11363995,15.24883375,1,3,1,1,6,16:45,19,E09000006,6,0,6,30,3,4,3,234,0,0,1,1,1,0,0,1,1,E01000799,13-05-2018,2,1,1,1,45,7,3,0,0,0,0,-1,5,1
13182,74.05347896,15.26222295,1,3,2,2,3,16:38,19,E09000006,6,0,6,30,3,4,6,0,0,0,1,1,1,0,0,1,1,E01000798,17-05-2018,1,1,2,2,30,6,3,0,0,0,1,-1,11,1
13183,73.97093738,15.34293958,1,3,2,1,3,08:56,19,E09000006,4,230,6,30,1,4,3,214,0,0,1,1,1,0,0,1,1,E01000775,03-05-2018,2,1,1,1,29,6,3,0,0,0,0,-1,1,1
13184,73.97045674,15.31913374,1,2,2,1,3,16:30,19,E09000006,3,223,6,30,6,2,3,224,0,5,1,1,1,0,0,1,1,E01000788,03-05-2018,1,1,1,1,33,6,3,0,0,0,0,-1,9,1
13185,74.03759024,15.27693932,1,3,2,1,6,06:42,19,E09000006,3,21,6,30,8,4,6,0,0,0,5,1,1,0,0,1,1,E01000667,06-05-2018,1,1,3,2,38,7,3,5,3,0,0,-1,0,1
13186,74.08309109,15.3051603,1,3,2,1,4,19:50,19,E09000006,3,21,6,30,8,4,6,0,0,0,1,1,1,0,0,2,1,E01000661,11-05-2018,1,2,3,1,11,3,3,5,3,0,0,-1,0,-1
13187,74.07303912,15.2938563,1,3,2,1,1,10:41,19,E09000006,3,213,6,30,3,4,6,0,0,0,1,1,1,0,0,1,1,E01000802,15-05-2018,1,1,2,2,86,11,3,0,0,0,1,-1,11,1
13188,74.08563449,15.21552443,1,3,2,1,2,12:33,19,E09000006,3,208,6,30,3,4,5,0,0,0,1,1,1,0,0,1,1,E01000692,16-05-2018,1,1,1,1,45,7,2,0,0,0,0,-1,1,1
13189,74.02908062,15.34451063,1,3,1,1,2,12:50,19,E09000006,3,234,6,30,3,4,6,0,0,0,1,1,1,0,0,1,1,E01000799,16-05-2018,1,1,3,1,12,3,3,4,1,0,0,-1,0,1
13190,73.94832167,15.28070715,1,3,3,2,6,16:30,19,E09000006,3,21,3,50,0,-1,-1,0,0,0,1,1,1,0,0,2,1,E01000680,06-05-2018,2,1,1,1,38,7,3,0,0,0,0,-1,5,1
13191,74.02170213,15.31265215,1,3,2,1,5,08:32,19,E09000006,3,222,6,30,3,4,3,222,0,0,1,1,1,0,0,1,1,E01000776,12-05-2018,1,1,1,1,42,7,3,0,0,0,0,-1,5,1
13192,74.12815831,15.36579693,1,3,2,1,6,20:00,19,E09000006,5,0,6,30,0,-1,-1,0,0,0,4,1,1,0,0,1,2,E01000832,13-05-2018,1,1,1,1,45,7,3,0,0,0,0,-1,19,1
13193,74.0251359,15.2966318,1,3,2,2,1,15:12,19,E09000006,3,232,6,30,8,4,6,0,0,0,1,1,1,0,0,1,1,E01000757,15-05-2018,1,1,1,1,38,7,3,0,0,0,0,-1,5,1
13194,74.11091523,15.31797596,1,3,2,1,3,08:45,19,E09000006,3,214,6,30,3,4,6,0,0,0,1,1,1,0,0,1,2,E01000704,17-05-2018,1,1,3,1,4,1,3,4,1,0,0,-1,0,-1
13195,74.05074546,15.32233223,1,3,1,1,4,14:30,19,E09000006,3,21,6,30,3,4,6,0,0,0,1,1,1,0,0,2,1,E01000661,18-05-2018,2,1,1,1,29,6,3,0,0,0,0,-1,1,1
13196,73.99537537,15.29764388,1,3,2,1,5,08:20,19,E09000006,3,223,6,30,3,4,6,0,0,0,1,1,1,0,0,1,2,E01000683,19-05-2018,1,1,1,1,24,5,3,0,0,0,0,-1,9,1
13197,73.99226739,15.25959722,1,3,2,1,7,15:50,19,E09000006,6,0,6,30,0,-1,-1,0,0,0,1,1,1,0,0,1,1,E01000794,21-05-2018,1,1,1,1,27,6,3,0,0,0,0,-1,9,1
13198,74.067756,15.20306332,1,3,2,1,1,11:58,19,E09000006,6,0,6,30,3,4,6,0,0,0,1,1,1,0,0,1,1,E01000668,22-05-2018,2,1,1,1,40,7,3,0,0,0,0,-1,9,1
13199,74.07486273,15.29179544,1,2,1,1,4,07:12,19,E09000006,6,0,6,30,3,4,6,0,0,0,1,1,1,0,0,1,1,E01000798,04-05-2018,2,1,1,1,45,7,3,0,0,0,0,-1,1,1
13200,74.14769822,15.2539563,1,3,2,2,4,23:40,19,E09000006,3,21,6,30,3,2,3,21,0,5,4,1,1,0,0,1,2,E01000676,25-05-2018,1,1,1,2,27,6,3,0,0,0,0,-1,3,1
13201,74.07638569,15.24014982,1,2,2,3,1,04:00,19,E09000006,3,214,6,30,3,4,6,0,0,0,4,1,1,0,0,1,1,E01000746,22-05-2018,1,1,1,2,29,6,3,0,0,0,0,-1,9,1
13202,73.984693,15.3475878,1,3,1,1,3,15:30,19,E09000006,6,0,6,30,0,-1,-1,0,0,0,1,1,1,0,0,1,1,E01000683,10-05-2018,1,1,3,2,43,7,2,1,1,0,0,-1,0,1
13203,74.01997955,15.2415112,1,3,2,1,6,22:30,19,E09000006,3,224,6,30,7,2,3,223,0,5,4,1,1,0,0,1,1,E01000788,13-05-2018,1,1,3,2,6,2,3,5,3,0,0,-1,0,1
13204,74.02260264,15.24551245,1,3,2,1,6,12:10,19,E09000006,3,21,3,50,3,4,6,0,0,0,1,1,1,0,0,2,1,E01024439,13-05-2018,1,1,3,2,4,1,3,5,1,0,0,-1,0,1
13205,74.10976743,15.24451112,1,3,2,1,2,18:10,19,E09000006,6,0,6,30,0,-1,-1,0,0,0,1,1,1,0,0,1,1,E01000659,16-05-2018,1,2,3,2,2,1,3,5,1,0,0,-1,0,1
13206,74.1240222,15.18659735,1,3,1,1,4,12:50,19,E09000006,3,213,6,30,0,-1,-1,0,0,0,1,1,1,0,0,1,1,E01000699,25-05-2018,1,1,2,1,25,5,2,0,0,2,0,-1,9,1
13207,73.98415133,15.25614927,1,3,2,1,5,08:57,19,E09000006,3,21,6,40,0,-1,-1,0,0,0,1,1,1,0,0,1,1,E01000682,26-05-2018,1,1,3,1,9,2,3,5,1,0,0,-1,0,1
13208,74.01560377,15.26730966,1,3,2,1,7,18:30,19,E09000006,6,0,6,30,3,4,6,0,0,0,1,1,1,0,0,1,2,E01000729,28-05-2018,1,1,2,2,52,8,3,0,0,0,4,-1,11,1
13209,74.01644269,15.3079895,1,3,2,1,3,13:38,19,E09000006,3,222,6,30,0,-1,-1,0,0,0,1,2,2,0,0,1,1,E01000776,24-05-2018,1,1,3,2,39,7,2,5,1,0,0,-1,0,1
13210,73.97249069,15.35248614,1,3,2,1,2,08:50,9,E09000022,6,0,1,30,1,4,6,0,0,0,1,1,1,0,0,1,3,E01003165,31-01-2018,1,1,1,1,17,4,3,0,0,0,0,-1,3,-1
13211,74.08551972,15.33805379,1,2,1,1,6,14:25,19,E09000006,3,21,6,30,3,4,3,2212,0,1,1,1,1,0,0,1,1,E01000676,27-05-2018,1,1,2,2,39,7,2,0,0,0,3,-1,11,1
13212,74.03959879,15.27367497,1,3,1,1,6,15:00,19,E09000006,3,21,6,30,6,2,3,2212,0,5,1,1,1,0,0,1,2,E01000676,27-05-2018,1,1,3,2,1,1,3,4,1,0,0,-1,0,1
13213,74.13973117,15.32692933,1,3,2,1,2,15:50,19,E09000006,6,0,1,30,2,4,4,263,0,0,1,1,1,0,0,1,1,E01000696,23-05-2018,1,1,3,1,56,9,2,4,4,0,0,-1,0,-1
13214,73.95697139,15.32919603,1,3,2,1,5,18:45,19,E09000006,3,222,6,30,6,2,6,0,0,5,1,1,1,0,0,1,2,E01000677,02-06-2018,1,1,2,2,56,9,3,0,0,0,3,-1,11,-1
13215,74.08229983,15.22480838,1,3,2,1,5,14:35,19,E09000006,3,234,6,30,6,4,6,0,0,0,1,1,1,0,0,1,1,E01000703,26-05-2018,1,2,2,2,54,8,3,0,0,0,3,-1,11,-1
13216,74.0632824,15.22316984,1,3,2,1,1,19:07,19,E09000006,3,223,6,30,0,-1,-1,0,0,0,1,1,1,0,0,1,1,E01000790,29-05-2018,1,3,2,2,59,9,3,0,0,0,4,-1,11,1
13217,74.08731189,15.28646387,1,2,2,1,5,19:01,19,E09000006,3,213,6,30,8,4,6,0,0,0,1,1,1,0,0,1,1,E01000743,26-05-2018,1,4,2,2,23,5,3,0,0,0,4,-1,11,1
13218,74.11316497,15.27935402,1,3,2,2,2,15:41,19,E09000006,5,0,6,30,3,4,6,0,0,0,1,1,1,0,0,1,1,E01000698,23-05-2018,1,1,1,1,34,6,3,0,0,0,0,-1,19,-1
13219,74.10558134,15.2181442,1,3,2,1,2,08:55,20,E09000008,5,0,6,30,0,-1,-1,0,0,0,1,1,1,0,0,1,1,E01001164,23-05-2018,2,1,1,1,46,8,3,0,0,0,0,-1,9,1
13220,74.04481132,15.19480084,1,2,2,1,5,18:23,19,E09000006,3,213,6,30,6,2,3,214,0,5,1,1,1,0,0,1,1,E01000743,26-05-2018,3,2,1,2,27,6,3,0,0,0,0,-1,9,-1
13221,74.09875623,15.26931731,1,3,3,2,7,13:22,19,E09000006,3,222,6,30,0,-1,-1,0,0,0,1,1,1,0,0,1,1,E01000693,28-05-2018,1,1,2,2,41,7,3,0,0,0,4,-1,11,1
13222,74.11932297,15.23464185,1,3,2,1,5,19:05,19,E09000006,3,214,6,30,8,4,6,0,0,0,4,1,1,0,0,1,1,E01000740,07-04-2018,1,1,2,1,34,6,3,0,0,0,0,-1,5,1
13223,74.0720137,15.29269061,1,3,2,1,4,11:45,19,E09000006,3,224,6,30,3,2,3,223,0,5,1,1,1,0,0,1,1,E01000788,01-06-2018,1,1,1,1,40,7,3,0,0,0,0,-1,5,1
13224,74.14728102,15.22674318,1,2,2,1,3,11:20,19,E09000006,5,0,6,30,8,4,6,0,0,0,1,1,1,0,0,1,1,E01000813,03-05-2018,1,1,3,2,18,4,2,5,3,0,0,-1,0,1
13225,73.97246034,15.17767229,1,3,2,2,2,11:30,19,E09000006,5,0,6,30,3,4,6,0,0,0,1,2,2,0,0,1,1,E01000722,30-05-2018,1,1,1,1,54,8,3,0,0,0,0,-1,1,1
13226,73.9549282,15.17912206,1,3,2,1,7,08:34,19,E09000006,3,214,6,30,3,4,6,0,0,0,1,1,1,0,0,1,1,E01000740,28-05-2018,2,1,1,1,-1,-1,2,0,0,0,0,-1,9,1
13227,73.97626854,15.23244035,1,3,4,1,4,18:25,19,E09000006,6,0,6,30,6,4,6,0,0,0,1,1,1,0,0,1,1,E01000663,25-05-2018,1,1,1,1,50,8,3,0,0,0,0,-1,3,1
13228,73.95358273,15.22259598,1,3,1,1,3,16:39,19,E09000006,5,0,6,30,3,4,5,0,0,0,1,1,1,0,0,2,1,E01000751,24-05-2018,1,1,1,1,42,7,3,0,0,0,0,-1,5,1
13229,74.13880416,15.3014694,1,3,3,1,7,20:30,19,E09000006,4,263,6,30,3,4,6,0,0,0,1,1,1,0,0,1,1,E01000691,28-05-2018,2,1,1,1,27,6,3,0,0,0,0,-1,1,-1
13230,73.996296,15.28333902,1,3,2,1,6,11:15,20,E09000008,3,212,6,30,3,4,6,0,0,0,1,1,1,0,0,1,2,E01001137,15-04-2018,2,1,1,1,44,7,3,0,0,0,0,-1,1,1
13231,73.96966651,15.34375022,1,2,1,2,2,21:56,19,E09000006,3,234,6,30,3,2,5,0,0,5,4,1,1,0,0,1,1,E01000797,06-06-2018,1,1,1,1,22,5,3,0,0,0,0,-1,3,1
13232,74.01270737,15.18517258,1,3,2,1,2,10:30,19,E09000006,6,0,6,30,3,4,3,232,0,0,1,1,1,0,0,1,1,E01000756,23-05-2018,2,1,1,1,12,3,3,0,0,0,0,-1,1,-1
13233,73.98758433,15.20061074,1,2,3,1,7,11:15,19,E09000006,3,21,6,30,8,4,6,0,0,0,1,1,1,0,0,1,1,E01000667,28-05-2018,2,1,1,1,30,6,3,0,0,0,0,-1,1,1
13234,74.02944153,15.36095141,1,3,1,1,1,15:05,19,E09000006,3,232,6,30,0,-1,-1,0,0,5,1,1,1,0,0,1,1,E01000756,05-06-2018,3,1,1,2,42,7,3,0,0,0,0,-1,9,-1
13235,74.13337696,15.17642432,1,3,1,1,5,09:52,19,E09000006,3,222,6,30,6,2,3,222,0,5,1,1,1,0,0,1,1,E01000715,02-06-2018,2,1,1,1,30,6,3,0,0,0,0,-1,1,1
13236,74.00229431,15.26380114,1,3,2,3,6,18:25,19,E09000006,4,265,6,30,3,4,6,0,0,0,1,2,2,0,0,1,1,E01000666,03-06-2018,1,1,3,1,33,6,3,4,1,0,0,-1,0,-1
13237,74.14379788,15.35157432,1,3,2,1,1,10:40,19,E09000006,3,223,6,30,3,4,6,0,0,4,1,1,1,0,0,1,1,E01000790,08-05-2018,2,1,1,1,22,5,3,0,0,0,0,-1,1,1
13238,74.02343354,15.32429324,1,3,2,1,1,15:30,19,E09000006,5,0,6,30,2,4,3,208,0,0,1,1,1,0,0,1,2,E01000808,12-06-2018,2,1,1,1,35,6,3,0,0,0,0,-1,9,-1
13239,74.00286461,15.36051453,1,3,2,2,1,18:15,19,E09000006,4,251,6,30,6,2,5,0,0,0,1,1,1,0,0,1,1,E01000833,05-06-2018,2,1,1,1,32,6,3,0,0,0,0,-1,1,1
13240,74.10764822,15.31368697,1,3,1,1,6,14:50,19,E09000006,3,234,6,30,0,-1,-1,0,0,0,1,1,1,0,0,1,2,E01000799,27-05-2018,1,1,1,1,80,11,3,0,0,0,0,-1,9,1
13241,73.99496852,15.340599,1,3,2,1,3,12:10,19,E09000006,3,214,6,30,6,2,5,0,0,5,1,1,1,0,0,1,1,E01000835,31-05-2018,1,1,1,1,49,8,3,0,0,0,0,-1,1,1
13242,73.97540678,15.17469072,1,3,2,1,6,20:00,19,E09000006,6,0,6,30,0,-1,-1,0,0,0,4,1,1,0,0,1,2,E01000727,03-06-2018,1,1,3,2,18,4,3,5,1,0,0,-1,0,-1
13243,74.10920494,15.33496076,1,3,2,1,2,19:20,19,E09000006,5,0,6,30,8,4,6,0,0,0,1,1,1,0,0,1,1,E01000781,13-06-2018,1,1,1,1,32,6,3,0,0,0,0,-1,9,-1
13244,73.99588211,15.32578492,1,3,2,1,3,06:00,19,E09000006,3,222,6,30,7,2,3,214,0,5,1,1,1,0,0,1,2,E01000776,31-05-2018,1,1,1,1,36,7,3,0,0,0,0,-1,4,-1
13245,74.00381496,15.28499994,1,2,1,1,4,19:00,19,E09000006,3,233,6,30,3,4,6,0,0,0,1,1,1,0,0,1,1,E01000666,08-06-2018,1,1,3,2,6,2,3,5,3,0,0,-1,0,1
13246,74.08690181,15.25923004,1,3,3,1,1,03:45,19,E09000006,6,0,6,30,0,-1,-1,0,0,0,4,1,1,0,0,1,1,E01000737,08-05-2018,1,1,3,2,19,4,2,4,2,0,0,-1,0,-1
13247,74.02378526,15.34317885,1,3,2,1,6,19:00,19,E09000006,5,0,6,30,3,4,6,0,0,0,1,1,1,0,0,1,2,E01000841,17-06-2018,1,1,2,2,59,9,3,0,0,1,0,-1,9,1
13248,74.03985527,15.24952366,1,3,1,1,6,08:38,19,E09000006,5,0,6,30,0,-1,-1,0,0,5,1,1,1,0,0,1,2,E01000675,17-06-2018,2,1,1,2,25,5,3,0,0,0,0,-1,1,1
13249,74.13799642,15.26895754,1,3,2,1,5,15:45,19,E09000006,3,214,6,30,0,-1,-1,0,0,0,1,1,1,0,0,1,2,E01000837,16-06-2018,2,1,1,1,37,7,3,0,0,0,0,-1,1,1
13250,74.14460056,15.31620101,1,3,1,1,2,13:30,19,E09000006,5,0,6,30,0,-1,-1,0,0,0,1,1,1,0,0,1,2,E01000722,20-06-2018,2,1,1,1,47,8,3,0,0,0,0,-1,5,1
13251,74.11933719,15.1862764,1,3,2,3,4,14:00,19,E09000006,3,233,6,30,0,-1,-1,0,0,0,1,1,1,0,0,1,1,E01000748,15-06-2018,1,1,3,2,30,6,3,5,1,0,0,-1,0,1
13252,74.0123901,15.30899459,1,3,2,2,3,09:00,19,E09000006,6,0,6,30,0,-1,-1,0,0,0,1,1,1,0,0,1,1,E01000657,14-06-2018,1,1,1,1,-1,-1,3,0,0,0,0,-1,9,-1
13253,74.11844015,15.19246792,1,3,2,2,1,19:30,19,E09000006,3,233,6,30,0,-1,-1,0,0,0,1,1,1,0,0,1,2,E01000747,19-06-2018,1,1,1,2,20,4,3,0,0,0,0,-1,9,1
13254,73.99941314,15.34517177,1,3,1,1,7,17:25,19,E09000006,6,0,6,30,0,-1,-1,0,0,0,1,1,1,0,0,1,1,E01000771,11-06-2018,2,1,2,1,6,2,3,0,0,0,4,-1,11,1
13255,74.07799953,15.19553094,1,3,1,1,7,18:57,19,E09000006,3,224,6,30,3,4,6,0,0,1,1,1,1,0,0,1,1,E01000738,07-05-2018,2,2,2,2,24,5,3,0,0,0,4,-1,11,1
13256,73.94975596,15.30081201,1,3,2,1,4,19:20,19,E09000006,5,0,6,30,3,4,6,0,0,0,1,1,1,0,0,1,1,E01000722,15-06-2018,2,1,2,1,18,4,3,0,0,2,0,-1,9,1
13257,74.09699804,15.33272843,1,3,2,1,4,20:20,19,E09000006,3,232,6,30,6,4,6,0,0,0,4,1,1,0,0,1,1,E01000788,15-06-2018,2,1,1,1,41,7,3,0,0,0,0,-1,4,1
13258,74.14497464,15.32482028,1,3,2,1,6,16:20,19,E09000006,3,21,3,40,0,-1,-1,0,0,0,1,1,1,0,0,1,1,E01000752,17-06-2018,2,1,1,1,27,6,3,0,0,0,0,-1,1,1
13259,74.00037221,15.29522554,1,3,3,1,2,07:32,19,E09000006,3,224,6,30,6,2,5,0,0,5,1,1,1,0,0,1,1,E01000730,13-06-2018,1,1,3,1,14,3,3,5,1,0,0,-1,0,-1
13260,74.13578238,15.23063701,1,3,1,1,3,14:05,19,E09000006,6,0,6,30,0,-1,-1,0,0,0,1,1,1,0,0,1,1,E01000737,14-06-2018,1,1,1,2,45,7,3,0,0,0,0,-1,9,1
13261,74.12153398,15.28544553,1,3,1,1,1,01:10,19,E09000006,3,213,6,30,0,-1,-1,0,0,0,4,1,1,0,0,1,1,E01000798,05-06-2018,2,1,1,1,23,5,3,0,0,0,0,-1,1,1
13262,74.04623257,15.22000136,1,2,1,1,7,19:22,19,E09000006,1,25,1,50,1,4,6,0,0,0,1,1,1,0,0,2,1,E01000680,14-05-2018,1,1,3,1,25,5,3,1,1,0,0,-1,0,-1
13263,73.98190901,15.36145838,1,3,2,1,1,15:45,19,E09000006,3,222,6,30,3,4,5,0,0,0,1,1,1,0,0,1,1,E01000774,12-06-2018,2,1,1,2,19,4,3,0,0,0,0,-1,9,1
13264,74.15000164,15.3174928,1,2,1,1,2,20:00,19,E09000006,6,0,6,30,3,4,6,0,0,0,1,1,1,0,0,1,1,E01000735,13-06-2018,2,2,2,1,21,5,3,0,0,1,0,-1,9,1
13265,74.12607491,15.31356478,1,2,2,1,2,07:56,19,E09000006,3,224,6,30,6,4,6,0,0,0,1,2,2,0,0,2,1,E01000680,20-06-2018,1,1,1,1,44,7,3,0,0,0,0,-1,9,1
13266,74.08686781,15.35938653,1,3,1,3,3,22:15,19,E09000006,6,0,6,30,0,-1,-1,0,0,0,4,1,1,0,0,1,1,E01000794,14-06-2018,1,1,1,2,26,6,3,0,0,0,0,-1,1,1
13267,74.06674512,15.18863558,1,3,2,1,4,14:30,19,E09000006,3,222,6,30,0,-1,-1,0,0,0,1,1,1,0,0,1,1,E01000714,08-06-2018,1,1,3,1,-1,-1,3,4,1,0,0,-1,0,-1
13268,74.1405466,15.33264544,1,3,2,1,5,17:40,19,E09000006,3,232,6,30,6,4,6,0,0,0,1,1,1,0,0,1,2,E01000760,23-06-2018,2,1,1,1,-1,-1,3,0,0,0,0,-1,19,1
13269,74.03827014,15.36447383,1,3,2,1,2,16:08,19,E09000006,3,208,6,30,3,4,6,0,0,0,1,1,1,0,0,1,1,E01000691,20-06-2018,1,1,3,1,21,5,3,1,1,0,0,-1,0,1
13270,74.00865943,15.23538719,1,3,2,1,1,02:55,19,E09000006,5,0,1,30,1,4,6,0,0,0,4,1,1,0,0,1,2,E01000651,26-06-2018,2,1,1,1,44,7,2,0,0,0,0,-1,3,1
13271,73.9621714,15.31741933,1,3,1,1,4,15:29,19,E09000006,3,232,6,30,6,2,3,233,0,5,1,1,1,0,0,1,1,E01000666,08-06-2018,1,1,1,1,37,7,3,0,0,0,0,-1,5,-1
13272,74.0794923,15.20413343,1,3,2,1,2,20:20,19,E09000006,3,21,6,30,3,4,6,0,0,0,1,1,1,0,0,1,2,E01000668,20-06-2018,1,1,1,1,48,8,3,0,0,0,0,-1,9,1
13273,74.01572,15.20449778,1,2,1,1,2,16:27,19,E09000006,3,213,6,30,3,4,6,0,0,1,1,1,1,0,0,1,1,E01000800,13-06-2018,1,1,1,1,48,8,3,0,0,0,0,-1,5,1
13274,74.09573011,15.28450959,1,3,2,1,6,20:30,19,E09000006,3,21,6,30,0,-1,-1,0,0,0,1,1,1,0,0,1,2,E01000749,17-06-2018,1,1,1,1,35,6,3,0,0,0,0,-1,3,1
13275,73.96183362,15.18582829,1,3,2,1,5,19:02,19,E09000006,3,222,6,30,3,4,6,0,0,8,1,1,1,0,0,1,1,E01000649,16-06-2018,1,1,1,1,39,7,3,0,0,0,0,-1,1,1
13276,74.09271196,15.29533932,1,2,2,1,6,16:10,19,E09000006,6,0,6,30,3,4,6,0,0,0,1,1,1,0,0,1,1,E01000796,10-06-2018,1,1,2,1,-1,-1,2,0,0,0,4,-1,11,1
13277,74.13451966,15.3078216,1,2,1,1,4,14:11,19,E09000006,3,214,6,30,0,-1,-1,0,0,4,1,1,1,0,0,1,1,E01000835,22-06-2018,1,1,2,2,-1,-1,3,0,0,0,4,-1,11,-1
13278,74.04484392,15.25047345,1,3,2,1,2,00:35,19,E09000006,3,233,6,30,3,4,6,0,0,0,4,2,2,0,0,1,1,E01000747,06-06-2018,1,1,1,1,19,4,3,0,0,0,0,-1,9,1
13279,74.03078859,15.20693572,1,3,2,3,6,14:15,19,E09000006,3,222,6,30,0,-1,-1,0,0,0,1,1,1,0,0,1,1,E01000676,27-05-2018,1,1,1,1,35,6,3,0,0,0,0,-1,9,1
13280,74.0273396,15.34104176,1,2,2,2,7,09:25,19,E09000006,6,0,6,30,8,4,6,0,0,0,1,1,1,0,0,1,1,E01000838,18-06-2018,2,1,1,1,-1,-1,3,0,0,0,0,-1,2,1
13281,73.96926132,15.27061165,1,3,1,2,7,12:30,19,E09000006,6,0,6,30,0,-1,-1,0,0,0,1,2,2,0,0,2,1,E01000747,25-06-2018,1,1,3,1,9,2,3,5,4,0,0,-1,0,1
13282,74.07214316,15.23181242,1,3,2,1,3,12:25,19,E09000006,4,265,6,30,3,2,3,21,0,5,1,1,1,0,0,1,2,E01000671,28-06-2018,2,1,1,2,-1,-1,3,0,0,0,0,-1,5,1
13283,74.12918589,15.26876474,1,2,1,1,7,01:45,19,E09000006,3,222,6,30,6,4,6,0,0,0,4,1,1,0,0,1,1,E01000649,25-06-2018,1,1,2,1,-1,-1,3,0,0,0,4,-1,11,-1
13284,74.11178832,15.21558569,1,3,2,1,2,17:30,19,E09000006,6,0,6,30,6,4,6,0,0,0,1,1,1,0,0,1,1,E01000668,06-06-2018,1,1,2,1,-1,-1,3,0,0,0,0,-1,19,-1
13285,74.05025461,15.32473878,1,2,2,2,6,19:25,19,E09000006,3,233,6,30,0,-1,-1,0,0,0,1,2,2,0,0,2,1,E01000666,24-06-2018,1,2,2,1,-1,-1,3,0,0,0,0,-1,19,-1
13286,74.14901931,15.31964274,1,3,1,1,5,12:02,19,E09000006,6,0,6,30,6,4,6,0,0,0,1,1,1,0,0,1,1,E01000736,23-06-2018,1,1,3,2,17,4,3,5,1,0,0,-1,0,1
13287,74.10647826,15.22522516,1,3,3,1,2,12:10,19,E09000006,6,0,6,30,0,-1,-1,0,0,0,1,1,1,0,0,1,1,E01000658,27-06-2018,2,1,1,1,18,4,2,0,0,0,0,-1,1,1
13288,74.11125612,15.33609117,1,3,2,1,7,20:20,19,E09000006,3,234,6,30,3,4,6,0,0,0,1,1,1,0,0,1,1,E01000799,25-06-2018,1,1,3,2,19,4,3,4,4,0,0,-1,0,-1
13289,74.11759122,15.30569555,1,3,2,1,6,08:00,19,E09000006,6,0,6,30,0,-1,-1,0,0,0,1,1,1,0,0,1,1,E01000782,01-07-2018,1,1,1,1,35,6,3,0,0,0,0,-1,5,1
13290,74.05768522,15.27266608,1,3,2,1,4,07:51,19,E09000006,3,213,6,30,3,4,6,0,0,0,1,1,1,0,0,1,1,E01000805,29-06-2018,1,1,2,1,25,5,3,0,0,1,0,-1,9,1
13291,74.04105466,15.24178667,1,2,2,1,5,21:05,19,E09000006,6,0,6,30,3,4,6,0,0,0,1,1,1,0,0,1,1,E01000733,09-06-2018,1,1,2,2,34,6,3,0,0,0,3,-1,11,1
13292,74.09333542,15.35450398,1,3,3,1,4,07:25,19,E09000006,3,222,6,30,3,2,5,0,0,0,1,1,1,0,0,1,1,E01000717,29-06-2018,1,2,2,2,11,3,3,0,0,0,4,-1,11,1
13293,74.06078008,15.2532819,1,3,2,1,6,15:02,19,E09000006,3,233,6,30,3,4,4,265,0,0,1,1,2,0,0,2,1,E01000666,24-06-2018,1,1,1,1,65,9,3,0,0,0,0,-1,1,1
13294,73.98716103,15.21325769,1,3,2,2,5,07:52,19,E09000006,6,0,6,30,0,-1,-1,0,0,0,1,2,2,0,0,1,1,E01000676,30-06-2018,1,1,1,1,54,8,3,0,0,0,0,-1,4,-1
13295,74.11714453,15.36005855,1,3,1,1,4,13:35,19,E09000006,5,0,6,30,3,2,5,0,0,5,1,1,1,6,0,1,1,E01000675,29-06-2018,1,1,3,2,9,2,3,5,1,0,0,-1,0,1
13296,74.14610812,15.26954264,1,3,2,1,2,08:30,19,E09000006,5,0,6,30,8,4,6,0,0,0,1,1,1,0,0,1,1,E01000663,27-06-2018,1,1,3,1,12,3,3,5,1,0,0,-1,0,1
13297,73.98503,15.2078145,1,3,2,1,7,13:00,19,E09000006,3,223,6,30,3,4,6,0,0,0,1,1,1,0,0,1,2,E01000790,09-07-2018,2,1,1,1,34,6,3,0,0,0,0,-1,1,1
13298,73.98312362,15.33027042,1,3,1,1,4,08:20,19,E09000006,3,21,6,30,0,-1,-1,0,0,0,1,1,1,0,0,1,2,E01000751,29-06-2018,1,1,1,1,24,5,3,0,0,0,0,-1,5,1
13299,74.14854736,15.30840781,1,3,2,1,3,20:30,19,E09000006,6,0,6,30,0,-1,-1,0,0,0,5,1,1,0,0,1,1,E01000703,05-07-2018,2,1,1,1,14,3,3,0,0,0,0,-1,1,1