Accident_Index,longitude,latitude,Police_Force,Accident_Severity,Number_of_Vehicles,Number_of_Casualties,Day_of_Week,Time,Local_Authority_(District),Local_Authority_(Highway),1st_Road_Class,1st_Road_Number,Road_Type,Speed_limit,Junction_Detail,Junction_Control,2nd_Road_Class,2nd_Road_Number,Pedestrian_Crossing-Human_Control,Pedestrian_Crossing-Physical_Facilities,Light_Conditions,Weather_Conditions,Road_Surface_Conditions,Special_Conditions_at_Site,Carriageway_Hazards,Urban_or_Rural_Area,Did_Police_Officer_Attend_Scene_of_Accident,LSOA_of_Accident_Location,Date,Vehicle_Reference,Casualty_Reference,Casualty_Class,Sex_of_Casualty,Age_of_Casualty,Age_Band_of_Casualty,Casualty_Severity,Pedestrian_Location,Pedestrian_Movement,Car_Passenger,Bus_or_Coach_Passenger,Pedestrian_Road_Maintenance_Worker,Casualty_Type,Casualty_Home_Area_Type
13542,74.04732459,15.30067602,1,2,2,1,5,12:02,19,E09000006,4,230,6,30,0,-1,-1,0,0,0,1,5,2,0,0,1,1,E01000770,03-11-2018,2,1,1,1,57,9,3,0,0,0,0,-1,9,1
13543,74.13130421,15.27605372,1,3,3,2,3,12:45,19,E09000006,6,0,6,30,7,4,3,2015,0,0,1,1,1,0,0,1,1,E01000710,01-11-2018,2,1,1,1,29,6,3,0,0,0,0,-1,1,1
13544,73.9859475,15.34762006,1,2,3,1,2,14:42,20,E09000008,6,0,6,30,0,-1,-1,0,0,0,1,2,2,0,0,2,1,E01001081,31-10-2018,1,1,3,1,36,7,3,4,1,0,0,-1,0,1
13545,73.9944027,15.29223857,1,3,2,1,1,08:50,19,E09000006,3,233,3,40,3,4,6,0,0,0,1,1,2,0,0,1,1,E01000656,30-10-2018,1,1,3,1,12,3,2,10,9,0,0,-1,0,1
13546,74.02703638,15.29768914,1,3,2,1,5,21:50,19,E09000006,5,0,6,30,6,4,5,0,0,0,4,1,1,0,0,1,1,E01000810,22-09-2018,1,1,1,1,48,8,3,0,0,0,0,-1,3,1
13547,73.94860757,15.25696205,1,3,2,1,6,14:10,19,E09000006,3,232,6,30,6,4,6,0,0,0,1,1,1,0,0,1,1,E01000788,21-10-2018,2,1,1,1,-1,-1,3,0,0,0,0,-1,1,1
13548,73.95384382,15.1904453,1,3,1,1,5,13:20,19,E09000006,3,222,6,30,0,-1,-1,0,0,0,1,1,1,0,0,1,2,E01000677,06-10-2018,1,1,3,1,11,3,3,5,1,0,0,-1,0,1
13549,74.01378632,15.28737035,1,3,2,1,6,12:00,19,E09000006,3,21,6,30,3,4,6,0,0,0,1,1,1,0,0,1,2,E01000676,04-11-2018,1,1,2,2,3,1,3,0,0,0,4,-1,11,-1
13550,73.9621385,15.22356169,1,3,2,1,7,02:40,19,E09000006,3,21,6,30,6,2,3,2212,0,5,4,1,2,0,0,1,1,E01000676,22-10-2018,1,1,1,2,71,10,2,0,0,0,0,-1,9,1
13551,74.10077828,15.25574297,1,3,1,1,6,17:30,19,E09000006,3,222,6,30,6,2,3,222,0,5,4,1,1,0,0,1,2,E01000714,04-11-2018,2,2,1,2,23,5,2,0,0,0,0,-1,9,1
13552,74.00421487,15.18620777,1,2,1,1,3,14:22,19,E09000006,3,234,6,30,3,4,6,0,0,0,1,1,1,0,0,1,1,E01000703,01-11-2018,2,1,1,2,-1,-1,2,0,0,0,0,-1,9,-1
13553,74.02638598,15.2080135,1,2,2,1,5,12:39,19,E09000006,4,228,6,30,3,4,4,2212,0,0,1,2,2,0,0,1,1,E01000829,03-11-2018,1,1,1,1,26,6,3,0,0,0,0,-1,5,1
13554,73.96641524,15.29199333,1,3,2,1,1,07:40,19,E09000006,3,222,6,30,3,2,3,214,0,5,1,2,2,0,0,1,2,E01000776,06-11-2018,1,2,2,2,26,6,3,0,0,0,0,-1,5,1
13555,74.02400112,15.2648786,1,3,2,1,2,13:45,19,E09000006,3,21,6,30,3,2,3,222,0,5,1,1,1,0,0,1,1,E01000676,07-11-2018,1,1,1,1,35,6,3,0,0,0,0,-1,9,-1
13556,73.96252477,15.2988205,1,3,2,2,6,20:06,19,E09000006,4,2158,6,30,3,4,3,223,0,0,4,1,1,0,0,1,1,E01000686,04-11-2018,2,1,1,1,39,7,2,0,0,0,0,-1,9,1
13557,74.06272814,15.30350194,1,3,1,1,2,08:15,19,E09000006,3,234,6,30,3,4,6,0,0,4,1,1,1,0,0,1,1,E01000806,07-11-2018,1,1,1,1,28,6,3,0,0,0,0,-1,20,1
13558,74.05213254,15.25499927,1,3,2,1,7,08:02,19,E09000006,3,21,6,30,0,-1,-1,0,0,0,1,1,1,0,0,1,1,E01000749,05-11-2018,1,1,1,1,38,7,3,0,0,0,0,-1,5,1
13559,74.12195171,15.24782993,1,3,2,1,1,11:45,19,E09000006,4,2158,1,30,2,4,5,0,0,0,1,1,1,0,0,1,1,E01000752,09-10-2018,1,1,1,1,36,7,3,0,0,0,0,-1,3,1
13560,73.99584985,15.29561645,1,3,2,2,3,10:25,19,E09000006,6,0,6,30,3,4,6,0,0,0,1,1,1,0,0,1,1,E01000685,08-11-2018,1,1,3,1,19,4,3,4,1,0,0,-1,0,1
13561,74.03843139,15.22167332,1,3,2,1,1,18:39,19,E09000006,3,234,6,30,3,4,6,0,0,0,4,1,1,0,0,1,1,E01000745,30-10-2018,1,1,1,1,24,5,3,0,0,0,0,-1,5,1
13562,74.03718529,15.25592511,1,3,2,1,3,09:45,19,E09000006,3,21,6,30,3,4,3,21,0,0,1,1,1,0,0,1,1,E01000821,25-10-2018,1,2,3,1,56,9,3,5,3,0,0,-1,0,1
13563,74.12578598,15.28303462,1,3,1,1,3,07:00,19,E09000006,3,2015,6,30,3,4,6,0,0,0,1,2,2,0,0,1,1,E01000710,01-11-2018,1,1,2,1,54,8,3,0,0,1,0,-1,9,-1
13564,74.04999956,15.34799281,1,3,2,1,5,11:51,19,E09000006,5,0,6,30,3,4,6,0,0,0,1,1,2,0,0,1,1,E01000822,10-11-2018,1,1,1,1,45,7,3,0,0,0,0,-1,5,1
13565,73.98558167,15.29299622,1,3,1,1,5,10:20,19,E09000006,3,214,6,30,3,4,5,0,0,0,1,1,1,0,0,1,1,E01000777,10-11-2018,1,1,3,2,18,4,3,1,3,0,0,-1,0,1
13566,74.07804638,15.18158686,1,2,3,1,6,17:40,19,E09000006,3,222,6,30,6,2,3,208,0,5,4,2,2,0,0,1,1,E01000696,11-11-2018,1,1,3,2,24,5,3,4,1,0,0,-1,0,1
13567,74.00842255,15.35082035,1,3,1,1,2,12:55,19,E09000006,6,0,6,30,3,4,6,0,0,0,1,1,1,0,2,1,2,E01000774,14-11-2018,1,1,3,1,-1,-1,3,6,9,0,0,-1,0,-1
13568,74.11798763,15.24583657,1,3,2,2,3,10:13,19,E09000006,3,233,6,30,0,-1,-1,0,0,0,1,2,2,0,0,2,1,E01000666,15-11-2018,2,1,1,1,-1,-1,2,0,0,0,0,-1,4,1
13569,74.05676667,15.18093214,1,2,2,1,5,16:30,19,E09000006,6,0,6,30,3,1,6,0,0,0,1,1,1,0,0,1,1,E01000765,11-08-2018,1,1,2,1,25,5,3,0,0,2,0,-1,8,-1
13570,74.04345942,15.2380835,1,3,2,1,4,02:25,19,E09000006,5,0,6,30,3,4,6,0,0,0,4,1,1,0,0,1,1,E01000651,16-11-2018,1,1,1,1,32,6,3,0,0,0,0,-1,9,1
13571,73.99367339,15.33667896,1,2,3,1,7,17:53,19,E09000006,6,0,6,30,6,4,6,0,0,0,4,1,1,0,0,1,1,E01000711,29-10-2018,1,1,3,2,-1,-1,3,5,1,0,0,-1,0,1
13572,74.03849134,15.23876719,1,3,2,3,3,16:50,19,E09000006,3,224,6,30,6,4,6,0,0,0,4,2,2,0,0,2,1,E01000680,08-11-2018,1,1,1,1,29,6,3,0,0,0,0,-1,1,1
13573,74.12945583,15.34273581,1,3,2,1,1,12:30,19,E09000006,6,0,6,30,0,-1,-1,0,0,0,1,1,1,0,0,1,2,E01000691,13-11-2018,1,1,1,1,34,6,3,0,0,0,0,-1,1,1
13574,73.96699335,15.30472845,1,3,2,1,1,16:55,19,E09000006,6,0,6,30,3,4,6,0,0,0,4,1,1,0,0,1,1,E01000829,20-11-2018,2,1,1,1,38,7,3,0,0,0,0,-1,1,-1
13575,74.10666466,15.18208573,1,3,2,2,7,18:06,19,E09000006,5,0,6,30,3,4,6,0,0,0,4,1,1,0,0,1,1,E01000774,05-11-2018,1,1,3,1,26,6,3,5,1,0,0,-1,0,1
13576,74.11812166,15.29165918,1,3,2,1,7,08:05,19,E09000006,3,234,6,30,3,4,6,0,0,4,1,1,1,0,0,1,1,E01000703,05-11-2018,1,1,1,2,28,6,3,0,0,0,0,-1,9,1
13577,74.06351007,15.21872788,1,3,3,2,3,17:30,19,E09000006,3,21,6,30,0,-1,-1,0,0,0,4,1,1,0,0,1,2,E01000671,22-11-2018,1,1,1,1,31,6,3,0,0,0,0,-1,9,1
13578,74.02921401,15.18774912,1,3,1,1,4,15:00,19,E09000006,6,0,6,30,0,-1,-1,0,0,0,1,1,1,0,0,1,1,E01000676,16-11-2018,1,1,1,1,54,8,3,0,0,0,0,-1,9,1
13579,74.06333868,15.32166213,1,3,2,2,1,19:01,19,E09000006,3,224,6,50,0,-1,-1,0,0,0,4,1,1,0,0,1,1,E01000793,13-11-2018,2,2,1,1,46,8,3,0,0,0,0,-1,9,-1
13580,74.1069462,15.20713394,1,3,1,1,4,15:15,19,E09000006,6,0,6,30,0,-1,-1,0,0,0,1,1,1,0,0,1,2,E01000660,23-11-2018,2,1,1,1,76,11,3,0,0,0,0,-1,9,1
13581,74.06896922,15.32471846,1,3,2,1,5,05:40,19,E09000006,3,21,3,30,5,4,6,0,0,0,4,1,4,0,0,1,1,E01000756,17-11-2018,1,1,1,1,20,4,3,0,0,0,0,-1,3,1
13582,73.99185973,15.18221403,1,3,2,1,2,09:20,19,E09000006,3,208,1,30,1,4,5,0,0,0,1,1,1,0,0,1,1,E01000734,14-11-2018,1,1,2,2,20,4,3,0,0,1,0,-1,9,1
13583,73.9915418,15.31738348,1,3,2,2,6,17:40,19,E09000006,3,213,6,30,3,4,6,0,0,0,4,1,1,0,0,1,2,E01000805,25-11-2018,1,1,2,1,85,11,3,0,0,0,2,-1,11,1
13584,74.13056026,15.28273978,1,3,2,1,5,17:20,19,E09000006,3,222,6,30,3,4,6,0,0,0,1,2,2,0,0,1,2,E01000825,24-11-2018,1,1,1,2,38,7,3,0,0,0,0,-1,9,1
13585,74.0116628,15.24788524,1,3,2,1,2,08:30,19,E09000006,5,0,6,30,3,4,6,0,0,0,1,1,1,0,0,1,2,E01000662,14-11-2018,1,1,2,2,25,5,3,0,0,0,4,-1,11,1
13586,73.98656028,15.35286777,1,3,3,1,2,17:13,19,E09000006,3,224,6,30,8,4,6,0,0,0,4,1,1,0,0,1,1,E01000722,14-11-2018,1,2,2,2,32,6,3,0,0,0,4,-1,11,1
13587,73.9742416,15.24249098,1,3,3,1,3,08:55,9,E09000022,3,205,6,30,0,-1,-1,0,0,0,1,1,1,0,0,1,2,E01003133,22-11-2018,1,3,2,2,6,2,3,0,0,0,4,-1,11,1
13588,73.9628505,15.26025611,1,3,2,1,5,21:20,19,E09000006,6,0,6,30,0,-1,-1,0,0,0,4,1,2,0,0,1,2,E01000798,24-11-2018,1,1,1,2,57,9,3,0,0,0,0,-1,9,1
13589,74.05329488,15.23141355,1,3,2,1,3,10:15,19,E09000006,6,0,6,30,0,-1,-1,0,0,0,1,1,1,0,0,1,1,E01000715,08-11-2018,2,1,1,2,35,6,3,0,0,0,0,-1,1,1
13590,73.96549216,15.34181229,1,3,1,2,1,15:25,19,E09000006,5,0,6,30,0,-1,-1,0,0,0,1,1,1,0,0,1,1,E01000645,20-11-2018,2,1,1,1,24,5,3,0,0,0,0,-1,1,1
13591,74.00506762,15.22447541,1,3,2,1,7,17:45,19,E09000006,3,232,6,30,3,4,6,0,0,0,1,8,4,0,0,1,1,E01000754,19-11-2018,1,1,3,1,6,2,3,5,1,0,0,-1,0,1
13592,74.05601226,15.24395553,1,3,1,1,6,14:47,19,E09000006,4,265,6,30,3,4,6,0,0,0,1,8,1,4,2,1,1,E01000679,18-11-2018,1,1,3,2,55,8,3,5,1,0,0,-1,0,1
13593,74.08476269,15.34712011,1,3,2,1,5,12:39,19,E09000006,6,0,6,30,6,4,6,0,0,0,1,1,2,0,0,1,1,E01000758,24-11-2018,1,1,2,2,30,6,3,0,0,0,3,-1,11,-1
13594,73.98230594,15.33514861,1,2,2,2,7,13:47,19,E09000006,3,21,3,30,3,2,5,0,0,5,1,8,2,0,0,1,1,E01000675,26-11-2018,1,1,3,2,45,7,3,5,1,0,0,-1,0,1
13595,74.00741138,15.35381817,1,3,2,1,6,10:44,19,E09000006,4,265,6,40,6,2,3,232,0,0,1,1,2,0,0,2,1,E01000759,18-11-2018,1,1,1,1,27,6,3,0,0,0,0,-1,9,1
13596,74.06257822,15.24131204,1,3,1,1,5,20:10,7,E09000023,3,2015,6,30,0,-1,-1,0,0,0,4,9,1,0,0,1,2,E01000718,17-11-2018,1,1,3,2,11,3,2,4,4,0,0,-1,0,1
13597,73.96021565,15.18454747,1,3,2,1,2,07:45,18,E09000004,3,222,6,30,0,-1,-1,0,0,0,1,1,1,0,0,1,3,E01000428,21-11-2018,1,1,3,2,-1,-1,3,5,4,0,0,-1,0,-1
13598,74.07753722,15.30862077,1,3,1,1,3,10:16,19,E09000006,3,2022,1,30,1,4,5,0,0,0,1,1,1,0,0,1,1,E01000760,08-11-2018,1,1,1,1,38,7,3,0,0,0,0,-1,9,1
13599,73.99623399,15.31824937,1,3,3,1,5,18:40,19,E09000006,4,251,6,30,7,4,5,0,0,0,1,1,1,0,0,1,2,E01000830,24-11-2018,1,1,1,2,41,7,2,0,0,0,0,-1,11,1
13600,74.03938697,15.29242721,1,3,2,1,5,20:11,19,E09000006,6,0,6,30,0,-1,-1,0,0,0,4,1,1,0,0,2,1,E01000656,10-11-2018,1,2,3,1,45,7,2,5,1,0,0,-1,0,-1
13601,74.02640604,15.34344943,1,2,2,1,4,15:33,19,E09000006,3,224,6,30,0,-1,-1,0,0,0,1,2,2,0,0,1,1,E01000722,23-11-2018,1,1,1,1,32,6,3,0,0,0,0,-1,5,1
13602,74.09041761,15.18188749,1,3,2,1,5,07:43,19,E09000006,4,251,6,30,7,4,4,251,0,8,1,1,2,0,0,1,1,E01000717,24-11-2018,1,1,1,1,19,4,3,0,0,0,0,-1,3,1
13603,74.0984951,15.20383861,1,3,1,1,5,16:45,19,E09000006,6,0,6,30,0,-1,-1,0,0,0,1,9,1,0,0,1,2,E01000685,17-11-2018,1,1,1,2,31,6,3,0,0,0,0,-1,9,1
13604,74.0002956,15.21587358,1,2,1,1,2,15:00,19,E09000006,5,0,6,30,0,-1,-1,0,0,0,1,1,1,0,0,1,2,E01000748,14-11-2018,2,1,1,1,48,8,3,0,0,0,0,-1,1,1
13605,74.0034673,15.28922011,1,2,1,1,1,17:28,19,E09000006,3,214,6,30,0,-1,-1,0,0,4,4,1,2,0,0,1,1,E01000746,27-11-2018,2,1,1,2,23,5,3,0,0,0,0,-1,9,1
13606,74.07958802,15.20454877,1,3,1,1,2,14:30,19,E09000006,5,0,6,30,3,4,6,0,0,0,1,1,1,0,0,1,1,E01000758,28-11-2018,1,1,3,1,35,6,3,5,3,0,0,-1,0,1
13607,74.07891676,15.30769388,1,3,1,1,7,08:38,19,E09000006,3,2022,6,30,3,4,6,0,0,0,1,1,2,0,0,1,1,E01000840,26-11-2018,1,1,2,2,31,6,3,0,0,2,0,-1,9,1
13608,74.04737206,15.22572122,1,2,2,1,1,13:13,19,E09000006,3,2212,6,30,3,4,6,0,0,0,1,1,1,0,0,1,1,E01000819,27-11-2018,1,1,3,2,15,3,3,5,1,0,0,-1,0,1
13609,74.05682283,15.2669547,1,3,1,1,7,17:40,19,E09000006,6,0,6,30,0,-1,-1,0,0,0,1,1,2,6,0,2,1,E01000656,05-11-2018,1,1,1,2,59,9,3,0,0,0,0,-1,9,1
13610,73.95615768,15.19423898,1,3,1,1,3,12:25,19,E09000006,6,0,6,30,0,-1,-1,0,0,0,1,1,1,0,0,1,1,E01000802,29-11-2018,1,1,1,1,34,6,3,0,0,0,0,-1,9,1
13611,73.97381526,15.27774507,1,3,2,1,4,16:45,19,E09000006,3,21,6,30,3,4,6,0,0,0,1,1,2,0,0,2,1,E01000661,30-11-2018,1,1,3,1,67,10,3,5,1,0,0,-1,0,1
13612,73.98109204,15.32520755,1,3,2,2,2,21:47,19,E09000006,6,0,6,30,0,-1,-1,0,0,0,4,2,2,0,0,2,1,E01000698,24-10-2018,1,1,1,1,25,5,3,0,0,0,0,-1,9,-1
13613,74.10191114,15.2629651,1,3,2,1,5,08:19,19,E09000006,3,233,6,30,0,-1,-1,0,0,0,1,2,2,0,0,2,1,E01000666,03-11-2018,2,1,3,1,71,10,3,10,1,0,0,-1,0,1
13614,74.03780284,15.24886359,1,3,1,1,3,15:38,19,E09000006,3,21,6,30,0,-1,-1,0,0,0,1,1,1,0,0,2,1,E01000661,29-11-2018,1,1,1,1,17,4,3,0,0,0,0,-1,3,1
13615,74.05333361,15.27800445,1,3,3,1,4,13:15,19,E09000006,5,0,6,30,3,4,6,0,0,0,1,1,1,0,0,1,2,E01000744,30-11-2018,1,1,1,1,20,4,3,0,0,0,0,-1,19,1
13616,74.12288403,15.20172635,1,3,2,1,2,08:54,19,E09000006,3,223,1,30,2,4,6,0,0,0,1,1,1,0,0,1,1,E01000790,28-11-2018,2,2,1,1,24,5,3,0,0,0,0,-1,9,1
13617,73.98819734,15.22113779,1,3,1,1,6,14:20,19,E09000006,3,223,6,30,0,-1,-1,0,0,4,1,1,1,0,0,1,2,E01000790,11-11-2018,1,1,1,1,36,7,3,0,0,0,0,-1,9,-1
13618,74.14361297,15.24962581,1,3,2,1,4,20:59,19,E09000006,3,234,6,30,0,-1,-1,0,0,0,4,9,2,0,2,1,1,E01000806,30-11-2018,1,1,1,2,46,8,3,0,0,0,0,-1,9,1
13619,73.98798333,15.20833031,1,3,2,3,1,00:10,19,E09000006,5,0,6,30,0,-1,-1,0,0,0,4,1,1,0,0,1,1,E01000813,18-12-2018,1,1,1,1,35,6,3,0,0,0,0,-1,1,1
13620,73.98230072,15.30185074,1,3,2,1,2,19:40,19,E09000006,6,0,6,30,0,-1,-1,0,0,0,4,1,1,0,0,1,2,E01000792,21-11-2018,2,1,1,2,16,4,3,0,0,0,0,-1,2,1
13621,74.04284415,15.28838724,1,3,2,1,5,19:03,19,E09000006,6,0,6,30,0,-1,-1,0,0,0,4,1,2,0,0,1,2,E01000804,01-12-2018,2,1,1,2,27,6,2,0,0,0,0,-1,1,1
13622,74.01385175,15.35579767,1,3,2,1,7,17:25,19,E09000006,6,0,6,30,0,-1,-1,0,0,0,4,1,2,0,0,1,1,E01000666,03-12-2018,1,1,1,1,69,10,3,0,0,0,0,-1,9,1
13623,74.01288545,15.18759267,1,3,2,1,3,11:22,19,E09000006,6,0,6,30,3,4,6,0,0,0,1,1,2,0,0,1,1,E01000700,06-12-2018,1,1,1,1,46,8,3,0,0,0,0,-1,5,3
13624,73.97041488,15.27254868,1,2,2,1,1,10:00,19,E09000006,5,0,6,30,0,-1,-1,0,0,0,1,1,2,0,0,1,1,E01000769,04-12-2018,1,1,3,2,23,5,2,5,1,0,0,-1,0,-1
13625,73.98209093,15.23003206,1,3,1,1,4,18:00,19,E09000006,3,224,6,30,3,4,6,0,0,0,1,2,2,0,0,1,1,E01000730,24-08-2018,1,1,1,1,27,6,3,0,0,0,0,-1,1,1
13626,73.98267571,15.23115368,1,3,1,1,6,19:30,19,E09000006,3,2212,2,30,1,4,5,0,0,8,7,9,1,0,0,1,1,E01000823,02-12-2018,1,1,1,1,22,5,3,0,0,0,0,-1,1,1
13627,73.97272472,15.27171167,1,3,2,1,5,06:58,19,E09000006,5,0,6,30,0,-1,-1,0,0,0,4,1,2,0,0,1,1,E01000832,01-12-2018,1,1,1,2,48,8,3,0,0,0,0,-1,1,1
13628,74.03844505,15.3450889,1,3,1,1,3,12:00,7,E09000023,3,21,6,30,3,2,3,2015,0,0,1,1,1,0,0,1,1,E01003241,06-12-2018,1,1,3,2,28,6,3,6,9,0,0,-1,0,1
13629,74.07219237,15.17444326,1,3,2,1,6,19:20,19,E09000006,6,0,1,30,1,4,6,0,0,0,4,1,1,0,0,1,1,E01000788,09-12-2018,1,1,1,1,24,5,3,0,0,0,0,-1,3,1
13630,74.11280085,15.36204657,1,3,1,1,5,17:30,19,E09000006,3,208,6,30,3,4,6,0,0,1,7,1,1,0,0,1,2,E01000779,08-12-2018,2,1,1,1,24,5,3,0,0,0,0,-1,5,1
13631,74.0231172,15.33013968,1,2,1,1,7,14:30,19,E09000006,5,0,6,30,3,4,6,0,0,0,1,2,2,0,0,1,1,E01000828,03-12-2018,1,1,1,1,38,7,3,0,0,0,0,-1,9,1
13632,74.06665391,15.22609444,1,3,2,3,7,23:50,19,E09000006,4,251,6,30,6,4,5,0,0,0,5,1,1,0,0,1,1,E01000830,03-12-2018,1,1,1,2,26,6,3,0,0,0,0,-1,9,1
13633,74.13408534,15.31234502,1,3,1,1,1,14:40,19,E09000006,5,0,6,30,8,4,6,0,0,0,1,1,1,6,0,1,1,E01000813,04-12-2018,2,1,1,1,31,6,3,0,0,0,0,-1,5,1
13634,73.95716382,15.3048033,1,3,2,1,3,10:03,19,E09000006,6,0,3,30,3,4,6,0,0,0,1,1,1,0,0,1,1,E01000788,06-12-2018,2,1,1,1,24,5,3,0,0,0,0,-1,1,-1
13635,74.15081189,15.20171274,1,3,2,1,3,12:48,19,E09000006,3,233,1,30,1,4,6,0,0,0,1,1,2,0,0,1,1,E01000656,06-12-2018,1,1,2,1,45,7,3,0,0,0,3,-1,11,1
13636,74.00055762,15.20610592,1,3,2,1,7,13:45,19,E09000006,3,21,6,30,3,4,6,0,0,0,1,1,1,0,0,1,2,E01000674,10-12-2018,1,1,1,1,55,8,3,0,0,0,0,-1,1,1
13637,74.01179663,15.26343862,1,3,3,2,2,14:30,19,E09000006,3,232,6,30,0,-1,-1,0,0,0,1,1,1,0,0,1,1,E01000756,12-12-2018,1,1,3,1,42,7,2,4,1,0,0,-1,0,-1
13638,74.00499322,15.27526295,1,3,1,1,3,22:22,19,E09000006,3,234,6,30,3,4,6,0,0,0,7,1,1,0,0,1,1,E01000799,13-12-2018,1,1,3,1,27,6,3,4,1,0,0,-1,0,1
13639,74.00154532,15.25554704,1,2,2,1,3,17:30,19,E09000006,5,0,6,30,3,4,6,0,0,0,4,1,1,0,0,1,1,E01000653,13-12-2018,1,1,1,1,42,7,2,0,0,0,0,-1,5,3
13640,73.99508001,15.27340575,1,2,2,2,2,13:50,19,E09000006,3,21,6,30,0,-1,-1,0,0,0,1,1,2,0,0,1,1,E01000749,12-12-2018,1,1,1,1,37,7,3,0,0,0,0,-1,3,1
13641,73.97836131,15.28755387,1,2,2,3,1,13:00,19,E09000006,6,0,6,30,3,4,3,224,0,0,1,1,1,0,0,1,1,E01000738,11-12-2018,1,1,1,2,25,5,3,0,0,0,0,-1,1,1
13642,74.09337481,15.18764931,1,3,2,1,7,21:01,19,E09000006,3,232,6,30,6,2,4,265,0,5,4,1,1,0,0,2,1,E01000759,10-12-2018,2,1,1,1,38,7,3,0,0,0,0,-1,1,1
13643,74.00436657,15.26875944,1,3,2,1,6,18:26,19,E09000006,6,0,6,30,3,4,-1,-1,0,0,7,1,1,0,0,1,3,E01000792,16-12-2018,2,1,1,1,56,9,2,0,0,0,0,-1,1,-1
13644,73.97935413,15.2484087,1,3,1,1,4,14:53,19,E09000006,5,0,6,30,0,-1,-1,0,0,0,1,1,1,0,0,1,1,E01000833,14-12-2018,1,1,1,1,35,6,3,0,0,0,0,-1,11,1
13645,74.08906502,15.31005246,1,3,2,1,2,19:43,19,E09000006,4,251,6,30,7,4,5,0,0,0,4,1,1,0,0,1,1,E01000830,12-12-2018,2,2,1,1,32,6,3,0,0,0,0,-1,19,1
13646,74.03775972,15.21035619,1,2,2,1,5,22:12,19,E09000006,3,214,6,30,0,-1,-1,0,0,0,4,1,1,0,0,1,1,E01000746,06-10-2018,1,1,2,2,63,9,3,0,0,0,3,-1,11,1
13647,74.00407086,15.30317907,1,3,2,1,4,06:30,19,E09000006,3,232,6,30,6,4,6,0,0,0,4,1,2,0,0,1,1,E01000667,14-12-2018,2,1,1,2,53,8,3,0,0,0,0,-1,9,1
13648,74.04240618,15.29589391,1,3,2,1,4,12:10,20,E09000008,3,2022,6,30,1,2,4,269,0,0,1,1,1,0,0,1,1,E01001102,14-12-2018,1,1,2,1,60,9,3,0,0,0,2,-1,11,1
13649,74.1273203,15.19712001,1,3,1,1,6,17:36,19,E09000006,6,0,6,30,0,-1,-1,0,0,0,4,1,1,0,0,1,1,E01000685,16-12-2018,2,1,1,1,43,7,3,0,0,0,0,-1,9,1
13650,74.12725521,15.33545674,1,3,2,2,5,10:20,19,E09000006,3,214,6,30,6,2,5,0,0,0,1,1,1,0,0,1,1,E01000835,15-12-2018,3,2,1,1,34,6,3,0,0,0,0,-1,9,1
13651,74.01705802,15.35299858,1,3,2,1,5,14:00,19,E09000006,5,0,2,30,3,4,6,0,0,0,1,1,2,0,0,1,1,E01000742,15-12-2018,1,1,1,2,58,9,3,0,0,0,0,-1,1,1
13652,74.10477546,15.32140111,1,3,2,1,6,10:19,19,E09000006,6,0,6,30,3,4,6,0,0,0,1,7,1,0,0,1,1,E01000737,09-12-2018,1,1,1,1,16,4,3,0,0,0,0,-1,1,-1
13653,73.99085305,15.36566682,1,3,2,1,6,12:06,19,E09000006,3,21,3,30,9,2,3,2212,0,5,1,4,1,0,0,1,1,E01000675,16-12-2018,1,1,1,1,37,7,3,0,0,0,0,-1,3,1
13654,74.05119699,15.25119766,1,3,1,1,7,18:40,19,E09000006,6,0,6,30,3,4,6,0,0,0,4,1,1,0,0,1,1,E01000729,17-12-2018,1,1,3,1,36,7,3,9,5,0,0,-1,0,1
13655,74.13089528,15.27878569,1,2,2,1,5,20:35,19,E09000006,3,2212,6,30,3,4,6,0,0,0,4,1,1,0,0,1,1,E01000816,15-12-2018,1,1,1,1,30,6,3,0,0,0,0,-1,5,1
13656,74.11305025,15.22607552,1,3,4,1,5,16:01,19,E09000006,3,223,6,30,3,4,6,0,0,0,4,1,1,0,0,1,1,E01000790,15-12-2018,1,1,1,2,-1,-1,3,0,0,0,0,-1,9,1
13657,74.08789952,15.20660622,1,2,1,1,5,16:40,19,E09000006,3,21,6,30,0,-1,-1,0,0,0,4,1,1,0,0,1,1,E01000674,15-12-2018,1,1,1,1,23,5,3,0,0,0,0,-1,3,1
13658,74.05882582,15.33395202,1,3,2,1,2,15:57,19,E09000006,3,232,6,30,0,-1,-1,0,0,0,1,1,2,0,0,1,1,E01000754,19-12-2018,1,1,1,1,47,8,3,0,0,0,0,-1,19,1
13659,74.04919796,15.23437217,1,3,2,1,2,16:34,19,E09000006,3,224,3,30,3,4,6,0,0,0,4,1,2,0,0,1,1,E01000738,19-12-2018,1,1,3,1,45,7,3,9,9,0,0,-1,0,1
13660,73.9678891,15.22890798,1,3,1,1,3,19:30,19,E09000006,3,2212,6,30,3,2,3,21,0,5,4,1,1,0,0,1,1,E01000676,20-12-2018,1,1,1,1,22,5,3,0,0,0,0,-1,5,-1
13661,73.97196523,15.18022136,1,3,4,1,2,19:20,19,E09000006,3,21,6,30,0,-1,-1,0,0,0,4,1,1,0,0,1,1,E01000671,19-12-2018,2,1,1,1,34,6,2,0,0,0,0,-1,1,1
13662,74.03132311,15.36613264,1,3,4,1,6,16:16,19,E09000006,3,21,1,30,1,4,3,223,0,0,4,1,1,0,0,1,3,E01000749,23-12-2018,1,1,2,1,36,7,3,0,0,0,0,-1,19,-1