Accident_Index,longitude,latitude,Police_Force,Accident_Severity,Number_of_Vehicles,Number_of_Casualties,Day_of_Week,Time,Local_Authority_(District),Local_Authority_(Highway),1st_Road_Class,1st_Road_Number,Road_Type,Speed_limit,Junction_Detail,Junction_Control,2nd_Road_Class,2nd_Road_Number,Pedestrian_Crossing-Human_Control,Pedestrian_Crossing-Physical_Facilities,Light_Conditions,Weather_Conditions,Road_Surface_Conditions,Special_Conditions_at_Site,Carriageway_Hazards,Urban_or_Rural_Area,Did_Police_Officer_Attend_Scene_of_Accident,LSOA_of_Accident_Location,Date,Vehicle_Reference,Casualty_Reference,Casualty_Class,Sex_of_Casualty,Age_of_Casualty,Age_Band_of_Casualty,Casualty_Severity,Pedestrian_Location,Pedestrian_Movement,Car_Passenger,Bus_or_Coach_Passenger,Pedestrian_Road_Maintenance_Worker,Casualty_Type,Casualty_Home_Area_Type
13663,74.08971254,15.25452605,1,3,3,1,6,19:00,19,E09000006,3,214,6,30,3,4,5,0,0,4,4,1,1,0,0,1,2,E01000740,30-12-2018,1,2,1,1,36,7,3,0,0,0,0,-1,19,-1
13664,73.99135604,15.30502987,1,3,3,2,2,13:10,19,E09000006,3,208,6,30,6,4,4,263,0,0,1,1,1,0,0,1,3,E01000696,26-12-2018,1,1,1,1,31,6,3,0,0,0,0,-1,2,1
13665,74.08568308,15.3582121,1,2,2,1,2,17:30,19,E09000006,3,21,6,30,6,4,3,233,0,0,4,1,1,0,0,2,1,E01000665,19-12-2018,1,1,1,1,33,6,3,0,0,0,0,-1,3,1
13666,73.97029872,15.3167515,1,2,2,1,3,16:48,19,E09000006,3,224,6,40,0,-1,-1,0,0,0,4,1,1,0,0,1,1,E01000722,20-12-2018,2,1,1,1,25,5,3,0,0,0,0,-1,4,1
13667,74.08386946,15.24831694,1,3,2,1,3,22:50,19,E09000006,4,265,6,30,3,4,6,0,0,0,4,4,2,0,0,1,1,E01000671,20-12-2018,1,1,3,1,45,7,3,4,2,0,0,-1,0,-1
13668,74.0282405,15.34786314,1,3,1,1,4,15:15,19,E09000006,4,230,6,30,0,-1,-1,0,0,0,1,1,1,0,0,1,1,E01000714,21-12-2018,1,1,1,1,23,5,3,0,0,0,0,-1,9,-1
13669,74.03468373,15.35478663,1,3,1,1,4,09:21,19,E09000006,4,230,6,30,3,4,6,0,0,0,1,1,2,0,0,1,1,E01000772,21-12-2018,2,1,1,1,43,7,3,0,0,0,0,-1,1,-1
13670,73.9594869,15.2863485,1,3,2,1,4,21:58,19,E09000006,6,0,6,30,3,4,4,258,0,0,6,1,2,0,0,1,1,E01000721,21-12-2018,1,1,2,2,30,6,2,0,0,1,0,-1,9,-1
13671,74.02076052,15.31083554,1,3,1,1,4,14:45,19,E09000006,3,222,6,30,3,4,6,0,0,0,1,1,1,0,0,1,1,E01000645,21-12-2018,2,1,1,1,37,7,3,0,0,0,0,-1,5,1
13672,74.06794973,15.26977714,1,3,1,1,4,06:26,19,E09000006,6,0,6,30,0,-1,-1,0,0,0,7,1,2,0,0,1,1,E01000728,21-12-2018,2,1,1,2,27,6,3,0,0,0,0,-1,1,1
13673,74.10907772,15.36578738,1,3,2,1,7,17:03,19,E09000006,3,213,6,30,6,4,6,0,0,0,1,1,1,0,0,1,1,E01000798,01-10-2018,1,1,2,1,69,10,2,0,0,0,2,-1,11,1
13674,73.96791481,15.26982203,1,3,2,2,5,11:26,19,E09000006,3,222,6,30,6,4,6,0,0,0,1,1,1,4,0,1,1,E01000716,22-12-2018,1,1,3,2,13,3,3,4,1,0,0,-1,0,1
13675,74.09945404,15.31720491,1,3,2,3,5,19:28,19,E09000006,6,0,6,30,3,4,6,0,0,8,4,1,1,0,0,1,1,E01000652,22-12-2018,1,1,3,2,58,9,3,4,1,0,0,-1,0,-1
13676,74.0353119,15.36332608,1,3,1,1,5,09:33,19,E09000006,6,0,6,30,6,4,6,0,0,0,1,1,2,0,0,1,1,E01000714,22-12-2018,1,1,1,1,32,6,3,0,0,0,0,-1,9,-1
13677,73.99222918,15.24976397,1,3,2,1,2,20:20,19,E09000006,5,0,6,30,2,4,6,0,0,0,4,1,1,0,0,2,1,E01000698,26-12-2018,2,2,2,1,10,2,3,0,0,0,0,-1,90,-1
13678,74.04805525,15.2001116,1,3,1,1,3,04:00,19,E09000006,3,214,6,30,0,-1,-1,0,0,0,4,1,4,0,0,1,1,E01000704,27-12-2018,1,1,1,1,60,9,3,0,0,0,0,-1,19,1
13679,74.09336758,15.36344118,1,3,2,1,5,14:50,19,E09000006,3,2015,6,30,0,-1,-1,0,0,0,1,1,4,0,0,1,1,E01000710,29-12-2018,2,1,1,1,49,8,3,0,0,0,0,-1,9,1
13680,74.0997171,15.36654701,1,3,2,1,5,09:51,19,E09000006,3,232,2,30,3,4,6,0,0,0,1,1,1,0,0,1,1,E01000835,29-12-2018,1,1,2,1,24,5,3,0,0,1,0,-1,9,-1
13681,74.04989766,15.30149533,1,3,2,1,7,23:45,19,E09000006,3,214,6,30,6,2,3,213,0,0,6,1,1,1,1,1,3,E01000743,31-12-2018,1,1,2,1,14,3,3,0,0,2,0,-1,9,1
13682,73.9730318,15.32398542,1,3,2,2,5,18:10,19,E09000006,6,0,6,30,1,4,6,0,0,0,4,1,1,0,0,1,1,E01000701,29-12-2018,1,1,1,1,20,4,3,0,0,0,0,-1,9,-1
13683,74.12715882,15.35835847,1,3,1,1,6,16:46,19,E09000006,6,0,6,30,0,-1,-1,0,0,0,4,1,1,0,0,1,1,E01000737,30-12-2018,1,1,1,2,36,7,3,0,0,0,0,-1,9,1
13684,73.98951712,15.31106367,1,3,2,2,6,23:30,19,E09000006,4,251,6,30,1,4,6,0,0,0,5,1,2,0,0,1,1,E01000767,30-12-2018,2,1,1,1,7,2,3,0,0,0,0,-1,1,1
13685,73.95214205,15.24051969,1,3,3,1,6,09:02,19,E09000006,6,0,6,30,0,-1,-1,0,0,0,1,3,3,0,0,1,1,E01000754,30-12-2018,2,1,1,2,44,7,2,0,0,0,0,-1,9,1
13686,74.02946936,15.28380962,1,3,1,1,4,09:15,19,E09000006,6,0,6,30,3,4,6,0,0,0,1,1,1,0,0,1,1,E01000694,14-12-2018,1,1,1,1,38,7,3,0,0,0,0,-1,19,-1
13687,73.99545021,15.3149542,1,3,3,2,4,14:45,19,E09000006,5,0,6,30,0,-1,-1,0,0,0,1,8,4,0,0,1,1,E01000653,28-12-2018,2,1,1,2,27,6,3,0,0,0,0,-1,1,1
13688,74.07155571,15.33617924,1,3,3,1,1,13:20,19,E09000006,3,21,3,30,6,2,3,222,0,5,1,1,1,0,0,1,3,E01000675,23-10-2018,1,1,1,1,52,8,3,0,0,0,0,-1,8,1
13689,73.97819631,15.33848629,1,3,2,1,2,10:55,19,E09000006,3,2015,6,30,3,4,6,0,0,0,1,1,1,0,0,1,2,E01000714,11-04-2018,1,1,1,1,45,7,3,0,0,0,0,-1,9,1
13690,73.99064792,15.30137829,1,3,1,1,4,19:00,29,E09000015,5,0,1,30,2,4,3,312,0,0,4,2,2,0,0,1,1,E01002237,05-01-2018,2,2,1,1,40,7,3,0,0,0,0,-1,11,1
13691,73.97477526,15.23244049,1,3,2,2,1,18:40,29,E09000015,6,0,6,30,3,4,6,0,0,0,4,1,1,0,0,1,1,E01002229,16-01-2018,1,1,1,1,42,7,2,0,0,0,0,-1,4,1
13692,74.0112047,15.31723899,1,3,4,1,2,14:02,29,E09000015,3,4140,6,30,3,4,6,0,0,0,1,2,2,0,0,1,1,E01002202,03-01-2018,1,1,3,2,-1,-1,3,4,3,0,0,-1,0,-1
13693,74.14720857,15.26432079,1,2,2,1,6,08:00,29,E09000015,3,409,1,30,1,4,3,410,0,4,1,1,1,0,0,1,1,E01002142,28-01-2018,1,2,1,1,-1,-1,3,0,0,0,0,-1,1,1
13694,74.11376299,15.22304838,1,3,2,1,2,16:20,29,E09000015,5,0,6,30,3,4,6,0,0,0,4,1,1,0,0,1,1,E01002136,03-01-2018,2,1,1,1,-1,-1,3,0,0,0,0,-1,1,-1
13695,74.00479494,15.27519658,1,3,1,1,4,09:48,29,E09000015,6,0,6,30,0,-1,-1,0,0,0,1,1,1,0,0,1,1,E01002122,05-01-2018,1,1,1,1,20,4,2,0,0,0,0,-1,3,1
13696,74.03571441,15.17690654,1,3,2,1,7,18:25,28,E09000005,3,4006,6,30,3,4,6,0,0,0,4,1,1,0,0,1,1,E01000542,08-01-2018,1,1,1,1,28,6,3,0,0,0,0,-1,3,1
13697,74.00747325,15.18833071,1,3,2,1,6,14:56,29,E09000015,5,0,6,30,3,4,6,0,0,0,1,1,1,0,0,1,1,E01002218,07-01-2018,1,1,1,1,18,4,3,0,0,0,0,-1,9,1
13698,74.0641669,15.30931939,1,3,1,1,2,13:30,29,E09000015,3,409,6,30,7,2,3,409,0,0,1,1,2,0,0,1,1,E01002179,10-01-2018,1,1,1,1,54,8,3,0,0,0,0,-1,9,1
13699,74.03020137,15.2062964,1,3,1,1,5,15:50,29,E09000015,3,4090,6,30,0,-1,-1,0,0,0,1,2,2,0,0,1,1,E01002204,27-01-2018,2,1,1,1,37,7,3,0,0,0,0,-1,1,1
13700,74.09693577,15.22157354,1,3,2,1,3,22:15,29,E09000015,3,4140,3,40,3,4,6,0,0,0,4,1,1,0,0,1,1,E01002107,11-01-2018,2,1,1,1,45,7,3,0,0,0,0,-1,1,-1
13701,74.08307144,15.24431833,1,3,3,1,3,16:58,29,E09000015,3,312,6,30,3,4,6,0,0,0,4,2,2,0,0,1,1,E01002218,11-01-2018,1,1,1,1,32,6,3,0,0,0,0,-1,3,1
13702,74.09832592,15.25398194,1,3,2,1,7,22:00,29,E09000015,3,409,6,30,7,2,3,409,0,0,4,1,1,0,0,1,1,E01002179,15-01-2018,2,1,1,1,34,6,3,0,0,0,0,-1,3,1
13703,73.99486091,15.33014832,1,2,2,1,1,23:12,28,E09000005,3,404,1,30,1,4,3,404,0,0,4,1,1,0,0,1,1,E01002137,16-01-2018,1,1,3,1,2,1,3,5,1,0,0,-1,0,1
13704,73.98871279,15.22814432,1,3,2,1,3,17:45,29,E09000015,5,0,6,30,3,4,5,0,0,0,4,1,2,0,0,1,1,E01002136,11-01-2018,1,1,3,1,85,11,2,6,9,0,0,-1,0,-1
13705,74.12123145,15.25322098,1,3,1,1,2,03:26,29,E09000015,5,0,6,30,0,-1,-1,0,0,0,4,1,1,0,0,1,1,E01002108,17-01-2018,2,1,1,2,27,6,3,0,0,0,0,-1,1,1
13706,74.099356,15.22387504,1,3,2,1,2,16:00,29,E09000015,5,0,1,30,1,4,5,0,0,1,4,2,2,0,0,1,1,E01002111,17-01-2018,2,1,1,1,67,10,3,0,0,0,0,-1,9,-1
13707,74.10883116,15.33304282,1,3,2,1,2,08:50,30,E09000003,3,5,6,30,0,-1,-1,0,0,0,1,1,2,0,0,2,1,E01000188,17-01-2018,1,1,2,2,1,1,3,0,0,0,4,-1,11,1
13708,74.01572996,15.35818766,1,3,1,1,2,15:15,29,E09000015,5,0,6,30,6,4,5,0,0,4,1,2,2,0,0,1,1,E01002219,17-01-2018,1,2,2,2,6,2,3,0,0,0,4,-1,11,1
13709,73.97355721,15.31372381,1,3,1,1,2,15:40,29,E09000015,5,0,6,30,0,-1,-1,0,0,0,1,2,2,0,0,1,1,E01002193,17-01-2018,1,1,1,1,20,4,3,0,0,0,0,-1,5,-1
13710,74.06266343,15.31439327,1,3,1,1,4,18:20,29,E09000015,3,409,6,30,7,2,3,409,0,0,4,2,2,0,0,1,1,E01002179,12-01-2018,1,1,1,1,38,7,2,0,0,0,0,-1,1,1
13711,74.04653435,15.22991952,1,3,2,1,3,06:12,27,E09000009,3,312,6,30,3,2,3,312,0,5,4,1,2,0,0,1,1,E01002221,18-01-2018,1,1,3,1,20,4,2,5,1,0,0,-1,0,1
13712,73.98792761,15.1868899,1,3,1,1,4,17:35,28,E09000005,3,4006,6,30,0,-1,-1,0,0,0,4,2,2,0,0,1,1,E01000541,19-01-2018,1,1,1,1,21,5,3,0,0,0,0,-1,3,1
13713,74.00157018,15.30852438,1,3,1,1,3,10:42,29,E09000015,3,409,6,30,6,2,3,409,0,5,1,1,1,0,0,1,1,E01002179,18-01-2018,2,2,1,1,43,7,3,0,0,0,0,-1,9,2
13714,74.14026889,15.27428996,1,3,2,1,5,20:00,29,E09000015,5,0,6,30,8,4,6,0,0,1,1,2,2,0,0,1,1,E01002111,20-01-2018,1,1,1,1,-1,-1,3,0,0,0,0,-1,9,-1
13715,74.11416117,15.24414955,1,3,2,2,7,22:30,29,E09000015,5,0,6,30,0,-1,-1,0,0,0,4,8,2,0,0,1,1,E01002114,22-01-2018,1,1,1,1,29,6,3,0,0,0,0,-1,9,1
13716,74.10660086,15.18389589,1,3,2,2,1,18:23,29,E09000015,5,0,6,30,3,4,6,0,0,0,4,1,1,0,0,1,1,E01002193,23-01-2018,1,2,2,2,-1,-1,3,0,0,1,0,-1,9,1
13717,74.11178053,15.32929313,1,3,2,1,1,21:15,29,E09000015,3,409,6,30,3,4,6,0,0,0,4,1,1,0,0,1,1,E01002130,23-01-2018,1,1,1,1,45,7,3,0,0,0,0,-1,9,1
13718,73.96622566,15.25994448,1,3,1,2,1,13:35,29,E09000015,3,4140,6,30,0,-1,-1,0,0,0,1,1,1,0,0,1,1,E01002203,23-01-2018,1,1,1,1,62,9,3,0,0,0,0,-1,8,1
13719,73.96089483,15.24669153,1,3,2,1,2,06:20,29,E09000015,5,0,1,30,1,4,5,0,0,0,4,1,1,0,0,1,1,E01002208,17-01-2018,2,1,1,1,10,2,3,0,0,0,0,-1,1,-1
13720,73.99080081,15.25636015,1,3,2,1,1,00:01,28,E09000005,3,4006,6,30,6,4,5,0,0,0,4,1,1,0,0,1,1,E01000542,23-01-2018,2,1,1,1,-1,-1,2,0,0,0,0,-1,1,-1
13721,74.1007987,15.36654262,1,3,2,1,2,13:02,29,E09000015,3,4090,6,30,1,4,3,4090,0,0,1,2,2,0,0,1,1,E01002152,24-01-2018,1,1,1,1,48,8,3,0,0,0,0,-1,9,1
13722,74.12614835,15.29768184,1,3,2,1,3,09:42,29,E09000015,3,4090,6,30,3,4,6,0,0,0,1,1,2,0,0,1,1,E01002204,25-01-2018,1,2,2,1,-1,-1,3,0,0,1,0,-1,9,-1
13723,73.94922705,15.26047361,1,3,1,1,2,09:30,29,E09000015,6,0,6,30,5,4,4,461,0,0,1,1,1,0,0,1,1,E01002117,24-01-2018,1,1,1,1,39,7,3,0,0,0,0,-1,4,1
13724,74.00585188,15.32478779,1,3,2,2,5,12:15,29,E09000015,6,0,6,30,6,4,6,0,0,0,1,2,2,0,0,1,1,E01002107,27-01-2018,1,1,3,2,7,2,3,6,9,0,0,-1,0,1
13725,74.02518254,15.22795689,1,3,2,3,6,13:10,29,E09000015,3,404,6,30,0,-1,-1,0,0,0,1,2,2,0,0,1,1,E01002129,28-01-2018,1,1,3,2,21,5,3,10,9,0,0,-1,0,1
13726,74.02717365,15.19213694,1,3,1,1,2,14:50,28,E09000005,3,4006,6,30,3,4,6,0,0,0,1,1,1,0,0,1,1,E01000536,31-01-2018,1,1,3,1,33,6,2,5,1,0,0,-1,0,-1
13727,74.08467637,15.19220997,1,3,2,1,3,14:30,29,E09000015,6,0,6,30,0,-1,-1,0,0,0,1,1,1,0,0,1,3,E01002150,11-01-2018,1,1,2,2,61,9,3,0,0,0,3,-1,11,-1
13728,73.95249467,15.18891006,1,3,2,1,3,13:45,29,E09000015,3,312,6,30,3,4,6,0,0,0,1,1,1,0,0,1,3,E01002219,18-01-2018,2,1,1,1,30,6,3,0,0,0,0,-1,9,1
13729,73.97904369,15.21545183,1,3,2,1,4,07:00,29,E09000015,3,404,1,30,1,4,5,0,0,0,4,1,1,0,0,1,3,E01002193,19-01-2018,1,1,1,1,29,6,3,0,0,0,0,-1,3,1
13730,74.01461625,15.31024521,1,3,2,1,2,09:20,28,E09000005,3,4006,6,30,3,4,6,0,0,0,1,1,1,0,0,1,3,E01000542,24-01-2018,2,1,1,1,47,8,3,0,0,0,0,-1,1,1
13731,74.0358628,15.34897376,1,3,2,2,7,12:30,29,E09000015,5,0,6,30,6,2,5,0,0,0,1,1,1,0,0,1,2,E01002209,29-01-2018,1,1,1,1,22,5,3,0,0,0,0,-1,3,1
13732,74.0248087,15.27962782,1,3,2,1,2,09:45,29,E09000015,6,0,6,30,0,-1,-1,0,0,0,1,1,1,0,0,1,3,E01002157,31-01-2018,3,1,1,1,-1,-1,3,0,0,0,0,-1,3,1
13733,74.00555294,15.33397818,1,3,2,1,2,09:15,29,E09000015,6,0,6,30,0,-1,-1,0,0,0,1,1,1,0,0,1,2,E01002145,31-01-2018,2,1,1,1,38,7,3,0,0,0,0,-1,3,1
13734,74.10618808,15.19452145,1,3,1,1,3,16:04,29,E09000015,3,409,6,30,0,-1,-1,0,0,0,1,1,1,0,0,1,1,E01002144,21-06-2018,1,1,2,1,17,4,3,0,0,1,0,-1,9,1
13735,74.02711363,15.33255376,1,3,4,1,3,21:00,29,E09000015,6,0,6,30,6,4,6,0,0,0,4,2,2,0,0,1,1,E01002234,01-02-2018,2,1,1,1,32,6,3,0,0,0,0,-1,1,1
13736,74.1456937,15.22349589,1,3,2,1,4,17:00,29,E09000015,5,0,6,30,0,-1,-1,0,0,0,1,1,1,0,0,1,2,E01002213,02-02-2018,1,1,2,2,39,7,3,0,0,1,0,-1,9,-1
13737,74.04842059,15.21761848,1,3,2,1,5,20:00,29,E09000015,3,4140,6,30,3,4,5,0,0,0,4,1,1,0,0,1,1,E01002165,03-02-2018,1,1,1,1,74,10,3,0,0,0,0,-1,9,1
13738,73.96726682,15.33262136,1,3,1,1,6,14:12,29,E09000015,6,0,6,30,0,-1,-1,0,0,0,1,1,1,0,0,1,3,E01002213,04-02-2018,2,1,1,2,42,7,3,0,0,0,0,-1,1,1
13739,74.09269734,15.20941135,1,3,2,1,7,20:45,29,E09000015,6,0,6,30,6,4,6,0,0,0,4,1,1,0,0,1,1,E01002149,05-02-2018,2,2,2,1,8,2,3,0,0,0,0,-1,1,1
13740,73.96728705,15.20534369,1,3,2,1,7,22:15,29,E09000015,3,410,1,30,1,4,3,410,0,0,4,1,1,0,0,1,1,E01002227,05-02-2018,1,1,1,1,38,7,3,0,0,0,0,-1,9,1
13741,73.95058107,15.30399865,1,3,1,1,2,07:50,29,E09000015,3,410,6,30,5,4,6,0,0,0,1,1,2,0,0,1,1,E01002226,07-02-2018,1,1,1,1,22,5,3,0,0,0,0,-1,5,1
13742,73.94956654,15.35405167,1,3,2,1,4,08:55,29,E09000015,3,410,6,30,5,4,6,0,0,0,1,1,1,0,0,1,3,E01002226,02-02-2018,1,1,3,2,-1,-1,3,5,3,0,0,-1,0,-1
13743,74.03000172,15.32541661,1,3,2,3,7,16:15,29,E09000015,6,0,6,30,0,-1,-1,0,0,0,1,1,1,0,0,1,3,E01002117,05-02-2018,1,1,1,1,43,7,2,0,0,0,0,-1,5,1
13744,74.13549689,15.34153466,1,3,2,1,4,18:24,29,E09000015,5,0,6,30,8,4,6,0,0,0,4,1,1,0,0,1,1,E01002129,09-02-2018,1,1,3,2,26,6,3,4,2,0,0,-1,0,1
13745,74.10080169,15.2187514,1,2,1,1,4,15:24,29,E09000015,3,404,3,30,0,-1,-1,0,0,0,1,1,1,0,0,1,1,E01002161,09-03-2018,1,1,1,1,-1,-1,3,0,0,0,0,-1,9,1
13746,73.97172559,15.27792229,1,3,1,1,4,12:05,29,E09000015,3,409,6,30,3,4,6,0,0,0,1,1,1,0,0,1,1,E01002130,09-02-2018,1,1,1,1,16,4,3,0,0,0,0,-1,2,-1
13747,73.98961568,15.24203196,1,3,2,1,3,16:49,29,E09000015,3,409,6,30,3,2,3,409,0,5,4,1,2,0,0,1,1,E01002180,01-02-2018,1,1,3,2,-1,-1,3,5,2,0,0,-1,0,1
13748,74.03083812,15.26374391,1,3,3,1,6,23:59,28,E09000005,3,4006,6,30,6,1,6,0,0,5,4,8,2,0,0,1,1,E01000536,11-02-2018,1,1,3,2,49,8,3,5,1,0,0,-1,0,-1
13749,74.00753541,15.31931798,1,3,2,2,6,17:24,30,E09000003,3,5,6,30,0,-1,-1,0,0,0,4,2,2,0,0,2,1,E01002114,11-02-2018,2,1,1,1,49,8,3,0,0,0,0,-1,9,1
13750,73.98217097,15.29278671,1,2,1,1,7,20:10,29,E09000015,6,0,6,30,0,-1,-1,0,0,0,4,1,1,0,0,1,1,E01002242,12-02-2018,1,1,1,1,33,6,2,0,0,0,0,-1,9,-1
13751,73.9613431,15.23265741,1,3,2,1,4,08:20,29,E09000015,6,0,6,30,0,-1,-1,0,0,0,1,1,1,0,0,1,1,E01002186,09-02-2018,1,1,1,1,43,7,3,0,0,0,0,-1,9,1
13752,74.12701008,15.34034045,1,3,2,1,6,08:30,29,E09000015,5,0,6,30,6,4,6,0,0,1,1,1,1,0,0,1,3,E01002163,04-02-2018,1,1,3,1,34,6,3,4,3,0,0,-1,0,-1
13753,74.05567653,15.25015182,1,3,1,1,2,02:15,29,E09000015,6,0,6,30,6,4,6,0,0,0,4,1,2,0,0,1,1,E01002178,21-02-2018,1,1,1,1,46,8,3,0,0,0,0,-1,9,1
13754,74.07682354,15.32695679,1,3,1,1,1,17:00,29,E09000015,3,312,6,30,0,-1,-1,0,0,0,1,1,1,0,0,1,1,E01002240,13-02-2018,2,1,1,1,25,5,3,0,0,0,0,-1,9,1
13755,74.09351149,15.27563517,1,3,1,1,7,20:30,29,E09000015,6,0,6,30,0,-1,-1,0,0,1,4,1,1,0,2,1,1,E01002163,12-02-2018,1,1,3,2,18,4,2,4,1,0,0,-1,0,-1
13756,74.00784018,15.2905213,1,3,1,1,4,12:26,28,E09000005,3,4006,6,30,0,-1,-1,0,0,0,1,1,1,0,0,1,1,E01000541,16-02-2018,2,1,1,1,25,5,3,0,0,0,0,-1,9,1
13757,73.97031802,15.17543206,1,3,2,1,6,17:20,29,E09000015,3,404,6,30,0,-1,-1,0,0,0,1,2,2,0,0,1,1,E01002137,18-02-2018,3,2,1,1,38,7,3,0,0,0,0,-1,9,1
13758,74.09570564,15.26511158,1,3,2,1,2,13:00,29,E09000015,3,4140,3,40,3,4,6,0,0,0,1,1,1,0,0,1,1,E01002107,14-02-2018,1,1,1,1,27,6,3,0,0,0,0,-1,1,1
13759,74.02049172,15.21053999,1,3,1,1,1,20:00,29,E09000015,3,312,6,30,3,4,6,0,0,0,4,2,2,0,0,1,1,E01002221,13-02-2018,1,1,2,1,36,7,3,0,0,0,3,-1,11,1
13760,74.12831792,15.18297949,1,3,2,1,6,09:20,29,E09000015,6,0,1,30,1,4,6,0,0,0,1,1,2,0,0,1,1,E01002159,11-02-2018,1,2,2,1,-1,-1,2,0,0,0,3,-1,11,-1
13761,74.00786559,15.31693398,1,3,1,1,4,19:18,29,E09000015,3,312,6,30,9,4,6,0,0,0,4,3,2,0,0,1,1,E01002219,23-02-2018,2,3,1,1,40,7,3,0,0,0,0,-1,9,1
13762,73.96189912,15.33603075,1,3,1,1,3,10:27,29,E09000015,3,312,6,30,9,4,3,312,0,5,1,1,2,0,0,1,1,E01002132,22-02-2018,1,1,1,1,35,6,3,0,0,0,0,-1,11,1
13763,74.13217489,15.24862137,1,3,2,1,3,22:35,29,E09000015,5,0,6,30,0,-1,-1,0,0,0,4,1,1,0,0,1,1,E01002177,15-02-2018,2,2,1,1,35,6,3,0,0,0,0,-1,9,1
13764,73.98874482,15.35930019,1,3,2,1,2,09:50,29,E09000015,3,409,6,30,3,4,6,0,0,0,1,1,2,0,0,2,1,E01002225,21-02-2018,1,1,1,1,32,6,3,0,0,0,0,-1,9,1
13765,74.02832279,15.18402514,1,3,2,1,5,08:30,29,E09000015,3,404,6,30,0,-1,-1,0,0,0,1,1,1,0,0,1,2,E01002155,10-02-2018,1,1,1,1,43,7,3,0,0,0,0,-1,9,1
13766,74.11924412,15.3650006,1,3,1,1,5,15:30,29,E09000015,3,312,6,30,8,4,6,0,0,0,1,2,2,0,0,1,1,E01002218,24-02-2018,1,1,1,1,40,7,3,0,0,0,0,-1,5,1
13767,74.05580519,15.32997224,1,3,1,2,6,23:53,29,E09000015,6,0,6,30,3,4,6,0,0,0,4,1,4,0,0,1,1,E01002190,25-02-2018,2,1,1,1,14,3,3,0,0,0,0,-1,1,1
13768,74.01105031,15.20138279,1,3,1,1,1,18:00,29,E09000015,3,410,6,30,0,-1,-1,0,0,4,4,1,1,0,0,1,1,E01002112,20-02-2018,2,1,1,1,43,7,3,0,0,0,0,-1,9,1
13769,73.96209612,15.33873405,1,3,2,1,2,18:40,29,E09000015,5,0,6,30,3,4,6,0,0,1,4,1,1,0,0,1,1,E01002141,21-02-2018,2,1,1,1,27,6,3,0,0,0,0,-1,5,1
13770,73.96123365,15.30669938,1,3,2,1,3,08:44,29,E09000015,6,0,6,30,6,4,6,0,0,0,1,1,4,0,0,1,1,E01002124,22-02-2018,1,1,1,2,23,5,2,0,0,0,0,-1,9,1
13771,74.08299823,15.26365341,1,3,2,2,7,11:30,29,E09000015,5,0,6,30,0,-1,-1,0,0,0,1,1,1,0,0,1,1,E01002240,26-02-2018,1,1,1,1,32,6,3,0,0,0,0,-1,1,1
13772,74.13786373,15.17720947,1,3,1,1,2,15:07,29,E09000015,3,410,6,30,3,2,3,410,0,0,1,1,2,0,0,1,1,E01002226,28-02-2018,1,1,1,2,48,8,3,0,0,0,0,-1,9,1
13773,74.09650816,15.2591895,1,3,2,5,3,21:36,29,E09000015,5,0,6,30,8,4,6,0,0,0,4,1,2,0,0,1,1,E01002154,01-03-2018,1,1,1,1,48,8,3,0,0,0,0,-1,1,1
13774,74.0698777,15.32160339,1,3,1,1,7,17:04,29,E09000015,3,312,6,30,1,4,6,0,0,0,1,2,2,0,0,1,1,E01002133,26-02-2018,2,1,1,1,75,10,3,0,0,0,0,-1,9,1
13775,74.0953942,15.18075648,1,3,2,1,5,17:00,29,E09000015,3,4140,6,30,3,4,6,0,0,0,4,2,2,0,0,1,3,E01002202,17-02-2018,1,1,1,2,-1,-1,3,0,0,0,0,-1,9,1
13776,74.07541646,15.2925895,1,3,1,1,5,20:50,29,E09000015,3,4090,6,30,0,-1,-1,0,0,5,4,1,2,0,0,1,1,E01002242,10-02-2018,1,1,1,2,29,6,3,0,0,0,0,-1,9,1
13777,74.08715867,15.18513192,1,3,2,1,2,20:43,29,E09000015,6,0,6,30,0,-1,-1,0,0,0,4,2,2,0,0,1,1,E01002195,21-02-2018,1,1,1,1,39,7,3,0,0,0,0,-1,9,1
13778,74.13320579,15.18116093,1,3,1,3,4,23:15,29,E09000015,5,0,6,30,3,4,5,0,0,0,4,1,2,0,0,1,1,E01002200,23-02-2018,1,1,1,1,29,6,3,0,0,0,0,-1,1,-1
13779,74.11388433,15.33347037,1,3,2,1,7,20:30,29,E09000015,5,0,6,30,3,4,6,0,0,0,4,1,1,0,0,1,1,E01002163,26-02-2018,1,1,1,1,45,7,2,0,0,0,0,-1,5,1
13780,74.14910694,15.28945325,1,3,3,1,2,21:47,29,E09000015,3,4140,6,30,0,-1,-1,0,0,0,4,1,1,0,0,1,1,E01002117,28-02-2018,1,1,1,1,34,6,3,0,0,0,0,-1,1,1
13781,74.03719288,15.36484064,1,3,1,1,3,13:50,29,E09000015,3,4127,6,30,3,4,6,0,0,0,1,1,2,0,0,1,1,E01002135,01-03-2018,1,1,2,2,60,9,3,0,0,0,4,-1,11,1
13782,74.0384843,15.21228981,1,3,1,1,4,11:39,29,E09000015,5,0,6,30,0,-1,-1,0,0,0,1,2,2,0,0,1,1,E01002129,02-03-2018,1,1,3,2,7,2,3,5,1,0,0,-1,0,1
13783,74.15123724,15.22694473,1,3,1,1,5,18:50,29,E09000015,5,0,6,30,3,4,6,0,0,0,4,1,1,0,0,1,1,E01002199,03-03-2018,1,1,3,1,25,5,3,5,1,0,0,-1,0,1