Accident_Index,longitude,latitude,Police_Force,Accident_Severity,Number_of_Vehicles,Number_of_Casualties,Day_of_Week,Time,Local_Authority_(District),Local_Authority_(Highway),1st_Road_Class,1st_Road_Number,Road_Type,Speed_limit,Junction_Detail,Junction_Control,2nd_Road_Class,2nd_Road_Number,Pedestrian_Crossing-Human_Control,Pedestrian_Crossing-Physical_Facilities,Light_Conditions,Weather_Conditions,Road_Surface_Conditions,Special_Conditions_at_Site,Carriageway_Hazards,Urban_or_Rural_Area,Did_Police_Officer_Attend_Scene_of_Accident,LSOA_of_Accident_Location,Date,Vehicle_Reference,Casualty_Reference,Casualty_Class,Sex_of_Casualty,Age_of_Casualty,Age_Band_of_Casualty,Casualty_Severity,Pedestrian_Location,Pedestrian_Movement,Car_Passenger,Bus_or_Coach_Passenger,Pedestrian_Road_Maintenance_Worker,Casualty_Type,Casualty_Home_Area_Type
13784,74.04131823,15.35176807,1,3,2,1,5,23:45,29,E09000015,5,0,6,30,6,4,5,0,0,0,4,1,1,0,0,1,1,E01002128,03-03-2018,1,1,3,2,44,7,3,6,9,0,0,-1,0,1
13785,74.05012568,15.21278479,1,3,2,1,7,19:26,28,E09000005,3,4006,6,30,6,4,5,0,0,4,4,3,3,0,0,1,1,E01000541,05-03-2018,1,1,3,2,31,6,3,5,2,0,0,-1,0,1
13786,74.14961108,15.35382201,1,3,2,2,4,16:35,29,E09000015,5,0,6,30,6,4,6,0,0,0,1,3,2,0,0,1,1,E01002109,02-03-2018,2,1,1,1,45,7,3,0,0,0,0,-1,5,1
13787,74.10483112,15.27759782,1,3,1,1,7,19:20,29,E09000015,3,410,6,30,9,4,6,0,0,0,4,2,2,0,0,1,1,E01002112,26-02-2018,2,1,1,1,14,3,3,0,0,0,0,-1,1,1
13788,74.06591267,15.35806706,1,3,2,1,3,12:45,29,E09000015,5,0,6,30,6,4,6,0,0,0,1,1,1,0,0,1,1,E01002209,08-03-2018,1,1,3,1,23,5,3,5,9,0,0,-1,0,1
13789,73.95483507,15.19223514,1,3,2,1,5,17:10,29,E09000015,6,0,6,30,3,4,6,0,0,0,1,1,2,0,0,1,1,E01002125,10-03-2018,1,1,3,1,59,9,3,4,1,0,0,-1,0,1
13790,73.96169465,15.22663446,1,3,2,1,7,12:28,29,E09000015,4,461,6,30,3,4,6,0,0,0,1,1,1,0,0,1,1,E01002117,05-03-2018,1,1,1,1,47,8,3,0,0,0,0,-1,3,1
13791,74.00821153,15.3311223,1,3,2,1,5,18:30,29,E09000015,3,409,6,30,3,4,6,0,0,0,4,1,1,0,0,1,1,E01002232,17-03-2018,1,1,3,2,5,1,3,1,3,0,0,-1,0,-1
13792,74.1463373,15.20234872,1,3,2,1,5,11:10,29,E09000015,3,410,6,30,0,-1,-1,0,0,0,1,1,1,0,0,1,1,E01002152,17-03-2018,1,1,3,2,17,4,3,5,1,0,0,-1,0,-1
13793,74.0652622,15.29393465,1,3,2,1,5,08:55,29,E09000015,5,0,6,30,3,4,6,0,0,0,1,1,1,0,0,1,1,E01002176,17-03-2018,1,1,3,1,59,9,3,5,1,0,0,-1,0,1
13794,74.11170876,15.34518093,1,3,3,1,2,21:35,30,E09000003,3,5,6,30,3,4,6,0,0,0,4,1,1,0,0,1,1,E01002118,14-03-2018,2,1,1,1,30,6,3,0,0,0,0,-1,1,1
13795,73.97916896,15.3486573,1,3,2,1,6,08:12,29,E09000015,3,4090,6,30,6,4,6,0,0,1,1,1,1,0,0,1,1,E01002204,18-03-2018,1,1,1,2,26,6,3,0,0,0,0,-1,9,1
13796,74.02849887,15.19359689,1,3,2,1,5,08:24,29,E09000015,6,0,6,30,0,-1,-1,0,0,0,1,1,1,0,0,1,1,E01002154,17-03-2018,1,1,1,1,39,7,2,0,0,0,0,-1,5,1
13797,73.9503568,15.29415588,1,3,2,1,6,13:20,29,E09000015,3,4090,6,30,0,-1,-1,0,0,5,1,1,1,0,0,1,1,E01002204,25-03-2018,1,1,1,1,47,8,3,0,0,0,0,-1,9,1
13798,73.96958568,15.21287545,1,3,1,1,2,15:45,29,E09000015,6,0,6,30,3,4,6,0,0,0,1,1,1,0,0,1,1,E01002235,28-03-2018,2,1,1,2,48,8,3,0,0,0,0,-1,9,1
13799,74.14580855,15.19785578,1,3,2,1,4,12:12,29,E09000015,3,404,1,30,1,4,3,404,0,0,1,2,2,0,0,1,1,E01002193,30-03-2018,1,1,2,2,69,10,3,0,0,0,4,-1,11,-1
13800,74.09298168,15.32088468,1,3,1,1,6,11:57,29,E09000015,4,457,6,30,3,2,4,457,0,0,1,1,1,0,0,1,1,E01002126,01-04-2018,1,1,1,1,40,7,3,0,0,0,0,-1,2,1
13801,74.04833203,15.31107266,1,3,1,1,1,13:22,29,E09000015,3,4090,6,30,3,4,6,0,0,1,1,1,1,0,0,1,1,E01002204,27-03-2018,2,1,1,1,26,6,3,0,0,0,0,-1,9,-1
13802,74.06589084,15.19242495,1,3,3,1,1,18:50,29,E09000015,6,0,6,30,0,-1,-1,0,0,0,1,1,1,0,0,1,1,E01002209,03-04-2018,2,2,2,1,23,5,3,0,0,1,0,-1,9,-1
13803,74.01172444,15.1909601,1,3,1,1,1,12:43,28,E09000005,3,4006,6,30,6,2,5,0,0,5,1,1,1,0,0,1,1,E01000541,03-04-2018,1,1,2,1,55,8,3,0,0,1,0,-1,9,-1
13804,73.99790321,15.30505885,1,3,3,1,1,15:33,29,E09000015,3,404,6,30,0,-1,-1,0,0,0,1,1,1,0,0,1,1,E01002137,03-04-2018,2,1,1,1,23,5,2,0,0,0,0,-1,3,-1
13805,74.06660425,15.34150083,1,3,1,1,5,16:00,29,E09000015,3,4140,6,30,6,2,4,461,0,5,1,1,1,0,0,1,1,E01002109,17-03-2018,3,1,1,1,-1,-1,3,0,0,0,0,-1,9,-1
13806,74.13910763,15.25069099,1,3,1,1,2,13:24,28,E09000005,3,404,6,30,3,2,3,404,0,5,1,1,1,0,0,1,1,E01000636,28-03-2018,1,1,1,1,27,6,3,0,0,0,0,-1,1,1
13807,74.05435341,15.19842186,1,3,1,1,3,16:00,29,E09000015,3,312,6,30,0,-1,-1,0,0,4,1,1,1,0,0,1,1,E01002219,29-03-2018,2,1,1,1,37,7,3,0,0,0,0,-1,9,1
13808,74.03223491,15.19038656,1,3,1,1,7,17:55,29,E09000015,6,0,6,30,0,-1,-1,0,0,0,1,1,2,0,0,1,1,E01002143,26-03-2018,1,1,1,2,48,8,3,0,0,0,0,-1,9,1
13809,74.03576267,15.22849036,1,3,1,1,2,10:45,29,E09000015,3,4090,6,30,6,4,6,0,0,1,1,1,2,0,0,1,1,E01002204,04-04-2018,2,1,1,1,32,6,3,0,0,0,0,-1,1,1
13810,74.09398146,15.29693679,1,3,1,1,4,23:45,29,E09000015,5,0,6,30,0,-1,-1,0,0,0,4,1,2,0,0,1,1,E01002129,06-04-2018,1,1,3,2,24,5,3,4,3,0,0,-1,0,1
13811,74.04830164,15.29394176,1,3,2,1,4,18:28,29,E09000015,6,0,6,30,3,4,6,0,0,0,1,1,1,0,0,1,1,E01002195,06-04-2018,1,1,1,1,32,6,3,0,0,0,0,-1,3,1
13812,74.09829465,15.31086588,1,3,3,6,5,21:58,29,E09000015,5,0,6,30,3,4,6,0,0,0,4,8,2,0,0,1,1,E01002136,07-04-2018,2,1,1,1,40,7,3,0,0,0,0,-1,9,-1
13813,74.00745255,15.18710472,1,3,2,1,7,17:50,30,E09000003,3,5,6,30,6,2,4,461,0,5,1,1,1,0,0,1,1,E01000194,09-04-2018,1,1,2,2,76,11,3,0,0,1,0,-1,9,-1
13814,74.0064587,15.18310258,1,3,2,1,6,08:10,29,E09000015,3,410,6,30,3,4,6,0,0,0,1,1,1,0,0,1,3,E01002228,18-03-2018,1,1,1,1,29,6,3,0,0,0,0,-1,5,1
13815,74.07009254,15.18114827,1,3,2,2,7,23:10,29,E09000015,3,4005,6,30,3,2,3,4127,0,5,4,1,1,0,0,1,1,E01000606,02-04-2018,2,1,1,2,40,7,3,0,0,0,0,-1,9,1
13816,73.99426873,15.1789275,1,3,3,1,1,19:25,29,E09000015,3,4140,6,30,8,4,6,0,0,0,1,1,1,0,0,1,1,E01002226,10-04-2018,1,1,1,1,43,7,3,0,0,0,0,-1,20,1
13817,74.10617137,15.23767177,1,3,2,1,1,11:40,29,E09000015,5,0,6,30,0,-1,-1,0,0,0,1,1,1,0,0,1,1,E01002163,17-04-2018,1,2,2,1,50,8,3,0,0,0,0,-1,20,1
13818,74.11440116,15.2694186,1,3,2,1,3,17:30,28,E09000005,3,404,1,30,1,4,3,404,0,0,4,1,1,0,0,1,3,E01000568,08-03-2018,1,1,1,1,37,7,3,0,0,0,0,-1,9,1
13819,73.96073516,15.24004056,1,3,2,1,2,22:45,29,E09000015,5,0,6,30,0,-1,-1,0,0,0,4,1,1,0,0,1,1,E01002119,28-02-2018,1,1,3,2,41,7,3,1,1,0,0,-1,0,1
13820,73.97367577,15.24777759,1,3,3,1,3,07:45,29,E09000015,6,0,6,30,3,4,6,0,0,0,1,1,2,0,0,1,1,E01002125,19-04-2018,2,1,2,2,44,7,3,0,0,1,0,-1,9,-1
13821,74.1319521,15.3122584,1,3,2,1,7,17:22,29,E09000015,3,410,1,30,1,4,5,0,0,1,1,1,1,0,0,1,1,E01002227,23-04-2018,1,1,1,1,44,7,3,0,0,0,0,-1,9,1
13822,74.00727603,15.27422885,1,3,2,1,6,09:20,29,E09000015,6,0,6,30,3,4,6,0,0,0,1,1,1,0,0,1,2,E01002149,01-04-2018,1,1,3,2,65,9,2,6,9,0,0,-1,0,1
13823,74.12983422,15.3291071,1,3,2,1,6,10:12,28,E09000005,3,404,1,30,1,4,3,409,0,0,1,1,1,0,0,1,1,E01002137,22-04-2018,1,1,1,1,31,6,3,0,0,0,0,-1,9,1
13824,73.98064035,15.30586768,1,3,1,1,6,19:30,29,E09000015,3,312,6,30,3,4,6,0,0,0,1,1,1,0,0,1,1,E01002219,22-04-2018,1,2,2,2,10,2,3,0,0,1,0,-1,9,1
13825,73.95467129,15.3062835,1,3,2,1,5,20:30,29,E09000015,3,410,6,30,3,4,5,0,0,0,4,1,1,0,0,1,2,E01002226,07-04-2018,1,3,2,2,8,2,3,0,0,2,0,-1,9,1
13826,74.05184311,15.18446263,1,3,1,1,2,08:27,29,E09000015,5,0,6,30,3,4,6,0,0,0,1,2,2,0,0,1,1,E01002194,25-04-2018,1,1,1,1,31,6,3,0,0,0,0,-1,2,1
13827,74.14856263,15.30465133,1,3,2,1,3,16:28,29,E09000015,3,4140,6,30,6,4,6,0,0,0,1,1,1,0,0,1,1,E01002114,26-04-2018,1,1,2,2,51,8,3,0,0,1,0,-1,9,1
13828,74.11741431,15.31765148,1,3,1,3,6,02:15,29,E09000015,3,312,6,30,0,-1,-1,0,0,0,4,1,1,0,0,1,1,E01002132,25-03-2018,1,1,1,2,47,8,3,0,0,0,0,-1,5,1
13829,73.9510596,15.18075066,1,3,3,1,1,16:00,29,E09000015,3,4090,6,30,0,-1,-1,0,0,0,1,1,1,0,0,1,1,E01002209,17-04-2018,1,1,1,2,30,6,3,0,0,0,0,-1,9,1
13830,73.96183313,15.33341703,1,3,2,1,5,22:00,29,E09000015,3,312,6,30,0,-1,-1,0,0,0,4,1,1,0,0,1,2,E01002221,07-04-2018,1,1,1,1,35,6,3,0,0,0,0,-1,9,1
13831,73.9820965,15.21400911,1,3,2,1,3,12:55,29,E09000015,5,0,3,30,6,2,5,0,0,5,1,2,2,0,0,1,1,E01002129,26-04-2018,1,1,1,1,28,6,2,0,0,0,0,-1,1,1
13832,74.01599885,15.33374286,1,3,2,1,3,09:15,29,E09000015,6,0,6,30,0,-1,-1,0,0,0,1,1,1,0,0,1,1,E01002223,12-04-2018,1,1,3,1,-1,-1,2,5,3,0,0,-1,0,1
13833,73.99378187,15.29572995,1,2,1,1,2,13:50,29,E09000015,3,410,6,30,0,-1,-1,0,0,0,1,1,1,0,0,1,2,E01002187,02-05-2018,1,1,1,1,57,9,3,0,0,0,0,-1,9,1
13834,74.1138485,15.17410369,1,3,3,2,6,14:35,29,E09000015,3,409,6,30,0,-1,-1,0,0,0,1,1,1,0,0,1,1,E01002180,29-04-2018,1,1,1,2,42,7,3,0,0,0,0,-1,9,-1
13835,73.96881486,15.23248081,1,3,2,1,6,08:10,29,E09000015,6,0,6,30,6,4,6,0,0,0,1,1,1,0,0,1,1,E01002240,29-04-2018,1,1,1,1,44,7,3,0,0,0,0,-1,9,1
13836,74.11405632,15.22659395,1,3,1,1,7,12:23,29,E09000015,3,312,6,30,3,4,6,0,0,4,1,1,1,0,0,1,1,E01002221,30-04-2018,2,1,1,1,38,7,3,0,0,0,0,-1,3,1
13837,74.01338562,15.20263537,1,2,2,2,6,21:00,29,E09000015,5,0,6,30,0,-1,-1,0,0,0,4,1,1,0,0,1,1,E01002163,29-04-2018,1,1,1,1,37,7,3,0,0,0,0,-1,5,1
13838,74.13104656,15.35855242,1,3,3,3,7,13:05,29,E09000015,3,404,6,30,0,-1,-1,0,0,0,1,1,1,0,0,1,1,E01002192,30-04-2018,1,1,2,2,72,10,3,0,0,0,3,-1,11,1
13839,73.99864221,15.26526681,1,3,1,1,7,18:11,29,E09000015,6,0,6,30,3,4,6,0,0,0,1,1,1,0,0,1,1,E01002191,30-04-2018,1,1,1,1,32,6,3,0,0,0,0,-1,9,1
13840,74.10526341,15.35821659,1,3,2,2,2,13:00,29,E09000015,3,409,6,30,6,2,3,4140,0,5,1,1,1,0,0,2,1,E01002225,02-05-2018,1,1,1,1,40,7,3,0,0,0,0,-1,9,1
13841,73.95276851,15.27928475,1,3,1,1,5,21:15,29,E09000015,5,0,6,30,0,-1,-1,0,0,0,4,1,1,0,0,1,1,E01002170,05-05-2018,1,1,1,1,22,5,3,0,0,0,0,-1,1,1
13842,74.01372908,15.33210506,1,3,2,1,2,14:45,29,E09000015,3,312,6,30,0,-1,-1,0,0,0,1,1,1,0,0,1,1,E01002221,02-05-2018,2,1,1,1,39,7,2,0,0,0,0,-1,1,-1
13843,74.06708951,15.19932752,1,3,1,1,3,08:45,29,E09000015,5,0,6,30,3,2,5,0,0,5,1,1,1,0,0,1,1,E01002162,03-05-2018,1,1,1,1,32,6,3,0,0,0,0,-1,9,1
13844,74.01902744,15.24451315,1,3,1,1,3,10:50,28,E09000005,3,4005,6,30,0,-1,-1,0,0,0,1,1,1,0,0,1,1,E01000606,12-04-2018,1,1,1,1,38,7,3,0,0,0,0,-1,9,-1
13845,74.05560385,15.31306162,1,3,1,1,3,08:55,29,E09000015,6,0,6,30,0,-1,-1,0,0,0,1,1,1,0,0,1,1,E01002108,03-05-2018,1,1,2,1,30,6,3,0,0,0,0,-1,90,1
13846,74.04153942,15.34656372,1,3,2,1,7,11:20,29,E09000015,5,0,6,30,3,4,6,0,0,0,1,1,1,0,0,1,1,E01002183,07-05-2018,2,1,1,1,26,6,3,0,0,0,0,-1,1,1
13847,74.02625875,15.33876134,1,3,1,1,1,07:59,29,E09000015,3,410,6,30,3,4,6,0,0,0,1,1,1,0,0,1,1,E01002112,08-05-2018,2,1,1,1,58,9,3,0,0,0,0,-1,1,1
13848,74.01917574,15.22664855,1,3,2,1,3,15:30,29,E09000015,3,409,6,30,3,2,5,0,0,5,1,1,1,0,0,1,1,E01002126,10-05-2018,1,1,3,1,15,3,3,5,1,0,0,-1,0,1
13849,74.14900694,15.17738157,1,3,2,2,7,13:00,29,E09000015,5,0,6,30,0,-1,-1,0,0,0,1,1,1,0,0,1,1,E01002215,07-05-2018,1,1,3,1,27,6,3,4,3,0,0,-1,0,-1
13850,73.99499293,15.19771087,1,3,1,1,3,08:30,28,E09000005,3,4006,6,30,0,-1,-1,0,0,0,1,1,1,0,0,1,1,E01000541,10-05-2018,1,1,1,1,41,7,3,0,0,0,0,-1,1,1
13851,74.06050166,15.34070865,1,3,2,2,5,11:40,28,E09000005,3,404,6,30,6,2,3,404,0,5,1,1,1,0,0,1,1,E01000621,12-05-2018,1,1,3,2,20,4,3,5,1,0,0,-1,0,1
13852,74.05546369,15.18265355,1,3,2,1,4,16:40,29,E09000015,3,410,1,30,1,4,6,0,0,0,1,1,1,0,0,2,2,E01002150,27-04-2018,1,1,1,2,30,6,3,0,0,0,0,-1,9,1
13853,74.14292337,15.20721713,1,3,2,1,6,19:20,29,E09000015,3,4005,1,30,1,2,3,4127,0,5,4,1,1,0,0,1,2,E01002135,29-04-2018,1,1,1,2,38,7,3,0,0,0,0,-1,9,1
13854,74.11543986,15.26498251,1,3,2,1,2,07:42,28,E09000005,3,404,6,30,0,-1,-1,0,0,0,1,2,2,0,0,1,2,E01002134,25-04-2018,2,1,1,1,21,5,2,0,0,0,0,-1,5,1
13855,74.01269387,15.2320201,1,3,2,1,2,19:10,29,E09000015,6,0,6,30,3,4,6,0,0,0,1,1,1,0,0,1,2,E01002195,02-05-2018,2,2,2,1,30,6,3,0,0,0,0,-1,5,-1
13856,73.99024855,15.20296547,1,3,1,1,6,15:22,28,E09000005,3,4006,6,30,0,-1,-1,0,0,0,1,1,1,0,0,1,1,E01000536,13-05-2018,1,1,1,1,42,7,3,0,0,0,0,-1,5,1
13857,74.09005735,15.30961084,1,3,1,1,5,02:35,30,E09000003,3,5,6,30,7,4,5,0,0,0,4,1,1,0,0,1,1,E01000129,21-04-2018,2,1,1,2,30,6,3,0,0,0,0,-1,9,1
13858,74.00712879,15.29920078,1,3,2,1,4,11:30,28,E09000005,6,0,6,30,1,4,6,0,0,0,1,1,1,0,0,1,2,E01000542,27-04-2018,1,1,3,2,43,7,2,5,9,0,0,-1,0,1
13859,74.09238726,15.31711001,1,3,2,1,6,12:00,29,E09000015,6,0,6,30,3,4,3,4140,0,0,1,1,1,0,0,1,2,E01002226,13-05-2018,1,1,1,1,62,9,3,0,0,0,0,-1,19,-1
13860,73.96448584,15.23989643,1,3,1,1,6,10:48,28,E09000005,3,4006,6,30,3,4,5,0,0,0,1,1,1,0,0,1,1,E01000541,20-05-2018,1,1,3,2,32,6,3,4,1,0,0,-1,0,1
13861,74.081706,15.314678,1,3,1,1,5,14:15,29,E09000015,5,0,6,30,0,-1,-1,0,0,0,1,1,1,0,0,1,1,E01002179,21-04-2018,1,1,1,2,27,6,3,0,0,0,0,-1,9,-1
13862,74.0782749,15.23542753,1,3,2,1,1,21:11,29,E09000015,6,0,6,30,0,-1,-1,0,0,0,4,1,1,0,0,1,1,E01002113,15-05-2018,1,1,3,2,40,7,2,5,2,0,0,-1,0,1
13863,74.08214211,15.1988047,1,3,2,1,4,15:50,29,E09000015,3,404,1,30,2,4,4,466,0,1,1,1,1,0,0,1,1,E01002186,25-05-2018,1,1,1,1,32,6,3,0,0,0,0,-1,9,1
13864,74.08367456,15.26767507,1,3,2,1,2,20:20,29,E09000015,6,0,6,30,0,-1,-1,0,0,0,4,1,1,0,0,1,1,E01002180,23-05-2018,1,1,1,2,30,6,3,0,0,0,0,-1,9,1
13865,74.01370395,15.1890746,1,3,2,1,2,13:35,29,E09000015,3,312,6,30,3,4,6,0,0,0,1,1,1,0,0,1,1,E01002219,23-05-2018,1,1,2,1,-1,-1,3,0,0,0,4,-1,11,-1
13866,74.11092723,15.18877173,1,3,2,1,5,00:27,29,E09000015,3,409,6,30,8,4,6,0,0,0,4,1,1,0,0,1,1,E01002142,26-05-2018,2,1,1,2,21,5,3,0,0,0,0,-1,9,1
13867,73.96938936,15.24598231,1,3,1,1,7,14:48,29,E09000015,4,457,6,30,0,-1,-1,0,0,0,1,1,2,0,0,1,1,E01002132,21-05-2018,1,1,1,1,39,7,2,0,0,0,0,-1,3,1
13868,74.0316164,15.30851968,1,3,2,1,4,09:50,29,E09000015,5,0,6,30,0,-1,-1,0,0,0,1,1,1,0,0,1,1,E01002141,25-05-2018,1,1,1,1,53,8,3,0,0,0,0,-1,5,1
13869,74.08159557,15.2008997,1,3,1,1,4,22:10,29,E09000015,3,4090,6,30,6,4,6,0,0,1,4,1,1,0,0,1,1,E01002204,18-05-2018,1,1,1,2,19,4,3,0,0,0,0,-1,9,1
13870,74.10479429,15.27956218,1,3,1,1,5,15:30,29,E09000015,3,4140,6,30,3,4,3,410,0,0,1,1,1,0,0,1,1,E01002226,26-05-2018,1,1,1,1,34,6,3,0,0,0,0,-1,5,1
13871,73.96889313,15.31617274,1,3,3,1,4,21:00,29,E09000015,3,4090,6,30,3,4,6,0,0,0,4,1,1,0,0,1,1,E01002204,18-05-2018,1,1,1,1,42,7,2,0,0,0,0,-1,5,1
13872,74.11586307,15.31823867,1,3,2,1,6,19:48,29,E09000015,6,0,2,30,0,-1,-1,0,0,0,1,1,1,0,0,1,1,E01002215,27-05-2018,2,1,3,2,29,6,3,9,5,0,0,-1,0,1
13873,74.13481125,15.28473979,1,3,2,1,3,18:32,28,E09000005,3,404,1,30,1,4,3,409,0,0,1,1,1,0,0,1,1,E01002137,19-04-2018,1,1,1,2,34,6,3,0,0,0,0,-1,5,1
13874,74.02186731,15.27410458,1,3,2,1,7,13:15,29,E09000015,3,4140,6,30,1,4,5,0,0,0,1,1,1,0,0,1,2,E01002202,14-05-2018,2,1,1,1,24,5,3,0,0,0,0,-1,9,1
13875,73.97753184,15.22086339,1,3,2,2,7,13:15,29,E09000015,5,0,6,30,6,2,5,0,0,5,1,2,2,0,0,1,1,E01002162,21-05-2018,2,1,1,1,46,8,3,0,0,0,0,-1,3,-1
13876,74.00935213,15.33377436,1,3,2,1,2,21:53,29,E09000015,6,0,6,30,0,-1,-1,0,0,0,4,1,1,0,0,1,1,E01002210,30-05-2018,1,1,3,2,18,4,3,5,2,0,0,-1,0,1
13877,74.03862295,15.26517221,1,3,2,1,4,14:07,29,E09000015,5,0,6,30,6,2,5,0,0,5,1,1,1,0,0,1,2,E01002129,18-05-2018,2,1,2,2,26,6,3,0,0,1,0,-1,9,-1
13878,74.13917176,15.2919392,1,3,2,1,6,09:24,29,E09000015,3,4090,6,30,3,4,6,0,0,0,1,1,1,0,0,1,1,E01002212,27-05-2018,2,2,1,2,57,9,3,0,0,0,0,-1,9,1
13879,74.03849072,15.28687364,1,3,4,1,7,12:25,29,E09000015,3,4090,6,30,6,2,3,404,0,0,1,1,1,0,0,1,2,E01002161,28-05-2018,2,1,1,1,38,7,3,0,0,0,0,-1,19,-1
13880,74.07929709,15.20600795,1,2,2,1,4,12:23,29,E09000015,5,0,1,30,2,4,6,0,0,5,1,2,2,0,0,1,1,E01002172,01-06-2018,1,1,1,2,26,6,3,0,0,0,0,-1,9,1
13881,74.07719796,15.17444225,1,3,2,1,6,08:40,29,E09000015,5,0,6,30,5,4,6,0,0,0,1,1,1,0,0,1,1,E01002177,03-06-2018,1,2,2,2,27,6,3,0,0,1,0,-1,9,-1
13882,74.03954203,15.19793236,1,3,2,1,4,09:45,29,E09000015,5,0,6,30,6,2,5,0,0,0,1,1,1,0,0,1,1,E01002191,08-06-2018,2,1,1,2,23,5,3,0,0,0,0,-1,9,-1
13883,74.08691583,15.29009812,1,3,2,1,5,21:43,29,E09000015,3,409,6,30,8,4,6,0,0,0,4,1,1,0,0,1,1,E01002232,02-06-2018,1,1,3,2,18,4,3,5,1,0,0,-1,0,-1
13884,74.08931161,15.3563086,1,2,1,1,2,20:38,29,E09000015,3,4140,6,30,3,2,5,0,0,5,1,1,1,0,0,1,1,E01002169,06-06-2018,1,1,3,1,55,8,3,5,3,0,0,-1,0,-1
13885,73.98897352,15.26170635,1,3,1,1,5,15:30,29,E09000015,6,0,6,30,3,4,6,0,0,0,1,1,1,0,0,1,1,E01002172,09-06-2018,1,1,2,2,41,7,3,0,0,2,0,-1,8,-1
13886,73.94889657,15.23957396,1,3,2,1,1,18:00,29,E09000015,3,4005,6,30,7,2,3,4127,0,5,1,1,1,0,0,1,2,E01002135,22-05-2018,2,1,1,2,28,6,3,0,0,0,0,-1,5,2
13887,74.12516635,15.30674263,1,3,2,1,3,09:00,29,E09000015,5,0,6,30,0,-1,-1,0,0,0,1,2,2,0,0,1,2,E01002194,24-05-2018,1,1,3,1,25,5,2,5,9,0,0,-1,0,-1
13888,74.0896324,15.35323459,1,2,2,1,1,16:20,30,E09000003,3,5,6,30,6,2,4,461,0,5,1,1,1,0,0,1,1,E01002118,19-06-2018,1,2,1,2,49,8,3,0,0,0,0,-1,9,-1
13889,74.14171539,15.21207918,1,3,1,1,3,08:10,29,E09000015,3,410,6,30,0,-1,-1,0,0,0,1,1,1,0,0,1,1,E01002227,07-06-2018,2,1,1,1,37,7,3,0,0,0,0,-1,9,1
13890,74.08731188,15.30910783,1,3,2,1,4,16:40,29,E09000015,3,4140,3,40,3,4,6,0,0,0,1,1,1,0,0,1,1,E01002203,08-06-2018,1,1,1,2,46,8,3,0,0,0,0,-1,9,-1
13891,74.06547273,15.19293198,1,3,2,1,5,08:15,28,E09000005,5,0,3,30,6,3,3,4006,0,0,1,1,1,0,0,1,1,E01000542,16-06-2018,2,2,1,2,34,6,3,0,0,0,0,-1,9,1
13892,74.01182603,15.23000217,1,3,2,1,2,18:14,30,E09000003,3,5,6,30,3,4,6,0,0,0,1,1,1,0,0,1,1,E01002122,13-06-2018,2,1,1,1,34,6,3,0,0,0,0,-1,5,-1
13893,74.13409537,15.34062104,1,3,2,2,2,22:07,29,E09000015,3,409,3,30,3,4,3,409,0,4,4,1,1,0,0,1,1,E01002126,13-06-2018,1,1,3,1,23,5,3,4,1,0,0,-1,0,-1
13894,74.04658957,15.18218241,1,3,1,1,1,14:45,29,E09000015,6,0,6,30,0,-1,-1,0,0,0,1,1,1,0,0,1,1,E01002168,12-06-2018,3,1,1,1,51,8,3,0,0,0,0,-1,9,-1
13895,73.9621065,15.20148502,1,2,1,1,4,08:00,29,E09000015,3,4140,6,30,0,-1,-1,0,0,0,1,1,1,0,0,1,1,E01002110,08-06-2018,1,1,3,1,31,6,3,5,3,0,0,-1,0,1
13896,74.07889974,15.34071991,1,3,2,1,2,13:00,29,E09000015,6,0,6,30,3,4,6,0,0,0,1,1,1,0,0,1,1,E01002201,20-06-2018,2,1,1,2,42,7,3,0,0,0,0,-1,3,1
13897,73.99043212,15.32545252,1,2,2,1,7,09:48,29,E09000015,5,0,6,30,8,4,6,0,0,0,1,1,1,0,0,1,1,E01002177,18-06-2018,1,1,1,1,20,4,3,0,0,0,0,-1,2,1
13898,74.01847634,15.23955723,1,3,3,1,2,10:53,29,E09000015,3,409,1,30,1,4,3,410,0,4,1,1,1,0,0,1,1,E01002142,20-06-2018,1,1,3,2,15,3,3,5,3,0,0,-1,0,-1
13899,74.02670373,15.20998265,1,3,3,4,3,20:26,29,E09000015,6,0,6,30,6,4,6,0,0,0,4,1,1,0,0,1,1,E01002205,14-06-2018,1,1,1,1,32,6,3,0,0,0,0,-1,3,1
13900,74.14794864,15.26237861,1,2,1,1,1,22:50,29,E09000015,4,461,6,30,3,4,6,0,0,0,4,1,1,0,0,1,1,E01002118,29-05-2018,1,1,2,2,-1,-1,3,0,0,0,4,-1,11,1
13901,74.04831583,15.21664604,1,3,2,1,5,14:35,28,E09000005,3,4006,6,30,0,-1,-1,0,0,0,1,1,1,0,0,1,1,E01000541,16-06-2018,1,1,3,1,43,7,3,1,4,0,0,-1,0,1
13902,73.99823613,15.34071056,1,3,2,1,4,10:45,29,E09000015,3,410,6,30,3,4,6,0,0,1,1,2,2,0,0,1,1,E01002112,15-06-2018,1,1,1,2,37,7,3,0,0,0,0,-1,9,1
13903,74.11848621,15.27322653,1,3,2,1,1,10:40,29,E09000015,3,404,6,30,6,2,3,410,0,5,1,1,1,0,0,1,1,E01002186,19-06-2018,1,1,1,1,20,4,3,0,0,0,0,-1,9,1
13904,74.06978732,15.21254167,1,2,2,1,5,10:35,29,E09000015,3,409,6,30,0,-1,-1,0,0,1,1,1,1,0,0,1,2,E01002179,02-06-2018,1,1,1,1,24,5,3,0,0,0,0,-1,9,1