Accident_Index,longitude,latitude,Police_Force,Accident_Severity,Number_of_Vehicles,Number_of_Casualties,Day_of_Week,Time,Local_Authority_(District),Local_Authority_(Highway),1st_Road_Class,1st_Road_Number,Road_Type,Speed_limit,Junction_Detail,Junction_Control,2nd_Road_Class,2nd_Road_Number,Pedestrian_Crossing-Human_Control,Pedestrian_Crossing-Physical_Facilities,Light_Conditions,Weather_Conditions,Road_Surface_Conditions,Special_Conditions_at_Site,Carriageway_Hazards,Urban_or_Rural_Area,Did_Police_Officer_Attend_Scene_of_Accident,LSOA_of_Accident_Location,Date,Vehicle_Reference,Casualty_Reference,Casualty_Class,Sex_of_Casualty,Age_of_Casualty,Age_Band_of_Casualty,Casualty_Severity,Pedestrian_Location,Pedestrian_Movement,Car_Passenger,Bus_or_Coach_Passenger,Pedestrian_Road_Maintenance_Worker,Casualty_Type,Casualty_Home_Area_Type
14026,74.12737479,15.20875846,1,3,1,1,3,07:55,29,E09000015,6,0,6,30,0,-1,-1,0,0,0,1,1,1,0,2,1,2,E01002161,13-09-2018,2,1,1,1,32,6,3,0,0,0,0,-1,1,1
14027,74.08822778,15.24673733,1,2,1,1,6,12:33,29,E09000015,4,457,6,30,0,-1,-1,0,0,0,1,2,2,4,0,1,1,E01002132,23-09-2018,1,1,3,1,10,2,3,1,1,0,0,-1,0,1
14028,74.07591505,15.22398489,1,3,2,2,7,17:02,29,E09000015,3,410,6,30,6,2,3,4140,0,5,1,1,1,0,0,1,1,E01002226,20-08-2018,1,1,1,1,26,6,3,0,0,0,0,-1,9,1
14029,74.02033998,15.21614467,1,3,2,1,5,10:30,29,E09000015,6,0,6,30,0,-1,-1,0,0,0,1,1,1,0,0,1,2,E01002160,15-09-2018,1,1,1,1,35,6,3,0,0,0,0,-1,9,1
14030,74.06252341,15.35013952,1,3,2,1,7,14:03,29,E09000015,6,0,6,30,3,4,6,0,0,0,1,1,1,0,0,1,2,E01002197,20-08-2018,2,1,1,1,52,8,2,0,0,0,0,-1,9,1
14031,74.05579663,15.17815607,1,3,1,2,1,03:00,28,E09000005,3,4127,6,30,0,-1,-1,0,0,5,4,1,1,5,0,1,2,E01002135,18-09-2018,2,1,1,1,44,7,3,0,0,0,0,-1,1,1
14032,73.98057207,15.35979367,1,3,1,1,1,07:20,29,E09000015,3,410,6,30,3,4,6,0,0,0,1,2,2,0,0,1,1,E01002230,25-09-2018,1,1,1,1,16,4,2,0,0,0,0,-1,2,1
14033,74.11369971,15.19179337,1,3,2,2,2,19:37,29,E09000015,6,0,6,30,0,-1,-1,0,0,0,4,1,1,0,0,1,1,E01002216,19-09-2018,1,1,1,1,38,7,3,0,0,0,0,-1,3,1
14034,74.0422366,15.34474601,1,3,2,1,4,17:12,29,E09000015,5,0,6,30,3,4,6,0,0,0,1,1,1,0,0,1,1,E01002218,21-09-2018,1,1,1,1,35,6,2,0,0,0,0,-1,9,-1
14035,74.11100906,15.36077957,1,2,2,1,4,17:10,29,E09000015,3,404,6,30,6,2,5,0,0,5,1,1,1,0,0,1,1,E01002156,21-09-2018,1,1,1,1,19,4,2,0,0,0,0,-1,3,-1
14036,74.11937098,15.28632169,1,3,2,1,6,14:27,28,E09000005,3,4006,6,30,3,4,6,0,0,4,1,1,1,0,0,1,1,E01000542,16-09-2018,1,1,1,1,41,7,3,0,0,0,0,-1,9,1
14037,74.14637208,15.24361672,1,3,1,1,7,12:45,29,E09000015,4,458,6,30,3,2,4,458,0,5,1,1,1,0,0,1,2,E01002129,27-08-2018,1,1,1,1,28,6,3,0,0,0,0,-1,9,1
14038,74.04359825,15.33870546,1,3,1,1,2,19:20,29,E09000015,3,404,6,30,0,-1,-1,0,0,0,4,1,1,0,0,1,1,E01002189,19-09-2018,1,1,1,2,35,6,3,0,0,0,0,-1,9,1
14039,74.07359321,15.21284818,1,3,1,1,6,15:12,28,E09000005,6,0,6,30,0,-1,-1,0,0,0,1,1,1,0,0,1,1,E01000636,23-09-2018,1,1,1,1,39,7,3,0,0,0,0,-1,1,1
14040,74.09234348,15.29869019,1,3,1,1,4,17:25,29,E09000015,6,0,6,30,6,4,6,0,0,0,1,1,1,0,0,1,1,E01002215,21-09-2018,1,1,2,2,10,2,3,0,0,2,0,-1,9,1
14041,74.0242106,15.20702213,1,3,1,1,2,15:40,28,E09000005,3,4006,6,30,0,-1,-1,0,0,0,1,1,1,0,0,1,1,E01000541,26-09-2018,1,2,2,2,40,7,3,0,0,2,0,-1,9,1
14042,74.14407217,15.18582639,1,2,1,1,4,18:34,29,E09000015,4,457,6,30,3,4,5,0,0,0,1,1,1,0,0,1,1,E01002126,28-09-2018,3,3,1,1,17,4,3,0,0,0,0,-1,1,1
14043,74.00155,15.34586888,1,3,2,1,4,16:28,29,E09000015,3,404,1,30,2,4,3,404,0,0,1,1,1,0,0,1,1,E01002186,28-09-2018,2,1,1,1,21,5,3,0,0,0,0,-1,3,-1
14044,73.96105478,15.18052774,1,3,1,1,3,15:42,29,E09000015,3,312,6,30,0,-1,-1,0,0,0,1,1,1,0,0,1,1,E01002136,27-09-2018,3,2,1,1,18,4,3,0,0,0,0,-1,3,-1
14045,74.13116632,15.366662,1,3,2,1,6,09:00,29,E09000015,3,404,6,30,3,4,6,0,0,0,1,1,1,0,0,1,1,E01002161,22-07-2018,2,1,1,2,49,8,3,0,0,0,0,-1,9,1
14046,74.0480644,15.30913648,1,3,2,1,4,08:40,29,E09000015,3,410,6,30,3,4,6,0,0,0,1,1,1,0,0,1,1,E01002187,28-09-2018,1,1,2,1,55,8,3,0,0,2,0,-1,9,1
14047,74.03156197,15.27122187,1,3,2,1,6,22:20,29,E09000015,5,0,6,30,3,4,6,0,0,0,1,1,1,0,0,1,1,E01002215,23-09-2018,2,1,1,1,30,6,3,0,0,0,0,-1,5,1
14048,74.14614206,15.35046782,1,3,2,1,5,14:07,29,E09000015,5,0,6,30,0,-1,-1,0,0,0,1,1,1,0,0,1,1,E01002172,29-09-2018,1,1,1,1,56,9,3,0,0,0,0,-1,4,1
14049,73.95551818,15.29714784,1,3,2,2,6,23:00,29,E09000015,3,410,6,30,3,2,6,0,0,5,4,1,1,0,0,1,1,E01002226,23-09-2018,1,1,3,1,36,7,2,9,5,0,0,-1,0,1
14050,73.95906273,15.32031104,1,3,1,1,3,23:15,29,E09000015,3,410,6,30,0,-1,-1,0,0,0,4,1,1,0,0,1,1,E01002225,27-09-2018,1,1,1,1,58,9,2,0,0,0,0,-1,9,1
14051,74.0603757,15.32236913,1,3,4,1,1,20:03,29,E09000015,5,0,6,30,3,4,6,0,0,0,4,1,2,0,0,1,1,E01002231,11-09-2018,2,1,1,1,-1,-1,3,0,0,0,0,-1,1,-1
14052,74.13035778,15.36343029,1,3,1,1,7,00:40,29,E09000015,4,457,6,30,0,-1,-1,0,0,0,4,2,2,0,0,1,1,E01002137,02-07-2018,2,1,1,1,26,6,3,0,0,0,0,-1,9,1
14053,74.01362711,15.24248515,1,3,2,1,1,21:30,29,E09000015,6,0,6,30,0,-1,-1,0,0,0,4,1,1,0,0,1,1,E01002242,18-09-2018,3,2,1,2,34,6,3,0,0,0,0,-1,9,-1
14054,73.97887698,15.20964117,1,3,3,2,7,07:45,29,E09000015,3,404,6,30,0,-1,-1,0,0,0,1,1,1,0,0,1,2,E01002155,01-10-2018,2,1,1,1,38,7,3,0,0,0,0,-1,5,-1
14055,74.04528512,15.19956903,1,2,2,1,7,22:32,29,E09000015,6,0,6,30,0,-1,-1,0,0,0,4,1,1,0,0,1,1,E01002236,24-09-2018,1,1,1,1,20,4,3,0,0,0,0,-1,3,1
14056,73.97528827,15.28061676,1,3,4,2,3,07:00,29,E09000015,3,312,6,30,8,4,6,0,0,0,1,1,1,0,0,1,1,E01002133,04-10-2018,1,1,1,1,18,4,3,0,0,0,0,-1,3,1
14057,73.96887827,15.28566408,1,3,1,1,7,12:30,30,E09000003,6,0,6,30,3,4,3,5,0,0,1,1,1,0,0,1,2,E01002123,01-10-2018,1,1,1,2,26,6,3,0,0,0,0,-1,9,1
14058,74.10602211,15.25042734,1,3,2,1,5,10:41,29,E09000015,3,4008,1,30,1,4,6,0,0,0,1,1,1,0,0,2,1,E01002148,06-10-2018,2,1,1,2,31,6,3,0,0,0,0,-1,3,1
14059,74.10827858,15.30254863,1,3,2,1,2,15:30,29,E09000015,3,404,6,30,6,2,3,404,0,5,1,1,1,0,0,1,1,E01002157,10-10-2018,1,1,3,1,15,3,3,5,3,0,0,-1,0,1
14060,74.02241597,15.19563774,1,3,2,2,7,09:25,29,E09000015,3,409,6,30,6,2,3,4140,0,5,1,1,1,0,0,2,1,E01002225,08-10-2018,1,1,3,1,48,8,3,6,9,0,0,-1,0,1
14061,74.02576346,15.3003168,1,3,3,3,4,20:48,29,E09000015,3,409,6,30,0,-1,-1,0,0,0,4,1,1,0,0,2,1,E01002144,05-10-2018,1,1,1,1,18,4,3,0,0,0,0,-1,3,-1
14062,74.14906648,15.36217059,1,3,1,2,7,18:10,30,E09000003,3,5,6,30,0,-1,-1,0,0,1,4,2,2,0,0,1,1,E01002112,08-10-2018,1,1,3,1,11,3,3,5,1,0,0,-1,0,1
14063,74.1358709,15.19260429,1,3,2,1,6,16:42,29,E09000015,3,4140,3,30,3,4,6,0,0,0,1,1,1,0,0,1,1,E01002203,07-10-2018,1,1,1,1,40,7,3,0,0,0,0,-1,9,1
14064,74.13350096,15.23314216,1,3,1,1,4,18:11,29,E09000015,3,404,6,30,0,-1,-1,0,0,0,1,1,1,0,0,1,1,E01002189,05-10-2018,2,2,1,1,45,7,3,0,0,0,0,-1,9,1
14065,74.12668143,15.19730826,1,3,1,1,6,12:00,29,E09000015,3,410,6,30,0,-1,-1,0,0,0,1,1,1,0,0,1,1,E01002226,30-09-2018,2,1,1,1,36,7,3,0,0,0,0,-1,1,1
14066,73.9914628,15.28687101,1,3,1,1,5,07:06,29,E09000015,5,0,6,30,3,4,6,0,0,8,1,1,1,0,0,1,1,E01002174,06-10-2018,1,1,1,1,30,6,3,0,0,0,0,-1,9,-1
14067,74.00332848,15.29891005,1,3,1,1,6,18:55,29,E09000015,3,312,6,30,3,4,6,0,0,0,1,1,1,0,0,1,1,E01002133,07-10-2018,1,1,2,2,38,7,3,0,0,1,0,-1,9,-1
14068,73.99399552,15.27982383,1,3,1,1,7,01:30,29,E09000015,3,410,6,30,0,-1,-1,0,0,0,4,1,1,0,0,1,1,E01002144,08-10-2018,1,2,2,1,10,2,3,0,0,2,0,-1,9,-1
14069,73.94851799,15.20998159,1,3,2,1,5,18:00,29,E09000015,3,409,6,30,3,2,5,0,0,5,1,1,1,0,0,1,2,E01002233,13-10-2018,2,1,2,2,69,10,3,0,0,1,0,-1,9,1
14070,73.98433251,15.33552351,1,2,1,1,2,15:32,29,E09000015,6,0,6,30,3,4,6,0,0,0,1,1,1,0,0,1,1,E01002187,10-10-2018,1,1,1,1,13,3,3,0,0,0,0,-1,1,1
14071,74.09095429,15.22301385,1,3,2,1,1,20:15,29,E09000015,5,0,1,30,1,4,3,4140,0,0,4,1,2,0,0,1,1,E01002202,16-10-2018,1,1,1,1,54,8,3,0,0,0,0,-1,9,1
14072,73.95577139,15.24788207,1,3,2,1,4,02:15,29,E09000015,6,0,6,30,0,-1,-1,0,0,0,4,1,1,0,0,1,1,E01002128,19-10-2018,1,1,3,2,28,6,3,1,1,0,0,-1,0,1
14073,74.04067111,15.24197591,1,3,2,1,3,09:09,29,E09000015,3,4140,6,30,3,4,6,0,0,0,1,1,1,0,0,1,1,E01002107,11-10-2018,1,1,2,2,56,9,3,0,0,1,0,-1,9,1
14074,74.12643114,15.3617355,1,2,2,2,1,19:56,29,E09000015,3,404,6,30,3,3,6,0,0,0,4,1,1,0,0,1,1,E01002157,16-10-2018,1,1,3,2,30,6,3,5,3,0,0,-1,0,1
14075,74.1178137,15.363535,1,3,2,2,1,20:46,29,E09000015,3,409,6,30,3,4,3,409,0,0,4,2,2,0,0,1,1,E01002140,16-10-2018,2,1,1,1,19,4,3,0,0,0,0,-1,5,1
14076,73.97004672,15.34595734,1,3,2,1,5,05:01,29,E09000015,5,0,6,30,3,4,6,0,0,0,4,2,2,0,0,1,1,E01002141,13-10-2018,2,1,1,1,24,5,3,0,0,0,0,-1,3,1
14077,74.09888134,15.26652422,1,2,3,2,4,16:45,29,E09000015,3,410,6,30,0,-1,-1,0,0,0,4,2,2,0,0,1,1,E01002142,19-10-2018,2,1,1,1,24,5,3,0,0,0,0,-1,9,1
14078,74.0927502,15.29661499,1,2,2,1,2,15:00,29,E09000015,5,0,6,30,0,-1,-1,0,0,0,1,1,1,0,0,1,1,E01002163,03-10-2018,2,1,1,1,16,4,3,0,0,0,0,-1,1,1
14079,74.08177311,15.30620715,1,3,2,1,5,10:17,29,E09000015,5,0,6,30,6,4,6,0,0,0,1,2,2,0,0,1,1,E01002154,13-10-2018,1,1,2,1,-1,-1,3,0,0,0,4,-1,11,1
14080,74.12049946,15.34825836,1,3,2,1,2,08:39,29,E09000015,6,0,6,30,3,4,6,0,0,0,1,1,1,0,0,1,1,E01002140,10-10-2018,1,1,3,2,42,7,3,6,9,0,0,-1,0,1
14081,73.9616033,15.30794149,1,2,1,2,7,14:30,29,E09000015,3,409,6,30,0,-1,-1,0,0,0,1,1,1,0,0,1,1,E01002232,15-10-2018,1,1,1,1,20,4,3,0,0,0,0,-1,9,1
14082,74.11410031,15.25248843,1,3,2,1,7,12:45,29,E09000015,6,0,6,30,8,4,6,0,0,0,1,1,1,0,0,1,1,E01002136,15-10-2018,1,2,2,2,-1,-1,3,0,0,1,0,-1,9,-1
14083,74.09815483,15.32842769,1,3,2,1,2,20:26,28,E09000005,3,4006,6,30,6,4,6,0,0,0,4,1,1,0,0,1,1,E01000568,17-10-2018,2,1,1,2,-1,-1,2,0,0,0,0,-1,1,-1
14084,74.01277956,15.33262397,1,3,3,1,4,13:10,29,E09000015,6,0,6,30,0,-1,-1,0,0,0,1,1,2,0,0,1,1,E01002178,19-10-2018,1,1,3,2,91,11,3,5,3,0,0,-1,0,1
14085,74.13033822,15.35989911,1,3,3,1,4,21:55,29,E09000015,3,312,6,30,0,-1,-1,0,0,0,4,1,1,0,0,1,1,E01002133,19-10-2018,2,1,1,2,-1,-1,3,0,0,0,0,-1,9,1
14086,74.05164856,15.24602456,1,3,2,1,6,16:35,29,E09000015,3,4140,6,30,3,4,6,0,0,0,1,1,1,0,0,1,2,E01002226,07-10-2018,1,1,1,1,44,7,3,0,0,0,0,-1,5,-1
14087,74.08271554,15.26798452,1,3,2,2,6,21:07,29,E09000015,3,404,6,30,6,2,3,404,0,0,4,1,1,0,0,1,1,E01002156,21-10-2018,1,1,1,1,18,4,2,0,0,0,0,-1,3,1
14088,74.06333206,15.22690004,1,3,1,1,4,09:25,29,E09000015,3,404,6,30,0,-1,-1,0,0,0,1,1,1,0,0,1,2,E01002137,12-10-2018,1,1,1,2,44,7,3,0,0,0,0,-1,9,1
14089,74.06302735,15.357564,1,3,3,1,5,13:00,29,E09000015,3,312,6,30,1,4,6,0,2,0,1,1,1,0,0,1,1,E01002213,20-10-2018,1,1,3,1,9,2,3,5,1,0,0,-1,0,1
14090,74.04073042,15.20687831,1,3,2,1,6,12:00,29,E09000015,3,404,6,30,0,-1,-1,0,0,4,1,2,2,0,0,1,1,E01002189,21-10-2018,1,1,1,2,47,8,3,0,0,0,0,-1,9,1
14091,74.11599737,15.33763904,1,3,1,1,3,15:45,27,E09000009,3,4127,6,30,3,4,6,0,0,0,1,1,1,0,0,1,1,E01001312,13-09-2018,1,2,2,1,8,2,3,0,0,1,0,-1,9,1
14092,74.05737338,15.21927751,1,3,2,1,2,20:45,28,E09000005,3,4006,6,30,3,4,6,0,0,0,4,1,1,0,0,1,2,E01000536,17-10-2018,3,3,1,2,44,7,3,0,0,0,0,-1,9,1
14093,74.09233347,15.3544778,1,3,1,1,5,08:00,29,E09000015,3,4090,6,30,6,4,6,0,0,0,1,1,1,0,0,1,1,E01002242,27-10-2018,1,1,2,1,-1,-1,3,0,0,0,3,-1,11,-1
14094,74.1368698,15.36283555,1,3,2,1,1,22:43,28,E09000005,3,404,1,30,1,4,3,409,0,0,4,1,1,0,0,1,1,E01002137,30-10-2018,2,1,1,1,36,7,3,0,0,0,0,-1,9,1
14095,74.0613072,15.25964246,1,3,2,1,3,15:28,29,E09000015,5,0,6,30,6,2,5,0,0,5,1,1,1,0,0,1,1,E01002162,01-11-2018,1,1,2,2,65,9,3,0,0,0,2,-1,11,1
14096,74.03090659,15.33035029,1,3,2,1,4,14:45,29,E09000015,3,410,6,30,8,4,6,0,0,5,1,1,1,0,0,1,2,E01002226,17-08-2018,1,1,3,1,37,7,3,5,1,0,0,-1,0,-1
14097,74.07536328,15.23439751,1,3,3,1,5,11:15,29,E09000015,6,0,6,30,3,4,6,0,0,0,1,1,1,0,0,1,2,E01002147,13-10-2018,1,1,3,1,82,11,3,5,2,0,0,-1,0,1
14098,74.0147114,15.35121685,1,3,2,3,2,15:15,29,E09000015,5,0,1,30,1,4,5,0,0,0,1,1,1,0,0,1,2,E01002111,17-10-2018,1,1,3,2,84,11,2,5,3,0,0,-1,0,1
14099,74.12087901,15.25248207,1,3,1,1,6,08:53,29,E09000015,6,0,6,30,8,2,3,312,0,5,1,2,2,0,0,1,1,E01002219,28-10-2018,1,1,1,1,27,6,3,0,0,0,0,-1,9,1
14100,74.10498325,15.36422012,1,3,2,1,4,09:00,29,E09000015,6,0,6,30,3,4,6,0,0,0,1,1,1,0,0,1,2,E01002189,26-10-2018,1,2,3,1,34,6,3,5,1,0,0,-1,0,-1
14101,74.12337217,15.19126645,1,3,2,1,2,09:12,29,E09000015,5,0,6,30,0,-1,-1,0,0,0,1,2,2,0,0,1,1,E01002201,24-10-2018,1,1,2,1,81,11,3,0,0,0,4,-1,11,-1
14102,73.94859129,15.35642112,1,3,2,1,7,11:50,29,E09000015,5,0,6,30,3,4,6,0,0,0,1,1,1,0,0,1,2,E01002119,22-10-2018,1,1,1,1,34,6,3,0,0,0,0,-1,3,1
14103,74.03771069,15.25558434,1,3,1,1,4,18:00,29,E09000015,6,0,6,30,3,4,6,0,0,0,4,2,2,0,0,1,1,E01002241,02-11-2018,1,1,1,1,51,8,3,0,0,0,0,-1,2,1
14104,73.9657571,15.26619525,1,3,2,1,4,09:45,30,E09000003,3,5,6,30,3,4,5,0,0,0,1,1,2,0,0,2,3,E01002114,19-10-2018,2,1,1,1,-1,-1,3,0,0,0,0,-1,1,-1
14105,74.06457604,15.24003419,1,3,2,1,4,23:30,29,E09000015,3,404,6,30,3,2,3,410,0,0,5,2,2,0,0,1,1,E01002186,02-11-2018,1,1,1,1,31,6,3,0,0,0,0,-1,2,1
14106,74.05585187,15.22218712,1,3,1,1,3,17:30,29,E09000015,3,410,6,30,0,-1,-1,0,0,0,4,1,1,0,0,1,1,E01002227,01-11-2018,1,1,1,1,17,4,3,0,0,0,0,-1,2,1
14107,74.13567933,15.31237646,1,3,2,2,3,17:00,28,E09000005,6,0,3,30,3,4,3,4006,0,0,4,1,1,0,0,1,1,E01000543,01-11-2018,1,1,3,2,42,7,3,1,1,0,0,-1,0,1
14108,74.00989233,15.23139224,1,3,2,1,3,19:30,29,E09000015,4,457,1,30,1,4,3,4005,0,0,4,1,1,0,0,1,2,E01002132,25-10-2018,2,1,1,1,23,5,3,0,0,0,0,-1,2,1
14109,74.02054262,15.35946612,1,3,1,1,4,22:29,29,E09000015,3,410,6,30,6,2,3,4140,0,5,4,2,2,0,0,1,1,E01002114,02-11-2018,2,1,1,1,41,7,3,0,0,0,0,-1,9,-1
14110,74.1330693,15.20071794,1,3,1,3,3,08:45,29,E09000015,6,0,6,30,0,-1,-1,0,0,0,1,1,2,0,0,1,1,E01002185,01-11-2018,1,1,3,2,18,4,3,1,1,0,0,-1,0,1
14111,74.08004365,15.17437082,1,3,2,1,2,09:25,29,E09000015,3,404,6,30,6,4,6,0,0,0,1,1,1,0,0,1,1,E01002192,31-10-2018,1,1,1,2,21,5,3,0,0,0,0,-1,9,1
14112,73.99399288,15.19550619,1,3,2,1,6,23:40,29,E09000015,6,0,6,30,3,4,6,0,0,0,4,2,2,0,0,1,1,E01002132,28-10-2018,1,1,1,1,75,10,3,0,0,0,0,-1,9,1
14113,74.1453433,15.28899901,1,3,1,1,2,01:34,29,E09000015,3,409,6,30,0,-1,-1,0,0,0,4,1,2,0,0,1,1,E01002142,07-11-2018,1,1,1,2,31,6,3,0,0,0,0,-1,9,1
14114,73.99355239,15.23448268,1,3,1,1,2,22:30,29,E09000015,5,0,6,30,6,2,5,0,0,5,4,1,2,0,0,2,1,E01002144,07-11-2018,1,1,2,2,54,8,3,0,0,2,0,-1,9,-1
14115,74.0710126,15.32216114,1,3,2,1,4,19:32,29,E09000015,5,0,6,30,0,-1,-1,0,0,0,4,1,1,0,0,1,1,E01002176,26-10-2018,1,2,2,2,44,7,3,0,0,2,0,-1,9,1
14116,74.01157718,15.26523578,1,3,2,2,4,16:00,29,E09000015,3,404,6,30,6,2,3,404,0,5,1,2,2,0,0,1,2,E01002157,02-11-2018,1,1,1,2,38,7,3,0,0,0,0,-1,2,1
14117,74.09102978,15.24398734,1,3,1,1,3,11:30,29,E09000015,3,409,6,30,0,-1,-1,0,0,0,1,1,1,0,0,1,1,E01002140,01-11-2018,1,1,1,2,36,7,3,0,0,0,0,-1,9,1
14118,74.11402562,15.34027032,1,2,1,1,7,12:09,29,E09000015,4,458,6,30,3,4,4,458,0,0,1,1,1,0,0,1,1,E01002129,05-11-2018,1,1,3,1,88,11,3,5,2,0,0,-1,0,1
14119,74.107409,15.36271203,1,2,1,1,7,23:40,29,E09000015,3,410,3,40,0,-1,-1,0,0,0,4,1,1,0,0,1,1,E01002144,05-11-2018,2,1,1,1,52,8,3,0,0,0,0,-1,9,1
14120,74.01108675,15.27287257,1,3,1,1,4,23:00,29,E09000015,5,0,6,30,0,-1,-1,0,0,0,4,1,1,0,0,1,2,E01002129,09-11-2018,1,1,3,1,18,4,2,5,1,0,0,-1,0,-1
14121,74.01725079,15.23774702,1,3,1,1,7,01:05,29,E09000015,5,0,6,30,0,-1,-1,0,0,0,4,1,2,0,0,2,1,E01002144,12-11-2018,1,1,1,2,70,10,3,0,0,0,0,-1,9,1
14122,74.01756449,15.26321985,1,3,2,2,4,09:00,29,E09000015,5,0,6,30,0,-1,-1,0,0,0,1,1,2,0,0,2,1,E01002144,09-11-2018,1,2,2,2,57,9,2,0,0,1,0,-1,9,1
14123,74.10424645,15.21592621,1,3,2,1,2,21:00,30,E09000003,3,5,6,30,3,4,5,0,0,0,4,1,1,0,0,1,1,E01002123,14-11-2018,1,3,2,1,33,6,3,0,0,2,0,-1,9,1
14124,74.01609792,15.22359506,1,3,2,1,6,18:18,29,E09000015,5,0,6,30,3,4,6,0,0,0,4,1,1,0,0,1,1,E01002199,04-11-2018,2,4,3,1,21,5,3,6,9,0,0,-1,0,-1
14125,74.09801993,15.36378515,1,3,2,1,2,17:25,29,E09000015,5,0,6,30,3,4,6,0,0,0,1,1,1,0,0,1,1,E01002114,10-10-2018,2,5,3,2,21,5,3,6,9,0,0,-1,0,-1
14126,74.03301939,15.2826761,1,3,1,1,6,05:45,29,E09000015,3,409,6,30,0,-1,-1,0,0,0,1,1,1,0,0,1,1,E01002180,04-11-2018,2,1,1,2,34,6,3,0,0,0,0,-1,9,-1
14127,74.02296743,15.31623698,1,3,2,1,5,09:57,29,E09000015,6,0,6,30,0,-1,-1,0,0,0,1,1,1,0,0,1,1,E01002169,03-11-2018,1,1,1,2,36,7,3,0,0,0,0,-1,9,1
14128,73.95240439,15.23861235,1,3,2,1,4,18:20,30,E09000003,6,0,6,30,3,4,3,5,0,0,4,1,1,0,0,1,1,E01002123,09-11-2018,2,2,1,1,16,4,3,0,0,0,0,-1,1,-1
14129,74.1412068,15.18249738,1,3,1,1,2,15:50,30,E09000003,3,5,6,30,3,2,5,0,0,5,1,2,2,0,0,1,1,E01002123,24-10-2018,2,1,1,1,24,5,3,0,0,0,0,-1,1,1
14130,74.01142449,15.28698865,1,3,2,1,4,16:15,29,E09000015,5,0,6,30,3,4,6,0,0,0,1,1,1,0,0,1,1,E01002214,09-11-2018,1,1,1,2,-1,-1,3,0,0,0,0,-1,9,1
14131,74.14273829,15.27805133,1,3,3,1,1,12:45,29,E09000015,3,409,6,30,3,4,6,0,0,0,1,1,1,0,0,2,2,E01002225,21-08-2018,1,1,1,1,26,6,3,0,0,0,0,-1,5,1
14132,74.05669577,15.28409638,1,3,2,1,4,16:40,29,E09000015,3,410,3,30,3,4,6,0,0,0,4,1,1,0,0,1,1,E01002150,09-11-2018,2,1,1,1,36,7,3,0,0,0,0,-1,9,1
14133,73.97183839,15.19742829,1,3,2,1,4,13:25,29,E09000015,3,4140,3,30,1,4,5,0,0,0,1,1,1,0,0,1,1,E01002202,09-11-2018,2,1,1,1,13,3,3,0,0,0,0,-1,1,-1
14134,74.03025935,15.30541944,1,2,1,1,2,09:24,28,E09000005,3,4006,6,30,3,2,5,0,0,5,1,1,4,0,0,1,1,E01000541,14-11-2018,1,1,1,2,21,5,3,0,0,0,0,-1,1,-1
14135,74.05371676,15.2938577,1,3,1,1,4,17:10,29,E09000015,3,410,6,30,3,4,6,0,0,0,4,1,1,0,0,1,1,E01002152,09-11-2018,1,1,1,2,39,7,3,0,0,0,0,-1,9,1
14136,74.08631149,15.31340303,1,3,2,1,5,07:40,29,E09000015,5,0,1,30,1,4,5,0,0,0,1,2,2,0,0,1,2,E01002199,15-09-2018,1,1,1,1,17,4,3,0,0,0,0,-1,3,-1
14137,74.02802621,15.32024622,1,3,2,1,2,07:19,28,E09000005,3,4006,3,30,0,-1,-1,0,0,0,1,1,1,0,0,1,1,E01000568,14-11-2018,2,1,1,1,15,3,3,0,0,0,0,-1,1,1
14138,74.13477378,15.30669379,1,3,2,1,5,01:10,29,E09000015,3,4090,6,30,0,-1,-1,0,0,0,4,1,1,0,0,1,2,E01002153,17-11-2018,2,1,1,2,-1,-1,3,0,0,0,0,-1,1,1
14139,74.07750697,15.19507262,1,3,2,1,7,12:45,29,E09000015,6,0,6,30,3,4,6,0,0,0,1,1,1,0,0,1,1,E01002192,12-11-2018,1,1,2,2,4,1,3,0,0,0,0,-1,19,-1
14140,73.96612519,15.26819773,1,3,2,1,3,15:21,28,E09000005,3,4006,6,30,3,4,3,4006,0,0,1,1,1,0,0,1,1,E01000542,15-11-2018,2,1,2,2,-1,-1,3,0,0,2,0,-1,9,1
14141,74.0147551,15.33549904,1,3,2,6,4,08:47,29,E09000015,6,0,6,30,3,4,6,0,0,0,1,1,1,0,0,1,1,E01002107,16-11-2018,1,1,3,1,37,7,3,5,1,0,0,-1,0,1
14142,74.04187792,15.18872522,1,3,1,1,2,15:38,29,E09000015,5,0,1,30,1,4,5,0,0,0,1,1,1,0,0,1,1,E01002136,14-11-2018,2,1,1,1,51,8,3,0,0,0,0,-1,5,1
14143,74.12369478,15.35748251,1,3,1,1,7,15:30,29,E09000015,5,0,6,30,7,4,6,0,0,1,1,1,2,0,0,1,1,E01002194,19-11-2018,1,1,3,1,71,10,3,6,9,0,0,-1,0,1
14144,73.97228804,15.34680668,1,3,2,1,5,22:30,29,E09000015,5,0,1,30,1,4,5,0,0,0,4,1,2,0,0,1,1,E01002111,17-11-2018,1,1,3,1,63,9,3,4,1,0,0,-1,0,1
14145,74.0930011,15.24993676,1,3,1,1,2,14:45,26,E09000017,5,0,6,30,3,4,5,0,0,0,1,1,1,0,0,1,2,E01002496,21-11-2018,1,1,2,2,13,3,3,0,0,1,0,-1,9,1
14146,74.0210067,15.23319771,1,3,2,1,3,07:48,29,E09000015,6,0,6,30,3,4,6,0,0,0,1,1,1,0,0,1,2,E01002189,15-11-2018,2,1,1,1,-1,-1,3,0,0,0,0,-1,1,1