Accident_Index,longitude,latitude,Police_Force,Accident_Severity,Number_of_Vehicles,Number_of_Casualties,Day_of_Week,Time,Local_Authority_(District),Local_Authority_(Highway),1st_Road_Class,1st_Road_Number,Road_Type,Speed_limit,Junction_Detail,Junction_Control,2nd_Road_Class,2nd_Road_Number,Pedestrian_Crossing-Human_Control,Pedestrian_Crossing-Physical_Facilities,Light_Conditions,Weather_Conditions,Road_Surface_Conditions,Special_Conditions_at_Site,Carriageway_Hazards,Urban_or_Rural_Area,Did_Police_Officer_Attend_Scene_of_Accident,LSOA_of_Accident_Location,Date,Vehicle_Reference,Casualty_Reference,Casualty_Class,Sex_of_Casualty,Age_of_Casualty,Age_Band_of_Casualty,Casualty_Severity,Pedestrian_Location,Pedestrian_Movement,Car_Passenger,Bus_or_Coach_Passenger,Pedestrian_Road_Maintenance_Worker,Casualty_Type,Casualty_Home_Area_Type
14147,73.96112205,15.36195265,1,3,1,1,2,15:45,29,E09000015,6,0,6,30,3,4,6,0,0,0,1,1,1,0,0,1,1,E01002233,21-11-2018,1,1,2,2,47,8,3,0,0,0,4,-1,11,1
14148,74.0829111,15.33406098,1,3,2,1,2,08:57,29,E09000015,3,404,6,30,0,-1,-1,0,0,0,1,1,1,0,0,1,1,E01002129,21-11-2018,1,1,1,1,61,9,3,0,0,0,0,-1,9,1
14149,73.97072511,15.23174902,1,3,2,1,7,19:40,29,E09000015,3,404,6,30,0,-1,-1,0,0,0,1,1,1,0,0,1,2,E01002160,12-11-2018,1,1,1,1,25,5,3,0,0,0,0,-1,9,1
14150,74.11752637,15.18378096,1,3,1,1,6,18:33,29,E09000015,3,410,6,30,3,2,6,0,0,5,4,1,2,0,0,1,1,E01002226,18-11-2018,1,1,2,2,20,4,3,0,0,0,3,-1,11,1
14151,73.98118185,15.29419188,1,3,2,1,6,19:47,29,E09000015,5,0,1,30,1,4,5,0,0,0,4,9,2,0,0,1,2,E01002180,18-11-2018,1,2,2,1,49,8,3,0,0,0,3,-1,11,1
14152,74.10765849,15.20808975,1,3,2,1,2,18:06,29,E09000015,3,404,6,30,6,2,4,457,0,5,4,1,1,0,0,1,1,E01002137,21-11-2018,1,1,1,1,35,6,3,0,0,0,0,-1,5,1
14153,74.0653162,15.2754596,1,3,2,1,3,22:15,28,E09000005,3,409,1,30,1,4,3,404,0,0,4,1,1,0,0,1,1,E01002126,29-11-2018,1,1,3,2,51,8,2,5,3,0,0,-1,0,-1
14154,74.11634646,15.21477746,1,3,1,1,6,09:00,29,E09000015,3,312,6,30,3,4,3,404,0,0,1,1,1,0,0,1,2,E01002129,28-10-2018,1,1,1,1,45,7,3,0,0,0,0,-1,5,1
14155,74.01322707,15.30763648,1,2,2,2,1,14:05,29,E09000015,5,0,6,30,6,4,6,0,0,0,1,1,1,0,0,1,1,E01002154,27-11-2018,2,2,1,1,36,7,2,0,0,0,0,-1,5,-1
14156,74.06331192,15.22281471,1,3,1,1,4,08:47,29,E09000015,4,461,6,30,0,-1,-1,0,0,0,1,1,1,0,0,1,1,E01002118,23-11-2018,1,1,1,2,49,8,3,0,0,0,0,-1,9,1
14157,74.00342082,15.35207984,1,3,2,3,2,11:50,29,E09000015,3,409,6,30,3,2,3,409,0,0,1,1,2,1,0,1,1,E01002126,21-11-2018,1,1,2,2,78,11,3,0,0,0,4,-1,11,-1
14158,74.05805057,15.25340523,1,3,2,1,3,19:01,29,E09000015,3,410,3,40,9,4,6,0,0,0,4,8,2,0,0,1,1,E01002144,22-11-2018,1,3,1,2,20,4,3,0,0,0,0,-1,9,1
14159,73.94953836,15.22003574,1,3,1,1,6,07:48,29,E09000015,5,0,7,30,5,4,6,0,0,0,1,1,2,0,0,1,1,E01002202,02-12-2018,1,4,2,2,20,4,3,0,0,1,0,-1,9,1
14160,74.0509223,15.32614302,1,3,2,1,2,09:47,29,E09000015,6,0,6,30,2,4,6,0,0,0,1,1,1,0,0,1,1,E01002173,14-11-2018,2,1,2,2,41,7,3,0,0,2,0,-1,9,1
14161,74.05186142,15.36318695,1,3,1,1,6,22:44,29,E09000015,6,0,6,30,0,-1,-1,0,0,0,4,2,2,0,0,1,1,E01002184,18-11-2018,2,2,2,2,27,6,3,0,0,1,0,-1,9,1
14162,74.12986655,15.26514232,1,3,3,1,7,11:15,29,E09000015,6,0,6,30,6,2,3,4090,0,5,1,1,1,0,0,1,2,E01002157,26-11-2018,1,1,1,1,27,6,3,0,0,0,0,-1,5,1
14163,73.97201244,15.26777355,1,3,2,4,2,22:17,29,E09000015,3,4008,6,30,3,4,6,0,0,0,4,1,2,0,0,2,1,E01002148,28-11-2018,1,1,3,1,34,6,3,5,3,0,0,-1,0,-1
14164,73.9594711,15.24395537,1,3,2,1,4,17:55,29,E09000015,5,0,6,30,3,4,6,0,0,0,1,1,1,0,0,1,1,E01002113,23-11-2018,1,2,1,1,27,6,3,0,0,0,0,-1,9,1
14165,74.00694156,15.26898326,1,3,1,1,5,18:55,29,E09000015,5,0,6,30,9,4,5,0,0,0,4,2,2,0,0,1,1,E01002169,01-12-2018,1,1,3,1,11,3,3,5,4,0,0,-1,0,1
14166,74.01540536,15.26418257,1,3,2,1,2,18:12,29,E09000015,3,4140,1,30,1,4,5,0,0,0,4,2,2,0,0,1,1,E01002202,05-12-2018,1,1,1,1,29,6,3,0,0,0,0,-1,3,1
14167,73.97779079,15.19836478,1,2,2,1,2,07:41,29,E09000015,5,0,1,30,1,4,5,0,0,0,1,1,1,0,0,1,1,E01002208,05-12-2018,1,1,3,2,20,4,2,1,1,0,0,-1,0,1
14168,74.03932125,15.25117354,1,3,2,1,2,10:20,29,E09000015,6,0,6,30,0,-1,-1,0,0,0,1,1,1,0,0,1,2,E01002129,05-12-2018,2,1,1,1,41,7,3,0,0,0,0,-1,4,-1
14169,74.06782866,15.24021285,1,3,1,1,6,18:55,29,E09000015,5,0,6,30,9,4,6,0,0,0,4,2,2,0,0,1,1,E01002110,02-12-2018,1,1,1,1,29,6,3,0,0,0,0,-1,9,1
14170,74.12358479,15.17512521,1,3,1,3,7,20:22,29,E09000015,6,0,6,30,0,-1,-1,0,0,0,4,1,2,0,0,1,1,E01002210,03-12-2018,1,1,2,1,39,7,3,0,0,0,1,-1,11,1
14171,74.10312779,15.20939143,1,3,2,1,6,06:00,29,E09000015,3,409,6,30,3,4,6,0,0,0,4,2,2,0,0,1,2,E01002232,02-12-2018,1,1,1,1,28,6,3,0,0,0,0,-1,9,-1
14172,74.1340068,15.20288918,1,3,2,1,1,17:36,26,E09000017,4,466,6,30,3,4,6,0,0,0,4,1,1,0,0,1,1,E01002480,04-12-2018,1,1,1,1,17,4,3,0,0,0,0,-1,2,1
14173,74.13101055,15.32361523,1,2,2,1,3,15:50,29,E09000015,5,0,6,30,6,2,5,0,0,5,4,1,1,0,0,1,1,E01002209,13-12-2018,2,1,1,2,51,8,3,0,0,0,0,-1,9,1
14174,74.08293225,15.32414917,1,2,1,1,1,23:15,29,E09000015,3,409,6,30,6,2,5,0,0,5,4,1,1,0,0,1,1,E01002130,18-12-2018,2,2,2,2,15,3,3,0,0,1,0,-1,9,1
14175,74.10369686,15.23708611,1,3,1,1,2,20:11,29,E09000015,3,404,6,30,0,-1,-1,0,0,0,4,2,2,0,0,1,1,E01002137,22-08-2018,1,1,1,2,30,6,3,0,0,0,0,-1,3,1
14176,73.98420091,15.281109,1,3,2,1,1,20:10,28,E09000005,3,4006,6,30,3,4,6,0,0,0,4,1,1,0,0,1,1,E01000541,18-12-2018,1,1,1,2,61,9,3,0,0,0,0,-1,9,1
14177,74.00985908,15.36487653,1,2,2,1,5,18:50,29,E09000015,5,0,6,30,6,2,5,0,0,5,4,1,1,0,0,1,1,E01002162,15-12-2018,2,2,1,2,48,8,3,0,0,0,0,-1,9,1
14178,74.13814695,15.19525999,1,3,2,2,1,02:30,28,E09000005,3,404,1,30,1,4,3,409,0,0,4,2,2,0,0,1,2,E01000568,04-12-2018,1,1,3,2,57,9,3,6,9,0,0,-1,0,1
14179,74.10419453,15.35799197,1,3,2,1,2,12:09,29,E09000015,3,404,6,30,6,2,3,404,0,5,1,1,1,0,0,1,1,E01002157,12-12-2018,1,1,2,2,-1,-1,3,0,0,1,0,-1,9,-1
14180,74.05220857,15.26717677,1,2,1,1,2,15:10,30,E09000003,3,5,6,30,0,-1,-1,0,0,0,1,1,1,0,0,1,1,E01002119,12-12-2018,2,1,1,2,-1,-1,3,0,0,0,0,-1,1,-1
14181,73.96975146,15.20510938,1,3,1,1,3,20:34,29,E09000015,3,410,6,30,3,4,6,0,0,0,4,1,1,0,0,1,1,E01002187,13-12-2018,1,1,2,1,10,2,3,0,0,1,0,-1,9,-1
14182,73.97974884,15.30391737,1,3,2,1,5,17:28,29,E09000015,3,4140,6,30,3,4,6,0,0,0,4,1,1,0,0,1,1,E01002203,08-12-2018,2,1,1,1,39,7,3,0,0,0,0,-1,4,1
14183,74.08593962,15.36119792,1,2,2,1,2,14:45,26,E09000017,5,0,6,30,0,-1,-1,0,0,0,1,1,1,0,0,1,2,E01002496,21-11-2018,1,1,3,1,29,6,3,5,1,0,0,-1,0,1
14184,74.03522509,15.18369812,1,3,2,1,4,08:40,29,E09000015,6,0,6,30,3,4,4,457,0,0,1,1,1,0,0,1,2,E01002129,30-11-2018,1,1,3,2,9,2,3,5,1,0,0,-1,0,-1
14185,74.12229295,15.1896934,1,3,2,1,6,07:50,29,E09000015,6,0,6,30,3,4,6,0,0,0,1,1,1,0,0,1,2,E01002108,25-11-2018,2,1,1,1,30,6,3,0,0,0,0,-1,9,1
14186,74.03654956,15.28366124,1,3,1,1,6,16:25,29,E09000015,6,0,6,30,0,-1,-1,0,0,0,4,2,2,0,0,1,1,E01002141,02-12-2018,1,1,1,1,18,4,3,0,0,0,0,-1,5,1
14187,74.14330735,15.22456615,1,3,2,1,4,11:57,29,E09000015,3,404,6,30,3,4,6,0,0,0,1,2,2,0,0,1,2,E01002189,23-11-2018,1,1,1,1,20,4,3,0,0,0,0,-1,2,1
14188,74.02779039,15.30416337,1,3,2,1,2,20:31,29,E09000015,4,461,6,30,3,4,5,0,0,0,4,1,1,0,0,1,1,E01002118,19-12-2018,1,1,3,2,18,4,2,5,1,0,0,-1,0,1
14189,74.12645151,15.31172491,1,3,2,1,1,14:43,29,E09000015,3,404,6,30,3,4,6,0,0,0,1,1,1,0,0,1,1,E01002160,18-12-2018,1,1,3,1,14,3,3,9,9,0,0,-1,0,-1
14190,73.98746659,15.1792279,1,3,2,1,3,19:17,30,E09000003,3,5,6,20,3,4,6,0,0,0,4,2,2,0,0,1,1,E01002119,20-12-2018,2,1,1,1,27,6,3,0,0,0,0,-1,9,1
14191,74.06126987,15.20732882,1,3,4,1,3,21:00,29,E09000015,3,404,6,30,8,4,6,0,0,0,4,1,2,0,0,1,1,E01002186,20-12-2018,1,1,1,2,28,6,2,0,0,0,0,-1,1,1
14192,74.04984562,15.17376849,1,3,3,1,4,18:26,29,E09000015,3,404,6,30,3,4,3,404,0,0,4,1,2,0,0,1,1,E01002157,21-12-2018,1,1,1,1,36,7,3,0,0,0,0,-1,9,1
14193,74.09403029,15.26445978,1,3,2,1,1,21:24,29,E09000015,3,4140,6,30,6,4,6,0,0,0,4,2,2,0,0,2,1,E01002114,18-12-2018,1,1,3,1,14,3,2,4,1,0,0,-1,0,1
14194,74.09214202,15.23857141,1,3,2,1,5,10:15,29,E09000015,4,463,6,30,0,-1,-1,0,0,0,1,1,1,0,0,1,1,E01002189,22-12-2018,1,1,1,1,82,11,3,0,0,0,0,-1,9,1
14195,74.12212901,15.36148499,1,3,1,1,2,09:55,29,E09000015,5,0,6,30,3,4,6,0,0,0,1,1,2,0,0,1,1,E01002154,26-12-2018,1,1,2,2,23,5,3,0,0,1,0,-1,9,-1
14196,74.07871643,15.26202008,1,3,1,1,4,08:15,29,E09000015,3,410,6,30,3,2,3,4140,0,5,1,8,4,0,0,1,1,E01002226,28-12-2018,1,1,1,2,19,4,3,0,0,0,0,-1,9,1
14197,73.94950327,15.27588543,1,2,1,2,1,04:16,29,E09000015,3,404,6,30,6,4,6,0,0,0,4,1,2,0,0,1,1,E01002129,14-08-2018,1,1,1,2,30,6,3,0,0,0,0,-1,1,1
14198,74.13898295,15.22009469,1,3,2,1,2,08:38,29,E09000015,3,409,6,30,3,4,6,0,0,0,1,1,1,0,0,1,1,E01002130,12-12-2018,1,1,2,2,64,9,3,0,0,0,3,-1,11,1
14199,73.97252356,15.28307062,1,3,2,1,7,22:20,28,E09000005,3,4006,3,30,0,-1,-1,0,0,4,4,1,2,0,0,1,1,E01000536,31-12-2018,1,1,3,1,24,5,3,4,1,0,0,-1,0,-1
14200,74.10829456,15.26122654,1,2,1,1,7,11:30,29,E09000015,5,0,6,30,3,4,6,0,0,0,1,1,1,0,0,1,1,E01002172,17-12-2018,1,1,1,2,37,7,3,0,0,0,0,-1,9,1
14201,73.97624354,15.29008073,1,3,2,3,4,13:05,29,E09000015,5,0,6,30,0,-1,-1,0,0,0,1,1,1,0,0,1,1,E01002202,21-12-2018,1,1,1,1,52,8,3,0,0,0,0,-1,1,2
14202,73.96535591,15.36035219,1,3,2,1,2,21:50,29,E09000015,3,404,6,30,0,-1,-1,0,0,0,4,1,2,0,0,1,1,E01002129,19-12-2018,1,2,2,2,65,9,3,0,0,1,0,-1,9,1
14203,74.10727217,15.36336118,1,3,2,2,5,22:10,29,E09000015,3,4140,3,40,0,-1,-1,0,0,0,4,1,4,0,0,1,1,E01002203,29-12-2018,2,1,2,1,31,6,3,0,0,1,0,-1,9,1
14204,73.96864957,15.21894705,1,3,2,1,7,18:00,29,E09000015,5,0,6,30,3,4,6,0,0,0,4,1,1,0,0,1,1,E01002163,24-12-2018,1,1,1,1,38,7,3,0,0,0,0,-1,9,1
14205,73.97665213,15.30572909,1,3,2,1,5,15:50,28,E09000005,3,4006,6,30,3,4,6,0,0,1,1,1,1,0,0,1,1,E01000536,22-12-2018,2,1,1,1,-1,-1,3,0,0,0,0,-1,3,-1
14206,74.0135167,15.25128596,1,3,2,1,5,15:15,29,E09000015,5,0,6,30,0,-1,-1,0,0,0,1,2,2,0,0,1,2,E01002111,24-11-2018,1,1,3,1,37,7,3,9,5,0,0,-1,0,1
14207,74.1225102,15.24875772,1,3,2,1,3,18:46,29,E09000015,3,312,6,30,3,4,6,0,0,0,1,1,1,0,0,1,1,E01002213,20-09-2018,2,1,1,1,17,4,2,0,0,0,0,-1,1,-1
14208,74.01929874,15.3600099,1,2,1,1,4,16:00,29,E09000015,3,409,6,30,0,-1,-1,0,0,0,1,1,1,0,0,2,1,E01002144,21-09-2018,1,1,1,1,38,7,3,0,0,0,0,-1,5,1
14209,74.0686871,15.23601949,1,3,2,1,7,15:33,29,E09000015,5,0,6,30,0,-1,-1,0,0,0,4,1,1,0,0,1,1,E01002183,24-12-2018,2,1,1,1,28,6,2,0,0,0,0,-1,5,-1
14210,73.963969,15.22316678,1,3,2,1,4,15:10,28,E09000005,3,409,3,40,1,4,3,404,0,0,1,1,1,0,0,1,2,E01002126,28-12-2018,1,1,1,1,26,6,2,0,0,0,0,-1,1,1
14211,73.94993332,15.20285426,1,3,2,1,1,13:00,28,E09000005,3,4006,6,30,3,4,6,0,0,4,1,1,2,0,0,1,1,E01000536,18-12-2018,1,1,2,2,-1,-1,3,0,0,0,4,-1,11,-1
14212,74.08501422,15.29027935,1,3,3,1,7,22:00,28,E09000005,3,4006,6,30,3,4,6,0,0,0,4,1,1,0,0,1,2,E01002175,31-12-2018,1,1,1,1,44,7,3,0,0,0,0,-1,5,1
14213,74.08681539,15.23278851,1,3,2,1,7,20:30,28,E09000005,3,404,6,30,0,-1,-1,0,0,0,4,1,2,0,0,1,1,E01000568,01-01-2018,1,1,1,2,34,6,3,0,0,0,0,-1,9,1
14214,73.96335226,15.22530678,1,3,2,1,1,15:45,28,E09000005,3,4000,6,30,3,4,6,0,0,0,1,1,1,0,0,1,1,E01000533,02-01-2018,1,2,2,1,-1,-1,3,0,0,1,0,-1,9,-1
14215,74.01189223,15.22701609,1,3,2,1,1,14:25,28,E09000005,3,404,6,30,0,-1,-1,0,0,0,1,1,1,0,0,1,1,E01000621,02-01-2018,1,3,2,2,-1,-1,3,0,0,2,0,-1,9,-1
14216,74.04326806,15.29703202,1,3,2,1,1,15:40,28,E09000005,3,406,3,70,5,2,3,404,0,0,1,1,1,0,0,1,1,E01000621,02-01-2018,1,1,2,2,6,2,3,0,0,2,0,-1,9,1
14217,74.07925749,15.17468922,1,3,2,1,3,20:26,28,E09000005,6,0,6,30,3,4,6,0,0,0,4,1,1,0,0,1,1,E01000630,04-01-2018,1,1,1,1,33,6,3,0,0,0,0,-1,3,1
14218,74.03874669,15.36159314,1,3,1,1,5,15:57,28,E09000005,5,0,6,30,6,4,6,0,0,4,1,1,1,0,0,1,1,E01000581,06-01-2018,1,1,1,2,55,8,3,0,0,0,0,-1,9,1
14219,74.06448367,15.32531897,1,3,1,1,4,13:13,28,E09000005,3,5,6,30,0,-1,-1,0,0,4,1,1,1,0,0,1,1,E01000553,12-01-2018,1,1,1,1,18,4,3,0,0,0,0,-1,9,1
14220,74.05138105,15.34627022,1,3,1,1,2,18:50,28,E09000005,4,4557,6,30,6,4,4,4565,0,0,4,2,2,0,0,1,1,E01000617,10-01-2018,1,1,3,2,87,11,3,1,3,0,0,-1,0,1
14221,74.14183142,15.1859997,1,3,2,1,3,17:25,28,E09000005,5,0,6,30,3,4,6,0,0,0,4,2,2,0,0,1,1,E01000587,11-01-2018,1,1,3,2,8,2,3,10,9,0,0,-1,0,1
14222,74.11684487,15.19998285,1,3,1,1,4,22:30,28,E09000005,4,414,6,30,3,4,6,0,0,0,4,1,1,0,0,1,1,E01000544,12-01-2018,1,1,1,1,59,9,3,0,0,0,0,-1,3,1
14223,74.04709651,15.28532231,1,3,2,1,1,10:30,28,E09000005,6,0,6,30,0,-1,-1,0,0,0,1,1,1,0,0,1,1,E01000533,09-01-2018,1,1,1,1,31,6,3,0,0,0,0,-1,2,1
14224,74.0418669,15.22456181,1,3,2,1,2,11:02,28,E09000005,3,404,6,30,0,-1,-1,0,0,0,1,1,2,0,0,1,1,E01000531,10-01-2018,1,2,3,2,18,4,3,5,2,0,0,-1,0,1
14225,74.01588128,15.30324813,1,3,2,1,1,18:05,28,E09000005,3,4127,6,30,3,4,6,0,0,0,4,2,2,0,0,1,1,E01002135,09-01-2018,1,1,1,1,46,8,3,0,0,0,0,-1,9,1
14226,74.01160409,15.34059191,1,3,2,2,7,07:20,28,E09000005,3,4006,6,30,3,4,5,0,0,0,4,1,2,0,0,1,1,E01000542,08-01-2018,1,1,2,1,10,2,3,0,0,0,2,-1,11,1
14227,74.05971483,15.19342778,1,3,1,1,1,20:40,28,E09000005,3,404,6,30,0,-1,-1,0,0,0,4,1,1,0,0,1,1,E01000612,16-01-2018,1,1,3,1,2,1,3,5,1,0,0,-1,0,1
14228,74.03237893,15.34963818,1,3,2,1,7,20:05,28,E09000005,3,404,6,30,0,-1,-1,0,0,0,4,1,2,0,0,1,1,E01000568,01-01-2018,2,1,2,2,55,8,3,0,0,1,0,-1,9,1
14229,74.10804063,15.35416862,1,3,1,1,4,10:35,28,E09000005,6,0,6,30,0,-1,-1,0,0,0,1,1,1,0,0,1,1,E01000596,12-01-2018,1,1,1,2,54,8,3,0,0,0,0,-1,9,1
14230,74.12697065,15.32254962,1,3,2,1,5,21:00,27,E09000009,5,0,6,30,7,2,5,0,0,5,4,1,1,0,0,1,1,E01001247,06-01-2018,1,1,2,2,18,4,2,0,0,1,0,-1,9,1
14231,74.04379835,15.3154222,1,3,2,1,3,08:30,28,E09000005,5,0,6,30,3,4,6,0,0,0,1,1,1,0,0,1,1,E01000590,18-01-2018,3,1,1,1,32,6,3,0,0,0,0,-1,9,1
14232,74.06146083,15.3316391,1,3,1,1,5,19:49,28,E09000005,3,4088,6,30,3,2,6,0,0,5,4,1,2,0,0,1,1,E01000481,13-01-2018,3,2,2,2,-1,-1,3,0,0,1,0,-1,9,-1
14233,74.04579569,15.27606395,1,3,1,1,5,17:45,28,E09000005,5,0,1,30,1,4,5,0,0,0,4,1,1,0,0,1,1,E01000535,13-01-2018,3,3,2,2,-1,-1,3,0,0,2,0,-1,9,-1
14234,73.97099275,15.18830368,1,3,2,1,3,17:30,28,E09000005,3,4006,6,30,0,-1,-1,0,0,0,4,1,1,0,0,1,1,E01000543,18-01-2018,3,4,2,1,-1,-1,3,0,0,2,0,-1,9,-1
14235,74.09544224,15.2628578,1,3,2,1,3,21:20,28,E09000005,6,0,6,30,3,4,6,0,0,0,4,1,1,0,0,1,2,E01000611,11-01-2018,2,1,1,1,34,6,2,0,0,0,0,-1,5,1
14236,74.10261226,15.28129005,1,2,2,1,3,07:50,27,E09000009,4,4492,6,30,3,4,6,0,0,0,1,1,1,0,0,1,1,E01001246,04-01-2018,1,1,2,2,17,4,3,0,0,0,3,-1,11,1
14237,73.95621778,15.35202359,1,3,1,1,5,12:40,28,E09000005,3,407,6,30,0,-1,-1,0,0,0,1,1,1,0,0,1,1,E01000560,13-01-2018,1,1,3,2,-1,-1,3,9,9,0,0,-1,0,-1
14238,74.0848392,15.27882446,1,3,1,1,3,17:50,28,E09000005,6,0,6,30,0,-1,-1,0,0,0,4,1,1,0,0,1,1,E01000487,18-01-2018,1,1,1,2,73,10,3,0,0,0,0,-1,9,1
14239,74.11581497,15.20241003,1,3,2,1,7,02:41,28,E09000005,5,0,1,30,1,4,5,0,0,0,4,1,1,0,0,1,1,E01000535,22-01-2018,1,1,2,2,77,11,3,0,0,0,0,-1,19,-1
14240,74.01765405,15.28960789,1,3,2,1,6,06:45,28,E09000005,3,406,7,30,3,4,3,406,0,0,4,1,1,0,0,1,2,E01000627,21-01-2018,1,1,1,1,28,6,3,0,0,0,0,-1,3,1
14241,74.14805856,15.18616794,1,3,1,1,6,17:35,28,E09000005,3,4006,6,30,6,2,4,454,0,5,4,1,1,0,0,1,1,E01000518,14-01-2018,1,1,1,2,49,8,3,0,0,0,0,-1,9,1
14242,74.04893497,15.19724074,1,3,2,2,1,09:00,28,E09000005,3,4089,6,30,3,4,6,0,0,0,1,1,1,0,0,1,1,E01000614,16-01-2018,1,1,3,2,8,2,3,4,1,0,0,-1,0,-1
14243,74.14556789,15.23132723,1,3,2,2,5,13:23,28,E09000005,3,4088,6,30,0,-1,-1,0,0,0,1,1,1,0,0,1,1,E01000577,20-01-2018,1,1,2,2,58,9,3,0,0,0,3,-1,11,-1
14244,74.08126518,15.17833261,1,3,2,1,1,17:45,28,E09000005,3,406,3,40,0,-1,-1,0,0,0,4,1,1,0,0,1,3,E01000600,09-01-2018,2,1,2,2,37,7,3,0,0,0,3,-1,11,1
14245,74.08616506,15.25670759,1,3,2,2,2,14:20,28,E09000005,3,404,6,30,0,-1,-1,0,0,1,1,1,1,0,0,1,1,E01000521,17-01-2018,1,1,1,1,47,8,3,0,0,0,0,-1,9,1
14246,74.06658765,15.31999674,1,3,2,1,2,08:30,29,E09000015,5,0,6,30,3,2,3,4140,0,5,1,1,1,0,0,1,3,E01000589,24-01-2018,2,1,1,2,58,9,3,0,0,0,0,-1,9,1
14247,74.02987959,15.17966998,1,3,3,1,3,10:00,28,E09000005,6,0,6,30,0,-1,-1,0,0,0,1,1,2,0,0,1,1,E01000643,25-01-2018,1,1,1,1,62,9,3,0,0,0,0,-1,9,1
14248,74.08125264,15.19615358,1,2,2,1,7,16:58,28,E09000005,5,0,1,30,2,4,5,0,0,0,4,2,2,0,0,1,1,E01000590,22-01-2018,1,1,1,1,44,7,3,0,0,0,0,-1,5,1
14249,74.07033859,15.30748438,1,3,1,1,1,12:40,28,E09000005,3,4088,6,30,3,4,6,0,0,0,1,1,1,0,0,1,1,E01000578,02-01-2018,1,1,1,1,44,7,2,0,0,0,0,-1,5,1
14250,73.99415333,15.24723863,1,3,2,1,7,16:20,28,E09000005,3,4006,6,30,6,2,3,4006,0,0,1,1,1,0,0,1,2,E01000518,08-01-2018,1,1,2,2,44,7,3,0,0,1,0,-1,9,1
14251,74.00886506,15.27919836,1,3,2,1,7,19:47,28,E09000005,3,4005,6,30,3,4,6,0,0,0,4,1,1,0,0,1,1,E01000606,15-01-2018,1,1,1,1,32,6,3,0,0,0,0,-1,9,1
14252,74.12325166,15.262941,1,3,3,2,3,17:45,28,E09000005,3,4006,6,30,3,4,6,0,0,0,4,1,1,0,0,1,1,E01000514,18-01-2018,1,1,1,1,45,7,3,0,0,0,0,-1,1,1
14253,74.12624645,15.24036048,1,3,3,2,3,13:16,28,E09000005,3,4140,6,30,0,-1,-1,0,0,0,1,1,1,0,0,1,1,E01000481,25-01-2018,1,1,3,2,12,3,2,4,4,0,0,-1,0,-1
14254,74.1483943,15.29898017,1,3,2,2,3,09:06,28,E09000005,5,0,6,30,3,4,5,0,0,1,1,1,1,0,0,1,1,E01000550,25-01-2018,1,2,3,2,12,3,3,4,4,0,0,-1,0,-1
14255,74.01435788,15.20703214,1,3,3,2,1,19:05,28,E09000005,6,0,6,30,0,-1,-1,0,0,0,4,1,1,0,0,1,1,E01000562,30-01-2018,1,1,2,2,-1,-1,2,0,0,1,0,-1,9,-1
14256,74.00946394,15.34346863,1,3,2,2,3,18:00,28,E09000005,3,5,6,30,0,-1,-1,0,0,0,4,1,1,0,0,1,1,E01000553,25-01-2018,1,1,2,2,-1,-1,3,0,0,0,1,-1,11,1
14257,73.96791498,15.24491512,1,3,2,1,7,10:30,28,E09000005,3,4088,7,30,3,4,3,406,0,0,1,1,1,0,0,1,2,E01000627,15-01-2018,1,1,3,1,12,3,3,5,1,0,0,-1,0,1
14258,74.12537272,15.24484798,1,3,2,1,7,14:40,28,E09000005,3,404,6,30,0,-1,-1,0,0,0,1,1,1,0,0,1,1,E01000620,29-01-2018,1,2,1,2,21,5,3,0,0,0,0,-1,9,1
14259,73.96751143,15.35463563,1,3,1,1,6,17:22,28,E09000005,6,0,6,30,3,4,6,0,0,0,4,2,2,0,0,1,1,E01000614,28-01-2018,1,1,1,2,36,7,3,0,0,0,0,-1,9,1
14260,74.14498006,15.25710694,1,3,2,1,4,21:15,28,E09000005,3,4088,6,30,8,4,6,0,0,0,4,1,2,0,0,1,1,E01000480,19-01-2018,1,1,1,1,56,9,3,0,0,0,0,-1,9,1
14261,74.04380992,15.35605594,1,3,2,3,7,18:00,28,E09000005,3,406,3,40,0,-1,-1,0,0,0,4,1,1,0,0,1,1,E01000602,29-01-2018,2,2,1,1,39,7,3,0,0,0,0,-1,9,1
14262,73.95107739,15.18390237,1,3,2,1,4,09:20,28,E09000005,6,0,6,30,3,4,6,0,0,0,1,1,1,0,0,1,1,E01000566,12-01-2018,2,3,2,1,35,6,3,0,0,1,0,-1,9,1
14263,74.04777952,15.24409855,1,3,2,1,4,19:30,28,E09000005,3,4089,6,30,0,-1,-1,0,0,0,4,1,1,0,0,1,1,E01000578,19-01-2018,1,1,3,2,43,7,2,5,1,0,0,-1,0,1
14264,74.07877683,15.17824156,1,3,3,1,4,21:03,28,E09000005,6,0,6,30,3,4,6,0,0,0,4,1,2,0,0,1,1,E01000523,19-01-2018,1,1,3,1,26,6,3,4,1,0,0,-1,0,-1
14265,74.07013264,15.36534937,1,3,1,1,7,11:42,28,E09000005,3,407,6,30,3,4,6,0,0,0,1,1,1,0,0,1,1,E01000640,22-01-2018,1,1,1,1,16,4,3,0,0,0,0,-1,1,1
14266,73.95748272,15.31442177,1,3,1,1,2,17:30,28,E09000005,3,407,6,30,3,2,5,0,0,5,4,1,1,0,0,1,1,E01000644,03-01-2018,1,2,3,2,61,9,2,6,9,0,0,-1,0,1
14267,74.05675922,15.31764857,1,3,2,1,2,20:10,28,E09000005,5,0,6,30,3,4,6,0,0,0,4,1,1,0,0,1,1,E01000534,31-01-2018,1,1,1,1,48,8,3,0,0,0,0,-1,5,1