Accident_Index,longitude,latitude,Police_Force,Accident_Severity,Number_of_Vehicles,Number_of_Casualties,Day_of_Week,Time,Local_Authority_(District),Local_Authority_(Highway),1st_Road_Class,1st_Road_Number,Road_Type,Speed_limit,Junction_Detail,Junction_Control,2nd_Road_Class,2nd_Road_Number,Pedestrian_Crossing-Human_Control,Pedestrian_Crossing-Physical_Facilities,Light_Conditions,Weather_Conditions,Road_Surface_Conditions,Special_Conditions_at_Site,Carriageway_Hazards,Urban_or_Rural_Area,Did_Police_Officer_Attend_Scene_of_Accident,LSOA_of_Accident_Location,Date,Vehicle_Reference,Casualty_Reference,Casualty_Class,Sex_of_Casualty,Age_of_Casualty,Age_Band_of_Casualty,Casualty_Severity,Pedestrian_Location,Pedestrian_Movement,Car_Passenger,Bus_or_Coach_Passenger,Pedestrian_Road_Maintenance_Worker,Casualty_Type,Casualty_Home_Area_Type
14268,73.98297526,15.24612447,1,3,2,2,1,00:10,28,E09000005,3,404,6,30,3,2,3,4002,0,5,4,1,1,0,0,1,1,E01000529,23-01-2018,1,1,1,2,34,6,2,0,0,0,0,-1,9,1
14269,74.00838138,15.25983982,1,3,5,1,1,08:58,28,E09000005,5,0,6,30,0,-1,-1,0,0,0,1,1,1,0,0,1,1,E01000510,30-01-2018,2,1,1,2,60,9,3,0,0,0,0,-1,9,1
14270,73.98386991,15.26894109,1,3,2,1,5,10:15,28,E09000005,3,4127,3,30,0,-1,-1,0,0,0,1,1,1,0,0,1,1,E01000562,20-01-2018,1,1,3,2,9,2,2,4,4,0,0,-1,0,-1
14271,73.97960264,15.30340539,1,2,1,1,4,14:23,28,E09000005,3,404,6,30,3,4,6,0,0,0,1,1,1,0,0,1,1,E01000610,26-01-2018,1,1,2,2,29,6,3,0,0,0,3,-1,11,1
14272,74.12523606,15.25844272,1,3,1,1,2,14:09,2,E09000007,3,5,6,30,3,4,6,0,0,0,1,2,2,0,0,1,1,E01000548,17-01-2018,1,2,2,2,16,4,3,0,0,0,3,-1,11,1
14273,74.08457593,15.33194142,1,3,1,1,7,16:10,2,E09000007,3,5,6,30,3,2,3,5,0,0,1,2,2,0,0,1,1,E01000548,22-01-2018,1,1,2,2,9,2,3,0,0,2,0,-1,9,1
14274,74.06690272,15.28173527,1,3,2,1,4,22:18,28,E09000005,5,0,6,30,0,-1,-1,0,0,0,4,1,1,0,0,1,1,E01000499,26-01-2018,1,2,2,1,6,2,3,0,0,2,0,-1,9,1
14275,73.95894716,15.31625255,1,2,1,1,2,16:30,28,E09000005,5,0,6,30,0,-1,-1,0,0,0,1,1,2,0,0,1,1,E01000571,24-01-2018,1,1,1,2,18,4,3,0,0,0,0,-1,9,1
14276,74.04128844,15.23826667,1,3,1,1,6,00:01,28,E09000005,3,4140,1,30,1,4,5,0,0,0,4,1,1,0,0,1,1,E01000479,04-02-2018,1,2,2,1,27,6,3,0,0,1,0,-1,9,-1
14277,73.98181142,15.32828489,1,3,2,1,2,22:00,28,E09000005,3,407,6,30,3,4,6,0,0,0,4,1,1,0,0,1,3,E01000644,31-01-2018,1,1,1,1,40,7,3,0,0,0,0,-1,9,1
14278,74.13623741,15.26655987,1,3,2,2,3,14:33,12,E09000020,3,404,6,30,0,-1,-1,0,0,0,1,1,1,0,0,1,1,E01002852,01-02-2018,1,2,2,2,-1,-1,3,0,0,2,0,-1,9,1
14279,73.9958631,15.2351037,1,3,1,1,4,20:20,28,E09000005,3,4088,3,30,0,-1,-1,0,0,0,4,1,2,0,0,1,1,E01000482,02-02-2018,1,3,2,1,-1,-1,2,0,0,2,0,-1,9,1
14280,74.12439437,15.25365472,1,3,2,1,4,01:06,28,E09000005,3,4005,6,30,3,4,6,0,0,0,4,1,1,0,0,1,1,E01000606,16-02-2018,1,1,2,1,11,3,3,0,0,2,0,-1,9,1
14281,74.06939451,15.21209758,1,3,1,1,3,12:30,28,E09000005,3,404,6,30,0,-1,-1,0,0,0,1,1,1,0,0,1,3,E01000529,25-01-2018,2,1,1,1,46,8,3,0,0,0,0,-1,9,1
14282,74.14736401,15.36657867,1,3,2,1,7,14:04,28,E09000005,3,4088,6,30,3,4,5,0,0,4,1,1,1,0,0,1,1,E01000511,26-02-2018,1,1,3,1,46,8,3,4,1,0,0,-1,0,1
14283,73.971688,15.33990031,1,3,2,1,4,13:20,28,E09000005,3,4088,6,30,6,4,5,0,0,0,1,1,1,0,0,1,3,E01000481,12-01-2018,1,1,3,1,25,5,3,5,1,0,0,-1,0,1
14284,73.94837408,15.33509892,1,3,1,1,5,18:10,29,E09000015,6,0,6,30,8,4,6,0,0,0,4,1,1,0,0,1,1,E01002198,17-03-2018,2,1,1,1,41,7,3,0,0,0,0,-1,1,1
14285,74.11881672,15.21416919,1,3,2,1,1,10:06,28,E09000005,6,0,6,30,3,4,6,0,0,0,1,1,1,0,0,1,1,E01000554,20-03-2018,1,1,1,1,25,5,2,0,0,0,0,-1,3,-1
14286,73.98205996,15.32586235,1,3,1,1,2,18:26,29,E09000015,3,410,3,30,0,-1,-1,0,0,0,1,1,1,0,0,1,1,E01002226,25-04-2018,2,1,1,1,37,7,3,0,0,0,0,-1,1,1
14287,74.05470855,15.30294104,1,3,2,1,2,19:55,28,E09000005,3,4088,3,30,3,2,6,0,0,5,1,1,2,0,0,1,1,E01000481,17-01-2018,2,1,1,2,47,8,3,0,0,0,0,-1,9,1
14288,73.96989864,15.28323217,1,3,2,1,6,17:25,28,E09000005,3,4088,6,30,3,4,5,0,0,0,1,1,2,0,0,1,1,E01000480,04-03-2018,1,1,2,2,-1,-1,3,0,0,0,3,-1,11,-1
14289,73.97566748,15.33426176,1,3,2,1,1,13:45,28,E09000005,5,0,6,30,3,4,6,0,0,0,1,1,1,0,0,1,3,E01000590,06-02-2018,1,1,3,1,15,3,3,4,1,0,0,-1,0,1
14290,74.105111,15.22114638,1,3,2,1,3,20:15,28,E09000005,5,0,6,30,0,-1,-1,0,0,0,4,1,1,0,0,1,1,E01000586,01-02-2018,1,1,1,1,37,7,3,0,0,0,0,-1,9,1
14291,74.10081514,15.24549328,1,3,2,1,1,20:06,28,E09000005,6,0,6,30,3,4,6,0,0,0,4,2,2,0,0,1,1,E01000620,09-01-2018,1,2,2,2,-1,-1,3,0,0,1,0,-1,9,1
14292,74.07051045,15.32777091,1,3,3,1,6,19:45,28,E09000005,4,454,6,30,0,-1,-1,0,0,0,4,2,2,0,0,1,1,E01000518,11-02-2018,1,3,2,2,-1,-1,3,0,0,2,0,-1,9,1
14293,74.02940048,15.18003917,1,3,2,1,1,19:38,28,E09000005,3,4006,6,30,3,4,6,0,0,0,4,1,1,0,0,1,1,E01000513,06-02-2018,1,1,1,1,33,6,3,0,0,0,0,-1,5,1
14294,74.07228668,15.26172824,1,3,2,1,3,16:10,28,E09000005,5,0,6,30,3,4,6,0,0,1,1,2,2,0,0,1,1,E01000586,01-02-2018,1,1,1,1,32,6,3,0,0,0,0,-1,9,1
14295,74.05363769,15.23981721,1,3,2,1,6,11:10,28,E09000005,3,404,6,30,0,-1,-1,0,0,0,1,1,1,0,0,1,1,E01000521,04-02-2018,1,1,1,1,18,4,3,0,0,0,0,-1,2,-1
14296,74.1190164,15.27767178,1,3,1,1,6,17:05,28,E09000005,3,4006,6,30,0,-1,-1,0,0,0,4,2,2,0,0,1,1,E01000542,11-02-2018,2,1,1,1,31,6,3,0,0,0,0,-1,1,1
14297,73.96038486,15.26727847,1,3,2,1,3,21:20,28,E09000005,3,4088,6,30,3,4,5,0,0,0,4,1,1,0,0,1,1,E01000480,08-02-2018,1,1,2,2,73,10,2,0,0,0,4,-1,11,1
14298,74.05977711,15.28705524,1,3,1,1,7,06:57,28,E09000005,3,404,6,30,3,4,6,0,0,0,4,2,2,0,0,1,1,E01000610,12-02-2018,1,2,2,2,53,8,2,0,0,0,4,-1,11,1
14299,74.11659471,15.25974841,1,3,2,2,3,16:13,28,E09000005,3,4088,6,30,3,4,3,4088,0,1,1,7,2,0,0,1,3,E01000571,01-02-2018,1,3,2,1,49,8,3,0,0,0,4,-1,11,1
14300,74.15075587,15.26788538,1,3,1,1,4,21:00,28,E09000005,6,0,6,30,0,-1,-1,0,0,0,4,1,1,0,0,1,1,E01000558,09-02-2018,1,1,1,1,-1,-1,3,0,0,0,0,-1,5,-1
14301,74.02145471,15.1840527,1,3,2,1,2,18:26,28,E09000005,6,0,1,30,2,4,6,0,0,0,1,1,1,0,0,1,1,E01000639,07-02-2018,1,1,1,1,39,7,2,0,0,0,0,-1,5,1
14302,74.114157,15.23026867,1,3,1,1,5,08:20,28,E09000005,4,413,6,30,9,4,4,450,0,0,1,8,2,0,0,1,1,E01000586,10-02-2018,1,1,1,1,35,6,3,0,0,0,0,-1,1,1
14303,74.08656667,15.34739151,1,3,2,1,5,08:56,28,E09000005,4,451,6,30,6,2,5,0,0,5,1,1,2,0,0,1,1,E01000583,10-02-2018,1,1,1,1,26,6,2,0,0,0,0,-1,9,1
14304,74.08598654,15.331209,1,3,2,1,6,09:50,28,E09000005,3,404,2,30,6,2,3,404,0,5,1,1,1,0,0,1,1,E01000529,11-02-2018,2,1,1,1,38,7,3,0,0,0,0,-1,9,1
14305,74.07358503,15.22648518,1,3,2,1,4,06:05,28,E09000005,3,4088,6,30,3,4,3,4088,0,0,4,1,1,0,0,1,1,E01000506,16-02-2018,2,1,1,1,29,6,3,0,0,0,0,-1,9,1
14306,74.02019462,15.34698232,1,3,2,1,6,11:10,28,E09000005,5,0,6,30,7,4,6,0,0,0,1,1,1,0,0,1,1,E01000575,18-02-2018,1,1,1,2,22,5,3,0,0,0,0,-1,9,1
14307,74.143427,15.35906039,1,3,2,1,3,08:00,28,E09000005,6,0,1,30,1,4,6,0,0,0,1,3,2,0,0,1,1,E01000572,22-02-2018,1,1,1,1,32,6,3,0,0,0,0,-1,9,1
14308,74.12748511,15.35860943,1,3,1,1,2,21:14,28,E09000005,4,4557,6,40,3,2,3,406,0,5,4,3,2,0,0,1,1,E01000602,21-02-2018,1,1,1,1,84,11,3,0,0,0,0,-1,9,-1
14309,74.13786062,15.28852534,1,3,2,2,7,02:03,28,E09000005,3,4088,6,30,3,2,6,0,0,0,4,1,2,0,0,1,1,E01000482,12-02-2018,1,1,2,1,62,9,3,0,0,1,0,-1,9,1
14310,74.12037395,15.32061702,1,3,2,1,7,04:45,28,E09000005,3,406,6,30,5,4,3,404,0,0,4,1,1,0,0,1,2,E01000621,05-02-2018,1,1,2,2,77,11,3,0,0,0,4,-1,11,1
14311,74.04307311,15.23808733,1,3,2,1,4,18:25,28,E09000005,3,406,7,50,5,4,6,0,0,0,4,1,1,0,0,1,2,E01000604,16-02-2018,2,1,1,1,39,7,3,0,0,0,0,-1,1,-1
14312,74.11523925,15.27259071,1,2,1,1,2,14:10,28,E09000005,3,4006,6,30,0,-1,-1,0,0,0,1,1,1,0,0,1,1,E01000515,28-02-2018,2,1,2,2,37,7,3,0,0,0,4,-1,11,-1
14313,74.07812946,15.23084036,1,3,2,1,7,18:42,28,E09000005,3,4005,6,30,8,4,4,456,0,0,4,1,1,0,0,1,1,E01000472,19-02-2018,2,2,2,2,47,8,3,0,0,0,4,-1,11,1
14314,74.01936234,15.18656372,1,3,1,1,5,17:56,28,E09000005,3,407,6,30,0,-1,-1,0,0,1,4,2,2,0,0,1,1,E01000559,17-02-2018,2,3,2,2,47,8,3,0,0,0,4,-1,11,1
14315,73.96078827,15.18814443,1,3,1,1,6,15:38,28,E09000005,3,404,6,30,0,-1,-1,0,0,0,5,1,1,0,0,1,1,E01000636,25-02-2018,1,1,2,1,6,2,3,0,0,0,4,-1,11,1
14316,74.13071597,15.20743712,1,2,2,1,6,17:50,28,E09000005,3,4006,3,30,3,4,6,0,0,0,4,2,2,0,0,1,1,E01000568,18-02-2018,1,1,1,1,29,6,3,0,0,0,0,-1,9,1
14317,74.03577743,15.20445719,1,3,2,1,3,11:20,28,E09000005,3,4088,6,30,3,1,6,0,0,4,1,1,2,0,0,1,1,E01000506,22-02-2018,2,1,1,1,16,4,3,0,0,0,0,-1,2,1
14318,74.00441376,15.28887461,1,3,1,1,6,09:00,28,E09000005,5,0,6,30,3,4,3,5,0,0,1,1,1,0,0,1,1,E01000499,18-02-2018,1,1,2,1,10,2,2,0,0,1,0,-1,9,-1
14319,74.05845927,15.30384722,1,3,1,1,2,08:25,28,E09000005,4,453,6,30,0,-1,-1,0,0,0,1,1,2,0,0,1,1,E01000508,28-02-2018,2,2,2,2,38,7,3,0,0,1,0,-1,9,1
14320,74.07713011,15.18223171,1,3,2,1,2,13:05,28,E09000005,3,404,6,30,8,4,6,0,0,0,1,1,1,0,0,1,1,E01000533,07-02-2018,1,1,1,1,33,6,3,0,0,0,0,-1,1,-1
14321,73.95559571,15.32306118,1,3,2,1,2,17:45,28,E09000005,4,4557,1,30,1,4,6,0,0,0,4,1,1,0,0,1,1,E01000601,07-02-2018,2,1,1,1,43,7,3,0,0,0,0,-1,5,1
14322,74.04651809,15.30010135,1,3,2,2,2,20:04,30,E09000003,6,0,2,30,3,2,3,5,0,5,4,2,2,0,0,1,1,E01000588,14-02-2018,1,1,1,2,41,7,3,0,0,0,0,-1,9,1
14323,74.10114921,15.3142904,1,3,2,2,1,20:45,28,E09000005,3,404,6,30,3,2,3,4088,0,0,4,2,2,0,0,1,1,E01000565,13-02-2018,1,1,1,1,57,9,2,0,0,0,0,-1,5,1
14324,74.13791389,15.26187466,1,3,2,3,6,21:13,28,E09000005,5,0,6,30,3,4,6,0,0,0,4,1,1,0,0,1,1,E01000588,25-02-2018,1,1,2,1,-1,-1,3,0,0,0,4,-1,11,1
14325,74.06855816,15.21227874,1,3,2,1,3,08:30,28,E09000005,6,0,6,30,6,4,6,0,0,0,1,1,1,0,0,1,2,E01000593,15-02-2018,1,1,1,1,26,6,3,0,0,0,0,-1,3,1
14326,74.05727583,15.24430289,1,3,1,1,3,15:32,28,E09000005,3,4088,6,30,7,4,6,0,0,0,1,3,2,0,0,1,1,E01000578,22-02-2018,2,2,1,1,76,11,3,0,0,0,0,-1,9,1
14327,74.08634683,15.23096239,1,3,2,1,3,10:30,28,E09000005,3,4089,6,30,3,4,6,0,0,0,1,1,2,0,0,1,2,E01000633,22-02-2018,1,1,1,1,19,4,3,0,0,0,0,-1,19,1
14328,74.02905572,15.17570385,1,3,2,1,2,20:40,28,E09000005,3,4089,6,30,0,-1,-1,0,0,0,4,1,1,0,0,1,3,E01000578,07-02-2018,1,1,3,1,45,7,3,5,9,0,0,-1,0,-1
14329,73.99434412,15.30185646,1,3,1,1,1,07:10,28,E09000005,3,4003,6,30,3,2,3,407,0,5,1,1,4,0,0,1,1,E01000642,20-02-2018,1,1,1,1,35,6,3,0,0,0,0,-1,9,1
14330,73.97120564,15.33112511,1,3,2,2,4,17:53,28,E09000005,4,4557,6,30,0,-1,-1,0,0,0,4,3,2,0,0,1,1,E01000601,23-02-2018,1,1,1,1,19,4,3,0,0,0,0,-1,3,1
14331,73.97327432,15.29720227,1,2,1,1,7,11:55,28,E09000005,4,453,6,30,0,-1,-1,0,0,5,1,8,1,0,0,1,1,E01000628,26-02-2018,1,1,1,2,43,7,3,0,0,0,0,-1,9,1
14332,74.12753823,15.17446703,1,3,3,1,2,19:55,28,E09000005,6,0,6,30,3,4,6,0,0,0,4,3,2,0,0,1,1,E01000523,21-02-2018,1,2,2,2,-1,-1,3,0,0,2,0,-1,9,1
14333,74.00253257,15.28671954,1,3,3,1,3,08:35,28,E09000005,4,454,6,30,3,4,6,0,0,0,1,2,2,0,0,1,1,E01000625,01-03-2018,1,3,2,1,-1,-1,3,0,0,2,0,-1,9,1
14334,73.95727832,15.32591865,1,3,1,1,4,18:40,2,E09000007,3,5,6,30,0,-1,-1,0,0,0,4,3,2,0,0,1,1,E01000548,02-03-2018,1,1,3,2,43,7,3,6,9,0,0,-1,0,1
14335,74.12985653,15.24133998,1,3,3,1,3,08:45,28,E09000005,5,0,6,30,3,4,6,0,0,0,1,1,1,0,0,1,3,E01000487,01-03-2018,2,1,1,2,37,7,3,0,0,0,0,-1,1,1
14336,74.06661916,15.22823863,1,3,3,1,6,10:45,28,E09000005,6,0,6,30,6,4,6,0,0,0,1,1,1,0,0,1,2,E01000596,18-02-2018,1,1,1,2,34,6,3,0,0,0,0,-1,9,1
14337,74.03156566,15.36393749,1,3,1,1,6,15:35,28,E09000005,3,407,6,30,3,4,6,0,0,1,1,2,2,0,0,1,1,E01000640,04-03-2018,1,1,1,1,44,7,2,0,0,0,0,-1,5,1
14338,74.00263276,15.29921063,1,3,1,1,7,06:04,28,E09000005,3,407,1,30,1,4,3,407,0,0,1,1,4,0,0,1,1,E01000508,05-03-2018,1,2,2,1,17,4,3,0,0,0,0,-1,5,1
14339,73.99042259,15.27952123,1,3,1,1,2,11:30,28,E09000005,3,407,6,30,3,4,6,0,0,0,1,1,1,0,0,1,1,E01000640,07-03-2018,2,3,1,1,25,5,3,0,0,0,0,-1,1,1
14340,74.0402738,15.33559972,1,2,1,1,6,16:19,28,E09000005,5,0,6,30,3,4,6,0,0,0,1,1,2,0,0,1,1,E01000475,04-03-2018,1,1,3,2,14,3,3,1,3,0,0,-1,0,1
14341,73.98151003,15.29154634,1,3,2,2,2,00:22,28,E09000005,3,404,6,30,6,2,3,406,0,5,4,1,2,0,0,1,1,E01000605,21-02-2018,1,1,1,2,19,4,3,0,0,0,0,-1,9,1
14342,74.09310319,15.17589125,1,3,2,1,4,07:25,28,E09000005,3,5,3,50,3,4,6,0,0,0,1,1,2,0,0,1,1,E01000497,02-03-2018,1,1,1,1,85,11,3,0,0,0,0,-1,9,1
14343,74.11588942,15.22386472,1,3,1,1,6,09:45,28,E09000005,3,4088,6,30,3,4,3,4088,0,0,1,1,1,0,0,1,1,E01000608,11-03-2018,1,1,1,1,34,6,3,0,0,0,0,-1,1,1
14344,74.13702794,15.2052719,1,3,1,1,1,08:10,28,E09000005,5,0,6,30,3,4,5,0,0,0,1,1,2,0,0,1,1,E01000576,06-03-2018,1,1,3,2,29,6,3,5,1,0,0,-1,0,1
14345,74.1460011,15.30455654,1,3,2,1,7,12:33,28,E09000005,3,406,3,40,0,-1,-1,0,0,0,1,1,1,0,0,1,1,E01000603,05-03-2018,1,1,1,1,36,7,3,0,0,0,0,-1,9,1
14346,73.95522878,15.26384707,1,3,2,2,7,16:12,28,E09000005,3,5,6,30,3,4,6,0,0,0,1,1,1,0,0,1,1,E01000545,12-03-2018,2,2,1,1,17,4,3,0,0,0,0,-1,3,-1
14347,74.11333058,15.31311993,1,3,2,1,7,08:45,28,E09000005,3,404,6,30,3,4,6,0,0,0,1,1,2,0,0,1,1,E01000636,12-02-2018,1,1,2,2,-1,-1,3,0,0,0,3,-1,11,-1
14348,73.99620242,15.25485025,1,3,2,1,5,22:00,28,E09000005,4,4557,6,30,3,4,6,0,0,0,4,1,1,0,0,1,1,E01000601,03-03-2018,1,1,1,1,36,7,3,0,0,0,0,-1,9,1
14349,73.97555796,15.31233988,1,3,2,2,7,14:25,28,E09000005,5,0,6,30,0,-1,-1,0,0,0,1,1,1,0,0,1,1,E01000507,05-03-2018,1,1,1,1,55,8,3,0,0,0,0,-1,9,1
14350,74.03991678,15.28266679,1,3,2,1,7,12:45,28,E09000005,5,0,6,30,0,-1,-1,0,0,0,1,1,1,0,0,1,1,E01000487,05-03-2018,1,1,2,2,-1,-1,3,0,0,0,3,-1,11,-1
14351,74.04818513,15.2886485,1,3,2,1,7,23:45,28,E09000005,5,0,3,30,3,4,6,0,0,0,4,1,1,0,0,1,1,E01000479,12-03-2018,1,2,1,1,37,7,3,0,0,0,0,-1,9,1
14352,74.12446658,15.26472069,1,3,1,2,4,08:25,28,E09000005,3,404,6,30,3,4,3,404,0,0,1,1,2,0,0,1,1,E01000620,02-03-2018,2,1,2,2,39,7,3,0,0,0,0,-1,4,1
14353,74.06114785,15.25794569,1,3,1,1,4,08:35,28,E09000005,3,4088,6,30,0,-1,-1,0,0,0,1,1,1,0,0,1,1,E01000564,09-03-2018,2,1,1,1,10,2,3,0,0,0,0,-1,1,1
14354,74.06910593,15.30331122,1,3,2,1,4,20:29,28,E09000005,3,404,6,30,6,2,3,404,0,0,4,1,1,0,0,1,1,E01000634,16-03-2018,1,1,1,1,16,4,3,0,0,0,0,-1,2,1
14355,73.99076952,15.19234112,1,3,1,1,4,16:35,28,E09000005,6,0,6,30,3,4,6,0,0,0,1,1,1,0,0,1,1,E01000511,09-03-2018,1,2,3,2,32,6,3,5,3,0,0,-1,0,-1
14356,74.00336042,15.18676226,1,3,1,1,2,13:54,2,E09000007,3,5,6,30,3,4,5,0,0,1,1,1,1,0,0,1,1,E01004710,07-03-2018,1,1,2,2,19,4,3,0,0,2,0,-1,9,-1
14357,74.15041504,15.25536274,1,3,1,1,2,06:50,28,E09000005,3,407,6,30,0,-1,-1,0,0,0,1,1,1,0,0,1,1,E01000642,14-03-2018,1,2,2,2,19,4,2,0,0,1,0,-1,9,-1
14358,74.03079054,15.29454047,1,3,2,1,2,09:14,28,E09000005,3,4088,6,30,0,-1,-1,0,0,0,1,1,1,0,0,1,1,E01000564,14-03-2018,1,1,2,1,70,10,3,0,0,0,3,-1,11,1
14359,74.0864127,15.31523039,1,3,1,1,2,16:50,28,E09000005,3,4005,6,30,7,2,3,4005,0,5,1,2,2,0,0,1,1,E01000472,28-02-2018,1,1,1,2,47,8,3,0,0,0,0,-1,9,1
14360,74.14442632,15.33678767,1,3,2,1,1,15:25,28,E09000005,3,4005,3,30,3,4,3,4005,0,0,1,1,1,0,0,1,1,E01000475,13-03-2018,1,2,3,2,16,4,2,5,1,0,0,-1,0,1
14361,74.00301278,15.35705496,1,3,3,1,5,21:00,28,E09000005,4,413,6,30,0,-1,-1,0,0,4,4,3,4,5,0,1,1,E01000551,03-03-2018,1,1,1,1,27,6,2,0,0,0,0,-1,3,1
14362,74.04607917,15.30864283,1,3,2,2,3,17:19,28,E09000005,5,0,6,30,3,4,5,0,0,0,4,2,2,0,0,1,1,E01000489,01-03-2018,1,1,2,1,9,2,3,0,0,2,0,-1,9,-1
14363,74.0971431,15.27338252,1,3,4,1,1,17:12,28,E09000005,5,0,6,30,0,-1,-1,0,0,0,1,1,1,0,0,1,1,E01000486,20-03-2018,1,2,2,2,40,7,3,0,0,1,0,-1,9,1
14364,73.98067485,15.29234335,1,3,2,1,2,06:00,28,E09000005,3,406,3,40,3,4,6,0,0,0,1,1,1,0,0,1,1,E01000498,21-03-2018,2,1,1,1,40,7,2,0,0,0,0,-1,5,1
14365,74.04057865,15.20732293,1,3,1,1,1,22:12,28,E09000005,6,0,6,30,0,-1,-1,0,0,0,4,1,1,0,0,1,1,E01000508,20-03-2018,2,3,2,2,38,7,3,0,0,0,0,-1,5,1
14366,74.12535677,15.35817898,1,3,2,1,5,17:43,28,E09000005,3,404,6,30,3,4,6,0,0,0,1,1,1,0,0,1,1,E01000531,17-03-2018,2,1,1,1,30,6,2,0,0,0,0,-1,2,1
14367,74.01648707,15.26728558,1,3,1,1,2,10:30,28,E09000005,3,407,6,30,3,4,3,407,0,0,1,1,1,0,0,1,1,E01000521,21-03-2018,1,1,3,1,42,7,2,5,3,0,0,-1,0,1
14368,74.13668313,15.32146074,1,3,2,1,2,17:33,28,E09000005,3,404,6,30,3,4,6,0,0,0,1,1,1,0,0,1,1,E01000620,21-03-2018,1,1,2,1,28,6,3,0,0,0,0,-1,5,2
14369,74.01565817,15.29114972,1,3,1,1,5,22:43,30,E09000003,3,5,6,30,0,-1,-1,0,0,0,4,1,1,0,0,1,1,E01000313,17-03-2018,2,1,1,1,-1,-1,3,0,0,0,0,-1,1,1
14370,73.97179316,15.32521057,1,3,1,1,5,07:20,28,E09000005,4,454,6,30,3,2,3,4006,0,5,1,2,2,0,0,1,1,E01000518,24-03-2018,1,1,1,1,18,4,3,0,0,0,0,-1,9,1
14371,74.10292413,15.28918005,1,3,2,1,3,13:11,28,E09000005,5,0,6,30,3,4,6,0,0,0,1,1,2,0,0,1,1,E01000491,22-03-2018,1,1,3,1,42,7,3,4,4,0,0,-1,0,1
14372,74.04873242,15.34058851,1,3,3,1,2,17:40,28,E09000005,3,5,6,30,0,-1,-1,0,0,0,1,1,1,0,0,1,2,E01000497,28-02-2018,1,1,1,1,29,6,3,0,0,0,0,-1,5,1
14373,74.15072628,15.25751969,1,3,2,1,1,17:30,28,E09000005,6,0,6,30,3,4,6,0,0,0,1,1,1,0,0,1,1,E01000544,03-04-2018,1,1,1,1,18,4,3,0,0,0,0,-1,3,1
14374,74.04325028,15.35058258,1,3,1,1,7,20:20,28,E09000005,3,5,6,30,0,-1,-1,0,0,0,4,2,2,0,0,1,1,E01000553,26-03-2018,1,2,3,1,39,7,3,1,1,0,0,-1,0,1
14375,74.04300082,15.36066255,1,3,2,1,4,13:05,28,E09000005,3,4089,6,30,6,4,5,0,0,0,1,1,1,0,0,1,1,E01000571,02-03-2018,1,1,3,2,22,5,3,4,1,0,0,-1,0,1
14376,74.07147803,15.19700935,1,3,1,1,4,18:43,28,E09000005,3,404,6,30,0,-1,-1,0,0,0,1,2,2,0,0,1,1,E01000635,30-03-2018,1,1,2,2,22,5,3,0,0,1,0,-1,9,1
14377,74.00447235,15.36640402,1,3,2,1,3,15:26,28,E09000005,3,407,6,30,0,-1,-1,0,0,0,1,1,1,0,0,1,1,E01000556,29-03-2018,2,1,1,2,25,5,3,0,0,0,0,-1,1,-1
14378,74.01605789,15.34560358,1,3,1,1,3,12:18,28,E09000005,5,0,6,30,0,-1,-1,0,0,0,1,1,1,0,0,1,1,E01000583,29-03-2018,1,1,2,2,27,6,3,0,0,1,0,-1,9,-1
14379,74.0885033,15.34451287,1,3,2,1,6,09:05,28,E09000005,3,404,6,30,8,4,6,0,0,0,1,1,1,4,0,1,1,E01002134,01-04-2018,1,1,1,1,33,6,3,0,0,0,0,-1,1,1
14380,73.96945616,15.17674392,1,3,2,1,6,17:50,28,E09000005,6,0,6,30,3,4,6,0,0,0,1,1,1,0,0,1,1,E01000629,01-04-2018,1,1,2,2,27,6,3,0,0,0,3,-1,11,-1
14381,74.00890242,15.32622347,1,3,2,1,7,02:17,28,E09000005,5,0,6,30,6,4,5,0,0,0,4,1,1,0,0,1,1,E01000489,02-04-2018,1,1,1,1,25,5,3,0,0,0,0,-1,3,1
14382,73.975896,15.26985264,1,3,2,2,7,15:00,28,E09000005,3,404,6,30,0,-1,-1,0,0,0,1,1,1,0,0,1,1,E01002137,02-04-2018,1,2,3,2,8,2,3,5,2,0,0,-1,0,1
14383,74.1074906,15.18578401,1,3,2,2,1,16:30,28,E09000005,6,0,6,30,3,4,6,0,0,0,1,1,1,0,0,1,1,E01000613,03-04-2018,2,1,1,1,45,7,3,0,0,0,0,-1,1,1
14384,74.00137629,15.20821784,1,3,2,1,6,18:04,28,E09000005,3,4006,6,30,3,4,6,0,0,0,1,1,1,0,0,1,1,E01000515,25-03-2018,1,1,3,1,20,4,3,6,9,0,0,-1,0,-1
14385,74.03675081,15.28358825,1,3,3,3,4,10:02,28,E09000005,3,406,3,50,0,-1,-1,0,0,0,1,1,1,0,0,1,1,E01000601,23-03-2018,1,1,1,1,26,6,3,0,0,0,0,-1,5,1
14386,73.95041099,15.34134525,1,3,1,1,2,10:55,28,E09000005,3,404,2,30,0,-1,-1,0,0,0,1,2,2,0,0,1,1,E01000524,04-04-2018,1,1,1,1,34,6,3,0,0,0,0,-1,4,1
14387,73.98537076,15.24360384,1,3,2,1,5,13:25,28,E09000005,3,404,6,30,3,4,3,404,0,0,1,1,1,0,0,1,1,E01000620,17-03-2018,1,1,1,1,35,6,3,0,0,0,0,-1,5,1