Accident_Index,longitude,latitude,Police_Force,Accident_Severity,Number_of_Vehicles,Number_of_Casualties,Day_of_Week,Time,Local_Authority_(District),Local_Authority_(Highway),1st_Road_Class,1st_Road_Number,Road_Type,Speed_limit,Junction_Detail,Junction_Control,2nd_Road_Class,2nd_Road_Number,Pedestrian_Crossing-Human_Control,Pedestrian_Crossing-Physical_Facilities,Light_Conditions,Weather_Conditions,Road_Surface_Conditions,Special_Conditions_at_Site,Carriageway_Hazards,Urban_or_Rural_Area,Did_Police_Officer_Attend_Scene_of_Accident,LSOA_of_Accident_Location,Date,Vehicle_Reference,Casualty_Reference,Casualty_Class,Sex_of_Casualty,Age_of_Casualty,Age_Band_of_Casualty,Casualty_Severity,Pedestrian_Location,Pedestrian_Movement,Car_Passenger,Bus_or_Coach_Passenger,Pedestrian_Road_Maintenance_Worker,Casualty_Type,Casualty_Home_Area_Type
14388,74.06533315,15.21005175,1,3,1,1,3,19:00,28,E09000005,4,454,6,30,0,-1,-1,0,0,0,1,1,1,0,0,1,1,E01000625,29-03-2018,2,1,1,1,23,5,3,0,0,0,0,-1,2,-1
14389,74.12950942,15.24256977,1,3,2,1,2,09:35,28,E09000005,5,0,1,30,2,4,5,0,0,0,1,2,2,0,0,1,1,E01000590,04-04-2018,1,1,1,1,42,7,2,0,0,0,0,-1,19,1
14390,74.13197943,15.22392895,1,3,4,1,3,07:50,28,E09000005,6,0,6,30,6,4,6,0,0,0,1,1,1,0,0,1,1,E01000620,05-04-2018,1,1,1,2,25,5,3,0,0,0,0,-1,9,1
14391,74.11688359,15.25516528,1,2,1,1,3,16:20,28,E09000005,3,5,6,30,0,-1,-1,0,0,0,1,1,1,0,0,1,1,E01000497,05-04-2018,1,1,1,1,29,6,3,0,0,0,0,-1,1,1
14392,74.0901901,15.28773211,1,3,2,1,7,13:01,28,E09000005,5,0,6,30,0,-1,-1,0,0,0,1,1,1,0,0,1,1,E01000592,19-03-2018,1,1,1,1,36,7,3,0,0,0,0,-1,1,1
14393,73.99195641,15.19356935,1,3,2,1,6,07:40,28,E09000005,3,4004,6,30,3,4,6,0,0,0,1,2,2,0,0,1,1,E01000521,08-04-2018,1,1,1,1,37,7,3,0,0,0,0,-1,9,1
14394,73.98788742,15.28249683,1,3,2,1,4,14:35,28,E09000005,3,406,3,30,0,-1,-1,0,0,0,1,1,2,0,0,1,1,E01000499,06-04-2018,1,1,2,2,16,4,3,0,0,2,0,-1,9,-1
14395,74.02513734,15.29719363,1,3,2,1,4,06:00,28,E09000005,3,4005,6,30,0,-1,-1,0,0,0,4,1,1,0,0,1,2,E01000608,16-02-2018,2,1,1,1,26,6,3,0,0,0,0,-1,5,-1
14396,74.00471317,15.22125753,1,3,1,1,1,18:18,28,E09000005,3,5,6,30,3,2,3,407,0,5,1,1,1,0,0,1,1,E01000556,10-04-2018,1,1,1,1,27,6,3,0,0,0,0,-1,5,-1
14397,74.04423115,15.27467338,1,3,1,1,6,22:21,28,E09000005,4,453,3,30,0,-1,-1,0,0,0,1,1,1,0,0,1,1,E01000628,08-04-2018,2,1,1,2,21,5,3,0,0,0,0,-1,9,-1
14398,74.13244345,15.22887535,1,3,2,1,2,11:00,28,E09000005,6,0,6,30,0,-1,-1,0,0,0,1,1,1,0,0,1,3,E01000495,07-03-2018,1,1,3,1,7,2,3,5,4,0,0,-1,0,1
14399,74.0074816,15.19578772,1,3,3,1,2,23:40,28,E09000005,6,0,6,30,3,4,6,0,0,0,4,1,1,0,0,1,1,E01000491,11-04-2018,1,1,3,1,9,2,3,5,1,0,0,-1,0,1
14400,74.1264744,15.28598667,1,3,2,1,1,10:45,28,E09000005,3,4006,6,30,3,4,5,0,0,0,1,1,1,0,0,1,3,E01000541,20-03-2018,1,1,1,2,20,4,3,0,0,0,0,-1,9,1
14401,73.95144053,15.30908632,1,3,3,1,4,08:10,28,E09000005,5,0,6,30,6,2,5,0,0,5,1,1,1,0,0,1,1,E01000489,09-03-2018,1,1,1,1,42,7,3,0,0,0,0,-1,9,1
14402,73.96732951,15.18737114,1,3,1,1,4,08:00,28,E09000005,3,4088,6,30,3,4,6,0,0,0,1,1,1,0,0,1,1,E01000511,16-03-2018,1,1,3,2,14,3,3,1,3,0,0,-1,0,1
14403,74.04454811,15.21063077,1,3,1,1,3,08:20,28,E09000005,3,407,6,30,3,4,6,0,0,1,1,2,2,0,0,1,1,E01000642,22-03-2018,2,1,1,1,30,6,3,0,0,0,0,-1,1,1
14404,74.11493939,15.29519301,1,3,1,1,1,15:15,28,E09000005,3,5,3,30,6,4,5,0,0,5,1,1,1,0,0,1,1,E01000561,10-04-2018,1,1,1,2,25,5,2,0,0,0,0,-1,9,1
14405,74.03669551,15.26775432,1,2,2,1,4,10:15,28,E09000005,3,406,3,30,0,-1,-1,0,0,0,1,1,2,0,0,1,1,E01000627,13-04-2018,1,1,2,2,-1,-1,3,0,0,0,2,-1,11,1
14406,74.03413007,15.22725514,1,3,1,2,2,19:10,28,E09000005,6,0,2,30,0,-1,-1,0,0,0,1,1,1,0,0,1,1,E01000607,11-04-2018,1,1,3,2,38,7,3,1,1,0,0,-1,0,-1
14407,74.14660355,15.22705463,1,3,2,1,4,15:23,28,E09000005,6,0,6,30,3,4,6,0,0,0,1,1,1,0,0,1,1,E01000599,13-04-2018,2,1,1,2,63,9,3,0,0,0,0,-1,9,1
14408,73.96077012,15.24685321,1,3,2,1,4,12:00,28,E09000005,6,0,6,30,0,-1,-1,0,0,0,1,1,1,0,0,1,1,E01000630,13-04-2018,3,1,1,1,41,7,3,0,0,0,0,-1,9,1
14409,74.00318125,15.17910917,1,3,2,1,3,18:45,28,E09000005,5,0,6,30,0,-1,-1,0,0,0,1,1,1,0,0,1,3,E01000586,22-03-2018,1,1,2,2,47,8,2,0,0,0,2,-1,11,1
14410,74.03820911,15.27460995,1,3,2,1,7,08:25,28,E09000005,3,406,3,30,3,2,4,4557,0,0,1,1,1,0,0,1,1,E01000601,09-04-2018,1,1,2,2,-1,-1,3,0,0,0,3,-1,11,-1
14411,74.14830126,15.2010073,1,3,3,2,6,10:50,28,E09000005,3,406,3,40,0,-1,-1,0,0,0,1,1,1,0,0,1,1,E01000601,15-04-2018,1,1,1,2,38,7,3,0,0,0,0,-1,9,1
14412,73.96673434,15.2880071,1,3,2,1,6,22:35,28,E09000005,3,4089,6,30,0,-1,-1,0,0,0,4,1,1,0,0,1,1,E01000616,15-04-2018,1,2,2,2,-1,-1,3,0,0,1,0,-1,9,-1
14413,74.01646508,15.29747908,1,3,2,1,3,15:30,28,E09000005,3,4140,1,30,1,4,3,4006,0,0,1,1,1,0,0,1,3,E01000543,15-03-2018,1,1,1,1,39,7,3,0,0,0,0,-1,4,1
14414,74.12555453,15.27764744,1,2,1,1,5,15:15,28,E09000005,4,413,6,30,0,-1,-1,0,0,0,1,1,1,0,0,1,1,E01004677,24-03-2018,1,1,3,2,29,6,2,5,1,0,0,-1,0,-1
14415,74.04671122,15.3015253,1,3,2,1,4,15:30,28,E09000005,3,404,6,30,0,-1,-1,0,0,0,1,1,1,0,0,1,3,E01000531,23-03-2018,1,1,2,2,70,10,3,0,0,0,3,-1,11,-1
14416,73.96537998,15.30436848,1,3,2,1,5,15:10,30,E09000003,3,5,6,30,8,4,6,0,0,0,1,1,1,0,0,1,3,E01000588,24-03-2018,1,1,2,2,80,11,3,0,0,0,4,-1,11,-1
14417,74.10376617,15.22811207,1,3,2,2,7,11:20,28,E09000005,4,4557,6,30,3,4,6,0,0,0,1,1,1,0,0,1,1,E01000601,16-04-2018,1,2,2,2,85,11,3,0,0,0,4,-1,11,-1
14418,74.06715335,15.34247466,1,3,2,2,1,20:51,28,E09000005,3,406,3,40,0,-1,-1,0,0,0,1,2,2,0,0,1,1,E01000498,17-04-2018,1,1,1,1,19,4,3,0,0,0,0,-1,9,1
14419,74.11847364,15.28477656,1,3,1,1,2,13:49,28,E09000005,3,407,6,30,3,4,6,0,0,1,1,1,1,0,0,1,1,E01000638,18-04-2018,1,1,2,2,82,11,3,0,0,0,3,-1,11,1
14420,74.07265797,15.30736997,1,3,2,1,2,09:58,28,E09000005,3,404,6,30,3,4,3,404,0,0,1,1,1,0,0,1,1,E01000563,18-04-2018,1,1,2,1,56,9,3,0,0,0,4,-1,11,1
14421,73.96969502,15.25697576,1,3,3,3,1,22:47,28,E09000005,3,404,6,30,0,-1,-1,0,0,0,4,1,1,0,0,1,1,E01000521,20-03-2018,1,2,2,2,51,8,3,0,0,0,4,-1,11,-1
14422,74.00328925,15.2784173,1,3,2,1,4,12:25,28,E09000005,3,404,6,30,3,4,5,0,0,0,1,1,1,0,0,1,1,E01000565,20-04-2018,1,1,2,1,35,6,3,0,0,0,4,-1,11,1
14423,74.04214863,15.24864571,1,3,2,1,5,17:30,28,E09000005,6,0,1,30,2,4,5,0,0,0,1,1,1,0,0,1,2,E01000510,21-04-2018,1,1,1,1,27,6,3,0,0,0,0,-1,9,1
14424,74.01070385,15.30966138,1,3,2,2,2,00:30,28,E09000005,5,0,6,30,3,4,6,0,0,0,4,1,1,0,0,1,1,E01000575,18-04-2018,1,2,2,2,-1,-1,3,0,0,1,0,-1,9,1
14425,73.96600437,15.33354769,1,3,2,1,7,08:27,28,E09000005,3,404,6,30,3,2,6,0,0,5,1,1,1,0,0,1,1,E01000535,23-04-2018,1,1,1,1,35,6,2,0,0,0,0,-1,5,1
14426,74.01673653,15.25853183,1,3,1,1,2,10:10,28,E09000005,3,404,6,30,3,4,6,0,0,0,1,1,1,0,0,1,1,E01000636,11-04-2018,1,1,1,1,56,9,3,0,0,0,0,-1,4,1
14427,73.95235559,15.25192038,1,3,2,1,3,22:30,28,E09000005,3,4005,6,30,3,4,4,456,0,0,4,1,1,0,0,1,1,E01000472,19-04-2018,1,1,2,2,66,10,3,0,0,0,4,-1,11,1
14428,74.13633592,15.27135828,1,3,1,1,3,15:40,28,E09000005,6,0,6,30,0,-1,-1,0,0,0,1,2,2,0,0,1,1,E01000636,22-02-2018,1,2,2,2,44,7,3,0,0,0,4,-1,11,1
14429,74.07746681,15.26485147,1,3,1,1,7,23:04,28,E09000005,3,404,6,30,3,4,6,0,0,4,4,1,1,0,0,1,1,E01000521,26-03-2018,1,1,1,1,17,4,3,0,0,0,0,-1,2,1
14430,74.12995573,15.35310456,1,3,3,3,6,12:40,28,E09000005,3,404,6,30,6,2,3,404,0,5,1,1,1,0,0,1,2,E01000621,01-04-2018,1,1,1,1,19,4,2,0,0,0,0,-1,9,-1
14431,74.13925977,15.3252947,1,3,1,1,4,03:10,28,E09000005,5,0,6,30,3,4,6,0,0,0,4,1,1,0,7,1,1,E01000596,20-04-2018,1,1,3,2,16,4,3,5,3,0,0,-1,0,1
14432,74.02012081,15.21091989,1,3,2,2,4,08:08,28,E09000005,6,0,6,30,9,4,6,0,0,0,1,2,2,0,0,1,1,E01000554,13-04-2018,1,1,3,2,3,1,3,5,1,0,0,-1,0,1
14433,73.98863277,15.30193242,1,3,2,1,6,23:50,28,E09000005,3,4088,6,30,6,4,6,0,0,0,4,1,1,0,0,1,1,E01000511,22-04-2018,1,1,3,1,27,6,3,6,9,0,0,-1,0,-1
14434,73.96315301,15.29600499,1,3,1,1,6,12:40,28,E09000005,3,407,6,30,3,4,3,5,0,4,1,1,1,0,0,1,1,E01000556,22-04-2018,1,1,3,2,25,5,3,6,9,0,0,-1,0,-1
14435,73.98468341,15.1898568,1,3,1,1,7,17:00,28,E09000005,3,4089,3,30,0,-1,-1,0,0,0,1,1,1,0,0,1,1,E01000632,23-04-2018,2,1,1,1,37,7,3,0,0,0,0,-1,3,1
14436,74.00794738,15.2041219,1,3,2,1,2,09:20,28,E09000005,3,404,3,30,8,2,6,0,0,5,1,2,2,0,0,1,1,E01002137,25-04-2018,2,1,1,1,52,8,2,0,0,0,0,-1,4,-1
14437,74.03708513,15.34544234,1,3,2,1,2,12:00,30,E09000003,3,406,3,40,0,-1,-1,0,0,0,1,1,1,0,0,1,1,E01000307,25-04-2018,1,1,3,1,62,9,2,5,1,0,0,-1,0,-1
14438,73.95315146,15.25182654,1,3,2,1,4,08:55,28,E09000005,3,4088,6,30,3,4,3,4088,0,0,1,1,1,0,0,1,1,E01000608,27-04-2018,2,1,2,2,-1,-1,3,0,0,1,0,-1,9,-1
14439,73.96298662,15.22707869,1,2,2,1,1,18:20,28,E09000005,6,0,6,30,3,4,6,0,0,0,1,1,1,0,0,1,1,E01000566,01-05-2018,1,1,3,2,55,8,2,1,1,0,0,-1,0,1
14440,73.97075771,15.19543884,1,3,2,2,4,08:00,27,E09000009,3,406,3,50,0,-1,-1,0,0,0,1,1,1,0,0,1,1,E01001276,27-04-2018,1,1,1,2,26,6,3,0,0,0,0,-1,9,1
14441,74.08634237,15.19705699,1,2,2,1,4,06:15,28,E09000005,3,5,6,30,3,2,3,407,0,5,1,1,1,0,0,1,1,E01000556,20-04-2018,1,1,1,1,36,7,3,0,0,0,0,-1,1,1
14442,74.12673766,15.32510702,1,3,2,2,6,22:28,28,E09000005,3,404,1,30,1,4,3,4005,0,0,4,1,1,0,0,1,1,E01000608,22-04-2018,1,1,1,1,40,7,3,0,0,0,0,-1,3,1
14443,74.10768557,15.18840673,1,3,2,1,4,07:25,28,E09000005,3,4088,6,30,3,4,3,406,0,7,1,2,2,0,0,1,1,E01000627,06-04-2018,1,1,3,1,24,5,3,1,1,0,0,-1,0,-1
14444,74.13350287,15.32741327,1,3,1,1,7,13:55,28,E09000005,3,404,6,30,3,2,3,404,0,0,1,1,1,0,0,1,1,E01000612,23-04-2018,1,1,3,1,15,3,2,5,2,0,0,-1,0,1
14445,74.10743614,15.28897665,1,3,2,1,3,06:20,28,E09000005,6,0,6,30,8,4,6,0,0,0,1,1,2,0,0,1,1,E01000472,26-04-2018,1,1,1,1,30,6,3,0,0,0,0,-1,19,1
14446,73.99009622,15.19465768,1,3,2,1,2,12:45,28,E09000005,3,406,7,30,3,4,3,406,0,0,1,2,2,0,0,1,1,E01000627,25-04-2018,1,1,2,1,9,2,3,0,0,0,1,-1,11,1
14447,74.06787058,15.33905332,1,3,2,1,2,10:53,28,E09000005,3,404,6,30,3,4,3,404,0,0,1,2,2,0,0,1,1,E01000597,25-04-2018,1,1,3,2,63,9,3,5,1,0,0,-1,0,1
14448,73.95491969,15.30980874,1,3,2,1,4,10:18,28,E09000005,3,406,3,30,5,4,3,406,0,0,1,1,1,0,0,1,1,E01000628,27-04-2018,1,1,2,2,-1,-1,3,0,0,0,3,-1,11,-1
14449,74.11115727,15.22667408,1,3,2,1,6,18:25,28,E09000005,3,404,6,30,3,4,6,0,0,0,1,1,1,0,0,1,1,E01000597,06-05-2018,1,1,1,1,51,8,3,0,0,0,0,-1,9,1
14450,73.96602633,15.26274276,1,3,2,1,1,13:15,28,E09000005,3,406,6,50,0,-1,-1,0,0,0,1,1,1,0,0,1,1,E01000600,01-05-2018,1,2,2,2,32,6,3,0,0,1,0,-1,9,-1
14451,74.10862831,15.27780249,1,3,2,1,4,21:08,30,E09000003,3,5,6,30,3,4,6,0,0,0,4,1,1,4,0,1,1,E01000592,04-05-2018,1,1,2,2,77,11,3,0,0,0,3,-1,11,1
14452,74.14595822,15.25342094,1,3,2,1,5,13:00,28,E09000005,3,404,6,30,0,-1,-1,0,0,0,1,1,1,0,0,1,1,E01000521,12-05-2018,1,1,3,1,-1,-1,3,6,9,0,0,-1,0,-1
14453,74.0654181,15.27890216,1,3,2,1,2,14:00,28,E09000005,6,0,6,30,0,-1,-1,0,0,0,1,1,1,0,0,1,1,E01000498,25-04-2018,2,1,1,1,49,8,3,0,0,0,0,-1,9,1
14454,73.97543711,15.36498803,1,3,2,1,3,11:10,28,E09000005,6,0,6,30,3,4,6,0,0,0,1,2,2,0,0,1,2,E01000614,26-04-2018,1,1,3,1,30,6,3,4,1,0,0,-1,0,1
14455,74.11142501,15.22133642,1,3,1,1,6,08:15,28,E09000005,3,404,6,30,0,-1,-1,0,0,0,1,1,1,0,0,1,2,E01000595,29-04-2018,1,1,1,1,38,7,3,0,0,0,0,-1,3,-1
14456,73.95714201,15.31605208,1,3,2,1,4,14:15,28,E09000005,4,453,6,30,0,-1,-1,0,0,0,1,1,1,0,0,1,1,E01000628,04-05-2018,1,1,1,1,21,5,3,0,0,0,0,-1,9,1
14457,73.9670268,15.24852532,1,3,2,1,4,23:10,28,E09000005,5,0,6,30,3,4,6,0,0,0,4,1,1,0,0,1,1,E01000515,04-05-2018,2,2,1,1,45,7,3,0,0,0,0,-1,9,1
14458,74.10685131,15.27883916,1,3,4,1,5,09:00,28,E09000005,5,0,6,30,8,4,6,0,0,0,1,1,1,0,0,1,1,E01000610,05-05-2018,1,1,1,1,49,8,3,0,0,0,0,-1,9,1
14459,74.15047404,15.22835224,1,2,3,1,3,09:06,28,E09000005,6,0,6,30,8,4,6,0,0,0,1,1,1,0,0,1,1,E01000563,03-05-2018,2,2,1,2,31,6,2,0,0,0,0,-1,9,1
14460,74.13469622,15.32082932,1,3,2,3,2,19:06,28,E09000005,6,0,6,30,8,4,6,0,0,0,1,2,2,0,0,1,1,E01000600,16-05-2018,1,1,2,2,14,3,3,0,0,1,0,-1,9,1
14461,74.02786502,15.2995892,1,3,3,1,4,09:45,28,E09000005,4,4492,6,30,0,-1,-1,0,0,0,1,1,1,0,0,1,1,E01000600,04-05-2018,3,1,1,2,19,4,3,0,0,0,0,-1,9,1
14462,74.08259583,15.28450918,1,3,1,1,6,14:30,28,E09000005,3,5,6,30,0,-1,-1,0,0,0,1,1,1,0,0,1,2,E01000545,06-05-2018,2,1,1,1,-1,-1,2,0,0,0,0,-1,1,-1
14463,74.09499926,15.17875832,1,3,1,1,1,20:46,28,E09000005,3,406,3,40,0,-1,-1,0,0,0,4,1,1,0,2,1,1,E01000601,08-05-2018,1,1,1,1,82,11,3,0,0,0,0,-1,90,-1
14464,74.08717783,15.30304062,1,3,2,2,6,16:45,28,E09000005,3,406,3,40,3,2,4,4557,0,5,1,1,1,0,0,1,1,E01000602,06-05-2018,1,1,1,1,52,8,3,0,0,0,0,-1,9,1
14465,74.13425335,15.34231494,1,3,2,1,3,08:10,28,E09000005,3,404,6,30,3,4,6,0,0,0,1,1,1,0,0,1,1,E01000621,10-05-2018,2,1,1,1,42,7,3,0,0,0,0,-1,4,1
14466,74.01913993,15.24436863,1,3,1,1,3,15:56,28,E09000005,3,404,6,30,0,-1,-1,0,0,1,1,1,1,0,0,1,1,E01000608,10-05-2018,1,1,1,2,27,6,2,0,0,0,0,-1,9,1
14467,74.00248009,15.35235804,1,3,1,1,3,18:45,28,E09000005,4,453,6,30,3,4,6,0,0,0,1,1,1,0,0,1,1,E01000628,03-05-2018,2,2,1,1,34,6,3,0,0,0,0,-1,19,1
14468,73.96795517,15.3125347,1,3,2,2,3,20:44,28,E09000005,3,4089,6,30,0,-1,-1,0,0,0,4,1,1,0,0,1,1,E01000472,10-05-2018,1,1,1,2,33,6,3,0,0,0,0,-1,9,1
14469,74.05507364,15.27850322,1,3,2,1,1,21:05,28,E09000005,3,407,6,30,6,4,3,407,0,1,4,1,1,0,0,1,1,E01000642,03-04-2018,1,2,2,2,11,3,3,0,0,1,0,-1,9,1
14470,73.95598369,15.32851501,1,3,1,1,3,19:55,28,E09000005,5,0,6,30,0,-1,-1,0,0,0,1,1,1,0,0,1,1,E01000595,10-05-2018,1,3,2,1,4,1,2,0,0,2,0,-1,9,-1
14471,74.02466471,15.21356702,1,3,3,1,4,09:00,28,E09000005,5,0,6,30,3,4,6,0,0,0,1,1,1,0,0,1,1,E01000615,18-05-2018,1,1,2,2,19,4,3,0,0,1,0,-1,9,-1
14472,74.06737998,15.23735268,1,3,1,1,5,06:35,28,E09000005,4,454,6,30,0,-1,-1,0,0,0,1,1,1,0,0,1,1,E01000518,05-05-2018,1,1,1,1,26,6,2,0,0,0,0,-1,5,1
14473,74.007205,15.32966944,1,3,2,1,6,07:27,28,E09000005,3,4005,1,30,1,4,5,0,0,0,1,1,1,0,0,1,1,E01000612,13-05-2018,1,1,3,2,19,4,3,5,1,0,0,-1,0,-1
14474,74.03612433,15.28404433,1,3,2,2,6,06:30,28,E09000005,3,404,6,30,3,4,5,0,0,4,1,1,1,0,0,1,1,E01000531,13-05-2018,1,1,1,1,21,5,3,0,0,0,0,-1,9,1
14475,74.12470922,15.20078545,1,3,2,1,3,19:05,28,E09000005,6,0,6,30,3,4,6,0,0,0,1,1,1,0,0,1,1,E01000640,10-05-2018,2,1,1,1,49,8,2,0,0,0,0,-1,5,1
14476,74.00123618,15.17903145,1,3,2,1,2,16:25,28,E09000005,3,4088,6,30,0,-1,-1,0,0,0,1,1,1,0,0,1,1,E01000564,21-03-2018,1,1,1,1,47,8,3,0,0,0,0,-1,2,1
14477,73.9663664,15.36400985,1,3,2,1,2,23:30,28,E09000005,4,4557,6,30,8,4,6,0,0,0,4,1,1,0,0,1,1,E01000601,02-05-2018,1,1,1,1,22,5,3,0,0,0,0,-1,1,1
14478,74.14104131,15.29109945,1,3,1,1,5,08:57,27,E09000009,4,4492,3,30,3,4,6,0,0,0,1,2,2,0,0,1,1,E01001246,10-03-2018,1,1,1,1,40,7,3,0,0,0,0,-1,9,1
14479,74.04490886,15.31422136,1,3,1,1,2,11:45,28,E09000005,3,4088,3,30,3,4,5,0,0,8,1,1,1,0,0,1,1,E01000481,16-05-2018,1,1,1,2,29,6,3,0,0,0,0,-1,9,-1
14480,74.10229824,15.25868957,1,3,1,1,5,14:10,28,E09000005,6,0,6,30,3,4,6,0,0,0,1,1,1,0,0,1,1,E01000588,12-05-2018,1,1,1,1,18,4,3,0,0,0,0,-1,2,1
14481,74.01937281,15.31973784,1,3,3,1,2,07:25,28,E09000005,3,4005,3,40,0,-1,-1,0,0,5,1,1,1,0,0,1,1,E01000472,09-05-2018,1,1,3,2,48,8,3,1,1,0,0,-1,0,-1
14482,74.07476716,15.30108677,1,3,2,1,6,07:15,28,E09000005,5,0,6,30,6,4,5,0,0,0,1,1,1,0,0,1,1,E01000532,13-05-2018,2,1,1,1,14,3,3,0,0,0,0,-1,1,-1
14483,74.04176716,15.2523336,1,3,3,1,7,16:00,28,E09000005,3,407,6,30,3,4,6,0,0,0,1,1,1,0,0,1,1,E01000642,14-05-2018,1,1,1,1,23,5,3,0,0,0,0,-1,3,1
14484,73.95824389,15.3448792,1,3,1,1,7,18:47,28,E09000005,3,4006,6,30,3,4,6,0,0,0,1,1,1,0,0,1,1,E01000518,14-05-2018,1,1,1,1,31,6,2,0,0,0,0,-1,5,1
14485,74.0692494,15.21246478,1,3,1,1,5,17:06,28,E09000005,5,0,6,30,0,-1,-1,0,0,1,1,1,1,0,0,1,1,E01000537,19-05-2018,1,1,3,2,22,5,3,5,3,0,0,-1,0,1
14486,74.0996423,15.25818197,1,3,1,1,5,08:00,28,E09000005,3,407,6,30,0,-1,-1,0,0,1,1,1,1,0,0,1,1,E01000506,17-02-2018,1,1,2,2,8,2,3,0,0,2,0,-1,9,-1
14487,73.97354481,15.31473154,1,3,2,1,6,18:21,28,E09000005,3,404,6,30,3,2,3,404,0,5,1,1,1,0,0,1,1,E01000535,06-05-2018,1,1,3,1,10,2,2,9,5,0,0,-1,0,1
14488,74.14683922,15.29954137,1,3,2,1,7,20:10,28,E09000005,6,0,6,30,0,-1,-1,0,0,0,4,1,2,0,0,1,1,E01000621,09-04-2018,1,1,3,1,4,1,3,1,3,0,0,-1,0,1
14489,74.03016063,15.28750217,1,3,2,1,3,06:37,28,E09000005,3,406,3,30,3,4,6,0,0,0,1,1,1,0,0,1,1,E01000496,10-05-2018,1,2,3,2,29,6,2,1,3,0,0,-1,0,1
14490,74.05379155,15.33278032,1,3,2,1,7,06:30,30,E09000003,3,5,6,30,6,2,3,4006,0,5,1,1,1,0,0,1,1,E01000312,21-05-2018,1,1,1,1,41,7,3,0,0,0,0,-1,5,2
14491,73.9759546,15.34252209,1,3,2,1,3,14:25,28,E09000005,6,0,6,30,3,4,6,0,0,0,1,1,1,0,0,1,1,E01000630,10-05-2018,1,1,1,2,32,6,3,0,0,0,0,-1,9,1
14492,74.00958442,15.22185797,1,2,2,1,3,17:39,28,E09000005,3,4003,6,30,6,2,3,4003,0,5,1,1,1,0,0,1,1,E01000642,10-05-2018,2,1,1,1,50,8,3,0,0,0,0,-1,9,1
14493,74.00551694,15.25338059,1,3,2,1,7,13:41,28,E09000005,3,4088,6,30,0,-1,-1,0,0,0,1,1,2,0,0,1,1,E01000608,07-05-2018,2,2,2,2,10,2,3,0,0,2,0,-1,9,1
14494,73.95473409,15.26698221,1,3,4,1,2,19:50,28,E09000005,3,4088,6,30,3,2,3,4088,0,5,1,1,1,0,0,1,1,E01000627,23-05-2018,2,3,2,1,13,3,3,0,0,2,0,-1,9,1
14495,73.99784673,15.34799304,1,3,2,1,3,16:37,28,E09000005,4,4565,2,30,3,4,6,0,0,0,1,1,1,0,0,1,1,E01000614,24-05-2018,2,4,2,2,9,2,3,0,0,2,0,-1,9,1
14496,74.14134986,15.19402703,1,2,1,1,4,15:28,28,E09000005,6,0,6,30,3,4,3,5,0,0,1,1,1,0,0,1,1,E01000545,18-05-2018,2,5,2,1,12,3,3,0,0,1,0,-1,9,1
14497,73.96775755,15.3041442,1,3,2,1,4,22:50,2,E09000007,3,5,6,30,7,2,5,0,0,5,4,1,1,0,0,1,1,E01000550,04-05-2018,2,1,1,1,57,9,2,0,0,0,0,-1,9,-1
14498,74.07754424,15.31446465,1,3,2,2,3,13:35,28,E09000005,3,404,6,30,3,4,6,0,0,0,1,1,1,0,0,1,1,E01000636,10-05-2018,1,1,1,1,38,7,3,0,0,0,0,-1,5,1
14499,73.97524069,15.27553162,1,3,2,1,6,09:35,28,E09000005,3,4089,6,30,0,-1,-1,0,0,0,1,1,1,0,0,1,1,E01000614,20-05-2018,1,1,2,2,27,6,3,0,0,1,0,-1,9,1
14500,74.11180086,15.26332867,1,3,1,1,5,15:50,30,E09000003,3,5,3,30,3,4,6,0,0,1,1,1,1,0,0,1,1,E01002118,26-05-2018,1,2,1,2,39,7,3,0,0,0,0,-1,9,1
14501,74.11395212,15.21744922,1,3,1,1,5,09:45,28,E09000005,3,404,6,30,1,4,3,4005,0,0,1,1,1,0,0,1,1,E01000608,12-05-2018,2,3,1,1,37,7,3,0,0,0,0,-1,9,1
14502,74.10655325,15.3279423,1,3,2,1,2,16:45,28,E09000005,5,0,6,30,0,-1,-1,0,0,0,1,2,2,0,0,1,1,E01000490,16-05-2018,1,1,3,1,42,7,3,9,5,0,0,-1,0,1
14503,74.05689476,15.29835701,1,2,3,1,5,18:00,28,E09000005,3,4006,6,30,0,-1,-1,0,0,0,1,1,2,0,0,1,1,E01000514,19-05-2018,1,1,1,2,76,11,3,0,0,0,0,-1,9,1
14504,74.05042485,15.19292195,1,3,1,1,6,06:10,28,E09000005,3,5,6,30,3,2,6,0,0,5,1,2,2,0,0,1,1,E01000545,20-05-2018,1,1,3,1,8,2,3,5,2,0,0,-1,0,-1
14505,73.94988513,15.35341859,1,3,1,1,2,09:38,28,E09000005,3,4088,3,30,3,2,6,0,0,5,1,1,1,0,0,1,1,E01000627,16-05-2018,1,1,2,2,82,11,2,0,0,0,3,-1,11,1
14506,73.9634968,15.26778286,1,3,1,1,6,17:45,28,E09000005,3,404,6,30,0,-1,-1,0,0,0,1,9,1,0,0,1,1,E01000597,13-05-2018,1,1,1,2,41,7,3,0,0,0,0,-1,9,1
14507,74.07311214,15.17413084,1,3,2,1,5,16:10,28,E09000005,5,0,6,30,0,-1,-1,0,0,0,1,1,1,0,0,1,2,E01000614,19-05-2018,1,1,1,2,43,7,3,0,0,0,0,-1,9,1
14508,74.04105756,15.17737989,1,3,2,2,5,17:40,28,E09000005,5,0,6,30,3,4,6,0,0,0,1,1,1,0,0,1,1,E01000537,26-05-2018,2,1,2,1,7,2,3,0,0,1,0,-1,9,1