Accident_Index,longitude,latitude,Police_Force,Accident_Severity,Number_of_Vehicles,Number_of_Casualties,Day_of_Week,Time,Local_Authority_(District),Local_Authority_(Highway),1st_Road_Class,1st_Road_Number,Road_Type,Speed_limit,Junction_Detail,Junction_Control,2nd_Road_Class,2nd_Road_Number,Pedestrian_Crossing-Human_Control,Pedestrian_Crossing-Physical_Facilities,Light_Conditions,Weather_Conditions,Road_Surface_Conditions,Special_Conditions_at_Site,Carriageway_Hazards,Urban_or_Rural_Area,Did_Police_Officer_Attend_Scene_of_Accident,LSOA_of_Accident_Location,Date,Vehicle_Reference,Casualty_Reference,Casualty_Class,Sex_of_Casualty,Age_of_Casualty,Age_Band_of_Casualty,Casualty_Severity,Pedestrian_Location,Pedestrian_Movement,Car_Passenger,Bus_or_Coach_Passenger,Pedestrian_Road_Maintenance_Worker,Casualty_Type,Casualty_Home_Area_Type
14509,73.97826459,15.35566027,1,3,2,1,6,08:45,28,E09000005,6,0,6,30,3,4,6,0,0,0,1,1,1,0,0,1,2,E01000538,20-05-2018,2,1,1,1,30,6,3,0,0,0,0,-1,9,1
14510,74.06257047,15.22501868,1,3,1,1,3,19:20,28,E09000005,3,407,6,30,6,2,3,5,0,5,4,1,1,0,0,1,2,E01000556,10-05-2018,1,1,2,1,39,7,3,0,0,0,0,-1,21,1
14511,74.11397832,15.27554929,1,3,1,1,3,13:00,28,E09000005,3,4000,6,30,3,4,5,0,0,0,1,1,1,0,0,1,1,E01000488,03-05-2018,1,2,2,1,21,5,3,0,0,0,0,-1,21,1
14512,73.97321666,15.30003595,1,3,2,1,5,22:15,28,E09000005,3,4088,6,30,3,4,6,0,0,0,4,2,2,0,0,1,1,E01000479,19-05-2018,4,3,2,2,67,10,3,0,0,1,0,-1,9,1
14513,74.07736275,15.36186311,1,3,1,1,6,15:05,28,E09000005,3,406,3,40,0,-1,-1,0,0,0,1,1,1,0,0,1,1,E01000602,06-05-2018,1,1,2,1,74,10,3,0,0,0,1,-1,11,-1
14514,73.97647446,15.18567622,1,3,3,1,7,11:45,28,E09000005,6,0,6,30,0,-1,-1,0,0,0,1,2,2,0,0,1,1,E01000509,21-05-2018,2,1,1,2,9,2,3,0,0,0,0,-1,1,1
14515,74.13932976,15.26130966,1,3,2,1,2,14:00,28,E09000005,3,404,7,30,5,4,3,406,0,0,1,1,1,0,0,1,1,E01000605,23-05-2018,1,1,1,1,25,5,3,0,0,0,0,-1,9,1
14516,74.11930231,15.29518293,1,3,2,1,7,14:40,28,E09000005,6,0,6,30,8,4,6,0,0,0,1,1,1,0,0,1,1,E01000471,28-05-2018,1,3,2,1,30,6,2,0,0,1,0,-1,9,1
14517,74.03121203,15.34858915,1,3,3,1,6,15:45,28,E09000005,3,4127,3,40,0,-1,-1,0,0,0,1,1,1,0,0,1,1,E01000562,27-05-2018,2,2,1,1,21,5,3,0,0,0,0,-1,9,1
14518,74.10411632,15.30775793,1,3,1,1,5,00:35,28,E09000005,3,404,6,30,3,2,4,4565,0,0,4,1,1,0,0,1,1,E01000636,26-05-2018,2,4,2,2,21,5,2,0,0,1,0,-1,9,1
14519,74.09959977,15.18279449,1,3,3,1,6,17:40,28,E09000005,3,404,6,40,0,-1,-1,0,0,0,1,1,1,0,0,1,1,E01000568,27-05-2018,1,1,1,1,30,6,3,0,0,0,0,-1,2,1
14520,74.11338974,15.2027891,1,2,2,1,2,14:57,28,E09000005,3,4088,6,30,3,4,6,0,0,0,1,1,1,0,0,1,1,E01000638,30-05-2018,2,1,1,1,13,3,3,0,0,0,0,-1,1,1
14521,74.06161915,15.32623254,1,3,1,1,5,09:11,28,E09000005,3,4003,6,30,3,4,6,0,0,0,1,1,1,0,0,1,1,E01000546,26-05-2018,2,1,1,1,26,6,3,0,0,0,0,-1,3,1
14522,74.03446838,15.35153357,1,3,2,1,2,07:09,28,E09000005,4,4565,6,30,8,4,6,0,0,0,1,1,1,0,0,1,1,E01000614,30-05-2018,1,1,1,2,42,7,3,0,0,0,0,-1,9,1
14523,74.0971632,15.30796783,1,3,2,1,7,14:12,28,E09000005,6,0,6,30,3,4,6,0,0,0,1,1,1,0,0,1,1,E01000474,28-05-2018,2,1,1,2,32,6,3,0,0,0,0,-1,1,1
14524,74.12851803,15.24100019,1,3,1,2,6,13:20,30,E09000003,3,5,6,30,0,-1,-1,0,0,0,1,1,1,0,0,1,1,E01000588,27-05-2018,1,1,3,1,15,3,3,4,1,0,0,-1,0,1
14525,73.98746273,15.33137567,1,3,2,1,3,12:00,28,E09000005,3,407,6,30,0,-1,-1,0,0,1,1,1,1,0,0,1,2,E01000642,24-05-2018,1,1,3,1,25,5,3,5,1,0,0,-1,0,1
14526,74.08012776,15.31966172,1,3,2,1,3,08:40,28,E09000005,5,0,2,30,0,-1,-1,0,0,0,1,1,1,0,0,1,2,E01000531,10-05-2018,1,1,1,1,32,6,3,0,0,0,0,-1,3,1
14527,73.99188163,15.26930422,1,3,2,1,5,16:00,28,E09000005,3,404,6,30,0,-1,-1,0,0,0,1,1,1,0,0,1,2,E01000635,26-05-2018,1,1,1,1,37,7,3,0,0,0,0,-1,9,1
14528,74.13474655,15.36697194,1,3,2,1,2,17:40,28,E09000005,6,0,6,30,0,-1,-1,0,0,0,1,1,1,0,0,1,1,E01000492,28-03-2018,2,1,1,1,28,6,3,0,0,0,0,-1,3,1
14529,74.07769537,15.18248581,1,3,2,2,5,17:50,28,E09000005,3,404,6,30,0,-1,-1,0,0,0,1,1,1,0,0,1,1,E01000608,26-05-2018,2,2,2,2,24,5,3,0,0,0,0,-1,3,1
14530,74.06097382,15.2672387,1,3,2,4,4,21:15,28,E09000005,6,0,6,30,0,-1,-1,0,0,0,4,1,1,0,0,1,2,E01000512,18-05-2018,1,1,3,1,23,5,3,5,3,0,0,-1,0,1
14531,74.13646583,15.23217205,1,3,3,1,6,17:58,28,E09000005,3,406,3,40,0,-1,-1,0,0,0,1,2,2,0,0,1,1,E01000596,03-06-2018,1,1,2,1,26,6,3,0,0,1,0,-1,9,1
14532,74.05820266,15.26732159,1,3,1,1,4,18:25,28,E09000005,3,404,6,30,0,-1,-1,0,0,0,1,1,1,0,0,1,1,E01000620,25-05-2018,2,2,1,1,37,7,3,0,0,0,0,-1,9,1
14533,74.12547534,15.28721474,1,3,1,1,3,18:09,28,E09000005,6,0,2,30,0,-1,-1,0,0,0,1,1,1,0,0,1,1,E01000626,24-05-2018,2,3,2,2,40,7,3,0,0,2,0,-1,9,1
14534,74.11522253,15.22376193,1,3,2,1,4,15:50,30,E09000003,3,5100,2,30,0,-1,-1,0,0,0,1,1,1,0,0,1,2,E01000194,11-05-2018,2,4,2,2,-1,-1,3,0,0,1,0,-1,9,1
14535,74.06130536,15.19783919,1,2,2,1,1,14:57,27,E09000009,3,4000,6,30,3,4,6,0,0,0,1,1,1,0,0,1,1,E01001246,15-05-2018,1,1,1,1,45,7,3,0,0,0,0,-1,9,-1
14536,74.00300809,15.32564702,1,2,2,2,1,03:54,28,E09000005,3,407,6,30,6,2,5,0,0,5,4,1,1,0,0,1,1,E01000557,22-05-2018,1,1,1,2,31,6,3,0,0,0,0,-1,9,1
14537,73.98165564,15.33316808,1,3,3,1,1,16:05,28,E09000005,6,0,6,30,3,4,6,0,0,0,1,1,1,0,0,1,1,E01000523,08-05-2018,2,1,1,2,44,7,3,0,0,0,0,-1,9,1
14538,73.99717344,15.28435699,1,3,1,1,3,06:30,28,E09000005,3,4088,6,30,0,-1,-1,0,0,0,1,2,2,6,0,1,1,E01000483,24-05-2018,1,1,1,2,41,7,3,0,0,0,0,-1,9,1
14539,73.98206427,15.3450662,1,2,3,1,2,17:51,28,E09000005,6,0,6,20,3,4,6,0,0,0,1,2,2,0,0,1,1,E01000621,16-05-2018,2,1,1,1,61,9,3,0,0,0,0,-1,9,1
14540,73.95271467,15.32585553,1,3,1,1,3,12:10,28,E09000005,3,404,6,30,0,-1,-1,0,0,0,1,1,1,0,0,1,1,E01000635,07-06-2018,2,1,1,1,11,3,3,0,0,0,0,-1,1,1
14541,74.0114976,15.31133034,1,3,1,2,3,10:45,28,E09000005,6,0,6,30,8,4,6,0,0,0,1,1,2,0,0,1,1,E01000475,24-05-2018,2,1,1,1,-1,-1,3,0,0,0,0,-1,1,-1
14542,74.10834911,15.21992904,1,3,1,1,6,07:56,28,E09000005,3,407,6,30,3,4,5,0,0,0,1,1,1,0,0,1,1,E01000644,27-05-2018,1,1,3,1,-1,-1,3,5,1,0,0,-1,0,-1
14543,74.08649069,15.27416183,1,3,2,1,3,10:36,28,E09000005,3,404,6,30,3,4,6,0,0,0,1,2,2,0,0,1,1,E01000636,24-05-2018,1,1,2,2,72,10,3,0,0,1,0,-1,9,1
14544,74.08624566,15.24473308,1,3,4,1,6,14:15,28,E09000005,3,404,6,30,8,4,6,0,0,0,1,1,1,0,0,1,1,E01000608,27-05-2018,1,1,3,2,23,5,3,5,3,0,0,-1,0,-1
14545,74.07465255,15.33820844,1,3,1,1,5,09:40,28,E09000005,5,0,6,30,0,-1,-1,0,0,0,1,1,1,0,0,1,1,E01000540,02-06-2018,1,1,1,2,85,11,3,0,0,0,0,-1,9,1
14546,74.00075116,15.26502414,1,3,1,1,5,10:40,28,E09000005,3,4003,6,30,3,4,6,0,0,5,1,1,1,0,0,1,1,E01000642,02-06-2018,3,1,1,1,28,6,3,0,0,0,0,-1,1,1
14547,74.11937979,15.29648384,1,3,2,1,3,19:20,28,E09000005,5,0,6,30,0,-1,-1,0,0,0,1,1,1,0,0,1,1,E01000535,31-05-2018,1,1,1,2,20,4,3,0,0,0,0,-1,9,-1
14548,74.0300231,15.26073838,1,3,1,1,2,17:20,28,E09000005,3,404,6,30,3,4,6,0,0,0,1,1,1,0,0,1,1,E01000635,06-06-2018,1,1,1,1,35,6,3,0,0,0,0,-1,9,-1
14549,74.10063551,15.34120531,1,3,2,1,3,08:40,28,E09000005,3,404,6,30,3,4,5,0,0,0,1,1,1,0,0,1,1,E01000565,07-06-2018,1,1,1,1,35,6,3,0,0,0,0,-1,5,1
14550,73.96361347,15.22031205,1,3,2,1,5,14:00,30,E09000003,6,0,6,30,0,-1,-1,0,0,0,1,1,1,0,0,1,2,E01000141,19-05-2018,1,1,1,1,-1,-1,3,0,0,0,0,-1,3,1
14551,74.07526195,15.23245962,1,3,2,1,6,14:18,28,E09000005,3,4006,6,30,3,4,3,4006,0,0,1,2,2,0,0,1,1,E01000542,03-06-2018,1,1,3,1,11,3,3,5,3,0,0,-1,0,-1
14552,74.14208003,15.23372809,1,3,2,1,7,22:50,28,E09000005,3,407,6,30,3,2,6,0,0,5,4,1,1,0,0,1,1,E01000528,07-05-2018,1,1,1,2,27,6,3,0,0,0,0,-1,9,1
14553,74.10274814,15.2621831,1,3,2,1,1,15:00,28,E09000005,3,5,6,30,3,4,6,0,0,0,1,1,1,0,0,1,1,E01000497,22-05-2018,2,1,2,2,20,4,3,0,0,1,0,-1,9,1
14554,74.00830608,15.36276015,1,3,3,1,2,17:40,28,E09000005,3,4006,6,30,8,4,6,0,0,0,1,2,2,0,0,1,1,E01000312,16-05-2018,1,1,1,1,25,5,3,0,0,0,0,-1,1,1
14555,74.13317937,15.29834116,1,3,2,1,3,16:20,28,E09000005,3,5,6,30,3,4,6,0,0,0,1,1,1,0,0,1,1,E01000558,07-06-2018,1,1,1,1,41,7,3,0,0,0,0,-1,9,-1
14556,74.14791355,15.22738647,1,3,1,1,2,18:09,28,E09000005,5,0,6,30,6,4,6,0,0,0,1,1,1,0,0,1,1,E01000583,06-06-2018,2,1,1,2,52,8,3,0,0,0,0,-1,9,1
14557,74.10925227,15.20133081,1,3,2,1,4,08:20,28,E09000005,6,0,6,30,3,4,3,4088,0,0,1,1,1,0,0,1,1,E01000627,08-06-2018,1,1,1,2,37,7,3,0,0,0,0,-1,9,1
14558,74.10886667,15.22129828,1,3,2,1,4,08:45,28,E09000005,6,0,6,30,6,4,6,0,0,0,1,1,1,0,0,1,2,E01000638,04-05-2018,1,2,2,1,20,4,3,0,0,1,0,-1,9,1
14559,74.12184276,15.32255224,1,3,2,1,2,09:45,28,E09000005,5,0,6,30,3,4,6,0,0,0,1,1,1,0,0,1,2,E01000598,23-05-2018,2,3,1,1,22,5,3,0,0,0,0,-1,9,1
14560,74.1131369,15.25349011,1,3,1,3,3,14:53,28,E09000005,3,404,6,30,0,-1,-1,0,0,0,1,1,1,0,0,1,1,E01000524,24-05-2018,1,1,3,2,31,6,2,5,1,0,0,-1,0,1
14561,74.02572339,15.20866032,1,3,2,1,3,16:26,28,E09000005,3,4005,6,30,3,4,4,456,0,0,1,1,1,0,0,1,1,E01000472,17-05-2018,1,1,1,1,48,8,3,0,0,0,0,-1,9,-1
14562,73.95711004,15.2727281,1,2,1,1,2,19:50,1,E09000033,4,450,6,30,3,2,6,0,0,5,1,1,1,0,0,1,1,E01000586,30-05-2018,2,1,1,1,9,2,3,0,0,0,0,-1,1,-1
14563,74.05114305,15.21688707,1,3,2,1,7,16:20,28,E09000005,3,4088,6,30,3,4,6,0,0,0,1,1,1,0,0,1,1,E01000627,11-06-2018,1,1,3,2,76,11,2,6,9,0,0,-1,0,1
14564,74.08357702,15.20124377,1,2,1,1,4,20:30,28,E09000005,3,407,6,30,3,4,6,0,0,0,1,1,1,0,0,1,1,E01000644,15-06-2018,2,1,1,1,32,6,3,0,0,0,0,-1,1,1
14565,73.96065938,15.35739358,1,3,2,2,3,23:45,28,E09000005,5,0,6,30,3,4,6,0,0,0,4,1,1,0,0,1,2,E01000493,31-05-2018,1,1,1,1,44,7,2,0,0,0,0,-1,5,1
14566,74.02058918,15.32099157,1,3,2,1,3,16:45,28,E09000005,3,4088,6,30,0,-1,-1,0,0,0,1,1,1,0,0,1,2,E01000638,31-05-2018,1,1,2,2,69,10,3,0,0,0,3,-1,11,1
14567,74.10352482,15.33757218,1,3,2,2,6,23:25,28,E09000005,3,4088,2,30,1,4,3,4088,0,0,4,1,1,0,0,1,1,E01000627,10-06-2018,2,1,1,1,40,7,3,0,0,0,0,-1,5,1
14568,74.09289144,15.31366026,1,3,2,1,7,16:30,2,E09000007,3,5,6,30,3,2,4,451,0,5,1,1,1,0,0,1,1,E01000548,11-06-2018,1,1,2,1,16,4,3,0,0,2,0,-1,9,-1
14569,74.1107917,15.30955994,1,3,2,1,6,15:00,28,E09000005,3,404,6,30,8,4,6,0,0,0,1,1,1,0,0,1,2,E01000612,27-05-2018,2,1,1,1,-1,-1,3,0,0,0,0,-1,1,1
14570,73.99243212,15.27391808,1,3,1,1,6,15:45,28,E09000005,5,0,1,30,1,4,6,0,0,0,1,1,1,0,0,1,1,E01000575,10-06-2018,1,1,1,1,30,6,3,0,0,0,0,-1,3,1
14571,73.965225,15.19981315,1,3,2,1,5,18:40,28,E09000005,3,4088,6,30,5,4,3,406,0,0,1,1,1,0,0,1,2,E01000627,02-06-2018,1,1,2,2,36,7,3,0,0,0,4,-1,11,-1
14572,74.10443884,15.27398998,1,3,1,1,1,17:15,28,E09000005,6,0,6,30,0,-1,-1,0,0,0,1,1,1,0,0,1,1,E01000638,12-06-2018,2,1,1,1,48,8,3,0,0,0,0,-1,9,1
14573,74.14713217,15.22411721,1,3,3,1,5,09:00,28,E09000005,6,0,3,20,0,-1,-1,0,0,0,1,1,1,0,0,1,1,E01000546,16-06-2018,2,1,1,1,15,3,3,0,0,0,0,-1,1,1
14574,74.06910651,15.17701781,1,2,2,1,2,13:02,28,E09000005,3,4089,6,30,3,4,6,0,0,0,1,1,1,0,0,1,1,E01000632,16-05-2018,1,1,2,1,77,11,3,0,0,0,3,-1,11,-1
14575,74.07691355,15.186201,1,3,3,1,1,22:10,28,E09000005,3,5,6,30,3,4,3,5,0,4,4,1,1,0,0,1,2,E01000553,06-03-2018,1,1,3,1,69,10,3,5,1,0,0,-1,0,-1
14576,73.9976209,15.30833696,1,3,2,1,1,15:45,28,E09000005,3,407,6,30,3,4,6,0,0,0,1,1,1,0,0,1,1,E01000640,12-06-2018,1,1,1,1,32,6,3,0,0,0,0,-1,5,1
14577,74.08363333,15.34747873,1,3,2,1,6,19:40,28,E09000005,3,407,3,30,3,2,6,0,0,5,1,1,1,0,0,1,1,E01000528,17-06-2018,1,1,1,1,30,6,3,0,0,0,0,-1,19,2
14578,73.97444726,15.18702241,1,3,2,1,5,22:20,28,E09000005,3,4004,6,30,3,4,6,0,0,0,4,1,1,0,0,1,1,E01000521,16-06-2018,2,2,1,1,61,9,3,0,0,0,0,-1,9,1
14579,74.12167368,15.3373327,1,3,2,3,7,00:30,28,E09000005,3,4000,6,30,3,2,3,4002,0,5,4,1,1,0,0,1,1,E01001246,11-06-2018,1,1,3,1,2,1,3,5,3,0,0,-1,0,1
14580,73.95466095,15.34778106,1,3,1,1,5,18:30,28,E09000005,3,5,6,30,0,-1,-1,0,0,0,1,1,1,0,0,1,2,E01000553,16-06-2018,1,1,3,2,13,3,3,6,9,0,0,-1,0,-1
14581,73.9719992,15.21124539,1,2,1,1,6,18:45,28,E09000005,5,0,6,30,6,2,4,451,0,5,1,2,2,0,0,1,2,E01000583,03-06-2018,1,1,2,2,37,7,3,0,0,1,0,-1,9,1
14582,74.148907,15.30402954,1,3,1,4,3,13:00,2,E09000007,3,5,6,30,3,2,3,4003,0,5,1,1,1,0,0,1,1,E01000545,21-06-2018,1,1,2,2,72,10,3,0,0,0,3,-1,11,1
14583,74.04987733,15.22256874,1,3,2,3,4,21:15,28,E09000005,3,4088,6,30,3,2,5,0,0,5,1,1,1,0,0,1,1,E01000506,22-06-2018,1,1,1,1,25,5,2,0,0,0,0,-1,4,1
14584,74.0630498,15.33720161,1,3,2,2,6,08:50,2,E09000007,3,5,6,30,7,2,5,0,0,5,1,2,2,0,0,1,1,E01000550,20-05-2018,2,1,1,1,30,6,3,0,0,0,0,-1,9,1
14585,74.0041491,15.24947858,1,3,1,1,5,15:15,28,E09000005,3,407,6,30,3,4,6,0,0,0,1,1,1,0,0,1,1,E01000640,09-06-2018,1,1,3,2,79,11,2,5,3,0,0,-1,0,1
14586,74.14872616,15.28685387,1,3,2,1,2,09:40,28,E09000005,3,4088,1,30,1,4,6,0,0,0,1,1,1,0,0,1,1,E01000627,23-05-2018,1,1,1,1,27,6,3,0,0,0,0,-1,5,1
14587,74.03495465,15.29871411,1,3,2,1,6,12:40,28,E09000005,5,0,6,30,3,4,6,0,0,0,1,1,1,0,0,1,1,E01000609,10-06-2018,1,1,1,2,32,6,3,0,0,0,0,-1,3,1
14588,74.14693661,15.34262357,1,3,2,1,2,17:30,28,E09000005,5,0,6,30,3,4,6,0,0,0,1,1,1,0,0,1,2,E01000589,06-06-2018,1,1,1,1,37,7,3,0,0,0,0,-1,1,1
14589,74.14298872,15.27408375,1,3,2,1,1,16:47,28,E09000005,3,404,6,30,3,4,6,0,0,0,1,1,1,0,0,1,1,E01000621,19-06-2018,1,1,3,1,9,2,3,5,3,0,0,-1,0,1
14590,73.96699698,15.31987998,1,3,2,1,3,11:33,28,E09000005,5,0,1,30,1,4,6,0,0,0,1,1,1,0,0,1,1,E01000596,21-06-2018,1,2,3,1,47,8,3,5,3,0,0,-1,0,1
14591,74.04707113,15.24206525,1,3,1,1,6,21:50,28,E09000005,6,0,6,30,3,4,6,0,0,0,4,1,1,0,0,1,1,E01000630,17-06-2018,1,1,2,2,-1,-1,3,0,0,0,3,-1,11,-1
14592,73.99013053,15.2655621,1,3,2,1,3,12:38,29,E09000015,5,0,6,30,3,4,6,0,0,0,1,1,1,0,0,1,1,E01002200,21-06-2018,1,1,1,1,45,7,3,0,0,0,0,-1,5,1
14593,74.05873543,15.2784453,1,3,2,1,4,16:07,28,E09000005,3,5,6,30,3,2,6,0,0,5,1,1,1,0,0,1,1,E01000556,15-06-2018,1,1,1,1,37,7,3,0,0,0,0,-1,3,1
14594,74.0549993,15.25629441,1,3,1,1,3,12:20,28,E09000005,6,0,6,30,0,-1,-1,0,0,0,1,1,1,0,0,1,2,E01000499,07-06-2018,2,1,1,1,16,4,3,0,0,0,0,-1,1,-1
14595,74.11159744,15.31218486,1,3,1,1,4,10:15,28,E09000005,3,4000,6,30,0,-1,-1,0,0,5,1,1,1,0,0,1,1,E01000529,29-06-2018,1,1,2,2,70,10,3,0,0,0,1,-1,11,1
14596,74.1170252,15.31849979,1,3,2,1,7,15:08,28,E09000005,3,406,6,30,3,4,6,0,0,0,1,1,1,0,0,1,1,E01000509,28-05-2018,2,1,1,1,42,7,3,0,0,0,0,-1,8,1
14597,74.08864205,15.19427678,1,3,2,2,6,17:00,28,E09000005,3,4088,6,30,3,2,6,0,0,5,1,1,1,0,0,1,2,E01000625,10-06-2018,2,1,1,1,25,5,3,0,0,0,0,-1,9,1
14598,73.96512901,15.25959548,1,3,2,1,7,12:10,28,E09000005,3,404,6,30,3,4,6,0,0,0,1,1,1,0,0,1,2,E01000636,04-06-2018,1,1,1,2,-1,-1,2,0,0,0,0,-1,9,1
14599,74.0493652,15.28417757,1,3,3,1,3,07:55,29,E09000015,3,4140,6,30,3,4,5,0,0,0,1,1,1,0,0,1,1,E01002165,14-06-2018,2,1,1,1,-1,-1,3,0,0,0,0,-1,2,-1
14600,73.98290965,15.31224007,1,3,2,1,6,14:45,28,E09000005,5,0,6,30,8,4,6,0,0,0,1,1,1,0,0,1,2,E01000595,27-05-2018,1,1,3,1,11,3,3,5,1,0,0,-1,0,-1
14601,73.9863491,15.32269566,1,3,3,1,2,18:55,28,E09000005,3,404,6,30,0,-1,-1,0,0,0,1,1,1,0,0,1,2,E01000612,11-04-2018,1,1,3,1,32,6,2,5,1,0,0,-1,0,-1
14602,74.07568826,15.34123127,1,2,2,1,5,12:10,28,E09000005,6,0,6,30,3,4,6,0,0,0,1,1,1,0,0,1,1,E01000612,23-06-2018,2,1,1,1,-1,-1,3,0,0,0,0,-1,1,-1
14603,73.98656617,15.27850243,1,3,1,1,6,12:30,28,E09000005,3,4088,6,30,3,4,6,0,0,0,1,1,1,0,0,1,1,E01000483,24-06-2018,1,1,3,1,28,6,3,1,3,0,0,-1,0,-1
14604,74.13534463,15.19462587,1,3,2,2,7,23:40,28,E09000005,3,4088,6,30,7,2,3,4089,0,5,4,1,1,0,0,1,1,E01000482,25-06-2018,1,1,3,2,34,6,2,4,1,0,0,-1,0,1
14605,74.06535632,15.3240997,1,3,2,1,5,10:00,28,E09000005,5,0,6,30,3,4,6,0,0,0,1,1,1,0,0,1,1,E01000487,23-06-2018,1,1,1,1,44,7,3,0,0,0,0,-1,9,-1
14606,74.09419068,15.36101311,1,3,2,1,1,19:38,28,E09000005,3,4088,6,30,6,4,3,4088,0,0,1,1,1,0,0,1,1,E01000512,26-06-2018,1,1,1,1,40,7,3,0,0,0,0,-1,5,1
14607,74.07866288,15.36636996,1,3,3,1,2,08:50,28,E09000005,3,406,3,40,0,-1,-1,0,0,0,1,1,1,0,0,1,1,E01000498,27-06-2018,2,1,1,1,27,6,3,0,0,0,0,-1,3,-1
14608,74.09283459,15.24460475,1,2,3,1,3,09:20,28,E09000005,3,5,6,30,3,4,6,0,0,0,1,1,1,0,0,1,1,E01000545,24-05-2018,2,1,1,1,8,2,3,0,0,0,0,-1,1,1
14609,74.12745829,15.31660265,1,3,1,1,4,19:38,28,E09000005,6,0,6,30,0,-1,-1,0,0,0,1,1,1,0,0,1,1,E01000604,29-06-2018,1,1,1,1,38,7,3,0,0,0,0,-1,3,1
14610,74.12306791,15.32731966,1,3,2,2,5,05:45,28,E09000005,6,0,6,30,0,-1,-1,0,0,0,1,1,1,0,0,1,1,E01000545,23-06-2018,1,1,1,1,29,6,3,0,0,0,0,-1,9,1
14611,73.96415717,15.25921815,1,3,2,1,7,13:28,28,E09000005,3,4088,1,30,2,4,3,4140,0,0,1,1,1,0,0,1,1,E01000479,25-06-2018,1,1,1,1,22,5,3,0,0,0,0,-1,3,1
14612,74.08195562,15.18380908,1,3,1,1,3,17:45,28,E09000005,3,4000,6,30,3,4,6,0,0,0,1,1,1,0,0,1,1,E01000529,21-06-2018,1,1,3,2,54,8,3,1,3,0,0,-1,0,1
14613,74.06178485,15.27500804,1,3,2,1,6,17:30,28,E09000005,5,0,6,30,3,4,6,0,0,0,1,2,2,0,0,1,1,E01000614,01-07-2018,2,1,1,1,31,6,3,0,0,0,0,-1,1,1
14614,73.97478108,15.34910692,1,3,1,1,4,19:40,28,E09000005,5,0,6,30,6,4,5,0,0,0,1,1,1,0,0,1,1,E01000550,22-06-2018,1,1,2,2,82,11,3,0,0,0,3,-1,11,-1
14615,73.95905811,15.34058111,1,3,2,1,7,17:25,28,E09000005,3,404,6,30,3,4,6,0,0,0,1,1,1,0,0,1,1,E01000531,25-06-2018,1,1,1,1,45,7,3,0,0,0,0,-1,9,1
14616,74.00348207,15.31749426,1,2,2,1,2,19:30,28,E09000005,3,4088,6,30,0,-1,-1,0,0,0,1,1,1,0,0,1,1,E01000577,27-06-2018,1,1,1,1,28,6,3,0,0,0,0,-1,9,1
14617,74.14794118,15.17569223,1,3,2,1,1,16:31,28,E09000005,3,406,7,30,5,4,3,404,0,4,1,1,1,0,0,1,1,E01000621,26-06-2018,1,1,3,2,11,3,3,4,4,0,0,-1,0,1
14618,73.95188793,15.29230568,1,3,1,1,5,19:43,28,E09000005,3,4088,6,30,3,2,5,0,0,5,1,1,1,0,0,1,1,E01000483,23-06-2018,1,1,2,2,63,9,3,0,0,1,0,-1,9,-1
14619,73.95442465,15.35677454,1,3,3,1,2,10:25,28,E09000005,3,4006,6,30,3,4,6,0,0,0,1,1,1,0,0,1,1,E01000591,27-06-2018,1,1,3,2,-1,-1,3,4,1,0,0,-1,0,-1
14620,74.04573816,15.19830429,1,3,2,2,7,16:15,28,E09000005,5,0,6,30,0,-1,-1,0,0,0,1,1,1,0,0,1,1,E01000610,02-07-2018,1,1,1,1,39,7,3,0,0,0,0,-1,4,1
14621,73.9678622,15.1788493,1,3,2,1,7,19:30,28,E09000005,3,404,6,30,5,4,3,4127,0,0,1,1,1,0,0,1,1,E01000562,02-07-2018,2,1,2,2,51,8,3,0,0,1,0,-1,9,1
14622,74.12819518,15.34986584,1,3,3,2,1,15:45,28,E09000005,3,4088,6,30,3,4,6,0,0,0,1,1,1,0,0,1,2,E01000506,19-06-2018,2,1,1,1,-1,-1,3,0,0,0,0,-1,9,1
14623,74.04975055,15.27531875,1,3,2,1,7,11:20,28,E09000005,3,4089,6,30,3,4,6,0,0,0,1,1,1,0,0,1,1,E01000635,02-07-2018,2,1,1,2,18,4,3,0,0,0,0,-1,9,1
14624,74.03175932,15.34384187,1,2,2,1,6,23:18,28,E09000005,3,4003,6,30,6,4,6,0,0,0,4,1,1,0,0,1,1,E01000494,17-06-2018,2,1,1,1,37,7,3,0,0,0,0,-1,3,1
14625,73.98839564,15.33294762,1,3,2,1,3,14:54,28,E09000005,3,5,6,30,3,4,6,0,0,0,1,1,1,0,0,1,1,E01000872,31-05-2018,1,1,1,1,-1,-1,3,0,0,0,0,-1,1,1
14626,74.08480921,15.18074152,1,3,1,1,3,11:35,28,E09000005,3,4089,6,30,0,-1,-1,0,0,0,1,1,1,0,0,1,1,E01000633,28-06-2018,1,1,1,1,47,8,3,0,0,0,0,-1,9,1
14627,74.07091878,15.32523902,1,3,2,1,1,16:52,28,E09000005,3,4005,6,30,0,-1,-1,0,0,0,1,1,1,0,0,1,1,E01000475,03-07-2018,1,1,3,1,-1,-1,3,5,1,0,0,-1,0,-1
14628,73.97912043,15.2444227,1,3,2,4,1,00:55,28,E09000005,3,4005,6,30,3,4,3,4005,0,0,4,1,1,0,0,1,1,E01000472,03-07-2018,1,1,1,2,43,7,3,0,0,0,0,-1,9,1
14629,73.9924509,15.35363487,1,3,1,1,2,14:58,2,E09000007,3,5,6,30,3,4,6,0,0,0,1,1,1,0,0,1,1,E01000548,04-07-2018,1,1,1,2,56,9,3,0,0,0,0,-1,9,1