Accident_Index,longitude,latitude,Police_Force,Accident_Severity,Number_of_Vehicles,Number_of_Casualties,Day_of_Week,Time,Local_Authority_(District),Local_Authority_(Highway),1st_Road_Class,1st_Road_Number,Road_Type,Speed_limit,Junction_Detail,Junction_Control,2nd_Road_Class,2nd_Road_Number,Pedestrian_Crossing-Human_Control,Pedestrian_Crossing-Physical_Facilities,Light_Conditions,Weather_Conditions,Road_Surface_Conditions,Special_Conditions_at_Site,Carriageway_Hazards,Urban_or_Rural_Area,Did_Police_Officer_Attend_Scene_of_Accident,LSOA_of_Accident_Location,Date,Vehicle_Reference,Casualty_Reference,Casualty_Class,Sex_of_Casualty,Age_of_Casualty,Age_Band_of_Casualty,Casualty_Severity,Pedestrian_Location,Pedestrian_Movement,Car_Passenger,Bus_or_Coach_Passenger,Pedestrian_Road_Maintenance_Worker,Casualty_Type,Casualty_Home_Area_Type
14630,74.14100956,15.21508422,1,3,1,1,4,18:45,28,E09000005,6,0,6,30,0,-1,-1,0,0,0,1,1,1,0,0,1,1,E01000498,06-07-2018,2,1,2,2,-1,-1,3,0,0,1,0,-1,9,1
14631,74.04546975,15.36371637,1,3,1,1,1,14:40,28,E09000005,3,404,6,30,0,-1,-1,0,0,0,1,2,2,0,0,1,1,E01000630,03-07-2018,1,1,1,1,40,7,3,0,0,0,0,-1,1,-1
14632,74.05754626,15.19379254,1,3,1,1,3,08:15,28,E09000005,4,4565,6,30,0,-1,-1,0,0,0,1,1,1,0,0,1,2,E01000616,14-06-2018,1,1,2,2,69,10,3,0,0,0,3,-1,11,1
14633,73.97864528,15.22247303,1,3,1,1,1,12:50,2,E09000007,3,5,6,30,3,4,6,0,0,0,1,8,1,0,0,1,1,E01000548,03-07-2018,1,1,3,2,18,4,3,5,1,0,0,-1,0,1
14634,73.99462857,15.33624928,1,3,1,1,7,17:45,28,E09000005,4,4492,6,30,3,4,5,0,0,0,1,1,1,0,0,1,1,E01000600,18-06-2018,1,1,1,1,33,6,3,0,0,0,0,-1,5,1
14635,74.02832354,15.26101604,1,3,2,1,3,18:09,28,E09000005,5,0,6,30,0,-1,-1,0,0,0,1,1,1,0,0,1,2,E01000609,14-06-2018,1,1,1,1,34,6,3,0,0,0,0,-1,3,-1
14636,73.95937614,15.20427117,1,3,2,1,4,16:30,28,E09000005,3,4006,6,30,8,4,6,0,0,0,1,1,1,0,0,1,1,E01000515,06-07-2018,1,1,1,1,28,6,3,0,0,0,0,-1,9,1
14637,73.98552946,15.34833091,1,3,1,1,6,18:45,28,E09000005,6,0,6,30,3,4,6,0,0,0,1,1,1,0,0,1,1,E01000527,17-06-2018,2,1,1,1,33,6,2,0,0,0,0,-1,5,1
14638,74.11447186,15.20451231,1,3,2,1,1,23:10,28,E09000005,6,0,6,30,0,-1,-1,0,0,0,4,1,1,0,0,1,1,E01000538,03-07-2018,1,1,1,1,30,6,3,0,0,0,0,-1,9,1
14639,74.11117217,15.33320091,1,3,2,1,4,21:00,28,E09000005,3,4088,6,30,3,4,6,0,0,0,1,1,1,0,0,1,2,E01000512,15-06-2018,2,1,1,1,18,4,3,0,0,0,0,-1,3,-1
14640,73.97630534,15.30632606,1,3,1,1,7,15:55,28,E09000005,3,4006,6,30,0,-1,-1,0,0,0,1,1,1,0,0,1,1,E01000515,09-07-2018,1,1,1,1,29,6,3,0,0,0,0,-1,5,1
14641,74.01466141,15.23011465,1,3,2,1,7,01:08,2,E09000007,3,5,6,30,3,4,6,0,0,4,4,1,1,0,0,1,1,E01000548,02-07-2018,1,1,1,1,17,4,3,0,0,0,0,-1,3,1
14642,74.04484882,15.22621415,1,3,1,1,7,10:00,2,E09000007,3,5,6,30,3,4,6,0,0,0,1,1,1,0,0,1,1,E01000548,02-07-2018,1,1,1,1,30,6,3,0,0,0,0,-1,3,1
14643,74.09658091,15.25119546,1,3,1,1,7,12:00,28,E09000005,3,5,6,30,0,-1,-1,0,0,0,1,1,1,0,0,1,1,E01000545,02-07-2018,1,1,2,2,32,6,3,0,0,0,3,-1,11,1
14644,74.04422215,15.2787399,1,3,1,1,1,22:55,28,E09000005,3,407,6,30,0,-1,-1,0,0,1,4,1,1,0,0,1,1,E01000642,10-07-2018,1,1,1,2,39,7,3,0,0,0,0,-1,9,1
14645,73.97951954,15.24456998,1,3,4,2,4,13:01,28,E09000005,3,4140,1,30,1,4,3,4140,0,0,1,1,2,0,0,1,1,E01000481,15-06-2018,1,1,1,1,52,8,3,0,0,0,0,-1,19,1
14646,73.99389144,15.35644126,1,3,2,1,4,15:45,28,E09000005,5,0,6,30,0,-1,-1,0,0,0,1,1,1,0,0,1,1,E01000593,13-07-2018,2,1,1,1,33,6,3,0,0,0,0,-1,4,1
14647,74.06604466,15.34500393,1,3,1,1,7,16:20,28,E09000005,6,0,6,30,3,4,3,407,0,1,1,1,1,0,0,1,1,E01000642,21-05-2018,2,1,1,1,40,7,3,0,0,0,0,-1,5,1
14648,74.08965877,15.2065623,1,2,1,1,3,08:45,28,E09000005,3,5,6,30,0,-1,-1,0,0,0,1,1,1,0,0,1,2,E01000558,21-06-2018,2,1,1,2,25,5,3,0,0,0,0,-1,3,1
14649,74.00888417,15.21400772,1,2,1,1,5,11:30,28,E09000005,4,413,1,30,1,4,5,0,0,4,1,1,1,0,0,1,1,E01000552,14-07-2018,1,1,1,1,30,6,3,0,0,0,0,-1,3,1
14650,74.01893622,15.26415122,1,2,5,1,1,22:02,28,E09000005,6,0,6,30,0,-1,-1,0,0,0,4,1,1,0,0,1,1,E01000596,03-07-2018,1,1,1,1,31,6,3,0,0,0,0,-1,3,-1
14651,73.95340643,15.21769685,1,2,2,1,6,18:09,28,E09000005,5,0,6,30,3,4,6,0,0,0,1,1,1,0,0,1,1,E01000490,01-07-2018,1,1,3,1,30,6,3,5,4,0,0,-1,0,1
14652,74.02693824,15.2346625,1,3,2,1,6,11:00,28,E09000005,5,0,6,30,8,4,6,0,0,0,1,1,1,0,0,1,2,E01000499,24-06-2018,1,2,3,1,10,2,3,5,4,0,0,-1,0,1
14653,74.01395348,15.31693613,1,3,2,1,2,22:15,28,E09000005,3,5,6,30,6,2,6,0,0,5,4,1,1,0,0,1,2,E01000553,27-06-2018,1,3,1,1,37,7,3,0,0,0,0,-1,5,1
14654,74.11730566,15.21144806,1,3,2,1,2,17:40,28,E09000005,3,5,6,30,3,2,5,0,0,5,1,1,1,0,0,1,2,E01000497,27-06-2018,1,4,3,2,10,2,2,5,4,0,0,-1,0,-1
14655,73.99716197,15.19156209,1,3,1,1,3,12:00,29,E09000015,3,404,6,30,0,-1,-1,0,0,0,1,1,1,0,0,1,2,E01002137,28-06-2018,1,5,3,2,6,2,2,5,4,0,0,-1,0,1
14656,74.02397041,15.35260354,1,3,1,1,3,16:10,28,E09000005,5,0,6,30,0,-1,-1,0,0,4,1,1,1,0,0,1,2,E01000590,28-06-2018,2,1,1,1,26,6,3,0,0,0,0,-1,9,1
14657,74.07596254,15.33880701,1,2,2,1,4,12:50,28,E09000005,4,454,6,30,3,4,6,0,0,1,1,1,1,0,0,1,1,E01000519,13-07-2018,2,1,1,1,36,7,2,0,0,0,0,-1,5,-1
14658,74.03185645,15.28620378,1,3,2,1,6,16:20,28,E09000005,6,0,6,30,8,4,6,0,0,0,1,1,1,0,0,1,1,E01000627,08-07-2018,2,1,1,1,14,3,3,0,0,0,0,-1,1,1
14659,73.97937412,15.31475183,1,3,3,1,6,07:34,28,E09000005,3,4089,6,30,3,4,3,4089,0,0,1,1,1,0,0,1,1,E01000633,01-07-2018,1,1,3,2,24,5,3,4,1,0,0,-1,0,1
14660,74.00214357,15.32375341,1,3,2,1,4,07:40,28,E09000005,3,404,3,40,0,-1,-1,0,0,0,1,1,1,0,0,1,1,E01002134,13-07-2018,2,1,1,1,18,4,3,0,0,0,0,-1,3,1
14661,73.97441508,15.22621864,1,3,3,1,2,08:50,28,E09000005,3,4006,6,30,6,2,5,0,0,5,1,1,1,0,0,1,1,E01000541,11-07-2018,2,1,1,1,17,4,3,0,0,0,0,-1,9,1
14662,74.1073852,15.18745117,1,3,1,1,2,10:50,28,E09000005,6,0,6,30,0,-1,-1,0,0,0,1,1,1,0,0,1,2,E01000548,04-07-2018,1,1,1,1,41,7,3,0,0,0,0,-1,9,1
14663,74.13083681,15.34854085,1,3,3,1,7,06:26,28,E09000005,5,0,6,30,6,4,6,0,0,0,1,1,1,0,0,1,1,E01000643,11-06-2018,1,1,3,1,12,3,2,5,1,0,0,-1,0,-1
14664,74.02342171,15.19832953,1,2,1,1,4,13:32,28,E09000005,5,0,1,30,1,4,5,0,0,0,1,1,2,0,0,1,1,E01000487,15-06-2018,1,1,1,1,42,7,3,0,0,0,0,-1,5,1
14665,74.02518542,15.20519995,1,3,2,1,7,12:00,28,E09000005,5,0,1,30,1,4,5,0,0,0,1,1,1,0,0,1,1,E01000600,16-07-2018,1,1,1,1,21,5,3,0,0,0,0,-1,9,1
14666,73.96219306,15.28162004,1,2,2,1,7,12:20,28,E09000005,3,4003,6,30,0,-1,-1,0,0,0,1,1,1,0,0,1,1,E01000494,09-07-2018,1,1,2,2,24,5,3,0,0,0,3,-1,11,1
14667,74.02014961,15.23249179,1,3,2,2,1,20:00,28,E09000005,3,5,6,30,3,4,6,0,0,0,1,1,1,0,0,1,1,E01000495,10-07-2018,1,2,2,2,69,10,3,0,0,0,3,-1,11,1
14668,74.14090483,15.35969622,1,3,2,1,6,15:30,28,E09000005,3,4088,6,30,3,4,6,0,0,0,1,1,1,0,0,1,2,E01000483,10-06-2018,1,1,1,1,33,6,3,0,0,0,0,-1,3,1
14669,74.11230164,15.3387605,1,3,1,1,6,20:50,28,E09000005,4,4557,6,30,0,-1,-1,0,0,0,1,1,1,0,0,1,1,E01000601,15-07-2018,2,1,1,2,26,6,3,0,0,0,0,-1,1,1
14670,74.00583004,15.23408426,1,3,2,1,2,17:01,28,E09000005,3,404,6,30,6,2,3,404,0,5,1,1,1,0,0,1,1,E01000605,11-07-2018,1,1,1,1,34,6,2,0,0,0,0,-1,9,1
14671,74.03030388,15.20688986,1,3,2,1,4,19:30,28,E09000005,5,0,6,30,3,4,5,0,0,0,5,1,1,0,0,1,1,E01000576,13-07-2018,1,1,2,1,11,3,3,0,0,1,0,-1,9,1
14672,74.05406343,15.36494569,1,3,2,1,2,21:41,28,E09000005,6,0,6,30,3,2,3,407,0,5,4,1,1,0,0,1,1,E01000528,04-07-2018,1,1,3,2,21,5,3,5,1,0,0,-1,0,-1
14673,74.14355728,15.22316811,1,3,2,1,4,12:18,28,E09000005,4,4557,6,30,0,-1,-1,0,0,0,1,1,1,4,0,1,1,E01000601,13-07-2018,2,1,2,2,78,11,3,0,0,0,4,-1,11,1
14674,74.08022092,15.32262803,1,3,2,1,1,22:40,28,E09000005,3,5,6,30,3,4,6,0,0,4,4,1,1,0,0,1,1,E01000545,17-07-2018,2,2,2,2,84,11,3,0,0,0,3,-1,11,1
14675,73.99014922,15.1897453,1,2,2,2,5,14:25,28,E09000005,6,0,6,30,3,4,6,0,0,0,1,1,1,0,0,1,1,E01000617,21-07-2018,2,3,2,2,46,8,3,0,0,0,4,-1,11,-1
14676,73.99745929,15.34433913,1,3,2,2,7,14:55,28,E09000005,3,404,3,40,3,4,6,0,0,0,1,1,1,0,0,1,1,E01000620,16-07-2018,1,1,3,2,63,9,3,4,1,0,0,-1,0,1
14677,74.14330048,15.1755481,1,3,2,1,1,17:40,28,E09000005,3,4000,6,30,3,4,6,0,0,0,1,1,2,0,0,1,1,E01000488,24-07-2018,1,1,1,1,-1,-1,3,0,0,0,0,-1,9,1
14678,73.9966637,15.35250718,1,3,2,1,6,08:11,2,E09000007,3,5,6,30,3,2,4,510,0,5,1,1,1,0,0,1,1,E01000548,15-07-2018,1,1,2,2,67,10,3,0,0,0,3,-1,11,1
14679,74.09806459,15.26409751,1,3,2,1,6,14:30,28,E09000005,3,4088,6,30,6,2,5,0,0,5,1,1,1,0,0,1,1,E01000576,22-07-2018,1,2,2,2,62,9,3,0,0,0,3,-1,11,1
14680,74.06540556,15.27357856,1,3,2,1,3,13:03,28,E09000005,6,0,6,30,0,-1,-1,0,0,0,1,1,1,0,0,1,1,E01000492,05-07-2018,1,1,1,1,21,5,3,0,0,0,0,-1,9,-1
14681,74.04942742,15.36040438,1,2,2,1,6,14:15,30,E09000003,3,5,6,30,3,4,6,0,0,0,1,1,1,0,0,1,1,E01000516,08-07-2018,1,1,3,1,44,7,3,5,3,0,0,-1,0,2
14682,74.08316551,15.22345501,1,3,1,1,7,17:04,28,E09000005,3,4000,6,30,3,2,3,4000,0,5,1,1,1,0,0,1,1,E01000529,16-07-2018,2,1,1,1,-1,-1,3,0,0,0,0,-1,3,-1
14683,73.98151437,15.31085346,1,3,2,2,7,21:20,28,E09000005,6,0,6,30,0,-1,-1,0,0,0,1,1,1,0,0,1,2,E01000594,16-07-2018,1,1,1,1,43,7,3,0,0,0,0,-1,9,1
14684,74.01533144,15.20694188,1,3,2,1,4,14:30,28,E09000005,3,4089,6,30,0,-1,-1,0,0,4,1,1,1,0,0,1,2,E01000615,13-07-2018,2,1,1,1,23,5,2,0,0,0,0,-1,4,-1
14685,74.10435532,15.25148588,1,3,1,1,2,20:20,28,E09000005,6,0,6,30,3,4,6,0,0,0,1,1,1,0,0,1,1,E01000556,11-07-2018,1,1,3,1,14,3,3,5,3,0,0,-1,0,1
14686,74.07922267,15.18314163,1,3,2,1,5,13:28,28,E09000005,5,0,6,30,8,4,6,0,0,0,1,1,1,0,0,1,1,E01000600,14-07-2018,1,1,1,1,48,8,3,0,0,0,0,-1,9,1
14687,74.10624586,15.18607506,1,3,1,1,4,00:03,28,E09000005,3,404,6,30,0,-1,-1,0,0,0,4,1,1,0,0,1,1,E01001877,10-08-2018,1,1,1,1,24,5,3,0,0,0,0,-1,9,1
14688,73.95243312,15.2527548,1,3,2,1,6,07:57,28,E09000005,4,4557,6,30,0,-1,-1,0,0,0,1,1,1,0,0,1,1,E01000614,15-07-2018,1,2,2,1,-1,-1,3,0,0,1,0,-1,9,-1
14689,73.95378545,15.21977724,1,3,2,2,1,19:52,28,E09000005,5,0,6,30,3,4,6,0,0,0,4,1,1,0,0,1,1,E01000596,24-04-2018,1,3,2,2,-1,-1,3,0,0,2,0,-1,9,-1
14690,74.0618897,15.32875556,1,3,2,1,4,13:48,28,E09000005,3,4089,6,30,3,4,3,4089,0,0,1,1,1,0,0,1,1,E01000633,20-07-2018,1,1,1,2,40,7,3,0,0,0,0,-1,9,1
14691,74.10314431,15.32913156,1,3,2,1,2,16:35,28,E09000005,6,0,6,30,6,4,6,0,0,0,1,1,1,0,0,1,1,E01000478,25-07-2018,1,2,2,2,-1,-1,3,0,0,1,0,-1,9,-1
14692,74.03376265,15.21520574,1,3,2,1,1,19:07,28,E09000005,6,0,6,30,6,4,6,0,0,0,1,1,1,0,0,1,1,E01000503,17-07-2018,1,1,1,1,20,4,3,0,0,0,0,-1,9,1
14693,74.06770195,15.18092842,1,3,2,2,1,00:59,28,E09000005,3,406,3,40,5,4,3,4088,0,0,4,1,1,0,0,1,1,E01000627,24-07-2018,1,1,1,2,33,6,3,0,0,0,0,-1,9,1
14694,73.98016132,15.20801935,1,2,2,1,6,20:22,28,E09000005,5,0,6,30,3,4,6,0,0,0,1,1,1,0,0,1,1,E01000583,29-07-2018,1,1,1,2,33,6,3,0,0,0,0,-1,9,1
14695,74.07586616,15.25408678,1,3,2,1,3,11:15,28,E09000005,4,4565,6,30,3,4,4,4557,0,0,1,1,1,0,0,1,2,E01000616,19-07-2018,1,1,1,2,27,6,3,0,0,0,0,-1,9,1
14696,74.03974374,15.32240198,1,2,2,1,6,14:30,12,E09000020,3,404,6,30,3,4,6,0,0,0,1,1,1,0,0,1,1,E01002852,22-07-2018,1,2,2,2,21,5,3,0,0,1,0,-1,9,1
14697,73.98936053,15.33723763,1,3,2,1,1,13:20,28,E09000005,3,5,3,30,3,4,6,0,0,8,1,2,2,0,0,1,1,E01000554,24-07-2018,1,1,1,1,59,9,3,0,0,0,0,-1,9,1
14698,74.10518662,15.34541827,1,3,2,2,2,00:50,28,E09000005,5,0,1,30,1,4,6,0,0,0,4,1,1,0,0,1,1,E01000502,27-06-2018,1,1,1,1,44,7,3,0,0,0,0,-1,9,1
14699,74.08790261,15.26750656,1,3,2,1,4,15:51,28,E09000005,5,0,6,30,3,4,6,0,0,0,1,1,1,0,0,1,1,E01000475,03-08-2018,1,1,3,1,71,10,3,4,3,0,0,-1,0,-1
14700,74.00285626,15.26939563,1,3,2,2,4,07:20,28,E09000005,3,407,6,30,3,2,3,4003,0,5,1,1,1,0,0,1,1,E01000642,03-08-2018,1,1,2,1,64,9,3,0,0,0,4,-1,11,1
14701,74.10149311,15.33958295,1,3,2,1,7,05:45,28,E09000005,3,4088,3,30,0,-1,-1,0,0,0,1,1,1,0,0,1,1,E01000506,16-07-2018,1,1,3,1,50,8,3,1,1,0,0,-1,0,-1
14702,73.96286645,15.32479562,1,3,2,1,2,23:00,28,E09000005,3,406,3,70,0,-1,-1,0,0,0,4,1,1,0,0,1,1,E01000605,11-07-2018,2,1,1,1,37,7,3,0,0,0,0,-1,3,1
14703,74.01385543,15.28494113,1,3,2,2,2,10:10,28,E09000005,3,4005,6,30,0,-1,-1,0,0,0,1,1,1,0,0,1,1,E01000475,01-08-2018,1,1,1,1,20,4,3,0,0,0,0,-1,5,1
14704,73.99297257,15.36057918,1,3,2,1,5,05:56,28,E09000005,3,4003,6,30,3,2,3,407,0,5,1,1,1,0,0,1,1,E01000642,04-08-2018,1,1,3,1,13,3,2,5,3,0,0,-1,0,1
14705,74.08040194,15.19281841,1,2,2,2,3,07:26,28,E09000005,3,4005,6,30,3,4,4,456,0,0,1,1,1,0,0,1,1,E01000472,02-08-2018,1,1,2,2,-1,-1,3,0,0,0,3,-1,11,-1
14706,74.12925843,15.32049273,1,3,2,1,5,17:45,28,E09000005,3,4088,6,30,0,-1,-1,0,0,0,1,1,1,0,0,1,2,E01000564,28-07-2018,1,1,2,2,22,5,3,0,0,0,3,-1,11,-1
14707,73.99376203,15.33617115,1,3,2,1,3,20:15,28,E09000005,5,0,6,30,3,4,6,0,0,0,1,1,1,0,0,1,1,E01000520,09-08-2018,1,2,2,2,38,7,3,0,0,0,3,-1,11,-1
14708,73.96203397,15.34663346,1,3,2,2,5,23:35,27,E09000009,6,0,6,30,8,4,6,0,0,5,4,1,1,0,0,1,1,E01001276,14-07-2018,1,1,3,2,15,3,3,6,9,0,0,-1,0,1
14709,74.11218778,15.29841095,1,3,2,1,3,14:10,28,E09000005,3,4088,6,30,0,-1,-1,0,0,0,1,1,1,0,0,1,1,E01000506,09-08-2018,1,1,1,1,38,7,3,0,0,0,0,-1,9,1
14710,74.14576669,15.35838897,1,3,2,1,5,00:08,2,E09000007,3,5,6,30,0,-1,-1,0,0,0,4,1,1,0,0,1,1,E01004710,21-07-2018,3,2,2,2,56,9,3,0,0,1,0,-1,9,1
14711,74.05960301,15.28094353,1,3,1,1,4,08:50,28,E09000005,4,454,6,30,8,4,6,0,0,0,1,1,1,0,0,1,1,E01000519,20-07-2018,1,1,1,1,26,6,3,0,0,0,0,-1,9,1
14712,73.95233391,15.33154895,1,3,2,1,3,17:55,27,E09000009,4,4492,6,30,3,4,6,0,0,0,1,2,2,0,0,1,1,E01001246,02-08-2018,1,1,1,1,63,9,3,0,0,0,0,-1,9,1
14713,74.10292439,15.280075,1,3,2,1,2,19:08,28,E09000005,3,404,6,30,0,-1,-1,0,0,0,1,1,1,0,0,1,1,E01000600,08-08-2018,1,1,1,2,31,6,3,0,0,0,0,-1,9,1
14714,73.98395323,15.20031232,1,3,1,1,6,23:49,28,E09000005,3,4089,6,30,6,2,3,404,0,5,4,1,1,0,0,1,1,E01000633,12-08-2018,1,1,1,1,50,8,3,0,0,0,0,-1,5,1
14715,73.99032104,15.35564289,1,3,2,1,3,08:45,28,E09000005,3,5,6,30,6,2,6,0,0,0,1,1,1,0,0,1,1,E01000558,26-07-2018,1,1,1,1,32,6,3,0,0,0,0,-1,19,1
14716,73.94918624,15.28116241,1,3,3,2,6,22:45,28,E09000005,3,404,6,30,3,4,3,404,0,0,4,2,2,0,0,1,1,E01000612,08-07-2018,2,1,1,1,58,9,3,0,0,0,0,-1,1,-1
14717,74.05728221,15.29365277,1,3,2,1,5,18:10,28,E09000005,5,0,6,30,0,-1,-1,0,0,0,1,1,1,0,0,1,1,E01000507,04-08-2018,1,1,2,2,46,8,3,0,0,0,3,-1,11,1
14718,74.05192372,15.22784693,1,3,2,1,7,15:45,28,E09000005,3,5,6,30,6,2,5,0,0,5,1,2,2,0,0,1,1,E01000561,13-08-2018,1,1,3,1,28,6,3,5,3,0,0,-1,0,1
14719,74.06783153,15.18516948,1,3,1,1,5,11:24,28,E09000005,3,4088,6,30,3,2,5,0,0,5,1,1,1,0,0,1,1,E01000483,11-08-2018,2,1,1,1,31,6,3,0,0,0,0,-1,5,1
14720,74.13144776,15.19538646,1,3,2,1,6,19:28,28,E09000005,5,0,6,30,6,4,6,0,0,0,1,1,1,0,0,1,1,E01000581,05-08-2018,1,1,3,2,5,1,2,5,4,0,0,-1,0,-1
14721,74.1093739,15.35135165,1,2,2,4,1,20:00,28,E09000005,5,0,6,30,0,-1,-1,0,0,0,1,1,1,0,0,1,1,E01000600,08-05-2018,1,1,2,1,-1,-1,3,0,0,0,2,-1,11,-1
14722,74.0200225,15.20374369,1,3,3,1,2,11:26,28,E09000005,3,4003,6,30,3,4,6,0,0,0,1,1,1,0,0,1,1,E01000546,08-08-2018,1,1,1,2,45,7,3,0,0,0,0,-1,1,1
14723,74.05367384,15.32537506,1,2,2,1,1,08:10,28,E09000005,6,0,6,30,3,4,6,0,0,0,1,1,1,0,0,1,1,E01000588,07-08-2018,1,1,1,2,43,7,3,0,0,0,0,-1,9,1
14724,74.0362158,15.17717493,1,3,2,1,3,21:15,28,E09000005,3,4005,6,30,3,2,3,4090,0,5,4,1,1,0,0,1,1,E01001308,16-08-2018,1,1,3,2,36,7,3,4,3,0,0,-1,0,1
14725,74.12034144,15.30167915,1,3,2,2,1,00:45,28,E09000005,3,406,3,40,0,-1,-1,0,0,4,4,1,2,0,0,1,2,E01000602,14-08-2018,1,1,3,1,43,7,3,5,1,0,0,-1,0,-1
14726,74.04450029,15.23140842,1,3,2,1,5,08:29,28,E09000005,3,406,3,50,3,2,5,0,0,5,1,1,1,0,0,1,1,E01000603,11-08-2018,2,1,1,1,18,4,3,0,0,0,0,-1,9,1
14727,74.04190526,15.18655941,1,3,2,1,6,12:55,28,E09000005,3,406,3,40,8,4,6,0,0,0,1,2,2,6,0,1,1,E01000498,19-08-2018,1,1,1,1,24,5,3,0,0,0,0,-1,9,1
14728,73.9741288,15.33678383,1,3,2,1,5,16:38,28,E09000005,3,407,6,30,0,-1,-1,0,0,0,1,1,1,0,0,1,1,E01000528,23-06-2018,2,1,2,2,21,5,3,0,0,1,0,-1,9,1
14729,74.09707611,15.31069585,1,3,2,1,4,17:50,28,E09000005,6,0,6,30,3,4,6,0,0,0,1,1,1,0,0,1,2,E01000505,17-08-2018,1,1,1,1,19,4,3,0,0,0,0,-1,3,1
14730,74.03936485,15.25251169,1,3,1,1,6,07:30,28,E09000005,3,404,6,30,3,4,6,0,0,0,1,1,1,0,0,1,2,E01000523,12-08-2018,1,1,1,1,46,8,3,0,0,0,0,-1,9,2
14731,73.95938099,15.29604966,1,3,2,1,6,21:35,30,E09000003,3,5,6,30,8,4,6,0,0,0,4,1,1,0,0,1,2,E01000587,05-08-2018,1,1,1,1,27,6,3,0,0,0,0,-1,5,-1
14732,74.0306953,15.28380761,1,3,2,1,6,08:01,28,E09000005,3,406,7,30,0,-1,-1,0,0,0,1,1,1,0,0,1,2,E01000628,12-08-2018,2,2,1,1,47,8,2,0,0,0,0,-1,9,1
14733,74.04928409,15.20268406,1,3,1,1,3,18:40,28,E09000005,3,404,6,30,3,4,4,451,0,4,1,1,1,0,0,1,1,E01002852,16-08-2018,1,1,1,2,33,6,3,0,0,0,0,-1,9,1
14734,73.99324822,15.28525713,1,3,1,1,5,15:30,28,E09000005,3,4006,6,30,0,-1,-1,0,0,5,1,1,1,0,0,1,1,E01000591,25-08-2018,1,1,1,2,26,6,3,0,0,0,0,-1,9,1
14735,74.11850173,15.28801682,1,3,2,1,3,13:41,28,E09000005,6,0,6,30,0,-1,-1,0,0,0,1,1,1,0,0,1,1,E01000472,16-08-2018,1,2,2,1,27,6,3,0,0,1,0,-1,9,1
14736,74.11878153,15.34813363,1,3,1,1,4,13:35,28,E09000005,3,407,6,30,0,-1,-1,0,0,0,1,1,1,0,0,1,1,E01000644,17-08-2018,1,1,3,1,86,11,2,1,3,0,0,-1,0,1
14737,74.03959088,15.2366419,1,3,2,1,5,18:25,28,E09000005,3,406,3,40,0,-1,-1,0,0,0,1,1,1,0,0,1,1,E01000604,18-08-2018,1,1,1,2,59,9,3,0,0,0,0,-1,2,1
14738,74.05808931,15.32506319,1,3,3,1,7,18:46,28,E09000005,3,4088,6,30,3,2,5,0,0,5,1,1,2,0,0,1,1,E01000483,23-07-2018,2,1,1,1,29,6,3,0,0,0,0,-1,5,-1
14739,74.09061257,15.29553852,1,3,2,1,4,21:30,28,E09000005,5,0,6,30,8,4,5,0,0,5,4,1,1,0,0,1,2,E01000600,10-08-2018,1,1,2,2,65,9,3,0,0,0,4,-1,11,1
14740,73.98829854,15.29956856,1,3,1,1,1,20:15,28,E09000005,3,4005,6,30,3,4,6,0,0,0,1,1,1,0,0,1,1,E01000606,14-08-2018,1,1,1,1,21,5,3,0,0,0,0,-1,3,-1
14741,73.95824344,15.22101594,1,3,2,1,1,20:26,28,E09000005,3,4000,1,30,2,4,6,0,0,0,1,1,1,0,0,1,1,E01000643,31-07-2018,1,1,1,1,21,5,3,0,0,0,0,-1,3,1
14742,74.03169098,15.3070413,1,3,2,1,5,14:00,28,E09000005,3,4005,6,30,3,4,6,0,0,0,1,1,1,0,0,1,1,E01000609,04-08-2018,2,1,2,1,19,4,3,0,0,1,0,-1,9,3
14743,73.97904073,15.20648538,1,3,1,1,5,07:57,28,E09000005,3,4005,6,30,3,4,6,0,0,0,1,1,1,0,0,1,1,E01000472,11-08-2018,2,1,1,1,49,8,3,0,0,0,0,-1,1,1
14744,74.07508534,15.21238621,1,3,2,1,3,14:15,28,E09000005,3,4006,6,30,7,4,6,0,0,0,1,1,1,0,0,1,2,E01000568,09-08-2018,1,1,1,1,38,7,3,0,0,0,0,-1,3,1
14745,74.09485798,15.27392179,1,3,2,2,5,20:10,28,E09000005,5,0,6,30,8,4,6,0,0,0,4,1,1,0,0,1,2,E01000477,18-08-2018,1,1,1,1,35,6,2,0,0,0,0,-1,5,1
14746,74.05845755,15.19351682,1,3,1,1,3,07:00,28,E09000005,3,404,6,30,0,-1,-1,0,0,0,1,1,1,0,0,1,2,E01000523,23-08-2018,1,1,1,1,16,4,3,0,0,0,0,-1,2,-1
14747,74.11871985,15.34716398,1,3,2,1,7,17:00,28,E09000005,3,4005,3,40,3,2,3,4090,0,0,1,2,2,0,0,1,1,E01001308,13-08-2018,1,2,2,1,16,4,3,0,0,0,0,-1,2,1
14748,74.07949534,15.27159671,1,3,2,1,4,22:30,29,E09000015,3,4090,6,30,0,-1,-1,0,0,0,4,1,1,0,0,1,2,E01002204,03-08-2018,1,1,1,2,65,9,3,0,0,0,0,-1,9,1
14749,73.9639744,15.25961596,1,2,2,1,4,20:00,28,E09000005,6,0,6,30,3,4,6,0,0,0,1,1,1,0,0,1,1,E01000637,17-08-2018,1,1,3,1,34,6,3,5,1,0,0,-1,0,1
14750,74.12198642,15.33803796,1,3,1,1,2,16:50,28,E09000005,5,0,6,30,0,-1,-1,0,0,0,1,1,1,0,0,1,1,E01000493,21-03-2018,1,1,1,2,18,4,3,0,0,0,0,-1,9,1