Accident_Index,longitude,latitude,Police_Force,Accident_Severity,Number_of_Vehicles,Number_of_Casualties,Day_of_Week,Time,Local_Authority_(District),Local_Authority_(Highway),1st_Road_Class,1st_Road_Number,Road_Type,Speed_limit,Junction_Detail,Junction_Control,2nd_Road_Class,2nd_Road_Number,Pedestrian_Crossing-Human_Control,Pedestrian_Crossing-Physical_Facilities,Light_Conditions,Weather_Conditions,Road_Surface_Conditions,Special_Conditions_at_Site,Carriageway_Hazards,Urban_or_Rural_Area,Did_Police_Officer_Attend_Scene_of_Accident,LSOA_of_Accident_Location,Date,Vehicle_Reference,Casualty_Reference,Casualty_Class,Sex_of_Casualty,Age_of_Casualty,Age_Band_of_Casualty,Casualty_Severity,Pedestrian_Location,Pedestrian_Movement,Car_Passenger,Bus_or_Coach_Passenger,Pedestrian_Road_Maintenance_Worker,Casualty_Type,Casualty_Home_Area_Type
14871,74.02313403,15.2363867,1,3,2,1,4,15:25,28,E09000005,5,0,6,30,3,4,6,0,0,0,1,2,2,0,0,1,1,E01000487,12-10-2018,1,1,3,1,28,6,3,4,3,0,0,-1,0,1
14872,73.95173744,15.23699502,1,3,4,3,6,15:17,28,E09000005,3,406,3,30,0,-1,-1,0,0,0,1,1,1,0,0,1,1,E01000498,14-10-2018,1,1,1,2,21,5,3,0,0,0,0,-1,9,1
14873,73.9733305,15.22593558,1,3,2,1,6,20:00,28,E09000005,3,404,6,30,3,4,6,0,0,0,4,1,1,0,0,1,1,E01000636,14-10-2018,1,1,1,1,22,5,3,0,0,0,0,-1,9,1
14874,74.03333359,15.25274263,1,3,2,3,6,19:41,28,E09000005,3,406,3,40,0,-1,-1,0,0,0,4,1,1,0,0,1,1,E01000600,14-10-2018,1,2,2,2,23,5,3,0,0,1,0,-1,9,2
14875,74.14848274,15.24324838,1,3,1,2,3,17:59,28,E09000005,3,407,6,30,6,2,5,0,0,5,4,1,1,0,2,1,1,E01000595,18-10-2018,1,3,1,1,24,5,3,0,0,0,0,-1,9,2
14876,74.12034407,15.29069332,1,3,2,1,4,09:10,28,E09000005,3,407,6,30,0,-1,-1,0,0,0,1,1,1,0,0,1,1,E01000642,19-10-2018,2,1,1,2,49,8,3,0,0,0,0,-1,9,1
14877,74.00680342,15.34754406,1,3,2,2,4,20:20,28,E09000005,3,406,3,40,0,-1,-1,0,0,4,4,2,2,0,0,1,1,E01000602,19-10-2018,4,1,2,1,32,6,3,0,0,1,0,-1,9,1
14878,73.99558773,15.31321309,1,2,2,1,6,20:10,29,E09000015,6,0,6,30,0,-1,-1,0,0,0,4,1,1,0,0,1,1,E01002139,21-10-2018,4,2,2,2,57,9,3,0,0,2,0,-1,9,1
14879,74.05792684,15.20461532,1,3,2,1,2,19:30,28,E09000005,3,404,6,30,0,-1,-1,0,0,1,4,2,2,0,0,1,1,E01000608,24-10-2018,1,1,1,2,19,4,3,0,0,0,0,-1,9,1
14880,74.0178331,15.34796077,1,3,2,2,1,23:45,28,E09000005,3,4089,6,30,6,2,3,4088,0,5,4,2,2,0,0,1,1,E01000482,23-10-2018,1,2,2,2,-1,-1,3,0,0,1,0,-1,9,-1
14881,73.98829382,15.3114075,1,3,2,2,2,06:35,28,E09000005,3,406,3,40,3,4,3,406,0,0,4,1,2,0,0,1,1,E01000628,24-10-2018,2,1,1,1,30,6,3,0,0,0,0,-1,9,1
14882,74.03419527,15.29104214,1,3,2,1,4,16:00,28,E09000005,5,0,6,30,6,2,3,4088,0,0,1,2,2,0,0,1,2,E01000571,12-10-2018,1,1,2,2,3,1,3,0,0,2,0,-1,9,1
14883,74.12408323,15.18887444,1,2,2,1,2,20:20,28,E09000005,3,4005,6,30,3,4,6,0,0,0,7,1,1,0,0,1,1,E01000472,24-10-2018,1,2,1,2,25,5,3,0,0,0,0,-1,9,1
14884,74.05356439,15.27105405,1,3,2,1,3,13:10,28,E09000005,5,0,6,30,3,4,6,0,0,0,1,4,1,0,0,1,1,E01000484,25-10-2018,1,1,1,1,43,7,3,0,0,0,0,-1,9,1
14885,74.04483284,15.24579274,1,3,2,1,6,07:30,28,E09000005,3,404,6,30,3,4,6,0,0,0,4,2,2,0,0,1,2,E01000608,21-10-2018,1,1,3,2,48,8,3,5,3,0,0,-1,0,1
14886,74.09071162,15.31919087,1,3,2,1,2,10:45,28,E09000005,6,0,6,30,6,4,6,0,0,0,1,2,2,0,0,1,1,E01000489,31-10-2018,1,2,3,2,-1,-1,3,5,4,0,0,-1,0,-1
14887,74.14005253,15.34858379,1,3,2,1,5,21:00,28,E09000005,3,404,6,30,0,-1,-1,0,0,0,4,1,1,0,0,1,2,E01000523,25-08-2018,1,1,1,1,47,8,3,0,0,0,0,-1,9,1
14888,74.02274893,15.36487464,1,3,2,1,3,08:50,28,E09000005,3,404,6,30,3,4,6,0,0,0,1,1,1,0,0,1,1,E01000563,01-11-2018,2,1,1,2,23,5,3,0,0,0,0,-1,9,1
14889,74.02553512,15.21258619,1,3,1,1,5,14:25,28,E09000005,3,407,6,30,3,2,5,0,0,5,1,1,1,0,0,1,3,E01000644,20-10-2018,1,1,2,1,19,4,3,0,0,2,0,-1,9,1
14890,74.09930594,15.34727772,1,3,1,1,4,17:00,28,E09000005,4,454,3,30,0,-1,-1,0,0,1,1,1,1,0,0,1,3,E01000519,26-10-2018,2,2,1,1,18,4,3,0,0,0,0,-1,9,1
14891,74.0525104,15.26542621,1,3,2,1,3,20:30,28,E09000005,3,407,6,30,6,4,3,407,0,1,4,2,2,0,0,1,1,E01000642,01-11-2018,1,1,2,2,16,4,3,0,0,1,0,-1,9,1
14892,74.02401545,15.22133699,1,3,2,1,6,11:58,28,E09000005,6,0,6,30,3,4,3,4003,0,0,1,1,1,0,0,1,1,E01000580,04-11-2018,1,1,1,2,29,6,3,0,0,0,0,-1,9,1
14893,74.01454415,15.2228089,1,3,2,1,6,12:20,28,E09000005,5,0,6,30,3,4,5,0,0,0,1,1,1,0,0,1,2,E01000588,21-10-2018,1,1,1,1,40,7,3,0,0,0,0,-1,1,1
14894,74.1330837,15.29162245,1,3,3,1,5,18:00,28,E09000005,3,406,3,40,5,4,3,406,0,0,4,1,1,0,0,1,1,E01000628,03-11-2018,1,1,1,1,20,4,3,0,0,0,0,-1,2,1
14895,74.04647265,15.18148072,1,3,2,1,4,13:45,28,E09000005,3,404,6,30,3,4,3,404,0,0,1,2,2,0,0,1,1,E01000612,02-11-2018,1,2,2,1,20,4,3,0,0,0,0,-1,2,1
14896,74.11554565,15.31589023,1,3,2,1,1,15:29,28,E09000005,3,4003,6,30,6,4,3,4003,0,4,1,2,2,0,0,1,1,E01000490,06-11-2018,1,1,3,1,86,11,3,1,4,0,0,-1,0,1
14897,73.97285964,15.33449145,1,3,5,2,2,19:30,28,E09000005,3,406,3,40,0,-1,-1,0,0,0,4,1,1,0,0,1,1,E01000603,07-11-2018,1,1,1,1,41,7,3,0,0,0,0,-1,9,1
14898,74.12166489,15.35708643,1,3,2,4,6,12:04,28,E09000005,3,406,3,40,7,4,6,0,0,0,1,1,1,0,0,1,1,E01000627,04-11-2018,1,1,3,2,14,3,3,5,4,0,0,-1,0,1
14899,74.05774214,15.18048546,1,3,2,4,3,08:30,28,E09000005,3,404,6,30,3,4,6,0,0,0,1,1,2,0,0,1,1,E01000612,01-11-2018,1,1,2,2,-1,-1,3,0,0,1,0,-1,9,-1
14900,73.99957442,15.32083569,1,3,2,1,6,18:40,28,E09000005,5,0,1,30,1,4,6,0,0,0,1,1,1,0,0,1,2,E01000600,04-11-2018,2,1,1,1,28,6,2,0,0,0,0,-1,9,-1
14901,74.11930102,15.29379561,1,3,2,1,2,20:15,28,E09000005,3,406,3,40,3,4,6,0,0,0,4,1,1,0,0,1,1,E01000499,29-08-2018,2,1,1,2,39,7,3,0,0,0,0,-1,9,1
14902,74.08073477,15.21550662,1,2,1,1,3,18:20,28,E09000005,3,5,6,30,6,4,6,0,0,4,4,2,2,0,0,1,1,E01000558,18-10-2018,2,2,2,2,39,7,3,0,0,1,0,-1,9,-1
14903,74.10928576,15.18687984,1,3,1,1,1,19:15,28,E09000005,3,407,6,30,3,4,6,0,0,0,4,2,2,0,0,1,1,E01000506,16-10-2018,1,1,3,1,70,10,2,1,1,0,0,-1,0,-1
14904,73.98974893,15.24241914,1,3,2,1,3,19:15,28,E09000005,3,404,6,30,3,4,6,0,0,0,4,1,1,0,0,1,1,E01000531,18-10-2018,1,1,1,1,32,6,3,0,0,0,0,-1,9,-1
14905,74.06366845,15.28785687,1,3,2,2,2,14:10,28,E09000005,6,0,6,30,3,4,6,0,0,0,1,2,2,0,0,1,1,E01000517,24-10-2018,2,1,1,1,16,4,3,0,0,0,0,-1,2,1
14906,73.98082185,15.35755534,1,3,2,1,3,22:30,28,E09000005,3,404,6,30,3,2,3,4088,0,5,4,2,2,0,0,1,1,E01000565,11-10-2018,2,1,1,1,21,5,3,0,0,0,0,-1,1,1
14907,74.03011899,15.26728177,1,2,2,1,4,07:20,28,E09000005,5,0,6,30,3,4,6,0,0,0,1,1,1,0,0,1,2,E01000575,26-10-2018,1,1,2,2,-1,-1,3,0,0,0,1,-1,11,-1
14908,74.04109488,15.18308674,1,3,2,1,2,11:07,28,E09000005,5,0,1,30,2,4,5,0,0,0,1,1,1,0,0,1,1,E01000600,31-10-2018,2,1,1,2,53,8,3,0,0,0,0,-1,9,1
14909,73.96667054,15.26533888,1,3,2,1,5,19:48,28,E09000005,3,404,6,30,3,4,6,0,0,0,4,1,1,0,0,1,1,E01000621,03-11-2018,1,1,2,2,52,8,3,0,0,0,3,-1,11,1
14910,74.13981475,15.26432472,1,3,2,1,7,16:11,28,E09000005,3,404,6,30,0,-1,-1,0,0,0,1,1,1,0,0,1,1,E01000524,29-10-2018,1,1,1,2,53,8,3,0,0,0,0,-1,9,3
14911,74.06799752,15.22136248,1,2,1,1,4,21:23,29,E09000015,3,4140,3,30,7,2,5,0,0,5,4,2,2,0,0,1,1,E01002169,02-11-2018,1,1,1,1,17,4,3,0,0,0,0,-1,9,1
14912,74.14775571,15.32944248,1,3,1,1,7,19:00,28,E09000005,5,0,6,30,0,-1,-1,0,0,0,4,1,1,0,0,1,1,E01000492,05-11-2018,1,1,3,1,14,3,3,6,9,0,0,-1,0,1
14913,74.11549187,15.18742441,1,3,2,1,1,18:00,28,E09000005,3,406,3,50,6,4,5,0,0,0,1,1,2,0,0,1,1,E01000600,16-10-2018,1,1,2,2,21,5,3,0,0,1,0,-1,9,1
14914,73.99318268,15.23334422,1,3,2,1,4,10:27,28,E09000005,5,0,6,30,3,2,4,4565,0,5,1,1,1,0,0,1,1,E01000614,30-11-2018,1,1,3,1,-1,-1,3,5,3,0,0,-1,0,-1
14915,74.00914774,15.17721315,1,2,3,1,5,13:41,28,E09000005,6,0,6,30,3,4,6,0,0,0,1,1,2,0,0,1,1,E01000610,03-11-2018,1,1,1,2,22,5,3,0,0,0,0,-1,9,-1
14916,74.04852208,15.2539381,1,3,2,1,5,17:00,28,E09000005,3,4088,9,30,5,4,3,406,0,0,4,1,1,0,0,1,1,E01000627,03-11-2018,2,1,1,2,39,7,3,0,0,0,0,-1,9,1
14917,74.13877304,15.32026365,1,3,2,2,5,10:10,28,E09000005,6,0,6,30,3,4,6,0,0,0,1,1,1,0,0,1,1,E01000632,27-10-2018,1,1,2,1,12,3,3,0,0,0,3,-1,11,1
14918,74.01195343,15.2044375,1,3,1,1,5,16:50,28,E09000005,4,4565,6,30,3,2,6,0,0,5,4,1,1,0,0,1,1,E01000616,03-11-2018,1,1,1,1,15,3,3,0,0,0,0,-1,1,1
14919,74.04772631,15.25602137,1,3,2,1,2,20:00,28,E09000005,5,0,6,30,3,4,6,0,0,0,4,1,1,0,0,1,1,E01000489,17-10-2018,1,1,3,1,68,10,3,5,1,0,0,-1,0,1
14920,73.96373949,15.26304552,1,3,2,1,7,18:10,28,E09000005,6,0,6,30,3,4,3,5,0,0,1,1,1,0,0,1,1,E01000545,29-10-2018,1,1,1,1,27,6,3,0,0,0,0,-1,9,1
14921,73.98114958,15.25281912,1,3,2,1,6,15:39,28,E09000005,3,407,6,30,3,4,6,0,0,0,1,1,1,0,0,1,1,E01000556,04-11-2018,1,1,1,1,19,4,3,0,0,0,0,-1,9,1
14922,74.15146621,15.23018219,1,3,2,1,5,21:15,28,E09000005,5,0,3,30,0,-1,-1,0,0,0,4,1,1,0,0,1,1,E01000580,06-10-2018,1,1,1,1,19,4,3,0,0,0,0,-1,9,1
14923,74.08803897,15.26706838,1,3,2,1,5,21:15,29,E09000015,5,0,6,30,3,4,6,0,0,0,4,2,2,0,0,1,1,E01002119,10-11-2018,1,1,1,1,24,5,3,0,0,0,0,-1,4,1
14924,73.96553698,15.33305781,1,3,3,2,4,18:30,28,E09000005,3,5,6,30,0,-1,-1,0,0,0,4,2,2,0,0,1,2,E01000545,02-11-2018,2,1,1,1,43,7,3,0,0,0,0,-1,1,1
14925,74.08879528,15.34395037,1,3,2,1,2,12:18,28,E09000005,5,0,6,30,8,4,6,0,0,0,1,1,1,0,0,1,1,E01000516,14-11-2018,1,1,1,1,65,9,3,0,0,0,0,-1,5,1
14926,74.09601023,15.23850189,1,3,1,1,6,15:40,28,E09000005,3,4000,3,30,2,4,3,4000,0,0,1,1,1,0,0,1,1,E01000535,11-11-2018,1,1,3,2,42,7,3,5,1,0,0,-1,0,1
14927,73.99198182,15.29102078,1,3,3,1,7,20:35,29,E09000015,3,4140,6,30,3,4,6,0,0,0,4,1,1,0,0,1,1,E01002165,12-11-2018,2,1,1,1,16,4,3,0,0,0,0,-1,90,1
14928,74.04787811,15.20903154,1,3,1,1,3,15:20,28,E09000005,5,0,6,30,3,2,6,0,0,5,1,1,1,0,0,1,1,E01000580,08-11-2018,1,1,3,2,64,9,3,10,3,0,0,-1,0,1
14929,74.1004202,15.35544339,1,3,2,1,4,13:09,28,E09000005,3,4006,3,30,3,4,6,0,0,0,1,1,1,0,0,1,1,E01000591,09-11-2018,2,1,1,1,27,6,3,0,0,0,0,-1,3,1
14930,74.04394634,15.20911413,1,3,2,1,1,00:55,28,E09000005,3,4004,6,30,3,4,3,407,0,0,4,2,2,0,0,1,2,E01000521,06-11-2018,1,1,1,2,68,10,3,0,0,0,0,-1,9,1
14931,74.0720196,15.32435217,1,3,1,1,2,13:40,28,E09000005,3,404,6,30,0,-1,-1,0,0,0,1,1,1,0,0,1,1,E01000523,14-11-2018,1,1,1,1,52,8,2,0,0,0,0,-1,9,1
14932,73.97396733,15.32632677,1,3,3,1,4,08:40,28,E09000005,6,0,6,30,5,4,6,0,0,1,1,1,1,0,0,1,1,E01000564,09-11-2018,1,1,1,1,23,5,3,0,0,0,0,-1,4,1
14933,74.09574688,15.25479375,1,3,1,1,1,06:15,28,E09000005,3,5,6,30,0,-1,-1,0,0,0,1,1,1,0,0,1,1,E01000545,13-11-2018,2,1,2,2,24,5,3,0,0,0,4,-1,11,1
14934,73.99193829,15.34721834,1,3,2,1,1,22:40,28,E09000005,5,0,6,30,9,4,5,0,0,0,4,2,2,0,0,1,1,E01000615,06-11-2018,2,2,2,2,22,5,3,0,0,0,4,-1,11,-1
14935,73.9560874,15.26543852,1,3,2,1,1,13:15,28,E09000005,6,0,3,50,3,4,3,5,0,0,1,2,2,0,0,1,1,E01000497,06-11-2018,1,1,1,1,22,5,3,0,0,0,0,-1,9,1
14936,73.97838765,15.17731455,1,3,2,1,1,18:06,28,E09000005,3,4088,3,40,5,4,3,406,0,0,4,1,1,0,0,1,1,E01000627,13-11-2018,2,2,1,1,23,5,3,0,0,0,0,-1,9,1
14937,73.97837467,15.23081182,1,3,1,1,6,12:05,28,E09000005,3,407,6,30,0,-1,-1,0,0,0,1,1,1,0,0,1,1,E01000508,11-11-2018,3,1,2,2,9,2,3,0,0,2,0,-1,9,-1
14938,73.98675584,15.28628774,1,3,2,1,4,18:33,2,E09000007,3,5,6,30,3,4,3,5,0,0,1,1,1,0,0,1,1,E01000550,09-11-2018,3,2,1,1,33,6,3,0,0,0,0,-1,9,1
14939,73.98218935,15.36311887,1,3,2,2,6,16:39,28,E09000005,3,4003,6,30,3,2,3,407,0,5,4,1,1,0,0,1,1,E01000642,11-11-2018,1,1,2,2,81,11,3,0,0,0,1,-1,11,-1
14940,73.96120727,15.33056197,1,3,2,1,2,16:05,29,E09000015,3,404,6,30,3,4,6,0,0,0,1,1,1,0,0,1,1,E01002192,14-11-2018,1,1,1,1,17,4,3,0,0,0,0,-1,9,1
14941,74.06961535,15.25197924,1,3,3,1,4,06:19,28,E09000005,3,4088,6,30,3,4,3,4088,0,0,4,1,1,0,0,1,1,E01000512,09-11-2018,1,1,3,2,-1,-1,3,5,3,0,0,-1,0,1
14942,74.1243926,15.24533322,1,3,2,1,7,22:50,28,E09000005,6,0,6,30,3,4,3,4005,0,0,4,1,1,0,0,1,1,E01000472,19-11-2018,1,1,1,1,34,6,3,0,0,0,0,-1,2,1
14943,74.00199213,15.28695556,1,3,1,1,1,15:00,28,E09000005,6,0,6,30,0,-1,-1,0,0,0,1,8,1,0,0,1,1,E01000615,13-11-2018,1,1,3,1,12,3,3,5,1,0,0,-1,0,1
14944,74.11540842,15.27167019,1,3,1,1,5,13:20,28,E09000005,3,5,6,30,0,-1,-1,0,0,0,1,1,1,0,0,1,2,E01000545,13-10-2018,1,1,1,1,17,4,2,0,0,0,0,-1,2,1
14945,74.10510518,15.33453744,1,3,1,1,2,16:30,28,E09000005,3,4005,6,30,0,-1,-1,0,0,0,1,1,1,0,0,1,2,E01000475,21-11-2018,1,1,3,1,51,8,3,5,1,0,0,-1,0,1
14946,74.00916386,15.36488238,1,3,2,1,4,17:10,28,E09000005,3,406,3,50,0,-1,-1,0,0,0,4,1,1,0,0,1,1,E01000498,23-11-2018,2,1,1,1,18,4,3,0,0,0,0,-1,2,3
14947,74.11231643,15.28858413,1,3,2,1,2,18:55,28,E09000005,6,0,6,30,3,4,3,5,0,0,4,1,1,0,0,1,1,E01000554,28-11-2018,1,1,1,1,30,6,3,0,0,0,0,-1,2,1
14948,74.04536466,15.20586987,1,3,1,1,1,12:00,28,E09000005,3,407,6,30,0,-1,-1,0,0,0,1,1,1,0,0,1,1,E01000640,20-11-2018,1,1,1,2,47,8,2,0,0,0,0,-1,9,1
14949,73.96561212,15.32723096,1,3,2,2,3,14:50,28,E09000005,3,404,6,30,0,-1,-1,0,0,0,1,1,1,0,0,1,2,E01002134,22-11-2018,1,1,1,1,48,8,3,0,0,0,0,-1,9,1
14950,74.01874718,15.19184782,1,3,4,2,7,22:37,30,E09000003,3,406,1,30,1,2,3,5,0,5,4,1,1,0,0,1,1,E01000223,30-07-2018,2,1,1,2,26,6,3,0,0,0,0,-1,9,2
14951,74.06129831,15.32114222,1,3,2,6,7,23:35,28,E09000005,5,0,6,30,6,4,6,0,0,0,4,1,1,0,0,1,1,E01000479,30-07-2018,1,1,1,1,72,10,3,0,0,0,0,-1,19,1
14952,73.96314363,15.23061016,1,3,2,2,4,00:01,28,E09000005,3,404,6,30,0,-1,-1,0,0,0,4,2,2,0,0,1,1,E01000563,27-07-2018,1,1,1,1,25,5,3,0,0,0,0,-1,9,1
14953,74.01653504,15.31533395,1,3,2,1,6,15:07,2,E09000007,3,5,6,30,3,2,4,509,0,0,1,1,1,0,0,1,1,E01000548,18-11-2018,1,1,2,2,-1,-1,3,0,0,0,3,-1,11,1
14954,74.11750516,15.20836304,1,3,1,1,3,16:25,28,E09000005,5,0,6,30,3,4,6,0,0,0,1,1,1,0,0,1,1,E01000515,29-11-2018,1,1,1,2,22,5,3,0,0,0,0,-1,9,1
14955,74.02979139,15.28050504,1,3,1,1,6,08:40,28,E09000005,3,4088,6,30,3,4,6,0,0,0,1,1,1,0,0,1,1,E01000571,25-11-2018,1,1,3,2,13,3,3,5,1,0,0,-1,0,1
14956,74.07703591,15.26247418,1,2,2,1,6,16:37,30,E09000003,3,5,3,30,3,4,6,0,0,0,4,9,1,0,0,1,1,E01000223,11-11-2018,2,1,1,1,-1,-1,3,0,0,0,0,-1,3,-1
14957,74.13784035,15.27307796,1,3,1,1,7,18:50,28,E09000005,5,0,6,30,3,4,6,0,0,0,4,1,2,0,0,1,1,E01000575,08-10-2018,2,1,2,2,23,5,3,0,0,1,0,-1,9,1
14958,74.14597383,15.27582609,1,3,2,1,7,10:45,28,E09000005,3,4088,6,30,3,4,6,0,0,0,1,1,1,0,0,1,2,E01000627,22-10-2018,1,1,1,2,60,9,3,0,0,0,0,-1,9,1
14959,74.08121307,15.24975234,1,3,2,1,5,08:35,28,E09000005,4,453,6,30,8,4,6,0,0,0,1,1,1,0,0,1,1,E01000506,17-11-2018,1,1,3,2,51,8,3,5,1,0,0,-1,0,-1
14960,73.99115098,15.20862305,1,3,2,1,4,07:25,28,E09000005,6,0,6,30,6,4,6,0,0,0,1,1,1,0,0,1,1,E01000505,30-11-2018,2,1,1,2,49,8,3,0,0,0,0,-1,9,1
14961,74.15099298,15.2177768,1,3,1,1,1,12:04,28,E09000005,5,0,3,30,3,2,3,5,0,5,1,1,1,0,0,1,1,E01000561,27-11-2018,2,1,1,1,45,7,3,0,0,0,0,-1,9,1
14962,74.13442158,15.32180068,1,2,2,1,4,11:58,28,E09000005,3,404,6,30,0,-1,-1,0,0,4,1,1,1,0,0,1,1,E01000630,23-11-2018,2,2,2,2,12,3,3,0,0,1,0,-1,9,1
14963,73.99553845,15.30076455,1,3,2,1,7,18:20,28,E09000005,3,407,6,30,3,4,3,407,0,0,4,1,1,0,0,1,1,E01000526,19-11-2018,1,1,3,1,7,2,3,5,1,0,0,-1,0,1
14964,74.1017953,15.2957855,1,3,2,1,3,20:30,29,E09000015,3,4140,6,30,0,-1,-1,0,0,0,4,1,1,0,0,1,1,E01000591,29-11-2018,1,1,1,1,27,6,3,0,0,0,0,-1,3,1
14965,73.98691353,15.21761144,1,3,5,1,1,20:50,28,E09000005,5,0,6,30,0,-1,-1,0,0,0,4,8,4,0,0,1,1,E01000588,20-11-2018,1,1,2,2,38,7,3,0,0,1,0,-1,9,-1
14966,73.96645378,15.27797642,1,3,1,1,2,11:50,28,E09000005,3,5,6,30,0,-1,-1,0,0,0,1,1,2,0,0,1,1,E01000558,28-11-2018,1,1,1,2,72,10,3,0,0,0,0,-1,9,1
14967,74.14794997,15.18398339,1,2,2,1,7,16:40,28,E09000005,6,0,6,30,0,-1,-1,0,0,0,1,1,2,0,0,1,1,E01000580,26-11-2018,1,1,1,1,23,5,3,0,0,0,0,-1,9,1
14968,73.988443,15.17569482,1,3,1,1,3,16:19,28,E09000005,3,4005,6,30,0,-1,-1,0,0,0,4,1,1,0,0,1,1,E01000472,06-12-2018,1,1,1,2,49,8,3,0,0,0,0,-1,9,1
14969,73.96149359,15.34323343,1,3,2,1,7,19:30,28,E09000005,4,4565,6,30,3,4,4,4565,0,0,4,1,1,0,0,1,2,E01000614,26-11-2018,1,1,1,1,62,9,3,0,0,0,0,-1,9,1
14970,74.07890207,15.27700745,1,3,2,1,5,00:09,28,E09000005,5,0,6,30,6,2,5,0,0,0,4,1,1,0,0,1,1,E01000587,17-11-2018,1,1,1,2,37,7,3,0,0,0,0,-1,9,1
14971,74.06231259,15.22473615,1,3,2,1,7,03:30,28,E09000005,3,4088,6,30,9,4,6,0,0,0,4,2,2,0,0,1,1,E01000506,26-11-2018,1,1,1,1,62,9,3,0,0,0,0,-1,9,1
14972,74.04889347,15.28526955,1,3,2,1,6,07:00,28,E09000005,3,4089,6,30,0,-1,-1,0,0,0,4,1,2,0,0,1,1,E01000616,02-12-2018,1,1,3,1,32,6,3,5,1,0,0,-1,0,-1
14973,73.96647196,15.24048278,1,3,1,1,1,12:44,28,E09000005,3,4089,6,30,0,-1,-1,0,0,0,1,1,1,0,0,1,1,E01000578,27-11-2018,1,1,3,2,55,8,3,1,1,0,0,-1,0,1
14974,74.09131281,15.30490844,1,3,3,2,3,18:03,28,E09000005,3,404,2,30,0,-1,-1,0,0,4,4,1,1,0,0,1,1,E01000599,15-11-2018,1,1,2,2,17,4,3,0,0,1,0,-1,9,2
14975,74.03212406,15.23395367,1,3,1,1,7,09:20,28,E09000005,5,0,6,30,3,4,6,0,0,0,1,1,1,0,0,1,1,E01000499,05-11-2018,1,1,1,1,20,4,3,0,0,0,0,-1,9,-1
14976,74.01439291,15.3601952,1,3,1,1,3,21:20,28,E09000005,5,0,6,30,7,2,5,0,0,5,4,1,2,0,0,1,1,E01000489,06-12-2018,2,2,1,1,57,9,3,0,0,0,0,-1,90,1
14977,74.1020228,15.20502406,1,3,2,1,1,22:55,28,E09000005,3,406,3,40,5,4,4,4557,0,0,4,1,1,0,0,1,1,E01000601,04-12-2018,1,1,1,2,35,6,3,0,0,0,0,-1,9,1
14978,74.04655755,15.21891492,1,3,2,1,4,23:59,28,E09000005,3,404,6,30,3,4,6,0,0,0,4,2,2,0,0,1,1,E01000608,16-11-2018,1,1,3,1,23,5,3,5,3,0,0,-1,0,1
14979,74.02369652,15.29391617,1,3,2,1,4,17:42,28,E09000005,3,4089,6,30,3,4,6,0,0,0,4,1,1,0,0,1,1,E01000578,07-12-2018,1,1,1,1,12,3,3,0,0,0,0,-1,1,1
14980,73.97794388,15.21477419,1,3,2,1,7,18:25,28,E09000005,3,4003,6,30,9,2,3,407,0,5,4,1,1,0,0,1,1,E01000642,26-11-2018,1,1,1,1,34,6,3,0,0,0,0,-1,9,1
14981,73.97190881,15.18569084,1,3,1,1,6,16:45,28,E09000005,4,453,6,30,3,4,4,453,0,0,4,1,1,0,0,1,1,E01000506,25-11-2018,2,2,1,1,50,8,3,0,0,0,0,-1,9,1
14982,74.05526283,15.33448337,1,2,2,4,2,11:49,28,E09000005,3,406,3,50,3,4,6,0,0,0,1,1,1,0,0,1,1,E01000498,05-12-2018,1,1,1,1,21,5,3,0,0,0,0,-1,9,1
14983,74.05953851,15.26609237,1,3,2,1,7,11:05,28,E09000005,3,407,6,30,6,2,3,407,0,5,1,1,1,0,0,1,2,E01000642,03-12-2018,1,1,1,2,59,9,3,0,0,0,0,-1,9,1
14984,74.04512177,15.24277021,1,3,2,1,1,09:50,28,E09000005,4,4492,6,30,0,-1,-1,0,0,1,1,1,1,0,0,1,2,E01000525,20-11-2018,1,1,1,2,35,6,3,0,0,0,0,-1,9,1
14985,74.11572495,15.21719434,1,3,3,2,2,12:55,28,E09000005,3,404,6,30,6,2,5,0,0,0,1,1,1,0,0,1,1,E01000600,28-11-2018,2,1,1,2,60,9,3,0,0,0,0,-1,9,1
14986,73.97744988,15.34090788,1,3,1,2,5,15:30,28,E09000005,6,0,6,30,3,4,3,4088,0,0,4,1,1,0,0,1,1,E01000578,08-12-2018,1,1,1,2,38,7,3,0,0,0,0,-1,9,1
14987,74.04724003,15.32498769,1,3,2,1,4,08:10,28,E09000005,5,0,6,30,6,4,6,0,0,0,1,1,1,0,0,1,2,E01000586,30-11-2018,1,1,2,2,-1,-1,3,0,0,1,0,-1,9,1
14988,73.99240479,15.32470273,1,3,3,2,1,11:40,28,E09000005,4,4565,6,30,3,2,6,0,0,5,1,1,1,0,0,1,2,E01000614,04-09-2018,1,2,1,1,31,6,3,0,0,0,0,-1,9,1
14989,74.00013376,15.21527492,1,2,1,1,7,12:10,28,E09000005,4,4565,2,30,3,4,6,0,0,0,1,1,1,0,0,1,1,E01000616,13-08-2018,1,1,1,2,54,8,3,0,0,0,0,-1,9,1
14990,74.02342717,15.17687786,1,2,2,1,1,13:40,28,E09000005,6,0,6,30,0,-1,-1,0,0,0,1,1,1,0,0,1,1,E01000635,28-08-2018,1,1,2,2,14,3,3,0,0,1,0,-1,9,1
14991,74.04142542,15.21514847,1,2,1,1,5,13:37,28,E09000005,3,407,6,30,0,-1,-1,0,0,0,1,2,2,0,0,1,1,E01000556,01-12-2018,1,1,1,1,47,8,3,0,0,0,0,-1,9,-1