Accident_Index,longitude,latitude,Police_Force,Accident_Severity,Number_of_Vehicles,Number_of_Casualties,Day_of_Week,Time,Local_Authority_(District),Local_Authority_(Highway),1st_Road_Class,1st_Road_Number,Road_Type,Speed_limit,Junction_Detail,Junction_Control,2nd_Road_Class,2nd_Road_Number,Pedestrian_Crossing-Human_Control,Pedestrian_Crossing-Physical_Facilities,Light_Conditions,Weather_Conditions,Road_Surface_Conditions,Special_Conditions_at_Site,Carriageway_Hazards,Urban_or_Rural_Area,Did_Police_Officer_Attend_Scene_of_Accident,LSOA_of_Accident_Location,Date,Vehicle_Reference,Casualty_Reference,Casualty_Class,Sex_of_Casualty,Age_of_Casualty,Age_Band_of_Casualty,Casualty_Severity,Pedestrian_Location,Pedestrian_Movement,Car_Passenger,Bus_or_Coach_Passenger,Pedestrian_Road_Maintenance_Worker,Casualty_Type,Casualty_Home_Area_Type
15113,74.11177412,15.24238064,1,3,2,2,6,14:36,6,E09000011,5,0,6,30,0,-1,-1,0,0,0,1,2,2,0,0,1,1,E01001613,28-01-2018,3,2,2,1,19,4,3,0,0,2,0,-1,9,1
15114,74.10068175,15.22181748,1,3,1,1,4,21:30,6,E09000011,6,0,6,30,0,-1,-1,0,0,0,4,1,1,0,0,1,2,E01001649,05-01-2018,2,1,1,1,11,3,3,0,0,0,0,-1,1,3
15115,74.13621442,15.34755776,1,3,1,1,7,13:37,6,E09000011,6,0,6,30,3,4,6,0,0,0,1,1,1,0,0,1,1,E01001712,22-01-2018,1,1,2,2,79,11,3,0,0,0,4,-1,11,1
15116,74.0240454,15.21943256,1,3,3,1,4,19:00,6,E09000011,5,0,6,30,3,4,6,0,0,0,4,2,2,0,0,1,1,E01001647,02-02-2018,1,1,1,1,19,4,3,0,0,0,0,-1,9,1
15117,74.08450758,15.36471001,1,3,2,1,3,18:22,6,E09000011,4,210,6,30,3,4,6,0,0,0,4,1,2,0,0,1,1,E01001699,25-01-2018,1,1,1,1,17,4,3,0,0,0,0,-1,2,1
15118,74.12239882,15.2611168,1,3,2,1,6,17:55,6,E09000011,3,102,3,50,0,-1,-1,0,0,0,4,2,2,0,0,1,1,E01001652,28-01-2018,1,1,1,1,60,9,3,0,0,0,0,-1,19,1
15119,74.12012133,15.1905383,1,3,2,1,6,13:22,6,E09000011,3,2,6,30,3,2,3,2213,0,5,1,2,2,0,0,1,1,E01001583,28-01-2018,1,1,1,1,19,4,3,0,0,0,0,-1,2,1
15120,74.05577627,15.27035454,1,3,1,2,7,03:20,6,E09000011,3,102,3,50,0,-1,-1,0,0,0,4,2,2,0,0,1,1,E01001667,29-01-2018,2,1,1,1,-1,-1,3,0,0,0,0,-1,5,-1
15121,74.03141749,15.27604083,1,3,2,1,2,14:54,6,E09000011,5,0,6,30,3,4,6,0,0,0,1,1,1,0,0,1,1,E01001671,31-01-2018,1,1,1,2,25,5,3,0,0,0,0,-1,9,1
15122,74.02086154,15.32817209,1,3,3,1,2,15:35,6,E09000011,3,206,6,30,6,4,6,0,0,0,1,1,1,0,0,1,1,E01001666,31-01-2018,2,2,1,1,17,4,3,0,0,0,0,-1,9,1
15123,74.02012305,15.19075305,1,3,1,1,2,08:43,6,E09000011,3,206,3,30,0,-1,-1,0,0,5,1,8,1,0,0,1,1,E01001629,31-01-2018,1,1,1,1,15,3,3,0,0,0,0,-1,2,1
15124,73.95301211,15.24428196,1,3,2,1,3,07:30,6,E09000011,3,206,6,30,0,-1,-1,0,0,0,1,1,1,0,0,1,1,E01001666,01-02-2018,1,2,2,1,17,4,3,0,0,0,0,-1,2,1
15125,74.11807953,15.36222357,1,3,1,1,3,17:08,6,E09000011,3,205,6,30,3,4,6,0,0,0,4,8,2,0,0,1,1,E01001696,01-02-2018,1,1,1,2,55,8,3,0,0,0,0,-1,9,1
15126,74.07662832,15.20016143,1,3,2,1,3,16:20,6,E09000011,3,207,6,30,3,4,6,0,0,4,4,2,2,0,0,1,1,E01001652,01-02-2018,1,2,2,2,21,5,3,0,0,1,0,-1,9,1
15127,74.00934804,15.22264295,1,3,1,1,3,09:25,6,E09000011,3,208,6,30,0,-1,-1,0,0,0,1,1,1,0,0,1,1,E01001615,11-01-2018,2,3,1,1,45,7,3,0,0,0,0,-1,9,1
15128,74.13083086,15.17394711,1,3,2,1,4,13:48,6,E09000011,3,209,6,30,3,4,6,0,0,0,1,1,1,0,0,1,1,E01001670,02-02-2018,1,1,1,2,32,6,3,0,0,0,0,-1,9,1
15129,74.15086591,15.35832718,1,3,3,1,4,14:20,6,E09000011,3,205,1,30,1,4,3,206,0,0,1,1,1,0,0,1,1,E01001707,02-02-2018,1,1,3,1,31,6,3,5,1,0,0,-1,0,1
15130,74.02977364,15.24570231,1,3,1,1,5,23:33,6,E09000011,3,2,6,30,3,4,4,208,0,1,4,1,1,0,0,1,1,E01001644,03-02-2018,1,1,1,2,44,7,3,0,0,0,0,-1,9,1
15131,73.97355149,15.20206619,1,3,2,3,1,17:17,6,E09000011,3,2,1,30,1,4,5,0,0,0,4,1,1,0,0,1,3,E01003200,30-01-2018,1,1,1,1,85,11,3,0,0,0,0,-1,9,3
15132,74.03323491,15.26089545,1,3,2,1,3,05:40,6,E09000011,3,2,3,30,0,-1,-1,0,0,0,4,1,1,0,0,1,1,E01001622,08-02-2018,1,1,2,1,-1,-1,3,0,0,0,3,-1,11,-1
15133,74.0414658,15.27582472,1,3,2,1,1,10:30,6,E09000011,5,0,6,30,2,4,6,0,0,0,1,1,1,0,0,1,3,E01001698,23-01-2018,1,1,1,1,18,4,3,0,0,0,0,-1,9,1
15134,73.99382934,15.31051492,1,3,2,1,6,07:40,6,E09000011,6,0,6,30,0,-1,-1,0,0,0,1,1,1,0,0,1,2,E01001701,14-01-2018,1,1,1,1,33,6,3,0,0,0,0,-1,9,1
15135,73.98435538,15.2392173,1,3,1,1,6,16:20,6,E09000011,3,206,6,30,0,-1,-1,0,0,0,1,1,1,0,0,1,2,E01001673,04-02-2018,2,1,2,1,7,2,3,0,0,2,0,-1,9,-1
15136,74.15158972,15.33484528,1,3,2,3,7,12:20,6,E09000011,6,0,7,30,5,4,3,102,0,0,1,1,1,0,0,1,1,E01001667,08-01-2018,2,2,1,2,38,7,3,0,0,0,0,-1,9,1
15137,74.10088841,15.34580549,1,3,1,1,6,12:20,6,E09000011,3,211,6,30,1,4,5,0,0,0,1,1,1,0,0,1,1,E01001613,21-01-2018,2,1,2,1,19,4,2,0,0,1,0,-1,9,1
15138,74.05828016,15.17971958,1,3,2,1,4,15:34,6,E09000011,3,20,3,40,0,-1,-1,0,0,0,1,1,1,0,0,1,1,E01001660,26-01-2018,2,1,1,1,28,6,3,0,0,0,0,-1,9,1
15139,73.98680882,15.26378331,1,3,1,1,4,10:02,6,E09000011,3,205,2,30,9,4,6,0,0,1,1,1,1,0,0,1,1,E01001707,26-01-2018,1,1,1,2,44,7,3,0,0,0,0,-1,9,1
15140,74.06286929,15.30283002,1,3,3,1,6,07:21,6,E09000011,3,206,6,30,0,-1,-1,0,0,0,1,8,2,0,0,1,1,E01001673,28-01-2018,2,2,1,2,72,10,3,0,0,0,0,-1,9,3
15141,74.13493233,15.27143204,1,3,2,1,4,14:20,6,E09000011,4,210,6,30,3,4,4,210,0,0,1,1,1,0,0,1,1,E01001580,02-02-2018,1,1,3,1,13,3,3,5,1,0,0,-1,0,3
15142,74.08198088,15.31477866,1,3,2,1,4,19:47,19,E09000006,5,0,6,30,3,4,3,208,0,0,4,2,2,0,0,1,1,E01000781,02-02-2018,3,1,1,1,68,10,3,0,0,0,0,-1,9,1
15143,73.98301046,15.33957087,1,3,2,1,5,18:40,6,E09000011,3,20,6,30,0,-1,-1,0,0,0,4,1,1,0,0,1,1,E01001659,03-02-2018,3,2,2,2,66,10,3,0,0,1,0,-1,9,1
15144,74.0649271,15.26393706,1,3,2,1,7,01:46,6,E09000011,3,206,3,30,0,-1,-1,0,0,0,4,1,1,0,0,1,1,E01001631,01-01-2018,1,1,1,1,27,6,3,0,0,0,0,-1,9,1
15145,74.08101007,15.21764258,1,3,1,1,6,15:55,7,E09000023,3,2,6,30,0,-1,-1,0,0,0,1,1,1,0,0,1,1,E01001642,04-02-2018,2,1,1,2,31,6,3,0,0,0,0,-1,9,1
15146,73.95996121,15.35491532,1,2,1,1,6,17:00,6,E09000011,3,2041,1,30,1,4,6,0,0,0,5,1,1,0,0,1,1,E01001688,04-02-2018,1,1,3,1,24,5,2,5,1,0,0,-1,0,1
15147,74.08533756,15.33443493,1,3,1,1,7,14:05,6,E09000011,3,206,2,30,0,-1,-1,0,0,4,1,1,1,0,0,1,1,E01001641,05-02-2018,1,1,1,1,26,6,3,0,0,0,0,-1,9,2
15148,74.11763783,15.30866935,1,3,1,1,3,16:20,6,E09000011,3,206,6,30,0,-1,-1,0,0,0,1,1,1,0,0,1,1,E01001673,08-02-2018,2,2,1,1,27,6,3,0,0,0,0,-1,9,1
15149,73.9722569,15.30659541,1,3,2,1,3,08:45,6,E09000011,3,205,1,30,1,4,3,210,0,0,1,1,1,0,0,1,1,E01001661,08-02-2018,1,1,1,1,24,5,3,0,0,0,0,-1,9,1
15150,73.95938506,15.18863371,1,3,2,1,4,15:30,6,E09000011,6,0,6,30,0,-1,-1,0,0,0,1,1,1,0,0,1,1,E01001661,09-02-2018,1,1,1,2,42,7,3,0,0,0,0,-1,9,-1
15151,74.04975106,15.35622184,1,3,2,1,4,17:45,6,E09000011,6,0,6,30,0,-1,-1,0,0,0,4,1,1,0,0,1,1,E01001642,09-02-2018,2,1,1,1,23,5,3,0,0,0,0,-1,1,1
15152,74.01316946,15.36676877,1,3,1,1,4,19:35,6,E09000011,3,207,6,30,3,4,6,0,0,4,4,1,1,0,0,1,1,E01001651,09-02-2018,1,1,1,2,19,4,3,0,0,0,0,-1,9,1
15153,74.07008782,15.36652429,1,3,1,1,5,13:30,6,E09000011,3,20,6,30,8,4,6,0,0,0,1,1,2,0,0,1,1,E01003286,10-02-2018,2,2,1,1,59,9,3,0,0,0,0,-1,19,-1
15154,74.08357133,15.21597024,1,3,2,1,5,09:20,6,E09000011,3,2,3,50,0,-1,-1,0,0,0,1,1,1,0,0,1,1,E01001622,10-02-2018,2,1,2,2,6,2,3,0,0,2,0,-1,9,1
15155,74.15127667,15.21323249,1,2,2,2,5,06:25,6,E09000011,3,207,6,30,3,4,6,0,0,0,4,2,2,0,0,1,1,E01001646,10-02-2018,1,1,2,1,-1,-1,3,0,0,2,0,-1,9,1
15156,74.02020378,15.18379244,1,3,2,1,6,13:20,6,E09000011,3,209,6,30,6,2,5,0,0,0,1,2,2,0,0,1,1,E01001670,11-02-2018,1,1,1,1,19,4,3,0,0,0,0,-1,3,1
15157,73.95124378,15.26648581,1,2,2,1,6,20:56,6,E09000011,4,213,6,30,3,4,6,0,0,0,4,2,2,0,0,1,1,E01001571,11-02-2018,1,1,1,1,39,7,3,0,0,0,0,-1,4,1
15158,74.04713515,15.18547248,1,3,2,1,1,18:06,6,E09000011,3,210,6,30,3,2,5,0,0,0,4,2,2,0,0,1,1,E01001613,13-02-2018,1,1,1,1,34,6,3,0,0,0,0,-1,5,1
15159,74.12425182,15.17514318,1,3,2,1,1,18:20,6,E09000011,4,213,6,30,6,4,6,0,0,0,4,2,2,0,0,1,1,E01001571,13-02-2018,2,1,1,1,39,7,3,0,0,0,0,-1,5,-1
15160,73.95473383,15.28076461,1,3,2,1,3,19:18,6,E09000011,3,20,6,30,3,4,6,0,0,0,4,1,1,0,0,1,1,E01001658,15-02-2018,2,1,1,2,24,5,3,0,0,0,0,-1,1,1
15161,73.99789339,15.28503902,1,3,2,1,3,19:15,6,E09000011,4,212,6,30,6,2,3,2,0,0,4,1,1,0,0,1,2,E01001580,01-02-2018,1,1,3,2,32,6,3,5,1,0,0,-1,0,1
15162,73.97092755,15.30776333,1,3,2,1,6,17:50,6,E09000011,6,0,1,30,2,4,6,0,0,0,1,1,1,0,0,1,2,E01001691,11-02-2018,1,1,1,2,45,7,3,0,0,0,0,-1,9,-1
15163,74.11815552,15.33720196,1,2,2,1,7,17:35,6,E09000011,3,207,6,30,6,2,3,205,0,5,4,1,2,0,0,1,3,E01001648,12-02-2018,1,1,1,2,54,8,3,0,0,0,0,-1,9,1
15164,74.14068038,15.21049974,1,3,2,1,1,11:13,6,E09000011,6,0,6,30,6,4,6,0,0,0,1,1,1,0,0,1,3,E01001647,13-02-2018,2,1,1,1,41,7,3,0,0,0,0,-1,9,1
15165,74.01739915,15.34808728,1,3,2,1,3,04:50,6,E09000011,6,0,6,30,3,4,6,0,0,0,4,1,1,0,0,1,1,E01001641,15-02-2018,2,1,1,1,-1,-1,3,0,0,0,0,-1,3,1
15166,74.06080418,15.36354008,1,3,2,1,3,06:27,6,E09000011,3,205,6,30,6,2,3,2,0,5,1,1,1,0,0,1,1,E01001620,15-02-2018,1,1,1,1,25,5,3,0,0,0,0,-1,9,1
15167,73.99647132,15.20680519,1,3,1,1,4,20:00,6,E09000011,3,208,6,30,0,-1,-1,0,0,5,4,1,1,0,0,1,1,E01001615,16-02-2018,1,1,2,2,45,7,3,0,0,1,0,-1,9,-1
15168,74.03644848,15.29684724,1,3,2,1,5,14:40,6,E09000011,3,102,3,50,5,4,3,102,0,0,1,1,2,0,0,1,1,E01001663,17-02-2018,2,1,1,1,55,8,3,0,0,0,0,-1,2,1
15169,73.99226277,15.25028892,1,3,2,2,5,20:16,19,E09000006,6,0,6,30,3,4,3,208,0,0,4,2,2,0,0,1,1,E01001602,17-02-2018,1,1,2,2,74,10,3,0,0,1,0,-1,9,1
15170,74.02981463,15.32499264,1,3,2,1,5,20:20,6,E09000011,3,206,6,30,0,-1,-1,0,0,0,4,2,2,0,0,1,2,E01001643,17-02-2018,1,1,1,2,18,4,3,0,0,0,0,-1,9,1
15171,74.01923613,15.27357934,1,2,1,1,6,18:33,6,E09000011,3,205,6,30,3,4,6,0,0,0,4,2,2,0,0,1,1,E01001611,18-02-2018,1,1,1,1,19,4,3,0,0,0,0,-1,2,1
15172,74.06797241,15.27558424,1,2,2,2,1,11:48,6,E09000011,6,0,1,30,1,4,6,0,0,0,1,1,1,0,0,1,1,E01001629,20-02-2018,1,1,2,2,72,10,2,0,0,1,0,-1,9,1
15173,74.03608489,15.24749549,1,2,2,1,2,17:53,6,E09000011,3,20,6,30,3,4,6,0,0,0,4,3,2,0,0,1,1,E01003286,21-02-2018,1,2,1,1,72,10,2,0,0,0,0,-1,9,1
15174,74.13121444,15.30967571,1,3,2,1,2,13:51,6,E09000011,3,2052,1,30,1,4,6,0,0,0,1,1,2,0,0,1,1,E01001667,21-02-2018,1,1,3,1,4,1,3,5,3,0,0,-1,0,1
15175,73.95689528,15.22603479,1,3,2,1,2,06:40,6,E09000011,3,102,3,30,0,-1,-1,0,0,0,1,1,2,0,0,1,1,E01001667,21-02-2018,1,1,1,1,55,8,3,0,0,0,0,-1,9,2
15176,73.96089867,15.20888505,1,2,2,1,2,14:45,6,E09000011,3,206,1,30,1,4,3,102,0,4,1,1,2,0,0,1,1,E01001663,21-02-2018,1,1,1,1,24,5,3,0,0,0,0,-1,3,-1
15177,74.07612088,15.34493834,1,3,2,1,3,20:45,6,E09000011,5,0,6,30,3,4,5,0,0,0,4,1,2,0,0,1,3,E01001671,22-02-2018,2,1,1,1,19,4,2,0,0,0,0,-1,3,1
15178,74.14597375,15.17658594,1,3,3,2,5,19:10,6,E09000011,3,2016,1,30,1,4,3,2041,0,0,1,2,2,0,0,2,2,E01000470,17-02-2018,2,1,1,1,18,4,3,0,0,0,0,-1,9,1
15179,74.0554033,15.30642011,1,3,2,1,5,17:15,6,E09000011,3,210,1,30,1,4,6,0,0,0,1,1,1,0,0,1,2,E01001661,06-01-2018,1,1,1,2,32,6,3,0,0,0,0,-1,9,1
15180,73.96889505,15.24356106,1,3,2,3,5,06:58,6,E09000011,3,206,1,30,1,4,3,205,0,0,1,1,1,0,0,1,1,E01001707,17-02-2018,1,2,2,1,1,1,3,0,0,2,0,-1,9,1
15181,74.03429474,15.34082722,1,3,1,1,6,12:58,6,E09000011,6,0,6,20,0,-1,-1,0,0,0,1,1,1,0,0,1,1,E01001633,18-02-2018,2,1,1,2,50,8,3,0,0,0,0,-1,9,1
15182,74.0750701,15.23777129,1,3,2,1,3,21:21,6,E09000011,3,206,6,30,6,4,6,0,0,4,4,3,2,0,0,1,1,E01001664,22-02-2018,1,2,2,2,20,4,3,0,0,1,0,-1,9,1
15183,74.09013073,15.27598885,1,3,1,1,6,15:40,6,E09000011,3,206,6,30,3,2,5,0,0,5,1,1,2,0,0,1,1,E01001707,18-02-2018,2,1,1,2,34,6,3,0,0,0,0,-1,9,1
15184,74.11900248,15.19906246,1,3,1,2,4,12:39,6,E09000011,3,211,6,30,3,4,6,0,0,0,1,3,3,0,0,1,1,E01001617,23-02-2018,1,1,1,2,20,4,3,0,0,0,0,-1,9,1
15185,73.98260338,15.2550907,1,3,2,1,5,16:30,6,E09000011,3,2,3,50,5,4,3,2,0,0,4,2,2,0,0,1,1,E01001622,24-02-2018,1,1,2,1,15,3,3,0,0,1,0,-1,9,1
15186,73.96016782,15.31290428,1,3,1,1,6,11:25,6,E09000011,3,205,3,40,3,2,6,0,0,5,1,3,3,0,0,1,1,E01001620,25-02-2018,1,2,1,2,38,7,3,0,0,0,0,-1,9,1
15187,73.95832453,15.22525992,1,3,2,1,1,10:35,6,E09000011,6,0,6,30,3,4,6,0,0,0,1,1,1,0,0,1,3,E01001628,13-02-2018,1,1,2,1,12,3,2,0,0,1,0,-1,9,1
15188,74.04457856,15.34382389,1,2,2,1,2,08:30,6,E09000011,3,2,3,50,0,-1,-1,0,0,0,1,4,4,0,0,1,2,E01001620,21-02-2018,1,1,1,2,23,5,3,0,0,0,0,-1,9,-1
15189,74.14144932,15.30694703,1,3,2,1,6,06:30,6,E09000011,6,0,3,30,3,4,3,2,0,0,4,3,4,0,0,1,3,E01001583,25-02-2018,1,2,2,2,24,5,3,0,0,1,0,-1,9,1
15190,74.14497442,15.20846403,1,3,3,1,5,14:30,6,E09000011,6,0,6,30,3,4,6,0,0,0,1,1,1,0,0,1,2,E01001579,03-03-2018,1,1,1,2,20,4,3,0,0,0,0,-1,9,1
15191,74.03177372,15.21888899,1,3,1,1,6,10:10,6,E09000011,3,2041,6,30,3,4,6,0,0,0,1,3,3,0,0,1,1,E01001577,04-03-2018,1,2,2,1,20,4,3,0,0,1,0,-1,9,1
15192,74.14006815,15.35498308,1,3,2,2,6,21:20,6,E09000011,3,2,6,30,0,-1,-1,0,0,0,4,1,1,0,0,1,1,E01001644,04-03-2018,2,1,1,1,49,8,3,0,0,0,0,-1,9,1
15193,74.13686831,15.18723652,1,3,2,1,7,16:00,6,E09000011,5,0,6,30,0,-1,-1,0,0,0,1,2,2,0,0,1,1,E01001590,05-03-2018,1,1,1,2,-1,-1,3,0,0,0,0,-1,9,1
15194,74.12140909,15.29547341,1,3,2,1,1,14:30,6,E09000011,6,0,6,30,6,4,6,0,0,0,1,1,1,0,0,1,1,E01001632,27-02-2018,1,1,3,1,17,4,2,5,2,0,0,-1,0,1
15195,73.94811428,15.28497965,1,3,4,1,5,13:00,6,E09000011,3,211,6,30,3,4,4,263,0,0,1,2,2,0,0,1,1,E01001617,03-03-2018,1,1,2,2,18,4,3,0,0,2,0,-1,9,1
15196,73.95239414,15.28136286,1,3,2,1,2,14:05,6,E09000011,3,205,6,30,0,-1,-1,0,0,0,1,1,1,4,0,1,1,E01001620,07-03-2018,1,2,2,1,17,4,3,0,0,2,0,-1,9,1
15197,74.09357705,15.21910045,1,3,1,1,3,19:55,6,E09000011,3,206,3,30,0,-1,-1,0,0,0,4,1,1,0,0,1,1,E01001711,08-03-2018,1,1,2,2,60,9,3,0,0,0,4,-1,11,-1
15198,74.01169935,15.24328928,1,3,2,1,4,18:55,6,E09000011,3,2,7,30,3,4,3,205,0,0,4,1,1,0,0,1,1,E01001620,09-03-2018,1,1,1,2,29,6,3,0,0,0,0,-1,9,-1
15199,74.10198525,15.21388363,1,3,2,1,5,18:05,6,E09000011,3,20,6,30,0,-1,-1,0,0,0,4,1,1,0,0,1,1,E01003286,10-03-2018,1,1,2,2,17,4,3,0,0,2,0,-1,9,1
15200,73.99785746,15.19846855,1,3,1,1,6,17:00,6,E09000011,3,206,6,30,0,-1,-1,0,0,0,1,1,1,0,0,1,2,E01001707,04-02-2018,1,2,2,2,17,4,3,0,0,2,0,-1,9,1
15201,73.97401836,15.23802521,1,3,2,1,7,11:40,6,E09000011,3,205,6,30,6,2,5,0,0,5,1,1,1,0,0,1,3,E01001701,26-02-2018,1,1,1,1,25,5,3,0,0,0,0,-1,3,1
15202,74.13128393,15.22975127,1,3,2,1,5,07:00,6,E09000011,5,0,6,30,2,4,6,0,0,0,1,1,1,0,0,1,3,E01001608,03-03-2018,1,1,3,1,77,11,3,5,1,0,0,-1,0,1
15203,74.01069717,15.29521484,1,3,2,1,3,19:00,6,E09000011,3,20,6,30,0,-1,-1,0,0,0,4,1,1,0,0,1,2,E01001659,08-03-2018,1,1,3,1,10,2,2,5,1,0,0,-1,0,-1
15204,74.04489038,15.1891745,1,3,2,1,4,19:09,6,E09000011,3,2052,1,30,1,4,6,0,0,0,4,1,1,0,0,1,3,E01001667,16-02-2018,1,1,3,1,44,7,3,1,1,0,0,-1,0,1
15205,73.98449731,15.18621785,1,3,1,1,4,14:15,6,E09000011,3,206,6,30,0,-1,-1,0,0,0,1,1,1,0,0,1,1,E01001712,09-03-2018,1,1,2,1,79,11,3,0,0,0,3,-1,11,1
15206,74.06769879,15.21634278,1,3,2,1,6,11:30,6,E09000011,3,2052,6,30,0,-1,-1,0,0,0,1,1,1,4,0,1,1,E01001663,11-03-2018,1,1,3,1,15,3,3,5,1,0,0,-1,0,-1
15207,74.07718459,15.33720513,1,3,2,1,6,19:26,6,E09000011,5,0,6,30,6,4,5,0,0,1,4,1,1,0,0,1,1,E01001700,11-03-2018,1,1,1,2,56,9,3,0,0,0,0,-1,9,-1
15208,74.11438989,15.27849098,1,3,3,1,6,23:59,6,E09000011,3,209,6,30,0,-1,-1,0,0,0,4,1,2,0,0,1,1,E01001670,04-03-2018,1,1,1,1,28,6,3,0,0,0,0,-1,9,1
15209,74.02015047,15.19787043,1,3,2,1,7,09:40,6,E09000011,3,206,6,30,3,2,6,0,0,5,1,1,1,0,0,1,2,E01001707,12-03-2018,2,2,1,2,34,6,3,0,0,0,0,-1,9,1
15210,74.01372827,15.244916,1,3,2,1,1,15:15,6,E09000011,5,0,6,30,6,4,6,0,0,0,1,1,1,0,0,1,2,E01001595,13-03-2018,1,1,1,1,51,8,3,0,0,0,0,-1,9,1
15211,74.00288621,15.32332902,1,3,1,1,4,13:01,6,E09000011,5,0,6,30,0,-1,-1,0,0,0,1,2,2,0,0,1,1,E01001600,02-03-2018,2,1,1,1,29,6,3,0,0,0,0,-1,1,1
15212,73.99335269,15.34230952,1,3,3,1,5,19:55,6,E09000011,3,205,6,30,3,4,6,0,0,0,4,1,1,0,0,1,1,E01001696,03-03-2018,2,1,1,2,36,7,3,0,0,0,0,-1,9,1
15213,74.03376952,15.21044493,1,3,2,1,6,10:41,6,E09000011,3,206,6,30,3,4,6,0,0,0,1,1,1,0,0,1,1,E01001666,11-03-2018,1,1,3,2,-1,-1,3,1,1,0,0,-1,0,-1
15214,74.01467162,15.33614832,1,3,2,4,6,08:20,6,E09000011,6,0,6,30,3,4,3,2016,0,0,1,1,1,0,0,1,1,E01001630,11-03-2018,1,1,1,1,89,11,3,0,0,0,0,-1,9,3
15215,73.98980367,15.30843884,1,3,2,1,6,13:30,6,E09000011,5,0,6,30,6,4,6,0,0,0,1,1,1,0,0,1,1,E01001604,11-03-2018,2,2,1,2,32,6,3,0,0,0,0,-1,19,1
15216,73.98228195,15.19878471,1,3,2,1,7,10:13,6,E09000011,3,2,6,30,6,2,4,212,0,5,1,1,1,0,0,1,1,E01003200,12-03-2018,1,1,3,2,43,7,3,6,9,0,0,-1,0,1
15217,74.01583457,15.25061903,1,3,1,1,1,22:05,6,E09000011,6,0,6,30,3,4,6,0,0,0,4,1,1,0,0,1,1,E01001571,13-03-2018,3,1,1,1,27,6,3,0,0,0,0,-1,9,1
15218,73.96469868,15.31722726,1,3,2,1,4,07:04,6,E09000011,3,20,3,40,0,-1,-1,0,0,0,1,1,2,0,0,1,1,E01001658,02-03-2018,3,2,2,2,28,6,2,0,0,1,0,-1,9,1
15219,74.07589488,15.26459095,1,3,2,1,6,00:01,6,E09000011,5,0,6,30,3,4,6,0,0,1,4,1,1,0,0,1,1,E01001683,18-02-2018,2,1,1,2,49,8,3,0,0,0,0,-1,9,1
15220,74.01664891,15.22821152,1,3,1,1,4,16:15,6,E09000011,3,2,6,30,6,2,3,2211,0,0,1,1,1,0,0,1,1,E01001644,09-03-2018,1,1,1,1,24,5,3,0,0,0,0,-1,11,1
15221,74.12437202,15.3367031,1,3,3,1,6,06:23,6,E09000011,3,102,6,30,0,-1,-1,0,0,0,4,1,1,0,0,1,1,,11-03-2018,1,1,1,2,39,7,3,0,0,0,0,-1,11,1
15222,74.09179152,15.22000277,1,3,1,1,1,00:25,6,E09000011,3,206,3,30,3,4,6,0,0,4,4,1,1,0,0,1,1,E01001629,13-03-2018,1,2,2,2,72,10,3,0,0,0,4,-1,11,1
15223,74.0398761,15.34086503,1,3,2,1,5,15:51,6,E09000011,3,206,6,30,3,4,6,0,0,0,1,1,1,0,0,1,1,E01001668,17-03-2018,2,1,1,1,55,8,3,0,0,0,0,-1,9,1
15224,74.12690266,15.26953037,1,3,2,1,2,16:15,6,E09000011,3,20,3,50,7,2,5,0,0,5,1,4,1,0,0,1,3,E01001600,28-02-2018,1,1,1,2,26,6,3,0,0,0,0,-1,9,1
15225,74.04095192,15.34298399,1,3,1,1,1,13:00,6,E09000011,6,0,6,30,3,4,6,0,0,0,1,1,1,0,0,1,2,E01001675,06-03-2018,1,1,3,1,53,8,3,4,1,0,0,-1,0,1
15226,74.01233143,15.24475066,1,3,1,1,2,13:05,6,E09000011,3,20,6,30,3,4,6,0,0,0,1,1,1,0,0,1,1,E01001658,14-03-2018,1,2,2,1,7,2,3,0,0,2,0,-1,9,1
15227,74.07441991,15.34270219,1,3,2,1,3,08:03,6,E09000011,3,2,3,50,0,-1,-1,0,0,0,1,1,1,0,0,1,1,E01001582,15-03-2018,2,1,1,2,18,4,3,0,0,0,0,-1,9,1
15228,74.11734084,15.25422654,1,3,2,1,3,07:10,6,E09000011,3,20,3,40,3,4,6,0,0,0,1,1,1,0,0,1,1,E01001598,15-03-2018,1,2,1,1,59,9,3,0,0,0,0,-1,9,1
15229,73.99827404,15.31344861,1,3,3,1,3,06:35,6,E09000011,3,2,3,50,5,4,6,0,0,0,1,1,1,0,0,1,1,E01001583,15-03-2018,2,1,1,1,27,6,3,0,0,0,0,-1,9,1
15230,74.14601651,15.31619702,1,3,2,1,2,14:55,6,E09000011,3,210,6,30,3,4,6,0,0,0,1,1,1,0,0,1,1,E01001615,21-03-2018,2,1,1,1,28,6,3,0,0,0,0,-1,9,1
15231,74.05705392,15.17858864,1,3,2,1,6,18:30,6,E09000011,3,210,6,30,3,4,6,0,0,1,4,1,1,0,0,1,1,E01001615,18-03-2018,2,2,2,2,26,6,2,0,0,1,0,-1,9,1
15232,74.14319144,15.3332945,1,3,2,1,2,18:45,19,E09000006,3,208,6,30,3,4,6,0,0,0,4,1,1,0,0,1,1,E01000780,21-03-2018,2,1,1,2,34,6,3,0,0,0,0,-1,9,1
15233,73.97308622,15.22543565,1,3,2,1,3,09:00,18,E09000004,3,221,7,30,0,-1,-1,0,0,0,1,8,2,0,0,1,1,E01000390,22-02-2018,1,1,1,1,14,3,3,0,0,0,0,-1,1,-1
15234,74.02612204,15.33199988,1,3,1,1,5,08:50,6,E09000011,3,206,6,30,0,-1,-1,0,0,1,1,1,1,0,0,1,1,E01001673,03-03-2018,1,1,1,1,37,7,3,0,0,0,0,-1,9,1