Accident_Index,longitude,latitude,Police_Force,Accident_Severity,Number_of_Vehicles,Number_of_Casualties,Day_of_Week,Time,Local_Authority_(District),Local_Authority_(Highway),1st_Road_Class,1st_Road_Number,Road_Type,Speed_limit,Junction_Detail,Junction_Control,2nd_Road_Class,2nd_Road_Number,Pedestrian_Crossing-Human_Control,Pedestrian_Crossing-Physical_Facilities,Light_Conditions,Weather_Conditions,Road_Surface_Conditions,Special_Conditions_at_Site,Carriageway_Hazards,Urban_or_Rural_Area,Did_Police_Officer_Attend_Scene_of_Accident,LSOA_of_Accident_Location,Date,Vehicle_Reference,Casualty_Reference,Casualty_Class,Sex_of_Casualty,Age_of_Casualty,Age_Band_of_Casualty,Casualty_Severity,Pedestrian_Location,Pedestrian_Movement,Car_Passenger,Bus_or_Coach_Passenger,Pedestrian_Road_Maintenance_Worker,Casualty_Type,Casualty_Home_Area_Type
15235,74.06422554,15.18356751,1,3,2,1,7,22:30,6,E09000011,5,0,1,30,1,4,5,0,0,1,4,1,1,0,0,1,1,E01001635,05-03-2018,2,1,1,1,43,7,3,0,0,0,0,-1,9,-1
15236,73.962452,15.182707,1,3,1,1,4,19:40,6,E09000011,3,205,6,30,0,-1,-1,0,0,0,4,1,2,0,0,1,1,E01001707,16-03-2018,2,2,2,2,37,7,3,0,0,1,0,-1,9,-1
15237,74.11315621,15.19012257,1,3,1,1,3,16:00,6,E09000011,3,205,6,30,6,2,5,0,0,5,1,1,1,0,0,1,1,E01001701,22-03-2018,2,1,1,1,27,6,3,0,0,0,0,-1,1,1
15238,74.04320519,15.30116554,1,2,1,1,5,09:30,6,E09000011,6,0,6,30,9,4,6,0,0,0,1,1,1,0,0,1,1,E01001644,24-03-2018,1,1,3,1,83,11,3,5,9,0,0,-1,0,1
15239,74.07149004,15.28488747,1,3,2,1,4,15:30,6,E09000011,3,205,6,30,3,4,5,0,0,1,1,1,1,0,0,1,3,E01001621,23-03-2018,2,1,1,2,51,8,2,0,0,0,0,-1,9,1
15240,74.12211455,15.19900797,1,3,2,2,3,11:55,19,E09000006,3,208,6,30,3,4,3,208,0,0,1,1,1,0,0,1,2,E01000779,29-03-2018,2,1,1,1,36,7,3,0,0,0,0,-1,5,1
15241,74.1437973,15.23809685,1,3,2,1,3,16:46,6,E09000011,3,206,6,30,3,4,6,0,0,1,1,1,1,0,0,1,1,E01001666,22-03-2018,1,1,1,1,74,10,3,0,0,0,0,-1,9,1
15242,74.00146342,15.26157161,1,3,1,1,5,17:50,6,E09000011,3,206,6,30,3,4,6,0,0,0,1,1,1,0,0,1,1,E01001662,24-03-2018,2,2,1,1,-1,-1,3,0,0,0,0,-1,19,1
15243,74.02280715,15.29910346,1,3,2,2,3,14:54,6,E09000011,3,2041,6,30,3,4,6,0,0,0,1,1,1,0,0,1,1,E01001577,29-03-2018,1,1,1,2,28,6,3,0,0,0,0,-1,90,2
15244,74.0696058,15.22922036,1,3,2,1,4,17:31,6,E09000011,6,0,6,30,8,4,6,0,0,0,1,1,1,0,0,1,1,E01001663,30-03-2018,1,1,1,2,21,5,3,0,0,0,0,-1,9,-1
15245,74.11476491,15.25814672,1,3,3,1,1,15:45,6,E09000011,5,0,6,30,0,-1,-1,0,0,0,1,1,1,0,0,1,1,E01001697,27-03-2018,2,2,2,2,26,6,3,0,0,1,0,-1,9,1
15246,73.97934036,15.23385701,1,2,1,1,1,03:28,18,E09000004,5,0,6,30,0,-1,-1,0,0,0,4,7,2,0,0,1,1,E01000403,27-03-2018,1,1,2,2,19,4,3,0,0,2,0,-1,9,1
15247,74.05504722,15.31695622,1,3,2,1,3,15:20,6,E09000011,3,2,1,30,1,4,6,0,0,0,1,1,1,0,0,1,2,E01001583,08-03-2018,1,2,2,2,22,5,3,0,0,2,0,-1,9,1
15248,74.12595567,15.3287438,1,3,2,1,2,18:55,6,E09000011,3,206,6,30,6,4,6,0,0,0,4,1,1,0,0,1,1,E01001664,28-03-2018,1,3,1,2,20,4,2,0,0,0,0,-1,9,-1
15249,74.10930943,15.36621825,1,3,3,1,6,14:01,6,E09000011,3,2052,6,30,8,2,6,0,0,5,1,1,1,0,0,1,1,E01001667,01-04-2018,1,4,2,2,-1,-1,2,0,0,1,0,-1,9,1
15250,74.15081165,15.2203852,1,3,1,1,6,15:10,6,E09000011,6,0,6,30,0,-1,-1,0,0,0,1,1,1,0,0,1,1,E01001707,01-04-2018,1,1,1,1,42,7,2,0,0,0,0,-1,5,1
15251,73.98547231,15.20812951,1,3,1,1,7,15:36,6,E09000011,3,206,6,30,0,-1,-1,0,0,4,1,1,1,0,0,1,1,E01001707,02-04-2018,1,1,1,1,25,5,3,0,0,0,0,-1,3,1
15252,73.9946695,15.32599633,1,3,2,1,7,17:10,6,E09000011,6,0,6,30,0,-1,-1,0,0,0,1,1,1,0,0,1,1,E01001663,02-04-2018,2,1,1,1,38,7,2,0,0,0,0,-1,20,1
15253,74.00649701,15.33661826,1,3,1,1,1,19:00,6,E09000011,6,0,6,30,0,-1,-1,0,0,0,1,1,1,0,0,1,1,E01001713,03-04-2018,1,1,1,1,44,7,3,0,0,0,0,-1,9,1
15254,73.98514552,15.1899784,1,3,2,1,3,18:45,6,E09000011,3,20,6,30,0,-1,-1,0,0,0,1,1,1,0,0,1,1,E01001659,05-04-2018,1,1,3,2,57,9,3,5,3,0,0,-1,0,1
15255,74.09821899,15.17552295,1,3,2,1,7,19:05,6,E09000011,4,263,6,30,3,4,6,0,0,0,1,1,1,0,0,1,1,E01001596,09-04-2018,1,1,1,1,54,8,3,0,0,0,0,-1,5,1
15256,74.03020185,15.29516419,1,3,1,1,2,09:15,6,E09000011,3,2213,6,30,3,4,6,0,0,4,1,1,1,0,0,1,1,E01001658,11-04-2018,1,1,1,1,20,4,3,0,0,0,0,-1,3,-1
15257,73.9635203,15.19570683,1,3,2,2,6,11:45,6,E09000011,3,208,6,30,0,-1,-1,0,0,0,1,1,1,0,0,1,1,E01001615,01-04-2018,1,1,1,1,35,6,2,0,0,0,0,-1,3,1
15258,74.08953329,15.2152315,1,2,3,1,7,20:20,6,E09000011,3,211,6,30,3,4,6,0,0,0,4,1,1,0,0,1,1,E01001617,02-04-2018,1,1,3,2,-1,-1,3,6,9,0,0,-1,0,1
15259,74.04393226,15.23942738,1,3,2,1,7,11:30,6,E09000011,3,208,6,30,3,4,6,0,0,0,1,1,1,0,0,1,1,E01001615,02-04-2018,1,1,3,2,47,8,3,5,1,0,0,-1,0,1
15260,73.99749054,15.19359743,1,3,2,1,5,12:09,6,E09000011,6,0,6,30,3,4,3,205,0,0,1,1,1,0,0,1,1,E01001707,07-04-2018,1,1,3,2,81,11,3,5,1,0,0,-1,0,1
15261,74.10444704,15.30035301,1,3,2,1,5,19:25,6,E09000011,5,0,6,30,0,-1,-1,0,0,0,1,1,1,0,0,1,1,E01001695,14-04-2018,1,1,1,1,22,5,3,0,0,0,0,-1,9,1
15262,74.01118101,15.22373746,1,3,2,2,1,21:20,18,E09000004,5,0,6,30,0,-1,-1,0,0,0,4,1,1,0,0,1,1,E01000399,10-04-2018,1,2,2,2,18,4,3,0,0,1,0,-1,9,1
15263,74.12289192,15.32614173,1,3,3,1,6,19:33,6,E09000011,6,0,6,30,3,4,3,20,0,0,4,2,2,0,0,1,1,E01001658,15-04-2018,1,1,1,2,43,7,3,0,0,0,0,-1,9,1
15264,74.08493252,15.21302863,1,3,1,1,2,12:15,6,E09000011,6,0,6,30,0,-1,-1,0,0,0,1,1,1,0,0,1,1,E01001618,18-04-2018,2,1,1,1,25,5,2,0,0,0,0,-1,9,-1
15265,73.9715283,15.23688013,1,3,2,1,3,10:45,6,E09000011,6,0,6,30,0,-1,-1,0,0,0,1,2,2,0,0,1,2,E01001707,22-03-2018,2,1,2,2,21,5,3,0,0,2,0,-1,9,1
15266,74.14933607,15.20071831,1,3,2,1,4,16:45,6,E09000011,3,206,6,30,3,4,6,0,0,1,1,1,1,0,0,1,2,E01001677,09-03-2018,1,1,1,1,38,7,3,0,0,0,0,-1,9,1
15267,74.01098185,15.22443451,1,3,1,1,4,05:50,6,E09000011,3,2041,1,30,1,4,3,2016,0,0,4,2,2,0,0,1,2,E01001693,30-03-2018,1,1,1,2,19,4,3,0,0,0,0,-1,9,1
15268,73.98893939,15.29648867,1,3,2,1,6,07:05,6,E09000011,3,206,6,30,3,4,6,0,0,1,1,1,1,0,0,1,2,E01001676,08-04-2018,1,1,1,1,45,7,3,0,0,0,0,-1,9,1
15269,74.07076532,15.3410554,1,3,2,1,6,16:07,6,E09000011,3,207,6,30,3,4,6,0,0,4,1,1,1,0,0,1,2,E01001651,08-04-2018,1,1,3,1,37,7,3,6,9,0,0,-1,0,-1
15270,73.99836987,15.18768023,1,3,2,1,7,16:50,6,E09000011,3,20,6,30,3,4,6,0,0,0,1,1,1,0,0,1,1,E01001659,02-04-2018,1,1,2,1,26,6,3,0,0,1,0,-1,9,1
15271,73.96328848,15.36042164,1,3,2,2,4,22:09,6,E09000011,3,211,6,30,6,2,5,0,0,5,4,1,1,0,0,1,1,E01001600,13-04-2018,2,2,1,1,41,7,3,0,0,0,0,-1,9,1
15272,74.12744557,15.18497298,1,3,1,1,5,16:20,6,E09000011,6,0,6,30,6,4,6,0,0,0,1,1,1,0,0,1,1,E01001706,14-04-2018,1,1,1,1,18,4,3,0,0,0,0,-1,3,1
15273,74.00715473,15.33239467,1,3,4,2,7,11:00,6,E09000011,3,205,6,30,6,2,3,207,0,5,1,1,1,0,0,1,1,E01001648,16-04-2018,1,1,1,2,54,8,3,0,0,0,0,-1,9,1
15274,74.06785578,15.24258625,1,3,1,1,1,16:30,6,E09000011,3,200,2,30,3,2,3,206,0,5,1,1,1,0,0,1,1,E01001641,17-04-2018,1,1,1,2,33,6,3,0,0,0,0,-1,9,1
15275,74.06255473,15.35483679,1,3,3,2,2,13:30,6,E09000011,3,206,1,30,1,4,6,0,0,0,1,1,1,0,0,1,1,E01001709,18-04-2018,2,2,1,1,40,7,3,0,0,0,0,-1,9,1
15276,74.04047418,15.36608438,1,3,3,1,5,23:17,6,E09000011,3,2016,6,30,0,-1,-1,0,0,0,4,2,2,0,0,1,2,E01001691,07-04-2018,1,1,1,1,23,5,3,0,0,0,0,-1,1,1
15277,74.02313666,15.3081765,1,3,2,1,1,19:50,6,E09000011,3,206,6,30,3,4,6,0,0,0,4,2,2,0,0,1,2,E01001664,17-04-2018,1,1,3,2,46,8,3,5,1,0,0,-1,0,-1
15278,74.14075802,15.27601699,1,3,1,1,6,17:15,6,E09000011,3,2,6,30,0,-1,-1,0,0,0,1,1,1,4,0,1,2,E01001644,22-04-2018,1,1,1,2,-1,-1,3,0,0,0,0,-1,9,1
15279,74.14383941,15.32339632,1,3,1,1,4,12:15,6,E09000011,6,0,6,30,6,4,3,205,0,1,1,1,1,0,0,1,1,E01001707,06-04-2018,1,1,2,2,-1,-1,3,0,0,1,0,-1,9,1
15280,74.05463083,15.26222146,1,3,2,1,7,01:25,6,E09000011,3,20,6,30,0,-1,-1,0,0,8,4,1,1,0,0,1,1,E01001658,09-04-2018,2,1,1,2,31,6,3,0,0,0,0,-1,9,1
15281,74.02708092,15.35050703,1,3,1,1,6,11:15,6,E09000011,3,208,6,30,6,2,3,210,0,5,1,2,2,0,0,1,1,E01001615,15-04-2018,1,1,3,2,14,3,2,5,1,0,0,-1,0,1
15282,74.08473888,15.35554758,1,3,2,2,4,22:45,6,E09000011,3,210,3,30,0,-1,-1,0,0,0,4,1,1,0,0,1,1,E01001615,20-04-2018,1,1,1,2,-1,-1,3,0,0,0,0,-1,9,1
15283,74.14123571,15.18730933,1,3,1,1,4,15:30,6,E09000011,3,2,6,30,0,-1,-1,0,0,0,1,1,1,0,0,1,1,E01001642,20-04-2018,1,2,2,1,-1,-1,3,0,0,1,0,-1,9,-1
15284,74.02834492,15.36270643,1,3,3,1,6,15:05,6,E09000011,4,210,6,30,0,-1,-1,0,0,0,1,1,1,0,0,1,1,E01001591,22-04-2018,1,1,2,1,29,6,2,0,0,1,0,-1,9,1
15285,73.96818638,15.36674916,1,3,3,1,6,13:38,6,E09000011,3,210,6,30,3,4,6,0,0,0,1,1,1,0,0,1,1,E01001661,22-04-2018,1,2,1,1,23,5,3,0,0,0,0,-1,9,-1
15286,74.14592587,15.35576339,1,3,4,3,3,08:10,6,E09000011,5,0,6,30,2,4,6,0,0,0,1,1,1,0,0,1,1,E01001698,26-04-2018,1,3,2,2,40,7,3,0,0,2,0,-1,9,-1
15287,74.10414172,15.24869358,1,3,2,1,3,23:10,6,E09000011,5,0,6,30,6,2,6,0,0,5,4,2,2,0,0,1,1,E01001701,26-04-2018,1,1,3,1,60,9,3,6,9,0,0,-1,0,1
15288,74.1045021,15.31413917,1,3,1,1,6,15:05,6,E09000011,3,210,6,30,0,-1,-1,0,0,0,1,1,1,0,0,1,1,E01001615,29-04-2018,1,1,1,1,29,6,3,0,0,0,0,-1,9,1
15289,73.98915785,15.32617484,1,3,2,1,7,19:20,6,E09000011,3,20,1,30,1,4,3,205,0,4,1,1,1,0,0,1,1,E01001660,30-04-2018,1,1,1,1,80,11,3,0,0,0,0,-1,9,1
15290,73.96451482,15.26536023,1,3,2,2,2,23:40,6,E09000011,3,205,6,30,6,2,3,207,0,5,4,1,1,0,0,1,1,E01001648,11-04-2018,1,1,1,2,19,4,3,0,0,0,0,-1,9,1
15291,74.10762803,15.22400301,1,3,1,1,7,18:00,6,E09000011,6,0,6,30,0,-1,-1,0,0,0,1,1,1,0,0,1,1,E01001651,05-02-2018,1,1,2,2,83,11,3,0,0,0,3,-1,11,1
15292,74.05828461,15.28989634,1,3,3,1,5,14:00,6,E09000011,3,2016,1,30,1,4,3,2041,0,0,1,1,1,0,0,1,2,E01001689,07-04-2018,1,1,1,1,49,8,3,0,0,0,0,-1,5,1
15293,74.00004088,15.36232435,1,3,2,1,4,15:48,6,E09000011,3,207,6,30,3,4,6,0,0,0,1,1,1,0,0,1,1,E01001682,13-04-2018,2,1,1,1,-1,-1,3,0,0,0,0,-1,2,-1
15294,74.00595009,15.29816093,1,3,1,1,7,10:23,6,E09000011,3,210,6,30,3,4,6,0,0,0,1,1,1,0,0,1,1,E01001613,16-04-2018,1,1,2,2,82,11,3,0,0,0,4,-1,11,1
15295,74.01867651,15.21488191,1,3,1,1,4,14:48,6,E09000011,4,210,6,30,6,2,6,0,0,0,1,1,1,0,0,1,1,E01001699,20-04-2018,1,1,1,2,20,4,3,0,0,0,0,-1,9,1
15296,73.98863534,15.31302235,1,3,1,1,5,16:05,6,E09000011,6,0,6,30,6,4,6,0,0,0,1,1,1,0,0,1,1,E01001706,21-04-2018,1,1,3,1,51,8,2,1,1,0,0,-1,0,1
15297,74.06042335,15.19359983,1,3,2,2,2,21:00,6,E09000011,3,206,6,30,0,-1,-1,0,0,1,4,1,1,0,0,1,1,E01001673,25-04-2018,1,1,3,1,-1,-1,3,1,3,0,0,-1,0,-1
15298,74.07026384,15.20414757,1,3,2,1,3,16:08,6,E09000011,6,0,6,30,3,4,6,0,0,0,1,1,1,0,0,1,1,E01001589,26-04-2018,1,1,1,1,18,4,3,0,0,0,0,-1,9,1
15299,73.97659758,15.24456799,1,3,2,1,3,19:52,18,E09000004,3,2041,6,30,0,-1,-1,0,0,0,1,1,1,0,0,1,1,E01001574,19-04-2018,1,1,1,1,29,6,3,0,0,0,0,-1,1,1
15300,74.07661075,15.21731838,1,3,2,1,1,13:50,6,E09000011,6,0,6,30,0,-1,-1,0,0,0,1,1,1,0,0,1,1,E01001678,24-04-2018,1,1,1,1,24,5,3,0,0,0,0,-1,5,1
15301,74.13776078,15.33324319,1,2,1,1,6,17:08,6,E09000011,3,208,6,30,0,-1,-1,0,0,0,1,1,1,0,0,1,1,E01001607,29-04-2018,1,1,1,1,38,7,3,0,0,0,0,-1,5,1
15302,74.14644666,15.29464571,1,3,2,1,6,07:30,6,E09000011,3,2016,6,30,0,-1,-1,0,0,0,1,1,1,0,0,1,1,E01001687,29-04-2018,1,1,1,1,22,5,2,0,0,0,0,-1,5,1
15303,74.06151352,15.29950381,1,3,2,1,6,13:15,6,E09000011,3,205,1,30,1,4,3,20,0,0,1,1,1,0,0,1,1,E01001660,29-04-2018,1,1,1,2,39,7,3,0,0,0,0,-1,9,1
15304,74.11013898,15.28552531,1,3,2,1,7,12:24,6,E09000011,3,20,6,30,0,-1,-1,0,0,0,1,1,1,0,0,1,1,E01001658,30-04-2018,1,2,2,1,9,2,3,0,0,1,0,-1,9,1
15305,74.09094773,15.34918557,1,3,2,3,1,03:30,7,E09000023,3,2,6,30,3,4,6,0,0,0,4,1,2,0,0,1,1,E01003200,01-05-2018,1,1,2,2,29,6,3,0,0,0,4,-1,11,1
15306,74.13114032,15.21508942,1,2,2,3,2,18:04,6,E09000011,3,205,6,30,3,4,3,205,0,0,1,1,1,0,0,1,1,E01001699,02-05-2018,1,1,1,2,41,7,2,0,0,0,0,-1,5,1
15307,74.11792887,15.19115731,1,3,1,1,3,15:50,6,E09000011,5,0,6,30,3,2,3,205,0,5,1,1,1,0,0,1,1,E01001610,03-05-2018,3,1,1,1,57,9,3,0,0,0,0,-1,9,1
15308,73.96273783,15.21297793,1,3,2,1,3,18:00,6,E09000011,3,206,6,30,6,2,6,0,0,5,1,1,1,0,0,1,1,E01001643,03-05-2018,3,2,2,2,36,7,3,0,0,1,0,-1,9,1
15309,73.97297436,15.27016538,1,3,1,1,4,14:59,6,E09000011,3,2,6,30,6,2,3,2211,0,5,1,1,1,0,0,1,1,E01001644,04-05-2018,1,1,1,1,29,6,3,0,0,0,0,-1,1,-1
15310,74.0065601,15.35483046,1,3,2,1,4,16:33,6,E09000011,3,20,6,30,0,-1,-1,0,0,0,1,1,1,0,0,1,1,E01001658,04-05-2018,1,1,1,1,71,10,3,0,0,0,0,-1,9,1
15311,73.99995252,15.17847314,1,3,2,1,5,06:28,6,E09000011,5,0,6,30,6,2,5,0,0,5,1,1,1,0,0,1,1,E01001700,05-05-2018,1,1,1,2,34,6,2,0,0,0,0,-1,9,1
15312,74.13850004,15.30534782,1,3,2,3,5,14:37,6,E09000011,6,0,6,30,3,4,6,0,0,0,1,1,1,0,0,1,1,E01001649,05-05-2018,1,2,2,2,28,6,3,0,0,1,0,-1,9,1
15313,74.1266703,15.22896107,1,3,2,1,5,12:45,6,E09000011,3,205,6,30,1,4,3,206,0,0,1,1,1,0,0,1,1,E01001707,05-05-2018,2,1,2,1,48,8,3,0,0,1,0,-1,9,1
15314,74.10527025,15.33741368,1,3,2,1,7,16:20,6,E09000011,5,0,6,30,0,-1,-1,0,0,0,1,1,1,0,0,1,1,E01001589,07-05-2018,1,1,1,1,-1,-1,3,0,0,0,0,-1,5,1
15315,73.9528782,15.30231167,1,3,1,1,6,19:33,6,E09000011,3,206,6,30,0,-1,-1,0,0,0,4,1,1,0,0,1,1,E01001712,06-05-2018,1,1,1,2,18,4,3,0,0,0,0,-1,9,-1
15316,74.0825777,15.17660073,1,3,1,1,2,07:10,6,E09000011,3,210,6,30,0,-1,-1,0,0,0,1,1,1,0,0,1,1,E01001615,09-05-2018,1,1,1,1,43,7,3,0,0,0,0,-1,9,-1
15317,74.13536865,15.23924922,1,3,3,1,6,03:40,6,E09000011,6,0,6,30,0,-1,-1,0,0,0,4,1,1,0,0,1,1,E01001648,08-04-2018,1,1,1,1,48,8,3,0,0,0,0,-1,9,-1
15318,74.06606907,15.19114551,1,3,2,1,1,14:40,6,E09000011,3,20,1,30,1,4,3,205,0,0,1,1,1,0,0,1,2,E01001660,10-04-2018,1,1,1,2,24,5,3,0,0,0,0,-1,9,1
15319,74.03748074,15.24686492,1,3,2,1,5,23:30,6,E09000011,3,2,3,40,0,-1,-1,0,0,0,4,1,1,0,0,1,2,E01001582,21-04-2018,1,1,3,2,78,11,2,4,4,0,0,-1,0,1
15320,73.95884534,15.30107988,1,3,2,1,1,18:30,6,E09000011,3,205,1,30,1,4,3,210,0,4,1,1,1,0,0,1,2,E01001661,24-04-2018,1,2,1,1,22,5,3,0,0,0,0,-1,3,-1
15321,73.96261368,15.24707066,1,3,2,1,7,04:00,6,E09000011,6,0,6,30,3,4,6,0,0,0,4,1,1,0,0,1,2,E01001678,30-04-2018,2,1,1,2,47,8,3,0,0,0,0,-1,9,1
15322,74.04164074,15.31410013,1,3,2,1,3,09:00,6,E09000011,6,0,6,30,0,-1,-1,0,0,0,1,1,1,0,0,1,2,E01001637,03-05-2018,1,1,1,1,33,6,2,0,0,0,0,-1,5,1
15323,74.12326046,15.24983826,1,3,3,1,5,12:30,6,E09000011,4,210,6,30,0,-1,-1,0,0,0,1,1,1,0,0,1,2,E01001593,05-05-2018,1,1,3,1,85,11,3,1,3,0,0,-1,0,-1
15324,74.13744948,15.32807896,1,3,2,1,7,16:15,6,E09000011,4,212,6,30,0,-1,-1,0,0,0,1,1,1,0,0,1,1,E01001580,30-04-2018,1,1,1,1,30,6,3,0,0,0,0,-1,5,1
15325,74.14414249,15.28657489,1,3,4,1,1,01:08,6,E09000011,3,102,6,30,3,4,3,102,0,0,4,1,1,0,0,1,1,E01001667,17-04-2018,1,1,2,2,13,3,3,0,0,1,0,-1,9,-1
15326,74.12271132,15.31279681,1,3,1,1,3,12:15,6,E09000011,6,0,6,30,3,4,3,20,0,0,1,1,1,0,0,1,1,E01001653,26-04-2018,2,2,1,1,49,8,3,0,0,0,0,-1,9,1
15327,73.98803998,15.29413335,1,3,2,1,6,12:59,7,E09000023,4,212,6,30,0,-1,-1,0,0,0,1,1,1,0,0,1,1,E01003202,13-05-2018,2,3,2,1,28,6,3,0,0,1,0,-1,9,1
15328,73.96747344,15.28902437,1,3,2,2,5,06:45,6,E09000011,3,2,3,50,0,-1,-1,0,0,0,1,1,1,0,0,1,1,E01001621,28-04-2018,1,1,1,2,44,7,3,0,0,0,0,-1,9,1
15329,74.12040131,15.28563209,1,3,1,1,5,16:11,6,E09000011,3,102,6,30,0,-1,-1,0,0,0,1,1,1,0,0,1,1,E01001667,28-04-2018,1,1,1,2,23,5,3,0,0,0,0,-1,9,1
15330,74.12657873,15.29697347,1,3,1,1,5,14:31,6,E09000011,3,206,6,30,3,2,6,0,0,5,1,1,1,0,0,1,1,E01001629,28-04-2018,1,1,1,2,19,4,3,0,0,0,0,-1,9,1
15331,74.10352098,15.26074268,1,3,1,1,6,15:53,6,E09000011,6,0,6,30,6,4,6,0,0,0,1,1,1,0,0,1,1,E01001606,29-04-2018,2,2,1,1,46,8,3,0,0,0,0,-1,9,1
15332,73.99590654,15.18004857,1,3,2,1,3,16:40,6,E09000011,3,210,6,30,3,4,6,0,0,0,1,1,1,0,0,1,1,E01001613,19-04-2018,1,1,2,2,-1,-1,3,0,0,0,3,-1,11,-1
15333,74.00650832,15.35012322,1,3,2,2,7,08:28,6,E09000011,6,0,6,30,0,-1,-1,0,0,0,1,1,1,0,0,1,1,E01001642,30-04-2018,1,1,1,2,38,7,3,0,0,0,0,-1,9,1
15334,74.01272851,15.23219814,1,3,5,4,2,17:37,6,E09000011,3,206,3,30,0,-1,-1,0,0,4,1,1,1,0,0,1,1,E01001629,02-05-2018,1,1,1,1,29,6,3,0,0,0,0,-1,9,1
15335,74.13906813,15.19221083,1,3,2,1,2,17:15,6,E09000011,3,206,3,30,0,-1,-1,0,0,4,1,1,1,0,0,1,1,E01001631,02-05-2018,1,1,1,2,32,6,3,0,0,0,0,-1,9,1
15336,73.95500661,15.30867929,1,3,2,1,6,09:11,6,E09000011,6,0,6,30,0,-1,-1,0,0,0,1,1,1,0,0,1,1,E01001622,06-05-2018,1,1,1,2,40,7,3,0,0,0,0,-1,9,1
15337,74.04644884,15.30351242,1,2,2,1,3,15:23,6,E09000011,3,2016,3,50,9,2,6,0,0,0,1,1,1,0,0,1,1,E01001691,17-05-2018,1,1,3,1,15,3,2,5,2,0,0,-1,0,1
15338,74.037978,15.349397,1,3,2,1,4,16:30,6,E09000011,3,205,2,30,6,2,6,0,0,0,1,1,1,0,0,1,1,E01001696,11-05-2018,1,1,1,1,21,5,3,0,0,0,0,-1,9,1
15339,74.09581568,15.18198782,1,3,1,1,5,15:48,6,E09000011,3,206,6,30,3,4,6,0,0,0,1,1,1,0,0,1,1,E01001673,05-05-2018,1,1,1,1,27,6,3,0,0,0,0,-1,9,1
15340,74.0020802,15.31718508,1,3,2,1,5,05:30,6,E09000011,3,20,9,30,9,4,6,0,0,0,1,1,1,0,0,1,1,E01001660,05-05-2018,1,1,3,1,-1,-1,3,9,5,0,0,-1,0,-1
15341,73.994346,15.30949501,1,3,1,1,1,08:28,6,E09000011,6,0,6,30,0,-1,-1,0,0,0,1,1,1,0,2,1,1,E01001587,08-05-2018,1,1,1,1,-1,-1,3,0,0,0,0,-1,9,-1
15342,74.02739231,15.23418225,1,3,2,1,1,23:30,6,E09000011,6,0,6,30,6,4,6,0,0,0,4,1,1,0,0,1,1,E01001674,08-05-2018,1,1,2,2,-1,-1,3,0,0,0,2,-1,11,-1
15343,74.13616064,15.32374563,1,3,2,1,2,07:20,6,E09000011,3,206,6,30,1,4,6,0,0,0,1,1,1,0,0,1,1,E01001709,09-05-2018,1,1,1,2,45,7,3,0,0,0,0,-1,9,1
15344,74.12697086,15.17870887,1,3,2,1,3,14:20,6,E09000011,3,205,1,30,1,4,3,205,0,0,1,1,1,0,0,1,1,E01001661,10-05-2018,2,2,2,2,30,6,3,0,0,2,0,-1,9,3
15345,74.11258039,15.18437797,1,3,1,1,5,08:00,6,E09000011,6,0,6,30,3,4,6,0,0,0,1,1,1,0,0,1,1,E01001642,28-04-2018,2,3,2,1,-1,-1,3,0,0,2,0,-1,9,3
15346,74.09874828,15.27580731,1,3,2,1,2,17:30,6,E09000011,3,2,3,50,0,-1,-1,0,0,0,1,1,1,0,0,1,1,E01001625,23-05-2018,1,1,1,1,46,8,3,0,0,0,0,-1,9,1
15347,74.08630739,15.26732867,1,3,2,1,6,11:00,6,E09000011,3,20,6,30,3,4,6,0,0,0,1,1,1,0,0,1,1,E01001659,29-04-2018,2,2,1,2,37,7,3,0,0,0,0,-1,9,1
15348,74.09444197,15.2146982,1,3,1,1,2,14:25,6,E09000011,3,210,6,30,0,-1,-1,0,0,0,1,1,1,0,0,1,2,E01001613,09-05-2018,1,1,2,1,-1,-1,3,0,0,1,0,-1,9,1
15349,74.08322758,15.26329536,1,3,3,1,2,16:55,6,E09000011,3,206,6,30,6,4,3,206,0,0,1,1,1,0,0,1,1,E01001663,23-05-2018,1,2,1,1,17,4,3,0,0,0,0,-1,9,1
15350,74.06786277,15.36672318,1,3,2,1,1,10:40,6,E09000011,3,210,6,30,0,-1,-1,0,0,0,1,1,1,0,0,1,2,E01001615,15-05-2018,1,1,3,1,18,4,3,9,5,0,0,-1,0,1
15351,73.96440435,15.21550185,1,3,2,1,6,22:00,6,E09000011,3,205,6,30,3,4,3,205,0,0,4,1,1,0,0,1,2,E01001696,20-05-2018,1,1,1,1,28,6,3,0,0,0,0,-1,9,1
15352,73.97709514,15.31844194,1,3,2,1,6,21:30,6,E09000011,3,205,6,30,3,4,6,0,0,0,4,1,1,0,0,1,2,E01001696,20-05-2018,2,1,1,1,20,4,3,0,0,0,0,-1,3,1
15353,74.1121715,15.28506316,1,3,2,1,2,19:00,6,E09000011,3,2,6,30,0,-1,-1,0,0,0,1,1,1,0,0,1,2,E01001644,23-05-2018,2,1,1,2,18,4,3,0,0,0,0,-1,9,1
15354,74.06084521,15.21926734,1,3,2,1,3,11:12,6,E09000011,3,2041,1,30,1,4,6,0,0,0,1,1,1,0,0,1,1,E01001690,24-05-2018,1,1,1,2,75,10,3,0,0,0,0,-1,9,1
15355,73.96764723,15.2167628,1,2,1,1,6,08:45,6,E09000011,6,0,6,30,0,-1,-1,0,0,0,1,2,2,0,0,1,1,E01001688,20-05-2018,2,1,1,2,47,8,3,0,0,0,0,-1,9,1
15356,74.07228527,15.31369242,1,3,2,1,2,19:00,7,E09000023,3,2,6,30,3,4,6,0,0,0,1,1,1,0,0,1,2,E01003200,30-05-2018,1,1,3,1,3,1,3,5,2,0,0,-1,0,1