Accident_Index,longitude,latitude,Police_Force,Accident_Severity,Number_of_Vehicles,Number_of_Casualties,Day_of_Week,Time,Local_Authority_(District),Local_Authority_(Highway),1st_Road_Class,1st_Road_Number,Road_Type,Speed_limit,Junction_Detail,Junction_Control,2nd_Road_Class,2nd_Road_Number,Pedestrian_Crossing-Human_Control,Pedestrian_Crossing-Physical_Facilities,Light_Conditions,Weather_Conditions,Road_Surface_Conditions,Special_Conditions_at_Site,Carriageway_Hazards,Urban_or_Rural_Area,Did_Police_Officer_Attend_Scene_of_Accident,LSOA_of_Accident_Location,Date,Vehicle_Reference,Casualty_Reference,Casualty_Class,Sex_of_Casualty,Age_of_Casualty,Age_Band_of_Casualty,Casualty_Severity,Pedestrian_Location,Pedestrian_Movement,Car_Passenger,Bus_or_Coach_Passenger,Pedestrian_Road_Maintenance_Worker,Casualty_Type,Casualty_Home_Area_Type
15357,73.95824711,15.30794968,1,3,2,1,1,17:00,6,E09000011,3,206,6,30,0,-1,-1,0,0,0,1,1,1,0,0,1,1,E01001665,29-05-2018,1,1,2,1,18,4,3,0,0,1,0,-1,9,1
15358,74.07678681,15.3287491,1,3,1,1,6,18:25,6,E09000011,3,210,6,30,0,-1,-1,0,0,0,1,1,1,0,0,1,2,E01001615,13-05-2018,1,1,2,2,-1,-1,2,0,0,1,0,-1,9,-1
15359,74.01007653,15.2577147,1,3,2,1,2,09:15,6,E09000011,4,211,6,30,0,-1,-1,0,0,0,1,1,1,0,0,1,2,E01001652,16-05-2018,1,1,2,1,2,1,3,0,0,2,0,-1,9,-1
15360,74.02742299,15.31411763,1,3,2,1,1,10:55,6,E09000011,3,2,6,30,3,4,6,0,0,0,1,1,1,0,0,1,2,E01001642,22-05-2018,1,1,2,1,12,3,2,0,0,0,3,-1,11,1
15361,73.96545309,15.32749663,1,3,2,1,3,18:20,6,E09000011,3,208,6,30,0,-1,-1,0,0,0,1,1,1,0,0,1,1,E01001597,10-05-2018,1,1,1,1,31,6,2,0,0,0,0,-1,3,1
15362,74.02477351,15.18334123,1,3,1,1,4,16:45,6,E09000011,6,0,6,30,0,-1,-1,0,0,0,1,1,1,0,0,1,1,E01001666,11-05-2018,1,1,1,1,19,4,3,0,0,0,0,-1,9,1
15363,74.13644215,15.30274078,1,3,2,1,5,08:20,6,E09000011,4,210,6,30,0,-1,-1,0,0,0,1,1,1,0,0,1,1,E01001593,12-05-2018,1,2,2,2,17,4,3,0,0,1,0,-1,9,1
15364,74.04423478,15.19173567,1,3,2,1,5,15:50,6,E09000011,3,102,3,50,0,-1,-1,0,0,0,1,1,1,0,0,1,1,E01001667,12-05-2018,1,3,2,2,15,3,3,0,0,2,0,-1,9,1
15365,74.05133438,15.27885883,1,3,1,1,6,15:50,6,E09000011,3,2211,6,30,0,-1,-1,0,0,0,1,1,1,5,0,1,1,E01001643,13-05-2018,1,1,2,2,68,10,3,0,0,1,0,-1,9,1
15366,74.01239339,15.2797482,1,3,3,1,1,14:00,6,E09000011,3,2041,6,30,3,4,6,0,0,0,1,1,1,0,0,1,1,E01001577,15-05-2018,1,1,1,1,37,7,3,0,0,0,0,-1,1,1
15367,74.08653864,15.27813115,1,3,1,1,1,22:50,6,E09000011,4,209,6,30,3,4,6,0,0,0,4,1,1,0,0,1,2,E01001641,15-05-2018,2,1,1,2,24,5,3,0,0,0,0,-1,9,-1
15368,74.08074851,15.32230252,1,3,2,1,1,16:36,6,E09000011,5,0,6,30,6,2,6,0,0,5,1,1,1,0,0,1,1,E01001701,15-05-2018,1,1,1,1,42,7,3,0,0,0,0,-1,9,1
15369,74.0101016,15.17646994,1,3,2,1,2,18:30,6,E09000011,6,0,6,30,3,4,3,20,0,0,1,2,2,0,0,1,1,E01001658,16-05-2018,1,1,3,2,17,4,3,6,9,0,0,-1,0,1
15370,73.99612356,15.20484713,1,3,2,1,3,10:15,6,E09000011,3,211,6,30,3,4,6,0,0,0,1,1,1,0,0,1,1,E01001617,17-05-2018,1,1,1,2,20,4,3,0,0,0,0,-1,9,1
15371,74.078574,15.31804727,1,3,2,1,3,20:40,7,E09000023,4,212,6,30,2,4,5,0,0,0,1,1,1,0,0,1,1,E01003200,17-05-2018,1,1,3,1,63,9,2,4,3,0,0,-1,0,1
15372,74.11793969,15.18824346,1,2,2,1,4,09:27,6,E09000011,3,102,3,50,5,4,3,102,0,0,1,1,1,0,0,1,1,E01001667,18-05-2018,1,1,1,1,47,8,3,0,0,0,0,-1,1,1
15373,74.11435785,15.29366155,1,3,2,1,5,07:49,6,E09000011,3,2,3,50,0,-1,-1,0,0,0,1,2,2,0,0,1,1,E01001620,19-05-2018,1,1,1,1,21,5,3,0,0,0,0,-1,9,1
15374,74.00898215,15.32647749,1,3,1,1,2,20:48,6,E09000011,3,209,6,30,3,4,6,0,0,0,1,1,1,0,0,1,1,E01001669,30-05-2018,1,1,1,1,15,3,2,0,0,0,0,-1,1,-1
15375,74.01585553,15.1853799,1,3,2,1,6,23:59,6,E09000011,3,2052,6,30,3,4,6,0,0,0,4,1,1,0,0,1,1,E01001666,20-05-2018,1,1,3,2,53,8,2,1,1,0,0,-1,0,1
15376,74.03018558,15.18140726,1,3,1,1,6,10:17,6,E09000011,6,0,6,30,3,4,3,205,0,0,1,1,1,0,0,1,1,E01001707,27-05-2018,1,1,2,2,19,4,3,0,0,1,0,-1,9,1
15377,74.11040374,15.28000683,1,3,1,1,7,17:46,6,E09000011,3,206,6,30,3,4,6,0,0,0,1,1,2,0,0,1,1,E01001673,21-05-2018,1,1,2,1,62,9,3,0,0,0,3,-1,11,1
15378,74.08097366,15.23723408,1,2,1,1,6,16:00,6,E09000011,4,211,6,30,0,-1,-1,0,0,0,1,1,1,0,0,1,1,E01001580,20-05-2018,1,2,2,2,33,6,3,0,0,0,3,-1,11,1
15379,74.11748009,15.27537742,1,3,1,1,7,18:24,6,E09000011,3,2041,1,30,1,4,6,0,0,0,1,1,1,0,0,1,1,E01001689,28-05-2018,1,3,2,1,70,10,3,0,0,0,3,-1,11,-1
15380,74.06331824,15.17894738,1,3,2,1,3,12:25,6,E09000011,3,206,3,30,3,2,3,206,0,5,1,1,1,0,0,1,1,E01001631,31-05-2018,1,2,1,1,36,7,2,0,0,0,0,-1,9,-1
15381,74.02623899,15.20156692,1,3,1,1,5,23:15,6,E09000011,6,0,6,30,0,-1,-1,0,0,1,4,1,1,0,0,1,1,E01001698,02-06-2018,2,1,1,2,41,7,3,0,0,0,0,-1,9,1
15382,74.03538971,15.21781247,1,2,2,1,3,17:05,6,E09000011,5,0,6,30,3,2,3,210,0,5,1,1,1,0,0,1,1,E01001613,24-05-2018,1,1,1,2,22,5,3,0,0,0,0,-1,9,2
15383,74.08484285,15.24531682,1,3,1,1,6,11:10,6,E09000011,6,0,6,30,3,4,6,0,0,0,1,1,1,0,0,1,1,E01001574,03-06-2018,1,2,2,2,-1,-1,3,0,0,2,0,-1,9,2
15384,73.99771437,15.29047935,1,3,1,1,5,15:22,6,E09000011,6,0,6,30,3,4,6,0,0,0,1,1,1,0,0,1,1,E01001712,02-06-2018,1,1,1,2,41,7,3,0,0,0,0,-1,9,1
15385,74.06280018,15.34360141,1,3,2,1,7,12:45,6,E09000011,6,0,6,30,6,4,3,206,0,1,1,1,1,0,0,1,1,E01001676,28-05-2018,1,1,1,2,27,6,2,0,0,0,0,-1,9,-1
15386,74.13647013,15.3648226,1,3,2,2,2,07:36,6,E09000011,6,0,3,30,3,4,6,0,0,0,1,2,2,0,0,1,1,E01001667,30-05-2018,1,1,1,1,33,6,3,0,0,0,0,-1,9,-1
15387,73.98722345,15.34566719,1,3,1,2,7,17:42,6,E09000011,6,0,6,30,0,-1,-1,0,0,0,1,1,1,0,0,1,1,E01001707,04-06-2018,1,1,1,2,20,4,3,0,0,0,0,-1,9,1
15388,74.01630845,15.178166,1,2,3,5,7,14:56,6,E09000011,3,206,6,30,0,-1,-1,0,0,0,1,1,1,0,0,1,1,E01001629,04-06-2018,2,2,2,2,23,5,2,0,0,1,0,-1,9,1
15389,74.0346855,15.35547218,1,3,3,1,7,16:30,6,E09000011,3,210,6,30,3,4,6,0,0,0,1,1,1,0,0,1,1,E01001620,21-05-2018,1,1,2,1,78,11,3,0,0,0,3,-1,11,1
15390,74.05725683,15.24867805,1,2,2,1,5,22:05,6,E09000011,3,2,3,50,0,-1,-1,0,0,0,4,1,1,0,0,1,1,E01001623,26-05-2018,1,1,1,2,69,10,3,0,0,0,0,-1,9,-1
15391,73.98784297,15.3470568,1,3,2,1,3,12:30,6,E09000011,3,2,3,50,0,-1,-1,0,0,0,1,1,1,0,0,1,1,E01001647,31-05-2018,2,1,1,1,43,7,3,0,0,0,0,-1,4,-1
15392,74.09953618,15.18694745,1,3,2,1,5,14:27,6,E09000011,3,206,1,30,1,4,6,0,0,0,1,1,1,0,0,1,1,E01001707,26-05-2018,1,1,1,1,14,3,3,0,0,0,0,-1,1,-1
15393,74.14059879,15.34816623,1,3,2,2,4,15:10,6,E09000011,3,205,3,30,3,3,3,205,0,0,1,1,1,0,0,1,1,E01001699,08-06-2018,2,1,1,2,54,8,3,0,0,0,0,-1,9,1
15394,74.14446902,15.25537531,1,3,2,1,5,20:00,6,E09000011,3,2,6,30,3,4,6,0,0,0,1,1,1,0,0,1,1,E01001644,09-06-2018,2,1,1,1,16,4,2,0,0,0,0,-1,2,1
15395,73.99347705,15.35534233,1,3,1,1,7,14:17,6,E09000011,3,210,6,30,0,-1,-1,0,0,4,1,1,1,0,0,1,1,E01001615,11-06-2018,3,1,1,1,47,8,3,0,0,0,0,-1,1,1
15396,73.98664112,15.17541769,1,3,1,1,5,14:35,6,E09000011,5,0,6,30,0,-1,-1,0,0,0,1,1,1,0,0,1,1,E01001600,02-06-2018,1,1,1,2,39,7,3,0,0,0,0,-1,9,1
15397,74.11998303,15.36248708,1,3,1,1,2,19:00,6,E09000011,6,0,6,30,6,4,6,0,0,0,1,1,1,0,0,1,1,E01001604,13-06-2018,1,1,2,2,22,5,3,0,0,1,0,-1,9,-1
15398,74.13742963,15.36511682,1,3,2,1,7,17:33,6,E09000011,6,0,6,30,7,4,6,0,0,0,1,1,1,0,0,1,1,E01001635,04-06-2018,2,2,2,1,8,2,3,0,0,1,0,-1,9,-1
15399,74.10665174,15.30376591,1,3,3,1,2,08:00,6,E09000011,5,0,6,30,0,-1,-1,0,0,0,1,1,1,0,0,1,1,E01001600,13-06-2018,1,1,1,1,23,5,3,0,0,0,0,-1,5,1
15400,74.06851186,15.32896058,1,3,2,1,5,08:15,6,E09000011,6,0,6,30,3,4,6,0,0,0,1,1,1,0,0,1,1,E01001658,16-06-2018,2,1,1,1,20,4,3,0,0,0,0,-1,3,1
15401,74.06136553,15.32824075,1,3,1,1,2,21:35,6,E09000011,6,0,6,30,3,4,6,0,0,0,4,1,1,0,0,1,1,E01001685,06-06-2018,1,1,1,2,53,8,3,0,0,0,0,-1,9,1
15402,73.96089133,15.34572181,1,3,2,2,3,08:28,6,E09000011,3,102,3,30,9,4,6,0,0,0,1,1,1,0,0,1,1,E01001667,07-06-2018,1,1,3,2,40,7,3,5,9,0,0,-1,0,1
15403,74.00519312,15.24306484,1,3,1,1,4,17:49,6,E09000011,3,2,6,30,0,-1,-1,0,0,0,1,1,1,0,0,1,1,E01001582,08-06-2018,1,1,1,2,22,5,3,0,0,0,0,-1,9,1
15404,74.14215509,15.28307294,1,3,2,1,7,19:35,6,E09000011,6,0,6,30,3,4,6,0,0,0,1,1,1,0,0,1,1,E01001579,14-05-2018,1,1,1,1,26,6,3,0,0,0,0,-1,9,1
15405,74.08269688,15.24113269,1,3,3,1,2,14:50,6,E09000011,3,205,6,30,0,-1,-1,0,0,0,1,1,1,0,0,1,1,E01001610,13-06-2018,2,2,1,2,40,7,3,0,0,0,0,-1,9,-1
15406,74.06382103,15.33926082,1,3,1,1,4,08:15,6,E09000011,3,206,6,30,3,2,5,0,0,5,1,1,1,0,0,1,1,E01001675,08-06-2018,2,1,1,1,25,5,3,0,0,0,0,-1,1,1
15407,74.03277318,15.3498476,1,3,1,1,6,16:10,6,E09000011,3,206,6,30,0,-1,-1,0,0,0,1,1,1,0,0,1,1,E01001573,17-06-2018,1,1,2,1,16,4,3,0,0,0,0,-1,2,1
15408,73.97256433,15.34548286,1,3,1,1,6,11:45,6,E09000011,3,2052,6,30,3,4,6,0,0,0,1,1,1,0,0,1,1,E01001663,17-06-2018,1,1,1,1,16,4,3,0,0,0,0,-1,2,1
15409,74.14042374,15.29486759,1,2,2,1,5,16:30,6,E09000011,3,102,3,50,0,-1,-1,0,0,0,1,1,1,0,0,1,1,E01001667,09-06-2018,1,1,2,1,16,4,3,0,0,1,0,-1,9,1
15410,74.0059748,15.24219492,1,3,2,1,3,11:45,6,E09000011,3,205,6,30,3,4,3,205,0,0,1,1,1,0,0,1,1,E01001699,21-06-2018,1,1,1,1,59,9,3,0,0,0,0,-1,5,1
15411,74.0957721,15.20038705,1,3,2,2,2,14:30,6,E09000011,3,210,6,30,3,2,6,0,0,5,1,1,1,0,0,1,1,E01001614,20-06-2018,1,1,1,2,57,9,3,0,0,0,0,-1,9,1
15412,74.08353244,15.32290407,1,3,2,2,7,22:15,6,E09000011,4,210,6,30,6,2,6,0,0,5,4,1,1,0,0,1,1,E01001699,04-06-2018,1,1,2,1,29,6,2,0,0,1,0,-1,9,1
15413,74.11678921,15.29472979,1,2,1,1,2,23:00,6,E09000011,3,102,3,40,0,-1,-1,0,0,0,4,1,1,0,0,1,1,E01001663,06-06-2018,1,1,3,1,14,3,3,5,3,0,0,-1,0,1
15414,74.07443496,15.30553082,1,3,1,1,6,15:33,6,E09000011,3,2211,6,30,6,2,3,2211,0,5,1,1,1,0,0,1,1,E01001644,10-06-2018,1,1,2,2,55,8,3,0,0,2,0,-1,9,-1
15415,74.07643571,15.25932145,1,3,2,2,2,18:35,6,E09000011,3,20,1,30,1,4,3,205,0,0,1,1,1,0,0,1,1,E01001661,13-06-2018,1,2,1,1,33,6,3,0,0,0,0,-1,9,-1
15416,73.96024087,15.34054195,1,2,1,2,1,02:54,6,E09000011,3,200,6,30,3,4,6,0,0,1,4,1,1,0,0,1,1,E01001640,29-05-2018,2,1,1,1,58,9,3,0,0,0,0,-1,8,-1
15417,73.99778694,15.35038923,1,3,3,1,7,13:30,6,E09000011,6,0,6,30,6,4,6,0,0,0,1,1,1,0,0,1,1,E01001632,18-06-2018,3,3,1,1,-1,-1,3,0,0,0,0,-1,9,-1
15418,74.02547345,15.28570461,1,3,1,1,6,12:50,6,E09000011,3,206,6,30,6,2,5,0,0,5,1,1,1,0,0,1,1,E01001675,10-06-2018,1,1,1,1,58,9,3,0,0,0,0,-1,9,1
15419,74.10717271,15.17444118,1,3,2,1,1,23:15,6,E09000011,3,206,1,30,1,4,6,0,0,0,4,1,1,0,0,1,1,E01001709,26-06-2018,1,2,2,1,-1,-1,3,0,0,1,0,-1,9,1
15420,74.13517562,15.19627984,1,3,2,1,1,20:55,6,E09000011,3,207,6,30,0,-1,-1,0,0,0,1,1,1,0,0,1,1,E01001652,12-06-2018,1,1,3,1,85,11,3,5,1,0,0,-1,0,-1
15421,74.09039731,15.2574791,1,2,2,1,3,08:15,6,E09000011,3,2016,3,50,0,-1,-1,0,0,0,1,1,1,0,0,1,1,E01001694,21-06-2018,1,1,2,1,37,7,3,0,0,0,0,-1,19,-1
15422,74.05000551,15.34134226,1,3,1,1,7,16:33,6,E09000011,3,205,6,30,0,-1,-1,0,0,0,1,1,1,0,0,1,1,E01001699,18-06-2018,1,2,1,1,23,5,3,0,0,0,0,-1,19,3
15423,73.9500386,15.28933164,1,3,2,1,3,07:55,6,E09000011,3,207,6,30,8,4,6,0,0,0,1,1,1,0,0,1,1,E01001646,21-06-2018,1,1,1,1,43,7,3,0,0,0,0,-1,19,1
15424,74.04026024,15.21507315,1,2,2,1,7,13:45,6,E09000011,3,206,6,30,0,-1,-1,0,0,0,1,1,1,0,0,1,1,E01001641,18-06-2018,1,1,1,2,27,6,3,0,0,0,0,-1,9,-1
15425,74.03997647,15.17945919,1,3,2,1,2,06:30,6,E09000011,3,206,6,30,6,2,3,2041,0,5,1,1,1,0,0,1,1,E01001574,06-06-2018,1,1,3,1,-1,-1,3,10,9,0,0,-1,0,-1
15426,74.07585849,15.23918409,1,3,1,1,6,18:57,6,E09000011,6,0,6,30,0,-1,-1,0,0,0,1,2,2,0,0,1,2,E01001707,24-06-2018,1,1,1,1,49,8,3,0,0,0,0,-1,5,1
15427,74.10814791,15.24222259,1,3,2,1,6,20:58,6,E09000011,3,102,3,30,0,-1,-1,0,0,0,4,1,1,0,0,1,1,E01001663,24-06-2018,2,1,1,1,17,4,3,0,0,0,0,-1,1,-1
15428,74.02315927,15.25676992,1,3,2,2,3,13:11,6,E09000011,3,207,6,30,3,4,6,0,0,0,1,1,1,0,0,1,1,E01001682,21-06-2018,1,1,1,1,21,5,3,0,0,0,0,-1,3,1
15429,74.10853132,15.30440179,1,2,1,1,2,10:00,6,E09000011,3,205,3,40,0,-1,-1,0,0,4,1,1,1,0,0,1,1,E01001659,13-06-2018,2,1,1,2,18,4,3,0,0,0,0,-1,9,1
15430,74.02591661,15.23939845,1,3,1,1,5,22:54,6,E09000011,6,0,6,30,3,4,6,0,0,0,4,1,1,0,0,1,1,E01001681,30-06-2018,1,1,1,2,28,6,3,0,0,0,0,-1,9,1
15431,74.14106588,15.25751318,1,3,3,2,6,15:44,6,E09000011,3,2,3,50,0,-1,-1,0,0,0,1,1,1,0,0,1,1,E01001652,17-06-2018,1,1,2,2,77,11,3,0,0,0,1,-1,11,1
15432,73.98422107,15.29672786,1,3,3,1,5,17:08,6,E09000011,3,2,3,50,0,-1,-1,0,0,0,1,1,1,0,0,1,1,E01001582,23-06-2018,1,1,1,2,38,7,3,0,0,0,0,-1,9,1
15433,74.05492633,15.29840657,1,3,2,1,4,18:00,6,E09000011,3,20,6,30,3,4,6,0,0,0,1,1,1,0,0,1,1,E01001653,29-06-2018,1,1,1,1,76,11,3,0,0,0,0,-1,9,1
15434,73.97030381,15.28731706,1,3,1,1,7,20:15,6,E09000011,3,208,6,30,6,4,6,0,0,1,1,1,1,0,0,1,1,E01001597,02-07-2018,1,2,2,2,73,10,3,0,0,1,0,-1,9,1
15435,74.13919672,15.36696986,1,3,1,1,1,19:00,6,E09000011,4,210,6,30,7,4,4,212,0,1,1,1,1,0,0,1,1,E01001580,26-06-2018,1,1,3,2,51,8,3,6,9,0,0,-1,0,1
15436,74.14026692,15.27250986,1,2,1,1,6,22:00,6,E09000011,6,0,6,30,7,4,6,0,0,0,4,1,1,0,0,1,2,E01001637,20-05-2018,2,1,1,1,16,4,3,0,0,0,0,-1,1,1
15437,74.10053734,15.36014252,1,2,1,1,1,22:20,6,E09000011,4,210,6,30,3,4,4,210,0,0,4,2,2,0,0,1,1,E01001595,03-07-2018,1,1,1,1,70,10,3,0,0,0,0,-1,9,1
15438,74.09428876,15.29176258,1,3,1,1,3,17:18,6,E09000011,3,206,6,30,0,-1,-1,0,0,0,1,1,1,0,0,1,1,E01001631,28-06-2018,1,2,2,2,68,10,3,0,0,1,0,-1,9,-1
15439,74.06549115,15.35121099,1,3,4,2,4,15:40,6,E09000011,3,20,3,40,3,4,6,0,0,0,1,1,1,0,0,1,1,E01001600,29-06-2018,1,1,3,1,14,3,2,5,1,0,0,-1,0,-1
15440,74.02600996,15.35714381,1,3,2,2,2,23:55,6,E09000011,3,102,3,50,0,-1,-1,0,0,0,4,1,1,0,0,1,1,E01001667,27-06-2018,1,1,1,2,51,8,3,0,0,0,0,-1,9,1
15441,74.0221098,15.34765614,1,2,1,1,5,15:10,7,E09000023,3,2,6,30,3,4,4,210,0,0,1,1,1,0,0,1,1,E01003200,30-06-2018,1,1,3,1,52,8,3,5,1,0,0,-1,0,-1
15442,74.0917771,15.36333296,1,3,2,2,4,13:00,6,E09000011,3,208,6,30,0,-1,-1,0,0,0,1,2,2,0,0,1,1,E01001615,15-06-2018,1,1,2,1,35,6,3,0,0,0,3,-1,11,1
15443,74.04625913,15.22632217,1,3,1,1,1,16:05,6,E09000011,3,211,6,30,3,4,6,0,0,0,1,1,1,0,0,1,1,E01001601,05-06-2018,1,2,2,2,-1,-1,3,0,0,0,3,-1,11,1
15444,74.01334883,15.18601656,1,3,1,1,2,23:30,6,E09000011,6,0,2,30,3,4,3,206,0,0,5,1,1,0,0,1,1,E01001673,23-05-2018,1,3,2,2,62,9,3,0,0,0,3,-1,11,1
15445,73.9510583,15.33354339,1,3,2,2,2,18:01,6,E09000011,3,210,3,30,3,4,6,0,0,0,1,1,1,0,0,1,1,E01001661,23-05-2018,1,1,1,1,48,8,3,0,0,0,0,-1,5,1
15446,73.96940714,15.19229869,1,3,2,1,3,16:50,6,E09000011,5,0,6,30,2,4,6,0,0,0,1,2,2,0,0,1,1,E01001587,05-07-2018,2,1,1,1,11,3,3,0,0,0,0,-1,1,1
15447,73.9620965,15.24618036,1,3,2,2,3,08:02,6,E09000011,3,20,6,30,3,4,6,0,0,8,1,1,1,0,0,1,1,E01001658,21-06-2018,1,1,2,1,-1,-1,3,0,0,1,0,-1,9,-1
15448,74.02836249,15.19065006,1,3,2,1,3,21:15,6,E09000011,3,200,6,30,3,4,6,0,0,0,4,1,1,0,0,1,1,E01001640,21-06-2018,1,1,1,1,41,7,3,0,0,0,0,-1,1,1
15449,74.11972676,15.17757554,1,3,2,1,2,09:20,6,E09000011,6,0,6,30,3,4,6,0,0,0,1,1,1,0,0,1,1,E01001608,20-06-2018,1,1,1,1,22,5,3,0,0,0,0,-1,9,1
15450,74.04949007,15.21340031,1,3,2,1,6,15:57,6,E09000011,3,2,6,30,3,4,3,2,0,0,1,1,1,0,0,1,1,E01001582,17-06-2018,1,1,1,1,60,9,3,0,0,0,0,-1,9,1
15451,73.96320773,15.32513318,1,3,2,1,3,20:35,6,E09000011,3,205,6,30,3,4,6,0,0,0,4,2,2,0,0,1,1,E01001701,05-07-2018,1,1,1,1,85,11,3,0,0,0,0,-1,9,-1
15452,74.08514015,15.17513259,1,3,2,2,7,00:05,6,E09000011,3,2,7,50,0,-1,-1,0,0,0,4,1,1,0,0,1,2,E01001583,09-07-2018,1,1,1,2,60,9,3,0,0,0,0,-1,9,1
15453,74.00175533,15.2430071,1,3,2,1,1,16:35,6,E09000011,3,206,6,30,0,-1,-1,0,0,1,1,1,1,0,0,1,1,E01001707,03-07-2018,1,1,1,2,46,8,3,0,0,0,0,-1,9,-1
15454,73.9611093,15.27034057,1,3,2,1,5,10:10,6,E09000011,3,2,3,30,1,4,3,205,0,0,1,1,1,0,0,1,1,E01001620,07-07-2018,1,2,2,1,48,8,3,0,0,1,0,-1,9,1
15455,74.03223847,15.26452682,1,3,2,1,7,13:45,6,E09000011,3,210,1,30,1,4,3,205,0,4,1,1,1,0,0,1,1,E01001661,09-07-2018,2,3,2,2,19,4,3,0,0,1,0,-1,9,1
15456,74.03300233,15.22525822,1,3,1,1,2,16:30,6,E09000011,6,0,6,30,0,-1,-1,0,0,0,1,1,1,0,0,1,2,E01001701,11-07-2018,2,4,2,2,1,1,3,0,0,1,0,-1,9,1
15457,74.08390478,15.18314884,1,3,2,1,2,17:25,6,E09000011,6,0,6,30,3,4,6,0,0,0,1,1,1,0,0,1,1,E01001608,11-07-2018,2,7,2,2,54,8,3,0,0,2,0,-1,9,1
15458,73.96322604,15.35049935,1,3,1,1,7,10:40,6,E09000011,3,2213,6,30,3,4,6,0,0,0,1,1,1,0,0,1,1,E01001627,25-06-2018,3,5,2,1,82,11,3,0,0,2,0,-1,9,1
15459,74.07040285,15.18119279,1,3,1,1,5,08:40,6,E09000011,4,211,1,30,1,4,4,212,0,1,1,2,2,0,0,1,1,E01001580,07-07-2018,3,6,2,2,80,11,3,0,0,2,0,-1,9,1
15460,74.1383179,15.34376759,1,3,2,1,2,19:00,18,E09000004,3,2,3,50,0,-1,-1,0,0,0,4,1,1,0,0,1,1,E01000390,23-05-2018,1,1,1,1,55,8,3,0,0,0,0,-1,4,1
15461,74.05600485,15.36701997,1,3,2,1,7,16:50,6,E09000011,3,210,6,30,3,4,6,0,0,0,1,1,1,0,0,1,1,E01001620,02-07-2018,1,1,1,2,71,10,3,0,0,0,0,-1,9,1
15462,74.06009289,15.27160661,1,3,2,1,2,11:58,6,E09000011,3,210,6,30,3,4,6,0,0,4,1,1,1,0,0,1,1,E01001615,13-06-2018,1,1,1,1,30,6,3,0,0,0,0,-1,1,1
15463,74.03261649,15.25830913,1,3,1,1,2,09:50,6,E09000011,3,210,6,30,3,4,6,0,0,4,1,1,1,0,0,1,1,E01001615,13-06-2018,1,1,1,2,38,7,3,0,0,0,0,-1,9,-1
15464,74.02083359,15.32926021,1,3,1,1,2,14:10,6,E09000011,6,0,6,30,3,4,3,207,0,4,1,1,1,0,0,1,1,E01001651,20-06-2018,2,2,1,2,21,5,3,0,0,0,0,-1,9,1
15465,74.09504277,15.32075027,1,3,2,1,3,11:46,6,E09000011,3,206,3,40,3,2,5,0,0,5,1,1,1,0,0,1,1,E01001707,05-07-2018,1,1,1,2,28,6,3,0,0,0,0,-1,9,1
15466,74.12296222,15.26866937,1,3,1,1,4,17:00,6,E09000011,3,206,6,30,6,2,5,0,0,5,1,1,1,4,0,1,1,E01001675,06-07-2018,2,2,1,2,48,8,2,0,0,0,0,-1,9,1
15467,74.03209687,15.24710654,1,3,1,1,6,08:25,6,E09000011,5,0,6,30,0,-1,-1,0,0,0,1,1,1,0,0,1,1,E01001642,08-07-2018,1,1,2,2,65,9,3,0,0,0,1,-1,11,1
15468,74.14682114,15.26002842,1,2,2,1,2,08:21,6,E09000011,3,2,3,50,0,-1,-1,0,0,0,1,1,1,0,0,1,1,E01001583,11-07-2018,1,1,1,1,48,8,3,0,0,0,0,-1,5,1
15469,74.13760897,15.343272,1,3,2,1,4,08:47,6,E09000011,3,2,3,50,0,-1,-1,0,0,0,1,1,1,0,0,1,1,E01001609,13-07-2018,1,1,2,2,44,7,3,0,0,0,3,-1,11,1
15470,74.01925492,15.21406555,1,3,3,1,4,08:45,6,E09000011,3,2,3,50,0,-1,-1,0,0,0,1,1,1,0,0,1,1,E01001604,13-07-2018,1,1,3,1,13,3,2,9,5,0,0,-1,0,1
15471,74.14500112,15.3522081,1,3,2,1,6,17:55,6,E09000011,5,0,6,30,3,4,6,0,0,1,1,1,1,0,0,1,2,E01001683,15-07-2018,1,1,3,2,-1,-1,3,5,1,0,0,-1,0,-1
15472,74.05860033,15.225444,1,2,1,1,3,16:20,6,E09000011,4,208,6,30,0,-1,-1,0,0,0,1,1,1,0,0,1,2,E01001643,05-07-2018,1,1,2,2,18,4,2,0,0,1,0,-1,9,1
15473,73.9976484,15.32323225,1,3,1,1,3,11:24,6,E09000011,3,205,6,30,6,2,4,210,0,5,1,1,1,0,0,1,1,E01001699,05-07-2018,1,1,3,1,40,7,3,5,3,0,0,-1,0,1
15474,74.0049062,15.34845045,1,3,2,1,4,08:30,6,E09000011,4,210,6,30,3,4,6,0,0,1,1,1,1,0,0,1,1,E01001593,13-07-2018,1,2,1,1,19,4,3,0,0,0,0,-1,1,1
15475,74.0290243,15.35002821,1,3,2,1,3,13:05,6,E09000011,5,0,6,30,3,4,6,0,0,0,1,1,1,0,0,1,2,E01001671,12-07-2018,2,1,1,1,-1,-1,3,0,0,0,0,-1,4,-1
15476,73.94845959,15.31058135,1,3,2,1,1,11:13,6,E09000011,3,206,6,30,3,4,6,0,0,1,1,1,1,0,0,1,1,E01001666,17-07-2018,1,1,1,1,36,7,3,0,0,0,0,-1,9,1
15477,74.03799235,15.32960303,1,3,1,1,4,16:20,6,E09000011,3,208,6,30,3,4,6,0,0,0,1,1,1,0,0,1,1,E01001621,13-07-2018,2,1,1,1,21,5,3,0,0,0,0,-1,9,2
15478,74.1182291,15.32438081,1,3,2,1,5,19:00,6,E09000011,3,200,6,30,3,4,6,0,0,0,1,1,1,0,0,1,1,E01001640,14-07-2018,1,1,1,2,27,6,3,0,0,0,0,-1,9,1