Accident_Index,longitude,latitude,Police_Force,Accident_Severity,Number_of_Vehicles,Number_of_Casualties,Day_of_Week,Time,Local_Authority_(District),Local_Authority_(Highway),1st_Road_Class,1st_Road_Number,Road_Type,Speed_limit,Junction_Detail,Junction_Control,2nd_Road_Class,2nd_Road_Number,Pedestrian_Crossing-Human_Control,Pedestrian_Crossing-Physical_Facilities,Light_Conditions,Weather_Conditions,Road_Surface_Conditions,Special_Conditions_at_Site,Carriageway_Hazards,Urban_or_Rural_Area,Did_Police_Officer_Attend_Scene_of_Accident,LSOA_of_Accident_Location,Date,Vehicle_Reference,Casualty_Reference,Casualty_Class,Sex_of_Casualty,Age_of_Casualty,Age_Band_of_Casualty,Casualty_Severity,Pedestrian_Location,Pedestrian_Movement,Car_Passenger,Bus_or_Coach_Passenger,Pedestrian_Road_Maintenance_Worker,Casualty_Type,Casualty_Home_Area_Type
15722,72.6354521,23.08561667,1,3,3,1,5,10:25,6,E09000011,3,207,6,30,3,4,6,0,0,8,1,2,2,0,0,1,1,E01001682,24-11-2018,1,1,3,2,37,7,3,1,1,0,0,-1,0,1
15723,72.59712714,23.07545268,1,3,1,1,5,17:35,6,E09000011,3,206,6,30,3,4,6,0,0,0,1,2,2,0,0,1,1,E01001713,24-11-2018,1,1,1,1,55,8,3,0,0,0,0,-1,9,-1
15724,72.56299521,23.0568774,1,3,1,1,5,08:15,6,E09000011,3,2,6,30,1,4,5,0,0,0,1,1,2,0,0,1,2,E01003200,24-11-2018,2,1,1,1,43,7,3,0,0,0,0,-1,1,1
15725,72.64162856,23.07434318,1,3,1,1,3,18:30,7,E09000023,3,2,6,30,0,-1,-1,0,0,0,4,2,2,0,0,1,1,E01003204,25-10-2018,1,1,1,1,19,4,3,0,0,0,0,-1,9,3
15726,72.61128666,23.05867129,1,3,4,1,7,17:30,6,E09000011,6,0,6,30,6,4,6,0,0,0,4,2,2,0,0,1,1,E01001604,19-11-2018,2,2,1,2,74,10,3,0,0,0,0,-1,9,1
15727,72.5217244,23.02790212,1,3,1,1,6,15:30,6,E09000011,6,0,6,30,3,4,6,0,0,0,1,1,1,0,0,1,1,E01001688,25-11-2018,2,1,1,1,31,6,3,0,0,0,0,-1,2,1
15728,72.59348481,23.05117237,1,3,2,1,1,15:40,6,E09000011,3,211,6,30,3,4,6,0,0,0,1,1,2,0,0,1,1,E01001617,20-11-2018,1,1,1,1,40,7,3,0,0,0,0,-1,5,2
15729,72.59997072,22.96555343,1,3,3,2,4,11:45,6,E09000011,3,208,6,30,3,4,6,0,0,0,1,1,1,0,0,1,1,E01001621,23-11-2018,1,1,3,2,66,10,3,5,1,0,0,-1,0,-1
15730,72.57914678,22.99797974,1,3,2,1,1,21:30,6,E09000011,6,0,6,30,0,-1,-1,0,0,0,4,1,1,0,0,1,3,E01001656,13-11-2018,1,1,1,1,42,7,3,0,0,0,0,-1,5,1
15731,72.60085892,23.03743233,1,3,2,3,7,17:55,6,E09000011,3,207,3,30,6,2,3,205,0,5,4,5,2,4,0,1,1,E01001648,26-11-2018,1,1,3,2,17,4,3,5,1,0,0,-1,0,1
15732,72.61562838,23.08960625,1,3,1,1,5,15:00,6,E09000011,6,0,1,30,2,4,6,0,0,0,1,5,2,0,0,1,2,E01001642,24-11-2018,1,1,1,1,44,7,2,0,0,0,0,-1,5,1
15733,72.54046272,23.08317499,1,3,1,1,3,22:15,6,E09000011,3,20,3,40,0,-1,-1,0,0,0,4,1,2,0,0,1,1,E01001659,29-11-2018,1,1,1,1,43,7,3,0,0,0,0,-1,5,1
15734,72.53941237,23.07973256,1,2,2,1,7,00:40,6,E09000011,3,206,6,30,3,4,6,0,0,0,4,1,1,0,0,1,1,E01001664,13-08-2018,1,2,1,2,26,6,3,0,0,0,0,-1,9,1
15735,72.5327628,22.98150956,1,3,1,1,1,19:00,6,E09000011,3,205,6,30,0,-1,-1,0,0,5,4,1,2,0,0,1,1,E01001707,27-11-2018,2,1,1,1,38,7,3,0,0,0,0,-1,9,1
15736,72.62080349,22.97872129,1,3,2,1,7,21:15,6,E09000011,6,0,6,30,0,-1,-1,0,0,0,4,1,1,0,0,1,2,E01001615,26-11-2018,2,1,1,1,24,5,2,0,0,0,0,-1,5,2
15737,72.5579035,23.04219547,1,3,1,1,2,15:55,6,E09000011,6,0,6,30,0,-1,-1,0,0,0,4,1,1,0,0,1,1,E01001645,21-11-2018,1,1,1,1,42,7,3,0,0,0,0,-1,9,1
15738,72.51583573,22.98358671,1,2,2,2,5,03:15,7,E09000023,3,2,6,30,6,4,6,0,0,0,4,2,2,0,0,1,1,E01003204,01-12-2018,1,1,1,1,15,3,2,0,0,0,0,-1,2,1
15739,72.54683272,23.03482246,1,3,2,1,5,18:35,6,E09000011,5,0,6,30,3,4,6,0,0,0,4,1,1,0,0,1,1,E01001625,01-12-2018,1,1,1,1,74,10,3,0,0,0,0,-1,9,1
15740,72.52064491,23.09291416,1,2,2,1,1,12:27,6,E09000011,5,0,6,30,3,4,6,0,0,0,1,1,2,0,0,1,1,E01001695,20-11-2018,1,2,2,2,74,10,3,0,0,1,0,-1,9,1
15741,72.66467712,23.01404462,1,3,1,1,4,10:10,6,E09000011,3,205,6,30,0,-1,-1,0,0,0,1,1,1,0,0,1,1,E01001707,09-11-2018,2,3,1,2,63,9,3,0,0,0,0,-1,9,1
15742,72.64699299,23.04436792,1,3,2,1,5,19:50,6,E09000011,3,210,6,30,3,4,3,211,0,0,4,2,2,0,0,1,1,E01001615,01-12-2018,1,1,2,2,-1,-1,3,0,0,2,0,-1,9,-1
15743,72.62456935,23.01996057,1,3,1,1,4,17:25,6,E09000011,3,205,3,40,3,2,6,0,0,5,4,1,1,0,0,1,1,E01001660,07-12-2018,1,1,1,2,39,7,3,0,0,0,0,-1,9,-1
15744,72.58298243,23.01409738,1,2,2,1,6,12:59,6,E09000011,6,0,6,30,6,4,3,210,0,0,1,1,1,0,0,1,1,E01001613,02-12-2018,1,1,1,2,25,5,3,0,0,0,0,-1,9,1
15745,72.65057451,23.02689058,1,3,2,1,2,20:15,6,E09000011,5,0,6,30,3,4,4,210,0,0,4,7,2,0,0,1,1,E01001591,21-11-2018,2,2,1,1,33,6,3,0,0,0,0,-1,5,1
15746,72.55955448,22.9803783,1,3,1,1,1,08:10,6,E09000011,5,0,6,30,6,2,3,206,0,5,1,1,2,0,0,1,1,E01001666,27-11-2018,2,1,1,1,41,7,3,0,0,0,0,-1,1,1
15747,72.54653485,23.02430866,1,3,1,1,6,14:30,6,E09000011,5,0,2,30,0,-1,-1,0,0,0,1,1,1,0,0,1,1,E01001666,02-12-2018,1,1,1,1,42,7,3,0,0,0,0,-1,9,1
15748,72.62207049,23.07227443,1,3,1,1,7,10:20,6,E09000011,6,0,6,30,0,-1,-1,0,0,0,1,1,1,0,0,1,2,E01001642,26-11-2018,1,2,2,2,-1,-1,3,0,0,1,0,-1,9,1
15749,72.53914552,23.05339378,1,3,2,2,2,21:19,6,E09000011,3,206,3,30,0,-1,-1,0,0,0,4,1,2,0,0,1,1,E01001709,28-11-2018,1,1,2,2,82,11,3,0,0,0,1,-1,11,1
15750,72.57980645,23.04087334,1,3,2,1,1,16:00,6,E09000011,6,0,6,30,3,4,6,0,0,0,1,1,1,0,0,1,1,E01001642,23-10-2018,1,1,1,1,18,4,3,0,0,0,0,-1,9,1
15751,72.56639629,23.02111031,1,3,2,1,2,18:25,6,E09000011,4,213,6,30,3,4,6,0,0,0,4,1,2,0,0,1,1,E01001571,28-11-2018,1,2,2,2,17,4,3,0,0,1,0,-1,9,1
15752,72.50813005,23.0294568,1,3,1,1,3,19:40,6,E09000011,4,210,2,30,0,-1,-1,0,0,0,4,1,2,0,0,1,1,E01001580,06-12-2018,1,1,2,2,-1,-1,3,0,0,0,1,-1,11,-1
15753,72.53267985,23.00297561,1,3,1,1,3,08:25,6,E09000011,3,206,6,30,9,4,6,0,0,4,1,1,1,0,0,1,1,E01001641,06-12-2018,1,1,1,1,42,7,3,0,0,0,0,-1,4,1
15754,72.53115532,23.0874156,1,3,3,3,4,17:20,6,E09000011,3,102,3,50,0,-1,-1,0,0,0,1,1,2,0,0,1,1,E01001663,23-11-2018,2,1,1,1,-1,-1,3,0,0,0,0,-1,5,1
15755,72.62720728,23.04000555,1,3,3,1,3,20:50,6,E09000011,3,2016,2,30,3,2,3,2016,0,0,4,1,2,0,0,1,1,E01001687,06-12-2018,1,1,1,2,24,5,3,0,0,0,0,-1,9,1
15756,72.55680283,23.04864153,1,2,1,1,3,18:15,6,E09000011,6,0,6,30,3,4,6,0,0,0,4,2,2,0,0,1,1,E01001671,06-12-2018,1,2,2,2,-1,-1,3,0,0,1,0,-1,9,1
15757,72.5589928,23.00513923,1,2,2,1,1,12:30,6,E09000011,6,0,2,30,9,2,6,0,0,0,1,1,1,1,1,1,1,E01001620,11-12-2018,1,1,1,2,21,5,3,0,0,0,0,-1,9,1
15758,72.6285573,23.08885929,1,3,1,1,7,14:45,6,E09000011,3,210,6,30,3,4,6,0,0,0,1,1,1,0,0,1,1,E01001615,26-11-2018,1,1,2,1,-1,-1,3,0,0,1,0,-1,9,-1
15759,72.562236,23.09059449,1,3,2,2,6,11:15,6,E09000011,3,2213,6,30,3,4,6,0,0,0,1,8,2,0,0,1,1,E01001658,09-12-2018,1,1,1,1,25,5,3,0,0,0,0,-1,5,1
15760,72.61787774,23.02980509,1,3,2,1,3,12:59,6,E09000011,3,205,6,30,3,4,6,0,0,0,1,8,1,0,0,1,1,E01001707,13-12-2018,1,1,1,1,43,7,3,0,0,0,0,-1,9,-1
15761,72.63582199,23.07369937,1,2,2,2,6,17:00,6,E09000011,3,207,6,30,3,4,6,0,0,0,4,7,2,0,0,1,1,E01001652,09-12-2018,1,1,1,2,64,9,3,0,0,0,0,-1,9,1
15762,72.61538219,23.06801557,1,2,1,2,5,20:12,6,E09000011,6,0,6,30,3,4,6,0,0,0,4,1,4,0,0,1,1,E01001669,08-12-2018,1,1,1,2,59,9,3,0,0,0,0,-1,9,1
15763,72.5351632,23.00461151,1,3,4,1,7,06:50,6,E09000011,3,205,6,30,2,4,3,205,0,0,5,1,1,0,0,1,1,E01001699,17-12-2018,1,1,2,2,32,6,3,0,0,1,0,-1,9,1
15764,72.59394348,23.02543719,1,3,3,1,5,10:45,6,E09000011,3,102,2,30,9,4,6,0,0,0,1,1,1,0,0,1,1,E01001667,24-11-2018,1,2,1,2,22,5,3,0,0,0,0,-1,9,1
15765,72.51304978,23.05113749,1,3,1,1,3,10:23,6,E09000011,6,0,6,30,3,4,6,0,0,0,1,1,1,0,0,1,1,E01001707,13-12-2018,1,1,1,1,16,4,3,0,0,0,0,-1,2,1
15766,72.65290824,23.00441225,1,3,2,1,6,13:20,6,E09000011,3,200,6,30,6,2,6,0,0,5,1,1,1,0,0,1,1,E01001639,18-11-2018,1,1,1,2,58,9,3,0,0,0,0,-1,9,1
15767,72.6190013,23.05419547,1,3,1,1,4,16:08,6,E09000011,6,0,6,30,0,-1,-1,0,0,0,1,1,1,0,0,1,1,E01001701,14-12-2018,2,1,1,2,75,10,3,0,0,0,0,-1,9,1
15768,72.65372804,22.99676023,1,2,1,1,4,15:14,6,E09000011,3,206,6,20,0,-1,-1,0,0,0,1,1,1,0,0,1,1,E01001676,07-12-2018,1,1,2,2,46,8,3,0,0,0,4,-1,11,1
15769,72.64879577,22.99810047,1,3,2,1,5,18:45,6,E09000011,3,210,6,30,0,-1,-1,0,0,0,1,1,1,0,0,1,1,E01001659,15-12-2018,1,2,2,2,11,3,2,0,0,0,4,-1,11,1
15770,72.62436435,23.0410613,1,3,2,1,2,18:27,6,E09000011,5,0,6,30,3,4,6,0,0,0,4,1,1,0,0,1,1,E01001623,12-12-2018,2,1,1,2,42,7,3,0,0,0,0,-1,9,1
15771,72.52887761,23.06279428,1,3,2,1,7,05:36,6,E09000011,5,0,6,30,6,4,5,0,0,0,4,1,1,0,0,1,1,E01001700,26-11-2018,1,1,3,1,33,6,3,5,1,0,0,-1,0,1
15772,72.62687051,23.01743143,1,3,1,1,6,15:38,6,E09000011,3,205,6,20,9,4,3,205,0,0,1,1,1,0,0,1,1,E01001661,09-12-2018,1,1,1,2,49,8,3,0,0,0,0,-1,9,-1
15773,72.60285763,22.98395826,1,3,2,1,6,17:15,6,E09000011,3,20,6,30,3,4,6,0,0,0,4,1,1,0,0,1,1,E01001658,09-12-2018,1,1,2,2,38,7,3,0,0,1,0,-1,9,-1
15774,72.62397779,23.0146932,1,3,2,1,7,14:15,6,E09000011,3,206,6,30,6,4,6,0,0,1,1,1,1,0,0,1,3,E01001665,03-12-2018,1,1,1,1,46,8,3,0,0,0,0,-1,10,1
15775,72.66286639,23.08569424,1,3,1,1,7,23:10,6,E09000011,3,206,6,30,3,4,5,0,0,1,4,1,1,0,0,1,1,E01001675,17-12-2018,1,1,1,1,38,7,3,0,0,0,0,-1,9,1
15776,72.55272545,23.04815189,1,3,2,1,4,12:15,6,E09000011,4,213,6,30,6,4,6,0,0,0,1,1,1,0,0,1,1,E01001573,14-12-2018,1,1,2,1,13,3,2,0,0,0,2,-1,11,1
15777,72.61250575,23.01844163,1,3,1,1,1,02:25,6,E09000011,3,2,6,30,3,4,4,208,0,1,7,1,1,0,0,1,1,E01001644,18-12-2018,1,1,1,1,58,9,3,0,0,0,0,-1,9,1
15778,72.65384928,23.07306302,1,3,2,1,7,18:24,6,E09000011,3,206,6,30,0,-1,-1,0,0,0,4,1,1,0,0,1,1,E01001668,17-12-2018,1,1,2,2,43,7,3,0,0,0,1,-1,11,1
15779,72.61920417,22.98899171,1,3,2,1,1,16:20,6,E09000011,3,205,1,40,1,4,3,20,0,0,4,1,1,0,0,1,1,E01001660,11-12-2018,1,1,3,1,17,4,2,10,9,0,0,-1,0,-1
15780,72.5254644,23.04281361,1,3,2,1,6,19:10,6,E09000011,6,0,6,30,3,4,6,0,0,0,4,1,1,0,0,1,1,E01001678,23-12-2018,1,1,3,2,20,4,2,4,1,0,0,-1,0,-1
15781,72.62617866,23.09200144,1,3,2,1,5,17:35,6,E09000011,3,209,6,30,8,4,5,0,0,5,4,1,1,0,0,1,1,E01001669,22-12-2018,1,1,2,2,78,11,3,0,0,0,3,-1,11,1
15782,72.53634871,23.04109301,1,3,2,1,4,08:43,6,E09000011,3,102,3,50,0,-1,-1,0,0,0,1,1,1,0,0,1,1,E01001663,14-12-2018,1,1,3,1,21,5,3,5,1,0,0,-1,0,1
15783,72.64082198,22.9861656,1,3,3,1,1,20:37,6,E09000011,6,0,6,30,7,3,6,0,0,0,7,1,1,0,0,1,2,E01001676,25-12-2018,1,1,1,2,39,7,2,0,0,0,0,-1,9,1
15784,72.59701361,23.00364008,1,2,1,1,4,16:40,6,E09000011,5,0,6,30,3,2,3,206,0,5,4,1,1,0,0,1,1,E01001662,30-11-2018,1,1,2,2,59,9,3,0,0,1,0,-1,9,1
15785,72.63768778,23.03058387,1,3,1,1,4,17:00,18,E09000004,3,2,3,50,0,-1,-1,0,0,0,4,1,2,0,0,1,1,E01000390,28-12-2018,1,1,1,2,47,8,3,0,0,0,0,-1,9,1
15786,72.63507815,23.07672635,1,3,3,1,1,20:20,6,E09000011,5,0,6,30,0,-1,-1,0,0,0,7,1,1,0,0,1,2,E01001695,27-11-2018,1,1,1,1,46,8,3,0,0,0,0,-1,5,1
15787,72.54521795,23.00353589,1,3,1,1,2,12:34,6,E09000011,6,0,6,30,3,4,3,211,0,0,1,1,1,0,0,1,1,E01001613,19-12-2018,2,1,2,2,16,4,3,0,0,1,0,-1,9,1
15788,72.59677041,23.01222833,1,3,1,1,2,04:45,6,E09000011,5,0,3,50,0,-1,-1,0,0,0,4,1,1,0,0,1,1,E01001614,05-12-2018,2,2,2,2,32,6,3,0,0,2,0,-1,9,1
15789,72.53825831,23.08687784,1,3,2,2,2,13:01,6,E09000011,3,210,3,30,3,4,6,0,0,0,1,1,1,0,0,1,1,E01001661,12-12-2018,2,1,1,1,45,7,3,0,0,0,0,-1,9,1
15790,72.64257112,23.07314855,1,3,3,1,2,07:00,18,E09000004,3,2,3,50,0,-1,-1,0,0,0,4,1,2,0,0,1,2,E01000412,12-12-2018,1,1,3,1,12,3,3,5,3,0,0,-1,0,1
15791,72.58673867,23.04474628,1,3,2,1,1,14:37,6,E09000011,6,0,6,30,0,-1,-1,0,0,0,1,1,1,0,0,1,2,E01001641,04-12-2018,2,1,1,2,28,6,3,0,0,0,0,-1,9,1
15792,72.51101024,23.07530568,1,3,2,1,1,00:01,6,E09000011,5,0,6,30,3,3,4,210,0,0,4,1,1,0,0,1,2,E01001591,18-12-2018,1,1,2,2,57,9,3,0,0,0,3,-1,11,1
15793,72.659157,23.00133475,1,3,2,1,6,08:35,6,E09000011,3,20,6,30,3,4,6,0,0,0,1,1,1,0,0,1,1,E01001598,16-12-2018,1,1,3,2,30,6,3,1,2,0,0,-1,0,1
15794,72.63521139,23.01863125,1,3,2,1,6,12:10,6,E09000011,5,0,6,30,6,4,6,0,0,0,1,1,1,0,0,1,1,E01001695,02-12-2018,1,1,1,1,38,7,3,0,0,0,0,-1,1,1
15795,72.52444706,22.99575013,1,3,2,1,5,20:30,6,E09000011,3,2,1,30,1,4,5,0,0,0,4,1,1,0,0,1,1,E01003200,22-12-2018,1,1,2,2,32,6,3,0,0,2,0,-1,9,1
15796,72.51703662,23.04283945,1,3,2,1,3,11:28,6,E09000011,6,0,6,30,0,-1,-1,0,0,0,1,1,1,0,0,1,1,E01001655,20-12-2018,1,3,1,1,33,6,3,0,0,0,0,-1,9,1
15797,72.62812459,23.09301658,1,3,2,1,3,19:10,6,E09000011,3,206,6,30,3,4,6,0,0,0,4,1,1,0,0,1,2,E01001662,20-12-2018,2,2,1,1,51,8,3,0,0,0,0,-1,9,1
15798,72.59775614,23.06800364,1,3,2,2,2,15:50,6,E09000011,3,2,3,50,0,-1,-1,0,0,0,1,1,1,0,0,1,1,E01001583,19-12-2018,2,1,1,2,25,5,3,0,0,0,0,-1,9,1
15799,72.61852304,23.0101381,1,3,1,1,5,15:30,6,E09000011,3,206,6,30,0,-1,-1,0,0,0,1,1,1,0,0,1,1,E01001707,22-12-2018,1,1,1,1,24,5,3,0,0,0,0,-1,4,1
15800,72.5910301,23.02913797,1,3,1,1,5,15:21,6,E09000011,6,0,6,30,0,-1,-1,0,0,0,1,1,1,0,0,1,1,E01001642,15-12-2018,2,1,1,1,18,4,3,0,0,0,0,-1,3,1
15801,72.57876791,22.98605075,1,3,2,1,1,16:00,18,E09000004,3,2041,1,30,1,4,3,2041,0,0,1,1,1,0,0,1,2,E01001575,20-11-2018,2,1,1,2,77,11,3,0,0,0,0,-1,9,-1
15802,72.64489754,23.03525433,1,3,2,1,4,06:46,7,E09000023,3,2,6,30,7,4,4,209,0,4,4,1,2,0,0,1,1,E01001642,07-12-2018,1,1,1,1,55,8,2,0,0,0,0,-1,3,1
15803,72.51787958,22.98992248,1,3,1,1,2,14:20,6,E09000011,4,212,6,30,0,-1,-1,0,0,1,1,1,1,0,0,1,1,E01001581,12-12-2018,1,1,1,1,42,7,3,0,0,0,0,-1,5,1
15804,72.55341653,23.03620665,1,3,1,1,2,19:10,6,E09000011,6,0,6,30,0,-1,-1,0,0,0,4,1,1,0,0,1,1,E01001637,28-11-2018,1,1,3,2,14,3,3,5,3,0,0,-1,0,1
15805,72.6366319,23.03656131,1,3,2,1,3,07:05,6,E09000011,3,207,6,30,3,4,6,0,0,4,4,1,1,0,0,1,1,E01001651,20-12-2018,2,1,1,1,16,4,3,0,0,0,0,-1,1,1
15806,72.53458242,22.98358364,1,2,2,1,2,07:40,6,E09000011,6,0,6,30,0,-1,-1,0,0,0,1,1,2,0,0,1,1,E01001596,26-12-2018,1,1,3,1,11,3,3,5,3,0,0,-1,0,-1
15807,72.55226832,23.06032699,1,3,2,1,1,02:25,6,E09000011,6,0,6,30,0,-1,-1,0,0,0,4,1,2,0,0,1,1,E01001684,25-12-2018,2,1,1,2,19,4,3,0,0,0,0,-1,9,1
15808,72.58568039,22.98330283,1,3,2,1,2,14:00,6,E09000011,6,0,6,30,0,-1,-1,0,0,0,1,1,1,0,0,1,2,E01001707,05-12-2018,1,1,3,1,10,2,3,4,1,0,0,-1,0,1
15809,72.5137099,22.9753776,1,3,3,1,2,13:45,6,E09000011,5,0,6,30,3,4,6,0,0,0,1,1,1,0,0,1,1,E01001590,28-11-2018,1,1,3,2,14,3,2,5,1,0,0,-1,0,1
15810,72.52765286,23.01832827,1,3,1,3,1,12:30,6,E09000011,3,205,3,50,0,-1,-1,0,0,0,1,1,1,0,0,1,1,E01001659,18-12-2018,1,1,1,1,25,5,3,0,0,0,0,-1,9,1
15811,72.53141902,22.97019169,1,3,2,1,7,14:30,6,E09000011,3,200,6,30,3,2,4,208,0,0,1,1,1,0,0,1,1,E01001643,10-12-2018,2,2,1,2,65,9,3,0,0,0,0,-1,9,-1
15812,72.55187997,22.98206447,1,3,1,1,5,16:30,6,E09000011,6,0,6,30,6,4,6,0,0,0,1,1,1,0,0,1,2,E01001698,01-12-2018,2,3,2,2,73,10,3,0,0,2,0,-1,9,-1
15813,72.63518725,23.06882368,1,3,2,1,6,17:48,6,E09000011,3,206,6,30,3,4,6,0,0,1,4,1,1,0,0,1,1,E01001666,09-12-2018,1,1,1,1,49,8,3,0,0,0,0,-1,5,1
15814,72.58884074,23.001837,1,3,3,1,5,08:37,6,E09000011,3,2041,1,40,1,4,3,2016,0,0,1,1,2,0,0,1,1,E01001693,24-11-2018,1,1,1,1,83,11,3,0,0,0,0,-1,9,1
15815,72.52721197,23.00145865,1,3,1,1,7,14:15,6,E09000011,3,206,3,30,0,-1,-1,0,0,0,1,1,1,0,0,1,1,E01001707,27-08-2018,2,1,1,2,25,5,3,0,0,0,0,-1,9,1
15816,72.56948901,23.0160722,1,3,2,1,2,13:30,6,E09000011,3,2052,6,30,3,4,5,0,0,0,1,1,1,0,0,1,2,E01001666,12-12-2018,1,1,1,1,28,6,3,0,0,0,0,-1,5,1
15817,72.61772043,23.04833834,1,3,1,1,3,07:34,6,E09000011,3,205,6,30,6,4,6,0,0,1,1,1,1,0,0,1,1,E01001707,13-09-2018,2,1,1,1,50,8,3,0,0,0,0,-1,9,-1
15818,72.56901037,23.09311564,1,3,3,1,5,09:05,6,E09000011,3,211,6,30,3,4,6,0,0,0,1,1,2,0,0,1,2,E01001617,08-12-2018,2,2,2,2,50,8,3,0,0,1,0,-1,9,-1
15819,72.55464676,23.01848925,1,3,2,2,1,15:35,6,E09000011,3,206,6,30,3,2,5,0,0,0,1,1,1,0,0,1,1,E01001707,28-08-2018,1,1,3,1,41,7,3,5,1,0,0,-1,0,-1
15820,72.62437121,23.00657053,1,2,2,1,5,12:55,6,E09000011,6,0,6,30,8,4,6,0,0,0,1,2,2,0,0,1,1,E01001688,03-11-2018,2,1,1,1,20,4,2,0,0,0,0,-1,9,1
15821,72.66527828,23.05638729,1,3,2,2,2,12:11,6,E09000011,5,0,6,30,6,4,6,0,0,0,1,1,1,0,0,1,1,E01001701,14-11-2018,1,1,1,1,53,8,2,0,0,0,0,-1,9,-1
15822,72.56070416,23.02167152,1,3,2,1,2,17:45,6,E09000011,3,207,6,30,8,4,6,0,0,4,4,1,1,0,0,1,2,E01001652,07-11-2018,2,2,1,1,41,7,3,0,0,0,0,-1,9,2
15823,72.61194353,23.00092631,1,3,1,1,4,20:45,6,E09000011,3,208,6,30,0,-1,-1,0,0,4,4,1,1,0,0,1,2,E01001621,23-11-2018,1,3,1,2,50,8,2,0,0,0,0,-1,9,1
15824,72.59169283,23.03249187,1,3,1,1,7,18:15,6,E09000011,3,210,6,30,0,-1,-1,0,0,0,4,1,1,0,0,1,2,E01001615,03-09-2018,2,1,2,2,73,10,2,0,0,1,0,-1,9,-1
15825,72.5316141,23.01438057,1,3,1,1,7,12:48,6,E09000011,4,210,6,30,0,-1,-1,0,0,0,1,1,1,0,0,1,1,E01001591,01-10-2018,2,2,1,1,77,11,2,0,0,0,0,-1,9,1
15826,72.6494469,23.04221232,1,3,2,1,3,07:00,6,E09000011,3,102,3,30,6,4,3,206,0,0,1,1,1,0,0,1,1,E01001663,18-10-2018,1,1,1,2,33,6,3,0,0,0,0,-1,9,2
15827,72.56399403,22.96934422,1,2,1,1,3,11:40,6,E09000011,3,102,3,50,0,-1,-1,0,0,0,1,1,1,0,0,1,1,E01001663,01-11-2018,2,1,2,1,-1,-1,3,0,0,0,4,-1,11,-1
15828,72.53301405,23.03063724,1,3,2,1,1,11:30,6,E09000011,3,205,6,30,6,2,4,210,0,5,1,1,1,0,0,1,1,E01001699,18-09-2018,1,1,2,1,88,11,3,0,0,0,4,-1,11,1
15829,72.65563634,23.08670375,1,3,2,1,5,18:45,6,E09000011,6,0,6,30,0,-1,-1,0,0,0,4,1,4,0,0,1,1,E01001642,29-12-2018,1,1,1,1,44,7,3,0,0,0,0,-1,5,1
15830,72.65849019,23.06932112,1,3,2,2,4,18:44,6,E09000011,3,206,3,30,3,2,3,205,0,5,4,1,1,0,0,1,2,E01001707,07-12-2018,2,1,1,1,23,5,2,0,0,0,0,-1,3,-1
15831,72.57699981,23.03828186,1,3,2,1,3,16:15,6,E09000011,3,206,6,30,3,4,6,0,0,4,1,1,1,0,0,1,1,E01001664,18-10-2018,2,1,1,2,22,5,3,0,0,0,0,-1,9,1
15832,72.56972031,22.99316734,1,3,2,2,6,22:10,6,E09000011,3,205,3,30,3,4,6,0,0,0,4,1,1,0,0,1,1,E01001707,30-12-2018,1,1,1,1,31,6,3,0,0,0,0,-1,11,1
15833,72.56074898,23.02573292,1,3,1,1,5,13:05,6,E09000011,6,0,6,30,0,-1,-1,0,0,0,1,1,2,0,0,1,1,E01001609,29-12-2018,1,1,3,2,14,3,3,5,3,0,0,-1,0,1
15834,72.65194724,23.02152827,1,3,2,1,6,20:00,6,E09000011,3,205,6,30,6,2,5,0,0,5,4,1,1,0,0,1,1,E01001699,16-12-2018,1,1,1,2,49,8,3,0,0,0,0,-1,9,1
15835,72.60916464,23.07368437,1,2,2,1,4,19:34,6,E09000011,6,0,6,30,6,4,6,0,0,0,4,1,1,0,0,1,1,E01001673,07-12-2018,2,2,1,2,57,9,3,0,0,0,0,-1,9,2
15836,72.59002766,23.07023917,1,3,2,1,2,08:50,6,E09000011,6,0,6,30,0,-1,-1,0,0,0,1,1,1,0,0,1,1,E01001642,19-12-2018,1,1,1,1,42,7,3,0,0,0,0,-1,9,1
15837,72.54373028,23.02351194,1,3,2,1,4,08:00,6,E09000011,3,2052,1,30,1,4,5,0,0,1,1,1,1,0,0,1,2,E01001667,14-12-2018,1,1,1,2,31,6,3,0,0,0,0,-1,9,1
15838,72.62705587,23.07091981,1,3,1,1,5,15:55,18,E09000004,4,2214,6,30,0,-1,-1,0,0,0,1,1,1,0,0,1,1,E01000344,06-01-2018,2,1,1,1,28,6,3,0,0,0,0,-1,9,1
15839,72.54097158,23.03996744,1,3,1,1,2,17:05,18,E09000004,3,207,6,30,0,-1,-1,0,0,0,4,1,1,0,0,1,1,E01000414,03-01-2018,1,1,2,1,76,11,3,0,0,0,3,-1,11,-1
15840,72.62604165,23.05971578,1,2,2,1,4,15:55,18,E09000004,3,207,6,30,3,4,6,0,0,0,1,1,2,0,0,1,1,E01000362,05-01-2018,2,1,3,1,43,7,2,9,8,0,0,-1,0,1
15841,72.53363082,22.97889151,1,3,1,1,6,08:35,18,E09000004,5,0,6,30,3,2,6,0,0,5,1,1,1,0,0,1,1,E01000360,07-01-2018,1,1,1,2,44,7,3,0,0,0,0,-1,9,1
15842,72.5643656,22.98467571,1,3,2,1,4,08:17,18,E09000004,3,206,6,30,3,4,6,0,0,0,1,1,1,0,0,1,1,E01000333,05-01-2018,1,1,3,1,39,7,2,5,3,0,0,-1,0,1
15843,72.64723524,22.97466232,1,3,3,2,7,17:37,18,E09000004,3,207,6,30,3,2,3,207,0,5,4,1,1,0,0,1,1,E01000378,08-01-2018,1,1,2,2,59,9,3,0,0,0,0,-1,5,3