Accident_Index,longitude,latitude,Police_Force,Accident_Severity,Number_of_Vehicles,Number_of_Casualties,Day_of_Week,Time,Local_Authority_(District),Local_Authority_(Highway),1st_Road_Class,1st_Road_Number,Road_Type,Speed_limit,Junction_Detail,Junction_Control,2nd_Road_Class,2nd_Road_Number,Pedestrian_Crossing-Human_Control,Pedestrian_Crossing-Physical_Facilities,Light_Conditions,Weather_Conditions,Road_Surface_Conditions,Special_Conditions_at_Site,Carriageway_Hazards,Urban_or_Rural_Area,Did_Police_Officer_Attend_Scene_of_Accident,LSOA_of_Accident_Location,Date,Vehicle_Reference,Casualty_Reference,Casualty_Class,Sex_of_Casualty,Age_of_Casualty,Age_Band_of_Casualty,Casualty_Severity,Pedestrian_Location,Pedestrian_Movement,Car_Passenger,Bus_or_Coach_Passenger,Pedestrian_Road_Maintenance_Worker,Casualty_Type,Casualty_Home_Area_Type
16086,72.6594864,23.0903489,1,3,2,1,7,07:20,18,E09000004,4,213,6,30,0,-1,-1,0,0,1,1,1,1,0,0,1,1,E01000336,11-06-2018,1,1,1,1,91,11,3,0,0,0,0,-1,9,1
16087,72.62179595,23.02655749,1,3,2,3,3,12:40,18,E09000004,3,220,6,30,6,2,5,0,0,0,1,1,1,0,0,1,1,E01000329,21-06-2018,1,1,2,2,2,1,3,0,0,0,3,-1,11,1
16088,72.64799629,23.08953232,1,3,4,2,3,06:50,6,E09000011,3,2,3,50,0,-1,-1,0,0,0,1,1,1,0,0,1,1,E01001621,05-07-2018,1,1,3,1,64,9,3,6,9,0,0,-1,0,-1
16089,72.54784567,22.96885677,1,3,2,2,6,17:53,18,E09000004,3,224,6,30,3,4,6,0,0,0,1,2,2,0,0,1,1,E01000386,01-07-2018,1,1,2,2,41,7,3,0,0,2,0,-1,8,1
16090,72.6360093,23.08767878,1,3,2,1,1,13:57,18,E09000004,3,207,6,30,3,4,6,0,0,0,1,1,1,0,0,1,1,E01000388,10-07-2018,2,1,1,1,17,4,3,0,0,0,0,-1,3,1
16091,72.62009792,23.07107185,1,3,2,1,5,07:23,18,E09000004,3,2,3,50,0,-1,-1,0,0,0,1,2,2,0,0,1,1,E01000349,07-07-2018,1,1,1,2,9,2,3,0,0,0,0,-1,1,1
16092,72.53384499,23.02376315,1,3,2,1,2,10:30,18,E09000004,5,0,6,30,1,4,5,0,0,0,1,1,1,0,0,1,1,E01000359,11-07-2018,2,1,3,2,44,7,3,9,5,0,0,-1,0,1
16093,72.55112511,23.08787536,1,3,2,1,6,22:10,18,E09000004,3,207,6,30,0,-1,-1,0,0,4,1,1,1,4,0,1,1,E01000392,08-07-2018,2,1,1,2,23,5,3,0,0,0,0,-1,9,1
16094,72.5260125,22.97301525,1,3,2,1,2,11:00,18,E09000004,3,206,6,30,8,4,6,0,0,0,1,1,1,0,0,1,1,E01000406,11-07-2018,1,1,3,1,7,2,3,10,9,0,0,-1,0,-1
16095,72.64706487,23.06316641,1,3,2,1,3,16:45,18,E09000004,3,223,6,30,8,4,6,0,0,0,1,1,1,0,0,2,1,E01000378,12-07-2018,1,1,1,1,17,4,3,0,0,0,0,-1,3,1
16096,72.53268667,23.08284276,1,2,1,1,7,21:05,18,E09000004,3,2000,6,30,0,-1,-1,0,0,0,1,1,1,0,0,1,1,E01000377,18-06-2018,1,1,3,1,18,4,3,10,9,0,0,-1,0,-1
16097,72.6533312,23.03455833,1,3,2,1,3,18:35,18,E09000004,6,0,6,30,6,4,6,0,0,0,1,2,2,0,0,1,1,E01000405,05-07-2018,1,1,3,1,64,9,3,5,1,0,0,-1,0,1
16098,72.549408,23.08004786,1,2,1,1,3,11:20,18,E09000004,3,222,6,30,0,-1,-1,0,0,0,1,1,1,0,0,1,1,E01000447,05-07-2018,1,1,2,2,51,8,3,0,0,1,0,-1,9,1
16099,72.55357034,23.08156014,1,2,3,1,1,23:36,18,E09000004,3,223,6,30,0,-1,-1,0,0,0,4,1,1,0,0,1,1,E01000378,10-07-2018,2,1,1,2,4,1,3,0,0,0,0,-1,1,-1
16100,72.66041401,23.01093981,1,3,4,1,5,11:20,18,E09000004,3,20,3,50,0,-1,-1,0,0,0,1,1,1,0,0,1,1,E01000423,14-07-2018,2,1,1,2,39,7,3,0,0,0,0,-1,9,1
16101,72.52133099,23.03915557,1,3,1,1,3,06:53,18,E09000004,3,2,3,50,0,-1,-1,0,0,0,1,1,1,0,0,1,1,E01000391,12-07-2018,1,1,1,1,45,7,3,0,0,0,0,-1,9,1
16102,72.62137116,22.98168979,1,3,1,1,7,19:50,18,E09000004,3,206,6,30,3,4,6,0,0,0,1,1,1,0,0,1,1,E01000333,02-07-2018,1,1,1,1,24,5,3,0,0,0,0,-1,9,1
16103,72.58690417,23.06884848,1,2,1,1,5,09:30,18,E09000004,6,0,6,30,3,4,6,0,0,0,1,2,2,0,0,1,1,E01000432,07-07-2018,2,2,1,1,35,6,3,0,0,0,0,-1,9,1
16104,72.55054514,23.0239135,1,3,2,1,6,18:00,18,E09000004,3,223,3,40,0,-1,-1,0,0,0,1,1,1,0,0,2,1,E01000381,15-07-2018,1,1,1,2,82,11,3,0,0,0,0,-1,9,1
16105,72.52008996,23.05992214,1,3,1,2,7,09:19,18,E09000004,3,207,6,30,3,2,3,221,0,5,1,1,1,0,0,1,1,E01000393,16-07-2018,1,1,1,1,33,6,3,0,0,0,0,-1,2,1
16106,72.59728245,23.05271072,1,3,1,1,5,11:30,6,E09000011,5,0,6,30,0,-1,-1,0,0,0,1,1,1,0,0,1,1,E01001614,07-07-2018,1,1,1,2,35,6,3,0,0,0,0,-1,9,1
16107,72.58933386,23.07048865,1,2,1,1,6,11:51,18,E09000004,6,0,6,30,8,4,6,0,0,0,1,1,1,0,0,1,1,E01000384,22-07-2018,2,1,1,1,43,7,3,0,0,0,0,-1,9,1
16108,72.56156358,23.00341247,1,3,1,1,7,10:35,18,E09000004,3,206,6,30,0,-1,-1,0,0,1,1,1,1,0,0,1,1,E01000333,23-07-2018,2,1,1,1,42,7,2,0,0,0,0,-1,9,1
16109,72.55500789,22.99095515,1,3,2,2,6,18:35,18,E09000004,6,0,6,30,8,4,6,0,0,0,1,1,1,0,0,1,1,E01000411,20-05-2018,2,1,2,2,10,2,3,0,0,2,0,-1,9,1
16110,72.54170736,23.0839981,1,3,1,1,3,08:34,18,E09000004,5,0,6,30,3,4,6,0,0,0,1,1,1,0,0,1,1,E01000366,07-06-2018,1,1,1,2,57,9,3,0,0,0,0,-1,9,1
16111,72.51412369,23.03108008,1,3,3,1,5,14:30,18,E09000004,3,207,6,30,3,4,6,0,0,0,1,1,1,0,0,1,2,E01000392,14-07-2018,2,1,1,1,19,4,3,0,0,0,0,-1,9,1
16112,72.61968907,22.98840874,1,3,1,1,2,18:19,18,E09000004,3,206,6,30,0,-1,-1,0,0,0,1,1,1,0,0,1,1,E01000373,25-07-2018,1,1,2,1,21,5,2,0,0,1,0,-1,9,1
16113,72.63336105,22.97424718,1,3,1,1,3,17:30,18,E09000004,6,0,6,30,0,-1,-1,0,0,0,1,1,1,0,0,1,1,E01000432,12-07-2018,1,1,3,1,13,3,3,5,3,0,0,-1,0,1
16114,72.56216727,23.07606919,1,3,2,1,6,14:50,18,E09000004,3,207,6,30,8,4,6,0,0,0,1,1,1,0,0,1,1,E01000389,15-07-2018,1,1,1,2,42,7,3,0,0,0,0,-1,9,1
16115,72.53795515,23.04819682,1,3,2,1,2,21:20,18,E09000004,3,207,3,30,3,2,5,0,0,5,4,1,1,0,0,1,1,E01000414,25-07-2018,1,1,1,2,54,8,3,0,0,0,0,-1,9,2
16116,72.51567847,23.00650564,1,3,2,1,5,18:32,18,E09000004,5,0,6,30,8,4,6,0,0,0,1,1,1,0,0,1,1,E01000365,14-07-2018,2,1,1,2,26,6,2,0,0,0,0,-1,9,1
16117,72.57605013,23.0388103,1,2,2,1,4,17:00,18,E09000004,6,0,6,30,8,4,6,0,0,0,1,1,1,0,0,1,1,E01001614,20-07-2018,1,1,3,2,13,3,3,5,9,0,0,-1,0,1
16118,72.58973247,23.08710351,1,3,2,1,4,19:25,18,E09000004,3,211,1,30,1,4,5,0,0,0,1,1,1,0,0,1,1,E01000385,13-07-2018,1,1,1,2,49,8,3,0,0,0,0,-1,9,1
16119,72.63226577,23.0541013,1,2,2,1,6,08:40,18,E09000004,4,2214,1,30,2,4,5,0,0,0,1,1,1,0,0,1,1,E01000339,29-07-2018,1,1,1,1,23,5,3,0,0,0,0,-1,3,1
16120,72.64050608,23.03801061,1,3,3,2,3,16:26,18,E09000004,3,206,6,30,0,-1,-1,0,0,0,1,1,1,0,0,1,1,E01000374,12-07-2018,2,1,1,1,38,7,3,0,0,0,0,-1,9,1
16121,72.5123348,22.98987285,1,3,1,1,2,15:41,18,E09000004,6,0,6,30,0,-1,-1,0,0,0,1,1,1,0,0,1,1,E01000407,11-07-2018,1,1,1,1,39,7,3,0,0,0,0,-1,5,1
16122,72.51725864,22.9767595,1,2,2,1,6,16:12,18,E09000004,3,224,6,30,0,-1,-1,0,0,0,1,1,1,0,0,1,1,E01000386,29-07-2018,1,2,2,2,16,4,3,0,0,0,0,-1,5,1
16123,72.56198273,23.03517303,1,3,2,1,2,20:15,18,E09000004,6,0,6,30,0,-1,-1,0,0,0,1,2,2,0,0,1,1,E01000391,18-07-2018,1,1,1,1,-1,-1,3,0,0,0,0,-1,3,-1
16124,72.55390432,23.09097184,1,3,2,1,2,07:17,18,E09000004,6,0,6,30,3,4,6,0,0,0,1,2,2,0,0,1,1,E01000407,25-07-2018,1,1,3,1,16,4,2,5,2,0,0,-1,0,1
16125,72.59666159,23.08040064,1,3,2,1,2,10:00,18,E09000004,6,0,6,30,8,4,3,210,0,0,1,1,1,0,0,1,2,E01000340,25-07-2018,2,1,1,2,48,8,3,0,0,0,0,-1,9,1
16126,72.60262407,22.99332293,1,3,2,1,4,12:35,18,E09000004,3,211,6,30,6,2,3,224,0,5,1,2,2,0,0,1,2,E01000385,27-07-2018,1,1,1,2,36,7,2,0,0,0,0,-1,9,1
16127,72.62123585,23.07864436,1,3,2,1,3,17:10,18,E09000004,6,0,6,30,0,-1,-1,0,0,0,1,1,1,0,0,1,1,E01000368,19-07-2018,1,1,1,1,23,5,3,0,0,0,0,-1,9,1
16128,72.57619373,22.97269113,1,3,2,2,3,12:10,18,E09000004,3,220,6,30,6,2,5,0,0,5,1,1,1,0,0,1,1,E01000330,02-08-2018,1,1,1,2,25,5,3,0,0,0,0,-1,9,1
16129,72.65557075,23.02888712,1,3,2,1,3,17:00,18,E09000004,5,0,6,30,6,4,5,0,0,0,1,1,1,0,0,1,1,E01001574,19-07-2018,2,2,2,2,29,6,3,0,0,2,0,-1,9,1
16130,72.6018289,23.08981985,1,3,2,1,3,17:00,18,E09000004,3,2,3,50,0,-1,-1,0,0,0,1,1,2,0,0,1,2,E01000349,05-07-2018,2,3,2,2,5,1,3,0,0,2,0,-1,9,-1
16131,72.5916516,23.07213165,1,3,2,1,4,07:55,18,E09000004,3,210,6,30,3,2,6,0,0,5,1,1,2,0,0,1,1,E01000347,03-08-2018,2,4,2,1,3,1,3,0,0,2,0,-1,9,-1
16132,72.64883556,23.0763362,1,2,1,1,3,13:35,18,E09000004,3,220,1,30,1,4,5,0,0,0,1,1,1,0,0,1,1,E01000327,19-07-2018,1,1,1,1,21,5,2,0,0,0,0,-1,5,1
16133,72.54389122,23.03562607,1,3,1,1,6,17:00,18,E09000004,6,0,6,30,8,4,6,0,0,0,1,1,1,0,0,1,2,E01000360,05-08-2018,2,1,1,2,57,9,3,0,0,0,0,-1,1,1
16134,72.56699261,23.04982513,1,2,2,1,6,11:02,18,E09000004,6,0,6,30,3,4,6,0,0,0,1,1,1,0,0,1,1,E01000372,29-07-2018,1,1,1,1,43,7,3,0,0,0,0,-1,9,1
16135,72.5116869,23.02786541,1,2,2,1,3,16:50,18,E09000004,3,207,6,30,3,4,6,0,0,0,1,1,1,0,0,1,2,E01000395,02-08-2018,1,1,1,1,18,4,3,0,0,0,0,-1,9,3
16136,72.53258822,23.0772538,1,3,2,2,3,16:07,18,E09000004,3,211,6,30,8,4,6,0,0,0,1,1,1,0,0,1,1,E01000423,12-07-2018,1,1,1,1,29,6,2,0,0,0,0,-1,1,1
16137,72.57691098,23.07611752,1,3,1,1,3,16:00,18,E09000004,3,224,6,30,0,-1,-1,0,0,0,1,1,1,0,0,1,1,E01000386,26-07-2018,1,1,1,2,51,8,3,0,0,0,0,-1,9,1
16138,72.51714703,23.0321383,1,2,2,1,4,08:38,18,E09000004,5,0,6,30,0,-1,-1,0,0,0,1,1,1,0,0,1,1,E01000343,10-08-2018,2,2,1,2,78,11,3,0,0,0,0,-1,9,1
16139,72.52448815,23.00737158,1,3,2,1,3,10:10,18,E09000004,3,20,7,30,1,4,3,222,0,0,1,1,1,0,0,2,2,E01000693,26-04-2018,2,1,2,1,18,4,3,0,0,1,0,-1,9,1
16140,72.65394885,22.97148269,1,3,1,1,2,17:15,18,E09000004,3,207,6,30,0,-1,-1,0,0,5,1,1,1,0,0,1,2,E01000362,08-08-2018,2,1,1,1,11,3,3,0,0,0,0,-1,1,1
16141,72.65515467,23.08302576,1,3,1,1,6,08:42,18,E09000004,3,2016,6,30,3,4,6,0,0,0,1,1,1,0,0,1,1,E01000404,12-08-2018,1,1,2,2,38,7,3,0,0,0,2,-1,11,-1
16142,72.54173401,22.98894568,1,3,2,2,2,18:00,18,E09000004,6,0,6,30,3,4,6,0,0,0,1,1,1,0,0,1,1,E01000383,25-07-2018,1,1,1,1,20,4,3,0,0,0,0,-1,9,1
16143,72.5675456,23.0182541,1,3,1,1,4,07:40,18,E09000004,6,0,6,30,3,4,3,206,0,0,1,2,2,0,0,1,1,E01000332,03-08-2018,2,2,2,1,7,2,3,0,0,1,0,-1,9,1
16144,72.58982923,22.99987656,1,3,2,1,4,18:05,18,E09000004,5,0,6,30,3,4,6,0,0,0,1,1,1,0,0,1,1,E01000394,17-08-2018,1,1,1,1,46,8,3,0,0,0,0,-1,9,-1
16145,72.64762465,23.09176797,1,3,1,1,6,15:19,18,E09000004,3,2016,6,30,3,4,6,0,0,0,1,1,1,0,0,1,2,E01000404,15-04-2018,2,2,2,2,39,7,3,0,0,1,0,-1,9,1
16146,72.66285701,23.02574007,1,3,3,2,4,21:55,18,E09000004,3,220,6,30,0,-1,-1,0,0,0,4,1,1,0,0,1,1,E01000355,17-08-2018,1,1,1,1,30,6,3,0,0,0,0,-1,5,1
16147,72.64544856,23.00469583,1,3,3,1,6,08:00,18,E09000004,3,223,3,30,2,4,3,223,0,0,1,2,2,0,0,1,1,E01000447,19-08-2018,2,1,2,2,30,6,2,0,0,1,0,-1,9,1
16148,72.58747667,23.04943734,1,3,2,1,7,00:15,18,E09000004,3,223,1,30,1,4,3,223,0,0,4,1,1,0,0,1,1,E01000383,13-08-2018,1,1,3,2,45,7,2,5,1,0,0,-1,0,-1
16149,72.6406206,22.98476635,1,3,1,1,3,02:45,18,E09000004,3,2016,3,40,0,-1,-1,0,0,0,4,1,1,0,0,1,1,E01000335,16-08-2018,1,1,1,1,38,7,3,0,0,0,0,-1,9,1
16150,72.65659469,22.96757353,1,3,2,1,5,12:30,18,E09000004,6,0,6,30,0,-1,-1,0,0,0,1,1,1,0,0,1,2,E01000402,25-08-2018,1,1,1,1,34,6,3,0,0,0,0,-1,19,1
16151,72.64780064,23.03688961,1,3,2,1,1,13:20,18,E09000004,4,2210,6,30,8,4,6,0,0,0,1,1,1,0,0,1,1,E01000352,14-08-2018,1,2,2,2,40,7,3,0,0,0,0,-1,19,1
16152,72.61347638,22.97660831,1,3,2,1,6,17:00,18,E09000004,5,0,6,30,3,4,6,0,0,0,1,1,1,0,0,1,2,E01000333,29-07-2018,1,1,3,2,40,7,3,6,9,0,0,-1,0,-1
16153,72.62906799,23.00118537,1,3,2,1,6,06:40,18,E09000004,3,220,1,30,1,4,3,223,0,0,4,1,1,0,0,2,1,E01000331,19-08-2018,2,1,1,1,29,6,3,0,0,0,0,-1,1,1
16154,72.59862764,22.98031197,1,3,1,1,6,16:11,18,E09000004,4,252,6,30,0,-1,-1,0,0,0,1,1,1,0,0,1,1,E01000403,26-08-2018,2,1,1,2,27,6,3,0,0,0,0,-1,9,1
16155,72.66074329,23.07842274,1,3,2,1,4,17:20,18,E09000004,3,2,3,50,3,4,6,0,0,0,1,1,1,0,0,1,1,E01000352,24-08-2018,1,1,1,2,34,6,3,0,0,0,0,-1,9,1
16156,72.5728448,23.03781623,1,3,2,1,6,12:15,18,E09000004,5,0,6,30,3,4,5,0,0,1,1,1,1,4,0,1,2,E01000346,09-09-2018,1,1,1,1,35,6,3,0,0,0,0,-1,9,1
16157,72.61239768,23.06057532,1,3,3,2,7,19:15,18,E09000004,3,2,3,50,3,4,3,221,0,0,1,2,2,0,0,1,2,E01000390,10-09-2018,1,1,1,1,46,8,3,0,0,0,0,-1,9,1
16158,72.50986071,22.99327781,1,3,4,1,4,17:15,18,E09000004,3,209,6,30,0,-1,-1,0,0,0,1,1,1,0,0,1,2,E01000392,07-09-2018,1,1,1,1,39,7,3,0,0,0,0,-1,5,2
16159,72.5230503,22.9802032,1,3,1,1,4,11:25,18,E09000004,5,0,6,30,3,4,5,0,0,0,1,1,1,0,0,1,2,E01000362,07-09-2018,1,1,2,2,44,7,3,0,0,1,0,-1,9,1
16160,72.52562403,22.99570105,1,3,1,1,3,17:05,18,E09000004,3,2016,3,30,0,-1,-1,0,0,0,1,1,1,0,0,2,1,E01000466,23-08-2018,1,2,2,2,9,2,3,0,0,2,0,-1,9,1
16161,72.63470991,23.08339345,1,3,2,1,5,11:30,18,E09000004,6,0,6,30,3,4,3,221,0,0,1,1,1,0,0,1,2,E01000391,01-09-2018,1,1,1,2,35,6,3,0,0,0,0,-1,9,1
16162,72.56526739,23.05580354,1,3,2,1,6,18:07,18,E09000004,3,2,3,50,5,4,6,0,0,0,1,1,1,0,0,2,1,E01000364,26-08-2018,1,1,1,2,73,10,3,0,0,0,0,-1,9,1
16163,72.51923194,23.00614264,1,3,2,1,2,17:31,18,E09000004,3,207,6,30,8,4,6,0,0,0,1,2,2,0,0,1,1,E01000389,22-08-2018,2,1,1,1,49,8,3,0,0,0,0,-1,5,1
16164,72.57334072,23.00233965,1,3,2,1,3,07:45,18,E09000004,3,2,3,50,0,-1,-1,0,0,0,1,1,1,0,0,1,1,E01000449,06-09-2018,1,1,1,1,59,9,3,0,0,0,0,-1,3,1
16165,72.63416492,22.9666805,1,3,2,1,7,17:50,18,E09000004,3,211,6,30,8,4,6,0,0,0,1,1,1,0,0,1,1,E01000428,03-09-2018,1,1,3,2,10,2,3,10,9,0,0,-1,0,-1
16166,72.57816775,23.03621586,1,3,2,1,6,13:25,18,E09000004,3,211,1,30,1,4,3,223,0,0,1,1,1,0,0,1,1,E01000383,02-09-2018,1,1,3,2,6,2,3,10,9,0,0,-1,0,-1
16167,72.65775984,23.01372269,1,3,2,1,5,07:55,18,E09000004,4,213,6,30,3,4,6,0,0,0,1,1,1,0,0,1,1,E01000418,08-09-2018,1,1,1,1,40,7,3,0,0,0,0,-1,19,1
16168,72.59506118,23.06311887,1,3,2,1,4,14:05,18,E09000004,3,224,6,30,3,4,3,224,0,0,1,1,1,0,0,1,1,E01000386,07-09-2018,1,1,1,2,-1,-1,3,0,0,0,0,-1,9,1
16169,72.58323728,23.08907863,1,3,2,1,2,18:00,18,E09000004,6,0,6,30,3,4,6,0,0,0,1,1,1,0,0,1,1,E01000347,29-08-2018,1,1,1,1,25,5,3,0,0,0,0,-1,2,1
16170,72.54569541,23.02029967,1,3,2,1,5,17:25,18,E09000004,6,0,6,30,0,-1,-1,0,0,0,1,1,1,0,0,1,1,E01000424,25-08-2018,1,1,3,1,12,3,3,10,9,0,0,-1,0,1
16171,72.66054693,23.00626061,1,3,2,3,5,13:34,18,E09000004,3,211,6,30,6,4,6,0,0,0,1,1,1,0,0,1,1,E01000384,08-09-2018,1,1,2,1,21,5,3,0,0,0,2,-1,11,-1
16172,72.58258844,22.98563608,1,3,1,1,7,11:30,18,E09000004,3,207,6,30,3,4,6,0,0,0,1,1,1,0,0,1,2,E01000360,10-09-2018,2,1,1,1,11,3,3,0,0,0,0,-1,1,-1
16173,72.5135023,23.02330061,1,3,2,2,1,16:10,18,E09000004,3,220,6,30,3,4,6,0,0,0,1,1,1,0,0,2,1,E01000364,04-09-2018,1,1,1,2,31,6,3,0,0,0,0,-1,9,2
16174,72.51065318,23.06143563,1,3,3,2,3,07:38,18,E09000004,3,206,3,30,0,-1,-1,0,0,0,1,1,1,0,0,1,1,E01000431,13-09-2018,1,2,2,2,-1,-1,3,0,0,1,0,-1,9,1
16175,72.56579568,22.96634132,1,3,2,2,7,13:45,18,E09000004,3,207,6,30,8,4,6,0,0,0,1,1,1,0,0,1,1,E01000388,17-09-2018,1,1,1,1,78,11,3,0,0,0,0,-1,9,1
16176,72.51615504,23.04593921,1,2,2,2,2,16:45,18,E09000004,3,2,3,50,5,4,6,0,0,0,1,1,1,0,0,1,2,E01000352,05-09-2018,1,2,2,2,-1,-1,3,0,0,1,0,-1,9,-1
16177,72.5622289,23.05167069,1,3,1,1,6,14:55,18,E09000004,3,220,6,30,3,4,6,0,0,0,1,1,1,0,0,1,1,E01000362,16-09-2018,1,2,2,2,66,10,3,0,0,1,0,-1,9,1
16178,72.51756137,23.01982433,1,3,3,4,7,14:05,18,E09000004,3,206,6,30,1,4,4,250,0,1,1,1,1,0,0,1,1,E01000332,10-09-2018,2,1,1,1,20,4,3,0,0,0,0,-1,9,-1
16179,72.62248183,22.9843051,1,3,1,1,7,07:25,18,E09000004,3,207,6,30,3,2,5,0,0,5,4,1,1,0,0,1,2,E01000414,17-09-2018,1,1,1,2,21,5,3,0,0,0,0,-1,9,1
16180,72.52867142,23.04087081,1,3,2,2,5,14:05,19,E09000006,3,20,3,50,0,-1,-1,0,0,0,1,1,1,0,0,2,1,E01000728,08-09-2018,1,1,3,1,53,8,3,6,9,0,0,-1,0,-1
16181,72.55249532,23.06443878,1,3,2,1,4,18:00,18,E09000004,5,0,6,30,3,2,3,220,0,5,1,1,1,0,0,1,2,E01000362,07-09-2018,1,1,1,1,29,6,3,0,0,0,0,-1,9,-1
16182,72.65738177,23.07176139,1,3,2,1,3,15:35,6,E09000011,3,211,6,30,0,-1,-1,0,0,0,1,1,1,0,0,1,2,E01001601,20-09-2018,2,2,1,1,51,8,3,0,0,0,0,-1,9,1
16183,72.51640335,22.99517145,1,2,2,1,6,15:15,18,E09000004,3,222,6,30,0,-1,-1,0,0,0,1,1,1,0,0,1,1,E01000462,23-09-2018,1,1,1,1,32,6,3,0,0,0,0,-1,9,1
16184,72.53809916,22.97758155,1,3,3,1,7,18:34,18,E09000004,3,2,3,50,0,-1,-1,0,0,0,1,2,2,0,0,2,1,E01000331,10-09-2018,1,2,2,2,33,6,3,0,0,1,0,-1,9,-1
16185,72.65858009,23.06250519,1,2,2,3,1,18:40,6,E09000011,3,2041,6,50,3,4,6,0,0,0,4,1,1,0,0,1,1,E01001575,18-09-2018,1,1,2,2,65,9,3,0,0,1,0,-1,9,1
16186,72.52138435,23.00783657,1,3,2,1,5,18:19,18,E09000004,3,210,6,30,3,4,6,0,0,0,1,1,1,0,0,1,1,E01000341,28-07-2018,1,1,2,1,13,3,3,0,0,0,1,-1,11,1
16187,72.62946254,23.06836684,1,3,2,2,3,21:35,18,E09000004,5,0,6,30,6,2,5,0,0,5,4,1,1,0,0,1,1,E01000409,30-08-2018,1,1,3,1,2,1,3,10,9,0,0,-1,0,-1
16188,72.59807364,23.08803455,1,3,2,1,5,14:50,18,E09000004,5,0,6,30,0,-1,-1,0,0,0,1,1,2,0,0,1,1,E01000434,15-09-2018,1,1,1,1,35,6,3,0,0,0,0,-1,2,1
16189,72.55258077,23.03716996,1,3,4,2,5,23:48,18,E09000004,5,0,6,30,0,-1,-1,0,0,0,4,1,1,0,0,1,1,E01000441,01-09-2018,1,1,1,1,39,7,3,0,0,0,0,-1,9,1
16190,72.52710647,23.06131123,1,2,2,1,4,14:24,18,E09000004,5,0,6,30,3,4,6,0,0,0,1,1,1,0,0,1,1,E01000356,07-09-2018,1,1,1,2,22,5,3,0,0,0,0,-1,9,1
16191,72.64290644,23.01039699,1,3,2,2,1,17:25,18,E09000004,5,0,1,30,1,4,6,0,0,0,1,1,1,0,0,1,1,E01000363,11-09-2018,1,1,1,2,28,6,3,0,0,0,0,-1,9,1
16192,72.56788748,23.00550094,1,3,3,2,3,11:20,18,E09000004,5,0,6,30,0,-1,-1,0,0,0,1,1,1,0,0,1,1,E01000393,13-09-2018,1,1,1,1,22,5,3,0,0,0,0,-1,3,1
16193,72.52141951,23.00448811,1,3,2,1,7,11:44,18,E09000004,3,207,3,30,6,2,3,207,0,5,1,1,1,0,0,1,1,E01000362,10-09-2018,2,1,1,1,18,4,3,0,0,0,0,-1,1,1
16194,72.57302307,22.999589,1,2,4,1,7,14:30,18,E09000004,6,0,6,30,0,-1,-1,0,0,0,1,1,1,0,0,1,1,E01000455,17-09-2018,1,1,1,1,27,6,2,0,0,0,0,-1,9,1
16195,72.62269125,23.08848826,1,3,1,1,2,11:35,18,E09000004,5,0,3,30,3,4,6,0,0,0,1,1,1,0,0,1,1,E01000465,19-09-2018,2,1,1,1,58,9,3,0,0,0,0,-1,5,1
16196,72.57844386,22.99547671,1,3,2,1,6,21:10,18,E09000004,3,207,6,30,7,2,3,2000,0,5,4,1,1,0,0,1,2,E01000378,23-09-2018,1,1,3,2,21,5,3,10,9,0,0,-1,0,1
16197,72.66391403,22.98573023,1,3,2,1,7,16:45,18,E09000004,3,2,3,50,5,4,6,0,0,0,1,1,1,0,0,2,2,E01000364,17-09-2018,1,1,1,2,67,10,3,0,0,0,0,-1,9,1
16198,72.54282117,22.99091689,1,3,2,1,7,12:19,18,E09000004,3,2016,3,50,5,4,6,0,0,0,1,1,1,0,0,1,1,E01000408,27-08-2018,1,2,2,1,19,4,2,0,0,0,0,-1,19,-1
16199,72.6653503,22.97385392,1,3,1,1,7,11:04,18,E09000004,6,0,6,30,0,-1,-1,0,0,0,1,1,1,0,0,1,1,E01000432,24-09-2018,2,1,1,1,26,6,2,0,0,0,0,-1,5,1
16200,72.55149022,23.0848885,1,3,2,5,7,21:20,18,E09000004,5,0,6,30,3,4,5,0,0,0,4,1,1,0,0,1,1,E01000350,27-08-2018,1,1,1,1,77,11,3,0,0,0,0,-1,9,1
16201,72.61611014,22.99226903,1,3,2,1,4,10:40,18,E09000004,3,207,6,30,3,4,6,0,0,0,1,1,1,0,0,1,1,E01000331,14-09-2018,1,1,1,2,19,4,2,0,0,0,0,-1,9,1
16202,72.6352877,22.99884918,1,3,2,1,6,17:15,18,E09000004,5,0,6,30,0,-1,-1,0,0,0,1,2,2,0,0,1,2,E01000333,23-09-2018,2,2,1,1,18,4,3,0,0,0,0,-1,9,1
16203,72.53321269,23.05084799,1,3,3,1,4,14:50,18,E09000004,3,222,6,30,0,-1,-1,0,0,0,1,1,1,0,0,1,1,E01000443,28-09-2018,1,1,2,1,20,4,3,0,0,1,0,-1,9,1
16204,72.61869897,22.96917943,1,3,1,1,3,08:45,18,E09000004,6,0,6,30,0,-1,-1,0,0,0,1,1,1,0,0,1,1,E01000439,27-09-2018,1,2,1,2,19,4,3,0,0,0,0,-1,9,1
16205,72.58259608,23.03504677,1,2,1,1,5,15:40,18,E09000004,3,206,1,30,1,4,6,0,0,4,1,1,1,0,0,1,1,E01000431,08-09-2018,1,1,3,1,7,2,3,5,4,0,0,-1,0,1
16206,72.64945811,23.0775033,1,3,2,2,4,21:40,18,E09000004,3,210,6,30,3,4,6,0,0,0,4,2,2,0,0,1,1,E01000340,28-09-2018,1,1,1,1,33,6,2,0,0,0,0,-1,9,-1