Accident_Index,longitude,latitude,Police_Force,Accident_Severity,Number_of_Vehicles,Number_of_Casualties,Day_of_Week,Time,Local_Authority_(District),Local_Authority_(Highway),1st_Road_Class,1st_Road_Number,Road_Type,Speed_limit,Junction_Detail,Junction_Control,2nd_Road_Class,2nd_Road_Number,Pedestrian_Crossing-Human_Control,Pedestrian_Crossing-Physical_Facilities,Light_Conditions,Weather_Conditions,Road_Surface_Conditions,Special_Conditions_at_Site,Carriageway_Hazards,Urban_or_Rural_Area,Did_Police_Officer_Attend_Scene_of_Accident,LSOA_of_Accident_Location,Date,Vehicle_Reference,Casualty_Reference,Casualty_Class,Sex_of_Casualty,Age_of_Casualty,Age_Band_of_Casualty,Casualty_Severity,Pedestrian_Location,Pedestrian_Movement,Car_Passenger,Bus_or_Coach_Passenger,Pedestrian_Road_Maintenance_Worker,Casualty_Type,Casualty_Home_Area_Type
16328,72.55848647,23.06779843,1,3,3,1,7,20:35,18,E09000004,3,223,6,30,1,4,3,223,0,0,4,1,4,0,0,1,1,E01000385,10-12-2018,1,1,1,1,67,10,3,0,0,0,0,-1,9,1
16329,72.59141631,22.98205012,1,3,2,1,1,11:09,18,E09000004,3,207,6,30,0,-1,-1,0,0,0,1,1,1,0,0,1,1,E01000395,27-11-2018,2,2,1,2,25,5,3,0,0,0,0,-1,9,1
16330,72.6259347,22.96908235,1,3,2,2,6,07:26,18,E09000004,3,207,6,30,3,4,5,0,0,0,1,2,2,0,0,1,1,E01000414,02-12-2018,1,1,1,1,32,6,3,0,0,0,0,-1,9,-1
16331,72.6467566,23.07542911,1,3,2,1,2,08:00,18,E09000004,3,2,3,50,5,4,3,223,0,0,1,1,1,0,0,2,2,E01000447,12-12-2018,3,2,1,2,24,5,3,0,0,0,0,-1,9,1
16332,72.6238468,23.00480878,1,3,1,1,6,07:15,18,E09000004,3,221,6,30,0,-1,-1,0,0,0,1,1,1,0,0,1,2,E01000390,09-12-2018,3,3,2,2,19,4,3,0,0,0,0,-1,9,1
16333,72.58913363,22.98981123,1,3,1,1,5,06:54,18,E09000004,5,0,6,30,3,4,6,0,0,1,4,1,2,0,0,1,1,E01000356,15-12-2018,1,1,3,2,29,6,3,10,1,0,0,-1,0,1
16334,72.54504389,22.98936162,1,3,2,2,6,16:25,18,E09000004,3,207,6,30,3,2,4,2186,0,5,4,4,2,0,0,1,1,E01000378,16-12-2018,1,2,2,2,63,9,3,0,0,0,4,-1,11,1
16335,72.6091813,23.03630087,1,3,2,2,5,00:27,18,E09000004,5,0,6,30,1,4,6,0,0,0,4,1,2,0,0,1,1,E01000363,15-12-2018,1,1,1,1,24,5,3,0,0,0,0,-1,9,1
16336,72.5167236,23.05889986,1,3,1,1,2,23:59,18,E09000004,6,0,6,30,0,-1,-1,0,0,0,4,1,4,0,0,1,1,E01000329,19-12-2018,1,1,3,1,14,3,3,5,1,0,0,-1,0,1
16337,72.54362612,22.98204201,1,3,2,1,3,12:30,18,E09000004,6,0,6,30,6,4,6,0,0,0,1,1,2,0,0,1,1,E01000375,20-12-2018,1,1,3,2,90,11,3,10,9,0,0,-1,0,-1
16338,72.62272625,22.99803917,1,3,1,1,5,17:20,18,E09000004,3,221,6,30,0,-1,-1,0,0,0,4,1,1,0,0,1,1,E01000389,15-12-2018,1,1,3,1,38,7,3,8,5,0,0,-1,0,1
16339,72.54826393,23.02756757,1,3,2,1,4,08:05,18,E09000004,3,207,6,30,0,-1,-1,0,0,0,4,2,2,0,0,1,2,E01000388,21-12-2018,1,1,2,1,55,8,3,0,0,0,3,-1,11,-1
16340,72.66539549,22.98175133,1,3,1,1,3,00:20,18,E09000004,3,206,3,30,3,4,6,0,0,0,4,2,2,0,0,1,1,E01000435,27-12-2018,1,1,3,1,17,4,3,5,1,0,0,-1,0,1
16341,72.63949948,23.04078005,1,3,1,1,4,18:55,18,E09000004,3,207,6,30,0,-1,-1,0,0,4,4,1,1,0,0,1,1,E01000392,21-12-2018,1,1,1,1,36,7,3,0,0,0,0,-1,5,1
16342,72.62459794,22.98810583,1,3,2,1,7,05:30,6,E09000011,3,209,6,30,6,2,5,0,0,5,4,2,2,0,0,1,3,E01001670,31-12-2018,1,1,3,1,11,3,2,5,1,0,0,-1,0,1
16343,72.63164077,23.09195164,1,3,2,1,6,10:40,18,E09000004,6,0,6,30,3,4,6,0,0,0,1,7,2,0,0,1,1,E01000387,09-12-2018,1,1,1,1,27,6,3,0,0,0,0,-1,9,1
16344,72.55622458,23.03986875,1,3,1,1,5,15:10,6,E09000011,3,2041,3,30,0,-1,-1,0,0,0,1,1,1,0,0,1,2,E01000417,15-12-2018,1,1,1,2,30,6,3,0,0,0,0,-1,9,1
16345,72.61484773,23.04282714,1,3,3,1,3,08:20,18,E09000004,3,2,3,50,0,-1,-1,0,0,5,1,1,1,0,0,1,1,E01000447,06-12-2018,1,1,1,1,34,6,3,0,0,0,0,-1,9,-1
16346,72.62849885,23.03667919,1,3,3,1,5,19:05,18,E09000004,3,2,3,50,0,-1,-1,0,0,0,4,1,2,0,0,2,1,E01000444,29-12-2018,1,1,1,1,47,8,3,0,0,0,0,-1,9,1
16347,72.56304378,23.09195017,1,3,2,1,4,07:20,18,E09000004,3,2,3,50,0,-1,-1,0,0,0,1,1,2,0,0,1,1,E01000349,07-12-2018,2,2,1,2,55,8,2,0,0,0,0,-1,9,-1
16348,72.63012587,23.0086239,1,3,3,1,2,18:25,18,E09000004,3,2,3,50,0,-1,-1,0,0,0,4,1,2,0,0,1,1,E01000364,19-12-2018,1,1,2,1,17,4,3,0,0,0,0,-1,9,1
16349,72.65486354,23.0695076,1,2,2,1,3,22:20,18,E09000004,3,209,6,30,3,4,6,0,0,0,4,1,1,0,0,1,1,E01000397,20-12-2018,1,2,2,1,18,4,3,0,0,0,0,-1,9,1
16350,72.5504389,22.99445967,1,3,2,2,1,00:25,18,E09000004,3,223,3,20,0,-1,-1,0,0,0,4,1,2,4,0,2,1,E01000447,11-12-2018,1,1,1,1,48,8,3,0,0,0,0,-1,9,1
16351,72.57073563,23.07451021,1,3,1,1,3,21:08,18,E09000004,5,0,6,30,3,4,6,0,0,0,4,3,3,0,0,1,1,E01000356,27-12-2018,3,1,2,2,12,3,2,0,0,1,0,-1,9,1
16352,72.63979676,22.97045422,1,3,2,1,2,20:33,18,E09000004,3,207,6,30,3,4,6,0,0,4,4,1,2,0,0,1,1,E01000394,19-12-2018,3,2,1,2,33,6,3,0,0,0,0,-1,9,1
16353,72.54888827,23.03839302,1,3,2,1,3,19:31,18,E09000004,3,206,6,30,3,4,6,0,0,0,4,2,2,0,0,1,1,E01000334,22-11-2018,1,1,3,1,68,10,2,5,3,0,0,-1,0,1
16354,72.59419768,22.98515979,1,3,2,2,5,22:30,18,E09000004,3,220,6,30,1,4,5,0,0,0,4,1,1,0,0,1,1,E01000355,29-12-2018,1,1,2,2,82,11,3,0,0,1,0,-1,9,1
16355,72.60860334,22.98999669,1,3,2,1,7,12:10,18,E09000004,6,0,6,30,3,4,6,0,0,0,1,1,1,0,0,1,1,E01000436,31-12-2018,2,1,1,1,13,3,3,0,0,0,0,-1,1,1
16356,72.52831365,22.98650643,1,3,2,1,6,21:30,18,E09000004,3,223,1,30,1,4,4,2173,0,0,4,1,1,0,0,1,2,E01000383,23-12-2018,1,1,1,2,61,9,2,0,0,0,0,-1,9,1
16357,72.66192943,23.07691569,1,3,2,1,1,10:22,18,E09000004,3,224,6,30,6,2,3,211,0,5,1,1,1,0,0,1,1,E01000386,13-11-2018,1,2,2,2,64,9,3,0,0,1,0,-1,9,1
16358,72.62543913,22.96709894,1,3,2,1,2,19:41,18,E09000004,3,221,6,30,3,4,6,0,0,0,4,8,2,0,0,1,1,E01000461,31-10-2018,1,1,1,1,72,10,3,0,0,0,0,-1,9,1
16359,72.6330951,23.04381141,1,3,2,1,7,13:50,30,E09000003,3,1,3,40,6,2,3,504,0,0,1,1,1,0,0,1,1,E01000242,01-01-2018,2,1,2,2,32,6,3,0,0,1,0,-1,9,1
16360,72.6400162,23.09366031,1,3,1,2,1,15:02,30,E09000003,6,0,6,30,0,-1,-1,0,0,0,1,1,1,0,0,1,1,E01000297,02-01-2018,1,1,1,1,42,7,3,0,0,0,0,-1,9,1
16361,72.54389255,22.98700925,1,3,2,1,1,16:05,30,E09000003,3,598,6,30,6,2,3,598,0,0,1,1,1,0,0,1,1,E01000135,02-01-2018,3,1,1,1,59,9,3,0,0,0,0,-1,9,1
16362,72.5200911,23.09092931,1,3,3,1,2,15:23,30,E09000003,6,0,6,30,0,-1,-1,0,0,0,1,1,2,0,0,1,1,E01000236,03-01-2018,2,1,1,1,-1,-1,3,0,0,0,0,-1,1,-1
16363,72.66332995,23.04184425,1,3,2,2,2,20:52,30,E09000003,3,5,6,30,3,2,3,5,0,0,4,1,1,0,0,1,1,E01000305,03-01-2018,1,1,1,1,43,7,3,0,0,0,0,-1,9,1
16364,72.57518529,23.00194334,1,3,2,1,7,15:20,30,E09000003,3,5109,1,30,1,4,3,5109,0,0,1,1,1,0,0,1,3,E01000226,15-01-2018,2,2,1,2,29,6,3,0,0,0,0,-1,9,1
16365,72.58482776,22.9762443,1,3,2,1,6,06:05,28,E09000005,3,5,3,40,0,-1,-1,0,0,0,4,1,1,0,0,1,2,E01000223,07-01-2018,1,1,1,2,56,9,3,0,0,0,0,-1,19,1
16366,72.63497433,23.04599293,1,3,2,1,7,09:30,30,E09000003,3,502,6,30,6,2,3,502,0,5,1,1,1,0,0,1,3,E01000146,08-01-2018,2,1,2,2,22,5,3,0,0,2,0,-1,9,1
16367,72.65493385,23.04011178,1,3,2,1,4,12:03,30,E09000003,3,5,7,30,1,2,3,406,0,5,1,1,1,0,0,1,3,E01000305,05-01-2018,2,1,1,2,34,6,3,0,0,0,0,-1,2,1
16368,72.6099052,23.03347412,1,3,2,1,2,21:00,30,E09000003,3,109,6,30,3,4,6,0,0,0,4,1,1,0,0,1,3,E01000265,17-01-2018,1,1,3,2,5,1,3,10,9,0,0,-1,0,1
16369,72.60323863,23.05436574,1,3,2,1,6,11:30,30,E09000003,3,1000,6,30,0,-1,-1,0,0,1,1,1,1,0,0,1,3,E01000321,14-01-2018,1,1,2,2,-1,-1,3,0,0,2,0,-1,9,1
16370,72.56325311,23.05241027,1,3,1,1,3,23:45,30,E09000003,6,0,6,30,0,-1,-1,0,0,0,4,1,2,0,0,1,1,E01000159,04-01-2018,1,1,3,1,49,8,3,5,1,0,0,-1,0,-1
16371,72.58787485,23.02268336,1,3,2,2,3,18:09,30,E09000003,5,0,6,30,0,-1,-1,0,0,0,6,2,2,0,0,1,1,E01000257,04-01-2018,1,1,2,2,29,6,3,0,0,1,0,-1,9,1
16372,72.62124036,22.98798029,1,3,2,1,4,09:09,30,E09000003,3,5,6,30,3,4,6,0,0,0,1,1,1,0,0,1,1,E01002123,12-01-2018,2,1,1,2,31,6,3,0,0,0,0,-1,9,1
16373,72.57199267,22.97295489,1,3,2,1,4,15:14,30,E09000003,3,1,1,50,1,4,3,411,0,0,1,1,1,0,0,1,1,E01000290,26-01-2018,1,1,1,2,39,7,3,0,0,0,0,-1,9,1
16374,72.66085622,23.0562523,1,3,1,2,5,21:10,30,E09000003,3,5109,6,30,3,4,6,0,0,4,4,1,1,0,0,1,1,E01000227,06-01-2018,1,1,1,1,18,4,3,0,0,0,0,-1,9,1
16375,72.51142928,22.992842,1,3,2,2,5,22:30,30,E09000003,3,504,6,30,6,2,3,598,0,5,4,1,1,0,0,1,1,E01000196,06-01-2018,1,1,1,2,43,7,3,0,0,0,0,-1,9,1
16376,72.63213461,23.00871499,1,3,1,2,4,16:40,30,E09000003,3,1000,6,30,0,-1,-1,0,0,4,4,1,1,0,0,1,1,E01000182,05-01-2018,1,2,2,2,-1,-1,3,0,0,1,0,-1,9,-1
16377,72.57961712,23.00590874,1,3,2,1,5,16:18,30,E09000003,3,598,6,30,6,2,3,1003,0,0,4,1,1,0,0,1,1,E01000296,06-01-2018,1,3,2,2,-1,-1,3,0,0,2,0,-1,9,-1
16378,72.61810012,23.036491,1,3,2,1,7,18:26,30,E09000003,5,0,6,30,0,-1,-1,0,0,0,4,1,1,4,0,1,1,E01000262,08-01-2018,1,1,3,2,22,5,3,4,1,0,0,-1,0,1
16379,72.5603288,23.03352747,1,3,4,2,5,16:15,28,E09000005,3,5,3,40,0,-1,-1,0,0,0,1,1,1,0,0,1,1,E01000499,06-01-2018,1,1,2,2,-1,-1,3,0,0,1,0,-1,9,-1
16380,72.62411827,23.09297252,1,3,2,1,7,14:30,30,E09000003,3,41,3,50,0,-1,-1,0,0,0,1,1,1,0,0,1,2,E01000310,08-01-2018,1,1,1,2,55,8,3,0,0,0,0,-1,9,1
16381,72.63271816,23.08351151,1,3,2,3,3,23:50,30,E09000003,4,552,6,30,0,-1,-1,0,0,0,4,1,2,0,0,1,1,E01000242,04-01-2018,1,1,1,1,17,4,3,0,0,0,0,-1,2,1
16382,72.64505987,23.01431011,1,3,3,4,3,15:35,30,E09000003,5,0,6,30,6,4,6,0,0,0,4,2,2,0,0,1,1,E01000270,04-01-2018,1,1,3,1,19,4,3,5,4,0,0,-1,0,1
16383,72.53899971,22.99249271,1,3,2,1,2,18:20,30,E09000003,3,1000,6,30,0,-1,-1,0,0,0,4,1,2,0,0,1,1,E01000282,10-01-2018,1,1,1,1,36,7,3,0,0,0,0,-1,4,1
16384,72.64010785,23.03457719,1,3,2,1,3,19:31,30,E09000003,3,5150,1,30,1,4,6,0,0,0,1,2,2,0,0,1,1,E01000148,11-01-2018,2,1,1,1,74,10,3,0,0,0,0,-1,9,-1
16385,72.64626756,23.05615981,1,3,1,1,5,16:55,30,E09000003,6,0,6,30,0,-1,-1,0,0,0,4,1,1,0,0,1,1,E01000116,13-01-2018,1,1,3,2,19,4,3,6,9,0,0,-1,0,1
16386,72.5751462,23.00071694,1,3,2,1,5,07:50,30,E09000003,6,0,6,30,3,4,6,0,0,0,1,1,1,0,0,1,1,E01000206,13-01-2018,1,1,1,1,25,5,3,0,0,0,0,-1,9,1
16387,72.65503567,22.96473001,1,3,2,2,5,23:15,30,E09000003,3,41,3,40,6,2,3,407,0,5,4,1,2,0,0,1,1,E01000139,13-01-2018,2,2,1,1,19,4,3,0,0,0,0,-1,9,1
16388,72.54300257,23.05989938,1,3,2,1,1,21:28,30,E09000003,3,5100,1,30,1,4,5,0,0,0,4,2,2,0,0,1,1,E01000192,09-01-2018,1,1,1,2,-1,-1,3,0,0,0,0,-1,9,1
16389,72.51545658,23.03203455,1,3,2,1,5,08:15,30,E09000003,4,551,6,30,3,4,6,0,0,0,1,1,2,0,0,1,1,E01000237,13-01-2018,1,1,3,1,34,6,3,9,5,0,0,-1,0,1
16390,72.55044168,23.04924634,1,3,1,1,7,10:00,30,E09000003,3,1000,6,30,3,4,6,0,0,0,1,1,2,0,0,1,1,E01000284,08-01-2018,1,1,3,2,33,6,3,5,3,0,0,-1,0,1
16391,72.53020419,22.96435167,1,3,1,1,1,01:03,30,E09000003,3,5,6,30,3,4,6,0,0,0,4,1,1,0,0,1,1,E01000588,09-01-2018,1,2,3,1,7,2,3,5,3,0,0,-1,0,1
16392,72.62818341,23.00281545,1,3,2,1,6,17:31,30,E09000003,6,0,6,30,3,4,6,0,0,0,4,8,1,0,0,1,1,E01000143,14-01-2018,1,3,3,2,5,1,3,5,3,0,0,-1,0,1
16393,72.65681497,22.97350901,1,3,2,1,6,18:30,32,E09000010,5,0,6,30,1,4,3,1003,0,8,4,1,1,0,0,1,1,E01001529,14-01-2018,1,1,1,2,27,6,3,0,0,0,0,-1,9,1
16394,72.6229253,23.03589466,1,3,2,1,7,18:10,30,E09000003,6,0,6,30,6,4,6,0,0,0,1,1,1,0,0,1,1,E01000280,15-01-2018,1,1,3,2,36,7,3,9,9,0,0,-1,0,1
16395,72.56504512,22.97494958,1,3,2,1,7,22:40,30,E09000003,6,0,6,30,3,4,3,504,0,0,4,1,1,0,0,1,1,E01000197,15-01-2018,1,1,1,1,56,9,3,0,0,0,0,-1,9,1
16396,72.64691127,23.09248327,1,3,1,1,3,00:43,30,E09000003,3,598,6,30,0,-1,-1,0,0,1,4,1,1,0,0,1,1,E01000144,11-01-2018,1,1,1,2,18,4,3,0,0,0,0,-1,9,1
16397,72.59323662,23.08123821,1,3,2,2,4,07:43,30,E09000003,3,411,6,30,3,4,6,0,0,0,1,1,1,0,0,1,1,E01000294,12-01-2018,2,1,1,1,17,4,3,0,0,0,0,-1,3,1
16398,72.57434043,23.0396656,1,3,2,1,1,10:25,30,E09000003,6,0,6,30,3,4,6,0,0,0,1,1,1,0,0,1,1,E01000286,16-01-2018,1,1,1,2,37,7,3,0,0,0,0,-1,9,1
16399,72.63379849,23.03831033,1,3,2,1,1,12:50,30,E09000003,3,5109,6,30,3,4,3,5109,0,0,1,1,1,0,0,2,1,E01000279,16-01-2018,1,2,2,2,-1,-1,3,0,0,1,0,-1,9,1
16400,72.53636545,23.02205418,1,3,2,1,2,08:50,28,E09000005,3,5,6,30,3,4,6,0,0,0,1,1,1,0,0,1,1,E01000556,17-01-2018,1,1,2,2,96,11,3,0,0,0,3,-1,11,-1
16401,72.56986232,23.00086204,1,3,2,1,3,15:10,30,E09000003,3,1000,6,30,3,4,6,0,0,0,1,1,1,0,0,1,2,E01000250,18-01-2018,1,1,2,1,83,11,2,0,0,0,3,-1,11,1
16402,72.50880202,23.07644129,1,3,2,1,3,08:20,30,E09000003,3,411,6,30,3,4,6,0,0,0,1,1,1,0,0,1,3,E01000249,18-01-2018,1,1,3,1,17,4,2,5,3,0,0,-1,0,1
16403,72.55447328,23.01209433,1,3,3,1,3,23:40,30,E09000003,1,1,3,40,0,-1,-1,0,0,0,4,2,2,0,0,1,2,E01000240,25-01-2018,1,1,3,1,-1,-1,3,5,9,0,0,-1,0,-1
16404,72.56280493,23.05024274,1,3,2,2,4,09:09,30,E09000003,3,598,6,30,3,4,6,0,0,0,1,1,1,0,0,1,1,E01000203,19-01-2018,1,1,1,1,40,7,3,0,0,0,0,-1,9,1
16405,72.55677753,23.06865714,1,3,1,1,4,21:55,30,E09000003,5,0,1,30,1,4,6,0,0,0,4,1,1,0,0,1,1,E01000152,19-01-2018,1,2,1,1,44,7,3,0,0,0,0,-1,9,1
16406,72.63818493,23.01087001,1,3,2,1,4,02:10,28,E09000005,3,407,6,30,6,2,3,5,0,5,4,1,1,0,0,1,2,E01000141,19-01-2018,2,1,1,2,25,5,3,0,0,0,0,-1,9,1
16407,72.53114554,23.06952368,1,3,2,1,7,08:15,30,E09000003,3,1,1,40,1,2,3,1,0,5,1,1,1,0,0,1,2,E01000264,19-02-2018,1,1,1,1,48,8,3,0,0,0,0,-1,9,-1
16408,72.59742417,23.08836854,1,3,2,1,4,19:05,30,E09000003,3,5,6,30,3,4,5,0,0,0,4,1,2,0,0,1,1,E01000587,19-01-2018,2,1,1,1,65,9,3,0,0,0,0,-1,9,1
16409,72.58182841,23.08934712,1,3,2,1,5,17:00,30,E09000003,5,0,6,30,0,-1,-1,0,0,0,4,1,2,0,0,2,1,E01000253,20-01-2018,2,1,1,1,38,7,3,0,0,0,0,-1,3,1
16410,72.6119575,23.03961631,1,3,1,1,5,13:20,30,E09000003,3,1000,6,30,3,2,6,0,0,5,1,1,2,0,0,1,1,E01000299,20-01-2018,1,1,2,2,41,7,3,0,0,0,1,-1,11,1
16411,72.66454241,23.04949021,1,3,1,1,5,08:00,30,E09000003,3,4006,6,30,3,2,3,5,0,5,1,2,2,0,0,1,1,E01000312,20-01-2018,1,1,1,2,26,6,3,0,0,0,0,-1,9,1
16412,72.61138384,23.03982929,1,3,2,1,5,10:05,30,E09000003,3,502,6,30,3,4,6,0,0,0,1,1,2,0,0,1,1,E01000220,20-01-2018,2,1,1,1,27,6,3,0,0,0,0,-1,5,-1
16413,72.57548725,22.98191763,1,3,2,1,5,09:50,30,E09000003,3,5,6,30,0,-1,-1,0,0,0,1,1,1,0,0,1,2,E01002116,20-01-2018,1,1,3,2,57,9,3,4,1,0,0,-1,0,1
16414,72.61854878,22.98170902,1,3,2,1,1,11:00,30,E09000003,5,0,6,30,6,2,3,1000,0,5,1,1,1,0,0,1,1,E01000316,16-01-2018,1,1,1,1,36,7,3,0,0,0,0,-1,5,1
16415,72.5249587,23.0315874,1,3,2,1,1,20:26,30,E09000003,3,41,3,50,6,2,3,41,0,0,1,1,1,0,0,1,1,E01000191,16-01-2018,1,1,1,2,32,6,3,0,0,0,0,-1,9,1
16416,72.55896738,23.00373386,1,3,1,1,5,14:39,30,E09000003,3,110,6,30,0,-1,-1,0,0,0,1,1,1,0,0,1,1,E01000268,20-01-2018,1,1,1,1,58,9,3,0,0,0,0,-1,9,1
16417,72.54490397,23.02222209,1,3,2,3,1,18:20,30,E09000003,5,0,6,30,3,4,6,0,0,0,4,1,1,0,0,1,2,E01000144,23-01-2018,2,1,1,1,32,6,3,0,0,0,0,-1,5,1
16418,72.58504495,22.98182324,1,3,2,1,1,03:00,30,E09000003,3,5,6,30,3,4,6,0,0,0,4,1,1,0,0,1,2,E01000305,23-01-2018,1,1,3,2,70,10,2,1,1,0,0,-1,0,1
16419,72.62051235,23.04658318,1,3,1,1,7,21:00,30,E09000003,3,5,6,30,3,4,6,0,0,4,4,1,1,0,0,1,3,E01002123,22-01-2018,1,1,3,2,64,9,3,5,1,0,0,-1,0,1
16420,72.63203031,22.98064272,1,3,2,1,2,09:15,30,E09000003,3,41,3,40,6,2,3,41,0,5,1,1,2,0,0,1,1,E01000135,24-01-2018,1,1,1,1,25,5,3,0,0,0,0,-1,1,1
16421,72.62130462,23.04569236,1,3,2,1,1,11:27,32,E09000010,3,111,6,30,6,2,4,1453,0,5,1,1,1,0,0,1,1,E01001519,23-01-2018,1,1,1,1,30,6,3,0,0,0,0,-1,9,1
16422,72.58392793,23.03516314,1,2,2,2,2,11:20,30,E09000003,6,0,6,30,6,4,6,0,0,0,1,1,2,0,0,1,1,E01000209,24-01-2018,2,1,1,2,-1,-1,3,0,0,0,0,-1,1,-1
16423,72.56921103,23.07533779,1,3,1,1,2,07:56,30,E09000003,3,41,6,30,6,2,5,0,0,5,1,8,2,0,0,1,1,E01000191,24-01-2018,1,1,1,2,48,8,3,0,0,0,0,-1,9,1
16424,72.55610992,23.08718415,1,3,2,1,6,20:47,30,E09000003,6,0,6,30,3,4,6,0,0,0,4,1,1,0,0,1,1,E01000127,28-01-2018,1,1,1,1,18,4,3,0,0,0,0,-1,3,1
16425,72.58246677,22.97449373,1,3,1,1,5,08:29,30,E09000003,3,1000,6,30,3,4,6,0,0,0,1,1,1,0,0,1,1,E01000299,27-01-2018,1,1,2,2,13,3,3,0,0,2,0,-1,9,1
16426,72.52392558,22.98731141,1,3,1,1,3,15:14,30,E09000003,3,5,6,30,0,-1,-1,0,0,0,1,1,1,0,0,1,2,E01000592,25-01-2018,1,2,2,1,15,3,3,0,0,2,0,-1,9,1
16427,72.59781534,23.04416507,1,3,1,1,6,17:58,30,E09000003,4,552,6,30,0,-1,-1,0,0,0,4,2,2,0,0,2,1,E01000228,28-01-2018,1,3,2,2,41,7,3,0,0,1,0,-1,9,1
16428,72.56508393,22.96844168,1,3,1,1,1,01:10,30,E09000003,3,411,6,30,3,4,6,0,0,1,4,1,1,0,0,1,1,E01000248,30-01-2018,2,4,1,1,26,6,3,0,0,0,0,-1,9,1
16429,72.5802609,23.069057,1,3,2,1,5,13:03,30,E09000003,6,0,6,30,3,4,6,0,0,0,1,2,2,0,0,1,1,E01000311,27-01-2018,2,5,2,2,6,2,3,0,0,2,0,-1,9,1
16430,72.66407565,22.99260183,1,3,2,4,7,16:31,30,E09000003,5,0,6,30,0,-1,-1,0,0,0,4,2,2,0,0,1,1,E01000302,29-01-2018,2,6,2,2,7,2,3,0,0,2,0,-1,9,1
16431,72.60984978,23.08667638,1,3,3,1,5,09:39,30,E09000003,3,406,3,50,7,2,6,0,0,0,1,8,2,0,0,1,1,E01000203,27-01-2018,1,1,3,2,15,3,3,5,9,0,0,-1,0,1
16432,72.59853985,22.96804607,1,3,1,1,6,12:32,30,E09000003,3,5100,6,30,0,-1,-1,0,0,0,1,1,1,0,0,1,2,E01000193,28-01-2018,1,1,3,1,4,1,3,1,3,0,0,-1,0,1
16433,72.60774864,22.99672854,1,3,2,1,2,08:40,30,E09000003,3,406,3,40,6,2,3,502,0,5,1,1,1,0,0,1,2,E01000311,31-01-2018,1,1,1,2,18,4,3,0,0,0,0,-1,9,1
16434,72.51632523,23.06057784,1,3,1,1,5,08:29,30,E09000003,3,1000,6,30,0,-1,-1,0,0,0,1,2,2,0,0,1,1,E01000281,27-01-2018,1,1,3,1,-1,-1,3,5,9,0,0,-1,0,1
16435,72.61286133,23.04413961,1,3,1,1,5,17:30,30,E09000003,6,0,6,30,0,-1,-1,0,0,0,7,9,1,0,0,1,1,E01000259,27-01-2018,1,1,1,2,45,7,3,0,0,0,0,-1,9,1
16436,72.58869341,22.96449047,1,3,2,1,4,09:05,30,E09000003,5,0,6,30,6,4,6,0,0,0,1,1,1,0,0,1,2,E01000293,26-01-2018,1,1,1,1,16,4,3,0,0,0,0,-1,2,1
16437,72.56139181,22.98955463,1,3,4,1,6,11:06,30,E09000003,3,502,6,30,3,4,6,0,0,0,1,1,2,0,0,1,1,E01000145,28-01-2018,2,1,1,2,-1,-1,3,0,0,0,0,-1,9,-1
16438,72.62173614,23.06650167,1,3,2,1,2,19:50,30,E09000003,3,41,1,30,1,4,3,406,0,0,4,1,1,0,0,1,1,E01000221,31-01-2018,1,1,1,2,56,9,3,0,0,0,0,-1,9,1
16439,72.63562601,23.01232344,1,3,2,1,5,14:10,30,E09000003,3,41,3,40,0,-1,-1,0,0,0,1,1,1,0,0,1,2,E01000309,27-01-2018,1,1,1,1,31,6,3,0,0,0,0,-1,9,1
16440,72.65506081,22.99004781,1,3,1,1,1,18:36,30,E09000003,3,504,6,30,0,-1,-1,0,0,0,4,1,1,0,0,1,1,E01000210,30-01-2018,1,1,1,2,33,6,3,0,0,0,0,-1,9,-1
16441,72.6084069,22.98673699,1,3,2,2,1,17:40,30,E09000003,3,5109,6,30,0,-1,-1,0,0,0,4,1,1,0,0,1,2,E01000279,30-01-2018,1,1,1,1,25,5,3,0,0,0,0,-1,5,1
16442,72.52793656,23.06640023,1,3,2,2,2,13:30,30,E09000003,3,5,3,30,3,4,6,0,0,0,1,8,2,0,0,1,1,E01000223,24-01-2018,1,1,1,1,18,4,3,0,0,0,0,-1,9,1
16443,72.55777974,23.05184676,1,3,2,2,1,15:30,30,E09000003,5,0,6,30,5,2,3,406,0,0,1,1,1,0,0,1,2,E01000225,30-01-2018,1,1,3,2,42,7,3,5,9,0,0,-1,0,1
16444,72.54490068,23.09184878,1,3,1,1,6,15:00,30,E09000003,6,0,6,30,3,4,6,0,0,0,1,1,1,0,0,1,2,E01000208,28-01-2018,1,1,1,2,23,5,3,0,0,0,0,-1,9,1
16445,72.58357107,22.97673849,1,3,1,1,5,00:10,30,E09000003,5,0,6,30,3,4,6,0,0,0,4,1,2,0,0,1,1,E01000118,27-01-2018,2,2,2,2,59,9,2,0,0,1,0,-1,9,1
16446,72.65498671,22.97334264,1,3,2,1,4,16:20,30,E09000003,6,0,6,30,3,4,6,0,0,0,1,1,1,0,0,1,1,E01000170,19-01-2018,1,1,3,1,75,10,3,5,2,0,0,-1,0,-1
16447,72.64494528,23.08625541,1,3,2,1,3,08:30,30,E09000003,3,1003,6,30,0,-1,-1,0,0,0,1,1,1,0,0,1,3,E01000161,25-01-2018,1,1,1,2,48,8,3,0,0,0,0,-1,9,-1
16448,72.51871546,22.97635249,1,3,2,1,3,09:45,30,E09000003,3,502,6,30,7,4,6,0,0,0,1,1,1,0,0,1,3,E01000245,25-01-2018,2,2,1,1,34,6,3,0,0,0,0,-1,9,2