Accident_Index,longitude,latitude,Police_Force,Accident_Severity,Number_of_Vehicles,Number_of_Casualties,Day_of_Week,Time,Local_Authority_(District),Local_Authority_(Highway),1st_Road_Class,1st_Road_Number,Road_Type,Speed_limit,Junction_Detail,Junction_Control,2nd_Road_Class,2nd_Road_Number,Pedestrian_Crossing-Human_Control,Pedestrian_Crossing-Physical_Facilities,Light_Conditions,Weather_Conditions,Road_Surface_Conditions,Special_Conditions_at_Site,Carriageway_Hazards,Urban_or_Rural_Area,Did_Police_Officer_Attend_Scene_of_Accident,LSOA_of_Accident_Location,Date,Vehicle_Reference,Casualty_Reference,Casualty_Class,Sex_of_Casualty,Age_of_Casualty,Age_Band_of_Casualty,Casualty_Severity,Pedestrian_Location,Pedestrian_Movement,Car_Passenger,Bus_or_Coach_Passenger,Pedestrian_Road_Maintenance_Worker,Casualty_Type,Casualty_Home_Area_Type
16449,72.58292684,23.01706073,1,3,2,2,5,12:33,28,E09000005,3,4006,6,30,3,4,6,0,0,0,1,8,2,0,0,1,1,E01000513,27-01-2018,2,3,2,1,21,5,3,0,0,1,0,-1,9,-1
16450,72.62062876,22.97198771,1,3,2,1,3,10:45,30,E09000003,3,5,6,30,3,2,6,0,0,5,1,1,1,0,0,1,1,E01002123,01-02-2018,2,1,1,1,22,5,3,0,0,0,0,-1,9,1
16451,72.54231161,23.08429035,1,3,2,1,3,16:03,30,E09000003,5,0,6,30,6,4,6,0,0,0,1,2,2,0,0,1,1,E01000314,01-02-2018,1,1,3,2,23,5,3,5,2,0,0,-1,0,1
16452,72.55790953,23.08192428,1,3,2,1,3,18:09,30,E09000003,3,502,1,30,2,4,4,551,0,0,4,2,2,0,0,1,1,E01000237,01-02-2018,2,1,1,1,72,10,3,0,0,0,0,-1,9,1
16453,72.52963692,23.08493958,1,3,2,1,3,09:36,30,E09000003,4,519,6,30,3,4,6,0,0,0,1,1,2,0,0,1,1,E01000206,01-02-2018,1,1,2,1,20,4,3,0,0,1,0,-1,9,1
16454,72.62259833,22.99120131,1,3,2,1,3,18:30,30,E09000003,3,5,6,30,0,-1,-1,0,0,0,4,8,2,0,0,1,1,E01002116,01-02-2018,1,1,1,2,46,8,3,0,0,0,0,-1,9,1
16455,72.59149845,23.0087631,1,3,8,1,3,06:52,30,E09000003,3,406,3,40,5,4,3,41,0,0,4,1,2,0,0,1,1,E01000219,01-02-2018,1,1,1,1,27,6,3,0,0,0,0,-1,9,1
16456,72.64911565,23.07211221,1,3,2,1,3,13:37,30,E09000003,3,5150,1,30,2,4,6,0,0,0,1,1,1,0,0,1,1,E01000147,01-02-2018,1,2,2,1,23,5,3,0,0,2,0,-1,9,-1
16457,72.61334711,23.05771679,1,3,2,1,7,22:44,30,E09000003,3,5,6,30,6,2,3,5100,0,5,4,1,1,0,0,1,1,E01000194,05-02-2018,1,3,2,1,34,6,3,0,0,1,0,-1,9,1
16458,72.52763543,22.97504359,1,3,1,1,3,15:15,30,E09000003,6,0,6,30,0,-1,-1,0,0,0,1,1,1,0,0,1,3,E01000255,08-02-2018,2,4,1,1,36,7,3,0,0,0,0,-1,9,1
16459,72.54917665,23.0685748,1,3,2,2,4,17:12,30,E09000003,3,1,3,40,3,4,6,0,0,0,4,1,1,0,0,2,3,E01000253,02-02-2018,1,1,1,1,24,5,3,0,0,0,0,-1,2,1
16460,72.50821767,23.04792717,1,3,2,1,4,09:05,30,E09000003,3,598,6,30,7,4,5,0,0,0,1,1,1,0,0,1,1,E01000302,09-02-2018,1,1,3,2,18,4,3,5,1,0,0,-1,0,1
16461,72.60369508,22.99836464,1,3,1,1,3,00:01,30,E09000003,3,1000,6,30,3,4,6,0,0,0,4,1,1,0,0,1,1,E01000299,08-02-2018,1,1,1,1,33,6,3,0,0,0,0,-1,5,1
16462,72.62882012,23.05060708,1,3,1,1,5,16:42,30,E09000003,3,598,6,30,0,-1,-1,0,0,0,1,2,2,0,0,1,1,E01000211,10-02-2018,2,1,1,1,41,7,2,0,0,0,0,-1,1,1
16463,72.58133499,22.98269881,1,3,2,1,7,10:00,30,E09000003,6,0,6,30,3,4,6,0,0,0,1,1,2,0,0,1,1,E01000147,12-02-2018,1,1,1,2,29,6,3,0,0,0,0,-1,9,1
16464,72.62432538,23.03614713,1,3,2,1,3,22:05,30,E09000003,3,5109,6,30,0,-1,-1,0,0,0,4,1,1,0,0,1,1,E01000227,08-02-2018,1,1,3,1,19,4,3,5,1,0,0,-1,0,-1
16465,72.64971396,23.01038839,1,3,2,1,3,15:28,30,E09000003,6,0,6,30,3,4,6,0,0,0,1,1,1,0,0,1,1,E01000132,01-02-2018,1,1,1,1,19,4,3,0,0,0,0,-1,9,1
16466,72.58036963,23.09293517,1,3,2,1,4,16:24,30,E09000003,3,5109,3,40,1,4,3,41,0,0,1,1,1,0,0,1,1,E01000232,09-02-2018,1,2,2,2,18,4,3,0,0,1,0,-1,9,1
16467,72.56762419,22.96587186,1,3,2,1,4,16:30,30,E09000003,3,406,1,30,1,2,1,1,0,5,1,1,1,0,0,1,3,E01000221,09-02-2018,1,3,2,2,17,4,3,0,0,2,0,-1,9,1
16468,72.5292761,23.04339954,1,3,2,1,1,18:53,30,E09000003,3,110,6,30,3,4,3,110,0,0,4,1,2,0,0,1,1,E01000170,13-02-2018,1,1,1,1,44,7,3,0,0,0,0,-1,9,1
16469,72.60707006,23.08706333,1,2,1,1,5,10:51,30,E09000003,5,0,6,30,0,-1,-1,0,0,1,1,1,2,0,0,1,1,E01000291,10-02-2018,1,1,1,2,57,9,3,0,0,0,0,-1,9,1
16470,72.62229738,23.03963311,1,3,2,1,1,10:10,30,E09000003,3,1000,6,30,3,4,6,0,0,0,1,1,2,0,0,1,1,E01000271,13-02-2018,1,1,1,2,63,9,2,0,0,0,0,-1,9,1
16471,72.52302911,22.98156561,1,3,2,1,3,11:25,30,E09000003,3,5,6,30,0,-1,-1,0,0,0,1,1,1,0,0,1,1,E01000148,15-02-2018,1,1,3,1,35,6,2,1,1,0,0,-1,0,1
16472,72.66025059,23.01402221,1,3,3,1,2,12:30,30,E09000003,3,598,6,30,6,4,6,0,0,0,1,1,1,0,0,1,1,E01000302,21-02-2018,1,1,3,1,24,5,3,5,1,0,0,-1,0,1
16473,72.56182929,23.08698326,1,3,4,1,4,09:35,30,E09000003,3,598,6,30,3,4,6,0,0,0,1,1,1,0,0,1,1,E01000196,16-02-2018,1,1,1,1,19,4,3,0,0,0,0,-1,3,1
16474,72.58781393,23.02457474,1,3,2,1,2,00:05,30,E09000003,3,406,3,40,3,2,3,1,0,0,4,2,2,0,0,1,1,E01000225,21-02-2018,2,1,1,2,52,8,2,0,0,0,0,-1,1,1
16475,72.52932094,22.99880215,1,3,2,1,1,21:36,30,E09000003,3,1000,6,30,0,-1,-1,0,0,0,4,2,2,0,0,1,2,E01000182,13-02-2018,1,1,1,1,23,5,3,0,0,0,0,-1,9,1
16476,72.57165635,23.09234005,1,3,2,1,4,23:00,30,E09000003,3,406,6,40,0,-1,-1,0,0,0,4,1,1,0,0,1,1,E01000221,23-02-2018,1,2,2,2,-1,-1,3,0,0,1,0,-1,9,-1
16477,72.63824181,23.01843426,1,3,1,1,1,18:45,30,E09000003,5,0,6,30,3,4,6,0,0,0,4,1,1,0,0,1,1,E01000260,06-02-2018,2,1,1,2,82,11,3,0,0,0,0,-1,9,1
16478,72.5448193,23.07016414,1,3,1,1,2,10:00,30,E09000003,4,1453,6,30,0,-1,-1,0,0,0,1,1,1,0,0,1,1,E01000118,07-02-2018,1,1,3,1,31,6,2,5,4,0,0,-1,0,-1
16479,72.51816212,23.07508836,1,3,1,1,7,02:15,30,E09000003,3,1003,6,30,3,4,6,0,0,0,4,2,2,0,0,1,1,E01000161,12-02-2018,1,1,3,1,20,4,3,10,9,0,0,-1,0,1
16480,72.52699128,22.97198625,1,3,2,1,4,20:30,30,E09000003,6,0,6,30,3,4,3,41,0,0,4,1,1,0,0,1,2,E01000221,02-02-2018,1,1,1,1,34,6,3,0,0,0,0,-1,9,1
16481,72.61282625,23.07081984,1,3,2,1,2,07:50,30,E09000003,3,1003,6,30,3,4,6,0,0,0,1,1,1,0,0,1,2,E01000162,14-02-2018,1,1,1,1,54,8,2,0,0,0,0,-1,1,1
16482,72.6297956,23.02164985,1,3,2,2,1,07:30,30,E09000003,3,1,6,30,0,-1,-1,0,0,0,1,1,1,0,0,1,1,E01000211,06-02-2018,1,1,1,2,51,8,3,0,0,0,0,-1,9,1
16483,72.53410331,22.97527221,1,3,2,1,3,18:30,30,E09000003,3,5,6,30,3,4,3,5150,0,0,4,1,1,0,0,1,1,E01000516,15-02-2018,1,1,1,2,19,4,3,0,0,0,0,-1,9,1
16484,72.57233203,23.0172221,1,3,2,1,3,15:25,30,E09000003,3,406,1,30,1,4,1,1,0,0,1,1,1,0,0,1,2,E01000307,15-02-2018,1,1,3,1,13,3,3,5,1,0,0,-1,0,-1
16485,72.62702119,22.99648253,1,3,2,1,5,07:20,30,E09000003,3,1,3,50,0,-1,-1,0,0,0,1,1,1,0,0,1,1,E01000231,17-02-2018,2,1,1,2,33,6,3,0,0,0,0,-1,2,1
16486,72.51984609,23.07949879,1,3,2,1,4,16:39,30,E09000003,3,406,3,50,0,-1,-1,0,0,0,4,1,1,0,0,1,1,E01000163,16-02-2018,1,1,1,1,26,6,3,0,0,0,0,-1,3,-1
16487,72.61513891,23.04080172,1,3,1,1,6,21:37,30,E09000003,3,41,3,40,0,-1,-1,0,0,0,4,2,2,0,0,1,1,E01000240,11-02-2018,1,1,2,2,7,2,3,0,0,2,0,-1,9,-1
16488,72.61261124,23.02778721,1,3,1,1,7,16:27,30,E09000003,3,1000,6,30,0,-1,-1,0,0,0,1,1,1,0,0,1,1,E01000269,19-02-2018,1,1,1,1,24,5,3,0,0,0,0,-1,9,1
16489,72.6076242,22.9949041,1,3,2,2,1,21:45,28,E09000005,3,5,6,30,3,4,6,0,0,4,4,1,1,0,0,1,2,E01000553,13-02-2018,2,1,1,2,23,5,3,0,0,0,0,-1,9,1
16490,72.64517598,23.01854488,1,3,2,1,4,22:37,30,E09000003,3,598,6,30,5,4,6,0,0,0,4,3,2,0,0,1,1,E01000302,23-02-2018,2,1,1,1,18,4,3,0,0,0,0,-1,9,1
16491,72.61352614,23.00672028,1,2,2,1,4,09:21,30,E09000003,6,0,6,30,6,4,6,0,0,0,1,1,2,0,0,1,1,E01000295,23-02-2018,1,1,1,1,17,4,3,0,0,0,0,-1,9,1
16492,72.52919764,23.03643425,1,3,2,1,7,01:00,30,E09000003,3,1000,3,30,6,2,3,1000,0,0,4,1,4,0,0,1,1,E01000316,26-02-2018,1,1,1,1,61,9,3,0,0,0,0,-1,9,1
16493,72.63607592,22.97372778,1,3,2,5,6,14:35,30,E09000003,3,5109,6,30,0,-1,-1,0,0,0,1,1,1,0,0,1,1,E01000280,25-02-2018,1,1,1,2,29,6,3,0,0,0,0,-1,9,1
16494,72.57817618,23.01703089,1,3,1,1,5,14:45,30,E09000003,4,552,6,30,6,2,3,504,0,5,1,3,2,0,0,1,1,E01000243,24-02-2018,1,1,3,1,17,4,3,4,2,0,0,-1,0,-1
16495,72.65084093,23.08085291,1,3,2,1,2,18:04,30,E09000003,3,41,3,40,6,2,5,0,0,0,4,1,1,0,0,1,1,E01000239,21-02-2018,1,1,2,1,29,6,3,0,0,2,0,-1,9,1
16496,72.622993,23.0390017,1,3,2,1,3,09:24,30,E09000003,4,193,6,30,3,4,6,0,0,0,1,1,1,0,0,1,1,E01000270,08-02-2018,1,2,1,1,23,5,2,0,0,0,0,-1,9,1
16497,72.55170664,23.04796195,1,3,4,1,6,10:12,30,E09000003,3,406,3,50,0,-1,-1,0,0,0,1,1,2,0,0,1,1,E01000160,18-02-2018,1,1,1,1,23,5,3,0,0,0,0,-1,9,1
16498,72.54333382,23.05189099,1,3,3,1,3,17:45,30,E09000003,5,0,6,30,0,-1,-1,0,0,0,4,1,1,0,0,1,1,E01000262,08-02-2018,1,1,1,1,32,6,3,0,0,0,0,-1,9,1
16499,72.50967441,22.98138509,1,3,1,1,6,13:00,30,E09000003,6,0,6,30,0,-1,-1,0,0,0,1,1,2,0,0,1,1,E01000220,25-02-2018,1,1,3,2,-1,-1,2,5,1,0,0,-1,0,1
16500,72.55364859,23.06179505,1,3,2,1,3,00:05,30,E09000003,6,0,6,30,3,4,6,0,0,0,4,1,1,0,0,1,1,E01000169,15-02-2018,1,1,1,1,60,9,3,0,0,0,0,-1,9,1
16501,72.63588256,22.97257487,1,3,1,1,2,21:20,30,E09000003,6,0,6,30,0,-1,-1,0,0,0,4,1,1,0,0,2,1,E01000246,14-02-2018,1,2,2,2,-1,-1,3,0,0,1,0,-1,9,1
16502,72.63133932,23.07954711,1,3,2,1,7,01:54,28,E09000005,3,5,6,30,0,-1,-1,0,0,0,4,1,1,0,0,1,1,E01000556,19-02-2018,2,3,1,1,59,9,3,0,0,0,0,-1,9,1
16503,72.59715971,22.99870318,1,3,1,1,2,11:25,30,E09000003,3,5,6,30,0,-1,-1,0,0,4,1,1,1,2,0,1,1,E01002122,21-02-2018,2,1,1,1,-1,-1,3,0,0,0,0,-1,9,-1
16504,72.50835002,22.9751027,1,3,1,1,2,18:22,30,E09000003,3,1000,6,30,0,-1,-1,0,0,0,1,1,2,0,0,1,1,E01000250,21-02-2018,1,1,2,2,19,4,3,0,0,1,0,-1,9,1
16505,72.65449522,22.99235822,1,2,1,1,2,13:52,31,E09000014,6,0,6,30,3,4,6,0,0,1,1,3,2,0,0,1,1,E01001995,21-02-2018,1,2,2,2,31,6,3,0,0,2,0,-1,9,1
16506,72.57768227,23.09343474,1,3,1,1,1,07:40,30,E09000003,6,0,6,30,3,4,6,0,0,0,1,8,4,0,7,1,1,E01000302,20-02-2018,1,1,1,2,25,5,3,0,0,0,0,-1,9,1
16507,72.60198783,23.06297126,1,3,1,1,6,15:10,30,E09000003,3,1,3,50,0,-1,-1,0,0,0,1,1,1,0,0,1,1,E01000260,25-02-2018,2,1,1,2,53,8,3,0,0,0,0,-1,9,1
16508,72.64387234,23.04887498,1,3,1,1,3,12:20,30,E09000003,3,5,6,30,0,-1,-1,0,0,1,1,2,2,0,0,1,1,E01002123,22-02-2018,1,1,1,2,48,8,3,0,0,0,0,-1,9,1
16509,72.51163549,23.01432179,1,3,2,1,4,22:15,30,E09000003,3,1000,6,30,8,4,6,0,0,0,4,1,1,0,0,1,1,E01000271,16-02-2018,2,1,1,1,16,4,3,0,0,0,0,-1,1,1
16510,72.65820503,23.01916737,1,3,1,1,3,18:00,30,E09000003,3,407,6,30,0,-1,-1,0,0,0,4,1,2,0,0,1,1,E01000142,22-02-2018,1,1,1,1,16,4,2,0,0,0,0,-1,3,-1
16511,72.63944036,23.00674482,1,2,2,1,5,09:37,30,E09000003,3,1003,6,30,3,4,6,0,0,0,1,1,2,0,0,1,1,E01000318,24-02-2018,1,1,3,1,65,9,3,10,9,0,0,-1,0,-1
16512,72.54591895,23.07120837,1,3,3,2,6,12:50,30,E09000003,3,406,6,30,6,2,3,406,0,0,1,1,1,0,0,1,2,E01000184,18-02-2018,1,1,1,1,32,6,3,0,0,0,0,-1,9,1
16513,72.55696769,23.04444313,1,3,2,1,1,17:15,30,E09000003,3,406,3,40,0,-1,-1,0,0,0,1,1,2,0,0,1,1,E01000210,20-02-2018,2,1,1,2,50,8,3,0,0,0,0,-1,9,1
16514,72.6619429,23.05585133,1,2,2,1,7,19:35,30,E09000003,6,0,6,30,0,-1,-1,0,0,0,4,1,2,0,0,1,1,E01000249,26-02-2018,1,1,1,1,21,5,3,0,0,0,0,-1,9,1
16515,72.62463849,23.03744817,1,3,2,1,6,16:15,29,E09000015,5,0,6,30,3,4,6,0,0,0,1,1,1,0,0,1,3,E01002119,25-02-2018,2,1,1,2,47,8,3,0,0,0,0,-1,9,1
16516,72.55782598,23.08180135,1,3,2,1,6,20:30,30,E09000003,3,406,6,30,6,2,3,598,0,5,4,1,1,0,0,1,1,E01000225,04-02-2018,1,1,1,1,27,6,3,0,0,0,0,-1,5,-1
16517,72.5989644,23.02738866,1,3,2,1,3,18:53,30,E09000003,3,1,6,30,3,4,6,0,0,0,1,2,2,0,0,1,1,E01000205,01-02-2018,1,1,1,1,40,7,3,0,0,0,0,-1,9,1
16518,72.64398658,23.07290728,1,3,1,1,6,21:47,30,E09000003,3,598,2,30,3,2,3,598,0,0,4,1,1,0,0,1,1,E01000299,25-02-2018,2,1,1,1,29,6,3,0,0,0,0,-1,9,-1
16519,72.53090462,23.01752611,1,3,3,1,2,07:40,30,E09000003,3,406,3,40,5,4,3,5,0,5,1,1,2,0,0,1,1,E01000223,28-02-2018,2,1,1,1,55,8,3,0,0,0,0,-1,1,1
16520,72.59406391,23.04873968,1,3,2,1,5,13:45,30,E09000003,3,5150,6,30,3,4,6,0,0,0,1,2,2,0,0,1,1,E01000239,24-02-2018,1,1,3,2,14,3,3,4,1,0,0,-1,0,1
16521,72.58967042,22.99684136,1,3,2,1,2,19:54,30,E09000003,5,0,6,30,0,-1,-1,0,0,1,4,3,2,0,0,1,1,E01000133,28-02-2018,1,1,2,1,-1,-1,3,0,0,0,3,-1,11,-1
16522,72.59922085,23.01989982,1,3,1,1,3,16:30,30,E09000003,3,406,3,40,6,4,3,598,0,0,1,2,2,0,0,1,1,E01000225,01-03-2018,1,1,3,2,24,5,3,5,1,0,0,-1,0,1
16523,72.65978616,22.96588565,1,3,2,1,4,09:14,30,E09000003,6,0,6,30,3,4,6,0,0,0,1,3,2,0,0,1,1,E01000168,23-02-2018,1,1,1,1,31,6,3,0,0,0,0,-1,2,1
16524,72.64689544,23.0611217,1,3,2,1,7,23:47,30,E09000003,3,406,3,40,5,4,3,406,0,0,4,1,2,0,0,1,1,E01000184,19-02-2018,1,1,2,2,46,8,3,0,0,0,3,-1,11,-1
16525,72.61643514,23.0878585,1,3,1,2,1,18:00,30,E09000003,3,1000,6,30,7,2,3,411,0,0,4,1,1,0,0,1,1,E01000250,06-03-2018,2,1,3,1,22,5,3,9,5,0,0,-1,0,1
16526,72.65536964,23.03179847,1,3,2,1,1,18:53,30,E09000003,3,502,6,30,2,4,6,0,0,0,4,4,2,0,0,1,3,E01000311,20-02-2018,1,1,1,1,48,8,3,0,0,0,0,-1,9,1
16527,72.63476171,22.9856582,1,3,2,1,6,23:05,30,E09000003,5,0,6,30,3,4,6,0,0,0,4,1,1,0,0,1,3,E01000155,04-03-2018,1,1,1,1,23,5,3,0,0,0,0,-1,9,1
16528,72.59197004,23.05897435,1,3,2,1,5,06:05,32,E09000010,6,0,6,30,3,4,6,0,0,0,4,1,1,0,0,1,3,E01001415,10-02-2018,2,1,2,2,81,11,3,0,0,1,0,-1,9,1
16529,72.59647816,22.97811284,1,3,3,1,3,17:38,30,E09000003,3,406,3,50,5,4,6,0,0,0,1,1,1,0,0,1,1,E01000163,08-03-2018,2,2,2,2,80,11,3,0,0,2,0,-1,9,1
16530,72.58222484,23.04579179,1,3,2,2,5,19:15,30,E09000003,3,1,3,40,6,2,3,504,0,5,4,1,1,4,0,1,1,E01000242,10-03-2018,1,1,1,1,64,9,3,0,0,0,0,-1,9,1
16531,72.60693386,23.08054181,1,3,1,1,3,14:15,30,E09000003,6,0,6,30,0,-1,-1,0,0,0,1,1,1,0,0,1,1,E01000221,08-03-2018,1,1,1,2,28,6,3,0,0,0,0,-1,9,-1
16532,72.6279571,23.00405769,1,3,1,1,6,15:45,30,E09000003,3,407,6,30,0,-1,-1,0,0,0,1,2,2,0,0,1,1,E01000139,04-03-2018,1,1,3,1,49,8,3,5,3,0,0,-1,0,1
16533,72.63803008,23.05522198,1,3,2,1,1,21:08,30,E09000003,6,0,6,30,3,4,6,0,0,0,4,1,1,0,0,1,1,E01000157,06-03-2018,2,1,1,1,60,9,3,0,0,0,0,-1,1,1
16534,72.64300427,23.01347813,1,3,2,1,4,08:51,32,E09000010,3,1003,1,30,1,4,3,1110,0,0,1,1,1,0,0,1,1,E01001529,09-03-2018,1,1,1,1,42,7,3,0,0,0,0,-1,9,1
16535,72.63748289,23.08580791,1,3,3,1,4,10:49,30,E09000003,3,598,6,30,3,4,6,0,0,0,1,1,1,0,0,1,1,E01000298,09-03-2018,1,1,3,1,-1,-1,3,1,1,0,0,-1,0,-1
16536,72.62460093,23.06246194,1,2,1,1,5,22:30,30,E09000003,3,598,6,30,3,4,6,0,0,0,4,1,2,0,0,1,1,E01000298,10-03-2018,1,1,1,1,43,7,3,0,0,0,0,-1,9,1
16537,72.64635202,22.98857604,1,3,1,1,5,19:13,30,E09000003,3,504,6,30,0,-1,-1,0,0,0,4,1,1,0,0,1,1,E01000181,10-03-2018,1,1,1,1,62,9,3,0,0,0,0,-1,1,1
16538,72.54205956,23.07595327,1,3,2,1,6,12:01,30,E09000003,3,1000,2,30,6,2,3,1003,0,5,1,1,1,0,0,1,1,E01000299,11-03-2018,1,1,1,1,24,5,3,0,0,0,0,-1,9,1
16539,72.66053594,23.05991534,1,3,2,2,6,08:17,30,E09000003,6,0,6,30,0,-1,-1,0,0,0,1,1,1,0,0,1,1,E01000305,11-03-2018,2,1,1,1,39,7,2,0,0,0,0,-1,4,1
16540,72.51777534,23.05423045,1,2,1,1,4,20:00,30,E09000003,3,41,3,30,0,-1,-1,0,0,0,4,1,2,4,0,1,1,E01000191,16-03-2018,1,1,3,1,15,3,3,5,3,0,0,-1,0,-1
16541,72.54424229,23.05233482,1,3,2,1,4,16:59,30,E09000003,6,0,6,30,3,4,6,0,0,0,1,2,2,0,0,1,1,E01000168,02-03-2018,1,1,3,1,56,9,3,5,1,0,0,-1,0,1
16542,72.63279666,23.07560455,1,3,2,1,1,20:40,30,E09000003,3,1000,6,30,3,4,6,0,0,0,4,1,1,0,0,1,1,E01000185,13-03-2018,1,1,1,1,29,6,3,0,0,0,0,-1,1,1
16543,72.53826551,23.02090331,1,3,2,1,1,20:20,30,E09000003,6,0,6,30,0,-1,-1,0,0,0,4,1,1,0,0,1,1,E01000190,27-02-2018,1,1,1,1,58,9,3,0,0,0,0,-1,9,1
16544,72.57258547,22.97999937,1,3,2,1,1,18:59,30,E09000003,3,41,3,40,3,4,6,0,0,0,4,1,1,0,0,1,1,E01000138,06-03-2018,1,1,3,2,29,6,3,1,1,0,0,-1,0,1
16545,72.53791073,23.03029241,1,3,2,1,4,17:20,30,E09000003,5,0,6,30,3,4,6,0,0,0,4,3,2,0,0,1,2,E01000314,23-02-2018,1,1,1,1,81,11,3,0,0,0,0,-1,9,1
16546,72.52422756,23.0599383,1,3,2,2,2,06:52,30,E09000003,1,1,3,70,0,-1,-1,0,0,0,1,1,1,0,0,1,1,E01000195,07-03-2018,2,2,1,2,47,8,3,0,0,0,0,-1,9,1
16547,72.61045515,23.05219129,1,3,2,1,2,12:55,30,E09000003,6,0,6,30,0,-1,-1,0,0,0,1,1,1,0,0,1,2,E01000167,21-02-2018,1,1,1,1,89,11,3,0,0,0,0,-1,9,1
16548,72.61119591,22.98128704,1,3,2,1,6,08:15,30,E09000003,3,41,1,30,1,4,3,406,0,0,1,1,1,0,0,1,1,E01000307,18-03-2018,1,2,2,2,85,11,3,0,0,1,0,-1,9,1
16549,72.62149482,23.00404666,1,3,2,1,6,20:25,30,E09000003,6,0,6,30,5,4,6,0,0,0,1,1,1,0,0,1,3,E01000142,18-02-2018,1,1,1,2,31,6,3,0,0,0,0,-1,9,1
16550,72.64460477,22.97534811,1,3,2,1,5,12:34,30,E09000003,3,406,3,40,0,-1,-1,0,0,0,1,1,1,0,0,1,1,E01000215,10-03-2018,1,2,2,2,18,4,3,0,0,1,0,-1,9,1
16551,72.53649331,23.08030964,1,3,1,1,7,09:45,30,E09000003,3,41,1,50,1,4,6,0,0,0,1,1,1,0,0,2,1,E01000189,12-03-2018,2,1,2,1,26,6,3,0,0,1,0,-1,9,1
16552,72.63193579,22.98628167,1,3,4,2,7,08:30,30,E09000003,3,1,3,40,7,2,3,406,0,5,1,1,1,0,0,1,1,E01000238,12-03-2018,1,1,1,2,39,7,3,0,0,0,0,-1,9,1
16553,72.59192067,22.98784704,1,3,4,2,6,09:15,30,E09000003,3,598,6,30,3,4,6,0,0,0,1,1,1,0,0,1,1,E01000203,11-03-2018,2,1,1,2,46,8,3,0,0,0,0,-1,9,-1
16554,72.54823589,23.05785336,1,3,3,1,1,14:58,30,E09000003,3,406,3,50,5,4,5,0,0,0,1,1,1,0,0,1,1,E01000184,20-03-2018,1,1,1,1,20,4,2,0,0,0,0,-1,3,1
16555,72.56481796,23.07792192,1,3,2,2,1,10:50,30,E09000003,1,1,3,70,0,-1,-1,0,0,0,1,1,1,0,0,2,1,E01002114,13-03-2018,1,1,3,1,83,11,3,5,3,0,0,-1,0,-1
16556,72.56500784,23.00873991,1,3,2,1,3,13:45,30,E09000003,6,0,6,30,6,4,6,0,0,0,1,1,1,0,0,1,3,E01000283,01-03-2018,1,1,1,1,45,7,3,0,0,0,0,-1,9,1
16557,72.57545828,23.07076691,1,3,2,1,6,20:00,30,E09000003,5,0,6,30,3,4,6,0,0,0,4,1,1,0,0,1,3,E01000154,04-02-2018,1,1,1,1,23,5,3,0,0,0,0,-1,2,1
16558,72.51414639,23.07423946,1,3,1,1,1,21:14,30,E09000003,3,504,6,30,9,4,5,0,0,1,4,1,1,0,0,1,1,E01000239,06-02-2018,1,1,2,1,25,5,3,0,0,1,0,-1,9,1
16559,72.5582452,23.0314004,1,3,2,1,3,17:01,30,E09000003,6,0,6,30,3,4,6,0,0,0,1,1,1,0,0,1,1,E01000154,15-03-2018,1,2,1,2,41,7,3,0,0,0,0,-1,9,1
16560,72.58200965,23.06710233,1,3,2,1,7,20:15,2,E09000007,3,41,3,30,3,2,3,598,0,5,4,1,1,0,0,1,1,E01000139,12-03-2018,2,1,1,1,48,8,3,0,0,0,0,-1,9,1
16561,72.6006387,23.0811727,1,2,1,1,6,18:15,30,E09000003,5,0,6,30,3,4,6,0,0,0,1,1,1,0,0,1,1,E01000123,18-03-2018,3,2,1,1,39,7,3,0,0,0,0,-1,9,1
16562,72.51149372,23.00009802,1,3,2,1,1,07:25,30,E09000003,3,1003,6,30,3,4,6,0,0,1,1,1,1,0,0,1,1,E01000124,06-03-2018,1,1,2,2,48,8,3,0,0,0,4,-1,11,1
16563,72.64958065,23.07296801,1,3,2,1,5,09:38,30,E09000003,3,502,6,30,0,-1,-1,0,0,0,1,1,1,0,0,1,1,E01000311,17-03-2018,2,2,1,1,34,6,3,0,0,0,0,-1,20,-1
16564,72.62287226,22.9773701,1,3,2,1,4,19:30,30,E09000003,3,598,6,30,3,4,3,1000,0,0,4,1,1,0,0,1,1,E01000299,16-03-2018,1,1,1,2,21,5,3,0,0,0,0,-1,9,1
16565,72.61937463,23.05482773,1,3,2,1,3,14:00,30,E09000003,6,0,6,30,0,-1,-1,0,0,0,1,1,1,0,0,1,2,E01000179,08-03-2018,2,2,1,2,23,5,3,0,0,0,0,-1,9,1
16566,72.53062989,22.98993295,1,3,2,1,4,13:30,30,E09000003,3,5100,6,30,0,-1,-1,0,0,0,1,1,1,0,0,1,1,E01000192,16-03-2018,2,1,1,1,25,5,3,0,0,0,0,-1,5,1
16567,72.63040235,23.05148403,1,3,2,1,5,16:05,30,E09000003,3,5100,6,30,3,4,6,0,0,1,1,1,1,0,0,1,3,E01000264,17-03-2018,2,2,2,1,25,5,3,0,0,0,0,-1,5,1
16568,72.52540549,23.04561666,1,3,2,1,7,14:30,30,E09000003,3,5,1,30,1,2,3,406,0,5,1,1,2,0,0,1,3,E01000305,12-02-2018,2,1,1,2,-1,-1,3,0,0,0,0,-1,9,2
16569,72.51751352,23.01168447,1,3,2,1,6,09:00,30,E09000003,6,0,6,30,3,4,6,0,0,0,1,1,1,0,0,1,3,E01000246,18-03-2018,1,1,2,2,46,8,3,0,0,2,0,-1,9,1