Accident_Index,longitude,latitude,Police_Force,Accident_Severity,Number_of_Vehicles,Number_of_Casualties,Day_of_Week,Time,Local_Authority_(District),Local_Authority_(Highway),1st_Road_Class,1st_Road_Number,Road_Type,Speed_limit,Junction_Detail,Junction_Control,2nd_Road_Class,2nd_Road_Number,Pedestrian_Crossing-Human_Control,Pedestrian_Crossing-Physical_Facilities,Light_Conditions,Weather_Conditions,Road_Surface_Conditions,Special_Conditions_at_Site,Carriageway_Hazards,Urban_or_Rural_Area,Did_Police_Officer_Attend_Scene_of_Accident,LSOA_of_Accident_Location,Date,Vehicle_Reference,Casualty_Reference,Casualty_Class,Sex_of_Casualty,Age_of_Casualty,Age_Band_of_Casualty,Casualty_Severity,Pedestrian_Location,Pedestrian_Movement,Car_Passenger,Bus_or_Coach_Passenger,Pedestrian_Road_Maintenance_Worker,Casualty_Type,Casualty_Home_Area_Type
16570,72.56225097,22.98757097,1,3,2,1,3,09:30,30,E09000003,3,5109,6,30,0,-1,-1,0,0,0,1,1,1,0,0,1,3,E01000264,01-03-2018,1,1,3,1,21,5,3,5,9,0,0,-1,0,1
16571,72.62614094,23.04784609,1,3,2,1,5,10:27,30,E09000003,3,504,6,30,3,4,6,0,0,0,1,1,1,0,0,1,1,E01000308,17-03-2018,2,1,2,1,12,3,3,0,0,1,0,-1,9,1
16572,72.65098536,23.04361948,1,3,6,1,6,07:45,30,E09000003,3,502,6,30,0,-1,-1,0,0,0,1,1,1,0,0,1,1,E01000237,25-03-2018,1,1,1,1,31,6,3,0,0,0,0,-1,9,1
16573,72.59029784,23.06328544,1,3,2,2,5,08:10,30,E09000003,5,0,6,30,0,-1,-1,0,0,0,1,2,2,0,0,1,1,E01000279,24-03-2018,1,2,2,1,31,6,3,0,0,1,0,-1,9,-1
16574,72.51608721,23.03744626,1,3,1,1,7,08:56,30,E09000003,6,0,6,30,0,-1,-1,0,0,0,1,1,1,0,0,1,1,E01000297,19-03-2018,1,3,2,1,8,2,3,0,0,2,0,-1,9,-1
16575,72.52361521,23.06153878,1,3,2,1,6,17:10,30,E09000003,3,598,6,30,3,4,6,0,0,0,1,1,1,0,0,1,1,E01000196,25-03-2018,2,1,1,2,59,9,3,0,0,0,0,-1,9,1
16576,72.64177525,23.0003611,1,3,2,3,6,15:12,30,E09000003,4,552,6,30,3,4,6,0,0,0,1,1,1,0,0,1,1,E01000198,25-03-2018,1,1,2,2,46,8,3,0,0,2,0,-1,9,1
16577,72.6412656,22.98281681,1,3,4,1,4,18:15,30,E09000003,5,0,6,30,0,-1,-1,0,0,0,4,1,1,0,0,1,1,E01000192,23-03-2018,1,1,1,2,17,4,3,0,0,0,0,-1,9,1
16578,72.57431653,23.02852738,1,3,2,1,5,18:35,30,E09000003,5,0,6,30,0,-1,-1,0,0,0,4,1,1,0,0,1,1,E01000130,03-03-2018,1,1,2,2,70,10,3,0,0,0,1,-1,11,-1
16579,72.61748861,22.9647595,1,3,1,1,1,10:28,30,E09000003,3,502,6,30,6,2,6,0,0,0,1,1,1,0,0,1,1,E01000236,13-03-2018,1,1,3,1,14,3,3,1,3,0,0,-1,0,1
16580,72.57102318,22.98037693,1,3,2,2,4,10:05,30,E09000003,3,504,6,30,3,4,6,0,0,0,1,1,1,0,0,1,1,E01000243,23-03-2018,2,1,1,1,31,6,3,0,0,0,0,-1,3,-1
16581,72.52434623,23.08317692,1,3,1,1,6,19:15,30,E09000003,6,0,6,30,0,-1,-1,0,0,0,1,1,1,0,0,1,1,E01000147,18-03-2018,1,1,2,1,15,3,3,0,0,1,0,-1,9,1
16582,72.62865733,23.01584063,1,3,2,1,6,12:54,30,E09000003,6,0,2,30,0,-1,-1,0,0,0,1,1,1,0,0,1,1,E01000289,04-03-2018,1,2,1,1,44,7,3,0,0,0,0,-1,9,1
16583,72.55626535,22.98490634,1,2,3,1,4,19:17,30,E09000003,3,41,3,50,0,-1,-1,0,0,0,4,1,1,0,0,1,1,E01000239,09-03-2018,1,1,2,1,28,6,3,0,0,1,0,-1,9,1
16584,72.59431062,23.0452963,1,3,1,1,5,00:28,30,E09000003,4,1461,6,30,0,-1,-1,0,0,0,4,1,1,0,7,1,1,E01000261,17-03-2018,2,1,1,1,20,4,3,0,0,0,0,-1,9,1
16585,72.52407511,23.03681091,1,3,2,1,3,09:05,30,E09000003,6,0,6,30,0,-1,-1,0,0,0,1,1,1,0,0,1,3,E01000120,01-03-2018,1,1,3,1,37,7,2,9,8,0,0,-1,0,-1
16586,72.66008467,23.01907617,1,3,4,1,1,12:05,30,E09000003,3,406,3,40,3,2,6,0,0,5,1,1,1,0,0,1,1,E01000203,27-03-2018,1,1,3,1,30,6,3,9,5,0,0,-1,0,1
16587,72.63743224,23.0574969,1,3,3,5,4,16:20,30,E09000003,3,1000,6,30,0,-1,-1,0,0,0,1,1,1,0,0,1,1,E01000250,09-03-2018,1,1,2,2,35,6,3,0,0,0,3,-1,11,1
16588,72.58002136,23.09085676,1,3,3,1,2,19:15,30,E09000003,3,1000,6,30,3,2,3,5109,0,5,4,1,1,0,0,1,2,E01000281,14-02-2018,2,1,1,1,41,7,3,0,0,0,0,-1,9,-1
16589,72.60605323,23.08868936,1,3,2,1,3,16:00,30,E09000003,6,0,6,30,0,-1,-1,0,0,0,1,1,1,0,0,1,3,E01000224,01-03-2018,1,1,3,2,12,3,2,5,1,0,0,-1,0,1
16590,72.60303011,23.08156835,1,3,1,1,5,11:40,30,E09000003,3,502,6,30,3,4,5,0,0,0,1,1,1,0,0,1,1,E01000245,31-03-2018,1,1,2,2,22,5,3,0,0,1,0,-1,9,-1
16591,72.50906835,22.98113177,1,3,1,1,2,08:50,30,E09000003,5,0,6,30,0,-1,-1,0,0,0,1,1,1,0,0,1,2,E01000235,04-04-2018,1,1,1,2,29,6,3,0,0,0,0,-1,9,-1
16592,72.59221902,23.04162887,1,3,2,1,4,14:30,30,E09000003,3,41,1,40,1,4,3,1,0,0,1,1,1,0,0,1,3,E01000231,30-03-2018,1,1,1,1,18,4,3,0,0,0,0,-1,4,1
16593,72.62425153,22.97990604,1,3,2,1,5,11:24,30,E09000003,3,1081,6,30,3,4,6,0,0,0,1,1,1,0,0,1,1,E01000254,03-03-2018,2,2,1,1,18,4,3,0,0,0,0,-1,3,1
16594,72.54503469,23.05170325,1,3,1,1,4,06:55,30,E09000003,3,411,6,30,3,4,6,0,0,0,4,2,2,0,0,1,1,E01000253,30-03-2018,1,1,2,1,25,5,3,0,0,0,0,-1,4,-1
16595,72.66006774,23.04740296,1,3,2,1,5,12:42,30,E09000003,3,41,3,50,0,-1,-1,0,0,0,1,1,2,0,0,1,1,E01000237,03-03-2018,1,1,1,1,22,5,3,0,0,0,0,-1,9,-1
16596,72.55391977,23.08356307,1,3,2,2,7,20:44,30,E09000003,6,0,1,30,2,4,6,0,0,0,4,1,2,0,0,1,1,E01000319,26-03-2018,1,1,3,1,55,8,3,5,1,0,0,-1,0,1
16597,72.60715615,23.03511217,1,3,2,1,7,19:00,30,E09000003,3,406,3,50,0,-1,-1,0,0,0,4,1,1,0,0,1,3,E01000219,19-03-2018,2,1,1,1,44,7,3,0,0,0,0,-1,9,1
16598,72.57379593,23.05442609,1,3,2,1,3,22:51,30,E09000003,3,504,6,30,3,4,3,504,0,0,4,2,2,0,0,1,1,E01000313,29-03-2018,1,1,1,2,-1,-1,3,0,0,0,0,-1,9,1
16599,72.52030859,22.99925449,1,3,2,3,3,23:18,30,E09000003,5,0,6,30,0,-1,-1,0,0,5,4,2,2,0,0,1,1,E01000260,29-03-2018,1,1,1,1,25,5,3,0,0,0,0,-1,9,1
16600,72.66100426,23.07845745,1,3,2,1,2,22:10,30,E09000003,3,1000,6,30,0,-1,-1,0,0,0,4,1,1,0,0,1,3,E01000316,28-03-2018,1,1,1,1,30,6,3,0,0,0,0,-1,9,1
16601,72.55180551,23.04842856,1,3,2,1,3,08:47,30,E09000003,6,0,1,30,2,4,6,0,0,0,1,1,1,0,0,1,1,E01000152,05-04-2018,1,1,3,1,4,1,3,5,4,0,0,-1,0,1
16602,72.63048784,22.98827709,1,3,2,1,4,14:55,30,E09000003,3,5109,6,30,6,4,6,0,0,4,1,1,1,0,0,1,1,E01000194,06-04-2018,1,1,1,2,-1,-1,3,0,0,0,0,-1,9,1
16603,72.54975256,23.0635587,1,2,1,1,2,17:15,30,E09000003,6,0,6,30,3,4,6,0,0,0,1,1,1,0,0,1,1,E01000193,04-04-2018,1,1,2,1,20,4,3,0,0,1,0,-1,9,-1
16604,72.57463784,23.01615113,1,3,2,1,6,12:30,30,E09000003,6,0,6,30,0,-1,-1,0,0,0,1,1,1,0,0,1,1,E01000221,08-04-2018,1,1,1,1,51,8,3,0,0,0,0,-1,9,1
16605,72.5081467,23.00197956,1,3,2,2,6,20:35,30,E09000003,3,406,7,30,5,2,3,5,0,0,4,1,1,0,0,1,2,E01000499,08-04-2018,1,1,1,1,23,5,3,0,0,0,0,-1,4,1
16606,72.63973539,23.08674217,1,3,2,1,4,23:29,30,E09000003,6,0,6,30,3,4,6,0,0,0,4,1,1,0,0,1,1,E01000128,16-03-2018,1,1,1,1,35,6,3,0,0,0,0,-1,9,1
16607,72.65467315,23.07869097,1,3,4,4,6,22:10,30,E09000003,4,550,3,30,6,2,4,550,0,5,4,1,1,0,0,1,1,E01000164,01-04-2018,1,1,1,1,35,6,3,0,0,0,0,-1,9,1
16608,72.5764473,23.05227515,1,3,2,1,2,15:50,30,E09000003,3,598,6,30,3,4,5,0,0,0,1,1,1,0,0,1,1,E01000211,14-03-2018,1,1,2,2,67,10,3,0,0,1,0,-1,9,1
16609,72.51774734,22.96437217,1,3,2,1,4,09:29,30,E09000003,3,406,1,20,1,4,3,406,0,0,1,2,2,0,0,1,1,E01000499,06-04-2018,2,1,1,1,29,6,3,0,0,0,0,-1,1,1
16610,72.62749247,23.02305469,1,3,2,1,1,18:05,30,E09000003,3,41,3,30,6,2,3,407,0,5,1,1,1,1,0,1,1,E01000138,17-04-2018,2,1,1,1,15,3,3,0,0,0,0,-1,1,-1
16611,72.55366431,22.96885412,1,3,1,1,7,07:35,30,E09000003,3,5109,6,30,3,4,3,1,0,1,1,1,1,0,0,1,1,E01000264,26-03-2018,1,1,2,2,12,3,3,0,0,0,3,-1,11,1
16612,72.52646645,23.06280232,1,3,2,1,6,12:49,30,E09000003,3,406,3,40,6,2,3,598,0,5,1,1,1,0,0,1,1,E01000225,25-03-2018,1,1,1,1,34,6,3,0,0,0,0,-1,1,1
16613,72.61283681,23.06268395,1,3,2,1,2,14:15,30,E09000003,3,5,6,30,0,-1,-1,0,0,0,1,1,1,0,0,1,1,E01000223,07-03-2018,1,1,1,1,26,6,3,0,0,0,0,-1,11,-1
16614,72.60285425,22.96612971,1,3,1,1,1,01:50,30,E09000003,3,1000,6,30,3,4,3,5109,0,4,4,1,1,0,0,1,1,E01000281,03-04-2018,1,1,1,1,25,5,3,0,0,0,0,-1,9,1
16615,72.58755003,23.08382548,1,3,3,2,6,14:55,30,E09000003,3,5100,6,30,0,-1,-1,0,0,8,1,1,1,0,0,1,1,E01000194,01-04-2018,1,2,2,1,-1,-1,3,0,0,1,0,-1,9,1
16616,72.6049782,23.02801373,1,2,1,1,5,21:08,30,E09000003,3,504,6,30,3,4,3,504,0,1,4,1,1,0,0,1,1,E01000313,17-03-2018,1,1,3,1,2,1,3,8,9,0,0,-1,0,-1
16617,72.53202587,23.00486731,1,3,1,1,6,15:56,30,E09000003,5,0,6,30,3,4,3,1000,0,0,1,1,1,0,0,1,1,E01000323,01-04-2018,1,1,1,1,44,7,3,0,0,0,0,-1,9,-1
16618,72.6036749,23.0201577,1,3,2,1,4,22:00,30,E09000003,3,5,6,30,3,2,5,0,0,5,4,1,1,0,0,1,1,E01000516,23-03-2018,1,1,3,2,14,3,3,10,1,0,0,-1,0,1
16619,72.59458507,23.02783349,1,3,1,1,7,23:25,30,E09000003,3,504,6,30,3,4,5,0,0,0,4,1,1,0,0,1,1,E01000244,05-02-2018,1,1,1,1,38,7,3,0,0,0,0,-1,5,1
16620,72.6131046,23.05278795,1,3,2,1,1,18:43,30,E09000003,6,0,6,30,0,-1,-1,0,0,0,1,1,1,0,0,1,1,E01000294,03-04-2018,1,1,1,1,21,5,3,0,0,0,0,-1,9,1
16621,72.65051794,22.98066725,1,3,2,1,3,02:00,30,E09000003,3,41,3,30,0,-1,-1,0,0,0,4,1,1,0,0,1,1,E01000310,05-04-2018,1,1,1,1,54,8,3,0,0,0,0,-1,9,1
16622,72.62296019,22.96907253,1,3,1,1,4,15:30,30,E09000003,3,1000,6,30,3,4,6,0,0,0,1,2,2,0,0,1,1,E01000321,06-04-2018,1,1,1,1,90,11,3,0,0,0,0,-1,9,1
16623,72.63660812,23.05082344,1,3,4,1,4,15:15,30,E09000003,3,1000,6,30,0,-1,-1,0,0,5,1,2,2,0,0,1,1,E01000268,06-04-2018,1,1,1,2,39,7,3,0,0,0,0,-1,9,1
16624,72.52415554,22.96645019,1,3,4,1,1,00:58,30,E09000003,3,41,3,40,0,-1,-1,0,0,0,4,1,1,0,0,1,1,E01000138,10-04-2018,1,1,3,1,30,6,3,1,1,0,0,-1,0,1
16625,72.63443151,23.0311516,1,3,1,1,1,18:16,30,E09000003,3,1000,6,30,0,-1,-1,0,0,0,1,1,1,0,0,1,1,E01000316,17-04-2018,1,1,1,1,41,7,3,0,0,0,0,-1,9,1
16626,72.65777579,23.03742318,1,3,2,1,1,09:02,30,E09000003,3,598,6,30,3,4,6,0,0,0,1,1,1,0,0,1,1,E01000201,17-04-2018,2,2,1,2,30,6,3,0,0,0,0,-1,9,1
16627,72.6598763,22.9666981,1,2,2,1,3,19:03,30,E09000003,3,5,6,30,0,-1,-1,0,0,5,1,1,1,0,0,1,1,E01000588,12-04-2018,1,1,1,2,36,7,3,0,0,0,0,-1,9,1
16628,72.52324039,23.08574436,1,3,2,1,2,12:06,30,E09000003,6,0,6,30,0,-1,-1,0,0,0,1,1,1,0,0,1,1,E01000116,18-04-2018,1,1,1,2,42,7,3,0,0,0,0,-1,9,1
16629,72.52747825,22.99505531,1,2,2,1,4,12:55,30,E09000003,3,411,6,30,3,4,6,0,0,0,1,1,2,0,0,1,1,E01000250,13-04-2018,1,1,1,2,45,7,2,0,0,0,0,-1,9,1
16630,72.56139912,22.9768962,1,3,2,2,2,13:25,30,E09000003,3,504,6,30,0,-1,-1,0,0,4,1,1,2,0,0,1,1,E01000210,04-04-2018,1,1,1,1,56,9,3,0,0,0,0,-1,9,1
16631,72.56339597,23.04973907,1,3,2,1,5,09:25,30,E09000003,5,0,6,30,3,4,6,0,0,0,1,1,2,0,0,1,1,E01000270,31-03-2018,1,1,3,1,26,6,3,4,1,0,0,-1,0,1
16632,72.56213945,23.07471888,1,3,2,1,4,14:58,30,E09000003,3,1000,3,30,6,2,5,0,0,5,1,1,1,0,0,1,1,E01000184,06-04-2018,1,1,3,1,12,3,3,5,1,0,0,-1,0,1
16633,72.59266748,23.09062608,1,3,2,1,5,19:59,32,E09000010,3,1003,1,30,1,4,3,109,0,1,4,1,1,0,0,1,1,E01001529,14-04-2018,1,1,2,2,27,6,2,0,0,1,0,-1,9,1
16634,72.60441201,23.0159918,1,3,1,1,5,15:46,30,E09000003,6,0,6,30,0,-1,-1,0,0,0,1,2,2,0,0,1,1,E01000310,07-04-2018,1,1,1,1,31,6,3,0,0,0,0,-1,9,1
16635,72.53617566,23.0739358,1,3,2,1,2,13:50,30,E09000003,6,0,6,30,0,-1,-1,0,0,0,1,1,2,0,0,1,1,E01000310,04-04-2018,1,1,1,1,-1,-1,3,0,0,0,0,-1,9,-1
16636,72.65062261,23.05022686,1,3,1,1,4,15:42,30,E09000003,3,5,3,30,3,4,6,0,0,0,1,1,1,0,0,1,1,E01000305,20-04-2018,1,1,1,2,26,6,3,0,0,0,0,-1,3,1
16637,72.54885534,23.06148344,1,3,2,1,1,20:45,30,E09000003,6,0,6,30,0,-1,-1,0,0,0,4,1,1,0,0,1,1,E01000229,24-04-2018,1,1,1,1,41,7,3,0,0,0,0,-1,5,1
16638,72.55910987,23.08018004,1,3,2,1,3,19:50,30,E09000003,3,407,6,30,6,2,3,598,0,5,4,1,1,0,0,1,1,E01000140,12-04-2018,1,1,1,2,23,5,3,0,0,0,0,-1,9,1
16639,72.57931664,23.04603369,1,2,2,2,6,07:05,30,E09000003,6,0,6,30,0,-1,-1,0,0,8,1,2,2,0,0,1,1,E01000155,08-04-2018,1,1,1,2,45,7,3,0,0,0,0,-1,9,-1
16640,72.56891166,23.07285286,1,3,2,1,1,18:34,30,E09000003,6,0,6,30,0,-1,-1,0,0,0,1,1,1,0,0,1,1,E01000247,17-04-2018,1,2,2,2,-1,-1,3,0,0,1,0,-1,9,-1
16641,72.51528312,23.00678991,1,3,1,1,5,14:07,30,E09000003,3,598,7,30,3,4,6,0,0,1,1,1,1,0,0,1,1,E01000211,21-04-2018,1,1,1,2,28,6,3,0,0,0,0,-1,9,1
16642,72.58460069,23.03059456,1,3,2,2,3,21:05,30,E09000003,3,41,3,50,6,2,5,0,0,5,4,1,1,0,0,1,1,E01000239,19-04-2018,2,2,1,1,30,6,3,0,0,0,0,-1,9,1
16643,72.64879369,22.98276736,1,3,2,1,3,22:02,30,E09000003,3,502,6,30,3,4,6,0,0,0,4,1,1,0,0,1,1,E01000144,19-04-2018,1,1,1,1,48,8,3,0,0,0,0,-1,9,1
16644,72.53343051,23.0573213,1,3,3,1,6,15:00,30,E09000003,3,110,6,30,0,-1,-1,0,0,0,1,1,1,0,0,1,1,E01000171,22-04-2018,1,3,2,1,22,5,3,0,0,1,0,-1,9,1
16645,72.64200018,22.98573209,1,3,1,1,5,15:59,30,E09000003,3,1000,6,30,3,4,6,0,0,1,1,1,1,0,0,1,1,E01000321,21-04-2018,2,2,1,1,25,5,3,0,0,0,0,-1,9,-1
16646,72.59186857,23.02460063,1,3,2,1,2,07:10,30,E09000003,5,0,1,30,1,4,5,0,0,0,1,1,1,0,0,1,1,E01000278,11-04-2018,1,1,1,2,24,5,3,0,0,0,0,-1,9,1
16647,72.54885292,23.07677113,1,3,3,1,7,13:05,30,E09000003,6,0,6,30,7,4,6,0,0,0,1,1,1,0,0,1,1,E01000128,16-04-2018,1,1,3,1,12,3,3,5,3,0,0,-1,0,-1
16648,72.62989631,23.00755968,1,3,2,1,3,22:10,30,E09000003,5,0,6,30,6,4,6,0,0,0,4,1,1,0,0,1,1,E01000301,12-04-2018,1,1,1,1,33,6,3,0,0,0,0,-1,4,1
16649,72.63796992,23.01396214,1,3,3,2,3,12:30,30,E09000003,3,1003,6,30,6,2,4,550,0,5,1,1,1,0,0,1,1,E01000162,29-03-2018,1,1,2,2,26,6,3,0,0,1,0,-1,9,1
16650,72.55383658,22.96548993,1,3,4,1,4,14:00,30,E09000003,5,0,6,30,0,-1,-1,0,0,0,1,1,1,0,0,1,1,E01000149,13-04-2018,1,1,1,1,29,6,3,0,0,0,0,-1,3,-1
16651,72.61994122,23.01148039,1,3,2,1,3,15:10,30,E09000003,3,406,7,30,1,2,3,5,0,5,1,1,1,0,0,1,1,E01000499,19-04-2018,1,1,1,1,47,8,3,0,0,0,0,-1,9,1
16652,72.55643794,22.97694939,1,3,2,1,1,20:50,30,E09000003,3,1000,6,30,8,4,6,0,0,4,4,2,2,0,0,1,1,E01000182,17-04-2018,1,2,2,2,45,7,3,0,0,1,0,-1,9,1
16653,72.629709,22.98576144,1,3,3,1,7,13:10,30,E09000003,3,406,3,50,0,-1,-1,0,0,0,1,1,1,0,0,1,1,E01000315,16-04-2018,1,1,3,1,24,5,2,10,9,0,0,-1,0,1
16654,72.62544779,22.96864451,1,3,2,1,3,17:40,30,E09000003,5,0,6,30,3,4,6,0,0,0,1,1,1,0,0,1,1,E01000292,19-04-2018,1,1,1,2,44,7,3,0,0,0,0,-1,9,1
16655,72.57260172,23.04518694,1,3,2,1,7,19:10,30,E09000003,6,0,1,30,1,4,6,0,0,0,1,1,1,0,0,1,2,E01000296,02-04-2018,1,1,2,1,42,7,3,0,0,1,0,-1,9,1
16656,72.53324489,22.99902297,1,3,1,1,7,02:00,30,E09000003,3,1,3,50,3,4,6,0,0,0,4,1,1,0,0,1,1,E01000264,16-04-2018,1,1,3,1,77,11,3,10,9,0,0,-1,0,-1
16657,72.50933121,23.03941689,1,3,2,1,2,18:15,30,E09000003,5,0,6,30,0,-1,-1,0,0,0,1,1,1,0,0,1,1,E01000260,11-04-2018,1,1,1,2,55,8,3,0,0,0,0,-1,9,1
16658,72.60605055,23.07387285,1,3,3,1,2,07:25,30,E09000003,3,406,3,40,0,-1,-1,0,0,0,1,2,2,0,0,1,1,E01000223,18-04-2018,1,1,1,1,51,8,3,0,0,0,0,-1,9,1
16659,72.63460258,23.06363173,1,3,1,1,6,08:55,30,E09000003,3,5,3,30,0,-1,-1,0,0,4,1,1,1,0,0,1,2,E01000194,08-04-2018,1,1,3,2,34,6,3,1,1,0,0,-1,0,1
16660,72.54008411,23.00558529,1,3,3,5,1,22:14,30,E09000003,3,502,6,30,6,2,5,0,0,5,4,2,2,0,0,1,1,E01000144,17-04-2018,1,1,3,1,21,5,3,10,9,0,0,-1,0,1
16661,72.65556451,23.05626284,1,3,1,1,6,19:30,30,E09000003,3,110,6,30,0,-1,-1,0,0,1,4,1,1,0,0,1,2,E01000268,08-04-2018,1,1,3,2,40,7,3,10,9,0,0,-1,0,1
16662,72.64845839,23.04894,1,3,2,1,5,19:00,30,E09000003,5,0,6,30,0,-1,-1,0,0,0,4,1,1,0,0,2,2,E01000253,14-04-2018,1,1,3,2,17,4,2,10,9,0,0,-1,0,1
16663,72.57290742,23.02920379,1,3,2,1,6,16:15,30,E09000003,6,0,6,30,0,-1,-1,0,0,0,1,1,1,0,0,1,2,E01000319,15-04-2018,1,1,1,1,28,6,3,0,0,0,0,-1,9,1
16664,72.63763668,23.08784953,1,3,2,1,1,12:00,30,E09000003,3,410,6,30,0,-1,-1,0,0,0,1,1,1,0,0,2,2,E01000188,10-04-2018,1,2,2,1,26,6,3,0,0,1,0,-1,9,1
16665,72.52748056,22.98563232,1,3,2,2,4,20:00,30,E09000003,3,504,6,30,0,-1,-1,0,0,0,4,1,1,0,0,1,3,E01000197,02-03-2018,1,1,1,1,41,7,3,0,0,0,0,-1,4,3
16666,72.66205965,23.00639371,1,3,2,1,7,09:45,30,E09000003,3,502,6,30,0,-1,-1,0,0,0,1,1,1,0,0,1,2,E01000144,09-04-2018,1,1,3,1,8,2,3,10,9,0,0,-1,0,-1
16667,72.6029897,23.05634876,1,3,2,1,6,07:15,30,E09000003,3,504,6,30,6,2,3,598,0,5,1,1,1,0,0,1,2,E01000196,15-04-2018,1,1,1,1,40,7,3,0,0,0,0,-1,9,1
16668,72.61396524,23.0753166,1,3,2,1,2,10:30,30,E09000003,4,552,6,30,0,-1,-1,0,0,0,1,1,1,0,0,1,2,E01000242,18-04-2018,1,1,1,1,48,8,3,0,0,0,0,-1,9,1
16669,72.57111507,23.01361441,1,3,2,1,4,06:30,30,E09000003,3,406,6,30,3,2,3,1,0,5,4,1,1,0,0,1,3,E01000211,23-03-2018,2,1,2,2,8,2,3,0,0,2,0,-1,9,1
16670,72.52390238,23.07352025,1,3,4,1,2,17:00,30,E09000003,3,406,3,30,7,2,3,406,0,5,1,1,1,0,0,1,2,E01000203,18-04-2018,2,2,2,2,8,2,3,0,0,2,0,-1,9,1
16671,72.61777133,23.03477055,1,3,2,1,2,08:25,30,E09000003,6,0,6,30,6,4,6,0,0,0,1,2,2,0,0,1,1,E01000208,18-04-2018,1,1,1,1,20,4,3,0,0,0,0,-1,5,1
16672,72.57714249,23.03673996,1,2,2,2,3,16:40,30,E09000003,3,1,3,50,0,-1,-1,0,0,0,1,1,1,0,0,1,1,E01000228,26-04-2018,2,1,1,1,38,7,3,0,0,0,0,-1,9,1
16673,72.60274378,22.98552186,1,3,2,1,3,10:03,30,E09000003,3,41,3,50,0,-1,-1,0,0,0,1,1,1,0,0,1,1,E01000314,12-04-2018,1,1,1,1,70,10,3,0,0,0,0,-1,8,1
16674,72.62070979,22.98525291,1,3,1,1,6,19:35,27,E09000009,6,0,6,30,0,-1,-1,0,0,0,1,1,1,0,0,1,1,E01001360,22-04-2018,1,2,2,1,38,7,3,0,0,2,0,-1,8,1
16675,72.61152525,23.03391355,1,3,4,1,4,01:25,30,E09000003,6,0,6,30,3,4,6,0,0,0,4,2,2,0,0,1,1,E01000142,27-04-2018,2,1,1,1,21,5,3,0,0,0,0,-1,9,1
16676,72.58761528,23.06339361,1,3,3,1,4,08:48,30,E09000003,3,406,7,30,5,2,3,5,0,5,1,1,1,0,0,1,1,E01000499,27-04-2018,1,1,1,1,28,6,3,0,0,0,0,-1,9,1
16677,72.53461243,23.06264938,1,3,2,1,2,14:55,30,E09000003,6,0,1,30,1,4,6,0,0,0,1,1,1,0,0,1,2,E01000307,25-04-2018,1,1,3,2,26,6,3,5,1,0,0,-1,0,1
16678,72.60864149,23.01638637,1,3,1,1,6,12:17,30,E09000003,6,0,6,30,3,4,6,0,0,0,1,1,1,0,0,1,1,E01000222,22-04-2018,1,2,1,1,24,5,3,0,0,0,0,-1,3,1
16679,72.65943815,23.07471222,1,3,1,1,5,14:15,30,E09000003,3,5,6,30,6,2,3,5109,0,5,1,1,1,0,0,1,1,E01002119,17-03-2018,1,1,3,1,12,3,3,10,9,0,0,-1,0,1
16680,72.64624648,23.07629483,1,3,2,1,2,07:40,30,E09000003,3,5,6,30,3,2,5,0,0,5,1,1,1,0,0,1,1,E01002123,09-05-2018,2,1,2,2,22,5,3,0,0,1,0,-1,9,1
16681,72.52560081,23.02592069,1,3,1,1,2,11:24,30,E09000003,6,0,6,30,0,-1,-1,0,0,0,1,1,1,0,2,1,1,E01000272,09-05-2018,1,1,1,1,45,7,3,0,0,0,0,-1,19,1
16682,72.57609437,23.02430004,1,3,2,1,6,07:05,30,E09000003,4,1462,6,30,3,4,6,0,0,0,1,1,1,0,0,1,1,E01000204,06-05-2018,1,1,3,1,34,6,3,1,1,0,0,-1,0,1
16683,72.64755145,23.06288959,1,3,1,1,4,11:45,30,E09000003,6,0,6,30,0,-1,-1,0,0,0,1,1,1,0,0,1,1,E01000295,09-03-2018,1,1,3,1,30,6,3,10,9,0,0,-1,0,1
16684,72.63275647,23.05108441,1,3,2,2,7,17:05,30,E09000003,3,406,3,40,7,2,3,1,0,5,1,1,1,0,0,1,1,E01000211,07-05-2018,1,1,1,1,17,4,3,0,0,0,0,-1,3,1
16685,72.56427803,23.0567027,1,3,1,1,6,08:25,30,E09000003,1,1,3,30,0,-1,-1,0,0,0,1,1,1,0,0,1,1,E01000240,06-05-2018,1,1,2,1,54,8,3,0,0,0,1,-1,11,1
16686,72.59522832,23.02872606,1,3,3,1,3,20:00,30,E09000003,6,0,6,30,3,4,6,0,0,0,4,1,2,0,0,1,1,E01000245,03-05-2018,1,1,1,1,32,6,3,0,0,0,0,-1,5,1
16687,72.58845509,23.01558829,1,3,2,1,4,11:23,30,E09000003,3,1,3,40,0,-1,-1,0,0,0,1,1,2,4,0,1,1,E01000258,13-04-2018,1,1,2,2,11,3,3,0,0,1,0,-1,9,1
16688,72.62640024,22.97186475,1,3,2,1,7,13:08,30,E09000003,4,1453,6,30,0,-1,-1,0,0,1,1,1,1,0,0,1,1,E01000116,16-04-2018,1,1,1,1,28,6,3,0,0,0,0,-1,9,1
16689,72.6607802,23.03043748,1,3,2,1,5,12:00,30,E09000003,3,1000,6,30,3,4,6,0,0,0,1,1,1,0,0,1,1,E01000281,21-04-2018,1,2,2,2,28,6,3,0,0,1,0,-1,9,1
16690,72.55831955,23.04085388,1,2,2,1,3,07:03,30,E09000003,6,0,6,30,8,4,6,0,0,0,1,1,1,0,0,1,1,E01000322,12-04-2018,1,1,1,2,85,11,3,0,0,0,0,-1,9,1