Accident_Index,longitude,latitude,Police_Force,Accident_Severity,Number_of_Vehicles,Number_of_Casualties,Day_of_Week,Time,Local_Authority_(District),Local_Authority_(Highway),1st_Road_Class,1st_Road_Number,Road_Type,Speed_limit,Junction_Detail,Junction_Control,2nd_Road_Class,2nd_Road_Number,Pedestrian_Crossing-Human_Control,Pedestrian_Crossing-Physical_Facilities,Light_Conditions,Weather_Conditions,Road_Surface_Conditions,Special_Conditions_at_Site,Carriageway_Hazards,Urban_or_Rural_Area,Did_Police_Officer_Attend_Scene_of_Accident,LSOA_of_Accident_Location,Date,Vehicle_Reference,Casualty_Reference,Casualty_Class,Sex_of_Casualty,Age_of_Casualty,Age_Band_of_Casualty,Casualty_Severity,Pedestrian_Location,Pedestrian_Movement,Car_Passenger,Bus_or_Coach_Passenger,Pedestrian_Road_Maintenance_Worker,Casualty_Type,Casualty_Home_Area_Type
16691,72.65890736,22.9700224,1,3,1,1,1,13:20,30,E09000003,4,550,6,30,3,4,6,0,0,0,1,1,1,0,0,1,1,E01000159,01-05-2018,1,1,1,1,25,5,3,0,0,0,0,-1,9,1
16692,72.59083739,23.04839,1,3,2,1,1,18:05,30,E09000003,6,0,6,30,6,4,6,0,0,0,1,1,1,0,0,1,2,E01000314,08-05-2018,1,1,2,2,76,11,3,0,0,0,3,-1,11,1
16693,72.62799949,23.05736402,1,3,1,1,5,22:21,30,E09000003,3,1000,6,30,3,2,3,110,0,5,4,1,1,0,0,1,1,E01000268,28-04-2018,2,1,1,1,27,6,3,0,0,0,0,-1,1,-1
16694,72.56953652,23.02767057,1,2,3,1,3,19:09,30,E09000003,6,0,6,30,3,4,6,0,0,0,4,1,1,0,0,1,1,E01000287,12-04-2018,1,1,3,2,49,8,3,10,9,0,0,-1,0,1
16695,72.66384596,22.98355648,1,3,2,1,6,18:20,30,E09000003,3,1003,6,30,0,-1,-1,0,0,0,1,1,1,0,0,1,2,E01000161,29-04-2018,1,1,1,1,-1,-1,3,0,0,0,0,-1,5,1
16696,72.60394824,22.9859233,1,2,2,1,3,10:10,30,E09000003,3,41,3,50,0,-1,-1,0,0,0,1,1,1,0,0,1,1,E01000240,03-05-2018,1,1,3,1,30,6,3,5,1,0,0,-1,0,1
16697,72.59810892,23.00488754,1,3,2,1,1,16:00,30,E09000003,3,41,3,40,0,-1,-1,0,0,0,1,1,1,0,0,1,2,E01000231,01-05-2018,1,1,1,2,53,8,3,0,0,0,0,-1,9,1
16698,72.57392148,23.08035381,1,3,1,1,7,17:57,30,E09000003,3,1003,1,30,1,4,5,0,0,0,1,1,1,0,0,1,2,E01000324,07-05-2018,1,1,1,1,34,6,3,0,0,0,0,-1,3,1
16699,72.66327899,22.99732024,1,3,2,1,2,22:45,30,E09000003,3,5,6,30,3,2,6,0,0,5,4,1,1,0,0,1,2,E01000588,02-05-2018,2,1,1,2,24,5,3,0,0,0,0,-1,9,1
16700,72.54098527,22.98865745,1,3,2,1,3,20:50,30,E09000003,3,5,6,30,3,2,6,0,0,5,4,1,1,0,0,1,2,E01000588,03-05-2018,1,1,1,1,17,4,3,0,0,0,0,-1,3,1
16701,72.59623829,23.04292884,1,3,2,1,3,06:38,30,E09000003,3,406,6,30,6,2,3,598,0,5,1,1,1,0,0,1,2,E01000203,03-05-2018,1,1,3,1,35,6,3,9,5,0,0,-1,0,1
16702,72.65158672,22.9706741,1,3,2,1,4,12:10,30,E09000003,4,552,6,30,3,4,4,552,0,0,1,1,1,0,0,1,2,E01000261,04-05-2018,1,1,3,1,38,7,3,5,1,0,0,-1,0,-1
16703,72.57824086,23.00922442,1,3,2,1,1,20:40,30,E09000003,4,552,6,30,3,4,6,0,0,0,4,1,1,0,0,1,1,E01000255,01-05-2018,1,1,3,2,48,8,3,10,9,0,0,-1,0,1
16704,72.55730767,23.03615927,1,3,2,1,1,21:45,30,E09000003,5,0,6,30,3,4,6,0,0,0,4,1,1,0,0,1,1,E01000285,01-05-2018,1,1,1,1,38,7,3,0,0,0,0,-1,3,1
16705,72.60597838,23.06211719,1,3,1,1,1,01:39,30,E09000003,3,1000,3,30,3,2,3,109,0,5,4,1,1,0,0,1,1,E01000281,24-04-2018,1,1,3,2,11,3,3,5,1,0,0,-1,0,1
16706,72.58238166,22.97023567,1,3,2,1,6,10:00,30,E09000003,3,1,3,40,0,-1,-1,0,0,0,1,1,1,0,0,1,2,E01000198,06-05-2018,2,1,1,1,54,8,3,0,0,0,0,-1,5,1
16707,72.55881266,23.01375444,1,3,2,1,5,19:20,30,E09000003,3,1,3,40,0,-1,-1,0,0,0,1,1,1,0,0,1,2,E01000231,05-05-2018,1,1,1,1,56,9,3,0,0,0,0,-1,9,1
16708,72.57111972,23.09003155,1,3,1,1,3,16:32,30,E09000003,6,0,2,30,3,4,6,0,0,0,1,1,1,0,0,1,1,E01000307,10-05-2018,1,1,1,1,38,7,3,0,0,0,0,-1,8,1
16709,72.52587653,22.97753143,1,3,1,1,6,17:31,30,E09000003,3,407,6,30,6,4,6,0,0,0,1,1,1,0,0,1,1,E01000139,13-05-2018,1,2,1,2,38,7,3,0,0,0,0,-1,9,1
16710,72.54742659,23.01995511,1,3,2,1,6,09:39,30,E09000003,3,411,6,30,3,4,5,0,0,0,1,1,1,0,0,1,1,E01000253,06-05-2018,2,1,2,1,9,2,3,0,0,1,0,-1,9,-1
16711,72.64733374,23.00771781,1,2,2,1,4,15:41,30,E09000003,5,0,6,30,3,4,6,0,0,0,1,1,1,0,0,1,1,E01000285,11-05-2018,2,1,2,2,24,5,3,0,0,1,0,-1,9,1
16712,72.57683647,23.0294291,1,3,1,1,5,09:35,30,E09000003,3,598,6,30,0,-1,-1,0,0,0,1,1,1,0,0,1,1,E01000144,05-05-2018,2,2,1,1,52,8,3,0,0,0,0,-1,9,-1
16713,72.61426846,23.06424759,1,3,2,1,4,15:47,30,E09000003,6,0,6,30,3,4,6,0,0,0,1,1,1,0,0,1,1,E01000133,18-05-2018,1,1,2,2,25,5,3,0,0,1,0,-1,9,1
16714,72.58995639,22.98532008,1,3,2,1,2,13:30,30,E09000003,5,0,6,30,3,4,6,0,0,0,1,1,2,0,0,1,1,E01000124,25-04-2018,1,2,1,2,42,7,3,0,0,0,0,-1,9,-1
16715,72.5375748,22.97553371,1,3,1,1,3,18:09,30,E09000003,3,406,3,40,0,-1,-1,0,0,0,1,1,1,0,0,1,1,E01000223,10-05-2018,1,3,2,2,58,9,3,0,0,1,0,-1,9,1
16716,72.57551223,22.98183768,1,3,2,1,7,15:10,30,E09000003,5,0,6,30,3,4,6,0,0,0,1,1,1,0,0,1,1,E01000118,14-05-2018,2,1,1,1,36,7,3,0,0,0,0,-1,9,1
16717,72.56151535,23.03145231,1,3,2,2,3,17:36,30,E09000003,6,0,6,30,6,4,6,0,0,0,1,1,1,0,0,1,1,E01000305,10-05-2018,1,1,3,2,60,9,3,10,9,0,0,-1,0,1
16718,72.59327021,22.99015157,1,3,1,1,2,12:15,30,E09000003,3,502,6,30,0,-1,-1,0,0,0,1,1,1,0,0,1,2,E01000237,02-05-2018,2,1,2,2,29,6,3,0,0,1,0,-1,9,1
16719,72.6204302,23.05206539,1,3,2,1,2,11:10,30,E09000003,6,0,6,30,0,-1,-1,0,0,0,1,1,1,0,0,1,2,E01000305,16-05-2018,1,1,3,1,42,7,3,10,9,0,0,-1,0,1
16720,72.6324259,23.07868504,1,3,2,1,3,07:45,30,E09000003,3,1000,6,30,0,-1,-1,0,0,0,1,1,1,0,0,1,2,E01000281,17-05-2018,1,1,1,1,45,7,3,0,0,0,0,-1,9,1
16721,72.60036951,23.00847097,1,3,2,1,6,15:38,30,E09000003,3,5,6,30,8,4,6,0,0,0,1,1,1,0,0,1,1,E01002119,20-05-2018,2,1,1,1,48,8,3,0,0,0,0,-1,9,1
16722,72.59278482,23.01251166,1,3,1,2,4,14:07,30,E09000003,3,502,6,30,8,4,6,0,0,0,1,1,1,0,0,1,1,E01000136,18-05-2018,1,1,3,1,15,3,2,5,1,0,0,-1,0,1
16723,72.55207244,23.02017253,1,3,1,1,6,00:40,30,E09000003,3,406,9,40,8,4,3,41,0,0,4,2,2,0,0,1,1,E01000310,20-05-2018,1,1,1,1,46,8,3,0,0,0,0,-1,5,1
16724,72.63859986,22.97281568,1,3,1,1,4,04:38,30,E09000003,3,406,3,50,5,4,3,41,0,0,4,8,1,0,0,1,1,E01000311,27-04-2018,1,1,1,1,30,6,3,0,0,0,0,-1,3,1
16725,72.52879911,23.09265966,1,3,2,1,4,16:10,30,E09000003,3,5100,6,30,0,-1,-1,0,0,0,1,1,1,0,0,1,2,E01000194,04-05-2018,1,1,1,2,32,6,3,0,0,0,0,-1,9,1
16726,72.66438718,23.02763773,1,3,2,1,3,12:45,32,E09000010,3,1003,6,30,0,-1,-1,0,0,0,1,1,1,0,0,1,2,E01001534,24-05-2018,1,1,1,1,35,6,3,0,0,0,0,-1,9,1
16727,72.62244688,23.00428264,1,3,2,1,5,18:07,30,E09000003,3,406,3,40,3,4,6,0,0,0,1,1,1,0,0,1,1,E01000201,26-05-2018,1,1,3,2,16,4,3,4,3,0,0,-1,0,-1
16728,72.63722213,22.97947957,1,3,1,1,5,19:00,30,E09000003,3,109,6,30,3,4,6,0,0,0,1,1,1,0,0,1,1,E01000273,26-05-2018,1,1,3,1,17,4,3,5,3,0,0,-1,0,1
16729,72.58185372,23.06790086,1,3,2,1,3,13:10,30,E09000003,3,406,6,30,3,2,6,0,0,5,1,1,1,0,0,1,2,E01000225,10-05-2018,1,1,1,1,51,8,3,0,0,0,0,-1,9,3
16730,72.56522054,23.07197598,1,3,1,1,1,07:15,30,E09000003,3,406,1,30,1,2,3,5,0,0,1,1,1,0,0,1,1,E01000223,29-05-2018,1,1,1,1,18,4,3,0,0,0,0,-1,9,1
16731,72.55824014,23.06264465,1,3,2,1,5,17:40,30,E09000003,6,0,6,30,3,4,6,0,0,0,1,1,1,0,0,1,2,E01000169,19-05-2018,1,1,1,1,40,7,3,0,0,0,0,-1,9,1
16732,72.51049538,23.08598241,1,2,2,1,6,16:58,30,E09000003,3,5100,6,30,0,-1,-1,0,0,0,1,1,1,0,0,1,1,E01000194,27-05-2018,1,1,1,2,53,8,3,0,0,0,0,-1,9,1
16733,72.5523755,22.99574286,1,3,1,1,3,08:55,30,E09000003,6,0,6,30,3,4,6,0,0,0,1,1,1,0,0,1,1,E01000247,17-05-2018,1,1,3,1,15,3,3,10,9,0,0,-1,0,1
16734,72.5179864,23.03393019,1,3,2,1,3,08:00,30,E09000003,3,5,6,30,3,2,5,0,0,5,1,1,1,0,0,1,2,E01000148,10-05-2018,1,1,3,2,38,7,3,1,1,0,0,-1,0,1
16735,72.51978568,23.07252581,1,3,1,1,1,00:50,30,E09000003,3,1000,6,30,0,-1,-1,0,0,0,4,1,1,0,0,1,1,E01000250,22-05-2018,1,1,3,1,9,2,3,10,9,0,0,-1,0,1
16736,72.64281497,22.99758983,1,3,2,1,4,13:18,30,E09000003,3,1,3,40,0,-1,-1,0,0,0,1,1,1,0,0,1,1,E01000264,25-05-2018,2,1,1,1,15,3,2,0,0,0,0,-1,3,1
16737,72.63828242,22.98129111,1,2,2,1,4,22:50,30,E09000003,3,1000,6,30,3,4,6,0,0,0,4,1,1,0,0,1,1,E01000282,25-05-2018,1,1,3,2,6,2,3,5,4,0,0,-1,0,1
16738,72.64180908,23.06182673,1,3,1,1,4,23:52,28,E09000005,3,5,6,30,0,-1,-1,0,0,5,4,1,1,0,0,1,1,E01000553,11-05-2018,1,2,3,1,6,2,3,5,4,0,0,-1,0,1
16739,72.59486438,23.04536349,1,3,2,1,5,02:39,30,E09000003,6,0,6,30,0,-1,-1,0,0,0,4,1,1,0,0,1,1,E01000233,12-05-2018,1,1,2,1,21,5,3,0,0,0,0,-1,5,-1
16740,72.63196623,23.02084823,1,3,2,1,2,13:24,30,E09000003,3,5109,6,30,3,4,6,0,0,0,1,1,1,0,0,1,1,E01000194,30-05-2018,1,1,2,2,-1,-1,3,0,0,1,0,-1,9,1
16741,72.62381694,23.02474518,1,3,2,1,1,20:20,30,E09000003,3,5109,6,30,6,4,6,0,0,0,1,1,1,0,0,1,1,E01000226,15-05-2018,1,1,1,1,17,4,3,0,0,0,0,-1,9,1
16742,72.6649841,23.03341481,1,3,3,1,7,14:00,30,E09000003,3,5,6,30,0,-1,-1,0,0,0,1,1,1,0,0,1,2,E01000592,14-05-2018,1,1,1,1,-1,-1,3,0,0,0,0,-1,3,-1
16743,72.57528752,23.00039477,1,3,2,2,6,18:30,30,E09000003,3,5,6,30,3,4,6,0,0,0,1,1,1,0,0,1,1,E01000313,13-05-2018,1,1,1,1,51,8,3,0,0,0,0,-1,19,2
16744,72.65975358,23.02357835,1,3,1,1,5,19:55,30,E09000003,4,1462,6,30,3,4,6,0,0,0,1,2,2,0,0,1,1,E01000204,19-05-2018,3,2,1,1,30,6,3,0,0,0,0,-1,9,1
16745,72.55833068,23.08822222,1,3,1,1,3,11:15,30,E09000003,4,193,3,30,3,4,5,0,0,0,1,1,1,0,0,1,1,E01000174,17-05-2018,1,1,1,2,24,5,3,0,0,0,0,-1,9,1
16746,72.59594111,22.99877337,1,3,2,1,4,13:45,30,E09000003,3,41,3,40,6,2,3,504,0,5,1,1,1,0,0,1,3,E01000237,02-03-2018,1,1,1,2,20,4,3,0,0,0,0,-1,9,1
16747,72.6148574,23.03069771,1,3,2,1,5,18:03,30,E09000003,3,598,6,30,3,4,6,0,0,0,1,1,2,0,0,1,1,E01000211,19-05-2018,1,1,2,2,81,11,2,0,0,0,1,-1,11,1
16748,72.65742814,23.0895463,1,3,2,1,7,20:25,30,E09000003,6,0,6,30,0,-1,-1,0,0,0,1,1,1,0,0,1,1,E01000221,21-05-2018,1,1,1,1,56,9,3,0,0,0,0,-1,8,-1
16749,72.58732541,23.05920463,1,3,2,1,3,14:50,30,E09000003,3,109,1,30,2,4,5,0,0,1,1,1,1,0,0,1,1,E01000274,31-05-2018,1,1,1,2,19,4,3,0,0,0,0,-1,9,1
16750,72.66088013,22.97593609,1,3,2,1,3,14:25,30,E09000003,3,5109,6,30,3,4,6,0,0,0,1,1,1,0,0,1,1,E01000279,31-05-2018,1,1,1,2,44,7,3,0,0,0,0,-1,9,1
16751,72.52515923,23.00126752,1,3,2,1,1,14:28,30,E09000003,4,550,6,30,7,2,4,550,0,5,1,1,1,0,0,1,1,E01000164,22-05-2018,2,2,1,1,18,4,3,0,0,0,0,-1,9,1
16752,72.62507518,22.99816919,1,3,2,1,4,17:55,30,E09000003,3,5,6,30,3,2,6,0,0,5,1,2,2,0,0,1,1,E01000313,01-06-2018,1,2,2,2,17,4,3,0,0,2,0,-1,9,-1
16753,72.62461945,23.01929485,1,3,2,1,3,17:35,30,E09000003,3,1,3,50,5,4,6,0,0,0,1,1,1,0,0,1,1,E01000260,07-06-2018,2,1,1,1,43,7,3,0,0,0,0,-1,21,1
16754,72.63179959,23.02916718,1,3,1,1,6,16:48,30,E09000003,3,407,6,30,3,4,6,0,0,0,1,1,1,0,0,1,1,E01000143,13-05-2018,1,1,3,2,67,10,3,10,9,0,0,-1,0,1
16755,72.58518146,23.00993236,1,3,2,2,3,17:16,30,E09000003,6,0,6,30,3,4,6,0,0,0,1,1,1,0,0,1,1,E01000254,26-04-2018,2,1,1,1,29,6,3,0,0,0,0,-1,9,-1
16756,72.60599748,22.99273952,1,3,2,1,6,19:30,30,E09000003,6,0,1,30,1,4,6,0,0,0,1,1,1,0,0,1,1,E01000221,20-05-2018,2,1,1,2,64,9,3,0,0,0,0,-1,9,1
16757,72.62430759,22.98243044,1,2,2,1,7,18:08,30,E09000003,5,0,6,30,6,4,6,0,0,0,1,1,1,0,0,1,1,E01000304,28-05-2018,2,2,2,1,62,9,3,0,0,1,0,-1,9,1
16758,72.64549816,23.03476528,1,3,2,1,1,19:40,30,E09000003,3,406,3,40,6,2,3,502,0,5,4,1,1,0,0,1,2,E01000311,01-05-2018,3,3,1,2,34,6,3,0,0,0,0,-1,9,1
16759,72.56006016,23.08373204,1,3,2,1,4,07:59,30,E09000003,3,407,6,30,3,4,6,0,0,0,1,1,1,0,0,1,1,E01000142,25-05-2018,1,1,1,1,27,6,3,0,0,0,0,-1,11,1
16760,72.609391,23.0525057,1,3,3,2,5,16:26,30,E09000003,3,1000,6,30,3,4,6,0,0,0,1,1,1,0,0,1,1,E01000185,05-05-2018,1,1,1,1,38,7,3,0,0,0,0,-1,4,1
16761,72.59692038,23.00618981,1,3,2,1,2,19:30,30,E09000003,3,5,6,30,3,4,5,0,0,0,4,1,1,0,0,1,1,E01000516,02-05-2018,1,1,1,2,23,5,3,0,0,0,0,-1,9,1
16762,72.64084361,23.03712051,1,3,2,1,2,12:45,30,E09000003,3,407,6,30,0,-1,-1,0,0,0,1,2,2,0,0,1,2,E01000141,30-05-2018,1,2,2,1,24,5,3,0,0,1,0,-1,9,-1
16763,72.55331838,23.07371659,1,3,2,1,2,18:30,30,E09000003,6,0,6,30,3,4,6,0,0,0,1,1,1,0,0,1,2,E01000322,16-05-2018,1,1,1,1,58,9,3,0,0,0,0,-1,1,1
16764,72.5789621,23.04430739,1,3,2,2,2,08:15,30,E09000003,6,0,6,30,3,4,6,0,0,0,1,1,1,0,0,1,2,E01000317,30-05-2018,1,1,3,2,16,4,3,5,1,0,0,-1,0,-1
16765,72.59562689,22.97856631,1,3,3,1,3,20:30,30,E09000003,3,1,3,50,0,-1,-1,0,0,0,4,1,1,0,0,1,2,E01000264,31-05-2018,2,1,1,1,61,9,3,0,0,0,0,-1,5,1
16766,72.56277785,23.09050974,1,3,2,1,3,17:30,30,E09000003,5,0,6,30,8,4,6,0,0,0,1,1,1,0,0,1,2,E01000155,31-05-2018,1,1,3,2,13,3,3,5,1,0,0,-1,0,-1
16767,72.6010996,23.01661141,1,2,1,1,1,04:15,30,E09000003,3,41,7,50,5,4,3,504,0,0,4,1,1,0,0,1,1,E01000237,10-04-2018,1,1,2,2,63,9,3,0,0,0,1,-1,11,-1
16768,72.57974492,23.00828711,1,3,2,1,4,17:34,30,E09000003,3,411,6,30,3,4,5,0,0,0,1,1,2,0,0,1,1,E01000253,27-04-2018,1,1,1,2,27,6,3,0,0,0,0,-1,9,1
16769,72.51100425,23.01775922,1,2,2,1,2,09:37,28,E09000005,3,5,6,30,0,-1,-1,0,0,0,1,1,1,0,0,1,1,E01000497,06-06-2018,1,2,2,2,-1,-1,3,0,0,1,0,-1,9,1
16770,72.56725916,23.00250924,1,3,2,1,4,10:45,30,E09000003,3,504,6,30,6,2,3,504,0,5,1,1,1,0,0,1,2,E01000181,13-04-2018,2,3,1,1,43,7,3,0,0,0,0,-1,9,1
16771,72.5211464,23.08689351,1,3,2,1,4,07:15,30,E09000003,3,5,3,30,3,2,6,0,0,0,1,1,1,0,0,1,1,E01000308,25-05-2018,1,1,1,1,20,4,3,0,0,0,0,-1,9,1
16772,72.60415602,22.97098482,1,3,1,1,4,07:56,30,E09000003,6,0,6,30,0,-1,-1,0,0,0,1,1,1,0,0,1,1,E01000135,25-05-2018,1,1,2,2,23,5,3,0,0,1,0,-1,9,1
16773,72.65813652,23.01888585,1,3,2,3,4,15:45,30,E09000003,3,1,3,30,6,2,3,504,0,5,1,2,2,0,0,1,1,E01000242,01-06-2018,2,2,1,2,39,7,3,0,0,0,0,-1,9,1
16774,72.5188905,23.02658588,1,3,2,1,7,21:30,30,E09000003,3,411,6,30,0,-1,-1,0,0,0,4,1,1,0,0,1,1,E01000248,30-04-2018,2,1,2,1,17,4,3,0,0,0,0,-1,2,1
16775,72.63957651,23.00567575,1,3,2,1,4,17:43,30,E09000003,3,411,6,30,3,4,6,0,0,0,1,1,1,0,0,1,1,E01000248,25-05-2018,1,1,2,2,-1,-1,3,0,0,0,4,-1,11,-1
16776,72.51619844,23.00360173,1,3,2,1,3,16:40,30,E09000003,3,5,6,30,8,4,6,0,0,0,1,1,1,0,0,1,1,E01000588,07-06-2018,1,1,3,1,38,7,3,10,9,0,0,-1,0,1
16777,72.63960635,23.08688702,1,3,2,1,2,17:22,30,E09000003,3,598,6,30,3,4,3,598,0,1,1,2,2,0,0,1,1,E01000298,16-05-2018,1,1,1,1,28,6,3,0,0,0,0,-1,9,1
16778,72.66277209,22.98988969,1,3,2,2,4,18:16,30,E09000003,3,1,6,30,6,2,5,0,0,5,1,1,1,0,0,1,1,E01000208,18-05-2018,2,1,1,1,44,7,3,0,0,0,0,-1,3,1
16779,72.66087988,23.07973558,1,3,2,1,2,08:06,30,E09000003,3,5109,6,30,6,4,5,0,0,0,1,1,1,0,0,1,2,E01000226,30-05-2018,1,1,1,1,18,4,3,0,0,0,0,-1,3,-1
16780,72.65242968,22.98493162,1,3,2,1,5,08:00,30,E09000003,6,0,6,30,6,4,6,0,0,0,1,1,1,0,0,1,1,E01000277,09-06-2018,2,1,1,1,18,4,2,0,0,0,0,-1,1,1
16781,72.57154152,22.98306694,1,3,2,1,3,16:10,30,E09000003,3,1,3,30,3,4,6,0,0,4,1,1,1,0,0,1,1,E01000205,07-06-2018,1,1,2,1,34,6,3,0,0,1,0,-1,9,1
16782,72.53608317,23.06127193,1,3,2,1,2,18:00,30,E09000003,3,1,3,40,3,4,6,0,0,0,1,1,1,0,0,1,1,E01000208,06-06-2018,2,2,1,1,29,6,3,0,0,0,0,-1,9,1
16783,72.64888686,22.98785624,1,3,2,1,4,08:27,28,E09000005,3,5,6,30,3,2,3,407,0,0,1,1,1,0,0,1,1,E01000556,08-06-2018,1,1,1,1,43,7,2,0,0,0,0,-1,9,1
16784,72.56219318,22.99744912,1,3,1,1,6,12:05,30,E09000003,3,406,3,40,0,-1,-1,0,0,0,1,1,1,0,0,1,1,E01000307,10-06-2018,1,1,1,2,45,7,3,0,0,0,0,-1,9,1
16785,72.55764976,23.01365203,1,3,2,1,5,12:45,30,E09000003,4,552,6,30,8,4,6,0,0,0,1,1,1,0,0,1,1,E01000257,09-06-2018,2,2,1,2,20,4,3,0,0,0,0,-1,9,1
16786,72.63766324,23.09068191,1,3,2,1,6,13:15,28,E09000005,3,406,3,40,0,-1,-1,0,0,0,1,1,1,0,0,1,1,E01000499,10-06-2018,1,1,1,2,26,6,3,0,0,0,0,-1,9,1
16787,72.64092334,23.07048028,1,3,3,1,3,14:04,30,E09000003,3,406,3,50,0,-1,-1,0,0,0,1,1,1,0,0,1,1,E01000176,14-06-2018,1,1,2,1,76,11,3,0,0,0,4,-1,11,-1
16788,72.54309556,23.07336284,1,3,1,1,2,13:27,30,E09000003,6,0,6,30,3,4,6,0,0,0,1,1,1,0,0,1,1,E01000286,06-06-2018,1,1,1,1,27,6,3,0,0,0,0,-1,9,1
16789,72.56238156,23.023558,1,3,1,1,6,21:50,30,E09000003,3,5109,6,30,0,-1,-1,0,0,0,4,1,1,0,0,1,1,E01000194,10-06-2018,1,1,1,1,38,7,3,0,0,0,0,-1,9,1
16790,72.63762618,22.99906381,1,3,2,1,6,18:55,30,E09000003,6,0,6,30,3,4,6,0,0,0,1,2,2,0,0,1,1,E01000165,03-06-2018,1,1,1,1,23,5,3,0,0,0,0,-1,9,1
16791,72.57495712,23.01092247,1,2,2,1,7,15:35,30,E09000003,3,406,3,50,0,-1,-1,0,0,0,1,1,1,0,0,1,1,E01000176,04-06-2018,1,1,1,1,41,7,3,0,0,0,0,-1,19,1
16792,72.52985874,23.086925,1,2,1,2,6,11:48,30,E09000003,3,598,6,30,3,4,6,0,0,0,1,1,1,0,0,1,1,E01000211,10-06-2018,2,1,1,1,45,7,3,0,0,0,0,-1,4,1
16793,72.57708921,23.02230585,1,2,2,2,4,20:18,30,E09000003,3,41,3,50,3,4,3,41,0,0,4,1,1,0,0,1,1,E01000229,18-05-2018,1,1,1,1,24,5,3,0,0,0,0,-1,9,1
16794,72.63274954,23.07618567,1,3,2,1,7,14:01,30,E09000003,3,406,3,50,0,-1,-1,0,0,0,1,1,1,0,0,1,1,E01000203,21-05-2018,1,1,1,1,16,4,3,0,0,0,0,-1,2,1
16795,72.62740295,23.05084046,1,3,3,1,7,08:15,30,E09000003,6,0,6,30,3,4,6,0,0,0,1,1,1,0,0,1,1,E01000323,04-06-2018,2,1,1,1,14,3,3,0,0,0,0,-1,1,1
16796,72.60757577,23.00506907,1,3,1,1,3,13:21,30,E09000003,3,1000,6,30,0,-1,-1,0,0,5,1,1,1,0,0,1,1,E01000181,07-06-2018,2,1,1,2,19,4,3,0,0,0,0,-1,9,-1
16797,72.53314668,22.99499927,1,3,1,1,4,15:38,30,E09000003,3,110,6,30,0,-1,-1,0,0,1,1,1,1,0,0,1,1,E01000251,01-06-2018,1,1,1,2,23,5,3,0,0,0,0,-1,9,1
16798,72.54526819,22.99892871,1,3,2,1,2,19:55,30,E09000003,3,504,6,30,3,4,6,0,0,0,1,1,1,0,0,1,1,E01000237,06-06-2018,1,1,3,1,15,3,3,6,9,0,0,-1,0,1
16799,72.53252522,22.97542876,1,3,1,1,1,13:02,28,E09000005,3,5,6,30,6,4,6,0,0,0,1,1,1,0,0,1,1,E01000556,05-06-2018,1,1,1,2,56,9,3,0,0,0,0,-1,9,3
16800,72.65851914,23.00602948,1,3,2,1,4,06:54,30,E09000003,3,41,1,30,1,4,3,1,0,0,1,1,1,0,0,1,1,E01000231,25-05-2018,2,1,1,1,32,6,3,0,0,0,0,-1,9,1
16801,72.55150488,23.02649691,1,3,2,1,6,08:20,30,E09000003,3,1000,6,30,3,4,6,0,0,0,1,1,1,0,0,1,1,E01000250,03-06-2018,1,1,2,1,70,10,3,0,0,1,0,-1,9,1
16802,72.55430862,23.03626384,1,3,1,1,2,23:10,30,E09000003,3,41,3,40,0,-1,-1,0,0,0,4,1,1,0,0,1,1,E01000138,06-06-2018,1,1,1,2,41,7,2,0,0,0,0,-1,9,1
16803,72.57284489,23.02883678,1,3,3,1,5,07:20,30,E09000003,3,406,3,40,0,-1,-1,0,0,0,1,1,1,0,0,1,1,E01000221,26-05-2018,1,1,1,1,32,6,3,0,0,0,0,-1,9,-1
16804,72.55982537,23.0742705,1,3,3,1,5,14:28,30,E09000003,4,552,6,30,0,-1,-1,0,0,0,1,1,1,0,0,1,1,E01000257,02-06-2018,2,2,1,1,24,5,3,0,0,0,0,-1,9,1
16805,72.56881593,23.07942493,1,3,2,1,2,05:50,30,E09000003,3,598,6,30,6,2,3,1003,0,5,1,1,1,0,0,1,2,E01000296,06-06-2018,2,3,2,2,24,5,3,0,0,1,0,-1,9,-1
16806,72.53504526,23.01235881,1,2,2,1,2,19:50,30,E09000003,3,1003,6,30,3,4,6,0,0,0,1,1,1,0,0,1,1,E01000318,13-06-2018,1,1,1,1,30,6,3,0,0,0,0,-1,5,1
16807,72.61741295,23.07597556,1,3,2,1,3,07:35,30,E09000003,3,109,6,30,6,2,5,0,0,5,1,1,1,0,0,1,1,E01000273,07-06-2018,1,1,2,2,47,8,3,0,0,0,3,-1,11,1
16808,72.54702452,23.07773691,1,3,2,1,2,10:58,30,E09000003,6,0,6,30,0,-1,-1,0,0,0,1,1,1,0,0,1,1,E01000290,13-06-2018,1,1,1,1,29,6,3,0,0,0,0,-1,5,1
16809,72.59989381,23.07327956,1,3,3,1,3,07:47,30,E09000003,3,1000,6,30,3,4,6,0,0,0,1,1,1,0,0,1,1,E01000181,14-06-2018,1,1,2,1,34,6,3,0,0,1,0,-1,9,1
16810,72.53332296,23.03003147,1,3,1,2,3,17:49,30,E09000003,6,0,6,30,0,-1,-1,0,0,0,1,1,1,0,0,1,1,E01000188,07-06-2018,2,2,1,1,24,5,3,0,0,0,0,-1,9,1
16811,72.54444597,22.99237835,1,3,1,1,3,11:25,30,E09000003,3,109,6,30,2,4,4,1453,0,0,1,1,1,0,0,1,1,E01000274,14-06-2018,1,1,1,1,52,8,3,0,0,0,0,-1,1,1