Accident_Index,longitude,latitude,Police_Force,Accident_Severity,Number_of_Vehicles,Number_of_Casualties,Day_of_Week,Time,Local_Authority_(District),Local_Authority_(Highway),1st_Road_Class,1st_Road_Number,Road_Type,Speed_limit,Junction_Detail,Junction_Control,2nd_Road_Class,2nd_Road_Number,Pedestrian_Crossing-Human_Control,Pedestrian_Crossing-Physical_Facilities,Light_Conditions,Weather_Conditions,Road_Surface_Conditions,Special_Conditions_at_Site,Carriageway_Hazards,Urban_or_Rural_Area,Did_Police_Officer_Attend_Scene_of_Accident,LSOA_of_Accident_Location,Date,Vehicle_Reference,Casualty_Reference,Casualty_Class,Sex_of_Casualty,Age_of_Casualty,Age_Band_of_Casualty,Casualty_Severity,Pedestrian_Location,Pedestrian_Movement,Car_Passenger,Bus_or_Coach_Passenger,Pedestrian_Road_Maintenance_Worker,Casualty_Type,Casualty_Home_Area_Type
16812,72.52097185,23.03669504,1,3,1,1,3,18:28,30,E09000003,6,0,6,30,3,4,6,0,0,0,1,1,1,0,0,1,1,E01000267,14-06-2018,1,1,3,1,16,4,3,4,1,0,0,-1,0,1
16813,72.51925467,23.0760895,1,3,2,1,4,08:45,30,E09000003,3,5,6,30,3,2,6,0,0,5,1,1,1,0,0,1,2,E01000588,20-04-2018,1,1,2,2,41,7,3,0,0,0,3,-1,11,1
16814,72.60066535,23.0366365,1,3,2,1,3,22:00,30,E09000003,6,0,6,30,0,-1,-1,0,0,0,4,1,1,0,0,1,2,E01000157,31-05-2018,1,1,3,1,16,4,3,5,1,0,0,-1,0,1
16815,72.5673964,22.99912634,1,2,2,1,3,13:13,30,E09000003,3,406,3,40,0,-1,-1,0,0,0,1,1,1,0,0,1,1,E01000221,07-06-2018,1,2,1,1,18,4,3,0,0,0,0,-1,3,1
16816,72.58481639,23.08843413,1,3,2,1,4,09:00,30,E09000003,5,0,6,30,3,4,6,0,0,0,1,2,2,0,0,1,1,E01000293,15-06-2018,1,1,2,1,25,5,3,0,0,1,0,-1,9,-1
16817,72.55282811,23.02970653,1,3,2,1,5,14:00,30,E09000003,3,1000,6,30,6,2,3,1000,0,5,1,2,2,0,0,1,1,E01000316,16-06-2018,1,1,3,1,7,2,3,10,9,0,0,-1,0,-1
16818,72.64708215,22.96931771,1,3,1,1,7,22:48,30,E09000003,3,411,1,30,1,4,3,411,0,0,4,1,1,0,0,1,1,E01000294,18-06-2018,2,1,1,2,20,4,3,0,0,0,0,-1,9,1
16819,72.57608135,22.97394803,1,3,3,2,7,20:18,30,E09000003,6,0,6,30,6,4,6,0,0,0,4,1,1,0,0,1,1,E01000128,11-06-2018,1,1,3,2,-1,-1,3,5,3,0,0,-1,0,1
16820,72.56500334,23.02288695,1,3,1,1,3,02:57,30,E09000003,3,110,6,30,0,-1,-1,0,0,0,4,1,1,0,0,1,1,E01000170,14-06-2018,1,1,1,1,31,6,3,0,0,0,0,-1,2,1
16821,72.56373107,23.07086281,1,3,2,1,4,08:49,30,E09000003,3,5109,6,30,3,4,6,0,0,0,1,2,2,0,0,1,1,E01000280,15-06-2018,2,1,1,1,42,7,3,0,0,0,0,-1,9,1
16822,72.66075097,23.09262328,1,3,3,1,3,16:13,30,E09000003,5,0,6,30,0,-1,-1,0,0,0,1,1,1,0,0,1,1,E01000206,07-06-2018,2,2,2,1,33,6,3,0,0,1,0,-1,9,1
16823,72.65927862,22.96583022,1,3,2,2,7,08:04,30,E09000003,3,41,3,50,6,2,3,41,0,5,1,1,1,0,0,1,1,E01000191,04-06-2018,2,1,1,1,8,2,3,0,0,0,0,-1,1,-1
16824,72.56215136,22.99651176,1,3,2,1,2,18:30,30,E09000003,6,0,6,30,3,4,6,0,0,0,1,1,1,0,0,1,1,E01000226,06-06-2018,1,1,2,2,43,7,3,0,0,0,3,-1,11,1
16825,72.64174219,23.03595054,1,3,2,1,5,15:30,30,E09000003,3,5,6,30,3,4,6,0,0,0,1,1,1,0,0,1,1,E01000592,23-06-2018,1,1,1,1,18,4,3,0,0,0,0,-1,3,1
16826,72.65875783,23.01493363,1,3,2,1,6,08:34,30,E09000003,3,598,6,30,0,-1,-1,0,0,4,1,1,1,0,0,1,1,E01000144,24-06-2018,1,1,3,1,31,6,3,5,2,0,0,-1,0,-1
16827,72.65396282,23.01836659,1,3,2,2,4,14:15,30,E09000003,4,550,1,30,2,4,6,0,0,0,1,1,1,0,0,1,2,E01000156,15-06-2018,1,1,3,2,65,9,3,5,1,0,0,-1,0,1
16828,72.66160528,23.05447976,1,3,2,1,5,20:43,30,E09000003,3,598,6,30,3,4,6,0,0,0,1,1,1,0,0,1,1,E01000211,16-06-2018,1,1,3,2,67,10,3,5,2,0,0,-1,0,1
16829,72.57004185,23.04601631,1,3,2,1,1,05:30,30,E09000003,3,1,1,30,1,2,3,411,0,0,4,1,1,0,0,1,2,E01000253,13-03-2018,3,1,1,1,59,9,3,0,0,0,0,-1,9,1
16830,72.52730982,23.02687272,1,3,1,1,6,10:21,30,E09000003,5,0,1,30,1,4,4,1453,0,0,1,1,1,0,0,1,1,E01000118,17-06-2018,1,1,1,1,25,5,3,0,0,0,0,-1,1,1
16831,72.553545,22.97562202,1,2,2,1,6,23:10,30,E09000003,3,598,6,30,3,4,5,0,0,0,4,1,1,0,0,1,1,E01000211,17-06-2018,1,1,1,1,75,10,3,0,0,0,0,-1,9,1
16832,72.57298357,23.06886483,1,3,2,1,5,08:42,30,E09000003,3,1000,6,30,7,4,3,598,0,4,1,1,1,0,0,1,1,E01000299,23-06-2018,1,1,3,1,62,9,3,5,1,0,0,-1,0,1
16833,72.56128134,23.01447241,1,3,1,1,5,10:46,30,E09000003,3,1000,6,30,6,4,3,504,0,5,1,1,1,0,0,1,1,E01000181,26-05-2018,1,1,3,1,12,3,3,1,3,0,0,-1,0,1
16834,72.6401575,23.05552494,1,3,2,1,5,20:10,30,E09000003,6,0,6,30,0,-1,-1,0,0,0,1,1,1,0,0,1,1,E01000220,23-06-2018,1,1,3,1,68,10,3,10,9,0,0,-1,0,-1
16835,72.65632493,23.03762076,1,3,2,1,2,16:25,30,E09000003,3,598,6,30,6,2,3,407,0,5,1,1,1,0,0,1,1,E01000140,06-06-2018,1,1,1,1,35,6,3,0,0,0,0,-1,9,-1
16836,72.53560117,23.04428943,1,2,1,1,6,18:30,30,E09000003,3,1000,6,30,3,4,6,0,0,0,1,2,2,0,0,2,1,E01000254,24-06-2018,2,1,1,1,-1,-1,3,0,0,0,0,-1,1,-1
16837,72.51397139,22.97849822,1,3,2,1,6,18:43,30,E09000003,3,5109,6,30,3,4,6,0,0,0,1,1,1,0,0,1,1,E01000280,10-06-2018,1,1,1,1,22,5,3,0,0,0,0,-1,9,1
16838,72.64134649,23.04697866,1,3,3,2,7,12:00,30,E09000003,3,1000,6,30,0,-1,-1,0,0,0,1,1,1,0,0,1,1,E01000321,11-06-2018,1,1,1,1,27,6,3,0,0,0,0,-1,9,1
16839,72.58645471,23.02806035,1,3,1,1,6,18:20,30,E09000003,3,598,6,30,3,4,3,598,0,0,1,2,2,0,0,1,1,E01000196,24-06-2018,1,1,2,1,18,4,3,0,0,1,0,-1,9,1
16840,72.65432615,22.97371843,1,3,1,1,7,19:58,30,E09000003,6,0,6,30,0,-1,-1,0,0,0,1,1,1,0,0,1,1,E01000223,25-06-2018,2,1,1,1,40,7,2,0,0,0,0,-1,5,1
16841,72.66033066,23.06204357,1,3,3,1,1,15:16,30,E09000003,6,0,6,30,3,4,6,0,0,0,1,1,1,0,0,1,1,E01000132,26-06-2018,2,1,1,1,32,6,3,0,0,0,0,-1,3,1
16842,72.54190077,22.99810286,1,3,2,1,5,09:47,30,E09000003,5,0,6,30,0,-1,-1,0,0,0,1,2,2,0,0,1,1,E01000235,30-06-2018,1,1,1,1,29,6,3,0,0,0,0,-1,9,1
16843,72.66001271,22.98829821,1,3,1,1,5,19:27,30,E09000003,1,1,3,70,0,-1,-1,0,0,0,1,2,2,0,0,1,1,E01000260,30-06-2018,2,1,1,1,23,5,3,0,0,0,0,-1,1,1
16844,72.62900189,23.07275837,1,3,1,1,2,14:50,30,E09000003,4,552,6,30,0,-1,-1,0,0,0,1,1,1,0,0,1,2,E01000261,27-06-2018,1,1,3,1,5,1,2,5,1,0,0,-1,0,1
16845,72.65896745,23.01731749,1,3,3,1,6,15:05,30,E09000003,3,5,3,30,0,-1,-1,0,0,0,1,1,1,0,0,1,1,E01002119,24-06-2018,2,1,1,1,32,6,3,0,0,0,0,-1,1,1
16846,72.61391069,23.01542669,1,3,2,1,3,09:15,30,E09000003,3,5,3,40,3,4,6,0,0,0,1,1,1,0,0,1,2,E01002119,07-06-2018,1,1,1,1,53,8,3,0,0,0,0,-1,9,1
16847,72.6646686,22.99865658,1,3,1,1,3,07:55,30,E09000003,3,109,6,30,3,4,6,0,0,0,1,1,1,0,0,1,1,E01000265,28-06-2018,1,2,2,2,52,8,3,0,0,1,0,-1,9,1
16848,72.57696855,22.97556649,1,3,2,1,2,16:45,30,E09000003,3,406,3,40,5,4,6,0,0,0,1,1,1,0,0,1,1,E01000315,04-07-2018,1,1,1,2,51,8,3,0,0,0,0,-1,9,-1
16849,72.66487993,23.02504496,1,3,2,1,3,15:32,30,E09000003,6,0,6,30,3,4,6,0,0,0,1,2,2,0,0,1,1,E01000128,05-07-2018,1,1,3,1,60,9,3,10,9,0,0,-1,0,1
16850,72.62125416,23.07769348,1,3,1,1,1,21:52,30,E09000003,6,0,6,30,0,-1,-1,0,0,0,4,1,1,0,0,1,1,E01000196,29-05-2018,1,1,2,2,58,9,3,0,0,0,4,-1,11,1
16851,72.51419233,23.08870427,1,3,1,1,3,19:56,30,E09000003,3,5,6,30,3,4,6,0,0,0,1,2,2,0,0,1,1,E01000305,05-07-2018,2,1,1,1,33,6,3,0,0,0,0,-1,2,-1
16852,72.63533866,22.97102099,1,3,2,1,1,00:36,30,E09000003,3,1,6,30,3,4,6,0,0,0,4,1,2,0,0,1,1,E01000205,03-07-2018,1,1,1,1,43,7,2,0,0,0,0,-1,9,1
16853,72.52982979,23.00876445,1,3,2,1,5,22:17,28,E09000005,6,0,6,30,3,4,3,5,0,0,7,1,2,0,0,1,1,E01000141,30-06-2018,1,1,3,1,28,6,3,1,3,0,0,-1,0,-1
16854,72.56386106,23.086118,1,3,2,3,5,23:00,30,E09000003,6,0,6,30,6,4,6,0,0,0,4,1,1,0,0,1,1,E01000133,30-06-2018,1,1,3,1,25,5,3,10,9,0,0,-1,0,1
16855,72.60180058,22.99612877,1,2,2,1,3,17:16,30,E09000003,6,0,6,30,6,4,6,0,0,0,1,2,2,0,0,1,1,E01000132,05-07-2018,1,1,2,1,65,9,3,0,0,0,2,-1,11,-1
16856,72.5589183,23.00864521,1,3,5,1,4,15:35,30,E09000003,3,406,6,50,0,-1,-1,0,0,0,1,2,2,0,0,1,1,E01000311,29-06-2018,1,1,1,1,59,9,3,0,0,0,0,-1,3,1
16857,72.61869621,23.04502212,1,3,2,1,5,15:10,30,E09000003,3,1000,6,30,3,4,6,0,0,0,1,1,1,0,0,1,1,E01000268,30-06-2018,1,1,1,1,25,5,3,0,0,0,0,-1,9,1
16858,72.63341724,23.05967743,1,3,2,1,2,17:00,30,E09000003,3,41,3,40,6,2,3,41,0,0,1,1,1,0,0,1,2,E01000239,04-07-2018,2,2,1,1,53,8,3,0,0,0,0,-1,9,1
16859,72.59592654,23.01212268,1,3,2,1,1,20:45,30,E09000003,3,41,3,40,6,2,3,41,0,5,1,1,1,0,0,1,1,E01000191,29-05-2018,1,1,1,2,22,5,3,0,0,0,0,-1,9,1
16860,72.56915003,23.0563436,1,3,2,1,1,19:02,30,E09000003,6,0,6,30,0,-1,-1,0,0,0,1,1,1,0,0,1,1,E01000305,03-07-2018,1,1,3,2,-1,-1,3,9,9,0,0,-1,0,-1
16861,72.62676755,22.97190522,1,3,2,2,6,19:15,30,E09000003,6,0,1,40,1,4,6,0,0,0,1,2,2,0,0,1,2,E01000221,24-06-2018,1,1,3,1,17,4,3,10,9,0,0,-1,0,1
16862,72.66487864,23.05444267,1,2,2,1,6,05:40,30,E09000003,3,1,1,30,1,4,3,5109,0,0,1,1,1,0,0,1,1,E01000264,01-07-2018,1,1,1,2,22,5,3,0,0,0,0,-1,9,1
16863,72.66152861,23.0462741,1,2,2,2,2,18:09,30,E09000003,3,1003,3,30,6,2,4,550,0,5,1,1,1,0,0,1,1,E01000162,20-06-2018,1,1,3,1,79,11,3,5,1,0,0,-1,0,1
16864,72.52170376,22.967425,1,3,2,1,3,18:45,30,E09000003,5,0,6,30,0,-1,-1,0,0,0,1,1,1,0,0,2,1,E01000290,21-06-2018,1,1,1,1,19,4,3,0,0,0,0,-1,9,1
16865,72.57390587,23.038838,1,3,1,1,1,07:40,30,E09000003,3,1003,6,30,0,-1,-1,0,0,0,1,1,1,0,0,1,2,E01000161,19-06-2018,1,1,1,2,59,9,3,0,0,0,0,-1,9,-1
16866,72.57611236,23.03768831,1,2,2,1,6,19:11,30,E09000003,6,0,6,30,3,4,6,0,0,0,1,1,1,0,0,1,1,E01000147,15-07-2018,1,1,1,1,65,9,3,0,0,0,0,-1,9,1
16867,72.6503893,23.07200126,1,3,2,2,2,17:05,30,E09000003,3,41,3,50,7,2,3,1,0,5,1,1,1,0,0,1,1,E01000240,11-07-2018,3,1,2,1,41,7,3,0,0,0,0,-1,19,1
16868,72.66248304,23.05633787,1,3,2,1,3,15:20,30,E09000003,5,0,1,30,1,4,6,0,0,0,1,1,1,0,0,1,1,E01000212,31-05-2018,1,1,2,2,18,4,3,0,0,0,3,-1,11,1
16869,72.64859479,23.00625543,1,3,2,1,3,17:10,30,E09000003,3,110,6,30,0,-1,-1,0,0,0,1,1,1,0,0,1,2,E01000171,28-06-2018,2,1,1,1,33,6,3,0,0,0,0,-1,9,1
16870,72.61032265,23.04522708,1,3,2,1,3,11:45,30,E09000003,6,0,6,30,0,-1,-1,0,0,0,1,1,1,0,0,1,2,E01000238,28-06-2018,1,1,2,2,22,5,2,0,0,0,0,-1,5,-1
16871,72.56783235,23.02578815,1,3,2,2,4,23:00,30,E09000003,3,504,6,30,0,-1,-1,0,0,0,5,1,1,0,0,1,2,E01000242,29-06-2018,1,1,3,2,20,4,3,5,2,0,0,-1,0,1
16872,72.57089902,23.03649294,1,3,2,1,7,12:09,30,E09000003,3,411,6,30,3,4,3,411,0,0,1,1,1,0,0,1,2,E01000253,02-07-2018,1,1,1,1,38,7,3,0,0,0,0,-1,19,1
16873,72.58516459,22.96993708,1,3,3,1,6,08:50,30,E09000003,4,193,6,30,0,-1,-1,0,0,0,1,1,1,0,0,1,2,E01000267,01-07-2018,1,1,1,1,18,4,3,0,0,0,0,-1,3,1
16874,72.54915301,22.98820049,1,3,2,1,6,09:30,30,E09000003,3,407,6,30,3,4,6,0,0,0,1,1,1,0,0,1,2,E01000141,08-07-2018,1,1,3,1,22,5,3,5,1,0,0,-1,0,1
16875,72.52914333,22.99607489,1,3,2,1,6,00:54,30,E09000003,3,598,6,30,3,2,6,0,0,5,4,1,1,0,0,1,1,E01000196,03-06-2018,1,2,1,1,31,6,3,0,0,0,0,-1,3,1
16876,72.65710358,23.05969442,1,3,2,1,3,13:45,30,E09000003,3,504,6,30,2,4,3,504,0,0,1,1,1,0,0,1,2,E01000243,05-07-2018,1,1,1,2,34,6,3,0,0,0,0,-1,1,1
16877,72.5346958,23.07867323,1,2,1,1,1,02:58,30,E09000003,3,406,3,40,3,4,6,0,0,0,4,1,1,0,0,1,1,E01000236,10-07-2018,1,1,1,1,36,7,3,0,0,0,0,-1,1,1
16878,72.54419094,23.0892846,1,3,1,1,4,08:35,30,E09000003,3,5100,6,30,3,4,6,0,0,0,1,1,1,0,0,1,1,E01000227,08-06-2018,1,1,1,1,37,7,3,0,0,0,0,-1,9,1
16879,72.61870362,22.97133891,1,2,2,1,6,16:35,30,E09000003,3,598,6,30,6,2,3,407,0,5,1,1,1,0,0,1,1,E01000140,08-07-2018,1,1,1,1,53,8,3,0,0,0,0,-1,9,-1
16880,72.60493857,23.02092337,1,2,1,1,3,10:00,30,E09000003,3,5,6,30,0,-1,-1,0,0,0,1,1,1,0,0,1,1,E01002123,28-06-2018,1,1,1,1,29,6,3,0,0,0,0,-1,9,1
16881,72.6234121,23.07885608,1,3,2,1,3,22:13,30,E09000003,3,5,6,30,6,2,5,0,0,5,4,1,1,0,0,1,1,E01002119,05-07-2018,2,2,1,1,47,8,3,0,0,0,0,-1,9,1
16882,72.63471934,22.97584807,1,3,1,1,6,13:39,30,E09000003,3,5,6,30,3,2,5,0,0,5,1,1,1,0,0,1,1,E01002123,15-07-2018,1,1,1,1,57,9,3,0,0,0,0,-1,9,1
16883,72.65907022,22.96588702,1,3,2,2,4,14:53,30,E09000003,3,5,6,30,6,2,3,4006,0,5,1,1,1,0,0,1,1,E01000312,06-07-2018,1,2,2,1,-1,-1,3,0,0,2,0,-1,9,-1
16884,72.54300424,23.03421405,1,3,2,1,3,13:45,30,E09000003,3,5,6,30,5,2,6,0,0,5,1,1,1,0,0,1,1,E01000588,05-07-2018,1,3,2,1,-1,-1,3,0,0,2,0,-1,9,-1
16885,72.58473577,22.97366237,1,2,1,1,4,15:05,30,E09000003,5,0,6,30,0,-1,-1,0,0,0,1,1,1,0,0,1,1,E01000244,29-06-2018,1,4,2,1,-1,-1,3,0,0,2,0,-1,9,-1
16886,72.61490988,23.03957283,1,3,1,1,7,19:04,30,E09000003,3,598,6,30,3,4,6,0,0,0,1,1,1,0,0,1,1,E01000196,09-07-2018,1,1,2,1,17,4,3,0,0,1,0,-1,9,1
16887,72.52284781,22.98233983,1,3,2,1,6,16:14,30,E09000003,3,109,6,30,3,4,6,0,0,0,1,1,1,0,0,1,1,E01000265,01-07-2018,1,1,2,1,78,11,3,0,0,0,4,-1,11,-1
16888,72.55182902,23.0565981,1,2,1,1,2,11:25,30,E09000003,3,1000,6,30,0,-1,-1,0,0,0,1,1,1,0,0,1,1,E01000250,18-07-2018,1,1,3,2,11,3,3,5,9,0,0,-1,0,1
16889,72.56775544,23.06347618,1,3,2,1,6,06:59,30,E09000003,4,1453,6,30,3,4,6,0,0,0,1,1,1,0,0,1,1,E01000116,08-07-2018,1,1,1,1,32,6,3,0,0,0,0,-1,5,-1
16890,72.52030479,22.99662428,1,3,2,1,5,22:15,30,E09000003,3,1000,6,30,3,2,3,1000,0,5,4,1,1,0,0,1,1,E01000208,14-07-2018,2,1,1,2,30,6,2,0,0,0,0,-1,1,-1
16891,72.51161501,22.99879732,1,3,2,1,7,01:15,30,E09000003,3,41,3,50,3,2,6,0,0,5,4,1,1,0,0,1,1,E01000135,30-04-2018,1,1,1,1,42,7,2,0,0,0,0,-1,9,1
16892,72.59062897,23.03663432,1,3,2,1,1,13:55,30,E09000003,3,5,6,30,3,2,3,5,0,5,1,1,1,0,0,1,1,E01000305,10-07-2018,1,2,2,2,10,2,3,0,0,1,0,-1,9,1
16893,72.59358999,23.07430066,1,3,1,1,5,13:00,30,E09000003,6,0,6,30,0,-1,-1,0,0,4,1,1,1,0,0,1,1,E01000307,14-07-2018,1,1,2,1,44,7,3,0,0,1,0,-1,9,1
16894,72.54065524,23.00875095,1,3,2,1,4,09:28,30,E09000003,3,5109,6,30,8,4,6,0,0,0,1,1,1,0,0,2,1,E01000279,13-07-2018,1,1,1,1,37,7,3,0,0,0,0,-1,3,-1
16895,72.54307349,23.02876027,1,3,2,1,7,12:26,32,E09000010,3,111,6,30,6,2,4,1453,0,5,1,1,1,0,0,1,1,E01000115,16-07-2018,1,1,1,1,55,8,2,0,0,0,0,-1,9,-1
16896,72.5738328,23.07878913,1,3,1,1,2,15:00,30,E09000003,4,550,6,30,0,-1,-1,0,0,0,1,1,1,0,0,1,1,E01000165,18-07-2018,1,1,3,1,35,6,3,5,1,0,0,-1,0,1
16897,72.64263179,22.96805074,1,3,2,2,5,01:30,30,E09000003,3,406,3,50,0,-1,-1,0,0,0,4,1,1,0,0,1,1,E01000160,07-07-2018,1,1,3,1,76,11,3,5,3,0,0,-1,0,1
16898,72.58023713,22.99602983,1,3,1,1,3,17:14,30,E09000003,5,0,6,30,3,4,5,0,0,0,1,1,1,0,0,1,1,E01000235,12-07-2018,1,2,3,1,54,8,3,5,3,0,0,-1,0,1
16899,72.52005776,23.04558174,1,3,1,1,3,17:30,30,E09000003,4,1453,3,30,0,-1,-1,0,0,0,1,1,1,0,0,1,1,E01000118,12-07-2018,1,1,3,1,28,6,3,5,2,0,0,-1,0,-1
16900,72.55669829,23.00950797,1,3,2,1,2,11:32,30,E09000003,3,5109,1,30,2,4,3,5100,0,1,1,1,1,0,0,1,1,E01000233,18-07-2018,2,1,1,1,43,7,3,0,0,0,0,-1,5,1
16901,72.63741606,23.01914422,1,3,2,1,4,10:25,30,E09000003,6,0,6,30,0,-1,-1,0,0,0,1,1,1,0,0,1,1,E01000256,13-07-2018,3,1,1,1,34,6,3,0,0,0,0,-1,9,1
16902,72.50953029,23.01725499,1,3,1,1,6,05:53,30,E09000003,3,41,3,40,0,-1,-1,0,0,0,1,1,1,0,0,1,1,E01000139,10-06-2018,1,1,1,1,24,5,3,0,0,0,0,-1,9,1
16903,72.54272366,23.04112084,1,3,1,1,3,17:45,30,E09000003,3,41,6,50,6,4,3,41,0,5,1,1,1,0,0,1,1,E01000191,31-05-2018,1,1,3,1,56,9,3,4,3,0,0,-1,0,-1
16904,72.62465268,23.06209111,1,3,1,1,1,11:47,30,E09000003,4,550,6,30,3,4,6,0,0,0,1,1,1,0,0,1,1,E01000156,03-07-2018,1,1,1,1,27,6,3,0,0,0,0,-1,3,1
16905,72.61802777,23.03781568,1,2,2,4,3,21:05,30,E09000003,3,1000,7,30,3,3,6,0,0,0,4,1,1,0,0,1,1,E01000316,19-07-2018,1,1,3,1,39,7,3,10,9,0,0,-1,0,-1
16906,72.59560265,23.02322615,1,3,1,3,2,16:00,30,E09000003,5,0,6,30,0,-1,-1,0,0,0,1,1,1,0,0,1,1,E01000129,20-06-2018,2,1,1,1,48,8,3,0,0,0,0,-1,1,1
16907,72.64710843,22.9816432,1,3,1,1,3,11:43,30,E09000003,3,5100,6,30,0,-1,-1,0,0,1,1,1,1,0,0,1,1,E01000192,12-07-2018,1,1,1,1,38,7,3,0,0,0,0,-1,9,1
16908,72.61687351,23.02640705,1,2,1,2,1,00:55,30,E09000003,6,0,7,40,0,-1,-1,0,0,0,5,1,1,0,0,1,1,E01000223,22-05-2018,1,1,2,1,25,5,3,0,0,1,0,-1,9,1
16909,72.59178834,22.99515014,1,3,2,1,6,23:35,30,E09000003,3,5109,6,30,0,-1,-1,0,0,0,4,1,1,0,0,1,2,E01000264,15-07-2018,1,1,1,1,33,6,3,0,0,0,0,-1,9,1
16910,72.54172714,22.98926547,1,3,1,1,4,15:48,28,E09000005,3,5,6,30,0,-1,-1,0,0,0,1,1,1,0,0,1,1,E01000561,06-04-2018,2,1,1,2,-1,-1,3,0,0,0,0,-1,1,-1
16911,72.57340081,23.06957193,1,3,2,1,6,15:30,30,E09000003,6,0,6,30,0,-1,-1,0,0,0,1,1,1,0,0,1,2,E01000292,11-03-2018,1,1,1,1,20,4,3,0,0,0,0,-1,2,1
16912,72.66241048,23.06233917,1,3,2,1,2,15:20,30,E09000003,6,0,6,30,3,4,6,0,0,0,1,1,1,0,0,1,2,E01000237,04-07-2018,1,1,1,1,39,7,3,0,0,0,0,-1,9,1
16913,72.58026825,23.04648306,1,3,2,1,4,16:00,30,E09000003,3,598,6,30,6,2,3,598,0,0,1,1,1,0,0,1,1,E01000144,13-07-2018,1,1,3,1,34,6,3,9,9,0,0,-1,0,-1
16914,72.5293953,23.02233393,1,3,1,1,2,19:30,30,E09000003,3,504,6,30,0,-1,-1,0,0,0,1,1,1,0,0,1,1,E01000313,25-07-2018,1,1,1,2,24,5,3,0,0,0,0,-1,9,2
16915,72.57741033,23.03365948,1,3,2,1,3,08:40,30,E09000003,5,0,6,30,0,-1,-1,0,0,0,1,1,1,0,0,1,2,E01000255,05-07-2018,1,1,1,1,36,7,3,0,0,0,0,-1,9,-1
16916,72.65530051,23.03927546,1,3,1,1,4,15:12,30,E09000003,3,109,6,30,0,-1,-1,0,0,0,1,2,2,0,0,1,1,E01000265,27-07-2018,1,1,1,1,36,7,3,0,0,0,0,-1,9,1
16917,72.65227253,23.06634488,1,3,1,1,5,12:30,30,E09000003,3,1000,6,30,3,4,6,0,0,4,1,1,1,0,0,1,2,E01000250,21-07-2018,1,1,2,2,72,10,3,0,0,0,3,-1,11,1
16918,72.55844986,23.01563058,1,3,3,2,4,15:27,30,E09000003,5,0,6,30,0,-1,-1,0,0,0,1,1,1,0,0,1,1,E01000316,20-07-2018,1,2,2,1,39,7,3,0,0,0,4,-1,11,1
16919,72.63855283,22.99532932,1,3,2,1,2,08:06,30,E09000003,3,598,6,30,3,4,6,0,0,4,1,2,2,0,0,1,1,E01000211,25-04-2018,1,3,2,2,64,9,3,0,0,0,4,-1,11,1
16920,72.52816525,23.08954596,1,3,2,1,4,18:00,30,E09000003,6,0,6,30,6,4,6,0,0,0,1,1,1,0,0,1,1,E01000133,20-07-2018,1,1,1,1,45,7,3,0,0,0,0,-1,9,1
16921,72.55232756,23.05028013,1,3,3,1,3,17:10,30,E09000003,5,0,6,30,8,4,6,0,0,0,1,1,1,0,0,1,1,E01000245,19-07-2018,1,1,3,2,9,2,2,4,9,0,0,-1,0,1
16922,72.56374725,23.00930111,1,3,2,1,7,17:15,30,E09000003,6,0,1,30,2,4,6,0,0,0,1,1,1,0,0,1,1,E01000195,16-07-2018,2,1,1,1,3,1,3,0,0,0,0,-1,1,1
16923,72.61936043,23.01718939,1,2,2,3,6,16:23,30,E09000003,3,411,6,30,2,4,3,411,0,0,1,1,1,0,0,1,1,E01000253,15-07-2018,1,1,3,1,71,10,2,5,3,0,0,-1,0,-1
16924,72.52544846,22.96632126,1,3,1,1,5,18:15,30,E09000003,6,0,6,30,0,-1,-1,0,0,4,1,1,2,0,0,1,1,E01000220,07-07-2018,1,1,1,1,28,6,3,0,0,0,0,-1,3,1
16925,72.51135539,23.01906411,1,3,1,1,4,18:24,30,E09000003,3,502,6,30,0,-1,-1,0,0,0,1,1,1,0,0,1,1,E01000146,04-05-2018,1,2,2,2,-1,-1,3,0,0,0,0,-1,3,-1
16926,72.65605217,23.0174972,1,3,2,1,4,09:25,30,E09000003,3,5109,6,30,3,4,3,5109,0,0,1,1,1,0,0,1,2,E01000279,06-07-2018,1,1,1,2,46,8,3,0,0,0,0,-1,9,1
16927,72.66007362,23.08838744,1,2,2,1,2,23:52,30,E09000003,3,598,6,30,6,4,3,598,0,4,4,1,1,0,0,1,1,E01000296,18-07-2018,2,1,2,2,71,10,3,0,0,2,0,-1,9,1
16928,72.58257603,22.96888981,1,3,2,1,1,15:40,30,E09000003,6,0,6,30,0,-1,-1,0,0,0,1,1,2,0,0,1,1,E01000206,24-07-2018,2,2,2,1,74,10,3,0,0,1,0,-1,9,1
16929,72.54844724,23.04231326,1,3,3,1,7,09:23,30,E09000003,6,0,6,30,0,-1,-1,0,0,0,1,1,1,0,0,1,1,E01000119,23-07-2018,1,1,1,1,37,7,3,0,0,0,0,-1,9,1
16930,72.52112157,23.02207372,1,3,2,1,7,13:32,30,E09000003,1,1,3,70,0,-1,-1,0,0,0,1,1,1,0,0,1,1,E01000305,30-07-2018,1,1,1,1,31,6,3,0,0,0,0,-1,9,1
16931,72.54326279,23.02183383,1,3,2,1,3,21:10,30,E09000003,3,5109,6,30,3,4,6,0,0,0,4,1,1,0,0,1,2,E01000227,26-07-2018,1,1,3,2,52,8,3,5,9,0,0,-1,0,1
16932,72.66047364,23.00791003,1,3,2,1,1,13:15,30,E09000003,3,406,3,30,6,2,3,502,0,5,1,1,1,0,0,1,1,E01000236,10-07-2018,1,1,1,1,40,7,3,0,0,0,0,-1,9,-1