Accident_Index,longitude,latitude,Police_Force,Accident_Severity,Number_of_Vehicles,Number_of_Casualties,Day_of_Week,Time,Local_Authority_(District),Local_Authority_(Highway),1st_Road_Class,1st_Road_Number,Road_Type,Speed_limit,Junction_Detail,Junction_Control,2nd_Road_Class,2nd_Road_Number,Pedestrian_Crossing-Human_Control,Pedestrian_Crossing-Physical_Facilities,Light_Conditions,Weather_Conditions,Road_Surface_Conditions,Special_Conditions_at_Site,Carriageway_Hazards,Urban_or_Rural_Area,Did_Police_Officer_Attend_Scene_of_Accident,LSOA_of_Accident_Location,Date,Vehicle_Reference,Casualty_Reference,Casualty_Class,Sex_of_Casualty,Age_of_Casualty,Age_Band_of_Casualty,Casualty_Severity,Pedestrian_Location,Pedestrian_Movement,Car_Passenger,Bus_or_Coach_Passenger,Pedestrian_Road_Maintenance_Worker,Casualty_Type,Casualty_Home_Area_Type
17054,72.52300428,23.01291407,1,3,1,1,3,18:53,30,E09000003,3,598,6,30,0,-1,-1,0,0,0,1,1,1,0,0,1,1,E01000298,23-08-2018,1,1,1,1,43,7,2,0,0,0,0,-1,9,1
17055,72.64000346,23.09061847,1,3,2,1,4,08:35,30,E09000003,3,4006,6,30,6,2,3,5,0,0,1,1,1,0,0,1,2,E01000312,07-09-2018,2,2,1,2,28,6,3,0,0,0,0,-1,9,1
17056,72.57202034,23.06805647,1,3,1,1,6,14:00,30,E09000003,3,1000,6,30,3,4,6,0,0,0,1,1,1,0,0,1,2,E01000181,02-09-2018,1,1,1,1,39,7,3,0,0,0,0,-1,9,1
17057,72.55788614,22.99101626,1,3,4,1,4,21:35,30,E09000003,3,1000,6,30,0,-1,-1,0,0,0,4,1,1,0,0,1,1,E01000321,24-08-2018,2,2,2,2,-1,-1,3,0,0,0,4,-1,11,1
17058,72.57150197,22.98194674,1,3,2,1,1,17:20,30,E09000003,3,5,6,30,3,2,5,0,0,5,1,1,1,0,0,1,2,E01002123,04-09-2018,1,1,2,2,-1,-1,3,0,0,0,4,-1,11,1
17059,72.55706757,23.08498695,1,3,3,1,4,17:00,30,E09000003,3,1,3,40,0,-1,-1,0,0,0,1,1,1,0,0,1,2,E01000263,31-08-2018,2,1,1,1,38,7,3,0,0,0,0,-1,1,1
17060,72.51968871,23.01846587,1,3,2,1,6,16:35,30,E09000003,3,5,6,30,8,4,6,0,0,5,1,1,1,0,0,1,1,E01000313,26-08-2018,1,1,1,1,39,7,3,0,0,0,0,-1,9,1
17061,72.53284934,23.04408965,1,2,3,1,2,16:02,30,E09000003,3,504,6,30,3,4,6,0,0,1,1,2,2,0,0,1,1,E01000201,22-08-2018,1,1,3,2,42,7,3,9,9,0,0,-1,0,1
17062,72.5587662,23.02944579,1,3,1,1,6,15:38,30,E09000003,3,1000,6,30,0,-1,-1,0,0,0,1,1,1,0,0,1,1,E01000293,09-09-2018,2,1,1,1,26,6,2,0,0,0,0,-1,3,1
17063,72.59363139,22.97510825,1,3,2,1,6,16:45,30,E09000003,6,0,6,30,6,4,6,0,0,0,1,2,2,0,0,1,1,E01000207,09-09-2018,1,1,3,1,28,6,3,1,3,0,0,-1,0,1
17064,72.52272599,23.08861311,1,3,2,1,3,16:10,30,E09000003,3,110,6,30,8,4,6,0,0,0,1,1,1,0,0,1,2,E01000171,13-09-2018,1,1,1,1,19,4,3,0,0,0,0,-1,9,1
17065,72.62958112,22.98566781,1,3,3,1,3,15:06,30,E09000003,3,406,3,40,0,-1,-1,0,0,0,1,1,1,0,0,1,1,E01000221,30-08-2018,1,2,2,1,-1,-1,3,0,0,1,0,-1,9,-1
17066,72.56194944,23.04362207,1,3,2,1,7,15:22,30,E09000003,3,5,6,30,3,4,6,0,0,0,1,1,2,0,0,1,1,E01002113,10-09-2018,1,1,1,1,42,7,3,0,0,0,0,-1,9,1
17067,72.51250285,23.02054208,1,3,3,1,3,09:10,30,E09000003,3,504,6,30,3,4,6,0,0,1,1,1,1,0,0,1,1,E01000196,06-09-2018,1,1,3,2,8,2,3,5,2,0,0,-1,0,-1
17068,72.66347912,22.97314306,1,3,3,1,2,15:30,30,E09000003,3,504,6,30,3,4,6,0,0,0,1,1,1,0,0,1,1,E01000180,12-09-2018,1,1,1,1,57,9,3,0,0,0,0,-1,9,1
17069,72.64163818,23.09018646,1,3,2,2,3,17:44,30,E09000003,3,5,6,30,3,4,6,0,0,1,1,1,1,0,0,1,1,E01002116,13-09-2018,1,1,1,1,-1,-1,3,0,0,0,0,-1,3,1
17070,72.56597382,23.06605346,1,3,3,1,6,19:00,30,E09000003,3,1003,6,30,3,4,6,0,0,0,1,2,2,0,0,1,2,E01000296,09-09-2018,1,1,3,1,30,6,3,9,9,0,0,-1,0,1
17071,72.55986194,23.06651006,1,3,2,1,5,14:24,30,E09000003,3,406,3,40,0,-1,-1,0,0,0,1,1,1,0,0,1,1,E01000219,08-09-2018,1,1,1,1,59,9,3,0,0,0,0,-1,5,-1
17072,72.54254428,23.06100363,1,3,2,1,1,14:14,30,E09000003,4,550,6,30,6,2,4,550,0,5,1,1,1,0,0,1,1,E01000164,11-09-2018,1,2,2,2,-1,-1,3,0,0,0,0,-1,5,-1
17073,72.59628569,23.03050587,1,3,2,1,4,00:30,30,E09000003,6,0,6,30,0,-1,-1,0,0,0,4,1,1,0,0,1,1,E01000221,07-09-2018,2,1,1,1,54,8,3,0,0,0,0,-1,4,1
17074,72.59373317,22.98861879,1,3,2,1,6,16:10,30,E09000003,6,0,6,30,3,4,6,0,0,0,1,2,2,0,0,1,1,E01000155,09-09-2018,2,1,1,1,38,7,3,0,0,0,0,-1,1,1
17075,72.51694462,22.96878235,1,3,3,2,7,14:00,30,E09000003,3,1000,6,30,3,4,6,0,0,0,1,1,1,0,0,1,2,E01000182,10-09-2018,2,1,2,2,10,2,3,0,0,1,0,-1,9,1
17076,72.63899521,22.98340902,1,3,2,2,7,15:40,28,E09000005,3,5,6,30,0,-1,-1,0,0,0,1,1,1,0,0,1,2,E01000553,10-09-2018,1,1,2,2,30,6,3,0,0,1,0,-1,9,1
17077,72.62232602,22.97797835,1,3,1,2,1,17:25,30,E09000003,6,0,6,30,3,4,6,0,0,0,1,1,1,0,0,1,1,E01000186,18-09-2018,1,2,1,1,34,6,3,0,0,0,0,-1,9,1
17078,72.53800832,23.07950161,1,3,2,1,1,13:00,30,E09000003,3,406,3,50,7,4,3,41,0,0,1,1,1,0,0,1,2,E01000219,21-08-2018,1,1,2,2,44,7,2,0,0,1,0,-1,9,-1
17079,72.5460783,23.01243936,1,3,2,1,7,00:10,30,E09000003,3,109,6,30,0,-1,-1,0,0,0,4,1,1,0,0,1,1,E01000124,17-09-2018,1,1,1,1,23,5,3,0,0,0,0,-1,9,1
17080,72.53805054,23.00152215,1,3,3,4,6,04:19,30,E09000003,1,1,3,70,0,-1,-1,0,0,0,4,1,1,0,0,1,1,E01000260,16-09-2018,2,1,1,2,35,6,2,0,0,0,0,-1,9,1
17081,72.59853287,23.07405323,1,3,2,1,7,20:30,30,E09000003,5,0,6,30,0,-1,-1,0,0,0,4,1,1,0,0,1,1,E01000259,17-09-2018,1,1,2,2,47,8,3,0,0,2,0,-1,9,-1
17082,72.54760602,22.98235537,1,3,2,1,6,15:15,30,E09000003,6,0,6,30,3,4,3,504,0,0,1,1,1,0,0,1,2,E01000200,16-09-2018,1,2,1,1,32,6,3,0,0,0,0,-1,9,1
17083,72.64752093,23.04863197,1,3,1,1,5,17:00,30,E09000003,6,0,6,30,0,-1,-1,0,0,0,1,1,1,0,0,1,2,E01000305,15-09-2018,2,1,1,1,28,6,3,0,0,0,0,-1,9,-1
17084,72.65650276,23.00342844,1,3,2,1,6,17:17,28,E09000005,3,5,6,30,3,4,6,0,0,0,1,1,1,0,0,1,1,E01000556,16-09-2018,2,1,2,2,54,8,3,0,0,1,0,-1,9,1
17085,72.60171272,23.00297948,1,3,1,1,3,09:20,30,E09000003,3,5,6,30,3,4,6,0,0,0,1,1,1,0,0,1,2,E01000592,13-09-2018,1,1,2,1,25,5,3,0,0,0,0,-1,19,1
17086,72.55615292,23.04531071,1,3,2,1,4,23:28,28,E09000005,3,5,6,30,8,4,6,0,0,0,4,1,1,0,0,1,1,E01000497,13-07-2018,1,2,2,1,20,4,3,0,0,0,0,-1,19,1
17087,72.62684936,23.0710523,1,2,1,1,4,18:04,30,E09000003,3,504,6,30,6,2,3,1000,0,5,1,1,1,0,0,1,1,E01000181,07-09-2018,1,1,1,1,46,8,3,0,0,0,0,-1,9,-1
17088,72.53415586,23.02323126,1,3,2,1,3,13:54,30,E09000003,3,41,3,40,3,4,6,0,0,0,1,1,1,0,0,1,1,E01000231,13-09-2018,1,1,1,1,30,6,3,0,0,0,0,-1,3,1
17089,72.63704845,22.98092266,1,3,2,1,6,04:49,30,E09000003,6,0,6,30,3,4,6,0,0,0,4,1,2,0,0,1,1,E01000143,23-09-2018,1,1,1,1,27,6,3,0,0,0,0,-1,9,1
17090,72.52357649,22.97841169,1,2,2,2,7,02:26,30,E09000003,3,406,3,40,7,2,3,1,0,0,4,1,1,0,0,1,1,E01000211,24-09-2018,1,2,2,1,27,6,3,0,0,1,0,-1,9,1
17091,72.62116103,22.9836693,1,3,2,2,5,08:35,30,E09000003,3,406,2,30,1,4,3,406,0,0,1,1,1,0,0,1,1,E01000223,29-09-2018,1,1,1,2,47,8,3,0,0,0,0,-1,9,1
17092,72.57949357,23.09378327,1,3,1,1,1,10:33,30,E09000003,3,109,6,30,3,4,6,0,0,0,1,1,1,0,0,1,1,E01000265,25-09-2018,1,1,1,1,43,7,3,0,0,0,0,-1,9,1
17093,72.57666052,23.08320129,1,2,2,1,3,20:29,30,E09000003,3,1,3,70,1,4,3,411,0,0,4,1,1,0,0,1,1,E01000290,13-09-2018,2,2,1,1,27,6,2,0,0,0,0,-1,5,1
17094,72.51082295,23.0786091,1,3,1,1,5,10:27,30,E09000003,6,0,1,30,1,4,6,0,0,0,1,1,1,0,0,1,1,E01000310,22-09-2018,1,1,1,1,22,5,3,0,0,0,0,-1,9,1
17095,72.59633021,23.03007864,1,3,1,1,2,13:25,30,E09000003,3,504,6,30,0,-1,-1,0,0,0,1,1,1,0,0,1,1,E01000244,26-09-2018,2,1,1,1,39,7,3,0,0,0,0,-1,1,1
17096,72.66037437,23.04758513,1,2,1,1,1,00:30,30,E09000003,4,1453,6,30,0,-1,-1,0,0,0,4,1,1,0,0,1,1,E01000118,18-09-2018,1,1,1,1,37,7,3,0,0,0,0,-1,9,2
17097,72.57691445,23.02111829,1,3,2,1,7,13:06,30,E09000003,3,5100,1,30,2,4,3,5100,0,0,1,1,1,0,0,1,1,E01000234,24-09-2018,1,2,2,1,43,7,3,0,0,1,0,-1,9,1
17098,72.54553639,23.01214018,1,3,2,1,1,16:20,30,E09000003,6,0,6,30,8,4,6,0,0,0,1,1,1,0,0,1,2,E01000205,18-09-2018,1,1,1,1,33,6,3,0,0,0,0,-1,5,1
17099,72.60119425,22.98514339,1,2,3,1,1,20:50,30,E09000003,6,0,6,30,0,-1,-1,0,0,0,4,1,1,0,0,1,1,E01000189,25-09-2018,1,1,1,1,40,7,3,0,0,0,0,-1,5,1
17100,72.60413944,23.01317003,1,2,1,1,2,08:45,30,E09000003,4,550,6,30,3,4,6,0,0,0,1,1,1,0,0,1,1,E01000159,19-09-2018,1,1,1,2,29,6,3,0,0,0,0,-1,9,1
17101,72.64184164,23.00331506,1,3,2,1,3,13:30,30,E09000003,5,0,6,30,6,2,5,0,0,5,1,1,1,0,0,1,1,E01000129,20-09-2018,1,1,1,1,25,5,3,0,0,0,0,-1,1,1
17102,72.55724589,23.03619889,1,3,2,1,6,15:56,30,E09000003,3,407,6,30,3,4,6,0,0,0,1,1,1,0,0,1,1,E01000140,23-09-2018,1,1,1,1,29,6,3,0,0,0,0,-1,9,1
17103,72.52735082,23.05822671,1,3,2,1,5,08:15,30,E09000003,6,0,6,30,3,4,6,0,0,0,1,1,1,0,0,1,1,E01000284,29-09-2018,1,1,3,2,20,4,3,1,1,0,0,-1,0,-1
17104,72.60071459,23.05375561,1,2,1,1,2,17:50,30,E09000003,3,502,6,30,3,4,6,0,0,0,1,1,1,0,0,1,1,E01000245,26-09-2018,2,1,1,1,20,4,3,0,0,0,0,-1,1,1
17105,72.52596841,23.01053878,1,3,2,1,3,21:00,30,E09000003,3,1000,6,30,3,4,6,0,0,0,4,1,1,0,0,1,2,E01000323,20-09-2018,1,2,2,2,44,7,3,0,0,1,0,-1,9,1
17106,72.58880042,22.97376271,1,3,2,2,4,08:40,30,E09000003,3,1003,6,30,3,4,6,0,0,0,1,1,1,0,0,1,1,E01000315,28-09-2018,2,1,1,1,42,7,3,0,0,0,0,-1,9,1
17107,72.60918904,23.00987396,1,3,2,2,6,20:25,30,E09000003,5,0,6,30,6,4,6,0,0,0,4,1,1,0,0,1,1,E01000278,16-09-2018,2,1,1,2,-1,-1,3,0,0,0,0,-1,1,-1
17108,72.5454629,23.02175352,1,3,2,2,7,20:30,28,E09000005,3,5,6,30,0,-1,-1,0,0,4,4,1,1,0,0,1,1,E01000553,24-09-2018,2,1,1,2,28,6,3,0,0,0,0,-1,9,1
17109,72.55054753,23.02405563,1,3,2,1,3,14:34,30,E09000003,3,41,6,30,6,2,5,0,0,5,1,1,1,0,0,1,1,E01000239,20-09-2018,1,1,3,1,10,2,3,10,9,0,0,-1,0,1
17110,72.56594292,23.03947285,1,3,2,1,3,21:07,30,E09000003,3,41,6,30,6,2,3,41,0,5,4,1,1,0,0,1,1,E01000310,20-09-2018,1,1,1,2,35,6,3,0,0,0,0,-1,9,1
17111,72.591416,23.03091287,1,3,1,1,3,10:05,30,E09000003,3,411,6,30,3,4,6,0,0,0,1,1,1,0,0,1,1,E01000250,12-07-2018,1,1,2,2,9,2,2,0,0,2,0,-1,9,-1
17112,72.57485057,23.09112386,1,3,2,1,3,20:09,30,E09000003,3,598,6,30,3,4,6,0,0,4,4,1,1,0,0,1,1,E01000211,20-09-2018,1,2,2,1,10,2,2,0,0,2,0,-1,9,-1
17113,72.55779563,22.98345892,1,3,1,1,7,19:10,28,E09000005,6,0,6,30,3,4,3,5,0,0,4,1,1,0,0,1,1,E01000141,01-10-2018,1,3,1,1,-1,-1,3,0,0,0,0,-1,9,-1
17114,72.56603969,23.03696072,1,3,2,1,7,14:08,30,E09000003,5,0,6,30,3,4,6,0,0,0,1,1,1,0,0,1,1,E01000318,01-10-2018,1,4,2,1,5,1,3,0,0,2,0,-1,9,-1
17115,72.60123631,22.99811949,1,3,2,2,3,12:32,30,E09000003,3,5109,6,30,0,-1,-1,0,0,0,1,1,1,0,0,1,1,E01000282,27-09-2018,1,1,1,1,18,4,3,0,0,0,0,-1,2,1
17116,72.61169386,22.99808199,1,2,1,1,6,13:25,30,E09000003,3,504,6,30,6,4,6,0,0,0,1,1,1,0,0,1,1,E01000237,29-07-2018,1,1,1,1,41,7,2,0,0,0,0,-1,5,-1
17117,72.53832724,22.99577003,1,3,2,3,4,07:20,30,E09000003,3,1,1,30,1,4,3,411,0,0,1,1,1,0,0,1,2,E01000290,21-09-2018,1,1,2,1,24,5,3,0,0,0,0,-1,5,-1
17118,72.57858935,23.00534201,1,3,2,1,5,08:00,30,E09000003,6,0,6,30,6,4,6,0,0,0,1,1,1,0,0,1,1,E01000314,18-08-2018,1,1,1,1,31,6,3,0,0,0,0,-1,9,1
17119,72.64809355,23.01657194,1,3,2,1,5,20:44,30,E09000003,3,5150,6,30,3,4,6,0,0,0,1,1,1,0,0,1,1,E01000148,15-09-2018,1,2,2,1,-1,-1,3,0,0,1,0,-1,9,-1
17120,72.65191645,22.99504277,1,3,2,1,5,08:36,30,E09000003,3,411,1,30,1,4,3,1,0,0,1,1,1,0,0,1,1,E01000253,22-09-2018,2,1,1,1,21,5,3,0,0,0,0,-1,9,1
17121,72.66396508,23.00060482,1,3,2,1,2,08:00,30,E09000003,3,5100,6,30,0,-1,-1,0,0,0,1,1,1,0,0,1,1,E01000264,26-09-2018,2,1,1,2,55,8,3,0,0,0,0,-1,9,1
17122,72.58831707,23.0888719,1,3,1,1,6,12:30,30,E09000003,6,0,6,30,3,4,3,1000,0,0,1,1,1,0,0,1,2,E01000273,30-09-2018,1,1,1,1,22,5,3,0,0,0,0,-1,9,-1
17123,72.58573552,22.97651212,1,3,2,1,6,17:50,30,E09000003,3,109,6,30,3,4,6,0,0,0,1,1,1,0,0,1,1,E01000265,23-09-2018,1,1,1,1,35,6,3,0,0,0,0,-1,1,1
17124,72.53305047,23.05181883,1,3,1,1,5,08:17,30,E09000003,3,109,6,30,3,2,3,1000,0,5,1,1,1,0,0,1,1,E01000281,06-10-2018,1,1,3,1,22,5,3,5,1,0,0,-1,0,-1
17125,72.56777088,22.99463896,1,3,1,2,6,07:52,30,E09000003,5,0,6,30,0,-1,-1,0,0,0,1,1,1,0,0,1,1,E01000260,30-09-2018,1,1,1,1,20,4,3,0,0,0,0,-1,3,1
17126,72.55563776,23.01689415,1,3,2,2,2,17:43,30,E09000003,3,1000,6,30,3,4,6,0,0,0,1,1,1,0,0,1,1,E01000299,03-10-2018,1,1,1,1,40,7,3,0,0,0,0,-1,9,1
17127,72.63877513,23.02989029,1,3,3,2,1,21:40,30,E09000003,3,406,3,40,0,-1,-1,0,0,0,4,1,1,0,0,1,1,E01000160,25-09-2018,1,1,1,2,62,9,3,0,0,0,0,-1,9,1
17128,72.5575648,23.0042337,1,3,2,1,5,16:34,30,E09000003,6,0,6,30,3,4,6,0,0,0,1,1,1,0,0,1,1,E01000206,22-09-2018,1,1,3,2,16,4,3,4,1,0,0,-1,0,-1
17129,72.65973301,23.01558529,1,3,3,1,5,16:08,30,E09000003,3,5109,6,30,8,4,6,0,0,0,1,1,1,0,0,1,1,E01000279,29-09-2018,1,1,1,1,36,7,3,0,0,0,0,-1,9,1
17130,72.51032687,22.99709373,1,3,3,1,5,18:45,30,E09000003,3,598,6,30,3,4,5,0,0,0,4,1,1,0,0,1,1,E01000302,06-10-2018,1,1,3,2,54,8,3,5,1,0,0,-1,0,1
17131,72.59207088,23.00567251,1,3,2,1,6,13:23,30,E09000003,6,0,6,30,0,-1,-1,0,0,0,1,2,2,0,0,1,1,E01000206,30-09-2018,1,1,1,2,19,4,3,0,0,0,0,-1,9,3
17132,72.66031054,23.01874933,1,3,2,1,5,17:22,30,E09000003,6,0,6,30,2,4,6,0,0,8,1,1,1,0,0,1,1,E01000150,06-10-2018,2,1,2,2,49,8,3,0,0,2,0,-1,9,1
17133,72.6379526,22.97701421,1,3,2,1,6,21:35,30,E09000003,3,411,6,30,3,4,6,0,0,0,4,1,1,0,0,1,1,E01000253,07-10-2018,1,1,1,1,49,8,3,0,0,0,0,-1,5,1
17134,72.51262177,22.97424494,1,3,2,1,7,13:10,30,E09000003,3,5,6,30,3,2,3,504,0,5,1,1,1,0,0,1,1,E01000305,01-10-2018,1,1,3,1,32,6,3,5,3,0,0,-1,0,-1
17135,72.65525523,23.00899368,1,3,1,1,7,14:20,30,E09000003,3,1000,6,30,0,-1,-1,0,0,0,1,1,1,0,0,1,1,E01000182,08-10-2018,2,1,1,1,30,6,3,0,0,0,0,-1,1,1
17136,72.51974525,23.05967273,1,3,2,1,3,16:15,30,E09000003,6,0,6,30,0,-1,-1,0,0,0,1,1,1,0,0,1,1,E01000213,27-09-2018,2,1,1,1,9,2,3,0,0,0,0,-1,1,-1
17137,72.59209907,22.98153686,1,2,1,1,2,17:16,30,E09000003,6,0,6,30,0,-1,-1,0,0,0,1,1,1,0,0,1,1,E01000300,26-09-2018,1,1,3,1,31,6,3,5,1,0,0,-1,0,1
17138,72.61389422,22.98811171,1,3,2,1,7,16:15,30,E09000003,6,0,6,30,3,4,6,0,0,0,1,1,1,0,0,1,2,E01000206,30-07-2018,1,1,1,1,78,11,3,0,0,0,0,-1,9,1
17139,72.55546382,22.97567442,1,3,2,1,1,11:50,30,E09000003,3,5,7,30,5,4,3,406,0,4,1,1,1,0,0,1,2,E01000223,18-09-2018,1,1,1,1,26,6,3,0,0,0,0,-1,9,1
17140,72.54359418,22.99038173,1,3,2,1,6,12:51,30,E09000003,3,5,6,30,3,4,6,0,0,0,1,1,1,0,0,1,1,E01000313,30-09-2018,1,2,2,2,-1,-1,3,0,0,1,0,-1,9,-1
17141,72.52123597,23.04504845,1,3,2,1,7,19:10,30,E09000003,3,1000,6,30,8,4,6,0,0,0,4,2,2,0,0,1,1,E01000282,08-10-2018,1,1,3,1,-1,-1,3,10,9,0,0,-1,0,1
17142,72.61268254,23.01013914,1,3,2,1,1,05:51,30,E09000003,3,406,6,30,3,2,3,41,0,5,1,1,1,0,0,1,1,E01000307,04-09-2018,1,1,1,1,51,8,3,0,0,0,0,-1,9,1
17143,72.61525066,23.08986395,1,3,2,1,5,12:00,30,E09000003,3,109,6,30,3,4,3,1003,0,0,1,1,1,0,0,1,2,E01000124,29-09-2018,1,1,1,2,34,6,3,0,0,0,0,-1,2,1
17144,72.62501655,22.9836976,1,3,2,1,6,08:10,30,E09000003,3,1000,6,30,3,4,6,0,0,0,1,1,1,0,0,1,2,E01000321,16-09-2018,1,1,1,1,35,6,2,0,0,0,0,-1,1,1
17145,72.58112943,22.97447311,1,3,2,1,7,09:01,30,E09000003,3,1000,6,30,8,4,6,0,0,1,1,1,1,0,0,1,2,E01000321,01-10-2018,1,1,3,2,9,2,3,5,3,0,0,-1,0,1
17146,72.54143644,22.97974133,1,3,2,1,1,20:00,30,E09000003,3,1000,6,30,3,4,5,0,0,0,4,1,1,0,0,1,1,E01000288,09-10-2018,1,1,1,2,36,7,3,0,0,0,0,-1,9,1
17147,72.62165822,23.08119744,1,3,1,1,4,07:24,30,E09000003,5,0,6,30,2,4,6,0,0,0,1,1,1,0,0,1,1,E01000152,12-10-2018,1,1,3,2,34,6,3,5,1,0,0,-1,0,1
17148,72.5915972,23.02698857,1,3,2,1,3,21:00,30,E09000003,3,504,6,30,6,2,3,41,0,5,4,1,1,0,0,1,1,E01000309,27-09-2018,1,1,3,2,35,6,3,8,5,0,0,-1,0,1
17149,72.55876143,23.0612895,1,3,2,1,7,09:01,30,E09000003,3,41,3,50,0,-1,-1,0,0,0,1,1,1,0,0,1,1,E01000222,15-10-2018,1,1,1,2,48,8,3,0,0,0,0,-1,9,1
17150,72.639878,23.05257847,1,3,2,1,5,08:25,25,E09000018,3,406,3,40,0,-1,-1,0,0,0,1,2,2,0,0,1,1,E01002691,13-10-2018,1,1,1,2,38,7,3,0,0,0,0,-1,9,1
17151,72.61266728,22.97808313,1,3,1,1,1,13:05,30,E09000003,5,0,6,30,0,-1,-1,0,0,0,1,1,1,0,0,1,1,E01000144,09-10-2018,1,1,3,1,36,7,3,5,2,0,0,-1,0,-1
17152,72.65330844,22.97758459,1,3,2,1,4,19:00,30,E09000003,3,598,6,30,3,4,6,0,0,0,1,1,1,0,0,1,1,E01000298,12-10-2018,2,1,1,1,49,8,3,0,0,0,0,-1,1,1
17153,72.55798113,23.03266554,1,3,1,2,6,11:20,30,E09000003,5,0,6,30,3,4,6,0,0,0,1,1,1,0,0,1,1,E01000175,16-09-2018,2,1,1,1,59,9,3,0,0,0,0,-1,1,1
17154,72.52706678,23.06956029,1,3,2,6,6,20:50,30,E09000003,5,0,6,30,3,4,6,0,0,0,4,1,1,0,0,1,1,E01000149,08-07-2018,1,1,2,1,9,2,3,0,0,1,0,-1,9,1
17155,72.56790979,22.99028102,1,3,3,2,4,09:15,30,E09000003,3,1,6,30,6,2,3,504,0,5,1,1,1,0,0,1,2,E01000242,07-09-2018,1,1,3,1,-1,-1,3,4,1,0,0,-1,0,-1
17156,72.60817089,23.02901606,1,3,3,1,1,17:25,30,E09000003,3,1,3,30,0,-1,-1,0,0,0,1,1,1,4,0,1,1,E01000264,09-10-2018,1,1,3,1,4,1,2,4,2,0,0,-1,0,-1
17157,72.56804529,22.99308875,1,3,2,2,2,09:05,30,E09000003,5,0,6,30,3,4,6,0,0,0,1,1,1,0,0,1,1,E01000301,10-10-2018,1,1,1,2,53,8,3,0,0,0,0,-1,9,1
17158,72.5904885,23.01641169,1,3,2,2,6,16:00,30,E09000003,3,1000,6,30,3,4,6,0,0,0,1,1,1,0,0,1,1,E01000299,07-10-2018,2,2,2,2,-1,-1,3,0,0,1,0,-1,9,1
17159,72.60749858,23.06221275,1,3,2,1,7,13:09,30,E09000003,6,0,6,30,3,4,6,0,0,0,1,1,1,0,0,1,1,E01000251,24-09-2018,1,1,1,2,39,7,3,0,0,0,0,-1,9,1
17160,72.5103516,23.00798927,1,3,2,1,6,17:50,30,E09000003,3,5109,6,30,0,-1,-1,0,0,0,1,1,1,0,0,2,2,E01000279,14-10-2018,2,2,1,2,54,8,3,0,0,0,0,-1,9,1
17161,72.54097451,22.99980699,1,3,3,2,1,19:26,30,E09000003,3,406,7,50,0,-1,-1,0,0,0,4,1,1,0,0,1,1,E01000176,22-05-2018,2,1,1,1,41,7,3,0,0,0,0,-1,9,1
17162,72.52752126,23.08289871,1,3,1,1,7,16:53,30,E09000003,3,5,6,30,9,2,5,0,0,5,1,1,1,0,0,1,1,E01002123,15-10-2018,1,1,1,1,35,6,3,0,0,0,0,-1,9,1
17163,72.65265011,22.97107303,1,3,2,1,6,20:45,30,E09000003,3,406,3,40,0,-1,-1,0,0,0,4,1,1,0,0,1,1,E01000165,30-09-2018,1,2,2,2,-1,-1,3,0,0,1,0,-1,9,1
17164,72.5898243,23.05595833,1,3,2,1,1,14:39,30,E09000003,3,411,6,30,6,4,6,0,0,0,1,1,1,0,0,1,1,E01000253,16-10-2018,2,1,1,1,32,6,2,0,0,0,0,-1,1,1
17165,72.60535529,23.04129729,1,3,2,1,1,13:55,30,E09000003,3,5,3,30,3,4,6,0,0,0,1,1,1,0,0,1,1,E01002123,23-10-2018,1,1,1,1,65,9,3,0,0,0,0,-1,9,1
17166,72.62912157,22.99053603,1,3,3,2,6,09:50,30,E09000003,3,1,3,70,1,4,3,411,0,0,1,1,1,0,0,1,1,E01000290,14-10-2018,1,1,3,1,3,1,3,5,1,0,0,-1,0,1
17167,72.5712776,23.02196245,1,3,3,1,6,19:50,30,E09000003,3,406,3,40,0,-1,-1,0,0,0,4,1,1,0,0,1,1,E01000203,14-10-2018,1,1,2,2,60,9,3,0,0,0,3,-1,11,-1
17168,72.5490775,23.04334435,1,2,2,1,7,12:07,30,E09000003,3,406,6,30,0,-1,-1,0,0,0,1,1,1,0,0,1,1,E01000307,15-10-2018,2,1,1,1,47,8,3,0,0,0,0,-1,9,1
17169,72.57395306,23.00941643,1,3,3,2,5,12:30,30,E09000003,3,5109,6,30,0,-1,-1,0,0,0,1,2,2,0,0,1,2,E01000226,13-10-2018,1,1,3,2,49,8,2,5,9,0,0,-1,0,-1
17170,72.63962576,23.03480256,1,3,1,2,7,19:50,30,E09000003,3,504,6,30,6,2,3,504,0,5,4,1,1,0,0,1,2,E01000243,15-10-2018,2,1,1,1,30,6,3,0,0,0,0,-1,5,3
17171,72.53951796,23.09040299,1,3,2,1,2,16:50,30,E09000003,4,550,6,30,3,4,4,550,0,0,1,1,1,0,0,1,2,E01000159,10-10-2018,1,1,1,1,26,6,3,0,0,0,0,-1,9,1
17172,72.62852023,23.08098543,1,3,2,2,3,20:30,30,E09000003,3,411,6,30,1,4,3,1,0,0,4,1,1,0,0,1,2,E01000290,04-10-2018,2,2,1,1,64,9,3,0,0,0,0,-1,9,1
17173,72.52048611,23.02245183,1,3,2,2,3,10:00,30,E09000003,5,0,6,30,6,4,6,0,0,0,1,1,1,0,0,1,1,E01000270,04-10-2018,1,1,1,1,22,5,3,0,0,0,0,-1,9,1
17174,72.60724371,22.99332833,1,3,2,1,1,03:10,30,E09000003,6,0,6,30,0,-1,-1,0,0,0,4,1,1,0,0,1,1,E01000150,16-10-2018,1,2,2,2,-1,-1,3,0,0,1,0,-1,9,1