Accident_Index,longitude,latitude,Police_Force,Accident_Severity,Number_of_Vehicles,Number_of_Casualties,Day_of_Week,Time,Local_Authority_(District),Local_Authority_(Highway),1st_Road_Class,1st_Road_Number,Road_Type,Speed_limit,Junction_Detail,Junction_Control,2nd_Road_Class,2nd_Road_Number,Pedestrian_Crossing-Human_Control,Pedestrian_Crossing-Physical_Facilities,Light_Conditions,Weather_Conditions,Road_Surface_Conditions,Special_Conditions_at_Site,Carriageway_Hazards,Urban_or_Rural_Area,Did_Police_Officer_Attend_Scene_of_Accident,LSOA_of_Accident_Location,Date,Vehicle_Reference,Casualty_Reference,Casualty_Class,Sex_of_Casualty,Age_of_Casualty,Age_Band_of_Casualty,Casualty_Severity,Pedestrian_Location,Pedestrian_Movement,Car_Passenger,Bus_or_Coach_Passenger,Pedestrian_Road_Maintenance_Worker,Casualty_Type,Casualty_Home_Area_Type
17175,72.59914399,23.0257058,1,3,2,1,4,15:01,30,E09000003,3,1000,6,30,3,4,6,0,0,0,1,1,1,0,0,1,1,E01000177,19-10-2018,1,1,3,2,52,8,2,7,5,0,0,-1,0,-1
17176,72.63524232,23.08118966,1,3,2,1,4,08:54,30,E09000003,6,0,6,30,6,4,6,0,0,0,1,1,2,0,0,1,1,E01000128,19-10-2018,1,2,3,1,26,6,3,7,5,0,0,-1,0,-1
17177,72.55802919,23.00873978,1,3,3,2,3,16:30,30,E09000003,3,5109,6,30,3,4,6,0,0,0,1,1,1,0,0,1,2,E01000280,18-10-2018,1,1,1,2,38,7,3,0,0,0,0,-1,9,1
17178,72.53378311,23.02666017,1,3,3,1,5,08:43,30,E09000003,6,0,3,30,3,4,6,0,0,0,1,1,2,0,0,1,1,E01000160,20-10-2018,1,1,1,2,39,7,3,0,0,0,0,-1,1,1
17179,72.52640806,23.07590032,1,3,2,1,3,11:30,30,E09000003,4,519,6,30,3,4,6,0,0,0,1,1,1,0,0,1,2,E01000206,11-10-2018,1,1,3,1,-1,-1,3,5,2,0,0,-1,0,-1
17180,72.56299126,23.00208653,1,3,2,1,7,19:48,30,E09000003,6,0,1,30,1,4,6,0,0,0,4,1,1,0,0,1,1,E01000276,22-10-2018,1,1,1,1,70,10,3,0,0,0,0,-1,9,1
17181,72.52638249,22.98303025,1,3,2,2,7,15:55,30,E09000003,6,0,6,30,8,4,6,0,0,0,1,1,1,0,0,1,1,E01000307,22-10-2018,2,2,1,2,36,7,3,0,0,0,0,-1,9,1
17182,72.51866748,22.99123776,1,3,2,1,3,12:59,30,E09000003,3,5,6,30,0,-1,-1,0,0,4,1,1,1,0,0,1,1,E01002112,25-10-2018,2,3,2,1,14,3,3,0,0,1,0,-1,9,1
17183,72.65498011,23.04327973,1,2,1,1,1,18:45,28,E09000005,3,5,6,30,3,4,6,0,0,0,1,1,1,0,0,1,2,E01000497,16-10-2018,2,1,1,1,-1,-1,3,0,0,0,0,-1,1,-1
17184,72.58011312,22.99804202,1,3,1,1,7,17:45,30,E09000003,3,5109,6,30,3,4,3,5109,0,0,1,1,1,0,0,1,2,E01000226,24-09-2018,1,1,1,1,31,6,3,0,0,0,0,-1,1,1
17185,72.59205471,23.08398076,1,3,1,1,4,17:20,30,E09000003,1,1,3,70,0,-1,-1,0,0,0,1,1,1,0,0,1,1,E01000231,26-10-2018,1,1,2,2,-1,-1,2,0,0,0,0,-1,19,1
17186,72.59452353,22.99560568,1,3,4,1,2,18:47,30,E09000003,6,0,6,30,3,4,3,110,0,4,4,2,2,0,0,1,1,E01000170,24-10-2018,2,2,2,2,-1,-1,3,0,0,1,0,-1,9,1
17187,72.65073684,22.98691217,1,3,2,2,5,15:39,30,E09000003,3,1,3,40,6,2,5,0,0,5,1,1,1,0,0,1,1,E01000207,20-10-2018,2,1,1,2,-1,-1,3,0,0,0,0,-1,9,-1
17188,72.62536451,23.02653431,1,3,3,1,7,19:07,30,E09000003,5,0,6,30,3,4,6,0,0,0,4,1,1,0,0,1,1,E01000287,22-10-2018,2,2,2,1,2,1,3,0,0,1,0,-1,9,-1
17189,72.63901649,23.06134885,1,3,2,1,4,21:00,30,E09000003,3,41,6,30,6,4,4,551,0,0,4,1,1,0,0,1,1,E01000310,26-10-2018,1,1,1,1,19,4,3,0,0,0,0,-1,9,1
17190,72.57376118,23.06220513,1,3,1,1,5,12:21,30,E09000003,5,0,6,30,6,2,5,0,0,5,1,1,2,0,0,1,1,E01000129,13-10-2018,1,1,2,1,1,1,3,0,0,1,0,-1,9,1
17191,72.64310673,23.01433551,1,3,3,2,6,19:14,28,E09000005,3,5,3,30,0,-1,-1,0,0,0,4,1,1,0,0,1,1,E01000499,21-10-2018,1,1,1,1,27,6,3,0,0,0,0,-1,9,1
17192,72.55608974,23.06486958,1,3,1,1,5,15:40,30,E09000003,3,598,6,30,3,4,3,1003,0,4,1,1,1,0,0,1,1,E01000296,20-10-2018,1,2,2,1,27,6,3,0,0,1,0,-1,9,1
17193,72.5440988,23.03580493,1,3,1,1,5,11:51,30,E09000003,3,1,6,30,3,2,3,406,0,5,1,1,1,0,0,1,1,E01000211,27-10-2018,1,1,1,2,41,7,3,0,0,0,0,-1,9,1
17194,72.66413926,22.99442999,1,3,1,1,6,23:28,30,E09000003,4,550,6,30,3,4,5,0,0,0,4,1,1,0,0,1,1,E01000159,21-10-2018,1,2,2,2,4,1,3,0,0,1,0,-1,9,1
17195,72.64112685,23.08383825,1,3,2,1,2,19:00,30,E09000003,3,41,2,30,6,4,3,41,0,0,4,1,1,0,0,1,3,E01000221,17-10-2018,1,1,1,1,62,9,3,0,0,0,0,-1,9,1
17196,72.57539673,22.97345345,1,3,2,1,4,08:00,30,E09000003,3,1,1,30,1,4,3,411,0,0,1,9,1,0,0,1,3,E01000253,26-10-2018,1,1,3,1,4,1,3,5,2,0,0,-1,0,1
17197,72.58496022,22.96694878,1,2,2,1,2,07:20,30,E09000003,5,0,6,30,3,4,6,0,0,0,1,2,2,0,0,1,1,E01000260,31-10-2018,2,1,2,2,29,6,3,0,0,0,0,-1,5,1
17198,72.60438017,23.00204026,1,2,2,2,1,16:25,30,E09000003,6,0,6,30,0,-1,-1,0,0,0,1,1,1,0,0,1,1,E01000277,16-10-2018,2,2,1,1,26,6,3,0,0,0,0,-1,5,1
17199,72.60839859,23.06825031,1,3,2,1,5,14:00,30,E09000003,3,598,6,30,0,-1,-1,0,0,0,1,1,1,0,0,1,1,E01000201,06-10-2018,2,1,1,1,39,7,3,0,0,0,0,-1,9,1
17200,72.65758783,23.08868683,1,3,2,2,6,11:20,30,E09000003,3,41,1,30,1,4,3,406,0,0,1,1,2,0,0,1,1,E01000307,21-10-2018,1,1,3,2,8,2,3,4,3,0,0,-1,0,1
17201,72.53173357,22.96560875,1,3,2,1,1,17:50,30,E09000003,3,598,3,30,3,4,6,0,0,0,1,1,1,0,0,1,1,E01000211,23-10-2018,1,1,1,1,26,6,3,0,0,0,0,-1,3,-1
17202,72.56969133,23.08914893,1,3,2,1,2,16:31,30,E09000003,3,1003,6,30,3,4,6,0,0,0,4,1,1,0,0,1,1,E01000315,31-10-2018,1,1,3,2,32,6,3,4,4,0,0,-1,0,1
17203,72.56767199,23.04085659,1,3,4,1,2,21:45,30,E09000003,4,1462,6,30,0,-1,-1,0,0,0,4,2,2,0,0,1,1,E01000204,31-10-2018,1,1,1,1,40,7,3,0,0,0,0,-1,9,-1
17204,72.57790374,22.98144927,1,2,2,1,1,20:37,30,E09000003,6,0,6,30,3,3,6,0,0,0,4,1,1,0,0,1,1,E01000145,23-10-2018,1,1,1,1,25,5,3,0,0,0,0,-1,1,1
17205,72.66106363,23.00330254,1,3,2,1,4,12:18,30,E09000003,3,411,6,30,8,4,6,0,0,0,1,1,1,0,0,1,1,E01000250,26-10-2018,1,1,2,2,-1,-1,3,0,0,1,0,-1,9,-1
17206,72.57631515,22.98058673,1,3,2,1,4,06:30,30,E09000003,3,1,1,30,1,4,3,411,0,0,4,1,1,0,0,1,3,E01000253,26-10-2018,1,1,1,2,31,6,3,0,0,0,0,-1,9,1
17207,72.6650809,23.08780396,1,2,3,1,2,09:10,30,E09000003,3,1,3,50,6,2,4,552,0,0,1,2,2,0,0,1,1,E01000242,31-10-2018,1,1,1,1,25,5,3,0,0,0,0,-1,3,-1
17208,72.53585412,23.07452416,1,3,2,1,6,17:13,30,E09000003,3,502,6,30,3,4,6,0,0,0,1,1,1,0,0,1,1,E01000145,21-10-2018,1,1,1,2,35,6,3,0,0,0,0,-1,9,1
17209,72.61871355,23.06697519,1,3,2,1,7,15:30,32,E09000010,3,109,6,30,0,-1,-1,0,0,0,1,1,1,0,0,1,3,E01001528,22-10-2018,1,1,1,1,26,6,2,0,0,0,0,-1,5,1
17210,72.64974073,23.0440725,1,2,2,1,2,08:25,30,E09000003,6,0,6,30,3,4,6,0,0,0,1,1,1,0,0,1,2,E01000136,24-10-2018,1,1,3,1,35,6,3,10,9,0,0,-1,0,1
17211,72.56095563,23.03323088,1,3,2,1,5,21:38,30,E09000003,6,0,6,30,3,4,3,5,0,0,4,2,2,0,0,1,1,E01000587,20-10-2018,1,1,1,1,29,6,3,0,0,0,0,-1,9,1
17212,72.61494878,23.07746879,1,3,1,1,2,13:20,30,E09000003,3,1003,6,30,3,4,6,0,0,0,1,1,2,0,0,1,1,E01000315,31-10-2018,1,1,1,1,33,6,3,0,0,0,0,-1,19,1
17213,72.56803288,23.03878399,1,3,2,1,7,22:45,30,E09000003,3,407,3,40,6,2,3,41,0,5,4,1,1,0,0,1,1,E01000139,05-11-2018,1,1,1,2,25,5,3,0,0,0,0,-1,9,1
17214,72.53645385,23.07651337,1,3,2,1,6,07:28,30,E09000003,3,1,3,50,6,2,4,552,0,0,1,1,1,0,0,1,1,E01000242,04-11-2018,1,1,1,2,26,6,3,0,0,0,0,-1,9,1
17215,72.63494004,23.0868365,1,3,2,1,7,21:16,30,E09000003,6,0,6,30,2,4,6,0,0,0,4,1,1,0,0,1,1,E01000316,29-10-2018,1,1,2,2,53,8,3,0,0,0,2,-1,11,1
17216,72.59924002,22.99341432,1,2,2,1,4,07:50,30,E09000003,3,406,3,30,0,-1,-1,0,0,0,1,1,2,0,0,1,1,E01000184,02-11-2018,1,1,3,1,23,5,3,1,9,0,0,-1,0,1
17217,72.55044551,23.04849791,1,3,1,1,4,10:43,30,E09000003,6,0,6,30,0,-1,-1,0,0,0,1,1,1,0,0,1,1,E01000208,20-04-2018,1,1,1,1,26,6,3,0,0,0,0,-1,5,1
17218,72.60739637,23.06353719,1,3,2,2,2,15:22,30,E09000003,3,504,6,30,3,4,3,504,0,4,1,1,2,0,0,1,1,E01000183,31-10-2018,1,1,3,1,12,3,3,10,9,0,0,-1,0,1
17219,72.51644661,23.0554387,1,3,1,1,5,15:40,30,E09000003,3,5109,6,30,3,4,3,5,0,0,1,1,1,0,0,1,2,E01002119,03-11-2018,1,1,1,2,38,7,3,0,0,0,0,-1,9,1
17220,72.52878007,23.04318499,1,3,2,1,5,23:30,30,E09000003,3,1081,6,30,0,-1,-1,0,0,0,4,1,1,0,0,2,1,E01000254,20-10-2018,1,1,1,1,51,8,3,0,0,0,0,-1,9,1
17221,72.58993754,22.9831802,1,3,1,1,4,21:52,30,E09000003,5,0,6,30,3,4,6,0,0,0,4,2,2,0,0,1,1,E01000289,02-11-2018,1,1,1,1,31,6,3,0,0,0,0,-1,1,1
17222,72.5746079,22.9864304,1,3,2,5,7,13:17,30,E09000003,3,1000,7,30,3,4,6,0,0,0,1,1,1,0,0,2,1,E01000254,05-11-2018,1,1,1,1,43,7,3,0,0,0,0,-1,9,1
17223,72.6265654,22.99379041,1,3,2,2,3,19:49,30,E09000003,5,0,6,30,0,-1,-1,0,0,0,1,1,1,0,0,1,1,E01000300,01-11-2018,2,1,1,1,39,7,3,0,0,0,0,-1,5,1
17224,72.61050743,23.04623497,1,2,2,2,7,13:38,30,E09000003,5,0,3,40,3,2,3,41,0,5,1,1,1,0,0,1,1,E01000239,05-11-2018,1,1,3,1,29,6,3,9,9,0,0,-1,0,-1
17225,72.65935498,23.08294103,1,3,3,1,3,15:58,30,E09000003,3,406,6,30,0,-1,-1,0,0,0,1,4,1,0,0,1,1,E01000316,25-10-2018,2,1,1,2,44,7,3,0,0,0,0,-1,9,1
17226,72.55832246,22.98190848,1,3,2,1,2,16:30,30,E09000003,3,5,6,30,3,4,6,0,0,0,1,1,1,0,0,1,1,E01000313,07-11-2018,2,1,2,1,20,4,3,0,0,1,0,-1,9,1
17227,72.65876911,23.00454403,1,3,1,1,3,12:00,30,E09000003,3,1,6,30,3,4,6,0,0,0,1,1,1,0,0,1,1,E01000242,01-11-2018,1,1,2,2,58,9,3,0,0,0,1,-1,11,-1
17228,72.56480461,23.07136776,1,3,1,1,2,17:30,28,E09000005,6,0,6,30,3,4,3,5,0,0,1,1,1,0,0,1,1,E01000556,07-11-2018,1,1,1,1,24,5,2,0,0,0,0,-1,5,-1
17229,72.63451491,22.9738664,1,2,2,1,5,09:20,30,E09000003,6,0,6,30,3,4,6,0,0,0,1,1,1,0,0,1,2,E01000125,22-09-2018,1,2,1,1,28,6,3,0,0,0,0,-1,9,1
17230,72.51021192,23.05321542,1,3,2,2,4,09:03,30,E09000003,3,1,3,50,1,2,3,5109,0,0,1,1,1,0,0,1,1,E01000264,02-11-2018,2,1,1,1,21,5,3,0,0,0,0,-1,9,1
17231,72.6554618,23.04052041,1,3,2,1,4,09:20,30,E09000003,5,0,6,30,3,4,6,0,0,0,1,1,1,0,0,1,2,E01000124,02-11-2018,2,1,1,1,32,6,3,0,0,0,0,-1,4,-1
17232,72.62446427,23.04727316,1,3,2,1,2,15:00,30,E09000003,5,0,6,30,3,4,3,5,0,0,1,1,1,0,0,1,2,E01002112,17-10-2018,1,1,1,1,-1,-1,3,0,0,0,0,-1,9,1
17233,72.57220597,23.00396588,1,3,2,1,3,17:45,30,E09000003,3,5,1,30,1,2,3,406,0,5,4,1,1,0,0,1,2,E01000223,25-01-2018,1,2,2,1,-1,-1,3,0,0,1,0,-1,9,-1
17234,72.55743361,23.06756022,1,3,1,1,3,14:20,30,E09000003,6,0,6,30,0,-1,-1,0,0,1,1,1,1,0,0,1,1,E01000307,01-11-2018,1,1,2,1,50,8,3,0,0,0,3,-1,11,1
17235,72.61405766,23.02440861,1,3,2,1,3,09:45,30,E09000003,1,1,1,30,1,4,3,406,0,0,1,1,1,0,0,1,1,E01000307,08-11-2018,1,1,3,1,11,3,3,5,9,0,0,-1,0,1
17236,72.52665044,23.04638815,1,3,2,1,7,18:00,30,E09000003,3,41,6,30,3,4,6,0,0,0,1,1,1,0,0,1,2,E01000191,12-11-2018,1,1,2,1,1,1,3,0,0,0,3,-1,11,-1
17237,72.59541694,23.02877532,1,3,2,1,6,10:35,30,E09000003,3,598,6,30,3,4,3,598,0,0,1,1,1,0,0,1,1,E01000203,04-11-2018,1,1,2,1,-1,-1,3,0,0,0,4,-1,11,-1
17238,72.57077826,23.05078616,1,3,1,1,7,18:10,30,E09000003,1,1,3,70,0,-1,-1,0,0,0,4,1,1,0,0,1,1,E01000260,05-11-2018,1,1,1,2,30,6,3,0,0,0,0,-1,3,1
17239,72.56568929,23.08777546,1,3,1,1,5,06:50,30,E09000003,6,0,1,30,1,4,6,0,0,0,1,1,1,0,0,1,1,E01000155,03-11-2018,1,1,3,1,11,3,3,10,9,0,0,-1,0,1
17240,72.58894513,23.03121163,1,3,1,1,4,19:00,30,E09000003,3,1081,6,30,3,4,6,0,0,0,4,2,2,0,0,1,1,E01000254,02-11-2018,2,1,2,2,41,7,3,0,0,0,3,-1,11,-1
17241,72.51330121,23.02904331,1,3,1,1,4,19:01,30,E09000003,6,0,6,30,0,-1,-1,0,0,0,4,2,2,0,0,1,1,E01000287,02-11-2018,2,2,2,2,47,8,3,0,0,0,3,-1,11,-1
17242,72.56651857,22.97842742,1,3,2,1,3,12:51,30,E09000003,6,0,6,30,0,-1,-1,0,0,0,1,1,1,0,0,1,1,E01000128,08-11-2018,1,1,2,2,51,8,3,0,0,0,3,-1,11,1
17243,72.6335622,22.98764767,1,3,1,1,3,08:55,30,E09000003,6,0,6,30,3,4,3,5109,0,0,1,1,1,0,0,1,1,E01000282,01-11-2018,1,1,3,1,60,9,3,10,9,0,0,-1,0,1
17244,72.61802103,23.0914879,1,3,2,1,1,16:26,30,E09000003,5,0,6,30,6,4,6,0,0,0,4,2,2,0,0,1,1,E01000314,06-11-2018,1,1,3,2,76,11,3,10,9,0,0,-1,0,-1
17245,72.5374271,23.01341945,1,3,2,1,4,14:28,30,E09000003,5,0,6,30,6,4,6,0,0,0,1,1,1,0,0,1,1,E01000212,26-10-2018,1,1,2,1,56,9,3,0,0,0,3,-1,11,1
17246,72.62759865,23.08215575,1,3,2,1,2,07:01,30,E09000003,3,1000,3,40,0,-1,-1,0,0,0,1,1,2,0,0,1,1,E01000284,07-11-2018,1,1,1,1,36,7,3,0,0,0,0,-1,9,1
17247,72.61542728,23.03721757,1,3,2,1,2,07:05,30,E09000003,3,598,6,30,3,4,6,0,0,0,1,1,1,0,0,1,1,E01000298,17-10-2018,1,1,1,1,32,6,3,0,0,0,0,-1,5,1
17248,72.66218502,23.03420482,1,3,1,1,1,19:34,30,E09000003,1,1,3,70,0,-1,-1,0,0,0,1,1,1,0,0,1,1,E01000260,13-11-2018,1,1,1,1,30,6,3,0,0,0,0,-1,19,2
17249,72.64050347,23.00213912,1,3,2,1,6,13:43,30,E09000003,6,0,6,30,6,4,6,0,0,0,1,1,1,0,0,1,1,E01000123,14-10-2018,1,1,1,1,47,8,3,0,0,0,0,-1,9,1
17250,72.55161664,23.07072946,1,2,1,1,4,13:48,32,E09000010,3,1003,6,30,0,-1,-1,0,0,1,1,1,1,0,0,1,1,E01001534,09-11-2018,1,1,1,1,31,6,2,0,0,0,0,-1,9,-1
17251,72.60867333,23.01447799,1,2,2,1,7,19:40,30,E09000003,6,0,6,30,3,4,6,0,0,0,1,1,1,0,0,1,1,E01000222,05-11-2018,1,1,1,1,26,6,3,0,0,0,0,-1,9,1
17252,72.62086198,23.09203362,1,3,1,1,2,13:18,30,E09000003,3,598,6,30,3,4,5,0,0,4,1,1,1,0,0,1,1,E01000211,31-10-2018,1,1,2,1,28,6,3,0,0,1,0,-1,9,1
17253,72.59573922,22.97943905,1,3,2,1,6,06:35,30,E09000003,3,41,3,30,0,-1,-1,0,0,0,4,1,1,0,0,1,2,E01000310,11-11-2018,1,2,1,1,18,4,3,0,0,0,0,-1,9,1
17254,72.5949246,23.0092366,1,3,1,2,5,22:15,30,E09000003,3,406,7,40,1,4,3,41,0,0,4,1,1,0,0,1,1,E01000307,03-11-2018,2,1,1,2,44,7,3,0,0,0,0,-1,9,-1
17255,72.60949775,22.96643202,1,3,2,1,3,12:30,30,E09000003,3,1000,6,30,3,4,6,0,0,0,1,1,1,0,0,1,1,E01000250,04-10-2018,1,1,1,2,56,9,3,0,0,0,0,-1,3,1
17256,72.55550892,23.06576719,1,3,5,1,7,21:20,30,E09000003,3,5,3,50,0,-1,-1,0,0,0,4,1,1,0,0,1,2,E01000305,12-11-2018,1,1,1,2,27,6,3,0,0,0,0,-1,9,1
17257,72.61794884,23.025686,1,3,7,3,4,07:24,30,E09000003,6,0,6,30,3,4,6,0,0,0,1,8,2,0,0,1,1,E01000135,09-11-2018,1,2,2,1,8,2,3,0,0,2,0,-1,9,1
17258,72.61727463,23.02884364,1,3,1,1,3,08:50,30,E09000003,3,41,3,50,0,-1,-1,0,0,0,1,1,1,0,0,1,2,E01000237,08-11-2018,2,3,1,1,38,7,3,0,0,0,0,-1,9,1
17259,72.54835718,23.00465555,1,3,2,1,1,12:04,30,E09000003,3,406,1,30,1,2,3,406,0,0,1,1,1,0,0,1,1,E01000305,20-11-2018,2,4,2,1,32,6,3,0,0,1,0,-1,9,1
17260,72.60442361,23.0694809,1,3,2,1,3,20:00,30,E09000003,3,407,6,30,6,2,3,407,0,0,4,1,1,0,0,1,1,E01000141,15-11-2018,1,1,1,1,25,5,3,0,0,0,0,-1,9,1
17261,72.64886905,23.08260796,1,3,2,1,1,12:30,30,E09000003,3,5109,6,30,3,4,3,1000,0,0,1,1,1,0,0,1,1,E01000281,13-11-2018,1,1,1,2,26,6,3,0,0,0,0,-1,2,1
17262,72.6498826,22.97294296,1,3,2,1,2,21:45,30,E09000003,3,406,3,40,6,2,3,598,0,0,4,1,1,0,0,1,1,E01000225,07-11-2018,1,1,1,2,40,7,3,0,0,0,0,-1,9,1
17263,72.51452851,23.05490435,1,3,1,1,7,14:17,30,E09000003,3,1,6,30,0,-1,-1,0,0,0,1,1,1,0,0,2,1,E01000290,12-11-2018,1,1,1,1,49,8,3,0,0,0,0,-1,9,1
17264,72.5961297,23.04462254,1,3,1,1,2,04:20,30,E09000003,3,1,6,30,0,-1,-1,0,0,0,4,2,2,0,0,1,1,E01000205,07-11-2018,1,1,1,1,21,5,3,0,0,0,0,-1,1,-1
17265,72.66468557,22.98458474,1,3,2,1,5,18:25,30,E09000003,1,1,3,70,0,-1,-1,0,0,0,4,1,2,0,0,1,1,E01000240,10-11-2018,1,1,3,1,47,8,3,5,3,0,0,-1,0,1
17266,72.53322154,23.0757825,1,3,2,1,2,18:22,30,E09000003,3,598,6,30,0,-1,-1,0,0,0,4,1,1,0,0,1,1,E01000144,07-11-2018,1,1,3,2,12,3,2,5,2,0,0,-1,0,1
17267,72.51541676,22.99040148,1,3,2,1,4,18:20,30,E09000003,5,0,6,30,3,4,6,0,0,0,1,1,1,0,0,1,2,E01000133,16-11-2018,1,1,1,2,20,4,3,0,0,0,0,-1,4,1
17268,72.66449358,22.97262837,1,3,2,1,3,08:50,30,E09000003,3,5100,6,30,0,-1,-1,0,0,0,1,1,1,0,0,1,2,E01000230,15-11-2018,1,1,1,1,57,9,2,0,0,0,0,-1,4,1
17269,72.61859615,23.02043294,1,3,2,2,1,10:00,30,E09000003,3,1,1,30,1,4,3,411,0,0,1,1,1,0,0,1,2,E01000253,02-10-2018,1,1,2,2,-1,-1,3,0,0,1,0,-1,9,-1
17270,72.61805631,23.06364261,1,2,1,1,6,16:00,30,E09000003,3,5109,3,30,3,4,6,0,0,0,4,1,1,0,0,1,1,E01000134,04-11-2018,1,1,1,2,71,10,3,0,0,0,0,-1,9,-1
17271,72.51972116,23.03384317,1,3,2,1,6,12:27,30,E09000003,3,41,3,40,0,-1,-1,0,0,0,1,1,1,0,0,1,1,E01000310,11-11-2018,1,1,3,2,35,6,3,10,9,0,0,-1,0,1
17272,72.56122496,23.07022574,1,3,2,2,5,11:10,30,E09000003,3,110,6,30,6,4,6,0,0,0,1,1,1,0,0,1,1,E01000170,17-11-2018,1,2,3,1,5,1,3,10,9,0,0,-1,0,1
17273,72.5661533,23.06707809,1,3,2,1,4,17:30,30,E09000003,5,0,6,30,2,4,6,0,0,0,4,2,2,0,0,1,1,E01000152,02-11-2018,1,1,3,1,36,7,3,6,9,0,0,-1,0,1
17274,72.64861587,23.00175227,1,3,1,1,3,17:10,30,E09000003,3,1000,6,30,0,-1,-1,0,0,5,4,1,1,0,0,1,1,E01000321,08-11-2018,2,1,1,1,62,9,3,0,0,0,0,-1,9,1
17275,72.61825143,23.08545555,1,3,2,2,5,13:30,30,E09000003,3,5000,6,30,0,-1,-1,0,0,0,1,1,1,0,0,1,2,E01000196,27-10-2018,1,1,1,1,20,4,3,0,0,0,0,-1,9,1
17276,72.58287168,23.03323956,1,2,1,1,6,22:03,30,E09000003,3,1000,3,30,0,-1,-1,0,0,0,4,1,2,0,0,1,1,E01000250,11-11-2018,1,1,1,2,26,6,3,0,0,0,0,-1,9,-1
17277,72.59357241,23.02959843,1,3,1,1,5,12:20,30,E09000003,6,0,6,30,3,4,6,0,0,0,1,1,1,0,0,1,1,E01000310,17-11-2018,1,1,3,1,8,2,3,5,2,0,0,-1,0,1
17278,72.58915804,23.08573245,1,3,2,1,5,15:14,30,E09000003,3,110,6,30,0,-1,-1,0,0,0,1,1,1,0,0,1,1,E01000171,24-11-2018,1,1,2,2,49,8,3,0,0,1,0,-1,9,1
17279,72.59983344,23.08488165,1,3,4,1,5,18:12,30,E09000003,3,1,3,30,3,2,6,0,0,0,4,1,1,0,0,1,1,E01000231,17-11-2018,1,2,2,2,11,3,3,0,0,2,0,-1,9,1
17280,72.56689683,23.02296005,1,3,1,1,4,14:15,30,E09000003,3,5109,6,30,3,4,6,0,0,1,1,1,1,0,0,1,1,E01000233,09-11-2018,1,3,2,2,50,8,3,0,0,2,0,-1,9,1
17281,72.51966305,23.08313918,1,3,2,1,5,06:45,30,E09000003,3,1,3,70,0,-1,-1,0,0,0,1,1,2,0,0,2,1,E01000228,24-11-2018,1,1,1,1,33,6,3,0,0,0,0,-1,9,1
17282,72.56088803,23.01150217,1,3,1,1,1,11:25,2,E09000007,3,41,3,30,3,2,3,41,0,5,1,1,1,0,0,1,1,E01000139,27-11-2018,1,1,1,2,48,8,3,0,0,0,0,-1,1,1
17283,72.52473747,23.0867468,1,3,2,1,4,19:35,30,E09000003,3,1,3,30,3,2,3,504,0,0,1,1,1,0,0,1,1,E01000242,23-11-2018,2,1,2,1,57,9,3,0,0,1,0,-1,9,1
17284,72.55332215,22.99104364,1,3,1,1,4,09:30,30,E09000003,3,5100,6,30,3,4,5,0,0,0,1,1,1,0,0,1,2,E01000192,12-10-2018,1,1,3,1,54,8,2,5,1,0,0,-1,0,-1
17285,72.5715573,23.06183498,1,3,2,1,6,18:39,30,E09000003,3,411,6,30,0,-1,-1,0,0,0,4,8,2,0,0,1,1,E01000248,25-11-2018,1,1,1,1,29,6,2,0,0,0,0,-1,9,1
17286,72.64200491,22.96739211,1,3,2,1,1,23:47,30,E09000003,3,1000,6,30,3,4,6,0,0,0,4,1,4,0,0,1,1,E01000323,20-11-2018,2,1,1,1,57,9,3,0,0,0,0,-1,1,1
17287,72.55100427,22.97733272,1,3,1,1,7,19:00,30,E09000003,6,0,6,30,3,4,6,0,0,0,4,1,2,0,0,1,1,E01000310,26-11-2018,1,1,2,1,16,4,3,0,0,2,0,-1,9,1
17288,72.55379796,23.00575815,1,3,3,2,7,22:30,28,E09000005,3,5,3,30,0,-1,-1,0,0,0,4,1,1,0,0,1,1,E01000497,12-11-2018,1,2,1,2,43,7,2,0,0,0,0,-1,9,1
17289,72.62370694,23.05128855,1,3,2,1,6,16:45,30,E09000003,3,406,3,30,1,4,1,1,0,0,1,1,1,0,0,1,3,E01000307,25-11-2018,1,4,2,2,15,3,3,0,0,2,0,-1,9,1
17290,72.65024572,23.02691861,1,3,1,1,7,19:36,30,E09000003,3,109,6,30,3,2,3,1000,0,5,4,2,2,0,0,1,1,E01000281,26-11-2018,1,5,2,2,13,3,3,0,0,2,0,-1,9,1
17291,72.5280697,23.02537845,1,3,2,1,7,19:15,30,E09000003,3,411,6,30,3,4,4,552,0,0,4,1,1,0,0,1,2,E01000290,19-11-2018,2,3,1,1,31,6,3,0,0,0,0,-1,9,1
17292,72.55593989,23.04923921,1,2,2,1,6,18:50,28,E09000005,3,5,6,30,8,4,6,0,0,0,4,1,2,0,0,1,1,E01000497,25-11-2018,1,1,1,1,21,5,3,0,0,0,0,-1,9,-1
17293,72.63301072,23.06766907,1,3,2,1,3,12:22,30,E09000003,3,1000,3,30,6,4,6,0,0,0,1,1,1,0,0,1,2,E01000284,22-11-2018,1,1,1,1,57,9,3,0,0,0,0,-1,9,1
17294,72.52708489,23.07421,1,3,1,1,6,11:15,30,E09000003,5,0,6,30,3,2,3,5,0,5,1,1,1,0,0,1,1,E01000148,18-11-2018,1,1,1,1,20,4,3,0,0,0,0,-1,9,1
17295,72.58516947,23.06410312,1,3,2,1,2,10:20,28,E09000005,3,5,6,30,8,4,3,5,0,0,1,2,2,0,0,1,1,E01000497,28-11-2018,1,2,2,1,19,4,3,0,0,1,0,-1,9,1