Accident_Index,longitude,latitude,Police_Force,Accident_Severity,Number_of_Vehicles,Number_of_Casualties,Day_of_Week,Time,Local_Authority_(District),Local_Authority_(Highway),1st_Road_Class,1st_Road_Number,Road_Type,Speed_limit,Junction_Detail,Junction_Control,2nd_Road_Class,2nd_Road_Number,Pedestrian_Crossing-Human_Control,Pedestrian_Crossing-Physical_Facilities,Light_Conditions,Weather_Conditions,Road_Surface_Conditions,Special_Conditions_at_Site,Carriageway_Hazards,Urban_or_Rural_Area,Did_Police_Officer_Attend_Scene_of_Accident,LSOA_of_Accident_Location,Date,Vehicle_Reference,Casualty_Reference,Casualty_Class,Sex_of_Casualty,Age_of_Casualty,Age_Band_of_Casualty,Casualty_Severity,Pedestrian_Location,Pedestrian_Movement,Car_Passenger,Bus_or_Coach_Passenger,Pedestrian_Road_Maintenance_Worker,Casualty_Type,Casualty_Home_Area_Type
17417,72.54441027,23.00005039,1,2,1,1,4,21:40,2,E09000007,3,5200,3,30,3,2,3,501,0,5,4,1,1,0,0,1,1,E01000938,02-02-2018,1,1,2,2,62,9,3,0,0,0,3,-1,11,1
17418,72.52452761,23.06996226,1,2,1,1,7,18:15,1,E09000033,5,0,6,30,3,4,6,0,0,0,4,1,1,0,0,1,1,E01004736,29-01-2018,1,1,1,1,47,8,3,0,0,0,0,-1,9,1
17419,72.60598681,23.07547768,1,2,1,1,1,18:40,1,E09000033,3,400,6,30,3,2,4,402,0,5,4,1,1,0,0,1,1,E01004734,30-01-2018,2,1,1,1,32,6,3,0,0,0,0,-1,20,1
17420,72.63374851,22.96618702,1,3,2,1,3,19:15,27,E09000009,3,406,1,50,1,4,3,40,0,0,4,2,2,0,0,1,1,E01001278,01-02-2018,1,1,1,1,26,6,3,0,0,0,0,-1,9,1
17421,72.66086822,23.00672841,1,1,1,1,7,12:00,1,E09000033,4,401,6,30,6,4,6,0,0,0,1,1,1,0,0,1,1,E01004735,29-01-2018,1,1,1,2,27,6,3,0,0,0,0,-1,3,1
17422,72.55867536,22.97054003,1,3,1,1,4,13:21,1,E09000033,3,3212,6,30,3,4,6,0,0,4,1,1,1,0,0,1,1,E01004733,09-02-2018,1,1,2,2,42,7,3,0,0,0,3,-1,11,-1
17423,72.56947943,23.06710305,1,2,2,1,7,13:01,2,E09000007,3,4200,3,30,0,-1,-1,0,0,5,1,1,1,0,0,1,1,E01000852,19-02-2018,2,1,2,2,25,5,3,0,0,1,0,-1,9,1
17424,72.52834821,23.00853957,1,3,2,1,4,23:30,2,E09000007,3,40,3,30,6,2,3,4200,0,5,4,1,1,0,0,1,1,E01000918,09-02-2018,2,2,1,2,35,6,3,0,0,0,0,-1,9,1
17425,72.65507462,23.08434241,1,3,2,2,6,23:36,2,E09000007,3,400,6,30,6,2,3,503,0,5,4,1,2,0,0,1,1,E01000856,25-02-2018,1,1,3,1,31,6,3,5,9,0,0,-1,0,-1
17426,72.53741659,23.02509247,1,2,2,3,7,14:57,1,E09000033,5,0,6,30,6,4,6,0,0,0,1,1,1,0,0,1,1,E01004663,05-03-2018,1,1,1,2,32,6,3,0,0,0,0,-1,9,-1
17427,72.52850774,22.97971778,1,3,2,1,3,11:30,1,E09000033,3,5204,2,30,3,4,6,0,0,0,1,8,2,0,0,1,1,E01004713,22-02-2018,1,1,2,2,27,6,3,0,0,1,0,-1,9,1
17428,72.66434119,22.96850374,1,3,1,1,3,18:25,2,E09000007,5,0,2,30,3,4,6,0,0,0,4,1,2,0,0,1,1,E01000941,22-02-2018,2,1,2,1,18,4,3,0,0,1,0,-1,9,1
17429,72.55196655,23.02065602,1,3,2,2,6,12:35,1,E09000033,6,0,6,30,6,4,6,0,0,0,1,2,2,0,0,1,1,E01004761,04-03-2018,2,1,1,1,28,6,3,0,0,0,0,-1,5,1
17430,72.5627656,23.01582929,1,3,2,1,1,15:55,2,E09000007,5,0,6,30,3,2,5,0,0,5,1,1,1,0,0,1,1,E01000927,27-02-2018,1,1,1,1,27,6,3,0,0,0,0,-1,3,-1
17431,72.63677574,23.06610188,1,3,2,1,7,21:48,1,E09000033,5,0,6,30,7,2,5,0,0,5,4,1,1,0,0,1,1,E01004675,08-01-2018,1,1,3,2,18,4,3,5,1,0,0,-1,0,1
17432,72.63846136,22.97893093,1,2,1,1,5,21:22,2,E09000007,3,4201,6,30,3,4,6,0,0,1,4,2,2,0,0,1,1,E01000946,10-02-2018,1,1,1,1,43,7,3,0,0,0,0,-1,21,1
17433,72.61438029,23.05889413,1,3,1,1,1,06:30,1,E09000033,3,4,2,30,0,-1,-1,0,0,0,1,1,1,0,0,1,1,E01004691,23-01-2018,2,2,2,2,26,6,2,0,0,2,0,-1,9,1
17434,72.54516366,23.04597631,1,2,1,1,3,16:20,1,E09000033,3,404,6,30,0,-1,-1,0,0,0,1,1,1,0,0,1,1,E01004758,01-03-2018,2,3,1,1,24,5,3,0,0,0,0,-1,9,1
17435,72.53517669,23.08752458,1,3,2,2,4,15:37,12,E09000020,3,3220,2,30,3,4,6,0,0,0,1,2,2,0,0,1,1,E01002849,09-03-2018,2,4,2,1,61,9,3,0,0,1,0,-1,9,-1
17436,72.63039724,23.0876446,1,3,1,1,3,18:37,2,E09000007,3,41,3,30,0,-1,-1,0,0,0,4,1,1,0,0,1,1,E01000877,15-02-2018,1,1,1,2,32,6,3,0,0,0,0,-1,1,1
17437,72.5341928,23.04184343,1,2,1,1,2,07:02,2,E09000007,3,400,2,30,6,4,6,0,0,0,1,1,4,0,0,1,1,E01000851,28-02-2018,1,1,1,1,46,8,3,0,0,0,0,-1,9,1
17438,72.6195254,22.98174364,1,3,2,2,4,18:40,1,E09000033,3,4,3,30,3,4,3,4,0,0,4,1,1,0,0,1,1,E01004691,16-02-2018,1,1,1,1,35,6,3,0,0,0,0,-1,9,1
17439,72.56263654,22.99223885,1,2,1,1,6,11:35,2,E09000007,3,201,6,30,6,2,6,0,0,5,1,1,1,0,0,1,1,E01000916,11-03-2018,3,2,2,2,73,10,3,0,0,0,4,-1,11,-1
17440,72.5120696,22.97628269,1,3,2,2,2,12:38,3,E09000019,3,1200,6,30,3,2,3,1,0,0,1,1,1,0,0,1,1,E01002791,31-01-2018,1,1,1,2,48,8,3,0,0,0,0,-1,9,1
17441,72.58244169,23.01714188,1,2,2,1,6,17:11,1,E09000033,3,3217,3,30,6,2,6,0,0,5,1,1,1,0,0,1,1,E01004687,18-03-2018,1,2,3,2,12,3,3,5,1,0,0,-1,0,1
17442,72.64196471,22.99895749,1,2,1,2,4,16:40,1,E09000033,3,501,3,30,6,2,3,41,0,5,1,2,2,0,0,1,1,E01004660,16-03-2018,1,1,1,1,34,6,3,0,0,0,0,-1,1,1
17443,72.57240415,23.01217783,1,3,2,1,6,16:19,1,E09000033,3,404,3,30,0,-1,-1,0,0,0,4,2,2,0,0,1,1,E01004685,18-02-2018,1,1,1,1,51,8,3,0,0,0,0,-1,9,1
17444,72.5368393,23.01974743,1,3,2,1,1,18:15,3,E09000019,3,401,6,30,0,-1,-1,0,0,0,4,1,1,0,0,1,1,E01002727,30-01-2018,1,2,2,2,-1,-1,3,0,0,1,0,-1,9,-1
17445,72.5193249,22.97333876,1,3,3,1,6,20:47,1,E09000033,3,4,1,30,1,2,3,4,0,5,4,2,2,0,0,1,1,E01004691,11-03-2018,1,1,1,1,56,9,2,0,0,0,0,-1,90,-1
17446,72.58697577,23.03317598,1,1,2,1,5,22:29,1,E09000033,3,4,3,30,3,2,6,0,0,5,4,1,1,0,0,1,1,E01004736,24-03-2018,1,1,1,1,17,4,2,0,0,0,0,-1,2,1
17447,72.63627122,23.00762084,1,3,2,1,7,03:50,1,E09000033,3,4,6,30,3,2,3,4,0,5,4,1,1,0,0,1,1,E01004736,19-03-2018,1,1,2,2,79,11,2,0,0,0,3,-1,11,-1
17448,72.52259453,23.00024525,1,3,2,1,7,10:09,1,E09000033,3,3211,3,30,0,-1,-1,0,0,1,1,1,1,0,0,1,1,E01004734,19-03-2018,2,1,1,1,21,5,3,0,0,0,0,-1,1,1
17449,72.65827315,23.02201387,1,2,1,1,7,14:29,1,E09000033,4,402,6,30,3,4,6,0,0,0,1,1,1,0,0,1,1,E01004735,26-03-2018,1,2,2,2,13,3,3,0,0,0,0,-1,19,1
17450,72.6519767,23.04315352,1,2,1,1,3,18:01,1,E09000033,3,3212,6,30,0,-1,-1,0,0,0,4,1,1,0,0,1,1,E01004738,18-01-2018,2,1,1,2,39,7,3,0,0,0,0,-1,9,1
17451,72.56420195,22.96751312,1,2,1,1,3,17:28,12,E09000020,6,0,6,30,0,-1,-1,0,0,0,1,1,1,0,0,1,1,E01002831,22-03-2018,1,1,3,1,46,8,3,5,3,0,0,-1,0,1
17452,72.53607353,23.08292529,1,2,2,1,4,22:54,3,E09000019,3,1201,6,30,3,4,6,0,0,0,4,1,1,0,0,1,1,E01002752,06-04-2018,1,1,3,1,50,8,3,4,1,0,0,-1,0,1
17453,72.63102462,23.06810793,1,2,1,1,1,17:27,2,E09000007,5,0,2,30,9,4,5,0,0,0,1,1,1,0,0,1,1,E01000959,20-03-2018,1,1,1,1,33,6,3,0,0,0,0,-1,9,1
17454,72.61222483,23.06872158,1,3,1,5,3,17:20,1,E09000033,4,313,6,30,3,4,3,3214,0,0,1,1,1,0,0,1,1,E01004666,22-03-2018,1,1,2,2,48,8,3,0,0,0,3,-1,11,1
17455,72.57195681,23.03843739,1,3,1,1,4,22:35,3,E09000019,3,1,3,30,3,2,4,515,0,5,4,8,2,0,0,1,1,E01002803,30-03-2018,2,1,1,1,24,5,2,0,0,0,0,-1,3,-1
17456,72.58511958,22.97985547,1,3,2,1,4,00:58,3,E09000019,5,0,6,30,3,2,3,1,0,0,4,2,2,0,0,1,1,E01002786,09-03-2018,2,1,1,1,24,5,3,0,0,0,0,-1,9,1
17457,72.5412357,23.08658792,1,3,2,1,3,17:30,1,E09000033,6,0,6,30,0,-1,-1,0,0,0,1,1,1,0,0,1,1,E01004748,05-04-2018,1,1,1,1,25,5,3,0,0,0,0,-1,1,1
17458,72.64030143,23.06668054,1,3,2,1,2,15:39,1,E09000033,6,0,6,30,3,4,3,5,0,0,1,1,1,0,0,1,1,E01004702,07-03-2018,1,1,2,1,22,5,3,0,0,2,0,-1,9,1
17459,72.55674165,23.051831,1,3,1,1,4,23:00,2,E09000007,5,0,2,20,3,4,6,0,0,0,4,1,1,0,0,1,1,E01000915,06-04-2018,1,2,2,1,24,5,3,0,0,1,0,-1,9,1
17460,72.51035283,23.02092828,1,2,2,2,5,12:06,3,E09000019,6,0,2,30,6,4,6,0,0,1,1,1,1,3,0,1,1,E01002704,07-04-2018,1,1,1,1,80,11,2,0,0,0,0,-1,9,1
17461,72.57021893,23.06423508,1,3,1,1,1,02:09,1,E09000033,3,4,6,30,3,2,3,4,0,5,4,1,1,0,0,1,1,E01004734,10-04-2018,1,1,1,1,26,6,3,0,0,0,0,-1,3,-1
17462,72.59002751,23.07784237,1,3,1,1,5,18:07,4,E09000012,6,0,6,30,3,4,3,503,0,0,1,1,1,4,0,1,1,E01001718,31-03-2018,1,1,1,1,37,7,3,0,0,0,0,-1,9,1
17463,72.55433497,23.08062826,1,1,2,1,2,21:15,12,E09000020,4,450,6,30,6,4,6,0,0,0,4,1,1,0,0,1,1,E01002874,11-04-2018,1,1,1,1,39,7,3,0,0,0,0,-1,9,1
17464,72.56643409,23.0515318,1,3,2,1,2,21:55,3,E09000019,3,503,3,30,6,2,3,1,0,5,4,1,2,0,0,1,1,E01002767,21-03-2018,1,1,2,2,36,7,3,0,0,1,0,-1,9,1
17465,72.64463278,23.09141216,1,2,1,2,5,22:14,1,E09000033,3,5,3,30,0,-1,-1,0,0,0,4,1,1,0,0,1,1,E01004703,17-03-2018,1,1,1,1,31,6,3,0,0,0,0,-1,4,1
17466,72.62918238,23.09031928,1,3,3,1,7,18:25,1,E09000033,3,40,6,30,6,2,4,406,0,5,1,1,1,0,0,1,1,E01004764,16-04-2018,2,1,1,1,26,6,3,0,0,0,0,-1,9,-1
17467,72.51264564,23.08495376,1,1,2,1,4,10:09,3,E09000019,5,0,6,30,3,4,6,0,0,0,1,1,1,0,0,1,1,E01002739,27-04-2018,1,1,1,2,40,7,3,0,0,0,0,-1,9,1
17468,72.66067486,23.0921831,1,1,2,1,6,22:19,12,E09000020,3,4,6,30,0,-1,-1,0,0,0,4,2,2,0,0,1,1,E01002850,11-03-2018,2,1,1,2,37,7,3,0,0,0,0,-1,9,-1
17469,72.5208503,22.96849564,1,3,2,1,2,17:50,1,E09000033,3,3217,2,30,6,2,3,3214,0,5,1,1,1,0,0,1,1,E01004731,18-04-2018,1,1,1,1,24,5,3,0,0,0,0,-1,9,1
17470,72.66079689,23.01665747,1,2,1,1,7,11:23,3,E09000019,3,1201,6,30,3,4,5,0,0,0,1,1,1,0,0,1,1,E01002752,30-04-2018,1,2,2,1,22,5,3,0,0,1,0,-1,9,1
17471,72.5824898,22.96690671,1,3,1,1,7,17:05,1,E09000033,3,401,6,30,0,-1,-1,0,0,0,1,1,1,0,0,1,1,E01004763,30-04-2018,1,1,2,1,-1,-1,3,0,0,2,0,-1,8,-1
17472,72.63101761,23.0735409,1,2,1,1,5,21:00,12,E09000020,3,3220,6,30,0,-1,-1,0,0,0,4,1,1,0,0,1,1,E01002814,28-04-2018,1,1,1,1,-1,-1,3,0,0,0,0,-1,19,1
17473,72.66339398,23.00397785,1,3,2,1,6,08:16,12,E09000020,3,3220,2,30,0,-1,-1,0,0,1,1,1,1,0,0,1,1,E01002893,22-04-2018,1,1,2,2,12,3,3,0,0,0,3,-1,11,-1
17474,72.63222892,23.0289419,1,2,3,1,6,09:01,1,E09000033,6,0,6,30,0,-1,-1,0,0,0,1,1,1,0,0,1,1,E01004716,29-04-2018,1,1,2,2,38,7,3,0,0,1,0,-1,9,1
17475,72.51720368,23.01525107,1,1,1,1,6,16:07,1,E09000033,3,302,3,30,0,-1,-1,0,0,0,1,1,1,0,0,1,1,E01004690,01-04-2018,1,1,1,1,62,9,3,0,0,0,0,-1,1,1
17476,72.65036186,23.07767246,1,2,1,1,7,21:41,1,E09000033,3,4201,3,30,3,4,3,4201,0,0,4,1,1,0,0,1,1,E01004764,16-04-2018,1,1,3,2,23,5,3,4,1,0,0,-1,0,1
17477,72.62522057,23.03393671,1,2,2,4,5,11:45,12,E09000020,3,308,6,30,6,2,3,3220,0,5,1,1,1,0,0,1,1,E01002843,05-05-2018,2,1,1,1,48,8,3,0,0,0,0,-1,9,1
17478,72.65844803,22.99669046,1,3,1,1,3,13:34,3,E09000019,4,515,6,30,0,-1,-1,0,0,0,1,2,2,0,0,1,1,E01002792,26-04-2018,1,1,1,1,33,6,3,0,0,0,0,-1,9,1
17479,72.59528818,23.03717572,1,1,1,1,1,06:00,1,E09000033,5,0,6,30,0,-1,-1,0,0,0,1,1,1,0,0,1,1,E01004764,08-05-2018,1,1,1,1,25,5,3,0,0,0,0,-1,5,1
17480,72.60739194,23.02386099,1,2,2,1,5,05:26,1,E09000033,3,302,6,30,6,2,3,202,0,5,4,1,1,0,0,1,1,E01004748,14-04-2018,1,1,3,1,-1,-1,3,5,2,0,0,-1,0,-1
17481,72.63641189,23.0422019,1,2,1,1,2,02:05,2,E09000007,4,510,6,30,3,4,6,0,0,1,4,1,1,0,0,1,1,E01000969,21-03-2018,1,1,2,2,66,10,3,0,0,1,0,-1,9,1
17482,72.58127171,23.08370289,1,2,1,1,4,17:09,1,E09000033,6,0,2,30,0,-1,-1,0,0,0,1,1,1,0,0,1,1,E01004761,18-05-2018,1,1,1,1,44,7,3,0,0,0,0,-1,9,1
17483,72.55164517,23.04028023,1,2,3,1,2,15:34,1,E09000033,3,40,3,50,0,-1,-1,0,0,0,1,2,2,0,0,1,1,E01004685,16-05-2018,2,1,1,1,29,6,3,0,0,0,0,-1,5,1
17484,72.55533339,22.99029231,1,1,2,1,4,17:35,12,E09000020,5,0,6,30,6,2,3,4,0,5,1,1,1,0,0,1,1,E01002820,25-05-2018,2,1,1,1,53,8,3,0,0,0,0,-1,9,1
17485,72.61519268,23.09011875,1,3,2,2,6,19:30,1,E09000033,6,0,6,30,3,4,6,0,0,0,4,1,1,0,0,1,1,E01004721,06-05-2018,1,1,3,1,28,6,3,9,9,0,0,-1,0,-1
17486,72.62115805,23.0296049,1,2,1,1,5,23:40,2,E09000007,3,41,2,30,0,-1,-1,0,0,0,4,1,1,0,0,1,1,E01000963,26-05-2018,1,1,1,2,25,5,3,0,0,0,0,-1,9,-1
17487,72.61177431,22.96995801,1,3,2,1,6,22:10,2,E09000007,5,0,6,30,3,4,4,525,0,0,4,1,1,0,0,1,1,E01000967,27-05-2018,1,1,1,1,33,6,3,0,0,0,0,-1,9,1
17488,72.66551796,23.01679393,1,3,2,1,2,10:10,1,E09000033,3,4201,3,30,0,-1,-1,0,0,0,1,1,1,0,0,1,1,E01004764,09-05-2018,1,1,2,1,-1,-1,3,0,0,1,0,-1,9,1
17489,72.55821524,23.00592036,1,3,3,1,5,03:58,28,E09000005,4,413,6,30,7,4,5,0,0,4,4,1,1,0,0,1,1,E01004723,17-03-2018,1,1,1,2,30,6,3,0,0,0,0,-1,9,1
17490,72.61343836,23.08918378,1,2,2,1,3,00:12,2,E09000007,3,41,2,30,3,2,3,41,0,0,4,1,1,0,0,1,1,E01000963,24-05-2018,1,1,1,1,38,7,3,0,0,0,0,-1,9,1
17491,72.52718504,22.99824752,1,2,1,1,2,06:00,2,E09000007,3,41,6,30,3,2,6,0,0,5,1,1,1,0,0,1,1,E01000969,30-05-2018,1,1,1,2,42,7,2,0,0,0,0,-1,9,1
17492,72.65763308,23.0841487,1,3,1,1,4,09:53,2,E09000007,3,41,6,30,3,2,6,0,0,5,1,1,1,0,0,1,1,E01000960,01-06-2018,2,1,1,2,38,7,3,0,0,0,0,-1,5,1
17493,72.51007394,22.99383286,1,3,1,1,6,09:55,11,E09000013,6,0,6,30,6,4,6,0,0,0,1,1,1,0,0,1,1,E01001921,20-05-2018,2,1,1,1,36,7,3,0,0,0,0,-1,11,1
17494,72.52517174,22.9689172,1,3,2,3,1,17:09,1,E09000033,5,0,2,30,6,2,5,0,0,5,1,1,1,0,0,1,1,E01004713,22-05-2018,1,1,2,2,32,6,3,0,0,1,0,-1,9,-1
17495,72.51889306,23.06110082,1,3,2,1,4,03:10,2,E09000007,3,502,2,30,6,2,5,0,0,5,4,1,1,0,0,1,1,E01000863,25-05-2018,1,2,2,2,39,7,3,0,0,2,0,-1,9,1
17496,72.54461533,23.02165164,1,2,1,1,5,08:40,2,E09000007,4,509,6,30,3,4,6,0,0,0,1,1,1,0,0,1,1,E01000846,26-05-2018,1,1,2,1,25,5,2,0,0,0,3,-1,11,-1
17497,72.62917091,22.97279684,1,2,2,2,3,21:47,1,E09000033,5,0,6,30,3,4,6,0,0,0,1,1,1,0,0,1,1,E01002886,31-05-2018,1,1,1,1,36,7,3,0,0,0,0,-1,9,1
17498,72.5305665,22.98045743,1,3,1,1,1,10:24,1,E09000033,6,0,6,30,0,-1,-1,0,0,0,1,1,1,0,0,1,1,E01004725,15-05-2018,1,1,2,2,37,7,3,0,0,0,2,-1,11,-1
17499,72.60322297,23.02148308,1,2,1,1,1,21:01,2,E09000007,3,400,2,30,6,2,3,400,0,5,1,1,1,0,0,1,1,E01000854,29-05-2018,2,1,1,1,41,7,3,0,0,0,0,-1,9,1
17500,72.56397348,22.99051104,1,1,1,1,6,23:20,12,E09000020,3,4204,6,30,3,4,6,0,0,0,4,1,1,0,0,1,1,E01002826,10-06-2018,2,1,1,2,34,6,3,0,0,0,0,-1,9,1
17501,72.59505042,23.03478067,1,3,2,3,2,22:08,12,E09000020,6,0,2,30,3,4,6,0,0,0,4,1,1,0,0,1,1,E01002823,13-06-2018,1,1,1,1,28,6,3,0,0,0,0,-1,9,-1
17502,72.60925338,23.04398984,1,2,1,2,7,06:00,3,E09000019,3,1,6,30,3,4,6,0,0,4,1,1,1,4,2,1,1,E01002772,04-06-2018,1,2,2,1,17,4,3,0,0,1,0,-1,9,-1
17503,72.60463726,23.03400249,1,3,1,1,1,03:35,1,E09000033,4,507,6,30,6,2,3,5205,0,5,4,1,1,0,0,1,1,E01004728,29-05-2018,1,1,1,2,19,4,2,0,0,0,0,-1,9,1
17504,72.53330953,23.03256052,1,2,2,1,2,02:12,1,E09000033,3,5,3,30,6,2,5,0,0,5,4,1,1,0,0,1,1,E01004709,13-06-2018,1,2,2,2,18,4,3,0,0,1,0,-1,9,-1
17505,72.52259,23.05673349,1,3,3,1,6,17:04,3,E09000019,3,1,6,30,6,2,3,503,0,5,1,1,1,0,0,1,1,E01002767,25-03-2018,1,3,2,2,19,4,3,0,0,2,0,-1,9,1
17506,72.58798307,23.05331348,1,3,2,2,2,14:40,3,E09000019,3,1,6,30,3,2,3,104,0,0,1,1,1,0,0,1,1,E01002794,06-06-2018,2,4,2,2,62,9,2,0,0,1,0,-1,9,1
17507,72.54436844,23.00074341,1,3,2,1,6,11:50,1,E09000033,5,0,6,30,6,1,3,315,0,5,1,1,1,0,0,1,1,E01004689,24-06-2018,1,1,1,1,33,6,3,0,0,0,0,-1,5,1
17508,72.55993571,23.02893109,1,2,4,3,7,13:55,3,E09000019,3,1199,6,30,3,2,3,1201,0,5,1,1,1,0,0,1,1,E01002719,18-06-2018,1,1,1,1,26,6,3,0,0,0,0,-1,9,1
17509,72.56839525,23.08505082,1,2,1,1,4,22:40,1,E09000033,3,40,6,30,0,-1,-1,0,0,5,4,1,1,0,0,1,1,E01004764,15-06-2018,1,1,3,1,22,5,3,5,1,0,0,-1,0,-1
17510,72.6546914,23.0873549,1,3,2,1,2,17:30,1,E09000033,4,323,6,30,0,-1,-1,0,0,0,1,1,1,0,0,1,1,E01004736,27-06-2018,1,1,2,1,21,5,3,0,0,1,0,-1,9,1
17511,72.63002195,23.08592662,1,2,1,1,5,08:40,3,E09000019,6,0,6,30,8,4,6,0,1,0,1,1,2,0,0,1,1,E01002764,30-06-2018,1,2,2,1,19,4,3,0,0,2,0,-1,9,-1
17512,72.63074399,23.05748234,1,2,1,2,2,21:02,1,E09000033,3,501,3,40,6,2,3,41,0,5,1,1,1,0,0,1,1,E01004660,27-06-2018,1,3,2,1,21,5,3,0,0,2,0,-1,9,-1
17513,72.65797364,23.0891914,1,2,1,1,1,13:00,12,E09000020,6,0,6,30,0,-1,-1,0,0,0,1,1,1,0,0,1,1,E01002864,03-07-2018,1,1,3,2,64,9,3,5,9,0,0,-1,0,1
17514,72.65756042,23.04683482,1,2,2,1,4,01:42,1,E09000033,3,40,6,30,3,4,5,0,0,0,4,1,1,0,0,1,1,E01004656,22-06-2018,2,1,1,1,38,7,3,0,0,0,0,-1,2,-1
17515,72.60329595,23.03962615,1,3,3,1,7,18:38,1,E09000033,3,4202,3,30,6,2,5,0,0,5,1,1,1,0,0,1,1,E01004689,28-05-2018,1,1,3,1,36,7,3,5,3,0,0,-1,0,-1
17516,72.62797291,23.0812548,1,3,1,1,7,13:24,1,E09000033,3,401,6,30,6,1,3,400,0,0,1,1,1,0,0,1,1,E01004734,02-07-2018,1,1,2,2,-1,-1,3,0,0,0,4,-1,11,-1
17517,72.63628589,23.04968025,1,3,2,1,6,09:05,1,E09000033,3,3212,6,30,3,2,3,3212,0,5,1,1,1,0,0,1,1,E01004669,08-07-2018,1,1,1,1,54,8,2,0,0,0,0,-1,9,-1
17518,72.51190371,23.04164873,1,3,2,1,6,03:38,3,E09000019,3,1,6,30,3,2,3,104,0,5,4,1,1,0,0,1,1,E01002794,10-06-2018,1,1,1,1,42,7,3,0,0,0,0,-1,9,1
17519,72.65933413,23.0743372,1,3,2,1,3,17:50,3,E09000019,3,1,6,30,6,2,5,0,0,5,1,1,1,0,0,1,1,E01002790,28-06-2018,2,2,1,1,33,6,3,0,0,0,0,-1,20,1
17520,72.6631244,23.05134709,1,2,2,2,7,18:43,12,E09000020,4,450,6,30,6,4,6,0,0,0,1,1,1,0,0,1,1,E01002874,02-07-2018,1,1,1,1,48,8,3,0,0,0,0,-1,9,-1
17521,72.63431498,23.01412344,1,2,2,2,6,15:30,3,E09000019,3,501,3,30,3,4,3,501,0,0,1,1,1,0,0,1,1,E01002702,08-07-2018,1,1,1,1,16,4,3,0,0,0,0,-1,2,-1
17522,72.58713369,23.01052353,1,3,2,1,2,21:15,3,E09000019,3,5200,2,30,0,-1,-1,0,0,0,4,1,1,4,0,1,1,E01000869,27-06-2018,2,1,1,1,43,7,3,0,0,0,0,-1,9,1
17523,72.53289435,23.09274046,1,3,2,1,5,21:30,1,E09000033,3,402,6,30,3,4,6,0,0,0,4,1,1,0,0,1,1,E01004694,14-07-2018,1,1,1,1,35,6,2,0,0,0,0,-1,9,1
17524,72.64065605,23.03041691,1,2,1,1,5,09:39,3,E09000019,3,1,6,30,3,4,6,0,0,0,1,1,1,0,0,1,1,E01002794,14-07-2018,2,1,1,1,69,10,3,0,0,0,0,-1,9,-1
17525,72.60094242,23.03512223,1,1,1,1,6,15:00,12,E09000020,6,0,6,30,0,-1,-1,0,0,0,1,1,1,0,0,1,1,E01002875,15-07-2018,1,1,3,1,44,7,2,10,1,0,0,-1,0,-1
17526,72.56458628,23.04447627,1,2,2,1,2,21:04,2,E09000007,3,501,6,30,0,-1,-1,0,0,0,4,1,1,0,0,1,1,E01000852,20-06-2018,1,1,3,1,5,1,3,1,1,0,0,-1,0,1
17527,72.53350034,23.08999001,1,3,2,2,7,17:20,3,E09000019,3,103,6,30,3,4,3,103,0,1,1,1,2,0,0,1,1,E01002758,05-02-2018,1,1,3,2,47,8,3,10,3,0,0,-1,0,1
17528,72.53112951,22.97658892,1,3,2,1,7,12:05,1,E09000033,3,302,2,30,6,2,3,3214,0,5,1,1,1,0,0,1,1,E01004750,23-07-2018,2,1,1,1,-1,-1,3,0,0,0,0,-1,2,-1
17529,72.55574313,23.04047687,1,3,2,1,1,19:35,2,E09000007,3,5203,2,30,6,2,3,501,0,5,1,1,1,0,0,1,1,E01002711,17-07-2018,2,1,1,1,57,9,3,0,0,0,0,-1,9,-1
17530,72.6420056,23.08430062,1,3,2,1,4,11:55,1,E09000033,6,0,6,30,6,4,6,0,0,0,1,9,2,0,0,1,2,E01004732,27-07-2018,1,1,1,1,-1,-1,3,0,0,0,0,-1,9,-1
17531,72.56496163,22.98053061,1,3,1,2,6,23:21,1,E09000033,5,0,6,30,0,-1,-1,0,0,0,4,1,1,0,0,1,1,E01004736,15-07-2018,3,1,1,1,29,6,3,0,0,0,0,-1,2,1
17532,72.63381459,23.04451403,1,2,1,1,4,18:00,1,E09000033,3,41,6,30,6,2,6,0,0,5,1,1,1,0,0,1,1,E01004662,20-07-2018,1,1,1,1,24,5,2,0,0,0,0,-1,9,1
17533,72.55391699,23.03915284,1,3,2,1,3,21:00,2,E09000007,3,503,6,30,3,4,6,0,0,0,1,1,1,0,0,1,1,E01000865,19-07-2018,1,2,2,1,17,4,2,0,0,1,0,-1,9,1
17534,72.57092478,23.06481664,1,2,2,1,5,06:47,1,E09000033,3,40,3,50,0,-1,-1,0,0,0,1,2,2,0,0,1,1,E01004758,28-07-2018,2,3,1,1,17,4,3,0,0,0,0,-1,9,1
17535,72.66266711,23.05909129,1,3,2,1,2,10:20,2,E09000007,3,400,2,30,6,2,3,501,0,5,1,1,1,0,0,1,1,E01000946,04-07-2018,1,1,1,1,52,8,3,0,0,0,0,-1,3,1
17536,72.53551509,22.9753596,1,3,2,1,2,22:10,1,E09000033,3,4206,6,30,3,4,6,0,0,0,4,1,1,0,0,1,1,E01004699,25-07-2018,1,1,1,1,43,7,2,0,0,0,0,-1,9,1
17537,72.55412194,22.97922708,1,3,1,1,6,09:30,1,E09000033,3,40,6,30,3,4,5,0,0,0,1,1,1,0,0,1,1,E01004764,04-03-2018,2,2,1,1,-1,-1,3,0,0,0,0,-1,9,1
17538,72.60689516,23.0672359,1,2,1,1,6,23:57,1,E09000033,3,4,6,30,3,2,3,4,0,5,4,1,1,0,0,1,1,E01004736,15-07-2018,1,1,1,1,48,8,3,0,0,0,0,-1,9,-1