Accident_Index,longitude,latitude,Police_Force,Accident_Severity,Number_of_Vehicles,Number_of_Casualties,Day_of_Week,Time,Local_Authority_(District),Local_Authority_(Highway),1st_Road_Class,1st_Road_Number,Road_Type,Speed_limit,Junction_Detail,Junction_Control,2nd_Road_Class,2nd_Road_Number,Pedestrian_Crossing-Human_Control,Pedestrian_Crossing-Physical_Facilities,Light_Conditions,Weather_Conditions,Road_Surface_Conditions,Special_Conditions_at_Site,Carriageway_Hazards,Urban_or_Rural_Area,Did_Police_Officer_Attend_Scene_of_Accident,LSOA_of_Accident_Location,Date,Vehicle_Reference,Casualty_Reference,Casualty_Class,Sex_of_Casualty,Age_of_Casualty,Age_Band_of_Casualty,Casualty_Severity,Pedestrian_Location,Pedestrian_Movement,Car_Passenger,Bus_or_Coach_Passenger,Pedestrian_Road_Maintenance_Worker,Casualty_Type,Casualty_Home_Area_Type
17539,72.62046189,22.97156362,1,1,2,1,5,08:15,2,E09000007,3,5202,2,30,3,4,3,5202,0,0,1,1,1,0,0,1,1,E01000867,14-07-2018,1,1,1,2,33,6,2,0,0,0,0,-1,9,1
17540,72.56849027,23.07967429,1,3,3,1,2,16:17,2,E09000007,4,512,2,30,6,2,3,400,0,5,1,1,1,0,0,1,1,E01000952,08-08-2018,2,1,1,1,21,5,2,0,0,0,0,-1,3,1
17541,72.59597378,22.99996125,1,2,2,1,6,02:25,1,E09000033,4,506,6,30,6,4,6,0,0,0,4,1,1,0,0,1,1,E01004765,10-06-2018,1,1,3,2,4,1,3,5,1,0,0,-1,0,1
17542,72.63493211,23.07111983,1,2,1,1,5,08:39,2,E09000007,3,201,6,30,6,2,6,0,0,5,1,1,1,0,0,1,1,E01000916,21-07-2018,1,1,3,1,33,6,2,5,3,0,0,-1,0,1
17543,72.60676015,23.07611582,1,2,2,1,6,22:28,12,E09000020,4,314,6,30,0,-1,-1,0,0,0,4,1,1,0,0,1,1,E01002817,29-07-2018,1,1,2,2,26,6,3,0,0,2,0,-1,9,1
17544,72.65547715,23.02419908,1,3,2,1,2,16:55,1,E09000033,3,40,3,30,5,4,3,404,0,0,1,1,1,0,0,1,1,E01004757,11-07-2018,1,2,1,1,41,7,3,0,0,0,0,-1,9,1
17545,72.65470081,22.9824791,1,3,2,2,4,23:49,12,E09000020,6,0,6,30,3,4,6,0,0,0,4,1,1,0,0,1,1,E01002908,03-08-2018,1,1,1,1,43,7,3,0,0,0,0,-1,9,1
17546,72.55145895,22.9809331,1,3,3,1,5,19:55,3,E09000019,3,1,3,30,6,2,3,103,0,5,1,1,1,0,0,1,1,E01002761,04-08-2018,1,1,2,1,73,10,3,0,0,0,3,-1,11,-1
17547,72.52079909,23.01357631,1,3,2,1,2,12:02,9,E09000022,3,301,1,30,1,4,3,301,0,0,1,1,1,0,0,1,1,E01003016,27-06-2018,1,1,3,1,15,3,3,5,1,0,0,-1,0,-1
17548,72.60590912,23.01343088,1,3,2,1,2,11:00,1,E09000033,6,0,6,30,0,-1,-1,0,0,0,1,1,1,0,0,1,1,E01004731,01-08-2018,1,1,1,2,32,6,3,0,0,0,0,-1,9,1
17549,72.64235482,23.05011433,1,3,2,1,5,08:25,12,E09000020,3,4,3,30,3,4,4,319,0,0,1,1,1,0,0,1,1,E01002819,18-08-2018,2,1,1,1,54,8,3,0,0,0,0,-1,9,1
17550,72.55631157,23.04587376,1,2,1,1,3,12:00,1,E09000033,3,302,2,30,3,2,3,3217,0,5,1,1,1,4,0,1,1,E01004731,16-08-2018,2,1,1,2,22,5,3,0,0,0,0,-1,2,1
17551,72.64180249,23.0217038,1,3,2,1,5,22:40,3,E09000019,3,105,6,30,0,-1,-1,0,0,0,4,1,1,0,0,1,1,E01002741,18-08-2018,1,1,3,1,21,5,3,5,1,0,0,-1,0,-1
17552,72.50966128,23.05123461,1,3,2,1,3,18:00,2,E09000007,4,504,6,30,1,4,4,504,0,0,1,1,1,0,0,1,2,E01000855,28-06-2018,1,1,1,2,15,3,3,0,0,0,0,-1,1,1
17553,72.61998146,23.08821632,1,3,1,1,5,19:45,1,E09000033,3,40,6,30,6,2,6,0,0,5,1,1,1,0,0,1,1,E01004763,21-07-2018,1,1,1,1,36,7,3,0,0,0,0,-1,9,2
17554,72.6174834,23.08987694,1,3,2,1,5,21:32,3,E09000019,3,1,6,30,3,4,3,1,0,0,4,1,1,0,0,1,1,E01002790,14-07-2018,2,1,1,1,26,6,3,0,0,0,0,-1,9,1
17555,72.59818956,23.04834084,1,3,2,1,5,23:12,32,E09000010,6,0,6,30,3,4,6,0,0,0,4,1,1,0,0,1,1,E01001564,28-07-2018,1,1,3,2,40,7,2,5,1,0,0,-1,0,-1
17556,72.6251878,23.00666645,1,1,1,1,7,00:54,2,E09000007,3,400,6,30,6,4,3,400,0,0,4,1,1,0,0,1,1,E01000947,13-08-2018,1,1,1,2,51,8,3,0,0,0,0,-1,9,1
17557,72.64725189,22.98098254,1,2,2,3,6,02:30,3,E09000019,3,104,6,30,3,4,5,0,0,4,4,1,1,0,0,1,1,E01002720,26-08-2018,2,1,2,2,56,9,3,0,0,1,0,-1,9,1
17558,72.53968422,22.98976413,1,2,2,1,5,13:25,3,E09000019,3,503,6,30,6,2,3,1,0,5,1,1,1,0,0,1,1,E01002786,25-08-2018,1,1,1,2,42,7,3,0,0,0,0,-1,9,1
17559,72.56642703,23.00261736,1,2,1,1,3,10:30,2,E09000007,3,502,2,30,3,2,3,503,0,5,1,1,1,0,0,1,1,E01000863,23-08-2018,1,1,1,1,27,6,3,0,0,0,0,-1,9,1
17560,72.54690298,23.02522905,1,2,2,1,4,20:40,3,E09000019,3,104,6,30,3,4,6,0,0,0,4,1,1,0,0,1,1,E01002720,31-08-2018,2,1,1,1,28,6,2,0,0,0,0,-1,3,1
17561,72.65475693,23.0921852,1,1,2,1,6,17:28,12,E09000020,3,3220,6,30,8,4,6,0,0,0,1,1,1,0,0,1,1,E01002840,02-09-2018,1,1,1,1,52,8,3,0,0,0,0,-1,9,1
17562,72.54038244,22.97687661,1,2,1,1,7,00:26,1,E09000033,3,40,6,30,0,-1,-1,0,0,5,4,1,1,0,0,1,1,E01004763,03-09-2018,1,1,2,2,23,5,3,0,0,1,0,-1,9,1
17563,72.61158238,23.06565707,1,3,2,1,7,14:40,1,E09000033,3,202,6,30,3,4,5,0,0,0,1,1,1,0,0,1,1,E01004750,13-08-2018,2,2,1,2,29,6,3,0,0,0,0,-1,9,1
17564,72.54079115,23.07002501,1,3,2,1,5,20:40,5,E09000030,6,0,6,30,3,4,4,140,0,1,4,1,1,0,0,1,2,E01004242,28-07-2018,2,1,1,1,36,7,2,0,0,0,0,-1,1,1
17565,72.63119694,23.00036417,1,3,2,1,2,15:11,12,E09000020,3,402,6,30,0,-1,-1,0,0,0,1,8,2,0,0,1,1,E01002871,22-08-2018,1,1,2,2,63,9,3,0,0,0,3,-1,11,1
17566,72.64223698,23.03336103,1,3,1,1,5,00:30,1,E09000033,6,0,6,30,6,4,6,0,0,0,4,1,1,0,0,1,2,E01004672,18-08-2018,2,1,1,1,45,7,3,0,0,0,0,-1,5,2
17567,72.52508709,23.00649147,1,3,2,1,7,09:55,2,E09000007,3,41,6,30,6,2,3,41,0,5,1,1,1,0,0,1,1,E01000963,27-08-2018,1,1,3,1,19,4,3,9,5,0,0,-1,0,1
17568,72.61607229,22.98728809,1,2,1,1,6,14:44,1,E09000033,4,406,6,30,6,2,3,40,0,5,1,1,1,0,0,1,1,E01004764,09-09-2018,1,1,1,1,34,6,3,0,0,0,0,-1,9,1
17569,72.65196888,23.01846551,1,2,1,1,6,21:03,3,E09000019,3,1,6,30,6,2,3,503,0,5,4,1,1,0,0,1,1,E01002767,16-09-2018,1,1,2,2,79,11,3,0,0,0,4,-1,11,1
17570,72.55972399,22.97190336,1,3,2,2,3,09:00,12,E09000020,5,0,6,30,3,4,6,0,0,0,1,1,1,0,0,1,1,E01002820,13-09-2018,1,1,1,2,54,8,3,0,0,0,0,-1,9,-1
17571,72.58970836,23.04989777,1,2,1,1,5,03:41,1,E09000033,6,0,6,30,0,-1,-1,0,0,4,4,2,2,0,0,1,1,E01004736,07-07-2018,1,2,2,2,22,5,2,0,0,1,0,-1,9,1
17572,72.5616769,23.02874504,1,3,3,2,5,14:30,2,E09000007,6,0,2,30,3,4,6,0,0,0,1,1,1,0,0,1,1,E01000915,09-06-2018,1,3,2,2,22,5,3,0,0,2,0,-1,9,-1
17573,72.57055439,23.08563031,1,3,2,1,1,02:25,1,E09000033,3,4201,2,30,0,-1,-1,0,0,0,4,1,1,0,0,1,1,E01004736,21-08-2018,1,4,2,1,13,3,3,0,0,2,0,-1,9,1
17574,72.62531892,23.09300057,1,3,1,1,2,20:30,12,E09000020,4,450,1,30,1,4,6,0,0,0,1,1,1,0,6,1,1,E01002852,29-08-2018,2,5,2,1,50,8,3,0,0,1,0,-1,9,1
17575,72.65773724,23.02175685,1,2,2,1,6,14:10,1,E09000033,3,4202,6,30,7,2,3,40,0,0,1,1,1,0,0,1,1,E01004689,23-09-2018,1,1,1,1,23,5,2,0,0,0,0,-1,9,1
17576,72.61290824,22.97690321,1,2,2,1,4,19:21,2,E09000007,3,400,2,30,6,2,3,503,0,5,4,1,1,0,0,1,1,E01000856,21-09-2018,1,1,3,1,22,5,3,5,1,0,0,-1,0,1
17577,72.63111772,23.06389497,1,3,2,1,1,23:00,2,E09000007,6,0,6,30,3,4,6,0,0,0,4,1,1,0,0,1,1,E01000904,18-09-2018,1,1,3,1,38,7,3,4,3,0,0,-1,0,-1
17578,72.61604978,23.05008491,1,3,2,1,1,07:05,1,E09000033,3,40,6,30,6,2,3,4201,0,5,4,1,2,0,0,1,1,E01004764,18-09-2018,1,1,2,2,22,5,3,0,0,1,0,-1,9,1
17579,72.63528062,23.01243247,1,3,2,1,5,20:55,1,E09000033,3,5205,1,30,1,4,3,41,0,0,4,1,1,0,0,1,1,E01004725,08-09-2018,1,2,2,2,23,5,3,0,0,2,0,-1,9,1
17580,72.58996861,23.01961649,1,1,1,1,6,14:04,3,E09000019,3,1201,6,30,3,4,5,0,0,1,1,1,2,0,0,1,1,E01002775,30-09-2018,1,1,1,2,60,9,3,0,0,0,0,-1,9,1
17581,72.61495472,23.04909997,1,3,8,1,5,07:53,12,E09000020,3,3220,2,30,0,-1,-1,0,0,5,1,1,1,0,0,1,1,E01002849,29-09-2018,1,1,2,2,-1,-1,3,0,0,1,0,-1,9,1
17582,72.53811138,23.00707817,1,3,1,1,4,01:35,2,E09000007,6,0,6,30,6,4,6,0,0,0,4,1,1,0,0,1,1,E01000948,28-09-2018,2,2,1,2,20,4,3,0,0,0,0,-1,9,1
17583,72.53568282,23.07924403,1,3,2,1,5,11:57,1,E09000033,3,4201,3,30,3,4,3,4201,0,0,1,1,1,0,0,1,1,E01004765,18-08-2018,2,1,3,1,-1,-1,3,10,1,0,0,-1,0,-1
17584,72.54745363,22.97007521,1,3,2,1,5,19:43,2,E09000007,3,502,6,30,3,4,5,0,0,0,1,1,1,0,0,1,1,E01000843,06-10-2018,1,1,1,1,57,9,3,0,0,0,0,-1,3,1
17585,72.63313811,22.99679043,1,2,2,1,2,21:30,2,E09000007,5,0,6,30,6,4,5,0,0,0,1,1,1,0,0,1,1,E01000856,19-09-2018,1,1,2,2,77,11,3,0,0,0,4,-1,11,1
17586,72.60962408,22.99215639,1,1,3,3,5,01:49,12,E09000020,6,0,6,30,6,4,4,319,0,0,4,1,1,0,0,1,1,E01002863,06-10-2018,1,1,1,1,17,4,3,0,0,0,0,-1,3,1
17587,72.64641251,23.08325836,1,3,1,1,6,14:31,2,E09000007,6,0,2,30,6,4,6,0,0,0,1,1,1,0,0,1,1,E01000919,09-09-2018,1,1,1,2,42,7,3,0,0,0,0,-1,9,1
17588,72.64649652,23.04806315,1,2,1,1,3,13:16,1,E09000033,3,401,6,30,6,2,6,0,0,5,1,1,1,0,0,1,1,E01004763,04-10-2018,1,2,2,2,20,4,3,0,0,1,0,-1,9,1
17589,72.51547477,23.08841289,1,2,2,2,7,16:17,2,E09000007,3,40,6,30,3,2,3,5200,0,5,1,2,2,0,0,1,1,E01000914,01-10-2018,2,3,1,2,31,6,3,0,0,0,0,-1,9,1
17590,72.62716163,23.05978074,1,3,3,1,4,23:45,12,E09000020,4,450,6,30,3,4,6,0,0,1,4,1,1,0,0,1,1,E01002871,21-09-2018,1,1,1,1,37,7,3,0,0,0,0,-1,9,1
17591,72.56696181,23.02819023,1,3,3,6,1,21:10,1,E09000033,3,404,6,40,6,2,3,404,0,5,4,1,1,0,0,1,1,E01004758,02-10-2018,1,1,3,1,52,8,2,5,1,0,0,-1,0,3
17592,72.52063718,22.99335023,1,3,2,1,3,08:40,1,E09000033,6,0,6,30,8,4,6,0,0,0,1,1,1,0,0,1,1,E01004666,09-08-2018,1,1,3,1,9,2,3,5,4,0,0,-1,0,1
17593,72.63166541,23.00563786,1,3,2,1,5,19:10,2,E09000007,3,400,6,30,3,4,6,0,0,0,1,1,1,0,0,1,1,E01000950,06-10-2018,1,1,1,1,33,6,3,0,0,0,0,-1,11,1
17594,72.55318512,22.9701753,1,3,1,2,4,09:15,3,E09000019,3,1,6,30,3,2,4,515,0,5,1,1,1,0,0,1,1,E01002696,28-09-2018,2,2,1,2,20,4,3,0,0,0,0,-1,9,1
17595,72.59640442,23.08927639,1,2,2,3,3,21:10,12,E09000020,3,402,6,30,3,2,4,450,0,5,4,1,1,0,0,1,1,E01002871,04-10-2018,1,1,2,2,92,11,3,0,0,2,0,-1,8,1
17596,72.58782921,23.07788176,1,2,1,1,6,21:34,3,E09000019,5,0,6,30,3,4,3,1201,0,1,4,1,1,0,0,1,1,E01002752,07-10-2018,1,1,3,1,9,2,3,5,4,0,0,-1,0,1
17597,72.5407823,23.00802339,1,2,1,1,7,10:25,12,E09000020,6,0,6,30,3,4,6,0,0,0,1,1,1,0,0,1,1,E01002904,24-09-2018,2,1,2,2,34,6,3,0,0,1,0,-1,9,1
17598,72.65149435,23.00278808,1,2,1,3,7,06:40,1,E09000033,3,3212,6,30,0,-1,-1,0,0,0,1,1,1,0,0,1,1,E01004733,15-10-2018,2,1,1,1,25,5,3,0,0,0,0,-1,9,1
17599,72.6472784,23.02834303,1,1,1,1,5,19:34,12,E09000020,3,3216,6,30,0,-1,-1,0,0,0,4,1,1,0,0,1,1,E01004667,20-10-2018,1,1,1,2,45,7,3,0,0,0,0,-1,5,1
17600,72.55454307,23.0337089,1,2,1,1,3,11:30,3,E09000019,3,1,6,30,6,2,3,503,0,5,1,1,1,0,0,1,1,E01002731,25-10-2018,2,1,1,2,41,7,3,0,0,0,0,-1,9,1
17601,72.55524259,23.04617488,1,3,2,1,7,11:30,1,E09000033,3,4202,6,30,3,2,5,0,0,5,1,1,1,0,0,1,1,E01004689,22-10-2018,1,1,2,1,-1,-1,3,0,0,1,0,-1,9,1
17602,72.54032118,22.98772228,1,2,1,1,4,22:54,2,E09000007,3,501,6,30,6,2,3,4200,0,5,4,1,1,0,0,1,1,E01000945,26-10-2018,1,2,2,2,-1,-1,3,0,0,2,0,-1,9,1
17603,72.601311,23.08990649,1,3,2,1,7,23:15,1,E09000033,4,413,6,30,6,4,5,0,0,0,4,1,1,0,0,1,1,E01004708,10-09-2018,1,1,2,2,37,7,3,0,0,1,0,-1,9,-1
17604,72.56964171,23.03030824,1,1,1,1,4,10:29,28,E09000005,6,0,6,30,3,4,3,5,0,0,1,1,1,0,0,1,1,E01000931,26-10-2018,2,1,2,2,6,2,3,0,0,2,0,-1,9,1
17605,72.51930521,23.03186611,1,2,1,1,4,13:15,1,E09000033,3,4,6,30,0,-1,-1,0,0,0,1,1,2,0,0,1,1,E01004761,02-11-2018,1,1,3,1,2,1,3,1,1,0,0,-1,0,1
17606,72.6279467,23.01191059,1,2,1,2,7,01:06,1,E09000033,3,4,6,30,3,2,5,0,0,5,4,2,2,0,0,1,1,E01004761,29-10-2018,1,1,1,1,26,6,3,0,0,0,0,-1,3,1
17607,72.61401183,22.98603524,1,3,2,1,6,17:15,12,E09000020,4,450,6,30,6,4,6,0,0,0,1,1,1,0,0,1,1,E01002874,28-10-2018,1,1,3,2,26,6,3,5,1,0,0,-1,0,-1
17608,72.51116211,23.03440605,1,3,2,1,6,14:09,12,E09000020,3,3218,6,30,6,2,5,0,0,5,1,1,1,0,0,1,1,E01002898,28-10-2018,1,1,1,1,17,4,3,0,0,0,0,-1,3,1
17609,72.5960022,23.07529458,1,3,2,2,6,08:05,1,E09000033,5,0,6,30,6,4,6,0,0,0,1,1,1,0,0,1,1,E01004697,07-10-2018,1,1,2,2,82,11,3,0,0,0,4,-1,11,1
17610,72.62805875,23.01630166,1,2,1,1,5,15:55,1,E09000033,5,0,6,30,7,4,6,0,0,0,1,1,1,0,0,1,1,E01004764,22-09-2018,1,1,2,1,80,11,3,0,0,0,4,-1,11,1
17611,72.57931377,23.06070991,1,3,1,1,4,02:00,3,E09000019,6,0,6,30,0,-1,-1,0,0,0,4,2,2,4,0,1,1,E01002753,19-10-2018,1,1,1,1,34,6,3,0,0,0,0,-1,9,1
17612,72.62790125,22.98721088,1,3,2,1,3,14:12,1,E09000033,3,3214,6,30,3,2,6,0,0,5,1,1,1,0,0,1,1,E01004750,25-10-2018,1,1,3,2,24,5,3,1,1,0,0,-1,0,1
17613,72.61132865,23.00045871,1,3,2,1,2,11:50,1,E09000033,3,4,6,30,0,-1,-1,0,0,0,1,1,1,0,0,1,1,E01004736,17-10-2018,1,1,1,1,23,5,3,0,0,0,0,-1,9,1
17614,72.52103666,22.98808045,1,3,2,1,6,09:45,12,E09000020,3,3031,6,30,6,2,3,3212,0,5,1,1,1,0,0,1,1,E01002900,04-11-2018,1,2,2,1,-1,-1,3,0,0,1,0,-1,9,-1
17615,72.61667869,22.96949547,1,1,3,10,1,02:30,1,E09000033,3,4,6,30,0,-1,-1,0,0,0,4,1,1,0,0,1,1,E01004761,06-11-2018,1,3,2,2,-1,-1,3,0,0,2,0,-1,9,-1
17616,72.59309204,22.98387533,1,2,1,1,6,08:52,3,E09000019,6,0,6,30,6,4,6,0,0,0,1,1,1,0,0,1,1,E01002799,04-11-2018,2,1,1,1,34,6,3,0,0,0,0,-1,3,1
17617,72.55933676,22.9963179,1,2,1,1,4,07:10,1,E09000033,3,4209,6,30,9,4,3,4209,0,0,1,1,1,0,0,1,1,E01004682,26-10-2018,1,1,1,2,39,7,3,0,0,0,0,-1,9,1
17618,72.56088283,22.97545667,1,2,1,1,6,18:30,1,E09000033,3,4,2,30,6,2,3,4201,0,5,4,1,1,0,0,1,1,E01004736,28-10-2018,1,1,1,2,27,6,3,0,0,0,0,-1,9,1
17619,72.53213498,23.05830985,1,3,2,1,3,08:20,1,E09000033,5,0,2,30,3,4,6,0,0,0,1,1,1,5,0,1,1,E01004764,04-10-2018,1,1,3,1,-1,-1,3,6,9,0,0,-1,0,1
17620,72.51026417,23.02293251,1,3,2,2,3,11:00,3,E09000019,4,515,6,30,6,2,4,515,0,5,1,1,1,0,0,1,1,E01002699,04-10-2018,1,1,2,2,28,6,3,0,0,2,0,-1,9,1
17621,72.57428364,23.00434199,1,3,1,1,1,10:35,1,E09000033,3,3212,6,30,3,4,3,3212,0,5,1,1,2,6,0,1,1,E01004733,02-10-2018,1,2,2,1,12,3,3,0,0,1,0,-1,9,1
17622,72.6644444,23.0639021,1,3,2,1,5,00:50,1,E09000033,3,4,2,30,0,-1,-1,0,0,0,4,1,1,0,0,1,2,E01004761,06-10-2018,2,3,2,1,32,6,3,0,0,2,0,-1,9,1
17623,72.61363002,23.05559259,1,3,1,1,2,16:15,1,E09000033,4,402,2,30,3,4,6,0,0,0,1,1,1,0,0,1,1,E01004735,23-05-2018,1,1,2,2,77,11,3,0,0,0,3,-1,11,1
17624,72.59532952,23.03842816,1,2,2,1,7,11:05,2,E09000007,3,5202,6,30,3,2,6,0,0,5,1,1,1,0,0,1,1,E01000866,22-10-2018,2,1,1,2,51,8,3,0,0,0,0,-1,10,1
17625,72.54604945,23.04789348,1,2,1,1,3,21:52,31,E09000014,3,10,6,30,3,4,6,0,0,0,4,2,2,0,0,1,1,E01002055,08-11-2018,1,1,3,1,75,10,3,4,3,0,0,-1,0,-1
17626,72.5569925,23.07749425,1,1,2,1,3,09:15,3,E09000019,3,103,6,20,6,4,6,0,0,0,1,8,2,0,0,1,1,E01002755,15-11-2018,1,1,1,1,28,6,3,0,0,0,0,-1,4,1
17627,72.50840235,22.9847718,1,2,2,1,2,15:11,2,E09000007,3,5205,6,30,0,-1,-1,0,0,0,1,1,1,0,0,1,1,E01000860,14-11-2018,2,1,1,1,21,5,3,0,0,0,0,-1,1,1
17628,72.59011927,23.02449811,1,3,2,1,5,22:00,2,E09000007,3,501,3,30,6,2,5,0,0,5,4,1,1,0,0,1,1,E01000852,17-11-2018,1,1,1,1,16,4,3,0,0,0,0,-1,2,1
17629,72.64321748,23.03858226,1,2,2,1,2,08:30,2,E09000007,3,5200,6,30,0,-1,-1,0,0,0,1,1,1,0,0,1,1,E01000953,14-11-2018,1,1,1,1,48,8,3,0,0,0,0,-1,1,1
17630,72.5993685,23.08451789,1,3,2,1,5,15:00,12,E09000020,6,0,6,30,6,4,6,0,0,0,1,1,1,0,0,1,1,E01002813,13-10-2018,1,1,1,2,41,7,3,0,0,0,0,-1,9,1
17631,72.63574915,22.99416232,1,1,2,1,6,07:27,3,E09000019,3,5201,6,30,6,2,4,501,0,5,1,1,1,0,0,1,1,E01002724,18-11-2018,1,1,3,1,12,3,3,5,1,0,0,-1,0,1
17632,72.6103931,23.04262887,1,3,3,1,5,01:44,3,E09000019,6,0,6,30,6,4,6,0,0,0,4,1,1,0,0,1,1,E01002753,17-11-2018,1,1,3,1,45,7,2,5,1,0,0,-1,0,-1
17633,72.65488557,22.97137558,1,2,1,1,7,23:53,12,E09000020,3,4,3,40,6,2,3,3220,0,5,4,1,1,0,0,1,1,E01002814,19-11-2018,1,1,3,2,25,5,3,4,3,0,0,-1,0,1
17634,72.55326749,23.06061819,1,3,2,1,1,00:04,2,E09000007,3,401,6,30,6,2,3,5200,0,5,4,1,1,0,0,1,1,E01000914,30-10-2018,1,1,3,1,13,3,3,5,1,0,0,-1,0,1
17635,72.57292948,23.07414632,1,1,2,2,1,09:38,1,E09000033,3,5,6,30,3,2,3,40,0,5,1,1,1,0,0,1,1,E01004658,30-10-2018,1,1,1,2,26,6,3,0,0,0,0,-1,9,1
17636,72.59442175,23.05990272,1,2,1,1,2,12:13,2,E09000007,4,519,1,30,1,4,5,0,0,1,1,1,4,0,0,1,1,E01000913,21-11-2018,2,1,1,1,14,3,3,0,0,0,0,-1,1,1
17637,72.55508398,23.00571217,1,3,2,2,1,22:00,1,E09000033,3,401,6,30,6,2,3,400,0,5,4,1,2,0,0,1,1,E01004763,16-10-2018,1,1,3,1,27,6,3,9,9,0,0,-1,0,-1
17638,72.60577669,23.05260217,1,3,2,1,6,11:00,2,E09000007,3,400,2,30,6,2,5,0,0,5,1,1,1,0,0,1,1,E01000854,25-11-2018,1,1,3,2,37,7,3,1,1,0,0,-1,0,1
17639,72.59743282,23.08306127,1,3,2,1,1,18:37,2,E09000007,3,501,3,40,6,2,3,4200,0,5,1,1,1,0,0,1,1,E01000945,11-09-2018,1,1,3,1,28,6,3,5,1,0,0,-1,0,-1
17640,72.56159826,22.96743642,1,2,2,2,4,23:40,1,E09000033,3,5,6,30,3,4,6,0,0,0,4,2,2,0,0,1,1,E01004702,02-11-2018,1,1,1,1,67,10,3,0,0,0,0,-1,9,-1
17641,72.63839136,23.04290245,1,3,2,2,5,21:37,1,E09000033,3,4201,6,30,6,2,5,0,0,5,4,2,2,0,0,1,1,E01004764,10-11-2018,1,1,1,1,49,8,2,0,0,0,0,-1,9,1
17642,72.6378692,23.03536116,1,2,1,1,4,07:37,2,E09000007,3,4200,6,30,3,4,6,0,0,1,1,1,1,0,0,1,1,E01000852,23-11-2018,2,2,1,1,34,6,3,0,0,0,0,-1,9,1
17643,72.65147049,23.02426031,1,2,1,1,1,13:00,1,E09000033,3,4,2,30,3,2,6,0,0,5,1,1,1,0,0,1,1,E01004736,27-11-2018,1,1,2,2,45,7,3,0,0,0,4,-1,11,-1
17644,72.53263445,22.98091656,1,3,2,1,5,18:48,12,E09000020,5,0,6,30,3,4,6,0,0,0,4,2,2,0,0,1,1,E01002820,01-12-2018,2,1,1,1,16,4,2,0,0,0,0,-1,3,-1
17645,72.64761082,23.02193381,1,2,2,1,3,12:50,1,E09000033,3,5205,1,30,1,4,3,41,0,1,1,1,1,0,0,1,1,E01004725,06-12-2018,1,1,2,1,1,1,3,0,0,2,0,-1,9,1
17646,72.52916131,23.02481409,1,3,2,2,6,19:56,2,E09000007,4,512,6,30,6,2,3,400,0,5,4,1,1,0,0,1,1,E01000952,04-11-2018,1,1,1,2,33,6,3,0,0,0,0,-1,9,-1
17647,72.58699836,23.06597209,1,2,1,1,4,10:00,2,E09000007,3,501,3,30,0,-1,-1,0,0,5,1,1,1,0,0,1,1,E01000852,30-11-2018,1,1,1,1,29,6,3,0,0,0,0,-1,5,1
17648,72.61199994,22.97393914,1,3,2,1,5,13:30,1,E09000033,3,3217,6,30,3,2,3,302,0,5,1,1,2,0,0,1,1,E01004731,03-11-2018,1,1,1,1,39,7,3,0,0,0,0,-1,9,1
17649,72.54652786,23.09104419,1,1,1,1,5,20:35,31,E09000014,3,10,6,30,3,2,3,1055,0,5,4,2,2,0,0,1,1,E01002066,01-12-2018,1,1,2,2,-1,-1,3,0,0,1,0,-1,9,1
17650,72.60844068,23.05382007,1,1,1,1,5,02:00,12,E09000020,5,0,6,30,0,-1,-1,0,0,0,4,2,2,0,0,1,1,E01002821,01-12-2018,2,1,1,1,-1,-1,2,0,0,0,0,-1,5,1
17651,72.64398647,23.05207587,1,3,1,1,4,21:59,2,E09000007,5,0,6,30,3,4,6,0,0,0,4,2,2,0,0,1,1,E01000912,07-12-2018,1,1,1,1,18,4,3,0,0,0,0,-1,9,1
17652,72.51192971,22.97005122,1,3,2,1,3,12:57,1,E09000033,3,3214,6,30,0,-1,-1,0,0,5,1,1,1,0,0,1,1,E01004750,22-11-2018,1,1,1,1,22,5,3,0,0,0,0,-1,1,1
17653,72.6396747,23.0164672,1,1,1,1,4,12:30,1,E09000033,6,0,6,30,3,4,6,0,0,0,1,1,1,0,0,1,1,E01004672,30-11-2018,2,1,1,1,45,7,3,0,0,0,0,-1,19,-1
17654,72.65463601,23.07923407,1,2,1,1,3,08:57,1,E09000033,3,3214,6,30,6,2,4,313,0,5,1,1,1,0,0,1,1,E01004666,13-12-2018,1,1,2,2,52,8,3,0,0,0,3,-1,11,-1
17655,72.50858721,23.00094814,1,2,1,1,4,00:45,1,E09000033,3,40,6,30,6,2,3,40,0,5,4,1,1,0,0,1,1,E01004764,14-12-2018,2,1,1,1,48,8,3,0,0,0,0,-1,9,-1
17656,72.52154277,22.99281183,1,3,1,1,5,16:30,3,E09000019,5,0,6,30,6,2,6,0,0,5,4,2,2,0,0,1,1,E01002695,01-12-2018,1,1,1,1,21,5,3,0,0,0,0,-1,9,1
17657,72.65682912,23.05528613,1,2,1,1,7,00:25,2,E09000007,3,501,3,30,6,2,3,5203,0,5,6,1,1,0,0,1,1,E01000938,17-12-2018,2,2,2,2,83,11,3,0,0,1,0,-1,8,-1
17658,72.63736405,23.07161137,1,2,1,1,4,18:15,2,E09000007,3,503,6,30,3,4,6,0,0,0,4,1,1,0,0,1,1,E01000856,21-12-2018,1,1,1,2,24,5,3,0,0,0,0,-1,9,1
17659,72.53138244,23.02878308,1,2,1,1,6,08:40,3,E09000019,4,515,6,30,6,2,5,0,0,5,1,1,2,0,0,1,1,E01002761,16-12-2018,1,1,3,2,13,3,2,5,3,0,0,-1,0,1