Accident_Index,longitude,latitude,Police_Force,Accident_Severity,Number_of_Vehicles,Number_of_Casualties,Day_of_Week,Time,Local_Authority_(District),Local_Authority_(Highway),1st_Road_Class,1st_Road_Number,Road_Type,Speed_limit,Junction_Detail,Junction_Control,2nd_Road_Class,2nd_Road_Number,Pedestrian_Crossing-Human_Control,Pedestrian_Crossing-Physical_Facilities,Light_Conditions,Weather_Conditions,Road_Surface_Conditions,Special_Conditions_at_Site,Carriageway_Hazards,Urban_or_Rural_Area,Did_Police_Officer_Attend_Scene_of_Accident,LSOA_of_Accident_Location,Date,Vehicle_Reference,Casualty_Reference,Casualty_Class,Sex_of_Casualty,Age_of_Casualty,Age_Band_of_Casualty,Casualty_Severity,Pedestrian_Location,Pedestrian_Movement,Car_Passenger,Bus_or_Coach_Passenger,Pedestrian_Road_Maintenance_Worker,Casualty_Type,Casualty_Home_Area_Type
17660,72.58120513,23.06054333,1,3,1,1,7,23:35,1,E09000033,5,0,6,30,3,4,6,0,0,0,4,1,1,0,0,1,1,E01004764,03-12-2018,1,1,1,1,22,5,3,0,0,0,0,-1,9,-1
17661,72.57909976,23.00931693,1,2,1,1,5,03:33,1,E09000033,3,40,3,40,0,-1,-1,0,0,0,4,2,2,0,0,1,1,E01004702,08-12-2018,2,2,1,1,40,7,2,0,0,0,0,-1,9,1
17662,72.64812312,23.02078724,1,2,1,1,5,19:30,1,E09000033,3,4,2,30,0,-1,-1,0,0,0,4,1,1,0,0,1,1,E01004735,29-12-2018,2,1,1,1,36,7,2,0,0,0,0,-1,5,1
17663,72.63397648,23.04995657,1,1,1,2,2,00:18,1,E09000033,3,404,6,30,7,2,4,411,0,5,4,1,1,0,0,1,1,E01004757,26-12-2018,1,1,2,2,15,3,3,0,0,1,0,-1,9,1
17664,72.55919679,23.00233369,1,1,2,1,6,17:15,4,E09000012,3,107,6,30,0,-1,-1,0,0,1,4,2,2,0,0,1,1,E01001808,02-12-2018,1,1,1,1,31,6,3,0,0,0,0,-1,4,1
17665,72.57643231,22.99511624,1,1,1,1,5,20:45,4,E09000012,6,0,6,30,0,-1,-1,0,0,0,4,1,1,0,0,1,1,E01001758,15-12-2018,2,1,1,1,37,7,2,0,0,0,0,-1,1,-1
17666,72.6169287,22.98278906,1,3,2,1,4,17:10,2,E09000007,3,503,6,30,3,4,6,0,0,0,4,1,4,0,0,1,1,E01000867,28-12-2018,1,1,1,2,24,5,3,0,0,0,0,-1,9,1
17667,72.54084609,23.07988922,1,1,1,2,3,08:31,1,E09000033,4,413,6,30,3,4,6,0,1,8,1,1,2,0,0,1,1,E01004675,29-11-2018,1,1,1,1,-1,-1,3,0,0,0,0,-1,9,1
17668,72.52620633,23.00877425,1,2,2,1,5,21:29,2,E09000007,6,0,6,30,3,4,6,0,0,0,4,1,1,0,0,1,1,E01000880,22-12-2018,1,2,2,2,-1,-1,3,0,0,1,0,-1,9,1
17669,72.51246522,23.07045017,1,3,1,1,7,01:40,17,E09000025,6,0,6,30,0,-1,-1,0,0,0,4,1,1,0,0,1,1,E01003542,05-11-2018,1,1,1,2,36,7,3,0,0,0,0,-1,9,1
17670,72.63256849,23.02605624,1,1,2,1,3,20:26,12,E09000020,3,4,3,30,6,4,4,314,0,4,4,1,1,0,0,1,1,E01002851,13-12-2018,1,2,1,1,25,5,3,0,0,0,0,-1,9,1
17671,72.6283585,23.01488926,1,2,2,1,5,23:50,30,E09000003,4,552,6,30,0,-1,-1,0,0,0,4,1,2,0,0,1,1,E01000243,06-01-2018,1,3,2,1,-1,-1,3,0,0,1,0,-1,9,1
17672,72.55442846,22.99470396,1,2,1,1,7,04:47,30,E09000003,4,550,6,30,0,-1,-1,0,0,0,4,2,2,0,0,1,1,E01000159,08-01-2018,2,1,1,2,38,7,3,0,0,0,0,-1,9,1
17673,72.6027398,23.04501065,1,3,2,1,4,12:10,26,E09000017,4,467,6,30,3,4,6,0,0,0,1,1,1,0,0,1,1,E01002514,12-01-2018,1,1,3,1,71,10,3,5,1,0,0,-1,0,-1
17674,72.61909804,23.04842313,1,3,2,1,7,17:25,27,E09000009,3,4020,6,30,0,-1,-1,0,0,0,4,2,2,0,0,1,1,E01001381,01-01-2018,2,1,1,2,42,7,3,0,0,0,0,-1,1,1
17675,72.55081206,23.05725424,1,1,2,4,5,22:10,28,E09000005,3,404,6,30,3,4,6,0,0,5,4,1,1,0,0,1,1,E01000531,13-01-2018,1,1,3,1,44,7,3,5,1,0,0,-1,0,1
17676,72.55838998,22.97302981,1,3,2,1,7,16:52,30,E09000003,5,0,2,30,2,4,6,0,0,0,4,1,1,0,0,1,1,E01000175,08-01-2018,1,1,3,2,44,7,3,5,3,0,0,-1,0,1
17677,72.58150267,23.05084753,1,3,2,2,1,20:30,30,E09000003,3,411,6,30,3,4,6,0,0,0,4,1,1,0,0,1,1,E01000248,02-01-2018,1,2,3,2,11,3,3,5,3,0,0,-1,0,-1
17678,72.56072158,23.09210741,1,3,2,2,7,13:14,29,E09000015,5,0,6,30,3,4,6,0,0,0,1,1,1,0,0,1,1,E01002218,08-01-2018,1,1,1,1,22,5,3,0,0,0,0,-1,9,1
17679,72.5702651,23.03410505,1,3,2,1,2,18:05,30,E09000003,3,406,2,30,5,4,3,41,0,0,4,2,2,0,0,1,1,E01000221,17-01-2018,1,1,3,2,69,10,3,1,1,0,0,-1,0,1
17680,72.64674018,23.00121106,1,3,2,1,5,11:51,2,E09000007,3,5200,6,30,6,2,3,401,0,0,1,1,1,0,0,1,1,E01000914,06-01-2018,1,1,1,1,-1,-1,3,0,0,0,0,-1,9,1
17681,72.63779462,23.00374789,1,2,2,1,3,17:40,29,E09000015,3,410,1,30,1,4,3,410,0,8,4,2,2,0,0,1,1,E01002227,11-01-2018,2,1,1,2,30,6,2,0,0,0,0,-1,5,1
17682,72.6332593,23.09172363,1,3,2,9,6,22:50,29,E09000015,3,4090,3,40,0,-1,-1,0,0,0,4,1,1,0,0,1,1,E01002155,14-01-2018,1,1,1,1,27,6,3,0,0,0,0,-1,9,1
17683,72.53790545,22.98949401,1,3,1,1,5,12:30,28,E09000005,6,0,6,30,0,-1,-1,0,0,0,1,1,1,0,0,1,1,E01000472,13-01-2018,1,1,1,1,54,8,3,0,0,0,0,-1,9,1
17684,72.62885102,23.04137021,1,2,1,1,1,18:20,27,E09000009,3,4090,6,30,0,-1,-1,0,0,0,4,2,2,0,0,1,1,E01001313,09-01-2018,1,1,3,2,24,5,3,5,1,0,0,-1,0,1
17685,72.6225992,22.98431349,1,2,1,1,7,02:28,30,E09000003,3,41,3,40,6,2,3,407,0,0,4,1,1,0,0,1,1,E01000139,15-01-2018,1,1,2,1,18,4,3,0,0,0,0,-1,5,1
17686,72.58855029,23.06271383,1,3,2,1,2,19:35,30,E09000003,6,0,6,30,6,4,6,0,0,0,4,1,2,0,0,1,1,E01000277,10-01-2018,1,2,1,1,37,7,3,0,0,0,0,-1,5,1
17687,72.58048627,23.06522278,1,3,1,1,6,08:36,2,E09000007,3,503,6,30,0,-1,-1,0,0,4,1,1,1,0,0,1,1,E01000865,07-01-2018,1,1,1,1,38,7,3,0,0,0,0,-1,9,1
17688,72.60395349,23.03371394,1,3,2,1,2,13:45,26,E09000017,3,40,3,60,0,-1,-1,0,0,0,1,1,1,0,0,1,1,E01002499,10-01-2018,1,1,1,1,22,5,3,0,0,0,0,-1,3,1
17689,72.62337718,23.0271546,1,3,2,1,4,20:00,29,E09000015,3,4140,6,30,3,4,6,0,0,0,4,1,2,0,0,1,1,E01002109,05-01-2018,1,1,1,2,22,5,3,0,0,0,0,-1,9,1
17690,72.6199811,23.08664375,1,3,2,1,6,08:45,26,E09000017,3,4180,6,30,6,2,5,0,0,5,1,1,1,0,0,1,1,E01002535,14-01-2018,1,1,1,1,51,8,3,0,0,0,0,-1,5,1
17691,72.50912701,23.04739583,1,3,2,1,6,19:03,28,E09000005,3,4088,6,30,5,4,3,406,0,0,4,1,1,0,0,1,1,E01000627,14-01-2018,1,1,3,2,28,6,3,5,1,0,0,-1,0,1
17692,72.51356259,23.00324305,1,2,2,2,5,19:25,26,E09000017,5,0,6,40,3,4,6,0,0,0,4,1,1,0,0,1,1,E01002540,20-01-2018,2,1,2,2,30,6,3,0,0,1,0,-1,9,1
17693,72.63226137,23.07352132,1,3,2,2,7,18:58,30,E09000003,3,41,3,30,3,4,6,0,0,0,4,1,1,0,0,1,1,E01000138,08-01-2018,1,1,1,2,39,7,3,0,0,0,0,-1,9,1
17694,72.55387106,22.99908713,1,3,2,1,1,17:00,30,E09000003,3,41,3,40,0,-1,-1,0,0,0,4,1,1,0,0,1,1,E01000138,16-01-2018,1,1,3,1,43,7,3,6,9,0,0,-1,0,1
17695,72.51857005,23.08458392,1,3,2,1,3,16:10,30,E09000003,3,1,1,30,1,4,3,1,0,0,4,2,2,0,0,1,1,E01000253,11-01-2018,1,1,1,2,39,7,3,0,0,0,0,-1,9,1
17696,72.61481523,23.03594923,1,3,2,1,5,11:10,26,E09000017,3,312,3,50,0,-1,-1,0,0,0,1,1,1,0,0,1,1,E01002540,06-01-2018,1,1,1,2,33,6,3,0,0,0,0,-1,9,1
17697,72.62091998,23.03519564,1,3,3,2,1,22:38,27,E09000009,3,4127,6,30,3,2,6,0,0,5,4,1,1,0,0,1,1,E01001340,16-01-2018,1,1,1,1,17,4,3,0,0,0,0,-1,2,1
17698,72.60765266,23.08202404,1,3,3,1,5,12:50,28,E09000005,3,4089,6,30,3,4,6,0,0,0,1,1,1,0,0,1,1,E01000482,13-01-2018,1,1,1,2,22,5,3,0,0,0,0,-1,9,3
17699,72.53756792,23.01217256,1,3,2,1,1,23:19,29,E09000015,5,0,6,30,6,4,5,0,0,0,4,1,1,0,0,1,1,E01002136,23-01-2018,1,1,2,2,40,7,3,0,0,0,2,-1,11,1
17700,72.6262451,23.03227249,1,3,2,1,4,08:25,30,E09000003,3,41,3,30,0,-1,-1,0,0,0,1,1,1,0,0,2,1,E01000188,19-01-2018,1,1,2,2,81,11,3,0,0,2,0,-1,9,1
17701,72.57409989,23.08210307,1,3,3,2,3,17:20,26,E09000017,5,0,6,60,0,-1,-1,0,0,0,4,2,2,0,0,1,1,E01002486,11-01-2018,1,1,1,1,21,5,3,0,0,0,0,-1,3,-1
17702,72.55501797,23.0920419,1,3,2,1,3,08:40,26,E09000017,3,40,3,70,0,-1,-1,0,0,0,1,1,2,0,0,2,1,E01002512,18-01-2018,1,1,1,1,19,4,3,0,0,0,0,-1,9,-1
17703,72.58153077,22.98682009,1,3,2,2,2,15:10,26,E09000017,3,4180,6,40,3,4,4,455,0,0,1,2,2,0,0,1,1,E01001325,10-01-2018,1,1,1,1,43,7,3,0,0,0,0,-1,9,1
17704,72.52609712,23.0871247,1,2,1,1,2,18:10,27,E09000009,5,0,6,30,0,-1,-1,0,0,0,4,1,2,0,0,1,1,E01001343,24-01-2018,1,1,1,2,27,6,3,0,0,0,0,-1,9,1
17705,72.50821995,23.06989563,1,2,1,1,1,18:15,28,E09000005,3,404,6,30,3,2,6,0,0,5,4,1,1,0,0,1,1,E01000636,23-01-2018,1,1,3,2,29,6,3,5,1,0,0,-1,0,1
17706,72.5745325,23.08267313,1,2,1,2,7,04:15,26,E09000017,6,0,6,30,0,-1,-1,0,0,0,6,1,2,0,0,1,1,E01002448,22-01-2018,1,1,2,2,23,5,3,0,0,1,0,-1,9,-1
17707,72.65003402,23.02631931,1,3,1,1,6,16:20,28,E09000005,3,4006,3,30,3,4,6,0,0,0,4,1,1,0,0,1,1,E01000536,21-01-2018,1,1,2,2,43,7,3,0,0,1,0,-1,9,1
17708,72.65219022,23.06410275,1,3,2,1,3,15:10,30,E09000003,3,5109,6,30,6,4,3,5109,0,1,1,1,1,0,0,1,1,E01000280,25-01-2018,2,1,1,2,40,7,3,0,0,0,0,-1,9,1
17709,72.51267403,23.07846004,1,3,1,1,2,02:50,30,E09000003,3,5,3,30,5,4,3,406,0,0,4,1,1,0,0,1,1,E01000223,24-01-2018,2,2,2,1,10,2,3,0,0,1,0,-1,9,1
17710,72.58350051,23.0685617,1,3,1,4,1,09:36,25,E09000018,3,4,3,40,3,3,3,3006,0,0,1,1,2,0,0,1,1,E01002587,30-01-2018,2,3,2,2,7,2,3,0,0,2,0,-1,9,1
17711,72.55830215,23.09277263,1,3,1,1,6,17:22,2,E09000007,3,401,6,30,0,-1,-1,0,0,1,1,1,1,0,0,1,1,E01000917,07-01-2018,2,4,2,2,4,1,3,0,0,2,0,-1,9,1
17712,72.53193678,23.05421351,1,3,2,1,2,07:48,26,E09000017,3,4180,3,30,1,4,3,40,0,0,1,1,2,0,0,1,1,E01002499,17-01-2018,2,1,1,1,16,4,3,0,0,0,0,-1,2,1
17713,72.621756,23.05045643,1,3,1,1,3,19:19,27,E09000009,4,4491,6,30,3,4,4,455,0,0,1,1,1,0,0,1,1,E01001301,18-01-2018,1,1,1,2,39,7,3,0,0,0,0,-1,9,1
17714,72.52430013,22.98804192,1,2,3,3,7,21:06,27,E09000009,3,40,3,40,0,-1,-1,0,0,0,4,1,1,0,0,1,1,E01001348,22-01-2018,1,1,3,1,14,3,3,5,1,0,0,-1,0,1
17715,72.60514646,22.99083561,1,3,3,3,3,18:34,26,E09000017,3,4,3,50,5,4,6,0,0,0,4,1,2,0,0,2,1,E01002444,25-01-2018,1,1,1,1,39,7,3,0,0,0,0,-1,4,-1
17716,72.59774072,23.07882861,1,3,2,1,3,08:02,2,E09000007,4,509,6,30,6,2,6,0,0,0,1,1,2,0,0,1,1,E01000963,25-01-2018,1,1,1,2,30,6,3,0,0,0,0,-1,3,-1
17717,72.66475847,23.01814181,1,3,2,1,7,11:42,2,E09000007,3,501,6,30,6,2,5,0,0,5,1,1,1,0,0,1,1,E01000942,01-01-2018,1,1,3,1,12,3,3,5,2,0,0,-1,0,1
17718,72.60965166,22.99277839,1,3,2,3,5,20:04,27,E09000009,3,40,3,70,0,-1,-1,0,0,0,4,2,2,0,0,1,1,E01001321,27-01-2018,2,1,1,1,50,8,3,0,0,0,0,-1,19,1
17719,72.65373081,22.97193888,1,3,2,1,3,15:36,3,E09000019,6,0,3,30,3,4,3,501,0,0,1,2,2,0,0,1,1,E01001778,11-01-2018,1,1,3,1,23,5,3,1,3,0,0,-1,0,-1
17720,72.58251649,23.03085176,1,3,1,2,6,16:50,2,E09000007,3,41,3,30,3,4,5,0,0,4,4,1,1,0,0,1,1,E01000960,14-01-2018,1,1,1,1,-1,-1,3,0,0,0,0,-1,1,1
17721,72.64206024,23.04644471,1,3,2,1,1,04:09,27,E09000009,6,0,6,30,0,-1,-1,0,0,0,4,1,1,0,0,1,1,E01001349,16-01-2018,1,1,1,2,22,5,3,0,0,0,0,-1,9,1
17722,72.59531582,23.07372502,1,3,2,1,5,15:40,30,E09000003,5,0,1,30,1,4,6,0,0,0,1,1,1,0,0,1,1,E01000152,20-01-2018,1,1,3,1,48,8,3,9,9,0,0,-1,0,1
17723,72.53755139,22.97820426,1,3,2,2,7,13:55,27,E09000009,3,40,3,50,0,-1,-1,0,0,0,1,1,1,0,0,1,1,E01001349,22-01-2018,1,1,2,2,77,11,3,0,0,0,1,-1,11,1
17724,72.51969179,22.97308212,1,3,5,2,2,19:35,30,E09000003,3,406,3,40,6,2,3,598,0,5,4,2,2,2,0,1,1,E01000203,24-01-2018,1,1,1,1,41,7,3,0,0,0,0,-1,5,-1
17725,72.62954737,23.00986803,1,3,1,2,6,07:05,28,E09000005,3,404,6,30,3,4,6,0,0,0,4,2,2,0,0,1,1,E01000620,28-01-2018,1,1,1,2,25,5,3,0,0,0,0,-1,5,1
17726,72.54899553,22.97868176,1,3,2,1,2,21:00,29,E09000015,3,410,3,30,7,2,3,4140,0,5,4,8,2,0,0,1,1,E01002226,24-01-2018,1,1,1,1,37,7,3,0,0,0,0,-1,4,1
17727,72.57255944,23.07026249,1,3,2,1,5,17:10,11,E09000013,3,4020,3,30,6,2,5,0,0,0,4,2,2,0,0,1,1,E01001243,27-01-2018,1,1,1,1,16,4,3,0,0,0,0,-1,5,1
17728,72.55155343,23.01931813,1,3,2,2,4,17:00,2,E09000007,5,0,2,30,6,4,3,400,0,5,1,1,2,0,0,1,1,E01000959,19-01-2018,2,1,1,1,16,4,3,0,0,0,0,-1,2,1
17729,72.58088948,23.02477674,1,3,2,1,3,19:20,30,E09000003,3,406,3,40,6,2,3,502,0,5,4,2,2,0,0,1,1,E01000311,25-01-2018,2,1,1,1,-1,-1,3,0,0,0,0,-1,5,-1
17730,72.52945929,22.99048314,1,3,3,1,6,08:05,30,E09000003,3,5,3,30,3,2,3,5,0,5,1,1,1,0,0,1,1,E01000305,14-01-2018,2,1,1,2,29,6,3,0,0,0,0,-1,9,1
17731,72.6640885,22.99402132,1,3,2,2,7,12:22,29,E09000015,5,0,6,30,3,4,6,0,0,0,1,1,2,0,0,1,1,E01002141,29-01-2018,1,1,3,2,36,7,3,1,1,0,0,-1,0,1
17732,72.55311321,23.01381122,1,3,2,1,3,09:50,1,E09000033,5,0,6,30,0,-1,-1,0,0,0,1,1,1,0,0,1,1,E01004710,25-01-2018,1,1,2,2,17,4,3,0,0,1,0,-1,9,1
17733,72.60464122,22.99365177,1,3,2,2,1,15:40,30,E09000003,6,0,9,30,3,4,6,0,0,0,1,1,2,0,0,1,1,E01000171,30-01-2018,1,1,3,2,56,9,3,9,5,0,0,-1,0,1
17734,72.64992814,23.04399195,1,3,2,2,4,08:40,30,E09000003,3,406,3,50,0,-1,-1,0,0,0,1,1,1,0,0,1,1,E01000223,26-01-2018,1,1,3,2,12,3,3,1,1,0,0,-1,0,1
17735,72.57819333,23.05315052,1,3,2,1,3,18:10,28,E09000005,3,406,3,30,8,2,3,406,0,5,4,1,1,0,0,1,1,E01000498,18-01-2018,1,1,3,2,81,11,2,5,1,0,0,-1,0,-1
17736,72.61964697,23.00719757,1,3,3,1,4,11:45,28,E09000005,6,0,6,30,0,-1,-1,0,0,0,1,1,1,0,0,1,1,E01000499,26-01-2018,2,1,1,1,-1,-1,3,0,0,0,0,-1,2,-1
17737,72.62322217,23.02094279,1,2,1,1,1,05:30,28,E09000005,3,404,6,30,0,-1,-1,0,0,0,4,1,2,0,0,1,1,E01000597,06-02-2018,1,1,1,1,41,7,3,0,0,0,0,-1,9,1
17738,72.63395393,22.97130538,1,3,3,2,2,19:00,30,E09000003,6,0,6,30,0,-1,-1,0,0,0,4,1,2,0,0,1,1,E01000267,07-02-2018,1,2,2,1,4,1,3,0,0,1,0,-1,9,-1
17739,72.56009832,22.97822837,1,2,2,1,5,22:30,27,E09000009,3,40,3,30,0,-1,-1,0,0,0,4,1,1,4,0,1,1,E01001347,03-02-2018,1,1,1,1,34,6,3,0,0,0,0,-1,4,1
17740,72.52351654,23.04659362,1,2,2,1,1,01:41,29,E09000015,3,312,3,30,3,4,6,0,0,0,4,1,2,0,0,1,1,E01002219,02-01-2018,1,1,3,1,47,8,3,5,1,0,0,-1,0,-1
17741,72.64968051,23.04719588,1,3,3,2,5,18:54,29,E09000015,3,312,6,30,0,-1,-1,0,0,0,4,1,1,0,0,1,1,E01002132,20-01-2018,1,2,2,2,24,5,3,0,0,1,0,-1,9,1
17742,72.60866565,23.08454544,1,3,1,3,5,14:40,30,E09000003,6,0,6,30,3,4,3,5150,0,0,1,1,2,0,0,1,1,E01000147,27-01-2018,2,1,1,1,27,6,3,0,0,0,0,-1,9,1
17743,72.57909279,23.09136607,1,3,1,3,7,03:40,27,E09000009,3,40,3,50,5,4,6,0,0,0,4,2,2,0,0,1,1,E01001348,29-01-2018,1,1,1,2,31,6,3,0,0,0,0,-1,9,1
17744,72.62387414,23.09301011,1,3,2,1,6,09:05,27,E09000009,3,312,1,30,1,4,3,312,0,0,1,1,1,0,0,1,1,E01001328,28-01-2018,1,1,1,2,28,6,3,0,0,0,0,-1,9,1
17745,72.64019099,22.99260211,1,3,2,1,4,19:19,30,E09000003,3,41,3,40,6,2,5,0,0,5,4,1,1,0,0,1,1,E01000310,19-01-2018,1,1,1,1,44,7,2,0,0,0,0,-1,5,1
17746,72.57797746,23.06905183,1,3,2,2,1,22:54,30,E09000003,3,5,6,30,0,-1,-1,0,0,0,4,2,2,0,0,1,1,E01000516,13-02-2018,1,1,1,1,40,7,3,0,0,0,0,-1,9,1
17747,72.52554604,23.02536523,1,3,1,1,3,15:39,30,E09000003,3,1000,3,30,3,4,3,1000,0,0,1,1,1,0,0,1,1,E01000299,25-01-2018,2,1,1,2,32,6,3,0,0,0,0,-1,5,1
17748,72.53805633,23.03225928,1,3,1,1,3,17:36,2,E09000007,3,502,2,30,3,2,3,503,0,5,4,1,1,0,0,1,1,E01000863,25-01-2018,1,1,1,2,38,7,3,0,0,0,0,-1,9,1
17749,72.54671,23.09208068,1,3,1,1,5,16:13,2,E09000007,3,401,6,30,0,-1,-1,0,0,1,4,2,2,0,0,1,1,E01000916,27-01-2018,1,1,3,1,43,7,3,5,1,0,0,-1,0,1
17750,72.593463,22.99316088,1,3,2,1,1,13:20,26,E09000017,6,0,6,30,0,-1,-1,0,0,0,1,1,1,0,0,1,1,E01002454,20-02-2018,1,1,3,2,9,2,3,4,1,0,0,-1,0,1
17751,72.62908973,23.05299002,1,1,1,3,2,02:14,27,E09000009,3,40,6,30,0,-1,-1,0,0,0,6,2,2,0,0,1,1,E01001348,28-02-2018,1,1,3,2,35,6,3,9,5,0,0,-1,0,1
17752,72.58831896,23.03154938,1,2,2,2,3,21:59,26,E09000017,6,0,6,30,0,-1,-1,0,0,0,4,8,2,0,0,1,1,E01002535,22-02-2018,1,1,3,2,37,7,3,9,9,0,0,-1,0,1
17753,72.64230761,23.00835489,1,3,2,1,1,17:54,27,E09000009,6,0,2,30,0,-1,-1,0,0,0,4,1,1,0,0,1,1,E01001359,23-01-2018,1,1,1,1,36,7,3,0,0,0,0,-1,3,1
17754,72.51590028,23.04183379,1,3,2,1,2,15:00,27,E09000009,6,0,6,30,3,4,6,0,0,0,1,1,1,0,2,1,1,E01001317,07-02-2018,1,1,1,2,42,7,3,0,0,0,0,-1,9,1
17755,72.64240922,23.07895017,1,3,3,1,4,17:00,27,E09000009,3,4005,3,30,3,2,6,0,0,5,1,1,1,0,0,1,1,E01001277,09-02-2018,1,1,3,1,54,8,3,4,1,0,0,-1,0,1
17756,72.59616298,23.04580777,1,2,2,1,4,14:10,30,E09000003,3,504,6,30,3,4,6,0,0,1,1,3,2,0,0,1,1,E01000201,02-03-2018,1,1,1,2,34,6,3,0,0,0,0,-1,9,1
17757,72.51538758,22.96888298,1,1,1,2,1,22:59,30,E09000003,6,0,6,30,0,-1,-1,0,0,0,4,1,1,0,0,1,1,E01000272,06-03-2018,2,2,2,1,13,3,3,0,0,2,0,-1,9,-1
17758,72.63870242,22.99595315,1,3,2,1,6,12:18,30,E09000003,6,0,6,30,6,4,6,0,0,8,1,2,2,0,0,1,1,E01000283,11-02-2018,2,1,1,1,17,4,2,0,0,0,0,-1,2,1
17759,72.64231633,23.07036158,1,3,2,1,6,20:30,29,E09000015,5,0,6,30,3,4,6,0,0,0,4,8,4,0,0,1,1,E01002151,25-02-2018,2,1,1,1,46,8,3,0,0,0,0,-1,5,1
17760,72.51267927,23.02778126,1,3,2,4,4,22:20,27,E09000009,5,0,6,30,3,4,6,0,0,0,4,1,1,0,0,1,1,E01001294,16-02-2018,1,1,2,1,37,7,3,0,0,1,0,-1,8,1
17761,72.55382894,23.05153697,1,3,2,1,5,01:30,28,E09000005,3,407,6,30,3,2,5,0,0,0,4,1,1,0,0,1,1,E01000644,17-02-2018,2,1,2,1,11,3,3,0,0,1,0,-1,9,-1
17762,72.6371171,23.05108627,1,1,1,2,2,11:30,30,E09000003,3,5,6,30,3,4,6,0,0,0,1,1,1,0,0,1,1,E01002123,07-03-2018,2,1,3,1,46,8,3,6,9,0,0,-1,0,1
17763,72.56839254,23.02973317,1,3,1,1,6,18:07,30,E09000003,6,0,3,30,6,4,3,598,0,0,4,2,2,0,0,1,2,E01000146,28-01-2018,2,2,3,2,15,3,3,9,9,0,0,-1,0,1
17764,72.6453079,23.0354961,1,3,1,1,2,13:14,29,E09000015,3,312,6,30,0,-1,-1,0,0,0,1,1,1,0,0,1,1,E01002133,28-02-2018,1,1,1,2,24,5,3,0,0,0,0,-1,9,1
17765,72.65401379,22.97328254,1,3,2,1,3,01:05,30,E09000003,6,0,2,30,3,4,6,0,0,0,4,1,1,0,0,1,1,E01000128,15-02-2018,1,1,3,1,3,1,3,5,1,0,0,-1,0,1
17766,72.51963011,23.08413528,1,2,1,4,1,15:45,28,E09000005,3,406,3,30,0,-1,-1,0,0,0,1,1,1,0,0,1,1,E01000596,13-03-2018,1,1,2,2,-1,-1,3,0,0,1,0,-1,9,1
17767,72.60155227,23.07413652,1,3,2,6,3,09:50,29,E09000015,5,0,6,30,6,4,6,0,0,0,1,1,2,0,0,1,1,E01002179,15-03-2018,1,1,1,1,36,7,3,0,0,0,0,-1,3,1
17768,72.65042316,22.97592776,1,3,4,1,1,20:15,30,E09000003,5,0,6,30,0,-1,-1,0,0,0,4,2,2,0,0,1,1,E01000259,20-02-2018,1,1,1,1,39,7,3,0,0,0,0,-1,9,1
17769,72.51271993,22.97217993,1,3,5,1,7,23:20,27,E09000009,3,40,3,40,3,4,6,0,0,4,4,1,1,0,0,1,1,E01001241,29-01-2018,1,1,1,1,39,7,3,0,0,0,0,-1,3,1
17770,72.53059719,23.03829669,1,2,2,3,1,02:20,27,E09000009,3,40,3,40,0,-1,-1,0,0,0,4,1,1,0,0,1,1,E01001247,30-01-2018,1,1,1,1,47,8,3,0,0,0,0,-1,9,1
17771,72.51113781,23.02992918,1,3,2,1,7,14:50,26,E09000017,3,437,6,30,3,4,5,0,0,0,1,1,1,0,0,1,1,E01002400,05-03-2018,1,1,1,1,39,7,3,0,0,0,0,-1,5,1
17772,72.52539902,22.96865145,1,2,1,1,3,11:40,28,E09000005,3,4000,6,30,1,4,3,4000,0,1,1,2,2,0,0,1,1,E01000643,22-03-2018,1,1,1,2,50,8,3,0,0,0,0,-1,9,1
17773,72.55619045,23.00654025,1,2,1,1,5,16:19,30,E09000003,3,504,6,30,3,4,6,0,0,0,1,1,1,0,0,1,1,E01000244,17-03-2018,2,2,1,2,46,8,3,0,0,0,0,-1,9,1
17774,72.51568468,22.99845525,1,3,1,2,3,16:20,28,E09000005,5,0,6,30,0,-1,-1,0,0,0,1,1,1,0,0,1,1,E01000502,29-03-2018,1,1,3,2,13,3,3,6,9,0,0,-1,0,-1
17775,72.65721474,23.01711268,1,1,1,1,7,15:24,30,E09000003,3,502,6,30,0,-1,-1,0,0,4,1,1,1,0,0,1,1,E01000146,26-03-2018,2,2,1,1,31,6,3,0,0,0,0,-1,9,1
17776,72.54655867,23.03304163,1,2,2,1,2,17:05,28,E09000005,6,0,6,30,0,-1,-1,0,0,0,1,1,1,0,0,1,1,E01000472,28-03-2018,3,1,1,2,25,5,3,0,0,0,0,-1,9,1
17777,72.5104637,22.97563342,1,2,2,2,7,02:31,30,E09000003,3,1000,3,30,6,2,5,0,0,5,4,1,1,0,0,1,1,E01000316,26-03-2018,1,1,3,1,37,7,3,1,3,0,0,-1,0,1
17778,72.51495967,23.01226003,1,3,1,1,5,20:15,28,E09000005,6,0,6,30,3,4,6,0,0,0,4,1,1,0,0,1,1,E01000572,10-03-2018,2,1,1,1,39,7,3,0,0,0,0,-1,9,1
17779,72.63386595,23.02520715,1,2,2,1,7,13:35,28,E09000005,3,4140,6,50,0,-1,-1,0,0,0,1,1,1,0,0,1,1,E01000481,02-04-2018,3,2,1,1,35,6,3,0,0,0,0,-1,9,1
17780,72.65883621,22.99347747,1,3,2,1,4,15:49,27,E09000009,6,0,6,30,3,4,3,4020,0,4,1,1,1,0,0,1,1,E01001222,06-04-2018,1,1,2,1,5,1,3,0,0,2,0,-1,9,-1
17781,72.59893909,22.9892069,1,2,2,1,7,21:04,30,E09000003,3,407,6,30,0,-1,-1,0,0,0,4,1,1,0,0,1,1,E01000139,26-03-2018,1,1,1,1,37,7,3,0,0,0,0,-1,9,1