Accident_Index,longitude,latitude,Police_Force,Accident_Severity,Number_of_Vehicles,Number_of_Casualties,Day_of_Week,Time,Local_Authority_(District),Local_Authority_(Highway),1st_Road_Class,1st_Road_Number,Road_Type,Speed_limit,Junction_Detail,Junction_Control,2nd_Road_Class,2nd_Road_Number,Pedestrian_Crossing-Human_Control,Pedestrian_Crossing-Physical_Facilities,Light_Conditions,Weather_Conditions,Road_Surface_Conditions,Special_Conditions_at_Site,Carriageway_Hazards,Urban_or_Rural_Area,Did_Police_Officer_Attend_Scene_of_Accident,LSOA_of_Accident_Location,Date,Vehicle_Reference,Casualty_Reference,Casualty_Class,Sex_of_Casualty,Age_of_Casualty,Age_Band_of_Casualty,Casualty_Severity,Pedestrian_Location,Pedestrian_Movement,Car_Passenger,Bus_or_Coach_Passenger,Pedestrian_Road_Maintenance_Worker,Casualty_Type,Casualty_Home_Area_Type
17782,72.53752708,22.99814037,1,3,2,1,4,11:14,27,E09000009,3,40,7,40,0,-1,-1,0,0,0,1,2,2,0,0,1,1,E01001277,06-04-2018,1,1,3,1,39,7,3,6,9,0,0,-1,0,1
17783,72.61357183,23.08334654,1,3,3,1,3,09:22,30,E09000003,3,406,3,40,0,-1,-1,0,0,0,1,1,1,0,0,1,1,E01000221,19-04-2018,1,1,2,2,71,10,3,0,0,0,3,-1,11,-1
17784,72.59230646,23.03766939,1,2,1,1,6,18:00,30,E09000003,3,5,3,30,0,-1,-1,0,0,0,4,1,1,0,0,1,1,E01000223,21-01-2018,1,1,1,1,20,4,3,0,0,0,0,-1,9,1
17785,72.57049683,23.00645615,1,1,1,1,6,03:05,30,E09000003,3,406,3,50,0,-1,-1,0,0,0,4,1,1,0,0,1,1,E01000203,25-02-2018,1,1,3,2,26,6,3,4,2,0,0,-1,0,1
17786,72.63610401,23.02835292,1,2,1,1,2,20:08,29,E09000015,5,0,6,30,0,-1,-1,0,0,0,1,1,1,0,0,1,1,E01002202,11-04-2018,1,1,1,2,35,6,3,0,0,0,0,-1,9,1
17787,72.55441881,22.98249017,1,2,2,1,1,19:00,28,E09000005,3,4006,3,30,0,-1,-1,0,0,0,1,2,2,0,0,1,1,E01000542,17-04-2018,2,2,1,2,25,5,3,0,0,0,0,-1,9,-1
17788,72.64004208,23.04907458,1,2,2,2,4,08:29,30,E09000003,3,1000,6,30,3,4,6,0,0,0,1,1,1,0,0,1,1,E01000299,27-04-2018,1,1,3,2,44,7,3,5,1,0,0,-1,0,1
17789,72.50773079,23.0671141,1,1,2,1,2,05:07,27,E09000009,3,40,3,40,0,-1,-1,0,0,0,4,2,2,0,0,1,1,E01001347,02-05-2018,2,1,1,1,35,6,3,0,0,0,0,-1,9,1
17790,72.58286967,22.99881911,1,3,3,1,7,20:25,28,E09000005,3,4005,3,30,3,2,3,4089,0,5,4,1,1,0,0,1,1,E01000472,16-04-2018,1,1,1,1,24,5,3,0,0,0,0,-1,9,1
17791,72.5942497,23.03796294,1,1,3,5,5,22:35,26,E09000017,5,0,6,30,0,-1,-1,0,0,0,4,2,2,0,0,1,1,E01002525,28-04-2018,2,1,1,2,35,6,3,0,0,0,0,-1,9,1
17792,72.56994383,23.04566838,1,3,2,2,4,15:08,27,E09000009,3,4020,3,30,3,4,6,0,0,4,1,1,1,0,0,1,1,E01001337,13-04-2018,2,2,2,2,9,2,3,0,0,2,0,-1,9,1
17793,72.59729739,22.9697057,1,3,2,1,6,11:00,30,E09000003,3,598,6,30,6,2,3,598,0,5,1,1,2,0,0,1,1,E01000135,08-04-2018,2,3,2,1,14,3,3,0,0,1,0,-1,9,1
17794,72.50867843,22.96771692,1,2,1,2,5,23:05,29,E09000015,3,410,6,30,0,-1,-1,0,0,0,4,1,1,0,0,1,1,E01002228,05-05-2018,1,1,1,2,37,7,3,0,0,0,0,-1,9,-1
17795,72.56749977,23.03181069,1,2,1,1,4,15:55,30,E09000003,3,1003,2,30,0,-1,-1,0,0,0,1,1,1,0,0,1,1,E01000162,04-05-2018,1,1,3,1,13,3,3,6,9,0,0,-1,0,1
17796,72.53204949,23.06191074,1,3,2,2,4,20:51,27,E09000009,5,0,6,30,3,4,6,0,0,0,4,1,1,0,0,1,1,E01001297,13-04-2018,1,1,1,1,21,5,3,0,0,0,0,-1,3,1
17797,72.56759756,23.07462058,1,3,2,1,1,12:54,27,E09000009,4,455,6,30,0,-1,-1,0,0,4,1,1,1,0,0,1,1,E01001210,17-04-2018,1,1,1,1,49,8,3,0,0,0,0,-1,9,1
17798,72.57900082,22.99214066,1,1,2,1,1,12:44,26,E09000017,6,0,6,30,3,4,6,0,0,0,1,1,1,0,0,1,1,E01002489,08-05-2018,2,2,2,2,41,7,3,0,0,1,0,-1,9,1
17799,72.56065691,22.97121008,1,2,2,3,7,23:45,30,E09000003,3,5,6,30,0,-1,-1,0,0,0,4,1,1,0,0,1,1,E01000148,14-05-2018,1,1,3,2,7,2,3,5,3,0,0,-1,0,1
17800,72.64292925,23.04915305,1,1,1,1,7,06:40,29,E09000015,5,0,6,30,0,-1,-1,0,0,0,1,1,1,0,0,1,1,E01002151,14-05-2018,1,1,1,1,63,9,3,0,0,0,0,-1,9,1
17801,72.66210194,23.00385653,1,3,3,1,5,01:10,28,E09000005,5,0,6,30,6,4,5,0,0,0,4,1,1,0,0,1,1,E01000550,05-05-2018,1,1,1,1,67,10,3,0,0,0,0,-1,3,1
17802,72.59903016,23.02942048,1,3,2,1,7,04:08,30,E09000003,3,406,3,30,7,2,4,550,0,5,4,1,1,0,0,1,1,E01000164,23-04-2018,1,1,1,1,20,4,3,0,0,0,0,-1,19,1
17803,72.59220811,22.97133305,1,2,1,1,1,03:40,27,E09000009,3,4020,6,30,6,2,3,4000,0,5,4,1,1,0,0,1,1,E01001351,08-05-2018,1,1,3,2,24,5,3,5,1,0,0,-1,0,1
17804,72.54224542,23.06316963,1,1,1,1,1,20:37,28,E09000005,6,0,6,30,0,-1,-1,0,0,0,4,1,1,0,0,1,1,E01000477,15-05-2018,1,1,3,1,9,2,3,5,1,0,0,-1,0,1
17805,72.51257462,23.00684226,1,3,2,1,7,15:38,28,E09000005,5,0,6,30,3,4,6,0,0,0,1,1,1,0,0,1,1,E01000532,07-05-2018,2,1,1,1,16,4,3,0,0,0,0,-1,3,-1
17806,72.66239069,23.08999684,1,2,2,1,6,15:57,27,E09000009,6,0,6,30,0,-1,-1,0,0,0,1,1,1,0,0,1,1,E01001265,03-06-2018,2,2,2,1,11,3,3,0,0,0,0,-1,3,-1
17807,72.55319916,23.05331157,1,2,1,1,4,16:06,30,E09000003,3,1000,6,30,0,-1,-1,0,0,0,1,1,1,0,0,1,1,E01000271,18-05-2018,2,1,1,1,34,6,3,0,0,0,0,-1,9,-1
17808,72.65982816,23.09223149,1,2,1,1,7,20:49,27,E09000009,4,452,6,30,3,4,6,0,0,0,1,1,1,0,0,1,1,E01001384,28-05-2018,2,1,1,2,27,6,3,0,0,0,0,-1,9,1
17809,72.52883551,23.06610984,1,1,2,1,5,23:55,27,E09000009,3,40,3,60,0,-1,-1,0,0,0,4,1,1,4,0,1,1,E01001326,26-05-2018,1,1,1,1,20,4,3,0,0,0,0,-1,3,1
17810,72.54470699,23.00049207,1,3,1,2,4,04:30,29,E09000015,5,0,6,30,2,4,6,0,0,0,4,1,1,0,0,1,1,E01002172,18-05-2018,1,1,3,1,25,5,2,5,1,0,0,-1,0,-1
17811,72.56030629,23.0425721,1,2,2,3,2,00:28,28,E09000005,3,4088,6,30,3,4,3,4088,0,0,4,9,2,0,0,1,1,E01000506,30-05-2018,2,1,1,1,41,7,3,0,0,0,0,-1,3,1
17812,72.52959557,23.0398961,1,2,1,1,6,23:25,30,E09000003,3,1,3,30,5,4,6,0,0,0,4,1,1,0,0,1,1,E01000240,03-06-2018,1,1,1,1,38,7,3,0,0,0,0,-1,1,1
17813,72.66207596,23.06126659,1,2,2,3,7,23:35,26,E09000017,3,4180,3,30,3,4,6,0,0,0,4,1,1,0,0,1,1,E01002494,30-04-2018,1,1,2,2,3,1,3,0,0,2,0,-1,9,1
17814,72.52557031,23.04980484,1,2,1,1,3,20:35,28,E09000005,3,404,6,30,0,-1,-1,0,0,0,4,1,1,0,0,1,1,E01000599,05-04-2018,1,1,2,1,22,5,3,0,0,2,0,-1,9,1
17815,72.59739119,22.99834864,1,3,1,1,7,18:05,30,E09000003,3,5,3,30,3,2,5,0,0,5,1,1,1,0,0,1,1,E01002123,23-04-2018,1,2,2,1,22,5,3,0,0,1,0,-1,9,1
17816,72.6554244,23.05246315,1,2,1,1,6,21:20,27,E09000009,3,40,3,40,0,-1,-1,0,0,0,4,1,1,0,0,1,1,E01001278,03-06-2018,2,3,1,1,31,6,3,0,0,0,0,-1,9,1
17817,72.58403496,23.03981878,1,3,2,1,1,02:27,30,E09000003,4,461,6,30,6,2,3,5,0,5,4,1,1,0,0,1,1,E01002118,29-05-2018,1,1,2,1,8,2,3,0,0,2,0,-1,9,1
17818,72.60195363,22.96821208,1,2,1,1,4,21:08,30,E09000003,5,0,6,30,0,-1,-1,0,0,0,4,1,1,0,0,1,1,E01000259,11-05-2018,1,2,2,2,25,5,3,0,0,1,0,-1,9,1
17819,72.51632366,23.08593881,1,3,2,1,1,23:28,27,E09000009,5,0,6,30,3,4,6,0,0,0,4,1,1,0,0,1,1,E01001294,08-05-2018,1,3,2,1,3,1,2,0,0,2,0,-1,9,1
17820,72.5552561,23.01948225,1,3,3,2,1,12:15,28,E09000005,3,4006,6,30,6,2,3,4006,0,5,1,1,1,0,0,1,1,E01000541,10-04-2018,1,1,3,1,18,4,3,4,3,0,0,-1,0,1
17821,72.56292194,22.97287221,1,1,1,1,4,04:16,30,E09000003,3,41,6,60,0,-1,-1,0,0,0,1,1,1,0,0,2,1,E01000188,08-06-2018,1,1,2,1,43,7,3,0,0,0,4,-1,11,1
17822,72.6422189,22.99252246,1,1,2,1,2,17:11,29,E09000015,3,4140,6,30,0,-1,-1,0,0,0,1,1,1,0,0,1,1,E01002229,13-06-2018,1,1,2,1,1,1,3,0,0,0,4,-1,11,1
17823,72.65978088,22.97774311,1,2,2,1,3,11:35,29,E09000015,3,4140,6,30,6,2,5,0,0,0,1,1,1,1,0,1,1,E01002110,07-06-2018,2,1,1,1,48,8,3,0,0,0,0,-1,1,1
17824,72.62311565,23.03362232,1,2,1,1,4,20:17,28,E09000005,3,404,6,30,3,4,3,404,0,0,1,1,1,0,0,1,1,E01001877,08-06-2018,1,1,1,1,34,6,3,0,0,0,0,-1,9,1
17825,72.51861558,23.04275542,1,2,2,1,3,18:54,29,E09000015,3,410,6,30,3,4,6,0,0,0,1,1,1,0,0,1,1,E01002112,14-06-2018,1,1,1,2,32,6,3,0,0,0,0,-1,9,1
17826,72.52436664,23.00059683,1,2,1,1,6,23:00,28,E09000005,6,0,6,30,3,4,6,0,0,0,4,1,1,0,0,1,1,E01000597,13-05-2018,1,2,2,1,13,3,3,0,0,2,0,-1,9,1
17827,72.65376866,23.09238557,1,2,1,1,5,00:55,28,E09000005,6,0,6,30,0,-1,-1,0,0,0,4,1,1,0,0,1,1,E01000497,12-05-2018,1,3,2,1,13,3,3,0,0,2,0,-1,9,1
17828,72.66491986,23.00188392,1,3,2,1,7,15:20,28,E09000005,3,4000,6,30,3,4,5,0,0,0,1,1,1,0,0,1,1,E01000643,11-06-2018,2,1,1,1,-1,-1,3,0,0,0,0,-1,9,-1
17829,72.64107554,22.98682128,1,2,2,4,4,23:17,29,E09000015,3,404,6,30,0,-1,-1,0,0,0,4,1,1,0,0,1,1,E01002160,22-06-2018,1,1,2,2,11,3,3,0,0,0,3,-1,11,1
17830,72.54288884,22.96647999,1,2,3,2,7,13:27,30,E09000003,3,1000,3,30,3,4,6,0,0,0,1,1,1,0,0,1,1,E01000316,11-06-2018,1,1,3,1,9,2,3,5,1,0,0,-1,0,1
17831,72.5491248,22.99749141,1,2,2,2,5,11:00,30,E09000003,3,598,6,30,6,2,3,1003,0,5,1,1,1,0,0,1,1,E01000296,09-06-2018,1,1,3,2,63,9,3,6,9,0,0,-1,0,1
17832,72.61753937,23.01487896,1,2,1,5,7,03:10,29,E09000015,3,410,6,30,0,-1,-1,0,0,0,4,2,2,0,0,1,1,E01002150,30-04-2018,1,1,1,1,24,5,3,0,0,0,0,-1,9,-1
17833,72.60285991,22.96525635,1,2,2,1,2,18:30,30,E09000003,6,0,6,30,3,4,3,1,0,0,1,1,1,0,0,1,1,E01000208,13-06-2018,1,1,1,1,31,6,3,0,0,0,0,-1,9,1
17834,72.65458984,22.97878626,1,3,2,2,4,12:56,26,E09000017,3,312,6,30,3,4,6,0,0,0,1,1,1,0,0,1,1,E01002492,29-06-2018,1,1,1,1,42,7,3,0,0,0,0,-1,5,1
17835,72.5887233,23.052597,1,2,2,2,4,14:40,28,E09000005,3,406,3,50,0,-1,-1,0,0,0,1,1,1,0,2,1,1,E01000600,29-06-2018,1,1,1,2,21,5,3,0,0,0,0,-1,9,1
17836,72.55453882,22.96465368,1,3,2,1,4,07:20,29,E09000015,3,410,3,40,3,4,6,0,0,0,1,1,1,0,0,1,1,E01002144,29-06-2018,1,1,1,1,32,6,3,0,0,0,0,-1,9,1
17837,72.57179534,23.08614461,1,2,1,1,2,02:33,26,E09000017,6,0,6,30,0,-1,-1,0,0,0,4,1,1,0,0,1,1,E01002443,27-06-2018,2,1,1,1,-1,-1,3,0,0,0,0,-1,1,1
17838,72.52236639,22.98100557,1,2,1,1,6,08:15,28,E09000005,5,0,6,30,3,4,6,0,0,0,1,1,1,0,0,1,1,E01000600,01-07-2018,1,1,1,2,51,8,3,0,0,0,0,-1,9,1
17839,72.54964687,23.02955707,1,1,1,1,1,00:05,28,E09000005,3,4089,6,30,0,-1,-1,0,0,4,4,1,1,0,0,1,1,E01000578,29-05-2018,1,1,1,1,18,4,3,0,0,0,0,-1,3,1
17840,72.65003959,23.0712377,1,3,2,2,5,15:35,27,E09000009,3,4127,6,30,3,4,6,0,0,0,1,1,1,0,0,1,1,E01001335,26-05-2018,1,1,2,1,21,5,3,0,0,2,0,-1,9,1
17841,72.58362306,22.98136816,1,3,2,1,6,09:36,30,E09000003,3,1000,6,30,6,2,3,5109,0,5,1,1,1,0,0,1,1,E01000281,17-06-2018,1,1,1,1,15,3,3,0,0,0,0,-1,3,1
17842,72.58858872,23.05797386,1,3,3,1,2,08:09,27,E09000009,3,3002,6,30,0,-1,-1,0,0,4,1,1,1,0,0,1,1,E01001248,27-06-2018,1,1,2,2,27,6,3,0,0,1,0,-1,9,1
17843,72.52162094,23.03233862,1,1,1,1,1,15:30,27,E09000009,5,0,6,30,0,-1,-1,0,0,0,1,2,2,0,0,1,1,E01001294,03-07-2018,1,1,1,1,27,6,3,0,0,0,0,-1,5,1
17844,72.58571162,23.04908544,1,2,1,1,6,20:08,28,E09000005,3,406,3,40,0,-1,-1,0,0,0,4,2,2,0,0,1,1,E01000600,24-06-2018,1,2,2,1,21,5,3,0,0,0,0,-1,5,1
17845,72.55140469,23.05768697,1,3,3,1,6,13:20,25,E09000018,3,312,3,50,0,-1,-1,0,0,0,1,1,1,0,0,1,1,E01002637,08-07-2018,1,1,2,1,15,3,3,0,0,0,4,-1,11,1
17846,72.61963974,22.98916761,1,2,1,3,7,03:12,29,E09000015,3,410,6,30,3,4,6,0,0,0,4,1,1,0,0,1,1,E01002152,30-04-2018,1,1,2,2,47,8,3,0,0,0,3,-1,11,1
17847,72.64666375,23.07587924,1,2,2,1,2,14:15,30,E09000003,3,5,6,30,0,-1,-1,0,0,0,1,1,1,0,0,1,1,E01000313,27-06-2018,1,1,3,1,11,3,3,5,1,0,0,-1,0,-1
17848,72.56927485,22.99826856,1,2,1,1,4,17:00,26,E09000017,6,0,6,30,0,-1,-1,0,0,0,1,1,1,0,0,1,1,E01002450,29-06-2018,2,1,1,1,17,4,3,0,0,0,0,-1,1,-1
17849,72.6099097,22.9853283,1,2,2,1,5,18:25,30,E09000003,3,5,6,30,0,-1,-1,0,0,0,1,1,1,0,0,2,1,E01002114,14-07-2018,2,1,1,1,33,6,3,0,0,0,0,-1,9,1
17850,72.51974248,23.03045548,1,3,2,1,5,11:00,26,E09000017,3,4020,3,40,0,-1,-1,0,0,0,1,1,1,0,0,1,1,E01002521,28-04-2018,2,2,2,2,2,1,3,0,0,2,0,-1,9,1
17851,72.51420297,23.04815485,1,2,1,1,2,15:35,30,E09000003,3,504,6,30,3,4,5,0,0,0,1,1,1,0,0,1,1,E01000244,18-07-2018,2,1,2,2,-1,-1,3,0,0,2,0,-1,9,1
17852,72.56318933,23.07523951,1,3,2,2,4,17:53,26,E09000017,3,4020,3,40,6,2,3,4020,0,5,1,1,1,0,0,1,1,E01002546,06-07-2018,3,2,2,1,27,6,3,0,0,1,0,-1,9,1
17853,72.63077735,23.07380591,1,3,2,1,3,19:52,29,E09000015,3,312,6,30,0,-1,-1,0,0,0,1,1,1,0,0,1,1,E01002218,12-07-2018,4,3,1,1,35,6,3,0,0,0,0,-1,9,1
17854,72.64932523,22.97770885,1,3,1,1,2,20:45,29,E09000015,3,409,6,30,3,4,3,409,0,0,1,1,1,0,0,1,1,E01002183,18-07-2018,5,4,1,1,34,6,3,0,0,0,0,-1,9,-1
17855,72.55448134,23.03261701,1,3,2,1,4,17:05,3,E09000019,3,501,6,30,3,4,6,0,0,0,4,1,1,0,0,1,1,E01002728,26-01-2018,2,1,2,2,44,7,3,0,0,1,0,-1,9,1
17856,72.52910169,23.07710986,1,3,2,2,3,21:37,28,E09000005,5,0,6,30,3,4,6,0,0,0,4,1,1,0,0,1,1,E01000476,19-07-2018,1,1,3,1,43,7,3,9,9,0,0,-1,0,1
17857,72.55405612,23.08066661,1,3,2,1,5,08:44,29,E09000015,3,410,6,30,3,4,6,0,0,4,1,1,1,0,0,1,1,E01002112,02-06-2018,2,1,1,1,20,4,2,0,0,0,0,-1,9,1
17858,72.53661147,22.96680513,1,2,1,1,7,03:30,29,E09000015,5,0,6,30,0,-1,-1,0,0,0,4,1,1,0,0,2,1,E01002144,23-07-2018,1,1,2,1,23,5,3,0,0,1,0,-1,9,1
17859,72.51359268,23.00680759,1,2,1,1,3,19:30,27,E09000009,3,4005,3,30,3,4,6,0,0,4,1,1,1,0,0,1,1,E01001277,26-07-2018,1,1,3,2,12,3,3,5,1,0,0,-1,0,1
17860,72.58710544,23.0165528,1,3,2,2,7,00:02,30,E09000003,3,406,3,50,0,-1,-1,0,0,0,4,1,1,4,2,1,1,E01000184,23-07-2018,2,1,1,1,12,3,3,0,0,0,0,-1,1,1
17861,72.6404676,23.01138494,1,3,2,1,2,10:40,27,E09000009,3,4020,6,30,3,4,6,0,0,0,1,1,1,0,0,1,1,E01001354,11-07-2018,1,1,1,2,28,6,3,0,0,0,0,-1,9,-1
17862,72.53828936,22.97370515,1,1,2,1,7,01:40,26,E09000017,3,4020,3,40,0,-1,-1,0,0,0,4,1,1,0,0,1,1,E01002546,30-07-2018,2,1,1,1,36,7,3,0,0,0,0,-1,1,-1
17863,72.64764036,22.97042051,1,2,2,1,3,22:30,32,E09000010,3,110,6,30,6,4,3,110,0,0,4,1,2,0,0,1,1,E01001457,05-07-2018,1,1,1,1,27,6,3,0,0,0,0,-1,2,1
17864,72.59238392,23.01044337,1,2,1,1,3,22:47,28,E09000005,3,407,6,30,0,-1,-1,0,0,0,4,1,1,0,0,1,1,E01000638,19-07-2018,1,1,1,1,46,8,3,0,0,0,0,-1,3,1
17865,72.5708854,22.99868416,1,2,1,1,4,11:50,28,E09000005,4,450,6,30,3,2,4,413,0,5,1,1,1,0,0,1,1,E01000586,03-08-2018,1,1,1,2,43,7,3,0,0,0,0,-1,1,1
17866,72.55536653,23.084129,1,3,1,1,1,16:08,27,E09000009,3,40,7,50,3,4,3,4127,0,0,1,1,1,0,0,1,1,E01001266,31-07-2018,1,1,1,1,33,6,3,0,0,0,0,-1,9,1
17867,72.59727504,23.04228716,1,2,2,4,5,09:59,26,E09000017,3,408,3,50,0,-1,-1,0,0,0,1,1,2,0,0,1,1,E01002532,28-07-2018,1,1,1,1,22,5,3,0,0,0,0,-1,9,1
17868,72.62844664,23.0863881,1,2,2,1,1,16:35,26,E09000017,3,408,6,30,3,4,6,0,0,0,1,1,1,0,0,1,1,E01002524,07-08-2018,1,1,2,2,-1,-1,3,0,0,0,4,-1,11,-1
17869,72.6001831,23.0169025,1,2,2,1,5,15:00,27,E09000009,5,0,6,30,3,4,6,0,0,0,1,1,1,0,0,1,1,E01001247,23-06-2018,2,1,1,1,37,7,3,0,0,0,0,-1,9,1
17870,72.58417793,22.98229231,1,2,2,2,7,00:25,27,E09000009,3,312,6,30,0,-1,-1,0,0,0,4,1,1,0,0,1,1,E01001321,13-08-2018,2,1,1,1,-1,-1,3,0,0,0,0,-1,1,-1
17871,72.54570793,22.97451314,1,2,1,1,5,21:30,57,EHEATHROW,6,0,6,40,0,-1,-1,0,0,0,4,1,1,0,0,1,1,E01002444,11-08-2018,1,1,1,1,23,5,3,0,0,0,0,-1,3,1
17872,72.65019926,23.00273679,1,3,2,1,6,19:00,28,E09000005,3,404,2,30,3,2,5,0,0,5,1,1,1,0,0,1,1,E01000535,12-08-2018,2,1,1,1,-1,-1,3,0,0,0,0,-1,2,1
17873,72.55161316,23.09091398,1,3,1,1,7,02:30,27,E09000009,3,4020,6,30,6,2,3,3005,0,5,4,1,1,0,0,1,1,E01001361,13-08-2018,1,1,1,1,26,6,3,0,0,0,0,-1,3,1
17874,72.66003325,23.03838727,1,3,2,1,2,15:02,28,E09000005,3,404,6,30,3,4,6,0,0,0,1,1,1,0,0,1,1,E01000620,15-08-2018,2,1,2,2,59,9,3,0,0,0,0,-1,90,1
17875,72.52357388,23.08738294,1,2,1,1,7,14:00,28,E09000005,6,0,1,30,1,4,6,0,0,0,1,1,1,0,0,1,1,E01000475,16-07-2018,1,1,3,1,14,3,2,5,1,0,0,-1,0,1
17876,72.61769976,23.01068311,1,2,2,1,2,07:45,30,E09000003,3,41,3,40,0,-1,-1,0,0,0,1,1,1,0,0,1,1,E01000138,15-08-2018,1,1,1,1,42,7,3,0,0,0,0,-1,9,1
17877,72.62503282,22.97828083,1,2,1,4,4,19:43,29,E09000015,3,409,6,30,0,-1,-1,0,0,0,1,1,1,0,0,1,1,E01002144,17-08-2018,2,1,1,2,25,5,3,0,0,0,0,-1,9,1
17878,72.524987,22.99087605,1,2,1,1,6,18:32,26,E09000017,6,0,6,30,1,4,3,437,0,0,1,1,1,0,0,1,1,E01002406,19-08-2018,1,1,2,1,-1,-1,3,0,0,0,1,-1,11,-1
17879,72.62000674,23.06684515,1,2,1,1,1,23:20,27,E09000009,5,0,6,30,0,-1,-1,0,0,0,4,1,1,0,0,1,1,E01001341,21-08-2018,1,1,1,1,71,10,3,0,0,0,0,-1,1,1
17880,72.59390054,22.99840494,1,3,2,2,5,21:20,12,E09000020,3,404,6,30,8,4,6,0,0,0,4,1,1,0,0,1,1,E01002852,28-07-2018,1,1,1,2,51,8,3,0,0,0,0,-1,9,1
17881,72.53722369,23.01536188,1,3,2,2,4,15:02,30,E09000003,3,1000,6,30,3,2,3,110,0,5,1,2,2,0,0,1,1,E01000268,24-08-2018,2,1,1,1,24,5,3,0,0,0,0,-1,3,1
17882,72.61266852,22.99056707,1,2,3,1,6,21:07,29,E09000015,3,4140,6,30,3,2,5,0,0,5,4,1,1,0,0,1,1,E01002169,02-09-2018,1,1,1,1,39,7,3,0,0,0,0,-1,2,1
17883,72.61992624,23.03636859,1,3,2,2,6,13:32,27,E09000009,5,0,6,30,3,4,6,0,0,0,1,1,1,0,0,1,1,E01001294,12-08-2018,1,1,1,2,45,7,3,0,0,0,0,-1,9,1
17884,72.62404705,23.07335914,1,3,2,2,1,19:30,27,E09000009,3,40,3,40,0,-1,-1,0,0,0,1,1,1,0,0,1,1,E01001247,21-08-2018,2,1,1,1,39,7,3,0,0,0,0,-1,5,1
17885,72.54387291,23.03754642,1,2,1,1,3,06:50,28,E09000005,6,0,6,30,3,4,6,0,0,0,1,1,1,0,0,1,1,E01000635,06-09-2018,1,1,3,1,61,9,3,6,9,0,0,-1,0,-1
17886,72.50969161,23.06531461,1,2,2,1,6,20:03,30,E09000003,6,0,6,30,0,-1,-1,0,0,0,4,1,1,0,0,1,1,E01000164,02-09-2018,1,1,1,2,41,7,3,0,0,0,0,-1,9,-1
17887,72.62452931,23.0922443,1,2,2,5,2,18:02,28,E09000005,3,406,3,40,0,-1,-1,0,0,0,1,1,1,0,0,1,1,E01000498,29-08-2018,1,1,3,1,33,6,3,6,9,0,0,-1,0,1
17888,72.52417118,23.07396433,1,3,2,1,6,02:15,25,E09000018,6,0,6,30,0,-1,-1,0,0,0,4,1,1,0,0,1,2,E01002568,19-08-2018,1,1,2,1,48,8,3,0,0,1,0,-1,9,1
17889,72.60064203,23.09351902,1,1,1,1,5,00:35,26,E09000017,5,0,6,30,3,4,6,0,0,0,4,1,1,0,0,1,1,E01002527,08-09-2018,1,1,1,1,25,5,3,0,0,0,0,-1,5,1
17890,72.60421705,23.04699929,1,2,3,2,7,11:30,26,E09000017,3,40,3,50,0,-1,-1,0,0,0,1,1,1,0,0,1,1,E01002499,10-09-2018,1,1,1,1,59,9,3,0,0,0,0,-1,4,1
17891,72.62979306,23.07417383,1,1,3,1,2,18:55,30,E09000003,3,1000,3,30,8,4,6,0,0,0,1,1,1,0,0,1,1,E01000288,12-09-2018,2,1,1,1,14,3,3,0,0,0,0,-1,1,1
17892,72.53362665,23.04779409,1,1,1,1,6,01:30,29,E09000015,5,0,6,30,0,-1,-1,0,0,0,4,2,2,0,0,2,1,E01002144,16-09-2018,2,1,1,2,43,7,2,0,0,0,0,-1,9,1
17893,72.63843015,23.04491444,1,2,2,1,2,22:45,30,E09000003,3,1000,6,30,3,4,6,0,0,0,4,1,1,0,0,1,1,E01000271,29-08-2018,1,1,1,1,40,7,3,0,0,0,0,-1,5,1
17894,72.6441239,23.0245224,1,2,2,2,2,17:23,29,E09000015,3,4090,6,30,0,-1,-1,0,0,0,1,2,2,0,0,1,1,E01002157,22-08-2018,1,1,3,1,16,4,3,5,4,0,0,-1,0,1
17895,72.55171316,23.04083555,1,3,2,1,6,08:22,1,E09000033,5,0,6,30,6,4,6,0,0,0,1,2,2,0,0,1,1,E01004710,19-08-2018,1,1,1,1,63,9,3,0,0,0,0,-1,9,1
17896,72.65507051,23.03135167,1,3,2,3,7,23:00,26,E09000017,5,0,1,30,1,4,5,0,0,4,4,2,2,0,0,1,1,E01002506,13-08-2018,1,1,3,1,21,5,3,5,1,0,0,-1,0,1
17897,72.64899547,23.02518071,1,2,2,1,1,22:40,32,E09000010,5,0,6,30,3,4,6,0,0,0,4,1,1,0,0,1,1,E01001518,18-09-2018,1,1,3,1,20,4,3,5,1,0,0,-1,0,-1
17898,72.61754483,23.02238237,1,3,2,1,1,11:40,30,E09000003,4,551,6,30,0,-1,-1,0,0,0,1,1,1,0,0,1,1,E01000310,21-08-2018,1,1,3,1,12,3,2,5,3,0,0,-1,0,1
17899,72.66104061,23.03216784,1,3,2,2,7,19:02,26,E09000017,3,312,1,30,1,4,5,0,0,0,4,1,1,0,0,1,1,E01002545,10-09-2018,1,1,1,1,21,5,3,0,0,0,0,-1,5,1
17900,72.65374797,23.0197499,1,3,2,1,6,18:30,26,E09000017,5,0,6,30,6,2,5,0,0,5,1,1,1,0,0,1,1,E01002497,16-09-2018,2,1,1,1,54,8,3,0,0,0,0,-1,19,1
17901,72.56713987,23.0774865,1,3,3,2,1,13:57,28,E09000005,3,4088,6,30,0,-1,-1,0,0,0,1,1,1,0,0,1,1,E01000483,25-09-2018,1,1,3,2,19,4,3,4,3,0,0,-1,0,1