Accident_Index,longitude,latitude,Police_Force,Accident_Severity,Number_of_Vehicles,Number_of_Casualties,Day_of_Week,Time,Local_Authority_(District),Local_Authority_(Highway),1st_Road_Class,1st_Road_Number,Road_Type,Speed_limit,Junction_Detail,Junction_Control,2nd_Road_Class,2nd_Road_Number,Pedestrian_Crossing-Human_Control,Pedestrian_Crossing-Physical_Facilities,Light_Conditions,Weather_Conditions,Road_Surface_Conditions,Special_Conditions_at_Site,Carriageway_Hazards,Urban_or_Rural_Area,Did_Police_Officer_Attend_Scene_of_Accident,LSOA_of_Accident_Location,Date,Vehicle_Reference,Casualty_Reference,Casualty_Class,Sex_of_Casualty,Age_of_Casualty,Age_Band_of_Casualty,Casualty_Severity,Pedestrian_Location,Pedestrian_Movement,Car_Passenger,Bus_or_Coach_Passenger,Pedestrian_Road_Maintenance_Worker,Casualty_Type,Casualty_Home_Area_Type
17902,72.55508444,22.9818106,1,2,2,6,7,00:20,28,E09000005,3,4006,6,30,6,4,6,0,0,4,4,1,1,0,0,1,1,E01000568,17-09-2018,2,1,1,1,27,6,2,0,0,0,0,-1,4,-1
17903,72.53301823,23.03508635,1,3,2,1,4,12:51,27,E09000009,4,455,6,30,0,-1,-1,0,0,4,1,1,1,0,0,1,1,E01001262,21-09-2018,1,1,3,1,25,5,3,9,5,0,0,-1,0,1
17904,72.56597889,23.07755771,1,2,2,1,4,19:00,27,E09000009,3,4020,6,30,3,4,6,0,0,0,4,1,1,0,0,1,1,E01001355,14-09-2018,1,1,3,1,4,1,3,5,1,0,0,-1,0,1
17905,72.62597426,23.08409187,1,2,1,2,7,19:00,27,E09000009,6,0,6,30,3,4,6,0,0,0,1,1,2,0,0,1,1,E01001348,01-10-2018,2,1,1,1,16,4,3,0,0,0,0,-1,2,-1
17906,72.60086693,23.06715284,1,2,1,1,1,20:30,29,E09000015,5,0,6,30,3,4,6,0,0,0,4,1,1,0,0,1,1,E01002202,02-10-2018,1,1,1,1,33,6,3,0,0,0,0,-1,9,1
17907,72.57268146,22.99052079,1,2,1,1,6,15:23,26,E09000017,5,0,6,30,0,-1,-1,0,0,0,1,1,1,0,0,1,1,E01002412,30-09-2018,1,2,2,1,25,5,3,0,0,1,0,-1,9,1
17908,72.56173436,22.98696606,1,1,2,2,3,01:16,30,E09000003,6,0,6,30,0,-1,-1,0,0,0,4,1,1,0,0,1,1,E01000307,27-09-2018,1,1,2,2,15,3,3,0,0,0,4,-1,11,-1
17909,72.56375829,23.04621551,1,2,2,2,7,00:27,2,E09000007,3,400,6,30,6,2,5,0,0,5,4,1,1,0,0,1,1,E01000856,17-09-2018,1,2,2,2,54,8,3,0,0,0,4,-1,11,-1
17910,72.65705613,23.04746884,1,2,1,1,2,00:52,28,E09000005,3,5,6,30,3,4,6,0,0,4,4,1,1,0,0,1,1,E01000556,26-09-2018,1,1,1,2,33,6,2,0,0,0,0,-1,9,1
17911,72.57763095,22.96497819,1,2,2,2,1,20:35,30,E09000003,6,0,6,30,0,-1,-1,0,0,0,4,1,1,0,0,1,1,E01000258,18-09-2018,1,2,2,2,6,2,3,0,0,1,0,-1,9,1
17912,72.6219307,23.03047591,1,2,1,2,3,15:05,30,E09000003,4,552,6,30,0,-1,-1,0,1,4,1,1,1,0,0,1,1,E01000255,11-10-2018,2,3,2,1,52,8,3,0,0,1,0,-1,9,1
17913,72.59520846,23.07826925,1,2,1,1,4,09:22,29,E09000015,3,410,3,40,6,4,6,0,0,0,1,1,1,0,0,1,1,E01002144,12-10-2018,3,4,2,1,29,6,3,0,0,1,0,-1,9,1
17914,72.64683498,23.04457201,1,3,1,1,1,10:49,27,E09000009,3,4090,6,30,3,4,6,0,0,8,1,1,1,0,0,1,1,E01001308,18-09-2018,3,5,1,1,22,5,3,0,0,0,0,-1,9,-1
17915,72.57208733,23.0266105,1,1,2,1,5,19:07,30,E09000003,3,5109,6,30,3,4,6,0,0,0,4,1,1,0,0,1,1,E01000227,13-10-2018,1,1,1,2,32,6,3,0,0,0,0,-1,9,1
17916,72.51280768,23.03696899,1,2,1,1,6,13:55,26,E09000017,3,4,3,50,0,-1,-1,0,0,0,1,1,1,0,0,1,1,E01002443,07-10-2018,1,1,1,1,41,7,2,0,0,0,0,-1,5,3
17917,72.54113623,23.04847354,1,3,2,2,3,20:43,32,E09000010,3,111,6,30,0,-1,-1,0,0,0,4,1,1,0,0,1,1,E01001494,04-10-2018,1,1,1,1,35,6,3,0,0,0,0,-1,9,1
17918,72.62837936,23.05282266,1,3,3,1,1,12:35,28,E09000005,4,4557,1,30,1,4,6,0,0,0,1,1,1,0,0,1,1,E01000601,28-08-2018,1,1,1,1,28,6,3,0,0,0,0,-1,11,1
17919,72.61288395,23.0248287,1,2,1,1,3,22:18,28,E09000005,6,0,6,30,0,-1,-1,0,0,0,4,2,2,0,0,1,1,E01000537,11-10-2018,1,1,1,1,84,11,3,0,0,0,0,-1,9,1
17920,72.5280587,22.96860524,1,3,2,1,4,20:15,28,E09000005,5,0,6,30,0,-1,-1,0,0,0,4,1,1,0,0,1,1,E01000610,27-07-2018,2,2,1,1,24,5,3,0,0,0,0,-1,4,1
17921,72.53902432,23.01398145,1,2,2,3,1,20:46,27,E09000009,4,455,6,30,0,-1,-1,0,0,0,4,1,1,0,0,1,1,E01001261,09-10-2018,1,1,1,1,44,7,3,0,0,0,0,-1,1,1
17922,72.64032244,22.99017693,1,3,2,1,7,21:45,28,E09000005,3,404,6,30,3,2,3,219,0,5,4,2,2,0,0,1,1,E01000535,10-09-2018,1,1,3,2,-1,-1,3,4,1,0,0,-1,0,-1
17923,72.59502367,23.04374484,1,3,2,1,7,12:04,30,E09000003,5,0,6,30,0,-1,-1,0,0,0,1,1,1,0,0,1,1,E01000149,08-10-2018,1,1,2,2,43,7,3,0,0,0,4,-1,11,1
17924,72.57445308,22.97668917,1,2,1,1,2,11:41,30,E09000003,5,0,6,30,6,4,6,0,0,0,1,1,2,0,0,1,1,E01000148,31-10-2018,1,1,3,1,15,3,3,5,3,0,0,-1,0,1
17925,72.58519934,23.02192074,1,2,1,1,6,15:30,30,E09000003,6,0,6,30,0,-1,-1,0,0,0,1,1,1,0,0,1,1,E01000223,21-10-2018,1,1,1,1,17,4,3,0,0,0,0,-1,2,1
17926,72.53736089,23.01343005,1,1,1,1,2,18:57,27,E09000009,3,40,6,30,6,2,5,0,0,5,4,1,1,0,0,1,1,E01001243,17-10-2018,2,1,1,1,26,6,3,0,0,0,0,-1,9,1
17927,72.64495808,22.98945703,1,2,1,1,5,16:51,29,E09000015,3,409,6,30,0,-1,-1,0,0,0,1,1,1,0,0,1,1,E01002126,20-10-2018,1,1,1,1,38,7,3,0,0,0,0,-1,3,1
17928,72.60602116,23.01550609,1,1,1,2,6,21:10,26,E09000017,6,0,6,30,0,-1,-1,0,0,0,4,1,1,0,0,1,1,E01002421,21-10-2018,1,1,3,1,14,3,3,6,9,0,0,-1,0,1
17929,72.62427426,23.09259273,1,3,2,1,7,08:10,28,E09000005,3,404,3,30,6,2,3,404,0,5,1,1,1,0,0,1,1,E01000621,15-10-2018,1,1,2,2,26,6,3,0,0,1,0,-1,9,-1
17930,72.5255381,23.0280742,1,1,1,1,5,19:46,28,E09000005,3,404,6,30,0,-1,-1,0,0,0,4,1,1,0,0,1,1,E01000600,27-10-2018,1,2,1,1,36,7,3,0,0,0,0,-1,9,-1
17931,72.61523317,23.02541168,1,3,1,1,2,19:29,28,E09000005,5,0,6,30,0,-1,-1,0,0,0,4,2,2,0,0,1,1,E01000564,31-10-2018,1,1,1,1,38,7,3,0,0,0,0,-1,5,1
17932,72.5180918,23.08408323,1,3,2,1,3,13:20,30,E09000003,3,406,3,40,0,-1,-1,0,0,0,1,1,1,0,0,1,1,E01000221,01-11-2018,2,1,1,1,28,6,3,0,0,0,0,-1,9,1
17933,72.55975598,22.99541962,1,3,2,2,4,20:44,27,E09000009,3,4020,6,30,3,2,3,4000,0,5,4,1,1,0,0,1,1,E01001351,26-10-2018,1,1,1,1,40,7,3,0,0,0,0,-1,9,1
17934,72.63646724,23.01708743,1,2,2,4,6,14:29,26,E09000017,3,4020,3,40,3,2,5,0,0,0,1,2,2,0,0,1,1,E01002414,30-09-2018,1,1,2,2,15,3,3,0,0,0,3,-1,11,1
17935,72.56223224,23.05745756,1,2,2,2,1,13:05,30,E09000003,5,0,6,30,6,4,5,0,0,0,1,1,1,0,0,1,1,E01000310,16-10-2018,1,1,3,2,8,2,3,5,3,0,0,-1,0,1
17936,72.52828845,23.02920366,1,2,1,1,6,11:05,32,E09000010,6,0,6,30,0,-1,-1,0,0,0,1,1,1,0,0,1,1,E01001531,16-09-2018,1,1,3,2,76,11,3,5,1,0,0,-1,0,1
17937,72.66031961,22.99281163,1,2,1,1,2,12:32,26,E09000017,4,469,6,30,0,-1,-1,0,0,0,1,1,1,0,0,1,1,E01002478,17-10-2018,1,1,1,1,37,7,2,0,0,0,0,-1,5,1
17938,72.58245588,23.04567484,1,3,2,1,5,19:06,27,E09000009,3,406,6,40,3,4,6,0,0,0,4,1,1,0,0,1,1,E01001275,10-11-2018,1,1,2,1,19,4,3,0,0,1,0,-1,9,1
17939,72.65295674,23.0025014,1,2,1,1,6,12:56,28,E09000005,3,406,3,40,3,4,3,406,0,0,1,1,1,0,0,1,1,E01000628,18-11-2018,1,2,2,2,69,10,3,0,0,0,4,-1,11,1
17940,72.57750627,23.08204328,1,2,2,2,3,11:33,26,E09000017,4,466,6,30,0,-1,-1,0,0,0,1,1,1,0,0,1,1,E01002433,15-11-2018,2,1,2,2,38,7,3,0,0,1,0,-1,9,1
17941,72.6321463,23.05920296,1,2,1,1,7,15:11,30,E09000003,3,1,3,60,0,-1,-1,0,0,0,1,1,1,0,0,1,1,E01000290,12-11-2018,1,1,1,1,50,8,3,0,0,0,0,-1,9,1
17942,72.64955996,23.06381266,1,2,1,2,4,01:45,27,E09000009,4,454,6,30,0,-1,-1,0,0,0,4,1,2,0,0,1,1,E01001337,16-11-2018,2,2,2,1,9,2,3,0,0,1,0,-1,9,1
17943,72.64761507,23.00380323,1,2,2,1,4,22:45,26,E09000017,3,4020,3,40,3,2,5,0,0,5,4,1,1,0,0,1,1,E01002414,23-11-2018,1,1,1,1,36,7,2,0,0,0,0,-1,5,1
17944,72.58233312,22.99365333,1,1,1,1,6,21:33,30,E09000003,5,0,6,30,3,4,6,0,0,0,4,1,2,0,0,1,1,E01000289,25-11-2018,1,1,2,2,28,6,3,0,0,0,3,-1,11,-1
17945,72.620767,23.08753262,1,3,2,1,5,02:47,30,E09000003,5,0,6,30,3,4,6,0,0,0,4,1,1,0,0,1,1,E01000152,24-11-2018,2,1,1,2,22,5,3,0,0,0,0,-1,9,2
17946,72.60611405,23.04510892,1,3,3,3,3,23:50,30,E09000003,3,5,6,30,3,4,6,0,0,0,7,1,2,0,0,1,1,E01002116,08-11-2018,2,2,2,1,1,1,3,0,0,2,0,-1,9,2
17947,72.56546779,23.06812118,1,3,1,1,6,07:40,30,E09000003,5,0,6,30,6,4,6,0,0,0,1,1,4,0,0,1,1,E01000212,18-11-2018,1,1,1,1,31,6,3,0,0,0,0,-1,9,1
17948,72.55611771,23.01889984,1,2,2,2,6,03:47,28,E09000005,3,4003,6,30,3,4,3,4003,0,0,4,8,4,0,0,1,1,E01000494,25-11-2018,1,2,2,2,28,6,2,0,0,1,0,-1,9,1
17949,72.56393302,22.99110075,1,2,2,1,6,22:30,28,E09000005,6,0,6,30,3,4,4,4557,0,0,4,1,1,0,0,1,1,E01000601,18-11-2018,2,1,1,1,18,4,3,0,0,0,0,-1,1,1
17950,72.63706202,23.06244877,1,2,1,1,1,19:18,2,E09000007,3,5,6,30,3,2,4,510,0,5,4,1,1,0,0,1,1,E01000548,30-10-2018,1,1,3,1,24,5,3,4,1,0,0,-1,0,1
17951,72.60695011,23.08678719,1,2,1,1,3,16:50,27,E09000009,3,4020,6,30,3,4,6,0,0,4,4,1,1,0,0,1,1,E01001389,29-11-2018,1,1,1,1,47,8,3,0,0,0,0,-1,9,1
17952,72.52311922,23.05804565,1,2,1,1,3,16:49,30,E09000003,6,0,6,30,6,4,6,0,0,8,4,7,2,0,0,1,1,E01000277,22-11-2018,1,1,2,1,23,5,3,0,0,1,0,-1,9,1
17953,72.57431616,23.04667464,1,2,1,1,5,06:35,28,E09000005,5,0,6,30,0,-1,-1,0,0,0,4,1,2,0,0,1,1,E01000476,01-12-2018,2,1,1,2,27,6,2,0,0,0,0,-1,2,1
17954,72.57256833,22.97855891,1,1,2,1,7,01:30,28,E09000005,3,4005,6,30,3,2,6,0,0,5,4,2,2,0,0,1,1,E01000472,26-11-2018,1,1,3,1,10,2,3,5,1,0,0,-1,0,1
17955,72.51713998,22.98326676,1,2,2,2,2,13:35,29,E09000015,3,4008,6,30,0,-1,-1,0,0,0,1,1,1,0,0,2,1,E01002148,28-11-2018,1,1,1,1,27,6,3,0,0,0,0,-1,1,1
17956,72.51215436,22.99307755,1,3,3,3,2,20:12,29,E09000015,3,409,6,30,1,4,3,409,0,8,4,1,2,0,0,1,1,E01002140,21-11-2018,1,1,1,1,20,4,2,0,0,0,0,-1,1,-1
17957,72.58146343,23.06782719,1,1,2,1,4,18:54,26,E09000017,5,0,6,30,0,-1,-1,0,0,0,6,2,2,0,0,2,1,E01002441,07-12-2018,1,1,1,2,47,8,3,0,0,0,0,-1,9,1
17958,72.51050288,23.05757276,1,2,1,1,4,22:00,30,E09000003,3,1000,6,30,0,-1,-1,0,0,0,4,2,2,0,0,1,1,E01000271,30-11-2018,1,1,2,2,-1,-1,3,0,0,0,1,-1,11,1
17959,72.6460638,23.08325521,1,2,1,2,6,13:06,26,E09000017,6,0,6,30,0,-1,-1,0,0,0,1,1,1,0,0,1,1,E01002451,02-12-2018,1,1,1,1,26,6,3,0,0,0,0,-1,9,1
17960,72.55681283,23.06962979,1,1,1,1,5,21:58,30,E09000003,3,41,3,40,3,4,6,0,0,8,4,1,2,0,0,1,1,E01000232,01-12-2018,2,1,2,1,38,7,3,0,0,2,0,-1,9,1
17961,72.51044818,23.03101654,1,3,1,1,6,20:40,30,E09000003,3,502,6,30,6,2,5,0,0,5,4,2,2,0,0,1,1,E01000144,25-11-2018,2,2,1,1,39,7,3,0,0,0,0,-1,9,1
17962,72.5320424,22.98204364,1,1,1,1,5,17:28,27,E09000009,4,455,6,30,0,-1,-1,0,0,0,4,1,2,0,0,1,1,E01001210,08-12-2018,1,1,3,2,89,11,2,1,1,0,0,-1,0,1
17963,72.54892648,23.06889711,1,1,1,1,7,12:00,28,E09000005,3,4088,3,30,3,4,6,0,0,4,1,1,1,0,0,1,2,E01000481,12-11-2018,1,1,3,1,36,7,3,9,5,0,0,-1,0,1
17964,72.54630552,23.03988189,1,1,1,1,6,19:46,30,E09000003,3,407,6,30,0,-1,-1,0,0,0,4,1,1,0,0,1,1,E01000139,25-11-2018,1,2,1,2,27,6,3,0,0,0,0,-1,9,1
17965,72.56487105,23.09369282,1,3,1,1,5,03:50,26,E09000017,4,465,1,30,1,4,3,437,0,0,4,1,1,0,0,1,1,E01002400,10-11-2018,3,1,2,1,64,9,3,0,0,1,0,-1,9,1
17966,72.62183655,22.9792353,1,3,2,1,6,20:57,28,E09000005,5,0,6,30,3,4,5,0,0,0,4,1,2,0,0,1,1,E01000492,25-11-2018,2,1,1,1,52,8,3,0,0,0,0,-1,9,1
17967,72.63024232,23.07098112,1,3,2,3,5,21:45,27,E09000009,6,0,6,30,3,4,6,0,0,0,4,2,2,0,0,1,1,E01001337,01-12-2018,1,1,1,1,41,7,3,0,0,0,0,-1,5,1
17968,72.61980088,23.05405527,1,1,2,2,4,04:30,27,E09000009,3,406,6,30,0,-1,-1,0,0,0,4,1,2,0,0,1,1,E01001234,14-12-2018,1,1,3,1,17,4,3,4,3,0,0,-1,0,-1
17969,72.59158322,23.0310992,1,1,1,2,2,00:05,30,E09000003,4,550,6,30,3,4,4,550,0,1,4,2,2,0,0,1,1,E01000156,19-12-2018,1,1,3,2,40,7,3,1,1,0,0,-1,0,1
17970,72.51012872,23.03589426,1,1,1,1,5,08:48,26,E09000017,5,0,6,30,0,-1,-1,0,0,0,1,1,1,0,0,1,1,E01002535,15-12-2018,1,1,3,2,25,5,2,5,1,0,0,-1,0,1
17971,72.60837045,23.00179792,1,3,2,1,4,05:25,26,E09000017,3,40,3,70,0,-1,-1,0,0,0,4,1,2,0,0,1,1,E01002499,07-12-2018,1,1,3,1,20,4,2,5,3,0,0,-1,0,-1
17972,72.54400937,22.99896162,1,3,1,1,4,09:35,27,E09000009,4,452,6,30,3,4,6,0,0,0,1,1,1,0,0,1,1,E01001385,14-12-2018,1,1,2,2,43,7,3,0,0,0,3,-1,11,1
17973,72.57059979,22.99506122,1,3,5,2,7,15:00,30,E09000003,4,552,6,30,0,-1,-1,0,0,0,1,1,1,0,0,2,1,E01000228,17-12-2018,3,1,1,1,25,5,3,0,0,0,0,-1,9,1
17974,72.58155148,23.06425659,1,2,1,1,2,18:06,26,E09000017,3,4020,3,30,0,-1,-1,0,0,4,4,1,1,0,0,1,1,E01002401,05-12-2018,3,2,2,1,24,5,3,0,0,1,0,-1,9,3
17975,72.59723728,22.97845743,1,3,1,2,3,21:50,29,E09000015,3,410,6,30,3,4,6,0,0,0,4,1,2,0,0,1,1,E01002187,06-12-2018,2,1,1,1,47,8,3,0,0,0,0,-1,9,1
17976,72.56449187,22.97360806,1,2,2,1,3,17:15,26,E09000017,5,0,3,30,0,-1,-1,0,0,0,1,1,1,0,0,1,1,E01002496,06-09-2018,2,2,2,1,43,7,3,0,0,1,0,-1,9,1
17977,72.51609437,23.0416371,1,3,2,1,2,11:24,30,E09000003,3,1,1,30,1,4,3,1,0,0,1,1,1,0,0,1,1,E01000264,12-12-2018,1,1,3,2,20,4,2,5,1,0,0,-1,0,1
17978,72.6121874,23.06840521,1,2,1,1,3,11:35,30,E09000003,4,552,6,30,0,-1,-1,0,0,0,1,1,2,0,0,1,1,E01000262,04-01-2018,1,1,1,1,33,6,3,0,0,0,0,-1,19,-1
17979,72.60193512,23.0798362,1,3,2,1,6,09:12,29,E09000015,3,404,6,30,0,-1,-1,0,0,0,1,4,2,0,0,1,1,E01002137,16-12-2018,2,2,1,1,45,7,3,0,0,0,0,-1,9,1
17980,72.62893992,23.00704042,1,3,2,3,4,15:19,28,E09000005,3,404,6,30,7,2,5,0,0,5,1,1,1,0,0,1,1,E01000595,21-12-2018,1,1,1,1,66,10,3,0,0,0,0,-1,9,1
17981,72.64579118,23.01397618,1,3,2,1,4,21:39,26,E09000017,5,0,6,30,7,4,6,0,0,0,4,1,2,0,0,1,1,E01002396,19-10-2018,1,1,3,1,39,7,3,9,5,0,0,-1,0,1
17982,72.60599326,23.06524822,1,2,2,2,7,20:32,32,E09000010,3,1003,6,30,3,4,6,0,0,0,4,1,2,0,0,1,1,E01001532,10-12-2018,2,1,1,2,33,6,3,0,0,0,0,-1,9,1
17983,72.58572889,23.02690241,1,3,2,1,2,20:46,26,E09000017,3,4020,3,40,0,-1,-1,0,0,0,4,1,1,0,0,1,1,E01002409,05-12-2018,2,2,2,2,58,9,3,0,0,1,0,-1,9,1
17984,72.51578834,23.0018023,1,2,2,1,7,17:34,30,E09000003,3,5109,6,30,3,4,6,0,0,4,1,1,2,0,0,1,1,E01000263,03-12-2018,1,1,1,1,38,7,3,0,0,0,0,-1,9,1
17985,72.60542353,22.97431126,1,3,2,1,1,00:02,30,E09000003,3,110,6,30,0,-1,-1,0,0,0,4,2,2,0,0,1,1,E01000170,04-12-2018,2,1,1,1,37,7,3,0,0,0,0,-1,90,1
17986,72.53125775,23.05140346,1,3,2,1,3,08:47,30,E09000003,3,1,3,50,3,2,5,0,0,0,1,1,1,0,0,1,1,E01000260,08-11-2018,2,2,2,2,41,7,3,0,0,0,0,-1,90,-1
17987,72.65687092,23.08694757,1,3,1,1,4,20:25,28,E09000005,3,406,3,40,3,2,4,4557,0,5,4,1,2,0,0,1,1,E01000602,23-02-2018,1,1,1,1,44,7,3,0,0,0,0,-1,9,1
17988,72.63488095,23.02396408,1,3,2,1,3,09:00,28,E09000005,6,0,6,30,3,4,6,0,0,0,1,1,1,0,0,1,1,E01000639,22-03-2018,1,1,2,2,21,5,3,0,0,1,0,-1,9,1
17989,72.60495157,23.06341417,1,3,2,1,4,17:00,30,E09000003,5,0,6,30,0,-1,-1,0,0,0,1,1,1,0,0,1,1,E01000256,08-06-2018,1,1,1,1,41,7,3,0,0,0,0,-1,9,1
17990,72.61028182,22.99154275,1,3,3,2,3,15:45,28,E09000005,3,406,3,40,0,-1,-1,0,0,0,1,1,1,0,0,1,1,E01000596,14-06-2018,2,1,1,1,43,7,3,0,0,0,0,-1,9,1
17991,72.62180972,23.02670133,1,3,2,1,2,13:53,29,E09000015,3,312,6,30,1,4,3,404,0,0,1,1,1,0,0,1,1,E01002237,23-05-2018,1,1,1,2,38,7,3,0,0,0,0,-1,9,-1
17992,72.53315272,23.04175654,1,3,2,1,5,19:30,5,E09000030,3,1203,6,30,0,-1,-1,0,0,0,4,1,1,0,0,1,1,E01004303,06-01-2018,2,2,1,1,36,7,3,0,0,0,0,-1,9,-1
17993,72.54364154,23.01784994,1,3,2,1,4,10:34,13,E09000031,3,104,3,30,0,-1,-1,0,0,0,1,1,2,0,0,1,2,E01004377,05-01-2018,2,1,1,2,29,6,3,0,0,0,0,-1,9,-1
17994,72.57959983,23.08985974,1,3,2,1,7,22:30,17,E09000025,3,124,6,30,0,-1,-1,0,0,0,4,4,4,0,0,1,1,E01003525,01-01-2018,1,1,2,2,23,5,3,0,0,1,0,-1,9,1
17995,72.50773505,22.96873985,1,2,1,1,7,14:35,17,E09000025,3,13,3,30,0,-1,-1,0,0,0,1,1,1,0,0,1,1,E01003503,22-01-2018,1,1,1,1,33,6,3,0,0,0,0,-1,9,1
17996,72.63602287,23.02585227,1,2,1,1,6,12:12,13,E09000031,3,503,6,30,3,2,5,0,0,5,1,1,1,0,0,1,1,E01004396,21-01-2018,1,1,3,1,58,9,3,6,9,0,0,-1,0,1
17997,72.60486026,23.08207063,1,3,3,1,6,08:59,5,E09000030,3,1203,3,30,0,-1,-1,0,0,0,1,1,1,0,0,1,1,E01004303,21-01-2018,1,1,1,1,31,6,3,0,0,0,0,-1,5,-1
17998,72.54424874,23.00229884,1,3,1,1,2,18:17,4,E09000012,3,10,3,30,3,2,6,0,0,5,4,1,1,1,0,1,1,E01001800,24-01-2018,1,1,2,2,25,5,3,0,0,1,0,-1,9,1
17999,72.6346738,23.04798095,1,2,5,2,3,14:40,13,E09000031,3,104,6,30,6,2,3,1006,0,5,1,1,1,0,0,1,1,E01004425,18-01-2018,1,1,3,2,12,3,3,4,1,0,0,-1,0,1
18000,72.61406838,23.00662876,1,3,2,4,3,17:00,17,E09000025,3,118,6,30,6,4,6,0,0,0,4,1,1,0,0,1,1,E01003553,18-01-2018,1,1,1,1,26,6,3,0,0,0,0,-1,3,1
18001,72.61901962,23.04099729,1,2,1,1,2,05:55,4,E09000012,5,0,1,30,1,4,6,0,0,8,4,2,2,0,0,1,1,E01001771,28-02-2018,1,1,1,2,47,8,3,0,0,0,0,-1,9,-1
18002,72.57199989,23.08983101,1,3,1,2,4,22:00,5,E09000030,3,1203,6,30,3,4,6,0,0,0,4,2,2,0,0,1,1,E01004294,26-01-2018,2,1,2,2,16,4,3,0,0,0,4,-1,11,-1
18003,72.57754828,22.9743873,1,3,2,2,7,14:53,5,E09000030,5,0,6,30,3,4,6,0,0,0,1,1,1,0,0,1,1,E01004286,22-01-2018,1,1,2,1,86,11,3,0,0,0,2,-1,11,1
18004,72.58940762,22.98257096,1,3,4,2,1,17:12,15,E09000016,5,0,6,30,6,4,6,0,0,0,4,1,1,0,0,1,1,E01002285,23-01-2018,1,1,3,1,19,4,3,4,1,0,0,-1,0,-1
18005,72.53623781,23.07342318,1,1,1,2,5,12:28,13,E09000031,3,1006,6,30,3,2,6,0,0,5,1,1,1,0,0,1,1,E01004392,03-02-2018,1,1,1,1,40,7,3,0,0,0,0,-1,5,1
18006,72.61021419,22.9646093,1,3,3,2,7,02:48,4,E09000012,4,108,6,30,6,2,5,0,0,5,4,1,1,0,0,1,1,E01001817,08-01-2018,1,1,3,2,57,9,3,1,2,0,0,-1,0,-1
18007,72.63917465,23.01478957,1,3,2,3,2,05:05,17,E09000025,3,112,6,30,3,2,4,165,0,0,4,1,2,0,0,1,1,E01003636,21-02-2018,1,1,3,1,27,6,3,5,3,0,0,-1,0,-1
18008,72.6192924,22.96741948,1,3,1,1,7,09:09,4,E09000012,3,105,6,30,3,2,5,0,0,5,1,1,1,0,0,1,1,E01002743,05-02-2018,1,1,1,1,36,7,2,0,0,0,0,-1,2,3
18009,72.53362362,22.97935425,1,1,1,6,6,21:39,15,E09000016,3,124,6,30,0,-1,-1,0,0,0,4,1,2,0,0,1,1,E01002248,25-02-2018,2,1,2,1,4,1,3,0,0,2,0,-1,9,1
18010,72.59850589,22.98410654,1,3,1,2,4,21:45,32,E09000010,6,0,6,30,0,-1,-1,0,0,0,4,1,1,0,0,1,1,E01001566,09-02-2018,2,1,1,1,35,6,3,0,0,0,0,-1,9,1
18011,72.6043056,23.03564955,1,3,2,1,7,15:12,4,E09000012,3,10,6,30,3,2,5,0,0,5,1,2,2,0,0,1,1,E01001754,12-02-2018,1,1,1,2,30,6,3,0,0,0,0,-1,9,1
18012,72.57615804,23.00830273,1,3,2,1,3,12:50,31,E09000014,4,106,6,30,0,-1,-1,0,0,1,1,1,1,0,0,1,1,E01001963,01-02-2018,1,1,3,1,33,6,2,5,1,0,0,-1,0,1
18013,72.64388472,23.03305368,1,3,3,1,2,09:45,13,E09000031,4,179,6,30,2,4,6,0,0,0,1,1,1,0,0,1,1,E01004403,31-01-2018,1,1,1,1,44,7,3,0,0,0,0,-1,9,1
18014,72.59841186,23.06213787,1,3,2,1,6,11:50,14,E09000026,6,0,6,30,3,4,3,123,0,0,1,2,2,0,0,1,1,E01003701,28-01-2018,2,1,1,1,38,7,3,0,0,0,0,-1,1,1
18015,72.60922684,22.96753321,1,1,1,2,1,15:10,5,E09000030,3,11,6,30,3,4,6,0,0,0,1,1,1,0,0,1,1,E01004290,20-02-2018,1,1,1,2,43,7,3,0,0,0,0,-1,9,1
18016,72.55529043,23.04859697,1,3,2,2,6,23:06,31,E09000014,6,0,6,20,0,-1,-1,0,0,0,4,2,2,0,0,1,1,E01001966,28-01-2018,2,1,1,1,17,4,3,0,0,0,0,-1,2,1
18017,72.5117619,23.01200989,1,1,1,1,2,15:25,13,E09000031,6,0,6,30,3,4,4,169,0,1,1,1,2,0,0,1,1,E01004358,24-01-2018,1,1,2,1,81,11,3,0,0,0,4,-1,11,1
18018,72.66221097,22.98661137,1,1,1,3,5,22:31,32,E09000010,3,1055,6,30,0,-1,-1,0,0,0,4,1,1,0,0,1,1,E01001445,13-01-2018,1,1,1,1,18,4,3,0,0,0,0,-1,3,1
18019,72.59730848,23.09301542,1,2,1,1,1,08:10,4,E09000012,3,10,6,30,0,-1,-1,0,0,0,1,2,2,0,0,1,1,E01001771,13-02-2018,1,1,3,1,6,2,3,1,1,0,0,-1,0,1
18020,72.60329392,22.96485561,1,3,3,1,4,15:42,16,E09000002,3,13,3,40,0,-1,-1,0,0,0,1,3,2,0,0,1,1,E01000049,23-02-2018,1,1,1,1,30,6,3,0,0,0,0,-1,9,1
18021,72.60780198,23.07854088,1,2,1,2,4,08:37,4,E09000012,3,1202,6,30,0,-1,-1,0,0,0,1,1,1,0,0,1,1,E01001771,25-05-2018,1,1,2,2,9,2,2,0,0,1,0,-1,9,-1
18022,72.54502198,23.0179473,1,2,1,1,5,00:31,5,E09000030,3,11,6,30,0,-1,-1,0,0,4,4,1,1,0,0,1,1,E01004269,10-02-2018,1,2,1,2,43,7,3,0,0,0,0,-1,9,1