Accident_Index,longitude,latitude,Police_Force,Accident_Severity,Number_of_Vehicles,Number_of_Casualties,Day_of_Week,Time,Local_Authority_(District),Local_Authority_(Highway),1st_Road_Class,1st_Road_Number,Road_Type,Speed_limit,Junction_Detail,Junction_Control,2nd_Road_Class,2nd_Road_Number,Pedestrian_Crossing-Human_Control,Pedestrian_Crossing-Physical_Facilities,Light_Conditions,Weather_Conditions,Road_Surface_Conditions,Special_Conditions_at_Site,Carriageway_Hazards,Urban_or_Rural_Area,Did_Police_Officer_Attend_Scene_of_Accident,LSOA_of_Accident_Location,Date,Vehicle_Reference,Casualty_Reference,Casualty_Class,Sex_of_Casualty,Age_of_Casualty,Age_Band_of_Casualty,Casualty_Severity,Pedestrian_Location,Pedestrian_Movement,Car_Passenger,Bus_or_Coach_Passenger,Pedestrian_Road_Maintenance_Worker,Casualty_Type,Casualty_Home_Area_Type
18023,72.56585516,23.08443787,1,3,2,1,5,11:00,31,E09000014,3,503,6,30,6,2,4,152,0,5,1,1,1,0,0,1,1,E01002054,06-01-2018,1,1,1,1,36,7,2,0,0,0,0,-1,5,1
18024,72.66043501,23.07517173,1,3,2,1,4,23:29,15,E09000016,6,0,6,30,3,4,6,0,0,0,4,1,1,0,0,1,1,E01002330,12-01-2018,1,1,3,1,11,3,3,9,8,0,0,-1,0,-1
18025,72.57968344,22.99096655,1,3,1,1,5,08:41,16,E09000002,3,1153,6,30,0,-1,-1,0,0,0,1,1,1,5,0,1,1,E01000045,13-01-2018,2,1,1,1,15,3,3,0,0,0,0,-1,1,1
18026,72.61471364,23.06928982,1,2,1,1,7,18:50,15,E09000016,5,0,6,30,0,-1,-1,0,0,0,1,1,1,0,0,1,1,E01002282,15-01-2018,1,1,3,1,22,5,3,5,1,0,0,-1,0,-1
18027,72.53095571,22.98583396,1,3,2,1,2,20:59,16,E09000002,5,0,6,30,0,-1,-1,0,0,0,4,2,2,0,0,1,1,E01000017,17-01-2018,2,1,1,1,15,3,3,0,0,0,0,-1,1,-1
18028,72.63420267,23.05129429,1,3,2,1,2,20:31,13,E09000031,6,0,6,20,3,2,3,114,0,5,4,2,2,0,0,1,1,E01004366,17-01-2018,1,1,1,2,29,6,3,0,0,0,0,-1,9,1
18029,72.61410194,22.99395821,1,3,1,1,7,10:35,15,E09000016,5,0,6,30,3,4,6,0,0,0,1,1,2,0,0,1,1,E01002361,29-01-2018,2,1,1,1,-1,-1,3,0,0,0,0,-1,9,1
18030,72.63473297,23.02855716,1,2,1,1,2,06:05,5,E09000030,3,13,3,40,0,-1,-1,0,0,0,1,1,1,0,0,1,1,E01004243,28-02-2018,2,1,1,1,23,5,3,0,0,0,0,-1,9,1
18031,72.56571757,23.03798762,1,3,2,2,7,17:27,4,E09000012,3,10,6,30,3,4,5,0,0,0,4,1,1,0,0,1,1,E01001771,29-01-2018,1,1,1,2,68,10,3,0,0,0,0,-1,9,1
18032,72.65286573,23.03583783,1,1,1,1,6,13:45,14,E09000026,3,123,6,30,6,2,5,0,0,5,1,1,2,0,0,1,1,E01003705,04-03-2018,1,1,1,2,55,8,3,0,0,0,0,-1,9,1
18033,72.58840548,22.99892215,1,3,1,1,7,09:53,16,E09000002,3,13,1,30,1,2,3,1306,0,0,1,1,1,0,0,1,1,E01000095,05-02-2018,2,2,1,2,23,5,3,0,0,0,0,-1,9,1
18034,72.65526814,23.00372223,1,3,3,2,4,07:45,14,E09000026,3,12,3,40,0,-1,-1,0,0,0,1,2,2,0,0,1,1,E01003751,02-03-2018,2,1,1,2,29,6,2,0,0,0,0,-1,9,1
18035,72.65392786,23.06991613,1,3,2,2,5,20:50,14,E09000026,3,104,6,30,3,4,6,0,0,0,4,1,1,0,0,1,1,E01003746,03-03-2018,2,1,1,1,36,7,3,0,0,0,0,-1,9,1
18036,72.64664115,23.07346688,1,2,3,1,6,15:05,31,E09000014,3,10,6,30,8,4,4,152,0,0,1,1,1,0,0,1,1,E01002055,18-03-2018,2,2,2,1,39,7,3,0,0,1,0,-1,9,1
18037,72.63008393,22.98843161,1,3,2,1,1,13:00,5,E09000030,4,142,6,30,3,4,4,142,0,0,1,1,1,0,0,1,1,E01004224,06-02-2018,3,3,1,1,35,6,3,0,0,0,0,-1,21,1
18038,72.58181008,23.06679247,1,3,2,2,6,13:40,5,E09000030,3,11,3,30,3,2,5,0,0,5,1,1,1,0,0,1,1,E01004261,11-02-2018,2,1,2,1,6,2,3,0,0,2,0,-1,9,1
18039,72.61771668,23.03299711,1,3,2,3,3,21:03,32,E09000010,3,10,3,40,0,-1,-1,0,0,0,4,1,1,0,3,1,1,E01001403,15-02-2018,2,2,1,2,40,7,3,0,0,0,0,-1,9,1
18040,72.60185592,22.96438819,1,1,2,1,7,09:47,16,E09000002,5,0,6,30,0,-1,-1,0,0,0,1,1,1,0,0,1,1,E01000084,19-03-2018,1,1,1,1,43,7,3,0,0,0,0,-1,9,1
18041,72.66158396,22.98870485,1,2,2,1,2,16:00,4,E09000012,3,107,6,30,3,4,3,107,0,0,1,1,1,0,0,1,1,E01001824,07-03-2018,1,2,2,2,42,7,3,0,0,1,0,-1,9,1
18042,72.66089297,23.00973974,1,3,4,2,5,19:54,31,E09000014,6,0,6,30,0,-1,-1,0,0,0,4,3,2,0,0,1,1,E01002094,24-02-2018,1,3,2,1,13,3,3,0,0,2,0,-1,9,-1
18043,72.58072165,23.06662236,1,3,2,1,6,16:30,16,E09000002,5,0,6,30,6,4,6,0,0,0,1,1,2,0,0,1,1,E01000100,25-02-2018,1,1,1,1,86,11,3,0,0,0,0,-1,9,1
18044,72.65729109,23.01481457,1,3,1,1,5,19:46,32,E09000010,3,1010,6,30,1,4,3,1010,0,4,4,2,2,0,0,1,1,E01001429,24-02-2018,1,1,3,2,13,3,3,5,2,0,0,-1,0,1
18045,72.54084494,23.00606223,1,3,2,1,2,18:02,32,E09000010,3,1010,6,30,3,4,6,0,0,1,4,1,1,0,0,1,1,E01001485,28-02-2018,1,1,2,2,64,9,3,0,0,0,3,-1,11,1
18046,72.62451793,23.05168471,1,3,3,1,2,20:05,31,E09000014,4,138,6,30,6,2,3,504,0,5,4,1,2,0,0,1,1,E01002003,07-03-2018,1,1,3,2,72,10,3,5,1,0,0,-1,0,1
18047,72.56580361,23.0038322,1,3,2,1,5,21:50,5,E09000030,3,11,3,30,6,2,3,1205,0,5,4,1,1,0,0,1,1,E01004269,17-03-2018,1,1,1,1,32,6,3,0,0,0,0,-1,9,1
18048,72.53407985,23.07650596,1,3,1,1,5,09:00,4,E09000012,3,106,6,30,3,4,6,0,0,0,1,1,1,0,0,1,1,E01001846,17-03-2018,1,1,1,1,18,4,2,0,0,0,0,-1,2,1
18049,72.56285379,23.03714557,1,3,2,1,5,09:40,4,E09000012,3,10,3,30,0,-1,-1,0,0,1,1,1,1,0,0,1,1,E01001771,03-03-2018,1,1,3,2,42,7,3,9,5,0,0,-1,0,1
18050,72.61361261,22.98207788,1,3,3,1,1,21:06,4,E09000012,5,0,6,30,3,4,6,0,0,0,4,1,1,0,0,1,1,E01001765,06-03-2018,1,1,1,1,31,6,3,0,0,0,0,-1,5,-1
18051,72.5236429,23.00671897,1,3,2,1,2,05:00,32,E09000010,6,0,1,30,1,4,6,0,0,0,4,8,2,0,0,1,1,E01001538,07-03-2018,1,1,2,1,17,4,3,0,0,2,0,-1,9,1
18052,72.64234072,23.03536042,1,2,2,1,5,19:00,31,E09000014,3,503,6,30,3,4,6,0,0,4,1,1,1,0,0,1,1,E01002054,31-03-2018,1,2,1,1,18,4,2,0,0,0,0,-1,9,1
18053,72.53209456,23.02152836,1,3,2,2,4,04:41,5,E09000030,4,134,2,30,6,4,6,0,0,0,4,1,1,0,0,1,1,E01004306,09-03-2018,1,3,2,1,16,4,3,0,0,1,0,-1,9,-1
18054,72.63822807,22.96498908,1,3,2,1,5,21:40,4,E09000012,6,0,6,30,0,-1,-1,0,0,0,4,1,1,0,0,1,1,E01001819,24-03-2018,1,1,1,1,42,7,3,0,0,0,0,-1,5,1
18055,72.53522055,23.06250508,1,2,1,1,5,20:30,17,E09000025,3,13,3,40,5,2,5,0,0,5,4,1,1,0,0,1,1,E01003509,31-03-2018,1,2,2,2,-1,-1,3,0,0,1,0,-1,9,1
18056,72.52342486,23.02400778,1,2,2,3,6,23:35,15,E09000016,3,124,6,30,0,-1,-1,0,0,0,4,1,2,0,0,1,1,E01002249,18-02-2018,2,1,2,2,17,4,3,0,0,1,0,-1,9,1
18057,72.57889398,22.98418597,1,3,1,1,3,18:43,14,E09000026,3,123,6,30,0,-1,-1,0,0,5,4,1,2,0,0,1,1,E01003783,08-03-2018,2,3,2,2,18,4,3,0,0,2,0,-1,9,1
18058,72.58867985,23.01375813,1,3,2,1,5,20:40,32,E09000010,3,1055,6,40,0,-1,-1,0,0,0,4,1,1,0,0,1,1,E01001559,06-01-2018,1,1,1,2,16,4,3,0,0,0,0,-1,1,1
18059,72.62647995,23.09050918,1,3,2,3,7,06:55,5,E09000030,3,1208,6,30,0,-1,-1,0,0,0,4,1,1,0,0,1,1,E01004204,29-01-2018,1,1,2,2,18,4,3,0,0,2,0,-1,9,-1
18060,72.64891635,23.05334939,1,2,2,1,6,17:31,5,E09000030,3,11,3,30,3,4,6,0,0,0,1,1,1,0,0,1,1,E01004290,01-04-2018,1,2,2,1,22,5,3,0,0,1,0,-1,9,1
18061,72.51934519,23.03320035,1,3,2,2,7,04:05,4,E09000012,3,107,6,30,7,2,3,104,0,5,4,1,1,0,0,1,1,E01001758,19-03-2018,1,1,3,2,32,6,3,5,4,0,0,-1,0,-1
18062,72.58209991,22.98814176,1,3,3,1,6,05:27,4,E09000012,3,10,6,30,3,4,6,0,0,0,1,1,1,0,0,1,1,E01001777,18-03-2018,1,1,3,1,25,5,3,4,1,0,0,-1,0,1
18063,72.64632433,23.07585538,1,3,2,1,7,15:55,15,E09000016,3,125,6,30,3,4,3,118,0,0,1,1,1,0,0,1,1,E01002356,19-03-2018,1,2,1,2,54,8,3,0,0,0,0,-1,9,1
18064,72.63400339,23.09370045,1,3,1,1,6,10:30,4,E09000012,4,108,6,30,6,2,5,0,0,5,1,1,1,0,0,1,1,E01001819,01-04-2018,2,1,1,2,27,6,3,0,0,0,0,-1,1,1
18065,72.57716004,22.98989902,1,2,2,1,7,19:00,4,E09000012,5,0,6,30,6,2,3,10,0,5,4,1,1,0,0,1,1,E01001777,02-04-2018,1,1,3,1,45,7,3,5,3,0,0,-1,0,-1
18066,72.59621039,23.08647029,1,3,2,1,3,16:30,31,E09000014,3,105,6,30,6,2,3,1080,0,0,1,1,1,0,6,1,1,E01002003,08-03-2018,1,1,1,1,77,11,3,0,0,0,0,-1,9,1
18067,72.65332468,23.03328876,1,2,2,2,4,19:00,31,E09000014,4,155,3,30,0,-1,-1,0,0,0,4,1,1,0,2,1,1,E01002088,06-04-2018,1,1,1,1,10,2,3,0,0,0,0,-1,1,1
18068,72.55446016,22.99575975,1,3,3,1,2,16:35,15,E09000016,3,12,1,30,1,4,1,25,0,0,1,1,1,0,0,2,1,E01002296,04-04-2018,1,1,1,2,38,7,3,0,0,0,0,-1,9,1
18069,72.51663295,22.97118054,1,3,2,2,4,23:30,31,E09000014,3,1201,6,30,0,-1,-1,0,0,1,4,1,1,0,0,1,1,E01001990,23-03-2018,1,1,1,1,45,7,3,0,0,0,0,-1,3,-1
18070,72.53623743,23.04169533,1,3,3,1,3,15:58,5,E09000030,6,0,6,30,0,-1,-1,0,0,0,1,1,1,0,0,1,1,E01004218,05-04-2018,1,1,1,1,25,5,3,0,0,0,0,-1,9,1
18071,72.51318817,23.08002234,1,3,2,1,7,13:58,5,E09000030,3,11,3,30,3,4,3,11,0,4,1,1,1,0,0,1,1,E01004309,19-03-2018,1,1,1,1,23,5,3,0,0,0,0,-1,9,1
18072,72.55935866,23.02299032,1,2,2,2,2,20:40,31,E09000014,3,105,6,30,3,4,3,105,0,4,4,1,1,0,0,1,1,E01001975,28-03-2018,1,2,2,1,23,5,3,0,0,1,0,-1,9,1
18073,72.58207861,22.9995736,1,3,3,2,6,11:10,32,E09000010,1,25,3,70,0,-1,-1,0,0,0,1,2,2,0,0,2,1,E01001552,08-04-2018,1,1,1,1,28,6,3,0,0,0,0,-1,9,1
18074,72.57103061,22.966786,1,3,2,1,6,01:30,14,E09000026,3,123,6,30,3,4,3,123,0,0,4,1,1,0,0,1,1,E01000012,01-04-2018,1,1,1,1,54,8,2,0,0,0,0,-1,1,1
18075,72.65731124,23.04156089,1,3,2,1,3,22:05,32,E09000010,3,110,3,30,6,2,3,1010,0,5,4,1,1,0,0,1,1,E01001507,19-04-2018,1,1,1,1,58,9,3,0,0,0,0,-1,4,1
18076,72.63617169,22.97110787,1,2,1,1,4,20:08,13,E09000031,3,406,3,30,0,-1,-1,0,0,0,4,9,2,0,0,1,1,E01004403,23-02-2018,2,1,1,1,47,8,3,0,0,0,0,-1,4,1
18077,72.51877973,23.0166917,1,2,2,3,5,23:33,4,E09000012,3,1208,6,30,0,-1,-1,0,0,0,4,1,1,0,0,1,1,E01004311,14-04-2018,2,1,2,1,-1,-1,3,0,0,1,0,-1,9,-1
18078,72.6361735,23.02482342,1,1,1,1,3,00:40,5,E09000030,3,1203,6,30,3,4,6,0,0,4,4,1,1,5,0,1,1,E01004303,26-04-2018,2,1,1,1,18,4,3,0,0,0,0,-1,3,1
18079,72.60106684,23.00283838,1,3,1,1,1,13:10,13,E09000031,6,0,6,30,3,4,6,0,0,0,1,1,1,0,0,1,2,E01004422,20-02-2018,2,1,1,2,18,4,3,0,0,0,0,-1,2,1
18080,72.5597334,23.04199782,1,1,2,3,5,14:35,14,E09000026,3,1112,3,30,8,4,6,0,0,0,1,1,1,0,0,1,1,E01003722,17-03-2018,1,1,3,1,7,2,2,6,9,0,0,-1,0,1
18081,72.54277826,23.05851146,1,1,1,1,6,22:40,5,E09000030,3,11,6,30,0,-1,-1,0,0,0,4,1,1,0,0,1,1,E01004237,25-03-2018,1,1,1,1,22,5,3,0,0,0,0,-1,9,1
18082,72.60297869,22.99457222,1,3,2,2,2,09:13,32,E09000010,5,0,6,30,3,4,6,0,0,1,1,1,1,0,0,1,1,E01001542,18-04-2018,1,1,1,1,25,5,2,0,0,0,0,-1,3,1
18083,72.50827679,22.99594488,1,3,2,2,6,08:35,4,E09000012,3,10,6,30,3,4,5,0,0,1,1,1,1,0,0,1,1,E01001817,22-04-2018,1,1,1,1,39,7,2,0,0,0,0,-1,19,1
18084,72.60248421,22.96868567,1,3,2,1,3,16:25,5,E09000030,3,11,1,30,1,2,3,12,0,0,1,1,2,0,0,1,1,E01004235,19-04-2018,1,1,1,2,48,8,3,0,0,0,0,-1,1,1
18085,72.60683274,23.08053529,1,3,2,2,7,23:45,5,E09000030,4,108,6,30,0,-1,-1,0,0,0,4,1,1,0,0,1,1,E01004309,30-04-2018,1,1,1,2,60,9,3,0,0,0,0,-1,9,1
18086,72.52395232,22.98226581,1,2,4,3,7,14:15,14,E09000026,6,0,6,30,6,4,6,0,0,0,1,1,1,0,0,1,1,E01003756,30-04-2018,1,1,1,1,83,11,3,0,0,0,0,-1,9,1
18087,72.59105662,22.97647766,1,3,3,1,2,18:25,31,E09000014,3,504,2,30,3,4,6,0,0,0,1,1,1,0,0,1,1,E01002067,18-04-2018,1,1,1,2,22,5,3,0,0,0,0,-1,9,1
18088,72.55693311,23.0567409,1,3,2,1,3,12:45,5,E09000030,4,126,2,30,3,4,6,0,0,1,1,1,1,0,0,1,2,E01004301,15-03-2018,1,1,3,1,45,7,3,5,1,0,0,-1,0,1
18089,72.53615598,23.03359369,1,2,1,1,5,22:55,13,E09000031,3,12,3,50,0,-1,-1,0,0,0,4,1,1,0,0,1,1,E01004436,21-04-2018,1,1,1,2,43,7,3,0,0,0,0,-1,9,-1
18090,72.63488848,22.9973963,1,3,2,1,5,17:05,32,E09000010,6,0,6,30,0,-1,-1,0,0,0,1,1,1,0,0,1,1,E01001515,14-04-2018,1,1,1,1,21,5,3,0,0,0,0,-1,9,1
18091,72.58134185,22.98880116,1,1,2,1,5,16:35,32,E09000010,3,1055,3,40,3,2,5,0,0,5,1,1,1,0,0,1,1,E01001437,05-05-2018,1,1,1,1,55,8,3,0,0,0,0,-1,9,1
18092,72.65713212,23.01455086,1,3,1,1,3,12:00,4,E09000012,3,10,6,30,3,4,6,0,0,0,1,1,1,0,2,1,1,E01001814,17-05-2018,1,1,2,1,21,5,3,0,0,0,0,-1,19,1
18093,72.55840481,23.07520364,1,2,1,2,6,10:27,32,E09000010,5,0,6,30,0,-1,-1,0,0,1,1,1,1,0,0,1,1,E01001540,06-05-2018,1,1,1,1,30,6,3,0,0,0,0,-1,9,1
18094,72.65580733,22.97981473,1,3,1,1,3,14:20,17,E09000025,3,112,6,30,0,-1,-1,0,0,0,1,2,2,0,0,1,1,E01003595,10-05-2018,1,1,2,2,1,1,3,0,0,0,4,-1,11,1
18095,72.63195163,23.02164559,1,2,1,1,1,23:15,32,E09000010,3,1010,6,30,3,4,6,0,0,0,4,1,1,0,0,1,1,E01001429,08-05-2018,2,1,1,1,51,8,3,0,0,0,0,-1,1,1
18096,72.5373118,23.03147144,1,2,1,1,3,16:10,13,E09000031,4,179,6,30,0,-1,-1,0,0,0,1,1,1,0,0,1,1,E01004398,17-05-2018,1,1,1,1,25,5,3,0,0,0,0,-1,9,1
18097,72.58494342,23.07574802,1,2,2,1,5,18:10,31,E09000014,3,504,6,30,3,4,6,0,0,0,1,2,2,0,0,1,1,E01002020,19-05-2018,1,1,1,2,37,7,3,0,0,0,0,-1,9,1
18098,72.55271701,23.06358231,1,3,4,2,3,14:00,14,E09000026,3,12,3,50,6,2,4,177,0,0,1,1,1,0,0,1,1,E01003770,03-05-2018,1,1,1,1,25,5,3,0,0,0,0,-1,19,1
18099,72.5115589,23.08857572,1,3,2,1,2,12:06,5,E09000030,3,12,3,40,3,4,6,0,0,0,1,1,1,0,0,1,1,E01004249,02-05-2018,2,1,1,1,22,5,3,0,0,0,0,-1,5,1
18100,72.61908884,23.0083516,1,3,1,2,7,16:15,17,E09000025,3,112,6,30,3,4,6,0,0,0,1,1,1,0,0,1,1,E01003636,30-04-2018,1,1,1,2,44,7,3,0,0,0,0,-1,9,1
18101,72.57866853,23.05423413,1,3,1,1,4,09:50,5,E09000030,3,1206,2,30,0,-1,-1,0,0,0,1,1,1,0,0,1,1,E01004255,04-05-2018,1,1,2,1,17,4,3,0,0,2,0,-1,9,-1
18102,72.51666288,22.99936394,1,2,3,1,6,23:10,5,E09000030,4,127,2,30,3,4,4,127,0,0,4,1,1,0,0,1,1,E01004201,13-05-2018,2,1,1,1,32,6,3,0,0,0,0,-1,1,1
18103,72.56290849,23.08761267,1,2,1,1,3,18:15,13,E09000031,3,112,6,30,6,2,5,0,0,5,1,1,1,0,0,1,1,E01004397,26-04-2018,1,1,1,1,16,4,3,0,0,0,0,-1,2,3
18104,72.50890438,23.03668634,1,3,3,2,5,21:03,13,E09000031,6,0,6,30,3,4,6,0,0,0,4,1,2,0,0,1,1,E01004466,05-05-2018,1,1,2,2,43,7,3,0,0,1,0,-1,9,1
18105,72.55890446,23.08290448,1,3,3,1,5,22:55,31,E09000014,6,0,6,30,0,-1,-1,0,0,0,4,1,1,0,0,1,1,E01002044,12-05-2018,2,1,1,1,33,6,3,0,0,0,0,-1,1,1
18106,72.65362735,23.05751699,1,2,1,1,3,13:25,13,E09000031,3,11,6,30,3,4,6,0,0,0,1,1,1,0,0,1,1,E01004440,03-05-2018,1,1,1,2,46,8,3,0,0,0,0,-1,9,1
18107,72.65214855,23.0373463,1,2,1,1,1,21:25,15,E09000016,3,124,6,30,3,4,6,0,0,0,4,1,1,0,0,1,1,E01002321,15-05-2018,1,1,1,1,32,6,3,0,0,0,0,-1,9,1
18108,72.56829602,23.05026576,1,3,2,3,2,13:00,16,E09000002,6,0,6,30,3,4,3,124,0,0,1,1,1,0,0,1,1,E01000077,16-05-2018,3,2,2,2,51,8,3,0,0,1,0,-1,9,1
18109,72.59687285,23.05328268,1,2,2,2,4,08:56,15,E09000016,4,1335,6,30,3,4,3,1306,0,0,1,1,1,0,0,2,1,E01002344,04-05-2018,1,1,1,1,66,10,3,0,0,0,0,-1,9,3
18110,72.53523767,23.01122396,1,3,5,1,7,11:29,13,E09000031,3,104,6,30,3,4,6,0,0,0,1,1,1,0,0,1,1,E01004423,07-05-2018,1,1,3,1,16,4,3,5,4,0,0,-1,0,1
18111,72.54945808,23.00546669,1,2,1,1,2,14:46,17,E09000025,3,13,3,40,0,-1,-1,0,0,0,1,1,1,0,0,1,1,E01003482,16-05-2018,1,1,1,2,54,8,3,0,0,0,0,-1,9,1
18112,72.58763339,22.99460458,1,3,3,1,3,20:59,5,E09000030,3,100,6,30,6,2,3,1210,0,0,4,1,1,0,0,1,1,E01004293,10-05-2018,2,1,1,2,30,6,3,0,0,0,0,-1,9,1
18113,72.62472168,23.08771344,1,3,3,1,1,19:45,13,E09000031,3,1006,6,30,3,4,6,0,0,1,1,1,1,0,0,1,1,E01004446,15-05-2018,1,1,1,1,55,8,3,0,0,0,0,-1,9,1
18114,72.55694734,23.01029908,1,2,2,2,6,18:16,17,E09000025,3,406,3,40,0,-1,-1,0,0,0,1,1,1,0,0,1,1,E01003480,20-05-2018,1,1,1,2,49,8,3,0,0,0,0,-1,9,1
18115,72.52555621,23.027937,1,3,3,1,4,15:12,14,E09000026,3,118,1,30,1,4,5,0,0,0,1,1,1,0,0,1,1,E01003768,25-05-2018,1,2,2,2,51,8,3,0,0,1,0,-1,9,-1
18116,72.55588432,23.00750901,1,1,2,2,7,11:30,15,E09000016,3,1306,3,60,3,4,6,0,0,0,1,1,1,0,0,2,1,E01002344,28-05-2018,1,1,2,2,48,8,3,0,0,1,0,-1,9,1
18117,72.58228663,22.96782715,1,1,1,1,6,08:40,16,E09000002,6,0,6,30,0,-1,-1,0,0,0,1,1,1,0,0,1,1,E01000057,27-05-2018,1,2,1,1,29,6,3,0,0,0,0,-1,9,1
18118,72.52559663,22.97226431,1,3,2,1,4,15:30,15,E09000016,3,12,3,50,6,2,3,125,0,5,1,1,1,0,0,1,1,E01002338,25-05-2018,1,1,1,1,31,6,3,0,0,0,0,-1,1,1
18119,72.5699963,23.05804643,1,3,4,2,6,21:25,5,E09000030,3,1206,6,30,0,-1,-1,0,0,0,4,1,1,0,0,1,1,E01004275,20-05-2018,1,1,2,2,25,5,3,0,0,1,0,-1,9,1
18120,72.51148217,23.08218071,1,1,2,1,7,15:18,32,E09000010,3,10,3,40,0,-1,-1,0,0,4,1,1,1,0,0,1,1,E01001409,04-06-2018,1,1,2,2,78,11,3,0,0,0,4,-1,11,1
18121,72.54722972,22.99046968,1,2,1,1,6,18:40,32,E09000010,3,1010,6,30,3,4,6,0,0,0,4,5,2,0,0,1,1,E01001549,28-01-2018,1,1,1,2,38,7,3,0,0,0,0,-1,9,-1
18122,72.50904853,22.98866473,1,1,2,1,4,17:20,31,E09000014,3,109,6,30,3,2,4,151,0,5,1,1,1,0,0,1,1,E01002098,08-06-2018,2,1,1,1,41,7,3,0,0,0,0,-1,1,1
18123,72.54845109,23.02577702,1,2,4,4,5,13:15,4,E09000012,5,0,6,30,6,2,4,108,0,5,1,1,1,0,0,1,1,E01001774,09-06-2018,2,1,2,2,11,3,3,0,0,2,0,-1,9,1
18124,72.60599445,22.9771382,1,2,1,1,5,18:00,32,E09000010,3,1010,6,30,3,4,6,0,0,0,1,1,1,0,0,1,1,E01001479,02-06-2018,2,2,1,2,36,7,3,0,0,0,0,-1,9,1
18125,72.54398902,23.07304443,1,2,2,1,3,01:53,13,E09000031,6,0,6,30,0,-1,-1,0,0,0,4,1,1,0,0,1,1,E01004410,31-05-2018,4,1,1,1,32,6,3,0,0,0,0,-1,9,-1
18126,72.56173978,22.9832907,1,1,1,1,1,18:24,5,E09000030,3,1209,6,30,3,4,6,0,0,1,1,1,1,0,0,1,1,E01004211,12-06-2018,1,1,3,2,12,3,3,5,2,0,0,-1,0,1
18127,72.54272749,22.98981279,1,3,2,3,6,12:55,17,E09000025,5,0,6,30,0,-1,-1,0,0,0,1,1,1,0,0,1,1,E01003555,20-05-2018,1,1,2,1,72,10,3,0,0,0,3,-1,11,-1
18128,72.63387704,23.04105049,1,2,2,1,3,23:37,5,E09000030,3,1020,3,40,0,-1,-1,0,0,0,4,1,1,4,0,1,1,E01004220,07-06-2018,1,2,2,2,20,4,3,0,0,0,4,-1,11,1
18129,72.58556418,22.97269858,1,3,2,1,3,11:10,14,E09000026,3,12,3,40,6,2,5,0,0,5,1,1,1,0,0,1,1,E01003755,31-05-2018,1,3,2,2,53,8,3,0,0,0,4,-1,11,1
18130,72.55207905,23.03020616,1,3,2,1,1,00:59,31,E09000014,3,105,6,30,0,-1,-1,0,0,0,4,1,1,0,0,1,1,E01002031,29-05-2018,1,4,2,2,31,6,3,0,0,0,4,-1,11,1
18131,72.65510068,23.02936265,1,1,2,1,7,16:58,14,E09000026,5,0,6,30,8,4,6,0,0,0,1,1,1,0,0,1,1,E01003710,18-06-2018,1,1,1,2,38,7,3,0,0,0,0,-1,9,1
18132,72.58474598,22.99725035,1,1,1,1,4,20:06,31,E09000014,3,105,6,30,6,4,6,0,0,0,1,1,1,0,0,1,1,E01001999,15-06-2018,1,1,3,2,14,3,3,5,1,0,0,-1,0,-1
18133,72.55004731,23.00944425,1,3,2,1,6,04:05,32,E09000010,5,0,3,50,6,2,3,10,0,5,4,1,1,0,0,1,1,E01001409,06-05-2018,1,1,1,2,18,4,3,0,0,0,0,-1,9,1
18134,72.55091879,23.0171532,1,3,1,1,3,03:16,13,E09000031,6,0,6,30,0,-1,-1,0,0,0,4,1,1,0,0,1,1,E01004379,21-06-2018,1,1,1,2,35,6,3,0,0,0,0,-1,9,3
18135,72.58119065,23.07986226,1,3,2,1,5,21:50,31,E09000014,4,137,6,30,3,4,6,0,0,0,4,1,1,0,0,1,1,E01002075,16-06-2018,1,1,2,2,80,11,3,0,0,0,1,-1,11,1
18136,72.61244763,23.03111421,1,3,3,1,2,08:20,32,E09000010,3,406,3,50,0,-1,-1,0,0,0,1,1,1,0,0,1,1,E01001558,13-06-2018,1,1,2,1,-1,-1,3,0,0,1,0,-1,9,-1
18137,72.58648931,22.9951548,1,2,3,1,2,09:45,3,E09000019,3,401,6,30,6,2,5,0,0,5,1,1,1,0,0,1,1,E01002726,13-06-2018,1,2,2,1,-1,-1,3,0,0,2,0,-1,9,-1
18138,72.62111892,22.98092316,1,1,2,4,7,04:30,32,E09000010,5,0,6,30,3,4,6,0,0,0,1,1,1,0,0,1,1,E01001454,18-06-2018,1,1,3,1,30,6,3,5,1,0,0,-1,0,1
18139,72.5648329,23.07275587,1,3,2,1,4,16:25,32,E09000010,3,110,2,30,0,-1,-1,0,0,0,1,2,2,0,0,1,1,E01001450,01-06-2018,2,1,1,1,37,7,2,0,0,0,0,-1,5,1
18140,72.52755659,23.00446702,1,2,2,1,3,17:04,31,E09000014,6,0,6,30,3,4,6,0,0,0,1,1,1,0,0,1,1,E01002103,26-04-2018,2,1,1,1,11,3,3,0,0,0,0,-1,1,1
18141,72.63268783,23.03780726,1,2,2,1,6,14:00,17,E09000025,5,0,6,30,0,-1,-1,0,0,0,1,1,1,0,0,1,1,E01003502,06-05-2018,2,1,1,1,60,9,2,0,0,0,0,-1,1,1
18142,72.64997314,23.07657527,1,2,1,2,4,07:11,5,E09000030,3,13,3,30,3,4,6,0,0,0,1,2,2,0,0,1,1,E01004304,13-04-2018,2,1,1,1,42,7,3,0,0,0,0,-1,5,1
18143,72.5690912,23.09325065,1,1,1,1,5,13:08,16,E09000002,3,124,6,30,0,-1,-1,0,0,0,1,1,1,0,0,1,1,E01000067,23-06-2018,1,1,2,2,50,8,3,0,0,0,3,-1,11,1