Accident_Index,longitude,latitude,Police_Force,Accident_Severity,Number_of_Vehicles,Number_of_Casualties,Day_of_Week,Time,Local_Authority_(District),Local_Authority_(Highway),1st_Road_Class,1st_Road_Number,Road_Type,Speed_limit,Junction_Detail,Junction_Control,2nd_Road_Class,2nd_Road_Number,Pedestrian_Crossing-Human_Control,Pedestrian_Crossing-Physical_Facilities,Light_Conditions,Weather_Conditions,Road_Surface_Conditions,Special_Conditions_at_Site,Carriageway_Hazards,Urban_or_Rural_Area,Did_Police_Officer_Attend_Scene_of_Accident,LSOA_of_Accident_Location,Date,Vehicle_Reference,Casualty_Reference,Casualty_Class,Sex_of_Casualty,Age_of_Casualty,Age_Band_of_Casualty,Casualty_Severity,Pedestrian_Location,Pedestrian_Movement,Car_Passenger,Bus_or_Coach_Passenger,Pedestrian_Road_Maintenance_Worker,Casualty_Type,Casualty_Home_Area_Type
18265,77.05822383,28.45188969,1,2,1,1,7,15:40,4,E09000012,3,10,6,30,3,4,6,0,0,5,1,1,1,0,0,1,1,E01001771,08-10-2018,1,1,2,2,54,8,3,0,0,1,0,-1,9,1
18266,77.0781958,28.43118525,1,3,2,1,6,18:03,17,E09000025,3,117,6,30,3,4,6,0,0,0,4,1,1,0,0,1,1,E01003589,21-10-2018,1,1,1,1,14,3,2,0,0,0,0,-1,2,1
18267,77.02353136,28.45364361,1,3,1,1,4,20:00,4,E09000012,3,104,6,30,6,2,3,10,0,5,4,2,2,0,0,1,1,E01001756,19-10-2018,1,2,2,1,9,2,3,0,0,0,0,-1,2,1
18268,77.00083731,28.4750835,1,2,2,1,2,19:18,16,E09000002,6,0,6,30,3,4,6,0,0,0,4,1,1,0,0,1,1,E01000081,17-10-2018,2,3,1,2,38,7,3,0,0,0,0,-1,9,1
18269,77.09176507,28.42847077,1,2,1,2,4,13:32,15,E09000016,3,124,6,30,3,4,6,0,0,0,1,2,2,0,0,1,1,E01002362,12-10-2018,1,1,3,1,12,3,3,5,1,0,0,-1,0,1
18270,77.02423781,28.44270181,1,3,2,3,5,00:30,14,E09000026,5,0,3,50,6,2,3,12,0,5,4,2,2,0,0,1,1,E01003640,13-10-2018,2,1,1,1,59,9,3,0,0,0,0,-1,1,1
18271,77.05790418,28.42199426,1,1,3,2,2,10:26,16,E09000002,3,13,3,40,0,-1,-1,0,0,0,1,1,1,0,0,1,1,E01000045,24-10-2018,1,1,3,1,-1,-1,2,6,9,0,0,-1,0,-1
18272,77.06398535,28.4145248,1,2,2,1,4,18:45,16,E09000002,3,124,3,30,6,2,3,124,0,5,1,1,1,0,0,1,1,E01000007,05-10-2018,1,2,3,1,58,9,2,6,9,0,0,-1,0,1
18273,77.04230534,28.48690273,1,3,3,1,6,21:55,13,E09000031,3,406,3,50,0,-1,-1,0,0,0,4,1,1,0,0,1,1,E01004344,23-09-2018,1,1,3,1,21,5,3,4,1,0,0,-1,0,1
18274,77.04431322,28.48127733,1,3,1,1,7,20:20,13,E09000031,6,0,6,30,3,4,6,0,2,0,4,1,1,0,3,1,1,E01004449,24-09-2018,2,1,1,2,28,6,3,0,0,0,0,-1,9,1
18275,76.98803524,28.44836885,1,3,2,1,4,12:46,32,E09000010,3,406,6,40,6,2,4,106,0,5,1,1,1,0,0,1,1,E01001393,12-10-2018,2,1,1,1,29,6,3,0,0,0,0,-1,5,1
18276,76.97871677,28.50365624,1,2,2,2,6,23:26,4,E09000012,3,106,6,30,0,-1,-1,0,0,0,4,1,1,0,0,1,1,E01001837,21-10-2018,2,1,1,1,62,9,3,0,0,0,0,-1,9,-1
18277,77.07334689,28.46597436,1,3,1,1,3,02:03,15,E09000016,6,0,6,30,0,-1,-1,0,0,0,4,5,2,0,0,1,1,E01002303,25-10-2018,2,2,2,2,1,1,3,0,0,2,0,-1,9,1
18278,77.0980096,28.42310578,1,2,4,1,7,02:38,14,E09000026,6,0,6,30,0,-1,-1,0,0,0,4,1,1,0,0,1,1,E01003713,22-10-2018,2,3,2,1,7,2,3,0,0,2,0,-1,9,1
18279,77.06738739,28.50005323,1,3,2,1,1,00:30,14,E09000026,5,0,6,30,6,2,3,12,0,5,4,1,1,0,0,1,2,E01003755,23-10-2018,2,4,2,2,58,9,3,0,0,1,0,-1,9,-1
18280,77.0136405,28.49185123,1,3,2,2,7,16:35,5,E09000030,3,107,6,30,3,2,4,118,0,5,1,1,1,0,0,1,1,E01004198,29-10-2018,1,1,1,1,21,5,3,0,0,0,0,-1,9,1
18281,77.04344418,28.44781929,1,3,2,1,3,22:34,14,E09000026,5,0,6,30,3,4,6,0,0,0,4,1,1,0,0,1,1,E01003700,25-10-2018,1,1,1,1,21,5,3,0,0,0,0,-1,9,1
18282,76.99383229,28.43838681,1,2,1,1,3,23:12,17,E09000025,3,124,6,30,3,2,6,0,0,5,4,1,1,0,0,1,1,E01003499,11-10-2018,2,1,1,2,31,6,3,0,0,0,0,-1,1,1
18283,76.99976131,28.41532786,1,3,2,2,4,15:35,17,E09000025,5,0,6,30,6,4,5,0,0,0,1,2,2,0,0,1,1,E01003499,12-10-2018,2,1,1,2,18,4,3,0,0,0,0,-1,9,-1
18284,77.05399582,28.4616501,1,1,1,1,5,09:50,16,E09000002,5,0,6,30,3,4,6,0,0,1,1,1,1,0,0,1,1,E01000080,27-10-2018,2,1,1,2,38,7,3,0,0,0,0,-1,1,1
18285,77.02407416,28.48928143,1,2,2,1,5,21:48,5,E09000030,3,1261,6,40,7,2,3,1261,0,0,4,1,1,0,0,1,1,E01004277,13-10-2018,1,1,3,1,24,5,2,5,1,0,0,-1,0,1
18286,77.04613995,28.46963545,1,2,2,1,3,07:09,4,E09000012,3,106,6,30,3,4,6,0,0,0,1,1,1,0,0,1,1,E01001836,18-10-2018,1,1,1,1,16,4,3,0,0,0,0,-1,2,1
18287,77.00369115,28.49309019,1,2,1,1,4,10:45,13,E09000031,3,112,6,30,0,-1,-1,0,0,0,1,1,2,0,0,1,1,E01004397,19-10-2018,2,1,1,2,-1,-1,3,0,0,0,0,-1,9,1
18288,77.01942121,28.40390821,1,2,1,1,5,10:20,17,E09000025,3,115,6,30,3,4,6,0,0,0,1,1,1,4,0,1,1,E01003620,27-10-2018,2,2,2,2,-1,-1,3,0,0,1,0,-1,9,1
18289,77.00284688,28.50416458,1,2,6,3,1,19:14,4,E09000012,5,0,6,30,3,4,6,0,0,0,4,1,1,0,0,1,1,E01001816,23-10-2018,2,1,1,1,35,6,2,0,0,0,0,-1,5,1
18290,77.07570842,28.40324577,1,2,1,1,1,20:00,31,E09000014,3,504,6,30,3,4,6,0,0,0,4,2,2,0,0,1,1,E01002020,16-10-2018,1,1,1,1,62,9,3,0,0,0,0,-1,20,1
18291,77.03768318,28.42118485,1,3,2,1,5,18:20,16,E09000002,3,124,6,30,1,4,3,123,0,0,4,1,1,0,0,1,1,E01000010,27-10-2018,2,1,1,1,36,7,2,0,0,0,0,-1,3,1
18292,77.00899918,28.42412788,1,1,1,1,1,01:25,32,E09000010,3,1010,6,30,3,4,6,0,0,0,4,1,1,0,0,1,1,E01001432,23-10-2018,2,2,2,2,34,6,2,0,0,0,0,-1,3,1
18293,77.02454697,28.45218734,1,3,1,1,4,08:35,4,E09000012,5,0,6,30,6,4,6,0,0,0,1,1,2,0,0,1,1,E01001724,19-10-2018,1,1,3,1,19,4,2,5,3,0,0,-1,0,1
18294,77.04242623,28.41232169,1,3,2,1,3,08:50,31,E09000014,4,137,6,30,3,4,6,0,0,0,1,1,1,0,0,1,1,E01002077,20-09-2018,1,1,1,1,21,5,3,0,0,0,0,-1,9,1
18295,77.06064539,28.44068211,1,1,1,2,6,17:59,5,E09000030,4,108,6,30,3,2,3,11,0,5,4,1,1,0,0,1,1,E01004309,04-11-2018,2,1,1,2,39,7,3,0,0,0,0,-1,9,1
18296,77.05479088,28.40399405,1,3,2,1,4,21:00,14,E09000026,3,118,6,30,3,2,4,177,0,5,4,1,1,0,0,1,1,E01003769,05-10-2018,1,1,1,1,64,9,3,0,0,0,0,-1,9,1
18297,77.01309957,28.47048549,1,1,2,1,7,09:28,14,E09000026,4,177,6,30,0,-1,-1,0,0,0,1,1,1,0,0,1,1,E01003716,12-11-2018,2,1,2,2,-1,-1,3,0,0,1,0,-1,9,-1
18298,77.05925734,28.41874249,1,3,1,2,4,14:28,17,E09000025,6,0,6,30,0,-1,-1,0,0,0,1,1,2,0,0,1,1,E01003482,26-10-2018,2,1,1,1,22,5,3,0,0,0,0,-1,1,1
18299,77.04905627,28.43224908,1,1,1,1,5,13:28,13,E09000031,3,1069,6,30,0,-1,-1,0,0,0,1,2,2,0,0,2,1,E01004352,03-11-2018,1,1,3,1,18,4,3,4,3,0,0,-1,0,1
18300,77.06381924,28.47508755,1,1,1,1,4,10:20,32,E09000010,4,154,3,30,3,4,6,0,0,8,1,1,1,0,0,1,1,E01001402,16-11-2018,1,1,1,1,58,9,3,0,0,0,0,-1,9,1
18301,77.05643832,28.45434327,1,1,1,4,1,20:00,15,E09000016,3,13,3,70,5,4,3,1306,0,0,4,1,2,0,0,2,1,E01002344,20-11-2018,1,1,1,1,42,7,3,0,0,0,0,-1,9,1
18302,77.04654389,28.48567715,1,2,1,1,7,19:00,32,E09000010,3,111,6,30,6,2,3,105,0,5,4,1,2,0,0,1,1,E01001495,19-11-2018,1,1,1,1,17,4,3,0,0,0,0,-1,3,1
18303,77.00138357,28.45190289,1,2,2,1,6,13:30,32,E09000010,6,0,6,30,3,4,6,0,0,0,1,1,1,0,0,1,1,E01001475,28-10-2018,1,1,2,2,57,9,2,0,0,0,3,-1,11,1
18304,76.98810248,28.47870275,1,1,1,1,5,00:53,31,E09000014,6,0,6,30,0,-1,-1,0,0,0,4,1,4,0,0,1,1,E01002020,24-11-2018,1,1,1,2,44,7,3,0,0,0,0,-1,9,1
18305,77.02085225,28.45458088,1,1,1,1,5,17:05,15,E09000016,5,0,6,30,0,-1,-1,0,0,4,4,1,2,0,0,1,1,E01002291,24-11-2018,1,1,1,1,33,6,3,0,0,0,0,-1,9,1
18306,77.01499038,28.50082034,1,2,1,4,7,23:00,4,E09000012,3,102,6,30,3,4,6,0,0,0,4,1,2,0,0,1,1,E01001847,19-11-2018,1,1,1,1,30,6,3,0,0,0,0,-1,8,2
18307,77.05418485,28.4515298,1,2,2,1,2,07:45,4,E09000012,3,105,6,30,0,-1,-1,0,0,0,1,1,1,0,0,1,1,E01001714,28-11-2018,1,1,1,1,40,7,3,0,0,0,0,-1,9,1
18308,77.06823348,28.48013225,1,2,2,2,6,21:45,4,E09000012,3,107,3,40,3,4,6,0,0,0,4,1,1,0,0,1,1,E01001807,28-10-2018,1,1,1,1,32,6,3,0,0,0,0,-1,5,1
18309,77.03996588,28.43077183,1,2,1,1,2,09:00,32,E09000010,3,110,6,30,0,-1,-1,0,0,0,1,1,1,0,0,1,1,E01001470,28-11-2018,1,1,1,1,20,4,3,0,0,0,0,-1,9,1
18310,77.06228326,28.47913348,1,2,2,1,3,17:35,15,E09000016,5,0,6,30,0,-1,-1,0,0,0,4,1,1,0,0,1,1,E01002259,15-11-2018,1,1,1,1,19,4,3,0,0,0,0,-1,9,1
18311,76.97536573,28.48422862,1,2,1,1,5,12:00,15,E09000016,4,175,6,30,6,4,4,175,0,0,1,1,1,0,0,1,1,E01002336,20-10-2018,1,1,3,2,11,3,3,5,1,0,0,-1,0,1
18312,77.04117878,28.4157123,1,3,2,1,5,10:31,31,E09000014,3,503,6,30,6,2,3,10,0,5,1,1,1,0,0,1,1,E01002069,10-11-2018,2,1,1,2,19,4,3,0,0,0,0,-1,9,1
18313,77.05454603,28.41211817,1,3,2,2,2,13:50,15,E09000016,1,25,1,70,1,4,3,127,0,0,1,1,1,0,0,2,1,E01002252,05-12-2018,2,1,2,2,31,6,3,0,0,1,0,-1,9,1
18314,77.10052846,28.44132708,1,3,2,3,2,19:50,5,E09000030,3,11,6,30,3,2,4,121,0,5,4,7,2,0,0,1,1,E01004290,21-11-2018,3,2,1,2,21,5,3,0,0,0,0,-1,9,1
18315,77.03809186,28.41184948,1,2,2,2,6,06:05,5,E09000030,6,0,3,30,5,4,3,1261,0,0,4,1,1,0,0,1,1,E01004277,09-12-2018,2,1,1,1,-1,-1,3,0,0,0,0,-1,9,-1
18316,77.03274505,28.43313529,1,1,1,1,1,10:22,15,E09000016,4,174,6,30,0,-1,-1,0,0,0,1,1,1,0,0,1,1,E01002326,18-12-2018,1,1,1,1,26,6,3,0,0,0,0,-1,9,1
18317,77.07387683,28.50044355,1,3,5,3,4,11:13,16,E09000002,3,13,3,70,0,-1,-1,0,0,0,1,1,1,0,0,1,1,E01000090,14-12-2018,2,2,1,1,37,7,3,0,0,0,0,-1,9,1
18318,77.08580325,28.49283223,1,3,2,1,7,12:30,31,E09000014,6,0,6,30,3,4,6,0,0,0,1,1,1,0,0,1,1,E01002028,19-11-2018,2,3,2,2,19,4,3,0,0,1,0,-1,9,1
18319,77.09857872,28.50397548,1,3,2,1,2,13:23,31,E09000014,3,105,6,30,6,4,6,0,0,0,1,1,2,0,0,1,1,E01002002,21-11-2018,1,1,3,1,-1,-1,3,5,1,0,0,-1,0,-1
18320,77.00737953,28.43217445,1,2,1,1,6,09:50,14,E09000026,6,0,6,30,6,4,6,0,0,0,1,1,1,0,0,1,1,E01003783,16-12-2018,1,1,1,1,24,5,3,0,0,0,0,-1,9,1
18321,77.0791656,28.48390276,1,3,3,1,4,12:39,31,E09000014,3,109,6,30,0,-1,-1,0,0,0,1,1,1,0,0,1,1,E01002032,16-11-2018,1,1,1,1,40,7,2,0,0,0,0,-1,5,1
18322,77.08930553,28.41116815,1,3,2,1,3,20:33,5,E09000030,3,11,6,30,3,2,4,120,0,5,4,1,2,0,0,1,1,E01004290,06-12-2018,1,1,3,1,-1,-1,3,1,1,0,0,-1,0,-1
18323,77.03688755,28.45147994,1,3,1,1,3,09:40,5,E09000030,6,0,1,30,1,4,6,0,0,0,1,1,2,0,0,1,1,E01004220,13-12-2018,1,1,1,2,34,6,3,0,0,0,0,-1,9,1
18324,76.98517338,28.48321587,1,2,1,1,5,09:11,32,E09000010,3,1010,6,30,3,2,5,0,0,5,1,1,2,0,0,1,1,E01001547,22-12-2018,1,1,3,1,13,3,3,5,1,0,0,-1,0,1
18325,77.00513083,28.45171482,1,3,2,1,3,23:14,4,E09000012,3,107,6,30,3,2,3,102,0,5,4,1,2,0,0,1,1,E01001734,20-12-2018,1,1,1,1,31,6,3,0,0,0,0,-1,9,1
18326,77.06021037,28.49123004,1,2,1,2,6,22:33,15,E09000016,3,124,3,30,0,-1,-1,0,0,0,4,1,1,0,0,1,1,E01002319,23-12-2018,1,2,2,1,35,6,2,0,0,1,0,-1,9,1
18327,76.97818556,28.45515314,1,3,3,1,6,08:40,5,E09000030,3,102,6,30,0,-1,-1,0,0,0,1,1,2,0,0,1,1,E01004220,16-12-2018,2,1,1,1,27,6,3,0,0,0,0,-1,9,1
18328,76.99445759,28.42292622,1,2,1,1,7,23:54,4,E09000012,4,112,6,30,0,-1,-1,0,0,1,4,1,1,0,0,1,1,E01001846,31-12-2018,1,1,2,2,36,7,2,0,0,1,0,-1,9,-1
18329,77.03009331,28.45763323,1,3,1,1,2,06:10,17,E09000025,3,124,6,30,0,-1,-1,0,0,1,4,1,2,0,0,1,1,E01003493,19-12-2018,1,1,3,2,33,6,3,6,9,0,0,-1,0,-1
18330,76.99351084,28.49401728,1,3,2,1,7,14:05,14,E09000026,5,0,6,30,3,4,6,0,0,0,1,1,1,0,0,1,1,E01003704,03-12-2018,1,1,1,1,42,7,3,0,0,0,0,-1,9,1
18331,77.0257902,28.4658989,1,3,2,2,3,21:52,16,E09000002,3,124,6,30,6,2,3,1153,0,5,4,3,2,0,0,1,1,E01000077,27-12-2018,1,1,3,2,38,7,3,1,3,0,0,-1,0,1
18332,77.04546233,28.49464985,1,1,1,1,3,17:00,32,E09000010,5,0,6,30,3,4,6,0,0,0,4,2,2,0,0,1,1,E01001421,06-12-2018,1,1,1,2,18,4,2,0,0,0,0,-1,9,1
18333,77.04349437,28.47256833,1,1,1,3,7,12:44,31,E09000014,3,1055,2,30,0,-1,-1,0,0,5,1,1,1,0,0,1,1,E01002066,12-11-2018,1,1,2,2,23,5,3,0,0,1,0,-1,9,1
18334,77.05559967,28.44189406,1,2,1,1,6,14:40,17,E09000025,3,13,3,50,0,-1,-1,0,0,0,1,1,1,0,0,1,1,E01003518,05-08-2018,1,1,1,1,30,6,3,0,0,0,0,-1,21,1
18335,76.99665961,28.47291756,1,2,2,1,7,09:50,32,E09000010,3,111,6,30,0,-1,-1,0,0,0,1,1,2,0,0,2,1,E01001417,24-12-2018,1,1,3,1,18,4,3,5,1,0,0,-1,0,1
18336,77.04316672,28.41314455,1,2,2,1,6,23:30,5,E09000030,3,1206,6,30,8,4,6,0,0,1,4,1,1,0,0,1,1,E01004215,23-12-2018,1,1,3,1,-1,-1,3,5,1,0,0,-1,0,-1
18337,77.00266444,28.50813707,1,3,2,2,7,01:12,31,E09000014,3,10,3,30,3,2,4,153,0,5,4,1,1,0,0,1,1,E01002066,17-12-2018,1,1,1,1,35,6,3,0,0,0,0,-1,9,1
18338,77.02084326,28.46584055,1,3,2,5,2,22:53,16,E09000002,3,1153,6,30,3,4,6,0,0,0,4,8,2,0,0,1,1,E01000072,26-12-2018,1,2,2,2,19,4,3,0,0,1,0,-1,9,1
18339,76.99098743,28.42304659,1,2,1,1,4,20:10,5,E09000030,6,0,6,30,3,4,6,0,0,0,4,2,2,0,0,1,1,E01004209,02-11-2018,1,1,1,2,25,5,3,0,0,0,0,-1,9,1
18340,76.97279869,28.46554946,1,3,4,1,5,14:22,17,E09000025,3,11,6,30,3,4,3,11,0,0,1,1,2,0,0,1,1,E01003620,22-12-2018,2,1,1,2,36,7,3,0,0,0,0,-1,9,1
18341,77.0008918,28.49046924,1,3,2,2,7,13:05,31,E09000014,5,0,6,30,3,4,6,0,0,0,1,1,2,0,0,1,1,E01002080,10-12-2018,1,1,3,1,64,9,3,5,3,0,0,-1,0,-1
18342,77.03919931,28.48333981,1,3,2,2,5,17:47,4,E09000012,3,10,6,30,6,2,5,0,0,5,4,1,2,0,0,1,1,E01001776,24-11-2018,1,1,3,1,16,4,3,4,1,0,0,-1,0,1
18343,77.05921503,28.40492208,1,3,2,1,4,17:51,3,E09000019,4,144,6,30,3,4,4,144,0,0,4,1,1,0,0,1,1,E01001779,28-12-2018,1,1,1,2,34,6,3,0,0,0,0,-1,9,1
18344,76.9796911,28.46883766,1,3,3,1,2,21:18,13,E09000031,6,0,6,30,0,-1,-1,0,0,0,4,1,1,0,0,1,1,E01004387,28-11-2018,2,2,1,2,32,6,3,0,0,0,0,-1,9,1
18345,77.04745502,28.44933181,1,1,1,1,3,11:28,7,E09000023,6,0,6,30,3,4,3,21,0,1,1,1,1,0,0,1,1,E01003235,25-01-2018,3,3,1,1,32,6,3,0,0,0,0,-1,9,1
18346,77.08145631,28.43501302,1,2,1,1,3,12:00,20,E09000008,3,232,2,30,0,-1,-1,0,0,0,1,1,1,0,0,1,1,E01001043,18-01-2018,2,1,1,1,44,7,3,0,0,0,0,-1,9,1
18347,77.01629485,28.42322641,1,3,1,1,3,09:55,6,E09000011,6,0,6,30,0,-1,-1,0,0,0,1,1,1,0,0,1,1,E01001604,11-01-2018,1,1,3,1,25,5,2,5,1,0,0,-1,0,1
18348,77.03005488,28.47727838,1,3,1,1,2,12:00,7,E09000023,6,0,6,30,6,4,3,21,0,0,1,1,1,0,0,1,1,E01003223,10-01-2018,2,1,1,1,14,3,2,0,0,0,0,-1,1,1
18349,76.98029602,28.41223251,1,2,1,1,2,10:26,8,E09000028,3,2215,6,30,3,4,6,0,0,0,1,1,1,0,0,1,1,E01004062,17-01-2018,1,1,2,2,68,10,3,0,0,0,1,-1,11,1
18350,76.972854,28.42452005,1,3,1,1,3,22:45,8,E09000028,3,302,2,30,3,4,6,0,0,0,4,1,2,0,0,1,1,E01003933,25-01-2018,1,1,1,1,76,11,3,0,0,0,0,-1,9,1
18351,76.98710602,28.45719401,1,2,1,1,3,10:39,20,E09000008,6,0,6,30,3,4,4,243,0,1,1,2,2,0,0,1,1,E01001044,25-01-2018,1,2,2,2,72,10,3,0,0,1,0,-1,9,1
18352,77.0423777,28.48082236,1,2,1,1,7,19:13,18,E09000004,5,0,6,30,3,4,6,0,0,0,4,2,2,0,0,1,1,E01000437,29-01-2018,1,1,1,1,35,6,3,0,0,0,0,-1,9,1
18353,77.01085845,28.45124407,1,3,2,1,3,07:14,6,E09000011,3,2,3,50,0,-1,-1,0,0,0,4,1,2,0,0,1,1,E01001583,18-01-2018,1,1,1,1,25,5,2,0,0,0,0,-1,5,-1
18354,77.04854114,28.50789429,1,3,2,3,2,21:30,6,E09000011,3,2041,3,30,1,4,3,2041,0,0,4,1,1,0,0,1,1,E01000417,31-01-2018,1,2,2,2,18,4,2,0,0,0,0,-1,5,1
18355,77.09977028,28.43081832,1,3,2,1,5,13:45,8,E09000028,5,0,3,30,3,4,3,2208,0,0,1,1,1,0,0,1,1,E01003987,13-01-2018,1,1,1,1,40,7,2,0,0,0,0,-1,9,1
18356,76.99634433,28.40444804,1,3,2,1,6,12:19,7,E09000023,3,205,6,30,6,4,5,0,0,0,1,1,1,0,0,1,1,E01003224,28-01-2018,1,2,2,1,40,7,3,0,0,1,0,-1,9,1
18357,77.10414234,28.41675713,1,2,1,2,4,15:45,7,E09000023,6,0,6,30,2,4,6,0,0,0,1,1,1,0,0,1,1,E01003297,02-02-2018,2,1,1,1,25,5,3,0,0,0,0,-1,9,-1
18358,76.98642744,28.40872665,1,3,2,1,2,08:20,20,E09000008,3,213,6,30,3,4,3,213,0,0,1,1,2,0,0,1,1,E01001143,31-01-2018,3,1,2,1,65,9,3,0,0,0,2,-1,11,1
18359,77.02964874,28.40855247,1,3,1,1,2,17:28,9,E09000022,3,3,6,30,0,-1,-1,0,0,0,4,2,2,0,0,1,1,E01003100,10-01-2018,1,1,3,2,72,10,3,5,3,0,0,-1,0,1
18360,77.01357074,28.49897857,1,2,1,1,5,18:45,7,E09000023,3,20,6,30,3,4,6,0,0,0,4,1,1,0,0,1,1,E01003211,03-02-2018,2,1,1,1,-1,-1,3,0,0,0,0,-1,1,-1
18361,76.98132618,28.46664183,1,1,1,3,6,18:28,19,E09000006,3,21,3,30,3,4,5,0,0,8,4,1,2,0,0,1,1,E01000675,11-02-2018,1,1,2,1,33,6,3,0,0,0,3,-1,11,-1
18362,76.99724297,28.46313872,1,2,1,1,2,06:58,19,E09000006,6,0,6,30,3,4,3,213,0,0,1,1,1,0,0,1,1,E01000705,31-01-2018,1,1,3,1,12,3,2,8,9,0,0,-1,0,-1
18363,77.04129361,28.43788965,1,3,2,1,4,18:05,7,E09000023,6,0,6,30,0,-1,-1,0,0,0,4,1,1,0,0,1,1,E01003300,19-01-2018,2,1,1,1,38,7,3,0,0,0,0,-1,3,-1
18364,77.04418005,28.4153118,1,3,4,1,4,15:44,9,E09000022,5,0,6,30,3,4,6,0,0,0,1,1,1,0,0,1,1,E01003946,19-01-2018,1,1,1,1,30,6,3,0,0,0,0,-1,9,1
18365,76.99633736,28.43984758,1,3,3,2,5,08:10,7,E09000023,4,2142,6,30,3,4,6,0,0,1,1,1,1,0,0,1,1,E01003345,03-02-2018,1,1,1,1,-1,-1,3,0,0,0,0,-1,3,1
18366,77.00443522,28.4538442,1,2,2,2,2,02:07,8,E09000028,3,2216,6,30,6,2,4,219,0,5,4,1,1,0,0,1,1,E01004075,07-02-2018,1,1,3,2,11,3,3,5,1,0,0,-1,0,-1
18367,77.08790727,28.40378605,1,2,1,1,5,22:31,7,E09000023,3,212,6,30,0,-1,-1,0,0,1,4,2,2,0,0,1,1,E01003334,17-02-2018,2,1,1,1,36,7,3,0,0,0,0,-1,5,1
18368,77.05534851,28.40888433,1,3,2,1,5,19:40,7,E09000023,3,21,3,30,3,4,6,0,0,0,1,1,1,0,0,1,1,E01003318,10-02-2018,1,1,1,1,43,7,3,0,0,0,0,-1,1,1
18369,77.08942798,28.45102648,1,2,3,2,2,09:06,6,E09000011,3,206,3,30,0,-1,-1,0,0,0,1,1,2,0,0,1,1,E01001713,21-02-2018,1,1,3,1,44,7,3,6,9,0,0,-1,0,1
18370,77.00744939,28.49455372,1,3,1,1,6,06:40,20,E09000008,6,0,6,30,2,4,6,0,0,0,4,3,3,0,0,1,1,E01001140,25-02-2018,1,1,1,2,21,5,3,0,0,0,0,-1,9,1
18371,76.99878052,28.44291051,1,2,2,1,6,22:10,18,E09000004,6,0,6,30,0,-1,-1,0,0,0,4,8,2,0,0,1,1,E01000433,04-03-2018,1,1,3,1,28,6,3,1,1,0,0,-1,0,-1
18372,77.05897713,28.41179008,1,1,1,1,3,18:54,6,E09000011,5,0,6,30,6,2,6,0,0,5,4,1,1,0,0,1,1,E01001701,08-03-2018,2,1,1,1,41,7,3,0,0,0,0,-1,5,1
18373,77.0213899,28.50271695,1,2,1,1,4,23:58,8,E09000028,3,3200,6,30,6,4,6,0,0,0,4,1,1,0,0,1,1,E01003929,09-03-2018,1,1,2,1,42,7,3,0,0,1,0,-1,9,1
18374,77.05253901,28.43623121,1,2,1,1,6,22:14,8,E09000028,3,202,6,30,3,4,6,0,0,8,4,1,2,0,0,1,1,E01004067,11-02-2018,2,1,1,1,37,7,3,0,0,0,0,-1,3,1
18375,77.09731945,28.45155338,1,2,2,2,7,01:37,18,E09000004,5,0,6,30,0,-1,-1,0,0,0,4,1,1,0,0,1,1,E01000440,12-03-2018,1,1,2,1,24,5,3,0,0,2,0,-1,9,1
18376,77.01278394,28.43406311,1,3,1,1,4,18:50,8,E09000028,5,0,6,30,6,4,5,0,0,0,4,1,1,0,0,1,1,E01004038,16-02-2018,1,1,1,1,38,7,3,0,0,0,0,-1,5,1
18377,77.0428807,28.41168967,1,2,1,1,1,23:14,8,E09000028,5,0,6,30,3,4,6,0,0,0,4,1,1,0,0,1,1,E01004002,13-03-2018,1,1,2,2,-1,-1,3,0,0,2,0,-1,9,-1
18378,77.10428669,28.47740371,1,1,2,1,3,21:10,18,E09000004,6,0,6,30,3,4,6,0,0,0,4,1,1,0,0,1,1,E01000457,15-03-2018,1,1,3,2,80,11,2,1,3,0,0,-1,0,-1
18379,77.03746023,28.46353916,1,1,2,3,7,02:20,7,E09000023,5,0,6,30,0,-1,-1,0,0,0,4,1,1,0,0,1,1,E01003328,12-03-2018,1,1,1,1,47,8,3,0,0,0,0,-1,9,-1
18380,77.01357197,28.49158981,1,2,1,1,6,18:57,7,E09000023,4,218,6,30,3,4,6,0,0,8,4,1,2,0,0,1,1,E01003214,04-03-2018,1,1,1,2,45,7,3,0,0,0,0,-1,9,-1
18381,76.999539,28.48285951,1,3,2,1,6,02:16,8,E09000028,5,0,6,30,6,4,5,0,0,0,4,1,1,0,0,1,1,E01004037,18-03-2018,1,1,3,1,80,11,3,5,1,0,0,-1,0,1
18382,77.10224364,28.40488469,1,3,2,1,4,18:10,7,E09000023,4,220,3,30,3,4,6,0,0,0,4,2,2,0,0,1,1,E01003199,16-03-2018,1,1,1,1,45,7,3,0,0,0,0,-1,5,3
18383,77.02960946,28.42311298,1,2,1,1,5,08:40,8,E09000028,3,201,3,30,3,4,6,0,0,0,1,1,1,0,0,1,1,E01003962,03-03-2018,1,1,1,1,23,5,3,0,0,0,0,-1,9,1
18384,77.04590722,28.44661245,1,3,2,1,2,20:55,20,E09000008,5,0,6,30,0,-1,-1,0,0,0,4,1,1,0,0,1,1,E01001124,21-03-2018,2,2,1,2,39,7,3,0,0,0,0,-1,9,-1
18385,77.00110281,28.43513522,1,2,2,1,5,18:38,18,E09000004,5,0,6,30,3,4,6,0,0,0,1,1,1,0,0,1,1,E01000356,24-03-2018,2,1,1,1,41,7,3,0,0,0,0,-1,5,3
18386,77.01470733,28.40723335,1,1,1,1,6,20:08,8,E09000028,3,200,3,30,3,2,3,2207,0,5,4,1,1,0,0,1,1,E01004028,01-04-2018,1,1,1,1,26,6,3,0,0,0,0,-1,9,-1