Accident_Index,longitude,latitude,Police_Force,Accident_Severity,Number_of_Vehicles,Number_of_Casualties,Day_of_Week,Time,Local_Authority_(District),Local_Authority_(Highway),1st_Road_Class,1st_Road_Number,Road_Type,Speed_limit,Junction_Detail,Junction_Control,2nd_Road_Class,2nd_Road_Number,Pedestrian_Crossing-Human_Control,Pedestrian_Crossing-Physical_Facilities,Light_Conditions,Weather_Conditions,Road_Surface_Conditions,Special_Conditions_at_Site,Carriageway_Hazards,Urban_or_Rural_Area,Did_Police_Officer_Attend_Scene_of_Accident,LSOA_of_Accident_Location,Date,Vehicle_Reference,Casualty_Reference,Casualty_Class,Sex_of_Casualty,Age_of_Casualty,Age_Band_of_Casualty,Casualty_Severity,Pedestrian_Location,Pedestrian_Movement,Car_Passenger,Bus_or_Coach_Passenger,Pedestrian_Road_Maintenance_Worker,Casualty_Type,Casualty_Home_Area_Type
18508,76.99979494,28.43068273,1,2,2,1,3,20:24,8,E09000028,3,201,6,30,3,4,6,0,0,4,1,1,1,0,0,1,1,E01003944,19-07-2018,2,3,1,2,59,9,3,0,0,0,0,-1,9,1
18509,77.08283552,28.47836045,1,3,3,1,4,13:45,6,E09000011,3,20,6,30,3,4,6,0,0,0,1,1,1,0,0,1,1,E01003286,28-09-2018,1,1,1,1,22,5,2,0,0,0,0,-1,9,1
18510,76.97598706,28.42402267,1,2,1,1,1,17:25,18,E09000004,3,211,6,30,3,4,6,0,0,0,1,1,1,0,0,1,1,E01000386,02-10-2018,1,2,2,1,21,5,2,0,0,1,0,-1,9,-1
18511,77.06171161,28.43075543,1,3,3,1,2,19:55,8,E09000028,3,3200,6,40,0,-1,-1,0,0,0,5,1,1,0,0,1,1,E01003934,05-09-2018,1,1,1,1,18,4,3,0,0,0,0,-1,9,1
18512,77.038046,28.41227166,1,2,2,2,4,07:30,18,E09000004,3,2,3,50,0,-1,-1,0,0,0,1,1,1,0,0,1,1,E01000413,14-09-2018,1,2,2,1,9,2,3,0,0,1,0,-1,9,1
18513,77.04650168,28.46590776,1,1,2,4,7,22:05,18,E09000004,3,222,6,30,0,-1,-1,0,0,0,4,1,2,0,0,1,1,E01000457,08-10-2018,2,1,1,1,-1,-1,3,0,0,0,0,-1,1,-1
18514,76.97360919,28.501338,1,2,2,2,3,19:45,19,E09000006,3,224,1,50,1,4,3,21,0,0,4,1,1,0,0,2,1,E01000680,27-09-2018,2,1,1,2,23,5,3,0,0,0,0,-1,9,1
18515,77.00854338,28.47580119,1,2,3,1,6,20:22,7,E09000023,5,0,6,30,0,-1,-1,0,0,0,4,8,1,0,0,1,1,E01003243,30-09-2018,1,1,1,2,19,4,3,0,0,0,0,-1,9,1
18516,76.97478388,28.45698674,1,1,1,2,7,00:01,7,E09000023,3,21,6,30,3,4,6,0,0,1,6,1,1,0,0,1,1,E01003243,15-10-2018,1,1,2,2,79,11,3,0,0,0,1,-1,11,1
18517,77.02074142,28.45423623,1,2,3,1,5,08:15,6,E09000011,3,2,3,50,0,-1,-1,0,0,0,1,1,1,0,0,1,1,E01001583,06-10-2018,1,1,1,1,19,4,3,0,0,0,0,-1,9,1
18518,77.07829146,28.45159064,1,2,2,1,3,06:35,20,E09000008,3,23,6,30,3,2,6,0,0,5,1,1,1,0,0,1,1,E01001010,18-10-2018,1,1,1,2,32,6,3,0,0,0,0,-1,9,1
18519,77.09239437,28.47411437,1,2,1,1,6,00:55,20,E09000008,4,271,7,30,1,4,3,236,0,0,4,1,1,0,0,1,1,E01001166,05-08-2018,1,1,1,1,33,6,3,0,0,0,0,-1,9,1
18520,77.03737027,28.50479278,1,1,2,1,3,19:35,8,E09000028,6,0,6,30,3,4,6,0,0,0,4,4,1,0,0,1,1,E01003967,25-10-2018,1,1,2,2,-1,-1,3,0,0,0,3,-1,11,-1
18521,76.98316021,28.45665833,1,2,2,1,7,05:50,8,E09000028,3,202,6,30,3,4,6,0,0,0,4,1,1,0,0,1,1,E01004013,15-10-2018,1,1,3,1,40,7,3,5,1,0,0,-1,0,1
18522,77.02276775,28.44462078,1,2,2,1,6,17:31,9,E09000022,3,3,6,30,3,2,5,0,0,5,1,1,1,0,0,1,1,E01003108,21-10-2018,1,1,3,1,34,6,3,9,6,0,0,-1,0,1
18523,76.98160379,28.42353044,1,2,2,3,7,13:20,19,E09000006,3,21,3,50,9,4,6,0,0,0,1,1,1,0,0,2,1,E01000680,15-10-2018,1,1,1,1,18,4,3,0,0,0,0,-1,5,1
18524,76.9771631,28.45987834,1,2,1,1,5,10:53,19,E09000006,3,222,1,30,1,4,6,0,0,0,1,1,1,0,0,1,1,E01000776,20-10-2018,1,1,1,2,23,5,3,0,0,0,0,-1,9,1
18525,76.98286489,28.45393561,1,2,1,4,2,01:00,19,E09000006,3,232,6,30,3,4,6,0,0,0,4,1,2,0,0,1,1,E01000837,17-10-2018,2,1,1,1,38,7,3,0,0,0,0,-1,9,-1
18526,77.04814976,28.44407039,1,2,1,1,6,12:06,7,E09000023,3,212,6,30,0,-1,-1,0,0,0,1,1,1,0,0,1,1,E01003332,15-07-2018,1,1,2,2,81,11,3,0,0,0,1,-1,11,1
18527,77.09870649,28.46305634,1,2,1,1,3,18:47,8,E09000028,3,201,6,30,0,-1,-1,0,0,1,1,1,1,0,0,1,1,E01003960,01-11-2018,1,1,1,1,20,4,3,0,0,0,0,-1,2,1
18528,77.06871489,28.49954751,1,3,1,1,5,13:30,20,E09000008,5,0,6,30,3,4,6,0,0,0,1,5,2,0,0,1,1,E01001078,03-11-2018,1,1,1,1,-1,-1,3,0,0,0,0,-1,9,-1
18529,77.03929878,28.47230974,1,3,1,2,7,19:15,7,E09000023,4,212,6,30,1,4,4,220,0,0,4,1,1,0,0,1,1,E01003202,05-11-2018,1,1,1,1,37,7,3,0,0,0,0,-1,1,1
18530,77.09976426,28.45072902,1,2,3,2,7,06:03,8,E09000028,3,200,6,30,0,-1,-1,0,0,0,4,1,2,0,0,1,1,E01004031,29-10-2018,1,1,3,2,12,3,3,1,3,0,0,-1,0,1
18531,76.99183177,28.4747468,1,3,2,2,1,18:45,6,E09000011,3,207,6,30,3,4,6,0,0,0,4,2,2,0,0,1,1,E01001682,06-11-2018,1,1,1,1,63,9,3,0,0,0,0,-1,9,1
18532,77.01458063,28.44935072,1,2,2,1,3,17:46,18,E09000004,5,0,6,30,6,2,5,0,0,5,4,1,1,0,0,1,1,E01000365,15-11-2018,1,1,1,1,18,4,3,0,0,0,0,-1,9,1
18533,76.99796007,28.40972132,1,2,1,1,4,21:30,6,E09000011,6,0,6,30,0,-1,-1,0,0,1,4,1,1,0,0,1,1,E01001701,26-10-2018,2,2,1,2,40,7,3,0,0,0,0,-1,9,1
18534,77.05229618,28.46274483,1,3,3,3,5,17:15,20,E09000008,5,0,6,30,3,2,6,0,0,5,4,1,1,0,0,1,1,E01000994,17-11-2018,2,1,1,1,43,7,2,0,0,0,0,-1,9,1
18535,77.05352575,28.49327232,1,1,1,1,5,07:50,18,E09000004,5,0,6,30,3,4,6,0,0,1,4,1,2,0,0,1,1,E01000421,24-11-2018,1,1,3,1,40,7,3,9,5,0,0,-1,0,1
18536,76.99952691,28.45897116,1,2,1,1,7,19:05,6,E09000011,3,2213,6,30,6,1,6,0,0,7,4,1,1,0,0,1,1,E01001582,05-11-2018,1,1,1,1,22,5,3,0,0,0,0,-1,9,1
18537,77.06542201,28.41969258,1,1,1,1,6,13:15,19,E09000006,6,0,6,30,0,-1,-1,0,0,0,1,1,1,0,0,1,1,E01000792,14-10-2018,1,1,1,1,49,8,3,0,0,0,0,-1,9,1
18538,77.02440989,28.41303333,1,2,1,1,3,01:00,20,E09000008,6,0,6,30,0,-1,-1,0,0,0,4,1,2,0,0,1,1,E01001045,06-12-2018,1,1,1,2,32,6,3,0,0,0,0,-1,9,1
18539,76.98555645,28.47861527,1,1,1,1,3,19:17,19,E09000006,3,223,6,30,0,-1,-1,0,0,0,4,1,2,0,0,1,1,E01000790,06-12-2018,2,1,1,1,21,5,3,0,0,0,0,-1,9,1
18540,77.06236348,28.46954443,1,1,1,1,3,08:58,7,E09000023,5,0,6,30,0,-1,-1,0,0,0,1,1,2,0,0,1,1,E01003222,29-11-2018,1,1,1,1,24,5,3,0,0,0,0,-1,9,1
18541,77.08796416,28.49635497,1,1,2,2,7,14:18,19,E09000006,6,0,6,40,3,4,6,0,0,0,1,1,2,0,0,2,1,E01000656,26-11-2018,1,1,2,2,-1,-1,3,0,0,0,4,-1,11,-1
18542,77.04965046,28.44097954,1,2,1,1,4,18:39,6,E09000011,3,2052,6,30,0,-1,-1,0,0,1,4,1,2,0,0,1,1,E01001667,30-11-2018,1,2,2,2,50,8,3,0,0,0,4,-1,11,-1
18543,77.06735992,28.40316722,1,3,2,2,6,10:16,19,E09000006,6,0,1,30,2,4,6,0,0,0,1,1,1,0,0,1,1,E01000801,25-11-2018,1,1,1,2,36,7,3,0,0,0,0,-1,9,1
18544,77.00824557,28.4231526,1,3,2,1,5,20:24,18,E09000004,3,207,6,30,3,2,3,209,0,5,4,1,2,0,0,1,1,E01000392,08-12-2018,1,2,2,1,10,2,3,0,0,1,0,-1,9,1
18545,77.00041053,28.45787486,1,1,1,1,7,00:36,18,E09000004,3,211,6,30,0,-1,-1,0,0,0,4,1,1,0,0,1,1,E01000426,17-12-2018,1,1,1,2,60,9,3,0,0,0,0,-1,9,1
18546,77.08576034,28.40584836,1,2,2,1,4,23:32,8,E09000028,3,201,6,30,6,2,4,300,0,5,4,1,1,0,0,1,1,E01003928,14-12-2018,1,2,2,1,-1,-1,3,0,0,1,0,-1,9,-1
18547,77.02135971,28.45491098,1,2,1,2,6,21:35,20,E09000008,3,23,6,30,0,-1,-1,0,0,0,4,8,2,0,0,1,1,E01001172,25-11-2018,1,1,1,1,19,4,3,0,0,0,0,-1,9,-1
18548,77.10057003,28.49749863,1,1,2,1,4,06:10,6,E09000011,3,206,6,30,3,4,6,0,0,0,4,1,1,0,0,1,1,E01001643,21-12-2018,1,2,2,1,18,4,3,0,0,1,0,-1,9,1
18549,76.97492079,28.45561174,1,3,2,1,5,21:16,8,E09000028,6,0,6,30,6,4,6,0,0,0,4,1,1,0,0,1,1,E01004063,08-12-2018,1,1,3,1,14,3,3,4,1,0,0,-1,0,1
18550,77.0801883,28.43069057,1,3,2,2,1,19:35,7,E09000023,3,21,6,30,3,2,4,236,0,0,4,1,1,0,0,1,1,E01003289,20-11-2018,1,1,2,1,83,11,3,0,0,0,3,-1,11,1
18551,77.06371107,28.46694137,1,3,2,1,4,19:27,19,E09000006,3,214,6,30,3,4,6,0,0,4,4,1,2,0,0,1,1,E01000741,14-12-2018,1,1,3,1,12,3,3,5,1,0,0,-1,0,1
18552,77.07601488,28.41947078,1,3,1,2,2,13:47,8,E09000028,3,215,6,30,3,4,3,215,0,0,1,1,1,0,0,1,1,E01003924,07-11-2018,1,1,1,1,55,8,3,0,0,0,0,-1,9,1
18553,77.06142011,28.50374802,1,3,2,1,4,21:54,6,E09000011,5,0,6,30,0,-1,-1,0,0,0,4,1,2,0,0,1,1,E01001699,02-11-2018,1,1,1,1,46,8,3,0,0,0,0,-1,9,1
18554,77.05439053,28.41010103,1,2,1,1,1,01:15,18,E09000004,3,210,6,30,3,4,3,210,0,0,4,1,1,0,0,1,1,E01000340,25-12-2018,1,1,1,1,16,4,2,0,0,0,0,-1,2,1
18555,77.09352868,28.43634845,1,3,1,1,1,18:00,7,E09000023,3,21,6,30,6,2,5,0,0,5,4,1,1,0,0,1,1,E01003289,25-12-2018,1,1,1,2,46,8,3,0,0,0,0,-1,9,1
18556,77.09375518,28.48634559,1,2,3,5,6,23:14,7,E09000023,3,2212,6,30,3,4,6,0,0,0,4,1,1,0,0,1,1,E01003263,23-12-2018,1,1,3,2,-1,-1,3,5,1,0,0,-1,0,-1
18557,77.03560881,28.41918844,1,1,2,1,6,23:30,18,E09000004,6,0,6,30,3,4,6,0,0,0,4,1,1,0,0,1,1,E01000430,23-12-2018,1,1,2,2,49,8,3,0,0,1,0,-1,9,1
18558,77.07664812,28.44632555,1,3,2,1,4,19:43,8,E09000028,3,2,3,30,3,2,6,0,0,5,4,1,1,0,0,1,1,E01003966,09-11-2018,1,2,1,2,-1,-1,3,0,0,0,0,-1,9,1
18559,77.03588012,28.43986449,1,2,1,1,1,01:59,18,E09000004,3,220,6,30,0,-1,-1,0,0,0,4,8,4,0,0,1,1,E01000355,20-11-2018,2,1,1,1,35,6,3,0,0,0,0,-1,9,1
18560,77.03881955,28.48740196,1,1,2,3,4,21:15,7,E09000023,5,0,1,30,1,4,5,0,0,0,4,1,1,0,0,1,1,E01003346,14-12-2018,1,1,1,2,21,5,3,0,0,0,0,-1,9,1
18561,77.09716524,28.49821212,1,2,2,1,3,15:20,8,E09000028,6,0,6,30,0,-1,-1,0,0,0,1,1,2,0,0,1,1,E01003964,22-11-2018,2,1,1,1,17,4,2,0,0,0,0,-1,3,1
18562,77.10281773,28.50409228,1,3,2,1,1,21:15,20,E09000008,6,0,6,30,0,-1,-1,0,0,0,4,1,2,0,0,1,1,E01001079,06-11-2018,1,1,1,1,26,6,3,0,0,0,0,-1,9,1
18563,76.97544306,28.41063088,1,3,2,3,5,21:00,18,E09000004,3,206,3,30,3,2,5,0,0,5,4,1,1,0,0,1,1,E01000403,15-12-2018,1,1,1,2,19,4,3,0,0,0,0,-1,9,1
18564,77.08782814,28.4072782,1,1,2,5,7,18:40,20,E09000008,5,0,6,30,0,-1,-1,0,0,0,4,1,4,0,0,2,1,E01001082,19-11-2018,1,2,1,2,48,8,3,0,0,0,0,-1,9,1
18565,76.99910507,28.48692882,1,2,1,1,5,21:35,20,E09000008,3,232,3,30,0,-1,-1,0,0,0,4,1,2,0,0,1,1,E01001045,15-12-2018,2,1,1,1,22,5,3,0,0,0,0,-1,5,-1
18566,77.09598776,28.50694094,1,1,1,1,2,22:35,25,E09000018,6,0,6,30,3,4,3,310,0,0,4,1,1,0,0,1,1,E01002672,03-01-2018,2,1,1,1,30,6,3,0,0,0,0,-1,8,1
18567,77.07282836,28.4103974,1,1,1,2,3,13:16,25,E09000018,3,315,6,30,3,4,6,0,0,0,1,2,2,0,0,1,1,E01002685,11-01-2018,4,1,1,1,38,7,3,0,0,0,0,-1,9,-1
18568,76.99455887,28.46445531,1,3,2,3,7,22:05,26,E09000017,1,4,3,70,0,-1,-1,0,0,0,4,1,1,0,0,2,1,E01002444,01-01-2018,1,1,1,1,47,8,3,0,0,0,0,-1,9,1
18569,77.02766485,28.50523547,1,3,1,1,3,12:35,1,E09000033,6,0,3,30,0,-1,-1,0,0,0,1,2,2,4,0,1,1,E01004692,11-01-2018,1,2,2,1,33,6,3,0,0,1,0,-1,9,1
18570,77.10389916,28.43165921,1,3,2,1,3,16:30,24,E09000027,3,305,1,40,1,2,4,358,0,5,4,2,2,1,0,1,1,E01003900,11-01-2018,1,1,3,2,13,3,3,5,1,0,0,-1,0,1
18571,77.06887828,28.44132474,1,3,1,1,3,17:35,25,E09000018,3,4,7,30,5,4,6,0,0,0,4,2,2,0,0,1,1,E01002692,11-01-2018,1,1,1,2,27,6,3,0,0,0,0,-1,9,1
18572,77.08281973,28.42083326,1,3,2,2,4,18:26,12,E09000020,4,450,6,30,6,4,5,0,0,0,4,1,1,0,0,1,1,E01002875,05-01-2018,1,1,1,1,30,6,3,0,0,0,0,-1,9,1
18573,76.99837941,28.44370149,1,3,2,1,2,17:50,12,E09000020,3,315,3,30,6,2,3,3220,0,5,4,1,1,0,0,1,1,E01002814,03-01-2018,1,2,2,2,20,4,2,0,0,1,0,-1,9,1
18574,76.97878796,28.46767131,1,3,2,3,7,21:40,25,E09000018,3,314,6,30,2,4,6,0,0,0,4,1,1,0,0,1,1,E01002615,01-01-2018,2,3,1,1,20,4,3,0,0,0,0,-1,9,1
18575,76.98559893,28.43550597,1,2,1,1,1,20:29,21,E09000029,3,232,6,40,0,-1,-1,0,0,0,6,1,1,0,0,1,1,E01004139,16-01-2018,1,1,1,1,21,5,3,0,0,0,0,-1,9,1
18576,76.97949847,28.40831606,1,3,1,1,5,07:25,23,E09000021,3,3,6,50,0,-1,-1,0,0,0,4,1,2,0,0,1,1,E01002953,13-01-2018,2,1,1,2,34,6,3,0,0,0,0,-1,9,1
18577,77.01034327,28.44533284,1,3,3,1,3,08:35,23,E09000021,3,3,3,50,5,4,3,243,0,0,1,1,2,0,0,1,1,E01003002,18-01-2018,2,1,1,2,39,7,3,0,0,0,0,-1,9,1
18578,77.09936919,28.4685646,1,3,3,1,7,02:13,11,E09000013,4,408,6,30,3,4,6,0,0,1,4,1,1,0,0,1,1,E01001860,01-01-2018,1,1,3,1,8,2,3,5,1,0,0,-1,0,-1
18579,77.06297357,28.47550652,1,3,2,2,5,13:49,9,E09000022,3,2217,6,30,0,-1,-1,0,0,0,1,1,1,0,0,1,1,E01003058,06-01-2018,1,1,3,2,73,10,3,5,1,0,0,-1,0,1
18580,77.07495479,28.50085,1,3,2,1,5,13:48,25,E09000018,6,0,6,30,3,4,3,3005,0,0,1,1,2,0,0,1,1,E01002626,06-01-2018,1,1,1,2,27,6,3,0,0,0,0,-1,9,1
18581,77.09733887,28.50068213,1,3,2,5,6,18:52,12,E09000020,4,450,6,30,6,4,4,415,0,0,4,1,1,0,0,1,1,E01002874,07-01-2018,3,1,2,2,19,4,3,0,0,1,0,-1,9,1
18582,76.99622246,28.43185578,1,2,2,1,4,20:48,21,E09000029,3,232,6,30,0,-1,-1,0,0,4,4,1,2,0,0,1,1,E01004102,19-01-2018,3,2,1,2,18,4,3,0,0,0,0,-1,9,-1
18583,77.05407497,28.46643805,1,2,1,1,3,15:15,25,E09000018,3,315,3,30,3,2,4,3377,0,5,1,1,1,0,0,1,1,E01002556,18-01-2018,1,1,1,2,21,5,3,0,0,0,0,-1,9,1
18584,77.0718641,28.44383257,1,1,1,1,3,11:38,25,E09000018,3,3005,6,30,0,-1,-1,0,0,1,1,1,1,0,0,1,1,E01002662,18-01-2018,2,2,2,2,16,4,3,0,0,1,0,-1,9,1
18585,77.01483544,28.46822212,1,2,2,2,1,01:17,23,E09000021,5,0,3,30,3,4,6,0,0,0,4,1,1,0,0,1,1,E01002946,09-01-2018,1,1,3,1,22,5,3,5,1,0,0,-1,0,-1
18586,77.0736708,28.47624929,1,2,2,3,5,10:32,9,E09000022,5,0,6,30,3,4,3,214,0,0,1,1,1,0,0,1,1,E01003087,13-01-2018,1,1,1,1,16,4,3,0,0,0,0,-1,2,1
18587,77.00876915,28.43062639,1,2,1,1,6,00:50,21,E09000029,3,24,6,30,0,-1,-1,0,0,0,4,1,1,0,0,1,1,E01004116,07-01-2018,1,1,1,1,45,7,2,0,0,0,0,-1,19,1
18588,77.03602458,28.41136036,1,3,2,2,5,12:01,26,E09000017,1,4,3,70,0,-1,-1,0,0,0,1,1,1,0,0,1,1,E01002443,06-01-2018,1,1,1,2,52,8,3,0,0,0,0,-1,9,1
18589,77.03614595,28.48075389,1,2,1,1,7,11:40,10,E09000032,6,0,6,30,7,4,6,0,0,0,1,1,1,0,0,1,1,E01004566,08-01-2018,1,1,1,1,16,4,3,0,0,0,0,-1,2,1
18590,77.07498626,28.43923157,1,3,1,1,3,06:55,22,E09000024,6,0,9,30,0,-1,-1,0,0,0,6,1,1,0,0,1,1,E01003419,04-01-2018,1,1,1,1,40,7,2,0,0,0,0,-1,9,1
18591,77.07239019,28.43113537,1,3,1,1,6,11:00,10,E09000032,3,3220,6,30,0,-1,-1,0,0,0,1,1,1,0,0,1,1,E01004577,14-01-2018,2,1,1,1,15,3,3,0,0,0,0,-1,1,-1
18592,77.01943949,28.50223092,1,3,2,1,3,08:10,24,E09000027,3,316,3,40,1,2,4,358,0,5,1,1,1,0,0,1,1,E01003845,18-01-2018,1,1,1,1,58,9,2,0,0,0,0,-1,5,-1
18593,77.02407467,28.46888736,1,3,2,1,3,21:10,10,E09000032,6,0,6,30,6,4,3,24,0,0,4,1,1,0,0,1,1,E01004618,18-01-2018,2,1,2,2,33,6,3,0,0,1,0,-1,9,-1
18594,77.09299469,28.44564105,1,3,2,1,3,14:35,10,E09000032,3,24,6,30,6,4,3,217,0,0,1,1,1,0,0,1,1,E01004525,18-01-2018,1,1,3,1,37,7,3,6,9,0,0,-1,0,1
18595,77.08558338,28.48578211,1,3,1,1,1,17:38,10,E09000032,5,0,6,30,3,4,6,0,0,0,4,1,1,0,0,1,1,E01004534,16-01-2018,2,1,1,2,37,7,3,0,0,0,0,-1,9,1
18596,77.09710435,28.47845296,1,3,3,1,1,18:00,23,E09000021,3,3,3,50,0,-1,-1,0,0,0,4,1,1,0,0,1,1,E01002981,23-01-2018,1,1,1,1,16,4,3,0,0,0,0,-1,2,1
18597,77.08037817,28.47749006,1,3,2,1,6,10:20,10,E09000032,4,306,6,30,3,4,6,0,0,0,1,1,1,0,0,1,1,E01004604,21-01-2018,1,1,2,1,84,11,3,0,0,1,0,-1,9,-1
18598,77.01833421,28.48836048,1,3,1,1,6,12:14,22,E09000024,3,3,3,50,0,-1,-1,0,0,0,1,1,1,0,0,1,1,E01003469,21-01-2018,2,1,1,2,36,7,3,0,0,0,0,-1,9,1
18599,77.05721448,28.41990458,1,3,2,1,3,15:05,25,E09000018,3,312,3,50,6,2,5,0,0,0,1,1,1,0,0,1,1,E01002583,18-01-2018,1,1,1,1,27,6,3,0,0,0,0,-1,3,1
18600,77.05033428,28.45164526,1,3,2,2,4,18:05,25,E09000018,3,4,3,40,0,-1,-1,0,0,0,4,1,1,0,0,1,1,E01002577,19-01-2018,1,1,1,2,40,7,3,0,0,0,0,-1,9,1
18601,76.98682559,28.46950264,1,2,2,1,4,19:19,25,E09000018,1,4,3,50,0,-1,-1,0,0,0,4,1,2,0,0,1,1,E01002626,19-01-2018,1,1,1,2,18,4,3,0,0,0,0,-1,9,1
18602,77.0051777,28.5064379,1,3,3,3,5,17:00,26,E09000017,1,25,3,40,0,-1,-1,0,0,0,4,1,1,0,0,2,1,E01002444,20-01-2018,1,1,1,1,43,7,3,0,0,0,0,-1,9,1
18603,77.02487951,28.4534941,1,3,2,1,5,09:00,1,E09000033,5,0,6,30,3,4,6,0,0,0,1,2,2,0,0,1,1,E01004666,20-01-2018,2,1,1,1,-1,-1,3,0,0,0,0,-1,1,-1
18604,77.01164547,28.42937934,1,3,1,1,6,21:01,1,E09000033,3,202,6,30,6,2,6,0,0,5,4,1,1,0,0,1,1,E01004740,21-01-2018,2,1,1,2,23,5,3,0,0,0,0,-1,9,1
18605,77.03939013,28.47318889,1,3,1,1,3,01:40,25,E09000018,3,316,3,50,0,-1,-1,0,0,0,4,1,2,0,0,1,1,E01002610,18-01-2018,2,1,1,1,65,9,3,0,0,0,0,-1,9,1
18606,76.97723927,28.48144401,1,3,2,1,1,11:10,24,E09000027,3,316,1,40,1,2,4,358,0,0,1,1,1,0,0,1,1,E01003845,23-01-2018,1,1,1,1,57,9,3,0,0,0,0,-1,9,-1
18607,77.00708651,28.42424681,1,3,2,2,2,21:52,24,E09000027,4,358,3,30,0,-1,-1,0,0,0,4,1,2,0,0,1,1,E01003903,24-01-2018,1,1,1,1,23,5,3,0,0,0,0,-1,9,1
18608,77.04095404,28.46774007,1,3,3,1,7,16:10,24,E09000027,6,0,6,30,0,-1,-1,0,0,0,1,1,1,0,0,1,1,E01003828,22-01-2018,1,1,1,1,35,6,3,0,0,0,0,-1,5,-1
18609,77.09736317,28.50565796,1,3,2,1,2,19:25,10,E09000032,3,3,6,30,0,-1,-1,0,0,0,4,1,1,0,0,1,1,E01004628,24-01-2018,1,1,3,1,11,3,3,5,1,0,0,-1,0,1
18610,77.08227718,28.49049107,1,3,3,1,3,21:20,10,E09000032,3,214,6,30,3,4,5,0,0,4,4,1,1,0,0,1,1,E01004482,25-01-2018,2,1,1,1,85,11,3,0,0,0,0,-1,9,3
18611,77.00217983,28.43550241,1,3,2,1,4,16:24,26,E09000017,1,25,3,70,0,-1,-1,0,0,0,1,1,1,0,0,2,1,E01002444,26-01-2018,2,1,1,1,52,8,3,0,0,0,0,-1,1,2
18612,77.05989136,28.42496927,1,3,1,1,5,19:30,12,E09000020,3,3216,6,30,6,4,4,319,0,5,4,1,2,0,0,1,1,E01002818,27-01-2018,2,1,2,1,41,7,3,0,0,1,0,-1,9,1
18613,77.01049673,28.49604885,1,3,1,1,1,02:30,11,E09000013,3,219,3,30,3,4,6,0,0,8,4,1,1,0,0,1,1,E01001891,30-01-2018,2,2,2,1,79,11,3,0,0,2,0,-1,9,1
18614,76.9880769,28.4516318,1,2,2,1,6,06:20,23,E09000021,3,3,3,30,0,-1,-1,0,0,0,4,1,1,0,0,1,1,E01002955,21-01-2018,2,1,1,2,20,4,2,0,0,0,0,-1,9,-1
18615,77.00202384,28.4643637,1,2,2,1,1,11:40,10,E09000032,3,3216,6,30,6,2,3,3205,0,5,1,1,1,0,0,1,1,E01004561,30-01-2018,1,1,1,2,31,6,2,0,0,0,0,-1,9,1
18616,77.03094934,28.46739254,1,2,2,3,2,15:25,10,E09000032,3,214,6,30,6,2,3,3036,0,5,1,2,2,0,0,1,1,E01004510,17-01-2018,1,1,1,1,19,4,3,0,0,0,0,-1,9,1
18617,76.97530388,28.50853077,1,2,2,2,7,13:00,9,E09000022,3,205,6,30,0,-1,-1,0,0,0,1,1,1,0,0,1,1,E01003137,22-01-2018,1,1,1,1,32,6,3,0,0,0,0,-1,9,-1
18618,76.98386579,28.44454488,1,2,2,1,1,04:24,22,E09000024,6,0,6,30,3,4,3,218,0,0,4,2,2,0,0,1,1,E01003459,16-01-2018,1,1,1,2,36,7,3,0,0,0,0,-1,9,1
18619,77.04376657,28.44148769,1,2,1,1,4,14:55,23,E09000021,6,0,6,30,3,4,3,240,0,1,1,1,1,0,0,1,1,E01002999,12-01-2018,1,1,1,2,44,7,3,0,0,0,0,-1,9,1
18620,77.07554144,28.42203119,1,2,1,1,1,19:25,26,E09000017,1,25,3,70,0,-1,-1,0,0,0,4,1,1,0,0,2,1,E01002444,02-01-2018,1,1,1,1,29,6,3,0,0,0,0,-1,9,1
18621,77.01603424,28.474032,1,1,2,1,5,18:59,25,E09000018,3,315,3,30,7,2,3,205,0,5,4,2,2,0,0,1,1,E01002566,27-01-2018,1,1,1,1,38,7,3,0,0,0,0,-1,1,1
18622,77.04764443,28.49253084,1,3,2,1,2,18:35,11,E09000013,3,219,6,30,0,-1,-1,0,0,0,4,1,1,0,0,1,1,,31-01-2018,1,1,3,1,21,5,2,9,5,0,0,-1,0,1
18623,77.08844081,28.43806934,1,3,1,1,5,10:42,12,E09000020,3,3218,2,30,3,4,5,0,0,5,1,2,2,0,0,1,1,E01002821,27-01-2018,2,1,1,2,48,8,3,0,0,0,0,-1,9,1
18624,77.02147307,28.46339918,1,3,2,1,6,16:18,11,E09000013,3,219,3,30,3,4,6,0,0,0,1,1,1,0,0,1,1,E01001900,21-01-2018,1,1,3,2,14,3,3,5,3,0,0,-1,0,-1
18625,77.03316237,28.4813892,1,3,1,1,6,20:12,25,E09000018,1,4,3,40,0,-1,-1,0,0,0,4,1,2,0,0,1,1,E01002566,28-01-2018,1,1,1,1,37,7,3,0,0,0,0,-1,9,1
18626,77.09583755,28.47293663,1,3,2,1,2,08:55,26,E09000017,1,4,3,60,0,-1,-1,0,0,0,1,1,2,0,0,1,1,E01002491,31-01-2018,1,1,1,1,57,9,3,0,0,0,0,-1,9,1
18627,77.07191153,28.4919637,1,3,1,1,5,20:25,24,E09000027,3,205,6,30,3,2,3,307,0,0,4,1,2,0,0,1,1,E01003847,27-01-2018,2,2,2,2,53,8,3,0,0,1,0,-1,9,1
18628,77.09819739,28.45981851,1,3,2,1,6,12:40,25,E09000018,3,406,3,40,3,4,6,0,0,0,1,1,1,0,0,1,1,E01002692,28-01-2018,1,1,2,2,90,11,2,0,0,0,2,-1,11,1