Accident_Index,longitude,latitude,Police_Force,Accident_Severity,Number_of_Vehicles,Number_of_Casualties,Day_of_Week,Time,Local_Authority_(District),Local_Authority_(Highway),1st_Road_Class,1st_Road_Number,Road_Type,Speed_limit,Junction_Detail,Junction_Control,2nd_Road_Class,2nd_Road_Number,Pedestrian_Crossing-Human_Control,Pedestrian_Crossing-Physical_Facilities,Light_Conditions,Weather_Conditions,Road_Surface_Conditions,Special_Conditions_at_Site,Carriageway_Hazards,Urban_or_Rural_Area,Did_Police_Officer_Attend_Scene_of_Accident,LSOA_of_Accident_Location,Date,Vehicle_Reference,Casualty_Reference,Casualty_Class,Sex_of_Casualty,Age_of_Casualty,Age_Band_of_Casualty,Casualty_Severity,Pedestrian_Location,Pedestrian_Movement,Car_Passenger,Bus_or_Coach_Passenger,Pedestrian_Road_Maintenance_Worker,Casualty_Type,Casualty_Home_Area_Type
18629,77.01810776,28.45472392,1,3,2,3,2,23:49,11,E09000013,3,4,3,40,0,-1,-1,0,0,0,4,1,1,0,0,1,1,E01001894,24-01-2018,2,1,1,2,45,7,3,0,0,0,0,-1,9,1
18630,77.04293732,28.48703709,1,3,2,1,6,16:40,22,E09000024,3,217,6,30,3,4,6,0,0,0,4,1,1,0,0,1,1,E01003392,14-01-2018,1,1,3,1,19,4,3,1,1,0,0,-1,0,1
18631,77.00174746,28.46000585,1,3,1,1,6,10:36,1,E09000033,3,40,3,70,0,-1,-1,0,0,0,1,1,1,0,0,1,1,E01004681,14-01-2018,1,1,1,2,25,5,3,0,0,0,0,-1,9,1
18632,77.10366483,28.49352989,1,2,2,1,3,07:10,10,E09000032,6,0,6,30,3,4,3,3205,0,0,4,1,2,0,0,1,1,E01004578,25-01-2018,1,1,1,1,33,6,3,0,0,0,0,-1,9,1
18633,77.10530255,28.41798182,1,3,1,1,7,17:15,23,E09000021,3,3,3,40,0,-1,-1,0,0,0,1,1,1,0,0,1,1,E01002955,15-01-2018,2,2,1,1,25,5,3,0,0,0,0,-1,9,1
18634,77.02248543,28.40776842,1,3,1,1,7,06:30,23,E09000021,3,3,3,50,0,-1,-1,0,0,0,4,1,1,4,0,1,1,E01002981,15-01-2018,2,1,1,1,13,3,3,0,0,0,0,-1,1,1
18635,77.08798462,28.4471108,1,3,2,2,2,10:43,25,E09000018,3,310,6,30,0,-1,-1,0,0,0,1,1,1,0,0,1,1,E01002668,31-01-2018,1,1,3,2,10,2,3,5,1,0,0,-1,0,-1
18636,77.07292879,28.42293464,1,3,2,1,2,07:16,23,E09000021,3,238,6,30,3,4,4,283,0,0,1,1,1,0,0,1,1,E01002959,31-01-2018,1,1,1,1,48,8,3,0,0,0,0,-1,9,1
18637,77.10021709,28.41376403,1,3,1,1,2,07:15,10,E09000032,3,205,6,30,3,4,6,0,0,0,1,1,1,0,0,1,1,E01004639,31-01-2018,1,1,1,1,16,4,3,0,0,0,0,-1,2,-1
18638,77.05289382,28.44089441,1,3,3,2,3,06:00,9,E09000022,3,23,3,30,3,4,6,0,0,0,4,2,2,0,0,1,1,E01003117,01-02-2018,1,1,3,2,14,3,2,5,1,0,0,-1,0,1
18639,77.08947444,28.49464769,1,3,1,1,2,16:35,25,E09000018,6,0,6,30,0,-1,-1,0,0,0,4,1,1,0,0,1,1,E01002610,31-01-2018,1,1,2,2,18,4,3,0,0,1,0,-1,9,1
18640,76.97344881,28.42094844,1,2,3,1,5,17:10,24,E09000027,3,308,6,30,3,4,6,0,0,0,4,2,2,0,0,1,1,E01003823,27-01-2018,1,2,1,2,21,5,3,0,0,0,0,-1,9,1
18641,76.98070436,28.40796225,1,2,2,1,2,21:30,21,E09000029,6,0,6,30,3,4,6,0,0,0,4,1,1,0,0,1,1,E01004077,31-01-2018,1,1,2,1,36,7,3,0,0,2,0,-1,9,-1
18642,77.06076592,28.4072406,1,3,1,1,7,06:40,23,E09000021,3,3,3,50,0,-1,-1,0,0,0,4,1,2,0,2,1,1,E01002982,15-01-2018,1,1,2,2,38,7,3,0,0,1,0,-1,9,1
18643,77.08388562,28.40566619,1,3,1,2,4,00:31,25,E09000018,3,244,6,30,3,4,6,0,0,8,4,1,2,0,0,1,1,E01002616,09-02-2018,1,2,1,1,44,7,3,0,0,0,0,-1,9,1
18644,77.10393552,28.43697823,1,3,2,1,7,15:00,9,E09000022,3,3,6,30,3,2,4,221,0,5,1,1,1,0,0,1,1,E01003090,15-01-2018,1,1,3,1,15,3,2,6,9,0,0,-1,0,1
18645,77.03168854,28.41659797,1,2,1,1,2,17:20,24,E09000027,3,310,6,30,3,4,5,0,0,5,1,1,1,0,0,1,1,E01003897,31-01-2018,2,1,2,2,48,8,3,0,0,0,0,-1,19,1
18646,77.0107013,28.44423501,1,3,2,1,7,05:28,23,E09000021,3,240,6,30,6,2,4,3370,0,5,4,2,2,4,0,1,1,E01002990,12-02-2018,1,1,1,1,31,6,3,0,0,0,0,-1,8,1
18647,77.04095585,28.42281909,1,3,2,1,3,07:08,20,E09000008,6,0,6,30,0,-1,-1,0,0,0,4,1,2,0,0,1,1,E01000986,01-02-2018,2,2,1,1,21,5,2,0,0,0,0,-1,9,1
18648,77.05780924,28.50657642,1,2,1,1,3,12:00,10,E09000032,6,0,6,30,0,-1,-1,0,0,0,1,1,1,0,0,1,1,E01004509,15-02-2018,1,1,1,2,23,5,3,0,0,0,0,-1,9,1
18649,77.03390132,28.46094638,1,2,1,1,2,23:09,9,E09000022,3,23,3,30,3,2,4,223,0,5,4,1,1,0,0,1,1,E01003055,07-02-2018,1,1,1,2,66,10,3,0,0,0,0,-1,9,1
18650,76.97386335,28.42471869,1,2,2,1,6,07:37,9,E09000022,3,24,3,30,3,2,3,205,0,5,1,1,1,0,0,1,1,E01003030,18-02-2018,2,1,1,1,45,7,3,0,0,0,0,-1,5,-1
18651,77.05824452,28.43597183,1,2,1,1,3,10:11,23,E09000021,3,2043,6,30,0,-1,-1,0,0,0,1,1,1,0,0,1,1,E01002973,15-02-2018,1,1,1,1,14,3,3,0,0,0,0,-1,1,1
18652,77.03336677,28.41708561,1,3,1,1,2,15:15,9,E09000022,3,203,3,30,7,4,3,3036,0,0,1,1,1,0,0,1,1,E01003102,07-02-2018,1,1,1,1,49,8,3,0,0,0,0,-1,9,1
18653,77.03417063,28.45541918,1,2,1,1,5,11:30,24,E09000027,3,307,6,30,3,2,4,353,0,5,1,1,1,0,0,1,1,E01003847,03-02-2018,1,1,1,2,43,7,3,0,0,0,0,-1,9,1
18654,77.04533827,28.45016559,1,2,1,1,7,11:58,21,E09000029,4,277,6,30,3,4,6,0,0,1,1,1,1,0,0,1,1,E01004099,19-02-2018,2,2,1,1,34,6,3,0,0,0,0,-1,9,-1
18655,77.08011918,28.49092405,1,3,1,1,6,21:37,11,E09000013,3,315,6,30,3,2,3,219,0,5,4,1,1,0,0,1,1,E01001898,28-01-2018,1,1,2,2,85,11,3,0,0,0,4,-1,11,-1
18656,76.99551572,28.45574731,1,2,2,2,5,22:10,9,E09000022,3,3203,6,30,0,-1,-1,0,0,0,4,1,2,0,0,1,1,,17-02-2018,1,1,1,1,18,4,3,0,0,0,0,-1,9,1
18657,77.09504259,28.50667254,1,2,1,1,7,17:06,9,E09000022,3,203,6,30,6,2,3,3,0,5,1,1,1,0,0,1,1,E01003126,19-02-2018,1,2,2,1,19,4,3,0,0,1,0,-1,9,1
18658,77.07446603,28.50204778,1,2,1,1,1,18:30,11,E09000013,3,219,6,30,0,-1,-1,0,0,0,4,1,1,0,0,1,1,E01001856,27-02-2018,1,1,3,2,20,4,3,4,1,0,0,-1,0,-1
18659,77.06109827,28.50538854,1,3,1,1,6,10:50,10,E09000032,3,219,6,30,3,2,6,0,0,5,1,1,2,0,0,1,1,E01004609,11-02-2018,1,1,1,2,21,5,2,0,0,0,0,-1,9,1
18660,77.06677914,28.47731523,1,1,2,1,7,17:50,25,E09000018,3,310,6,30,8,4,6,0,0,1,4,2,2,0,0,1,1,E01002681,26-02-2018,1,1,1,1,-1,-1,2,0,0,0,0,-1,9,-1
18661,77.02394544,28.4732756,1,3,3,1,1,22:00,25,E09000018,3,312,6,60,3,2,6,0,0,5,4,1,1,0,0,1,1,E01002592,13-02-2018,1,1,1,2,45,7,3,0,0,0,0,-1,9,1
18662,77.02213067,28.42063065,1,3,2,3,6,23:18,25,E09000018,3,312,3,40,3,2,3,312,0,5,4,1,1,0,0,1,1,E01002592,04-03-2018,1,1,1,1,42,7,3,0,0,0,0,-1,4,1
18663,77.10588624,28.49111926,1,3,2,3,5,07:25,9,E09000022,3,23,3,30,6,2,3,3203,0,5,1,2,2,0,0,1,1,E01003933,24-02-2018,1,1,1,2,35,6,3,0,0,0,0,-1,9,1
18664,77.02624439,28.45389092,1,3,1,1,2,10:30,10,E09000032,6,0,6,30,3,4,6,0,0,0,1,1,1,0,0,1,1,E01004635,28-02-2018,1,1,2,1,21,5,3,0,0,1,0,-1,9,1
18665,77.05961658,28.41912376,1,2,2,1,7,17:31,11,E09000013,3,315,2,30,0,-1,-1,0,0,0,1,2,2,0,0,1,1,E01001898,05-03-2018,1,1,1,1,24,5,3,0,0,0,0,-1,9,-1
18666,76.99770283,28.50070384,1,2,1,1,1,03:20,9,E09000022,3,3,6,30,3,2,3,23,0,5,4,1,1,0,0,1,1,E01003107,06-03-2018,1,1,1,1,17,4,3,0,0,0,0,-1,2,1
18667,77.0590162,28.45478414,1,3,2,4,1,10:09,10,E09000032,3,214,3,30,6,2,4,234,0,5,1,1,1,0,0,1,1,E01004621,06-03-2018,1,2,3,1,16,4,3,5,1,0,0,-1,0,-1
18668,77.05188966,28.49038196,1,2,2,3,7,03:58,9,E09000022,3,23,6,30,3,2,3,23,0,5,4,1,1,0,0,1,1,E01003059,05-03-2018,1,1,1,2,18,4,3,0,0,0,0,-1,9,1
18669,76.99100738,28.4719896,1,2,2,1,3,05:47,10,E09000032,6,0,6,30,3,4,3,219,0,0,4,1,1,0,0,1,1,E01004500,08-03-2018,2,1,1,1,35,6,3,0,0,0,0,-1,5,-1
18670,76.98024349,28.47375862,1,2,2,1,3,18:35,10,E09000032,5,0,6,30,3,4,6,0,0,0,4,1,1,0,0,1,1,E01004596,08-03-2018,1,1,2,2,59,9,3,0,0,1,0,-1,9,1
18671,76.99399254,28.46186865,1,2,2,2,2,22:39,21,E09000029,3,237,6,30,0,-1,-1,0,0,0,4,1,1,0,0,1,1,E01004181,07-03-2018,1,1,2,2,75,10,2,0,0,1,0,-1,9,1
18672,77.03002224,28.47654924,1,3,2,1,4,14:01,11,E09000013,4,317,6,30,3,4,6,0,0,0,1,2,2,0,0,1,1,E01001866,02-03-2018,1,1,1,1,49,8,3,0,0,0,0,-1,9,1
18673,77.03532856,28.47099864,1,3,1,1,7,04:55,25,E09000018,3,316,7,40,5,1,3,312,0,1,4,8,2,0,0,1,1,E01002605,29-01-2018,1,1,2,2,-1,-1,3,0,0,1,0,-1,9,1
18674,77.05467808,28.4497229,1,1,2,9,4,23:12,11,E09000013,6,0,6,30,2,4,6,0,0,0,4,1,1,0,0,1,1,E01001954,16-02-2018,1,1,1,2,18,4,3,0,0,0,0,-1,2,1
18675,77.01012789,28.48338591,1,2,2,3,6,16:20,24,E09000027,3,307,6,30,3,4,5,0,0,0,1,1,1,0,0,1,1,E01003817,18-03-2018,1,1,1,1,43,7,3,0,0,0,0,-1,8,1
18676,76.97181404,28.44766327,1,2,2,1,6,08:55,22,E09000024,6,0,6,30,0,-1,-1,0,0,0,1,1,1,0,0,1,1,E01003405,18-03-2018,1,1,1,1,65,9,3,0,0,0,0,-1,9,1
18677,76.97350967,28.49548277,1,3,2,5,1,00:40,25,E09000018,3,3000,6,30,3,4,6,0,0,0,4,1,1,0,0,1,1,E01002580,20-03-2018,1,1,1,1,16,4,3,0,0,0,0,-1,2,1
18678,77.04902453,28.48461753,1,3,2,1,2,15:16,9,E09000022,5,0,6,30,0,-1,-1,0,0,0,1,1,1,0,0,1,1,E01003145,14-03-2018,1,1,3,1,15,3,2,6,9,0,0,-1,0,1
18679,77.00807663,28.50143306,1,2,2,4,4,21:17,22,E09000024,3,217,6,30,3,4,6,0,0,0,4,1,1,0,0,1,1,E01003392,09-03-2018,1,1,1,2,27,6,3,0,0,0,0,-1,9,2
18680,77.06025864,28.4635103,1,1,1,2,1,11:58,25,E09000018,3,312,3,50,0,-1,-1,0,0,0,1,1,1,0,0,1,1,E01002583,20-03-2018,1,1,1,2,56,9,3,0,0,0,0,-1,9,1
18681,76.98765422,28.45044229,1,1,2,1,2,18:28,10,E09000032,3,3205,3,30,0,-1,-1,0,0,0,1,1,1,0,0,1,1,E01004509,14-02-2018,1,1,1,1,30,6,3,0,0,0,0,-1,9,1
18682,77.00382265,28.41073915,1,2,1,2,5,02:35,24,E09000027,3,308,6,40,0,-1,-1,0,0,0,4,2,2,0,0,1,1,E01003823,24-03-2018,2,2,1,2,39,7,3,0,0,0,0,-1,9,1
18683,77.01570093,28.49055147,1,1,1,1,1,05:40,23,E09000021,3,3,7,30,5,4,3,2043,0,0,4,1,1,0,0,1,1,E01002981,27-03-2018,4,3,1,2,23,5,2,0,0,0,0,-1,9,1
18684,77.0966614,28.48377885,1,3,2,1,5,16:00,11,E09000013,4,317,3,60,6,2,3,4,0,5,1,1,1,0,0,1,1,E01001914,17-03-2018,2,3,1,1,36,7,3,0,0,0,0,-1,19,-1
18685,76.98098415,28.42956696,1,3,2,4,2,21:22,8,E09000028,3,2199,6,30,6,2,5,0,0,5,4,1,1,0,0,1,1,E01003064,28-03-2018,3,1,2,1,17,4,3,0,0,2,0,-1,9,1
18686,76.97190945,28.43787168,1,2,2,2,3,18:30,11,E09000013,3,219,6,30,0,-1,-1,0,0,0,1,1,1,0,0,1,1,E01001918,29-03-2018,3,2,2,2,50,8,3,0,0,1,0,-1,9,1
18687,77.08405669,28.49050083,1,1,2,1,3,20:00,23,E09000021,3,240,6,30,3,4,6,0,0,8,4,2,2,0,0,1,1,E01002996,29-03-2018,1,1,3,1,14,3,2,9,5,0,0,-1,0,-1
18688,77.05552565,28.41034718,1,2,1,1,2,23:50,9,E09000022,3,23,6,30,7,2,3,23,0,5,4,1,1,0,0,1,1,E01003061,28-03-2018,1,1,1,2,53,8,3,0,0,0,0,-1,9,1
18689,77.10168569,28.41578914,1,2,1,1,2,17:00,9,E09000022,3,203,6,30,0,-1,-1,0,0,4,1,1,1,0,0,1,1,E01003103,28-03-2018,1,1,3,1,11,3,3,5,1,0,0,-1,0,1
18690,77.10203086,28.44580599,1,1,2,1,4,17:15,25,E09000018,5,0,3,30,3,4,6,0,0,0,1,1,1,0,0,1,1,E01002625,16-02-2018,1,1,1,2,34,6,3,0,0,0,0,-1,9,1
18691,77.07029385,28.48583435,1,3,2,1,2,18:21,9,E09000022,3,3036,6,30,3,4,6,0,0,1,4,3,2,0,0,1,1,E01003038,28-02-2018,1,1,1,2,18,4,3,0,0,0,0,-1,9,1
18692,76.9976043,28.48158034,1,3,2,6,3,17:45,9,E09000022,3,23,3,30,3,4,6,0,0,0,4,2,2,0,0,1,1,E01003131,01-03-2018,1,1,3,1,79,11,2,5,3,0,0,-1,0,1
18693,77.07287365,28.50125976,1,2,2,1,5,16:45,25,E09000018,3,4,3,40,6,2,4,452,0,5,1,1,1,0,0,1,1,E01002684,31-03-2018,2,1,2,2,21,5,3,0,0,1,0,-1,9,1
18694,76.98133845,28.50249311,1,2,2,1,5,23:01,21,E09000029,4,278,6,30,0,-1,-1,0,0,0,4,1,1,0,0,1,1,E01004165,31-03-2018,1,1,3,1,13,3,3,5,1,0,0,-1,0,1
18695,77.03940839,28.42177739,1,2,1,1,7,13:20,24,E09000027,3,305,6,30,0,-1,-1,0,0,0,1,1,1,0,7,1,1,,15-01-2018,1,1,3,1,24,5,3,5,1,0,0,-1,0,-1
18696,77.09888134,28.49023302,1,3,2,1,7,12:40,21,E09000029,4,278,6,30,3,4,6,0,0,0,1,1,1,0,0,1,1,E01004123,19-03-2018,1,1,3,1,20,4,3,9,5,0,0,-1,0,1
18697,77.00402526,28.4123309,1,3,2,2,6,22:56,11,E09000013,6,0,6,30,3,4,3,308,0,0,4,1,2,0,0,1,1,E01001923,11-03-2018,1,1,3,1,11,3,3,1,1,0,0,-1,0,1
18698,77.06687179,28.47818415,1,3,3,1,3,12:10,21,E09000029,3,217,1,30,1,4,4,2230,0,0,1,1,1,0,0,1,1,E01004123,22-03-2018,2,1,1,2,40,7,3,0,0,0,0,-1,9,2
18699,77.08388408,28.50784034,1,3,2,1,3,07:00,22,E09000024,3,218,6,30,3,4,6,0,0,1,1,1,1,0,0,1,1,E01003458,15-03-2018,1,1,1,1,20,4,3,0,0,0,0,-1,9,1
18700,77.10474621,28.4925248,1,3,2,1,6,08:44,23,E09000021,3,238,6,30,3,2,3,238,0,0,1,1,1,0,0,1,1,E01002953,01-04-2018,2,2,1,1,20,4,3,0,0,0,0,-1,9,1
18701,77.08139556,28.5061536,1,3,2,1,7,01:09,25,E09000018,6,0,6,30,3,4,6,0,0,0,4,1,1,0,0,1,1,E01002589,02-04-2018,1,1,1,1,22,5,3,0,0,0,0,-1,9,1
18702,77.07332824,28.48708376,1,3,2,1,7,04:32,11,E09000013,4,318,6,30,3,2,3,308,0,5,4,1,1,0,0,1,1,E01001923,02-04-2018,1,1,1,1,64,9,2,0,0,0,0,-1,9,1
18703,77.07809194,28.44141161,1,2,3,2,4,06:34,11,E09000013,3,219,6,30,6,2,3,3218,0,5,1,1,1,0,0,1,1,E01001887,06-04-2018,1,1,1,1,38,7,3,0,0,0,0,-1,9,1
18704,77.09637222,28.45676478,1,3,1,1,3,05:07,22,E09000024,3,216,6,30,3,4,6,0,0,1,1,1,1,0,0,1,1,E01003394,12-04-2018,1,2,2,2,66,10,3,0,0,1,0,-1,9,1
18705,77.02886481,28.47510077,1,2,1,1,5,16:26,23,E09000021,3,308,6,30,0,-1,-1,0,0,1,1,1,1,0,0,1,1,E01002935,14-04-2018,2,1,1,1,12,3,3,0,0,0,0,-1,1,1
18706,77.06677269,28.47439698,1,2,2,1,4,20:00,9,E09000022,3,24,6,30,0,-1,-1,0,0,0,4,1,1,0,0,1,2,E01004476,16-03-2018,1,1,3,1,70,10,2,1,3,0,0,-1,0,1
18707,76.98395902,28.50171954,1,2,2,1,2,17:35,10,E09000032,3,3,6,30,3,2,3,205,0,5,1,1,1,0,0,1,1,E01004554,18-04-2018,1,1,3,2,89,11,2,4,3,0,0,-1,0,1
18708,76.97176673,28.41144574,1,3,2,1,3,04:41,10,E09000032,3,3205,6,30,6,2,3,3220,0,5,4,1,1,0,0,1,1,E01004540,12-04-2018,1,1,3,2,14,3,3,5,2,0,0,-1,0,-1
18709,77.03901376,28.42318282,1,3,2,2,4,07:52,25,E09000018,6,0,6,30,0,-1,-1,0,0,0,1,1,1,0,0,1,1,E01002560,27-04-2018,1,1,1,1,19,4,2,0,0,0,0,-1,9,1
18710,76.98328001,28.41539626,1,3,1,1,7,15:01,9,E09000022,3,23,6,30,0,-1,-1,0,0,0,1,1,1,0,0,1,1,E01003061,23-04-2018,1,2,2,2,15,3,3,0,0,2,0,-1,9,1
18711,76.97724134,28.46765493,1,2,2,1,4,13:34,11,E09000013,6,0,6,30,6,4,6,0,0,0,1,1,1,0,0,1,1,E01001902,20-04-2018,1,3,2,2,16,4,3,0,0,1,0,-1,9,1
18712,77.00570827,28.4937618,1,3,1,2,4,16:54,10,E09000032,3,3205,6,30,3,4,6,0,0,4,1,1,1,4,0,1,1,E01004534,20-04-2018,1,1,2,1,17,4,3,0,0,1,0,-1,9,1
18713,76.98809026,28.49462967,1,2,1,1,6,19:27,9,E09000022,3,202,3,30,7,2,3,3036,0,5,1,1,1,0,0,1,1,E01003103,22-04-2018,2,2,1,1,23,5,3,0,0,0,0,-1,19,1
18714,76.98731173,28.46746018,1,2,1,2,1,17:42,25,E09000018,3,315,6,30,3,4,6,0,0,0,1,1,1,4,0,1,1,E01002665,24-04-2018,1,1,1,2,37,7,3,0,0,0,0,-1,9,1
18715,77.00728509,28.44503157,1,3,2,1,5,19:50,25,E09000018,3,4,3,40,5,4,6,0,0,0,4,1,1,0,0,1,1,E01002581,31-03-2018,1,2,2,2,3,1,3,0,0,2,0,-1,9,1
18716,77.04150167,28.43756683,1,2,2,1,1,03:08,10,E09000032,3,217,2,30,3,2,3,217,0,5,4,1,2,0,0,1,1,E01004509,01-05-2018,2,1,1,2,38,7,3,0,0,0,0,-1,9,1
18717,77.03702292,28.4178033,1,2,1,1,4,15:20,23,E09000021,5,0,6,30,0,-1,-1,0,0,0,1,1,1,0,0,1,1,E01002994,20-04-2018,2,2,2,2,10,2,3,0,0,1,0,-1,9,1
18718,77.10633907,28.46836866,1,3,3,5,5,17:12,10,E09000032,6,0,6,30,0,-1,-1,0,0,0,1,1,1,0,0,1,1,E01004576,28-04-2018,2,3,2,1,6,2,3,0,0,2,0,-1,9,1
18719,77.06796575,28.42457932,1,2,1,1,1,15:05,25,E09000018,6,0,6,30,0,-1,-1,0,0,0,1,1,1,0,0,1,1,E01002662,01-05-2018,2,1,1,2,39,7,3,0,0,0,0,-1,9,1
18720,77.06731646,28.4262961,1,2,1,2,6,00:13,21,E09000029,3,232,2,30,3,4,3,232,0,4,4,1,1,0,0,1,1,E01004156,01-04-2018,1,1,3,2,10,2,2,4,3,0,0,-1,0,1
18721,76.98134621,28.42703974,1,2,2,1,2,15:55,24,E09000027,6,0,6,30,3,4,6,0,0,0,1,1,1,0,0,1,1,E01003889,02-05-2018,2,1,1,1,39,7,3,0,0,0,0,-1,2,-1
18722,76.9771228,28.48196801,1,3,2,2,7,10:45,25,E09000018,3,316,3,50,0,-1,-1,0,0,0,1,1,1,0,0,1,1,E01002605,09-04-2018,1,1,1,2,30,6,3,0,0,0,0,-1,9,1
18723,77.08857939,28.4904306,1,3,2,2,2,09:20,9,E09000022,4,301,6,30,0,-1,-1,0,0,0,1,2,2,0,0,1,1,E01003098,25-04-2018,2,2,1,1,57,9,3,0,0,0,0,-1,19,1
18724,77.10634083,28.44416768,1,3,3,1,2,01:38,9,E09000022,3,3,6,30,6,4,6,0,0,0,4,1,1,0,0,1,1,E01003090,02-05-2018,1,1,1,1,73,10,3,0,0,0,0,-1,9,1
18725,77.05676805,28.41859772,1,3,1,1,6,08:03,9,E09000022,3,23,3,30,0,-1,-1,0,0,0,1,1,1,0,0,1,1,E01003144,04-02-2018,1,1,1,1,35,6,3,0,0,0,0,-1,19,1
18726,76.97313398,28.40701392,1,2,1,1,1,23:15,10,E09000032,5,0,6,30,0,-1,-1,0,0,0,4,1,1,0,0,1,1,E01004537,01-05-2018,1,1,1,2,24,5,3,0,0,0,0,-1,9,1
18727,77.06235331,28.41350679,1,2,3,3,7,22:32,23,E09000021,3,3,3,50,0,-1,-1,0,0,0,4,1,1,0,0,1,1,E01002982,30-04-2018,1,1,3,2,10,2,2,5,1,0,0,-1,0,-1
18728,76.9763784,28.49059683,1,2,2,2,4,23:48,22,E09000024,3,219,3,30,6,4,3,219,0,0,4,1,1,0,0,1,1,E01003460,04-05-2018,1,1,3,1,9,2,3,5,4,0,0,-1,0,-1
18729,77.03562095,28.48907029,1,2,2,1,1,06:30,9,E09000022,3,23,3,30,3,4,6,0,0,0,1,1,1,0,0,1,1,E01003153,08-05-2018,1,1,2,2,68,10,3,0,0,0,4,-1,11,1
18730,77.03998841,28.47165887,1,3,2,3,4,09:00,25,E09000018,3,315,6,30,6,2,6,0,0,5,1,1,1,0,0,1,1,E01002664,27-04-2018,1,1,1,1,16,4,2,0,0,0,0,-1,2,1
18731,77.03308153,28.43127746,1,3,3,1,6,20:15,24,E09000027,3,205,6,30,3,2,3,305,0,0,4,1,1,0,0,1,1,E01003804,06-05-2018,1,1,1,1,22,5,3,0,0,0,0,-1,9,1
18732,77.0399547,28.42763355,1,2,2,2,4,12:52,10,E09000032,3,214,6,30,0,-1,-1,0,0,0,1,1,1,0,0,1,1,E01004619,11-05-2018,2,1,2,2,72,10,2,0,0,1,0,-1,9,-1
18733,77.06643877,28.45132416,1,2,1,2,1,13:14,22,E09000024,6,0,2,30,0,-1,-1,0,0,0,1,1,1,0,0,1,1,E01003356,15-05-2018,1,1,1,2,57,9,3,0,0,0,0,-1,9,1
18734,77.00217934,28.48713458,1,3,3,3,4,19:43,23,E09000021,3,3,3,30,0,-1,-1,0,0,0,1,1,1,0,0,1,1,E01002919,11-05-2018,1,1,1,1,49,8,3,0,0,0,0,-1,9,1
18735,77.07116561,28.47267379,1,2,2,2,7,16:29,24,E09000027,3,314,3,30,5,4,6,0,0,0,1,1,1,0,0,1,1,E01003840,14-05-2018,2,2,1,1,59,9,3,0,0,0,0,-1,9,1
18736,77.10353538,28.40315995,1,3,2,1,2,08:57,25,E09000018,3,3004,6,30,3,4,5,0,0,0,1,1,1,0,0,1,1,E01002667,09-05-2018,2,1,1,2,71,10,3,0,0,0,0,-1,9,1
18737,77.07107054,28.46200688,1,2,1,1,6,18:02,10,E09000032,5,0,6,30,3,4,6,0,0,0,1,1,1,0,0,1,1,E01004537,20-05-2018,1,1,1,2,24,5,3,0,0,0,0,-1,9,1
18738,77.10260956,28.44188854,1,3,4,1,2,21:51,24,E09000027,6,0,6,30,3,4,6,0,0,0,4,1,1,0,0,1,1,E01003856,09-05-2018,1,1,1,2,20,4,3,0,0,0,0,-1,9,1
18739,77.04779599,28.49557255,1,2,2,1,1,19:48,22,E09000024,3,297,6,30,3,2,4,286,0,5,1,1,1,0,0,1,1,E01003439,22-05-2018,2,2,1,1,40,7,3,0,0,0,0,-1,9,1
18740,77.09182231,28.4521709,1,3,2,1,7,00:15,25,E09000018,3,4,3,40,3,4,6,0,0,0,4,1,2,0,0,1,1,E01002587,26-02-2018,2,3,2,1,12,3,3,0,0,1,0,-1,9,1
18741,77.10343916,28.46320331,1,2,3,1,4,13:35,10,E09000032,3,3,3,30,6,4,6,0,0,0,1,1,1,0,0,1,1,E01004628,25-05-2018,2,1,1,2,58,9,3,0,0,0,0,-1,9,1
18742,77.06177768,28.42919204,1,3,2,1,5,15:30,25,E09000018,5,0,6,30,0,-1,-1,0,0,0,1,1,1,0,0,1,2,E01002581,05-05-2018,3,2,1,1,41,7,3,0,0,0,0,-1,9,1
18743,76.99816116,28.41543087,1,3,3,1,5,19:31,21,E09000029,4,2230,2,30,0,-1,-1,0,0,0,1,1,1,0,0,1,1,E01004162,02-06-2018,1,1,1,2,46,8,3,0,0,0,0,-1,9,1
18744,76.97412066,28.40700098,1,3,3,2,5,16:25,25,E09000018,6,0,6,30,3,4,6,0,0,0,1,1,1,0,0,1,1,E01002692,12-05-2018,2,2,1,2,37,7,3,0,0,0,0,-1,9,1
18745,76.98387869,28.43227833,1,2,2,1,7,18:25,11,E09000013,3,4,3,40,0,-1,-1,0,0,0,1,1,1,0,0,1,1,E01001900,14-05-2018,1,1,2,2,31,6,3,0,0,0,0,-1,5,3
18746,76.98122065,28.47370122,1,2,1,1,3,06:29,9,E09000022,3,202,6,30,3,2,3,23,0,5,1,1,1,0,0,1,1,E01003183,07-06-2018,1,1,1,1,35,6,3,0,0,0,0,-1,5,1
18747,77.09089054,28.40841605,1,3,2,2,7,07:59,11,E09000013,3,402,3,30,8,4,6,0,0,5,1,1,1,0,0,1,1,E01001857,04-06-2018,1,1,2,2,77,11,3,0,0,1,0,-1,9,1
18748,77.04711543,28.46398535,1,2,1,1,1,02:45,9,E09000022,3,23,6,30,6,2,3,3203,0,5,4,1,1,0,0,1,1,E01003014,05-06-2018,1,1,1,1,-1,-1,3,0,0,0,0,-1,9,1
18749,77.09579395,28.4832098,1,1,2,1,4,18:59,11,E09000013,3,217,6,30,0,-1,-1,0,0,0,1,2,2,0,0,1,1,E01001925,01-06-2018,1,1,2,2,28,6,3,0,0,2,0,-1,9,1