Accident_Index,longitude,latitude,Police_Force,Accident_Severity,Number_of_Vehicles,Number_of_Casualties,Day_of_Week,Time,Local_Authority_(District),Local_Authority_(Highway),1st_Road_Class,1st_Road_Number,Road_Type,Speed_limit,Junction_Detail,Junction_Control,2nd_Road_Class,2nd_Road_Number,Pedestrian_Crossing-Human_Control,Pedestrian_Crossing-Physical_Facilities,Light_Conditions,Weather_Conditions,Road_Surface_Conditions,Special_Conditions_at_Site,Carriageway_Hazards,Urban_or_Rural_Area,Did_Police_Officer_Attend_Scene_of_Accident,LSOA_of_Accident_Location,Date,Vehicle_Reference,Casualty_Reference,Casualty_Class,Sex_of_Casualty,Age_of_Casualty,Age_Band_of_Casualty,Casualty_Severity,Pedestrian_Location,Pedestrian_Movement,Car_Passenger,Bus_or_Coach_Passenger,Pedestrian_Road_Maintenance_Worker,Casualty_Type,Casualty_Home_Area_Type
19113,76.97351203,28.50856977,1,2,4,1,1,19:24,24,E09000027,3,309,6,30,3,2,6,0,0,0,1,1,1,0,0,1,1,E01003881,22-05-2018,2,3,1,1,17,4,3,0,0,0,0,-1,9,1
19114,77.06199531,28.40360243,1,3,1,1,4,10:30,24,E09000027,3,307,6,30,3,2,3,205,0,5,1,1,1,0,0,1,1,E01003847,18-05-2018,3,4,1,2,39,7,3,0,0,0,0,-1,9,1
19115,77.01378298,28.44168642,1,3,2,1,3,16:00,24,E09000027,3,308,6,30,8,4,6,0,0,0,1,1,1,0,0,1,1,E01003823,24-05-2018,2,1,1,1,29,6,3,0,0,0,0,-1,3,1
19116,77.05649246,28.49731806,1,3,2,2,7,18:30,24,E09000027,4,361,6,30,2,4,6,0,0,0,1,1,1,0,0,1,2,E01003867,14-05-2018,1,1,1,1,31,6,3,0,0,0,0,-1,9,1
19117,77.07009952,28.44563209,1,3,3,1,4,18:40,24,E09000027,5,0,6,30,0,-1,-1,0,0,0,1,1,1,0,0,1,1,E01003816,04-05-2018,1,1,3,2,13,3,3,5,1,0,0,-1,0,1
19118,77.07259228,28.47632971,1,3,2,1,5,17:37,24,E09000027,3,305,6,30,0,-1,-1,0,0,0,1,1,1,0,0,1,1,E01003896,26-05-2018,1,1,1,1,33,6,3,0,0,0,0,-1,9,1
19119,77.04415868,28.48151688,1,2,2,1,1,18:15,24,E09000027,4,350,6,30,3,4,5,0,0,1,1,1,1,0,0,1,1,E01003801,15-05-2018,1,1,1,2,41,7,3,0,0,0,0,-1,9,2
19120,77.0321869,28.44096817,1,3,3,1,1,11:50,24,E09000027,3,205,6,30,3,3,6,0,0,0,1,1,1,0,0,1,1,E01003808,29-05-2018,2,2,2,1,35,6,3,0,0,1,0,-1,9,3
19121,77.02677431,28.41045958,1,3,1,2,2,13:25,24,E09000027,3,307,6,30,6,2,3,307,0,5,1,1,1,0,0,1,1,E01003876,06-06-2018,1,1,1,1,19,4,3,0,0,0,0,-1,3,1
19122,76.99479102,28.44926369,1,3,2,1,5,10:30,24,E09000027,3,316,3,30,0,-1,-1,0,0,0,1,1,1,0,0,1,2,E01003867,19-05-2018,2,1,1,2,22,5,3,0,0,0,0,-1,9,-1
19123,77.05528248,28.48531005,1,3,1,1,7,16:30,24,E09000027,3,305,6,30,3,4,6,0,0,0,1,1,1,0,0,1,1,E01003882,04-06-2018,1,1,3,1,15,3,3,5,1,0,0,-1,0,1
19124,76.98375498,28.41608764,1,3,3,1,3,13:28,24,E09000027,3,205,6,30,3,4,6,0,0,0,1,1,1,0,0,1,1,E01004639,07-06-2018,1,1,3,1,52,8,3,5,9,0,0,-1,0,-1
19125,77.00254869,28.42468476,1,3,2,1,7,13:00,24,E09000027,3,305,6,30,3,4,6,0,0,0,1,1,1,0,0,1,1,E01003896,28-05-2018,1,1,1,1,20,4,3,0,0,0,0,-1,9,-1
19126,77.0860791,28.47570109,1,3,1,1,2,13:50,24,E09000027,5,0,6,30,0,-1,-1,0,0,8,1,1,1,0,0,1,1,E01003844,06-06-2018,2,1,1,1,40,7,3,0,0,0,0,-1,9,1
19127,77.02135232,28.4399449,1,3,1,1,2,16:10,24,E09000027,3,305,6,30,3,4,3,307,0,0,1,1,1,0,0,1,1,E01003876,30-05-2018,2,1,2,2,-1,-1,3,0,0,1,0,-1,9,1
19128,77.0504983,28.41487315,1,3,2,1,3,19:30,24,E09000027,3,310,6,30,3,4,3,310,0,0,4,1,1,0,0,1,1,E01003897,31-05-2018,1,1,1,1,27,6,3,0,0,0,0,-1,9,1
19129,76.97336694,28.47843559,1,3,3,2,3,18:06,24,E09000027,3,307,6,30,3,4,4,353,0,1,1,1,1,0,0,1,1,E01003847,07-06-2018,1,1,3,1,24,5,3,4,1,0,0,-1,0,-1
19130,76.97165073,28.41756502,1,3,2,1,5,15:26,24,E09000027,6,0,6,30,3,4,6,0,0,0,1,1,1,0,0,1,1,E01003864,02-06-2018,1,1,1,1,30,6,3,0,0,0,0,-1,1,1
19131,77.07735769,28.42269126,1,3,2,1,4,19:49,24,E09000027,3,316,6,40,3,4,6,0,0,0,1,1,1,0,0,1,1,E01003872,08-06-2018,2,2,2,2,22,5,3,0,0,1,0,-1,9,1
19132,76.99292985,28.46796898,1,3,2,1,3,11:00,24,E09000027,4,351,6,30,0,-1,-1,0,0,0,1,1,1,0,0,1,1,E01003806,31-05-2018,1,1,2,2,16,4,3,0,0,2,0,-1,9,1
19133,77.06244423,28.47985463,1,3,1,1,2,06:16,24,E09000027,3,310,6,30,3,4,6,0,0,0,1,1,1,0,0,1,1,E01003838,30-05-2018,1,1,1,2,23,5,3,0,0,0,0,-1,9,1
19134,77.07828354,28.43005435,1,3,4,2,6,12:50,24,E09000027,3,3003,6,30,0,-1,-1,0,0,0,1,1,1,0,0,1,1,E01003856,27-05-2018,2,1,1,1,25,5,3,0,0,0,0,-1,3,1
19135,77.07017106,28.50725506,1,3,2,1,3,17:45,24,E09000027,3,3003,6,30,3,4,5,0,0,0,1,1,1,0,0,1,2,E01003858,07-06-2018,1,1,2,2,-1,-1,3,0,0,1,0,-1,9,1
19136,77.08181799,28.47006198,1,3,2,1,4,07:21,24,E09000027,3,310,6,30,0,-1,-1,0,0,0,1,2,2,0,0,1,1,E01003836,15-06-2018,1,1,1,1,52,8,3,0,0,0,0,-1,9,2
19137,77.04750269,28.45470526,1,3,2,1,4,09:45,25,E09000018,3,316,3,50,0,-1,-1,0,0,0,1,2,2,0,0,1,1,E01002608,15-06-2018,1,1,1,1,47,8,3,0,0,0,0,-1,9,3
19138,76.97841609,28.498202,1,3,2,1,5,17:40,24,E09000027,3,316,3,40,0,-1,-1,0,0,0,1,1,1,0,0,1,2,E01003845,09-06-2018,1,1,1,2,41,7,3,0,0,0,0,-1,9,1
19139,77.05328411,28.50598692,1,2,2,1,6,12:30,24,E09000027,4,352,6,30,0,-1,-1,0,0,0,1,1,1,0,0,1,1,E01003817,10-06-2018,2,2,1,1,23,5,3,0,0,0,0,-1,9,1
19140,77.09079671,28.45818862,1,3,3,1,5,12:00,24,E09000027,3,308,6,30,3,4,3,3008,0,0,1,1,1,0,0,1,2,E01003823,02-06-2018,1,1,1,1,27,6,3,0,0,0,0,-1,9,1
19141,76.98795486,28.48079194,1,3,2,1,6,12:30,24,E09000027,3,312,6,30,9,4,6,0,0,0,1,1,1,0,0,1,1,E01003822,10-06-2018,1,1,1,1,26,6,3,0,0,0,0,-1,9,1
19142,77.07933854,28.5047157,1,3,1,1,2,08:10,24,E09000027,4,361,6,30,3,4,6,0,0,0,1,1,1,0,0,1,1,E01003867,13-06-2018,1,1,1,1,17,4,3,0,0,0,0,-1,1,1
19143,77.09371408,28.43801583,1,2,1,1,5,08:20,24,E09000027,6,0,6,30,3,4,3,305,0,0,1,1,1,0,0,1,1,E01003882,09-06-2018,2,1,1,1,33,6,3,0,0,0,0,-1,9,1
19144,77.01695486,28.41136684,1,3,2,1,4,08:50,24,E09000027,3,205,6,30,0,-1,-1,0,0,0,1,2,2,0,0,1,2,E01004575,15-06-2018,2,1,1,2,42,7,3,0,0,0,0,-1,9,-1
19145,77.08367443,28.446468,1,3,1,1,4,11:55,24,E09000027,6,0,6,30,0,-1,-1,0,0,0,1,1,1,0,0,1,1,E01003817,01-06-2018,1,1,3,2,50,8,3,1,1,0,0,-1,0,1
19146,77.07964828,28.40625195,1,3,3,1,2,08:53,24,E09000027,3,306,6,30,7,2,3,306,0,5,1,1,1,0,0,1,1,E01003799,30-05-2018,1,1,3,1,12,3,3,4,3,0,0,-1,0,1
19147,76.99165858,28.44107419,1,3,2,1,1,07:35,24,E09000027,3,205,6,30,3,4,6,0,0,0,1,1,1,0,0,1,1,E01003852,19-06-2018,2,1,1,1,20,4,3,0,0,0,0,-1,2,1
19148,77.07353375,28.41054996,1,3,2,1,3,08:57,24,E09000027,3,307,1,30,1,4,3,316,0,0,1,1,1,0,0,1,1,E01003860,21-06-2018,1,1,1,1,31,6,3,0,0,0,0,-1,19,1
19149,77.04320296,28.48878465,1,3,2,1,4,10:53,24,E09000027,3,316,6,30,3,4,4,353,0,1,1,1,1,0,0,1,1,E01003864,22-06-2018,2,1,1,1,47,8,3,0,0,0,0,-1,9,1
19150,76.97325093,28.44060412,1,3,2,1,4,08:05,24,E09000027,3,306,6,30,3,2,6,0,0,0,1,2,2,0,0,1,1,E01003800,15-06-2018,2,1,1,2,27,6,3,0,0,0,0,-1,9,1
19151,77.05338747,28.44309234,1,3,1,1,4,16:07,24,E09000027,6,0,6,30,0,-1,-1,0,0,0,1,1,1,0,0,1,1,E01003803,27-04-2018,1,1,2,2,75,10,3,0,0,0,4,-1,11,1
19152,77.06103873,28.43823431,1,3,2,1,5,19:12,24,E09000027,3,308,6,30,3,4,6,0,0,0,1,1,1,0,0,1,1,E01003823,26-05-2018,1,1,1,1,23,5,3,0,0,0,0,-1,9,1
19153,77.07364853,28.42270442,1,2,2,1,1,09:30,24,E09000027,3,306,6,30,3,4,5,0,0,0,1,1,1,0,0,1,1,E01003799,26-06-2018,2,2,1,1,-1,-1,3,0,0,0,0,-1,9,1
19154,77.02649696,28.4222495,1,3,2,1,4,09:06,24,E09000027,3,3008,6,30,3,4,5,0,0,0,1,1,1,0,0,1,1,E01003827,22-06-2018,2,3,2,2,-1,-1,3,0,0,1,0,-1,9,-1
19155,76.99842298,28.50306506,1,3,2,1,6,15:07,24,E09000027,3,316,3,30,3,4,6,0,0,0,1,1,1,0,0,1,1,E01003860,24-06-2018,1,1,1,2,18,4,3,0,0,0,0,-1,9,1
19156,77.04020287,28.49137063,1,3,4,3,6,10:10,24,E09000027,3,205,6,30,0,-1,-1,0,0,0,1,1,1,0,0,1,1,E01003847,24-06-2018,1,1,3,1,20,4,3,1,3,0,0,-1,0,1
19157,77.02252908,28.4483748,1,3,2,2,6,09:30,24,E09000027,3,306,6,30,0,-1,-1,0,0,0,1,1,1,0,0,1,1,E01003800,24-06-2018,1,1,1,1,28,6,3,0,0,0,0,-1,9,-1
19158,77.08782031,28.44821648,1,3,1,1,7,05:30,24,E09000027,3,205,6,30,6,2,4,351,0,5,1,1,1,0,0,1,1,E01003807,25-06-2018,1,1,1,2,41,7,3,0,0,0,0,-1,9,1
19159,77.04528903,28.50063965,1,3,2,3,2,17:44,24,E09000027,3,311,3,30,6,2,4,358,0,5,1,1,1,0,0,1,1,E01003900,27-06-2018,1,1,2,2,82,11,2,0,0,0,0,-1,10,1
19160,77.01190493,28.4294772,1,3,2,2,5,12:05,24,E09000027,3,306,6,30,8,4,6,0,0,0,1,1,2,0,0,1,1,E01003800,30-06-2018,2,2,1,1,27,6,3,0,0,0,0,-1,10,1
19161,77.0463001,28.50825577,1,3,2,4,6,16:27,24,E09000027,6,0,6,30,0,-1,-1,0,0,0,1,2,2,0,0,1,1,E01003850,24-06-2018,1,1,3,1,11,3,3,4,3,0,0,-1,0,-1
19162,76.98130095,28.45255918,1,2,2,1,4,08:28,25,E09000018,3,205,6,30,0,-1,-1,0,0,0,1,1,1,0,0,1,1,E01002566,29-06-2018,2,1,1,1,41,7,3,0,0,0,0,-1,9,1
19163,77.06818561,28.45606642,1,3,2,1,3,18:50,24,E09000027,3,307,6,20,3,2,4,353,0,0,1,1,1,0,0,1,1,E01003816,28-06-2018,1,1,3,2,-1,-1,3,5,3,0,0,-1,0,-1
19164,77.0398792,28.4237479,1,3,3,2,5,19:13,24,E09000027,3,306,6,30,0,-1,-1,0,0,0,1,1,2,0,0,1,1,E01003799,30-06-2018,1,1,3,1,43,7,3,5,1,0,0,-1,0,1
19165,77.06853656,28.47963805,1,3,1,1,4,17:50,24,E09000027,3,310,6,30,3,4,5,0,0,0,1,1,1,0,0,1,1,E01003839,29-06-2018,1,1,3,1,14,3,3,5,1,0,0,-1,0,1
19166,77.09122985,28.46939407,1,3,1,1,5,20:00,24,E09000027,3,307,6,30,0,-1,-1,0,0,0,1,1,2,0,0,1,1,E01003816,30-06-2018,1,1,1,1,46,8,3,0,0,0,0,-1,9,1
19167,76.98449756,28.47746553,1,3,1,1,2,19:50,24,E09000027,3,309,6,30,6,4,6,0,0,0,1,1,1,0,0,1,1,E01003890,27-06-2018,1,1,1,1,74,10,3,0,0,0,0,-1,9,-1
19168,77.07251292,28.41243345,1,3,2,1,2,15:48,24,E09000027,5,0,6,30,6,4,6,0,0,0,1,1,1,0,0,1,1,E01003834,04-07-2018,2,1,2,1,15,3,3,0,0,1,0,-1,9,-1
19169,76.97300954,28.47506972,1,3,3,1,3,12:00,24,E09000027,4,361,6,30,0,-1,-1,0,0,0,1,1,1,0,6,1,1,E01003870,05-07-2018,2,2,2,2,14,3,3,0,0,2,0,-1,9,-1
19170,77.06290153,28.42505032,1,3,2,1,5,17:37,24,E09000027,4,358,6,30,3,4,6,0,0,0,1,1,1,0,0,1,1,E01003907,16-06-2018,2,3,2,2,16,4,3,0,0,2,0,-1,9,-1
19171,77.01552335,28.43208818,1,3,1,1,3,15:00,24,E09000027,6,0,6,30,0,-1,-1,0,0,0,1,1,1,0,0,1,1,E01003892,05-07-2018,2,4,2,2,13,3,3,0,0,2,0,-1,9,-1
19172,76.98006032,28.42152618,1,3,2,1,3,09:27,24,E09000027,3,316,6,40,1,2,4,361,0,0,1,1,1,0,0,1,1,E01003867,05-07-2018,3,1,1,1,53,8,3,0,0,0,0,-1,4,1
19173,76.97607838,28.40590847,1,3,2,1,2,15:45,24,E09000027,3,305,6,30,3,2,3,305,0,0,1,1,1,0,0,1,1,E01003892,04-07-2018,1,1,2,2,-1,-1,3,0,0,0,3,-1,11,-1
19174,76.9783271,28.45903903,1,2,2,1,7,17:55,24,E09000027,3,308,6,30,0,-1,-1,0,0,0,1,1,1,0,0,1,1,E01003823,09-07-2018,1,1,1,1,30,6,3,0,0,0,0,-1,9,1
19175,77.02031848,28.47944326,1,3,1,1,3,23:30,24,E09000027,3,306,6,30,0,-1,-1,0,0,0,4,2,2,0,0,1,2,E01003799,28-06-2018,1,1,3,1,-1,-1,3,5,2,0,0,-1,0,-1
19176,77.02653751,28.47061199,1,3,2,1,2,16:09,24,E09000027,3,310,6,30,3,4,5,0,0,0,1,1,1,0,0,1,1,E01003880,11-07-2018,1,1,3,1,78,11,3,5,3,0,0,-1,0,1
19177,77.00100176,28.4950092,1,3,2,1,4,08:37,24,E09000027,3,205,2,30,3,4,4,351,0,0,1,1,1,0,0,1,1,E01003807,06-07-2018,1,1,1,2,39,7,3,0,0,0,0,-1,9,1
19178,77.01228212,28.46333486,1,2,3,3,2,15:54,24,E09000027,5,0,6,30,6,4,6,0,0,0,1,1,1,0,0,1,1,E01003826,04-07-2018,1,1,1,1,80,11,3,0,0,0,0,-1,9,1
19179,77.05367912,28.47514983,1,3,2,1,4,17:00,24,E09000027,3,311,6,30,3,2,3,312,0,0,1,1,1,0,0,1,1,E01003823,06-07-2018,1,1,1,2,37,7,3,0,0,0,0,-1,9,1
19180,77.10636966,28.45393842,1,3,3,1,4,16:57,24,E09000027,3,205,6,30,0,-1,-1,0,0,0,1,1,1,0,0,1,1,E01003850,13-07-2018,2,1,1,2,-1,-1,3,0,0,0,0,-1,9,1
19181,77.02828624,28.44987271,1,3,1,1,5,03:10,24,E09000027,3,305,6,30,0,-1,-1,0,0,0,4,1,1,0,0,1,1,E01003896,07-07-2018,1,1,1,1,68,10,3,0,0,0,0,-1,9,1
19182,76.97875201,28.49019346,1,3,3,2,5,08:44,24,E09000027,3,316,6,30,0,-1,-1,0,0,5,1,1,1,0,0,1,1,E01003864,14-07-2018,1,1,1,1,24,5,3,0,0,0,0,-1,9,1
19183,77.05054623,28.4032772,1,3,2,1,3,15:40,24,E09000027,3,305,6,30,3,4,6,0,0,0,1,1,1,0,0,1,1,E01003859,12-07-2018,1,2,2,2,-1,-1,3,0,0,1,0,-1,9,1
19184,77.08946528,28.41529884,1,2,2,1,2,18:45,24,E09000027,3,313,1,30,1,4,3,309,0,1,1,1,1,0,0,1,1,E01003887,11-07-2018,1,1,1,2,28,6,3,0,0,0,0,-1,9,1
19185,77.04263035,28.48714239,1,3,2,1,2,08:01,24,E09000027,3,305,6,30,3,4,6,0,0,0,1,1,1,0,0,1,1,E01003882,11-07-2018,2,2,1,1,33,6,3,0,0,0,0,-1,9,1
19186,77.0598311,28.48623976,1,3,1,1,7,04:55,24,E09000027,4,358,6,30,0,-1,-1,0,0,0,4,1,1,0,0,1,1,E01003839,09-07-2018,1,1,1,2,33,6,3,0,0,0,0,-1,9,1
19187,77.0606797,28.49180655,1,3,2,1,6,19:55,24,E09000027,3,308,6,40,0,-1,-1,0,0,0,1,1,1,0,0,1,1,E01003834,08-07-2018,1,2,2,1,-1,-1,3,0,0,1,0,-1,9,-1
19188,77.03304208,28.50262348,1,3,2,1,7,06:22,24,E09000027,3,316,1,30,1,4,3,310,0,0,1,1,1,0,0,1,1,E01003869,09-07-2018,1,1,2,2,55,8,3,0,0,0,3,-1,11,1
19189,76.99109746,28.45361963,1,3,1,2,2,18:00,24,E09000027,3,205,6,30,0,-1,-1,0,0,0,1,1,1,0,0,1,1,E01003804,11-07-2018,1,1,1,2,23,5,3,0,0,0,0,-1,9,-1
19190,77.04434707,28.45863188,1,3,2,1,2,12:20,24,E09000027,3,316,3,30,1,2,3,307,0,0,1,1,1,0,0,1,1,E01003860,18-07-2018,1,1,1,2,37,7,3,0,0,0,0,-1,9,1
19191,77.01123397,28.48122295,1,2,3,1,2,18:20,24,E09000027,3,305,6,30,6,2,4,353,0,0,1,1,1,0,0,1,1,E01003875,18-07-2018,1,1,1,2,23,5,3,0,0,0,0,-1,9,1
19192,77.09434168,28.42761607,1,3,3,3,3,09:50,24,E09000027,3,308,6,30,0,-1,-1,0,0,0,1,1,1,0,0,1,1,E01003823,19-07-2018,1,1,1,1,40,7,3,0,0,0,0,-1,5,1
19193,77.06827275,28.41331087,1,3,2,1,2,10:47,24,E09000027,3,307,6,30,3,4,5,0,0,1,1,2,2,0,0,1,1,E01003847,25-07-2018,2,1,1,1,28,6,3,0,0,0,0,-1,9,1
19194,76.98747588,28.40689574,1,3,2,3,7,12:00,24,E09000027,3,307,6,30,6,2,4,352,0,0,1,1,1,0,0,1,2,E01003817,16-07-2018,2,2,2,2,-1,-1,3,0,0,1,0,-1,9,-1
19195,77.00588289,28.46561488,1,3,2,1,7,15:15,24,E09000027,3,205,6,30,3,4,6,0,0,0,1,1,1,0,0,1,2,E01003804,23-07-2018,2,1,1,2,32,6,3,0,0,0,0,-1,9,1
19196,77.04241686,28.40915607,1,3,1,1,3,11:00,24,E09000027,6,0,6,30,0,-1,-1,0,0,0,1,1,1,0,0,1,2,E01003876,19-07-2018,1,1,1,2,42,7,3,0,0,0,0,-1,9,1
19197,77.04418835,28.41359044,1,3,2,1,5,16:45,24,E09000027,3,316,6,30,0,-1,-1,0,0,0,1,1,1,0,0,1,1,,21-07-2018,2,1,1,2,34,6,3,0,0,0,0,-1,9,-1
19198,77.01886906,28.41194189,1,3,1,1,5,23:00,24,E09000027,3,306,6,30,0,-1,-1,0,0,4,4,1,1,0,0,1,1,E01003800,28-07-2018,1,1,1,2,37,7,3,0,0,0,0,-1,9,-1
19199,77.04382064,28.48747969,1,3,2,1,2,16:55,24,E09000027,3,3003,6,30,3,4,4,350,0,1,1,1,1,0,0,1,1,E01003854,25-07-2018,1,1,1,1,82,11,3,0,0,0,0,-1,9,1
19200,77.04762046,28.46183792,1,3,2,1,5,20:45,24,E09000027,3,313,6,30,3,4,5,0,0,1,4,1,1,0,0,1,1,E01003886,28-07-2018,2,1,1,2,56,9,3,0,0,0,0,-1,9,1
19201,76.97482058,28.48695187,1,3,2,1,7,11:05,24,E09000027,3,205,6,30,0,-1,-1,0,0,0,1,1,1,0,0,1,1,E01003850,30-07-2018,1,1,1,2,28,6,3,0,0,0,0,-1,9,1
19202,77.03329124,28.44988484,1,3,5,1,5,13:34,24,E09000027,5,0,6,30,3,4,6,0,0,0,1,1,1,0,0,1,1,E01003844,14-07-2018,1,1,1,1,23,5,3,0,0,0,0,-1,9,1
19203,77.02407855,28.41276163,1,3,2,1,3,14:25,24,E09000027,3,205,6,30,3,4,6,0,0,0,1,1,1,0,0,1,1,E01003809,26-07-2018,1,1,3,1,-1,-1,3,5,1,0,0,-1,0,-1
19204,77.09960837,28.40747723,1,3,2,1,2,08:10,24,E09000027,3,205,3,30,6,2,3,316,0,0,1,2,2,0,0,1,1,E01003865,01-08-2018,1,1,1,1,24,5,3,0,0,0,0,-1,9,1
19205,77.02863095,28.42735398,1,3,4,1,3,13:05,24,E09000027,3,310,6,30,0,-1,-1,0,0,0,1,1,1,0,0,1,1,E01003880,02-08-2018,1,2,2,1,-1,-1,3,0,0,1,0,-1,9,1
19206,77.01326118,28.42433493,1,3,1,1,5,14:40,24,E09000027,3,305,6,30,3,4,3,310,0,0,1,1,1,0,0,1,1,E01003896,28-07-2018,2,1,1,1,41,7,3,0,0,0,0,-1,4,1
19207,76.98255192,28.4833597,1,3,2,1,3,13:00,24,E09000027,3,316,3,50,0,-1,-1,0,0,0,1,1,1,0,0,1,1,E01003910,26-07-2018,1,1,3,1,14,3,3,5,3,0,0,-1,0,1
19208,77.06130057,28.43014514,1,3,2,1,3,07:58,24,E09000027,3,305,6,30,3,4,6,0,0,0,1,1,1,0,0,1,1,E01003895,09-08-2018,1,1,2,2,43,7,3,0,0,0,3,-1,11,1
19209,77.10441018,28.50777723,1,3,3,2,5,18:05,24,E09000027,5,0,6,30,3,4,5,0,0,0,1,1,1,0,0,1,1,E01003827,04-08-2018,1,1,1,1,51,8,3,0,0,0,0,-1,9,1
19210,77.06924042,28.42206619,1,3,1,1,5,15:30,24,E09000027,3,205,6,30,0,-1,-1,0,0,0,1,1,1,0,0,1,1,E01003846,04-08-2018,1,1,2,1,25,5,3,0,0,1,0,-1,9,-1
19211,76.97775121,28.43648958,1,3,2,1,5,00:59,24,E09000027,3,305,1,30,1,4,3,307,0,0,4,1,1,0,0,1,1,E01003876,11-08-2018,2,1,2,2,7,2,3,0,0,2,0,-1,9,1
19212,77.10601601,28.4499617,1,3,3,1,6,11:41,24,E09000027,3,316,6,30,3,4,6,0,0,0,1,1,1,0,0,1,1,E01003861,05-08-2018,2,1,1,1,-1,-1,3,0,0,0,0,-1,9,-1
19213,77.0768107,28.44450583,1,3,1,1,4,12:38,24,E09000027,3,307,6,30,0,-1,-1,0,0,0,1,1,1,0,0,1,1,E01003876,10-08-2018,1,1,1,2,49,8,3,0,0,0,0,-1,9,1
19214,77.01113589,28.46774383,1,3,1,1,5,09:12,24,E09000027,5,0,6,30,3,4,6,0,0,0,1,1,1,0,0,1,1,E01003858,04-08-2018,1,1,1,1,16,4,3,0,0,0,0,-1,2,1
19215,77.0414004,28.45449516,1,2,1,1,3,18:50,24,E09000027,6,0,6,30,0,-1,-1,0,0,0,1,1,1,0,0,1,1,E01003817,12-07-2018,1,1,3,2,38,7,2,1,1,0,0,-1,0,1
19216,77.05079496,28.43286122,1,3,1,1,1,17:30,24,E09000027,3,3004,6,30,0,-1,-1,0,0,0,1,1,1,0,0,1,2,E01003872,14-08-2018,2,1,2,1,21,5,3,0,0,2,0,-1,9,1
19217,77.04348084,28.41469531,1,3,1,1,6,18:05,24,E09000027,5,0,6,30,0,-1,-1,0,0,0,1,1,1,0,0,1,1,E01003832,12-08-2018,2,1,1,1,79,11,3,0,0,0,0,-1,9,1
19218,77.02936183,28.49773469,1,3,2,1,7,11:53,24,E09000027,3,311,6,30,3,4,3,3008,0,0,1,1,1,0,0,1,1,E01003823,13-08-2018,2,1,1,2,54,8,3,0,0,0,0,-1,9,-1
19219,77.0923542,28.42654275,1,3,3,1,6,08:40,24,E09000027,3,308,6,30,0,-1,-1,0,0,0,1,1,1,0,0,1,1,E01003823,24-06-2018,2,1,2,2,5,1,3,0,0,1,0,-1,9,-1
19220,77.0621057,28.45215818,1,3,2,2,3,16:25,24,E09000027,3,312,6,30,3,4,6,0,0,0,1,1,1,0,0,1,1,E01003829,02-08-2018,2,1,1,1,37,7,3,0,0,0,0,-1,21,1
19221,76.99357545,28.40537039,1,3,2,1,2,17:36,24,E09000027,4,361,6,30,0,-1,-1,0,0,1,1,1,1,0,0,1,1,E01003905,08-08-2018,1,1,1,1,36,7,3,0,0,0,0,-1,9,-1
19222,77.0969187,28.42167892,1,3,2,1,3,07:45,24,E09000027,3,307,6,30,3,4,6,0,0,0,1,1,1,0,0,1,1,E01003860,16-08-2018,1,1,1,1,45,7,3,0,0,0,0,-1,9,1
19223,76.99444913,28.44203512,1,3,1,1,3,17:15,24,E09000027,3,311,6,30,0,-1,-1,0,0,0,1,1,1,0,0,1,2,E01003823,09-08-2018,1,1,3,1,12,3,3,5,3,0,0,-1,0,1
19224,76.98745611,28.43009676,1,3,2,1,3,17:00,24,E09000027,3,305,6,30,6,2,3,305,0,5,1,1,1,0,0,1,1,E01003896,16-08-2018,1,1,3,2,55,8,3,10,9,0,0,-1,0,1
19225,77.07242576,28.48355444,1,3,2,1,3,23:27,24,E09000027,6,0,6,30,7,4,6,0,0,0,4,1,1,0,0,1,1,E01003831,09-08-2018,1,1,1,2,20,4,3,0,0,0,0,-1,9,1
19226,77.1019311,28.42705038,1,3,2,1,5,15:20,24,E09000027,3,205,6,30,3,4,6,0,0,0,1,1,1,0,0,1,1,E01003804,11-08-2018,1,1,1,1,37,7,3,0,0,0,0,-1,9,1
19227,77.00117218,28.4502541,1,3,3,1,7,13:47,24,E09000027,3,316,3,30,0,-1,-1,0,0,0,1,1,1,0,0,1,1,E01003865,06-08-2018,1,1,1,1,37,7,3,0,0,0,0,-1,1,1
19228,77.08852661,28.49696843,1,3,1,1,7,01:15,24,E09000027,3,311,6,30,3,4,6,0,0,0,4,1,1,0,0,1,2,E01003823,30-07-2018,1,1,1,2,29,6,3,0,0,0,0,-1,9,1
19229,77.07940719,28.47105041,1,3,2,1,4,10:55,24,E09000027,4,358,6,30,6,2,5,0,0,5,1,1,1,0,0,1,1,E01003845,17-08-2018,1,2,2,1,-1,-1,3,0,0,1,0,-1,9,-1
19230,77.05531157,28.45316806,1,3,1,1,5,14:11,24,E09000027,3,311,6,30,3,4,6,0,0,0,1,1,1,0,0,1,1,E01003885,25-08-2018,1,1,1,1,39,7,3,0,0,0,0,-1,9,1
19231,77.04551995,28.47680551,1,3,2,1,5,11:02,24,E09000027,3,313,6,30,6,2,3,311,0,5,1,1,1,0,0,1,1,E01003815,11-08-2018,1,1,1,1,52,8,3,0,0,0,0,-1,9,1
19232,77.10562278,28.42684427,1,3,2,1,5,19:12,24,E09000027,3,3004,6,30,3,4,6,0,0,0,1,2,2,0,0,1,1,E01003895,21-07-2018,1,1,1,1,30,6,3,0,0,0,0,-1,5,1