Accident_Index,longitude,latitude,Police_Force,Accident_Severity,Number_of_Vehicles,Number_of_Casualties,Day_of_Week,Time,Local_Authority_(District),Local_Authority_(Highway),1st_Road_Class,1st_Road_Number,Road_Type,Speed_limit,Junction_Detail,Junction_Control,2nd_Road_Class,2nd_Road_Number,Pedestrian_Crossing-Human_Control,Pedestrian_Crossing-Physical_Facilities,Light_Conditions,Weather_Conditions,Road_Surface_Conditions,Special_Conditions_at_Site,Carriageway_Hazards,Urban_or_Rural_Area,Did_Police_Officer_Attend_Scene_of_Accident,LSOA_of_Accident_Location,Date,Vehicle_Reference,Casualty_Reference,Casualty_Class,Sex_of_Casualty,Age_of_Casualty,Age_Band_of_Casualty,Casualty_Severity,Pedestrian_Location,Pedestrian_Movement,Car_Passenger,Bus_or_Coach_Passenger,Pedestrian_Road_Maintenance_Worker,Casualty_Type,Casualty_Home_Area_Type
19233,77.05655149,28.47462019,1,3,2,1,4,08:35,24,E09000027,6,0,1,30,2,4,6,0,0,0,1,1,1,0,0,1,1,E01003824,17-08-2018,2,1,1,1,40,7,3,0,0,0,0,-1,9,1
19234,76.97374697,28.42703433,1,3,2,1,3,18:50,24,E09000027,3,205,6,30,3,4,5,0,0,0,1,1,1,0,0,1,1,E01003857,16-08-2018,1,1,2,1,28,6,3,0,0,0,4,-1,11,1
19235,76.98556982,28.43833102,1,3,1,1,2,18:05,24,E09000027,3,305,6,30,3,4,6,0,0,0,1,2,2,0,0,1,1,E01003875,22-08-2018,1,1,3,2,77,11,3,5,1,0,0,-1,0,1
19236,77.04434942,28.46133713,1,3,2,1,3,16:40,24,E09000027,3,205,6,30,3,2,3,306,0,5,1,1,1,0,0,1,1,E01003852,30-08-2018,1,1,1,2,51,8,3,0,0,0,0,-1,9,-1
19237,77.07905801,28.43290949,1,3,2,1,6,17:18,24,E09000027,3,307,6,30,0,-1,-1,0,0,0,1,1,1,0,0,1,1,E01003847,26-08-2018,1,2,2,1,-1,-1,3,0,0,1,0,-1,9,-1
19238,76.98117617,28.46501048,1,3,1,1,6,21:00,24,E09000027,3,307,6,30,3,4,5,0,0,4,4,1,1,0,0,1,1,E01003816,05-08-2018,1,1,1,1,36,7,3,0,0,0,0,-1,9,-1
19239,77.09733996,28.47611972,1,3,3,1,5,16:32,24,E09000027,6,0,6,30,0,-1,-1,0,0,0,1,1,1,0,0,1,1,E01003888,01-09-2018,1,1,1,1,44,7,2,0,0,0,0,-1,9,1
19240,77.10447019,28.42815931,1,3,2,1,6,08:40,24,E09000027,3,309,6,30,3,4,4,360,0,0,1,1,1,0,0,1,1,E01003890,02-09-2018,1,1,1,1,34,6,3,0,0,0,0,-1,4,-1
19241,77.00721571,28.49400425,1,3,2,1,7,18:50,24,E09000027,6,0,6,30,3,4,6,0,0,0,1,1,1,0,0,1,1,E01003825,03-09-2018,1,1,1,2,40,7,3,0,0,0,0,-1,9,-1
19242,77.07133589,28.42447342,1,2,2,1,3,14:20,24,E09000027,4,358,6,30,3,4,6,0,0,0,1,1,1,0,0,1,2,E01003840,02-08-2018,2,2,2,2,30,6,3,0,0,0,4,-1,11,-1
19243,76.97496942,28.48704098,1,3,1,1,4,15:05,24,E09000027,3,307,6,30,0,-1,-1,0,0,0,1,1,1,0,0,1,2,E01003876,31-08-2018,2,3,2,2,42,7,3,0,0,0,4,-1,11,1
19244,77.09562273,28.48411044,1,3,3,1,6,09:10,24,E09000027,3,307,6,30,3,4,5,0,0,0,1,1,1,0,0,1,2,E01003876,26-08-2018,2,4,2,2,16,4,3,0,0,0,4,-1,11,1
19245,77.01097551,28.47931646,1,3,2,1,7,10:00,24,E09000027,6,0,6,20,0,-1,-1,0,0,0,1,1,1,0,0,1,2,E01003817,20-08-2018,2,5,2,2,14,3,3,0,0,0,4,-1,11,1
19246,76.98182034,28.4236785,1,3,2,1,4,06:52,24,E09000027,4,358,6,30,7,2,4,358,0,5,1,1,1,4,0,1,1,E01003834,07-09-2018,1,1,3,2,38,7,3,10,9,0,0,-1,0,1
19247,76.99464971,28.45679836,1,3,2,1,7,15:42,24,E09000027,3,316,1,30,1,2,3,307,0,0,1,1,1,0,0,1,1,E01003860,03-09-2018,2,1,1,1,38,7,3,0,0,0,0,-1,9,1
19248,77.02240162,28.50322024,1,3,2,1,4,19:12,24,E09000027,6,0,6,30,0,-1,-1,0,0,0,1,1,1,0,0,1,1,E01003840,07-09-2018,1,1,1,1,17,4,3,0,0,0,0,-1,2,-1
19249,76.9762745,28.48528488,1,3,2,1,1,12:50,24,E09000027,6,0,6,30,3,4,6,0,0,0,1,1,1,0,0,1,1,E01003889,04-09-2018,1,1,1,1,22,5,3,0,0,0,0,-1,9,-1
19250,77.09119173,28.50017506,1,3,2,1,6,10:15,24,E09000027,3,316,6,30,0,-1,-1,0,0,0,1,1,1,0,0,1,1,,09-09-2018,1,1,1,2,31,6,3,0,0,0,0,-1,9,1
19251,77.1005335,28.46964757,1,3,2,1,6,10:55,24,E09000027,3,3004,6,30,3,4,6,0,0,1,1,1,1,0,0,1,1,E01003868,09-09-2018,1,1,3,1,88,11,3,10,9,0,0,-1,0,-1
19252,77.04947697,28.4276465,1,3,2,1,1,19:09,24,E09000027,3,310,6,30,0,-1,-1,0,0,0,1,1,1,0,0,1,1,E01003836,11-09-2018,1,1,1,2,22,5,3,0,0,0,0,-1,9,1
19253,76.99853695,28.4067905,1,3,1,1,3,16:30,24,E09000027,3,316,6,30,0,-1,-1,0,0,0,1,1,1,0,0,1,2,E01003861,06-09-2018,1,1,1,1,24,5,3,0,0,0,0,-1,9,1
19254,77.0183844,28.4375142,1,3,2,1,7,12:54,24,E09000027,5,0,6,30,0,-1,-1,0,0,0,1,1,1,0,0,1,1,E01003827,17-09-2018,1,1,1,2,51,8,3,0,0,0,0,-1,9,1
19255,77.00819137,28.50382161,1,3,2,1,4,00:45,24,E09000027,3,306,6,30,0,-1,-1,0,0,0,4,1,1,0,0,1,1,E01003800,21-09-2018,1,1,3,1,7,2,3,1,1,0,0,-1,0,1
19256,77.09914721,28.48113619,1,3,3,1,7,16:00,24,E09000027,3,205,6,30,3,4,6,0,0,0,1,1,1,0,0,1,1,E01003809,17-09-2018,1,1,3,1,55,8,3,5,3,0,0,-1,0,-1
19257,77.06930436,28.46025724,1,3,1,1,4,21:06,24,E09000027,6,0,6,30,0,-1,-1,0,0,0,4,1,1,0,0,1,1,E01003843,14-09-2018,1,1,3,1,84,11,2,4,1,0,0,-1,0,1
19258,77.01938336,28.50681675,1,3,1,1,4,13:00,24,E09000027,6,0,6,30,0,-1,-1,0,0,0,1,1,1,0,0,1,1,E01003812,14-09-2018,1,1,1,1,41,7,3,0,0,0,0,-1,9,1
19259,77.08935928,28.49301355,1,3,2,1,5,21:00,24,E09000027,3,305,6,30,3,4,6,0,0,0,4,1,1,0,0,1,1,E01003882,03-03-2018,1,1,1,1,35,6,3,0,0,0,0,-1,9,-1
19260,77.0234537,28.50460389,1,3,1,1,7,15:56,24,E09000027,5,0,6,30,0,-1,-1,0,0,0,1,1,1,0,0,1,1,E01003909,05-03-2018,1,1,3,1,4,1,3,1,1,0,0,-1,0,1
19261,77.06334957,28.44586496,1,2,3,1,3,15:39,24,E09000027,4,358,6,30,0,-1,-1,0,0,0,1,1,1,0,0,1,1,E01003814,20-09-2018,1,1,1,1,20,4,3,0,0,0,0,-1,9,1
19262,77.07848708,28.45626421,1,3,2,1,4,10:58,24,E09000027,3,311,6,30,6,2,3,313,0,0,1,1,1,0,0,1,1,E01003815,21-09-2018,1,1,3,1,8,2,3,10,9,0,0,-1,0,1
19263,77.00974577,28.41919945,1,3,2,1,4,16:15,24,E09000027,3,306,6,30,0,-1,-1,0,0,0,1,1,1,0,0,1,1,E01003800,21-09-2018,1,1,1,2,21,5,2,0,0,0,0,-1,9,1
19264,77.00911893,28.47840143,1,2,2,1,2,07:33,24,E09000027,3,306,6,30,0,-1,-1,0,0,0,1,1,1,0,0,1,1,E01003800,19-09-2018,2,1,1,2,40,7,3,0,0,0,0,-1,9,1
19265,77.0308775,28.49810194,1,3,1,1,4,12:21,24,E09000027,3,305,6,30,0,-1,-1,0,0,4,1,1,1,0,0,1,1,E01003896,21-09-2018,2,2,2,2,-1,-1,3,0,0,1,0,-1,9,1
19266,77.10108203,28.4629209,1,2,2,1,3,08:45,24,E09000027,3,310,6,30,3,4,5,0,0,0,1,1,1,0,0,1,2,E01003880,20-09-2018,1,1,2,1,25,5,3,0,0,0,0,-1,19,1
19267,77.02326637,28.4677276,1,2,2,2,5,00:45,24,E09000027,4,358,6,30,8,4,6,0,0,0,4,1,1,0,0,1,1,E01003812,22-09-2018,1,1,1,1,19,4,2,0,0,0,0,-1,3,1
19268,77.03862977,28.4302703,1,2,1,1,3,07:50,24,E09000027,6,0,6,30,3,4,6,0,0,0,1,1,1,0,0,1,2,E01003850,13-09-2018,1,1,1,1,52,8,3,0,0,0,0,-1,9,-1
19269,77.00567977,28.41446959,1,3,2,1,6,09:17,24,E09000027,6,0,6,30,3,4,6,0,0,0,1,1,1,0,0,1,1,E01003880,23-09-2018,2,1,1,2,44,7,3,0,0,0,0,-1,9,1
19270,77.02498046,28.42829058,1,2,1,1,4,17:15,24,E09000027,3,307,6,30,0,-1,-1,0,0,1,1,1,1,0,0,1,1,E01003876,28-09-2018,1,1,1,1,35,6,3,0,0,0,0,-1,3,1
19271,76.98763736,28.41313234,1,3,2,1,6,15:30,24,E09000027,3,311,6,30,3,4,6,0,0,0,1,2,2,0,0,1,2,E01003885,23-09-2018,1,1,3,1,15,3,3,10,9,0,0,-1,0,1
19272,77.03832081,28.41558647,1,3,1,1,6,04:39,24,E09000027,5,0,6,30,0,-1,-1,0,0,0,4,1,1,0,7,1,1,E01003832,23-09-2018,2,1,1,2,45,7,3,0,0,0,0,-1,9,-1
19273,77.01301798,28.45433422,1,3,1,1,3,18:20,24,E09000027,3,310,1,30,1,4,3,316,0,0,4,1,1,0,0,1,1,E01003869,27-09-2018,1,1,1,2,23,5,3,0,0,0,0,-1,9,1
19274,77.08340018,28.4299202,1,3,1,1,1,10:48,24,E09000027,3,311,6,30,0,-1,-1,0,0,0,1,1,1,0,0,1,1,E01003898,25-09-2018,1,1,2,1,19,4,3,0,0,2,0,-1,9,1
19275,77.07259014,28.49878594,1,3,3,1,6,13:09,24,E09000027,3,308,6,30,0,-1,-1,0,0,1,1,2,2,0,0,1,1,E01003823,23-09-2018,1,1,3,2,53,8,3,10,9,0,0,-1,0,1
19276,77.00719657,28.40483512,1,3,2,1,2,21:21,24,E09000027,3,310,1,30,1,4,3,308,0,1,4,1,1,0,0,1,1,E01003834,26-09-2018,1,1,2,2,14,3,3,0,0,1,0,-1,9,1
19277,76.9968618,28.4827022,1,3,2,1,3,20:45,24,E09000027,3,316,1,30,1,4,4,361,0,1,4,1,1,0,0,1,1,E01003870,27-09-2018,2,1,1,1,41,7,3,0,0,0,0,-1,9,1
19278,77.04774866,28.4477828,1,3,2,2,3,11:15,24,E09000027,4,358,6,30,7,2,5,0,0,5,1,1,1,0,0,1,1,E01003845,04-10-2018,1,1,2,1,-1,-1,3,0,0,0,4,-1,11,-1
19279,76.9862082,28.41668326,1,3,1,1,2,15:15,24,E09000027,5,0,6,30,1,4,3,307,0,0,1,1,1,0,0,1,1,E01003816,03-10-2018,1,2,2,1,-1,-1,3,0,0,0,4,-1,11,-1
19280,76.97613672,28.42094316,1,3,2,1,2,12:15,24,E09000027,3,305,6,30,0,-1,-1,0,0,0,1,1,1,0,0,1,1,E01003903,03-10-2018,1,1,1,2,29,6,3,0,0,0,0,-1,9,1
19281,76.99711278,28.41761901,1,3,2,1,5,23:14,24,E09000027,3,305,3,30,6,2,4,353,0,5,4,1,1,0,0,1,2,E01003875,06-10-2018,1,1,1,2,-1,-1,3,0,0,0,0,-1,9,1
19282,77.08834212,28.43343955,1,3,2,1,4,09:09,24,E09000027,3,310,6,30,6,2,3,313,0,0,1,1,1,0,0,1,1,E01003891,28-09-2018,1,1,1,2,39,7,3,0,0,0,0,-1,9,1
19283,77.07231103,28.50537155,1,3,1,1,4,23:53,24,E09000027,3,305,6,30,0,-1,-1,0,0,0,4,1,1,0,0,1,1,E01003892,08-06-2018,2,1,1,1,49,8,3,0,0,0,0,-1,5,1
19284,77.08193208,28.46570405,1,3,2,1,5,15:46,24,E09000027,3,205,6,30,9,4,6,0,0,0,1,1,1,0,0,1,1,E01003804,06-10-2018,2,1,2,2,23,5,3,0,0,1,0,-1,9,1
19285,76.99344122,28.40722742,1,3,2,1,3,20:10,24,E09000027,3,316,6,30,3,2,3,307,0,0,4,1,1,0,0,1,1,E01003860,11-10-2018,2,2,1,1,43,7,3,0,0,0,0,-1,9,1
19286,77.04945984,28.49855052,1,2,1,1,5,10:16,24,E09000027,3,306,6,30,6,2,4,350,0,5,1,1,1,0,0,1,2,E01003801,06-10-2018,1,1,3,1,21,5,3,10,9,0,0,-1,0,-1
19287,77.10592838,28.41240322,1,3,2,1,5,07:20,24,E09000027,4,351,6,30,6,2,3,205,0,5,1,1,1,0,0,1,2,E01003807,06-10-2018,1,1,3,2,6,2,3,10,9,0,0,-1,0,-1
19288,77.05441535,28.4848799,1,3,2,2,1,16:01,24,E09000027,4,361,6,30,0,-1,-1,0,0,0,1,1,1,0,0,1,1,E01003905,02-10-2018,1,1,1,1,28,6,3,0,0,0,0,-1,9,1
19289,77.00003018,28.47491997,1,3,2,2,7,12:08,24,E09000027,3,316,3,30,3,4,6,0,0,0,1,1,1,0,0,1,1,E01003860,04-06-2018,2,1,1,1,42,7,3,0,0,0,0,-1,1,1
19290,77.0137528,28.50264077,1,3,2,1,2,17:03,24,E09000027,6,0,6,20,0,-1,-1,0,0,0,1,1,1,0,0,1,1,E01003817,03-10-2018,2,1,2,1,2,1,3,0,0,1,0,-1,9,1
19291,76.97884492,28.48953609,1,3,1,1,6,15:20,24,E09000027,3,305,6,30,3,2,6,0,0,5,1,1,1,0,0,1,1,E01003896,07-10-2018,1,1,3,2,26,6,2,10,9,0,0,-1,0,1
19292,77.08677185,28.48421657,1,3,2,1,4,08:50,24,E09000027,5,0,6,30,3,4,6,0,0,0,1,1,1,0,0,1,1,E01003822,12-10-2018,1,1,3,1,31,6,3,5,2,0,0,-1,0,-1
19293,76.99268529,28.48584169,1,2,2,2,6,21:28,24,E09000027,5,0,6,30,3,4,6,0,0,0,4,1,1,0,0,1,1,E01003904,07-10-2018,1,1,2,2,32,6,3,0,0,0,3,-1,11,1
19294,77.04799798,28.42757922,1,3,2,1,2,20:56,24,E09000027,3,314,6,30,3,4,6,0,0,0,4,1,1,0,0,1,1,E01003843,10-10-2018,1,1,1,1,23,5,3,0,0,0,0,-1,19,1
19295,77.10077837,28.48132202,1,3,1,1,6,02:05,24,E09000027,3,310,6,30,3,2,5,0,0,5,4,1,2,0,0,1,1,E01003897,07-10-2018,2,2,1,1,38,7,3,0,0,0,0,-1,9,1
19296,77.09911019,28.49598437,1,3,2,1,6,07:35,24,E09000027,3,310,6,30,0,-1,-1,0,0,5,4,1,1,0,0,1,1,E01003897,14-10-2018,1,1,3,1,22,5,2,5,9,0,0,-1,0,-1
19297,76.99016408,28.44710045,1,3,3,1,3,11:38,24,E09000027,3,311,6,30,0,-1,-1,0,0,0,1,1,1,0,0,1,1,E01003823,11-10-2018,2,1,2,2,14,3,3,0,0,1,0,-1,9,1
19298,77.08979495,28.43420362,1,3,2,1,5,19:15,24,E09000027,3,308,1,30,1,4,3,308,0,0,1,1,1,0,0,1,2,E01003834,06-10-2018,2,1,1,1,28,6,3,0,0,0,0,-1,3,1
19299,77.00515935,28.48061776,1,3,2,2,5,17:45,24,E09000027,3,309,6,30,3,4,6,0,0,0,1,1,1,0,0,1,2,E01003890,13-10-2018,1,1,2,2,19,4,3,0,0,1,0,-1,9,1
19300,76.97499637,28.47033147,1,3,1,1,2,08:45,24,E09000027,4,352,6,30,6,2,3,307,0,5,1,8,1,0,0,1,1,E01003817,10-10-2018,1,1,2,1,26,6,3,0,0,2,0,-1,9,1
19301,77.01519191,28.42983704,1,3,2,1,1,10:30,24,E09000027,3,311,6,30,3,4,6,0,0,0,1,1,1,0,0,1,2,E01003810,16-10-2018,1,1,1,2,23,5,3,0,0,0,0,-1,9,1
19302,77.08575634,28.48457817,1,3,2,1,6,09:17,24,E09000027,3,306,6,30,3,2,4,350,0,5,1,1,1,0,0,1,1,E01003801,14-10-2018,1,1,1,1,18,4,3,0,0,0,0,-1,9,-1
19303,77.08004293,28.44387597,1,3,2,1,7,12:30,24,E09000027,3,313,6,30,0,-1,-1,0,0,0,1,1,1,0,0,1,2,E01003814,15-10-2018,1,2,2,1,19,4,3,0,0,1,0,-1,9,-1
19304,77.02097505,28.48637021,1,3,1,1,4,13:40,24,E09000027,6,0,6,30,3,4,6,0,0,0,1,1,1,0,0,1,1,E01003876,19-10-2018,1,1,2,2,-1,-1,3,0,0,0,3,-1,11,1
19305,77.0760491,28.47757952,1,3,2,1,2,18:25,24,E09000027,3,205,6,30,3,4,6,0,0,0,4,2,2,0,0,1,1,E01003851,24-10-2018,2,1,1,1,36,7,3,0,0,0,0,-1,9,1
19306,76.99618801,28.48396765,1,3,2,1,4,08:20,24,E09000027,3,306,6,30,3,4,5,0,0,0,1,1,2,0,0,1,1,E01003800,19-10-2018,1,1,1,1,27,6,3,0,0,0,0,-1,9,1
19307,77.02248281,28.41571623,1,3,2,1,5,18:10,24,E09000027,3,316,3,40,0,-1,-1,0,0,0,4,1,1,0,0,1,1,E01003860,20-10-2018,1,1,1,1,34,6,3,0,0,0,0,-1,19,1
19308,77.06562341,28.45470497,1,3,1,1,2,19:18,24,E09000027,3,307,6,30,3,4,6,0,0,0,4,8,2,0,0,1,1,E01003876,24-10-2018,1,1,1,1,22,5,3,0,0,0,0,-1,9,1
19309,77.09972437,28.48129942,1,3,2,1,4,19:46,24,E09000027,3,305,6,30,6,2,4,358,0,0,4,2,2,0,0,1,1,E01003903,19-10-2018,1,1,2,2,43,7,3,0,0,1,0,-1,9,1
19310,77.0887838,28.50419672,1,3,1,1,5,22:15,24,E09000027,3,3003,6,30,3,4,6,0,0,0,4,1,1,0,0,1,1,E01003855,27-10-2018,1,2,1,1,48,8,3,0,0,0,0,-1,9,1
19311,77.02972117,28.42455006,1,3,1,1,7,19:52,24,E09000027,4,353,6,30,0,-1,-1,0,0,0,4,4,1,0,0,1,1,E01003875,22-10-2018,2,1,1,1,48,8,3,0,0,0,0,-1,9,1
19312,77.05017168,28.41909311,1,3,2,1,3,11:04,25,E09000018,3,316,7,30,5,4,3,312,0,1,1,4,1,0,0,1,1,E01002605,25-10-2018,3,2,2,2,34,6,3,0,0,1,0,-1,9,1
19313,76.99229984,28.48862081,1,3,2,1,2,10:20,24,E09000027,3,316,3,40,0,-1,-1,0,0,0,1,2,2,0,0,1,1,E01003901,24-10-2018,2,1,1,1,28,6,3,0,0,0,0,-1,9,1
19314,77.09027392,28.45826067,1,3,1,1,4,17:36,24,E09000027,3,305,6,30,0,-1,-1,0,0,4,1,1,1,0,0,1,1,E01003898,26-10-2018,1,1,1,2,29,6,3,0,0,0,0,-1,9,1
19315,77.06037173,28.43910309,1,3,2,1,4,19:00,24,E09000027,3,310,6,30,0,-1,-1,0,0,0,4,1,1,0,0,1,1,E01003897,26-10-2018,2,2,2,2,31,6,3,0,0,1,0,-1,9,-1
19316,77.09587476,28.4573751,1,3,3,2,5,12:10,24,E09000027,4,350,6,30,3,4,6,0,0,0,1,1,1,0,0,1,1,,27-10-2018,1,1,1,1,56,9,3,0,0,0,0,-1,9,1
19317,76.97346971,28.43369867,1,3,2,1,4,20:33,24,E09000027,4,351,6,30,9,4,6,0,0,0,4,1,1,0,0,1,1,E01003807,26-10-2018,1,1,1,1,26,6,3,0,0,0,0,-1,9,1
19318,77.05586296,28.50481087,1,3,1,2,4,08:00,24,E09000027,3,310,6,30,0,-1,-1,0,0,0,1,1,2,0,0,1,1,E01003897,19-10-2018,1,1,1,1,23,5,3,0,0,0,0,-1,9,-1
19319,77.0661885,28.48129853,1,3,2,1,6,17:13,24,E09000027,3,311,6,30,6,4,6,0,0,0,1,1,1,0,0,1,1,E01003815,28-10-2018,1,1,1,1,52,8,3,0,0,0,0,-1,5,1
19320,77.10285879,28.45641311,1,3,1,1,5,00:35,24,E09000027,3,316,6,30,0,-1,-1,0,0,0,4,2,2,0,0,1,1,E01003855,20-10-2018,1,1,2,2,11,3,3,0,0,1,0,-1,9,-1
19321,77.0097497,28.50761906,1,2,2,1,4,10:35,24,E09000027,3,205,6,40,3,4,6,0,0,1,1,1,1,0,0,1,1,E01003804,05-10-2018,1,1,3,1,12,3,2,5,3,0,0,-1,0,1
19322,76.97491655,28.50689712,1,3,2,1,4,22:00,24,E09000027,3,205,6,30,0,-1,-1,0,0,0,4,1,1,0,0,1,1,E01003859,26-10-2018,2,1,1,2,29,6,3,0,0,0,0,-1,9,-1
19323,77.03146077,28.41416937,1,3,2,2,7,13:10,24,E09000027,3,313,6,30,7,2,4,358,0,0,1,1,1,0,0,1,1,E01003888,29-10-2018,1,1,1,1,47,8,3,0,0,0,0,-1,9,1
19324,76.98973153,28.46220114,1,3,1,1,5,08:30,24,E09000027,5,0,1,30,2,4,6,0,0,0,1,9,2,0,0,1,2,E01003907,03-11-2018,2,1,1,1,25,5,3,0,0,0,0,-1,5,1
19325,77.0847527,28.41853419,1,3,2,1,6,15:15,24,E09000027,3,205,6,30,0,-1,-1,0,0,0,1,1,1,0,0,1,1,E01003859,04-11-2018,1,1,1,1,72,10,3,0,0,0,0,-1,1,1
19326,77.07338007,28.4837598,1,3,2,1,6,09:30,24,E09000027,3,205,6,30,3,4,6,0,2,0,1,1,1,0,0,1,2,E01003804,04-11-2018,2,1,1,1,35,6,3,0,0,0,0,-1,2,1
19327,77.09147039,28.42539964,1,3,1,1,4,17:30,24,E09000027,3,313,6,30,0,-1,-1,0,0,4,1,1,1,0,0,1,2,E01003888,26-10-2018,1,1,1,2,41,7,3,0,0,0,0,-1,9,1
19328,77.08203388,28.41821101,1,3,2,1,1,17:31,24,E09000027,3,205,6,30,3,2,3,205,0,5,4,2,2,0,0,1,1,E01003846,06-11-2018,1,1,1,1,31,6,3,0,0,0,0,-1,9,-1
19329,77.00654336,28.50708365,1,3,2,1,3,19:42,24,E09000027,3,316,3,40,8,4,6,0,0,0,4,1,2,0,0,1,1,E01003860,08-11-2018,1,1,1,1,35,6,3,0,0,0,0,-1,19,1
19330,77.01403697,28.49012695,1,2,2,1,3,19:20,24,E09000027,4,361,6,30,3,4,6,0,0,0,4,5,2,0,0,1,1,E01003906,08-11-2018,1,1,1,2,30,6,3,0,0,0,0,-1,9,1
19331,77.00418712,28.42814687,1,3,1,1,2,12:54,24,E09000027,3,316,6,40,3,4,6,0,0,0,1,1,2,0,0,1,1,E01003869,07-11-2018,1,1,1,1,32,6,3,0,0,0,0,-1,9,1
19332,77.03551961,28.47457173,1,3,1,1,3,11:25,24,E09000027,6,0,2,30,0,-1,-1,0,0,0,1,2,2,0,0,1,1,E01003896,08-11-2018,1,1,1,2,61,9,3,0,0,0,0,-1,9,1
19333,77.06434582,28.46847582,1,3,1,1,3,14:11,24,E09000027,4,358,6,30,0,-1,-1,0,0,0,1,1,1,0,0,1,1,E01003900,08-11-2018,1,1,1,2,52,8,3,0,0,0,0,-1,9,1
19334,76.98663525,28.46320696,1,3,1,1,2,15:15,24,E09000027,3,314,6,30,3,4,5,0,0,4,1,1,1,0,0,1,1,E01003843,07-11-2018,2,2,1,2,18,4,3,0,0,0,0,-1,9,1
19335,77.00218228,28.40474258,1,2,4,3,6,17:50,24,E09000027,4,358,6,30,0,-1,-1,0,0,0,4,5,2,0,0,1,1,E01003840,11-11-2018,1,1,1,1,23,5,3,0,0,0,0,-1,9,1
19336,77.0094321,28.41572307,1,2,2,1,7,14:12,24,E09000027,3,3003,6,30,0,-1,-1,0,0,0,1,1,1,0,0,1,1,E01003854,12-11-2018,1,1,1,1,17,4,3,0,0,0,0,-1,3,1
19337,76.97432018,28.47999366,1,3,2,2,7,12:18,24,E09000027,3,205,6,30,3,4,6,0,0,0,1,1,1,0,0,1,1,E01003865,12-11-2018,1,1,1,2,37,7,3,0,0,0,0,-1,9,1
19338,77.01164664,28.48097805,1,3,2,1,2,12:22,24,E09000027,3,316,6,30,3,4,6,0,0,0,1,1,1,4,0,1,1,E01003861,31-10-2018,2,2,1,1,30,6,3,0,0,0,0,-1,9,1
19339,76.98008007,28.41494959,1,3,2,1,6,23:17,24,E09000027,3,307,6,30,0,-1,-1,0,0,0,4,4,2,0,0,1,1,E01003821,11-11-2018,2,3,2,2,24,5,3,0,0,1,0,-1,9,1
19340,77.02066631,28.49524651,1,3,2,1,3,18:55,24,E09000027,3,305,6,30,3,4,6,0,0,0,1,1,1,0,0,1,1,E01003863,15-11-2018,4,1,1,1,44,7,3,0,0,0,0,-1,1,3
19341,77.05678502,28.47885489,1,3,2,1,3,22:15,24,E09000027,3,305,6,30,3,4,6,0,0,0,4,1,1,0,0,1,2,E01003896,15-11-2018,1,1,1,1,53,8,3,0,0,0,0,-1,8,1
19342,77.07076195,28.41151817,1,3,2,1,6,07:40,24,E09000027,3,205,6,30,6,2,4,351,0,5,1,8,4,0,0,1,1,E01003807,18-11-2018,1,1,3,1,50,8,3,10,9,0,0,-1,0,1
19343,76.99839375,28.45380943,1,3,1,1,7,17:00,24,E09000027,3,305,6,30,3,2,3,310,0,5,4,1,1,0,0,1,1,E01003896,19-11-2018,1,1,1,2,58,9,3,0,0,0,0,-1,9,-1
19344,77.05776967,28.50132308,1,3,4,1,2,17:29,24,E09000027,3,205,2,30,0,-1,-1,0,0,0,4,7,2,0,0,1,1,E01003807,21-11-2018,2,2,1,1,38,7,3,0,0,0,0,-1,19,1
19345,77.04797942,28.48303224,1,3,1,1,4,07:00,24,E09000027,6,0,6,30,3,4,6,0,0,0,1,1,2,0,7,1,1,E01003889,16-11-2018,1,1,3,1,65,9,3,5,1,0,0,-1,0,1
19346,77.02529005,28.49806865,1,3,2,1,2,08:55,24,E09000027,3,308,6,30,0,-1,-1,0,0,0,1,1,1,0,0,1,1,E01003834,28-11-2018,1,1,1,2,24,5,3,0,0,0,0,-1,9,1
19347,77.03566859,28.42594125,1,2,2,1,4,21:40,24,E09000027,3,305,6,30,0,-1,-1,0,0,0,4,1,1,0,0,1,1,E01003873,16-11-2018,1,1,1,2,32,6,2,0,0,0,0,-1,9,-1
19348,77.05179583,28.46168998,1,3,4,1,7,09:13,24,E09000027,3,308,6,40,0,-1,-1,0,0,0,1,1,2,0,0,1,1,E01003834,26-11-2018,1,1,2,1,19,4,3,0,0,1,0,-1,9,-1
19349,77.03661698,28.44652421,1,3,2,1,6,05:10,24,E09000027,4,358,6,30,3,4,4,358,0,0,4,1,1,0,0,1,1,E01003907,25-11-2018,2,1,1,1,-1,-1,3,0,0,0,0,-1,4,1
19350,77.05650796,28.45428583,1,3,1,1,6,23:11,24,E09000027,3,307,6,30,3,4,6,0,0,0,4,5,2,0,0,1,1,E01003817,02-12-2018,4,1,1,1,39,7,3,0,0,0,0,-1,5,1
19351,77.07026599,28.45084602,1,3,3,1,7,21:02,24,E09000027,3,310,6,30,3,4,5,0,0,1,4,1,1,0,0,1,1,E01003836,03-12-2018,2,1,2,2,18,4,3,0,0,2,0,-1,9,1
19352,77.06238278,28.46871171,1,3,2,1,5,08:15,24,E09000027,3,311,3,30,0,-1,-1,0,0,0,1,1,1,0,0,1,1,E01003900,24-11-2018,2,3,2,1,32,6,3,0,0,2,0,-1,9,1
19353,77.09662902,28.50083533,1,3,1,3,6,17:34,24,E09000027,3,305,6,30,3,2,5,0,0,5,4,1,1,0,0,1,1,E01003898,25-11-2018,2,4,2,2,21,5,3,0,0,1,0,-1,9,1