Accident_Index,longitude,latitude,Police_Force,Accident_Severity,Number_of_Vehicles,Number_of_Casualties,Day_of_Week,Time,Local_Authority_(District),Local_Authority_(Highway),1st_Road_Class,1st_Road_Number,Road_Type,Speed_limit,Junction_Detail,Junction_Control,2nd_Road_Class,2nd_Road_Number,Pedestrian_Crossing-Human_Control,Pedestrian_Crossing-Physical_Facilities,Light_Conditions,Weather_Conditions,Road_Surface_Conditions,Special_Conditions_at_Site,Carriageway_Hazards,Urban_or_Rural_Area,Did_Police_Officer_Attend_Scene_of_Accident,LSOA_of_Accident_Location,Date,Vehicle_Reference,Casualty_Reference,Casualty_Class,Sex_of_Casualty,Age_of_Casualty,Age_Band_of_Casualty,Casualty_Severity,Pedestrian_Location,Pedestrian_Movement,Car_Passenger,Bus_or_Coach_Passenger,Pedestrian_Road_Maintenance_Worker,Casualty_Type,Casualty_Home_Area_Type
19354,77.04599678,28.40540133,1,3,2,1,2,06:58,24,E09000027,3,316,3,40,0,-1,-1,0,2,1,4,1,2,0,0,1,1,E01003867,28-11-2018,2,5,1,1,24,5,3,0,0,0,0,-1,9,1
19355,76.99992948,28.48957404,1,3,2,1,6,21:30,24,E09000027,3,316,3,40,1,4,4,361,0,4,4,2,2,0,0,1,1,E01003867,02-12-2018,3,2,2,1,13,3,3,0,0,0,4,-1,11,-1
19356,77.10040454,28.48857557,1,3,2,1,4,18:18,24,E09000027,3,307,6,30,1,4,5,0,0,4,4,1,2,6,0,1,1,E01003816,30-11-2018,2,1,1,1,39,7,3,0,0,0,0,-1,9,1
19357,77.08722213,28.45235116,1,3,2,1,2,15:43,24,E09000027,3,205,6,30,3,4,6,0,0,4,1,1,1,0,0,1,1,E01003809,28-11-2018,1,1,2,2,-1,-1,3,0,0,2,0,-1,8,1
19358,76.99677029,28.4861734,1,3,2,1,5,15:30,24,E09000027,3,308,6,30,3,4,3,3008,0,1,1,1,1,0,0,1,2,E01003823,06-10-2018,1,1,3,2,56,9,3,5,3,0,0,-1,0,1
19359,77.09739721,28.40634702,1,3,2,1,7,07:10,24,E09000027,3,305,6,30,3,4,6,0,0,0,4,2,2,0,0,1,2,E01003875,29-10-2018,1,1,3,2,23,5,3,6,9,0,0,-1,0,1
19360,77.08383492,28.4937519,1,3,2,3,2,15:52,24,E09000027,3,316,6,30,0,-1,-1,0,0,0,4,1,1,0,0,1,1,E01003861,05-12-2018,1,1,1,1,35,6,3,0,0,0,0,-1,9,1
19361,77.09354867,28.48701294,1,3,2,1,3,19:33,24,E09000027,3,312,1,30,1,4,3,313,0,0,4,1,2,0,0,1,1,E01003830,06-12-2018,2,1,1,2,34,6,3,0,0,0,0,-1,9,1
19362,77.05066507,28.4851066,1,3,2,2,3,18:12,24,E09000027,3,311,6,30,3,4,6,0,0,0,4,2,2,0,0,1,1,E01003810,06-12-2018,1,1,1,1,24,5,3,0,0,0,0,-1,9,1
19363,77.06002648,28.45546312,1,3,1,2,4,22:28,24,E09000027,6,0,6,30,0,-1,-1,0,0,0,4,2,2,0,0,1,1,E01003837,07-12-2018,1,1,2,1,35,6,3,0,0,2,0,-1,9,1
19364,77.01495492,28.42440447,1,3,2,1,5,07:45,24,E09000027,3,205,6,30,3,4,6,0,0,0,1,1,1,0,0,1,1,E01003846,08-12-2018,1,1,1,2,20,4,3,0,0,0,0,-1,9,1
19365,77.02004648,28.44789554,1,3,1,1,6,22:15,24,E09000027,3,308,6,30,3,3,5,0,0,0,4,2,2,0,0,1,1,E01003826,09-12-2018,2,2,2,2,48,8,3,0,0,1,0,-1,9,1
19366,77.07475793,28.43017113,1,3,2,2,7,10:15,24,E09000027,3,306,6,30,0,-1,-1,0,0,0,1,1,1,0,0,1,1,E01003800,10-12-2018,1,1,1,1,57,9,3,0,0,0,0,-1,9,1
19367,77.04922738,28.41459641,1,3,2,1,4,08:48,24,E09000027,6,0,6,30,6,4,6,0,0,0,1,9,1,0,0,1,1,E01003862,07-12-2018,1,1,1,2,38,7,3,0,0,0,0,-1,9,1
19368,77.01931819,28.42323472,1,3,2,1,6,13:52,24,E09000027,3,305,6,30,3,4,6,0,0,0,1,1,1,0,0,1,1,E01003896,09-12-2018,1,1,1,1,28,6,3,0,0,0,0,-1,9,1
19369,77.03031256,28.50147549,1,3,2,1,2,09:55,24,E09000027,3,306,3,40,8,4,6,0,0,0,1,1,1,0,0,1,1,E01003800,12-12-2018,1,2,2,2,33,6,3,0,0,1,0,-1,9,1
19370,77.05915748,28.42043211,1,3,2,1,5,16:26,24,E09000027,3,310,6,30,3,4,5,0,0,1,4,1,2,0,0,1,1,E01003838,08-12-2018,2,3,1,1,28,6,3,0,0,0,0,-1,9,1
19371,77.02259175,28.50820563,1,3,1,1,1,19:14,24,E09000027,3,305,6,30,0,-1,-1,0,0,0,4,1,1,0,0,1,1,E01003859,11-12-2018,1,1,1,1,38,7,3,0,0,0,0,-1,9,1
19372,77.07532873,28.42992087,1,3,1,1,4,08:16,24,E09000027,4,361,6,30,0,-1,-1,0,0,0,1,1,2,0,0,1,1,E01003867,14-12-2018,1,1,1,2,45,7,3,0,0,0,0,-1,9,1
19373,76.98679446,28.453059,1,2,2,1,6,08:40,24,E09000027,3,316,3,40,1,2,4,358,0,5,1,1,1,0,0,1,1,E01003845,16-12-2018,1,1,1,1,32,6,3,0,0,0,0,-1,2,1
19374,77.06001333,28.49883805,1,3,1,1,3,23:00,24,E09000027,3,316,6,30,3,2,3,3003,0,5,4,1,2,0,0,1,1,E01003865,13-12-2018,1,1,3,2,43,7,2,5,9,0,0,-1,0,1
19375,76.98161346,28.44231758,1,3,1,1,7,18:20,24,E09000027,3,316,3,40,0,-1,-1,0,0,0,4,1,1,0,0,1,1,E01003910,17-12-2018,1,1,2,2,33,6,3,0,0,1,0,-1,9,1
19376,77.06686724,28.45639535,1,2,2,1,2,09:05,24,E09000027,6,0,6,30,3,4,6,0,0,0,1,1,1,0,0,1,1,E01003820,19-12-2018,1,1,1,2,44,7,3,0,0,0,0,-1,9,-1
19377,77.0436319,28.42815917,1,3,2,1,3,16:30,24,E09000027,3,308,6,30,0,-1,-1,0,0,0,1,1,1,0,0,1,2,E01003823,02-08-2018,1,2,2,1,-1,-1,3,0,0,1,0,-1,9,1
19378,76.97706735,28.45692943,1,3,2,1,4,06:45,24,E09000027,3,205,6,30,3,4,6,0,0,4,1,1,1,0,0,1,1,E01003808,14-12-2018,1,1,1,1,19,4,3,0,0,0,0,-1,9,1
19379,76.99930228,28.47396452,1,2,2,2,7,10:39,24,E09000027,6,0,6,30,3,4,6,0,0,0,1,2,2,0,0,1,1,E01003876,24-12-2018,1,1,1,1,27,6,3,0,0,0,0,-1,9,1
19380,77.04611108,28.48488558,1,2,2,2,7,12:40,24,E09000027,3,305,6,30,0,-1,-1,0,0,0,1,1,1,0,0,1,1,E01003884,17-12-2018,2,2,1,1,54,8,3,0,0,0,0,-1,9,1
19381,76.98869592,28.49425981,1,2,2,3,7,09:25,24,E09000027,4,358,6,30,3,4,6,0,0,0,1,1,1,0,0,1,1,E01003885,24-12-2018,2,3,2,1,56,9,3,0,0,1,0,-1,9,1
19382,77.06586538,28.47808407,1,3,2,1,6,19:39,24,E09000027,5,0,6,30,3,4,6,0,0,1,4,1,1,0,0,1,1,E01003841,23-12-2018,4,4,2,2,35,6,3,0,0,1,0,-1,9,1
19383,76.97432632,28.43391574,1,3,3,1,4,12:09,24,E09000027,5,0,6,30,0,-1,-1,0,0,0,1,1,1,0,0,1,1,E01003844,28-12-2018,1,1,1,1,19,4,3,0,0,0,0,-1,2,1
19384,77.04772324,28.49980795,1,3,2,1,7,19:40,25,E09000018,3,312,1,30,1,4,3,316,0,0,4,1,2,0,0,1,1,E01002605,10-12-2018,1,1,1,2,52,8,3,0,0,0,0,-1,9,1
19385,77.03710777,28.48732979,1,3,2,1,3,10:50,24,E09000027,3,316,6,30,3,4,6,0,0,4,1,1,1,0,0,1,1,E01003869,13-12-2018,1,1,1,1,54,8,3,0,0,0,0,-1,9,1
19386,76.98027664,28.49099593,1,2,2,2,6,18:49,24,E09000027,3,305,3,30,3,2,3,205,0,5,4,1,1,0,0,1,1,E01003859,16-12-2018,1,1,3,2,48,8,3,10,9,0,0,-1,0,1
19387,77.06626829,28.49872868,1,2,2,1,7,11:11,24,E09000027,6,0,6,30,3,4,6,0,0,0,1,1,1,0,0,1,1,E01003819,17-12-2018,1,1,1,1,25,5,3,0,0,0,0,-1,5,1
19388,77.00532076,28.4121965,1,3,1,1,2,11:00,24,E09000027,4,353,6,30,3,4,6,0,0,7,1,1,2,0,0,1,1,E01003847,19-12-2018,2,1,1,1,35,6,3,0,0,0,0,-1,5,1
19389,77.05485428,28.49642786,1,3,2,1,3,08:15,24,E09000027,3,305,3,30,8,4,6,0,0,0,1,1,1,0,0,1,1,E01003875,20-12-2018,1,1,2,2,44,7,3,0,0,0,3,-1,11,-1
19390,77.07000689,28.40384513,1,3,2,1,3,08:00,24,E09000027,4,353,6,30,3,4,6,0,0,0,1,8,2,0,0,1,1,E01003849,20-12-2018,1,1,1,1,29,6,3,0,0,0,0,-1,9,-1
19391,77.01241953,28.49681699,1,3,2,2,5,16:20,24,E09000027,3,310,6,30,3,4,5,0,0,0,4,1,1,0,0,1,1,E01003839,22-12-2018,3,2,1,2,56,9,3,0,0,0,0,-1,9,1
19392,77.01978908,28.49115838,1,3,2,1,7,05:49,24,E09000027,3,307,6,20,3,4,6,0,0,0,4,1,1,0,0,1,1,E01003816,24-12-2018,1,1,3,1,24,5,2,10,9,0,0,-1,0,1
19393,77.03452642,28.41716704,1,3,1,1,6,14:22,24,E09000027,3,205,6,30,3,4,6,0,0,8,1,2,2,0,0,1,1,E01003847,30-12-2018,1,1,3,2,5,1,3,10,9,0,0,-1,0,1
19394,77.06057987,28.47618496,1,3,2,1,3,02:40,25,E09000018,3,316,1,30,1,4,3,305,0,0,4,1,1,0,0,1,2,E01002605,27-12-2018,2,1,1,1,42,7,3,0,0,0,0,-1,9,1
19395,77.06945236,28.4510059,1,3,2,1,5,14:00,24,E09000027,3,3003,6,30,0,-1,-1,0,0,0,1,1,1,0,0,1,2,E01003854,22-12-2018,1,1,3,1,25,5,3,5,1,0,0,-1,0,1
19396,76.97560016,28.42915809,1,3,2,2,3,13:24,23,E09000021,5,0,6,30,6,2,3,307,0,5,1,1,1,0,0,1,1,E01003006,06-12-2018,1,1,3,1,43,7,3,9,9,0,0,-1,0,1
19397,76.98445971,28.43173728,1,3,2,1,2,18:30,24,E09000027,3,308,6,30,3,4,3,311,0,0,4,1,1,0,0,1,2,E01003823,24-10-2018,1,1,1,1,29,6,3,0,0,0,0,-1,2,1
19398,77.10011571,28.42914795,1,3,2,1,1,07:50,25,E09000018,3,244,6,30,3,4,6,0,0,0,1,1,1,0,0,1,1,E01002614,02-01-2018,1,1,3,2,72,10,3,5,9,0,0,-1,0,1
19399,77.08265916,28.47157196,1,3,2,1,6,10:40,25,E09000018,3,315,6,30,3,4,5,0,0,0,1,1,1,0,0,1,1,E01002575,07-01-2018,1,1,1,1,20,4,3,0,0,0,0,-1,9,1
19400,77.08286148,28.46781952,1,3,3,1,7,18:45,25,E09000018,3,312,3,40,0,-1,-1,0,0,0,4,1,1,0,0,1,1,E01002633,08-01-2018,2,1,1,1,56,9,3,0,0,0,0,-1,9,1
19401,77.09938792,28.50070414,1,3,2,1,7,05:37,25,E09000018,3,312,3,50,6,2,5,0,0,0,4,2,2,0,0,1,1,E01002583,08-01-2018,1,1,2,2,55,8,3,0,0,0,2,-1,11,-1
19402,77.00319999,28.50276656,1,2,2,4,4,22:56,25,E09000018,3,4,3,40,6,2,6,0,0,0,4,1,1,0,0,1,1,E01002568,12-01-2018,2,1,1,1,57,9,3,0,0,0,0,-1,9,1
19403,77.00372958,28.40887631,1,3,1,1,6,14:45,25,E09000018,3,315,6,30,0,-1,-1,0,0,0,1,1,1,0,0,1,1,E01002644,07-01-2018,2,1,1,1,17,4,2,0,0,0,0,-1,2,1
19404,77.09155116,28.41728834,1,3,2,1,2,20:20,25,E09000018,3,316,7,30,5,4,6,0,0,0,4,2,2,0,0,1,2,E01002605,10-01-2018,1,1,1,2,72,10,3,0,0,0,0,-1,9,-1
19405,77.07702542,28.44013921,1,3,2,1,3,13:50,25,E09000018,3,4,3,40,3,4,6,0,0,0,1,1,1,0,0,1,1,E01002678,04-01-2018,2,1,1,1,22,5,2,0,0,0,0,-1,5,-1
19406,77.08945285,28.48552901,1,3,1,1,4,12:25,25,E09000018,3,314,6,30,3,2,3,314,0,5,1,1,1,0,0,1,1,E01002649,12-01-2018,1,1,2,1,39,7,3,0,0,1,0,-1,9,1
19407,77.05380389,28.45593658,1,3,2,1,4,22:46,25,E09000018,6,0,6,30,0,-1,-1,0,0,0,4,8,2,0,0,1,1,E01002649,05-01-2018,2,2,1,2,75,10,3,0,0,0,0,-1,9,1
19408,76.98865178,28.45724053,1,3,1,1,4,19:19,25,E09000018,6,0,6,30,0,-1,-1,0,0,0,4,1,1,0,0,1,1,E01002624,12-01-2018,1,1,2,2,19,4,3,0,0,1,0,-1,9,1
19409,77.01056568,28.4485986,1,3,1,1,6,18:00,25,E09000018,3,315,6,30,3,2,4,490,0,5,1,1,1,0,0,1,1,E01002688,14-01-2018,1,1,1,2,23,5,3,0,0,0,0,-1,9,1
19410,77.07079907,28.41362391,1,3,1,1,7,20:41,25,E09000018,3,4,3,30,6,2,3,3005,0,5,4,1,1,0,0,1,1,E01002630,15-01-2018,1,1,2,2,37,7,3,0,0,2,0,-1,9,1
19411,77.02953051,28.50799868,1,3,2,1,3,15:15,25,E09000018,3,312,3,40,1,4,3,4,0,0,1,1,1,0,0,1,2,E01002585,11-01-2018,1,1,3,1,23,5,3,10,9,0,0,-1,0,-1
19412,77.08660472,28.41227203,1,3,2,2,5,14:15,26,E09000017,3,30,3,30,6,2,5,0,0,0,1,1,1,0,0,1,2,E01002444,13-01-2018,1,1,1,1,74,10,3,0,0,0,0,-1,9,-1
19413,77.05581854,28.48532675,1,3,4,1,5,15:20,26,E09000017,3,30,3,50,6,2,5,0,0,5,1,1,1,0,0,1,1,E01002444,13-01-2018,1,1,3,1,10,2,3,10,9,0,0,-1,0,-1
19414,76.9714189,28.40483473,1,3,2,1,2,17:30,25,E09000018,5,0,6,30,3,4,5,0,0,0,4,2,2,0,0,1,1,E01002602,17-01-2018,2,1,1,1,7,2,3,0,0,0,0,-1,1,1
19415,77.044009,28.46914229,1,3,1,1,6,01:00,25,E09000018,3,406,3,40,0,-1,-1,0,0,0,4,2,2,0,0,1,1,E01002691,21-01-2018,2,1,1,1,30,6,3,0,0,0,0,-1,1,1
19416,76.9736058,28.48829661,1,3,4,1,3,08:08,25,E09000018,6,0,6,30,3,4,6,0,0,0,1,1,1,0,0,1,1,E01002674,18-01-2018,1,1,1,2,25,5,3,0,0,0,0,-1,9,1
19417,77.10041354,28.45971804,1,3,2,1,7,01:20,25,E09000018,3,4,3,40,6,2,4,452,0,5,4,1,1,0,0,1,1,E01002684,22-01-2018,2,2,2,2,69,10,2,0,0,1,0,-1,9,1
19418,77.02257066,28.50700855,1,3,2,1,4,06:40,25,E09000018,3,4,3,50,1,4,3,30,0,0,4,1,1,0,0,1,2,E01002635,19-01-2018,1,1,2,1,24,5,3,0,0,1,0,-1,9,1
19419,77.05993364,28.48804509,1,3,2,1,1,13:55,25,E09000018,6,0,6,30,0,-1,-1,0,0,0,1,1,1,0,0,1,2,E01002598,09-01-2018,1,1,3,2,24,5,3,10,9,0,0,-1,0,1
19420,77.02984372,28.48643032,1,3,2,1,2,10:28,25,E09000018,3,4,3,40,3,2,6,0,0,5,1,1,1,0,0,1,1,E01002622,24-01-2018,1,1,1,1,21,5,3,0,0,0,0,-1,9,1
19421,77.08058502,28.48453372,1,3,3,2,7,17:40,25,E09000018,3,3063,6,30,7,2,3,3006,0,5,4,1,1,0,0,1,1,E01002663,15-01-2018,1,2,2,1,19,4,3,0,0,1,0,-1,9,1
19422,77.017742,28.47281287,1,3,3,3,6,08:40,25,E09000018,4,3377,6,30,3,4,6,0,0,0,1,1,1,0,0,1,1,E01002597,14-01-2018,2,1,1,1,18,4,3,0,0,0,0,-1,3,1
19423,76.97421513,28.48864407,1,3,1,1,7,10:40,25,E09000018,3,315,6,30,3,2,3,205,0,5,1,1,1,0,0,1,1,E01002566,22-01-2018,1,1,1,2,52,8,3,0,0,0,0,-1,9,1
19424,77.08735858,28.43418635,1,3,2,1,4,16:15,25,E09000018,3,315,6,30,3,4,3,314,0,0,1,1,1,0,0,1,2,E01002642,19-01-2018,1,1,3,2,11,3,3,1,3,0,0,-1,0,1
19425,76.98924313,28.47236925,1,3,2,1,2,18:50,25,E09000018,4,454,1,30,2,4,6,0,0,0,4,1,2,0,0,1,1,E01002678,17-01-2018,2,1,1,2,40,7,3,0,0,0,0,-1,1,1
19426,77.04988112,28.41042156,1,3,1,1,1,02:55,25,E09000018,6,0,6,30,3,3,6,0,0,0,4,1,1,0,0,1,1,E01002589,23-01-2018,1,1,1,2,72,10,3,0,0,0,0,-1,9,1
19427,77.0637103,28.41741225,1,2,1,1,5,09:08,25,E09000018,5,0,6,30,3,4,6,0,0,0,1,1,1,0,0,1,1,E01002620,20-01-2018,1,1,1,1,24,5,3,0,0,0,0,-1,1,1
19428,77.09927617,28.46130698,1,3,2,1,3,12:45,25,E09000018,6,0,6,30,3,4,3,315,0,0,1,4,1,0,0,1,2,E01002665,25-01-2018,1,1,2,2,53,8,3,0,0,2,0,-1,9,1
19429,77.04946573,28.4325408,1,3,1,1,6,08:50,25,E09000018,4,3377,6,30,3,4,6,0,1,0,1,1,1,0,0,1,2,E01002603,14-01-2018,1,2,1,2,30,6,3,0,0,0,0,-1,9,1
19430,77.06392334,28.42215752,1,3,1,1,4,15:20,25,E09000018,4,3377,6,30,3,2,3,244,0,0,1,1,1,0,0,1,2,E01002612,26-01-2018,4,1,1,2,31,6,3,0,0,0,0,-1,9,1
19431,76.99329715,28.50354418,1,3,2,2,3,08:30,25,E09000018,3,312,6,30,6,4,6,0,0,0,1,1,1,0,0,1,1,E01002593,25-01-2018,2,1,1,2,25,5,3,0,0,0,0,-1,9,1
19432,77.09096246,28.47592747,1,3,1,1,6,17:20,25,E09000018,3,4,3,40,6,4,4,454,0,0,4,1,1,0,0,1,1,E01002678,14-01-2018,1,1,1,2,62,9,3,0,0,0,0,-1,9,1
19433,77.01868416,28.44996655,1,3,2,1,7,15:40,25,E09000018,3,3006,3,30,3,4,6,0,0,0,1,1,1,0,0,1,1,E01002661,22-01-2018,2,1,1,1,26,6,3,0,0,0,0,-1,9,-1
19434,76.99964238,28.44968274,1,3,2,1,5,20:00,25,E09000018,3,3005,6,30,3,4,6,0,0,0,4,2,2,0,0,1,1,E01002626,27-01-2018,2,1,3,1,33,6,3,9,5,0,0,-1,0,1
19435,77.09292495,28.43232757,1,3,2,1,6,11:35,25,E09000018,3,4,3,30,1,4,3,312,0,0,1,1,1,0,0,1,2,E01002585,28-01-2018,1,1,1,1,30,6,3,0,0,0,0,-1,9,1
19436,77.05412589,28.47726901,1,3,2,1,5,18:10,25,E09000018,4,363,6,30,0,-1,-1,0,0,0,4,1,1,0,0,1,2,E01002640,13-01-2018,1,1,1,1,28,6,3,0,0,0,0,-1,9,1
19437,76.97800114,28.46506065,1,3,1,1,4,01:26,25,E09000018,3,30,3,40,0,-1,-1,0,0,0,4,8,2,0,0,1,1,E01002589,26-01-2018,1,1,1,1,52,8,3,0,0,0,0,-1,9,1
19438,77.0502141,28.48898523,1,3,1,1,6,16:10,25,E09000018,5,0,6,30,0,-1,-1,0,0,1,1,1,1,0,0,1,1,E01002578,21-01-2018,1,1,1,2,39,7,3,0,0,0,0,-1,3,1
19439,77.00631377,28.48049299,1,3,2,1,6,18:24,25,E09000018,3,312,6,30,8,4,6,0,0,0,4,2,2,0,0,1,1,E01002606,28-01-2018,1,1,3,2,8,2,3,1,3,0,0,-1,0,1
19440,77.08203776,28.49758509,1,3,2,1,7,23:00,25,E09000018,6,0,6,30,0,-1,-1,0,0,0,4,1,1,0,0,1,1,E01002610,29-01-2018,1,1,2,2,19,4,3,0,0,2,0,-1,9,-1
19441,76.99166111,28.41874209,1,3,2,1,5,08:45,25,E09000018,3,310,6,30,8,4,6,0,0,0,1,2,2,0,0,1,1,E01002668,27-01-2018,2,2,1,1,26,6,3,0,0,0,0,-1,9,1
19442,76.98860041,28.42850674,1,3,2,2,5,20:12,25,E09000018,3,4,3,40,6,2,3,4,0,0,4,1,1,0,0,1,1,E01002583,20-01-2018,2,3,2,1,17,4,3,0,0,1,0,-1,9,1
19443,76.97323084,28.42516876,1,3,4,1,7,01:05,25,E09000018,3,3000,6,30,3,4,6,0,0,0,4,1,2,0,0,1,1,E01002580,29-01-2018,3,4,1,1,24,5,3,0,0,0,0,-1,9,1
19444,76.98571373,28.44935599,1,3,1,1,6,18:06,25,E09000018,3,3006,6,30,6,2,5,0,0,5,4,1,1,0,0,1,1,E01002661,21-01-2018,3,5,2,1,21,5,3,0,0,1,0,-1,9,1
19445,77.06232235,28.43687647,1,3,2,1,4,22:28,25,E09000018,6,0,1,30,1,4,6,0,0,0,4,2,2,0,0,1,1,E01002614,26-01-2018,1,1,3,1,50,8,3,4,1,0,0,-1,0,1
19446,77.06553024,28.45511535,1,3,2,2,5,01:05,25,E09000018,3,312,3,30,6,2,3,244,0,5,4,2,2,0,0,1,1,E01002593,27-01-2018,1,1,1,1,35,6,3,0,0,0,0,-1,1,1
19447,77.09712413,28.4737075,1,3,1,1,4,07:49,25,E09000018,6,0,6,30,0,-1,-1,0,0,0,1,8,4,0,0,1,1,E01002596,26-01-2018,1,1,1,2,29,6,3,0,0,0,0,-1,9,1
19448,77.06326319,28.42572792,1,3,1,1,3,11:33,25,E09000018,3,315,6,30,0,-1,-1,0,0,0,1,1,2,0,0,1,1,E01002677,25-01-2018,1,1,1,1,43,7,3,0,0,0,0,-1,9,1
19449,77.03436053,28.42540804,1,3,2,1,2,20:50,25,E09000018,6,0,6,30,6,4,6,0,0,0,4,1,2,0,0,1,1,E01002649,24-01-2018,1,1,1,1,27,6,3,0,0,0,0,-1,9,1
19450,77.05821196,28.44629625,1,3,1,1,5,23:54,25,E09000018,3,3002,6,30,3,4,6,0,0,0,4,1,2,0,0,1,1,E01002563,27-01-2018,1,2,2,1,-1,-1,3,0,0,1,0,-1,9,-1
19451,77.03209934,28.47914004,1,2,2,1,1,17:50,25,E09000018,3,312,3,40,3,4,6,0,0,0,4,1,1,0,0,1,1,E01002605,30-01-2018,1,1,1,1,39,7,3,0,0,0,0,-1,9,1
19452,76.97677295,28.40759316,1,3,3,2,7,18:57,25,E09000018,3,3005,6,30,3,4,6,0,0,0,4,1,1,0,0,1,1,E01002626,08-01-2018,2,1,1,1,51,8,3,0,0,0,0,-1,9,1
19453,77.00110001,28.49541833,1,3,2,1,2,16:21,25,E09000018,3,315,6,30,0,-1,-1,0,0,0,1,1,1,0,0,1,2,E01002688,03-01-2018,1,1,1,1,37,7,3,0,0,0,0,-1,9,1
19454,76.99647668,28.43237826,1,2,1,2,6,15:40,25,E09000018,3,4,3,40,0,-1,-1,0,0,0,1,1,1,0,0,1,1,E01002566,04-02-2018,1,1,1,1,31,6,3,0,0,0,0,-1,9,1
19455,77.00659546,28.40953839,1,2,2,1,6,20:30,25,E09000018,4,3377,6,30,3,4,6,0,0,0,4,1,1,0,0,1,2,E01002560,04-02-2018,1,1,1,1,21,5,3,0,0,0,0,-1,9,3
19456,77.00866033,28.40331034,1,3,1,1,7,12:22,25,E09000018,3,315,6,30,3,4,6,0,0,0,1,1,1,0,0,1,1,E01002682,05-02-2018,1,1,1,2,26,6,3,0,0,0,0,-1,9,1
19457,76.99940952,28.469094,1,3,2,3,7,23:45,25,E09000018,3,4,3,40,0,-1,-1,0,0,0,4,1,1,0,0,1,1,E01002690,05-02-2018,1,1,2,2,79,11,2,0,0,1,0,-1,9,2
19458,77.09319044,28.45330257,1,3,2,1,3,18:45,25,E09000018,3,3000,6,30,3,4,6,0,0,0,4,2,2,0,0,1,1,E01002688,01-02-2018,1,2,2,2,51,8,2,0,0,2,0,-1,9,1
19459,76.97445916,28.42546582,1,3,2,1,3,18:28,25,E09000018,4,454,6,30,3,4,6,0,0,0,4,1,1,0,0,1,1,E01002679,01-02-2018,1,1,1,1,22,5,3,0,0,0,0,-1,3,-1
19460,77.09214279,28.48052743,1,3,2,1,6,19:50,25,E09000018,6,0,6,30,1,4,3,312,0,0,4,1,1,0,0,1,2,E01002637,07-01-2018,1,1,2,2,50,8,3,0,0,0,3,-1,11,1
19461,77.10230185,28.42906837,1,3,2,1,3,10:20,26,E09000017,1,4,3,40,5,4,6,0,0,0,1,1,2,0,0,2,1,E01002444,01-02-2018,1,1,1,1,42,7,3,0,0,0,0,-1,19,2
19462,77.09657331,28.40848555,1,3,2,1,7,09:58,25,E09000018,3,30,3,40,6,2,3,312,0,5,1,1,1,0,0,1,1,E01002586,08-01-2018,1,1,1,1,26,6,3,0,0,0,0,-1,9,1
19463,77.02613954,28.46908902,1,3,2,1,4,15:10,25,E09000018,3,312,1,30,1,4,3,316,0,0,1,1,1,0,0,1,1,E01002605,09-02-2018,1,1,1,2,35,6,3,0,0,0,0,-1,9,1
19464,77.05560154,28.43642652,1,3,2,3,3,08:53,25,E09000018,4,454,6,30,0,-1,-1,0,0,0,1,1,2,0,0,1,1,E01002678,11-01-2018,1,1,3,1,24,5,3,10,9,0,0,-1,0,-1
19465,76.98105697,28.49807076,1,3,2,2,6,19:10,25,E09000018,3,4,6,30,6,2,3,4,0,5,4,2,2,0,0,1,1,E01002675,11-02-2018,1,1,3,2,-1,-1,3,10,9,0,0,-1,0,-1
19466,77.01790121,28.50732379,1,3,2,1,2,13:00,25,E09000018,6,0,6,30,0,-1,-1,0,0,0,1,1,1,0,0,1,1,E01002665,07-02-2018,1,1,1,1,42,7,3,0,0,0,0,-1,5,1
19467,77.08010945,28.48154532,1,2,1,1,6,16:00,25,E09000018,3,314,6,30,0,-1,-1,0,0,0,1,1,1,0,0,1,2,E01002644,18-02-2018,1,1,1,1,29,6,3,0,0,0,0,-1,9,1
19468,77.07261859,28.45209578,1,3,2,1,4,17:00,25,E09000018,6,0,6,30,3,4,6,0,0,0,4,1,1,0,0,1,1,E01002620,09-02-2018,1,1,1,1,37,7,3,0,0,0,0,-1,5,1
19469,77.00689909,28.480721,1,3,3,1,7,14:51,25,E09000018,6,0,6,30,3,4,6,0,0,0,1,1,1,4,0,1,1,E01002656,12-02-2018,1,1,3,2,17,4,3,10,9,0,0,-1,0,-1
19470,77.03007283,28.4945607,1,3,2,1,3,21:10,25,E09000018,3,315,6,30,0,-1,-1,0,0,0,4,1,1,0,0,1,1,E01002559,01-02-2018,1,1,1,2,26,6,3,0,0,0,0,-1,9,1
19471,77.09221042,28.40935885,1,3,2,1,5,08:50,25,E09000018,6,0,6,30,6,4,6,0,0,0,1,1,1,0,0,1,1,E01002578,03-02-2018,1,2,2,2,-1,-1,3,0,0,1,0,-1,9,-1
19472,77.062804,28.41020234,1,3,1,1,5,14:20,25,E09000018,3,3006,6,30,6,2,5,0,0,5,1,1,2,0,0,1,1,E01002661,10-02-2018,1,1,1,2,23,5,3,0,0,0,0,-1,9,-1
19473,76.97195517,28.48822604,1,3,1,2,3,16:37,25,E09000018,3,4,3,30,0,-1,-1,0,0,0,5,1,1,0,0,1,1,E01002587,08-02-2018,1,1,2,2,18,4,3,0,0,1,0,-1,9,1