Accident_Index,longitude,latitude,Police_Force,Accident_Severity,Number_of_Vehicles,Number_of_Casualties,Day_of_Week,Time,Local_Authority_(District),Local_Authority_(Highway),1st_Road_Class,1st_Road_Number,Road_Type,Speed_limit,Junction_Detail,Junction_Control,2nd_Road_Class,2nd_Road_Number,Pedestrian_Crossing-Human_Control,Pedestrian_Crossing-Physical_Facilities,Light_Conditions,Weather_Conditions,Road_Surface_Conditions,Special_Conditions_at_Site,Carriageway_Hazards,Urban_or_Rural_Area,Did_Police_Officer_Attend_Scene_of_Accident,LSOA_of_Accident_Location,Date,Vehicle_Reference,Casualty_Reference,Casualty_Class,Sex_of_Casualty,Age_of_Casualty,Age_Band_of_Casualty,Casualty_Severity,Pedestrian_Location,Pedestrian_Movement,Car_Passenger,Bus_or_Coach_Passenger,Pedestrian_Road_Maintenance_Worker,Casualty_Type,Casualty_Home_Area_Type
19595,77.07403586,28.49891216,1,3,2,2,2,18:30,25,E09000018,3,316,6,30,0,-1,-1,0,0,0,1,1,1,0,0,1,1,E01002579,04-04-2018,1,1,2,2,67,10,3,0,0,0,1,-1,11,1
19596,77.00027706,28.49598339,1,3,3,2,6,15:15,26,E09000017,1,4,3,70,0,-1,-1,0,0,0,1,1,1,0,0,2,1,E01002446,08-04-2018,1,1,1,2,31,6,3,0,0,0,0,-1,9,1
19597,77.01613851,28.41993056,1,3,2,1,1,22:55,24,E09000027,3,316,3,30,0,-1,-1,0,0,0,4,1,1,0,0,1,2,E01003860,10-04-2018,1,1,2,1,40,7,3,0,0,0,3,-1,11,1
19598,77.04792373,28.45667117,1,3,2,1,5,08:49,25,E09000018,3,312,6,30,3,4,6,0,0,0,1,1,1,0,0,1,1,E01002589,07-04-2018,1,1,1,2,38,7,3,0,0,0,0,-1,9,1
19599,77.09108859,28.46672005,1,3,2,1,4,08:45,25,E09000018,3,3004,6,30,3,4,6,0,0,0,1,2,2,0,0,1,1,E01002667,13-04-2018,2,1,1,1,32,6,3,0,0,0,0,-1,1,-1
19600,77.08444053,28.40825393,1,3,3,1,5,13:05,25,E09000018,3,312,6,30,0,-1,-1,0,0,0,1,1,2,0,0,1,1,E01002615,07-04-2018,1,1,1,1,22,5,3,0,0,0,0,-1,9,1
19601,77.09998724,28.49692347,1,3,3,2,3,07:24,25,E09000018,3,4,3,40,3,4,6,0,0,0,1,1,1,0,0,1,1,E01002621,05-04-2018,1,1,1,1,45,7,3,0,0,0,0,-1,9,-1
19602,77.02388849,28.47672263,1,3,2,1,3,11:31,25,E09000018,3,30,3,40,0,-1,-1,0,0,0,1,1,1,0,0,1,1,E01002587,12-04-2018,1,1,1,2,75,10,3,0,0,0,0,-1,9,1
19603,77.02538914,28.46845348,1,3,2,1,6,13:00,25,E09000018,6,0,6,30,3,4,3,4,0,0,1,1,1,0,0,1,2,E01002566,01-04-2018,1,1,1,2,20,4,3,0,0,0,0,-1,9,1
19604,77.05075458,28.50405412,1,3,2,1,5,22:30,25,E09000018,6,0,6,30,3,4,6,0,0,0,4,1,1,0,0,1,1,E01002650,14-04-2018,1,1,1,1,40,7,2,0,0,0,0,-1,5,1
19605,77.03256818,28.4172431,1,3,2,1,2,10:40,25,E09000018,3,4,3,40,7,4,6,0,0,1,1,1,1,0,0,1,1,E01002587,04-04-2018,1,1,1,1,40,7,3,0,0,0,0,-1,5,1
19606,77.08148157,28.48243397,1,3,2,1,1,19:02,25,E09000018,3,30,3,40,0,-1,-1,0,0,0,1,2,2,0,0,1,1,E01002587,17-04-2018,1,1,3,1,69,10,3,6,9,0,0,-1,0,1
19607,76.99764991,28.44781247,1,3,2,1,6,06:55,25,E09000018,6,0,6,30,3,4,6,0,0,0,1,1,1,0,0,1,1,E01002592,15-04-2018,3,1,1,2,47,8,3,0,0,0,0,-1,9,1
19608,77.08053851,28.4714095,1,3,1,1,6,20:31,25,E09000018,3,4,3,30,3,2,6,0,0,5,4,1,1,0,0,1,1,E01002583,15-04-2018,1,1,2,2,24,5,3,0,0,0,4,-1,11,-1
19609,77.00767644,28.48470926,1,3,3,2,4,09:10,25,E09000018,3,3005,3,30,3,4,5,0,0,0,1,1,1,0,0,1,1,E01002628,20-04-2018,1,2,2,1,5,1,3,0,0,0,4,-1,11,-1
19610,77.01819092,28.49671282,1,2,1,1,5,12:42,25,E09000018,3,312,6,30,0,-1,-1,0,0,0,1,1,1,0,0,1,1,E01002611,21-04-2018,1,1,2,2,89,11,3,0,0,0,2,-1,11,-1
19611,77.06206378,28.47264566,1,3,2,1,6,21:35,25,E09000018,3,312,3,50,6,2,5,0,0,0,4,1,2,0,0,1,1,E01002583,15-04-2018,1,1,3,1,20,4,3,9,9,0,0,-1,0,1
19612,77.07008159,28.41460888,1,3,1,1,2,19:35,25,E09000018,3,4,6,30,3,2,5,0,0,5,4,2,2,0,0,1,2,E01002584,04-04-2018,1,1,1,1,40,7,3,0,0,0,0,-1,5,1
19613,77.07090438,28.49647954,1,3,2,2,5,15:31,25,E09000018,6,0,6,30,3,4,6,0,0,0,1,1,1,0,0,1,1,E01002656,14-04-2018,1,1,2,2,29,6,3,0,0,1,0,-1,9,1
19614,76.97995652,28.48878719,1,3,2,1,3,16:00,25,E09000018,4,3003,6,60,0,-1,-1,0,0,0,1,1,1,0,0,1,1,E01002559,12-04-2018,1,1,1,1,23,5,2,0,0,0,0,-1,9,1
19615,77.01184862,28.48517138,1,3,2,2,3,18:50,25,E09000018,3,3005,6,30,3,4,6,0,0,0,1,1,1,0,0,1,2,E01002626,05-04-2018,1,1,1,2,56,9,3,0,0,0,0,-1,2,-1
19616,76.97473817,28.4410297,1,3,2,1,6,11:40,25,E09000018,3,30,3,40,6,2,3,312,0,0,1,2,2,0,0,1,1,E01002586,08-04-2018,1,1,1,1,38,7,3,0,0,0,0,-1,9,1
19617,77.09360573,28.47821473,1,3,2,2,6,19:41,25,E09000018,3,244,6,30,3,4,6,0,0,0,5,2,2,0,0,1,1,E01002594,15-04-2018,1,1,1,1,51,8,3,0,0,0,0,-1,9,1
19618,77.07728283,28.45234488,1,3,3,1,7,16:54,25,E09000018,3,314,6,30,0,-1,-1,0,0,0,1,1,1,0,0,1,1,E01002651,16-04-2018,1,1,1,1,47,8,3,0,0,0,0,-1,9,1
19619,77.07442016,28.50209004,1,3,3,3,3,16:50,25,E09000018,3,4,3,40,6,2,3,4,0,0,1,1,1,0,0,1,1,E01002675,12-04-2018,1,2,2,1,40,7,3,0,0,1,0,-1,9,-1
19620,77.06772848,28.42439891,1,2,1,1,1,20:43,25,E09000018,3,315,6,30,3,2,6,0,0,0,4,2,2,0,0,1,1,E01002570,17-04-2018,1,1,3,1,39,7,3,5,2,0,0,-1,0,-1
19621,77.06326932,28.47061788,1,3,2,3,4,15:30,25,E09000018,6,0,6,30,2,4,6,0,0,0,1,1,1,0,0,1,2,E01002656,20-04-2018,1,1,1,2,41,7,3,0,0,0,0,-1,9,1
19622,77.02689588,28.45881003,1,3,2,1,4,15:40,25,E09000018,3,4,3,40,3,2,6,0,0,0,1,1,1,0,0,1,1,E01002566,13-04-2018,1,1,1,2,26,6,3,0,0,0,0,-1,9,-1
19623,77.06196463,28.49641386,1,2,3,1,3,16:11,25,E09000018,6,0,6,30,0,-1,-1,0,0,0,1,1,1,0,0,1,1,E01002653,19-04-2018,1,1,2,2,-1,-1,3,0,0,0,0,-1,19,1
19624,77.03676639,28.45514694,1,3,3,1,4,10:18,25,E09000018,3,315,2,30,5,4,3,314,0,0,1,2,2,0,0,1,1,E01002644,13-04-2018,2,2,1,2,26,6,3,0,0,0,0,-1,9,1
19625,77.09299077,28.44163674,1,3,2,1,4,12:29,25,E09000018,3,316,3,40,6,2,5,0,0,5,1,1,2,0,0,1,1,E01002579,06-04-2018,2,1,1,2,12,3,3,0,0,0,0,-1,1,1
19626,77.05436726,28.42472323,1,3,2,1,4,21:35,25,E09000018,3,3005,6,30,0,-1,-1,0,0,0,4,1,1,0,0,1,2,E01002628,20-04-2018,1,1,1,1,64,9,3,0,0,0,0,-1,1,1
19627,77.0713454,28.4422286,1,3,1,1,2,04:25,25,E09000018,3,315,6,30,3,4,6,0,0,0,4,2,2,0,0,1,1,E01002646,18-04-2018,2,1,1,1,21,5,3,0,0,0,0,-1,1,1
19628,76.98656576,28.49019322,1,3,2,1,3,07:40,25,E09000018,3,314,6,30,2,4,6,0,0,0,1,1,1,0,0,1,1,E01002615,29-03-2018,1,1,1,2,20,4,3,0,0,0,0,-1,9,1
19629,77.09177549,28.48230265,1,3,2,1,4,13:20,25,E09000018,3,312,3,30,1,2,3,4,0,5,1,1,1,0,0,1,1,E01002586,20-04-2018,1,2,2,2,-1,-1,3,0,0,1,0,-1,9,1
19630,77.00796436,28.47788342,1,3,2,1,7,11:44,25,E09000018,3,4,3,40,0,-1,-1,0,0,0,1,2,2,0,0,1,1,E01002564,23-04-2018,1,1,1,1,16,4,3,0,0,0,0,-1,2,1
19631,77.05771311,28.44090867,1,3,2,1,4,21:00,25,E09000018,3,312,3,40,1,2,1,4,0,5,4,1,1,0,0,1,1,E01002637,20-04-2018,1,1,1,1,-1,-1,3,0,0,0,0,-1,9,1
19632,77.08528001,28.46292163,1,3,2,1,1,22:19,25,E09000018,5,0,6,30,0,-1,-1,0,0,0,4,2,2,0,0,1,1,E01002642,17-04-2018,1,1,2,1,82,11,3,0,0,0,3,-1,11,1
19633,77.05090605,28.40876435,1,3,3,1,1,12:40,25,E09000018,3,312,3,30,6,2,6,0,0,5,1,1,1,0,0,1,1,E01002592,10-04-2018,2,1,1,1,33,6,2,0,0,0,0,-1,3,1
19634,77.00017316,28.4871117,1,3,2,1,7,21:00,25,E09000018,3,4,3,30,7,4,3,4,0,1,4,1,1,0,0,1,1,E01002587,30-04-2018,2,1,1,1,39,7,3,0,0,0,0,-1,1,-1
19635,77.06276254,28.45425658,1,3,2,1,4,16:25,25,E09000018,3,315,6,30,3,2,5,0,0,5,1,1,1,0,0,1,1,E01002643,27-04-2018,1,1,2,2,89,11,3,0,0,0,3,-1,11,1
19636,77.09241187,28.46532477,1,3,2,1,7,14:00,24,E09000027,3,316,3,30,3,4,6,0,0,0,1,1,1,0,0,1,2,E01003867,16-04-2018,2,1,1,1,10,2,3,0,0,0,0,-1,1,1
19637,77.06528454,28.44124529,1,3,2,1,2,05:00,25,E09000018,6,0,6,30,3,4,6,0,0,0,4,2,2,0,0,1,1,E01002637,18-04-2018,2,1,1,2,34,6,3,0,0,0,0,-1,1,1
19638,77.02264023,28.41703293,1,3,2,1,5,21:45,25,E09000018,3,244,6,30,0,-1,-1,0,0,0,4,2,2,0,0,1,1,E01002616,28-04-2018,1,1,3,2,22,5,2,5,1,0,0,-1,0,1
19639,77.03142142,28.48041983,1,2,2,1,2,18:00,25,E09000018,5,0,6,30,3,4,6,0,0,0,1,1,1,0,0,1,2,E01002634,25-04-2018,1,1,1,2,19,4,3,0,0,0,0,-1,9,3
19640,77.0047158,28.4336979,1,3,2,1,6,07:55,25,E09000018,4,409,6,30,3,4,4,491,0,1,1,3,3,0,0,1,1,E01002573,04-03-2018,1,1,1,2,29,6,3,0,0,0,0,-1,9,1
19641,76.99843609,28.44787856,1,3,2,1,6,14:15,25,E09000018,3,4,3,40,6,4,6,0,0,0,1,1,1,0,0,1,1,E01002630,15-04-2018,2,2,1,1,26,6,3,0,0,0,0,-1,9,-1
19642,77.00304839,28.40352254,1,3,1,2,4,18:25,25,E09000018,6,0,6,30,0,-1,-1,0,0,0,1,1,1,0,0,1,1,E01002633,20-04-2018,1,1,3,2,53,8,3,5,1,0,0,-1,0,1
19643,77.06794466,28.48851387,1,3,1,2,1,07:47,25,E09000018,6,0,6,30,3,4,6,0,0,0,1,1,1,0,0,1,1,E01002615,24-04-2018,1,1,3,2,18,4,3,5,2,0,0,-1,0,1
19644,76.97197331,28.50505837,1,3,1,1,3,12:59,25,E09000018,4,3377,6,30,3,4,6,0,0,0,1,1,1,0,0,1,1,E01002597,26-04-2018,1,1,1,1,34,6,3,0,0,0,0,-1,9,1
19645,76.97217094,28.4622256,1,2,2,1,3,16:35,27,E09000009,6,0,6,30,3,4,6,0,0,0,1,1,1,0,0,1,1,E01001323,26-04-2018,1,1,1,1,42,7,3,0,0,0,0,-1,19,1
19646,77.02245664,28.40338521,1,3,2,1,1,07:00,25,E09000018,3,4,3,40,6,2,3,4,0,0,1,1,1,0,0,1,1,E01002675,01-05-2018,1,1,1,1,25,5,3,0,0,0,0,-1,9,1
19647,77.09831562,28.43975615,1,3,1,1,4,15:50,25,E09000018,3,315,6,30,6,2,3,3005,0,5,1,2,2,0,0,1,1,E01002648,27-04-2018,1,1,3,2,19,4,3,6,9,0,0,-1,0,1
19648,77.00505809,28.46167165,1,3,2,1,3,13:20,25,E09000018,3,4,3,40,6,2,4,452,0,0,1,1,1,0,0,1,1,E01002565,01-03-2018,2,1,1,2,40,7,3,0,0,0,0,-1,19,1
19649,77.0918191,28.44824497,1,3,2,1,4,19:35,25,E09000018,3,315,6,30,0,-1,-1,0,0,0,4,1,1,0,0,1,2,E01002685,27-04-2018,1,1,1,1,33,6,3,0,0,0,0,-1,9,1
19650,77.09087892,28.48301477,1,3,2,2,7,17:43,25,E09000018,3,3006,6,30,3,4,6,0,0,0,1,1,1,0,0,1,1,E01002587,30-04-2018,1,1,3,1,12,3,3,5,9,0,0,-1,0,-1
19651,77.00046308,28.49253632,1,3,3,1,6,14:39,11,E09000013,3,315,6,30,6,2,3,402,0,0,1,1,1,0,0,1,1,E01001933,06-05-2018,1,1,1,1,47,8,3,0,0,0,0,-1,9,-1
19652,77.04270202,28.44503974,1,3,3,1,6,15:25,25,E09000018,3,314,6,30,6,2,3,312,0,5,1,1,1,0,0,1,1,E01002615,22-04-2018,1,1,2,1,8,2,3,0,0,1,0,-1,9,1
19653,77.08314414,28.4969062,1,3,2,1,7,17:00,25,E09000018,3,312,6,30,6,4,3,4,0,0,1,1,1,0,0,1,1,E01002635,23-04-2018,1,1,3,1,16,4,3,5,1,0,0,-1,0,-1
19654,77.02606368,28.42335576,1,3,2,1,6,15:38,25,E09000018,3,4,3,40,0,-1,-1,0,0,0,1,1,1,0,0,1,1,E01002621,06-05-2018,1,1,3,2,19,4,3,5,3,0,0,-1,0,1
19655,77.08958238,28.40911287,1,3,3,1,6,12:25,25,E09000018,3,244,6,30,3,4,6,0,0,1,1,1,1,0,0,1,1,E01002614,06-05-2018,1,1,1,2,27,6,3,0,0,0,0,-1,9,1
19656,77.04058362,28.5086847,1,3,1,1,4,08:18,25,E09000018,3,315,6,30,3,2,5,0,0,5,1,1,1,0,0,1,1,E01002643,11-05-2018,1,1,1,1,36,7,3,0,0,0,0,-1,3,1
19657,76.99919032,28.41554818,1,3,2,1,4,15:20,11,E09000013,3,402,6,30,0,-1,-1,0,0,4,1,1,1,0,0,1,1,E01001933,04-05-2018,1,1,1,1,22,5,3,0,0,0,0,-1,9,1
19658,77.012666,28.48270514,1,3,3,1,6,15:10,25,E09000018,3,4,3,30,3,4,6,0,0,0,1,1,1,0,0,1,1,E01002679,08-04-2018,2,2,1,2,23,5,3,0,0,0,0,-1,9,1
19659,76.98772966,28.43341234,1,3,2,1,5,08:02,25,E09000018,6,0,6,30,3,4,6,0,0,0,1,1,1,0,0,1,1,E01002590,12-05-2018,2,3,2,2,47,8,3,0,0,1,0,-1,9,1
19660,77.08343504,28.46577587,1,3,2,1,2,17:35,25,E09000018,3,3000,1,30,1,4,5,0,0,0,1,1,1,0,0,1,1,E01002688,18-04-2018,2,1,1,2,52,8,2,0,0,0,0,-1,9,1
19661,77.06451753,28.41189166,1,3,2,3,3,13:07,25,E09000018,5,0,6,30,0,-1,-1,0,0,0,1,1,1,0,0,1,1,E01002637,03-05-2018,3,1,2,1,27,6,3,0,0,1,0,-1,9,1
19662,77.10046331,28.42075188,1,3,2,2,1,14:25,25,E09000018,3,312,6,30,6,2,3,314,0,5,1,1,1,0,0,1,2,E01002615,01-05-2018,1,1,1,1,33,6,3,0,0,0,0,-1,5,1
19663,76.99887438,28.45588467,1,3,2,1,1,18:00,25,E09000018,3,3006,6,30,3,4,6,0,0,0,1,1,1,0,0,1,3,E01002587,24-04-2018,1,1,1,2,30,6,3,0,0,0,0,-1,9,1
19664,77.08763702,28.48639934,1,3,1,1,1,00:03,25,E09000018,6,0,6,30,0,-1,-1,0,0,0,4,1,1,0,0,1,1,E01002592,08-05-2018,2,1,1,2,22,5,3,0,0,0,0,-1,9,1
19665,77.05958169,28.45278905,1,3,2,1,2,00:40,25,E09000018,6,0,6,30,6,4,6,0,0,0,4,1,1,0,0,1,1,E01002648,16-05-2018,1,1,1,1,28,6,3,0,0,0,0,-1,9,1
19666,77.05745008,28.44319464,1,3,2,1,3,11:11,25,E09000018,3,312,6,30,3,4,6,0,0,0,1,1,1,0,0,1,1,E01002605,03-05-2018,1,1,1,2,20,4,3,0,0,0,0,-1,9,1
19667,77.02744668,28.44272565,1,3,2,1,1,05:55,25,E09000018,5,0,6,40,0,-1,-1,0,0,0,1,1,1,0,0,1,1,E01002596,08-05-2018,1,2,2,1,27,6,3,0,0,1,0,-1,9,1
19668,77.07591447,28.47007961,1,3,2,1,5,15:25,25,E09000018,6,0,6,30,6,4,6,0,0,0,1,1,1,0,0,1,2,E01002576,05-05-2018,1,1,1,1,24,5,2,0,0,0,0,-1,9,2
19669,77.03806144,28.49102399,1,3,1,1,2,08:10,25,E09000018,3,312,3,30,0,-1,-1,0,0,1,1,1,1,0,0,1,1,E01002605,09-05-2018,1,2,1,1,46,8,3,0,0,0,0,-1,9,-1
19670,77.07652935,28.5019711,1,3,1,1,4,16:50,25,E09000018,3,3006,6,30,3,4,6,0,0,0,1,1,1,0,0,1,2,E01002660,11-05-2018,2,1,1,1,14,3,2,0,0,0,0,-1,1,-1
19671,77.0483909,28.48463808,1,3,3,2,5,18:20,26,E09000017,3,30,3,30,0,-1,-1,0,0,0,1,1,1,0,0,1,1,E01002443,28-04-2018,2,1,1,1,26,6,3,0,0,0,0,-1,5,1
19672,76.98594338,28.49308651,1,3,1,1,6,17:16,25,E09000018,5,0,6,30,0,-1,-1,0,0,0,1,1,1,0,0,1,1,E01002618,29-04-2018,1,1,3,1,-1,-1,3,5,1,0,0,-1,0,-1
19673,76.98204135,28.43684549,1,3,2,1,7,12:10,25,E09000018,6,0,6,30,3,4,6,0,0,0,1,1,1,0,0,1,2,E01002626,30-04-2018,2,1,1,1,6,2,2,0,0,0,0,-1,1,1
19674,77.02256766,28.48723122,1,3,2,1,4,09:10,25,E09000018,5,0,1,30,1,4,5,0,0,0,1,1,1,0,0,1,1,E01002632,18-05-2018,1,1,1,1,24,5,3,0,0,0,0,-1,19,-1
19675,77.0386895,28.44562876,1,3,1,1,2,16:25,25,E09000018,3,3005,6,30,3,4,6,0,0,1,1,1,1,0,0,1,1,E01002662,02-05-2018,2,2,1,1,33,6,3,0,0,0,0,-1,9,1
19676,77.09203649,28.4615577,1,3,2,1,5,08:43,25,E09000018,3,315,6,30,3,4,6,0,0,0,1,1,2,0,0,1,1,E01002677,19-05-2018,1,1,1,1,61,9,3,0,0,0,0,-1,9,1
19677,77.04340644,28.48885884,1,3,2,1,6,11:40,25,E09000018,5,0,6,30,8,4,6,0,0,0,1,1,1,0,0,1,1,E01002637,06-05-2018,1,1,1,2,38,7,3,0,0,0,0,-1,1,1
19678,77.01381617,28.45540695,1,3,2,1,5,08:20,25,E09000018,3,4,2,50,1,4,3,30,0,0,1,1,1,0,0,1,2,E01002635,10-03-2018,1,1,1,1,31,6,3,0,0,0,0,-1,9,1
19679,77.00989221,28.43158701,1,2,2,1,6,09:50,25,E09000018,3,315,6,30,3,4,5,0,0,0,1,2,2,0,0,1,1,E01002692,13-05-2018,1,1,1,2,25,5,3,0,0,0,0,-1,9,1
19680,77.00333881,28.48205755,1,3,2,4,7,16:40,25,E09000018,3,4,3,40,3,2,6,0,0,0,1,1,1,0,0,1,1,E01002584,14-05-2018,1,2,2,1,-1,-1,3,0,0,1,0,-1,9,-1
19681,77.02607281,28.41007049,1,3,2,1,2,18:40,25,E09000018,5,0,6,30,0,-1,-1,0,0,0,1,2,2,4,0,1,1,E01002623,16-05-2018,1,1,1,2,51,8,3,0,0,0,0,-1,9,1
19682,77.00318113,28.4427701,1,3,2,2,2,19:00,25,E09000018,6,0,6,30,8,4,6,0,0,0,1,2,2,0,0,1,1,E01002637,16-05-2018,1,1,1,2,38,7,3,0,0,0,0,-1,9,1
19683,77.0235549,28.5032618,1,3,2,1,6,08:45,25,E09000018,5,0,6,30,3,4,6,0,0,0,1,2,2,0,0,1,1,E01002634,20-05-2018,1,1,1,1,60,9,3,0,0,0,0,-1,5,1
19684,76.98806071,28.41741966,1,3,2,2,1,02:40,25,E09000018,1,4,3,70,0,-1,-1,0,0,0,4,1,1,0,0,1,1,E01002638,22-05-2018,1,1,1,1,22,5,3,0,0,0,0,-1,9,1
19685,77.02441558,28.48127308,1,3,2,1,5,09:05,25,E09000018,3,4,1,30,1,2,3,406,0,5,1,1,1,0,0,1,2,E01002692,28-04-2018,1,1,1,2,-1,-1,3,0,0,0,0,-1,9,1
19686,76.99428831,28.47676538,1,3,2,1,3,02:37,25,E09000018,3,312,3,50,0,-1,-1,0,0,0,4,1,1,0,0,1,1,E01002585,17-05-2018,1,1,3,2,26,6,2,9,5,0,0,-1,0,-1
19687,77.00507365,28.45353236,1,2,1,1,5,12:12,25,E09000018,3,315,6,30,3,2,6,0,0,5,1,2,2,0,0,1,1,E01002693,19-05-2018,1,1,3,1,14,3,3,5,1,0,0,-1,0,1
19688,76.97809639,28.40697336,1,3,2,1,1,18:30,25,E09000018,3,3005,6,30,3,4,6,0,0,0,4,1,1,0,0,1,3,E01002629,20-02-2018,1,1,1,1,46,8,2,0,0,0,0,-1,3,1
19689,77.09467647,28.49925988,1,3,2,1,4,08:00,25,E09000018,3,3063,6,30,6,2,3,3006,0,0,1,1,1,0,0,1,1,E01002663,18-05-2018,1,1,3,1,31,6,2,9,5,0,0,-1,0,-1
19690,76.9787861,28.44075447,1,3,2,1,5,08:00,25,E09000018,1,4,3,70,0,-1,-1,0,0,0,1,1,1,0,0,1,2,E01002634,21-04-2018,2,1,1,1,44,7,3,0,0,0,0,-1,9,1
19691,77.07018266,28.42926745,1,3,3,1,2,09:15,25,E09000018,3,315,6,30,3,4,5,0,0,0,1,1,1,0,0,1,2,E01002693,16-05-2018,1,1,3,1,55,8,3,4,2,0,0,-1,0,1
19692,76.98832643,28.41123707,1,3,2,1,3,07:46,25,E09000018,5,0,6,30,3,4,6,0,0,0,1,1,1,0,0,1,1,E01002578,17-05-2018,1,1,1,1,75,10,3,0,0,0,0,-1,9,1
19693,77.04032556,28.47291916,1,3,2,1,7,16:51,25,E09000018,4,491,6,30,0,-1,-1,0,0,0,1,1,1,0,0,1,1,E01002573,21-05-2018,2,2,1,1,45,7,3,0,0,0,0,-1,9,-1
19694,77.04244407,28.45988727,1,3,4,1,6,17:26,25,E09000018,3,314,6,30,3,4,6,0,0,0,1,1,1,0,0,1,1,E01002651,20-05-2018,1,1,2,2,73,10,3,0,0,0,4,-1,11,-1
19695,77.1046272,28.42665096,1,3,2,4,6,06:30,25,E09000018,3,4,3,40,0,-1,-1,0,0,0,1,1,1,0,0,1,1,E01002566,20-05-2018,1,1,3,1,6,2,2,5,4,0,0,-1,0,1
19696,77.06409962,28.40402462,1,3,2,1,7,18:30,25,E09000018,6,0,6,30,8,4,6,0,0,0,1,1,1,0,0,1,1,E01002670,14-05-2018,1,1,2,1,66,10,3,0,0,0,3,-1,11,1
19697,77.09170453,28.42065757,1,3,2,1,3,16:00,25,E09000018,3,30,1,30,1,2,3,4,0,0,1,1,1,0,0,1,1,E01002587,17-05-2018,2,1,1,1,24,5,3,0,0,0,0,-1,3,-1
19698,77.02807837,28.46735834,1,3,2,2,5,13:35,25,E09000018,3,314,6,30,6,2,3,314,0,5,1,1,1,0,0,1,1,E01002644,19-05-2018,1,1,2,2,71,10,2,0,0,0,3,-1,11,1
19699,77.03665969,28.41079691,1,3,2,1,2,18:50,25,E09000018,6,0,3,30,8,4,6,0,0,0,1,2,2,0,0,1,2,E01002637,16-05-2018,2,1,1,2,47,8,3,0,0,0,0,-1,9,1
19700,77.08232835,28.50148782,1,3,2,1,6,19:25,25,E09000018,3,4,1,40,1,2,3,205,0,0,1,1,1,0,0,1,1,E01002566,06-05-2018,1,1,1,1,38,7,3,0,0,0,0,-1,5,1
19701,76.97291659,28.43057357,1,3,1,1,4,09:50,25,E09000018,3,315,6,30,3,4,6,0,0,0,1,1,1,0,0,1,1,E01002684,25-05-2018,1,1,2,1,-1,-1,3,0,0,1,0,-1,9,-1
19702,77.06809396,28.42815851,1,3,2,1,2,00:01,25,E09000018,3,205,6,30,7,2,3,205,0,5,4,1,1,0,0,1,1,E01002566,09-05-2018,2,1,1,2,45,7,3,0,0,0,0,-1,9,-1
19703,77.04150912,28.43256108,1,2,2,1,6,06:45,25,E09000018,3,4,6,30,9,4,6,0,0,0,1,1,1,0,0,1,2,E01002676,22-04-2018,1,1,2,1,2,1,3,0,0,0,4,-1,11,1
19704,77.04220965,28.43530051,1,3,2,1,5,19:10,25,E09000018,3,4,1,30,1,2,3,316,0,5,1,2,2,0,0,1,1,E01002569,19-05-2018,1,1,1,1,39,7,3,0,0,0,0,-1,5,1
19705,77.08494653,28.45161979,1,3,2,2,4,18:15,25,E09000018,3,312,6,30,0,-1,-1,0,0,0,1,1,2,0,2,1,1,E01002615,01-06-2018,1,1,1,1,42,7,3,0,0,0,0,-1,9,1
19706,77.1038162,28.45527456,1,3,2,2,1,12:30,25,E09000018,3,312,7,30,8,4,6,0,0,0,1,1,1,0,0,1,1,E01002611,05-06-2018,1,1,3,1,3,1,3,10,9,0,0,-1,0,1
19707,77.04389227,28.42626124,1,3,2,1,6,15:27,25,E09000018,4,361,6,30,3,4,6,0,0,0,1,1,1,0,0,1,1,E01002649,03-06-2018,2,1,1,1,35,6,3,0,0,0,0,-1,5,1
19708,76.9791081,28.47020239,1,3,1,1,2,15:30,25,E09000018,5,0,6,30,3,4,6,0,0,0,1,1,1,0,0,1,1,E01002608,23-05-2018,2,2,2,1,16,4,3,0,0,0,0,-1,5,1
19709,77.00585374,28.41187284,1,3,2,1,2,18:40,25,E09000018,4,454,6,30,0,-1,-1,0,0,0,1,1,1,0,0,1,1,E01002678,23-05-2018,1,1,3,2,37,7,3,5,4,0,0,-1,0,1
19710,77.09473156,28.42839967,1,3,1,1,3,12:35,25,E09000018,3,315,6,30,3,4,6,0,0,0,1,1,1,0,0,1,1,E01002682,24-05-2018,1,1,1,2,91,11,3,0,0,0,0,-1,9,1
19711,77.06769776,28.5084068,1,3,3,1,5,19:08,25,E09000018,6,0,6,30,3,4,6,0,0,0,1,1,1,0,0,1,1,E01002668,26-05-2018,2,1,2,1,22,5,3,0,0,1,0,-1,9,1
19712,77.08272315,28.41196097,1,3,2,1,6,08:54,25,E09000018,5,0,6,30,8,4,6,0,0,0,1,1,1,0,0,1,1,E01002559,29-04-2018,1,1,1,1,19,4,3,0,0,0,0,-1,9,1
19713,77.08089077,28.46040093,1,3,2,1,6,21:35,26,E09000017,3,30,3,50,0,-1,-1,0,0,0,4,1,1,0,0,1,1,E01002444,27-05-2018,1,1,1,1,18,4,3,0,0,0,0,-1,9,1
19714,77.03457449,28.50144442,1,3,2,1,3,07:55,25,E09000018,3,315,6,30,3,2,5,0,0,5,1,1,1,0,0,1,1,E01002693,07-06-2018,1,1,3,2,41,7,3,1,1,0,0,-1,0,1
19715,77.00417554,28.4772878,1,3,2,1,6,17:52,25,E09000018,3,4,6,30,6,2,3,4,0,0,1,1,1,0,0,1,1,E01002674,03-06-2018,1,1,3,2,70,10,3,5,1,0,0,-1,0,1
19716,77.07977184,28.48486524,1,3,2,3,3,10:14,25,E09000018,3,3063,6,30,3,4,3,4,0,4,1,1,1,0,0,1,1,E01002621,07-06-2018,1,1,1,1,26,6,3,0,0,0,0,-1,9,1