Accident_Index,longitude,latitude,Police_Force,Accident_Severity,Number_of_Vehicles,Number_of_Casualties,Day_of_Week,Time,Local_Authority_(District),Local_Authority_(Highway),1st_Road_Class,1st_Road_Number,Road_Type,Speed_limit,Junction_Detail,Junction_Control,2nd_Road_Class,2nd_Road_Number,Pedestrian_Crossing-Human_Control,Pedestrian_Crossing-Physical_Facilities,Light_Conditions,Weather_Conditions,Road_Surface_Conditions,Special_Conditions_at_Site,Carriageway_Hazards,Urban_or_Rural_Area,Did_Police_Officer_Attend_Scene_of_Accident,LSOA_of_Accident_Location,Date,Vehicle_Reference,Casualty_Reference,Casualty_Class,Sex_of_Casualty,Age_of_Casualty,Age_Band_of_Casualty,Casualty_Severity,Pedestrian_Location,Pedestrian_Movement,Car_Passenger,Bus_or_Coach_Passenger,Pedestrian_Road_Maintenance_Worker,Casualty_Type,Casualty_Home_Area_Type
19717,77.04829355,28.45400325,1,3,2,1,2,17:30,25,E09000018,6,0,6,30,3,4,6,0,0,0,1,1,1,0,0,1,2,E01002644,23-05-2018,2,2,1,2,45,7,2,0,0,0,0,-1,9,-1
19718,77.08807692,28.4195464,1,3,3,1,3,09:10,24,E09000027,3,305,6,30,0,-1,-1,0,0,0,1,1,1,0,0,1,1,E01003903,07-06-2018,2,3,2,1,25,5,2,0,0,2,0,-1,9,1
19719,77.06204209,28.48350586,1,3,2,1,3,19:00,25,E09000018,6,0,6,30,0,-1,-1,0,0,0,1,1,1,0,0,1,2,E01002651,17-05-2018,2,4,2,2,31,6,3,0,0,2,0,-1,9,-1
19720,77.09935874,28.49637308,1,3,3,2,6,11:58,25,E09000018,3,315,6,30,3,4,6,0,0,1,1,1,1,0,0,1,1,E01002692,03-06-2018,1,1,2,1,48,8,3,0,0,0,3,-1,11,1
19721,77.03006538,28.41982552,1,2,1,1,5,06:23,25,E09000018,5,0,6,30,0,-1,-1,0,0,0,1,1,1,0,0,1,1,E01002619,26-05-2018,1,2,2,2,52,8,3,0,0,0,4,-1,11,1
19722,76.97206644,28.4925702,1,3,2,1,7,11:51,25,E09000018,3,4,3,40,0,-1,-1,0,0,0,1,1,1,0,0,1,1,E01002678,28-05-2018,1,3,2,2,81,11,3,0,0,0,4,-1,11,1
19723,76.99577612,28.49749461,1,3,1,1,6,08:00,25,E09000018,6,0,6,30,6,4,6,0,0,0,1,1,1,0,0,1,1,E01002646,10-06-2018,1,1,2,2,70,10,3,0,0,0,3,-1,11,-1
19724,77.01959731,28.50421637,1,3,2,1,4,01:50,25,E09000018,3,314,6,30,6,2,3,3005,0,0,4,1,1,0,0,1,1,E01002649,15-06-2018,1,1,2,1,20,4,3,0,0,1,0,-1,9,1
19725,76.97819771,28.43684429,1,3,1,2,7,01:45,25,E09000018,6,0,6,30,8,4,6,0,0,0,4,1,1,0,0,1,1,E01002644,04-06-2018,1,2,1,2,24,5,2,0,0,0,0,-1,9,1
19726,76.98960943,28.45459682,1,3,2,1,5,15:15,25,E09000018,3,3005,6,30,3,4,5,0,0,0,1,1,1,0,0,1,1,E01002628,26-05-2018,1,1,1,2,18,4,3,0,0,0,0,-1,9,1
19727,77.0654332,28.44258624,1,3,2,2,4,08:15,25,E09000018,1,4,3,40,0,-1,-1,0,0,0,1,1,1,0,0,1,1,E01002568,08-06-2018,1,1,3,1,19,4,3,5,9,0,0,-1,0,1
19728,77.06122363,28.41083719,1,3,2,1,6,12:18,25,E09000018,3,312,6,30,3,2,6,0,0,0,1,1,1,0,0,1,1,E01002593,10-06-2018,1,1,1,1,-1,-1,3,0,0,0,0,-1,9,1
19729,77.01517668,28.42148748,1,3,2,1,2,10:05,25,E09000018,3,3005,6,30,3,4,6,0,0,0,1,1,1,0,0,1,1,E01002649,13-06-2018,1,1,1,1,39,7,3,0,0,0,0,-1,19,1
19730,76.99246895,28.48457314,1,3,2,1,6,13:40,25,E09000018,3,316,3,40,0,-1,-1,0,0,0,1,1,1,0,0,1,1,E01002604,10-06-2018,1,1,1,1,31,6,3,0,0,0,0,-1,3,1
19731,77.01010569,28.45838246,1,3,3,1,2,11:15,25,E09000018,6,0,6,30,3,4,6,0,0,0,1,1,1,0,0,1,1,E01002677,13-06-2018,1,1,3,2,34,6,3,5,1,0,0,-1,0,-1
19732,77.07893911,28.47280114,1,3,2,2,4,23:30,25,E09000018,3,3063,6,30,6,4,6,0,0,0,4,1,1,0,0,1,1,E01002647,08-06-2018,1,1,1,1,41,7,3,0,0,0,0,-1,1,1
19733,77.00717153,28.48728406,1,2,1,1,3,10:31,25,E09000018,5,0,6,30,0,-1,-1,0,0,0,1,1,1,0,0,1,1,E01002576,14-06-2018,1,1,2,2,81,11,3,0,0,0,3,-1,11,1
19734,76.98417087,28.48866213,1,3,2,1,6,19:18,25,E09000018,3,315,6,30,6,2,3,312,0,0,4,1,1,0,0,1,2,E01002595,27-05-2018,1,1,3,2,31,6,3,10,9,0,0,-1,0,-1
19735,77.03374196,28.49396996,1,3,2,3,4,19:50,25,E09000018,5,0,6,30,0,-1,-1,0,0,0,1,1,1,0,0,1,1,E01002669,08-06-2018,1,1,1,2,23,5,3,0,0,0,0,-1,9,1
19736,76.97427926,28.42424702,1,3,2,1,4,08:10,25,E09000018,1,4,3,40,0,-1,-1,0,0,0,1,1,1,0,0,1,1,E01002564,22-06-2018,3,2,1,1,24,5,3,0,0,0,0,-1,9,1
19737,77.01056308,28.42271148,1,2,2,1,6,11:25,25,E09000018,3,4,3,40,0,-1,-1,0,0,0,1,1,1,0,0,1,1,E01002587,10-06-2018,1,1,1,2,-1,-1,3,0,0,0,0,-1,5,1
19738,77.08835006,28.50845259,1,3,1,1,3,08:46,25,E09000018,4,3377,6,30,3,4,6,0,0,0,1,1,1,0,0,1,1,E01002590,14-06-2018,1,1,1,1,34,6,3,0,0,0,0,-1,11,1
19739,77.00548487,28.49046906,1,3,1,1,5,15:50,25,E09000018,6,0,6,30,3,4,6,0,0,0,1,1,1,0,0,1,1,E01002586,16-06-2018,1,1,1,1,26,6,3,0,0,0,0,-1,9,1
19740,77.00366858,28.49350586,1,3,2,1,5,20:45,25,E09000018,5,0,6,30,6,2,3,4,0,5,1,1,1,0,0,1,2,E01002566,02-06-2018,1,1,1,1,50,8,3,0,0,0,0,-1,3,1
19741,77.01765911,28.49550734,1,3,2,1,3,18:37,25,E09000018,6,0,6,30,3,4,6,0,0,0,1,1,1,0,0,1,1,E01002608,14-06-2018,1,1,2,2,4,1,3,0,0,2,0,-1,9,1
19742,77.0586731,28.49551937,1,3,2,1,5,23:00,25,E09000018,3,315,3,30,3,4,6,0,0,0,4,1,1,0,0,1,1,E01002643,17-03-2018,1,2,2,1,2,1,2,0,0,2,0,-1,9,1
19743,77.10203245,28.40395704,1,3,2,1,7,14:50,25,E09000018,3,4,6,30,0,-1,-1,0,0,0,1,1,1,0,0,1,1,E01002587,26-03-2018,2,3,1,2,24,5,3,0,0,0,0,-1,9,1
19744,77.0524878,28.44834258,1,3,1,1,1,21:10,25,E09000018,3,30,3,40,6,2,5,0,0,5,1,1,1,0,0,1,1,E01002559,19-06-2018,1,1,3,1,6,2,3,1,1,0,0,-1,0,1
19745,76.99865932,28.49095464,1,3,2,3,4,15:25,25,E09000018,6,0,6,30,6,4,6,0,0,0,1,1,1,0,0,1,1,E01002653,15-06-2018,1,1,3,2,62,9,3,9,5,0,0,-1,0,1
19746,77.06513556,28.46441136,1,3,2,1,7,18:02,25,E09000018,3,310,6,30,0,-1,-1,0,0,0,1,1,1,0,0,1,1,E01002670,18-06-2018,1,1,1,2,38,7,3,0,0,0,0,-1,9,1
19747,76.97732078,28.44019156,1,3,2,1,3,14:00,25,E09000018,3,312,6,30,3,4,6,0,0,0,1,1,1,0,0,1,2,E01002589,07-06-2018,1,1,2,1,17,4,2,0,0,1,0,-1,9,1
19748,77.06635739,28.45736556,1,3,2,1,4,12:35,25,E09000018,4,3377,6,30,0,-1,-1,0,0,0,1,2,2,0,0,1,1,E01002612,15-06-2018,2,1,1,2,69,10,3,0,0,0,0,-1,9,1
19749,77.06335185,28.45668694,1,3,2,1,6,16:28,25,E09000018,3,3006,6,30,8,4,6,0,0,0,1,1,1,0,0,1,1,E01002661,17-06-2018,1,1,1,2,22,5,3,0,0,0,0,-1,9,1
19750,77.01345442,28.45582399,1,3,2,1,2,13:15,25,E09000018,3,315,6,30,0,-1,-1,0,0,1,1,1,1,0,0,1,2,E01002682,06-06-2018,1,1,1,1,23,5,3,0,0,0,0,-1,9,1
19751,77.02726223,28.43756621,1,3,4,1,2,11:15,25,E09000018,1,4,3,40,0,-1,-1,0,0,0,1,1,1,0,0,1,1,E01002566,20-06-2018,1,1,1,2,40,7,3,0,0,0,0,-1,9,1
19752,77.01371854,28.50689659,1,3,2,1,7,13:00,25,E09000018,6,0,6,30,3,4,6,0,0,0,1,1,1,0,0,1,2,E01002661,04-06-2018,2,1,2,2,58,9,3,0,0,1,0,-1,9,1
19753,76.98063315,28.49411896,1,3,2,1,3,17:15,25,E09000018,4,3377,6,30,8,4,6,0,0,0,1,1,1,0,0,1,2,E01002590,24-05-2018,2,1,1,1,44,7,2,0,0,0,0,-1,19,-1
19754,77.05732984,28.40835025,1,3,2,1,2,08:22,25,E09000018,3,312,3,30,6,2,5,0,0,0,1,1,1,0,0,1,1,E01002633,20-06-2018,1,1,1,2,61,9,3,0,0,0,0,-1,9,1
19755,77.0227233,28.43522574,1,3,1,1,7,11:45,25,E09000018,3,3063,6,30,6,4,6,0,0,0,1,1,1,0,0,1,1,E01002628,18-06-2018,2,1,1,1,40,7,3,0,0,0,0,-1,3,1
19756,77.0084002,28.46059481,1,3,2,1,3,17:40,25,E09000018,3,4,3,30,0,-1,-1,0,0,0,1,1,1,0,0,1,1,E01002587,21-06-2018,1,1,1,1,30,6,2,0,0,0,0,-1,9,-1
19757,76.9876678,28.4811177,1,3,2,1,6,17:15,25,E09000018,3,3005,6,30,0,-1,-1,0,0,0,1,1,1,0,0,1,2,E01002630,10-06-2018,2,1,1,1,47,8,3,0,0,0,0,-1,9,1
19758,77.07206244,28.43522652,1,3,2,1,5,16:02,25,E09000018,3,315,6,30,6,2,3,312,0,0,1,1,1,0,0,1,1,E01002595,23-06-2018,1,1,3,1,30,6,2,5,9,0,0,-1,0,-1
19759,76.97754905,28.4363475,1,3,2,1,5,00:35,25,E09000018,3,244,6,30,6,2,4,3377,0,0,4,1,1,0,0,1,1,E01002612,23-06-2018,2,1,1,1,27,6,3,0,0,0,0,-1,9,1
19760,77.00465782,28.46567032,1,2,2,1,5,19:53,25,E09000018,3,315,6,30,3,4,5,0,0,0,1,1,1,0,0,1,1,E01002692,23-06-2018,2,1,1,1,39,7,2,0,0,0,0,-1,3,-1
19761,77.00788765,28.48024936,1,3,2,1,6,06:26,25,E09000018,3,312,1,30,1,2,1,4,0,0,1,1,1,0,0,1,1,E01002637,24-06-2018,1,1,1,2,20,4,3,0,0,0,0,-1,9,1
19762,76.98491262,28.4661174,1,3,1,3,5,16:20,25,E09000018,3,244,6,30,3,4,6,0,0,1,1,1,2,0,0,1,1,E01002593,16-06-2018,2,1,1,1,34,6,3,0,0,0,0,-1,5,1
19763,77.08960931,28.44783507,1,3,1,1,5,11:33,25,E09000018,3,315,6,30,3,4,6,0,0,4,1,1,1,0,0,1,1,E01002686,23-06-2018,1,1,1,1,55,8,3,0,0,0,0,-1,9,1
19764,77.09263776,28.49131433,1,3,1,1,2,02:28,25,E09000018,5,0,6,30,3,4,6,0,0,0,4,1,1,0,0,1,1,E01002592,09-05-2018,3,1,1,1,45,7,3,0,0,0,0,-1,9,1
19765,77.00194459,28.41790747,1,3,5,3,3,18:40,26,E09000017,1,4,3,60,0,-1,-1,0,0,0,1,1,1,0,0,1,1,E01002443,28-06-2018,1,1,1,1,33,6,3,0,0,0,0,-1,1,1
19766,77.07981767,28.41979261,1,3,3,2,7,17:55,25,E09000018,3,406,3,40,9,4,6,0,0,0,1,1,1,0,0,1,1,E01002691,25-06-2018,1,1,1,2,20,4,3,0,0,0,0,-1,9,1
19767,77.08990087,28.42319859,1,2,1,1,7,14:55,25,E09000018,3,3005,2,30,3,4,6,0,0,1,1,1,1,0,0,1,1,E01002649,18-06-2018,1,1,1,1,26,6,3,0,0,0,0,-1,5,1
19768,77.06022208,28.41391672,1,3,2,1,6,15:17,25,E09000018,6,0,6,30,6,4,6,0,0,0,1,2,2,0,0,1,1,E01002595,24-06-2018,1,1,1,1,28,6,3,0,0,0,0,-1,9,1
19769,77.05607396,28.40965672,1,3,2,1,2,20:25,25,E09000018,3,30,3,30,1,2,4,3003,0,0,1,1,1,0,0,1,2,E01002559,13-06-2018,1,1,1,1,36,7,2,0,0,0,0,-1,1,-1
19770,77.00240862,28.45870376,1,3,1,1,6,00:39,25,E09000018,3,4,3,40,0,-1,-1,0,0,0,4,1,1,0,0,1,1,E01002584,24-06-2018,1,1,3,2,21,5,3,4,1,0,0,-1,0,1
19771,77.0573896,28.46101862,1,3,2,1,6,11:50,25,E09000018,3,315,6,30,3,4,6,0,0,4,1,1,1,0,0,1,1,E01002684,03-06-2018,1,1,3,2,76,11,3,4,1,0,0,-1,0,1
19772,77.04576208,28.41372743,1,3,2,2,3,14:38,25,E09000018,3,3005,6,30,0,-1,-1,0,0,1,1,1,1,0,0,1,1,E01002662,21-06-2018,1,1,2,1,-1,-1,2,0,0,0,3,-1,11,-1
19773,77.06731949,28.41069627,1,3,3,1,2,16:00,25,E09000018,3,315,6,30,3,2,6,0,0,0,1,1,1,0,0,1,1,E01002650,27-06-2018,2,1,1,1,34,6,3,0,0,0,0,-1,9,1
19774,77.08753388,28.46861963,1,3,2,1,7,17:40,25,E09000018,3,312,6,30,3,4,6,0,0,0,1,1,1,0,0,1,2,E01002589,18-06-2018,1,1,1,2,19,4,3,0,0,0,0,-1,3,1
19775,77.00159976,28.41385844,1,3,2,1,6,05:30,25,E09000018,3,312,6,30,3,4,6,0,0,0,1,1,1,0,0,1,2,E01002589,17-06-2018,1,1,1,2,43,7,3,0,0,0,0,-1,9,1
19776,77.03239287,28.46553448,1,3,2,1,6,18:00,25,E09000018,3,3005,6,30,3,4,6,0,0,0,1,1,1,0,0,1,2,E01002626,17-06-2018,1,1,2,2,-1,-1,3,0,0,2,0,-1,9,-1
19777,77.05831703,28.50339092,1,2,2,1,2,08:00,25,E09000018,5,0,6,30,6,4,5,0,0,0,1,1,1,0,0,1,1,E01002576,27-06-2018,1,1,1,1,25,5,3,0,0,0,0,-1,9,1
19778,77.0809848,28.48706883,1,3,2,1,6,10:55,25,E09000018,6,0,1,30,2,4,6,0,0,0,1,1,1,0,0,1,1,E01002610,01-07-2018,2,2,1,2,50,8,3,0,0,0,0,-1,9,1
19779,76.99348157,28.50633057,1,3,1,1,3,20:15,25,E09000018,3,315,6,30,9,2,6,0,0,5,1,1,2,0,0,1,1,E01002648,28-06-2018,1,1,1,1,41,7,3,0,0,0,0,-1,3,1
19780,77.10265788,28.40458114,1,2,1,2,1,23:00,25,E09000018,3,4,3,50,0,-1,-1,0,0,0,4,1,1,0,0,1,1,E01002585,03-07-2018,1,1,1,1,30,6,2,0,0,0,0,-1,4,1
19781,77.05861419,28.50300392,1,3,2,1,6,14:15,25,E09000018,6,0,6,30,3,4,6,0,0,0,1,1,1,0,0,1,1,E01002618,08-07-2018,1,2,3,2,58,9,3,1,3,0,0,-1,0,1
19782,77.08347367,28.48794088,1,3,2,2,2,20:53,25,E09000018,4,3377,6,30,3,4,6,0,0,0,1,1,1,0,0,1,1,E01002612,27-06-2018,1,1,1,1,69,10,3,0,0,0,0,-1,9,1
19783,77.0521154,28.41472896,1,3,1,1,5,16:10,25,E09000018,3,315,6,30,0,-1,-1,0,0,0,1,1,2,0,0,1,1,E01002644,30-06-2018,3,2,1,1,64,9,3,0,0,0,0,-1,9,1
19784,77.0372521,28.41837962,1,3,2,1,5,19:45,25,E09000018,3,315,6,30,3,4,6,0,0,0,4,1,2,0,0,1,1,E01002643,30-06-2018,2,1,1,1,37,7,3,0,0,0,0,-1,9,1
19785,77.04233514,28.40711156,1,3,2,1,6,13:35,25,E09000018,3,312,6,30,0,-1,-1,0,0,0,1,1,1,0,0,1,2,E01002593,08-07-2018,1,1,1,1,23,5,2,0,0,0,0,-1,3,1
19786,77.06220714,28.45881054,1,3,2,1,4,06:00,25,E09000018,3,4,1,40,1,2,3,4,0,0,1,1,1,0,0,1,1,E01002569,06-07-2018,2,1,1,1,20,4,3,0,0,0,0,-1,4,1
19787,77.02312645,28.4094548,1,3,2,1,5,16:48,25,E09000018,3,314,6,30,0,-1,-1,0,0,0,1,1,1,0,0,1,1,E01002649,30-06-2018,1,1,3,1,15,3,2,9,9,0,0,-1,0,1
19788,77.0871525,28.501581,1,3,1,1,4,16:15,25,E09000018,3,3002,6,30,0,-1,-1,0,0,4,1,2,2,0,0,1,1,E01002563,29-06-2018,1,1,1,1,26,6,3,0,0,0,0,-1,9,1
19789,77.09958883,28.48017129,1,3,2,1,5,23:03,25,E09000018,3,3004,6,30,0,-1,-1,0,0,0,4,1,1,0,0,1,1,E01002668,07-07-2018,1,1,1,2,-1,-1,3,0,0,0,0,-1,9,1
19790,77.10178224,28.40833636,1,3,1,1,7,04:55,25,E09000018,3,315,6,30,0,-1,-1,0,0,0,1,1,1,0,0,1,1,E01002568,09-07-2018,2,1,1,2,30,6,3,0,0,0,0,-1,9,1
19791,77.03423718,28.42861557,1,3,5,3,2,19:02,26,E09000017,1,4,3,70,0,-1,-1,0,0,0,1,1,1,0,0,1,1,E01002492,11-07-2018,1,1,3,2,15,3,3,5,1,0,0,-1,0,1
19792,77.03488857,28.45504753,1,3,2,1,4,12:20,25,E09000018,6,0,6,30,7,4,3,312,0,0,1,1,1,0,0,1,2,E01002593,22-06-2018,1,1,3,1,2,1,3,5,2,0,0,-1,0,-1
19793,77.00921852,28.4556537,1,3,3,3,6,12:30,25,E09000018,3,316,6,30,6,2,5,0,0,0,1,1,1,0,0,1,1,E01002578,08-07-2018,1,1,3,2,40,7,3,10,9,0,0,-1,0,-1
19794,77.04766308,28.50821627,1,3,2,2,4,09:06,25,E09000018,5,0,6,30,0,-1,-1,0,0,0,1,1,1,0,0,1,1,E01002636,29-06-2018,1,1,1,1,90,11,3,0,0,0,0,-1,9,1
19795,77.07803079,28.45836551,1,3,3,2,3,07:15,25,E09000018,1,4,3,40,0,-1,-1,0,0,0,1,1,1,0,0,1,1,E01002568,19-07-2018,1,2,2,2,90,11,3,0,0,1,0,-1,9,-1
19796,77.0844829,28.49584639,1,3,2,3,6,15:45,25,E09000018,4,455,6,30,3,4,6,0,0,0,1,1,1,0,0,1,1,E01002567,15-07-2018,1,1,1,1,38,7,3,0,0,0,0,-1,9,1
19797,77.03293062,28.49600745,1,3,2,1,6,16:37,25,E09000018,5,0,6,30,6,2,6,0,0,5,1,1,1,0,0,1,1,E01002637,15-07-2018,1,1,2,1,53,8,3,0,0,0,4,-1,11,-1
19798,77.09138658,28.46034333,1,3,3,1,4,07:30,25,E09000018,1,4,3,40,0,-1,-1,0,0,0,1,1,1,0,0,1,1,E01002566,13-07-2018,1,1,1,1,19,4,3,0,0,0,0,-1,9,1
19799,77.02926711,28.48686101,1,3,3,1,1,20:08,25,E09000018,5,0,6,30,3,4,6,0,0,0,1,1,1,0,0,1,1,E01002619,10-07-2018,1,2,2,2,18,4,3,0,0,1,0,-1,9,1
19800,77.09361741,28.49039001,1,3,3,1,4,17:48,25,E09000018,3,314,6,30,0,-1,-1,0,0,0,1,1,1,0,0,1,2,E01002651,13-07-2018,3,1,1,1,30,6,3,0,0,0,0,-1,9,1
19801,77.06659279,28.4538163,1,3,2,1,4,13:32,25,E09000018,3,312,6,30,6,2,4,3377,0,5,1,1,1,0,0,1,1,E01002612,13-07-2018,1,1,1,2,39,7,3,0,0,0,0,-1,9,2
19802,77.00906512,28.42252096,1,3,2,1,2,06:10,25,E09000018,3,3063,6,30,0,-1,-1,0,0,0,1,1,1,0,0,1,2,E01002647,27-06-2018,1,1,2,2,26,6,3,0,0,1,0,-1,9,-1
19803,77.05980288,28.46114158,1,3,1,1,6,19:00,25,E09000018,6,0,6,30,0,-1,-1,0,0,0,1,1,1,0,0,1,1,E01002589,15-07-2018,2,1,1,1,54,8,3,0,0,0,0,-1,1,1
19804,77.01057842,28.44070945,1,3,2,1,5,20:33,25,E09000018,3,316,6,30,6,2,5,0,0,5,4,1,1,0,0,1,1,E01002578,14-07-2018,2,1,1,2,20,4,3,0,0,0,0,-1,9,-1
19805,77.07469181,28.48728377,1,3,1,1,7,19:25,25,E09000018,6,0,6,30,3,4,3,315,0,0,4,1,1,0,0,1,1,E01002681,09-07-2018,2,1,1,1,-1,-1,3,0,0,0,0,-1,3,-1
19806,76.97661986,28.44861844,1,3,2,1,1,17:45,25,E09000018,3,315,6,30,3,4,6,0,0,1,1,1,1,0,0,1,2,E01002688,03-07-2018,1,1,1,1,33,6,3,0,0,0,0,-1,9,1
19807,77.03533863,28.41106942,1,3,1,1,3,15:54,25,E09000018,3,244,6,30,0,-1,-1,0,0,0,1,1,1,0,0,1,1,E01002598,12-07-2018,1,2,2,1,34,6,3,0,0,1,0,-1,9,-1
19808,77.04042346,28.43950699,1,3,5,1,5,09:56,25,E09000018,1,4,3,60,0,-1,-1,0,0,0,1,1,1,0,0,1,1,E01002632,14-07-2018,1,1,1,1,50,8,3,0,0,0,0,-1,19,1
19809,77.00931489,28.45236209,1,3,2,1,2,10:30,25,E09000018,5,0,6,30,0,-1,-1,0,0,0,1,1,1,0,0,1,1,E01030746,11-07-2018,2,1,1,1,32,6,3,0,0,0,0,-1,5,1
19810,76.99433515,28.41442594,1,3,4,3,6,17:15,25,E09000018,3,4,3,30,3,4,5,0,0,0,1,1,1,0,0,1,1,E01002577,15-07-2018,1,1,1,2,23,5,3,0,0,0,0,-1,9,1
19811,77.00693269,28.40306744,1,3,2,1,6,19:54,25,E09000018,3,244,6,30,3,4,6,0,0,0,1,1,1,0,0,1,1,E01002614,15-07-2018,1,1,1,1,26,6,3,0,0,0,0,-1,4,-1
19812,77.1038457,28.49125296,1,2,2,1,7,13:25,25,E09000018,4,363,6,30,3,4,6,0,0,0,1,1,1,0,0,1,1,E01002639,16-07-2018,1,1,1,1,31,6,3,0,0,0,0,-1,9,1
19813,76.97263823,28.48978988,1,3,2,1,2,15:07,25,E09000018,3,312,3,40,1,4,3,4,0,0,1,1,1,0,0,1,1,E01002585,18-07-2018,1,1,3,1,-1,-1,3,5,2,0,0,-1,0,-1
19814,77.01680299,28.47981644,1,3,2,2,7,19:30,25,E09000018,6,0,6,30,3,4,6,0,0,0,1,1,1,0,0,1,2,E01002599,16-07-2018,1,2,3,2,2,1,3,5,2,0,0,-1,0,1
19815,76.99463632,28.4383459,1,3,2,1,7,19:30,25,E09000018,3,315,6,30,6,2,3,3063,0,5,1,1,1,0,0,1,2,E01002664,16-07-2018,2,1,1,1,30,6,2,0,0,0,0,-1,1,1
19816,76.99452726,28.48438462,1,3,2,1,5,09:45,25,E09000018,3,406,6,30,8,4,6,0,0,0,1,1,1,0,0,1,2,E01002691,14-07-2018,2,1,1,1,37,7,3,0,0,0,0,-1,9,1
19817,77.09097506,28.50711104,1,3,2,1,3,21:10,25,E09000018,3,312,3,50,6,2,5,0,0,5,4,1,1,0,0,1,1,E01002583,12-07-2018,1,1,2,2,29,6,3,0,0,0,4,-1,11,1
19818,76.97666811,28.4107498,1,2,2,1,3,18:45,25,E09000018,6,0,6,30,0,-1,-1,0,0,0,1,1,1,0,0,1,2,E01002591,28-06-2018,1,1,1,1,33,6,3,0,0,0,0,-1,5,1
19819,77.06003975,28.4558669,1,3,2,1,3,18:42,25,E09000018,3,315,6,30,0,-1,-1,0,0,0,1,1,1,0,0,1,1,E01002646,19-07-2018,1,1,1,1,37,7,3,0,0,0,0,-1,9,1
19820,77.02669782,28.48462561,1,3,2,2,3,08:00,25,E09000018,1,4,3,40,0,-1,-1,0,0,0,1,1,1,0,0,1,1,E01002565,19-07-2018,2,2,1,2,75,10,3,0,0,0,0,-1,9,1
19821,77.02788373,28.49956553,1,3,2,1,1,22:20,25,E09000018,3,315,6,30,3,2,3,314,0,5,4,1,1,0,0,1,1,E01002642,24-07-2018,1,1,1,1,43,7,3,0,0,0,0,-1,5,3
19822,77.09281111,28.47025377,1,2,2,1,3,10:10,25,E09000018,3,4,3,40,6,2,3,4,0,0,1,1,1,0,0,1,1,E01002679,19-07-2018,1,1,1,1,25,5,3,0,0,0,0,-1,9,-1
19823,77.06494388,28.40452345,1,3,2,2,5,12:00,26,E09000017,5,0,6,30,3,2,3,30,0,0,1,1,1,0,0,1,1,E01002444,21-07-2018,1,1,1,2,27,6,3,0,0,0,0,-1,9,1
19824,77.00557645,28.40310531,1,3,1,1,6,08:18,25,E09000018,3,3005,6,30,0,-1,-1,0,0,0,1,1,2,6,0,1,1,E01002629,22-07-2018,1,1,1,1,28,6,3,0,0,0,0,-1,4,1
19825,77.04491177,28.40750416,1,3,3,1,7,17:04,25,E09000018,3,315,6,30,0,-1,-1,0,0,0,1,1,1,0,0,1,1,E01002687,16-07-2018,1,1,1,1,37,7,3,0,0,0,0,-1,9,1
19826,77.08404671,28.49185226,1,3,2,2,6,00:16,25,E09000018,3,4,3,40,6,2,4,454,0,0,4,1,1,0,0,1,1,E01002678,05-08-2018,1,2,2,1,4,1,2,0,0,1,0,-1,9,1
19827,77.02185476,28.47446337,1,3,3,2,5,10:15,25,E09000018,3,315,6,30,3,4,6,0,0,0,1,1,1,0,0,1,1,E01002693,04-08-2018,1,3,2,1,11,3,2,0,0,2,0,-1,9,1
19828,77.03667073,28.4684119,1,3,2,2,1,20:09,25,E09000018,5,0,6,30,3,4,6,0,0,0,1,1,1,0,0,1,1,E01002640,31-07-2018,1,4,2,1,6,2,2,0,0,2,0,-1,9,1
19829,77.0503886,28.49758771,1,3,3,1,7,23:06,25,E09000018,3,310,6,30,6,2,3,315,0,5,4,1,1,0,0,1,1,E01002682,23-07-2018,1,1,1,2,45,7,3,0,0,0,0,-1,9,1
19830,77.06762049,28.44674047,1,3,1,1,7,18:10,25,E09000018,3,315,6,30,0,-1,-1,0,0,0,1,1,1,0,0,1,2,E01002556,11-06-2018,1,1,1,1,64,9,3,0,0,0,0,-1,9,-1
19831,76.97777598,28.44126022,1,3,2,1,7,11:52,25,E09000018,5,0,6,30,3,4,6,0,0,0,1,1,1,0,0,1,1,E01002619,23-07-2018,1,1,1,1,49,8,3,0,0,0,0,-1,1,1
19832,76.98566738,28.41285075,1,3,1,1,4,20:06,25,E09000018,6,0,6,30,3,4,3,315,0,0,1,2,2,0,0,1,1,E01002566,27-07-2018,1,1,1,1,18,4,3,0,0,0,0,-1,3,-1
19833,77.09071849,28.41975933,1,3,1,1,2,11:30,25,E09000018,3,315,6,30,3,4,6,0,0,0,1,1,1,0,0,1,2,E01002559,01-08-2018,2,1,1,1,47,8,3,0,0,0,0,-1,1,1
19834,76.99587163,28.4169746,1,2,1,2,3,10:15,26,E09000017,1,4,3,70,0,-1,-1,0,0,0,1,1,1,0,0,1,1,E01002492,26-07-2018,1,1,1,1,42,7,3,0,0,0,0,-1,9,1
19835,77.00439478,28.49131574,1,2,1,2,6,08:02,25,E09000018,3,315,3,30,6,2,3,312,0,0,1,1,1,0,0,1,1,E01002593,22-07-2018,2,1,1,1,19,4,3,0,0,0,0,-1,9,1
19836,77.07120476,28.44369259,1,3,3,1,3,21:15,25,E09000018,3,315,6,30,3,4,6,0,0,0,4,1,1,0,0,1,1,E01002684,19-07-2018,2,1,1,1,34,6,2,0,0,0,0,-1,5,2
19837,76.98268161,28.48203534,1,3,2,1,2,22:19,25,E09000018,4,363,6,30,3,4,6,0,0,0,4,1,1,0,0,1,1,E01002639,25-07-2018,1,1,1,2,30,6,3,0,0,0,0,-1,9,1