Accident_Index,longitude,latitude,Police_Force,Accident_Severity,Number_of_Vehicles,Number_of_Casualties,Day_of_Week,Time,Local_Authority_(District),Local_Authority_(Highway),1st_Road_Class,1st_Road_Number,Road_Type,Speed_limit,Junction_Detail,Junction_Control,2nd_Road_Class,2nd_Road_Number,Pedestrian_Crossing-Human_Control,Pedestrian_Crossing-Physical_Facilities,Light_Conditions,Weather_Conditions,Road_Surface_Conditions,Special_Conditions_at_Site,Carriageway_Hazards,Urban_or_Rural_Area,Did_Police_Officer_Attend_Scene_of_Accident,LSOA_of_Accident_Location,Date,Vehicle_Reference,Casualty_Reference,Casualty_Class,Sex_of_Casualty,Age_of_Casualty,Age_Band_of_Casualty,Casualty_Severity,Pedestrian_Location,Pedestrian_Movement,Car_Passenger,Bus_or_Coach_Passenger,Pedestrian_Road_Maintenance_Worker,Casualty_Type,Casualty_Home_Area_Type
19838,76.9949928,28.47648775,1,3,1,1,4,20:58,25,E09000018,1,4,3,60,9,4,6,0,0,0,1,1,1,0,0,1,1,E01002632,20-07-2018,1,1,1,2,25,5,3,0,0,0,0,-1,9,1
19839,76.99832724,28.47210729,1,3,2,3,2,13:07,25,E09000018,3,244,3,30,0,-1,-1,0,0,0,1,1,1,0,0,1,1,E01002614,25-07-2018,1,1,1,2,21,5,3,0,0,0,0,-1,1,1
19840,76.98210877,28.48773613,1,3,2,1,3,19:10,25,E09000018,3,4,3,30,3,4,6,0,0,0,1,1,1,0,0,1,1,E01002585,26-07-2018,1,1,2,2,22,5,3,0,0,0,2,-1,11,1
19841,77.01959341,28.44975519,1,3,2,1,6,13:01,25,E09000018,3,315,6,30,0,-1,-1,0,0,0,1,1,1,0,0,1,1,E01002684,03-06-2018,1,1,2,2,71,10,3,0,0,0,3,-1,11,1
19842,77.04322831,28.40596844,1,3,2,1,2,16:10,25,E09000018,3,3000,6,30,6,4,5,0,0,0,1,1,1,0,0,1,2,E01002692,08-08-2018,1,1,1,2,71,10,3,0,0,0,0,-1,9,1
19843,77.00854793,28.46597791,1,3,2,1,4,18:40,11,E09000013,4,409,6,30,3,4,6,0,0,0,1,1,1,0,0,1,1,E01002574,03-08-2018,1,2,3,1,68,10,3,6,9,0,0,-1,0,1
19844,77.06210475,28.50634432,1,3,2,1,4,16:30,25,E09000018,3,3000,6,30,3,4,6,0,0,0,1,1,1,0,0,1,2,E01002688,03-08-2018,1,1,1,1,50,8,3,0,0,0,0,-1,9,1
19845,77.08671027,28.48512763,1,3,2,1,2,11:45,25,E09000018,3,4,3,40,6,2,5,0,0,5,1,1,1,0,0,1,1,E01002623,18-07-2018,2,2,2,2,28,6,3,0,0,1,0,-1,9,1
19846,76.99169207,28.4891857,1,3,2,1,7,15:00,25,E09000018,3,312,3,30,8,4,6,0,0,0,1,1,2,0,0,1,2,E01002605,09-07-2018,1,1,1,1,30,6,3,0,0,0,0,-1,9,1
19847,77.01858955,28.42662536,1,3,2,1,3,17:45,25,E09000018,3,312,6,30,3,4,6,0,0,0,1,1,1,0,0,1,1,E01002611,02-08-2018,1,1,3,1,42,7,3,5,2,0,0,-1,0,-1
19848,76.97895312,28.41338187,1,3,2,1,2,11:00,25,E09000018,5,0,6,30,6,2,3,4,0,5,1,1,1,0,0,1,2,E01002623,29-08-2018,1,1,1,1,32,6,3,0,0,0,0,-1,9,-1
19849,77.08782951,28.45439259,1,3,2,1,6,08:05,25,E09000018,3,406,6,40,1,4,3,315,0,0,1,1,1,0,0,1,2,E01002692,03-06-2018,1,1,1,1,26,6,3,0,0,0,0,-1,3,1
19850,77.0977172,28.46615563,1,3,2,1,6,05:35,25,E09000018,1,4,3,70,0,-1,-1,0,0,0,1,2,2,0,0,1,1,E01002626,05-08-2018,1,1,2,2,26,6,3,0,0,1,0,-1,9,1
19851,77.0936782,28.4273267,1,2,1,1,6,07:01,25,E09000018,1,4,3,40,0,-1,-1,0,0,0,1,2,2,0,0,1,1,E01002692,05-08-2018,1,2,1,1,27,6,3,0,0,0,0,-1,9,1
19852,77.00518074,28.47435125,1,2,2,1,6,11:15,25,E09000018,3,316,6,30,6,2,5,0,0,5,1,1,1,0,0,1,1,E01002578,29-07-2018,1,1,2,1,73,10,2,0,0,2,0,-1,9,1
19853,76.97522829,28.43522887,1,2,2,2,6,11:50,25,E09000018,3,4,3,40,6,2,3,4,0,0,1,1,2,0,0,1,1,E01002583,05-08-2018,1,2,2,2,65,9,2,0,0,2,0,-1,9,1
19854,77.07660325,28.40458373,1,3,3,1,4,13:16,25,E09000018,4,454,6,40,6,2,3,4,0,0,1,1,1,0,0,1,1,E01002678,03-08-2018,1,1,2,2,45,7,3,0,0,2,0,-1,8,1
19855,77.1053408,28.47271884,1,3,3,1,4,17:22,25,E09000018,3,4,3,30,0,-1,-1,0,0,0,1,1,1,0,0,1,1,E01002635,06-07-2018,2,1,1,1,43,7,3,0,0,0,0,-1,19,1
19856,77.10252946,28.41397521,1,2,2,1,4,17:20,25,E09000018,3,314,6,30,3,4,6,0,0,0,1,1,1,0,0,1,1,E01002649,10-08-2018,1,1,3,1,-1,-1,3,4,1,0,0,-1,0,-1
19857,76.98597667,28.45140922,1,3,3,1,5,17:19,25,E09000018,3,4,3,40,6,2,3,3063,0,0,1,1,1,0,0,1,1,E01002621,04-08-2018,1,1,3,1,37,7,2,9,9,0,0,-1,0,-1
19858,76.98730172,28.48745774,1,3,2,2,1,22:14,25,E09000018,3,315,6,30,3,4,6,0,0,0,4,1,1,0,0,1,1,E01002677,07-08-2018,1,1,1,2,68,10,3,0,0,0,0,-1,9,1
19859,77.09242006,28.50002155,1,3,2,1,1,11:58,25,E09000018,6,0,6,30,3,4,6,0,0,0,1,1,1,0,0,1,1,E01002621,07-08-2018,2,1,1,2,28,6,3,0,0,0,0,-1,3,1
19860,77.09655603,28.49785193,1,2,2,2,7,05:28,25,E09000018,3,30,3,50,6,2,3,312,0,0,1,1,1,0,0,1,1,E01002586,06-08-2018,1,1,3,1,35,6,3,5,9,0,0,-1,0,1
19861,77.04164834,28.40668456,1,3,2,2,2,15:10,25,E09000018,3,312,6,40,8,4,6,0,0,0,1,1,1,0,0,1,1,E01002592,08-08-2018,2,1,1,2,29,6,3,0,0,0,0,-1,9,1
19862,77.04997056,28.48452854,1,3,2,1,6,18:25,25,E09000018,4,455,6,30,6,2,3,4,0,5,1,1,1,0,0,1,1,E01002565,05-08-2018,1,1,1,2,31,6,3,0,0,0,0,-1,9,1
19863,77.05415883,28.50747747,1,3,2,1,3,16:00,25,E09000018,3,3005,6,30,0,-1,-1,0,0,1,1,1,1,0,0,1,2,E01002620,26-07-2018,1,1,1,2,49,8,3,0,0,0,0,-1,9,1
19864,77.0851636,28.4658174,1,3,4,1,5,17:50,25,E09000018,3,314,6,30,0,-1,-1,0,0,0,1,1,1,0,0,1,1,E01002652,28-07-2018,2,1,1,2,36,7,3,0,0,0,0,-1,9,1
19865,77.04672865,28.49460662,1,3,2,1,2,06:35,25,E09000018,3,4,1,40,1,4,3,312,0,0,1,2,2,0,0,1,1,E01002585,01-08-2018,1,1,1,1,53,8,3,0,0,0,0,-1,9,1
19866,77.00287648,28.44591344,1,3,2,2,5,20:00,25,E09000018,3,4,6,30,6,2,5,0,0,0,4,1,1,0,0,1,1,E01002566,11-08-2018,1,1,3,2,-1,-1,3,5,3,0,0,-1,0,-1
19867,77.08602877,28.49966616,1,3,2,1,7,18:30,25,E09000018,3,315,3,30,7,2,3,312,0,5,1,1,1,0,0,1,1,E01002592,21-05-2018,1,1,1,1,27,6,3,0,0,0,0,-1,5,1
19868,77.06430394,28.47131684,1,3,1,1,7,12:22,25,E09000018,6,0,6,30,0,-1,-1,0,0,0,1,1,1,0,0,1,1,E01002556,09-07-2018,1,1,1,1,71,10,3,0,0,0,0,-1,9,1
19869,77.07133871,28.46855269,1,3,2,1,5,16:22,25,E09000018,3,315,6,30,3,4,6,0,0,0,1,1,1,0,0,1,1,E01002558,04-08-2018,1,1,2,1,-1,-1,3,0,0,1,0,-1,9,-1
19870,76.97310652,28.41133531,1,3,1,1,1,19:42,25,E09000018,6,0,6,30,0,-1,-1,0,0,0,1,1,1,0,0,1,1,E01002643,07-08-2018,1,1,1,1,46,8,3,0,0,0,0,-1,3,2
19871,77.09924527,28.41547705,1,3,2,2,6,15:30,25,E09000018,3,3006,6,30,3,4,6,0,0,0,1,1,1,0,0,1,1,E01002661,05-08-2018,1,2,2,2,29,6,2,0,0,0,0,-1,3,2
19872,77.07015033,28.42626398,1,3,3,2,4,15:50,25,E09000018,3,205,6,30,3,4,5,0,0,0,1,1,1,0,0,1,1,E01002566,17-08-2018,2,1,1,1,-1,-1,3,0,0,0,0,-1,5,-1
19873,77.01484293,28.42044983,1,3,2,1,2,18:49,25,E09000018,3,312,6,30,3,4,6,0,0,0,1,1,1,0,0,1,2,E01002611,01-08-2018,2,1,2,2,78,11,3,0,0,1,0,-1,9,1
19874,77.08853934,28.47133018,1,3,2,1,6,11:30,25,E09000018,3,315,6,30,3,4,6,0,0,0,1,1,1,0,0,1,2,E01002559,27-05-2018,1,1,1,1,49,8,3,0,0,0,0,-1,9,1
19875,77.03148259,28.50528252,1,3,2,2,7,08:38,25,E09000018,5,0,6,30,3,4,6,0,0,0,1,1,1,0,0,1,1,E01002637,30-04-2018,2,1,1,1,45,7,3,0,0,0,0,-1,3,1
19876,77.09000853,28.43975315,1,3,2,1,1,19:48,24,E09000027,3,314,6,30,0,-1,-1,0,0,0,1,1,1,0,0,1,1,E01003841,07-08-2018,1,1,1,2,51,8,3,0,0,0,0,-1,9,-1
19877,77.05749944,28.49445224,1,3,2,1,4,16:42,25,E09000018,3,312,1,50,1,4,3,4,0,0,1,1,1,0,0,1,1,E01002635,10-08-2018,1,1,2,2,80,11,3,0,0,1,0,-1,9,1
19878,77.02212817,28.41003458,1,3,1,1,7,13:00,25,E09000018,4,3377,6,30,0,-1,-1,0,0,0,1,1,1,0,0,1,2,E01002612,13-08-2018,1,1,1,1,46,8,3,0,0,0,0,-1,9,1
19879,76.97700422,28.43901474,1,3,2,1,4,11:57,25,E09000018,5,0,1,30,1,4,6,0,0,0,1,1,1,0,0,1,1,E01002636,17-08-2018,1,1,2,2,24,5,3,0,0,1,0,-1,9,1
19880,76.98687381,28.46805777,1,3,2,1,3,23:41,25,E09000018,3,3063,6,30,3,4,6,0,0,8,4,1,1,0,0,1,1,E01002628,16-08-2018,2,1,1,1,22,5,3,0,0,0,0,-1,9,1
19881,77.04462115,28.43276746,1,3,3,1,3,08:33,26,E09000017,3,30,3,40,3,4,6,0,0,0,1,1,1,0,0,1,1,E01002443,16-08-2018,2,2,2,1,18,4,3,0,0,1,0,-1,9,1
19882,77.09272588,28.44221529,1,2,1,1,5,13:17,25,E09000018,3,4,3,40,3,2,6,0,0,5,1,1,1,0,0,1,1,E01002584,18-08-2018,3,3,1,2,18,4,3,0,0,0,0,-1,9,1
19883,77.07303744,28.43035416,1,3,2,1,7,11:13,25,E09000018,3,315,6,30,3,2,4,455,0,0,1,1,1,0,0,1,2,E01002685,13-08-2018,1,1,1,1,22,5,3,0,0,0,0,-1,9,1
19884,77.04845337,28.49389559,1,2,2,1,5,16:40,25,E09000018,3,315,6,30,3,4,6,0,0,0,1,1,1,0,0,1,1,E01002575,18-08-2018,1,1,2,1,16,4,2,0,0,2,0,-1,9,1
19885,77.02495665,28.48974029,1,3,2,1,2,08:20,25,E09000018,1,4,3,70,5,4,6,0,0,0,1,1,1,0,0,1,1,E01002632,12-09-2018,1,1,2,2,55,8,3,0,0,0,4,-1,11,-1
19886,77.10493066,28.48412428,1,2,2,1,4,13:30,25,E09000018,3,312,6,30,0,-1,-1,0,0,0,1,1,1,0,0,1,1,E01002611,17-08-2018,2,1,1,1,55,8,3,0,0,0,0,-1,9,1
19887,77.0486886,28.43725695,1,3,1,1,4,15:00,25,E09000018,3,3005,6,30,0,-1,-1,0,0,0,1,1,1,0,0,1,1,E01002628,24-08-2018,1,1,3,2,30,6,3,10,3,0,0,-1,0,1
19888,76.98195495,28.43888937,1,3,2,2,2,17:50,25,E09000018,5,0,3,30,6,2,6,0,0,0,1,2,2,0,0,1,1,E01002637,22-08-2018,1,1,2,2,-1,-1,3,0,0,1,0,-1,9,1
19889,77.01116697,28.41776368,1,3,2,1,3,13:05,25,E09000018,6,0,6,30,6,4,6,0,0,0,1,1,1,0,0,1,1,E01002641,30-08-2018,1,1,3,1,27,6,2,10,9,0,0,-1,0,1
19890,77.00590978,28.40517733,1,3,2,1,5,11:30,25,E09000018,5,0,6,30,0,-1,-1,0,0,0,1,1,2,0,0,1,1,E01002643,07-07-2018,1,1,1,1,34,6,3,0,0,0,0,-1,9,1
19891,76.98764936,28.43183147,1,3,1,1,7,19:41,25,E09000018,3,244,6,30,3,4,6,0,0,0,4,1,1,0,0,1,1,E01002614,13-08-2018,2,1,1,1,26,6,3,0,0,0,0,-1,9,1
19892,76.98786496,28.40915725,1,3,2,1,7,01:53,25,E09000018,3,3002,6,40,6,2,3,4,0,0,4,1,1,0,0,1,1,E01002684,20-08-2018,1,1,3,1,85,11,3,9,9,0,0,-1,0,1
19893,76.98336506,28.48936883,1,3,2,2,6,21:35,25,E09000018,3,312,6,30,0,-1,-1,0,0,0,4,1,1,0,0,1,1,E01002583,19-08-2018,1,1,1,2,28,6,3,0,0,0,0,-1,9,1
19894,77.08270811,28.41261575,1,3,2,1,5,23:25,25,E09000018,6,0,6,30,6,4,6,0,0,0,4,1,1,0,0,1,1,E01002576,25-08-2018,1,1,3,1,-1,-1,3,5,9,0,0,-1,0,1
19895,77.05627434,28.46722435,1,3,4,1,5,07:40,25,E09000018,3,4,3,30,0,-1,-1,0,0,0,1,1,1,0,0,1,1,E01002569,11-08-2018,2,1,1,1,34,6,3,0,0,0,0,-1,9,1
19896,77.03756978,28.46654077,1,3,2,1,5,17:45,25,E09000018,3,312,1,40,1,4,3,4,0,0,1,2,2,0,0,1,1,E01002635,18-08-2018,1,1,1,1,17,4,3,0,0,0,0,-1,9,1
19897,77.02912766,28.46655906,1,3,3,1,6,15:00,25,E09000018,6,0,6,30,6,4,4,361,0,0,1,2,2,0,0,1,1,E01002649,19-08-2018,2,1,1,2,17,4,3,0,0,0,0,-1,9,1
19898,77.04452803,28.47552414,1,3,2,1,6,15:05,25,E09000018,3,3006,6,30,0,-1,-1,0,0,0,1,1,1,0,0,1,1,E01002660,02-09-2018,1,1,2,2,28,6,3,0,0,1,0,-1,9,1
19899,77.03750929,28.44550017,1,3,2,1,6,14:30,25,E09000018,5,0,6,30,0,-1,-1,0,0,0,1,1,1,0,0,1,1,E01002592,26-08-2018,1,1,1,1,17,4,2,0,0,0,0,-1,2,1
19900,77.0256013,28.45710277,1,3,2,2,6,09:05,25,E09000018,3,4,3,40,6,2,3,3002,0,0,1,1,1,0,0,1,1,E01002684,26-08-2018,1,1,3,2,11,3,3,10,9,0,0,-1,0,1
19901,76.98330328,28.42195353,1,3,2,1,1,12:24,25,E09000018,3,315,6,30,3,4,6,0,0,1,1,1,1,0,0,1,1,E01002692,04-09-2018,1,1,1,2,75,10,3,0,0,0,0,-1,9,1
19902,77.00175824,28.41051676,1,3,2,1,4,10:30,25,E09000018,6,0,6,30,8,4,6,0,0,0,1,1,1,0,0,1,1,E01002637,24-08-2018,1,1,1,2,45,7,3,0,0,0,0,-1,9,1
19903,76.99285476,28.46317219,1,3,2,2,2,16:13,25,E09000018,3,4,3,40,6,2,5,0,0,0,1,1,1,0,0,1,1,E01002623,29-08-2018,2,1,2,2,65,9,3,0,0,1,0,-1,9,1
19904,76.99421465,28.4258238,1,3,2,1,3,14:35,24,E09000027,3,314,6,30,9,4,6,0,0,0,1,1,1,0,0,1,1,E01003840,30-08-2018,2,1,1,1,20,4,3,0,0,0,0,-1,2,-1
19905,77.00275474,28.42780575,1,3,2,1,4,12:20,25,E09000018,3,315,6,30,0,-1,-1,0,0,0,1,1,1,0,0,1,1,E01002575,31-08-2018,2,1,1,2,44,7,3,0,0,0,0,-1,9,1
19906,76.97627005,28.49982676,1,3,2,1,4,20:15,25,E09000018,3,30,3,50,6,2,3,312,0,5,4,2,2,0,0,1,1,E01002586,24-08-2018,2,1,1,2,52,8,3,0,0,0,0,-1,9,1
19907,76.97648798,28.48237662,1,3,1,1,4,12:35,25,E09000018,3,312,3,30,9,4,6,0,0,1,1,1,1,0,0,1,1,E01002605,31-08-2018,1,1,2,2,42,7,3,0,0,1,0,-1,9,1
19908,76.97606352,28.45344992,1,3,2,2,2,17:20,25,E09000018,6,0,6,30,6,4,6,0,0,0,1,2,2,3,0,1,1,E01002605,22-08-2018,1,2,2,2,19,4,3,0,0,2,0,-1,9,1
19909,77.07639093,28.44684966,1,3,2,1,4,17:52,25,E09000018,3,315,6,30,3,4,6,0,0,0,1,1,1,0,0,1,1,E01002688,31-08-2018,1,1,2,2,-1,-1,3,0,0,1,0,-1,9,-1
19910,77.04284429,28.42708424,1,3,2,1,5,18:45,25,E09000018,3,312,6,30,3,4,6,0,0,0,1,2,2,0,0,1,2,E01002611,30-06-2018,1,1,1,1,34,6,3,0,0,0,0,-1,5,1
19911,76.97124409,28.4680536,1,3,3,1,6,19:08,25,E09000018,3,314,6,30,3,4,6,0,0,0,1,1,1,0,0,1,1,E01002607,10-06-2018,1,1,1,2,45,7,3,0,0,0,0,-1,9,1
19912,77.03389331,28.41871871,1,3,2,1,7,20:45,25,E09000018,5,0,6,30,0,-1,-1,0,0,0,4,1,1,0,0,1,1,E01002559,03-09-2018,2,1,1,1,19,4,3,0,0,0,0,-1,9,-1
19913,76.99433226,28.41114899,1,3,3,2,2,16:00,25,E09000018,3,315,6,30,3,4,6,0,0,0,1,1,1,0,0,1,1,E01002570,05-09-2018,1,1,1,2,24,5,3,0,0,0,0,-1,9,1
19914,77.09697597,28.42565752,1,3,2,1,5,18:25,25,E09000018,3,315,6,30,3,4,6,0,0,0,1,1,1,0,0,1,1,E01002566,08-09-2018,1,1,1,2,39,7,3,0,0,0,0,-1,9,1
19915,77.05588594,28.41753492,1,3,2,2,7,06:35,25,E09000018,5,0,6,30,1,4,6,0,0,0,1,1,1,0,0,1,1,E01002637,10-09-2018,1,2,2,2,-1,-1,3,0,0,1,0,-1,9,-1
19916,76.99904025,28.4406313,1,3,2,1,5,13:55,25,E09000018,4,3377,6,30,3,4,6,0,0,0,1,1,1,0,0,1,2,E01002612,01-09-2018,1,1,1,1,29,6,3,0,0,0,0,-1,9,1
19917,77.01137772,28.42364195,1,3,2,1,3,10:35,25,E09000018,3,4,3,40,6,2,6,0,0,0,1,1,1,0,0,1,1,E01002577,06-09-2018,1,2,2,1,-1,-1,3,0,0,1,0,-1,9,-1
19918,77.055723,28.41181254,1,3,2,1,3,22:11,25,E09000018,4,491,6,30,0,-1,-1,0,0,1,4,1,1,0,0,1,1,E01002570,06-09-2018,1,1,1,2,75,10,3,0,0,0,0,-1,9,1
19919,77.01814853,28.40422066,1,3,2,1,5,14:53,25,E09000018,6,0,6,30,6,4,6,0,0,1,1,1,1,0,0,1,1,E01002577,08-09-2018,1,2,2,2,17,4,3,0,0,1,0,-1,9,1
19920,77.02244986,28.4177263,1,3,2,2,7,14:20,25,E09000018,3,315,6,30,0,-1,-1,0,0,0,1,1,1,0,0,1,1,E01002665,10-09-2018,1,1,1,2,49,8,3,0,0,0,0,-1,9,1
19921,77.03548325,28.43713129,1,3,2,1,2,19:51,25,E09000018,3,315,6,30,0,-1,-1,0,0,0,1,1,1,0,0,1,2,E01002566,12-09-2018,1,1,1,1,18,4,3,0,0,0,0,-1,1,1
19922,76.97823106,28.46434699,1,3,2,1,4,18:28,25,E09000018,1,4,3,40,5,4,3,4,0,0,1,1,1,0,0,1,1,E01002566,07-09-2018,1,1,1,1,21,5,3,0,0,0,0,-1,9,1
19923,77.01724756,28.43387903,1,3,2,2,3,19:39,25,E09000018,3,312,1,50,1,4,3,4,0,0,4,1,1,0,0,1,1,E01002635,06-09-2018,1,2,2,1,18,4,3,0,0,1,0,-1,9,1
19924,77.0909043,28.5079406,1,3,2,2,4,07:52,25,E09000018,3,315,6,30,3,2,3,314,0,0,1,1,1,0,0,1,1,E01002644,14-09-2018,1,4,2,1,18,4,3,0,0,2,0,-1,9,1
19925,77.08030072,28.50424589,1,3,3,1,2,20:08,25,E09000018,6,0,6,30,0,-1,-1,0,0,0,4,1,1,0,0,1,1,E01002672,12-09-2018,2,3,1,1,61,9,3,0,0,0,0,-1,19,1
19926,77.03077105,28.46410894,1,3,2,1,4,13:28,26,E09000017,6,0,6,30,0,-1,-1,0,0,0,1,1,1,0,0,1,1,E01030744,14-09-2018,1,1,1,1,29,6,3,0,0,0,0,-1,9,1
19927,77.06433831,28.47705062,1,3,2,2,5,15:37,25,E09000018,3,3063,6,30,3,4,6,0,0,0,1,1,2,0,0,1,1,E01002620,15-09-2018,1,1,2,1,-1,-1,3,0,0,1,0,-1,9,-1
19928,76.9952711,28.4965713,1,3,4,2,5,17:40,25,E09000018,3,315,6,30,0,-1,-1,0,0,0,1,1,1,0,0,1,1,E01002664,08-09-2018,1,1,3,2,58,9,3,10,9,0,0,-1,0,1
19929,76.97358566,28.44129727,1,3,2,1,5,08:50,25,E09000018,3,310,6,30,0,-1,-1,0,0,0,1,2,2,0,0,1,1,E01002670,15-09-2018,1,1,1,1,46,8,3,0,0,0,0,-1,9,1
19930,77.09484054,28.49264602,1,3,1,1,7,17:50,25,E09000018,3,4,3,40,6,2,3,3002,0,5,1,1,1,0,0,1,1,E01002565,09-07-2018,1,1,3,1,36,7,3,9,7,0,0,-1,0,1
19931,77.05243253,28.49747733,1,3,2,1,2,07:40,25,E09000018,3,305,1,30,1,4,3,312,0,0,1,1,1,0,0,1,2,E01002605,05-09-2018,1,1,1,1,21,5,3,0,0,0,0,-1,9,-1
19932,77.04052181,28.45275857,1,3,3,1,4,10:00,25,E09000018,3,30,3,40,0,-1,-1,0,0,0,1,1,1,0,0,1,2,E01002587,07-09-2018,1,1,3,2,16,4,2,10,9,0,0,-1,0,1
19933,77.08997421,28.48381167,1,3,2,1,1,23:51,25,E09000018,3,312,3,40,6,2,5,0,0,5,4,4,2,0,0,1,1,E01002583,11-09-2018,2,1,1,2,18,4,3,0,0,0,0,-1,9,1
19934,76.99673551,28.50043723,1,3,1,1,4,06:17,25,E09000018,3,315,6,30,0,-1,-1,0,0,1,4,1,1,0,0,1,1,E01002642,14-09-2018,2,1,1,1,36,7,3,0,0,0,0,-1,5,1
19935,77.06091953,28.49399066,1,3,2,2,3,16:00,25,E09000018,3,315,6,30,3,4,6,0,0,0,1,1,1,0,0,1,1,E01002685,13-09-2018,1,1,1,1,62,9,3,0,0,0,0,-1,9,1
19936,76.99920161,28.48862065,1,3,2,1,3,15:32,25,E09000018,3,312,3,40,0,-1,-1,0,0,0,1,1,1,0,0,1,1,E01002592,13-09-2018,2,2,1,1,38,7,2,0,0,0,0,-1,9,1
19937,76.99182165,28.47861268,1,3,1,1,6,18:30,25,E09000018,3,315,6,30,0,-1,-1,0,0,5,1,2,2,0,0,1,2,E01002684,09-09-2018,1,1,1,2,34,6,3,0,0,0,0,-1,9,1
19938,77.04153705,28.43967409,1,3,2,2,4,18:15,25,E09000018,6,0,6,30,3,2,3,312,0,0,1,1,1,0,0,1,2,E01002611,17-08-2018,2,2,1,1,35,6,3,0,0,0,0,-1,5,-1
19939,76.98433163,28.45861783,1,3,2,1,5,17:30,25,E09000018,6,0,1,30,1,4,6,0,0,0,1,1,1,0,0,1,2,E01002615,08-09-2018,1,1,3,2,89,11,3,10,9,0,0,-1,0,1
19940,77.07200911,28.40420221,1,2,2,1,7,08:58,25,E09000018,3,3005,6,30,0,-1,-1,0,0,0,1,1,1,0,0,1,2,E01002662,10-09-2018,2,1,1,1,29,6,2,0,0,0,0,-1,5,1
19941,77.09692239,28.41777847,1,3,2,1,5,14:54,27,E09000009,4,452,6,30,0,-1,-1,0,0,0,1,1,2,0,0,1,1,E01001302,15-09-2018,1,1,3,2,54,8,3,5,9,0,0,-1,0,1
19942,77.09825321,28.5059358,1,3,2,1,6,18:06,25,E09000018,3,30,3,60,6,2,5,0,0,0,1,1,1,0,0,1,1,E01002559,16-09-2018,1,1,3,1,12,3,3,10,9,0,0,-1,0,1
19943,77.08872259,28.44895444,1,2,2,1,7,18:48,25,E09000018,3,315,6,30,3,4,6,0,0,4,1,1,1,4,0,1,1,E01002686,17-09-2018,1,1,3,1,18,4,2,9,9,0,0,-1,0,1
19944,76.99757627,28.41289987,1,3,1,1,3,19:30,25,E09000018,3,315,6,30,3,2,3,314,0,5,4,1,1,0,0,1,1,E01002644,30-08-2018,2,1,2,2,33,6,3,0,0,1,0,-1,9,1
19945,77.03145182,28.46541577,1,3,2,1,4,08:45,25,E09000018,5,0,6,30,0,-1,-1,0,0,0,1,1,1,0,0,1,1,E01002631,21-09-2018,1,1,2,2,-1,-1,3,0,0,1,0,-1,9,-1
19946,77.03433981,28.41966073,1,3,2,1,3,10:00,25,E09000018,3,4,1,30,1,4,3,312,0,0,1,1,1,0,0,1,2,E01002585,30-08-2018,1,1,2,2,24,5,2,0,0,1,0,-1,9,-1
19947,77.04940516,28.50275655,1,3,2,1,6,18:32,25,E09000018,6,0,6,30,0,-1,-1,0,0,0,1,1,1,0,0,1,1,E01002672,23-09-2018,1,1,3,2,14,3,2,5,1,0,0,-1,0,1
19948,77.0121051,28.49813897,1,3,3,1,4,11:30,25,E09000018,3,4,1,30,1,4,3,315,0,0,1,1,1,0,0,1,1,E01002580,21-09-2018,1,1,1,2,49,8,3,0,0,0,0,-1,9,1
19949,77.03847272,28.41675417,1,3,2,1,3,17:00,25,E09000018,3,3063,6,30,3,4,6,0,0,0,1,1,1,0,0,1,1,E01002664,06-09-2018,2,1,1,1,16,4,3,0,0,0,0,-1,1,1
19950,77.06708558,28.45063388,1,3,2,1,3,18:05,25,E09000018,3,244,6,30,3,4,6,0,0,0,1,1,1,0,0,1,1,E01002601,13-09-2018,2,1,1,1,13,3,3,0,0,0,0,-1,1,-1
19951,77.04607303,28.41483361,1,2,2,1,4,09:27,25,E09000018,3,3063,6,30,3,4,6,0,0,0,1,1,1,0,0,1,1,E01002647,28-09-2018,1,1,3,1,10,2,2,10,9,0,0,-1,0,1
19952,77.06070224,28.46935858,1,3,2,1,3,13:52,24,E09000027,3,3063,6,30,6,2,3,314,0,5,1,1,1,0,0,1,1,E01003840,13-09-2018,1,1,1,1,37,7,3,0,0,0,0,-1,9,1
19953,77.0112659,28.493166,1,2,2,1,2,13:40,25,E09000018,3,312,3,50,6,2,5,0,0,0,1,1,1,0,0,1,1,E01002633,26-09-2018,1,2,1,1,49,8,3,0,0,0,0,-1,9,1
19954,77.08183324,28.44291367,1,2,2,1,1,00:29,25,E09000018,3,4,6,30,6,2,5,0,0,0,4,1,1,0,0,1,1,E01002623,11-09-2018,2,1,2,1,14,3,3,0,0,1,0,-1,9,1
19955,77.01527755,28.43882377,1,2,2,1,4,07:45,25,E09000018,3,4,1,40,1,2,3,316,0,0,1,1,1,0,0,1,1,E01002569,21-09-2018,1,1,2,1,57,9,3,0,0,1,0,-1,9,1
19956,77.08764835,28.49599766,1,3,2,1,4,12:30,25,E09000018,3,315,6,30,6,4,3,3063,0,0,1,1,1,0,0,1,2,E01002664,14-09-2018,2,2,1,1,36,7,3,0,0,0,0,-1,9,1
19957,77.07437575,28.47724152,1,3,2,1,7,16:30,26,E09000017,3,437,6,30,2,4,6,0,0,0,1,1,1,0,0,1,1,E01002448,17-09-2018,1,1,1,2,25,5,3,0,0,0,0,-1,9,1
19958,76.98061931,28.41222298,1,3,2,1,7,19:30,25,E09000018,3,3063,6,30,3,4,6,0,0,0,4,1,1,0,0,1,2,E01002647,17-09-2018,1,2,2,2,23,5,3,0,0,1,0,-1,9,1