Accident_Index,longitude,latitude,Police_Force,Accident_Severity,Number_of_Vehicles,Number_of_Casualties,Day_of_Week,Time,Local_Authority_(District),Local_Authority_(Highway),1st_Road_Class,1st_Road_Number,Road_Type,Speed_limit,Junction_Detail,Junction_Control,2nd_Road_Class,2nd_Road_Number,Pedestrian_Crossing-Human_Control,Pedestrian_Crossing-Physical_Facilities,Light_Conditions,Weather_Conditions,Road_Surface_Conditions,Special_Conditions_at_Site,Carriageway_Hazards,Urban_or_Rural_Area,Did_Police_Officer_Attend_Scene_of_Accident,LSOA_of_Accident_Location,Date,Vehicle_Reference,Casualty_Reference,Casualty_Class,Sex_of_Casualty,Age_of_Casualty,Age_Band_of_Casualty,Casualty_Severity,Pedestrian_Location,Pedestrian_Movement,Car_Passenger,Bus_or_Coach_Passenger,Pedestrian_Road_Maintenance_Worker,Casualty_Type,Casualty_Home_Area_Type
19959,76.97846841,28.41886682,1,3,2,2,7,21:40,25,E09000018,3,4,3,30,6,4,3,312,0,0,4,1,1,0,0,1,2,E01002585,17-09-2018,1,1,1,1,30,6,3,0,0,0,0,-1,9,1
19960,77.04597527,28.42345197,1,3,2,1,6,17:35,25,E09000018,6,0,6,30,6,4,6,0,0,0,1,1,1,0,0,1,2,E01002661,23-09-2018,2,1,1,1,21,5,3,0,0,0,0,-1,9,1
19961,77.10132661,28.45436888,1,3,2,1,4,18:48,25,E09000018,3,315,6,30,0,-1,-1,0,0,0,1,2,2,0,0,1,2,E01002559,24-08-2018,1,1,3,1,44,7,3,5,9,0,0,-1,0,1
19962,77.05086609,28.47887508,1,3,2,1,1,19:50,25,E09000018,3,4,3,30,0,-1,-1,0,0,0,4,1,1,0,0,1,2,E01002680,28-08-2018,2,1,1,1,32,6,3,0,0,0,0,-1,5,1
19963,77.02844802,28.49454269,1,3,2,1,7,01:34,25,E09000018,3,4,3,30,6,2,6,0,0,5,4,1,1,0,0,1,1,E01002584,01-10-2018,1,1,3,1,18,4,3,5,2,0,0,-1,0,1
19964,77.08581397,28.46866802,1,3,1,1,3,11:29,25,E09000018,3,315,6,30,6,2,3,3005,0,5,1,1,1,0,0,1,1,E01002644,13-09-2018,2,1,1,2,67,10,3,0,0,0,0,-1,9,1
19965,77.04611355,28.46142877,1,3,2,1,6,08:05,25,E09000018,3,3000,6,30,3,4,6,0,0,0,1,1,1,0,0,1,1,E01002580,16-09-2018,1,2,1,2,31,6,3,0,0,0,0,-1,9,1
19966,77.07108374,28.46117575,1,3,1,1,3,18:32,25,E09000018,6,0,6,30,3,4,6,0,0,0,1,1,1,0,0,1,1,E01002618,27-09-2018,2,1,2,2,47,8,3,0,0,1,0,-1,9,1
19967,77.07831652,28.44787239,1,3,2,1,1,13:00,25,E09000018,3,3063,3,40,5,4,3,4,0,0,1,1,1,0,0,1,1,E01002621,02-10-2018,1,1,3,2,-1,-1,2,5,1,0,0,-1,0,-1
19968,76.98029613,28.43139699,1,3,2,1,3,16:45,25,E09000018,3,315,6,30,3,4,6,0,0,0,1,1,1,0,0,1,2,E01002688,20-09-2018,1,1,1,2,54,8,3,0,0,0,0,-1,9,1
19969,77.0909171,28.50172399,1,3,2,1,3,20:20,25,E09000018,3,4,6,30,3,4,6,0,0,7,4,1,1,0,0,1,1,E01002690,04-10-2018,1,2,2,1,-1,-1,3,0,0,2,0,-1,9,-1
19970,76.99169062,28.46431924,1,3,2,1,5,08:05,25,E09000018,3,312,1,30,1,2,3,312,0,5,1,1,1,0,0,1,2,E01002637,02-06-2018,1,3,2,1,-1,-1,3,0,0,2,0,-1,9,-1
19971,77.05512753,28.4369155,1,3,2,1,5,19:00,25,E09000018,3,3002,6,30,3,4,6,0,0,0,6,1,1,0,0,1,3,E01002563,06-10-2018,1,1,1,2,53,8,3,0,0,0,0,-1,9,1
19972,76.97412822,28.50155669,1,3,2,1,5,19:33,25,E09000018,6,0,6,30,0,-1,-1,0,0,0,4,1,1,0,0,1,1,E01002604,22-09-2018,1,1,2,1,61,9,3,0,0,1,0,-1,9,1
19973,76.9977492,28.41966597,1,3,2,1,3,16:50,25,E09000018,3,315,1,30,1,4,3,4,0,0,1,1,1,0,0,1,2,E01002692,30-08-2018,2,1,1,1,42,7,3,0,0,0,0,-1,9,-1
19974,77.08778939,28.46417929,1,3,2,1,4,13:15,25,E09000018,3,312,1,30,1,4,3,316,0,1,1,1,1,0,0,1,2,E01002605,21-09-2018,1,1,1,1,-1,-1,3,0,0,0,0,-1,9,2
19975,76.99525898,28.50310719,1,2,1,1,7,00:38,25,E09000018,3,4,3,30,0,-1,-1,0,0,0,4,2,2,0,0,1,1,E01002585,01-10-2018,1,1,3,1,33,6,3,10,9,0,0,-1,0,1
19976,76.99183638,28.48261645,1,3,2,3,7,17:00,25,E09000018,6,0,6,30,3,4,6,0,0,0,1,1,1,0,0,1,2,E01002617,24-09-2018,1,1,1,2,25,5,3,0,0,0,0,-1,9,1
19977,77.05620854,28.41962297,1,3,2,2,3,13:00,25,E09000018,3,4,3,50,6,2,6,0,0,5,1,1,1,0,0,1,2,E01002680,27-09-2018,1,1,3,2,30,6,3,1,1,0,0,-1,0,-1
19978,77.0891446,28.46375017,1,3,2,1,2,19:15,25,E09000018,3,315,6,30,3,4,6,0,0,0,4,1,1,0,0,1,2,E01002650,03-10-2018,1,1,3,1,12,3,3,5,1,0,0,-1,0,1
19979,76.99106768,28.49396592,1,3,2,2,1,12:20,26,E09000017,3,30,3,30,6,2,5,0,0,5,1,1,1,0,0,1,1,E01002444,02-10-2018,1,2,1,2,44,7,3,0,0,0,0,-1,9,1
19980,77.09230907,28.42300754,1,3,2,3,1,19:58,25,E09000018,3,3005,6,30,2,1,3,3005,0,0,5,9,1,0,0,1,1,E01002626,09-10-2018,1,1,1,1,52,8,3,0,0,0,0,-1,5,1
19981,76.98614004,28.43059156,1,3,2,1,6,12:25,25,E09000018,4,363,6,30,3,4,5,0,0,0,1,1,1,0,0,1,2,E01002640,23-09-2018,1,2,2,2,51,8,3,0,0,0,0,-1,5,1
19982,77.01605014,28.40873364,1,3,1,1,4,17:00,25,E09000018,4,3377,6,30,3,1,6,0,0,0,1,2,2,0,0,1,1,E01002603,12-10-2018,1,1,1,1,26,6,3,0,0,0,0,-1,19,1
19983,77.04764936,28.4850864,1,3,3,3,4,20:23,26,E09000017,3,30,3,50,0,-1,-1,0,0,0,4,2,2,0,0,1,1,E01002443,12-10-2018,1,2,2,2,26,6,3,0,0,0,0,-1,19,1
19984,77.0592411,28.4707016,1,2,3,2,7,10:55,25,E09000018,6,0,6,30,8,4,6,0,0,0,1,1,1,0,0,1,1,E01002615,15-10-2018,2,1,1,1,32,6,3,0,0,0,0,-1,1,1
19985,76.97320177,28.40350688,1,3,2,1,7,08:05,25,E09000018,4,377,6,60,6,2,3,244,0,0,1,1,1,0,0,1,1,E01002601,15-10-2018,3,1,2,2,65,9,3,0,0,1,0,-1,9,1
19986,76.97690226,28.47090654,1,3,2,1,7,01:15,25,E09000018,3,406,6,40,0,-1,-1,0,0,0,4,1,1,0,0,1,1,E01002691,08-10-2018,3,1,1,1,46,8,3,0,0,0,0,-1,3,1
19987,76.99776953,28.41063757,1,3,2,1,5,16:17,25,E09000018,3,312,6,30,6,2,3,314,0,5,1,1,1,0,0,1,2,E01002615,06-10-2018,1,1,2,2,82,11,3,0,0,1,0,-1,9,-1
19988,77.021172,28.48920815,1,3,2,1,5,17:16,26,E09000017,6,0,1,30,1,4,6,0,0,0,1,1,1,0,0,1,1,E01002444,06-10-2018,1,1,1,2,20,4,3,0,0,0,0,-1,9,1
19989,77.06462267,28.45310096,1,2,2,1,4,14:09,25,E09000018,3,315,3,30,6,2,3,312,0,0,1,2,2,0,0,1,1,E01002595,12-10-2018,1,1,1,1,26,6,3,0,0,0,0,-1,3,1
19990,76.98631632,28.44441941,1,3,1,1,2,15:30,25,E09000018,3,315,3,30,0,-1,-1,0,0,0,1,1,1,0,0,1,1,E01002648,26-09-2018,2,1,1,2,35,6,3,0,0,0,0,-1,9,1
19991,77.03920491,28.40456077,1,3,2,1,4,19:37,25,E09000018,3,205,3,30,6,4,3,205,0,4,4,2,2,0,0,1,1,E01002566,12-10-2018,1,1,3,2,68,10,3,5,9,0,0,-1,0,1
19992,77.1001099,28.47234415,1,3,3,2,2,20:15,25,E09000018,3,312,1,30,1,4,3,4,0,0,4,1,1,0,0,1,1,E01002586,19-09-2018,1,1,1,1,41,7,3,0,0,0,0,-1,3,1
19993,77.10326808,28.4495241,1,3,2,1,4,08:05,24,E09000027,3,314,6,30,3,4,6,0,0,0,1,1,2,0,0,1,1,E01003843,19-10-2018,1,1,3,2,4,1,2,5,1,0,0,-1,0,1
19994,77.07873959,28.46593796,1,3,2,1,3,15:48,26,E09000017,5,0,6,30,7,2,3,30,0,0,1,1,1,0,0,1,1,E01002444,11-10-2018,1,1,1,2,-1,-1,3,0,0,0,0,-1,1,1
19995,77.04898788,28.46020621,1,3,1,1,4,11:00,25,E09000018,4,363,6,30,3,4,6,0,0,0,1,1,1,0,0,1,1,E01002639,05-10-2018,1,1,1,2,28,6,3,0,0,0,0,-1,1,-1
19996,77.00992255,28.43429736,1,3,1,1,5,06:29,25,E09000018,3,4,3,40,1,4,3,312,0,0,4,2,2,0,0,1,1,E01002585,13-10-2018,1,1,2,1,37,7,3,0,0,1,0,-1,9,1
19997,77.04597011,28.45787913,1,3,2,1,3,07:30,25,E09000018,3,4,3,30,0,-1,-1,0,0,0,1,1,1,0,0,1,1,E01002585,18-10-2018,2,1,1,1,30,6,3,0,0,0,0,-1,4,1
19998,77.02609713,28.42686709,1,3,2,1,4,17:29,25,E09000018,6,0,6,30,8,4,3,315,0,0,1,1,1,0,0,1,2,E01002642,12-10-2018,1,1,1,2,33,6,3,0,0,0,0,-1,9,1
19999,77.03161091,28.50600654,1,3,1,1,5,15:58,25,E09000018,3,312,6,30,0,-1,-1,0,0,5,1,1,1,0,0,1,1,E01002593,13-10-2018,1,1,1,1,26,6,3,0,0,0,0,-1,9,1
20000,77.05594938,28.48151993,1,3,1,1,2,08:32,25,E09000018,6,0,6,30,8,4,6,0,0,0,1,1,1,0,0,1,1,E01002612,10-10-2018,1,1,1,2,49,8,3,0,0,0,0,-1,9,1
20001,77.09822761,28.50503633,1,3,2,1,4,17:55,25,E09000018,6,0,6,30,3,4,6,0,0,0,4,2,2,0,0,1,1,E01002609,19-10-2018,1,1,1,1,26,6,3,0,0,0,0,-1,9,1
20002,77.02786031,28.49030279,1,3,1,1,6,13:58,25,E09000018,3,205,6,30,0,-1,-1,0,0,0,1,1,1,0,0,1,1,E01002566,07-10-2018,1,1,1,1,46,8,3,0,0,0,0,-1,9,1
20003,77.00319895,28.45438963,1,3,2,1,1,13:30,25,E09000018,3,4,6,30,6,2,3,4,0,0,1,1,1,0,0,1,2,E01002675,09-10-2018,1,1,3,2,30,6,3,5,1,0,0,-1,0,-1
20004,77.07602234,28.49369901,1,3,2,1,1,07:35,25,E09000018,3,314,6,30,6,2,3,3005,0,0,1,1,1,0,0,1,1,E01002649,16-10-2018,1,1,1,1,27,6,3,0,0,0,0,-1,9,-1
20005,77.03607015,28.41960475,1,3,2,1,1,12:15,25,E09000018,3,3006,6,30,0,-1,-1,0,0,8,1,1,1,0,0,1,1,E01002661,09-10-2018,1,1,1,2,41,7,3,0,0,0,0,-1,9,1
20006,76.99876803,28.43682417,1,3,1,1,6,18:46,25,E09000018,3,406,6,40,3,4,6,0,0,0,4,1,1,0,0,1,1,E01002691,07-10-2018,1,1,1,1,17,4,3,0,0,0,0,-1,3,1
20007,77.06322519,28.47952116,1,3,1,1,6,09:16,25,E09000018,5,0,6,30,0,-1,-1,0,0,0,1,1,1,0,0,1,1,E01002576,14-10-2018,1,1,3,1,10,2,3,5,4,0,0,-1,0,1
20008,76.99927539,28.4756861,1,3,1,1,6,21:55,25,E09000018,3,3006,6,30,6,2,5,0,0,0,4,1,1,0,0,1,1,E01002661,21-10-2018,1,1,2,1,80,11,3,0,0,1,0,-1,9,1
20009,77.04153652,28.40573857,1,2,2,1,3,19:30,25,E09000018,3,310,6,30,3,4,6,0,0,0,4,1,1,0,0,1,1,E01002670,18-10-2018,1,1,1,2,22,5,3,0,0,0,0,-1,9,-1
20010,76.98507325,28.41685413,1,3,2,1,5,13:57,25,E09000018,4,3377,6,30,3,4,6,0,0,0,1,1,1,0,0,1,1,E01002612,20-10-2018,1,2,2,1,3,1,3,0,0,1,0,-1,9,-1
20011,76.99671316,28.44220106,1,3,4,1,6,18:30,25,E09000018,1,4,3,30,5,2,3,312,0,0,1,1,1,0,0,1,1,E01002637,10-06-2018,1,1,1,1,41,7,3,0,0,0,0,-1,10,1
20012,77.0381395,28.41528222,1,3,3,3,3,07:42,25,E09000018,3,4,1,30,1,4,3,312,0,0,1,1,1,0,0,1,1,E01002585,04-10-2018,1,2,2,2,-1,-1,3,0,0,0,0,-1,10,-1
20013,77.03362228,28.41442001,1,3,1,1,7,09:30,25,E09000018,3,312,6,30,6,2,3,314,0,5,1,1,1,0,0,1,1,E01002615,22-10-2018,1,3,2,2,-1,-1,3,0,0,0,0,-1,10,-1
20014,76.99832304,28.43126988,1,3,2,1,4,07:11,25,E09000018,3,315,6,30,6,4,6,0,0,0,4,1,1,0,0,1,1,E01002683,26-01-2018,1,4,2,2,-1,-1,3,0,0,0,0,-1,10,-1
20015,77.09057762,28.47464043,1,3,1,3,7,02:09,25,E09000018,6,0,6,30,3,4,6,0,0,0,4,2,2,0,0,1,1,E01002619,22-10-2018,1,5,2,1,-1,-1,3,0,0,0,0,-1,10,-1
20016,77.01640975,28.50211832,1,3,2,1,1,13:35,25,E09000018,5,0,6,30,0,-1,-1,0,0,0,1,1,1,0,0,1,1,E01002637,23-10-2018,1,6,2,1,-1,-1,3,0,0,0,0,-1,10,-1
20017,77.08093553,28.49715176,1,3,2,3,5,09:24,25,E09000018,4,454,1,30,2,4,6,0,0,0,1,1,1,0,0,1,1,E01002678,20-10-2018,1,1,1,2,39,7,3,0,0,0,0,-1,9,1
20018,77.04985995,28.45548282,1,3,2,2,4,20:28,25,E09000018,3,315,6,30,3,2,4,490,0,5,4,5,2,0,0,1,1,E01002688,02-11-2018,1,2,2,2,2,1,3,0,0,1,0,-1,9,-1
20019,77.10419299,28.46310719,1,3,3,1,2,09:20,25,E09000018,3,4,3,40,5,2,6,0,0,0,1,1,2,0,0,1,1,E01002568,24-10-2018,2,1,1,1,30,6,3,0,0,0,0,-1,9,1
20020,77.03304293,28.48594066,1,3,1,1,3,15:26,25,E09000018,3,3063,6,30,3,4,6,0,0,0,1,1,1,0,0,1,1,E01002652,18-10-2018,1,1,1,1,42,7,3,0,0,0,0,-1,9,1
20021,77.06773847,28.40507952,1,3,2,1,1,19:00,25,E09000018,3,315,6,30,3,4,6,0,0,0,4,1,1,0,0,1,2,E01002664,16-10-2018,1,2,2,2,-1,-1,3,0,0,1,0,-1,9,1
20022,77.02693483,28.46889398,1,3,1,1,5,12:18,25,E09000018,3,4,3,40,0,-1,-1,0,0,0,1,2,2,0,0,1,1,E01002584,13-10-2018,1,1,1,2,36,7,3,0,0,0,0,-1,9,1
20023,77.08841964,28.50669557,1,3,2,1,5,13:10,26,E09000017,3,4,6,30,9,4,6,0,0,0,1,1,1,0,0,1,1,E01002443,20-10-2018,2,2,1,2,65,9,3,0,0,0,0,-1,9,1
20024,77.02879589,28.4344264,1,3,2,1,2,08:26,27,E09000009,3,40,3,40,0,-1,-1,0,0,0,1,1,1,0,0,1,1,E01001263,31-10-2018,2,1,1,1,11,3,3,0,0,0,0,-1,1,1
20025,77.04380931,28.45195059,1,2,2,2,1,09:09,25,E09000018,6,0,3,30,3,2,3,315,0,5,1,1,1,0,0,1,1,E01002589,30-10-2018,1,1,2,2,43,7,3,0,0,1,0,-1,9,1
20026,77.02082479,28.48577328,1,3,1,1,7,00:27,25,E09000018,3,315,6,30,3,4,6,0,0,0,4,2,2,0,0,1,1,E01002557,29-10-2018,1,1,1,1,32,6,3,0,0,0,0,-1,19,1
20027,76.99724953,28.40660847,1,2,2,1,1,09:10,25,E09000018,3,406,3,30,0,-1,-1,0,0,0,1,1,1,0,0,1,1,E01002691,23-10-2018,2,2,1,1,37,7,3,0,0,0,0,-1,9,1
20028,77.10007904,28.50570976,1,3,2,1,4,09:10,25,E09000018,3,4,3,40,0,-1,-1,0,0,0,1,1,2,0,0,1,1,E01002564,02-11-2018,1,1,3,1,-1,-1,3,10,9,0,0,-1,0,-1
20029,77.01196905,28.45723509,1,3,2,1,2,16:55,25,E09000018,6,0,6,30,0,-1,-1,0,0,0,1,1,1,0,0,1,1,E01002631,24-10-2018,2,1,1,1,45,7,3,0,0,0,0,-1,9,1
20030,77.09732421,28.41360703,1,2,1,2,3,11:18,25,E09000018,3,315,6,30,0,-1,-1,0,0,0,1,1,1,0,0,1,1,E01002643,25-10-2018,1,1,2,2,87,11,3,0,0,1,0,-1,9,-1
20031,76.99721851,28.47924239,1,3,1,1,3,06:46,25,E09000018,3,316,3,40,6,2,5,0,0,5,1,2,2,0,0,1,1,E01002579,01-11-2018,2,1,1,1,62,9,3,0,0,0,0,-1,9,-1
20032,77.10055141,28.45703675,1,3,2,1,2,15:45,25,E09000018,3,4,3,40,6,2,3,3002,0,5,1,1,1,0,0,1,2,E01002565,17-10-2018,1,1,1,2,46,8,3,0,0,0,0,-1,9,1
20033,76.98252122,28.43754455,1,3,3,1,3,17:30,25,E09000018,3,4,3,30,0,-1,-1,0,0,0,4,1,1,0,0,1,2,E01002621,01-11-2018,2,2,1,1,22,5,3,0,0,0,0,-1,9,1
20034,77.07269263,28.45971704,1,3,4,1,3,15:50,25,E09000018,3,4,3,40,6,4,6,0,0,0,4,1,1,0,0,1,1,E01002622,01-11-2018,1,1,1,1,20,4,3,0,0,0,0,-1,9,1
20035,77.09988878,28.50107403,1,3,2,3,6,10:37,25,E09000018,3,244,6,30,3,4,6,0,0,1,1,1,2,0,0,1,1,E01002593,28-10-2018,1,1,2,2,13,3,2,0,0,2,0,-1,9,1
20036,76.99100324,28.50255271,1,3,2,2,3,13:25,25,E09000018,3,205,6,30,0,-1,-1,0,0,0,1,1,1,0,0,1,1,,25-10-2018,1,1,1,2,33,6,3,0,0,0,0,-1,9,1
20037,77.0141537,28.44115005,1,3,2,1,4,18:31,25,E09000018,4,363,6,30,2,4,6,0,0,0,4,1,1,0,0,1,1,E01002643,26-10-2018,1,2,2,2,-1,-1,3,0,0,0,0,-1,9,1
20038,77.0109716,28.49191514,1,3,2,1,3,19:07,25,E09000018,3,312,3,30,6,2,6,0,0,5,4,1,1,0,0,1,3,E01002633,01-11-2018,1,1,1,2,60,9,3,0,0,0,0,-1,9,1
20039,77.06907247,28.41417388,1,3,2,1,5,08:30,25,E09000018,5,0,6,30,3,4,6,0,0,0,1,1,1,0,0,1,2,E01002688,27-10-2018,1,2,2,2,-1,-1,3,0,0,1,0,-1,9,1
20040,76.97715946,28.4710695,1,3,2,1,3,10:00,25,E09000018,1,4,3,60,0,-1,-1,0,0,0,1,1,1,0,0,1,1,E01002565,01-11-2018,2,1,1,1,-1,-1,3,0,0,0,0,-1,1,-1
20041,77.06624899,28.42763662,1,2,5,4,7,23:45,25,E09000018,3,244,6,30,6,2,6,0,0,0,4,1,1,0,0,1,1,E01002598,27-08-2018,2,1,1,1,26,6,3,0,0,0,0,-1,9,1
20042,76.97639826,28.45860475,1,3,4,3,2,08:50,25,E09000018,3,315,6,30,6,4,3,314,0,0,1,8,2,0,0,1,1,E01002644,31-10-2018,2,2,2,2,27,6,3,0,0,1,0,-1,9,1
20043,77.09284237,28.42110796,1,3,2,1,1,13:00,25,E09000018,3,244,6,30,0,-1,-1,0,0,0,1,1,1,0,0,1,2,E01002594,30-10-2018,1,1,1,1,46,8,3,0,0,0,0,-1,9,1
20044,77.08942095,28.42897122,1,3,3,1,7,00:46,25,E09000018,3,30,3,50,6,2,3,312,0,0,4,1,1,0,0,1,1,E01002588,29-10-2018,2,2,1,2,44,7,3,0,0,0,0,-1,9,1
20045,77.0320966,28.44760716,1,3,2,1,6,08:30,25,E09000018,3,3006,6,30,3,4,6,0,0,0,1,1,1,0,0,1,1,E01002660,04-11-2018,1,1,1,1,-1,-1,3,0,0,0,0,-1,9,1
20046,77.08033372,28.45364469,1,3,2,1,2,20:43,25,E09000018,3,315,6,30,3,2,4,455,0,0,4,2,2,0,0,1,1,E01002685,31-10-2018,2,1,1,1,43,7,3,0,0,0,0,-1,9,1
20047,77.06729385,28.42513043,1,3,2,1,7,21:00,25,E09000018,3,314,6,30,3,4,6,0,0,0,4,1,1,0,0,1,1,E01002651,05-11-2018,2,1,1,2,21,5,3,0,0,0,0,-1,1,1
20048,76.99475414,28.46435562,1,3,2,3,2,07:55,25,E09000018,6,0,6,30,3,4,6,0,0,0,1,1,2,0,0,1,1,E01002598,07-11-2018,1,1,1,2,68,10,3,0,0,0,0,-1,9,1
20049,77.10150935,28.46937275,1,3,1,2,1,22:19,25,E09000018,3,4,3,40,0,-1,-1,0,0,0,4,1,1,0,0,1,1,E01002566,06-11-2018,1,2,2,2,-1,-1,3,0,0,1,0,-1,9,1
20050,76.97503605,28.50311231,1,3,2,2,2,14:50,25,E09000018,3,312,6,30,0,-1,-1,0,0,0,1,1,1,0,0,1,1,E01002615,14-11-2018,2,1,1,1,26,6,3,0,0,0,0,-1,5,2
20051,77.01316474,28.43916082,1,3,2,1,5,22:35,25,E09000018,3,315,6,30,0,-1,-1,0,0,0,4,2,2,0,0,1,1,E01002677,10-11-2018,1,1,1,1,39,7,3,0,0,0,0,-1,1,1
20052,76.99287053,28.4260737,1,2,2,1,3,10:10,25,E09000018,3,315,6,30,3,4,6,0,0,0,1,1,1,0,0,1,1,E01002692,01-11-2018,2,1,2,2,75,10,3,0,0,1,0,-1,9,1
20053,76.97349135,28.43561233,1,3,2,1,4,18:35,25,E09000018,3,4,3,40,8,4,6,0,0,0,4,2,2,6,0,1,1,E01002679,02-11-2018,1,1,2,2,50,8,3,0,0,0,4,-1,11,1
20054,77.07217119,28.40592291,1,3,2,1,6,20:10,26,E09000017,3,30,3,30,6,2,5,0,0,0,4,1,1,0,0,1,1,E01002444,04-11-2018,1,2,2,2,82,11,3,0,0,0,4,-1,11,1
20055,77.00495105,28.49158042,1,3,2,1,2,08:50,25,E09000018,3,244,6,30,3,4,6,0,0,0,1,1,1,0,0,1,2,E01002594,07-11-2018,1,1,1,2,46,8,3,0,0,0,0,-1,9,1
20056,77.01283307,28.41652764,1,2,2,1,7,23:30,25,E09000018,6,0,6,30,3,4,6,0,0,0,4,1,1,0,0,1,1,,29-10-2018,1,1,2,1,-1,-1,2,0,0,0,2,-1,11,-1
20057,77.00751735,28.50440819,1,3,2,1,5,17:45,25,E09000018,3,315,6,30,0,-1,-1,0,0,0,4,1,1,0,0,1,1,E01002681,03-11-2018,1,1,3,1,37,7,3,9,5,0,0,-1,0,1
20058,76.97588024,28.42994258,1,3,2,1,4,12:10,25,E09000018,6,0,6,30,8,4,6,0,0,0,1,2,2,0,0,1,1,E01002669,02-11-2018,1,1,1,1,24,5,3,0,0,0,0,-1,9,1
20059,77.09907825,28.46771798,1,3,2,1,4,12:40,25,E09000018,3,312,3,40,0,-1,-1,0,0,0,1,1,1,0,0,1,1,E01002592,12-10-2018,1,1,2,2,26,6,3,0,0,1,0,-1,9,-1
20060,76.97279089,28.41370829,1,2,2,1,3,13:03,25,E09000018,6,0,6,30,3,4,3,3005,0,0,1,1,1,0,0,1,1,E01002641,08-11-2018,1,1,1,1,76,11,3,0,0,0,0,-1,9,1
20061,77.00266791,28.50126122,1,3,2,1,7,19:00,25,E09000018,6,0,6,30,0,-1,-1,0,0,0,1,1,1,0,0,1,1,E01002617,05-11-2018,2,2,2,1,24,5,3,0,0,1,0,-1,9,1
20062,77.08964346,28.48954789,1,3,3,2,7,09:26,25,E09000018,3,3000,6,30,0,-1,-1,0,0,0,1,1,1,0,0,1,1,E01002688,05-11-2018,3,1,1,1,41,7,3,0,0,0,0,-1,1,1
20063,77.09788402,28.40709003,1,3,3,1,2,15:20,25,E09000018,5,0,6,30,0,-1,-1,0,0,0,1,1,2,0,0,1,2,E01002559,24-10-2018,1,1,1,1,41,7,3,0,0,0,0,-1,9,1
20064,76.97218544,28.42790225,1,3,3,1,5,08:25,25,E09000018,4,409,6,40,3,4,6,0,0,0,1,1,1,0,0,1,1,E01002574,20-10-2018,1,1,2,2,18,4,3,0,0,0,3,-1,11,1
20065,76.98283566,28.4630894,1,3,2,1,6,12:30,25,E09000018,3,315,6,30,0,-1,-1,0,0,0,1,1,1,0,0,1,1,E01002594,21-10-2018,1,1,1,1,19,4,3,0,0,0,0,-1,9,1
20066,77.08528953,28.4064018,1,3,2,1,2,07:15,25,E09000018,4,455,6,30,3,4,6,0,0,0,1,1,1,0,0,1,1,E01002564,07-11-2018,2,2,1,1,63,9,3,0,0,0,0,-1,9,1
20067,77.09759673,28.48145184,1,3,3,2,6,12:45,25,E09000018,3,3063,6,30,3,4,6,0,0,0,1,1,1,0,0,1,1,E01002652,11-11-2018,1,1,2,2,21,5,3,0,0,0,2,-1,11,-1
20068,77.06656624,28.44356095,1,3,3,1,4,21:35,25,E09000018,3,312,3,30,0,-1,-1,0,0,0,4,1,1,0,0,1,3,E01002637,26-10-2018,1,1,2,2,89,11,3,0,0,0,3,-1,11,-1
20069,77.02040571,28.43404086,1,3,2,1,6,06:55,25,E09000018,1,4,3,50,0,-1,-1,0,0,0,4,2,2,0,0,1,1,E01002566,28-10-2018,1,1,2,2,-1,-1,3,0,0,1,0,-1,9,1
20070,77.08777941,28.45101458,1,3,1,1,3,16:20,25,E09000018,3,315,6,30,3,4,6,0,0,0,1,1,1,0,0,1,1,E01002692,15-11-2018,1,1,1,1,28,6,3,0,0,0,0,-1,9,1
20071,77.07457893,28.42082075,1,3,2,1,3,18:35,25,E09000018,3,30,3,50,0,-1,-1,0,0,0,4,1,1,0,0,1,1,E01002444,15-11-2018,1,1,1,1,29,6,3,0,0,0,0,-1,9,1
20072,77.01835387,28.50566581,1,3,1,1,6,08:52,25,E09000018,3,316,6,30,3,4,6,0,0,0,1,1,2,0,0,1,1,E01002571,18-11-2018,1,1,1,1,22,5,2,0,0,0,0,-1,1,1
20073,77.04385438,28.42735419,1,3,2,1,5,07:40,25,E09000018,3,315,6,30,3,4,6,0,0,5,1,1,1,0,0,1,1,E01002693,17-11-2018,1,1,1,1,35,6,2,0,0,0,0,-1,3,1
20074,77.02886539,28.43564386,1,3,2,1,2,07:15,25,E09000018,3,316,3,50,0,-1,-1,0,0,0,1,1,1,0,0,1,1,E01002606,28-11-2018,2,2,1,1,45,7,3,0,0,0,0,-1,5,1
20075,77.10427497,28.41594348,1,3,3,2,3,10:29,25,E09000018,3,4,3,40,3,4,6,0,0,0,1,2,2,0,0,1,1,E01002678,15-11-2018,2,1,1,1,22,5,3,0,0,0,0,-1,3,1
20076,77.07416562,28.42151348,1,3,2,2,2,20:55,25,E09000018,3,314,6,30,2,4,6,0,0,0,4,1,2,0,0,1,1,E01002615,28-11-2018,1,1,1,1,62,9,3,0,0,0,0,-1,9,-1
20077,76.99807555,28.44085493,1,3,1,1,6,17:59,25,E09000018,4,361,6,30,0,-1,-1,0,0,1,4,1,1,0,6,1,1,E01002649,25-11-2018,2,2,1,1,25,5,3,0,0,0,0,-1,4,1
20078,77.04370365,28.45266281,1,3,2,1,7,13:30,25,E09000018,5,0,6,30,0,-1,-1,0,0,0,1,2,2,0,0,1,1,E01002555,26-11-2018,1,1,2,1,32,6,3,0,0,1,0,-1,9,-1