Accident_Index,longitude,latitude,Police_Force,Accident_Severity,Number_of_Vehicles,Number_of_Casualties,Day_of_Week,Time,Local_Authority_(District),Local_Authority_(Highway),1st_Road_Class,1st_Road_Number,Road_Type,Speed_limit,Junction_Detail,Junction_Control,2nd_Road_Class,2nd_Road_Number,Pedestrian_Crossing-Human_Control,Pedestrian_Crossing-Physical_Facilities,Light_Conditions,Weather_Conditions,Road_Surface_Conditions,Special_Conditions_at_Site,Carriageway_Hazards,Urban_or_Rural_Area,Did_Police_Officer_Attend_Scene_of_Accident,LSOA_of_Accident_Location,Date,Vehicle_Reference,Casualty_Reference,Casualty_Class,Sex_of_Casualty,Age_of_Casualty,Age_Band_of_Casualty,Casualty_Severity,Pedestrian_Location,Pedestrian_Movement,Car_Passenger,Bus_or_Coach_Passenger,Pedestrian_Road_Maintenance_Worker,Casualty_Type,Casualty_Home_Area_Type
20442,77.03825961,28.49644505,1,3,2,1,5,12:00,23,E09000021,3,243,1,30,2,4,4,3364,0,0,1,1,1,0,0,1,3,E01002995,06-10-2018,1,1,1,1,46,8,2,0,0,0,0,-1,9,1
20443,76.98302851,28.4190407,1,3,2,1,4,08:45,23,E09000021,3,2043,6,30,3,4,5,0,0,0,1,1,1,0,0,1,2,E01002928,05-10-2018,2,2,1,1,58,9,3,0,0,0,0,-1,8,-1
20444,76.97358686,28.49852686,1,3,3,2,3,13:15,23,E09000021,3,307,6,30,3,4,6,0,0,0,1,1,1,0,0,1,1,E01002989,11-10-2018,3,3,1,1,28,6,2,0,0,0,0,-1,9,-1
20445,76.98468773,28.44539353,1,3,3,1,1,17:30,23,E09000021,3,2043,6,30,0,-1,-1,0,0,0,1,1,1,0,0,1,1,E01002977,16-10-2018,1,1,3,1,28,6,2,4,1,0,0,-1,0,-1
20446,77.01537841,28.40973483,1,3,2,1,2,22:45,23,E09000021,3,243,3,30,3,2,6,0,0,5,4,1,1,0,0,1,1,E01002941,17-10-2018,1,1,1,2,25,5,3,0,0,0,0,-1,1,1
20447,77.05624543,28.43489071,1,3,2,1,6,15:28,23,E09000021,3,243,6,30,3,4,6,0,0,0,1,1,1,0,0,1,1,E01003002,14-10-2018,1,1,3,2,15,3,2,6,9,0,0,-1,0,-1
20448,77.01463185,28.44902032,1,3,2,1,3,14:52,23,E09000021,3,2043,6,30,6,4,6,0,0,1,1,1,1,0,0,1,1,E01002982,18-10-2018,1,1,1,2,38,7,2,0,0,0,0,-1,9,1
20449,77.0551131,28.47179056,1,3,1,1,5,08:15,23,E09000021,3,243,6,30,8,4,3,3,0,0,1,1,1,0,0,1,1,E01003002,20-10-2018,1,2,3,1,38,7,2,1,3,0,0,-1,0,-1
20450,77.00509269,28.48672337,1,3,2,1,5,17:25,23,E09000021,4,3370,6,30,3,4,6,0,0,0,1,1,1,0,0,1,1,E01002987,13-10-2018,1,1,3,1,4,1,2,5,1,0,0,-1,0,1
20451,77.00222959,28.49422555,1,3,2,2,5,15:30,22,E09000024,4,282,6,30,3,4,6,0,0,0,1,1,1,0,0,1,1,E01003471,20-10-2018,1,1,1,1,25,5,2,0,0,0,0,-1,5,1
20452,76.9822792,28.48671288,1,3,2,1,6,08:17,23,E09000021,3,3,3,50,0,-1,-1,0,0,0,1,2,2,0,0,1,1,E01002919,21-10-2018,1,1,1,2,21,5,3,0,0,0,0,-1,9,1
20453,77.10523145,28.50720528,1,3,1,1,7,13:28,23,E09000021,5,0,6,30,0,-1,-1,0,0,0,1,1,2,0,0,1,1,E01002968,15-10-2018,1,1,3,1,25,5,3,5,3,0,0,-1,0,1
20454,77.05922832,28.48155482,1,3,2,1,3,09:30,23,E09000021,3,240,3,30,3,4,6,0,0,1,1,1,1,0,0,1,1,E01002996,30-08-2018,2,1,1,1,23,5,3,0,0,0,0,-1,1,1
20455,77.07194732,28.42347903,1,3,1,1,6,13:50,23,E09000021,6,0,6,30,3,4,6,0,0,0,1,1,2,0,0,1,1,E01002968,21-10-2018,1,1,1,1,49,8,3,0,0,0,0,-1,9,1
20456,77.03683639,28.48331346,1,3,2,1,6,08:08,23,E09000021,4,282,6,30,3,4,6,0,0,1,1,2,2,0,0,1,1,E01002985,28-10-2018,1,1,1,1,36,7,3,0,0,0,0,-1,5,1
20457,77.09214498,28.50195131,1,3,1,2,3,16:20,23,E09000021,5,0,6,30,3,4,6,0,0,1,1,1,1,0,0,1,1,E01002989,01-11-2018,2,1,1,1,28,6,3,0,0,0,0,-1,9,-1
20458,77.05195661,28.48041084,1,3,2,1,6,11:30,23,E09000021,3,3,1,30,1,4,3,240,0,0,1,1,1,0,0,1,2,E01003003,04-11-2018,2,2,2,1,37,7,2,0,0,1,0,-1,9,-1
20459,77.03783816,28.44175141,1,2,1,1,4,19:33,23,E09000021,6,0,6,30,0,-1,-1,0,0,0,4,2,2,0,0,1,1,E01002929,02-11-2018,2,1,1,1,19,4,2,0,0,0,0,-1,5,-1
20460,77.05770862,28.43407003,1,3,1,1,3,08:20,23,E09000021,4,282,1,30,1,4,4,283,0,0,1,1,1,0,0,1,2,E01002930,11-10-2018,2,2,2,1,16,4,2,0,0,0,0,-1,5,-1
20461,76.97268265,28.42528194,1,3,2,1,2,07:50,23,E09000021,3,2043,6,30,0,-1,-1,0,0,0,1,1,1,0,0,1,1,E01002973,07-11-2018,2,1,1,2,39,7,3,0,0,0,0,-1,4,1
20462,77.06509801,28.47983439,1,3,2,1,5,17:11,23,E09000021,6,0,1,30,1,4,3,238,0,0,1,1,1,0,0,1,1,E01002935,08-09-2018,2,1,1,1,42,7,3,0,0,0,0,-1,1,1
20463,77.08942483,28.42887325,1,3,1,1,4,16:43,23,E09000021,5,0,6,30,0,-1,-1,0,0,0,1,2,2,0,0,1,1,E01002968,24-08-2018,1,1,3,2,19,4,2,5,2,0,0,-1,0,1
20464,77.02753843,28.41504644,1,3,1,1,6,12:30,23,E09000021,3,308,6,30,0,-1,-1,0,0,0,1,1,1,0,0,1,1,E01002968,04-11-2018,1,1,3,2,64,9,1,10,9,0,0,-1,0,1
20465,77.08976508,28.44080967,1,3,2,1,2,08:35,23,E09000021,5,0,6,30,3,4,6,0,0,0,1,2,2,0,0,1,1,E01002968,31-10-2018,1,1,2,2,-1,-1,2,0,0,0,4,-1,11,-1
20466,77.01646178,28.48045616,1,3,2,1,5,10:15,23,E09000021,5,0,6,30,3,2,5,0,0,5,1,1,1,0,0,1,1,E01002971,27-10-2018,1,1,1,1,57,9,3,0,0,0,0,-1,9,1
20467,77.02760518,28.4265428,1,3,2,1,4,15:00,23,E09000021,6,0,6,30,0,-1,-1,0,0,0,1,1,1,0,0,1,1,E01002930,09-11-2018,2,2,1,1,44,7,3,0,0,0,0,-1,19,1
20468,77.09189614,28.44540709,1,3,2,1,3,18:45,23,E09000021,3,307,6,30,3,2,3,243,0,0,4,1,1,0,0,1,1,E01002988,08-11-2018,2,1,1,1,-1,-1,3,0,0,0,0,-1,5,-1
20469,77.08069102,28.45482601,1,3,1,1,6,23:55,23,E09000021,3,2043,1,30,1,4,4,283,0,0,4,1,1,0,0,1,1,E01002930,11-11-2018,2,1,1,2,32,6,3,0,0,0,0,-1,5,1
20470,76.98792381,28.41631047,1,3,2,3,7,18:50,23,E09000021,6,0,6,30,3,4,3,240,0,1,4,1,1,0,0,1,1,E01002996,12-11-2018,2,1,1,2,-1,-1,3,0,0,0,0,-1,1,-1
20471,77.06275034,28.44677178,1,3,1,1,4,15:14,22,E09000024,3,238,6,30,3,4,6,0,0,0,1,1,1,0,0,1,1,E01003423,16-11-2018,1,1,1,1,40,7,3,0,0,0,0,-1,5,-1
20472,76.99882628,28.50159449,1,3,2,1,6,12:15,23,E09000021,3,3,3,50,5,4,3,3,0,0,1,1,1,0,0,1,1,E01002919,11-11-2018,1,2,3,1,40,7,3,5,1,0,0,-1,0,-1
20473,76.9950453,28.46008415,1,3,1,1,4,14:40,23,E09000021,6,0,6,30,3,4,6,0,0,0,1,1,1,0,6,1,1,E01003004,16-11-2018,1,1,1,1,32,6,2,0,0,0,0,-1,1,1
20474,76.98802529,28.4339225,1,3,2,1,4,17:40,23,E09000021,3,3,3,50,0,-1,-1,0,0,0,1,1,2,0,0,1,1,E01002953,09-11-2018,2,1,2,2,22,5,3,0,0,2,0,-1,9,1
20475,76.99972661,28.49744143,1,2,1,1,6,23:52,23,E09000021,3,308,2,30,3,4,6,0,0,0,4,1,2,4,0,1,1,E01002968,25-11-2018,2,1,1,1,-1,-1,2,0,0,0,0,-1,4,-1
20476,76.98936687,28.50283446,1,3,3,1,3,02:34,23,E09000021,6,0,6,30,0,-1,-1,0,0,0,4,1,1,0,0,1,1,E01002967,22-11-2018,1,1,1,1,54,8,3,0,0,0,0,-1,1,1
20477,77.02480246,28.42985574,1,3,3,3,6,19:45,23,E09000021,3,3,1,40,1,2,3,3,0,5,4,8,2,0,0,1,1,E01002955,25-11-2018,1,1,1,1,17,4,3,0,0,0,0,-1,1,-1
20478,77.0609953,28.4642335,1,2,2,1,4,21:47,23,E09000021,3,240,6,30,3,4,6,0,0,0,4,2,2,0,0,1,1,E01002921,02-11-2018,1,1,3,1,43,7,3,5,1,0,0,-1,0,1
20479,77.08258336,28.49190052,1,2,3,3,6,09:20,23,E09000021,3,240,6,30,6,2,3,240,0,0,1,1,4,0,0,1,1,E01002990,18-11-2018,1,1,2,1,32,6,2,0,0,0,2,-1,11,1
20480,77.06829961,28.46674828,1,3,1,1,4,12:05,23,E09000021,5,0,6,30,0,-1,-1,0,0,0,1,1,1,0,0,1,1,E01002968,23-11-2018,2,1,1,1,24,5,1,0,0,0,0,-1,1,1
20481,77.06988693,28.47421853,1,3,2,1,5,17:55,23,E09000021,6,0,6,30,0,-1,-1,0,0,0,4,1,1,0,0,1,1,E01002945,17-11-2018,2,1,1,1,-1,-1,3,0,0,0,0,-1,5,-1
20482,77.06867398,28.46130727,1,3,2,1,6,11:30,23,E09000021,3,307,3,30,3,4,6,0,0,0,1,1,1,0,0,1,1,E01002968,25-11-2018,2,1,1,1,19,4,2,0,0,0,0,-1,3,1
20483,77.01569156,28.50039076,1,3,2,1,1,10:03,23,E09000021,3,243,6,30,6,2,4,280,0,0,1,1,1,0,0,2,1,E01002948,27-11-2018,1,1,3,1,47,8,2,1,9,0,0,-1,0,1
20484,77.04340165,28.50096179,1,3,2,1,4,17:00,23,E09000021,3,3,3,30,0,-1,-1,0,0,0,4,1,1,0,0,1,3,E01003005,09-11-2018,1,1,1,1,32,6,2,0,0,0,0,-1,4,1
20485,77.0319156,28.42501182,1,3,2,1,4,08:48,23,E09000021,3,238,6,30,6,2,5,0,0,0,1,1,1,0,0,1,1,E01002954,30-11-2018,2,1,1,2,37,7,3,0,0,0,0,-1,9,1
20486,77.10555163,28.50258554,1,2,2,1,4,17:23,23,E09000021,6,0,6,30,0,-1,-1,0,0,0,4,1,1,0,0,1,1,E01002976,30-11-2018,2,1,1,1,15,3,3,0,0,0,0,-1,2,1
20487,77.10536028,28.44753876,1,3,1,1,6,16:26,23,E09000021,3,243,6,30,3,4,6,0,0,0,4,2,2,0,0,1,1,E01002949,02-12-2018,2,2,2,1,16,4,3,0,0,0,0,-1,2,-1
20488,77.08007739,28.4834743,1,3,2,1,6,20:30,23,E09000021,3,240,6,30,3,4,6,0,0,0,4,2,2,0,0,1,1,E01002921,02-12-2018,2,1,1,2,27,6,3,0,0,0,0,-1,9,1
20489,76.98842032,28.49011497,1,2,1,1,6,16:20,23,E09000021,3,308,6,30,3,4,6,0,0,0,4,5,2,0,0,1,1,E01002952,02-12-2018,2,1,1,1,36,7,3,0,0,0,0,-1,5,1
20490,77.05452785,28.47095963,1,3,2,1,7,17:50,23,E09000021,6,0,6,30,3,4,6,0,0,0,4,1,1,0,0,1,1,E01002942,03-12-2018,1,1,1,1,24,5,3,0,0,0,0,-1,1,-1
20491,77.06583128,28.43828207,1,3,2,1,7,14:20,23,E09000021,3,243,6,30,3,4,6,0,0,0,1,1,1,0,0,1,2,E01002948,19-11-2018,2,1,1,2,29,6,3,0,0,0,0,-1,2,1
20492,76.97394968,28.49426303,1,3,2,1,2,07:57,23,E09000021,4,283,6,30,3,4,6,0,0,1,1,1,1,0,0,1,1,E01002963,28-11-2018,1,1,3,2,19,4,2,1,3,0,0,-1,0,1
20493,77.10558821,28.4614705,1,3,2,1,3,08:14,23,E09000021,6,0,6,30,0,-1,-1,0,0,0,1,1,2,0,0,1,1,E01002975,29-11-2018,1,1,1,1,36,7,3,0,0,0,0,-1,1,1
20494,77.02078374,28.42998984,1,3,2,1,4,12:35,23,E09000021,3,307,6,30,3,4,6,0,0,4,1,1,1,0,0,1,1,E01002968,30-11-2018,1,1,1,1,-1,-1,3,0,0,0,0,-1,1,1
20495,77.05537185,28.44513612,1,3,2,1,7,13:22,23,E09000021,6,0,1,30,1,4,6,0,0,0,1,1,1,0,0,1,1,E01002926,26-11-2018,1,1,3,2,58,9,3,4,2,0,0,-1,0,1
20496,77.03631325,28.45506532,1,3,1,1,5,07:20,23,E09000021,3,2043,6,30,1,4,3,3,0,1,7,1,1,0,0,1,3,E01002981,08-12-2018,2,1,1,2,32,6,3,0,0,0,0,-1,1,1
20497,77.06530903,28.43025697,1,3,1,1,5,09:00,23,E09000021,6,0,6,30,3,4,6,0,0,0,1,1,1,0,0,1,2,E01002984,01-12-2018,1,1,1,1,22,5,3,0,0,0,0,-1,5,-1
20498,77.01900433,28.4521797,1,2,2,1,1,10:34,23,E09000021,6,0,6,30,6,4,6,0,0,0,1,1,1,0,0,1,1,E01002949,11-12-2018,1,1,1,1,28,6,1,0,0,0,0,-1,3,-1
20499,77.0587285,28.46859775,1,3,2,1,2,23:50,23,E09000021,3,2043,6,30,3,4,6,0,0,0,4,1,2,0,0,1,2,E01002984,28-11-2018,1,1,1,1,45,7,3,0,0,0,0,-1,8,1
20500,77.07164952,28.41866124,1,3,2,1,6,20:20,23,E09000021,3,240,3,30,7,2,4,3364,0,5,4,1,1,0,0,1,1,E01002997,09-12-2018,2,2,1,2,23,5,3,0,0,0,0,-1,9,-1
20501,77.04113511,28.45429343,1,3,2,1,2,18:10,23,E09000021,5,0,1,30,1,4,6,0,0,0,4,1,2,0,0,1,2,E01003008,12-12-2018,2,3,2,1,26,6,2,0,0,1,0,-1,9,-1
20502,77.04074746,28.43530031,1,3,2,2,7,16:30,23,E09000021,3,243,6,30,6,2,4,280,0,5,4,1,1,0,0,2,1,E01002948,12-02-2018,2,1,1,2,27,6,2,0,0,0,0,-1,1,1
20503,77.08141704,28.48820334,1,3,2,1,4,09:30,23,E09000021,6,0,6,30,3,4,6,0,0,0,1,8,4,0,0,1,1,E01002986,07-12-2018,1,1,3,1,75,10,2,1,1,0,0,-1,0,-1
20504,77.01279235,28.47684619,1,3,2,1,7,22:12,23,E09000021,3,307,1,30,1,4,3,307,0,0,4,7,4,0,0,1,1,E01002968,10-12-2018,2,1,1,1,26,6,2,0,0,0,0,-1,1,1
20505,76.99569281,28.44629816,1,3,2,1,6,20:42,23,E09000021,4,3370,6,30,0,-1,-1,0,0,0,4,2,2,0,0,1,1,E01002987,02-12-2018,1,1,1,2,36,7,1,0,0,0,0,-1,2,1
20506,77.00719067,28.41748682,1,3,3,1,3,13:50,23,E09000021,6,0,6,30,3,4,6,0,0,0,1,1,1,0,0,1,1,E01003003,06-12-2018,1,1,3,2,26,6,2,9,9,0,0,-1,0,1
20507,76.98038047,28.4996913,1,3,2,1,1,23:25,23,E09000021,5,0,6,30,3,4,6,0,0,0,4,2,2,0,0,1,1,E01002989,18-12-2018,1,1,1,1,-1,-1,3,0,0,0,0,-1,9,-1
20508,77.06583872,28.49198514,1,3,2,1,4,16:52,23,E09000021,6,0,6,30,3,4,3,307,0,0,4,1,2,0,0,1,1,E01002965,21-12-2018,2,1,2,2,14,3,3,0,0,1,0,-1,9,1
20509,77.00303591,28.45922218,1,2,2,2,4,14:00,23,E09000021,6,0,6,30,3,4,6,0,0,0,1,1,2,0,0,1,1,E01003000,21-12-2018,2,1,1,1,43,7,3,0,0,0,0,-1,5,2
20510,77.09026975,28.48924931,1,2,1,1,1,00:50,23,E09000021,3,308,2,30,3,2,6,0,0,0,4,8,1,0,0,1,1,E01002968,25-12-2018,1,1,3,1,19,4,3,10,9,0,0,-1,0,-1
20511,76.98030718,28.4099156,1,2,4,2,7,20:00,23,E09000021,4,3363,6,30,0,-1,-1,0,0,0,4,1,1,0,0,1,1,E01002987,10-12-2018,1,1,2,2,76,11,3,0,0,1,0,-1,9,1
20512,77.01266526,28.46771975,1,3,1,1,7,16:37,23,E09000021,3,2043,6,30,3,2,3,308,0,5,4,1,1,0,0,1,1,E01002972,24-12-2018,1,1,3,1,66,10,2,4,3,0,0,-1,0,-1
20513,76.99752673,28.44103925,1,3,2,1,2,08:30,23,E09000021,3,2043,6,30,3,4,6,0,0,0,1,1,1,0,0,1,3,E01002928,05-12-2018,1,1,3,1,21,5,2,10,9,0,0,-1,0,-1
20514,77.04089493,28.44518865,1,3,2,1,3,12:32,23,E09000021,3,308,3,30,3,4,6,0,0,4,1,1,1,0,0,1,1,E01002968,20-12-2018,2,1,1,1,-1,-1,3,0,0,0,0,-1,9,-1
20515,77.07049717,28.48376818,1,3,2,1,6,18:43,23,E09000021,3,3,6,30,0,-1,-1,0,0,0,1,1,1,0,0,1,1,E01002981,26-08-2018,2,2,2,1,-1,-1,3,0,0,1,0,-1,9,-1
20516,77.03200266,28.4365493,1,3,1,1,7,08:55,23,E09000021,3,2043,3,50,5,4,3,3,0,0,1,1,1,0,0,1,1,E01002981,17-12-2018,1,1,3,1,17,4,2,1,3,0,0,-1,0,-1
20517,77.08274331,28.48285306,1,3,2,1,3,16:40,23,E09000021,3,2043,1,30,1,4,3,2043,0,1,4,1,2,0,0,1,1,E01002982,20-12-2018,1,1,1,1,39,7,3,0,0,0,0,-1,9,1
20518,76.99151585,28.46819789,1,3,2,1,6,18:10,23,E09000021,4,283,1,30,1,4,4,283,0,0,4,1,2,0,0,1,1,E01002929,30-12-2018,2,2,1,1,25,5,3,0,0,0,0,-1,9,-1
20519,77.02366834,28.49623982,1,3,2,1,5,19:03,23,E09000021,6,0,6,30,3,4,6,0,0,0,4,1,1,0,0,1,1,E01002942,22-12-2018,1,1,1,1,21,5,3,0,0,0,0,-1,1,1
20520,76.99737967,28.42117163,1,3,2,2,7,20:37,23,E09000021,3,307,6,30,3,2,3,243,0,5,4,1,1,0,0,1,1,E01002988,24-12-2018,1,1,3,2,24,5,3,6,9,0,0,-1,0,-1
20521,77.04708031,28.47032789,1,3,3,2,6,23:45,23,E09000021,3,240,1,30,1,4,3,3,0,7,4,2,2,0,0,1,1,E01003003,30-12-2018,2,1,1,1,22,5,2,0,0,0,0,-1,1,1
20522,77.07520514,28.43067253,1,3,2,1,3,08:45,24,E09000027,3,308,3,50,0,-1,-1,0,0,0,1,1,1,0,0,1,2,E01003834,23-08-2018,1,1,1,1,-1,-1,2,0,0,0,0,-1,19,-1
20523,77.0109485,28.48767412,1,3,2,1,7,12:00,22,E09000024,3,24,3,30,0,-1,-1,0,0,0,1,1,1,0,0,1,1,E01003367,01-01-2018,2,1,1,1,18,4,3,0,0,0,0,-1,3,1
20524,77.00592424,28.47290547,1,3,1,1,1,23:09,22,E09000024,3,219,6,30,0,-1,-1,0,0,0,4,2,2,0,0,1,1,E01003402,02-01-2018,2,1,1,1,48,8,3,0,0,0,0,-1,9,1
20525,77.07604872,28.41797083,1,3,2,1,5,08:45,21,E09000029,4,278,6,30,6,4,4,278,0,0,1,1,1,0,0,1,1,E01003450,13-01-2018,1,1,1,1,32,6,3,0,0,0,0,-1,3,1
20526,77.06466839,28.47882006,1,3,2,1,5,07:05,22,E09000024,5,0,6,30,3,4,6,0,0,0,1,1,1,0,0,1,1,E01003469,13-01-2018,1,1,3,2,15,3,1,1,1,0,0,-1,0,-1
20527,76.985148,28.4577751,1,3,1,1,6,21:10,22,E09000024,3,238,6,30,0,-1,-1,0,0,0,4,1,2,0,0,1,1,E01003356,21-01-2018,3,1,1,1,41,7,3,0,0,0,0,-1,21,1
20528,77.07528599,28.47306351,1,3,2,1,3,18:11,22,E09000024,4,235,6,30,3,4,6,0,0,1,4,1,2,0,0,1,1,E01003400,18-01-2018,1,1,2,1,-1,-1,3,0,0,1,0,-1,9,-1
20529,77.05149544,28.41294924,1,3,1,1,7,14:55,22,E09000024,3,238,2,30,3,4,3,238,0,4,1,1,1,0,0,1,1,E01003446,15-01-2018,1,1,1,1,25,5,3,0,0,0,0,-1,1,-1
20530,77.07975159,28.4476747,1,3,2,1,5,23:05,22,E09000024,5,0,6,30,6,4,6,0,0,0,4,2,2,0,0,1,1,E01003415,20-01-2018,2,1,1,1,27,6,3,0,0,0,0,-1,4,-1
20531,77.07704041,28.4616221,1,2,2,1,7,00:48,22,E09000024,5,0,6,30,3,4,6,0,0,0,4,1,4,0,0,1,1,E01003411,22-01-2018,2,1,1,1,26,6,2,0,0,0,0,-1,5,-1
20532,77.03154334,28.42636428,1,3,2,1,4,15:40,22,E09000024,3,24,6,30,3,4,4,285,0,4,1,1,1,0,0,1,3,E01003426,19-01-2018,1,1,1,1,20,4,1,0,0,0,0,-1,3,-1
20533,76.99119414,28.49726624,1,3,2,1,2,21:19,22,E09000024,6,0,6,30,6,4,6,0,0,0,4,8,1,0,0,1,1,E01003368,24-01-2018,1,2,2,1,20,4,2,0,0,0,0,-1,3,-1
20534,77.04981867,28.5034903,1,3,3,1,3,08:45,21,E09000029,4,278,6,30,6,4,4,278,0,0,1,1,2,0,0,1,1,E01003450,25-01-2018,2,3,1,1,-1,-1,3,0,0,0,0,-1,9,-1
20535,77.02311548,28.42173825,1,3,2,1,4,15:20,22,E09000024,3,236,6,30,0,-1,-1,0,0,0,1,1,1,0,0,1,1,E01003375,26-01-2018,1,1,3,2,45,7,3,9,8,0,0,-1,0,1
20536,77.01145507,28.46731701,1,3,2,1,4,08:34,22,E09000024,3,218,6,30,3,4,5,0,0,0,1,1,1,0,0,1,1,E01003454,26-01-2018,1,1,1,1,26,6,2,0,0,0,0,-1,4,1
20537,77.10391994,28.41956742,1,3,1,1,2,08:15,22,E09000024,5,0,6,30,0,-1,-1,0,0,5,1,1,1,0,0,1,1,E01003383,31-01-2018,1,1,1,1,-1,-1,2,0,0,0,0,-1,90,-1
20538,77.0410908,28.43041017,1,3,2,1,5,09:26,22,E09000024,3,238,6,30,8,2,6,0,0,5,1,1,1,0,0,1,1,E01003423,03-02-2018,2,2,1,1,-1,-1,2,0,0,0,0,-1,11,-1
20539,76.98881232,28.41052825,1,3,3,4,5,19:45,22,E09000024,3,236,6,30,6,4,4,272,0,4,4,1,1,0,0,1,1,E01003375,03-02-2018,1,1,1,2,33,6,3,0,0,0,0,-1,1,1
20540,76.97595471,28.43157911,1,2,1,1,5,17:09,21,E09000029,4,278,3,30,6,4,4,278,0,0,4,1,1,0,0,1,1,E01004129,03-02-2018,1,1,1,2,-1,-1,3,0,0,0,0,-1,9,-1
20541,77.04660524,28.49375818,1,3,2,1,6,08:10,22,E09000024,3,297,1,30,1,4,3,239,0,0,1,1,2,0,0,1,1,E01003453,04-02-2018,1,2,2,1,-1,-1,3,0,0,1,0,-1,9,-1
20542,77.02780212,28.5014426,1,3,2,1,3,19:35,22,E09000024,3,219,6,30,3,4,5,0,0,0,4,1,1,0,0,1,1,E01003358,08-02-2018,2,3,2,1,28,6,3,0,0,1,0,-1,9,1
20543,77.09281875,28.49113875,1,3,1,1,3,15:58,22,E09000024,5,0,6,30,6,4,6,0,0,0,1,1,1,0,0,1,1,E01003399,08-02-2018,2,6,1,1,49,8,3,0,0,0,0,-1,9,1
20544,76.98967939,28.44071511,1,3,2,1,6,21:55,22,E09000024,3,238,6,30,3,2,3,238,0,5,4,1,1,0,0,1,1,E01003428,04-02-2018,3,4,2,1,35,6,3,0,0,1,0,-1,9,1
20545,77.03304494,28.41173705,1,3,1,1,4,12:53,22,E09000024,4,272,6,30,0,-1,-1,0,0,8,1,1,2,0,0,1,1,E01003411,09-02-2018,3,5,2,2,33,6,3,0,0,2,0,-1,9,1
20546,76.99988756,28.42199863,1,3,2,1,5,13:58,21,E09000029,5,0,6,30,6,4,6,0,0,0,1,2,2,0,0,1,1,E01004184,10-02-2018,2,1,1,1,29,6,3,0,0,0,0,-1,2,1
20547,76.9961927,28.44335147,1,3,2,1,1,19:18,22,E09000024,3,217,6,30,9,4,3,217,0,0,4,2,2,0,0,1,1,E01004529,13-02-2018,2,1,1,2,19,4,3,0,0,0,0,-1,1,1
20548,77.0852066,28.48361091,1,3,2,1,5,20:40,22,E09000024,3,236,3,30,0,-1,-1,0,0,0,4,1,1,0,0,1,1,E01003375,03-02-2018,1,1,2,2,-1,-1,3,0,0,0,4,-1,11,-1
20549,76.97408183,28.4686378,1,3,5,1,6,08:04,22,E09000024,6,0,6,30,3,4,6,0,0,0,1,1,2,0,0,1,1,E01003356,11-02-2018,1,2,2,1,-1,-1,3,0,0,0,4,-1,11,-1
20550,77.05081361,28.46341717,1,3,2,1,7,14:15,23,E09000021,3,238,3,30,7,4,3,3,0,1,1,1,2,0,0,1,1,E01003445,12-02-2018,1,1,1,1,25,5,2,0,0,0,0,-1,9,1
20551,77.05078131,28.44430527,1,3,2,1,5,13:50,22,E09000024,4,235,6,30,3,2,5,0,0,5,1,2,2,0,0,1,1,E01003399,10-02-2018,2,2,1,1,-1,-1,3,0,0,0,0,-1,9,-1
20552,77.04284897,28.49161622,1,3,1,1,2,20:04,22,E09000024,3,217,3,30,3,2,3,239,0,5,4,1,1,0,0,1,1,E01003374,14-02-2018,2,3,2,1,-1,-1,3,0,0,1,0,-1,9,-1
20553,77.09578644,28.42178926,1,3,2,1,3,09:48,22,E09000024,6,0,6,30,3,4,6,0,0,0,1,1,1,0,0,1,1,E01003425,15-02-2018,1,1,3,1,95,11,2,4,1,0,0,-1,0,-1
20554,77.0538251,28.4358533,1,3,2,1,5,12:25,22,E09000024,5,0,6,30,6,4,6,0,0,0,1,2,2,0,0,1,1,E01003460,17-02-2018,1,1,3,1,20,4,2,5,3,0,0,-1,0,1
20555,76.99854553,28.42474715,1,3,2,1,5,20:50,22,E09000024,3,239,6,30,1,4,3,239,0,0,4,2,2,0,0,1,1,E01003375,17-02-2018,1,1,1,1,19,4,2,0,0,0,0,-1,9,1
20556,77.03845559,28.46480007,1,3,1,1,3,17:40,22,E09000024,5,0,6,30,0,-1,-1,0,0,0,4,1,1,0,0,1,1,E01003414,15-02-2018,1,2,2,2,19,4,3,0,0,1,0,-1,9,-1
20557,77.00553313,28.4829785,1,3,1,1,6,06:06,22,E09000024,3,219,6,30,3,4,6,0,0,0,4,1,2,0,0,1,1,E01003464,18-02-2018,1,3,2,1,27,6,3,0,0,2,0,-1,9,-1
20558,77.02624238,28.43650758,1,3,2,1,6,16:35,22,E09000024,5,0,6,30,3,4,6,0,0,0,1,2,2,0,0,1,1,E01003389,18-02-2018,1,1,3,2,35,6,1,5,2,0,0,-1,0,-1
20559,77.00238837,28.41836691,1,3,1,1,7,20:28,22,E09000024,3,238,6,30,6,4,3,219,0,5,1,1,1,0,0,1,1,E01003355,19-02-2018,1,1,3,2,50,8,2,8,9,0,0,-1,0,-1
20560,77.02660346,28.50374724,1,3,2,1,1,00:10,22,E09000024,3,218,6,30,3,4,6,0,0,0,4,1,1,0,0,1,1,E01003455,20-02-2018,2,1,1,1,40,7,3,0,0,0,0,-1,9,1
20561,77.07429014,28.44873196,1,3,2,2,1,12:15,22,E09000024,5,0,6,30,0,-1,-1,0,0,0,1,1,1,0,0,1,1,E01003454,13-02-2018,1,1,3,1,52,8,2,1,3,0,0,-1,0,-1