Accident_Index,longitude,latitude,Police_Force,Accident_Severity,Number_of_Vehicles,Number_of_Casualties,Day_of_Week,Time,Local_Authority_(District),Local_Authority_(Highway),1st_Road_Class,1st_Road_Number,Road_Type,Speed_limit,Junction_Detail,Junction_Control,2nd_Road_Class,2nd_Road_Number,Pedestrian_Crossing-Human_Control,Pedestrian_Crossing-Physical_Facilities,Light_Conditions,Weather_Conditions,Road_Surface_Conditions,Special_Conditions_at_Site,Carriageway_Hazards,Urban_or_Rural_Area,Did_Police_Officer_Attend_Scene_of_Accident,LSOA_of_Accident_Location,Date,Vehicle_Reference,Casualty_Reference,Casualty_Class,Sex_of_Casualty,Age_of_Casualty,Age_Band_of_Casualty,Casualty_Severity,Pedestrian_Location,Pedestrian_Movement,Car_Passenger,Bus_or_Coach_Passenger,Pedestrian_Road_Maintenance_Worker,Casualty_Type,Casualty_Home_Area_Type
20562,77.00727698,28.46652524,1,3,4,2,2,17:55,22,E09000024,4,279,6,30,3,4,6,0,0,0,4,3,2,0,0,1,1,E01003471,21-02-2018,1,1,1,1,71,10,3,0,0,0,0,-1,8,-1
20563,77.0700183,28.50136122,1,3,1,1,4,11:38,22,E09000024,6,0,6,30,0,-1,-1,0,0,0,1,1,1,0,0,1,1,E01003464,23-02-2018,1,1,3,1,68,10,1,5,2,0,0,-1,0,-1
20564,77.00355369,28.43075978,1,2,2,2,3,13:40,22,E09000024,5,0,6,30,3,4,6,0,0,4,1,1,2,0,0,1,1,E01003373,22-02-2018,1,1,1,1,28,6,2,0,0,0,0,-1,3,1
20565,77.08215284,28.44287996,1,3,2,1,5,08:00,22,E09000024,3,238,6,30,3,4,6,0,0,0,1,2,2,0,0,1,1,E01003359,24-02-2018,1,1,3,2,-1,-1,2,4,1,0,0,-1,0,2
20566,77.02892241,28.45936681,1,3,1,2,7,12:58,22,E09000024,3,236,6,30,3,4,6,0,0,0,1,2,2,0,0,1,1,E01003389,26-02-2018,1,2,1,1,26,6,2,0,0,0,0,-1,5,1
20567,77.05376235,28.41603996,1,3,1,1,3,21:26,22,E09000024,3,298,6,30,0,-1,-1,0,0,0,4,1,1,0,0,1,1,E01003366,01-03-2018,1,1,1,1,25,5,3,0,0,0,0,-1,4,1
20568,76.97747363,28.4642787,1,3,1,1,1,12:20,22,E09000024,3,238,6,30,6,4,5,0,0,4,1,1,2,0,0,1,1,E01003445,27-02-2018,1,1,1,1,16,4,3,0,0,0,0,-1,1,1
20569,77.05170132,28.45651903,1,3,3,1,7,09:00,22,E09000024,5,0,6,30,3,4,6,0,0,0,1,1,1,0,0,1,1,E01003373,26-02-2018,1,1,2,1,-1,-1,3,0,0,2,0,-1,9,-1
20570,77.04121793,28.47968319,1,3,1,1,5,07:50,22,E09000024,4,286,6,30,0,-1,-1,0,0,0,1,8,4,0,0,1,1,E01003361,03-03-2018,1,2,2,1,-1,-1,3,0,0,1,0,-1,9,-1
20571,77.08652535,28.49636991,1,2,2,1,6,18:15,22,E09000024,6,0,6,30,0,-1,-1,0,0,0,1,1,2,0,0,1,1,E01003461,25-02-2018,1,1,3,1,45,7,2,10,9,0,0,-1,0,1
20572,77.01956933,28.4891231,1,3,2,1,5,12:27,22,E09000024,3,236,6,30,3,4,6,0,0,1,1,1,1,0,0,1,1,E01003405,03-03-2018,1,1,3,2,41,7,3,10,9,0,0,-1,0,1
20573,77.08994719,28.41161995,1,3,7,1,7,19:21,22,E09000024,3,218,6,30,6,4,6,0,0,4,4,1,1,0,0,1,1,E01003477,26-02-2018,1,1,2,2,-1,-1,3,0,0,0,0,-1,10,-1
20574,77.04272901,28.43160196,1,3,2,1,3,17:55,22,E09000024,3,239,6,30,3,4,6,0,0,0,4,2,2,4,0,1,3,E01003375,01-03-2018,2,1,1,1,-1,-1,3,0,0,0,0,-1,9,-1
20575,77.10160956,28.40318114,1,3,2,1,4,10:08,22,E09000024,4,286,6,30,6,4,6,0,0,0,1,1,1,0,0,1,1,E01003439,09-03-2018,2,1,1,1,37,7,3,0,0,0,0,-1,9,1
20576,76.99873985,28.42993738,1,3,2,2,6,22:40,22,E09000024,4,235,6,30,0,-1,-1,0,0,0,4,1,2,4,0,1,1,E01003475,04-03-2018,1,1,1,1,-1,-1,2,0,0,0,0,-1,9,-1
20577,76.99283432,28.4951851,1,3,2,1,2,13:10,22,E09000024,3,238,6,30,3,4,5,0,0,0,1,1,1,0,0,1,1,E01003359,14-03-2018,1,2,2,1,21,5,1,0,0,1,0,-1,9,-1
20578,77.09546967,28.45387081,1,3,2,1,4,19:12,22,E09000024,4,282,6,30,9,2,6,0,0,0,4,2,2,1,0,1,1,E01003471,02-03-2018,1,3,2,2,-1,-1,2,0,0,2,0,-1,9,-1
20579,77.03639327,28.45919048,1,3,2,1,4,06:45,22,E09000024,3,217,1,30,1,2,3,216,0,0,1,1,1,0,0,1,1,E01003409,09-03-2018,2,4,1,1,-1,-1,2,0,0,0,0,-1,9,-1
20580,77.09143142,28.49515806,1,3,2,1,5,14:18,22,E09000024,3,237,6,30,3,2,6,0,0,0,1,1,1,0,1,1,1,E01003375,03-03-2018,2,5,2,1,-1,-1,2,0,0,1,0,-1,9,-1
20581,77.07969803,28.49503039,1,3,2,1,1,15:10,22,E09000024,3,217,6,30,0,-1,-1,0,0,0,1,1,1,0,0,1,1,E01003409,13-03-2018,2,6,2,1,-1,-1,2,0,0,2,0,-1,9,-1
20582,76.97527352,28.46251356,1,3,2,2,6,21:00,22,E09000024,3,217,6,30,3,4,6,0,0,0,4,1,1,0,0,1,1,E01003390,11-03-2018,2,7,2,2,-1,-1,2,0,0,2,0,-1,9,-1
20583,77.0192956,28.46461436,1,3,2,1,6,18:20,22,E09000024,3,217,1,30,1,4,3,217,0,4,4,1,1,0,0,1,1,E01003392,11-03-2018,2,8,2,2,-1,-1,2,0,0,2,0,-1,9,-1
20584,77.04982648,28.44967329,1,2,1,1,7,15:21,22,E09000024,3,219,6,30,3,2,5,0,0,5,1,1,1,0,0,1,1,E01003383,12-03-2018,2,9,2,2,-1,-1,2,0,0,2,0,-1,9,-1
20585,76.99806143,28.50225261,1,2,1,1,7,19:40,22,E09000024,4,286,6,30,0,-1,-1,0,0,0,4,1,1,0,0,1,1,E01003366,12-03-2018,3,10,1,1,41,7,2,0,0,0,0,-1,9,-1
20586,77.00874582,28.4426623,1,2,2,1,2,16:43,22,E09000024,4,272,6,30,3,4,5,0,0,0,1,1,1,0,0,1,1,E01003415,14-03-2018,1,1,3,1,76,11,2,5,3,0,0,-1,0,-1
20587,77.08199127,28.49324784,1,3,2,2,5,17:30,22,E09000024,5,0,6,30,0,-1,-1,0,0,0,1,1,1,0,0,1,1,E01003476,17-03-2018,1,1,3,2,20,4,2,5,1,0,0,-1,0,-1
20588,77.02803406,28.42169725,1,3,2,1,7,16:58,22,E09000024,6,0,6,30,3,4,6,0,0,0,1,1,1,0,0,1,1,E01003431,19-03-2018,1,1,3,1,60,9,2,1,3,0,0,-1,0,1
20589,77.0660186,28.44002512,1,3,2,1,4,12:15,22,E09000024,5,0,6,30,0,-1,-1,0,0,0,1,1,1,0,0,1,1,E01003388,16-03-2018,1,1,1,1,43,7,3,0,0,0,0,-1,1,1
20590,77.05529189,28.47849574,1,2,1,1,2,23:30,22,E09000024,3,219,6,30,3,4,6,0,0,0,4,1,1,0,0,1,1,E01003401,14-03-2018,1,1,1,2,43,7,3,0,0,0,0,-1,9,1
20591,76.97955057,28.50099746,1,3,2,1,6,01:30,22,E09000024,4,235,6,30,0,-1,-1,0,0,0,4,1,2,0,0,1,1,E01003475,11-03-2018,2,2,1,1,26,6,3,0,0,0,0,-1,9,-1
20592,77.004093,28.50585027,1,3,2,1,2,15:46,22,E09000024,3,218,6,30,3,4,5,0,0,1,1,1,1,0,0,1,1,E01003459,14-03-2018,1,1,1,1,35,6,3,0,0,0,0,-1,5,1
20593,77.03489538,28.45606229,1,3,4,1,5,06:55,22,E09000024,4,279,6,30,9,4,6,0,0,0,1,1,2,0,0,1,1,E01003421,17-03-2018,1,1,1,1,36,7,3,0,0,0,0,-1,8,1
20594,77.08024199,28.50849316,1,3,2,3,5,14:25,22,E09000024,4,278,6,30,9,4,6,0,0,0,1,1,1,0,0,1,1,E01003452,17-03-2018,1,1,3,2,-1,-1,3,6,9,0,0,-1,0,-1
20595,77.02544053,28.47210845,1,3,3,2,2,19:40,22,E09000024,3,217,6,30,3,4,6,0,0,0,4,1,1,0,0,1,1,E01003390,21-03-2018,2,1,1,1,40,7,2,0,0,0,0,-1,5,1
20596,77.09767799,28.41828608,1,3,1,1,7,15:03,22,E09000024,3,236,6,20,0,-1,-1,0,0,0,1,1,1,0,0,1,1,E01004076,12-03-2018,1,1,3,1,41,7,2,5,9,0,0,-1,0,1
20597,77.07948826,28.46872758,1,2,2,1,2,18:45,21,E09000029,4,278,6,30,6,4,4,278,0,0,4,1,1,0,0,1,1,E01003450,21-03-2018,1,1,1,1,30,6,1,0,0,0,0,-1,1,-1
20598,77.03682933,28.4650878,1,2,2,1,4,08:00,22,E09000024,6,0,6,30,3,4,3,24,0,0,1,1,1,0,0,1,1,E01003370,23-03-2018,1,1,1,1,31,6,2,0,0,0,0,-1,3,-1
20599,77.00086675,28.41125165,1,3,3,1,5,08:10,22,E09000024,6,0,6,30,3,4,6,0,0,0,1,1,1,0,0,1,3,E01003362,24-02-2018,1,1,1,1,32,6,3,0,0,0,0,-1,5,1
20600,77.06658283,28.49603041,1,3,3,1,6,19:07,22,E09000024,3,238,6,30,0,-1,-1,0,0,0,4,1,1,0,0,1,1,E01003357,25-03-2018,2,1,1,2,49,8,2,0,0,0,0,-1,3,1
20601,76.99457788,28.48798935,1,3,4,3,6,14:54,22,E09000024,5,0,6,30,3,4,6,0,0,0,1,1,1,0,0,1,1,E01003460,18-03-2018,1,1,1,1,-1,-1,3,0,0,0,0,-1,9,-1
20602,77.02772814,28.46520365,1,3,2,1,2,12:50,22,E09000024,4,279,6,30,0,-1,-1,0,0,0,1,1,1,0,0,1,2,E01003467,14-03-2018,1,1,1,2,37,7,1,0,0,0,0,-1,1,-1
20603,77.08166516,28.42308906,1,3,2,1,6,16:50,22,E09000024,4,282,6,30,6,4,3,3,0,0,4,1,1,0,0,1,3,E01003470,18-03-2018,2,1,1,1,-1,-1,3,0,0,0,0,-1,9,-1
20604,77.07183346,28.49642465,1,3,2,2,3,07:35,22,E09000024,3,238,6,30,8,4,6,0,0,0,1,1,1,0,0,1,1,E01003366,29-03-2018,1,1,3,1,40,7,2,4,3,0,0,-1,0,1
20605,77.01959812,28.49148808,1,3,2,1,5,16:51,22,E09000024,3,236,3,30,6,2,6,0,0,5,1,1,1,0,0,1,1,E01003408,24-03-2018,2,1,1,1,44,7,3,0,0,0,0,-1,5,-1
20606,77.08639975,28.49501543,1,3,2,1,7,12:30,22,E09000024,3,219,6,30,8,4,6,0,0,0,1,1,1,0,0,1,1,E01003402,26-03-2018,1,1,1,2,63,9,2,0,0,0,0,-1,9,-1
20607,76.97768506,28.44157357,1,3,2,1,1,12:30,22,E09000024,3,219,6,30,8,4,6,0,0,0,1,1,1,0,0,1,1,E01003355,03-04-2018,1,2,3,2,31,6,1,6,9,0,0,-1,0,-1
20608,77.04583928,28.41054239,1,3,2,1,4,14:20,22,E09000024,3,219,3,30,3,4,6,0,0,0,1,1,1,0,0,1,1,E01003460,23-03-2018,1,1,3,2,82,11,2,1,3,0,0,-1,0,-1
20609,76.98357547,28.45836489,1,3,2,1,2,19:20,22,E09000024,6,0,6,30,0,-1,-1,0,0,0,1,1,1,0,0,1,1,E01003422,28-03-2018,1,1,1,1,28,6,3,0,0,0,0,-1,9,1
20610,77.03998987,28.4832296,1,3,1,1,3,20:10,22,E09000024,4,286,6,30,7,2,3,24,0,5,4,2,2,0,0,1,1,E01003439,29-03-2018,1,2,2,2,26,6,3,0,0,1,0,-1,9,3
20611,76.97277782,28.50461645,1,3,3,1,5,10:00,22,E09000024,3,238,6,30,7,4,5,0,0,0,1,1,1,0,0,1,3,E01003382,24-03-2018,2,1,1,2,42,7,3,0,0,0,0,-1,3,1
20612,77.10496423,28.49789677,1,3,2,1,1,13:10,22,E09000024,3,218,6,30,3,4,5,0,0,1,1,1,1,0,0,1,1,E01003455,03-04-2018,1,1,1,1,27,6,3,0,0,0,0,-1,9,1
20613,76.97313386,28.40818007,1,3,1,1,2,19:15,22,E09000024,3,238,6,30,3,4,4,235,0,1,1,1,1,0,0,1,1,E01003446,11-04-2018,1,1,1,1,-1,-1,3,0,0,0,0,-1,9,-1
20614,77.0377463,28.50361817,1,3,2,1,5,08:30,22,E09000024,6,0,6,30,2,4,6,0,0,0,1,1,1,0,0,1,3,E01003421,10-03-2018,2,2,1,1,39,7,2,0,0,0,0,-1,9,1
20615,77.06549835,28.48299183,1,3,2,1,5,18:38,22,E09000024,3,24,3,40,0,-1,-1,0,0,0,1,1,1,0,0,1,1,E01003426,14-04-2018,1,1,1,2,-1,-1,3,0,0,0,0,-1,9,-1
20616,77.04219796,28.45407232,1,3,1,2,7,20:35,22,E09000024,3,298,3,40,0,-1,-1,0,0,0,4,1,1,0,0,1,1,E01003366,16-04-2018,1,2,2,1,-1,-1,3,0,0,1,0,-1,9,-1
20617,77.04918483,28.41224864,1,3,2,1,4,14:15,22,E09000024,5,0,6,30,6,4,6,0,0,0,1,2,2,0,0,1,1,E01003460,06-04-2018,1,1,3,2,20,4,2,1,1,0,0,-1,0,-1
20618,77.0566402,28.43928737,1,3,1,1,1,11:30,22,E09000024,3,219,6,30,0,-1,-1,0,0,0,1,1,1,0,0,1,1,E01003402,03-04-2018,1,1,3,2,51,8,2,1,1,0,0,-1,0,-1
20619,77.0071005,28.42033525,1,3,2,2,7,05:30,22,E09000024,3,24,3,30,7,4,3,297,0,0,1,1,1,0,0,1,1,E01003439,02-04-2018,2,1,1,1,-1,-1,3,0,0,0,0,-1,5,-1
20620,76.9874021,28.50234708,1,3,1,1,6,14:00,22,E09000024,3,217,6,30,0,-1,-1,0,0,4,1,1,1,0,0,1,2,E01003372,15-04-2018,1,1,1,1,-1,-1,2,0,0,0,0,-1,1,1
20621,76.99787914,28.46287339,1,3,2,1,5,17:45,22,E09000024,3,218,6,30,0,-1,-1,0,0,0,1,1,1,4,0,1,2,E01003478,14-04-2018,1,1,1,2,41,7,3,0,0,0,0,-1,9,-1
20622,77.05825867,28.46500019,1,3,2,1,5,17:45,22,E09000024,3,218,6,30,6,2,4,235,0,5,1,1,1,0,0,1,2,E01003477,14-04-2018,1,2,2,2,26,6,3,0,0,1,0,-1,9,-1
20623,77.00000214,28.45136051,1,3,2,1,4,21:53,22,E09000024,5,0,3,30,3,4,6,0,0,0,4,1,1,0,0,1,1,E01003470,20-04-2018,1,1,3,1,60,9,2,4,3,0,0,-1,0,-1
20624,77.07783592,28.5025177,1,3,1,1,1,04:30,22,E09000024,6,0,6,30,3,4,3,238,0,0,4,1,1,0,0,1,1,E01003446,17-04-2018,1,1,1,1,55,8,3,0,0,0,0,-1,1,-1
20625,77.06467881,28.48402776,1,3,2,1,4,16:15,22,E09000024,5,0,6,30,3,4,6,0,0,0,1,1,1,0,0,1,1,E01003456,13-04-2018,1,1,3,1,85,11,1,1,1,0,0,-1,0,-1
20626,77.03893711,28.48991027,1,3,2,1,1,13:28,22,E09000024,3,298,3,40,0,-1,-1,0,0,0,1,1,1,0,0,1,1,E01003381,17-04-2018,1,1,3,1,22,5,1,5,1,0,0,-1,0,-1
20627,77.05973902,28.49213546,1,3,2,2,6,21:25,22,E09000024,3,219,6,30,0,-1,-1,0,0,0,4,2,2,0,0,1,1,E01003460,15-04-2018,1,1,3,1,69,10,3,5,1,0,0,-1,0,-1
20628,77.06890335,28.42765127,1,3,2,1,3,14:59,22,E09000024,3,238,6,30,3,4,5,0,0,1,1,1,1,0,0,1,1,E01003357,19-04-2018,1,1,1,1,45,7,3,0,0,0,0,-1,1,-1
20629,77.05736276,28.40816658,1,2,2,1,7,07:30,22,E09000024,3,217,6,30,3,4,6,0,0,0,1,1,1,0,0,1,1,E01003368,16-04-2018,1,1,3,2,85,11,1,5,1,0,0,-1,0,-1
20630,77.02864847,28.41337187,1,3,3,1,7,16:10,22,E09000024,5,0,3,30,8,4,6,0,0,0,1,1,1,0,0,1,1,E01003408,16-04-2018,1,1,3,2,90,11,2,1,1,0,0,-1,0,-1
20631,77.07458566,28.45537216,1,3,2,1,4,17:35,22,E09000024,3,24,3,30,3,4,3,24,0,0,1,1,1,0,0,1,1,E01003439,13-04-2018,1,1,3,1,22,5,2,1,9,0,0,-1,0,-1
20632,76.99082207,28.44365826,1,3,2,1,5,21:22,22,E09000024,3,217,6,30,3,2,3,239,0,0,4,8,4,0,0,1,1,E01003374,03-03-2018,1,1,1,1,-1,-1,3,0,0,0,0,-1,2,-1
20633,77.07410161,28.41681159,1,3,3,1,6,14:15,23,E09000021,3,3,6,30,5,4,3,238,0,0,1,1,1,0,0,1,1,E01002953,29-04-2018,1,1,3,1,37,7,2,1,1,0,0,-1,0,-1
20634,77.10391782,28.42309485,1,3,2,1,5,08:45,22,E09000024,6,0,6,30,3,4,6,0,0,0,1,1,1,0,0,1,2,E01003425,21-04-2018,1,1,3,1,41,7,2,5,3,0,0,-1,0,-1
20635,77.07295545,28.48559834,1,3,3,2,2,16:00,22,E09000024,4,286,6,30,0,-1,-1,0,0,0,1,1,1,0,0,1,2,E01003366,18-04-2018,1,1,1,1,32,6,2,0,0,0,0,-1,3,1
20636,77.04426915,28.45221648,1,3,2,1,5,09:12,22,E09000024,3,239,6,30,9,4,6,0,0,0,1,1,1,0,0,1,3,E01003375,28-04-2018,1,1,3,1,25,5,3,5,3,0,0,-1,0,1
20637,77.04624101,28.49911529,1,3,2,2,1,13:15,22,E09000024,3,24,6,30,3,4,6,0,0,0,1,1,1,0,0,1,3,E01003370,27-02-2018,1,1,3,1,-1,-1,2,9,9,0,0,-1,0,-1
20638,77.0921139,28.44490603,1,3,1,1,5,17:44,21,E09000029,6,0,6,30,0,-1,-1,0,0,0,1,1,1,0,0,1,1,E01004124,28-04-2018,1,1,3,1,53,8,2,5,1,0,0,-1,0,1
20639,77.10312462,28.47532681,1,3,2,1,5,08:45,22,E09000024,3,238,6,30,3,4,6,0,0,0,1,1,1,0,0,1,2,E01003446,07-04-2018,1,1,1,1,28,6,1,0,0,0,0,-1,5,1
20640,77.067712,28.41544276,1,3,1,1,1,14:25,22,E09000024,3,238,6,30,3,2,6,0,0,5,1,1,1,0,0,1,1,E01003357,08-05-2018,1,2,2,2,20,4,1,0,0,0,0,-1,5,-1
20641,77.05554528,28.4257852,1,3,2,1,6,23:30,22,E09000024,3,238,6,30,3,4,6,0,0,0,4,2,2,0,0,1,1,E01003366,06-05-2018,1,1,1,1,84,11,1,0,0,0,0,-1,90,1
20642,77.08541607,28.40450819,1,3,1,1,6,10:45,22,E09000024,5,0,6,30,0,-1,-1,0,0,0,1,1,1,0,0,1,2,E01003469,06-05-2018,1,1,3,2,5,1,1,6,9,0,0,-1,0,-1
20643,77.06305041,28.47979754,1,3,1,1,2,13:30,22,E09000024,3,238,6,30,0,-1,-1,0,0,0,1,1,1,0,0,1,2,E01003381,09-05-2018,1,1,1,1,39,7,3,0,0,0,0,-1,9,1
20644,77.025578,28.41366452,1,3,2,1,5,17:00,22,E09000024,5,0,6,30,3,4,6,0,0,0,1,1,1,0,0,1,1,E01003412,21-04-2018,1,1,1,1,26,6,3,0,0,0,0,-1,5,1
20645,76.98213716,28.45267346,1,3,2,1,7,08:02,22,E09000024,5,0,1,30,1,4,6,0,0,0,1,1,1,0,0,1,1,E01003450,07-05-2018,1,2,3,2,52,8,1,5,2,0,0,-1,0,-1
20646,77.00906266,28.46733077,1,2,1,1,6,19:00,22,E09000024,3,218,6,30,3,4,6,0,0,0,1,1,1,0,0,1,1,E01003478,13-05-2018,1,1,1,1,28,6,2,0,0,0,0,-1,5,1
20647,77.02001262,28.49774722,1,3,2,1,2,15:30,22,E09000024,3,236,3,30,3,4,6,0,0,0,1,2,2,0,0,1,1,E01003405,16-05-2018,1,1,3,1,-1,-1,3,9,5,0,0,-1,0,-1
20648,77.0165528,28.46314449,1,3,2,1,6,15:51,22,E09000024,3,24,6,30,0,-1,-1,0,0,0,1,1,1,0,0,1,1,E01003357,13-05-2018,2,1,1,1,58,9,1,0,0,0,0,-1,1,-1
20649,77.04905862,28.4145718,1,3,2,1,6,08:15,22,E09000024,3,24,6,30,3,4,6,0,0,0,1,1,1,0,0,1,2,E01003356,20-05-2018,1,1,1,1,38,7,2,0,0,0,0,-1,9,-1
20650,76.99979669,28.48232577,1,3,2,1,7,09:18,22,E09000024,3,217,6,30,3,2,6,0,0,5,1,1,1,0,0,1,1,E01003437,14-05-2018,1,1,1,1,19,4,2,0,0,0,0,-1,4,1
20651,76.97801011,28.40386738,1,3,1,1,6,10:36,22,E09000024,6,0,6,30,0,-1,-1,0,0,0,1,1,1,0,0,1,2,E01003471,06-05-2018,2,1,1,1,41,7,3,0,0,0,0,-1,4,-1
20652,77.06580593,28.47658833,1,2,2,2,2,19:09,22,E09000024,3,237,6,30,3,4,3,239,0,0,1,1,1,0,0,1,1,E01003375,09-05-2018,1,1,2,2,65,9,3,0,0,0,4,-1,11,1
20653,77.03878932,28.47144915,1,3,2,1,6,08:30,22,E09000024,5,0,6,30,3,4,5,0,0,0,1,1,1,0,0,1,1,E01003409,13-05-2018,1,3,2,1,-1,-1,2,0,0,1,0,-1,9,-1
20654,76.99980031,28.50355869,1,3,2,1,2,09:20,22,E09000024,3,236,6,30,7,2,3,217,0,5,1,1,1,0,0,1,2,E01003379,16-05-2018,1,4,1,1,33,6,1,0,0,0,0,-1,9,-1
20655,77.05983881,28.42789932,1,3,2,1,5,14:50,22,E09000024,3,238,6,30,0,-1,-1,0,0,0,1,2,2,0,0,1,1,E01003423,19-05-2018,2,1,2,2,25,5,3,0,0,1,0,-1,9,1
20656,76.99209595,28.41795871,1,3,4,2,2,07:45,21,E09000029,3,237,6,30,3,4,5,0,0,0,1,1,1,0,0,1,1,E01003375,23-05-2018,2,2,1,2,-1,-1,3,0,0,0,0,-1,9,-1
20657,77.01760886,28.48209099,1,3,1,1,4,09:37,22,E09000024,3,24,3,40,3,2,6,0,0,0,1,1,1,0,0,1,1,E01003451,25-05-2018,1,1,1,1,17,4,3,0,0,0,0,-1,3,1
20658,76.984502,28.49225004,1,2,1,1,5,12:45,22,E09000024,3,238,6,30,3,2,3,238,0,5,1,1,1,0,0,1,1,E01003446,26-05-2018,1,1,1,1,18,4,3,0,0,0,0,-1,9,1
20659,76.98064774,28.41465024,1,3,1,1,5,19:00,22,E09000024,5,0,6,30,0,-1,-1,0,0,0,1,1,1,0,0,1,1,E01003412,26-05-2018,2,2,1,2,48,8,3,0,0,0,0,-1,9,-1
20660,76.99583483,28.4723961,1,3,2,1,4,16:20,22,E09000024,3,217,6,30,9,4,6,0,0,0,1,1,1,0,0,1,1,E01003379,25-05-2018,1,1,2,2,52,8,3,0,0,1,0,-1,9,1
20661,77.03343836,28.44478985,1,3,2,1,5,20:25,22,E09000024,5,0,6,30,3,4,6,0,0,0,4,1,1,0,0,1,1,E01003433,26-05-2018,1,2,2,2,15,3,3,0,0,2,0,-1,9,1
20662,77.05984097,28.43872512,1,3,2,1,6,21:30,22,E09000024,5,0,6,30,3,2,6,0,0,5,4,1,1,0,0,1,1,E01003407,27-05-2018,1,1,1,1,30,6,3,0,0,0,0,-1,5,1
20663,77.0363562,28.43193781,1,2,2,1,6,21:45,22,E09000024,3,219,6,30,3,4,6,0,0,0,4,1,1,0,0,1,1,E01003461,27-05-2018,1,1,1,1,56,9,3,0,0,0,0,-1,5,1
20664,77.03424577,28.41408272,1,3,2,1,6,15:25,21,E09000029,3,237,6,30,0,-1,-1,0,0,0,1,1,1,0,0,1,2,E01004185,06-05-2018,2,1,1,1,63,9,2,0,0,0,0,-1,4,1
20665,77.08292488,28.50475212,1,3,1,1,7,01:11,22,E09000024,3,24,3,30,3,2,6,0,0,0,4,1,1,0,0,1,1,E01003357,28-05-2018,1,1,1,1,-1,-1,3,0,0,0,0,-1,10,-1
20666,77.08420114,28.42726762,1,3,2,1,4,17:08,22,E09000024,5,0,6,30,2,4,5,0,0,0,1,1,1,0,0,1,1,E01003387,25-05-2018,1,2,2,1,-1,-1,3,0,0,0,0,-1,10,-1
20667,76.99045045,28.44663493,1,3,3,1,7,13:00,22,E09000024,3,219,6,30,6,4,4,281,0,0,1,1,1,0,0,1,1,E01003460,28-05-2018,1,4,2,2,-1,-1,3,0,0,0,0,-1,10,-1
20668,77.08336688,28.49115167,1,3,2,2,3,17:08,22,E09000024,3,24,3,30,0,-1,-1,0,0,0,1,1,1,0,0,1,1,E01003427,31-05-2018,1,5,2,1,-1,-1,3,0,0,0,0,-1,10,-1
20669,77.07119634,28.43514319,1,3,3,1,4,11:30,22,E09000024,4,279,6,30,3,4,6,0,0,0,1,1,1,0,0,1,1,E01003466,25-05-2018,1,6,2,1,-1,-1,3,0,0,0,0,-1,10,-1
20670,76.97892804,28.4072368,1,3,2,1,2,10:09,22,E09000024,3,219,6,30,3,4,6,0,0,0,1,1,1,0,0,1,1,E01003461,09-05-2018,1,7,2,1,-1,-1,3,0,0,0,0,-1,10,-1
20671,77.01519643,28.42879818,1,3,3,2,4,17:30,22,E09000024,5,0,6,30,0,-1,-1,0,0,4,1,2,2,0,0,1,1,E01003430,01-06-2018,1,8,2,1,-1,-1,3,0,0,0,0,-1,10,-1
20672,77.0244228,28.50576515,1,3,2,1,4,08:10,22,E09000024,3,238,6,30,3,4,5,0,0,0,1,1,1,0,0,1,2,E01003355,18-05-2018,2,3,2,2,-1,-1,3,0,0,0,0,-1,19,-1
20673,77.09955108,28.48317339,1,3,1,1,6,02:50,10,E09000032,3,217,6,30,3,4,6,0,0,0,4,1,1,0,0,1,1,E01004525,20-05-2018,2,9,1,1,32,6,3,0,0,0,0,-1,19,1
20674,77.05532161,28.41856063,1,3,1,1,6,07:45,22,E09000024,3,24,3,30,3,4,6,0,0,0,1,1,1,0,0,1,3,E01003427,11-03-2018,1,1,2,1,-1,-1,3,0,0,0,2,-1,11,1
20675,77.05217593,28.44940413,1,3,1,1,6,16:32,22,E09000024,3,219,6,30,3,4,6,0,0,0,1,1,1,0,0,1,1,E01003355,27-05-2018,1,1,3,1,-1,-1,2,5,1,0,0,-1,0,-1
20676,77.0168627,28.42643483,1,3,2,1,4,13:24,22,E09000024,3,24,6,30,7,2,3,24,0,5,1,1,1,0,0,1,1,E01003427,25-05-2018,1,1,1,1,35,6,2,0,0,0,0,-1,5,1
20677,77.02979474,28.45784138,1,3,1,1,3,11:33,22,E09000024,6,0,6,30,3,4,6,0,0,0,1,1,1,0,0,1,1,E01003465,07-06-2018,1,1,1,1,21,5,3,0,0,0,0,-1,9,1
20678,76.98287272,28.45271624,1,3,2,1,4,15:30,22,E09000024,4,272,6,30,3,4,5,0,0,0,1,1,1,0,0,1,1,E01003435,08-06-2018,1,1,3,1,15,3,3,4,1,0,0,-1,0,1
20679,77.04138598,28.47738041,1,3,2,1,4,10:20,22,E09000024,3,24,6,30,3,4,3,24,0,0,1,1,1,0,0,1,2,E01003367,25-05-2018,1,1,1,1,29,6,3,0,0,0,0,-1,9,1
20680,77.06412241,28.42986216,1,3,1,1,4,16:15,22,E09000024,5,0,6,30,0,-1,-1,0,0,0,1,1,1,0,0,1,1,E01003422,08-06-2018,1,1,1,2,23,5,3,0,0,0,0,-1,9,1
20681,76.98536818,28.46056661,1,3,1,1,7,09:28,22,E09000024,3,217,6,30,3,2,3,217,0,5,1,1,1,0,0,1,1,E01003379,04-06-2018,1,1,1,1,52,8,3,0,0,0,0,-1,5,1
20682,77.05040344,28.4921673,1,3,2,1,5,12:34,22,E09000024,6,0,2,30,0,-1,-1,0,0,0,1,1,1,0,7,1,1,E01003389,02-06-2018,1,1,2,1,40,7,3,0,0,1,0,-1,9,-1