Accident_Index,longitude,latitude,Police_Force,Accident_Severity,Number_of_Vehicles,Number_of_Casualties,Day_of_Week,Time,Local_Authority_(District),Local_Authority_(Highway),1st_Road_Class,1st_Road_Number,Road_Type,Speed_limit,Junction_Detail,Junction_Control,2nd_Road_Class,2nd_Road_Number,Pedestrian_Crossing-Human_Control,Pedestrian_Crossing-Physical_Facilities,Light_Conditions,Weather_Conditions,Road_Surface_Conditions,Special_Conditions_at_Site,Carriageway_Hazards,Urban_or_Rural_Area,Did_Police_Officer_Attend_Scene_of_Accident,LSOA_of_Accident_Location,Date,Vehicle_Reference,Casualty_Reference,Casualty_Class,Sex_of_Casualty,Age_of_Casualty,Age_Band_of_Casualty,Casualty_Severity,Pedestrian_Location,Pedestrian_Movement,Car_Passenger,Bus_or_Coach_Passenger,Pedestrian_Road_Maintenance_Worker,Casualty_Type,Casualty_Home_Area_Type
21045,77.58234513,13.01797384,1,3,2,1,5,08:45,10,E09000032,6,0,6,30,3,4,3,3,0,0,1,1,1,0,0,1,2,E01004628,20-01-2018,1,2,2,1,22,5,3,0,0,1,0,-1,9,1
21046,77.58698801,12.98610409,1,3,2,1,3,19:00,10,E09000032,3,217,1,30,2,4,4,235,0,1,4,2,2,0,0,1,1,E01004492,25-01-2018,2,3,1,1,76,11,3,0,0,0,0,-1,9,-1
21047,77.61357769,13.00504241,1,3,2,1,4,19:20,10,E09000032,3,306,6,30,3,4,6,0,0,0,4,1,1,0,0,1,2,E01004642,26-01-2018,2,4,2,1,70,10,2,0,0,1,0,-1,9,1
21048,77.55249441,13.01955519,1,3,2,1,5,10:05,10,E09000032,5,0,6,30,6,4,6,0,0,0,1,1,1,0,0,1,1,E01004537,27-01-2018,1,1,1,1,15,3,2,0,0,0,0,-1,2,-1
21049,77.63470996,12.98270359,1,3,2,1,2,09:23,10,E09000032,6,0,6,30,3,4,6,0,0,0,1,9,1,0,0,1,1,E01004606,31-01-2018,2,2,1,2,39,7,3,0,0,0,0,-1,9,1
21050,77.59026627,13.01968787,1,3,3,1,2,14:00,10,E09000032,3,217,6,30,3,2,6,0,0,0,1,1,1,0,0,1,3,E01004496,17-01-2018,1,1,3,1,-1,-1,2,9,9,0,0,-1,0,-1
21051,77.51705778,13.01682531,1,2,2,1,2,14:17,10,E09000032,3,214,3,50,0,-1,-1,0,0,0,1,1,1,0,0,1,1,E01004510,31-01-2018,1,1,3,1,38,7,2,9,6,0,0,-1,0,1
21052,77.57620141,13.0039762,1,3,2,1,6,07:10,10,E09000032,6,0,6,30,6,4,6,0,0,0,1,1,1,0,0,1,1,E01004638,21-01-2018,1,1,1,1,34,6,3,0,0,0,0,-1,9,-1
21053,77.59939302,12.99866202,1,3,2,1,5,08:45,10,E09000032,3,214,6,30,0,-1,-1,0,0,0,1,1,2,0,0,1,2,E01004481,20-01-2018,1,1,3,1,40,7,2,5,1,0,0,-1,0,1
21054,77.62678194,13.01815536,1,3,2,1,3,07:38,10,E09000032,6,0,6,30,3,4,6,0,0,0,1,2,2,0,0,1,1,E01004530,25-01-2018,1,2,1,1,57,9,2,0,0,0,0,-1,9,1
21055,77.5266077,13.03856435,1,3,1,1,7,19:15,10,E09000032,3,214,6,30,3,2,4,237,0,5,4,2,2,0,0,1,1,E01004549,29-01-2018,2,1,2,2,20,4,3,0,0,1,0,-1,9,1
21056,77.65334516,13.04208133,1,2,1,1,5,09:56,10,E09000032,3,3216,6,30,0,-1,-1,0,0,0,1,1,1,0,0,1,1,E01004565,27-01-2018,1,1,1,1,31,6,2,0,0,0,0,-1,5,-1
21057,77.61887969,13.00928739,1,3,1,1,6,18:30,10,E09000032,3,205,6,30,3,3,5,0,0,0,4,1,1,0,0,1,1,E01004507,21-01-2018,1,1,1,1,27,6,2,0,0,0,0,-1,9,-1
21058,77.58060268,12.99892678,1,3,4,3,7,01:30,10,E09000032,3,3036,6,30,6,4,6,0,0,0,4,1,1,0,0,1,1,E01004591,19-02-2018,1,2,2,1,30,6,2,0,0,1,0,-1,9,-1
21059,77.5893574,13.02370026,1,3,3,1,4,12:40,10,E09000032,3,3,6,30,0,-1,-1,0,0,0,1,1,1,0,0,1,1,E01004628,26-01-2018,2,1,1,1,54,8,2,0,0,0,0,-1,9,1
21060,77.66668793,13.00262439,1,3,2,1,4,08:53,10,E09000032,3,3,6,30,3,4,6,0,0,0,1,1,1,0,0,1,1,E01004554,02-02-2018,1,1,1,1,34,6,1,0,0,0,0,-1,9,1
21061,77.52493351,12.98785696,1,2,2,1,4,14:01,10,E09000032,3,214,6,30,3,4,6,0,0,0,1,1,1,0,0,1,1,E01004548,02-02-2018,1,1,2,1,-1,-1,3,0,0,1,0,-1,9,-1
21062,77.53858946,13.03557704,1,3,2,1,4,14:35,10,E09000032,3,219,6,30,3,4,6,0,0,0,1,1,1,0,0,1,1,E01004609,02-02-2018,1,1,2,2,21,5,3,0,0,1,0,-1,9,-1
21063,77.6051117,12.97252396,1,3,2,1,3,07:05,10,E09000032,5,0,6,30,6,2,3,217,0,5,1,1,1,0,0,1,1,E01004496,01-02-2018,1,2,1,1,23,5,3,0,0,0,0,-1,9,-1
21064,77.58309552,13.04284229,1,2,2,1,7,11:22,10,E09000032,3,24,6,30,6,4,5,0,0,0,1,1,1,0,0,1,1,E01004474,05-02-2018,2,3,1,1,-1,-1,3,0,0,0,0,-1,9,-1
21065,77.52914148,12.97106344,1,3,2,1,6,09:10,10,E09000032,6,0,6,30,0,-1,-1,0,0,0,1,1,1,0,0,1,2,E01004475,04-02-2018,1,1,1,1,-1,-1,3,0,0,0,0,-1,5,-1
21066,77.66301414,13.01110505,1,2,2,1,1,08:05,10,E09000032,3,24,6,30,3,4,6,0,0,0,1,2,2,0,0,1,1,E01004474,06-02-2018,1,1,2,1,16,4,2,0,0,1,0,-1,9,-1
21067,77.59315082,13.04191,1,3,2,1,6,08:15,24,E09000027,3,205,6,30,3,4,6,0,0,0,1,1,1,0,0,1,1,E01004639,04-02-2018,1,2,2,1,21,5,3,0,0,2,0,-1,9,-1
21068,77.51134868,12.98229544,1,3,2,1,3,12:15,10,E09000032,3,3205,6,30,3,4,6,0,0,0,1,1,1,0,0,1,1,E01004538,08-02-2018,2,1,1,1,48,8,2,0,0,0,0,-1,1,1
21069,77.51856061,13.03714145,1,3,1,1,5,19:44,10,E09000032,3,218,6,30,3,2,6,0,0,5,4,1,1,0,0,1,1,E01004593,03-02-2018,1,1,3,1,72,10,2,10,9,0,0,-1,0,1
21070,77.59090818,13.01400827,1,3,2,1,3,15:15,10,E09000032,6,0,6,30,3,4,6,0,0,0,1,1,1,0,0,1,1,E01004535,08-02-2018,1,1,3,2,42,7,2,4,3,0,0,-1,0,-1
21071,77.58222015,12.99290254,1,3,3,1,7,07:20,10,E09000032,3,24,6,30,6,2,3,217,0,5,1,2,2,0,0,1,1,E01004525,12-02-2018,1,1,3,2,75,10,2,10,1,0,0,-1,0,1
21072,77.60149268,13.00709071,1,3,2,1,7,21:22,10,E09000032,6,0,6,30,8,4,6,0,0,0,4,1,1,0,0,1,1,E01004476,05-02-2018,1,1,3,2,46,8,2,6,9,0,0,-1,0,1
21073,77.52201197,12.97397486,1,2,2,2,3,18:52,10,E09000032,3,217,6,30,3,4,6,0,0,0,4,1,1,0,0,1,1,E01004492,08-02-2018,1,1,2,1,33,6,1,0,0,1,0,-1,9,-1
21074,77.52376404,12.98796756,1,3,2,1,7,14:25,10,E09000032,6,0,6,30,3,4,6,0,0,0,1,1,1,0,0,1,1,E01004576,12-02-2018,1,1,1,1,55,8,2,0,0,0,0,-1,9,1
21075,77.5919587,13.00220024,1,3,2,1,4,00:01,10,E09000032,3,219,6,30,3,4,5,0,0,0,4,1,1,0,0,1,1,E01004643,09-02-2018,2,2,1,1,62,9,3,0,0,0,0,-1,11,1
21076,77.65654279,13.00972104,1,3,2,1,7,01:06,10,E09000032,3,214,6,30,3,4,5,0,0,0,4,1,2,0,0,1,1,E01004482,12-02-2018,1,1,2,2,17,4,3,0,0,1,0,-1,9,1
21077,77.65422423,12.97258904,1,3,2,1,4,17:30,9,E09000022,3,3205,6,30,6,2,3,3036,0,5,4,1,1,0,0,1,1,E01004562,16-02-2018,1,2,2,1,25,5,3,0,0,2,0,-1,9,-1
21078,77.51296626,12.98653674,1,3,2,2,2,07:55,10,E09000032,6,0,6,30,6,4,6,0,0,0,1,1,1,0,0,1,1,E01004618,14-02-2018,2,3,2,2,43,7,3,0,0,1,0,-1,9,1
21079,77.54811811,13.00113278,1,3,2,1,2,15:50,10,E09000032,3,24,6,30,0,-1,-1,0,0,5,1,1,1,0,0,1,1,E01004488,14-02-2018,2,1,1,2,64,9,1,0,0,0,0,-1,9,-1
21080,77.57309296,13.0058288,1,3,2,1,3,08:37,10,E09000032,3,214,6,30,3,4,5,0,0,0,1,1,1,0,0,1,1,E01004482,15-02-2018,1,1,3,1,75,10,2,5,1,0,0,-1,0,-1
21081,77.61040375,12.99927371,1,3,2,2,6,07:00,10,E09000032,6,0,6,30,3,4,6,0,0,0,1,2,2,0,0,1,1,E01004575,11-02-2018,1,1,3,1,2,1,2,5,1,0,0,-1,0,-1
21082,77.5258542,12.99498493,1,3,2,1,5,23:53,10,E09000032,3,3216,6,30,3,2,4,224,0,0,4,2,2,0,0,1,1,E01004564,10-02-2018,1,2,3,2,-1,-1,2,5,1,0,0,-1,0,-1
21083,77.64731583,12.99642679,1,3,2,1,5,10:18,10,E09000032,5,0,6,30,3,4,6,0,0,0,1,1,2,0,0,1,1,E01004645,10-02-2018,1,1,3,2,29,6,1,5,3,0,0,-1,0,1
21084,77.59330332,12.97792646,1,3,2,1,6,08:45,9,E09000022,3,3216,6,30,0,-1,-1,0,0,0,1,1,1,0,0,1,3,E01004590,18-02-2018,1,1,3,2,69,10,3,1,1,0,0,-1,0,1
21085,77.52563785,12.97689309,1,3,3,2,5,14:30,10,E09000032,5,0,6,30,0,-1,-1,0,0,0,1,8,2,0,0,1,1,E01004561,17-02-2018,1,1,3,2,10,2,1,5,1,0,0,-1,0,-1
21086,77.56735854,13.01009326,1,3,2,1,4,19:10,10,E09000032,3,3205,3,30,6,2,5,0,0,5,4,2,2,0,0,1,1,E01004541,23-02-2018,1,1,2,1,84,11,1,0,0,0,3,-1,11,-1
21087,77.51847651,12.99816758,1,3,2,1,5,18:00,24,E09000027,3,205,6,30,3,4,6,0,0,5,4,2,2,0,0,1,1,E01004641,17-02-2018,1,1,3,1,11,3,1,5,3,0,0,-1,0,-1
21088,77.59789482,13.0192579,1,3,2,1,7,11:18,10,E09000032,3,3220,6,30,3,4,6,0,0,1,1,1,1,0,0,1,1,E01004540,19-02-2018,1,1,2,1,36,7,3,0,0,0,0,-1,90,-1
21089,77.61940673,13.02007486,1,3,3,1,2,18:58,10,E09000032,5,0,6,30,6,4,6,0,0,0,4,2,2,0,0,1,1,E01004532,21-02-2018,1,1,1,1,46,8,3,0,0,0,0,-1,9,1
21090,77.60989564,12.98254603,1,3,1,1,2,16:00,10,E09000032,5,0,6,30,0,-1,-1,0,0,0,1,3,2,0,0,1,1,E01004617,21-02-2018,1,1,1,1,-1,-1,3,0,0,0,0,-1,9,-1
21091,77.51539524,13.01963628,1,3,2,1,2,11:12,10,E09000032,3,3205,2,30,6,2,5,0,0,5,1,1,1,0,0,1,1,E01004578,21-02-2018,1,2,2,1,-1,-1,3,0,0,1,0,-1,9,-1
21092,77.65387481,12.96750379,1,3,2,1,2,17:30,10,E09000032,3,214,3,30,3,4,6,0,0,0,4,2,2,0,0,1,1,E01004622,21-02-2018,2,3,1,2,-1,-1,3,0,0,0,0,-1,9,-1
21093,77.60341661,13.04472071,1,3,2,1,1,12:51,10,E09000032,6,0,6,30,3,4,6,0,0,0,1,1,1,0,0,1,1,E01004524,20-02-2018,1,1,1,2,39,7,1,0,0,0,0,-1,9,-1
21094,77.5637651,13.00717345,1,3,1,1,4,10:34,10,E09000032,3,3036,6,30,0,-1,-1,0,0,1,1,3,2,0,0,1,1,E01004589,23-02-2018,2,2,1,1,35,6,2,0,0,0,0,-1,11,1
21095,77.63891979,13.00117085,1,3,2,1,4,15:41,10,E09000032,6,0,6,30,0,-1,-1,0,0,0,1,3,2,0,0,1,1,E01004544,23-02-2018,1,1,3,1,60,9,1,1,9,0,0,-1,0,-1
21096,77.6142806,13.01577696,1,3,1,1,3,22:00,10,E09000032,3,3220,6,30,6,2,3,3036,0,5,4,1,2,0,0,1,1,E01004585,22-02-2018,1,2,1,1,25,5,3,0,0,0,0,-1,9,1
21097,77.60198966,13.02105699,1,3,2,1,1,12:51,10,E09000032,3,214,6,30,0,-1,-1,0,0,0,1,1,1,0,0,1,1,E01004481,13-02-2018,1,1,3,2,79,11,1,5,1,0,0,-1,0,1
21098,77.63148544,13.00583595,1,3,3,1,1,14:00,10,E09000032,3,217,6,30,0,-1,-1,0,0,0,1,1,1,0,0,1,1,E01004616,27-02-2018,1,1,1,1,38,7,3,0,0,0,0,-1,19,1
21099,77.61236238,13.01061783,1,3,1,1,2,23:50,10,E09000032,3,218,6,30,0,-1,-1,0,0,0,4,1,2,0,0,1,1,E01004598,28-02-2018,1,1,3,1,80,11,3,5,1,0,0,-1,0,-1
21100,77.5787996,13.03938158,1,3,1,1,5,18:15,10,E09000032,3,214,6,30,3,4,6,0,0,0,4,8,2,0,0,1,1,E01004549,24-02-2018,3,1,1,1,42,7,3,0,0,0,0,-1,5,1
21101,77.52298991,12.9693559,1,3,4,2,6,18:00,10,E09000032,6,0,6,30,6,4,6,0,0,0,4,2,2,0,0,1,1,E01004585,25-02-2018,4,2,1,1,-1,-1,3,0,0,0,0,-1,5,1
21102,77.58830252,12.98984885,1,3,1,1,5,08:23,10,E09000032,3,205,6,30,6,2,3,219,0,5,1,2,2,0,0,1,1,E01004506,24-02-2018,1,1,3,1,14,3,2,1,1,0,0,-1,0,-1
21103,77.60661937,12.97643849,1,3,2,1,2,08:41,10,E09000032,6,0,6,30,3,4,3,205,0,0,1,3,4,0,0,1,1,E01004554,28-02-2018,1,1,1,1,-1,-1,3,0,0,0,0,-1,9,-1
21104,77.60177033,12.96941547,1,3,2,1,7,18:00,10,E09000032,3,217,6,30,3,4,6,0,0,0,4,8,2,0,0,1,2,E01004496,26-02-2018,1,2,2,2,-1,-1,3,0,0,1,0,-1,9,-1
21105,77.6085731,12.96915274,1,3,2,1,1,12:20,10,E09000032,3,3205,2,30,6,2,3,3220,0,0,1,8,1,0,0,1,1,E01004540,13-02-2018,1,1,1,1,72,10,2,0,0,0,0,-1,9,-1
21106,77.67844811,13.03585252,1,2,2,1,4,15:40,10,E09000032,3,24,6,30,3,4,6,0,0,0,1,6,2,0,0,1,1,E01004548,23-02-2018,1,1,1,2,42,7,3,0,0,0,0,-1,9,1
21107,77.61853929,13.0387684,1,3,1,1,6,19:36,10,E09000032,4,237,6,30,0,-1,-1,0,0,8,4,1,2,0,0,1,1,E01004476,25-02-2018,1,1,3,2,63,9,2,5,1,0,0,-1,0,-1
21108,77.55831239,12.98334184,1,3,3,1,3,16:00,10,E09000032,3,3216,6,30,0,-1,-1,0,0,0,1,1,1,0,0,1,3,E01004561,08-03-2018,2,1,1,1,23,5,3,0,0,0,0,-1,11,1
21109,77.5853878,13.01490209,1,3,2,3,4,07:30,10,E09000032,3,218,6,30,3,4,5,0,0,0,1,1,2,0,0,1,1,E01004598,02-03-2018,1,1,1,1,-1,-1,3,0,0,0,0,-1,9,-1
21110,77.66654822,13.03043028,1,3,1,1,2,16:00,10,E09000032,6,0,6,30,0,-1,-1,0,0,0,1,1,1,0,0,1,1,E01004536,28-02-2018,1,2,2,1,-1,-1,3,0,0,1,0,-1,9,-1
21111,77.63511347,13.0275281,1,3,2,1,6,09:00,10,E09000032,3,3205,6,30,3,4,6,0,0,0,1,1,1,0,0,1,2,E01004538,11-03-2018,1,3,2,1,-1,-1,3,0,0,2,0,-1,9,-1
21112,77.67073558,13.03748213,1,3,2,1,7,20:30,10,E09000032,3,214,3,40,0,-1,-1,0,0,0,4,1,2,0,0,1,1,E01004538,26-02-2018,1,1,1,1,-1,-1,3,0,0,0,0,-1,9,1
21113,77.64395908,13.02853025,1,3,3,1,1,14:30,10,E09000032,3,217,3,30,0,-1,-1,0,0,0,1,1,1,0,0,1,3,E01004616,27-02-2018,1,1,1,1,26,6,3,0,0,0,0,-1,5,-1
21114,77.66151646,13.01003169,1,3,2,1,4,09:30,10,E09000032,3,3036,6,30,6,4,6,0,0,0,1,1,2,0,0,1,1,E01004586,02-03-2018,2,2,2,2,16,4,2,0,0,1,0,-1,9,-1
21115,77.65758092,12.99476613,1,3,2,1,7,22:42,10,E09000032,3,3,6,30,3,4,6,0,0,0,4,1,1,0,0,1,1,E01004502,05-03-2018,1,1,1,2,56,9,3,0,0,0,0,-1,9,-1
21116,77.65011206,13.01734243,1,3,3,1,3,11:40,10,E09000032,3,217,2,30,3,4,6,0,0,0,1,2,2,0,0,1,1,E01004525,01-03-2018,2,1,1,1,49,8,2,0,0,0,0,-1,5,1
21117,77.61298299,13.02608023,1,3,2,1,2,22:00,10,E09000032,3,214,6,30,7,2,4,237,0,5,4,1,1,0,0,1,1,E01004549,14-03-2018,1,1,1,1,30,6,3,0,0,0,0,-1,9,1
21118,77.59943593,12.97396322,1,2,2,1,2,15:45,10,E09000032,3,214,3,30,6,2,3,3,0,5,1,1,1,0,0,1,1,E01004510,14-03-2018,1,1,1,1,-1,-1,3,0,0,0,0,-1,9,-1
21119,77.64490532,13.0009759,1,3,2,1,1,04:50,10,E09000032,3,214,6,30,3,4,6,0,0,0,4,1,1,0,0,1,1,E01004622,06-03-2018,1,1,3,2,59,9,3,1,1,0,0,-1,0,-1
21120,77.63287908,13.02695794,1,2,2,1,1,12:30,10,E09000032,3,3031,6,30,0,-1,-1,0,0,0,1,1,1,0,0,1,3,E01004582,06-03-2018,1,1,2,2,50,8,3,0,0,1,0,-1,9,1
21121,77.54093536,13.00450598,1,3,2,1,2,11:05,10,E09000032,3,3205,3,30,0,-1,-1,0,0,5,1,1,1,0,0,1,1,E01004538,07-03-2018,1,1,2,1,28,6,3,0,0,1,0,-1,9,1
21122,77.6089424,13.03751292,1,3,1,1,6,20:16,10,E09000032,3,24,6,30,3,4,6,0,0,0,4,1,1,0,0,1,1,E01004617,04-03-2018,1,1,1,2,43,7,3,0,0,0,0,-1,9,1
21123,77.59364955,13.04132303,1,3,2,1,5,09:28,10,E09000032,3,3,6,30,3,4,6,0,0,0,1,1,1,0,0,1,1,E01004514,03-03-2018,2,2,1,1,45,7,3,0,0,0,0,-1,9,1
21124,77.56994731,12.98240888,1,3,2,1,1,21:52,10,E09000032,3,205,6,30,0,-1,-1,0,0,0,4,1,1,0,0,1,1,E01004506,13-03-2018,1,1,1,2,48,8,3,0,0,0,0,-1,9,-1
21125,77.5268257,12.99609058,1,3,2,1,4,17:05,10,E09000032,3,217,6,30,0,-1,-1,0,0,0,1,2,2,0,0,1,1,E01004578,16-03-2018,2,1,1,1,46,8,3,0,0,0,0,-1,5,-1
21126,77.59761467,13.01675702,1,3,2,1,2,12:10,10,E09000032,3,3216,6,30,3,4,4,224,0,0,1,1,1,0,0,1,1,E01004564,14-03-2018,1,1,1,2,-1,-1,3,0,0,0,0,-1,9,-1
21127,77.61755906,12.98084614,1,3,1,1,5,13:08,10,E09000032,3,217,6,30,0,-1,-1,0,0,5,1,2,2,0,0,1,1,E01004494,24-02-2018,1,1,1,1,-1,-1,3,0,0,0,0,-1,9,-1
21128,77.60851245,12.99380358,1,3,3,1,4,06:30,10,E09000032,3,3036,6,30,0,-1,-1,0,0,0,1,1,1,0,0,1,1,E01004551,16-03-2018,1,1,1,1,39,7,2,0,0,0,0,-1,3,1
21129,77.63483631,12.96897897,1,3,1,1,2,22:40,10,E09000032,3,3205,6,30,7,2,3,3205,0,5,4,1,1,0,0,1,2,E01004541,14-03-2018,1,1,3,1,50,8,2,4,3,0,0,-1,0,-1
21130,77.61495252,13.00399631,1,3,2,1,7,14:25,10,E09000032,3,3,6,30,0,-1,-1,0,0,0,1,1,1,0,0,1,1,E01004514,19-03-2018,1,1,1,2,43,7,3,0,0,0,0,-1,9,1
21131,77.5281517,12.99150813,1,3,2,1,6,09:12,10,E09000032,3,3220,6,30,3,4,6,0,0,0,1,1,1,0,0,1,1,E01004585,18-03-2018,1,1,3,1,68,10,3,1,4,0,0,-1,0,1
21132,77.62003347,13.00369276,1,2,2,1,6,06:40,10,E09000032,3,3216,6,30,3,4,6,0,0,0,1,1,1,0,0,1,1,E01004590,18-03-2018,1,1,1,1,15,3,2,0,0,0,0,-1,3,-1
21133,77.66220608,12.98103053,1,3,2,1,3,17:24,10,E09000032,3,24,6,30,6,2,3,217,0,5,1,1,1,0,0,1,1,E01004525,15-03-2018,1,2,2,1,-1,-1,2,0,0,0,0,-1,3,-1
21134,77.67942846,12.98893824,1,3,2,1,7,22:39,9,E09000022,3,3036,6,30,0,-1,-1,0,0,1,4,1,1,0,0,1,3,E01003103,12-03-2018,1,3,2,1,45,7,3,0,0,1,0,-1,9,1
21135,77.52394104,12.98984872,1,3,2,1,4,10:49,10,E09000032,3,3205,6,30,8,4,6,0,0,0,1,1,1,0,0,1,1,E01004509,16-03-2018,1,4,1,2,47,8,3,0,0,0,0,-1,9,1
21136,77.59757193,12.97092409,1,3,2,1,3,08:27,10,E09000032,3,218,6,30,3,4,5,0,0,0,1,2,2,0,0,1,1,E01004601,22-03-2018,2,1,2,2,53,8,3,0,0,0,0,-1,10,1
21137,77.65275668,13.00648884,1,3,1,1,3,19:03,10,E09000032,6,0,6,30,0,-1,-1,0,0,0,4,1,1,0,0,1,1,E01004592,08-03-2018,2,2,1,1,38,7,3,0,0,0,0,-1,10,1
21138,77.54718914,13.01498785,1,3,2,1,4,10:48,10,E09000032,3,24,6,30,3,4,6,0,0,5,1,1,1,0,0,1,1,E01004474,16-03-2018,1,1,1,1,30,6,2,0,0,0,0,-1,9,-1
21139,77.58706645,13.0283046,1,3,2,1,7,20:27,10,E09000032,5,0,6,30,0,-1,-1,0,0,0,4,1,1,0,0,1,1,E01004584,19-03-2018,1,1,3,2,26,6,3,5,1,0,0,-1,0,2
21140,77.66230806,13.03161025,1,3,4,1,2,12:43,10,E09000032,3,3,6,30,3,4,6,0,0,0,1,1,1,0,0,1,1,E01004552,14-03-2018,1,2,3,2,27,6,3,5,1,0,0,-1,0,-1
21141,77.65402488,12.9892623,1,3,2,1,5,11:40,10,E09000032,3,217,6,30,3,2,4,229,0,5,1,1,1,0,0,1,2,E01004492,10-03-2018,1,1,1,1,24,5,3,0,0,0,0,-1,9,1
21142,77.62151695,13.01065463,1,3,3,1,4,23:25,10,E09000032,3,3036,6,30,6,2,3,3220,0,0,4,1,1,0,0,1,1,E01004585,23-03-2018,2,2,2,1,-1,-1,3,0,0,1,0,-1,9,-1
21143,77.5955092,12.99064491,1,3,2,1,2,10:30,10,E09000032,3,3,6,30,3,4,6,0,0,0,1,1,1,0,0,1,1,E01004553,21-03-2018,1,1,1,1,43,7,3,0,0,0,0,-1,9,1
21144,77.54334158,13.00041351,1,3,2,1,2,18:45,10,E09000032,3,219,6,30,8,4,6,0,0,0,4,1,1,0,0,1,1,E01004506,21-03-2018,4,2,1,1,14,3,3,0,0,0,0,-1,3,-1
21145,77.55482738,13.01935683,1,3,3,2,6,21:06,10,E09000032,3,3036,6,30,0,-1,-1,0,0,0,4,1,1,0,0,1,1,E01004588,18-03-2018,1,1,3,2,54,8,1,1,1,0,0,-1,0,-1
21146,77.59456421,13.0354779,1,3,2,1,2,12:10,10,E09000032,3,3205,3,30,0,-1,-1,0,0,0,1,1,1,0,0,1,1,E01004578,21-03-2018,1,2,1,1,32,6,3,0,0,0,0,-1,21,-1
21147,77.51223763,13.027898,1,3,1,1,6,18:06,10,E09000032,3,3,6,30,3,2,3,3,0,5,1,1,1,0,0,1,1,E01004499,11-03-2018,1,1,1,1,19,4,3,0,0,0,0,-1,3,1
21148,77.62761925,13.03956344,1,3,2,1,4,07:55,10,E09000032,3,217,6,30,6,4,3,24,0,0,1,1,1,0,0,1,2,E01004525,23-03-2018,2,2,2,1,19,4,3,0,0,1,0,-1,9,1
21149,77.59932519,12.99821276,1,3,2,1,5,08:10,10,E09000032,6,0,6,30,3,4,6,0,0,0,1,1,1,0,0,1,3,E01004624,03-03-2018,1,1,1,2,32,6,3,0,0,0,0,-1,9,-1
21150,77.65543492,13.02425588,1,3,2,1,7,10:20,10,E09000032,3,217,6,30,3,2,6,0,0,0,1,1,1,0,0,1,1,E01004498,19-03-2018,1,2,2,1,27,6,3,0,0,1,0,-1,9,-1
21151,77.52952395,12.97420114,1,3,2,1,2,18:00,10,E09000032,3,24,6,30,3,4,6,0,0,0,4,1,1,0,0,1,3,E01004548,14-03-2018,2,3,1,1,27,6,3,0,0,0,0,-1,9,1
21152,77.5720711,13.04299719,1,3,2,3,7,05:12,10,E09000032,3,216,6,30,3,4,6,0,0,0,1,1,1,0,0,1,2,E01004522,26-03-2018,1,1,3,2,19,4,3,10,1,0,0,-1,0,-1
21153,77.67197175,13.02563762,1,3,2,1,5,17:10,10,E09000032,3,3216,6,30,3,4,4,224,0,0,1,1,1,0,0,1,1,E01004564,10-03-2018,1,1,1,1,27,6,2,0,0,0,0,-1,9,-1
21154,77.51911831,12.97701217,1,3,4,2,6,15:55,10,E09000032,6,0,6,30,3,4,6,0,0,0,1,1,1,0,0,1,1,E01004491,18-03-2018,1,2,2,2,26,6,1,0,0,1,0,-1,9,-1
21155,77.67010424,13.00751179,1,3,3,1,5,13:53,10,E09000032,4,229,6,30,0,-1,-1,0,0,0,1,1,1,0,0,1,1,E01004625,24-03-2018,1,3,2,2,21,5,1,0,0,2,0,-1,9,-1
21156,77.51452063,12.97158,1,3,2,1,2,19:20,10,E09000032,3,24,6,30,6,4,6,0,0,0,4,1,1,0,0,1,1,E01004611,28-03-2018,1,4,2,2,33,6,2,0,0,2,0,-1,9,-1
21157,77.64044975,12.97652476,1,2,2,1,2,16:30,10,E09000032,3,3209,6,30,3,4,6,0,0,0,1,1,1,0,0,1,2,E01004609,21-03-2018,1,5,2,1,-1,-1,3,0,0,2,0,-1,9,-1
21158,77.59944503,13.02401393,1,3,2,1,3,16:43,9,E09000022,3,3036,3,30,3,4,5,0,0,0,1,1,1,0,0,1,1,E01003089,29-03-2018,1,6,2,1,24,5,3,0,0,2,0,-1,9,-1
21159,77.59620938,12.9783787,1,3,2,1,4,16:23,10,E09000032,3,3,6,30,3,4,6,0,0,0,1,1,1,0,0,1,1,E01004621,30-03-2018,1,1,3,1,-1,-1,3,9,5,0,0,-1,0,-1
21160,77.56985072,13.02095561,1,3,2,1,2,18:18,10,E09000032,3,217,6,30,7,2,5,0,0,5,4,1,1,0,0,1,1,E01004509,21-03-2018,1,2,3,1,-1,-1,3,9,5,0,0,-1,0,-1
21161,77.64866108,12.97913583,1,3,2,1,7,22:00,10,E09000032,3,3,6,30,8,4,6,0,0,0,4,1,1,0,0,1,2,E01004503,05-02-2018,1,1,2,2,55,8,3,0,0,1,0,-1,9,1
21162,77.65511425,12.99291473,1,3,2,1,6,17:30,10,E09000032,6,0,6,30,0,-1,-1,0,0,0,1,1,1,0,0,1,2,E01004610,01-04-2018,1,1,2,1,47,8,3,0,0,1,0,-1,9,1
21163,77.55096244,13.04710563,1,3,2,1,4,07:29,10,E09000032,5,0,6,30,3,4,3,3,0,0,1,1,1,0,0,1,3,E01004514,30-03-2018,1,1,1,1,66,10,3,0,0,0,0,-1,9,-1
21164,77.65077941,12.97208769,1,3,2,1,5,18:15,10,E09000032,3,3,6,30,3,4,6,0,0,0,4,1,1,0,0,1,1,E01004503,24-03-2018,2,1,1,1,-1,-1,3,0,0,0,0,-1,9,-1