Accident_Index,longitude,latitude,Police_Force,Accident_Severity,Number_of_Vehicles,Number_of_Casualties,Day_of_Week,Time,Local_Authority_(District),Local_Authority_(Highway),1st_Road_Class,1st_Road_Number,Road_Type,Speed_limit,Junction_Detail,Junction_Control,2nd_Road_Class,2nd_Road_Number,Pedestrian_Crossing-Human_Control,Pedestrian_Crossing-Physical_Facilities,Light_Conditions,Weather_Conditions,Road_Surface_Conditions,Special_Conditions_at_Site,Carriageway_Hazards,Urban_or_Rural_Area,Did_Police_Officer_Attend_Scene_of_Accident,LSOA_of_Accident_Location,Date,Vehicle_Reference,Casualty_Reference,Casualty_Class,Sex_of_Casualty,Age_of_Casualty,Age_Band_of_Casualty,Casualty_Severity,Pedestrian_Location,Pedestrian_Movement,Car_Passenger,Bus_or_Coach_Passenger,Pedestrian_Road_Maintenance_Worker,Casualty_Type,Casualty_Home_Area_Type
21165,77.57661277,13.02328486,1,3,2,2,7,11:20,10,E09000032,3,306,6,30,0,-1,-1,0,0,5,1,1,1,0,0,1,1,E01004571,19-03-2018,1,1,3,1,42,7,1,5,3,0,0,-1,0,1
21166,77.530352,13.0339571,1,3,1,1,2,16:30,10,E09000032,3,214,6,30,0,-1,-1,0,0,0,1,1,1,0,0,1,3,E01004524,28-03-2018,1,2,1,1,26,6,3,0,0,0,0,-1,1,-1
21167,77.61283925,12.97901009,1,3,3,1,7,08:52,10,E09000032,3,218,6,30,0,-1,-1,0,0,5,1,1,1,0,0,1,1,E01004600,02-04-2018,1,2,2,1,28,6,3,0,0,1,0,-1,9,1
21168,77.62779447,12.97332716,1,3,2,1,6,09:30,10,E09000032,3,3220,6,30,6,4,6,0,0,4,1,1,1,0,0,1,1,E01004582,01-04-2018,2,1,1,1,38,7,3,0,0,0,0,-1,4,-1
21169,77.61036634,12.9851185,1,3,1,1,6,18:35,10,E09000032,3,3205,6,30,6,2,3,3216,0,5,1,1,1,0,0,1,1,E01004561,08-04-2018,1,1,3,2,74,10,1,1,1,0,0,-1,0,-1
21170,77.56735103,12.97348276,1,3,2,1,2,20:37,10,E09000032,3,217,6,30,3,4,6,0,0,0,4,1,1,0,0,1,1,E01004495,21-03-2018,1,1,1,1,19,4,2,0,0,0,0,-1,9,1
21171,77.62686526,13.01395001,1,3,1,1,4,23:23,10,E09000032,3,3,6,30,0,-1,-1,0,0,0,4,1,1,0,0,1,1,E01004502,06-04-2018,1,2,2,1,19,4,1,0,0,1,0,-1,9,1
21172,77.65698723,12.99558932,1,2,2,1,7,16:04,10,E09000032,3,3,6,30,7,2,3,205,0,5,1,1,1,0,0,1,1,E01004499,19-03-2018,1,3,2,2,17,4,2,0,0,2,0,-1,9,1
21173,77.52884882,13.04731655,1,2,2,1,6,20:27,10,E09000032,3,24,6,30,3,4,3,24,0,0,4,1,1,0,0,1,1,E01004526,01-04-2018,1,1,3,1,27,6,2,5,1,0,0,-1,0,1
21174,77.5275849,13.04286485,1,2,1,1,6,20:25,10,E09000032,5,0,6,30,3,4,6,0,0,5,4,2,2,0,0,1,1,E01004595,11-03-2018,3,1,1,1,37,7,3,0,0,0,0,-1,9,-1
21175,77.57143151,12.98108587,1,3,2,1,3,10:50,10,E09000032,3,214,6,30,6,2,4,229,0,0,1,1,1,0,0,1,3,E01004626,05-04-2018,1,1,1,1,28,6,2,0,0,0,0,-1,4,-1
21176,77.56688662,12.98987216,1,3,2,1,7,11:25,10,E09000032,3,217,2,30,3,4,3,217,0,0,1,1,1,0,0,1,1,E01004509,09-04-2018,1,2,3,1,37,7,2,5,1,0,0,-1,0,-1
21177,77.67473888,12.99215775,1,3,2,1,3,09:12,10,E09000032,3,306,6,30,8,4,6,0,0,0,1,1,1,0,0,1,1,E01004568,05-04-2018,1,1,3,1,-1,-1,2,1,1,0,0,-1,0,-1
21178,77.59457812,13.01942426,1,2,1,1,1,18:30,10,E09000032,3,24,6,30,6,4,6,0,0,0,1,1,1,0,0,1,2,E01004476,03-04-2018,1,1,1,1,29,6,3,0,0,0,0,-1,9,1
21179,77.58529821,12.97715306,1,3,2,1,2,14:50,10,E09000032,5,0,6,30,6,4,6,0,0,0,1,1,1,0,0,1,1,E01004528,04-04-2018,2,1,1,1,-1,-1,3,0,0,0,0,-1,9,-1
21180,77.58195643,13.0351088,1,3,2,1,4,16:30,10,E09000032,3,24,6,30,3,2,4,242,0,5,1,1,1,0,0,1,1,E01004474,06-04-2018,1,1,1,1,-1,-1,3,0,0,0,0,-1,4,-1
21181,77.64131188,12.99564407,1,3,1,1,2,19:01,10,E09000032,3,3220,6,30,3,4,4,305,0,4,4,1,1,0,0,1,1,E01004583,21-03-2018,1,1,3,1,16,4,2,10,1,0,0,-1,0,1
21182,77.59169771,13.01545688,1,3,1,1,4,15:55,10,E09000032,6,0,6,30,3,2,6,0,0,5,1,1,1,0,0,1,1,E01004626,13-04-2018,2,1,1,1,-1,-1,3,0,0,0,0,-1,9,1
21183,77.60857845,12.96751371,1,3,1,1,5,15:20,9,E09000022,3,216,6,30,3,4,3,214,0,4,1,1,1,0,0,1,1,E01003119,12-05-2018,1,1,2,1,21,5,3,0,0,1,0,-1,9,1
21184,77.53706094,12.99300793,1,3,2,1,2,19:22,10,E09000032,3,3205,6,30,3,4,6,0,0,0,1,1,1,0,0,1,1,E01004561,11-04-2018,1,1,3,2,37,7,3,5,1,0,0,-1,0,-1
21185,77.53446741,13.01263453,1,2,3,1,4,20:19,10,E09000032,3,3220,6,30,0,-1,-1,0,0,0,4,1,1,0,0,1,1,E01004577,13-04-2018,1,1,3,1,-1,-1,2,5,1,0,0,-1,0,-1
21186,77.58448101,12.99421997,1,2,2,1,7,00:24,10,E09000032,4,242,6,30,3,4,6,0,0,0,4,1,1,0,0,1,1,E01004486,16-04-2018,1,1,2,2,-1,-1,3,0,0,1,0,-1,9,-1
21187,77.57269877,12.9977933,1,3,2,1,3,18:10,10,E09000032,3,3209,6,30,3,4,6,0,0,0,1,1,1,0,0,1,1,E01004509,12-04-2018,1,2,2,1,-1,-1,3,0,0,2,0,-1,9,-1
21188,77.62222384,12.96849467,1,3,2,1,5,19:31,10,E09000032,3,3,6,30,3,4,5,0,0,0,1,2,2,0,0,1,1,E01004553,07-04-2018,1,1,3,1,82,11,1,4,1,0,0,-1,0,-1
21189,77.65729046,12.97191766,1,3,3,1,6,15:28,10,E09000032,3,219,1,30,1,4,3,3,0,0,1,1,1,0,0,1,1,E01004505,11-03-2018,1,1,3,1,39,7,3,5,4,0,0,-1,0,-1
21190,77.55831727,13.00247136,1,3,2,1,7,11:20,10,E09000032,3,3205,6,30,6,2,6,0,0,5,1,1,1,0,0,1,1,E01004538,02-04-2018,1,1,1,2,33,6,3,0,0,0,0,-1,9,1
21191,77.55385276,13.02749354,1,3,2,2,2,14:47,10,E09000032,3,3205,6,30,3,2,6,0,0,5,1,1,1,0,0,1,1,E01004562,11-04-2018,2,2,1,2,25,5,3,0,0,0,0,-1,9,1
21192,77.65797318,13.00139392,1,2,2,1,4,20:35,10,E09000032,3,218,6,30,3,4,3,218,0,0,4,1,1,0,0,1,1,E01004595,06-04-2018,1,1,1,2,31,6,3,0,0,0,0,-1,9,1
21193,77.65390242,12.97476298,1,3,2,2,5,12:33,10,E09000032,3,3,6,30,0,-1,-1,0,0,0,1,1,1,0,0,1,1,E01004503,17-03-2018,2,2,2,2,-1,-1,3,0,0,1,0,-1,9,-1
21194,77.61527272,13.00498083,1,3,1,1,7,19:50,10,E09000032,3,306,6,30,0,-1,-1,0,0,0,4,1,1,0,0,1,1,E01004571,09-04-2018,2,1,1,1,24,5,2,0,0,0,0,-1,5,1
21195,77.53957887,12.98100956,1,3,2,1,5,08:10,10,E09000032,3,24,6,30,6,4,5,0,0,0,1,1,1,0,0,1,1,E01004474,07-04-2018,1,1,1,1,21,5,3,0,0,0,0,-1,3,1
21196,77.62274199,13.04153721,1,2,3,2,7,18:27,10,E09000032,3,218,6,30,3,4,5,0,0,0,1,1,1,0,0,1,1,E01004601,16-04-2018,1,1,2,1,23,5,3,0,0,1,0,-1,9,-1
21197,77.59946557,13.00578417,1,2,2,1,4,12:01,10,E09000032,3,218,6,30,2,4,3,218,0,0,1,2,2,0,0,1,1,E01004593,06-04-2018,1,2,1,1,21,5,3,0,0,0,0,-1,9,-1
21198,77.54267632,13.00399587,1,2,1,1,6,07:45,9,E09000022,3,3036,6,30,0,-1,-1,0,0,0,1,1,1,0,0,1,1,E01003037,08-04-2018,2,1,1,2,-1,-1,3,0,0,0,0,-1,9,-1
21199,77.56460709,13.04496668,1,3,1,1,7,13:45,10,E09000032,5,0,6,30,6,4,6,0,0,0,1,1,1,0,0,1,1,E01004533,16-04-2018,2,2,2,2,-1,-1,3,0,0,1,0,-1,9,-1
21200,77.5535533,12.96933665,1,3,1,1,2,08:20,10,E09000032,3,205,6,30,7,2,3,219,0,5,1,1,1,0,0,1,2,E01004506,04-04-2018,2,3,3,1,-1,-1,3,9,5,0,0,-1,0,-1
21201,77.59673212,12.97122799,1,3,1,1,4,12:40,10,E09000032,3,3216,6,30,0,-1,-1,0,0,0,1,1,2,0,0,1,1,E01004561,13-04-2018,1,1,3,2,59,9,1,6,9,0,0,-1,0,-1
21202,77.59356595,12.97037121,1,3,1,1,1,19:55,10,E09000032,3,217,6,30,0,-1,-1,0,0,0,4,1,1,0,0,1,2,E01004496,17-04-2018,2,1,1,1,41,7,2,0,0,0,0,-1,5,1
21203,77.64649556,12.98128859,1,3,2,1,5,22:20,10,E09000032,3,3205,6,30,3,4,6,0,0,4,4,1,1,0,0,1,1,E01004538,14-04-2018,3,1,2,1,28,6,3,0,0,1,0,-1,9,1
21204,77.64977508,13.0358768,1,3,2,1,6,18:45,10,E09000032,3,3220,6,30,3,4,6,0,0,0,1,1,2,0,0,1,2,E01004577,15-04-2018,3,2,1,1,21,5,3,0,0,0,0,-1,9,1
21205,77.5677603,13.01734027,1,3,1,1,5,12:05,10,E09000032,6,0,6,30,3,4,3,24,0,4,1,1,1,0,0,1,3,E01004480,03-03-2018,1,1,1,1,-1,-1,3,0,0,0,0,-1,9,-1
21206,77.65640491,12.97404823,1,3,1,1,4,15:40,22,E09000024,3,217,6,30,3,4,6,0,0,0,1,1,1,0,0,1,1,E01003388,20-04-2018,1,1,3,1,71,10,3,4,3,0,0,-1,0,-1
21207,77.65709058,13.02896339,1,3,2,2,5,17:40,10,E09000032,3,24,6,30,0,-1,-1,0,0,0,1,1,1,0,0,1,2,E01004548,21-04-2018,1,1,1,1,29,6,3,0,0,0,0,-1,9,1
21208,77.55000787,13.03017674,1,3,2,1,3,08:45,10,E09000032,3,218,6,30,8,4,3,218,0,0,1,1,1,0,0,1,1,E01004595,19-04-2018,1,1,2,1,28,6,3,0,0,1,0,-1,9,-1
21209,77.6721306,12.97221452,1,3,2,1,6,08:30,10,E09000032,4,242,6,30,3,4,6,0,0,0,1,1,1,0,0,1,1,E01004486,22-04-2018,1,1,1,1,29,6,3,0,0,0,0,-1,3,1
21210,77.51772078,12.99418725,1,2,1,1,1,20:23,10,E09000032,3,3,6,30,5,4,3,214,0,0,4,2,2,0,0,1,1,E01004510,17-04-2018,1,1,3,1,57,9,3,5,3,0,0,-1,0,1
21211,77.61180751,13.00815796,1,2,1,1,5,19:28,10,E09000032,3,205,2,30,3,4,3,205,0,1,1,1,1,0,0,1,1,E01004554,21-04-2018,2,1,1,2,-1,-1,3,0,0,0,0,-1,9,-1
21212,77.6618893,12.97154075,1,3,2,1,6,07:30,10,E09000032,6,0,6,30,0,-1,-1,0,0,0,1,1,1,0,0,1,2,E01004622,15-04-2018,2,1,2,2,-1,-1,3,0,0,2,0,-1,9,1
21213,77.53604544,13.02064653,1,3,2,1,5,09:35,10,E09000032,6,0,6,30,3,4,6,0,0,0,1,1,1,0,0,1,1,E01004626,21-04-2018,2,1,3,1,-1,-1,3,10,9,0,0,-1,0,-1
21214,77.5790774,12.99444522,1,3,2,1,4,12:48,10,E09000032,3,3205,6,30,3,2,6,0,0,5,1,1,1,0,0,1,1,E01004538,13-04-2018,2,1,1,1,52,8,2,0,0,0,0,-1,1,-1
21215,77.54971683,12.97074127,1,3,1,1,3,17:35,10,E09000032,3,219,6,30,3,2,3,3209,0,5,1,1,1,0,0,1,1,E01004609,26-04-2018,1,1,1,1,48,8,3,0,0,0,0,-1,9,1
21216,77.52534183,12.99802103,1,3,2,1,4,17:49,10,E09000032,3,219,6,30,3,4,6,0,0,0,1,1,1,0,0,1,1,E01004573,20-04-2018,2,2,1,1,38,7,3,0,0,0,0,-1,9,-1
21217,77.53576793,13.03212052,1,3,2,2,6,12:30,10,E09000032,4,229,6,30,6,2,4,237,0,0,1,1,1,0,0,1,1,E01004559,22-04-2018,1,1,2,2,15,3,3,0,0,0,0,-1,2,1
21218,77.56927368,13.03848849,1,3,2,1,2,20:50,10,E09000032,6,0,6,30,0,-1,-1,0,0,0,1,1,2,0,0,1,3,E01004544,28-02-2018,1,1,3,1,23,5,2,4,1,0,0,-1,0,-1
21219,77.61202414,12.99791502,1,3,1,1,2,15:21,10,E09000032,4,229,6,30,0,-1,-1,0,1,0,1,1,1,0,0,1,1,E01004497,25-04-2018,1,2,1,1,26,6,3,0,0,0,0,-1,9,1
21220,77.55027624,12.98990847,1,2,1,2,3,15:47,10,E09000032,3,216,6,30,6,2,6,0,0,5,1,1,1,0,0,1,1,E01004517,26-04-2018,1,3,3,1,35,6,2,9,7,0,0,-1,0,-1
21221,77.55380088,12.99975485,1,3,1,1,4,18:57,10,E09000032,3,3,2,30,0,-1,-1,0,0,0,1,1,1,0,0,1,1,E01004509,20-04-2018,2,1,1,1,25,5,3,0,0,0,0,-1,9,1
21222,77.51048124,12.98067341,1,3,1,1,4,12:25,10,E09000032,4,242,6,30,6,2,5,0,0,5,1,1,1,0,0,1,1,E01004474,27-04-2018,1,1,3,1,81,11,3,8,9,0,0,-1,0,1
21223,77.61490455,13.02790914,1,3,1,1,4,15:30,10,E09000032,4,237,6,30,3,2,4,229,0,5,1,2,2,0,0,1,1,E01004543,27-04-2018,1,1,1,2,42,7,3,0,0,0,0,-1,9,1
21224,77.55769195,13.04654125,1,3,3,1,6,21:32,10,E09000032,3,205,6,30,3,4,5,0,0,0,4,1,1,0,0,1,1,E01004476,22-04-2018,2,1,2,1,40,7,3,0,0,1,0,-1,9,1
21225,77.67064261,12.9832836,1,3,2,1,4,19:55,10,E09000032,3,214,7,30,5,4,3,3036,0,0,1,1,1,0,0,1,3,E01004510,13-04-2018,2,2,2,2,45,7,3,0,0,2,0,-1,9,1
21226,77.53330336,13.04476933,1,3,2,1,6,13:20,10,E09000032,6,0,6,30,0,-1,-1,0,0,0,1,2,2,0,0,1,2,E01004629,15-04-2018,2,3,2,2,23,5,3,0,0,2,0,-1,9,1
21227,77.63700172,12.97813698,1,3,1,1,7,18:30,10,E09000032,6,0,6,30,0,-1,-1,0,0,0,1,1,1,0,0,1,1,E01004531,23-04-2018,2,1,1,1,55,8,2,0,0,0,0,-1,5,3
21228,77.57545725,13.01001886,1,3,2,1,5,15:17,10,E09000032,3,24,6,30,3,4,6,0,0,0,1,1,1,0,0,1,1,E01004612,21-04-2018,1,1,1,1,21,5,3,0,0,0,0,-1,9,1
21229,77.55197852,13.00583063,1,3,1,1,4,12:45,10,E09000032,3,217,3,30,3,4,5,0,0,4,1,2,2,0,0,1,1,E01004525,04-05-2018,2,2,2,1,-1,-1,3,0,0,1,0,-1,9,-1
21230,77.5434806,13.01095888,1,3,2,1,3,20:57,10,E09000032,6,0,6,30,3,4,6,0,0,0,4,2,2,0,0,1,1,E01004572,26-04-2018,2,1,1,1,22,5,3,0,0,0,0,-1,9,-1
21231,77.66575656,13.02686045,1,3,2,1,6,16:30,10,E09000032,3,214,6,30,3,2,6,0,0,5,1,1,1,0,0,1,1,E01004524,29-04-2018,2,1,1,1,-1,-1,3,0,0,0,0,-1,9,-1
21232,77.59163886,12.99440169,1,3,2,2,7,18:42,10,E09000032,3,24,6,30,3,2,6,0,0,5,1,1,1,0,0,1,2,E01004611,23-04-2018,1,1,2,2,-1,-1,3,0,0,1,0,-1,9,-1
21233,77.63780484,13.01347126,1,3,2,1,7,12:29,10,E09000032,3,217,6,30,3,4,6,0,0,0,1,2,2,0,0,1,1,E01004496,23-04-2018,1,1,1,1,27,6,2,0,0,0,0,-1,1,1
21234,77.64272991,13.03068163,1,3,2,1,6,13:20,9,E09000022,3,3036,3,30,6,2,3,3205,0,0,1,1,1,0,0,1,1,E01003103,29-04-2018,2,1,2,2,48,8,3,0,0,1,0,-1,9,1
21235,77.57150194,13.01411898,1,3,2,1,2,19:00,10,E09000032,6,0,6,30,3,4,6,0,0,0,1,1,1,0,0,1,1,E01004628,25-04-2018,1,1,2,1,32,6,2,0,0,2,0,-1,9,-1
21236,77.5663086,13.00000791,1,3,2,1,6,14:25,10,E09000032,3,217,6,30,3,4,6,0,0,0,1,1,1,0,0,1,1,E01004509,22-04-2018,1,2,2,2,20,4,2,0,0,2,0,-1,9,1
21237,77.51852814,12.98199199,1,3,3,2,5,10:30,10,E09000032,3,214,6,30,3,2,4,241,0,5,1,1,1,0,0,1,1,E01004483,28-04-2018,1,1,1,2,37,7,3,0,0,0,0,-1,9,2
21238,77.53986536,12.96983021,1,3,2,2,6,13:10,10,E09000032,5,0,6,30,3,4,6,0,0,0,1,1,1,0,0,1,1,E01004491,22-04-2018,1,1,1,1,23,5,3,0,0,0,0,-1,9,-1
21239,77.52680438,12.97047992,1,3,3,1,5,09:25,10,E09000032,3,306,6,30,3,4,3,306,0,0,1,1,1,0,0,1,1,E01004568,21-04-2018,1,2,2,1,32,6,3,0,0,1,0,-1,9,-1
21240,77.56175286,13.00452806,1,3,2,1,3,15:11,10,E09000032,3,24,6,30,6,4,6,0,0,0,1,1,1,0,0,1,1,E01004474,12-04-2018,2,1,1,1,-1,-1,3,0,0,0,0,-1,9,-1
21241,77.59833467,12.99029989,1,3,2,1,7,22:30,10,E09000032,3,214,6,30,8,4,6,0,0,0,4,1,1,0,0,1,1,E01004483,07-05-2018,2,1,1,1,49,8,3,0,0,0,0,-1,5,-1
21242,77.59108403,13.036432,1,3,2,1,7,08:30,10,E09000032,6,0,6,30,0,-1,-1,0,0,0,1,1,2,0,0,1,1,E01004481,07-05-2018,1,1,1,1,35,6,2,0,0,0,0,-1,3,1
21243,77.64002814,12.99397295,1,3,2,2,2,17:15,10,E09000032,6,0,2,30,0,-1,-1,0,0,0,1,2,2,0,0,1,1,E01004554,25-04-2018,2,2,1,2,30,6,3,0,0,0,0,-1,9,1
21244,77.52368521,13.0282447,1,3,2,1,1,23:14,10,E09000032,6,0,6,30,3,4,3,214,0,0,4,1,1,0,0,1,1,E01004523,01-05-2018,2,1,1,2,37,7,3,0,0,0,0,-1,9,-1
21245,77.67573284,12.99498024,1,3,2,1,6,06:13,10,E09000032,3,3205,3,30,5,4,6,0,0,0,1,1,1,0,0,1,1,E01004562,06-05-2018,2,2,2,1,47,8,3,0,0,1,0,-1,9,-1
21246,77.67977104,12.99738116,1,3,3,1,6,08:50,10,E09000032,3,3216,6,30,3,4,6,0,0,0,1,1,1,0,0,1,1,E01004561,06-05-2018,1,1,2,1,-1,-1,3,0,0,1,0,-1,9,-1
21247,77.63664418,13.03172497,1,3,2,1,5,12:54,10,E09000032,6,0,6,30,3,4,3,24,0,0,1,1,1,0,0,1,1,E01004476,05-05-2018,1,1,1,1,38,7,3,0,0,0,0,-1,9,1
21248,77.66967268,12.99787643,1,3,3,1,6,08:59,10,E09000032,3,219,6,30,0,-1,-1,0,0,0,1,1,1,0,0,1,1,E01004609,06-05-2018,1,1,3,1,25,5,2,5,1,0,0,-1,0,1
21249,77.66995408,13.0165401,1,3,2,1,6,19:15,10,E09000032,6,0,6,30,0,-1,-1,0,0,0,1,1,1,0,0,1,1,E01004630,06-05-2018,1,1,1,1,-1,-1,3,0,0,0,0,-1,9,-1
21250,77.56979652,12.98004771,1,3,4,2,2,09:15,10,E09000032,3,3,3,40,0,-1,-1,0,0,0,1,1,1,0,0,1,1,E01004573,09-05-2018,1,2,2,1,-1,-1,3,0,0,1,0,-1,9,-1
21251,77.66908829,12.98862425,1,3,2,1,2,19:00,9,E09000022,3,3036,6,30,3,4,5,0,0,0,1,1,1,0,0,1,1,E01003089,09-05-2018,2,3,1,1,41,7,2,0,0,0,0,-1,5,1
21252,77.62124888,13.02334197,1,3,2,2,2,09:05,10,E09000032,3,3205,6,30,7,2,3,3205,0,0,1,1,1,0,0,1,2,E01004561,02-05-2018,1,1,1,1,20,4,1,0,0,0,0,-1,5,-1
21253,77.58258991,12.98857845,1,3,2,1,5,09:45,10,E09000032,6,0,2,30,0,-1,-1,0,0,0,1,1,1,0,0,1,2,E01004576,05-05-2018,1,1,3,1,19,4,3,9,5,0,0,-1,0,1
21254,77.59712408,13.01175314,1,3,2,1,1,11:12,10,E09000032,3,219,6,30,3,4,6,0,0,0,1,1,1,0,0,1,1,E01004573,08-05-2018,1,1,1,2,84,11,1,0,0,0,0,-1,9,1
21255,77.60327937,12.98467124,1,3,1,1,3,07:28,10,E09000032,3,3205,6,30,0,-1,-1,0,0,4,1,1,1,0,0,1,1,E01004578,10-05-2018,1,3,2,2,85,11,3,0,0,1,0,-1,9,1
21256,77.56793385,13.0381906,1,3,1,1,2,21:24,10,E09000032,3,24,6,30,0,-1,-1,0,0,0,4,2,2,0,0,1,1,E01004474,16-05-2018,2,2,1,1,21,5,2,0,0,0,0,-1,5,1
21257,77.53032089,13.03355445,1,3,2,1,5,11:15,10,E09000032,3,3205,3,30,3,2,3,3205,0,5,1,1,1,0,0,1,1,E01004509,12-05-2018,1,1,3,2,24,5,1,5,1,0,0,-1,0,1
21258,77.59980529,13.01769054,1,2,4,2,3,20:49,10,E09000032,3,3205,6,30,0,-1,-1,0,0,1,4,1,2,0,0,1,1,E01004540,10-05-2018,1,1,1,1,-1,-1,3,0,0,0,0,-1,9,-1
21259,77.52797783,13.00739043,1,3,1,1,7,12:30,10,E09000032,5,0,6,30,3,4,3,306,0,0,1,1,1,0,0,1,1,E01004571,07-05-2018,1,2,2,1,-1,-1,3,0,0,1,0,-1,9,-1
21260,77.58578415,13.01980661,1,3,2,1,6,16:30,10,E09000032,6,0,6,30,9,4,6,0,0,0,1,1,1,0,0,1,2,E01004534,29-04-2018,1,1,2,2,21,5,3,0,0,1,0,-1,9,1
21261,77.6663907,12.9993422,1,3,2,1,3,15:55,10,E09000032,6,0,6,30,0,-1,-1,0,0,0,1,1,1,0,0,1,2,E01004617,10-05-2018,1,2,2,1,21,5,3,0,0,2,0,-1,9,-1
21262,77.51158042,12.97043414,1,3,2,1,3,18:30,10,E09000032,3,24,6,30,3,4,6,0,0,0,1,1,1,0,0,1,2,E01004613,03-05-2018,1,1,1,1,29,6,3,0,0,0,0,-1,9,-1
21263,77.6650342,13.00434884,1,3,2,1,2,09:42,10,E09000032,3,218,6,30,0,-1,-1,0,0,0,1,1,1,0,0,1,1,E01004601,16-05-2018,1,1,1,1,22,5,3,0,0,0,0,-1,3,1
21264,77.52173237,13.02602647,1,3,2,1,2,21:00,10,E09000032,5,0,6,30,6,2,3,24,0,5,4,2,2,0,0,1,1,E01004530,16-05-2018,1,2,2,1,20,4,3,0,0,0,0,-1,3,1
21265,77.53751465,13.04498753,1,2,1,1,6,15:20,10,E09000032,4,229,6,30,6,4,5,0,0,1,1,2,2,0,0,1,3,E01004497,15-04-2018,1,1,1,2,23,5,3,0,0,0,0,-1,9,1
21266,77.62564378,12.97342693,1,3,2,1,7,17:00,10,E09000032,6,0,6,30,6,4,6,0,0,0,1,1,1,0,0,1,1,E01004613,07-05-2018,1,2,2,2,-1,-1,2,0,0,2,0,-1,9,-1
21267,77.62639366,13.01356341,1,2,2,1,2,09:55,10,E09000032,3,217,1,30,1,2,3,214,0,0,1,1,1,0,0,1,1,E01004514,16-05-2018,3,3,1,1,16,4,2,0,0,0,0,-1,2,3
21268,77.5865501,13.00039302,1,3,1,1,6,23:55,10,E09000032,5,0,6,30,6,2,5,0,0,5,4,1,1,0,0,1,1,E01004629,20-05-2018,1,1,1,2,27,6,3,0,0,0,0,-1,9,1
21269,77.60841729,13.00382528,1,3,2,4,1,21:43,10,E09000032,5,0,6,30,3,4,6,0,0,0,4,1,1,0,0,1,1,E01004519,22-05-2018,2,1,1,1,31,6,3,0,0,0,0,-1,5,1
21270,77.60296074,13.02899715,1,3,2,1,6,14:38,24,E09000027,3,205,6,30,3,4,6,0,0,0,1,1,1,0,0,1,1,E01003852,20-05-2018,1,1,1,1,20,4,2,0,0,0,0,-1,9,1
21271,77.5833551,12.97401197,1,3,3,2,3,15:29,10,E09000032,3,24,6,30,0,-1,-1,0,0,0,1,1,1,0,0,1,1,E01004530,17-05-2018,1,1,1,2,8,2,3,0,0,0,0,-1,1,-1
21272,77.56221721,13.03385682,1,3,2,1,4,09:35,10,E09000032,3,205,6,30,3,4,6,0,0,0,1,1,1,0,0,1,1,E01004639,11-05-2018,1,1,1,1,57,9,1,0,0,0,0,-1,1,1
21273,77.66820574,13.03198571,1,3,2,1,1,18:30,10,E09000032,3,205,6,30,9,4,6,0,0,0,1,1,1,0,0,1,1,E01004507,08-05-2018,1,1,2,2,56,9,3,0,0,0,4,-1,11,1
21274,77.6661929,13.02240517,1,3,1,1,6,22:04,10,E09000032,6,0,6,30,0,-1,-1,0,0,0,4,1,1,0,0,1,1,E01004569,20-05-2018,1,1,1,1,19,4,2,0,0,0,0,-1,3,-1
21275,77.59487606,12.99686489,1,3,2,1,5,08:58,10,E09000032,4,241,3,30,3,2,5,0,0,0,1,2,2,0,0,1,1,E01004529,19-05-2018,1,2,3,1,78,11,2,4,3,0,0,-1,0,1
21276,77.6524595,12.99481511,1,2,2,1,6,06:11,10,E09000032,3,24,6,30,3,2,6,0,0,5,4,1,1,0,0,1,1,E01004611,20-05-2018,1,1,3,2,81,11,3,5,3,0,0,-1,0,-1
21277,77.52920661,12.98520958,1,3,2,1,6,19:13,10,E09000032,6,0,6,30,3,4,6,0,0,0,1,1,1,0,0,1,1,E01004604,13-05-2018,1,1,3,1,60,9,2,5,3,0,0,-1,0,-1
21278,77.57265323,12.99003636,1,3,1,2,6,19:44,10,E09000032,3,219,3,30,0,-1,-1,0,0,0,1,1,1,0,0,1,1,,20-05-2018,1,1,3,2,5,1,2,5,3,0,0,-1,0,-1
21279,77.64052888,12.98513865,1,3,2,1,6,08:08,10,E09000032,3,218,6,30,3,4,5,0,0,0,1,2,2,0,0,1,1,E01004601,20-05-2018,1,1,3,2,50,8,2,6,9,0,0,-1,0,-1
21280,77.56583093,12.96893412,1,3,2,1,7,13:50,10,E09000032,3,3220,6,30,6,4,6,0,0,1,1,1,2,0,0,1,1,E01004585,21-05-2018,1,1,1,1,29,6,3,0,0,0,0,-1,9,1
21281,77.5358206,12.99363992,1,3,1,1,5,09:55,10,E09000032,3,3036,6,30,6,2,5,0,0,5,1,1,1,0,0,1,1,E01004551,19-05-2018,2,2,1,1,22,5,3,0,0,0,0,-1,9,1
21282,77.63677591,13.02355727,1,3,1,1,4,10:29,9,E09000022,3,24,6,30,3,2,4,237,0,5,1,1,1,0,0,1,1,E01004476,25-05-2018,2,1,1,2,22,5,3,0,0,0,0,-1,9,1
21283,77.544117,13.01562263,1,3,2,1,6,09:15,10,E09000032,3,217,1,30,1,2,3,217,0,0,1,1,1,0,0,1,1,E01004509,27-05-2018,1,1,1,1,20,4,3,0,0,0,0,-1,9,-1
21284,77.61629003,12.99335268,1,3,2,1,6,11:30,10,E09000032,3,3,6,30,6,4,3,205,0,0,1,1,1,0,0,1,1,E01004554,27-05-2018,1,2,2,1,32,6,3,0,0,1,0,-1,9,1
21285,77.6532175,13.0041623,1,3,2,1,4,05:56,10,E09000032,5,0,6,30,3,4,6,0,0,0,1,1,1,0,0,1,1,E01004523,01-06-2018,1,1,3,1,27,6,3,5,3,0,0,-1,0,-1