Accident_Index,longitude,latitude,Police_Force,Accident_Severity,Number_of_Vehicles,Number_of_Casualties,Day_of_Week,Time,Local_Authority_(District),Local_Authority_(Highway),1st_Road_Class,1st_Road_Number,Road_Type,Speed_limit,Junction_Detail,Junction_Control,2nd_Road_Class,2nd_Road_Number,Pedestrian_Crossing-Human_Control,Pedestrian_Crossing-Physical_Facilities,Light_Conditions,Weather_Conditions,Road_Surface_Conditions,Special_Conditions_at_Site,Carriageway_Hazards,Urban_or_Rural_Area,Did_Police_Officer_Attend_Scene_of_Accident,LSOA_of_Accident_Location,Date,Vehicle_Reference,Casualty_Reference,Casualty_Class,Sex_of_Casualty,Age_of_Casualty,Age_Band_of_Casualty,Casualty_Severity,Pedestrian_Location,Pedestrian_Movement,Car_Passenger,Bus_or_Coach_Passenger,Pedestrian_Road_Maintenance_Worker,Casualty_Type,Casualty_Home_Area_Type
21286,77.6579118,12.97068625,1,3,1,1,7,11:35,10,E09000032,3,3036,6,30,3,4,6,0,0,1,1,1,1,0,0,1,1,E01004589,28-05-2018,1,1,1,1,19,4,2,0,0,0,0,-1,4,-1
21287,77.63931033,13.04607719,1,3,2,1,4,15:30,11,E09000013,3,219,6,30,0,-1,-1,0,0,0,1,1,1,0,0,1,1,,25-05-2018,1,1,3,1,50,8,2,6,9,0,0,-1,0,1
21288,77.59764719,12.97373074,1,3,2,1,5,08:45,10,E09000032,3,3216,6,30,3,2,6,0,0,0,1,1,1,0,0,1,1,E01004565,26-05-2018,1,1,1,1,40,7,3,0,0,0,0,-1,9,-1
21289,77.57776293,13.01465764,1,3,1,1,5,23:40,10,E09000032,3,219,3,30,3,4,6,0,0,5,4,1,1,0,0,1,1,E01004609,26-05-2018,1,2,2,1,27,6,3,0,0,1,0,-1,9,-1
21290,77.56414739,13.03354537,1,3,1,1,6,14:55,10,E09000032,3,24,6,30,3,4,6,0,0,0,1,1,1,0,0,1,1,E01004612,27-05-2018,1,1,1,1,46,8,3,0,0,0,0,-1,3,-1
21291,77.53156459,12.99872098,1,3,2,1,1,13:24,10,E09000032,6,0,6,30,0,-1,-1,0,0,0,1,1,1,0,0,1,1,E01004568,29-05-2018,1,1,3,1,-1,-1,2,5,4,0,0,-1,0,-1
21292,77.65562475,12.97308955,1,3,2,1,6,08:50,10,E09000032,6,0,6,30,3,4,6,0,0,0,1,1,1,0,0,1,1,E01004602,27-05-2018,1,1,3,1,19,4,2,5,3,0,0,-1,0,1
21293,77.581975,12.99006537,1,3,1,1,3,19:10,10,E09000032,3,219,6,30,3,4,6,0,0,0,1,1,1,0,0,1,1,E01004609,24-05-2018,1,1,1,2,57,9,3,0,0,0,0,-1,9,1
21294,77.6685375,12.99417294,1,3,2,1,4,14:05,10,E09000032,3,24,6,30,0,-1,-1,0,0,0,1,1,1,0,0,1,1,E01004613,01-06-2018,2,2,2,1,-1,-1,3,0,0,1,0,-1,9,-1
21295,77.65429457,12.99353097,1,3,2,1,6,15:45,10,E09000032,4,306,6,30,3,4,6,0,0,0,1,1,1,0,0,1,1,E01004604,27-05-2018,2,3,1,1,-1,-1,3,0,0,0,0,-1,9,-1
21296,77.67037458,13.01858197,1,3,3,2,6,14:45,10,E09000032,3,217,6,30,3,4,5,0,0,0,1,1,1,0,0,1,1,E01004529,03-06-2018,1,1,1,1,79,11,2,0,0,0,0,-1,9,-1
21297,77.63306605,12.98700276,1,3,1,1,7,13:00,10,E09000032,3,24,6,30,0,-1,-1,0,0,4,1,1,1,0,0,1,2,E01004474,04-06-2018,2,2,1,1,30,6,2,0,0,0,0,-1,9,1
21298,77.63720106,13.02429959,1,3,2,1,2,12:25,10,E09000032,3,218,6,30,3,4,3,218,0,0,1,1,1,0,0,1,2,E01004601,16-05-2018,2,1,3,1,39,7,3,9,6,0,0,-1,0,1
21299,77.54281271,13.03441667,1,2,2,1,3,14:25,10,E09000032,3,219,6,30,6,2,3,205,0,0,1,1,1,0,0,1,1,E01004506,31-05-2018,1,1,3,1,18,4,2,5,3,0,0,-1,0,1
21300,77.54513552,12.99858178,1,3,2,1,5,23:30,10,E09000032,3,217,6,30,6,2,3,24,0,0,4,1,1,0,0,1,2,E01004525,26-05-2018,1,1,1,2,51,8,3,0,0,0,0,-1,9,1
21301,77.64041861,13.01576052,1,3,2,1,6,08:01,10,E09000032,3,3205,3,30,3,2,6,0,0,5,1,1,1,0,0,1,1,E01004578,03-06-2018,2,1,2,2,-1,-1,3,0,0,0,0,-1,10,-1
21302,77.5588989,13.04202955,1,2,2,1,3,18:44,10,E09000032,3,214,6,30,6,4,6,0,0,0,1,1,1,0,0,1,1,E01004626,07-06-2018,1,1,1,2,44,7,3,0,0,0,0,-1,9,-1
21303,77.58444357,12.9763757,1,3,2,1,3,16:40,10,E09000032,3,3,6,30,3,4,6,0,0,0,1,1,1,0,0,1,1,E01004503,24-05-2018,2,2,1,1,32,6,2,0,0,0,0,-1,9,1
21304,77.5773051,13.0264027,1,3,2,1,4,20:40,10,E09000032,5,0,6,30,6,4,6,0,0,0,1,1,2,0,0,1,1,E01004533,01-06-2018,1,1,1,2,43,7,3,0,0,0,0,-1,9,1
21305,77.59231435,13.01486233,1,3,1,1,4,12:20,10,E09000032,3,3,2,30,0,-1,-1,0,0,0,1,2,2,0,0,1,1,E01004552,01-06-2018,1,1,1,1,68,10,2,0,0,0,0,-1,9,1
21306,77.63441518,12.99597151,1,3,1,1,4,15:05,10,E09000032,5,0,6,30,0,-1,-1,0,0,0,1,1,1,0,0,1,1,E01004617,01-06-2018,1,2,2,2,74,10,1,0,0,1,0,-1,9,1
21307,77.64194202,12.98612447,1,3,1,1,7,22:15,10,E09000032,6,0,6,30,0,-1,-1,0,0,0,4,1,1,0,0,1,1,E01004575,28-05-2018,1,1,3,2,78,11,1,8,8,0,0,-1,0,1
21308,77.60109947,12.97128839,1,3,2,1,4,10:47,10,E09000032,6,0,2,30,0,-1,-1,0,0,0,1,1,1,0,0,1,1,E01004553,08-06-2018,1,1,1,1,-1,-1,3,0,0,0,0,-1,9,-1
21309,77.56902875,13.01757152,1,3,1,1,4,22:48,10,E09000032,3,24,6,30,3,4,3,24,0,0,4,1,1,0,0,1,1,E01004472,08-06-2018,2,1,1,1,16,4,3,0,0,0,0,-1,3,1
21310,77.6638258,12.98669206,1,3,1,1,4,19:31,10,E09000032,4,242,6,30,6,2,5,0,0,5,1,1,1,0,0,1,1,E01004474,08-06-2018,2,2,2,1,16,4,3,0,0,0,0,-1,3,1
21311,77.60330673,12.97119081,1,3,2,1,5,17:55,10,E09000032,3,3036,6,30,3,4,6,0,0,0,1,1,1,0,0,1,1,E01004508,09-06-2018,1,1,3,1,53,8,1,4,1,0,0,-1,0,1
21312,77.61879933,13.01166701,1,3,4,1,3,00:23,10,E09000032,3,3205,1,30,1,2,3,214,0,5,4,1,1,0,0,1,1,E01004538,07-06-2018,1,1,3,1,20,4,2,5,1,0,0,-1,0,1
21313,77.61048286,13.02485109,1,3,2,1,2,17:55,10,E09000032,3,24,6,30,6,4,6,0,0,0,1,1,1,0,0,1,1,E01004476,06-06-2018,2,1,1,1,69,10,1,0,0,0,0,-1,9,-1
21314,77.5444514,12.97114641,1,3,2,1,4,07:13,10,E09000032,3,3,6,30,3,4,6,0,0,0,1,1,1,0,0,1,1,E01004510,01-06-2018,1,1,1,1,30,6,2,0,0,0,0,-1,10,-1
21315,77.67210466,13.0252702,1,3,1,1,4,10:41,10,E09000032,3,24,6,30,3,2,5,0,0,5,1,2,2,0,0,1,1,E01004617,15-06-2018,1,2,2,1,41,7,3,0,0,0,0,-1,10,-1
21316,77.66738645,13.0088351,1,2,2,1,4,19:20,10,E09000032,3,3216,6,30,3,4,3,3216,0,0,1,1,1,0,0,1,2,E01004566,08-06-2018,2,3,1,1,75,10,2,0,0,0,0,-1,9,1
21317,77.53937251,12.96818423,1,3,2,1,5,13:35,10,E09000032,3,3205,6,30,3,4,6,0,0,0,1,1,1,0,0,1,1,E01004563,09-06-2018,2,4,2,2,77,11,3,0,0,1,0,-1,9,1
21318,77.63774642,12.99992128,1,3,2,1,6,10:53,10,E09000032,6,0,6,30,3,4,3,3205,0,0,1,1,1,0,0,1,1,E01004538,10-06-2018,1,1,3,1,74,10,2,5,3,0,0,-1,0,1
21319,77.59387745,12.9810823,1,3,2,1,2,01:00,10,E09000032,3,3205,6,30,6,2,3,3220,0,5,4,1,1,1,0,1,1,E01004540,13-06-2018,1,1,1,1,30,6,2,0,0,0,0,-1,9,-1
21320,77.63256744,13.04220933,1,3,2,1,4,08:15,10,E09000032,3,217,6,30,6,2,3,217,0,5,1,1,1,0,0,1,1,E01004509,08-06-2018,1,1,3,1,41,7,1,4,1,0,0,-1,0,-1
21321,77.57789905,12.9889591,1,3,3,2,4,08:34,10,E09000032,3,3205,6,30,7,2,3,3216,0,5,1,2,2,0,0,1,1,E01004561,15-06-2018,1,1,2,1,-1,-1,3,0,0,2,0,-1,9,-1
21322,77.54793562,13.01224527,1,3,2,1,4,11:11,10,E09000032,5,0,6,30,3,4,6,0,0,0,1,2,2,0,0,1,1,E01004617,15-06-2018,1,2,2,1,-1,-1,3,0,0,1,0,-1,9,-1
21323,77.51638551,12.9906879,1,3,2,1,3,17:07,10,E09000032,3,3205,6,30,3,4,6,0,0,4,1,1,1,0,0,1,1,E01004538,14-06-2018,1,3,1,1,-1,-1,3,0,0,0,0,-1,9,-1
21324,77.53056593,12.97062751,1,3,2,1,4,22:30,10,E09000032,3,218,1,30,1,4,6,0,0,0,4,1,1,0,0,1,1,E01004593,08-06-2018,1,1,1,1,38,7,2,0,0,0,0,-1,5,1
21325,77.66232399,12.97959329,1,3,2,1,1,15:45,10,E09000032,3,219,6,30,3,4,6,0,0,0,1,1,1,0,0,1,1,E01004500,12-06-2018,1,1,1,1,-1,-1,3,0,0,0,0,-1,5,-1
21326,77.52843719,13.04664019,1,3,1,1,5,23:13,10,E09000032,6,0,6,20,3,4,6,0,0,0,4,1,1,0,0,1,1,E01004491,09-06-2018,1,1,1,1,39,7,3,0,0,0,0,-1,3,1
21327,77.52255383,13.02069144,1,3,3,1,6,16:14,10,E09000032,5,0,6,30,3,2,4,242,0,5,1,1,1,0,0,1,1,E01004474,10-06-2018,2,1,1,1,76,11,1,0,0,0,0,-1,5,-1
21328,77.64271452,13.03863019,1,3,1,1,3,20:45,10,E09000032,3,3036,6,30,0,-1,-1,0,0,0,1,1,1,0,0,1,1,E01004551,21-06-2018,1,1,3,1,3,1,1,5,1,0,0,-1,0,1
21329,77.57591004,12.99257051,1,3,2,1,4,09:25,10,E09000032,3,24,6,30,3,4,6,0,0,0,1,1,1,0,0,1,1,E01004476,22-06-2018,1,1,2,1,24,5,3,0,0,1,0,-1,9,-1
21330,77.58402235,13.04308186,1,3,2,1,3,14:12,10,E09000032,3,24,6,30,6,2,5,0,0,5,1,1,1,0,0,1,1,E01004474,21-06-2018,1,1,3,1,27,6,3,10,9,0,0,-1,0,1
21331,77.63922843,13.04074986,1,3,2,1,3,18:00,10,E09000032,3,3036,6,30,3,4,6,0,0,0,1,1,1,0,0,1,1,E01004591,17-05-2018,1,1,1,1,-1,-1,3,0,0,0,0,-1,5,-1
21332,77.62647858,12.98950887,1,3,2,1,1,15:00,10,E09000032,3,219,6,30,3,4,6,0,0,0,1,1,1,0,0,1,1,E01004501,19-06-2018,1,1,1,2,26,6,3,0,0,0,0,-1,9,1
21333,77.58351034,13.00040507,1,3,2,1,7,15:30,22,E09000024,3,236,6,30,1,4,5,0,0,0,1,1,1,0,0,1,2,E01003375,19-03-2018,1,1,1,1,22,5,2,0,0,0,0,-1,1,1
21334,77.51244809,13.03851003,1,3,2,1,5,09:19,10,E09000032,3,24,6,30,3,4,6,0,0,1,1,1,1,0,0,1,1,E01004612,23-06-2018,1,1,1,2,17,4,3,0,0,0,0,-1,9,1
21335,77.57737769,13.00829364,1,3,1,1,1,15:18,10,E09000032,5,0,6,30,3,4,6,0,0,0,1,1,1,0,0,1,1,E01004532,26-06-2018,1,2,2,1,56,9,3,0,0,1,0,-1,9,1
21336,77.51157026,12.98281878,1,2,2,1,4,09:35,10,E09000032,3,3205,6,30,3,4,6,0,0,0,1,1,1,0,0,1,1,E01004561,22-06-2018,2,3,1,1,37,7,1,0,0,0,0,-1,5,1
21337,77.53519809,13.04710293,1,3,2,1,1,21:34,10,E09000032,3,217,6,30,7,2,5,0,0,5,4,1,1,0,0,1,1,E01004509,19-06-2018,2,4,2,2,33,6,1,0,0,0,0,-1,5,1
21338,77.6089296,13.03057172,1,3,1,2,4,20:50,10,E09000032,3,219,6,30,6,2,6,0,0,5,4,1,1,0,0,1,1,E01004609,22-06-2018,1,1,2,1,-1,-1,3,0,0,1,0,-1,9,-1
21339,77.58625317,12.97237112,1,3,2,1,5,08:52,10,E09000032,3,3216,6,30,0,-1,-1,0,0,0,1,1,1,0,0,1,1,E01004561,23-06-2018,2,1,1,1,58,9,2,0,0,0,0,-1,1,-1
21340,77.58790182,12.98802547,1,3,2,1,5,15:30,10,E09000032,5,0,6,30,3,2,6,0,0,0,1,1,1,4,0,1,1,E01004515,23-06-2018,2,1,1,1,26,6,2,0,0,0,0,-1,9,1
21341,77.60258108,13.01659483,1,3,2,3,6,16:40,10,E09000032,3,3205,6,30,3,4,6,0,0,0,1,1,1,0,0,1,1,E01004539,24-06-2018,1,1,1,1,-1,-1,2,0,0,0,0,-1,5,-1
21342,77.61929255,12.9938164,1,3,2,1,1,04:50,10,E09000032,3,219,6,30,3,2,5,0,0,0,4,1,1,0,0,1,1,E01004643,26-06-2018,1,2,3,2,22,5,3,5,4,0,0,-1,0,-1
21343,77.56714128,13.03568341,1,3,2,1,3,14:16,10,E09000032,3,3220,6,30,0,-1,-1,0,0,0,1,1,1,0,0,1,1,E01004583,21-06-2018,1,1,3,1,15,3,1,5,4,0,0,-1,0,-1
21344,77.65706633,13.04470104,1,3,1,1,7,03:10,10,E09000032,3,24,3,30,0,-1,-1,0,0,8,4,1,1,0,0,1,1,E01004485,25-06-2018,2,1,1,1,68,10,3,0,0,0,0,-1,9,1
21345,77.65798755,13.02021645,1,2,2,1,5,18:25,10,E09000032,6,0,6,30,6,4,6,0,0,0,1,1,1,0,0,1,2,E01004550,30-06-2018,2,1,1,2,44,7,3,0,0,0,0,-1,9,1
21346,77.58695333,13.01428743,1,3,1,1,2,10:05,10,E09000032,3,3036,6,30,3,4,6,0,0,1,1,1,1,0,0,1,1,E01004551,27-06-2018,2,2,2,1,38,7,3,0,0,1,0,-1,9,1
21347,77.67597743,13.0202238,1,3,2,1,4,10:48,10,E09000032,3,3036,2,30,6,2,3,214,0,5,1,1,1,0,0,1,1,E01004510,29-06-2018,2,1,2,1,27,6,3,0,0,1,0,-1,9,-1
21348,77.54198509,12.98742311,1,3,2,1,6,20:05,10,E09000032,3,217,6,30,0,-1,-1,0,0,0,1,1,1,0,0,1,1,E01004529,24-06-2018,2,1,1,1,61,9,3,0,0,0,0,-1,4,1
21349,77.67737214,13.031074,1,3,2,1,7,10:34,10,E09000032,3,3209,6,30,2,4,6,0,0,1,1,1,1,0,0,1,1,E01004602,25-06-2018,1,1,1,1,30,6,2,0,0,0,0,-1,21,1
21350,77.50972649,13.00542189,1,3,2,1,2,11:54,10,E09000032,3,306,6,30,3,4,6,0,0,0,1,1,1,0,0,1,1,E01004569,04-07-2018,1,2,2,1,21,5,3,0,0,0,0,-1,21,1
21351,77.55867978,13.03289338,1,3,2,1,1,13:57,10,E09000032,3,306,3,40,6,2,3,306,0,5,1,1,1,0,0,1,1,E01004568,26-06-2018,1,1,2,1,-1,-1,2,0,0,1,0,-1,9,-1
21352,77.65187587,13.04229237,1,3,2,2,5,20:22,10,E09000032,3,24,6,30,3,2,5,0,0,0,1,2,2,0,0,1,1,E01004526,30-06-2018,1,1,3,2,28,6,1,5,2,0,0,-1,0,-1
21353,77.62633098,13.01440705,1,3,2,1,6,17:30,10,E09000032,3,217,6,30,6,2,3,24,0,5,1,1,1,0,0,1,2,E01004617,01-07-2018,1,1,1,1,28,6,3,0,0,0,0,-1,9,1
21354,77.67689442,12.97747993,1,3,2,1,5,08:55,10,E09000032,3,3205,6,30,3,4,6,0,0,0,1,1,1,0,0,1,1,E01004540,07-07-2018,1,2,2,1,37,7,3,0,0,1,0,-1,9,-1
21355,77.52303921,13.02618949,1,3,2,1,5,08:45,10,E09000032,3,217,6,30,6,4,6,0,0,0,1,1,1,0,0,1,2,E01004494,07-07-2018,2,1,1,1,45,7,3,0,0,0,0,-1,9,1
21356,77.51694803,12.97034869,1,3,2,1,4,18:20,10,E09000032,3,214,6,30,3,4,6,0,0,0,1,1,1,0,0,1,2,E01004523,06-07-2018,2,2,2,2,31,6,3,0,0,1,0,-1,9,1
21357,77.64331847,12.98570106,1,3,3,1,7,08:45,10,E09000032,3,3205,6,30,3,4,6,0,0,0,1,1,1,0,0,1,1,E01004534,18-06-2018,3,3,1,1,36,7,3,0,0,0,0,-1,9,1
21358,77.64907452,13.04052144,1,2,2,1,5,08:16,10,E09000032,3,3,6,30,8,4,6,0,0,0,1,1,1,0,0,1,1,E01004505,09-06-2018,3,4,2,1,39,7,2,0,0,2,0,-1,9,-1
21359,77.61607374,13.00251728,1,3,2,1,3,19:04,10,E09000032,5,0,6,30,3,4,6,0,0,0,1,1,1,0,0,1,1,E01004541,28-06-2018,3,5,2,1,48,8,2,0,0,1,0,-1,9,1
21360,77.56584578,12.99071317,1,3,2,1,5,22:55,10,E09000032,3,3220,6,30,3,4,5,0,0,1,4,1,1,0,0,1,1,E01004583,30-06-2018,1,1,3,1,2,1,2,5,1,0,0,-1,0,1
21361,77.64441441,13.02859079,1,3,2,1,7,16:05,10,E09000032,3,205,6,30,3,4,6,0,0,0,1,1,1,0,0,1,1,E01004639,09-07-2018,1,1,1,2,34,6,3,0,0,0,0,-1,9,-1
21362,77.51804211,12.96902033,1,3,2,1,4,20:30,10,E09000032,3,217,6,30,3,4,6,0,0,0,1,1,1,0,0,1,1,E01004496,22-06-2018,2,1,1,1,-1,-1,3,0,0,0,0,-1,19,-1
21363,77.61167219,13.03352856,1,3,2,1,4,17:15,10,E09000032,3,217,6,30,8,4,6,0,0,0,1,1,1,0,0,1,1,E01004601,06-07-2018,2,2,2,1,-1,-1,3,0,0,0,0,-1,19,-1
21364,77.57106778,13.00664613,1,3,2,1,5,07:48,10,E09000032,6,0,2,30,0,-1,-1,0,0,0,1,1,1,0,0,1,1,E01004588,16-06-2018,2,1,1,1,35,6,3,0,0,0,0,-1,9,-1
21365,77.61077794,13.01490492,1,3,1,1,4,08:10,10,E09000032,3,214,6,30,6,4,6,0,0,4,1,1,1,0,0,1,1,E01004626,06-07-2018,2,2,2,1,27,6,3,0,0,1,0,-1,9,-1
21366,77.64970063,12.98630711,1,3,2,1,2,20:00,10,E09000032,4,237,6,30,3,4,6,0,0,0,4,1,1,0,0,1,1,E01004543,27-06-2018,1,1,1,1,34,6,3,0,0,0,0,-1,9,-1
21367,77.62524769,12.98181755,1,3,2,1,6,18:34,9,E09000022,3,3036,6,30,0,-1,-1,0,0,0,1,2,2,0,0,1,1,E01003037,03-06-2018,2,1,1,1,29,6,3,0,0,0,0,-1,9,-1
21368,77.54221912,12.97443878,1,3,2,1,2,18:25,10,E09000032,5,0,6,30,3,4,6,0,0,0,1,1,1,0,0,1,1,E01004541,11-07-2018,2,2,2,2,37,7,3,0,0,1,0,-1,9,-1
21369,77.60973486,13.04116868,1,2,1,1,2,15:35,10,E09000032,3,306,6,30,3,4,6,0,0,0,1,1,1,0,0,1,1,E01004642,11-07-2018,2,3,3,1,-1,-1,2,6,9,0,0,-1,0,1
21370,77.54363421,12.96746935,1,3,2,1,6,17:25,10,E09000032,6,0,6,30,3,4,3,205,0,0,1,1,1,0,0,1,1,E01004639,17-06-2018,2,1,2,1,-1,-1,3,0,0,1,0,-1,9,-1
21371,77.57972076,13.01198821,1,3,2,1,1,01:20,10,E09000032,3,24,3,30,6,2,5,0,0,0,4,1,1,0,0,1,1,E01004474,17-07-2018,1,1,1,2,47,8,3,0,0,0,0,-1,9,1
21372,77.64902853,13.03570524,1,3,2,1,3,12:27,10,E09000032,3,217,6,30,3,4,6,0,0,1,1,1,1,0,0,1,1,E01004494,12-07-2018,1,1,1,1,14,3,3,0,0,0,0,-1,3,-1
21373,77.57723862,13.03404706,1,3,2,1,3,10:25,10,E09000032,3,217,6,30,3,4,6,0,0,0,1,1,1,0,0,1,1,E01004525,12-07-2018,2,2,1,2,-1,-1,3,0,0,0,0,-1,9,-1
21374,77.58684703,13.00685331,1,3,1,1,2,17:08,10,E09000032,3,217,6,30,0,-1,-1,0,0,0,1,1,1,0,0,1,1,E01004528,18-07-2018,2,1,1,1,35,6,2,0,0,0,0,-1,1,-1
21375,77.56712986,13.03264907,1,3,2,1,5,11:45,10,E09000032,3,3220,6,30,7,2,4,305,0,5,1,1,1,0,0,1,1,E01004583,07-07-2018,1,1,3,1,20,4,2,5,1,0,0,-1,0,-1
21376,77.65960325,13.04653487,1,3,2,1,5,06:45,10,E09000032,6,0,6,30,3,4,3,3,0,1,1,1,1,0,0,1,2,E01004554,14-07-2018,2,1,1,1,38,7,2,0,0,0,0,-1,5,1
21377,77.59298801,13.01667184,1,3,2,1,3,16:20,10,E09000032,3,3036,6,30,3,2,5,0,0,5,1,1,1,0,0,1,2,E01004551,19-07-2018,1,1,1,1,47,8,1,0,0,0,0,-1,5,-1
21378,77.57905525,12.99497883,1,3,2,1,4,15:30,10,E09000032,3,24,6,30,8,4,6,0,0,0,1,1,1,0,0,1,1,E01004526,06-07-2018,1,1,2,1,32,6,3,0,0,0,0,-1,3,-1
21379,77.59000915,13.01654422,1,3,2,1,7,13:05,10,E09000032,3,24,6,30,6,2,3,217,0,5,1,1,1,0,0,1,1,E01004525,02-07-2018,1,1,2,1,30,6,3,0,0,2,0,-1,9,-1
21380,77.5605957,13.00475845,1,3,2,1,5,17:58,10,E09000032,3,214,6,30,6,4,6,0,0,0,1,1,1,0,0,1,1,E01004626,21-07-2018,1,1,2,1,47,8,3,0,0,1,0,-1,9,-1
21381,77.61505407,12.97700858,1,3,1,1,6,17:05,10,E09000032,3,214,3,30,0,-1,-1,0,0,0,1,1,1,0,2,1,1,E01004510,15-07-2018,1,1,1,1,25,5,2,0,0,0,0,-1,3,1
21382,77.57248023,13.01796231,1,3,2,1,6,14:05,10,E09000032,6,0,6,30,6,4,6,0,0,0,1,1,1,0,0,1,1,E01004547,15-07-2018,2,2,2,2,-1,-1,3,0,0,1,0,-1,9,-1
21383,77.57707233,13.04024942,1,3,2,1,2,15:39,10,E09000032,3,3,2,30,0,-1,-1,0,0,0,1,1,1,4,0,1,1,E01004600,01-08-2018,1,1,1,1,25,5,3,0,0,0,0,-1,9,-1
21384,77.56296594,13.01638079,1,2,2,1,6,23:40,10,E09000032,3,3216,6,30,0,-1,-1,0,0,0,4,1,1,0,0,1,1,,22-07-2018,1,3,2,1,26,6,3,0,0,1,0,-1,9,-1
21385,77.58879151,13.02474778,1,3,2,1,2,18:55,9,E09000022,3,3036,6,30,0,-1,-1,0,0,0,1,1,1,0,0,1,2,E01004562,25-07-2018,2,2,1,1,36,7,3,0,0,0,0,-1,9,1
21386,77.53979918,12.97625032,1,3,2,1,2,18:00,10,E09000032,3,3,6,30,3,4,3,3,0,0,1,1,1,0,0,1,2,E01004573,25-07-2018,1,1,3,2,13,3,1,5,1,0,0,-1,0,-1
21387,77.51301015,12.97548017,1,3,2,1,1,09:45,10,E09000032,3,24,6,30,0,-1,-1,0,0,5,1,1,1,0,0,1,1,E01004488,17-07-2018,1,1,1,1,11,3,3,0,0,0,0,-1,1,-1
21388,77.51487395,13.02743996,1,3,2,1,6,09:32,10,E09000032,3,205,6,30,3,4,6,0,0,0,1,1,1,0,0,1,1,E01004506,22-07-2018,2,1,1,1,-1,-1,2,0,0,0,0,-1,9,1
21389,77.65004223,12.99607279,1,3,2,1,6,12:40,10,E09000032,3,3209,6,30,3,4,6,0,0,0,1,1,1,0,0,1,1,E01004609,22-07-2018,2,1,1,1,45,7,3,0,0,0,0,-1,9,-1
21390,77.55655688,13.03663642,1,3,1,1,7,09:41,10,E09000032,5,0,6,30,0,-1,-1,0,0,0,1,1,1,0,0,1,1,E01004641,23-07-2018,1,1,1,1,-1,-1,2,0,0,0,0,-1,3,-1
21391,77.52803058,12.99237136,1,3,2,2,2,23:27,10,E09000032,3,217,6,30,6,2,5,0,0,5,4,1,1,0,0,1,1,E01004509,25-07-2018,2,2,1,2,37,7,3,0,0,0,0,-1,9,1
21392,77.62007624,12.98786087,1,3,2,1,1,11:41,10,E09000032,3,3209,6,30,6,4,5,0,0,0,1,1,1,0,0,1,1,E01004511,17-07-2018,1,1,1,2,24,5,3,0,0,0,0,-1,9,1
21393,77.56893563,13.03541773,1,3,2,1,1,16:00,10,E09000032,3,24,6,30,3,4,6,0,0,0,1,1,1,0,0,1,2,E01004548,24-07-2018,2,1,1,1,32,6,1,0,0,0,0,-1,1,-1
21394,77.55004388,12.96719541,1,3,2,1,5,11:01,10,E09000032,4,229,6,30,6,2,3,214,0,5,1,1,1,0,0,1,2,E01004626,14-07-2018,1,1,1,1,20,4,1,0,0,0,0,-1,9,1
21395,77.58607887,13.01066715,1,3,3,1,1,13:54,23,E09000021,3,308,6,30,0,-1,-1,0,0,0,1,1,1,0,0,1,1,E01002956,17-07-2018,1,1,3,2,2,1,2,1,3,0,0,-1,0,-1
21396,77.56118271,12.9797143,1,3,2,1,1,00:50,10,E09000032,3,214,6,30,6,2,3,24,0,5,4,1,1,0,0,1,2,E01004481,24-07-2018,1,1,1,1,24,5,1,0,0,0,0,-1,5,-1
21397,77.60594283,12.96900802,1,2,1,1,5,08:45,10,E09000032,3,3209,6,20,3,2,3,219,0,5,1,1,1,0,0,1,2,E01004609,23-06-2018,1,1,1,1,24,5,2,0,0,0,0,-1,2,1
21398,77.5300462,13.02100054,1,3,1,1,3,21:56,10,E09000032,3,3205,6,30,6,2,3,3216,0,5,4,1,1,0,0,1,1,E01004561,01-03-2018,1,1,1,1,14,3,3,0,0,0,0,-1,90,-1
21399,77.64341158,13.00367437,1,3,2,1,1,17:00,10,E09000032,6,0,6,30,0,-1,-1,0,0,0,1,1,1,0,0,1,2,E01004493,24-04-2018,1,1,3,1,49,8,3,4,1,0,0,-1,0,-1
21400,77.62089248,13.02986208,1,2,2,1,3,18:00,11,E09000013,3,219,6,30,3,4,6,0,0,5,1,1,1,0,0,1,2,E01001915,31-05-2018,2,1,1,1,7,2,2,0,0,0,0,-1,1,1
21401,77.61633023,12.98344529,1,3,1,1,4,23:05,10,E09000032,5,0,6,30,3,4,6,0,0,5,4,1,1,0,0,1,1,E01004536,25-05-2018,1,1,1,1,29,6,1,0,0,0,0,-1,9,-1
21402,77.59855067,13.01184599,1,3,1,1,3,12:07,10,E09000032,3,24,6,30,3,2,6,0,0,5,1,1,1,0,0,1,1,E01004611,26-07-2018,1,2,3,1,-1,-1,2,6,9,0,0,-1,0,1
21403,77.64180552,13.03410246,1,2,2,1,2,22:49,10,E09000032,3,3036,6,30,6,4,6,0,0,0,4,1,1,0,0,1,1,E01004591,27-06-2018,1,3,3,1,31,6,3,6,9,0,0,-1,0,1
21404,77.51398602,13.02898183,1,3,2,1,7,08:25,10,E09000032,4,241,6,30,1,4,5,0,0,0,1,1,1,0,0,1,1,E01004532,09-07-2018,2,4,1,2,-1,-1,3,0,0,0,0,-1,9,-1
21405,77.60557354,12.98519752,1,3,1,1,6,13:54,10,E09000032,3,219,6,30,3,2,6,0,0,5,1,1,1,0,0,1,1,E01004609,29-07-2018,2,1,1,1,39,7,3,0,0,0,0,-1,9,-1
21406,77.67056727,13.01600977,1,3,1,1,3,20:22,10,E09000032,4,237,6,30,3,4,6,0,0,0,4,1,1,0,0,1,1,E01004476,02-08-2018,1,1,2,1,-1,-1,3,0,0,2,0,-1,9,-1