Accident_Index,longitude,latitude,Police_Force,Accident_Severity,Number_of_Vehicles,Number_of_Casualties,Day_of_Week,Time,Local_Authority_(District),Local_Authority_(Highway),1st_Road_Class,1st_Road_Number,Road_Type,Speed_limit,Junction_Detail,Junction_Control,2nd_Road_Class,2nd_Road_Number,Pedestrian_Crossing-Human_Control,Pedestrian_Crossing-Physical_Facilities,Light_Conditions,Weather_Conditions,Road_Surface_Conditions,Special_Conditions_at_Site,Carriageway_Hazards,Urban_or_Rural_Area,Did_Police_Officer_Attend_Scene_of_Accident,LSOA_of_Accident_Location,Date,Vehicle_Reference,Casualty_Reference,Casualty_Class,Sex_of_Casualty,Age_of_Casualty,Age_Band_of_Casualty,Casualty_Severity,Pedestrian_Location,Pedestrian_Movement,Car_Passenger,Bus_or_Coach_Passenger,Pedestrian_Road_Maintenance_Worker,Casualty_Type,Casualty_Home_Area_Type
21407,77.62220871,13.01730912,1,3,1,1,2,19:15,10,E09000032,3,217,6,30,3,2,6,0,0,5,1,1,1,0,0,1,1,E01004494,08-08-2018,1,1,1,1,36,7,3,0,0,0,0,-1,9,-1
21408,77.58774291,12.99324634,1,3,2,1,4,20:37,10,E09000032,6,0,6,30,6,4,6,0,0,0,4,1,1,0,0,1,1,E01004554,25-05-2018,3,1,1,1,21,5,2,0,0,0,0,-1,1,-1
21409,77.51188412,13.03944374,1,3,2,1,3,18:43,10,E09000032,3,217,6,30,3,4,6,0,0,0,1,1,1,0,0,1,1,E01004492,26-07-2018,1,1,1,2,28,6,3,0,0,0,0,-1,9,1
21410,77.64522609,12.99108031,1,3,2,1,2,14:30,10,E09000032,3,217,6,30,6,4,6,0,0,0,1,1,1,0,0,1,1,E01004494,01-08-2018,1,1,3,2,73,10,2,1,1,0,0,-1,0,1
21411,77.5967644,13.03089445,1,3,2,1,6,20:30,10,E09000032,6,0,1,30,1,4,6,0,0,4,1,1,1,0,0,1,1,E01004576,15-07-2018,2,1,1,1,16,4,3,0,0,0,0,-1,4,-1
21412,77.53848192,13.00456959,1,3,2,1,6,21:45,10,E09000032,3,3205,6,30,3,2,6,0,0,0,4,1,1,0,0,1,1,E01004562,29-07-2018,2,2,2,1,17,4,2,0,0,0,0,-1,4,-1
21413,77.53895737,12.97734598,1,3,2,1,3,08:05,10,E09000032,6,0,6,30,6,4,6,0,0,0,1,1,1,0,0,1,1,E01004602,19-07-2018,1,1,1,2,25,5,2,0,0,0,0,-1,9,1
21414,77.62235145,13.04554232,1,3,2,1,5,22:20,10,E09000032,5,0,1,30,2,4,4,235,0,0,4,1,1,0,0,1,2,E01003475,30-06-2018,1,1,1,1,36,7,1,0,0,0,0,-1,5,-1
21415,77.63669519,12.9735862,1,2,2,1,2,10:10,10,E09000032,3,24,6,30,8,4,6,0,0,0,1,1,1,0,0,1,1,E01004611,25-07-2018,1,1,1,1,20,4,3,0,0,0,0,-1,9,1
21416,77.51803154,13.01522792,1,3,1,1,3,13:00,10,E09000032,3,217,6,30,3,4,6,0,0,4,1,1,1,0,0,1,2,E01004525,02-08-2018,1,2,2,1,26,6,3,0,0,1,0,-1,9,-1
21417,77.66033636,12.98369732,1,3,2,1,3,07:37,10,E09000032,3,24,6,30,3,4,6,0,0,0,1,1,1,0,0,1,1,E01004485,09-08-2018,1,3,2,1,19,4,3,0,0,2,0,-1,9,-1
21418,77.65407926,12.98269106,1,3,1,1,4,08:50,10,E09000032,3,3220,6,20,0,-1,-1,0,0,0,1,2,2,0,0,1,1,E01004585,27-07-2018,1,4,2,2,16,4,3,0,0,2,0,-1,9,1
21419,77.56521733,13.01269006,1,3,2,1,3,07:45,10,E09000032,3,3,6,30,6,2,5,0,0,5,1,1,1,0,0,1,1,E01004514,05-07-2018,2,1,1,1,25,5,2,0,0,0,0,-1,9,-1
21420,77.61692478,13.04396633,1,2,2,1,2,19:37,10,E09000032,3,24,6,30,3,4,6,0,0,0,1,1,1,0,0,1,1,E01004612,08-08-2018,2,2,2,2,51,8,2,0,0,2,0,-1,9,1
21421,77.54557201,13.01866038,1,3,2,1,5,22:10,9,E09000022,3,3205,1,30,1,2,3,3036,0,0,4,1,1,0,0,1,1,E01004562,25-08-2018,2,3,2,1,52,8,2,0,0,2,0,-1,9,1
21422,77.63678918,12.97775627,1,3,3,2,1,12:22,10,E09000032,3,214,6,30,3,4,6,0,0,0,1,2,2,0,0,1,1,E01004549,24-07-2018,2,4,2,2,77,11,1,0,0,1,0,-1,9,1
21423,77.65500853,13.03747042,1,3,2,1,1,23:00,10,E09000032,3,24,6,30,3,4,6,0,0,0,4,2,2,0,0,1,1,E01004476,31-07-2018,2,1,1,1,28,6,3,0,0,0,0,-1,9,1
21424,77.54432613,13.00789616,1,3,2,1,5,07:55,10,E09000032,3,24,6,30,0,-1,-1,0,0,0,1,1,1,0,0,1,1,E01004617,04-08-2018,1,1,1,1,-1,-1,3,0,0,0,0,-1,10,-1
21425,77.66173052,12.99618629,1,3,2,1,6,20:10,10,E09000032,5,0,6,30,8,4,6,0,0,0,1,1,1,0,0,1,1,E01004583,05-08-2018,1,3,2,1,-1,-1,3,0,0,0,0,-1,10,-1
21426,77.60540914,13.04156915,1,3,2,1,5,16:38,10,E09000032,3,3036,6,30,3,4,6,0,0,0,1,1,1,0,0,1,1,E01004551,04-08-2018,2,2,1,1,64,9,3,0,0,0,0,-1,9,1
21427,77.5212711,13.00343401,1,3,1,1,7,09:41,10,E09000032,3,3,6,30,3,4,6,0,0,0,1,1,1,0,0,1,1,E01004499,06-08-2018,1,1,3,1,23,5,3,4,1,0,0,-1,0,-1
21428,77.63498915,12.97945644,1,3,2,1,1,14:35,10,E09000032,6,0,6,30,3,4,6,0,0,0,1,1,1,0,0,1,1,E01004487,14-08-2018,1,1,1,1,24,5,3,0,0,0,0,-1,5,1
21429,77.55937562,13.01070849,1,3,1,1,7,01:00,10,E09000032,3,214,6,30,6,4,6,0,0,0,4,1,1,0,0,1,2,E01004626,13-08-2018,1,1,3,1,22,5,3,1,1,0,0,-1,0,-1
21430,77.63205305,13.03883433,1,3,2,1,5,17:30,10,E09000032,6,0,6,30,0,-1,-1,0,0,0,1,1,1,0,0,1,1,E01004612,11-08-2018,1,1,1,1,25,5,3,0,0,0,0,-1,9,-1
21431,77.62336496,13.01890295,1,3,1,2,1,17:10,10,E09000032,3,217,6,30,0,-1,-1,0,0,0,1,1,1,0,0,1,1,E01004509,31-07-2018,1,1,3,2,85,11,1,4,1,0,0,-1,0,-1
21432,77.6602949,12.99742264,1,3,2,1,6,14:43,10,E09000032,6,0,6,30,6,4,6,0,0,0,1,1,1,0,0,1,1,E01004556,12-08-2018,1,1,3,1,70,10,2,5,3,0,0,-1,0,-1
21433,77.64547475,12.99895946,1,3,2,1,1,11:30,10,E09000032,3,3220,6,30,3,4,5,0,0,0,1,1,1,0,0,1,1,E01004583,14-08-2018,1,1,2,2,60,9,2,0,0,1,0,-1,9,1
21434,77.67718062,12.97382439,1,3,1,1,6,01:50,10,E09000032,3,3205,6,30,0,-1,-1,0,0,0,4,1,1,0,0,1,1,E01004541,12-08-2018,1,2,2,2,8,2,2,0,0,2,0,-1,9,1
21435,77.53980341,12.97862407,1,3,2,1,1,09:13,10,E09000032,3,219,6,30,0,-1,-1,0,0,5,1,1,1,0,0,1,1,E01004609,14-08-2018,1,1,1,1,55,8,1,0,0,0,0,-1,5,-1
21436,77.52987069,13.01017668,1,3,1,1,3,07:52,10,E09000032,3,219,6,30,6,2,3,205,0,5,1,1,1,0,0,1,1,E01004506,16-08-2018,1,1,1,1,13,3,2,0,0,0,0,-1,1,-1
21437,77.52717117,13.03063643,1,3,2,1,1,13:55,10,E09000032,3,3,6,30,3,4,6,0,0,0,1,1,1,0,0,1,1,E01004503,21-08-2018,1,1,2,2,66,10,3,0,0,1,0,-1,9,1
21438,77.61566631,12.98445553,1,3,2,1,2,21:30,10,E09000032,3,3,3,30,3,4,6,0,0,0,4,1,1,0,0,1,1,E01004554,08-08-2018,1,1,3,1,47,8,3,5,1,0,0,-1,0,-1
21439,77.67128105,13.02886378,1,3,2,1,5,18:45,10,E09000032,4,229,6,30,0,-1,-1,0,0,0,1,1,1,0,0,1,2,E01004490,18-08-2018,2,1,1,2,61,9,2,0,0,0,0,-1,3,-1
21440,77.52752836,12.98945697,1,3,2,1,6,07:40,10,E09000032,3,3220,6,30,3,4,6,0,0,0,1,2,2,0,0,1,1,E01004585,19-08-2018,2,1,1,1,44,7,1,0,0,0,0,-1,5,1
21441,77.64309616,13.04599493,1,3,2,1,3,19:39,10,E09000032,3,218,6,30,3,4,6,0,0,0,1,1,1,0,0,1,1,E01004601,02-08-2018,1,1,3,1,91,11,2,10,9,0,0,-1,0,-1
21442,77.64049617,13.0475031,1,3,1,1,4,16:09,10,E09000032,3,217,6,30,3,4,6,0,0,0,1,1,1,0,0,1,1,E01004496,17-08-2018,1,1,1,1,22,5,2,0,0,0,0,-1,9,1
21443,77.60009728,13.02549111,1,2,2,1,6,19:05,10,E09000032,6,0,6,30,3,4,6,0,0,0,1,1,1,0,0,1,1,E01004501,12-08-2018,1,2,2,1,19,4,3,0,0,1,0,-1,9,1
21444,77.60172842,12.99749596,1,3,1,1,2,14:45,10,E09000032,3,3,6,30,0,-1,-1,0,0,0,1,1,1,0,0,1,1,E01004502,15-08-2018,1,1,1,1,-1,-1,3,0,0,0,0,-1,9,-1
21445,77.64185243,12.98905858,1,3,2,1,6,15:10,10,E09000032,3,219,6,30,1,4,3,219,0,0,1,1,1,0,0,1,2,E01004505,05-08-2018,2,1,1,1,-1,-1,3,0,0,0,0,-1,5,-1
21446,77.62964477,13.03966549,1,2,2,1,4,07:05,10,E09000032,3,3,6,30,3,4,5,0,0,0,1,1,1,0,0,1,2,E01004553,10-08-2018,3,1,2,2,60,9,3,0,0,1,0,-1,9,1
21447,77.66406938,12.96970504,1,3,2,1,6,16:30,10,E09000032,3,306,6,30,3,4,5,0,0,0,1,1,1,0,0,1,2,E01004571,15-07-2018,3,2,1,2,37,7,3,0,0,0,0,-1,9,1
21448,77.66919078,12.96806195,1,3,1,1,6,20:15,10,E09000032,6,0,6,30,3,4,6,0,0,0,1,1,1,0,0,1,1,E01004568,26-08-2018,2,1,1,1,28,6,2,0,0,0,0,-1,5,-1
21449,77.57091633,13.01298903,1,3,2,2,7,11:00,10,E09000032,3,217,6,30,0,-1,-1,0,0,5,1,1,1,0,0,1,1,E01004525,20-08-2018,1,1,1,1,54,8,3,0,0,0,0,-1,9,1
21450,77.61252112,13.00334705,1,3,2,1,5,14:00,10,E09000032,3,217,6,30,6,2,3,24,0,0,1,1,1,0,0,1,2,E01004525,25-08-2018,2,2,1,2,32,6,3,0,0,0,0,-1,9,-1
21451,77.61549086,13.01628152,1,3,2,1,5,09:15,10,E09000032,6,0,6,30,0,-1,-1,0,0,0,1,1,1,0,0,1,1,E01004600,25-08-2018,2,1,1,1,35,6,3,0,0,0,0,-1,9,1
21452,77.56623684,13.04050332,1,3,1,1,6,21:16,10,E09000032,5,0,6,30,0,-1,-1,0,0,0,4,1,1,0,0,1,1,E01004519,26-08-2018,2,1,2,2,-1,-1,3,0,0,1,0,-1,9,-1
21453,77.52600864,13.03692132,1,3,2,1,2,22:05,10,E09000032,3,24,6,30,6,2,3,214,0,5,4,1,1,0,0,1,1,E01004481,08-08-2018,1,1,3,1,69,10,2,5,1,0,0,-1,0,-1
21454,77.66140011,12.9746566,1,3,3,1,7,17:00,10,E09000032,3,3,6,30,0,-1,-1,0,0,0,1,1,1,0,0,1,1,E01004503,27-08-2018,1,1,1,1,27,6,3,0,0,0,0,-1,19,-1
21455,77.58147974,13.04116687,1,3,2,2,6,17:49,10,E09000032,6,0,6,30,0,-1,-1,0,0,0,1,1,1,0,0,1,1,E01004603,05-08-2018,1,2,2,1,32,6,3,0,0,0,0,-1,19,1
21456,77.64792618,12.9900626,1,3,2,1,5,09:15,10,E09000032,3,3205,6,30,6,2,3,3220,0,0,1,1,1,0,0,1,2,E01004540,25-08-2018,2,3,1,1,39,7,1,0,0,0,0,-1,9,-1
21457,77.53647219,13.00460898,1,3,1,1,3,16:25,10,E09000032,3,3036,3,30,0,-1,-1,0,0,5,1,1,1,0,0,1,1,E01004551,19-07-2018,1,1,1,2,38,7,3,0,0,0,0,-1,9,1
21458,77.56899837,13.02361912,1,2,2,1,6,19:49,10,E09000032,6,0,2,30,8,4,6,0,0,0,1,1,1,0,0,1,1,E01004575,29-07-2018,3,1,1,1,29,6,3,0,0,0,0,-1,9,1
21459,77.60980603,12.97251848,1,3,2,1,6,12:45,10,E09000032,3,3036,6,30,3,4,6,0,0,0,1,1,1,0,0,1,2,E01004508,26-08-2018,3,2,2,1,66,10,3,0,0,1,0,-1,9,-1
21460,77.58269979,13.00068308,1,3,1,1,7,14:34,10,E09000032,6,0,6,30,0,-1,-1,0,0,0,1,1,1,0,0,1,1,E01004571,27-08-2018,1,1,2,1,29,6,3,0,0,2,0,-1,9,1
21461,77.59614016,12.96787524,1,3,1,1,6,17:12,10,E09000032,6,0,6,30,3,4,6,0,0,0,1,1,1,0,0,1,1,E01004576,26-08-2018,1,2,2,1,-1,-1,3,0,0,2,0,-1,9,1
21462,77.64006071,12.9795437,1,3,2,1,6,14:00,10,E09000032,6,0,1,30,1,4,6,0,0,0,1,1,1,0,0,1,2,E01004635,02-09-2018,1,1,3,2,16,4,2,4,3,0,0,-1,0,1
21463,77.56066056,13.02686519,1,3,1,1,5,15:25,10,E09000032,3,218,6,30,3,4,6,0,0,0,1,1,1,0,0,1,1,E01004600,08-09-2018,1,1,1,1,45,7,2,0,0,0,0,-1,9,1
21464,77.611351,12.96897483,1,3,1,2,7,10:33,10,E09000032,3,3205,6,30,6,2,3,3216,0,5,1,1,1,0,0,1,1,E01004561,28-05-2018,1,2,2,1,21,5,2,0,0,1,0,-1,9,1
21465,77.65863242,13.00242127,1,3,2,1,5,14:20,10,E09000032,6,0,6,30,3,4,6,0,0,0,1,1,1,0,0,1,2,E01004527,01-09-2018,1,1,1,1,25,5,1,0,0,0,0,-1,9,-1
21466,77.59389947,13.04110659,1,2,2,1,2,12:00,10,E09000032,3,3205,6,30,0,-1,-1,0,0,0,1,2,2,0,0,1,1,E01004538,22-08-2018,1,2,2,1,-1,-1,2,0,0,1,0,-1,9,-1
21467,77.65158669,13.04077696,1,3,1,1,7,12:35,10,E09000032,3,3205,3,30,3,2,3,3205,0,5,1,1,1,0,0,1,1,E01004541,20-08-2018,1,3,2,1,-1,-1,2,0,0,2,0,-1,9,-1
21468,77.52722113,13.01740475,1,3,2,1,1,17:15,10,E09000032,4,229,6,30,3,4,6,0,0,0,1,1,1,0,0,1,1,E01004626,04-09-2018,2,1,1,1,21,5,2,0,0,0,0,-1,9,1
21469,77.6346954,13.02324417,1,3,2,1,5,22:00,10,E09000032,3,205,6,30,3,4,6,0,0,0,7,7,1,0,0,1,2,E01004640,25-08-2018,1,1,3,1,11,3,2,5,3,0,0,-1,0,-1
21470,77.54960627,13.04062072,1,3,2,1,6,10:20,10,E09000032,3,3,6,30,6,2,5,0,0,5,1,1,1,0,0,1,1,E01004552,02-09-2018,2,1,1,1,45,7,1,0,0,0,0,-1,4,-1
21471,77.529755,13.00178622,1,2,2,1,4,18:27,10,E09000032,5,0,6,30,0,-1,-1,0,0,0,1,2,2,0,0,1,1,E01004560,24-08-2018,2,2,2,2,36,7,2,0,0,0,0,-1,4,-1
21472,77.54315461,12.96699756,1,3,3,1,5,08:25,10,E09000032,6,0,6,30,3,4,6,0,0,0,1,1,1,0,0,1,2,E01004568,25-08-2018,1,1,3,1,85,11,1,6,9,0,0,-1,0,-1
21473,77.56767261,13.04620798,1,2,2,1,3,14:30,10,E09000032,6,0,6,30,0,-1,-1,0,0,0,1,2,2,0,0,1,1,E01004635,23-08-2018,1,1,3,1,-1,-1,2,1,1,0,0,-1,0,-1
21474,77.58654474,13.01976681,1,3,2,1,6,08:32,10,E09000032,3,219,6,30,6,4,6,0,0,0,1,1,1,0,0,1,1,E01004506,09-09-2018,2,1,1,1,42,7,3,0,0,0,0,-1,4,-1
21475,77.63964888,12.97163977,1,3,1,1,6,15:47,10,E09000032,6,0,6,30,0,-1,-1,0,0,0,1,2,2,0,0,1,1,E01004599,09-09-2018,1,1,1,1,33,6,3,0,0,0,0,-1,1,1
21476,77.53116615,12.97477387,1,3,2,1,3,13:30,24,E09000027,3,205,6,30,3,4,5,0,0,0,1,1,1,0,0,1,2,E01004639,16-08-2018,1,1,3,2,56,9,1,1,1,0,0,-1,0,-1
21477,77.51656429,12.97666868,1,2,3,1,7,10:30,10,E09000032,6,0,6,30,0,-1,-1,0,0,0,1,1,1,0,0,1,1,E01004610,10-09-2018,2,1,1,1,18,4,3,0,0,0,0,-1,3,-1
21478,77.53883829,12.9992343,1,3,2,1,7,08:13,10,E09000032,3,205,3,30,6,2,3,219,0,0,1,1,1,0,0,1,1,E01004506,03-09-2018,1,1,1,1,-1,-1,3,0,0,0,0,-1,9,-1
21479,77.53490682,13.01706194,1,3,2,1,3,08:30,10,E09000032,4,306,6,30,3,4,4,306,0,0,1,1,1,0,0,1,1,E01004604,06-09-2018,1,1,1,1,55,8,1,0,0,0,0,-1,9,-1
21480,77.62409059,12.98952149,1,3,1,1,2,19:40,10,E09000032,3,3205,6,30,6,2,3,3220,0,0,4,1,1,0,0,1,1,E01004540,12-09-2018,1,1,3,1,49,8,2,10,9,0,0,-1,0,-1
21481,77.58268676,13.02009178,1,3,2,1,3,22:45,10,E09000032,6,0,6,30,3,4,6,0,0,0,4,1,1,0,0,1,1,E01004570,13-09-2018,1,1,1,1,21,5,2,0,0,0,0,-1,5,1
21482,77.50898719,12.98398333,1,3,2,1,2,07:28,10,E09000032,6,0,6,30,6,4,6,0,0,0,1,1,1,0,0,1,1,E01004487,12-09-2018,2,1,1,1,15,3,2,0,0,0,0,-1,1,-1
21483,77.64097494,12.97156706,1,3,2,1,5,16:34,10,E09000032,5,0,6,30,3,4,6,0,0,0,1,1,1,0,0,1,1,E01004537,25-08-2018,1,1,1,1,15,3,3,0,0,0,0,-1,2,-1
21484,77.57903167,13.01210416,1,3,1,1,2,07:40,10,E09000032,3,3,6,30,3,4,6,0,0,0,1,1,1,0,0,1,1,E01004499,12-09-2018,1,1,1,1,52,8,3,0,0,0,0,-1,9,-1
21485,77.61875887,13.00888233,1,2,2,1,4,08:25,10,E09000032,3,217,6,30,3,4,6,0,0,0,1,1,1,0,0,1,2,E01004496,13-07-2018,1,1,3,2,70,10,1,10,9,0,0,-1,0,-1
21486,77.51365273,13.03229398,1,3,3,1,2,07:50,10,E09000032,3,3,6,30,3,4,6,0,0,0,1,1,1,0,0,1,1,E01004499,05-09-2018,1,1,3,1,-1,-1,3,9,5,0,0,-1,0,-1
21487,77.52322851,13.04332928,1,3,2,1,1,13:20,10,E09000032,3,3205,6,30,3,4,6,0,0,0,1,1,1,0,0,1,1,E01004540,17-07-2018,1,1,1,1,-1,-1,3,0,0,0,0,-1,9,-1
21488,77.65366309,12.98958409,1,3,3,1,2,12:10,10,E09000032,3,3205,6,30,0,-1,-1,0,0,0,1,1,1,0,0,1,1,E01004534,29-08-2018,2,2,1,1,-1,-1,3,0,0,0,0,-1,9,-1
21489,77.51020808,12.9728034,1,3,2,1,4,18:30,10,E09000032,4,306,6,30,6,4,6,0,0,1,1,1,1,0,0,1,2,E01004608,31-08-2018,1,1,1,1,33,6,3,0,0,0,0,-1,9,-1
21490,77.54148722,13.04585909,1,3,1,1,1,14:50,10,E09000032,5,0,6,20,3,4,6,0,0,1,1,1,1,0,0,1,1,E01004560,04-09-2018,1,2,2,2,-1,-1,2,0,0,1,0,-1,9,1
21491,77.63053819,12.97342194,1,3,1,1,6,07:33,10,E09000032,4,229,6,30,3,2,4,237,0,5,1,1,1,0,0,1,1,E01004619,09-09-2018,1,3,2,1,35,6,3,0,0,2,0,-1,9,1
21492,77.5268473,12.98148539,1,3,2,1,1,12:05,10,E09000032,3,3,6,30,6,2,4,229,0,0,1,1,1,0,0,1,1,E01004553,07-08-2018,1,1,2,1,-1,-1,2,0,0,1,0,-1,9,-1
21493,77.57210571,12.96974176,1,2,2,1,1,19:32,10,E09000032,3,219,6,30,3,4,6,0,0,0,4,1,1,0,0,1,1,E01004500,18-09-2018,2,1,1,2,27,6,3,0,0,0,0,-1,9,1
21494,77.57597639,13.04605208,1,2,1,1,4,18:05,10,E09000032,3,24,6,30,0,-1,-1,0,0,0,1,1,1,0,0,1,1,E01004525,14-09-2018,2,1,1,1,-1,-1,3,0,0,0,0,-1,9,-1
21495,77.6021471,13.00753467,1,3,3,1,6,20:35,10,E09000032,4,229,6,30,3,4,6,0,0,0,4,1,1,0,0,1,1,E01004490,16-09-2018,2,1,1,2,45,7,3,0,0,0,0,-1,9,1
21496,77.63263321,12.97007059,1,3,2,1,4,12:30,10,E09000032,5,0,6,30,8,4,6,0,0,0,1,1,1,0,0,1,2,E01004617,14-09-2018,1,1,1,1,27,6,3,0,0,0,0,-1,1,1
21497,77.56417039,13.00618225,1,3,3,2,5,07:21,10,E09000032,3,24,6,30,6,4,6,0,0,0,1,1,1,0,0,1,1,E01004476,22-09-2018,2,1,1,1,23,5,3,0,0,0,0,-1,1,-1
21498,77.61447685,13.03142291,1,3,2,1,1,22:00,10,E09000032,3,217,6,30,7,2,3,3205,0,5,4,1,1,0,0,1,1,E01004509,18-09-2018,2,1,1,2,55,8,2,0,0,0,0,-1,1,-1
21499,77.53159512,12.98571556,1,3,2,2,1,17:30,10,E09000032,3,3,3,50,3,2,3,306,0,5,1,1,1,0,0,1,2,E01004573,04-09-2018,1,2,1,1,45,7,2,0,0,0,0,-1,9,1
21500,77.66791869,13.0291155,1,3,2,1,3,07:50,12,E09000020,3,3216,6,30,6,2,3,3212,0,0,1,1,1,0,0,1,2,E01002901,14-06-2018,1,3,2,1,48,8,2,0,0,1,0,-1,9,-1
21501,77.50991144,12.97380796,1,3,1,1,2,09:20,10,E09000032,5,0,6,30,0,-1,-1,0,0,0,1,1,1,0,0,1,1,E01004551,19-09-2018,2,1,1,1,20,4,2,0,0,0,0,-1,9,1
21502,77.54468786,12.98832587,1,3,2,2,4,13:19,10,E09000032,4,229,1,30,2,4,5,0,0,1,1,1,1,0,0,1,1,E01004490,21-09-2018,2,1,1,1,-1,-1,2,0,0,0,0,-1,1,-1
21503,77.51682722,13.02702419,1,3,2,1,5,16:38,10,E09000032,3,217,6,30,6,2,3,24,0,5,1,1,1,0,0,1,1,E01004525,23-06-2018,1,1,3,1,-1,-1,3,9,5,0,0,-1,0,-1
21504,77.59228585,12.98300424,1,3,3,1,5,15:18,10,E09000032,6,0,6,30,6,4,6,0,0,0,1,1,1,0,0,1,1,E01004596,18-08-2018,1,1,1,2,26,6,3,0,0,0,0,-1,9,1
21505,77.63490111,12.97894235,1,2,2,1,2,02:59,10,E09000032,4,229,6,30,6,2,5,0,0,5,4,1,1,0,0,1,1,E01004490,26-09-2018,2,1,1,1,-1,-1,3,0,0,0,0,-1,9,-1
21506,77.60842752,12.98601547,1,3,2,1,2,17:18,10,E09000032,3,306,6,30,0,-1,-1,0,0,0,1,1,1,0,0,1,1,E01004568,26-09-2018,2,2,2,1,-1,-1,3,0,0,1,0,-1,9,-1
21507,77.61068765,12.98564732,1,3,2,1,6,12:30,22,E09000024,3,24,6,30,0,-1,-1,0,0,0,1,1,1,0,0,1,1,E01003370,23-09-2018,2,3,2,2,-1,-1,3,0,0,2,0,-1,9,-1
21508,77.60194121,12.98592653,1,2,2,2,7,11:25,10,E09000032,3,24,6,30,8,4,6,0,0,0,1,1,1,0,0,1,1,E01004476,24-09-2018,2,4,2,1,-1,-1,3,0,0,2,0,-1,9,-1
21509,77.55121178,12.99455891,1,3,1,1,7,12:46,10,E09000032,3,217,6,30,3,4,6,0,0,0,1,1,1,0,0,1,1,E01004528,17-09-2018,1,1,1,1,19,4,3,0,0,0,0,-1,3,1
21510,77.57837962,13.02762192,1,3,3,1,1,13:07,10,E09000032,3,216,6,30,6,2,6,0,0,5,1,1,1,0,0,1,1,E01004524,25-09-2018,1,2,3,1,32,6,1,4,1,0,0,-1,0,-1
21511,77.65515017,12.9847367,1,3,1,1,6,12:10,10,E09000032,3,24,6,30,6,2,5,0,0,0,1,1,1,0,0,1,1,E01004530,23-09-2018,1,1,2,2,-1,-1,3,0,0,1,0,-1,9,-1
21512,77.55670755,13.03191664,1,3,1,1,4,18:00,10,E09000032,3,24,6,30,6,2,5,0,0,5,1,1,1,0,0,1,1,E01004474,21-09-2018,1,1,3,1,4,1,2,8,7,0,0,-1,0,-1
21513,77.52574662,13.03047283,1,2,2,1,2,20:55,10,E09000032,3,3036,6,30,3,4,6,0,0,0,4,1,1,0,0,1,1,E01004551,04-07-2018,1,2,3,2,33,6,2,8,7,0,0,-1,0,-1
21514,77.51920955,13.01677998,1,2,2,1,7,09:28,9,E09000022,6,0,6,30,0,-1,-1,0,0,0,1,1,1,0,0,1,1,E01003089,24-09-2018,1,1,1,2,19,4,3,0,0,0,0,-1,9,1
21515,77.6774815,13.01247156,1,3,2,1,4,18:00,10,E09000032,3,3,6,30,3,4,6,0,0,0,1,1,1,0,0,1,1,E01004503,07-09-2018,1,2,2,1,18,4,3,0,0,1,0,-1,9,-1
21516,77.53381512,12.97342962,1,3,1,1,2,12:20,10,E09000032,3,24,3,30,0,-1,-1,0,0,0,1,1,1,0,0,1,1,E01004548,26-09-2018,1,3,3,1,30,6,1,1,1,0,0,-1,0,-1
21517,77.64229515,13.04570187,1,3,1,1,3,18:25,10,E09000032,4,234,6,30,3,4,6,0,0,0,1,1,1,0,0,1,1,E01004496,27-09-2018,1,1,3,1,-1,-1,2,9,8,0,0,-1,0,-1
21518,77.67581552,12.9715532,1,3,2,2,1,22:40,10,E09000032,3,217,3,30,0,-1,-1,0,0,0,4,1,1,0,0,1,1,E01004600,18-09-2018,1,1,1,1,20,4,3,0,0,0,0,-1,5,1
21519,77.59226012,13.01881804,1,3,1,1,1,08:30,10,E09000032,3,3209,6,30,3,4,6,0,0,0,1,1,1,3,0,1,1,E01004609,02-10-2018,1,1,3,1,66,10,3,4,9,0,0,-1,0,-1
21520,77.56643166,12.9962467,1,3,3,1,6,16:00,10,E09000032,3,217,6,30,6,2,5,0,0,5,1,1,1,0,0,1,2,E01004509,26-08-2018,2,1,1,1,13,3,2,0,0,0,0,-1,1,1
21521,77.52900665,13.04672922,1,3,2,1,5,21:15,10,E09000032,5,0,6,30,3,4,6,0,0,0,4,1,1,0,0,1,1,E01004519,22-09-2018,1,1,3,1,35,6,2,10,9,0,0,-1,0,-1
21522,77.66597691,13.02377579,1,3,2,1,3,09:54,10,E09000032,4,229,6,30,6,4,6,0,0,0,1,1,1,0,0,1,1,E01004552,20-09-2018,1,2,3,1,50,8,3,10,9,0,0,-1,0,1
21523,77.55111743,12.99453509,1,3,2,1,2,17:29,10,E09000032,3,217,6,30,3,4,6,0,0,0,1,1,1,0,0,1,1,E01004494,26-09-2018,1,1,2,1,-1,-1,3,0,0,1,0,-1,9,-1
21524,77.66482055,12.99539263,1,2,2,1,1,12:50,10,E09000032,4,234,6,30,6,2,3,217,0,5,1,1,1,0,0,1,1,E01004496,02-10-2018,1,2,1,1,-1,-1,3,0,0,0,0,-1,9,-1
21525,77.51219692,13.01193582,1,3,1,1,7,08:50,10,E09000032,3,216,6,30,3,2,5,0,0,5,1,1,1,0,0,1,1,E01004518,16-07-2018,2,3,1,1,37,7,3,0,0,0,0,-1,9,1
21526,77.61603181,12.97179943,1,3,2,1,7,13:00,10,E09000032,3,24,6,30,3,4,6,0,0,0,1,1,1,0,0,1,1,E01004612,24-09-2018,2,1,1,1,38,7,1,0,0,0,0,-1,3,1