Accident_Index,longitude,latitude,Police_Force,Accident_Severity,Number_of_Vehicles,Number_of_Casualties,Day_of_Week,Time,Local_Authority_(District),Local_Authority_(Highway),1st_Road_Class,1st_Road_Number,Road_Type,Speed_limit,Junction_Detail,Junction_Control,2nd_Road_Class,2nd_Road_Number,Pedestrian_Crossing-Human_Control,Pedestrian_Crossing-Physical_Facilities,Light_Conditions,Weather_Conditions,Road_Surface_Conditions,Special_Conditions_at_Site,Carriageway_Hazards,Urban_or_Rural_Area,Did_Police_Officer_Attend_Scene_of_Accident,LSOA_of_Accident_Location,Date,Vehicle_Reference,Casualty_Reference,Casualty_Class,Sex_of_Casualty,Age_of_Casualty,Age_Band_of_Casualty,Casualty_Severity,Pedestrian_Location,Pedestrian_Movement,Car_Passenger,Bus_or_Coach_Passenger,Pedestrian_Road_Maintenance_Worker,Casualty_Type,Casualty_Home_Area_Type
21648,77.6485852,13.00401698,1,2,1,1,6,01:00,10,E09000032,3,3,3,40,0,-1,-1,0,0,0,4,1,2,0,0,1,1,E01004573,18-11-2018,2,1,1,2,21,5,3,0,0,0,0,-1,2,-1
21649,77.60511756,13.00258994,1,3,2,1,6,08:30,10,E09000032,3,217,6,30,3,4,6,0,0,0,1,1,1,0,0,1,3,E01004498,04-11-2018,1,1,1,1,-1,-1,3,0,0,0,0,-1,4,-1
21650,77.60727857,13.01756995,1,3,2,1,4,09:00,10,E09000032,6,0,6,30,3,4,3,217,0,0,1,1,1,0,0,1,1,E01004490,09-11-2018,1,1,3,1,71,10,2,5,1,0,0,-1,0,-1
21651,77.52056683,13.0402551,1,3,2,1,7,08:02,10,E09000032,4,229,6,30,2,4,5,0,0,0,1,1,2,0,0,1,1,E01004490,05-11-2018,1,1,1,1,21,5,2,0,0,0,0,-1,5,-1
21652,77.57051515,13.03194146,1,3,2,1,7,19:25,10,E09000032,5,0,6,30,3,4,6,0,0,0,4,2,2,0,0,1,1,E01004645,29-10-2018,1,2,2,1,20,4,2,0,0,0,0,-1,5,1
21653,77.64059513,12.98495792,1,3,2,1,2,11:20,10,E09000032,6,0,6,30,3,4,3,219,0,0,1,1,1,0,0,1,1,E01004573,14-11-2018,1,3,3,2,59,9,1,10,9,0,0,-1,0,-1
21654,77.64009764,13.04694737,1,3,1,1,4,15:45,10,E09000032,6,0,6,30,3,4,6,0,0,0,1,1,1,0,0,1,1,E01004635,28-09-2018,1,1,3,2,11,3,2,5,1,0,0,-1,0,1
21655,77.64304965,13.0107042,1,3,1,1,5,16:17,10,E09000032,3,3205,3,30,3,2,3,3205,0,5,4,1,1,0,0,1,1,E01004541,17-11-2018,1,1,3,1,-1,-1,3,9,5,0,0,-1,0,-1
21656,77.52150689,13.01294209,1,3,1,1,6,01:22,10,E09000032,3,24,6,30,0,-1,-1,0,0,0,4,1,2,0,0,1,1,E01004525,11-11-2018,2,1,1,1,51,8,3,0,0,0,0,-1,9,1
21657,77.55387586,12.98854332,1,3,1,1,7,15:40,10,E09000032,3,24,6,30,0,-1,-1,0,0,4,1,1,1,0,0,1,1,E01004476,19-11-2018,1,1,1,2,21,5,3,0,0,0,0,-1,9,1
21658,77.5661903,13.04031773,1,3,2,1,4,19:15,10,E09000032,3,3205,6,30,3,4,6,0,0,0,4,1,1,0,0,1,2,E01004580,09-11-2018,1,2,2,2,34,6,3,0,0,1,0,-1,9,1
21659,77.62718218,13.02765771,1,3,2,1,4,12:00,10,E09000032,3,3,6,30,3,4,5,0,0,0,1,1,1,0,0,1,2,E01004553,05-10-2018,1,1,1,1,17,4,3,0,0,0,0,-1,9,1
21660,77.55429197,13.01957449,1,3,1,1,1,12:30,10,E09000032,3,24,6,30,3,4,6,0,0,4,1,1,1,0,0,1,1,E01004617,13-11-2018,1,2,2,1,22,5,2,0,0,2,0,-1,9,-1
21661,77.51244004,12.97732677,1,3,2,1,4,15:20,10,E09000032,5,0,6,30,0,-1,-1,0,0,5,1,1,1,0,0,1,1,E01004496,09-11-2018,1,1,3,1,43,7,2,1,3,0,0,-1,0,1
21662,77.55703065,13.00362375,1,3,2,1,2,19:15,10,E09000032,3,214,6,30,6,2,3,24,0,5,4,1,1,0,0,1,3,E01004481,14-11-2018,1,1,1,2,38,7,3,0,0,0,0,-1,9,2
21663,77.54573838,12.98838748,1,3,2,1,7,12:28,10,E09000032,3,306,6,30,6,2,6,0,0,5,1,1,1,0,0,1,1,E01004569,05-11-2018,1,1,1,1,24,5,2,0,0,0,0,-1,9,1
21664,77.63467405,13.03001194,1,3,2,1,4,17:30,10,E09000032,3,3,3,60,5,4,6,0,0,0,4,1,1,0,0,1,1,E01004573,09-11-2018,3,2,1,2,26,6,3,0,0,0,0,-1,9,1
21665,77.59927476,13.02558316,1,3,2,1,1,00:10,10,E09000032,3,3205,9,30,0,-1,-1,0,0,0,4,1,1,0,0,1,2,E01004509,06-11-2018,1,1,2,2,22,5,3,0,0,1,0,-1,9,-1
21666,77.62768949,13.01722471,1,3,1,1,4,11:30,10,E09000032,3,217,6,30,6,4,6,0,0,0,1,1,1,0,0,1,1,E01004493,16-11-2018,1,1,1,1,28,6,2,0,0,0,0,-1,9,-1
21667,77.54144358,13.02084198,1,2,2,1,2,08:36,10,E09000032,3,24,6,30,3,4,6,0,0,0,1,7,2,0,0,1,1,E01004481,14-11-2018,1,1,3,1,45,7,1,4,1,0,0,-1,0,-1
21668,77.67651007,13.00512127,1,3,2,1,4,19:25,10,E09000032,6,0,6,30,6,4,6,0,0,0,4,1,1,0,0,1,1,E01004602,16-11-2018,1,1,3,2,19,4,2,5,2,0,0,-1,0,1
21669,77.67666336,13.03984105,1,3,2,1,3,17:45,10,E09000032,3,3,7,30,5,4,3,219,0,0,1,1,1,0,0,1,1,E01004631,06-09-2018,1,1,3,1,50,8,2,8,9,0,0,-1,0,1
21670,77.62537891,13.01886189,1,3,2,1,4,08:30,10,E09000032,3,3205,6,30,3,4,6,0,0,1,1,1,1,0,0,1,1,E01004540,21-09-2018,1,1,1,1,17,4,2,0,0,0,0,-1,9,-1
21671,77.62779314,13.03799637,1,3,2,1,3,19:12,10,E09000032,3,217,6,30,3,2,6,0,0,5,4,8,1,0,0,1,1,E01004496,15-11-2018,1,2,2,1,16,4,2,0,0,1,0,-1,9,-1
21672,77.67366823,12.96954004,1,3,2,1,7,01:07,23,E09000021,3,3,3,40,0,-1,-1,0,0,0,4,1,1,0,0,1,1,E01002955,16-07-2018,1,1,3,1,37,7,3,9,5,0,0,-1,0,-1
21673,77.58821922,12.99571079,1,2,2,1,4,11:50,10,E09000032,3,3,6,30,3,4,6,0,0,0,1,1,1,0,0,1,1,E01004503,09-11-2018,1,1,3,2,18,4,2,5,3,0,0,-1,0,1
21674,77.53199506,12.99603129,1,3,2,1,7,11:45,10,E09000032,3,3,6,30,3,4,6,0,0,1,1,1,1,0,0,1,1,E01004554,19-11-2018,1,1,2,2,22,5,1,0,0,1,0,-1,9,1
21675,77.56716203,12.98584182,1,3,2,1,2,08:20,10,E09000032,6,0,6,30,3,4,6,0,0,0,1,1,1,0,0,1,2,E01004610,14-11-2018,1,1,1,1,16,4,1,0,0,0,0,-1,9,-1
21676,77.58827377,13.01008637,1,3,1,1,3,23:34,10,E09000032,3,214,6,30,6,2,3,24,0,5,4,1,2,0,0,1,1,E01004548,22-11-2018,1,2,2,1,17,4,2,0,0,1,0,-1,9,1
21677,77.6783078,12.99467533,1,3,3,2,1,18:25,10,E09000032,3,24,6,30,3,4,5,0,0,0,4,1,1,0,0,1,1,E01004617,06-11-2018,1,3,2,1,22,5,2,0,0,2,0,-1,9,-1
21678,77.64777759,12.97008701,1,3,2,1,4,18:25,10,E09000032,3,3205,1,30,1,4,3,217,0,4,4,1,1,0,0,1,1,E01004514,26-10-2018,1,1,3,1,62,9,2,10,9,0,0,-1,0,1
21679,77.66402756,12.97839642,1,3,1,1,4,16:09,10,E09000032,3,24,6,30,3,4,6,0,0,0,1,1,1,0,0,1,1,E01004617,23-11-2018,1,1,1,2,22,5,3,0,0,0,0,-1,9,-1
21680,77.56563438,13.03936499,1,2,1,1,1,04:40,10,E09000032,3,214,3,30,6,2,3,3,0,0,4,1,1,0,0,1,1,E01004627,06-11-2018,1,1,1,1,35,6,3,0,0,0,0,-1,9,1
21681,77.54922605,13.01223084,1,3,2,2,3,15:45,10,E09000032,3,217,6,30,6,2,3,217,0,0,1,1,1,0,0,1,2,E01004525,22-11-2018,1,1,3,1,33,6,2,5,1,0,0,-1,0,1
21682,77.61675208,12.97817783,1,3,2,1,7,11:50,10,E09000032,3,217,6,30,0,-1,-1,0,0,0,1,9,1,0,0,1,1,E01004498,05-11-2018,1,1,3,2,78,11,3,5,1,0,0,-1,0,-1
21683,77.51093361,12.99021431,1,3,1,1,2,07:56,10,E09000032,3,216,6,30,3,4,6,0,0,1,5,1,4,0,0,1,1,E01004522,21-11-2018,1,1,1,1,-1,-1,2,0,0,0,0,-1,5,-1
21684,77.57337466,12.98227691,1,3,2,1,1,13:45,10,E09000032,4,235,6,30,3,4,6,0,0,0,1,1,1,0,0,1,2,E01004492,20-11-2018,1,1,3,1,14,3,1,1,3,0,0,-1,0,1
21685,77.57561686,12.98722457,1,3,1,1,3,09:30,10,E09000032,3,214,7,30,5,4,3,3036,0,0,1,2,2,0,0,1,1,E01004510,15-11-2018,1,1,1,1,74,10,1,0,0,0,0,-1,16,1
21686,77.5445519,13.04178766,1,3,1,1,5,09:09,10,E09000032,3,217,6,30,0,-1,-1,0,0,0,1,1,1,6,0,1,1,E01004496,24-11-2018,1,1,1,1,22,5,2,0,0,0,0,-1,9,-1
21687,77.65834698,12.98605107,1,3,2,2,4,09:30,10,E09000032,3,205,6,30,3,4,3,205,0,0,1,1,2,0,0,1,1,E01004554,23-11-2018,1,1,1,1,20,4,3,0,0,0,0,-1,5,-1
21688,77.62612528,12.96703808,1,3,2,1,5,18:14,10,E09000032,4,306,6,30,3,4,6,0,0,4,4,1,2,0,0,1,1,E01004606,24-11-2018,1,1,1,1,22,5,3,0,0,0,0,-1,9,-1
21689,77.60175214,12.9961641,1,3,2,1,7,17:18,10,E09000032,3,24,6,30,3,4,6,0,0,4,1,2,2,0,0,1,2,E01004526,26-11-2018,1,1,3,2,86,11,1,4,1,0,0,-1,0,1
21690,77.67398076,12.99329107,1,3,2,1,4,08:40,10,E09000032,3,219,6,30,7,2,3,205,0,5,1,1,1,0,0,1,2,E01004506,30-11-2018,1,1,1,1,41,7,2,0,0,0,0,-1,9,1
21691,77.54922886,12.98416905,1,3,1,1,3,09:15,10,E09000032,3,3,6,30,0,-1,-1,0,0,4,1,1,2,0,0,1,1,E01004503,29-11-2018,1,1,1,1,27,6,3,0,0,0,0,-1,2,-1
21692,77.67008101,13.00863339,1,3,1,1,7,17:30,10,E09000032,3,24,6,30,3,2,6,0,0,5,4,1,1,0,0,1,1,E01004488,12-11-2018,1,1,3,1,80,11,1,1,1,0,0,-1,0,-1
21693,77.53745933,13.0244117,1,3,2,1,3,09:55,10,E09000032,3,3209,6,30,3,4,6,0,0,0,1,1,2,0,0,1,1,E01004609,22-11-2018,1,1,1,1,29,6,3,0,0,0,0,-1,9,1
21694,77.64223837,13.01864403,1,3,2,1,7,10:27,10,E09000032,3,205,6,30,0,-1,-1,0,0,0,1,1,1,0,0,1,1,E01004507,19-11-2018,1,2,2,2,-1,-1,3,0,0,1,0,-1,9,1
21695,77.63637382,12.98779046,1,3,1,1,5,15:00,10,E09000032,3,3205,6,30,7,2,3,3216,0,0,1,1,1,0,0,1,2,E01004561,10-11-2018,1,1,1,1,19,4,2,0,0,0,0,-1,9,-1
21696,77.65716188,13.02517061,1,3,1,1,5,17:40,10,E09000032,3,214,6,30,3,4,6,0,0,0,4,1,1,0,0,1,1,E01004622,01-12-2018,1,1,1,2,75,10,3,0,0,0,0,-1,9,-1
21697,77.54908632,12.98327674,1,3,1,1,5,16:00,10,E09000032,4,305,6,30,3,4,5,0,0,0,4,2,2,0,0,1,1,E01004581,01-12-2018,1,2,3,2,-1,-1,2,6,9,0,0,-1,0,-1
21698,77.5632032,13.03126543,1,3,2,1,5,14:17,10,E09000032,6,0,6,30,3,4,6,0,0,0,1,1,1,0,0,1,1,E01004569,27-10-2018,1,3,3,1,83,11,1,6,9,0,0,-1,0,-1
21699,77.60311871,12.98238131,1,3,1,1,6,09:25,10,E09000032,4,242,6,30,0,-1,-1,0,0,0,1,1,1,0,0,1,1,E01004474,02-12-2018,2,1,2,2,50,8,3,0,0,1,0,-1,9,1
21700,77.53204225,13.01821532,1,2,2,1,7,14:45,10,E09000032,3,3216,6,30,1,4,5,0,0,0,1,1,1,0,0,1,2,E01004566,03-12-2018,2,1,2,1,41,7,3,0,0,2,0,-1,8,1
21701,77.54317463,13.01292745,1,3,2,1,6,19:50,10,E09000032,3,218,6,30,3,4,5,0,0,0,4,1,1,0,0,1,2,E01004598,25-11-2018,1,1,3,2,12,3,2,5,1,0,0,-1,0,-1
21702,77.60758025,13.03132017,1,3,2,1,2,08:52,10,E09000032,3,214,6,30,6,2,4,229,0,0,1,1,1,0,0,1,1,E01004625,28-11-2018,1,1,1,1,50,8,2,0,0,0,0,-1,9,-1
21703,77.67087165,12.98192414,1,3,2,1,3,08:52,10,E09000032,4,229,6,30,6,2,4,237,0,0,1,1,1,0,0,1,1,E01004559,29-11-2018,2,2,1,1,33,6,3,0,0,0,0,-1,9,1
21704,77.66031692,13.01900182,1,3,2,1,5,10:27,10,E09000032,6,0,1,30,1,4,6,0,0,0,1,1,1,0,0,1,1,E01004624,17-11-2018,3,3,1,1,37,7,3,0,0,0,0,-1,9,1
21705,77.51156433,13.00244638,1,3,2,1,4,19:49,10,E09000032,3,306,6,30,6,2,6,0,0,5,4,1,1,0,0,1,1,E01004571,30-11-2018,1,1,2,2,90,11,2,0,0,0,2,-1,11,1
21706,77.58532293,13.00849002,1,3,2,1,4,15:20,10,E09000032,3,219,1,30,1,4,3,3,0,0,1,1,1,0,0,1,1,E01004505,09-11-2018,2,1,1,1,41,7,3,0,0,0,0,-1,19,-1
21707,77.51710592,13.02444876,1,3,2,1,3,12:20,10,E09000032,3,24,6,30,3,4,6,0,0,0,1,1,1,0,0,1,1,E01004617,06-12-2018,1,1,3,1,23,5,2,9,5,0,0,-1,0,1
21708,77.57148696,12.98045752,1,3,2,1,7,06:05,24,E09000027,3,306,6,30,3,2,3,205,0,5,4,1,1,0,0,1,2,E01004641,26-11-2018,1,1,1,2,48,8,3,0,0,0,0,-1,9,1
21709,77.6605183,12.9742869,1,3,2,1,5,17:50,10,E09000032,5,0,6,30,0,-1,-1,0,0,0,4,2,2,0,0,1,1,E01004617,01-12-2018,1,1,2,1,23,5,3,0,0,1,0,-1,9,-1
21710,77.56933246,13.03219395,1,3,2,1,5,08:27,10,E09000032,6,0,6,30,3,4,4,306,0,0,1,1,2,0,0,1,1,E01004608,01-12-2018,1,1,1,1,31,6,1,0,0,0,0,-1,9,1
21711,77.64144725,12.97372616,1,3,2,1,4,13:14,10,E09000032,6,0,6,30,0,-1,-1,0,0,0,1,1,1,0,0,1,2,E01004488,23-11-2018,2,1,2,1,11,3,3,0,0,1,0,-1,9,-1
21712,77.5466146,13.01448166,1,3,2,1,2,18:15,10,E09000032,3,3216,6,30,3,4,4,224,0,0,4,1,2,0,0,1,2,E01004564,05-12-2018,1,1,1,2,-1,-1,3,0,0,0,0,-1,9,-1
21713,77.61921368,13.04281335,1,3,2,1,1,20:18,10,E09000032,3,3205,3,30,3,2,5,0,0,5,4,1,1,0,0,1,1,E01004537,04-12-2018,1,1,1,1,50,8,3,0,0,0,0,-1,9,1
21714,77.61921892,12.99470573,1,3,1,1,4,12:36,10,E09000032,3,24,6,30,6,2,5,0,0,5,1,1,1,0,0,1,1,E01004545,07-12-2018,2,1,1,2,-1,-1,3,0,0,0,0,-1,9,-1
21715,77.54913496,13.0247746,1,2,2,1,6,18:00,10,E09000032,3,3205,6,30,3,4,6,0,0,0,4,1,1,0,0,1,2,E01004563,02-12-2018,1,1,3,1,3,1,3,5,3,0,0,-1,0,1
21716,77.63293218,12.97427171,1,3,1,1,3,12:15,10,E09000032,3,217,6,30,6,2,6,0,0,5,1,1,1,0,0,1,1,E01004494,29-11-2018,1,1,3,2,82,11,2,5,3,0,0,-1,0,-1
21717,77.57500556,12.99834421,1,3,2,1,4,19:17,10,E09000032,3,24,6,30,3,4,6,0,0,0,4,1,1,0,0,1,1,E01004481,07-12-2018,2,1,1,1,53,8,2,0,0,0,0,-1,3,1
21718,77.58550278,13.0152538,1,3,2,1,6,17:52,10,E09000032,6,0,6,30,6,4,6,0,0,0,4,1,2,0,0,1,1,E01004555,25-11-2018,1,1,1,1,19,4,3,0,0,0,0,-1,4,1
21719,77.51159388,13.03407514,1,3,2,2,7,16:40,10,E09000032,5,0,6,30,8,4,6,0,0,0,4,1,1,0,0,1,1,E01004617,10-12-2018,1,2,3,2,79,11,2,5,1,0,0,-1,0,-1
21720,77.59470429,13.00029925,1,2,1,1,6,09:38,10,E09000032,3,24,3,30,6,4,5,0,0,5,1,1,1,0,0,1,1,E01004545,09-12-2018,1,1,3,1,44,7,2,4,1,0,0,-1,0,-1
21721,77.6217579,13.01484222,1,3,1,1,2,16:00,10,E09000032,3,3205,6,30,6,2,3,3220,0,0,4,1,2,0,0,1,1,E01004540,05-12-2018,1,1,1,1,34,6,2,0,0,0,0,-1,5,1
21722,77.67757949,12.97841488,1,3,2,1,2,16:24,10,E09000032,3,217,6,30,1,4,3,3205,0,1,1,1,1,0,0,1,1,E01004509,12-12-2018,1,1,2,1,-1,-1,3,0,0,1,0,-1,9,-1
21723,77.63755011,12.97621586,1,3,2,1,4,19:00,10,E09000032,3,214,6,30,3,4,5,0,0,0,4,1,1,0,0,1,1,E01004482,07-12-2018,1,1,2,2,-1,-1,2,0,0,0,0,-1,10,-1
21724,77.52441028,13.01622941,1,3,1,1,2,20:04,10,E09000032,3,24,6,30,3,4,3,24,0,0,4,1,1,0,0,1,1,E01004476,12-12-2018,2,1,1,1,-1,-1,3,0,0,0,0,-1,9,-1
21725,77.52951309,13.01214542,1,2,2,1,3,21:35,10,E09000032,3,205,6,30,0,-1,-1,0,0,0,4,2,2,0,0,1,1,E01004507,12-07-2018,2,2,2,2,-1,-1,3,0,0,1,0,-1,9,-1
21726,77.51991449,13.04145851,1,3,1,1,7,01:24,10,E09000032,6,0,2,30,0,-1,-1,0,0,0,4,8,2,0,0,1,1,E01004600,10-12-2018,2,1,1,1,25,5,3,0,0,0,0,-1,9,-1
21727,77.57500587,13.04571,1,3,2,1,7,00:15,10,E09000032,3,3209,6,30,3,4,6,0,0,0,4,1,2,0,0,1,1,E01004603,10-12-2018,2,2,2,1,30,6,3,0,0,1,0,-1,9,-1
21728,77.63268712,13.02333466,1,3,2,1,6,10:19,10,E09000032,6,0,6,30,3,4,6,0,0,0,1,1,1,0,0,1,2,E01004626,25-11-2018,3,1,1,1,49,8,2,0,0,0,0,-1,5,-1
21729,77.6097195,12.98570246,1,3,1,1,3,21:19,10,E09000032,3,217,6,30,0,-1,-1,0,0,4,4,1,1,0,0,1,1,E01004494,29-11-2018,1,1,3,2,-1,-1,3,9,9,0,0,-1,0,-1
21730,77.66155005,13.00247448,1,3,3,1,6,12:13,10,E09000032,3,217,3,30,0,-1,-1,0,0,0,1,1,2,0,0,1,1,E01004509,09-12-2018,1,1,1,1,31,6,3,0,0,0,0,-1,1,-1
21731,77.66776748,13.02670152,1,3,1,1,3,17:45,10,E09000032,6,0,6,30,0,-1,-1,0,0,0,4,2,2,0,0,1,1,E01004628,06-12-2018,1,1,1,1,21,5,2,0,0,0,0,-1,9,-1
21732,77.67832147,13.03512338,1,3,2,1,6,20:45,10,E09000032,3,3,6,30,3,4,6,0,0,5,4,2,2,0,0,1,1,E01004502,02-12-2018,2,1,2,1,-1,-1,2,0,0,1,0,-1,9,-1
21733,77.59009921,13.03586259,1,3,2,2,3,07:40,10,E09000032,3,3,2,30,6,2,5,0,0,0,4,1,1,0,0,1,2,E01004514,29-11-2018,1,1,1,1,22,5,3,0,0,0,0,-1,3,1
21734,77.61289253,13.01473019,1,3,2,1,4,11:38,10,E09000032,3,306,3,50,7,2,3,3,0,0,1,8,1,0,0,1,1,E01004572,07-12-2018,2,1,1,1,42,7,3,0,0,0,0,-1,9,-1
21735,77.67402078,13.04372303,1,3,1,1,5,09:09,10,E09000032,3,217,6,30,6,4,3,217,0,1,1,1,1,0,0,1,1,E01004614,17-11-2018,1,1,1,1,49,8,3,0,0,0,0,-1,9,-1
21736,77.54475082,12.99223201,1,3,1,1,4,17:30,10,E09000032,3,3,3,50,7,4,3,306,0,0,4,1,1,0,0,1,1,E01004573,07-12-2018,2,2,1,1,-1,-1,3,0,0,0,0,-1,9,-1
21737,77.57363702,13.01678651,1,3,3,1,5,12:24,10,E09000032,3,3,2,30,0,-1,-1,0,0,0,1,1,1,0,0,1,1,E01004509,08-12-2018,1,1,1,1,36,7,3,0,0,0,0,-1,9,1
21738,77.62418548,12.99801564,1,3,1,1,4,09:15,10,E09000032,3,217,6,30,3,4,6,0,0,4,1,1,1,0,0,1,2,E01004525,14-12-2018,1,1,3,2,36,7,3,9,5,0,0,-1,0,-1
21739,77.56494404,13.00830864,1,3,2,1,3,18:00,10,E09000032,4,242,6,30,3,4,6,0,0,0,4,1,1,0,0,1,1,E01004474,13-12-2018,1,1,3,1,33,6,2,6,9,0,0,-1,0,-1
21740,77.65489205,12.98864809,1,3,2,1,4,09:42,10,E09000032,6,0,6,30,0,-1,-1,0,0,0,1,1,1,0,0,1,1,E01004569,07-12-2018,1,1,1,1,30,6,2,0,0,0,0,-1,2,1
21741,77.64302399,12.98818156,1,3,3,2,6,18:25,10,E09000032,3,3216,6,30,6,2,3,3205,0,0,4,2,2,0,0,1,1,E01004561,02-12-2018,1,1,1,1,43,7,3,0,0,0,0,-1,5,1
21742,77.52471469,13.03901427,1,3,1,2,7,13:20,10,E09000032,3,3036,3,30,3,4,6,0,0,4,1,1,1,0,0,1,1,E01004551,10-12-2018,1,1,1,1,18,4,3,0,0,0,0,-1,2,-1
21743,77.51016278,13.00845776,1,3,2,1,6,13:33,10,E09000032,3,219,1,30,1,4,3,3,0,7,1,1,1,0,0,1,1,E01004573,09-12-2018,1,1,1,2,48,8,3,0,0,0,0,-1,9,-1
21744,77.60057034,12.98463555,1,3,1,1,7,13:50,10,E09000032,6,0,6,30,3,4,6,0,0,0,1,1,1,0,0,1,1,E01004629,10-12-2018,1,2,3,1,73,10,2,5,3,0,0,-1,0,1
21745,77.54818325,13.01311466,1,3,1,1,7,18:22,10,E09000032,3,3036,9,30,0,-1,-1,0,0,0,4,9,1,0,0,1,1,E01004588,10-12-2018,2,1,1,1,24,5,3,0,0,0,0,-1,9,-1
21746,77.5737921,13.04727955,1,3,2,1,4,09:30,10,E09000032,3,217,6,30,3,4,6,0,0,5,1,8,1,0,0,1,2,E01004496,14-12-2018,2,2,2,1,26,6,3,0,0,1,0,-1,9,-1
21747,77.62045685,12.97540156,1,3,2,1,4,07:35,10,E09000032,3,306,6,30,3,4,6,0,0,4,1,1,1,0,0,1,1,E01004571,14-12-2018,1,2,1,1,52,8,2,0,0,0,0,-1,9,1
21748,77.60282158,12.97290964,1,3,2,1,4,22:55,10,E09000032,5,0,6,30,3,4,6,0,0,0,4,1,1,0,0,1,1,E01004582,14-12-2018,2,1,1,1,36,7,1,0,0,0,0,-1,4,1
21749,77.59340909,12.99330825,1,3,1,1,5,16:20,22,E09000024,3,217,6,30,3,4,3,217,0,4,4,1,1,4,0,1,1,E01004529,22-12-2018,1,1,1,1,-1,-1,3,0,0,0,0,-1,3,-1
21750,77.58613118,13.02220597,1,3,3,1,6,19:30,10,E09000032,3,3,6,30,3,4,6,0,0,0,4,1,1,0,0,1,1,E01004510,16-12-2018,2,1,1,2,57,9,3,0,0,0,0,-1,9,-1
21751,77.61567233,12.9963502,1,3,2,2,6,13:40,10,E09000032,5,0,6,30,3,4,6,0,0,4,1,1,1,0,0,1,1,E01004536,23-12-2018,1,1,2,2,28,6,3,0,0,0,3,-1,11,1
21752,77.66947985,13.002677,1,3,2,1,1,18:20,10,E09000032,3,3,6,30,3,4,6,0,0,0,4,1,1,0,0,1,1,E01004499,18-12-2018,2,1,2,2,28,6,2,0,0,1,0,-1,9,1
21753,77.57935652,12.97635425,1,3,2,1,5,08:36,10,E09000032,3,24,6,30,3,4,6,0,0,0,1,1,2,0,0,1,1,E01004548,22-12-2018,2,1,2,2,23,5,3,0,0,1,0,-1,9,-1
21754,77.55174984,13.00499457,1,3,2,1,4,15:55,22,E09000024,5,0,6,30,0,-1,-1,0,0,0,4,1,1,0,0,1,2,E01003442,14-12-2018,1,1,1,1,20,4,1,0,0,0,0,-1,9,1
21755,77.67249465,12.99662683,1,3,2,1,3,18:15,10,E09000032,4,229,6,30,3,4,6,0,0,0,4,2,2,0,0,1,2,E01004626,06-12-2018,1,1,3,1,10,2,2,1,3,0,0,-1,0,-1
21756,77.60206616,12.98579508,1,3,2,2,6,12:00,10,E09000032,4,305,6,30,3,4,5,0,0,0,1,1,1,0,0,1,1,E01004581,23-12-2018,1,1,1,2,47,8,2,0,0,0,0,-1,9,-1
21757,77.61954492,13.02451655,1,3,2,1,4,09:30,10,E09000032,3,217,6,30,3,4,6,0,0,5,1,1,1,0,0,1,2,E01004496,07-12-2018,1,1,3,2,44,7,2,4,4,0,0,-1,0,-1
21758,77.65499553,12.96682156,1,2,2,1,6,18:54,10,E09000032,3,3,3,30,7,4,3,3220,0,1,4,1,1,0,0,1,1,E01004554,23-12-2018,1,1,1,2,67,10,2,0,0,0,0,-1,9,1
21759,77.53998151,13.04107369,1,3,1,1,6,12:44,10,E09000032,5,0,6,30,3,4,6,0,0,0,1,1,1,0,0,1,1,E01004617,23-12-2018,2,1,1,2,36,7,3,0,0,0,0,-1,1,1
21760,77.59141038,13.01865627,1,2,2,1,2,12:35,10,E09000032,5,0,1,30,2,4,6,0,0,0,1,1,1,0,0,1,1,E01004572,19-12-2018,1,1,1,1,34,6,1,0,0,0,0,-1,5,1
21761,77.56069091,13.00410213,1,3,2,2,3,15:45,10,E09000032,6,0,6,30,6,4,6,0,0,0,4,1,1,0,0,1,1,E01004519,20-12-2018,2,2,1,2,50,8,2,0,0,0,0,-1,9,1
21762,77.57578426,12.97044279,1,3,2,1,2,23:30,10,E09000032,3,3209,6,30,0,-1,-1,0,0,0,4,1,2,0,0,1,1,E01004509,19-12-2018,1,1,1,1,30,6,1,0,0,0,0,-1,9,-1
21763,77.66153661,13.00720596,1,3,2,1,3,17:50,10,E09000032,3,3,3,40,0,-1,-1,0,0,0,4,1,1,0,0,1,1,E01004573,20-12-2018,1,2,2,1,23,5,1,0,0,2,0,-1,9,-1
21764,77.66642252,13.02374476,1,3,2,1,6,07:05,10,E09000032,3,217,6,30,6,4,6,0,0,0,1,1,1,0,0,1,1,E01004494,16-12-2018,1,3,2,2,64,9,1,0,0,2,0,-1,9,-1
21765,77.60137453,13.03308057,1,2,2,1,2,21:36,10,E09000032,4,306,6,30,6,4,6,0,0,1,4,1,1,0,0,1,1,E01004605,19-12-2018,1,4,2,1,-1,-1,2,0,0,1,0,-1,9,-1
21766,77.53033897,12.99013541,1,3,2,1,5,07:30,10,E09000032,5,0,6,30,3,4,6,0,0,0,1,1,1,0,0,1,1,E01004617,20-10-2018,1,1,3,1,63,9,1,1,1,0,0,-1,0,-1
21767,77.53315074,12.9765141,1,3,2,1,7,17:45,10,E09000032,3,306,6,30,0,-1,-1,0,0,0,7,1,1,0,0,1,2,E01004575,31-12-2018,1,1,1,1,32,6,2,0,0,0,0,-1,9,1
21768,77.59422647,13.01931523,1,3,1,1,4,19:52,10,E09000032,6,0,6,30,3,4,6,0,0,0,4,1,2,0,0,1,1,E01004542,28-12-2018,1,2,2,1,29,6,3,0,0,1,0,-1,9,1