Accident_Index,longitude,latitude,Police_Force,Accident_Severity,Number_of_Vehicles,Number_of_Casualties,Day_of_Week,Time,Local_Authority_(District),Local_Authority_(Highway),1st_Road_Class,1st_Road_Number,Road_Type,Speed_limit,Junction_Detail,Junction_Control,2nd_Road_Class,2nd_Road_Number,Pedestrian_Crossing-Human_Control,Pedestrian_Crossing-Physical_Facilities,Light_Conditions,Weather_Conditions,Road_Surface_Conditions,Special_Conditions_at_Site,Carriageway_Hazards,Urban_or_Rural_Area,Did_Police_Officer_Attend_Scene_of_Accident,LSOA_of_Accident_Location,Date,Vehicle_Reference,Casualty_Reference,Casualty_Class,Sex_of_Casualty,Age_of_Casualty,Age_Band_of_Casualty,Casualty_Severity,Pedestrian_Location,Pedestrian_Movement,Car_Passenger,Bus_or_Coach_Passenger,Pedestrian_Road_Maintenance_Worker,Casualty_Type,Casualty_Home_Area_Type
21769,77.52797532,13.00446287,1,3,2,1,4,08:20,10,E09000032,3,24,6,30,3,4,6,0,0,0,1,1,1,0,0,1,2,E01004474,07-09-2018,1,3,2,1,29,6,3,0,0,2,0,-1,9,1
21770,77.66260216,12.97498247,1,3,2,1,5,15:45,10,E09000032,3,205,6,30,3,4,6,0,0,0,4,1,1,0,0,1,2,E01004506,01-12-2018,1,1,2,1,-1,-1,3,0,0,1,0,-1,9,-1
21771,77.65224645,13.02925593,1,3,1,1,3,13:25,10,E09000032,5,0,6,30,3,4,6,0,0,0,1,1,1,0,0,1,1,E01004519,20-12-2018,3,1,1,2,23,5,3,0,0,0,0,-1,9,1
21772,77.56397694,12.99909064,1,3,1,1,4,16:41,10,E09000032,6,0,6,30,3,4,6,0,0,0,1,1,1,0,0,1,1,E01004614,26-10-2018,3,2,2,1,55,8,3,0,0,1,0,-1,9,1
21773,77.67093108,13.0354453,1,3,1,1,4,17:20,10,E09000032,3,3209,6,30,8,4,3,219,0,4,4,1,1,0,0,1,1,E01004609,21-12-2018,1,1,2,1,-1,-1,3,0,0,2,0,-1,9,-1
21774,77.58373141,13.04790466,1,2,1,1,3,14:00,10,E09000032,3,214,6,30,3,2,6,0,0,0,1,8,2,0,2,1,1,E01004524,22-11-2018,2,1,1,1,-1,-1,2,0,0,0,0,-1,5,1
21775,77.55312713,12.97680186,1,3,2,1,1,19:27,10,E09000032,3,219,6,30,9,4,6,0,0,0,4,2,2,0,0,1,1,E01004500,18-12-2018,1,1,2,2,-1,-1,3,0,0,2,0,-1,9,1
21776,77.54806133,13.02085538,1,3,2,1,5,16:55,10,E09000032,6,0,6,30,0,-1,-1,0,0,0,4,1,2,0,0,1,2,E01004488,24-11-2018,2,1,1,2,-1,-1,3,0,0,0,0,-1,1,1
21777,77.60532518,12.99288287,1,3,2,1,7,12:55,10,E09000032,6,0,2,30,1,4,6,0,0,0,1,1,1,0,0,1,2,E01004494,10-12-2018,1,1,1,1,27,6,3,0,0,0,0,-1,9,-1
21778,77.66010332,12.99375361,1,3,3,1,1,15:39,10,E09000032,3,217,1,30,2,4,4,235,0,0,1,1,1,0,0,1,1,E01004492,27-02-2018,1,1,1,1,34,6,3,0,0,0,0,-1,9,-1
21779,77.53003615,13.01343927,1,3,2,1,7,10:47,10,E09000032,3,3,3,30,9,2,5,0,0,5,1,1,1,0,0,1,1,E01004513,16-04-2018,1,2,2,1,35,6,3,0,0,1,0,-1,9,-1
21780,77.53584728,13.01259949,1,3,1,1,3,15:30,10,E09000032,3,219,6,30,3,2,3,205,0,5,1,1,1,0,0,1,2,E01004609,03-05-2018,2,3,1,1,52,8,3,0,0,0,0,-1,9,1
21781,77.52926981,12.9839498,1,2,2,1,2,14:15,10,E09000032,3,214,6,30,6,2,3,24,0,5,1,1,1,0,0,1,2,E01004548,11-07-2018,2,4,2,2,21,5,3,0,0,1,0,-1,9,1
21782,77.65797262,12.98689613,1,3,2,1,4,16:39,10,E09000032,3,218,1,30,1,4,6,0,0,0,1,1,1,0,0,1,1,E01004593,21-09-2018,1,1,1,1,15,3,3,0,0,0,0,-1,3,1
21783,77.60936014,13.03556173,1,3,2,1,5,10:00,10,E09000032,3,214,6,30,3,4,6,0,0,0,1,2,2,0,0,1,1,E01004481,15-09-2018,2,2,2,1,41,7,3,0,0,1,0,-1,9,-1
21784,77.67657232,13.0473177,1,3,2,1,6,09:43,10,E09000032,3,306,6,30,3,4,6,0,0,0,1,1,1,0,0,1,1,E01004575,14-10-2018,1,1,1,1,38,7,3,0,0,0,0,-1,9,-1
21785,77.58466661,13.0096562,1,3,2,1,5,16:35,10,E09000032,3,24,6,30,3,4,6,0,0,0,1,1,1,0,0,1,2,E01004526,26-05-2018,1,1,1,1,20,4,1,0,0,0,0,-1,9,1
21786,77.66340549,13.02375022,1,3,2,1,2,15:30,10,E09000032,3,3,6,30,3,4,6,0,0,0,4,1,1,0,0,1,2,E01004628,26-12-2018,1,2,2,1,22,5,1,0,0,1,0,-1,9,-1
21787,77.51310001,13.00193621,1,3,1,1,1,15:17,10,E09000032,6,0,6,30,3,4,6,0,0,0,1,1,1,0,0,1,1,E01004542,16-10-2018,1,1,1,1,39,7,3,0,0,0,0,-1,9,1
21788,77.53331926,13.02694224,1,3,2,1,6,18:35,10,E09000032,6,0,6,30,3,4,6,0,0,0,1,2,2,0,0,1,1,E01004576,01-07-2018,1,2,2,2,26,6,2,0,0,2,0,-1,9,-1
21789,77.59471639,12.9741645,1,3,2,1,6,10:05,10,E09000032,3,3,3,30,3,4,6,0,0,0,1,1,1,0,0,1,3,E01004628,26-08-2018,1,3,2,1,29,6,3,0,0,1,0,-1,9,-1
21790,77.63741023,13.00172053,1,3,1,2,7,15:45,10,E09000032,3,24,6,30,9,4,6,0,0,0,1,8,1,0,0,1,1,E01004474,08-10-2018,1,1,1,1,72,10,2,0,0,0,0,-1,9,1
21791,77.5177662,13.0084962,1,3,2,1,5,08:43,10,E09000032,3,214,6,30,7,2,3,24,0,0,1,1,1,0,0,1,1,E01004481,17-11-2018,1,1,1,1,-1,-1,3,0,0,0,0,-1,9,-1
21792,77.65542137,13.03707131,1,3,2,2,3,06:45,10,E09000032,3,219,6,30,3,4,6,0,0,0,1,1,1,0,0,1,1,E01004643,31-05-2018,1,1,1,1,21,5,3,0,0,0,0,-1,9,-1
21793,77.51944658,13.02040291,1,3,1,1,3,20:02,10,E09000032,3,214,7,40,0,-1,-1,0,0,0,1,1,1,0,0,1,1,E01004514,09-08-2018,1,1,1,1,41,7,3,0,0,0,0,-1,5,1
21794,77.63110239,12.96828603,1,3,2,1,5,06:45,10,E09000032,3,3036,6,30,3,2,6,0,0,0,4,1,1,0,0,1,3,E01004588,27-10-2018,1,1,1,1,21,5,1,0,0,0,0,-1,9,1
21795,77.6744182,13.04452454,1,3,2,1,3,09:13,10,E09000032,3,306,6,30,3,4,6,0,0,0,1,1,1,0,0,1,1,E01004572,08-11-2018,1,2,2,1,29,6,2,0,0,1,0,-1,9,1
21796,77.51346403,13.00253812,1,3,1,1,6,16:14,10,E09000032,5,0,6,30,6,2,3,3036,0,5,1,1,1,0,0,1,2,E01004551,08-07-2018,1,3,2,2,20,4,3,0,0,2,0,-1,9,1
21797,77.58846881,13.01487742,1,3,2,1,2,15:00,10,E09000032,3,218,6,30,8,4,6,0,0,0,1,1,1,0,0,1,2,E01004593,17-10-2018,1,1,1,1,-1,-1,2,0,0,0,0,-1,9,-1
21798,77.59962129,13.02757437,1,2,1,1,2,17:58,10,E09000032,3,217,6,30,3,4,6,0,0,0,4,1,1,0,0,1,1,E01004614,19-12-2018,1,1,1,1,19,4,2,0,0,0,0,-1,3,-1
21799,77.65963408,12.98863923,1,3,2,1,6,17:15,10,E09000032,6,0,6,30,3,4,6,0,0,0,1,1,1,0,0,1,1,E01004629,19-08-2018,1,2,3,1,32,6,3,5,3,0,0,-1,0,1
21800,77.61462593,13.00666824,1,3,2,1,6,17:05,10,E09000032,4,224,6,30,3,4,3,3216,0,0,1,2,2,0,0,1,2,E01004564,01-07-2018,1,3,3,2,29,6,2,5,3,0,0,-1,0,1
21801,77.65949515,13.03156964,1,3,2,2,2,08:45,10,E09000032,6,0,6,30,0,-1,-1,0,0,0,1,1,1,0,0,1,1,E01004568,25-07-2018,1,1,1,1,85,11,2,0,0,0,0,-1,9,1
21802,77.57678677,12.99038444,1,3,2,1,2,08:26,10,E09000032,4,229,6,30,6,2,4,237,0,5,1,1,1,0,0,1,1,E01004559,01-08-2018,1,1,3,1,10,2,2,5,3,0,0,-1,0,-1
21803,77.52758559,13.02013052,1,3,2,1,6,15:50,10,E09000032,3,3,6,30,3,4,5,0,0,0,1,1,1,0,0,1,1,E01004600,30-09-2018,1,1,1,1,21,5,3,0,0,0,0,-1,9,1
21804,77.59421875,13.03569023,1,3,1,1,6,18:30,10,E09000032,3,3036,6,30,0,-1,-1,0,0,0,4,1,1,0,0,1,3,E01004551,16-09-2018,1,1,1,1,24,5,1,0,0,0,0,-1,5,1
21805,77.57650181,13.0281429,1,3,1,1,5,11:13,10,E09000032,3,217,6,30,0,-1,-1,0,0,0,1,1,1,0,0,1,1,E01004528,24-11-2018,1,1,1,1,26,6,1,0,0,0,0,-1,1,1
21806,77.53934965,13.00490926,1,3,1,1,3,09:00,27,E09000009,6,0,6,30,0,-1,-1,0,0,0,1,1,1,0,0,1,1,E01001362,04-01-2018,1,1,3,2,-1,-1,3,5,3,0,0,-1,0,-1
21807,77.63067991,13.01248125,1,3,2,3,4,21:00,27,E09000009,3,312,3,40,3,4,6,0,0,0,4,1,2,0,0,1,1,E01001324,05-01-2018,1,1,1,1,75,10,2,0,0,0,0,-1,9,1
21808,77.51263379,13.04111021,1,3,2,2,6,16:00,27,E09000009,3,4020,3,30,0,-1,-1,0,0,0,1,1,1,0,0,1,1,E01001338,07-01-2018,1,1,1,2,28,6,2,0,0,0,0,-1,9,1
21809,77.54141632,13.01568734,1,3,2,1,4,01:17,27,E09000009,3,40,3,40,3,4,6,0,0,0,4,1,1,0,0,1,1,E01001267,12-01-2018,1,2,3,2,79,11,2,10,1,0,0,-1,0,-1
21810,77.56362663,13.03827459,1,3,2,1,5,08:20,27,E09000009,6,0,6,30,0,-1,-1,0,0,0,1,1,1,0,0,1,1,E01001217,13-01-2018,1,1,1,2,42,7,3,0,0,0,0,-1,9,1
21811,77.60117264,12.97046269,1,3,2,2,2,22:10,27,E09000009,3,4020,6,30,3,4,6,0,0,0,4,1,1,0,0,1,1,E01001359,10-01-2018,2,2,1,1,42,7,1,0,0,0,0,-1,5,1
21812,77.54507428,13.02018245,1,3,2,1,5,07:10,27,E09000009,3,312,1,30,1,4,3,4090,0,0,1,1,1,0,0,1,1,E01001315,13-01-2018,1,1,3,1,75,10,1,1,1,0,0,-1,0,1
21813,77.60241437,13.02967926,1,3,2,1,6,13:50,27,E09000009,3,4020,6,30,3,4,6,0,0,0,1,1,1,0,0,1,1,E01001359,14-01-2018,1,1,1,1,34,6,3,0,0,0,0,-1,9,1
21814,77.6715007,13.04347832,1,3,1,1,6,08:06,27,E09000009,5,0,6,30,3,4,6,0,0,0,1,1,1,0,0,1,1,E01001203,14-01-2018,1,2,2,1,35,6,3,0,0,1,0,-1,9,1
21815,77.64912732,13.00015516,1,3,2,1,7,20:20,27,E09000009,6,0,6,30,0,-1,-1,0,0,0,4,1,1,0,0,1,2,E01001284,08-01-2018,2,3,1,1,35,6,2,0,0,0,0,-1,9,-1
21816,77.58230301,13.04111939,1,3,2,1,4,08:20,27,E09000009,3,4127,6,30,8,4,6,0,0,0,1,1,1,0,0,1,2,E01001220,12-01-2018,2,4,2,1,35,6,1,0,0,1,0,-1,9,1
21817,77.62506107,13.01149537,1,3,2,1,7,13:35,27,E09000009,3,4020,3,30,0,-1,-1,0,0,5,1,1,1,0,0,1,1,E01001361,15-01-2018,1,1,2,2,18,4,3,0,0,1,0,-1,9,1
21818,77.55726414,13.04591861,1,3,2,1,2,08:35,27,E09000009,4,452,6,30,0,-1,-1,0,0,0,1,1,1,0,0,1,2,E01001302,17-01-2018,1,1,2,2,-1,-1,3,0,0,0,0,-1,19,-1
21819,77.67017864,13.01671721,1,3,1,1,2,08:09,27,E09000009,3,312,6,30,3,4,6,0,0,4,1,1,1,0,0,1,1,E01001328,17-01-2018,2,1,1,1,32,6,2,0,0,0,0,-1,1,1
21820,77.64546547,13.01917075,1,3,2,2,2,10:09,27,E09000009,3,4000,6,30,0,-1,-1,0,0,0,1,1,1,0,0,1,1,E01001238,17-01-2018,1,2,2,2,54,8,3,0,0,1,0,-1,9,1
21821,77.6613549,12.98410429,1,3,2,2,7,18:45,27,E09000009,4,452,6,30,0,-1,-1,0,0,0,4,1,1,0,0,1,1,E01001385,15-01-2018,1,3,1,1,61,9,2,0,0,0,0,-1,9,1
21822,77.64536123,12.99871592,1,3,1,1,4,20:51,27,E09000009,3,4020,6,30,0,-1,-1,0,0,0,4,1,1,0,0,1,1,E01001354,19-01-2018,2,1,1,1,30,6,2,0,0,0,0,-1,9,1
21823,77.67722151,12.9893904,1,2,1,1,7,18:30,27,E09000009,3,406,6,30,3,4,6,0,0,0,4,2,2,0,0,1,1,E01001235,22-01-2018,1,1,3,1,34,6,2,5,1,0,0,-1,0,-1
21824,77.62004407,12.97523934,1,3,2,1,5,19:10,27,E09000009,3,4020,6,30,3,4,5,0,0,8,4,1,1,0,0,1,1,E01001338,20-01-2018,1,1,1,1,68,10,3,0,0,0,0,-1,9,1
21825,77.65177203,12.9706117,1,3,2,1,1,09:55,27,E09000009,3,4000,6,30,3,4,6,0,0,0,1,1,1,0,0,1,1,E01001199,23-01-2018,2,2,1,1,58,9,2,0,0,0,0,-1,9,-1
21826,77.5828049,12.99548846,1,3,2,2,3,20:50,27,E09000009,4,455,6,30,0,-1,-1,0,0,0,4,1,1,0,0,1,1,E01001212,11-01-2018,1,1,1,1,26,6,2,0,0,0,0,-1,9,1
21827,77.51271918,13.01771518,1,3,2,2,4,18:45,27,E09000009,3,4020,6,30,8,4,6,0,0,0,4,1,1,0,0,1,1,E01001338,26-01-2018,1,1,1,1,26,6,1,0,0,0,0,-1,5,1
21828,77.53544347,13.0066786,1,3,1,1,5,22:50,27,E09000009,6,0,6,30,0,-1,-1,0,0,0,4,1,1,0,0,1,1,E01001327,03-02-2018,2,2,1,1,77,11,2,0,0,0,0,-1,9,1
21829,77.5767266,13.02701598,1,2,3,4,1,14:43,25,E09000018,4,452,6,30,3,4,4,452,0,0,1,1,1,0,0,1,1,E01002565,06-03-2018,1,1,1,1,54,8,2,0,0,0,0,-1,5,-1
21830,77.54868491,13.02945127,1,3,2,3,7,22:08,27,E09000009,5,0,6,30,6,4,6,0,0,1,4,1,1,0,0,1,1,E01001367,19-03-2018,1,1,1,1,28,6,3,0,0,0,0,-1,9,1
21831,77.62435008,13.00796427,1,3,2,1,1,16:49,27,E09000009,3,3002,6,30,3,4,6,0,0,0,1,1,1,0,0,1,1,E01001254,13-03-2018,2,2,1,2,49,8,3,0,0,0,0,-1,9,1
21832,77.54384014,13.03541977,1,3,3,1,7,14:00,27,E09000009,3,312,6,30,3,4,6,0,0,0,1,1,1,0,0,1,3,E01001321,29-01-2018,1,2,2,2,24,5,3,0,0,1,0,-1,9,1
21833,77.5117083,12.97440105,1,3,3,1,2,17:40,27,E09000009,6,0,6,30,0,-1,-1,0,0,0,4,1,1,0,0,1,1,E01001337,07-02-2018,2,1,1,1,29,6,1,0,0,0,0,-1,3,1
21834,77.55452398,13.00253015,1,3,1,1,4,13:38,27,E09000009,3,4020,6,30,6,2,4,452,0,5,1,1,1,0,0,1,1,E01001388,02-02-2018,1,1,1,1,27,6,3,0,0,0,0,-1,9,1
21835,77.5497189,13.0007338,1,3,3,2,3,19:00,27,E09000009,3,312,1,30,1,2,3,312,0,0,4,2,2,0,0,1,1,E01001328,01-02-2018,2,2,1,1,77,11,1,0,0,0,0,-1,9,1
21836,77.56106712,13.04287027,1,3,2,1,3,19:15,27,E09000009,6,0,6,30,3,4,3,4020,0,0,4,1,1,0,0,1,1,E01001389,01-02-2018,2,3,2,2,70,10,2,0,0,1,0,-1,9,1
21837,77.65084207,12.99503152,1,3,2,1,4,13:50,26,E09000017,3,4180,3,30,1,4,3,40,0,0,1,1,1,0,0,1,1,E01002499,02-02-2018,1,1,1,1,59,9,3,0,0,0,0,-1,9,1
21838,77.60564814,13.01679731,1,3,3,3,3,11:43,27,E09000009,3,4020,3,30,0,-1,-1,0,0,0,1,1,1,0,0,1,1,E01001254,08-02-2018,1,2,2,1,29,6,3,0,0,1,0,-1,9,1
21839,77.63299479,12.99677055,1,3,2,1,5,17:55,27,E09000009,4,452,6,30,6,4,6,0,0,0,1,1,1,0,0,1,1,E01001385,03-02-2018,1,1,1,1,21,5,2,0,0,0,0,-1,4,-1
21840,77.5447116,13.00158099,1,3,3,1,1,22:10,27,E09000009,4,452,6,30,0,-1,-1,0,0,0,4,2,2,0,0,1,1,E01001210,13-02-2018,1,1,3,2,59,9,2,1,1,0,0,-1,0,1
21841,77.57595114,13.03053858,1,3,2,1,6,16:15,27,E09000009,6,0,2,30,0,-1,-1,0,0,0,1,1,1,0,0,1,1,E01001381,04-02-2018,1,1,1,1,37,7,2,0,0,0,0,-1,5,1
21842,77.59702438,13.03782515,1,3,2,1,4,14:06,27,E09000009,3,3005,6,30,0,-1,-1,0,0,0,1,1,1,0,0,1,1,E01001362,02-02-2018,1,1,3,2,41,7,3,10,9,0,0,-1,0,1
21843,77.53547214,13.04096239,1,3,2,1,6,22:32,27,E09000009,3,40,3,30,0,-1,-1,0,0,0,4,1,1,0,0,1,1,E01001347,04-02-2018,1,1,1,1,43,7,3,0,0,0,0,-1,9,1
21844,77.51013797,12.98769421,1,3,1,1,6,17:27,27,E09000009,5,0,6,30,0,-1,-1,0,0,0,4,1,1,0,0,1,1,E01001370,04-02-2018,1,2,2,1,39,7,3,0,0,1,0,-1,9,1
21845,77.61980229,12.9892782,1,2,1,1,6,07:33,27,E09000009,3,406,1,30,1,4,3,406,0,0,1,1,1,0,0,1,1,E01001278,04-02-2018,1,1,1,1,19,4,2,0,0,0,0,-1,9,1
21846,77.633868,12.99321592,1,3,2,2,1,23:08,27,E09000009,3,4020,3,30,0,-1,-1,0,0,0,4,2,2,0,0,1,1,E01001338,13-02-2018,1,1,1,1,41,7,3,0,0,0,0,-1,1,1
21847,77.52557986,12.97090477,1,3,2,1,6,13:40,27,E09000009,3,4127,6,30,3,4,6,0,0,0,1,2,2,0,0,1,1,E01001261,11-02-2018,1,1,1,1,25,5,2,0,0,0,0,-1,9,-1
21848,77.67072051,13.0072237,1,2,1,1,1,17:40,27,E09000009,6,0,6,30,0,-1,-1,0,0,0,4,1,1,0,0,1,1,E01001365,06-02-2018,1,2,2,1,-1,-1,2,0,0,1,0,-1,9,1
21849,77.67521776,12.98510713,1,3,2,1,7,06:48,27,E09000009,3,40,3,40,3,4,5,0,0,0,4,2,2,0,0,1,1,E01001196,12-02-2018,1,3,2,1,25,5,2,0,0,2,0,-1,9,1
21850,77.61901181,13.03628078,1,3,2,1,2,17:55,27,E09000009,3,4000,6,30,3,4,3,40,0,0,4,1,1,0,0,1,1,E01001247,07-02-2018,1,4,2,1,26,6,2,0,0,2,0,-1,9,-1
21851,77.51164085,13.03788732,1,3,3,1,4,19:00,27,E09000009,3,4020,6,30,6,4,3,3005,0,4,4,1,1,0,0,1,1,E01001361,09-02-2018,2,1,1,1,-1,-1,2,0,0,0,0,-1,90,-1
21852,77.65959695,12.98630907,1,2,1,1,6,17:47,27,E09000009,3,4090,6,30,3,4,6,0,0,0,4,1,1,0,0,1,1,E01001315,11-02-2018,1,1,3,2,-1,-1,3,5,3,0,0,-1,0,-1
21853,77.58145395,13.02400103,1,3,2,1,3,14:10,27,E09000009,3,4127,6,30,0,-1,-1,0,0,0,1,1,1,0,0,1,3,E01001261,01-02-2018,3,1,1,1,33,6,3,0,0,0,0,-1,9,-1
21854,77.64586579,13.04464447,1,3,2,2,3,12:00,25,E09000018,5,0,1,30,1,4,6,0,0,0,1,1,1,0,0,1,1,E01002637,15-02-2018,1,1,3,1,47,8,2,4,1,0,0,-1,0,-1
21855,77.59181275,13.02329005,1,3,2,1,2,08:42,27,E09000009,3,4127,6,30,3,4,6,0,0,0,1,1,1,0,0,1,1,E01001261,07-02-2018,1,1,1,1,-1,-1,3,0,0,0,0,-1,9,-1
21856,77.61094739,13.03310044,1,3,2,2,3,09:35,27,E09000009,6,0,6,30,3,4,6,0,0,0,1,1,1,0,0,1,1,E01001358,08-02-2018,1,1,3,2,82,11,2,8,9,0,0,-1,0,-1
21857,77.57712478,12.98664667,1,3,3,1,4,23:00,27,E09000009,3,4127,6,30,3,4,6,0,0,0,4,1,2,0,0,1,1,E01001335,09-02-2018,1,1,1,1,32,6,3,0,0,0,0,-1,3,-1
21858,77.62530521,13.04195945,1,3,2,1,5,09:05,27,E09000009,5,0,6,30,6,2,6,0,0,5,1,1,1,0,0,1,1,E01001290,10-02-2018,1,2,1,1,40,7,2,0,0,0,0,-1,5,1
21859,77.52284642,13.02558742,1,3,2,1,2,16:15,27,E09000009,3,312,6,30,3,4,6,0,0,0,4,1,1,0,0,1,1,E01001316,14-02-2018,2,1,1,1,24,5,2,0,0,0,0,-1,5,1
21860,77.58049315,13.03240349,1,3,2,1,4,13:30,24,E09000027,4,358,6,30,0,-1,-1,0,0,0,1,1,1,0,0,1,3,E01003812,09-02-2018,1,1,1,1,30,6,3,0,0,0,0,-1,9,1
21861,77.55409537,13.01933761,1,2,2,1,6,18:53,27,E09000009,3,40,3,40,5,4,3,4000,0,0,4,1,1,0,0,1,1,E01001247,11-02-2018,1,2,2,2,24,5,3,0,0,1,0,-1,9,1
21862,77.67657137,13.02284945,1,3,2,1,7,04:08,27,E09000009,3,40,3,30,0,-1,-1,0,0,0,4,1,1,0,0,1,1,E01001349,05-02-2018,2,3,1,1,29,6,3,0,0,0,0,-1,9,1
21863,77.52849826,12.97610362,1,3,3,1,1,00:30,27,E09000009,3,40,3,40,0,-1,-1,0,0,0,4,1,1,0,0,1,1,E01001238,06-02-2018,2,4,2,1,67,10,1,0,0,1,0,-1,9,1
21864,77.66008918,13.04216685,1,3,4,1,5,19:40,27,E09000009,3,40,3,30,0,-1,-1,0,0,0,4,2,2,0,0,1,1,E01001326,10-02-2018,2,1,1,1,40,7,2,0,0,0,0,-1,5,-1
21865,77.58942802,12.99363083,1,3,3,1,7,10:15,27,E09000009,3,406,1,30,1,2,3,40,0,5,1,1,1,0,0,1,1,E01001278,12-02-2018,2,2,2,2,45,7,3,0,0,0,0,-1,5,-1
21866,77.54646767,13.04101578,1,3,2,1,5,18:25,27,E09000009,3,406,7,40,3,4,6,0,0,0,4,2,2,0,0,1,1,E01001280,10-02-2018,1,1,3,1,25,5,2,5,9,0,0,-1,0,1
21867,77.56621752,13.03250021,1,3,2,1,4,12:30,27,E09000009,5,0,6,30,3,4,6,0,0,0,1,1,1,0,0,1,1,E01001294,02-02-2018,1,1,3,1,45,7,1,1,9,0,0,-1,0,-1
21868,77.60678927,12.9880115,1,3,1,1,3,19:40,27,E09000009,3,406,6,30,6,4,3,4020,0,4,4,2,2,0,0,1,1,E01001234,01-02-2018,1,2,3,2,-1,-1,2,1,9,0,0,-1,0,-1
21869,77.66215694,12.97049268,1,3,3,2,3,18:18,27,E09000009,5,0,6,30,0,-1,-1,0,0,0,4,1,1,0,0,1,1,E01001294,15-02-2018,1,1,1,1,49,8,2,0,0,0,0,-1,4,2
21870,77.53278426,13.04344472,1,2,1,1,7,19:11,27,E09000009,3,4020,6,40,3,2,5,0,0,0,4,1,1,1,0,1,1,E01001381,19-02-2018,2,1,1,1,34,6,2,0,0,0,0,-1,5,1
21871,77.56370906,13.01133753,1,3,1,1,6,18:00,27,E09000009,3,4020,6,30,0,-1,-1,0,0,0,4,1,1,0,0,1,2,E01001354,18-02-2018,1,1,1,1,29,6,2,0,0,0,0,-1,9,-1
21872,77.58470715,13.01288388,1,3,2,1,1,19:50,27,E09000009,6,0,6,30,3,4,6,0,0,0,4,2,2,0,0,1,2,E01001307,13-02-2018,1,1,1,1,19,4,1,0,0,0,0,-1,3,-1
21873,77.52359456,12.98183908,1,3,2,1,2,17:01,27,E09000009,4,455,6,30,3,4,6,0,0,0,1,1,1,0,0,1,1,E01001210,07-02-2018,1,1,1,1,18,4,2,0,0,0,0,-1,9,-1
21874,77.66876694,13.01616549,1,2,1,1,6,12:55,27,E09000009,4,455,6,40,3,4,6,0,0,0,1,1,1,0,0,1,1,E01001283,18-02-2018,2,1,1,1,45,7,2,0,0,0,0,-1,5,1
21875,77.6343379,13.03445659,1,3,2,1,1,16:42,27,E09000009,5,0,6,30,6,4,6,0,0,0,1,1,1,0,0,1,1,E01001367,20-02-2018,1,1,1,2,37,7,3,0,0,0,0,-1,9,1
21876,77.66784898,12.98799595,1,3,2,1,1,05:45,27,E09000009,3,406,3,30,6,2,3,4000,0,0,4,2,2,0,0,1,3,E01001231,13-02-2018,1,2,2,1,36,7,3,0,0,1,0,-1,9,1
21877,77.622435,13.00597959,1,3,1,1,7,12:10,27,E09000009,3,4020,6,30,0,-1,-1,0,0,4,1,1,1,0,0,1,1,E01001221,19-02-2018,2,3,1,1,85,11,2,0,0,0,0,-1,9,-1
21878,77.60781124,13.03326668,1,3,2,1,2,12:34,27,E09000009,5,0,6,30,2,4,5,0,0,0,1,1,1,0,0,1,1,E01001213,21-02-2018,1,1,3,1,65,9,2,5,1,0,0,-1,0,-1
21879,77.57107468,13.03304888,1,3,3,1,4,08:35,27,E09000009,3,40,1,30,1,2,3,312,0,0,1,1,2,0,0,1,1,E01001324,23-02-2018,1,1,1,1,27,6,2,0,0,0,0,-1,9,-1
21880,77.6070781,13.030264,1,3,1,1,7,02:40,27,E09000009,3,4020,6,30,3,4,6,0,0,1,4,1,2,0,0,1,1,E01001351,19-02-2018,1,2,2,2,18,4,2,0,0,2,0,-1,9,1
21881,77.53424369,12.98285488,1,3,2,1,7,13:12,27,E09000009,4,455,6,30,3,4,6,0,0,0,1,1,2,0,0,1,1,E01001332,26-02-2018,1,3,2,1,26,6,2,0,0,1,0,-1,9,-1
21882,77.5714822,13.00131761,1,3,2,1,3,09:00,27,E09000009,5,0,6,30,3,4,6,0,0,1,1,1,1,0,0,1,1,E01001290,22-02-2018,1,4,2,2,24,5,2,0,0,2,0,-1,9,-1
21883,77.63293801,12.98245668,1,3,2,1,7,13:20,27,E09000009,4,312,6,30,3,4,6,0,0,0,1,2,2,0,0,1,1,E01001327,26-02-2018,1,1,3,1,69,10,2,5,1,0,0,-1,0,-1
21884,77.67572085,13.00973577,1,3,3,1,7,13:45,27,E09000009,3,312,3,30,0,-1,-1,0,0,0,1,1,1,0,0,1,1,E01001324,26-02-2018,1,1,3,2,74,10,2,1,1,0,0,-1,0,1
21885,77.67097143,13.03298427,1,3,2,1,7,14:15,26,E09000017,3,4020,3,30,0,-1,-1,0,0,0,1,2,2,0,0,1,3,E01002546,26-02-2018,1,1,3,2,81,11,3,10,9,0,0,-1,0,1
21886,77.53550323,13.0338307,1,3,2,1,5,18:05,27,E09000009,3,4127,6,30,3,2,5,0,0,5,4,2,2,0,0,1,1,E01001272,24-02-2018,1,1,3,1,-1,-1,3,6,9,0,0,-1,0,-1
21887,77.58820066,13.02477617,1,3,5,1,4,19:55,27,E09000009,3,40,3,30,0,-1,-1,0,0,0,4,2,2,0,0,1,1,E01001324,23-02-2018,1,2,3,1,-1,-1,3,6,9,0,0,-1,0,-1
21888,77.51207815,13.01648677,1,2,1,1,7,15:20,27,E09000009,6,0,6,30,3,4,6,0,0,0,1,1,1,0,0,1,1,E01001349,26-02-2018,1,2,1,1,63,9,3,0,0,0,0,-1,11,-1