Accident_Index,longitude,latitude,Police_Force,Accident_Severity,Number_of_Vehicles,Number_of_Casualties,Day_of_Week,Time,Local_Authority_(District),Local_Authority_(Highway),1st_Road_Class,1st_Road_Number,Road_Type,Speed_limit,Junction_Detail,Junction_Control,2nd_Road_Class,2nd_Road_Number,Pedestrian_Crossing-Human_Control,Pedestrian_Crossing-Physical_Facilities,Light_Conditions,Weather_Conditions,Road_Surface_Conditions,Special_Conditions_at_Site,Carriageway_Hazards,Urban_or_Rural_Area,Did_Police_Officer_Attend_Scene_of_Accident,LSOA_of_Accident_Location,Date,Vehicle_Reference,Casualty_Reference,Casualty_Class,Sex_of_Casualty,Age_of_Casualty,Age_Band_of_Casualty,Casualty_Severity,Pedestrian_Location,Pedestrian_Movement,Car_Passenger,Bus_or_Coach_Passenger,Pedestrian_Road_Maintenance_Worker,Casualty_Type,Casualty_Home_Area_Type
22010,77.54331142,13.0002897,1,3,1,1,3,17:21,27,E09000009,6,0,6,30,0,-1,-1,0,0,0,1,1,1,0,0,1,1,E01001257,12-04-2018,1,1,2,2,25,5,3,0,0,0,2,-1,11,-1
22011,77.59738027,13.00004444,1,3,2,2,1,17:30,27,E09000009,6,0,6,30,0,-1,-1,0,0,0,4,1,1,0,0,1,1,E01001361,27-03-2018,1,1,2,1,18,4,3,0,0,2,0,-1,8,1
22012,77.52639707,13.0033701,1,3,2,1,7,14:00,27,E09000009,6,0,6,30,8,4,6,0,0,0,1,1,1,0,0,1,2,E01001361,16-04-2018,1,1,1,1,37,7,2,0,0,0,0,-1,4,3
22013,77.60666747,13.01881448,1,3,3,2,4,11:31,27,E09000009,3,40,3,40,0,-1,-1,0,0,0,1,1,1,0,0,1,1,E01001326,13-04-2018,2,1,1,1,34,6,2,0,0,0,0,-1,1,1
22014,77.65119747,13.02349653,1,3,2,1,3,19:00,27,E09000009,3,4090,6,30,8,4,6,0,0,0,1,1,1,0,0,1,1,E01001269,12-04-2018,1,1,1,2,36,7,3,0,0,0,0,-1,9,1
22015,77.61435017,13.02946374,1,3,2,1,4,19:15,27,E09000009,3,4127,6,30,6,2,6,0,0,5,4,2,2,0,0,1,1,E01001269,02-03-2018,1,2,2,1,3,1,3,0,0,1,0,-1,9,1
22016,77.57792077,13.04442223,1,3,1,1,2,14:30,27,E09000009,5,0,6,30,0,-1,-1,0,0,0,1,1,1,0,0,1,2,E01001256,11-04-2018,2,3,1,2,56,9,2,0,0,0,0,-1,9,-1
22017,77.59852566,12.98271326,1,2,2,1,1,12:55,27,E09000009,4,455,6,30,3,4,6,0,0,0,1,1,1,0,0,1,3,E01001329,27-02-2018,1,1,3,1,48,8,2,9,8,0,0,-1,0,1
22018,77.64020362,13.03271541,1,3,2,1,5,14:30,27,E09000009,3,4127,6,30,6,2,3,4090,0,5,1,1,1,0,0,1,2,E01001312,21-04-2018,2,2,3,2,38,7,2,9,8,0,0,-1,0,1
22019,77.51203807,12.97807088,1,3,1,1,6,08:15,27,E09000009,4,455,6,30,3,4,6,0,0,0,1,1,1,0,0,1,1,E01001228,18-03-2018,2,1,1,1,35,6,2,0,0,0,0,-1,5,1
22020,77.57542685,13.02440346,1,3,2,1,2,15:24,27,E09000009,3,4020,6,30,0,-1,-1,0,0,0,1,1,1,0,0,1,1,E01001381,18-04-2018,1,1,3,2,37,7,2,1,3,0,0,-1,0,-1
22021,77.64227965,13.01517318,1,3,2,1,5,21:25,27,E09000009,3,4020,6,30,0,-1,-1,0,0,0,4,1,1,0,0,1,1,E01001355,21-04-2018,1,1,1,1,24,5,2,0,0,0,0,-1,5,1
22022,77.65768925,12.98411123,1,3,1,1,4,14:00,27,E09000009,4,455,6,30,0,-1,-1,0,0,0,1,1,1,0,0,1,1,E01001261,30-03-2018,1,1,3,2,83,11,1,1,3,0,0,-1,0,-1
22023,77.58815296,12.97022239,1,3,2,1,6,16:25,27,E09000009,3,4127,6,30,0,-1,-1,0,0,0,1,2,2,0,0,1,1,E01001266,15-04-2018,1,1,1,1,48,8,3,0,0,0,0,-1,3,-1
22024,77.55097698,12.98375226,1,3,2,1,2,11:45,27,E09000009,4,455,6,30,0,-1,-1,0,0,1,1,1,1,0,0,1,2,E01001327,11-04-2018,1,1,2,2,79,11,3,0,0,0,3,-1,11,1
22025,77.54015564,13.04366736,1,3,2,1,3,08:50,27,E09000009,4,409,6,30,3,4,6,0,0,0,1,1,2,0,0,1,1,E01001378,19-04-2018,1,1,2,2,79,11,3,0,0,0,3,-1,11,1
22026,77.56438491,13.00472793,1,3,2,1,5,16:09,27,E09000009,4,455,6,30,3,4,6,0,0,0,1,1,1,0,0,1,1,E01001303,21-04-2018,1,1,1,1,20,4,3,0,0,0,0,-1,9,1
22027,77.55551625,12.96861584,1,3,2,1,1,20:40,27,E09000009,4,452,6,30,0,-1,-1,0,0,0,4,2,2,0,0,1,1,E01001347,17-04-2018,1,1,1,1,33,6,3,0,0,0,0,-1,5,1
22028,77.51236626,13.03812282,1,3,2,1,5,10:50,27,E09000009,3,4127,6,30,0,-1,-1,0,0,0,1,1,1,0,0,1,1,E01001218,21-04-2018,1,1,3,2,-1,-1,3,9,5,0,0,-1,0,-1
22029,77.62491163,13.00400443,1,3,2,1,3,09:02,27,E09000009,3,406,6,40,3,4,6,0,0,0,1,1,1,0,0,1,1,E01001278,12-04-2018,2,1,1,2,22,5,3,0,0,0,0,-1,9,1
22030,77.5283829,13.00153292,1,3,2,2,2,08:11,27,E09000009,6,0,6,30,0,-1,-1,0,0,0,1,2,2,0,0,1,1,E01001310,25-04-2018,2,1,1,1,-1,-1,3,0,0,0,0,-1,9,-1
22031,77.52002947,13.00638022,1,3,2,1,7,00:25,27,E09000009,4,455,6,30,0,-1,-1,0,0,0,4,1,1,0,0,1,1,E01001257,23-04-2018,2,2,2,1,-1,-1,3,0,0,1,0,-1,9,-1
22032,77.5491861,12.98423007,1,3,1,2,4,11:14,27,E09000009,3,4020,6,30,3,2,3,4000,0,5,1,1,1,0,0,1,1,E01001351,20-04-2018,2,3,2,1,-1,-1,3,0,0,2,0,-1,9,-1
22033,77.51224454,13.04626212,1,3,1,1,4,11:40,27,E09000009,3,4020,6,30,0,-1,-1,0,0,0,1,1,1,0,0,1,1,E01001245,20-04-2018,2,1,1,1,40,7,3,0,0,0,0,-1,5,1
22034,77.57565437,12.99056042,1,3,2,1,2,14:10,27,E09000009,6,0,6,30,3,4,6,0,0,0,1,1,1,0,0,1,1,E01001252,25-04-2018,1,1,1,2,27,6,3,0,0,0,0,-1,5,1
22035,77.6457673,12.98588206,1,3,2,1,6,18:30,27,E09000009,3,406,6,30,3,4,6,0,0,0,4,1,1,0,0,1,1,E01001235,18-03-2018,2,1,1,1,18,4,2,0,0,0,0,-1,3,-1
22036,77.52021665,13.01237019,1,3,2,2,2,06:35,27,E09000009,3,40,3,50,3,4,6,0,0,0,1,2,2,0,0,1,1,E01001238,18-04-2018,1,1,1,1,48,8,3,0,0,0,0,-1,5,1
22037,77.60426713,13.01144619,1,3,2,1,4,16:58,27,E09000009,3,40,3,40,0,-1,-1,0,0,0,1,1,1,0,0,1,1,E01001242,20-04-2018,1,1,1,2,24,5,3,0,0,0,0,-1,9,1
22038,77.58779369,13.02766782,1,3,1,1,3,18:20,27,E09000009,3,4127,6,30,0,-1,-1,0,0,0,1,1,1,0,0,1,1,E01001220,26-04-2018,1,1,1,1,84,11,3,0,0,0,0,-1,9,1
22039,77.54384153,12.98111163,1,3,1,1,1,13:50,27,E09000009,3,406,6,30,0,-1,-1,0,0,0,1,1,1,0,0,1,1,E01001234,24-04-2018,1,2,2,2,78,11,3,0,0,1,0,-1,9,1
22040,77.52451713,12.97030872,1,3,3,1,2,15:15,27,E09000009,3,406,6,30,3,4,6,0,0,0,1,1,1,0,0,1,1,E01001278,25-04-2018,1,1,1,2,17,4,3,0,0,0,0,-1,9,1
22041,77.55176542,13.02213143,1,3,2,1,5,18:30,27,E09000009,6,0,6,30,3,4,3,4020,0,0,4,1,1,0,0,1,1,E01001337,03-02-2018,1,1,3,2,24,5,3,5,1,0,0,-1,0,-1
22042,77.55783066,13.00125711,1,3,2,1,4,12:10,27,E09000009,3,40,2,30,5,4,3,312,0,0,1,1,1,0,0,1,1,E01001324,27-04-2018,1,1,1,1,34,6,3,0,0,0,0,-1,9,1
22043,77.58960947,13.03924349,1,3,1,1,3,18:25,27,E09000009,5,0,6,30,0,-1,-1,0,0,0,1,1,1,0,0,1,3,E01001355,01-02-2018,2,2,1,1,73,10,3,0,0,0,0,-1,19,1
22044,77.65075426,12.98564165,1,3,2,1,4,00:15,27,E09000009,3,40,3,30,3,2,4,452,0,5,4,1,1,0,0,1,1,E01001348,20-04-2018,1,1,2,1,80,11,3,0,0,0,3,-1,11,-1
22045,77.62569444,13.01522378,1,3,2,2,2,07:50,27,E09000009,6,0,6,30,6,4,6,0,0,0,1,2,2,0,0,1,3,E01001306,25-04-2018,1,1,1,1,-1,-1,2,0,0,0,0,-1,5,-1
22046,77.63747991,12.99552792,1,3,2,1,1,15:25,27,E09000009,3,4127,6,30,0,-1,-1,0,0,0,1,1,1,0,0,1,1,E01001261,24-04-2018,1,1,3,1,21,5,2,9,5,0,0,-1,0,-1
22047,77.59067062,12.98594018,1,3,2,1,3,11:45,27,E09000009,3,312,1,30,1,4,3,312,0,0,1,2,2,0,0,1,3,E01001328,26-04-2018,1,1,1,1,33,6,3,0,0,0,0,-1,9,1
22048,77.56229856,12.98860687,1,3,2,2,1,21:20,27,E09000009,6,0,6,30,0,-1,-1,0,0,0,4,2,2,0,0,1,1,E01001309,24-04-2018,1,1,1,1,-1,-1,3,0,0,0,0,-1,9,-1
22049,77.62832305,13.0313478,1,3,1,1,6,14:36,27,E09000009,3,40,3,40,0,-1,-1,0,0,0,1,1,1,0,0,1,1,E01001277,22-04-2018,1,2,2,2,-1,-1,3,0,0,1,0,-1,9,-1
22050,77.52176266,13.00363121,1,3,2,1,6,13:04,27,E09000009,5,0,6,30,7,4,6,0,0,0,1,1,1,0,0,1,1,E01001370,11-02-2018,1,1,2,2,27,6,3,0,0,1,0,-1,8,-1
22051,77.61637968,12.99482055,1,3,2,1,3,16:30,27,E09000009,3,4020,6,30,3,4,6,0,0,0,4,2,2,0,0,1,1,E01001389,01-03-2018,1,1,1,1,41,7,2,0,0,0,0,-1,1,1
22052,77.58688058,13.03977676,1,3,1,2,6,03:51,27,E09000009,5,0,6,30,3,4,5,0,0,0,4,1,1,0,0,1,1,E01001263,11-03-2018,2,1,1,2,31,6,3,0,0,0,0,-1,9,1
22053,77.52492799,13.01739456,1,3,1,1,5,09:40,27,E09000009,3,4127,6,30,0,-1,-1,0,0,0,1,1,1,0,0,1,1,E01001261,21-04-2018,1,1,3,2,-1,-1,3,10,9,0,0,-1,0,-1
22054,77.5536256,13.00372989,1,3,2,1,6,09:24,27,E09000009,3,40,3,40,6,2,5,0,0,5,1,1,1,0,0,1,1,E01001243,22-04-2018,1,1,3,1,-1,-1,2,9,5,0,0,-1,0,-1
22055,77.61716653,12.97133429,1,3,2,1,2,13:35,27,E09000009,5,0,6,30,3,4,6,0,0,0,1,1,1,0,0,1,3,E01001371,18-04-2018,1,1,3,1,-1,-1,2,1,3,0,0,-1,0,-1
22056,77.56075824,12.98848338,1,3,2,1,7,11:40,27,E09000009,3,4020,6,30,3,4,6,0,0,0,1,1,1,0,0,1,1,E01001389,30-04-2018,2,1,1,1,38,7,2,0,0,0,0,-1,1,1
22057,77.58799081,12.97377938,1,3,3,1,2,11:18,27,E09000009,3,40,7,30,0,-1,-1,0,0,0,1,1,1,0,0,1,1,E01001278,02-05-2018,1,1,3,2,40,7,2,5,1,0,0,-1,0,-1
22058,77.66257644,12.97401751,1,3,1,1,6,10:39,27,E09000009,4,455,6,30,3,4,6,0,0,1,1,1,1,0,0,1,1,E01001301,29-04-2018,1,1,3,1,29,6,3,5,1,0,0,-1,0,1
22059,77.6368125,13.04446549,1,3,1,1,7,15:23,27,E09000009,3,4127,2,30,0,-1,-1,0,0,0,1,1,1,0,0,1,1,E01001266,30-04-2018,1,1,3,2,76,11,2,4,3,0,0,-1,0,-1
22060,77.52592762,13.02396918,1,3,2,1,7,01:20,27,E09000009,6,0,6,30,6,4,6,0,0,0,4,1,1,0,0,1,1,E01001289,02-04-2018,1,1,3,1,81,11,2,1,1,0,0,-1,0,1
22061,77.59505093,13.03956505,1,3,1,1,7,13:00,27,E09000009,4,455,6,30,0,-1,-1,0,0,0,1,1,1,0,0,1,1,E01001301,30-04-2018,1,1,3,1,25,5,3,10,1,0,0,-1,0,1
22062,77.57861853,12.97172916,1,3,2,1,5,19:25,27,E09000009,3,312,6,30,3,4,6,0,0,0,4,1,1,0,0,1,1,E01001316,28-04-2018,1,1,1,1,27,6,3,0,0,0,0,-1,9,1
22063,77.56818349,12.97166712,1,3,2,1,2,13:25,27,E09000009,3,4020,6,30,0,-1,-1,0,0,0,1,1,1,0,0,1,3,E01001361,25-04-2018,2,2,1,2,47,8,2,0,0,0,0,-1,9,1
22064,77.55222147,13.02589506,1,3,2,2,3,12:10,27,E09000009,3,3005,6,30,6,2,6,0,0,5,1,1,1,0,0,1,3,E01001369,26-04-2018,1,1,3,1,34,6,2,1,3,0,0,-1,0,1
22065,77.662635,13.00595457,1,3,1,1,3,07:55,27,E09000009,4,455,6,30,3,4,6,0,0,0,1,1,1,0,0,1,1,E01001301,26-04-2018,1,1,3,2,31,6,2,5,1,0,0,-1,0,1
22066,77.67555753,12.98029024,1,3,6,1,5,04:00,27,E09000009,3,4020,6,30,3,2,3,3002,0,5,4,1,2,0,0,1,1,E01001254,28-04-2018,1,1,3,2,25,5,3,4,1,0,0,-1,0,-1
22067,77.66501154,13.01924686,1,3,1,1,6,15:03,27,E09000009,5,0,6,30,6,4,6,0,0,1,1,1,1,0,0,1,2,E01001290,22-04-2018,1,1,1,1,22,5,1,0,0,0,0,-1,3,1
22068,77.56283155,13.02339931,1,3,2,1,2,08:50,27,E09000009,5,0,6,30,3,4,6,0,0,0,1,1,1,0,0,1,2,E01001370,25-04-2018,3,1,2,2,25,5,3,0,0,1,0,-1,9,-1
22069,77.56693924,12.98104922,1,3,2,1,4,13:55,27,E09000009,3,4020,6,30,3,4,3,4127,0,0,1,1,1,0,0,1,1,E01001339,04-05-2018,1,1,1,2,-1,-1,3,0,0,0,0,-1,9,-1
22070,77.51049898,12.98987985,1,2,1,2,4,07:50,27,E09000009,3,4020,6,30,3,4,6,0,0,0,1,1,1,0,0,1,1,E01001254,20-04-2018,1,2,2,2,-1,-1,3,0,0,1,0,-1,9,-1
22071,77.65975428,12.98236013,1,3,1,1,1,17:28,27,E09000009,6,0,6,30,0,-1,-1,0,0,0,1,1,1,0,0,1,1,E01001304,08-05-2018,2,3,1,1,19,4,3,0,0,0,0,-1,9,1
22072,77.54319435,12.9870057,1,3,2,1,3,17:30,27,E09000009,3,40,3,30,6,2,3,4000,0,0,1,1,1,0,0,1,3,E01001247,19-04-2018,1,1,1,1,28,6,3,0,0,0,0,-1,9,-1
22073,77.59594303,13.01522269,1,3,2,1,3,17:50,27,E09000009,3,4000,2,30,3,4,3,4000,0,0,1,2,2,0,0,1,1,E01001247,03-05-2018,1,2,2,2,30,6,3,0,0,1,0,-1,9,-1
22074,77.54404804,13.02058299,1,3,2,1,3,14:10,27,E09000009,3,406,6,30,6,4,5,0,0,1,1,1,1,0,0,1,3,E01001273,05-04-2018,2,3,1,1,47,8,3,0,0,0,0,-1,8,1
22075,77.65396702,13.01969981,1,3,2,1,1,17:32,27,E09000009,5,0,6,30,0,-1,-1,0,0,0,1,1,1,0,0,1,1,E01001239,24-04-2018,1,1,3,1,48,8,3,5,2,0,0,-1,0,1
22076,77.60083993,13.00062643,1,3,2,1,7,13:30,27,E09000009,6,0,6,30,0,-1,-1,0,0,0,1,1,1,0,0,1,1,E01001336,30-04-2018,2,1,1,1,28,6,2,0,0,0,0,-1,1,1
22077,77.5686332,13.00993423,1,3,2,1,5,08:33,27,E09000009,3,4020,6,30,3,4,6,0,0,0,1,1,1,0,0,1,1,E01001354,28-04-2018,1,1,3,2,41,7,2,1,3,0,0,-1,0,1
22078,77.55988465,12.98352345,1,2,2,1,4,07:40,27,E09000009,5,0,6,30,3,4,6,0,0,0,1,1,1,0,0,1,1,E01001371,04-05-2018,1,1,2,1,-1,-1,3,0,0,0,0,-1,19,-1
22079,77.51700613,13.02330999,1,3,1,1,4,09:30,27,E09000009,3,4020,2,30,6,2,5,0,0,5,1,1,1,0,0,1,1,E01001381,04-05-2018,1,2,1,1,-1,-1,3,0,0,0,0,-1,19,-1
22080,77.55560424,12.99139279,1,3,2,1,4,07:10,27,E09000009,3,312,6,30,3,4,6,0,0,0,1,1,2,0,0,1,1,E01001324,04-05-2018,2,3,1,1,36,7,3,0,0,0,0,-1,9,1
22081,77.6254135,13.01407243,1,3,1,2,1,20:30,27,E09000009,3,312,1,30,1,2,3,312,0,5,1,1,1,0,0,1,1,E01001328,08-05-2018,2,4,2,2,-1,-1,3,0,0,1,0,-1,9,1
22082,77.6607868,12.96929649,1,3,2,1,2,06:20,27,E09000009,3,4127,6,30,0,-1,-1,0,0,0,1,1,1,0,0,1,2,E01001220,09-05-2018,1,2,1,1,35,6,2,0,0,0,0,-1,9,-1
22083,77.59397703,12.97490039,1,3,2,1,3,00:50,27,E09000009,3,40,6,30,7,2,3,406,0,0,4,1,1,0,0,1,1,E01001278,10-05-2018,1,3,2,2,37,7,3,0,0,1,0,-1,9,-1
22084,77.62744307,13.00585576,1,3,2,1,4,10:30,27,E09000009,6,0,6,30,8,4,6,0,0,0,1,1,1,0,0,1,2,E01001309,11-05-2018,2,1,1,1,28,6,3,0,0,0,0,-1,9,-1
22085,77.67435674,12.98404182,1,3,1,1,6,22:35,27,E09000009,4,455,6,30,0,-1,-1,0,0,0,1,1,1,0,0,1,1,E01001327,29-04-2018,2,1,1,1,41,7,2,0,0,0,0,-1,1,1
22086,77.56400887,12.99540454,1,3,2,1,3,08:40,27,E09000009,3,40,3,30,0,-1,-1,0,0,0,1,1,1,0,0,1,2,E01001348,03-05-2018,2,1,1,1,23,5,2,0,0,0,0,-1,3,1
22087,77.62313782,13.02797424,1,3,3,1,2,10:35,27,E09000009,3,40,3,50,0,-1,-1,0,0,0,1,1,1,0,0,1,1,E01001346,09-05-2018,1,2,1,1,21,5,2,0,0,0,0,-1,19,-1
22088,77.64971892,12.98547199,1,3,2,3,6,19:15,27,E09000009,3,4020,6,30,0,-1,-1,0,0,0,1,1,1,0,0,1,2,E01001359,15-04-2018,2,1,1,1,39,7,3,0,0,0,0,-1,21,1
22089,77.57538236,13.03662567,1,3,2,1,4,13:05,27,E09000009,3,3005,6,30,0,-1,-1,0,0,0,1,1,1,0,0,1,1,E01001336,11-05-2018,1,1,1,2,45,7,3,0,0,0,0,-1,9,1
22090,77.56030629,13.00065702,1,3,2,1,3,15:00,27,E09000009,3,4020,6,30,0,-1,-1,0,0,0,1,1,1,0,0,1,1,E01001251,10-05-2018,1,1,3,2,24,5,3,1,3,0,0,-1,0,1
22091,77.59432872,13.00256611,1,3,2,1,4,09:30,27,E09000009,3,406,3,50,0,-1,-1,0,0,0,1,1,1,0,0,1,2,E01001276,11-05-2018,1,1,1,1,26,6,3,0,0,0,0,-1,9,1
22092,77.63341345,12.98798968,1,3,1,1,2,20:15,27,E09000009,6,0,6,30,0,-1,-1,0,0,0,1,1,1,0,0,1,1,E01001372,09-05-2018,1,2,2,2,23,5,2,0,0,1,0,-1,9,1
22093,77.67007299,12.96997193,1,3,3,1,1,18:30,27,E09000009,3,312,6,30,3,2,6,0,0,5,1,1,1,0,0,1,1,E01001323,08-05-2018,1,3,2,1,26,6,3,0,0,2,0,-1,9,1
22094,77.51766275,13.02800873,1,3,2,1,4,12:15,27,E09000009,3,4127,6,30,6,4,6,0,0,0,1,1,1,0,0,1,1,E01001220,11-05-2018,1,4,2,2,26,6,3,0,0,2,0,-1,9,-1
22095,77.64086058,12.97478962,1,3,2,1,3,17:42,27,E09000009,3,40,3,40,7,2,5,0,0,0,1,1,1,0,0,1,1,E01001243,10-05-2018,2,5,1,1,51,8,1,0,0,0,0,-1,9,-1
22096,77.59922431,12.97338371,1,3,2,1,1,13:04,27,E09000009,6,0,6,30,3,4,6,0,0,0,1,1,1,0,0,1,1,E01001367,08-05-2018,2,6,2,2,-1,-1,2,0,0,1,0,-1,9,-1
22097,77.66643681,12.96838506,1,3,2,1,5,08:20,27,E09000009,3,40,3,30,6,4,3,4000,0,0,1,1,1,0,0,1,3,E01001247,21-04-2018,2,7,2,1,12,3,3,0,0,2,0,-1,9,-1
22098,77.58374156,12.98365367,1,3,2,1,4,20:30,27,E09000009,3,4127,6,30,0,-1,-1,0,0,0,4,1,1,0,0,1,1,E01001269,20-04-2018,2,8,2,2,-1,-1,3,0,0,2,0,-1,9,-1
22099,77.65962566,13.0414527,1,3,2,1,3,11:53,27,E09000009,3,4020,2,30,3,4,6,0,0,0,1,1,1,0,0,1,1,E01001359,03-05-2018,2,9,2,2,-1,-1,3,0,0,2,0,-1,9,-1
22100,77.57784765,12.98483321,1,3,1,1,5,19:45,27,E09000009,3,3005,6,30,0,-1,-1,0,0,0,1,1,1,0,0,1,1,E01001361,05-05-2018,1,1,1,2,80,11,3,0,0,0,0,-1,9,1
22101,77.52585849,13.03501085,1,3,1,2,1,16:15,27,E09000009,6,0,2,30,3,4,6,0,0,0,1,1,1,0,0,1,1,E01001361,15-05-2018,1,2,2,1,84,11,3,0,0,1,0,-1,9,1
22102,77.63327104,12.97306532,1,3,2,1,4,14:25,27,E09000009,3,4020,6,30,0,-1,-1,0,0,0,1,1,1,0,0,1,1,E01001388,11-05-2018,1,3,3,2,52,8,2,6,9,0,0,-1,0,1
22103,77.57538016,13.03925476,1,3,2,1,5,09:18,27,E09000009,4,455,6,30,3,4,6,0,0,0,1,1,1,0,0,1,1,E01001386,12-05-2018,1,1,1,1,16,4,2,0,0,0,0,-1,3,1
22104,77.51612326,12.99675989,1,3,1,1,7,02:30,27,E09000009,3,4020,6,30,0,-1,-1,0,0,0,4,1,1,0,0,1,1,E01001361,30-04-2018,1,1,2,2,19,4,3,0,0,1,0,-1,9,1
22105,77.62190134,12.99463812,1,3,2,2,1,16:45,27,E09000009,3,4127,6,30,0,-1,-1,0,0,0,1,1,1,0,0,1,3,E01001218,24-04-2018,1,2,2,2,19,4,3,0,0,2,0,-1,9,1
22106,77.67515397,12.98456953,1,3,1,1,1,13:30,27,E09000009,6,0,6,30,3,4,6,0,0,0,1,1,1,0,0,1,1,E01001226,15-05-2018,1,3,2,2,18,4,3,0,0,2,0,-1,9,1
22107,77.63980745,13.00852146,1,3,2,1,2,21:40,27,E09000009,3,3005,6,30,3,4,6,0,0,0,4,2,2,0,0,1,1,E01001336,16-05-2018,1,4,2,1,18,4,3,0,0,2,0,-1,9,1
22108,77.58866242,13.04344335,1,3,2,1,4,10:10,27,E09000009,3,4020,6,30,0,-1,-1,0,0,0,1,1,1,0,0,1,1,E01001389,18-05-2018,1,5,2,1,18,4,3,0,0,2,0,-1,9,1
22109,77.61356156,12.98772149,1,3,4,5,3,16:06,27,E09000009,3,406,3,50,0,-1,-1,0,0,0,1,1,1,0,0,1,1,E01001277,17-05-2018,1,1,1,1,21,5,3,0,0,0,0,-1,3,-1
22110,77.54237742,12.97705426,1,3,2,1,4,11:29,27,E09000009,3,4020,6,30,0,-1,-1,0,0,0,1,1,1,0,0,1,1,E01001221,18-05-2018,1,1,2,2,24,5,2,0,0,1,0,-1,9,1
22111,77.5427261,13.00710308,1,3,2,1,4,18:45,27,E09000009,3,406,6,30,8,4,6,0,0,0,1,1,1,0,0,1,2,E01001280,18-05-2018,1,2,1,1,43,7,3,0,0,0,0,-1,9,1
22112,77.67091033,13.00686764,1,3,2,1,5,14:00,27,E09000009,5,0,6,30,0,-1,-1,0,0,0,1,1,1,0,0,1,2,E01001298,19-05-2018,2,3,1,1,32,6,3,0,0,0,0,-1,9,-1
22113,77.62429443,13.04096946,1,3,2,2,7,22:16,27,E09000009,3,4020,6,30,0,-1,-1,0,0,0,4,1,1,0,0,1,1,E01001221,21-05-2018,2,4,2,2,28,6,2,0,0,1,0,-1,9,-1
22114,77.64404903,13.04419666,1,2,1,1,1,00:09,27,E09000009,3,40,7,30,0,-1,-1,0,0,0,4,1,1,0,0,1,1,E01001348,22-05-2018,1,1,1,1,30,6,1,0,0,0,0,-1,5,1
22115,77.61675789,13.0006794,1,3,2,1,4,12:09,27,E09000009,3,4127,6,30,6,4,6,0,0,0,1,1,1,0,0,1,1,E01001339,18-05-2018,1,2,2,1,42,7,1,0,0,0,0,-1,5,-1
22116,77.55559649,12.99308876,1,3,2,1,2,10:30,27,E09000009,5,0,6,30,3,4,6,0,0,5,1,1,1,0,0,1,2,E01001297,23-05-2018,1,1,1,1,38,7,1,0,0,0,0,-1,5,3
22117,77.54936107,13.00580086,1,3,1,1,5,11:39,27,E09000009,3,3002,6,30,0,-1,-1,0,0,0,1,2,2,0,0,1,1,E01001248,19-05-2018,1,1,1,1,-1,-1,2,0,0,0,0,-1,9,-1
22118,77.58086635,12.99411372,1,3,2,1,3,22:28,27,E09000009,4,452,6,30,6,4,6,0,0,0,4,2,2,0,0,1,1,E01001384,26-04-2018,1,2,2,1,-1,-1,2,0,0,1,0,-1,9,-1
22119,77.5212048,13.02943402,1,3,2,2,7,19:45,27,E09000009,6,0,6,30,0,-1,-1,0,0,0,1,1,1,0,0,1,2,E01001333,21-05-2018,1,1,1,1,51,8,1,0,0,0,0,-1,3,1
22120,77.66249632,13.01034806,1,3,2,1,6,16:45,27,E09000009,3,4020,6,30,0,-1,-1,0,0,0,1,1,1,0,0,1,2,E01001252,20-05-2018,1,1,1,1,-1,-1,3,0,0,0,0,-1,1,-1
22121,77.59236321,13.02655525,1,3,2,1,5,07:55,27,E09000009,4,452,6,30,6,2,6,0,0,5,1,1,1,0,0,1,3,E01001349,10-02-2018,1,1,2,1,68,10,3,0,0,2,0,-1,9,-1
22122,77.53855881,12.98936877,1,3,2,1,5,19:40,27,E09000009,3,40,3,50,0,-1,-1,0,0,0,1,1,1,0,0,1,1,E01001349,19-05-2018,1,2,2,1,23,5,3,0,0,2,0,-1,9,1
22123,77.57583639,13.01410765,1,3,2,2,7,22:40,27,E09000009,6,0,6,30,0,-1,-1,0,0,0,4,1,1,0,0,1,2,E01001288,21-05-2018,1,3,2,2,72,10,3,0,0,2,0,-1,9,-1
22124,77.59602223,13.01639086,1,3,2,1,7,07:30,27,E09000009,3,406,3,30,1,4,3,406,0,0,1,1,1,0,0,1,2,E01001277,14-05-2018,2,4,1,1,31,6,3,0,0,0,0,-1,9,1
22125,77.62096457,12.98309194,1,3,3,1,3,08:35,27,E09000009,3,406,6,30,3,4,6,0,0,0,1,1,2,0,0,1,3,E01001275,22-02-2018,1,1,2,2,23,5,2,0,0,1,0,-1,9,-1
22126,77.62409707,12.96884228,1,3,2,1,6,21:30,27,E09000009,3,4020,6,30,3,2,6,0,0,5,4,1,1,0,0,1,2,E01001351,07-01-2018,1,2,2,2,46,8,3,0,0,2,0,-1,9,1
22127,77.51352868,12.98700494,1,3,2,1,7,15:55,27,E09000009,6,0,6,30,3,4,6,0,0,0,1,1,1,0,0,1,1,E01001372,28-05-2018,1,1,3,1,85,11,1,5,1,0,0,-1,0,-1
22128,77.59733341,13.00854435,1,2,2,1,3,12:41,27,E09000009,6,0,6,30,3,4,4,490,0,0,1,1,2,0,0,1,1,E01001378,24-05-2018,1,1,3,1,32,6,2,4,1,0,0,-1,0,1
22129,77.54253592,12.9677226,1,3,2,1,1,19:30,27,E09000009,3,312,6,30,0,-1,-1,0,0,5,1,1,1,0,0,1,2,E01001322,29-05-2018,1,1,3,1,30,6,2,2,1,0,0,-1,0,-1