Accident_Index,longitude,latitude,Police_Force,Accident_Severity,Number_of_Vehicles,Number_of_Casualties,Day_of_Week,Time,Local_Authority_(District),Local_Authority_(Highway),1st_Road_Class,1st_Road_Number,Road_Type,Speed_limit,Junction_Detail,Junction_Control,2nd_Road_Class,2nd_Road_Number,Pedestrian_Crossing-Human_Control,Pedestrian_Crossing-Physical_Facilities,Light_Conditions,Weather_Conditions,Road_Surface_Conditions,Special_Conditions_at_Site,Carriageway_Hazards,Urban_or_Rural_Area,Did_Police_Officer_Attend_Scene_of_Accident,LSOA_of_Accident_Location,Date,Vehicle_Reference,Casualty_Reference,Casualty_Class,Sex_of_Casualty,Age_of_Casualty,Age_Band_of_Casualty,Casualty_Severity,Pedestrian_Location,Pedestrian_Movement,Car_Passenger,Bus_or_Coach_Passenger,Pedestrian_Road_Maintenance_Worker,Casualty_Type,Casualty_Home_Area_Type
22130,77.52452621,13.01651529,1,3,2,1,5,21:32,27,E09000009,3,4020,6,30,3,4,6,0,0,0,4,1,1,0,0,1,1,E01001352,19-05-2018,1,1,3,2,43,7,1,6,9,0,0,-1,0,1
22131,77.63070354,12.99961954,1,3,2,1,7,20:22,27,E09000009,6,0,6,30,7,4,6,0,0,0,4,1,1,0,0,1,1,E01001228,04-06-2018,1,1,2,2,30,6,3,0,0,1,0,-1,9,-1
22132,77.59119887,13.01996527,1,3,2,1,6,10:55,27,E09000009,5,0,6,30,0,-1,-1,0,0,0,1,1,1,0,0,1,1,E01001344,03-06-2018,2,1,2,2,27,6,3,0,0,0,0,-1,10,-1
22133,77.5225553,13.00414478,1,3,2,1,7,08:57,27,E09000009,4,455,6,30,0,-1,-1,0,0,0,1,1,1,0,0,1,1,E01001261,04-06-2018,2,2,2,2,29,6,3,0,0,0,0,-1,10,-1
22134,77.51952657,13.00073314,1,3,2,1,4,13:34,27,E09000009,4,455,6,30,9,4,6,0,0,0,1,1,1,0,0,1,1,E01001257,25-05-2018,2,3,2,1,20,4,3,0,0,0,0,-1,10,-1
22135,77.55559944,13.00271148,1,3,1,1,6,17:06,27,E09000009,3,4020,2,30,3,4,4,455,0,0,1,1,1,0,0,1,1,E01001221,27-05-2018,2,4,2,1,24,5,3,0,0,0,0,-1,10,-1
22136,77.58646841,13.02844096,1,3,1,1,6,14:16,27,E09000009,3,4020,6,30,3,4,6,0,0,0,1,1,1,0,0,1,1,E01001389,27-05-2018,2,5,2,2,30,6,3,0,0,0,0,-1,10,-1
22137,77.57318087,13.0475926,1,3,1,1,3,20:35,27,E09000009,6,0,6,30,3,4,6,0,0,0,1,1,1,0,0,1,1,E01001219,31-05-2018,2,6,2,2,28,6,3,0,0,0,0,-1,10,-1
22138,77.51029976,13.01856911,1,2,1,2,3,13:04,27,E09000009,5,0,6,30,6,4,6,0,0,0,1,1,1,0,0,1,1,E01001285,31-05-2018,1,1,1,1,30,6,2,0,0,0,0,-1,5,1
22139,77.64118571,12.98649607,1,3,2,2,6,19:40,27,E09000009,3,40,3,40,0,-1,-1,0,0,0,4,1,1,0,0,1,1,E01001278,03-06-2018,1,1,1,1,41,7,2,0,0,0,0,-1,9,-1
22140,77.56325001,13.0202127,1,3,1,1,3,14:55,27,E09000009,4,312,6,30,3,4,6,0,0,0,1,1,1,0,0,1,1,E01001331,31-05-2018,1,1,2,2,74,10,2,0,0,0,4,-1,11,1
22141,77.55368292,13.01957329,1,3,3,1,4,22:15,27,E09000009,3,4000,6,30,3,4,6,0,0,0,4,1,2,0,0,1,2,E01002691,01-06-2018,1,1,2,1,10,2,3,0,0,1,0,-1,9,1
22142,77.60402776,12.97246095,1,3,2,2,3,23:25,27,E09000009,3,406,6,30,3,4,6,0,0,0,4,1,1,0,0,1,1,E01001275,31-05-2018,1,1,2,2,40,7,3,0,0,1,0,-1,9,1
22143,77.65564411,13.04745064,1,3,1,1,5,11:59,27,E09000009,6,0,6,30,3,4,6,0,0,0,1,1,1,0,0,1,1,E01001276,26-05-2018,2,2,1,2,77,11,3,0,0,0,0,-1,9,1
22144,77.57070328,12.96882084,1,3,2,1,3,07:40,27,E09000009,5,0,6,30,3,4,6,0,0,0,1,1,1,0,0,1,1,E01001350,31-05-2018,3,1,1,2,37,7,3,0,0,0,0,-1,9,1
22145,77.58543064,13.03580956,1,3,3,1,2,15:10,27,E09000009,3,4127,6,30,6,2,3,4090,0,0,1,1,1,0,0,1,2,E01001311,06-06-2018,1,1,1,2,29,6,3,0,0,0,0,-1,9,1
22146,77.56699213,13.03007598,1,3,2,1,5,11:10,27,E09000009,3,40,3,50,0,-1,-1,0,0,0,1,2,2,0,0,1,1,E01001247,19-05-2018,2,1,1,1,42,7,3,0,0,0,0,-1,9,1
22147,77.55006965,13.04303576,1,3,1,1,4,14:40,27,E09000009,6,0,6,30,3,4,6,0,0,0,1,1,1,0,0,1,1,E01001363,25-05-2018,1,1,1,2,24,5,3,0,0,0,0,-1,9,1
22148,77.58052765,12.99297356,1,3,1,1,6,18:43,27,E09000009,6,0,6,30,3,4,6,0,0,0,1,1,1,0,0,1,1,E01001209,27-05-2018,2,1,2,1,14,3,3,0,0,0,0,-1,2,1
22149,77.59482561,12.98919478,1,3,2,2,1,16:40,27,E09000009,3,4020,6,30,3,4,6,0,0,0,1,1,1,0,0,1,1,E01001355,05-06-2018,1,1,2,2,31,6,2,0,0,1,0,-1,9,1
22150,77.53269467,12.9890728,1,3,2,1,2,19:20,27,E09000009,3,4020,6,30,0,-1,-1,0,0,0,5,1,1,0,0,1,1,E01001359,16-05-2018,1,2,2,1,40,7,3,0,0,2,0,-1,9,1
22151,77.61827571,12.9950854,1,2,2,1,2,17:58,27,E09000009,4,4492,6,30,6,2,5,0,0,5,1,1,1,0,0,1,1,E01001246,23-05-2018,1,1,3,1,30,6,3,1,1,0,0,-1,0,1
22152,77.58029652,13.00282241,1,3,1,1,2,20:20,27,E09000009,3,4020,6,30,3,4,6,0,0,1,1,1,1,0,0,1,1,E01001361,30-05-2018,1,1,3,1,65,9,2,1,1,0,0,-1,0,1
22153,77.60525937,13.00342908,1,3,2,1,5,00:54,27,E09000009,3,4020,6,30,6,2,4,452,0,5,4,1,1,0,0,1,1,E01001388,26-05-2018,1,1,1,1,32,6,2,0,0,0,0,-1,3,1
22154,77.58595283,13.02824033,1,3,2,1,4,16:07,27,E09000009,6,0,6,30,0,-1,-1,0,0,0,1,1,1,0,0,1,1,E01001288,08-06-2018,2,1,1,1,50,8,2,0,0,0,0,-1,1,1
22155,77.51150654,12.99376313,1,2,2,1,3,08:25,27,E09000009,3,40,3,50,0,-1,-1,0,0,0,1,1,1,0,0,1,1,E01001267,31-05-2018,2,1,1,1,52,8,3,0,0,0,0,-1,9,1
22156,77.59464454,13.04179231,1,3,2,5,6,19:20,27,E09000009,3,4020,6,30,0,-1,-1,0,0,0,1,1,2,0,0,1,2,E01001220,03-06-2018,1,1,1,2,77,11,3,0,0,0,0,-1,9,1
22157,77.5268891,13.02298711,1,3,3,2,3,11:43,27,E09000009,4,455,6,30,0,-1,-1,0,0,0,1,1,1,0,0,1,2,E01001259,07-06-2018,2,2,1,2,52,8,3,0,0,0,0,-1,9,1
22158,77.56956875,13.02862466,1,3,1,1,7,12:14,27,E09000009,5,0,6,30,0,-1,-1,0,0,0,1,1,1,0,0,1,1,E01001293,28-05-2018,1,1,3,1,11,3,3,5,2,0,0,-1,0,1
22159,77.63597972,12.99895827,1,3,2,1,2,20:00,27,E09000009,3,312,6,30,0,-1,-1,0,0,0,1,1,1,0,0,1,1,E01001316,06-06-2018,2,1,1,1,16,4,2,0,0,0,0,-1,1,1
22160,77.66661526,13.02372356,1,3,1,1,6,22:54,27,E09000009,5,0,6,30,3,2,5,0,0,0,4,1,1,0,0,1,1,E01001367,10-06-2018,1,1,1,1,46,8,3,0,0,0,0,-1,5,1
22161,77.5841307,13.00861125,1,3,2,1,7,17:00,27,E09000009,6,0,3,30,0,-1,-1,0,0,0,1,1,1,0,0,1,1,E01001237,11-06-2018,1,2,3,1,26,6,3,4,3,0,0,-1,0,1
22162,77.62635232,12.97804396,1,3,2,1,5,16:30,27,E09000009,6,0,6,30,6,4,6,0,0,0,1,1,1,0,0,1,2,E01001237,02-06-2018,1,1,3,1,51,8,2,4,1,0,0,-1,0,1
22163,77.63619787,12.99214052,1,3,2,1,4,22:30,27,E09000009,5,0,6,30,3,4,6,0,0,1,4,1,1,0,0,1,1,E01001333,01-06-2018,1,1,1,2,70,10,2,0,0,0,0,-1,9,-1
22164,77.55441045,13.04216248,1,3,2,1,3,13:42,27,E09000009,4,455,6,30,0,-1,-1,0,0,0,1,1,1,0,0,1,1,E01001256,31-05-2018,1,2,3,2,72,10,2,6,9,0,0,-1,0,-1
22165,77.55482895,13.016849,1,3,1,1,4,13:00,27,E09000009,4,455,6,30,0,-1,-1,0,0,1,1,1,1,0,0,1,2,E01001301,01-06-2018,2,1,1,1,41,7,3,0,0,0,0,-1,5,-1
22166,77.54011763,12.98970521,1,3,1,1,7,18:31,27,E09000009,3,4127,2,30,0,-1,-1,0,0,0,1,2,2,0,0,1,1,E01001312,11-06-2018,1,1,1,1,31,6,2,0,0,0,0,-1,9,-1
22167,77.5848914,13.04134219,1,3,2,1,3,18:17,27,E09000009,3,312,6,30,3,4,6,0,0,0,1,1,1,0,0,1,1,E01001321,07-06-2018,1,1,3,2,85,11,2,5,1,0,0,-1,0,1
22168,77.67685531,12.97698002,1,3,2,1,5,16:41,27,E09000009,5,0,6,30,0,-1,-1,0,0,0,1,1,1,0,0,1,1,E01001353,26-05-2018,1,1,1,1,22,5,3,0,0,0,0,-1,9,1
22169,77.61610529,12.98985733,1,3,2,1,7,13:20,27,E09000009,6,0,1,30,2,4,6,0,0,0,1,1,1,0,0,1,1,E01001222,11-06-2018,3,2,1,1,38,7,3,0,0,0,0,-1,9,1
22170,77.55366443,13.00269689,1,2,3,1,1,12:22,26,E09000017,3,4020,6,30,3,4,3,4020,0,0,1,1,1,0,0,1,1,E01001363,05-06-2018,3,3,2,2,38,7,3,0,0,1,0,-1,9,1
22171,77.56591222,12.98322137,1,3,2,1,5,13:50,27,E09000009,3,4127,6,30,3,4,6,0,0,0,1,1,1,0,0,1,1,E01001260,12-05-2018,3,4,2,2,8,2,3,0,0,2,0,-1,9,1
22172,77.51220378,13.03781852,1,3,1,1,4,09:16,27,E09000009,3,4000,6,30,3,4,6,0,0,0,1,1,1,0,0,1,1,E01002691,11-05-2018,3,5,2,1,5,1,3,0,0,2,0,-1,9,1
22173,77.56998,13.04084565,1,3,1,1,4,20:07,27,E09000009,3,4020,6,30,0,-1,-1,0,0,0,4,1,1,0,0,1,1,E01001338,01-06-2018,1,1,3,2,3,1,2,5,2,0,0,-1,0,-1
22174,77.56459074,13.03010759,1,3,2,1,5,22:10,27,E09000009,3,4020,6,30,0,-1,-1,0,0,0,4,2,2,0,0,1,1,E01001252,28-04-2018,1,1,2,2,19,4,3,0,0,1,0,-1,9,1
22175,77.52464615,13.0030549,1,3,1,1,7,16:02,27,E09000009,5,0,6,30,0,-1,-1,0,0,0,1,1,1,0,2,1,1,E01001322,28-05-2018,1,2,1,1,21,5,2,0,0,0,0,-1,9,1
22176,77.54120299,13.04613902,1,3,2,2,5,21:45,27,E09000009,3,4020,6,30,3,2,6,0,0,5,4,1,1,0,0,1,1,E01001361,02-06-2018,1,1,1,1,30,6,2,0,0,0,0,-1,1,1
22177,77.52344263,13.01480309,1,3,2,1,7,23:48,27,E09000009,3,4020,6,30,3,4,6,0,0,0,4,1,1,0,0,1,1,E01001351,28-05-2018,1,1,1,1,30,6,3,0,0,0,0,-1,9,1
22178,77.65535577,13.00738594,1,3,2,1,4,16:46,27,E09000009,3,4020,6,30,3,4,5,0,0,0,1,1,1,0,0,1,1,E01001354,08-06-2018,2,2,1,1,-1,-1,3,0,0,0,0,-1,9,-1
22179,77.54742539,13.01489814,1,3,2,1,4,14:37,27,E09000009,5,0,6,30,3,4,4,490,0,0,1,1,1,0,0,1,1,E01001355,15-06-2018,1,1,1,1,38,7,3,0,0,0,0,-1,9,-1
22180,77.60752419,13.03407175,1,3,2,1,3,09:33,27,E09000009,4,455,6,30,3,4,6,0,0,0,1,1,1,0,0,1,1,E01001262,31-05-2018,1,2,2,1,28,6,3,0,0,1,0,-1,9,-1
22181,77.65147792,13.01977491,1,3,2,1,4,14:21,27,E09000009,6,0,6,30,6,4,6,0,0,0,1,1,1,0,0,1,1,E01001273,25-05-2018,2,1,1,1,43,7,3,0,0,0,0,-1,9,-1
22182,77.51358757,12.97449111,1,3,1,1,3,11:40,27,E09000009,3,4020,6,30,0,-1,-1,0,0,0,1,1,1,0,0,1,1,E01001221,10-05-2018,1,1,3,2,21,5,3,6,9,0,0,-1,0,1
22183,77.59274689,13.02554441,1,3,1,1,4,21:40,27,E09000009,6,0,6,30,3,4,3,4020,0,0,4,1,1,0,0,1,1,E01001361,08-06-2018,1,1,3,1,40,7,2,10,9,0,0,-1,0,-1
22184,77.57093058,13.02512491,1,3,2,1,1,17:10,27,E09000009,3,312,6,30,6,4,5,0,0,0,1,1,1,0,0,1,1,E01001323,05-06-2018,1,1,1,1,48,8,3,0,0,0,0,-1,9,1
22185,77.66579112,13.00512681,1,3,2,1,6,12:17,27,E09000009,4,455,6,30,3,4,6,0,0,4,1,1,1,0,0,1,1,E01001261,27-05-2018,3,2,1,2,44,7,2,0,0,0,0,-1,9,-1
22186,77.63554949,12.99518739,1,3,1,1,3,00:30,27,E09000009,5,0,6,30,3,4,6,0,0,0,4,1,1,0,0,1,1,E01001333,14-06-2018,3,3,2,1,56,9,2,0,0,1,0,-1,9,3
22187,77.53520689,13.03231152,1,3,2,1,1,14:21,27,E09000009,4,455,6,30,3,4,6,0,0,1,1,1,1,0,0,1,1,E01001210,12-06-2018,1,1,1,2,32,6,3,0,0,0,0,-1,9,1
22188,77.51507172,13.01613978,1,3,2,1,4,15:59,27,E09000009,6,0,6,30,3,4,6,0,0,0,1,1,1,0,0,1,1,E01001195,08-06-2018,2,2,1,1,43,7,2,0,0,0,0,-1,19,1
22189,77.57314643,12.98180996,1,3,2,1,2,19:45,27,E09000009,3,4127,6,30,0,-1,-1,0,0,0,4,1,1,0,0,1,1,E01001261,27-06-2018,1,1,3,1,25,5,2,5,2,0,0,-1,0,-1
22190,77.54395654,13.03733643,1,3,2,1,7,07:51,27,E09000009,4,4492,6,30,8,2,6,0,0,5,1,1,1,0,0,1,1,E01001247,16-04-2018,1,1,2,2,19,4,3,0,0,0,4,-1,11,1
22191,77.5634386,12.98759013,1,3,2,1,2,18:05,27,E09000009,3,4127,1,30,1,2,3,40,0,0,1,1,1,0,0,1,2,E01001267,13-06-2018,1,2,2,2,3,1,3,0,0,0,4,-1,11,-1
22192,77.57413266,13.02225165,1,3,2,1,6,18:25,28,E09000005,3,406,3,30,3,4,5,0,0,0,1,1,1,0,0,1,1,E01000600,17-06-2018,1,3,2,1,28,6,3,0,0,0,3,-1,11,1
22193,77.58348424,13.03342565,1,3,2,1,3,10:30,27,E09000009,4,455,6,30,3,4,6,0,0,0,1,1,1,0,0,1,1,E01001258,14-06-2018,1,1,1,1,64,9,3,0,0,0,0,-1,9,1
22194,77.62939785,12.98589571,1,3,1,1,7,00:48,27,E09000009,3,4020,6,30,6,2,4,455,0,5,4,1,1,0,0,1,1,E01001221,11-06-2018,1,1,1,1,36,7,3,0,0,0,0,-1,9,1
22195,77.5895852,13.02258382,1,3,1,1,4,11:15,27,E09000009,5,0,6,30,6,4,5,0,0,0,1,1,1,0,0,1,1,E01001213,15-06-2018,2,2,1,1,68,10,2,0,0,0,0,-1,9,-1
22196,77.57032954,13.01820791,1,2,1,1,4,09:05,27,E09000009,6,0,6,30,0,-1,-1,0,0,0,1,1,1,0,0,1,1,E01001359,08-06-2018,1,1,1,2,23,5,2,0,0,0,0,-1,9,1
22197,77.63633293,13.02221514,1,3,2,1,3,09:30,27,E09000009,3,4127,1,30,1,4,3,40,0,0,1,1,1,0,0,1,1,E01001267,14-06-2018,1,2,2,1,19,4,3,0,0,1,0,-1,9,1
22198,77.53725123,13.00966732,1,3,2,1,6,19:40,27,E09000009,3,40,3,30,0,-1,-1,0,0,0,1,1,1,0,0,1,1,E01001321,17-06-2018,2,1,2,1,17,4,3,0,0,1,0,-1,9,1
22199,77.58341063,12.99676405,1,3,1,1,2,08:20,27,E09000009,3,312,6,30,3,4,6,0,0,4,1,1,1,0,0,1,1,E01001316,16-05-2018,2,2,2,2,16,4,3,0,0,2,0,-1,9,1
22200,77.63849625,13.02107706,1,3,2,1,5,14:33,27,E09000009,3,40,3,30,0,-1,-1,0,0,0,1,1,1,0,0,1,1,E01001348,26-05-2018,3,3,2,1,24,5,3,0,0,0,0,-1,19,1
22201,77.55467378,13.03608115,1,3,3,1,5,22:00,27,E09000009,3,4127,6,30,3,4,6,0,0,0,4,1,1,0,0,1,1,E01001312,09-06-2018,1,1,1,1,22,5,2,0,0,0,0,-1,4,1
22202,77.52796248,13.00631097,1,3,2,1,5,20:22,27,E09000009,3,40,3,50,0,-1,-1,0,0,0,1,1,1,0,0,1,1,E01001265,16-06-2018,1,2,2,2,22,5,2,0,0,0,0,-1,4,1
22203,77.58221566,12.99620207,1,3,1,1,2,15:04,27,E09000009,5,0,6,30,3,4,5,0,0,8,1,1,1,0,0,1,1,E01001317,20-06-2018,1,1,3,1,23,5,3,5,2,0,0,-1,0,-1
22204,77.61865622,13.03236301,1,3,2,1,6,15:02,27,E09000009,6,0,6,30,3,4,6,0,0,0,1,1,1,0,0,1,1,E01001202,17-06-2018,1,1,3,2,5,1,2,5,4,0,0,-1,0,-1
22205,77.54132205,12.96966956,1,3,2,1,5,07:07,27,E09000009,6,0,6,30,3,4,6,0,0,0,1,1,1,0,0,1,1,E01001387,23-06-2018,3,1,1,2,31,6,3,0,0,0,0,-1,9,1
22206,77.62101622,13.02845601,1,3,2,1,7,12:30,27,E09000009,3,40,3,50,0,-1,-1,0,0,0,1,1,1,0,0,1,1,E01001263,18-06-2018,1,1,1,1,33,6,2,0,0,0,0,-1,9,-1
22207,77.60955886,12.98888715,1,3,2,1,6,20:00,27,E09000009,3,4000,6,30,3,2,3,4000,0,0,1,1,1,0,0,1,2,E01001238,17-06-2018,1,1,1,1,41,7,3,0,0,0,0,-1,9,1
22208,77.66897237,13.03647878,1,3,2,1,6,12:30,27,E09000009,3,3005,6,30,6,2,3,4020,0,0,1,1,1,0,0,1,2,E01001361,17-06-2018,3,1,1,1,33,6,2,0,0,0,0,-1,5,-1
22209,77.60670806,13.02056903,1,3,2,1,6,20:30,27,E09000009,3,406,1,30,1,2,6,0,0,0,4,1,1,0,0,1,1,E01001278,20-05-2018,1,1,2,2,-1,-1,3,0,0,0,0,-1,10,-1
22210,77.61849615,13.04731866,1,3,2,2,2,10:02,27,E09000009,3,312,6,30,8,4,6,0,0,0,1,1,1,0,0,1,1,E01001316,20-06-2018,2,1,1,2,31,6,3,0,0,0,0,-1,9,1
22211,77.53174809,13.04543222,1,3,2,1,4,17:31,27,E09000009,6,0,6,20,6,4,6,0,0,0,1,1,1,0,0,1,1,E01001261,22-06-2018,1,1,1,1,-1,-1,3,0,0,0,0,-1,9,-1
22212,77.58524807,13.04015981,1,3,2,1,7,00:35,27,E09000009,3,4020,6,30,3,4,6,0,0,0,4,1,1,0,0,1,1,E01001388,25-06-2018,1,2,2,1,-1,-1,3,0,0,1,0,-1,9,-1
22213,77.51193576,12.98766029,1,3,1,1,1,23:30,27,E09000009,3,4020,6,30,0,-1,-1,0,0,4,4,1,1,0,0,1,1,E01001234,26-06-2018,1,1,1,1,64,9,2,0,0,0,0,-1,5,1
22214,77.62674554,12.98855477,1,3,2,1,5,09:45,27,E09000009,5,0,6,30,3,4,6,0,0,0,1,1,1,0,0,1,2,E01001285,23-06-2018,1,1,3,1,38,7,2,4,3,0,0,-1,0,-1
22215,77.56063611,13.02356225,1,3,2,1,5,13:00,27,E09000009,3,4020,3,30,6,2,3,406,0,0,1,1,1,0,0,1,1,E01001234,23-06-2018,2,1,1,2,24,5,3,0,0,0,0,-1,9,1
22216,77.52193622,12.99010758,1,3,3,5,6,20:50,27,E09000009,3,40,3,50,0,-1,-1,0,0,0,4,2,2,0,2,1,1,E01001263,24-06-2018,2,2,2,1,23,5,3,0,0,1,0,-1,9,1
22217,77.63481123,12.99508511,1,3,2,1,5,10:35,27,E09000009,3,40,3,40,6,2,3,4000,0,0,1,1,1,0,0,1,1,E01001247,23-06-2018,1,1,3,2,25,5,2,1,2,0,0,-1,0,-1
22218,77.6132918,13.01562356,1,3,1,1,6,19:05,27,E09000009,4,4491,6,30,3,4,6,0,0,0,1,2,2,0,0,1,1,E01001233,24-06-2018,1,1,1,1,27,6,1,0,0,0,0,-1,5,1
22219,77.60554712,13.02458433,1,3,2,1,6,21:04,27,E09000009,3,40,6,40,3,4,6,0,0,0,1,1,1,0,0,1,1,E01001241,17-06-2018,1,1,1,1,19,4,2,0,0,0,0,-1,3,1
22220,77.65856123,13.02102696,1,3,2,1,3,18:40,27,E09000009,6,0,1,30,1,4,6,0,0,0,1,1,1,0,0,1,2,E01001269,21-06-2018,1,1,1,1,-1,-1,2,0,0,0,0,-1,5,-1
22221,77.57148907,13.00593132,1,2,1,1,7,01:01,27,E09000009,4,455,2,30,3,4,6,0,0,0,4,1,1,0,0,1,1,E01001225,25-06-2018,2,2,1,1,39,7,3,0,0,0,0,-1,9,1
22222,77.59591172,12.97811336,1,3,1,1,6,22:30,27,E09000009,3,4020,6,30,0,-1,-1,0,0,0,4,1,1,0,0,1,1,E01001355,24-06-2018,2,1,1,1,73,10,2,0,0,0,0,-1,9,1
22223,77.60928096,12.98224581,1,3,4,1,4,15:15,27,E09000009,6,0,2,30,0,-1,-1,0,0,0,1,1,1,0,0,1,2,E01001221,22-06-2018,2,2,2,2,72,10,1,0,0,1,0,-1,9,1
22224,77.64131227,12.96913354,1,3,2,1,7,14:30,27,E09000009,6,0,6,30,6,4,6,0,0,0,1,1,1,0,0,1,1,E01001236,04-06-2018,1,1,3,1,74,10,3,5,3,0,0,-1,0,1
22225,77.61668679,13.01181782,1,3,1,1,4,13:00,27,E09000009,6,0,2,30,0,-1,-1,0,0,0,1,1,1,0,0,1,2,E01001341,08-06-2018,2,1,1,1,30,6,2,0,0,0,0,-1,1,-1
22226,77.62758324,13.00891093,1,3,1,1,3,10:00,27,E09000009,3,4020,6,30,3,4,6,0,0,0,1,1,1,0,0,1,1,E01001389,07-06-2018,1,1,3,1,40,7,1,6,9,0,0,-1,0,-1
22227,77.59136665,12.98717673,1,3,1,1,6,05:58,27,E09000009,4,490,6,30,0,-1,-1,0,0,1,1,1,2,0,0,1,1,E01002688,29-04-2018,1,2,1,1,25,5,3,0,0,0,0,-1,9,1
22228,77.58037377,12.97316351,1,3,2,1,4,08:45,27,E09000009,4,455,6,30,3,4,6,0,0,4,1,2,2,0,0,1,1,E01001259,15-06-2018,2,1,1,1,83,11,1,0,0,0,0,-1,1,1
22229,77.67807079,12.97699395,1,3,2,4,2,10:30,27,E09000009,3,312,6,30,3,4,6,0,0,0,1,1,1,0,0,1,1,E01001323,06-06-2018,2,1,1,2,34,6,1,0,0,0,0,-1,1,-1
22230,77.55841396,13.04425932,1,2,3,1,3,18:40,27,E09000009,6,0,6,30,3,4,6,0,0,0,1,1,1,0,0,1,1,E01001265,14-06-2018,1,1,1,1,29,6,2,0,0,0,0,-1,1,1
22231,77.64802833,12.97112453,1,3,2,1,6,20:06,27,E09000009,5,0,6,30,3,4,6,0,0,0,4,1,1,0,0,1,1,E01001370,17-06-2018,1,1,1,2,20,4,2,0,0,0,0,-1,9,1
22232,77.55818171,12.97713845,1,3,1,1,3,14:00,27,E09000009,3,4020,6,30,3,4,5,0,0,0,1,1,1,0,0,1,2,E01001354,17-05-2018,1,2,2,1,22,5,2,0,0,2,0,-1,9,1
22233,77.62189502,12.98510166,1,3,1,1,3,23:30,27,E09000009,3,4020,6,30,0,-1,-1,0,0,0,4,1,1,0,0,1,1,E01001355,14-06-2018,1,3,2,1,33,6,2,0,0,1,0,-1,9,1
22234,77.58537427,12.97583692,1,3,1,1,2,07:37,27,E09000009,3,4127,6,30,0,-1,-1,0,0,0,1,1,1,0,0,1,1,E01001266,27-06-2018,1,4,2,1,23,5,3,0,0,2,0,-1,9,-1
22235,77.51846714,13.03865798,1,3,4,3,2,18:00,27,E09000009,5,0,6,30,3,4,6,0,0,0,1,1,1,0,0,1,1,E01001297,20-06-2018,1,1,3,1,61,9,2,1,1,0,0,-1,0,1
22236,77.56835564,12.99681831,1,2,1,3,4,14:38,27,E09000009,3,4020,6,30,0,-1,-1,0,0,0,1,1,1,0,0,1,1,E01001354,08-06-2018,1,1,2,1,27,6,3,0,0,2,0,-1,9,-1
22237,77.57182053,13.03934167,1,3,1,1,4,21:50,27,E09000009,5,0,6,30,0,-1,-1,0,0,0,4,1,1,0,0,1,1,E01001241,29-06-2018,2,2,2,2,33,6,3,0,0,1,0,-1,9,1
22238,77.64441661,12.99395439,1,3,1,1,3,16:22,27,E09000009,3,4020,6,30,3,4,3,3002,0,0,1,1,1,0,0,1,1,E01001254,21-06-2018,1,1,3,2,26,6,2,6,9,0,0,-1,0,-1
22239,77.64460398,13.01433074,1,3,3,1,4,13:08,27,E09000009,3,3002,6,30,3,4,6,0,0,0,1,1,1,0,0,1,1,E01001253,22-06-2018,1,1,1,1,38,7,2,0,0,0,0,-1,5,1
22240,77.58183817,13.040986,1,3,3,2,1,19:43,27,E09000009,3,4000,6,30,3,4,6,0,0,0,4,1,1,0,0,1,1,E01001199,08-05-2018,1,1,1,2,38,7,2,0,0,0,0,-1,5,-1
22241,77.64012429,13.01499505,1,3,2,1,4,15:20,27,E09000009,5,0,6,30,3,4,5,0,0,0,1,1,1,0,0,1,2,E01001298,29-06-2018,3,2,1,1,27,6,3,0,0,0,0,-1,3,1
22242,77.53009356,13.01313918,1,3,2,1,6,16:43,27,E09000009,5,0,6,30,3,4,6,0,0,0,1,1,1,0,0,1,1,E01001333,01-07-2018,1,1,1,1,43,7,2,0,0,0,0,-1,1,1
22243,77.65126256,12.97084305,1,3,2,1,2,15:55,27,E09000009,3,40,6,30,3,4,6,0,0,0,1,1,1,0,0,1,1,E01001267,04-07-2018,1,1,1,1,35,6,3,0,0,0,0,-1,9,1
22244,77.52542385,13.036517,1,3,2,2,7,12:18,28,E09000005,3,406,3,40,3,4,6,0,0,0,1,1,1,0,0,1,1,E01000600,02-07-2018,1,1,1,1,27,6,2,0,0,0,0,-1,5,1
22245,77.66469222,12.98390924,1,3,1,1,3,21:12,27,E09000009,4,455,7,30,0,-1,-1,0,0,0,1,2,2,0,0,1,1,E01001262,28-06-2018,1,2,2,2,24,5,3,0,0,0,0,-1,5,1
22246,77.54777611,13.00692062,1,3,1,1,7,20:45,27,E09000009,6,0,2,20,0,-1,-1,0,0,0,1,1,1,0,0,1,1,E01001360,25-06-2018,2,1,1,1,26,6,1,0,0,0,0,-1,1,-1
22247,77.55346349,13.00646855,1,3,2,1,6,19:49,27,E09000009,3,4020,3,30,0,-1,-1,0,0,0,1,2,2,0,0,1,1,E01001234,24-06-2018,1,1,3,1,35,6,1,4,1,0,0,-1,0,1
22248,77.65468522,13.01980485,1,3,1,1,7,20:10,27,E09000009,5,0,6,30,3,4,6,0,0,0,1,1,1,0,0,1,1,E01001290,11-06-2018,2,1,1,1,55,8,1,0,0,0,0,-1,1,-1
22249,77.65235552,12.99743065,1,3,2,1,5,08:15,27,E09000009,4,312,6,30,3,4,6,0,0,0,1,2,2,0,0,1,1,E01001327,30-06-2018,1,1,1,1,29,6,1,0,0,0,0,-1,5,1
22250,77.60001983,13.02437989,1,3,2,1,5,08:39,27,E09000009,4,455,6,30,3,4,6,0,0,0,1,1,1,0,0,1,1,E01001261,12-05-2018,1,1,1,1,15,3,2,0,0,0,0,-1,1,-1