Accident_Index,longitude,latitude,Police_Force,Accident_Severity,Number_of_Vehicles,Number_of_Casualties,Day_of_Week,Time,Local_Authority_(District),Local_Authority_(Highway),1st_Road_Class,1st_Road_Number,Road_Type,Speed_limit,Junction_Detail,Junction_Control,2nd_Road_Class,2nd_Road_Number,Pedestrian_Crossing-Human_Control,Pedestrian_Crossing-Physical_Facilities,Light_Conditions,Weather_Conditions,Road_Surface_Conditions,Special_Conditions_at_Site,Carriageway_Hazards,Urban_or_Rural_Area,Did_Police_Officer_Attend_Scene_of_Accident,LSOA_of_Accident_Location,Date,Vehicle_Reference,Casualty_Reference,Casualty_Class,Sex_of_Casualty,Age_of_Casualty,Age_Band_of_Casualty,Casualty_Severity,Pedestrian_Location,Pedestrian_Movement,Car_Passenger,Bus_or_Coach_Passenger,Pedestrian_Road_Maintenance_Worker,Casualty_Type,Casualty_Home_Area_Type
22371,77.59927349,12.96932851,1,3,2,1,6,10:59,27,E09000009,3,4020,6,30,3,4,6,0,0,4,1,2,2,0,0,1,1,E01001234,05-08-2018,2,1,2,2,-1,-1,3,0,0,2,0,-1,9,-1
22372,77.51585855,13.04593882,1,3,3,1,2,07:55,27,E09000009,5,0,6,30,0,-1,-1,0,0,0,1,2,2,0,0,1,1,E01001258,01-08-2018,2,2,2,2,-1,-1,3,0,0,2,0,-1,9,-1
22373,77.63433116,12.99743683,1,3,1,1,7,08:53,27,E09000009,3,4020,6,30,0,-1,-1,0,0,0,1,1,1,0,0,1,1,E01001361,06-08-2018,1,1,3,1,31,6,2,8,9,0,0,-1,0,-1
22374,77.53745077,12.97546975,1,3,2,1,2,10:30,27,E09000009,3,4127,1,30,2,4,4,454,0,1,1,2,2,0,0,1,2,E01001337,25-07-2018,1,1,1,1,-1,-1,3,0,0,0,0,-1,9,-1
22375,77.55524727,13.01238616,1,3,2,1,3,15:10,27,E09000009,5,0,6,30,0,-1,-1,0,0,0,1,1,1,0,0,1,2,E01001361,02-08-2018,1,1,3,1,20,4,2,1,3,0,0,-1,0,-1
22376,77.66012041,13.02592837,1,3,2,1,2,18:20,27,E09000009,3,4000,6,30,3,4,5,0,0,0,1,1,1,0,0,1,2,E01001353,01-08-2018,1,1,1,1,44,7,2,0,0,0,0,-1,9,1
22377,77.66028889,12.97205908,1,3,2,1,6,06:50,27,E09000009,3,40,6,30,3,2,6,0,0,5,1,1,1,0,0,1,1,E01001247,05-08-2018,1,1,1,1,33,6,1,0,0,0,0,-1,5,1
22378,77.56679319,12.97502436,1,3,2,1,4,08:15,27,E09000009,3,312,6,30,0,-1,-1,0,0,0,1,1,1,0,0,1,1,E01001323,10-08-2018,2,1,1,1,21,5,3,0,0,0,0,-1,1,-1
22379,77.57044308,13.01098062,1,3,2,1,6,06:40,27,E09000009,3,40,6,30,6,2,3,4000,0,0,1,1,1,0,0,1,2,E01001247,12-08-2018,1,1,3,1,20,4,2,5,1,0,0,-1,0,-1
22380,77.59313677,13.02432471,1,3,3,1,7,21:53,27,E09000009,3,40,6,30,3,4,6,0,0,0,4,1,1,0,0,1,1,E01001247,13-08-2018,1,1,3,2,59,9,2,1,1,0,0,-1,0,1
22381,77.5557601,12.99421774,1,3,1,1,6,22:35,27,E09000009,5,0,6,30,3,4,6,0,0,0,4,2,2,0,0,1,2,E01001285,12-08-2018,1,1,3,1,77,11,1,1,1,0,0,-1,0,-1
22382,77.5176478,13.01188271,1,3,1,1,4,20:45,27,E09000009,5,0,6,30,3,4,6,0,0,0,4,2,2,0,0,1,1,E01001369,27-07-2018,1,1,1,1,58,9,2,0,0,0,0,-1,21,1
22383,77.6165756,12.99488026,1,3,2,1,3,17:35,27,E09000009,3,40,3,30,0,-1,-1,0,0,0,1,1,1,0,0,1,2,E01001278,14-06-2018,1,1,2,1,80,11,1,0,0,0,2,-1,11,1
22384,77.62800045,12.97563612,1,3,1,1,6,12:05,27,E09000009,3,4020,6,30,9,2,3,4020,0,5,1,1,1,0,0,1,1,E01001221,12-08-2018,1,1,1,1,56,9,3,0,0,0,0,-1,9,1
22385,77.66671549,13.03977027,1,3,2,4,3,12:48,27,E09000009,3,4020,6,30,8,4,6,0,0,0,1,1,1,0,0,1,1,E01001381,09-08-2018,2,1,1,1,30,6,3,0,0,0,0,-1,5,-1
22386,77.65850298,13.01185219,1,3,2,1,1,17:15,27,E09000009,3,40,3,40,7,2,3,4000,0,0,1,1,2,0,0,1,1,E01001247,14-08-2018,1,1,3,1,26,6,1,5,1,0,0,-1,0,-1
22387,77.64929675,13.02818457,1,3,1,1,1,20:50,27,E09000009,6,0,6,30,0,-1,-1,0,0,0,4,1,1,0,0,1,1,E01001370,24-07-2018,1,1,1,1,16,4,3,0,0,0,0,-1,1,1
22388,77.62109811,13.04327546,1,3,1,1,3,18:12,27,E09000009,3,4000,6,30,3,4,5,0,0,0,1,1,1,0,0,1,1,E01001238,09-08-2018,1,1,1,1,57,9,3,0,0,0,0,-1,3,-1
22389,77.65273677,13.04333225,1,3,2,1,4,09:00,27,E09000009,3,4127,6,30,3,4,6,0,0,0,1,1,1,0,0,1,1,E01001220,10-08-2018,3,1,1,1,24,5,3,0,0,0,0,-1,1,1
22390,77.61632325,13.0313513,1,3,1,1,1,20:04,25,E09000018,4,455,6,30,3,4,6,0,0,0,4,1,1,0,0,1,1,E01002564,31-07-2018,2,1,1,1,55,8,2,0,0,0,0,-1,1,1
22391,77.58205154,12.96898755,1,2,2,1,4,14:45,27,E09000009,6,0,6,30,0,-1,-1,0,0,0,1,1,1,0,0,1,1,E01001329,10-08-2018,1,1,2,1,56,9,3,0,0,2,0,-1,9,1
22392,77.62392066,13.0346036,1,3,1,1,1,20:04,11,E09000013,5,0,6,30,3,4,6,0,0,1,1,1,1,0,0,1,1,E01001243,07-08-2018,2,1,1,1,-1,-1,3,0,0,0,0,-1,9,-1
22393,77.56704014,13.03850915,1,3,2,1,5,08:40,27,E09000009,3,4020,6,30,6,4,6,0,0,0,1,1,1,0,0,1,2,E01001235,18-08-2018,1,1,1,1,-1,-1,3,0,0,0,0,-1,10,-1
22394,77.55117303,13.03293865,1,3,1,1,5,19:42,27,E09000009,3,4020,6,30,3,4,6,0,0,0,1,1,1,0,0,1,1,E01001361,11-08-2018,1,2,2,1,-1,-1,3,0,0,0,0,-1,10,-1
22395,77.65146071,13.04285545,1,3,3,1,1,00:40,27,E09000009,6,0,6,30,0,-1,-1,0,0,0,4,1,1,0,0,1,1,E01001222,01-05-2018,1,3,2,1,-1,-1,3,0,0,0,0,-1,10,-1
22396,77.65531507,13.02363845,1,3,2,4,1,20:35,27,E09000009,3,406,6,30,6,2,3,406,0,5,4,1,1,0,0,1,1,E01001231,01-05-2018,1,4,2,1,-1,-1,3,0,0,0,0,-1,10,-1
22397,77.65373366,13.01276592,1,3,1,4,5,12:00,27,E09000009,4,455,6,30,3,4,6,0,0,0,1,1,1,0,0,1,1,E01001327,25-08-2018,1,5,2,1,-1,-1,3,0,0,0,0,-1,10,-1
22398,77.55196696,13.00161228,1,3,1,1,4,12:22,27,E09000009,3,4020,6,30,3,2,6,0,0,5,1,2,2,0,0,1,1,E01001361,24-08-2018,1,6,2,1,-1,-1,3,0,0,0,0,-1,10,-1
22399,77.54327245,12.98368101,1,3,1,1,5,09:10,27,E09000009,3,312,6,30,3,4,6,0,0,1,1,1,1,0,0,1,1,E01001316,04-08-2018,1,7,2,1,-1,-1,3,0,0,0,0,-1,10,-1
22400,77.56067034,13.00109751,1,2,1,1,1,19:54,27,E09000009,6,0,6,30,3,4,6,0,0,0,4,1,1,0,0,1,1,E01001321,10-07-2018,2,8,2,2,46,8,3,0,0,1,0,-1,9,1
22401,77.58264476,12.99385786,1,3,4,3,1,14:15,27,E09000009,3,4127,6,30,3,4,6,0,0,0,1,1,1,0,0,1,1,E01001261,21-08-2018,2,9,2,1,18,4,3,0,0,2,0,-1,9,1
22402,77.53994996,12.99266103,1,3,2,1,1,18:45,27,E09000009,6,0,6,30,3,4,6,0,0,0,1,1,1,0,0,1,1,E01001271,28-08-2018,1,1,1,1,45,7,3,0,0,0,0,-1,9,1
22403,77.6084477,12.99830688,1,3,4,1,2,08:15,27,E09000009,3,4020,6,30,3,4,6,0,0,0,1,1,1,0,0,1,1,E01001389,15-08-2018,1,2,2,2,41,7,2,0,0,1,0,-1,9,1
22404,77.53887688,13.00853838,1,3,4,1,4,14:15,27,E09000009,3,40,6,30,3,2,6,0,0,5,1,1,1,0,0,1,1,E01001247,24-08-2018,4,3,1,1,58,9,1,0,0,0,0,-1,9,-1
22405,77.55200389,13.0463963,1,3,1,1,7,18:21,28,E09000005,4,4492,6,30,3,4,4,4492,0,0,1,2,2,0,0,1,1,E01001246,13-08-2018,4,4,2,1,52,8,2,0,0,1,0,-1,9,1
22406,77.51599316,13.01525309,1,2,2,1,3,14:45,27,E09000009,5,0,6,30,3,4,6,0,0,0,1,1,1,0,0,1,1,E01001380,16-08-2018,4,5,2,2,30,6,2,0,0,2,0,-1,9,-1
22407,77.58496212,12.9986361,1,3,1,1,4,07:40,27,E09000009,5,0,6,30,6,2,4,490,0,5,1,1,1,0,0,1,1,E01001355,13-07-2018,4,6,2,2,3,1,2,0,0,2,0,-1,9,-1
22408,77.54176798,12.9690135,1,3,1,1,6,10:40,27,E09000009,3,4020,6,30,6,2,5,0,0,5,1,1,1,0,0,1,1,E01001381,12-08-2018,1,1,1,1,25,5,2,0,0,0,0,-1,5,-1
22409,77.5579088,13.04493688,1,3,2,1,3,23:40,27,E09000009,3,4090,6,30,0,-1,-1,0,0,0,4,1,1,0,0,1,1,E01001312,16-08-2018,1,1,3,1,52,8,2,5,1,0,0,-1,0,-1
22410,77.56963343,12.96963474,1,3,3,1,3,18:00,27,E09000009,5,0,6,30,0,-1,-1,0,0,0,1,1,1,1,0,1,1,E01001285,23-08-2018,1,2,1,1,26,6,2,0,0,0,0,-1,9,1
22411,77.56844957,13.04491699,1,3,2,1,6,09:00,27,E09000009,6,0,1,30,1,4,6,0,0,0,1,2,2,0,0,1,1,E01001271,19-08-2018,1,3,2,2,-1,-1,3,0,0,1,0,-1,9,1
22412,77.63539629,13.042644,1,3,2,2,5,13:26,27,E09000009,6,0,6,30,7,4,6,0,0,0,1,1,1,0,0,1,1,E01001215,18-08-2018,3,4,1,2,28,6,2,0,0,0,0,-1,9,-1
22413,77.57381554,12.98546386,1,3,2,1,7,17:15,27,E09000009,3,4020,6,30,3,4,6,0,0,0,1,1,1,0,0,1,2,E01001361,20-08-2018,1,1,2,1,-1,-1,3,0,0,1,0,-1,9,-1
22414,77.64160031,13.00357888,1,3,2,1,6,15:15,27,E09000009,3,4127,6,30,3,4,6,0,0,4,1,1,1,0,0,1,1,E01001339,22-07-2018,1,2,1,1,-1,-1,3,0,0,0,0,-1,9,-1
22415,77.61751522,13.01418812,1,2,2,1,3,14:00,27,E09000009,3,4020,6,30,0,-1,-1,0,0,0,1,1,1,4,0,1,1,E01001337,23-08-2018,2,3,1,1,60,9,3,0,0,0,0,-1,9,1
22416,77.5936152,13.00217039,1,3,3,1,2,23:44,27,E09000009,3,4090,6,30,0,-1,-1,0,0,0,4,1,1,0,0,1,1,E01001269,15-08-2018,1,1,1,1,24,5,3,0,0,0,0,-1,1,1
22417,77.53395132,12.97673324,1,3,1,1,3,14:21,27,E09000009,3,4020,6,30,3,4,6,0,0,4,1,1,1,0,0,1,1,E01001389,16-08-2018,1,1,1,1,42,7,2,0,0,0,0,-1,5,1
22418,77.55764861,12.97767947,1,3,1,1,4,09:10,27,E09000009,5,0,6,30,3,4,6,0,0,0,1,1,1,0,0,1,1,E01001367,17-08-2018,1,1,1,1,-1,-1,2,0,0,0,0,-1,4,-1
22419,77.55918142,12.98187149,1,3,2,1,4,17:15,27,E09000009,3,406,3,30,3,4,6,0,0,0,1,1,1,0,0,1,1,E01001276,24-08-2018,2,2,1,1,18,4,3,0,0,0,0,-1,9,1
22420,77.6602104,12.99018593,1,3,2,1,5,13:12,27,E09000009,6,0,6,30,3,4,6,0,0,0,1,1,1,0,0,1,1,E01001343,25-08-2018,2,3,2,1,-1,-1,3,0,0,1,0,-1,9,-1
22421,77.63607314,13.03878222,1,3,4,1,6,16:03,27,E09000009,5,0,6,30,0,-1,-1,0,0,0,1,1,1,0,0,1,1,E01001323,26-08-2018,2,4,2,2,33,6,2,0,0,2,0,-1,9,1
22422,77.6255347,12.99490325,1,2,2,1,5,06:40,27,E09000009,3,4127,6,30,0,-1,-1,0,0,0,1,1,1,0,0,1,1,E01001335,18-08-2018,1,1,2,2,10,2,3,0,0,1,0,-1,9,1
22423,77.54170677,13.01674666,1,2,3,4,6,14:33,27,E09000009,3,4127,6,30,3,4,6,0,0,0,1,2,2,0,0,1,1,E01001268,19-08-2018,2,2,2,2,-1,-1,2,0,0,2,0,-1,9,1
22424,77.55343178,12.97120835,1,3,2,2,4,15:43,27,E09000009,3,4000,6,30,3,4,6,0,0,0,1,2,2,0,0,1,1,E01001196,24-08-2018,2,3,2,2,34,6,2,0,0,1,0,-1,9,1
22425,77.51908188,12.97069443,1,3,1,1,3,14:30,27,E09000009,3,4000,6,30,3,4,6,0,0,4,1,1,1,0,0,1,1,E01001202,30-08-2018,2,4,2,1,7,2,2,0,0,2,0,-1,9,1
22426,77.60867645,13.00336845,1,3,2,1,4,22:40,27,E09000009,3,4127,1,30,1,4,3,40,0,0,4,1,1,0,0,1,2,E01001267,10-08-2018,2,5,2,2,56,9,2,0,0,2,0,-1,9,1
22427,77.63350654,13.04583151,1,3,1,1,7,14:50,27,E09000009,3,4020,6,30,0,-1,-1,0,0,1,1,1,1,0,0,1,1,E01001361,27-08-2018,1,1,1,2,79,11,2,0,0,0,0,-1,9,1
22428,77.65376583,13.02994954,1,3,2,1,1,03:50,27,E09000009,3,3005,6,30,6,2,5,0,0,0,4,1,1,0,0,1,1,E01001362,28-08-2018,2,2,1,1,30,6,2,0,0,0,0,-1,9,1
22429,77.51064486,12.97481702,1,2,2,1,1,15:55,27,E09000009,3,312,3,30,0,-1,-1,0,0,0,1,1,1,0,2,1,1,E01001326,14-08-2018,1,1,3,1,15,3,2,4,1,0,0,-1,0,1
22430,77.5203431,12.97131732,1,2,1,2,6,15:30,27,E09000009,3,40,3,50,0,-1,-1,0,0,0,1,1,1,0,0,1,1,E01001247,26-08-2018,1,1,1,2,27,6,3,0,0,0,0,-1,9,1
22431,77.52111568,12.97055189,1,3,1,1,2,21:40,27,E09000009,3,312,6,30,0,-1,-1,0,0,0,4,1,1,0,0,1,2,E01001323,15-08-2018,1,1,1,1,31,6,2,0,0,0,0,-1,9,1
22432,77.62065463,13.04023891,1,3,3,1,4,18:15,27,E09000009,3,4000,6,30,3,4,6,0,0,0,1,1,1,0,0,1,2,E01001238,10-08-2018,2,2,1,1,20,4,3,0,0,0,0,-1,9,1
22433,77.59071421,13.01443496,1,3,2,1,4,10:20,27,E09000009,3,4020,6,30,3,4,6,0,0,0,1,1,1,0,0,1,2,E01001359,17-08-2018,1,1,1,1,34,6,2,0,0,0,0,-1,9,1
22434,77.51106281,13.02525051,1,3,2,2,1,13:47,27,E09000009,3,406,3,40,0,-1,-1,0,0,0,1,1,1,0,0,1,1,E01001280,28-08-2018,1,1,3,2,46,8,2,1,2,0,0,-1,0,1
22435,77.59659403,12.98911821,1,3,2,1,2,08:15,27,E09000009,3,4020,6,30,3,4,5,0,0,0,1,1,1,0,0,1,1,E01001381,05-09-2018,1,1,1,1,27,6,2,0,0,0,0,-1,5,-1
22436,77.56651564,13.00599712,1,3,2,1,2,20:25,27,E09000009,3,4020,6,30,3,4,6,0,0,0,4,1,1,0,0,1,1,E01001387,29-08-2018,1,1,2,1,30,6,3,0,0,1,0,-1,9,-1
22437,77.64394011,12.96796912,1,3,2,2,5,13:05,27,E09000009,3,4020,6,30,3,4,6,0,0,0,1,1,1,0,0,1,1,E01001389,01-09-2018,1,2,1,1,56,9,2,0,0,0,0,-1,9,1
22438,77.60431837,13.04571827,1,3,2,1,4,13:55,27,E09000009,3,4020,6,30,3,4,6,0,0,0,1,1,1,0,0,1,1,E01001221,31-08-2018,1,1,1,1,45,7,3,0,0,0,0,-1,8,-1
22439,77.64743132,13.01161892,1,3,3,1,6,22:10,27,E09000009,6,0,6,30,0,-1,-1,0,0,0,4,1,1,0,0,1,1,E01001266,02-09-2018,2,2,1,2,31,6,2,0,0,0,0,-1,9,1
22440,77.5475809,13.00726723,1,2,2,3,6,00:47,27,E09000009,5,0,6,30,3,4,6,0,0,0,4,1,1,0,0,1,1,E01001370,09-09-2018,2,3,2,2,6,2,2,0,0,2,0,-1,9,-1
22441,77.5409115,13.03259807,1,3,1,1,7,21:40,27,E09000009,3,4020,6,30,0,-1,-1,0,0,4,4,1,1,0,0,1,1,E01001355,03-09-2018,2,1,2,2,-1,-1,3,0,0,0,0,-1,10,-1
22442,77.66897708,12.9686253,1,3,1,1,7,18:37,27,E09000009,3,4020,6,30,3,4,6,0,0,0,1,1,1,0,0,1,1,E01001359,03-09-2018,2,2,2,2,-1,-1,3,0,0,0,0,-1,10,-1
22443,77.61343503,13.03284947,1,3,1,1,5,18:16,27,E09000009,3,312,6,30,3,4,6,0,0,0,1,1,1,0,0,1,1,E01001323,08-09-2018,1,1,1,1,32,6,3,0,0,0,0,-1,9,1
22444,77.60671342,12.98160727,1,3,2,1,5,06:50,27,E09000009,3,4127,6,30,3,4,6,0,0,0,1,1,1,0,0,1,1,E01001340,08-09-2018,1,1,3,1,45,7,2,5,3,0,0,-1,0,-1
22445,77.52729955,12.9753215,1,3,3,1,7,10:30,27,E09000009,3,4020,3,30,8,4,6,0,0,0,1,1,1,0,0,1,2,E01001337,10-09-2018,1,1,3,1,45,7,1,5,3,0,0,-1,0,-1
22446,77.6441478,13.01038411,1,3,2,1,4,18:55,27,E09000009,3,4020,6,30,3,4,6,0,0,0,7,1,1,0,0,1,1,E01001381,07-09-2018,1,1,1,1,20,4,1,0,0,0,0,-1,3,1
22447,77.54529091,13.00943204,1,3,2,4,2,18:20,27,E09000009,3,406,3,30,6,4,4,4491,0,0,1,1,1,0,0,1,1,E01002562,12-09-2018,1,2,3,1,28,6,2,4,1,0,0,-1,0,1
22448,77.66057305,13.01604296,1,3,2,3,1,01:20,27,E09000009,5,0,6,30,6,2,6,0,0,5,4,1,1,0,0,1,1,E01001290,28-08-2018,2,1,1,1,20,4,2,0,0,0,0,-1,3,-1
22449,77.61259556,12.99697002,1,3,2,1,3,08:00,27,E09000009,3,4000,2,30,3,2,3,4000,0,0,1,1,1,0,0,1,2,E01001238,23-08-2018,1,1,3,2,29,6,3,1,4,0,0,-1,0,1
22450,77.62710102,13.00069398,1,3,2,1,2,06:29,27,E09000009,6,0,6,30,3,4,6,0,0,0,1,2,2,0,0,1,2,E01001384,05-09-2018,1,1,3,2,15,3,2,5,1,0,0,-1,0,-1
22451,77.62317736,13.01351307,1,3,2,1,4,10:45,27,E09000009,3,406,6,30,0,-1,-1,0,0,0,1,1,1,0,0,1,2,E01001277,07-09-2018,1,1,3,1,37,7,2,4,1,0,0,-1,0,-1
22452,77.56168757,12.98931639,1,3,2,1,3,19:10,27,E09000009,3,4020,6,30,0,-1,-1,0,0,0,4,1,1,0,0,1,2,E01001338,02-08-2018,1,1,1,1,35,6,2,0,0,0,0,-1,5,-1
22453,77.55604537,13.03661102,1,3,2,1,5,08:15,27,E09000009,3,406,6,30,3,4,6,0,0,0,1,1,1,0,0,1,1,E01001280,08-09-2018,2,2,1,2,43,7,3,0,0,0,0,-1,1,1
22454,77.67227494,13.0360895,1,3,2,2,3,17:25,27,E09000009,3,4020,6,30,6,2,4,452,0,0,1,1,1,0,0,1,1,E01001388,16-08-2018,1,1,3,1,71,10,2,4,4,0,0,-1,0,1
22455,77.54701998,13.01742543,1,3,3,1,7,20:40,27,E09000009,3,312,3,30,3,4,6,0,0,0,4,1,1,0,0,1,1,E01001328,27-08-2018,1,1,3,1,85,11,2,5,3,0,0,-1,0,-1
22456,77.64627983,13.03251515,1,3,1,1,4,14:36,27,E09000009,3,4020,6,30,0,-1,-1,0,0,0,1,1,1,0,0,1,1,E01001215,07-09-2018,1,1,3,1,94,11,3,5,1,0,0,-1,0,-1
22457,77.63349473,13.04765865,1,3,1,1,6,18:55,27,E09000009,3,4020,3,30,0,-1,-1,0,0,0,1,1,1,0,0,1,1,E01001337,02-09-2018,3,1,1,1,40,7,3,0,0,0,0,-1,9,1
22458,77.57039787,13.04018789,1,3,1,1,6,21:09,27,E09000009,6,0,6,30,0,-1,-1,0,0,0,4,1,2,0,0,1,1,E01001310,09-09-2018,1,1,2,1,21,5,1,0,0,1,0,-1,9,1
22459,77.64712467,13.01364946,1,3,2,1,5,14:51,27,E09000009,3,406,6,30,3,4,6,0,0,0,1,1,1,0,0,1,1,E01001231,25-08-2018,1,1,3,1,27,6,2,5,2,0,0,-1,0,-1
22460,77.57320645,13.02466801,1,3,2,1,7,09:30,27,E09000009,5,0,6,30,3,4,6,0,0,0,1,1,2,0,0,1,1,E01001294,10-09-2018,1,1,1,1,37,7,2,0,0,0,0,-1,5,1
22461,77.6729731,13.02248093,1,3,2,1,7,22:40,27,E09000009,6,0,6,30,3,4,6,0,0,0,4,1,1,0,0,1,1,E01001214,03-09-2018,2,2,1,2,52,8,3,0,0,0,0,-1,9,-1
22462,77.54427344,13.04444114,1,2,2,1,3,15:20,27,E09000009,3,4020,6,30,3,4,6,0,0,0,1,1,1,0,0,1,1,E01001234,06-09-2018,2,1,1,1,43,7,3,0,0,0,0,-1,19,1
22463,77.51295568,12.98801691,1,3,2,2,1,09:05,27,E09000009,3,406,1,50,1,4,6,0,0,0,1,1,1,0,0,1,1,E01001278,04-09-2018,2,1,1,2,40,7,2,0,0,0,0,-1,3,-1
22464,77.51359359,13.01002731,1,3,2,1,5,18:10,27,E09000009,3,406,6,30,6,2,3,40,0,0,1,1,1,0,0,1,1,E01001278,01-09-2018,2,1,1,1,52,8,3,0,0,0,0,-1,9,-1
22465,77.61645927,12.97239526,1,2,2,1,2,18:07,27,E09000009,3,4020,6,30,0,-1,-1,0,0,0,1,1,1,0,0,1,1,E01001221,29-08-2018,2,2,2,1,37,7,3,0,0,1,0,-1,9,-1
22466,77.65809465,13.02043172,1,3,2,1,2,15:10,27,E09000009,3,4020,6,30,3,4,6,0,0,0,1,1,1,0,0,1,1,E01001234,29-08-2018,1,1,3,1,31,6,2,1,3,0,0,-1,0,1
22467,77.61952328,12.98567018,1,3,5,1,6,16:58,27,E09000009,3,40,3,40,0,-1,-1,0,0,0,1,1,1,0,0,1,1,E01001277,02-09-2018,1,1,1,1,38,7,3,0,0,0,0,-1,3,1
22468,77.60096341,13.01317967,1,3,2,1,6,20:02,27,E09000009,4,455,6,30,3,4,6,0,0,0,1,1,1,0,0,1,1,E01001227,26-08-2018,1,2,3,1,57,9,1,4,3,0,0,-1,0,1
22469,77.5881008,13.02982609,1,3,2,1,1,14:50,27,E09000009,3,4020,6,30,3,4,6,0,0,0,1,1,1,0,0,1,1,E01001359,04-09-2018,1,1,2,2,-1,-1,3,0,0,1,0,-1,9,-1
22470,77.62503896,13.02183101,1,3,3,1,5,09:52,27,E09000009,4,455,6,30,3,4,6,0,0,0,1,2,2,0,0,1,2,E01001210,15-09-2018,2,1,1,1,34,6,3,0,0,0,0,-1,1,1
22471,77.52773281,12.97830108,1,3,2,1,7,22:49,27,E09000009,4,452,6,30,3,4,6,0,0,1,4,1,1,0,0,1,1,E01001385,17-09-2018,1,1,1,1,67,10,2,0,0,0,0,-1,1,1
22472,77.56803657,13.02966521,1,3,2,1,7,11:15,27,E09000009,3,4020,3,30,9,4,6,0,0,0,1,1,1,0,0,1,1,E01001337,10-09-2018,1,1,3,2,79,11,2,5,1,0,0,-1,0,-1
22473,77.55547418,13.01971836,1,3,1,1,6,15:52,27,E09000009,4,455,1,30,2,4,4,455,0,0,1,1,1,0,0,1,1,E01001208,16-09-2018,2,1,2,2,30,6,2,0,0,0,0,-1,5,1
22474,77.54541992,13.01063415,1,3,2,1,7,10:15,27,E09000009,5,0,6,30,3,4,6,0,0,0,1,1,1,0,0,1,1,E01001325,17-09-2018,2,2,1,1,36,7,2,0,0,0,0,-1,5,1
22475,77.59484922,12.97341875,1,3,2,1,6,08:18,27,E09000009,5,0,6,30,3,4,6,0,0,0,1,1,1,0,0,1,1,E01001293,09-09-2018,1,1,1,1,40,7,2,0,0,0,0,-1,9,-1
22476,77.63760454,12.98528828,1,3,2,1,3,15:30,27,E09000009,4,452,6,30,3,2,5,0,0,5,1,1,1,0,0,1,2,E01001348,13-09-2018,2,2,1,1,30,6,3,0,0,0,0,-1,9,-1
22477,77.58935211,13.02814897,1,3,1,1,2,15:05,27,E09000009,3,4020,6,30,3,4,6,0,0,0,1,1,2,6,0,1,1,E01001235,12-09-2018,2,3,2,1,33,6,2,0,0,2,0,-1,9,-1
22478,77.61896902,13.00802467,1,3,2,1,4,06:30,27,E09000009,3,4020,2,30,6,4,6,0,0,4,1,1,1,0,0,1,1,E01001352,14-09-2018,2,4,2,1,27,6,3,0,0,1,0,-1,9,-1
22479,77.57152998,13.00472569,1,3,2,1,6,18:26,27,E09000009,3,4020,6,30,3,4,6,0,0,0,1,1,1,0,0,1,1,E01001245,12-08-2018,1,1,1,1,-1,-1,3,0,0,0,0,-1,9,-1
22480,77.54179659,13.01981281,1,3,2,1,6,18:13,27,E09000009,3,4090,6,30,3,4,6,0,0,0,1,1,1,0,0,1,1,E01001271,02-09-2018,1,1,3,1,28,6,2,1,1,0,0,-1,0,-1
22481,77.66377302,13.03624881,1,3,1,1,4,10:35,27,E09000009,3,3005,6,30,0,-1,-1,0,0,4,1,1,1,0,0,1,1,E01001362,07-09-2018,1,1,3,1,19,4,2,4,4,0,0,-1,0,1
22482,77.63814775,13.04751739,1,3,4,1,4,22:35,27,E09000009,3,4000,6,30,3,4,6,0,0,0,4,1,1,0,0,1,1,E01001199,14-09-2018,1,1,1,1,-1,-1,2,0,0,0,0,-1,9,1
22483,77.64662313,13.03424283,1,3,2,1,3,16:05,27,E09000009,3,3005,6,30,0,-1,-1,0,0,0,1,1,1,0,0,1,1,E01001362,13-09-2018,1,1,3,1,77,11,2,1,1,0,0,-1,0,1
22484,77.62141765,13.01195772,1,3,2,1,3,13:00,27,E09000009,3,3005,6,30,0,-1,-1,0,0,0,1,1,1,0,0,1,2,E01001362,11-10-2018,1,2,1,1,45,7,2,0,0,0,0,-1,21,1
22485,77.58965647,12.99622274,1,3,3,1,5,17:50,27,E09000009,3,4090,6,30,0,-1,-1,0,0,0,1,1,1,0,0,1,1,E01001308,01-09-2018,2,1,1,1,53,8,3,0,0,0,0,-1,1,1
22486,77.56035212,13.00650694,1,3,3,1,4,18:11,27,E09000009,3,406,6,40,3,4,6,0,0,0,1,1,1,0,0,1,1,E01001278,07-09-2018,2,1,1,1,-1,-1,3,0,0,0,0,-1,4,-1
22487,77.65213149,13.00459793,1,2,2,1,3,10:30,27,E09000009,3,40,3,40,0,-1,-1,0,0,0,1,1,1,0,0,1,1,E01001265,20-09-2018,1,1,1,1,-1,-1,3,0,0,0,0,-1,1,-1
22488,77.60602089,13.04040638,1,3,2,2,1,16:40,27,E09000009,3,4090,6,30,3,4,5,0,0,0,1,1,1,0,0,1,1,E01001312,18-09-2018,1,1,3,2,61,9,2,5,3,0,0,-1,0,1
22489,77.59482493,12.98297291,1,3,2,1,6,18:52,27,E09000009,6,0,6,30,3,4,6,0,0,0,1,1,1,0,0,1,1,E01001345,02-09-2018,1,1,3,2,22,5,2,4,3,0,0,-1,0,1
22490,77.66728015,12.98698769,1,3,2,1,7,15:48,27,E09000009,5,0,6,30,0,-1,-1,0,0,1,1,1,1,0,0,1,1,E01001256,17-09-2018,1,1,3,1,30,6,2,10,9,0,0,-1,0,-1