Accident_Index,longitude,latitude,Police_Force,Accident_Severity,Number_of_Vehicles,Number_of_Casualties,Day_of_Week,Time,Local_Authority_(District),Local_Authority_(Highway),1st_Road_Class,1st_Road_Number,Road_Type,Speed_limit,Junction_Detail,Junction_Control,2nd_Road_Class,2nd_Road_Number,Pedestrian_Crossing-Human_Control,Pedestrian_Crossing-Physical_Facilities,Light_Conditions,Weather_Conditions,Road_Surface_Conditions,Special_Conditions_at_Site,Carriageway_Hazards,Urban_or_Rural_Area,Did_Police_Officer_Attend_Scene_of_Accident,LSOA_of_Accident_Location,Date,Vehicle_Reference,Casualty_Reference,Casualty_Class,Sex_of_Casualty,Age_of_Casualty,Age_Band_of_Casualty,Casualty_Severity,Pedestrian_Location,Pedestrian_Movement,Car_Passenger,Bus_or_Coach_Passenger,Pedestrian_Road_Maintenance_Worker,Casualty_Type,Casualty_Home_Area_Type
22611,77.60857073,13.03726412,1,3,1,1,5,18:30,27,E09000009,5,0,6,30,0,-1,-1,0,0,0,4,1,1,0,0,1,1,E01001240,03-11-2018,1,1,3,2,4,1,3,4,3,0,0,-1,0,1
22612,77.6502223,12.9939776,1,3,2,1,7,10:35,27,E09000009,5,0,6,30,3,4,5,0,0,0,1,1,1,0,0,1,1,E01001294,05-11-2018,1,1,1,1,22,5,3,0,0,0,0,-1,3,1
22613,77.59486743,13.03933404,1,3,1,1,3,08:35,27,E09000009,6,0,6,30,0,-1,-1,0,0,0,1,1,1,0,0,1,1,E01001211,08-11-2018,1,1,1,1,78,11,3,0,0,0,0,-1,1,1
22614,77.60028655,13.04712143,1,3,2,1,5,07:35,27,E09000009,3,4000,6,30,3,4,6,0,0,0,1,2,2,0,0,1,1,E01001197,10-11-2018,2,1,1,1,16,4,3,0,0,0,0,-1,2,1
22615,77.61653528,13.04283637,1,3,2,1,4,13:00,27,E09000009,5,0,6,30,3,4,5,0,0,0,1,1,1,0,0,1,1,E01001298,09-11-2018,1,1,1,1,36,7,3,0,0,0,0,-1,5,-1
22616,77.65118158,12.98481403,1,3,2,1,6,22:18,27,E09000009,6,0,6,30,3,4,6,0,0,0,4,1,2,0,0,1,1,E01001288,04-11-2018,1,1,2,2,51,8,3,0,0,1,0,-1,9,1
22617,77.55198993,12.99636649,1,2,2,1,7,02:23,27,E09000009,3,406,3,40,0,-1,-1,0,0,0,4,1,1,0,0,1,1,E01001273,05-11-2018,2,1,1,1,63,9,3,0,0,0,0,-1,9,1
22618,77.62326351,12.96786056,1,3,1,1,6,20:03,27,E09000009,3,312,6,30,0,-1,-1,0,0,0,4,1,2,0,0,1,1,E01001323,28-10-2018,2,1,1,1,55,8,3,0,0,0,0,-1,4,1
22619,77.64056978,12.98629118,1,3,2,1,3,14:08,27,E09000009,3,312,6,30,0,-1,-1,0,0,0,1,1,1,0,0,1,1,E01001321,01-11-2018,1,1,1,1,31,6,2,0,0,0,0,-1,5,1
22620,77.67375798,12.97431155,1,3,2,1,4,19:34,27,E09000009,3,312,6,30,3,4,6,0,0,0,4,1,1,0,0,1,1,E01001316,09-11-2018,2,1,1,1,30,6,3,0,0,0,0,-1,1,-1
22621,77.61999694,13.01616751,1,2,1,1,7,06:40,27,E09000009,3,40,3,30,7,2,3,406,0,0,1,1,1,0,0,1,1,E01001278,30-07-2018,1,1,1,2,37,7,3,0,0,0,0,-1,9,1
22622,77.64872604,12.97886421,1,3,2,1,2,19:00,27,E09000009,5,0,6,30,3,4,6,0,0,0,1,1,1,0,0,1,1,E01001214,18-07-2018,1,1,3,1,41,7,3,9,9,0,0,-1,0,1
22623,77.56283722,13.01303292,1,3,1,1,6,17:08,27,E09000009,5,0,6,30,0,-1,-1,0,0,0,1,1,1,0,0,1,1,E01001247,29-07-2018,1,1,1,1,27,6,3,0,0,0,0,-1,5,1
22624,77.66059873,12.97064005,1,3,3,1,6,23:01,27,E09000009,3,4020,3,30,0,-1,-1,0,0,0,4,2,2,0,0,1,1,E01001337,11-11-2018,2,1,1,2,55,8,2,0,0,0,0,-1,9,1
22625,77.64304839,13.03238095,1,3,2,1,6,17:28,27,E09000009,3,4020,6,30,0,-1,-1,0,0,0,4,9,1,0,0,1,1,E01001359,11-11-2018,1,1,1,2,30,6,3,0,0,0,0,-1,9,1
22626,77.59582445,13.03130006,1,3,1,1,4,16:15,27,E09000009,3,3005,6,30,0,-1,-1,0,0,0,1,1,1,0,0,1,2,E01001361,09-11-2018,1,2,2,2,8,2,3,0,0,2,0,-1,9,1
22627,77.56127636,13.04325466,1,3,1,1,2,20:52,27,E09000009,6,0,6,30,3,4,6,0,0,0,4,1,1,0,0,1,1,E01001367,31-10-2018,2,1,1,1,41,7,3,0,0,0,0,-1,3,1
22628,77.64068262,12.999183,1,3,2,1,4,05:18,27,E09000009,3,4020,6,30,3,2,3,3002,0,5,4,1,1,0,0,1,1,E01001254,26-10-2018,2,1,1,2,16,4,2,0,0,0,0,-1,1,1
22629,77.66414066,12.97805184,1,2,2,1,4,14:45,27,E09000009,3,4020,3,30,8,4,6,0,0,0,1,1,1,0,0,1,1,E01001337,09-11-2018,1,1,1,2,68,10,3,0,0,0,0,-1,9,1
22630,77.61765927,13.04322535,1,3,2,1,1,08:57,27,E09000009,3,4020,6,30,0,-1,-1,0,0,0,1,1,1,0,0,1,1,E01001861,30-10-2018,1,1,2,1,14,3,3,0,0,0,0,-1,9,1
22631,77.65724895,12.97169658,1,2,1,1,7,20:10,27,E09000009,5,0,6,30,3,4,6,0,0,0,4,1,1,0,0,1,1,E01001284,05-11-2018,1,1,1,1,44,7,3,0,0,0,0,-1,9,1
22632,77.61027894,13.0022187,1,3,2,1,7,09:30,27,E09000009,4,455,6,30,3,4,6,0,0,0,1,1,1,0,0,1,3,E01001301,12-11-2018,1,2,2,2,75,10,3,0,0,1,0,-1,9,1
22633,77.63838654,13.01781258,1,3,2,1,4,05:20,27,E09000009,4,455,6,30,3,4,6,0,0,0,4,1,1,0,0,1,3,E01001327,02-11-2018,1,1,3,2,5,1,3,5,1,0,0,-1,0,1
22634,77.50899304,13.03079846,1,3,2,1,5,07:10,27,E09000009,3,406,6,30,3,2,3,4005,0,5,4,1,1,0,0,1,2,E01001277,13-10-2018,2,1,1,2,27,6,3,0,0,0,0,-1,9,1
22635,77.55557608,13.03481555,1,2,1,1,6,09:10,27,E09000009,6,0,6,30,3,4,6,0,0,0,1,1,1,0,0,1,1,E01001205,11-11-2018,1,1,1,1,28,6,3,0,0,0,0,-1,19,1
22636,77.62757166,12.97336202,1,3,2,1,7,21:00,27,E09000009,6,0,6,30,3,4,6,0,0,0,4,1,1,0,0,1,2,E01001224,03-09-2018,2,2,1,1,34,6,3,0,0,0,0,-1,5,1
22637,77.67382568,12.97769181,1,3,2,1,4,19:45,27,E09000009,3,406,6,30,0,-1,-1,0,0,0,4,2,2,0,0,1,1,E01001231,02-11-2018,1,1,1,1,41,7,3,0,0,0,0,-1,5,1
22638,77.5499729,13.01044356,1,3,2,1,2,12:45,27,E09000009,3,406,3,40,3,4,6,0,0,0,1,1,1,0,0,1,1,E01001275,14-11-2018,2,1,1,1,34,6,3,0,0,0,0,-1,5,-1
22639,77.59886362,12.96743611,1,3,2,1,1,10:47,27,E09000009,3,4127,6,30,8,4,6,0,0,0,1,1,1,0,0,1,1,E01001266,19-06-2018,2,1,1,2,50,8,3,0,0,0,0,-1,1,-1
22640,77.5455878,12.98833688,1,3,2,1,5,07:00,27,E09000009,4,455,6,30,3,4,6,0,0,0,4,1,4,0,0,1,1,E01001259,17-11-2018,2,1,1,1,52,8,3,0,0,0,0,-1,9,1
22641,77.55388716,13.04264357,1,3,2,2,7,09:05,27,E09000009,6,0,6,30,3,4,6,0,0,0,1,1,1,0,0,1,1,E01001389,12-11-2018,2,1,1,1,26,6,3,0,0,0,0,-1,5,1
22642,77.62751755,13.03538723,1,3,4,2,7,18:17,27,E09000009,3,40,3,50,0,-1,-1,0,0,0,4,1,1,0,0,1,1,E01001277,29-10-2018,1,1,3,2,-1,-1,3,5,1,0,0,-1,0,-1
22643,77.63490038,13.01730502,1,2,3,3,5,14:50,27,E09000009,5,0,6,30,8,4,6,0,0,0,1,1,1,0,0,1,1,E01001294,17-11-2018,1,1,3,2,32,6,3,6,9,0,0,-1,0,1
22644,77.65729172,13.00864933,1,3,2,1,6,21:10,27,E09000009,5,0,6,30,3,4,6,0,0,0,4,1,1,0,0,1,2,E01001240,28-10-2018,1,1,3,2,18,4,3,4,1,0,0,-1,0,1
22645,77.67026226,12.98717531,1,3,2,2,1,20:15,27,E09000009,3,3005,6,30,0,-1,-1,0,0,0,4,1,1,0,0,1,2,E01001338,13-11-2018,2,1,1,1,39,7,2,0,0,0,0,-1,5,1
22646,77.52914991,13.01723819,1,2,2,1,4,08:37,27,E09000009,3,40,3,50,0,-1,-1,0,0,0,1,1,1,0,0,1,1,E01001348,09-11-2018,2,2,2,2,20,4,3,0,0,0,0,-1,5,1
22647,77.64359853,13.01272518,1,3,2,1,7,12:45,27,E09000009,3,4020,3,30,3,4,6,0,0,0,1,1,1,0,0,1,1,E01001234,12-11-2018,1,1,3,2,16,4,3,1,1,0,0,-1,0,1
22648,77.57426722,13.01931811,1,3,1,1,3,16:30,27,E09000009,3,4020,6,30,3,4,6,0,0,0,1,1,1,0,0,1,1,E01001388,08-11-2018,1,1,1,1,18,4,3,0,0,0,0,-1,5,1
22649,77.56573266,12.97119391,1,3,2,1,2,15:50,27,E09000009,6,0,6,30,0,-1,-1,0,0,0,1,1,1,0,0,1,1,E01001270,14-11-2018,1,1,3,2,-1,-1,3,5,3,0,0,-1,0,-1
22650,77.67513646,12.99358424,1,3,2,1,1,12:00,27,E09000009,4,455,6,30,3,4,6,0,0,4,1,1,1,0,0,1,2,E01001261,30-10-2018,1,1,1,1,70,10,3,0,0,0,0,-1,9,1
22651,77.6535263,13.02620498,1,3,2,1,6,16:50,27,E09000009,3,406,6,30,0,-1,-1,0,0,0,4,1,1,0,0,1,3,E01001275,11-11-2018,1,1,1,2,47,8,3,0,0,0,0,-1,20,1
22652,77.58026396,13.04615868,1,3,2,1,2,20:10,27,E09000009,3,4020,6,30,3,4,6,0,0,0,4,1,2,0,0,1,1,E01001381,21-11-2018,1,1,3,1,-1,-1,3,5,1,0,0,-1,0,-1
22653,77.53527651,13.01074841,1,2,1,1,6,22:20,27,E09000009,3,4020,3,30,0,-1,-1,0,0,0,4,8,2,0,0,1,1,E01001252,18-11-2018,1,1,1,2,40,7,3,0,0,0,0,-1,9,1
22654,77.55575295,13.00540625,1,3,2,1,6,10:50,27,E09000009,3,4127,6,30,3,2,6,0,0,0,1,1,1,0,0,1,1,E01001266,18-11-2018,1,1,3,1,62,9,3,5,1,0,0,-1,0,-1
22655,77.57421962,13.04636824,1,3,2,1,1,01:20,27,E09000009,3,4020,6,30,0,-1,-1,0,0,0,4,8,4,0,0,1,1,E01001254,20-11-2018,1,1,1,1,24,5,3,0,0,0,0,-1,9,3
22656,77.64985507,13.00661615,1,3,2,2,5,12:00,27,E09000009,6,0,6,30,0,-1,-1,0,0,0,1,1,1,0,0,1,1,E01001248,17-11-2018,2,1,1,1,37,7,3,0,0,0,0,-1,5,1
22657,77.62789622,13.01370753,1,3,2,1,4,11:15,27,E09000009,3,4020,3,30,3,2,5,0,0,0,1,1,1,0,0,1,2,E01001338,02-11-2018,1,1,1,1,21,5,3,0,0,0,0,-1,9,-1
22658,77.56027829,13.03704477,1,3,2,1,7,16:30,27,E09000009,6,0,6,30,5,4,6,0,0,0,4,1,1,0,0,1,1,E01001349,12-11-2018,1,1,1,1,58,9,3,0,0,0,0,-1,9,1
22659,77.53216819,12.99741586,1,3,1,1,2,19:05,27,E09000009,6,0,6,30,3,4,6,0,0,1,1,1,1,0,0,1,2,E01001334,21-11-2018,1,1,3,2,80,11,3,6,9,0,0,-1,0,1
22660,77.53009295,12.98836213,1,3,1,1,1,00:32,27,E09000009,3,40,3,40,6,2,3,4000,0,0,4,8,4,0,0,1,1,E01001238,20-11-2018,1,1,2,2,34,6,3,0,0,1,0,-1,9,1
22661,77.54106121,13.01486658,1,3,1,1,3,16:25,27,E09000009,3,4020,6,30,3,3,6,0,0,0,4,1,1,0,0,1,1,E01001381,22-11-2018,2,1,1,2,22,5,3,0,0,0,0,-1,1,1
22662,77.67555026,13.04489419,1,3,2,1,3,18:15,27,E09000009,3,4127,6,40,6,2,3,4090,0,0,4,1,1,0,0,1,1,E01001311,22-11-2018,2,1,1,2,30,6,3,0,0,0,0,-1,9,1
22663,77.66143107,12.99517916,1,3,2,1,6,15:25,27,E09000009,3,4000,2,30,6,2,3,40,0,0,1,1,1,0,0,1,1,E01001247,18-11-2018,1,1,1,2,23,5,3,0,0,0,0,-1,9,1
22664,77.57715545,12.99886233,1,3,1,1,3,15:22,27,E09000009,3,4020,6,30,3,4,5,0,0,0,1,1,1,0,0,1,1,E01001354,22-11-2018,2,2,1,1,25,5,3,0,0,0,0,-1,9,1
22665,77.61996332,12.99769464,1,3,2,1,7,05:50,27,E09000009,5,0,6,30,6,2,3,312,0,5,4,8,4,0,0,1,1,E01001323,19-11-2018,1,1,1,1,36,7,3,0,0,0,0,-1,5,1
22666,77.52350256,13.02258665,1,2,1,1,3,16:13,27,E09000009,4,455,6,30,0,-1,-1,0,0,5,4,7,2,0,0,1,1,E01001221,22-11-2018,2,1,1,2,29,6,3,0,0,0,0,-1,9,1
22667,77.58551721,13.04310139,1,3,2,1,4,10:35,27,E09000009,3,3005,6,30,3,4,6,0,0,0,1,1,4,0,0,1,1,E01001361,30-11-2018,2,1,1,1,30,6,2,0,0,0,0,-1,3,1
22668,77.64300309,12.98973631,1,2,1,1,3,21:56,27,E09000009,5,0,6,30,6,4,3,312,0,4,4,1,1,0,0,1,1,E01001323,29-11-2018,1,1,2,1,55,8,3,0,0,0,4,-1,11,1
22669,77.63307078,12.97450119,1,3,2,1,2,08:52,27,E09000009,3,4000,6,30,0,-1,-1,0,1,1,1,1,1,0,0,1,1,E01001247,21-11-2018,1,1,1,1,57,9,3,0,0,0,0,-1,9,1
22670,77.58491472,13.04237056,1,3,1,1,3,01:20,27,E09000009,5,0,6,30,3,4,6,0,0,0,4,2,2,0,0,1,1,E01001371,29-11-2018,2,1,3,2,24,5,2,1,3,0,0,-1,0,-1
22671,77.6069495,13.03167417,1,3,2,1,1,20:45,27,E09000009,3,40,6,30,6,4,3,406,0,0,4,1,1,0,0,1,1,E01001278,20-11-2018,1,1,2,2,57,9,3,0,0,1,0,-1,9,1
22672,77.6309425,13.00330857,1,2,1,1,3,10:30,27,E09000009,4,455,6,30,3,4,6,0,0,1,1,1,1,0,0,1,1,E01001301,29-11-2018,1,1,2,2,53,8,3,0,0,0,3,-1,11,1
22673,77.66255668,12.96959026,1,3,3,1,7,10:00,27,E09000009,3,40,3,70,0,-1,-1,0,0,0,1,1,2,0,0,1,1,E01001326,26-11-2018,2,1,1,2,31,6,3,0,0,0,0,-1,1,1
22674,77.59109945,13.03399199,1,3,2,2,5,15:00,27,E09000009,3,4127,6,30,3,4,5,0,0,0,1,1,1,0,0,1,2,E01001335,01-12-2018,2,1,1,2,38,7,3,0,0,0,0,-1,9,-1
22675,77.6639181,13.04271865,1,3,1,1,7,10:15,27,E09000009,3,4020,7,30,3,2,6,0,0,0,1,1,1,0,0,1,1,E01001249,26-11-2018,2,1,1,1,33,6,3,0,0,0,0,-1,5,1
22676,77.55421692,12.98956892,1,3,4,1,3,10:55,27,E09000009,3,406,6,30,0,-1,-1,0,0,0,1,1,1,0,0,1,1,E01001235,29-11-2018,1,1,1,1,36,7,3,0,0,0,0,-1,5,1
22677,77.59617236,13.03238006,1,3,3,1,5,00:30,27,E09000009,6,0,3,30,3,4,6,0,0,0,4,2,2,0,0,1,1,E01001228,24-11-2018,1,1,3,2,16,4,3,2,1,0,0,-1,0,-1
22678,77.65771931,13.01656254,1,3,3,2,3,05:35,28,E09000005,3,406,3,50,0,-1,-1,0,0,0,4,2,2,0,0,1,1,E01000600,15-11-2018,1,1,1,1,32,6,3,0,0,0,0,-1,5,1
22679,77.63463161,13.02450623,1,3,1,1,3,11:00,27,E09000009,5,0,3,30,3,4,6,0,0,0,1,1,1,0,0,1,1,E01001283,29-11-2018,1,1,1,2,42,7,3,0,0,0,0,-1,9,-1
22680,77.58799522,13.02769357,1,2,2,1,5,19:10,27,E09000009,4,312,6,30,7,2,5,0,0,0,4,1,2,0,0,1,1,E01001331,24-11-2018,1,1,1,2,71,10,3,0,0,0,0,-1,9,1
22681,77.63602023,13.01306667,1,3,2,1,5,08:28,27,E09000009,4,455,6,30,3,4,5,0,0,0,1,1,2,0,0,1,1,E01001283,24-11-2018,1,2,2,2,16,4,3,0,0,1,0,-1,9,1
22682,77.64675915,13.02766261,1,3,5,1,6,06:35,27,E09000009,5,0,6,30,0,-1,-1,0,0,0,4,7,2,0,0,1,1,E01001343,18-11-2018,2,1,1,1,38,7,3,0,0,0,0,-1,1,1
22683,77.59099362,12.99362482,1,3,2,1,7,07:15,27,E09000009,3,4090,6,30,3,4,6,0,0,0,4,1,4,0,0,1,1,E01001308,19-11-2018,1,1,1,1,62,9,3,0,0,0,0,-1,1,1
22684,77.53552471,13.01892134,1,3,1,1,6,08:08,27,E09000009,6,0,6,30,3,4,6,0,0,0,1,1,1,0,0,1,1,E01001271,02-12-2018,2,1,1,2,31,6,3,0,0,0,0,-1,1,1
22685,77.56332556,12.96822927,1,2,2,3,5,08:27,27,E09000009,4,455,6,30,3,4,6,0,0,0,1,1,1,0,0,1,1,E01001210,01-12-2018,1,1,1,1,21,5,3,0,0,0,0,-1,4,1
22686,77.56276053,13.02519089,1,3,2,1,3,18:20,27,E09000009,4,455,6,30,3,4,6,0,0,0,4,1,2,0,0,1,2,E01001262,06-12-2018,2,1,1,2,22,5,3,0,0,0,0,-1,1,-1
22687,77.63360532,12.97009416,1,2,1,1,7,01:00,27,E09000009,3,4020,6,30,6,4,3,4000,0,4,4,2,2,0,6,1,1,E01001351,26-11-2018,2,1,1,2,33,6,3,0,0,0,0,-1,9,1
22688,77.5649972,12.97514957,1,3,1,1,2,13:55,27,E09000009,3,4020,6,30,3,4,6,0,0,0,1,1,1,0,0,1,1,E01001389,28-11-2018,1,1,3,2,30,6,3,1,9,0,0,-1,0,1
22689,77.67186226,13.02619039,1,3,2,1,5,11:30,27,E09000009,3,4000,6,30,3,4,3,4020,0,0,1,1,1,0,0,1,2,E01001351,01-12-2018,2,1,1,1,26,6,3,0,0,0,0,-1,3,1
22690,77.58617702,13.01275383,1,3,2,1,4,12:37,27,E09000009,3,40,3,50,6,2,3,4000,0,0,1,1,1,0,0,1,1,E01001247,14-12-2018,2,1,1,1,16,4,2,0,0,0,0,-1,2,-1
22691,77.61134415,12.9803927,1,3,2,1,1,11:00,27,E09000009,6,0,6,30,3,4,3,312,0,0,1,1,1,0,0,1,3,E01001316,27-11-2018,1,1,3,2,38,7,3,1,1,0,0,-1,0,1
22692,77.66354838,13.04779994,1,3,1,1,4,22:59,27,E09000009,6,0,6,30,3,4,6,0,0,0,4,2,4,0,0,1,1,E01001316,30-11-2018,2,1,1,1,24,5,3,0,0,0,0,-1,3,1
22693,77.57055079,12.99253819,1,3,1,1,3,17:10,27,E09000009,3,4020,6,30,3,4,6,0,0,0,4,1,1,0,0,1,1,E01001389,29-11-2018,1,1,1,1,43,7,3,0,0,0,0,-1,9,1
22694,77.61267147,12.97720501,1,3,3,2,5,18:50,27,E09000009,3,312,1,30,1,2,3,40,0,5,4,1,1,0,0,1,1,E01001326,27-10-2018,1,2,2,2,-1,-1,3,0,0,1,0,-1,9,1
22695,77.52760271,13.01865667,1,3,1,1,7,12:45,27,E09000009,3,4020,6,30,3,4,6,0,0,0,1,1,1,0,0,1,2,E01001359,29-10-2018,1,1,1,2,39,7,3,0,0,0,0,-1,9,-1
22696,77.62375806,13.03066351,1,3,2,1,6,19:47,27,E09000009,3,4020,6,30,8,4,6,0,0,0,4,2,2,0,0,1,1,E01001359,11-11-2018,1,1,2,1,27,6,3,0,0,1,0,-1,9,1
22697,77.56201339,13.01738809,1,3,2,1,5,19:20,27,E09000009,4,452,1,30,1,4,4,455,0,0,4,4,2,0,0,1,1,E01001204,24-11-2018,2,1,1,1,60,9,2,0,0,0,0,-1,1,-1
22698,77.67210099,13.01959407,1,3,3,1,4,16:40,27,E09000009,3,4020,6,30,0,-1,-1,0,0,0,4,1,1,0,0,1,2,E01001387,23-11-2018,2,1,1,1,22,5,3,0,0,0,0,-1,3,1
22699,77.65072967,13.04722344,1,3,2,1,5,15:14,27,E09000009,3,3002,3,30,3,4,6,0,0,0,1,1,2,0,0,1,1,E01001253,24-11-2018,1,1,2,2,83,11,3,0,0,0,3,-1,11,1
22700,77.54829402,12.97973789,1,2,1,1,5,09:25,27,E09000009,3,4020,6,30,3,4,6,0,0,0,1,8,2,0,0,1,1,E01001250,01-12-2018,1,2,2,2,65,9,3,0,0,0,4,-1,11,1
22701,77.60102888,13.03106743,1,3,1,1,7,12:48,27,E09000009,6,0,2,30,0,-1,-1,0,0,0,1,1,2,0,0,1,1,E01001327,03-12-2018,1,1,1,2,41,7,3,0,0,0,0,-1,9,1
22702,77.63592529,13.00165371,1,3,2,1,5,15:45,26,E09000017,5,0,6,30,3,4,6,0,0,0,1,1,1,0,0,1,2,E01002497,08-12-2018,1,1,2,2,85,11,3,0,0,0,4,-1,11,1
22703,77.58688606,12.97255738,1,3,1,1,1,15:55,27,E09000009,3,312,6,30,0,-1,-1,0,0,0,4,1,1,0,0,1,1,E01001323,04-12-2018,1,1,1,1,22,5,3,0,0,0,0,-1,1,1
22704,77.64869654,12.99611133,1,3,1,2,6,23:30,27,E09000009,3,4127,6,30,0,-1,-1,0,0,0,4,2,2,0,0,1,1,E01001335,25-11-2018,2,1,1,1,17,4,3,0,0,0,0,-1,5,1
22705,77.63332486,13.01459985,1,3,2,1,6,19:09,27,E09000009,4,455,6,30,3,4,6,0,0,0,4,2,2,0,0,1,1,E01001261,02-12-2018,1,1,1,1,23,5,3,0,0,0,0,-1,9,1
22706,77.5114222,13.02647695,1,3,1,1,5,16:50,27,E09000009,5,0,6,30,6,4,6,0,0,0,1,1,1,0,0,1,2,E01001215,08-12-2018,1,1,3,1,71,10,3,8,9,0,0,-1,0,1
22707,77.66181934,12.98403833,1,3,1,1,6,20:01,27,E09000009,3,4000,6,30,3,4,6,0,0,0,4,1,1,0,0,1,1,E01001202,09-12-2018,1,1,1,2,44,7,3,0,0,0,0,-1,1,1
22708,77.52760665,13.02896114,1,3,2,1,2,22:00,27,E09000009,5,0,6,30,6,4,6,0,0,0,4,1,1,0,0,1,2,E01001371,05-12-2018,1,1,1,2,84,11,3,0,0,0,0,-1,9,1
22709,77.65188315,13.02768016,1,3,2,1,2,16:52,27,E09000009,3,4000,6,30,0,-1,-1,0,0,0,4,9,1,0,0,1,3,E01001354,05-12-2018,2,2,1,2,24,5,3,0,0,0,0,-1,9,1
22710,77.58004065,12.98153108,1,3,2,1,1,21:00,27,E09000009,3,4127,6,30,0,-1,-1,0,0,0,4,1,4,0,0,1,1,E01001267,11-12-2018,2,1,1,2,22,5,3,0,0,0,0,-1,9,1
22711,77.67894876,13.00593416,1,3,1,1,3,05:55,27,E09000009,5,0,6,30,0,-1,-1,0,0,0,4,1,2,0,0,1,1,E01001370,13-12-2018,2,1,1,1,40,7,3,0,0,0,0,-1,5,1
22712,77.67738374,13.04394357,1,2,2,1,5,07:11,27,E09000009,4,455,6,30,3,4,6,0,0,1,1,1,2,0,0,1,1,E01001210,08-12-2018,2,1,2,2,36,7,3,0,0,1,0,-1,9,1
22713,77.5441363,13.03004634,1,3,3,1,5,15:48,27,E09000009,3,4127,6,30,3,4,6,0,0,0,1,1,1,0,0,1,1,E01001260,17-11-2018,1,1,1,1,26,6,3,0,0,0,0,-1,9,1
22714,77.52476696,12.9987086,1,3,1,1,6,10:20,27,E09000009,3,4020,6,30,9,4,6,0,0,0,1,1,1,0,0,1,1,E01001381,09-12-2018,1,1,1,1,71,10,3,0,0,0,0,-1,9,1
22715,77.58651792,12.97787354,1,3,1,1,3,11:00,27,E09000009,3,312,6,30,0,-1,-1,0,0,0,1,1,1,0,0,1,1,E01001323,22-11-2018,3,2,1,1,35,6,3,0,0,0,0,-1,9,1
22716,77.53114408,12.97660243,1,3,2,1,4,15:39,27,E09000009,3,4127,1,30,1,4,3,40,0,0,1,1,1,0,0,1,1,E01001267,16-11-2018,1,1,1,1,49,8,3,0,0,0,0,-1,1,1
22717,77.5444365,12.98006877,1,3,2,1,4,13:44,27,E09000009,3,4000,6,30,0,-1,-1,0,0,0,1,1,2,0,0,1,1,E01001238,07-12-2018,2,1,1,1,25,5,3,0,0,0,0,-1,3,1
22718,77.5145816,12.98031811,1,3,2,1,6,22:58,27,E09000009,5,0,1,30,1,4,5,0,0,0,4,1,4,0,0,1,1,E01001297,09-12-2018,1,1,2,2,-1,-1,3,0,0,1,0,-1,9,-1
22719,77.62549394,13.0452734,1,3,1,1,4,11:25,27,E09000009,3,4020,6,30,0,-1,-1,0,0,0,1,1,1,0,0,1,1,E01001381,30-11-2018,1,1,1,2,42,7,3,0,0,0,0,-1,9,1
22720,77.66488315,12.9751074,1,3,2,1,6,21:32,27,E09000009,3,40,3,40,0,-1,-1,0,0,0,4,1,2,0,0,1,1,E01001278,02-12-2018,2,1,1,1,16,4,2,0,0,0,0,-1,2,1
22721,77.65500235,12.99022786,1,3,2,1,4,11:50,27,E09000009,3,312,1,30,1,4,3,40,0,0,1,1,2,0,0,1,1,E01001326,07-12-2018,1,1,1,1,38,7,3,0,0,0,0,-1,9,1
22722,77.63733679,12.97469881,1,3,2,1,2,15:51,27,E09000009,3,4020,6,30,3,4,6,0,0,0,4,1,1,0,0,1,2,E01001361,12-12-2018,1,1,1,2,41,7,3,0,0,0,0,-1,9,1
22723,77.58334431,13.03988611,1,3,2,1,6,02:05,27,E09000009,5,0,6,30,6,2,4,4492,0,5,4,1,1,0,0,1,1,E01001246,16-12-2018,1,1,3,1,13,3,3,10,9,0,0,-1,0,-1
22724,77.53340511,13.02822736,1,3,2,1,6,02:03,27,E09000009,4,455,1,30,1,4,3,312,0,0,4,1,1,0,0,1,1,E01001328,16-12-2018,1,1,3,2,26,6,2,5,3,0,0,-1,0,2
22725,77.54134888,13.00934053,1,3,4,2,6,18:50,27,E09000009,6,0,6,30,0,-1,-1,0,0,0,1,1,2,0,0,1,1,E01001271,18-11-2018,1,1,1,2,19,4,3,0,0,0,0,-1,2,1
22726,77.56413412,12.97201687,1,3,1,2,3,10:33,27,E09000009,5,0,6,30,3,4,6,0,0,1,1,1,1,0,0,1,1,E01001367,29-11-2018,1,1,1,1,70,10,3,0,0,0,0,-1,1,1
22727,77.56347839,12.98477266,1,3,2,1,6,10:45,27,E09000009,3,4000,6,30,0,-1,-1,0,0,0,1,8,1,0,0,1,2,E01001199,04-11-2018,1,1,2,2,21,5,3,0,0,0,4,-1,11,-1
22728,77.63822454,13.00481166,1,3,2,2,1,17:10,27,E09000009,3,312,6,30,0,-1,-1,0,0,0,4,7,2,0,0,1,1,E01001323,11-12-2018,1,1,3,2,62,9,3,6,9,0,0,-1,0,1
22729,77.51364511,13.00846323,1,3,2,1,7,11:44,27,E09000009,3,406,6,30,3,4,6,0,0,0,1,1,1,0,0,1,1,E01001275,05-11-2018,2,1,1,1,41,7,3,0,0,0,0,-1,1,1
22730,77.58236652,13.03994955,1,3,2,2,7,15:15,27,E09000009,4,455,6,30,3,4,6,0,0,0,1,1,1,0,0,1,1,E01001208,10-12-2018,2,1,1,1,22,5,3,0,0,0,0,-1,1,1
22731,77.67964961,12.97080383,1,3,3,1,7,15:57,27,E09000009,3,312,6,30,0,-1,-1,0,0,0,4,1,1,0,0,1,1,E01001316,10-12-2018,2,1,1,2,29,6,3,0,0,0,0,-1,3,1