Accident_Index,longitude,latitude,Police_Force,Accident_Severity,Number_of_Vehicles,Number_of_Casualties,Day_of_Week,Time,Local_Authority_(District),Local_Authority_(Highway),1st_Road_Class,1st_Road_Number,Road_Type,Speed_limit,Junction_Detail,Junction_Control,2nd_Road_Class,2nd_Road_Number,Pedestrian_Crossing-Human_Control,Pedestrian_Crossing-Physical_Facilities,Light_Conditions,Weather_Conditions,Road_Surface_Conditions,Special_Conditions_at_Site,Carriageway_Hazards,Urban_or_Rural_Area,Did_Police_Officer_Attend_Scene_of_Accident,LSOA_of_Accident_Location,Date,Vehicle_Reference,Casualty_Reference,Casualty_Class,Sex_of_Casualty,Age_of_Casualty,Age_Band_of_Casualty,Casualty_Severity,Pedestrian_Location,Pedestrian_Movement,Car_Passenger,Bus_or_Coach_Passenger,Pedestrian_Road_Maintenance_Worker,Casualty_Type,Casualty_Home_Area_Type
22852,77.6602964,13.0338433,1,3,2,1,6,10:57,26,E09000017,3,4020,6,30,3,4,6,0,0,0,1,1,1,0,0,1,2,E01002396,14-01-2018,2,1,1,2,38,7,3,0,0,0,0,-1,9,1
22853,77.59617422,13.00425684,1,3,2,1,6,21:39,26,E09000017,3,408,3,50,5,4,6,0,0,0,4,1,1,0,0,1,1,E01002548,14-01-2018,2,1,1,2,18,4,3,0,0,0,0,-1,1,1
22854,77.57464544,12.99674302,1,3,3,1,1,06:55,26,E09000017,5,0,6,30,0,-1,-1,0,0,0,4,1,1,0,0,1,1,E01002500,16-01-2018,1,1,3,2,68,10,3,6,9,0,0,-1,0,1
22855,77.55756495,13.02861861,1,3,1,1,4,15:30,26,E09000017,3,437,6,30,3,4,6,0,0,1,1,1,1,0,0,1,1,E01002516,19-01-2018,1,1,1,2,16,4,3,0,0,0,0,-1,2,1
22856,77.67629422,12.99580591,1,3,2,1,5,08:30,26,E09000017,4,466,6,30,3,4,6,0,0,0,1,1,1,0,0,1,1,E01002460,20-01-2018,1,1,1,1,41,7,3,0,0,0,0,-1,5,1
22857,77.63233234,13.00007063,1,3,2,1,1,13:25,26,E09000017,3,4125,6,30,2,4,6,0,0,0,1,1,2,0,0,1,1,E01002478,23-01-2018,1,1,2,2,31,6,3,0,0,2,0,-1,8,1
22858,77.64044655,12.99527018,1,3,2,3,7,23:40,26,E09000017,3,437,6,30,6,2,3,437,0,0,4,1,2,0,0,1,1,E01002489,22-01-2018,1,1,3,1,14,3,3,10,9,0,0,-1,0,1
22859,77.66886804,13.04752871,1,3,2,1,2,09:15,26,E09000017,3,4180,6,30,3,4,5,0,0,0,1,1,1,0,0,1,3,E01002465,24-01-2018,1,1,3,1,44,7,3,9,9,0,0,-1,0,1
22860,77.53596837,12.9758787,1,3,2,2,4,19:30,26,E09000017,6,0,6,30,3,4,6,0,0,0,4,2,2,0,0,1,1,E01002533,05-01-2018,1,1,1,2,52,8,3,0,0,0,0,-1,9,1
22861,77.65276354,13.01723291,1,3,4,1,6,17:40,26,E09000017,3,4020,3,30,7,2,4,465,0,5,4,1,1,0,0,1,1,E01002400,21-01-2018,1,1,3,2,11,3,3,5,3,0,0,-1,0,-1
22862,77.66936775,13.02947071,1,3,1,1,1,12:53,26,E09000017,5,0,6,30,0,-1,-1,0,0,0,1,1,1,0,0,1,1,E01002490,23-01-2018,2,1,1,2,23,5,2,0,0,0,0,-1,9,1
22863,77.58644752,12.99513,1,3,2,2,5,13:50,26,E09000017,1,25,3,30,5,4,1,25,0,0,1,1,1,0,0,2,3,E01016482,13-01-2018,2,1,1,2,27,6,3,0,0,0,0,-1,9,1
22864,77.59379168,13.0110101,1,2,1,2,2,16:30,26,E09000017,3,4020,3,40,0,-1,-1,0,0,0,1,2,2,0,0,1,1,E01002510,24-01-2018,1,1,1,1,23,5,3,0,0,0,0,-1,3,1
22865,77.6781308,12.9725193,1,3,1,1,3,19:15,26,E09000017,4,483,1,40,1,4,6,0,0,0,4,1,4,0,0,1,1,E01002515,25-01-2018,2,1,1,1,33,6,2,0,0,0,0,-1,5,1
22866,77.63964299,13.04488514,1,3,2,1,2,13:05,26,E09000017,6,0,6,30,3,4,6,0,0,0,1,1,2,0,0,1,1,E01002406,10-01-2018,1,1,3,1,15,3,3,1,1,0,0,-1,0,1
22867,77.52577466,13.02407766,1,3,3,1,2,20:50,26,E09000017,3,312,3,40,1,4,5,0,0,0,4,1,1,0,0,1,1,E01002543,24-01-2018,1,1,1,2,36,7,2,0,0,0,0,-1,1,1
22868,77.63203047,13.0454161,1,2,1,1,5,19:54,26,E09000017,5,0,6,30,0,-1,-1,0,0,4,4,2,2,0,0,1,1,E01002506,27-01-2018,1,1,2,2,19,4,2,0,0,1,0,-1,9,1
22869,77.51993203,13.00022344,1,2,1,1,5,20:55,26,E09000017,5,0,6,30,3,4,6,0,0,0,4,1,2,0,0,1,1,E01002414,27-01-2018,1,2,1,1,19,4,3,0,0,0,0,-1,9,1
22870,77.53873795,13.0414866,1,3,2,1,5,17:30,26,E09000017,4,467,6,30,3,4,6,0,0,1,4,2,2,0,0,1,1,E01002460,27-01-2018,1,1,3,1,35,6,2,10,9,0,0,-1,0,1
22871,77.63925751,13.03011677,1,3,1,1,6,08:32,26,E09000017,5,0,6,30,0,-1,-1,0,0,0,1,1,2,0,0,1,1,E01002468,28-01-2018,2,1,1,2,50,8,3,0,0,0,0,-1,9,-1
22872,77.5427297,13.02469562,1,3,1,1,4,06:40,26,E09000017,3,4180,6,30,3,4,5,0,0,0,4,1,1,0,0,1,1,E01002465,26-01-2018,1,1,3,1,75,10,2,6,9,0,0,-1,0,-1
22873,77.56596674,12.99004172,1,3,1,1,4,12:45,26,E09000017,5,0,6,30,3,4,6,0,0,1,1,1,1,0,0,1,2,E01002506,26-01-2018,1,1,1,2,24,5,3,0,0,0,0,-1,9,1
22874,77.65787662,12.9883702,1,3,2,1,2,12:10,26,E09000017,5,0,6,30,8,4,6,0,0,0,1,2,2,0,0,1,1,E01002538,24-01-2018,1,1,1,1,31,6,3,0,0,0,0,-1,10,1
22875,77.61764945,13.02741503,1,3,1,1,3,11:00,26,E09000017,5,0,6,30,0,-1,-1,0,0,0,1,1,1,0,0,1,1,E01002407,25-01-2018,1,1,2,2,-1,-1,3,0,0,1,0,-1,9,1
22876,77.67239756,12.99578963,1,3,2,2,7,00:15,26,E09000017,5,0,6,30,0,-1,-1,0,0,0,6,2,2,0,0,2,1,E01002461,29-01-2018,1,1,2,2,79,11,3,0,0,0,1,-1,11,1
22877,77.6059339,13.03741143,1,3,2,3,2,11:08,26,E09000017,3,4020,6,30,0,-1,-1,0,0,0,1,1,1,0,0,1,1,E01002522,31-01-2018,2,1,1,2,43,7,3,0,0,0,0,-1,9,1
22878,77.57308218,12.98082847,1,3,2,1,6,10:20,26,E09000017,5,0,6,30,3,2,6,0,0,5,1,1,1,0,0,1,3,E01002497,28-01-2018,2,1,1,2,38,7,3,0,0,0,0,-1,1,1
22879,77.58911733,13.0009813,1,3,1,1,7,11:30,26,E09000017,3,404,6,30,3,2,4,469,0,5,1,1,1,0,0,1,2,E01002472,29-01-2018,2,1,1,2,26,6,3,0,0,0,0,-1,9,1
22880,77.58315931,13.02405196,1,3,2,1,2,12:15,26,E09000017,5,0,6,30,0,-1,-1,0,0,0,1,1,1,0,0,1,2,E01002554,31-01-2018,1,1,1,2,42,7,3,0,0,0,0,-1,9,1
22881,77.54932584,13.03350852,1,3,2,1,5,12:55,26,E09000017,3,40,3,70,0,-1,-1,0,0,0,1,1,1,0,0,2,3,E01002512,13-01-2018,2,2,1,2,32,6,3,0,0,0,0,-1,9,1
22882,77.58042194,13.00978494,1,3,1,1,7,23:15,26,E09000017,3,4020,3,40,3,4,5,0,0,0,4,1,2,0,0,1,1,E01002401,29-01-2018,1,1,3,1,14,3,3,5,3,0,0,-1,0,1
22883,77.53111348,13.03867959,1,3,3,2,2,22:25,26,E09000017,6,0,6,30,0,-1,-1,0,0,0,4,1,2,0,0,1,1,E01002489,31-01-2018,1,1,1,1,41,7,3,0,0,0,0,-1,11,1
22884,77.5311732,13.04560013,1,3,1,1,3,18:35,26,E09000017,3,312,3,50,0,-1,-1,0,0,0,4,2,2,0,0,1,1,E01002543,01-02-2018,1,1,1,2,19,4,3,0,0,0,0,-1,9,-1
22885,77.58205909,13.00686324,1,3,2,1,2,12:30,26,E09000017,3,4180,1,30,1,4,3,40,0,0,1,1,1,0,0,1,1,E01002499,07-02-2018,2,1,1,1,32,6,3,0,0,0,0,-1,3,-1
22886,77.52480362,13.0236799,1,3,2,1,2,13:55,26,E09000017,3,40,3,70,0,-1,-1,0,0,0,1,1,1,0,0,1,1,E01002499,07-02-2018,1,1,2,1,41,7,3,0,0,0,3,-1,11,1
22887,77.6202652,13.03565075,1,3,1,2,2,13:30,26,E09000017,3,40,3,50,0,-1,-1,0,0,0,1,1,1,0,0,1,1,E01002499,07-02-2018,1,1,1,1,29,6,3,0,0,0,0,-1,5,1
22888,77.51669628,13.01919851,1,3,2,1,1,10:13,26,E09000017,6,0,6,30,0,-1,-1,0,0,0,1,1,2,0,0,1,1,E01002525,06-02-2018,1,1,1,1,67,10,3,0,0,0,0,-1,9,1
22889,77.55821847,13.04389071,1,3,2,1,3,21:11,26,E09000017,5,0,6,40,0,-1,-1,0,0,0,4,8,2,0,0,2,1,E01002439,08-02-2018,1,1,2,2,78,11,2,0,0,0,3,-1,11,1
22890,77.61241494,13.02403624,1,3,2,1,7,12:45,26,E09000017,5,0,6,30,0,-1,-1,0,0,0,1,1,1,0,0,1,1,E01002417,05-02-2018,2,1,1,1,-1,-1,3,0,0,0,0,-1,1,-1
22891,77.62985578,13.04616501,1,2,1,2,5,01:50,26,E09000017,3,40,3,70,0,-1,-1,0,0,0,4,1,1,0,0,1,1,E01002494,03-02-2018,1,1,1,1,40,7,3,0,0,0,0,-1,9,1
22892,77.51752857,12.97078077,1,3,2,1,3,20:20,26,E09000017,6,0,6,30,3,4,4,472,0,0,4,1,2,0,0,1,1,E01002485,08-02-2018,2,2,1,1,25,5,3,0,0,0,0,-1,3,1
22893,77.57562872,12.98536474,1,3,1,1,5,18:44,26,E09000017,5,0,3,30,6,2,3,4020,0,0,4,2,2,0,0,1,1,E01002396,17-02-2018,1,2,1,1,27,6,3,0,0,0,0,-1,9,1
22894,77.61916331,13.01877009,1,3,1,1,2,11:15,27,E09000009,5,0,6,30,5,4,6,0,0,0,1,9,1,0,0,1,1,E01001329,07-02-2018,2,1,1,1,26,6,3,0,0,0,0,-1,9,1
22895,77.61963075,13.01061863,1,3,1,1,6,00:45,26,E09000017,3,40,3,70,0,-1,-1,0,0,0,4,1,1,0,0,1,1,E01002499,18-02-2018,1,1,1,1,16,4,3,0,0,0,0,-1,1,1
22896,77.58419217,13.03557083,1,3,1,1,3,21:30,26,E09000017,3,404,6,30,0,-1,-1,0,0,0,4,1,1,0,0,1,2,E01002475,08-02-2018,1,1,3,1,14,3,3,9,5,0,0,-1,0,-1
22897,77.56367429,13.01673244,1,3,2,1,5,14:00,26,E09000017,5,0,6,30,3,4,6,0,0,0,1,1,1,0,0,1,2,E01002529,03-02-2018,1,1,1,1,38,7,3,0,0,0,0,-1,9,1
22898,77.60151113,13.00603715,1,3,2,1,3,21:05,26,E09000017,6,0,6,30,9,4,6,0,0,0,4,2,2,0,0,1,1,E01002518,01-02-2018,2,1,2,2,16,4,2,0,0,0,0,-1,2,1
22899,77.52376089,12.99591194,1,3,1,1,5,11:08,26,E09000017,5,0,6,30,3,4,6,0,0,0,1,1,1,0,0,1,1,E01002505,03-02-2018,2,2,1,1,18,4,3,0,0,0,0,-1,2,1
22900,77.55158729,12.97299542,1,3,2,1,6,09:40,26,E09000017,3,4180,6,30,3,4,3,4180,0,0,1,2,2,0,0,1,1,E01002434,11-02-2018,2,1,1,1,25,5,3,0,0,0,0,-1,1,-1
22901,77.58683898,13.00975127,1,3,2,1,2,06:49,26,E09000017,3,3044,1,30,1,4,3,3113,0,0,4,1,1,0,0,2,1,E01002444,07-02-2018,1,1,3,1,23,5,3,1,9,0,0,-1,0,-1
22902,77.63399062,13.02508207,1,3,2,1,2,11:00,26,E09000017,5,0,6,30,0,-1,-1,0,0,0,1,1,1,0,0,2,2,E01002439,07-02-2018,2,1,1,1,67,10,3,0,0,0,0,-1,5,1
22903,77.57524914,13.04693958,1,3,2,1,3,03:45,26,E09000017,5,0,6,30,0,-1,-1,0,0,0,4,1,1,0,0,1,1,E01002400,08-02-2018,2,1,1,1,31,6,3,0,0,0,0,-1,19,1
22904,77.54092677,12.99328251,1,3,3,3,2,11:35,26,E09000017,6,0,6,30,3,4,6,0,0,0,1,1,1,0,0,1,1,E01002545,21-02-2018,1,1,1,2,53,8,3,0,0,0,0,-1,9,1
22905,77.60470641,13.03971827,1,3,1,1,7,06:50,26,E09000017,3,3044,1,40,1,4,4,3378,0,0,4,2,2,0,0,2,1,E01002444,12-02-2018,1,1,1,1,22,5,3,0,0,0,0,-1,9,1
22906,77.58565896,12.99798562,1,3,2,1,7,11:45,26,E09000017,3,312,3,50,5,4,6,0,0,0,1,1,1,0,0,1,1,E01002505,19-02-2018,1,2,2,2,-1,-1,3,0,0,1,0,-1,9,-1
22907,77.51856144,12.98772503,1,2,1,1,1,17:08,26,E09000017,6,0,6,30,0,-1,-1,0,0,0,1,1,1,0,0,1,1,E01002473,20-02-2018,1,1,1,2,49,8,3,0,0,0,0,-1,3,1
22908,77.58197958,13.00043304,1,3,2,1,3,06:29,26,E09000017,3,408,6,30,8,4,6,0,0,0,4,8,2,0,0,1,1,E01002554,08-02-2018,1,1,1,2,31,6,3,0,0,0,0,-1,1,1
22909,77.65241699,12.99526937,1,3,2,1,1,13:47,26,E09000017,6,0,6,30,3,4,6,0,0,0,1,1,1,0,0,1,1,E01002429,06-02-2018,2,1,1,2,23,5,3,0,0,0,0,-1,3,1
22910,77.56951827,13.03543853,1,3,1,1,3,14:38,26,E09000017,5,0,6,30,6,2,6,0,0,5,1,1,1,0,0,1,1,E01002490,08-02-2018,1,1,1,1,22,5,3,0,0,0,0,-1,9,1
22911,77.56286268,13.01222094,1,3,1,1,2,12:05,26,E09000017,6,0,6,30,3,4,6,0,0,0,1,1,1,0,0,1,1,E01002545,21-02-2018,1,1,3,2,84,11,3,5,1,0,0,-1,0,1
22912,77.50854409,13.00761867,1,3,3,1,4,16:32,26,E09000017,3,408,6,30,3,2,3,408,0,5,1,1,1,0,0,1,1,E01002532,16-02-2018,2,1,1,1,32,6,3,0,0,0,0,-1,9,-1
22913,77.51538948,13.00739769,1,3,1,1,4,13:10,26,E09000017,6,0,6,30,3,4,6,0,0,0,1,1,1,0,0,1,1,E01002486,23-02-2018,1,1,1,1,41,7,3,0,0,0,0,-1,5,-1
22914,77.52156997,13.04781634,1,3,2,1,3,20:10,26,E09000017,6,0,6,30,3,4,6,0,0,0,4,3,2,0,0,1,1,E01002447,22-02-2018,2,1,1,1,-1,-1,3,0,0,0,0,-1,5,1
22915,77.51968699,13.02462827,1,3,1,1,7,13:15,26,E09000017,6,0,6,30,9,4,6,0,0,0,1,1,1,0,0,1,1,E01002401,19-02-2018,1,1,3,2,39,7,3,5,9,0,0,-1,0,1
22916,77.631108,12.99556834,1,2,1,1,1,15:10,26,E09000017,3,437,6,30,3,4,6,0,0,0,1,1,1,0,0,1,1,E01002516,13-02-2018,1,1,1,1,23,5,3,0,0,0,0,-1,9,1
22917,77.57362572,13.02073304,1,3,2,3,6,21:40,26,E09000017,5,0,6,30,0,-1,-1,0,0,0,4,1,4,0,0,1,1,E01002543,25-02-2018,1,1,3,2,26,6,3,5,3,0,0,-1,0,-1
22918,77.64879065,13.02779854,1,3,2,1,6,08:11,26,E09000017,3,4020,6,30,0,-1,-1,0,0,0,1,1,1,0,0,1,1,E01002521,18-02-2018,1,1,1,1,20,4,3,0,0,0,0,-1,3,1
22919,77.61060941,13.01829875,1,3,2,1,2,23:18,26,E09000017,3,4020,3,40,6,2,4,465,0,5,4,1,2,0,0,1,1,E01002409,28-02-2018,1,1,1,2,55,8,3,0,0,0,0,-1,9,1
22920,77.55048154,13.03837173,1,3,1,1,4,17:17,26,E09000017,3,437,6,30,0,-1,-1,0,0,4,4,2,2,0,0,1,1,E01002448,23-02-2018,1,1,2,1,78,11,3,0,0,0,0,-1,10,1
22921,77.59351705,12.98214441,1,3,1,1,5,13:39,26,E09000017,3,437,6,30,0,-1,-1,0,0,0,1,2,2,0,0,1,1,E01002448,17-02-2018,1,1,3,2,-1,-1,3,4,1,0,0,-1,0,1
22922,77.57989449,13.00509416,1,3,1,1,1,23:15,26,E09000017,3,4020,6,30,0,-1,-1,0,0,0,4,1,4,0,0,1,1,E01002510,27-02-2018,2,1,1,1,42,7,3,0,0,0,0,-1,5,1
22923,77.62954313,12.98910041,1,3,3,1,6,19:55,26,E09000017,3,404,6,30,3,2,3,4180,0,0,4,2,2,0,0,2,1,E01002475,11-02-2018,1,1,1,1,-1,-1,3,0,0,0,0,-1,9,3
22924,77.51391204,13.02613645,1,3,2,1,6,10:30,26,E09000017,3,408,1,30,1,4,5,0,0,0,1,1,1,0,0,1,1,E01002400,18-02-2018,3,2,1,2,-1,-1,3,0,0,0,0,-1,9,-1
22925,77.57007508,13.00447756,1,3,3,1,6,08:38,26,E09000017,3,4180,6,30,0,-1,-1,0,0,0,1,1,2,0,0,1,1,E01002467,18-02-2018,1,1,1,1,23,5,3,0,0,0,0,-1,3,1
22926,77.57561963,13.01430711,1,3,2,1,3,07:15,26,E09000017,4,483,6,30,0,-1,-1,0,0,0,1,1,1,0,0,1,2,E01002512,15-02-2018,1,1,3,1,12,3,3,5,3,0,0,-1,0,-1
22927,77.60275919,12.97614236,1,3,1,1,1,21:45,26,E09000017,5,0,6,30,0,-1,-1,0,0,0,4,8,4,0,0,1,1,E01002437,27-02-2018,1,2,3,1,11,3,3,5,3,0,0,-1,0,-1
22928,77.51698308,13.02656797,1,3,2,1,7,13:05,26,E09000017,3,437,6,30,7,2,4,466,0,5,1,1,1,0,0,1,1,E01002513,26-02-2018,2,1,1,1,32,6,3,0,0,0,0,-1,4,1
22929,77.51724574,13.00393032,1,3,1,1,7,00:37,26,E09000017,6,0,3,50,0,-1,-1,0,0,0,4,1,2,0,0,1,1,E01002532,26-02-2018,1,1,1,1,29,6,3,0,0,0,0,-1,9,1
22930,77.51747162,12.98015465,1,3,2,1,5,08:30,26,E09000017,6,0,6,30,8,4,6,0,0,0,1,1,1,0,0,1,2,E01002479,24-02-2018,2,1,1,1,49,8,2,0,0,0,0,-1,4,-1
22931,77.60266501,12.97596053,1,3,2,1,7,20:30,26,E09000017,3,4020,1,30,1,4,3,4020,0,0,4,1,1,0,0,1,2,E01002546,12-02-2018,2,1,1,1,26,6,3,0,0,0,0,-1,1,-1
22932,77.53531356,13.01814276,1,3,2,1,5,20:13,26,E09000017,6,0,6,30,3,4,6,0,0,0,4,1,1,0,0,1,1,E01002498,03-03-2018,1,1,1,1,19,4,3,0,0,0,0,-1,9,1
22933,77.59818691,13.03578981,1,3,2,2,7,10:30,26,E09000017,3,4020,3,40,0,-1,-1,0,0,0,1,1,1,0,0,1,1,E01002456,05-03-2018,1,2,2,2,19,4,3,0,0,1,0,-1,9,1
22934,77.64907241,13.04591734,1,3,2,2,6,16:55,26,E09000017,3,4020,1,30,1,4,3,4020,0,0,1,1,1,0,0,1,1,E01002522,25-02-2018,1,1,3,1,7,2,3,6,9,0,0,-1,0,-1
22935,77.56746654,12.972821,1,3,2,1,6,23:44,26,E09000017,3,4,3,40,0,-1,-1,0,0,0,4,1,1,0,0,1,1,E01002443,04-03-2018,1,1,1,1,34,6,3,0,0,0,0,-1,5,1
22936,77.64886388,13.01969255,1,3,1,2,7,00:30,26,E09000017,5,0,6,30,0,-1,-1,0,0,0,4,1,1,0,0,2,1,E01002441,19-02-2018,1,1,1,1,42,7,3,0,0,0,0,-1,1,1
22937,77.5930574,13.02570298,1,3,4,2,3,14:05,26,E09000017,1,25,3,40,0,-1,-1,0,0,0,1,1,2,4,0,2,1,E01002444,22-02-2018,1,1,3,1,-1,-1,3,4,3,0,0,-1,0,-1
22938,77.62525335,13.02754278,1,3,1,1,1,23:55,26,E09000017,3,404,3,30,1,4,6,0,0,1,4,8,4,0,0,1,1,E01002483,27-02-2018,1,1,2,2,28,6,3,0,0,2,0,-1,9,1
22939,77.664733,13.03466531,1,3,1,1,3,16:20,26,E09000017,4,467,6,30,3,2,6,0,0,5,1,2,2,0,0,1,1,E01002461,01-03-2018,2,1,1,1,64,9,3,0,0,0,0,-1,1,1
22940,77.51209764,12.98708223,1,3,2,1,4,14:00,26,E09000017,4,466,6,30,3,4,6,0,0,0,1,1,1,0,0,1,1,E01002436,09-03-2018,1,1,1,1,20,4,2,0,0,0,0,-1,3,1
22941,77.54402418,12.9917965,1,3,1,1,3,08:55,26,E09000017,6,0,9,30,0,-1,-1,0,0,0,1,1,1,0,0,1,1,E01002554,08-03-2018,1,1,3,1,42,7,3,5,1,0,0,-1,0,-1
22942,77.51672224,13.03530988,1,3,2,1,6,08:20,26,E09000017,3,4020,6,30,3,4,6,0,0,0,1,1,1,0,0,1,1,E01002414,11-03-2018,1,1,3,2,32,6,3,9,9,0,0,-1,0,1
22943,77.61392517,13.02230986,1,3,2,1,6,18:32,26,E09000017,6,0,6,30,3,4,6,0,0,0,4,2,2,0,0,1,1,E01002491,18-02-2018,1,1,1,2,34,6,3,0,0,0,0,-1,9,1
22944,77.53084721,12.9700468,1,3,2,1,6,11:56,26,E09000017,6,0,6,30,0,-1,-1,0,0,0,1,1,1,0,0,1,1,E01002524,11-03-2018,1,1,3,2,11,3,3,4,2,0,0,-1,0,1
22945,77.65007245,13.00036754,1,3,2,1,2,09:22,26,E09000017,3,40,6,50,5,4,5,0,0,0,1,1,1,0,0,2,1,E01002452,28-02-2018,1,1,1,1,69,10,2,0,0,0,0,-1,9,1
22946,77.66328028,12.97336493,1,3,1,3,5,12:23,26,E09000017,5,0,6,30,0,-1,-1,0,0,0,1,1,2,0,0,1,1,E01002424,10-03-2018,1,2,2,1,-1,-1,3,0,0,1,0,-1,9,-1
22947,77.53757816,13.01138309,1,3,2,2,2,19:35,26,E09000017,3,404,6,30,3,4,3,4125,0,0,4,1,1,0,0,1,1,E01002485,07-03-2018,2,3,1,1,54,8,3,0,0,0,0,-1,9,1
22948,77.62347274,12.97761239,1,3,2,4,3,20:49,26,E09000017,3,437,6,30,5,4,6,0,0,0,4,1,2,0,0,1,1,E01002513,22-02-2018,2,1,3,2,30,6,2,10,9,0,0,-1,0,1
22949,77.62056622,12.98898365,1,3,1,1,2,17:47,26,E09000017,3,4180,6,30,3,4,6,0,0,0,1,1,1,0,0,1,1,E01002467,14-03-2018,1,1,1,1,20,4,3,0,0,0,0,-1,4,1
22950,77.63035259,13.02827603,1,3,2,1,6,20:20,26,E09000017,6,0,6,30,0,-1,-1,0,0,0,4,1,1,0,0,1,1,E01002502,11-03-2018,1,2,2,2,15,3,3,0,0,0,0,-1,4,1
22951,77.52860293,12.99756267,1,3,1,2,3,23:10,26,E09000017,3,4180,6,30,0,-1,-1,0,0,0,4,1,1,0,0,1,1,E01002467,15-03-2018,1,1,1,1,37,7,3,0,0,0,0,-1,19,1
22952,77.63214074,12.99392874,1,3,2,3,6,19:20,26,E09000017,3,408,3,40,7,2,3,408,0,0,4,1,1,0,0,1,1,E01002486,11-03-2018,1,1,1,1,16,4,3,0,0,0,0,-1,2,1
22953,77.67232981,13.01803027,1,3,2,1,5,07:50,26,E09000017,3,4020,6,30,0,-1,-1,0,0,0,1,1,2,0,0,1,1,E01002510,03-03-2018,2,1,1,2,33,6,3,0,0,0,0,-1,5,1
22954,77.61418722,12.99205965,1,3,2,1,1,01:20,28,E09000005,3,4006,6,30,3,4,5,0,0,0,4,1,1,0,0,1,1,E01000542,20-11-2018,1,1,1,1,23,5,3,0,0,0,0,-1,1,1
22955,77.56003089,13.03503244,1,3,2,2,2,22:20,26,E09000017,5,0,6,30,3,2,6,0,0,0,4,1,1,0,0,1,3,E01002497,14-03-2018,1,1,1,1,41,7,3,0,0,0,0,-1,5,1
22956,77.58522569,13.0333976,1,3,2,1,6,02:15,26,E09000017,3,4,3,40,6,2,3,4,0,5,4,1,1,0,0,1,3,E01002443,11-03-2018,1,1,3,1,52,8,3,7,9,0,0,-1,0,1
22957,77.51643525,12.99637108,1,3,2,1,1,16:05,26,E09000017,6,0,1,30,2,4,6,0,0,0,1,1,1,0,0,1,1,E01002468,13-03-2018,1,1,1,2,24,5,3,0,0,0,0,-1,9,-1
22958,77.66071755,12.96887424,1,3,2,2,3,07:45,26,E09000017,3,4180,6,30,3,4,6,0,0,0,1,2,2,0,0,1,1,E01002465,22-03-2018,1,1,1,1,27,6,3,0,0,0,0,-1,3,-1
22959,77.51812493,13.03600984,1,3,2,1,4,17:05,26,E09000017,5,0,1,30,2,4,5,0,0,0,1,1,1,0,0,1,1,E01002407,09-02-2018,1,1,1,1,30,6,3,0,0,0,0,-1,3,1
22960,77.62867939,12.9722463,1,3,2,1,5,14:10,26,E09000017,3,408,6,30,0,-1,-1,0,0,0,1,1,1,0,0,1,1,E01002523,10-03-2018,2,1,1,1,25,5,2,0,0,0,0,-1,3,-1
22961,77.65390163,13.02098596,1,3,1,1,7,10:20,26,E09000017,3,4020,6,30,0,-1,-1,0,0,0,1,1,1,0,0,1,3,E01002414,19-03-2018,2,1,1,1,47,8,3,0,0,0,0,-1,9,1
22962,77.57425877,13.02456417,1,3,2,1,4,10:25,26,E09000017,3,408,3,40,6,2,3,408,0,5,1,1,1,0,0,1,1,E01002486,23-03-2018,1,1,1,1,31,6,3,0,0,0,0,-1,11,1
22963,77.51924775,12.99348948,1,3,2,1,1,19:15,26,E09000017,3,40,3,70,0,-1,-1,0,0,0,4,1,1,0,0,1,3,E01002499,20-03-2018,1,1,1,1,24,5,3,0,0,0,0,-1,9,1
22964,77.66623044,13.02034382,1,3,2,1,7,23:40,26,E09000017,5,0,6,30,3,4,6,0,0,0,4,1,1,0,0,1,1,E01002424,05-03-2018,2,1,2,1,17,4,3,0,0,1,0,-1,9,-1
22965,77.52549066,13.005416,1,3,2,1,2,14:11,26,E09000017,6,0,6,30,0,-1,-1,0,0,0,1,1,1,0,0,1,1,E01002434,14-03-2018,2,1,1,1,17,4,3,0,0,0,0,-1,1,1
22966,77.6019053,13.03945764,1,3,2,1,3,07:00,26,E09000017,1,4,3,50,0,-1,-1,0,0,0,1,1,1,0,0,1,1,E01002447,15-03-2018,1,1,1,1,19,4,3,0,0,0,0,-1,4,1
22967,77.63212736,13.04365092,1,3,2,1,1,13:09,26,E09000017,6,0,6,30,3,4,6,0,0,0,1,1,1,0,0,1,2,E01002526,20-02-2018,1,2,3,2,34,6,3,4,1,0,0,-1,0,-1
22968,77.63795687,13.02232966,1,3,1,1,7,01:38,26,E09000017,5,0,6,40,0,-1,-1,0,0,0,6,7,2,0,0,2,1,E01002439,19-03-2018,1,3,3,1,2,1,3,4,1,0,0,-1,0,-1
22969,77.59223939,12.99994299,1,3,2,1,3,11:55,26,E09000017,5,0,6,30,3,4,6,0,0,0,1,2,2,0,0,1,1,E01002507,22-03-2018,2,1,1,1,20,4,3,0,0,0,0,-1,1,1
22970,77.53147411,13.0063134,1,3,2,1,5,11:52,26,E09000017,6,0,6,30,1,4,6,0,0,0,1,3,2,0,0,1,1,E01002399,24-02-2018,2,1,1,1,19,4,3,0,0,0,0,-1,1,1
22971,77.63739816,12.98081072,1,3,2,1,7,16:34,26,E09000017,4,466,6,30,3,4,6,0,0,0,1,1,2,0,0,1,1,E01002536,26-03-2018,1,1,1,2,40,7,3,0,0,0,0,-1,9,1
22972,77.57342655,12.96777494,1,3,1,1,5,08:15,26,E09000017,5,0,6,30,0,-1,-1,0,0,0,1,1,1,0,0,1,1,E01002408,31-03-2018,1,1,1,2,33,6,3,0,0,0,0,-1,3,1