Accident_Index,longitude,latitude,Police_Force,Accident_Severity,Number_of_Vehicles,Number_of_Casualties,Day_of_Week,Time,Local_Authority_(District),Local_Authority_(Highway),1st_Road_Class,1st_Road_Number,Road_Type,Speed_limit,Junction_Detail,Junction_Control,2nd_Road_Class,2nd_Road_Number,Pedestrian_Crossing-Human_Control,Pedestrian_Crossing-Physical_Facilities,Light_Conditions,Weather_Conditions,Road_Surface_Conditions,Special_Conditions_at_Site,Carriageway_Hazards,Urban_or_Rural_Area,Did_Police_Officer_Attend_Scene_of_Accident,LSOA_of_Accident_Location,Date,Vehicle_Reference,Casualty_Reference,Casualty_Class,Sex_of_Casualty,Age_of_Casualty,Age_Band_of_Casualty,Casualty_Severity,Pedestrian_Location,Pedestrian_Movement,Car_Passenger,Bus_or_Coach_Passenger,Pedestrian_Road_Maintenance_Worker,Casualty_Type,Casualty_Home_Area_Type
22973,77.51968143,12.97443589,1,3,2,1,5,10:05,26,E09000017,4,467,6,30,3,4,4,466,0,1,1,1,1,0,0,1,1,E01002460,31-03-2018,1,1,1,2,72,10,3,0,0,0,0,-1,9,1
22974,77.65456158,12.96758266,1,3,2,1,6,01:40,26,E09000017,3,4,3,40,6,2,3,437,0,5,4,1,1,0,0,1,1,E01002443,11-03-2018,1,1,1,1,37,7,3,0,0,0,0,-1,9,1
22975,77.56684527,12.96691919,1,3,2,1,4,09:35,26,E09000017,5,0,6,30,8,4,6,0,0,0,1,1,1,0,0,1,1,E01002507,23-03-2018,1,1,1,1,31,6,3,0,0,0,0,-1,9,1
22976,77.62087213,13.03564282,1,2,3,3,2,00:45,26,E09000017,6,0,6,30,0,-1,-1,0,0,0,4,1,1,0,0,1,1,E01002482,04-04-2018,1,2,2,2,29,6,3,0,0,1,0,-1,9,1
22977,77.6189383,13.04626033,1,3,3,1,5,07:30,26,E09000017,3,4180,6,30,3,4,6,0,0,0,1,2,2,0,0,1,1,E01002499,24-03-2018,2,3,1,2,34,6,3,0,0,0,0,-1,9,1
22978,77.58196406,13.02695577,1,3,2,1,2,13:50,26,E09000017,3,3044,1,30,1,4,3,408,0,0,1,1,1,0,0,2,3,E01002446,14-03-2018,2,1,1,1,-1,-1,3,0,0,0,0,-1,1,-1
22979,77.66028343,12.97832212,1,3,2,1,5,07:15,26,E09000017,3,408,6,30,3,4,6,0,0,0,1,1,1,0,0,1,1,E01002554,31-03-2018,1,1,1,1,57,9,3,0,0,0,0,-1,3,1
22980,77.53011395,13.03390987,1,2,2,2,7,22:21,26,E09000017,3,437,6,30,6,2,4,465,0,5,4,2,2,0,0,1,1,E01002549,26-03-2018,2,2,1,1,43,7,3,0,0,0,0,-1,9,1
22981,77.63577156,12.9957902,1,3,2,1,7,11:15,26,E09000017,5,0,1,30,1,4,5,0,0,0,1,1,1,0,0,1,3,E01002468,12-03-2018,1,1,3,2,45,7,3,9,5,0,0,-1,0,1
22982,77.64651264,13.00007769,1,3,2,1,2,10:30,26,E09000017,5,0,2,30,3,4,6,0,0,0,1,1,1,0,0,1,3,E01002407,28-03-2018,1,2,3,2,49,8,3,9,5,0,0,-1,0,1
22983,77.58659007,12.99473123,1,3,1,1,4,08:47,26,E09000017,6,0,6,30,0,-1,-1,0,0,0,1,1,1,0,0,1,1,E01002491,16-03-2018,2,1,1,1,28,6,3,0,0,0,0,-1,1,1
22984,77.63816686,12.98881106,1,3,2,3,4,18:52,26,E09000017,4,466,6,30,0,-1,-1,0,0,0,4,2,2,0,0,1,1,E01002537,16-03-2018,1,1,1,1,29,6,3,0,0,0,0,-1,9,-1
22985,77.64317309,13.03450756,1,3,3,1,4,14:31,25,E09000018,3,312,3,50,0,-1,-1,0,0,0,1,1,1,0,0,1,1,E01002637,30-03-2018,1,1,1,2,20,4,3,0,0,0,0,-1,9,-1
22986,77.5780271,13.02512393,1,3,2,1,3,07:10,26,E09000017,3,312,3,40,0,-1,-1,0,0,0,1,2,2,0,0,1,3,E01002507,22-03-2018,1,2,2,2,7,2,3,0,0,1,0,-1,9,1
22987,77.57416526,12.99108684,1,3,2,1,6,20:25,26,E09000017,3,4180,1,30,2,4,5,0,0,0,4,1,1,0,0,1,1,E01002538,01-04-2018,2,1,1,2,33,6,3,0,0,0,0,-1,9,1
22988,77.52368878,13.02349117,1,3,2,1,5,09:35,26,E09000017,3,408,6,30,0,-1,-1,0,0,0,1,1,2,0,0,1,1,E01002554,31-03-2018,1,1,1,1,20,4,3,0,0,0,0,-1,3,1
22989,77.60070699,13.03513738,1,3,1,1,5,05:47,26,E09000017,6,0,6,30,0,-1,-1,0,0,0,4,7,2,0,0,1,1,E01002400,31-03-2018,2,1,1,1,30,6,3,0,0,0,0,-1,9,1
22990,77.52994622,12.98651615,1,3,2,1,6,16:30,26,E09000017,3,4,3,40,0,-1,-1,0,0,0,1,1,1,0,0,1,2,E01002447,01-04-2018,2,1,1,2,16,4,3,0,0,0,0,-1,3,1
22991,77.63451934,12.98747649,1,3,2,1,4,05:30,26,E09000017,3,4020,3,30,6,2,5,0,0,5,4,2,2,1,0,1,1,E01002505,30-03-2018,1,1,3,1,22,5,3,10,9,0,0,-1,0,3
22992,77.5964538,12.97663105,1,3,2,1,1,21:15,26,E09000017,3,4180,6,30,0,-1,-1,0,0,0,4,1,1,0,0,2,2,E01002538,03-04-2018,1,1,3,2,17,4,3,5,2,0,0,-1,0,-1
22993,77.5542946,12.99859175,1,3,1,1,1,17:02,26,E09000017,3,4020,3,40,0,-1,-1,0,0,0,1,1,1,0,0,1,1,E01002400,03-04-2018,2,1,1,1,34,6,2,0,0,0,0,-1,3,1
22994,77.66752112,12.98585093,1,3,3,2,4,12:30,26,E09000017,3,4020,3,40,0,-1,-1,0,0,1,1,2,2,0,0,1,1,E01002521,06-04-2018,1,1,3,2,55,8,3,6,9,0,0,-1,0,1
22995,77.55203546,13.04137733,1,2,1,1,4,14:13,26,E09000017,5,0,6,30,0,-1,-1,0,0,0,1,1,1,0,0,1,1,E01002497,06-04-2018,1,1,3,1,12,3,3,5,9,0,0,-1,0,1
22996,77.51076504,13.02663577,1,3,1,2,3,18:00,26,E09000017,5,0,6,30,0,-1,-1,0,0,0,1,1,1,0,0,1,1,E01002497,05-04-2018,2,1,1,2,41,7,2,0,0,0,0,-1,9,1
22997,77.52607459,13.00107703,1,3,1,1,7,16:00,26,E09000017,6,0,6,30,0,-1,-1,0,0,0,1,1,1,0,0,1,2,E01002540,09-04-2018,1,1,1,1,52,8,3,0,0,0,0,-1,1,1
22998,77.64313786,13.00043709,1,3,2,1,3,17:20,26,E09000017,5,0,6,30,0,-1,-1,0,0,0,1,1,1,0,0,1,2,E01002466,05-04-2018,1,1,1,1,34,6,3,0,0,0,0,-1,9,1
22999,77.63217511,13.04355066,1,3,1,1,5,18:30,26,E09000017,6,0,6,30,0,-1,-1,0,0,0,1,1,1,0,0,1,3,E01002423,17-03-2018,1,1,1,1,61,9,2,0,0,0,0,-1,9,1
23000,77.60868456,13.01004579,1,3,1,1,2,13:17,26,E09000017,3,4,3,40,0,-1,-1,0,0,0,1,8,2,0,0,1,1,E01002443,04-04-2018,2,2,1,1,35,6,2,0,0,0,0,-1,9,1
23001,77.53699199,12.97982614,1,3,2,1,5,17:35,26,E09000017,3,408,6,30,3,4,6,0,0,0,1,1,1,0,0,1,1,E01002519,24-03-2018,1,1,1,1,41,7,3,0,0,0,0,-1,11,1
23002,77.59087565,13.00044977,1,3,2,2,5,13:12,26,E09000017,5,0,6,30,8,4,6,0,0,0,1,1,2,0,0,1,1,E01002412,07-04-2018,1,2,2,2,74,10,2,0,0,0,4,-1,11,-1
23003,77.51952283,12.99753228,1,3,2,1,3,12:50,26,E09000017,3,4180,1,30,1,4,3,4180,0,0,1,1,1,0,0,1,2,E01002499,05-04-2018,1,1,1,1,22,5,2,0,0,0,0,-1,9,1
23004,77.5726659,12.98446998,1,3,3,1,5,20:10,26,E09000017,4,466,6,30,0,-1,-1,0,0,0,4,1,1,0,0,1,1,E01002436,31-03-2018,1,2,2,2,26,6,2,0,0,1,0,-1,9,1
23005,77.62107415,13.01211623,1,3,2,1,2,18:42,26,E09000017,4,466,6,30,6,4,6,0,0,0,1,1,1,0,0,1,1,E01002460,11-04-2018,1,3,2,2,21,5,2,0,0,2,0,-1,9,1
23006,77.54342925,12.97534138,1,3,2,1,6,15:12,26,E09000017,5,0,6,30,1,4,5,0,0,0,1,2,2,0,0,1,1,E01002405,15-04-2018,2,1,1,1,18,4,3,0,0,0,0,-1,3,1
23007,77.53238646,12.98817034,1,3,1,1,3,14:55,26,E09000017,6,0,6,30,0,-1,-1,0,0,0,1,1,1,0,0,1,1,E01002433,12-04-2018,3,1,1,1,51,8,3,0,0,0,0,-1,9,1
23008,77.67666718,13.01626992,1,3,1,1,2,15:22,26,E09000017,3,4180,6,30,0,-1,-1,0,0,0,1,1,1,0,0,1,1,E01002535,11-04-2018,1,1,1,1,46,8,3,0,0,0,0,-1,9,1
23009,77.5730459,13.01618695,1,3,2,2,2,07:50,26,E09000017,6,0,6,30,6,4,6,0,0,0,1,1,1,0,0,1,1,E01002491,11-04-2018,1,1,1,1,46,8,3,0,0,0,0,-1,19,1
23010,77.66616836,13.01446252,1,3,1,1,5,15:30,26,E09000017,5,0,6,30,3,4,6,0,0,1,1,2,2,0,0,1,1,E01002503,07-04-2018,1,1,1,1,61,9,3,0,0,0,0,-1,19,1
23011,77.66070631,13.03210674,1,3,2,1,1,12:30,26,E09000017,3,4180,1,30,1,4,3,4180,0,0,1,1,1,0,0,1,2,E01002535,01-05-2018,2,2,1,1,42,7,2,0,0,0,0,-1,9,1
23012,77.58220734,12.9699475,1,3,2,1,6,11:02,26,E09000017,3,4,3,40,5,4,3,4,0,0,1,1,1,0,0,1,1,E01002443,18-03-2018,2,1,1,1,43,7,2,0,0,0,0,-1,2,1
23013,77.57658692,13.0444418,1,3,2,2,1,08:15,26,E09000017,3,408,1,30,1,4,5,0,0,0,1,1,1,0,0,1,1,E01002528,17-04-2018,1,1,1,1,58,9,3,0,0,0,0,-1,9,1
23014,77.52361925,12.99323054,1,3,2,2,7,06:59,26,E09000017,3,3113,1,30,1,2,3,3044,0,5,1,1,1,0,0,2,1,E01002444,26-03-2018,1,1,1,2,34,6,3,0,0,0,0,-1,9,1
23015,77.55697964,12.97029133,1,3,2,1,3,17:45,26,E09000017,5,0,6,30,2,4,6,0,0,0,1,1,1,0,0,1,2,E01002529,05-04-2018,1,1,1,1,41,7,3,0,0,0,0,-1,9,3
23016,77.55562469,13.03653667,1,3,2,1,2,19:05,26,E09000017,3,437,6,30,0,-1,-1,0,0,0,1,1,1,0,0,1,1,E01002451,18-04-2018,1,1,1,2,44,7,3,0,0,0,0,-1,9,1
23017,77.60905426,13.01692887,1,3,2,1,6,12:50,26,E09000017,1,4,1,30,1,4,1,4,0,0,1,1,1,0,0,1,1,E01002446,29-04-2018,2,2,1,1,72,10,3,0,0,0,0,-1,9,1
23018,77.66680615,12.97607542,1,3,2,1,1,16:40,26,E09000017,6,0,6,30,6,4,6,0,0,0,1,1,1,0,0,1,1,E01002406,17-04-2018,1,1,1,1,41,7,3,0,0,0,0,-1,9,-1
23019,77.54247932,13.01162192,1,3,3,1,2,16:47,26,E09000017,3,4020,3,40,3,2,5,0,0,5,1,1,1,0,0,1,1,E01002510,18-04-2018,1,1,1,2,40,7,3,0,0,0,0,-1,9,-1
23020,77.58784678,13.02042858,1,3,2,1,4,15:15,26,E09000017,5,0,6,30,3,4,6,0,0,0,1,1,1,0,0,1,2,E01002422,20-04-2018,1,1,1,1,33,6,3,0,0,0,0,-1,9,1
23021,77.67121837,13.00577503,1,2,3,1,7,19:20,26,E09000017,6,0,6,30,0,-1,-1,0,0,0,1,1,1,0,0,1,1,E01002503,16-04-2018,1,1,1,1,57,9,3,0,0,0,0,-1,9,1
23022,77.64513857,12.99901101,1,3,1,1,4,05:41,26,E09000017,1,4,7,70,5,4,6,0,0,0,1,1,2,0,0,2,1,E01002527,27-04-2018,1,1,2,2,-1,-1,3,0,0,0,4,-1,11,1
23023,77.62317702,13.0401231,1,3,2,2,4,13:36,26,E09000017,5,0,6,30,3,4,6,0,0,0,1,1,1,0,0,1,1,E01002505,20-04-2018,1,2,2,2,-1,-1,3,0,0,0,4,-1,11,1
23024,77.59187764,13.01214398,1,3,1,1,7,12:30,26,E09000017,6,0,6,30,3,4,6,0,0,0,1,1,1,0,0,1,1,E01002447,30-04-2018,1,1,1,1,21,5,3,0,0,0,0,-1,9,1
23025,77.53104886,13.02717158,1,3,2,2,1,17:05,26,E09000017,3,4180,6,30,6,2,5,0,0,5,1,1,1,0,0,1,1,E01002535,01-05-2018,1,1,1,1,23,5,3,0,0,0,0,-1,9,1
23026,77.67009029,12.99028236,1,3,2,1,6,12:45,26,E09000017,6,0,6,30,0,-1,-1,0,0,0,1,1,1,0,0,1,1,E01002554,22-04-2018,1,1,2,2,49,8,3,0,0,0,3,-1,11,1
23027,77.60448801,12.9816897,1,3,2,1,3,05:45,26,E09000017,3,437,6,30,3,4,3,437,0,0,1,1,1,0,0,1,1,E01002405,10-05-2018,1,1,1,1,51,8,3,0,0,0,0,-1,9,1
23028,77.65398341,13.02368619,1,3,2,1,6,10:25,26,E09000017,5,0,6,30,3,4,6,0,0,0,1,1,1,0,0,1,1,E01002419,29-04-2018,1,1,1,1,39,7,3,0,0,0,0,-1,9,1
23029,77.55979003,13.01173386,1,3,1,1,6,19:06,26,E09000017,3,4020,3,30,3,4,6,0,0,0,1,1,1,0,0,1,1,E01002505,22-04-2018,1,1,1,1,33,6,2,0,0,0,0,-1,9,1
23030,77.54264077,12.99520206,1,3,2,1,4,11:50,26,E09000017,6,0,6,30,3,4,6,0,0,0,1,2,2,0,0,1,1,E01002497,30-03-2018,1,2,2,2,27,6,3,0,0,1,0,-1,9,1
23031,77.5515909,13.00255911,1,3,1,2,2,19:30,26,E09000017,4,467,7,30,5,4,4,467,0,1,1,1,1,0,0,2,1,E01002512,02-05-2018,2,3,2,1,19,4,3,0,0,1,0,-1,9,1
23032,77.53174097,13.00403197,1,3,2,1,7,19:51,26,E09000017,5,0,6,30,6,2,6,0,0,5,4,1,1,1,0,1,1,E01002426,23-04-2018,2,4,1,2,18,4,3,0,0,0,0,-1,9,-1
23033,77.64954075,13.03574465,1,2,1,2,2,21:35,26,E09000017,5,0,6,30,0,-1,-1,0,0,0,4,1,1,0,0,1,1,E01002538,02-05-2018,1,1,2,1,26,6,3,0,0,0,3,-1,11,1
23034,77.55385176,13.01402375,1,3,2,1,2,18:00,26,E09000017,5,0,1,30,1,4,5,0,0,0,1,1,1,0,0,1,2,E01002496,16-05-2018,1,1,1,1,28,6,3,0,0,0,0,-1,9,1
23035,77.6003995,13.03403847,1,3,2,1,5,17:11,26,E09000017,5,0,6,30,3,4,6,0,0,0,1,1,1,0,0,1,1,E01002422,12-05-2018,2,1,1,1,44,7,3,0,0,0,0,-1,9,2
23036,77.65942764,12.97533345,1,3,2,3,2,19:25,26,E09000017,5,0,6,30,6,4,6,0,0,0,1,1,1,0,0,1,1,E01002396,02-05-2018,1,1,3,2,70,10,3,1,3,0,0,-1,0,1
23037,77.62402553,12.99589279,1,3,2,2,7,10:05,26,E09000017,1,25,3,40,0,-1,-1,0,0,0,1,1,1,0,0,2,1,E01002444,07-05-2018,2,1,1,1,20,4,3,0,0,0,0,-1,3,-1
23038,77.55115594,12.99010089,1,3,2,1,4,18:00,26,E09000017,3,4,3,30,6,2,3,408,0,5,1,1,1,0,0,1,1,E01002447,27-04-2018,1,1,3,1,32,6,3,9,5,0,0,-1,0,1
23039,77.58901464,12.9716326,1,3,2,2,6,17:55,26,E09000017,5,0,6,30,0,-1,-1,0,0,0,1,1,1,0,0,1,1,E01002412,13-05-2018,1,1,3,1,17,4,3,1,3,0,0,-1,0,1
23040,77.64471018,12.98217208,1,3,2,1,3,18:00,26,E09000017,3,408,6,30,6,2,5,0,0,5,1,1,1,0,0,1,2,E01002528,12-04-2018,1,1,3,1,50,8,3,4,1,0,0,-1,0,-1
23041,77.54521576,12.99261308,1,3,2,2,1,07:00,26,E09000017,4,466,6,30,0,-1,-1,0,0,0,1,1,1,0,0,2,3,E01002463,27-03-2018,1,1,2,1,61,9,3,0,0,1,0,-1,9,1
23042,77.53619211,12.99343934,1,3,1,1,3,16:10,26,E09000017,5,0,1,30,1,4,6,0,0,0,1,2,2,0,0,1,1,E01002513,19-04-2018,1,1,1,1,-1,-1,3,0,0,0,0,-1,9,-1
23043,77.63943926,12.98166045,1,3,2,1,6,11:00,26,E09000017,3,404,6,30,3,4,3,4125,0,0,1,1,1,0,0,1,1,E01002474,29-04-2018,1,2,2,2,-1,-1,3,0,0,1,0,-1,9,-1
23044,77.58745776,13.04034298,1,3,2,1,7,16:45,26,E09000017,3,312,7,30,5,4,6,0,0,0,1,1,1,0,0,1,1,E01002505,23-04-2018,2,1,1,1,36,7,3,0,0,0,0,-1,9,1
23045,77.58018542,12.97698754,1,3,2,1,1,01:38,26,E09000017,3,4180,1,30,1,4,3,40,0,0,4,1,1,0,0,1,1,E01002499,24-04-2018,1,1,1,1,19,4,3,0,0,0,0,-1,9,1
23046,77.56594289,12.99062009,1,3,2,1,4,19:05,26,E09000017,3,4020,3,40,3,2,5,0,0,5,1,1,1,0,0,1,1,E01002414,27-04-2018,1,1,1,1,26,6,3,0,0,0,0,-1,9,1
23047,77.65169135,13.02778248,1,3,2,1,3,14:16,26,E09000017,1,4,1,30,1,4,1,4,0,0,1,1,1,0,0,1,2,E01002446,10-05-2018,2,1,1,2,38,7,3,0,0,0,0,-1,9,1
23048,77.58913012,13.00571892,1,3,2,1,4,19:00,26,E09000017,6,0,6,30,0,-1,-1,0,0,0,1,1,1,0,0,1,2,E01002503,18-05-2018,1,1,1,1,43,7,3,0,0,0,0,-1,9,1
23049,77.61580207,13.04415163,1,3,1,1,6,12:36,26,E09000017,3,4020,3,40,0,-1,-1,0,0,0,1,1,1,0,0,1,1,E01002414,15-04-2018,1,1,1,2,40,7,3,0,0,0,0,-1,9,1
23050,77.52542278,13.04303501,1,3,1,1,6,12:30,26,E09000017,3,408,3,30,0,-1,-1,0,0,0,1,2,2,0,0,1,1,E01002524,15-04-2018,1,1,1,2,25,5,3,0,0,0,0,-1,9,1
23051,77.58809057,12.97291723,1,3,1,1,2,07:37,26,E09000017,5,0,6,30,1,4,6,0,0,0,1,8,2,6,0,1,1,E01002461,18-04-2018,2,1,1,1,24,5,3,0,0,0,0,-1,3,1
23052,77.64455883,13.00218555,1,3,2,1,4,18:55,26,E09000017,6,0,6,30,0,-1,-1,0,0,0,1,1,1,0,0,1,1,E01002454,20-04-2018,2,1,1,1,57,9,3,0,0,0,0,-1,9,1
23053,77.59955219,13.0018503,1,3,2,1,4,17:50,26,E09000017,1,4,1,30,1,4,1,4,0,0,1,1,1,0,0,1,1,E01002447,04-05-2018,2,2,2,2,49,8,3,0,0,1,0,-1,9,1
23054,77.54824797,12.97849511,1,3,2,1,6,14:50,26,E09000017,3,4020,3,40,3,2,5,0,0,5,1,1,1,0,0,1,1,E01002401,13-05-2018,1,1,2,2,6,2,3,0,0,2,0,-1,9,-1
23055,77.63513114,13.00152112,1,3,2,1,6,09:30,26,E09000017,5,0,6,30,6,2,5,0,0,5,1,1,1,0,0,1,1,E01002417,27-05-2018,1,3,1,2,27,6,3,0,0,0,0,-1,9,-1
23056,77.65335724,13.03441541,1,3,1,1,1,21:30,26,E09000017,6,0,6,30,0,-1,-1,0,0,0,4,1,1,0,0,1,1,E01002525,15-05-2018,2,2,1,2,19,4,3,0,0,0,0,-1,9,1
23057,77.65200407,12.97540584,1,3,1,1,4,06:35,26,E09000017,3,437,6,30,0,-1,-1,0,0,0,1,1,1,0,0,1,1,E01002405,25-05-2018,1,1,3,2,57,9,3,4,1,0,0,-1,0,-1
23058,77.58098876,13.00524067,1,3,2,1,5,19:05,26,E09000017,3,437,6,30,0,-1,-1,0,0,0,1,1,1,0,0,1,1,E01002489,05-05-2018,1,1,1,1,37,7,3,0,0,0,0,-1,1,1
23059,77.65123359,12.99579749,1,3,4,1,1,12:00,26,E09000017,1,25,3,40,0,-1,-1,0,0,0,1,1,1,4,0,2,1,E01002444,08-05-2018,2,1,2,2,34,6,3,0,0,1,0,-1,9,-1
23060,77.64790671,13.02560537,1,3,2,1,4,08:20,26,E09000017,5,0,6,30,0,-1,-1,0,0,1,1,1,1,0,0,1,2,E01002470,20-04-2018,1,1,1,1,19,4,3,0,0,0,0,-1,9,1
23061,77.52049041,12.98237923,1,3,2,2,2,20:05,26,E09000017,6,0,6,30,3,4,6,0,0,0,4,1,1,0,0,1,1,E01002538,09-05-2018,1,1,3,2,18,4,2,6,9,0,0,-1,0,-1
23062,77.63262835,13.03697534,1,3,2,1,1,16:20,26,E09000017,3,40,3,60,0,-1,-1,0,0,0,1,1,1,0,0,2,2,E01002512,10-04-2018,1,1,1,1,41,7,3,0,0,0,0,-1,1,1
23063,77.5476673,13.04246809,1,3,2,1,7,21:55,26,E09000017,3,437,6,30,6,2,3,437,0,5,4,1,1,0,0,1,1,E01002407,14-05-2018,1,1,3,2,40,7,3,9,5,0,0,-1,0,1
23064,77.64588905,12.97843136,1,3,1,1,2,11:02,26,E09000017,5,0,6,40,0,-1,-1,0,0,0,1,2,2,0,0,1,1,E01002396,25-04-2018,1,1,2,2,3,1,3,0,0,0,4,-1,11,1
23065,77.59434866,13.04206674,1,3,2,1,2,22:37,26,E09000017,3,408,1,30,1,2,3,408,0,5,4,1,1,0,0,1,1,E01002446,25-04-2018,1,1,1,2,24,5,3,0,0,0,0,-1,9,1
23066,77.57527029,13.0152683,1,3,2,1,1,14:25,26,E09000017,3,40,3,70,0,-1,-1,0,0,0,1,1,1,0,0,1,1,E01002499,08-05-2018,2,2,2,1,13,3,3,0,0,1,0,-1,9,1
23067,77.57800694,13.01687048,1,3,3,1,5,18:52,26,E09000017,5,0,6,30,0,-1,-1,0,0,0,1,1,1,0,0,1,1,E01002417,12-05-2018,1,1,3,2,24,5,3,9,5,0,0,-1,0,-1
23068,77.60152844,12.9893493,1,3,1,1,3,15:40,26,E09000017,5,0,6,30,0,-1,-1,0,0,0,1,1,1,0,0,1,1,E01002514,03-05-2018,1,1,1,2,84,11,3,0,0,0,0,-1,9,-1
23069,77.5685859,13.00702901,1,3,1,1,4,13:15,26,E09000017,5,0,1,30,1,4,5,0,0,0,1,2,2,0,0,1,1,E01002496,27-04-2018,1,1,1,1,-1,-1,3,0,0,0,0,-1,4,1
23070,77.52294794,12.99512983,1,3,2,1,3,17:05,26,E09000017,6,0,6,30,3,4,6,0,0,1,1,1,1,0,0,1,1,E01002518,26-04-2018,1,1,1,1,50,8,3,0,0,0,0,-1,9,-1
23071,77.66100508,12.99591594,1,3,1,1,4,15:46,26,E09000017,3,4020,7,30,3,4,5,0,0,0,1,1,1,0,0,1,1,E01002423,11-05-2018,1,1,1,1,20,4,3,0,0,0,0,-1,1,1
23072,77.60580744,13.01055553,1,3,2,1,2,13:00,26,E09000017,1,25,3,40,0,-1,-1,0,0,0,1,1,1,0,0,2,1,E01002444,25-04-2018,1,1,1,1,45,7,3,0,0,0,0,-1,9,-1
23073,77.52767325,13.02980995,1,2,2,2,4,18:37,26,E09000017,5,0,6,40,3,4,6,0,0,0,1,1,2,0,0,2,1,E01002533,01-06-2018,1,1,3,1,12,3,3,1,3,0,0,-1,0,1
23074,77.56031848,12.9965837,1,2,2,1,5,08:50,26,E09000017,4,3378,6,30,0,-1,-1,0,0,0,1,1,1,0,0,1,2,E01002444,05-05-2018,2,1,1,2,29,6,3,0,0,0,0,-1,9,-1
23075,77.67293802,12.98615414,1,3,2,1,3,22:40,26,E09000017,3,4180,6,30,6,2,5,0,0,5,4,1,1,0,0,1,2,E01002535,31-05-2018,2,1,1,2,30,6,3,0,0,0,0,-1,9,1
23076,77.67501881,13.01207204,1,2,1,1,7,18:48,26,E09000017,5,0,6,30,0,-1,-1,0,0,0,1,1,1,0,0,1,1,E01002486,07-05-2018,2,1,1,1,30,6,3,0,0,0,0,-1,1,1
23077,77.51074593,13.04149917,1,3,2,1,5,08:15,26,E09000017,5,0,6,30,0,-1,-1,0,0,0,1,1,1,0,0,1,1,E01002399,19-05-2018,1,1,1,1,19,4,3,0,0,0,0,-1,9,-1
23078,77.6199603,13.00192504,1,3,1,1,6,19:00,26,E09000017,5,0,6,30,3,4,6,0,0,0,1,1,1,0,0,2,1,E01002442,13-05-2018,2,2,1,1,45,7,3,0,0,0,0,-1,9,1
23079,77.62425147,12.98799869,1,3,1,1,5,15:30,26,E09000017,5,0,6,30,0,-1,-1,0,0,0,1,1,1,0,0,1,1,E01002414,19-05-2018,1,1,2,1,20,4,3,0,0,1,0,-1,9,1
23080,77.52452413,12.97121924,1,3,2,1,3,12:00,27,E09000009,5,0,6,30,8,4,6,0,0,0,1,1,1,0,0,1,1,E01001317,17-05-2018,1,1,3,2,31,6,3,1,3,0,0,-1,0,1
23081,77.57700381,12.96890083,1,3,2,2,3,08:35,26,E09000017,6,0,1,30,1,4,6,0,0,0,1,2,2,0,0,1,1,E01002398,22-03-2018,1,1,1,1,51,8,3,0,0,0,0,-1,1,1
23082,77.65748291,12.99766677,1,3,2,1,1,13:15,26,E09000017,4,465,6,30,8,4,6,0,0,0,1,1,1,0,0,1,2,E01002549,22-05-2018,1,1,2,2,23,5,3,0,0,1,0,-1,9,1
23083,77.60339489,13.00325755,1,2,1,1,5,18:40,26,E09000017,3,312,1,40,1,2,6,0,0,5,1,1,2,0,0,1,1,E01002505,19-05-2018,1,2,2,2,18,4,3,0,0,2,0,-1,9,1
23084,77.58306185,13.02422935,1,3,2,1,6,17:50,26,E09000017,5,0,6,30,0,-1,-1,0,0,0,1,1,1,0,0,1,1,E01002497,20-05-2018,1,1,1,1,28,6,3,0,0,0,0,-1,9,1
23085,77.60663759,12.96767522,1,3,3,1,3,17:20,26,E09000017,3,408,1,30,1,4,5,0,0,0,1,1,1,0,0,1,2,E01002486,26-04-2018,1,1,1,1,25,5,3,0,0,0,0,-1,3,1
23086,77.59002105,13.02640941,1,3,2,1,5,13:45,26,E09000017,5,0,6,30,0,-1,-1,0,0,4,1,1,1,0,0,1,1,E01002506,26-05-2018,2,1,1,1,48,8,3,0,0,0,0,-1,1,1
23087,77.65389612,13.01101414,1,3,1,1,3,21:35,26,E09000017,5,0,6,30,0,-1,-1,0,0,0,1,1,1,0,0,1,1,E01002406,31-05-2018,1,1,2,1,-1,-1,3,0,0,1,0,-1,9,-1
23088,77.59808484,12.97174718,1,3,2,2,4,23:19,26,E09000017,5,0,6,30,8,4,6,0,0,0,4,1,1,0,0,1,1,E01002424,25-05-2018,1,1,1,2,16,4,2,0,0,0,0,-1,2,1
23089,77.63442497,12.998418,1,2,1,1,1,17:15,26,E09000017,3,4020,3,40,3,4,6,0,0,0,1,1,1,0,0,1,1,E01002427,05-06-2018,2,1,2,2,18,4,3,0,0,2,0,-1,9,1
23090,77.55872088,13.02187286,1,2,2,2,1,12:00,26,E09000017,5,0,6,30,6,2,6,0,0,5,1,1,1,1,0,1,1,E01002397,22-05-2018,2,2,2,2,15,3,3,0,0,1,0,-1,9,1
23091,77.56997507,12.97933015,1,3,2,1,6,18:10,26,E09000017,3,4180,6,30,3,4,6,0,0,0,1,2,2,0,0,1,1,E01002535,20-05-2018,2,1,1,1,17,4,3,0,0,0,0,-1,1,1
23092,77.65194564,13.01058171,1,2,2,5,6,05:30,26,E09000017,3,312,7,30,5,2,6,0,0,5,1,1,1,0,0,1,1,E01002505,27-05-2018,1,1,1,1,34,6,2,0,0,0,0,-1,9,-1
23093,77.54707305,13.03977803,1,3,2,1,5,07:25,26,E09000017,3,312,3,50,0,-1,-1,0,0,0,1,1,1,0,0,1,1,E01002505,26-05-2018,1,2,2,2,26,6,2,0,0,1,0,-1,9,1