Accident_Index,longitude,latitude,Police_Force,Accident_Severity,Number_of_Vehicles,Number_of_Casualties,Day_of_Week,Time,Local_Authority_(District),Local_Authority_(Highway),1st_Road_Class,1st_Road_Number,Road_Type,Speed_limit,Junction_Detail,Junction_Control,2nd_Road_Class,2nd_Road_Number,Pedestrian_Crossing-Human_Control,Pedestrian_Crossing-Physical_Facilities,Light_Conditions,Weather_Conditions,Road_Surface_Conditions,Special_Conditions_at_Site,Carriageway_Hazards,Urban_or_Rural_Area,Did_Police_Officer_Attend_Scene_of_Accident,LSOA_of_Accident_Location,Date,Vehicle_Reference,Casualty_Reference,Casualty_Class,Sex_of_Casualty,Age_of_Casualty,Age_Band_of_Casualty,Casualty_Severity,Pedestrian_Location,Pedestrian_Movement,Car_Passenger,Bus_or_Coach_Passenger,Pedestrian_Road_Maintenance_Worker,Casualty_Type,Casualty_Home_Area_Type
23216,77.67170409,13.00144225,1,3,2,1,2,15:52,26,E09000017,6,0,2,30,8,4,6,0,0,5,1,1,1,0,0,1,2,E01002444,25-07-2018,1,1,2,2,48,8,3,0,0,1,0,-1,9,1
23217,77.66896474,13.02795034,1,3,2,1,3,13:55,26,E09000017,3,4020,3,40,3,4,6,0,0,0,1,4,1,0,0,1,1,E01002508,09-08-2018,1,1,3,2,59,9,3,1,3,0,0,-1,0,1
23218,77.57590924,12.9843561,1,3,1,1,2,18:15,26,E09000017,4,483,6,30,3,4,5,0,0,0,1,1,1,0,0,1,1,E01002515,08-08-2018,1,1,1,1,-1,-1,2,0,0,0,0,-1,9,1
23219,77.59770454,13.02234372,1,3,2,2,6,10:15,26,E09000017,3,4,6,30,3,4,3,408,0,0,1,1,1,0,0,1,1,E01002447,08-07-2018,1,1,1,1,50,8,3,0,0,0,0,-1,9,1
23220,77.62238719,12.99731657,1,3,1,1,5,20:15,26,E09000017,4,465,3,40,6,2,3,4020,0,0,1,1,1,0,0,1,1,E01002423,05-05-2018,3,2,1,2,33,6,3,0,0,0,0,-1,9,1
23221,77.61630124,13.00624712,1,3,1,1,7,12:40,26,E09000017,6,0,6,30,0,-1,-1,0,0,0,1,1,1,0,0,1,1,E01002484,09-07-2018,1,1,1,2,37,7,3,0,0,0,0,-1,9,1
23222,77.63790519,13.04743309,1,3,2,1,2,14:20,26,E09000017,3,404,6,30,0,-1,-1,0,0,0,1,1,1,4,0,1,1,E01002483,20-06-2018,1,1,1,1,56,9,3,0,0,0,0,-1,9,1
23223,77.54524692,13.032328,1,3,2,1,3,11:00,26,E09000017,3,4020,1,30,1,2,3,4020,0,0,1,1,1,0,0,1,1,E01002546,02-08-2018,1,1,1,1,-1,-1,3,0,0,0,0,-1,9,-1
23224,77.5954704,12.97668291,1,3,2,1,3,08:20,26,E09000017,4,466,6,30,3,4,6,0,0,1,1,1,1,0,0,1,1,E01002463,05-07-2018,1,2,2,1,-1,-1,3,0,0,1,0,-1,9,-1
23225,77.55126454,13.04760004,1,3,1,2,5,15:15,26,E09000017,3,40,3,50,0,-1,-1,0,0,0,1,1,1,0,0,1,1,E01002499,14-07-2018,1,1,3,2,69,10,3,5,1,0,0,-1,0,-1
23226,77.58262506,13.03253168,1,3,2,2,3,09:24,26,E09000017,3,4020,3,40,3,4,6,0,0,0,1,1,1,0,0,1,1,E01002455,17-05-2018,1,1,1,2,69,10,3,0,0,0,0,-1,9,1
23227,77.55854964,12.99778989,1,3,1,1,5,22:32,26,E09000017,3,4180,6,30,0,-1,-1,0,0,4,4,1,1,0,0,1,1,E01002467,02-06-2018,1,1,1,1,61,9,3,0,0,0,0,-1,9,1
23228,77.51479415,13.00519668,1,3,4,3,5,12:30,26,E09000017,3,312,3,50,0,-1,-1,0,0,0,1,1,1,0,0,1,1,E01002396,21-07-2018,1,1,2,2,5,1,3,0,0,2,0,-1,9,-1
23229,77.62600086,12.97022225,1,3,2,1,2,18:45,11,E09000013,5,0,6,30,3,4,6,0,0,0,1,1,1,0,0,1,2,E01001851,08-08-2018,1,1,1,1,21,5,3,0,0,0,0,-1,9,3
23230,77.59040158,13.01142711,1,3,2,1,3,16:00,26,E09000017,3,404,6,30,3,4,6,0,0,0,1,1,1,0,0,1,1,E01002475,14-06-2018,1,1,1,2,61,9,3,0,0,0,0,-1,9,1
23231,77.65957533,13.00021648,1,3,2,2,3,21:10,26,E09000017,5,0,6,30,0,-1,-1,0,0,0,4,1,1,0,0,1,1,E01002470,26-07-2018,2,1,1,1,-1,-1,3,0,0,0,0,-1,9,1
23232,77.67891161,13.03220295,1,3,2,1,5,15:30,26,E09000017,6,0,6,30,6,4,6,0,0,0,1,1,1,0,0,1,1,E01002498,21-07-2018,1,1,2,2,44,7,3,0,0,0,4,-1,11,1
23233,77.53533127,13.0129688,1,3,2,1,3,06:43,26,E09000017,5,0,6,30,3,4,6,0,0,0,1,1,1,0,0,1,1,E01002406,09-08-2018,1,1,1,1,67,10,3,0,0,0,0,-1,9,1
23234,77.59588085,13.03378027,1,3,1,1,2,10:24,26,E09000017,3,40,3,70,0,-1,-1,0,0,0,1,2,5,0,0,2,1,E01002463,25-07-2018,2,2,1,1,33,6,3,0,0,0,0,-1,9,1
23235,77.58098439,13.02336512,1,3,2,1,5,19:39,26,E09000017,3,404,6,30,3,4,6,0,0,0,1,1,1,0,0,1,1,E01002478,11-08-2018,2,1,1,2,35,6,3,0,0,0,0,-1,9,1
23236,77.62193738,12.99819086,1,3,2,1,7,23:00,26,E09000017,6,0,6,30,0,-1,-1,0,0,0,4,1,1,0,0,1,1,E01002526,13-08-2018,1,1,3,2,15,3,2,5,1,0,0,-1,0,1
23237,77.59371408,12.97759875,1,3,2,1,7,19:25,26,E09000017,5,0,6,30,8,4,6,0,0,0,4,1,1,0,0,1,1,E01002433,06-08-2018,2,1,1,2,46,8,3,0,0,0,0,-1,9,1
23238,77.5738455,12.9809564,1,2,1,1,1,15:00,26,E09000017,5,0,6,30,0,-1,-1,0,0,0,1,1,1,0,0,1,1,E01002402,07-08-2018,1,1,1,1,21,5,3,0,0,0,0,-1,9,1
23239,77.61786159,12.98160955,1,3,1,1,2,15:20,26,E09000017,6,0,6,30,0,-1,-1,0,0,0,1,1,1,0,0,1,2,E01002486,06-06-2018,2,1,1,2,28,6,3,0,0,0,0,-1,1,1
23240,77.62343139,13.01508282,1,3,2,2,6,21:30,26,E09000017,6,0,6,30,3,4,6,0,0,0,7,1,1,0,0,1,2,E01002466,10-06-2018,1,1,1,1,59,9,2,0,0,0,0,-1,9,1
23241,77.67835187,13.04735818,1,3,2,1,3,15:00,26,E09000017,6,0,6,30,0,-1,-1,0,0,0,1,1,1,0,0,1,1,E01002494,31-05-2018,1,1,2,1,18,4,3,0,0,1,0,-1,9,1
23242,77.61595788,12.99056234,1,3,2,1,3,21:49,26,E09000017,5,0,6,30,2,4,6,0,0,0,1,1,1,0,0,1,1,E01002554,02-08-2018,2,2,1,2,43,7,3,0,0,0,0,-1,9,1
23243,77.58150983,12.97594364,1,3,1,1,2,12:30,26,E09000017,4,467,1,30,1,4,4,467,0,0,1,1,1,0,0,2,1,E01002461,08-08-2018,1,1,2,1,26,6,3,0,0,1,0,-1,9,1
23244,77.62585573,12.97748016,1,3,2,1,2,12:35,26,E09000017,5,0,1,30,1,4,5,0,0,0,1,2,2,0,0,1,2,E01002406,22-08-2018,2,2,1,2,69,10,3,0,0,0,0,-1,9,1
23245,77.62686678,13.03894213,1,3,2,1,3,19:00,26,E09000017,5,0,6,30,3,4,5,0,0,4,1,1,1,0,0,1,2,E01002529,19-07-2018,1,1,1,1,58,9,2,0,0,0,0,-1,9,2
23246,77.53537932,12.97148627,1,3,2,1,3,12:10,26,E09000017,5,0,6,30,3,4,6,0,0,0,1,1,1,0,0,1,1,E01002506,19-07-2018,1,1,1,1,42,7,3,0,0,0,0,-1,9,1
23247,77.57675078,12.98032072,1,3,2,1,5,17:10,26,E09000017,5,0,6,30,2,4,6,0,0,1,1,1,1,0,0,1,2,E01002514,21-07-2018,1,2,2,1,13,3,3,0,0,2,0,-1,9,1
23248,77.62336696,13.01242624,1,3,5,3,4,08:03,26,E09000017,3,40,3,50,0,-1,-1,0,0,0,1,1,1,0,0,1,1,E01002499,10-08-2018,1,3,2,2,37,7,3,0,0,2,0,-1,9,1
23249,77.61061383,12.99523039,1,3,2,1,4,16:00,26,E09000017,3,404,6,30,0,-1,-1,0,0,0,1,1,1,0,0,1,1,E01002483,10-08-2018,1,4,2,2,8,2,3,0,0,2,0,-1,9,1
23250,77.56059248,13.0107601,1,2,2,2,3,14:25,26,E09000017,6,0,6,30,0,-1,-1,0,0,0,1,1,1,0,0,2,1,E01002441,09-08-2018,1,5,2,1,18,4,3,0,0,2,0,-1,9,1
23251,77.63996242,13.02037149,1,3,2,1,3,11:10,26,E09000017,6,0,6,30,0,-1,-1,0,0,0,1,1,1,0,0,1,2,E01002484,05-07-2018,1,6,2,2,16,4,3,0,0,2,0,-1,9,1
23252,77.55979178,12.97540886,1,3,2,1,5,16:00,26,E09000017,5,0,3,30,3,4,6,0,0,0,1,1,1,0,0,1,1,E01002437,11-08-2018,1,1,1,2,45,7,3,0,0,0,0,-1,9,1
23253,77.50989722,12.98666996,1,3,3,1,4,16:50,26,E09000017,1,25,3,40,0,-1,-1,0,0,0,1,1,1,4,0,2,1,E01002444,17-08-2018,2,1,1,1,59,9,3,0,0,0,0,-1,9,3
23254,77.51111179,13.04046029,1,2,1,1,7,07:20,26,E09000017,3,408,3,50,8,2,3,408,0,0,1,1,1,0,0,1,1,E01002528,13-08-2018,1,1,1,2,47,8,3,0,0,0,0,-1,9,1
23255,77.65164872,13.04732314,1,3,2,1,5,08:40,26,E09000017,5,0,6,30,3,4,6,0,0,0,1,1,1,0,0,1,2,E01002470,18-08-2018,1,1,1,1,74,10,3,0,0,0,0,-1,9,1
23256,77.56101069,13.01196313,1,3,1,1,1,23:58,26,E09000017,3,40,3,70,0,-1,-1,0,0,0,4,1,1,0,0,1,1,E01002499,31-07-2018,1,2,2,2,81,11,3,0,0,1,0,-1,9,1
23257,77.62952259,13.04242201,1,2,1,1,6,09:35,26,E09000017,5,0,6,30,3,4,6,0,0,0,1,1,1,0,0,1,1,E01002514,29-07-2018,1,1,2,1,18,4,3,0,0,0,4,-1,11,1
23258,77.67673948,13.03264206,1,3,2,2,1,13:34,26,E09000017,5,0,6,30,8,4,6,0,0,0,1,1,1,0,0,1,1,E01002507,03-07-2018,1,1,1,1,28,6,3,0,0,0,0,-1,1,1
23259,77.50968651,13.03336538,1,3,2,1,6,14:14,26,E09000017,6,0,6,30,0,-1,-1,0,0,0,1,1,1,0,0,1,1,E01002417,12-08-2018,1,1,1,1,21,5,3,0,0,0,0,-1,3,-1
23260,77.60440993,13.0277123,1,3,1,1,1,15:09,26,E09000017,5,0,3,50,5,4,6,0,0,0,1,1,1,0,0,1,1,E01002454,14-08-2018,1,1,3,1,23,5,3,5,1,0,0,-1,0,1
23261,77.51789597,12.99278462,1,3,1,1,5,15:13,26,E09000017,5,0,6,30,3,4,6,0,0,0,1,1,1,0,0,1,1,E01002404,18-08-2018,1,1,1,2,44,7,3,0,0,0,0,-1,9,1
23262,77.52420046,13.00041839,1,3,1,2,6,09:51,26,E09000017,6,0,6,30,3,4,6,0,0,0,1,1,1,0,0,1,1,E01002477,19-08-2018,2,1,1,1,34,6,3,0,0,0,0,-1,1,1
23263,77.6359058,12.99033913,1,3,2,2,6,17:34,26,E09000017,6,0,6,30,0,-1,-1,0,0,0,1,1,1,0,0,1,1,E01002516,19-08-2018,1,1,1,1,50,8,3,0,0,0,0,-1,9,3
23264,77.53907117,13.0064005,1,3,2,1,6,16:35,26,E09000017,6,0,3,30,8,4,6,0,0,5,1,1,1,0,0,1,1,E01002505,19-08-2018,2,2,1,1,37,7,3,0,0,0,0,-1,5,1
23265,77.6503873,12.99291404,1,3,2,1,2,14:50,26,E09000017,5,0,6,30,0,-1,-1,0,0,0,1,2,2,0,0,1,1,E01002412,25-07-2018,1,1,1,1,31,6,3,0,0,0,0,-1,3,1
23266,77.55853793,12.98754942,1,3,2,1,5,17:00,26,E09000017,5,0,6,30,6,2,5,0,0,5,1,1,1,0,0,1,1,E01002470,28-07-2018,1,1,3,2,39,7,3,5,1,0,0,-1,0,1
23267,77.50919094,13.03365163,1,3,2,2,2,21:45,26,E09000017,3,4020,3,40,3,2,6,0,0,5,1,2,2,0,0,1,1,E01002505,22-08-2018,1,1,1,1,23,5,3,0,0,0,0,-1,2,-1
23268,77.65325255,13.03181157,1,3,2,1,6,06:00,26,E09000017,3,4,3,50,6,2,3,3044,0,5,4,2,2,0,0,2,1,E01002444,19-08-2018,1,1,1,1,33,6,3,0,0,0,0,-1,3,-1
23269,77.54318808,12.96766957,1,3,2,1,2,15:16,26,E09000017,6,0,6,30,8,4,6,0,0,0,1,1,1,0,0,2,1,E01002519,08-08-2018,1,1,1,1,40,7,3,0,0,0,0,-1,5,1
23270,77.53012281,12.99911419,1,3,2,2,4,16:25,26,E09000017,6,0,6,30,3,4,6,0,0,0,1,2,2,0,0,1,1,E01002397,24-08-2018,2,1,1,1,19,4,3,0,0,0,0,-1,1,-1
23271,77.63791798,13.04167868,1,3,2,1,6,16:34,26,E09000017,6,0,6,30,3,4,6,0,0,0,1,1,1,0,0,1,1,E01002522,26-08-2018,3,1,1,2,18,4,3,0,0,0,0,-1,9,1
23272,77.67379362,13.01583521,1,3,2,1,6,18:00,26,E09000017,3,4020,6,30,8,4,6,0,0,0,1,1,1,0,0,1,1,E01002505,26-08-2018,1,1,1,2,53,8,3,0,0,0,0,-1,9,1
23273,77.59574929,12.99240044,1,3,2,1,2,08:49,26,E09000017,3,4020,3,30,3,2,5,0,0,5,1,1,1,0,0,1,1,E01002414,29-08-2018,2,2,1,2,17,4,3,0,0,0,0,-1,9,1
23274,77.669097,13.02933135,1,3,2,1,1,15:02,26,E09000017,4,466,1,30,2,4,4,466,0,0,1,1,1,0,0,1,1,E01002435,17-07-2018,1,1,1,1,17,4,3,0,0,0,0,-1,3,-1
23275,77.61276525,13.02472289,1,3,2,1,2,07:41,26,E09000017,3,408,6,30,3,4,6,0,0,0,1,1,1,0,0,1,1,E01002446,25-07-2018,1,1,2,2,24,5,3,0,0,0,0,-1,21,-1
23276,77.56974957,13.0133638,1,3,2,2,4,18:40,26,E09000017,4,472,6,30,3,4,6,0,0,0,1,2,2,0,0,1,1,E01002481,27-07-2018,1,1,1,1,49,8,3,0,0,0,0,-1,9,1
23277,77.55838747,13.04076855,1,3,2,1,3,14:37,25,E09000018,3,312,6,30,0,-1,-1,0,0,0,1,2,2,0,0,1,1,E01002637,06-09-2018,1,1,1,1,34,6,3,0,0,0,0,-1,5,1
23278,77.67274043,13.04196466,1,3,2,1,6,16:45,26,E09000017,3,4180,1,30,2,4,3,4180,0,0,1,1,1,0,0,1,2,E01002535,01-07-2018,1,1,1,1,24,5,3,0,0,0,0,-1,9,1
23279,77.63837364,13.03949986,1,3,2,1,6,07:15,26,E09000017,3,4020,6,30,3,4,5,0,0,0,1,1,1,0,0,1,2,E01002414,16-09-2018,2,2,1,1,32,6,3,0,0,0,0,-1,9,1
23280,77.52451582,13.0349917,1,2,2,1,3,06:50,26,E09000017,5,0,1,30,2,4,5,0,0,0,1,1,1,0,0,1,2,E01002407,09-08-2018,1,1,1,1,20,4,3,0,0,0,0,-1,9,1
23281,77.64332915,12.98653928,1,3,2,1,7,10:27,26,E09000017,3,312,1,30,1,4,5,0,0,0,1,1,1,0,0,1,1,E01002543,03-09-2018,3,2,1,1,40,7,3,0,0,0,0,-1,9,-1
23282,77.59552658,12.96863383,1,3,2,1,6,19:03,26,E09000017,6,0,6,30,3,4,6,0,0,0,4,1,1,0,0,1,1,E01002421,05-08-2018,1,1,1,1,24,5,3,0,0,0,0,-1,9,1
23283,77.66281439,12.97771882,1,3,3,1,7,09:16,26,E09000017,3,404,6,30,3,4,3,404,0,0,1,1,1,0,0,1,1,E01002475,27-08-2018,1,1,1,2,28,6,3,0,0,0,0,-1,9,1
23284,77.52234149,13.02758515,1,3,2,1,3,16:00,26,E09000017,3,437,6,30,6,2,3,312,0,0,1,1,1,0,0,1,2,E01002489,10-05-2018,1,1,1,2,31,6,3,0,0,0,0,-1,3,-1
23285,77.6453364,12.99427854,1,3,2,1,4,16:33,26,E09000017,3,4020,1,30,1,4,4,483,0,0,1,1,1,0,0,1,1,E01002515,07-09-2018,2,1,1,1,33,6,3,0,0,0,0,-1,9,1
23286,77.66519522,12.97373757,1,3,1,1,4,10:29,26,E09000017,6,0,6,30,3,4,6,0,0,0,1,1,1,0,0,1,1,E01002501,14-09-2018,1,2,1,2,19,4,3,0,0,0,0,-1,9,1
23287,77.60410899,13.02197085,1,3,1,1,4,11:20,26,E09000017,5,0,6,30,8,4,6,0,0,0,1,1,1,0,0,1,1,E01002504,14-09-2018,2,1,1,1,34,6,3,0,0,0,0,-1,9,1
23288,77.61857843,13.00009159,1,3,4,1,6,12:23,26,E09000017,3,404,6,30,3,4,3,4125,0,1,1,1,1,0,0,1,1,E01002474,02-09-2018,1,1,1,1,19,4,3,0,0,0,0,-1,9,1
23289,77.67870667,12.96818132,1,3,1,1,6,16:00,26,E09000017,6,0,6,30,0,-1,-1,0,0,0,1,2,2,0,0,1,1,E01002420,09-09-2018,2,1,1,1,-1,-1,3,0,0,0,0,-1,1,-1
23290,77.62637064,13.0080691,1,3,1,1,3,19:22,26,E09000017,5,0,6,30,0,-1,-1,0,0,0,4,1,1,0,0,1,1,E01002468,13-09-2018,2,1,1,1,17,4,3,0,0,0,0,-1,1,1
23291,77.54591813,13.0208069,1,3,2,1,6,08:50,26,E09000017,6,0,6,30,6,4,6,0,0,0,1,1,1,0,0,1,1,E01002399,16-09-2018,1,1,1,1,40,7,3,0,0,0,0,-1,9,1
23292,77.63566527,12.99821215,1,3,1,2,2,00:30,26,E09000017,3,40,1,30,1,4,4,467,0,0,4,1,1,0,0,2,1,E01002461,29-08-2018,1,1,1,1,35,6,3,0,0,0,0,-1,9,1
23293,77.64262888,13.00560307,1,3,2,1,4,12:30,26,E09000017,3,4020,3,40,3,4,6,0,0,0,1,1,1,0,0,1,1,E01002426,07-09-2018,1,1,1,1,44,7,3,0,0,0,0,-1,5,1
23294,77.62249811,13.01166011,1,3,2,1,3,15:18,26,E09000017,3,404,6,30,3,2,4,469,0,0,1,1,1,0,0,1,1,E01002472,13-09-2018,1,1,3,1,8,2,3,1,9,0,0,-1,0,1
23295,77.64368005,12.9871445,1,2,1,1,4,21:30,26,E09000017,3,40,7,50,0,-1,-1,0,0,0,4,1,1,0,0,1,1,E01002499,20-07-2018,2,1,1,2,37,7,3,0,0,0,0,-1,9,1
23296,77.56742995,12.98561845,1,3,1,1,6,23:50,26,E09000017,3,408,6,30,0,-1,-1,0,0,0,4,1,1,0,0,1,1,E01002519,19-08-2018,2,2,2,2,12,3,3,0,0,1,0,-1,9,1
23297,77.58527914,12.99330896,1,3,1,1,3,21:50,26,E09000017,3,4,3,50,0,-1,-1,0,0,4,4,1,1,0,0,1,1,E01002443,27-09-2018,1,1,1,2,76,11,2,0,0,0,0,-1,1,-1
23298,77.59882394,13.00952998,1,3,2,1,3,15:52,26,E09000017,3,408,6,30,1,4,4,465,0,0,1,1,1,0,0,1,1,E01002548,20-09-2018,2,1,1,2,43,7,3,0,0,0,0,-1,9,1
23299,77.53317758,12.97918854,1,3,2,3,3,14:30,26,E09000017,3,4020,6,30,6,2,3,4020,0,5,1,1,1,0,0,1,1,E01002505,06-09-2018,1,1,2,2,-1,-1,3,0,0,0,3,-1,11,-1
23300,77.64156722,13.01922505,1,2,2,1,5,20:18,26,E09000017,5,0,6,30,3,4,6,0,0,0,4,1,1,0,0,2,1,E01002441,11-08-2018,1,1,1,2,18,4,3,0,0,0,0,-1,9,1
23301,77.51010964,13.03475024,1,3,2,1,4,08:14,26,E09000017,5,0,3,40,7,2,3,408,0,0,1,1,1,0,0,1,1,E01002486,07-09-2018,2,2,1,1,24,5,3,0,0,0,0,-1,5,3
23302,77.5308093,12.98628675,1,3,2,1,4,14:48,26,E09000017,3,4020,3,40,6,2,4,465,0,5,1,1,1,0,0,1,1,E01002400,14-09-2018,1,1,1,1,43,7,3,0,0,0,0,-1,9,1
23303,77.55692674,13.02209062,1,3,1,2,7,01:15,26,E09000017,4,466,6,30,2,4,5,0,0,0,4,1,1,0,0,1,1,E01002536,17-09-2018,1,1,1,1,54,8,3,0,0,0,0,-1,9,1
23304,77.55043013,13.02657478,1,2,2,1,3,13:50,26,E09000017,3,4020,3,40,3,4,6,0,0,0,1,1,1,0,0,1,1,E01002410,20-09-2018,1,2,2,2,-1,-1,3,0,0,1,0,-1,9,1
23305,77.62414939,12.9892269,1,3,1,1,6,22:10,26,E09000017,4,472,6,30,3,4,6,0,0,0,4,1,1,0,0,1,1,E01002485,23-09-2018,2,1,1,1,29,6,3,0,0,0,0,-1,9,1
23306,77.53421965,12.97634707,1,3,2,1,4,11:35,26,E09000017,6,0,6,30,3,4,6,0,0,0,1,1,1,0,0,1,1,E01002535,17-08-2018,1,1,1,1,39,7,3,0,0,0,0,-1,9,1
23307,77.52318829,13.02179649,1,3,2,1,6,20:20,26,E09000017,4,466,6,30,3,4,4,472,0,0,1,1,1,0,0,1,1,E01002433,02-09-2018,2,2,1,2,20,4,3,0,0,0,0,-1,9,1
23308,77.51930721,12.99610357,1,3,2,1,5,08:05,26,E09000017,3,3044,6,30,0,-1,-1,0,0,0,1,1,1,0,0,1,1,E01002446,15-09-2018,1,1,3,2,25,5,3,5,1,0,0,-1,0,1
23309,77.57389803,12.97231154,1,3,1,1,2,16:10,26,E09000017,3,437,6,30,0,-1,-1,0,0,0,1,1,1,0,0,1,1,E01002456,26-09-2018,1,1,1,1,36,7,3,0,0,0,0,-1,9,1
23310,77.54102448,12.99618519,1,2,1,1,4,12:30,26,E09000017,6,0,1,30,1,4,6,0,0,0,1,1,1,0,0,1,1,E01002502,24-08-2018,1,3,2,2,-1,-1,3,0,0,1,0,-1,9,1
23311,77.60791898,12.98480783,1,3,2,1,6,20:30,26,E09000017,1,4,7,30,7,2,1,4,0,0,4,1,1,0,0,1,1,E01002446,23-09-2018,2,2,1,1,33,6,3,0,0,0,0,-1,9,1
23312,77.62712379,12.97522807,1,3,1,1,6,13:40,26,E09000017,3,408,6,30,3,2,4,470,0,0,1,1,1,0,0,1,1,E01002517,29-07-2018,1,1,3,1,27,6,2,5,1,0,0,-1,0,-1
23313,77.60160744,13.0427986,1,3,2,1,2,20:36,26,E09000017,3,408,6,30,0,-1,-1,0,0,0,4,1,1,0,0,1,1,E01002413,19-09-2018,1,1,1,1,37,7,3,0,0,0,0,-1,9,1
23314,77.65200883,13.01332882,1,3,2,1,3,06:35,26,E09000017,3,40,3,70,0,-1,-1,0,0,0,1,1,1,0,0,1,1,E01002499,02-08-2018,1,2,2,2,-1,-1,3,0,0,2,0,-1,9,1
23315,77.64639534,12.99876945,1,3,3,1,1,18:42,26,E09000017,3,40,3,70,0,-1,-1,0,0,0,1,1,1,0,0,2,1,E01002464,21-08-2018,1,3,2,1,-1,-1,3,0,0,2,0,-1,9,1
23316,77.64891739,13.01984036,1,3,2,1,6,08:05,26,E09000017,3,4180,6,30,3,4,6,0,0,0,1,2,2,0,0,1,1,E01002495,05-08-2018,1,1,1,1,23,5,3,0,0,0,0,-1,5,1
23317,77.65028857,12.99420156,1,3,3,2,3,05:50,26,E09000017,3,4,3,30,7,2,3,4,0,5,4,1,2,0,0,2,1,E01002444,06-09-2018,1,1,1,1,32,6,2,0,0,0,0,-1,3,1
23318,77.63924417,12.96730252,1,3,2,1,5,18:40,26,E09000017,6,0,6,30,3,4,6,0,0,0,1,1,1,0,0,2,2,E01002519,08-09-2018,2,1,2,2,48,8,3,0,0,1,0,-1,9,1
23319,77.55735061,13.03181159,1,3,1,1,5,15:28,26,E09000017,3,437,6,30,3,4,6,0,0,0,1,1,1,0,0,1,1,E01002405,11-08-2018,1,1,1,2,48,8,3,0,0,0,0,-1,9,1
23320,77.59013861,12.9845303,1,3,1,1,7,14:40,26,E09000017,6,0,6,30,0,-1,-1,0,0,0,1,1,1,0,0,2,1,E01002439,10-09-2018,1,1,1,1,16,4,3,0,0,0,0,-1,2,1
23321,77.61074624,13.00197587,1,3,2,1,5,17:00,26,E09000017,3,437,6,30,3,4,6,0,0,0,1,1,1,0,0,1,2,E01002511,28-07-2018,1,1,2,2,20,4,3,0,0,1,0,-1,9,1
23322,77.64488784,13.02714265,1,3,1,1,4,15:25,26,E09000017,3,437,6,30,0,-1,-1,0,0,0,1,1,1,0,0,1,1,E01002448,07-09-2018,1,1,1,1,44,7,3,0,0,0,0,-1,9,1
23323,77.55497768,12.99744982,1,3,1,1,5,12:30,26,E09000017,5,0,7,30,7,4,6,0,0,0,1,1,1,0,0,1,2,E01002513,25-08-2018,2,1,1,1,69,10,3,0,0,0,0,-1,1,1
23324,77.61974779,13.04210017,1,3,3,3,4,12:40,26,E09000017,1,4,3,70,0,-1,-1,0,0,0,1,1,1,0,0,2,1,E01002444,08-06-2018,1,1,1,2,20,4,3,0,0,0,0,-1,9,1
23325,77.62190304,13.02093587,1,3,2,3,4,17:35,26,E09000017,6,0,6,30,0,-1,-1,0,0,0,1,1,1,0,0,1,1,E01002545,07-09-2018,1,1,1,2,41,7,3,0,0,0,0,-1,9,1
23326,77.5871795,12.96923306,1,3,2,1,1,19:15,26,E09000017,3,312,1,30,1,4,6,0,0,0,1,1,1,0,0,1,1,E01002507,18-09-2018,1,1,1,1,42,7,3,0,0,0,0,-1,9,1
23327,77.59616479,12.98451316,1,3,2,1,2,03:00,26,E09000017,3,40,3,70,0,-1,-1,0,0,0,4,1,1,0,0,2,1,E01002461,15-08-2018,2,1,1,2,24,5,3,0,0,0,0,-1,9,1
23328,77.64862665,12.97180963,1,3,2,1,3,09:36,26,E09000017,3,40,3,70,0,-1,-1,0,0,0,1,1,1,0,0,1,1,E01002454,16-08-2018,1,1,2,2,12,3,3,0,0,2,0,-1,9,1
23329,77.60121346,13.02837441,1,3,2,1,5,13:19,26,E09000017,3,437,6,30,0,-1,-1,0,0,0,1,2,2,0,0,1,1,E01002516,15-09-2018,1,1,1,2,36,7,3,0,0,0,0,-1,9,1
23330,77.51975726,12.96929096,1,3,3,1,6,17:10,26,E09000017,6,0,6,30,0,-1,-1,0,0,0,1,1,1,0,0,1,2,E01002522,30-09-2018,1,1,1,1,30,6,3,0,0,0,0,-1,9,1
23331,77.54293194,13.02172433,1,3,2,1,3,22:36,26,E09000017,6,0,6,30,3,4,6,0,0,0,4,1,1,0,0,1,1,E01002533,23-08-2018,2,1,1,1,38,7,3,0,0,0,0,-1,9,1
23332,77.62633371,13.01199747,1,3,2,1,7,11:05,26,E09000017,6,0,6,30,3,4,6,0,0,0,1,1,1,0,0,1,1,E01002480,24-09-2018,1,1,1,1,18,4,3,0,0,0,0,-1,1,-1
23333,77.55498854,12.97098862,1,3,2,1,3,08:15,26,E09000017,5,0,6,30,0,-1,-1,0,0,0,1,1,1,0,0,1,1,E01002510,27-09-2018,1,1,1,2,51,8,2,0,0,0,0,-1,3,1
23334,77.51184766,13.04045321,1,3,2,1,3,09:18,26,E09000017,5,0,6,30,0,-1,-1,0,0,0,1,1,1,0,0,2,1,E01002438,27-09-2018,1,1,3,1,14,3,3,4,2,0,0,-1,0,1
23335,77.53287889,12.98689678,1,3,2,3,7,17:14,26,E09000017,1,4,3,70,0,-1,-1,0,0,0,1,1,1,0,0,1,1,E01002446,20-08-2018,1,1,1,1,30,6,3,0,0,0,0,-1,9,1
23336,77.59533307,13.02186459,1,2,3,1,6,17:45,26,E09000017,1,25,3,70,0,-1,-1,0,0,0,1,1,2,0,0,2,1,E01002444,16-09-2018,1,1,2,2,57,9,3,0,0,1,0,-1,9,1