Accident_Index,longitude,latitude,Police_Force,Accident_Severity,Number_of_Vehicles,Number_of_Casualties,Day_of_Week,Time,Local_Authority_(District),Local_Authority_(Highway),1st_Road_Class,1st_Road_Number,Road_Type,Speed_limit,Junction_Detail,Junction_Control,2nd_Road_Class,2nd_Road_Number,Pedestrian_Crossing-Human_Control,Pedestrian_Crossing-Physical_Facilities,Light_Conditions,Weather_Conditions,Road_Surface_Conditions,Special_Conditions_at_Site,Carriageway_Hazards,Urban_or_Rural_Area,Did_Police_Officer_Attend_Scene_of_Accident,LSOA_of_Accident_Location,Date,Vehicle_Reference,Casualty_Reference,Casualty_Class,Sex_of_Casualty,Age_of_Casualty,Age_Band_of_Casualty,Casualty_Severity,Pedestrian_Location,Pedestrian_Movement,Car_Passenger,Bus_or_Coach_Passenger,Pedestrian_Road_Maintenance_Worker,Casualty_Type,Casualty_Home_Area_Type
23337,77.6187484,13.00058215,1,3,3,2,6,19:20,26,E09000017,3,4020,3,40,3,4,5,0,0,0,4,1,1,0,0,1,1,E01002401,16-09-2018,1,2,2,2,32,6,3,0,0,2,0,-1,9,1
23338,77.55721408,12.97869709,1,3,2,1,4,17:30,26,E09000017,6,0,6,30,8,4,6,0,0,0,1,1,1,0,0,1,2,E01002520,28-09-2018,1,1,2,1,31,6,3,0,0,1,0,-1,9,1
23339,77.62638835,13.03101629,1,3,2,1,1,05:30,26,E09000017,5,0,6,30,0,-1,-1,0,0,1,1,1,1,0,0,1,1,E01002470,21-08-2018,1,2,2,1,31,6,3,0,0,2,0,-1,9,1
23340,77.63470856,13.0446064,1,3,2,1,6,21:10,26,E09000017,5,0,6,30,6,2,5,0,0,5,4,1,2,0,0,1,1,E01002393,30-09-2018,1,1,3,2,23,5,3,5,1,0,0,-1,0,1
23341,77.58432731,13.02476915,1,3,1,1,4,18:50,26,E09000017,5,0,6,30,3,4,6,0,0,0,1,1,1,0,0,1,1,E01002497,31-08-2018,2,1,1,2,13,3,2,0,0,0,0,-1,1,1
23342,77.66522218,12.98084162,1,2,1,1,5,19:16,26,E09000017,6,0,6,30,3,4,6,0,0,0,1,1,1,0,0,1,2,E01002397,01-09-2018,2,1,1,1,26,6,3,0,0,0,0,-1,9,1
23343,77.56540034,12.9822518,1,2,2,2,2,06:48,26,E09000017,3,4,3,40,3,2,3,4,0,5,1,1,1,0,0,1,1,E01002447,03-10-2018,1,1,3,2,26,6,3,4,1,0,0,-1,0,1
23344,77.64340032,13.01366758,1,3,2,1,3,15:15,26,E09000017,1,25,3,70,5,4,6,0,0,0,1,1,1,0,0,2,1,E01002444,04-10-2018,1,1,1,1,54,8,3,0,0,0,0,-1,9,1
23345,77.56364006,13.00534457,1,3,2,1,5,20:12,26,E09000017,3,312,1,30,1,4,5,0,0,0,4,1,1,0,0,1,1,E01002543,06-10-2018,1,1,1,2,40,7,3,0,0,0,0,-1,9,1
23346,77.59663193,12.99573851,1,3,2,1,5,22:52,26,E09000017,6,0,6,30,3,4,6,0,0,0,4,1,1,0,0,1,1,E01002501,22-09-2018,2,1,1,1,26,6,3,0,0,0,0,-1,5,-1
23347,77.6543182,13.01078409,1,3,3,1,6,13:50,26,E09000017,3,408,3,30,6,2,3,408,0,5,1,1,1,0,0,1,1,E01002532,07-10-2018,2,2,2,2,21,5,3,0,0,0,0,-1,5,-1
23348,77.57606455,13.00721803,1,3,2,1,1,13:25,26,E09000017,1,25,3,40,0,-1,-1,0,0,0,1,1,1,4,0,2,1,E01002444,09-10-2018,1,1,1,1,30,6,3,0,0,0,0,-1,5,1
23349,77.61625756,13.00457732,1,3,3,1,5,13:10,26,E09000017,1,25,3,40,0,-1,-1,0,0,0,1,1,1,0,0,2,1,E01002444,06-10-2018,2,1,1,2,20,4,3,0,0,0,0,-1,9,1
23350,77.62313954,13.00648942,1,3,2,1,7,11:00,26,E09000017,3,437,6,30,1,4,6,0,0,0,1,1,1,0,0,1,1,E01002406,24-09-2018,1,1,1,2,45,7,3,0,0,0,0,-1,9,1
23351,77.64259338,13.00144924,1,3,1,1,5,14:50,26,E09000017,3,4020,3,30,0,-1,-1,0,0,0,1,1,1,0,0,1,1,E01002401,06-10-2018,1,1,1,1,77,11,3,0,0,0,0,-1,9,1
23352,77.52750312,13.03761443,1,3,1,1,4,23:50,26,E09000017,5,0,6,30,0,-1,-1,0,0,0,6,2,2,0,7,2,1,E01002441,12-10-2018,2,1,1,1,26,6,3,0,0,0,0,-1,9,1
23353,77.62121519,12.99627973,1,3,1,1,6,16:20,26,E09000017,5,0,6,30,0,-1,-1,0,0,0,1,1,1,0,0,1,1,E01002412,30-09-2018,1,1,3,2,20,4,3,4,2,0,0,-1,0,-1
23354,77.50867334,13.00816958,1,3,2,1,3,07:55,26,E09000017,3,3044,6,30,3,4,6,0,0,0,1,1,1,0,0,1,2,E01002446,13-09-2018,1,1,2,2,40,7,3,0,0,1,0,-1,9,-1
23355,77.55534984,12.97014052,1,2,2,1,3,17:25,26,E09000017,6,0,6,30,3,4,6,0,0,0,1,1,1,0,0,1,1,E01002551,06-09-2018,1,1,1,1,23,5,3,0,0,0,0,-1,9,1
23356,77.51295131,12.97039151,1,2,2,1,6,13:25,26,E09000017,4,472,6,30,0,-1,-1,0,0,0,1,1,1,0,0,1,1,E01002485,16-09-2018,1,1,1,1,40,7,3,0,0,0,0,-1,9,1
23357,77.51844889,13.04308367,1,3,2,1,4,14:49,26,E09000017,3,408,3,50,7,2,3,408,0,0,1,2,2,0,3,1,1,E01002486,12-10-2018,2,1,1,1,24,5,3,0,0,0,0,-1,1,1
23358,77.51639165,12.99834436,1,3,2,1,2,12:15,26,E09000017,3,40,3,70,0,-1,-1,0,0,0,1,1,1,0,0,1,1,E01002454,05-09-2018,1,2,1,1,70,10,3,0,0,0,0,-1,9,1
23359,77.54117287,12.96696289,1,3,1,1,7,15:45,26,E09000017,3,4020,3,40,7,2,3,437,0,5,1,1,1,0,0,1,1,E01002410,17-09-2018,2,1,1,1,29,6,3,0,0,0,0,-1,9,1
23360,77.59500503,12.99822061,1,3,2,1,7,16:50,26,E09000017,3,408,1,30,1,2,3,408,0,5,1,1,1,0,0,1,2,E01002528,08-10-2018,2,3,2,2,48,8,3,0,0,1,0,-1,9,1
23361,77.66061614,12.99478106,1,3,2,1,2,17:46,26,E09000017,6,0,6,30,3,4,6,0,0,0,1,1,1,0,0,1,1,E01002456,03-10-2018,1,1,1,1,23,5,3,0,0,0,0,-1,9,1
23362,77.58458528,12.96959424,1,3,1,1,5,17:17,26,E09000017,6,0,6,30,8,4,6,0,0,0,1,1,1,0,0,1,1,E01002542,13-10-2018,1,2,2,2,-1,-1,3,0,0,1,0,-1,9,1
23363,77.62072273,12.98327047,1,3,3,1,2,18:22,26,E09000017,6,0,6,30,0,-1,-1,0,0,0,1,1,1,0,0,1,1,E01002484,15-08-2018,1,1,1,1,26,6,3,0,0,0,0,-1,9,1
23364,77.53168209,12.9934243,1,3,3,1,6,21:26,26,E09000017,3,4020,3,40,0,-1,-1,0,0,0,4,1,2,0,0,1,1,E01002510,21-10-2018,1,1,1,1,38,7,3,0,0,0,0,-1,8,1
23365,77.56318635,13.0413516,1,2,2,1,5,19:00,26,E09000017,3,437,3,40,6,2,4,466,0,5,1,1,1,0,0,2,2,E01002513,01-09-2018,1,1,2,2,25,5,3,0,0,1,0,-1,9,1
23366,77.53181522,13.00194552,1,3,1,1,5,17:05,26,E09000017,4,464,6,30,3,4,3,437,0,0,1,1,1,0,0,1,1,E01002490,06-10-2018,1,1,1,1,39,7,3,0,0,0,0,-1,9,1
23367,77.5728875,12.99763508,1,3,2,1,1,09:42,26,E09000017,6,0,6,30,0,-1,-1,0,0,0,1,1,1,0,0,1,1,E01002398,16-10-2018,1,1,1,1,57,9,3,0,0,0,0,-1,9,1
23368,77.53328166,13.03857785,1,3,2,3,7,16:00,26,E09000017,3,4020,3,30,0,-1,-1,0,0,0,1,1,1,0,0,1,1,E01002504,15-10-2018,1,1,1,1,41,7,3,0,0,0,0,-1,9,1
23369,77.65744791,12.98042615,1,3,2,1,3,18:13,26,E09000017,1,25,7,30,0,-1,-1,0,0,0,1,1,1,0,0,2,1,E01002444,30-08-2018,1,1,3,2,12,3,3,1,3,0,0,-1,0,-1
23370,77.5240018,12.97784406,1,3,2,1,3,20:43,26,E09000017,3,437,6,30,3,4,6,0,0,0,4,1,1,0,0,1,1,E01002448,11-10-2018,1,1,2,1,1,1,3,0,0,0,3,-1,11,1
23371,77.65782433,12.98642855,1,3,2,1,1,17:15,26,E09000017,1,25,7,30,0,-1,-1,0,0,0,1,1,1,0,0,2,2,E01002444,28-08-2018,2,1,1,1,52,8,3,0,0,0,0,-1,9,1
23372,77.519421,12.9711494,1,3,2,2,7,16:00,26,E09000017,4,466,6,30,3,4,6,0,0,0,1,1,1,0,0,1,1,E01002535,27-08-2018,3,2,1,1,50,8,3,0,0,0,0,-1,9,-1
23373,77.66446456,12.98286904,1,3,2,1,3,17:44,26,E09000017,3,4020,3,40,0,-1,-1,0,0,0,1,1,2,0,0,1,1,E01002546,11-10-2018,1,1,3,1,30,6,3,5,1,0,0,-1,0,1
23374,77.56266065,12.97009813,1,2,2,1,3,09:45,26,E09000017,6,0,6,30,3,4,6,0,0,0,1,1,1,0,0,1,1,E01002415,18-10-2018,1,1,1,1,47,8,3,0,0,0,0,-1,9,1
23375,77.53046781,12.98085989,1,2,1,1,5,14:50,26,E09000017,6,0,6,30,3,4,6,0,0,0,1,1,1,0,0,1,1,E01002488,20-10-2018,2,1,1,1,76,11,3,0,0,0,0,-1,1,1
23376,77.54035558,13.01785421,1,2,2,2,6,11:49,26,E09000017,6,0,6,30,0,-1,-1,0,0,0,1,2,2,0,0,1,1,E01002535,28-10-2018,1,1,3,1,52,8,3,6,9,0,0,-1,0,1
23377,77.62189309,13.03682753,1,3,2,1,5,18:10,26,E09000017,1,25,1,30,1,4,1,25,0,0,1,1,1,0,0,2,1,E01016482,22-09-2018,1,1,2,2,12,3,3,0,0,1,0,-1,9,1
23378,77.66250771,13.00910828,1,3,2,2,5,17:45,26,E09000017,3,408,6,30,0,-1,-1,0,0,0,1,1,1,0,0,1,2,E01002523,29-09-2018,1,1,1,1,30,6,3,0,0,0,0,-1,9,1
23379,77.53807629,13.01007684,1,3,2,1,5,12:50,26,E09000017,3,4020,6,30,0,-1,-1,0,0,0,1,1,1,0,0,1,1,E01002457,15-09-2018,1,1,1,1,-1,-1,3,0,0,0,0,-1,1,-1
23380,77.62630184,13.04732213,1,2,2,1,2,19:00,26,E09000017,5,0,6,30,0,-1,-1,0,0,0,4,1,1,0,0,1,1,E01002509,10-10-2018,2,1,1,1,28,6,2,0,0,0,0,-1,5,1
23381,77.56517096,13.02117259,1,3,1,1,1,16:24,26,E09000017,3,4180,6,30,3,4,6,0,0,0,1,1,1,0,0,1,1,E01002475,25-09-2018,1,4,2,1,21,5,3,0,0,1,0,-1,9,-1
23382,77.6335399,13.03656569,1,3,2,1,7,12:20,26,E09000017,5,0,6,30,2,4,5,0,0,0,1,1,1,0,0,2,1,E01002439,08-10-2018,2,1,1,1,24,5,3,0,0,0,0,-1,9,1
23383,77.51083156,13.0101341,1,3,2,2,3,15:30,26,E09000017,3,4180,6,30,0,-1,-1,0,0,0,1,1,1,0,0,1,1,E01002538,20-09-2018,2,2,2,1,22,5,3,0,0,2,0,-1,9,1
23384,77.52977291,13.01343072,1,3,1,1,4,12:56,26,E09000017,4,472,6,30,3,4,6,0,0,0,1,1,1,0,0,1,1,E01002481,28-09-2018,2,3,2,1,18,4,3,0,0,1,0,-1,9,1
23385,77.6261248,12.99016564,1,3,1,1,7,23:00,26,E09000017,3,408,6,60,0,-1,-1,0,0,0,4,1,1,0,7,1,1,E01002446,22-10-2018,1,1,2,2,59,9,3,0,0,1,0,-1,9,1
23386,77.5108187,12.97000034,1,3,2,2,6,04:30,26,E09000017,3,4,3,40,0,-1,-1,0,0,0,4,1,1,0,0,1,1,E01002444,23-09-2018,1,1,2,1,19,4,3,0,0,1,0,-1,9,1
23387,77.64648433,12.97750326,1,3,2,1,2,14:48,26,E09000017,6,0,6,30,0,-1,-1,0,0,0,1,2,2,0,0,2,1,E01002444,24-10-2018,1,2,2,2,19,4,3,0,0,2,0,-1,9,1
23388,77.59399895,12.98180002,1,3,2,1,6,13:42,26,E09000017,6,0,6,30,3,4,6,0,0,0,1,1,1,0,0,1,1,E01002500,23-09-2018,1,1,1,2,50,8,3,0,0,0,0,-1,9,1
23389,77.52996194,12.98869857,1,2,1,1,7,22:45,29,E09000015,3,404,6,30,3,4,6,0,0,0,4,1,1,0,0,1,1,E01002185,24-09-2018,1,1,1,1,20,4,3,0,0,0,0,-1,9,1
23390,77.64477964,12.9920031,1,3,1,1,6,08:50,26,E09000017,4,483,3,30,0,-1,-1,0,0,4,1,2,2,0,0,1,1,E01002515,21-10-2018,2,2,1,1,32,6,3,0,0,0,0,-1,9,-1
23391,77.56908542,13.03183275,1,3,1,1,7,13:03,26,E09000017,3,4020,3,40,0,-1,-1,0,0,0,1,1,1,0,0,1,1,E01002510,24-09-2018,1,1,1,2,29,6,3,0,0,0,0,-1,9,1
23392,77.52972621,12.99585558,1,3,2,2,7,07:53,26,E09000017,3,404,6,30,3,2,3,404,0,0,1,1,2,0,0,1,1,E01002475,22-10-2018,1,1,1,1,40,7,3,0,0,0,0,-1,9,-1
23393,77.59958885,12.9753672,1,3,2,1,4,17:18,26,E09000017,3,4180,6,30,3,4,3,4180,0,0,1,1,1,0,0,1,1,E01002539,05-10-2018,1,1,3,1,59,9,2,1,1,0,0,-1,0,1
23394,77.56065846,13.01074955,1,3,2,1,6,18:15,26,E09000017,5,0,6,30,0,-1,-1,0,0,5,1,1,1,0,0,1,1,E01002470,07-10-2018,1,1,1,1,20,4,3,0,0,0,0,-1,9,1
23395,77.67395754,13.0127387,1,2,1,1,1,14:50,26,E09000017,3,4,6,30,0,-1,-1,0,0,0,1,1,1,0,0,1,1,E01002444,09-10-2018,1,1,1,2,45,7,3,0,0,0,0,-1,9,-1
23396,77.63673037,12.9669317,1,3,1,1,7,20:59,26,E09000017,5,0,6,30,0,-1,-1,0,0,0,4,2,2,0,0,1,1,E01002531,08-10-2018,1,1,1,2,31,6,3,0,0,0,0,-1,9,-1
23397,77.53970661,12.99318306,1,3,3,1,5,05:36,26,E09000017,5,0,6,30,3,4,6,0,0,0,4,2,2,0,0,1,1,E01002501,13-10-2018,1,1,1,2,-1,-1,3,0,0,0,0,-1,1,1
23398,77.66095898,12.99660726,1,3,2,1,4,08:20,26,E09000017,3,40,3,70,0,-1,-1,0,0,0,1,1,1,0,0,2,1,E01002512,28-09-2018,1,1,1,1,55,8,3,0,0,0,0,-1,1,1
23399,77.53544398,13.01293941,1,3,2,1,1,19:05,26,E09000017,5,0,6,30,0,-1,-1,0,0,0,4,2,2,0,0,1,1,E01002529,16-10-2018,1,1,1,1,41,7,3,0,0,0,0,-1,9,1
23400,76.64446994,8.874158228,1,3,2,1,2,18:28,26,E09000017,3,4180,6,30,0,-1,-1,0,0,0,4,1,1,0,0,1,1,E01002499,17-10-2018,2,1,1,2,38,7,3,0,0,0,0,-1,9,1
23401,76.69823182,8.887559233,1,3,2,1,4,12:50,26,E09000017,3,4180,6,30,3,2,6,0,0,5,1,2,2,0,0,1,1,E01002499,19-10-2018,1,1,1,1,32,6,3,0,0,0,0,-1,11,1
23402,76.6889724,8.886716143,1,3,3,2,5,08:20,26,E09000017,5,0,6,30,3,4,6,0,0,0,1,1,1,0,0,1,1,E01002419,20-10-2018,1,3,2,2,55,8,3,0,0,0,4,-1,11,1
23403,76.69788334,8.878393197,1,3,5,3,4,19:05,26,E09000017,3,437,3,60,5,4,3,437,0,0,4,1,1,0,0,2,1,E01002513,26-10-2018,1,4,2,1,49,8,3,0,0,0,4,-1,11,1
23404,76.67884109,8.878412945,1,3,2,1,4,19:37,26,E09000017,5,0,6,30,0,-1,-1,0,0,5,4,1,1,0,0,1,1,E01002503,26-10-2018,2,2,1,1,41,7,3,0,0,0,0,-1,20,1
23405,76.65176833,8.887808471,1,3,3,1,4,17:40,26,E09000017,3,40,3,70,0,-1,-1,0,0,0,1,1,1,0,0,2,2,E01002461,07-09-2018,1,1,1,1,10,2,3,0,0,0,0,-1,1,1
23406,76.63752811,8.866863031,1,3,2,1,3,16:53,26,E09000017,4,466,6,30,0,-1,-1,0,0,0,1,1,1,0,0,2,1,E01002452,11-10-2018,1,1,1,2,32,6,3,0,0,0,0,-1,9,1
23407,76.63915794,8.865189423,1,3,2,1,5,06:20,26,E09000017,3,437,6,30,0,-1,-1,0,0,0,4,1,1,0,0,1,1,E01002516,27-10-2018,1,1,1,2,27,6,3,0,0,0,0,-1,9,1
23408,76.6619443,8.88426265,1,3,1,1,6,01:50,26,E09000017,6,0,6,30,0,-1,-1,0,0,0,4,1,1,0,0,1,1,E01002430,28-10-2018,2,2,1,1,24,5,3,0,0,0,0,-1,9,1
23409,76.66065062,8.866563457,1,3,2,1,3,22:05,26,E09000017,3,4,6,30,8,4,6,0,0,0,4,1,1,0,0,1,1,E01002447,05-07-2018,1,1,1,1,47,8,3,0,0,0,0,-1,9,1
23410,76.61773456,8.871499659,1,3,2,1,7,10:27,26,E09000017,3,4020,3,40,0,-1,-1,0,0,0,1,1,1,0,0,1,1,E01002396,22-10-2018,1,1,1,1,18,4,3,0,0,0,0,-1,1,1
23411,76.66556364,8.881321958,1,3,2,1,3,22:30,26,E09000017,3,4180,6,30,0,-1,-1,0,0,0,4,1,1,0,0,1,1,E01002467,25-10-2018,1,1,3,2,27,6,3,5,1,0,0,-1,0,1
23412,76.62992181,8.864933449,1,3,2,1,1,19:30,26,E09000017,5,0,6,30,0,-1,-1,0,0,0,4,1,1,0,0,1,1,E01002468,30-10-2018,2,1,1,1,30,6,3,0,0,0,0,-1,1,-1
23413,76.6454864,8.869425853,1,3,1,1,7,21:40,26,E09000017,6,0,6,30,0,-1,-1,0,0,0,4,1,1,0,0,1,1,E01002531,15-10-2018,1,1,1,1,36,7,2,0,0,0,0,-1,1,1
23414,76.61147713,8.865087407,1,3,2,1,4,10:20,26,E09000017,1,25,3,40,0,-1,-1,0,0,0,1,1,1,0,0,2,1,E01002444,26-10-2018,1,1,1,1,31,6,3,0,0,0,0,-1,5,1
23415,76.63154857,8.892894726,1,3,1,1,6,21:00,26,E09000017,3,4020,6,30,3,2,3,4020,0,5,4,2,2,0,0,1,1,E01002521,28-10-2018,1,1,1,1,21,5,3,0,0,0,0,-1,3,1
23416,76.66113114,8.871118364,1,3,2,1,3,15:50,26,E09000017,3,408,6,30,0,-1,-1,0,0,0,1,1,1,0,0,1,2,E01002446,04-10-2018,2,2,3,2,41,7,3,5,9,0,0,-1,0,1
23417,76.61233322,8.876506224,1,3,3,3,6,08:12,26,E09000017,4,466,6,30,0,-1,-1,0,0,1,1,2,2,0,0,1,1,E01002433,28-10-2018,1,1,2,2,1,1,3,0,0,2,0,-1,9,1
23418,76.62324724,8.8851713,1,3,3,2,6,22:45,26,E09000017,1,4,3,70,0,-1,-1,0,0,0,4,1,1,0,0,1,1,E01002447,28-10-2018,1,2,2,2,17,4,3,0,0,1,0,-1,9,1
23419,76.64283432,8.867016219,1,3,3,1,4,20:08,26,E09000017,5,0,6,30,3,4,6,0,0,0,1,1,1,0,0,1,1,E01002497,21-09-2018,2,1,1,2,22,5,3,0,0,0,0,-1,1,1
23420,76.65776587,8.877566142,1,3,2,1,5,10:50,26,E09000017,4,483,1,30,1,4,3,4020,0,0,1,1,1,0,0,1,2,E01002515,29-09-2018,1,1,2,2,90,11,3,0,0,0,3,-1,11,1
23421,76.61073656,8.86703798,1,3,1,1,7,12:30,26,E09000017,5,0,6,30,3,4,5,0,0,0,1,1,1,0,0,2,1,E01002440,29-10-2018,1,1,1,1,54,8,3,0,0,0,0,-1,5,-1
23422,76.62882097,8.893848296,1,3,2,1,7,09:56,26,E09000017,6,0,6,30,3,4,6,0,0,0,1,1,1,0,0,1,1,E01002522,29-10-2018,1,1,3,1,25,5,3,5,3,0,0,-1,0,1
23423,76.6369835,8.885187093,1,3,2,1,1,11:55,26,E09000017,3,437,6,30,3,4,6,0,0,0,1,1,1,0,0,1,1,E01002513,30-10-2018,2,1,1,1,19,4,3,0,0,0,0,-1,4,1
23424,76.68877341,8.876521843,1,3,2,2,3,16:16,26,E09000017,5,0,6,30,3,3,6,0,0,0,1,1,1,0,0,1,1,E01002466,01-11-2018,2,1,1,1,-1,-1,3,0,0,0,0,-1,2,1
23425,76.63450117,8.876700233,1,3,2,1,2,15:30,26,E09000017,4,466,6,30,0,-1,-1,0,0,0,1,2,2,0,0,1,1,E01002480,24-10-2018,1,1,2,1,59,9,3,0,0,1,0,-1,9,1
23426,76.64018971,8.894078846,1,3,1,1,5,12:05,26,E09000017,6,0,6,30,0,-1,-1,0,0,0,1,1,1,0,0,1,2,E01002526,27-10-2018,1,1,1,1,33,6,3,0,0,0,0,-1,1,1
23427,76.63069218,8.895496673,1,3,2,1,2,20:37,26,E09000017,1,4,3,70,0,-1,-1,0,0,0,4,1,1,0,0,1,2,E01002443,03-10-2018,1,1,1,1,37,7,3,0,0,0,0,-1,3,1
23428,76.68419949,8.877263588,1,3,2,1,4,05:50,26,E09000017,4,472,6,30,3,4,6,0,0,0,4,1,1,0,0,1,2,E01002485,14-09-2018,1,1,1,1,39,7,3,0,0,0,0,-1,19,1
23429,76.65146872,8.872478082,1,3,2,1,2,23:00,26,E09000017,1,4,3,50,0,-1,-1,0,0,0,4,2,2,0,0,1,1,E01002486,31-10-2018,1,2,2,2,37,7,3,0,0,0,0,-1,19,1
23430,76.69568868,8.877448897,1,3,2,2,3,09:39,26,E09000017,3,408,3,30,3,2,3,408,0,5,1,1,1,0,0,1,1,E01002532,01-11-2018,2,3,1,2,24,5,3,0,0,0,0,-1,9,1
23431,76.68533014,8.864894253,1,3,2,1,6,17:10,26,E09000017,5,0,6,30,3,4,6,0,0,0,1,1,1,0,0,1,2,E01002393,23-09-2018,1,1,1,2,37,7,3,0,0,0,0,-1,9,1
23432,76.67480331,8.865488178,1,3,2,1,4,18:10,26,E09000017,5,0,6,30,0,-1,-1,0,0,0,1,1,1,0,0,1,2,E01002470,26-10-2018,2,1,1,1,42,7,3,0,0,0,0,-1,5,1
23433,76.65960322,8.89150343,1,3,2,1,3,12:47,26,E09000017,6,0,6,30,0,-1,-1,0,0,0,1,1,1,0,0,1,1,E01002524,01-11-2018,1,1,1,2,32,6,3,0,0,0,0,-1,9,1
23434,76.62203204,8.89287105,1,3,2,3,7,22:28,26,E09000017,3,4,3,30,7,2,6,0,0,5,4,1,1,0,0,1,1,E01002443,09-07-2018,1,1,1,1,33,6,3,0,0,0,0,-1,9,1
23435,76.6216184,8.895056142,1,2,2,1,2,09:35,26,E09000017,6,0,6,30,3,4,6,0,0,0,1,1,1,0,0,1,1,E01002483,07-11-2018,2,2,2,1,59,9,3,0,0,1,0,-1,9,1
23436,76.63779771,8.894096797,1,3,2,1,7,12:00,26,E09000017,5,0,1,30,1,4,5,0,0,0,1,1,1,0,0,1,2,E01002412,08-10-2018,1,1,1,1,19,4,2,0,0,0,0,-1,3,1
23437,76.69218575,8.883505059,1,3,2,2,2,10:17,26,E09000017,5,0,6,30,0,-1,-1,0,0,0,1,1,1,0,0,1,1,E01002533,07-11-2018,2,1,2,2,51,8,3,0,0,0,4,-1,11,1
23438,76.68103061,8.878902756,1,3,3,2,3,15:52,26,E09000017,3,40,3,70,0,-1,-1,0,0,0,1,1,1,0,0,1,1,E01002454,08-11-2018,1,1,3,1,11,3,3,5,4,0,0,-1,0,1
23439,76.66966862,8.881422268,1,3,2,6,3,08:09,26,E09000017,6,0,6,30,3,4,6,0,0,1,1,1,1,0,0,1,1,E01002472,08-11-2018,2,1,1,1,25,5,3,0,0,0,0,-1,9,1
23440,76.69927491,8.867250818,1,3,2,3,3,17:10,26,E09000017,1,25,3,40,0,-1,-1,0,0,0,4,1,1,4,0,2,1,E01002444,08-11-2018,1,1,1,1,19,4,3,0,0,0,0,-1,9,1
23441,76.63227743,8.893830633,1,3,1,1,4,00:25,26,E09000017,5,0,3,30,6,2,3,4020,0,5,4,2,2,0,0,1,1,E01002410,09-11-2018,1,2,2,1,20,4,3,0,0,1,0,-1,9,1
23442,76.69815491,8.8932595,1,3,1,1,4,16:45,26,E09000017,5,0,6,30,0,-1,-1,0,0,0,1,1,1,0,0,2,1,E01002440,16-11-2018,2,1,1,1,52,8,3,0,0,0,0,-1,9,1
23443,76.66120424,8.889184076,1,3,2,1,6,17:30,26,E09000017,3,312,3,50,5,4,3,4020,0,0,4,4,1,0,0,1,1,E01002505,11-11-2018,1,1,1,2,42,7,3,0,0,0,0,-1,9,1
23444,76.69622449,8.870273048,1,3,3,1,5,11:08,26,E09000017,6,0,6,30,6,4,6,0,0,0,1,1,2,0,0,1,1,E01002498,03-11-2018,2,2,1,1,25,5,3,0,0,0,0,-1,9,1
23445,76.62192439,8.890197925,1,3,2,1,1,21:40,26,E09000017,4,466,6,30,3,4,4,466,0,0,4,2,2,0,0,1,1,E01002480,06-11-2018,2,1,1,1,52,8,3,0,0,0,0,-1,8,1
23446,76.62749893,8.880381731,1,3,1,1,4,09:10,26,E09000017,3,408,6,30,3,2,3,4020,0,5,1,1,1,0,0,1,1,E01002521,16-11-2018,1,1,1,1,61,9,3,0,0,0,0,-1,3,1
23447,76.69773873,8.883763178,1,3,1,2,2,17:52,26,E09000017,5,0,6,30,3,4,3,4020,0,0,5,1,1,0,0,1,1,E01002508,07-11-2018,1,1,1,1,41,7,3,0,0,0,0,-1,9,1
23448,76.65157896,8.892727298,1,3,2,1,7,16:55,26,E09000017,5,0,6,30,6,2,5,0,0,5,4,1,4,0,0,1,1,E01002417,19-11-2018,1,1,1,1,69,10,3,0,0,0,0,-1,2,1
23449,76.65713025,8.874348159,1,3,2,2,4,19:56,26,E09000017,1,4,1,50,1,2,3,408,0,0,4,1,1,0,0,1,1,E01002446,09-11-2018,1,1,1,1,21,5,3,0,0,0,0,-1,9,1
23450,76.66159656,8.864733714,1,3,2,1,3,17:21,26,E09000017,3,40,7,30,0,-1,-1,0,0,0,4,1,1,0,0,1,1,E01002499,08-11-2018,1,2,2,1,21,5,3,0,0,1,0,-1,9,1
23451,76.69247164,8.894999922,1,3,2,1,5,09:30,26,E09000017,3,4020,6,30,6,4,4,465,0,0,1,2,2,0,0,1,1,E01002409,10-11-2018,1,1,3,2,77,11,2,8,7,0,0,-1,0,-1
23452,76.66989853,8.880213001,1,3,2,2,4,17:25,26,E09000017,1,4,3,70,0,-1,-1,0,0,0,1,2,2,0,0,1,1,E01002443,12-10-2018,1,1,1,1,35,6,3,0,0,0,0,-1,9,1
23453,76.67266693,8.875153437,1,3,2,1,5,09:45,26,E09000017,3,3044,3,50,0,-1,-1,0,0,0,1,1,1,0,0,2,1,E01002444,27-10-2018,1,1,2,2,16,4,3,0,0,1,0,-1,9,1
23454,76.69125013,8.879962272,1,3,2,1,4,08:12,26,E09000017,1,4,3,50,1,4,1,4,0,0,1,1,1,0,0,1,1,E01002447,09-11-2018,1,2,1,2,17,4,3,0,0,0,0,-1,9,1
23455,76.67968887,8.867181219,1,2,2,1,2,07:32,26,E09000017,3,40,3,50,0,-1,-1,0,0,0,1,1,1,0,0,1,1,E01002499,14-11-2018,2,3,1,1,21,5,3,0,0,0,0,-1,9,1
23456,76.6091897,8.880233992,1,2,2,2,2,08:21,26,E09000017,6,0,6,30,3,4,6,0,0,0,1,1,1,0,0,1,1,E01002451,07-11-2018,1,1,1,1,45,7,3,0,0,0,0,-1,4,-1
23457,76.6817293,8.885294923,1,3,2,1,2,07:05,26,E09000017,6,0,1,30,1,4,6,0,0,0,1,1,1,0,0,1,2,E01002526,07-11-2018,1,1,2,1,3,1,2,0,0,1,0,-1,9,1