Accident_Index,longitude,latitude,Police_Force,Accident_Severity,Number_of_Vehicles,Number_of_Casualties,Day_of_Week,Time,Local_Authority_(District),Local_Authority_(Highway),1st_Road_Class,1st_Road_Number,Road_Type,Speed_limit,Junction_Detail,Junction_Control,2nd_Road_Class,2nd_Road_Number,Pedestrian_Crossing-Human_Control,Pedestrian_Crossing-Physical_Facilities,Light_Conditions,Weather_Conditions,Road_Surface_Conditions,Special_Conditions_at_Site,Carriageway_Hazards,Urban_or_Rural_Area,Did_Police_Officer_Attend_Scene_of_Accident,LSOA_of_Accident_Location,Date,Vehicle_Reference,Casualty_Reference,Casualty_Class,Sex_of_Casualty,Age_of_Casualty,Age_Band_of_Casualty,Casualty_Severity,Pedestrian_Location,Pedestrian_Movement,Car_Passenger,Bus_or_Coach_Passenger,Pedestrian_Road_Maintenance_Worker,Casualty_Type,Casualty_Home_Area_Type
23579,76.66424196,8.886613747,1,3,2,1,6,07:25,26,E09000017,3,437,6,30,6,2,6,0,0,5,1,7,2,0,0,1,1,E01002513,09-12-2018,1,1,3,2,3,1,3,5,3,0,0,-1,0,1
23580,76.65294923,8.880098936,1,2,1,1,6,15:30,26,E09000017,3,404,6,30,3,4,3,404,0,0,1,2,2,0,0,1,1,E01002472,09-12-2018,1,1,1,1,32,6,2,0,0,0,0,-1,19,1
23581,76.67639545,8.883209953,1,3,1,1,5,21:00,26,E09000017,5,0,6,30,6,2,5,0,0,5,4,7,1,0,0,1,1,E01002422,15-12-2018,1,2,2,1,50,8,2,0,0,0,0,-1,19,1
23582,76.6882842,8.871674451,1,3,2,1,6,20:30,26,E09000017,3,312,1,30,1,4,5,0,0,0,4,1,1,0,0,1,2,E01002543,16-12-2018,1,1,1,1,24,5,3,0,0,0,0,-1,9,1
23583,76.65485541,8.866165125,1,3,2,1,1,21:51,26,E09000017,4,466,1,30,1,4,4,466,0,0,4,2,2,0,0,1,1,E01002435,18-12-2018,1,2,3,2,13,3,2,5,4,0,0,-1,0,-1
23584,76.69633698,8.894093352,1,3,1,1,4,11:37,26,E09000017,5,0,6,30,3,4,6,0,0,0,1,1,1,0,0,1,1,E01002468,21-12-2018,1,1,1,1,-1,-1,3,0,0,0,0,-1,2,1
23585,76.64397745,8.876649609,1,3,2,1,3,19:38,26,E09000017,4,466,6,30,3,4,6,0,0,0,4,1,1,0,0,1,1,E01002480,20-12-2018,1,1,2,2,29,6,3,0,0,2,0,-1,9,1
23586,76.68294881,8.880793735,1,3,3,1,1,16:31,26,E09000017,3,4020,3,40,6,2,5,0,0,5,4,1,2,0,0,1,1,E01002414,04-12-2018,1,1,1,2,23,5,3,0,0,0,0,-1,5,1
23587,76.64945115,8.887481928,1,3,2,1,2,22:00,26,E09000017,3,40,3,70,0,-1,-1,0,0,0,4,1,2,0,0,2,1,E01002512,12-12-2018,1,1,1,2,28,6,3,0,0,0,0,-1,9,1
23588,76.68215148,8.880142984,1,3,2,1,2,18:49,26,E09000017,5,0,6,30,3,4,6,0,0,0,4,1,1,0,0,2,1,E01002441,12-12-2018,1,3,2,2,47,8,3,0,0,1,0,-1,9,1
23589,76.61539731,8.8931188,1,2,2,1,5,18:19,26,E09000017,4,467,6,30,0,-1,-1,0,0,0,4,1,1,0,0,1,1,E01002512,15-12-2018,2,2,1,2,22,5,3,0,0,0,0,-1,9,1
23590,76.62378503,8.882388976,1,3,3,1,6,17:06,26,E09000017,6,0,6,30,3,4,6,0,0,0,4,1,1,0,0,1,1,E01002425,16-12-2018,1,1,1,2,47,8,3,0,0,0,0,-1,9,1
23591,76.697421,8.873964701,1,3,1,1,7,10:40,26,E09000017,6,0,6,30,0,-1,-1,0,0,0,1,1,1,0,0,1,1,E01002515,17-12-2018,1,1,1,1,46,8,3,0,0,0,0,-1,5,1
23592,76.69148098,8.878205461,1,3,2,1,4,18:45,26,E09000017,4,466,6,30,0,-1,-1,0,0,0,4,1,1,0,0,1,2,E01002460,23-11-2018,1,1,1,1,-1,-1,3,0,0,0,0,-1,1,-1
23593,76.65696576,8.871942167,1,3,1,2,7,19:35,26,E09000017,6,0,6,30,6,2,6,0,0,0,4,1,1,0,0,1,1,E01002399,10-12-2018,1,1,1,1,40,7,3,0,0,0,0,-1,1,1
23594,76.68924796,8.884352206,1,3,2,1,2,06:17,26,E09000017,3,437,6,30,0,-1,-1,0,0,0,4,2,2,0,0,1,1,E01002448,19-12-2018,1,1,1,2,47,8,3,0,0,0,0,-1,9,1
23595,76.68195326,8.875899877,1,3,2,1,3,13:17,26,E09000017,1,25,3,70,0,-1,-1,0,0,0,1,1,1,0,0,2,1,E01002444,20-12-2018,2,1,2,1,28,6,3,0,0,1,0,-1,9,1
23596,76.69603835,8.866760348,1,3,3,1,6,14:06,26,E09000017,6,0,6,30,6,4,6,0,0,0,1,1,1,0,0,1,1,E01002434,07-10-2018,1,1,1,1,26,6,3,0,0,0,0,-1,4,1
23597,76.69063739,8.876486508,1,3,2,1,3,12:15,26,E09000017,5,0,6,30,3,4,6,0,0,0,1,1,1,0,0,1,1,E01002529,20-12-2018,1,1,1,1,28,6,3,0,0,0,0,-1,9,1
23598,76.63362467,8.870160388,1,3,2,1,4,13:25,26,E09000017,5,0,6,30,0,-1,-1,0,0,0,1,1,1,0,0,2,1,E01002442,21-12-2018,1,1,1,1,44,7,3,0,0,0,0,-1,9,1
23599,76.65562555,8.875104471,1,3,2,1,4,12:23,26,E09000017,4,466,6,30,3,4,6,0,0,0,1,1,2,0,0,1,1,E01002463,07-12-2018,1,1,1,1,32,6,3,0,0,0,0,-1,9,1
23600,76.65584373,8.874631602,1,3,3,1,7,18:20,26,E09000017,3,404,6,30,0,-1,-1,0,0,0,4,1,1,0,0,2,1,E01023849,24-12-2018,1,1,1,1,42,7,3,0,0,0,0,-1,9,1
23601,76.61709913,8.87059761,1,3,2,1,2,07:15,26,E09000017,3,40,6,30,0,-1,-1,0,0,0,4,1,1,0,0,1,2,E01002499,05-12-2018,1,1,1,1,39,7,2,0,0,0,0,-1,4,1
23602,76.67961125,8.893415135,1,3,2,2,7,16:30,26,E09000017,3,312,6,30,1,4,5,0,0,0,4,1,1,0,0,1,2,E01002545,03-12-2018,2,1,1,1,27,6,2,0,0,0,0,-1,3,1
23603,76.65393919,8.890779574,1,3,2,1,1,10:30,26,E09000017,6,0,6,30,6,2,6,0,0,5,1,1,1,0,0,1,2,E01002515,11-12-2018,1,2,2,2,23,5,2,0,0,1,0,-1,9,1
23604,76.63415807,8.877518972,1,3,2,1,3,00:55,26,E09000017,6,0,6,30,3,4,3,437,0,0,4,1,1,0,0,1,1,E01002513,27-12-2018,2,1,1,2,28,6,3,0,0,0,0,-1,9,1
23605,76.67768445,8.871605825,1,3,2,1,5,06:45,26,E09000017,1,25,3,70,0,-1,-1,0,0,0,1,1,1,0,0,2,2,E01002444,24-11-2018,2,1,1,2,30,6,3,0,0,0,0,-1,9,1
23606,76.63461081,8.875278548,1,3,2,1,4,13:30,26,E09000017,4,466,6,30,3,4,6,0,0,0,1,1,1,0,0,1,1,E01002463,14-12-2018,3,1,1,2,33,6,3,0,0,0,0,-1,9,1
23607,76.65635729,8.896420062,1,3,2,1,5,06:45,27,E09000009,3,4020,6,30,0,-1,-1,0,0,0,1,1,1,0,0,1,1,E01001337,10-11-2018,1,1,1,2,56,9,2,0,0,0,0,-1,9,1
23608,76.65704086,8.877874193,1,3,2,1,2,17:40,26,E09000017,3,312,6,30,8,4,6,0,0,0,4,1,1,0,0,1,2,E01002489,12-12-2018,2,1,1,2,42,7,3,0,0,0,0,-1,9,1
23609,76.61111136,8.89582081,1,3,2,1,1,14:02,26,E09000017,3,408,3,50,6,2,3,408,0,5,1,1,1,0,0,1,1,E01002446,30-10-2018,1,1,1,1,18,4,3,0,0,0,0,-1,9,1
23610,76.62496118,8.866777732,1,3,3,1,5,08:20,26,E09000017,5,0,6,30,0,-1,-1,0,0,0,1,2,2,0,0,1,1,E01002496,03-11-2018,1,2,2,1,18,4,3,0,0,1,0,-1,9,1
23611,76.68185621,8.864707974,1,3,1,1,5,13:45,26,E09000017,6,0,6,30,0,-1,-1,0,0,0,1,1,1,0,0,1,2,E01002533,25-08-2018,1,1,1,1,28,6,3,0,0,0,0,-1,5,1
23612,76.67716043,8.894489306,1,2,2,1,4,20:38,26,E09000017,3,4,3,40,3,4,6,0,0,0,4,1,2,0,0,1,1,E01002447,23-11-2018,1,1,1,1,32,6,2,0,0,0,0,-1,21,1
23613,76.63121008,8.892744226,1,3,2,1,6,15:25,26,E09000017,3,437,6,30,6,2,3,437,0,5,1,1,1,0,0,1,1,E01002489,04-11-2018,2,2,1,1,40,7,2,0,0,0,0,-1,21,-1
23614,76.69347949,8.869967252,1,3,2,2,7,00:44,26,E09000017,3,437,6,30,0,-1,-1,0,0,0,4,1,4,0,0,1,1,E01002406,19-11-2018,1,1,1,1,31,6,3,0,0,0,0,-1,9,1
23615,76.69727617,8.888860045,1,3,1,1,5,17:20,26,E09000017,5,0,6,30,0,-1,-1,0,0,0,1,1,1,0,0,1,2,E01002497,01-12-2018,2,2,1,2,22,5,3,0,0,0,0,-1,9,1
23616,76.65997117,8.887935667,1,3,1,1,7,11:57,29,E09000015,3,4127,6,30,0,-1,-1,0,0,4,1,1,1,0,0,1,1,E01002135,01-01-2018,2,1,1,1,56,9,3,0,0,0,0,-1,9,1
23617,76.6898672,8.87504772,1,3,3,1,7,18:18,27,E09000009,5,0,6,30,0,-1,-1,0,0,0,4,4,1,0,0,1,1,E01001329,08-01-2018,1,1,1,1,59,9,3,0,0,0,0,-1,9,1
23618,76.66118432,8.893878578,1,3,1,1,4,06:40,27,E09000009,3,3005,3,30,0,-1,-1,0,0,0,4,1,1,0,0,1,1,E01001361,12-01-2018,4,1,1,2,42,7,3,0,0,0,0,-1,9,-1
23619,76.66386403,8.874059091,1,3,2,1,5,18:48,27,E09000009,3,3005,6,30,0,-1,-1,0,0,0,1,1,1,0,0,1,1,E01001361,06-01-2018,1,1,1,1,41,7,3,0,0,0,0,-1,4,1
23620,76.62947554,8.879084185,1,3,2,1,3,18:04,27,E09000009,4,452,6,30,3,4,4,4491,0,0,4,5,2,0,0,1,1,E01001300,04-01-2018,1,1,1,2,63,9,3,0,0,0,0,-1,9,1
23621,76.69047218,8.882284762,1,3,2,1,2,11:15,27,E09000009,5,0,6,30,6,4,6,0,0,0,1,2,2,0,0,1,1,E01001313,10-01-2018,2,2,1,1,41,7,3,0,0,0,0,-1,9,1
23622,76.6663252,8.867336129,1,3,2,2,4,23:49,27,E09000009,5,0,6,30,3,4,6,0,0,0,4,1,1,0,0,1,1,E01001325,12-01-2018,1,1,2,2,37,7,3,0,0,1,0,-1,9,1
23623,76.64587976,8.868531285,1,3,2,1,3,05:30,27,E09000009,5,0,6,30,0,-1,-1,0,0,1,4,1,1,0,0,1,1,E01001367,11-01-2018,1,1,3,2,49,8,3,5,3,0,0,-1,0,1
23624,76.61994557,8.878938999,1,3,2,1,4,08:55,27,E09000009,6,0,6,30,9,4,6,0,0,1,1,1,1,0,0,1,1,E01001211,12-01-2018,1,1,1,2,8,2,3,0,0,0,0,-1,1,1
23625,76.64879824,8.890902591,1,3,2,1,5,23:57,27,E09000009,3,406,3,40,6,2,4,4491,0,5,4,1,1,0,0,1,1,E01001231,13-01-2018,1,1,3,2,7,2,3,5,2,0,0,-1,0,1
23626,76.6215307,8.882649173,1,3,2,1,1,19:57,27,E09000009,3,4020,3,30,6,4,4,452,0,0,4,1,1,0,0,1,1,E01001388,16-01-2018,1,1,1,1,76,11,3,0,0,0,0,-1,9,1
23627,76.65817814,8.896122427,1,3,2,1,7,10:02,27,E09000009,3,312,6,30,3,4,6,0,0,0,1,2,2,0,0,1,1,E01001323,08-01-2018,2,2,1,1,30,6,3,0,0,0,0,-1,9,-1
23628,76.65846335,8.872807815,1,3,1,1,4,17:50,27,E09000009,4,455,6,30,3,4,6,0,0,0,4,1,1,0,0,1,1,E01001228,12-01-2018,1,1,1,2,35,6,3,0,0,0,0,-1,9,-1
23629,76.62533211,8.878917929,1,3,2,1,6,12:45,25,E09000018,3,312,3,50,0,-1,-1,0,0,0,1,1,1,0,0,1,1,E01002637,14-01-2018,2,2,2,2,74,10,3,0,0,1,0,-1,9,1
23630,76.69556656,8.892787128,1,3,2,1,6,08:06,27,E09000009,3,406,3,40,0,-1,-1,0,0,0,1,1,1,0,0,1,1,E01001276,14-01-2018,1,1,1,1,27,6,3,0,0,0,0,-1,5,1
23631,76.69652873,8.865051599,1,3,2,1,3,10:45,27,E09000009,5,0,6,30,3,4,6,0,0,0,1,1,1,0,0,1,1,E01001246,18-01-2018,2,1,1,1,16,4,3,0,0,0,0,-1,1,1
23632,76.67767585,8.877381794,1,3,2,1,1,12:49,27,E09000009,6,0,6,30,0,-1,-1,0,0,0,1,1,1,0,0,1,1,E01001370,30-01-2018,1,1,1,1,24,5,3,0,0,0,0,-1,9,1
23633,76.66570588,8.886436822,1,2,1,1,6,16:13,27,E09000009,3,4127,3,30,3,4,6,0,0,0,1,2,2,0,0,1,1,E01001267,28-01-2018,2,2,1,2,25,5,3,0,0,0,0,-1,9,1
23634,76.67085108,8.89595004,1,3,1,1,5,23:15,27,E09000009,3,4020,3,30,0,-1,-1,0,0,4,4,2,2,0,0,1,1,E01001221,27-01-2018,1,1,1,1,16,4,3,0,0,0,0,-1,2,1
23635,76.6205217,8.887183892,1,3,2,1,5,17:20,27,E09000009,4,312,1,30,1,2,3,312,0,0,4,2,2,0,0,1,2,E01001328,27-01-2018,1,1,2,2,22,5,3,0,0,1,0,-1,9,1
23636,76.61856557,8.886007144,1,3,1,1,3,08:25,27,E09000009,3,40,2,50,5,4,3,4127,0,0,1,8,2,0,0,1,1,E01001349,25-01-2018,1,1,3,1,8,2,3,5,1,0,0,-1,0,1
23637,76.61341651,8.871698296,1,3,2,1,1,10:00,27,E09000009,6,0,3,30,3,4,3,4020,0,0,1,1,1,0,0,1,1,E01001359,30-01-2018,1,1,2,2,78,11,3,0,0,1,0,-1,9,1
23638,76.61554513,8.884475353,1,3,2,1,2,13:28,11,E09000013,5,0,6,30,3,4,6,0,0,5,1,1,1,0,0,1,1,E01001959,24-01-2018,1,1,2,2,1,1,3,0,0,2,0,-1,9,1
23639,76.64888913,8.872382606,1,3,2,1,1,16:33,27,E09000009,6,0,6,30,3,4,4,455,0,0,4,1,1,0,0,1,1,E01001261,23-01-2018,3,1,1,2,29,6,3,0,0,0,0,-1,9,1
23640,76.6763636,8.894397755,1,2,3,1,3,17:56,27,E09000009,3,4020,6,30,3,4,6,0,0,0,4,1,2,0,0,1,1,E01001354,25-01-2018,1,1,3,2,41,7,2,1,9,0,0,-1,0,1
23641,76.64279518,8.868402343,1,3,2,2,6,21:55,27,E09000009,3,40,2,40,7,2,3,406,0,5,4,1,1,0,0,1,1,E01001278,21-01-2018,1,1,1,1,58,9,3,0,0,0,0,-1,9,1
23642,76.67101153,8.891490099,1,3,2,1,6,08:30,27,E09000009,5,0,6,30,8,4,6,0,0,0,1,1,1,0,0,1,2,E01001243,14-01-2018,2,1,1,2,23,5,2,0,0,0,0,-1,3,1
23643,76.69638065,8.877141457,1,3,2,1,7,20:30,27,E09000009,3,4127,6,30,0,-1,-1,0,0,0,4,1,1,0,0,1,3,E01001261,22-01-2018,1,1,1,1,61,9,3,0,0,0,0,-1,9,3
23644,76.67603086,8.88319234,1,3,2,1,2,09:05,27,E09000009,3,3005,1,30,1,4,3,3005,0,0,1,1,1,0,0,1,1,E01001369,31-01-2018,2,1,1,1,39,7,2,0,0,0,0,-1,1,1
23645,76.64491133,8.883364699,1,2,2,1,6,17:37,27,E09000009,3,4127,6,30,0,-1,-1,0,0,0,4,1,2,0,0,1,1,E01001218,28-01-2018,1,1,3,1,19,4,3,5,1,0,0,-1,0,1
23646,76.69099914,8.883980773,1,3,2,1,2,18:35,27,E09000009,3,4020,6,30,3,4,6,0,0,0,4,1,1,0,0,1,1,E01001250,31-01-2018,1,1,1,1,19,4,3,0,0,0,0,-1,9,1
23647,76.62723331,8.89402636,1,3,2,1,6,21:59,27,E09000009,6,0,6,30,3,4,3,4020,0,0,4,1,1,0,0,1,1,E01001351,28-01-2018,2,2,1,1,37,7,3,0,0,0,0,-1,9,1
23648,76.64328244,8.890450249,1,3,1,1,7,06:28,27,E09000009,3,40,3,40,3,4,5,0,0,0,1,2,2,0,0,1,1,E01001196,12-02-2018,2,1,1,1,29,6,3,0,0,0,0,-1,3,-1
23649,76.69673653,8.86952453,1,3,2,1,4,16:36,27,E09000009,6,0,6,30,3,4,6,0,0,0,4,1,1,0,0,1,1,E01001373,23-02-2018,1,1,1,1,37,7,3,0,0,0,0,-1,21,1
23650,76.62422674,8.88456125,1,3,3,1,6,18:00,27,E09000009,4,4023,6,30,0,-1,-1,0,0,0,1,1,1,0,0,1,2,E01001239,28-01-2018,1,1,3,1,28,6,3,5,3,0,0,-1,0,1
23651,76.66028952,8.887280082,1,3,2,2,7,14:40,25,E09000018,5,0,6,30,3,4,6,0,0,0,1,1,1,0,0,1,3,E01002637,29-01-2018,2,1,1,1,31,6,3,0,0,0,0,-1,3,1
23652,76.68310232,8.894724467,1,3,1,1,7,00:15,32,E09000010,3,1055,6,40,9,4,6,0,0,0,4,1,1,0,0,1,1,E01001427,01-01-2018,1,1,1,1,42,7,3,0,0,0,0,-1,9,1
23653,76.68860664,8.887818252,1,2,1,1,4,14:02,32,E09000010,3,1005,6,40,0,-1,-1,0,0,0,1,1,1,0,0,2,1,E01001417,05-01-2018,2,2,1,2,41,7,3,0,0,0,0,-1,9,-1
23654,76.63675962,8.8751456,1,3,3,1,2,18:10,32,E09000010,1,25,3,70,0,-1,-1,0,0,0,4,1,1,0,0,2,1,E01001412,10-01-2018,2,1,1,1,37,7,3,0,0,0,0,-1,9,1
23655,76.62279667,8.894347901,1,3,1,1,2,14:18,32,E09000010,3,1010,6,30,0,-1,-1,0,0,0,1,1,1,0,0,1,1,E01001507,03-01-2018,3,1,1,1,43,7,3,0,0,0,0,-1,9,1
23656,76.63269181,8.881214853,1,3,3,1,3,17:00,32,E09000010,6,0,6,30,0,-1,-1,0,0,0,4,2,2,0,0,1,1,E01001418,04-01-2018,1,1,1,2,38,7,3,0,0,0,0,-1,9,1
23657,76.6993406,8.864943349,1,3,1,1,6,00:26,32,E09000010,3,109,6,30,6,4,6,0,0,0,4,1,1,0,0,1,1,E01001528,07-01-2018,1,1,2,2,23,5,3,0,0,1,0,-1,9,1
23658,76.66527044,8.868899456,1,2,2,1,6,08:05,32,E09000010,3,10,3,40,3,4,5,0,0,4,1,1,1,0,0,1,1,E01001478,07-01-2018,1,1,1,1,34,6,3,0,0,0,0,-1,9,1
23659,76.66952038,8.895617051,1,3,4,1,3,13:40,32,E09000010,6,0,2,30,3,4,6,0,0,0,1,1,2,0,0,1,1,E01001451,11-01-2018,1,1,1,1,16,4,3,0,0,0,0,-1,3,1
23660,76.68030162,8.879393215,1,3,1,1,6,10:04,32,E09000010,5,0,6,30,9,4,6,0,0,1,1,1,1,0,0,1,1,E01001542,07-01-2018,1,1,2,1,7,2,3,0,0,2,0,-1,9,1
23661,76.66692118,8.873521751,1,3,3,1,2,17:25,4,E09000012,6,0,6,30,0,-1,-1,0,0,0,4,1,1,0,0,1,1,E01001747,03-01-2018,1,2,1,2,35,6,3,0,0,0,0,-1,9,1
23662,76.62514401,8.895280853,1,3,2,2,1,17:38,32,E09000010,5,0,6,30,6,4,6,0,0,0,4,1,1,0,0,1,1,E01001400,02-01-2018,1,1,1,1,51,8,3,0,0,0,0,-1,9,1
23663,76.64570357,8.86547128,1,3,2,1,3,12:52,32,E09000010,3,1010,3,30,3,4,5,0,0,5,1,1,1,0,0,1,1,E01001547,04-01-2018,1,1,2,1,52,8,3,0,0,1,0,-1,9,1
23664,76.62712696,8.882551384,1,3,2,2,3,19:31,32,E09000010,3,1010,6,30,3,4,6,0,0,1,4,1,1,0,0,1,1,E01001440,04-01-2018,1,1,1,2,19,4,3,0,0,0,0,-1,9,1
23665,76.69509019,8.864472306,1,3,1,1,4,22:22,32,E09000010,6,0,6,30,0,-1,-1,0,0,0,4,2,2,0,0,1,1,E01001522,05-01-2018,2,2,1,2,46,8,3,0,0,0,0,-1,9,1
23666,76.68818577,8.884853907,1,3,2,1,6,11:28,32,E09000010,3,105,6,30,6,2,3,111,0,0,1,1,1,0,0,1,1,E01001495,07-01-2018,1,1,1,1,17,4,3,0,0,0,0,-1,3,-1
23667,76.69821626,8.893879912,1,3,1,1,1,11:16,32,E09000010,6,0,6,30,0,-1,-1,0,0,0,1,1,1,0,0,1,1,E01001551,02-01-2018,2,1,1,1,41,7,3,0,0,0,0,-1,1,1
23668,76.61410357,8.89157504,1,3,2,1,3,16:30,32,E09000010,3,1010,1,30,1,4,3,1010,0,1,4,2,2,0,0,1,1,E01001555,04-01-2018,1,1,1,2,23,5,3,0,0,0,0,-1,9,1
23669,76.66602194,8.876390084,1,3,2,2,2,15:50,32,E09000010,5,0,6,30,6,4,6,0,0,0,1,2,2,0,0,1,1,E01001536,10-01-2018,1,1,3,2,33,6,3,1,9,0,0,-1,0,1
23670,76.64170192,8.869081164,1,3,2,1,3,23:02,32,E09000010,4,151,6,30,3,4,6,0,0,0,4,1,1,0,0,1,1,E01001391,11-01-2018,1,1,1,2,25,5,3,0,0,0,0,-1,9,-1
23671,76.62692299,8.876875286,1,3,2,1,4,15:15,32,E09000010,6,0,6,30,3,2,3,1055,0,0,1,1,1,0,0,1,1,E01001490,12-01-2018,2,2,1,2,48,8,3,0,0,0,0,-1,9,-1
23672,76.62082532,8.879283327,1,3,3,1,7,22:00,32,E09000010,5,0,6,30,3,4,6,0,0,0,4,1,1,0,0,1,3,E01001537,08-01-2018,2,1,2,2,18,4,3,0,0,0,3,-1,11,1
23673,76.67713148,8.877709849,1,3,2,1,2,13:44,32,E09000010,5,0,6,30,3,4,6,0,0,0,1,1,1,0,0,1,1,E01001411,24-01-2018,1,1,1,2,50,8,3,0,0,0,0,-1,9,1
23674,76.64987687,8.866665038,1,3,2,1,1,15:09,32,E09000010,3,1010,6,30,0,-1,-1,0,0,0,1,1,1,0,0,1,1,E01001425,16-01-2018,2,1,1,1,30,6,3,0,0,0,0,-1,3,1
23675,76.6640636,8.865973961,1,3,1,1,5,15:45,32,E09000010,3,1005,6,30,9,4,6,0,0,0,1,1,2,0,0,1,1,E01001471,27-01-2018,2,1,1,2,18,4,3,0,0,0,0,-1,9,1
23676,76.61948538,8.87681398,1,3,4,1,3,18:18,32,E09000010,3,406,3,40,0,-1,-1,0,0,0,4,2,2,0,0,1,1,E01001559,25-01-2018,1,1,1,1,38,7,3,0,0,0,0,-1,9,1
23677,76.69337594,8.874482574,1,2,1,1,5,20:40,32,E09000010,3,1010,6,30,3,2,5,0,0,5,4,8,2,0,0,1,1,E01001485,27-01-2018,2,2,2,2,30,6,3,0,0,1,0,-1,9,1
23678,76.62313198,8.88378608,1,3,3,4,1,10:33,32,E09000010,3,10,3,50,6,2,4,154,0,5,1,1,1,0,0,1,1,E01001461,02-01-2018,2,1,1,1,31,6,3,0,0,0,0,-1,1,1
23679,76.66608684,8.867068643,1,2,1,1,7,18:56,32,E09000010,3,110,6,30,0,-1,-1,0,0,0,4,1,1,0,0,1,1,E01001536,15-01-2018,1,1,1,1,56,9,3,0,0,0,0,-1,9,-1
23680,76.69561687,8.865268207,1,3,2,1,2,16:39,32,E09000010,6,0,6,30,3,4,3,1110,0,0,4,2,2,0,0,1,1,E01001534,17-01-2018,1,2,2,2,55,8,3,0,0,1,0,-1,9,-1
23681,76.67880908,8.882017249,1,3,1,1,2,09:00,32,E09000010,6,0,6,30,3,4,6,0,0,0,1,2,2,0,0,1,1,E01001441,17-01-2018,1,1,1,1,16,4,3,0,0,0,0,-1,1,1
23682,76.68950846,8.894665004,1,3,2,1,4,19:41,32,E09000010,6,0,6,30,3,4,3,111,0,1,4,1,2,0,0,1,1,E01000172,19-01-2018,2,1,2,2,77,11,3,0,0,1,0,-1,9,-1
23683,76.64458263,8.879994808,1,3,1,2,7,09:50,32,E09000010,1,25,3,70,0,-1,-1,0,0,0,1,1,2,0,1,2,1,E01001412,29-01-2018,1,1,1,1,30,6,3,0,0,0,0,-1,5,1
23684,76.66557326,8.895932119,1,3,2,1,1,23:30,32,E09000010,6,0,6,30,0,-1,-1,0,0,0,4,9,2,0,0,1,1,E01001564,09-01-2018,2,1,1,1,14,3,3,0,0,0,0,-1,1,-1
23685,76.63958642,8.868850557,1,2,2,1,2,12:50,32,E09000010,4,137,6,30,3,4,6,0,0,0,1,1,1,0,0,1,1,E01001426,24-01-2018,1,1,1,1,16,4,3,0,0,0,0,-1,2,1
23686,76.65492087,8.874387195,1,3,2,1,3,13:20,32,E09000010,3,406,2,30,5,4,3,406,0,5,1,1,1,0,0,1,1,E01001425,01-02-2018,2,2,1,2,29,6,3,0,0,0,0,-1,2,1
23687,76.69267341,8.893196695,1,3,2,1,7,18:25,31,E09000014,3,109,7,30,5,4,6,0,0,0,4,1,1,0,0,1,1,E01001973,05-02-2018,2,1,3,1,42,7,3,9,5,0,0,-1,0,1
23688,76.6680213,8.879533886,1,3,1,1,5,14:43,32,E09000010,3,1010,6,30,0,-1,-1,0,0,0,1,1,1,0,0,1,1,E01001517,13-01-2018,1,1,2,2,53,8,3,0,0,1,0,-1,9,1
23689,76.64266437,8.877549982,1,3,2,2,5,18:00,32,E09000010,3,110,3,30,6,2,3,10,0,5,4,1,1,0,0,1,1,E01001513,13-01-2018,2,1,1,2,33,6,3,0,0,0,0,-1,9,1
23690,76.68164503,8.892511275,1,3,1,1,5,10:43,32,E09000010,5,0,6,30,0,-1,-1,0,0,0,1,1,1,0,0,1,1,E01001461,13-01-2018,2,2,2,1,9,2,3,0,0,1,0,-1,9,1
23691,76.66729432,8.885459224,1,3,2,1,6,20:05,32,E09000010,3,10,3,50,6,2,3,10,0,5,1,1,1,0,0,1,1,E01001515,07-01-2018,1,1,1,1,25,5,3,0,0,0,0,-1,20,1
23692,76.69082776,8.882343031,1,3,1,1,6,16:46,32,E09000010,5,0,1,30,2,4,6,0,0,0,4,1,1,0,0,1,1,E01001569,14-01-2018,2,2,1,1,41,7,3,0,0,0,0,-1,11,1
23693,76.68326671,8.883770245,1,3,2,1,5,17:02,32,E09000010,3,1055,3,40,3,4,6,0,0,0,1,2,2,0,0,1,1,E01001506,27-01-2018,1,1,1,1,27,6,3,0,0,0,0,-1,1,1
23694,76.69018099,8.87292701,1,3,2,1,1,01:45,32,E09000010,3,10,3,40,3,2,4,154,0,0,4,1,1,0,0,1,1,E01001404,30-01-2018,2,1,1,1,50,8,3,0,0,0,0,-1,1,1
23695,76.65227517,8.874125911,1,3,2,1,3,06:48,32,E09000010,3,10,3,40,3,4,6,0,0,0,4,1,2,0,0,1,1,E01001459,11-01-2018,1,1,1,1,49,8,3,0,0,0,0,-1,8,1
23696,76.65627185,8.890367748,1,3,1,1,6,13:30,32,E09000010,5,0,6,30,0,-1,-1,0,0,0,1,2,2,0,0,2,1,E01001412,28-01-2018,2,2,1,1,48,8,3,0,0,0,0,-1,9,1
23697,76.65377599,8.888473814,1,3,2,1,2,09:15,32,E09000010,3,10,6,30,6,2,4,154,0,0,1,1,1,0,0,1,1,E01001404,07-02-2018,3,1,1,2,42,7,3,0,0,0,0,-1,9,1
23698,76.60975864,8.892714373,1,3,1,1,3,18:25,32,E09000010,3,110,6,30,3,4,3,110,0,0,4,1,1,0,0,1,2,E01001536,08-02-2018,4,2,1,2,51,8,3,0,0,0,0,-1,9,1
23699,76.66659686,8.883599478,1,2,2,1,1,14:40,32,E09000010,5,0,6,30,3,4,6,0,0,0,1,1,1,0,0,1,1,E01001398,06-02-2018,2,1,1,1,26,6,3,0,0,0,0,-1,5,-1