Accident_Index,longitude,latitude,Police_Force,Accident_Severity,Number_of_Vehicles,Number_of_Casualties,Day_of_Week,Time,Local_Authority_(District),Local_Authority_(Highway),1st_Road_Class,1st_Road_Number,Road_Type,Speed_limit,Junction_Detail,Junction_Control,2nd_Road_Class,2nd_Road_Number,Pedestrian_Crossing-Human_Control,Pedestrian_Crossing-Physical_Facilities,Light_Conditions,Weather_Conditions,Road_Surface_Conditions,Special_Conditions_at_Site,Carriageway_Hazards,Urban_or_Rural_Area,Did_Police_Officer_Attend_Scene_of_Accident,LSOA_of_Accident_Location,Date,Vehicle_Reference,Casualty_Reference,Casualty_Class,Sex_of_Casualty,Age_of_Casualty,Age_Band_of_Casualty,Casualty_Severity,Pedestrian_Location,Pedestrian_Movement,Car_Passenger,Bus_or_Coach_Passenger,Pedestrian_Road_Maintenance_Worker,Casualty_Type,Casualty_Home_Area_Type
23821,76.63970888,8.876142244,1,3,1,3,4,10:56,32,E09000010,6,0,6,30,0,-1,-1,0,0,0,1,1,1,0,0,1,1,E01001465,23-03-2018,1,1,2,2,72,10,2,0,0,0,4,-1,11,-1
23822,76.68790324,8.868113673,1,3,4,1,3,12:40,32,E09000010,3,111,6,30,3,4,6,0,0,0,1,1,1,0,0,1,1,E01001565,15-03-2018,1,2,2,2,67,10,3,0,0,0,3,-1,11,1
23823,76.67542395,8.881971572,1,2,1,4,6,23:00,32,E09000010,3,110,6,30,3,4,6,0,0,4,4,1,1,0,0,1,1,E01001511,25-03-2018,1,1,1,1,46,8,3,0,0,0,0,-1,5,1
23824,76.62422897,8.871708759,1,3,2,1,6,17:15,32,E09000010,3,406,3,30,0,-1,-1,0,0,0,4,1,1,0,0,1,2,E01001530,11-03-2018,1,1,1,1,17,4,3,0,0,0,0,-1,3,1
23825,76.64021822,8.873193093,1,3,2,1,7,11:55,32,E09000010,3,10,3,40,0,-1,-1,0,0,0,1,1,1,0,0,1,1,E01001412,12-03-2018,3,1,1,2,42,7,3,0,0,0,0,-1,9,1
23826,76.68771418,8.87335673,1,3,2,1,5,23:45,32,E09000010,3,406,3,50,0,-1,-1,0,0,0,4,1,1,0,0,1,1,E01001397,17-03-2018,4,1,2,2,65,9,3,0,0,1,0,-1,9,3
23827,76.62910608,8.876137335,1,3,2,2,1,20:42,32,E09000010,3,1010,6,30,6,4,6,0,0,0,4,1,1,0,0,1,1,E01001558,03-04-2018,1,1,2,2,84,11,3,0,0,0,4,-1,11,-1
23828,76.68370061,8.885690851,1,3,1,1,1,07:22,32,E09000010,6,0,6,30,2,4,6,0,0,0,1,1,1,0,0,1,1,E01001427,13-03-2018,1,2,2,2,37,7,3,0,0,0,4,-1,11,1
23829,76.66775706,8.866746782,1,3,2,1,3,15:40,32,E09000010,5,0,6,30,3,4,6,0,0,0,1,1,1,0,0,1,2,E01001515,15-03-2018,2,3,2,2,26,6,3,0,0,0,4,-1,11,1
23830,76.67518351,8.894249069,1,3,1,1,5,12:59,32,E09000010,6,0,6,30,0,-1,-1,0,0,0,1,1,1,0,0,1,1,E01001492,17-03-2018,2,1,1,1,20,4,3,0,0,0,0,-1,3,1
23831,76.62199234,8.871719201,1,3,1,1,2,16:40,32,E09000010,3,110,6,30,3,2,6,0,0,5,1,1,1,0,0,1,1,E01001450,28-03-2018,2,2,2,2,19,4,3,0,0,0,0,-1,3,1
23832,76.65704783,8.880276228,1,3,2,1,5,16:10,32,E09000010,3,1010,6,30,3,2,6,0,0,0,1,1,2,1,0,1,1,E01001479,07-04-2018,2,1,1,1,32,6,3,0,0,0,0,-1,1,1
23833,76.61125784,8.872652751,1,3,1,1,4,07:50,32,E09000010,5,0,6,30,3,4,5,0,0,0,1,2,2,0,0,2,1,E01001412,23-03-2018,1,1,1,1,49,8,3,0,0,0,0,-1,9,1
23834,76.64835963,8.887677263,1,3,3,1,7,21:33,32,E09000010,3,110,6,30,3,4,6,0,0,0,4,1,1,0,0,1,1,E01001536,09-04-2018,1,1,1,1,30,6,3,0,0,0,0,-1,1,1
23835,76.67521555,8.865853925,1,3,3,1,3,18:00,32,E09000010,5,0,6,40,6,2,3,10,0,0,4,1,1,0,0,1,2,E01001516,29-03-2018,2,1,1,2,23,5,3,0,0,0,0,-1,9,1
23836,76.61468765,8.885183454,1,3,2,1,5,10:00,32,E09000010,1,25,3,70,0,-1,-1,0,0,0,1,1,1,0,0,2,1,E01001412,17-03-2018,1,2,1,1,18,4,3,0,0,0,0,-1,9,1
23837,76.66904733,8.871998177,1,3,2,1,4,09:52,32,E09000010,3,10,6,30,0,-1,-1,0,0,0,1,2,2,0,0,1,1,E01001407,06-04-2018,1,3,2,1,18,4,3,0,0,1,0,-1,9,-1
23838,76.60925716,8.868610907,1,3,2,1,6,00:25,32,E09000010,3,110,6,30,0,-1,-1,0,0,0,4,1,2,0,0,1,1,E01001415,25-03-2018,2,1,1,1,58,9,2,0,0,0,0,-1,9,2
23839,76.64466021,8.877833961,1,3,2,1,2,13:10,32,E09000010,6,0,6,30,3,2,3,110,0,5,1,1,1,0,0,1,1,E01001513,04-04-2018,3,4,1,1,30,6,3,0,0,0,0,-1,9,1
23840,76.63164454,8.87911912,1,3,3,1,1,09:40,32,E09000010,3,105,6,30,6,2,3,10,0,0,1,1,1,0,0,1,2,E01001551,20-03-2018,1,1,1,2,36,7,3,0,0,0,0,-1,9,1
23841,76.66225782,8.870348685,1,3,2,1,6,08:30,32,E09000010,1,25,3,70,0,-1,-1,0,0,0,1,1,1,0,0,2,1,E01001412,18-03-2018,1,2,2,1,8,2,3,0,0,2,0,-1,9,1
23842,76.66911304,8.88830603,1,3,2,1,6,14:38,32,E09000010,5,0,6,30,6,2,5,0,0,0,1,1,1,0,0,1,1,E01001544,01-04-2018,3,3,1,1,-1,-1,3,0,0,0,0,-1,19,-1
23843,76.67824358,8.876417065,1,3,1,1,7,12:00,32,E09000010,6,0,6,30,3,4,3,1010,0,0,1,1,1,0,0,1,2,E01001487,02-04-2018,1,1,1,2,53,8,3,0,0,0,0,-1,1,1
23844,76.65043669,8.889982074,1,3,2,1,3,07:38,32,E09000010,5,0,6,30,3,4,3,10,0,0,1,1,1,0,0,1,2,E01001401,05-04-2018,3,1,1,1,44,7,3,0,0,0,0,-1,9,1
23845,76.64783473,8.884381448,1,3,2,1,6,17:30,32,E09000010,3,105,3,30,6,2,3,406,0,0,4,1,1,0,0,1,1,E01001394,18-03-2018,2,1,1,1,34,6,3,0,0,0,0,-1,1,1
23846,76.67150295,8.864823069,1,3,1,1,4,09:22,32,E09000010,5,0,6,30,3,2,3,406,0,5,1,1,1,0,0,1,1,E01001425,16-03-2018,1,1,2,2,19,4,3,0,0,1,0,-1,9,1
23847,76.62009034,8.888679755,1,3,1,1,7,17:50,32,E09000010,6,0,2,30,8,4,3,406,0,0,1,1,1,0,0,1,1,E01001432,09-04-2018,2,1,1,1,16,4,3,0,0,0,0,-1,2,1
23848,76.64991216,8.867844305,1,2,2,1,7,17:25,32,E09000010,1,25,3,70,0,-1,-1,0,0,0,1,1,1,0,0,2,1,E01001412,09-04-2018,2,1,2,1,-1,-1,3,0,0,1,0,-1,9,1
23849,76.6603317,8.887153464,1,3,2,2,5,09:00,32,E09000010,6,0,6,30,0,-1,-1,0,0,0,1,1,1,0,0,1,3,E01001503,17-03-2018,2,2,1,2,48,8,3,0,0,0,0,-1,9,1
23850,76.63439367,8.880740765,1,3,3,1,5,08:57,32,E09000010,1,25,3,70,0,-1,-1,0,0,0,1,1,1,0,0,2,1,E01001551,24-03-2018,2,3,2,2,28,6,3,0,0,2,0,-1,9,-1
23851,76.69910057,8.866921327,1,3,2,2,4,15:10,32,E09000010,1,25,3,70,0,-1,-1,0,0,0,1,1,1,0,0,2,1,E01001412,30-03-2018,1,1,2,1,11,3,3,0,0,2,0,-1,9,1
23852,76.63758022,8.872656752,1,3,2,2,2,10:00,32,E09000010,3,1010,6,30,6,4,6,0,0,4,1,1,1,0,0,1,2,E01001558,14-03-2018,1,2,2,1,7,2,3,0,0,2,0,-1,9,1
23853,76.66141418,8.869139091,1,3,2,1,4,17:50,32,E09000010,3,105,6,30,6,2,3,406,0,0,4,1,1,0,0,1,2,E01001501,16-03-2018,1,1,1,1,42,7,3,0,0,0,0,-1,9,1
23854,76.6873722,8.89130104,1,3,2,1,1,20:22,32,E09000010,6,0,6,30,8,4,3,1010,0,0,4,1,1,0,0,1,1,E01001479,27-03-2018,2,2,1,1,35,6,3,0,0,0,0,-1,9,1
23855,76.62784221,8.866630334,1,3,2,1,6,18:45,32,E09000010,5,0,6,30,3,4,3,10,0,0,1,1,1,0,0,1,1,E01001401,01-04-2018,1,1,2,2,18,4,3,0,0,2,0,-1,9,1
23856,76.6560326,8.892404324,1,3,2,1,1,07:30,32,E09000010,1,25,3,70,0,-1,-1,0,0,0,1,1,1,0,0,2,1,E01001412,03-04-2018,1,1,1,2,28,6,2,0,0,0,0,-1,2,1
23857,76.65033107,8.885189403,1,3,2,1,3,13:35,32,E09000010,5,0,6,30,6,4,5,0,0,0,1,1,1,0,0,1,1,E01001561,12-04-2018,2,1,1,1,70,10,3,0,0,0,0,-1,1,1
23858,76.67588879,8.888043508,1,3,1,2,3,16:51,32,E09000010,3,10,6,40,0,-1,-1,0,0,0,1,1,1,0,0,1,1,E01001404,12-04-2018,2,1,2,2,25,5,3,0,0,2,0,-1,9,1
23859,76.69893217,8.872295095,1,3,2,1,6,04:53,32,E09000010,3,1055,1,40,1,4,3,1055,0,0,4,1,1,0,0,1,1,E01001427,08-04-2018,1,1,1,1,16,4,3,0,0,0,0,-1,2,1
23860,76.67568281,8.8735527,1,3,2,4,5,22:20,32,E09000010,4,137,6,30,3,4,6,0,0,0,4,1,1,0,0,1,1,E01001426,21-04-2018,1,1,1,1,25,5,2,0,0,0,0,-1,1,1
23861,76.63289916,8.891041026,1,3,2,1,3,12:23,32,E09000010,3,105,6,30,3,4,6,0,0,0,1,1,1,0,0,1,1,E01001569,12-04-2018,2,1,1,1,23,5,3,0,0,0,0,-1,9,1
23862,76.63138301,8.870229732,1,3,2,1,3,18:00,32,E09000010,3,1010,1,30,2,4,5,0,0,0,1,1,1,0,0,1,1,E01001439,12-04-2018,1,1,1,2,30,6,3,0,0,0,0,-1,9,1
23863,76.69428861,8.871203675,1,3,3,1,3,22:06,32,E09000010,3,406,7,70,0,-1,-1,0,0,0,4,1,2,0,0,1,1,E01001458,12-04-2018,1,1,1,1,33,6,3,0,0,0,0,-1,19,3
23864,76.65616446,8.866386385,1,3,2,1,4,15:30,32,E09000010,3,1055,6,40,6,2,5,0,0,5,1,1,1,0,0,1,1,E01001445,23-03-2018,2,1,1,1,16,4,2,0,0,0,0,-1,1,-1
23865,76.6137077,8.873351588,1,3,2,1,1,15:52,32,E09000010,5,0,6,30,3,4,6,0,0,4,1,1,1,0,0,1,1,E01001542,03-04-2018,1,1,1,2,27,6,3,0,0,0,0,-1,9,1
23866,76.64449814,8.870736244,1,3,1,1,5,19:45,32,E09000010,6,0,6,30,0,-1,-1,0,0,0,4,9,1,0,0,1,1,E01001420,07-04-2018,2,1,1,1,40,7,3,0,0,0,0,-1,9,1
23867,76.66614156,8.895743995,1,3,2,1,7,11:59,32,E09000010,6,0,6,30,3,4,6,0,0,0,1,1,1,0,0,1,1,E01001438,09-04-2018,3,2,1,1,45,7,3,0,0,0,0,-1,9,1
23868,76.6656659,8.869457002,1,3,2,1,6,12:23,32,E09000010,3,406,3,30,3,4,6,0,0,0,1,1,1,0,0,1,1,E01001530,01-04-2018,1,1,1,2,20,4,3,0,0,0,0,-1,9,1
23869,76.63908603,8.878135178,1,3,1,1,3,15:00,32,E09000010,3,1010,6,30,3,4,5,0,0,1,1,1,1,0,0,1,2,E01001439,03-05-2018,2,1,1,2,17,4,3,0,0,0,0,-1,9,1
23870,76.67319677,8.881564804,1,3,2,1,6,11:00,32,E09000010,3,1010,6,30,6,2,5,0,0,0,1,1,1,0,0,1,1,E01001507,22-04-2018,2,1,1,1,30,6,3,0,0,0,0,-1,19,1
23871,76.67506572,8.881565209,1,3,2,1,1,14:45,32,E09000010,5,0,6,30,6,4,6,0,0,0,1,1,1,0,0,1,2,E01001518,16-01-2018,1,1,1,1,41,7,3,0,0,0,0,-1,3,1
23872,76.66087861,8.881866761,1,3,2,1,1,09:20,32,E09000010,3,110,6,30,0,-1,-1,0,0,5,1,1,1,0,0,1,3,E01001513,16-01-2018,1,1,1,2,29,6,3,0,0,0,0,-1,9,1
23873,76.65327053,8.882840767,1,3,2,1,1,18:00,32,E09000010,6,0,6,30,0,-1,-1,0,0,0,4,1,1,0,0,1,2,E01001505,16-01-2018,2,2,1,1,37,7,3,0,0,0,0,-1,9,1
23874,76.61189931,8.869265283,1,3,2,1,2,15:50,32,E09000010,3,406,3,50,3,4,5,0,0,0,1,1,1,0,0,1,1,E01001394,28-03-2018,1,1,1,1,50,8,3,0,0,0,0,-1,9,1
23875,76.68882827,8.871299098,1,3,3,1,3,16:05,32,E09000010,5,0,6,30,3,4,6,0,0,0,1,1,1,0,0,1,1,E01001472,26-04-2018,1,1,1,1,25,5,3,0,0,0,0,-1,9,1
23876,76.60906886,8.87624851,1,3,2,3,1,23:34,32,E09000010,3,1004,6,30,3,4,6,0,0,0,4,1,1,0,0,1,2,E01001501,10-04-2018,1,1,3,2,-1,-1,3,8,9,0,0,-1,0,-1
23877,76.67022645,8.890248316,1,3,2,1,2,10:00,32,E09000010,4,137,6,30,0,-1,-1,0,0,0,1,2,2,0,0,1,2,E01001481,18-04-2018,2,1,1,1,41,7,3,0,0,0,0,-1,1,1
23878,76.68044881,8.892800332,1,3,1,1,1,21:28,32,E09000010,5,0,6,30,0,-1,-1,0,0,0,4,2,2,0,0,1,1,E01001488,17-04-2018,1,1,1,1,81,11,3,0,0,0,0,-1,9,1
23879,76.69479184,8.893372577,1,3,1,1,3,15:18,32,E09000010,5,0,6,30,3,4,6,0,0,0,1,1,1,0,0,1,1,E01001516,19-04-2018,1,1,1,2,-1,-1,3,0,0,0,0,-1,1,-1
23880,76.65977432,8.883658287,1,3,3,2,6,15:33,32,E09000010,1,25,3,70,0,-1,-1,0,0,0,1,1,1,0,0,2,1,E01001412,29-04-2018,1,1,1,1,18,4,3,0,0,0,0,-1,3,1
23881,76.61811609,8.88617924,1,3,2,1,4,19:47,32,E09000010,3,1010,6,30,3,4,5,0,0,1,4,1,1,0,0,1,1,E01001439,20-04-2018,1,1,1,2,23,5,3,0,0,0,0,-1,9,1
23882,76.68826768,8.883025962,1,3,2,1,2,18:43,32,E09000010,6,0,6,30,0,-1,-1,0,0,0,1,1,1,0,0,1,1,E01001432,18-04-2018,3,2,1,2,47,8,3,0,0,0,0,-1,8,1
23883,76.6713913,8.876085316,1,3,2,1,7,12:14,32,E09000010,6,0,6,30,6,4,6,0,0,0,1,1,1,0,0,1,1,E01001495,16-04-2018,1,1,2,2,20,4,3,0,0,1,0,-1,9,1
23884,76.65868747,8.873839694,1,3,1,1,5,08:00,32,E09000010,3,1010,6,30,3,4,6,0,0,0,1,1,1,0,0,1,1,E01001558,14-04-2018,1,2,1,2,21,5,3,0,0,0,0,-1,9,1
23885,76.65668334,8.88491474,1,3,2,1,3,18:04,32,E09000010,3,406,6,30,0,-1,-1,0,0,0,1,1,1,0,0,1,2,E01001528,26-04-2018,1,1,2,2,25,5,3,0,0,0,4,-1,11,-1
23886,76.6760932,8.887802884,1,3,2,1,3,08:10,32,E09000010,3,1055,6,30,0,-1,-1,0,0,0,1,1,1,0,0,1,2,E01001437,26-04-2018,2,1,1,1,66,10,3,0,0,0,0,-1,1,1
23887,76.63205458,8.866149919,1,3,1,1,2,10:45,32,E09000010,5,0,6,30,0,-1,-1,0,0,0,1,1,1,0,0,1,1,E01001466,18-04-2018,3,1,1,1,23,5,3,0,0,0,0,-1,9,1
23888,76.61491073,8.87696613,1,3,2,1,4,17:30,32,E09000010,5,0,6,30,3,4,3,1010,0,0,1,1,1,0,0,1,2,E01001491,27-04-2018,1,1,1,1,39,7,3,0,0,0,0,-1,5,1
23889,76.67270076,8.865314508,1,3,2,1,1,10:05,32,E09000010,5,0,6,30,0,-1,-1,0,0,0,1,1,1,0,0,1,1,E01001544,17-04-2018,1,1,1,1,31,6,3,0,0,0,0,-1,1,1
23890,76.65173395,8.877807237,1,3,2,1,6,10:30,32,E09000010,3,1055,6,30,6,2,6,0,0,0,1,1,1,0,0,1,1,E01001444,29-04-2018,2,1,1,1,24,5,2,0,0,0,0,-1,3,-1
23891,76.67250871,8.873208602,1,3,1,1,1,01:15,32,E09000010,6,0,6,30,0,-1,-1,0,0,0,4,1,1,0,0,1,1,E01001485,24-04-2018,1,1,1,1,26,6,3,0,0,0,0,-1,9,1
23892,76.69449037,8.881122819,1,3,2,1,1,19:49,32,E09000010,3,1010,6,30,3,4,6,0,0,0,4,1,1,0,0,1,1,E01001425,24-04-2018,1,1,3,1,34,6,3,1,3,0,0,-1,0,-1
23893,76.63640495,8.886335195,1,3,1,1,4,18:20,32,E09000010,6,0,6,30,0,-1,-1,0,0,0,1,1,1,0,0,1,1,E01001527,27-04-2018,2,1,1,1,36,7,3,0,0,0,0,-1,9,1
23894,76.62491757,8.866737453,1,3,2,1,5,14:10,32,E09000010,6,0,3,40,3,4,3,406,0,0,1,1,1,0,0,1,1,E01001527,21-04-2018,1,1,1,2,32,6,3,0,0,0,0,-1,9,1
23895,76.62734113,8.869890541,1,3,2,1,1,01:43,32,E09000010,3,406,3,50,0,-1,-1,0,0,0,4,1,1,0,0,1,1,E01001559,01-05-2018,1,1,1,1,46,8,3,0,0,0,0,-1,9,1
23896,76.63823549,8.864429332,1,3,2,1,6,21:08,32,E09000010,3,111,6,30,3,4,6,0,0,0,4,1,1,0,0,1,1,E01001521,22-04-2018,1,1,1,2,25,5,3,0,0,0,0,-1,9,1
23897,76.69477577,8.887907268,1,3,1,1,3,23:22,32,E09000010,6,0,6,30,0,-1,-1,0,0,0,4,1,1,0,0,1,1,E01001452,19-04-2018,1,1,2,2,50,8,3,0,0,0,4,-1,11,-1
23898,76.62535138,8.879054709,1,3,1,1,6,12:07,32,E09000010,3,1010,6,30,3,2,5,0,0,5,1,1,1,0,0,1,1,E01001491,22-04-2018,1,1,1,1,26,6,3,0,0,0,0,-1,1,-1
23899,76.69637887,8.895673677,1,3,4,6,7,09:25,32,E09000010,3,406,3,50,0,-1,-1,0,0,0,1,1,1,0,0,1,1,E01001559,30-04-2018,1,1,1,1,22,5,3,0,0,0,0,-1,9,1
23900,76.6530752,8.880932723,1,3,2,2,2,18:02,32,E09000010,3,406,3,40,6,2,4,106,0,0,1,1,1,0,0,1,1,E01001393,25-04-2018,1,1,1,1,70,10,3,0,0,0,0,-1,9,1
23901,76.6436299,8.865222306,1,3,2,2,6,11:10,32,E09000010,3,406,6,30,6,2,5,0,0,5,1,1,1,0,0,1,1,E01001393,29-04-2018,2,1,1,1,14,3,3,0,0,0,0,-1,1,-1
23902,76.63418305,8.895868003,1,3,2,1,6,19:30,32,E09000010,3,1010,6,30,9,4,6,0,0,0,1,1,1,0,0,1,1,E01001549,22-04-2018,1,1,1,2,31,6,2,0,0,0,0,-1,2,1
23903,76.69193075,8.883685574,1,3,3,1,6,20:00,32,E09000010,3,105,6,30,0,-1,-1,0,0,0,4,1,1,0,0,1,2,E01001570,08-04-2018,1,1,2,2,93,11,3,0,0,1,0,-1,9,-1
23904,76.68557042,8.867303932,1,3,2,1,2,10:25,32,E09000010,5,0,6,30,3,4,6,0,0,0,1,2,2,0,0,1,1,E01001535,18-04-2018,1,1,2,1,23,5,2,0,0,1,0,-1,9,1
23905,76.67424045,8.877508245,1,3,2,1,2,07:15,32,E09000010,3,406,6,30,6,2,3,105,0,5,1,2,2,0,0,1,2,E01001501,02-05-2018,2,1,1,1,36,7,3,0,0,0,0,-1,9,1
23906,76.69569464,8.86815102,1,3,1,1,7,17:35,32,E09000010,3,1004,6,30,0,-1,-1,0,0,0,1,1,2,0,0,1,1,E01001532,23-04-2018,1,1,3,1,55,8,2,5,1,0,0,-1,0,-1
23907,76.6257795,8.890919392,1,3,2,1,6,10:10,32,E09000010,3,110,6,30,1,4,3,111,0,0,1,1,1,0,0,1,1,E01001415,29-04-2018,1,1,3,2,2,1,3,5,1,0,0,-1,0,1
23908,76.65186869,8.889125535,1,3,1,1,3,13:52,32,E09000010,3,1003,6,30,0,-1,-1,0,0,0,1,1,1,0,0,1,1,E01001532,10-05-2018,1,1,2,1,22,5,3,0,0,2,0,-1,9,1
23909,76.63552847,8.88509687,1,2,2,1,4,13:20,32,E09000010,3,110,6,30,0,-1,-1,0,0,0,1,1,1,0,0,1,1,E01001450,04-05-2018,1,2,2,1,25,5,3,0,0,1,0,-1,9,1
23910,76.66378344,8.895555093,1,2,2,2,4,22:40,32,E09000010,5,0,6,30,3,4,6,0,0,0,4,1,1,0,0,1,1,E01001507,09-02-2018,1,1,1,2,35,6,3,0,0,0,0,-1,9,1
23911,76.6816054,8.876661688,1,3,1,1,7,12:40,32,E09000010,6,0,6,30,3,4,6,0,0,0,1,1,1,0,0,1,1,E01001398,09-04-2018,1,1,1,1,40,7,3,0,0,0,0,-1,5,1
23912,76.6141528,8.887657171,1,3,1,1,5,00:50,32,E09000010,6,0,6,30,0,-1,-1,0,0,0,6,1,1,0,0,2,1,E01001412,07-04-2018,1,1,2,1,23,5,3,0,0,0,0,-1,19,1
23913,76.69839769,8.876246881,1,3,3,3,7,11:07,32,E09000010,1,25,3,70,0,-1,-1,0,0,0,1,1,1,0,0,2,1,E01001412,30-04-2018,2,1,1,2,49,8,3,0,0,0,0,-1,9,1
23914,76.65678236,8.885256465,1,3,2,1,7,20:14,32,E09000010,3,1010,6,30,3,2,4,137,0,5,1,1,1,0,0,1,1,E01001476,07-05-2018,2,2,2,2,40,7,3,0,0,1,0,-1,9,1
23915,76.64049049,8.893616979,1,2,2,2,7,06:30,32,E09000010,3,10,3,40,6,2,5,0,0,5,1,1,1,0,0,1,1,E01001412,14-05-2018,1,1,2,2,47,8,3,0,0,0,0,-1,19,1
23916,76.61619715,8.86572047,1,3,1,1,2,12:44,32,E09000010,6,0,6,30,8,4,3,111,0,0,1,1,1,0,0,1,1,E01001519,23-05-2018,2,1,1,1,31,6,3,0,0,0,0,-1,9,3
23917,76.69631969,8.87420261,1,3,2,1,6,17:50,32,E09000010,3,110,6,30,3,4,6,0,0,0,1,1,1,0,0,1,1,E01001470,29-04-2018,3,2,2,2,41,7,3,0,0,0,0,-1,19,1
23918,76.61501281,8.886680865,1,3,2,1,5,16:51,32,E09000010,1,25,3,70,0,-1,-1,0,0,0,1,1,1,0,0,2,1,E01001552,14-04-2018,1,1,3,1,33,6,3,4,3,0,0,-1,0,1
23919,76.66934979,8.882783316,1,3,2,2,3,09:42,32,E09000010,6,0,6,30,8,4,6,0,0,0,1,2,2,0,0,1,1,E01001510,24-05-2018,2,1,1,2,32,6,3,0,0,0,0,-1,5,-1
23920,76.65255227,8.889014292,1,3,1,1,7,14:08,32,E09000010,3,406,3,40,3,4,6,0,0,0,1,1,1,0,0,1,1,E01001397,30-04-2018,2,1,1,1,40,7,3,0,0,0,0,-1,4,1
23921,76.63770395,8.873945034,1,2,2,1,3,14:30,32,E09000010,3,10,3,40,6,4,5,0,0,0,1,1,2,0,0,1,1,E01001556,19-04-2018,1,1,2,2,21,5,3,0,0,1,0,-1,9,1
23922,76.67839857,8.866699683,1,3,2,1,1,16:55,32,E09000010,3,111,6,40,8,4,6,0,0,0,1,1,1,0,0,2,1,E01001417,01-05-2018,1,2,1,1,55,8,3,0,0,0,0,-1,9,-1
23923,76.62182871,8.86638764,1,3,2,1,3,14:10,32,E09000010,3,110,6,30,3,4,6,0,0,0,1,1,1,0,0,1,1,E01001418,10-05-2018,1,1,1,2,-1,-1,3,0,0,0,0,-1,3,-1
23924,76.67252877,8.871045047,1,3,2,1,2,17:35,32,E09000010,3,406,3,40,3,4,6,0,0,0,1,1,1,0,0,1,1,E01001432,09-05-2018,2,1,1,1,25,5,2,0,0,0,0,-1,2,1
23925,76.69311919,8.883484015,1,2,2,1,4,18:00,32,E09000010,3,1055,6,30,0,-1,-1,0,0,0,1,1,1,0,0,1,1,E01001427,11-05-2018,3,1,1,1,28,6,3,0,0,0,0,-1,8,1
23926,76.61758691,8.865840789,1,3,2,1,3,13:20,32,E09000010,3,1010,6,30,0,-1,-1,0,0,0,1,2,2,0,0,1,1,E01001485,24-05-2018,3,2,2,2,28,6,3,0,0,2,0,-1,8,1
23927,76.64961673,8.865022156,1,3,1,1,4,09:44,32,E09000010,5,0,6,30,0,-1,-1,0,0,0,1,1,1,0,0,1,1,E01001536,04-05-2018,2,1,1,1,23,5,3,0,0,0,0,-1,1,-1
23928,76.64156193,8.890413248,1,2,3,1,3,17:30,32,E09000010,6,0,6,30,3,4,6,0,0,0,1,1,1,0,0,1,2,E01001435,10-05-2018,1,1,1,2,39,7,3,0,0,0,0,-1,9,1
23929,76.62005295,8.881339425,1,3,2,1,3,09:20,32,E09000010,6,0,6,30,0,-1,-1,0,0,0,1,2,2,0,0,2,2,E01001412,19-04-2018,1,1,1,1,30,6,3,0,0,0,0,-1,3,1
23930,76.69709938,8.889360878,1,3,2,1,6,14:30,32,E09000010,3,406,6,30,3,4,5,0,0,1,1,1,1,0,0,1,2,E01001425,08-04-2018,2,1,1,1,27,6,3,0,0,0,0,-1,5,1
23931,76.67504136,8.870676535,1,3,2,1,4,12:33,32,E09000010,3,406,3,40,0,-1,-1,0,0,0,1,1,1,0,0,1,1,E01001391,20-04-2018,1,1,1,1,31,6,3,0,0,0,0,-1,9,1
23932,76.66520184,8.88193281,1,3,1,1,1,17:00,32,E09000010,1,25,3,70,0,-1,-1,0,0,0,1,1,1,0,0,2,1,E01001412,15-05-2018,2,1,2,2,31,6,3,0,0,1,0,-1,9,1
23933,76.63320846,8.890054718,1,3,2,1,6,19:43,32,E09000010,5,0,6,30,0,-1,-1,0,0,0,1,1,1,0,0,1,1,E01001401,22-04-2018,3,1,1,2,28,6,3,0,0,0,0,-1,9,1
23934,76.69666748,8.884256665,1,3,2,1,7,18:37,32,E09000010,3,1010,1,30,2,4,5,0,0,0,1,1,1,0,0,1,1,E01001439,23-04-2018,3,2,2,2,48,8,3,0,0,1,0,-1,9,1
23935,76.62478996,8.885831512,1,3,1,3,1,18:42,32,E09000010,3,1055,6,30,0,-1,-1,0,0,0,1,1,1,0,0,1,1,E01001510,24-04-2018,1,1,3,2,35,6,3,10,9,0,0,-1,0,1
23936,76.67468609,8.894086789,1,3,1,1,4,16:31,32,E09000010,6,0,2,30,0,-1,-1,0,0,0,1,1,1,0,0,1,1,E01001536,11-05-2018,1,1,1,1,39,7,3,0,0,0,0,-1,9,1
23937,76.65742188,8.892898229,1,3,2,1,6,11:00,32,E09000010,3,10,3,30,0,-1,-1,0,0,0,1,1,1,0,0,2,2,E01001551,27-05-2018,1,1,1,1,34,6,3,0,0,0,0,-1,9,1
23938,76.68834266,8.894575318,1,3,2,1,2,00:50,32,E09000010,3,105,7,30,5,4,3,110,0,1,4,2,2,0,0,1,1,E01001450,25-04-2018,1,1,2,2,37,7,3,0,0,1,0,-1,9,1
23939,76.60998124,8.86603631,1,2,2,1,4,13:10,32,E09000010,1,25,3,70,0,-1,-1,0,0,0,1,1,1,0,0,2,1,E01001412,01-06-2018,1,1,3,1,22,5,3,5,3,0,0,-1,0,-1
23940,76.681258,8.889761281,1,3,1,1,3,12:55,32,E09000010,6,0,6,30,3,4,6,0,0,0,1,1,1,0,0,1,1,E01001497,17-05-2018,1,1,1,1,29,6,3,0,0,0,0,-1,9,-1
23941,76.62092756,8.864913373,1,3,1,1,1,17:12,32,E09000010,5,0,6,30,3,4,6,0,0,0,1,1,1,0,0,1,1,E01001561,15-05-2018,2,2,1,1,31,6,3,0,0,0,0,-1,9,1