Accident_Index,longitude,latitude,Police_Force,Accident_Severity,Number_of_Vehicles,Number_of_Casualties,Day_of_Week,Time,Local_Authority_(District),Local_Authority_(Highway),1st_Road_Class,1st_Road_Number,Road_Type,Speed_limit,Junction_Detail,Junction_Control,2nd_Road_Class,2nd_Road_Number,Pedestrian_Crossing-Human_Control,Pedestrian_Crossing-Physical_Facilities,Light_Conditions,Weather_Conditions,Road_Surface_Conditions,Special_Conditions_at_Site,Carriageway_Hazards,Urban_or_Rural_Area,Did_Police_Officer_Attend_Scene_of_Accident,LSOA_of_Accident_Location,Date,Vehicle_Reference,Casualty_Reference,Casualty_Class,Sex_of_Casualty,Age_of_Casualty,Age_Band_of_Casualty,Casualty_Severity,Pedestrian_Location,Pedestrian_Movement,Car_Passenger,Bus_or_Coach_Passenger,Pedestrian_Road_Maintenance_Worker,Casualty_Type,Casualty_Home_Area_Type
24184,76.62023851,8.889636527,1,3,2,1,7,16:06,32,E09000010,3,10,3,40,6,2,5,0,0,5,1,1,1,0,0,1,1,E01001516,03-09-2018,1,2,2,1,21,5,3,0,0,1,0,-1,9,1
24185,76.61984931,8.888777246,1,3,2,1,5,23:07,32,E09000010,3,105,6,30,3,4,6,0,0,0,4,1,1,0,0,1,1,E01001493,08-09-2018,2,1,1,2,60,9,3,0,0,0,0,-1,9,1
24186,76.61167953,8.896193129,1,3,3,1,6,13:55,32,E09000010,3,105,6,30,3,4,6,0,0,0,1,1,1,0,0,1,1,E01001396,26-08-2018,2,1,2,1,6,2,3,0,0,2,0,-1,9,-1
24187,76.67696205,8.865494713,1,3,2,2,6,16:50,32,E09000010,5,0,6,30,3,4,6,0,0,1,1,1,1,0,0,1,2,E01001510,05-08-2018,1,1,1,2,41,7,3,0,0,0,0,-1,19,-1
24188,76.67654944,8.867788587,1,3,1,1,3,09:20,32,E09000010,3,111,6,30,0,-1,-1,0,0,0,1,1,1,0,0,1,1,E01001519,09-08-2018,1,1,1,1,22,5,3,0,0,0,0,-1,5,1
24189,76.68805735,8.876553273,1,3,2,1,3,07:05,32,E09000010,5,0,6,30,0,-1,-1,0,0,0,1,1,1,0,0,1,1,E01001517,09-08-2018,1,1,2,2,15,3,3,0,0,2,0,-1,9,-1
24190,76.65657033,8.872305108,1,3,1,1,1,05:50,32,E09000010,3,1010,6,30,3,4,6,0,0,0,1,1,1,0,0,1,1,E01001547,03-07-2018,2,1,2,2,19,4,3,0,0,1,0,-1,9,1
24191,76.69326002,8.876995014,1,3,1,1,5,17:05,32,E09000010,6,0,6,30,0,-1,-1,0,0,0,1,1,1,0,0,1,1,E01001464,09-06-2018,1,1,1,2,63,9,3,0,0,0,0,-1,9,1
24192,76.65328525,8.868815936,1,2,1,1,2,15:20,32,E09000010,3,110,6,30,0,-1,-1,0,0,0,1,2,2,0,0,1,1,E01001544,22-08-2018,2,2,1,1,75,10,3,0,0,0,0,-1,9,1
24193,76.69303357,8.879609235,1,3,2,1,1,07:55,32,E09000010,5,0,6,30,6,2,3,10,0,5,1,1,1,0,0,1,1,E01001516,04-09-2018,2,1,1,1,51,8,3,0,0,0,0,-1,9,1
24194,76.68200271,8.886001916,1,3,2,1,7,08:35,32,E09000010,5,0,6,30,6,2,3,10,0,5,1,1,1,0,0,1,1,E01001516,27-08-2018,2,1,1,1,30,6,3,0,0,0,0,-1,1,1
24195,76.63696919,8.882592978,1,3,3,1,6,19:20,32,E09000010,6,0,6,30,3,4,6,0,0,1,1,1,1,0,0,1,1,E01001519,19-08-2018,2,1,1,2,33,6,3,0,0,0,0,-1,9,1
24196,76.69185277,8.867260887,1,3,4,1,6,01:06,32,E09000010,6,0,6,30,0,-1,-1,0,0,0,4,1,1,0,0,1,1,E01001535,12-08-2018,1,1,1,2,52,8,3,0,0,0,0,-1,5,1
24197,76.68619301,8.881013943,1,3,1,1,7,15:00,32,E09000010,3,111,1,30,2,4,5,0,0,0,1,1,1,0,0,1,1,E01001417,17-09-2018,1,1,3,2,16,4,3,5,3,0,0,-1,0,1
24198,76.6781728,8.892022141,1,3,2,1,5,15:08,32,E09000010,3,406,6,30,0,-1,-1,0,0,0,1,1,1,0,0,1,1,E01001973,08-09-2018,2,1,1,1,34,6,3,0,0,0,0,-1,3,1
24199,76.61683334,8.893625684,1,3,3,1,5,15:20,32,E09000010,3,1010,6,30,0,-1,-1,0,0,0,1,1,1,0,0,1,1,E01001503,01-09-2018,1,1,1,2,33,6,3,0,0,0,0,-1,9,1
24200,76.6224992,8.874391936,1,3,1,1,5,08:25,32,E09000010,3,105,6,30,0,-1,-1,0,0,0,1,1,1,0,0,1,1,E01001501,08-09-2018,2,1,1,1,44,7,3,0,0,0,0,-1,5,3
24201,76.66965968,8.890198439,1,3,2,1,1,10:01,32,E09000010,3,406,3,40,6,2,3,109,0,5,1,1,1,0,0,1,1,E01001528,07-08-2018,1,1,1,1,16,4,3,0,0,0,0,-1,2,1
24202,76.63081274,8.884494034,1,3,2,1,4,22:10,32,E09000010,5,0,6,30,3,4,6,0,0,0,4,1,1,0,0,1,1,E01001436,31-08-2018,1,1,1,2,-1,-1,2,0,0,0,0,-1,9,-1
24203,76.69548471,8.878449926,1,2,2,2,3,11:15,32,E09000010,4,137,6,30,3,4,6,0,0,5,1,1,1,0,0,1,1,E01001427,23-08-2018,1,1,1,1,40,7,3,0,0,0,0,-1,3,1
24204,76.62059666,8.877320838,1,3,2,1,5,16:00,32,E09000010,3,105,3,30,5,2,3,406,0,5,1,1,1,0,0,1,2,E01001394,08-09-2018,2,1,1,1,53,8,3,0,0,0,0,-1,3,1
24205,76.62439129,8.885728325,1,3,2,1,7,14:45,32,E09000010,3,406,1,30,1,4,3,10,0,0,1,1,1,0,0,1,2,E01001499,10-09-2018,1,1,1,1,35,6,3,0,0,0,0,-1,1,1
24206,76.68318166,8.878012965,1,3,2,1,4,17:18,32,E09000010,6,0,6,30,0,-1,-1,0,0,0,1,1,1,0,0,1,1,E01001543,07-09-2018,1,1,3,1,76,11,3,5,9,0,0,-1,0,1
24207,76.6832462,8.88494523,1,3,2,1,6,08:30,32,E09000010,6,0,6,30,6,4,6,0,0,0,1,1,1,0,0,1,1,E01001501,09-09-2018,1,1,2,2,62,9,2,0,0,0,3,-1,11,-1
24208,76.6350858,8.88796675,1,3,3,1,3,07:51,32,E09000010,3,1055,6,30,0,-1,-1,0,0,0,1,1,1,0,0,1,1,E01001506,13-09-2018,2,1,1,1,17,4,2,0,0,0,0,-1,2,1
24209,76.65545264,8.886726195,1,3,2,1,4,19:10,32,E09000010,3,105,6,30,6,4,6,0,0,0,1,1,1,0,0,1,1,E01001402,31-08-2018,1,1,2,2,80,11,3,0,0,0,3,-1,11,1
24210,76.63445039,8.887529,1,3,2,2,4,17:04,32,E09000010,6,0,6,30,0,-1,-1,0,0,0,1,1,1,0,0,1,1,E01001535,29-06-2018,2,1,1,1,33,6,3,0,0,0,0,-1,1,1
24211,76.62944386,8.885030315,1,3,2,1,6,19:00,32,E09000010,3,1010,6,30,3,4,6,0,0,1,1,1,1,0,0,1,1,E01001550,23-09-2018,1,1,3,1,15,3,3,1,2,0,0,-1,0,1
24212,76.6808652,8.8899581,1,3,2,2,4,20:00,32,E09000010,3,105,6,30,6,2,6,0,0,0,4,1,1,0,0,1,1,E01001501,21-09-2018,1,1,3,2,12,3,3,8,9,0,0,-1,0,1
24213,76.64248453,8.878052101,1,3,2,1,6,22:15,32,E09000010,3,1055,3,40,3,2,6,0,0,0,4,1,1,0,0,2,1,E01001445,09-09-2018,2,1,1,2,41,7,3,0,0,0,0,-1,9,1
24214,76.66674216,8.890878695,1,2,5,3,5,15:00,32,E09000010,1,25,3,70,0,-1,-1,0,0,0,1,1,1,0,0,2,1,E01001412,21-07-2018,1,1,1,1,37,7,3,0,0,0,0,-1,9,1
24215,76.62542192,8.887487895,1,3,2,1,3,15:04,32,E09000010,5,0,6,30,0,-1,-1,0,0,0,1,1,1,0,0,1,1,E01001544,20-09-2018,1,2,2,2,-1,-1,3,0,0,1,0,-1,9,1
24216,76.60943625,8.872680319,1,3,1,1,3,18:16,32,E09000010,5,0,6,30,3,4,6,0,0,0,1,1,1,0,0,1,1,E01001407,20-09-2018,2,1,1,1,17,4,2,0,0,0,0,-1,2,1
24217,76.67756703,8.882816959,1,3,2,1,1,11:10,32,E09000010,3,105,6,30,3,4,6,0,0,1,1,1,1,0,0,1,2,E01001498,07-08-2018,1,1,3,2,43,7,3,1,3,0,0,-1,0,1
24218,76.64799285,8.887079284,1,3,2,1,2,08:54,32,E09000010,3,406,3,40,6,2,3,105,0,5,1,1,1,0,0,1,1,E01001394,26-09-2018,1,2,1,1,26,6,3,0,0,0,0,-1,9,1
24219,76.65705019,8.871776239,1,3,3,2,1,18:10,32,E09000010,6,0,6,30,0,-1,-1,0,0,0,1,1,1,0,0,2,1,E01001412,04-09-2018,1,1,1,2,51,8,3,0,0,0,0,-1,9,1
24220,76.65869601,8.88462723,1,3,1,1,3,14:00,32,E09000010,5,0,6,30,3,4,6,0,0,0,1,1,1,0,0,1,2,E01001514,09-08-2018,2,1,1,1,19,4,3,0,0,0,0,-1,9,1
24221,76.6352685,8.894046577,1,3,2,1,4,12:54,32,E09000010,3,110,6,30,5,2,6,0,0,5,1,1,1,0,0,1,1,E01001450,31-08-2018,2,1,1,2,22,5,3,0,0,0,0,-1,9,1
24222,76.63479107,8.87994685,1,3,1,1,5,19:22,32,E09000010,6,0,6,30,3,4,4,137,0,0,1,1,1,0,0,1,1,E01001490,01-09-2018,1,1,1,1,21,5,3,0,0,0,0,-1,1,1
24223,76.61586442,8.871685477,1,3,2,1,5,23:20,32,E09000010,4,137,6,30,3,4,6,0,0,0,4,1,1,0,0,1,1,E01001490,08-09-2018,1,1,2,2,79,11,3,0,0,1,0,-1,9,1
24224,76.63453487,8.880426519,1,3,2,1,6,02:30,32,E09000010,6,0,6,30,3,4,3,1010,0,0,4,1,1,0,0,1,2,E01001429,19-08-2018,2,2,1,2,46,8,3,0,0,0,0,-1,9,1
24225,76.67579126,8.893915666,1,3,2,1,4,18:19,32,E09000010,3,1005,6,30,3,4,5,0,0,0,1,1,1,0,0,1,1,E01001468,14-09-2018,1,1,1,2,45,7,3,0,0,0,0,-1,9,1
24226,76.67580111,8.882658539,1,3,2,5,1,19:20,32,E09000010,3,111,6,30,6,2,5,0,0,5,4,1,1,0,0,1,1,E01001519,18-09-2018,1,1,1,1,45,7,3,0,0,0,0,-1,9,-1
24227,76.65170938,8.869257894,1,3,2,1,6,16:45,32,E09000010,6,0,6,30,0,-1,-1,0,0,0,1,1,1,0,0,1,2,E01001442,16-09-2018,1,1,3,1,33,6,3,4,1,0,0,-1,0,1
24228,76.65498911,8.864785484,1,3,2,1,1,19:42,32,E09000010,3,1055,3,40,6,2,5,0,0,5,1,1,1,0,0,1,1,E01001445,21-08-2018,1,1,1,1,44,7,3,0,0,0,0,-1,5,1
24229,76.68642119,8.883250489,1,3,2,1,6,19:23,32,E09000010,3,1010,6,30,3,4,6,0,0,0,1,1,1,0,0,1,1,E01001479,23-09-2018,1,2,3,1,39,7,3,5,3,0,0,-1,0,1
24230,76.64440971,8.886620611,1,3,2,1,6,09:38,32,E09000010,3,406,3,40,3,4,3,109,0,0,1,1,1,0,0,1,1,E01001528,16-09-2018,1,1,1,1,24,5,3,0,0,0,0,-1,9,1
24231,76.68331198,8.892644605,1,3,2,1,6,15:45,32,E09000010,5,0,6,30,3,4,6,0,0,0,1,1,1,0,0,1,1,E01001411,23-09-2018,1,1,1,2,40,7,2,0,0,0,0,-1,9,1
24232,76.64124972,8.869869829,1,3,1,1,2,11:54,32,E09000010,6,0,6,30,0,-1,-1,0,0,0,1,1,1,0,0,1,1,E01001547,15-08-2018,1,1,3,1,21,5,3,5,1,0,0,-1,0,1
24233,76.64206658,8.883207072,1,3,2,1,3,12:00,32,E09000010,1,25,3,40,0,-1,-1,0,0,0,1,1,1,0,0,2,1,E01001444,23-08-2018,1,2,1,1,26,6,3,0,0,0,0,-1,3,1
24234,76.67376796,8.886009756,1,3,1,1,4,14:25,32,E09000010,3,110,6,30,8,2,5,0,0,5,1,1,1,0,0,1,2,E01001512,28-09-2018,1,1,1,1,27,6,3,0,0,0,0,-1,9,1
24235,76.68378618,8.878909904,1,3,2,2,1,16:54,32,E09000010,3,110,6,30,0,-1,-1,0,0,4,1,1,1,0,0,1,1,E01001513,28-08-2018,1,2,2,2,33,6,3,0,0,1,0,-1,9,1
24236,76.69117063,8.89574998,1,3,1,1,5,14:30,32,E09000010,3,406,3,70,0,-1,-1,0,0,0,1,1,1,0,0,1,1,E01001499,01-09-2018,1,1,1,1,37,7,3,0,0,0,0,-1,1,1
24237,76.61267478,8.883800047,1,3,1,1,4,22:05,32,E09000010,6,0,6,30,0,-1,-1,0,0,0,4,1,1,0,0,1,2,E01001536,21-09-2018,1,1,1,1,39,7,3,0,0,0,0,-1,9,1
24238,76.65275097,8.877336019,1,3,1,1,4,15:00,32,E09000010,6,0,6,30,3,4,6,0,0,0,1,1,1,0,0,1,2,E01001547,07-09-2018,3,2,1,2,38,7,3,0,0,0,0,-1,9,-1
24239,76.69178391,8.890037286,1,3,1,1,2,14:45,32,E09000010,6,0,6,30,3,4,6,0,0,0,1,1,1,0,0,1,2,E01001542,12-09-2018,3,3,2,2,38,7,3,0,0,1,0,-1,9,-1
24240,76.64265137,8.873019927,1,3,1,1,3,18:26,32,E09000010,5,0,6,30,3,4,6,0,0,0,1,1,1,0,0,1,1,E01001516,13-09-2018,1,1,1,2,39,7,3,0,0,0,0,-1,1,1
24241,76.64933401,8.872413502,1,3,1,1,6,15:28,32,E09000010,6,0,6,30,3,4,3,1010,0,0,1,1,1,0,0,1,1,E01001558,16-09-2018,1,1,1,2,26,6,3,0,0,0,0,-1,1,1
24242,76.65264563,8.868762938,1,3,1,1,5,19:40,32,E09000010,5,0,6,30,3,4,6,0,0,0,4,1,1,0,0,1,1,E01001445,15-09-2018,1,1,2,2,54,8,3,0,0,0,3,-1,11,1
24243,76.6935279,8.871000699,1,3,2,1,2,05:50,32,E09000010,3,110,6,30,6,2,3,1010,0,5,4,1,1,0,0,1,1,E01001507,19-09-2018,2,1,1,2,17,4,3,0,0,0,0,-1,1,1
24244,76.67226617,8.869578271,1,3,1,1,4,07:55,32,E09000010,4,154,6,30,3,4,6,0,0,0,1,1,1,0,0,1,1,E01001423,28-09-2018,1,1,1,1,23,5,3,0,0,0,0,-1,1,1
24245,76.66175937,8.890217073,1,3,2,1,5,07:30,32,E09000010,1,25,3,70,0,-1,-1,0,0,0,1,1,1,0,0,2,1,E01001412,29-09-2018,1,1,1,2,32,6,3,0,0,0,0,-1,2,1
24246,76.63344927,8.869720066,1,3,3,2,6,10:15,32,E09000010,3,10,3,40,0,-1,-1,0,0,0,1,1,1,0,0,1,1,E01001409,07-10-2018,1,1,2,2,-1,-1,3,0,0,1,0,-1,9,1
24247,76.63874406,8.889794587,1,3,3,1,6,15:45,32,E09000010,6,0,6,30,0,-1,-1,0,0,0,1,1,1,0,0,1,1,E01001567,30-09-2018,1,1,1,1,18,4,2,0,0,0,0,-1,3,-1
24248,76.68288253,8.893057277,1,2,2,2,6,06:05,32,E09000010,6,0,6,30,3,4,6,0,0,0,1,1,1,0,0,1,1,E01001559,30-09-2018,2,1,1,2,24,5,3,0,0,0,0,-1,9,1
24249,76.6240276,8.884353874,1,3,1,2,3,19:30,32,E09000010,6,0,6,30,0,-1,-1,0,0,0,1,1,1,0,0,2,1,E01001419,14-06-2018,1,1,2,1,11,3,3,0,0,1,0,-1,9,1
24250,76.66408692,8.868287552,1,3,2,1,7,06:30,32,E09000010,3,105,6,30,8,4,6,0,0,0,1,1,1,0,0,1,1,E01001552,24-09-2018,2,2,1,2,59,9,3,0,0,0,0,-1,9,1
24251,76.64451047,8.891279684,1,3,2,1,6,17:00,32,E09000010,3,1010,6,30,8,4,6,0,0,0,1,1,1,0,0,1,1,E01001425,26-08-2018,2,3,2,2,19,4,3,0,0,1,0,-1,9,1
24252,76.62714118,8.866822633,1,2,1,1,1,16:09,32,E09000010,6,0,6,30,0,-1,-1,0,0,0,1,1,1,0,0,1,1,E01001448,02-10-2018,2,1,2,1,19,4,3,0,0,2,0,-1,9,1
24253,76.61255958,8.880652164,1,3,2,1,2,19:50,32,E09000010,3,1055,6,30,6,2,4,137,0,5,1,1,1,0,0,1,2,E01001427,08-08-2018,2,2,2,1,17,4,3,0,0,1,0,-1,9,1
24254,76.69597884,8.873234926,1,3,2,2,7,08:20,32,E09000010,3,406,6,30,6,2,3,109,0,5,1,1,1,0,0,1,1,E01001528,08-10-2018,2,3,2,1,-1,-1,3,0,0,2,0,-1,9,1
24255,76.66533072,8.892084633,1,3,1,1,5,17:25,32,E09000010,3,1055,6,30,0,-1,-1,0,0,0,1,1,1,0,0,1,1,E01001559,08-09-2018,2,4,1,1,18,4,3,0,0,0,0,-1,9,1
24256,76.68554535,8.870195871,1,3,2,1,1,19:30,32,E09000010,6,0,6,30,8,4,6,0,0,0,1,1,1,0,0,1,2,E01001459,14-08-2018,1,1,1,1,42,7,3,0,0,0,0,-1,9,1
24257,76.61415529,8.881957016,1,3,2,1,3,10:20,32,E09000010,3,10,3,40,3,4,3,10,0,0,1,1,1,0,0,1,1,E01001513,27-09-2018,2,2,1,2,49,8,3,0,0,0,0,-1,9,1
24258,76.66109288,8.895414894,1,3,2,1,7,17:28,32,E09000010,6,0,6,30,3,4,6,0,0,0,1,1,1,0,0,1,2,E01001415,10-09-2018,1,1,1,2,35,6,3,0,0,0,0,-1,9,1
24259,76.62002715,8.874694327,1,3,1,1,5,11:11,32,E09000010,3,105,6,30,6,4,6,0,0,0,1,1,1,0,0,1,1,E01001396,06-10-2018,1,2,1,2,49,8,3,0,0,0,0,-1,9,-1
24260,76.65389573,8.892325127,1,3,2,1,6,06:00,32,E09000010,3,1010,6,30,3,4,5,0,0,0,4,1,1,0,0,1,1,E01001554,07-10-2018,2,1,1,2,53,8,3,0,0,0,0,-1,9,1
24261,76.66468887,8.865736122,1,3,2,1,7,17:45,32,E09000010,3,105,6,30,6,2,4,154,0,5,1,1,1,0,0,1,2,E01001400,01-10-2018,1,1,3,2,14,3,3,4,1,0,0,-1,0,1
24262,76.616932,8.865247287,1,3,3,3,1,17:15,32,E09000010,1,25,3,70,0,-1,-1,0,0,0,1,1,1,0,0,2,1,E01001412,25-09-2018,2,1,1,1,-1,-1,3,0,0,0,0,-1,9,1
24263,76.64909335,8.885708373,1,3,2,1,2,18:30,32,E09000010,6,0,6,30,3,4,6,0,0,0,1,1,1,0,0,1,2,E01001569,03-10-2018,2,2,2,2,18,4,3,0,0,1,0,-1,9,-1
24264,76.69138154,8.888135843,1,3,3,1,7,14:05,32,E09000010,3,1010,6,30,0,-1,-1,0,0,0,1,1,1,0,0,1,1,E01001441,08-10-2018,1,1,1,1,24,5,3,0,0,0,0,-1,9,1
24265,76.61380626,8.87201471,1,3,2,2,3,19:49,32,E09000010,3,111,1,30,1,4,6,0,0,0,4,1,1,0,0,1,1,E01001519,18-10-2018,1,1,2,1,86,11,2,0,0,0,4,-1,11,1
24266,76.68306821,8.895592317,1,3,2,2,6,09:15,32,E09000010,3,406,6,30,3,4,5,0,0,1,1,1,1,0,0,1,2,E01001458,16-09-2018,3,1,1,2,51,8,3,0,0,0,0,-1,9,1
24267,76.68423637,8.883966792,1,3,3,1,1,21:30,32,E09000010,6,0,6,30,3,4,3,1010,0,0,1,1,1,0,0,1,2,E01001549,25-09-2018,3,2,2,1,69,10,3,0,0,1,0,-1,9,-1
24268,76.65966056,8.878946406,1,3,2,1,1,08:15,32,E09000010,3,406,6,30,3,2,6,0,0,5,1,1,1,0,0,1,2,E01001530,25-09-2018,1,1,1,2,23,5,3,0,0,0,0,-1,9,1
24269,76.63318319,8.876227581,1,3,1,1,6,10:50,32,E09000010,5,0,6,30,2,4,6,0,0,0,1,1,1,0,0,1,1,E01001518,30-09-2018,2,1,1,2,78,11,3,0,0,0,0,-1,90,-1
24270,76.67594014,8.878577122,1,3,2,1,7,22:00,32,E09000010,3,111,6,30,3,4,6,0,0,0,4,1,1,0,0,1,1,E01000115,15-10-2018,1,1,1,2,28,6,3,0,0,0,0,-1,1,1
24271,76.66827428,8.884916516,1,3,2,1,1,01:00,32,E09000010,3,109,6,30,0,-1,-1,0,0,0,4,1,1,0,0,1,1,E01001528,04-09-2018,1,1,1,1,20,4,3,0,0,0,0,-1,9,1
24272,76.67192859,8.870363837,1,3,2,1,1,00:01,32,E09000010,3,10,6,30,6,2,5,0,0,5,4,1,2,0,0,1,1,E01001515,09-10-2018,1,1,3,2,-1,-1,3,1,1,0,0,-1,0,-1
24273,76.6938423,8.889394753,1,2,2,1,6,09:49,32,E09000010,6,0,6,30,0,-1,-1,0,0,0,1,1,1,0,0,1,1,E01001426,14-10-2018,2,1,1,2,37,7,3,0,0,0,0,-1,9,1
24274,76.61694376,8.888300329,1,3,2,1,5,11:40,32,E09000010,3,1055,6,30,6,2,3,1055,0,5,1,2,2,0,0,1,1,E01002037,13-10-2018,1,1,2,2,46,8,3,0,0,0,3,-1,11,1
24275,76.67233001,8.874861731,1,3,3,1,6,13:50,32,E09000010,3,109,3,30,8,4,6,0,0,0,1,1,1,0,0,1,1,E01001528,23-09-2018,1,1,2,1,-1,-1,2,0,0,2,0,-1,9,1
24276,76.67684833,8.870282004,1,3,2,1,1,08:13,32,E09000010,4,151,6,30,0,-1,-1,0,0,0,1,1,1,0,0,1,1,E01001391,09-10-2018,1,2,1,2,27,6,3,0,0,0,0,-1,9,1
24277,76.65920627,8.892835666,1,3,2,1,2,12:30,32,E09000010,3,406,3,40,0,-1,-1,0,0,0,1,1,1,0,0,1,2,E01001561,03-10-2018,1,1,1,2,37,7,3,0,0,0,0,-1,9,1
24278,76.67881801,8.887275455,1,3,3,1,1,06:52,32,E09000010,3,1010,6,30,3,4,6,0,0,0,4,1,1,0,0,1,1,E01001503,09-10-2018,1,1,1,1,45,7,2,0,0,0,0,-1,1,1
24279,76.66600048,8.886594394,1,3,1,1,4,16:00,30,E09000003,3,406,3,50,0,-1,-1,0,0,0,1,1,1,0,0,1,1,E01000160,14-09-2018,1,1,2,2,19,4,3,0,0,0,0,-1,4,1
24280,76.62465129,8.896040401,1,3,2,1,5,20:05,32,E09000010,1,25,3,70,0,-1,-1,0,0,0,4,1,1,0,0,2,1,E01001412,13-10-2018,1,1,3,2,7,2,3,1,3,0,0,-1,0,-1
24281,76.62156515,8.87020854,1,3,1,1,7,12:45,32,E09000010,4,154,6,30,0,-1,-1,0,0,0,1,1,1,0,0,1,2,E01001403,27-08-2018,1,1,1,2,46,8,3,0,0,0,0,-1,9,1
24282,76.68832887,8.877896881,1,3,2,1,5,10:45,32,E09000010,1,25,3,70,0,-1,-1,0,0,0,1,2,2,0,0,2,1,E01001412,13-10-2018,2,1,1,1,32,6,3,0,0,0,0,-1,5,1
24283,76.67201812,8.8888933,1,3,2,1,6,12:02,32,E09000010,3,1010,6,30,6,2,4,137,0,5,1,1,1,4,0,1,1,E01001476,14-10-2018,1,1,1,2,46,8,3,0,0,0,0,-1,9,1
24284,76.69096101,8.872839987,1,3,1,1,7,00:30,32,E09000010,6,0,6,30,9,4,6,0,0,0,4,1,1,0,0,1,1,E01001513,15-10-2018,2,1,1,1,16,4,3,0,0,0,0,-1,2,1
24285,76.68987229,8.891539362,1,3,1,1,4,20:00,32,E09000010,1,25,3,70,0,-1,-1,0,0,0,4,2,2,4,2,2,1,E01001552,24-08-2018,1,1,3,2,86,11,2,4,3,0,0,-1,0,1
24286,76.62783317,8.88731784,1,3,1,1,2,18:15,32,E09000010,3,1010,6,30,0,-1,-1,0,0,0,1,1,1,0,0,1,1,E01001432,12-09-2018,2,1,1,1,74,10,3,0,0,0,0,-1,1,1
24287,76.68522676,8.892169798,1,3,2,1,3,11:20,32,E09000010,1,25,3,70,0,-1,-1,0,0,0,1,1,1,0,0,2,1,E01001551,16-08-2018,1,1,2,2,32,6,3,0,0,1,0,-1,9,1
24288,76.62463853,8.876862082,1,3,2,1,5,13:00,32,E09000010,6,0,6,30,0,-1,-1,0,0,0,1,1,1,0,0,1,2,E01001422,18-08-2018,1,1,3,2,47,8,2,5,2,0,0,-1,0,1
24289,76.67255315,8.877284729,1,3,3,2,2,11:28,32,E09000010,3,111,6,30,6,4,3,111,0,0,1,2,2,0,0,1,1,E01001496,22-08-2018,1,1,3,1,12,3,3,1,1,0,0,-1,0,-1
24290,76.61201257,8.890463236,1,3,3,2,3,11:50,32,E09000010,1,25,3,70,0,-1,-1,0,0,0,1,1,1,0,0,2,1,E01001412,30-08-2018,2,1,1,1,-1,-1,2,0,0,0,0,-1,9,1
24291,76.62327846,8.885606648,1,3,2,1,4,09:00,32,E09000010,5,0,6,30,3,4,6,0,0,1,1,1,1,0,0,1,2,E01001411,12-10-2018,1,1,1,1,27,6,3,0,0,0,0,-1,9,1
24292,76.63658915,8.886184412,1,3,1,1,5,12:10,32,E09000010,6,0,6,30,8,4,6,0,0,0,1,1,1,0,0,1,2,E01001424,25-08-2018,2,2,1,2,20,4,3,0,0,0,0,-1,9,1
24293,76.64964372,8.880939751,1,3,2,2,6,14:04,32,E09000010,3,10,3,40,0,-1,-1,0,0,0,1,2,2,0,0,1,1,E01001553,23-09-2018,1,1,2,1,-1,-1,3,0,0,0,3,-1,11,-1
24294,76.67720468,8.894165102,1,3,2,1,6,06:35,32,E09000010,3,10,3,30,0,-1,-1,0,0,0,4,2,2,0,0,1,1,E01001511,21-10-2018,1,1,2,2,28,6,3,0,0,0,3,-1,11,-1
24295,76.66595467,8.889821681,1,3,1,1,6,09:19,32,E09000010,5,0,6,30,3,4,5,0,0,4,1,1,1,0,0,1,1,E01001469,07-10-2018,1,1,1,1,21,5,3,0,0,0,0,-1,5,2
24296,76.63177314,8.891025097,1,3,1,1,6,12:00,32,E09000010,3,105,6,30,3,2,3,406,0,5,1,1,1,0,0,1,1,E01001501,16-09-2018,2,1,1,1,23,5,3,0,0,0,0,-1,3,1
24297,76.62769004,8.879091697,1,3,2,1,3,20:26,32,E09000010,3,10,6,30,3,4,5,0,0,0,1,1,1,0,0,1,1,E01001516,20-09-2018,1,1,1,2,38,7,2,0,0,0,0,-1,9,1
24298,76.66074685,8.881091882,1,3,3,2,1,19:55,32,E09000010,3,406,3,40,0,-1,-1,0,0,0,4,1,1,0,0,1,3,E01001528,23-10-2018,1,2,2,2,12,3,2,0,0,1,0,-1,9,1
24299,76.6652775,8.891342117,1,3,2,1,6,12:00,32,E09000010,5,0,6,30,6,2,5,0,0,0,1,1,1,0,0,1,1,E01001544,21-10-2018,2,1,1,1,39,7,3,0,0,0,0,-1,4,1
24300,76.69295766,8.886926415,1,3,2,1,1,17:19,32,E09000010,3,406,6,30,3,4,5,0,0,4,1,1,1,0,0,1,1,E01001561,21-08-2018,2,1,1,2,73,10,3,0,0,0,0,-1,9,1
24301,76.68340274,8.883589983,1,3,1,1,1,21:20,32,E09000010,3,1055,3,30,1,4,6,0,0,0,4,1,1,0,0,1,1,E01001506,09-10-2018,2,2,2,2,71,10,2,0,0,1,0,-1,9,-1
24302,76.65708617,8.876392719,1,3,2,1,6,15:15,32,E09000010,5,0,6,30,3,4,5,0,0,0,1,1,1,0,0,1,2,E01001561,23-09-2018,2,1,1,1,20,4,3,0,0,0,0,-1,5,1
24303,76.68233976,8.883016131,1,2,2,1,6,07:45,32,E09000010,6,0,6,30,9,4,3,105,0,0,1,2,2,0,0,1,1,E01001396,21-10-2018,3,2,1,1,18,4,3,0,0,0,0,-1,3,1
24304,76.66858644,8.874962511,1,3,2,2,3,07:20,32,E09000010,3,110,6,30,3,4,5,0,0,0,1,1,1,0,0,1,1,E01001419,27-09-2018,1,1,1,1,23,5,3,0,0,0,0,-1,9,1