Accident_Index,longitude,latitude,Police_Force,Accident_Severity,Number_of_Vehicles,Number_of_Casualties,Day_of_Week,Time,Local_Authority_(District),Local_Authority_(Highway),1st_Road_Class,1st_Road_Number,Road_Type,Speed_limit,Junction_Detail,Junction_Control,2nd_Road_Class,2nd_Road_Number,Pedestrian_Crossing-Human_Control,Pedestrian_Crossing-Physical_Facilities,Light_Conditions,Weather_Conditions,Road_Surface_Conditions,Special_Conditions_at_Site,Carriageway_Hazards,Urban_or_Rural_Area,Did_Police_Officer_Attend_Scene_of_Accident,LSOA_of_Accident_Location,Date,Vehicle_Reference,Casualty_Reference,Casualty_Class,Sex_of_Casualty,Age_of_Casualty,Age_Band_of_Casualty,Casualty_Severity,Pedestrian_Location,Pedestrian_Movement,Car_Passenger,Bus_or_Coach_Passenger,Pedestrian_Road_Maintenance_Worker,Casualty_Type,Casualty_Home_Area_Type
24305,76.67464663,8.882718864,1,3,2,1,6,15:30,32,E09000010,6,0,6,30,0,-1,-1,0,0,0,1,1,1,0,0,1,1,E01001549,16-09-2018,1,2,2,1,-1,-1,3,0,0,1,0,-1,9,-1
24306,76.6218301,8.865512285,1,3,2,1,7,12:00,32,E09000010,3,1003,6,30,3,4,6,0,0,0,1,1,1,0,0,1,1,E01001534,01-10-2018,1,1,1,1,26,6,3,0,0,0,0,-1,9,1
24307,76.64815156,8.865139525,1,3,2,1,5,09:25,32,E09000010,1,25,3,70,0,-1,-1,0,0,0,1,1,1,0,0,2,1,E01001412,06-10-2018,2,2,1,2,51,8,3,0,0,0,0,-1,9,1
24308,76.66303332,8.882101553,1,3,1,1,3,13:25,32,E09000010,3,111,6,30,0,-1,-1,0,0,0,1,1,1,0,0,1,1,E01001531,11-10-2018,1,1,2,2,-1,-1,3,0,0,0,3,-1,11,1
24309,76.65993937,8.879731479,1,3,2,1,5,13:15,32,E09000010,3,10,6,30,3,2,5,0,0,5,1,1,1,0,0,1,1,E01001480,29-09-2018,2,1,1,2,-1,-1,3,0,0,0,0,-1,9,1
24310,76.62413152,8.886926463,1,3,2,1,2,16:20,32,E09000010,1,25,3,70,0,-1,-1,0,0,0,1,1,1,0,0,2,1,E01001412,26-09-2018,2,1,1,2,27,6,3,0,0,0,0,-1,1,-1
24311,76.61026519,8.873772365,1,3,1,1,2,22:55,32,E09000010,3,1055,6,30,0,-1,-1,0,0,0,4,1,1,0,0,1,1,E01001437,19-09-2018,1,1,2,2,-1,-1,3,0,0,0,3,-1,11,-1
24312,76.66460487,8.86858,1,3,1,1,5,15:40,32,E09000010,6,0,6,30,0,-1,-1,0,0,0,1,1,1,0,0,1,1,E01001446,29-09-2018,1,1,1,1,26,6,3,0,0,0,0,-1,9,1
24313,76.60997994,8.880351182,1,3,2,1,3,07:06,32,E09000010,5,0,3,30,3,4,5,0,0,0,1,1,1,0,0,1,1,E01001488,18-10-2018,2,1,1,1,36,7,3,0,0,0,0,-1,5,1
24314,76.67699698,8.876443764,1,3,2,1,5,08:45,32,E09000010,3,10,3,70,0,-1,-1,0,0,0,1,1,1,0,0,1,2,E01001513,01-09-2018,1,1,1,2,35,6,3,0,0,0,0,-1,9,1
24315,76.62466914,8.869863278,1,3,2,2,6,16:10,32,E09000010,3,10,6,30,3,2,5,0,0,5,1,1,1,0,0,1,2,E01001480,02-09-2018,2,2,1,2,24,5,3,0,0,0,0,-1,9,1
24316,76.65306262,8.88278721,1,3,2,1,4,20:30,32,E09000010,6,0,6,30,0,-1,-1,0,0,0,1,1,1,0,0,1,2,E01001404,07-09-2018,4,3,1,1,31,6,3,0,0,0,0,-1,9,1
24317,76.63180093,8.879501939,1,3,2,2,4,22:50,32,E09000010,3,105,6,30,3,2,3,406,0,5,4,1,1,0,0,1,2,E01001394,07-09-2018,1,1,3,1,-1,-1,2,5,3,0,0,-1,0,-1
24318,76.65966289,8.864999107,1,3,1,1,3,18:29,32,E09000010,6,0,6,30,0,-1,-1,0,0,0,1,1,1,0,0,1,1,E01001439,19-07-2018,1,1,1,2,51,8,3,0,0,0,0,-1,9,1
24319,76.62314684,8.871858854,1,3,2,1,5,08:35,32,E09000010,3,105,6,30,0,-1,-1,0,0,0,1,1,1,0,0,1,2,E01001450,29-09-2018,1,1,1,2,21,5,3,0,0,0,0,-1,9,1
24320,76.61510733,8.874955109,1,3,1,1,2,13:30,32,E09000010,3,105,6,30,0,-1,-1,0,0,0,1,1,1,0,0,1,2,E01001551,05-09-2018,1,1,2,1,28,6,2,0,0,0,4,-1,11,1
24321,76.68427181,8.874434224,1,3,2,1,5,20:25,32,E09000010,5,0,6,30,0,-1,-1,0,0,0,1,1,1,0,0,1,1,E01001540,29-09-2018,1,2,2,1,22,5,3,0,0,0,4,-1,11,1
24322,76.6980577,8.891454905,1,3,1,1,1,19:40,32,E09000010,3,111,6,30,0,-1,-1,0,0,1,4,1,1,0,0,1,1,E01001519,09-10-2018,1,3,2,1,25,5,3,0,0,0,4,-1,11,1
24323,76.6916479,8.886756458,1,3,2,1,2,10:48,32,E09000010,5,0,6,30,3,4,6,0,0,0,1,1,1,0,0,1,1,E01001416,19-09-2018,1,4,2,1,27,6,3,0,0,0,4,-1,11,1
24324,76.65335277,8.882780424,1,3,2,1,6,15:41,30,E09000003,6,0,6,30,9,4,6,0,0,0,1,1,1,0,0,1,1,E01000119,21-10-2018,1,1,1,1,43,7,3,0,0,0,0,-1,1,1
24325,76.65705571,8.871803971,1,3,2,1,3,18:15,32,E09000010,3,110,6,30,0,-1,-1,0,0,0,4,1,1,0,0,1,2,E01001536,11-10-2018,1,1,1,1,17,4,3,0,0,0,0,-1,3,-1
24326,76.68319013,8.890359065,1,3,2,1,7,18:45,30,E09000003,6,0,6,30,3,4,6,0,0,0,4,2,2,0,0,1,2,E01000116,08-10-2018,2,1,1,1,27,6,3,0,0,0,0,-1,3,1
24327,76.61470274,8.889979777,1,3,2,2,1,17:45,32,E09000010,3,10,1,30,1,4,3,406,0,0,1,1,1,0,0,1,2,E01001560,25-09-2018,1,1,3,1,49,8,3,6,9,0,0,-1,0,1
24328,76.65918182,8.865832911,1,3,2,1,7,11:20,32,E09000010,3,1005,6,30,0,-1,-1,0,0,0,1,1,1,0,0,1,2,E01001474,01-10-2018,1,1,1,1,18,4,2,0,0,0,0,-1,3,1
24329,76.65279607,8.870465016,1,3,2,1,5,15:20,32,E09000010,3,111,6,30,3,4,6,0,0,0,1,1,1,0,0,1,2,E01001531,20-10-2018,2,1,1,1,36,7,3,0,0,0,0,-1,1,1
24330,76.62634885,8.884596772,1,3,2,1,2,08:00,32,E09000010,1,25,6,30,6,4,3,10,0,0,1,1,1,0,0,2,1,E01001551,24-10-2018,1,1,1,2,35,6,3,0,0,0,0,-1,9,1
24331,76.63551727,8.891332455,1,3,2,1,7,19:00,32,E09000010,3,110,6,30,3,4,6,0,0,0,1,1,1,0,0,1,1,E01001451,10-09-2018,2,2,1,2,18,4,3,0,0,0,0,-1,9,1
24332,76.6522356,8.882100926,1,3,2,2,3,19:59,32,E09000010,5,0,6,30,3,4,6,0,0,1,4,1,1,0,0,1,1,E01001540,18-10-2018,2,1,1,2,36,7,3,0,0,0,0,-1,1,1
24333,76.66459727,8.891935225,1,3,2,1,1,16:45,32,E09000010,5,0,6,30,2,4,3,111,0,0,1,1,1,0,0,1,2,E01001417,11-09-2018,2,1,1,1,47,8,3,0,0,0,0,-1,9,1
24334,76.61219464,8.868692374,1,3,2,1,2,18:00,32,E09000010,6,0,3,50,3,4,3,406,0,0,4,1,1,0,0,1,1,E01001393,17-10-2018,3,2,1,1,59,9,3,0,0,0,0,-1,9,1
24335,76.64609388,8.873327987,1,3,2,2,1,20:40,32,E09000010,1,25,7,70,0,-1,-1,0,0,0,1,1,1,0,0,2,2,E01001551,11-09-2018,3,3,2,1,37,7,3,0,0,1,0,-1,9,1
24336,76.67881335,8.867199486,1,3,2,1,5,16:40,32,E09000010,3,1055,6,30,3,4,3,1055,0,0,1,1,1,0,0,1,2,E01001438,15-09-2018,3,5,2,1,35,6,3,0,0,2,0,-1,9,1
24337,76.64480597,8.892325362,1,3,2,1,5,13:47,32,E09000010,4,137,6,30,3,4,6,0,0,0,1,1,1,0,0,1,2,E01001481,20-10-2018,3,6,2,1,13,3,3,0,0,2,0,-1,9,1
24338,76.61621292,8.872316616,1,3,2,1,6,19:50,32,E09000010,4,137,6,30,6,4,6,0,0,0,4,1,1,0,0,1,1,E01001482,14-10-2018,4,4,1,2,46,8,3,0,0,0,0,-1,9,1
24339,76.63070751,8.874195854,1,3,3,1,5,18:10,32,E09000010,3,1055,6,30,3,2,6,0,0,5,1,1,1,0,0,1,2,E01001559,27-10-2018,1,1,1,1,30,6,3,0,0,0,0,-1,1,1
24340,76.6497691,8.871519755,1,3,2,1,2,19:10,32,E09000010,3,10,6,30,3,4,6,0,0,0,4,1,1,0,0,1,2,E01001412,24-10-2018,1,1,1,2,28,6,3,0,0,0,0,-1,1,1
24341,76.62693334,8.891945078,1,3,2,1,7,12:10,32,E09000010,3,10,6,30,0,-1,-1,0,0,0,1,1,1,0,0,1,2,E01001412,15-10-2018,1,1,1,1,23,5,3,0,0,0,0,-1,9,1
24342,76.6439281,8.8835684,1,3,2,2,7,15:45,32,E09000010,3,1004,6,30,3,2,3,105,0,5,1,1,1,0,0,1,2,E01001498,01-10-2018,3,2,1,1,21,5,3,0,0,0,0,-1,4,-1
24343,76.68589779,8.890508925,1,3,2,1,5,06:50,32,E09000010,3,10,6,30,3,2,3,110,0,5,1,1,1,0,0,1,2,E01001513,06-10-2018,2,1,1,1,29,6,3,0,0,0,0,-1,9,1
24344,76.66830233,8.880636694,1,3,1,1,4,16:50,32,E09000010,3,1010,6,30,3,4,6,0,0,0,1,1,1,0,0,1,2,E01001507,12-10-2018,1,1,1,1,17,4,3,0,0,0,0,-1,3,1
24345,76.67735102,8.886715338,1,3,2,1,5,14:10,32,E09000010,5,0,6,30,0,-1,-1,0,0,1,1,1,1,0,0,1,2,E01001542,22-09-2018,2,1,1,1,19,4,3,0,0,0,0,-1,2,1
24346,76.67863243,8.868902741,1,3,2,1,4,08:40,32,E09000010,3,110,6,30,0,-1,-1,0,0,0,1,1,1,0,0,1,2,E01001470,21-09-2018,1,1,2,2,66,10,3,0,0,1,0,-1,9,1
24347,76.66673212,8.895137533,1,3,2,1,2,13:00,32,E09000010,3,406,1,30,1,4,6,0,0,0,1,1,1,0,0,1,2,E01001427,31-10-2018,1,1,3,1,13,3,3,10,9,0,0,-1,0,1
24348,76.69590586,8.882220377,1,3,2,2,2,20:00,32,E09000010,3,10,6,30,3,2,6,0,0,5,1,1,1,0,0,1,2,E01001560,19-09-2018,2,1,1,2,15,3,3,0,0,0,0,-1,1,1
24349,76.62712529,8.881320988,1,3,2,1,3,12:17,32,E09000010,1,25,3,30,0,-1,-1,0,0,0,1,1,1,0,0,2,1,E01001412,27-09-2018,1,1,1,2,38,7,3,0,0,0,0,-1,9,1
24350,76.61784953,8.87331276,1,3,2,1,1,10:25,32,E09000010,3,406,6,30,0,-1,-1,0,0,0,1,1,1,0,0,1,2,E01001499,18-09-2018,1,2,2,2,15,3,3,0,0,1,0,-1,9,1
24351,76.63269492,8.891135834,1,3,2,1,6,23:27,32,E09000010,3,110,6,30,3,2,5,0,0,5,4,1,1,0,0,1,1,E01001419,21-10-2018,1,1,1,2,31,6,3,0,0,0,0,-1,9,1
24352,76.67523559,8.866100451,1,3,2,2,3,15:20,32,E09000010,3,406,6,30,3,4,6,0,0,0,1,1,1,0,0,1,1,E01001530,25-10-2018,1,1,3,1,24,5,3,10,9,0,0,-1,0,-1
24353,76.64083669,8.883519336,1,3,2,1,7,14:45,32,E09000010,3,111,6,30,3,4,6,0,0,0,1,1,1,0,0,1,2,E01001494,24-09-2018,1,1,1,1,24,5,3,0,0,0,0,-1,9,1
24354,76.67753177,8.864524073,1,3,2,1,4,19:15,32,E09000010,3,110,6,30,0,-1,-1,0,0,0,1,2,2,0,0,1,2,E01001511,28-09-2018,1,1,3,1,23,5,3,6,9,0,0,-1,0,1
24355,76.64584144,8.877999428,1,3,2,2,2,19:40,32,E09000010,4,137,6,30,0,-1,-1,0,0,0,4,2,2,0,0,1,1,E01001427,24-10-2018,1,1,1,1,22,5,3,0,0,0,0,-1,9,-1
24356,76.67781394,8.864768835,1,3,1,1,7,17:50,32,E09000010,5,0,6,30,0,-1,-1,0,0,0,4,1,1,0,0,1,1,E01001469,05-11-2018,1,1,3,2,13,3,3,1,9,0,0,-1,0,1
24357,76.63907702,8.867926056,1,3,2,1,2,15:45,32,E09000010,1,25,3,70,0,-1,-1,0,0,0,1,2,2,4,0,2,1,E01001552,24-10-2018,1,2,3,2,13,3,3,1,9,0,0,-1,0,1
24358,76.6104225,8.868285479,1,3,1,1,6,16:10,32,E09000010,6,0,6,30,0,-1,-1,0,0,0,1,1,1,0,0,1,1,E01001487,21-10-2018,2,1,1,1,-1,-1,3,0,0,0,0,-1,1,1
24359,76.68456058,8.875291928,1,3,1,1,4,11:20,32,E09000010,3,406,6,30,0,-1,-1,0,0,0,1,1,1,0,0,1,1,E01001458,12-10-2018,1,1,3,2,16,4,2,5,2,0,0,-1,0,1
24360,76.65959374,8.866533749,1,3,2,1,7,09:54,32,E09000010,3,1010,6,30,6,2,5,0,0,5,1,1,1,0,0,1,1,E01001507,15-10-2018,1,1,1,2,24,5,3,0,0,0,0,-1,1,1
24361,76.68854577,8.866640531,1,3,1,1,5,18:36,32,E09000010,3,406,3,50,0,-1,-1,0,0,0,4,1,1,0,0,1,1,E01001500,13-10-2018,1,1,1,1,29,6,3,0,0,0,0,-1,5,1
24362,76.66429712,8.889207468,1,3,1,1,7,05:20,32,E09000010,3,1010,6,30,3,2,3,110,0,5,1,1,1,0,0,1,1,E01001507,15-10-2018,2,1,1,1,16,4,3,0,0,0,0,-1,2,1
24363,76.62146205,8.881044017,1,3,1,1,6,08:30,32,E09000010,6,0,6,30,3,4,3,1110,0,0,1,1,1,0,0,1,1,E01001534,14-10-2018,1,1,2,1,7,2,3,0,0,0,4,-1,11,1
24364,76.67758931,8.891707421,1,3,2,1,3,07:23,32,E09000010,1,25,3,70,0,-1,-1,0,0,0,1,1,1,4,0,2,1,E01001551,04-10-2018,1,1,3,1,21,5,3,5,1,0,0,-1,0,1
24365,76.61540442,8.883834373,1,3,1,4,6,22:15,32,E09000010,6,0,6,30,3,4,6,0,0,0,4,1,1,0,0,1,1,E01001513,29-07-2018,2,1,1,2,32,6,3,0,0,0,0,-1,9,-1
24366,76.60918772,8.87162135,1,3,1,1,5,06:30,32,E09000010,3,110,6,30,0,-1,-1,0,0,0,1,1,1,0,0,1,1,E01001504,27-10-2018,1,1,1,1,57,9,3,0,0,0,0,-1,9,1
24367,76.66301557,8.880474887,1,3,3,3,3,07:20,32,E09000010,1,25,3,70,0,-1,-1,0,0,0,1,2,2,0,0,2,1,E01001412,25-10-2018,1,1,1,1,81,11,3,0,0,0,0,-1,90,1
24368,76.630945,8.894155649,1,3,2,1,1,01:00,32,E09000010,3,105,6,30,8,4,6,0,0,0,4,1,1,0,0,1,2,E01001569,02-10-2018,2,1,1,1,19,4,3,0,0,0,0,-1,9,1
24369,76.63974305,8.885986189,1,3,2,1,2,08:30,32,E09000010,6,0,6,30,6,4,6,0,0,0,1,1,1,0,0,1,2,E01001454,10-10-2018,1,1,2,1,29,6,3,0,0,1,0,-1,9,1
24370,76.68388257,8.87004241,1,3,1,1,3,22:10,32,E09000010,3,110,6,30,3,4,6,0,0,0,7,2,2,0,0,1,1,E01001511,01-11-2018,1,3,1,1,25,5,3,0,0,0,0,-1,9,1
24371,76.69407029,8.879253596,1,3,2,1,2,08:35,32,E09000010,3,109,6,30,3,4,6,0,0,0,1,1,1,0,0,1,1,E01001528,31-10-2018,2,1,1,1,33,6,3,0,0,0,0,-1,9,1
24372,76.65742799,8.8960917,1,3,1,1,4,18:22,32,E09000010,3,110,6,30,0,-1,-1,0,0,1,4,2,2,0,0,1,1,E01001457,02-11-2018,2,2,2,1,8,2,3,0,0,1,0,-1,9,-1
24373,76.66059674,8.894057687,1,3,2,2,5,19:05,32,E09000010,3,105,6,30,3,2,3,111,0,5,1,1,1,0,0,1,1,E01001495,27-10-2018,1,1,3,1,14,3,3,10,9,0,0,-1,0,-1
24374,76.64349753,8.881294889,1,3,3,1,3,09:20,32,E09000010,3,406,3,40,0,-1,-1,0,0,0,1,2,2,0,0,1,1,E01001499,15-11-2018,1,1,1,2,35,6,3,0,0,0,0,-1,9,1
24375,76.6885309,8.880337446,1,3,2,1,4,15:17,32,E09000010,4,137,6,30,0,-1,-1,0,0,0,1,1,1,0,0,1,1,E01001483,05-10-2018,1,1,3,2,14,3,3,9,5,0,0,-1,0,1
24376,76.67150188,8.896228561,1,3,4,2,6,16:00,32,E09000010,3,406,3,50,0,-1,-1,0,0,0,1,1,1,0,0,1,1,E01001973,07-10-2018,1,1,1,2,28,6,3,0,0,0,0,-1,9,1
24377,76.62387041,8.894442433,1,3,2,1,5,20:00,32,E09000010,6,0,6,30,6,4,6,0,0,0,4,1,1,0,0,1,1,E01001569,03-11-2018,1,1,3,1,26,6,2,9,5,0,0,-1,0,1
24378,76.61635411,8.895287886,1,3,2,1,2,21:58,32,E09000010,3,1010,6,30,3,4,5,0,0,0,4,1,1,4,0,1,1,E01001508,14-11-2018,1,1,1,1,31,6,3,0,0,0,0,-1,9,-1
24379,76.69149833,8.885816291,1,2,1,2,3,07:53,32,E09000010,5,0,6,30,3,4,6,0,0,1,1,2,2,0,0,1,1,E01001540,25-10-2018,1,1,1,1,27,6,3,0,0,0,0,-1,9,1
24380,76.68930191,8.871056935,1,3,1,2,5,20:05,32,E09000010,5,0,6,30,0,-1,-1,0,0,0,4,1,1,0,0,1,1,E01001523,24-11-2018,2,2,2,2,38,7,3,0,0,2,0,-1,9,1
24381,76.64495713,8.894343866,1,3,1,1,6,23:42,32,E09000010,6,0,6,30,3,4,6,0,0,0,4,2,2,0,0,1,1,E01001397,28-10-2018,2,3,2,1,-1,-1,3,0,0,1,0,-1,9,1
24382,76.60985107,8.891353233,1,3,2,1,1,18:00,32,E09000010,5,0,6,30,0,-1,-1,0,0,0,4,2,2,0,0,1,1,E01001412,16-10-2018,2,1,1,2,68,10,2,0,0,0,0,-1,9,1
24383,76.6947038,8.884813861,1,3,2,3,1,09:05,32,E09000010,1,25,3,40,0,-1,-1,0,0,0,1,1,1,4,0,2,1,E01001552,20-11-2018,1,1,1,2,24,5,2,0,0,0,0,-1,9,-1
24384,76.67026799,8.885757588,1,3,1,1,4,15:45,32,E09000010,3,110,6,30,3,4,6,0,0,0,1,1,1,0,0,1,1,E01001536,19-10-2018,2,2,2,2,24,5,2,0,0,1,0,-1,9,1
24385,76.67485174,8.877703619,1,3,1,1,7,21:20,32,E09000010,3,1055,1,30,1,4,3,110,0,0,4,1,1,0,0,1,1,E01001506,12-11-2018,2,3,1,1,25,5,3,0,0,0,0,-1,9,1
24386,76.65217967,8.865693073,1,3,2,2,4,12:30,32,E09000010,6,0,6,30,3,4,6,0,0,0,1,2,2,0,0,1,1,E01001475,02-11-2018,1,1,3,2,82,11,3,6,9,0,0,-1,0,1
24387,76.68778362,8.866064453,1,3,3,2,5,08:00,32,E09000010,1,25,3,70,0,-1,-1,0,0,0,1,2,2,0,0,2,1,E01001552,03-11-2018,1,1,2,2,7,2,3,0,0,1,0,-1,9,1
24388,76.62650502,8.888359588,1,3,3,1,4,12:05,32,E09000010,3,105,6,30,3,4,6,0,0,0,1,2,2,0,0,1,1,E01001450,19-10-2018,2,1,1,1,18,4,3,0,0,0,0,-1,2,1
24389,76.64379148,8.888774906,1,3,2,2,7,09:37,32,E09000010,3,105,6,30,8,4,6,0,0,0,1,1,1,0,0,1,1,E01001501,05-11-2018,2,1,2,2,28,6,3,0,0,1,0,-1,9,1
24390,76.64968166,8.87165932,1,3,1,1,5,08:32,32,E09000010,3,1004,6,30,9,4,5,0,0,0,1,1,1,0,0,1,1,E01001519,17-11-2018,1,1,1,1,20,4,3,0,0,0,0,-1,9,1
24391,76.65260103,8.873290035,1,2,1,1,3,07:50,32,E09000010,3,109,6,30,3,4,3,406,0,0,1,1,1,0,0,1,1,E01001528,18-10-2018,2,1,1,1,29,6,3,0,0,0,0,-1,4,1
24392,76.66546013,8.887216223,1,3,2,1,6,01:00,32,E09000010,3,406,3,50,5,4,3,111,0,0,4,1,1,0,0,1,1,E01001499,11-11-2018,1,1,1,1,47,8,2,0,0,0,0,-1,9,1
24393,76.69089078,8.86532965,1,3,3,3,2,10:40,32,E09000010,1,25,3,70,0,-1,-1,0,0,0,1,2,2,0,0,2,1,E01001412,31-10-2018,1,1,3,2,16,4,3,10,9,0,0,-1,0,-1
24394,76.63692762,8.867938524,1,3,2,1,5,22:08,32,E09000010,3,406,6,30,3,2,4,106,0,5,4,1,1,0,0,1,1,E01001393,20-10-2018,2,1,1,1,31,6,3,0,0,0,0,-1,3,1
24395,76.65662488,8.893879466,1,3,2,1,5,12:00,32,E09000010,3,105,6,30,0,-1,-1,0,0,0,1,5,2,0,0,1,2,E01001570,20-10-2018,1,1,1,2,-1,-1,2,0,0,0,0,-1,9,1
24396,76.6780054,8.877330925,1,3,3,1,5,18:34,32,E09000010,5,0,6,30,3,4,6,0,0,0,4,1,1,0,0,1,1,E01001515,27-10-2018,1,1,1,1,72,10,3,0,0,0,0,-1,9,1
24397,76.632644,8.894307511,1,3,1,1,6,17:48,32,E09000010,5,0,6,30,3,4,6,0,0,0,4,1,1,0,0,1,1,E01001503,04-11-2018,1,1,1,2,51,8,3,0,0,0,0,-1,9,1
24398,76.69760302,8.864498372,1,3,3,3,2,00:45,32,E09000010,3,406,3,60,6,2,3,109,0,0,4,2,2,0,0,1,1,E01001528,07-11-2018,1,1,1,2,47,8,3,0,0,0,0,-1,9,1
24399,76.63264643,8.88595695,1,3,1,1,4,10:46,32,E09000010,6,0,6,30,3,4,6,0,0,0,1,1,1,0,0,1,1,E01001457,26-10-2018,2,1,1,1,13,3,3,0,0,0,0,-1,1,-1
24400,76.62594948,8.889815497,1,3,1,1,6,15:00,32,E09000010,3,105,6,30,3,4,6,0,0,0,1,1,1,0,0,1,1,E01001402,04-11-2018,2,1,1,2,22,5,3,0,0,0,0,-1,1,1
24401,76.69936878,8.878348702,1,3,1,1,4,16:30,32,E09000010,3,105,6,30,0,-1,-1,0,0,0,1,1,1,0,0,1,1,E01001396,16-11-2018,1,1,1,2,19,4,3,0,0,0,0,-1,9,1
24402,76.61790125,8.87832461,1,3,3,1,3,11:55,32,E09000010,3,406,3,50,0,-1,-1,0,0,0,1,1,2,0,0,1,1,E01001558,22-11-2018,1,1,3,1,-1,-1,3,1,1,0,0,-1,0,1
24403,76.67434992,8.880180188,1,3,2,1,5,17:30,32,E09000010,3,1055,3,40,0,-1,-1,0,0,0,4,1,1,0,0,1,2,E01001483,03-11-2018,1,1,3,2,35,6,3,9,9,0,0,-1,0,1
24404,76.63339332,8.873575997,1,3,2,1,2,07:24,32,E09000010,3,109,6,30,0,-1,-1,0,0,0,1,1,1,0,0,1,1,E01001528,14-11-2018,1,1,1,2,26,6,2,0,0,0,0,-1,1,-1
24405,76.61283046,8.884433105,1,3,1,1,4,00:30,32,E09000010,3,1055,1,30,1,4,6,0,0,0,4,1,1,0,0,1,1,E01001506,26-10-2018,1,1,1,2,22,5,3,0,0,0,0,-1,1,1
24406,76.67057933,8.876775891,1,3,1,3,7,13:01,32,E09000010,6,0,6,30,3,4,6,0,0,0,1,1,1,0,0,1,1,E01001569,22-10-2018,1,1,1,1,37,7,3,0,0,0,0,-1,9,1
24407,76.62435223,8.881760124,1,2,2,1,5,12:25,32,E09000010,1,25,3,70,0,-1,-1,0,0,0,1,1,1,0,0,2,1,E01001412,13-10-2018,1,1,1,1,30,6,3,0,0,0,0,-1,1,1
24408,76.61163352,8.875005498,1,2,2,1,5,20:55,32,E09000010,3,10,6,30,0,-1,-1,0,0,4,4,1,1,0,0,1,1,E01001560,27-10-2018,1,1,1,2,23,5,3,0,0,0,0,-1,9,1
24409,76.63913106,8.873498448,1,2,2,1,4,10:04,32,E09000010,6,0,6,30,0,-1,-1,0,0,0,1,1,1,0,0,1,1,E01001455,26-10-2018,2,2,1,1,45,7,3,0,0,0,0,-1,9,2
24410,76.61400832,8.87467697,1,3,2,3,1,15:00,32,E09000010,3,111,6,30,3,4,6,0,0,0,1,1,2,0,0,1,2,E01001494,06-11-2018,1,1,1,1,22,5,3,0,0,0,0,-1,9,1
24411,76.64733851,8.865478602,1,3,2,1,2,00:25,32,E09000010,3,406,3,30,0,-1,-1,0,0,0,4,1,2,0,0,1,1,E01001458,07-11-2018,2,1,1,1,26,6,3,0,0,0,0,-1,3,1
24412,76.62344655,8.866441502,1,3,2,2,1,12:15,32,E09000010,6,0,6,30,6,4,6,0,0,0,1,2,2,0,0,1,2,E01001405,06-11-2018,1,1,1,1,20,4,3,0,0,0,0,-1,9,1
24413,76.6457721,8.869610436,1,3,3,1,3,14:14,32,E09000010,3,1004,6,30,0,-1,-1,0,0,0,1,1,2,0,0,1,1,E01001527,22-11-2018,2,1,2,2,29,6,3,0,0,1,0,-1,9,1
24414,76.65190035,8.86550298,1,3,2,1,5,07:20,32,E09000010,6,0,6,30,3,4,3,105,0,0,1,1,1,0,0,1,2,E01001396,03-11-2018,1,1,1,1,52,8,3,0,0,0,0,-1,2,-1
24415,76.61908662,8.877343816,1,3,2,1,6,09:10,32,E09000010,3,406,3,40,3,4,6,0,0,0,1,1,1,0,0,1,2,E01001500,30-09-2018,1,1,1,1,23,5,3,0,0,0,0,-1,1,1
24416,76.67538559,8.888525229,1,3,1,1,6,08:50,32,E09000010,6,0,6,30,0,-1,-1,0,0,0,1,1,1,0,0,1,1,E01001403,30-09-2018,1,1,1,1,23,5,2,0,0,0,0,-1,9,1
24417,76.65844424,8.877600492,1,3,3,1,3,15:20,32,E09000010,5,0,6,30,3,4,6,0,0,0,1,1,1,0,0,1,1,E01001516,04-10-2018,2,2,1,1,52,8,3,0,0,0,0,-1,9,1
24418,76.64687582,8.872825277,1,3,1,1,1,19:28,32,E09000010,3,1010,6,30,3,4,6,0,0,4,4,1,1,0,0,1,1,E01001429,30-10-2018,1,1,3,1,27,6,2,5,3,0,0,-1,0,1
24419,76.62489082,8.894110219,1,3,2,1,7,21:05,32,E09000010,6,0,6,30,3,4,6,0,0,0,4,1,1,0,0,1,1,E01001528,15-10-2018,1,1,1,1,35,6,2,0,0,0,0,-1,9,-1
24420,76.68499496,8.886368678,1,3,1,1,5,12:00,32,E09000010,3,1110,6,30,0,-1,-1,0,0,1,1,1,1,0,0,1,1,E01001534,10-11-2018,2,2,1,1,36,7,3,0,0,0,0,-1,9,1
24421,76.66591221,8.882335143,1,3,2,1,4,16:00,31,E09000014,3,1010,6,30,6,4,3,1010,0,0,1,2,2,0,0,1,1,E01002034,16-11-2018,1,1,3,1,70,10,3,1,3,0,0,-1,0,-1
24422,76.6596988,8.870107819,1,3,1,1,5,16:41,32,E09000010,5,0,6,30,3,4,5,0,0,5,1,1,1,0,0,1,1,E01001547,27-10-2018,1,1,1,1,-1,-1,3,0,0,0,0,-1,1,-1
24423,76.69223384,8.887306863,1,3,1,1,3,10:10,32,E09000010,3,1010,3,30,6,4,6,0,0,0,1,1,2,0,0,1,1,E01001507,01-11-2018,2,1,1,1,34,6,3,0,0,0,0,-1,5,1
24424,76.61414553,8.883452984,1,3,2,1,2,15:42,32,E09000010,1,25,3,70,0,-1,-1,0,0,0,1,1,1,0,0,2,1,E01001412,14-11-2018,2,1,1,1,37,7,3,0,0,0,0,-1,1,1
24425,76.68245316,8.877346147,1,3,2,4,4,23:02,32,E09000010,6,0,6,30,6,4,6,0,0,0,4,2,2,0,0,1,1,E01001413,02-11-2018,1,1,1,1,34,6,3,0,0,0,0,-1,9,1