Accident_Index,longitude,latitude,Police_Force,Accident_Severity,Number_of_Vehicles,Number_of_Casualties,Day_of_Week,Time,Local_Authority_(District),Local_Authority_(Highway),1st_Road_Class,1st_Road_Number,Road_Type,Speed_limit,Junction_Detail,Junction_Control,2nd_Road_Class,2nd_Road_Number,Pedestrian_Crossing-Human_Control,Pedestrian_Crossing-Physical_Facilities,Light_Conditions,Weather_Conditions,Road_Surface_Conditions,Special_Conditions_at_Site,Carriageway_Hazards,Urban_or_Rural_Area,Did_Police_Officer_Attend_Scene_of_Accident,LSOA_of_Accident_Location,Date,Vehicle_Reference,Casualty_Reference,Casualty_Class,Sex_of_Casualty,Age_of_Casualty,Age_Band_of_Casualty,Casualty_Severity,Pedestrian_Location,Pedestrian_Movement,Car_Passenger,Bus_or_Coach_Passenger,Pedestrian_Road_Maintenance_Worker,Casualty_Type,Casualty_Home_Area_Type
24788,76.62806201,8.879077107,1,3,1,1,1,02:29,31,E09000014,3,10,2,30,3,2,4,153,0,0,4,1,1,0,0,1,1,E01002066,24-04-2018,1,1,3,2,23,5,3,4,4,0,0,-1,0,-1
24789,76.65196222,8.872506818,1,3,2,1,1,15:30,31,E09000014,6,0,6,30,0,-1,-1,0,0,0,1,1,1,0,0,1,2,E01002028,24-04-2018,1,1,3,2,52,8,3,1,9,0,0,-1,0,1
24790,76.64780446,8.87188555,1,3,1,1,3,06:50,31,E09000014,3,105,6,30,3,4,6,0,0,0,1,1,1,0,0,1,1,E01002002,03-05-2018,1,1,3,2,22,5,2,4,4,0,0,-1,0,-1
24791,76.61807538,8.893976914,1,3,2,1,3,17:00,31,E09000014,5,0,6,30,3,4,4,152,0,1,1,1,1,0,0,1,2,E01002046,03-05-2018,2,1,2,2,-1,-1,3,0,0,2,0,-1,9,1
24792,76.66108285,8.896416041,1,3,2,1,6,08:34,31,E09000014,3,504,6,30,6,4,6,0,0,0,1,1,1,0,0,1,1,E01002022,22-04-2018,2,2,1,2,21,5,3,0,0,0,0,-1,9,1
24793,76.60946409,8.868263735,1,3,2,1,1,21:53,31,E09000014,3,109,6,30,3,2,4,151,0,5,4,2,2,0,0,1,1,E01002098,17-04-2018,1,1,3,2,25,5,3,5,4,0,0,-1,0,1
24794,76.66025639,8.895825358,1,3,2,3,1,23:57,31,E09000014,3,109,6,30,0,-1,-1,0,0,0,4,2,2,0,0,1,1,E01001970,17-04-2018,1,2,3,2,26,6,3,5,4,0,0,-1,0,1
24795,76.65250235,8.878349567,1,3,2,1,4,21:40,31,E09000014,3,503,6,30,6,2,4,152,0,5,4,1,1,0,0,1,2,E01002046,09-03-2018,1,1,3,1,27,6,3,1,3,0,0,-1,0,1
24796,76.66492568,8.886423033,1,3,2,3,2,18:15,4,E09000012,3,503,3,30,0,-1,-1,0,0,0,4,1,1,0,0,1,2,E01001716,21-03-2018,1,1,1,2,67,10,2,0,0,0,0,-1,9,1
24797,76.63952667,8.872278445,1,3,1,1,6,16:02,31,E09000014,3,503,6,30,0,-1,-1,0,0,4,1,1,1,0,0,1,1,E01002054,29-04-2018,1,1,1,1,28,6,3,0,0,0,0,-1,11,1
24798,76.67014266,8.870058396,1,3,2,1,4,14:55,31,E09000014,4,150,6,30,0,-1,-1,0,0,0,1,1,1,0,0,1,1,E01002002,13-04-2018,2,2,1,2,37,7,3,0,0,0,0,-1,9,1
24799,76.61009646,8.876729094,1,3,2,1,6,09:50,31,E09000014,3,503,6,30,0,-1,-1,0,0,0,1,1,1,0,0,1,1,E01002080,15-04-2018,2,3,2,2,41,7,3,0,0,1,0,-1,9,1
24800,76.66827823,8.872129941,1,3,1,1,3,19:30,31,E09000014,4,540,6,30,0,-1,-1,0,0,0,1,1,1,0,0,1,1,E01002009,19-04-2018,1,1,3,1,7,2,2,5,1,0,0,-1,0,1
24801,76.63581672,8.8763491,1,3,1,1,4,17:32,31,E09000014,4,153,6,30,3,4,6,0,0,0,1,1,1,0,0,1,1,E01002067,20-04-2018,2,1,1,1,50,8,3,0,0,0,0,-1,5,1
24802,76.67444921,8.884389949,1,3,1,1,2,11:20,31,E09000014,3,105,6,30,3,4,6,0,0,4,1,1,1,0,0,1,1,E01002029,21-03-2018,1,1,1,1,41,7,3,0,0,0,0,-1,9,1
24803,76.61402315,8.887633613,1,2,1,1,5,15:21,31,E09000014,3,10,6,30,0,-1,-1,0,0,4,1,1,1,0,0,1,1,E01002072,05-05-2018,3,2,1,1,46,8,3,0,0,0,0,-1,9,1
24804,76.61678829,8.876969815,1,3,1,1,3,08:30,31,E09000014,3,504,6,30,3,4,6,0,0,0,1,1,1,0,0,1,1,E01002043,26-04-2018,1,1,1,1,42,7,3,0,0,0,0,-1,19,1
24805,76.66881061,8.878401725,1,3,2,1,7,09:07,32,E09000010,3,109,6,30,8,4,3,406,0,0,1,1,1,0,0,1,1,E01001973,23-04-2018,1,1,2,2,75,10,3,0,0,0,3,-1,11,1
24806,76.68722388,8.892065897,1,3,2,1,1,06:50,31,E09000014,3,109,6,30,6,2,4,106,0,5,1,1,1,0,0,1,1,E01001973,24-04-2018,1,1,2,1,-1,-1,3,0,0,0,4,-1,11,1
24807,76.6200474,8.88151285,1,3,2,1,5,11:00,31,E09000014,3,1055,6,30,3,2,5,0,0,5,1,1,1,0,0,1,1,E01002037,21-04-2018,2,1,1,1,27,6,3,0,0,0,0,-1,3,1
24808,76.69372028,8.876262131,1,3,1,1,6,18:28,31,E09000014,3,504,6,30,3,4,6,0,0,0,1,1,1,0,0,1,1,E01002003,22-04-2018,1,1,2,2,-1,-1,3,0,0,1,0,-1,9,1
24809,76.68301498,8.866780622,1,3,1,1,1,13:25,31,E09000014,6,0,6,30,0,-1,-1,0,0,0,1,1,1,0,0,1,1,E01002013,24-04-2018,1,1,2,2,78,11,3,0,0,0,1,-1,11,-1
24810,76.66542775,8.892453847,1,3,2,1,5,16:30,31,E09000014,3,109,6,30,0,-1,-1,0,0,5,1,1,1,0,0,1,1,E01002028,21-04-2018,1,1,1,2,31,6,3,0,0,0,0,-1,11,1
24811,76.62541703,8.891764033,1,2,1,1,7,16:35,31,E09000014,6,0,6,30,0,-1,-1,0,0,0,1,1,1,0,0,1,1,E01002103,30-04-2018,1,1,1,2,45,7,3,0,0,0,0,-1,9,1
24812,76.67346152,8.869254174,1,3,1,1,4,18:48,31,E09000014,6,0,6,30,0,-1,-1,0,0,0,1,1,1,0,0,1,1,E01002035,27-04-2018,1,4,2,1,-1,-1,3,0,0,1,0,-1,9,-1
24813,76.67276625,8.881229007,1,2,1,1,2,09:30,31,E09000014,3,10,2,30,0,-1,-1,0,0,4,1,2,2,0,0,1,1,E01002066,25-04-2018,2,2,1,1,17,4,3,0,0,0,0,-1,3,-1
24814,76.6552538,8.867015398,1,3,1,1,4,14:50,31,E09000014,3,10,6,30,3,2,3,10,0,5,1,2,2,0,0,1,1,E01001979,02-03-2018,2,3,2,1,14,3,2,0,0,0,0,-1,3,-1
24815,76.6657128,8.876084331,1,2,1,1,5,21:55,31,E09000014,3,105,6,30,3,4,6,0,0,0,4,1,1,0,0,1,1,E01002002,14-04-2018,2,1,1,2,21,5,2,0,0,0,0,-1,1,1
24816,76.61895502,8.871607001,1,3,1,1,7,14:55,31,E09000014,3,10,6,30,0,-1,-1,0,0,0,1,1,1,0,0,1,1,E01002066,30-04-2018,1,1,1,1,21,5,3,0,0,0,0,-1,9,1
24817,76.64284426,8.869040719,1,2,1,1,1,21:10,31,E09000014,3,109,6,30,3,2,6,0,0,5,4,1,1,0,0,1,1,E01002028,08-05-2018,2,2,1,1,20,4,3,0,0,0,0,-1,19,1
24818,76.65987302,8.865526443,1,3,1,1,7,13:35,31,E09000014,6,0,6,30,0,-1,-1,0,0,0,1,1,1,0,0,1,1,E01002072,07-05-2018,1,1,3,1,12,3,3,4,3,0,0,-1,0,-1
24819,76.61889461,8.879828574,1,2,1,2,2,08:35,31,E09000014,3,10,6,30,0,-1,-1,0,0,0,1,1,1,0,0,1,1,E01001979,09-05-2018,1,1,3,1,60,9,3,1,1,0,0,-1,0,-1
24820,76.63083199,8.886564265,1,3,3,1,7,00:49,31,E09000014,6,0,6,30,0,-1,-1,0,0,0,4,1,1,0,0,1,1,E01001996,05-02-2018,1,1,3,1,27,6,3,4,3,0,0,-1,0,-1
24821,76.68109078,8.872627055,1,3,3,2,5,16:35,31,E09000014,3,10,6,30,3,4,3,1010,0,0,1,1,1,0,0,1,1,E01001979,21-04-2018,1,1,3,2,22,5,3,4,1,0,0,-1,0,1
24822,76.64737039,8.873862911,1,3,1,1,4,14:35,4,E09000012,3,503,6,30,3,4,6,0,0,0,1,1,1,0,0,1,1,E01001718,04-05-2018,1,1,1,2,21,5,3,0,0,0,0,-1,9,1
24823,76.61626686,8.873319981,1,3,4,1,7,15:51,31,E09000014,4,138,6,30,3,4,6,0,0,0,1,1,1,0,0,1,1,E01002003,14-05-2018,2,1,3,2,16,4,2,4,4,0,0,-1,0,-1
24824,76.69751727,8.875952867,1,3,2,1,7,09:15,31,E09000014,3,503,6,30,0,-1,-1,0,0,0,1,1,1,0,0,1,2,E01002066,09-04-2018,1,1,3,1,40,7,3,5,3,0,0,-1,0,-1
24825,76.67118243,8.891464686,1,2,1,1,3,18:45,31,E09000014,6,0,6,30,0,-1,-1,0,0,0,1,1,1,0,0,1,1,E01002017,03-05-2018,2,1,1,1,70,10,3,0,0,0,0,-1,1,1
24826,76.66749671,8.868343461,1,3,2,1,6,23:30,31,E09000014,3,105,7,30,5,2,3,105,0,5,4,1,1,0,0,1,2,E01002098,06-05-2018,1,1,3,2,16,4,3,1,1,0,0,-1,0,1
24827,76.63178692,8.88427056,1,3,1,1,7,09:40,31,E09000014,3,503,6,30,0,-1,-1,0,0,0,1,1,1,0,0,1,2,E01002071,18-06-2018,2,1,1,1,35,6,3,0,0,0,0,-1,5,1
24828,76.65874454,8.884974485,1,3,1,1,7,10:28,31,E09000014,6,0,6,30,8,4,6,0,0,0,1,1,1,0,0,1,1,E01001979,07-05-2018,1,1,1,1,16,4,3,0,0,0,0,-1,3,-1
24829,76.67746497,8.894105187,1,3,1,1,6,11:31,31,E09000014,3,504,6,30,0,-1,-1,0,0,0,1,1,1,0,0,1,1,E01002003,13-05-2018,1,1,2,2,51,8,3,0,0,0,3,-1,11,1
24830,76.62730889,8.873250234,1,3,1,1,2,06:55,31,E09000014,3,504,6,30,3,2,3,105,0,5,1,1,1,0,0,1,1,E01002003,09-05-2018,1,1,1,1,16,4,3,0,0,0,0,-1,1,1
24831,76.68415551,8.868365484,1,3,1,1,1,08:40,31,E09000014,3,1055,6,30,0,-1,-1,0,0,0,1,1,1,0,0,1,1,E01002075,15-05-2018,1,1,1,1,34,6,3,0,0,0,0,-1,1,1
24832,76.62516175,8.876705204,1,3,2,1,7,02:26,31,E09000014,5,0,6,30,6,4,6,0,0,0,4,1,1,0,0,1,1,E01002040,21-05-2018,1,1,1,2,26,6,3,0,0,0,0,-1,3,1
24833,76.63546688,8.892412142,1,3,1,1,6,18:25,31,E09000014,3,504,6,30,3,2,3,105,0,5,1,1,1,0,0,1,1,E01002003,20-05-2018,1,1,3,1,38,7,3,4,1,0,0,-1,0,1
24834,76.69654045,8.890126035,1,3,1,1,6,15:31,31,E09000014,3,10,6,30,8,4,6,0,0,0,1,1,1,0,0,1,1,E01001976,27-05-2018,2,1,1,2,26,6,3,0,0,0,0,-1,1,1
24835,76.67464065,8.884783726,1,3,1,1,6,15:50,31,E09000014,3,109,3,40,6,2,4,106,0,5,1,1,1,0,0,1,1,E01001970,27-05-2018,1,1,3,2,58,9,3,8,9,0,0,-1,0,1
24836,76.67534829,8.892996306,1,3,1,2,3,10:57,31,E09000014,3,1080,6,30,0,-1,-1,0,0,0,1,1,1,0,0,1,1,E01002031,31-05-2018,1,1,1,1,22,5,3,0,0,0,0,-1,5,1
24837,76.65303075,8.893905736,1,3,1,1,5,11:05,31,E09000014,3,10,6,30,3,2,4,153,0,5,1,1,1,0,0,1,1,E01002066,02-06-2018,2,1,1,1,32,6,2,0,0,0,0,-1,9,1
24838,76.65079876,8.866232512,1,3,1,1,2,18:26,31,E09000014,3,109,6,30,7,2,3,105,0,5,1,1,1,0,0,1,1,E01002029,30-05-2018,1,1,3,1,38,7,3,5,1,0,0,-1,0,1
24839,76.64932714,8.864693906,1,3,2,1,7,23:25,31,E09000014,3,503,6,30,3,4,6,0,0,5,4,1,1,0,0,1,2,E01002068,21-05-2018,1,1,1,1,24,5,3,0,0,0,0,-1,11,1
24840,76.6536222,8.883171387,1,3,1,1,3,19:00,31,E09000014,3,503,6,30,3,4,6,0,0,0,1,1,1,0,0,1,2,E01002072,03-05-2018,2,3,1,1,49,8,3,0,0,0,0,-1,11,1
24841,76.69334167,8.878894616,1,3,2,1,1,11:20,31,E09000014,3,503,6,30,3,4,6,0,0,0,1,1,1,0,0,1,1,E01002056,15-05-2018,3,2,2,1,17,4,3,0,0,2,0,-1,8,1
24842,76.62932805,8.875556274,1,3,1,1,5,16:00,31,E09000014,3,504,6,30,3,4,6,0,0,0,1,2,2,0,0,1,2,E01002014,19-05-2018,2,1,1,1,16,4,3,0,0,0,0,-1,2,1
24843,76.64802252,8.877444289,1,3,1,1,6,18:45,31,E09000014,6,0,6,30,3,4,6,0,0,0,1,1,1,0,0,1,1,E01002036,20-05-2018,1,1,1,1,-1,-1,2,0,0,0,0,-1,9,-1
24844,76.62766617,8.868680961,1,3,2,1,2,14:15,31,E09000014,3,10,7,30,3,2,6,0,0,0,1,1,1,0,0,1,1,E01002066,14-03-2018,1,1,1,1,41,7,3,0,0,0,0,-1,4,-1
24845,76.62398809,8.886746701,1,3,2,1,2,02:25,31,E09000014,3,103,6,30,0,-1,-1,0,0,4,4,1,1,0,0,1,1,E01001990,03-01-2018,2,1,1,2,-1,-1,3,0,0,0,0,-1,1,-1
24846,76.62222786,8.894758689,1,3,1,1,3,16:05,31,E09000014,3,503,6,30,6,4,6,0,0,4,1,1,1,0,0,1,1,E01002068,03-05-2018,1,1,3,1,48,8,3,4,9,0,0,-1,0,1
24847,76.63798443,8.880323088,1,3,2,1,2,10:10,31,E09000014,4,151,6,30,3,4,4,138,0,1,1,1,1,0,0,1,2,E01002030,23-05-2018,1,1,1,1,38,7,3,0,0,0,0,-1,3,1
24848,76.67388009,8.888343993,1,3,1,1,2,17:30,31,E09000014,3,109,6,30,0,-1,-1,0,0,0,1,1,1,0,0,1,2,E01002029,30-05-2018,1,2,3,1,31,6,3,5,2,0,0,-1,0,-1
24849,76.66306213,8.875183881,1,3,2,1,4,10:00,31,E09000014,3,10,3,30,3,2,4,152,0,5,1,1,1,0,0,1,1,E01002055,11-05-2018,1,1,1,1,44,7,2,0,0,0,0,-1,3,1
24850,76.63781738,8.884974215,1,3,2,1,5,18:40,31,E09000014,3,105,6,30,3,4,6,0,0,0,1,1,1,0,0,1,1,E01001969,26-05-2018,2,1,1,2,27,6,2,0,0,0,0,-1,1,1
24851,76.61021363,8.880347074,1,3,1,1,2,10:00,31,E09000014,3,103,6,30,0,-1,-1,0,0,0,1,1,1,0,0,1,1,E01002017,09-05-2018,1,1,2,2,-1,-1,3,0,0,0,4,-1,11,-1
24852,76.69205036,8.867749447,1,3,1,1,7,10:20,31,E09000014,6,0,6,30,3,4,3,504,0,0,1,1,1,0,0,1,1,E01002014,14-05-2018,1,1,1,1,46,8,3,0,0,0,0,-1,9,1
24853,76.65513665,8.889812297,1,3,2,1,6,17:35,31,E09000014,3,109,6,30,0,-1,-1,0,0,0,1,1,1,0,0,1,1,E01001972,17-06-2018,2,1,1,2,40,7,3,0,0,0,0,-1,1,1
24854,76.64783703,8.888183319,1,3,1,1,5,14:45,31,E09000014,3,105,6,30,3,4,6,0,0,0,1,1,1,0,0,1,1,E01002026,26-05-2018,1,1,1,1,74,10,3,0,0,0,0,-1,1,1
24855,76.67330857,8.866104618,1,3,2,1,6,14:27,31,E09000014,3,1201,6,30,3,4,6,0,0,0,1,1,1,0,0,1,1,E01001990,10-06-2018,1,1,3,1,23,5,3,9,5,0,0,-1,0,2
24856,76.66677149,8.881196733,1,3,2,3,7,02:43,31,E09000014,3,105,6,30,6,2,5,0,0,5,4,1,1,0,0,1,1,E01002029,11-06-2018,1,1,3,2,16,4,3,5,3,0,0,-1,0,1
24857,76.62565264,8.871510627,1,3,2,1,1,12:00,31,E09000014,3,504,6,30,6,4,6,0,0,0,1,1,1,0,0,1,1,E01001991,12-06-2018,1,1,1,1,22,5,3,0,0,0,0,-1,9,1
24858,76.6327065,8.866516391,1,3,2,1,6,15:14,31,E09000014,3,503,6,30,6,4,6,0,0,0,1,1,1,0,0,1,1,E01002071,17-06-2018,2,1,1,1,24,5,3,0,0,0,0,-1,4,1
24859,76.68189522,8.874821215,1,3,1,1,2,13:44,31,E09000014,3,10,6,30,0,-1,-1,0,0,0,1,1,1,0,0,1,1,E01001979,23-05-2018,1,1,3,2,17,4,3,5,1,0,0,-1,0,1
24860,76.68389276,8.890521135,1,3,2,2,1,12:59,31,E09000014,3,1,6,30,6,4,6,0,0,0,1,1,1,0,0,1,1,E01002005,29-05-2018,2,1,1,1,36,7,3,0,0,0,0,-1,3,-1
24861,76.69390674,8.890344013,1,3,1,1,6,23:00,31,E09000014,3,503,6,30,0,-1,-1,0,0,0,4,1,1,0,0,1,1,E01002068,10-06-2018,2,1,1,2,37,7,3,0,0,0,0,-1,9,-1
24862,76.65987585,8.895818536,1,3,2,1,4,17:40,31,E09000014,4,138,6,30,3,4,6,0,0,0,1,1,1,0,0,1,2,E01002003,25-05-2018,2,1,1,1,29,6,3,0,0,0,0,-1,9,1
24863,76.65490704,8.889978451,1,3,2,1,5,18:24,31,E09000014,3,503,6,30,0,-1,-1,0,0,0,1,1,1,0,0,1,1,E01002080,26-05-2018,2,2,2,1,-1,-1,3,0,0,1,0,-1,9,1
24864,76.6495752,8.879918135,1,3,2,1,1,18:00,31,E09000014,4,106,6,30,6,4,6,0,0,1,1,1,1,0,0,1,1,E01001966,05-06-2018,1,1,1,1,31,6,3,0,0,0,0,-1,1,1
24865,76.6850247,8.880618011,1,3,2,1,2,08:20,31,E09000014,3,504,6,30,8,4,6,0,0,0,1,1,2,0,0,1,1,E01002020,21-02-2018,2,1,1,2,65,9,3,0,0,0,0,-1,9,1
24866,76.69608018,8.865548072,1,3,5,1,1,02:18,31,E09000014,4,550,6,30,3,2,4,106,0,0,4,1,1,0,0,1,1,E01001997,19-06-2018,1,1,3,1,17,4,2,5,2,0,0,-1,0,1
24867,76.6475467,8.867445965,1,3,4,1,7,18:20,31,E09000014,3,503,6,30,3,4,6,0,0,0,1,1,1,0,0,1,1,E01002068,21-05-2018,2,1,1,2,39,7,2,0,0,0,0,-1,9,1
24868,76.69406268,8.866592868,1,2,1,1,3,13:30,31,E09000014,4,519,6,30,0,-1,-1,0,0,0,1,1,1,0,0,1,1,E01002010,17-05-2018,1,1,3,2,22,5,2,10,9,0,0,-1,0,1
24869,76.69758605,8.877169976,1,3,2,1,4,18:23,31,E09000014,3,1055,3,40,0,-1,-1,0,0,0,1,1,1,0,0,1,1,E01002080,11-05-2018,1,2,3,1,4,1,3,10,9,0,0,-1,0,1
24870,76.61929118,8.892423098,1,3,2,1,1,09:15,31,E09000014,3,109,1,30,1,4,3,1080,0,0,1,1,1,0,0,1,2,E01002088,29-05-2018,1,1,3,2,17,4,3,5,1,0,0,-1,0,1
24871,76.66554619,8.873116159,1,3,2,1,1,19:00,31,E09000014,3,105,6,30,3,4,6,0,0,0,1,1,1,0,0,1,2,E01002003,08-05-2018,2,1,1,1,54,8,3,0,0,0,0,-1,4,1
24872,76.64965309,8.864655753,1,3,4,1,3,18:35,31,E09000014,6,0,6,30,3,4,6,0,0,0,1,1,2,0,0,1,1,E01002091,03-05-2018,2,1,1,2,46,8,3,0,0,0,0,-1,1,-1
24873,76.63760245,8.86734644,1,3,2,1,3,15:58,31,E09000014,6,0,6,30,0,-1,-1,0,0,0,1,1,1,0,0,1,1,E01002016,17-05-2018,2,1,1,1,34,6,3,0,0,0,0,-1,5,1
24874,76.61518447,8.889044802,1,2,1,1,7,09:22,31,E09000014,3,105,6,30,6,2,3,504,0,5,1,1,1,0,0,1,1,E01002085,14-05-2018,1,4,1,1,35,6,2,0,0,0,0,-1,5,1
24875,76.62003174,8.886773146,1,2,2,1,2,08:45,31,E09000014,3,1201,6,30,3,2,3,103,0,5,1,2,2,0,0,1,1,E01001990,18-04-2018,1,5,3,1,34,6,3,6,9,0,0,-1,0,-1
24876,76.69636373,8.871072651,1,3,2,1,7,06:35,31,E09000014,5,0,6,30,3,4,5,0,0,1,1,1,1,0,0,1,1,E01002035,05-03-2018,2,1,1,1,45,7,2,0,0,0,0,-1,9,1
24877,76.67997679,8.875498721,1,3,1,1,6,10:30,31,E09000014,3,1,6,30,3,4,6,0,0,0,1,2,2,0,0,1,1,E01002007,08-04-2018,3,2,2,2,22,5,3,0,0,0,4,-1,11,1
24878,76.6875611,8.891549201,1,3,1,1,2,11:30,31,E09000014,3,503,6,30,6,2,4,152,0,5,1,1,1,0,0,1,1,E01002054,20-06-2018,3,3,2,1,40,7,3,0,0,0,4,-1,11,1
24879,76.68397175,8.880501784,1,3,1,1,4,14:30,31,E09000014,3,109,6,30,6,2,3,105,0,5,1,2,2,0,0,1,2,E01002029,27-04-2018,1,1,1,1,26,6,3,0,0,0,0,-1,9,1
24880,76.68330449,8.895328985,1,2,2,1,4,18:55,31,E09000014,3,1080,1,30,1,4,3,109,0,0,1,1,1,0,0,1,1,E01002100,25-05-2018,1,1,2,2,27,6,3,0,0,0,3,-1,11,1
24881,76.64728523,8.868888282,1,3,2,1,7,09:50,31,E09000014,3,105,6,30,0,-1,-1,0,0,0,1,1,1,0,0,1,1,E01002102,16-07-2018,2,1,1,1,36,7,3,0,0,0,0,-1,9,-1
24882,76.68908923,8.892117604,1,3,2,1,3,15:40,31,E09000014,3,503,6,30,6,2,4,152,0,5,1,1,1,0,0,1,2,E01002053,07-06-2018,1,1,1,1,22,5,3,0,0,0,0,-1,9,1
24883,76.6909082,8.875968821,1,3,1,1,6,14:55,31,E09000014,3,504,6,30,3,4,6,0,0,0,1,1,1,0,0,1,1,E01002048,01-07-2018,1,1,1,1,29,6,3,0,0,0,0,-1,5,1
24884,76.61638013,8.87170024,1,3,2,1,3,17:00,31,E09000014,5,0,6,30,3,4,5,0,0,0,1,1,1,0,0,1,2,E01002035,05-07-2018,1,1,1,1,45,7,3,0,0,0,0,-1,9,1
24885,76.6533561,8.876579351,1,3,2,1,3,16:30,31,E09000014,4,540,6,30,3,4,6,0,0,0,1,2,2,0,0,1,1,E01002006,05-07-2018,2,1,1,1,20,4,3,0,0,0,0,-1,1,-1
24886,76.63712173,8.895443424,1,3,2,1,2,20:05,31,E09000014,4,540,6,30,3,4,3,103,0,0,4,1,1,0,0,1,2,E01001984,11-07-2018,2,1,1,1,21,5,3,0,0,0,0,-1,9,1
24887,76.66694064,8.881294358,1,3,3,1,1,14:45,31,E09000014,6,0,6,30,0,-1,-1,0,0,0,1,2,2,0,0,1,1,E01001966,03-07-2018,1,1,1,2,50,8,3,0,0,0,0,-1,1,-1
24888,76.68924134,8.867285879,1,3,2,2,2,09:05,31,E09000014,3,10,6,30,3,4,6,0,0,0,1,1,1,0,0,1,1,E01001979,11-07-2018,2,1,1,1,25,5,3,0,0,0,0,-1,9,1
24889,76.67791517,8.876383165,1,3,1,2,7,15:30,31,E09000014,3,10,6,30,3,4,6,0,0,0,1,1,1,0,0,1,1,E01002051,02-07-2018,1,1,1,2,43,7,3,0,0,0,0,-1,9,1
24890,76.67916873,8.889116774,1,3,1,1,4,18:13,31,E09000014,5,0,6,30,3,4,5,0,0,0,1,1,1,0,0,1,1,E01002103,29-06-2018,1,1,1,1,42,7,3,0,0,0,0,-1,11,1
24891,76.6480186,8.881497243,1,2,1,1,7,16:20,31,E09000014,3,1010,6,30,3,4,6,0,0,4,1,1,1,0,0,1,1,E01002077,04-06-2018,1,1,3,2,47,8,3,4,1,0,0,-1,0,1
24892,76.68504956,8.889657454,1,3,1,1,5,23:48,31,E09000014,3,1010,6,30,0,-1,-1,0,0,1,4,1,1,0,0,1,1,E01002038,02-06-2018,1,1,2,1,18,4,3,0,0,2,0,-1,9,1
24893,76.62174438,8.874432702,1,2,3,2,3,06:55,31,E09000014,3,109,6,30,0,-1,-1,0,0,0,1,1,1,0,0,1,1,E01001973,05-07-2018,1,2,2,1,17,4,2,0,0,2,0,-1,9,-1
24894,76.6954358,8.875446625,1,3,2,1,1,06:55,31,E09000014,3,10,6,30,6,4,6,0,0,0,1,1,1,0,0,1,1,E01002051,05-06-2018,1,3,2,1,18,4,3,0,0,1,0,-1,9,1
24895,76.61807238,8.8771755,1,3,2,1,6,11:02,4,E09000012,3,10,6,30,3,4,3,10,0,0,1,1,1,0,0,1,1,E01002055,17-06-2018,1,1,1,1,45,7,3,0,0,0,0,-1,1,1
24896,76.6555407,8.883098504,1,3,2,1,2,17:13,31,E09000014,3,10,6,30,3,4,3,109,0,0,1,1,1,0,0,1,1,E01001978,13-06-2018,1,1,1,1,29,6,3,0,0,0,0,-1,9,1
24897,76.64677827,8.872088293,1,2,2,2,4,13:34,31,E09000014,3,1201,6,30,6,2,3,504,0,5,1,1,1,0,0,1,1,E01002020,01-06-2018,2,1,1,1,23,5,3,0,0,0,0,-1,3,1
24898,76.69111818,8.879219857,1,3,1,1,4,13:50,31,E09000014,3,105,6,30,0,-1,-1,0,0,0,1,1,1,0,0,1,2,E01001975,08-06-2018,1,1,3,2,7,2,2,4,3,0,0,-1,0,1
24899,76.66544261,8.867347968,1,3,1,1,2,20:15,2,E09000007,3,400,6,30,3,2,5,0,0,5,1,1,1,0,0,1,2,E01000851,13-06-2018,2,1,1,2,38,7,3,0,0,0,0,-1,9,1
24900,76.68065816,8.890380649,1,3,1,1,4,16:10,31,E09000014,3,105,6,30,0,-1,-1,0,0,0,1,1,1,0,0,1,1,E01002098,08-06-2018,1,1,3,2,6,2,3,10,9,0,0,-1,0,1
24901,76.63501447,8.885147183,1,3,1,1,4,09:49,31,E09000014,3,105,6,30,6,2,3,504,0,0,1,1,1,0,0,1,1,E01002003,25-05-2018,1,1,1,1,18,4,2,0,0,0,0,-1,1,1
24902,76.64488408,8.8657103,1,3,3,1,4,23:16,31,E09000014,6,0,6,30,3,4,6,0,0,0,4,1,1,0,0,1,1,E01002061,08-06-2018,1,1,1,2,33,6,3,0,0,0,0,-1,9,1
24903,76.63688884,8.891598279,1,3,1,1,5,16:40,31,E09000014,3,503,6,30,0,-1,-1,0,0,0,1,1,1,0,0,1,1,E01002056,09-06-2018,1,1,1,1,34,6,3,0,0,0,0,-1,9,-1
24904,76.61170242,8.880399944,1,3,1,1,3,17:30,31,E09000014,3,103,6,30,3,4,3,103,0,8,1,1,1,0,0,1,1,E01002016,14-06-2018,2,1,1,1,41,7,2,0,0,0,0,-1,1,1
24905,76.67632028,8.875305023,1,3,2,1,5,18:30,31,E09000014,3,504,1,30,1,4,3,504,0,0,1,1,1,0,0,1,2,E01002022,05-05-2018,1,1,1,1,28,6,3,0,0,0,0,-1,9,1
24906,76.67059847,8.880192388,1,3,1,1,4,08:35,31,E09000014,3,10,6,30,3,4,4,152,0,0,1,1,1,0,0,1,1,E01002051,13-07-2018,1,1,2,2,27,6,3,0,0,1,0,-1,9,1
24907,76.68404797,8.894644251,1,3,1,1,5,07:00,31,E09000014,3,1055,2,30,3,2,3,10,0,5,1,1,1,0,0,1,1,E01002066,14-07-2018,2,2,1,1,39,7,3,0,0,0,0,-1,9,-1
24908,76.66480851,8.882797043,1,3,2,1,3,17:15,31,E09000014,3,1201,6,30,6,2,6,0,0,5,1,1,1,0,0,1,2,E01001988,07-06-2018,3,3,2,2,35,6,3,0,0,2,0,-1,8,-1