Accident_Index,longitude,latitude,Police_Force,Accident_Severity,Number_of_Vehicles,Number_of_Casualties,Day_of_Week,Time,Local_Authority_(District),Local_Authority_(Highway),1st_Road_Class,1st_Road_Number,Road_Type,Speed_limit,Junction_Detail,Junction_Control,2nd_Road_Class,2nd_Road_Number,Pedestrian_Crossing-Human_Control,Pedestrian_Crossing-Physical_Facilities,Light_Conditions,Weather_Conditions,Road_Surface_Conditions,Special_Conditions_at_Site,Carriageway_Hazards,Urban_or_Rural_Area,Did_Police_Officer_Attend_Scene_of_Accident,LSOA_of_Accident_Location,Date,Vehicle_Reference,Casualty_Reference,Casualty_Class,Sex_of_Casualty,Age_of_Casualty,Age_Band_of_Casualty,Casualty_Severity,Pedestrian_Location,Pedestrian_Movement,Car_Passenger,Bus_or_Coach_Passenger,Pedestrian_Road_Maintenance_Worker,Casualty_Type,Casualty_Home_Area_Type
24909,76.62480857,8.883957814,1,3,3,1,6,23:15,31,E09000014,5,0,6,30,0,-1,-1,0,0,0,4,1,1,0,0,1,1,E01001994,17-06-2018,1,1,1,2,37,7,3,0,0,0,0,-1,9,-1
24910,76.69902486,8.891787504,1,3,1,1,2,16:47,31,E09000014,6,0,6,30,0,-1,-1,0,0,0,1,1,1,0,0,1,1,E01002085,27-06-2018,1,2,2,1,-1,-1,3,0,0,1,0,-1,9,1
24911,76.61938112,8.887320605,1,3,3,1,4,23:00,31,E09000014,3,1080,3,30,3,4,6,0,0,0,4,1,1,0,0,1,2,E01002097,15-06-2018,1,3,2,1,-1,-1,3,0,0,2,0,-1,9,1
24912,76.67652452,8.873347697,1,3,2,1,7,15:03,31,E09000014,6,0,6,30,8,4,6,0,0,0,1,1,1,0,0,1,2,E01001969,25-06-2018,1,1,1,2,28,6,3,0,0,0,0,-1,9,1
24913,76.62840651,8.869282778,1,3,2,1,1,17:46,31,E09000014,4,151,1,30,2,4,5,0,0,0,1,1,1,0,0,1,1,E01002029,12-06-2018,1,1,1,2,25,5,3,0,0,0,0,-1,9,1
24914,76.68454631,8.877949806,1,3,2,1,5,15:10,31,E09000014,3,105,6,30,3,4,5,0,0,0,1,1,1,0,0,1,1,E01002098,16-06-2018,1,1,3,2,24,5,2,5,1,0,0,-1,0,-1
24915,76.6586952,8.870274413,1,3,1,1,6,20:32,31,E09000014,4,550,6,30,0,-1,-1,0,0,0,1,1,1,0,0,1,1,E01001997,24-06-2018,1,1,1,1,40,7,3,0,0,0,0,-1,9,1
24916,76.65974379,8.890042385,1,3,1,1,2,08:45,31,E09000014,5,0,6,30,0,-1,-1,0,0,0,1,1,1,0,0,1,1,E01002092,20-06-2018,1,1,1,2,41,7,3,0,0,0,0,-1,1,1
24917,76.64186335,8.86785846,1,3,2,1,7,17:30,31,E09000014,3,10,3,30,3,4,6,0,0,0,1,1,1,0,0,1,1,E01001979,02-04-2018,2,1,1,2,58,9,3,0,0,0,0,-1,9,1
24918,76.68016782,8.864941149,1,3,1,1,6,20:13,31,E09000014,3,103,6,30,0,-1,-1,0,0,0,1,1,1,0,0,1,1,E01002017,17-06-2018,1,1,3,2,37,7,3,5,1,0,0,-1,0,1
24919,76.66954824,8.878031712,1,3,1,1,2,15:48,31,E09000014,4,153,6,30,0,-1,-1,0,0,0,1,1,1,0,0,1,1,E01002067,13-06-2018,2,1,1,1,52,8,3,0,0,0,0,-1,9,1
24920,76.62517277,8.866382439,1,3,2,1,6,14:23,31,E09000014,3,109,6,30,3,4,6,0,0,0,1,1,1,0,0,1,1,E01001972,17-06-2018,2,1,1,1,56,9,3,0,0,0,0,-1,9,1
24921,76.60935361,8.89159505,1,3,2,1,5,09:27,31,E09000014,4,519,6,30,6,2,6,0,0,0,1,1,1,0,0,1,1,E01002010,23-06-2018,1,1,1,1,18,4,3,0,0,0,0,-1,3,1
24922,76.61621447,8.895349973,1,3,2,1,3,13:16,31,E09000014,6,0,2,30,0,-1,-1,0,0,0,1,1,1,0,0,1,1,E01002028,14-06-2018,1,1,1,2,38,7,3,0,0,0,0,-1,9,1
24923,76.66077215,8.884463971,1,3,2,1,6,17:00,31,E09000014,3,109,6,30,3,4,6,0,0,0,1,2,2,0,0,1,1,E01001973,24-06-2018,1,1,1,1,39,7,3,0,0,0,0,-1,4,-1
24924,76.69052489,8.870855692,1,2,1,1,2,10:24,31,E09000014,3,10,6,30,6,2,3,10,0,5,1,1,1,0,0,1,1,E01002093,18-07-2018,1,1,3,1,15,3,3,5,1,0,0,-1,0,1
24925,76.6371081,8.88791511,1,3,1,1,5,11:40,31,E09000014,3,10,6,30,0,-1,-1,0,0,0,1,1,1,0,0,1,1,E01001979,23-06-2018,1,1,3,1,-1,-1,3,5,1,0,0,-1,0,-1
24926,76.68816738,8.893853703,1,3,2,1,7,12:50,31,E09000014,3,109,6,30,3,4,6,0,0,0,1,1,1,0,0,1,2,E01001970,11-06-2018,2,1,1,1,24,5,3,0,0,0,0,-1,3,1
24927,76.66008332,8.891855235,1,3,3,2,3,08:50,31,E09000014,6,0,6,30,3,4,4,153,0,0,1,1,1,0,0,1,2,E01002067,28-06-2018,2,1,1,2,81,11,3,0,0,0,0,-1,1,-1
24928,76.64805276,8.870733232,1,3,2,1,7,20:33,31,E09000014,3,10,6,30,3,4,4,153,0,0,1,1,1,0,0,1,2,E01002066,23-07-2018,1,1,1,1,37,7,3,0,0,0,0,-1,9,-1
24929,76.68140008,8.878296285,1,3,2,1,5,15:53,31,E09000014,3,109,6,30,3,4,6,0,0,0,1,1,1,0,0,1,1,E01002032,21-07-2018,2,1,1,1,23,5,3,0,0,0,0,-1,9,-1
24930,76.65091175,8.871433121,1,3,2,1,2,13:15,31,E09000014,3,109,6,30,6,2,4,106,0,5,1,1,1,0,0,1,1,E01001970,18-07-2018,2,1,1,2,36,7,3,0,0,0,0,-1,9,1
24931,76.69736861,8.882363102,1,3,1,1,1,09:25,31,E09000014,3,10,6,30,0,-1,-1,0,0,0,1,1,1,0,0,1,1,E01001979,24-07-2018,1,1,3,1,29,6,2,10,3,0,0,-1,0,1
24932,76.66189237,8.882607323,1,3,2,1,2,07:50,31,E09000014,3,1201,6,30,3,4,6,0,0,1,1,1,2,0,0,1,1,E01001989,25-07-2018,1,1,1,1,27,6,3,0,0,0,0,-1,4,1
24933,76.6871352,8.877199585,1,3,2,1,2,16:30,31,E09000014,3,103,6,30,3,4,6,0,0,0,1,1,1,0,0,1,1,E01001990,25-07-2018,2,1,1,2,20,4,3,0,0,0,0,-1,1,1
24934,76.62557371,8.866866954,1,3,1,1,4,00:13,31,E09000014,6,0,6,30,3,4,3,109,0,0,4,2,2,0,0,1,1,E01002028,27-07-2018,1,1,1,1,21,5,3,0,0,0,0,-1,9,-1
24935,76.6709344,8.869835628,1,3,1,1,7,01:26,31,E09000014,3,105,6,30,3,4,6,0,0,0,4,1,1,0,0,1,1,E01002102,18-06-2018,1,1,3,1,23,5,3,4,9,0,0,-1,0,1
24936,76.66781503,8.883822019,1,3,2,2,6,17:10,31,E09000014,3,1080,6,30,9,4,6,0,0,0,1,1,1,0,0,1,2,E01002096,10-06-2018,1,1,1,1,24,5,3,0,0,0,0,-1,1,-1
24937,76.62886193,8.865894616,1,3,1,1,6,16:27,31,E09000014,4,153,6,30,3,4,6,0,0,0,1,1,2,0,0,1,1,E01002067,01-07-2018,1,1,1,1,40,7,3,0,0,0,0,-1,9,1
24938,76.61960702,8.896022711,1,3,2,1,2,13:28,31,E09000014,3,1010,6,30,3,4,6,0,0,0,1,1,1,0,0,1,1,E01002038,04-07-2018,2,2,1,1,60,9,3,0,0,0,0,-1,9,1
24939,76.68704882,8.886036887,1,3,1,1,4,18:02,31,E09000014,4,137,6,30,3,4,6,0,0,0,1,1,1,0,0,1,1,E01002077,06-07-2018,3,3,1,2,26,6,3,0,0,0,0,-1,9,1
24940,76.6841452,8.884905659,1,3,1,1,7,11:35,31,E09000014,3,105,6,30,3,4,6,0,0,0,1,1,1,0,0,1,1,E01002026,09-07-2018,1,1,1,1,26,6,3,0,0,0,0,-1,2,1
24941,76.63907588,8.873065559,1,3,2,1,1,19:30,31,E09000014,3,105,6,30,0,-1,-1,0,0,0,1,1,1,0,0,1,1,E01001975,10-07-2018,1,1,1,1,38,7,3,0,0,0,0,-1,9,1
24942,76.66994691,8.888185379,1,3,1,2,3,17:18,31,E09000014,3,105,6,30,6,4,6,0,0,5,1,1,1,0,0,1,1,E01001999,12-07-2018,1,1,1,1,38,7,3,0,0,0,0,-1,2,1
24943,76.6918848,8.866923689,1,3,2,1,3,15:30,31,E09000014,3,503,6,30,3,4,6,0,0,5,1,1,1,0,0,1,1,E01002068,12-07-2018,1,1,1,2,35,6,3,0,0,0,0,-1,9,1
24944,76.61724243,8.893702366,1,3,1,1,1,04:20,31,E09000014,3,10,6,30,0,-1,-1,0,0,0,4,1,1,0,0,1,1,E01002051,17-07-2018,1,1,2,2,77,11,3,0,0,2,0,-1,9,1
24945,76.62189207,8.872761126,1,3,3,2,3,22:51,31,E09000014,3,109,6,30,6,2,3,1010,0,5,4,1,1,0,0,1,1,E01001978,19-07-2018,1,2,2,2,46,8,3,0,0,2,0,-1,9,1
24946,76.6669785,8.868158258,1,3,2,1,6,02:45,31,E09000014,4,138,6,30,3,4,6,0,0,0,4,1,1,0,0,1,1,E01002000,22-07-2018,1,3,1,2,17,4,3,0,0,0,0,-1,9,1
24947,76.6309128,8.865633564,1,3,1,1,7,16:21,31,E09000014,6,0,6,30,3,4,6,0,0,0,1,1,1,0,0,1,1,E01002081,11-06-2018,1,1,3,1,-1,-1,3,4,3,0,0,-1,0,1
24948,76.68527722,8.877335393,1,3,2,1,3,16:40,31,E09000014,3,1010,6,30,3,4,6,0,0,0,1,1,1,0,0,1,1,E01002038,26-07-2018,1,1,1,1,25,5,3,0,0,0,0,-1,1,-1
24949,76.64290192,8.876526343,1,3,1,1,4,07:30,31,E09000014,6,0,6,30,8,4,6,0,0,0,1,2,2,0,0,1,1,E01002085,27-07-2018,1,1,1,1,29,6,3,0,0,0,0,-1,9,1
24950,76.63791271,8.871713648,1,3,1,1,2,11:15,31,E09000014,3,10,6,30,7,2,3,503,0,5,1,1,1,0,0,1,1,E01002072,06-06-2018,1,1,1,2,25,5,3,0,0,0,0,-1,9,1
24951,76.62603147,8.87412844,1,3,2,1,3,11:40,31,E09000014,3,1201,6,30,6,4,6,0,0,0,1,1,1,0,0,1,1,E01001988,21-06-2018,1,2,2,1,-1,-1,3,0,0,1,0,-1,9,1
24952,76.63898931,8.875047485,1,3,1,1,1,09:45,31,E09000014,3,1,6,30,0,-1,-1,0,0,0,1,1,1,0,0,1,2,E01002007,03-07-2018,1,3,2,2,-1,-1,3,0,0,2,0,-1,9,1
24953,76.6230933,8.873774985,1,3,2,1,5,08:27,31,E09000014,4,550,6,30,3,4,5,0,0,0,1,1,1,0,0,1,1,E01002022,23-06-2018,1,1,1,1,24,5,3,0,0,0,0,-1,9,1
24954,76.66646651,8.877901054,1,3,2,1,2,09:47,31,E09000014,3,1080,6,30,0,-1,-1,0,0,0,1,1,1,0,0,1,1,E01002100,27-06-2018,1,2,2,2,-1,-1,3,0,0,1,0,-1,9,1
24955,76.6860762,8.867453343,1,3,2,2,6,18:10,31,E09000014,3,1080,6,30,0,-1,-1,0,0,0,1,1,1,0,0,1,1,E01002083,10-06-2018,1,1,2,2,-1,-1,3,0,0,0,4,-1,11,1
24956,76.64562231,8.879777631,1,3,1,1,5,10:19,31,E09000014,3,504,6,30,3,4,5,0,0,1,1,2,2,0,0,1,1,E01002003,30-06-2018,1,2,2,2,-1,-1,3,0,0,0,4,-1,11,-1
24957,76.6287748,8.876658882,1,3,2,2,7,17:08,31,E09000014,5,0,6,30,6,4,6,0,0,0,1,1,1,0,0,1,1,E01002062,18-06-2018,1,3,2,2,-1,-1,3,0,0,0,4,-1,11,1
24958,76.61623857,8.88335654,1,2,2,1,2,19:05,31,E09000014,3,1,6,30,6,4,6,0,0,0,1,1,1,0,0,1,1,E01002005,20-06-2018,1,4,2,2,-1,-1,3,0,0,0,4,-1,11,1
24959,76.67447395,8.864449454,1,2,2,1,7,15:10,31,E09000014,3,1,6,30,0,-1,-1,0,0,0,1,1,1,0,0,1,1,E01002010,09-07-2018,2,1,1,1,-1,-1,3,0,0,0,0,-1,1,1
24960,76.69407893,8.872907413,1,3,1,1,4,23:50,31,E09000014,3,1010,6,30,3,4,6,0,0,0,4,1,1,0,0,1,1,E01002034,27-07-2018,1,1,1,1,47,8,3,0,0,0,0,-1,4,1
24961,76.66840732,8.873779286,1,3,2,2,1,16:30,31,E09000014,6,0,6,30,3,4,6,0,0,0,1,1,1,0,0,1,1,E01002094,31-07-2018,1,1,3,2,-1,-1,2,4,4,0,0,-1,0,-1
24962,76.63357487,8.872662437,1,3,1,1,7,13:47,31,E09000014,3,504,6,30,0,-1,-1,0,0,0,1,1,1,0,0,1,1,E01002014,09-07-2018,1,1,2,1,12,3,3,0,0,0,3,-1,11,1
24963,76.68556747,8.878583806,1,3,2,1,1,19:15,31,E09000014,3,504,6,30,3,4,6,0,0,0,1,1,1,0,0,1,1,E01002070,07-08-2018,2,1,1,1,70,10,3,0,0,0,0,-1,9,-1
24964,76.62813808,8.871998936,1,3,1,1,3,20:00,31,E09000014,3,105,6,30,3,2,5,0,0,5,4,1,1,0,0,1,1,E01002105,26-07-2018,2,1,1,1,10,2,3,0,0,0,0,-1,90,1
24965,76.63373539,8.884961316,1,3,2,1,2,22:00,31,E09000014,3,10,6,30,0,-1,-1,0,0,4,4,1,1,0,0,1,2,E01002072,27-06-2018,1,1,1,1,71,10,3,0,0,0,0,-1,9,1
24966,76.62306205,8.893892306,1,3,1,1,3,10:43,31,E09000014,3,105,6,30,3,2,3,105,0,5,1,1,1,0,0,1,1,E01002026,09-08-2018,1,1,3,2,12,3,3,4,1,0,0,-1,0,1
24967,76.62818233,8.87884694,1,3,1,1,4,10:00,31,E09000014,3,1010,6,30,3,4,6,0,0,0,1,1,1,0,0,1,1,E01002034,27-07-2018,1,1,1,1,32,6,3,0,0,0,0,-1,9,1
24968,76.63068496,8.873607637,1,2,2,1,2,07:29,31,E09000014,5,0,6,30,0,-1,-1,0,0,0,1,1,1,0,0,1,1,E01002058,11-07-2018,1,1,3,1,62,9,3,5,1,0,0,-1,0,-1
24969,76.69581846,8.885924594,1,2,2,1,2,19:05,31,E09000014,6,0,6,30,3,4,6,0,0,0,1,2,2,0,0,1,1,E01002038,01-08-2018,1,1,1,1,38,7,3,0,0,0,0,-1,5,1
24970,76.6799201,8.879655944,1,3,2,1,3,19:50,31,E09000014,3,1010,6,30,0,-1,-1,0,0,0,1,1,1,0,0,1,1,E01002038,02-08-2018,3,1,1,1,29,6,3,0,0,0,0,-1,4,1
24971,76.66967468,8.895918029,1,3,2,1,3,17:54,31,E09000014,3,1010,6,30,0,-1,-1,0,0,0,1,1,1,0,0,1,2,E01002038,21-06-2018,2,1,1,1,36,7,3,0,0,0,0,-1,2,1
24972,76.61433575,8.866690694,1,3,2,1,6,12:40,31,E09000014,3,105,6,30,3,4,6,0,0,0,1,2,2,0,0,1,2,E01001969,08-07-2018,1,1,1,1,47,8,3,0,0,0,0,-1,3,1
24973,76.69839839,8.889253875,1,3,1,1,6,15:40,31,E09000014,6,0,6,30,3,4,4,153,0,0,1,1,1,0,0,1,1,E01002067,08-07-2018,1,1,1,2,33,6,2,0,0,0,0,-1,4,1
24974,76.65392957,8.881682988,1,3,2,1,4,10:30,31,E09000014,3,105,6,30,0,-1,-1,0,0,0,1,1,1,0,0,1,1,E01002029,13-07-2018,2,1,1,1,29,6,3,0,0,0,0,-1,1,1
24975,76.61614013,8.879569135,1,3,2,1,7,18:25,31,E09000014,3,105,6,30,3,4,6,0,0,0,1,1,1,0,0,1,1,E01001971,09-07-2018,2,1,1,2,43,7,2,0,0,0,0,-1,1,1
24976,76.69668102,8.867689258,1,3,2,1,1,13:30,31,E09000014,3,10,6,30,7,2,3,503,0,5,1,1,1,0,0,1,2,E01002069,07-08-2018,1,1,3,2,41,7,3,5,1,0,0,-1,0,-1
24977,76.65887245,8.865870689,1,3,1,1,3,19:45,31,E09000014,3,1,6,30,0,-1,-1,0,0,0,1,1,1,0,0,1,1,E01002005,02-08-2018,1,1,1,1,26,6,3,0,0,0,0,-1,9,1
24978,76.61222711,8.893723673,1,3,2,1,5,00:30,31,E09000014,3,105,6,30,6,4,5,0,0,0,4,1,1,0,0,1,2,E01002105,12-05-2018,1,1,3,1,25,5,3,4,1,0,0,-1,0,2
24979,76.61602117,8.892987406,1,3,2,1,3,20:40,31,E09000014,3,109,6,30,3,4,6,0,0,0,1,1,1,0,0,1,2,E01001972,16-08-2018,1,1,3,1,24,5,3,5,1,0,0,-1,0,1
24980,76.69469102,8.888742416,1,3,2,1,1,19:00,31,E09000014,3,503,6,30,3,2,3,10,0,5,1,1,1,0,0,1,2,E01002072,07-08-2018,1,2,3,1,-1,-1,3,5,1,0,0,-1,0,-1
24981,76.6899224,8.89487431,1,3,2,1,4,10:28,31,E09000014,6,0,6,30,8,4,6,0,0,0,1,1,1,0,0,1,1,E01001561,17-08-2018,1,1,1,1,18,4,3,0,0,0,0,-1,9,1
24982,76.61456102,8.875380984,1,3,2,1,5,02:20,31,E09000014,6,0,6,30,0,-1,-1,0,0,0,4,1,1,0,0,1,1,E01002047,26-05-2018,2,1,1,1,23,5,3,0,0,0,0,-1,9,1
24983,76.67512909,8.887540689,1,3,2,1,7,23:00,31,E09000014,4,153,6,30,0,-1,-1,0,0,0,4,1,1,0,0,1,1,E01002066,21-05-2018,2,1,1,1,24,5,3,0,0,0,0,-1,9,1
24984,76.66361225,8.878885559,1,3,2,1,4,08:00,31,E09000014,3,1201,6,30,3,4,3,1201,0,1,1,1,1,0,0,1,2,E01001990,10-08-2018,2,2,2,1,29,6,3,0,0,1,0,-1,9,1
24985,76.64625318,8.889370861,1,3,2,2,4,19:22,31,E09000014,3,10,6,30,3,4,6,0,0,0,1,1,1,0,0,1,1,E01002051,06-07-2018,1,1,1,1,24,5,3,0,0,0,0,-1,9,1
24986,76.68088629,8.872215313,1,3,1,1,6,15:43,31,E09000014,3,1010,6,30,0,-1,-1,0,0,5,1,1,1,0,0,1,1,E01002038,08-07-2018,1,1,1,1,21,5,3,0,0,0,0,-1,4,1
24987,76.66606869,8.883273006,1,3,2,1,4,20:00,31,E09000014,3,105,6,30,3,2,3,109,0,5,1,1,1,0,0,1,1,E01002098,10-08-2018,1,1,1,1,35,6,3,0,0,0,0,-1,9,1
24988,76.66981926,8.870307521,1,3,1,1,4,17:05,31,E09000014,3,10,6,30,3,2,3,503,0,5,1,1,1,0,0,1,1,E01002072,22-06-2018,1,1,3,1,-1,-1,3,5,1,0,0,-1,0,-1
24989,76.65003734,8.869196425,1,3,3,1,3,13:03,31,E09000014,3,105,6,30,0,-1,-1,0,0,5,1,1,1,0,0,1,1,E01002098,21-06-2018,1,1,1,1,19,4,3,0,0,0,0,-1,3,1
24990,76.65626143,8.886548056,1,3,2,1,5,13:20,32,E09000010,3,406,3,40,0,-1,-1,0,0,0,1,1,1,0,0,1,2,E01001528,25-08-2018,2,1,1,1,28,6,3,0,0,0,0,-1,5,1
24991,76.65462902,8.894085046,1,2,1,1,5,20:15,31,E09000014,4,153,6,30,0,-1,-1,0,0,0,1,1,1,0,0,1,1,E01002066,11-08-2018,1,1,3,2,11,3,3,5,3,0,0,-1,0,1
24992,76.67733651,8.876635448,1,2,2,2,5,20:46,31,E09000014,3,109,6,30,8,4,6,0,0,1,1,1,1,0,0,1,1,E01001974,11-08-2018,1,1,2,1,67,10,3,0,0,0,4,-1,11,-1
24993,76.61554791,8.888536603,1,3,2,1,2,21:30,31,E09000014,3,105,6,30,0,-1,-1,0,0,0,4,1,1,0,0,1,2,E01001975,29-08-2018,1,2,2,1,30,6,3,0,0,0,4,-1,11,1
24994,76.66381676,8.868389332,1,2,1,1,4,22:05,31,E09000014,3,105,6,30,3,4,3,105,0,0,4,1,1,0,0,1,1,E01001999,17-08-2018,1,1,1,2,24,5,3,0,0,0,0,-1,9,1
24995,76.67776565,8.888600701,1,3,1,1,7,23:54,31,E09000014,3,103,6,30,3,4,3,103,0,0,4,1,1,0,0,1,1,E01001990,23-07-2018,1,1,2,2,79,11,3,0,0,0,1,-1,11,-1
24996,76.62548894,8.873950405,1,3,2,1,3,17:10,31,E09000014,3,503,6,30,3,4,6,0,0,1,1,1,1,0,0,1,1,E01002056,05-07-2018,2,1,1,1,23,5,3,0,0,0,0,-1,4,1
24997,76.67735711,8.868205965,1,3,2,1,2,09:41,31,E09000014,4,152,6,30,3,4,6,0,0,0,1,1,1,0,0,1,1,E01002042,18-07-2018,1,1,1,2,31,6,3,0,0,0,0,-1,9,1
24998,76.68234495,8.869290929,1,3,1,1,7,11:10,31,E09000014,3,109,6,30,3,4,3,109,0,1,1,1,1,0,0,1,1,E01002103,16-07-2018,2,2,2,2,23,5,3,0,0,2,0,-1,9,1
24999,76.63120685,8.877900097,1,2,2,1,7,21:00,31,E09000014,3,1080,3,30,3,4,6,0,0,0,4,1,1,0,0,1,1,E01002097,23-07-2018,2,3,1,1,45,7,3,0,0,0,0,-1,9,-1
25000,76.62788413,8.878925644,1,3,2,2,3,20:07,31,E09000014,6,0,6,30,3,4,6,0,0,0,1,1,1,0,0,1,1,E01002074,26-07-2018,1,1,1,1,36,7,3,0,0,0,0,-1,9,1
25001,76.64391432,8.880402851,1,3,2,1,3,14:30,31,E09000014,3,504,6,30,3,4,6,0,0,0,1,1,1,0,0,1,1,E01002048,19-07-2018,1,2,1,1,29,6,3,0,0,0,0,-1,9,1
25002,76.6991436,8.867679511,1,3,2,2,1,19:30,31,E09000014,6,0,6,30,2,4,6,0,0,0,1,1,1,0,0,1,1,E01001996,14-08-2018,2,1,1,1,68,10,3,0,0,0,0,-1,9,-1
25003,76.69934888,8.894440117,1,3,1,1,1,01:40,31,E09000014,3,503,6,30,0,-1,-1,0,0,1,4,1,1,0,0,1,1,E01002046,03-07-2018,1,1,2,2,30,6,3,0,0,2,0,-1,9,1
25004,76.67557572,8.882909185,1,3,2,1,4,12:20,31,E09000014,3,503,6,30,3,4,6,0,0,5,1,1,1,0,0,1,1,E01002068,06-07-2018,3,1,1,1,37,7,3,0,0,0,0,-1,9,1
25005,76.65145029,8.892458551,1,3,2,1,3,18:03,31,E09000014,4,155,6,30,0,-1,-1,0,0,0,1,1,1,0,0,1,1,E01002084,12-07-2018,1,1,1,1,39,7,3,0,0,0,0,-1,5,1
25006,76.69536037,8.895738783,1,3,2,2,5,15:36,31,E09000014,4,550,1,30,2,4,5,0,0,0,1,1,1,0,0,1,1,E01002022,18-08-2018,2,2,1,1,26,6,3,0,0,0,0,-1,9,1
25007,76.61649461,8.873647032,1,3,2,1,4,16:18,31,E09000014,4,150,1,30,2,4,4,138,0,0,1,2,2,0,0,1,1,E01002002,24-08-2018,2,1,1,1,54,8,3,0,0,0,0,-1,9,1
25008,76.61458553,8.878409693,1,3,2,1,6,15:35,31,E09000014,6,0,6,30,6,4,6,0,0,0,1,1,1,0,0,1,1,E01002062,26-08-2018,2,1,1,1,38,7,3,0,0,0,0,-1,1,1
25009,76.65052157,8.882865225,1,3,2,1,6,17:30,32,E09000010,5,0,6,30,3,4,6,0,0,0,1,2,2,0,0,1,2,E01001396,19-08-2018,1,1,3,1,24,5,2,5,1,0,0,-1,0,1
25010,76.60883352,8.886877965,1,3,2,1,7,05:34,31,E09000014,3,105,6,30,3,2,3,105,0,0,1,1,1,0,0,1,1,E01001999,04-06-2018,1,1,1,1,24,5,3,0,0,0,0,-1,9,1
25011,76.64918673,8.865759552,1,3,1,1,4,23:07,31,E09000014,3,1,6,30,6,2,4,550,0,5,4,1,1,0,0,1,1,E01002007,06-07-2018,1,2,2,2,-1,-1,3,0,0,1,0,-1,9,-1
25012,76.63732535,8.870862972,1,3,2,1,2,20:08,31,E09000014,6,0,6,30,0,-1,-1,0,0,0,1,1,1,0,0,1,2,E01002088,01-08-2018,1,1,1,1,20,4,3,0,0,0,0,-1,3,1
25013,76.66743819,8.895426904,1,3,1,1,1,16:15,31,E09000014,3,105,6,30,0,-1,-1,0,0,0,1,1,1,0,0,1,1,E01002029,03-07-2018,1,1,3,2,-1,-1,3,4,1,0,0,-1,0,-1
25014,76.63862275,8.881321537,1,3,1,1,2,10:44,31,E09000014,3,109,6,30,3,4,6,0,0,0,1,1,1,0,0,1,2,E01001973,08-08-2018,2,1,1,1,27,6,3,0,0,0,0,-1,4,1
25015,76.69751871,8.892656177,1,3,2,1,7,14:20,31,E09000014,3,503,6,30,0,-1,-1,0,0,4,1,1,1,0,0,1,2,E01002071,30-07-2018,1,1,3,1,25,5,3,5,1,0,0,-1,0,1
25016,76.66439524,8.871831405,1,3,1,1,7,14:45,31,E09000014,3,10,6,30,0,-1,-1,0,0,0,1,1,1,0,0,1,2,E01001979,09-07-2018,1,1,1,1,51,8,3,0,0,0,0,-1,9,1
25017,76.68711969,8.894617188,1,3,2,1,3,13:30,31,E09000014,4,138,6,30,3,4,6,0,0,0,1,1,1,0,0,1,2,E01002002,30-08-2018,1,1,1,2,35,6,2,0,0,0,0,-1,1,1
25018,76.66620914,8.895877233,1,3,1,1,3,15:59,31,E09000014,3,105,6,30,0,-1,-1,0,0,0,1,2,2,0,0,1,1,E01001999,05-07-2018,1,1,1,2,36,7,3,0,0,0,0,-1,9,1
25019,76.65435015,8.893177814,1,3,2,1,3,22:20,32,E09000010,3,406,6,30,6,2,3,109,0,0,4,1,1,0,0,1,1,E01001973,12-07-2018,1,1,1,1,30,6,3,0,0,0,0,-1,5,1
25020,76.64216632,8.895411705,1,3,1,1,6,09:15,31,E09000014,3,109,6,30,3,4,3,105,0,0,1,1,1,0,0,1,2,E01002098,09-09-2018,2,1,1,2,-1,-1,3,0,0,0,0,-1,1,1
25021,76.61715657,8.867985345,1,3,2,1,1,20:20,31,E09000014,3,503,6,30,0,-1,-1,0,0,0,1,1,1,0,0,1,2,E01002056,31-07-2018,2,1,1,1,30,6,3,0,0,0,0,-1,1,-1
25022,76.63966296,8.870867809,1,2,1,1,7,23:23,31,E09000014,4,550,6,30,6,2,3,1,0,5,4,1,1,0,0,1,1,E01002011,16-07-2018,1,1,1,1,22,5,3,0,0,0,0,-1,9,1
25023,76.63068393,8.896394935,1,3,2,1,7,21:05,31,E09000014,3,1080,3,30,6,2,3,109,0,5,4,1,1,0,0,1,2,E01002100,20-08-2018,1,1,2,1,68,10,3,0,0,0,1,-1,11,1
25024,76.62909691,8.884690981,1,3,2,1,5,15:35,31,E09000014,3,503,6,30,6,4,6,0,0,4,1,1,1,0,0,1,2,E01002071,21-07-2018,2,1,1,1,24,5,3,0,0,0,0,-1,5,1
25025,76.69789373,8.871371638,1,3,2,1,2,20:09,31,E09000014,3,109,6,30,3,4,6,0,0,0,4,2,2,0,0,1,1,E01001972,22-08-2018,1,1,3,2,32,6,3,1,1,0,0,-1,0,1
25026,76.62937498,8.868885969,1,3,2,1,7,21:55,31,E09000014,3,10,6,30,3,2,3,109,0,5,4,1,1,0,0,1,1,E01002095,06-08-2018,2,1,1,2,26,6,3,0,0,0,0,-1,9,1
25027,76.68916657,8.871039389,1,3,2,1,4,10:00,31,E09000014,5,0,6,30,3,4,5,0,0,0,1,1,1,0,0,1,1,E01002103,10-08-2018,2,1,1,1,32,6,3,0,0,0,0,-1,5,1
25028,76.67305117,8.883166693,1,3,2,1,6,11:14,31,E09000014,4,137,6,30,6,4,6,0,0,1,1,1,1,0,0,1,1,E01002076,12-08-2018,1,1,2,2,21,5,3,0,0,0,4,-1,11,1
25029,76.66012755,8.890199551,1,3,1,1,7,15:20,31,E09000014,6,0,6,30,3,4,6,0,0,0,1,1,1,0,0,1,1,E01002084,27-08-2018,1,1,2,2,72,10,3,0,0,0,4,-1,11,1