Accident_Index,longitude,latitude,Police_Force,Accident_Severity,Number_of_Vehicles,Number_of_Casualties,Day_of_Week,Time,Local_Authority_(District),Local_Authority_(Highway),1st_Road_Class,1st_Road_Number,Road_Type,Speed_limit,Junction_Detail,Junction_Control,2nd_Road_Class,2nd_Road_Number,Pedestrian_Crossing-Human_Control,Pedestrian_Crossing-Physical_Facilities,Light_Conditions,Weather_Conditions,Road_Surface_Conditions,Special_Conditions_at_Site,Carriageway_Hazards,Urban_or_Rural_Area,Did_Police_Officer_Attend_Scene_of_Accident,LSOA_of_Accident_Location,Date,Vehicle_Reference,Casualty_Reference,Casualty_Class,Sex_of_Casualty,Age_of_Casualty,Age_Band_of_Casualty,Casualty_Severity,Pedestrian_Location,Pedestrian_Movement,Car_Passenger,Bus_or_Coach_Passenger,Pedestrian_Road_Maintenance_Worker,Casualty_Type,Casualty_Home_Area_Type
25030,76.6841183,8.865736573,1,3,1,1,4,23:25,4,E09000012,3,503,6,30,0,-1,-1,0,0,0,4,1,1,0,0,1,1,E01002002,31-08-2018,1,1,3,1,-1,-1,3,1,1,0,0,-1,0,-1
25031,76.69933944,8.883233581,1,3,2,1,5,17:15,31,E09000014,3,503,6,30,3,4,6,0,0,0,1,1,1,0,0,1,1,E01002071,18-08-2018,1,1,1,2,40,7,3,0,0,0,0,-1,9,1
25032,76.67286687,8.870363685,1,3,1,1,2,13:52,31,E09000014,3,504,6,30,3,4,6,0,0,0,1,1,1,0,0,1,1,E01002049,22-08-2018,1,1,2,1,35,6,3,0,0,1,0,-1,9,-1
25033,76.69262983,8.893200269,1,3,2,1,5,21:14,31,E09000014,3,10,6,30,3,4,6,0,0,0,1,1,1,0,0,1,1,E01001979,01-09-2018,1,1,1,1,-1,-1,3,0,0,0,0,-1,4,1
25034,76.68980804,8.886495068,1,3,2,1,2,18:42,31,E09000014,5,0,6,30,0,-1,-1,0,0,0,1,2,2,0,0,1,1,E01001985,22-08-2018,1,1,1,1,-1,-1,3,0,0,0,0,-1,3,1
25035,76.65596448,8.870373054,1,3,2,1,4,08:50,31,E09000014,5,0,6,30,3,4,6,0,0,0,1,1,1,0,0,1,1,E01002104,07-09-2018,1,1,1,1,35,6,3,0,0,0,0,-1,9,3
25036,76.64128749,8.875187503,1,3,1,1,6,13:25,31,E09000014,3,109,6,30,3,4,5,0,0,1,1,1,1,0,0,1,1,E01001977,26-08-2018,2,2,2,2,20,4,3,0,0,1,0,-1,9,1
25037,76.62251862,8.869189285,1,3,2,1,7,17:10,31,E09000014,6,0,6,30,0,-1,-1,0,0,0,1,1,1,0,0,1,1,E01002034,27-08-2018,1,1,3,1,26,6,3,5,1,0,0,-1,0,1
25038,76.60889186,8.886435283,1,2,2,1,2,08:30,31,E09000014,6,0,6,30,0,-1,-1,0,0,0,1,1,1,0,0,1,1,E01002018,29-08-2018,2,1,1,1,28,6,3,0,0,0,0,-1,9,1
25039,76.61249149,8.892786216,1,3,1,1,4,20:19,31,E09000014,3,105,6,30,3,4,6,0,0,4,1,1,1,0,0,1,1,E01002031,31-08-2018,3,2,1,2,46,8,3,0,0,0,0,-1,9,1
25040,76.62312043,8.879456248,1,2,1,1,3,19:25,31,E09000014,3,1201,6,30,3,3,5,0,0,1,4,1,1,0,0,1,1,E01001989,27-09-2018,1,1,1,2,25,5,3,0,0,0,0,-1,9,1
25041,76.68205653,8.879589179,1,3,2,1,7,13:55,31,E09000014,3,109,6,30,3,4,6,0,0,0,1,1,1,0,0,1,1,E01002032,13-08-2018,1,1,1,1,33,6,3,0,0,0,0,-1,5,1
25042,76.66606748,8.873942252,1,3,2,1,5,07:55,31,E09000014,3,1080,6,30,6,4,6,0,0,1,1,1,1,0,0,1,1,E01002083,28-07-2018,2,1,1,1,46,8,3,0,0,0,0,-1,9,1
25043,76.6129319,8.896245706,1,3,2,1,5,19:43,31,E09000014,6,0,6,30,3,4,6,0,0,0,1,1,1,0,0,1,1,E01002077,28-07-2018,1,1,1,2,23,5,3,0,0,0,0,-1,9,1
25044,76.69153772,8.876180677,1,3,2,1,3,11:04,31,E09000014,4,152,1,30,2,4,6,0,0,4,1,1,1,0,0,1,1,E01002042,16-08-2018,1,1,3,2,37,7,3,9,8,0,0,-1,0,-1
25045,76.63772792,8.872845898,1,2,2,2,5,13:49,31,E09000014,6,0,6,30,3,4,6,0,0,0,1,1,1,0,0,1,1,E01002010,28-07-2018,1,1,1,2,-1,-1,2,0,0,0,0,-1,5,1
25046,76.68426955,8.877317533,1,3,2,1,3,00:20,31,E09000014,3,105,6,30,6,4,6,0,0,0,4,1,1,0,0,1,1,E01002002,02-08-2018,1,1,2,2,-1,-1,3,0,0,1,0,-1,9,1
25047,76.68016155,8.870052266,1,3,2,1,1,23:20,31,E09000014,3,1080,6,30,3,4,6,0,0,0,4,1,1,0,0,1,2,E01002028,30-10-2018,1,1,1,1,31,6,3,0,0,0,0,-1,1,1
25048,76.68725658,8.882841624,1,3,1,1,2,14:10,31,E09000014,3,105,6,30,0,-1,-1,0,0,4,1,1,1,0,0,1,2,E01002031,01-08-2018,1,1,1,1,20,4,3,0,0,0,0,-1,1,-1
25049,76.68367263,8.866108222,1,3,2,1,3,08:25,31,E09000014,3,109,6,30,3,4,3,105,0,0,1,1,1,0,0,1,1,E01002098,20-09-2018,1,1,1,1,21,5,3,0,0,0,0,-1,4,1
25050,76.61081242,8.873825198,1,3,2,1,2,17:45,17,E09000025,6,0,6,30,0,-1,-1,0,0,0,1,1,1,0,0,1,1,E01003630,26-09-2018,1,1,1,1,44,7,3,0,0,0,0,-1,9,-1
25051,76.65577573,8.869665558,1,2,2,1,4,17:20,31,E09000014,3,105,6,30,0,-1,-1,0,0,4,1,1,1,0,0,1,1,E01002002,03-08-2018,1,1,1,2,42,7,3,0,0,0,0,-1,9,1
25052,76.6852746,8.887789434,1,3,2,1,6,19:20,31,E09000014,3,105,6,30,0,-1,-1,0,0,0,1,1,1,0,0,1,1,E01001999,05-08-2018,1,1,1,1,37,7,2,0,0,0,0,-1,5,1
25053,76.6526961,8.864874729,1,3,1,1,1,16:05,31,E09000014,3,504,6,30,7,4,4,550,0,1,1,1,1,0,0,1,1,E01002022,07-08-2018,2,1,1,1,13,3,3,0,0,0,0,-1,1,1
25054,76.65708257,8.882164596,1,3,2,1,5,08:50,2,E09000007,4,519,6,30,3,4,6,0,0,0,1,1,1,0,0,1,2,E01000913,28-07-2018,1,1,1,1,35,6,3,0,0,0,0,-1,1,-1
25055,76.6375534,8.880567846,1,3,2,2,6,12:21,31,E09000014,3,105,6,30,3,4,6,0,0,0,1,1,1,0,0,1,2,E01002098,30-09-2018,1,1,1,2,32,6,3,0,0,0,0,-1,9,-1
25056,76.65698095,8.868492028,1,3,1,1,3,17:15,31,E09000014,6,0,6,30,0,-1,-1,0,0,0,1,1,1,0,0,1,1,E01002081,09-08-2018,1,1,3,1,72,10,3,1,1,0,0,-1,0,1
25057,76.63775143,8.86803282,1,3,2,1,6,17:30,31,E09000014,3,105,3,30,3,4,5,0,0,0,1,1,1,0,0,1,1,E01002098,29-07-2018,1,1,2,2,74,10,2,0,0,0,3,-1,11,1
25058,76.63221601,8.873467496,1,3,2,1,3,18:50,31,E09000014,3,105,6,30,3,4,6,0,0,4,1,1,1,0,0,1,1,E01002002,16-08-2018,1,1,3,1,34,6,3,5,1,0,0,-1,0,1
25059,76.62622492,8.88079265,1,3,2,1,5,20:00,31,E09000014,3,105,6,30,6,4,6,0,0,0,1,1,1,0,0,1,1,E01002002,11-08-2018,1,1,1,1,55,8,3,0,0,0,0,-1,90,1
25060,76.68325571,8.891072197,1,2,2,1,6,21:15,31,E09000014,3,1201,6,30,3,2,6,0,0,5,4,1,1,0,0,1,2,E01002019,23-09-2018,2,2,1,1,32,6,3,0,0,0,0,-1,9,1
25061,76.61562272,8.881508318,1,3,1,1,1,15:23,31,E09000014,3,109,6,30,3,4,6,0,0,0,1,1,1,0,0,1,1,E01002029,28-08-2018,2,3,2,1,33,6,3,0,0,1,0,-1,9,-1
25062,76.68542827,8.885337113,1,3,3,1,2,18:22,31,E09000014,6,0,6,30,0,-1,-1,0,0,0,1,1,1,0,0,1,1,E01002093,12-09-2018,1,1,1,2,44,7,3,0,0,0,0,-1,9,-1
25063,76.66558393,8.883361698,1,3,2,1,2,22:20,31,E09000014,5,0,6,30,3,4,6,0,0,0,4,1,1,0,0,1,1,E01002091,19-09-2018,2,1,1,1,40,7,3,0,0,0,0,-1,4,1
25064,76.62908209,8.872164387,1,3,2,1,6,08:45,31,E09000014,3,10,6,30,3,2,4,152,0,5,1,1,1,0,0,1,1,E01002055,27-05-2018,2,1,1,2,38,7,2,0,0,0,0,-1,1,1
25065,76.62317933,8.865626071,1,3,2,4,5,20:25,31,E09000014,5,0,6,30,3,4,6,0,0,0,1,1,1,0,0,1,1,E01002062,15-09-2018,2,1,2,2,12,3,3,0,0,0,0,-1,3,1
25066,76.67500682,8.870461318,1,3,1,1,5,16:20,31,E09000014,3,1010,6,30,0,-1,-1,0,0,0,1,1,1,0,0,1,2,E01002038,08-09-2018,1,1,1,2,52,8,3,0,0,0,0,-1,9,1
25067,76.61181545,8.881700791,1,3,2,1,4,17:45,31,E09000014,6,0,6,30,6,4,6,0,0,0,1,1,1,0,0,1,2,E01002030,20-07-2018,1,1,1,1,33,6,2,0,0,0,0,-1,3,1
25068,76.68694596,8.870069891,1,3,2,1,6,12:05,31,E09000014,3,1055,6,30,0,-1,-1,0,0,0,1,1,1,0,0,1,1,E01002066,30-09-2018,1,1,1,2,29,6,3,0,0,0,0,-1,9,1
25069,76.61417047,8.875563544,1,2,2,1,5,16:19,31,E09000014,6,0,6,30,3,4,4,138,0,0,1,1,1,0,0,1,1,E01002030,06-10-2018,1,1,1,1,28,6,2,0,0,0,0,-1,3,1
25070,76.68117805,8.87609821,1,3,2,1,7,08:11,31,E09000014,4,151,6,30,2,4,5,0,0,0,1,1,1,0,0,1,1,E01002029,24-09-2018,1,1,1,1,62,9,3,0,0,0,0,-1,3,1
25071,76.62507593,8.894982479,1,3,2,1,7,11:35,31,E09000014,5,0,1,30,1,4,3,103,0,0,1,1,1,0,0,1,1,E01001990,17-09-2018,1,1,1,1,19,4,3,0,0,0,0,-1,3,1
25072,76.6504962,8.865050298,1,3,2,1,1,15:50,31,E09000014,3,105,6,30,3,4,5,0,0,0,1,1,1,0,0,1,1,E01002058,25-09-2018,1,1,3,1,11,3,3,1,3,0,0,-1,0,-1
25073,76.61302886,8.895046472,1,3,1,1,5,21:00,31,E09000014,5,0,6,30,3,4,3,1000,0,8,4,1,1,0,7,1,1,E01001994,06-10-2018,1,1,1,2,19,4,3,0,0,0,0,-1,9,1
25074,76.69200763,8.891477379,1,3,2,1,5,17:00,31,E09000014,4,150,1,30,1,4,4,138,0,0,1,1,1,0,0,1,2,E01002002,22-09-2018,1,1,1,1,44,7,3,0,0,0,0,-1,9,1
25075,76.65202137,8.893072349,1,3,2,1,3,17:00,31,E09000014,6,0,6,30,3,4,6,0,0,0,1,1,1,0,0,1,1,E01002029,09-08-2018,1,1,1,1,24,5,3,0,0,0,0,-1,3,-1
25076,76.69098321,8.871856619,1,3,2,1,3,08:40,31,E09000014,6,0,6,30,3,4,6,0,0,0,1,1,1,0,0,1,1,E01002052,27-09-2018,1,1,1,1,59,9,2,0,0,0,0,-1,9,1
25077,76.6390052,8.889122595,1,3,1,2,3,16:10,31,E09000014,3,10,3,40,7,4,3,1080,0,0,1,1,1,0,0,1,1,E01002096,23-08-2018,2,2,1,2,24,5,3,0,0,0,0,-1,9,1
25078,76.646839,8.865381899,1,3,2,1,3,19:10,31,E09000014,3,103,6,30,5,4,3,103,0,0,1,1,1,0,0,1,2,E01002757,30-08-2018,1,1,1,1,33,6,3,0,0,0,0,-1,9,1
25079,76.69700072,8.880504514,1,3,2,1,3,16:25,31,E09000014,4,106,6,30,0,-1,-1,0,0,0,1,1,1,0,0,1,2,E01001966,18-10-2018,1,1,1,1,28,6,3,0,0,0,0,-1,2,1
25080,76.66332622,8.871034913,1,3,2,1,2,18:00,31,E09000014,3,105,6,30,3,2,4,152,0,5,1,1,1,0,0,1,3,E01001999,17-10-2018,2,1,1,1,31,6,3,0,0,0,0,-1,9,1
25081,76.65084732,8.878660834,1,3,1,1,4,09:30,31,E09000014,3,504,6,30,3,4,6,0,0,0,1,1,1,0,0,1,2,E01002049,22-06-2018,2,1,2,1,20,4,3,0,0,2,0,-1,9,1
25082,76.68568339,8.894802798,1,3,2,1,6,19:47,31,E09000014,5,0,6,30,3,4,6,0,0,0,1,1,1,0,0,1,1,E01001990,07-10-2018,1,1,2,2,9,2,3,0,0,1,0,-1,9,-1
25083,76.65355517,8.869291982,1,3,2,1,3,08:00,31,E09000014,3,1,6,30,3,4,6,0,0,0,1,2,2,0,0,1,1,E01002011,27-09-2018,2,2,1,2,33,6,3,0,0,0,0,-1,9,1
25084,76.61325088,8.879150489,1,2,1,1,6,16:04,2,E09000007,4,519,6,30,8,4,6,0,0,0,1,1,1,0,0,1,1,E01000913,23-09-2018,1,1,1,2,43,7,3,0,0,0,0,-1,9,1
25085,76.66587772,8.882209218,1,2,1,1,1,17:13,31,E09000014,5,0,6,30,3,4,4,550,0,1,1,1,1,0,0,1,1,E01002022,25-09-2018,1,1,1,1,28,6,3,0,0,0,0,-1,9,1
25086,76.62408347,8.875354549,1,3,1,1,5,10:45,31,E09000014,3,10,6,30,0,-1,-1,0,0,0,1,1,1,0,0,1,1,E01002069,08-09-2018,1,1,1,2,37,7,3,0,0,0,0,-1,9,1
25087,76.66267051,8.895881457,1,3,2,1,2,17:15,31,E09000014,3,1,2,30,3,4,3,1,0,0,1,1,1,0,0,1,1,E01002010,19-09-2018,2,2,1,2,30,6,3,0,0,0,0,-1,9,1
25088,76.64007906,8.891567492,1,3,1,1,6,23:55,2,E09000007,4,519,6,30,3,4,6,0,0,4,4,1,1,0,0,1,2,E01000913,12-08-2018,2,1,1,1,45,7,3,0,0,0,0,-1,1,1
25089,76.62221972,8.867456084,1,3,2,1,1,13:30,31,E09000014,4,137,6,30,3,4,6,0,0,0,1,1,1,0,0,1,1,E01002039,16-10-2018,2,1,1,1,31,6,3,0,0,0,0,-1,1,-1
25090,76.66771632,8.874867795,1,2,2,1,3,17:28,31,E09000014,4,519,6,30,3,4,4,519,0,0,1,1,1,0,0,1,1,E01002009,11-10-2018,1,1,1,1,32,6,3,0,0,0,0,-1,1,1
25091,76.64016344,8.894470923,1,3,2,1,7,13:44,31,E09000014,3,1010,6,30,3,2,5,0,0,5,1,1,1,0,0,1,1,E01002034,24-09-2018,1,1,1,1,28,6,3,0,0,0,0,-1,9,-1
25092,76.65458171,8.878251338,1,3,1,1,1,12:45,31,E09000014,3,504,6,30,0,-1,-1,0,0,0,1,1,1,0,0,1,2,E01002014,09-10-2018,2,2,1,1,51,8,3,0,0,0,0,-1,9,1
25093,76.68657322,8.895650895,1,3,2,1,1,05:00,31,E09000014,3,105,6,30,3,4,5,0,0,0,1,1,1,0,0,1,1,E01002098,09-10-2018,2,1,1,1,22,5,3,0,0,0,0,-1,1,1
25094,76.6662003,8.868387754,1,3,2,1,7,19:10,31,E09000014,6,0,6,30,3,4,6,0,0,0,1,1,1,0,0,1,2,E01001964,15-10-2018,2,1,1,1,35,6,3,0,0,0,0,-1,1,1
25095,76.61798844,8.892806405,1,3,2,1,3,06:20,31,E09000014,4,152,6,30,3,4,6,0,0,0,4,2,2,0,0,1,1,E01002051,27-09-2018,2,1,1,1,33,6,3,0,0,0,0,-1,3,1
25096,76.68448077,8.895814325,1,3,1,1,4,16:40,31,E09000014,3,1080,6,30,0,-1,-1,0,0,0,1,1,1,0,0,1,1,E01002100,12-10-2018,1,1,1,1,43,7,3,0,0,0,0,-1,9,1
25097,76.62598789,8.882341326,1,3,2,1,4,09:38,31,E09000014,4,150,6,30,0,-1,-1,0,0,1,1,1,1,0,0,1,2,E01002002,24-08-2018,1,1,3,2,30,6,3,5,1,0,0,-1,0,1
25098,76.69741526,8.876835545,1,3,2,1,6,07:51,31,E09000014,3,103,6,30,3,4,6,0,0,0,1,1,1,0,0,1,1,E01001990,07-10-2018,1,1,1,2,69,10,3,0,0,0,0,-1,9,1
25099,76.61300711,8.887637094,1,3,1,1,6,20:25,31,E09000014,3,109,6,30,3,4,6,0,0,0,4,1,1,0,0,1,1,E01001970,14-10-2018,2,1,2,2,28,6,3,0,0,1,0,-1,9,1
25100,76.62138865,8.868627443,1,3,2,2,1,18:25,31,E09000014,5,0,6,30,3,4,6,0,0,0,4,1,1,0,0,1,1,E01002036,16-10-2018,2,1,1,2,32,6,3,0,0,0,0,-1,9,1
25101,76.65530489,8.895975676,1,3,2,1,1,23:40,31,E09000014,6,0,6,30,0,-1,-1,0,0,0,4,1,1,0,0,1,1,E01002052,16-10-2018,1,1,1,1,25,5,3,0,0,0,0,-1,3,1
25102,76.68650061,8.88321802,1,3,2,1,7,21:40,31,E09000014,4,151,6,30,0,-1,-1,0,0,0,4,1,1,0,0,1,1,E01002098,15-10-2018,1,1,1,2,32,6,3,0,0,0,0,-1,9,1
25103,76.64961989,8.884408958,1,3,2,1,7,19:15,4,E09000012,3,503,6,30,3,4,6,0,0,5,1,1,1,0,0,1,1,E01001721,03-09-2018,1,1,3,1,32,6,3,1,3,0,0,-1,0,1
25104,76.66942419,8.882572323,1,2,1,1,4,13:47,31,E09000014,3,504,6,30,3,4,6,0,0,0,1,1,1,0,0,1,1,E01002020,19-10-2018,1,1,1,2,23,5,3,0,0,0,0,-1,2,1
25105,76.61070163,8.874797146,1,3,1,1,5,16:50,31,E09000014,3,503,6,30,3,2,3,10,0,5,1,1,1,0,0,1,1,E01002069,20-10-2018,1,1,1,1,36,7,3,0,0,0,0,-1,5,1
25106,76.61997692,8.871071681,1,3,2,1,6,20:20,31,E09000014,5,0,6,30,6,4,6,0,0,0,4,1,1,0,0,1,1,E01002062,07-10-2018,1,1,1,1,31,6,3,0,0,0,0,-1,9,1
25107,76.68092033,8.888546514,1,3,2,1,4,18:40,31,E09000014,3,105,6,30,3,4,3,105,0,0,1,1,1,0,0,1,2,E01001975,09-11-2018,1,1,3,1,83,11,3,5,1,0,0,-1,0,-1
25108,76.62007418,8.881052285,1,3,1,1,3,20:30,31,E09000014,3,109,6,30,3,4,6,0,0,0,4,1,1,0,0,1,2,E01002099,25-10-2018,1,1,1,2,20,4,3,0,0,0,0,-1,9,3
25109,76.66646458,8.866722003,1,3,1,1,4,12:55,31,E09000014,3,1,6,30,3,4,6,0,0,4,1,1,1,0,0,1,1,E01002011,05-10-2018,2,2,1,1,28,6,3,0,0,0,0,-1,11,1
25110,76.62181016,8.886402623,1,3,2,1,1,17:00,31,E09000014,4,137,6,30,3,4,6,0,0,0,1,1,1,0,0,1,2,E01002076,16-10-2018,1,1,3,2,26,6,3,10,3,0,0,-1,0,1
25111,76.61481468,8.867667721,1,2,2,1,7,04:25,31,E09000014,3,1,6,30,0,-1,-1,0,0,0,4,2,2,0,0,1,1,E01002007,01-10-2018,2,1,1,1,41,7,3,0,0,0,0,-1,5,1
25112,76.63131053,8.891848243,1,3,1,1,2,18:00,31,E09000014,6,0,6,30,0,-1,-1,0,0,0,1,1,1,0,0,1,1,E01002093,25-07-2018,1,1,1,1,49,8,3,0,0,0,0,-1,1,-1
25113,76.6864268,8.873804495,1,3,1,1,6,09:02,31,E09000014,6,0,6,30,3,4,6,0,0,0,1,2,2,0,0,1,1,E01002066,21-10-2018,1,1,1,1,34,6,3,0,0,0,0,-1,1,1
25114,76.68151603,8.868830379,1,3,4,1,1,21:10,31,E09000014,3,10,6,30,7,4,3,109,0,0,4,1,1,0,0,1,1,E01001976,23-10-2018,1,1,3,2,24,5,2,5,3,0,0,-1,0,1
25115,76.6809953,8.882658947,1,3,2,1,7,09:40,31,E09000014,3,109,6,30,0,-1,-1,0,0,5,1,1,1,0,0,1,1,E01001972,17-09-2018,1,1,3,1,25,5,3,5,1,0,0,-1,0,-1
25116,76.69041013,8.894572465,1,3,2,1,5,07:55,31,E09000014,3,10,6,30,0,-1,-1,0,0,0,1,1,1,0,0,1,1,E01002066,13-10-2018,1,1,1,1,37,7,3,0,0,0,0,-1,9,1
25117,76.6219257,8.894479285,1,3,2,1,3,18:52,31,E09000014,3,105,6,30,3,2,4,150,0,5,4,1,1,0,0,1,1,E01002002,11-10-2018,1,1,1,1,49,8,3,0,0,0,0,-1,8,1
25118,76.60939321,8.86994904,1,3,2,1,5,23:35,31,E09000014,6,0,6,30,6,4,6,0,2,0,4,1,1,0,0,1,3,E01002087,13-10-2018,2,2,2,2,39,7,3,0,0,1,0,-1,9,1
25119,76.61962457,8.875234358,1,3,2,1,2,02:51,31,E09000014,6,0,6,30,3,4,6,0,0,0,4,1,1,0,0,1,1,E01002061,10-10-2018,2,3,2,1,2,1,3,0,0,2,0,-1,9,1
25120,76.68941308,8.892133711,1,3,2,1,2,14:00,31,E09000014,3,503,6,30,0,-1,-1,0,0,0,1,2,2,0,0,1,2,E01002068,24-10-2018,1,1,2,1,13,3,3,0,0,0,1,-1,11,1
25121,76.62559224,8.879640455,1,3,1,1,2,15:05,31,E09000014,6,0,6,30,0,-1,-1,0,0,0,1,1,1,0,0,1,1,E01001966,24-10-2018,1,1,1,1,31,6,3,0,0,0,0,-1,5,-1
25122,76.64970764,8.883089638,1,2,3,2,4,13:11,31,E09000014,3,1080,6,30,7,2,3,109,0,5,1,1,1,0,0,1,1,E01002100,19-10-2018,2,1,1,1,36,7,3,0,0,0,0,-1,1,1
25123,76.68620631,8.884471874,1,3,3,1,2,12:45,31,E09000014,4,152,6,30,6,2,3,503,0,5,1,2,2,0,0,1,3,E01002046,31-10-2018,1,1,1,1,36,7,3,0,0,0,0,-1,5,1
25124,76.69380827,8.869284444,1,3,1,1,2,14:35,31,E09000014,4,153,6,30,0,-1,-1,0,0,0,1,1,1,0,0,1,1,E01002066,10-10-2018,1,1,1,2,32,6,3,0,0,0,0,-1,2,1
25125,76.60976047,8.866120969,1,3,2,1,7,14:20,31,E09000014,4,153,6,30,3,4,6,0,0,0,1,1,1,0,0,1,2,E01002067,15-10-2018,1,1,1,1,45,7,3,0,0,0,0,-1,2,1
25126,76.63912176,8.887602104,1,3,2,1,1,17:10,31,E09000014,3,105,6,30,3,2,3,109,0,5,1,1,1,0,0,1,1,E01002098,23-10-2018,1,1,2,1,53,8,3,0,0,0,4,-1,11,-1
25127,76.68254555,8.873204582,1,3,2,1,2,17:00,31,E09000014,3,109,1,30,1,4,6,0,0,0,1,1,1,0,0,1,2,E01002033,26-09-2018,2,1,1,1,19,4,3,0,0,0,0,-1,1,3
25128,76.60914474,8.886514595,1,3,2,1,3,12:10,31,E09000014,3,105,6,30,3,4,5,0,0,0,1,1,1,0,0,1,1,E01002098,25-10-2018,1,1,1,1,33,6,2,0,0,0,0,-1,9,-1
25129,76.66366748,8.880869967,1,3,1,1,7,00:45,31,E09000014,3,109,3,30,3,2,3,105,0,5,4,2,2,0,0,1,1,E01002098,29-10-2018,1,1,1,1,49,8,3,0,0,0,0,-1,9,1
25130,76.68300418,8.881303705,1,3,2,3,2,21:51,31,E09000014,3,1080,6,30,6,2,3,109,0,5,4,2,2,0,0,1,1,E01002088,31-10-2018,1,1,1,2,52,8,2,0,0,0,0,-1,1,1
25131,76.65030607,8.883185122,1,3,1,1,2,17:50,31,E09000014,4,106,6,30,3,4,6,0,0,0,1,1,1,0,0,1,2,E01001973,19-09-2018,1,1,1,1,35,6,3,0,0,0,0,-1,3,1
25132,76.61354571,8.893371618,1,3,2,2,1,13:50,31,E09000014,5,0,6,30,3,4,5,0,0,0,1,2,2,0,0,1,1,E01002101,06-11-2018,1,1,3,2,26,6,3,5,9,0,0,-1,0,-1
25133,76.61831215,8.87413255,1,3,2,3,2,17:30,31,E09000014,3,504,6,30,6,2,4,138,0,5,4,5,2,0,0,1,1,E01002003,24-10-2018,1,1,1,1,20,4,3,0,0,0,0,-1,3,1
25134,76.63568659,8.884663725,1,3,5,1,2,10:14,31,E09000014,3,10,3,30,3,4,6,0,0,0,1,1,2,0,0,1,1,E01002093,24-10-2018,1,1,1,2,35,6,3,0,0,0,0,-1,9,1
25135,76.65550193,8.882821157,1,3,1,1,7,13:20,31,E09000014,3,10,6,30,0,-1,-1,0,0,0,1,1,1,0,0,1,1,E01002095,08-10-2018,1,1,1,1,26,6,3,0,0,0,0,-1,5,1
25136,76.69801499,8.895504443,1,3,2,1,6,12:04,31,E09000014,3,1010,6,30,0,-1,-1,0,0,0,1,1,1,0,0,1,1,E01002034,28-10-2018,2,1,1,2,30,6,3,0,0,0,0,-1,3,1
25137,76.67229876,8.889577687,1,3,2,1,6,16:30,31,E09000014,3,105,6,30,3,4,6,0,0,0,1,2,2,0,0,1,2,E01002003,09-09-2018,1,1,2,2,74,10,3,0,0,0,2,-1,11,1
25138,76.69047948,8.869384755,1,3,2,1,5,11:35,31,E09000014,6,0,6,30,6,4,6,0,0,0,1,1,1,0,0,1,1,E01002083,20-10-2018,1,1,1,2,32,6,3,0,0,0,0,-1,9,1
25139,76.61516187,8.871759528,1,3,2,1,2,15:30,32,E09000010,3,406,6,30,0,-1,-1,0,0,0,1,1,1,0,0,1,2,E01001528,17-10-2018,1,1,3,2,35,6,3,1,1,0,0,-1,0,1
25140,76.62727426,8.893974473,1,3,3,2,5,09:11,31,E09000014,4,106,6,30,3,2,3,109,0,5,1,1,1,0,0,1,1,E01001970,20-10-2018,1,1,1,1,41,7,3,0,0,0,0,-1,3,-1
25141,76.68073537,8.865280269,1,3,2,1,1,07:05,31,E09000014,3,503,6,30,6,2,4,152,0,5,1,1,1,0,0,1,1,E01002046,16-10-2018,2,1,1,1,61,9,3,0,0,0,0,-1,1,1
25142,76.64052558,8.872690611,1,3,1,1,4,15:45,4,E09000012,3,503,3,30,0,-1,-1,0,0,4,1,1,1,0,0,1,1,E01001716,26-10-2018,2,1,1,1,55,8,2,0,0,0,0,-1,5,1
25143,76.65123341,8.893117615,1,3,2,1,2,09:18,31,E09000014,3,1201,6,30,3,4,5,0,0,1,1,1,1,0,0,1,1,E01001990,31-10-2018,2,1,2,2,25,5,3,0,0,1,0,-1,9,1
25144,76.6775748,8.889383377,1,3,2,3,4,15:40,31,E09000014,6,0,6,30,6,4,6,0,0,0,1,2,2,0,0,1,1,E01002062,02-11-2018,1,1,1,1,36,7,3,0,0,0,0,-1,9,1
25145,76.63376606,8.892473527,1,2,1,1,2,08:58,31,E09000014,3,105,6,30,3,4,6,0,0,0,1,1,1,0,0,1,1,E01002003,31-10-2018,2,1,1,1,62,9,3,0,0,0,0,-1,4,1
25146,76.67425232,8.884250854,1,2,1,3,2,12:40,31,E09000014,3,105,6,30,0,-1,-1,0,0,0,1,1,1,0,0,1,1,E01002026,14-11-2018,2,1,1,2,32,6,3,0,0,0,0,-1,3,1
25147,76.62017014,8.87576968,1,2,1,1,5,19:52,4,E09000012,3,503,6,30,0,-1,-1,0,0,0,4,1,1,0,0,1,1,E01001716,27-10-2018,1,1,3,1,43,7,3,9,5,0,0,-1,0,1
25148,76.67262341,8.876803274,1,2,1,1,6,10:22,31,E09000014,3,503,6,30,7,2,4,152,0,5,1,8,2,0,0,1,1,E01002054,28-10-2018,1,1,1,1,26,6,3,0,0,0,0,-1,3,1
25149,76.6171375,8.89567608,1,3,2,1,2,08:45,31,E09000014,3,10,6,30,3,2,4,152,0,5,1,2,2,0,0,1,1,E01002051,31-10-2018,1,1,3,2,4,1,3,5,1,0,0,-1,0,-1
25150,76.67782026,8.878648981,1,3,2,1,7,19:00,31,E09000014,3,103,6,30,3,4,5,0,0,0,4,1,1,0,0,1,1,E01002017,03-12-2018,4,1,1,1,16,4,3,0,0,0,0,-1,1,1