Accident_Index,longitude,latitude,Police_Force,Accident_Severity,Number_of_Vehicles,Number_of_Casualties,Day_of_Week,Time,Local_Authority_(District),Local_Authority_(Highway),1st_Road_Class,1st_Road_Number,Road_Type,Speed_limit,Junction_Detail,Junction_Control,2nd_Road_Class,2nd_Road_Number,Pedestrian_Crossing-Human_Control,Pedestrian_Crossing-Physical_Facilities,Light_Conditions,Weather_Conditions,Road_Surface_Conditions,Special_Conditions_at_Site,Carriageway_Hazards,Urban_or_Rural_Area,Did_Police_Officer_Attend_Scene_of_Accident,LSOA_of_Accident_Location,Date,Vehicle_Reference,Casualty_Reference,Casualty_Class,Sex_of_Casualty,Age_of_Casualty,Age_Band_of_Casualty,Casualty_Severity,Pedestrian_Location,Pedestrian_Movement,Car_Passenger,Bus_or_Coach_Passenger,Pedestrian_Road_Maintenance_Worker,Casualty_Type,Casualty_Home_Area_Type
25151,76.62459179,8.871775903,1,3,2,1,6,18:21,31,E09000014,3,109,6,30,3,2,4,106,0,5,1,1,1,0,0,1,1,E01001973,23-09-2018,1,1,1,2,47,8,3,0,0,0,0,-1,9,1
25152,76.62030364,8.86905847,1,2,2,1,4,13:25,31,E09000014,3,109,6,30,3,4,6,0,0,0,1,1,1,0,0,1,1,E01001970,16-11-2018,1,1,1,1,29,6,3,0,0,0,0,-1,3,1
25153,76.68590944,8.881662058,1,3,3,1,4,01:25,31,E09000014,3,105,3,30,6,4,6,0,0,0,4,1,2,0,0,1,1,E01002098,23-11-2018,2,1,1,1,26,6,3,0,0,0,0,-1,1,1
25154,76.6153975,8.871325035,1,3,1,1,7,13:17,31,E09000014,6,0,6,30,0,-1,-1,0,0,0,1,1,1,0,0,1,1,E01002024,27-08-2018,1,1,1,1,29,6,3,0,0,0,0,-1,4,1
25155,76.66937649,8.871375629,1,3,1,1,2,16:56,31,E09000014,3,504,6,30,3,4,3,504,0,0,4,1,1,0,0,1,1,E01002003,28-11-2018,1,1,1,2,38,7,3,0,0,0,0,-1,9,1
25156,76.69829671,8.876117806,1,3,2,1,6,08:45,31,E09000014,3,105,6,30,3,4,6,0,0,0,1,1,1,0,0,1,1,E01002003,18-11-2018,1,2,2,1,26,6,3,0,0,1,0,-1,9,1
25157,76.68314596,8.880946371,1,3,3,2,2,15:05,31,E09000014,3,503,6,30,3,4,6,0,0,0,1,1,1,0,0,1,1,E01002072,19-12-2018,1,1,2,2,42,7,3,0,0,0,4,-1,11,1
25158,76.66309724,8.8794312,1,3,2,1,7,18:20,31,E09000014,6,0,6,30,6,4,6,0,0,0,4,1,1,3,0,1,1,E01002083,12-11-2018,1,1,3,2,56,9,3,4,1,0,0,-1,0,1
25159,76.62228836,8.872165705,1,3,1,1,4,15:30,31,E09000014,3,504,6,30,0,-1,-1,0,0,0,1,9,1,0,0,1,2,E01002070,30-11-2018,1,1,1,2,24,5,3,0,0,0,0,-1,1,1
25160,76.66274674,8.868216109,1,3,3,1,7,17:45,31,E09000014,3,1055,6,30,0,-1,-1,0,0,5,4,1,1,0,0,1,1,E01002066,03-12-2018,1,1,1,1,46,8,3,0,0,0,0,-1,1,1
25161,76.61169286,8.873135982,1,3,2,1,2,14:20,31,E09000014,6,0,6,30,6,4,6,0,0,0,1,1,1,0,0,1,1,E01002040,21-11-2018,1,1,1,1,58,9,3,0,0,0,0,-1,9,1
25162,76.67886228,8.865236009,1,3,2,1,7,13:15,31,E09000014,3,105,6,30,0,-1,-1,0,0,0,1,1,1,0,0,1,1,E01002003,19-11-2018,1,1,1,2,29,6,3,0,0,0,0,-1,1,1
25163,76.69346344,8.890459242,1,3,2,2,6,12:15,31,E09000014,6,0,6,30,3,4,3,105,0,0,1,1,1,0,0,1,2,E01002102,18-11-2018,1,1,2,1,19,4,3,0,0,2,0,-1,9,1
25164,76.68549507,8.86860585,1,3,1,2,5,18:57,31,E09000014,3,504,6,30,3,4,6,0,0,0,4,1,1,0,0,1,1,E01002020,06-10-2018,1,2,2,1,17,4,3,0,0,2,0,-1,9,1
25165,76.61821316,8.871053408,1,2,1,1,5,14:13,31,E09000014,6,0,2,30,3,4,6,0,0,0,1,1,1,0,0,1,1,E01002039,20-10-2018,1,3,2,1,20,4,3,0,0,1,0,-1,9,1
25166,76.67785324,8.87492923,1,3,1,1,1,12:33,31,E09000014,5,0,6,30,0,-1,-1,0,0,0,1,1,1,0,0,1,1,E01002058,23-10-2018,1,1,1,1,37,7,3,0,0,0,0,-1,3,1
25167,76.66979085,8.870379418,1,3,1,1,4,19:10,31,E09000014,3,504,6,30,3,4,6,0,0,0,4,1,1,0,0,1,1,E01002020,26-10-2018,3,1,2,1,19,4,3,0,0,1,0,-1,9,1
25168,76.64479425,8.890807469,1,3,2,1,6,12:45,31,E09000014,3,105,6,30,3,4,3,105,0,0,1,1,1,0,0,1,1,E01001999,23-09-2018,3,2,2,1,20,4,3,0,0,2,0,-1,9,1
25169,76.68572842,8.884976767,1,3,2,1,1,14:20,31,E09000014,3,503,6,30,3,4,6,0,0,4,1,1,1,0,0,1,1,E01002054,27-11-2018,2,1,1,2,50,8,3,0,0,0,0,-1,9,-1
25170,76.69690347,8.886519109,1,3,2,1,4,10:55,31,E09000014,6,0,6,30,3,4,6,0,0,0,1,1,1,0,0,1,1,E01002086,19-10-2018,2,1,1,2,25,5,3,0,0,0,0,-1,2,1
25171,76.64162287,8.894113426,1,3,2,1,6,18:00,31,E09000014,3,105,6,30,3,4,6,0,0,0,4,1,1,0,0,1,1,E01002031,28-10-2018,1,1,2,1,34,6,2,0,0,0,0,-1,3,1
25172,76.68807585,8.895964331,1,3,4,1,6,17:50,31,E09000014,6,0,6,30,6,4,6,0,0,0,1,1,2,0,0,1,1,E01001989,25-11-2018,1,1,2,2,57,9,3,0,0,0,4,-1,11,-1
25173,76.65584847,8.87610494,1,3,3,1,2,10:35,31,E09000014,6,0,6,30,3,4,6,0,0,0,1,1,1,0,0,1,1,E01002105,07-11-2018,1,1,1,1,31,6,3,0,0,0,0,-1,5,1
25174,76.689209,8.87321602,1,3,2,1,7,19:25,31,E09000014,6,0,6,30,3,4,6,0,0,0,4,2,2,0,0,1,1,E01002075,29-10-2018,1,1,1,2,28,6,3,0,0,0,0,-1,1,1
25175,76.68732565,8.879100125,1,3,1,1,2,08:02,4,E09000012,3,105,6,30,3,2,3,105,0,5,1,1,1,0,0,1,1,E01001737,10-10-2018,1,1,1,2,30,6,3,0,0,0,0,-1,9,1
25176,76.62839595,8.866483362,1,3,3,1,2,15:07,31,E09000014,3,105,6,30,3,4,6,0,0,0,1,1,1,0,0,1,1,E01002002,05-09-2018,1,1,1,1,26,6,3,0,0,0,0,-1,1,1
25177,76.66197179,8.877676988,1,3,2,1,4,19:30,31,E09000014,3,109,6,30,3,2,4,106,0,5,4,2,2,0,0,1,1,E01001970,19-10-2018,1,1,1,1,32,6,3,0,0,0,0,-1,2,1
25178,76.65664436,8.864520076,1,3,2,1,6,15:25,31,E09000014,3,10,6,30,3,4,6,0,0,0,1,1,1,0,0,1,1,E01002051,04-11-2018,1,1,1,1,39,7,3,0,0,0,0,-1,5,1
25179,76.61075979,8.879818424,1,3,2,1,3,07:21,31,E09000014,3,10,6,30,3,4,6,0,0,0,1,1,1,0,0,1,1,E01002051,08-11-2018,1,1,1,1,26,6,3,0,0,0,0,-1,9,1
25180,76.6885166,8.886339209,1,3,2,1,4,08:50,31,E09000014,3,109,6,30,3,2,4,151,0,0,1,1,1,0,0,1,1,E01002098,09-11-2018,2,2,1,1,-1,-1,3,0,0,0,0,-1,5,1
25181,76.61402389,8.872084477,1,3,1,2,5,09:58,31,E09000014,5,0,6,30,9,4,6,0,0,0,1,1,1,0,0,1,1,E01002075,10-11-2018,1,1,3,1,-1,-1,3,5,1,0,0,-1,0,-1
25182,76.66407626,8.875101464,1,3,4,1,7,13:40,31,E09000014,6,0,6,30,3,4,6,0,0,0,1,1,1,0,0,1,1,E01001965,12-11-2018,1,1,1,2,18,4,3,0,0,0,0,-1,9,1
25183,76.66812079,8.874121508,1,3,2,1,2,08:30,31,E09000014,5,0,6,30,2,4,6,0,0,0,1,1,1,0,0,1,1,E01002092,14-11-2018,1,1,1,1,44,7,3,0,0,0,0,-1,2,-1
25184,76.63270065,8.880427211,1,3,1,1,1,17:50,31,E09000014,3,10,3,30,9,2,3,503,0,5,4,2,2,0,0,1,1,E01002072,20-11-2018,1,1,3,2,24,5,3,4,1,0,0,-1,0,1
25185,76.62370906,8.885920167,1,3,1,1,4,09:20,31,E09000014,5,0,6,30,0,-1,-1,0,0,0,1,1,1,0,0,1,2,E01002007,30-11-2018,2,1,1,1,45,7,3,0,0,0,0,-1,1,1
25186,76.67725483,8.878518002,1,3,2,1,5,21:06,31,E09000014,3,105,6,30,3,4,3,105,0,0,4,5,2,0,0,1,1,E01001999,03-11-2018,1,1,3,1,47,8,3,9,9,0,0,-1,0,-1
25187,76.65791426,8.891102546,1,3,2,1,3,17:35,31,E09000014,3,105,6,30,3,4,6,0,0,0,4,1,1,0,0,1,1,E01002098,08-11-2018,1,1,1,1,21,5,2,0,0,0,0,-1,3,1
25188,76.65323835,8.874012951,1,2,3,2,7,23:43,31,E09000014,3,10,3,30,3,4,3,10,0,0,4,8,4,0,0,1,1,E01002096,19-11-2018,1,1,1,1,17,4,2,0,0,0,0,-1,3,1
25189,76.61600542,8.867255758,1,3,1,1,6,15:15,31,E09000014,3,504,6,30,3,4,6,0,0,1,1,2,2,0,0,1,1,E01002043,25-11-2018,1,1,3,2,36,7,2,9,5,0,0,-1,0,-1
25190,76.65765916,8.885151543,1,3,2,2,2,18:00,31,E09000014,3,105,6,30,3,2,3,105,0,5,4,1,1,0,0,1,1,E01002026,28-11-2018,1,1,1,1,41,7,3,0,0,0,0,-1,1,1
25191,76.66293392,8.86873092,1,3,2,1,2,18:10,31,E09000014,3,105,6,30,6,4,6,0,0,0,4,1,2,0,0,1,1,E01001999,21-11-2018,2,1,1,1,35,6,3,0,0,0,0,-1,1,1
25192,76.69703017,8.889062259,1,2,2,1,3,12:00,31,E09000014,3,1,6,30,3,4,6,0,0,0,1,1,2,0,0,1,1,E01002011,22-11-2018,1,1,1,1,37,7,3,0,0,0,0,-1,5,1
25193,76.6743931,8.879619404,1,3,3,1,3,14:25,31,E09000014,6,0,6,30,3,4,6,0,0,0,1,1,1,0,0,1,1,E01002036,22-11-2018,1,1,1,1,29,6,2,0,0,0,0,-1,3,1
25194,76.66071385,8.867476684,1,3,2,1,5,23:24,31,E09000014,3,103,6,30,3,4,6,0,0,0,4,1,1,0,0,1,1,E01001984,24-11-2018,2,1,1,1,19,4,3,0,0,0,0,-1,3,1
25195,76.66773409,8.86953619,1,3,2,1,6,19:15,31,E09000014,3,105,6,30,3,4,6,0,0,0,1,1,1,0,0,1,2,E01002002,22-07-2018,2,1,1,1,32,6,3,0,0,0,0,-1,1,1
25196,76.67652043,8.866444347,1,3,2,2,2,13:30,31,E09000014,4,152,6,30,0,-1,-1,0,0,0,1,1,1,0,0,1,2,E01002044,19-12-2018,1,1,3,2,13,3,3,4,1,0,0,-1,0,1
25197,76.62499655,8.870029997,1,3,1,1,7,05:20,31,E09000014,3,105,6,30,3,4,4,150,0,0,4,1,1,0,0,1,1,E01002002,26-11-2018,1,1,3,1,13,3,3,10,9,0,0,-1,0,1
25198,76.64161473,8.875317451,1,3,2,1,3,12:50,31,E09000014,3,504,6,30,3,4,6,0,0,0,1,1,1,0,0,1,1,E01002003,27-09-2018,1,1,3,1,30,6,3,1,1,0,0,-1,0,-1
25199,76.6955959,8.886629439,1,3,2,1,6,13:07,31,E09000014,3,503,6,30,0,-1,-1,0,0,5,1,1,1,0,0,1,1,E01002068,25-11-2018,2,1,1,1,38,7,3,0,0,0,0,-1,3,1
25200,76.68306098,8.879097559,1,3,2,2,7,16:32,31,E09000014,5,0,6,30,6,4,6,0,0,0,1,1,1,0,0,1,1,E01002036,26-11-2018,2,1,1,1,15,3,2,0,0,0,0,-1,1,1
25201,76.61328912,8.875969383,1,3,2,1,3,11:57,2,E09000007,6,0,6,30,3,4,4,519,0,0,1,1,1,0,0,1,1,E01000913,29-11-2018,1,1,1,1,24,5,2,0,0,0,0,-1,3,1
25202,76.61528439,8.867613536,1,3,2,1,2,08:03,32,E09000010,3,1055,6,30,6,2,3,1055,0,5,1,1,1,0,0,1,1,E01002037,24-10-2018,1,1,1,1,37,7,3,0,0,0,0,-1,9,-1
25203,76.60900082,8.87107153,1,3,2,1,4,16:00,4,E09000012,3,503,6,30,3,3,5,0,0,0,1,1,1,0,0,1,3,E01001716,28-12-2018,1,1,1,1,24,5,3,0,0,0,0,-1,2,-1
25204,76.64725983,8.889176774,1,3,2,2,3,16:55,31,E09000014,3,1201,6,30,6,4,6,0,0,0,1,1,1,0,0,1,1,E01001988,25-10-2018,1,1,1,2,46,8,3,0,0,0,0,-1,9,1
25205,76.63478982,8.885688049,1,3,2,1,7,10:10,31,E09000014,3,504,6,30,3,4,6,0,0,0,1,1,1,0,0,1,1,E01002022,03-12-2018,1,1,1,1,21,5,3,0,0,0,0,-1,9,1
25206,76.68700662,8.889240931,1,3,2,2,7,10:41,31,E09000014,5,0,6,30,3,4,5,0,0,0,1,1,1,0,0,1,1,E01002103,03-12-2018,1,1,2,2,32,6,3,0,0,0,3,-1,11,1
25207,76.67244962,8.867524354,1,3,2,1,6,23:15,31,E09000014,3,1010,6,30,3,4,6,0,0,0,4,1,1,0,0,1,1,E01002034,04-11-2018,2,2,1,1,32,6,3,0,0,0,0,-1,2,-1
25208,76.67145237,8.864609232,1,3,2,1,7,11:40,31,E09000014,3,105,3,30,6,2,3,1080,0,5,1,1,1,0,0,1,1,E01002031,05-11-2018,1,1,1,1,32,6,2,0,0,0,0,-1,1,1
25209,76.63881469,8.89226323,1,3,1,1,5,09:32,31,E09000014,3,1201,6,30,3,4,3,103,0,1,1,2,2,0,0,1,1,E01001990,08-12-2018,1,1,3,1,22,5,3,6,9,0,0,-1,0,1
25210,76.65949795,8.881737731,1,3,2,1,6,07:45,31,E09000014,3,10,6,30,3,4,6,0,0,0,4,1,1,0,0,1,1,E01001978,09-12-2018,1,2,1,2,83,11,3,0,0,0,0,-1,9,1
25211,76.6689289,8.876916651,1,2,1,1,2,12:15,31,E09000014,3,10,6,30,0,-1,-1,0,0,0,1,1,1,0,0,1,1,E01002096,19-12-2018,1,1,2,2,63,9,3,0,0,0,1,-1,11,-1
25212,76.65177491,8.89310402,1,3,3,2,7,21:44,31,E09000014,3,504,6,30,0,-1,-1,0,0,0,4,2,2,0,0,1,1,E01002020,08-10-2018,2,1,1,1,46,8,3,0,0,0,0,-1,1,1
25213,76.61166653,8.878879141,1,3,2,1,7,14:38,31,E09000014,4,151,6,30,6,4,6,0,0,0,1,1,1,0,0,1,1,E01001971,17-12-2018,1,1,1,1,26,6,3,0,0,0,0,-1,5,1
25214,76.61767439,8.873463038,1,3,2,1,5,18:35,31,E09000014,4,152,6,30,3,4,6,0,0,0,4,1,1,0,0,1,1,E01002053,22-12-2018,1,2,3,2,25,5,2,5,2,0,0,-1,0,-1
25215,76.67506572,8.887150248,1,2,2,1,4,11:32,31,E09000014,3,1080,6,30,3,4,6,0,0,0,1,1,1,0,0,1,1,E01002028,23-11-2018,2,1,1,1,60,9,2,0,0,0,0,-1,1,1
25216,76.69483962,8.869473288,1,3,1,2,5,16:23,31,E09000014,3,103,6,30,0,-1,-1,0,0,0,4,1,2,0,0,1,1,E01001990,08-12-2018,1,1,3,1,35,6,2,5,4,0,0,-1,0,1
25217,76.64423305,8.894941941,1,3,4,2,5,08:00,31,E09000014,3,1000,6,40,3,4,6,0,0,0,1,1,2,0,0,1,1,E01001994,22-12-2018,1,1,3,1,-1,-1,3,5,1,0,0,-1,0,-1
25218,76.64490103,8.873952851,1,3,1,1,6,17:30,31,E09000014,3,109,6,30,3,4,6,0,0,0,4,1,1,0,0,1,1,E01002028,16-12-2018,1,1,3,2,74,10,3,1,3,0,0,-1,0,1
25219,76.67039988,8.887667367,1,3,1,1,6,14:12,31,E09000014,4,106,6,30,3,4,6,0,0,0,1,1,1,0,0,1,1,E01001962,23-12-2018,1,1,1,1,60,9,3,0,0,0,0,-1,3,1
25220,76.68575785,8.879119049,1,2,1,1,7,21:03,31,E09000014,3,1201,6,30,3,4,6,0,0,0,4,1,1,0,0,1,1,E01002805,24-12-2018,1,1,3,1,39,7,3,5,1,0,0,-1,0,1
25221,76.61011772,8.872259674,1,3,2,1,7,15:35,31,E09000014,4,106,6,30,8,4,3,109,0,5,1,1,1,0,0,1,1,E01001970,31-12-2018,1,1,2,2,50,8,3,0,0,2,0,-1,8,1
25222,76.66400874,8.872128157,1,3,2,1,1,18:05,31,E09000014,5,0,6,30,6,4,6,0,0,0,4,1,4,0,0,1,1,E01002036,20-11-2018,2,1,1,1,-1,-1,3,0,0,0,0,-1,1,1
25223,76.6698598,8.880473087,1,3,2,1,2,18:30,31,E09000014,3,105,6,30,3,4,5,0,0,0,1,1,1,0,0,1,2,E01002058,17-10-2018,1,1,3,2,17,4,3,4,3,0,0,-1,0,1
25224,76.67843041,8.894102741,1,2,1,1,1,19:15,4,E09000012,3,105,6,30,6,2,3,503,0,5,4,1,1,0,0,1,1,E01002002,18-12-2018,1,1,2,2,75,10,3,0,0,0,1,-1,11,1
25225,76.67580871,8.865733749,1,3,2,1,7,11:45,31,E09000014,4,151,6,30,3,4,6,0,0,1,1,1,1,0,0,1,3,E01002029,05-11-2018,1,1,1,1,38,7,3,0,0,0,0,-1,9,1
25226,76.61390135,8.891056332,1,3,2,2,6,19:35,31,E09000014,4,151,6,30,3,4,6,0,0,0,7,1,1,0,0,1,1,E01001971,09-12-2018,1,2,2,2,-1,-1,3,0,0,1,0,-1,9,1
25227,76.62359676,8.884747421,1,3,2,1,5,16:08,31,E09000014,5,0,6,30,0,-1,-1,0,0,0,1,1,1,0,0,1,1,E01002025,08-09-2018,2,1,1,2,27,6,3,0,0,0,0,-1,1,1
25228,76.63723845,8.865425775,1,3,2,1,3,12:12,31,E09000014,3,10,3,30,0,-1,-1,0,0,0,1,1,1,0,0,1,1,E01002066,13-12-2018,1,1,1,1,44,7,3,0,0,0,0,-1,9,1
25229,76.68145927,8.864670237,1,3,1,1,1,06:00,31,E09000014,3,504,6,30,3,4,6,0,0,0,7,1,1,0,0,1,1,E01002084,25-12-2018,1,1,1,2,27,6,2,0,0,0,0,-1,9,1
25230,76.63533016,8.872872002,1,3,1,1,3,14:45,31,E09000014,6,0,6,30,3,4,3,1010,0,0,1,1,1,0,0,1,3,E01002034,08-11-2018,1,1,3,2,24,5,2,4,1,0,0,-1,0,1
25231,76.64597566,8.881565123,1,3,2,1,6,21:28,31,E09000014,3,504,6,30,7,4,6,0,0,0,7,1,1,0,0,1,3,E01002067,11-11-2018,1,1,1,1,26,6,3,0,0,0,0,-1,9,1
25232,76.69603936,8.882595942,1,3,2,1,6,01:40,31,E09000014,3,105,6,30,3,4,6,0,0,0,7,1,1,0,0,1,3,E01002031,18-11-2018,1,1,2,2,80,11,3,0,0,1,0,-1,9,1
25233,76.63685988,8.893909762,1,3,2,2,4,16:30,31,E09000014,5,0,6,30,6,4,6,0,0,1,1,1,1,0,0,1,3,E01001980,16-11-2018,2,1,1,1,29,6,3,0,0,0,0,-1,5,1
25234,76.61057524,8.884081822,1,3,2,1,1,23:37,31,E09000014,3,109,6,20,3,4,6,0,0,1,7,1,1,0,0,1,3,E01002033,27-11-2018,1,1,1,1,43,7,3,0,0,0,0,-1,3,1
25235,76.61037118,8.894903615,1,3,2,2,2,19:00,31,E09000014,6,0,6,30,0,-1,-1,0,0,0,4,9,-1,0,-1,1,3,E01001966,12-12-2018,1,1,2,2,28,6,3,0,0,1,0,-1,9,1
25236,76.687832,8.872084844,1,3,2,1,1,17:20,31,E09000014,6,0,6,30,3,4,6,0,0,0,7,1,1,0,0,1,1,E01002099,11-12-2018,1,1,2,1,-1,-1,3,0,0,1,0,-1,9,1
25237,76.64527076,8.867388242,1,3,1,1,2,19:00,31,E09000014,3,10,6,30,3,4,3,1010,0,5,7,1,1,0,0,1,2,E01001979,12-12-2018,2,2,2,2,82,11,3,0,0,1,0,-1,9,1
25238,76.6426838,8.866602293,1,3,1,1,5,20:50,30,E09000003,3,1000,6,30,0,-1,-1,0,0,0,7,1,1,0,0,1,2,E01000293,01-12-2018,1,1,1,1,28,6,3,0,0,0,0,-1,9,1
25239,76.66660444,8.888731474,1,3,2,1,5,16:35,31,E09000014,3,504,6,30,3,4,6,0,0,0,1,1,1,0,0,1,1,E01001991,08-09-2018,1,1,3,2,11,3,3,5,3,0,0,-1,0,-1
25240,76.65306517,8.886740616,1,3,2,1,6,23:17,31,E09000014,5,0,6,30,3,4,5,0,0,0,4,8,4,0,0,1,1,E01002103,18-11-2018,1,1,3,1,4,1,2,10,9,0,0,-1,0,1
25241,76.65944701,8.89376864,1,3,2,1,2,08:25,31,E09000014,6,0,6,30,0,-1,-1,0,0,0,1,1,1,0,0,1,2,E01002016,19-12-2018,1,2,3,1,5,1,3,10,9,0,0,-1,0,-1
25242,76.61023371,8.884773469,1,3,1,2,2,18:15,31,E09000014,3,109,6,30,0,-1,-1,0,0,0,4,2,2,0,0,1,2,E01001978,05-12-2018,1,1,3,1,49,8,3,5,9,0,0,-1,0,1
25243,76.64305266,8.873336864,1,2,1,1,7,17:20,31,E09000014,3,109,6,30,3,4,6,0,0,1,4,1,1,0,0,1,1,E01002032,29-10-2018,1,1,3,1,54,8,3,9,7,0,0,-1,0,1
25244,76.67259986,8.874100655,1,3,2,1,4,16:36,31,E09000014,6,0,1,30,1,4,3,504,0,1,4,1,1,0,0,1,2,E01002043,21-12-2018,1,1,3,1,56,9,3,9,7,0,0,-1,0,1
25245,76.68583312,8.894368275,1,2,2,1,5,16:48,31,E09000014,6,0,6,30,6,4,6,0,0,0,4,1,1,0,0,1,1,E01001987,15-12-2018,2,1,1,2,28,6,3,0,0,0,0,-1,1,1
25246,76.62726328,8.868510014,1,3,2,1,6,20:20,31,E09000014,3,103,6,30,3,4,6,0,0,0,4,1,1,0,0,1,1,E01001990,23-12-2018,1,1,1,2,-1,-1,3,0,0,0,0,-1,9,1
25247,76.63614705,8.8878036,1,3,2,1,6,23:00,31,E09000014,6,0,6,30,8,4,6,0,0,0,4,1,1,0,0,1,2,E01002088,12-08-2018,1,1,1,1,35,6,3,0,0,0,0,-1,1,1
25248,76.61732181,8.893089958,1,2,2,2,2,21:34,31,E09000014,3,10,3,40,0,-1,-1,0,0,0,4,1,1,0,0,1,1,E01002093,26-09-2018,1,1,3,1,9,2,3,9,5,0,0,-1,0,1
25249,76.68187726,8.88064843,1,2,1,1,5,13:30,31,E09000014,3,503,6,30,0,-1,-1,0,0,0,1,1,1,0,0,1,1,E01002078,01-09-2018,1,1,1,1,26,6,3,0,0,0,0,-1,5,1
25250,76.68891712,8.869664644,1,3,1,1,4,08:40,31,E09000014,6,0,6,30,3,4,6,0,0,0,1,1,1,0,0,1,1,E01002036,02-11-2018,1,1,3,1,37,7,3,4,1,0,0,-1,0,1
25251,76.65669362,8.88924483,1,3,2,2,7,07:50,31,E09000014,4,153,6,30,3,4,6,0,0,1,1,8,1,0,0,1,1,E01002067,05-11-2018,1,1,1,1,21,5,3,0,0,0,0,-1,3,-1
25252,76.68089285,8.864734508,1,3,2,2,1,04:11,31,E09000014,3,504,6,30,3,4,6,0,0,0,4,1,1,0,0,1,1,E01002014,20-11-2018,1,1,2,2,73,10,3,0,0,1,0,-1,9,-1
25253,76.67046728,8.889306627,1,2,1,1,6,23:45,31,E09000014,3,109,6,30,3,4,6,0,0,0,4,1,1,0,0,1,2,E01002032,30-12-2018,1,1,1,2,42,7,3,0,0,0,0,-1,9,1
25254,76.65541318,8.874574818,1,3,2,1,3,15:30,31,E09000014,3,504,6,30,6,2,3,105,0,0,1,1,1,0,0,1,2,E01002031,12-07-2018,1,2,2,1,8,2,3,0,0,1,0,-1,9,1
25255,76.66431588,8.866318751,1,2,1,2,2,23:00,31,E09000014,4,137,6,30,0,-1,-1,0,0,0,4,1,1,0,0,1,1,E01002075,07-11-2018,1,1,1,1,45,7,3,0,0,0,0,-1,5,1
25256,76.67202028,8.891956337,1,3,2,1,7,19:00,31,E09000014,6,0,6,30,3,4,3,504,0,1,4,1,1,0,0,1,1,E01002043,03-12-2018,2,1,1,1,65,9,3,0,0,0,0,-1,1,-1
25257,76.68915429,8.876109353,1,2,2,1,6,13:30,31,E09000014,4,519,6,30,8,4,6,0,0,4,1,1,1,0,0,1,1,E01002008,28-10-2018,1,1,2,2,20,4,3,0,0,1,0,-1,9,-1
25258,76.62126881,8.891743997,1,3,2,1,7,22:42,20,E09000008,4,275,6,30,6,4,5,0,0,0,4,1,1,0,0,1,1,E01001170,01-01-2018,1,1,1,2,43,7,3,0,0,0,0,-1,9,1
25259,76.68066896,8.895801845,1,3,2,1,7,18:04,20,E09000008,3,23,6,30,3,4,3,232,0,0,5,2,2,0,0,1,1,E01001167,01-01-2018,2,1,1,1,45,7,3,0,0,0,0,-1,9,1
25260,76.65128226,8.889918586,1,3,2,3,5,22:40,20,E09000008,5,0,6,30,3,4,6,0,0,0,4,2,2,0,0,1,1,E01001035,20-01-2018,3,2,1,1,42,7,3,0,0,0,0,-1,19,1
25261,76.68625556,8.877531588,1,3,2,1,7,20:30,20,E09000008,6,0,1,30,1,4,6,0,0,0,4,2,2,0,0,1,1,E01001156,01-01-2018,1,1,1,1,24,5,3,0,0,0,0,-1,9,1
25262,76.64297,8.89062064,1,3,1,1,1,20:23,20,E09000008,3,23,6,30,0,-1,-1,0,0,0,4,1,1,0,0,1,1,E01001010,02-01-2018,2,2,1,2,38,7,3,0,0,0,0,-1,9,1
25263,76.65502614,8.886734537,1,3,2,1,1,11:50,20,E09000008,6,0,6,30,3,4,6,0,0,0,1,1,1,0,0,1,1,E01000996,23-01-2018,2,1,1,2,20,4,3,0,0,0,0,-1,1,-1
25264,76.6846919,8.88936808,1,3,1,1,2,00:50,20,E09000008,3,2022,6,30,0,-1,-1,0,0,0,4,1,1,0,0,1,1,E01001092,03-01-2018,1,1,1,1,33,6,3,0,0,0,0,-1,5,1
25265,76.64428485,8.87895179,1,3,1,1,6,01:15,20,E09000008,3,232,6,30,0,-1,-1,0,0,0,4,1,4,0,0,1,1,E01000986,14-01-2018,2,1,1,1,43,7,3,0,0,0,0,-1,9,1
25266,76.67313141,8.88727461,1,3,2,2,6,16:20,20,E09000008,4,243,6,30,3,4,6,0,0,8,1,1,1,0,0,1,1,E01000984,14-01-2018,1,1,1,1,22,5,3,0,0,0,0,-1,3,1
25267,76.69374328,8.877407108,1,3,2,1,2,21:50,20,E09000008,3,236,6,30,3,4,6,0,0,0,4,1,2,0,0,1,1,E01001007,10-01-2018,1,1,1,1,20,4,3,0,0,0,0,-1,9,1
25268,76.62813531,8.894854502,1,3,1,1,5,15:56,20,E09000008,4,266,6,30,0,-1,-1,0,0,1,1,1,1,0,0,1,1,E01001154,06-01-2018,2,2,1,2,35,6,3,0,0,0,0,-1,9,1
25269,76.69868561,8.893393495,1,3,2,1,4,15:50,20,E09000008,3,222,6,30,3,4,5,0,0,0,1,1,1,0,0,1,1,E01000976,05-01-2018,2,1,1,1,24,5,3,0,0,0,0,-1,1,1
25270,76.67067622,8.887906077,1,2,3,1,3,07:10,20,E09000008,3,212,6,30,3,4,3,215,0,0,1,8,2,0,0,1,1,E01001137,04-01-2018,1,1,1,1,47,8,3,0,0,0,0,-1,5,1
25271,76.66493919,8.867798852,1,3,1,1,4,17:05,20,E09000008,5,0,6,30,3,4,6,0,0,1,4,1,2,0,0,1,1,E01001173,05-01-2018,1,1,1,1,39,7,3,0,0,0,0,-1,5,1