Accident_Index,longitude,latitude,Police_Force,Accident_Severity,Number_of_Vehicles,Number_of_Casualties,Day_of_Week,Time,Local_Authority_(District),Local_Authority_(Highway),1st_Road_Class,1st_Road_Number,Road_Type,Speed_limit,Junction_Detail,Junction_Control,2nd_Road_Class,2nd_Road_Number,Pedestrian_Crossing-Human_Control,Pedestrian_Crossing-Physical_Facilities,Light_Conditions,Weather_Conditions,Road_Surface_Conditions,Special_Conditions_at_Site,Carriageway_Hazards,Urban_or_Rural_Area,Did_Police_Officer_Attend_Scene_of_Accident,LSOA_of_Accident_Location,Date,Vehicle_Reference,Casualty_Reference,Casualty_Class,Sex_of_Casualty,Age_of_Casualty,Age_Band_of_Casualty,Casualty_Severity,Pedestrian_Location,Pedestrian_Movement,Car_Passenger,Bus_or_Coach_Passenger,Pedestrian_Road_Maintenance_Worker,Casualty_Type,Casualty_Home_Area_Type
25272,76.67501109,8.892973819,1,3,2,1,5,09:46,20,E09000008,3,2022,6,30,0,-1,-1,0,0,0,1,1,1,0,0,1,1,E01001123,06-01-2018,2,1,1,2,39,7,3,0,0,0,0,-1,1,1
25273,76.6220172,8.873087396,1,3,2,1,5,08:26,9,E09000022,6,0,6,30,6,4,3,214,0,4,1,1,1,0,0,1,1,E01001163,06-01-2018,1,1,1,1,38,7,3,0,0,0,0,-1,1,1
25274,76.62836632,8.890102801,1,3,2,1,7,05:30,20,E09000008,3,215,3,30,0,-1,-1,0,0,4,7,8,2,0,2,1,1,E01000985,08-01-2018,1,1,1,2,30,6,3,0,0,0,0,-1,9,1
25275,76.6520967,8.874985272,1,3,2,1,7,01:54,20,E09000008,6,0,6,30,0,-1,-1,0,0,0,4,1,1,0,0,2,1,E01001081,08-01-2018,1,1,1,2,44,7,3,0,0,0,0,-1,9,1
25276,76.69811541,8.879010135,1,3,2,1,6,17:08,20,E09000008,3,235,6,30,3,2,6,0,0,5,4,1,1,0,0,1,1,E01001097,07-01-2018,2,2,1,2,49,8,3,0,0,0,0,-1,9,1
25277,76.65353459,8.879456816,1,3,1,1,4,13:12,20,E09000008,3,2022,6,30,2,4,3,237,0,0,1,1,1,0,0,1,1,E01001028,26-01-2018,1,1,1,1,42,7,3,0,0,0,0,-1,5,1
25278,76.66862263,8.879015406,1,3,2,2,6,15:22,20,E09000008,6,0,6,30,3,4,3,22,0,1,1,1,1,0,0,1,1,E01001075,21-01-2018,1,1,1,1,56,9,3,0,0,0,0,-1,9,1
25279,76.66039813,8.889872447,1,3,1,1,2,17:10,20,E09000008,3,23,6,30,3,4,5,0,0,4,7,1,1,0,0,1,2,E01001087,17-01-2018,1,2,2,2,-1,-1,3,0,0,1,0,-1,9,-1
25280,76.60993704,8.880486378,1,3,2,1,3,09:58,20,E09000008,3,236,6,30,0,-1,-1,0,0,4,1,1,1,0,0,1,1,E01001007,18-01-2018,1,1,1,2,20,4,3,0,0,0,0,-1,9,1
25281,76.67385828,8.885238822,1,3,2,1,6,09:20,20,E09000008,3,23,6,30,7,4,6,0,0,0,1,2,2,0,0,1,1,E01001183,28-01-2018,1,1,1,2,29,6,3,0,0,0,0,-1,4,1
25282,76.69165817,8.885381374,1,3,2,1,1,20:03,20,E09000008,3,213,6,30,6,4,6,0,0,0,4,1,1,0,0,1,1,E01001136,30-01-2018,1,1,3,1,40,7,3,1,3,0,0,-1,0,-1
25283,76.62409763,8.878281423,1,3,2,1,1,11:00,20,E09000008,3,214,6,30,3,4,6,0,0,0,1,1,1,0,0,1,1,E01001164,09-01-2018,1,1,3,1,68,10,3,5,1,0,0,-1,0,1
25284,76.65604341,8.896435601,1,3,2,1,2,13:00,20,E09000008,6,0,6,30,6,4,6,0,0,0,1,2,2,0,0,1,1,E01001160,10-01-2018,2,1,1,1,27,6,3,0,0,0,0,-1,2,1
25285,76.67842373,8.889364311,1,3,1,1,3,15:00,20,E09000008,4,272,6,30,3,4,5,0,0,0,1,2,2,0,0,1,1,E01001094,11-01-2018,1,1,3,1,-1,-1,2,6,9,0,0,-1,0,1
25286,76.68555659,8.871660895,1,3,2,1,2,16:42,20,E09000008,3,235,6,30,3,4,6,0,0,0,1,2,2,0,0,1,1,E01001011,10-01-2018,1,2,3,2,25,5,2,6,9,0,0,-1,0,1
25287,76.63817329,8.864453452,1,3,1,1,3,19:50,20,E09000008,4,275,6,30,0,-1,-1,0,0,0,4,9,2,0,0,1,1,E01001170,11-01-2018,1,1,3,1,20,4,3,5,1,0,0,-1,0,-1
25288,76.67724914,8.876773273,1,3,1,1,5,21:15,19,E09000006,3,214,6,30,0,-1,-1,0,0,0,4,1,1,0,0,1,2,E01000740,13-01-2018,1,1,1,1,62,9,3,0,0,0,0,-1,9,1
25289,76.68538147,8.889213914,1,3,2,2,5,19:05,20,E09000008,3,212,6,30,3,4,5,0,0,0,4,1,1,0,0,1,1,E01001001,13-01-2018,1,1,1,1,52,8,3,0,0,0,0,-1,1,1
25290,76.69104277,8.871006868,1,2,1,1,6,10:40,20,E09000008,4,269,6,30,9,4,5,0,0,1,1,1,1,0,0,1,1,E01001107,14-01-2018,1,1,1,1,38,7,3,0,0,0,0,-1,5,1
25291,76.62731324,8.889073007,1,3,1,1,7,15:18,20,E09000008,3,213,6,30,0,-1,-1,0,0,0,1,1,1,0,0,1,1,E01001011,15-01-2018,1,1,1,2,34,6,3,0,0,0,0,-1,3,1
25292,76.66411564,8.870675933,1,3,2,1,6,08:04,20,E09000008,5,0,6,30,2,4,6,0,0,0,1,8,4,0,0,1,1,E01001158,14-01-2018,1,1,1,1,25,5,3,0,0,0,0,-1,3,1
25293,76.68594839,8.889700751,1,3,2,1,1,19:50,20,E09000008,3,222,6,30,3,4,6,0,0,4,4,1,1,0,0,1,1,E01000975,16-01-2018,1,1,3,2,11,3,2,1,1,0,0,-1,0,1
25294,76.62870188,8.892182754,1,3,1,1,7,20:00,20,E09000008,3,212,2,30,3,4,3,212,0,0,4,1,1,0,0,1,1,E01001110,15-01-2018,2,1,1,1,-1,-1,3,0,0,0,0,-1,9,1
25295,76.69580723,8.880128834,1,3,2,2,1,18:10,20,E09000008,3,232,7,30,5,4,6,0,0,0,4,1,1,0,0,1,1,E01001043,16-01-2018,1,1,1,1,20,4,2,0,0,0,0,-1,3,1
25296,76.63168229,8.86948773,1,3,2,1,6,19:30,20,E09000008,3,215,6,30,6,4,6,0,0,0,4,1,1,0,0,1,2,E01001159,14-01-2018,1,1,3,1,22,5,3,4,3,0,0,-1,0,-1
25297,76.65055875,8.885511039,1,3,2,1,1,06:21,20,E09000008,3,23,6,30,3,4,6,0,0,0,4,1,1,0,0,1,1,E01001089,16-01-2018,1,1,1,2,20,4,3,0,0,0,0,-1,9,1
25298,76.62978884,8.877523794,1,3,2,1,7,18:30,20,E09000008,3,235,6,30,0,-1,-1,0,0,0,4,1,1,0,0,1,3,E01001009,08-01-2018,1,2,2,2,20,4,3,0,0,1,0,-1,9,1
25299,76.61372227,8.866853875,1,3,1,1,1,13:54,20,E09000008,3,215,6,30,3,4,6,0,0,0,1,1,1,0,0,1,1,E01001185,16-01-2018,2,3,1,1,29,6,3,0,0,0,0,-1,9,1
25300,76.63096145,8.864729494,1,3,1,1,3,08:45,9,E09000022,3,215,6,30,0,-1,-1,0,0,0,1,1,1,0,0,1,1,E01003087,18-01-2018,2,4,2,1,29,6,3,0,0,1,0,-1,9,1
25301,76.65895471,8.868793136,1,3,2,1,3,21:20,20,E09000008,3,235,6,30,0,-1,-1,0,0,0,4,4,2,0,0,1,3,E01001009,04-01-2018,2,1,1,1,43,7,3,0,0,0,0,-1,1,-1
25302,76.68859177,8.874237631,1,3,3,1,3,15:00,20,E09000008,5,0,6,30,3,4,6,0,0,0,1,1,1,0,0,1,1,E01001111,18-01-2018,1,1,1,2,23,5,3,0,0,0,0,-1,9,1
25303,76.66307102,8.883417047,1,3,1,4,6,14:24,20,E09000008,5,0,6,30,9,4,3,222,0,1,1,1,1,0,0,1,1,E01001045,21-01-2018,1,2,2,1,36,7,3,0,0,1,0,-1,9,1
25304,76.6541577,8.876422871,1,3,2,1,4,07:16,20,E09000008,3,236,6,30,0,-1,-1,0,0,0,1,1,1,0,0,1,1,E01004076,19-01-2018,1,1,1,1,25,5,3,0,0,0,0,-1,4,-1
25305,76.61811149,8.882598142,1,3,3,1,5,08:45,20,E09000008,5,0,6,30,0,-1,-1,0,0,0,1,1,1,0,0,1,3,E01001009,20-01-2018,2,1,1,1,31,6,3,0,0,0,0,-1,5,1
25306,76.68600958,8.885565158,1,3,2,1,5,15:48,20,E09000008,4,2030,6,30,3,4,6,0,0,0,1,1,1,0,0,1,1,E01001016,20-01-2018,1,1,3,1,13,3,3,5,2,0,0,-1,0,1
25307,76.68195954,8.891433391,1,3,2,1,1,12:35,20,E09000008,3,23,6,30,3,4,6,0,0,0,1,1,1,0,0,1,1,E01001182,23-01-2018,1,1,1,2,49,8,3,0,0,0,0,-1,9,1
25308,76.6334167,8.892020318,1,3,4,1,1,11:45,20,E09000008,3,215,6,30,3,4,3,212,0,1,1,1,1,0,0,1,1,E01001158,23-01-2018,2,1,1,2,44,7,2,0,0,0,0,-1,9,1
25309,76.61433399,8.873177314,1,3,1,1,1,20:54,20,E09000008,6,0,6,30,3,4,4,273,0,0,4,1,1,0,0,1,1,E01001151,23-01-2018,2,1,1,1,30,6,3,0,0,0,0,-1,3,1
25310,76.67562452,8.894939217,1,3,1,1,5,17:35,20,E09000008,3,222,6,30,3,4,6,0,0,4,4,1,1,0,0,1,1,E01001048,20-01-2018,1,1,3,2,27,6,3,5,9,0,0,-1,0,1
25311,76.68033342,8.892147793,1,3,1,1,4,11:12,20,E09000008,3,23,6,30,3,4,6,0,0,0,1,1,1,0,0,1,1,E01001023,26-01-2018,1,2,1,1,31,6,3,0,0,0,0,-1,5,1
25312,76.68639658,8.877650994,1,3,1,1,4,10:20,20,E09000008,5,0,6,30,0,-1,-1,0,0,5,1,1,1,0,0,1,1,E01001045,26-01-2018,2,1,1,1,27,6,3,0,0,0,0,-1,9,1
25313,76.65797271,8.894722917,1,2,1,1,5,18:20,20,E09000008,4,266,6,30,0,-1,-1,0,0,1,4,2,2,0,0,1,1,E01001155,27-01-2018,2,1,1,1,26,6,3,0,0,0,0,-1,1,2
25314,76.67796803,8.887669553,1,3,3,1,5,19:50,20,E09000008,3,212,3,30,6,2,5,0,0,5,4,2,2,0,0,1,1,E01001043,27-01-2018,1,1,3,1,56,9,3,1,1,0,0,-1,0,1
25315,76.63393064,8.874962088,1,2,1,1,1,10:25,20,E09000008,3,232,6,30,3,4,5,0,0,0,1,1,1,0,0,1,1,E01001168,16-01-2018,1,1,2,2,39,7,3,0,0,0,4,-1,11,1
25316,76.66935335,8.892619173,1,3,1,1,5,08:30,20,E09000008,6,0,6,40,6,4,6,0,0,0,1,1,2,0,0,2,1,E01001022,27-01-2018,2,1,1,1,34,6,3,0,0,0,0,-1,1,1
25317,76.61826083,8.868058324,1,3,2,1,5,14:55,20,E09000008,6,0,6,30,0,-1,-1,0,0,0,1,1,2,0,0,1,1,E01001144,27-01-2018,1,1,1,1,39,7,3,0,0,0,0,-1,1,1
25318,76.69929006,8.884313645,1,3,1,1,5,16:25,20,E09000008,3,213,6,30,3,4,6,0,0,0,4,1,1,0,0,1,1,E01001116,27-01-2018,1,1,1,1,51,8,3,0,0,0,0,-1,2,1
25319,76.62213438,8.883540185,1,3,2,1,6,13:45,20,E09000008,6,0,6,30,0,-1,-1,0,0,0,1,1,1,0,0,1,3,E01001025,28-01-2018,1,1,3,2,37,7,3,4,1,0,0,-1,0,1
25320,76.6832283,8.895580016,1,3,2,1,3,19:16,20,E09000008,4,2030,6,30,3,4,6,0,0,0,1,1,1,0,0,1,1,E01001016,25-01-2018,2,1,1,1,36,7,3,0,0,0,0,-1,5,1
25321,76.69151414,8.881788466,1,3,1,1,6,18:05,20,E09000008,4,269,6,30,0,-1,-1,0,0,0,7,2,2,0,0,1,1,E01001041,28-01-2018,1,1,2,2,39,7,3,0,0,0,3,-1,11,1
25322,76.62418004,8.879801548,1,3,1,1,7,13:03,20,E09000008,5,0,6,30,6,2,3,212,0,5,1,1,1,0,0,1,1,E01001045,29-01-2018,1,1,3,2,20,4,3,4,1,0,0,-1,0,-1
25323,76.64518562,8.870048762,1,2,2,1,7,00:01,20,E09000008,3,212,6,30,3,4,6,0,0,0,4,2,2,0,0,1,1,E01001116,29-01-2018,1,1,3,1,17,4,3,5,3,0,0,-1,0,1
25324,76.6549164,8.878529275,1,3,3,2,1,01:37,20,E09000008,3,23,6,30,0,-1,-1,0,0,0,4,1,2,0,0,1,1,E01001183,30-01-2018,2,1,1,1,8,2,3,0,0,0,0,-1,1,1
25325,76.64803013,8.869678704,1,3,1,1,2,15:30,20,E09000008,3,215,6,30,7,4,6,0,0,0,1,1,1,0,0,1,1,E01000992,31-01-2018,2,1,1,1,34,6,3,0,0,0,0,-1,1,1
25326,76.68950461,8.877897514,1,2,2,1,1,10:33,20,E09000008,5,0,6,30,0,-1,-1,0,0,0,1,1,1,6,0,1,1,E01001076,30-01-2018,1,1,2,1,17,4,3,0,0,0,4,-1,11,1
25327,76.68048012,8.867256608,1,3,2,1,6,17:10,20,E09000008,3,212,6,30,0,-1,-1,0,0,0,1,1,1,0,0,1,3,E01001035,07-01-2018,2,1,1,1,23,5,3,0,0,0,0,-1,4,1
25328,76.62367945,8.875770025,1,3,2,1,4,18:00,20,E09000008,3,236,6,30,0,-1,-1,0,0,0,4,1,2,0,0,1,1,E01004076,02-02-2018,1,1,1,1,39,7,3,0,0,0,0,-1,2,1
25329,76.62677935,8.876391018,1,3,1,1,3,07:10,20,E09000008,3,212,1,30,1,4,3,2022,0,0,4,2,2,0,0,2,2,E01001064,11-01-2018,1,1,2,2,4,1,3,0,0,2,0,-1,9,1
25330,76.6426967,8.888723748,1,3,2,2,3,13:30,20,E09000008,4,275,1,30,1,4,4,275,0,1,1,2,2,0,0,1,2,E01001166,11-01-2018,1,2,2,2,8,2,3,0,0,2,0,-1,9,1
25331,76.61528195,8.877924039,1,3,1,1,3,07:25,20,E09000008,3,213,6,30,0,-1,-1,0,0,0,1,1,1,0,0,1,2,E01001109,11-01-2018,1,1,3,1,50,8,3,4,1,0,0,-1,0,1
25332,76.61323447,8.895169948,1,3,2,1,6,23:00,20,E09000008,5,0,6,30,3,4,6,0,0,0,4,1,1,0,0,1,3,E01001087,14-01-2018,1,1,1,1,33,6,3,0,0,0,0,-1,20,1
25333,76.68143077,8.874672803,1,3,1,1,1,17:20,20,E09000008,6,0,6,30,0,-1,-1,0,0,0,4,1,1,0,0,1,3,E01001042,16-01-2018,2,1,1,1,51,8,2,0,0,0,0,-1,4,1
25334,76.67571972,8.887402981,1,3,2,1,5,15:40,20,E09000008,3,222,6,30,3,4,3,215,0,1,1,1,1,0,0,1,3,E01000987,20-01-2018,1,1,1,2,41,7,3,0,0,0,0,-1,9,1
25335,76.62077368,8.874817337,1,3,2,1,1,10:06,20,E09000008,3,23,6,30,3,4,5,0,0,0,1,1,1,0,0,1,1,E01001182,06-02-2018,1,1,1,1,35,6,3,0,0,0,0,-1,1,1
25336,76.68353755,8.881778255,1,3,1,2,3,18:23,20,E09000008,4,275,6,30,0,-1,-1,0,0,0,4,2,2,0,0,1,1,E01001039,01-02-2018,2,1,1,1,32,6,2,0,0,0,0,-1,5,1
25337,76.66984718,8.876568027,1,3,1,2,1,16:03,20,E09000008,3,212,6,30,6,2,5,0,0,5,1,1,1,0,0,1,1,E01001043,06-02-2018,1,1,1,2,58,9,3,0,0,0,0,-1,2,1
25338,76.67854041,8.877044696,1,3,2,1,6,20:05,20,E09000008,3,23,3,50,3,2,3,2022,0,5,7,1,1,0,0,1,3,E01001092,14-01-2018,1,1,1,1,23,5,3,0,0,0,0,-1,4,1
25339,76.61147732,8.889828731,1,3,1,1,1,16:59,20,E09000008,6,0,6,30,3,4,6,0,0,0,1,1,1,0,0,1,1,E01001145,06-02-2018,1,1,2,2,75,10,3,0,0,0,1,-1,11,1
25340,76.62388847,8.888396057,1,3,1,1,4,16:21,20,E09000008,3,214,6,30,3,4,6,0,0,0,1,1,1,0,0,1,1,E01001164,09-02-2018,1,1,3,2,68,10,3,5,1,0,0,-1,0,1
25341,76.6411014,8.880377939,1,3,1,1,6,16:22,20,E09000008,3,235,6,30,3,4,3,235,0,0,1,1,1,0,0,1,1,E01001043,11-02-2018,1,1,3,2,16,4,3,5,1,0,0,-1,0,1
25342,76.6745943,8.887321941,1,3,1,1,2,09:05,20,E09000008,6,0,6,30,3,4,4,2032,0,0,1,1,1,0,0,1,1,E01001026,07-02-2018,1,1,2,1,45,7,3,0,0,1,0,-1,9,1
25343,76.69157709,8.872282742,1,3,2,1,6,11:15,20,E09000008,3,2022,6,30,0,-1,-1,0,0,0,1,1,1,0,0,2,3,E01001064,21-01-2018,1,1,3,1,32,6,3,10,9,0,0,-1,0,1
25344,76.65759455,8.866682483,1,3,2,1,5,00:36,20,E09000008,3,235,6,30,0,-1,-1,0,0,0,4,1,1,0,0,1,3,E01001041,27-01-2018,1,1,3,1,66,10,3,1,3,0,0,-1,0,1
25345,76.6642415,8.864696238,1,3,2,1,7,07:30,20,E09000008,5,0,6,30,0,-1,-1,0,0,0,4,1,1,0,7,2,3,E01001065,29-01-2018,1,1,1,1,24,5,3,0,0,0,0,-1,5,1
25346,76.68198542,8.876223534,1,3,1,1,3,10:54,20,E09000008,5,0,6,30,0,-1,-1,0,0,8,1,1,1,0,0,1,1,E01001045,01-02-2018,3,1,2,1,45,7,3,0,0,1,0,-1,9,1
25347,76.69746127,8.874679005,1,3,2,1,3,17:15,20,E09000008,3,235,6,30,3,4,6,0,0,0,4,2,2,0,0,1,1,E01001173,01-02-2018,2,1,1,2,28,6,3,0,0,0,0,-1,3,1
25348,76.62995729,8.867337173,1,3,2,1,3,09:40,20,E09000008,3,235,6,30,0,-1,-1,0,0,0,1,1,1,0,0,1,1,E01001178,01-02-2018,1,1,1,1,37,7,3,0,0,0,0,-1,5,1
25349,76.679494,8.894326714,1,3,2,1,5,11:25,20,E09000008,3,23,6,30,3,4,6,0,0,4,1,1,1,0,0,1,1,E01001089,03-02-2018,1,1,2,2,51,8,3,0,0,0,3,-1,11,1
25350,76.60943642,8.88353025,1,2,1,1,7,18:49,20,E09000008,4,243,6,30,0,-1,-1,0,0,0,4,9,1,0,0,1,1,E01001035,05-02-2018,1,1,1,1,40,7,2,0,0,0,0,-1,1,1
25351,76.60986618,8.889095644,1,3,2,1,7,10:40,20,E09000008,6,0,6,30,6,4,6,0,0,0,1,1,1,0,0,1,1,E01001042,05-02-2018,2,1,1,1,28,6,3,0,0,0,0,-1,5,3
25352,76.66075807,8.871316009,1,3,3,1,1,12:52,20,E09000008,3,212,6,30,2,4,4,243,0,0,1,1,1,0,0,1,1,E01001035,06-02-2018,2,1,1,1,17,4,3,0,0,0,0,-1,1,1
25353,76.66798513,8.870218803,1,3,1,1,2,08:15,20,E09000008,6,0,6,30,3,4,6,0,0,0,1,8,4,0,0,1,1,E01001136,07-02-2018,2,1,1,1,29,6,3,0,0,0,0,-1,9,-1
25354,76.62220369,8.872372522,1,3,2,1,2,08:45,20,E09000008,3,222,6,30,3,4,6,0,0,0,1,1,1,0,0,1,1,E01000977,07-02-2018,1,1,1,1,34,6,3,0,0,0,0,-1,2,1
25355,76.6784547,8.874171347,1,3,1,1,2,14:00,20,E09000008,3,237,6,30,3,2,3,23,0,5,1,1,1,0,0,1,1,E01001023,07-02-2018,1,1,1,1,28,6,3,0,0,0,0,-1,2,1
25356,76.68566158,8.870996125,1,3,1,1,3,15:25,20,E09000008,5,0,6,30,0,-1,-1,0,0,1,1,1,1,0,0,1,1,E01001062,08-02-2018,1,2,3,2,34,6,3,4,3,0,0,-1,0,1
25357,76.62534413,8.874778495,1,3,2,4,7,01:10,20,E09000008,3,235,6,30,1,4,6,0,0,1,4,1,1,0,0,1,1,E01001040,05-02-2018,1,1,2,1,-1,-1,3,0,0,1,0,-1,9,1
25358,76.67328177,8.877499555,1,3,1,1,4,15:34,20,E09000008,6,0,6,30,3,4,6,0,0,0,1,1,1,0,0,1,1,E01001148,09-02-2018,2,1,1,2,25,5,3,0,0,0,0,-1,1,2
25359,76.66936294,8.880903582,1,3,1,1,5,19:05,20,E09000008,3,236,6,30,3,4,6,0,0,0,1,2,2,0,0,1,1,E01001007,10-02-2018,1,1,1,2,24,5,3,0,0,0,0,-1,5,-1
25360,76.67713644,8.86450929,1,3,2,1,6,03:30,20,E09000008,3,215,6,30,0,-1,-1,0,0,0,4,2,2,0,0,1,1,E01001139,11-02-2018,2,1,1,1,17,4,3,0,0,0,0,-1,2,1
25361,76.64528152,8.875093633,1,3,2,1,6,06:09,20,E09000008,3,23,6,30,0,-1,-1,0,0,0,4,2,2,0,0,1,1,E01001023,11-02-2018,1,1,2,2,29,6,3,0,0,0,4,-1,11,1
25362,76.6165602,8.885464616,1,3,2,2,6,00:01,20,E09000008,5,0,6,30,3,4,5,0,0,8,4,2,2,0,0,1,1,E01001079,11-02-2018,2,1,1,2,34,6,3,0,0,0,0,-1,9,-1
25363,76.68142601,8.877262083,1,3,2,1,6,14:00,20,E09000008,3,23,6,30,8,4,6,0,0,0,1,1,2,0,0,1,1,E01001167,18-02-2018,1,1,2,2,57,9,3,0,0,0,1,-1,11,1
25364,76.667401,8.874888303,1,3,1,2,6,16:00,20,E09000008,5,0,6,30,0,-1,-1,0,0,0,1,1,1,0,0,1,1,E01001076,04-02-2018,1,1,1,1,41,7,3,0,0,0,0,-1,3,1
25365,76.66628463,8.868212471,1,3,2,2,7,22:17,20,E09000008,3,235,6,30,6,2,4,271,0,0,4,1,2,0,0,1,3,E01001043,29-01-2018,1,1,1,1,29,6,3,0,0,0,0,-1,9,1
25366,76.65172416,8.894397197,1,3,2,1,2,14:54,20,E09000008,4,272,6,30,0,-1,-1,0,0,0,1,1,1,0,0,1,1,E01001092,14-02-2018,1,1,1,1,28,6,3,0,0,0,0,-1,5,1
25367,76.62340472,8.888613139,1,3,2,2,7,18:33,20,E09000008,3,212,1,30,1,4,4,243,0,0,4,1,2,0,0,1,1,E01001035,12-02-2018,1,1,1,1,21,5,3,0,0,0,0,-1,1,1
25368,76.69414586,8.87626829,1,3,2,1,5,17:44,20,E09000008,3,23,3,30,3,2,6,0,0,0,4,1,1,0,0,1,1,E01001010,13-01-2018,1,1,1,2,41,7,3,0,0,0,0,-1,9,1
25369,76.6303977,8.891604164,1,3,2,1,1,20:15,20,E09000008,3,215,6,30,1,4,3,232,0,0,4,1,1,0,0,1,1,E01001062,23-01-2018,2,1,1,2,27,6,3,0,0,0,0,-1,1,-1
25370,76.64936335,8.89402002,1,3,1,1,2,21:20,20,E09000008,5,0,6,30,3,4,6,0,0,0,4,1,1,0,0,1,1,E01001158,14-02-2018,1,1,1,2,23,5,3,0,0,0,0,-1,9,1
25371,76.62365295,8.87812065,1,3,2,1,3,09:45,20,E09000008,3,235,6,30,3,4,6,0,0,1,1,1,1,0,0,1,1,E01001173,15-02-2018,2,1,1,1,43,7,2,0,0,0,0,-1,4,1
25372,76.6670954,8.88161563,1,3,1,1,4,16:45,20,E09000008,3,222,6,30,3,4,6,0,0,0,1,1,1,0,0,1,1,E01000988,02-02-2018,1,1,1,1,36,7,3,0,0,0,0,-1,1,1
25373,76.67731317,8.875916379,1,3,1,1,3,14:53,20,E09000008,3,23,6,30,3,4,5,0,0,0,1,1,1,0,0,1,1,E01001089,08-02-2018,1,1,3,1,21,5,3,1,1,0,0,-1,0,1
25374,76.6303281,8.871119259,1,3,2,2,5,14:40,20,E09000008,3,235,6,30,6,2,3,235,0,0,1,2,2,0,0,1,1,E01001093,10-02-2018,1,2,1,1,22,5,3,0,0,0,0,-1,3,1
25375,76.68001941,8.876967487,1,3,2,1,5,08:30,20,E09000008,3,22,6,30,3,4,6,0,0,0,1,2,2,0,0,1,1,E01001075,10-02-2018,1,1,1,1,51,8,3,0,0,0,0,-1,2,1
25376,76.61054471,8.867239354,1,3,2,1,4,08:10,20,E09000008,6,0,6,30,0,-1,-1,0,0,0,4,1,1,0,0,1,3,E01001093,09-02-2018,2,1,1,2,28,6,3,0,0,0,0,-1,9,1
25377,76.64068676,8.87540728,1,3,2,1,4,21:05,20,E09000008,5,0,6,30,0,-1,-1,0,0,0,4,1,1,0,0,1,2,E01001063,09-02-2018,1,3,1,1,23,5,3,0,0,0,0,-1,9,1
25378,76.66783056,8.88995876,1,3,2,2,6,13:15,20,E09000008,4,266,6,30,3,4,5,0,0,1,1,1,1,0,0,1,1,E01001000,11-02-2018,2,1,1,1,18,4,3,0,0,0,0,-1,9,1
25379,76.66748514,8.880197805,1,3,3,1,1,19:45,20,E09000008,4,269,6,30,3,4,6,0,0,0,4,1,1,0,0,1,1,E01001106,13-02-2018,2,2,2,2,20,4,3,0,0,0,0,-1,9,1
25380,76.63269515,8.883545406,1,3,1,1,3,22:30,20,E09000008,3,232,3,40,0,-1,-1,0,0,0,4,1,1,0,0,1,1,E01001168,15-02-2018,1,1,1,1,29,6,3,0,0,0,0,-1,9,1
25381,76.6149361,8.873100742,1,3,2,1,5,09:11,20,E09000008,5,0,6,30,0,-1,-1,0,0,0,1,1,1,0,0,1,1,E01001109,10-02-2018,2,1,1,1,25,5,3,0,0,0,0,-1,1,1
25382,76.6466589,8.895616742,1,3,1,1,6,18:30,20,E09000008,4,269,6,30,0,-1,-1,0,0,0,1,1,1,0,0,1,3,E01001108,11-02-2018,1,1,3,1,24,5,3,5,3,0,0,-1,0,1
25383,76.6258594,8.895341042,1,3,3,1,5,17:22,20,E09000008,3,22,6,30,3,4,6,0,0,0,4,2,2,0,0,1,1,E01001097,17-02-2018,2,1,1,1,-1,-1,2,0,0,0,0,-1,3,-1
25384,76.63999993,8.88511742,1,3,2,1,5,18:35,20,E09000008,5,0,6,30,0,-1,-1,0,0,0,4,2,2,0,0,1,1,E01001122,17-02-2018,1,1,3,1,74,10,3,4,3,0,0,-1,0,1
25385,76.6387191,8.890301367,1,3,1,1,6,16:41,20,E09000008,5,0,6,30,0,-1,-1,0,0,0,1,2,2,0,0,1,1,E01001056,18-02-2018,2,1,1,1,40,7,3,0,0,0,0,-1,8,1
25386,76.6829084,8.890668143,1,3,2,1,3,17:04,20,E09000008,3,23,6,30,3,4,6,0,0,0,1,1,1,0,0,1,1,E01001087,15-02-2018,1,1,1,1,46,8,3,0,0,0,0,-1,1,1
25387,76.63306794,8.866070899,1,2,2,1,5,14:50,20,E09000008,6,0,6,30,0,-1,-1,0,0,0,1,1,1,0,0,1,1,E01001165,17-02-2018,1,1,2,2,28,6,3,0,0,0,3,-1,11,-1
25388,76.61025334,8.892970573,1,3,2,1,1,17:15,20,E09000008,3,2220,2,30,0,-1,-1,0,0,0,1,1,1,0,0,1,1,E01001048,20-02-2018,1,1,1,1,37,7,3,0,0,0,0,-1,2,1
25389,76.61401313,8.896438559,1,3,3,1,2,15:18,20,E09000008,3,213,6,30,3,4,6,0,0,0,1,1,1,0,0,1,1,E01001143,21-02-2018,2,1,2,1,10,2,3,0,0,0,0,-1,5,-1
25390,76.62723768,8.865816846,1,3,1,1,4,20:25,20,E09000008,3,23,6,30,0,-1,-1,0,0,0,4,3,2,0,0,1,1,E01001089,23-02-2018,1,1,2,2,7,2,3,0,0,2,0,-1,9,1
25391,76.62215093,8.88927677,1,3,2,1,4,22:53,20,E09000008,3,2022,6,30,3,4,6,0,0,0,4,3,2,0,0,1,1,E01001061,23-02-2018,1,2,1,2,32,6,3,0,0,0,0,-1,9,1
25392,76.64422133,8.882340249,1,3,2,1,5,17:45,20,E09000008,4,2030,6,30,0,-1,-1,0,0,0,4,1,2,0,0,1,1,E01001021,24-02-2018,1,1,1,1,29,6,3,0,0,0,0,-1,9,1