Accident_Index,longitude,latitude,Police_Force,Accident_Severity,Number_of_Vehicles,Number_of_Casualties,Day_of_Week,Time,Local_Authority_(District),Local_Authority_(Highway),1st_Road_Class,1st_Road_Number,Road_Type,Speed_limit,Junction_Detail,Junction_Control,2nd_Road_Class,2nd_Road_Number,Pedestrian_Crossing-Human_Control,Pedestrian_Crossing-Physical_Facilities,Light_Conditions,Weather_Conditions,Road_Surface_Conditions,Special_Conditions_at_Site,Carriageway_Hazards,Urban_or_Rural_Area,Did_Police_Officer_Attend_Scene_of_Accident,LSOA_of_Accident_Location,Date,Vehicle_Reference,Casualty_Reference,Casualty_Class,Sex_of_Casualty,Age_of_Casualty,Age_Band_of_Casualty,Casualty_Severity,Pedestrian_Location,Pedestrian_Movement,Car_Passenger,Bus_or_Coach_Passenger,Pedestrian_Road_Maintenance_Worker,Casualty_Type,Casualty_Home_Area_Type
25514,76.60907527,8.876246257,1,3,1,1,4,09:05,20,E09000008,5,0,6,30,3,4,6,0,0,0,1,2,2,0,0,1,1,E01000991,13-04-2018,1,1,1,1,34,6,3,0,0,0,0,-1,4,-1
25515,76.68117397,8.864483084,1,3,2,1,4,15:40,20,E09000008,5,0,6,30,0,-1,-1,0,0,0,1,1,1,0,0,1,1,E01001121,13-04-2018,1,1,2,2,31,6,3,0,0,0,4,-1,11,1
25516,76.68151807,8.867102429,1,3,1,1,5,12:00,20,E09000008,5,0,6,30,0,-1,-1,0,0,0,1,1,1,0,0,1,1,E01001048,14-04-2018,1,1,1,2,32,6,2,0,0,0,0,-1,2,1
25517,76.67563811,8.895458462,1,3,1,1,2,12:05,20,E09000008,3,23,6,30,0,-1,-1,0,0,5,1,1,1,0,0,1,1,E01001097,14-03-2018,1,1,1,2,34,6,3,0,0,0,0,-1,9,1
25518,76.64640853,8.881916391,1,3,1,1,6,20:18,20,E09000008,6,0,6,30,0,-1,-1,0,0,0,4,2,2,0,0,1,1,E01000985,15-04-2018,2,1,1,1,26,6,2,0,0,0,0,-1,9,1
25519,76.68144521,8.867860964,1,3,2,1,6,08:50,20,E09000008,3,215,6,30,3,4,6,0,0,0,1,1,1,0,0,1,1,E01001163,15-04-2018,2,1,1,1,27,6,3,0,0,0,0,-1,1,1
25520,76.65505265,8.889373824,1,3,2,1,5,15:10,20,E09000008,6,0,6,30,3,4,6,0,0,0,1,1,1,0,0,1,1,E01001011,14-04-2018,1,1,3,1,4,1,3,5,3,0,0,-1,0,1
25521,76.62118344,8.890481019,1,3,2,1,1,14:00,20,E09000008,3,23,6,30,0,-1,-1,0,0,0,1,1,1,0,0,1,1,E01001085,17-04-2018,2,1,1,1,29,6,3,0,0,0,0,-1,1,1
25522,76.62323508,8.891837065,1,3,2,2,4,22:15,20,E09000008,4,275,6,30,7,2,4,271,0,5,4,1,2,0,0,1,1,E01001167,13-04-2018,3,1,1,2,78,11,2,0,0,0,0,-1,9,1
25523,76.65589482,8.868412872,1,3,1,1,5,17:50,20,E09000008,3,215,6,30,0,-1,-1,0,0,0,1,1,1,0,0,1,1,E01001137,14-04-2018,1,1,1,1,36,7,3,0,0,0,0,-1,9,1
25524,76.66447436,8.877264494,1,3,2,1,1,11:45,20,E09000008,3,236,6,30,0,-1,-1,0,0,4,1,1,1,0,0,1,1,E01001166,17-04-2018,2,1,1,1,35,6,3,0,0,0,0,-1,5,1
25525,76.61926966,8.877597356,1,3,2,1,3,14:40,20,E09000008,5,0,6,30,3,4,5,0,0,0,1,1,1,0,0,1,1,E01001064,19-04-2018,1,1,2,2,43,7,3,0,0,0,4,-1,11,1
25526,76.67213943,8.871334082,1,3,1,1,3,18:12,20,E09000008,5,0,6,30,3,4,6,0,0,0,1,1,1,0,0,1,1,E01001038,12-04-2018,2,1,2,1,43,7,3,0,0,1,0,-1,9,1
25527,76.66078042,8.888538197,1,3,2,1,7,09:45,20,E09000008,6,0,6,30,3,4,6,0,0,0,1,1,1,0,0,1,2,E01001039,23-04-2018,1,1,1,1,35,6,3,0,0,0,0,-1,1,1
25528,76.67149759,8.877727267,1,2,1,1,6,20:10,20,E09000008,4,266,6,30,3,4,6,0,0,1,4,1,1,0,0,1,1,E01000997,22-04-2018,1,1,1,2,29,6,3,0,0,0,0,-1,9,1
25529,76.66936451,8.877601603,1,3,2,1,3,07:00,20,E09000008,6,0,6,30,3,4,6,0,0,0,1,1,1,0,0,1,1,E01001045,12-04-2018,1,1,3,1,33,6,3,5,3,0,0,-1,0,1
25530,76.68573078,8.881642694,1,3,2,1,4,16:45,20,E09000008,6,0,6,30,0,-1,-1,0,0,0,1,1,1,0,0,1,2,E01001029,13-04-2018,1,1,1,1,28,6,2,0,0,0,0,-1,1,1
25531,76.64236221,8.869673256,1,3,2,1,4,09:40,20,E09000008,3,212,6,30,0,-1,-1,0,0,0,1,2,2,0,0,1,2,E01001043,13-04-2018,1,1,1,1,47,8,3,0,0,0,0,-1,5,1
25532,76.69230283,8.873019895,1,3,1,1,5,15:30,20,E09000008,6,0,6,30,3,4,6,0,0,0,1,1,1,0,0,1,2,E01001046,14-04-2018,1,1,1,1,30,6,3,0,0,0,0,-1,3,-1
25533,76.62161544,8.893323169,1,3,1,1,7,02:51,20,E09000008,3,215,6,30,0,-1,-1,0,0,0,4,1,1,0,0,1,1,E01000985,16-04-2018,3,1,2,2,25,5,3,0,0,1,0,-1,9,-1
25534,76.61884765,8.877544296,1,3,1,1,5,09:07,20,E09000008,6,0,6,30,0,-1,-1,0,0,0,1,1,1,0,0,1,1,E01001079,21-04-2018,1,1,1,1,20,4,3,0,0,0,0,-1,3,1
25535,76.67020022,8.873932916,1,3,1,1,5,15:02,20,E09000008,3,222,6,30,0,-1,-1,0,0,0,1,1,1,0,0,1,1,E01000990,21-04-2018,1,1,1,1,46,8,3,0,0,0,0,-1,9,-1
25536,76.69321653,8.877333318,1,3,1,1,5,14:55,20,E09000008,4,269,6,30,3,4,6,0,0,0,1,1,1,0,0,1,1,E01001107,21-04-2018,1,1,3,2,12,3,3,4,3,0,0,-1,0,1
25537,76.67107184,8.869495821,1,3,2,1,5,18:30,20,E09000008,3,215,6,30,6,4,6,0,0,0,1,1,1,0,0,1,1,E01001150,21-04-2018,2,1,1,1,41,7,3,0,0,0,0,-1,9,1
25538,76.61638229,8.875585649,1,2,1,1,3,10:08,20,E09000008,6,0,6,30,3,4,6,0,0,0,1,1,1,0,0,1,1,E01001126,19-04-2018,2,1,1,1,23,5,2,0,0,0,0,-1,3,1
25539,76.65746151,8.873963712,1,3,1,1,6,11:40,20,E09000008,3,232,6,30,6,2,5,0,0,5,1,1,1,0,0,1,1,E01001133,22-04-2018,1,1,3,2,42,7,2,5,2,0,0,-1,0,-1
25540,76.65366744,8.881129668,1,3,2,1,3,07:30,20,E09000008,3,215,6,30,3,4,6,0,0,0,1,2,2,0,0,1,1,E01001142,19-04-2018,1,1,1,1,46,8,3,0,0,0,0,-1,4,1
25541,76.62840629,8.866994999,1,3,2,2,6,17:25,20,E09000008,4,274,6,30,3,4,5,0,0,0,1,1,1,0,0,1,1,E01001047,22-04-2018,2,1,1,1,-1,-1,3,0,0,0,0,-1,1,-1
25542,76.64425836,8.880626975,1,2,1,2,6,13:05,20,E09000008,3,212,3,40,1,4,3,2022,0,0,1,1,1,0,0,2,1,E01001064,22-04-2018,1,1,1,1,26,6,3,0,0,0,0,-1,5,1
25543,76.61721351,8.878609418,1,3,1,1,4,14:07,20,E09000008,3,23,6,30,3,4,6,0,0,0,1,1,1,0,0,1,1,E01001172,23-03-2018,2,2,1,1,35,6,3,0,0,0,0,-1,5,1
25544,76.67312215,8.882322676,1,3,2,1,2,15:01,20,E09000008,3,23,6,30,0,-1,-1,0,0,0,1,1,1,0,0,1,1,E01001029,18-04-2018,1,1,1,1,59,9,3,0,0,0,0,-1,4,1
25545,76.63147363,8.878485447,1,3,2,1,3,18:33,20,E09000008,6,0,6,30,0,-1,-1,0,0,0,1,1,1,0,0,1,1,E01001192,19-04-2018,1,1,1,1,24,5,3,0,0,0,0,-1,9,1
25546,76.63010556,8.895375345,1,3,3,2,1,15:12,20,E09000008,3,222,6,30,3,2,3,222,0,5,1,1,1,0,0,1,1,E01000976,24-04-2018,1,2,2,2,-1,-1,3,0,0,2,0,-1,9,3
25547,76.66679792,8.875431284,1,3,2,2,7,19:12,20,E09000008,3,215,6,30,3,4,6,0,0,1,1,1,1,0,0,1,1,E01001186,16-04-2018,1,1,1,1,48,8,3,0,0,0,0,-1,1,1
25548,76.62198881,8.883096404,1,3,2,5,7,10:00,20,E09000008,3,215,6,30,3,2,3,212,0,5,1,2,2,0,0,1,1,E01001137,23-04-2018,1,1,3,2,30,6,3,5,1,0,0,-1,0,-1
25549,76.66853602,8.890050513,1,3,3,1,3,11:35,20,E09000008,5,0,1,30,1,4,3,236,0,0,1,1,1,0,0,1,1,E01001008,19-04-2018,1,1,2,2,62,9,3,0,0,1,0,-1,9,1
25550,76.66704458,8.883857826,1,3,1,1,2,07:15,20,E09000008,6,0,6,30,3,4,5,0,0,1,1,2,2,0,0,1,1,E01001045,25-04-2018,2,2,1,1,41,7,3,0,0,0,0,-1,9,1
25551,76.67759553,8.888730185,1,3,2,1,2,08:35,20,E09000008,3,236,6,30,3,4,5,0,0,4,1,2,2,0,0,1,1,E01001166,25-04-2018,2,1,1,1,-1,-1,3,0,0,0,0,-1,1,1
25552,76.63252367,8.868519972,1,2,1,1,3,15:35,20,E09000008,3,235,6,30,6,2,5,0,0,5,1,1,1,0,0,1,1,E01001013,26-04-2018,1,1,1,2,31,6,3,0,0,0,0,-1,9,1
25553,76.68495188,8.884630885,1,3,2,1,3,19:12,20,E09000008,6,0,6,30,0,-1,-1,0,0,0,1,1,1,0,0,1,1,E01001067,26-04-2018,1,1,1,1,64,9,2,0,0,0,0,-1,1,1
25554,76.63940243,8.874736715,1,3,1,1,3,16:30,20,E09000008,3,212,6,30,3,4,6,0,0,0,1,1,1,0,0,1,2,E01001154,19-04-2018,2,1,1,1,24,5,3,0,0,0,0,-1,5,1
25555,76.66887191,8.871704621,1,3,2,1,4,15:45,20,E09000008,3,222,6,30,3,4,6,0,0,0,1,1,1,0,0,1,2,E01001012,20-04-2018,1,1,1,2,42,7,3,0,0,0,0,-1,9,1
25556,76.69034634,8.867334911,1,3,2,1,1,03:30,20,E09000008,5,0,6,30,6,2,5,0,0,5,4,1,1,0,0,1,2,E01001042,24-04-2018,1,1,1,1,56,9,2,0,0,0,0,-1,9,1
25557,76.66095852,8.891786766,1,3,1,1,4,10:05,20,E09000008,6,0,6,30,0,-1,-1,0,0,0,1,1,1,0,0,1,2,E01001025,20-04-2018,1,2,2,2,37,7,3,0,0,1,0,-1,9,1
25558,76.67015761,8.882989005,1,3,2,1,7,11:10,20,E09000008,6,0,6,30,0,-1,-1,0,0,0,1,1,1,0,0,1,1,E01001074,16-04-2018,1,1,2,2,-1,-1,3,0,0,0,1,-1,11,-1
25559,76.63709965,8.873941731,1,3,2,1,2,11:00,20,E09000008,3,23,6,30,3,2,3,232,0,5,1,1,1,0,0,1,2,E01001167,02-05-2018,3,1,2,2,37,7,3,0,0,1,0,-1,9,1
25560,76.61760205,8.883899578,1,3,2,1,2,16:45,20,E09000008,5,0,6,30,3,4,3,235,0,0,1,1,1,0,0,1,2,E01001181,18-04-2018,1,1,2,1,76,11,3,0,0,0,2,-1,11,1
25561,76.67444766,8.895780739,1,3,2,1,6,18:00,20,E09000008,3,23,6,30,3,4,6,0,0,0,1,1,1,0,0,1,2,E01001183,29-04-2018,1,1,3,1,45,7,3,1,3,0,0,-1,0,1
25562,76.63650682,8.870565951,1,3,2,1,1,17:10,20,E09000008,3,23,6,30,8,4,6,0,0,0,1,1,1,0,0,1,2,E01001172,24-04-2018,2,1,1,1,28,6,2,0,0,0,0,-1,1,1
25563,76.66398478,8.881011078,1,3,2,2,2,08:20,20,E09000008,5,0,6,30,0,-1,-1,0,0,0,1,1,1,0,0,1,2,E01001053,11-04-2018,1,1,1,1,23,5,2,0,0,0,0,-1,5,1
25564,76.62592692,8.874444551,1,3,2,1,5,12:30,20,E09000008,3,236,6,30,8,4,6,0,0,0,1,1,1,0,0,1,2,E01001008,21-04-2018,2,1,1,1,36,7,3,0,0,0,0,-1,1,1
25565,76.62426728,8.872488966,1,3,2,1,6,09:00,20,E09000008,3,212,6,30,6,2,4,274,0,5,1,1,1,0,0,1,2,E01001047,22-04-2018,1,1,3,2,25,5,3,5,3,0,0,-1,0,1
25566,76.62032536,8.865328254,1,2,2,1,2,08:30,20,E09000008,3,235,6,30,8,4,6,0,0,0,1,2,2,0,0,1,2,E01001043,25-04-2018,1,1,3,2,39,7,3,5,9,0,0,-1,0,1
25567,76.64635031,8.887499753,1,3,2,1,4,09:30,20,E09000008,5,0,6,30,6,4,6,0,0,0,1,1,1,0,0,1,1,E01001111,20-04-2018,1,1,1,1,28,6,3,0,0,0,0,-1,9,1
25568,76.69359375,8.877123641,1,3,2,1,3,16:55,20,E09000008,3,235,6,30,3,4,6,0,0,0,1,1,1,0,0,1,1,E01001011,26-04-2018,1,2,2,1,26,6,3,0,0,1,0,-1,9,1
25569,76.63682641,8.889595614,1,2,1,1,3,11:12,20,E09000008,3,235,6,30,6,4,6,0,0,1,1,2,2,0,0,1,1,E01001033,26-04-2018,1,1,1,1,51,8,3,0,0,0,0,-1,2,1
25570,76.68833879,8.891953546,1,3,1,1,4,17:20,20,E09000008,6,0,6,30,0,-1,-1,0,0,0,1,1,1,0,0,1,1,E01001043,27-04-2018,1,1,1,1,51,8,3,0,0,0,0,-1,9,1
25571,76.64048503,8.88976217,1,3,2,1,4,08:50,20,E09000008,4,269,6,30,3,4,6,0,0,0,1,1,1,0,0,1,1,E01001107,27-04-2018,1,1,1,1,43,7,3,0,0,0,0,-1,9,1
25572,76.6953292,8.8733962,1,3,1,1,7,16:05,20,E09000008,3,235,6,30,0,-1,-1,0,0,1,1,1,1,0,0,1,1,E01001011,30-04-2018,1,1,1,1,50,8,3,0,0,0,0,-1,9,1
25573,76.68794458,8.867682986,1,3,2,1,6,20:16,20,E09000008,6,0,6,30,8,4,6,0,0,0,4,1,1,0,0,1,1,E01001144,29-04-2018,2,1,1,1,10,2,3,0,0,0,0,-1,1,1
25574,76.68949997,8.868637205,1,3,2,1,6,18:39,20,E09000008,6,0,6,30,0,-1,-1,0,0,0,1,1,1,0,0,1,1,E01001174,29-04-2018,1,1,2,2,33,6,2,0,0,1,0,-1,9,1
25575,76.69026334,8.867522209,1,3,2,1,7,01:26,20,E09000008,3,232,6,30,8,4,6,0,0,0,4,1,1,0,0,1,1,E01001045,07-05-2018,1,1,3,1,5,1,3,4,3,0,0,-1,0,1
25576,76.66838998,8.869046711,1,3,2,1,3,17:50,20,E09000008,4,2030,6,30,0,-1,-1,0,0,0,1,1,1,0,0,1,2,E01001020,03-05-2018,1,1,1,1,42,7,3,0,0,0,0,-1,3,1
25577,76.65034888,8.875846202,1,2,1,1,2,23:34,20,E09000008,5,0,6,30,0,-1,-1,0,0,0,4,1,1,0,0,1,1,E01001121,02-05-2018,1,1,1,2,-1,-1,3,0,0,0,0,-1,9,1
25578,76.66951739,8.89619109,1,3,3,3,2,10:03,20,E09000008,3,2022,6,30,3,4,6,0,0,0,1,2,2,0,0,1,1,E01001120,02-05-2018,1,1,1,2,34,6,3,0,0,0,0,-1,9,1
25579,76.62109495,8.880855804,1,3,2,1,3,06:50,20,E09000008,6,0,6,30,0,-1,-1,0,0,0,1,1,2,0,0,1,1,E01000984,03-05-2018,2,1,1,1,35,6,3,0,0,0,0,-1,1,1
25580,76.63766359,8.886478437,1,3,2,1,5,16:48,20,E09000008,3,23,6,30,0,-1,-1,0,0,0,1,1,1,0,0,1,1,E01001023,05-05-2018,3,1,3,1,18,4,3,9,6,0,0,-1,0,1
25581,76.67458505,8.86998688,1,3,1,1,5,22:45,20,E09000008,3,235,6,30,0,-1,-1,0,0,0,4,1,1,0,0,1,1,E01001095,05-05-2018,1,1,1,2,42,7,3,0,0,0,0,-1,9,1
25582,76.6411174,8.894093949,1,3,2,1,6,14:16,20,E09000008,3,212,6,30,3,4,6,0,0,0,1,1,1,0,0,1,1,E01001044,22-04-2018,1,2,2,2,33,6,3,0,0,1,0,-1,9,1
25583,76.68441725,8.884167949,1,3,2,1,6,19:15,20,E09000008,3,235,6,30,3,4,6,0,0,0,1,1,1,0,0,1,2,E01001011,29-04-2018,2,1,1,1,20,4,3,0,0,0,0,-1,3,1
25584,76.64885263,8.879433902,1,3,1,1,7,15:55,20,E09000008,3,232,6,30,6,2,5,0,0,5,1,1,1,0,0,1,1,E01001063,07-05-2018,1,1,1,1,37,7,3,0,0,0,0,-1,4,1
25585,76.65520927,8.892229995,1,3,1,1,6,17:25,20,E09000008,3,212,6,30,7,2,3,213,0,5,1,1,1,0,0,1,1,E01001118,06-05-2018,2,1,1,2,25,5,3,0,0,0,0,-1,3,-1
25586,76.67066562,8.870802088,1,3,1,1,7,12:26,20,E09000008,3,23,6,30,3,4,6,0,0,4,1,1,1,0,0,1,1,E01001006,07-05-2018,2,1,1,2,43,7,3,0,0,0,0,-1,1,1
25587,76.62765779,8.871444937,1,2,2,2,7,00:44,20,E09000008,5,0,1,30,1,4,5,0,0,0,4,1,1,0,0,2,1,E01001078,07-05-2018,1,1,1,2,38,7,2,0,0,0,0,-1,9,1
25588,76.62812918,8.893387493,1,3,2,1,1,17:13,20,E09000008,6,0,7,30,5,4,3,212,0,0,1,2,2,0,0,1,1,E01001048,08-05-2018,1,1,1,1,42,7,3,0,0,0,0,-1,5,1
25589,76.62148198,8.872871416,1,3,2,1,1,10:23,20,E09000008,6,0,6,30,3,4,6,0,0,0,1,1,1,0,0,1,1,E01000991,08-05-2018,2,1,1,1,41,7,3,0,0,0,0,-1,3,1
25590,76.63196225,8.88312633,1,3,2,1,1,20:10,20,E09000008,3,232,1,30,1,4,3,232,0,0,4,1,1,0,0,1,1,E01001062,08-05-2018,1,1,1,2,18,4,3,0,0,0,0,-1,9,1
25591,76.61757641,8.873623088,1,3,1,1,2,15:30,20,E09000008,3,212,6,30,0,-1,-1,0,0,0,1,1,1,0,0,1,1,E01001048,09-05-2018,1,1,1,1,37,7,3,0,0,0,0,-1,2,1
25592,76.62328904,8.874473575,1,3,2,1,2,08:40,20,E09000008,3,23,6,30,8,4,6,0,0,0,1,1,1,0,0,1,1,E01001023,09-05-2018,2,1,1,1,39,7,3,0,0,0,0,-1,3,1
25593,76.66260609,8.893134266,1,3,2,1,3,16:36,20,E09000008,4,243,6,30,3,4,6,0,0,0,1,1,2,0,0,1,1,E01000981,10-05-2018,1,1,3,2,75,10,3,9,9,0,0,-1,0,1
25594,76.60955397,8.894106809,1,3,2,1,2,17:35,20,E09000008,3,23,6,30,3,4,6,0,0,0,1,1,1,0,0,1,1,E01001027,09-05-2018,1,1,1,2,27,6,3,0,0,0,0,-1,3,1
25595,76.67551104,8.893288726,1,3,2,2,4,18:54,20,E09000008,3,23,6,30,3,2,6,0,0,5,1,1,1,0,0,1,1,E01001010,11-05-2018,1,1,1,1,29,6,3,0,0,0,0,-1,5,1
25596,76.66736218,8.890618732,1,3,1,1,2,10:00,20,E09000008,3,235,6,30,3,4,5,0,0,4,1,1,1,0,0,1,2,E01001013,09-05-2018,1,1,1,1,29,6,3,0,0,0,0,-1,1,1
25597,76.64629134,8.868969774,1,3,2,1,5,16:05,20,E09000008,4,2030,6,30,0,-1,-1,0,0,0,1,1,1,0,0,1,1,E01001016,12-05-2018,1,1,1,1,28,6,3,0,0,0,0,-1,1,1
25598,76.61571822,8.876996857,1,2,2,1,5,15:52,20,E09000008,4,271,6,30,0,-1,-1,0,0,0,1,1,1,0,0,1,1,E01001167,12-05-2018,1,1,1,1,36,7,3,0,0,0,0,-1,5,1
25599,76.69731531,8.879897751,1,3,2,2,5,22:05,20,E09000008,3,236,6,30,3,4,6,0,0,1,4,1,1,0,0,1,1,E01001008,12-05-2018,1,1,1,1,25,5,3,0,0,0,0,-1,1,1
25600,76.63770033,8.890714315,1,3,1,1,1,12:40,20,E09000008,5,0,6,30,3,4,6,0,0,0,1,1,1,0,0,1,1,E01001087,15-05-2018,1,1,1,2,21,5,3,0,0,0,0,-1,9,1
25601,76.65206482,8.870618127,1,3,2,1,5,08:07,20,E09000008,6,0,6,30,0,-1,-1,0,0,0,1,1,1,0,0,1,1,E01001054,12-05-2018,3,2,1,1,35,6,3,0,0,0,0,-1,9,1
25602,76.64570924,8.88696456,1,3,3,2,5,20:09,20,E09000008,3,236,6,30,3,4,6,0,0,0,1,1,1,0,0,1,1,E01001008,12-05-2018,2,1,1,1,62,9,3,0,0,0,0,-1,5,1
25603,76.69836785,8.866166217,1,3,1,1,6,15:23,20,E09000008,3,235,6,30,3,4,4,269,0,1,1,1,1,0,0,1,1,E01001041,13-05-2018,1,1,2,1,7,2,3,0,0,2,0,-1,9,1
25604,76.66125118,8.875287019,1,2,1,1,6,13:00,20,E09000008,5,0,3,40,0,-1,-1,0,0,7,1,1,1,0,0,1,1,E01001045,13-05-2018,2,1,1,2,34,6,3,0,0,0,0,-1,9,1
25605,76.6611708,8.883434056,1,3,1,1,6,16:13,20,E09000008,3,23,6,30,6,2,6,0,0,5,1,1,1,0,0,1,1,E01001014,13-05-2018,1,1,1,2,26,6,2,0,0,0,0,-1,1,1
25606,76.63030687,8.876741867,1,3,2,1,2,13:00,20,E09000008,3,213,6,30,3,4,3,213,0,0,1,1,1,0,0,1,2,E01001142,09-05-2018,1,1,1,2,31,6,3,0,0,0,0,-1,5,1
25607,76.65341343,8.879521468,1,3,2,1,2,10:03,20,E09000008,3,236,6,30,3,4,6,0,0,4,1,1,1,0,0,1,1,E01001014,16-05-2018,1,1,1,1,-1,-1,3,0,0,0,0,-1,3,1
25608,76.69368572,8.891405842,1,3,2,1,7,16:44,20,E09000008,4,2032,6,30,3,4,6,0,0,0,1,1,1,0,0,1,1,E01001026,14-05-2018,2,1,1,1,55,8,3,0,0,0,0,-1,1,1
25609,76.6598502,8.872910526,1,3,2,1,1,20:30,20,E09000008,5,0,6,30,1,4,3,2022,0,0,4,1,1,0,0,2,1,E01001065,01-05-2018,1,1,1,1,53,8,3,0,0,0,0,-1,5,1
25610,76.65581053,8.874293211,1,3,1,1,3,09:10,20,E09000008,3,235,6,30,0,-1,-1,0,0,0,1,1,1,0,0,1,1,E01001097,10-05-2018,1,1,3,2,25,5,3,1,2,0,0,-1,0,-1
25611,76.693938,8.883837323,1,3,3,1,7,12:20,20,E09000008,6,0,6,30,0,-1,-1,0,0,0,1,1,1,0,0,1,1,E01001122,14-05-2018,2,1,1,1,40,7,3,0,0,0,0,-1,3,1
25612,76.63629179,8.864632173,1,3,2,1,2,19:08,20,E09000008,4,243,6,30,0,-1,-1,0,0,0,1,2,2,0,0,1,1,E01000982,16-05-2018,1,1,3,2,25,5,3,4,3,0,0,-1,0,-1
25613,76.63428107,8.878252089,1,3,4,1,2,16:18,20,E09000008,3,237,6,30,3,4,6,0,0,0,1,2,2,0,0,1,1,E01001024,16-05-2018,1,1,1,2,35,6,3,0,0,0,0,-1,9,1
25614,76.63276327,8.866585399,1,3,1,1,5,14:40,20,E09000008,3,215,6,30,3,2,6,0,0,5,1,1,1,0,0,1,1,E01001084,12-05-2018,1,2,2,2,-1,-1,3,0,0,1,0,-1,9,-1
25615,76.6863164,8.894960147,1,2,2,1,3,07:45,20,E09000008,3,232,6,30,3,4,6,0,0,0,1,1,1,0,0,1,1,E01001049,17-05-2018,2,1,1,1,36,7,3,0,0,0,0,-1,1,-1
25616,76.61889715,8.867794724,1,3,2,1,4,10:38,20,E09000008,3,215,6,30,3,4,6,0,0,0,1,1,1,0,0,1,1,E01000985,18-05-2018,1,1,1,1,37,7,3,0,0,0,0,-1,9,-1
25617,76.65868593,8.882612932,1,3,5,2,4,06:19,20,E09000008,3,215,6,30,3,4,3,212,0,1,1,1,1,0,0,1,1,E01001158,18-05-2018,1,1,1,1,31,6,3,0,0,0,0,-1,9,1
25618,76.65131321,8.880871065,1,3,2,1,5,08:15,20,E09000008,3,23,6,30,3,4,6,0,0,4,1,1,1,0,0,1,2,E01001089,12-05-2018,1,2,2,2,-1,-1,3,0,0,1,0,-1,9,-1
25619,76.69024268,8.877504798,1,3,1,1,6,14:25,20,E09000008,3,23,6,30,3,2,6,0,0,5,1,1,1,0,0,1,2,E01001010,13-05-2018,1,3,2,1,-1,-1,3,0,0,2,0,-1,9,-1
25620,76.67796964,8.885638091,1,3,2,1,6,11:10,20,E09000008,4,2030,6,30,3,4,4,276,0,0,1,1,1,0,0,1,2,E01001020,13-05-2018,1,1,1,1,30,6,3,0,0,0,0,-1,3,1
25621,76.66524099,8.874638891,1,3,2,2,6,13:50,20,E09000008,3,22,6,30,7,2,3,22,0,5,1,1,1,0,0,1,2,E01001097,13-05-2018,1,1,1,1,17,4,3,0,0,0,0,-1,3,1
25622,76.62556526,8.875921519,1,3,2,1,7,11:40,20,E09000008,3,212,6,30,3,4,6,0,0,0,1,1,1,0,0,1,2,E01001137,14-05-2018,1,2,3,1,25,5,3,4,1,0,0,-1,0,1
25623,76.68204778,8.885944032,1,3,1,1,5,15:15,20,E09000008,3,212,6,30,0,-1,-1,0,0,0,1,1,1,0,0,1,1,E01001048,12-05-2018,2,1,1,2,30,6,3,0,0,0,0,-1,1,1
25624,76.66712143,8.886059232,1,3,2,1,4,15:01,20,E09000008,3,23,6,30,3,2,3,232,0,0,1,1,1,0,0,1,1,E01001167,18-05-2018,1,1,1,1,30,6,3,0,0,0,0,-1,3,1
25625,76.67205915,8.890659901,1,2,3,2,5,17:45,20,E09000008,5,0,6,30,3,4,5,0,0,0,1,2,2,0,0,2,1,E01001082,19-05-2018,2,1,1,1,25,5,3,0,0,0,0,-1,2,1
25626,76.66446632,8.870062989,1,3,1,1,6,07:55,20,E09000008,4,275,6,30,7,4,4,275,0,0,1,2,2,0,0,1,1,E01001037,20-05-2018,1,1,1,2,40,7,3,0,0,0,0,-1,2,1
25627,76.6388739,8.883833963,1,3,2,1,5,09:05,20,E09000008,3,23,6,30,7,2,3,22,0,5,1,1,1,0,0,1,1,E01001029,19-05-2018,1,1,1,1,29,6,3,0,0,0,0,-1,9,1
25628,76.68872801,8.866165048,1,3,2,1,5,08:05,20,E09000008,3,212,6,30,3,4,6,0,0,0,1,2,2,0,0,1,1,E01001044,19-05-2018,1,1,1,2,38,7,3,0,0,0,0,-1,9,1
25629,76.66731793,8.886017648,1,3,1,1,7,12:17,20,E09000008,6,0,6,30,3,4,6,0,0,0,1,1,1,0,0,1,1,E01001066,21-05-2018,1,1,3,2,12,3,3,5,3,0,0,-1,0,-1
25630,76.68670862,8.873508796,1,3,2,1,4,07:10,20,E09000008,6,0,6,30,3,4,6,0,0,0,1,1,1,0,0,1,2,E01001049,18-05-2018,1,1,2,1,38,7,3,0,0,0,0,-1,19,-1
25631,76.68570297,8.877303163,1,2,2,1,5,11:47,20,E09000008,5,0,6,30,3,4,6,0,0,0,1,2,2,0,0,1,1,E01001055,19-05-2018,2,1,1,2,44,7,3,0,0,0,0,-1,9,1
25632,76.68823198,8.892611803,1,3,2,2,6,20:30,20,E09000008,4,272,6,30,3,4,3,2022,0,0,4,1,1,0,0,1,2,E01001092,13-05-2018,1,1,1,1,31,6,3,0,0,0,0,-1,9,1
25633,76.69892888,8.89628704,1,2,2,1,6,18:23,20,E09000008,6,0,6,30,3,4,6,0,0,0,1,1,1,0,0,1,1,E01001080,06-05-2018,1,1,1,1,52,8,3,0,0,0,0,-1,5,1
25634,76.61001182,8.87283638,1,3,1,1,4,13:10,20,E09000008,3,23,6,30,3,4,5,0,0,4,1,1,1,0,0,1,1,E01001087,25-05-2018,1,1,1,1,41,7,2,0,0,0,0,-1,5,1