Accident_Index,longitude,latitude,Police_Force,Accident_Severity,Number_of_Vehicles,Number_of_Casualties,Day_of_Week,Time,Local_Authority_(District),Local_Authority_(Highway),1st_Road_Class,1st_Road_Number,Road_Type,Speed_limit,Junction_Detail,Junction_Control,2nd_Road_Class,2nd_Road_Number,Pedestrian_Crossing-Human_Control,Pedestrian_Crossing-Physical_Facilities,Light_Conditions,Weather_Conditions,Road_Surface_Conditions,Special_Conditions_at_Site,Carriageway_Hazards,Urban_or_Rural_Area,Did_Police_Officer_Attend_Scene_of_Accident,LSOA_of_Accident_Location,Date,Vehicle_Reference,Casualty_Reference,Casualty_Class,Sex_of_Casualty,Age_of_Casualty,Age_Band_of_Casualty,Casualty_Severity,Pedestrian_Location,Pedestrian_Movement,Car_Passenger,Bus_or_Coach_Passenger,Pedestrian_Road_Maintenance_Worker,Casualty_Type,Casualty_Home_Area_Type
25877,76.61798233,8.889244545,1,3,3,3,6,15:08,20,E09000008,5,0,6,30,3,4,6,0,0,0,1,2,2,0,0,1,1,E01001065,19-08-2018,2,1,1,2,34,6,3,0,0,0,0,-1,2,-1
25878,76.65668425,8.896136092,1,3,2,1,4,21:00,20,E09000008,3,236,6,30,3,4,6,0,0,0,4,1,1,0,0,1,1,E01001180,10-08-2018,2,1,1,1,16,4,3,0,0,0,0,-1,1,1
25879,76.64276526,8.866793372,1,3,2,1,2,17:50,20,E09000008,3,23,6,30,0,-1,-1,0,0,0,1,1,1,0,0,1,1,E01001023,15-08-2018,1,1,3,2,41,7,3,10,9,0,0,-1,0,1
25880,76.66738952,8.885379924,1,3,1,2,5,00:05,20,E09000008,6,0,6,30,0,-1,-1,0,0,0,4,1,1,0,0,2,1,E01001017,11-08-2018,1,1,2,2,66,10,3,0,0,0,3,-1,11,1
25881,76.65730633,8.893460018,1,2,1,1,6,18:10,20,E09000008,4,233,6,30,0,-1,-1,0,0,0,1,1,1,0,0,1,1,E01001145,29-07-2018,1,1,3,2,18,4,3,5,1,0,0,-1,0,-1
25882,76.69036321,8.883030066,1,3,2,1,7,23:36,20,E09000008,4,273,6,30,3,2,4,266,0,5,4,2,2,0,0,1,1,E01001155,13-08-2018,1,2,1,1,82,11,3,0,0,0,0,-1,9,1
25883,76.67164403,8.87466276,1,3,1,1,1,18:30,20,E09000008,3,212,1,30,2,4,4,243,0,0,1,1,1,0,0,1,2,E01001035,07-08-2018,2,1,2,2,16,4,3,0,0,1,0,-1,9,1
25884,76.66199532,8.881562719,1,3,2,2,2,09:25,20,E09000008,5,0,1,30,2,4,6,0,0,0,1,1,1,0,0,1,1,E01001063,25-07-2018,2,3,1,1,20,4,3,0,0,0,0,-1,9,1
25885,76.631335,8.89476009,1,3,2,1,3,19:45,20,E09000008,3,235,6,30,3,4,6,0,0,0,1,1,1,0,0,1,2,E01001043,26-07-2018,1,1,2,2,27,6,3,0,0,1,0,-1,9,-1
25886,76.63728406,8.895319483,1,3,1,2,2,01:00,20,E09000008,6,0,6,30,0,-1,-1,0,0,0,6,1,2,0,0,2,1,E01001021,08-08-2018,1,2,2,2,55,8,3,0,0,2,0,-1,9,-1
25887,76.6844407,8.88552043,1,3,1,1,3,21:11,20,E09000008,6,0,6,30,3,4,6,0,0,0,4,1,1,0,0,1,1,E01001042,16-08-2018,2,1,1,2,23,5,3,0,0,0,0,-1,9,-1
25888,76.69235261,8.886551736,1,2,1,1,4,11:15,20,E09000008,4,269,6,30,3,4,6,0,0,0,1,1,1,0,0,1,1,E01001102,17-08-2018,1,1,1,1,42,7,3,0,0,0,0,-1,9,-1
25889,76.63422098,8.892647786,1,3,2,1,5,21:30,20,E09000008,5,0,6,30,3,4,6,0,0,1,4,1,1,0,0,1,1,E01000998,04-08-2018,1,1,2,2,21,5,3,0,0,1,0,-1,9,1
25890,76.61654523,8.879960954,1,3,2,2,6,19:14,20,E09000008,3,2022,6,30,1,4,5,0,0,0,1,1,1,0,0,2,1,E01001065,05-08-2018,2,2,2,2,36,7,3,0,0,1,0,-1,9,-1
25891,76.64429282,8.893991834,1,3,2,1,7,13:05,20,E09000008,3,212,6,30,7,2,3,222,0,5,1,1,1,0,0,1,1,E01001048,23-07-2018,1,1,1,2,43,7,3,0,0,0,0,-1,9,1
25892,76.69772419,8.889133246,1,3,2,1,3,09:30,20,E09000008,4,266,6,30,2,4,3,212,0,1,1,1,1,0,0,1,1,E01001155,09-08-2018,1,1,1,1,37,7,3,0,0,0,0,-1,9,1
25893,76.62922383,8.873357764,1,3,1,1,7,16:10,20,E09000008,3,213,6,30,0,-1,-1,0,0,1,1,2,2,0,0,1,1,E01001143,13-08-2018,1,1,3,2,16,4,3,5,1,0,0,-1,0,1
25894,76.69747589,8.867536214,1,2,1,1,4,04:21,20,E09000008,3,235,6,30,3,4,6,0,0,0,4,1,1,0,0,1,1,E01001173,17-08-2018,1,1,3,1,46,8,3,9,5,0,0,-1,0,1
25895,76.61568778,8.883244517,1,3,1,1,5,14:16,20,E09000008,3,235,6,30,0,-1,-1,0,0,0,1,1,1,0,0,1,2,E01001013,11-08-2018,1,1,1,2,26,6,3,0,0,0,0,-1,9,1
25896,76.69937737,8.890930997,1,3,2,1,7,21:23,20,E09000008,5,0,6,30,0,-1,-1,0,0,0,4,2,2,0,0,2,1,E01001082,13-08-2018,1,1,2,1,21,5,3,0,0,1,0,-1,9,1
25897,76.66672858,8.881606122,1,3,2,1,3,15:05,19,E09000006,3,222,6,30,0,-1,-1,0,0,0,1,1,1,0,0,1,1,E01000776,16-08-2018,2,1,1,2,-1,-1,3,0,0,0,0,-1,1,-1
25898,76.69792399,8.868820367,1,2,1,1,2,16:58,20,E09000008,3,213,6,30,0,-1,-1,0,0,0,1,1,1,0,0,1,1,E01001143,15-08-2018,1,1,3,2,12,3,3,1,1,0,0,-1,0,1
25899,76.68874776,8.893713882,1,3,2,1,2,13:00,20,E09000008,3,222,6,30,3,4,6,0,0,0,1,1,1,0,0,1,1,E01001012,15-08-2018,1,1,2,2,90,11,3,0,0,0,3,-1,11,-1
25900,76.64087575,8.873478301,1,2,1,1,3,12:19,20,E09000008,4,2030,6,30,3,4,6,0,0,1,1,1,1,0,0,1,1,E01001020,09-08-2018,1,2,1,1,31,6,3,0,0,0,0,-1,11,1
25901,76.66032034,8.878048154,1,3,2,1,6,18:15,20,E09000008,3,212,6,30,3,4,6,0,0,0,1,1,1,0,0,1,2,E01001137,12-08-2018,1,1,1,2,25,5,3,0,0,0,0,-1,9,1
25902,76.64115751,8.887601861,1,3,2,1,7,15:50,20,E09000008,3,236,6,30,0,-1,-1,0,0,0,1,2,2,0,0,1,2,E01001008,13-08-2018,2,2,1,1,30,6,3,0,0,0,0,-1,9,1
25903,76.63062587,8.883058003,1,3,1,1,3,11:32,20,E09000008,6,0,6,30,0,-1,-1,0,0,0,1,1,1,0,0,1,2,E01001043,12-07-2018,1,1,2,2,55,8,3,0,0,0,4,-1,11,1
25904,76.68098237,8.883943494,1,3,2,1,7,23:15,20,E09000008,4,273,6,30,3,2,4,266,0,5,4,1,1,0,0,1,2,E01001155,13-08-2018,1,1,3,2,49,8,2,5,1,0,0,-1,0,-1
25905,76.65131863,8.892499343,1,3,2,1,7,13:30,20,E09000008,3,23,6,30,8,4,6,0,0,0,1,1,1,0,0,1,2,E01001023,06-08-2018,2,1,1,1,60,9,3,0,0,0,0,-1,1,1
25906,76.6751728,8.868219597,1,3,2,2,7,21:00,20,E09000008,5,0,6,30,8,4,6,0,0,0,4,1,1,0,0,1,1,E01001080,27-08-2018,2,1,1,1,35,6,3,0,0,0,0,-1,9,1
25907,76.68906308,8.882370151,1,3,2,1,2,18:30,20,E09000008,6,0,6,30,0,-1,-1,0,0,0,1,2,2,0,0,1,2,E01001003,22-08-2018,1,1,1,1,74,10,3,0,0,0,0,-1,9,1
25908,76.63971072,8.875811458,1,3,2,1,7,12:30,20,E09000008,6,0,6,30,8,4,6,0,0,0,1,1,1,0,0,1,1,E01001095,27-08-2018,1,2,2,2,72,10,3,0,0,1,0,-1,9,1
25909,76.6835023,8.880887206,1,3,1,1,3,19:35,20,E09000008,6,0,6,30,0,-1,-1,0,0,0,1,1,1,0,0,1,1,E01001176,23-08-2018,1,1,1,2,19,4,3,0,0,0,0,-1,9,1
25910,76.67916785,8.882518492,1,2,2,2,2,22:21,20,E09000008,5,0,6,30,6,4,6,0,0,0,4,2,2,0,0,1,1,E01000998,22-08-2018,2,2,1,1,40,7,3,0,0,0,0,-1,19,1
25911,76.6438254,8.89413412,1,3,1,2,6,21:20,20,E09000008,3,235,6,30,0,-1,-1,0,0,0,4,1,1,0,0,1,1,E01001043,26-08-2018,1,1,3,1,62,9,3,9,5,0,0,-1,0,-1
25912,76.68637312,8.885027061,1,3,3,2,7,18:15,20,E09000008,3,232,6,30,1,4,3,232,0,0,1,1,1,0,0,1,1,E01001050,03-09-2018,1,1,1,1,26,6,3,0,0,0,0,-1,9,-1
25913,76.69427985,8.894090275,1,3,2,1,6,20:50,20,E09000008,3,23,6,30,3,4,6,0,0,5,4,1,1,0,0,1,1,E01001183,02-09-2018,2,2,1,1,29,6,2,0,0,0,0,-1,9,1
25914,76.63661797,8.878428212,1,3,1,2,3,00:08,20,E09000008,5,0,6,30,3,4,6,0,0,0,4,2,2,0,0,1,1,E01001124,23-08-2018,2,3,2,2,30,6,2,0,0,1,0,-1,9,1
25915,76.64322952,8.866304783,1,3,1,1,7,13:34,20,E09000008,3,236,6,30,3,4,6,0,0,0,1,1,1,0,0,1,1,E01001013,07-05-2018,3,4,1,1,36,7,3,0,0,0,0,-1,9,-1
25916,76.67817348,8.884118948,1,3,2,1,3,17:43,20,E09000008,3,23,6,30,3,4,6,0,0,4,1,1,1,0,0,1,1,E01001167,06-09-2018,1,1,1,2,47,8,3,0,0,0,0,-1,9,1
25917,76.6691265,8.871618557,1,3,2,1,5,12:10,20,E09000008,3,212,6,30,3,4,6,0,0,0,1,1,1,0,0,1,1,E01001036,25-08-2018,1,2,2,1,23,5,3,0,0,1,0,-1,9,1
25918,76.64391864,8.878780356,1,3,2,1,4,19:30,20,E09000008,5,0,6,30,8,4,6,0,0,0,4,1,1,0,0,1,1,E01001055,07-09-2018,1,3,2,1,13,3,3,0,0,2,0,-1,9,1
25919,76.61492374,8.88253592,1,3,2,1,7,02:23,20,E09000008,3,236,6,30,3,4,6,0,0,1,4,1,2,0,0,1,1,E01001008,20-08-2018,1,1,1,1,14,3,3,0,0,0,0,-1,3,1
25920,76.64308359,8.890617141,1,3,2,1,5,08:30,20,E09000008,5,0,1,30,1,4,5,0,0,0,1,1,1,0,0,1,1,E01001188,25-08-2018,1,1,1,2,39,7,3,0,0,0,0,-1,9,1
25921,76.68052292,8.887144563,1,2,2,2,4,10:05,20,E09000008,3,235,6,30,3,4,6,0,0,0,1,1,1,0,0,1,1,E01001037,17-08-2018,1,1,1,1,70,10,3,0,0,0,0,-1,9,1
25922,76.69140346,8.869361338,1,3,3,1,1,05:05,20,E09000008,6,0,6,30,0,-1,-1,0,0,0,1,1,1,0,0,1,1,E01001154,07-08-2018,1,1,3,1,28,6,3,4,4,0,0,-1,0,1
25923,76.64324332,8.889296601,1,3,2,1,5,16:45,20,E09000008,6,0,6,30,8,4,6,0,0,0,1,2,2,0,0,1,1,E01001074,25-08-2018,1,1,2,1,25,5,3,0,0,0,0,-1,90,-1
25924,76.64554409,8.88409248,1,3,2,1,4,15:00,20,E09000008,3,23,6,30,6,4,3,23,0,1,1,1,1,0,0,1,1,E01001182,31-08-2018,2,2,1,1,49,8,3,0,0,0,0,-1,9,1
25925,76.68598453,8.880415112,1,3,2,1,4,14:20,20,E09000008,3,23,6,30,0,-1,-1,0,0,0,1,1,1,0,0,1,1,E01001092,31-08-2018,2,1,1,1,41,7,3,0,0,0,0,-1,3,1
25926,76.64308136,8.879118526,1,3,3,1,5,09:30,20,E09000008,3,23,6,30,6,2,6,0,0,5,1,1,1,0,0,1,1,E01001172,01-09-2018,1,1,1,1,37,7,3,0,0,0,0,-1,9,1
25927,76.65129473,8.868475645,1,3,1,1,4,13:30,20,E09000008,6,0,6,30,6,2,6,0,0,5,1,1,1,0,0,1,1,E01001014,07-09-2018,2,1,1,2,28,6,3,0,0,0,0,-1,9,-1
25928,76.68668614,8.867537598,1,3,2,2,4,10:15,20,E09000008,3,2022,6,30,3,4,3,22,0,0,1,1,1,0,0,1,1,E01001097,31-08-2018,2,2,2,1,52,8,3,0,0,1,0,-1,9,-1
25929,76.61246852,8.88640509,1,2,2,3,1,00:05,20,E09000008,3,236,6,30,7,2,3,213,0,0,4,1,1,0,0,1,1,E01001011,28-08-2018,3,3,1,1,59,9,3,0,0,0,0,-1,9,1
25930,76.64026012,8.886082753,1,2,1,2,5,00:01,20,E09000008,3,2022,6,30,0,-1,-1,0,0,0,4,2,2,0,0,2,1,E01001065,28-07-2018,1,1,1,2,72,10,3,0,0,0,0,-1,9,1
25931,76.69487617,8.890843581,1,3,2,2,4,21:30,20,E09000008,3,215,6,30,3,4,6,0,0,0,4,2,2,0,0,1,1,E01001186,24-08-2018,1,1,1,1,32,6,3,0,0,0,0,-1,9,1
25932,76.65187974,8.893739108,1,3,1,1,7,02:41,20,E09000008,3,215,6,30,3,2,3,215,0,5,4,2,2,0,0,1,1,E01001186,10-09-2018,1,1,2,1,36,7,3,0,0,1,0,-1,9,1
25933,76.69147749,8.885685045,1,3,2,1,6,10:50,20,E09000008,5,0,6,30,0,-1,-1,0,0,0,1,2,2,0,0,1,1,E01001117,19-08-2018,2,1,1,1,27,6,3,0,0,0,0,-1,2,-1
25934,76.62909545,8.865481316,1,3,1,1,6,11:31,20,E09000008,3,232,6,30,0,-1,-1,0,0,1,1,1,1,0,0,1,1,E01001050,26-08-2018,1,1,2,2,20,4,3,0,0,1,0,-1,9,1
25935,76.63021089,8.877263934,1,3,2,1,6,08:10,20,E09000008,3,236,6,30,3,2,6,0,0,5,1,1,1,0,0,1,1,E01001177,26-08-2018,1,1,3,2,51,8,3,5,1,0,0,-1,0,-1
25936,76.68657385,8.876888978,1,2,1,1,3,15:50,20,E09000008,3,235,6,30,3,4,6,0,0,0,1,1,1,0,0,1,1,E01001178,06-09-2018,1,1,1,1,41,7,2,0,0,0,0,-1,5,-1
25937,76.66699107,8.879688304,1,3,2,1,2,13:48,20,E09000008,5,0,6,30,3,4,6,0,0,0,1,1,1,0,0,1,1,E01001112,05-09-2018,1,1,2,2,43,7,3,0,0,2,0,-1,9,1
25938,76.62234087,8.888897179,1,3,2,3,4,16:39,20,E09000008,3,235,6,30,3,4,6,0,0,0,1,1,1,0,0,1,1,E01001178,31-08-2018,2,2,2,2,6,2,3,0,0,2,0,-1,9,1
25939,76.67263874,8.867982216,1,3,2,1,6,19:40,20,E09000008,6,0,6,30,6,4,6,0,0,0,4,1,1,0,0,1,1,E01001146,09-09-2018,2,1,1,1,-1,-1,3,0,0,0,0,-1,9,1
25940,76.68092288,8.882679131,1,3,2,1,4,16:57,20,E09000008,3,235,6,30,3,4,6,0,0,4,1,1,1,0,0,1,1,E01001181,31-08-2018,1,1,3,1,5,1,2,5,1,0,0,-1,0,-1
25941,76.63629695,8.86832787,1,3,2,1,3,08:30,20,E09000008,3,2022,6,30,0,-1,-1,0,0,4,1,1,1,0,0,1,1,E01001120,30-08-2018,1,1,1,2,54,8,3,0,0,0,0,-1,9,-1
25942,76.67859618,8.87688865,1,3,1,1,1,23:30,20,E09000008,3,214,6,30,0,-1,-1,0,0,0,4,1,1,0,0,1,1,E01003069,28-08-2018,1,1,1,1,26,6,3,0,0,0,0,-1,4,1
25943,76.65864485,8.887290978,1,3,2,2,1,08:00,20,E09000008,3,235,6,30,3,4,5,0,0,0,1,1,1,0,0,1,1,E01001181,21-08-2018,1,1,2,1,29,6,3,0,0,1,0,-1,9,-1
25944,76.68983273,8.887371713,1,3,3,4,7,13:21,20,E09000008,3,212,6,30,3,2,3,222,0,5,1,1,1,0,0,1,1,E01001110,03-09-2018,1,1,3,2,26,6,2,5,1,0,0,-1,0,1
25945,76.62400753,8.890873299,1,2,1,1,2,16:23,20,E09000008,5,0,6,30,0,-1,-1,0,0,0,1,1,1,0,0,1,1,E01000994,29-08-2018,1,1,1,1,65,9,3,0,0,0,0,-1,9,1
25946,76.62024304,8.870577923,1,3,1,1,7,13:40,20,E09000008,5,0,6,30,6,2,5,0,0,5,1,1,1,0,0,1,1,E01001042,27-08-2018,1,1,2,2,-1,-1,3,0,0,0,4,-1,11,1
25947,76.6855595,8.888571542,1,3,1,1,5,15:31,20,E09000008,6,0,6,30,0,-1,-1,0,0,0,1,1,1,0,0,1,1,E01001049,18-08-2018,1,2,2,2,69,10,3,0,0,0,4,-1,11,1
25948,76.69858764,8.888317353,1,3,2,1,4,13:55,20,E09000008,3,235,6,30,3,4,6,0,0,0,1,1,1,0,0,1,2,E01001041,31-08-2018,1,1,1,1,31,6,3,0,0,0,0,-1,3,1
25949,76.66449311,8.894137805,1,3,1,1,1,15:06,20,E09000008,4,243,6,30,0,-1,-1,0,0,0,1,1,1,0,0,1,1,E01000981,28-08-2018,1,1,1,1,58,9,3,0,0,0,0,-1,9,1
25950,76.69787086,8.88163142,1,3,1,1,2,10:00,20,E09000008,6,0,6,30,0,-1,-1,0,0,0,1,1,2,0,0,1,1,E01001026,05-09-2018,1,2,2,1,28,6,3,0,0,1,0,-1,9,1
25951,76.68100768,8.882218704,1,3,2,1,4,13:15,20,E09000008,3,235,6,30,3,4,6,0,0,0,1,1,1,0,0,1,1,E01001178,31-08-2018,1,1,1,1,38,7,3,0,0,0,0,-1,9,1
25952,76.67564342,8.879578011,1,3,2,1,1,12:12,20,E09000008,3,215,6,30,0,-1,-1,0,0,0,1,1,1,4,2,1,1,E01000985,21-08-2018,1,1,2,2,70,10,3,0,0,0,3,-1,11,-1
25953,76.61296869,8.874199275,1,3,2,1,7,19:05,20,E09000008,3,213,6,30,3,4,6,0,0,0,4,1,1,0,0,1,1,E01001116,20-08-2018,1,1,1,1,49,8,3,0,0,0,0,-1,4,1
25954,76.62363736,8.873577549,1,3,3,2,7,20:15,20,E09000008,3,212,6,30,3,4,5,0,0,0,4,1,1,0,0,1,2,E01001114,10-09-2018,1,1,2,2,-1,-1,3,0,0,1,0,-1,9,1
25955,76.61860695,8.896238125,1,3,2,1,3,21:20,20,E09000008,5,0,1,30,1,4,6,0,0,0,4,1,1,0,0,1,1,E01001178,30-08-2018,1,1,1,1,26,6,2,0,0,0,0,-1,3,-1
25956,76.61136579,8.876392472,1,3,2,2,5,22:07,20,E09000008,5,0,6,30,6,4,6,0,0,0,4,2,2,0,0,1,1,E01001111,04-08-2018,1,1,1,2,18,4,3,0,0,0,0,-1,3,1
25957,76.6661716,8.888128351,1,3,3,1,2,10:59,20,E09000008,3,235,6,30,3,4,5,0,0,0,1,1,1,0,0,1,1,E01001181,29-08-2018,1,1,2,2,31,6,3,0,0,2,0,-1,9,1
25958,76.62803165,8.872893869,1,3,2,1,3,12:45,20,E09000008,6,0,6,30,0,-1,-1,0,0,0,1,1,1,0,0,1,2,E01001043,23-08-2018,2,1,2,2,20,4,3,0,0,1,0,-1,9,1
25959,76.68268271,8.876975986,1,3,2,1,7,14:00,20,E09000008,6,0,6,30,0,-1,-1,0,0,0,1,1,1,0,0,1,2,E01001004,27-08-2018,1,1,2,2,4,1,3,0,0,2,0,-1,9,1
25960,76.68878643,8.8747599,1,3,2,1,3,18:30,20,E09000008,6,0,6,30,0,-1,-1,0,0,0,1,2,2,0,0,1,2,E01001003,02-08-2018,2,1,1,1,56,9,3,0,0,0,0,-1,5,1
25961,76.67822647,8.877222606,1,3,2,1,6,08:10,20,E09000008,3,23,6,30,6,2,6,0,0,5,1,2,2,0,0,1,2,E01001172,19-08-2018,1,1,1,1,22,5,3,0,0,0,0,-1,9,1
25962,76.69909755,8.889606828,1,3,2,2,3,22:30,20,E09000008,3,215,6,30,8,4,6,0,0,0,4,1,1,0,0,1,2,E01001191,31-05-2018,1,1,3,2,25,5,3,4,1,0,0,-1,0,1
25963,76.686621,8.882861563,1,3,3,2,2,12:00,20,E09000008,3,213,6,30,1,4,6,0,0,0,1,1,1,0,0,1,2,E01001109,05-09-2018,1,1,1,1,29,6,3,0,0,0,0,-1,9,1
25964,76.64830683,8.882577161,1,3,2,1,3,18:45,20,E09000008,3,23,6,30,6,2,6,0,0,5,1,1,1,0,0,1,2,E01001172,23-08-2018,3,2,1,2,25,5,3,0,0,0,0,-1,9,1
25965,76.62428888,8.874176452,1,3,2,1,2,14:15,20,E09000008,3,236,6,30,1,4,4,271,0,0,1,1,1,0,0,1,2,E01001166,15-08-2018,1,1,3,1,29,6,2,10,3,0,0,-1,0,1
25966,76.6343878,8.894797101,1,3,2,1,4,18:59,20,E09000008,5,0,6,30,6,4,3,215,0,0,1,1,1,0,0,1,1,E01001156,10-08-2018,1,1,2,2,51,8,3,0,0,0,1,-1,11,1
25967,76.637672,8.887233889,1,3,1,1,7,19:49,20,E09000008,6,0,6,30,3,4,6,0,0,0,4,1,1,0,0,1,2,E01001013,24-09-2018,1,1,1,2,24,5,3,0,0,0,0,-1,9,-1
25968,76.66828426,8.868655326,1,3,2,1,7,15:55,20,E09000008,3,235,6,30,0,-1,-1,0,0,0,1,1,1,0,0,1,2,E01001013,17-09-2018,1,1,1,1,18,4,3,0,0,0,0,-1,9,1
25969,76.69335328,8.889591929,1,3,2,1,4,13:10,20,E09000008,6,0,6,30,6,4,6,0,0,0,1,1,1,0,0,1,2,E01000998,17-08-2018,1,1,2,2,76,11,2,0,0,0,2,-1,11,-1
25970,76.68271098,8.881125286,1,3,2,1,6,12:30,20,E09000008,5,0,6,30,3,2,3,213,0,5,1,1,1,0,0,1,2,E01001112,26-08-2018,1,1,2,2,12,3,3,0,0,2,0,-1,9,1
25971,76.67040548,8.872922188,1,3,2,1,7,16:40,20,E09000008,3,235,6,30,3,4,6,0,0,1,1,1,1,0,0,1,2,E01001013,10-09-2018,1,1,1,1,26,6,3,0,0,0,0,-1,9,1
25972,76.62916634,8.881030867,1,3,2,1,3,22:30,20,E09000008,3,212,6,30,3,4,6,0,0,0,4,1,1,0,0,1,2,E01001137,13-09-2018,1,1,3,2,28,6,3,1,1,0,0,-1,0,1
25973,76.65097156,8.886134077,1,3,1,1,4,16:05,20,E09000008,3,232,6,30,0,-1,-1,0,0,0,1,1,1,0,0,1,2,E01001062,14-09-2018,1,1,1,1,29,6,3,0,0,0,0,-1,9,-1
25974,76.65811407,8.883497578,1,3,2,1,7,14:30,20,E09000008,3,2022,6,30,0,-1,-1,0,0,0,1,1,1,0,0,1,2,E01001125,24-09-2018,1,1,1,2,23,5,3,0,0,0,0,-1,9,1
25975,76.64067085,8.894801775,1,3,2,1,1,17:15,20,E09000008,3,232,3,30,1,4,3,232,0,0,1,2,2,0,0,1,2,E01001062,25-09-2018,1,1,2,2,21,5,3,0,0,0,3,-1,11,-1
25976,76.66252847,8.877165564,1,3,1,1,2,16:06,20,E09000008,4,273,6,30,0,-1,-1,0,0,1,1,1,1,0,0,1,1,E01001157,05-09-2018,1,1,1,2,23,5,3,0,0,0,0,-1,9,1
25977,76.68770253,8.871599304,1,3,2,1,7,16:15,20,E09000008,3,222,6,30,3,4,3,222,0,4,1,1,1,0,0,1,1,E01000976,10-09-2018,1,1,1,1,24,5,3,0,0,0,0,-1,9,1
25978,76.65822917,8.88101556,1,3,3,1,1,14:34,20,E09000008,3,215,6,30,3,2,4,243,0,0,1,1,1,0,0,1,1,E01001185,11-09-2018,2,1,1,1,17,4,3,0,0,0,0,-1,3,1
25979,76.64931938,8.892226497,1,3,2,1,5,11:50,20,E09000008,3,213,6,30,6,2,3,215,0,0,1,1,1,0,0,1,1,E01001145,22-09-2018,2,1,2,2,30,6,3,0,0,1,0,-1,9,1
25980,76.62756518,8.868164345,1,3,2,1,4,08:55,20,E09000008,6,0,6,30,3,4,6,0,0,0,1,1,1,0,0,1,1,E01001081,07-09-2018,1,1,1,2,34,6,3,0,0,0,0,-1,9,1
25981,76.62456962,8.88916065,1,3,2,1,5,10:00,20,E09000008,4,2030,6,30,0,-1,-1,0,0,0,1,2,2,0,0,1,1,E01001016,15-09-2018,1,1,1,1,16,4,3,0,0,0,0,-1,3,1
25982,76.67953795,8.882896595,1,2,2,2,2,00:15,20,E09000008,3,2022,1,30,2,4,3,237,0,0,4,2,2,0,0,1,1,E01001028,12-09-2018,3,1,1,2,37,7,3,0,0,0,0,-1,9,1
25983,76.66773807,8.865955535,1,3,1,1,7,23:16,20,E09000008,4,269,6,30,0,-1,-1,0,0,0,4,1,2,0,0,1,2,E01001102,10-09-2018,1,1,3,1,15,3,2,5,3,0,0,-1,0,-1
25984,76.65408768,8.894461674,1,3,1,1,6,20:15,20,E09000008,3,2022,6,30,3,4,6,0,0,4,4,1,1,0,0,1,1,E01001126,16-09-2018,1,1,1,1,22,5,3,0,0,0,0,-1,9,1
25985,76.61619122,8.873655932,1,3,1,1,6,15:15,20,E09000008,3,235,6,30,3,4,6,0,0,0,1,1,1,0,0,1,1,E01001043,09-09-2018,1,1,1,1,56,9,3,0,0,0,0,-1,1,1
25986,76.66236169,8.890478293,1,3,2,1,2,12:58,20,E09000008,6,0,6,30,3,4,6,0,0,0,1,1,1,0,0,1,1,E01000987,12-09-2018,1,1,1,2,54,8,3,0,0,0,0,-1,9,-1
25987,76.68827338,8.868253476,1,3,2,1,1,12:40,20,E09000008,5,0,6,30,0,-1,-1,0,0,0,1,1,1,0,0,1,1,E01001193,18-09-2018,1,1,1,1,61,9,3,0,0,0,0,-1,9,1
25988,76.64005446,8.875497476,1,3,2,1,2,08:20,20,E09000008,6,0,1,30,2,4,3,235,0,0,1,1,1,0,0,1,1,E01001181,08-08-2018,2,2,1,1,40,7,3,0,0,0,0,-1,9,-1
25989,76.64386814,8.88981691,1,3,1,1,4,12:04,20,E09000008,3,212,6,30,0,-1,-1,0,0,0,1,1,1,0,0,1,1,E01001048,21-09-2018,1,1,1,2,20,4,3,0,0,0,0,-1,3,1
25990,76.62772392,8.864452493,1,3,1,1,3,00:23,20,E09000008,3,23,6,30,3,4,6,0,0,0,4,1,1,0,0,1,1,E01001010,20-09-2018,1,1,1,1,34,6,3,0,0,0,0,-1,5,1
25991,76.69919508,8.87831606,1,2,1,1,7,10:35,20,E09000008,3,2022,6,30,0,-1,-1,0,0,5,1,1,1,0,0,1,1,E01001125,03-09-2018,1,1,1,2,19,4,3,0,0,0,0,-1,9,1
25992,76.6948742,8.888241934,1,3,1,1,5,18:00,20,E09000008,3,23,6,30,3,2,6,0,0,5,1,1,1,0,0,1,1,E01001074,22-09-2018,1,1,1,1,50,8,3,0,0,0,0,-1,9,1
25993,76.6770254,8.871437311,1,3,1,2,2,17:25,20,E09000008,3,213,6,30,0,-1,-1,0,0,1,1,1,1,0,0,1,1,E01001113,19-09-2018,1,1,1,1,29,6,3,0,0,0,0,-1,9,1
25994,76.6838019,8.874679798,1,3,1,1,3,07:30,20,E09000008,3,212,6,30,6,2,3,222,0,5,1,1,1,0,0,1,1,E01001110,27-09-2018,2,2,1,2,33,6,3,0,0,0,0,-1,9,-1
25995,76.67365703,8.876417893,1,3,2,1,1,05:00,20,E09000008,3,212,6,30,0,-1,-1,0,0,0,4,1,1,0,0,1,1,E01001064,25-09-2018,2,1,1,1,35,6,3,0,0,0,0,-1,9,1
25996,76.69211515,8.886060343,1,2,1,1,1,20:01,20,E09000008,4,266,6,30,0,-1,-1,0,0,1,4,1,1,0,0,1,1,E01001154,18-09-2018,1,1,1,1,-1,-1,3,0,0,0,0,-1,9,1
25997,76.62142572,8.884764745,1,2,2,2,7,08:22,20,E09000008,4,275,6,30,3,4,6,0,0,0,1,1,1,0,0,1,1,E01001170,24-09-2018,1,1,3,1,55,8,3,6,9,0,0,-1,0,1