Accident_Index,longitude,latitude,Police_Force,Accident_Severity,Number_of_Vehicles,Number_of_Casualties,Day_of_Week,Time,Local_Authority_(District),Local_Authority_(Highway),1st_Road_Class,1st_Road_Number,Road_Type,Speed_limit,Junction_Detail,Junction_Control,2nd_Road_Class,2nd_Road_Number,Pedestrian_Crossing-Human_Control,Pedestrian_Crossing-Physical_Facilities,Light_Conditions,Weather_Conditions,Road_Surface_Conditions,Special_Conditions_at_Site,Carriageway_Hazards,Urban_or_Rural_Area,Did_Police_Officer_Attend_Scene_of_Accident,LSOA_of_Accident_Location,Date,Vehicle_Reference,Casualty_Reference,Casualty_Class,Sex_of_Casualty,Age_of_Casualty,Age_Band_of_Casualty,Casualty_Severity,Pedestrian_Location,Pedestrian_Movement,Car_Passenger,Bus_or_Coach_Passenger,Pedestrian_Road_Maintenance_Worker,Casualty_Type,Casualty_Home_Area_Type
26240,75.90070011,22.76563736,1,3,2,1,3,17:09,20,E09000008,6,0,6,30,3,4,3,212,0,0,4,1,1,0,0,1,1,E01001155,08-11-2018,1,1,1,1,39,7,3,0,0,0,0,-1,9,1
26241,75.88259809,22.70489633,1,3,1,1,7,21:50,20,E09000008,3,232,2,30,9,4,6,0,0,0,4,2,2,0,0,1,1,E01001043,03-12-2018,2,2,2,1,28,6,3,0,0,2,0,-1,8,1
26242,75.88938816,22.7015363,1,3,1,1,3,15:12,9,E09000022,3,215,6,30,6,2,3,214,0,5,1,1,1,0,0,1,2,E01001084,29-11-2018,1,1,3,1,27,6,2,5,1,0,0,-1,0,1
26243,75.91494468,22.70418733,1,3,2,2,3,13:54,20,E09000008,3,23,6,30,0,-1,-1,0,0,0,1,1,1,0,0,1,1,E01001167,06-12-2018,1,1,1,1,27,6,3,0,0,0,0,-1,9,1
26244,75.81264863,22.71859693,1,2,2,2,3,16:20,20,E09000008,3,212,6,30,6,2,3,235,0,5,4,1,1,0,0,1,1,E01001013,15-11-2018,1,1,1,1,42,7,3,0,0,0,0,-1,9,1
26245,75.91386166,22.73415875,1,3,3,1,3,16:04,20,E09000008,3,236,3,30,5,2,5,0,0,5,4,1,1,0,0,1,1,E01001042,29-11-2018,1,1,3,1,30,6,3,5,1,0,0,-1,0,1
26246,75.88681606,22.71412371,1,3,1,1,3,13:45,20,E09000008,3,222,6,30,3,4,6,0,0,1,1,1,1,0,0,1,3,E01000979,06-12-2018,1,1,1,1,39,7,3,0,0,0,0,-1,9,1
26247,75.82999923,22.69064351,1,3,2,1,6,14:45,20,E09000008,3,23,3,30,6,1,6,0,0,0,1,1,1,0,0,1,3,E01001172,25-11-2018,1,1,2,2,36,7,3,0,0,1,0,-1,9,-1
26248,75.86399878,22.72125566,1,3,1,1,3,18:27,20,E09000008,5,0,7,30,3,4,6,0,0,0,4,1,2,0,0,1,1,E01000991,06-12-2018,1,2,2,2,-1,-1,3,0,0,2,0,-1,9,-1
26249,75.84937314,22.7543642,1,2,1,1,4,16:43,20,E09000008,5,0,6,30,9,4,5,0,0,4,4,2,2,0,0,1,1,E01001078,07-12-2018,1,1,1,2,47,8,3,0,0,0,0,-1,9,1
26250,75.8387677,22.7304766,1,2,2,1,6,16:40,20,E09000008,4,269,6,30,3,4,6,0,0,0,4,1,2,0,0,1,1,E01001103,09-12-2018,1,1,1,2,35,6,3,0,0,0,0,-1,9,1
26251,75.89575663,22.71209031,1,3,1,1,1,03:12,20,E09000008,3,236,3,40,0,-1,-1,0,0,0,4,1,1,0,0,1,3,E01001042,04-12-2018,1,1,1,2,62,9,3,0,0,0,0,-1,9,1
26252,75.90152002,22.75387613,1,3,2,1,6,16:45,20,E09000008,3,236,6,30,3,4,6,0,0,0,1,1,2,0,0,1,1,E01001011,09-12-2018,1,1,1,1,34,6,3,0,0,0,0,-1,9,1
26253,75.84325834,22.73432392,1,3,1,2,4,21:58,20,E09000008,3,235,6,30,3,4,6,0,0,1,4,2,2,0,0,1,1,E01001043,07-12-2018,1,2,2,2,34,6,3,0,0,1,0,-1,9,1
26254,75.90410889,22.72577823,1,3,1,1,7,03:07,20,E09000008,3,2022,6,30,3,4,6,0,0,0,4,8,4,0,0,1,1,E01001094,10-12-2018,1,1,1,1,42,7,3,0,0,0,0,-1,9,1
26255,75.89175305,22.74596709,1,3,2,2,3,23:23,20,E09000008,6,0,6,30,6,4,6,0,0,0,4,1,1,0,0,1,2,E01001160,06-12-2018,1,1,1,1,31,6,3,0,0,0,0,-1,9,1
26256,75.81633041,22.76551608,1,3,2,2,5,08:00,20,E09000008,3,23,7,30,7,2,3,232,0,5,1,1,1,0,0,1,2,E01001167,08-12-2018,1,1,1,2,32,6,3,0,0,0,0,-1,9,1
26257,75.90647488,22.74975642,1,3,2,2,2,15:25,20,E09000008,3,23,7,30,7,4,5,0,0,5,1,1,1,0,0,1,3,E01001097,05-12-2018,1,1,1,1,8,2,3,0,0,0,0,-1,1,1
26258,75.82740262,22.70894758,1,3,2,1,1,19:55,20,E09000008,5,0,6,30,3,4,6,0,0,0,4,1,2,0,0,1,1,E01001115,11-12-2018,2,1,1,1,32,6,2,0,0,0,0,-1,4,-1
26259,75.87751174,22.70358954,1,3,2,1,3,09:35,20,E09000008,6,0,6,30,6,4,6,0,0,0,1,1,1,0,0,1,1,E01000986,08-11-2018,1,1,1,1,54,8,3,0,0,0,0,-1,9,1
26260,75.87369903,22.7463136,1,3,2,3,2,16:00,20,E09000008,5,0,1,30,1,4,5,0,0,0,1,1,1,0,0,1,1,E01001117,12-12-2018,2,1,1,1,44,7,3,0,0,0,0,-1,3,-1
26261,75.90235305,22.73947837,1,3,2,1,3,13:20,20,E09000008,6,0,6,30,0,-1,-1,0,0,0,1,1,1,0,0,1,1,E01001126,13-12-2018,2,1,1,1,38,7,3,0,0,0,0,-1,1,1
26262,75.84735579,22.70672346,1,3,2,1,2,07:15,20,E09000008,5,0,6,30,3,4,6,0,0,0,1,1,1,0,0,1,2,E01001003,12-12-2018,1,1,1,2,38,7,3,0,0,0,0,-1,2,-1
26263,75.8526405,22.74019594,1,3,2,1,2,19:00,20,E09000008,3,215,6,30,3,4,6,0,0,0,4,1,1,0,0,1,2,E01001191,10-10-2018,1,1,1,1,21,5,3,0,0,0,0,-1,2,-1
26264,75.89978819,22.75461703,1,3,2,1,7,22:24,20,E09000008,3,215,6,30,1,4,3,232,0,4,4,1,1,0,0,1,1,E01001062,17-12-2018,1,1,2,2,77,11,3,0,0,1,0,-1,9,1
26265,75.86146287,22.72382978,1,3,1,1,6,11:30,20,E09000008,3,215,6,30,3,4,3,215,0,0,1,1,1,0,0,1,1,E01001191,02-12-2018,1,1,2,2,29,6,3,0,0,0,3,-1,11,-1
26266,75.84416397,22.69071862,1,3,1,1,6,22:43,20,E09000008,3,235,2,30,3,4,6,0,0,0,4,1,1,0,0,1,1,E01001043,16-12-2018,1,1,2,1,9,2,3,0,0,0,3,-1,11,1
26267,75.90209346,22.75845941,1,2,2,1,6,14:55,20,E09000008,6,0,6,30,3,4,6,0,0,0,1,1,1,0,0,1,1,E01001056,16-12-2018,1,1,3,1,17,4,3,5,3,0,0,-1,0,1
26268,75.88255757,22.72146961,1,3,1,1,7,14:15,20,E09000008,3,2022,1,30,1,4,4,269,0,0,1,1,1,0,0,1,2,E01001102,17-12-2018,1,1,1,1,43,7,2,0,0,0,0,-1,5,1
26269,75.90477184,22.73435408,1,3,2,1,6,17:10,20,E09000008,5,0,6,30,3,4,6,0,0,0,4,1,1,0,0,1,1,E01000988,16-12-2018,1,2,3,2,76,11,2,5,1,0,0,-1,0,-1
26270,75.8911773,22.72115186,1,3,4,1,2,16:05,20,E09000008,3,23,3,30,6,2,5,0,0,5,4,1,1,0,0,1,1,E01001092,12-12-2018,1,1,1,1,25,5,3,0,0,0,0,-1,19,1
26271,75.88472159,22.73652755,1,2,1,1,6,15:06,20,E09000008,3,235,6,30,0,-1,-1,0,0,0,1,1,1,0,0,1,1,E01001178,28-10-2018,2,2,1,1,35,6,3,0,0,0,0,-1,9,-1
26272,75.87780698,22.74990307,1,3,1,1,3,17:14,20,E09000008,3,23,3,30,0,-1,-1,0,0,5,4,1,1,0,0,1,1,E01001029,20-12-2018,1,1,3,2,18,4,3,5,1,0,0,-1,0,1
26273,75.90243812,22.74868583,1,3,1,1,3,06:25,20,E09000008,4,266,6,30,3,4,6,0,0,1,4,8,4,0,0,1,1,E01001155,20-12-2018,1,1,1,2,18,4,3,0,0,0,0,-1,9,1
26274,75.87712544,22.68763629,1,3,1,1,7,13:30,20,E09000008,3,23,6,30,3,4,6,0,0,4,1,1,1,0,0,1,1,E01001091,17-12-2018,1,1,1,1,27,6,3,0,0,0,0,-1,3,-1
26275,75.82036996,22.70054747,1,3,1,1,3,10:34,20,E09000008,5,0,6,30,0,-1,-1,0,0,0,1,1,4,0,0,2,1,E01001060,11-10-2018,2,2,1,1,27,6,3,0,0,0,0,-1,9,1
26276,75.84151345,22.69857513,1,3,2,1,2,23:38,20,E09000008,5,0,6,30,3,4,3,235,0,0,4,1,1,0,0,1,1,E01001181,05-12-2018,1,1,2,1,24,5,3,0,0,0,0,-1,20,1
26277,75.8635886,22.69557634,1,3,2,1,5,13:25,20,E09000008,6,0,6,30,3,4,6,0,0,0,1,1,2,0,0,1,1,E01001067,15-12-2018,1,1,1,2,37,7,3,0,0,0,0,-1,9,1
26278,75.86850932,22.69802989,1,3,1,1,3,16:32,20,E09000008,3,2022,6,30,0,-1,-1,0,0,0,1,1,1,0,0,1,1,E01001126,13-12-2018,1,1,1,1,48,8,3,0,0,0,0,-1,9,1
26279,75.84967236,22.7313779,1,3,2,2,7,07:25,20,E09000008,3,23,6,30,3,4,6,0,0,0,1,1,1,0,0,1,1,E01001176,17-12-2018,1,1,1,1,32,6,3,0,0,0,0,-1,20,1
26280,75.81542175,22.70481141,1,3,1,1,5,14:15,20,E09000008,5,0,6,30,3,4,6,0,0,0,1,1,1,0,0,1,1,E01001093,15-12-2018,1,1,3,2,46,8,3,5,3,0,0,-1,0,-1
26281,75.882569,22.75632917,1,3,2,1,4,08:38,20,E09000008,6,0,6,30,3,4,6,0,0,0,1,1,1,0,0,1,1,E01001015,21-12-2018,1,1,3,1,9,2,3,5,1,0,0,-1,0,-1
26282,75.89386861,22.75327983,1,3,2,1,5,07:00,20,E09000008,3,237,6,30,3,4,6,0,0,0,4,1,2,0,0,1,1,E01001031,15-12-2018,1,2,1,1,34,6,3,0,0,0,0,-1,1,1
26283,75.84331215,22.72382291,1,2,2,1,6,00:01,20,E09000008,3,222,6,30,3,4,5,0,0,4,4,1,2,0,0,1,1,E01000988,23-12-2018,2,1,2,1,25,5,3,0,0,0,2,-1,11,1
26284,75.88762769,22.73291483,1,3,2,1,4,11:05,20,E09000008,6,0,6,30,3,4,6,0,0,0,1,1,1,0,0,1,1,E01001010,21-12-2018,1,1,3,1,45,7,3,5,1,0,0,-1,0,1
26285,75.90798559,22.76392918,1,3,2,3,4,17:10,20,E09000008,3,235,6,30,6,4,6,0,0,0,4,1,1,0,0,1,1,E01001095,14-12-2018,2,1,1,1,38,7,2,0,0,0,0,-1,4,1
26286,75.91225778,22.73653495,1,3,1,1,2,14:05,20,E09000008,4,269,6,30,3,4,6,0,0,0,1,2,2,0,0,1,1,E01001102,19-12-2018,1,1,3,1,24,5,3,4,1,0,0,-1,0,-1
26287,75.89348352,22.6937753,1,3,3,4,7,10:00,20,E09000008,3,213,6,30,6,2,5,0,0,5,1,1,1,0,0,1,1,E01001011,17-12-2018,1,1,1,1,25,5,3,0,0,0,0,-1,9,1
26288,75.84437992,22.69890507,1,3,2,1,7,22:57,7,E09000023,3,202,6,30,0,-1,-1,0,0,1,4,1,1,0,0,1,2,E01003339,10-12-2018,1,1,3,1,11,3,3,5,2,0,0,-1,0,1
26289,75.85222849,22.76504922,1,3,2,1,4,16:00,20,E09000008,5,0,6,30,3,4,6,0,0,0,1,1,1,0,0,1,1,E01001035,14-12-2018,2,1,1,1,37,7,2,0,0,0,0,-1,4,-1
26290,75.9115221,22.75420257,1,3,2,1,6,20:55,20,E09000008,5,0,6,30,3,2,6,0,0,0,4,1,1,4,0,1,1,E01001004,16-12-2018,1,1,2,2,7,2,3,0,0,2,0,-1,9,-1
26291,75.87989634,22.76770114,1,3,1,1,4,10:10,20,E09000008,3,215,6,30,3,4,6,0,0,0,1,1,1,0,0,1,1,E01000987,14-12-2018,1,2,2,2,8,2,3,0,0,2,0,-1,9,-1
26292,75.90010622,22.71527692,1,3,2,1,6,18:30,20,E09000008,3,23,6,30,3,4,6,0,0,0,4,1,1,0,0,1,2,E01001092,16-12-2018,1,3,2,1,9,2,3,0,0,2,0,-1,9,-1
26293,75.81653306,22.74522439,1,3,2,1,2,08:45,20,E09000008,4,272,6,30,3,4,3,2022,0,0,1,1,2,0,0,1,2,E01001092,19-12-2018,1,4,2,1,10,2,3,0,0,2,0,-1,9,-1
26294,75.84117837,22.71039837,1,3,2,1,4,15:45,20,E09000008,3,212,6,30,3,4,5,0,0,0,4,1,1,0,0,1,2,E01001122,21-12-2018,1,5,2,1,6,2,3,0,0,2,0,-1,9,-1
26295,75.9052935,22.69896576,1,2,2,1,1,18:50,20,E09000008,3,222,6,30,1,4,3,215,0,0,4,1,1,0,0,1,2,E01000992,25-12-2018,1,1,1,1,41,7,3,0,0,0,0,-1,9,1
26296,75.82797708,22.75663724,1,3,1,1,6,15:15,20,E09000008,4,2030,6,30,3,4,6,0,0,1,1,1,1,0,0,1,2,E01001020,16-12-2018,1,2,2,2,-1,-1,3,0,0,1,0,-1,9,1
26297,75.86865048,22.72904505,1,3,2,1,7,19:10,20,E09000008,3,23,6,30,0,-1,-1,0,0,0,4,1,1,0,0,1,2,E01001091,15-10-2018,1,1,3,1,9,2,3,5,1,0,0,-1,0,1
26298,75.84516132,22.76120334,1,3,2,1,1,12:40,20,E09000008,6,0,6,30,6,4,6,0,0,0,1,1,1,0,0,1,2,E01001144,25-12-2018,1,1,1,1,37,7,3,0,0,0,0,-1,5,1
26299,75.85420541,22.70068897,1,3,2,1,4,15:43,20,E09000008,3,222,6,30,3,4,5,0,0,0,4,1,1,0,0,1,1,E01000993,14-12-2018,1,1,3,1,44,7,3,5,1,0,0,-1,0,-1
26300,75.90712945,22.74138536,1,3,2,1,2,21:37,20,E09000008,3,222,6,30,3,2,3,222,0,5,4,1,1,0,0,1,1,E01000976,26-12-2018,1,1,1,1,20,4,3,0,0,0,0,-1,2,-1
26301,75.90005821,22.6884146,1,3,1,1,1,18:05,20,E09000008,3,222,6,30,3,4,6,0,0,0,1,1,1,0,0,1,1,E01000979,04-12-2018,1,1,1,2,23,5,3,0,0,0,0,-1,2,1
26302,75.91341549,22.73317481,1,3,1,1,4,10:10,20,E09000008,3,222,6,30,3,4,6,0,0,0,1,1,2,0,0,1,1,E01000988,21-12-2018,2,1,1,2,55,8,3,0,0,0,0,-1,9,-1
26303,75.88553845,22.73018295,1,3,2,2,4,21:10,20,E09000008,5,0,6,20,0,-1,-1,0,0,0,4,1,1,0,0,1,1,E01001124,14-12-2018,1,1,1,1,24,5,3,0,0,0,0,-1,9,1
26304,75.88251369,22.68905604,1,3,1,1,2,19:15,20,E09000008,3,215,6,30,8,4,6,0,0,8,1,1,1,0,0,1,1,E01001139,19-12-2018,1,1,3,1,23,5,3,1,1,0,0,-1,0,1
26305,75.88587941,22.72435941,1,3,2,2,7,11:30,20,E09000008,5,0,6,30,3,4,6,0,0,1,1,1,1,0,0,1,1,E01001173,01-10-2018,1,1,3,2,24,5,3,9,6,0,0,-1,0,1
26306,75.82230835,22.74877238,1,3,1,1,7,10:21,20,E09000008,3,23,6,30,3,4,6,0,0,1,1,1,1,0,0,1,1,E01001183,17-12-2018,1,1,1,1,30,6,3,0,0,0,0,-1,1,1
26307,75.82815001,22.73954076,1,3,2,2,3,08:10,22,E09000024,3,239,6,30,3,4,3,239,0,0,1,1,1,0,0,1,2,E01003375,27-12-2018,2,1,1,1,34,6,3,0,0,0,0,-1,5,1
26308,75.86827966,22.69343838,1,3,2,1,6,11:30,20,E09000008,5,0,6,30,0,-1,-1,0,0,0,1,1,1,0,0,1,1,E01001063,23-12-2018,1,1,1,1,47,8,3,0,0,0,0,-1,5,1
26309,75.82929501,22.766144,1,2,2,1,7,18:15,20,E09000008,5,0,6,30,6,4,6,0,0,0,4,1,1,0,0,1,1,E01001043,31-12-2018,1,1,3,1,24,5,2,8,9,0,0,-1,0,1
26310,75.84017079,22.74894412,1,3,1,2,1,07:20,20,E09000008,6,0,6,30,3,4,6,0,0,0,1,7,4,0,0,1,1,E01001109,20-11-2018,2,1,1,2,21,5,3,0,0,0,0,-1,3,1
26311,75.81890599,22.69812452,1,3,1,1,2,14:40,20,E09000008,6,0,6,30,3,4,3,213,0,1,1,1,1,0,0,1,1,E01001109,28-11-2018,1,1,3,1,11,3,3,5,3,0,0,-1,0,-1
26312,75.84833499,22.76417956,1,3,3,1,3,20:05,20,E09000008,3,235,6,30,3,4,6,0,0,0,4,8,2,0,0,1,1,E01001043,27-12-2018,1,1,2,1,50,8,3,0,0,0,2,-1,11,-1
26313,75.84929176,22.71213239,1,3,4,1,5,09:17,20,E09000008,3,215,6,30,6,2,3,213,0,5,1,1,1,0,0,1,1,E01001145,15-12-2018,2,1,1,1,-1,-1,3,0,0,0,0,-1,3,1
26314,75.81335713,22.76436074,1,2,1,1,3,18:45,20,E09000008,3,235,6,30,0,-1,-1,0,0,0,4,1,2,0,0,1,1,E01001013,27-12-2018,1,1,1,1,78,11,3,0,0,0,0,-1,3,1
26315,75.87585581,22.76044814,1,3,1,1,7,22:30,20,E09000008,3,23,6,30,3,2,6,0,0,5,4,8,2,0,0,1,1,E01001167,24-12-2018,1,1,1,1,36,7,3,0,0,0,0,-1,1,-1
26316,75.8742145,22.75511148,1,3,1,1,3,08:57,20,E09000008,3,232,2,30,0,-1,-1,0,0,0,1,1,1,0,0,1,1,E01001043,20-12-2018,2,2,1,1,43,7,3,0,0,0,0,-1,3,1
26317,75.84927536,22.72615038,1,3,2,1,5,17:22,20,E09000008,5,0,6,30,6,4,6,0,0,4,7,1,1,0,0,1,1,E01001178,22-12-2018,1,1,1,1,35,6,3,0,0,0,0,-1,3,1
26318,75.86262913,22.729627,1,3,2,1,1,12:32,20,E09000008,4,266,6,30,0,-1,-1,0,0,0,1,1,1,0,0,1,1,E01001154,25-12-2018,1,1,1,2,29,6,3,0,0,0,0,-1,3,1
26319,75.90429992,22.72330785,1,3,1,1,6,16:30,20,E09000008,5,0,7,30,0,-1,-1,0,0,0,4,1,1,0,0,2,1,E01001065,23-12-2018,2,1,1,1,65,9,3,0,0,0,0,-1,3,1
26320,75.85706296,22.73751115,1,3,1,1,5,18:30,20,E09000008,6,0,6,30,3,4,3,213,0,4,4,1,1,0,0,1,1,E01001109,08-12-2018,1,1,1,1,54,8,3,0,0,0,0,-1,5,1
26321,75.91457802,22.72786072,1,3,2,1,1,11:05,20,E09000008,5,0,6,30,6,4,5,0,0,0,1,1,1,0,0,1,1,E01001054,25-12-2018,1,1,1,1,35,6,3,0,0,0,0,-1,19,-1
26322,75.84794761,22.70827739,1,2,1,1,6,22:40,20,E09000008,3,2022,6,30,3,4,6,0,0,0,4,1,1,0,0,1,1,E01001094,23-12-2018,1,1,3,2,23,5,3,5,4,0,0,-1,0,-1
26323,75.8621028,22.72593021,1,3,1,1,6,16:55,20,E09000008,6,0,6,30,9,4,3,232,0,0,4,2,2,0,0,1,1,E01001043,30-12-2018,1,1,3,1,18,4,3,5,1,0,0,-1,0,-1
26324,75.90097319,22.73759165,1,3,2,1,2,11:38,20,E09000008,4,271,6,30,7,2,3,23,0,0,1,1,1,0,0,1,1,E01001167,19-12-2018,1,1,1,1,67,10,3,0,0,0,0,-1,9,-1
26325,75.84679018,22.73453931,1,3,2,1,2,00:25,20,E09000008,5,0,9,30,6,4,6,0,0,1,4,1,2,0,0,1,1,E01000998,26-12-2018,1,1,1,1,-1,-1,3,0,0,0,0,-1,3,1
26326,75.84831935,22.70442875,1,3,2,2,7,16:55,20,E09000008,3,222,6,30,3,4,5,0,0,0,4,1,1,0,0,1,1,E01000976,31-12-2018,1,1,3,1,18,4,3,5,3,0,0,-1,0,-1
26327,75.8889719,22.76869612,1,3,3,2,7,15:50,20,E09000008,3,212,1,30,1,4,3,222,0,0,1,1,2,0,0,1,1,E01001110,24-12-2018,2,1,1,1,20,4,3,0,0,0,0,-1,3,-1
26328,75.87552702,22.72883432,1,3,2,1,1,22:40,20,E09000008,5,0,6,30,6,4,6,0,0,0,4,1,2,0,0,1,1,E01001089,25-12-2018,1,1,1,2,17,4,3,0,0,0,0,-1,9,-1
26329,75.9070741,22.70689008,1,3,2,1,6,22:15,20,E09000008,5,0,6,30,3,4,5,0,0,0,4,2,2,0,0,2,1,E01001082,30-12-2018,2,1,1,1,31,6,3,0,0,0,0,-1,4,1
26330,75.90237678,22.70731935,1,2,2,1,4,09:20,20,E09000008,3,215,6,30,8,4,6,0,0,0,1,1,2,0,0,1,1,E01001158,21-12-2018,2,1,1,1,32,6,3,0,0,0,0,-1,4,1
26331,75.84943304,22.69931663,1,3,2,2,5,20:34,20,E09000008,6,0,6,30,3,4,6,0,0,0,4,1,2,0,0,1,1,E01001177,29-12-2018,1,1,1,1,46,8,3,0,0,0,0,-1,9,1
26332,75.85450384,22.69939461,1,2,1,1,6,15:15,20,E09000008,6,0,2,30,3,2,6,0,0,5,1,1,1,0,0,1,1,E01001042,23-12-2018,2,1,1,2,34,6,3,0,0,0,0,-1,9,3
26333,75.84684513,22.73577198,1,2,2,1,4,16:25,20,E09000008,3,232,6,20,0,-1,-1,0,0,0,4,1,1,0,0,1,3,E01001063,28-12-2018,1,1,1,1,32,6,3,0,0,0,0,-1,5,1
26334,75.83690712,22.69795624,1,3,1,1,7,13:51,20,E09000008,5,0,1,30,1,4,6,0,0,0,1,1,1,0,0,1,1,E01001193,24-12-2018,1,1,3,1,37,7,3,10,1,0,0,-1,0,1
26335,75.83954725,22.71703452,1,2,2,1,4,13:00,20,E09000008,6,0,9,30,0,-1,-1,0,0,0,1,1,1,0,0,1,1,E01001010,14-12-2018,1,1,2,1,47,8,3,0,0,0,3,-1,11,-1
26336,75.91203559,22.70735586,1,3,2,2,3,15:15,20,E09000008,3,212,1,30,2,4,4,243,0,8,1,1,2,0,0,1,1,E01001035,20-12-2018,1,1,3,1,71,10,2,5,1,0,0,-1,0,-1
26337,75.88529304,22.75475279,1,2,1,1,1,15:10,20,E09000008,4,275,6,30,3,2,3,235,0,0,1,1,1,0,0,1,1,E01001170,04-12-2018,1,1,1,2,57,9,3,0,0,0,0,-1,9,1
26338,75.85582693,22.68757785,1,3,2,1,2,21:50,20,E09000008,5,0,9,30,0,-1,-1,0,0,0,7,9,2,0,0,1,1,E01001080,26-12-2018,1,1,1,1,20,4,3,0,0,0,0,-1,4,1
26339,75.83395368,22.74853557,1,3,2,2,5,21:45,20,E09000008,3,23,3,30,3,2,3,237,0,5,4,1,1,0,0,1,2,E01001023,01-09-2018,1,1,3,1,12,3,3,4,1,0,0,-1,0,1
26340,75.87376276,22.73680141,1,3,1,2,2,16:55,20,E09000008,3,235,6,30,3,4,6,0,0,1,4,1,1,0,0,1,1,E01001011,21-11-2018,2,1,1,1,36,7,3,0,0,0,0,-1,9,1
26341,75.82203136,22.69058522,1,3,2,1,2,21:15,20,E09000008,6,0,6,30,3,4,6,0,0,0,4,2,2,0,0,1,2,E01001010,31-10-2018,2,1,1,1,62,9,3,0,0,0,0,-1,9,1
26342,75.87598926,22.70297614,1,3,3,4,1,18:15,20,E09000008,3,23,6,30,6,2,5,0,0,5,4,1,1,0,0,1,2,E01001165,16-10-2018,1,1,1,1,52,8,3,0,0,0,0,-1,5,1
26343,75.86387524,22.7113196,1,3,1,1,3,16:28,21,E09000029,6,0,6,30,3,4,4,2230,0,0,4,2,2,0,0,1,1,E01004123,04-01-2018,1,1,3,2,4,1,3,7,9,0,0,-1,0,1
26344,75.83337404,22.73081012,1,3,2,1,3,19:20,21,E09000029,4,271,6,30,3,4,6,0,0,0,4,5,2,0,0,1,3,E01004086,04-01-2018,2,1,1,2,49,8,3,0,0,0,0,-1,10,1
26345,75.90167667,22.70353555,1,3,1,1,3,09:55,21,E09000029,6,0,6,30,6,4,6,0,0,0,1,1,1,0,0,1,2,E01004156,04-01-2018,1,1,1,1,47,8,3,0,0,0,0,-1,5,1
26346,75.84269116,22.74805839,1,3,2,1,5,07:20,21,E09000029,6,0,6,30,3,4,6,0,0,0,1,1,1,0,0,1,1,E01004106,06-01-2018,1,1,2,2,-1,-1,3,0,0,1,0,-1,9,1
26347,75.82330224,22.75164914,1,3,2,1,6,09:10,21,E09000029,3,232,6,30,0,-1,-1,0,0,0,1,1,1,0,0,1,3,E01030398,07-01-2018,1,1,1,1,37,7,3,0,0,0,0,-1,9,-1
26348,75.85893728,22.76627126,1,3,2,1,1,11:22,21,E09000029,6,0,6,30,0,-1,-1,0,0,0,1,1,1,0,0,1,1,E01004102,09-01-2018,2,1,1,1,26,6,3,0,0,0,0,-1,1,1
26349,75.87205847,22.7435907,1,3,2,1,1,17:15,21,E09000029,4,272,1,60,1,4,6,0,0,0,4,2,2,0,0,1,1,E01004076,09-01-2018,2,1,1,2,21,5,3,0,0,0,0,-1,9,-1
26350,75.91243181,22.69260344,1,3,2,3,3,17:30,21,E09000029,4,2230,6,30,0,-1,-1,0,0,0,4,2,2,0,0,1,3,E01004094,11-01-2018,1,1,2,1,42,7,3,0,0,1,0,-1,9,1
26351,75.91114636,22.74722894,1,3,1,1,2,18:41,21,E09000029,5,0,6,30,3,4,5,0,0,0,4,1,1,0,0,1,1,E01004165,10-01-2018,2,2,1,1,32,6,3,0,0,0,0,-1,9,1
26352,75.91432513,22.74806863,1,3,3,1,7,17:40,21,E09000029,3,217,6,30,0,-1,-1,0,0,0,4,1,1,0,0,1,2,E01004159,01-01-2018,1,1,1,1,31,6,3,0,0,0,0,-1,9,1
26353,75.86042955,22.70132192,1,3,1,1,6,20:50,21,E09000029,6,0,1,30,2,4,6,0,0,0,4,1,1,0,0,1,1,E01004147,14-01-2018,1,1,1,2,30,6,3,0,0,0,0,-1,9,1
26354,75.8466208,22.69525143,1,3,2,2,6,19:28,21,E09000029,5,0,6,30,0,-1,-1,0,0,0,4,1,1,0,0,1,1,E01004100,14-01-2018,1,1,3,2,29,6,3,1,3,0,0,-1,0,1
26355,75.88152355,22.75027888,1,3,1,1,7,00:05,21,E09000029,3,2043,6,30,3,4,6,0,0,8,4,1,1,0,0,1,1,E01004121,15-01-2018,1,1,2,2,70,10,3,0,0,0,2,-1,11,1
26356,75.81539263,22.75057709,1,3,2,1,1,18:30,21,E09000029,4,2230,6,30,3,4,6,0,0,0,4,1,1,0,0,1,1,E01004153,16-01-2018,2,1,2,2,50,8,3,0,0,1,0,-1,9,1
26357,75.82700941,22.72156743,1,3,2,1,2,14:38,21,E09000029,4,2230,6,30,8,4,6,0,0,0,1,2,2,0,0,1,1,E01004142,17-01-2018,1,1,1,1,23,5,3,0,0,0,0,-1,9,1
26358,75.82277097,22.70327328,1,3,2,2,2,11:04,21,E09000029,3,24,3,40,6,2,4,279,0,5,1,1,2,0,0,1,1,E01004134,17-01-2018,2,2,2,2,70,10,3,0,0,2,0,-1,9,-1
26359,75.91263914,22.70596597,1,3,1,1,3,07:40,21,E09000029,4,278,6,30,0,-1,-1,0,0,0,1,1,1,0,0,1,1,E01004100,18-01-2018,2,3,2,1,16,4,3,0,0,2,0,-1,9,-1
26360,75.83992953,22.74099669,1,3,1,1,3,08:55,21,E09000029,3,2043,6,30,0,-1,-1,0,0,0,1,2,2,0,0,1,1,E01004118,18-01-2018,2,4,2,1,16,4,3,0,0,2,0,-1,9,1