Accident_Index,longitude,latitude,Police_Force,Accident_Severity,Number_of_Vehicles,Number_of_Casualties,Day_of_Week,Time,Local_Authority_(District),Local_Authority_(Highway),1st_Road_Class,1st_Road_Number,Road_Type,Speed_limit,Junction_Detail,Junction_Control,2nd_Road_Class,2nd_Road_Number,Pedestrian_Crossing-Human_Control,Pedestrian_Crossing-Physical_Facilities,Light_Conditions,Weather_Conditions,Road_Surface_Conditions,Special_Conditions_at_Site,Carriageway_Hazards,Urban_or_Rural_Area,Did_Police_Officer_Attend_Scene_of_Accident,LSOA_of_Accident_Location,Date,Vehicle_Reference,Casualty_Reference,Casualty_Class,Sex_of_Casualty,Age_of_Casualty,Age_Band_of_Casualty,Casualty_Severity,Pedestrian_Location,Pedestrian_Movement,Car_Passenger,Bus_or_Coach_Passenger,Pedestrian_Road_Maintenance_Worker,Casualty_Type,Casualty_Home_Area_Type
26482,75.85560507,22.75771615,1,2,2,1,5,16:41,21,E09000029,3,232,6,30,3,4,5,0,0,0,1,1,1,0,0,1,1,E01004103,28-04-2018,1,1,3,2,13,3,3,5,3,0,0,-1,0,1
26483,75.90799036,22.70712996,1,3,3,3,7,12:30,21,E09000029,3,2022,6,30,8,4,3,2022,0,0,1,1,1,0,0,2,1,E01004108,30-04-2018,1,1,3,1,23,5,3,5,1,0,0,-1,0,-1
26484,75.89361041,22.73313193,1,3,1,1,1,11:18,21,E09000029,4,2230,6,30,0,-1,-1,0,0,0,1,1,1,0,0,1,1,E01004123,01-05-2018,1,1,3,1,29,6,2,5,1,0,0,-1,0,-1
26485,75.8308619,22.76765848,1,2,2,1,3,09:00,21,E09000029,5,0,6,30,7,4,6,0,0,0,1,1,1,0,0,1,1,E01004176,03-05-2018,1,1,3,1,8,2,3,9,5,0,0,-1,0,-1
26486,75.90594957,22.72646226,1,2,2,1,7,09:50,21,E09000029,3,237,6,30,8,4,6,0,0,0,1,1,1,0,0,1,2,E01004175,07-05-2018,1,1,1,2,55,8,2,0,0,0,0,-1,90,1
26487,75.87723222,22.76031778,1,3,2,1,4,17:20,21,E09000029,4,279,6,30,3,4,6,0,0,0,1,1,1,0,0,1,1,E01004134,27-04-2018,1,1,1,1,61,9,3,0,0,0,0,-1,9,1
26488,75.89427312,22.7240937,1,3,2,2,2,16:15,21,E09000029,5,0,6,30,3,4,6,0,0,0,1,1,1,0,0,1,1,E01004092,02-05-2018,1,1,1,2,57,9,3,0,0,0,0,-1,9,1
26489,75.86116158,22.70050928,1,3,2,3,4,22:30,21,E09000029,3,24,6,30,3,2,5,0,0,5,4,1,1,0,0,1,1,E01004131,04-05-2018,1,1,1,1,45,7,3,0,0,0,0,-1,9,1
26490,75.8946087,22.7293483,1,3,2,1,5,13:21,21,E09000029,3,232,6,30,3,4,6,0,0,0,1,1,1,0,0,1,1,E01004139,05-05-2018,1,1,2,1,91,11,2,0,0,0,1,-1,11,1
26491,75.90833185,22.74396964,1,3,2,1,6,17:10,21,E09000029,4,2230,6,30,0,-1,-1,0,0,0,1,1,1,0,0,1,2,E01004096,06-05-2018,1,1,2,2,26,6,2,0,0,0,4,-1,11,1
26492,75.88945769,22.72783138,1,3,2,1,6,17:40,21,E09000029,3,232,6,30,3,4,5,0,0,0,1,1,1,0,0,1,1,E01004103,06-05-2018,2,1,1,1,9,2,3,0,0,0,0,-1,1,-1
26493,75.83508104,22.69884916,1,3,2,1,7,00:20,21,E09000029,4,2230,6,30,0,-1,-1,0,0,5,4,1,1,0,0,1,1,E01004152,07-05-2018,1,1,1,2,-1,-1,3,0,0,0,0,-1,9,1
26494,75.88698086,22.76342289,1,3,2,1,1,18:50,21,E09000029,3,232,6,30,6,2,3,217,0,5,1,1,1,0,0,1,1,E01004110,08-05-2018,2,1,1,2,27,6,3,0,0,0,0,-1,3,1
26495,75.89496958,22.69278113,1,3,1,1,4,15:38,21,E09000029,5,0,6,30,0,-1,-1,0,0,0,1,1,1,0,0,1,1,E01004089,04-05-2018,1,1,1,1,18,4,3,0,0,0,0,-1,9,1
26496,75.82666394,22.71356765,1,3,2,1,2,08:32,21,E09000029,5,0,6,30,6,2,3,217,0,5,1,1,1,0,0,1,1,E01004159,09-05-2018,2,2,1,2,22,5,3,0,0,0,0,-1,9,1
26497,75.90584373,22.76990735,1,3,1,1,3,10:03,21,E09000029,3,217,6,30,0,-1,-1,0,0,0,1,1,1,0,0,1,1,E01004148,19-04-2018,1,1,1,1,37,7,3,0,0,0,0,-1,9,1
26498,75.87841673,22.69099177,1,3,3,2,5,12:12,21,E09000029,4,2230,6,30,0,-1,-1,0,0,0,1,1,1,0,0,1,1,E01004146,05-05-2018,2,1,1,1,60,9,3,0,0,0,0,-1,9,1
26499,75.90609774,22.70886942,1,3,3,1,4,21:49,21,E09000029,6,0,6,30,8,4,6,0,0,0,4,1,1,0,0,1,1,E01004086,11-05-2018,1,1,1,2,31,6,3,0,0,0,0,-1,9,3
26500,75.86152228,22.69205675,1,3,1,1,7,11:30,21,E09000029,5,0,6,30,3,4,4,2230,0,0,1,1,1,0,0,1,2,E01004146,14-05-2018,1,1,1,1,51,8,3,0,0,0,0,-1,5,1
26501,75.91453851,22.73971119,1,3,2,2,2,21:18,21,E09000029,5,0,6,30,3,4,5,0,0,0,4,2,2,0,0,1,1,E01004185,16-05-2018,1,1,3,2,16,4,2,5,1,0,0,-1,0,1
26502,75.83256826,22.7201096,1,3,3,1,2,16:25,20,E09000008,3,232,6,30,3,4,6,0,0,0,1,2,2,0,0,1,1,E01001167,16-05-2018,1,1,1,2,18,4,3,0,0,0,0,-1,4,1
26503,75.81556269,22.69573718,1,3,2,1,3,18:58,21,E09000029,6,0,6,30,3,4,4,279,0,0,1,1,1,0,0,1,1,E01004130,17-05-2018,2,1,1,1,-1,-1,3,0,0,0,0,-1,9,1
26504,75.82334165,22.69125115,1,3,1,1,3,17:06,21,E09000029,3,237,6,30,0,-1,-1,0,0,0,1,1,1,0,0,1,1,E01004181,17-05-2018,1,1,1,2,39,7,3,0,0,0,0,-1,9,1
26505,75.88212617,22.68878666,1,3,1,1,6,17:41,21,E09000029,3,2043,6,30,0,-1,-1,0,0,0,1,1,1,0,0,1,1,E01004110,29-04-2018,2,1,1,1,24,5,3,0,0,0,0,-1,1,1
26506,75.82526614,22.73795021,1,3,1,1,1,16:52,21,E09000029,4,2230,2,30,3,4,6,0,0,4,1,1,1,0,0,1,1,E01004142,15-05-2018,1,1,1,1,29,6,3,0,0,0,0,-1,9,1
26507,75.88427963,22.72052653,1,3,2,1,4,23:45,21,E09000029,6,0,6,30,3,4,6,0,0,0,4,1,1,0,0,1,1,E01004116,18-05-2018,2,2,1,1,32,6,3,0,0,0,0,-1,9,1
26508,75.84770809,22.75752845,1,3,3,1,5,16:20,21,E09000029,4,2230,6,30,5,2,6,0,0,0,1,2,2,0,0,1,2,E01004146,19-05-2018,2,1,1,1,30,6,3,0,0,0,0,-1,9,1
26509,75.89214466,22.72803115,1,3,2,1,6,18:51,21,E09000029,3,237,6,30,3,4,6,0,0,0,1,1,1,0,0,1,1,E01004084,20-05-2018,1,1,3,2,50,8,3,5,1,0,0,-1,0,1
26510,75.86699717,22.72330872,1,3,3,2,6,16:50,21,E09000029,3,24,6,30,6,2,4,279,0,0,1,1,1,0,0,1,2,E01004134,20-05-2018,1,1,3,1,11,3,3,5,9,0,0,-1,0,1
26511,75.91094079,22.73044831,1,2,2,2,6,22:15,21,E09000029,3,237,6,30,3,4,6,0,0,0,4,1,1,0,0,1,1,E01004170,20-05-2018,2,1,1,1,16,4,3,0,0,0,0,-1,1,1
26512,75.82341168,22.72659034,1,3,2,1,7,12:00,21,E09000029,5,0,6,30,8,4,6,0,0,0,1,1,1,0,0,1,2,E01004114,28-05-2018,1,1,2,2,30,6,3,0,0,1,0,-1,9,1
26513,75.88087592,22.70199842,1,3,1,1,2,10:42,21,E09000029,3,237,6,30,6,2,4,271,0,5,1,1,1,0,0,1,1,E01004177,23-05-2018,1,1,1,1,25,5,3,0,0,0,0,-1,1,1
26514,75.82650945,22.75460262,1,3,1,1,1,10:00,21,E09000029,6,0,6,30,0,-1,-1,0,0,0,1,1,1,0,0,1,1,E01004092,15-05-2018,1,1,1,1,28,6,3,0,0,0,0,-1,5,-1
26515,75.88506682,22.76434515,1,3,3,1,3,16:30,21,E09000029,4,271,6,30,6,2,3,237,0,5,1,1,1,0,0,1,2,E01004177,17-05-2018,1,2,3,2,42,7,3,5,9,0,0,-1,0,1
26516,75.82022788,22.74911784,1,3,1,1,4,20:00,21,E09000029,3,2043,6,30,0,-1,-1,0,0,0,1,1,1,0,0,1,1,E01004118,04-05-2018,1,3,3,2,6,2,3,5,9,0,0,-1,0,1
26517,75.88663506,22.75491081,1,3,1,1,2,17:30,21,E09000029,5,0,6,30,0,-1,-1,0,0,0,1,1,1,0,0,1,1,E01004129,23-05-2018,2,1,2,1,6,2,3,0,0,2,0,-1,9,1
26518,75.84722331,22.76416645,1,3,2,1,2,13:50,21,E09000029,3,217,6,30,0,-1,-1,0,0,0,1,1,1,0,0,1,1,E01004113,23-05-2018,1,1,1,1,58,9,3,0,0,0,0,-1,19,1
26519,75.89512251,22.75745309,1,3,2,1,5,13:00,21,E09000029,3,232,6,30,3,4,6,0,0,5,1,1,1,0,0,1,1,E01004142,26-05-2018,1,1,1,2,43,7,3,0,0,0,0,-1,9,1
26520,75.86761691,22.69448738,1,2,2,1,4,20:30,21,E09000029,5,0,6,30,0,-1,-1,0,0,0,1,1,1,0,0,1,1,E01004185,18-05-2018,1,1,1,2,27,6,3,0,0,0,0,-1,1,1
26521,75.83402797,22.73381436,1,3,2,1,2,23:02,21,E09000029,3,217,6,30,6,4,6,0,0,0,4,1,1,0,0,1,1,E01004113,23-05-2018,1,1,1,1,48,8,3,0,0,0,0,-1,11,1
26522,75.85203726,22.71560283,1,3,4,1,4,21:01,21,E09000029,4,278,6,30,0,-1,-1,0,0,0,4,1,1,0,0,1,1,E01004128,18-05-2018,1,1,1,2,31,6,3,0,0,0,0,-1,9,1
26523,75.90770111,22.75186747,1,3,2,1,7,10:58,21,E09000029,3,2043,6,30,3,4,6,0,0,0,1,1,1,0,0,1,1,E01004122,28-05-2018,1,1,1,1,35,6,3,0,0,0,0,-1,9,1
26524,75.86130677,22.7058449,1,3,3,1,4,19:07,21,E09000029,5,0,6,30,0,-1,-1,0,0,0,1,1,1,0,0,2,1,E01004108,25-05-2018,1,1,1,1,46,8,3,0,0,0,0,-1,5,1
26525,75.89900877,22.72785732,1,3,2,1,7,11:55,21,E09000029,3,237,6,30,3,4,6,0,0,0,1,1,1,0,0,1,1,E01004084,28-05-2018,1,1,1,2,36,7,3,0,0,0,0,-1,9,1
26526,75.90371843,22.71525717,1,3,3,2,7,17:30,21,E09000029,4,2230,1,30,1,4,4,278,0,1,1,1,1,0,0,1,1,E01004123,28-05-2018,1,1,3,1,57,9,3,6,9,0,0,-1,0,1
26527,75.87344316,22.6913596,1,3,2,1,2,09:40,21,E09000029,4,271,6,30,3,4,6,0,0,0,1,1,1,0,0,1,1,E01004086,16-05-2018,1,1,1,1,27,6,3,0,0,0,0,-1,2,1
26528,75.84647403,22.73961545,1,3,2,1,6,11:30,21,E09000029,4,278,6,30,3,4,6,0,0,0,1,2,2,0,0,1,1,E01004098,20-05-2018,1,1,3,1,39,7,3,1,1,0,0,-1,0,1
26529,75.85653825,22.76916239,1,3,2,1,2,13:20,21,E09000029,6,0,6,30,0,-1,-1,0,0,0,1,1,1,0,0,1,1,E01004147,16-05-2018,2,1,1,1,18,4,3,0,0,0,0,-1,3,3
26530,75.86819814,22.72450516,1,3,1,1,6,18:00,21,E09000029,5,0,6,30,6,2,3,217,0,5,1,1,1,0,0,1,1,E01004129,06-05-2018,1,1,1,1,35,6,3,0,0,0,0,-1,9,1
26531,75.91291623,22.73628996,1,3,2,1,7,11:00,21,E09000029,6,0,6,30,0,-1,-1,0,0,0,1,1,1,0,0,1,2,E01004107,04-06-2018,1,1,3,2,11,3,3,5,2,0,0,-1,0,-1
26532,75.84882437,22.74788018,1,3,2,1,7,12:34,21,E09000029,3,232,6,30,0,-1,-1,0,0,0,1,1,1,0,0,1,1,E01004110,04-06-2018,1,1,2,1,51,8,3,0,0,0,3,-1,11,-1
26533,75.81695295,22.74475466,1,3,3,2,1,16:12,21,E09000029,4,277,6,30,0,-1,-1,0,0,0,1,1,1,0,0,1,1,E01004164,29-05-2018,2,1,2,2,40,7,3,0,0,1,0,-1,9,1
26534,75.85917705,22.69808804,1,3,2,2,4,18:20,21,E09000029,3,2043,6,30,3,4,6,0,0,0,1,1,1,0,0,1,2,E01004122,08-06-2018,2,2,1,1,52,8,3,0,0,0,0,-1,9,1
26535,75.82564212,22.70142267,1,2,1,1,5,07:20,21,E09000029,3,24,6,30,3,4,6,0,0,0,1,1,1,0,0,1,1,E01004116,26-05-2018,1,1,1,1,22,5,3,0,0,0,0,-1,1,1
26536,75.88867612,22.76912973,1,3,2,1,6,13:00,21,E09000029,3,2043,6,30,3,4,6,0,0,0,1,1,1,0,0,1,1,E01004191,27-05-2018,1,1,1,2,38,7,3,0,0,0,0,-1,9,1
26537,75.81742034,22.73729634,1,3,2,1,6,18:20,21,E09000029,3,24,6,30,0,-1,-1,0,0,0,1,1,1,0,0,1,1,E01004118,01-04-2018,1,1,3,1,8,2,3,5,1,0,0,-1,0,1
26538,75.82699472,22.70976823,1,3,2,2,1,16:15,21,E09000029,3,237,6,30,3,4,6,0,0,0,1,1,1,0,0,1,2,E01004175,05-06-2018,1,1,1,2,9,2,3,0,0,0,0,-1,1,1
26539,75.87603956,22.71224366,1,2,2,1,1,12:00,21,E09000029,4,2230,6,30,3,4,6,0,0,0,1,1,1,0,0,1,2,E01004142,12-06-2018,1,1,1,1,25,5,2,0,0,0,0,-1,3,-1
26540,75.90413049,22.69635871,1,3,2,2,1,12:14,21,E09000029,3,217,3,30,6,2,5,0,0,0,1,1,1,0,0,1,1,E01004130,12-06-2018,1,1,1,1,-1,-1,3,0,0,0,0,-1,9,-1
26541,75.91480242,22.74349064,1,3,3,1,5,22:55,21,E09000029,3,24,3,30,6,2,3,2043,0,5,4,1,1,0,0,1,2,E01004118,16-06-2018,2,1,2,2,34,6,3,0,0,1,0,-1,9,1
26542,75.84985675,22.69352876,1,2,3,1,7,12:40,21,E09000029,4,2230,6,30,5,4,6,0,0,0,1,1,1,0,0,1,1,E01004144,18-06-2018,1,1,3,1,44,7,3,6,9,0,0,-1,0,1
26543,75.84007498,22.73111384,1,3,3,1,7,15:54,21,E09000029,3,232,6,30,6,4,6,0,0,0,1,1,1,0,0,1,1,E01004162,18-06-2018,1,1,1,1,55,8,3,0,0,0,0,-1,19,1
26544,75.82465923,22.7415462,1,3,4,1,2,17:25,21,E09000029,4,278,6,30,3,4,6,0,0,0,1,1,1,0,0,1,1,E01004098,20-06-2018,1,1,2,2,32,6,3,0,0,2,0,-1,9,1
26545,75.86563607,22.68731533,1,3,2,1,6,15:35,21,E09000029,3,232,6,30,0,-1,-1,0,0,0,1,1,1,0,0,1,2,E01004142,17-06-2018,1,1,1,1,26,6,3,0,0,0,0,-1,3,1
26546,75.88641384,22.73466253,1,3,2,1,2,17:40,21,E09000029,3,232,6,30,3,2,4,2230,0,5,1,1,1,0,0,1,2,E01004142,20-06-2018,1,1,1,2,40,7,3,0,0,0,0,-1,9,1
26547,75.89428089,22.70948487,1,3,4,3,4,17:25,21,E09000029,4,2230,6,30,3,4,6,0,0,0,1,1,1,0,0,1,1,E01004096,22-06-2018,1,1,3,2,44,7,3,5,1,0,0,-1,0,1
26548,75.88978456,22.74720544,1,3,2,2,5,19:48,21,E09000029,3,2022,6,30,3,4,6,0,0,0,4,1,1,0,0,2,1,E01004108,16-06-2018,1,1,1,2,27,6,3,0,0,0,0,-1,9,1
26549,75.81419445,22.76927821,1,3,2,1,7,11:55,21,E09000029,6,0,6,30,3,4,6,0,0,0,1,1,1,0,0,1,1,E01004123,11-06-2018,1,1,1,1,47,8,3,0,0,0,0,-1,1,1
26550,75.8254198,22.74073152,1,3,2,1,7,14:10,21,E09000029,4,2230,6,30,3,4,6,0,0,0,1,1,1,0,0,1,1,E01004090,04-06-2018,1,1,1,1,36,7,3,0,0,0,0,-1,5,1
26551,75.85349298,22.73508784,1,3,2,1,2,10:10,21,E09000029,6,0,6,30,8,4,6,0,0,0,1,1,1,0,0,1,1,E01004114,13-06-2018,1,1,1,2,30,6,3,0,0,0,0,-1,9,1
26552,75.8527666,22.76582383,1,3,2,1,6,18:51,21,E09000029,3,2043,6,30,6,4,6,0,0,0,1,1,1,0,0,1,1,E01004121,17-06-2018,1,1,2,2,46,8,3,0,0,0,4,-1,11,1
26553,75.8296047,22.75970465,1,3,2,2,6,00:30,21,E09000029,4,278,6,30,3,4,5,0,0,0,4,1,1,0,0,1,1,E01004100,17-06-2018,1,1,1,1,43,7,3,0,0,0,0,-1,9,1
26554,75.87243777,22.71996646,1,3,2,1,2,15:40,21,E09000029,4,271,6,30,0,-1,-1,0,0,0,1,1,1,0,0,1,1,E01004086,27-06-2018,1,1,1,1,45,7,3,0,0,0,0,-1,9,-1
26555,75.88850914,22.69075299,1,3,1,1,2,13:18,21,E09000029,6,0,6,30,0,-1,-1,0,0,0,1,1,1,0,0,1,1,E01004180,06-06-2018,1,1,1,1,56,9,3,0,0,0,0,-1,9,1
26556,75.91012102,22.73333735,1,3,2,2,4,12:25,21,E09000029,3,2022,6,30,3,4,4,278,0,0,1,1,1,0,0,2,1,E01004108,22-06-2018,1,1,3,2,26,6,3,9,9,0,0,-1,0,1
26557,75.83850375,22.73263791,1,3,3,1,6,11:55,21,E09000029,3,2022,6,30,0,-1,-1,0,0,0,1,1,1,0,0,2,1,E01004108,24-06-2018,1,1,1,2,36,7,3,0,0,0,0,-1,9,1
26558,75.85465591,22.719358,1,3,2,1,5,19:20,21,E09000029,5,0,6,30,6,4,4,278,0,0,1,1,1,0,0,1,2,E01004105,30-06-2018,1,1,3,2,23,5,3,10,1,0,0,-1,0,1
26559,75.81799539,22.74033558,1,3,2,1,3,07:30,21,E09000029,4,2230,6,30,3,4,6,0,0,0,1,1,1,0,0,1,1,E01004146,28-06-2018,2,1,2,2,-1,-1,3,0,0,0,4,-1,11,-1
26560,75.84772229,22.73738129,1,3,2,1,3,17:17,21,E09000029,6,0,6,30,0,-1,-1,0,0,0,1,1,1,0,0,1,1,E01004159,21-06-2018,2,2,2,2,-1,-1,3,0,0,0,4,-1,11,-1
26561,75.85557623,22.76963096,1,2,3,1,6,07:56,21,E09000029,5,0,6,30,3,4,6,0,0,0,1,1,1,0,0,1,1,E01004107,24-06-2018,2,3,2,2,70,10,3,0,0,0,4,-1,11,1
26562,75.87138911,22.75858028,1,3,2,1,5,13:10,21,E09000029,5,0,6,30,3,4,6,0,0,0,1,1,2,0,0,1,1,E01004163,30-06-2018,2,4,2,1,73,10,3,0,0,0,4,-1,11,-1
26563,75.86324467,22.71994171,1,3,2,1,4,11:55,21,E09000029,6,0,6,30,6,4,4,278,0,0,1,1,1,0,0,1,1,E01004098,22-06-2018,2,1,1,1,58,9,3,0,0,0,0,-1,5,1
26564,75.81266273,22.75327462,1,3,1,1,2,03:45,21,E09000029,3,232,6,30,3,2,4,272,0,5,4,1,1,0,0,1,1,E01004077,20-06-2018,1,1,3,2,5,1,3,5,3,0,0,-1,0,1
26565,75.83924899,22.69498498,1,3,1,1,3,09:05,21,E09000029,3,232,6,30,0,-1,-1,0,0,5,1,1,1,0,0,1,1,E01004142,07-06-2018,1,1,2,2,51,8,3,0,0,2,0,-1,9,1
26566,75.90841037,22.76333107,1,3,2,1,5,11:16,21,E09000029,4,277,6,30,0,-1,-1,0,0,0,1,1,1,0,0,1,1,E01004165,09-06-2018,2,1,1,1,74,10,3,0,0,0,0,-1,1,1
26567,75.83504788,22.73769194,1,3,2,3,6,22:30,21,E09000029,6,0,6,30,6,4,6,0,0,0,4,2,2,0,0,1,1,E01004138,01-07-2018,1,1,3,1,47,8,3,5,1,0,0,-1,0,1
26568,75.85615175,22.76122182,1,3,1,1,6,17:05,21,E09000029,4,278,6,30,0,-1,-1,0,0,0,1,1,1,0,0,1,1,E01004105,10-06-2018,2,1,1,1,10,2,2,0,0,0,0,-1,1,1
26569,75.83405603,22.75941165,1,3,2,1,5,08:15,21,E09000029,3,2043,6,30,0,-1,-1,0,0,0,1,2,2,0,0,1,2,E01004111,30-06-2018,1,1,3,1,58,9,3,10,3,0,0,-1,0,1
26570,75.81475893,22.7450709,1,3,2,1,1,01:30,21,E09000029,6,0,6,30,3,4,6,0,0,0,4,1,1,0,0,1,1,E01004189,10-07-2018,1,1,1,1,41,7,3,0,0,0,0,-1,3,1
26571,75.90370202,22.71218401,1,3,2,1,3,07:20,21,E09000029,3,237,6,30,0,-1,-1,0,0,0,1,1,1,0,0,1,1,E01004084,05-07-2018,1,1,3,1,50,8,3,5,3,0,0,-1,0,-1
26572,75.91169192,22.73940088,1,3,3,5,3,22:38,21,E09000029,3,237,6,30,3,4,6,0,0,0,4,1,2,0,0,1,1,E01004170,28-06-2018,1,1,2,2,40,7,3,0,0,2,0,-1,9,-1
26573,75.81667634,22.75301795,1,3,2,1,6,17:22,21,E09000029,5,0,6,30,6,4,6,0,0,0,1,1,1,0,0,1,1,E01004123,01-07-2018,1,1,2,2,11,3,3,0,0,2,0,-1,9,-1
26574,75.81843001,22.7195611,1,3,2,1,3,19:54,21,E09000029,5,0,6,30,3,4,6,0,0,0,1,2,2,0,0,1,1,E01004107,05-07-2018,1,2,2,1,18,4,3,0,0,2,0,-1,9,1
26575,75.89118878,22.76837199,1,3,2,1,3,16:30,21,E09000029,6,0,6,30,6,4,6,0,0,0,1,2,2,0,0,1,1,E01004108,05-07-2018,1,3,2,1,13,3,3,0,0,2,0,-1,9,-1
26576,75.81461202,22.7273598,1,3,2,1,2,18:50,21,E09000029,6,0,6,30,8,4,6,0,0,0,1,1,1,0,0,1,2,E01004167,04-07-2018,1,4,2,2,40,7,3,0,0,1,0,-1,9,-1
26577,75.83226281,22.75790203,1,3,1,1,3,09:16,21,E09000029,4,271,6,30,0,-1,-1,0,0,0,1,1,1,0,0,1,1,E01004180,05-07-2018,1,1,2,1,2,1,3,0,0,0,4,-1,11,1
26578,75.85159021,22.71611815,1,3,2,1,4,00:10,21,E09000029,5,0,6,30,6,4,5,0,0,0,4,1,2,0,0,1,1,E01004103,06-07-2018,1,2,2,2,4,1,3,0,0,0,4,-1,11,-1
26579,75.89079198,22.69994058,1,3,2,1,2,18:17,21,E09000029,3,2043,6,30,3,4,6,0,0,0,1,2,2,0,0,1,1,E01004120,20-06-2018,1,3,2,2,33,6,3,0,0,0,3,-1,11,-1
26580,75.91237885,22.72934587,1,3,2,1,5,07:30,21,E09000029,3,2043,6,30,3,4,6,0,0,0,1,1,1,0,0,1,1,E01004121,07-07-2018,1,4,2,1,21,5,3,0,0,0,3,-1,11,1
26581,75.82549384,22.76564283,1,3,1,1,6,16:55,21,E09000029,5,0,6,30,0,-1,-1,0,0,0,1,1,1,0,7,1,1,E01004105,17-06-2018,1,1,3,1,46,8,3,1,1,0,0,-1,0,1
26582,75.83571409,22.75925844,1,2,1,1,2,18:40,21,E09000029,5,0,6,30,6,4,6,0,0,4,1,1,1,0,0,1,1,E01004123,04-07-2018,1,1,2,2,91,11,3,0,0,0,2,-1,11,-1
26583,75.82206237,22.74930954,1,3,2,1,4,15:05,21,E09000029,5,0,6,30,2,4,6,0,0,0,1,1,1,0,0,1,2,E01004088,13-07-2018,1,1,3,1,5,1,2,5,1,0,0,-1,0,-1
26584,75.85593849,22.70666819,1,3,3,1,3,19:00,21,E09000029,6,0,6,30,6,4,4,2230,0,0,1,2,2,0,0,1,1,E01004153,28-06-2018,1,1,1,2,31,6,3,0,0,0,0,-1,9,1
26585,75.90617294,22.74674705,1,3,2,1,6,18:22,21,E09000029,4,2230,6,30,3,4,6,0,0,0,1,1,1,0,0,1,1,E01004090,08-07-2018,1,2,2,1,64,9,3,0,0,1,0,-1,9,-1
26586,75.91429486,22.76052413,1,3,2,1,4,11:23,21,E09000029,4,277,6,30,3,4,3,232,0,0,1,1,1,0,0,1,1,E01004099,06-07-2018,3,3,1,2,55,8,3,0,0,0,0,-1,9,1
26587,75.89137933,22.72083656,1,3,2,1,1,14:05,21,E09000029,3,232,6,30,3,4,6,0,0,0,1,1,1,0,0,1,1,E01004139,17-07-2018,2,1,1,2,10,2,3,0,0,0,0,-1,1,1
26588,75.86794354,22.69015268,1,3,1,1,6,13:50,21,E09000029,6,0,6,30,0,-1,-1,0,0,0,1,1,1,0,0,1,1,E01004188,15-07-2018,2,1,1,2,32,6,3,0,0,0,0,-1,9,-1
26589,75.89517209,22.71921488,1,3,2,1,5,16:39,21,E09000029,5,0,6,30,8,4,6,0,0,0,1,1,1,0,0,1,1,E01004091,14-07-2018,3,1,1,1,25,5,3,0,0,0,0,-1,19,1
26590,75.85202989,22.68746829,1,3,1,1,7,17:58,21,E09000029,6,0,6,30,0,-1,-1,0,0,0,1,1,1,0,0,1,1,E01004145,16-07-2018,1,1,1,1,29,6,3,0,0,0,0,-1,9,1
26591,75.83694059,22.76690895,1,3,2,3,1,19:15,21,E09000029,3,217,6,30,6,2,5,0,0,5,1,1,1,0,0,1,1,E01004113,17-07-2018,2,1,1,2,19,4,2,0,0,0,0,-1,1,1
26592,75.89969773,22.71179847,1,3,2,1,2,08:30,21,E09000029,6,0,6,30,0,-1,-1,0,0,0,1,1,1,0,0,1,1,E01004126,18-07-2018,1,1,3,1,12,3,3,1,1,0,0,-1,0,1
26593,75.81394425,22.73239948,1,3,2,1,3,19:30,21,E09000029,4,278,1,30,2,4,5,0,0,0,1,1,1,0,0,1,1,E01004100,19-07-2018,1,1,3,1,18,4,3,4,1,0,0,-1,0,1
26594,75.86972865,22.73803885,1,3,2,1,7,14:37,21,E09000029,5,0,6,30,3,4,5,0,0,0,1,1,1,0,0,1,1,E01004106,16-07-2018,2,1,1,1,-1,-1,3,0,0,0,0,-1,5,-1
26595,75.87586518,22.76745026,1,3,2,1,6,23:15,21,E09000029,6,0,6,30,3,4,6,0,0,0,4,1,1,0,0,1,2,E01004119,24-06-2018,1,1,1,1,21,5,3,0,0,0,0,-1,5,1
26596,75.88006246,22.75568163,1,3,1,1,3,13:08,21,E09000029,3,232,6,30,3,4,6,0,0,0,1,1,1,0,0,1,1,E01004139,28-06-2018,1,1,2,2,35,6,3,0,0,1,0,-1,9,1
26597,75.87915993,22.75506803,1,3,2,1,7,17:45,21,E09000029,4,278,6,30,6,4,6,0,0,0,1,1,1,0,0,1,1,E01004098,11-06-2018,1,1,1,1,55,8,3,0,0,0,0,-1,19,-1
26598,75.83962132,22.75978493,1,3,3,1,6,15:47,21,E09000029,3,24,6,30,3,4,6,0,0,0,1,1,1,0,0,1,1,E01004134,29-07-2018,2,2,1,1,21,5,3,0,0,0,0,-1,19,-1
26599,75.88318849,22.73336665,1,3,2,1,7,10:25,21,E09000029,5,0,6,30,3,4,6,0,0,0,1,1,1,0,0,1,1,E01004127,23-07-2018,1,1,3,2,36,7,3,9,9,0,0,-1,0,1
26600,75.83473198,22.74906212,1,3,2,2,5,15:07,21,E09000029,3,217,6,30,0,-1,-1,0,0,0,1,1,1,0,0,1,2,E01004129,30-06-2018,1,1,1,1,31,6,3,0,0,0,0,-1,9,1
26601,75.81748972,22.75872463,1,3,1,1,6,08:48,21,E09000029,6,0,6,30,3,4,6,0,0,0,1,1,1,0,0,1,1,E01004188,22-07-2018,1,1,1,1,22,5,2,0,0,0,0,-1,1,1
26602,75.86698744,22.73912884,1,3,2,1,3,08:33,21,E09000029,4,279,6,30,3,4,6,0,0,0,1,1,1,0,0,1,1,E01004135,19-07-2018,1,1,1,1,48,8,3,0,0,0,0,-1,9,1