Accident_Index,longitude,latitude,Police_Force,Accident_Severity,Number_of_Vehicles,Number_of_Casualties,Day_of_Week,Time,Local_Authority_(District),Local_Authority_(Highway),1st_Road_Class,1st_Road_Number,Road_Type,Speed_limit,Junction_Detail,Junction_Control,2nd_Road_Class,2nd_Road_Number,Pedestrian_Crossing-Human_Control,Pedestrian_Crossing-Physical_Facilities,Light_Conditions,Weather_Conditions,Road_Surface_Conditions,Special_Conditions_at_Site,Carriageway_Hazards,Urban_or_Rural_Area,Did_Police_Officer_Attend_Scene_of_Accident,LSOA_of_Accident_Location,Date,Vehicle_Reference,Casualty_Reference,Casualty_Class,Sex_of_Casualty,Age_of_Casualty,Age_Band_of_Casualty,Casualty_Severity,Pedestrian_Location,Pedestrian_Movement,Car_Passenger,Bus_or_Coach_Passenger,Pedestrian_Road_Maintenance_Worker,Casualty_Type,Casualty_Home_Area_Type
26603,75.81265784,22.73666996,1,3,1,2,3,12:03,21,E09000029,6,0,6,30,8,4,6,0,0,0,1,1,1,0,0,1,1,E01004148,12-07-2018,1,1,3,1,-1,-1,3,6,9,0,0,-1,0,-1
26604,75.82404528,22.71092657,1,3,2,2,7,01:40,21,E09000029,4,278,6,30,7,4,6,0,0,0,4,1,1,0,0,1,1,E01004128,25-06-2018,1,1,3,2,21,5,3,5,1,0,0,-1,0,-1
26605,75.84014221,22.73225858,1,3,1,1,2,23:58,21,E09000029,5,0,1,30,1,4,4,271,0,0,4,1,1,0,0,1,1,E01004180,25-07-2018,1,1,2,2,33,6,3,0,0,2,0,-1,9,-1
26606,75.87213263,22.69164164,1,3,2,1,3,15:40,21,E09000029,6,0,1,30,2,4,3,237,0,0,1,1,1,0,0,1,1,E01004185,26-07-2018,1,1,1,2,21,5,3,0,0,0,0,-1,9,1
26607,75.81956484,22.70923409,1,3,2,1,6,18:15,21,E09000029,6,0,6,30,6,4,6,0,0,0,1,1,1,0,0,1,1,E01004152,29-07-2018,1,1,1,2,38,7,3,0,0,0,0,-1,9,1
26608,75.81674412,22.73872004,1,3,2,1,2,07:45,21,E09000029,3,232,6,30,3,4,5,0,0,0,1,1,1,0,0,1,2,E01004097,11-07-2018,2,1,1,1,30,6,2,0,0,0,0,-1,3,-1
26609,75.82362406,22.7241803,1,3,2,1,6,13:47,23,E09000021,6,0,6,30,0,-1,-1,0,0,0,1,1,1,0,0,1,1,E01002976,29-07-2018,1,1,1,2,35,6,3,0,0,0,0,-1,9,1
26610,75.82288294,22.69769685,1,2,2,1,4,09:30,21,E09000029,4,272,6,30,3,4,6,0,0,1,1,1,1,0,0,1,1,E01004079,20-07-2018,2,2,1,2,21,5,3,0,0,0,0,-1,9,1
26611,75.88512839,22.76440858,1,3,2,1,3,16:15,21,E09000029,3,24,6,30,0,-1,-1,0,0,0,1,1,1,0,0,1,1,E01004131,26-07-2018,2,3,2,2,49,8,3,0,0,1,0,-1,9,1
26612,75.81569043,22.74607232,1,3,4,1,2,16:30,21,E09000029,4,271,6,30,6,2,4,272,0,5,1,1,1,0,0,1,1,E01004086,08-08-2018,3,4,2,2,23,5,2,0,0,1,0,-1,9,1
26613,75.87673341,22.71319923,1,3,2,1,5,17:10,21,E09000029,3,217,6,30,6,2,3,232,0,5,1,1,1,0,0,1,1,E01004110,11-08-2018,1,1,1,1,34,6,3,0,0,0,0,-1,9,1
26614,75.89036677,22.72548256,1,3,2,1,2,15:46,20,E09000008,3,2022,6,30,2,4,3,237,0,0,1,1,1,0,0,1,1,E01001028,01-08-2018,2,2,1,1,35,6,3,0,0,0,0,-1,9,1
26615,75.86267074,22.71325008,1,3,1,1,7,11:00,21,E09000029,5,0,6,30,3,4,6,0,0,0,1,1,1,0,0,1,1,E01004183,06-08-2018,1,1,3,2,4,1,3,1,1,0,0,-1,0,1
26616,75.90231166,22.69744324,1,3,2,1,7,15:52,21,E09000029,4,2230,6,30,3,2,4,2230,0,5,1,2,2,0,0,1,1,E01004140,13-08-2018,1,1,1,2,29,6,3,0,0,0,0,-1,9,1
26617,75.83899113,22.70158344,1,3,2,1,3,18:00,21,E09000029,4,2230,6,30,3,4,6,0,0,0,1,1,1,0,0,1,2,E01004156,16-08-2018,1,1,3,1,38,7,3,4,1,0,0,-1,0,1
26618,75.90596245,22.7283178,1,2,2,2,4,14:46,21,E09000029,3,217,6,30,3,4,6,0,0,0,1,1,1,0,0,1,1,E01004110,17-08-2018,1,1,2,1,21,5,3,0,0,1,0,-1,9,1
26619,75.88706964,22.70614333,1,3,1,1,6,13:58,21,E09000029,6,0,6,30,0,-1,-1,0,0,0,1,1,1,0,0,1,1,E01004142,12-08-2018,2,1,2,2,37,7,2,0,0,1,0,-1,9,-1
26620,75.87870707,22.7487525,1,3,1,1,3,16:50,21,E09000029,6,0,6,30,0,-1,-1,0,0,0,1,1,1,0,0,1,1,E01004142,09-08-2018,1,1,1,2,18,4,2,0,0,0,0,-1,9,1
26621,75.91336269,22.69031942,1,3,2,2,4,09:05,21,E09000029,3,217,6,40,3,4,6,0,0,0,1,1,1,0,0,1,1,E01004115,10-08-2018,1,2,2,1,23,5,3,0,0,1,0,-1,9,1
26622,75.90862709,22.76753428,1,3,2,1,3,18:25,21,E09000029,6,0,6,30,0,-1,-1,0,0,0,1,1,1,0,0,1,1,E01004176,16-08-2018,1,1,3,2,15,3,3,5,1,0,0,-1,0,1
26623,75.86042869,22.69803783,1,2,2,1,3,18:08,21,E09000029,5,0,6,30,0,-1,-1,0,0,0,1,1,1,0,0,1,1,E01004091,16-08-2018,1,1,1,1,-1,-1,3,0,0,0,0,-1,9,1
26624,75.85972409,22.76315155,1,3,2,1,5,15:45,21,E09000029,3,232,6,30,8,4,3,232,0,0,1,1,1,0,0,1,2,E01004099,25-08-2018,1,1,1,2,29,6,3,0,0,0,0,-1,9,1
26625,75.9065625,22.69242233,1,3,1,1,5,17:15,21,E09000029,6,0,6,30,0,-1,-1,0,0,0,1,1,1,0,0,1,2,E01004158,01-09-2018,1,1,1,1,48,8,3,0,0,0,0,-1,4,1
26626,75.89691433,22.74401594,1,3,2,1,4,20:30,21,E09000029,3,232,6,30,0,-1,-1,0,0,0,4,2,2,0,0,1,2,E01030398,24-08-2018,1,2,2,2,-1,-1,3,0,0,0,0,-1,4,1
26627,75.81360901,22.7127959,1,3,2,1,4,07:00,21,E09000029,3,2022,6,30,0,-1,-1,0,0,0,1,1,2,0,0,2,1,E01004108,03-08-2018,2,1,1,1,35,6,3,0,0,0,0,-1,1,1
26628,75.88036302,22.71042868,1,3,2,1,5,12:38,21,E09000029,4,271,6,30,3,4,6,0,0,0,1,1,1,0,0,1,2,E01004086,08-09-2018,1,1,2,2,8,2,3,0,0,0,4,-1,11,-1
26629,75.83013523,22.70333732,1,3,2,1,3,16:51,21,E09000029,3,232,6,30,3,4,5,0,0,0,1,1,1,0,0,1,1,E01004103,02-08-2018,1,1,2,2,48,8,3,0,0,0,4,-1,11,1
26630,75.8452778,22.70198594,1,3,3,2,2,12:20,21,E09000029,5,0,6,30,3,4,6,0,0,0,1,1,1,0,0,1,1,E01004127,08-08-2018,1,2,2,2,51,8,3,0,0,0,4,-1,11,1
26631,75.85074982,22.73659329,1,3,1,1,4,22:24,21,E09000029,4,2230,6,30,0,-1,-1,0,0,0,4,1,1,0,0,1,1,E01004146,17-08-2018,1,1,2,2,66,10,3,0,0,0,3,-1,11,1
26632,75.91563565,22.74828846,1,2,1,1,5,20:20,21,E09000029,6,0,6,30,3,4,4,272,0,0,4,1,1,0,0,1,1,E01004076,18-08-2018,2,1,2,2,26,6,3,0,0,2,0,-1,9,1
26633,75.84409519,22.69199648,1,3,2,1,7,09:42,21,E09000029,6,0,6,30,0,-1,-1,0,0,0,1,1,1,0,0,1,1,E01004086,20-08-2018,1,1,1,1,48,8,3,0,0,0,0,-1,9,1
26634,75.85983507,22.70384626,1,3,2,2,1,22:00,21,E09000029,3,217,6,50,6,2,5,0,0,5,4,1,1,0,0,1,1,E01004113,07-08-2018,1,2,2,2,28,6,3,0,0,1,0,-1,9,1
26635,75.85881611,22.73927659,1,3,2,2,3,09:26,21,E09000029,4,278,6,30,3,4,6,0,0,0,1,1,1,0,0,1,1,E01004105,23-08-2018,1,3,2,2,71,10,2,0,0,2,0,-1,9,1
26636,75.8490685,22.73846775,1,3,2,1,2,15:20,21,E09000029,3,217,6,30,0,-1,-1,0,0,0,1,2,2,0,0,1,1,E01004129,22-08-2018,1,1,3,1,30,6,3,4,3,0,0,-1,0,-1
26637,75.82463781,22.72766876,1,3,2,1,7,15:03,21,E09000029,3,24,6,40,0,-1,-1,0,0,0,1,1,1,0,0,1,1,E01004119,03-09-2018,1,1,3,2,41,7,3,5,1,0,0,-1,0,1
26638,75.87450092,22.76961281,1,3,1,1,5,11:52,21,E09000029,5,0,6,30,3,4,5,0,0,0,1,2,2,0,0,1,1,E01004165,15-09-2018,1,1,3,1,28,6,3,5,9,0,0,-1,0,1
26639,75.84220688,22.76166035,1,3,1,2,2,19:00,21,E09000029,6,0,6,30,8,4,6,0,0,0,1,1,1,0,0,1,1,E01004182,29-08-2018,2,1,1,1,44,7,3,0,0,0,0,-1,9,2
26640,75.81481491,22.72791909,1,2,1,1,2,06:03,21,E09000029,3,237,6,30,3,4,6,0,0,8,1,1,1,0,0,1,1,E01004181,29-08-2018,1,1,1,1,22,5,3,0,0,0,0,-1,3,1
26641,75.8727597,22.72847169,1,2,1,1,2,11:15,21,E09000029,5,0,6,30,6,4,6,0,0,0,1,1,1,0,0,1,1,E01004127,29-08-2018,2,1,1,1,-1,-1,3,0,0,0,0,-1,1,-1
26642,75.89636353,22.74138541,1,3,2,1,2,22:00,21,E09000029,3,232,1,30,2,4,5,0,0,0,4,1,1,0,0,1,1,E01004158,11-07-2018,1,1,1,1,38,7,3,0,0,0,0,-1,9,1
26643,75.82884989,22.69605372,1,3,1,1,1,01:52,21,E09000029,3,237,6,30,0,-1,-1,0,0,0,4,1,1,0,0,1,1,E01004170,28-08-2018,1,2,2,1,16,4,3,0,0,1,0,-1,9,1
26644,75.90876416,22.70549355,1,3,2,1,3,15:05,21,E09000029,4,2230,6,30,3,4,6,0,0,0,1,1,1,0,0,1,1,E01004142,30-08-2018,2,3,2,1,29,6,3,0,0,1,0,-1,9,1
26645,75.8780985,22.73936145,1,3,2,1,3,17:15,21,E09000029,6,0,6,30,3,4,6,0,0,0,1,1,1,0,0,1,1,E01004147,30-08-2018,2,4,2,1,33,6,3,0,0,2,0,-1,9,-1
26646,75.91465072,22.72299735,1,3,1,1,4,19:30,21,E09000029,4,271,6,30,3,4,6,0,0,5,1,2,2,0,0,1,1,E01004086,24-08-2018,1,1,1,1,41,7,3,0,0,0,0,-1,9,1
26647,75.81827919,22.73229751,1,3,2,1,3,23:40,21,E09000029,3,217,6,30,3,2,6,0,0,5,4,1,1,0,0,1,2,E01004130,13-09-2018,1,2,2,1,19,4,3,0,0,1,0,-1,9,1
26648,75.89447136,22.71503684,1,3,2,1,5,17:05,21,E09000029,6,0,6,30,3,4,6,0,0,0,1,1,1,0,0,1,2,E01004101,08-09-2018,2,3,2,1,18,4,3,0,0,2,0,-1,9,1
26649,75.87499416,22.76826933,1,3,2,1,4,22:52,21,E09000029,3,24,6,30,0,-1,-1,0,0,0,4,8,2,0,0,1,1,E01004119,24-08-2018,1,1,1,2,18,4,3,0,0,0,0,-1,9,1
26650,75.85001988,22.7652655,1,3,2,1,5,15:30,21,E09000029,6,0,6,30,8,4,6,0,0,0,1,1,1,0,0,1,1,E01004076,25-08-2018,1,1,1,2,31,6,3,0,0,0,0,-1,9,-1
26651,75.82159298,22.68897487,1,3,1,1,6,17:46,21,E09000029,3,232,6,30,0,-1,-1,0,0,0,1,1,1,0,0,1,1,E01004112,26-08-2018,1,1,1,2,26,6,3,0,0,0,0,-1,9,1
26652,75.8325955,22.74967065,1,3,2,1,5,17:14,21,E09000029,5,0,6,30,3,4,6,0,0,0,1,1,1,0,0,1,1,E01004107,01-09-2018,1,1,1,1,28,6,3,0,0,0,0,-1,1,1
26653,75.82792536,22.75208746,1,2,2,1,6,14:30,21,E09000029,3,24,6,30,0,-1,-1,0,0,0,1,1,1,0,0,1,1,E01004118,02-09-2018,1,1,1,1,27,6,3,0,0,0,0,-1,5,1
26654,75.84431572,22.71430883,1,3,1,1,7,22:42,21,E09000029,3,232,2,30,3,4,3,232,0,0,4,2,2,0,0,1,1,E01004156,10-09-2018,1,1,2,2,34,6,3,0,0,0,4,-1,11,1
26655,75.87442989,22.73815905,1,2,1,1,6,17:59,21,E09000029,4,2230,6,30,3,2,4,2230,0,5,1,1,2,0,0,1,1,E01004140,09-09-2018,2,2,1,1,32,6,3,0,0,0,0,-1,1,1
26656,75.90826614,22.76412312,1,3,2,1,5,14:08,21,E09000029,4,278,6,30,6,4,6,0,0,0,1,1,1,0,0,1,1,E01004129,08-09-2018,1,1,2,1,7,2,3,0,0,2,0,-1,9,1
26657,75.85110464,22.76432126,1,3,3,1,3,15:41,21,E09000029,6,0,6,30,0,-1,-1,0,0,0,1,1,1,0,0,1,1,E01004102,13-09-2018,1,1,3,1,55,8,3,5,3,0,0,-1,0,-1
26658,75.81689502,22.6933302,1,3,1,1,3,16:54,21,E09000029,5,0,3,30,0,-1,-1,0,0,0,1,1,1,0,0,1,1,E01004181,13-09-2018,1,1,1,2,20,4,3,0,0,0,0,-1,9,1
26659,75.90502113,22.74864148,1,3,2,2,4,15:52,21,E09000029,3,237,6,30,6,4,5,0,0,0,1,1,1,0,0,1,1,E01004084,08-06-2018,1,1,3,1,12,3,3,5,1,0,0,-1,0,-1
26660,75.85486352,22.71791129,1,3,1,1,6,15:23,21,E09000029,3,232,6,30,0,-1,-1,0,0,0,1,1,1,0,0,1,1,E01004076,15-07-2018,1,1,1,1,40,7,3,0,0,0,0,-1,9,1
26661,75.87329634,22.73215121,1,3,2,2,5,15:05,21,E09000029,4,2230,6,30,3,4,5,0,0,0,1,1,1,0,0,1,1,E01004146,04-08-2018,1,1,1,1,38,7,3,0,0,0,0,-1,9,1
26662,75.88241524,22.69551525,1,3,2,1,6,12:25,21,E09000029,4,279,6,30,6,2,3,24,0,5,1,2,2,0,0,1,1,E01004134,19-08-2018,2,1,1,1,18,4,3,0,0,0,0,-1,1,1
26663,75.82982857,22.70061265,1,3,3,1,3,15:18,21,E09000029,5,0,6,30,3,4,6,0,0,0,1,1,1,0,0,1,1,E01004185,13-09-2018,2,1,1,1,41,7,2,0,0,0,0,-1,5,1
26664,75.85318368,22.75502565,1,3,1,1,5,10:30,21,E09000029,6,0,6,30,3,4,6,0,0,0,1,2,2,0,0,1,1,E01004143,15-09-2018,1,1,1,1,28,6,3,0,0,0,0,-1,9,1
26665,75.87398299,22.71284103,1,3,2,1,2,15:18,21,E09000029,3,232,6,30,0,-1,-1,0,0,0,1,1,1,0,0,1,1,E01004156,19-09-2018,2,2,1,1,30,6,3,0,0,0,0,-1,11,1
26666,75.855108,22.73564961,1,2,2,1,5,16:27,21,E09000029,4,2230,6,30,3,4,6,0,0,0,1,1,1,0,0,1,1,E01004156,15-09-2018,1,1,1,2,37,7,3,0,0,0,0,-1,9,1
26667,75.84706727,22.73018398,1,3,2,1,5,07:10,21,E09000029,6,0,6,30,3,4,6,0,0,0,1,1,1,0,0,1,1,E01004133,22-09-2018,2,1,3,2,12,3,2,5,9,0,0,-1,0,1
26668,75.83332857,22.75987508,1,3,1,1,2,10:14,21,E09000029,3,232,6,30,0,-1,-1,0,0,0,1,1,1,0,0,1,2,E01004172,03-10-2018,1,1,2,1,44,7,3,0,0,0,3,-1,11,-1
26669,75.85396688,22.75564267,1,3,1,1,5,14:41,21,E09000029,6,0,6,30,0,-1,-1,0,0,0,1,1,1,0,0,1,1,E01004097,22-09-2018,2,1,1,2,28,6,3,0,0,0,0,-1,9,3
26670,75.91528142,22.71417275,1,3,2,1,1,16:37,21,E09000029,4,272,6,30,7,4,4,272,0,0,1,1,2,0,0,1,1,E01004087,25-09-2018,1,1,2,2,27,6,3,0,0,2,0,-1,9,1
26671,75.90787551,22.74451024,1,3,2,2,5,05:35,21,E09000029,4,2230,6,30,3,4,6,0,0,0,4,2,2,0,0,1,1,E01004090,29-09-2018,2,1,2,1,5,1,3,0,0,2,0,-1,9,1
26672,75.83415856,22.75713475,1,2,2,1,1,13:20,21,E09000029,4,2230,1,30,1,2,3,217,0,5,1,1,1,0,0,1,1,E01004123,02-10-2018,1,1,1,2,35,6,3,0,0,0,0,-1,9,1
26673,75.8864772,22.76400916,1,2,3,2,7,12:10,21,E09000029,4,2230,6,30,3,4,6,0,0,0,1,1,1,0,0,1,1,E01004142,24-09-2018,1,1,2,2,21,5,3,0,0,1,0,-1,9,1
26674,75.87554333,22.76083315,1,3,2,1,7,15:25,21,E09000029,3,24,6,30,7,4,6,0,0,0,1,8,2,0,0,1,1,E01004116,01-10-2018,2,1,1,1,22,5,3,0,0,0,0,-1,5,1
26675,75.87234231,22.73101018,1,2,1,1,5,09:41,21,E09000029,3,237,6,30,6,2,3,232,0,5,1,1,1,0,0,1,1,E01004172,29-09-2018,1,1,3,1,3,1,3,5,4,0,0,-1,0,1
26676,75.84524339,22.71908554,1,3,2,1,2,08:20,21,E09000029,3,237,3,30,0,-1,-1,0,0,0,1,1,1,0,0,1,1,E01004175,03-10-2018,1,1,1,1,42,7,3,0,0,0,0,-1,9,1
26677,75.86696335,22.77028976,1,3,1,1,1,03:51,21,E09000029,3,232,2,30,7,2,3,232,0,5,4,1,1,1,0,1,1,E01004142,02-10-2018,1,1,1,1,17,4,3,0,0,0,0,-1,3,-1
26678,75.87957218,22.71248369,1,3,2,1,3,12:20,21,E09000029,3,24,6,30,3,4,6,0,0,0,1,1,1,0,0,1,1,E01004134,27-09-2018,1,1,1,1,29,6,3,0,0,0,0,-1,9,1
26679,75.85124266,22.74328682,1,2,2,1,6,12:15,21,E09000029,3,237,6,30,3,4,4,277,0,0,1,1,1,0,0,1,1,E01004188,07-10-2018,1,1,1,1,24,5,3,0,0,0,0,-1,5,1
26680,75.82825015,22.75194164,1,3,2,1,7,10:44,21,E09000029,3,217,6,30,0,-1,-1,0,0,0,1,1,1,0,0,1,1,E01004110,08-10-2018,1,1,1,1,68,10,3,0,0,0,0,-1,9,-1
26681,75.87684027,22.73518848,1,3,2,1,4,12:09,21,E09000029,3,217,6,30,6,2,5,0,0,5,1,1,1,0,0,1,1,E01004113,28-09-2018,2,1,1,1,29,6,3,0,0,0,0,-1,1,1
26682,75.84315481,22.70782371,1,3,1,1,7,10:20,21,E09000029,3,217,6,30,0,-1,-1,0,0,0,1,1,1,0,0,1,1,E01004129,08-10-2018,1,1,1,2,72,10,3,0,0,0,0,-1,9,1
26683,75.90883923,22.7551841,1,3,2,1,7,19:18,21,E09000029,6,0,6,30,6,4,6,0,0,0,4,1,1,0,0,1,2,E01004126,15-10-2018,1,1,3,1,54,8,3,1,1,0,0,-1,0,1
26684,75.87415914,22.7144892,1,3,2,1,5,10:46,21,E09000029,3,217,6,30,3,4,6,0,0,0,1,2,2,0,0,1,1,E01004148,13-10-2018,2,1,1,1,18,4,3,0,0,0,0,-1,3,1
26685,75.86995911,22.71572845,1,3,1,1,1,17:15,21,E09000029,4,2230,6,30,3,4,5,0,0,0,4,1,2,0,0,1,1,E01004146,16-10-2018,1,1,1,1,40,7,3,0,0,0,0,-1,9,1
26686,75.89250752,22.69184864,1,3,2,2,6,15:30,21,E09000029,6,0,6,30,0,-1,-1,0,0,0,1,1,1,0,0,1,1,E01004149,14-10-2018,1,1,1,1,48,8,3,0,0,0,0,-1,9,1
26687,75.84249857,22.75246049,1,3,1,1,1,02:00,21,E09000029,3,232,2,30,7,2,3,232,0,5,4,1,1,0,0,1,1,E01004142,04-09-2018,1,1,2,1,61,9,3,0,0,1,0,-1,9,-1
26688,75.85441893,22.68740592,1,3,2,1,6,19:37,21,E09000029,4,2230,6,30,3,4,6,0,0,0,4,1,1,0,0,1,1,E01004144,16-09-2018,1,1,1,1,27,6,3,0,0,0,0,-1,5,1
26689,75.81274903,22.76223653,1,3,2,1,4,16:45,21,E09000029,6,0,6,30,3,4,6,0,0,0,1,2,2,0,0,1,2,E01004097,12-10-2018,2,1,1,1,18,4,2,0,0,0,0,-1,3,-1
26690,75.896616,22.76719369,1,2,2,1,6,22:31,21,E09000029,3,232,6,30,0,-1,-1,0,0,4,4,1,1,0,0,1,1,E01004162,14-10-2018,1,1,1,1,42,7,3,0,0,0,0,-1,5,1
26691,75.87338173,22.69620671,1,3,3,1,2,13:52,21,E09000029,3,24,6,30,6,4,6,0,0,0,1,1,1,0,0,1,1,E01004116,10-10-2018,2,2,1,2,42,7,3,0,0,0,0,-1,9,1
26692,75.87564524,22.72542447,1,3,2,1,6,17:26,21,E09000029,3,232,6,30,3,4,6,0,0,0,1,1,1,0,0,1,1,E01004097,02-09-2018,2,1,1,1,11,3,3,0,0,0,0,-1,1,1
26693,75.89881934,22.72236729,1,3,2,1,4,08:16,21,E09000029,3,232,6,30,0,-1,-1,0,0,4,1,2,2,0,0,1,1,E01004171,19-10-2018,1,1,1,2,28,6,3,0,0,0,0,-1,9,1
26694,75.84417446,22.73301801,1,3,1,1,4,15:10,21,E09000029,5,0,6,30,0,-1,-1,0,0,0,1,1,1,0,0,2,1,E01004094,19-10-2018,1,1,1,1,-1,-1,2,0,0,0,0,-1,3,1
26695,75.85553478,22.72943398,1,3,3,1,3,20:05,21,E09000029,3,232,6,30,0,-1,-1,0,0,0,4,8,2,0,0,1,1,E01004080,18-10-2018,1,1,2,2,-1,-1,3,0,0,1,0,-1,9,-1
26696,75.85661696,22.69629477,1,3,2,1,5,08:56,21,E09000029,3,232,6,30,3,4,6,0,0,0,1,1,2,0,0,1,1,E01004139,20-10-2018,1,1,1,1,42,7,3,0,0,0,0,-1,9,1
26697,75.88869033,22.76888649,1,3,3,1,4,16:45,21,E09000029,6,0,6,30,0,-1,-1,0,0,0,1,2,2,0,0,1,2,E01004111,19-10-2018,1,1,1,1,49,8,3,0,0,0,0,-1,5,1
26698,75.85519245,22.71662437,1,3,2,1,3,19:35,21,E09000029,3,237,6,30,3,4,6,0,0,0,4,2,2,0,0,1,1,E01004170,18-10-2018,1,1,2,1,13,3,3,0,0,1,0,-1,9,1
26699,75.86348537,22.73963496,1,3,2,1,3,07:10,21,E09000029,5,0,6,30,6,4,6,0,0,0,4,2,2,0,0,1,1,E01004105,25-10-2018,1,2,1,1,50,8,3,0,0,0,0,-1,9,1
26700,75.8519204,22.69107883,1,3,2,1,4,13:00,21,E09000029,3,24,6,30,3,4,6,0,0,4,1,1,2,0,0,1,1,E01004196,19-10-2018,2,1,1,1,28,6,3,0,0,0,0,-1,9,1
26701,75.89379711,22.74371338,1,3,2,1,6,09:15,21,E09000029,4,279,6,30,3,4,6,0,0,0,1,5,2,0,0,1,1,E01004134,21-10-2018,1,1,1,1,41,7,3,0,0,0,0,-1,9,1
26702,75.91187198,22.71499507,1,3,2,2,3,22:00,21,E09000029,5,0,6,30,6,4,6,0,0,0,4,2,2,0,0,1,1,E01004129,18-10-2018,1,1,3,2,59,9,3,5,1,0,0,-1,0,1
26703,75.84128124,22.70465587,1,2,1,1,4,15:50,21,E09000029,5,0,6,30,3,4,5,0,0,0,1,2,2,0,0,1,1,E01004165,19-10-2018,1,1,1,1,-1,-1,3,0,0,0,0,-1,1,1
26704,75.82596972,22.73988768,1,3,1,1,5,17:35,21,E09000029,6,0,6,30,3,4,6,0,0,0,1,1,1,0,0,1,1,E01004142,27-10-2018,1,1,3,1,17,4,3,5,3,0,0,-1,0,1
26705,75.81916363,22.74346236,1,3,2,1,6,02:45,21,E09000029,3,237,6,30,0,-1,-1,0,0,0,4,1,1,0,-1,1,3,E01004188,14-10-2018,1,1,1,1,59,9,3,0,0,0,0,-1,5,-1
26706,75.90919302,22.74989427,1,3,2,1,5,09:09,21,E09000029,5,0,6,30,6,4,5,0,0,0,1,1,1,0,0,1,1,E01004103,27-10-2018,2,1,1,1,24,5,3,0,0,0,0,-1,9,1
26707,75.89944112,22.7402886,1,3,2,1,7,13:30,21,E09000029,3,24,6,30,3,4,6,0,0,0,1,1,1,0,0,1,2,E01004118,22-10-2018,1,1,3,1,28,6,3,5,1,0,0,-1,0,1
26708,75.86677787,22.6952982,1,3,2,1,2,19:37,21,E09000029,5,0,1,30,1,4,5,0,0,0,4,2,2,0,0,1,1,E01004113,24-10-2018,2,1,2,2,-1,-1,3,0,0,0,0,-1,4,-1
26709,75.87469,22.71311539,1,3,2,3,7,13:15,20,E09000008,6,0,6,30,0,-1,-1,0,0,0,1,1,1,0,0,1,1,E01001024,29-10-2018,2,2,1,1,25,5,3,0,0,0,0,-1,4,1
26710,75.89815821,22.74496588,1,3,1,1,6,15:38,21,E09000029,4,278,6,30,0,-1,-1,0,0,0,1,1,1,4,0,1,1,E01004123,28-10-2018,1,1,1,2,24,5,3,0,0,0,0,-1,5,1
26711,75.83786266,22.72210048,1,2,1,1,5,09:45,21,E09000029,6,0,6,30,3,4,6,0,0,0,1,1,1,0,0,1,1,E01004188,27-10-2018,1,1,1,1,17,4,3,0,0,0,0,-1,1,-1
26712,75.83274737,22.70686439,1,3,2,1,6,08:21,21,E09000029,6,0,6,30,3,4,6,0,0,0,1,2,2,0,0,1,1,E01004137,28-10-2018,1,1,1,1,24,5,3,0,0,0,0,-1,5,1
26713,75.85640442,22.6915812,1,3,2,1,6,20:35,21,E09000029,5,0,6,30,8,4,6,0,0,0,4,1,1,0,0,1,2,E01004131,04-11-2018,1,1,1,2,22,5,3,0,0,0,0,-1,9,1
26714,75.88111813,22.74147866,1,3,2,1,2,20:47,21,E09000029,5,0,6,30,0,-1,-1,0,0,0,4,2,2,0,0,1,1,E01004160,24-10-2018,1,1,3,2,26,6,3,5,3,0,0,-1,0,1
26715,75.89881103,22.69876062,1,3,2,1,3,08:30,21,E09000029,4,271,6,30,3,4,6,0,0,0,1,1,1,0,0,1,1,E01004179,08-11-2018,1,1,1,1,32,6,3,0,0,0,0,-1,9,-1
26716,75.90870553,22.70044292,1,3,1,1,7,23:19,21,E09000029,4,2230,6,30,3,4,6,0,0,4,7,1,1,0,0,1,1,E01004146,05-11-2018,2,1,1,1,-1,-1,3,0,0,0,0,-1,1,-1
26717,75.83714934,22.7453892,1,3,3,1,7,11:43,21,E09000029,5,0,6,30,6,4,6,0,0,0,1,1,1,0,0,1,1,E01004127,05-11-2018,1,1,2,2,31,6,3,0,0,1,0,-1,9,1
26718,75.8403149,22.73381102,1,3,3,1,4,18:10,21,E09000029,3,24,6,30,3,4,6,0,0,0,4,2,2,0,0,1,1,E01004116,02-11-2018,2,2,2,2,12,3,3,0,0,1,0,-1,9,-1
26719,75.85190237,22.73382637,1,3,1,1,3,18:15,21,E09000029,4,271,6,30,0,-1,-1,0,0,0,4,1,1,0,0,1,1,E01004178,08-11-2018,1,1,1,1,22,5,3,0,0,0,0,-1,1,1
26720,75.8733634,22.73137393,1,3,2,1,3,10:50,21,E09000029,4,279,6,30,3,4,6,0,0,0,1,1,1,0,0,1,1,E01004130,18-10-2018,1,1,1,2,38,7,3,0,0,0,0,-1,9,1
26721,75.84010454,22.74596768,1,2,2,2,7,17:51,21,E09000029,4,271,6,30,6,2,4,272,0,0,4,1,1,0,0,1,1,E01004086,12-11-2018,2,1,1,1,23,5,3,0,0,0,0,-1,1,1
26722,75.88385312,22.75750986,1,3,2,1,6,18:33,21,E09000029,6,0,6,30,6,4,6,0,0,0,4,2,2,0,0,1,1,E01004138,11-11-2018,1,1,1,1,36,7,3,0,0,0,0,-1,5,1
26723,75.90887102,22.71738272,1,3,2,1,7,06:16,21,E09000029,3,237,6,30,3,2,6,0,0,5,1,1,1,0,0,1,1,E01004178,12-11-2018,1,1,2,1,5,1,3,0,0,0,3,-1,11,1