Accident_Index,longitude,latitude,Police_Force,Accident_Severity,Number_of_Vehicles,Number_of_Casualties,Day_of_Week,Time,Local_Authority_(District),Local_Authority_(Highway),1st_Road_Class,1st_Road_Number,Road_Type,Speed_limit,Junction_Detail,Junction_Control,2nd_Road_Class,2nd_Road_Number,Pedestrian_Crossing-Human_Control,Pedestrian_Crossing-Physical_Facilities,Light_Conditions,Weather_Conditions,Road_Surface_Conditions,Special_Conditions_at_Site,Carriageway_Hazards,Urban_or_Rural_Area,Did_Police_Officer_Attend_Scene_of_Accident,LSOA_of_Accident_Location,Date,Vehicle_Reference,Casualty_Reference,Casualty_Class,Sex_of_Casualty,Age_of_Casualty,Age_Band_of_Casualty,Casualty_Severity,Pedestrian_Location,Pedestrian_Movement,Car_Passenger,Bus_or_Coach_Passenger,Pedestrian_Road_Maintenance_Worker,Casualty_Type,Casualty_Home_Area_Type
26724,75.91068243,22.72433847,1,3,2,2,1,11:05,21,E09000029,4,278,2,30,3,4,6,0,0,0,1,1,1,0,0,1,1,E01004129,13-11-2018,2,1,1,1,-1,-1,3,0,0,0,0,-1,9,1
26725,75.8181422,22.71810221,1,3,1,1,2,18:15,21,E09000029,3,2043,6,30,0,-1,-1,0,0,0,4,1,1,0,0,1,1,E01004118,07-11-2018,1,1,1,2,51,8,3,0,0,0,0,-1,9,1
26726,75.91005577,22.76051055,1,3,3,1,2,11:15,21,E09000029,4,272,6,30,0,-1,-1,0,0,0,1,1,1,0,0,1,1,E01004076,14-11-2018,1,1,1,1,-1,-1,3,0,0,0,0,-1,9,-1
26727,75.86481749,22.6928606,1,2,2,1,2,18:39,21,E09000029,5,0,6,30,6,4,6,0,0,0,4,1,1,0,0,1,1,E01004127,07-11-2018,2,1,1,1,16,4,3,0,0,0,0,-1,1,-1
26728,75.89217687,22.76776993,1,2,2,1,5,08:49,21,E09000029,3,217,6,30,3,4,6,0,0,0,1,2,2,0,0,1,1,E01004115,10-11-2018,2,1,1,1,-1,-1,3,0,0,0,0,-1,4,-1
26729,75.88290223,22.70547141,1,3,1,1,2,14:20,21,E09000029,3,2043,6,30,0,-1,-1,0,0,0,1,1,1,0,0,1,1,E01004110,07-11-2018,1,1,2,1,38,7,3,0,0,0,4,-1,11,-1
26730,75.87155439,22.74510119,1,3,2,1,2,08:49,21,E09000029,3,217,3,40,0,-1,-1,0,0,0,1,1,1,0,0,1,1,E01004159,14-11-2018,1,2,2,2,38,7,3,0,0,0,4,-1,11,-1
26731,75.8693065,22.73615036,1,3,2,1,3,19:45,21,E09000029,3,297,6,30,0,-1,-1,0,0,1,1,1,1,0,0,1,1,E01004129,15-11-2018,2,1,1,1,15,3,2,0,0,0,0,-1,4,1
26732,75.89311536,22.6891307,1,2,2,1,7,17:10,21,E09000029,6,0,6,30,3,4,4,2230,0,0,4,7,4,0,0,1,1,E01004145,19-11-2018,1,1,1,1,40,7,2,0,0,0,0,-1,3,-1
26733,75.90556293,22.70301579,1,3,2,1,2,15:40,21,E09000029,6,0,6,30,0,-1,-1,0,0,0,1,1,2,0,0,1,1,E01004095,31-10-2018,2,1,1,2,47,8,3,0,0,0,0,-1,9,1
26734,75.84977481,22.76467492,1,3,3,3,5,00:30,21,E09000029,3,232,6,30,3,4,6,0,0,0,4,1,1,0,0,1,1,E01004171,17-11-2018,2,1,2,1,44,7,3,0,0,1,0,-1,9,1
26735,75.8880522,22.76702032,1,3,1,2,2,00:04,21,E09000029,5,0,6,30,0,-1,-1,0,0,0,4,1,1,0,0,1,1,E01004106,28-11-2018,2,2,2,2,24,5,3,0,0,1,0,-1,9,1
26736,75.86311656,22.7211626,1,3,2,1,2,11:52,21,E09000029,3,237,6,30,8,4,6,0,0,0,1,1,1,0,0,1,1,E01004175,14-11-2018,1,1,1,2,42,7,3,0,0,0,0,-1,9,1
26737,75.89290199,22.7268835,1,3,1,1,3,10:03,21,E09000029,3,217,6,30,3,4,6,0,0,0,1,1,1,0,0,1,1,E01004130,29-11-2018,2,1,1,1,34,6,3,0,0,0,0,-1,9,1
26738,75.88444331,22.75801621,1,3,2,2,5,20:28,21,E09000029,4,272,6,30,3,2,3,232,0,5,4,2,2,0,0,1,1,E01004077,24-11-2018,2,2,2,2,36,7,3,0,0,1,0,-1,9,1
26739,75.87454024,22.73432945,1,2,2,1,5,10:24,21,E09000029,6,0,1,30,1,4,3,237,0,0,1,2,2,0,0,1,1,E01004185,24-11-2018,3,3,1,1,34,6,3,0,0,0,0,-1,9,1
26740,75.89463942,22.70432105,1,3,2,1,7,03:54,21,E09000029,6,0,6,30,6,4,6,0,0,0,4,2,2,0,0,1,1,E01004158,03-12-2018,2,1,1,1,27,6,3,0,0,0,0,-1,3,1
26741,75.90928876,22.72374991,1,2,1,1,2,20:15,21,E09000029,6,0,6,30,3,4,6,0,0,0,4,1,2,0,0,1,2,E01004169,07-11-2018,1,1,1,1,21,5,3,0,0,0,0,-1,4,-1
26742,75.83179213,22.7312685,1,3,2,1,4,09:00,21,E09000029,6,0,6,30,3,4,6,0,0,0,1,1,1,0,0,1,2,E01004193,30-11-2018,1,1,1,1,35,6,3,0,0,0,0,-1,5,1
26743,75.90301107,22.75570545,1,2,2,1,6,15:30,21,E09000029,3,237,6,30,3,4,6,0,0,0,1,1,1,0,0,1,2,E01004175,18-11-2018,2,1,1,2,32,6,3,0,0,0,0,-1,9,1
26744,75.90604913,22.71215809,1,3,2,1,4,18:35,21,E09000029,4,2230,6,30,0,-1,-1,0,0,0,4,2,2,0,0,1,1,E01004144,02-11-2018,2,1,1,1,19,4,3,0,0,0,0,-1,3,1
26745,75.83966533,22.71039025,1,2,1,1,5,10:20,21,E09000029,4,2230,6,30,3,2,5,0,0,5,1,1,1,0,0,1,1,E01004140,24-11-2018,1,1,3,2,39,7,3,5,2,0,0,-1,0,1
26746,75.82482346,22.75075345,1,3,2,1,2,12:41,22,E09000024,3,219,6,30,3,2,5,0,0,0,1,1,1,0,0,1,2,E01003355,05-12-2018,1,1,3,1,14,3,3,4,3,0,0,-1,0,-1
26747,75.91552265,22.73175982,1,3,1,1,6,18:12,21,E09000029,3,2043,6,30,0,-1,-1,0,0,0,4,2,2,0,0,1,2,E01004118,02-12-2018,2,1,1,2,26,6,3,0,0,0,0,-1,1,1
26748,75.84366656,22.71103724,1,3,2,1,3,17:30,21,E09000029,6,0,1,30,2,4,6,0,0,0,1,1,1,0,0,1,2,E01004149,04-10-2018,1,1,1,1,27,6,3,0,0,0,0,-1,9,1
26749,75.83149543,22.73521181,1,3,1,1,7,10:00,21,E09000029,4,277,6,30,5,4,6,0,0,0,1,1,1,0,0,1,1,E01004099,03-12-2018,1,1,3,1,18,4,2,4,4,0,0,-1,0,1
26750,75.88550891,22.76954831,1,3,2,1,6,18:30,21,E09000029,4,271,6,30,3,4,6,0,0,0,1,1,1,0,0,1,1,E01004179,30-09-2018,1,1,2,2,24,5,3,0,0,0,4,-1,11,1
26751,75.91541361,22.72360298,1,3,3,2,7,11:30,21,E09000029,4,271,6,30,3,2,6,0,0,0,1,1,1,0,0,1,2,E01004086,10-12-2018,1,1,1,1,13,3,3,0,0,0,0,-1,1,-1
26752,75.8550225,22.69142023,1,3,2,1,5,08:15,21,E09000029,4,271,6,30,3,4,6,0,0,0,1,1,1,0,0,1,2,E01004098,08-12-2018,1,1,3,1,30,6,3,1,1,0,0,-1,0,1
26753,75.88498261,22.72230736,1,3,2,2,1,01:00,21,E09000029,3,217,6,30,6,2,4,279,0,5,4,1,1,0,0,1,1,E01004130,27-11-2018,1,1,2,1,24,5,3,0,0,0,0,-1,19,1
26754,75.85374368,22.76263408,1,3,2,1,2,15:18,21,E09000029,6,0,6,30,3,4,6,0,0,0,1,1,1,0,0,1,1,E01004190,28-11-2018,1,1,2,2,29,6,3,0,0,1,0,-1,9,-1
26755,75.8925305,22.68731213,1,3,2,1,4,05:50,21,E09000029,3,2043,6,30,3,4,6,0,0,0,4,1,1,0,0,1,2,E01004111,14-12-2018,5,2,1,1,25,5,3,0,0,0,0,-1,9,1
26756,75.8287309,22.77029656,1,3,2,1,4,17:50,21,E09000029,4,2230,6,30,3,4,5,0,0,0,4,1,2,0,0,1,1,E01004140,30-11-2018,1,1,1,1,27,6,3,0,0,0,0,-1,9,1
26757,75.83892601,22.75329389,1,3,2,2,1,12:26,21,E09000029,6,0,6,30,6,4,6,0,0,0,1,2,2,0,0,1,1,E01004140,06-11-2018,2,2,1,2,35,6,3,0,0,0,0,-1,9,-1
26758,75.86644557,22.71695244,1,3,2,1,6,11:15,21,E09000029,4,277,6,30,3,4,3,237,0,0,1,1,2,0,0,1,1,E01004188,02-12-2018,1,1,1,2,29,6,3,0,0,0,0,-1,9,1
26759,75.85963376,22.73149637,1,3,2,1,7,20:00,21,E09000029,3,217,6,30,6,2,5,0,0,5,4,1,1,0,0,1,1,E01004159,10-12-2018,1,1,3,1,19,4,3,5,1,0,0,-1,0,1
26760,75.81439601,22.68847498,1,3,2,1,7,11:01,21,E09000029,4,272,6,30,3,4,6,0,0,0,1,2,2,0,0,1,1,E01004085,03-12-2018,1,1,2,2,28,6,3,0,0,1,0,-1,9,1
26761,75.88498653,22.72113227,1,3,1,1,6,18:04,21,E09000029,3,217,6,30,3,4,6,0,0,0,4,1,1,0,0,1,1,E01004148,25-11-2018,2,1,1,1,33,6,3,0,0,0,0,-1,5,-1
26762,75.86087774,22.71009077,1,3,1,1,6,15:52,21,E09000029,4,2230,6,30,0,-1,-1,0,0,0,1,1,1,0,0,1,1,E01004142,16-12-2018,1,1,1,1,25,5,3,0,0,0,0,-1,3,1
26763,75.83864969,22.69511577,1,3,1,1,1,18:30,21,E09000029,6,0,6,30,3,4,6,0,0,0,4,1,1,0,0,1,1,E01004099,11-12-2018,1,1,1,1,22,5,3,0,0,0,0,-1,9,1
26764,75.81300275,22.73072479,1,3,2,1,7,11:02,21,E09000029,6,0,6,30,3,4,6,0,0,0,1,1,1,0,0,1,1,E01004178,17-12-2018,1,1,3,1,1,1,3,5,3,0,0,-1,0,1
26765,75.84082505,22.70532597,1,3,3,1,7,14:05,21,E09000029,3,232,6,30,6,4,5,0,0,0,1,2,2,0,0,1,1,E01004158,26-11-2018,1,1,3,2,24,5,3,5,1,0,0,-1,0,1
26766,75.82810145,22.7528249,1,3,1,1,6,08:30,21,E09000029,5,0,6,30,3,4,6,0,0,0,1,1,4,0,0,1,1,E01004125,18-11-2018,1,1,1,2,32,6,3,0,0,0,0,-1,9,-1
26767,75.88346024,22.76688662,1,3,2,1,7,10:00,21,E09000029,3,232,6,30,6,2,4,278,0,5,1,1,1,0,0,1,1,E01004102,19-11-2018,1,2,2,1,56,9,3,0,0,1,0,-1,9,2
26768,75.82758304,22.73900461,1,3,1,1,7,13:50,21,E09000029,5,0,6,30,6,4,3,232,0,0,1,1,1,0,0,1,1,E01004158,05-11-2018,1,1,1,1,33,6,3,0,0,0,0,-1,1,1
26769,75.84995538,22.73903296,1,2,2,1,6,18:22,21,E09000029,5,0,6,30,3,4,6,0,0,0,4,1,1,4,0,1,1,E01004165,09-12-2018,1,1,2,1,30,6,3,0,0,1,0,-1,9,-1
26770,75.85074226,22.76591972,1,3,3,3,5,16:25,21,E09000029,5,0,3,30,2,4,5,0,0,0,1,1,1,0,0,1,1,E01004149,15-12-2018,1,1,1,1,20,4,3,0,0,0,0,-1,3,1
26771,75.902552,22.70347862,1,3,2,1,2,13:04,21,E09000029,3,217,6,30,0,-1,-1,0,0,0,1,1,1,0,0,1,1,E01004161,05-12-2018,1,1,3,1,-1,-1,3,4,4,0,0,-1,0,-1
26772,75.85499608,22.74692055,1,3,1,1,5,16:10,21,E09000029,3,232,6,30,3,4,3,232,0,0,1,1,1,0,0,1,1,E01004156,08-12-2018,1,1,3,1,23,5,3,5,1,0,0,-1,0,-1
26773,75.87270858,22.7144127,1,3,1,1,5,11:30,21,E09000029,6,0,6,30,0,-1,-1,0,0,0,1,1,1,0,0,1,1,E01004076,08-12-2018,1,1,3,1,25,5,3,5,1,0,0,-1,0,-1
26774,75.90355474,22.7093039,1,3,2,1,1,10:51,21,E09000029,3,24,6,40,3,4,6,0,0,0,1,1,1,0,0,1,1,E01004134,18-12-2018,1,1,2,2,69,10,3,0,0,0,4,-1,11,1
26775,75.83758056,22.70909769,1,3,1,1,4,14:46,21,E09000029,3,2043,6,30,3,4,6,0,0,4,1,1,1,0,0,1,1,E01004121,21-12-2018,1,2,2,2,24,5,3,0,0,0,3,-1,11,1
26776,75.8176055,22.75785,1,3,3,1,5,17:30,21,E09000029,4,2230,6,30,3,4,6,0,0,0,4,1,1,0,0,1,1,E01004144,15-12-2018,1,1,1,2,20,4,3,0,0,0,0,-1,9,1
26777,75.87387399,22.7404005,1,3,1,1,5,09:05,21,E09000029,3,2043,6,30,0,-1,-1,0,0,5,1,1,1,0,0,1,1,E01004118,15-12-2018,1,2,2,2,52,8,2,0,0,1,0,-1,9,1
26778,75.88573036,22.7250252,1,3,1,1,4,09:05,21,E09000029,4,271,6,30,0,-1,-1,0,0,0,1,1,1,0,0,1,1,E01004102,14-12-2018,1,1,1,2,36,7,3,0,0,0,0,-1,9,-1
26779,75.89912268,22.6888306,1,3,2,1,5,23:57,21,E09000029,3,232,6,30,7,2,3,237,0,5,4,8,2,0,0,1,1,E01004172,15-12-2018,1,1,1,2,37,7,3,0,0,0,0,-1,9,-1
26780,75.91133924,22.75703071,1,3,2,1,2,15:35,21,E09000029,4,2230,6,30,3,4,6,0,0,1,1,1,1,0,0,1,1,E01004152,19-12-2018,2,2,1,2,24,5,3,0,0,0,0,-1,9,1
26781,75.8146551,22.68856359,1,3,4,2,2,14:10,21,E09000029,4,272,6,40,0,-1,-1,0,0,0,1,1,2,0,0,1,1,E01004076,21-11-2018,1,1,1,2,53,8,2,0,0,0,0,-1,9,1
26782,75.8711949,22.7260966,1,3,2,1,6,12:00,21,E09000029,6,0,6,30,3,4,6,0,0,0,1,1,1,0,0,1,1,E01004119,16-12-2018,1,1,3,1,13,3,3,6,9,0,0,-1,0,1
26783,75.88992883,22.73615349,1,3,1,1,2,07:05,21,E09000029,3,2043,6,30,3,4,6,0,0,4,4,1,2,0,0,1,1,E01004111,05-12-2018,1,1,1,1,27,6,3,0,0,0,0,-1,3,1
26784,75.8933643,22.69307227,1,3,2,1,7,21:27,21,E09000029,3,24,6,30,8,4,6,0,0,0,4,1,1,0,0,1,1,E01004119,24-12-2018,1,1,3,1,27,6,3,5,1,0,0,-1,0,1
26785,75.81582083,22.76894317,1,3,1,1,1,03:15,21,E09000029,5,0,6,30,3,4,6,0,0,0,4,1,1,0,0,1,1,E01004165,25-12-2018,1,1,1,2,26,6,2,0,0,0,0,-1,9,1
26786,75.83375045,22.75258542,1,3,2,1,3,07:25,21,E09000029,6,0,6,30,0,-1,-1,0,0,0,4,1,1,0,0,1,2,E01004136,20-12-2018,1,2,2,2,-1,-1,2,0,0,1,0,-1,9,-1
26787,75.90755031,22.73312292,1,3,2,1,7,23:00,21,E09000029,4,279,6,30,3,4,6,0,0,0,4,1,1,0,0,1,1,E01004130,17-12-2018,1,1,3,2,-1,-1,2,1,1,0,0,-1,0,-1
26788,75.86087811,22.76072581,1,3,4,2,7,17:30,21,E09000029,4,272,6,30,3,4,6,0,0,0,4,1,1,0,0,1,1,E01004076,17-12-2018,1,1,1,1,50,8,3,0,0,0,0,-1,9,1
26789,75.81426237,22.6877851,1,3,1,1,2,13:05,21,E09000029,5,0,6,30,6,4,6,0,0,0,1,1,1,0,0,1,1,E01004127,19-12-2018,1,1,1,1,42,7,3,0,0,0,0,-1,5,1
26790,75.85114215,22.69859609,1,3,2,1,3,13:08,21,E09000029,5,0,6,30,6,4,6,0,0,0,1,2,2,0,0,1,1,E01004129,22-11-2018,2,1,1,1,38,7,3,0,0,0,0,-1,9,1
26791,75.84326246,22.76289016,1,3,1,1,5,17:38,21,E09000029,3,232,6,30,8,4,6,0,0,0,1,1,2,0,0,1,1,E01004156,29-12-2018,1,1,2,1,86,11,3,0,0,0,3,-1,11,1
26792,75.90421748,22.70297245,1,3,2,2,5,20:02,21,E09000029,4,271,6,30,6,4,6,0,0,0,4,1,1,0,0,1,1,E01004104,29-12-2018,2,1,1,1,31,6,3,0,0,0,0,-1,1,1
26793,75.83560274,22.7069333,1,3,2,1,4,17:05,21,E09000029,3,217,1,30,1,2,4,2230,0,5,4,1,1,0,0,1,1,E01004123,21-12-2018,1,1,3,1,19,4,2,5,3,0,0,-1,0,-1
26794,75.86772328,22.72146645,1,3,2,2,4,15:44,21,E09000029,3,2022,3,30,3,4,4,278,0,0,4,1,1,0,0,2,1,E01004108,07-12-2018,1,1,2,1,40,7,2,0,0,0,3,-1,11,1
26795,75.85269313,22.69306747,1,3,2,1,1,12:00,21,E09000029,5,0,1,30,1,4,5,0,0,0,1,1,2,0,0,1,3,E01004113,11-12-2018,1,1,2,1,-1,-1,3,0,0,2,0,-1,9,1
26796,75.88176051,22.70150088,1,3,2,2,5,19:45,21,E09000029,4,272,6,30,3,4,6,0,0,0,4,1,1,0,0,1,1,E01004085,15-12-2018,1,1,2,2,59,9,3,0,0,0,2,-1,11,1
26797,75.89612893,22.70784529,1,3,3,1,5,07:45,21,E09000029,3,24,3,30,0,-1,-1,0,0,0,1,1,2,0,0,1,1,E01004119,22-12-2018,1,1,3,1,39,7,3,5,3,0,0,-1,0,-1
26798,75.82077775,22.71475367,1,3,2,2,3,21:05,21,E09000029,4,271,6,30,6,2,4,272,0,5,4,3,2,0,0,1,1,E01004086,27-12-2018,1,1,1,2,55,8,3,0,0,0,0,-1,9,1
26799,75.86951434,22.70635597,1,3,3,2,3,17:19,21,E09000029,3,24,6,30,3,4,6,0,0,0,4,1,1,0,0,1,1,E01004116,27-12-2018,1,1,3,1,24,5,3,5,3,0,0,-1,0,1
26800,75.87952224,22.70305538,1,3,1,1,5,07:45,22,E09000024,4,272,6,30,0,-1,-1,0,0,0,1,1,4,0,0,1,1,E01003375,29-12-2018,2,1,2,2,40,7,3,0,0,1,0,-1,9,1
26801,75.89543272,22.75620723,1,3,1,1,7,13:40,21,E09000029,4,2230,6,30,3,4,6,0,0,4,1,1,1,0,0,1,1,E01004162,19-11-2018,1,1,1,1,25,5,3,0,0,0,0,-1,9,-1
26802,75.84304687,22.69822425,1,3,2,1,6,14:18,21,E09000029,5,0,6,30,6,4,6,0,0,0,1,1,1,0,0,1,1,E01004105,23-12-2018,2,2,1,1,36,7,3,0,0,0,0,-1,9,1
26803,75.85144857,22.76808356,1,3,1,1,3,14:35,21,E09000029,4,271,6,30,3,4,6,0,0,0,1,1,1,0,0,1,1,E01004177,13-12-2018,1,1,2,2,27,6,3,0,0,2,0,-1,9,1
26804,75.82124455,22.72357885,1,3,2,1,1,17:15,21,E09000029,5,0,6,30,0,-1,-1,0,0,0,4,1,1,0,0,1,1,E01004091,13-11-2018,1,1,2,2,51,8,3,0,0,1,0,-1,9,-1
26805,75.83213753,22.72969722,1,3,2,1,7,12:41,21,E09000029,4,279,3,40,6,2,3,217,0,0,1,1,1,0,0,1,1,E01004130,24-12-2018,1,2,1,1,46,8,3,0,0,0,0,-1,9,1
26806,75.81770234,22.72612063,1,3,4,2,6,16:17,21,E09000029,3,217,6,40,0,-1,-1,0,0,0,4,1,1,0,0,1,1,E01004145,23-12-2018,1,1,3,2,30,6,3,5,4,0,0,-1,0,-1
26807,75.82966113,22.68815626,1,3,2,1,7,13:41,21,E09000029,6,0,6,30,8,4,6,0,0,0,1,1,1,0,0,1,1,E01004166,19-11-2018,1,1,3,2,10,2,3,6,9,0,0,-1,0,-1
26808,75.88566254,22.75293928,1,3,1,1,3,08:00,21,E09000029,6,0,6,30,0,-1,-1,0,0,0,1,1,1,0,0,1,1,E01004162,20-12-2018,1,1,2,2,80,11,3,0,0,0,1,-1,11,1
26809,75.82885988,22.75147743,1,3,2,1,6,15:45,21,E09000029,3,24,6,30,3,2,6,0,0,5,1,1,2,0,0,1,2,E01004118,09-12-2018,1,1,3,2,19,4,3,5,1,0,0,-1,0,-1
26810,75.84203443,22.69225332,1,3,2,1,1,01:10,21,E09000029,3,232,6,30,6,2,6,0,0,5,4,1,1,0,0,1,2,E01004162,25-12-2018,1,1,1,2,43,7,3,0,0,0,0,-1,3,1
26811,75.90562591,22.73245684,1,3,2,1,5,17:45,21,E09000029,4,278,6,30,3,4,6,0,0,4,4,2,2,0,0,1,2,E01004167,13-10-2018,1,1,1,2,43,7,3,0,0,0,0,-1,9,1
26812,75.85491726,22.71895774,1,3,2,1,3,09:00,21,E09000029,3,217,1,30,1,4,4,2230,0,0,1,1,1,0,0,1,2,E01004123,08-11-2018,2,1,1,1,27,6,3,0,0,0,0,-1,1,1
26813,75.86908735,22.76636965,3,3,1,1,3,13:45,65,E10000006,3,5074,6,30,0,-1,-1,0,0,0,1,1,2,0,0,2,1,E01019395,04-01-2018,2,1,1,2,71,10,3,0,0,0,0,-1,9,1
26814,75.85880175,22.75858234,3,3,1,1,2,18:00,65,E10000006,6,0,6,30,3,4,6,0,0,0,4,1,1,0,0,2,1,E01019347,03-01-2018,1,1,1,1,18,4,3,0,0,0,0,-1,3,1
26815,75.84168614,22.69887021,3,3,2,1,4,17:45,61,E10000006,3,590,6,30,3,4,6,0,0,0,4,8,2,0,0,2,1,E01019164,05-01-2018,1,1,1,2,25,5,3,0,0,0,0,-1,9,1
26816,75.81447516,22.69578948,3,2,1,1,3,13:52,65,E10000006,3,590,1,60,1,4,1,6,0,0,1,5,2,0,0,2,1,E01019352,11-01-2018,1,1,1,1,23,5,3,0,0,0,0,-1,1,1
26817,75.87205237,22.69899119,3,3,2,1,4,15:41,61,E10000006,6,0,6,30,9,-1,-1,-1,0,0,1,1,2,0,0,1,2,E01019141,05-01-2018,1,1,3,1,-1,-1,3,5,1,0,0,-1,0,-1
26818,75.8189097,22.71321412,3,3,2,1,7,19:10,61,E10000006,6,0,6,30,3,4,6,0,0,0,4,4,2,0,0,1,1,E01019182,08-01-2018,1,1,3,1,2,1,3,5,2,0,0,-1,0,-1
26819,75.82331872,22.7146488,3,3,2,1,4,07:55,65,E10000006,3,65,6,30,3,4,6,0,0,1,4,2,2,0,0,1,1,E01019366,12-01-2018,1,1,1,1,48,8,3,0,0,0,0,-1,5,1
26820,75.91296692,22.72280824,3,3,2,1,3,17:03,65,E10000006,3,591,1,30,1,4,3,590,0,0,6,4,1,0,0,2,1,E01019383,18-01-2018,1,1,1,2,21,5,3,0,0,0,0,-1,9,1
26821,75.87134776,22.69381196,3,3,7,3,3,10:30,62,E10000006,3,595,6,60,9,4,6,0,0,0,1,4,2,0,0,2,1,E01019214,04-01-2018,1,2,2,2,-1,-1,3,0,0,1,0,-1,9,-1
26822,75.89243435,22.74640947,3,2,1,1,7,10:29,62,E10000006,3,69,6,60,0,-1,-1,0,0,0,1,1,2,0,0,2,1,E01019224,01-01-2018,1,1,1,1,24,5,3,0,0,0,0,-1,9,1
26823,75.90229953,22.69770824,3,3,1,1,3,09:37,62,E10000006,3,69,3,70,0,-1,-1,0,0,0,1,4,2,0,0,2,1,E01019251,04-01-2018,1,1,3,2,19,4,3,1,1,0,0,-1,0,1
26824,75.82108364,22.70592184,3,3,2,3,3,21:20,62,E10000006,3,595,1,30,1,4,3,595,0,4,4,1,1,0,0,1,1,E01019204,04-01-2018,1,1,1,1,25,5,3,0,0,0,0,-1,3,1
26825,75.90709657,22.73732781,3,3,2,1,3,16:45,64,E10000006,6,0,6,30,1,4,6,0,0,1,4,1,1,0,0,1,1,E01019330,04-01-2018,1,1,3,1,38,7,3,8,9,0,0,-1,0,-1
26826,75.81355422,22.71050154,3,3,1,1,3,00:01,64,E10000006,1,6,3,70,0,-1,-1,0,0,0,6,5,2,0,0,2,1,E01019337,04-01-2018,1,1,1,2,29,6,3,0,0,0,0,-1,9,-1
26827,75.88317463,22.7510592,3,3,2,2,3,18:20,64,E10000006,1,6,3,70,0,-1,-1,0,0,0,6,1,1,0,0,2,1,E01019316,04-01-2018,2,2,1,1,78,11,3,0,0,0,0,-1,9,1
26828,75.8716534,22.72876378,3,3,1,1,3,10:40,64,E10000006,3,686,6,60,0,-1,-1,0,0,0,1,5,2,0,0,2,1,E01019321,04-01-2018,1,1,1,1,21,5,2,0,0,0,0,-1,9,1
26829,75.91029545,22.72882917,3,1,2,1,4,13:20,62,E10000006,5,1013,6,60,0,-1,-1,0,0,0,1,5,2,0,0,2,1,E01019225,05-01-2018,1,1,1,2,23,5,3,0,0,0,0,-1,9,1
26830,75.90452617,22.74640217,3,2,1,1,4,16:00,64,E10000006,3,66,3,70,0,-1,-1,0,0,0,6,5,2,0,0,2,1,E01019309,05-01-2018,1,1,1,2,21,5,3,0,0,0,0,-1,9,1
26831,75.84186526,22.75037546,3,3,1,1,5,15:20,64,E10000006,1,6,3,70,0,-1,-1,0,0,0,6,5,2,4,0,2,1,E01019325,06-01-2018,2,1,1,1,45,7,3,0,0,0,0,-1,9,1
26832,75.9071073,22.7156287,3,3,1,1,5,20:10,64,E10000006,3,66,3,70,0,-1,-1,0,0,0,6,5,2,0,0,2,1,E01019309,06-01-2018,1,1,3,2,58,9,3,5,1,0,0,-1,0,-1
26833,75.8216793,22.76149081,3,2,1,2,7,06:00,62,E10000006,1,6,3,70,0,-1,-1,0,0,0,6,5,2,0,0,2,1,E01019251,08-01-2018,2,1,1,2,22,5,3,0,0,0,0,-1,9,1
26834,75.82180722,22.73189528,3,3,1,3,7,07:20,64,E10000006,1,6,3,70,0,-1,-1,0,0,0,6,5,2,0,0,2,1,E01019337,08-01-2018,1,1,3,2,10,2,3,5,2,0,0,-1,0,-1
26835,75.90740268,22.76111739,3,3,2,1,3,13:30,65,E10000006,6,0,6,60,0,-1,-1,0,0,0,1,2,2,0,0,2,1,E01019379,11-01-2018,1,1,3,1,33,6,3,8,5,0,0,-1,0,1
26836,75.86230986,22.75307958,3,3,1,1,5,15:30,61,E10000006,6,0,6,30,0,-1,-1,0,0,0,1,1,1,0,0,1,1,E01019161,13-01-2018,1,1,1,2,37,7,3,0,0,0,0,-1,9,-1
26837,75.85461246,22.71204382,3,3,1,1,7,04:47,62,E10000006,1,6,3,70,0,-1,-1,0,0,0,6,5,2,0,0,2,1,E01019213,08-01-2018,1,1,1,1,39,7,3,0,0,0,0,-1,9,1
26838,75.91025339,22.76805192,3,3,1,1,7,04:42,64,E10000006,1,6,3,70,0,-1,-1,0,0,0,6,5,2,0,0,2,1,E01019325,08-01-2018,1,1,1,1,17,4,2,0,0,0,0,-1,3,-1
26839,75.8664233,22.69659909,3,3,1,2,7,17:47,62,E10000006,5,1037,6,60,0,-1,-1,0,0,0,6,5,2,0,2,2,1,E01019228,08-01-2018,1,1,3,2,14,3,3,5,1,0,0,-1,0,1
26840,75.84693336,22.69074969,3,2,2,2,5,01:11,64,E10000006,1,6,3,60,0,-1,-1,0,0,0,6,4,2,0,3,2,1,E01019325,20-01-2018,1,1,2,1,3,1,3,0,0,0,4,-1,11,1
26841,75.90632097,22.7592227,3,1,3,3,4,19:40,64,E10000006,3,686,6,60,0,-1,-1,0,0,0,6,4,2,0,0,2,1,E01019321,19-01-2018,1,1,2,1,-1,-1,3,0,0,1,0,-1,9,1
26842,75.8389996,22.73084829,3,3,1,1,6,18:20,62,E10000006,3,74,3,70,0,-1,-1,0,0,0,6,1,1,0,0,2,1,E01019226,14-01-2018,1,1,1,1,24,5,2,0,0,0,0,-1,5,1
26843,75.90126735,22.76400757,3,2,5,4,7,11:27,64,E10000006,1,6,3,70,0,-1,-1,0,0,0,1,6,3,0,0,2,1,E01019316,08-01-2018,1,1,2,2,30,6,3,0,0,1,0,-1,9,1
26844,75.85717551,22.76670773,3,3,1,1,7,05:46,64,E10000006,1,6,3,70,0,-1,-1,0,0,0,6,5,2,0,0,2,1,E01019325,08-01-2018,1,1,3,1,69,10,3,5,1,0,0,-1,0,1