Accident_Index,longitude,latitude,Police_Force,Accident_Severity,Number_of_Vehicles,Number_of_Casualties,Day_of_Week,Time,Local_Authority_(District),Local_Authority_(Highway),1st_Road_Class,1st_Road_Number,Road_Type,Speed_limit,Junction_Detail,Junction_Control,2nd_Road_Class,2nd_Road_Number,Pedestrian_Crossing-Human_Control,Pedestrian_Crossing-Physical_Facilities,Light_Conditions,Weather_Conditions,Road_Surface_Conditions,Special_Conditions_at_Site,Carriageway_Hazards,Urban_or_Rural_Area,Did_Police_Officer_Attend_Scene_of_Accident,LSOA_of_Accident_Location,Date,Vehicle_Reference,Casualty_Reference,Casualty_Class,Sex_of_Casualty,Age_of_Casualty,Age_Band_of_Casualty,Casualty_Severity,Pedestrian_Location,Pedestrian_Movement,Car_Passenger,Bus_or_Coach_Passenger,Pedestrian_Road_Maintenance_Worker,Casualty_Type,Casualty_Home_Area_Type
26845,75.82785747,22.69461806,3,3,2,1,1,00:10,62,E10000006,6,0,6,30,0,-1,-1,0,0,0,5,5,2,0,0,1,1,E01019194,09-01-2018,1,1,2,1,25,5,3,0,0,1,0,-1,9,1
26846,75.8285428,22.69571507,3,3,1,1,2,17:06,64,E10000006,1,6,3,70,0,-1,-1,0,0,0,6,5,2,0,0,2,1,E01019316,10-01-2018,1,1,2,2,54,8,3,0,0,1,0,-1,9,1
26847,75.85830928,22.74492693,3,2,4,2,3,04:42,64,E10000006,1,6,3,70,0,-1,-1,0,0,0,6,2,2,0,3,2,1,E01019315,11-01-2018,1,1,3,1,61,9,3,5,3,0,0,-1,0,1
26848,75.84026138,22.70658328,3,3,3,2,5,16:59,64,E10000006,3,685,6,60,0,-1,-1,0,0,0,6,1,2,0,0,2,1,E01019317,13-01-2018,1,1,3,1,12,3,3,5,1,0,0,-1,0,-1
26849,75.89176402,22.72388405,3,3,1,1,1,17:15,65,E10000006,3,590,3,70,0,-1,-1,0,0,0,6,1,2,0,0,2,2,E01019386,16-01-2018,2,1,1,1,52,8,3,0,0,0,0,-1,9,1
26850,75.86732765,22.74107736,3,3,2,1,5,14:30,62,E10000006,6,0,6,30,0,-1,-1,0,0,0,1,1,1,0,0,1,1,E01019234,13-01-2018,2,1,1,2,47,8,2,0,0,0,0,-1,9,1
26851,75.85947898,22.69819014,3,3,2,1,5,14:55,64,E10000006,3,592,1,30,1,4,6,0,0,8,1,1,1,0,0,1,1,E01019335,13-01-2018,1,1,1,1,32,6,3,0,0,0,0,-1,1,1
26852,75.81997826,22.7503261,3,3,2,1,1,20:18,62,E10000006,1,6,3,70,0,-1,-1,0,0,0,6,1,2,0,0,2,1,E01019213,16-01-2018,1,1,3,1,17,4,2,5,1,0,0,-1,0,1
26853,75.83708811,22.73480346,3,3,2,2,1,12:10,64,E10000006,3,66,6,60,0,-1,-1,0,0,0,1,2,2,0,0,2,1,E01019323,16-01-2018,1,1,1,1,49,8,3,0,0,0,0,-1,9,1
26854,75.82644854,22.69230926,3,3,3,1,3,12:10,62,E10000006,3,69,3,60,0,-1,-1,0,0,0,1,2,2,0,0,2,1,E01019251,18-01-2018,1,1,1,1,34,6,3,0,0,0,0,-1,5,1
26855,75.89182187,22.71474033,3,2,1,1,3,08:50,64,E10000006,3,689,6,30,9,4,6,0,0,0,1,3,3,0,0,2,1,E01019305,18-01-2018,1,1,1,2,27,6,3,0,0,0,0,-1,9,-1
26856,75.91068722,22.73013492,3,3,1,1,3,14:08,64,E10000006,1,6,3,70,0,-1,-1,0,0,0,1,6,3,0,0,2,1,E01019337,18-01-2018,1,1,2,1,65,9,2,0,0,0,2,-1,11,1
26857,75.90975407,22.75122451,3,2,1,1,3,14:38,64,E10000006,3,66,3,70,3,4,5,3047,0,0,1,5,3,0,0,2,1,E01019311,18-01-2018,1,1,1,2,32,6,3,0,0,0,0,-1,9,1
26858,75.8449146,22.69597702,3,3,2,1,3,17:52,64,E10000006,3,66,3,40,5,4,6,0,0,0,6,1,2,0,0,2,1,E01019323,18-01-2018,1,1,1,1,46,8,3,0,0,0,0,-1,9,1
26859,75.86339796,22.70564783,3,3,3,2,4,13:55,64,E10000006,3,685,1,30,1,4,5,3422,0,0,1,2,2,0,0,2,1,E01019318,19-01-2018,1,1,1,1,32,6,3,0,0,0,0,-1,9,1
26860,75.83776029,22.74847249,3,3,1,1,4,05:32,62,E10000006,3,7,6,60,0,-1,-1,0,0,0,6,1,4,0,0,2,1,E01019228,19-01-2018,2,1,1,2,72,10,3,0,0,0,0,-1,9,-1
26861,75.9007042,22.71302803,3,3,1,1,6,11:40,62,E10000006,6,0,6,30,0,-1,-1,0,0,0,1,1,1,0,0,1,1,E01019190,21-01-2018,1,1,2,2,41,7,3,0,0,1,0,-1,9,-1
26862,75.87429855,22.69665927,3,3,3,3,6,17:09,62,E10000006,3,7,2,30,3,3,6,0,0,0,4,1,1,0,0,1,1,E01019206,21-01-2018,1,1,2,2,91,11,3,0,0,1,0,-1,9,1
26863,75.85315417,22.71298625,3,3,2,1,7,11:20,62,E10000006,6,0,6,30,3,4,6,0,0,0,1,1,2,0,0,1,1,E01019242,22-01-2018,1,2,1,2,58,9,3,0,0,0,0,-1,9,1
26864,75.81564158,22.71536151,3,3,1,1,7,17:08,64,E10000006,4,6542,6,60,0,-1,-1,0,0,0,6,8,4,0,0,2,1,E01019307,22-01-2018,2,1,2,2,46,8,3,0,0,2,0,-1,9,1
26865,75.86957952,22.70314786,3,3,2,1,2,09:20,62,E10000006,3,689,6,60,3,4,6,0,0,0,1,1,1,0,0,2,1,E01019200,24-01-2018,2,2,2,1,41,7,3,0,0,1,0,-1,9,1
26866,75.87926121,22.76756084,3,3,2,1,5,08:05,65,E10000006,3,65,6,60,3,4,6,0,0,0,1,1,1,0,0,2,1,E01019352,27-01-2018,1,3,1,1,35,6,2,0,0,0,0,-1,9,1
26867,75.85768135,22.76084362,3,3,2,1,2,15:00,65,E10000006,6,0,6,30,0,-1,-1,0,0,0,1,2,2,0,0,1,2,E01019367,17-01-2018,2,1,1,2,41,7,3,0,0,0,0,-1,9,1
26868,75.8678054,22.73587251,3,3,2,1,3,17:40,65,E10000006,4,5277,6,40,0,-1,-1,0,0,0,6,1,1,0,0,2,1,E01019354,25-01-2018,3,2,1,2,28,6,3,0,0,0,0,-1,9,1
26869,75.86921091,22.70111701,3,3,4,1,1,17:15,65,E10000006,1,6,3,70,0,-1,-1,0,0,0,6,1,1,0,0,2,1,E01019348,23-01-2018,1,1,2,1,-1,-1,3,0,0,1,0,-1,9,-1
26870,75.89863515,22.71326219,3,3,1,2,1,13:45,65,E10000006,3,591,1,70,1,4,6,0,0,0,1,1,1,0,0,2,1,E01019346,30-01-2018,1,1,1,1,24,5,3,0,0,0,0,-1,9,1
26871,75.83260895,22.70084476,3,3,1,1,6,14:22,61,E10000006,6,0,2,30,6,4,6,0,0,0,1,1,1,0,0,1,1,E01019141,28-01-2018,1,2,2,2,-1,-1,3,0,0,1,0,-1,9,1
26872,75.88704418,22.70534524,3,3,2,2,2,18:10,65,E10000006,3,6,6,60,3,4,6,0,0,0,6,1,1,0,0,2,1,E01019394,24-01-2018,2,1,1,1,17,4,2,0,0,0,0,-1,3,-1
26873,75.90568028,22.74116296,3,3,2,3,2,11:40,64,E10000006,5,3069,6,60,0,-1,-1,0,0,0,1,1,1,0,0,2,1,E01019340,24-01-2018,2,1,1,1,50,8,3,0,0,0,0,-1,1,-1
26874,75.83040233,22.70092757,3,3,2,1,6,18:10,64,E10000006,6,0,6,30,9,4,6,0,0,0,4,1,1,0,0,1,1,E01019331,28-01-2018,1,1,3,1,49,8,3,5,1,0,0,-1,0,3
26875,75.90982631,22.74311356,3,3,1,1,7,08:10,65,E10000006,3,65,6,40,0,-1,-1,0,0,0,1,1,1,0,0,2,1,E01019352,29-01-2018,2,1,3,1,38,7,3,9,5,0,0,-1,0,1
26876,75.83539821,22.76075787,3,3,2,1,1,13:20,65,E10000006,4,6384,6,30,3,4,6,0,0,0,1,1,1,0,0,2,2,E01019347,30-01-2018,1,1,1,2,33,6,3,0,0,0,0,-1,9,1
26877,75.89766284,22.74458022,3,3,1,1,3,15:28,64,E10000006,4,5288,6,30,3,4,6,0,0,0,1,1,2,0,0,1,1,E01019335,25-01-2018,1,1,1,2,25,5,3,0,0,0,0,-1,9,1
26878,75.89297285,22.76598895,3,3,1,1,4,21:25,64,E10000006,3,66,1,60,1,4,3,66,0,0,4,1,2,0,0,2,1,E01019334,26-01-2018,1,1,1,1,37,7,3,0,0,0,0,-1,8,1
26879,75.89172789,22.71456538,3,3,2,1,6,19:27,64,E10000006,3,66,6,60,3,4,6,0,0,0,6,1,1,0,0,2,1,E01019339,28-01-2018,1,1,3,1,-1,-1,2,5,1,0,0,-1,0,-1
26880,75.8921575,22.74826538,3,3,1,1,3,10:37,65,E10000006,6,0,6,30,0,-1,-1,0,0,4,1,1,2,0,0,1,1,E01019360,01-02-2018,1,1,1,1,53,8,3,0,0,0,0,-1,9,-1
26881,75.81288772,22.69257346,3,3,2,1,5,12:40,65,E10000006,4,5281,6,30,3,4,6,0,0,0,1,1,1,0,0,1,1,E01019390,27-01-2018,2,1,1,1,20,4,3,0,0,0,0,-1,4,1
26882,75.90646521,22.70463191,3,3,1,1,5,09:24,65,E10000006,3,590,3,40,0,-1,-1,0,0,0,1,1,2,0,0,1,1,E01019393,27-01-2018,1,1,1,2,45,7,3,0,0,0,0,-1,9,1
26883,75.90862473,22.73450643,3,3,2,2,4,13:50,65,E10000006,5,5022,6,60,0,-1,-1,0,0,0,1,1,2,7,0,2,1,E01019356,26-01-2018,1,2,2,2,62,9,3,0,0,1,0,-1,9,-1
26884,75.8724716,22.69232472,3,3,2,1,2,08:50,62,E10000006,3,7,2,30,3,2,6,0,0,5,1,1,2,0,0,1,1,E01019206,24-01-2018,1,1,1,1,77,11,3,0,0,0,0,-1,9,1
26885,75.83550341,22.74792222,3,3,2,1,5,16:03,61,E10000006,6,0,6,30,6,4,6,0,0,0,1,1,1,0,0,1,1,E01019170,27-01-2018,1,1,1,2,38,7,3,0,0,0,0,-1,9,1
26886,75.90486116,22.72685768,3,2,2,2,3,17:30,64,E10000006,3,686,6,60,0,-1,-1,0,0,0,6,1,2,0,0,2,1,E01019314,25-01-2018,1,1,3,2,31,6,3,1,3,0,0,-1,0,1
26887,75.84153021,22.73056376,3,3,2,1,5,17:24,62,E10000006,3,7,6,30,0,-1,-1,0,0,1,4,1,1,0,0,1,1,E01019243,27-01-2018,1,1,2,2,-1,-1,3,0,0,1,0,-1,9,-1
26888,75.85713042,22.75215922,3,3,3,1,6,13:29,64,E10000006,3,685,6,30,0,-1,-1,0,0,0,1,1,1,0,0,2,1,E01019318,28-01-2018,1,1,3,2,17,4,3,5,1,0,0,-1,0,1
26889,75.8621582,22.75227711,3,3,2,1,7,10:00,62,E10000006,3,595,6,30,3,4,6,0,0,0,1,1,1,0,0,1,1,E01019193,29-01-2018,1,1,3,1,38,7,3,9,5,0,0,-1,0,1
26890,75.89433273,22.76750738,3,3,2,3,7,16:23,62,E10000006,6,0,6,30,3,4,6,0,0,0,1,1,1,0,0,1,1,E01019230,29-01-2018,1,1,2,1,25,5,3,0,0,0,3,-1,11,1
26891,75.91012085,22.68864059,3,3,1,1,1,04:30,62,E10000006,3,7,6,30,3,4,6,0,0,0,4,1,1,0,0,1,1,E01019190,30-01-2018,1,1,3,1,35,6,3,5,1,0,0,-1,0,-1
26892,75.85651725,22.76811085,3,3,1,1,6,13:15,61,E10000006,6,0,6,30,0,-1,-1,0,0,0,1,1,1,0,0,1,2,E01019166,28-01-2018,1,1,2,1,17,4,3,0,0,2,0,-1,9,1
26893,75.88870612,22.71332777,3,3,1,1,4,21:55,65,E10000006,6,0,6,30,0,-1,-1,0,0,0,4,1,2,0,0,1,1,E01019360,02-02-2018,1,1,2,2,61,9,2,0,0,0,3,-1,11,1
26894,75.87611749,22.76898633,3,3,2,2,4,13:36,61,E10000006,3,5087,6,30,9,2,-1,-1,0,0,1,1,2,0,0,1,1,E01019172,02-02-2018,2,1,1,2,20,4,3,0,0,0,0,-1,9,1
26895,75.8241178,22.76513059,3,3,2,1,5,20:42,65,E10000006,3,6,6,30,3,4,3,683,0,0,4,1,1,0,0,1,1,E01019365,03-02-2018,1,1,3,1,55,8,2,1,1,0,0,-1,0,1
26896,75.85161063,22.74140091,3,3,2,1,5,13:30,64,E10000006,3,6,6,30,3,4,6,0,0,0,1,1,2,0,0,1,1,E01019327,27-01-2018,1,1,1,2,37,7,3,0,0,0,0,-1,9,1
26897,75.82426597,22.76525534,3,3,1,2,1,02:53,64,E10000006,5,3069,6,60,0,-1,-1,0,0,0,6,1,2,5,0,2,1,E01019340,30-01-2018,1,1,3,1,23,5,3,6,9,0,0,-1,0,1
26898,75.889523,22.70692301,3,3,2,1,7,21:50,64,E10000006,4,6542,6,30,0,-1,-1,0,0,0,4,1,2,0,0,2,1,E01019307,29-01-2018,2,1,1,1,26,6,3,0,0,0,0,-1,9,1
26899,75.84383981,22.76701515,3,3,2,1,3,12:15,62,E10000006,6,0,6,30,3,4,6,0,0,0,1,1,1,0,0,1,1,E01019190,01-02-2018,1,1,3,1,78,11,2,1,1,0,0,-1,0,1
26900,75.86951518,22.74092538,3,2,2,2,4,13:35,65,E10000006,3,6,6,60,0,-1,-1,0,0,0,1,1,2,0,0,2,1,E01019343,19-01-2018,2,1,1,1,25,5,3,0,0,0,0,-1,9,1
26901,75.90950138,22.76230911,3,3,3,2,4,13:06,62,E10000006,3,7,6,30,9,4,6,0,0,0,1,1,1,0,0,1,1,E01019242,02-02-2018,1,1,1,1,20,4,3,0,0,0,0,-1,9,1
26902,75.82034277,22.73509215,3,3,2,1,1,22:57,62,E10000006,3,7,6,30,3,2,6,0,0,0,4,1,1,0,0,1,1,E01019244,23-01-2018,1,2,2,1,-1,-1,3,0,0,1,0,-1,9,1
26903,75.86958034,22.73052893,3,3,2,3,6,18:30,62,E10000006,3,69,6,60,3,4,6,0,0,0,6,1,2,0,0,2,1,E01019249,28-01-2018,1,1,2,2,67,10,3,0,0,0,3,-1,11,1
26904,75.82033567,22.72744605,3,2,2,2,3,00:01,62,E10000006,3,595,6,60,8,4,6,0,0,0,6,1,1,0,0,2,1,E01019214,01-02-2018,1,1,2,2,76,11,3,0,0,1,0,-1,9,-1
26905,75.84975616,22.69947349,3,3,2,1,5,08:40,62,E10000006,6,0,6,30,3,4,6,0,0,0,1,1,2,0,0,1,1,E01019197,03-02-2018,1,1,1,1,39,7,3,0,0,0,0,-1,9,1
26906,75.81829546,22.69944212,3,3,2,1,5,09:22,62,E10000006,1,6,3,70,0,-1,-1,0,0,0,1,1,1,0,0,2,1,E01019238,03-02-2018,1,1,1,1,33,6,3,0,0,0,0,-1,9,1
26907,75.88565039,22.7517446,3,2,1,1,6,23:06,62,E10000006,3,74,3,60,5,4,3,74,0,0,6,1,2,0,0,2,1,E01019226,04-02-2018,2,2,1,1,40,7,3,0,0,0,0,-1,9,1
26908,75.90931723,22.72791472,3,3,3,1,7,06:24,62,E10000006,3,595,6,60,0,-1,-1,0,0,0,6,1,2,0,0,2,1,E01019214,05-02-2018,1,1,3,2,14,3,3,5,2,0,0,-1,0,1
26909,75.81333525,22.70934674,3,2,1,1,3,08:30,65,E10000006,6,0,6,60,0,-1,-1,0,0,0,1,1,2,0,0,2,1,E01019346,08-02-2018,1,1,1,2,46,8,2,0,0,0,0,-1,5,1
26910,75.91528141,22.72765464,3,3,1,1,3,15:10,60,E10000006,3,596,6,30,9,3,6,0,0,0,1,1,1,0,0,1,1,E01019116,04-01-2018,2,1,1,1,40,7,3,0,0,0,0,-1,3,1
26911,75.84264087,22.75867054,3,3,2,1,3,16:30,63,E10000006,3,5094,6,30,0,-1,-1,0,0,5,4,1,1,0,0,1,2,E01019281,04-01-2018,1,1,1,1,32,6,3,0,0,0,0,-1,9,-1
26912,75.88328991,22.74556936,3,3,2,1,1,02:30,60,E10000006,3,596,6,40,1,4,6,0,0,0,4,4,1,0,0,2,1,E01019122,02-01-2018,1,1,1,1,39,7,3,0,0,0,0,-1,9,1
26913,75.89290081,22.71271887,3,3,3,1,6,00:31,60,E10000006,3,597,6,30,0,-1,-1,0,0,0,4,5,2,0,0,1,1,E01019112,07-01-2018,1,1,3,1,12,3,3,10,9,0,0,-1,0,1
26914,75.87898185,22.74128562,3,3,1,1,7,00:58,60,E10000006,3,5086,6,60,0,-1,-1,0,0,0,6,1,2,0,0,2,1,E01019091,01-01-2018,1,1,1,1,33,6,2,0,0,0,0,-1,9,1
26915,75.85738318,22.74667068,3,3,2,1,2,15:20,60,E10000006,3,596,6,30,6,2,6,0,0,4,1,1,1,0,0,1,1,E01019116,03-01-2018,1,2,2,2,1,1,2,0,0,2,0,-1,9,1
26916,75.88030399,22.76217178,3,3,1,1,5,15:40,60,E10000006,6,0,6,30,0,-1,-1,0,0,0,1,1,2,0,0,2,1,E01019079,06-01-2018,2,3,1,2,46,8,3,0,0,0,0,-1,9,1
26917,75.83027181,22.71494612,3,3,1,1,6,19:56,65,E10000006,3,592,6,40,3,4,6,0,0,0,6,1,1,0,0,2,1,E01019397,07-01-2018,1,1,1,1,50,8,3,0,0,0,0,-1,1,-1
26918,75.90566878,22.69745198,3,2,1,1,7,23:09,61,E10000006,6,0,6,30,0,-1,-1,0,0,0,4,1,1,0,0,1,1,E01019141,05-02-2018,1,1,3,2,62,9,2,1,1,0,0,-1,0,1
26919,75.853728,22.68972605,3,3,2,1,1,14:30,65,E10000006,6,0,6,60,0,-1,-1,0,0,0,1,2,2,0,0,2,2,E01019376,06-02-2018,1,1,3,2,24,5,3,8,9,0,0,-1,0,1
26920,75.83528201,22.71256438,3,3,1,1,7,18:30,62,E10000006,6,0,6,30,0,-1,-1,0,0,0,4,1,1,0,0,2,1,E01019224,05-02-2018,1,1,1,1,57,9,3,0,0,0,0,-1,9,1
26921,75.84093179,22.69835755,3,3,2,1,2,12:50,61,E10000006,3,5087,6,30,3,3,6,0,0,0,1,1,2,0,0,1,2,E01019177,07-02-2018,1,1,1,1,41,7,3,0,0,0,0,-1,9,1
26922,75.82100889,22.70522052,3,3,2,1,2,10:01,64,E10000006,3,66,1,60,1,4,6,0,0,0,1,1,2,0,0,2,1,E01019311,07-02-2018,1,1,1,2,48,8,3,0,0,0,0,-1,9,1
26923,75.86155552,22.73655917,3,3,2,2,5,16:35,63,E10000006,3,5093,6,30,9,4,3,5093,0,0,5,4,2,0,0,2,2,E01019290,06-01-2018,1,1,1,1,66,10,3,0,0,0,0,-1,9,-1
26924,75.83299312,22.74105602,3,3,1,1,1,13:26,63,E10000006,6,0,6,30,0,-1,-1,0,0,0,1,2,2,0,0,2,1,E01019275,09-01-2018,1,1,3,1,30,6,3,9,9,0,0,-1,0,1
26925,75.88404976,22.75877978,3,3,1,1,4,07:30,63,E10000006,6,0,3,40,0,-1,-1,0,0,0,6,4,1,0,0,2,2,E01019271,12-01-2018,1,1,1,2,56,9,3,0,0,0,0,-1,9,1
26926,75.910655,22.73815525,3,3,2,1,5,08:45,63,E10000006,6,0,6,30,3,4,6,0,0,0,1,1,2,0,0,1,1,E01019285,13-01-2018,2,2,1,2,27,6,3,0,0,0,0,-1,9,1
26927,75.91393258,22.72108169,3,3,1,1,7,13:38,60,E10000006,6,0,6,30,0,-1,-1,0,0,0,1,1,2,0,0,1,1,E01019120,15-01-2018,1,1,2,2,-1,-1,3,0,0,0,4,-1,11,-1
26928,75.81301251,22.73766691,3,3,1,1,2,13:30,60,E10000006,6,0,6,30,3,4,6,0,0,0,1,1,1,0,0,1,2,E01019121,10-01-2018,1,1,2,2,25,5,3,0,0,1,0,-1,9,-1
26929,75.85849754,22.69632624,3,3,2,1,4,17:36,60,E10000006,3,596,6,60,0,-1,-1,0,0,0,5,1,1,0,0,2,1,E01019128,12-01-2018,2,1,1,2,29,6,3,0,0,0,0,-1,1,1
26930,75.84960898,22.70876811,3,3,2,1,4,02:43,61,E10000006,6,0,6,30,0,-1,-1,0,0,0,4,1,1,0,0,2,1,E01019145,02-02-2018,1,1,1,1,-1,-1,3,0,0,0,0,-1,9,1
26931,75.86469536,22.70688003,3,3,2,1,7,18:36,65,E10000006,4,5287,1,30,1,4,3,591,0,0,4,1,1,0,0,2,1,E01019376,22-01-2018,2,1,1,1,41,7,3,0,0,0,0,-1,9,3
26932,75.84852923,22.69350223,3,3,2,2,4,08:50,65,E10000006,3,590,6,60,8,4,-1,-1,0,0,1,1,2,0,0,2,1,E01019386,02-02-2018,1,1,3,2,-1,-1,2,5,3,0,0,-1,0,-1
26933,75.90368942,22.73225934,3,3,2,1,4,16:30,65,E10000006,3,6,6,60,0,-1,-1,0,0,0,1,1,1,0,0,2,2,E01019394,02-02-2018,1,1,3,2,1,1,3,5,3,0,0,-1,0,1
26934,75.81645976,22.73365885,3,3,1,1,6,06:45,60,E10000006,6,0,6,60,0,-1,-1,0,0,0,6,1,1,0,2,2,2,E01019102,14-01-2018,1,1,1,2,59,9,3,0,0,0,0,-1,9,1
26935,75.84688682,22.73773087,3,3,2,2,5,16:57,65,E10000006,3,5092,6,60,6,4,6,0,0,0,6,1,2,0,0,2,1,E01019351,03-02-2018,1,1,2,2,83,11,3,0,0,0,2,-1,11,1
26936,75.82482947,22.737687,3,3,1,1,2,16:46,60,E10000006,4,5305,6,60,0,-1,-1,0,0,0,6,6,3,0,0,2,1,E01019131,17-01-2018,1,1,2,2,22,5,3,0,0,1,0,-1,9,1
26937,75.89536418,22.75497753,3,3,1,1,4,15:30,60,E10000006,6,0,6,30,3,4,6,0,0,0,1,1,1,0,0,1,2,E01019109,12-01-2018,1,2,1,1,25,5,3,0,0,0,0,-1,9,1
26938,75.823544,22.73626616,3,3,1,1,1,22:35,60,E10000006,3,595,6,60,0,-1,-1,0,0,0,6,5,5,0,2,2,1,E01019131,09-01-2018,2,1,2,2,31,6,3,0,0,0,3,-1,11,1
26939,75.85123501,22.70098682,3,2,1,1,5,13:04,63,E10000006,3,5094,6,40,0,-1,-1,0,0,0,1,1,1,0,0,1,1,E01019260,13-01-2018,1,1,3,2,52,8,3,5,1,0,0,-1,0,1
26940,75.83185424,22.70192958,3,2,1,1,6,22:30,60,E10000006,6,0,6,60,3,4,2,594,0,0,6,1,2,0,0,2,1,E01019086,14-01-2018,1,1,3,1,-1,-1,3,5,3,0,0,-1,0,-1
26941,75.9139719,22.73117267,3,3,2,2,6,21:15,60,E10000006,6,0,6,30,9,4,6,0,0,0,4,1,1,0,0,1,1,E01019122,21-01-2018,1,1,1,2,52,8,3,0,0,0,0,-1,9,1
26942,75.90727601,22.77044501,3,3,2,1,5,22:43,62,E10000006,5,1014,6,60,0,-1,-1,0,0,0,6,1,2,0,0,2,1,E01019213,10-02-2018,1,1,1,1,25,5,3,0,0,0,0,-1,9,1
26943,75.9082329,22.7473711,3,3,1,1,7,11:55,60,E10000006,6,0,6,30,0,-1,-1,0,0,0,1,1,1,0,0,1,1,E01019121,22-01-2018,1,1,1,1,53,8,3,0,0,0,0,-1,19,1
26944,75.84446077,22.74820526,3,3,2,1,7,14:44,65,E10000006,3,65,2,30,3,4,6,0,0,1,1,1,2,0,0,1,1,E01019366,12-02-2018,1,1,3,2,35,6,3,5,2,0,0,-1,0,1
26945,75.89646842,22.69411059,3,2,2,2,7,09:15,63,E10000006,6,0,6,60,0,-1,-1,0,0,0,6,1,1,0,0,2,1,E01019276,15-01-2018,2,1,1,1,67,10,2,0,0,0,0,-1,9,1
26946,75.82576547,22.6971753,3,3,3,2,6,16:50,63,E10000006,6,0,6,30,0,-1,-1,0,0,0,4,1,1,0,2,1,2,E01019270,21-01-2018,3,1,1,1,35,6,3,0,0,0,0,-1,5,1
26947,75.8302735,22.74942944,3,3,1,1,1,17:05,63,E10000006,6,0,6,60,0,-1,-1,0,0,0,6,1,4,0,0,2,1,E01019256,23-01-2018,1,1,3,1,23,5,3,5,3,0,0,-1,0,1
26948,75.82265452,22.69660644,3,3,2,1,5,17:54,61,E10000006,6,0,1,30,1,4,6,0,0,0,4,1,1,0,0,2,1,E01019163,10-02-2018,1,1,3,1,71,10,3,5,3,0,0,-1,0,1
26949,75.81360245,22.76115002,3,3,2,1,3,14:00,61,E10000006,6,0,6,30,0,-1,-1,0,0,0,1,1,1,0,0,1,2,E01019168,01-02-2018,2,1,1,1,24,5,3,0,0,0,0,-1,9,1
26950,75.89553406,22.69202034,3,3,2,1,3,13:15,62,E10000006,6,0,6,30,0,-1,-1,0,0,0,1,2,2,0,0,1,1,E01019215,08-02-2018,1,1,2,2,48,8,3,0,0,1,0,-1,9,1
26951,75.82651966,22.70938955,3,3,1,1,3,21:32,62,E10000006,5,1014,6,60,0,-1,-1,0,0,0,6,1,2,0,0,2,1,E01019214,08-02-2018,1,1,1,1,37,7,3,0,0,0,0,-1,9,1
26952,75.89002886,22.73816817,3,2,2,1,6,19:15,64,E10000006,6,0,6,30,0,-1,-1,0,0,0,4,1,2,0,0,1,1,E01019335,11-02-2018,1,1,3,1,30,6,3,5,1,0,0,-1,0,1
26953,75.84284276,22.7504164,3,2,2,1,1,20:11,60,E10000006,3,596,6,30,3,4,6,0,0,8,4,1,2,0,0,2,1,E01019099,23-01-2018,1,1,2,2,28,6,3,0,0,1,0,-1,9,-1
26954,75.81854316,22.69178853,3,3,2,1,5,21:45,60,E10000006,3,597,6,30,3,4,6,0,0,0,4,4,2,0,0,1,1,E01019121,20-01-2018,1,1,1,2,63,9,3,0,0,0,0,-1,9,1
26955,75.83185308,22.74853902,3,3,2,1,5,10:10,63,E10000006,6,0,6,30,3,4,6,0,0,0,1,2,2,0,0,1,2,E01019291,06-01-2018,2,1,1,2,-1,-1,3,0,0,0,0,-1,9,-1
26956,75.86854928,22.69959475,3,2,1,1,4,20:24,62,E10000006,3,6,6,30,9,4,6,0,0,0,4,5,2,0,0,1,1,E01019220,09-02-2018,1,1,2,1,36,7,3,0,0,0,0,-1,21,-1
26957,75.89567093,22.76666906,3,3,2,1,7,13:50,62,E10000006,3,7,6,30,0,-1,-1,0,0,0,1,1,1,0,0,1,1,E01019190,12-02-2018,2,1,1,1,26,6,3,0,0,0,0,-1,9,1
26958,75.90329768,22.69691851,3,3,1,1,7,13:35,62,E10000006,3,7,2,30,0,-1,-1,0,0,0,1,1,2,0,0,1,1,E01019206,12-02-2018,1,1,3,1,57,9,3,5,9,0,0,-1,0,1
26959,75.85197794,22.72502026,3,3,2,1,4,13:33,64,E10000006,3,66,1,70,1,4,3,66,0,0,1,1,1,0,0,2,1,E01019311,12-01-2018,1,2,3,1,33,6,3,10,9,0,0,-1,0,-1
26960,75.87766515,22.75565506,3,2,3,6,7,10:05,64,E10000006,5,3043,6,60,0,-1,-1,0,0,0,1,1,1,0,0,2,1,E01019308,12-02-2018,1,1,3,1,18,4,3,1,1,0,0,-1,0,-1
26961,75.8214253,22.77016952,3,3,1,1,3,00:09,64,E10000006,3,66,6,60,0,-1,-1,0,0,0,6,1,1,0,7,2,1,E01019319,15-02-2018,1,2,3,1,51,8,3,10,1,0,0,-1,0,-1
26962,75.84094347,22.75732057,3,3,2,2,6,17:20,65,E10000006,3,591,6,60,3,4,6,0,0,0,6,2,2,0,0,2,1,E01019346,11-02-2018,1,1,1,1,28,6,3,0,0,0,0,-1,19,1
26963,75.89602257,22.75302871,3,3,2,2,6,12:00,62,E10000006,6,0,3,30,3,4,6,0,0,0,1,2,2,0,0,1,1,E01019190,11-02-2018,2,1,1,1,26,6,3,0,0,0,0,-1,9,1
26964,75.82394021,22.76250248,3,3,3,1,3,12:00,62,E10000006,3,69,2,30,6,2,6,0,0,0,1,1,1,0,0,1,2,E01019237,01-02-2018,2,2,2,2,15,3,3,0,0,1,0,-1,9,1
26965,75.81556132,22.72512762,3,3,1,1,4,21:11,65,E10000006,3,65,6,30,0,-1,-1,0,0,0,4,1,2,0,0,1,1,E01019366,16-02-2018,2,1,1,1,34,6,3,0,0,0,0,-1,5,1