Accident_Index,longitude,latitude,Police_Force,Accident_Severity,Number_of_Vehicles,Number_of_Casualties,Day_of_Week,Time,Local_Authority_(District),Local_Authority_(Highway),1st_Road_Class,1st_Road_Number,Road_Type,Speed_limit,Junction_Detail,Junction_Control,2nd_Road_Class,2nd_Road_Number,Pedestrian_Crossing-Human_Control,Pedestrian_Crossing-Physical_Facilities,Light_Conditions,Weather_Conditions,Road_Surface_Conditions,Special_Conditions_at_Site,Carriageway_Hazards,Urban_or_Rural_Area,Did_Police_Officer_Attend_Scene_of_Accident,LSOA_of_Accident_Location,Date,Vehicle_Reference,Casualty_Reference,Casualty_Class,Sex_of_Casualty,Age_of_Casualty,Age_Band_of_Casualty,Casualty_Severity,Pedestrian_Location,Pedestrian_Movement,Car_Passenger,Bus_or_Coach_Passenger,Pedestrian_Road_Maintenance_Worker,Casualty_Type,Casualty_Home_Area_Type
27086,75.90071632,22.7507725,3,3,2,2,6,15:06,63,E10000006,6,0,6,30,3,4,6,0,0,0,1,1,1,0,0,1,2,E01019260,18-02-2018,1,1,3,1,22,5,3,5,4,0,0,-1,0,-1
27087,75.82021006,22.73503625,3,2,2,2,3,16:18,63,E10000006,3,595,6,60,0,-1,-1,0,0,0,1,1,1,0,0,2,1,E01019293,15-02-2018,1,1,1,2,44,7,3,0,0,0,0,-1,9,1
27088,75.88056798,22.75699988,3,3,1,1,5,16:30,63,E10000006,4,5295,6,30,3,4,6,0,0,0,1,1,1,0,0,1,1,E01019286,03-02-2018,1,2,2,1,24,5,3,0,0,1,0,-1,9,1
27089,75.88827745,22.71297829,3,2,1,1,3,16:43,60,E10000006,3,66,6,60,0,-1,-1,0,0,0,1,1,1,0,0,2,1,E01019092,22-02-2018,2,3,1,2,33,6,3,0,0,0,0,-1,9,3
27090,75.8634029,22.69128941,3,3,2,1,3,17:00,63,E10000006,4,5295,1,30,2,4,6,0,0,0,1,1,1,0,0,2,1,E01019265,22-02-2018,1,1,1,1,52,8,3,0,0,0,0,-1,9,2
27091,75.85576525,22.68810749,3,3,4,3,5,19:59,63,E10000006,6,0,6,30,3,4,6,0,0,0,4,1,2,0,0,2,1,E01019267,17-02-2018,2,2,1,1,32,6,3,0,0,0,0,-1,9,1
27092,75.88997777,22.71484749,3,3,2,2,5,09:14,63,E10000006,3,595,6,40,3,1,6,0,0,0,1,4,1,0,0,2,1,E01019269,24-02-2018,1,1,1,1,36,7,3,0,0,0,0,-1,19,1
27093,75.87656016,22.7606623,3,3,1,1,2,05:25,62,E10000006,1,6,3,70,0,-1,-1,0,0,0,1,1,1,0,0,2,1,E01019251,07-03-2018,2,2,1,2,28,6,3,0,0,0,0,-1,9,1
27094,75.85057926,22.7478975,3,3,2,1,1,11:35,62,E10000006,3,6,6,30,0,-1,-1,0,0,0,1,1,1,0,0,1,1,E01019220,06-03-2018,1,1,1,2,35,6,3,0,0,0,0,-1,9,1
27095,75.90493095,22.69648995,3,2,2,2,4,09:17,63,E10000006,3,595,6,60,0,-1,-1,0,0,0,1,1,1,0,0,2,1,E01019259,23-02-2018,2,1,1,1,28,6,3,0,0,0,0,-1,9,1
27096,75.89249396,22.73267459,3,1,1,1,2,01:17,60,E10000006,3,595,6,60,0,-1,-1,0,0,0,6,1,1,0,0,2,1,E01019083,07-03-2018,1,1,1,1,56,9,3,0,0,0,0,-1,9,1
27097,75.84392775,22.70173264,3,2,2,1,6,17:48,60,E10000006,6,0,6,60,0,-1,-1,0,0,0,6,1,2,0,0,2,1,E01019101,25-02-2018,1,1,3,1,16,4,3,10,1,0,0,-1,0,1
27098,75.88537359,22.73130596,3,2,2,2,5,08:39,60,E10000006,6,0,6,60,0,-1,-1,0,0,0,1,1,4,0,0,2,1,E01019090,24-02-2018,1,1,1,2,19,4,3,0,0,0,0,-1,9,1
27099,75.81597516,22.74749197,3,2,2,2,3,20:28,60,E10000006,3,595,6,60,0,-1,-1,0,0,0,6,1,1,0,0,2,2,E01019131,22-02-2018,1,1,1,1,22,5,3,0,0,0,0,-1,9,1
27100,75.85843355,22.75351775,3,3,1,1,5,11:55,62,E10000006,6,0,6,30,0,-1,-1,0,0,0,1,1,1,0,0,1,1,E01019206,24-02-2018,2,2,1,1,20,4,3,0,0,0,0,-1,9,1
27101,75.88256648,22.70463295,3,3,3,1,2,22:00,63,E10000006,3,595,6,60,0,-1,-1,0,0,0,6,1,2,4,0,2,1,E01019273,24-01-2018,1,1,1,2,22,5,3,0,0,0,0,-1,9,-1
27102,75.8987151,22.7086986,3,3,2,1,5,09:40,65,E10000006,3,590,6,60,0,-1,-1,0,0,0,1,1,1,4,0,2,1,E01019356,03-03-2018,1,1,1,2,62,9,3,0,0,0,0,-1,9,1
27103,75.8895754,22.72266694,3,2,2,1,6,16:49,60,E10000006,6,0,6,30,0,-1,-1,0,0,0,1,1,1,0,0,2,1,E01019137,18-02-2018,1,1,3,2,55,8,2,5,3,0,0,-1,0,1
27104,75.84559267,22.69308714,3,3,1,1,5,13:20,63,E10000006,6,0,6,30,9,4,6,0,0,8,1,1,1,0,0,1,2,E01019295,24-02-2018,1,1,2,2,17,4,3,0,0,1,0,-1,9,1
27105,75.85534788,22.75804354,3,3,2,1,6,17:00,63,E10000006,3,595,1,60,1,4,6,0,0,0,1,9,1,0,0,2,2,E01019275,25-02-2018,1,1,1,1,43,7,2,0,0,0,0,-1,1,1
27106,75.83057938,22.7102932,3,3,2,1,3,17:30,60,E10000006,6,0,6,30,0,-1,-1,0,0,0,1,1,1,0,0,1,2,E01019121,22-02-2018,1,1,2,2,34,6,3,0,0,1,0,-1,9,1
27107,75.90657505,22.74742884,3,3,1,1,6,20:35,60,E10000006,3,5086,6,60,6,4,6,0,0,0,6,9,4,7,0,2,2,E01019091,25-02-2018,1,1,1,1,27,6,3,0,0,0,0,-1,5,1
27108,75.82944672,22.73285406,3,3,2,1,5,16:20,65,E10000006,3,5087,6,30,0,-1,-1,0,0,0,1,1,1,0,0,1,1,E01019389,03-03-2018,1,1,1,1,25,5,3,0,0,0,0,-1,1,1
27109,75.88830988,22.70139988,3,3,3,2,6,16:05,61,E10000006,3,590,6,60,1,4,6,0,0,0,1,1,1,0,0,2,1,E01019146,04-03-2018,1,1,1,1,18,4,3,0,0,0,0,-1,3,1
27110,75.86486248,22.73498703,3,3,2,1,6,08:45,61,E10000006,6,0,6,20,3,4,6,0,0,1,1,1,2,0,0,2,1,E01019149,04-03-2018,1,1,1,2,35,6,3,0,0,0,0,-1,9,1
27111,75.82207173,22.7270059,3,3,3,2,7,12:40,61,E10000006,3,590,6,40,3,4,6,0,0,0,1,1,1,0,0,2,1,E01019146,05-03-2018,1,1,1,1,27,6,3,0,0,0,0,-1,9,1
27112,75.90303042,22.75756115,3,3,2,1,3,02:16,65,E10000006,1,6,3,70,0,-1,-1,0,0,0,6,1,1,0,0,2,1,E01019394,08-03-2018,1,1,1,2,22,5,3,0,0,0,0,-1,9,1
27113,75.91581817,22.69364223,3,3,2,2,6,08:52,62,E10000006,3,6,6,30,3,4,6,0,0,0,1,1,2,0,0,1,1,E01019220,04-03-2018,1,1,3,1,15,3,3,5,1,0,0,-1,0,1
27114,75.85013323,22.7252711,3,3,2,1,2,09:42,64,E10000006,3,66,1,70,1,4,3,66,0,0,1,1,1,0,0,2,1,E01019334,07-03-2018,2,1,1,2,26,6,3,0,0,0,0,-1,9,1
27115,75.88416339,22.76756376,3,1,3,3,1,10:15,60,E10000006,4,5302,6,60,0,-1,-1,0,0,0,1,1,1,0,0,2,1,E01019127,13-03-2018,1,1,2,1,33,6,3,0,0,1,0,-1,9,1
27116,75.88380861,22.69250354,3,3,2,1,2,12:45,63,E10000006,6,0,6,30,0,-1,-1,0,0,0,1,1,1,0,0,2,1,E01019296,28-02-2018,1,2,1,1,34,6,3,0,0,0,0,-1,9,1
27117,75.89875908,22.71578183,3,3,2,1,3,14:55,62,E10000006,6,1034,6,60,0,-1,-1,0,0,0,1,1,1,0,0,2,1,E01019219,08-03-2018,1,1,1,1,21,5,3,0,0,0,0,-1,9,1
27118,75.83210419,22.70918225,3,3,2,3,6,13:45,63,E10000006,6,0,6,60,8,4,6,0,0,0,1,1,2,0,0,2,1,E01019297,25-02-2018,1,1,1,2,35,6,3,0,0,0,0,-1,9,1
27119,75.86874886,22.68838141,3,3,2,1,4,17:00,61,E10000006,6,0,6,30,3,4,6,0,0,8,1,1,1,0,0,1,2,E01019168,09-03-2018,1,1,1,1,37,7,3,0,0,0,0,-1,1,-1
27120,75.87397797,22.76960721,3,3,2,1,3,10:08,65,E10000006,6,0,6,60,0,-1,-1,0,0,0,1,1,1,0,7,2,1,E01019379,08-03-2018,1,1,1,2,19,4,3,0,0,0,0,-1,9,1
27121,75.82842053,22.75827801,3,1,2,2,6,09:41,65,E10000006,3,595,6,60,3,3,3,5092,0,0,1,4,2,0,0,2,1,E01019345,11-03-2018,1,1,2,1,14,3,3,0,0,0,3,-1,11,-1
27122,75.83568286,22.76892574,3,3,2,1,6,12:15,60,E10000006,4,5297,1,30,1,4,6,0,0,0,1,2,2,4,0,1,1,E01019116,07-01-2018,2,1,1,1,-1,-1,3,0,0,0,0,-1,1,-1
27123,75.91245726,22.76631961,3,3,1,1,5,15:26,61,E10000006,6,0,6,30,3,4,6,0,0,0,1,1,1,0,0,1,1,E01019160,10-03-2018,1,1,1,2,38,7,3,0,0,0,0,-1,9,1
27124,75.84011441,22.74240101,3,3,2,1,5,16:27,61,E10000006,3,590,1,40,1,4,6,0,0,8,1,1,1,0,0,2,1,E01019146,10-03-2018,1,1,2,1,37,7,3,0,0,1,0,-1,9,1
27125,75.82900507,22.72594575,3,3,2,1,4,05:35,65,E10000006,3,590,6,60,3,4,6,0,0,0,6,7,2,0,0,2,1,E01019386,09-03-2018,1,2,1,1,24,5,3,0,0,0,0,-1,9,1
27126,75.84603751,22.76005647,3,3,1,1,3,00:20,62,E10000006,5,1063,6,60,0,-1,-1,0,0,0,6,1,1,0,0,2,1,E01019228,08-03-2018,1,3,2,1,22,5,3,0,0,2,0,-1,9,-1
27127,75.8309598,22.74065801,3,2,3,1,7,12:20,60,E10000006,6,0,6,30,0,-1,-1,0,0,0,1,1,2,0,0,2,1,E01019099,12-02-2018,1,1,1,1,39,7,3,0,0,0,0,-1,19,1
27128,75.89879437,22.70507857,3,3,2,1,2,08:30,60,E10000006,3,595,1,60,1,4,3,596,0,0,1,2,2,0,0,2,2,E01019130,28-02-2018,1,2,1,1,22,5,3,0,0,0,0,-1,9,1
27129,75.86034271,22.72371733,3,3,2,1,3,08:08,65,E10000006,3,591,3,70,0,-1,-1,0,0,0,1,1,1,0,0,2,1,E01019383,08-03-2018,2,1,2,2,19,4,3,0,0,1,0,-1,9,1
27130,75.85147563,22.71749783,3,3,2,1,1,02:45,62,E10000006,3,69,6,30,3,4,6,0,0,0,4,1,1,0,0,1,2,E01019206,13-03-2018,4,1,1,2,37,7,3,0,0,0,0,-1,9,1
27131,75.81769002,22.70188245,3,3,2,1,4,09:13,65,E10000006,6,0,6,40,0,-1,-1,0,0,0,1,2,2,0,0,1,1,E01019367,16-03-2018,1,1,3,1,45,7,3,5,1,0,0,-1,0,1
27132,75.87499791,22.72010248,3,3,1,1,3,20:30,61,E10000006,6,0,6,30,0,-1,-1,0,0,0,6,2,2,7,0,2,2,E01019151,15-03-2018,1,1,1,2,29,6,3,0,0,0,0,-1,9,1
27133,75.85788741,22.73466075,3,2,2,1,7,08:40,65,E10000006,3,590,6,60,0,-1,-1,0,0,0,1,1,1,0,0,2,1,E01019350,12-03-2018,1,2,2,2,-1,-1,3,0,0,1,0,-1,9,1
27134,75.8903088,22.68756193,3,3,2,1,3,20:15,61,E10000006,6,0,9,30,3,4,6,0,0,0,4,1,2,0,0,1,1,E01019156,15-03-2018,1,1,2,1,11,3,2,0,0,1,0,-1,9,-1
27135,75.81888883,22.68779493,3,3,2,1,7,11:10,65,E10000006,3,591,1,60,1,4,6,0,0,0,1,1,1,0,0,2,2,E01019383,19-03-2018,1,2,1,2,20,4,3,0,0,0,0,-1,9,-1
27136,75.85823807,22.70342008,3,3,2,1,6,12:15,61,E10000006,6,0,6,40,3,4,6,0,0,0,1,1,2,0,0,2,1,E01019148,18-03-2018,1,1,1,1,18,4,3,0,0,0,0,-1,9,1
27137,75.86599556,22.74738352,3,3,1,1,3,17:30,65,E10000006,4,5278,6,30,0,-1,-1,0,0,0,1,1,2,0,0,2,2,E01019357,22-03-2018,2,1,1,1,26,6,3,0,0,0,0,-1,1,1
27138,75.82402096,22.7375533,3,3,2,1,2,11:30,65,E10000006,3,593,2,30,0,-1,-1,0,0,4,1,1,1,0,0,2,2,E01019374,21-03-2018,1,1,1,1,32,6,3,0,0,0,0,-1,9,1
27139,75.88593139,22.72050281,3,3,2,1,4,15:36,60,E10000006,3,597,2,30,3,3,6,0,0,0,1,1,1,0,0,1,2,E01019121,09-03-2018,1,1,3,1,74,10,2,1,3,0,0,-1,0,-1
27140,75.91417518,22.71225941,3,2,3,4,4,20:49,63,E10000006,3,595,6,60,0,-1,-1,0,0,0,6,1,1,0,0,2,1,E01019279,02-03-2018,1,1,3,2,22,5,2,5,2,0,0,-1,0,1
27141,75.82624784,22.72088491,3,3,1,1,4,20:05,60,E10000006,6,0,9,30,0,-1,-1,0,0,0,4,1,1,0,0,2,2,E01019088,02-03-2018,2,1,1,1,31,6,3,0,0,0,0,-1,4,1
27142,75.90522004,22.73246604,3,3,1,1,3,15:55,63,E10000006,6,0,6,20,9,3,-1,-1,0,0,1,1,1,0,0,1,2,E01019296,08-03-2018,1,1,3,1,31,6,3,9,5,0,0,-1,0,1
27143,75.83365149,22.76417826,3,2,2,2,6,08:35,62,E10000006,6,1164,6,60,0,-1,-1,0,0,0,1,1,2,0,0,2,1,E01019213,18-03-2018,1,1,1,1,40,7,3,0,0,0,0,-1,9,-1
27144,75.81588756,22.75837395,3,3,2,1,4,19:05,62,E10000006,5,1037,6,30,0,-1,-1,0,0,0,4,1,1,0,0,1,1,E01019247,16-03-2018,1,1,3,2,35,6,3,1,3,0,0,-1,0,1
27145,75.8873189,22.69300649,3,3,1,1,4,23:40,64,E10000006,5,3058,6,60,0,-1,-1,0,0,0,6,1,1,0,7,2,1,E01019310,23-03-2018,1,1,1,2,44,7,3,0,0,0,0,-1,9,2
27146,75.86617275,22.73987839,3,2,3,6,5,01:30,63,E10000006,6,0,6,60,0,-1,-1,0,0,0,6,1,1,0,0,2,1,E01019297,10-02-2018,1,1,3,1,-1,-1,3,10,9,0,0,-1,0,-1
27147,75.8611499,22.73935126,3,3,2,1,2,16:00,61,E10000006,6,0,6,30,3,4,6,0,0,0,1,2,2,0,0,1,1,E01019141,14-03-2018,2,1,1,1,19,4,3,0,0,0,0,-1,9,-1
27148,75.88477633,22.69117233,3,3,1,1,1,14:50,61,E10000006,6,0,6,30,3,4,6,0,0,1,1,1,1,0,0,1,1,E01019166,27-03-2018,2,2,2,2,20,4,3,0,0,1,0,-1,9,1
27149,75.88339722,22.69456778,3,3,3,1,1,18:30,63,E10000006,5,4011,6,60,0,-1,-1,0,0,0,6,1,1,0,0,2,2,E01019268,06-03-2018,1,1,2,2,48,8,3,0,0,0,3,-1,11,1
27150,75.86948869,22.7309882,3,3,2,1,5,17:24,65,E10000006,3,5087,6,60,0,-1,-1,0,0,0,1,1,1,0,0,2,1,E01019379,24-03-2018,1,2,2,2,65,9,3,0,0,0,3,-1,11,1
27151,75.85092175,22.70653889,3,3,1,1,7,14:10,63,E10000006,3,5086,6,60,0,-1,-1,0,0,0,1,8,2,0,0,2,1,E01019278,05-03-2018,1,3,2,2,66,10,3,0,0,0,3,-1,11,1
27152,75.83120741,22.75321058,3,2,1,1,3,21:05,60,E10000006,4,5302,6,60,0,-1,-1,0,0,0,6,1,1,0,0,2,1,E01019102,08-03-2018,1,1,1,2,22,5,3,0,0,0,0,-1,9,1
27153,75.84055779,22.70334174,3,3,2,1,7,11:46,61,E10000006,6,0,6,30,3,4,6,0,0,0,1,4,1,0,0,1,1,E01019160,26-03-2018,1,1,3,2,-1,-1,3,1,1,0,0,-1,0,-1
27154,75.84950598,22.75404529,3,3,2,2,3,16:25,63,E10000006,6,0,9,60,6,4,6,0,0,0,1,1,1,0,0,2,1,E01019300,08-03-2018,1,1,1,2,20,4,3,0,0,0,0,-1,9,1
27155,75.89469255,22.7213067,3,3,2,4,5,08:58,60,E10000006,3,595,6,60,0,-1,-1,0,0,0,1,1,1,0,0,2,1,E01019083,10-03-2018,1,1,1,2,42,7,3,0,0,0,0,-1,9,3
27156,75.89166913,22.72198486,3,3,2,1,6,05:30,63,E10000006,6,0,1,40,1,4,6,0,0,0,4,1,1,0,0,2,2,E01019258,11-03-2018,1,1,3,1,48,8,3,5,3,0,0,-1,0,-1
27157,75.91500146,22.69226194,3,2,1,1,2,01:00,63,E10000006,4,5345,6,60,0,-1,-1,0,0,0,6,1,1,0,0,2,1,E01019296,07-03-2018,1,1,1,1,33,6,3,0,0,0,0,-1,9,1
27158,75.84188133,22.70511623,3,3,2,1,5,21:50,63,E10000006,4,5295,6,30,0,-1,-1,0,0,0,4,1,2,0,0,1,1,E01019286,10-03-2018,1,2,2,1,34,6,3,0,0,1,0,-1,9,1
27159,75.89543606,22.74862263,3,3,2,1,1,17:48,65,E10000006,6,0,2,30,6,4,6,0,0,1,1,2,2,0,0,1,1,E01019392,27-03-2018,1,1,2,1,-1,-1,3,0,0,1,0,-1,9,-1
27160,75.85401871,22.6985061,3,3,2,1,1,12:32,65,E10000006,3,590,3,60,3,4,6,0,0,0,1,1,1,0,0,2,1,E01019350,27-03-2018,1,1,1,2,27,6,3,0,0,0,0,-1,9,2
27161,75.86868168,22.70736874,3,3,2,1,2,15:35,65,E10000006,3,592,6,60,0,-1,-1,0,0,0,1,1,1,0,0,2,1,E01019395,28-03-2018,1,1,1,1,50,8,3,0,0,0,0,-1,9,1
27162,75.87276369,22.73996904,3,2,2,1,7,16:30,65,E10000006,3,591,6,60,0,-1,-1,0,0,0,1,1,1,0,0,2,1,E01019346,02-04-2018,1,1,2,2,6,2,3,0,0,2,0,-1,9,1
27163,75.85408766,22.76120779,3,2,1,1,1,01:15,65,E10000006,3,6,6,60,0,-1,-1,0,0,0,6,1,1,0,0,2,1,E01019394,03-04-2018,1,2,2,2,7,2,3,0,0,2,0,-1,9,1
27164,75.82551678,22.68881208,3,3,1,1,3,17:14,63,E10000006,4,5295,6,30,3,4,6,0,0,0,1,7,2,0,0,1,1,E01019284,15-03-2018,1,1,1,2,55,8,3,0,0,0,0,-1,9,1
27165,75.84004516,22.71464719,3,3,2,1,3,10:20,61,E10000006,6,0,6,30,3,4,6,0,0,0,1,1,1,0,0,1,1,E01019156,15-02-2018,1,1,1,1,65,9,3,0,0,0,0,-1,9,1
27166,75.91309114,22.688587,3,3,2,1,4,10:30,60,E10000006,4,5301,6,30,0,-1,-1,0,0,0,1,1,2,0,0,2,1,E01019082,16-03-2018,2,1,1,1,22,5,3,0,0,0,0,-1,4,1
27167,75.88718175,22.70813111,3,3,2,1,6,08:34,60,E10000006,6,0,6,30,9,4,6,0,0,0,1,1,1,0,0,2,1,E01019104,18-03-2018,1,1,2,2,10,2,2,0,0,1,0,-1,9,1
27168,75.82383489,22.77027683,3,3,1,1,5,09:33,60,E10000006,4,5302,6,60,0,-1,-1,0,0,0,1,1,2,0,0,2,1,E01019132,10-03-2018,1,2,1,2,30,6,3,0,0,0,0,-1,9,1
27169,75.84350626,22.72914023,3,3,2,7,7,11:17,60,E10000006,3,591,6,60,0,-1,-1,0,0,0,1,1,1,0,0,2,1,E01019083,19-03-2018,1,1,1,1,25,5,3,0,0,0,0,-1,9,1
27170,75.88659457,22.68961615,3,3,2,1,5,15:30,65,E10000006,4,6384,6,30,0,-1,-1,0,0,0,1,1,1,0,0,2,2,E01019347,24-03-2018,1,1,3,1,13,3,3,10,9,0,0,-1,0,-1
27171,75.87292443,22.71549549,3,2,3,2,4,12:48,60,E10000006,3,5086,6,60,3,4,6,0,0,0,1,2,2,0,0,2,1,E01019091,16-03-2018,1,1,3,1,15,3,3,10,9,0,0,-1,0,1
27172,75.83884892,22.75035968,3,3,1,1,7,11:53,63,E10000006,6,0,6,60,3,4,6,0,0,0,1,1,2,7,0,2,1,E01019261,19-03-2018,1,1,1,1,37,7,3,0,0,0,0,-1,9,1
27173,75.82629166,22.75271957,3,3,1,1,5,14:15,63,E10000006,6,0,6,30,0,-1,-1,0,0,0,1,1,1,0,0,1,1,E01019270,10-03-2018,1,1,1,1,65,9,3,0,0,0,0,-1,9,1
27174,75.83115265,22.69261597,3,3,1,1,2,15:00,60,E10000006,6,0,6,30,0,-1,-1,0,0,0,1,1,1,4,0,1,2,E01019125,14-03-2018,1,1,1,1,-1,-1,3,0,0,0,0,-1,9,-1
27175,75.85773613,22.7585128,3,3,2,1,2,11:30,60,E10000006,6,0,6,60,0,-1,-1,0,0,0,1,1,1,0,0,2,1,E01019212,21-03-2018,1,1,1,1,30,6,3,0,0,0,0,-1,9,1
27176,75.82849399,22.73229151,3,3,2,1,2,13:20,60,E10000006,6,0,6,30,3,4,6,0,0,0,1,1,1,0,0,1,1,E01019121,21-03-2018,1,1,3,1,74,10,3,10,9,0,0,-1,0,1
27177,75.83772773,22.70341137,3,2,1,1,2,11:30,65,E10000006,4,5282,6,30,6,2,3,6,0,5,1,1,1,0,0,2,1,E01019382,04-04-2018,2,1,1,2,44,7,3,0,0,0,0,-1,9,-1
27178,75.85949398,22.72138843,3,3,2,1,7,16:30,61,E10000006,6,0,6,30,6,4,6,0,0,4,1,1,1,0,0,1,1,E01019141,26-03-2018,1,1,1,2,46,8,3,0,0,0,0,-1,9,1
27179,75.91055104,22.70292622,3,3,2,1,7,22:25,65,E10000006,3,6070,6,60,0,-1,-1,0,0,0,6,1,1,0,0,2,1,E01019348,05-02-2018,1,1,1,2,33,6,3,0,0,0,0,-1,9,1
27180,75.89720198,22.72966253,3,3,2,1,3,22:30,60,E10000006,4,5302,6,30,9,4,-1,-1,0,0,4,8,2,0,0,2,1,E01019126,22-03-2018,1,1,1,1,35,6,3,0,0,0,0,-1,9,2
27181,75.84854732,22.7326526,3,3,2,1,5,08:30,60,E10000006,6,0,6,30,0,-1,-1,0,0,0,1,1,1,0,2,1,2,E01019125,24-03-2018,1,1,1,1,48,8,3,0,0,0,0,-1,9,1
27182,75.82388007,22.75315088,3,2,3,1,2,12:40,60,E10000006,3,66,6,60,3,4,6,0,0,0,1,1,1,0,0,2,1,E01019090,21-03-2018,2,2,2,1,42,7,3,0,0,2,0,-1,9,1
27183,75.84158667,22.74900071,3,3,2,3,4,22:00,61,E10000006,3,595,6,60,5,4,6,0,0,0,7,2,2,0,0,2,2,E01019144,30-03-2018,2,3,2,2,44,7,3,0,0,1,0,-1,9,1
27184,75.85396236,22.71319943,3,3,1,2,6,08:45,63,E10000006,3,595,6,60,0,-1,-1,0,0,0,1,7,2,0,0,2,1,E01019304,25-03-2018,1,1,1,1,41,7,3,0,0,0,0,-1,90,1
27185,75.87267056,22.72448494,3,1,1,3,5,12:30,60,E10000006,4,5300,6,60,0,-1,-1,0,0,0,1,1,1,0,0,2,1,E01019094,31-03-2018,1,1,2,1,24,5,3,0,0,1,0,-1,9,1
27186,75.82899612,22.72904971,3,3,2,1,5,09:05,60,E10000006,4,5302,6,30,3,4,4,5303,0,0,1,1,1,0,0,2,2,E01019136,24-03-2018,1,1,3,1,61,9,2,10,9,0,0,-1,0,-1
27187,75.81603832,22.7243389,3,2,2,4,1,03:28,60,E10000006,6,0,6,30,0,-1,-1,0,0,0,4,1,1,0,0,2,1,E01019096,27-03-2018,1,1,1,1,32,6,3,0,0,0,0,-1,1,-1
27188,75.8702813,22.75528041,3,2,2,1,3,08:00,60,E10000006,3,596,6,60,0,-1,-1,0,0,0,1,2,2,0,0,2,1,E01019130,22-03-2018,2,1,1,1,42,7,3,0,0,0,0,-1,9,1
27189,75.85075051,22.72195095,3,3,3,1,3,14:35,60,E10000006,3,597,6,30,3,4,6,0,0,0,1,1,1,0,0,1,1,E01019113,29-03-2018,1,1,1,2,49,8,3,0,0,0,0,-1,9,1
27190,75.89656168,22.74581982,3,3,1,1,5,04:25,65,E10000006,3,6070,6,60,3,4,6,0,0,0,6,1,2,0,7,2,1,E01019348,31-03-2018,1,1,3,1,4,1,3,5,3,0,0,-1,0,1
27191,75.87776044,22.72101761,3,3,2,1,6,18:50,63,E10000006,6,0,6,30,3,4,6,0,0,0,1,1,1,0,0,1,2,E01019292,11-03-2018,3,1,1,2,37,7,3,0,0,0,0,-1,9,-1
27192,75.90512904,22.75629386,3,3,2,2,3,14:15,65,E10000006,6,0,6,30,3,4,6,0,0,0,1,1,1,0,0,1,2,E01019363,05-04-2018,1,1,3,2,14,3,3,10,9,0,0,-1,0,-1
27193,75.90683275,22.69295686,3,3,2,1,7,00:30,63,E10000006,3,595,6,40,0,-1,-1,0,0,0,4,1,1,0,0,2,2,E01019269,19-03-2018,1,1,1,1,34,6,3,0,0,0,0,-1,9,1
27194,75.88207286,22.7678078,3,2,2,2,4,09:08,60,E10000006,6,0,6,60,3,4,6,0,0,0,1,1,1,7,0,2,1,E01019091,09-03-2018,1,1,2,1,19,4,3,0,0,1,0,-1,9,1
27195,75.87571695,22.76697095,3,2,2,3,2,19:40,60,E10000006,4,5297,1,30,1,3,6,0,0,0,4,1,2,4,0,1,1,E01019116,31-01-2018,1,1,3,2,6,2,2,10,9,0,0,-1,0,-1
27196,75.89986043,22.76656265,3,3,2,1,2,14:25,65,E10000006,6,0,6,30,8,4,6,0,0,0,1,1,1,0,0,2,1,E01019398,04-04-2018,1,1,2,1,20,4,3,0,0,1,0,-1,9,-1
27197,75.85121196,22.72964686,3,3,1,1,4,17:20,63,E10000006,3,5094,6,30,6,4,6,0,0,0,1,1,1,0,0,1,1,E01019280,30-03-2018,1,2,2,1,20,4,3,0,0,2,0,-1,9,1
27198,75.82621514,22.69560366,3,3,1,1,5,16:30,63,E10000006,6,0,6,30,9,4,6,0,0,0,1,1,1,0,0,1,1,E01019280,24-03-2018,1,3,1,1,20,4,3,0,0,0,0,-1,9,-1
27199,75.89169147,22.73514489,3,3,3,4,5,11:28,60,E10000006,3,596,6,30,3,4,6,0,0,0,1,1,1,0,0,2,1,E01019099,31-03-2018,2,1,2,2,89,11,3,0,0,1,0,-1,9,2
27200,75.90493834,22.7595788,3,3,2,2,7,14:02,60,E10000006,3,596,6,30,6,2,6,0,0,0,1,1,1,0,0,1,2,E01019116,05-03-2018,1,1,1,1,81,11,3,0,0,0,0,-1,9,1
27201,75.84544557,22.70312161,3,2,2,1,4,18:32,65,E10000006,1,6,3,70,0,-1,-1,0,0,0,6,6,3,0,0,2,1,E01019394,06-04-2018,1,1,3,1,32,6,3,10,3,0,0,-1,0,1
27202,75.87310682,22.7024232,3,2,2,1,1,17:05,62,E10000006,5,2051,6,30,0,-1,-1,0,0,0,1,1,1,0,0,1,1,E01019252,06-03-2018,1,1,1,2,56,9,3,0,0,0,0,-1,9,1
27203,75.87719206,22.70860485,3,3,3,1,7,11:40,62,E10000006,3,7,6,30,0,-1,-1,0,0,0,1,1,1,0,0,1,1,E01019242,19-03-2018,1,1,1,1,28,6,3,0,0,0,0,-1,9,1
27204,75.81606688,22.69395904,3,3,2,1,6,14:45,61,E10000006,6,0,6,30,6,4,6,0,0,0,1,2,2,0,0,1,1,E01019158,01-04-2018,2,1,1,2,65,9,3,0,0,0,0,-1,9,1
27205,75.84461287,22.70634785,3,3,1,1,3,11:50,64,E10000006,1,6,3,70,0,-1,-1,0,0,0,1,1,1,0,0,2,1,E01019337,29-03-2018,1,1,1,2,28,6,3,0,0,0,0,-1,9,1
27206,75.88976768,22.76034196,3,3,2,4,6,22:58,60,E10000006,3,596,6,60,0,-1,-1,0,0,0,6,1,1,0,0,2,1,E01019130,11-03-2018,3,1,1,1,35,6,3,0,0,0,0,-1,5,1