Accident_Index,longitude,latitude,Police_Force,Accident_Severity,Number_of_Vehicles,Number_of_Casualties,Day_of_Week,Time,Local_Authority_(District),Local_Authority_(Highway),1st_Road_Class,1st_Road_Number,Road_Type,Speed_limit,Junction_Detail,Junction_Control,2nd_Road_Class,2nd_Road_Number,Pedestrian_Crossing-Human_Control,Pedestrian_Crossing-Physical_Facilities,Light_Conditions,Weather_Conditions,Road_Surface_Conditions,Special_Conditions_at_Site,Carriageway_Hazards,Urban_or_Rural_Area,Did_Police_Officer_Attend_Scene_of_Accident,LSOA_of_Accident_Location,Date,Vehicle_Reference,Casualty_Reference,Casualty_Class,Sex_of_Casualty,Age_of_Casualty,Age_Band_of_Casualty,Casualty_Severity,Pedestrian_Location,Pedestrian_Movement,Car_Passenger,Bus_or_Coach_Passenger,Pedestrian_Road_Maintenance_Worker,Casualty_Type,Casualty_Home_Area_Type
27690,75.87483332,22.69570432,3,3,1,1,3,17:45,63,E10000006,6,0,6,30,0,-1,-1,0,0,0,1,1,1,0,0,1,2,E01019262,28-06-2018,1,1,3,2,14,3,3,10,9,0,0,-1,0,1
27691,75.83295596,22.76105796,3,3,1,4,1,17:15,64,E10000006,1,6,3,70,0,-1,-1,0,0,0,1,1,1,0,0,2,1,E01019334,26-06-2018,1,1,2,1,-1,-1,3,0,0,1,0,-1,9,-1
27692,75.91050962,22.70678513,3,3,2,1,1,14:39,64,E10000006,4,5320,6,30,3,4,6,0,0,0,1,1,1,7,0,2,1,E01019312,26-06-2018,1,1,1,1,38,7,3,0,0,0,0,-1,19,1
27693,75.89027686,22.6957165,3,3,2,1,4,08:15,60,E10000006,3,595,6,50,1,4,6,0,0,0,1,1,1,0,0,2,2,E01019101,22-06-2018,1,1,2,1,29,6,3,0,0,1,0,-1,9,1
27694,75.84355402,22.75748893,3,2,3,3,1,13:30,62,E10000006,3,69,6,60,0,-1,-1,0,0,0,1,1,1,0,0,2,1,E01019225,26-06-2018,2,1,1,1,36,7,3,0,0,0,0,-1,4,1
27695,75.88272921,22.71304811,3,2,2,1,1,17:15,64,E10000006,3,592,6,60,9,4,-1,-1,0,0,1,1,1,0,2,2,1,E01019339,26-06-2018,1,1,1,1,36,7,3,0,0,0,0,-1,9,2
27696,75.88775794,22.73216608,3,3,1,1,3,13:03,62,E10000006,3,595,6,30,3,4,6,0,0,0,1,1,1,0,0,1,1,E01019232,28-06-2018,2,2,1,1,30,6,3,0,0,0,0,-1,9,-1
27697,75.87982846,22.7303049,3,3,2,1,3,08:30,64,E10000006,3,689,6,60,0,-1,-1,0,0,0,1,1,1,0,0,2,2,E01019320,28-06-2018,1,1,2,2,-1,-1,3,0,0,1,0,-1,9,-1
27698,75.86860301,22.71204246,3,3,2,3,4,16:45,64,E10000006,3,66,6,60,8,4,-1,-1,0,0,1,1,1,0,0,2,1,E01019340,29-06-2018,1,1,1,2,49,8,3,0,0,0,0,-1,9,1
27699,75.86860026,22.7621104,3,3,2,1,4,18:05,62,E10000006,3,7,6,60,3,4,6,0,0,0,1,1,1,0,0,2,1,E01019226,29-06-2018,1,1,3,1,3,1,3,10,9,0,0,-1,0,2
27700,75.84805975,22.69607894,3,3,2,1,5,16:30,62,E10000006,3,595,6,30,9,4,6,0,0,0,1,1,2,0,0,1,1,E01019193,30-06-2018,1,1,1,2,59,9,3,0,0,0,0,-1,9,1
27701,75.88226837,22.7202067,3,3,2,1,7,12:00,64,E10000006,4,6542,6,30,3,4,4,6260,0,0,1,1,2,7,7,2,1,E01019307,04-06-2018,1,1,3,1,11,3,3,10,9,0,0,-1,0,1
27702,75.83583827,22.69137343,3,3,2,2,5,13:30,62,E10000006,3,7,6,30,8,4,6,0,0,0,1,1,1,0,0,2,1,E01019228,30-06-2018,1,1,3,1,46,8,3,10,9,0,0,-1,0,1
27703,75.83122076,22.71369594,3,3,2,1,5,08:50,62,E10000006,4,6264,6,30,8,4,6,0,0,0,1,1,1,0,0,2,1,E01019243,30-06-2018,1,1,1,1,62,9,3,0,0,0,0,-1,21,1
27704,75.89127467,22.72797792,3,3,1,1,1,16:38,64,E10000006,6,0,6,60,0,-1,-1,0,0,0,1,2,2,0,0,2,1,E01019306,05-06-2018,2,2,1,2,44,7,3,0,0,0,0,-1,9,1
27705,75.86459575,22.75380883,3,2,1,1,5,23:00,62,E10000006,3,595,6,30,6,4,6,0,0,0,4,1,1,0,0,1,1,E01019207,30-06-2018,3,3,1,1,27,6,3,0,0,0,0,-1,9,1
27706,75.91304855,22.73618271,3,3,2,1,7,09:35,62,E10000006,4,5307,6,30,3,4,6,0,0,0,1,1,1,0,0,1,1,E01019195,02-07-2018,1,1,1,2,27,6,3,0,0,0,0,-1,9,1
27707,75.87469003,22.71481163,3,3,4,2,7,13:47,62,E10000006,6,0,6,30,0,-1,-1,0,0,0,1,1,1,0,0,1,1,E01019211,02-07-2018,2,2,1,1,20,4,3,0,0,0,0,-1,9,1
27708,75.85021126,22.74184842,3,3,1,1,4,15:39,60,E10000006,6,0,6,30,0,-1,-1,0,0,0,1,1,1,0,0,2,2,E01019080,29-06-2018,2,3,2,2,20,4,3,0,0,1,0,-1,9,-1
27709,75.89827283,22.73558821,3,3,2,1,6,18:10,61,E10000006,6,0,6,30,0,-1,-1,0,0,0,1,1,1,0,0,1,1,E01019166,17-06-2018,1,1,1,1,24,5,3,0,0,0,0,-1,9,1
27710,75.90503107,22.76053159,3,3,1,2,2,11:58,64,E10000006,5,3047,6,60,0,-1,-1,0,0,0,1,2,2,0,0,2,1,E01019319,04-07-2018,1,1,1,1,19,4,3,0,0,0,0,-1,9,1
27711,75.89593924,22.75352275,3,2,1,4,2,20:30,64,E10000006,5,1036,6,60,0,-1,-1,0,0,0,1,1,1,0,0,2,1,E01019338,04-07-2018,2,1,1,1,38,7,3,0,0,0,0,-1,5,1
27712,75.89642054,22.72397711,3,3,1,1,3,11:16,63,E10000006,4,5295,6,30,3,4,4,5294,0,0,1,1,1,0,0,2,1,E01019265,28-06-2018,1,1,2,2,38,7,3,0,0,1,0,-1,9,1
27713,75.9046136,22.76349599,3,3,1,2,3,01:10,64,E10000006,6,0,6,30,0,-1,-1,0,0,0,4,1,1,0,0,2,1,E01019337,05-07-2018,2,1,1,1,55,8,3,0,0,0,0,-1,9,1
27714,75.89926706,22.69247961,3,3,1,1,4,09:54,62,E10000006,6,0,6,60,3,4,6,0,0,0,1,1,2,0,0,2,1,E01019228,06-07-2018,2,1,1,1,18,4,3,0,0,0,0,-1,2,1
27715,75.83647421,22.73561348,3,3,2,1,1,13:52,64,E10000006,3,66,1,60,1,4,3,66,0,0,1,1,1,0,0,2,1,E01019334,10-07-2018,2,1,1,2,68,10,3,0,0,0,0,-1,1,1
27716,75.82751848,22.76528892,3,3,3,2,6,17:11,61,E10000006,5,6010,6,30,0,-1,-1,0,0,0,1,1,1,0,0,1,1,E01019169,13-05-2018,2,1,1,2,22,5,3,0,0,0,0,-1,9,1
27717,75.89413343,22.71157948,3,3,3,2,3,17:15,60,E10000006,4,5302,6,60,0,-1,-1,0,0,0,1,1,1,0,0,2,1,E01019132,28-06-2018,1,1,1,1,71,10,3,0,0,0,0,-1,9,1
27718,75.87967219,22.70051316,3,3,1,1,5,16:59,64,E10000006,1,6,3,70,0,-1,-1,0,0,0,1,1,1,0,0,2,1,E01019325,07-07-2018,1,1,1,2,20,4,3,0,0,0,0,-1,9,1
27719,75.81849845,22.74154689,3,3,2,1,5,14:38,62,E10000006,6,0,6,60,3,2,6,0,0,5,1,1,1,0,0,1,1,E01019206,07-07-2018,2,2,1,1,66,10,3,0,0,0,0,-1,9,1
27720,75.8593643,22.76894385,3,3,1,1,2,14:40,64,E10000006,3,686,6,60,0,-1,-1,0,0,0,1,1,1,0,0,2,1,E01019314,20-06-2018,2,3,2,1,25,5,3,0,0,1,0,-1,9,1
27721,75.81269608,22.72243921,3,3,2,2,5,17:43,64,E10000006,3,66,6,60,3,4,4,6259,0,0,1,1,1,0,0,2,1,E01019340,07-07-2018,2,1,1,1,24,5,2,0,0,0,0,-1,5,1
27722,75.90850514,22.70627312,3,3,2,1,6,18:45,64,E10000006,3,6,6,40,8,4,6,0,0,0,1,1,1,0,0,2,1,E01019308,08-07-2018,1,1,1,1,21,5,3,0,0,0,0,-1,9,1
27723,75.84368019,22.70728421,3,3,1,1,2,15:20,63,E10000006,6,0,6,30,3,4,6,0,0,4,1,1,1,0,0,2,2,E01019299,27-06-2018,1,2,2,2,19,4,3,0,0,1,0,-1,9,1
27724,75.82230697,22.72736458,3,3,2,1,6,20:17,64,E10000006,1,6,3,70,0,-1,-1,0,0,0,1,1,1,0,0,2,1,E01019308,08-07-2018,1,1,1,1,43,7,3,0,0,0,0,-1,9,1
27725,75.89310312,22.74558931,3,2,2,1,1,16:40,64,E10000006,5,3043,6,60,0,-1,-1,0,0,0,1,1,1,0,0,2,1,E01019308,10-07-2018,2,1,1,1,19,4,3,0,0,0,0,-1,3,1
27726,75.87918195,22.74255859,3,3,3,1,6,17:30,62,E10000006,3,6,6,60,8,4,6,0,0,0,1,1,1,0,0,2,1,E01019213,08-07-2018,2,1,1,1,29,6,3,0,0,0,0,-1,9,1
27727,75.86129727,22.74071946,3,3,1,1,6,21:00,63,E10000006,6,0,6,60,3,4,6,0,0,0,1,1,1,0,0,2,1,E01019256,01-07-2018,1,1,2,1,89,11,3,0,0,0,3,-1,11,1
27728,75.91172467,22.69215473,3,3,1,2,6,22:55,62,E10000006,1,6,3,70,0,-1,-1,0,0,0,6,1,1,0,0,2,1,E01019251,08-07-2018,1,1,3,1,9,2,2,10,9,0,0,-1,0,-1
27729,75.88949283,22.76911198,3,3,2,1,1,13:30,63,E10000006,3,5086,3,30,0,-1,-1,0,0,0,1,1,1,0,0,2,2,E01019266,03-07-2018,1,1,1,1,48,8,3,0,0,0,0,-1,9,1
27730,75.84136761,22.70905899,3,3,1,1,4,11:58,62,E10000006,4,5307,1,30,1,4,6,0,0,1,1,1,1,0,0,1,1,E01019204,15-06-2018,2,2,1,1,33,6,2,0,0,0,0,-1,8,1
27731,75.83228002,22.71116776,3,3,2,1,7,20:39,63,E10000006,6,0,6,30,3,4,6,0,0,0,1,1,1,0,0,2,1,E01019274,02-07-2018,1,1,1,1,25,5,3,0,0,0,0,-1,9,1
27732,75.90429477,22.70773123,3,3,2,1,5,14:15,62,E10000006,3,7,2,30,6,2,3,69,0,5,1,1,1,0,0,1,2,E01019206,30-06-2018,2,1,1,1,36,7,3,0,0,0,0,-1,9,1
27733,75.81493985,22.70719138,3,3,2,1,7,01:05,64,E10000006,3,66,6,60,0,-1,-1,0,0,0,6,1,1,4,0,2,1,E01019339,18-06-2018,1,1,1,2,24,5,3,0,0,0,0,-1,9,1
27734,75.84545045,22.75812683,3,3,1,2,1,15:50,60,E10000006,4,5302,6,60,0,-1,-1,0,0,0,1,1,1,0,0,2,1,E01019127,03-07-2018,3,1,1,1,43,7,3,0,0,0,0,-1,9,1
27735,75.87833919,22.68981333,3,2,1,1,1,12:35,60,E10000006,3,596,6,40,0,-1,-1,0,0,0,1,1,1,0,0,2,1,E01019122,10-07-2018,1,1,2,2,46,8,3,0,0,2,0,-1,9,1
27736,75.86034747,22.69567678,3,3,2,1,7,15:24,60,E10000006,3,596,6,30,0,-1,-1,0,0,0,1,1,1,0,0,2,1,E01019115,09-07-2018,2,1,1,1,47,8,3,0,0,0,0,-1,9,2
27737,75.87393779,22.73142653,3,3,1,1,1,15:00,60,E10000006,3,595,6,60,3,4,6,0,0,0,1,1,1,0,0,2,1,E01019090,10-07-2018,2,1,1,1,44,7,3,0,0,0,0,-1,9,1
27738,75.8589436,22.74188949,3,3,2,1,1,19:15,64,E10000006,5,3068,6,60,0,-1,-1,0,0,0,1,1,1,0,0,2,1,E01019340,10-07-2018,1,1,2,1,89,11,3,0,0,0,3,-1,11,1
27739,75.86506873,22.70600127,3,3,3,4,7,12:25,65,E10000006,3,590,6,60,3,4,3,5092,0,0,1,1,1,0,0,2,1,E01019350,04-06-2018,1,1,1,1,22,5,3,0,0,0,0,-1,9,2
27740,75.82741514,22.75276048,3,3,3,1,5,17:00,60,E10000006,3,595,6,60,0,-1,-1,0,0,0,1,1,1,0,0,2,1,E01019130,16-06-2018,1,1,3,2,11,3,3,5,4,0,0,-1,0,1
27741,75.8929124,22.72964507,3,3,2,1,6,17:58,60,E10000006,6,0,1,60,1,4,3,595,0,0,1,1,1,0,0,2,1,E01019085,08-07-2018,1,1,1,1,47,8,3,0,0,0,0,-1,5,1
27742,75.85153934,22.76331141,3,3,2,1,7,21:25,62,E10000006,3,6,6,30,3,4,6,0,0,0,1,1,1,0,0,1,1,E01019222,09-07-2018,1,1,1,1,14,3,2,0,0,0,0,-1,1,1
27743,75.81332879,22.7520981,3,3,2,2,7,12:30,64,E10000006,3,6,1,30,1,4,3,66,0,0,1,1,1,0,0,2,2,E01019332,02-07-2018,1,1,1,1,18,4,2,0,0,0,0,-1,3,1
27744,75.89065594,22.74576353,3,3,2,2,4,07:00,61,E10000006,5,6010,6,30,6,2,6,0,0,0,1,1,1,0,0,1,1,E01019157,13-07-2018,1,1,1,2,29,6,3,0,0,0,0,-1,9,-1
27745,75.85891731,22.74610914,3,3,1,1,2,09:36,65,E10000006,3,590,3,70,5,4,6,0,0,0,1,1,1,0,0,2,1,E01019351,11-07-2018,1,1,1,1,41,7,3,0,0,0,0,-1,19,-1
27746,75.86037816,22.69381439,3,3,1,1,4,20:47,65,E10000006,3,5284,6,30,3,2,6,0,0,0,1,1,1,0,0,1,1,E01019360,13-07-2018,1,1,1,1,48,8,3,0,0,0,0,-1,19,1
27747,75.83397069,22.74224534,3,3,1,1,3,13:45,65,E10000006,3,684,6,30,0,-1,-1,0,0,0,1,1,1,5,0,2,2,E01019384,17-05-2018,1,1,1,1,64,9,3,0,0,0,0,-1,9,1
27748,75.82016478,22.77027691,3,3,2,1,1,11:15,62,E10000006,6,0,6,60,9,4,6,0,0,0,1,1,1,0,0,1,1,E01019253,10-07-2018,1,1,1,1,17,4,3,0,0,0,0,-1,1,1
27749,75.91438701,22.76868309,3,2,1,4,5,12:59,64,E10000006,3,689,6,60,0,-1,-1,0,0,0,1,2,2,0,0,2,1,E01019305,14-07-2018,1,1,3,1,11,3,3,5,1,0,0,-1,0,1
27750,75.84722847,22.7147664,3,2,1,1,6,22:21,64,E10000006,3,686,6,60,0,-1,-1,0,0,0,6,1,1,0,0,2,1,E01019321,15-07-2018,3,1,1,1,-1,-1,3,0,0,0,0,-1,9,-1
27751,75.81958281,22.75880289,3,3,1,1,1,23:25,65,E10000006,3,595,6,60,0,-1,-1,0,0,0,6,1,1,0,7,2,1,E01019344,26-06-2018,3,1,1,1,19,4,3,0,0,0,0,-1,9,1
27752,75.88668355,22.72020131,3,3,1,1,7,07:50,62,E10000006,4,5307,6,30,9,4,6,0,0,0,1,1,1,0,0,1,2,E01019205,09-07-2018,2,1,1,1,26,6,2,0,0,0,0,-1,5,-1
27753,75.88776416,22.72658733,3,3,2,2,4,17:25,64,E10000006,3,66,3,60,3,4,3,5091,0,0,1,1,1,0,0,2,1,E01019339,13-07-2018,1,1,3,1,9,2,3,5,9,0,0,-1,0,-1
27754,75.83085224,22.75457703,3,3,2,1,4,08:45,65,E10000006,3,592,6,40,0,-1,-1,0,0,0,1,2,2,0,0,2,2,E01019397,29-06-2018,1,1,1,1,13,3,3,0,0,0,0,-1,1,-1
27755,75.87478098,22.72749733,3,3,2,1,3,14:30,63,E10000006,3,595,6,40,9,4,6,0,0,0,1,1,1,0,0,1,1,E01019281,12-07-2018,1,1,1,1,46,8,3,0,0,0,0,-1,9,3
27756,75.87201274,22.7070011,3,3,2,1,5,17:50,64,E10000006,6,0,6,60,3,4,6,0,0,0,1,1,2,0,0,2,2,E01019315,14-07-2018,2,2,2,2,28,6,3,0,0,1,0,-1,9,-1
27757,75.82228179,22.72166012,3,3,2,1,6,13:10,63,E10000006,3,5094,2,30,9,4,3,5094,0,4,1,1,1,0,0,1,2,E01019280,01-07-2018,2,3,1,1,35,6,3,0,0,0,0,-1,9,1
27758,75.84208446,22.69137936,3,2,1,1,3,14:25,65,E10000006,3,5087,6,40,0,-1,-1,0,0,0,1,1,1,0,0,2,1,E01019379,28-06-2018,2,1,1,2,40,7,3,0,0,0,0,-1,9,1
27759,75.81356771,22.72273761,3,3,2,1,4,08:10,63,E10000006,3,595,6,40,9,2,6,0,0,0,1,1,1,0,0,2,2,E01019273,13-07-2018,1,1,1,1,44,7,3,0,0,0,0,-1,9,-1
27760,75.82343711,22.71479623,3,2,1,1,1,11:52,65,E10000006,3,684,6,60,0,-1,-1,0,0,0,1,1,1,0,0,2,1,E01019384,10-07-2018,1,1,1,2,24,5,3,0,0,0,0,-1,9,1
27761,75.8468634,22.75064597,3,3,2,1,6,08:55,60,E10000006,4,5299,6,60,6,4,4,5305,0,0,1,1,1,0,0,2,1,E01019131,08-07-2018,1,1,2,2,80,11,3,0,0,0,4,-1,11,1
27762,75.89408236,22.69252538,3,3,2,2,3,16:20,65,E10000006,3,590,6,60,3,4,6,0,0,0,1,2,2,0,0,2,2,E01019386,05-07-2018,1,2,2,1,51,8,3,0,0,0,4,-1,11,1
27763,75.9110813,22.70124491,3,3,2,2,4,20:10,63,E10000006,6,0,6,60,0,-1,-1,0,0,0,1,1,1,0,0,2,1,E01019286,13-07-2018,1,1,2,2,53,8,3,0,0,0,4,-1,11,1
27764,75.83778239,22.69145836,3,2,2,3,4,15:20,60,E10000006,3,591,9,60,0,-1,-1,0,0,0,1,1,1,0,0,2,1,E01019106,13-07-2018,1,1,3,1,54,8,2,10,4,0,0,-1,0,1
27765,75.83299126,22.7315229,3,3,2,1,3,19:12,65,E10000006,3,6,6,60,0,-1,-1,0,0,0,1,1,1,0,0,2,1,E01019394,12-07-2018,1,1,3,1,11,3,2,9,9,0,0,-1,0,-1
27766,75.84668681,22.71358754,3,3,2,1,2,16:10,61,E10000006,6,0,1,30,1,4,6,0,0,8,1,1,1,0,0,1,2,E01019139,20-06-2018,1,1,2,1,3,1,2,0,0,2,0,-1,9,1
27767,75.88674664,22.75961411,3,3,1,1,3,12:15,62,E10000006,6,0,6,30,9,4,6,0,0,0,1,1,1,0,0,2,2,E01019201,12-07-2018,1,2,2,2,30,6,2,0,0,1,0,-1,9,1
27768,75.83114169,22.76008391,3,1,1,1,3,10:55,64,E10000006,3,686,6,40,0,-1,-1,0,0,0,1,1,1,0,0,1,1,E01019326,19-07-2018,2,1,1,1,31,6,3,0,0,0,0,-1,9,1
27769,75.87211403,22.76169714,3,3,2,1,7,11:30,65,E10000006,6,0,6,60,0,-1,-1,0,0,0,1,1,1,0,0,2,2,E01019345,30-04-2018,2,1,1,1,-1,-1,3,0,0,0,0,-1,1,-1
27770,75.86580538,22.77033814,3,3,1,1,2,17:25,62,E10000006,6,0,6,60,0,-1,-1,0,0,0,1,1,1,0,0,2,1,E01019219,18-07-2018,2,2,2,1,-1,-1,3,0,0,0,0,-1,1,-1
27771,75.9093561,22.73692445,3,3,3,1,5,14:00,60,E10000006,4,5302,6,30,0,-1,-1,0,0,0,1,9,1,0,0,2,2,E01019127,16-06-2018,2,1,1,2,36,7,3,0,0,0,0,-1,1,1
27772,75.86609822,22.69874558,3,3,1,1,5,12:39,62,E10000006,3,6,6,30,9,4,6,0,0,0,1,1,1,0,0,1,1,E01019211,10-02-2018,1,1,1,2,57,9,2,0,0,0,0,-1,9,1
27773,75.81314396,22.70071329,3,3,2,1,2,10:15,64,E10000006,3,592,6,60,0,-1,-1,0,0,0,1,2,2,0,0,2,1,E01019339,18-07-2018,1,1,1,1,36,7,3,0,0,0,0,-1,9,1
27774,75.84451679,22.73862314,3,2,2,1,4,18:50,65,E10000006,3,5087,6,60,9,4,6,0,0,0,1,1,1,0,0,2,1,E01019379,08-06-2018,1,1,1,1,72,10,3,0,0,0,0,-1,90,2
27775,75.83618339,22.69497446,3,3,2,2,6,19:00,60,E10000006,6,0,9,30,9,4,6,0,0,0,1,1,1,0,0,1,1,E01019120,15-07-2018,1,1,1,1,23,5,3,0,0,0,0,-1,9,1
27776,75.81841682,22.69483634,3,3,2,1,3,14:10,65,E10000006,6,0,6,60,0,-1,-1,0,0,0,1,1,1,0,0,2,1,E01019376,21-06-2018,2,2,1,2,35,6,3,0,0,0,0,-1,9,-1
27777,75.82858678,22.70672644,3,3,2,1,5,11:30,65,E10000006,5,5020,6,60,0,-1,-1,0,0,0,1,1,1,0,0,2,2,E01019350,23-06-2018,1,1,2,2,97,11,3,0,0,0,3,-1,11,1
27778,75.87930093,22.71180362,3,2,1,2,6,23:14,65,E10000006,6,0,6,60,8,4,4,5278,0,0,6,1,1,0,0,2,1,E01019349,24-06-2018,1,1,1,1,42,7,3,0,0,0,0,-1,5,-1
27779,75.90254787,22.71252871,3,1,3,3,3,06:12,62,E10000006,3,74,3,70,0,-1,-1,0,0,0,1,1,1,0,0,2,1,E01019226,19-07-2018,1,1,1,2,29,6,3,0,0,0,0,-1,9,1
27780,75.86285287,22.7584798,3,3,1,1,5,11:24,62,E10000006,3,7,6,30,0,-1,-1,0,0,4,1,1,2,0,0,1,1,E01019204,14-07-2018,2,2,1,1,41,7,3,0,0,0,0,-1,9,1
27781,75.869822,22.75165193,3,3,1,1,4,19:05,62,E10000006,6,0,6,30,9,4,6,0,0,0,1,1,1,0,2,1,1,E01019215,20-07-2018,2,1,1,1,34,6,3,0,0,0,0,-1,9,-1
27782,75.89662268,22.76508913,3,3,2,1,3,14:00,62,E10000006,6,0,6,30,0,-1,-1,0,0,0,1,1,1,0,0,1,1,E01019204,19-07-2018,1,1,1,2,19,4,3,0,0,0,0,-1,9,1
27783,75.89006729,22.72046624,3,3,2,1,7,21:40,65,E10000006,4,6254,6,30,3,4,6,0,0,0,1,1,1,0,0,2,2,E01019373,25-06-2018,1,1,3,1,45,7,2,10,9,0,0,-1,0,1
27784,75.850598,22.76171402,3,3,2,1,1,21:02,61,E10000006,6,0,6,30,9,-1,6,0,0,0,1,1,1,0,0,1,1,E01019170,26-06-2018,1,1,3,1,8,2,3,1,3,0,0,-1,0,1
27785,75.89173069,22.70609765,3,3,2,1,2,19:10,61,E10000006,6,0,6,30,3,4,6,0,0,1,1,1,2,5,0,1,1,E01019156,04-07-2018,1,1,1,1,-1,-1,3,0,0,0,0,-1,9,1
27786,75.88468851,22.7111058,3,3,4,2,3,15:33,61,E10000006,6,0,6,30,0,-1,-1,0,0,0,1,2,2,0,0,1,1,E01019139,05-07-2018,1,1,1,1,27,6,3,0,0,0,0,-1,9,1
27787,75.83733308,22.75697009,3,2,1,1,3,19:01,61,E10000006,6,0,3,30,9,-1,-1,-1,0,0,1,1,1,0,0,1,1,E01019169,19-07-2018,2,2,1,2,36,7,3,0,0,0,0,-1,9,1
27788,75.81584082,22.75155511,3,3,1,1,6,15:20,65,E10000006,6,0,6,60,0,-1,-1,0,0,0,1,1,1,0,2,2,1,E01019348,15-07-2018,1,1,1,1,26,6,3,0,0,0,0,-1,9,1
27789,75.91279166,22.70641675,3,3,2,1,1,11:42,65,E10000006,3,591,3,70,6,4,6,0,0,0,1,1,1,0,0,2,1,E01019346,03-07-2018,1,1,1,1,27,6,3,0,0,0,0,-1,9,1
27790,75.90622347,22.74187987,3,3,2,2,4,09:20,65,E10000006,3,65,1,60,1,4,6,0,0,0,1,1,1,0,0,2,2,E01019352,06-07-2018,1,1,1,1,35,6,2,0,0,0,0,-1,5,1
27791,75.87479505,22.76431437,3,3,3,1,3,08:05,65,E10000006,4,5282,6,40,0,-1,-1,0,0,0,1,1,1,4,0,2,1,E01019341,19-07-2018,1,1,1,1,27,6,3,0,0,0,0,-1,2,1
27792,75.82100922,22.71137464,3,2,2,1,6,12:00,65,E10000006,3,65,6,60,0,-1,-1,0,0,0,1,1,1,0,0,2,1,E01019352,15-07-2018,1,1,3,1,26,6,3,5,9,0,0,-1,0,1
27793,75.86201807,22.69634787,3,2,1,1,1,16:33,65,E10000006,3,5074,6,60,3,4,6,0,0,0,1,1,1,0,0,2,1,E01019381,10-07-2018,2,1,1,1,56,9,3,0,0,0,0,-1,9,1
27794,75.84904245,22.76233525,3,3,1,2,2,20:00,65,E10000006,3,5087,6,40,0,-1,-1,0,0,0,1,1,1,0,0,2,1,E01019379,11-07-2018,1,1,1,1,22,5,3,0,0,0,0,-1,9,1
27795,75.83820201,22.7171096,3,3,1,1,3,19:37,65,E10000006,3,592,6,30,0,-1,-1,0,0,0,1,1,1,0,0,2,1,E01019397,12-07-2018,2,1,2,1,10,2,3,0,0,2,0,-1,9,1
27796,75.84366597,22.70871351,3,3,2,2,4,14:25,65,E10000006,3,684,6,30,3,4,6,0,0,0,1,1,1,0,0,1,1,E01019359,13-07-2018,1,1,1,2,34,6,3,0,0,0,0,-1,9,1
27797,75.82751944,22.68842124,3,3,2,1,6,15:40,63,E10000006,3,595,6,40,0,-1,-1,0,0,0,1,1,1,0,0,1,2,E01019261,15-07-2018,1,1,1,2,33,6,3,0,0,0,0,-1,9,1
27798,75.90896568,22.70332297,3,3,1,1,7,18:21,60,E10000006,6,0,2,30,9,4,-1,-1,0,0,1,1,1,0,0,1,2,E01019122,16-07-2018,2,2,1,1,33,6,3,0,0,0,0,-1,9,1
27799,75.81359196,22.76507212,3,3,2,1,6,21:45,61,E10000006,6,0,9,30,0,-1,-1,0,0,0,5,1,1,0,0,1,2,E01019185,15-07-2018,1,1,2,1,48,8,3,0,0,1,0,-1,9,3
27800,75.84904994,22.75338229,3,3,2,1,6,17:00,65,E10000006,3,6070,6,60,3,4,6,0,0,0,1,1,1,0,0,2,1,E01019343,15-07-2018,1,2,2,2,47,8,3,0,0,2,0,-1,9,-1
27801,75.8748848,22.74725891,3,3,1,1,2,15:25,60,E10000006,4,5292,6,30,0,-1,-1,0,0,0,1,1,1,0,0,2,2,E01019088,11-07-2018,2,3,1,2,25,5,3,0,0,0,0,-1,9,1
27802,75.83722667,22.75599683,3,3,2,1,3,17:15,62,E10000006,4,5299,6,30,3,4,6,0,0,0,1,1,1,0,0,1,2,E01019232,12-07-2018,2,1,3,1,28,6,3,10,9,0,0,-1,0,1
27803,75.87228468,22.72908449,3,3,2,1,3,20:00,60,E10000006,4,5297,6,30,6,4,6,0,0,0,1,1,1,0,0,1,1,E01019121,12-07-2018,1,1,1,1,24,5,3,0,0,0,0,-1,9,1
27804,75.85503761,22.73150133,3,3,2,1,5,14:35,62,E10000006,6,0,6,30,1,4,6,0,0,0,1,1,1,0,0,1,1,E01019211,21-07-2018,2,1,1,1,55,8,3,0,0,0,0,-1,9,1
27805,75.89440694,22.72353055,3,3,2,1,6,16:00,62,E10000006,6,0,6,30,3,4,6,0,0,0,1,1,1,0,0,1,1,E01019234,22-07-2018,2,1,1,1,44,7,3,0,0,0,0,-1,4,1
27806,75.8968297,22.73818327,3,3,1,1,7,13:36,64,E10000006,1,6,3,70,0,-1,-1,0,0,0,1,1,1,0,0,2,1,E01019312,23-07-2018,1,1,1,1,24,5,3,0,0,0,0,-1,9,-1
27807,75.87720556,22.70075828,3,3,2,1,2,13:25,60,E10000006,6,0,6,60,0,-1,-1,0,0,0,1,1,1,0,0,2,1,E01019106,18-07-2018,2,1,1,1,30,6,3,0,0,0,0,-1,1,-1
27808,75.91526582,22.75200167,3,3,2,1,1,19:00,62,E10000006,4,6264,6,30,0,-1,-1,0,0,0,1,1,1,0,0,1,1,E01019241,24-07-2018,1,1,1,1,33,6,3,0,0,0,0,-1,9,1
27809,75.8222314,22.71052901,3,3,2,1,1,13:33,64,E10000006,3,592,6,60,9,4,6,0,0,0,1,1,1,0,0,2,1,E01019339,24-07-2018,1,1,1,1,75,10,3,0,0,0,0,-1,9,1
27810,75.8797248,22.70267941,3,2,2,1,2,21:20,64,E10000006,6,0,6,30,8,4,3,6,0,0,4,1,1,0,0,2,1,E01019312,25-07-2018,1,1,1,1,16,4,3,0,0,0,0,-1,2,1