Accident_Index,longitude,latitude,Police_Force,Accident_Severity,Number_of_Vehicles,Number_of_Casualties,Day_of_Week,Time,Local_Authority_(District),Local_Authority_(Highway),1st_Road_Class,1st_Road_Number,Road_Type,Speed_limit,Junction_Detail,Junction_Control,2nd_Road_Class,2nd_Road_Number,Pedestrian_Crossing-Human_Control,Pedestrian_Crossing-Physical_Facilities,Light_Conditions,Weather_Conditions,Road_Surface_Conditions,Special_Conditions_at_Site,Carriageway_Hazards,Urban_or_Rural_Area,Did_Police_Officer_Attend_Scene_of_Accident,LSOA_of_Accident_Location,Date,Vehicle_Reference,Casualty_Reference,Casualty_Class,Sex_of_Casualty,Age_of_Casualty,Age_Band_of_Casualty,Casualty_Severity,Pedestrian_Location,Pedestrian_Movement,Car_Passenger,Bus_or_Coach_Passenger,Pedestrian_Road_Maintenance_Worker,Casualty_Type,Casualty_Home_Area_Type
27811,75.84137105,22.75277239,3,3,2,1,2,13:00,64,E10000006,1,6,6,30,1,4,3,66,0,0,1,9,1,0,0,2,2,E01019334,27-06-2018,1,1,3,1,32,6,3,5,9,0,0,-1,0,1
27812,75.89228574,22.74254783,3,3,1,2,7,10:27,65,E10000006,1,6,2,70,0,-1,-1,0,0,0,1,1,1,0,0,2,1,E01019394,02-07-2018,1,1,1,1,49,8,3,0,0,0,0,-1,9,1
27813,75.83285051,22.76995097,3,1,1,1,4,21:33,60,E10000006,3,591,6,60,0,-1,-1,0,0,0,1,1,1,0,0,2,1,E01019083,27-07-2018,1,1,3,1,29,6,3,6,9,0,0,-1,0,1
27814,75.87532096,22.71749996,3,3,1,1,7,17:28,65,E10000006,6,0,6,30,0,-1,-1,0,0,0,1,1,1,0,0,1,1,E01019390,02-07-2018,2,1,1,1,-1,-1,3,0,0,0,0,-1,1,-1
27815,75.88874161,22.74962976,3,2,1,1,1,17:20,65,E10000006,4,5284,6,40,0,-1,-1,0,0,0,1,1,1,0,0,2,1,E01019387,10-07-2018,1,1,2,1,23,5,3,0,0,1,0,-1,9,1
27816,75.87535655,22.73224043,3,3,2,1,4,13:30,65,E10000006,3,592,6,30,8,4,-1,-1,0,0,1,1,1,0,0,2,2,E01019386,13-07-2018,2,2,1,1,35,6,3,0,0,0,0,-1,9,1
27817,75.84144269,22.7677981,3,3,2,1,2,17:20,63,E10000006,6,0,6,60,0,-1,-1,0,0,0,1,1,1,0,0,2,1,E01019279,27-06-2018,3,3,1,1,52,8,3,0,0,0,0,-1,21,-1
27818,75.850306,22.69333828,3,3,1,1,7,18:38,62,E10000006,3,7,3,30,0,-1,-1,0,0,0,1,1,1,0,0,1,1,E01019242,23-07-2018,1,1,1,2,25,5,3,0,0,0,0,-1,9,1
27819,75.89646652,22.73350838,3,3,2,1,5,11:05,64,E10000006,4,6261,6,60,7,4,1,6,0,0,1,1,1,0,0,2,2,E01019337,14-07-2018,2,2,1,1,25,5,3,0,0,0,0,-1,9,1
27820,75.83676582,22.75151009,3,3,2,2,6,20:05,61,E10000006,6,0,6,30,0,-1,-1,0,0,0,1,1,1,0,2,1,2,E01019159,15-07-2018,1,1,1,1,36,7,3,0,0,0,0,-1,9,1
27821,75.90524653,22.73499269,3,3,2,1,6,21:15,62,E10000006,3,7,3,40,3,2,4,6264,0,5,1,1,1,0,0,1,2,E01019243,22-07-2018,1,1,1,2,32,6,3,0,0,0,0,-1,9,1
27822,75.85471138,22.74338824,3,3,2,1,3,09:40,62,E10000006,3,7,6,30,0,-1,-1,0,0,4,1,1,1,0,0,1,1,E01019243,26-07-2018,1,1,1,1,18,4,3,0,0,0,0,-1,9,-1
27823,75.88084922,22.69591139,3,3,2,1,5,18:18,60,E10000006,6,0,6,30,3,4,6,0,0,0,1,1,1,0,0,1,1,E01019117,21-07-2018,1,1,1,1,38,7,3,0,0,0,0,-1,9,-1
27824,75.89202992,22.73881452,3,3,2,1,7,19:16,65,E10000006,3,590,3,70,0,-1,-1,0,0,0,1,1,1,0,0,2,1,E01019386,23-07-2018,2,1,1,1,21,5,3,0,0,0,0,-1,9,1
27825,75.81817445,22.76786776,3,2,2,1,7,14:10,65,E10000006,3,684,6,60,0,-1,-1,0,0,0,1,1,1,0,0,2,1,E01019394,16-07-2018,1,1,1,1,18,4,3,0,0,0,0,-1,9,1
27826,75.82024563,22.73966221,3,3,2,2,7,11:20,65,E10000006,3,683,6,60,0,-1,-1,0,0,0,1,1,1,0,0,2,1,E01019373,16-07-2018,2,2,1,1,75,10,3,0,0,0,0,-1,9,1
27827,75.87571393,22.74640165,3,3,2,3,2,13:05,65,E10000006,4,6254,6,60,0,-1,-1,0,0,0,1,1,1,0,7,2,1,E01019352,18-07-2018,1,1,1,2,52,8,3,0,0,0,0,-1,9,1
27828,75.87127971,22.76681958,3,3,2,1,6,18:25,65,E10000006,3,684,6,60,9,4,-1,-1,0,0,1,1,1,0,0,2,1,E01019384,22-07-2018,1,1,3,1,-1,-1,3,5,9,0,0,-1,0,-1
27829,75.84342859,22.75136934,3,3,2,1,7,17:26,65,E10000006,3,6,2,30,0,-1,-1,0,0,0,1,1,1,0,0,1,1,E01019363,16-07-2018,1,1,1,1,45,7,3,0,0,0,0,-1,9,1
27830,75.828984,22.75389186,3,3,1,1,7,12:57,65,E10000006,3,60,2,30,0,-1,-1,0,0,0,1,1,1,0,0,1,2,E01019363,29-01-2018,1,1,1,1,54,8,3,0,0,0,0,-1,9,1
27831,75.84387677,22.71239427,3,3,2,1,1,18:20,61,E10000006,5,6010,6,30,7,2,6,0,0,5,1,1,1,0,0,1,2,E01019169,17-07-2018,2,1,1,1,37,7,3,0,0,0,0,-1,9,1
27832,75.86775105,22.71171867,3,3,2,1,3,08:28,60,E10000006,4,5305,6,60,0,-1,-1,0,0,0,1,1,2,0,0,2,2,E01019132,19-07-2018,1,1,1,1,37,7,3,0,0,0,0,-1,9,1
27833,75.8888856,22.7178405,3,3,1,1,6,06:45,65,E10000006,3,684,6,60,0,-1,-1,0,0,0,1,2,2,0,0,2,1,E01019394,29-07-2018,2,2,1,2,21,5,3,0,0,0,0,-1,9,1
27834,75.86700649,22.70222658,3,3,2,1,6,20:21,64,E10000006,1,6,3,70,0,-1,-1,0,0,0,1,1,1,0,0,2,1,E01019325,22-07-2018,1,1,2,1,19,4,3,0,0,1,0,-1,9,-1
27835,75.90503751,22.76635591,3,3,2,1,6,16:05,65,E10000006,1,6,3,70,0,-1,-1,0,0,0,1,1,1,0,0,2,1,E01019348,22-07-2018,1,1,1,2,29,6,3,0,0,0,0,-1,1,1
27836,75.85367355,22.7412115,3,3,3,1,3,09:10,63,E10000006,6,0,6,30,3,4,6,0,0,0,1,1,1,0,0,2,1,E01019265,19-07-2018,1,1,1,2,50,8,3,0,0,0,0,-1,3,1
27837,75.87610361,22.7441911,3,3,2,1,3,16:10,63,E10000006,6,0,6,30,3,4,6,0,0,0,1,1,1,0,0,2,1,E01019297,19-07-2018,1,1,1,1,18,4,3,0,0,0,0,-1,9,1
27838,75.83517397,22.76027092,3,3,1,1,4,19:15,65,E10000006,3,6,6,20,0,-1,-1,0,0,0,1,1,1,5,0,2,1,E01019394,20-07-2018,1,2,2,1,21,5,3,0,0,1,0,-1,9,1
27839,75.85819759,22.77003214,3,3,2,1,3,12:40,61,E10000006,6,0,6,30,9,4,6,0,0,0,1,1,1,0,0,2,2,E01019154,19-07-2018,2,3,2,1,38,7,3,0,0,1,0,-1,9,1
27840,75.8884409,22.72676931,3,2,1,2,4,20:45,60,E10000006,3,595,6,60,0,-1,-1,0,0,0,1,1,1,0,0,2,1,E01019133,15-06-2018,1,1,1,2,30,6,2,0,0,0,0,-1,9,1
27841,75.9023303,22.69659079,3,3,2,1,6,14:35,63,E10000006,3,595,6,40,7,4,6,0,0,0,1,1,1,4,3,2,1,E01019261,22-07-2018,1,1,1,1,20,4,3,0,0,0,0,-1,9,1
27842,75.90974173,22.75800328,3,3,2,2,1,20:15,63,E10000006,6,0,6,60,0,-1,-1,0,0,0,1,1,1,0,0,2,1,E01019266,10-07-2018,1,1,1,2,85,11,3,0,0,0,0,-1,9,1
27843,75.86734232,22.69304568,3,3,2,1,6,22:50,63,E10000006,4,5344,6,60,0,-1,-1,0,0,0,6,9,1,0,0,2,2,E01019279,15-07-2018,2,2,1,1,43,7,3,0,0,0,0,-1,19,1
27844,75.86135951,22.69797241,3,3,2,1,6,14:30,61,E10000006,6,0,6,30,0,-1,-1,0,0,0,1,1,1,0,0,1,2,E01019160,22-07-2018,2,1,1,1,73,10,3,0,0,0,0,-1,9,1
27845,75.86520847,22.72418805,3,3,1,1,4,23:05,65,E10000006,6,0,6,60,0,-1,-1,0,0,0,6,1,1,0,0,2,1,E01019387,20-07-2018,3,2,1,1,32,6,3,0,0,0,0,-1,9,1
27846,75.81472832,22.71064241,3,2,1,1,1,11:20,65,E10000006,3,6,6,60,0,-1,-1,0,0,0,1,1,1,0,0,2,1,E01019394,24-07-2018,2,1,2,2,44,7,3,0,0,0,4,-1,11,1
27847,75.85754369,22.76210917,3,3,2,1,3,19:20,61,E10000006,6,0,6,20,3,4,6,0,0,0,1,1,1,0,0,2,1,E01019187,26-07-2018,2,2,2,1,23,5,3,0,0,0,4,-1,11,2
27848,75.85027082,22.73747395,3,2,3,5,4,17:58,65,E10000006,6,0,2,30,3,4,4,6384,0,0,1,1,1,0,0,2,1,E01019382,27-07-2018,2,3,2,1,12,3,3,0,0,0,4,-1,11,3
27849,75.82057073,22.76959646,3,3,3,2,6,11:40,65,E10000006,3,590,3,70,0,-1,-1,0,0,0,1,1,2,0,0,2,1,E01019377,29-07-2018,2,4,2,1,16,4,3,0,0,0,4,-1,11,2
27850,75.82856618,22.73277858,3,3,3,2,6,14:04,63,E10000006,3,595,6,40,0,-1,-1,0,0,0,1,1,1,0,0,1,1,E01019297,22-07-2018,2,5,2,2,12,3,3,0,0,0,4,-1,11,1
27851,75.83434631,22.7588427,3,3,1,1,6,13:20,60,E10000006,3,596,6,40,3,4,6,0,0,0,1,8,1,0,0,2,1,E01019122,22-07-2018,2,6,2,1,13,3,3,0,0,0,4,-1,11,3
27852,75.88478732,22.74361179,3,3,2,2,5,07:45,65,E10000006,4,5277,6,30,3,4,6,0,0,0,1,2,2,0,0,2,1,E01019355,28-07-2018,1,1,2,2,55,8,3,0,0,1,0,-1,9,1
27853,75.86200312,22.7589834,3,3,1,1,2,20:06,65,E10000006,6,0,6,30,0,-1,-1,0,0,0,1,1,1,0,0,1,1,E01019367,01-08-2018,1,2,2,2,23,5,3,0,0,2,0,-1,9,1
27854,75.91379764,22.72427979,3,3,1,1,7,17:50,63,E10000006,6,0,6,30,6,4,6,0,0,0,1,1,1,0,0,1,2,E01019295,16-07-2018,1,3,2,1,33,6,3,0,0,2,0,-1,9,1
27855,75.81275211,22.71894189,3,3,1,1,4,12:25,60,E10000006,6,0,6,30,6,4,6,0,0,0,1,1,1,0,0,1,1,E01019121,27-07-2018,1,1,3,1,22,5,3,1,9,0,0,-1,0,-1
27856,75.84344344,22.74744876,3,3,2,2,2,12:45,60,E10000006,4,5296,6,30,0,-1,-1,0,0,1,1,1,1,0,0,1,1,E01019116,25-07-2018,1,1,3,1,85,11,3,5,9,0,0,-1,0,-1
27857,75.86206506,22.69311392,3,3,1,1,5,09:45,60,E10000006,6,0,6,30,0,-1,-1,0,0,0,1,2,2,0,0,2,2,E01019092,28-07-2018,2,1,1,1,26,6,3,0,0,0,0,-1,9,1
27858,75.81581224,22.72319747,3,3,2,3,6,17:40,65,E10000006,4,5286,6,30,0,-1,-1,0,0,0,1,1,1,0,0,2,1,E01019356,15-07-2018,1,1,1,1,38,7,3,0,0,0,0,-1,9,1
27859,75.81384621,22.71122381,3,2,1,1,2,09:45,65,E10000006,3,590,6,60,0,-1,-1,0,0,0,1,1,2,0,0,2,1,E01019381,01-08-2018,1,1,1,1,30,6,3,0,0,0,0,-1,9,1
27860,75.90124934,22.70878597,3,3,1,1,2,21:30,61,E10000006,5,6004,6,30,0,-1,-1,0,0,0,1,1,1,5,0,1,1,E01019162,01-08-2018,1,1,3,1,78,11,3,1,1,0,0,-1,0,-1
27861,75.91154168,22.72880929,3,3,1,1,6,04:20,65,E10000006,3,5087,6,60,0,-1,-1,0,0,0,6,2,2,0,0,2,1,E01019379,05-08-2018,1,1,2,2,14,3,3,0,0,0,4,-1,11,1
27862,75.88032293,22.7002289,3,2,1,1,7,09:40,65,E10000006,3,5074,6,60,3,4,6,0,0,0,1,1,1,0,0,2,1,E01019381,06-08-2018,1,2,2,2,31,6,3,0,0,0,4,-1,11,1
27863,75.8338027,22.71272281,3,3,2,1,6,16:44,60,E10000006,3,597,6,30,3,4,6,0,0,0,1,1,1,0,0,1,1,E01019121,29-07-2018,2,1,2,2,21,5,3,0,0,1,0,-1,9,-1
27864,75.83632444,22.71381479,3,3,1,5,4,18:45,60,E10000006,3,591,6,60,0,-1,-1,0,0,0,1,1,1,6,0,2,1,E01019083,27-07-2018,1,2,2,1,31,6,3,0,0,1,0,-1,9,1
27865,75.86124287,22.76272685,3,3,2,2,6,01:30,64,E10000006,1,6,3,70,0,-1,-1,0,0,0,6,2,2,0,0,2,2,E01019315,05-08-2018,2,1,1,2,27,6,3,0,0,0,0,-1,9,1
27866,75.88338386,22.72280303,3,3,2,2,1,11:19,64,E10000006,3,66,3,70,1,4,3,66,0,0,1,1,1,0,0,2,1,E01019334,07-08-2018,2,1,1,2,46,8,3,0,0,0,0,-1,9,2
27867,75.91136451,22.72269379,3,3,1,1,3,06:25,64,E10000006,1,6,3,60,1,4,3,66,0,0,1,1,1,0,0,2,1,E01019335,02-08-2018,1,1,1,1,-1,-1,3,0,0,0,0,-1,4,1
27868,75.8643966,22.70366888,3,2,2,3,6,16:26,64,E10000006,3,66,6,60,0,-1,-1,0,0,0,1,1,1,0,0,2,1,E01019313,29-07-2018,1,1,1,1,24,5,3,0,0,0,0,-1,9,1
27869,75.88122422,22.7296259,3,3,1,3,5,16:35,60,E10000006,3,596,6,30,0,-1,-1,0,0,0,1,2,2,0,0,2,1,E01019115,28-07-2018,2,2,1,1,29,6,3,0,0,0,0,-1,9,-1
27870,75.87496893,22.73401326,3,3,2,1,6,17:45,64,E10000006,3,6,1,60,1,4,3,66,0,0,1,1,1,0,0,2,2,E01019334,15-07-2018,1,1,1,2,45,7,3,0,0,0,0,-1,9,1
27871,75.87310017,22.68806963,3,3,1,1,6,10:15,63,E10000006,6,0,6,30,3,4,6,0,0,0,1,1,1,0,0,1,2,E01019284,22-07-2018,2,1,1,1,42,7,3,0,0,0,0,-1,19,1
27872,75.85041706,22.72181322,3,3,2,1,6,09:05,64,E10000006,5,3047,6,60,0,-1,-1,0,0,0,1,2,2,0,0,2,1,E01019324,29-07-2018,1,1,1,1,42,7,2,0,0,0,0,-1,5,-1
27873,75.88078267,22.69398821,3,1,1,1,1,01:10,62,E10000006,3,6,6,30,3,4,6,0,0,0,4,1,1,0,0,1,1,E01019211,31-07-2018,1,1,1,2,58,9,3,0,0,0,0,-1,9,-1
27874,75.89552988,22.68757225,3,3,2,1,4,13:25,62,E10000006,3,69,6,30,6,4,6,0,0,0,1,1,1,0,0,1,1,E01019237,20-07-2018,2,2,1,1,31,6,2,0,0,0,0,-1,9,1
27875,75.85137083,22.69534506,3,3,1,1,4,21:35,64,E10000006,3,5091,6,60,0,-1,-1,0,0,0,1,1,1,0,0,2,1,E01019339,27-07-2018,2,1,1,2,-1,-1,3,0,0,0,0,-1,1,-1
27876,75.86470564,22.70521095,3,2,2,2,5,01:44,64,E10000006,1,6,3,70,0,-1,-1,0,0,0,6,1,1,0,0,2,1,E01019324,28-07-2018,1,1,1,1,23,5,3,0,0,0,0,-1,9,-1
27877,75.88701467,22.69203631,3,3,2,1,4,14:10,65,E10000006,6,0,6,60,8,4,6,0,0,0,1,1,1,0,0,2,2,E01019380,27-07-2018,2,1,2,1,40,7,3,0,0,0,4,-1,11,-1
27878,75.81420808,22.71768315,3,3,1,1,5,21:00,61,E10000006,5,6010,6,40,1,4,6,0,0,0,4,2,2,0,0,2,1,E01019154,28-07-2018,1,1,1,1,17,4,2,0,0,0,0,-1,2,1
27879,75.83037575,22.70773474,3,3,2,1,1,21:05,65,E10000006,3,590,6,60,0,-1,-1,0,0,0,1,1,1,0,0,2,1,E01019356,31-07-2018,1,1,1,1,28,6,3,0,0,0,0,-1,9,1
27880,75.8876764,22.74872629,3,3,2,1,3,17:16,61,E10000006,3,590,6,30,9,-1,6,0,0,0,1,1,1,0,0,1,1,E01019156,02-08-2018,2,2,2,1,21,5,3,0,0,0,4,-1,11,1
27881,75.89641396,22.73950324,3,3,2,1,4,12:20,61,E10000006,6,0,6,30,6,4,6,0,0,0,1,1,1,0,0,1,1,E01019156,03-08-2018,1,1,1,2,37,7,3,0,0,0,0,-1,9,1
27882,75.874442,22.72890203,3,3,2,2,5,16:11,62,E10000006,6,0,3,30,8,4,6,0,0,0,1,1,2,0,0,1,1,E01019215,28-07-2018,1,1,1,1,27,6,3,0,0,0,0,-1,3,1
27883,75.82980312,22.6891498,3,3,2,1,2,12:40,63,E10000006,3,5094,6,30,3,2,6,0,0,5,1,1,1,0,0,1,1,E01019281,01-08-2018,1,1,1,1,23,5,3,0,0,0,0,-1,9,1
27884,75.84338315,22.70669039,3,3,1,1,3,16:50,61,E10000006,6,0,6,30,0,-1,-1,0,0,0,1,1,1,0,0,2,1,E01019151,02-08-2018,1,1,3,1,22,5,3,5,9,0,0,-1,0,-1
27885,75.88936968,22.69005367,3,2,2,6,2,19:30,63,E10000006,6,0,6,30,3,4,6,0,0,0,1,1,1,0,0,2,1,E01019274,01-08-2018,1,1,1,2,28,6,3,0,0,0,0,-1,3,1
27886,75.85515883,22.73729564,3,2,2,1,7,19:30,61,E10000006,6,0,6,20,6,1,6,0,0,0,1,1,1,0,0,1,1,E01019143,30-07-2018,1,1,3,2,30,6,3,1,9,0,0,-1,0,1
27887,75.86959198,22.74278989,3,3,1,1,4,17:25,61,E10000006,6,0,6,40,0,-1,-1,0,0,0,1,2,2,0,0,2,1,E01019154,03-08-2018,1,1,1,1,53,8,3,0,0,0,0,-1,9,1
27888,75.89984191,22.68897201,3,3,1,1,2,16:20,64,E10000006,3,66,3,70,0,-1,-1,0,0,0,1,1,1,0,0,2,1,E01019309,08-08-2018,1,1,1,1,16,4,3,0,0,0,0,-1,2,1
27889,75.8763072,22.7316423,3,3,2,1,6,17:40,62,E10000006,6,0,6,30,6,4,6,0,0,0,1,1,1,0,0,1,1,E01019211,05-08-2018,1,1,1,1,17,4,3,0,0,0,0,-1,3,1
27890,75.89568606,22.70890491,3,3,2,1,1,11:15,60,E10000006,3,596,6,30,3,4,6,0,0,0,1,1,1,0,0,2,1,E01019099,24-07-2018,2,1,1,1,67,10,2,0,0,0,0,-1,9,1
27891,75.90038625,22.69269691,3,2,1,1,1,13:30,64,E10000006,3,686,6,60,0,-1,-1,0,0,0,1,1,1,0,0,2,1,E01019320,07-08-2018,1,1,3,2,43,7,3,5,3,0,0,-1,0,1
27892,75.87625002,22.7359494,3,3,2,2,7,08:29,64,E10000006,3,686,6,60,0,-1,-1,0,0,0,1,1,1,0,0,2,1,E01019321,06-08-2018,1,1,2,1,26,6,3,0,0,2,0,-1,9,1
27893,75.8603272,22.69336249,3,3,2,2,5,20:09,63,E10000006,6,0,6,30,0,-1,-1,0,0,0,1,1,2,0,0,1,1,E01019296,04-08-2018,1,1,1,1,46,8,3,0,0,0,0,-1,9,1
27894,75.81469031,22.70027054,3,2,3,2,2,11:24,64,E10000006,3,66,6,60,0,-1,-1,0,0,0,1,1,1,4,0,2,1,E01019339,08-08-2018,1,1,1,2,22,5,3,0,0,0,0,-1,9,1
27895,75.83003403,22.75398639,3,3,2,1,4,20:50,65,E10000006,3,6,6,60,0,-1,-1,0,0,0,1,1,1,0,0,2,1,E01019394,03-08-2018,1,1,1,2,40,7,2,0,0,0,0,-1,9,1
27896,75.81665082,22.73737533,3,3,2,1,1,14:00,65,E10000006,6,0,6,60,3,4,6,0,0,0,1,1,1,0,0,2,1,E01019387,07-08-2018,1,1,1,2,61,9,3,0,0,0,0,-1,9,1
27897,75.89414786,22.71988067,3,3,4,3,6,16:50,61,E10000006,6,0,1,30,1,4,6,0,0,1,1,1,1,0,0,1,2,E01019157,05-08-2018,1,1,1,1,44,7,3,0,0,0,0,-1,5,2
27898,75.85493665,22.73341528,3,3,2,1,4,11:08,62,E10000006,3,7,6,30,6,2,6,0,0,5,1,1,1,0,0,1,1,E01019244,10-08-2018,1,1,2,2,17,4,3,0,0,1,0,-1,9,-1
27899,75.85466822,22.73435034,3,3,2,2,4,13:30,61,E10000006,6,0,6,30,3,4,6,0,0,0,1,1,1,0,0,1,1,E01019173,10-08-2018,1,2,1,1,19,4,3,0,0,0,0,-1,9,2
27900,75.83464982,22.76795494,3,3,2,1,5,17:22,60,E10000006,3,66,3,60,0,-1,-1,0,0,0,1,2,2,0,0,2,1,E01019090,04-08-2018,2,3,2,2,17,4,3,0,0,2,0,-1,9,1
27901,75.86518154,22.74451654,3,3,3,1,1,18:10,65,E10000006,3,591,6,60,0,-1,-1,0,0,0,1,1,1,0,0,2,1,E01019376,07-08-2018,2,4,1,1,70,10,3,0,0,0,0,-1,9,1
27902,75.86767071,22.70048788,3,3,1,1,7,10:50,65,E10000006,3,6,2,30,3,4,6,0,0,1,1,1,1,0,0,1,1,E01019366,13-08-2018,3,5,2,2,65,9,3,0,0,1,0,-1,9,1
27903,75.82048375,22.73839019,3,3,1,2,5,18:00,64,E10000006,3,66,3,70,0,-1,-1,0,0,0,1,4,2,0,0,2,1,E01019309,11-08-2018,2,1,1,1,22,5,3,0,0,0,0,-1,9,1
27904,75.83539759,22.69910773,3,3,2,2,5,13:25,62,E10000006,6,0,6,60,6,4,6,0,0,0,1,1,1,0,0,2,1,E01019213,04-08-2018,2,1,1,2,32,6,3,0,0,0,0,-1,3,1
27905,75.83959548,22.71658138,3,3,2,2,4,15:44,62,E10000006,6,0,6,30,6,4,6,0,0,0,1,2,2,0,0,1,1,E01019206,03-08-2018,1,1,1,1,21,5,3,0,0,0,0,-1,9,1
27906,75.84953015,22.69475857,3,2,2,1,2,16:45,62,E10000006,3,7,6,30,8,4,6,0,0,8,1,1,1,0,0,1,1,E01019191,01-08-2018,1,1,3,2,18,4,2,1,3,0,0,-1,0,1
27907,75.86219375,22.72271374,3,3,2,1,4,12:10,61,E10000006,5,6010,6,30,9,-1,6,0,0,4,1,1,1,0,0,1,1,E01019168,10-08-2018,1,1,1,2,18,4,3,0,0,0,0,-1,1,1
27908,75.90685542,22.72484018,3,3,2,1,5,17:40,60,E10000006,4,5301,6,30,0,-1,-1,0,0,0,1,2,2,0,0,2,1,E01019081,04-08-2018,1,1,1,2,25,5,3,0,0,0,0,-1,9,-1
27909,75.88519346,22.74011557,3,2,1,3,7,20:00,64,E10000006,1,6,3,70,0,-1,-1,0,0,0,1,1,1,0,0,2,1,E01019316,13-08-2018,1,1,3,2,10,2,3,5,1,0,0,-1,0,1
27910,75.8337197,22.71165609,3,2,1,4,3,13:10,64,E10000006,1,6,3,70,0,-1,-1,0,0,0,1,1,1,0,0,2,1,E01019337,09-08-2018,1,1,1,1,50,8,3,0,0,0,0,-1,9,2
27911,75.82317533,22.70954343,3,3,1,1,2,14:17,64,E10000006,1,6,3,70,0,-1,-1,0,0,0,1,1,1,0,0,2,1,E01019337,25-07-2018,2,2,1,2,23,5,3,0,0,0,0,-1,9,1
27912,75.8246714,22.69339339,3,3,2,1,5,18:33,63,E10000006,6,0,6,60,0,-1,-1,0,0,0,1,2,2,0,0,2,1,E01019278,04-08-2018,1,1,1,1,54,8,3,0,0,0,0,-1,9,2
27913,75.84823064,22.72581061,3,2,1,1,7,23:20,64,E10000006,3,686,6,60,0,-1,-1,0,0,0,6,1,1,0,0,2,1,E01019314,13-08-2018,1,1,1,1,18,4,3,0,0,0,0,-1,9,1
27914,75.85831804,22.70806209,3,3,1,1,4,13:45,64,E10000006,1,6,3,70,0,-1,-1,0,0,0,1,1,1,0,0,2,1,E01019329,10-08-2018,1,1,1,1,31,6,2,0,0,0,0,-1,9,1
27915,75.8775076,22.75049707,3,3,2,3,7,10:06,62,E10000006,3,595,6,30,9,4,6,0,0,0,1,2,2,0,7,1,1,E01019232,13-08-2018,1,2,2,2,10,2,2,0,0,1,0,-1,9,1
27916,75.82320544,22.7073743,3,3,3,1,6,14:00,62,E10000006,6,0,3,30,8,4,6,0,0,0,1,1,1,0,0,1,2,E01019206,12-08-2018,1,3,2,2,6,2,3,0,0,2,0,-1,9,-1
27917,75.83131093,22.69872338,3,3,2,1,6,12:03,63,E10000006,6,0,6,60,6,4,6,0,0,0,1,1,1,0,0,2,1,E01019256,05-08-2018,1,4,2,1,2,1,3,0,0,2,0,-1,9,1
27918,75.83211737,22.75370306,3,3,1,1,5,17:17,62,E10000006,6,0,6,30,0,-1,-1,0,0,0,1,2,2,0,0,1,2,E01019246,11-08-2018,2,5,1,1,41,7,3,0,0,0,0,-1,9,2
27919,75.8940134,22.69976948,3,3,1,2,2,15:09,63,E10000006,6,0,6,30,3,4,4,5295,0,0,1,1,1,0,0,1,1,E01019284,08-08-2018,2,6,2,2,7,2,3,0,0,1,0,-1,9,2
27920,75.81326947,22.723218,3,3,2,3,5,20:10,62,E10000006,3,7,6,30,9,4,6,0,0,0,1,2,2,0,0,1,2,E01019244,04-08-2018,1,1,1,1,41,7,3,0,0,0,0,-1,9,-1
27921,75.827918,22.72433102,3,3,2,1,6,15:07,61,E10000006,6,0,6,30,0,-1,-1,0,0,0,1,1,1,0,0,1,1,E01019141,05-08-2018,2,1,1,1,37,7,3,0,0,0,0,-1,9,1
27922,75.8984507,22.73297282,3,3,2,1,4,18:50,60,E10000006,3,66,6,30,7,4,6,0,0,0,1,1,1,4,0,1,1,E01019116,10-08-2018,1,1,1,1,25,5,3,0,0,0,0,-1,9,1
27923,75.88770255,22.70454102,3,3,1,1,1,05:45,62,E10000006,4,5307,6,60,0,-1,-1,0,0,0,6,1,1,0,0,2,1,E01019203,14-08-2018,1,1,1,2,38,7,3,0,0,0,0,-1,9,-1
27924,75.90841576,22.72046976,3,3,2,1,2,14:56,64,E10000006,3,66,6,60,0,-1,-1,0,0,0,1,1,1,0,0,2,1,E01019319,15-08-2018,2,2,1,1,34,6,3,0,0,0,0,-1,9,1
27925,75.86538187,22.69051786,3,2,2,2,1,14:25,60,E10000006,3,591,6,60,0,-1,-1,0,0,0,1,1,1,0,0,2,1,E01019106,07-08-2018,1,1,1,2,35,6,3,0,0,0,0,-1,3,1
27926,75.89238757,22.72092314,3,3,1,1,5,15:30,61,E10000006,6,0,6,30,3,4,6,0,0,0,1,1,2,0,0,1,1,E01019141,11-08-2018,2,1,1,1,17,4,3,0,0,0,0,-1,9,1
27927,75.85108122,22.75214652,3,3,1,1,6,08:00,65,E10000006,3,6,6,60,0,-1,-1,0,0,0,1,1,2,0,0,2,1,E01019394,05-08-2018,2,2,2,2,18,4,3,0,0,1,0,-1,9,1
27928,75.81407636,22.73891546,3,3,3,4,5,15:30,65,E10000006,3,590,6,60,0,-1,-1,0,0,0,1,1,1,0,0,2,1,E01019386,11-08-2018,2,1,1,2,21,5,3,0,0,0,0,-1,9,1
27929,75.84084055,22.71846267,3,3,2,1,5,16:50,61,E10000006,6,0,6,30,0,-1,-1,0,0,0,1,1,1,0,0,2,2,E01019156,11-08-2018,2,2,2,2,76,11,3,0,0,1,0,-1,9,1
27930,75.89812196,22.69378887,3,3,2,1,7,15:15,60,E10000006,6,0,9,20,0,-1,-1,0,0,0,1,1,1,0,0,2,2,E01019128,23-07-2018,1,1,1,1,29,6,3,0,0,0,0,-1,9,1
27931,75.87605119,22.71819246,3,3,3,2,1,16:30,65,E10000006,3,5087,6,60,3,4,6,0,0,0,1,1,1,0,0,2,1,E01019379,14-08-2018,1,1,2,2,39,7,3,0,0,1,0,-1,9,1