Accident_Index,longitude,latitude,Police_Force,Accident_Severity,Number_of_Vehicles,Number_of_Casualties,Day_of_Week,Time,Local_Authority_(District),Local_Authority_(Highway),1st_Road_Class,1st_Road_Number,Road_Type,Speed_limit,Junction_Detail,Junction_Control,2nd_Road_Class,2nd_Road_Number,Pedestrian_Crossing-Human_Control,Pedestrian_Crossing-Physical_Facilities,Light_Conditions,Weather_Conditions,Road_Surface_Conditions,Special_Conditions_at_Site,Carriageway_Hazards,Urban_or_Rural_Area,Did_Police_Officer_Attend_Scene_of_Accident,LSOA_of_Accident_Location,Date,Vehicle_Reference,Casualty_Reference,Casualty_Class,Sex_of_Casualty,Age_of_Casualty,Age_Band_of_Casualty,Casualty_Severity,Pedestrian_Location,Pedestrian_Movement,Car_Passenger,Bus_or_Coach_Passenger,Pedestrian_Road_Maintenance_Worker,Casualty_Type,Casualty_Home_Area_Type
27932,75.82619992,22.76184913,3,2,2,1,3,20:44,64,E10000006,1,6,3,70,0,-1,-1,0,0,0,1,1,1,0,0,2,1,E01019312,16-08-2018,2,2,1,1,18,4,3,0,0,0,0,-1,9,1
27933,75.84745679,22.7194517,3,3,1,1,2,18:20,62,E10000006,6,0,6,30,3,4,6,0,0,0,1,1,1,0,0,1,1,E01019246,15-08-2018,1,1,1,1,25,5,3,0,0,0,0,-1,21,-1
27934,75.87281928,22.69287183,3,3,3,1,1,12:07,65,E10000006,3,590,3,70,1,4,3,590,0,0,1,1,1,0,0,2,1,E01019377,14-08-2018,1,1,3,1,48,8,3,5,9,0,0,-1,0,1
27935,75.89255328,22.73208224,3,3,1,1,3,16:00,60,E10000006,6,0,6,60,0,-1,-1,0,0,0,1,1,1,0,0,2,1,E01019091,09-08-2018,1,1,1,1,38,7,3,0,0,0,0,-1,9,-1
27936,75.89335823,22.70218163,3,3,2,1,5,13:27,60,E10000006,6,0,6,30,6,4,6,0,0,0,1,1,1,0,0,1,1,E01019111,11-08-2018,1,1,1,1,31,6,3,0,0,0,0,-1,9,1
27937,75.91254379,22.73469449,3,2,1,1,1,17:44,65,E10000006,3,684,6,60,0,-1,-1,0,0,0,1,1,1,0,0,2,1,E01019394,21-08-2018,1,2,2,2,-1,-1,3,0,0,1,0,-1,9,-1
27938,75.8599137,22.76480273,3,3,1,2,2,05:54,65,E10000006,1,6,3,70,0,-1,-1,0,0,0,6,2,2,0,0,2,1,E01019347,22-08-2018,1,1,3,1,-1,-1,3,6,9,0,0,-1,0,-1
27939,75.89296751,22.71608818,3,2,2,1,5,14:00,63,E10000006,6,0,6,30,0,-1,-1,0,0,0,1,1,1,0,0,1,1,E01019294,11-08-2018,1,1,1,2,34,6,3,0,0,0,0,-1,9,1
27940,75.91121426,22.75788651,3,3,2,1,2,20:00,63,E10000006,3,595,6,60,0,-1,-1,0,0,0,1,1,1,0,0,2,1,E01019293,08-08-2018,1,1,1,1,47,8,3,0,0,0,0,-1,19,1
27941,75.88895682,22.75920976,3,3,2,1,4,12:35,62,E10000006,3,7,6,60,9,4,6,0,0,0,1,1,1,0,0,2,1,E01019226,17-08-2018,1,1,3,1,11,3,3,4,1,0,0,-1,0,1
27942,75.87147025,22.69650194,3,3,2,1,4,15:39,62,E10000006,6,0,6,30,0,-1,-1,0,0,0,1,1,1,0,0,1,1,E01019211,17-08-2018,2,1,1,1,-1,-1,3,0,0,0,0,-1,9,-1
27943,75.85449417,22.70975757,3,3,3,5,5,15:35,63,E10000006,3,595,6,40,8,4,6,0,0,0,1,1,1,0,0,2,1,E01019273,11-08-2018,2,1,1,1,19,4,3,0,0,0,0,-1,19,2
27944,75.85352237,22.72842098,3,3,1,1,5,11:40,61,E10000006,6,0,3,30,1,4,6,0,0,1,1,1,1,0,0,1,2,E01019157,18-08-2018,2,2,2,2,15,3,3,0,0,0,0,-1,19,1
27945,75.83146348,22.76645714,3,3,2,1,5,07:49,61,E10000006,3,5087,6,30,0,-1,-1,0,0,0,1,1,1,0,0,1,2,E01019140,18-08-2018,1,1,1,1,43,7,3,0,0,0,0,-1,9,1
27946,75.83823874,22.72283661,3,3,2,1,7,20:00,61,E10000006,6,0,6,30,3,3,6,0,0,0,1,1,1,0,0,1,1,E01019175,13-08-2018,1,2,2,1,43,7,3,0,0,1,0,-1,9,-1
27947,75.91240908,22.76763234,3,3,1,1,6,10:54,65,E10000006,6,0,6,30,3,4,6,0,0,0,1,1,1,0,0,2,1,E01019374,19-08-2018,2,3,2,1,27,6,3,0,0,1,0,-1,9,2
27948,75.8493745,22.70085517,3,3,1,2,7,09:30,65,E10000006,4,5343,6,60,0,-1,-1,0,0,0,1,1,1,0,0,2,1,E01019376,20-08-2018,1,1,1,2,29,6,3,0,0,0,0,-1,9,1
27949,75.89240211,22.7637743,3,2,1,1,3,15:50,65,E10000006,6,0,6,30,0,-1,-1,0,0,0,1,2,2,0,0,1,1,E01019361,23-08-2018,1,2,2,1,4,1,3,0,0,2,0,-1,9,1
27950,75.88931264,22.71155539,3,3,2,1,4,16:48,60,E10000006,6,0,6,30,0,-1,-1,0,0,0,1,1,1,0,0,1,1,E01019120,06-07-2018,1,1,1,1,26,6,3,0,0,0,0,-1,9,1
27951,75.83123718,22.7031314,3,3,2,2,2,21:30,60,E10000006,3,5297,6,30,6,4,6,0,0,8,4,2,2,0,0,1,1,E01019121,15-08-2018,1,1,1,1,38,7,3,0,0,0,0,-1,9,1
27952,75.9100025,22.73775777,3,3,3,2,6,15:15,62,E10000006,6,0,6,40,0,-1,-1,0,0,0,1,1,1,0,0,2,1,E01019213,19-08-2018,1,1,1,1,38,7,3,0,0,0,0,-1,9,1
27953,75.86516717,22.71892729,3,3,3,3,2,18:20,62,E10000006,6,0,6,30,9,4,6,0,0,0,1,1,1,0,0,1,1,E01019247,22-08-2018,1,1,2,2,12,3,3,0,0,0,3,-1,11,1
27954,75.85743504,22.71062105,3,3,2,1,7,12:50,62,E10000006,3,74,3,70,0,-1,-1,0,0,0,1,1,1,0,0,2,1,E01019226,20-08-2018,2,1,2,2,18,4,3,0,0,0,0,-1,19,1
27955,75.89115587,22.75777357,3,3,4,2,7,11:25,65,E10000006,3,590,3,70,0,-1,-1,0,0,0,1,1,1,0,0,2,1,E01019377,06-08-2018,2,2,1,1,26,6,3,0,0,0,0,-1,19,1
27956,75.82749959,22.71841602,3,2,3,2,4,18:33,60,E10000006,4,5296,6,30,3,4,6,0,0,0,1,1,1,0,0,1,1,E01019120,20-07-2018,1,1,1,2,25,5,3,0,0,0,0,-1,9,-1
27957,75.90304706,22.6986409,3,2,1,2,7,19:59,63,E10000006,3,595,6,60,0,-1,-1,0,0,0,1,1,2,0,0,2,1,E01019259,13-08-2018,2,1,1,2,18,4,3,0,0,0,0,-1,2,1
27958,75.82218716,22.76163316,3,2,1,1,1,15:35,63,E10000006,3,595,1,60,1,4,6,0,0,0,1,1,1,0,0,2,1,E01019258,07-08-2018,1,1,1,2,30,6,3,0,0,0,0,-1,9,1
27959,75.89225472,22.76518504,3,2,3,1,1,11:25,63,E10000006,3,595,6,60,0,-1,-1,0,0,0,1,1,1,0,2,2,1,E01019293,07-08-2018,1,1,1,2,42,7,3,0,0,0,0,-1,9,1
27960,75.85595375,22.76376226,3,3,1,1,3,12:30,60,E10000006,3,591,6,60,0,-1,-1,0,0,0,1,1,1,0,0,2,2,E01019083,16-08-2018,2,2,1,2,50,8,3,0,0,0,0,-1,9,1
27961,75.88650901,22.68904302,3,3,2,1,1,19:30,61,E10000006,6,0,6,30,8,4,-1,-1,0,0,5,2,2,0,0,1,2,E01019179,21-08-2018,1,1,1,2,38,7,3,0,0,0,0,-1,9,-1
27962,75.81668557,22.7036349,3,3,2,1,3,22:30,65,E10000006,3,591,6,60,9,4,6,0,0,0,6,2,2,0,0,2,1,E01019375,23-08-2018,1,1,2,2,10,2,3,0,0,1,0,-1,9,1
27963,75.86837637,22.71535748,3,3,2,2,3,21:40,65,E10000006,3,593,6,60,0,-1,-1,0,0,0,6,2,2,0,0,2,1,E01019350,23-08-2018,1,2,1,2,44,7,3,0,0,0,0,-1,9,1
27964,75.84872795,22.71128754,3,3,2,1,4,12:57,60,E10000006,3,594,2,30,3,4,6,0,0,0,1,1,1,0,0,2,1,E01019095,17-08-2018,1,1,1,2,68,10,3,0,0,0,0,-1,9,1
27965,75.90528618,22.74785571,3,3,1,1,4,15:03,65,E10000006,4,5278,6,60,0,-1,-1,0,0,0,1,1,1,0,0,2,2,E01019357,17-08-2018,2,1,1,2,17,4,2,0,0,0,0,-1,1,1
27966,75.90214676,22.71511974,3,3,2,1,5,14:10,60,E10000006,3,5086,6,60,6,4,6,0,0,0,1,2,2,0,0,2,1,E01019090,18-08-2018,2,1,1,2,21,5,3,0,0,0,0,-1,3,1
27967,75.82536456,22.69156934,3,3,2,1,6,08:00,62,E10000006,6,0,6,30,9,4,6,0,0,0,1,9,1,0,0,1,2,E01019198,12-08-2018,1,1,1,1,34,6,3,0,0,0,0,-1,9,1
27968,75.81991652,22.7158934,3,2,2,1,7,14:30,64,E10000006,5,3077,6,60,0,-1,-1,0,0,0,1,1,1,0,0,2,2,E01019309,20-08-2018,1,1,1,1,36,7,3,0,0,0,0,-1,9,-1
27969,75.89008856,22.72378452,3,2,1,1,3,06:55,64,E10000006,3,592,1,40,1,2,3,66,0,0,1,1,1,0,0,2,1,E01019334,23-08-2018,1,1,2,2,50,8,3,0,0,1,0,-1,9,-1
27970,75.81805345,22.77040063,3,2,1,2,5,13:50,64,E10000006,1,6,3,70,0,-1,-1,0,0,0,1,1,1,0,0,2,1,E01019325,11-08-2018,1,2,1,1,33,6,3,0,0,0,0,-1,9,1
27971,75.82271329,22.70443343,3,3,2,1,2,08:44,64,E10000006,3,66,3,70,0,-1,-1,0,0,0,1,2,2,0,0,2,1,E01019309,22-08-2018,1,1,1,1,27,6,3,0,0,0,0,-1,9,1
27972,75.82827921,22.76101699,3,3,2,1,1,10:40,65,E10000006,3,591,6,40,0,-1,-1,0,0,0,1,8,1,0,0,2,2,E01019376,21-08-2018,1,1,3,1,19,4,3,5,9,0,0,-1,0,-1
27973,75.8710509,22.76323014,3,3,2,1,6,12:45,64,E10000006,1,6,3,70,0,-1,-1,0,0,0,1,1,2,0,0,2,1,E01019325,26-08-2018,1,1,1,1,41,7,2,0,0,0,0,-1,9,1
27974,75.89680059,22.71667124,3,3,2,1,1,15:45,65,E10000006,6,0,6,60,9,4,-1,-1,0,0,1,4,1,0,0,2,1,E01019381,28-08-2018,1,1,1,2,28,6,3,0,0,0,0,-1,9,-1
27975,75.85415149,22.76857167,3,3,2,1,2,18:10,60,E10000006,6,0,6,30,0,-1,-1,0,0,0,1,1,1,0,0,2,1,E01019135,08-08-2018,1,1,3,1,12,3,3,5,3,0,0,-1,0,1
27976,75.90603536,22.69869751,3,3,2,3,2,17:45,60,E10000006,3,66,6,60,6,3,6,0,0,0,1,1,1,0,0,2,1,E01019085,08-08-2018,1,1,3,1,54,8,3,5,9,0,0,-1,0,1
27977,75.89063808,22.70629096,3,3,1,1,3,19:15,63,E10000006,6,0,6,30,0,-1,-1,0,0,0,1,1,1,0,0,2,1,E01019298,09-08-2018,1,1,2,2,19,4,3,0,0,1,0,-1,9,-1
27978,75.85526756,22.75080937,3,3,2,1,3,15:55,64,E10000006,3,592,6,30,0,-1,-1,0,0,0,1,2,2,0,0,1,2,E01019336,23-08-2018,1,1,1,1,21,5,3,0,0,0,0,-1,3,1
27979,75.87741558,22.7196921,3,3,3,3,4,17:25,61,E10000006,6,0,6,30,6,4,6,0,0,8,1,1,1,0,0,1,1,E01019174,24-08-2018,1,1,1,2,-1,-1,3,0,0,0,0,-1,9,-1
27980,75.89026243,22.703435,3,3,1,1,5,10:15,62,E10000006,3,595,6,30,7,2,6,0,0,5,1,1,1,0,0,1,1,E01019204,25-08-2018,1,1,3,1,39,7,3,6,9,0,0,-1,0,-1
27981,75.90304525,22.68992566,3,3,3,1,6,22:40,63,E10000006,6,0,6,30,0,-1,-1,0,0,0,5,1,1,0,0,1,1,E01019260,12-08-2018,2,1,2,1,67,10,3,0,0,1,0,-1,9,1
27982,75.86034478,22.72447348,3,2,1,1,5,02:50,60,E10000006,6,0,6,60,0,-1,-1,0,0,0,6,1,1,0,0,2,1,E01019091,11-08-2018,1,1,3,1,14,3,3,5,1,0,0,-1,0,1
27983,75.82607558,22.73709929,3,2,1,1,1,22:11,65,E10000006,3,65,6,40,3,4,6,0,0,0,7,9,2,0,0,2,1,E01019352,28-08-2018,1,1,1,2,23,5,3,0,0,0,0,-1,9,1
27984,75.85450871,22.7476566,3,2,1,2,4,20:05,60,E10000006,3,596,6,60,6,4,6,0,0,0,1,1,1,0,0,2,1,E01019128,17-08-2018,1,1,1,1,28,6,3,0,0,0,0,-1,9,-1
27985,75.85493659,22.75123366,3,3,3,1,5,09:30,60,E10000006,3,594,1,30,1,4,6,0,0,0,1,1,1,0,0,2,2,E01019114,18-08-2018,1,1,2,2,79,11,2,0,0,2,0,-1,9,1
27986,75.86486125,22.75883898,3,3,1,1,1,14:30,65,E10000006,3,591,6,30,0,-1,-1,0,0,0,1,1,1,0,0,2,1,E01019395,28-08-2018,1,1,1,1,35,6,3,0,0,0,0,-1,9,1
27987,75.82818043,22.69004271,3,3,2,1,5,09:37,65,E10000006,3,5087,6,60,8,-1,6,0,0,0,1,1,1,0,0,2,1,E01019388,25-08-2018,1,1,1,1,25,5,3,0,0,0,0,-1,3,1
27988,75.87030286,22.76442602,3,3,2,1,6,11:30,65,E10000006,3,590,6,40,6,4,6,0,0,0,1,1,1,0,0,2,2,E01019378,15-07-2018,2,1,2,2,25,5,3,0,0,1,0,-1,9,1
27989,75.82450831,22.75206206,3,3,2,3,5,19:40,60,E10000006,5,2065,6,30,9,4,6,0,0,0,1,2,2,0,0,2,1,E01019084,18-08-2018,1,1,3,1,31,6,3,6,9,0,0,-1,0,1
27990,75.89325936,22.7387591,3,3,2,1,7,12:45,60,E10000006,3,591,6,60,9,4,-1,-1,0,0,1,9,1,0,0,2,2,E01019083,20-08-2018,1,1,2,1,-1,-1,3,0,0,1,0,-1,9,1
27991,75.83189724,22.73020064,3,3,2,2,2,17:15,60,E10000006,4,5296,6,30,6,4,6,0,0,0,1,1,1,0,0,1,1,E01019118,22-08-2018,2,2,2,2,60,9,3,0,0,1,0,-1,9,1
27992,75.91213417,22.70242191,3,3,1,1,2,11:55,60,E10000006,6,0,2,30,9,4,6,0,0,0,1,1,1,0,0,1,1,E01019121,22-08-2018,1,2,1,2,33,6,3,0,0,0,0,-1,9,1
27993,75.85935475,22.72781368,3,2,1,1,4,08:55,64,E10000006,4,5305,6,60,0,-1,-1,0,0,0,1,1,1,0,0,2,1,E01019338,31-08-2018,2,1,1,1,64,9,3,0,0,0,0,-1,9,-1
27994,75.84794147,22.74649031,3,3,2,1,5,13:30,62,E10000006,3,6,6,60,8,4,6,0,0,0,1,1,1,0,0,2,1,E01019213,25-08-2018,1,1,1,1,30,6,3,0,0,0,0,-1,9,-1
27995,75.82090949,22.76597867,3,3,1,1,6,23:35,62,E10000006,6,0,6,60,0,-1,-1,0,0,0,6,1,2,0,0,2,1,E01019212,26-08-2018,2,2,1,1,20,4,3,0,0,0,0,-1,9,1
27996,75.83214695,22.6907291,3,3,1,1,3,13:55,61,E10000006,6,0,6,20,3,4,6,0,0,0,1,1,1,0,0,2,1,E01019149,23-08-2018,1,1,1,1,89,11,3,0,0,0,0,-1,9,1
27997,75.89291566,22.7063637,3,3,2,1,3,14:00,63,E10000006,3,595,6,40,3,4,6,0,0,0,1,5,2,0,0,1,2,E01019281,23-08-2018,2,1,2,1,8,2,3,0,0,1,0,-1,9,2
27998,75.90348251,22.69283599,3,2,2,1,3,15:25,62,E10000006,3,689,6,30,3,4,6,0,0,0,1,1,1,0,0,2,1,E01019200,30-08-2018,1,1,2,1,-1,-1,3,0,0,2,0,-1,9,-1
27999,75.83917501,22.76979184,3,3,2,1,4,12:15,60,E10000006,6,0,6,30,0,-1,-1,0,0,0,1,1,2,4,0,2,1,E01019105,24-08-2018,3,1,1,1,16,4,2,0,0,0,0,-1,2,-1
28000,75.88267982,22.76541314,3,3,2,2,6,11:41,62,E10000006,4,6263,6,60,0,-1,-1,0,0,0,1,1,1,0,0,2,1,E01019213,26-08-2018,1,1,1,2,75,10,3,0,0,0,0,-1,9,1
28001,75.8926978,22.70531185,3,3,2,1,5,20:54,61,E10000006,6,0,6,30,6,2,6,0,0,5,4,2,2,0,0,1,1,E01019187,25-08-2018,2,1,1,1,10,2,2,0,0,0,0,-1,1,1
28002,75.86658537,22.70591042,3,3,2,1,6,12:18,61,E10000006,6,0,9,20,0,-1,-1,0,0,0,1,2,2,0,0,1,1,E01019141,26-08-2018,2,1,1,1,35,6,3,0,0,0,0,-1,1,1
28003,75.86033087,22.74197715,3,3,1,3,7,00:40,61,E10000006,6,0,6,60,0,-1,-1,0,0,0,6,1,1,0,0,2,1,E01019187,27-08-2018,1,1,1,1,41,7,3,0,0,0,0,-1,5,2
28004,75.85037664,22.71207989,3,3,1,2,5,05:15,60,E10000006,3,596,6,60,0,-1,-1,0,0,0,1,8,2,0,0,2,1,E01019094,25-08-2018,1,1,1,2,21,5,3,0,0,0,0,-1,9,1
28005,75.90665078,22.73870654,3,2,2,1,6,10:43,63,E10000006,3,595,6,60,3,4,6,0,0,0,1,1,1,0,0,2,1,E01019279,26-08-2018,1,1,1,2,40,7,3,0,0,0,0,-1,9,-1
28006,75.91437232,22.70449885,3,3,1,1,1,15:16,60,E10000006,4,5307,6,30,0,-1,-1,0,0,0,1,1,1,0,0,2,1,E01019107,28-08-2018,1,1,1,1,-1,-1,3,0,0,0,0,-1,9,1
28007,75.89571896,22.71128081,3,3,4,1,2,12:41,60,E10000006,4,5302,6,30,9,4,-1,-1,0,0,1,1,1,0,0,2,1,E01019127,29-08-2018,1,1,3,1,35,6,3,10,9,0,0,-1,0,1
28008,75.88893523,22.71906806,3,3,2,1,4,14:53,62,E10000006,3,7,3,30,9,4,6,0,0,4,1,1,1,0,0,1,1,E01019243,31-08-2018,1,1,1,1,19,4,3,0,0,0,0,-1,3,1
28009,75.89022056,22.68842103,3,3,4,3,2,17:22,62,E10000006,3,74,3,70,5,4,6,0,0,0,1,1,1,0,0,2,1,E01019226,29-08-2018,1,1,1,1,41,7,3,0,0,0,0,-1,5,1
28010,75.83810739,22.69436726,3,3,1,1,3,21:10,62,E10000006,3,7,6,60,0,-1,-1,0,0,0,6,1,1,0,0,2,1,E01019228,30-08-2018,1,1,1,1,63,9,3,0,0,0,0,-1,8,1
28011,75.86245766,22.70388832,3,3,1,1,3,23:18,64,E10000006,1,6,3,70,0,-1,-1,0,0,0,6,1,1,0,0,2,1,E01019308,30-08-2018,1,1,1,2,37,7,3,0,0,0,0,-1,9,2
28012,75.89673123,22.72740055,3,3,2,1,2,16:47,64,E10000006,4,5322,6,40,0,-1,-1,0,0,0,1,1,1,0,0,2,1,E01019313,29-08-2018,2,1,1,1,-1,-1,3,0,0,0,0,-1,5,1
28013,75.85870695,22.7440907,3,3,2,1,4,09:29,65,E10000006,3,6,2,30,0,-1,-1,0,0,4,1,1,1,0,0,1,1,E01019363,31-08-2018,1,1,2,2,-1,-1,3,0,0,1,0,-1,9,1
28014,75.87484289,22.71962067,3,3,1,1,2,16:11,65,E10000006,1,6,3,70,0,-1,-1,0,0,0,1,1,1,0,0,2,1,E01019394,29-08-2018,1,1,1,1,61,9,3,0,0,0,0,-1,9,1
28015,75.81368453,22.75475609,3,3,2,2,6,17:35,65,E10000006,6,0,6,30,6,3,6,0,0,0,1,1,1,0,0,1,1,E01019360,02-09-2018,1,1,1,1,-1,-1,3,0,0,0,0,-1,9,-1
28016,75.90340861,22.73817496,3,3,3,1,6,19:32,65,E10000006,6,0,6,30,0,-1,-1,0,0,0,1,1,1,1,0,1,1,E01019366,02-09-2018,1,1,1,2,64,9,3,0,0,0,0,-1,9,1
28017,75.84492302,22.76676966,3,2,2,4,3,08:52,64,E10000006,6,0,6,60,0,-1,-1,0,0,0,1,1,1,0,0,2,1,E01019320,30-08-2018,1,1,1,1,34,6,3,0,0,0,0,-1,5,1
28018,75.86968363,22.69444303,3,3,2,1,5,13:40,62,E10000006,3,6,6,30,0,-1,-1,0,2,4,1,8,2,0,0,1,2,E01019222,14-07-2018,1,1,2,2,21,5,3,0,0,1,0,-1,9,-1
28019,75.8253525,22.73451453,3,2,7,2,5,20:48,64,E10000006,1,6,3,70,0,-1,-1,0,0,0,6,5,2,0,0,2,1,E01019335,25-08-2018,1,1,1,1,48,8,3,0,0,0,0,-1,9,3
28020,75.89841848,22.70365315,3,3,2,1,1,13:35,65,E10000006,3,590,1,70,1,4,3,591,0,0,1,2,2,0,0,2,1,E01019377,28-08-2018,1,1,1,2,25,5,3,0,0,0,0,-1,9,1
28021,75.88413938,22.75660389,3,3,2,1,3,15:31,61,E10000006,6,0,6,30,3,4,6,0,0,0,1,2,2,0,0,1,1,E01019176,23-08-2018,1,2,2,2,22,5,3,0,0,1,0,-1,9,-1
28022,75.83396595,22.74389624,3,3,1,1,6,11:38,65,E10000006,3,685,6,60,0,-1,-1,0,0,0,1,1,1,0,7,2,1,E01019394,02-09-2018,1,1,1,2,25,5,3,0,0,0,0,-1,9,1
28023,75.86855186,22.7251476,3,3,2,2,1,17:45,64,E10000006,3,66,6,60,0,-1,-1,0,0,0,1,1,1,0,0,2,1,E01019340,14-08-2018,1,2,2,2,4,1,3,0,0,1,0,-1,9,1
28024,75.89794178,22.6922661,3,3,2,2,4,19:09,64,E10000006,6,0,6,60,0,-1,-1,0,0,0,6,2,2,6,0,2,1,E01019310,31-08-2018,2,3,1,1,44,7,3,0,0,0,0,-1,9,1
28025,75.87312142,22.72632122,3,3,2,2,6,15:35,62,E10000006,3,595,6,60,3,4,6,0,0,0,1,1,1,0,0,2,1,E01019214,02-09-2018,1,1,1,1,27,6,3,0,0,0,0,-1,9,1
28026,75.84864666,22.7314981,3,3,2,1,5,11:48,65,E10000006,6,0,6,30,9,4,-1,-1,0,0,1,1,1,4,0,2,2,E01019379,01-09-2018,1,1,3,1,15,3,3,1,1,0,0,-1,0,1
28027,75.83883329,22.70943817,3,3,2,1,1,10:30,65,E10000006,3,591,2,30,8,4,6,0,0,0,1,8,2,0,0,2,1,E01019375,28-08-2018,1,1,1,2,33,6,3,0,0,0,0,-1,9,1
28028,75.83575745,22.7153612,3,3,1,2,1,11:58,61,E10000006,6,0,6,40,0,-1,-1,0,0,0,1,1,1,0,0,2,1,E01019149,28-08-2018,1,1,3,2,12,3,2,5,1,0,0,-1,0,-1
28029,75.90237823,22.7584413,3,3,2,1,1,14:21,63,E10000006,6,0,6,60,8,4,6,0,0,0,1,1,1,0,0,2,1,E01019297,17-07-2018,1,1,3,2,42,7,3,1,9,0,0,-1,0,-1
28030,75.8808567,22.70180261,3,3,3,1,2,15:10,65,E10000006,3,591,6,60,0,-1,-1,0,0,0,1,1,1,0,0,2,1,E01019376,29-08-2018,1,1,1,1,31,6,3,0,0,0,0,-1,2,1
28031,75.90877659,22.68767862,3,3,2,1,5,17:00,63,E10000006,6,0,6,30,0,-1,-1,0,0,0,1,2,2,0,0,2,2,E01019275,18-08-2018,1,1,2,2,33,6,3,0,0,1,0,-1,9,-1
28032,75.8192766,22.74148742,3,2,1,1,2,18:24,61,E10000006,6,0,6,30,0,-1,-1,0,0,0,1,1,1,0,0,1,1,E01019181,29-08-2018,1,1,2,2,88,11,3,0,0,0,3,-1,11,-1
28033,75.87409582,22.74289443,3,3,1,1,3,16:30,65,E10000006,3,592,6,30,0,-1,-1,0,0,0,1,1,1,0,2,2,2,E01019397,30-08-2018,1,1,2,2,23,5,3,0,0,0,0,-1,4,-1
28034,75.86956161,22.73119257,3,3,2,1,4,11:15,61,E10000006,6,0,6,30,0,-1,-1,0,0,0,1,1,1,0,0,1,2,E01019141,31-08-2018,3,1,2,2,79,11,3,0,0,1,0,-1,9,2
28035,75.86958344,22.71578814,3,3,2,1,5,12:43,61,E10000006,6,0,6,30,3,4,6,0,0,0,1,1,1,0,0,1,1,E01019138,01-09-2018,2,1,2,2,57,9,3,0,0,1,0,-1,9,1
28036,75.89027045,22.74547272,3,3,2,1,6,11:15,65,E10000006,3,590,3,30,6,2,6,0,0,5,1,1,1,0,0,1,2,E01019392,02-09-2018,1,1,1,1,-1,-1,3,0,0,0,0,-1,19,-1
28037,75.87956044,22.70557699,3,3,2,2,5,17:27,61,E10000006,3,590,6,40,9,4,-1,-1,0,0,1,1,1,0,0,1,1,E01019165,01-09-2018,2,1,1,1,17,4,2,0,0,0,0,-1,1,1
28038,75.85012119,22.71752882,3,3,1,1,6,17:44,61,E10000006,6,0,6,30,0,-1,-1,0,0,0,1,1,1,0,0,1,1,E01019165,02-09-2018,1,1,2,2,20,4,3,0,0,2,0,-1,9,1
28039,75.86355152,22.74625833,3,3,2,1,5,17:55,61,E10000006,3,590,1,30,1,4,3,590,0,0,1,1,1,0,0,1,1,E01019139,04-08-2018,1,1,3,2,36,7,3,5,1,0,0,-1,0,-1
28040,75.88073208,22.71917643,3,3,2,1,6,12:45,65,E10000006,6,0,3,30,3,2,6,0,0,4,1,1,2,0,0,1,1,E01019370,09-09-2018,1,1,1,1,36,7,3,0,0,0,0,-1,9,1
28041,75.85402822,22.70339144,3,3,2,1,1,10:38,62,E10000006,6,1259,6,60,3,4,6,0,0,0,1,1,1,0,0,2,1,E01019201,04-09-2018,1,1,1,1,26,6,3,0,0,0,0,-1,9,2
28042,75.82891382,22.7617181,3,3,2,1,3,10:20,60,E10000006,3,596,1,40,1,4,3,597,0,0,1,1,1,0,0,2,2,E01019122,30-08-2018,1,2,2,1,30,6,3,0,0,1,0,-1,9,-1
28043,75.8137561,22.74551306,3,3,2,5,4,15:33,63,E10000006,6,0,6,60,0,-1,-1,0,0,0,1,2,2,0,0,2,1,E01019276,31-08-2018,1,1,1,2,66,10,3,0,0,0,0,-1,1,1
28044,75.83700197,22.7156008,3,3,2,1,6,14:00,62,E10000006,6,0,6,30,0,-1,-1,0,0,0,1,1,1,0,0,1,2,E01019190,02-09-2018,2,1,1,2,44,7,3,0,0,0,0,-1,9,1
28045,75.81290512,22.71799348,3,3,2,1,7,07:40,61,E10000006,3,595,6,60,8,4,-1,-1,0,0,1,1,1,0,0,2,1,E01019146,20-08-2018,1,1,1,1,19,4,3,0,0,0,0,-1,9,1
28046,75.9096842,22.69920799,3,3,3,1,5,17:30,61,E10000006,6,0,6,30,6,4,6,0,0,0,1,1,1,0,0,1,2,E01019172,25-08-2018,1,1,2,1,-1,-1,3,0,0,1,0,-1,9,-1
28047,75.87643812,22.7449351,3,3,2,1,6,20:15,62,E10000006,3,595,6,30,0,-1,-1,0,0,5,4,8,2,0,0,1,1,E01019215,26-08-2018,1,1,3,1,41,7,3,9,5,0,0,-1,0,1
28048,75.86079121,22.75291032,3,3,1,1,3,19:09,62,E10000006,3,7,3,60,1,4,3,7,0,0,1,2,2,0,0,1,1,E01019204,23-08-2018,2,1,2,2,22,5,3,0,0,2,0,-1,9,1
28049,75.84120406,22.73291271,3,3,2,1,6,08:25,62,E10000006,3,6,6,60,8,4,6,0,0,0,1,2,2,0,0,2,1,E01019213,09-09-2018,2,1,1,1,41,7,3,0,0,0,0,-1,9,1
28050,75.90418164,22.77035723,3,3,2,1,6,08:55,62,E10000006,3,69,6,30,3,4,6,0,0,0,1,1,1,0,0,1,1,E01019196,26-08-2018,1,1,1,1,49,8,3,0,0,0,0,-1,5,1
28051,75.90895025,22.68908241,3,3,1,1,7,22:15,62,E10000006,3,6,6,30,0,-1,-1,0,0,0,4,1,1,0,0,1,2,E01019222,27-08-2018,1,1,1,2,34,6,3,0,0,0,0,-1,9,3
28052,75.82488326,22.70578221,3,3,2,1,3,11:15,62,E10000006,5,1036,6,60,0,-1,-1,0,0,0,1,1,1,0,0,2,2,E01019213,30-08-2018,1,2,2,1,-1,-1,3,0,0,1,0,-1,9,-1