Accident_Index,longitude,latitude,Police_Force,Accident_Severity,Number_of_Vehicles,Number_of_Casualties,Day_of_Week,Time,Local_Authority_(District),Local_Authority_(Highway),1st_Road_Class,1st_Road_Number,Road_Type,Speed_limit,Junction_Detail,Junction_Control,2nd_Road_Class,2nd_Road_Number,Pedestrian_Crossing-Human_Control,Pedestrian_Crossing-Physical_Facilities,Light_Conditions,Weather_Conditions,Road_Surface_Conditions,Special_Conditions_at_Site,Carriageway_Hazards,Urban_or_Rural_Area,Did_Police_Officer_Attend_Scene_of_Accident,LSOA_of_Accident_Location,Date,Vehicle_Reference,Casualty_Reference,Casualty_Class,Sex_of_Casualty,Age_of_Casualty,Age_Band_of_Casualty,Casualty_Severity,Pedestrian_Location,Pedestrian_Movement,Car_Passenger,Bus_or_Coach_Passenger,Pedestrian_Road_Maintenance_Worker,Casualty_Type,Casualty_Home_Area_Type
28294,75.83401709,22.713359,3,3,2,1,5,08:44,65,E10000006,3,5092,6,60,3,4,6,0,0,0,1,1,2,0,0,2,1,E01019351,20-10-2018,1,1,1,2,40,7,3,0,0,0,0,-1,10,1
28295,75.85615873,22.69525803,3,3,2,1,1,15:32,63,E10000006,6,0,6,30,8,-1,-1,-1,0,0,1,1,1,0,0,2,1,E01019256,16-10-2018,2,1,1,1,31,6,3,0,0,0,0,-1,9,1
28296,75.90004254,22.73429579,3,2,2,2,2,08:50,65,E10000006,3,591,6,60,0,-1,-1,0,0,0,1,7,2,0,0,2,1,E01019387,24-10-2018,1,1,1,2,27,6,3,0,0,0,0,-1,9,1
28297,75.89899611,22.73255501,3,3,2,1,5,08:57,61,E10000006,6,0,6,30,3,4,6,0,0,0,1,1,2,0,0,1,1,E01019155,20-10-2018,1,1,1,2,82,11,3,0,0,0,0,-1,9,1
28298,75.90110715,22.73775558,3,3,2,3,2,16:09,60,E10000006,3,66,6,60,3,4,4,5291,0,0,1,1,1,0,0,2,1,E01019090,17-10-2018,1,1,1,1,41,7,3,0,0,0,0,-1,4,1
28299,75.81557823,22.72709626,3,1,1,4,4,19:57,64,E10000006,4,5288,6,60,0,-1,-1,0,0,0,6,1,2,0,0,2,1,E01019311,19-10-2018,2,1,1,2,47,8,3,0,0,0,0,-1,9,1
28300,75.89142335,22.76687657,3,2,2,5,7,13:00,65,E10000006,3,685,6,60,0,-1,-1,0,0,0,1,1,2,0,0,2,1,E01019394,22-10-2018,2,1,1,1,40,7,3,0,0,0,0,-1,9,-1
28301,75.818936,22.70944734,3,3,2,1,7,14:55,61,E10000006,3,590,6,30,3,4,6,0,0,0,1,2,2,0,0,1,1,E01019159,22-10-2018,3,2,1,1,-1,-1,3,0,0,0,0,-1,9,1
28302,75.89779079,22.7523888,3,3,2,1,4,15:15,61,E10000006,6,0,6,30,0,-1,-1,0,0,0,1,1,1,0,0,1,2,E01019165,19-10-2018,3,1,2,2,57,9,3,0,0,1,0,-1,9,-1
28303,75.90220761,22.70217136,3,3,3,1,7,10:55,65,E10000006,3,590,1,30,1,4,6,0,0,4,1,1,1,0,0,1,1,E01019392,22-10-2018,1,1,1,1,17,4,3,0,0,0,0,-1,9,1
28304,75.82563214,22.73312688,3,3,2,1,2,13:11,62,E10000006,1,6,1,60,1,4,3,6,0,0,1,1,1,0,0,2,1,E01019213,17-10-2018,1,2,2,1,17,4,3,0,0,2,0,-1,9,1
28305,75.87684912,22.71284214,3,3,3,3,5,02:34,62,E10000006,3,74,3,60,0,-1,-1,0,0,0,6,2,2,0,0,2,1,E01019228,20-10-2018,1,3,2,1,17,4,3,0,0,1,0,-1,9,-1
28306,75.91468634,22.76535579,3,3,3,1,1,12:15,60,E10000006,3,595,6,60,9,4,6,0,0,0,1,1,1,0,0,2,1,E01019101,16-10-2018,1,4,2,1,17,4,3,0,0,2,0,-1,9,1
28307,75.89977089,22.69991851,3,3,1,1,7,03:00,62,E10000006,5,2051,6,60,3,4,5,1021,0,0,6,2,2,0,0,2,1,E01019203,22-10-2018,2,5,1,1,52,8,3,0,0,0,0,-1,9,1
28308,75.9137266,22.71767717,3,3,2,1,6,17:36,63,E10000006,6,0,6,60,0,-1,-1,0,0,0,1,8,1,0,0,2,1,E01019279,14-10-2018,2,6,2,1,24,5,3,0,0,1,0,-1,9,1
28309,75.85166443,22.71627169,3,3,1,1,7,11:35,63,E10000006,6,0,6,30,3,4,6,0,0,0,1,1,1,0,0,2,1,E01019290,08-10-2018,2,7,2,2,24,5,3,0,0,2,0,-1,9,1
28310,75.89749597,22.68856814,3,1,2,2,4,10:12,60,E10000006,5,2040,6,60,0,-1,-1,0,0,0,1,2,2,5,2,2,1,E01019132,26-10-2018,2,8,2,2,23,5,3,0,0,2,0,-1,9,1
28311,75.89152033,22.72057306,3,3,2,2,3,17:30,60,E10000006,3,595,6,60,2,4,4,5299,0,0,1,2,2,0,0,2,1,E01019083,11-10-2018,1,1,3,2,11,3,3,10,9,0,0,-1,0,-1
28312,75.82300573,22.7433076,3,3,2,1,6,19:00,62,E10000006,6,0,6,30,0,-1,-1,0,0,0,1,1,1,0,0,1,2,E01019188,19-08-2018,2,1,1,1,18,4,3,0,0,0,0,-1,1,1
28313,75.84606269,22.76170171,3,3,1,1,2,16:08,64,E10000006,3,66,1,70,1,4,3,66,0,0,1,2,2,0,0,2,1,E01019311,24-10-2018,2,1,1,2,19,4,3,0,0,0,0,-1,9,1
28314,75.9069465,22.73528539,3,3,1,2,3,11:00,62,E10000006,5,1014,6,60,0,-1,-1,0,0,0,1,2,2,7,0,2,1,E01019212,25-10-2018,1,1,1,2,30,6,3,0,0,0,0,-1,9,1
28315,75.87597103,22.73934001,3,1,1,1,4,08:37,65,E10000006,3,592,6,30,3,4,4,5285,0,0,1,1,2,0,0,2,1,E01019397,26-10-2018,1,1,3,1,52,8,3,5,1,0,0,-1,0,1
28316,75.8446104,22.69304719,3,2,2,1,1,12:10,65,E10000006,6,0,6,60,0,-1,-1,0,0,0,1,1,1,0,0,2,2,E01019347,23-10-2018,1,1,2,1,17,4,3,0,0,2,0,-1,9,-1
28317,75.85741591,22.69344845,3,3,2,2,7,08:20,61,E10000006,3,590,1,60,1,4,6,0,0,0,1,8,2,0,0,2,1,E01019154,22-10-2018,1,2,2,1,17,4,3,0,0,2,0,-1,9,-1
28318,75.88229096,22.7191178,3,3,2,1,4,14:14,65,E10000006,1,6,3,50,0,-1,-1,0,0,0,1,2,2,4,0,2,1,E01019394,26-10-2018,1,3,2,1,-1,-1,3,0,0,1,0,-1,9,-1
28319,75.81988714,22.74058653,3,3,1,1,6,11:40,65,E10000006,3,6,6,30,3,2,6,0,0,4,1,1,1,0,0,1,1,E01019370,28-10-2018,2,1,1,2,42,7,3,0,0,0,0,-1,9,1
28320,75.81920865,22.69313464,3,3,1,1,6,17:20,60,E10000006,6,0,6,30,0,-1,-1,0,0,1,1,4,2,0,0,1,1,E01019108,28-10-2018,1,1,2,1,-1,-1,3,0,0,2,0,-1,9,-1
28321,75.8799396,22.72606764,3,3,2,1,1,21:55,65,E10000006,6,0,6,30,0,-1,-1,0,0,0,4,1,2,0,0,1,1,E01019370,23-10-2018,1,2,1,1,22,5,2,0,0,0,0,-1,9,1
28322,75.82999504,22.73450223,3,2,2,2,1,20:50,65,E10000006,3,683,6,60,8,-1,-1,-1,0,0,6,1,2,0,0,2,1,E01019384,30-10-2018,1,3,2,1,17,4,3,0,0,1,0,-1,9,1
28323,75.83486743,22.74156087,3,2,2,2,5,19:30,65,E10000006,3,685,6,30,0,-1,-1,0,0,0,4,1,1,0,0,1,1,E01019365,27-10-2018,1,4,2,1,18,4,3,0,0,2,0,-1,9,1
28324,75.8728172,22.7298048,3,3,2,1,3,01:55,63,E10000006,3,5086,6,30,3,4,6,0,0,0,4,2,1,0,0,2,1,E01019256,25-10-2018,1,1,1,2,34,6,3,0,0,0,0,-1,9,1
28325,75.8266963,22.70327859,3,3,1,2,6,14:22,63,E10000006,6,0,6,30,3,4,6,0,0,8,1,1,1,0,0,1,1,E01019280,07-10-2018,1,1,1,1,49,8,3,0,0,0,0,-1,4,1
28326,75.90740339,22.72383511,3,3,1,1,5,21:00,63,E10000006,4,5094,6,30,3,4,6,0,0,0,4,1,1,0,0,1,1,E01019280,20-10-2018,1,1,1,1,53,8,3,0,0,0,0,-1,5,1
28327,75.81547737,22.72889628,3,3,2,2,5,09:15,60,E10000006,3,66,6,60,0,-1,-1,0,0,0,1,1,2,0,0,2,1,E01019083,20-10-2018,1,1,1,1,30,6,3,0,0,0,0,-1,9,1
28328,75.85542771,22.76970411,3,2,1,1,7,12:24,60,E10000006,3,595,6,60,0,-1,-1,0,0,0,1,2,2,0,2,2,1,E01019131,22-10-2018,1,2,2,1,31,6,3,0,0,1,0,-1,9,1
28329,75.88287436,22.75465859,3,3,2,1,6,10:05,63,E10000006,4,5345,6,30,3,4,5,4033,0,0,1,2,2,0,0,1,1,E01019292,21-10-2018,1,1,2,2,19,4,3,0,0,1,0,-1,9,1
28330,75.85379272,22.74890474,3,3,2,2,5,14:11,63,E10000006,4,5345,6,30,3,4,6,0,0,0,1,1,1,0,0,2,1,E01019296,13-10-2018,1,1,1,2,24,5,3,0,0,0,0,-1,9,1
28331,75.83338935,22.76917444,3,3,2,1,3,21:29,60,E10000006,3,596,6,30,3,4,6,0,0,0,4,8,2,0,2,2,1,E01019099,25-10-2018,1,1,3,2,4,1,3,5,1,0,0,-1,0,-1
28332,75.8537321,22.72574491,3,3,1,1,4,11:12,60,E10000006,3,66,6,30,9,-1,6,0,0,4,1,1,2,0,0,1,1,E01019116,26-10-2018,1,1,3,1,33,6,3,1,1,0,0,-1,0,1
28333,75.86248024,22.72673627,3,2,1,1,7,10:00,65,E10000006,3,590,6,60,0,-1,-1,0,0,0,1,1,2,0,2,2,1,E01019351,29-10-2018,1,1,2,2,46,8,3,0,0,2,0,-1,9,-1
28334,75.90336879,22.74383042,3,3,2,1,2,11:50,65,E10000006,3,65,6,60,8,4,-1,-1,0,0,1,1,1,0,0,2,1,E01019352,31-10-2018,1,1,1,1,29,6,3,0,0,0,0,-1,3,1
28335,75.91021625,22.70601407,3,3,1,1,6,10:52,64,E10000006,4,5320,6,60,0,-1,-1,0,0,0,1,2,2,0,0,2,1,E01019312,28-10-2018,2,1,2,2,35,6,3,0,0,1,0,-1,9,1
28336,75.85749203,22.75174315,3,3,1,3,1,19:59,64,E10000006,4,5288,6,60,3,4,5,3010,0,0,6,4,2,0,0,2,1,E01019335,30-10-2018,1,1,1,1,60,9,3,0,0,0,0,-1,9,1
28337,75.88867766,22.75979576,3,3,2,5,5,19:00,60,E10000006,3,595,6,60,3,4,6,0,0,0,6,4,1,0,0,2,1,E01019101,27-10-2018,1,1,1,1,64,9,3,0,0,0,0,-1,9,1
28338,75.82316514,22.70659949,3,3,2,1,3,16:40,63,E10000006,3,595,6,40,3,4,6,0,0,0,1,1,2,0,0,1,1,E01019262,25-10-2018,1,1,3,1,-1,-1,3,9,5,0,0,-1,0,-1
28339,75.8186602,22.76069782,3,2,1,1,5,22:30,63,E10000006,3,595,6,60,0,-1,-1,0,0,0,6,1,1,0,0,2,2,E01019304,13-10-2018,2,1,1,1,47,8,3,0,0,0,0,-1,9,1
28340,75.87857922,22.76445271,3,3,1,1,1,13:20,64,E10000006,4,6277,6,60,0,-1,-1,0,0,0,1,1,1,0,7,2,1,E01019305,02-10-2018,1,1,1,2,39,7,3,0,0,0,0,-1,9,-1
28341,75.83622401,22.70662608,3,3,2,1,4,18:30,63,E10000006,3,595,1,50,1,4,6,0,0,0,4,1,1,0,0,2,2,E01019274,19-10-2018,1,1,1,1,50,8,3,0,0,0,0,-1,9,1
28342,75.89412279,22.73054782,3,3,2,1,5,10:50,62,E10000006,6,0,6,30,0,-1,-1,0,0,0,1,1,1,0,0,1,1,E01019216,27-10-2018,2,1,1,1,25,5,3,0,0,0,0,-1,9,1
28343,75.81693255,22.75015155,3,3,2,2,1,15:06,64,E10000006,3,66,3,70,3,4,5,3019,0,0,1,4,2,0,0,2,1,E01019311,30-10-2018,2,1,1,1,84,11,3,0,0,0,0,-1,9,-1
28344,75.91089545,22.71535758,3,3,1,3,6,23:00,60,E10000006,3,594,6,50,6,4,6,0,0,0,5,1,2,0,0,2,1,E01019086,21-10-2018,1,1,3,1,25,5,3,6,9,0,0,-1,0,1
28345,75.89365127,22.75959588,3,3,3,2,1,10:44,64,E10000006,3,686,6,30,0,-1,-1,0,0,0,1,2,2,7,0,2,1,E01019321,30-10-2018,1,1,1,2,19,4,3,0,0,0,0,-1,9,1
28346,75.86234118,22.75319769,3,3,2,1,1,14:00,62,E10000006,6,0,6,30,7,2,6,0,0,8,1,1,2,0,0,1,1,E01019211,30-10-2018,1,1,1,1,42,7,3,0,0,0,0,-1,9,1
28347,75.82744242,22.73683293,3,2,3,3,6,14:16,60,E10000006,3,596,6,40,9,4,-1,-1,0,0,1,2,2,0,0,2,1,E01019099,21-10-2018,1,1,1,2,40,7,3,0,0,0,0,-1,9,1
28348,75.83640007,22.69694804,3,3,2,1,4,17:45,61,E10000006,6,0,9,20,0,-1,-1,0,0,0,4,4,2,0,0,1,2,E01019159,26-10-2018,1,1,3,1,8,2,3,5,1,0,0,-1,0,1
28349,75.8777635,22.70885166,3,3,1,1,7,11:15,65,E10000006,3,590,3,30,6,2,6,0,0,5,1,1,2,0,0,1,1,E01019392,29-10-2018,2,1,1,1,47,8,2,0,0,0,0,-1,9,1
28350,75.90211061,22.71505985,3,3,1,1,7,17:10,62,E10000006,6,0,6,30,0,-1,-1,0,0,0,1,2,2,0,0,1,1,E01019211,29-10-2018,1,1,1,1,34,6,3,0,0,0,0,-1,9,1
28351,75.87654989,22.72402864,3,3,3,1,1,17:29,62,E10000006,3,595,6,60,0,-1,-1,0,0,0,6,1,1,0,0,2,1,E01019214,30-10-2018,1,2,2,2,-1,-1,3,0,0,1,0,-1,9,1
28352,75.89748736,22.69123981,3,2,1,1,2,01:30,62,E10000006,5,1014,6,60,0,-1,-1,0,0,0,6,1,1,0,0,2,1,E01019214,31-10-2018,3,1,2,1,36,7,3,0,0,0,0,-1,19,1
28353,75.85315517,22.74231616,3,3,2,2,2,11:20,62,E10000006,6,0,6,20,0,-1,-1,0,0,0,1,1,1,0,0,1,1,E01019197,31-10-2018,1,1,1,1,29,6,3,0,0,0,0,-1,10,1
28354,75.82228099,22.74779716,3,3,2,1,5,17:50,61,E10000006,6,0,6,30,3,4,6,0,0,0,1,9,1,0,0,1,2,E01019166,27-10-2018,2,2,1,2,67,10,3,0,0,0,0,-1,9,2
28355,75.83270429,22.70824625,3,3,2,5,1,13:56,61,E10000006,6,0,6,40,0,-1,-1,0,0,0,1,1,1,0,0,2,1,E01019148,30-10-2018,1,1,1,1,33,6,3,0,0,0,0,-1,9,1
28356,75.84797096,22.74326942,3,3,1,1,1,18:45,65,E10000006,6,0,2,30,0,-1,-1,0,0,0,4,1,2,0,0,1,1,E01019363,30-10-2018,1,2,2,1,-1,-1,3,0,0,1,0,-1,9,-1
28357,75.84152434,22.74436973,3,2,1,1,2,15:00,61,E10000006,6,0,9,20,0,-1,-1,0,0,0,1,1,2,0,2,2,1,E01019164,24-10-2018,1,1,1,1,-1,-1,3,0,0,0,0,-1,9,1
28358,75.87243311,22.76456778,3,3,2,1,1,09:09,61,E10000006,6,0,6,30,3,4,6,0,0,0,1,1,1,0,0,1,1,E01019156,30-10-2018,2,1,1,1,18,4,3,0,0,0,0,-1,3,1
28359,75.91465156,22.76686639,3,3,2,1,4,10:57,65,E10000006,1,6,3,70,0,-1,-1,0,0,0,1,2,2,0,0,2,1,E01019394,02-11-2018,1,1,2,1,56,9,3,0,0,1,0,-1,9,1
28360,75.89586152,22.74689776,3,3,1,1,5,16:00,65,E10000006,3,684,6,60,0,-1,-1,0,0,0,1,2,2,0,0,2,1,E01019394,03-11-2018,1,1,1,1,52,8,3,0,0,0,0,-1,9,-1
28361,75.87560293,22.76230385,3,2,1,1,7,08:30,61,E10000006,6,0,3,20,0,-1,-1,0,0,0,1,1,1,0,2,2,2,E01019149,01-10-2018,1,1,2,2,26,6,3,0,0,1,0,-1,9,1
28362,75.82151672,22.76116537,3,3,2,1,7,15:00,64,E10000006,6,0,6,30,9,4,6,0,0,0,5,2,2,0,0,1,1,E01019327,05-11-2018,1,1,2,2,72,10,3,0,0,0,4,-1,11,1
28363,75.86037716,22.7045112,3,3,1,1,5,18:06,62,E10000006,3,595,6,30,3,4,6,0,0,0,1,1,1,0,0,1,1,E01019207,21-07-2018,1,2,2,2,74,10,3,0,0,0,4,-1,11,-1
28364,75.84975215,22.74824658,3,3,3,2,1,13:38,62,E10000006,3,595,6,30,0,-1,-1,0,0,0,1,1,2,0,0,1,1,E01019232,30-10-2018,1,1,1,1,28,6,3,0,0,0,0,-1,9,1
28365,75.88289341,22.75418293,3,3,2,2,4,14:08,60,E10000006,3,597,6,30,0,-1,-1,0,0,0,1,1,2,4,0,1,1,E01019111,26-10-2018,1,1,2,2,13,3,3,0,0,1,0,-1,9,1
28366,75.88209222,22.72457899,3,3,1,1,4,23:35,62,E10000006,4,6264,6,30,0,-1,-1,0,0,0,4,1,2,0,0,2,1,E01019243,02-11-2018,2,2,1,1,35,6,3,0,0,0,0,-1,9,1
28367,75.87513373,22.75264142,3,3,1,1,4,16:27,62,E10000006,3,7,2,30,3,2,3,7,0,4,4,2,2,0,0,1,1,E01019206,02-11-2018,2,3,2,2,22,5,3,0,0,2,0,-1,9,1
28368,75.83995455,22.74382582,3,3,1,1,4,23:30,62,E10000006,5,1038,6,60,0,-1,-1,0,0,0,6,2,2,0,0,2,1,E01019249,02-11-2018,2,4,2,1,34,6,3,0,0,1,0,-1,9,1
28369,75.8213372,22.74254037,3,1,3,4,1,20:37,64,E10000006,3,66,6,60,0,-1,-1,0,0,0,6,2,2,0,0,2,1,E01019313,06-11-2018,2,1,1,2,35,6,3,0,0,0,0,-1,9,1
28370,75.84440442,22.7186672,3,3,3,2,5,20:30,63,E10000006,4,5295,6,30,0,-1,-1,0,0,0,4,2,2,0,0,1,2,E01019286,29-09-2018,1,1,2,2,25,5,3,0,0,1,0,-1,9,1
28371,75.90623319,22.71609949,3,3,1,1,1,06:19,60,E10000006,6,0,6,60,0,-1,-1,0,0,0,6,8,2,0,0,2,1,E01019098,30-10-2018,2,1,1,2,24,5,3,0,0,0,0,-1,9,1
28372,75.88839223,22.69695739,3,3,2,2,6,14:34,61,E10000006,3,590,6,30,3,4,6,0,0,0,1,2,2,0,0,1,1,E01019156,28-10-2018,1,1,1,1,43,7,3,0,0,0,0,-1,9,1
28373,75.81937788,22.76413321,3,3,2,2,5,09:25,65,E10000006,6,0,6,60,0,-1,-1,0,0,0,1,1,2,6,0,2,1,E01019394,03-11-2018,1,1,1,1,12,3,3,0,0,0,0,-1,1,1
28374,75.82103507,22.7296605,3,3,2,2,5,16:40,62,E10000006,3,6,6,60,9,4,6,0,0,0,1,2,2,0,0,2,1,E01019213,03-11-2018,1,1,3,2,35,6,3,9,5,0,0,-1,0,1
28375,75.81835126,22.74613792,3,3,2,1,6,10:25,62,E10000006,3,689,6,60,3,4,5,1012,0,0,1,1,2,0,0,2,1,E01019238,04-11-2018,1,1,1,2,36,7,3,0,0,0,0,-1,9,1
28376,75.85667828,22.70149516,3,2,2,1,6,20:05,62,E10000006,6,0,6,30,3,4,6,0,0,0,4,1,1,0,0,1,1,E01019233,04-11-2018,1,1,1,2,35,6,3,0,0,0,0,-1,9,1
28377,75.84436484,22.76143947,3,3,2,23,4,09:00,63,E10000006,6,0,6,30,3,4,6,0,0,0,1,1,2,0,0,1,1,E01019286,02-11-2018,1,1,3,2,9,2,3,1,1,0,0,-1,0,1
28378,75.88843058,22.7014597,3,2,2,2,4,06:15,60,E10000006,3,595,6,60,0,-1,-1,0,0,0,6,1,2,0,0,2,1,E01019131,02-11-2018,2,1,1,2,34,6,3,0,0,0,0,-1,9,1
28379,75.85449721,22.70040567,3,3,2,1,5,11:44,63,E10000006,6,0,6,60,0,-1,-1,0,0,0,1,2,2,0,0,2,1,E01019304,03-11-2018,1,1,1,1,26,6,3,0,0,0,0,-1,9,1
28380,75.89263976,22.70198735,3,2,1,1,3,18:03,65,E10000006,4,5277,6,60,0,-1,-1,0,0,0,6,2,2,0,0,2,1,E01019349,01-11-2018,1,1,1,1,57,9,3,0,0,0,0,-1,9,1
28381,75.83154797,22.76692969,3,3,2,1,3,11:05,65,E10000006,3,590,6,30,3,4,6,0,0,5,1,1,1,0,0,1,1,E01019389,01-11-2018,1,1,2,2,-1,-1,3,0,0,1,0,-1,9,-1
28382,75.8487146,22.72545228,3,3,2,1,4,10:45,65,E10000006,6,0,6,30,3,4,6,0,0,0,1,2,2,0,0,1,1,E01019388,02-11-2018,1,1,1,1,64,9,3,0,0,0,0,-1,9,1
28383,75.84340928,22.76725149,3,3,2,3,5,08:30,60,E10000006,3,597,9,30,1,4,6,0,0,0,1,9,1,0,0,1,1,E01019113,03-11-2018,1,1,1,1,29,6,3,0,0,0,0,-1,9,1
28384,75.81950807,22.72661442,3,2,2,1,5,05:15,62,E10000006,3,74,3,70,0,-1,-1,0,0,0,6,1,2,0,0,2,1,E01019226,03-11-2018,1,1,1,2,21,5,3,0,0,0,0,-1,9,1
28385,75.84775886,22.69115979,3,3,2,1,4,14:20,60,E10000006,3,596,6,60,0,-1,-1,0,0,0,1,2,2,0,0,2,1,E01019130,02-11-2018,1,2,2,2,-1,-1,3,0,0,1,0,-1,9,-1
28386,75.8828642,22.75258436,3,3,1,1,1,11:12,62,E10000006,5,1040,6,30,0,-1,-1,0,0,0,1,1,2,0,0,1,1,E01019223,06-11-2018,1,3,2,1,-1,-1,3,0,0,2,0,-1,9,-1
28387,75.85644313,22.71469141,3,3,2,1,1,16:15,62,E10000006,3,595,1,30,1,4,3,595,0,0,1,1,1,0,0,1,2,E01019204,06-11-2018,1,1,1,2,38,7,3,0,0,0,0,-1,9,1
28388,75.87931388,22.70356184,3,3,2,1,5,16:45,60,E10000006,3,66,6,60,3,4,4,5289,0,0,4,2,2,0,0,2,1,E01019092,03-11-2018,1,1,3,1,26,6,3,5,1,0,0,-1,0,1
28389,75.91332884,22.74226408,3,3,2,1,7,17:26,65,E10000006,4,5282,6,40,0,-1,-1,0,0,0,6,4,2,0,0,2,1,E01019343,05-11-2018,1,1,3,1,34,6,3,5,3,0,0,-1,0,1
28390,75.84987478,22.72716835,3,3,1,1,7,15:37,61,E10000006,3,590,1,60,1,4,6,0,0,0,1,2,2,0,0,2,1,E01019154,05-11-2018,1,1,2,2,47,8,3,0,0,0,0,-1,19,1
28391,75.83837049,22.7262562,3,3,4,4,1,18:45,65,E10000006,3,590,3,60,0,-1,-1,0,0,0,4,1,1,0,0,2,1,E01019381,06-11-2018,2,2,1,1,42,7,3,0,0,0,0,-1,9,1
28392,75.91269032,22.75294493,3,3,1,2,3,15:33,60,E10000006,4,5305,6,30,0,-1,-1,0,0,0,1,1,2,6,0,2,1,E01019131,25-10-2018,1,1,1,2,27,6,3,0,0,0,0,-1,9,1
28393,75.89143983,22.7087945,3,3,1,2,3,20:30,65,E10000006,3,65,6,60,0,-1,-1,0,0,0,6,1,2,0,0,2,1,E01019383,08-11-2018,1,1,1,1,33,6,3,0,0,0,0,-1,9,1
28394,75.85658104,22.7622575,3,3,2,1,1,15:30,60,E10000006,3,66,6,60,3,4,3,5289,0,0,1,5,2,0,0,2,2,E01019092,06-11-2018,1,1,1,2,47,8,3,0,0,0,0,-1,9,1
28395,75.90350482,22.73096953,3,3,1,1,4,16:29,60,E10000006,6,0,6,30,3,4,6,0,0,0,1,1,1,0,0,1,1,E01019111,09-11-2018,1,1,3,1,11,3,3,5,1,0,0,-1,0,1
28396,75.90971154,22.69504546,3,2,1,1,7,20:30,61,E10000006,6,0,6,30,0,-1,-1,0,0,0,4,2,2,0,0,1,2,E01019165,05-11-2018,1,1,1,1,21,5,3,0,0,0,0,-1,9,1
28397,75.84570538,22.72198292,3,3,2,1,1,10:29,65,E10000006,6,0,6,60,0,-1,-1,0,0,0,1,8,2,0,0,2,1,E01019380,06-11-2018,1,1,1,2,25,5,3,0,0,0,0,-1,9,1
28398,75.88537221,22.75999511,3,2,1,1,2,18:16,63,E10000006,3,595,6,60,0,-1,-1,0,0,0,6,2,2,0,7,2,1,E01019279,07-11-2018,1,1,3,1,83,11,3,5,1,0,0,-1,0,1
28399,75.83653179,22.70188218,3,3,3,1,6,07:00,63,E10000006,3,595,6,60,3,4,6,0,0,0,4,2,2,0,0,2,1,E01019258,04-11-2018,1,1,1,1,54,8,3,0,0,0,0,-1,9,1
28400,75.87020876,22.74296193,3,3,2,1,2,18:30,60,E10000006,6,0,6,30,0,-1,-1,0,0,0,1,1,1,0,0,1,1,E01019110,06-06-2018,2,1,1,1,19,4,3,0,0,0,0,-1,1,1
28401,75.91483012,22.75724894,3,2,2,2,3,07:16,63,E10000006,6,0,6,60,0,-1,-1,0,0,0,1,2,2,0,0,2,1,E01019258,08-11-2018,1,1,1,1,51,8,3,0,0,0,0,-1,4,-1
28402,75.82144523,22.72053546,3,3,1,1,7,07:00,60,E10000006,3,597,6,30,9,-1,6,0,0,0,1,1,1,4,0,1,1,E01019111,05-11-2018,1,1,3,1,47,8,3,9,9,0,0,-1,0,1
28403,75.82217686,22.72376727,3,3,1,1,2,19:50,65,E10000006,3,591,6,60,0,-1,-1,0,0,0,6,5,2,0,0,2,1,E01019376,07-11-2018,1,1,1,1,44,7,3,0,0,0,0,-1,3,-1
28404,75.81350016,22.7065667,3,2,2,5,3,18:10,64,E10000006,3,685,6,60,0,-1,-1,0,0,0,6,1,2,0,0,2,1,E01019309,08-11-2018,1,1,3,2,8,2,3,9,5,0,0,-1,0,1
28405,75.85390247,22.71766449,3,3,2,2,4,14:24,65,E10000006,3,684,6,60,6,4,6,0,0,0,1,1,1,0,0,2,1,E01019394,09-11-2018,1,1,1,1,52,8,3,0,0,0,0,-1,9,1
28406,75.86776244,22.70189708,3,2,1,1,4,19:44,61,E10000006,6,0,6,30,3,4,6,0,0,0,4,1,1,0,0,1,1,E01019158,09-11-2018,2,1,1,1,47,8,3,0,0,0,0,-1,9,1
28407,75.86346665,22.75774692,3,3,1,1,6,22:00,65,E10000006,3,590,3,70,0,-1,-1,0,0,0,6,1,1,0,0,2,1,E01019386,21-10-2018,2,1,1,1,23,5,3,0,0,0,0,-1,3,1
28408,75.81815304,22.69210906,3,3,1,1,5,15:05,65,E10000006,6,0,6,30,3,4,6,0,0,0,1,1,2,0,0,1,1,E01019359,10-11-2018,1,1,2,1,18,4,3,0,0,2,0,-1,9,1
28409,75.90205245,22.71952014,3,3,2,1,4,14:23,61,E10000006,3,590,6,30,3,4,6,0,0,0,1,1,1,0,0,1,1,E01019159,09-11-2018,1,1,2,1,41,7,3,0,0,0,3,-1,11,1
28410,75.8697729,22.69513962,3,3,2,1,6,18:04,61,E10000006,6,0,6,40,3,4,6,0,0,0,1,2,2,0,0,1,1,E01019163,06-05-2018,2,3,1,2,44,7,3,0,0,0,0,-1,9,1
28411,75.82070377,22.75952848,3,3,4,1,4,02:19,62,E10000006,6,0,2,30,0,-1,-1,0,0,0,4,1,2,0,0,1,1,E01019206,14-09-2018,2,5,2,1,15,3,3,0,0,2,0,-1,9,-1
28412,75.81277532,22.73776409,3,3,2,1,2,22:20,62,E10000006,6,0,6,30,7,4,6,0,0,0,4,5,2,0,0,1,1,E01019211,07-11-2018,2,6,2,2,11,3,3,0,0,2,0,-1,9,-1
28413,75.91243034,22.69911198,3,3,2,1,3,17:55,64,E10000006,3,685,6,60,3,4,5,3075,0,0,6,2,2,0,0,2,2,E01019309,08-11-2018,3,2,1,1,38,7,3,0,0,0,0,-1,19,3
28414,75.8555026,22.73823985,3,3,2,1,3,16:45,62,E10000006,3,595,3,30,7,2,4,5299,0,5,4,5,2,0,0,1,1,E01019204,08-11-2018,4,1,2,2,28,6,3,0,0,2,0,-1,9,1