Accident_Index,longitude,latitude,Police_Force,Accident_Severity,Number_of_Vehicles,Number_of_Casualties,Day_of_Week,Time,Local_Authority_(District),Local_Authority_(Highway),1st_Road_Class,1st_Road_Number,Road_Type,Speed_limit,Junction_Detail,Junction_Control,2nd_Road_Class,2nd_Road_Number,Pedestrian_Crossing-Human_Control,Pedestrian_Crossing-Physical_Facilities,Light_Conditions,Weather_Conditions,Road_Surface_Conditions,Special_Conditions_at_Site,Carriageway_Hazards,Urban_or_Rural_Area,Did_Police_Officer_Attend_Scene_of_Accident,LSOA_of_Accident_Location,Date,Vehicle_Reference,Casualty_Reference,Casualty_Class,Sex_of_Casualty,Age_of_Casualty,Age_Band_of_Casualty,Casualty_Severity,Pedestrian_Location,Pedestrian_Movement,Car_Passenger,Bus_or_Coach_Passenger,Pedestrian_Road_Maintenance_Worker,Casualty_Type,Casualty_Home_Area_Type
28536,75.84295188,22.71032592,3,3,2,2,2,11:10,60,E10000006,6,0,6,30,0,-1,-1,0,0,0,5,1,1,0,0,2,2,E01019093,28-11-2018,1,1,1,1,-1,-1,3,0,0,0,0,-1,9,1
28537,75.83785098,22.69555041,3,3,2,1,5,15:05,64,E10000006,3,66,6,60,0,-1,-1,0,0,0,1,1,1,0,0,2,1,E01019313,17-11-2018,2,1,1,1,46,8,3,0,0,0,0,-1,5,1
28538,75.90065407,22.73086928,3,3,2,1,6,18:05,64,E10000006,3,6,6,40,0,-1,-1,0,0,0,4,8,2,0,0,2,1,E01019315,02-12-2018,1,1,1,1,-1,-1,2,0,0,0,0,-1,5,-1
28539,75.8181569,22.72307566,3,3,1,1,7,15:38,64,E10000006,3,592,6,60,0,-1,-1,0,0,0,6,2,2,0,0,2,1,E01019311,03-12-2018,2,1,1,2,37,7,3,0,0,0,0,-1,9,1
28540,75.9122177,22.73624713,3,3,2,1,2,11:38,62,E10000006,3,7,3,30,3,4,6,0,0,0,1,1,2,0,0,1,1,E01019243,05-12-2018,2,1,1,2,49,8,3,0,0,0,0,-1,1,1
28541,75.90849275,22.72981736,3,3,1,2,7,06:25,65,E10000006,6,0,6,60,0,-1,-1,0,0,0,6,2,2,0,0,2,2,E01019394,03-12-2018,2,1,1,1,29,6,2,0,0,0,0,-1,5,1
28542,75.81989465,22.73905124,3,3,2,2,2,15:00,61,E10000006,6,0,6,30,3,3,6,0,0,0,1,1,2,0,0,1,2,E01019152,28-11-2018,2,1,2,2,44,7,3,0,0,1,0,-1,9,1
28543,75.87453833,22.69391402,3,3,2,1,6,17:10,62,E10000006,3,7,6,30,3,4,6,0,0,0,4,8,2,0,0,1,2,E01019244,11-11-2018,2,2,2,1,6,2,3,0,0,2,0,-1,9,1
28544,75.86676353,22.76062029,3,3,2,1,2,15:51,62,E10000006,3,69,6,30,9,2,6,0,0,5,1,1,2,0,0,1,1,E01019237,05-12-2018,3,3,1,2,21,5,3,0,0,0,0,-1,9,3
28545,75.89934312,22.76204272,3,3,2,1,3,23:34,62,E10000006,6,0,6,30,6,4,6,0,0,8,4,1,2,0,0,1,1,E01019204,06-12-2018,1,1,1,1,20,4,3,0,0,0,0,-1,9,1
28546,75.86307213,22.74818167,3,3,2,1,4,19:15,61,E10000006,6,0,6,30,0,-1,-1,0,0,0,4,2,2,0,0,1,2,E01019139,07-12-2018,1,2,2,1,16,4,3,0,0,1,0,-1,9,1
28547,75.91014045,22.6995521,3,3,3,1,7,15:05,65,E10000006,6,0,6,60,0,-1,-1,0,0,0,1,2,2,6,0,2,1,E01019394,03-12-2018,1,1,1,1,32,6,3,0,0,0,0,-1,9,1
28548,75.87270697,22.70207928,3,3,1,1,5,15:49,62,E10000006,3,69,2,30,0,-1,-1,0,0,0,1,1,1,0,0,1,1,E01019237,08-12-2018,2,2,1,1,47,8,3,0,0,0,0,-1,9,2
28549,75.86430408,22.72889597,3,2,2,1,2,06:54,63,E10000006,4,5295,6,60,3,4,6,0,0,0,6,1,4,0,0,2,1,E01019256,28-11-2018,1,1,1,1,40,7,3,0,0,0,0,-1,3,1
28550,75.89392554,22.68873173,3,3,2,1,1,18:30,64,E10000006,3,6,6,40,0,-1,-1,0,0,0,4,1,2,0,0,2,1,E01019308,11-12-2018,1,1,3,2,4,1,3,5,1,0,0,-1,0,1
28551,75.89919318,22.73497784,3,3,2,2,7,01:10,62,E10000006,6,0,6,30,3,4,6,0,0,0,4,1,2,0,0,1,1,E01019248,22-10-2018,1,2,3,1,-1,-1,3,5,1,0,0,-1,0,1
28552,75.8836176,22.76595711,3,3,2,1,1,13:35,62,E10000006,3,6,6,30,0,-1,-1,0,0,4,1,1,1,0,0,1,1,E01019206,04-12-2018,1,1,3,1,29,6,3,6,9,0,0,-1,0,1
28553,75.88913898,22.75350922,3,2,2,2,4,11:25,64,E10000006,5,3047,6,60,0,-1,-1,0,0,0,1,1,2,0,0,2,1,E01019323,07-12-2018,1,1,3,2,23,5,3,5,1,0,0,-1,0,-1
28554,75.87215194,22.75931775,3,3,1,1,6,20:20,64,E10000006,5,3072,6,60,0,-1,-1,0,0,0,6,2,2,0,0,2,1,E01019325,09-12-2018,1,1,1,1,40,7,3,0,0,0,0,-1,5,3
28555,75.82549896,22.7503305,3,3,1,1,7,15:50,62,E10000006,3,7,6,30,0,-1,-1,0,0,0,4,2,2,0,0,1,1,E01019242,10-12-2018,1,1,1,1,44,7,3,0,0,0,0,-1,1,1
28556,75.84219839,22.74727477,3,3,3,2,4,17:35,65,E10000006,3,590,6,60,3,4,6,0,0,0,6,1,1,0,0,2,1,E01019386,07-12-2018,1,1,2,2,22,5,3,0,0,1,0,-1,9,1
28557,75.86458191,22.76711442,3,3,2,2,7,09:10,60,E10000006,3,596,6,40,3,4,6,0,0,0,1,1,1,0,0,2,1,E01019099,10-09-2018,2,2,1,1,22,5,3,0,0,0,0,-1,5,1
28558,75.90130605,22.73147668,3,3,3,1,5,10:46,62,E10000006,4,5299,6,60,3,4,6,0,0,0,1,1,2,0,0,2,1,E01019214,08-12-2018,1,1,2,2,24,5,3,0,0,1,0,-1,9,1
28559,75.87605192,22.75433559,3,2,1,1,5,10:33,61,E10000006,6,0,2,30,6,4,6,0,0,0,1,1,2,0,0,1,1,E01019157,08-12-2018,1,1,1,2,24,5,3,0,0,0,0,-1,9,1
28560,75.85055732,22.71020977,3,2,3,2,3,15:31,64,E10000006,3,686,6,50,0,-1,-1,0,0,0,1,1,2,0,0,2,1,E01019321,06-12-2018,1,1,1,1,44,7,3,0,0,0,0,-1,9,1
28561,75.84828323,22.72063799,3,2,2,2,2,14:45,64,E10000006,3,66,6,60,6,4,4,5288,0,0,1,1,1,0,0,2,1,E01019339,12-12-2018,1,1,3,1,84,11,2,9,9,0,0,-1,0,-1
28562,75.84708294,22.69491698,3,3,2,1,5,11:26,61,E10000006,3,590,6,40,0,-1,-1,0,0,0,1,1,1,0,0,1,1,E01019159,08-12-2018,1,1,1,1,49,8,3,0,0,0,0,-1,19,1
28563,75.91154223,22.729685,3,2,2,1,2,07:20,64,E10000006,3,6,6,60,0,-1,-1,0,0,0,6,1,4,0,0,2,1,E01019329,12-12-2018,2,1,1,1,44,7,3,0,0,0,0,-1,3,1
28564,75.82221748,22.75455734,3,3,1,1,2,12:05,61,E10000006,6,0,6,30,1,4,6,0,0,8,1,1,1,5,2,1,2,E01019141,28-11-2018,2,1,2,1,4,1,3,0,0,1,0,-1,9,1
28565,75.88232601,22.7250764,3,1,3,4,7,17:38,62,E10000006,3,69,6,60,0,-1,-1,0,0,0,6,1,2,0,0,2,1,E01019225,10-12-2018,2,1,1,1,37,7,3,0,0,0,0,-1,9,-1
28566,75.87599954,22.76685298,3,3,2,1,6,09:00,61,E10000006,6,0,6,30,6,3,6,0,0,0,1,1,2,0,0,1,1,E01019141,09-12-2018,1,1,1,2,-1,-1,3,0,0,0,0,-1,9,1
28567,75.8361744,22.70480097,3,3,1,1,7,17:30,62,E10000006,3,7,2,30,0,-1,-1,0,0,8,4,1,2,0,0,1,2,E01019211,26-11-2018,2,1,1,1,40,7,3,0,0,0,0,-1,1,1
28568,75.87316717,22.72978049,3,2,2,3,2,18:18,64,E10000006,3,66,6,60,6,4,3,5091,0,0,6,1,1,0,0,2,1,E01019339,12-12-2018,1,1,1,2,25,5,3,0,0,0,0,-1,9,1
28569,75.88424618,22.72725636,3,3,1,1,3,13:25,62,E10000006,3,7,6,30,9,2,6,0,0,4,1,1,1,0,0,1,1,E01019206,13-12-2018,1,1,1,1,33,6,2,0,0,0,0,-1,3,1
28570,75.82859519,22.70389373,3,1,2,1,3,20:05,64,E10000006,3,66,6,60,3,4,6,0,0,0,1,1,2,0,0,2,1,E01019313,13-12-2018,1,1,3,1,7,2,3,5,2,0,0,-1,0,1
28571,75.8182187,22.73271623,3,3,1,1,7,16:55,65,E10000006,3,5087,6,60,3,4,6,0,0,0,6,1,1,0,7,2,1,E01019391,03-12-2018,1,1,3,2,46,8,3,5,9,0,0,-1,0,-1
28572,75.82996002,22.73776296,3,3,2,2,7,00:10,61,E10000006,6,0,6,30,3,2,6,0,0,5,4,2,2,0,0,1,1,E01019156,10-12-2018,2,1,1,1,43,7,3,0,0,0,0,-1,9,3
28573,75.89720278,22.76019513,3,3,1,1,2,21:35,65,E10000006,3,684,6,60,0,-1,-1,0,0,0,6,1,4,0,0,2,1,E01019366,12-12-2018,1,1,1,1,20,4,3,0,0,0,0,-1,9,1
28574,75.82011891,22.72763897,3,3,1,1,2,20:14,65,E10000006,6,0,6,60,0,-1,-1,0,0,0,6,1,4,0,0,2,1,E01019351,12-12-2018,2,1,1,1,39,7,3,0,0,0,0,-1,4,1
28575,75.82339479,22.75408473,3,2,1,1,4,11:50,65,E10000006,6,0,6,30,9,4,-1,-1,0,0,1,1,1,0,0,1,1,E01019360,14-12-2018,1,1,1,2,21,5,3,0,0,0,0,-1,9,1
28576,75.84494933,22.69038795,3,2,1,1,3,17:32,62,E10000006,3,69,3,70,0,-1,-1,0,0,0,4,1,1,0,0,2,1,E01019251,13-12-2018,1,1,1,1,26,6,3,0,0,0,0,-1,9,1
28577,75.84200914,22.71728685,3,3,2,1,4,12:43,62,E10000006,3,595,1,30,1,4,4,5307,0,0,1,1,1,0,0,1,1,E01019204,14-12-2018,1,1,1,1,49,8,2,0,0,0,0,-1,4,1
28578,75.91093791,22.73068098,3,2,2,1,4,16:25,64,E10000006,3,685,6,60,8,4,6,0,0,0,6,1,2,0,0,2,1,E01019309,14-12-2018,1,1,1,1,19,4,3,0,0,0,0,-1,9,1
28579,75.83274019,22.75730948,3,3,2,1,2,08:51,63,E10000006,6,0,6,20,3,4,6,0,0,0,1,1,1,0,0,2,1,E01019299,21-11-2018,1,2,2,1,17,4,3,0,0,1,0,-1,9,1
28580,75.81661788,22.7502174,3,2,1,3,1,02:50,62,E10000006,5,1040,6,60,6,4,6,3045,0,0,6,1,4,0,0,2,1,E01019250,18-12-2018,1,1,1,1,31,6,3,0,0,0,0,-1,3,1
28581,75.88995375,22.74232129,3,3,1,1,7,08:24,64,E10000006,3,685,6,60,0,-1,-1,0,0,0,1,1,2,0,0,2,1,E01019317,17-12-2018,1,1,1,2,50,8,3,0,0,0,0,-1,9,1
28582,75.91231237,22.71599335,3,3,1,1,6,15:50,65,E10000006,3,685,6,30,0,-1,-1,0,0,0,7,2,2,0,0,1,1,E01019365,09-12-2018,1,1,3,2,7,2,3,5,9,0,0,-1,0,-1
28583,75.85767004,22.70093826,3,3,2,1,6,07:50,65,E10000006,3,593,6,60,3,4,4,5286,0,0,6,1,4,0,0,2,2,E01019376,09-12-2018,1,1,1,1,27,6,3,0,0,0,0,-1,9,1
28584,75.86693382,22.6881792,3,3,2,1,5,18:07,65,E10000006,6,0,6,30,8,4,-1,-1,0,0,4,1,1,0,0,1,1,E01019360,15-12-2018,1,2,2,2,26,6,3,0,0,1,0,-1,9,-1
28585,75.84816073,22.73005644,3,3,2,2,2,18:38,62,E10000006,6,0,6,30,6,4,6,0,0,4,4,1,2,0,0,1,1,E01019237,12-12-2018,1,1,1,1,38,7,3,0,0,0,0,-1,5,1
28586,75.83625432,22.74374449,3,3,1,1,2,08:50,62,E10000006,5,1041,6,60,0,-1,-1,0,0,0,1,1,4,0,0,2,1,E01019213,19-12-2018,2,1,1,1,21,5,3,0,0,0,0,-1,3,1
28587,75.84675257,22.75974123,3,3,2,1,1,22:45,60,E10000006,3,597,6,30,3,4,6,0,0,0,4,1,1,0,0,1,2,E01019111,04-12-2018,2,1,1,2,-1,-1,3,0,0,0,0,-1,1,1
28588,75.85050623,22.7315348,3,3,2,1,7,20:18,63,E10000006,3,595,6,60,0,-1,-1,0,0,0,6,1,2,0,0,2,1,E01019259,03-12-2018,2,1,1,1,12,3,3,0,0,0,0,-1,1,1
28589,75.89117683,22.690723,3,3,2,1,6,07:10,65,E10000006,6,0,6,30,9,4,-1,-1,0,0,4,1,2,0,0,2,2,E01019395,16-12-2018,1,1,2,2,-1,-1,3,0,0,0,4,-1,11,1
28590,75.82912226,22.70105969,3,2,1,1,3,10:30,60,E10000006,4,5302,6,30,0,-1,-1,0,0,0,1,1,1,0,0,2,2,E01019137,06-12-2018,1,1,1,1,-1,-1,2,0,0,0,0,-1,9,1
28591,75.88342252,22.7592586,3,3,2,1,6,08:30,63,E10000006,3,595,6,40,7,2,6,0,0,0,1,1,2,0,0,2,1,E01019282,02-12-2018,1,2,2,1,25,5,3,0,0,1,0,-1,9,1
28592,75.87694511,22.73247809,3,3,2,2,5,15:32,63,E10000006,6,0,6,30,3,4,6,0,0,0,1,2,2,0,0,2,1,E01019274,01-12-2018,1,1,3,2,16,4,3,5,9,0,0,-1,0,1
28593,75.84546154,22.76012625,3,2,1,1,1,01:39,65,E10000006,3,590,6,40,0,-1,-1,0,0,0,6,1,1,0,0,2,1,E01019381,18-12-2018,1,1,1,2,40,7,3,0,0,0,0,-1,9,1
28594,75.82090853,22.72830654,3,3,1,1,3,15:55,64,E10000006,1,6,3,70,0,-1,-1,0,0,0,1,1,1,0,0,2,1,E01019316,20-12-2018,1,1,2,2,73,10,3,0,0,1,0,-1,9,-1
28595,75.8726933,22.70031943,3,3,2,1,3,09:35,62,E10000006,3,595,3,30,0,-1,-1,0,0,0,1,1,1,0,0,1,2,E01019204,13-12-2018,2,2,1,2,26,6,3,0,0,0,0,-1,9,1
28596,75.91029577,22.69626038,3,3,3,1,2,09:30,62,E10000006,3,69,6,60,0,-1,-1,0,0,0,1,1,2,0,0,2,1,E01019200,19-12-2018,1,1,1,2,67,10,3,0,0,0,0,-1,9,1
28597,75.83854682,22.70515768,3,3,2,2,5,09:50,60,E10000006,3,595,6,60,0,-1,-1,0,0,0,1,1,2,0,0,2,1,E01019130,01-12-2018,1,1,3,2,83,11,3,5,9,0,0,-1,0,1
28598,75.85961584,22.75705177,3,2,2,1,2,09:15,62,E10000006,3,6071,6,30,0,-1,-1,0,0,4,1,1,2,0,0,2,1,E01019202,05-12-2018,1,1,2,2,24,5,3,0,0,1,0,-1,9,-1
28599,75.8219879,22.76514717,3,3,2,4,1,19:30,60,E10000006,3,594,6,50,0,-1,-1,0,0,0,5,1,2,0,0,2,1,E01019086,04-12-2018,1,1,1,1,74,10,3,0,0,0,0,-1,9,1
28600,74.63169916,26.45397573,3,3,1,2,1,21:14,63,E10000006,3,5094,6,30,3,4,3,5094,0,8,4,1,2,0,0,1,1,E01019280,04-12-2018,3,1,1,2,46,8,3,0,0,0,0,-1,9,1
28601,74.65453201,26.45663921,3,3,2,1,2,13:00,61,E10000006,3,590,6,30,0,-1,-1,0,0,0,1,1,1,0,0,1,1,E01019159,19-12-2018,1,1,1,1,42,7,3,0,0,0,0,-1,9,1
28602,74.63605503,26.45804656,3,2,2,7,7,17:42,61,E10000006,3,595,6,60,3,4,6,0,0,0,6,1,1,0,0,2,1,E01019144,17-12-2018,1,1,3,1,-1,-1,3,1,1,0,0,-1,0,1
28603,74.64799197,26.46815835,3,3,1,1,7,11:33,61,E10000006,3,5087,6,30,0,-1,-1,0,0,5,1,1,1,0,0,1,1,E01019172,17-12-2018,1,1,2,2,22,5,3,0,0,1,0,-1,9,1
28604,74.65546031,26.45802259,3,2,2,1,7,11:30,65,E10000006,4,6254,6,60,0,-1,-1,0,0,0,1,1,1,0,0,2,2,E01019373,17-12-2018,1,2,1,1,33,6,3,0,0,0,0,-1,9,1
28605,74.64610462,26.45507366,3,3,2,1,6,09:25,62,E10000006,5,1019,3,30,3,4,6,0,0,0,1,7,4,0,0,1,1,E01019197,18-11-2018,1,1,1,1,23,5,3,0,0,0,0,-1,5,1
28606,74.64979302,26.459881,3,3,3,2,2,14:25,65,E10000006,3,5284,6,60,8,4,6,0,0,0,1,1,2,0,0,2,1,E01019371,19-12-2018,1,1,3,2,27,6,3,5,9,0,0,-1,0,-1
28607,74.65076464,26.46281504,3,3,2,1,5,09:00,61,E10000006,6,0,6,30,6,2,6,0,0,5,1,1,2,0,0,1,1,E01019168,20-10-2018,1,1,1,2,19,4,2,0,0,0,0,-1,9,-1
28608,74.63862935,26.46710426,3,3,2,2,5,17:10,61,E10000006,3,590,6,30,3,4,6,0,0,0,1,1,1,0,0,1,2,E01019159,10-11-2018,1,1,1,1,65,9,3,0,0,0,0,-1,5,-1
28609,74.65038582,26.46443533,3,3,2,5,1,17:09,65,E10000006,3,590,3,30,6,2,6,0,0,5,4,1,2,0,0,1,1,E01019392,18-12-2018,1,1,1,2,43,7,3,0,0,0,0,-1,9,1
28610,74.65537012,26.46541084,3,3,3,1,6,17:35,65,E10000006,3,591,3,70,0,-1,-1,0,0,0,6,1,1,0,0,2,1,E01019383,16-12-2018,1,1,1,1,34,6,3,0,0,0,0,-1,19,1
28611,74.63870375,26.46177043,3,3,2,2,4,16:34,61,E10000006,6,0,6,30,3,4,6,0,0,0,4,1,2,0,0,1,1,E01019141,21-12-2018,1,1,1,2,25,5,3,0,0,0,0,-1,9,1
28612,74.64681727,26.46637635,3,3,2,1,4,16:20,65,E10000006,3,590,3,40,3,4,6,0,0,0,4,1,2,0,0,1,1,E01019393,21-12-2018,2,1,1,2,9,2,3,0,0,0,0,-1,1,1
28613,74.64695183,26.47039061,3,3,1,1,5,15:45,62,E10000006,6,0,6,30,7,2,6,0,0,5,1,1,1,0,0,1,2,E01019216,01-12-2018,1,1,3,1,31,6,3,6,9,0,0,-1,0,-1
28614,74.63975718,26.46889431,3,2,1,1,6,16:18,64,E10000006,3,6,6,60,0,-1,-1,0,0,0,6,2,2,0,3,2,1,E01019315,25-11-2018,1,1,3,2,25,5,3,5,9,0,0,-1,0,1
28615,74.65541275,26.46882524,3,2,1,1,5,15:25,64,E10000006,5,3043,6,40,0,-1,-1,0,0,0,1,1,1,0,0,2,1,E01019312,15-12-2018,1,2,3,1,3,1,3,5,9,0,0,-1,0,1
28616,74.65579052,26.47242413,3,3,2,1,4,12:25,62,E10000006,3,7,6,60,6,3,5,1009,0,0,1,1,2,0,0,2,1,E01019226,21-12-2018,1,1,1,2,57,9,3,0,0,0,0,-1,9,1
28617,74.6486915,26.46344554,3,3,2,2,4,18:59,62,E10000006,4,5299,6,30,3,4,6,0,0,0,4,1,1,0,0,1,1,E01019218,21-12-2018,1,1,1,2,42,7,3,0,0,0,0,-1,9,-1
28618,74.63126367,26.47604652,3,3,1,1,5,13:15,62,E10000006,6,0,6,30,0,-1,-1,0,0,0,1,1,2,0,0,1,2,E01019222,22-12-2018,1,1,3,1,38,7,3,10,9,0,0,-1,0,1
28619,74.6519208,26.46799057,3,3,2,1,5,14:00,62,E10000006,3,69,1,60,1,4,3,69,0,0,1,1,2,0,0,2,1,E01019251,22-12-2018,1,1,1,1,29,6,3,0,0,0,0,-1,9,1
28620,74.63632707,26.47480838,3,2,2,1,6,17:35,62,E10000006,6,0,6,30,0,-1,-1,0,0,0,4,1,2,0,0,1,1,E01019211,23-12-2018,1,1,2,1,19,4,2,0,0,1,0,-1,9,-1
28621,74.65087513,26.45847863,3,3,2,1,6,18:30,62,E10000006,3,74,3,70,0,-1,-1,0,0,0,6,1,1,0,0,2,1,E01019226,23-12-2018,1,1,1,1,24,5,3,0,0,0,0,-1,5,1
28622,74.63840398,26.46532853,3,2,1,1,6,20:58,62,E10000006,3,6,6,30,3,4,6,0,0,0,4,1,1,0,0,1,1,E01019211,23-12-2018,2,1,1,1,28,6,3,0,0,0,0,-1,1,-1
28623,74.63496315,26.46165097,3,3,2,1,6,19:30,64,E10000006,6,0,6,30,3,4,6,0,0,0,4,1,1,0,0,1,1,E01019333,23-12-2018,1,1,1,1,34,6,3,0,0,0,0,-1,9,1
28624,74.65024833,26.45260104,3,1,1,1,4,12:05,60,E10000006,6,0,6,30,3,4,6,0,0,0,1,1,4,0,0,1,1,E01019124,28-12-2018,2,2,1,1,25,5,3,0,0,0,0,-1,9,-1
28625,74.63504781,26.47433643,3,3,2,1,7,14:10,62,E10000006,3,69,6,30,3,4,6,0,0,0,1,1,1,0,0,2,1,E01019196,24-12-2018,1,1,1,2,39,7,3,0,0,0,0,-1,9,1
28626,74.65396999,26.4549645,3,3,2,1,4,12:25,64,E10000006,3,66,3,70,0,-1,-1,0,0,0,1,1,3,0,0,2,1,E01019309,28-12-2018,1,1,1,2,35,6,3,0,0,0,0,-1,9,1
28627,74.63325238,26.46412677,3,3,2,1,1,09:30,64,E10000006,3,66,3,70,9,4,3,685,0,0,1,1,2,0,0,2,1,E01019309,25-12-2018,1,1,2,2,74,10,2,0,0,0,3,-1,11,1
28628,74.65199852,26.4671832,3,3,2,4,5,13:36,63,E10000006,6,0,6,30,0,-1,-1,0,0,0,1,1,2,0,0,2,1,E01019275,15-12-2018,1,1,1,1,28,6,2,0,0,0,0,-1,9,-1
28629,74.64408105,26.45654988,3,3,2,3,2,13:15,64,E10000006,5,3032,6,60,6,4,6,0,0,0,1,1,2,0,0,2,2,E01019313,26-12-2018,1,1,1,1,24,5,3,0,0,0,0,-1,9,1
28630,74.63506805,26.46007451,3,3,3,2,3,14:56,64,E10000006,3,66,3,70,0,-1,-1,0,0,0,1,3,4,0,3,2,1,E01019309,27-12-2018,2,1,1,1,14,3,3,0,0,0,0,-1,1,-1
28631,74.6534842,26.45422365,3,3,1,1,4,15:15,64,E10000006,4,6413,6,60,0,-1,-1,0,0,0,1,1,2,0,0,2,2,E01019320,28-12-2018,1,1,1,1,18,4,3,0,0,0,0,-1,9,-1
28632,74.64470812,26.46308617,3,2,2,1,5,10:20,63,E10000006,4,5345,6,30,2,4,6,0,0,0,1,1,2,0,0,1,1,E01019292,08-12-2018,2,1,1,1,31,6,3,0,0,0,0,-1,9,1
28633,74.63154183,26.46619905,3,3,2,1,6,13:15,62,E10000006,6,0,6,30,3,4,3,69,0,4,1,1,2,0,0,1,1,E01019206,30-12-2018,2,2,2,2,62,9,3,0,0,1,0,-1,9,1
28634,74.64670193,26.47165978,3,2,1,1,5,00:03,62,E10000006,4,5299,6,30,6,2,6,0,0,5,4,1,4,0,0,1,1,E01019215,29-12-2018,1,1,3,1,61,9,2,5,9,0,0,-1,0,-1
28635,74.6484889,26.45865887,3,3,1,1,7,11:30,62,E10000006,6,0,6,30,6,4,6,0,0,0,1,1,1,0,0,1,1,E01019193,31-12-2018,1,1,2,1,22,5,3,0,0,0,0,-1,19,1
28636,74.63973538,26.45402771,3,2,1,1,2,07:33,60,E10000006,4,5296,6,30,0,-1,-1,0,0,4,4,1,1,0,0,1,1,E01019118,12-12-2018,1,1,1,2,63,9,3,0,0,0,0,-1,9,3
28637,74.65327324,26.47659483,3,3,2,4,5,17:29,63,E10000006,6,0,6,30,3,4,6,0,0,0,4,1,2,0,0,1,1,E01019291,01-12-2018,2,2,1,1,33,6,3,0,0,0,0,-1,9,1
28638,74.65406299,26.47105198,3,2,1,1,2,15:10,63,E10000006,4,5344,6,60,0,-1,-1,0,0,0,1,1,1,0,0,2,1,E01019303,12-12-2018,1,1,1,1,40,7,3,0,0,0,0,-1,9,1
28639,74.65051085,26.4761676,3,2,1,1,1,22:35,63,E10000006,5,0,6,60,0,-1,-1,0,0,0,1,1,4,0,0,2,1,E01019256,25-12-2018,2,1,1,1,38,7,3,0,0,0,0,-1,1,1
28640,74.63113861,26.46217452,3,3,2,1,4,07:30,63,E10000006,5,0,6,40,3,4,6,0,0,0,6,1,2,0,0,2,2,E01019258,21-12-2018,2,1,1,1,-1,-1,3,0,0,0,0,-1,1,-1
28641,74.63782727,26.45740248,3,1,3,4,4,15:23,65,E10000006,3,590,6,60,6,4,6,0,0,0,1,1,1,0,0,2,1,E01019386,28-12-2018,1,1,1,1,41,7,3,0,0,0,0,-1,9,1
28642,74.65367181,26.4573903,3,3,1,1,3,19:11,63,E10000006,3,5086,6,60,0,-1,-1,0,0,0,6,1,2,0,0,2,1,E01019271,20-12-2018,1,2,2,1,7,2,3,0,0,1,0,-1,9,-1
28643,74.64206522,26.45985694,3,3,1,1,4,16:05,65,E10000006,3,591,6,60,0,-1,-1,0,0,0,1,1,1,0,0,2,1,E01019376,28-12-2018,1,1,3,1,29,6,3,5,1,0,0,-1,0,1
28644,74.63124042,26.45484084,3,3,2,2,4,12:30,65,E10000006,3,590,6,60,3,4,6,0,0,0,1,1,1,0,0,2,1,E01019351,28-12-2018,1,1,1,2,23,5,3,0,0,0,0,-1,9,1
28645,74.65078267,26.46487777,3,3,2,1,6,12:02,60,E10000006,3,5086,6,60,6,4,6,0,0,0,1,1,2,0,0,2,1,E01019090,02-12-2018,1,1,1,1,32,6,3,0,0,0,0,-1,4,1
28646,74.63515926,26.46709837,3,3,1,1,7,17:30,60,E10000006,6,0,6,30,3,4,6,0,0,8,4,2,2,0,0,1,1,E01019108,10-12-2018,1,1,1,1,25,5,3,0,0,0,0,-1,9,-1
28647,74.64375545,26.47131046,3,3,2,1,6,19:30,60,E10000006,3,595,6,60,0,-1,-1,0,0,0,6,1,1,0,0,2,1,E01019131,09-12-2018,1,2,2,1,-1,-1,3,0,0,1,0,-1,9,1
28648,74.65495037,26.46065159,3,3,1,1,3,14:33,63,E10000006,5,0,6,60,0,-1,-1,0,0,0,1,1,1,0,0,2,1,E01019302,20-12-2018,1,1,1,1,19,4,3,0,0,0,0,-1,9,1
28649,74.65653261,26.46050708,3,3,2,1,2,15:10,63,E10000006,3,5086,6,40,3,4,6,0,0,0,1,1,2,0,0,2,1,E01019271,05-12-2018,1,1,3,2,-1,-1,3,10,9,0,0,-1,0,-1
28650,74.65102868,26.46322594,3,3,2,1,5,23:35,63,E10000006,6,0,6,30,0,-1,-1,0,0,0,4,1,2,0,0,2,1,E01019297,08-12-2018,1,1,3,2,12,3,3,10,9,0,0,-1,0,1
28651,74.64726997,26.45308418,3,3,2,1,6,12:07,60,E10000006,3,597,6,30,9,4,6,0,0,0,1,8,2,0,0,1,1,E01019113,09-12-2018,1,1,1,2,25,5,3,0,0,0,0,-1,9,1
28652,74.63299947,26.46816251,3,3,1,1,3,13:36,60,E10000006,5,2069,6,40,0,-1,-1,0,0,0,1,1,4,0,0,2,1,E01019089,27-12-2018,1,1,1,1,21,5,3,0,0,0,0,-1,9,1
28653,74.65451321,26.46690305,3,3,1,1,6,17:07,60,E10000006,3,594,6,30,0,-1,-1,0,0,0,4,1,1,0,0,2,1,E01019096,09-12-2018,1,1,1,1,16,4,3,0,0,0,0,-1,2,1
28654,74.64215663,26.45470876,3,3,1,1,6,16:45,63,E10000006,5,0,6,20,3,4,4,5345,0,0,1,1,1,0,0,1,2,E01019280,23-12-2018,2,1,1,1,36,7,3,0,0,0,0,-1,9,1
28655,74.63560494,26.46595442,3,3,2,2,4,16:08,60,E10000006,6,0,6,60,0,-1,-1,0,0,0,1,1,2,0,0,1,1,E01019124,14-12-2018,1,1,2,1,19,4,3,0,0,1,0,-1,9,-1