Accident_Index,longitude,latitude,Police_Force,Accident_Severity,Number_of_Vehicles,Number_of_Casualties,Day_of_Week,Time,Local_Authority_(District),Local_Authority_(Highway),1st_Road_Class,1st_Road_Number,Road_Type,Speed_limit,Junction_Detail,Junction_Control,2nd_Road_Class,2nd_Road_Number,Pedestrian_Crossing-Human_Control,Pedestrian_Crossing-Physical_Facilities,Light_Conditions,Weather_Conditions,Road_Surface_Conditions,Special_Conditions_at_Site,Carriageway_Hazards,Urban_or_Rural_Area,Did_Police_Officer_Attend_Scene_of_Accident,LSOA_of_Accident_Location,Date,Vehicle_Reference,Casualty_Reference,Casualty_Class,Sex_of_Casualty,Age_of_Casualty,Age_Band_of_Casualty,Casualty_Severity,Pedestrian_Location,Pedestrian_Movement,Car_Passenger,Bus_or_Coach_Passenger,Pedestrian_Road_Maintenance_Worker,Casualty_Type,Casualty_Home_Area_Type
28656,74.64844487,26.46014108,3,3,2,1,7,11:47,60,E10000006,3,595,6,50,0,-1,-1,0,0,0,1,1,2,0,0,2,1,E01019101,12-11-2018,2,1,2,2,31,6,3,0,0,1,0,-1,9,1
28657,74.63490883,26.45746466,3,3,1,1,4,17:10,61,E10000006,6,0,6,30,3,2,6,0,0,4,1,1,2,0,0,1,1,E01019156,07-12-2018,2,2,2,2,34,6,3,0,0,2,0,-1,9,1
28658,74.64576064,26.45880409,3,3,1,3,7,22:15,60,E10000006,6,0,6,60,0,-1,-1,0,0,0,6,1,4,0,0,2,1,E01019086,17-12-2018,2,3,2,2,34,6,3,0,0,2,0,-1,9,1
28659,74.63198374,26.45956949,3,3,2,1,2,08:20,63,E10000006,4,5295,6,30,3,4,6,0,0,0,1,1,1,0,0,1,2,E01019286,05-12-2018,2,4,2,1,28,6,3,0,0,2,0,-1,9,1
28660,74.64197363,26.45261945,3,3,2,2,5,09:51,61,E10000006,6,0,6,30,6,4,6,0,0,0,1,1,1,0,0,2,1,E01019148,15-12-2018,1,1,3,1,47,8,3,10,9,0,0,-1,0,1
28661,74.64015698,26.47104505,3,3,1,1,7,03:45,61,E10000006,6,0,1,30,1,4,6,0,0,8,4,8,2,0,0,1,1,E01019139,31-12-2018,1,1,1,1,24,5,3,0,0,0,0,-1,9,1
28662,74.63139151,26.46528948,3,3,2,1,5,21:28,62,E10000006,3,7,6,30,7,2,6,0,0,5,4,5,2,0,0,1,1,E01019242,15-12-2018,1,1,1,1,28,6,3,0,0,0,0,-1,9,1
28663,74.64401406,26.4701697,3,3,2,3,1,14:20,60,E10000006,6,0,6,30,6,4,6,0,0,0,1,2,2,0,0,1,1,E01019118,18-12-2018,1,1,1,2,69,10,3,0,0,0,0,-1,9,1
28664,74.6357049,26.45756545,3,3,2,1,6,15:30,60,E10000006,3,595,6,50,0,-1,-1,0,0,0,1,1,1,0,0,2,2,E01019101,16-12-2018,2,2,1,2,50,8,3,0,0,0,0,-1,9,1
28665,74.63864323,26.45316298,3,3,2,2,5,16:45,63,E10000006,3,5295,6,30,3,4,4,5294,0,0,4,2,2,0,0,2,2,E01019265,15-12-2018,1,1,2,2,66,10,3,0,0,0,3,-1,11,-1
28666,74.63559749,26.46426454,3,3,3,1,6,20:37,64,E10000006,5,3070,6,30,0,-1,-1,0,0,0,4,1,2,0,0,2,1,E01019340,23-12-2018,1,1,3,2,53,8,3,5,1,0,0,-1,0,1
28667,74.63902349,26.4593861,3,3,2,2,7,19:37,62,E10000006,6,0,6,30,7,4,6,0,0,0,4,1,4,0,0,1,1,E01019206,31-12-2018,1,1,2,1,2,1,3,0,0,0,4,-1,11,1
28668,74.64200328,26.4659208,3,3,1,1,7,14:54,60,E10000006,4,5300,6,60,0,-1,-1,0,0,0,1,1,1,0,0,2,1,E01019094,22-10-2018,2,1,1,1,52,8,3,0,0,0,0,-1,9,1
28669,74.65000951,26.45462677,3,3,2,2,5,09:30,63,E10000006,4,5295,1,30,2,4,6,0,0,0,1,1,1,0,0,2,1,E01019265,15-12-2018,1,1,3,1,34,6,2,9,9,0,0,-1,0,1
28670,74.6516487,26.47487211,3,3,2,2,3,10:58,60,E10000006,4,5301,6,30,3,4,6,0,0,0,1,1,2,0,0,2,1,E01019128,20-12-2018,1,1,1,2,26,6,3,0,0,0,0,-1,9,1
28671,74.64598326,26.46518521,3,3,2,3,7,13:30,64,E10000006,5,3447,6,30,0,-1,-1,0,0,0,1,7,1,0,0,2,1,E01019329,24-12-2018,1,2,2,2,18,4,3,0,0,1,0,-1,9,1
28672,74.64936073,26.455412,3,3,1,2,4,22:44,63,E10000006,4,5294,6,60,0,-1,-1,0,0,0,6,1,2,0,0,2,1,E01019278,21-12-2018,2,1,1,1,27,6,3,0,0,0,0,-1,9,1
28673,74.65097473,26.45869634,3,3,2,1,1,12:24,60,E10000006,6,0,6,60,0,-1,-1,0,0,0,1,1,2,0,0,1,1,E01019125,25-12-2018,2,1,2,2,51,8,3,0,0,1,0,-1,9,1
28674,74.65434682,26.45533036,3,3,2,1,5,15:20,60,E10000006,4,5300,6,60,0,-1,-1,0,0,0,1,1,1,0,0,2,1,E01019102,22-12-2018,1,1,1,2,24,5,3,0,0,0,0,-1,9,1
28675,74.64455344,26.45621635,3,3,1,2,7,00:30,63,E10000006,6,0,6,30,0,-1,-1,0,0,0,7,1,2,0,0,1,2,E01019260,24-12-2018,1,1,1,1,-1,-1,3,0,0,0,0,-1,9,-1
28676,74.64776309,26.47505031,3,3,1,1,6,22:25,60,E10000006,3,5086,6,60,0,-1,-1,0,0,0,6,1,1,0,0,2,1,E01019091,23-12-2018,1,1,1,1,18,4,2,0,0,0,0,-1,9,1
28677,74.65514131,26.47484469,3,3,1,1,6,21:45,61,E10000006,3,590,6,30,0,-1,-1,0,0,0,4,1,1,0,0,1,2,E01019156,30-09-2018,1,1,1,1,35,6,2,0,0,0,0,-1,9,-1
28678,74.63512201,26.46261747,3,3,2,1,4,17:53,60,E10000006,4,5292,1,30,1,4,6,0,0,0,4,1,2,0,0,2,1,E01019088,21-12-2018,1,1,2,1,26,6,3,0,0,0,0,-1,90,-1
28679,74.65088821,26.46866559,3,3,2,1,3,07:55,60,E10000006,4,5305,6,60,6,4,3,595,0,0,6,1,1,0,0,2,2,E01019131,13-12-2018,1,2,2,1,26,6,3,0,0,0,0,-1,90,-1
28680,74.64042642,26.47321102,3,3,2,4,5,16:47,63,E10000006,3,595,6,60,3,4,6,0,0,0,6,1,2,0,0,2,1,E01019304,22-12-2018,1,1,3,1,8,2,3,10,9,0,0,-1,0,1
28681,74.65271554,26.47140949,3,3,2,3,3,16:56,63,E10000006,3,595,6,60,0,-1,-1,0,0,0,6,1,2,0,0,2,1,E01019273,20-12-2018,1,1,1,2,54,8,3,0,0,0,0,-1,9,2
28682,74.63701964,26.45878124,3,3,1,1,7,20:06,60,E10000006,3,66,6,60,0,-1,-1,0,0,0,6,1,2,0,0,2,1,E01019084,31-12-2018,1,1,1,1,44,7,3,0,0,0,0,-1,5,1
28683,74.63179117,26.46840743,3,3,2,1,4,14:32,60,E10000006,6,0,1,30,1,4,6,0,0,0,1,1,2,0,0,1,1,E01019120,14-12-2018,1,1,3,2,17,4,3,4,1,0,0,-1,0,1
28684,74.64512249,26.47205987,3,2,3,1,3,07:55,63,E10000006,3,595,6,60,0,-1,-1,0,0,0,6,1,4,0,0,2,1,E01019293,27-12-2018,1,1,3,1,8,2,3,10,9,0,0,-1,0,-1
28685,74.63674853,26.46674919,3,3,2,2,3,16:30,63,E10000006,6,0,6,30,3,4,6,0,0,0,6,1,1,0,0,2,2,E01019283,20-12-2018,1,1,2,1,24,5,3,0,0,2,0,-1,9,1
28686,74.63678951,26.46775137,3,3,4,2,3,14:15,63,E10000006,6,0,6,30,0,-1,-1,0,0,0,1,2,2,0,0,2,2,E01019259,23-08-2018,1,1,1,1,66,10,3,0,0,0,0,-1,9,1
28687,74.63342958,26.4679413,3,3,3,1,5,08:50,60,E10000006,3,66,6,60,0,-1,-1,0,0,0,1,2,2,0,0,2,1,E01019085,20-10-2018,1,1,3,2,3,1,2,5,3,0,0,-1,0,-1
28688,74.6378792,26.452092,3,3,5,2,4,18:45,60,E10000006,3,596,6,60,0,-1,-1,0,0,0,1,1,1,0,0,2,1,E01019128,21-12-2018,2,1,1,1,-1,-1,3,0,0,0,0,-1,1,-1
28689,74.6473355,26.4747664,3,3,2,1,4,09:38,60,E10000006,6,0,6,30,0,-1,-1,0,0,0,1,1,4,0,0,2,1,E01019115,07-12-2018,1,1,1,2,66,10,3,0,0,0,0,-1,9,1
28690,74.65615042,26.46623981,3,3,1,1,6,22:40,62,E10000006,6,0,6,30,3,4,3,7,0,0,4,2,2,0,0,1,2,E01019242,09-12-2018,1,1,2,2,-1,-1,3,0,0,1,0,-1,9,-1
28691,74.6397348,26.45267744,3,3,1,1,4,19:40,63,E10000006,6,0,6,60,3,4,6,0,0,0,6,2,2,0,0,2,1,E01019297,21-12-2018,1,1,1,2,37,7,3,0,0,0,0,-1,9,1
28692,74.64245201,26.47358424,3,3,1,1,3,16:00,60,E10000006,3,97,6,30,6,4,5,0,2,4,4,1,1,0,0,1,1,E01019100,13-12-2018,1,1,3,2,19,4,3,5,1,0,0,-1,0,-1
28693,74.65460667,26.47274379,3,3,1,1,5,20:54,63,E10000006,4,5345,6,60,0,-1,-1,0,0,0,6,2,2,0,0,2,1,E01019296,15-12-2018,1,1,1,1,28,6,3,0,0,0,0,-1,9,1
28694,74.63498031,26.46262252,3,3,2,2,3,16:48,60,E10000006,3,596,6,50,3,4,4,5302,0,0,4,1,1,0,0,2,1,E01019132,13-12-2018,1,2,2,2,-1,-1,3,0,0,1,0,-1,9,1
28695,74.65507381,26.45982659,3,3,2,1,2,23:00,63,E10000006,3,5086,6,60,0,-1,-1,0,0,0,6,1,2,0,0,2,1,E01019256,05-12-2018,1,1,1,1,23,5,2,0,0,0,0,-1,9,-1
28696,74.64833998,26.46622915,3,3,2,3,1,11:05,60,E10000006,5,0,6,30,6,4,5,0,0,0,1,1,1,0,0,2,1,E01019114,04-12-2018,3,2,1,1,59,9,2,0,0,0,0,-1,9,1
28697,74.64844285,26.45422761,3,3,3,2,4,16:10,61,E10000006,3,590,6,30,3,4,6,0,0,0,1,2,2,0,0,1,1,E01019156,26-10-2018,3,3,2,1,60,9,2,0,0,1,0,-1,9,1
28698,74.6410645,26.45283423,3,3,3,1,4,17:52,65,E10000006,3,590,3,70,0,-1,-1,0,0,0,6,7,2,0,0,2,1,E01019352,23-11-2018,1,1,2,2,48,8,3,0,0,1,0,-1,9,1
28699,74.64444398,26.46745127,3,2,1,1,7,10:41,60,E10000006,6,0,6,60,0,-1,-1,0,0,0,1,2,2,0,0,2,1,E01019091,31-12-2018,1,1,1,2,22,5,2,0,0,0,0,-1,9,1
28700,74.6381516,26.45820167,3,3,2,1,6,12:27,65,E10000006,3,6,6,30,0,-1,-1,0,0,0,1,1,1,0,0,1,1,E01019365,03-06-2018,1,1,1,1,85,11,3,0,0,0,0,-1,9,1
28701,74.64875582,26.46299432,3,3,2,1,7,17:05,60,E10000006,6,0,6,30,0,-1,-1,0,0,0,4,1,2,0,0,2,2,E01019080,17-12-2018,1,1,2,2,38,7,3,0,0,0,1,-1,11,1
28702,74.64605548,26.46648997,3,2,1,3,3,13:30,63,E10000006,6,0,6,60,0,-1,-1,0,0,0,1,1,4,0,0,2,1,E01019256,27-12-2018,1,1,1,1,21,5,3,0,0,0,0,-1,9,1
28703,74.63433022,26.45294897,3,3,3,1,2,13:09,61,E10000006,3,590,6,30,3,4,6,0,0,0,1,2,2,0,0,1,1,E01019156,05-12-2018,2,2,1,1,-1,-1,3,0,0,0,0,-1,9,1
28704,74.63374744,26.46292043,3,3,1,1,7,01:16,62,E10000006,3,7,6,30,0,-1,-1,0,0,8,4,2,2,0,0,1,1,E01019244,10-12-2018,1,1,2,1,61,9,3,0,0,1,0,-1,9,1
28705,74.64067258,26.46903998,3,3,2,1,4,18:15,60,E10000006,3,596,6,30,0,-1,-1,0,0,0,4,1,1,2,0,2,1,E01019082,21-12-2018,1,2,1,2,42,7,3,0,0,0,0,-1,9,1
28706,74.63847409,26.45416425,3,3,1,1,7,16:30,65,E10000006,3,6,6,30,0,-1,-1,0,0,0,1,1,1,0,0,1,2,E01019365,19-11-2018,1,3,2,1,44,7,3,0,0,2,0,-1,9,1
28707,74.6394508,26.45667164,3,3,2,1,4,10:50,60,E10000006,6,0,6,60,6,4,6,0,0,0,1,1,2,0,0,2,1,E01019123,21-12-2018,1,1,1,2,44,7,3,0,0,0,0,-1,9,1
28708,74.64542001,26.46306482,3,3,1,1,6,20:50,60,E10000006,6,0,6,30,9,4,6,0,0,4,1,1,1,0,0,2,1,E01019088,27-05-2018,1,1,2,2,18,4,3,0,0,1,0,-1,9,1
28709,74.65643077,26.47647452,3,3,2,2,7,13:30,61,E10000006,6,0,6,30,3,3,6,0,0,0,1,1,1,0,0,1,2,E01019157,17-09-2018,1,1,1,2,58,9,3,0,0,0,0,-1,9,1
28710,74.64602238,26.47617947,3,3,2,1,4,13:50,65,E10000006,3,591,6,60,0,-1,-1,0,0,0,1,1,1,0,0,2,2,E01019395,28-12-2018,2,2,2,2,73,10,3,0,0,1,0,-1,9,1
28711,74.63929444,26.45257289,3,3,2,1,5,17:35,62,E10000006,3,69,6,30,6,2,6,0,0,0,1,1,1,0,0,1,1,E01019197,20-10-2018,1,1,1,1,10,2,3,0,0,0,0,-1,1,1
28712,74.64044102,26.4728619,3,3,1,1,4,14:10,65,E10000006,6,0,6,30,0,-1,-1,0,0,0,1,1,2,0,0,1,1,E01019388,21-12-2018,1,1,2,2,22,5,3,0,0,1,0,-1,9,1
28713,74.64473362,26.46557713,4,3,1,1,7,03:00,71,E06000009,3,586,6,30,3,4,6,0,0,8,4,1,2,0,0,1,1,E01012681,01-01-2018,2,1,1,1,28,6,3,0,0,0,0,-1,9,1
28714,74.64704647,26.47595407,4,3,2,1,1,11:55,74,E10000017,6,0,6,30,3,4,6,0,0,0,1,1,1,0,0,2,1,E01025028,02-01-2018,3,1,1,2,45,7,3,0,0,0,0,-1,9,1
28715,74.64719969,26.45743417,4,3,1,1,1,07:07,71,E06000009,3,586,6,30,3,4,6,0,-1,5,4,1,1,0,0,1,1,E01012723,02-01-2018,1,1,3,2,33,6,3,5,9,0,0,-1,0,1
28716,74.6503441,26.46475701,4,2,2,2,7,09:18,71,E06000009,6,0,6,30,3,4,6,0,0,0,1,1,2,0,0,1,1,E01012717,01-01-2018,1,1,1,1,43,7,3,0,0,0,0,-1,5,1
28717,74.64390578,26.45910416,4,3,2,1,5,08:50,74,E10000017,3,583,6,40,1,4,6,0,0,0,1,1,2,0,0,2,1,E01025031,06-01-2018,1,1,1,1,64,9,3,0,0,0,0,-1,9,1
28718,74.63510495,26.46408287,4,3,2,1,4,17:20,71,E06000009,4,5268,6,30,3,4,6,0,0,0,4,1,2,0,0,1,1,E01025599,05-01-2018,1,2,2,1,39,7,3,0,0,1,0,-1,9,-1
28719,74.64372349,26.46937243,4,2,2,1,6,18:15,74,E10000017,3,583,1,40,1,4,6,0,0,0,4,2,2,0,0,2,1,E01025031,07-01-2018,1,1,1,2,29,6,3,0,0,0,0,-1,9,1
28720,74.6434861,26.45600144,4,3,2,2,6,12:13,71,E06000009,6,0,6,30,6,4,6,0,0,0,1,2,2,0,0,1,1,E01012696,07-01-2018,2,2,1,1,67,10,3,0,0,0,0,-1,9,1
28721,74.64003568,26.4660287,4,2,1,1,1,08:14,74,E10000017,3,585,3,50,0,-1,-1,0,0,0,1,1,2,0,0,2,1,E01025026,09-01-2018,1,1,1,2,24,5,3,0,0,0,0,-1,9,1
28722,74.64368687,26.47181432,4,3,3,1,2,17:15,71,E06000009,5,260,6,30,3,4,6,0,0,0,4,1,1,0,0,1,1,E01012731,10-01-2018,3,1,1,2,23,5,3,0,0,0,0,-1,9,-1
28723,74.63252845,26.45447707,4,3,2,1,1,11:24,71,E06000009,3,584,6,30,3,2,6,0,0,4,1,4,1,1,0,1,1,E01012672,09-01-2018,1,1,1,2,35,6,3,0,0,0,0,-1,9,1
28724,74.64543585,26.46991076,4,3,2,1,6,15:11,71,E06000009,3,584,6,30,0,-1,-1,0,0,0,1,2,2,0,0,1,1,E01012716,07-01-2018,1,1,1,1,25,5,3,0,0,0,0,-1,4,1
28725,74.6529149,26.4708069,4,3,1,1,4,12:18,71,E06000009,3,584,6,30,0,-1,-1,0,0,4,1,5,2,0,0,1,1,E01012681,12-01-2018,2,1,1,1,28,6,2,0,0,0,0,-1,9,1
28726,74.64480326,26.4603781,4,2,1,1,5,17:27,71,E06000009,4,5390,6,30,6,4,6,0,0,0,4,1,2,0,0,1,1,E01012738,13-01-2018,1,1,2,2,25,5,3,0,0,0,4,-1,11,1
28727,74.63624095,26.47244999,4,3,2,1,5,09:07,71,E06000009,6,0,6,30,3,4,6,0,0,0,1,1,1,0,0,1,1,E01012724,13-01-2018,1,1,3,1,30,6,3,5,2,0,0,-1,0,1
28728,74.65544776,26.46902042,4,3,2,1,2,01:15,71,E06000009,3,586,6,30,3,4,6,0,0,0,4,2,2,0,0,1,1,E01012679,17-01-2018,1,1,1,1,59,9,3,0,0,0,0,-1,9,3
28729,74.65453615,26.45456147,4,3,2,1,7,18:40,71,E06000009,4,5124,6,30,6,4,6,0,0,4,4,1,2,0,0,1,1,E01012750,15-01-2018,1,1,1,1,18,4,3,0,0,0,0,-1,9,-1
28730,74.63368725,26.45788921,4,2,1,1,1,15:59,74,E10000017,3,584,6,30,3,4,6,0,0,1,1,1,2,0,0,2,1,E01024991,16-01-2018,1,1,1,1,26,6,3,0,0,0,0,-1,9,1
28731,74.63981231,26.45753724,4,3,2,2,1,03:37,71,E06000009,6,0,6,30,6,2,6,0,0,4,4,1,1,0,0,1,1,E01012737,16-01-2018,1,1,1,1,42,7,3,0,0,0,0,-1,9,1
28732,74.63581657,26.46626496,4,3,2,2,3,16:45,71,E06000009,6,0,6,30,3,4,6,0,0,0,1,4,1,3,0,1,1,E01012727,18-01-2018,2,1,1,1,-1,-1,3,0,0,0,0,-1,5,1
28733,74.63963448,26.469139,4,3,2,1,4,07:40,74,E10000017,3,583,3,50,3,4,6,0,0,0,1,1,1,0,0,2,1,E01025007,05-01-2018,1,1,1,1,42,7,3,0,0,0,0,-1,5,1
28734,74.65538248,26.45944679,4,3,2,1,4,19:35,71,E06000009,6,0,6,30,6,4,6,0,0,0,4,1,1,0,0,1,1,E01012700,12-01-2018,1,1,3,1,-1,-1,3,5,1,0,0,-1,0,-1
28735,74.63471886,26.47054026,4,3,3,2,3,17:20,71,E06000009,4,5261,6,30,6,2,6,0,0,5,4,5,2,0,0,1,1,E01012743,11-01-2018,1,1,1,1,13,3,3,0,0,0,0,-1,1,1
28736,74.64874351,26.46395731,4,3,2,1,1,18:40,74,E10000017,3,585,6,50,3,4,6,0,0,0,4,1,2,0,0,2,1,E01025026,16-01-2018,1,1,1,2,45,7,3,0,0,0,0,-1,1,1
28737,74.6465896,26.47012673,4,3,2,1,4,17:09,74,E10000017,3,583,3,50,6,2,6,0,0,5,1,1,1,0,0,2,1,E01025010,12-01-2018,2,1,1,2,34,6,3,0,0,0,0,-1,3,1
28738,74.64440342,26.45931743,4,3,3,1,4,14:52,74,E10000017,3,583,3,40,1,4,6,0,0,0,1,2,2,0,3,2,1,E01025031,19-01-2018,1,1,2,2,19,4,3,0,0,2,0,-1,9,1
28739,74.64633774,26.46219712,4,3,2,1,4,08:35,71,E06000009,6,0,6,30,6,4,6,0,0,0,1,1,1,0,0,1,1,E01012747,19-01-2018,1,2,2,1,18,4,3,0,0,1,0,-1,9,1
28740,74.63693966,26.45730717,4,3,2,1,2,08:50,71,E06000009,3,587,3,30,1,4,6,0,0,0,1,1,2,0,0,1,1,E01012710,17-01-2018,1,1,1,2,39,7,3,0,0,0,0,-1,9,1
28741,74.64381168,26.47515327,4,3,4,1,1,18:25,71,E06000009,4,5261,6,30,3,4,6,0,0,0,4,1,2,0,0,1,1,E01012731,16-01-2018,1,1,1,1,21,5,3,0,0,0,0,-1,4,1
28742,74.63705497,26.47256245,4,3,1,1,5,08:40,71,E06000009,3,586,2,30,3,4,6,0,0,0,1,1,1,0,0,1,1,E01012681,20-01-2018,1,1,1,1,60,9,3,0,0,0,0,-1,9,1
28743,74.64425231,26.45800984,4,3,2,1,6,16:45,74,E10000017,4,5259,6,30,0,-1,-1,0,0,0,4,4,2,0,7,2,2,E01025031,14-01-2018,2,1,2,2,70,10,3,0,0,1,0,-1,9,1
28744,74.63135198,26.45659525,4,3,1,1,4,18:40,71,E06000009,6,0,6,30,3,4,6,0,0,0,4,9,2,0,0,1,2,E01012669,19-01-2018,1,1,3,1,65,9,2,5,9,0,0,-1,0,1
28745,74.64631224,26.45867909,4,3,2,1,5,17:41,71,E06000009,6,0,6,30,3,2,6,0,0,5,4,9,2,0,0,1,1,E01012669,20-01-2018,1,1,1,2,24,5,3,0,0,0,0,-1,9,-1
28746,74.6338349,26.4558141,4,1,2,4,6,15:35,74,E10000017,3,584,3,50,3,4,6,0,0,0,1,1,2,0,0,2,1,E01024998,21-01-2018,1,1,2,2,-1,-1,3,0,0,0,4,-1,11,-1
28747,74.64924298,26.45312573,4,3,2,1,3,18:40,74,E10000017,3,584,1,30,2,4,4,5259,0,1,4,4,1,0,0,1,2,E01024991,18-01-2018,1,1,1,2,24,5,3,0,0,0,0,-1,3,1
28748,74.63215381,26.46166052,4,3,2,3,6,18:30,71,E06000009,3,583,6,30,3,4,6,0,0,0,4,1,1,0,0,1,1,E01012735,21-01-2018,2,1,1,1,25,5,2,0,0,0,0,-1,5,1
28749,74.65202965,26.45312433,4,3,2,2,7,01:22,71,E06000009,6,0,6,30,3,4,6,0,0,0,4,1,1,0,0,1,1,E01012676,15-01-2018,1,1,3,2,25,5,3,5,2,0,0,-1,0,1
28750,74.64468221,26.46360378,4,3,2,1,5,16:18,71,E06000009,6,0,6,30,8,4,6,0,0,0,1,2,2,0,0,1,2,E01012697,20-01-2018,1,1,1,1,56,9,3,0,0,0,0,-1,9,1
28751,74.64970805,26.47044953,4,2,1,1,1,17:18,71,E06000009,3,5099,6,30,3,4,6,0,0,4,4,2,2,0,0,1,1,E01012673,16-01-2018,1,1,1,2,34,6,3,0,0,0,0,-1,9,3
28752,74.64434085,26.46575007,4,3,1,1,7,18:25,71,E06000009,3,583,6,30,3,3,6,0,0,0,4,1,1,0,0,1,1,E01012737,22-01-2018,1,1,1,1,20,4,3,0,0,0,0,-1,3,1
28753,74.65571911,26.4570962,4,3,2,3,1,15:52,71,E06000009,3,5073,6,30,3,4,6,0,0,8,1,1,1,0,0,1,1,E01012694,23-01-2018,2,1,2,2,28,6,3,0,0,1,0,-1,9,1
28754,74.65189653,26.46623302,4,3,1,1,3,21:20,71,E06000009,4,5390,6,30,6,2,6,0,0,5,4,2,2,0,0,1,2,E01012736,18-01-2018,1,1,1,1,40,7,3,0,0,0,0,-1,9,1
28755,74.65344306,26.4578442,4,1,2,1,2,11:13,71,E06000009,3,586,1,30,1,2,6,0,0,5,1,1,1,0,0,1,1,E01012711,24-01-2018,1,2,2,2,-1,-1,3,0,0,1,0,-1,9,1
28756,74.65420849,26.45652174,4,3,2,2,2,21:50,74,E10000017,6,0,6,60,0,-1,-1,0,0,0,6,1,1,0,0,2,1,E01025028,24-01-2018,1,1,2,2,86,11,3,0,0,0,1,-1,11,1
28757,74.63893,26.4533211,4,3,2,2,7,16:55,74,E10000017,3,583,6,50,6,2,6,0,0,0,4,1,1,0,0,2,1,E01025015,22-01-2018,1,1,1,1,64,9,3,0,0,0,0,-1,9,-1
28758,74.65268483,26.46377486,4,3,1,1,4,08:50,71,E06000009,3,5073,6,30,3,4,6,0,0,0,1,1,1,0,0,1,2,E01012745,26-01-2018,1,1,1,1,41,7,3,0,0,0,0,-1,20,1
28759,74.63768319,26.45514713,4,2,2,1,6,20:16,71,E06000009,6,0,6,30,3,4,6,0,0,0,4,1,1,0,0,1,1,E01012730,28-01-2018,1,1,1,2,16,4,3,0,0,0,0,-1,9,1
28760,74.6404073,26.46935967,4,3,2,1,6,11:11,71,E06000009,4,5262,6,30,6,2,4,5262,0,4,1,1,1,0,0,1,1,E01012755,28-01-2018,1,1,2,1,89,11,2,0,0,0,3,-1,11,1
28761,74.64564399,26.4690728,4,3,2,1,6,08:48,71,E06000009,3,584,6,30,0,-1,-1,0,0,0,1,1,2,0,0,1,1,E01012719,28-01-2018,2,1,1,1,14,3,3,0,0,0,0,-1,1,-1
28762,74.65248465,26.47093014,4,3,5,2,7,12:18,71,E06000009,4,5262,6,30,3,4,6,0,0,1,1,1,1,0,0,1,1,E01012725,29-01-2018,1,1,1,1,42,7,3,0,0,0,0,-1,4,1
28763,74.64676159,26.46984154,4,3,1,1,5,11:55,71,E06000009,3,586,2,30,0,-1,-1,0,0,0,1,1,1,0,0,1,1,E01012681,27-01-2018,1,1,1,2,19,4,3,0,0,0,0,-1,9,1
28764,74.6498075,26.46740499,4,3,2,1,2,16:21,74,E10000017,3,585,6,50,0,-1,-1,0,0,0,1,4,1,0,0,2,1,E01025026,31-01-2018,1,1,2,1,38,7,3,0,0,1,0,-1,9,-1
28765,74.64908699,26.46557124,4,3,2,1,2,19:44,71,E06000009,6,0,6,30,6,4,6,0,0,0,4,1,-1,7,0,1,1,E01012713,31-01-2018,1,1,1,2,31,6,3,0,0,0,0,-1,9,1
28766,74.65323289,26.45792486,4,3,2,2,2,12:50,71,E06000009,6,0,6,30,3,4,6,0,0,0,1,4,1,0,0,1,1,E01012668,31-01-2018,2,1,1,1,38,7,3,0,0,0,0,-1,11,1
28767,74.6430735,26.4564164,4,2,2,1,4,07:14,71,E06000009,3,586,6,30,3,4,6,0,0,0,4,1,2,0,0,1,1,E01012723,12-01-2018,3,1,1,2,47,8,3,0,0,0,0,-1,9,1
28768,74.64288601,26.46513341,4,3,1,1,6,13:14,71,E06000009,3,587,3,30,3,2,6,0,0,4,1,1,1,0,0,1,1,E01012707,28-01-2018,1,1,3,1,-1,-1,3,5,9,0,0,-1,0,1
28769,74.63211122,26.47329379,4,3,2,2,2,08:03,74,E10000017,6,0,6,30,6,2,6,0,0,8,1,1,2,0,0,1,1,E01024982,31-01-2018,1,1,1,2,22,5,3,0,0,0,0,-1,9,1
28770,74.64699463,26.46451701,4,3,2,1,5,17:30,71,E06000009,6,0,6,30,6,4,6,0,0,0,4,9,2,0,0,1,2,E01012708,27-01-2018,1,1,2,1,15,3,3,0,0,1,0,-1,9,1
28771,74.64835422,26.46265231,4,3,2,2,3,15:27,71,E06000009,6,0,6,30,3,4,6,0,0,0,1,1,1,0,0,1,1,E01012676,01-02-2018,1,1,1,1,36,7,3,0,0,0,0,-1,9,1
28772,74.64380566,26.4587013,4,3,2,1,2,09:05,71,E06000009,6,0,2,30,9,4,6,0,0,0,1,1,1,0,0,1,2,E01012722,24-01-2018,2,2,1,2,41,7,2,0,0,0,0,-1,9,1
28773,74.64241193,26.45609303,4,3,1,1,4,16:28,71,E06000009,6,0,6,30,3,4,6,0,0,0,1,1,1,0,0,1,1,E01012746,02-02-2018,1,1,1,2,28,6,3,0,0,0,0,-1,9,1
28774,74.63474936,26.45561002,4,3,2,1,1,11:48,71,E06000009,3,587,6,30,0,-1,-1,0,0,4,1,2,2,0,0,1,1,E01012691,30-01-2018,1,1,1,2,32,6,3,0,0,0,0,-1,9,1
28775,74.6435733,26.47353611,4,3,2,1,6,19:56,71,E06000009,6,0,6,30,3,4,6,0,0,0,4,1,1,0,0,1,1,E01012714,04-02-2018,2,1,1,1,9,2,3,0,0,0,0,-1,1,-1
28776,74.64038933,26.45381945,4,3,1,1,7,13:04,71,E06000009,6,0,6,30,0,-1,-1,0,0,0,1,1,1,0,0,1,1,E01012679,29-01-2018,1,1,1,1,25,5,3,0,0,0,0,-1,9,1
28777,74.64252847,26.4614032,4,2,3,1,5,03:20,71,E06000009,6,0,6,30,3,4,6,0,0,4,4,1,1,0,0,1,1,E01012746,03-02-2018,3,1,1,1,40,7,3,0,0,0,0,-1,9,1