Accident_Index,longitude,latitude,Police_Force,Accident_Severity,Number_of_Vehicles,Number_of_Casualties,Day_of_Week,Time,Local_Authority_(District),Local_Authority_(Highway),1st_Road_Class,1st_Road_Number,Road_Type,Speed_limit,Junction_Detail,Junction_Control,2nd_Road_Class,2nd_Road_Number,Pedestrian_Crossing-Human_Control,Pedestrian_Crossing-Physical_Facilities,Light_Conditions,Weather_Conditions,Road_Surface_Conditions,Special_Conditions_at_Site,Carriageway_Hazards,Urban_or_Rural_Area,Did_Police_Officer_Attend_Scene_of_Accident,LSOA_of_Accident_Location,Date,Vehicle_Reference,Casualty_Reference,Casualty_Class,Sex_of_Casualty,Age_of_Casualty,Age_Band_of_Casualty,Casualty_Severity,Pedestrian_Location,Pedestrian_Movement,Car_Passenger,Bus_or_Coach_Passenger,Pedestrian_Road_Maintenance_Worker,Casualty_Type,Casualty_Home_Area_Type
28899,74.63701461,26.45649715,4,3,2,3,7,14:20,71,E06000009,3,5073,6,30,3,2,6,0,0,5,1,1,1,0,0,1,2,E01012694,16-04-2018,1,1,1,1,68,10,3,0,0,0,0,-1,9,3
28900,74.64568588,26.47351881,4,3,1,1,7,23:15,71,E06000009,3,587,6,30,3,4,6,0,0,0,4,1,1,0,0,1,1,E01012705,16-04-2018,1,1,3,1,4,1,3,5,1,0,0,-1,0,1
28901,74.65220653,26.46595511,4,2,1,2,1,16:41,71,E06000009,6,0,6,30,3,4,6,0,0,0,1,1,1,0,0,1,1,E01012671,10-04-2018,1,1,1,2,35,6,3,0,0,0,0,-1,9,1
28902,74.65093358,26.45336833,4,3,2,1,2,17:15,71,E06000009,3,587,3,30,0,-1,-1,0,0,0,1,1,1,0,3,1,1,E01012710,18-04-2018,1,1,1,1,19,4,3,0,0,0,0,-1,9,1
28903,74.65027314,26.45999708,4,3,3,1,2,17:07,71,E06000009,3,587,3,30,0,-1,-1,0,0,8,1,1,1,0,3,1,1,E01012710,18-04-2018,1,1,1,1,51,8,3,0,0,0,0,-1,8,1
28904,74.65631193,26.46125441,4,3,1,1,4,09:30,71,E06000009,6,0,6,30,1,4,6,0,0,0,1,9,2,0,0,1,2,E01012748,13-04-2018,1,1,3,2,4,1,3,5,2,0,0,-1,0,1
28905,74.64620009,26.47167831,4,3,2,1,6,15:45,71,E06000009,4,5266,6,30,0,-1,-1,0,0,0,1,9,2,0,0,1,2,E01012677,15-04-2018,1,1,2,2,40,7,3,0,0,0,3,-1,11,-1
28906,74.65490838,26.4652282,4,3,2,1,7,15:53,71,E06000009,3,586,1,30,1,2,6,0,0,5,1,1,1,0,0,1,1,E01012723,23-04-2018,1,1,1,2,23,5,3,0,0,0,0,-1,9,1
28907,74.6349517,26.45782128,4,3,2,1,7,10:45,71,E06000009,6,0,6,30,3,4,6,0,0,0,1,1,1,0,0,1,2,E01012665,23-04-2018,1,1,1,1,31,6,3,0,0,0,0,-1,9,1
28908,74.63169221,26.4606666,4,3,2,1,5,18:50,71,E06000009,3,5073,6,30,6,2,6,0,0,5,1,1,1,0,0,1,1,E01012745,21-04-2018,1,2,2,1,-1,-1,3,0,0,1,0,-1,9,-1
28909,74.63760769,26.46382854,4,2,3,2,2,12:45,71,E06000009,6,0,6,30,3,3,6,0,0,0,1,1,1,0,0,1,1,E01025599,11-04-2018,1,1,1,2,23,5,3,0,0,0,0,-1,9,1
28910,74.63333316,26.45891287,4,3,2,1,7,07:50,71,E06000009,4,5262,6,30,9,4,6,0,0,0,1,1,2,0,0,1,1,E01012672,16-04-2018,1,1,1,2,20,4,3,0,0,0,0,-1,9,1
28911,74.6498558,26.46517883,4,3,2,1,4,09:20,74,E10000017,1,55,3,70,0,-1,-1,0,0,0,1,1,1,0,0,2,2,E01025012,13-04-2018,1,2,2,1,-1,-1,3,0,0,1,0,-1,9,-1
28912,74.64005194,26.45388937,4,3,4,6,2,16:30,71,E06000009,3,587,3,30,3,4,6,0,0,0,1,1,1,0,0,1,1,E01012722,18-04-2018,1,1,3,2,7,2,3,10,9,0,0,-1,0,-1
28913,74.63586443,26.46448057,4,3,2,3,1,12:20,74,E10000017,3,583,6,50,6,4,6,0,0,0,1,1,1,0,0,2,1,E01025014,10-04-2018,1,1,1,1,17,4,3,0,0,0,0,-1,2,1
28914,74.64861356,26.4593296,4,2,1,1,5,20:15,71,E06000009,6,0,6,30,0,-1,-1,0,0,0,1,1,1,0,0,1,1,E01012680,21-04-2018,1,1,3,2,21,5,3,10,9,0,0,-1,0,1
28915,74.63489094,26.46699933,4,3,3,1,7,22:40,71,E06000009,6,0,6,30,9,4,6,0,0,0,4,1,1,0,0,1,2,E01012728,23-04-2018,2,1,1,1,28,6,3,0,0,0,0,-1,9,1
28916,74.64709614,26.47105008,4,3,2,1,4,14:28,71,E06000009,3,586,6,30,3,4,6,0,0,1,1,1,1,0,0,1,1,E01012709,27-04-2018,1,1,2,2,59,9,3,0,0,0,4,-1,11,1
28917,74.64611212,26.47449095,4,3,2,1,3,16:45,74,E10000017,4,5259,6,40,8,4,6,0,0,0,1,1,1,0,0,2,2,E01025019,19-04-2018,1,1,1,2,18,4,3,0,0,0,0,-1,9,1
28918,74.6333892,26.46601823,4,2,1,4,6,02:46,71,E06000009,3,584,6,30,0,-1,-1,0,0,0,4,1,1,0,0,1,1,E01012719,22-04-2018,1,1,1,2,38,7,3,0,0,0,0,-1,9,1
28919,74.6355137,26.46290107,4,3,1,1,2,16:03,74,E10000017,3,584,6,30,6,2,6,0,0,4,1,1,1,0,0,2,1,E01025029,25-04-2018,1,1,1,1,35,6,3,0,0,0,0,-1,9,1
28920,74.6350767,26.46761943,4,3,1,1,3,16:30,71,E06000009,4,5261,6,30,6,4,6,0,0,4,1,2,2,0,0,1,1,E01012743,26-04-2018,1,1,1,1,58,9,3,0,0,0,0,-1,9,1
28921,74.64910619,26.47160366,4,2,2,1,4,11:04,71,E06000009,6,0,6,30,3,4,6,0,0,0,1,2,2,0,0,1,1,E01012671,20-04-2018,1,1,1,1,28,6,3,0,0,0,0,-1,9,1
28922,74.63905239,26.45298126,4,2,2,1,3,18:10,71,E06000009,6,0,6,30,0,-1,-1,0,0,0,1,2,2,0,0,1,1,E01012720,26-04-2018,1,2,2,2,-1,-1,3,0,0,1,0,-1,9,-1
28923,74.64935612,26.46891299,4,2,2,2,5,15:30,71,E06000009,4,5266,6,30,3,4,6,0,0,0,1,1,1,0,0,1,1,E01012710,21-04-2018,1,1,1,2,20,4,3,0,0,0,0,-1,9,1
28924,74.64668595,26.46633284,4,3,1,1,2,15:00,71,E06000009,6,0,6,30,0,-1,-1,0,0,0,1,9,2,0,0,1,2,E01012686,21-03-2018,1,1,1,1,23,5,3,0,0,0,0,-1,5,1
28925,74.64477375,26.47364187,4,3,2,1,2,09:15,71,E06000009,4,5261,6,30,9,4,6,0,0,4,1,2,2,0,0,1,1,E01012695,18-04-2018,2,1,1,1,43,7,3,0,0,0,0,-1,5,2
28926,74.63245977,26.46188137,4,3,4,3,6,08:15,74,E10000017,6,0,6,60,0,-1,-1,0,0,0,1,1,1,0,0,2,1,E01025019,29-04-2018,1,1,1,1,60,9,3,0,0,0,0,-1,9,1
28927,74.63880165,26.46245963,4,3,1,1,6,16:00,71,E06000009,6,0,6,30,6,4,6,0,0,0,1,9,2,0,0,1,2,E01012728,22-04-2018,1,1,1,1,23,5,3,0,0,0,0,-1,9,1
28928,74.65296908,26.45835909,4,3,3,1,3,10:43,71,E06000009,6,0,2,30,9,4,6,0,0,0,1,1,1,0,0,1,1,E01012674,26-04-2018,2,2,1,2,39,7,3,0,0,0,0,-1,9,1
28929,74.63638924,26.47662149,4,3,2,1,3,16:21,71,E06000009,4,5268,6,30,0,-1,-1,0,0,0,1,2,2,0,0,1,1,E01012723,26-04-2018,1,1,1,2,18,4,3,0,0,0,0,-1,9,-1
28930,74.63781841,26.46392566,4,3,2,1,6,16:30,71,E06000009,4,5124,6,30,3,4,6,0,0,0,1,1,1,0,0,1,2,E01012679,29-04-2018,1,1,1,2,48,8,3,0,0,0,0,-1,9,3
28931,74.65518226,26.46225071,4,3,1,1,5,11:10,71,E06000009,5,262,6,30,3,4,6,0,0,0,1,1,1,0,0,1,1,E01012745,28-04-2018,1,1,1,1,27,6,3,0,0,0,0,-1,9,1
28932,74.64577555,26.46285086,4,3,2,1,5,08:50,71,E06000009,6,0,6,30,9,2,6,0,0,4,1,1,1,0,0,2,2,E01012713,03-03-2018,1,2,2,2,-1,-1,3,0,0,1,0,-1,9,-1
28933,74.64137107,26.4557075,4,3,3,1,1,16:35,71,E06000009,3,584,6,30,3,4,6,0,0,0,1,1,1,0,0,1,1,E01012666,01-05-2018,2,1,1,1,27,6,3,0,0,0,0,-1,9,1
28934,74.64732074,26.47128268,4,3,2,1,6,08:10,74,E10000017,6,0,6,30,3,4,6,0,0,0,1,1,1,0,0,2,1,E01025031,29-04-2018,1,1,1,1,16,4,3,0,0,0,0,-1,1,1
28935,74.64759654,26.46595917,4,3,2,1,3,14:40,71,E06000009,6,0,6,30,3,4,6,0,0,0,1,1,1,0,0,1,1,E01012694,03-05-2018,1,1,2,2,15,3,3,0,0,2,0,-1,9,-1
28936,74.6423945,26.45616586,4,3,2,1,5,20:10,71,E06000009,6,0,6,30,0,-1,-1,0,0,0,4,4,1,0,0,1,1,E01012744,17-03-2018,1,1,1,2,44,7,3,0,0,0,0,-1,9,1
28937,74.63276597,26.47423474,4,3,2,2,2,19:30,71,E06000009,6,0,6,30,8,1,6,0,0,5,1,1,1,0,7,1,1,E01012741,18-04-2018,1,1,1,2,22,5,3,0,0,0,0,-1,9,1
28938,74.64126851,26.47487007,4,3,1,1,1,16:55,71,E06000009,3,586,2,30,0,-1,-1,0,0,4,1,1,1,0,0,1,1,E01012737,27-03-2018,1,1,1,1,33,6,3,0,0,0,0,-1,9,1
28939,74.64790879,26.46503136,4,3,2,2,6,16:00,76,E10000017,3,6,6,30,3,4,6,0,0,0,1,1,1,0,0,2,2,E01025096,22-04-2018,1,1,1,1,-1,-1,3,0,0,0,0,-1,11,-1
28940,74.64232863,26.47348614,4,3,2,1,5,08:15,74,E10000017,3,586,6,50,6,2,6,0,0,0,1,1,1,0,0,2,2,E01025026,24-03-2018,1,2,2,1,40,7,3,0,0,0,2,-1,11,-1
28941,74.64907216,26.45407657,4,3,2,2,5,13:15,74,E10000017,4,5259,6,60,0,-1,-1,0,0,0,1,1,1,0,0,2,1,E01025019,21-04-2018,1,1,1,1,31,6,3,0,0,0,0,-1,1,1
28942,74.63543229,26.46493217,4,3,1,1,2,06:25,74,E10000017,6,0,6,60,0,-1,-1,0,0,0,1,1,1,0,0,2,1,E01025000,25-04-2018,1,1,3,1,16,4,3,5,9,0,0,-1,0,1
28943,74.64793619,26.47499523,4,3,2,1,5,19:25,71,E06000009,3,583,2,30,3,2,4,5390,0,5,4,1,2,0,0,1,1,E01012737,10-03-2018,1,1,1,2,41,7,3,0,0,0,0,-1,9,1
28944,74.63339784,26.47402244,4,3,2,1,6,16:45,85,E10000017,3,584,6,30,0,-1,-1,0,0,0,1,1,1,0,0,1,2,E01025542,29-04-2018,1,1,1,2,61,9,3,0,0,0,0,-1,9,1
28945,74.64258529,26.45312862,4,3,2,3,3,08:01,74,E10000017,1,55,3,70,0,-1,-1,0,0,0,1,2,2,0,0,2,1,E01025014,24-05-2018,1,1,1,1,60,9,3,0,0,0,0,-1,9,1
28946,74.64226256,26.46030026,4,3,1,2,5,17:58,74,E10000017,1,55,3,70,0,-1,-1,0,0,0,1,1,2,0,0,2,1,E01025014,04-08-2018,1,1,1,1,62,9,3,0,0,0,0,-1,9,1
28947,74.64577634,26.46247452,4,3,2,2,5,16:30,74,E10000017,3,583,1,50,1,4,6,0,0,0,1,1,1,0,0,2,1,E01025007,08-09-2018,1,2,2,2,-1,-1,3,0,0,1,0,-1,9,-1
28948,74.64272798,26.45248155,4,2,2,1,4,19:20,74,E10000017,3,583,3,50,6,2,3,584,0,0,1,1,1,0,0,2,1,E01025014,04-05-2018,2,1,1,1,28,6,3,0,0,0,0,-1,9,1
28949,74.6524072,26.46736043,4,3,2,3,1,16:16,74,E10000017,4,5233,6,30,3,4,6,0,0,0,1,1,1,0,0,1,1,E01024989,08-05-2018,1,1,1,1,36,7,3,0,0,0,0,-1,9,1
28950,74.65240595,26.47215642,4,3,2,1,5,15:36,74,E10000017,6,0,6,60,0,4,-1,0,0,0,1,2,2,0,0,2,1,E01025014,05-05-2018,2,1,1,1,30,6,3,0,0,0,0,-1,5,1
28951,74.63343536,26.46049708,4,2,3,1,3,17:35,74,E10000017,3,585,6,40,0,-1,-1,0,0,0,1,1,1,0,0,1,1,E01025026,10-05-2018,1,1,2,2,5,1,3,0,0,2,0,-1,9,1
28952,74.63725835,26.45217686,4,2,2,2,4,21:56,74,E10000017,5,281,9,30,6,4,5,281,0,0,4,1,2,0,0,1,1,E01025003,18-05-2018,1,2,1,1,45,7,3,0,0,0,0,-1,9,1
28953,74.6392443,26.47554613,4,3,2,1,6,10:30,74,E10000017,3,584,6,30,6,2,6,0,0,5,1,1,1,0,0,1,1,E01025022,06-05-2018,1,1,1,1,39,7,3,0,0,0,0,-1,9,1
28954,74.64082659,26.45853141,4,2,2,2,1,12:55,74,E10000017,3,585,6,50,3,4,4,5269,0,0,1,1,1,0,0,2,1,E01025026,22-05-2018,1,1,1,1,32,6,3,0,0,0,0,-1,9,1
28955,74.64466727,26.45292839,4,2,2,1,5,11:04,74,E10000017,3,585,6,50,0,-1,-1,0,0,0,1,1,1,0,0,2,1,E01025026,12-05-2018,1,1,2,2,34,6,3,0,0,2,0,-1,9,1
28956,74.64022391,26.46811095,4,2,4,1,5,08:30,74,E10000017,4,5269,6,60,0,-1,-1,0,0,0,1,1,1,0,0,2,1,E01025026,12-05-2018,1,2,1,1,39,7,3,0,0,0,0,-1,9,1
28957,74.63907651,26.47152276,4,3,1,1,7,15:55,74,E10000017,4,5192,6,30,9,4,6,0,0,0,1,1,1,0,0,1,1,E01025009,14-05-2018,1,1,3,1,62,9,3,5,3,0,0,-1,0,1
28958,74.63861908,26.46602933,4,3,2,1,7,19:25,74,E10000017,3,585,6,40,3,4,6,0,0,0,1,1,1,0,0,1,1,E01025026,14-05-2018,1,1,1,2,42,7,3,0,0,0,0,-1,9,1
28959,74.64721284,26.45913234,4,3,2,3,2,18:45,74,E10000017,6,0,6,30,0,-1,-1,0,0,0,1,1,1,0,0,1,1,E01025011,16-05-2018,1,1,3,2,5,1,3,5,2,0,0,-1,0,1
28960,74.64962116,26.4746675,4,3,2,1,7,18:44,74,E10000017,6,0,6,30,6,4,6,0,0,0,1,1,1,0,0,1,1,E01024989,28-05-2018,1,1,3,2,81,11,3,5,9,0,0,-1,0,1
28961,74.64467212,26.45685319,4,2,1,2,2,13:50,74,E10000017,6,0,6,30,0,-1,-1,0,0,0,1,1,1,0,0,1,1,E01024998,06-06-2018,1,1,2,1,33,6,3,0,0,1,0,-1,9,1
28962,74.63128127,26.4562296,4,3,1,1,6,18:00,74,E10000017,4,5192,6,30,0,-1,-1,0,0,0,1,1,1,0,0,2,1,E01025012,10-06-2018,1,1,1,1,28,6,3,0,0,0,0,-1,3,-1
28963,74.65019614,26.45639237,4,3,3,3,6,15:08,74,E10000017,3,584,6,30,6,2,6,0,0,0,1,1,1,0,0,1,1,E01024982,06-05-2018,1,1,1,2,18,4,3,0,0,0,0,-1,9,-1
28964,74.63243455,26.46864019,4,3,2,3,1,15:18,74,E10000017,3,583,6,50,0,-1,-1,0,0,0,1,1,1,0,0,2,1,E01025007,22-05-2018,1,1,3,1,11,3,3,5,3,0,0,-1,0,1
28965,74.65318919,26.46026447,4,3,2,1,2,17:18,74,E10000017,6,0,6,30,6,4,6,0,0,0,1,2,2,0,0,1,1,E01024985,13-06-2018,2,1,1,1,-1,-1,3,0,0,0,0,-1,9,-1
28966,74.65240338,26.46949169,4,3,2,2,2,17:00,74,E10000017,6,0,6,30,0,-1,-1,0,0,0,1,1,1,0,0,1,1,E01025009,20-06-2018,1,1,1,2,17,4,3,0,0,0,0,-1,9,1
28967,74.63380689,26.45324428,4,2,3,3,6,17:05,74,E10000017,3,583,6,50,0,-1,-1,0,0,0,1,1,1,0,0,2,1,E01025014,24-06-2018,1,2,2,2,17,4,3,0,0,1,0,-1,9,-1
28968,74.64323766,26.4724969,4,3,2,1,2,08:43,74,E10000017,3,585,6,40,3,4,6,0,0,0,1,1,1,0,0,2,1,E01025026,20-06-2018,1,3,2,2,17,4,3,0,0,2,0,-1,9,1
28969,74.64848852,26.4690082,4,3,2,1,4,08:14,74,E10000017,6,0,6,30,3,4,6,0,0,0,1,2,2,0,0,1,1,E01025004,01-06-2018,1,4,2,2,17,4,3,0,0,1,0,-1,9,1
28970,74.65364955,26.47124023,4,3,2,1,5,20:30,74,E10000017,4,5260,6,60,0,-1,-1,0,0,0,1,1,1,0,0,2,1,E01025027,02-06-2018,1,1,3,1,32,6,3,5,9,0,0,-1,0,-1
28971,74.63478425,26.46196856,4,3,2,1,6,18:27,74,E10000017,6,0,6,60,9,4,6,0,0,0,1,1,1,0,0,2,1,E01025001,03-06-2018,1,1,1,1,21,5,3,0,0,0,0,-1,9,-1
28972,74.64568914,26.45816679,4,3,1,1,1,00:02,74,E10000017,6,0,6,30,7,4,6,0,0,1,4,1,1,0,0,1,1,E01024987,05-06-2018,2,2,1,2,26,6,3,0,0,0,0,-1,9,1
28973,74.63149119,26.45212983,4,3,2,1,5,17:05,74,E10000017,3,584,1,50,1,4,6,0,0,0,1,1,1,0,0,2,1,E01024998,09-06-2018,3,3,1,1,36,7,3,0,0,0,0,-1,9,3
28974,74.6368026,26.46380718,4,2,2,2,6,20:00,74,E10000017,6,0,6,30,0,-1,-1,0,0,0,1,1,1,0,0,1,1,E01025023,10-06-2018,1,1,1,1,33,6,3,0,0,0,0,-1,9,1
28975,74.63128304,26.46023238,4,3,3,3,1,19:15,74,E10000017,6,0,6,30,3,4,6,0,0,0,1,1,1,0,0,1,1,E01025024,03-07-2018,1,1,1,1,44,7,3,0,0,0,0,-1,9,1
28976,74.64923983,26.4760563,4,3,1,1,4,23:15,74,E10000017,4,5260,6,60,0,-1,-1,0,0,0,6,1,2,0,0,2,1,E01025027,15-06-2018,1,1,1,1,23,5,3,0,0,0,0,-1,9,1
28977,74.63990237,26.46460775,4,3,2,1,7,19:52,71,E06000009,3,583,1,30,1,3,3,583,0,0,1,1,1,0,0,2,1,E01012714,18-06-2018,2,1,1,2,24,5,3,0,0,0,0,-1,9,1
28978,74.64458762,26.46270652,4,2,2,1,2,16:47,74,E10000017,6,0,6,30,6,2,6,0,0,0,1,1,1,0,0,1,1,E01024989,20-06-2018,1,1,3,2,42,7,3,1,3,0,0,-1,0,-1
28979,74.63180228,26.45807422,4,3,2,1,2,11:10,74,E10000017,4,5192,6,30,3,4,4,5192,0,4,1,1,1,0,0,1,1,E01025013,11-07-2018,2,1,1,2,23,5,3,0,0,0,0,-1,9,1
28980,74.6343731,26.46932096,4,3,2,1,2,17:05,74,E10000017,3,584,6,30,0,-1,-1,0,0,0,1,1,1,0,0,1,1,E01024994,20-06-2018,2,2,2,2,43,7,3,0,0,1,0,-1,9,1
28981,74.6493613,26.45896895,4,1,1,1,2,08:50,74,E10000017,3,584,3,50,5,2,3,583,0,0,1,1,1,0,0,2,1,E01025014,11-07-2018,2,1,2,2,53,8,3,0,0,1,0,-1,9,1
28982,74.64488125,26.46941068,4,3,2,2,3,12:22,74,E10000017,3,585,6,40,3,4,6,0,0,0,1,1,1,0,0,1,1,E01025026,12-07-2018,2,1,1,2,29,6,3,0,0,0,0,-1,9,1
28983,74.65543758,26.46960286,4,3,2,1,5,12:00,74,E10000017,6,0,6,30,6,4,6,0,0,0,1,1,1,0,0,1,1,E01024989,30-06-2018,3,2,1,1,26,6,3,0,0,0,0,-1,19,1
28984,74.63264878,26.46987027,4,3,2,1,7,19:20,71,E06000009,3,583,3,40,1,4,3,5230,0,0,1,1,1,0,0,1,1,E01012732,02-07-2018,4,1,1,1,61,9,3,0,0,0,0,-1,19,1
28985,74.64419479,26.46657041,4,3,2,2,2,10:40,74,E10000017,3,584,6,30,0,-1,-1,0,0,0,1,1,2,0,0,1,1,E01024990,04-07-2018,1,1,1,1,34,6,3,0,0,0,0,-1,9,-1
28986,74.63119551,26.47661541,4,3,1,1,7,11:34,74,E10000017,3,583,1,40,1,4,6,0,1,0,1,1,1,0,0,2,1,E01025031,02-07-2018,1,1,2,2,23,5,3,0,0,1,0,-1,9,1
28987,74.63316075,26.46824658,4,3,1,2,4,19:42,74,E10000017,3,584,6,30,3,4,6,0,0,0,1,1,1,0,0,1,1,E01024994,20-07-2018,1,1,3,1,79,11,2,4,3,0,0,-1,0,-1
28988,74.65123062,26.4574621,4,2,1,1,7,19:40,74,E10000017,3,585,6,50,6,2,4,5260,0,5,1,1,1,0,2,2,1,E01025026,09-07-2018,1,2,3,2,10,2,3,4,3,0,0,-1,0,-1
28989,74.6504042,26.45484561,4,3,2,2,2,17:58,74,E10000017,6,0,6,30,0,-1,-1,0,0,0,1,1,1,0,6,1,1,E01025021,11-07-2018,1,1,3,2,10,2,3,5,1,0,0,-1,0,-1
28990,74.64905146,26.47040011,4,3,2,1,6,13:30,74,E10000017,3,585,1,50,5,4,6,0,0,0,1,1,1,0,0,2,1,E01025026,15-07-2018,1,2,3,1,37,7,3,5,1,0,0,-1,0,-1
28991,74.63861106,26.45597883,4,3,2,1,2,10:59,74,E10000017,3,5230,3,40,1,4,6,0,0,0,1,2,2,0,0,2,1,E01025031,18-07-2018,1,1,2,2,25,5,3,0,0,0,0,-1,4,-1
28992,74.65164711,26.45953242,4,2,2,1,3,12:35,74,E10000017,3,585,6,50,0,-1,-1,0,0,0,1,1,1,0,0,2,1,E01025026,19-07-2018,1,1,1,1,19,4,3,0,0,0,0,-1,4,1
28993,74.63516049,26.45427001,4,3,2,1,3,22:30,74,E10000017,6,0,6,30,9,4,6,0,0,0,4,1,1,0,0,1,1,E01024989,19-07-2018,1,1,1,1,20,4,3,0,0,0,0,-1,9,1
28994,74.63568262,26.47290464,4,3,1,1,1,07:05,74,E10000017,6,0,6,60,0,-1,-1,0,0,0,1,1,1,0,0,2,1,E01025026,24-07-2018,1,2,2,2,19,4,3,0,0,1,0,-1,9,-1
28995,74.64527315,26.47547167,4,3,2,1,3,19:40,74,E10000017,6,0,6,30,0,-1,-1,0,0,0,1,1,1,0,0,1,1,E01025005,26-07-2018,2,3,1,1,42,7,3,0,0,0,0,-1,9,1
28996,74.65198554,26.46182837,4,3,2,1,7,22:30,74,E10000017,3,584,6,30,6,2,6,0,0,0,4,1,1,0,0,2,1,E01025029,30-07-2018,1,1,3,1,11,3,3,5,9,0,0,-1,0,1
28997,74.63580603,26.46282402,4,3,2,1,7,19:05,74,E10000017,6,0,6,30,2,4,6,0,0,0,1,1,1,0,0,2,1,E01025000,06-08-2018,1,1,1,2,24,5,3,0,0,0,0,-1,9,1
28998,74.64883928,26.47614798,4,3,2,3,5,15:40,74,E10000017,4,5260,6,60,0,-1,-1,0,0,0,1,1,1,0,0,2,1,E01025031,11-08-2018,1,1,1,2,31,6,3,0,0,0,0,-1,9,1
28999,74.64152998,26.466036,4,3,2,1,5,08:05,74,E10000017,3,585,6,40,0,-1,-1,0,0,0,1,1,1,0,0,2,1,E01025026,18-08-2018,2,2,1,1,23,5,3,0,0,0,0,-1,9,-1
29000,74.65080138,26.46233558,4,3,2,1,6,09:00,74,E10000017,3,584,3,50,9,4,3,583,0,0,1,1,1,0,0,2,1,E01025014,19-08-2018,1,1,1,1,45,7,3,0,0,0,0,-1,9,1
29001,74.64361956,26.45251418,4,3,2,1,6,17:50,74,E10000017,6,0,6,30,0,-1,-1,0,0,0,1,1,2,0,2,1,1,E01025008,26-08-2018,2,2,1,1,33,6,3,0,0,0,0,-1,9,-1
29002,74.63229856,26.46998795,4,2,2,1,2,11:25,74,E10000017,6,0,6,30,0,-1,-1,0,0,0,1,1,1,0,0,1,1,E01025025,29-08-2018,1,1,1,1,17,4,3,0,0,0,0,-1,3,-1
29003,74.64701862,26.47120116,4,3,2,1,4,14:30,74,E10000017,6,0,6,30,6,2,6,0,0,0,1,2,2,0,0,1,1,E01024988,31-08-2018,1,1,2,2,51,8,3,0,0,0,4,-1,11,1
29004,74.64191553,26.45931808,4,3,2,2,3,08:15,74,E10000017,6,0,6,30,9,4,6,0,0,0,1,1,1,0,0,2,1,E01025028,30-08-2018,1,2,2,2,69,10,3,0,0,0,4,-1,11,1
29005,74.64072679,26.45369833,4,2,2,5,1,15:15,74,E10000017,3,585,6,40,9,4,3,585,0,0,1,1,1,0,0,1,1,E01025026,04-09-2018,1,1,3,2,11,3,3,5,1,0,0,-1,0,1
29006,74.65095028,26.45871915,4,3,2,1,1,12:56,74,E10000017,4,5260,6,60,0,-1,-1,0,0,0,1,1,1,0,0,2,1,E01025026,04-09-2018,1,1,3,1,43,7,2,10,9,0,0,-1,0,1
29007,74.64965722,26.46789099,4,3,2,1,4,10:05,74,E10000017,4,5233,6,30,0,-1,-1,0,0,0,1,1,1,0,0,1,1,E01024987,07-09-2018,1,1,1,2,27,6,3,0,0,0,0,-1,9,1
29008,74.63551521,26.46927777,4,3,2,1,4,07:39,74,E10000017,6,0,6,30,3,4,6,0,0,0,1,5,2,0,0,1,1,E01025002,24-08-2018,1,1,1,2,26,6,3,0,0,0,0,-1,20,2
29009,74.63862444,26.46006218,4,2,2,2,6,13:15,74,E10000017,4,5260,6,60,0,-1,-1,0,0,0,1,1,2,0,0,3,1,,09-09-2018,2,2,2,2,72,10,3,0,0,0,2,-1,11,1
29010,74.64076429,26.46052135,4,3,2,1,2,15:30,74,E10000017,6,0,6,30,9,4,6,0,0,0,1,1,1,0,0,1,1,E01025027,12-09-2018,2,3,2,2,78,11,3,0,0,0,2,-1,11,1
29011,74.64268154,26.45227341,4,3,3,2,6,01:25,74,E10000017,6,0,6,30,0,-1,-1,0,0,0,4,2,2,0,0,1,1,E01025025,09-09-2018,1,1,1,2,23,5,3,0,0,0,0,-1,9,1
29012,74.64159286,26.46473882,4,3,2,2,1,17:13,74,E10000017,3,585,6,40,3,2,3,588,0,0,1,1,1,0,0,1,1,E01025026,11-09-2018,1,1,1,2,28,6,3,0,0,0,0,-1,9,-1
29013,74.63477813,26.4726461,4,3,2,3,4,15:27,74,E10000017,6,0,6,60,8,4,6,0,0,0,1,1,1,0,0,2,1,E01025012,14-09-2018,1,1,1,2,23,5,3,0,0,0,0,-1,9,3
29014,74.65428395,26.45807547,4,3,1,2,1,12:55,74,E10000017,6,0,6,30,3,3,6,0,0,0,1,1,1,0,0,2,1,E01025028,18-09-2018,1,1,3,2,-1,-1,3,5,3,0,0,-1,0,-1
29015,74.6353081,26.4620334,4,3,2,1,5,09:15,74,E10000017,3,583,6,50,0,-1,-1,0,0,0,1,9,2,0,2,2,1,E01025031,01-09-2018,1,3,1,1,-1,-1,3,0,0,0,0,-1,9,-1
29016,74.63877778,26.47398862,4,3,3,1,3,17:20,74,E10000017,3,583,3,50,6,2,6,0,0,5,1,1,1,0,0,1,1,E01025011,16-08-2018,2,2,1,2,27,6,3,0,0,0,0,-1,9,1
29017,74.65620897,26.46855865,4,3,2,2,3,15:15,74,E10000017,6,0,6,30,0,-1,-1,0,0,0,1,1,1,0,0,2,1,E01025014,20-09-2018,3,1,1,1,40,7,3,0,0,0,0,-1,9,-1
29018,74.64947182,26.47588336,4,3,4,2,4,21:55,74,E10000017,3,583,6,50,0,-1,-1,0,0,0,4,8,2,0,0,2,1,E01025014,21-09-2018,1,1,3,1,60,9,3,9,5,0,0,-1,0,1
29019,74.64994913,26.4697478,4,3,2,2,4,12:59,74,E10000017,6,0,6,30,6,4,6,0,0,0,1,1,1,0,0,1,1,E01024988,21-09-2018,1,1,3,1,89,11,3,5,2,0,0,-1,0,-1