Accident_Index,longitude,latitude,Police_Force,Accident_Severity,Number_of_Vehicles,Number_of_Casualties,Day_of_Week,Time,Local_Authority_(District),Local_Authority_(Highway),1st_Road_Class,1st_Road_Number,Road_Type,Speed_limit,Junction_Detail,Junction_Control,2nd_Road_Class,2nd_Road_Number,Pedestrian_Crossing-Human_Control,Pedestrian_Crossing-Physical_Facilities,Light_Conditions,Weather_Conditions,Road_Surface_Conditions,Special_Conditions_at_Site,Carriageway_Hazards,Urban_or_Rural_Area,Did_Police_Officer_Attend_Scene_of_Accident,LSOA_of_Accident_Location,Date,Vehicle_Reference,Casualty_Reference,Casualty_Class,Sex_of_Casualty,Age_of_Casualty,Age_Band_of_Casualty,Casualty_Severity,Pedestrian_Location,Pedestrian_Movement,Car_Passenger,Bus_or_Coach_Passenger,Pedestrian_Road_Maintenance_Worker,Casualty_Type,Casualty_Home_Area_Type
29141,74.63838664,26.46737764,4,3,1,1,7,22:10,71,E06000009,3,584,6,30,3,2,6,0,0,5,4,2,2,0,0,1,1,E01025024,04-06-2018,1,1,1,1,43,7,3,0,0,0,0,-1,9,1
29142,74.64461343,26.46062546,4,3,2,1,5,15:25,71,E06000009,6,0,6,30,7,4,6,0,0,0,1,1,1,0,0,1,1,E01012755,09-06-2018,2,2,1,1,38,7,3,0,0,0,0,-1,9,1
29143,74.64892853,26.4714046,4,2,2,1,2,20:48,71,E06000009,6,0,6,30,6,4,6,0,0,0,1,1,1,0,0,1,1,E01012751,27-06-2018,3,3,1,1,27,6,3,0,0,0,0,-1,9,1
29144,74.63935041,26.47192082,4,3,1,1,3,15:30,71,E06000009,6,0,6,30,0,-1,-1,0,0,0,1,4,1,0,6,1,1,E01012753,14-06-2018,4,4,1,1,54,8,3,0,0,0,0,-1,9,1
29145,74.63863783,26.47379062,4,3,2,1,3,17:50,71,E06000009,3,5230,7,30,9,4,6,0,0,0,1,1,1,0,0,1,1,E01025024,14-06-2018,1,1,1,2,37,7,3,0,0,0,0,-1,9,1
29146,74.63613808,26.47020973,4,3,2,1,5,17:20,71,E06000009,3,584,6,30,7,2,4,5262,0,5,1,1,1,0,0,1,1,E01012736,16-06-2018,1,1,1,1,40,7,3,0,0,0,0,-1,5,1
29147,74.63735507,26.46070708,4,3,4,1,1,16:45,71,E06000009,3,5230,3,40,0,-1,-1,0,0,0,1,1,1,0,0,2,1,E01012687,19-06-2018,1,1,1,2,42,7,3,0,0,0,0,-1,9,1
29148,74.6381231,26.46965939,4,2,2,2,6,14:40,71,E06000009,5,262,6,30,3,4,6,0,0,0,1,1,1,0,0,1,1,E01012699,01-07-2018,1,1,1,1,26,6,3,0,0,0,0,-1,9,1
29149,74.64174571,26.45218048,4,3,1,1,6,22:20,71,E06000009,3,584,6,30,3,2,3,5073,0,5,1,1,1,0,0,1,1,E01012671,24-06-2018,1,1,1,1,26,6,3,0,0,0,0,-1,9,-1
29150,74.65549452,26.47255745,4,3,1,1,5,15:22,71,E06000009,6,0,6,30,0,-1,-1,0,0,0,1,1,1,0,0,1,1,E01012686,23-06-2018,1,1,1,2,86,11,3,0,0,0,0,-1,9,1
29151,74.63764884,26.46053387,4,3,1,1,3,07:45,71,E06000009,6,0,6,30,3,4,6,0,0,0,1,1,1,0,0,1,1,E01012696,28-06-2018,1,1,1,2,45,7,3,0,0,0,0,-1,9,-1
29152,74.65352223,26.45937502,4,3,2,1,5,13:30,71,E06000009,6,0,6,30,6,4,6,0,0,0,1,2,2,0,0,1,1,E01012751,30-06-2018,1,1,1,1,28,6,3,0,0,0,0,-1,5,-1
29153,74.63973611,26.4604881,4,3,1,1,6,15:36,71,E06000009,3,5073,6,30,6,2,3,5099,0,5,1,1,1,0,0,1,1,E01012674,01-07-2018,1,1,1,1,38,7,3,0,0,0,0,-1,4,-1
29154,74.65051643,26.46353151,4,3,2,1,7,21:30,71,E06000009,6,0,6,30,3,4,6,0,0,0,4,1,1,0,0,1,1,E01012672,02-07-2018,2,2,1,1,47,8,3,0,0,0,0,-1,9,-1
29155,74.63150283,26.45917192,4,3,2,1,5,16:00,71,E06000009,6,0,6,30,3,4,6,0,0,0,1,1,1,0,0,1,1,E01012686,14-07-2018,1,1,3,1,12,3,2,10,9,0,0,-1,0,1
29156,74.64906618,26.46607861,4,3,2,1,6,18:38,71,E06000009,3,587,6,30,0,-1,-1,0,0,0,1,1,1,0,0,2,1,E01012713,15-07-2018,1,1,1,2,48,8,3,0,0,0,0,-1,9,3
29157,74.63759924,26.45258972,4,3,1,1,1,16:35,71,E06000009,3,584,6,30,0,-1,-1,0,0,0,1,1,1,0,0,1,1,E01012752,17-07-2018,2,2,1,2,21,5,3,0,0,0,0,-1,9,3
29158,74.63828237,26.45217008,4,3,2,3,7,18:00,71,E06000009,6,0,6,30,6,2,6,0,0,4,1,1,1,0,0,1,1,E01012745,16-07-2018,1,1,3,2,-1,-1,3,5,3,0,0,-1,0,-1
29159,74.64626649,26.474728,4,3,2,1,3,16:25,71,E06000009,3,5230,3,30,3,2,6,0,0,0,1,1,1,0,0,1,1,E01025024,21-06-2018,1,1,2,2,61,9,3,0,0,1,0,-1,9,-1
29160,74.63185006,26.46305221,4,2,1,1,1,17:46,71,E06000009,6,0,6,30,6,4,6,0,0,0,1,1,1,0,0,1,1,E01012672,24-07-2018,1,1,1,1,45,7,3,0,0,0,0,-1,9,-1
29161,74.63354629,26.47501567,4,3,1,1,5,12:57,71,E06000009,3,583,6,30,3,4,6,0,0,0,1,4,2,0,0,2,1,E01012712,28-07-2018,1,1,3,1,80,11,2,5,3,0,0,-1,0,-1
29162,74.65113437,26.45522176,4,3,2,2,6,14:50,71,E06000009,6,0,6,30,6,4,6,0,0,0,1,1,1,0,0,1,1,E01012672,29-07-2018,1,1,1,2,36,7,2,0,0,0,0,-1,9,1
29163,74.65173156,26.47413792,4,2,2,1,3,14:40,71,E06000009,4,5261,1,30,1,4,6,0,0,4,1,1,1,0,0,1,1,E01012695,02-08-2018,1,1,2,2,24,5,3,0,0,1,0,-1,9,-1
29164,74.64885533,26.47012739,4,3,2,1,5,18:04,71,E06000009,3,5099,6,30,3,4,6,0,0,0,1,1,1,0,0,1,1,E01012743,04-08-2018,1,1,1,1,-1,-1,3,0,0,0,0,-1,9,-1
29165,74.63671168,26.47484027,4,3,1,1,5,11:25,71,E06000009,6,0,6,30,5,4,4,5262,0,0,1,1,1,7,0,1,1,E01012751,11-08-2018,1,1,3,2,18,4,3,4,4,0,0,-1,0,-1
29166,74.64059215,26.45887856,4,3,2,1,4,17:30,71,E06000009,6,0,6,30,3,2,6,0,0,0,1,1,1,0,0,1,1,E01012688,10-08-2018,1,1,1,1,80,11,3,0,0,0,0,-1,9,1
29167,74.64205681,26.45400409,4,3,1,1,6,18:15,71,E06000009,6,0,6,30,0,-1,-1,0,0,0,1,1,1,0,0,1,1,E01012727,12-08-2018,2,2,1,2,28,6,3,0,0,0,0,-1,9,1
29168,74.65164077,26.46743467,4,3,2,1,3,08:20,71,E06000009,6,0,6,30,9,4,6,0,1,4,1,9,1,0,0,1,1,E01012714,05-07-2018,1,1,3,2,7,2,3,6,9,0,0,-1,0,1
29169,74.64278224,26.47296573,4,3,1,1,6,11:00,71,E06000009,3,5099,6,30,3,4,6,0,0,0,1,1,1,0,0,1,1,E01012673,19-08-2018,1,2,3,1,-1,-1,3,6,9,0,0,-1,0,-1
29170,74.65620766,26.46209428,4,3,2,1,2,16:15,71,E06000009,6,0,6,60,8,4,6,0,0,0,1,1,1,0,0,1,1,E01012730,22-08-2018,2,1,2,1,11,3,3,0,0,2,0,-1,9,1
29171,74.65071089,26.46729119,4,1,1,1,3,19:15,71,E06000009,4,5230,1,40,1,4,6,0,0,0,1,9,-1,6,0,2,1,E01012732,07-06-2018,2,2,2,2,18,4,3,0,0,2,0,-1,9,1
29172,74.63127761,26.45853471,4,3,1,1,3,17:25,74,E10000017,3,583,1,30,1,-1,1,55,0,0,1,8,2,0,0,2,1,E01012687,23-08-2018,1,1,1,1,22,5,3,0,0,0,0,-1,9,-1
29173,74.63763347,26.46467542,4,2,1,1,3,15:50,71,E06000009,6,0,6,30,9,4,6,0,0,0,1,1,1,0,0,1,1,E01012751,30-08-2018,1,2,2,1,21,5,3,0,0,2,0,-1,9,1
29174,74.64902816,26.46910861,4,3,1,1,3,17:15,71,E06000009,6,0,6,30,3,4,6,0,0,0,1,1,1,0,0,1,1,E01012671,30-08-2018,1,3,2,1,21,5,3,0,0,2,0,-1,9,-1
29175,74.64578941,26.46586758,4,3,2,2,2,12:17,71,E06000009,3,584,6,30,3,2,3,5073,0,4,1,1,1,0,0,1,1,E01012751,29-08-2018,1,1,2,1,17,4,3,0,0,0,0,-1,1,1
29176,74.64853911,26.47232177,4,3,1,1,3,07:30,71,E06000009,6,0,6,30,0,-1,-1,0,0,0,1,7,1,0,0,1,1,E01012745,06-09-2018,2,1,2,2,39,7,3,0,0,1,0,-1,9,1
29177,74.63765679,26.45789459,4,2,1,2,3,18:27,71,E06000009,6,0,6,30,0,-1,-1,0,0,0,1,1,1,0,0,1,1,E01012755,02-08-2018,4,2,1,1,78,11,3,0,0,0,0,-1,9,1
29178,74.64713433,26.46085579,4,3,2,1,5,13:00,71,E06000009,6,0,3,40,6,2,6,0,0,5,1,1,1,0,0,1,1,E01012730,08-09-2018,1,1,2,2,27,6,3,0,0,1,0,-1,9,1
29179,74.63280743,26.47093195,4,3,1,1,6,19:30,71,E06000009,6,0,6,30,3,4,6,0,0,0,1,1,1,0,0,1,1,E01012715,09-09-2018,1,1,2,2,35,6,3,0,0,1,0,-1,9,1
29180,74.64527606,26.4540878,4,3,2,1,1,17:38,71,E06000009,6,0,6,30,9,-1,6,0,0,0,1,1,1,0,2,1,1,E01012702,11-09-2018,1,1,1,2,27,6,3,0,0,0,0,-1,9,-1
29181,74.65443243,26.46695331,4,2,1,1,1,17:24,71,E06000009,6,0,6,30,0,-1,-1,0,0,0,1,1,1,0,0,1,1,E01012726,03-07-2018,1,2,2,1,30,6,3,0,0,1,0,-1,9,-1
29182,74.65473896,26.46715738,4,3,2,3,6,12:45,71,E06000009,6,0,6,30,0,-1,-1,0,0,0,1,1,1,0,0,1,1,E01012688,16-09-2018,1,1,1,1,33,6,2,0,0,0,0,-1,9,1
29183,74.64449186,26.46649351,4,3,1,1,2,15:36,71,E06000009,6,0,6,30,3,4,6,0,0,5,1,1,1,0,0,1,1,E01012745,19-09-2018,1,1,1,1,58,9,3,0,0,0,0,-1,9,1
29184,74.63570454,26.45941067,4,3,1,1,2,18:37,71,E06000009,6,0,6,40,3,4,6,0,0,0,1,2,2,0,0,1,1,E01012730,19-09-2018,1,1,1,1,37,7,3,0,0,0,0,-1,3,1
29185,74.63602531,26.46853662,4,3,3,1,3,20:00,71,E06000009,6,0,6,30,0,-1,-1,0,0,0,4,1,1,0,0,3,1,,20-09-2018,1,1,1,1,66,10,3,0,0,0,0,-1,9,1
29186,74.63517312,26.46236457,4,2,2,1,4,16:59,71,E06000009,3,583,3,30,3,4,6,0,0,0,1,1,1,0,0,1,1,E01012712,21-09-2018,1,1,1,2,42,7,3,0,0,0,0,-1,1,1
29187,74.63733121,26.45771603,4,3,2,1,4,17:20,71,E06000009,3,5099,6,30,0,-1,-1,0,0,1,1,1,1,0,0,1,1,E01012673,21-09-2018,1,1,1,1,21,5,3,0,0,0,0,-1,9,1
29188,74.64139636,26.47154634,4,3,2,1,4,17:50,71,E06000009,6,0,6,30,0,-1,-1,0,0,0,1,1,1,0,0,1,1,E01012745,21-09-2018,1,1,1,1,26,6,3,0,0,0,0,-1,9,1
29189,74.64900691,26.46808731,4,3,1,1,4,10:52,71,E06000009,6,0,6,30,3,4,6,0,0,0,1,1,1,0,0,1,1,E01012751,21-09-2018,1,1,1,1,52,8,3,0,0,0,0,-1,9,-1
29190,74.63611738,26.45204503,4,3,1,1,7,14:00,71,E06000009,6,0,6,30,0,-1,-1,0,0,0,1,1,1,0,0,1,1,E01012731,24-09-2018,1,1,1,1,22,5,3,0,0,0,0,-1,9,1
29191,74.63678752,26.47157114,4,3,2,8,2,19:40,71,E06000009,3,573,6,30,3,2,6,0,0,5,4,2,2,0,0,1,1,E01012745,26-09-2018,1,1,1,2,53,8,3,0,0,0,0,-1,9,1
29192,74.6475198,26.4524736,4,3,2,1,2,16:40,71,E06000009,6,0,3,30,9,4,6,0,0,0,1,1,1,0,2,1,1,E01012725,26-09-2018,1,1,1,1,26,6,3,0,0,0,0,-1,9,1
29193,74.64325698,26.45343497,4,3,2,2,3,21:28,71,E06000009,6,0,6,30,6,4,6,0,0,0,4,5,2,0,2,1,1,E01012746,27-09-2018,1,1,1,1,36,7,3,0,0,0,0,-1,4,1
29194,74.63298439,26.45318429,4,2,3,2,5,07:30,71,E06000009,6,0,6,40,0,4,-1,0,0,0,1,1,1,0,0,1,1,E01012751,29-09-2018,1,1,1,2,38,7,3,0,0,0,0,-1,9,1
29195,74.63745538,26.4736641,4,3,2,1,5,13:26,71,E06000009,3,5073,6,30,9,4,6,0,0,0,1,1,1,0,0,1,1,E01012745,29-09-2018,1,1,1,2,22,5,3,0,0,0,0,-1,9,1
29196,74.65390641,26.4621709,4,3,3,4,3,18:45,74,E10000017,4,5261,6,30,3,4,6,0,0,0,4,1,1,0,0,1,1,E01025006,04-10-2018,1,1,1,2,20,4,3,0,0,0,0,-1,9,-1
29197,74.63862416,26.46712626,4,3,2,2,7,19:00,71,E06000009,4,5261,6,30,6,2,6,0,2,5,4,1,2,0,0,1,1,E01012729,01-10-2018,1,1,3,1,40,7,2,5,1,0,0,-1,0,-1
29198,74.65241736,26.45714061,4,3,1,1,5,20:55,71,E06000009,3,584,9,20,0,-1,-1,0,0,0,4,1,1,0,0,1,1,E01012751,06-10-2018,1,1,1,1,35,6,3,0,0,0,0,-1,8,1
29199,74.63809619,26.45949645,4,3,2,3,1,13:05,71,E06000009,6,0,6,30,0,-1,-1,0,0,4,1,1,1,0,0,1,1,E01012687,09-10-2018,1,2,2,2,-1,-1,3,0,0,2,0,-1,8,-1
29200,74.63884673,26.46151271,4,3,2,1,3,17:45,71,E06000009,6,0,6,30,9,4,6,0,0,0,1,1,1,0,0,1,1,E01012673,11-10-2018,1,3,2,2,-1,-1,3,0,0,2,0,-1,8,-1
29201,74.63335305,26.46302161,4,3,2,1,7,07:30,71,E06000009,6,0,6,30,3,4,6,0,0,0,1,1,1,0,0,1,1,E01012698,15-10-2018,1,1,2,1,16,4,3,0,0,1,0,-1,9,1
29202,74.6393472,26.4722261,4,3,2,1,4,15:00,71,E06000009,6,0,1,30,1,4,6,0,0,0,1,2,2,0,0,1,1,E01012687,26-10-2018,1,1,1,1,26,6,3,0,0,0,0,-1,9,1
29203,74.64427635,26.47408671,4,3,1,1,7,00:55,71,E06000009,6,0,6,30,0,-1,-1,0,0,0,5,1,1,0,0,1,1,E01012670,22-10-2018,1,1,1,1,68,10,2,0,0,0,0,-1,9,-1
29204,74.63870268,26.45401065,4,2,3,9,6,14:15,71,E06000009,3,5230,3,30,0,-1,-1,0,0,0,1,1,1,0,0,1,1,E01012725,28-10-2018,2,2,1,1,64,9,2,0,0,0,0,-1,9,1
29205,74.64279699,26.46120004,4,3,2,2,1,15:00,71,E06000009,3,584,6,30,3,2,3,584,0,0,1,1,2,0,0,1,1,E01012727,30-10-2018,2,1,1,2,42,7,3,0,0,0,0,-1,9,1
29206,74.65219165,26.45352615,4,3,3,2,2,17:30,71,E06000009,6,0,6,30,0,-1,-1,0,0,0,4,2,2,0,0,1,1,E01012712,31-10-2018,1,1,3,1,39,7,3,6,9,0,0,-1,0,1
29207,74.64776243,26.47496577,4,2,1,1,2,16:08,71,E06000009,6,0,6,30,9,4,6,0,0,0,1,1,1,0,0,1,1,E01012746,31-10-2018,1,1,2,2,18,4,3,0,0,1,0,-1,9,-1
29208,74.63650419,26.45529069,4,3,1,1,1,18:32,71,E06000009,6,0,6,30,0,-1,-1,0,0,0,4,1,1,0,0,1,1,E01012686,23-10-2018,2,1,1,1,27,6,3,0,0,0,0,-1,9,-1
29209,74.63383937,26.46162344,4,3,2,1,7,17:45,71,E06000009,3,584,6,30,0,-1,-1,0,0,5,1,1,1,0,0,1,1,E01012752,03-09-2018,2,2,2,1,22,5,3,0,0,1,0,-1,9,-1
29210,74.6384001,26.45296852,4,2,1,1,5,19:34,71,E06000009,6,0,6,30,3,4,4,5261,0,0,4,2,2,0,0,1,1,E01012696,03-11-2018,1,1,1,2,30,6,3,0,0,0,0,-1,9,1
29211,74.64634335,26.47346479,4,3,2,1,5,14:35,71,E06000009,5,262,6,30,6,4,6,0,0,1,1,5,2,0,0,1,1,E01012702,03-11-2018,1,1,1,1,42,7,3,0,0,0,0,-1,5,1
29212,74.6437323,26.4621387,4,2,2,2,6,10:20,71,E06000009,3,584,6,30,7,2,4,5262,0,5,1,2,2,0,0,1,1,E01012671,04-11-2018,1,1,2,2,22,5,3,0,0,1,0,-1,9,1
29213,74.64551164,26.45720864,4,3,2,1,7,18:15,71,E06000009,4,5261,6,30,0,-1,-1,0,0,0,4,9,2,0,0,1,1,E01012731,05-11-2018,1,1,1,2,48,8,3,0,0,0,0,-1,9,1
29214,74.63928686,26.46830657,4,3,1,1,4,08:20,71,E06000009,4,5262,6,30,3,4,6,0,0,5,1,2,2,0,0,1,1,E01012671,02-11-2018,1,1,1,1,29,6,3,0,0,0,0,-1,9,1
29215,74.6422286,26.46951892,4,2,1,1,2,09:50,71,E06000009,3,5073,3,30,3,4,6,0,0,4,1,1,2,0,0,1,1,E01012751,07-11-2018,2,2,2,1,18,4,3,0,0,0,0,-1,19,1
29216,74.63786417,26.46046248,4,2,2,2,4,18:10,71,E06000009,3,5099,6,30,6,2,6,0,0,4,4,1,1,0,0,1,1,E01012743,09-11-2018,3,3,1,1,38,7,3,0,0,0,0,-1,9,-1
29217,74.64074401,26.45555233,4,3,1,4,4,02:25,71,E06000009,3,5099,1,30,2,4,4,5261,0,1,4,1,1,0,0,1,1,E01012673,09-11-2018,1,1,3,2,45,7,3,5,1,0,0,-1,0,-1
29218,74.63457617,26.46066763,4,3,2,3,7,17:30,71,E06000009,3,583,3,40,3,2,6,0,0,0,4,1,1,0,0,2,1,E01012687,12-11-2018,1,1,1,1,17,4,3,0,0,0,0,-1,3,1
29219,74.64526896,26.47143771,4,3,2,1,2,17:13,71,E06000009,6,0,6,30,9,4,6,0,0,1,4,1,1,0,0,1,1,E01012696,14-11-2018,1,1,1,1,23,5,3,0,0,0,0,-1,9,-1
29220,74.63712357,26.47340674,4,3,1,1,6,23:15,71,E06000009,6,0,6,30,0,-1,-1,0,0,0,4,1,1,0,0,1,1,E01012728,18-11-2018,1,2,2,1,-1,-1,2,0,0,1,0,-1,9,1
29221,74.63208107,26.47382592,4,3,2,1,7,20:30,71,E06000009,6,0,6,30,3,4,6,0,0,0,4,1,1,0,0,1,1,E01012728,24-09-2018,1,1,1,1,21,5,3,0,0,0,0,-1,9,1
29222,74.63596927,26.45910452,4,3,2,4,5,15:25,71,E06000009,6,0,6,30,3,4,6,0,0,0,1,4,2,0,0,1,1,E01012714,24-11-2018,1,1,2,2,69,10,3,0,0,0,4,-1,11,1
29223,74.65496121,26.45309876,4,2,2,1,4,19:10,71,E06000009,6,0,6,30,3,4,6,0,0,8,4,1,1,0,0,1,1,E01012688,23-11-2018,1,1,1,1,24,5,3,0,0,0,0,-1,9,1
29224,74.63868265,26.47660296,4,1,1,1,3,14:54,71,E06000009,6,0,6,30,3,4,6,0,0,0,1,1,1,0,0,1,1,E01012685,29-11-2018,1,1,1,1,18,4,3,0,0,0,0,-1,9,1
29225,74.63985511,26.45318018,4,3,2,2,2,07:50,71,E06000009,3,5230,3,30,7,2,4,5261,0,5,1,1,1,0,0,1,1,E01012730,28-11-2018,1,1,1,1,28,6,3,0,0,0,0,-1,9,1
29226,74.64087369,26.4635966,4,3,2,1,4,13:00,71,E06000009,6,0,6,30,3,4,4,5261,0,0,1,2,2,0,0,1,1,E01012696,30-11-2018,2,1,1,1,45,7,3,0,0,0,0,-1,9,1
29227,74.63723544,26.47165803,4,3,2,1,7,16:53,71,E06000009,3,584,6,30,0,-1,-1,0,0,5,4,2,2,0,0,1,1,E01012671,03-12-2018,1,1,1,2,28,6,3,0,0,0,0,-1,9,-1
29228,74.63575133,26.45683078,4,3,2,1,7,13:00,71,E06000009,4,5261,3,30,9,2,3,5230,0,5,1,1,2,0,0,1,1,E01012731,03-12-2018,2,1,1,2,24,5,3,0,0,0,0,-1,9,1
29229,74.64411472,26.47209268,4,3,2,1,4,17:30,71,E06000009,4,5262,6,30,3,2,6,0,0,5,4,1,1,2,0,1,1,E01012671,07-12-2018,2,1,1,1,26,6,3,0,0,0,0,-1,1,1
29230,74.64586367,26.46465387,4,3,2,1,3,11:45,71,E06000009,6,0,6,30,3,4,6,0,0,0,1,1,1,0,0,1,1,E01012689,22-11-2018,1,1,1,2,64,9,3,0,0,0,0,-1,9,1
29231,74.65611503,26.46703952,4,3,3,1,2,14:00,71,E06000009,3,5099,6,30,6,2,6,0,0,5,1,9,1,0,0,1,1,E01012674,05-12-2018,1,1,1,2,54,8,3,0,0,0,0,-1,9,1
29232,74.65151336,26.46129717,4,3,2,3,7,00:20,71,E06000009,3,5099,6,30,3,4,6,0,0,0,4,1,1,0,0,1,1,E01012673,10-12-2018,1,1,1,2,36,7,3,0,0,0,0,-1,9,1
29233,74.63717286,26.45755197,4,2,1,1,7,13:00,71,E06000009,3,584,6,30,0,-1,-1,0,0,0,1,1,1,0,0,1,1,E01012752,29-10-2018,2,1,1,2,39,7,3,0,0,0,0,-1,5,1
29234,74.63696574,26.45478434,4,3,1,1,2,19:20,71,E06000009,3,5099,6,30,6,2,6,0,0,5,4,1,2,0,0,1,1,E01012674,12-12-2018,1,1,2,2,35,6,3,0,0,1,0,-1,9,1
29235,74.65046676,26.47117777,4,3,2,1,3,09:05,71,E06000009,6,0,6,30,3,4,6,0,0,0,1,1,2,0,0,1,1,E01012712,13-12-2018,1,1,1,2,53,8,3,0,0,0,0,-1,9,-1
29236,74.65650158,26.45542823,4,3,1,1,7,14:30,71,E06000009,3,5073,6,30,0,-1,-1,0,0,0,1,1,1,0,0,1,1,E01012745,17-12-2018,1,1,1,1,46,8,3,0,0,0,0,-1,9,1
29237,74.65550746,26.46657178,4,3,3,1,4,20:40,71,E06000009,6,0,6,30,0,-1,-1,0,0,0,4,1,1,0,0,1,1,E01012671,23-11-2018,1,1,2,2,28,6,3,0,0,1,0,-1,9,1
29238,74.63494568,26.4748721,4,3,2,2,7,13:10,71,E06000009,3,5099,1,30,1,4,4,5261,0,1,1,1,1,0,0,1,1,E01012673,17-12-2018,1,1,2,2,66,10,3,0,0,0,3,-1,11,1
29239,74.64507273,26.46413481,4,3,2,1,6,18:45,71,E06000009,6,0,6,30,0,-1,-1,0,0,1,4,9,4,0,0,1,1,E01012674,18-11-2018,1,1,3,1,12,3,2,5,1,0,0,-1,0,-1
29240,74.64573168,26.45854124,4,3,1,1,3,22:07,71,E06000009,6,0,6,30,0,-1,-1,0,0,0,1,1,1,0,0,1,1,E01012689,20-12-2018,1,1,3,2,13,3,3,5,1,0,0,-1,0,1
29241,74.64309065,26.46392172,4,3,1,2,6,18:30,71,E06000009,3,583,6,30,6,2,3,583,0,4,4,1,1,0,0,1,1,E01012741,23-12-2018,1,1,3,2,66,10,2,4,1,0,0,-1,0,1
29242,74.63421207,26.45764129,4,3,3,1,7,14:52,71,E06000009,3,584,6,30,0,-1,-1,0,0,0,1,1,2,0,0,1,1,E01012671,24-12-2018,1,1,1,2,35,6,3,0,0,0,0,-1,2,1
29243,74.63972702,26.46399803,4,3,2,2,5,12:40,71,E06000009,3,584,6,30,9,4,6,0,0,0,1,1,1,0,0,1,1,E01012752,21-07-2018,1,1,1,1,36,7,3,0,0,0,0,-1,9,1
29244,74.63993959,26.46584534,4,3,1,1,6,12:30,71,E06000009,3,583,6,30,3,4,6,0,0,8,1,1,2,0,0,1,1,E01012715,30-12-2018,1,1,3,1,74,10,3,4,1,0,0,-1,0,-1
29245,74.65320459,26.45852993,4,3,1,1,4,17:17,71,E06000009,6,0,6,30,7,2,6,0,0,5,4,1,1,6,0,1,1,E01025024,07-12-2018,1,1,3,1,-1,-1,3,1,1,0,0,-1,0,-1
29246,74.63960425,26.46901536,4,3,2,2,1,02:40,71,E06000009,3,583,3,30,3,4,6,0,0,0,4,1,1,0,0,1,1,E01012685,21-08-2018,1,1,2,1,42,7,3,0,0,1,0,-1,9,1
29247,74.64666849,26.45260947,4,3,2,2,7,22:51,71,E06000009,6,0,6,30,0,-1,-1,0,0,0,4,1,1,0,0,1,1,E01012751,31-12-2018,2,2,2,2,55,8,2,0,0,2,0,-1,9,1
29248,74.64659588,26.47283216,4,3,2,1,5,12:17,71,E06000009,6,0,6,30,0,-1,-1,0,0,0,1,9,-1,6,0,1,1,E01012699,14-07-2018,1,1,3,1,33,6,3,5,3,0,0,-1,0,1
29249,74.6526353,26.47527347,4,3,1,1,4,15:55,71,E06000009,4,5124,6,30,6,4,6,0,0,4,1,1,1,0,0,1,1,E01012750,04-05-2018,2,1,1,1,41,7,3,0,0,0,0,-1,9,1
29250,74.63556219,26.46312959,4,3,2,1,4,19:35,71,E06000009,6,0,6,30,6,4,6,0,0,0,1,1,1,0,0,1,1,E01012749,04-05-2018,1,1,1,1,40,7,3,0,0,0,0,-1,5,1
29251,74.6310234,26.47048895,4,3,2,2,5,18:35,71,E06000009,3,587,6,30,6,2,6,0,0,5,1,1,1,1,0,1,1,E01012690,05-05-2018,1,1,3,2,39,7,3,5,1,0,0,-1,0,1
29252,74.64034875,26.46121013,4,3,2,2,5,13:54,71,E06000009,6,0,6,30,3,4,6,0,0,4,1,2,2,0,0,1,1,E01012707,05-05-2018,1,1,3,1,-1,-1,3,10,1,0,0,-1,0,-1
29253,74.63947643,26.47227959,4,3,2,1,3,19:30,71,E06000009,3,587,9,30,9,3,3,584,0,0,1,9,1,0,0,1,1,E01012719,10-05-2018,2,1,1,1,49,8,3,0,0,0,0,-1,4,1
29254,74.64074178,26.46395158,4,3,2,1,5,17:20,71,E06000009,4,5266,6,30,3,4,6,0,0,0,1,1,1,0,0,1,1,E01012722,12-05-2018,1,1,3,1,40,7,3,4,2,0,0,-1,0,-1
29255,74.65617066,26.47266896,4,2,1,1,7,10:58,71,E06000009,3,587,6,30,0,-1,-1,0,0,0,1,1,1,0,0,1,1,E01012690,21-05-2018,1,2,1,1,23,5,3,0,0,0,0,-1,5,1
29256,74.63876613,26.46924039,4,3,4,2,4,12:45,71,E06000009,3,584,6,30,3,4,6,0,0,0,1,1,1,0,0,1,1,E01012726,11-05-2018,1,1,1,1,36,7,3,0,0,0,0,-1,9,-1
29257,74.64706007,26.47524404,4,3,2,1,3,16:46,71,E06000009,3,586,6,30,3,4,6,0,0,0,1,1,1,0,0,1,1,E01012724,24-05-2018,1,1,3,1,3,1,3,5,4,0,0,-1,0,-1
29258,74.64083185,26.46066206,4,3,4,1,6,08:59,71,E06000009,6,0,6,30,6,4,6,0,0,1,1,1,1,0,2,1,1,E01012748,27-05-2018,1,1,2,2,63,9,3,0,0,0,1,-1,11,1
29259,74.65600362,26.45863596,4,2,2,1,6,15:45,71,E06000009,6,0,6,30,0,-1,-1,0,0,0,1,1,1,0,1,1,1,E01012704,20-05-2018,1,1,1,1,38,7,3,0,0,0,0,-1,9,1
29260,74.65228044,26.46384473,4,3,2,1,7,22:55,71,E06000009,6,0,3,30,3,3,6,0,0,0,4,1,1,0,0,1,1,E01012691,11-06-2018,1,1,2,1,45,7,3,0,0,0,2,-1,11,1
29261,74.65616581,26.46737676,4,3,1,1,7,01:15,71,E06000009,3,584,6,30,3,4,6,0,0,0,4,1,1,0,0,1,1,E01012716,21-05-2018,1,1,1,1,24,5,3,0,0,0,0,-1,3,1