Accident_Index,longitude,latitude,Police_Force,Accident_Severity,Number_of_Vehicles,Number_of_Casualties,Day_of_Week,Time,Local_Authority_(District),Local_Authority_(Highway),1st_Road_Class,1st_Road_Number,Road_Type,Speed_limit,Junction_Detail,Junction_Control,2nd_Road_Class,2nd_Road_Number,Pedestrian_Crossing-Human_Control,Pedestrian_Crossing-Physical_Facilities,Light_Conditions,Weather_Conditions,Road_Surface_Conditions,Special_Conditions_at_Site,Carriageway_Hazards,Urban_or_Rural_Area,Did_Police_Officer_Attend_Scene_of_Accident,LSOA_of_Accident_Location,Date,Vehicle_Reference,Casualty_Reference,Casualty_Class,Sex_of_Casualty,Age_of_Casualty,Age_Band_of_Casualty,Casualty_Severity,Pedestrian_Location,Pedestrian_Movement,Car_Passenger,Bus_or_Coach_Passenger,Pedestrian_Road_Maintenance_Worker,Casualty_Type,Casualty_Home_Area_Type
29383,74.64484996,26.4630417,4,3,2,1,3,15:55,71,E06000009,6,0,6,30,6,4,6,0,0,0,1,1,1,0,0,1,1,E01012738,16-08-2018,2,2,1,2,47,8,3,0,0,0,0,-1,9,-1
29384,74.63787991,26.45831878,4,3,2,1,3,17:15,71,E06000009,3,586,6,30,3,4,6,0,0,0,1,1,1,0,0,1,1,E01012680,23-08-2018,1,1,1,1,37,7,3,0,0,0,0,-1,1,1
29385,74.63822725,26.45675328,4,3,1,1,5,14:05,71,E06000009,6,0,6,30,3,4,6,0,0,0,1,1,1,0,0,1,1,E01012681,25-08-2018,1,1,1,2,24,5,3,0,0,0,0,-1,9,1
29386,74.64899796,26.47658097,4,3,2,1,7,14:10,71,E06000009,6,0,6,30,0,-1,-1,0,0,0,1,1,1,0,0,1,1,E01012739,20-08-2018,1,1,1,1,22,5,3,0,0,0,0,-1,3,-1
29387,74.64734941,26.45797228,4,3,3,1,6,11:15,71,E06000009,6,0,2,30,3,4,6,0,0,0,1,2,2,0,0,1,1,E01012735,09-09-2018,1,1,1,2,23,5,3,0,0,0,0,-1,3,-1
29388,74.65627948,26.4523731,4,3,2,1,2,09:15,71,E06000009,3,583,6,30,3,4,6,0,0,4,1,1,1,0,0,1,1,E01012733,12-09-2018,2,1,1,1,52,8,3,0,0,0,0,-1,1,1
29389,74.65393944,26.45985546,4,2,2,1,2,14:41,71,E06000009,6,0,2,30,9,-1,6,0,0,0,1,1,1,0,0,1,1,E01012736,12-09-2018,2,1,1,2,5,1,3,0,0,0,0,-1,1,1
29390,74.64647808,26.46048495,4,3,2,1,2,19:00,71,E06000009,4,5390,6,30,6,2,6,0,0,5,1,1,1,0,0,1,1,E01012736,16-05-2018,1,1,3,2,30,6,3,6,9,0,0,-1,0,1
29391,74.63883975,26.46277706,4,3,2,2,4,20:23,71,E06000009,6,0,6,30,6,4,6,0,0,0,4,4,2,0,0,1,1,E01012681,28-09-2018,1,1,1,2,35,6,3,0,0,0,0,-1,1,1
29392,74.64078137,26.46458761,4,3,2,1,6,18:00,71,E06000009,3,583,6,30,6,4,6,0,0,0,1,1,1,0,0,1,1,E01012738,30-09-2018,1,1,1,1,32,6,3,0,0,0,0,-1,9,1
29393,74.63869233,26.45795824,4,3,1,1,3,10:55,71,E06000009,6,0,2,30,0,-1,-1,0,0,0,1,1,1,0,0,1,1,E01012737,04-10-2018,1,1,3,2,16,4,3,5,1,0,0,-1,0,1
29394,74.63774867,26.45665534,4,3,2,1,1,03:05,71,E06000009,3,583,6,30,3,4,6,0,0,0,4,1,1,0,0,1,1,E01012737,09-10-2018,1,1,3,1,13,3,3,5,1,0,0,-1,0,-1
29395,74.63890625,26.46904173,4,3,1,1,4,17:15,71,E06000009,3,584,3,30,0,-1,-1,0,0,5,1,1,1,0,0,1,1,E01012681,05-10-2018,1,1,1,1,58,9,3,0,0,0,0,-1,9,-1
29396,74.65069863,26.45670456,4,3,2,1,6,19:30,71,E06000009,3,599,2,30,0,-1,-1,0,0,0,1,1,1,0,0,1,1,E01012736,23-09-2018,1,1,1,1,41,7,3,0,0,0,0,-1,9,1
29397,74.6431141,26.45993206,4,3,1,1,3,11:45,71,E06000009,6,0,6,30,3,4,6,0,0,0,1,1,2,0,0,1,1,E01012737,11-10-2018,1,2,2,1,-1,-1,3,0,0,1,0,-1,9,-1
29398,74.65088783,26.46344231,4,3,2,1,1,09:50,71,E06000009,6,0,6,30,3,3,4,5124,0,0,1,1,1,0,0,1,1,E01012678,09-10-2018,1,1,2,2,43,7,3,0,0,0,4,-1,11,1
29399,74.64679039,26.4539832,4,3,2,1,5,08:40,71,E06000009,6,0,6,30,3,-1,6,0,0,0,1,1,1,0,0,1,1,E01012681,13-10-2018,1,1,3,2,59,9,3,5,1,0,0,-1,0,1
29400,74.64262307,26.46902532,4,2,2,2,4,10:01,71,E06000009,4,5124,6,30,0,-1,-1,0,0,0,1,2,2,0,0,1,1,E01012680,12-10-2018,1,1,3,2,13,3,3,5,1,0,0,-1,0,-1
29401,74.64723739,26.47102351,4,3,2,1,2,19:00,71,E06000009,6,0,6,30,0,-1,-1,0,0,0,1,1,1,0,0,1,1,E01012677,17-10-2018,1,1,3,1,47,8,3,6,9,0,0,-1,0,1
29402,74.63861882,26.45952125,4,3,2,1,5,16:18,71,E06000009,3,586,6,30,3,4,6,0,0,1,1,1,1,0,0,1,1,E01012680,20-10-2018,1,1,2,2,44,7,3,0,0,0,3,-1,11,1
29403,74.64963184,26.4573208,4,3,1,1,7,02:10,71,E06000009,3,586,2,30,2,4,3,586,0,0,1,1,2,0,6,1,1,E01012737,22-10-2018,1,1,2,1,69,10,3,0,0,0,3,-1,11,1
29404,74.6552594,26.45298828,4,3,1,1,7,11:51,71,E06000009,6,0,2,30,9,4,6,0,0,0,1,1,1,0,0,1,1,E01012737,22-10-2018,1,1,1,1,41,7,3,0,0,0,0,-1,9,1
29405,74.64513828,26.46014214,4,3,2,1,7,19:15,71,E06000009,6,0,6,30,9,4,6,0,0,0,4,1,1,0,0,1,1,E01012677,15-10-2018,1,1,2,2,83,11,3,0,0,0,3,-1,11,-1
29406,74.6495704,26.47559663,4,2,1,1,5,15:57,71,E06000009,4,5124,6,30,0,-1,-1,0,0,0,1,1,1,0,0,1,1,E01012678,29-09-2018,1,1,3,2,68,10,2,4,2,0,0,-1,0,1
29407,74.6445545,26.45344038,4,3,1,1,5,13:00,71,E06000009,6,0,2,30,6,4,6,0,0,0,1,1,1,0,0,1,1,E01012737,25-08-2018,1,1,3,1,31,6,3,4,1,0,0,-1,0,-1
29408,74.65189681,26.45469839,4,3,2,1,7,14:10,71,E06000009,6,0,2,30,3,4,6,0,0,5,1,1,1,0,0,1,1,E01012736,29-10-2018,1,1,1,1,48,8,3,0,0,0,0,-1,1,1
29409,74.6343117,26.47327884,4,3,1,1,3,14:10,71,E06000009,6,0,6,30,3,4,6,0,0,0,1,1,1,0,0,1,1,E01012681,01-11-2018,1,1,3,2,13,3,3,1,3,0,0,-1,0,1
29410,74.64207155,26.47048222,4,3,2,1,3,14:15,71,E06000009,4,5124,6,30,6,2,3,586,0,5,1,1,2,0,0,1,1,E01012680,01-11-2018,1,1,1,1,39,7,3,0,0,0,0,-1,4,1
29411,74.63758625,26.45239153,4,3,2,1,5,10:58,71,E06000009,4,5124,6,30,9,2,6,0,0,0,1,2,2,0,0,1,1,E01012675,03-11-2018,1,1,2,2,73,10,3,0,0,0,4,-1,11,1
29412,74.64256656,26.46366169,4,3,3,1,6,11:15,71,E06000009,6,0,6,30,6,4,6,0,0,0,1,2,2,0,0,1,1,E01012673,04-11-2018,1,2,2,2,61,9,3,0,0,0,4,-1,11,1
29413,74.6364322,26.47082702,4,3,2,1,7,00:51,71,E06000009,3,586,6,30,3,4,3,586,0,0,4,1,1,0,0,1,1,E01012737,05-11-2018,1,1,1,1,43,7,3,0,0,0,0,-1,9,1
29414,74.64002745,26.45196727,4,3,1,1,7,23:00,71,E06000009,3,583,6,30,3,4,6,0,0,0,4,2,2,0,0,1,1,E01012737,05-11-2018,2,2,1,1,29,6,3,0,0,0,0,-1,9,1
29415,74.64596069,26.47568621,4,3,2,3,2,16:20,71,E06000009,3,586,6,30,6,2,3,583,0,5,1,9,1,0,0,1,1,E01012737,14-11-2018,1,1,1,2,29,6,3,0,0,0,0,-1,9,1
29416,74.63703668,26.47443841,4,3,2,1,6,19:25,71,E06000009,6,0,6,30,6,2,6,0,0,4,4,1,1,0,0,1,1,E01012737,25-11-2018,1,1,1,1,21,5,3,0,0,0,0,-1,3,1
29417,74.63926306,26.47244129,4,3,2,1,4,16:15,71,E06000009,6,0,6,30,3,4,4,5124,0,0,4,1,1,0,0,1,1,E01012750,23-11-2018,1,1,1,1,26,6,3,0,0,0,0,-1,9,1
29418,74.64019527,26.47638478,4,3,4,1,4,09:00,71,E06000009,3,583,3,30,9,4,6,0,0,0,1,1,1,4,0,1,1,E01012742,30-11-2018,1,1,3,1,-1,-1,3,9,5,0,0,-1,0,-1
29419,74.65077086,26.4574368,4,2,1,1,5,03:15,71,E06000009,4,5390,6,30,0,-1,-1,0,0,0,4,1,2,0,0,1,1,E01012741,01-12-2018,2,1,2,2,20,4,3,0,0,1,0,-1,9,1
29420,74.63555215,26.46037854,4,3,3,1,4,17:00,71,E06000009,3,586,6,30,2,4,6,0,0,0,1,1,1,0,0,1,1,E01012681,30-11-2018,3,1,1,2,41,7,3,0,0,0,0,-1,9,1
29421,74.63450768,26.45672488,4,3,2,1,3,13:10,71,E06000009,6,0,2,60,6,2,6,0,0,0,1,1,1,0,0,1,1,E01012737,06-12-2018,1,1,1,1,41,7,3,0,0,0,0,-1,9,1
29422,74.6395299,26.45604174,4,3,2,1,6,07:23,71,E06000009,6,0,6,30,6,2,6,0,0,0,1,1,2,0,0,1,1,E01012677,09-12-2018,2,1,1,1,-1,-1,3,0,0,0,0,-1,4,1
29423,74.65307268,26.45978888,4,3,2,1,1,19:50,71,E06000009,6,0,6,30,6,4,6,0,0,0,4,1,1,0,0,1,1,E01012675,11-12-2018,1,1,2,2,-1,-1,3,0,0,0,1,-1,11,-1
29424,74.63382788,26.46588433,4,3,2,2,6,09:15,71,E06000009,4,5390,6,30,3,1,4,5263,0,0,1,1,1,0,0,1,1,E01012736,16-12-2018,1,1,1,1,28,6,3,0,0,0,0,-1,3,-1
29425,74.64287779,26.4605938,4,3,1,1,7,16:30,71,E06000009,6,0,6,30,6,2,6,0,0,5,4,1,1,0,0,1,1,E01012676,17-12-2018,1,1,3,2,33,6,2,1,1,0,0,-1,0,1
29426,74.65367719,26.45729255,4,3,2,1,1,15:50,71,E06000009,6,0,6,30,6,4,6,0,0,0,4,1,2,0,0,1,1,E01012681,18-12-2018,1,1,2,2,37,7,3,0,0,1,0,-1,9,1
29427,74.63189755,26.45646209,4,3,2,1,5,15:25,71,E06000009,3,5099,6,30,3,2,6,0,0,5,1,1,1,0,0,1,1,E01012736,24-11-2018,2,2,1,2,37,7,3,0,0,0,0,-1,19,1
29428,74.63125619,26.47337099,4,3,2,1,6,10:15,71,E06000009,3,583,6,30,6,2,3,583,0,5,1,1,1,0,0,1,1,E01012735,30-12-2018,1,1,1,1,39,7,3,0,0,0,0,-1,9,1
29429,74.65474527,26.46714855,4,3,2,1,5,17:55,71,E06000009,6,0,6,30,8,4,6,0,0,0,4,1,2,0,0,1,1,E01012681,22-12-2018,1,1,3,2,38,7,3,5,1,0,0,-1,0,-1
29430,74.65074868,26.45918597,4,3,1,1,7,00:01,71,E06000009,6,0,2,30,9,4,6,0,0,0,4,2,2,0,0,1,1,E01012737,25-06-2018,1,1,3,2,33,6,3,1,1,0,0,-1,0,1
29431,74.63457268,26.46348641,4,3,2,2,6,15:20,71,E06000009,6,0,6,30,0,-1,-1,0,0,0,1,1,1,0,0,1,1,E01012701,09-09-2018,1,1,3,1,16,4,3,5,2,0,0,-1,0,-1
29432,74.65062489,26.45632764,4,2,1,1,4,09:03,76,E10000017,3,589,6,30,0,-1,-1,0,0,0,1,1,2,0,0,1,1,E01025140,05-01-2018,2,1,1,1,41,7,3,0,0,0,0,-1,9,1
29433,74.63894524,26.45435876,4,3,2,1,4,16:30,76,E10000017,6,0,6,30,6,2,6,0,0,5,4,2,2,0,0,1,2,E01025110,05-01-2018,1,1,3,1,46,8,2,5,2,0,0,-1,0,1
29434,74.64748322,26.46705824,4,2,1,1,3,01:05,76,E10000017,3,6,6,50,8,4,6,0,0,0,4,1,1,0,0,2,1,E01025159,04-01-2018,1,1,3,2,-1,-1,3,5,2,0,0,-1,0,1
29435,74.63915772,26.47044713,4,3,2,2,6,15:40,76,E10000017,6,0,6,60,0,-1,-1,0,0,0,1,2,2,0,0,2,1,E01025109,07-01-2018,1,2,1,1,55,8,3,0,0,0,0,-1,19,1
29436,74.64681279,26.45895255,4,3,2,2,4,08:03,85,E10000017,4,5269,6,60,0,-1,-1,0,0,0,6,1,-1,7,2,2,1,E01025561,05-01-2018,2,1,1,1,25,5,3,0,0,0,0,-1,9,1
29437,74.65586994,26.46392321,4,2,1,1,3,08:15,76,E10000017,3,6,6,30,6,2,6,0,0,5,1,2,2,0,0,1,2,E01025146,04-01-2018,1,1,1,1,30,6,3,0,0,0,0,-1,9,1
29438,74.6497627,26.46106213,4,2,1,1,3,15:10,76,E10000017,1,6,3,70,0,-1,-1,0,0,0,1,5,2,0,2,2,1,E01025108,11-01-2018,1,1,1,2,50,8,3,0,0,0,0,-1,9,1
29439,74.64052297,26.45663979,4,3,1,1,7,16:50,85,E10000017,6,0,6,30,3,4,6,0,0,0,4,4,1,0,0,2,1,E01025575,08-01-2018,1,2,2,2,-1,-1,3,0,0,1,0,-1,9,-1
29440,74.65409238,26.47311493,4,3,2,1,4,07:56,85,E10000017,3,6,6,60,0,-1,-1,0,0,0,1,4,2,0,0,2,1,E01025548,12-01-2018,1,1,2,1,-1,-1,3,0,0,1,0,-1,9,-1
29441,74.64310901,26.45529908,4,3,2,2,3,16:00,85,E10000017,6,0,6,30,0,-1,-1,0,0,0,1,1,1,0,0,1,1,E01025595,11-01-2018,1,1,1,1,49,8,3,0,0,0,0,-1,9,1
29442,74.6463204,26.46520085,4,3,2,1,5,08:00,76,E10000017,3,5105,6,30,3,4,6,0,0,0,1,1,1,0,0,1,1,E01025087,13-01-2018,1,1,1,1,50,8,3,0,0,0,0,-1,5,1
29443,74.63649834,26.45471137,4,3,2,1,5,21:20,85,E10000017,3,587,6,30,2,4,6,0,0,1,4,1,1,0,0,1,1,E01025573,13-01-2018,1,1,1,2,39,7,3,0,0,0,0,-1,9,1
29444,74.64091444,26.46738681,4,3,2,1,3,06:44,76,E10000017,3,683,2,30,6,2,6,0,0,5,4,1,1,0,0,2,1,E01025093,11-01-2018,2,2,2,2,66,10,3,0,0,1,0,-1,9,2
29445,74.63801447,26.4628265,4,3,2,2,2,12:45,76,E10000017,3,6,2,30,3,2,6,0,0,4,1,1,1,0,0,1,1,E01025104,10-01-2018,1,1,1,1,58,9,3,0,0,0,0,-1,9,-1
29446,74.6466149,26.46448027,4,3,1,2,3,19:55,76,E10000017,5,470,6,30,3,4,6,0,0,0,4,1,1,0,0,1,1,E01025171,11-01-2018,1,1,1,2,55,8,3,0,0,0,0,-1,9,1
29447,74.63690284,26.46836519,4,3,2,1,1,11:55,76,E10000017,3,588,6,30,0,-1,-1,0,0,0,1,1,1,0,0,1,2,E01025144,16-01-2018,1,1,1,1,63,9,3,0,0,0,0,-1,9,1
29448,74.63349669,26.47285803,4,3,2,1,6,19:25,76,E10000017,3,6070,3,60,0,-1,-1,0,0,0,4,1,2,0,0,2,1,E01025130,14-01-2018,1,1,1,1,32,6,3,0,0,0,0,-1,9,-1
29449,74.65334232,26.46369638,4,2,1,1,5,15:25,76,E10000017,3,6,6,30,3,2,4,5321,0,5,1,1,1,0,0,1,1,E01025150,13-01-2018,1,1,2,1,3,1,3,0,0,0,3,-1,11,1
29450,74.65641167,26.45811678,4,3,2,3,6,06:00,76,E10000017,4,6480,6,60,8,4,6,0,0,0,6,1,2,0,0,2,1,E01025167,14-01-2018,1,1,3,1,31,6,3,4,4,0,0,-1,0,-1
29451,74.63453703,26.47600587,4,2,8,9,4,18:01,76,E10000017,1,6,3,70,0,-1,-1,0,0,0,6,3,3,0,2,2,1,E01025108,12-01-2018,1,1,3,1,32,6,3,1,1,0,0,-1,0,1
29452,74.64869336,26.46716145,4,3,2,1,7,03:40,76,E10000017,1,6,3,70,0,-1,-1,0,0,0,6,2,2,0,0,2,1,E01025549,08-01-2018,1,1,1,1,32,6,3,0,0,0,0,-1,3,1
29453,74.63702296,26.4584145,4,2,2,1,3,19:20,76,E10000017,3,683,6,30,0,-1,-1,0,0,0,4,1,2,0,0,2,1,E01025133,18-01-2018,1,1,1,1,34,6,3,0,0,0,0,-1,5,1
29454,74.64938427,26.46638008,4,3,2,3,6,08:15,76,E10000017,3,588,6,40,0,-1,-1,0,0,0,1,1,1,0,0,2,1,E01025107,14-01-2018,2,1,1,1,38,7,3,0,0,0,0,-1,9,-1
29455,74.65527511,26.457595,4,3,2,1,2,20:30,76,E10000017,4,5321,6,30,3,4,6,0,0,0,4,5,2,0,0,1,2,E01025138,17-01-2018,1,1,2,1,73,10,3,0,0,0,4,-1,11,-1
29456,74.643347,26.46480624,4,3,2,1,3,20:09,85,E10000017,3,585,6,40,0,-1,-1,0,0,0,4,1,1,0,0,1,1,E01025603,18-01-2018,1,1,2,2,77,11,3,0,0,0,3,-1,11,-1
29457,74.64966707,26.47397255,4,1,1,1,2,06:45,85,E10000017,3,586,1,30,2,4,6,0,0,0,4,1,1,0,0,2,1,E01025562,10-01-2018,2,1,1,1,34,6,3,0,0,0,0,-1,1,1
29458,74.63937778,26.47128456,4,3,1,1,1,02:35,76,E10000017,6,0,2,30,9,4,6,0,0,0,4,1,1,0,0,1,1,E01025104,23-01-2018,1,1,2,2,-1,-1,3,0,0,0,3,-1,11,-1
29459,74.6432435,26.4612539,4,3,2,2,1,03:45,76,E10000017,3,6,6,50,0,-1,-1,0,0,0,4,1,1,0,0,2,1,E01025106,16-01-2018,1,1,1,2,27,6,3,0,0,0,0,-1,9,1
29460,74.63256558,26.46487376,4,3,2,1,2,16:12,76,E10000017,3,589,6,30,3,4,6,0,0,0,1,1,2,0,0,1,1,E01025124,10-01-2018,1,1,3,1,56,9,3,5,3,0,0,-1,0,1
29461,74.63534698,26.45752517,4,3,2,1,3,20:50,85,E10000017,5,383,6,30,6,4,6,0,0,0,4,2,2,0,0,1,1,E01025603,18-01-2018,2,1,1,2,38,7,3,0,0,0,0,-1,1,1
29462,74.65079137,26.47548131,4,3,1,1,3,15:40,85,E10000017,4,5412,6,30,0,-1,-1,0,0,1,1,5,2,0,0,1,1,E01025594,18-01-2018,2,1,1,1,18,4,3,0,0,0,0,-1,3,1
29463,74.64089143,26.45894601,4,3,2,1,4,14:55,85,E10000017,3,588,6,40,3,4,6,0,0,0,1,2,2,0,0,2,2,E01025565,19-01-2018,1,1,1,1,35,6,3,0,0,0,0,-1,5,-1
29464,74.63262421,26.47125941,4,3,1,1,6,13:10,76,E10000017,6,0,6,30,0,-1,-1,0,0,0,1,1,1,0,0,2,2,E01025169,21-01-2018,1,1,1,1,69,10,3,0,0,0,0,-1,9,-1
29465,74.6484636,26.47402237,4,3,2,1,3,08:52,76,E10000017,6,0,6,30,3,4,6,0,0,0,1,1,1,0,0,1,1,E01025121,25-01-2018,1,1,3,2,64,9,2,1,1,0,0,-1,0,1
29466,74.64925753,26.46679065,4,3,2,2,4,16:35,85,E10000017,3,6,3,40,6,2,6,0,0,0,4,2,2,0,0,2,1,E01025559,19-01-2018,2,1,1,2,24,5,3,0,0,0,0,-1,9,1
29467,74.64800484,26.45322516,4,2,1,1,5,23:40,85,E10000017,3,585,6,60,0,-1,-1,0,0,0,4,4,2,0,0,2,1,E01025580,20-01-2018,2,2,2,1,24,5,3,0,0,1,0,-1,9,-1
29468,74.63557487,26.46824827,4,3,1,1,3,23:20,85,E10000017,6,0,6,30,0,-1,-1,0,0,0,4,1,1,0,7,1,1,E01025598,04-01-2018,1,1,2,1,-1,-1,3,0,0,1,0,-1,9,-1
29469,74.63154116,26.45735174,4,2,1,3,2,21:01,85,E10000017,5,386,6,30,0,-1,-1,0,0,0,4,1,2,0,0,1,1,E01025607,24-01-2018,1,1,1,1,44,7,3,0,0,0,0,-1,9,1
29470,74.6324696,26.47319927,4,3,1,1,4,07:50,76,E10000017,3,6,6,50,0,-1,-1,0,0,0,1,1,2,0,0,2,1,E01025146,26-01-2018,1,1,3,1,5,1,3,5,3,0,0,-1,0,-1
29471,74.65211034,26.47493494,4,3,2,1,6,18:10,85,E10000017,3,585,1,60,1,4,4,5412,0,8,4,1,1,0,0,2,1,E01025545,21-01-2018,1,1,1,1,48,8,3,0,0,0,0,-1,5,1
29472,74.65514082,26.46173555,4,3,2,2,2,07:21,85,E10000017,3,585,1,30,1,4,3,588,0,0,4,1,1,0,0,2,1,E01025545,24-01-2018,1,1,2,2,-1,-1,3,0,0,1,0,-1,9,1
29473,74.65561802,26.46515289,4,3,2,2,7,17:20,76,E10000017,3,6,1,60,1,4,6,0,0,0,4,2,2,0,0,2,2,E01025169,15-01-2018,1,2,2,2,20,4,3,0,0,2,0,-1,9,-1
29474,74.633416,26.4669628,4,3,3,7,7,12:54,85,E10000017,3,588,6,30,0,-1,-1,0,0,0,1,1,1,0,0,1,1,E01025545,22-01-2018,1,3,2,2,22,5,3,0,0,2,0,-1,9,1
29475,74.63645056,26.4554313,4,3,1,1,4,22:00,85,E10000017,6,0,6,60,0,-1,-1,0,0,0,6,1,1,0,0,2,1,E01025585,26-01-2018,1,1,3,1,11,3,3,5,1,0,0,-1,0,1
29476,74.65202698,26.46412172,4,3,2,1,4,07:47,85,E10000017,3,587,1,30,1,4,6,0,0,0,1,1,1,0,0,1,1,E01025579,26-01-2018,1,1,1,2,23,5,3,0,0,0,0,-1,9,1
29477,74.63356281,26.47130322,4,3,3,1,1,17:20,76,E10000017,6,0,6,30,0,-1,-1,0,0,0,7,1,2,0,0,1,1,E01025099,16-01-2018,1,1,1,2,25,5,3,0,0,0,0,-1,9,1
29478,74.64738786,26.45912523,4,3,1,1,5,15:28,76,E10000017,6,0,6,30,0,-1,-1,0,0,0,1,1,1,0,0,1,1,E01025110,27-01-2018,1,1,1,1,34,6,3,0,0,0,0,-1,9,1
29479,74.63716294,26.45325226,4,1,2,2,7,15:18,85,E10000017,3,588,6,60,3,4,6,0,0,0,1,1,1,0,0,2,1,E01025565,29-01-2018,1,1,1,2,34,6,3,0,0,0,0,-1,9,1
29480,74.63903946,26.45831262,4,3,2,1,7,22:39,76,E10000017,6,0,2,30,5,4,6,0,0,0,4,1,1,0,0,3,1,,29-01-2018,1,1,1,1,39,7,3,0,0,0,0,-1,4,-1
29481,74.65153605,26.45934159,4,3,1,1,5,12:27,76,E10000017,3,6,1,60,1,4,6,0,0,0,1,1,-1,7,0,2,1,E01025105,27-01-2018,1,1,1,1,28,6,3,0,0,0,0,-1,9,1
29482,74.63302049,26.46734059,4,3,1,1,1,23:27,85,E10000017,6,0,6,30,0,-1,-1,0,0,0,4,1,1,0,0,1,1,E01025592,30-01-2018,1,1,3,1,42,7,3,9,5,0,0,-1,0,1
29483,74.63596808,26.46444126,4,2,5,2,7,21:01,85,E10000017,3,6,6,60,3,4,6,0,0,0,4,1,1,0,0,2,1,E01025553,29-01-2018,1,1,1,1,28,6,3,0,0,0,0,-1,9,1
29484,74.6421839,26.46951447,4,3,2,1,7,15:15,76,E10000017,4,5273,6,40,0,-1,-1,0,0,0,1,1,1,0,0,2,1,E01025121,29-01-2018,1,1,3,2,30,6,3,5,1,0,0,-1,0,1
29485,74.64980752,26.45881312,4,3,2,1,6,08:00,76,E10000017,6,0,1,30,2,4,6,0,0,0,1,1,1,0,0,1,2,E01025091,28-01-2018,1,1,1,2,33,6,3,0,0,0,0,-1,9,1
29486,74.64202537,26.47436296,4,3,2,3,1,23:04,76,E10000017,3,589,6,30,3,4,6,0,0,0,4,1,2,0,0,1,1,E01025123,30-01-2018,1,1,1,2,33,6,3,0,0,0,0,-1,3,1
29487,74.64225765,26.46543266,4,3,3,2,4,09:00,76,E10000017,3,683,6,30,3,4,6,0,0,0,1,1,1,0,0,1,1,E01025155,02-02-2018,1,1,2,1,4,1,3,0,0,2,0,-1,9,1
29488,74.64639899,26.46262818,4,3,1,1,3,17:45,76,E10000017,3,6,2,30,0,-1,-1,0,0,0,4,1,1,0,0,1,2,E01025093,01-02-2018,1,1,1,1,30,6,3,0,0,0,0,-1,9,2
29489,74.64636944,26.470318,4,3,2,3,4,15:43,76,E10000017,6,0,6,40,3,4,6,0,0,0,1,1,2,0,0,2,1,E01025126,02-02-2018,2,2,1,1,34,6,3,0,0,0,0,-1,9,1
29490,74.63698813,26.45985435,4,3,1,1,1,04:50,76,E10000017,1,6,3,70,0,-1,-1,0,0,0,6,1,1,0,0,2,1,E01025131,09-01-2018,2,3,2,2,34,6,3,0,0,1,0,-1,9,1
29491,74.63199214,26.46767068,4,1,1,2,5,21:32,76,E10000017,1,6,3,70,0,-1,-1,0,0,0,6,1,1,0,0,2,1,E01025547,03-02-2018,1,1,1,1,28,6,3,0,0,0,0,-1,9,1
29492,74.63716947,26.47085592,4,3,2,1,6,07:30,76,E10000017,6,0,6,60,0,-1,-1,0,0,0,1,1,1,0,0,2,1,E01025166,28-01-2018,1,1,1,2,32,6,3,0,0,0,0,-1,9,1
29493,74.64032933,26.45772103,4,3,2,1,4,11:45,76,E10000017,6,0,6,30,8,4,6,0,0,0,1,1,1,0,0,1,1,E01025172,02-02-2018,1,2,2,2,-1,-1,3,0,0,1,0,-1,9,-1
29494,74.64331945,26.45328653,4,3,2,2,3,19:15,85,E10000017,6,0,6,30,3,4,6,0,0,0,4,1,2,0,0,1,1,E01025592,01-02-2018,1,3,2,1,-1,-1,3,0,0,2,0,-1,9,-1
29495,74.64783907,26.46985576,4,3,2,2,1,18:20,76,E10000017,3,589,6,30,6,2,6,0,0,5,4,1,2,0,0,1,1,E01025114,06-02-2018,1,1,3,2,21,5,3,4,1,0,0,-1,0,1
29496,74.64151738,26.47254359,4,3,2,1,4,13:15,85,E10000017,6,0,6,30,6,3,6,0,0,0,1,1,1,0,0,1,1,E01025556,02-02-2018,2,1,1,2,21,5,3,0,0,0,0,-1,1,1
29497,74.64815951,26.47622506,4,3,2,1,3,09:59,85,E10000017,4,5268,6,30,3,4,6,0,0,0,1,1,1,0,0,1,1,E01025599,01-02-2018,2,1,1,1,48,8,3,0,0,0,0,-1,1,1
29498,74.64542289,26.47564985,4,3,2,3,7,12:17,76,E10000017,3,6,6,30,9,4,6,0,0,0,1,1,1,0,0,1,1,E01025151,05-02-2018,1,1,1,1,38,7,3,0,0,0,0,-1,3,1
29499,74.63402127,26.47642008,4,3,2,1,1,00:53,76,E10000017,3,588,6,60,0,-1,-1,0,0,0,6,1,1,0,0,2,1,E01025107,06-02-2018,1,1,3,2,11,3,3,5,1,0,0,-1,0,1
29500,74.63364892,26.4646661,4,3,2,1,1,16:20,85,E10000017,3,587,6,40,6,2,6,0,0,0,1,1,2,0,0,1,1,E01025593,06-02-2018,1,1,3,2,70,10,3,4,3,0,0,-1,0,1
29501,74.6387909,26.45567722,4,3,1,1,4,17:30,76,E10000017,6,0,6,30,3,4,6,0,0,0,4,2,2,0,0,2,1,E01025130,09-02-2018,1,1,3,1,13,3,2,4,1,0,0,-1,0,1
29502,74.65418584,26.4554719,4,2,2,1,3,17:45,85,E10000017,3,586,6,50,3,4,6,0,0,0,6,1,1,0,0,2,1,E01025562,08-02-2018,1,1,3,1,13,3,3,10,9,0,0,-1,0,-1
29503,74.64711113,26.46317993,4,3,2,1,6,22:00,76,E10000017,6,0,6,30,3,3,6,0,0,0,4,9,2,0,0,1,2,E01025093,04-02-2018,1,1,1,1,41,7,3,0,0,0,0,-1,3,1
29504,74.646961,26.47496247,4,3,1,1,2,20:22,76,E10000017,3,683,6,50,0,-1,-1,0,0,0,6,1,1,0,0,2,2,E01025131,07-02-2018,1,1,1,1,33,6,3,0,0,0,0,-1,9,1