Accident_Index,longitude,latitude,Police_Force,Accident_Severity,Number_of_Vehicles,Number_of_Casualties,Day_of_Week,Time,Local_Authority_(District),Local_Authority_(Highway),1st_Road_Class,1st_Road_Number,Road_Type,Speed_limit,Junction_Detail,Junction_Control,2nd_Road_Class,2nd_Road_Number,Pedestrian_Crossing-Human_Control,Pedestrian_Crossing-Physical_Facilities,Light_Conditions,Weather_Conditions,Road_Surface_Conditions,Special_Conditions_at_Site,Carriageway_Hazards,Urban_or_Rural_Area,Did_Police_Officer_Attend_Scene_of_Accident,LSOA_of_Accident_Location,Date,Vehicle_Reference,Casualty_Reference,Casualty_Class,Sex_of_Casualty,Age_of_Casualty,Age_Band_of_Casualty,Casualty_Severity,Pedestrian_Location,Pedestrian_Movement,Car_Passenger,Bus_or_Coach_Passenger,Pedestrian_Road_Maintenance_Worker,Casualty_Type,Casualty_Home_Area_Type
29505,74.63218555,26.4656946,4,3,2,1,2,10:00,76,E10000017,3,6,6,30,3,4,6,0,0,0,1,1,1,0,0,1,2,E01025146,07-02-2018,1,1,1,1,36,7,3,0,0,0,0,-1,9,1
29506,74.64582081,26.47439089,4,2,2,2,2,16:24,85,E10000017,4,6430,6,30,3,4,6,0,0,0,1,1,1,0,0,2,1,E01025558,07-02-2018,1,1,3,1,8,2,3,5,3,0,0,-1,0,-1
29507,74.63348203,26.46629468,4,3,2,1,2,08:50,76,E10000017,6,0,2,30,3,4,6,0,0,4,1,1,1,0,0,1,2,E01025093,07-02-2018,1,1,3,1,7,2,3,5,3,0,0,-1,0,-1
29508,74.64918116,26.4599873,4,3,1,1,3,19:00,85,E10000017,3,587,6,30,0,-1,-1,0,0,0,4,1,1,0,0,1,1,E01025582,08-02-2018,2,1,1,1,26,6,3,0,0,0,0,-1,9,1
29509,74.65110283,26.47181073,4,3,1,1,7,15:38,76,E10000017,6,0,6,20,0,-1,-1,0,0,0,1,1,2,0,0,1,1,E01025154,12-02-2018,1,1,3,1,7,2,2,5,3,0,0,-1,0,-1
29510,74.64547568,26.4711296,4,2,2,3,4,08:50,76,E10000017,6,0,6,60,6,4,6,0,0,0,1,1,1,0,0,2,1,E01025105,09-02-2018,1,1,3,1,4,1,3,5,1,0,0,-1,0,1
29511,74.65184852,26.45796114,4,3,1,1,6,17:30,85,E10000017,5,384,6,30,6,4,6,0,0,0,4,2,2,0,0,1,2,E01025578,11-02-2018,1,1,3,2,37,7,2,1,1,0,0,-1,0,1
29512,74.6313987,26.45230176,4,1,1,1,2,15:20,85,E10000017,6,0,3,30,0,-1,-1,0,0,8,1,1,1,0,0,1,1,E01025604,14-02-2018,1,1,2,2,85,11,3,0,0,0,4,-1,11,1
29513,74.64573402,26.46250145,4,2,1,1,5,13:43,85,E10000017,3,587,1,30,2,4,6,0,0,0,1,1,1,0,0,1,1,E01025570,10-02-2018,1,1,3,1,64,9,2,5,1,0,0,-1,0,1
29514,74.63306736,26.46287948,4,3,2,2,7,18:18,85,E10000017,1,6,3,70,5,4,6,0,0,0,6,1,1,0,0,2,1,E01025098,12-02-2018,1,1,3,2,6,2,3,6,9,0,0,-1,0,1
29515,74.63143769,26.45216629,4,2,1,1,3,13:30,76,E10000017,3,6,6,30,0,-1,-1,0,0,4,1,1,1,0,0,2,1,E01025089,15-02-2018,1,1,3,2,25,5,2,1,3,0,0,-1,0,1
29516,74.63519853,26.47203836,4,3,2,1,4,13:40,76,E10000017,6,0,6,30,6,4,6,0,0,0,1,1,1,0,0,1,1,E01025157,16-02-2018,1,1,1,1,17,4,3,0,0,0,0,-1,2,1
29517,74.63521825,26.45378241,4,3,1,1,7,18:13,85,E10000017,6,0,6,30,3,3,6,0,0,0,4,1,1,0,0,1,1,E01025546,12-02-2018,1,1,3,2,42,7,3,5,1,0,0,-1,0,1
29518,74.64790925,26.45705284,4,3,1,1,5,17:32,85,E10000017,4,5267,6,30,0,-1,-1,0,0,0,4,1,1,0,2,1,1,E01025598,10-02-2018,1,2,3,1,7,2,2,5,1,0,0,-1,0,1
29519,74.64027622,26.46852008,4,3,2,1,6,10:00,85,E10000017,6,0,6,30,8,4,6,0,0,0,1,1,1,0,0,1,2,E01025566,04-02-2018,1,1,1,1,37,7,3,0,0,0,0,-1,9,1
29520,74.64867384,26.45623454,4,3,2,1,3,16:30,85,E10000017,6,0,6,30,3,4,6,0,0,0,1,1,1,0,2,1,1,E01025546,15-02-2018,2,1,1,1,29,6,3,0,0,0,0,-1,9,1
29521,74.63979746,26.47084935,4,3,3,1,4,09:09,76,E10000017,6,0,6,30,3,4,6,0,0,0,1,1,1,0,0,1,1,E01025172,16-02-2018,3,2,2,2,48,8,3,0,0,1,0,-1,9,-1
29522,74.64916811,26.45845813,4,3,1,1,4,10:11,76,E10000017,6,0,6,60,0,-1,-1,0,0,0,1,1,2,0,0,2,1,E01025109,16-02-2018,1,1,1,1,36,7,3,0,0,0,0,-1,9,1
29523,74.65504919,26.45742534,4,3,2,1,5,08:25,76,E10000017,3,683,6,30,3,2,6,0,0,0,1,1,2,0,0,2,1,E01025131,17-02-2018,1,1,1,2,20,4,3,0,0,0,0,-1,9,1
29524,74.63149153,26.46136592,4,3,1,1,6,23:50,76,E10000017,3,683,6,30,0,-1,-1,0,0,0,4,1,1,0,0,2,1,E01025134,18-02-2018,1,1,1,1,53,8,3,0,0,0,0,-1,9,1
29525,74.64989143,26.45716553,4,3,2,2,7,08:40,85,E10000017,3,6,6,50,3,4,6,0,0,0,1,1,1,0,2,2,1,E01025559,19-02-2018,1,1,3,1,9,2,2,5,1,0,0,-1,0,-1
29526,74.64909811,26.47073225,4,3,2,1,3,16:10,85,E10000017,3,585,6,60,9,4,6,0,0,0,1,1,1,0,0,1,1,E01025602,15-02-2018,1,1,1,1,38,7,3,0,0,0,0,-1,9,1
29527,74.6415671,26.47207362,4,3,1,1,6,13:30,76,E10000017,6,0,2,30,3,4,6,0,0,0,1,1,1,0,0,1,2,E01025139,18-02-2018,1,1,3,1,31,6,3,6,9,0,0,-1,0,1
29528,74.64331075,26.47372583,4,3,2,1,4,17:10,76,E10000017,6,0,6,60,0,-1,-1,0,0,0,1,1,1,0,0,2,1,E01025131,16-02-2018,1,1,3,1,13,3,3,6,9,0,0,-1,0,1
29529,74.64935868,26.45712099,4,3,2,1,6,13:23,76,E10000017,5,476,1,30,2,4,6,0,0,0,1,1,1,0,0,2,1,E01025126,18-02-2018,1,1,3,2,22,5,3,5,3,0,0,-1,0,-1
29530,74.63402332,26.46558562,4,3,2,1,7,14:00,76,E10000017,3,589,6,30,3,4,6,0,0,0,1,1,1,0,0,1,2,E01025124,19-02-2018,1,1,3,2,22,5,3,1,3,0,0,-1,0,1
29531,74.64165861,26.45830577,4,3,3,2,2,19:20,76,E10000017,1,6,3,70,0,-1,-1,0,0,0,6,1,1,0,0,2,1,E01025142,21-02-2018,1,1,1,1,25,5,3,0,0,0,0,-1,19,-1
29532,74.64128293,26.47210853,4,2,2,1,6,15:30,85,E10000017,6,0,3,30,3,4,6,0,0,1,1,1,1,0,0,1,1,E01025570,18-02-2018,1,1,1,1,45,7,3,0,0,0,0,-1,9,1
29533,74.64025904,26.45514794,4,3,2,1,5,09:07,85,E10000017,6,0,6,30,3,4,6,0,0,0,1,1,1,0,0,1,1,E01025603,17-02-2018,1,1,3,2,22,5,3,1,1,0,0,-1,0,1
29534,74.63169936,26.46706752,4,2,2,1,3,17:43,76,E10000017,3,589,6,30,3,4,6,0,0,4,4,1,1,0,0,1,1,E01025164,22-02-2018,1,1,3,2,12,3,3,5,1,0,0,-1,0,-1
29535,74.65228234,26.46483045,4,3,3,2,2,19:35,76,E10000017,3,6,6,60,3,4,6,0,0,0,6,3,2,0,0,2,1,E01025148,21-02-2018,1,1,3,2,90,11,3,4,1,0,0,-1,0,1
29536,74.65303946,26.45521692,4,3,2,1,4,08:15,76,E10000017,3,6,2,30,0,-1,-1,0,0,0,1,1,1,0,0,1,1,E01025104,23-02-2018,1,1,1,1,44,7,3,0,0,0,0,-1,9,1
29537,74.64823674,26.46593077,4,3,1,1,4,07:10,76,E10000017,6,0,6,30,3,4,6,0,0,0,1,1,4,0,0,1,1,E01025134,16-02-2018,1,2,3,2,37,7,3,6,9,0,0,-1,0,1
29538,74.64719498,26.46533515,4,3,1,1,5,18:20,85,E10000017,4,5439,6,30,0,-1,-1,0,0,0,4,9,2,0,0,1,2,E01025576,27-01-2018,1,1,3,1,42,7,3,9,5,0,0,-1,0,-1
29539,74.63810181,26.46140425,4,2,2,1,6,14:50,76,E10000017,6,0,6,30,0,-1,-1,0,0,0,1,1,1,0,0,1,2,E01025104,21-01-2018,1,1,3,1,18,4,3,1,3,0,0,-1,0,-1
29540,74.65190639,26.46709538,4,2,3,5,2,17:40,76,E10000017,4,5321,6,30,0,-1,-1,0,0,0,4,1,1,0,0,1,1,E01025138,24-01-2018,1,1,2,1,-1,-1,3,0,0,2,0,-1,9,-1
29541,74.65382146,26.45795347,4,3,2,1,5,08:00,85,E10000017,6,0,6,60,0,-1,-1,0,0,0,1,1,1,0,0,2,1,E01025585,24-02-2018,1,1,3,1,-1,-1,3,5,2,0,0,-1,0,-1
29542,74.63668532,26.45295846,4,3,1,1,7,19:15,76,E10000017,6,0,6,30,0,-1,-1,0,0,0,4,1,1,0,0,1,1,E01025093,26-02-2018,1,1,1,1,54,8,3,0,0,0,0,-1,19,1
29543,74.64314032,26.46230116,4,3,1,2,1,15:14,76,E10000017,5,474,6,30,3,4,6,0,0,1,1,1,1,4,0,2,1,E01025105,27-02-2018,1,1,3,2,48,8,3,5,9,0,0,-1,0,1
29544,74.63177992,26.45426897,4,3,5,2,2,10:35,76,E10000017,6,0,6,30,6,4,6,0,0,0,1,1,1,0,2,1,1,E01025117,28-02-2018,1,1,3,1,-1,-1,3,5,9,0,0,-1,0,-1
29545,74.64681976,26.45494768,4,3,4,1,5,13:45,76,E10000017,3,589,6,30,3,4,6,0,0,0,1,1,1,0,0,1,1,E01025140,24-02-2018,1,1,1,1,43,7,3,0,0,0,0,-1,9,-1
29546,74.6356012,26.45963398,4,2,2,2,2,22:15,76,E10000017,1,6,3,70,0,-1,-1,0,0,0,6,1,2,0,0,2,1,E01025105,28-02-2018,1,1,1,1,44,7,3,0,0,0,0,-1,9,1
29547,74.63964864,26.45206244,4,3,1,1,2,12:04,76,E10000017,3,589,6,30,9,4,6,0,0,0,1,1,1,0,0,1,1,E01025124,21-02-2018,1,1,2,1,2,1,3,0,0,0,3,-1,11,1
29548,74.65256688,26.4602564,4,1,1,1,5,15:48,76,E10000017,3,5105,6,40,3,4,6,0,0,0,1,1,1,0,0,2,2,E01025160,24-02-2018,1,1,1,1,35,6,3,0,0,0,0,-1,1,1
29549,74.65586449,26.4722462,4,1,3,1,3,09:58,76,E10000017,1,6,3,70,0,-1,-1,0,0,0,1,1,1,0,3,2,1,E01025547,01-03-2018,1,1,3,2,24,5,3,5,1,0,0,-1,0,1
29550,74.64205342,26.4704538,4,2,1,1,6,16:50,85,E10000017,4,5377,6,30,3,4,6,0,0,0,1,1,1,0,0,2,1,E01025589,25-02-2018,2,1,1,1,41,7,3,0,0,0,0,-1,1,-1
29551,74.65472337,26.46342851,4,3,2,1,3,09:45,85,E10000017,1,6,3,70,0,-1,-1,0,0,0,1,1,1,0,3,2,1,E01025547,01-03-2018,1,1,1,1,20,4,3,0,0,0,0,-1,3,-1
29552,74.63115246,26.46503908,4,2,2,1,3,08:30,76,E10000017,3,6,6,50,0,-1,-1,0,0,0,1,1,2,0,0,2,1,E01025159,01-03-2018,1,1,3,1,20,4,3,5,1,0,0,-1,0,1
29553,74.64280606,26.47491162,4,3,2,2,6,05:54,76,E10000017,1,6,3,70,0,-1,-1,0,0,0,6,1,2,0,0,2,1,E01025131,25-02-2018,1,1,3,1,90,11,3,5,1,0,0,-1,0,-1
29554,74.65640639,26.46023752,4,3,2,2,1,15:06,85,E10000017,6,0,6,30,6,4,6,0,0,0,1,1,1,0,0,1,1,E01025555,27-02-2018,1,1,1,1,29,6,3,0,0,0,0,-1,9,1
29555,74.63696788,26.45526076,4,2,1,1,4,07:50,85,E10000017,1,6,3,70,0,-1,-1,0,0,0,1,1,1,0,0,2,1,E01025105,02-03-2018,1,1,2,2,78,11,3,0,0,0,3,-1,11,1
29556,74.63354555,26.46632672,4,3,2,1,1,13:00,85,E10000017,3,587,6,40,6,4,6,0,0,0,1,4,1,0,0,1,1,E01025593,09-01-2018,1,1,1,1,44,7,3,0,0,0,0,-1,5,-1
29557,74.65491264,26.45592789,4,2,1,1,5,16:18,76,E10000017,6,0,6,30,3,4,6,0,0,0,1,1,1,0,0,1,1,E01025117,03-03-2018,1,1,1,2,18,4,3,0,0,0,0,-1,9,1
29558,74.64131528,26.47345379,4,3,2,1,5,08:50,85,E10000017,4,5268,1,30,1,4,6,0,0,0,1,1,1,0,0,1,2,E01025552,17-02-2018,1,2,2,2,18,4,3,0,0,1,0,-1,9,1
29559,74.63912704,26.45749535,4,3,2,2,6,18:15,85,E10000017,1,6,3,70,0,-1,-1,0,0,0,6,1,1,4,0,2,1,E01025609,04-03-2018,2,3,1,1,52,8,3,0,0,0,0,-1,9,1
29560,74.63986245,26.4654565,4,3,2,1,6,08:45,76,E10000017,3,6,6,60,0,-1,-1,0,0,0,1,1,1,0,7,2,2,E01025169,25-02-2018,2,1,1,1,34,6,3,0,0,0,0,-1,5,-1
29561,74.6323479,26.46021932,4,3,3,1,6,02:20,76,E10000017,3,6,6,30,0,-1,-1,0,0,0,4,1,1,0,0,1,1,E01024947,04-03-2018,1,1,3,2,21,5,3,8,9,0,0,-1,0,1
29562,74.65220372,26.45197951,4,3,2,1,3,09:00,76,E10000017,6,0,2,30,3,4,3,6,0,0,1,2,2,0,0,1,2,E01025104,11-01-2018,1,1,3,1,39,7,3,5,2,0,0,-1,0,1
29563,74.63357262,26.47455876,4,3,2,2,6,09:25,76,E10000017,3,683,2,30,0,-1,-1,0,0,0,1,1,1,0,0,2,1,E01025093,04-03-2018,1,1,1,2,43,7,3,0,0,0,0,-1,9,1
29564,74.65102016,26.46640215,4,3,2,2,6,21:04,76,E10000017,3,6,6,50,3,4,6,0,0,0,4,3,2,0,0,2,1,E01025146,04-03-2018,2,2,2,2,29,6,3,0,0,1,0,-1,9,1
29565,74.65371041,26.46065743,4,3,3,5,5,11:48,76,E10000017,3,6,2,30,9,2,6,0,0,5,1,1,1,0,0,1,2,E01025093,03-03-2018,1,1,3,1,15,3,3,10,9,0,0,-1,0,-1
29566,74.64245319,26.47631762,4,3,1,2,6,15:48,76,E10000017,6,0,6,60,0,-1,-1,0,0,0,1,1,1,0,0,2,2,E01025105,04-03-2018,1,1,1,1,23,5,3,0,0,0,0,-1,5,-1
29567,74.65300348,26.47060771,4,3,2,1,7,16:58,85,E10000017,3,587,6,30,3,4,6,0,0,0,1,1,1,0,0,1,1,E01025573,05-03-2018,1,1,2,2,32,6,3,0,0,1,0,-1,9,-1
29568,74.64455754,26.46406525,4,3,2,2,2,12:35,85,E10000017,3,586,6,50,3,4,6,0,0,0,1,1,1,0,0,2,1,E01025562,07-03-2018,1,1,2,2,21,5,3,0,0,1,0,-1,9,-1
29569,74.64667112,26.45251928,4,3,1,1,3,14:40,76,E10000017,3,588,6,60,3,4,6,0,0,0,1,1,1,0,0,2,2,E01025107,08-03-2018,2,1,1,1,43,7,3,0,0,0,0,-1,3,-1
29570,74.65232509,26.45658527,4,3,2,2,4,20:00,76,E10000017,3,683,6,30,3,2,1,6,0,0,1,1,1,0,0,2,2,E01025131,09-03-2018,4,1,1,1,25,5,3,0,0,0,0,-1,9,-1
29571,74.64918063,26.4747167,4,3,2,1,3,16:00,85,E10000017,4,5268,6,30,3,4,6,0,0,0,1,1,1,0,0,1,1,E01025594,08-03-2018,3,1,1,2,24,5,3,0,0,0,0,-1,9,1
29572,74.63300732,26.45636132,4,3,2,1,6,17:20,76,E10000017,6,0,6,30,6,4,6,0,0,0,1,1,1,0,0,1,2,E01025110,04-03-2018,1,1,3,1,2,1,2,5,1,0,0,-1,0,1
29573,74.65193867,26.47263463,4,3,1,3,4,00:52,76,E10000017,3,6,6,40,0,-1,-1,0,0,0,4,9,2,0,0,2,1,E01025089,09-03-2018,1,1,1,1,60,9,3,0,0,0,0,-1,3,-1
29574,74.64999407,26.47149362,4,3,1,1,5,17:30,76,E10000017,6,0,6,30,3,4,6,0,0,0,1,1,1,0,0,1,2,E01025111,10-03-2018,1,1,1,1,23,5,3,0,0,0,0,-1,9,1
29575,74.6535128,26.47151323,4,3,2,1,1,22:30,76,E10000017,1,6,3,70,0,-1,-1,0,0,0,7,1,1,4,0,2,2,E01025130,06-03-2018,1,1,1,1,29,6,3,0,0,0,0,-1,9,1
29576,74.63149672,26.46003205,4,3,2,1,7,15:32,76,E10000017,3,6,6,30,9,2,6,0,0,5,1,1,1,0,0,2,1,E01025096,05-03-2018,2,1,2,2,11,3,3,0,0,1,0,-1,9,1
29577,74.64969309,26.46356434,4,3,3,1,5,20:16,76,E10000017,4,5273,6,40,3,4,6,0,0,0,4,1,1,0,0,2,1,E01025134,10-03-2018,1,1,3,1,20,4,3,9,8,0,0,-1,0,1
29578,74.63482478,26.45201984,4,3,2,1,4,08:55,76,E10000017,6,0,6,30,3,4,6,0,0,0,1,1,1,0,0,1,2,E01025163,02-03-2018,1,1,3,1,37,7,2,4,2,0,0,-1,0,1
29579,74.65044657,26.46418897,4,3,2,1,7,09:00,76,E10000017,5,470,6,30,9,4,6,0,0,0,1,1,1,0,0,1,2,E01025171,12-03-2018,1,1,1,1,19,4,2,0,0,0,0,-1,3,1
29580,74.63102919,26.46128795,4,3,2,1,6,17:12,76,E10000017,3,6,6,50,3,4,6,0,0,0,1,1,2,0,0,2,1,E01025105,11-03-2018,1,1,1,2,36,7,3,0,0,0,0,-1,9,1
29581,74.65002572,26.45865005,4,2,2,2,6,18:47,76,E10000017,1,6,3,70,0,-1,-1,0,0,0,6,1,1,0,0,2,1,E01025106,11-03-2018,1,1,2,2,65,9,3,0,0,0,3,-1,11,1
29582,74.64431437,26.46798657,4,3,2,2,1,02:15,76,E10000017,3,683,6,30,3,2,6,0,0,5,4,1,1,0,0,1,1,E01025157,13-03-2018,1,1,2,2,80,11,3,0,0,0,3,-1,11,-1
29583,74.63521895,26.45677956,4,3,1,1,6,18:30,85,E10000017,6,0,6,30,0,-1,-1,0,0,0,1,1,2,0,0,1,2,E01025574,11-03-2018,1,1,3,2,22,5,3,4,3,0,0,-1,0,1
29584,74.64392763,26.46787964,4,3,2,1,3,06:45,85,E10000017,4,5439,6,30,3,4,6,0,0,0,1,1,1,0,0,1,2,E01025577,08-03-2018,2,1,1,2,31,6,2,0,0,0,0,-1,1,-1
29585,74.63221425,26.46732692,4,3,2,3,6,18:23,85,E10000017,4,5268,6,30,0,-1,-1,0,0,0,4,1,1,0,0,1,1,E01025599,11-03-2018,1,1,1,1,31,6,3,0,0,0,0,-1,9,1
29586,74.65485544,26.46739732,4,3,1,1,4,14:00,76,E10000017,5,478,6,60,0,-1,-1,0,0,0,1,1,2,0,0,2,1,E01025108,16-03-2018,1,1,1,2,46,8,3,0,0,0,0,-1,9,1
29587,74.64324963,26.47022869,4,3,1,1,7,08:22,76,E10000017,3,589,1,30,1,4,4,5321,0,8,1,1,1,0,0,1,1,E01025162,05-03-2018,1,1,3,1,33,6,3,5,9,0,0,-1,0,-1
29588,74.6560516,26.47487169,4,3,1,1,1,11:47,76,E10000017,6,0,6,30,0,-1,-1,0,0,0,1,1,2,0,0,2,2,E01025143,13-03-2018,1,1,1,2,55,8,3,0,0,0,0,-1,9,1
29589,74.64307162,26.45471311,4,3,1,1,1,16:30,76,E10000017,6,0,6,30,0,-1,-1,0,0,0,1,1,1,0,0,1,2,E01025091,13-03-2018,2,1,1,1,38,7,3,0,0,0,0,-1,1,1
29590,74.63482357,26.46261524,4,2,2,1,5,14:10,85,E10000017,4,5266,6,30,3,4,4,5266,0,0,1,1,1,0,0,1,1,E01025566,17-03-2018,1,1,1,1,19,4,3,0,0,0,0,-1,1,1
29591,74.6526997,26.45610062,4,3,1,1,1,02:24,85,E10000017,3,588,6,30,0,-1,-1,0,0,0,4,1,2,1,0,1,1,E01025545,23-01-2018,1,1,1,1,58,9,3,0,0,0,0,-1,9,1
29592,74.63724894,26.46716357,4,3,2,1,7,12:38,76,E10000017,6,0,6,30,8,4,6,0,0,0,1,1,1,0,0,1,1,E01025119,19-03-2018,1,1,2,2,46,8,3,0,0,1,0,-1,9,1
29593,74.64511231,26.4688405,4,3,1,1,1,10:00,85,E10000017,6,0,6,50,0,-1,-1,0,0,0,1,1,1,0,0,2,1,E01025609,20-03-2018,2,2,1,2,33,6,3,0,0,0,0,-1,9,1
29594,74.64409183,26.4679099,4,3,2,2,3,10:30,85,E10000017,1,6,3,70,0,-1,-1,0,0,0,1,1,1,0,0,2,1,E01025130,22-03-2018,1,1,1,1,47,8,3,0,0,0,0,-1,9,1
29595,74.63649888,26.45545137,4,3,1,1,7,15:20,85,E10000017,3,588,6,60,0,-1,-1,0,0,0,1,1,1,0,0,2,1,E01025585,19-03-2018,1,2,2,2,43,7,3,0,0,1,0,-1,9,1
29596,74.64763295,26.47520156,4,2,1,1,2,13:45,85,E10000017,3,587,6,30,0,-1,-1,0,0,0,1,1,1,0,0,1,1,E01025582,21-03-2018,1,1,3,1,5,1,3,5,1,0,0,-1,0,1
29597,74.63938309,26.47645505,4,3,3,1,4,07:34,85,E10000017,3,585,6,40,0,-1,-1,0,0,0,1,1,1,0,0,1,1,E01025555,23-03-2018,1,1,3,1,8,2,2,1,3,0,0,-1,0,-1
29598,74.63277457,26.4539649,4,3,1,1,3,17:55,76,E10000017,6,0,6,30,0,-1,-1,0,0,0,1,1,1,0,2,1,1,E01025147,22-03-2018,1,1,3,1,16,4,3,4,1,0,0,-1,0,-1
29599,74.64617206,26.45791839,4,3,3,1,1,16:45,76,E10000017,1,6,3,70,0,-1,-1,0,0,0,1,1,1,4,2,2,1,E01025106,20-03-2018,3,1,1,1,30,6,3,0,0,0,0,-1,9,1
29600,74.63382735,26.45789147,4,3,3,2,3,15:55,85,E10000017,4,5268,6,30,0,-1,-1,0,0,1,1,1,1,0,0,1,1,E01025576,22-03-2018,3,2,2,1,34,6,2,0,0,1,0,-1,9,-1
29601,74.64842721,26.46362686,4,3,1,1,4,06:35,76,E10000017,4,6480,6,60,8,4,6,0,0,0,1,1,-1,7,2,2,1,E01025166,23-03-2018,1,1,1,1,21,5,3,0,0,0,0,-1,4,-1
29602,74.65445976,26.45665936,4,3,1,2,5,12:24,76,E10000017,1,6,3,70,0,-1,-1,0,0,0,1,1,1,0,0,2,1,E01025547,24-03-2018,2,1,2,2,61,9,3,0,0,2,0,-1,8,-1
29603,74.64708858,26.4693432,4,3,2,1,1,12:24,76,E10000017,3,683,6,30,0,-1,-1,0,0,0,1,1,2,0,0,2,1,E01025165,27-03-2018,1,1,1,1,22,5,3,0,0,0,0,-1,9,1
29604,74.65149689,26.46791107,4,2,1,1,7,20:30,76,E10000017,3,589,6,30,0,-1,-1,0,0,0,4,1,1,0,0,2,2,E01025110,19-03-2018,1,1,2,2,58,9,2,0,0,1,0,-1,9,1
29605,74.6368369,26.47066441,4,3,2,2,4,18:21,76,E10000017,6,0,6,30,0,-1,-1,0,0,4,1,1,1,0,0,2,1,E01025151,30-03-2018,2,2,1,2,59,9,3,0,0,0,0,-1,9,1
29606,74.6328224,26.46650741,4,1,2,1,6,17:59,76,E10000017,1,6,3,70,0,-1,-1,0,0,0,6,2,2,0,0,2,1,E01025547,25-02-2018,1,1,3,1,32,6,3,5,3,0,0,-1,0,-1
29607,74.65265455,26.46331175,4,3,2,1,3,17:48,76,E10000017,3,6,6,30,0,-1,-1,0,0,0,1,1,1,0,0,1,1,E01025147,29-03-2018,1,1,3,2,22,5,3,4,9,0,0,-1,0,-1
29608,74.64535789,26.46726906,4,3,1,2,7,19:50,85,E10000017,4,6430,2,30,3,4,6,0,0,0,4,1,1,0,0,2,2,E01025558,26-03-2018,1,1,2,2,20,4,3,0,0,0,3,-1,11,1
29609,74.64558948,26.45464742,4,3,2,1,4,16:30,76,E10000017,3,683,6,40,6,3,6,0,0,0,1,1,1,0,0,2,1,E01025131,30-03-2018,1,1,2,2,83,11,3,0,0,0,4,-1,11,-1
29610,74.64360621,26.47526218,4,3,2,1,3,16:40,85,E10000017,4,5412,6,30,6,2,6,0,0,0,1,1,1,0,2,1,1,E01025604,29-03-2018,2,1,1,1,29,6,3,0,0,0,0,-1,4,1
29611,74.64082781,26.45308245,4,3,2,2,4,19:30,85,E10000017,3,587,6,40,6,2,6,0,0,0,4,2,2,1,2,1,1,E01025593,30-03-2018,1,1,3,1,42,7,3,5,1,0,0,-1,0,1
29612,74.63353491,26.46964222,4,3,2,1,7,10:00,85,E10000017,4,5268,6,30,3,4,6,0,0,0,1,1,1,0,0,1,2,E01025550,02-04-2018,1,1,3,2,13,3,3,5,1,0,0,-1,0,1
29613,74.64126323,26.46216253,4,3,2,1,3,16:10,85,E10000017,3,6,6,60,3,4,6,0,0,0,1,1,1,0,0,2,1,E01025547,29-03-2018,1,1,1,1,26,6,3,0,0,0,0,-1,9,1
29614,74.64243077,26.46244521,4,1,1,2,3,14:22,85,E10000017,3,6,6,40,0,-1,-1,0,0,0,1,1,1,0,0,2,1,E01025281,29-03-2018,1,1,3,1,28,6,3,10,2,0,0,-1,0,1
29615,74.64791836,26.46262617,4,3,3,2,7,10:00,85,E10000017,3,585,6,30,6,2,6,0,0,5,1,1,1,0,0,2,1,E01025026,02-04-2018,1,1,3,2,22,5,3,1,3,0,0,-1,0,-1
29616,74.64553371,26.46624621,4,3,2,1,7,08:47,85,E10000017,6,0,6,30,3,4,6,0,0,0,1,1,1,0,0,1,1,E01025574,02-04-2018,1,1,1,1,26,6,3,0,0,0,0,-1,5,1
29617,74.6515568,26.47650808,4,2,2,1,5,12:46,76,E10000017,6,0,2,30,9,4,6,0,0,0,1,1,1,0,0,1,1,E01025151,31-03-2018,2,1,2,2,24,5,3,0,0,1,0,-1,9,1
29618,74.63472909,26.46663506,4,3,3,1,3,16:00,85,E10000017,6,0,6,30,6,2,6,0,0,0,1,1,1,0,0,1,1,E01025601,05-04-2018,1,1,3,2,8,2,3,5,3,0,0,-1,0,-1
29619,74.65087141,26.45338766,4,2,2,1,2,17:13,76,E10000017,3,6,2,30,9,4,6,0,0,4,1,1,1,0,0,1,1,E01025104,04-04-2018,1,1,1,1,-1,-1,3,0,0,0,0,-1,9,1
29620,74.6425168,26.45203693,4,3,2,1,4,06:20,76,E10000017,1,6,3,70,0,-1,-1,0,0,0,6,4,2,0,0,2,2,E01025108,06-04-2018,1,1,2,2,-1,-1,3,0,0,1,0,-1,9,-1
29621,74.63478784,26.47425918,4,3,1,1,6,15:10,76,E10000017,6,0,6,30,3,4,6,0,0,0,1,1,1,0,0,1,1,E01025110,08-04-2018,1,1,1,2,44,7,3,0,0,0,0,-1,9,1
29622,74.63303134,26.47449029,4,3,2,2,5,08:20,85,E10000017,6,0,6,60,8,4,6,0,0,0,1,1,1,0,0,2,1,E01025562,03-03-2018,1,1,1,2,35,6,3,0,0,0,0,-1,1,1
29623,74.65003181,26.45346708,4,3,2,1,4,20:00,76,E10000017,3,6,2,30,9,4,6,0,0,0,1,1,1,0,0,1,1,E01025104,06-04-2018,1,1,3,1,27,6,3,5,4,0,0,-1,0,1
29624,74.65271202,26.46503576,4,2,2,2,3,12:40,85,E10000017,3,588,6,30,0,-1,-1,0,0,0,1,1,1,0,0,1,1,E01025546,05-04-2018,1,1,3,2,4,1,3,5,1,0,0,-1,0,1
29625,74.65094743,26.46016953,4,3,2,2,2,13:27,85,E10000017,3,585,1,30,1,4,6,0,0,0,1,1,1,0,0,1,1,E01025575,04-04-2018,1,1,1,1,35,6,3,0,0,0,0,-1,9,1