Accident_Index,longitude,latitude,Police_Force,Accident_Severity,Number_of_Vehicles,Number_of_Casualties,Day_of_Week,Time,Local_Authority_(District),Local_Authority_(Highway),1st_Road_Class,1st_Road_Number,Road_Type,Speed_limit,Junction_Detail,Junction_Control,2nd_Road_Class,2nd_Road_Number,Pedestrian_Crossing-Human_Control,Pedestrian_Crossing-Physical_Facilities,Light_Conditions,Weather_Conditions,Road_Surface_Conditions,Special_Conditions_at_Site,Carriageway_Hazards,Urban_or_Rural_Area,Did_Police_Officer_Attend_Scene_of_Accident,LSOA_of_Accident_Location,Date,Vehicle_Reference,Casualty_Reference,Casualty_Class,Sex_of_Casualty,Age_of_Casualty,Age_Band_of_Casualty,Casualty_Severity,Pedestrian_Location,Pedestrian_Movement,Car_Passenger,Bus_or_Coach_Passenger,Pedestrian_Road_Maintenance_Worker,Casualty_Type,Casualty_Home_Area_Type
29748,74.65296409,26.45412932,4,3,2,1,4,09:10,76,E10000017,4,6254,6,30,3,3,3,6,0,0,1,5,2,0,0,1,1,E01025150,24-08-2018,1,1,1,2,25,5,3,0,0,0,0,-1,3,-1
29749,74.65058765,26.47311486,4,3,1,1,4,07:45,76,E10000017,6,0,6,30,0,-1,-1,0,0,0,1,1,1,0,0,2,1,E01025131,24-08-2018,1,1,3,2,7,2,3,5,1,0,0,-1,0,1
29750,74.63926033,26.47311518,4,3,1,1,5,17:07,76,E10000017,6,0,6,30,0,-1,-1,0,0,0,1,1,1,0,0,1,1,E01025151,25-08-2018,1,1,3,1,33,6,3,9,8,0,0,-1,0,1
29751,74.63583969,26.46802621,4,3,1,1,1,01:29,76,E10000017,3,588,6,30,0,-1,-1,0,0,0,4,1,1,0,0,1,1,E01025144,28-08-2018,2,1,1,2,61,9,3,0,0,0,0,-1,9,1
29752,74.65235047,26.46978076,4,2,2,1,3,12:07,76,E10000017,6,0,2,30,6,2,6,0,0,0,1,1,1,0,0,1,1,E01025093,23-08-2018,1,1,3,2,69,10,3,10,9,0,0,-1,0,-1
29753,74.63952622,26.45416056,4,3,1,2,5,19:05,76,E10000017,4,5321,6,30,9,2,3,6,2,4,1,1,1,0,0,1,1,E01025150,01-09-2018,2,1,2,1,52,8,3,0,0,1,0,-1,9,1
29754,74.63108553,26.47536206,4,3,1,1,6,15:00,76,E10000017,3,6,6,50,3,4,6,0,0,0,1,1,1,0,0,2,1,E01025107,02-09-2018,1,1,1,1,32,6,3,0,0,0,0,-1,19,1
29755,74.63968467,26.45957079,4,2,2,1,1,13:40,76,E10000017,6,0,6,60,0,-1,-1,0,0,0,1,1,2,0,0,2,1,E01025131,04-09-2018,2,1,1,1,21,5,3,0,0,0,0,-1,9,-1
29756,74.64921389,26.45244503,4,2,3,3,1,13:40,76,E10000017,3,65,6,40,0,-1,-1,0,0,0,1,1,1,0,0,2,1,E01025167,04-09-2018,1,1,3,1,26,6,3,9,5,0,0,-1,0,1
29757,74.64425139,26.4714218,4,3,5,1,3,20:30,76,E10000017,3,683,6,30,5,-1,6,0,0,4,1,1,1,0,0,1,1,E01025157,06-09-2018,2,1,1,1,34,6,3,0,0,0,0,-1,1,1
29758,74.65648777,26.47553786,4,3,2,2,2,15:15,76,E10000017,6,0,2,30,3,2,6,0,0,0,1,1,1,0,0,1,1,E01025093,05-09-2018,1,1,2,2,35,6,2,0,0,1,0,-1,9,1
29759,74.65068438,26.47347596,4,3,2,1,7,16:00,76,E10000017,3,683,6,40,6,2,6,0,0,0,1,1,1,0,0,2,1,E01025131,10-09-2018,1,1,3,1,30,6,3,4,1,0,0,-1,0,1
29760,74.64848062,26.46772398,4,3,2,1,6,20:15,76,E10000017,6,0,6,30,0,-1,-1,0,0,0,1,1,1,0,0,1,1,E01025127,02-09-2018,1,1,3,1,22,5,2,1,1,0,0,-1,0,-1
29761,74.64826084,26.46899514,4,3,1,1,3,15:40,76,E10000017,3,6,6,30,0,-1,-1,0,0,0,1,1,1,0,0,1,1,E01025147,13-09-2018,1,1,2,2,29,6,3,0,0,2,0,-1,9,1
29762,74.64456604,26.46687154,4,2,2,1,5,00:15,76,E10000017,3,683,6,60,0,-1,-1,0,0,0,6,1,1,0,0,2,1,E01025131,15-09-2018,1,1,1,1,39,7,3,0,0,0,0,-1,9,1
29763,74.65586139,26.4520208,4,2,2,2,1,15:00,76,E10000017,5,474,6,30,3,4,6,0,0,0,4,1,2,0,0,1,1,E01025147,18-09-2018,1,1,1,1,19,4,3,0,0,0,0,-1,1,1
29764,74.6451426,26.46847476,4,3,2,1,2,09:18,76,E10000017,3,683,6,30,0,-1,-1,0,0,0,1,1,1,0,0,2,1,E01025151,19-09-2018,1,1,1,1,31,6,3,0,0,0,0,-1,19,1
29765,74.64783864,26.45983192,4,3,2,1,5,19:00,76,E10000017,3,6,6,30,6,2,6,0,0,5,1,1,1,0,0,1,1,E01025141,22-09-2018,1,1,2,2,49,8,2,0,0,1,0,-1,9,-1
29766,74.65343431,26.45483232,4,2,2,2,7,15:45,76,E10000017,3,65,2,30,3,4,6,0,0,4,1,1,1,0,0,1,1,E01025104,24-09-2018,2,2,2,2,90,11,3,0,0,1,0,-1,9,1
29767,74.65098804,26.47391611,4,2,2,1,1,21:02,76,E10000017,6,0,3,30,9,4,6,0,0,0,4,1,1,0,0,1,1,E01025156,25-09-2018,1,1,1,1,17,4,3,0,0,0,0,-1,3,1
29768,74.63481389,26.46055155,4,3,2,1,7,15:42,76,E10000017,3,683,6,30,0,-1,-1,0,0,0,1,1,1,0,0,2,1,E01025151,01-10-2018,1,1,1,1,31,6,3,0,0,0,0,-1,9,1
29769,74.64865888,26.46112897,4,3,2,2,7,07:50,76,E10000017,3,6,6,30,0,-1,-1,0,0,0,1,1,2,6,0,2,1,E01025106,01-10-2018,1,1,2,2,-1,-1,3,0,0,0,1,-1,11,-1
29770,74.64695814,26.46380472,4,2,2,1,3,21:17,76,E10000017,3,683,6,30,0,-1,-1,0,0,0,4,1,1,0,0,2,1,E01025166,04-10-2018,1,1,1,2,21,5,3,0,0,0,0,-1,9,1
29771,74.64341187,26.47093353,4,3,2,1,4,15:25,76,E10000017,6,0,6,30,0,-1,-1,0,0,4,1,1,1,0,0,1,1,E01025104,05-10-2018,2,1,1,1,-1,-1,3,0,0,0,0,-1,9,1
29772,74.63253757,26.46990678,4,2,1,1,1,01:00,76,E10000017,3,6,2,30,3,4,6,0,0,4,4,1,1,0,0,1,1,E01025093,02-10-2018,1,1,3,1,43,7,2,4,3,0,0,-1,0,1
29773,74.63736896,26.46130964,4,3,1,1,5,15:52,76,E10000017,3,683,6,30,0,-1,-1,0,0,0,1,1,1,0,0,2,1,E01025151,06-10-2018,1,1,1,1,28,6,3,0,0,0,0,-1,5,1
29774,74.63337472,26.46073007,4,3,1,1,7,16:12,76,E10000017,6,0,6,60,0,-1,-1,0,0,0,1,1,1,0,0,2,1,E01025132,08-10-2018,1,1,3,2,67,10,3,1,1,0,0,-1,0,1
29775,74.65313557,26.46951033,4,3,2,1,6,17:15,76,E10000017,3,6,6,30,0,-1,-1,0,0,0,1,9,1,0,0,2,1,E01025151,30-09-2018,1,1,1,1,54,8,3,0,0,0,0,-1,9,1
29776,74.63656443,26.45742645,4,3,2,1,6,17:00,76,E10000017,6,0,6,30,3,4,6,0,0,0,1,1,1,0,0,1,1,E01025157,14-10-2018,1,1,1,1,19,4,3,0,0,0,0,-1,9,1
29777,74.65421957,26.46029041,4,2,1,1,7,17:12,76,E10000017,4,6480,6,60,0,-1,-1,0,0,0,1,1,1,0,0,2,1,E01025132,15-10-2018,1,2,2,1,-1,-1,3,0,0,1,0,-1,9,-1
29778,74.6507566,26.46332831,4,3,2,1,3,18:10,76,E10000017,6,0,6,30,0,-1,-1,0,0,0,1,1,2,0,0,2,1,E01025106,11-10-2018,1,1,3,1,6,2,3,5,4,0,0,-1,0,1
29779,74.65003611,26.47234276,4,3,2,1,4,22:00,76,E10000017,3,683,6,30,8,4,6,0,0,0,5,1,2,0,0,2,1,E01025166,12-10-2018,1,1,2,2,-1,-1,3,0,0,1,0,-1,9,-1
29780,74.64996236,26.45648069,4,3,2,1,1,13:15,76,E10000017,6,0,6,60,0,-1,-1,0,0,0,1,1,1,0,0,2,1,E01025131,16-10-2018,2,1,1,1,23,5,3,0,0,0,0,-1,1,1
29781,74.6515764,26.45772608,4,3,2,2,2,08:55,76,E10000017,3,6,6,30,0,-1,-1,0,0,0,7,1,1,0,0,2,1,E01025106,03-10-2018,2,1,1,2,23,5,3,0,0,0,0,-1,1,1
29782,74.64649773,26.46738823,4,3,2,1,1,01:00,76,E10000017,3,6,2,30,3,4,6,0,0,0,4,1,2,0,0,1,1,E01025104,23-10-2018,1,1,1,1,19,4,2,0,0,0,0,-1,4,1
29783,74.65383861,26.47195661,4,3,2,1,1,15:30,76,E10000017,6,0,6,30,0,-1,-1,0,0,0,1,1,1,0,0,1,1,E01025142,23-10-2018,1,1,2,1,3,1,3,0,0,0,3,-1,11,-1
29784,74.63631702,26.45556632,4,2,3,4,6,16:19,76,E10000017,3,6,6,50,0,-1,-1,0,0,0,1,1,1,0,0,2,1,E01025106,21-10-2018,3,1,1,1,24,5,3,0,0,0,0,-1,9,-1
29785,74.64235171,26.46997196,4,3,3,1,2,16:00,76,E10000017,3,683,6,30,3,4,6,0,0,0,1,2,2,0,0,2,1,E01025131,24-10-2018,1,1,2,2,69,10,3,0,0,1,0,-1,9,-1
29786,74.64573561,26.45916274,4,2,2,1,4,15:00,76,E10000017,4,5321,6,30,0,-1,-1,0,0,0,1,1,2,0,0,1,1,E01025153,26-10-2018,2,1,1,1,43,7,3,0,0,0,0,-1,1,1
29787,74.65217254,26.47544446,4,3,4,1,3,10:55,76,E10000017,3,6,6,50,9,4,6,0,0,0,1,1,2,0,0,2,1,E01025142,25-10-2018,1,3,2,2,25,5,3,0,0,1,0,-1,9,1
29788,74.64034676,26.4745405,4,3,1,1,6,09:20,76,E10000017,3,6,2,30,9,2,6,0,0,4,1,1,1,0,0,1,1,E01025093,28-10-2018,1,4,1,1,34,6,3,0,0,0,0,-1,9,1
29789,74.6542896,26.45196478,4,2,2,1,4,17:28,76,E10000017,4,5321,6,30,3,4,6,0,0,0,1,1,2,0,0,1,1,E01025151,28-09-2018,2,1,1,1,23,5,3,0,0,0,0,-1,9,3
29790,74.64369784,26.47079288,4,3,1,1,2,08:10,76,E10000017,4,683,6,30,3,4,6,0,0,0,1,1,1,0,0,1,1,E01025157,31-10-2018,2,2,2,1,26,6,3,0,0,1,0,-1,9,1
29791,74.65219609,26.47038268,4,3,2,1,3,16:05,76,E10000017,6,0,9,30,0,-1,-1,0,0,0,1,1,1,0,0,2,1,E01025159,01-11-2018,1,1,2,1,-1,-1,3,0,0,0,4,-1,11,-1
29792,74.65529984,26.46924217,4,3,2,3,2,17:28,76,E10000017,3,6,2,30,3,4,6,0,0,0,1,1,1,0,0,1,1,E01025151,31-10-2018,1,1,1,1,14,3,3,0,0,0,0,-1,1,1
29793,74.64004606,26.47608853,4,3,2,3,5,13:45,76,E10000017,3,683,6,30,7,4,6,0,0,0,1,5,2,0,0,2,1,E01025166,03-11-2018,1,1,1,2,22,5,3,0,0,0,0,-1,9,-1
29794,74.64234122,26.47011146,4,3,4,3,4,17:40,76,E10000017,3,6,2,30,3,4,6,0,0,4,4,2,2,0,0,1,1,E01025104,02-11-2018,1,1,1,2,26,6,2,0,0,0,0,-1,4,1
29795,74.65250376,26.47451757,4,3,2,1,1,12:30,76,E10000017,3,6,3,30,3,4,6,0,0,0,1,1,2,0,0,1,1,E01025152,06-11-2018,2,1,1,1,-1,-1,3,0,0,0,0,-1,9,1
29796,74.63382204,26.46788511,4,3,1,2,2,18:10,76,E10000017,6,0,6,30,3,4,6,0,0,1,4,1,1,0,0,1,1,E01025145,07-11-2018,2,1,1,1,-1,-1,3,0,0,0,0,-1,1,-1
29797,74.65165749,26.47432431,4,3,3,2,3,08:10,76,E10000017,3,683,6,30,9,4,6,0,0,4,4,5,2,0,0,1,1,E01025156,08-11-2018,2,1,1,1,-1,-1,3,0,0,0,0,-1,1,-1
29798,74.63244958,26.45228555,4,3,2,2,4,19:05,76,E10000017,3,6,2,30,3,2,6,0,0,0,4,1,2,0,0,2,1,E01025093,26-10-2018,1,1,1,1,26,6,3,0,0,0,0,-1,9,1
29799,74.6347455,26.45398838,4,2,1,2,5,22:05,76,E10000017,4,5321,6,30,3,4,6,0,0,0,4,2,2,0,0,1,1,E01025156,10-11-2018,1,1,1,1,31,6,3,0,0,0,0,-1,9,1
29800,74.63311171,26.46734645,4,3,1,2,5,15:50,76,E10000017,6,0,2,30,8,4,6,0,0,0,1,1,1,0,0,1,1,E01025104,11-08-2018,1,1,1,1,12,3,3,0,0,0,0,-1,1,1
29801,74.6448198,26.45913435,4,3,2,1,6,17:25,76,E10000017,6,0,6,60,0,-1,-1,0,0,0,6,2,2,0,0,2,1,E01025105,11-11-2018,2,1,1,2,39,7,3,0,0,0,0,-1,3,-1
29802,74.63668293,26.45608168,4,3,2,1,3,13:36,76,E10000017,3,683,2,30,0,-1,-1,0,0,0,1,1,1,0,0,2,1,,15-11-2018,1,1,2,2,34,6,3,0,0,0,3,-1,11,1
29803,74.63294286,26.46450839,4,3,2,2,5,05:58,76,E10000017,4,5290,6,60,0,-1,-1,0,0,0,6,8,4,0,0,2,1,E01025107,17-11-2018,1,2,2,1,11,3,3,0,0,0,3,-1,11,1
29804,74.65461121,26.4520485,4,3,2,1,5,16:40,76,E10000017,6,0,6,30,3,4,6,0,0,0,5,1,1,0,0,2,1,E01025153,17-11-2018,2,1,1,1,38,7,3,0,0,0,0,-1,1,1
29805,74.63568817,26.46406473,4,3,2,1,4,09:45,76,E10000017,6,0,6,30,3,4,6,0,0,0,1,1,2,0,0,1,1,E01025104,16-11-2018,1,1,1,1,48,8,3,0,0,0,0,-1,9,1
29806,74.64536746,26.45824211,4,3,1,1,5,16:45,76,E10000017,6,0,6,30,0,-1,-1,0,0,0,4,1,1,0,0,2,1,E01025093,17-11-2018,1,1,1,1,46,8,3,0,0,0,0,-1,1,1
29807,74.64100629,26.47259072,4,3,2,1,6,07:46,76,E10000017,3,6,6,30,0,-1,-1,0,0,0,1,1,1,0,0,1,1,E01025149,18-11-2018,1,1,3,1,36,7,3,5,9,0,0,-1,0,-1
29808,74.65268783,26.47103545,4,3,1,1,1,14:50,76,E10000017,6,0,6,60,0,-1,-1,0,0,0,1,1,2,0,0,2,1,E01025131,20-11-2018,1,1,1,2,22,5,3,0,0,0,0,-1,9,1
29809,74.6358872,26.47363558,4,3,2,1,2,16:13,76,E10000017,6,0,6,30,3,4,6,0,0,0,4,7,2,0,0,1,1,E01025093,21-11-2018,1,1,1,1,36,7,3,0,0,0,0,-1,2,1
29810,74.64333478,26.46014319,4,3,3,2,2,14:49,76,E10000017,3,65,6,40,9,4,6,0,0,0,1,1,2,0,0,2,1,E01025167,21-11-2018,1,1,3,2,13,3,2,6,9,0,0,-1,0,1
29811,74.64279049,26.46071098,4,2,3,1,3,17:21,76,E10000017,3,683,6,30,9,4,6,0,0,0,4,1,2,0,0,1,1,E01025092,22-11-2018,1,1,3,2,34,6,2,1,1,0,0,-1,0,1
29812,74.65031432,26.4641193,4,3,2,2,4,17:45,76,E10000017,3,6,2,30,3,4,6,0,0,0,4,1,1,0,0,1,1,E01025093,30-11-2018,1,1,2,2,46,8,3,0,0,0,4,-1,11,1
29813,74.6415182,26.46630141,4,3,2,2,2,21:33,76,E10000017,3,683,6,30,9,4,6,0,0,0,4,1,2,0,0,1,1,E01025093,05-12-2018,1,1,1,1,39,7,3,0,0,0,0,-1,2,1
29814,74.63424779,26.47405985,4,3,2,1,2,12:00,76,E10000017,3,6,2,30,6,2,3,589,0,0,1,1,2,0,0,2,1,E01025093,05-12-2018,1,1,2,2,-1,-1,3,0,0,0,1,-1,11,-1
29815,74.65248345,26.46802699,4,3,1,1,5,12:12,76,E10000017,6,0,9,30,0,-1,-1,0,0,1,1,1,1,0,0,1,1,E01025093,08-12-2018,1,1,1,1,36,7,3,0,0,0,0,-1,9,-1
29816,74.63315529,26.46362238,4,3,2,1,6,17:35,76,E10000017,6,0,3,30,9,2,6,0,0,4,4,1,1,0,0,1,1,E01025104,09-12-2018,1,1,1,1,38,7,2,0,0,0,0,-1,3,1
29817,74.6435866,26.45412259,4,3,2,1,5,07:10,76,E10000017,4,6480,6,60,0,-1,-1,0,0,0,1,2,2,0,0,2,1,E01025167,01-12-2018,1,1,2,2,2,1,3,0,0,1,0,-1,9,-1
29818,74.6460184,26.45645892,4,3,1,1,6,07:40,76,E10000017,6,0,6,30,2,4,4,5321,0,0,1,2,2,0,0,1,1,E01025153,02-12-2018,1,1,2,2,42,7,3,0,0,0,3,-1,11,1
29819,74.63109031,26.4584192,4,3,2,1,4,11:09,76,E10000017,3,6,6,50,3,4,6,0,0,0,1,1,2,0,0,2,1,E01025142,07-12-2018,1,1,1,1,25,5,3,0,0,0,0,-1,9,1
29820,74.64863551,26.45870214,4,3,3,4,7,18:15,76,E10000017,3,6,2,30,3,4,6,0,0,0,4,2,2,0,0,1,1,E01025104,10-12-2018,1,1,1,1,16,4,3,0,0,0,0,-1,2,1
29821,74.64197045,26.45430272,4,3,2,4,1,02:40,76,E10000017,3,6,2,30,3,2,6,0,0,5,4,2,2,0,0,1,1,E01025104,11-12-2018,1,1,1,1,32,6,3,0,0,0,0,-1,9,1
29822,74.63978222,26.47545104,4,3,1,1,3,18:00,76,E10000017,3,683,6,50,0,-1,-1,0,0,0,6,2,2,0,0,2,1,E01025132,13-12-2018,1,1,3,2,71,10,3,5,9,0,0,-1,0,1
29823,74.6354812,26.4681763,4,3,1,1,3,15:30,76,E10000017,3,683,6,30,3,4,6,0,0,0,4,4,2,0,0,2,1,E01025166,13-12-2018,1,1,1,2,42,7,3,0,0,0,0,-1,9,1
29824,74.64584151,26.45780979,4,3,2,1,2,18:50,76,E10000017,5,476,6,60,0,-1,-1,0,0,0,6,1,1,0,0,2,1,E01025131,12-12-2018,2,1,1,1,40,7,3,0,0,0,0,-1,1,1
29825,74.6440706,26.47468476,4,3,3,1,3,09:55,76,E10000017,3,6,1,60,1,4,6,0,0,0,1,1,2,0,0,2,1,E01025105,13-12-2018,1,1,3,2,33,6,3,5,9,0,0,-1,0,-1
29826,74.64055154,26.47193204,4,3,1,1,1,10:25,76,E10000017,3,6,1,60,1,4,6,0,0,0,1,1,2,5,0,2,1,E01025105,18-12-2018,1,1,1,1,40,7,3,0,0,0,0,-1,9,1
29827,74.63406875,26.46207116,4,3,1,1,1,00:07,76,E10000017,3,683,2,40,3,4,6,0,0,7,4,1,2,0,0,2,1,E01025151,25-12-2018,2,2,1,1,34,6,3,0,0,0,0,-1,9,1
29828,74.64385723,26.4687827,4,2,1,1,2,18:15,76,E10000017,3,65,6,60,0,-1,-1,0,0,0,6,1,1,0,0,2,1,E01025167,07-11-2018,1,1,1,2,57,9,3,0,0,0,0,-1,9,1
29829,74.64883536,26.46361128,4,3,1,1,2,21:13,76,E10000017,3,683,6,40,0,-1,-1,0,0,4,4,1,2,0,0,2,1,E01025151,19-12-2018,1,1,1,1,18,4,3,0,0,0,0,-1,9,1
29830,74.63443397,26.47123701,4,3,2,1,6,12:15,76,E10000017,6,0,6,30,3,4,6,0,0,0,1,1,2,0,0,1,1,E01025099,23-12-2018,1,1,1,1,52,8,3,0,0,0,0,-1,9,-1
29831,74.64090116,26.4658703,4,3,2,1,5,13:35,76,E10000017,6,0,1,30,2,4,6,0,0,0,1,1,2,0,0,2,1,E01025126,22-12-2018,1,1,1,1,39,7,2,0,0,0,0,-1,2,1
29832,74.6524695,26.4568794,4,3,2,1,4,13:30,76,E10000017,3,589,6,30,6,4,6,0,0,8,1,1,1,0,0,1,1,E01025155,28-12-2018,1,1,2,2,51,8,3,0,0,0,2,-1,11,1
29833,74.65547102,26.45779041,4,3,2,1,5,12:00,76,E10000017,3,589,6,30,3,4,6,0,0,0,1,8,4,0,0,1,1,E01025155,29-12-2018,1,1,2,2,39,7,3,0,0,1,0,-1,9,1
29834,74.64055991,26.46898008,4,3,2,1,3,15:11,76,E10000017,3,6,2,30,0,-1,-1,0,0,0,1,1,1,0,0,1,1,E01025104,06-12-2018,1,1,1,1,58,9,3,0,0,0,0,-1,9,1
29835,74.65060534,26.45495135,4,3,1,1,1,01:30,76,E10000017,6,0,2,30,3,4,6,0,0,0,4,1,2,0,0,1,1,E01025104,11-12-2018,1,1,2,1,-1,-1,3,0,0,0,3,-1,11,-1
29836,74.63862911,26.46993763,4,3,1,1,1,11:56,76,E10000017,3,589,2,30,5,4,6,0,0,0,1,1,-1,6,2,1,1,E01025151,25-12-2018,1,1,1,2,40,7,3,0,0,0,0,-1,9,-1
29837,74.63413021,26.46353028,4,3,2,1,6,08:46,76,E10000017,3,589,6,30,0,-1,-1,0,0,4,1,1,1,0,0,1,1,E01025110,06-05-2018,1,1,2,1,-1,-1,3,0,0,0,0,-1,5,-1
29838,74.63289754,26.45344999,4,3,2,1,1,16:12,76,E10000017,4,5321,1,30,1,1,4,5321,0,0,1,1,1,0,0,1,1,E01025138,08-05-2018,2,1,1,1,26,6,2,0,0,0,0,-1,9,-1
29839,74.65463322,26.4683061,4,3,2,1,3,16:45,76,E10000017,6,0,6,30,3,4,6,0,0,0,1,1,1,0,0,2,1,E01025098,10-05-2018,1,1,3,1,-1,-1,3,10,9,0,0,-1,0,1
29840,74.65565133,26.46197705,4,3,2,2,3,05:53,76,E10000017,6,0,9,30,0,-1,-1,0,0,0,1,9,1,0,0,2,1,E01025109,10-05-2018,1,1,3,2,67,10,3,5,1,0,0,-1,0,1
29841,74.63675738,26.46764776,4,3,2,1,2,08:00,76,E10000017,4,5275,6,30,6,4,6,0,0,0,1,1,1,0,0,1,1,E01025161,23-05-2018,1,1,1,1,20,4,3,0,0,0,0,-1,9,-1
29842,74.63111086,26.4581298,4,3,2,1,4,15:10,76,E10000017,6,0,6,30,3,4,6,0,0,0,1,1,1,0,0,1,1,E01025173,25-05-2018,1,1,1,2,29,6,3,0,0,0,0,-1,1,1
29843,74.64296321,26.47197159,4,3,1,1,4,15:33,76,E10000017,3,589,6,30,0,-1,-1,0,0,0,1,2,2,0,0,1,1,E01025087,18-05-2018,1,1,1,1,46,8,3,0,0,0,0,-1,3,-1
29844,74.64612745,26.47024422,4,3,2,4,4,16:20,76,E10000017,6,0,6,60,6,3,6,0,0,0,1,2,2,0,0,2,1,E01025108,18-05-2018,2,1,1,1,12,3,3,0,0,0,0,-1,1,1
29845,74.64052052,26.46767599,4,3,2,1,7,08:17,76,E10000017,6,0,6,30,3,4,6,0,0,0,1,1,1,0,0,1,1,E01025163,21-05-2018,1,1,1,1,19,4,3,0,0,0,0,-1,9,1
29846,74.65513634,26.47431139,4,3,2,1,1,17:22,76,E10000017,6,0,6,30,3,4,6,0,0,0,1,1,1,0,0,1,1,E01025116,22-05-2018,1,1,1,1,23,5,3,0,0,0,0,-1,9,1
29847,74.64696267,26.47555294,4,3,2,3,3,15:30,76,E10000017,3,589,6,30,0,-1,-1,0,0,0,1,1,1,0,0,1,1,E01025164,24-05-2018,1,1,1,2,44,7,3,0,0,0,0,-1,9,1
29848,74.63744989,26.47460857,4,3,2,2,5,19:30,76,E10000017,3,5105,6,30,9,4,6,0,0,0,1,1,1,0,0,1,1,E01025087,26-05-2018,1,1,2,1,1,1,3,0,0,0,3,-1,11,1
29849,74.64058682,26.47497751,4,1,1,1,6,12:02,76,E10000017,4,5321,6,30,0,-1,-1,0,0,0,1,1,2,0,0,1,1,E01025137,17-06-2018,1,1,1,2,30,6,2,0,0,0,0,-1,9,-1
29850,74.64100826,26.47234901,4,3,1,1,3,12:25,76,E10000017,6,0,6,30,6,4,6,0,0,0,1,1,1,0,0,1,1,E01025110,31-05-2018,2,2,1,1,39,7,3,0,0,0,0,-1,19,-1
29851,74.63108087,26.47069528,4,2,2,1,4,19:35,76,E10000017,6,0,6,30,3,4,6,0,0,0,1,9,1,0,0,1,1,E01025121,25-05-2018,2,1,1,1,37,7,3,0,0,0,0,-1,9,-1
29852,74.6481465,26.45503563,4,3,1,1,3,15:50,76,E10000017,3,6,6,60,1,4,3,601,0,0,1,1,1,0,0,2,1,E01025130,07-06-2018,1,1,2,1,67,10,3,0,0,0,3,-1,11,1
29853,74.63424514,26.47207945,4,3,1,1,2,21:15,76,E10000017,3,6,6,40,0,-1,-1,0,0,0,6,4,2,0,0,2,1,E01025159,13-06-2018,1,1,1,2,-1,-1,3,0,0,0,0,-1,9,1
29854,74.65117285,26.45951785,4,3,2,1,2,16:10,76,E10000017,3,589,6,30,3,4,6,0,0,0,1,2,2,0,0,1,1,E01025116,13-06-2018,1,1,1,1,14,3,3,0,0,0,0,-1,1,1
29855,74.6540747,26.46015867,4,3,2,4,1,18:00,76,E10000017,6,0,6,30,3,2,6,0,0,5,1,1,2,0,0,1,1,E01025114,19-06-2018,1,1,1,1,33,6,3,0,0,0,0,-1,19,1
29856,74.64534279,26.46408162,4,3,2,1,5,19:11,76,E10000017,6,0,6,30,6,4,6,0,0,0,1,8,1,0,0,1,1,E01025110,23-06-2018,1,1,1,2,27,6,3,0,0,0,0,-1,9,1
29857,74.64727616,26.46657476,4,2,2,1,2,16:00,76,E10000017,6,0,6,30,0,-1,-1,0,0,0,1,1,1,0,0,1,1,E01025134,11-07-2018,1,1,1,2,20,4,3,0,0,0,0,-1,9,1
29858,74.63144408,26.4577137,4,2,2,1,2,17:50,76,E10000017,6,0,6,60,6,3,6,0,0,0,1,1,1,0,0,2,1,E01025108,11-07-2018,1,1,1,2,17,4,3,0,0,0,0,-1,9,3
29859,74.64019953,26.47459071,4,3,2,1,5,22:49,76,E10000017,3,589,1,30,1,4,4,5321,0,1,4,1,1,0,0,2,1,E01025326,26-05-2018,1,3,2,2,17,4,3,0,0,1,0,-1,9,1
29860,74.64008143,26.4524734,4,2,2,1,7,14:30,76,E10000017,6,0,6,30,9,4,6,0,0,0,1,1,1,0,0,2,1,E01025148,16-07-2018,2,2,1,1,32,6,3,0,0,0,0,-1,8,1
29861,74.63486336,26.47373758,4,3,2,1,6,11:00,76,E10000017,6,0,6,30,9,4,6,0,0,1,1,1,1,0,0,1,1,E01025139,10-06-2018,1,1,2,1,41,7,3,0,0,0,3,-1,11,1
29862,74.64783353,26.45946163,4,2,2,1,2,18:00,76,E10000017,6,0,6,30,9,4,6,0,0,0,1,1,1,0,0,1,1,E01025137,11-07-2018,2,1,1,1,18,4,3,0,0,0,0,-1,9,1
29863,74.64321602,26.45995512,4,3,2,1,4,16:15,76,E10000017,6,0,6,30,3,4,4,5321,0,1,1,1,1,0,0,1,1,E01025139,13-07-2018,2,2,2,1,18,4,3,0,0,1,0,-1,9,-1
29864,74.65321676,26.45888421,4,3,2,1,7,08:40,76,E10000017,6,0,6,30,3,4,6,0,0,0,1,1,1,0,0,1,1,E01025173,16-07-2018,1,1,1,1,17,4,3,0,0,0,0,-1,9,1
29865,74.63554881,26.46982482,4,3,2,2,7,19:20,76,E10000017,3,589,6,30,9,4,6,0,0,0,1,1,1,0,0,1,1,E01025110,16-07-2018,2,2,1,1,28,6,3,0,0,0,0,-1,9,1
29866,74.65457883,26.46741981,4,2,1,1,3,15:25,76,E10000017,6,0,6,30,0,-1,-1,0,0,0,1,1,1,0,0,2,1,E01025158,19-07-2018,2,3,2,1,21,5,3,0,0,1,0,-1,9,-1
29867,74.63164973,26.46685245,4,3,2,2,3,11:44,76,E10000017,6,0,6,30,0,-1,-1,0,0,4,1,1,1,0,2,1,1,E01025172,19-07-2018,3,1,1,1,-1,-1,3,0,0,0,0,-1,9,1
29868,74.65051999,26.47528957,4,3,1,1,5,16:07,76,E10000017,6,0,6,30,0,-1,-1,0,0,0,1,1,1,0,0,1,1,E01025119,21-07-2018,1,1,2,1,35,6,3,0,0,0,3,-1,11,-1