Accident_Index,longitude,latitude,Police_Force,Accident_Severity,Number_of_Vehicles,Number_of_Casualties,Day_of_Week,Time,Local_Authority_(District),Local_Authority_(Highway),1st_Road_Class,1st_Road_Number,Road_Type,Speed_limit,Junction_Detail,Junction_Control,2nd_Road_Class,2nd_Road_Number,Pedestrian_Crossing-Human_Control,Pedestrian_Crossing-Physical_Facilities,Light_Conditions,Weather_Conditions,Road_Surface_Conditions,Special_Conditions_at_Site,Carriageway_Hazards,Urban_or_Rural_Area,Did_Police_Officer_Attend_Scene_of_Accident,LSOA_of_Accident_Location,Date,Vehicle_Reference,Casualty_Reference,Casualty_Class,Sex_of_Casualty,Age_of_Casualty,Age_Band_of_Casualty,Casualty_Severity,Pedestrian_Location,Pedestrian_Movement,Car_Passenger,Bus_or_Coach_Passenger,Pedestrian_Road_Maintenance_Worker,Casualty_Type,Casualty_Home_Area_Type
29869,74.63949107,26.47338938,4,3,2,1,5,09:00,76,E10000017,6,0,6,60,0,-1,-1,0,0,0,1,2,2,0,0,2,1,E01025133,28-07-2018,1,1,2,1,67,10,3,0,0,0,3,-1,11,1
29870,74.65327531,26.47367881,4,3,2,1,6,18:51,76,E10000017,6,0,6,30,0,-1,-1,0,0,0,1,1,1,0,0,1,1,E01025136,29-07-2018,1,1,1,1,23,5,3,0,0,0,0,-1,1,1
29871,74.65321392,26.46421409,4,3,2,1,1,12:37,76,E10000017,3,683,1,40,1,4,4,5273,0,0,1,1,1,0,0,2,1,E01025172,31-07-2018,2,1,1,2,26,6,3,0,0,0,0,-1,9,1
29872,74.64859583,26.46634952,4,2,2,1,3,07:45,76,E10000017,6,0,6,30,0,-1,-1,0,0,0,1,1,1,0,0,1,1,E01025124,02-08-2018,1,1,1,1,28,6,3,0,0,0,0,-1,9,1
29873,74.65598102,26.45906474,4,3,3,1,7,10:15,76,E10000017,6,0,6,30,9,4,6,0,0,0,1,1,1,0,0,2,1,E01025098,30-07-2018,2,2,2,2,42,7,3,0,0,1,0,-1,9,1
29874,74.64365057,26.46571524,4,2,1,1,1,00:20,76,E10000017,6,0,6,30,0,-1,-1,0,0,0,6,1,1,0,0,2,1,E01025148,07-08-2018,3,1,1,2,21,5,3,0,0,0,0,-1,9,1
29875,74.65330984,26.45384125,4,3,2,1,3,19:30,76,E10000017,6,0,6,30,3,4,6,0,0,0,1,1,1,0,0,1,1,E01025138,09-08-2018,1,1,1,1,38,7,3,0,0,0,0,-1,2,1
29876,74.65628442,26.46864228,4,2,1,1,6,14:12,76,E10000017,6,0,9,30,0,-1,-1,0,0,0,1,1,1,0,0,1,1,E01025171,12-08-2018,1,1,3,1,12,3,3,1,3,0,0,-1,0,1
29877,74.64342141,26.46025865,4,2,2,1,2,19:00,76,E10000017,6,0,6,30,9,4,6,0,0,0,1,1,1,0,0,1,1,E01025171,15-08-2018,1,1,1,2,32,6,3,0,0,0,0,-1,9,1
29878,74.64328319,26.4536155,4,3,1,4,2,00:01,76,E10000017,6,0,6,60,3,4,6,0,0,0,6,1,1,0,0,2,1,E01025108,15-08-2018,1,1,1,1,38,7,3,0,0,0,0,-1,9,1
29879,74.63249955,26.46437384,4,2,2,1,5,17:45,76,E10000017,3,683,6,30,0,-1,-1,0,0,0,1,1,1,0,0,1,1,E01025164,18-08-2018,1,2,2,2,18,4,3,0,0,1,0,-1,9,1
29880,74.65127226,26.46215437,4,3,2,1,1,12:10,76,E10000017,4,5273,6,40,0,-1,-1,0,0,0,1,1,1,0,0,2,1,E01025121,21-08-2018,2,3,1,2,18,4,3,0,0,0,0,-1,9,1
29881,74.63994734,26.46304973,4,3,2,1,1,10:50,76,E10000017,3,6,6,40,0,-1,-1,0,0,0,1,5,2,0,0,2,1,E01025160,28-08-2018,1,1,3,2,9,2,2,5,1,0,0,-1,0,-1
29882,74.64059215,26.47630477,4,3,2,1,1,20:46,76,E10000017,4,5273,3,40,3,3,6,0,0,0,4,2,2,0,0,2,1,E01025171,21-08-2018,1,1,2,2,57,9,3,0,0,0,4,-1,11,1
29883,74.64557646,26.46986956,4,3,2,1,3,15:30,76,E10000017,4,6254,6,60,0,-1,-1,0,0,0,1,1,1,0,0,2,1,E01025130,12-07-2018,1,2,2,1,69,10,2,0,0,0,3,-1,11,1
29884,74.64237623,26.46216681,4,2,1,1,7,20:30,76,E10000017,6,0,2,30,0,-1,-1,0,0,0,4,1,1,0,0,1,1,E01025110,03-09-2018,1,3,2,2,40,7,3,0,0,0,4,-1,11,-1
29885,74.63885966,26.4587208,4,3,1,1,5,20:15,76,E10000017,3,6,6,30,3,2,6,0,0,4,4,1,1,0,0,2,1,E01025548,01-09-2018,1,1,3,1,36,7,2,5,3,0,0,-1,0,-1
29886,74.64633936,26.46949019,4,3,2,2,1,10:31,76,E10000017,6,0,6,30,3,4,6,0,0,0,1,1,1,0,0,1,1,E01025172,07-08-2018,1,1,3,1,41,7,2,1,1,0,0,-1,0,1
29887,74.63347519,26.47464682,4,3,1,1,5,20:55,76,E10000017,6,0,2,30,3,4,6,0,0,0,4,1,1,0,0,1,1,E01025120,01-09-2018,2,1,1,1,20,4,3,0,0,0,0,-1,1,-1
29888,74.65584319,26.4680489,4,3,2,1,3,14:05,76,E10000017,6,0,6,30,3,4,6,0,0,0,1,1,1,0,0,1,1,E01025110,06-09-2018,1,1,1,2,25,5,3,0,0,0,0,-1,3,1
29889,74.65192418,26.46244798,4,3,2,1,2,18:22,76,E10000017,3,589,6,30,0,-1,-1,0,0,0,1,1,1,0,0,1,1,E01025140,29-08-2018,1,1,1,1,20,4,3,0,0,0,0,-1,9,1
29890,74.64896836,26.45269729,4,3,1,1,5,04:39,76,E10000017,3,683,1,30,1,4,6,0,0,0,1,1,2,0,0,1,1,E01025155,08-09-2018,1,1,1,2,41,7,2,0,0,0,0,-1,9,1
29891,74.64069235,26.46052879,4,2,2,6,5,22:55,76,E10000017,3,6070,6,60,0,-1,-1,0,0,0,6,2,2,0,0,2,1,E01025169,08-09-2018,2,1,1,1,29,6,3,0,0,0,0,-1,9,1
29892,74.64458064,26.47646332,4,3,2,2,3,13:30,76,E10000017,4,5321,2,30,3,4,4,5274,0,1,1,1,1,0,0,1,1,E01025139,30-08-2018,1,1,2,2,24,5,3,0,0,0,0,-1,3,1
29893,74.63144555,26.46176108,4,3,2,1,3,12:30,76,E10000017,6,0,6,30,3,4,6,0,0,0,1,1,1,0,0,1,1,E01025110,06-09-2018,1,1,3,1,59,9,3,5,1,0,0,-1,0,-1
29894,74.63620481,26.45251036,4,3,2,1,4,18:47,76,E10000017,4,5321,6,30,3,4,6,0,0,0,1,1,1,0,0,1,1,E01025173,07-09-2018,2,1,1,1,40,7,3,0,0,0,0,-1,1,1
29895,74.63261696,26.46750593,4,2,4,1,4,17:30,76,E10000017,3,589,6,30,3,4,6,0,0,0,1,1,1,0,0,1,1,E01025120,07-09-2018,1,1,1,1,34,6,3,0,0,0,0,-1,5,1
29896,74.65185569,26.45720009,4,3,2,1,1,18:30,76,E10000017,6,0,6,30,3,-1,6,0,0,0,1,1,1,0,2,1,1,E01025121,11-09-2018,1,2,3,1,20,4,3,5,4,0,0,-1,0,1
29897,74.64209318,26.47202247,4,3,2,1,2,06:50,76,E10000017,6,0,6,30,3,4,6,0,0,0,1,1,1,0,0,1,1,E01025140,12-09-2018,1,1,2,2,-1,-1,3,0,0,1,0,-1,9,1
29898,74.63994928,26.46301052,4,3,2,2,3,10:55,76,E10000017,6,0,6,30,7,4,6,0,0,1,1,1,1,0,0,2,1,E01025320,13-09-2018,1,1,2,2,3,1,3,0,0,0,2,-1,11,-1
29899,74.64592479,26.46820298,4,3,2,1,2,16:14,76,E10000017,6,0,6,30,3,4,3,589,0,0,1,1,1,0,0,1,1,E01025110,12-09-2018,3,1,1,2,41,7,3,0,0,0,0,-1,9,1
29900,74.59629083,26.45448577,4,3,2,3,5,15:30,76,E10000017,6,0,6,30,6,2,6,0,0,0,1,1,1,0,0,1,1,E01025172,15-09-2018,2,1,1,2,57,9,3,0,0,0,0,-1,9,-1
29901,74.60279835,26.4653288,4,3,2,1,7,21:50,76,E10000017,3,589,6,30,0,-1,-1,0,0,0,4,1,1,0,0,1,1,E01025139,24-09-2018,1,1,1,1,55,8,3,0,0,0,0,-1,9,1
29902,74.59363896,26.46155433,4,2,1,1,1,14:34,76,E10000017,6,0,6,60,0,-1,-1,0,0,0,1,2,2,0,0,2,1,E01025134,25-09-2018,1,1,1,2,45,7,3,0,0,0,0,-1,9,1
29903,74.60022171,26.45974681,4,3,2,1,3,19:30,76,E10000017,3,683,1,30,1,4,6,0,0,0,4,8,2,0,0,1,1,E01025164,27-09-2018,1,2,2,2,28,6,3,0,0,1,0,-1,9,1
29904,74.60024549,26.46523408,4,3,1,1,6,12:43,76,E10000017,3,589,6,30,0,-1,-1,0,0,4,1,1,1,0,0,2,1,E01025139,02-09-2018,1,1,3,2,29,6,3,5,3,0,0,-1,0,-1
29905,74.61398099,26.46382137,4,3,1,1,6,23:20,76,E10000017,6,0,6,30,0,-1,-1,0,0,0,4,4,1,0,0,1,1,E01025171,30-09-2018,1,2,3,2,7,2,3,5,3,0,0,-1,0,-1
29906,74.61202612,26.46488869,4,3,1,1,7,10:38,76,E10000017,5,478,6,60,0,-1,-1,0,0,0,1,1,2,0,0,2,1,E01025108,01-10-2018,1,1,3,1,47,8,2,5,4,0,0,-1,0,1
29907,74.60388598,26.46464173,4,2,3,1,5,07:45,76,E10000017,6,0,6,40,0,-1,-1,0,0,0,1,1,1,0,0,2,1,E01025172,29-09-2018,1,1,3,2,8,2,3,5,1,0,0,-1,0,-1
29908,74.586707,26.45983112,4,3,2,2,2,16:52,76,E10000017,6,0,6,30,6,4,6,0,0,0,1,1,1,0,0,1,1,E01025113,03-10-2018,1,1,3,1,40,7,3,5,3,0,0,-1,0,-1
29909,74.6026873,26.46534178,4,3,1,1,7,22:18,76,E10000017,5,478,6,50,0,-1,-1,0,0,0,6,1,-1,6,0,2,1,E01025108,01-10-2018,2,1,1,1,33,6,3,0,0,0,0,-1,3,1
29910,74.61592041,26.46014706,4,3,2,6,3,21:10,76,E10000017,6,0,6,60,9,4,6,0,0,0,6,1,1,0,0,2,1,E01025159,27-09-2018,1,1,1,2,33,6,3,0,0,0,0,-1,9,1
29911,74.60914726,26.4585825,4,3,2,2,7,12:35,76,E10000017,3,6,6,30,3,4,6,0,0,5,1,2,2,0,0,2,1,E01025098,08-10-2018,2,1,1,1,43,7,3,0,0,0,0,-1,1,1
29912,74.61150526,26.46045078,4,3,2,1,4,15:06,76,E10000017,3,5105,6,30,0,-1,-1,0,0,0,1,1,1,0,0,2,1,E01025160,05-10-2018,1,1,1,1,-1,-1,3,0,0,0,0,-1,9,1
29913,74.62189842,26.46057471,4,3,2,1,4,08:30,76,E10000017,6,0,6,30,3,4,6,0,0,1,1,2,2,0,0,1,1,E01025139,12-10-2018,2,1,1,1,39,7,3,0,0,0,0,-1,9,-1
29914,74.61146201,26.45910069,4,3,2,1,5,18:00,76,E10000017,6,0,6,30,3,4,6,0,0,0,1,1,1,0,0,2,1,E01025090,06-10-2018,2,1,1,2,47,8,3,0,0,0,0,-1,9,1
29915,74.58513218,26.46467098,4,3,3,1,7,17:09,76,E10000017,6,0,6,40,0,-1,-1,0,0,0,1,1,1,0,0,2,1,E01025134,15-10-2018,1,1,1,1,21,5,3,0,0,0,0,-1,3,-1
29916,74.61405273,26.45935624,4,3,3,1,7,13:50,76,E10000017,3,6,6,30,3,4,6,0,0,0,1,1,1,0,0,2,1,E01025096,15-10-2018,1,1,3,1,30,6,3,1,1,0,0,-1,0,-1
29917,74.61485274,26.46497336,4,3,3,1,6,08:32,76,E10000017,3,589,6,30,0,-1,-1,0,0,5,1,1,1,0,0,1,1,E01025120,14-10-2018,1,1,2,2,43,7,3,0,0,1,0,-1,9,1
29918,74.60280751,26.46540646,4,3,2,1,5,16:30,76,E10000017,6,0,6,60,0,-1,-1,0,0,0,1,1,1,0,0,2,1,E01025109,20-10-2018,2,1,1,1,37,7,3,0,0,0,0,-1,9,1
29919,74.60131373,26.45865392,4,3,1,1,4,21:02,76,E10000017,6,0,6,60,3,4,6,0,0,0,6,1,2,0,0,2,1,E01025148,19-10-2018,1,1,1,1,37,7,3,0,0,0,0,-1,3,1
29920,74.5978339,26.46454787,4,2,1,1,6,21:35,76,E10000017,6,0,2,30,9,4,6,0,0,0,4,1,1,0,0,1,1,E01025117,21-10-2018,2,1,1,1,41,7,3,0,0,0,0,-1,9,1
29921,74.5877743,26.4594339,4,3,2,1,2,16:45,76,E10000017,6,0,6,60,0,-1,-1,0,0,0,1,5,5,0,0,2,1,E01025169,24-10-2018,1,1,1,1,20,4,3,0,0,0,0,-1,9,1
29922,74.60716448,26.46405735,4,2,2,1,6,18:24,76,E10000017,6,0,6,60,9,4,3,6070,0,0,1,1,1,0,0,2,1,E01025130,07-10-2018,1,1,3,1,33,6,3,9,5,0,0,-1,0,-1
29923,74.61044646,26.46479427,4,3,2,1,4,18:50,76,E10000017,6,0,6,40,3,4,6,0,0,0,4,1,2,0,0,2,1,E01025171,26-10-2018,1,2,3,1,47,8,3,8,5,0,0,-1,0,-1
29924,74.58614162,26.46182571,4,3,1,1,4,10:20,76,E10000017,6,0,6,30,3,2,6,0,0,4,1,1,2,0,0,1,1,E01025172,26-10-2018,2,1,1,2,45,7,3,0,0,0,0,-1,9,1
29925,74.58603564,26.45890494,4,3,1,1,7,09:41,76,E10000017,6,0,6,30,3,4,5,470,0,0,1,1,2,0,0,1,1,E01025171,29-10-2018,2,1,1,1,49,8,3,0,0,0,0,-1,1,-1
29926,74.61102406,26.46249958,4,3,2,1,2,18:05,76,E10000017,6,0,6,30,3,4,6,0,0,0,4,2,2,0,0,1,1,E01025172,31-10-2018,1,1,3,1,-1,-1,3,4,1,0,0,-1,0,-1
29927,74.59756712,26.45961067,4,3,2,1,2,08:25,76,E10000017,6,0,6,60,6,4,6,0,0,0,1,1,2,0,0,2,1,E01025130,31-10-2018,1,1,3,2,42,7,3,9,9,0,0,-1,0,1
29928,74.60048856,26.4631554,4,2,1,1,2,18:50,76,E10000017,3,683,6,30,0,-1,-1,0,0,0,4,2,2,0,0,1,1,E01025134,31-10-2018,2,1,1,1,21,5,3,0,0,0,0,-1,1,1
29929,74.59448305,26.463699,4,3,1,1,3,19:10,76,E10000017,6,0,6,60,0,-1,-1,0,0,0,6,1,2,7,0,2,1,E01025130,01-11-2018,1,1,1,1,40,7,3,0,0,0,0,-1,1,1
29930,74.59683026,26.46263956,4,3,1,2,3,09:54,76,E10000017,6,0,6,30,0,-1,-1,0,0,1,1,1,1,0,0,1,1,E01025139,01-11-2018,1,1,1,1,41,7,2,0,0,0,0,-1,9,-1
29931,74.59462204,26.46524742,4,3,2,1,3,14:03,76,E10000017,3,589,6,30,9,4,6,0,0,0,1,2,2,0,0,1,1,E01025124,01-11-2018,1,2,2,1,29,6,2,0,0,2,0,-1,9,-1
29932,74.60615593,26.46038697,4,3,2,1,4,15:45,76,E10000017,3,6,6,30,3,3,6,0,0,0,1,5,2,0,0,2,1,E01025159,02-11-2018,1,1,2,1,90,11,3,0,0,0,4,-1,11,-1
29933,74.59976514,26.45932773,4,3,1,1,4,13:00,76,E10000017,4,6254,6,30,0,-1,-1,0,0,0,1,1,1,0,0,2,1,E01025098,02-11-2018,1,1,1,1,20,4,3,0,0,0,0,-1,9,1
29934,74.61752689,26.4648145,4,3,2,1,4,08:42,76,E10000017,6,0,6,50,0,-1,-1,0,0,0,1,2,2,0,0,2,1,E01025109,02-11-2018,2,2,1,1,23,5,3,0,0,0,0,-1,1,-1
29935,74.59974594,26.46432853,4,3,2,1,1,07:24,76,E10000017,6,0,1,30,1,4,3,683,0,0,1,2,2,0,0,2,1,E01025172,30-10-2018,1,1,1,1,25,5,3,0,0,0,0,-1,4,-1
29936,74.5851458,26.46324502,4,2,3,2,2,13:00,76,E10000017,3,6,6,30,3,3,6,0,0,0,1,1,1,0,0,2,1,E01025159,07-11-2018,1,1,1,1,30,6,2,0,0,0,0,-1,4,-1
29937,74.60184707,26.46110208,4,3,2,1,4,18:26,76,E10000017,4,5275,6,30,9,4,6,0,0,0,4,8,1,0,0,1,1,E01025161,09-11-2018,2,1,1,1,28,6,3,0,0,0,0,-1,9,1
29938,74.6162308,26.45891978,4,3,2,2,4,08:50,76,E10000017,6,0,6,30,0,-1,-1,0,0,0,1,1,1,0,0,2,1,E01025160,09-11-2018,1,1,1,1,50,8,3,0,0,0,0,-1,9,-1
29939,74.58527662,26.46172553,4,3,2,1,7,17:10,76,E10000017,3,683,1,30,1,4,6,0,0,0,4,1,1,0,0,3,1,,12-11-2018,1,1,1,2,-1,-1,3,0,0,0,0,-1,9,1
29940,74.60753995,26.46231022,4,3,1,2,7,08:30,76,E10000017,5,478,6,60,0,-1,-1,0,0,0,1,1,2,0,0,2,1,E01025109,12-11-2018,1,1,2,1,-1,-1,3,0,0,0,0,-1,20,-1
29941,74.58915187,26.46334109,4,3,2,2,4,08:14,76,E10000017,4,6254,6,30,6,4,6,0,0,0,1,1,1,0,0,2,1,E01025130,16-11-2018,1,2,1,1,20,4,3,0,0,0,0,-1,20,-1
29942,74.60547507,26.46057741,4,3,2,1,5,18:36,76,E10000017,3,589,6,30,3,4,6,0,0,4,4,2,1,0,0,1,1,E01025164,17-11-2018,1,1,3,1,38,7,3,5,1,0,0,-1,0,1
29943,74.60198869,26.46125444,4,3,2,1,6,10:30,76,E10000017,6,0,6,30,3,4,6,0,0,0,1,1,1,0,0,1,1,E01025172,18-11-2018,1,1,1,1,16,4,3,0,0,0,0,-1,2,1
29944,74.60154214,26.4636066,4,3,1,1,7,19:50,76,E10000017,6,0,6,30,0,-1,-1,0,0,0,4,8,4,0,0,2,1,E01025168,19-11-2018,1,1,1,1,57,9,3,0,0,0,0,-1,9,1
29945,74.5915079,26.46120397,4,3,1,1,2,19:05,76,E10000017,4,5274,6,30,3,4,6,0,0,1,1,1,1,0,0,1,1,E01025111,14-11-2018,1,1,1,1,27,6,3,0,0,0,0,-1,9,1
29946,74.60671295,26.46420403,4,3,2,1,6,18:25,76,E10000017,5,470,6,30,9,4,6,0,0,0,4,1,2,0,0,1,1,E01025171,18-11-2018,2,2,1,1,32,6,3,0,0,0,0,-1,9,1
29947,74.61841276,26.46075959,4,3,3,1,2,14:00,76,E10000017,4,5321,6,30,0,-1,-1,0,0,0,1,1,1,0,0,1,1,E01025138,21-11-2018,1,1,1,1,44,7,3,0,0,0,0,-1,9,1
29948,74.59681983,26.46372265,4,3,2,1,3,17:20,76,E10000017,3,589,6,40,6,4,6,0,0,0,4,1,2,0,0,1,1,E01025085,22-11-2018,2,1,1,1,20,4,3,0,0,0,0,-1,19,1
29949,74.62134745,26.46484019,4,1,1,1,2,09:50,76,E10000017,3,683,6,50,0,-1,-1,0,0,0,1,7,2,0,0,2,1,E01025134,21-11-2018,1,1,2,2,31,6,3,0,0,2,0,-1,8,-1
29950,74.60986233,26.45946229,4,3,1,1,4,23:45,76,E10000017,6,0,6,30,0,-1,-1,0,0,0,4,1,1,0,0,1,1,E01025122,23-11-2018,1,1,1,2,33,6,3,0,0,0,0,-1,9,1
29951,74.60359561,26.46052199,4,3,2,1,4,16:47,76,E10000017,6,0,6,30,9,4,6,0,0,0,4,1,1,0,0,2,1,E01025169,23-11-2018,1,2,2,2,7,2,3,0,0,1,0,-1,9,-1
29952,74.61968178,26.46091857,4,3,1,1,7,16:15,76,E10000017,6,0,6,30,0,-1,-1,0,0,0,4,1,2,0,0,2,1,E01025108,26-11-2018,2,1,1,1,43,7,3,0,0,0,0,-1,1,-1
29953,74.61667586,26.46046435,4,3,2,2,1,15:40,76,E10000017,6,0,6,30,0,-1,-1,0,0,0,1,1,2,0,0,1,1,E01025134,27-11-2018,1,1,1,2,33,6,3,0,0,0,0,-1,9,1
29954,74.59976763,26.4589085,4,3,1,1,7,23:48,76,E10000017,6,0,6,60,0,-1,-1,0,0,0,6,1,2,0,0,2,1,E01025108,26-11-2018,1,2,2,1,35,6,3,0,0,1,0,-1,9,1
29955,74.5891841,26.46248797,4,3,2,1,3,20:55,76,E10000017,3,683,6,50,0,-1,-1,0,0,0,4,1,4,0,2,1,1,E01025172,29-11-2018,1,1,1,1,43,7,3,0,0,0,0,-1,9,1
29956,74.59353144,26.46401479,4,3,2,2,1,12:30,76,E10000017,6,0,6,60,0,-1,-1,0,0,0,1,1,4,0,0,2,1,E01025166,20-11-2018,1,1,2,2,61,9,3,0,0,0,3,-1,11,-1
29957,74.58485493,26.46377383,4,3,1,1,4,08:00,76,E10000017,6,0,6,30,3,4,6,0,0,0,1,1,2,0,0,1,1,E01025161,30-11-2018,1,1,3,1,39,7,3,1,3,0,0,-1,0,1
29958,74.59055887,26.46508777,4,3,2,1,4,08:50,76,E10000017,6,0,6,30,3,4,6,0,0,0,1,9,2,0,0,1,1,E01025162,30-11-2018,1,1,1,1,28,6,3,0,0,0,0,-1,2,1
29959,74.60213969,26.460519,4,3,1,1,2,12:10,76,E10000017,4,5273,6,40,0,-1,-1,0,0,0,1,1,1,0,0,2,1,E01025171,28-11-2018,1,1,2,1,18,4,2,0,0,2,0,-1,9,-1
29960,74.61253703,26.46561449,4,2,2,1,6,14:00,76,E10000017,6,0,6,30,8,4,6,0,0,0,1,1,1,0,0,1,1,E01025114,18-11-2018,1,1,2,1,39,7,3,0,0,1,0,-1,9,1
29961,74.62027729,26.46344121,4,3,2,2,3,13:07,76,E10000017,6,0,6,30,6,4,6,0,0,0,1,1,1,0,0,1,1,E01025110,06-12-2018,2,2,1,1,26,6,3,0,0,0,0,-1,9,1
29962,74.59595776,26.46012789,4,3,2,1,5,17:00,76,E10000017,3,6,6,30,0,-1,-1,0,0,0,4,1,1,0,0,2,1,E01025096,01-12-2018,1,1,1,1,37,7,3,0,0,0,0,-1,5,1
29963,74.60385323,26.46162627,4,3,1,1,3,18:50,76,E10000017,3,683,1,30,1,4,3,589,0,8,4,1,2,0,0,1,1,E01025173,06-12-2018,2,1,1,1,33,6,3,0,0,0,0,-1,9,-1
29964,74.58855605,26.4625713,4,3,2,1,1,16:45,76,E10000017,6,0,6,30,6,4,6,0,0,0,4,1,1,0,0,1,1,E01025164,11-12-2018,1,1,1,1,26,6,2,0,0,0,0,-1,9,1
29965,74.61830837,26.46495818,4,3,2,1,3,17:24,76,E10000017,3,6,6,60,3,4,6,0,0,0,6,1,1,0,0,2,1,E01025148,13-12-2018,1,1,1,1,39,7,3,0,0,0,0,-1,5,1
29966,74.60063073,26.45994211,4,2,1,1,4,12:40,76,E10000017,6,0,6,30,3,4,6,0,0,4,1,1,1,0,0,1,1,E01025114,14-12-2018,1,2,3,1,16,4,3,5,1,0,0,-1,0,-1
29967,74.61894381,26.46518103,4,2,2,1,4,18:45,76,E10000017,4,5273,6,40,3,4,6,0,0,0,4,1,2,0,0,2,1,E01025171,14-12-2018,1,1,1,1,42,7,3,0,0,0,0,-1,9,1
29968,74.59053855,26.46545449,4,3,2,2,5,17:11,76,E10000017,6,0,6,30,3,4,6,0,0,0,6,1,2,6,0,1,1,E01025172,15-12-2018,3,2,1,1,23,5,3,0,0,0,0,-1,19,3
29969,74.59296347,26.45872913,4,3,2,5,2,13:05,76,E10000017,6,0,6,60,3,4,6,0,0,0,1,1,1,0,0,2,1,E01025134,19-12-2018,1,1,3,2,38,7,3,5,4,0,0,-1,0,1
29970,74.61134484,26.46457995,4,3,2,1,3,17:25,76,E10000017,6,0,6,30,6,2,6,0,0,0,4,1,2,0,0,1,1,E01025110,20-12-2018,1,1,2,2,61,9,3,0,0,0,1,-1,11,1
29971,74.60430643,26.45839693,4,2,2,2,4,09:55,76,E10000017,6,0,6,30,6,4,6,0,0,0,1,1,1,0,0,1,1,E01025118,21-12-2018,1,1,3,2,48,8,2,5,1,0,0,-1,0,-1
29972,74.6110141,26.46496078,4,3,2,1,6,15:15,76,E10000017,3,589,6,40,6,4,6,0,0,0,1,1,1,0,0,1,1,E01025137,23-12-2018,2,1,1,1,29,6,3,0,0,0,0,-1,2,1
29973,74.58363923,26.46552717,4,3,3,2,6,19:30,76,E10000017,3,589,6,30,0,-1,-1,0,0,0,4,7,2,0,0,1,1,E01025139,23-12-2018,1,1,1,1,32,6,3,0,0,0,0,-1,9,-1
29974,74.59377592,26.46367331,4,3,2,7,4,21:00,76,E10000017,6,0,6,60,0,-1,-1,0,0,0,6,1,4,0,0,2,1,E01025089,28-12-2018,1,1,1,1,26,6,3,0,0,0,0,-1,5,1
29975,74.59491822,26.46523658,4,3,2,1,7,18:50,76,E10000017,3,6,6,30,0,-1,-1,0,0,0,1,2,2,0,0,2,1,E01025159,31-12-2018,1,1,3,1,31,6,2,4,1,0,0,-1,0,1
29976,74.61330817,26.46064658,4,2,1,3,7,02:35,76,E10000017,4,5275,6,30,0,-1,-1,0,0,0,4,1,2,0,0,1,1,E01025161,31-12-2018,1,1,1,1,-1,-1,3,0,0,0,0,-1,1,1
29977,74.60459595,26.46009092,4,3,2,1,2,12:20,76,E10000017,3,683,3,40,6,2,6,0,0,0,1,1,1,0,0,1,1,E01025172,15-08-2018,1,1,2,2,23,5,3,0,0,1,0,-1,9,1
29978,74.60816891,26.45935313,4,3,2,1,4,16:50,76,E10000017,3,6,6,30,6,3,6,0,0,4,4,1,1,0,0,2,1,E01025098,09-11-2018,1,2,1,1,26,6,3,0,0,0,0,-1,9,1
29979,74.60900256,26.46047702,4,1,2,1,1,13:08,85,E10000017,6,0,6,60,0,4,-1,0,0,0,1,4,1,0,0,2,1,E01025585,08-05-2018,1,1,1,1,16,4,3,0,0,0,0,-1,3,1
29980,74.5885799,26.46272649,4,3,2,1,5,14:45,85,E10000017,6,0,6,60,0,-1,-1,0,0,0,1,2,2,0,0,2,1,E01025561,05-05-2018,1,1,1,2,49,8,3,0,0,0,0,-1,9,1
29981,74.59372183,26.46123269,4,3,1,1,3,14:15,85,E10000017,4,5272,6,60,0,-1,-1,0,0,0,1,1,1,0,0,2,1,E01025548,10-05-2018,1,1,1,2,23,5,3,0,0,0,0,-1,1,-1
29982,74.59718134,26.46332871,4,3,2,1,5,10:00,85,E10000017,4,5266,6,30,0,-1,-1,0,0,0,1,1,1,0,0,1,1,E01025568,12-05-2018,1,1,3,1,24,5,3,6,9,0,0,-1,0,-1
29983,74.58576077,26.45946301,4,1,3,1,5,08:00,85,E10000017,4,5267,6,30,0,-1,-1,0,0,0,1,1,2,0,0,1,1,E01025598,19-05-2018,1,1,1,1,26,6,3,0,0,0,0,-1,9,-1
29984,74.62158739,26.45836041,4,3,2,4,7,17:58,85,E10000017,4,5268,6,30,3,4,6,0,0,8,1,2,2,0,2,1,1,E01025599,21-05-2018,1,1,1,1,45,7,3,0,0,0,0,-1,9,1
29985,74.59950986,26.46035733,4,2,1,1,6,22:05,85,E10000017,3,585,1,30,1,4,4,5268,0,8,4,1,1,0,0,1,1,E01025552,13-05-2018,1,1,1,2,39,7,3,0,0,0,0,-1,9,1
29986,74.60639463,26.46424926,4,3,2,3,7,23:55,85,E10000017,3,6,6,50,7,2,4,6430,0,0,4,1,1,0,0,2,1,E01025548,21-05-2018,1,2,2,1,-1,-1,3,0,0,1,0,-1,9,-1
29987,74.60191332,26.46276266,4,3,1,1,5,12:49,85,E10000017,6,0,6,30,0,-1,-1,0,0,0,1,1,1,0,0,1,1,E01025552,12-05-2018,1,1,1,1,24,5,3,0,0,0,0,-1,9,1
29988,74.59191706,26.46319482,4,1,1,1,6,02:20,85,E10000017,3,6,6,50,0,-1,-1,0,0,0,4,1,1,0,0,2,1,E01025548,27-05-2018,1,1,1,1,55,8,3,0,0,0,0,-1,9,1
29989,74.62107551,26.45844095,4,3,2,1,6,15:40,85,E10000017,6,0,6,30,6,2,3,585,0,5,1,1,1,0,0,1,1,E01025603,13-05-2018,1,2,2,1,-1,-1,3,0,0,1,0,-1,9,1