Accident_Index,longitude,latitude,Police_Force,Accident_Severity,Number_of_Vehicles,Number_of_Casualties,Day_of_Week,Time,Local_Authority_(District),Local_Authority_(Highway),1st_Road_Class,1st_Road_Number,Road_Type,Speed_limit,Junction_Detail,Junction_Control,2nd_Road_Class,2nd_Road_Number,Pedestrian_Crossing-Human_Control,Pedestrian_Crossing-Physical_Facilities,Light_Conditions,Weather_Conditions,Road_Surface_Conditions,Special_Conditions_at_Site,Carriageway_Hazards,Urban_or_Rural_Area,Did_Police_Officer_Attend_Scene_of_Accident,LSOA_of_Accident_Location,Date,Vehicle_Reference,Casualty_Reference,Casualty_Class,Sex_of_Casualty,Age_of_Casualty,Age_Band_of_Casualty,Casualty_Severity,Pedestrian_Location,Pedestrian_Movement,Car_Passenger,Bus_or_Coach_Passenger,Pedestrian_Road_Maintenance_Worker,Casualty_Type,Casualty_Home_Area_Type
30232,74.58361414,26.46562908,4,3,1,1,4,08:45,84,E10000017,6,0,6,30,0,-1,-1,0,0,0,1,4,2,0,0,2,2,E01025485,12-01-2018,1,1,3,1,65,9,3,4,2,0,0,-1,0,1
30233,74.61148715,26.46360485,4,3,3,1,4,08:47,84,E10000017,1,6,3,70,0,-1,-1,0,0,0,1,4,1,0,0,2,1,E01024924,12-01-2018,1,1,1,1,67,10,3,0,0,0,0,-1,3,1
30234,74.60913694,26.459117,4,3,2,2,3,17:55,84,E10000017,3,59,3,60,0,-1,-1,0,0,0,5,1,1,0,0,2,1,E01025475,11-01-2018,1,1,1,1,38,7,3,0,0,0,0,-1,9,1
30235,74.6090864,26.46061505,4,3,2,1,4,21:30,84,E10000017,6,0,6,30,0,-1,-1,0,0,0,4,1,2,0,0,2,1,E01025508,12-01-2018,2,2,1,1,18,4,3,0,0,0,0,-1,4,1
30236,74.60996943,26.46375617,4,3,2,1,6,16:40,73,E10000017,4,5251,6,30,3,4,6,0,0,0,4,4,1,0,0,1,1,E01024941,07-01-2018,1,1,1,2,56,9,3,0,0,0,0,-1,9,-1
30237,74.59213849,26.45861843,4,3,2,1,3,19:42,83,E10000017,4,5254,1,30,2,4,6,0,0,0,4,1,1,0,0,1,1,E01025433,11-01-2018,1,1,1,1,21,5,3,0,0,0,0,-1,3,1
30238,74.61894356,26.46404199,4,3,2,1,4,15:20,84,E10000017,4,5246,6,40,3,4,6,0,0,0,1,1,1,0,0,2,1,E01025513,12-01-2018,1,1,2,1,-1,-1,3,0,0,0,4,-1,11,-1
30239,74.60992479,26.46124244,4,3,2,1,2,07:37,83,E10000017,4,6230,3,60,8,4,6,0,0,0,6,1,1,0,0,2,1,E01025456,10-01-2018,1,1,1,1,19,4,3,0,0,0,0,-1,9,1
30240,74.58595376,26.4634993,4,2,2,5,6,20:05,84,E10000017,6,0,6,60,0,-1,-1,0,0,0,6,1,1,0,0,2,1,E01025506,14-01-2018,1,1,2,2,17,4,3,0,0,2,0,-1,9,1
30241,74.60502976,26.45889907,4,3,2,2,6,19:00,84,E10000017,3,577,3,60,3,4,6,0,0,0,4,1,1,0,0,2,1,E01025535,07-01-2018,1,2,2,2,18,4,3,0,0,2,0,-1,9,-1
30242,74.59890135,26.45842264,4,3,3,3,2,17:35,73,E10000017,1,6,3,70,5,4,6,0,0,0,4,2,2,0,0,1,1,E01025401,17-01-2018,1,3,2,1,21,5,3,0,0,1,0,-1,9,1
30243,74.58472157,26.46113604,4,3,1,1,3,05:10,73,E10000017,1,61,3,70,0,-1,-1,0,0,0,6,3,3,0,0,2,1,E01024932,18-01-2018,1,4,2,2,16,4,3,0,0,2,0,-1,9,1
30244,74.61014361,26.46168096,4,2,2,2,5,08:55,84,E10000017,6,0,6,60,0,-1,-1,0,0,0,1,1,2,0,0,2,1,E01025540,13-01-2018,2,1,1,2,-1,-1,3,0,0,0,0,-1,9,-1
30245,74.59631274,26.46257201,4,2,1,1,5,10:48,84,E10000017,3,506,6,40,0,-1,-1,0,0,0,1,1,1,0,0,2,1,E01025479,13-01-2018,2,2,2,1,-1,-1,3,0,0,1,0,-1,9,-1
30246,74.59185625,26.46414413,4,2,1,2,5,15:36,73,E10000017,4,5251,6,40,3,4,6,0,0,0,1,1,1,0,0,2,1,E01024943,13-01-2018,2,3,2,1,-1,-1,3,0,0,2,0,-1,9,-1
30247,74.61991605,26.4586078,4,2,3,5,6,15:33,73,E10000017,4,5251,6,30,0,-1,-1,0,1,4,1,1,1,0,0,1,1,E01024942,14-01-2018,2,1,1,2,39,7,3,0,0,0,0,-1,9,1
30248,74.59930319,26.46431116,4,3,2,2,4,22:45,73,E10000017,6,0,6,60,9,4,6,0,0,0,6,1,2,3,0,2,1,E01024924,05-01-2018,2,2,2,2,11,3,3,0,0,1,0,-1,9,1
30249,74.6122945,26.4588399,4,3,2,2,7,18:30,83,E10000017,4,5254,6,30,3,4,6,0,0,0,4,1,2,0,0,1,1,E01025450,15-01-2018,1,1,3,1,21,5,2,5,3,0,0,-1,0,-1
30250,74.58379214,26.46436478,4,3,2,1,1,12:58,83,E10000017,3,582,6,60,0,-1,-1,0,0,0,1,2,2,0,0,2,1,E01025420,16-01-2018,1,1,3,2,14,3,3,5,2,0,0,-1,0,1
30251,74.60226499,26.4625303,4,3,2,1,2,15:10,83,E10000017,3,582,6,60,1,4,6,0,0,0,1,1,2,0,0,2,1,E01025442,17-01-2018,2,1,2,1,41,7,3,0,0,1,0,-1,9,1
30252,74.61529681,26.46130234,4,3,3,1,4,13:25,73,E10000017,3,6,6,40,8,4,6,0,0,0,1,1,1,0,0,1,1,E01024949,12-01-2018,1,2,2,2,16,4,3,0,0,2,0,-1,9,1
30253,74.62189728,26.45898427,4,3,2,1,6,17:45,73,E10000017,4,5250,6,30,6,4,6,0,0,0,4,2,2,0,0,2,1,E01024963,14-01-2018,1,3,2,1,18,4,3,0,0,1,0,-1,9,1
30254,74.58968601,26.4631806,4,3,1,1,3,17:21,73,E10000017,6,0,6,30,0,-1,-1,0,0,0,4,2,2,0,0,1,1,E01024954,18-01-2018,2,1,2,1,20,4,3,0,0,2,0,-1,9,1
30255,74.59574693,26.46215223,4,2,1,1,7,20:20,73,E10000017,4,5250,6,30,3,4,6,0,0,0,4,2,2,0,0,2,1,E01024963,15-01-2018,1,1,1,1,-1,-1,3,0,0,0,0,-1,9,1
30256,74.61218831,26.45894285,4,3,4,3,3,15:32,73,E10000017,4,5251,6,30,3,4,6,0,0,0,1,4,1,0,0,1,1,E01024943,18-01-2018,1,1,1,2,26,6,3,0,0,0,0,-1,9,1
30257,74.6081433,26.4656571,4,3,2,2,4,14:05,83,E10000017,4,5256,6,30,3,4,1,6,0,0,1,2,2,4,0,2,1,E01024957,19-01-2018,1,2,2,1,35,6,3,0,0,1,0,-1,9,-1
30258,74.61516024,26.46070427,4,3,2,1,6,07:00,84,E10000017,6,0,1,30,1,4,6,0,0,0,4,1,1,0,0,2,1,E01025528,14-01-2018,1,1,1,1,20,4,3,0,0,0,0,-1,9,1
30259,74.61336358,26.46395916,4,3,3,1,1,11:55,73,E10000017,6,0,2,30,0,-1,-1,0,0,0,1,1,1,0,0,2,1,E01004884,23-01-2018,1,1,1,1,25,5,3,0,0,0,0,-1,9,1
30260,74.6060467,26.4600984,4,3,2,1,3,13:00,84,E10000017,3,577,6,30,2,4,6,0,0,0,1,2,4,0,0,1,2,E01025535,18-01-2018,1,1,1,1,31,6,3,0,0,0,0,-1,9,1
30261,74.61310835,26.46453952,4,1,1,1,5,16:15,84,E10000017,6,0,6,30,9,4,6,0,0,0,5,2,2,0,0,1,1,E01025518,20-01-2018,1,1,3,2,16,4,3,6,9,0,0,-1,0,1
30262,74.59266881,26.46372308,4,2,2,1,6,17:00,84,E10000017,3,570,6,40,9,4,6,0,0,0,5,1,2,0,0,1,1,E01025491,21-01-2018,1,1,1,1,38,7,3,0,0,0,0,-1,9,-1
30263,74.58548276,26.46351284,4,3,2,2,3,14:30,84,E10000017,4,5312,3,40,0,-1,-1,0,0,0,1,2,2,0,0,2,2,E01025521,18-01-2018,1,1,1,2,20,4,3,0,0,0,0,-1,9,1
30264,74.58432341,26.45860195,4,3,2,2,4,18:40,73,E10000017,6,0,6,40,8,4,6,0,0,0,4,4,1,0,0,1,1,E01024947,12-01-2018,2,1,2,2,28,6,3,0,0,2,0,-1,9,-1
30265,74.59883594,26.46232422,4,3,2,1,4,16:30,83,E10000017,3,59,6,60,3,4,6,0,0,0,4,1,2,0,0,2,1,E01025436,19-01-2018,2,2,2,1,6,2,3,0,0,1,0,-1,9,-1
30266,74.62023296,26.46323142,4,3,1,1,4,17:15,83,E10000017,4,5253,6,60,0,-1,-1,0,0,0,4,4,1,0,0,2,1,E01025415,19-01-2018,1,1,1,1,19,4,3,0,0,0,0,-1,9,1
30267,74.59208141,26.45877129,4,3,2,2,4,14:55,73,E10000017,4,5252,6,40,3,4,6,0,0,0,1,2,2,0,0,2,1,E01024919,19-01-2018,1,2,2,1,17,4,3,0,0,2,0,-1,9,-1
30268,74.58854437,26.46138111,4,3,2,2,1,14:00,84,E10000017,6,0,6,60,0,-1,-1,0,0,0,1,1,1,0,0,2,2,E01025531,23-01-2018,1,3,2,1,17,4,3,0,0,2,0,-1,9,1
30269,74.61390712,26.46234026,4,3,2,1,5,08:10,83,E10000017,4,5254,6,30,3,4,6,0,0,0,1,1,1,0,0,1,2,E01025450,20-01-2018,1,1,3,1,24,5,3,4,2,0,0,-1,0,1
30270,74.61311691,26.45908952,4,3,3,2,3,13:10,84,E10000017,4,5246,6,40,0,-1,-1,0,0,0,1,1,2,0,2,2,1,E01025531,25-01-2018,1,1,1,1,53,8,3,0,0,0,0,-1,9,1
30271,74.59035985,26.46044153,4,3,2,1,4,21:45,84,E10000017,3,570,6,60,8,4,6,0,0,0,4,1,2,0,0,2,1,E01025515,26-01-2018,3,2,1,2,49,8,3,0,0,0,0,-1,9,1
30272,74.58445087,26.4655513,4,3,2,2,4,10:15,84,E10000017,3,59,6,50,3,4,6,0,0,0,1,1,1,0,0,2,1,E01025484,19-01-2018,2,1,1,1,17,4,3,0,0,0,0,-1,3,-1
30273,74.58657379,26.45923449,4,1,3,2,5,07:40,83,E10000017,3,59,6,60,0,-1,-1,0,0,0,1,1,1,0,0,1,1,E01025436,27-01-2018,1,1,1,2,27,6,3,0,0,0,0,-1,9,1
30274,74.61043837,26.45911838,4,2,2,1,2,17:20,73,E10000017,3,49,6,60,9,4,6,0,0,0,4,1,1,0,0,2,1,E01024923,24-01-2018,1,1,3,2,59,9,3,4,1,0,0,-1,0,1
30275,74.59769035,26.45857383,4,3,2,3,3,18:50,84,E10000017,3,59,6,60,6,2,6,0,0,0,4,1,1,0,0,2,1,E01025533,18-01-2018,1,1,1,2,42,7,3,0,0,0,0,-1,9,1
30276,74.6210588,26.46074415,4,3,2,1,2,01:12,84,E10000017,1,61,3,70,5,4,6,0,0,0,6,4,2,0,0,2,1,E01024977,31-01-2018,1,1,3,2,59,9,3,5,1,0,0,-1,0,1
30277,74.60383576,26.46575794,4,3,1,1,6,10:00,73,E10000017,4,5250,6,40,6,4,6,0,0,0,1,1,1,0,0,2,2,E01024923,21-01-2018,1,1,1,1,64,9,3,0,0,0,0,-1,9,1
30278,74.58429097,26.46490476,4,2,2,1,5,08:06,73,E10000017,3,581,6,40,0,-1,-1,0,0,0,1,2,2,0,0,2,1,E01024971,20-01-2018,1,1,1,1,34,6,3,0,0,0,0,-1,9,1
30279,74.5952599,26.46010502,4,3,2,3,4,14:00,84,E10000017,4,5195,6,60,3,4,4,5195,0,0,1,1,1,0,0,2,1,E01025474,26-01-2018,1,1,2,2,27,6,3,0,0,0,0,-1,5,1
30280,74.60097515,26.46502622,4,2,2,2,4,08:00,84,E10000017,3,5147,6,60,0,-1,-1,0,0,0,1,1,2,0,1,2,1,E01025515,26-01-2018,1,2,1,1,20,4,3,0,0,0,0,-1,5,1
30281,74.6215178,26.46496728,4,3,3,2,2,22:10,73,E10000017,4,5252,6,30,3,2,6,0,0,0,4,1,2,0,0,1,1,E01024937,31-01-2018,1,1,2,1,30,6,3,0,0,1,0,-1,9,1
30282,74.59889848,26.45878715,4,3,2,1,2,10:00,73,E10000017,6,0,6,40,3,4,6,0,0,0,1,1,1,0,0,2,1,E01024919,24-01-2018,1,2,1,2,29,6,3,0,0,0,0,-1,9,1
30283,74.6167967,26.46412399,4,3,3,1,7,14:39,84,E10000017,4,5195,6,30,0,-1,-1,0,0,0,1,1,-1,5,0,2,1,E01025474,29-01-2018,2,1,1,1,17,4,2,0,0,0,0,-1,3,-1
30284,74.62164946,26.46545087,4,2,2,2,3,13:30,84,E10000017,1,65,3,70,5,4,6,0,0,0,1,1,1,0,0,1,1,E01025064,01-02-2018,1,1,2,1,19,4,3,0,0,2,0,-1,8,-1
30285,74.61841576,26.45981094,4,2,2,2,1,14:25,73,E10000017,6,0,6,60,0,-1,-1,0,0,0,1,1,1,0,0,2,1,E01024967,30-01-2018,2,1,1,2,26,6,3,0,0,0,0,-1,9,1
30286,74.60610611,26.46515415,4,3,1,1,2,11:18,83,E10000017,3,6,6,30,3,2,6,0,0,5,1,1,1,0,0,1,2,E01025457,31-01-2018,1,1,2,1,18,4,3,0,0,1,0,-1,9,1
30287,74.58650073,26.46009886,4,3,3,1,1,14:05,73,E10000017,6,0,6,30,0,-1,-1,0,0,0,1,1,1,0,0,2,1,E01024926,09-01-2018,1,1,3,2,36,7,3,5,1,0,0,-1,0,1
30288,74.58478042,26.46095939,4,1,2,2,4,18:25,73,E10000017,3,675,6,60,0,-1,-1,0,0,0,6,1,2,0,0,2,1,E01024921,02-02-2018,1,1,3,2,34,6,3,9,5,0,0,-1,0,1
30289,74.60387791,26.45928044,4,3,2,1,4,11:30,83,E10000017,6,0,6,30,3,4,6,0,0,0,1,1,1,0,0,1,1,E01025422,02-02-2018,1,1,1,1,39,7,3,0,0,0,0,-1,4,1
30290,74.61401404,26.46121685,4,3,2,1,1,15:10,84,E10000017,3,59,1,40,1,4,6,0,0,8,1,1,1,0,0,1,1,E01025501,30-01-2018,2,1,1,1,34,6,3,0,0,0,0,-1,5,-1
30291,74.59132904,26.4634954,4,3,2,1,3,19:55,84,E10000017,4,5197,6,60,8,4,6,0,0,0,6,1,1,0,0,2,1,E01025472,01-02-2018,1,1,3,1,48,8,3,4,1,0,0,-1,0,2
30292,74.59654445,26.45826759,4,2,2,1,1,00:11,84,E10000017,1,61,3,70,0,-1,-1,0,0,0,6,1,2,0,0,2,1,E01024973,06-02-2018,1,1,1,1,33,6,3,0,0,0,0,-1,9,1
30293,74.59071933,26.46089879,4,3,2,2,5,07:42,83,E10000017,3,582,3,70,6,2,6,0,0,0,1,1,2,0,0,1,1,E01025419,03-02-2018,1,1,3,1,23,5,3,5,1,0,0,-1,0,1
30294,74.59519021,26.45894912,4,3,2,2,7,19:10,84,E10000017,6,0,6,30,8,4,6,0,0,0,4,1,2,0,0,2,2,E01025530,29-01-2018,2,1,1,2,34,6,3,0,0,0,0,-1,9,1
30295,74.61889482,26.46365893,4,3,2,1,2,17:30,84,E10000017,1,61,3,70,0,-1,-1,0,0,0,4,1,1,0,0,2,2,E01024929,31-01-2018,2,2,2,2,7,2,3,0,0,1,0,-1,9,1
30296,74.60650527,26.46151826,4,2,2,1,6,18:30,73,E10000017,3,674,6,50,1,4,6,0,0,0,4,1,2,0,0,2,1,E01024932,28-01-2018,1,1,1,1,37,7,3,0,0,0,0,-1,9,1
30297,74.61819286,26.46246344,4,3,2,1,4,21:03,73,E10000017,1,58,3,70,5,4,6,0,0,0,4,1,1,0,0,2,1,E01025479,19-01-2018,1,1,1,2,-1,-1,3,0,0,0,0,-1,9,1
30298,74.60500929,26.46334186,4,3,2,1,3,15:15,84,E10000017,4,5242,6,30,0,-1,-1,0,0,0,1,1,2,0,0,2,1,E01025514,01-02-2018,1,1,3,2,8,2,3,5,2,0,0,-1,0,1
30299,74.61424084,26.46397447,4,3,5,2,5,07:45,84,E10000017,1,6,3,70,0,-1,-1,0,0,0,1,1,2,0,0,2,1,E01024924,03-02-2018,1,1,2,2,-1,-1,3,0,0,1,0,-1,9,-1
30300,74.58581945,26.45931689,4,3,2,1,3,16:28,83,E10000017,6,0,6,30,0,-1,-1,0,0,0,1,1,1,4,0,1,1,E01025453,01-02-2018,1,2,1,2,40,7,3,0,0,0,0,-1,9,1
30301,74.61573716,26.46445083,4,3,3,2,4,09:05,73,E10000017,4,6228,6,30,1,4,3,6,0,0,1,1,2,0,0,1,1,E01024940,02-02-2018,1,1,1,2,57,9,3,0,0,0,0,-1,9,1
30302,74.61206277,26.46309623,4,3,2,1,6,15:30,73,E10000017,4,5251,1,30,1,4,6,0,0,0,1,1,1,0,0,2,1,E01024943,28-01-2018,1,1,3,1,26,6,3,4,1,0,0,-1,0,1
30303,74.6031745,26.46569177,4,3,2,1,6,12:17,83,E10000017,3,6,1,40,1,4,3,6,0,0,1,1,1,0,0,2,1,E01025401,21-01-2018,2,1,1,1,20,4,3,0,0,0,0,-1,9,1
30304,74.61781549,26.46351492,4,3,2,1,5,06:55,84,E10000017,4,5197,6,30,6,2,6,0,0,0,1,1,2,0,0,1,1,E01025476,03-02-2018,1,1,1,2,24,5,3,0,0,0,0,-1,9,1
30305,74.61949339,26.46458229,4,3,2,2,6,19:44,84,E10000017,1,61,3,70,5,4,6,0,0,0,4,1,2,0,0,2,1,E01024953,04-02-2018,1,1,2,2,79,11,3,0,0,0,4,-1,11,1
30306,74.59866292,26.45998675,4,3,3,3,2,17:39,73,E10000017,4,6228,6,40,0,-1,-1,0,0,0,4,1,1,0,0,2,1,E01024932,31-01-2018,1,1,3,2,24,5,3,5,9,0,0,-1,0,1
30307,74.59542642,26.46039507,4,3,3,2,4,16:08,84,E10000017,3,577,6,40,0,-1,-1,0,0,0,1,1,1,0,0,2,1,E01025479,02-02-2018,2,1,1,1,20,4,3,0,0,0,0,-1,3,1
30308,74.60070632,26.46331608,4,3,2,1,7,12:15,84,E10000017,4,5242,6,60,3,4,6,0,0,0,1,1,2,0,0,2,1,E01025515,05-02-2018,1,1,1,2,27,6,3,0,0,0,0,-1,9,1
30309,74.60765865,26.45830571,4,3,2,1,6,08:15,73,E10000017,6,0,6,30,3,4,6,0,0,0,1,1,1,0,0,1,2,E01024954,21-01-2018,1,1,1,1,39,7,3,0,0,0,0,-1,5,1
30310,74.60170178,26.46169581,4,2,2,1,4,20:00,73,E10000017,3,675,6,60,9,4,6,0,0,0,4,1,2,0,0,2,1,E01024921,02-02-2018,1,2,2,2,61,9,3,0,0,0,0,-1,5,1
30311,74.60969693,26.46547799,4,3,2,1,2,16:45,83,E10000017,4,5254,6,30,3,2,6,0,0,5,1,1,-1,7,0,1,1,E01025442,31-01-2018,2,1,1,2,32,6,3,0,0,0,0,-1,9,1
30312,74.61366871,26.462046,4,3,2,2,3,17:35,84,E10000017,4,5195,6,60,0,-1,-1,0,0,0,6,1,1,0,0,2,1,E01025474,01-02-2018,2,1,1,1,32,6,2,0,0,0,0,-1,5,1
30313,74.59995385,26.46131925,4,3,2,2,7,00:14,73,E10000017,3,6,6,30,1,4,6,0,0,0,4,2,2,0,0,1,1,E01024940,08-01-2018,1,1,2,1,75,10,3,0,0,0,3,-1,11,-1
30314,74.59432986,26.46053056,4,3,2,1,3,09:15,73,E10000017,3,6,6,30,1,4,6,0,0,0,1,1,1,0,0,1,2,E01024937,01-02-2018,1,1,1,1,26,6,3,0,0,0,0,-1,9,1
30315,74.62100908,26.45833349,4,3,2,1,4,15:37,83,E10000017,6,0,6,30,3,4,6,0,0,0,1,1,1,0,0,1,1,E01025437,02-02-2018,1,1,1,2,23,5,3,0,0,0,0,-1,9,1
30316,74.61363281,26.4587193,4,3,2,2,3,08:00,73,E10000017,3,6,6,30,0,-1,-1,0,0,0,1,1,1,0,0,1,1,E01024952,08-02-2018,1,1,2,1,-1,-1,3,0,0,1,0,-1,9,-1
30317,74.5957515,26.46344337,4,2,1,3,5,15:48,83,E10000017,6,0,6,30,0,-1,-1,0,0,0,1,1,2,0,0,1,1,E01025435,03-02-2018,1,1,1,1,44,7,3,0,0,0,0,-1,9,1
30318,74.60917348,26.46132306,4,3,2,1,4,09:10,83,E10000017,4,5256,6,30,3,3,6,0,0,0,1,2,2,0,0,1,2,E01025431,09-02-2018,1,2,2,1,41,7,3,0,0,1,0,-1,9,1
30319,74.61055333,26.46081729,4,3,1,1,4,08:14,83,E10000017,4,5248,6,30,3,4,6,0,0,0,1,2,2,0,0,1,2,E01025447,09-02-2018,1,1,3,1,41,7,3,5,1,0,0,-1,0,1
30320,74.60230011,26.46062109,4,3,2,2,6,19:15,83,E10000017,6,0,6,30,1,4,6,0,0,0,4,1,1,0,0,1,2,E01025416,14-01-2018,1,1,1,1,39,7,3,0,0,0,0,-1,9,1
30321,74.60702892,26.46408375,4,2,2,6,5,12:23,84,E10000017,6,0,6,60,0,-1,-1,0,0,0,1,1,-1,6,2,2,1,E01025508,03-02-2018,1,1,1,2,36,7,3,0,0,0,0,-1,9,1
30322,74.61102124,26.46208442,4,3,2,2,5,17:40,83,E10000017,3,582,6,60,0,-1,-1,0,0,0,4,1,2,0,0,2,1,E01025412,03-02-2018,1,1,1,2,42,7,3,0,0,0,0,-1,9,1
30323,74.60505159,26.45993798,4,2,2,1,3,16:15,83,E10000017,4,5254,6,30,0,-1,-1,0,0,0,1,1,1,0,0,1,2,E01025444,08-02-2018,1,1,2,2,71,10,3,0,0,0,2,-1,11,1
30324,74.60366273,26.45947594,4,3,2,1,5,18:40,73,E10000017,3,59,1,60,1,4,6,0,0,0,4,1,1,0,0,2,1,E01024974,10-02-2018,1,1,3,1,59,9,3,4,1,0,0,-1,0,-1
30325,74.59473357,26.45946021,4,2,1,1,6,02:10,83,E10000017,3,5083,6,30,3,4,6,0,0,8,4,1,1,0,0,2,1,E01025417,11-02-2018,1,1,3,1,10,2,3,9,5,0,0,-1,0,1
30326,74.58503184,26.46381124,4,2,2,1,6,19:47,84,E10000017,4,5375,6,40,3,4,6,0,0,0,4,2,2,0,0,2,1,E01025539,11-02-2018,2,1,1,1,-1,-1,3,0,0,0,0,-1,3,-1
30327,74.60744672,26.46296669,4,3,2,1,3,08:30,84,E10000017,4,5242,6,60,3,4,6,0,0,0,1,1,1,0,0,2,1,E01025515,01-02-2018,2,1,1,1,36,7,3,0,0,0,0,-1,1,1
30328,74.59680892,26.460657,4,3,2,2,5,07:18,73,E10000017,3,675,6,60,8,4,6,0,0,0,1,1,2,0,0,2,1,E01024921,10-02-2018,1,1,1,2,67,10,3,0,0,0,0,-1,9,1
30329,74.59027534,26.46022106,4,3,1,1,5,16:45,73,E10000017,6,0,6,30,2,4,6,0,0,0,1,1,1,0,0,1,2,E01024938,10-02-2018,1,1,1,1,18,4,3,0,0,0,0,-1,9,1
30330,74.60687862,26.46070449,4,3,1,1,3,17:20,83,E10000017,3,59,6,30,9,4,6,0,0,0,4,1,1,0,0,2,2,E01025436,08-02-2018,2,2,2,2,18,4,3,0,0,1,0,-1,9,1
30331,74.62067234,26.46477464,4,3,1,1,1,07:30,73,E10000017,3,6,1,30,1,4,6,0,0,4,1,2,2,0,0,1,2,E01024940,06-02-2018,1,1,3,2,46,8,3,5,1,0,0,-1,0,1
30332,74.58826402,26.4639448,4,3,3,1,2,11:30,83,E10000017,6,0,6,30,3,4,4,5254,0,4,1,1,1,0,0,1,1,E01025411,14-02-2018,2,1,1,1,22,5,3,0,0,0,0,-1,3,-1
30333,74.58683423,26.46344171,4,3,2,1,2,11:57,83,E10000017,4,5248,6,30,6,2,4,5253,0,0,1,1,1,0,0,2,1,E01025459,14-02-2018,1,1,1,1,66,10,3,0,0,0,0,-1,5,1
30334,74.58931412,26.46055918,4,3,2,1,6,15:55,73,E10000017,4,5252,6,40,8,4,6,0,0,0,1,2,2,0,0,1,1,E01024937,11-02-2018,1,1,1,2,83,11,3,0,0,0,0,-1,9,1
30335,74.61087635,26.46321609,4,3,1,1,6,19:00,73,E10000017,1,58,3,70,0,-1,-1,0,0,0,4,2,2,0,0,2,1,E01006365,11-02-2018,1,1,2,2,5,1,3,0,0,2,0,-1,9,-1
30336,74.60738103,26.4582548,4,3,1,1,3,18:00,83,E10000017,6,0,6,30,0,-1,-1,0,0,0,6,1,1,0,3,2,2,E01025453,08-02-2018,1,1,3,2,16,4,2,1,1,0,0,-1,0,1
30337,74.59320617,26.46245601,4,2,2,2,4,21:24,83,E10000017,6,0,6,30,3,4,6,0,0,0,4,2,2,0,0,1,1,E01025407,16-02-2018,2,1,1,1,40,7,3,0,0,0,0,-1,5,1
30338,74.58423624,26.46037708,4,2,1,1,5,22:20,73,E10000017,3,49,6,30,0,-1,-1,0,0,0,4,1,2,0,0,1,1,E01024968,10-02-2018,1,1,2,2,-1,-1,3,0,0,1,0,-1,9,1
30339,74.6069473,26.46401829,4,2,1,1,7,20:15,84,E10000017,5,153,3,40,1,4,6,0,0,0,4,1,2,0,0,2,2,E01025492,12-02-2018,1,1,1,1,24,5,3,0,0,0,0,-1,9,1
30340,74.58993745,26.45925619,4,3,2,1,3,12:30,73,E10000017,3,581,6,30,0,-1,-1,0,0,0,1,1,1,0,3,2,1,E01024965,08-02-2018,1,1,3,2,-1,-1,3,6,9,0,0,-1,0,-1
30341,74.61770586,26.46501797,4,2,2,1,1,15:04,84,E10000017,4,5319,6,30,0,-1,-1,0,0,0,1,1,1,0,0,1,1,E01025517,13-02-2018,1,1,2,2,21,5,3,0,0,0,4,-1,11,1
30342,74.59316954,26.46170682,4,3,2,2,4,07:00,83,E10000017,4,5248,6,30,9,2,6,0,0,8,4,1,4,0,0,2,2,E01025459,16-02-2018,1,1,3,2,17,4,3,5,2,0,0,-1,0,1
30343,74.60549115,26.46233339,4,3,2,1,7,15:00,84,E10000017,3,570,6,40,6,4,6,0,0,0,1,1,1,0,0,2,2,E01025515,12-02-2018,1,1,3,1,19,4,3,9,6,0,0,-1,0,1
30344,74.60162972,26.46047308,4,3,1,1,3,07:20,73,E10000017,3,5106,6,60,0,-1,-1,0,0,0,1,1,4,0,2,2,1,E01024961,15-02-2018,1,1,1,1,21,5,3,0,0,0,0,-1,9,1
30345,74.6049244,26.46005974,4,2,1,1,3,08:30,84,E10000017,6,0,6,60,0,-1,-1,0,0,0,1,1,4,0,0,2,1,E01025479,15-02-2018,2,1,1,1,28,6,3,0,0,0,0,-1,1,1
30346,74.61071694,26.46143923,4,3,1,1,4,12:35,83,E10000017,6,0,6,30,3,2,6,0,0,5,1,1,1,0,0,1,1,E01025422,16-02-2018,1,1,3,1,44,7,2,9,5,0,0,-1,0,1
30347,74.60099048,26.46565463,4,3,1,1,6,20:00,73,E10000017,6,0,6,30,0,-1,-1,0,0,0,4,2,2,0,0,2,2,E01024917,11-02-2018,1,1,1,2,34,6,3,0,0,0,0,-1,9,1
30348,74.61454455,26.46448145,4,3,2,1,7,13:55,83,E10000017,4,5254,6,30,2,4,6,0,0,0,1,1,1,0,0,1,1,E01025448,19-02-2018,2,1,1,1,15,3,3,0,0,0,0,-1,1,1
30349,74.60246829,26.46239993,4,2,3,1,4,17:15,83,E10000017,6,0,6,30,0,-1,-1,0,0,0,4,2,2,0,0,1,1,E01025453,09-02-2018,1,2,1,1,42,7,3,0,0,0,0,-1,9,1
30350,74.61043816,26.46366504,4,3,2,1,2,07:40,83,E10000017,3,59,3,50,0,-1,-1,0,0,0,1,1,1,0,0,2,2,E01025453,24-01-2018,2,1,1,2,36,7,3,0,0,0,0,-1,9,1
30351,74.60185972,26.46390421,4,3,1,1,4,19:45,83,E10000017,4,6258,6,30,3,4,6,0,0,1,4,1,1,0,0,1,1,E01025399,16-02-2018,1,1,1,2,49,8,2,0,0,0,0,-1,11,1
30352,74.59455486,26.46062152,4,2,1,1,7,14:50,83,E10000017,4,5254,6,30,6,4,6,0,0,1,1,1,1,5,0,1,1,E01025433,19-02-2018,1,2,2,2,22,5,2,0,0,0,4,-1,11,1