Accident_Index,longitude,latitude,Police_Force,Accident_Severity,Number_of_Vehicles,Number_of_Casualties,Day_of_Week,Time,Local_Authority_(District),Local_Authority_(Highway),1st_Road_Class,1st_Road_Number,Road_Type,Speed_limit,Junction_Detail,Junction_Control,2nd_Road_Class,2nd_Road_Number,Pedestrian_Crossing-Human_Control,Pedestrian_Crossing-Physical_Facilities,Light_Conditions,Weather_Conditions,Road_Surface_Conditions,Special_Conditions_at_Site,Carriageway_Hazards,Urban_or_Rural_Area,Did_Police_Officer_Attend_Scene_of_Accident,LSOA_of_Accident_Location,Date,Vehicle_Reference,Casualty_Reference,Casualty_Class,Sex_of_Casualty,Age_of_Casualty,Age_Band_of_Casualty,Casualty_Severity,Pedestrian_Location,Pedestrian_Movement,Car_Passenger,Bus_or_Coach_Passenger,Pedestrian_Road_Maintenance_Worker,Casualty_Type,Casualty_Home_Area_Type
30595,74.58533584,26.46383498,4,3,2,2,7,11:19,83,E10000017,3,6,3,60,9,2,3,49,0,0,1,2,2,0,0,2,1,E01025417,30-04-2018,2,4,2,2,9,2,3,0,0,2,0,-1,9,1
30596,74.59999605,26.4619015,4,3,2,1,2,12:00,84,E10000017,3,5068,1,40,1,4,6,0,0,7,1,2,2,0,0,2,2,E01025522,18-04-2018,1,1,1,2,14,3,3,0,0,0,0,-1,1,1
30597,74.60651766,26.46255271,4,2,2,2,1,13:30,73,E10000017,6,0,6,30,0,-1,-1,0,0,0,1,1,1,0,0,2,1,E01024962,01-05-2018,1,1,1,1,24,5,3,0,0,0,0,-1,9,1
30598,74.59650334,26.45824349,4,3,1,2,6,20:00,83,E10000017,6,0,2,30,3,4,6,0,0,0,4,1,2,0,0,1,1,E01025459,22-04-2018,1,2,2,2,-1,-1,3,0,0,1,0,-1,9,1
30599,74.58740499,26.46330186,4,3,2,1,4,17:30,83,E10000017,3,59,3,70,5,4,6,0,0,8,1,1,1,0,0,1,2,E01025439,27-04-2018,2,1,1,1,-1,-1,3,0,0,0,0,-1,1,-1
30600,74.61941992,26.4628081,4,3,2,1,4,10:00,73,E10000017,6,0,6,30,0,-1,-1,0,0,0,1,2,2,0,0,1,2,E01024937,30-03-2018,1,1,1,1,34,6,3,0,0,0,0,-1,9,1
30601,74.62002416,26.46343059,4,3,2,1,3,08:35,73,E10000017,3,673,6,30,6,2,4,6227,0,0,1,1,1,0,0,2,2,E01024915,19-04-2018,1,1,2,2,45,7,3,0,0,1,0,-1,9,1
30602,74.59562796,26.46047998,4,3,2,1,6,20:35,73,E10000017,6,0,6,30,9,4,6,0,0,0,4,1,1,0,0,1,2,E01024927,04-03-2018,1,1,1,1,41,7,3,0,0,0,0,-1,9,1
30603,74.59644257,26.46240841,4,3,2,1,5,17:20,73,E10000017,3,673,6,30,9,4,6,0,0,0,1,2,2,0,0,2,1,E01024915,10-03-2018,1,1,1,1,27,6,3,0,0,0,0,-1,9,1
30604,74.59244902,26.45939223,4,3,2,1,2,13:11,83,E10000017,3,6,1,70,1,4,6,0,0,0,1,1,1,0,0,1,1,E01025465,02-05-2018,1,2,2,2,-1,-1,3,0,0,1,0,-1,9,1
30605,74.61035695,26.46458575,4,3,2,1,5,14:06,84,E10000017,3,59,6,30,3,4,6,0,0,0,1,1,2,0,7,2,1,E01025513,10-02-2018,1,1,1,2,33,6,3,0,0,0,0,-1,9,1
30606,74.60733665,26.45992709,4,3,2,3,2,16:01,73,E10000017,1,58,3,70,0,-1,-1,0,0,0,1,2,2,0,0,2,1,E01025479,16-05-2018,1,1,1,2,58,9,3,0,0,0,0,-1,9,1
30607,74.60295519,26.46142663,4,3,1,1,5,16:35,73,E10000017,6,0,6,30,0,-1,-1,0,0,0,1,2,2,0,0,1,1,E01024925,05-05-2018,2,1,1,1,-1,-1,3,0,0,0,0,-1,1,-1
30608,74.61771475,26.45997273,4,3,2,2,6,21:20,73,E10000017,1,61,3,70,0,-1,-1,0,0,0,6,5,5,0,2,2,1,E01024977,06-05-2018,1,1,1,1,19,4,3,0,0,0,0,-1,5,1
30609,74.62168799,26.4629177,4,3,1,1,6,21:15,73,E10000017,1,61,3,70,0,-1,-1,0,0,0,6,5,5,0,0,2,1,E01024977,06-05-2018,1,1,3,1,5,1,3,5,2,0,0,-1,0,1
30610,74.61563688,26.46193625,4,2,2,1,4,11:00,73,E10000017,6,0,6,30,0,-1,-1,0,0,0,1,1,1,0,0,1,1,E01024968,11-05-2018,2,1,1,2,84,11,3,0,0,0,0,-1,9,1
30611,74.5859572,26.46072637,4,3,2,2,7,20:40,73,E10000017,3,677,6,60,8,4,6,0,0,0,1,1,1,0,0,2,1,E01025456,04-06-2018,1,1,3,2,14,3,3,5,1,0,0,-1,0,1
30612,74.61717014,26.4616436,4,3,1,1,7,15:00,73,E10000017,6,0,6,30,3,4,6,0,0,0,1,1,1,0,0,1,1,E01024936,14-05-2018,1,1,2,2,9,2,3,0,0,2,0,-1,9,-1
30613,74.60948262,26.4617635,4,3,2,1,4,17:35,73,E10000017,3,581,6,30,9,4,3,581,0,0,1,9,1,0,0,1,1,E01024970,11-05-2018,2,1,1,1,16,4,3,0,0,0,0,-1,2,1
30614,74.59918109,26.46385368,4,3,2,1,5,21:40,73,E10000017,3,6,1,30,1,4,3,674,0,0,4,1,1,0,0,1,1,E01024937,19-05-2018,1,1,1,2,29,6,3,0,0,0,0,-1,9,-1
30615,74.59423328,26.46134144,4,3,1,2,3,08:40,73,E10000017,4,5251,6,30,3,4,6,0,0,0,1,1,1,0,0,1,1,E01024943,17-05-2018,1,1,1,1,19,4,2,0,0,0,0,-1,9,1
30616,74.59312942,26.4601565,4,3,2,1,2,18:29,73,E10000017,4,5251,3,40,3,4,6,0,0,0,1,1,1,0,0,2,1,E01024943,16-05-2018,3,2,2,1,4,1,3,0,0,2,0,-1,9,1
30617,74.59848908,26.46282829,4,3,2,1,4,17:45,73,E10000017,1,61,7,70,1,4,3,674,0,0,1,1,1,0,0,2,1,E01024932,08-06-2018,2,1,1,2,15,3,3,0,0,0,0,-1,1,1
30618,74.6206829,26.46390211,4,3,2,1,6,10:22,73,E10000017,1,6,3,70,0,-1,-1,0,0,0,1,1,1,0,0,2,1,E01024924,17-06-2018,1,1,1,2,33,6,3,0,0,0,0,-1,9,3
30619,74.60054714,26.46189809,4,3,2,1,3,17:22,73,E10000017,3,6,6,40,9,2,3,5106,0,0,1,9,1,0,0,2,1,E01024939,24-05-2018,2,1,1,1,17,4,3,0,0,0,0,-1,3,1
30620,74.59594178,26.4604885,4,3,2,1,5,18:30,73,E10000017,3,6,3,30,1,4,6,0,0,0,1,1,1,0,0,1,1,E01024934,26-05-2018,2,2,2,1,-1,-1,3,0,0,0,0,-1,3,1
30621,74.60400114,26.46295193,4,3,3,2,4,15:30,73,E10000017,6,0,6,40,0,-1,-1,0,0,0,1,1,1,0,0,2,1,E01024935,01-06-2018,1,1,1,1,41,7,3,0,0,0,0,-1,9,1
30622,74.58852169,26.45891003,4,3,2,3,5,14:30,73,E10000017,6,0,6,50,8,4,6,0,0,0,1,1,1,0,0,2,1,E01024979,02-06-2018,1,3,2,1,39,7,3,0,0,1,0,-1,9,1
30623,74.58800855,26.46051145,4,3,2,1,5,19:12,73,E10000017,1,61,7,70,1,4,3,675,0,0,1,1,1,0,0,2,1,E01024933,09-06-2018,1,4,2,1,11,3,3,0,0,2,0,-1,9,1
30624,74.60143069,26.45840396,4,3,2,3,7,18:30,73,E10000017,1,61,3,70,0,-1,-1,0,0,0,1,1,1,0,0,2,1,E01024926,11-06-2018,1,5,2,2,40,7,3,0,0,2,0,-1,9,1
30625,74.58523346,26.46267795,4,3,2,1,2,13:00,73,E10000017,4,5254,6,30,9,4,3,5083,0,0,1,1,1,0,0,2,1,E01025417,20-06-2018,1,6,2,1,9,2,3,0,0,2,0,-1,9,1
30626,74.59718504,26.45982839,4,3,2,1,7,17:40,73,E10000017,3,6,6,30,0,-1,-1,0,0,0,1,1,1,0,0,1,1,E01024939,18-06-2018,2,2,1,2,76,11,3,0,0,0,0,-1,9,1
30627,74.5851154,26.46120723,4,2,2,3,1,16:25,73,E10000017,6,0,6,30,9,4,6,0,0,0,1,2,2,0,0,1,1,E01024928,19-06-2018,1,1,1,2,46,8,3,0,0,0,0,-1,9,1
30628,74.61317061,26.46344064,4,3,2,1,1,19:20,73,E10000017,6,0,1,40,1,4,6,0,0,0,1,1,1,0,0,2,1,E01024935,10-07-2018,2,2,1,1,51,8,3,0,0,0,0,-1,9,1
30629,74.61955173,26.46474362,4,3,2,4,6,23:45,73,E10000017,1,65,3,70,0,-1,-1,0,0,0,4,1,1,0,0,2,1,E01024953,08-07-2018,1,1,1,1,-1,-1,3,0,0,0,0,-1,5,2
30630,74.61240408,26.46265727,4,2,2,1,3,19:10,73,E10000017,3,581,6,30,3,4,6,0,0,0,1,1,1,0,0,1,1,E01024970,05-07-2018,1,1,2,2,52,8,3,0,0,0,4,-1,11,-1
30631,74.62182024,26.45953723,4,2,2,6,1,13:19,73,E10000017,6,0,6,30,3,2,6,0,0,0,1,1,1,0,0,2,1,E01024919,26-06-2018,1,1,2,1,11,3,3,0,0,1,0,-1,9,3
30632,74.59737439,26.46053844,4,3,1,1,3,08:37,73,E10000017,3,581,6,30,3,4,6,0,0,0,1,2,2,0,0,1,1,E01024936,21-06-2018,2,1,1,1,62,9,3,0,0,0,0,-1,9,1
30633,74.58870177,26.45826625,4,2,2,1,5,11:45,73,E10000017,6,0,6,30,3,4,6,0,0,0,1,1,1,0,0,1,1,E01024935,23-06-2018,2,2,2,2,52,8,3,0,0,1,0,-1,9,-1
30634,74.6002008,26.46055765,4,2,1,2,7,15:05,73,E10000017,1,61,3,70,0,-1,-1,0,0,0,1,1,1,0,0,2,1,E01024921,16-07-2018,2,1,1,1,21,5,3,0,0,0,0,-1,5,1
30635,74.61375109,26.46479038,4,3,1,1,7,20:59,73,E10000017,6,0,6,30,0,-1,-1,0,0,0,1,1,1,0,0,1,1,E01024927,25-06-2018,1,1,1,1,15,3,2,0,0,0,0,-1,2,-1
30636,74.60762399,26.45904279,4,3,2,2,1,11:12,73,E10000017,3,674,1,50,1,4,1,61,0,0,1,1,1,0,0,2,1,E01024932,26-06-2018,1,1,1,1,38,7,2,0,0,0,0,-1,1,-1
30637,74.58667198,26.45978759,4,3,2,1,2,16:58,73,E10000017,3,6,1,30,1,4,6,0,0,4,1,1,1,0,0,1,1,E01024937,27-06-2018,1,1,2,1,61,9,3,0,0,1,0,-1,9,1
30638,74.6191594,26.46397787,4,3,2,1,2,12:25,73,E10000017,6,0,6,30,0,-1,-1,0,0,0,1,1,1,0,0,1,1,E01024927,27-06-2018,1,1,2,2,49,8,3,0,0,1,0,-1,9,1
30639,74.59028327,26.46365493,4,3,2,1,2,12:55,73,E10000017,6,0,6,30,3,4,3,581,0,0,1,1,1,0,0,2,1,E01024920,27-06-2018,2,2,1,2,21,5,3,0,0,0,0,-1,9,1
30640,74.60972488,26.45876918,4,2,1,1,6,05:46,73,E10000017,3,5105,6,60,8,4,6,0,0,0,1,2,2,0,0,2,1,E01024939,01-07-2018,1,1,2,2,61,9,3,0,0,0,3,-1,11,1
30641,74.59616381,26.458665,4,3,2,4,7,13:05,73,E10000017,3,581,6,40,3,4,6,0,0,0,1,1,1,0,0,2,1,E01024971,02-07-2018,1,1,3,1,2,1,2,5,1,0,0,-1,0,1
30642,74.5873014,26.46395495,4,3,3,1,7,16:55,73,E10000017,6,0,6,30,9,4,6,0,0,4,1,1,1,0,0,1,1,E01024942,09-07-2018,1,1,1,1,-1,-1,3,0,0,0,0,-1,3,-1
30643,74.58998019,26.46568155,4,2,2,2,6,11:10,73,E10000017,1,61,3,70,0,-1,-1,0,0,0,1,1,1,0,0,2,1,E01024973,22-07-2018,1,1,1,2,42,7,3,0,0,0,0,-1,9,1
30644,74.61108425,26.46150522,4,3,1,1,3,09:40,73,E10000017,6,0,6,30,3,4,6,0,2,4,1,1,1,0,0,1,1,E01024936,12-07-2018,1,2,2,1,15,3,3,0,0,1,0,-1,9,1
30645,74.59902284,26.4654906,4,3,2,2,6,07:40,73,E10000017,3,581,6,30,0,-1,-1,0,0,0,1,1,1,0,0,1,1,E01024937,15-07-2018,1,3,2,2,11,3,3,0,0,2,0,-1,9,1
30646,74.62148557,26.46460462,4,3,3,5,7,15:20,73,E10000017,4,5251,6,30,9,4,6,0,0,0,1,1,1,0,0,1,1,E01024940,25-06-2018,1,1,2,2,70,10,3,0,0,1,0,-1,9,1
30647,74.60619289,26.45945667,4,3,2,2,3,21:30,73,E10000017,3,6,1,30,1,4,6,0,0,0,4,1,2,0,0,1,1,E01024940,02-08-2018,2,2,1,1,20,4,3,0,0,0,0,-1,9,1
30648,74.61398061,26.46369895,4,3,2,1,3,08:00,73,E10000017,6,0,1,30,1,4,6,0,0,0,1,1,1,0,0,1,1,E01024940,09-08-2018,2,1,2,2,50,8,3,0,0,1,0,-1,9,3
30649,74.608955,26.4657589,4,3,3,1,4,23:00,73,E10000017,6,0,6,30,2,4,6,0,0,0,4,1,1,0,0,1,1,E01024927,10-08-2018,1,1,3,1,13,3,3,5,4,0,0,-1,0,-1
30650,74.61386082,26.46106602,4,3,2,3,3,12:05,73,E10000017,3,49,6,30,0,-1,-1,0,0,0,1,9,1,4,0,1,1,E01024968,09-08-2018,1,1,1,1,50,8,3,0,0,0,0,-1,5,1
30651,74.58697044,26.46479275,4,2,1,1,5,17:00,73,E10000017,4,5251,3,30,1,4,6,0,0,0,1,1,1,0,0,1,1,E01024945,04-08-2018,1,1,3,1,56,9,2,5,3,0,0,-1,0,1
30652,74.60103835,26.46428769,4,2,2,2,1,11:34,73,E10000017,3,5106,6,60,3,4,6,0,0,0,1,1,1,0,0,2,1,E01024939,21-08-2018,1,1,1,2,34,6,3,0,0,0,0,-1,9,1
30653,74.58649055,26.46208011,4,3,2,1,7,13:18,73,E10000017,3,6,1,30,1,4,6,0,0,4,1,1,1,0,0,1,1,E01024940,27-08-2018,1,1,1,1,65,9,3,0,0,0,0,-1,1,-1
30654,74.58759825,26.46294775,4,3,3,5,5,10:40,73,E10000017,3,6,3,30,3,2,6,0,0,5,1,1,2,0,0,1,1,E01024941,25-08-2018,1,1,1,2,34,6,3,0,0,0,0,-1,9,1
30655,74.61825132,26.46101544,4,3,2,1,2,15:50,73,E10000017,6,0,6,30,6,4,6,0,0,0,1,1,1,0,0,1,1,E01024930,29-08-2018,2,2,1,1,41,7,3,0,0,0,0,-1,9,1
30656,74.62126484,26.46362531,4,1,1,1,3,08:10,73,E10000017,6,0,6,30,0,-1,-1,0,0,0,1,1,1,0,0,1,1,E01024931,30-08-2018,1,1,1,1,17,4,3,0,0,0,0,-1,9,1
30657,74.59725715,26.46167952,4,3,1,1,3,15:03,73,E10000017,6,0,6,30,3,2,6,0,0,4,1,1,1,0,0,1,1,E01024940,30-08-2018,1,2,2,2,-1,-1,3,0,0,1,0,-1,9,1
30658,74.59452747,26.46062033,4,3,2,1,4,13:20,73,E10000017,6,0,2,30,3,4,6,0,0,0,1,1,1,0,0,1,1,E01024933,24-08-2018,1,1,1,1,46,8,3,0,0,0,0,-1,5,-1
30659,74.60682322,26.46117714,4,3,2,1,6,16:40,73,E10000017,3,6,1,30,1,4,6,0,0,0,1,1,1,4,0,1,1,E01024940,26-08-2018,1,1,1,2,31,6,3,0,0,0,0,-1,9,1
30660,74.61626723,26.46517827,4,3,2,1,1,13:50,73,E10000017,3,6,1,30,1,4,4,6228,0,0,1,2,1,0,0,1,1,E01024940,11-09-2018,1,2,2,1,-1,-1,3,0,0,1,0,-1,9,-1
30661,74.58859423,26.46051873,4,3,1,1,6,11:00,73,E10000017,6,0,9,30,0,-1,-1,0,0,0,1,1,1,0,0,1,1,E01024940,09-09-2018,1,1,1,2,34,6,3,0,0,0,0,-1,9,1
30662,74.59881837,26.46047498,4,3,2,1,4,07:55,73,E10000017,6,0,9,30,3,4,6,0,0,0,1,1,1,0,0,2,1,E01024935,14-09-2018,1,1,3,1,13,3,3,5,2,0,0,-1,0,-1
30663,74.5858872,26.45986664,4,3,2,1,6,16:15,73,E10000017,6,0,1,30,1,-1,3,6,0,0,1,1,1,0,0,1,1,E01024940,16-09-2018,1,1,2,2,1,1,3,0,0,0,3,-1,11,1
30664,74.60018582,26.46503413,4,2,2,2,1,19:10,73,E10000017,4,5252,6,40,3,4,6,0,0,0,1,1,1,0,0,2,1,E01024919,18-09-2018,2,1,1,1,12,3,3,0,0,0,0,-1,90,1
30665,74.60600006,26.46143112,4,2,1,2,2,20:22,73,E10000017,6,0,6,30,8,4,6,0,0,0,1,1,2,0,0,1,1,E01024935,19-09-2018,1,1,2,2,17,4,3,0,0,1,0,-1,9,1
30666,74.60283218,26.46163612,4,3,1,1,4,13:55,73,E10000017,6,0,1,40,1,4,1,61,0,0,1,1,1,0,2,2,1,E01024932,21-09-2018,1,2,2,2,20,4,3,0,0,2,0,-1,9,1
30667,74.62186316,26.4600589,4,2,1,1,4,15:38,73,E10000017,4,5252,6,30,9,4,6,0,0,0,1,1,1,0,0,1,1,E01024937,21-09-2018,1,3,2,2,21,5,3,0,0,2,0,-1,9,1
30668,74.59140276,26.46470715,4,3,2,3,4,12:30,73,E10000017,4,5252,6,30,3,2,6,0,0,0,1,1,1,4,0,1,1,E01024937,21-09-2018,1,4,2,2,17,4,3,0,0,2,0,-1,9,1
30669,74.60185395,26.46414336,4,3,4,2,4,17:30,73,E10000017,3,5252,6,40,9,4,6,0,0,0,1,1,1,0,0,2,1,E01024919,21-09-2018,1,1,1,1,30,6,3,0,0,0,0,-1,1,-1
30670,74.58896431,26.46158788,4,3,2,2,7,21:35,73,E10000017,1,6,3,70,0,-1,-1,0,0,0,4,1,1,0,0,2,1,E01024923,24-09-2018,2,1,1,2,-1,-1,3,0,0,0,0,-1,1,1
30671,74.59034422,26.46128395,4,3,1,1,2,10:25,73,E10000017,6,0,6,30,0,-1,-1,0,0,0,1,1,1,0,0,2,1,E01024967,26-09-2018,1,1,1,1,46,8,3,0,0,0,0,-1,5,1
30672,74.61094828,26.46214232,4,3,2,1,2,08:50,73,E10000017,4,5252,6,30,3,4,6,0,0,0,1,1,1,0,0,1,1,E01024970,26-09-2018,2,1,1,1,4,1,3,0,0,0,0,-1,1,-1
30673,74.59510885,26.46143209,4,3,2,2,4,17:11,73,E10000017,4,5251,6,40,0,-1,-1,0,0,0,1,5,2,0,6,2,1,E01024943,28-09-2018,1,1,2,1,19,4,3,0,0,0,0,-1,19,-1
30674,74.61366656,26.46237313,4,3,2,1,2,15:50,73,E10000017,6,0,6,30,3,4,6,0,0,0,1,1,1,0,0,1,1,E01024926,03-10-2018,1,1,1,1,40,7,3,0,0,0,0,-1,19,1
30675,74.59982176,26.45946795,4,2,1,2,3,22:36,73,E10000017,6,0,6,30,0,-1,-1,0,0,0,4,1,2,0,0,1,1,E01024941,27-09-2018,1,2,2,1,25,5,3,0,0,0,0,-1,19,1
30676,74.59109086,26.4600216,4,3,2,2,1,16:25,73,E10000017,6,0,6,30,7,4,6,0,0,0,1,1,1,0,0,1,1,E01024934,02-10-2018,1,1,3,2,15,3,3,5,1,0,0,-1,0,1
30677,74.61494973,26.4612445,4,3,1,1,2,00:50,73,E10000017,6,0,6,60,0,-1,-1,0,0,0,4,1,1,0,0,2,1,E01024967,03-10-2018,2,1,1,1,36,7,3,0,0,0,0,-1,1,1
30678,74.58370345,26.46303127,4,3,1,1,6,18:00,73,E10000017,6,0,2,30,3,4,4,5251,0,0,1,1,2,0,0,1,1,E01024940,07-10-2018,1,1,1,1,27,6,3,0,0,0,0,-1,3,1
30679,74.58907075,26.46554574,4,3,2,2,6,17:15,73,E10000017,6,0,6,30,9,4,6,0,0,0,1,1,2,0,0,2,1,E01024943,07-10-2018,1,1,2,2,44,7,3,0,0,1,0,-1,9,-1
30680,74.59856088,26.45929267,4,3,1,1,7,16:30,73,E10000017,6,0,2,10,0,-1,-1,0,0,0,1,1,1,0,0,1,1,E01024936,01-10-2018,1,2,1,1,34,6,3,0,0,0,0,-1,9,2
30681,74.60166075,26.45953002,4,3,1,1,7,18:02,73,E10000017,5,206,6,30,0,-1,-1,0,0,0,1,1,2,0,0,2,1,E01024927,08-10-2018,2,1,1,2,23,5,3,0,0,0,0,-1,1,1
30682,74.6007782,26.45889709,4,3,1,1,6,14:50,73,E10000017,3,581,6,60,8,4,3,581,0,0,1,1,1,0,0,2,1,E01024971,07-10-2018,2,1,1,1,22,5,3,0,0,0,0,-1,5,1
30683,74.60619753,26.4641149,4,2,2,1,4,22:05,73,E10000017,4,5261,6,30,0,-1,-1,0,0,0,4,2,2,0,0,1,1,E01024942,12-10-2018,1,1,1,2,23,5,3,0,0,0,0,-1,9,1
30684,74.62170901,26.46086719,4,3,2,1,3,16:50,73,E10000017,6,0,6,30,3,4,4,6229,0,1,1,1,1,0,0,1,1,E01024933,11-10-2018,2,1,1,2,61,9,2,0,0,0,0,-1,9,1
30685,74.61369923,26.45974162,4,3,1,1,1,09:55,73,E10000017,6,0,6,30,3,4,6,0,0,0,1,1,1,0,0,1,1,E01024940,16-10-2018,1,1,3,2,7,2,3,4,1,0,0,-1,0,-1
30686,74.58585049,26.46487802,4,2,1,1,1,11:30,73,E10000017,6,0,6,30,0,-1,-1,0,0,0,1,1,1,0,0,1,1,E01024925,16-10-2018,2,1,1,2,51,8,3,0,0,0,0,-1,9,1
30687,74.60784043,26.46358877,4,3,1,1,5,17:00,73,E10000017,3,6,1,30,1,4,4,6228,0,8,1,1,1,0,0,1,1,E01024940,13-10-2018,1,1,1,2,50,8,3,0,0,0,0,-1,9,1
30688,74.5990395,26.45892627,4,3,2,2,5,10:05,73,E10000017,4,5251,6,30,3,4,6,0,0,8,1,1,2,0,0,1,1,E01024936,20-10-2018,2,1,1,1,40,7,3,0,0,0,0,-1,1,1
30689,74.59537495,26.46394648,4,3,2,1,6,08:40,73,E10000017,3,674,6,30,9,4,6,0,0,0,1,1,1,0,0,1,1,E01024930,10-06-2018,1,1,3,1,6,2,3,5,1,0,0,-1,0,1
30690,74.60309765,26.46487655,4,3,2,1,3,12:11,73,E10000017,6,0,6,30,3,4,6,0,0,0,1,1,1,0,0,1,1,E01024928,04-10-2018,1,1,1,1,32,6,3,0,0,0,0,-1,9,1
30691,74.59422097,26.4617328,4,3,2,1,6,17:10,73,E10000017,6,0,6,30,6,4,6,0,0,0,1,1,2,0,0,1,1,E01024925,28-10-2018,1,1,1,1,39,7,3,0,0,0,0,-1,5,1
30692,74.60020052,26.45901555,4,3,2,2,7,18:23,73,E10000017,6,0,6,40,3,2,6,0,0,0,4,4,1,0,0,2,1,E01024939,29-10-2018,1,1,3,2,19,4,3,4,1,0,0,-1,0,1
30693,74.58715163,26.46092222,4,3,2,1,6,15:30,73,E10000017,3,581,6,30,3,4,6,0,0,0,1,1,1,0,0,1,1,E01024934,30-09-2018,2,1,1,1,24,5,3,0,0,0,0,-1,9,1
30694,74.59414802,26.45858059,4,3,2,1,5,19:10,73,E10000017,6,0,6,60,3,4,6,0,0,0,6,2,2,0,0,2,1,E01024967,03-11-2018,2,2,2,2,22,5,3,0,0,1,0,-1,9,-1
30695,74.596232,26.46566291,4,3,2,1,7,15:10,73,E10000017,4,5251,6,30,3,4,6,0,2,4,1,1,2,0,0,1,1,E01024940,05-11-2018,1,1,1,1,53,8,3,0,0,0,0,-1,5,1
30696,74.59821893,26.46276261,4,2,2,1,3,12:25,73,E10000017,4,5252,1,30,1,4,4,5252,0,0,1,5,2,0,0,2,1,E01024919,08-11-2018,2,1,1,2,22,5,3,0,0,0,0,-1,9,1
30697,74.60785579,26.46360059,4,3,4,1,3,09:00,73,E10000017,3,581,6,60,0,-1,-1,0,0,0,1,2,2,0,0,2,1,E01024971,08-11-2018,1,1,1,2,23,5,3,0,0,0,0,-1,9,1
30698,74.59110342,26.46273056,4,3,1,1,4,15:06,73,E10000017,6,0,2,30,3,2,6,0,0,0,1,1,2,0,0,1,1,E01024940,09-11-2018,2,2,1,2,19,4,3,0,0,0,0,-1,9,1
30699,74.58398465,26.46152212,4,3,1,1,5,09:05,73,E10000017,3,49,6,30,0,-1,-1,0,0,0,1,2,2,0,0,1,1,E01024968,10-11-2018,1,1,2,2,22,5,3,0,0,1,0,-1,9,-1
30700,74.58901552,26.46365488,4,2,2,1,1,08:15,73,E10000017,3,6,2,40,3,4,3,5106,0,0,1,1,2,0,0,2,1,E01024973,13-11-2018,1,1,2,2,-1,-1,3,0,0,0,3,-1,11,-1
30701,74.6152484,26.46141605,4,2,2,1,3,08:35,73,E10000017,4,5251,2,30,3,4,6,0,0,0,1,1,1,0,0,1,1,E01024943,15-11-2018,1,1,1,2,44,7,3,0,0,0,0,-1,9,3
30702,74.59115996,26.46211267,4,3,2,1,4,10:50,73,E10000017,6,0,6,30,3,4,6,0,0,0,1,1,1,0,0,1,1,E01024920,16-11-2018,1,1,3,1,33,6,3,4,1,0,0,-1,0,1
30703,74.58666893,26.46034335,4,3,2,1,5,18:45,73,E10000017,6,0,3,30,3,4,6,0,0,0,4,9,1,0,0,1,1,E01024940,10-11-2018,3,1,1,1,28,6,3,0,0,0,0,-1,9,-1
30704,74.61523424,26.4588166,4,3,2,2,5,21:30,73,E10000017,4,6228,1,30,1,4,6,0,0,0,4,1,1,0,0,1,1,E01024940,10-11-2018,1,1,2,2,25,5,3,0,0,1,0,-1,9,1
30705,74.61371806,26.4597951,4,3,2,1,3,07:15,73,E10000017,3,49,6,30,3,4,6,0,0,4,4,9,2,0,0,1,1,E01024968,22-11-2018,2,1,1,1,56,9,3,0,0,0,0,-1,1,1
30706,74.58791727,26.46325777,4,3,2,1,3,17:43,73,E10000017,6,0,1,30,1,4,6,0,0,4,4,1,2,0,0,1,1,E01024940,29-11-2018,1,1,1,2,33,6,3,0,0,0,0,-1,9,1
30707,74.60941987,26.46043775,4,2,1,1,6,08:58,73,E10000017,4,6228,6,30,3,4,6,0,0,1,1,1,1,0,0,1,1,E01024925,25-11-2018,1,2,2,1,15,3,3,0,0,1,0,-1,9,1
30708,74.61346415,26.46387597,4,3,2,2,6,20:57,73,E10000017,6,0,6,30,0,-1,-1,0,0,0,4,4,2,0,0,1,1,E01024940,02-12-2018,2,3,1,2,55,8,3,0,0,0,0,-1,9,1
30709,74.61352426,26.46183615,4,3,2,1,6,10:20,73,E10000017,4,6228,6,50,5,4,3,674,0,0,1,1,1,0,0,2,1,E01024977,02-12-2018,1,1,1,2,17,4,3,0,0,0,0,-1,9,1
30710,74.60292624,26.45845206,4,3,2,1,4,15:10,73,E10000017,3,49,6,30,7,4,6,0,0,0,1,1,2,0,0,1,1,E01024968,07-12-2018,1,1,1,1,48,8,3,0,0,0,0,-1,5,1
30711,74.59563945,26.45950155,4,3,2,1,4,07:20,73,E10000017,6,0,6,40,9,4,6,0,0,0,4,1,4,0,0,2,1,E01024919,07-12-2018,1,1,3,2,51,8,3,5,1,0,0,-1,0,1
30712,74.58797599,26.45832916,4,3,3,2,6,16:40,73,E10000017,6,0,3,30,0,-1,-1,0,0,0,4,1,1,0,0,1,1,E01024940,09-12-2018,2,1,1,1,26,6,3,0,0,0,0,-1,3,1
30713,74.58517814,26.46367626,4,3,2,1,2,10:00,73,E10000017,6,0,3,30,7,4,6,0,0,0,1,1,1,0,0,1,1,E01024940,12-12-2018,1,1,1,1,39,7,3,0,0,0,0,-1,9,1
30714,74.58522829,26.46264448,4,3,2,1,6,08:50,73,E10000017,3,674,1,40,1,4,1,61,0,0,1,1,1,0,0,2,1,E01024932,09-12-2018,2,2,1,1,26,6,2,0,0,0,0,-1,9,1
30715,74.62161957,26.46265848,4,3,2,1,2,12:20,73,E10000017,3,674,3,60,1,4,6,0,0,0,1,1,2,4,0,1,1,E01024937,05-12-2018,2,1,1,1,50,8,3,0,0,0,0,-1,9,1
30716,74.59906606,26.4653253,4,3,1,1,5,23:45,73,E10000017,3,581,6,60,0,-1,-1,0,0,0,4,1,2,0,0,2,1,E01024971,15-12-2018,1,1,3,2,14,3,3,5,1,0,0,-1,0,1