Accident_Index,longitude,latitude,Police_Force,Accident_Severity,Number_of_Vehicles,Number_of_Casualties,Day_of_Week,Time,Local_Authority_(District),Local_Authority_(Highway),1st_Road_Class,1st_Road_Number,Road_Type,Speed_limit,Junction_Detail,Junction_Control,2nd_Road_Class,2nd_Road_Number,Pedestrian_Crossing-Human_Control,Pedestrian_Crossing-Physical_Facilities,Light_Conditions,Weather_Conditions,Road_Surface_Conditions,Special_Conditions_at_Site,Carriageway_Hazards,Urban_or_Rural_Area,Did_Police_Officer_Attend_Scene_of_Accident,LSOA_of_Accident_Location,Date,Vehicle_Reference,Casualty_Reference,Casualty_Class,Sex_of_Casualty,Age_of_Casualty,Age_Band_of_Casualty,Casualty_Severity,Pedestrian_Location,Pedestrian_Movement,Car_Passenger,Bus_or_Coach_Passenger,Pedestrian_Road_Maintenance_Worker,Casualty_Type,Casualty_Home_Area_Type
30717,74.59763735,26.46090042,4,3,2,2,3,15:05,73,E10000017,4,6228,1,30,1,4,6,0,0,8,1,1,1,0,0,1,1,E01024940,20-09-2018,1,1,1,1,44,7,3,0,0,0,0,-1,9,1
30718,74.58918373,26.46103455,4,3,2,2,4,21:00,73,E10000017,3,6,1,30,1,4,6,0,0,4,4,1,1,0,0,1,1,E01024940,07-12-2018,2,2,1,1,47,8,3,0,0,0,0,-1,11,1
30719,74.5885797,26.4596509,4,2,1,1,2,17:45,73,E10000017,6,0,6,30,0,-1,-1,0,0,0,4,1,1,0,0,1,1,E01024969,19-12-2018,2,3,2,1,67,10,3,0,0,0,4,-1,11,-1
30720,74.59555416,26.46134515,4,3,2,1,6,16:54,73,E10000017,4,5252,1,40,1,4,6,0,0,0,4,1,2,0,0,2,1,E01024919,23-12-2018,2,4,2,2,59,9,3,0,0,0,4,-1,11,-1
30721,74.61040187,26.46415039,4,3,3,3,3,13:30,73,E10000017,3,6,6,40,0,-1,-1,0,0,0,1,1,2,0,0,2,1,E01024939,27-12-2018,1,1,3,2,6,2,3,4,1,0,0,-1,0,-1
30722,74.60338811,26.46265647,4,3,2,1,2,17:30,73,E10000017,4,5251,6,30,9,4,6,0,0,0,4,1,1,0,0,1,1,E01024942,26-12-2018,1,1,3,2,13,3,3,5,1,0,0,-1,0,1
30723,74.61928008,26.46341039,4,3,2,1,4,08:50,73,E10000017,3,6,6,30,3,4,6,0,0,0,1,1,1,0,0,1,1,E01024937,14-12-2018,1,1,1,2,45,7,3,0,0,0,0,-1,9,1
30724,74.59599125,26.46528337,4,3,2,1,2,16:55,73,E10000017,6,0,6,30,0,-1,-1,0,0,0,1,1,1,0,0,1,1,E01024942,05-09-2018,2,1,2,2,25,5,3,0,0,1,0,-1,9,1
30725,74.59717282,26.45997239,4,1,2,2,2,15:50,73,E10000017,3,49,6,40,8,4,6,0,0,0,1,1,1,0,2,2,1,E01024924,30-05-2018,2,1,1,1,25,5,3,0,0,0,0,-1,2,1
30726,74.60839868,26.4655951,4,3,1,1,3,18:40,73,E10000017,6,0,6,30,0,-1,-1,0,0,0,1,1,1,0,2,2,1,E01024923,17-05-2018,1,1,1,2,51,8,3,0,0,0,0,-1,9,1
30727,74.58702716,26.46278979,4,3,2,1,1,13:15,73,E10000017,6,0,6,60,0,-1,-1,0,0,0,1,1,1,0,2,2,1,E01024973,15-05-2018,2,1,1,1,18,4,2,0,0,0,0,-1,4,1
30728,74.58845796,26.46158998,4,3,2,4,1,16:50,73,E10000017,3,581,6,40,0,-1,-1,0,0,0,1,2,2,0,0,2,1,E01024975,22-05-2018,1,1,1,1,19,4,3,0,0,0,0,-1,5,3
30729,74.58658385,26.46533858,4,3,1,1,3,08:45,73,E10000017,6,0,6,60,0,-1,-1,0,0,0,1,2,2,0,7,2,1,E01024973,14-06-2018,2,1,1,1,47,8,3,0,0,0,0,-1,5,1
30730,74.60972111,26.46244884,4,3,2,2,6,21:50,73,E10000017,1,6,3,70,0,-1,-1,0,0,0,7,1,1,0,0,2,1,E01024923,27-05-2018,1,1,3,2,41,7,3,10,9,0,0,-1,0,1
30731,74.60835273,26.4637484,4,3,2,1,3,12:52,73,E10000017,3,581,6,40,3,4,6,0,0,0,1,1,1,0,0,2,1,E01024965,31-05-2018,1,1,1,1,21,5,3,0,0,0,0,-1,3,1
30732,74.6104011,26.46085119,4,3,2,1,4,12:46,73,E10000017,6,0,6,60,0,-1,-1,0,0,0,1,1,1,0,0,2,1,E01024965,01-06-2018,1,1,3,2,22,5,3,5,1,0,0,-1,0,1
30733,74.58430649,26.46193213,4,3,2,2,2,13:20,73,E10000017,6,0,6,30,3,4,6,0,0,0,1,1,1,0,0,2,1,E01024973,06-06-2018,1,1,2,2,54,8,3,0,0,0,3,-1,11,1
30734,74.59343038,26.46542575,4,3,2,1,7,22:04,73,E10000017,4,5250,6,40,3,4,6,0,0,0,4,1,1,0,0,2,1,E01024923,11-06-2018,1,1,3,1,19,4,3,5,2,0,0,-1,0,1
30735,74.62135066,26.46161533,4,3,3,1,6,13:55,73,E10000017,1,6,3,70,0,-1,-1,0,0,0,1,1,1,0,0,2,1,E01024923,10-06-2018,1,1,1,1,83,11,3,0,0,0,0,-1,9,1
30736,74.58534255,26.45933539,4,3,3,3,1,12:00,73,E10000017,3,581,6,40,8,4,6,0,0,0,1,1,1,0,0,2,1,E01024975,12-06-2018,1,2,2,2,-1,-1,3,0,0,1,0,-1,9,1
30737,74.60723272,26.46459263,4,3,1,2,1,16:30,73,E10000017,6,0,6,60,0,-1,-1,0,0,0,1,2,2,0,0,2,1,E01024973,19-06-2018,1,1,1,2,18,4,3,0,0,0,0,-1,9,1
30738,74.61601813,26.46176976,4,3,2,3,5,10:45,73,E10000017,6,0,6,40,0,-1,-1,0,0,0,1,1,2,0,0,2,1,E01024924,16-06-2018,2,2,1,1,40,7,3,0,0,0,0,-1,9,1
30739,74.6165343,26.46017933,4,3,1,1,3,08:19,73,E10000017,4,5251,6,40,0,-1,-1,0,0,0,1,1,1,0,0,2,1,E01024943,12-07-2018,1,1,1,1,28,6,3,0,0,0,0,-1,9,1
30740,74.59903749,26.45880224,4,3,2,6,6,08:45,73,E10000017,6,0,6,40,0,-1,-1,0,0,0,1,2,2,6,0,2,1,E01024943,15-07-2018,2,1,1,2,-1,-1,3,0,0,0,0,-1,9,1
30741,74.59033607,26.46559255,4,2,2,1,1,14:14,73,E10000017,6,0,6,60,0,-1,-1,0,0,0,1,1,1,0,0,2,1,E01024973,10-07-2018,1,1,2,2,23,5,3,0,0,2,0,-1,8,1
30742,74.59599319,26.46092163,4,3,1,1,3,17:30,73,E10000017,6,0,6,30,0,-1,-1,0,0,0,1,1,1,0,0,2,1,E01024976,28-06-2018,2,1,2,2,35,6,3,0,0,1,0,-1,9,1
30743,74.60128844,26.45844384,4,3,2,2,4,17:10,73,E10000017,3,673,6,30,3,4,6,0,0,0,1,1,1,0,0,2,1,E01024915,29-06-2018,2,2,2,2,-1,-1,3,0,0,2,0,-1,9,-1
30744,74.60968238,26.46533545,4,2,3,3,1,18:30,73,E10000017,3,673,6,60,0,-1,-1,0,0,0,1,1,1,0,0,2,1,E01024918,10-07-2018,1,1,1,1,55,8,3,0,0,0,0,-1,9,1
30745,74.58798213,26.45969912,4,3,2,1,4,08:20,73,E10000017,4,5250,6,30,6,4,6,0,0,0,1,1,1,0,0,2,1,E01024963,20-07-2018,1,1,3,1,22,5,2,5,3,0,0,-1,0,-1
30746,74.59829942,26.46430089,4,2,2,1,3,19:50,73,E10000017,4,5250,6,30,0,-1,-1,0,0,0,1,1,1,0,0,2,1,E01024965,26-07-2018,1,1,2,1,20,4,3,0,0,1,0,-1,9,1
30747,74.61245342,26.45960786,4,1,2,3,1,13:38,73,E10000017,6,0,6,30,3,4,6,0,0,0,1,1,1,0,0,2,1,E01024939,24-07-2018,3,2,1,1,32,6,3,0,0,0,0,-1,9,-1
30748,74.59010992,26.46143528,4,3,2,2,7,14:10,73,E10000017,4,5250,6,30,0,-1,-1,0,0,0,1,1,1,0,0,2,1,E01024963,16-07-2018,1,1,2,2,50,8,3,0,0,0,3,-1,11,1
30749,74.60749059,26.46057929,4,3,1,1,5,11:45,73,E10000017,3,49,6,60,6,4,6,0,0,0,1,1,1,0,0,2,1,E01024923,14-07-2018,1,1,1,2,31,6,3,0,0,0,0,-1,9,1
30750,74.59065103,26.46381922,4,3,2,2,1,12:27,73,E10000017,4,5250,6,30,3,4,6,0,0,0,1,1,1,0,0,2,1,E01024963,17-07-2018,1,1,1,2,18,4,3,0,0,0,0,-1,9,1
30751,74.61561881,26.46082848,4,3,1,1,1,15:10,73,E10000017,6,0,6,40,0,-1,-1,0,0,0,1,1,1,0,0,2,1,E01024965,17-07-2018,1,1,1,1,21,5,3,0,0,0,0,-1,9,1
30752,74.59405584,26.4654412,4,2,2,4,3,20:41,73,E10000017,3,581,6,60,0,-1,-1,0,0,0,1,1,1,0,0,2,1,E01025513,19-07-2018,1,1,1,2,30,6,3,0,0,0,0,-1,9,1
30753,74.59897443,26.46367552,4,3,2,1,1,03:40,73,E10000017,1,6,3,70,0,-1,-1,0,0,0,4,1,1,0,0,2,1,E01024923,24-07-2018,1,1,1,2,29,6,3,0,0,0,0,-1,9,1
30754,74.60250658,26.46223947,4,3,2,1,6,09:16,73,E10000017,6,0,6,40,0,-1,-1,0,0,0,1,1,2,0,0,2,1,E01024975,05-08-2018,1,1,1,1,22,5,3,0,0,0,0,-1,9,1
30755,74.61102384,26.46270358,4,2,1,1,1,16:15,73,E10000017,6,0,6,60,0,-1,-1,0,0,0,1,1,1,0,0,2,1,E01024973,21-08-2018,1,1,3,1,29,6,3,5,2,0,0,-1,0,-1
30756,74.60133396,26.46209201,4,3,2,1,7,10:03,73,E10000017,4,5250,3,30,9,-1,6,0,0,0,1,1,1,0,0,2,1,E01024963,20-08-2018,1,1,2,2,82,11,2,0,0,0,1,-1,11,1
30757,74.59871653,26.46074258,4,3,3,2,4,23:40,73,E10000017,6,0,6,60,8,4,6,0,0,0,6,1,1,0,0,2,1,E01024977,03-08-2018,1,1,2,2,54,8,3,0,0,0,3,-1,11,1
30758,74.60961088,26.45947178,4,3,2,1,3,18:05,73,E10000017,3,581,6,60,3,4,4,5250,0,0,1,2,2,0,0,2,1,E01024965,23-08-2018,1,1,1,2,39,7,3,0,0,0,0,-1,9,1
30759,74.62018994,26.46073849,4,3,2,1,3,12:20,73,E10000017,3,6,6,30,0,-1,-1,0,0,0,1,1,1,0,0,2,1,E01024917,23-08-2018,2,2,1,2,42,7,3,0,0,0,0,-1,9,1
30760,74.61511919,26.4649059,4,3,2,1,7,07:25,73,E10000017,4,5250,6,30,3,4,6,0,0,0,1,1,1,0,0,2,1,E01024965,27-08-2018,1,1,3,1,9,2,3,1,1,0,0,-1,0,1
30761,74.58758514,26.4616793,4,3,1,1,6,09:42,73,E10000017,3,581,6,60,0,-1,-1,0,0,0,1,2,2,0,0,2,1,E01025513,09-09-2018,1,1,1,1,20,4,3,0,0,0,0,-1,9,1
30762,74.59767145,26.45862456,4,2,1,2,1,18:00,73,E10000017,3,6,6,40,8,4,6,0,0,0,1,1,1,0,0,2,1,E01024973,18-09-2018,2,2,1,1,24,5,3,0,0,0,0,-1,9,1
30763,74.58564912,26.4610138,4,2,2,2,7,16:08,73,E10000017,6,0,6,30,6,4,6,0,0,0,1,1,2,0,0,2,1,E01024917,01-10-2018,2,1,2,2,73,10,3,0,0,1,0,-1,9,1
30764,74.61228435,26.46386313,4,3,2,1,4,21:08,73,E10000017,4,5250,6,30,3,4,6,0,0,4,1,1,1,0,0,2,1,E01024966,05-10-2018,1,1,1,1,42,7,2,0,0,0,0,-1,1,1
30765,74.58431018,26.46014083,4,3,2,1,7,09:40,73,E10000017,6,0,6,60,0,-1,-1,0,0,0,1,1,1,0,0,2,1,E01024973,08-10-2018,1,1,1,1,30,6,3,0,0,0,0,-1,19,-1
30766,74.58607323,26.46241683,4,2,2,1,4,06:40,73,E10000017,6,0,6,60,0,-1,-1,0,0,0,6,1,2,0,0,2,1,E01024973,19-10-2018,1,1,3,2,44,7,3,5,2,0,0,-1,0,1
30767,74.5846385,26.45929966,4,3,1,1,4,19:49,73,E10000017,6,0,6,30,0,-1,-1,0,0,0,1,1,1,0,0,2,1,E01024963,12-10-2018,1,1,1,1,65,9,3,0,0,0,0,-1,9,-1
30768,74.59399541,26.46358548,4,3,1,1,5,00:40,73,E10000017,6,0,6,60,0,-1,-1,0,0,0,6,1,2,7,2,2,1,E01024973,13-10-2018,3,2,1,1,35,6,3,0,0,0,0,-1,9,1
30769,74.61559774,26.45993721,4,3,3,1,4,21:00,73,E10000017,3,6,6,60,0,-1,-1,0,0,0,4,1,2,0,0,2,1,E01024973,26-10-2018,3,3,2,1,22,5,3,0,0,1,0,-1,9,1
30770,74.5844731,26.46541831,4,3,2,4,5,20:30,73,E10000017,4,5250,6,40,3,4,6,0,0,0,4,1,2,0,0,2,1,E01024923,27-10-2018,2,1,1,1,15,3,3,0,0,0,0,-1,90,1
30771,74.5836033,26.46018066,4,3,2,1,7,14:10,73,E10000017,6,0,6,30,0,-1,-1,0,0,0,1,1,1,0,0,2,1,E01025420,29-10-2018,2,1,1,1,27,6,3,0,0,0,0,-1,4,1
30772,74.62187129,26.46545967,4,2,2,1,6,08:10,73,E10000017,3,49,6,40,3,4,6,0,0,0,1,2,2,0,0,2,1,E01024924,21-10-2018,1,1,1,1,18,4,3,0,0,0,0,-1,9,1
30773,74.60296633,26.46567958,4,3,2,1,4,16:00,73,E10000017,6,0,1,30,1,4,6,0,0,4,1,1,2,0,0,2,1,E01024917,02-11-2018,1,2,2,1,18,4,3,0,0,1,0,-1,9,-1
30774,74.58977385,26.45874692,4,3,3,1,1,14:00,73,E10000017,6,0,6,30,0,-1,-1,0,0,0,1,1,2,0,0,2,1,E01024924,06-11-2018,1,1,1,1,30,6,2,0,0,0,0,-1,5,-1
30775,74.58409375,26.46077235,4,3,1,1,1,10:05,73,E10000017,6,0,2,60,0,-1,-1,0,0,0,1,1,1,0,0,2,1,E01024973,13-11-2018,2,1,1,1,46,8,3,0,0,0,0,-1,9,1
30776,74.59449145,26.46203773,4,2,1,1,4,20:15,73,E10000017,4,5248,6,50,0,-1,-1,0,0,0,6,1,2,0,0,2,1,E01024974,23-11-2018,1,1,3,2,-1,-1,3,5,1,0,0,-1,0,-1
30777,74.59672062,26.46292011,4,2,1,2,4,20:15,73,E10000017,3,5106,6,60,8,4,6,0,0,0,1,1,2,0,0,2,1,E01024939,23-11-2018,1,1,1,2,30,6,3,0,0,0,0,-1,9,1
30778,74.59057357,26.46363548,4,3,3,2,4,11:30,73,E10000017,4,5250,6,30,3,4,6,0,0,0,1,1,1,0,0,2,1,E01024963,23-11-2018,2,2,1,2,29,6,3,0,0,0,0,-1,9,1
30779,74.59351294,26.4583645,4,3,2,2,3,07:00,73,E10000017,6,0,6,60,0,-1,-1,0,0,0,1,7,2,0,0,2,1,E01024973,06-09-2018,2,1,1,2,36,7,3,0,0,0,0,-1,1,1
30780,74.60797573,26.46438699,4,3,2,1,3,18:45,73,E10000017,3,581,6,30,3,4,6,0,0,0,4,9,2,0,0,2,1,E01024975,06-12-2018,1,1,2,1,21,5,3,0,0,1,0,-1,9,1
30781,74.60891566,26.46266239,4,3,2,1,5,20:40,73,E10000017,6,0,7,30,9,4,6,0,0,0,4,1,2,0,0,2,1,E01024961,15-12-2018,1,2,1,2,40,7,3,0,0,0,0,-1,9,1
30782,74.59602939,26.46060447,4,3,2,1,3,06:55,73,E10000017,6,0,6,30,0,-1,-1,0,0,0,4,1,1,0,0,2,1,E01024943,13-12-2018,1,1,3,1,25,5,3,5,1,0,0,-1,0,-1
30783,74.59095736,26.46198272,4,3,2,1,1,12:50,73,E10000017,4,5246,6,60,3,4,6,0,0,0,1,1,2,0,0,2,1,E01024964,18-12-2018,1,1,3,2,65,9,2,5,1,0,0,-1,0,1
30784,74.60569052,26.45947303,4,3,2,1,4,08:20,73,E10000017,3,49,6,30,3,4,6,0,0,0,1,2,2,0,0,2,1,E01024922,21-12-2018,1,1,1,2,45,7,3,0,0,0,0,-1,9,1
30785,74.60466096,26.46068614,4,3,1,1,3,08:20,73,E10000017,3,581,6,60,0,-1,-1,0,0,0,1,1,4,0,0,2,1,E01024974,27-12-2018,2,1,1,1,47,8,3,0,0,0,0,-1,5,-1
30786,74.60687398,26.46026244,4,3,2,2,4,16:51,73,E10000017,6,0,6,40,0,-1,-1,0,0,0,6,1,1,0,0,2,1,E01024964,14-12-2018,2,2,2,2,47,8,3,0,0,0,0,-1,5,3
30787,74.59430583,26.46337153,4,3,2,5,6,16:08,73,E10000017,6,0,6,60,0,-1,-1,0,0,0,6,2,2,0,0,2,1,E01024960,30-12-2018,1,1,1,1,20,4,3,0,0,0,0,-1,3,1
30788,74.61333159,26.46479086,4,3,2,1,2,09:10,73,E10000017,6,0,6,60,0,-1,-1,0,0,0,1,7,2,0,0,2,1,E01024974,21-11-2018,1,1,1,2,47,8,3,0,0,0,0,-1,9,1
30789,74.61673032,26.46171922,4,3,2,1,7,18:30,73,E10000017,6,0,6,30,3,4,6,0,0,0,1,1,1,0,0,2,1,E01024977,28-05-2018,1,1,3,1,23,5,3,1,1,0,0,-1,0,1
30790,74.6084287,26.45959216,4,3,2,1,1,12:30,73,E10000017,6,0,9,20,0,-1,-1,0,0,0,1,1,1,0,0,2,1,E01024977,15-05-2018,1,1,1,1,26,6,2,0,0,0,0,-1,19,1
30791,74.61281761,26.46099753,4,2,3,2,1,13:47,73,E10000017,3,6061,6,50,3,4,3,675,0,0,1,1,1,0,0,2,1,E01024921,15-05-2018,1,1,2,2,77,11,3,0,0,0,1,-1,11,1
30792,74.58802062,26.46136148,4,3,2,2,3,19:35,73,E10000017,6,0,6,60,0,-1,-1,0,0,0,1,1,1,0,0,2,1,E01024977,17-05-2018,1,1,1,1,37,7,3,0,0,0,0,-1,9,1
30793,74.61355427,26.46515209,4,3,2,1,4,16:30,73,E10000017,6,0,6,30,3,4,6,0,0,0,1,1,1,0,0,1,1,E01024950,08-06-2018,1,1,1,1,21,5,3,0,0,0,0,-1,9,1
30794,74.60339726,26.46177882,4,3,1,2,2,15:18,73,E10000017,1,61,3,70,0,-1,-1,0,0,0,1,1,1,0,0,2,1,E01024949,27-06-2018,1,1,3,1,6,2,2,5,1,0,0,-1,0,1
30795,74.60262267,26.46567764,4,2,2,1,3,19:15,73,E10000017,3,674,1,30,1,4,1,65,0,0,1,1,1,0,0,2,1,E01024921,31-05-2018,1,1,1,1,58,9,3,0,0,0,0,-1,4,1
30796,74.62125429,26.4619433,4,3,2,2,7,11:48,73,E10000017,6,0,6,30,0,-1,-1,0,0,0,1,2,2,5,0,2,1,E01024979,04-06-2018,1,1,1,1,77,11,2,0,0,0,0,-1,9,-1
30797,74.60835668,26.46265663,4,3,2,1,2,17:58,73,E10000017,3,6,1,40,0,-1,-1,0,0,0,1,1,1,0,0,1,1,E01024955,06-06-2018,1,1,1,1,25,5,3,0,0,0,0,-1,1,1
30798,74.60119196,26.45989222,4,2,2,8,7,17:55,73,E10000017,3,675,6,30,1,4,1,65,0,0,1,1,1,0,0,2,1,E01024921,18-06-2018,1,1,1,1,44,7,3,0,0,0,0,-1,9,1
30799,74.60220136,26.46202124,4,3,2,1,6,17:00,73,E10000017,6,0,6,60,3,4,6,0,0,0,1,1,1,0,0,2,1,E01024957,17-06-2018,1,1,2,2,82,11,3,0,0,0,3,-1,11,-1
30800,74.61411191,26.46393422,4,2,2,1,7,15:30,73,E10000017,3,675,6,60,3,4,6,0,0,0,1,1,1,0,0,2,1,E01024921,09-07-2018,2,1,1,1,-1,-1,3,0,0,0,0,-1,9,1
30801,74.60007023,26.46165377,4,3,2,1,6,12:00,73,E10000017,3,675,6,60,8,4,6,0,0,0,1,1,1,0,0,2,1,E01024921,24-06-2018,2,1,1,1,-1,-1,3,0,0,0,0,-1,1,-1
30802,74.5994495,26.45904366,4,3,2,1,7,16:45,73,E10000017,6,0,6,40,9,4,6,0,0,0,1,1,1,0,0,1,1,E01024946,25-06-2018,1,1,1,1,48,8,3,0,0,0,0,-1,9,1
30803,74.58373637,26.46040874,4,2,1,2,3,23:50,73,E10000017,3,6,6,40,0,-1,-1,0,0,4,4,1,1,0,0,2,1,E01024952,12-07-2018,2,2,2,2,17,4,3,0,0,1,0,-1,9,1
30804,74.62078335,26.46048029,4,3,3,1,3,10:50,73,E10000017,6,0,6,60,0,-1,-1,0,0,0,1,1,1,0,0,2,1,E01024977,12-07-2018,1,1,1,2,34,6,3,0,0,0,0,-1,1,1
30805,74.62142632,26.46553737,4,3,1,1,7,18:30,73,E10000017,3,6,6,40,0,-1,-1,0,0,1,1,1,1,0,2,1,1,E01024949,09-07-2018,2,1,1,1,18,4,3,0,0,0,0,-1,3,1
30806,74.60950859,26.46263143,4,1,3,2,1,07:40,73,E10000017,3,675,6,60,3,4,6,0,0,0,1,1,1,0,0,2,1,E01024980,24-07-2018,1,1,3,1,3,1,3,9,6,0,0,-1,0,1
30807,74.61322031,26.46468553,4,3,2,1,4,18:05,73,E10000017,3,675,6,60,8,4,6,0,0,0,1,1,1,0,0,2,1,E01024921,13-07-2018,2,1,1,1,17,4,3,0,0,0,0,-1,3,1
30808,74.60298806,26.4587802,4,3,2,1,6,15:45,73,E10000017,1,61,3,70,1,4,1,61,0,0,1,1,1,0,0,2,1,E01024953,15-07-2018,2,2,2,1,-1,-1,2,0,0,0,0,-1,3,-1
30809,74.61554472,26.46350917,4,3,2,2,3,15:10,73,E10000017,6,0,6,30,3,4,6,0,0,0,1,1,1,0,0,1,1,E01024950,19-07-2018,1,1,3,1,40,7,3,5,3,0,0,-1,0,1
30810,74.60406085,26.46254152,4,2,1,1,5,18:45,73,E10000017,6,0,6,30,0,-1,-1,0,0,0,1,1,1,0,0,1,1,E01024954,04-08-2018,1,2,3,2,39,7,3,5,3,0,0,-1,0,1
30811,74.61599948,26.45957952,4,3,3,2,1,11:42,73,E10000017,1,61,3,70,0,-1,-1,0,0,0,1,1,1,0,2,2,1,E01024921,07-08-2018,1,1,1,2,54,8,3,0,0,0,0,-1,9,1
30812,74.61044455,26.46182285,4,3,3,2,5,18:35,73,E10000017,3,6,6,40,3,4,4,5248,0,0,1,1,1,0,0,1,1,E01024950,07-07-2018,1,2,2,2,24,5,3,0,0,2,0,-1,9,1
30813,74.5873253,26.46368553,4,3,2,2,1,14:30,73,E10000017,3,674,6,40,8,4,6,0,0,0,1,1,1,0,0,2,1,E01024921,21-08-2018,1,1,1,1,21,5,3,0,0,0,0,-1,9,1
30814,74.59475467,26.46097477,4,2,1,1,1,16:00,73,E10000017,3,674,6,60,0,-1,-1,0,0,0,1,1,1,0,0,2,1,E01024979,04-09-2018,1,1,1,1,17,4,3,0,0,0,0,-1,9,1
30815,74.62186388,26.46118509,4,3,2,4,4,23:30,73,E10000017,3,6,6,40,0,-1,-1,0,0,0,1,1,2,0,0,1,1,E01024947,31-08-2018,1,2,2,2,17,4,3,0,0,1,0,-1,9,1
30816,74.59153753,26.46384876,4,3,2,4,6,16:31,73,E10000017,6,0,6,30,0,-1,-1,0,0,0,1,1,1,0,0,1,1,E01024949,02-09-2018,1,1,1,1,45,7,3,0,0,0,0,-1,5,1
30817,74.60673689,26.46211248,4,2,3,4,3,08:59,73,E10000017,3,674,3,50,7,4,4,6228,0,0,1,1,1,0,0,2,1,E01024977,27-09-2018,1,1,1,1,45,7,3,0,0,0,0,-1,5,1
30818,74.6181012,26.46102118,4,2,2,1,7,07:20,73,E10000017,4,5256,6,30,8,4,6,0,0,0,1,1,1,0,0,1,1,E01024952,17-09-2018,1,1,1,1,21,5,3,0,0,0,0,-1,9,-1
30819,74.59001007,26.46288122,4,2,2,1,3,17:45,73,E10000017,3,675,6,60,0,-1,-1,0,0,0,1,1,1,0,0,2,1,E01024978,27-09-2018,2,1,1,1,12,3,3,0,0,0,0,-1,1,1
30820,74.58968357,26.4586677,4,3,2,3,4,09:00,73,E10000017,6,0,6,40,3,4,6,0,0,8,1,1,2,0,0,1,1,E01024948,19-10-2018,1,1,1,1,40,7,3,0,0,0,0,-1,9,-1
30821,74.60900669,26.46509516,4,3,3,2,2,17:00,73,E10000017,3,674,6,60,0,-1,-1,0,0,0,5,2,2,0,7,2,1,E01024921,31-10-2018,1,1,1,1,30,6,3,0,0,0,0,-1,3,1
30822,74.59224264,26.45977045,4,3,2,2,7,07:05,73,E10000017,3,674,3,50,3,4,4,6228,0,0,4,1,2,0,0,2,1,E01024977,29-10-2018,1,1,2,2,16,4,3,0,0,0,4,-1,11,-1
30823,74.62189853,26.46431863,4,3,1,1,2,18:10,73,E10000017,3,6,6,40,2,4,6,0,0,0,4,2,2,0,0,1,1,E01024952,31-10-2018,1,2,2,2,69,10,2,0,0,0,4,-1,11,1
30824,74.60843879,26.46321269,4,3,2,2,4,09:30,73,E10000017,3,675,6,60,1,4,1,65,0,0,1,2,2,0,0,2,1,E01024921,09-11-2018,1,1,1,1,21,5,3,0,0,0,0,-1,9,1
30825,74.58970365,26.46044497,4,3,2,1,6,16:20,73,E10000017,6,0,6,60,3,4,6,0,0,0,6,2,2,0,0,2,1,E01024977,11-11-2018,2,1,1,1,29,6,3,0,0,0,0,-1,5,1
30826,74.61569736,26.45925824,4,3,2,1,6,17:18,73,E10000017,3,674,3,50,7,4,4,8228,0,0,4,1,2,0,0,2,1,E01024977,18-11-2018,1,1,1,1,48,8,3,0,0,0,0,-1,9,-1
30827,74.612384,26.46019109,4,3,4,1,7,17:30,73,E10000017,3,675,6,60,8,4,6,0,0,0,6,8,4,0,0,2,1,E01024921,19-11-2018,1,1,1,1,-1,-1,3,0,0,0,0,-1,2,1
30828,74.61719615,26.45855397,4,2,1,1,7,10:40,73,E10000017,6,0,6,60,0,-1,-1,0,0,0,1,1,1,0,0,2,1,E01024979,19-11-2018,2,1,1,2,22,5,3,0,0,0,0,-1,5,1
30829,74.60704626,26.46419699,4,3,1,1,7,17:00,73,E10000017,6,0,6,30,3,4,6,0,0,0,1,1,4,0,0,1,1,E01024948,19-11-2018,1,1,3,2,76,11,3,1,3,0,0,-1,0,1
30830,74.58545529,26.45996025,4,3,3,5,2,09:25,73,E10000017,3,675,6,60,0,-1,-1,0,0,0,1,8,2,0,0,2,1,E01024921,21-11-2018,1,1,1,1,40,7,3,0,0,0,0,-1,9,1
30831,74.59418502,26.46244836,4,3,2,2,6,08:38,73,E10000017,3,49,6,40,0,-1,-1,0,0,0,1,1,4,7,0,1,1,E01024958,25-11-2018,2,2,1,2,51,8,3,0,0,0,0,-1,9,1
30832,74.61230292,26.45851074,4,2,1,1,7,02:55,73,E10000017,3,6,6,40,0,-1,-1,0,0,0,4,1,2,0,0,1,1,E01024948,26-11-2018,2,1,1,1,19,4,3,0,0,0,0,-1,9,1
30833,74.59540697,26.46109579,4,1,2,3,4,13:45,73,E10000017,3,674,6,50,0,-1,-1,0,0,0,1,1,2,0,0,2,1,E01024932,07-12-2018,2,2,2,2,-1,-1,2,0,0,1,0,-1,9,-1
30834,74.61587917,26.46512516,4,3,2,2,6,10:57,73,E10000017,3,674,6,60,3,4,6,0,0,0,1,1,2,0,0,2,1,E01024921,02-12-2018,2,3,2,2,-1,-1,3,0,0,2,0,-1,9,1
30835,74.60336062,26.46528444,4,3,1,1,1,15:06,73,E10000017,6,0,6,60,0,-1,-1,0,0,0,1,1,1,0,0,2,1,E01024921,13-11-2018,1,1,1,1,25,5,2,0,0,0,0,-1,9,1
30836,74.5980567,26.46118212,4,3,2,1,4,17:35,73,E10000017,3,675,6,60,0,-1,-1,0,0,0,6,1,2,7,0,2,1,E01024921,07-12-2018,1,2,2,2,19,4,3,0,0,1,0,-1,9,1
30837,74.58868506,26.4584887,4,1,2,1,6,07:40,73,E10000017,3,6,6,40,3,4,4,5248,0,0,4,1,2,0,0,2,1,E01024949,16-12-2018,1,2,1,2,67,10,3,0,0,0,0,-1,9,1