Accident_Index,longitude,latitude,Police_Force,Accident_Severity,Number_of_Vehicles,Number_of_Casualties,Day_of_Week,Time,Local_Authority_(District),Local_Authority_(Highway),1st_Road_Class,1st_Road_Number,Road_Type,Speed_limit,Junction_Detail,Junction_Control,2nd_Road_Class,2nd_Road_Number,Pedestrian_Crossing-Human_Control,Pedestrian_Crossing-Physical_Facilities,Light_Conditions,Weather_Conditions,Road_Surface_Conditions,Special_Conditions_at_Site,Carriageway_Hazards,Urban_or_Rural_Area,Did_Police_Officer_Attend_Scene_of_Accident,LSOA_of_Accident_Location,Date,Vehicle_Reference,Casualty_Reference,Casualty_Class,Sex_of_Casualty,Age_of_Casualty,Age_Band_of_Casualty,Casualty_Severity,Pedestrian_Location,Pedestrian_Movement,Car_Passenger,Bus_or_Coach_Passenger,Pedestrian_Road_Maintenance_Worker,Casualty_Type,Casualty_Home_Area_Type
31080,74.61209374,26.46241932,4,3,2,1,6,08:30,84,E10000017,6,0,6,40,6,2,6,0,0,4,1,2,2,0,0,1,1,E01025518,04-11-2018,1,1,1,2,-1,-1,3,0,0,0,0,-1,9,1
31081,74.58442487,26.45848961,4,3,2,1,2,12:50,84,E10000017,3,59,3,70,3,4,6,0,0,0,1,7,2,0,0,2,1,E01025472,21-11-2018,1,1,1,1,22,5,3,0,0,0,0,-1,9,1
31082,74.59393675,26.4591237,4,2,1,1,2,18:00,84,E10000017,6,0,6,30,0,-1,-1,0,0,0,4,2,2,0,0,1,1,E01025518,05-12-2018,1,1,3,2,53,8,3,5,1,0,0,-1,0,1
31083,74.59633945,26.46550132,4,3,2,2,3,14:30,84,E10000017,3,570,6,30,0,-1,-1,0,0,0,1,1,1,0,0,1,1,E01025490,06-12-2018,1,1,2,2,-1,-1,2,0,0,1,0,-1,9,1
31084,74.60488582,26.46359624,4,2,1,1,5,08:10,84,E10000017,6,0,6,60,0,-1,-1,0,0,0,1,1,2,0,0,1,1,E01025491,08-12-2018,1,2,1,1,32,6,2,0,0,0,0,-1,9,1
31085,74.60932273,26.4655926,4,3,2,1,6,18:00,84,E10000017,6,0,6,60,0,-1,-1,0,0,0,6,1,1,7,0,2,1,E01025506,09-12-2018,2,1,1,1,16,4,3,0,0,0,0,-1,2,-1
31086,74.61075657,26.46291195,4,3,3,2,1,13:05,84,E10000017,3,59,6,30,6,2,3,570,0,5,1,1,1,0,0,1,1,E01025500,11-12-2018,1,1,1,1,55,8,3,0,0,0,0,-1,9,-1
31087,74.60013634,26.46177406,4,3,2,3,2,18:13,84,E10000017,3,570,6,40,3,4,6,0,0,0,4,1,2,0,0,2,1,E01025514,12-12-2018,1,2,2,1,49,8,3,0,0,1,0,-1,9,-1
31088,74.59690854,26.45952605,4,2,2,1,3,16:13,84,E10000017,3,5147,6,40,3,4,6,0,0,0,4,1,1,0,0,2,1,E01025495,13-12-2018,2,3,1,1,27,6,3,0,0,0,0,-1,9,-1
31089,74.6022062,26.45926704,4,3,2,2,2,18:10,84,E10000017,3,59,6,40,0,-1,-1,0,0,0,4,1,1,0,0,1,1,E01025500,31-10-2018,2,4,2,1,20,4,3,0,0,1,0,-1,9,1
31090,74.61752962,26.46227208,4,3,2,1,5,12:40,84,E10000017,3,577,6,40,3,4,4,5240,0,0,1,1,1,0,0,2,1,E01025491,24-11-2018,1,1,1,1,53,8,3,0,0,0,0,-1,9,1
31091,74.62183183,26.46009726,4,2,1,2,2,17:45,84,E10000017,3,59,6,40,0,-1,-1,0,0,0,4,1,2,0,0,1,1,E01025516,19-12-2018,2,2,1,1,40,7,3,0,0,0,0,-1,9,-1
31092,74.61816261,26.46446973,4,3,2,5,5,16:00,84,E10000017,3,570,6,40,3,2,6,0,0,5,1,1,1,0,0,1,1,E01025491,22-12-2018,3,3,1,1,35,6,3,0,0,0,0,-1,21,1
31093,74.59245314,26.46418775,4,3,2,1,5,08:05,84,E10000017,4,5319,6,30,3,4,6,0,0,0,1,1,2,0,0,1,1,E01025518,22-12-2018,1,1,1,2,55,8,3,0,0,0,0,-1,3,1
31094,74.61004659,26.46067195,4,3,2,1,7,14:00,84,E10000017,6,0,6,30,0,-1,-1,0,0,1,1,1,2,0,0,1,1,E01025500,24-12-2018,2,1,1,1,-1,-1,3,0,0,0,0,-1,9,2
31095,74.62195156,26.46538065,4,3,3,2,7,19:58,84,E10000017,3,570,6,30,6,2,6,0,0,0,4,7,2,0,0,1,1,E01025488,24-12-2018,1,1,1,2,18,4,3,0,0,0,0,-1,9,1
31096,74.61252401,26.46508244,4,3,1,1,3,21:20,84,E10000017,3,59,6,40,6,2,3,570,0,5,4,1,1,0,0,1,1,E01025500,27-12-2018,1,1,2,2,82,11,3,0,0,0,3,-1,11,1
31097,74.60294901,26.46102643,4,3,2,2,7,08:40,84,E10000017,4,5197,6,60,6,4,6,0,0,0,1,2,2,0,0,2,1,E01025472,31-12-2018,1,1,1,1,34,6,3,0,0,0,0,-1,1,-1
31098,74.58673574,26.46543804,4,3,2,1,4,12:20,84,E10000017,6,0,6,30,0,-1,-1,0,0,0,1,1,1,0,0,2,1,E01025495,23-11-2018,1,1,3,1,14,3,3,5,1,0,0,-1,0,1
31099,74.58622068,26.46381808,4,3,2,1,6,18:45,83,E10000017,6,0,6,30,0,-1,-1,0,0,0,1,1,1,0,0,1,1,E01025417,06-05-2018,1,1,1,2,37,7,3,0,0,0,0,-1,9,-1
31100,74.58558478,26.46443149,4,3,2,1,3,10:36,83,E10000017,6,0,6,30,8,4,6,0,0,0,1,1,1,0,0,1,1,E01025434,10-05-2018,1,2,3,1,78,11,3,5,3,0,0,-1,0,-1
31101,74.591941,26.461989,4,2,1,2,1,00:40,83,E10000017,1,6,3,70,0,-1,-1,0,0,0,4,1,1,4,0,2,1,E01025538,15-05-2018,2,1,1,1,52,8,3,0,0,0,0,-1,9,1
31102,74.58558512,26.46342487,4,2,2,3,4,13:54,83,E10000017,3,582,1,60,1,4,4,5250,0,0,1,2,2,0,0,2,1,E01025420,01-06-2018,1,1,3,1,17,4,3,5,1,0,0,-1,0,-1
31103,74.59085576,26.46073089,4,3,2,2,7,19:45,83,E10000017,1,65,1,70,1,4,1,61,0,0,1,1,1,0,0,2,1,E01025400,14-05-2018,1,1,1,1,19,4,3,0,0,0,0,-1,9,1
31104,74.61440352,26.46489446,4,3,2,1,7,19:09,83,E10000017,4,5248,6,30,0,-1,-1,0,0,0,1,1,1,0,0,1,1,E01025418,14-05-2018,1,1,1,1,53,8,3,0,0,0,0,-1,3,1
31105,74.6026134,26.46050778,4,3,1,1,5,09:01,83,E10000017,6,0,6,30,3,4,6,0,0,0,1,1,1,0,0,1,1,E01025451,19-05-2018,1,1,1,1,48,8,3,0,0,0,0,-1,19,1
31106,74.59115625,26.46517615,4,3,2,1,7,11:03,83,E10000017,4,5254,6,30,0,-1,-1,0,0,1,1,1,1,0,0,1,1,E01025430,14-05-2018,2,2,1,1,24,5,3,0,0,0,0,-1,19,1
31107,74.60900797,26.46299119,4,3,3,1,3,18:34,83,E10000017,3,49,6,30,5,4,6,0,0,0,1,1,1,4,1,1,1,E01024958,17-05-2018,2,3,2,1,22,5,3,0,0,0,0,-1,19,-1
31108,74.59974514,26.46265826,4,3,2,1,1,21:19,83,E10000017,4,5253,6,60,6,2,6,0,0,8,4,2,2,0,0,2,1,E01025459,22-05-2018,2,4,2,1,19,4,3,0,0,0,0,-1,19,1
31109,74.60635761,26.46209303,4,3,2,1,6,14:00,83,E10000017,3,582,7,60,7,4,3,5083,0,8,1,1,1,0,0,2,1,E01025417,27-05-2018,1,1,2,2,4,1,3,0,0,2,0,-1,9,1
31110,74.59992624,26.46146975,4,2,2,1,7,11:40,83,E10000017,6,0,6,60,0,-1,-1,0,0,0,1,1,1,0,0,2,1,E01025452,18-06-2018,1,1,2,1,9,2,3,0,0,2,0,-1,9,1
31111,74.60506104,26.45840624,4,2,2,1,7,01:21,83,E10000017,4,5248,6,30,3,4,6,0,0,0,4,1,1,0,0,2,1,E01024921,28-05-2018,1,1,1,1,26,6,3,0,0,0,0,-1,3,1
31112,74.58849872,26.46217713,4,3,2,5,2,18:33,83,E10000017,6,0,2,30,6,4,6,0,0,0,1,1,1,0,0,1,1,E01025460,30-05-2018,1,2,3,1,16,4,3,1,9,0,0,-1,0,1
31113,74.58983006,26.46458038,4,3,2,1,2,11:25,83,E10000017,6,0,6,30,3,4,6,0,0,0,1,1,1,4,0,1,1,E01025431,27-06-2018,1,3,2,2,20,4,3,0,0,0,0,-1,3,1
31114,74.58707245,26.46381001,4,3,2,1,2,11:50,83,E10000017,4,5248,6,30,2,4,6,0,0,1,1,1,1,0,0,1,1,E01025434,20-06-2018,1,1,3,2,26,6,3,5,1,0,0,-1,0,1
31115,74.59259866,26.46086062,4,3,1,1,6,16:30,83,E10000017,6,0,9,30,9,4,6,0,0,1,1,1,1,0,0,1,1,E01025435,24-06-2018,3,1,1,2,41,7,3,0,0,0,0,-1,9,1
31116,74.59531083,26.45976038,4,2,2,1,7,20:00,83,E10000017,6,0,6,30,0,-1,-1,0,0,0,1,1,1,0,0,2,1,E01025417,09-07-2018,1,1,1,1,17,4,3,0,0,0,0,-1,3,1
31117,74.59167047,26.46452938,4,3,2,1,6,18:15,83,E10000017,3,582,6,60,1,4,4,5254,0,0,1,1,1,0,2,2,1,E01025417,24-06-2018,2,1,1,1,31,6,3,0,0,0,0,-1,9,1
31118,74.59380198,26.45843196,4,3,2,1,7,12:15,83,E10000017,6,0,6,30,3,2,6,0,0,4,1,1,1,0,0,1,1,E01025435,25-06-2018,1,1,1,1,44,7,3,0,0,0,0,-1,9,1
31119,74.60310032,26.45957135,4,3,2,1,2,16:15,83,E10000017,6,0,9,30,0,-1,-1,0,0,0,1,1,1,0,0,1,1,E01025446,27-06-2018,1,1,2,1,22,5,3,0,0,2,0,-1,8,1
31120,74.58461712,26.4593367,4,3,2,1,3,19:45,83,E10000017,4,5253,6,60,6,2,4,5248,0,0,1,1,1,0,0,2,1,E01025459,28-06-2018,1,1,3,1,94,11,3,9,9,0,0,-1,0,1
31121,74.61449842,26.46456296,4,3,2,1,5,09:20,83,E10000017,4,5256,6,60,5,4,1,6,0,0,1,1,1,4,0,2,1,E01025432,30-06-2018,2,1,2,2,-1,-1,3,0,0,1,0,-1,9,-1
31122,74.61820051,26.46336448,4,3,2,1,2,17:30,83,E10000017,6,0,6,30,0,-1,-1,0,0,0,1,1,1,0,0,1,1,E01025422,20-06-2018,1,1,2,1,-1,-1,3,0,0,0,4,-1,11,-1
31123,74.61507714,26.45867674,4,3,3,1,3,17:28,83,E10000017,4,5254,6,60,0,-1,-1,0,0,0,1,2,2,6,0,2,1,E01025417,05-07-2018,1,1,1,2,-1,-1,3,0,0,0,0,-1,11,1
31124,74.59999455,26.46364717,4,3,1,2,4,15:45,83,E10000017,6,0,6,30,0,-1,-1,0,0,0,1,1,2,0,0,1,1,E01025430,06-07-2018,2,1,1,1,28,6,3,0,0,0,0,-1,5,3
31125,74.58479339,26.45847431,4,3,1,2,7,18:46,83,E10000017,6,0,6,30,0,-1,-1,0,0,0,1,2,2,0,0,1,1,E01025447,21-05-2018,1,1,3,2,40,7,3,5,1,0,0,-1,0,1
31126,74.61255245,26.46020343,4,3,2,1,3,17:25,83,E10000017,6,0,6,30,3,4,6,0,0,0,1,1,1,0,2,1,1,E01025459,12-07-2018,1,1,3,2,18,4,3,5,1,0,0,-1,0,-1
31127,74.59790651,26.45881377,4,3,2,1,6,16:05,83,E10000017,3,582,3,70,1,4,6,0,0,0,1,1,1,0,0,1,1,E01025405,15-07-2018,2,1,1,1,16,4,2,0,0,0,0,-1,3,-1
31128,74.60871166,26.4605368,4,3,2,2,1,17:04,83,E10000017,4,5248,6,30,9,4,6,0,0,0,1,1,1,0,0,1,1,E01025451,10-07-2018,2,1,1,2,48,8,3,0,0,0,0,-1,1,-1
31129,74.58954703,26.46061502,4,3,1,1,7,17:30,83,E10000017,1,6,3,70,0,-1,-1,0,0,0,1,2,2,0,0,2,1,E01024957,30-07-2018,1,1,1,1,27,6,3,0,0,0,0,-1,5,1
31130,74.58592278,26.46072065,4,3,1,1,3,07:55,83,E10000017,6,0,6,30,0,-1,-1,0,0,0,1,1,1,0,0,1,1,E01025420,02-08-2018,1,1,1,2,44,7,3,0,0,0,0,-1,1,1
31131,74.61323723,26.46184889,4,3,3,2,3,18:05,83,E10000017,4,5233,6,30,0,-1,-1,0,0,0,1,1,1,0,0,1,1,E01025445,09-08-2018,1,1,1,1,40,7,2,0,0,0,0,-1,9,1
31132,74.61100441,26.46479702,4,3,2,1,5,23:00,83,E10000017,6,0,6,30,3,4,6,0,2,0,4,1,1,1,0,2,1,E01025432,09-06-2018,1,1,1,1,51,8,3,0,0,0,0,-1,9,1
31133,74.59136702,26.46541171,4,3,2,1,7,14:17,83,E10000017,4,5253,6,30,9,4,6,0,0,0,1,2,2,0,0,1,1,E01025459,13-08-2018,1,1,3,1,-1,-1,3,4,1,0,0,-1,0,-1
31134,74.61237461,26.46146057,4,3,2,1,4,12:30,83,E10000017,4,5253,6,60,9,4,6,0,0,0,1,1,1,0,0,2,1,E01024965,17-08-2018,1,1,3,2,11,3,3,4,1,0,0,-1,0,1
31135,74.60257953,26.46159323,4,3,2,2,4,07:30,83,E10000017,6,0,6,30,6,2,4,5256,0,0,1,9,2,0,0,1,1,E01025421,24-08-2018,1,1,1,2,50,8,3,0,0,0,0,-1,9,1
31136,74.61286882,26.4586242,4,3,2,1,6,19:45,83,E10000017,6,0,6,30,0,-1,-1,0,0,0,1,1,1,0,0,1,1,E01025459,26-08-2018,2,1,1,1,6,2,3,0,0,0,0,-1,1,1
31137,74.60637642,26.46422051,4,3,1,3,5,10:03,83,E10000017,4,5253,1,30,1,4,6,0,0,0,1,1,1,0,0,2,1,E01025415,01-09-2018,1,1,2,2,79,11,3,0,0,0,3,-1,11,1
31138,74.58972429,26.4594139,4,2,1,1,6,21:50,83,E10000017,3,5083,3,70,0,-1,-1,0,0,0,4,1,2,0,0,1,1,E01025434,02-09-2018,2,1,1,1,28,6,3,0,0,0,0,-1,9,1
31139,74.6056055,26.46544396,4,3,2,2,4,07:20,83,E10000017,4,5248,6,30,9,4,6,0,0,0,1,1,2,0,0,1,1,E01025452,14-09-2018,1,1,1,2,42,7,3,0,0,0,0,-1,9,1
31140,74.61322465,26.46455485,4,3,2,2,2,14:05,83,E10000017,3,49,6,50,9,4,4,5256,0,0,1,1,1,0,0,2,1,E01025432,19-09-2018,1,2,2,1,18,4,3,0,0,1,0,-1,9,1
31141,74.58725768,26.4588279,4,3,1,1,4,20:45,83,E10000017,6,0,6,30,0,-1,-1,0,0,0,1,1,1,0,0,1,1,E01025423,07-09-2018,2,1,1,1,45,7,3,0,0,0,0,-1,1,1
31142,74.60843334,26.4600297,4,3,2,1,1,19:00,83,E10000017,6,0,2,20,9,4,6,0,0,0,4,1,1,0,0,1,1,E01025431,25-09-2018,1,1,3,2,14,3,3,5,1,0,0,-1,0,1
31143,74.60522279,26.46205893,4,2,3,2,1,23:05,83,E10000017,3,5083,6,30,0,-1,-1,0,0,0,4,1,2,0,0,2,1,E01025417,25-09-2018,1,1,1,2,40,7,3,0,0,0,0,-1,9,1
31144,74.60139173,26.46318261,4,2,2,3,5,13:03,83,E10000017,3,49,6,50,6,2,4,5248,0,5,1,1,1,0,0,2,1,E01025432,29-09-2018,1,1,3,2,47,8,3,5,1,0,0,-1,0,1
31145,74.60835887,26.46096548,4,3,2,2,6,18:33,83,E10000017,4,5254,6,30,3,4,6,0,0,0,1,2,2,0,0,1,1,E01025418,30-09-2018,1,1,3,1,22,5,3,5,1,0,0,-1,0,-1
31146,74.61616165,26.463695,4,3,1,1,5,09:00,83,E10000017,6,0,6,30,0,-1,-1,0,0,0,1,1,1,0,0,1,1,E01025422,22-09-2018,1,1,3,2,66,10,3,6,9,0,0,-1,0,1
31147,74.61643662,26.46121333,4,3,2,1,3,08:35,83,E10000017,6,0,6,30,9,1,6,0,1,0,1,1,1,0,0,1,1,E01025422,11-10-2018,1,1,1,2,34,6,3,0,0,0,0,-1,9,1
31148,74.61976576,26.46143845,4,3,2,2,4,18:12,83,E10000017,4,5254,6,30,0,-1,-1,0,0,0,4,2,2,0,0,1,1,E01025417,12-10-2018,2,2,1,2,39,7,3,0,0,0,0,-1,9,1
31149,74.61015512,26.46548353,4,3,1,1,6,19:15,83,E10000017,4,5253,6,30,0,-1,-1,0,0,0,4,1,1,0,0,1,1,E01025459,14-10-2018,2,1,1,1,24,5,3,0,0,0,0,-1,1,-1
31150,74.61950902,26.46507997,4,3,2,3,6,18:45,83,E10000017,6,0,6,30,3,3,6,0,0,0,1,1,1,0,0,1,1,E01025460,23-09-2018,1,1,3,2,14,3,3,4,1,0,0,-1,0,1
31151,74.59032354,26.46262037,4,3,2,1,5,16:45,83,E10000017,4,5254,6,30,3,3,3,5083,0,0,1,1,1,0,0,2,1,E01025417,06-10-2018,1,1,1,1,75,10,3,0,0,0,0,-1,9,1
31152,74.59632474,26.46149239,4,3,2,1,2,09:50,83,E10000017,6,0,6,30,6,4,6,0,0,0,1,1,1,0,0,1,1,E01025430,10-10-2018,1,1,1,1,38,7,3,0,0,0,0,-1,9,1
31153,74.6149631,26.45877992,4,2,3,2,3,14:35,83,E10000017,6,0,6,30,8,4,6,0,0,0,1,1,1,0,0,1,1,E01025415,25-10-2018,1,1,1,1,35,6,2,0,0,0,0,-1,3,1
31154,74.6192243,26.46003631,4,2,3,3,6,15:00,83,E10000017,6,0,6,60,0,-1,-1,0,0,0,1,1,2,0,0,2,1,E01024975,21-10-2018,1,1,1,2,29,6,3,0,0,0,0,-1,9,1
31155,74.59723415,26.463653,4,3,2,1,7,14:00,83,E10000017,3,582,1,60,1,4,6,0,0,0,1,1,1,0,0,2,1,E01025420,29-10-2018,1,1,1,1,18,4,3,0,0,0,0,-1,3,-1
31156,74.59059223,26.46374976,4,3,2,1,3,13:00,83,E10000017,6,0,6,30,3,2,6,0,0,0,1,1,1,0,0,1,1,E01025422,20-09-2018,1,1,3,1,59,9,3,6,9,0,0,-1,0,1
31157,74.61146336,26.46116466,4,3,2,2,6,12:46,83,E10000017,4,5253,1,60,1,4,5,250,0,0,1,8,2,0,0,2,1,E01025415,21-10-2018,2,1,2,2,4,1,3,0,0,2,0,-1,9,1
31158,74.60522755,26.46509661,4,3,2,1,2,08:36,83,E10000017,4,5256,7,30,0,-1,-1,0,0,0,1,1,1,0,0,2,1,E01025433,31-10-2018,1,1,3,1,13,3,3,5,1,0,0,-1,0,1
31159,74.60518309,26.46266335,4,3,2,2,4,20:40,83,E10000017,6,0,6,30,9,2,6,0,0,0,4,1,2,0,0,2,1,E01025420,02-11-2018,1,1,1,2,20,4,3,0,0,0,0,-1,9,1
31160,74.59998694,26.45923284,4,3,2,1,4,09:00,83,E10000017,5,250,6,30,3,4,4,5254,0,0,1,1,1,0,0,1,1,E01025431,02-11-2018,1,1,3,1,39,7,3,4,1,0,0,-1,0,1
31161,74.60949118,26.45890315,4,3,2,1,4,12:32,83,E10000017,3,5083,6,60,5,4,3,582,0,0,1,5,2,0,0,2,1,E01025443,02-11-2018,1,1,3,1,53,8,2,1,3,0,0,-1,0,1
31162,74.61315934,26.4587116,4,3,2,2,6,15:45,83,E10000017,6,0,6,30,3,4,6,0,0,0,1,2,2,0,0,1,1,E01025459,11-11-2018,1,1,2,2,35,6,3,0,0,1,0,-1,9,1
31163,74.5845372,26.46299966,4,3,1,1,7,11:55,83,E10000017,4,5253,6,60,0,-1,-1,0,0,0,1,1,2,0,0,2,1,E01024965,12-11-2018,1,2,1,1,34,6,3,0,0,0,0,-1,9,1
31164,74.60558271,26.46146908,4,3,2,2,1,09:58,83,E10000017,6,0,6,30,1,4,6,0,0,0,1,1,1,0,0,2,1,E01025432,13-11-2018,1,1,1,2,21,5,3,0,0,0,0,-1,9,1
31165,74.62115194,26.46142301,4,2,1,1,2,18:05,83,E10000017,6,0,6,30,0,-1,-1,0,0,0,4,1,1,0,0,1,1,E01025415,14-11-2018,1,1,1,1,51,8,3,0,0,0,0,-1,9,-1
31166,74.60956737,26.46524697,4,3,2,2,5,18:23,83,E10000017,6,0,9,30,9,4,6,0,0,0,4,8,4,0,0,1,1,E01025431,17-11-2018,1,2,2,1,12,3,3,0,0,2,0,-1,9,1
31167,74.61505408,26.46474841,4,2,2,1,3,08:55,83,E10000017,6,0,6,30,0,-1,-1,0,0,0,1,1,2,0,0,2,1,E01025420,29-11-2018,1,1,3,2,83,11,3,4,3,0,0,-1,0,-1
31168,74.59969489,26.45917645,4,3,1,1,1,04:35,83,E10000017,6,0,6,30,3,4,6,0,0,0,4,1,1,0,0,1,1,E01025434,31-07-2018,1,1,3,1,22,5,3,5,1,0,0,-1,0,1
31169,74.6218806,26.45988781,4,3,2,1,3,17:10,83,E10000017,6,0,6,30,6,2,6,0,0,0,7,9,1,0,0,1,1,E01025421,22-11-2018,1,1,3,1,25,5,3,1,1,0,0,-1,0,1
31170,74.5950459,26.4650426,4,3,2,1,7,20:30,83,E10000017,6,0,6,30,9,2,6,0,0,5,1,1,1,0,0,1,1,E01025422,10-12-2018,1,1,3,2,17,4,3,5,1,0,0,-1,0,1
31171,74.59329625,26.45936913,4,3,1,1,1,00:32,83,E10000017,6,0,6,30,3,4,6,0,0,0,4,1,1,0,0,1,1,E01025415,11-12-2018,1,1,1,1,41,7,3,0,0,0,0,-1,8,1
31172,74.60286911,26.46458257,4,3,2,2,4,18:00,83,E10000017,6,0,2,30,0,-1,-1,0,0,0,4,1,1,0,0,1,1,E01025431,14-12-2018,1,1,2,2,18,4,3,0,0,1,0,-1,9,1
31173,74.59669515,26.4596506,4,3,2,2,2,16:45,83,E10000017,6,0,6,30,3,2,6,0,0,5,4,1,1,0,0,1,1,E01025421,28-11-2018,1,2,2,2,22,5,3,0,0,2,0,-1,9,1
31174,74.61030313,26.4590763,4,3,2,1,3,07:10,83,E10000017,6,0,6,30,3,4,6,0,0,0,4,1,2,0,0,1,1,E01025433,13-12-2018,3,3,1,1,26,6,3,0,0,0,0,-1,9,1
31175,74.59624208,26.45999581,4,3,2,1,6,17:27,83,E10000017,6,0,6,30,3,4,6,0,0,0,1,1,2,0,0,1,1,E01025446,14-10-2018,1,1,1,1,26,6,3,0,0,0,0,-1,9,-1
31176,74.61103583,26.46070822,4,3,2,1,2,10:00,83,E10000017,6,0,6,30,6,4,6,0,0,0,1,1,1,0,0,1,1,E01025421,19-12-2018,1,1,1,1,28,6,3,0,0,0,0,-1,9,1
31177,74.58417384,26.4622799,4,3,2,1,3,14:20,83,E10000017,4,5253,3,60,1,4,6,0,0,0,1,2,2,0,0,2,1,E01025420,20-12-2018,1,1,2,2,-1,-1,3,0,0,2,0,-1,9,1
31178,74.58965498,26.46299966,4,3,2,1,3,17:45,83,E10000017,4,5253,1,60,1,4,6,0,0,0,4,2,2,0,0,2,1,E01025416,20-12-2018,1,2,2,1,-1,-1,3,0,0,1,0,-1,9,1
31179,74.61847676,26.46521814,4,3,1,1,4,23:00,83,E10000017,6,0,6,30,3,4,6,0,0,1,4,1,1,0,0,1,1,E01025435,21-12-2018,1,1,1,2,40,7,3,0,0,0,0,-1,9,1
31180,74.60904314,26.45972573,4,3,2,1,7,09:00,83,E10000017,6,0,6,30,3,4,6,0,0,0,1,1,2,0,0,1,1,E01025421,31-12-2018,1,1,1,1,35,6,3,0,0,0,0,-1,9,1
31181,74.62146718,26.4627421,4,3,2,1,5,14:40,83,E10000017,6,0,6,30,1,4,6,0,0,0,1,1,4,0,0,1,1,E01025460,29-12-2018,1,1,1,2,35,6,3,0,0,0,0,-1,9,1
31182,74.60124039,26.46400329,4,3,2,2,4,14:50,83,E10000017,4,5254,1,30,1,4,3,582,0,8,1,1,1,0,0,2,1,E01025443,11-05-2018,1,1,1,1,40,7,3,0,0,0,0,-1,2,1
31183,74.61624824,26.45851982,4,3,1,1,6,17:06,83,E10000017,1,6,3,70,0,-1,-1,0,0,0,1,4,1,0,0,2,1,E01025456,06-05-2018,3,1,1,1,24,5,3,0,0,0,0,-1,5,1
31184,74.59084377,26.46417657,4,2,2,4,7,23:48,83,E10000017,3,675,6,40,0,-1,-1,0,0,0,4,1,1,0,0,2,1,E01025414,07-05-2018,2,1,1,1,42,7,3,0,0,0,0,-1,9,-1
31185,74.60354053,26.46315928,4,3,3,1,2,15:20,83,E10000017,6,0,3,60,1,4,6,0,0,0,1,1,1,0,0,2,1,E01025443,09-05-2018,3,2,1,2,27,6,3,0,0,0,0,-1,9,1
31186,74.6070917,26.45885979,4,3,1,1,1,19:15,83,E10000017,6,0,9,30,0,-1,-1,0,0,0,1,1,1,0,0,1,1,E01025463,08-05-2018,1,1,2,2,7,2,3,0,0,1,0,-1,9,1
31187,74.58931196,26.46088755,4,1,2,1,3,17:50,83,E10000017,4,6230,6,60,0,-1,-1,0,0,0,1,9,1,0,0,2,1,E01025456,17-05-2018,2,1,1,1,50,8,3,0,0,0,0,-1,1,1
31188,74.60371138,26.4651958,4,1,1,2,1,16:39,83,E10000017,3,582,3,60,6,2,6,0,0,4,1,1,2,0,0,1,1,E01025419,22-05-2018,2,1,1,2,26,6,3,0,0,0,0,-1,9,1
31189,74.59947824,26.45962342,4,3,2,2,3,18:15,83,E10000017,6,0,6,30,3,4,6,0,0,0,1,1,1,0,0,1,1,E01025461,10-05-2018,2,1,1,1,50,8,3,0,0,0,0,-1,1,1
31190,74.58970347,26.4641758,4,3,3,4,5,15:05,83,E10000017,6,0,1,60,1,4,6,0,0,0,1,1,1,0,0,1,1,E01025444,12-05-2018,1,1,3,2,12,3,3,4,1,0,0,-1,0,1
31191,74.58439345,26.45957822,4,3,2,1,3,07:36,83,E10000017,3,6,1,70,1,4,3,582,0,0,1,1,1,0,0,2,1,E01025405,10-05-2018,1,1,3,2,17,4,2,1,3,0,0,-1,0,1
31192,74.61545867,26.4637561,4,3,2,1,3,22:01,83,E10000017,1,65,1,70,1,4,1,6,0,0,4,1,1,0,0,2,1,E01025417,17-05-2018,2,1,1,1,17,4,3,0,0,0,0,-1,3,1
31193,74.60502721,26.46120702,4,3,2,1,6,17:15,83,E10000017,6,0,6,60,6,4,6,0,0,0,1,2,2,0,0,2,1,E01025456,20-05-2018,1,1,1,2,31,6,3,0,0,0,0,-1,9,1
31194,74.60075219,26.46477817,4,3,4,2,4,17:12,83,E10000017,1,6,3,70,0,-1,-1,0,0,0,1,1,1,0,0,2,1,E01025458,11-05-2018,2,2,1,2,32,6,2,0,0,0,0,-1,9,1
31195,74.61405779,26.45969542,4,3,2,2,4,07:36,83,E10000017,4,5254,6,30,3,4,6,0,0,0,1,1,1,0,0,1,1,E01025444,11-05-2018,1,1,3,1,66,10,3,1,1,0,0,-1,0,-1
31196,74.61441462,26.46469214,4,3,1,1,6,23:55,83,E10000017,3,59,1,70,1,3,1,6,0,0,4,1,1,0,0,2,1,E01025286,13-05-2018,1,1,3,2,39,7,3,9,9,0,0,-1,0,-1
31197,74.58522199,26.45931731,4,3,1,2,5,07:30,83,E10000017,6,0,6,40,0,-1,-1,0,0,0,1,2,2,0,0,1,1,E01025400,02-06-2018,1,1,1,1,57,9,3,0,0,0,0,-1,9,1
31198,74.60503294,26.46057063,4,2,1,1,2,17:15,83,E10000017,3,6,3,40,0,-1,-1,0,0,0,1,1,1,0,0,2,1,E01025401,16-05-2018,1,1,3,1,24,5,3,5,1,0,0,-1,0,1
31199,74.60729578,26.46261391,4,3,2,2,4,17:30,83,E10000017,6,0,3,30,9,4,6,0,0,0,1,1,1,0,0,1,1,E01025463,18-05-2018,1,1,2,2,82,11,3,0,0,0,3,-1,11,1
31200,80.28846664,26.46558165,4,3,2,2,3,09:49,83,E10000017,6,0,6,30,9,4,6,0,0,0,1,1,1,0,0,1,1,E01025400,17-05-2018,2,1,1,1,25,5,3,0,0,0,0,-1,9,1