Accident_Index,longitude,latitude,Police_Force,Accident_Severity,Number_of_Vehicles,Number_of_Casualties,Day_of_Week,Time,Local_Authority_(District),Local_Authority_(Highway),1st_Road_Class,1st_Road_Number,Road_Type,Speed_limit,Junction_Detail,Junction_Control,2nd_Road_Class,2nd_Road_Number,Pedestrian_Crossing-Human_Control,Pedestrian_Crossing-Physical_Facilities,Light_Conditions,Weather_Conditions,Road_Surface_Conditions,Special_Conditions_at_Site,Carriageway_Hazards,Urban_or_Rural_Area,Did_Police_Officer_Attend_Scene_of_Accident,LSOA_of_Accident_Location,Date,Vehicle_Reference,Casualty_Reference,Casualty_Class,Sex_of_Casualty,Age_of_Casualty,Age_Band_of_Casualty,Casualty_Severity,Pedestrian_Location,Pedestrian_Movement,Car_Passenger,Bus_or_Coach_Passenger,Pedestrian_Road_Maintenance_Worker,Casualty_Type,Casualty_Home_Area_Type
31808,80.26820303,26.46947949,4,2,2,1,4,21:40,79,E10000017,3,6,6,40,0,-1,-1,0,0,0,4,1,1,0,0,2,1,E01025277,22-06-2018,2,1,1,1,37,7,2,0,0,0,0,-1,1,-1
31809,80.33535276,26.47276347,4,3,1,1,6,15:05,79,E10000017,3,5085,6,30,0,-1,-1,0,0,0,1,1,1,0,0,1,1,E01025235,24-06-2018,1,1,1,1,40,7,3,0,0,0,0,-1,3,1
31810,80.33197805,26.44626087,4,3,2,1,1,00:01,79,E10000017,6,0,6,30,3,4,6,0,0,0,4,1,1,0,0,2,1,E01025105,26-06-2018,1,1,1,1,27,6,3,0,0,0,0,-1,9,1
31811,80.27805489,26.47954323,4,3,2,1,1,15:40,79,E10000017,3,6,1,40,1,2,1,55,0,0,1,1,1,0,0,2,1,E01025277,10-07-2018,1,2,2,1,27,6,3,0,0,2,0,-1,9,-1
31812,80.29226535,26.46756231,4,3,2,1,3,15:55,79,E10000017,4,6243,6,40,3,4,6,0,0,0,1,1,1,0,0,1,1,E01025234,28-06-2018,1,3,2,1,25,5,3,0,0,1,0,-1,9,1
31813,80.2755047,26.43909137,4,3,1,1,4,14:35,79,E10000017,6,0,6,60,0,-1,-1,0,0,0,1,1,1,0,0,2,1,E01025279,29-06-2018,1,1,1,1,19,4,3,0,0,0,0,-1,9,1
31814,80.30426606,26.45092543,4,3,2,1,1,20:05,79,E10000017,3,5085,6,30,3,4,6,0,0,4,1,2,2,0,0,1,1,E01025285,24-07-2018,1,2,2,2,21,5,3,0,0,1,0,-1,9,-1
31815,80.32201003,26.45056284,4,3,2,1,2,13:00,79,E10000017,6,0,6,20,3,4,6,0,0,0,1,2,2,0,0,1,1,E01025245,04-07-2018,2,1,1,1,37,7,3,0,0,0,0,-1,9,1
31816,80.28259494,26.45844243,4,2,2,2,4,09:14,79,E10000017,3,6,6,40,0,-1,-1,0,0,0,1,1,1,0,0,2,1,E01025277,20-07-2018,1,1,3,2,76,11,3,5,1,0,0,-1,0,-1
31817,80.31862496,26.43763144,4,3,1,1,3,10:40,79,E10000017,6,0,6,30,0,-1,-1,0,0,0,1,9,2,0,0,1,1,E01025300,05-07-2018,2,1,2,1,18,4,3,0,0,1,0,-1,9,-1
31818,80.27928107,26.44295608,4,2,2,2,3,14:40,79,E10000017,3,5085,6,30,3,4,6,0,0,0,1,2,2,0,0,1,1,E01025245,05-07-2018,2,2,2,2,42,7,3,0,0,2,0,-1,9,-1
31819,80.2670566,26.45916082,4,1,2,1,1,21:15,79,E10000017,6,0,6,30,0,-1,-1,0,0,0,1,1,1,0,0,1,1,E01025284,10-07-2018,2,1,1,1,41,7,2,0,0,0,0,-1,1,1
31820,80.28214885,26.46616937,4,3,3,1,5,09:20,79,E10000017,3,6,6,30,6,2,6,0,0,5,1,2,2,0,0,2,1,E01025277,28-07-2018,1,1,1,1,17,4,3,0,0,0,0,-1,9,1
31821,80.32892624,26.44854088,4,3,3,1,6,17:25,79,E10000017,5,334,6,30,6,4,6,0,0,0,1,1,1,0,0,1,1,E01025246,29-07-2018,1,1,1,1,36,7,2,0,0,0,0,-1,5,1
31822,80.2670071,26.45513856,4,3,1,1,2,17:25,79,E10000017,3,59,6,30,6,2,6,0,0,5,1,1,1,0,0,1,1,E01025297,11-07-2018,1,1,1,2,38,7,3,0,0,0,0,-1,9,1
31823,80.31080248,26.44699146,4,3,2,1,7,23:31,79,E10000017,3,5085,6,30,6,2,6,0,0,0,4,1,1,0,0,1,1,E01025296,16-07-2018,1,1,1,1,68,10,2,0,0,0,0,-1,9,1
31824,80.3114678,26.46661288,4,3,1,1,1,10:50,79,E10000017,6,0,6,30,3,4,6,0,0,0,1,1,1,0,0,1,1,E01025255,17-07-2018,1,1,2,2,60,9,3,0,0,1,0,-1,9,1
31825,80.26998599,26.45549457,4,2,2,1,2,09:00,79,E10000017,4,6243,6,30,3,2,4,6241,0,5,1,1,2,0,0,1,1,E01025252,18-07-2018,1,1,2,2,90,11,2,0,0,0,1,-1,11,-1
31826,80.28067871,26.45625034,4,3,2,2,6,17:49,79,E10000017,3,59,6,30,3,4,6,0,0,0,1,1,1,0,0,1,1,E01025250,22-07-2018,1,1,2,1,-1,-1,3,0,0,0,3,-1,11,-1
31827,80.29634923,26.47991917,4,3,1,1,1,18:20,79,E10000017,4,6243,6,30,3,4,6,0,0,0,1,1,1,0,0,1,1,E01025298,24-07-2018,1,1,3,2,40,7,3,6,9,0,0,-1,0,1
31828,80.29315232,26.46169643,4,3,2,1,7,15:31,79,E10000017,4,6242,9,30,0,-1,-1,0,0,0,1,1,1,0,0,2,1,E01025255,23-07-2018,1,1,1,1,45,7,3,0,0,0,0,-1,9,1
31829,80.27756218,26.47963556,4,3,2,1,5,18:00,79,E10000017,6,0,3,30,3,2,6,0,0,5,1,1,2,0,0,1,1,E01025252,28-07-2018,1,1,3,2,81,11,3,5,4,0,0,-1,0,1
31830,80.3116306,26.47276188,4,3,2,1,5,18:05,79,E10000017,3,5085,6,30,0,-1,-1,0,0,0,1,8,2,0,0,1,1,E01025245,28-07-2018,2,1,1,1,22,5,3,0,0,0,0,-1,3,1
31831,80.31300302,26.47063997,4,3,2,1,3,16:00,79,E10000017,3,5085,6,30,6,2,6,0,0,5,1,1,1,0,0,1,1,E01025245,26-07-2018,2,1,1,2,49,8,3,0,0,0,0,-1,9,1
31832,80.32766237,26.44625307,4,3,2,1,3,16:24,79,E10000017,4,6243,6,30,3,4,6,0,0,0,1,1,1,0,0,1,1,E01025298,26-07-2018,2,2,2,2,-1,-1,3,0,0,1,0,-1,9,1
31833,80.2890626,26.46521762,4,3,2,3,5,14:09,79,E10000017,3,6,3,30,3,4,6,0,0,0,1,2,2,0,0,1,1,E01025259,28-07-2018,1,1,1,1,17,4,3,0,0,0,0,-1,1,1
31834,80.28790425,26.47052595,4,3,2,1,7,19:45,79,E10000017,6,0,6,60,8,-1,6,0,0,0,6,1,1,0,0,2,1,E01025279,30-07-2018,1,1,1,1,51,8,3,0,0,0,0,-1,9,1
31835,80.2670919,26.4412418,4,3,2,1,1,15:30,79,E10000017,4,6242,6,30,0,-1,-1,0,0,0,1,1,1,0,0,1,1,E01025252,07-08-2018,1,2,2,2,45,7,3,0,0,1,0,-1,9,1
31836,80.34019315,26.4760819,4,3,1,1,2,15:24,79,E10000017,3,59,6,30,6,2,6,0,0,5,1,1,1,0,0,1,1,E01025247,08-08-2018,2,1,1,1,37,7,3,0,0,0,0,-1,9,1
31837,80.2722405,26.45260804,4,3,2,1,4,12:20,79,E10000017,3,5085,6,30,3,4,6,0,0,5,1,1,1,0,0,1,1,E01025271,10-08-2018,1,1,1,1,24,5,3,0,0,0,0,-1,3,1
31838,80.29650625,26.46265338,4,2,2,1,4,19:25,79,E10000017,3,6,6,40,1,4,6,0,0,0,1,1,1,0,0,2,1,E01025277,10-08-2018,2,1,1,2,41,7,3,0,0,0,0,-1,9,1
31839,80.31780026,26.4788896,4,3,2,1,6,18:58,79,E10000017,4,6243,6,30,1,4,6,0,0,0,1,1,1,0,0,1,1,E01025278,12-08-2018,1,1,2,2,42,7,3,0,0,1,0,-1,9,1
31840,80.33094115,26.48117759,4,3,3,1,1,07:10,79,E10000017,6,0,6,30,3,4,6,0,0,0,1,1,2,0,0,1,1,E01025243,14-08-2018,1,2,2,2,10,2,3,0,0,2,0,-1,9,1
31841,80.28913982,26.46346008,4,3,2,2,7,14:40,79,E10000017,3,5085,6,30,6,2,4,6241,0,5,1,1,1,0,0,1,1,E01025245,30-07-2018,1,1,2,2,21,5,3,0,0,0,4,-1,11,1
31842,80.29766093,26.46983184,4,3,2,1,7,19:48,79,E10000017,6,0,6,30,0,-1,-1,0,0,0,1,2,2,0,0,1,1,E01025284,13-08-2018,1,1,1,1,43,7,3,0,0,0,0,-1,9,1
31843,80.30063907,26.48004677,4,3,2,1,1,12:45,79,E10000017,6,0,6,30,8,4,4,6242,0,4,1,1,1,0,0,1,1,E01025252,14-08-2018,2,1,1,2,25,5,3,0,0,0,0,-1,9,1
31844,80.2656298,26.45919964,4,3,2,1,2,12:57,79,E10000017,3,5081,6,30,1,4,3,59,0,1,1,1,1,0,0,1,1,E01025311,15-08-2018,1,1,3,2,77,11,3,6,9,0,0,-1,0,1
31845,80.28092147,26.48099681,4,2,2,5,2,19:20,79,E10000017,6,0,6,30,6,4,6,0,0,0,1,1,1,3,0,2,1,E01025279,15-08-2018,1,1,3,2,13,3,3,6,9,0,0,-1,0,1
31846,80.32095612,26.45736431,4,2,1,1,5,00:30,79,E10000017,6,0,6,20,6,4,6,0,0,0,1,1,1,0,0,1,1,E01025313,18-08-2018,1,1,1,1,44,7,3,0,0,0,0,-1,9,1
31847,80.33154205,26.46380654,4,2,1,1,1,20:14,79,E10000017,6,0,6,30,6,2,4,6243,0,5,1,1,1,0,0,1,1,E01025297,21-08-2018,1,1,1,2,50,8,3,0,0,0,0,-1,9,1
31848,80.31774764,26.46855242,4,3,2,1,6,15:10,79,E10000017,3,5085,6,30,0,-1,-1,0,0,0,1,1,1,0,0,1,1,E01025275,19-08-2018,1,1,1,1,31,6,3,0,0,0,0,-1,9,1
31849,80.33727523,26.46813748,4,3,2,1,2,12:30,79,E10000017,3,5085,6,30,0,-1,-1,0,0,0,1,1,1,0,0,1,1,E01025296,04-07-2018,1,1,3,2,15,3,3,5,3,0,0,-1,0,1
31850,80.31473757,26.45635244,4,3,3,1,6,09:40,79,E10000017,6,0,6,30,0,-1,-1,0,0,0,1,1,1,0,0,1,1,E01025243,19-08-2018,2,1,1,2,48,8,3,0,0,0,0,-1,9,1
31851,80.32717967,26.45575961,4,3,1,3,5,00:50,79,E10000017,6,0,6,30,0,-1,-1,0,0,0,4,1,1,0,0,1,1,E01025252,11-08-2018,1,1,2,2,85,11,3,0,0,0,4,-1,11,1
31852,80.31007777,26.47667233,4,2,2,2,6,15:18,79,E10000017,4,6243,6,30,3,4,6,0,0,0,1,1,1,0,0,1,1,E01025295,12-08-2018,1,1,1,1,33,6,2,0,0,0,0,-1,5,1
31853,80.32439963,26.45089112,4,2,2,1,5,21:17,79,E10000017,3,59,6,30,3,4,6,0,0,0,4,1,1,0,0,1,1,E01025295,18-08-2018,1,1,1,2,57,9,3,0,0,0,0,-1,9,-1
31854,80.32904769,26.44378582,4,3,2,1,2,10:45,79,E10000017,6,0,6,30,6,4,6,0,0,0,1,1,2,0,0,1,1,E01025296,22-08-2018,2,2,1,2,40,7,3,0,0,0,0,-1,9,1
31855,80.29493021,26.44305597,4,3,3,1,4,12:10,79,E10000017,3,59,6,30,3,4,6,0,0,4,1,1,2,0,0,1,1,E01025249,24-08-2018,3,3,1,1,17,4,3,0,0,0,0,-1,9,1
31856,80.27639263,26.45153864,4,3,3,1,4,10:39,79,E10000017,4,6242,6,30,3,4,4,6241,0,0,1,5,2,0,0,1,1,E01025252,24-08-2018,1,1,1,1,53,8,3,0,0,0,0,-1,9,1
31857,80.33612331,26.47527999,4,3,2,2,6,20:45,79,E10000017,3,5085,6,30,0,-1,-1,0,0,0,1,2,2,0,0,1,1,E01025286,26-08-2018,1,1,3,2,-1,-1,3,5,1,0,0,-1,0,-1
31858,80.26839646,26.45017957,4,3,1,2,7,15:37,79,E10000017,3,6,1,40,1,4,3,6,0,0,1,1,1,0,0,2,1,E01025259,27-08-2018,1,1,3,1,15,3,3,5,3,0,0,-1,0,-1
31859,80.30358882,26.46294922,4,3,2,1,7,19:25,79,E10000017,6,0,6,30,0,-1,-1,0,0,0,1,1,1,0,0,1,1,E01025246,27-08-2018,2,1,1,1,25,5,3,0,0,0,0,-1,9,-1
31860,80.27667032,26.44880387,4,3,5,2,3,18:45,79,E10000017,3,59,3,30,0,-1,-1,0,0,0,1,2,2,0,0,1,1,E01025249,23-08-2018,1,1,3,2,50,8,3,4,9,0,0,-1,0,1
31861,80.3158834,26.47205055,4,3,1,1,2,19:15,79,E10000017,6,0,6,30,6,4,6,0,0,0,4,1,1,0,0,1,1,E01025247,05-09-2018,2,1,1,1,43,7,3,0,0,0,0,-1,5,-1
31862,80.31700149,26.47618855,4,3,1,1,3,15:00,79,E10000017,6,0,6,20,0,-1,-1,0,0,0,1,1,1,0,0,1,1,E01025295,06-09-2018,1,1,3,1,-1,-1,3,4,3,0,0,-1,0,-1
31863,80.29102196,26.47709094,4,3,2,1,3,20:55,79,E10000017,6,0,1,40,1,4,6,0,0,0,4,1,1,0,0,1,1,E01025254,30-08-2018,1,1,3,1,55,8,3,5,1,0,0,-1,0,1
31864,80.29694696,26.43940964,4,3,1,3,2,00:02,79,E10000017,6,0,6,60,3,-1,6,0,0,0,7,1,1,0,0,2,1,E01025278,12-09-2018,1,1,1,2,34,6,3,0,0,0,0,-1,9,1
31865,80.30947715,26.44522625,4,2,1,2,1,01:20,79,E10000017,6,0,6,60,3,4,6,0,0,0,7,1,1,0,0,2,1,E01025278,11-09-2018,2,1,2,2,55,8,3,0,0,0,4,-1,11,1
31866,80.30331247,26.46092537,4,3,3,3,3,17:05,79,E10000017,4,6242,6,30,0,-1,-1,0,0,4,1,9,1,0,0,1,1,E01025252,13-09-2018,2,1,1,2,26,6,3,0,0,0,0,-1,9,1
31867,80.32564509,26.47318541,4,3,1,1,4,21:05,79,E10000017,6,0,6,30,0,-1,-1,0,0,0,6,1,1,0,0,2,1,E01025250,14-09-2018,2,2,2,1,26,6,3,0,0,1,0,-1,9,-1
31868,80.33896507,26.4564167,4,3,2,1,5,17:55,79,E10000017,4,6243,6,30,3,4,6,0,0,0,1,1,1,0,0,1,1,E01025297,08-09-2018,1,1,1,1,16,4,3,0,0,0,0,-1,1,1
31869,80.27179646,26.44609328,4,2,2,1,5,08:42,79,E10000017,3,6,6,40,3,4,6,0,0,0,1,2,2,0,0,2,1,E01025281,15-09-2018,1,1,1,1,19,4,3,0,0,0,0,-1,2,1
31870,80.28522321,26.44741698,4,3,2,1,5,11:45,79,E10000017,6,0,6,30,6,4,6,0,0,0,1,2,2,0,0,1,1,E01025298,15-09-2018,2,1,1,1,21,5,3,0,0,0,0,-1,5,1
31871,80.29821265,26.4758161,4,3,2,1,6,20:30,79,E10000017,6,0,6,30,0,-1,-1,0,0,0,1,1,1,0,0,1,1,E01025284,16-09-2018,1,1,3,1,18,4,3,5,1,0,0,-1,0,1
31872,80.32054076,26.45154441,4,3,2,2,2,17:10,79,E10000017,6,0,6,30,9,4,6,0,0,0,1,8,2,0,2,1,1,E01025295,19-09-2018,2,1,1,1,16,4,3,0,0,0,0,-1,3,-1
31873,80.32326393,26.46318281,4,3,2,2,6,13:15,79,E10000017,4,6243,6,30,3,4,6,0,0,0,1,2,2,0,0,1,1,E01025295,23-09-2018,1,1,1,2,50,8,3,0,0,0,0,-1,9,1
31874,80.26751688,26.45738288,4,2,2,1,3,12:21,79,E10000017,3,5085,6,30,3,4,6,0,0,0,1,1,1,0,0,1,1,E01025271,27-09-2018,2,1,1,2,29,6,3,0,0,0,0,-1,9,1
31875,80.30465077,26.44413188,4,3,3,1,3,09:15,79,E10000017,3,6,6,40,3,4,6,0,0,0,1,1,2,0,0,2,1,E01025277,27-09-2018,3,2,1,2,29,6,3,0,0,0,0,-1,9,1
31876,80.28179938,26.47119421,4,3,3,4,2,16:20,79,E10000017,3,6,6,40,3,4,6,0,0,0,1,1,1,6,0,2,1,E01025277,26-09-2018,1,1,3,1,14,3,3,5,1,0,0,-1,0,-1
31877,80.3252686,26.46768526,4,3,2,1,3,20:40,79,E10000017,4,6243,6,30,3,4,6,0,0,0,4,1,2,0,0,1,1,E01025234,27-09-2018,1,1,2,2,30,6,3,0,0,0,0,-1,19,1
31878,80.30387698,26.46308396,4,3,2,2,6,17:45,79,E10000017,3,6063,3,30,6,2,3,5085,0,5,1,2,2,0,0,1,1,E01025275,30-09-2018,1,1,3,1,56,9,3,9,9,0,0,-1,0,-1
31879,80.29846481,26.4363536,4,3,2,1,7,14:04,79,E10000017,3,59,6,30,3,4,6,0,0,1,1,1,1,0,0,1,1,E01025248,01-10-2018,2,1,1,2,18,4,3,0,0,0,0,-1,9,1
31880,80.31831743,26.44520774,4,3,3,1,4,17:05,79,E10000017,3,6,6,40,8,4,6,0,0,0,1,2,2,0,0,2,1,E01025281,28-09-2018,2,2,2,1,19,4,3,0,0,1,0,-1,9,1
31881,80.27247783,26.43965381,4,3,1,1,7,15:40,79,E10000017,6,0,1,30,1,4,6,0,0,0,1,2,2,5,0,2,1,E01025303,01-10-2018,1,1,2,2,76,11,3,0,0,0,4,-1,11,-1
31882,80.33796067,26.47827007,4,3,2,1,6,18:45,79,E10000017,6,0,6,30,3,4,6,0,0,0,4,2,2,0,0,1,1,E01025285,30-09-2018,1,1,1,2,39,7,3,0,0,0,0,-1,9,1
31883,80.27971704,26.46348648,4,3,1,1,2,16:30,79,E10000017,4,6243,6,30,3,4,6,0,0,0,1,1,1,0,0,1,1,E01025297,03-10-2018,2,2,1,2,55,8,3,0,0,0,0,-1,9,1
31884,80.26670644,26.45233218,4,3,2,1,7,23:30,79,E10000017,4,6243,6,30,3,4,6,0,0,0,4,1,1,0,0,1,1,E01025287,24-09-2018,2,1,1,2,18,4,3,0,0,0,0,-1,9,-1
31885,80.29871662,26.45254888,4,3,2,1,7,20:30,79,E10000017,3,59,6,30,3,4,6,0,0,0,4,1,2,0,0,1,1,E01025250,08-10-2018,1,1,1,1,67,10,3,0,0,0,0,-1,9,1
31886,80.28222905,26.47305737,4,3,2,1,3,09:40,79,E10000017,3,5085,6,30,3,4,6,0,0,5,1,1,2,0,0,1,1,E01025296,11-10-2018,2,2,1,2,23,5,3,0,0,0,0,-1,9,-1
31887,80.32511277,26.47866767,4,3,2,2,7,16:35,79,E10000017,4,6241,6,40,0,-1,-1,0,0,0,1,1,2,0,0,1,1,E01025254,08-10-2018,1,1,2,2,11,3,3,0,0,2,0,-1,9,1
31888,80.32651121,26.47116658,4,3,1,1,3,14:05,79,E10000017,4,6241,1,40,1,4,6,0,0,8,1,1,2,0,0,2,1,E01025303,11-10-2018,1,1,1,1,18,4,3,0,0,0,0,-1,9,1
31889,80.30608633,26.4550714,4,3,1,1,1,23:27,79,E10000017,3,59,6,30,3,4,6,0,0,0,4,1,1,0,0,1,1,E01025305,09-10-2018,2,2,1,2,32,6,3,0,0,0,0,-1,9,1
31890,80.31916281,26.47316032,4,3,5,3,4,17:15,79,E10000017,6,0,6,30,3,2,6,0,0,0,1,2,2,0,0,1,1,E01025243,12-10-2018,1,1,1,1,27,6,3,0,0,0,0,-1,9,1
31891,80.26634012,26.46546499,4,3,1,1,2,00:17,79,E10000017,6,0,6,30,0,-1,-1,0,0,0,4,1,1,0,0,1,1,E01025295,17-10-2018,2,2,1,2,-1,-1,3,0,0,0,0,-1,9,-1
31892,80.34041295,26.44651256,4,3,1,1,1,21:25,79,E10000017,6,0,6,30,0,-1,-1,0,0,0,4,1,1,0,0,1,1,E01025246,16-10-2018,1,1,1,1,21,5,3,0,0,0,0,-1,9,1
31893,80.28129675,26.47471775,4,3,3,1,6,07:45,79,E10000017,4,6243,6,40,3,4,6,0,0,0,1,1,2,0,0,1,1,E01025286,21-10-2018,1,1,3,1,76,11,3,8,5,0,0,-1,0,-1
31894,80.31772874,26.46519609,4,3,2,1,6,12:30,79,E10000017,6,0,6,30,3,4,6,0,0,0,1,1,2,0,0,1,1,E01025287,21-10-2018,1,1,1,2,57,9,3,0,0,0,0,-1,9,1
31895,80.31743777,26.46482586,4,3,2,1,3,12:55,79,E10000017,3,6,6,40,0,-1,-1,0,0,4,1,1,2,0,0,2,1,E01025277,25-10-2018,1,1,3,1,12,3,3,5,9,0,0,-1,0,1
31896,80.29561748,26.47831195,4,2,2,1,5,10:00,79,E10000017,3,6,6,40,3,4,6,0,0,0,1,1,1,0,0,2,1,E01025277,27-10-2018,1,1,1,1,42,7,3,0,0,0,0,-1,3,1
31897,80.3124678,26.43761374,4,2,2,1,6,16:10,79,E10000017,4,6241,6,30,3,2,6,0,0,0,1,1,1,0,0,1,1,E01025275,28-10-2018,1,1,1,2,54,8,3,0,0,0,0,-1,9,1
31898,80.33323281,26.44563568,4,3,2,2,7,10:20,79,E10000017,4,6243,6,30,3,4,6,0,0,1,1,1,1,0,0,1,1,E01025295,29-10-2018,1,1,2,2,7,2,3,0,0,2,0,-1,9,1
31899,80.26560481,26.46197061,4,2,1,1,1,23:00,79,E10000017,4,6243,6,40,3,4,6,0,0,0,4,1,1,0,0,1,1,E01025286,30-10-2018,1,2,1,2,33,6,3,0,0,0,0,-1,9,1
31900,80.26424383,26.45354366,4,3,2,1,7,13:30,79,E10000017,4,6242,6,30,3,4,6,0,0,0,1,1,1,0,0,1,1,E01025243,01-10-2018,1,1,1,1,17,4,3,0,0,0,0,-1,2,1
31901,80.32046227,26.45665409,4,3,2,3,1,13:20,79,E10000017,3,5085,6,30,0,-1,-1,0,0,0,1,1,1,0,0,1,1,E01025275,02-10-2018,1,1,3,2,11,3,3,6,9,0,0,-1,0,1
31902,80.33510075,26.45254998,4,3,2,1,1,18:30,79,E10000017,6,0,6,30,3,4,6,0,0,0,4,1,2,0,0,1,1,E01025251,06-11-2018,1,1,1,1,25,5,3,0,0,0,0,-1,4,1
31903,80.26504683,26.44702262,4,3,2,4,7,18:30,79,E10000017,6,0,6,30,3,4,6,0,0,0,4,2,2,0,0,1,1,E01025284,05-11-2018,1,1,1,1,54,8,3,0,0,0,0,-1,9,1
31904,80.3069092,26.44398324,4,2,2,2,1,21:44,79,E10000017,6,0,6,30,6,4,6,0,0,0,4,1,1,0,0,1,1,E01025248,06-11-2018,1,1,2,2,-1,-1,3,0,0,1,0,-1,9,-1
31905,80.30344843,26.4812423,4,3,2,1,3,18:00,79,E10000017,3,6,3,30,3,2,6,0,0,5,4,1,1,0,0,1,1,E01025307,08-11-2018,1,1,1,1,45,7,3,0,0,0,0,-1,19,1
31906,80.28176011,26.47698057,4,3,2,1,3,18:55,79,E10000017,4,6241,6,30,0,-1,-1,0,0,0,4,2,2,0,0,1,1,E01025252,08-11-2018,1,1,1,1,36,7,3,0,0,0,0,-1,19,2
31907,80.31024292,26.45490993,4,3,2,2,4,14:15,79,E10000017,4,6241,3,30,6,2,3,5085,0,5,1,1,1,0,0,1,1,E01025275,09-11-2018,1,1,1,1,20,4,3,0,0,0,0,-1,3,2
31908,80.26758937,26.47165234,4,3,1,1,5,15:00,79,E10000017,6,0,6,30,0,-1,-1,0,0,0,1,1,2,0,0,1,1,E01025243,10-11-2018,2,1,2,2,21,5,3,0,0,2,0,-1,5,1
31909,80.28742928,26.47153799,4,3,2,1,5,18:40,79,E10000017,6,0,6,30,0,-1,-1,0,0,0,4,1,2,0,0,1,1,E01025299,10-11-2018,1,1,1,1,37,7,2,0,0,0,0,-1,21,1
31910,80.31407263,26.43817621,4,3,3,1,5,17:00,79,E10000017,3,5085,6,30,0,-1,-1,0,0,0,4,1,1,0,0,1,1,E01025275,10-11-2018,1,1,1,1,16,4,3,0,0,0,0,-1,1,1
31911,80.26557975,26.46538727,4,3,3,1,6,18:00,79,E10000017,3,59,6,30,3,4,6,0,0,0,4,2,2,0,0,1,1,E01025297,11-11-2018,1,1,1,2,20,4,3,0,0,0,0,-1,9,1
31912,80.26852677,26.44286384,4,3,1,1,7,23:20,79,E10000017,4,6241,6,30,0,-1,-1,0,0,5,1,1,1,0,0,1,1,E01025252,12-11-2018,2,1,1,2,64,9,3,0,0,0,0,-1,1,3
31913,80.2696878,26.4465529,4,3,3,2,6,16:35,79,E10000017,3,5085,6,30,3,4,6,0,0,4,4,2,2,0,0,1,1,E01025245,11-11-2018,2,1,2,2,54,8,3,0,0,1,0,-1,9,2
31914,80.29661327,26.48131609,4,2,1,1,2,17:50,79,E10000017,3,59,6,30,0,-1,-1,0,0,0,4,1,2,0,0,1,1,E01025247,14-11-2018,1,1,1,2,36,7,3,0,0,0,0,-1,9,2
31915,80.308284,26.4366896,4,3,2,1,4,19:50,79,E10000017,6,0,6,30,8,4,6,0,0,0,4,1,1,0,0,1,1,E01025246,16-11-2018,2,2,1,2,28,6,3,0,0,0,0,-1,9,2
31916,80.28439883,26.43757334,4,3,2,1,5,09:15,79,E10000017,6,0,6,30,0,-1,-1,0,0,0,1,1,1,0,0,1,1,E01025300,17-11-2018,3,3,1,2,55,8,3,0,0,0,0,-1,9,3
31917,80.26534107,26.47011719,4,2,1,1,5,07:35,79,E10000017,3,59,6,30,3,4,6,0,0,1,1,1,4,0,0,1,1,E01025248,17-11-2018,1,1,2,1,21,5,2,0,0,1,0,-1,9,1
31918,80.29855321,26.47924124,4,3,2,1,6,07:05,79,E10000017,4,6242,6,30,7,2,4,6241,0,0,1,1,4,0,0,1,1,E01025254,18-11-2018,1,1,1,1,22,5,3,0,0,0,0,-1,9,1
31919,80.30822678,26.47701905,4,3,2,1,6,18:30,79,E10000017,3,583,6,30,0,-1,-1,0,0,4,4,1,1,0,0,1,1,E01025285,18-11-2018,2,1,2,2,22,5,3,0,0,1,0,-1,9,1
31920,80.3286181,26.47240527,4,3,2,1,5,17:14,79,E10000017,3,5085,6,30,0,-1,-1,0,0,0,4,1,2,0,0,1,1,E01025276,10-11-2018,2,2,2,2,21,5,3,0,0,2,0,-1,9,1
31921,80.31271517,26.45770397,4,3,2,1,7,14:45,79,E10000017,4,6243,6,30,0,-1,-1,0,0,4,1,1,1,0,0,1,1,E01025284,19-11-2018,2,3,1,2,22,5,3,0,0,0,0,-1,9,1
31922,80.30318443,26.45202526,4,3,3,1,2,09:21,79,E10000017,4,6243,6,30,3,4,6,0,0,0,1,7,4,0,0,1,1,E01025295,21-11-2018,2,1,1,2,35,6,3,0,0,0,0,-1,9,1
31923,80.33280698,26.4464859,4,3,2,1,3,13:29,79,E10000017,3,6,3,30,6,3,6,0,0,0,1,1,2,0,0,2,1,E01025304,22-11-2018,1,1,1,1,44,7,3,0,0,0,0,-1,21,1
31924,80.30329221,26.43855515,4,3,1,1,6,16:26,79,E10000017,4,6243,6,40,0,-1,-1,0,0,0,4,1,2,0,0,2,1,E01025234,25-11-2018,1,1,1,1,29,6,3,0,0,0,0,-1,9,1
31925,80.27882831,26.46126098,4,2,2,4,7,20:31,79,E10000017,3,59,6,30,3,4,6,0,0,0,4,1,1,0,0,1,1,E01025295,26-11-2018,2,2,1,1,62,9,3,0,0,0,0,-1,9,1
31926,80.32925406,26.47155907,4,3,5,1,3,09:35,79,E10000017,3,59,6,40,0,-1,-1,0,0,0,1,1,1,0,0,1,1,E01025286,29-11-2018,1,1,1,1,54,8,3,0,0,0,0,-1,21,1
31927,80.26817714,26.46811765,4,3,2,1,2,13:15,79,E10000017,3,59,6,30,3,4,6,0,0,0,1,1,1,0,0,1,1,E01025295,28-11-2018,2,1,1,2,74,10,1,0,0,0,0,-1,9,3
31928,80.33921826,26.47555589,4,3,2,3,6,17:15,79,E10000017,3,6,6,30,0,-1,-1,0,0,5,1,1,1,0,0,1,1,E01025295,11-11-2018,1,1,1,1,46,8,2,0,0,0,0,-1,9,2