Accident_Index,longitude,latitude,Police_Force,Accident_Severity,Number_of_Vehicles,Number_of_Casualties,Day_of_Week,Time,Local_Authority_(District),Local_Authority_(Highway),1st_Road_Class,1st_Road_Number,Road_Type,Speed_limit,Junction_Detail,Junction_Control,2nd_Road_Class,2nd_Road_Number,Pedestrian_Crossing-Human_Control,Pedestrian_Crossing-Physical_Facilities,Light_Conditions,Weather_Conditions,Road_Surface_Conditions,Special_Conditions_at_Site,Carriageway_Hazards,Urban_or_Rural_Area,Did_Police_Officer_Attend_Scene_of_Accident,LSOA_of_Accident_Location,Date,Vehicle_Reference,Casualty_Reference,Casualty_Class,Sex_of_Casualty,Age_of_Casualty,Age_Band_of_Casualty,Casualty_Severity,Pedestrian_Location,Pedestrian_Movement,Car_Passenger,Bus_or_Coach_Passenger,Pedestrian_Road_Maintenance_Worker,Casualty_Type,Casualty_Home_Area_Type
32171,80.28701106,26.47196345,4,2,3,2,2,18:35,80,E10000017,3,671,6,30,3,4,6,0,0,0,4,1,2,0,0,2,1,E01025340,07-02-2018,1,2,3,2,9,2,3,1,9,0,0,-1,0,2
32172,80.30238694,26.44460335,4,2,1,2,4,08:40,80,E10000017,6,0,6,30,3,4,6,0,0,1,1,1,1,0,0,1,1,E01025335,09-02-2018,1,2,2,2,75,10,2,0,0,1,0,-1,9,1
32173,80.32573413,26.45092759,4,3,3,1,4,15:45,80,E10000017,6,0,6,60,8,4,6,0,0,0,1,1,2,0,0,2,1,E01025340,09-02-2018,2,1,1,1,41,7,3,0,0,0,0,-1,9,1
32174,80.33861227,26.4438808,4,3,2,1,6,12:30,70,E06000008,6,0,6,30,3,4,6,0,0,0,1,1,2,0,0,1,2,E01012589,21-01-2018,1,1,1,1,57,9,2,0,0,0,0,-1,3,2
32175,80.33527995,26.47809529,4,3,2,1,3,10:04,75,E10000017,3,6185,3,60,1,4,1,65,0,8,1,1,2,0,0,2,1,E01025046,08-02-2018,2,1,1,1,49,8,3,0,0,0,0,-1,9,1
32176,80.31260756,26.45078504,4,3,2,2,4,09:55,70,E06000008,6,0,2,30,9,4,6,0,0,0,1,1,1,0,0,1,1,E01012622,09-02-2018,3,2,1,2,45,7,3,0,0,0,0,-1,9,3
32177,80.27718326,26.45203305,4,3,2,3,7,16:00,75,E10000017,1,65,3,70,1,4,6,0,0,0,1,4,2,0,0,2,1,E01025074,12-02-2018,3,3,2,1,40,7,3,0,0,1,0,-1,9,2
32178,80.29301008,26.45738146,4,3,2,1,5,10:51,70,E06000008,6,0,6,30,3,4,6,0,0,0,1,1,1,0,0,1,1,E01012575,10-02-2018,1,1,1,1,28,6,3,0,0,0,0,-1,9,-1
32179,80.30863884,26.46507785,4,2,1,1,5,15:44,70,E06000008,3,679,6,30,0,-1,-1,0,0,0,1,1,1,0,0,1,1,E01012640,10-02-2018,1,1,1,1,22,5,3,0,0,0,0,-1,9,2
32180,80.3129463,26.4803857,4,3,1,1,7,02:35,75,E10000017,3,6177,6,60,0,-1,-1,0,0,0,6,5,2,0,0,2,1,E01025080,12-02-2018,2,1,1,2,51,8,3,0,0,0,0,-1,9,2
32181,80.27866225,26.45125203,4,3,2,1,6,17:20,75,E10000017,3,680,6,30,9,4,6,0,0,0,4,2,2,0,0,1,1,E01025041,11-02-2018,2,2,2,2,21,5,3,0,0,1,0,-1,9,2
32182,80.28774327,26.44376388,4,2,1,1,1,16:20,70,E06000008,6,0,6,30,0,-1,-1,0,0,0,1,1,1,0,0,1,1,E01012655,13-02-2018,2,1,1,1,25,5,3,0,0,0,0,-1,9,2
32183,80.31600962,26.47421156,4,3,2,1,6,08:05,75,E10000017,3,6119,3,30,1,4,3,678,0,0,1,1,1,0,0,2,2,E01025074,28-01-2018,1,1,1,2,18,4,3,0,0,0,0,-1,9,2
32184,80.31368067,26.45662357,4,3,2,2,3,12:41,70,E06000008,3,666,6,30,9,4,6,0,0,0,1,1,1,0,0,1,1,E01012654,15-02-2018,2,1,1,1,43,7,3,0,0,0,0,-1,4,-1
32185,80.32885335,26.47997659,4,3,1,1,3,12:25,70,E06000008,3,666,2,30,3,4,6,0,0,0,1,1,1,3,0,1,1,E01012654,15-02-2018,2,1,1,1,19,4,3,0,0,0,0,-1,9,2
32186,80.2716585,26.47472232,4,3,2,1,5,18:30,70,E06000008,6,0,6,30,6,4,6,0,0,0,4,1,1,0,0,1,1,E01012624,10-02-2018,3,2,1,2,32,6,3,0,0,0,0,-1,9,2
32187,80.29645977,26.44296067,4,3,2,1,7,14:00,70,E06000008,6,0,6,30,3,2,6,0,0,0,1,1,1,0,0,1,2,E01012576,12-02-2018,2,1,1,1,59,9,3,0,0,0,0,-1,9,-1
32188,80.29001948,26.44226234,4,3,1,1,2,13:40,80,E10000017,3,59,3,60,0,-1,-1,0,0,0,1,1,1,0,0,2,1,E01025349,14-02-2018,1,1,1,1,44,7,3,0,0,0,0,-1,9,1
32189,80.33460251,26.45076642,4,3,3,3,7,16:06,75,E10000017,3,6177,6,30,6,2,6,0,0,5,1,2,2,0,0,2,1,E01025080,12-02-2018,2,2,1,1,60,9,3,0,0,0,0,-1,9,2
32190,80.31893983,26.48077994,4,3,2,1,4,06:46,70,E06000008,6,0,6,30,3,2,6,0,0,8,4,1,2,0,0,1,1,E01012633,16-02-2018,2,3,2,2,60,9,3,0,0,1,0,-1,9,2
32191,80.28638343,26.43630306,4,3,2,1,4,09:39,75,E10000017,3,56,1,60,1,4,6,0,0,0,1,1,1,0,0,2,1,E01025395,16-02-2018,1,1,1,1,40,7,2,0,0,0,0,-1,4,3
32192,80.33841442,26.48164863,4,2,2,3,4,14:15,80,E10000017,3,59,1,60,1,4,3,671,0,0,1,1,1,0,0,2,1,E01025354,16-02-2018,1,1,3,1,32,6,3,6,9,0,0,-1,0,3
32193,80.32695188,26.44472951,4,3,1,1,5,11:05,75,E10000017,6,0,6,30,0,-1,-1,0,0,0,1,1,1,0,0,1,2,E01025061,03-02-2018,2,1,1,1,44,7,3,0,0,0,0,-1,9,1
32194,80.33072007,26.47159159,4,2,2,1,2,22:30,80,E10000017,6,0,6,30,0,-1,-1,0,0,0,4,1,2,0,0,2,1,E01025315,14-02-2018,2,2,2,2,16,4,3,0,0,1,0,-1,9,1
32195,80.32376609,26.43655404,4,3,2,1,1,08:10,70,E06000008,6,0,6,30,3,3,3,666,0,4,1,9,2,0,0,1,2,E01012651,13-02-2018,1,1,3,1,4,1,3,5,3,0,0,-1,0,1
32196,80.29086311,26.4502586,4,2,2,1,4,08:50,70,E06000008,6,0,3,30,6,2,6,0,0,5,1,1,1,0,0,1,1,E01012643,16-02-2018,2,1,1,1,37,7,3,0,0,0,0,-1,9,3
32197,80.31130506,26.4737196,4,3,2,2,2,09:00,75,E10000017,4,6535,6,50,0,-1,-1,0,0,0,1,1,1,0,2,2,2,E01025070,24-01-2018,1,1,1,1,29,6,2,0,0,0,0,-1,9,-1
32198,80.33100308,26.46409868,4,3,2,2,2,17:25,75,E10000017,1,65,3,70,1,4,3,6119,0,0,1,1,2,0,0,2,2,E01025074,14-02-2018,1,2,2,2,39,7,3,0,0,1,0,-1,9,1
32199,80.33172421,26.45524879,4,3,2,1,5,14:10,75,E10000017,3,680,6,30,3,4,6,0,0,4,1,9,2,0,0,1,2,E01025059,17-02-2018,1,1,1,1,21,5,2,0,0,0,0,-1,9,2
32200,80.28168819,26.44139404,4,2,1,1,6,22:40,70,E06000008,6,0,6,30,3,4,6,0,0,0,4,1,2,0,0,1,1,E01012655,18-02-2018,2,1,1,2,60,9,3,0,0,0,0,-1,9,1
32201,80.27798238,26.46923971,4,3,2,1,6,19:20,70,E06000008,6,0,3,30,0,-1,-1,0,0,0,4,1,1,0,0,1,2,E01012605,04-02-2018,2,1,1,1,45,7,3,0,0,0,0,-1,9,1
32202,80.27171006,26.48141921,4,3,2,1,1,16:05,70,E06000008,6,0,6,30,0,-1,-1,0,0,0,1,1,1,4,0,1,1,E01012625,20-02-2018,1,1,1,1,57,9,3,0,0,0,0,-1,9,1
32203,80.28775177,26.4650139,4,2,1,1,5,07:10,70,E06000008,3,6062,6,30,0,-1,-1,0,0,0,1,1,2,0,0,1,1,E01012593,17-02-2018,2,2,1,1,60,9,3,0,0,0,0,-1,9,3
32204,80.29304878,26.4451122,4,3,2,1,6,19:54,80,E10000017,3,59,6,60,0,-1,-1,0,0,0,6,1,2,0,7,2,1,E01025351,18-02-2018,2,1,1,1,20,4,3,0,0,0,0,-1,9,-1
32205,80.3253492,26.44983912,4,3,2,1,5,08:45,75,E10000017,3,678,6,30,1,4,3,6119,0,0,1,1,2,0,0,2,1,E01025074,17-02-2018,2,2,2,1,20,4,3,0,0,1,0,-1,9,-1
32206,80.28924338,26.46264098,4,3,3,2,5,15:55,70,E06000008,3,666,6,50,5,4,6,0,0,0,1,1,1,0,0,2,1,E01012628,17-02-2018,1,1,2,1,18,4,3,0,0,2,0,-1,9,1
32207,80.27095323,26.44288144,4,3,1,1,5,14:57,70,E06000008,6,0,6,30,0,-1,-1,0,0,0,1,1,1,0,2,1,2,E01012656,17-02-2018,1,1,3,2,76,11,3,5,9,0,0,-1,0,-1
32208,80.31524611,26.44016172,4,3,1,1,2,22:30,80,E10000017,4,6245,6,60,0,-1,-1,0,0,0,6,3,4,0,0,2,1,E01025342,21-02-2018,1,1,1,1,50,8,3,0,0,0,0,-1,9,1
32209,80.29137249,26.4706434,4,3,1,1,3,16:50,80,E10000017,6,0,6,30,0,-1,-1,0,0,0,1,3,2,0,0,2,1,E01025325,22-02-2018,2,2,1,2,44,7,3,0,0,0,0,-1,9,2
32210,80.30062598,26.44286665,4,3,2,1,5,10:30,75,E10000017,3,679,6,30,2,4,6,0,0,0,1,1,2,0,0,1,2,E01025046,17-02-2018,3,3,1,2,44,7,3,0,0,0,0,-1,9,3
32211,80.32509755,26.45898422,4,2,3,3,3,15:45,80,E10000017,3,59,6,60,0,-1,-1,0,0,0,1,1,1,0,0,2,1,E01025346,22-02-2018,1,1,1,1,28,6,2,0,0,0,0,-1,9,3
32212,80.31474953,26.46657148,4,3,2,1,2,09:30,70,E06000008,3,679,6,30,3,4,6,0,0,0,1,1,1,4,0,1,2,E01012571,21-02-2018,2,2,1,2,31,6,2,0,0,0,0,-1,9,3
32213,80.31881433,26.47535069,4,3,2,1,4,10:10,80,E10000017,3,671,1,40,1,4,6,0,0,0,1,1,2,0,0,2,1,E01025347,23-02-2018,1,1,3,2,27,6,3,6,9,0,0,-1,0,2
32214,80.32745423,26.44905834,4,3,2,1,6,11:54,75,E10000017,3,6119,1,50,1,4,6,0,0,0,1,1,2,0,0,2,1,E01025074,25-02-2018,1,1,1,2,39,7,3,0,0,0,0,-1,9,3
32215,80.27360961,26.46348782,4,3,2,3,4,20:45,80,E10000017,3,59,6,60,3,4,6,0,0,0,4,3,2,0,0,2,1,E01025354,23-02-2018,2,2,1,1,45,7,3,0,0,0,0,-1,19,3
32216,80.26841924,26.47189724,4,2,1,1,6,21:58,80,E10000017,6,0,6,60,0,-1,-1,0,0,0,6,1,2,0,0,2,1,E01025340,25-02-2018,1,1,3,1,45,7,2,9,9,0,0,-1,0,3
32217,80.30283552,26.46503763,4,2,4,2,4,08:43,80,E10000017,1,65,3,70,5,4,6,0,0,0,1,3,2,0,0,2,1,E01025074,23-02-2018,1,1,1,1,29,6,3,0,0,0,0,-1,5,1
32218,80.30691299,26.46759472,4,3,1,1,2,07:06,80,E10000017,1,65,3,70,5,4,6,0,0,0,1,3,3,0,0,2,1,E01025074,28-02-2018,1,3,1,2,55,8,3,0,0,0,0,-1,9,3
32219,80.33805104,26.44281537,4,3,2,1,2,05:48,70,E06000008,3,666,6,30,3,4,6,0,0,0,4,1,1,0,0,1,1,E01012590,28-02-2018,2,1,1,2,21,5,3,0,0,0,0,-1,9,1
32220,80.32037082,26.46450989,4,3,1,1,7,15:14,70,E06000008,6,0,2,30,0,-1,-1,0,0,0,1,1,2,0,0,1,1,E01012654,26-02-2018,2,2,2,1,33,6,3,0,0,1,0,-1,9,1
32221,80.31262033,26.47483122,4,2,2,3,2,17:45,70,E06000008,6,0,6,30,0,-1,-1,0,0,0,1,2,2,0,0,1,1,E01012632,28-02-2018,2,1,1,1,32,6,3,0,0,0,0,-1,19,2
32222,80.31472657,26.47860642,4,3,2,1,6,12:35,70,E06000008,6,0,6,30,3,4,6,0,0,0,1,1,2,0,0,1,2,E01012578,25-02-2018,1,1,1,1,50,8,3,0,0,0,0,-1,9,3
32223,80.26611858,26.44922982,4,3,1,1,2,16:37,70,E06000008,6,0,6,30,3,4,6,0,0,0,1,2,2,0,2,1,1,E01012624,28-02-2018,2,2,1,1,45,7,2,0,0,0,0,-1,9,3
32224,80.29679235,26.45918354,4,3,2,2,6,15:20,70,E06000008,3,666,2,30,0,-1,-1,0,0,0,1,1,1,0,0,1,2,E01012644,18-02-2018,2,3,2,2,45,7,2,0,0,1,0,-1,9,3
32225,80.29684291,26.45900999,4,3,2,2,4,20:20,70,E06000008,6,0,6,30,9,4,6,0,0,0,4,3,4,0,0,1,1,E01012630,23-02-2018,1,1,3,1,40,7,2,1,1,0,0,-1,0,1
32226,80.3361652,26.45513236,4,3,1,1,3,17:00,70,E06000008,6,0,6,30,3,4,6,0,0,0,1,1,2,0,0,1,2,E01012600,22-02-2018,1,1,1,1,8,2,3,0,0,0,0,-1,1,1
32227,80.28138443,26.4677379,4,1,2,3,3,14:30,80,E10000017,3,59,6,60,3,4,6,0,0,0,1,1,1,0,0,2,1,E01025334,01-03-2018,1,1,1,1,44,7,3,0,0,0,0,-1,9,1
32228,80.30591181,26.47365299,4,3,1,1,3,16:00,80,E10000017,6,0,6,30,0,-1,-1,0,0,0,1,1,2,0,0,2,2,E01025318,22-02-2018,2,2,1,2,56,9,3,0,0,0,0,-1,9,1
32229,80.31411018,26.44020087,4,3,2,1,2,15:30,70,E06000008,3,677,6,30,6,2,6,0,0,4,1,1,1,0,0,1,2,E01012575,21-02-2018,1,1,1,1,33,6,3,0,0,0,0,-1,9,1
32230,80.29725941,26.46384084,4,3,1,1,2,20:45,70,E06000008,4,6391,6,60,8,4,6,0,0,0,6,3,3,0,0,2,1,E01012626,28-02-2018,1,1,3,2,87,11,3,9,9,0,0,-1,0,1
32231,80.33556848,26.47039409,4,3,2,1,2,17:15,80,E10000017,6,0,6,30,9,4,6,0,0,0,1,1,1,0,0,1,2,E01025347,28-02-2018,1,1,1,1,55,8,3,0,0,0,0,-1,9,1
32232,80.28289739,26.47229042,4,3,2,1,2,15:29,70,E06000008,6,0,6,30,3,4,6,0,0,0,1,1,1,0,0,1,1,E01012574,28-02-2018,1,1,1,1,64,9,3,0,0,0,0,-1,9,3
32233,80.33942821,26.45276104,4,3,3,3,2,12:21,75,E10000017,4,6231,6,30,3,4,6,0,0,4,1,1,1,0,0,1,1,E01025055,28-02-2018,1,1,3,1,73,10,3,4,2,0,0,-1,0,1
32234,80.27149497,26.47632048,4,3,1,1,3,03:15,75,E10000017,5,639,6,30,3,2,6,0,0,5,4,2,2,0,0,1,1,E01025041,01-03-2018,1,1,3,1,12,3,2,5,2,0,0,-1,0,1
32235,80.32291966,26.44460633,4,3,2,1,2,16:58,75,E10000017,6,0,6,30,3,4,6,0,0,8,1,1,2,0,0,1,1,E01025080,28-02-2018,1,1,1,1,42,7,3,0,0,0,0,-1,10,3
32236,80.31781369,26.4517311,4,3,2,1,4,13:20,70,E06000008,3,674,6,30,3,4,6,0,0,0,1,1,1,0,0,1,2,E01012655,02-03-2018,1,1,1,2,17,4,2,0,0,0,0,-1,9,3
32237,80.32348242,26.43686669,4,3,2,1,4,12:25,70,E06000008,3,677,6,30,3,2,6,0,0,4,1,1,1,0,0,1,1,E01012575,02-03-2018,2,1,1,1,56,9,3,0,0,0,0,-1,1,2
32238,80.31040626,26.4549325,4,3,3,1,3,16:30,75,E10000017,6,0,6,30,3,2,6,0,0,5,1,1,1,0,0,1,1,E01025036,01-03-2018,2,1,1,1,71,10,3,0,0,0,0,-1,1,2
32239,80.31192809,26.4709168,4,3,2,1,3,20:15,75,E10000017,6,0,6,30,3,4,6,0,0,0,4,2,2,0,0,1,1,E01025047,01-03-2018,1,1,3,1,19,4,3,1,1,0,0,-1,0,2
32240,80.29950957,26.46324504,4,3,2,1,7,15:33,70,E06000008,6,0,6,30,6,4,6,0,0,0,1,5,4,0,0,1,1,E01012642,12-02-2018,1,1,1,1,18,4,1,0,0,0,0,-1,9,1
32241,80.33518257,26.47028543,4,3,1,1,4,18:30,70,E06000008,6,0,6,30,3,4,6,0,0,0,4,9,2,0,2,1,2,E01012658,02-03-2018,2,2,1,2,19,4,2,0,0,0,0,-1,9,2
32242,80.33133546,26.48018797,4,3,1,1,4,08:50,75,E10000017,6,0,6,30,3,4,6,0,0,0,1,1,2,0,0,1,2,E01025036,02-03-2018,1,1,1,1,28,6,2,0,0,0,0,-1,9,2
32243,80.27044663,26.46742995,4,3,2,1,5,10:00,70,E06000008,3,677,6,30,9,2,6,0,0,8,1,1,1,0,0,1,2,E01012575,03-03-2018,2,1,1,1,39,7,3,0,0,0,0,-1,19,1
32244,80.26645424,26.4471731,4,3,2,2,5,11:34,70,E06000008,6,0,2,30,6,2,6,0,0,5,1,1,1,0,0,1,1,E01012655,03-03-2018,2,1,1,2,39,7,3,0,0,0,0,-1,9,1
32245,80.33724176,26.44861097,4,3,2,1,2,08:54,70,E06000008,6,0,6,30,3,4,6,0,0,0,1,1,1,4,0,1,1,E01012644,07-03-2018,1,1,3,1,27,6,3,5,1,0,0,-1,0,1
32246,80.28440545,26.44082206,4,3,1,2,6,15:30,80,E10000017,6,0,6,60,0,-1,-1,0,0,0,1,1,1,0,0,2,1,E01025321,04-03-2018,2,1,1,1,45,7,3,0,0,0,0,-1,9,1
32247,80.30137376,26.43703346,4,3,1,1,1,03:20,70,E06000008,6,0,2,30,3,4,6,0,0,0,4,1,1,0,0,1,1,E01012644,06-03-2018,2,1,1,2,40,7,3,0,0,0,0,-1,9,2
32248,80.30833834,26.44093638,4,3,3,2,1,09:55,73,E10000017,3,674,6,30,6,2,4,6447,0,4,1,1,1,0,0,2,1,E01024977,06-03-2018,1,1,1,2,54,8,3,0,0,0,0,-1,9,3
32249,80.27299666,26.47584866,4,3,2,1,2,19:40,75,E10000017,4,6234,6,30,3,4,6,0,0,0,4,1,1,0,0,2,1,E01025080,07-03-2018,1,1,3,1,14,3,2,6,9,0,0,-1,0,1
32250,80.28782808,26.48149863,4,2,1,1,3,09:58,80,E10000017,6,0,6,30,0,-1,-1,0,0,0,1,1,1,0,0,1,1,E01025346,08-03-2018,1,1,1,1,20,4,3,0,0,0,0,-1,9,2
32251,80.30074075,26.47836779,4,3,2,2,2,20:59,75,E10000017,3,679,6,40,3,4,6,0,0,0,4,9,2,0,0,1,1,E01025052,07-03-2018,1,2,2,1,20,4,3,0,0,1,0,-1,9,3
32252,80.31448049,26.45054295,4,3,1,1,3,18:40,80,E10000017,3,671,6,30,9,4,6,0,0,0,4,1,1,0,0,2,1,E01025339,08-03-2018,1,3,2,2,20,4,3,0,0,2,0,-1,9,2
32253,80.31303392,26.45980035,4,2,2,1,4,17:30,70,E06000008,6,0,1,30,2,4,3,666,0,0,4,2,2,0,0,1,1,E01012580,02-02-2018,2,1,1,1,58,9,3,0,0,0,0,-1,9,3
32254,80.33552321,26.44214674,4,2,1,1,5,23:10,70,E06000008,6,0,6,40,0,-1,-1,0,0,0,4,1,2,0,0,1,1,E01012632,10-03-2018,1,1,2,1,15,3,3,0,0,2,0,-1,9,3
32255,80.31896742,26.46915169,4,3,2,1,4,15:48,70,E06000008,3,6177,6,30,0,-1,-1,0,0,0,1,1,1,0,0,1,1,E01012631,09-03-2018,1,1,1,1,71,10,3,0,0,0,0,-1,9,2
32256,80.32577551,26.4630747,4,3,2,1,1,16:15,70,E06000008,6,0,6,30,0,-1,-1,0,0,0,1,1,1,0,0,1,1,E01012649,13-03-2018,1,1,1,1,50,8,3,0,0,0,0,-1,9,-1
32257,80.3042233,26.46365048,4,3,2,1,1,07:40,80,E10000017,4,6243,6,30,3,3,6,0,0,0,1,1,1,0,0,1,1,E01025330,13-03-2018,1,1,1,1,51,8,3,0,0,0,0,-1,9,2
32258,80.26952561,26.43708342,4,3,1,1,6,08:07,70,E06000008,6,0,6,30,6,4,6,0,0,0,1,1,1,0,0,2,1,E01012626,11-03-2018,1,1,1,2,18,4,2,0,0,0,0,-1,9,1
32259,80.28766871,26.4448131,4,3,2,2,2,15:40,75,E10000017,6,0,2,30,3,4,6,0,0,0,1,1,1,0,0,1,1,E01025067,07-03-2018,1,3,2,2,17,4,3,0,0,1,0,-1,9,-1
32260,80.27670519,26.45035543,4,1,1,1,3,02:51,75,E10000017,6,0,6,30,0,-1,-1,0,0,0,4,1,2,0,0,2,1,E01025061,15-03-2018,1,4,2,2,17,4,3,0,0,2,0,-1,9,1
32261,80.30007295,26.47785432,4,3,1,1,2,18:10,75,E10000017,6,0,6,30,3,4,6,0,0,0,1,2,2,0,0,2,2,E01025326,14-03-2018,2,2,1,1,69,10,3,0,0,0,0,-1,9,1
32262,80.32580848,26.4535896,4,3,2,2,2,17:30,80,E10000017,6,0,6,60,6,4,6,0,0,0,1,2,2,0,0,2,1,E01025346,14-03-2018,2,5,2,2,61,9,3,0,0,1,0,-1,9,1
32263,80.28854337,26.47628007,4,3,3,3,2,18:50,70,E06000008,6,0,6,30,0,-1,-1,0,0,1,4,2,2,0,0,1,2,E01012643,14-03-2018,1,1,1,2,27,6,3,0,0,0,0,-1,9,-1
32264,80.33483531,26.44059442,4,2,2,1,3,20:20,75,E10000017,3,6177,6,50,0,-1,-1,0,0,0,6,1,2,0,0,2,1,E01025080,15-03-2018,1,1,1,1,18,4,3,0,0,0,0,-1,9,1
32265,80.31342774,26.44598527,4,3,2,1,6,21:35,70,E06000008,4,6233,6,30,0,-1,-1,0,0,1,4,1,1,0,0,1,2,E01012633,11-03-2018,2,1,1,1,44,7,3,0,0,0,0,-1,9,2
32266,80.33666519,26.44931845,4,3,2,1,4,07:30,70,E06000008,6,0,6,30,9,4,6,0,0,0,1,1,1,0,0,1,2,E01012599,16-03-2018,1,1,1,2,19,4,3,0,0,0,0,-1,9,-1
32267,80.30469674,26.47381192,4,3,2,1,5,15:45,75,E10000017,6,0,6,30,6,2,6,0,0,0,1,1,1,0,0,1,1,E01025034,17-03-2018,2,2,1,2,25,5,3,0,0,0,0,-1,9,2
32268,80.33622388,26.44622414,4,3,2,3,5,15:50,70,E06000008,4,6233,6,30,0,-1,-1,0,0,0,1,1,1,0,0,1,1,E01012645,17-03-2018,2,1,1,2,33,6,3,0,0,0,0,-1,9,2
32269,80.28217816,26.45725697,4,2,1,1,6,15:20,80,E10000017,6,0,6,60,0,-1,-1,0,0,0,1,1,1,0,0,2,1,E01025342,18-03-2018,3,2,1,2,39,7,3,0,0,0,0,-1,9,2
32270,80.2794229,26.45526289,4,2,2,3,7,17:50,70,E06000008,6,0,6,30,0,-1,-1,0,0,0,1,1,1,0,0,1,1,E01012572,19-03-2018,3,1,1,1,54,8,3,0,0,0,0,-1,9,2
32271,80.31686836,26.46882923,4,3,2,1,6,21:30,70,E06000008,3,666,6,30,0,-1,-1,0,0,0,4,2,2,0,0,1,1,E01012599,11-03-2018,1,1,3,1,17,4,3,5,1,0,0,-1,0,1
32272,80.30547274,26.45100316,4,3,3,2,1,10:40,80,E10000017,3,59,6,60,0,-1,-1,0,0,0,1,1,1,0,0,2,1,E01025336,20-03-2018,2,1,1,1,56,9,3,0,0,0,0,-1,9,2
32273,80.32829518,26.44831071,4,3,1,3,1,18:00,70,E06000008,6,0,6,30,0,-1,-1,0,0,0,1,1,1,0,2,1,2,E01012576,20-03-2018,1,1,1,1,19,4,2,0,0,0,0,-1,9,3
32274,80.28580789,26.4728369,4,2,1,1,1,15:20,75,E10000017,6,0,6,20,0,-1,-1,0,0,0,1,1,1,0,0,1,1,E01025034,20-03-2018,1,1,1,2,20,4,2,0,0,0,0,-1,9,1
32275,80.33737275,26.44305151,4,3,2,1,3,17:10,80,E10000017,3,671,9,60,6,2,-1,-1,0,8,1,1,1,0,0,3,2,,15-03-2018,1,1,1,2,42,7,3,0,0,0,0,-1,9,-1
32276,80.28362155,26.4754759,4,3,2,1,3,16:35,70,E06000008,3,675,6,50,0,-1,-1,0,0,0,1,1,2,0,7,2,2,E01012628,15-03-2018,1,2,3,2,7,2,2,5,2,0,0,-1,0,2
32277,80.30415206,26.47597862,4,3,2,1,4,16:05,70,E06000008,3,678,1,30,1,4,6,0,0,0,1,1,1,0,0,1,1,E01012639,16-03-2018,2,1,1,2,24,5,3,0,0,0,0,-1,9,-1
32278,80.30238534,26.47274039,4,3,2,3,7,19:57,80,E10000017,3,59,6,60,3,4,6,0,0,0,4,1,2,0,0,2,1,E01025354,22-01-2018,2,1,2,1,20,4,3,0,0,2,0,-1,10,1
32279,80.27348436,26.47001746,4,3,2,1,2,12:29,75,E10000017,6,0,6,60,0,-1,-1,0,0,0,1,1,1,0,0,2,1,E01025074,21-03-2018,1,1,1,2,21,5,3,0,0,0,0,-1,9,-1
32280,80.31486033,26.46724716,4,3,1,1,7,16:20,70,E06000008,6,0,6,30,0,-1,-1,0,0,0,1,1,1,0,0,1,1,E01012651,19-03-2018,2,1,2,1,20,4,3,0,0,1,0,-1,9,2
32281,80.32129289,26.44407255,4,3,2,1,2,14:40,75,E10000017,6,0,6,30,3,4,6,0,0,0,1,1,1,0,0,1,1,E01025036,21-03-2018,2,1,1,2,50,8,3,0,0,0,0,-1,9,3
32282,80.28050913,26.46345917,4,3,2,1,4,07:44,75,E10000017,1,65,3,70,5,4,6,0,0,0,1,1,1,0,0,2,1,E01024888,16-03-2018,1,1,1,2,46,8,3,0,0,0,0,-1,9,3
32283,80.30255775,26.44128656,4,2,1,4,1,19:40,80,E10000017,4,6243,6,60,0,-1,-1,0,0,0,6,1,1,0,0,2,1,E01025351,20-03-2018,1,2,2,2,19,4,3,0,0,1,0,-1,9,-1
32284,80.31516697,26.47889863,4,3,2,1,3,10:00,70,E06000008,3,666,6,30,3,2,6,0,0,4,1,1,2,0,0,1,1,E01012589,22-03-2018,1,1,1,1,54,8,3,0,0,0,0,-1,9,3
32285,80.31027381,26.44774797,4,1,1,1,6,09:38,75,E10000017,1,65,3,70,0,-1,-1,0,0,0,1,1,2,0,0,2,1,E01025074,18-03-2018,2,2,1,2,80,11,2,0,0,0,0,-1,9,2
32286,80.26430051,26.45598069,4,3,2,1,3,11:39,75,E10000017,3,679,6,30,3,4,6,0,0,0,1,1,1,0,0,1,1,E01025067,22-03-2018,1,1,3,2,13,3,3,5,3,0,0,-1,0,1
32287,80.32243408,26.45437213,4,2,1,1,3,16:53,70,E06000008,6,0,6,30,0,-1,-1,0,0,0,1,1,1,0,0,1,1,E01012620,22-03-2018,1,1,1,1,48,8,2,0,0,0,0,-1,19,3
32288,80.30051552,26.4459714,4,3,2,1,5,18:35,75,E10000017,6,0,6,30,3,4,6,0,0,0,1,1,1,0,0,1,2,E01025083,17-03-2018,2,1,1,2,38,7,3,0,0,0,0,-1,9,2
32289,80.28785924,26.46667245,4,3,4,1,2,21:15,75,E10000017,3,680,6,30,3,3,6,0,0,5,4,2,2,0,0,1,1,E01025032,21-03-2018,1,1,1,1,31,6,3,0,0,0,0,-1,9,1
32290,80.2851779,26.46076715,4,3,2,1,5,12:50,80,E10000017,3,59,6,60,3,4,6,0,0,0,1,1,1,0,0,2,2,E01025349,17-03-2018,2,2,1,2,17,4,3,0,0,0,0,-1,9,1
32291,80.30180518,26.4386665,4,3,2,1,5,19:30,80,E10000017,1,65,3,70,0,-1,-1,0,0,0,6,1,2,0,0,2,1,E01025080,24-03-2018,2,3,2,2,18,4,3,0,0,1,0,-1,9,2
32292,80.30419588,26.45182724,4,2,1,1,5,22:10,75,E10000017,4,6236,6,30,3,4,6,0,0,0,4,1,2,0,0,1,1,E01025080,24-03-2018,2,1,1,2,17,4,3,0,0,0,0,-1,9,1