Accident_Index,longitude,latitude,Police_Force,Accident_Severity,Number_of_Vehicles,Number_of_Casualties,Day_of_Week,Time,Local_Authority_(District),Local_Authority_(Highway),1st_Road_Class,1st_Road_Number,Road_Type,Speed_limit,Junction_Detail,Junction_Control,2nd_Road_Class,2nd_Road_Number,Pedestrian_Crossing-Human_Control,Pedestrian_Crossing-Physical_Facilities,Light_Conditions,Weather_Conditions,Road_Surface_Conditions,Special_Conditions_at_Site,Carriageway_Hazards,Urban_or_Rural_Area,Did_Police_Officer_Attend_Scene_of_Accident,LSOA_of_Accident_Location,Date,Vehicle_Reference,Casualty_Reference,Casualty_Class,Sex_of_Casualty,Age_of_Casualty,Age_Band_of_Casualty,Casualty_Severity,Pedestrian_Location,Pedestrian_Movement,Car_Passenger,Bus_or_Coach_Passenger,Pedestrian_Road_Maintenance_Worker,Casualty_Type,Casualty_Home_Area_Type
32293,80.29845973,26.44898605,4,3,2,1,2,11:16,75,E10000017,6,0,6,30,6,2,6,0,0,0,1,1,1,0,0,1,1,E01025041,14-03-2018,2,2,2,2,17,4,3,0,0,1,0,-1,9,1
32294,80.33439257,26.46505141,4,3,1,1,7,16:50,75,E10000017,6,0,6,30,3,4,6,0,0,1,1,1,1,0,0,1,2,E01025036,26-03-2018,1,1,1,1,44,7,3,0,0,0,0,-1,19,-1
32295,80.28381218,26.47855991,4,1,1,1,7,23:20,80,E10000017,3,671,6,60,0,-1,-1,0,0,0,6,1,1,0,0,2,1,E01025341,26-03-2018,2,1,1,2,12,3,3,0,0,0,0,-1,1,1
32296,80.33780796,26.44258246,4,2,2,1,7,13:13,70,E06000008,3,6062,6,30,3,4,6,0,0,0,1,1,1,0,0,1,1,E01012610,26-03-2018,1,1,1,2,31,6,2,0,0,0,0,-1,9,2
32297,80.29537323,26.46341054,4,3,2,2,4,11:00,75,E10000017,6,0,6,30,3,4,6,0,0,0,1,1,1,0,0,2,2,E01025072,23-03-2018,1,2,2,2,1,1,2,0,0,1,0,-1,9,2
32298,80.27436714,26.4716241,4,3,1,1,2,12:00,75,E10000017,6,0,2,30,0,-1,-1,0,0,0,1,1,1,0,0,1,1,E01025036,28-03-2018,1,1,1,1,39,7,1,0,0,0,0,-1,9,1
32299,80.34080983,26.46355056,4,3,2,1,5,12:40,75,E10000017,3,6185,3,30,0,-1,-1,0,0,0,1,1,1,0,0,1,1,E01025044,24-03-2018,2,1,1,2,30,6,2,0,0,0,0,-1,9,3
32300,80.33490703,26.47137352,4,3,1,1,3,14:20,70,E06000008,6,0,2,30,0,-1,-1,0,0,0,1,1,1,0,0,1,1,E01012650,29-03-2018,1,1,1,1,50,8,3,0,0,0,0,-1,9,1
32301,80.31813174,26.45723608,4,3,2,1,3,15:20,70,E06000008,6,0,6,30,0,-1,-1,0,0,0,1,1,1,0,1,1,1,E01012615,29-03-2018,2,2,1,2,72,10,2,0,0,0,0,-1,9,3
32302,80.31196098,26.45018095,4,3,1,4,2,12:27,75,E10000017,4,6535,6,30,0,-1,-1,0,0,0,1,1,1,0,7,1,1,E01025063,28-03-2018,1,1,1,1,37,7,2,0,0,0,0,-1,9,1
32303,80.26970991,26.47687204,4,3,3,2,3,11:50,75,E10000017,1,65,3,70,0,-1,-1,0,0,0,1,1,1,0,0,2,1,E01025074,29-03-2018,2,2,1,2,46,8,2,0,0,0,0,-1,9,3
32304,80.28221195,26.47751645,4,3,1,1,1,12:10,70,E06000008,6,0,6,30,3,4,6,0,0,0,1,1,1,0,0,1,1,E01012644,27-03-2018,1,1,3,2,75,10,3,5,9,0,0,-1,0,1
32305,80.31204811,26.44383466,4,3,1,1,4,17:05,70,E06000008,3,679,6,30,6,4,6,0,0,0,1,2,2,0,2,1,1,E01012573,30-03-2018,1,1,1,1,24,5,3,0,0,0,0,-1,9,1
32306,80.27734933,26.44092492,4,3,2,1,3,13:35,70,E06000008,6,0,6,30,9,2,6,0,0,0,1,1,1,4,0,1,2,E01012576,15-03-2018,2,1,1,2,48,8,3,0,0,0,0,-1,1,3
32307,80.31211197,26.45086883,4,3,1,1,3,15:40,70,E06000008,6,0,2,30,0,-1,-1,0,0,0,1,1,1,0,0,1,1,E01012573,29-03-2018,1,1,1,1,17,4,2,0,0,0,0,-1,3,2
32308,80.30799678,26.44142845,4,1,1,2,7,19:26,80,E10000017,3,671,6,60,0,-1,-1,0,0,0,1,1,1,0,0,2,1,E01025341,02-04-2018,1,1,3,1,60,9,3,5,1,0,0,-1,0,1
32309,80.31334226,26.47054404,4,3,2,2,4,06:51,70,E06000008,3,666,6,30,3,2,6,0,0,4,1,2,2,0,0,1,2,E01012599,30-03-2018,1,1,1,1,61,9,3,0,0,0,0,-1,1,2
32310,80.28945976,26.47669669,4,3,2,1,5,20:25,80,E10000017,3,59,6,60,3,3,6,0,0,0,4,1,1,0,0,2,1,E01025333,31-03-2018,2,1,1,1,8,2,3,0,0,0,0,-1,1,1
32311,80.31189649,26.4762112,4,3,2,1,5,18:00,75,E10000017,6,0,6,30,0,-1,-1,0,0,0,1,2,2,0,0,1,1,E01025061,24-03-2018,1,1,1,1,27,6,3,0,0,0,0,-1,9,2
32312,80.32398003,26.45543763,4,3,2,1,5,07:45,75,E10000017,3,6119,3,50,0,-1,-1,0,0,0,1,1,1,0,0,1,1,E01025074,31-03-2018,2,1,1,2,10,2,3,0,0,0,0,-1,1,-1
32313,80.26572068,26.43855419,4,3,2,3,6,21:50,70,E06000008,6,0,6,30,3,4,6,0,0,0,4,1,1,0,0,1,1,E01012575,01-04-2018,2,1,1,1,50,8,3,0,0,0,0,-1,9,1
32314,80.29752138,26.4712227,4,3,1,2,1,18:11,80,E10000017,6,0,6,60,0,-1,-1,0,0,0,1,1,-1,6,2,2,1,E01025320,03-04-2018,2,2,2,2,50,8,3,0,0,1,0,-1,9,1
32315,80.3383868,26.4391763,4,3,2,1,7,15:55,80,E10000017,6,0,6,30,8,4,6,0,0,0,1,1,1,0,0,2,1,E01025317,02-04-2018,2,1,1,1,16,4,3,0,0,0,0,-1,2,3
32316,80.30687962,26.44381679,4,3,2,1,4,18:22,70,E06000008,3,666,6,50,0,-1,-1,0,0,0,1,2,2,0,2,2,1,E01012626,30-03-2018,1,2,2,2,79,11,3,0,0,1,0,-1,9,2
32317,80.31922359,26.47311455,4,3,2,1,3,14:00,75,E10000017,3,679,6,40,3,4,6,0,0,0,1,1,1,0,0,1,2,E01025079,05-04-2018,3,1,1,2,32,6,3,0,0,0,0,-1,9,1
32318,80.34023303,26.45455041,4,3,1,1,3,11:25,75,E10000017,6,0,6,30,3,4,6,0,0,0,1,1,1,0,0,1,1,E01025042,05-04-2018,1,1,1,1,34,6,3,0,0,0,0,-1,9,1
32319,80.31343353,26.46626912,4,2,3,4,3,17:35,75,E10000017,6,0,6,60,0,-1,-1,0,0,0,1,2,2,0,0,2,2,E01025074,05-04-2018,1,1,1,2,22,5,3,0,0,0,0,-1,9,1
32320,80.28228398,26.47566009,4,3,2,2,3,18:40,70,E06000008,1,65,3,70,0,-1,-1,0,0,0,1,1,1,0,0,2,1,E01012592,05-04-2018,2,2,1,2,25,5,3,0,0,0,0,-1,9,1
32321,80.32307098,26.43639882,4,3,2,2,1,13:55,70,E06000008,3,6177,6,40,0,-1,-1,0,0,0,1,1,1,0,0,2,1,E01012592,10-04-2018,2,1,2,2,38,7,3,0,0,1,0,-1,9,1
32322,80.28090159,26.48068088,4,3,2,2,6,08:50,70,E06000008,6,0,6,30,0,-1,-1,0,0,0,1,1,1,0,0,1,2,E01012631,08-04-2018,1,1,1,1,63,9,2,0,0,0,0,-1,9,2
32323,80.29779212,26.44427582,4,3,2,1,6,12:45,70,E06000008,3,678,1,30,1,4,3,6119,0,0,1,1,1,0,0,1,1,E01012639,08-04-2018,2,2,1,1,75,10,1,0,0,0,0,-1,9,3
32324,80.31213714,26.47270469,4,2,2,1,6,16:40,70,E06000008,3,666,6,30,3,3,6,0,0,8,1,1,1,0,0,1,1,E01012590,08-04-2018,2,3,2,2,74,10,1,0,0,1,0,-1,9,3
32325,80.28351846,26.46379621,4,3,2,2,7,08:55,80,E10000017,4,6478,6,60,0,-1,-1,0,0,0,1,1,2,0,0,2,1,E01025320,09-04-2018,2,1,1,2,51,8,3,0,0,0,0,-1,9,-1
32326,80.27297013,26.47394406,4,3,2,1,6,15:20,70,E06000008,4,6233,6,30,3,4,6,0,0,0,1,1,1,0,0,1,2,E01012633,08-04-2018,1,1,1,1,24,5,3,0,0,0,0,-1,9,1
32327,80.28577928,26.4706641,4,3,1,1,4,15:30,70,E06000008,6,0,6,30,3,4,6,0,0,0,1,2,2,0,0,1,1,E01012620,06-04-2018,1,1,1,2,17,4,3,0,0,0,0,-1,9,3
32328,80.34020451,26.4540843,4,1,1,1,7,22:11,75,E10000017,3,680,3,30,3,2,6,0,0,8,4,1,1,0,0,1,1,E01025068,09-04-2018,2,2,1,1,48,8,3,0,0,0,0,-1,9,1
32329,80.31836943,26.47200649,4,3,1,1,5,10:50,70,E06000008,6,0,6,30,3,4,6,0,0,0,1,1,2,0,0,1,1,E01012624,07-04-2018,2,3,2,2,54,8,3,0,0,1,0,-1,9,1
32330,80.32924628,26.44214695,4,3,2,1,5,19:37,70,E06000008,3,674,6,30,3,2,6,0,0,4,4,1,2,0,0,1,1,E01012655,10-03-2018,2,1,1,2,41,7,3,0,0,0,0,-1,9,1
32331,80.28596395,26.45756203,4,2,2,1,2,15:35,80,E10000017,4,6245,6,60,3,4,6,0,0,0,1,1,1,0,0,2,1,E01025342,11-04-2018,2,1,1,2,72,10,3,0,0,0,0,-1,9,3
32332,80.27626482,26.44197034,4,3,1,1,2,17:35,70,E06000008,3,677,6,30,0,-1,-1,0,0,0,1,1,1,0,0,1,1,E01012575,11-04-2018,1,1,1,2,41,7,1,0,0,0,0,-1,9,3
32333,80.29510658,26.44461324,4,3,2,2,2,12:00,80,E10000017,3,671,6,30,6,3,6,0,0,0,1,1,1,0,0,1,1,E01025335,11-04-2018,2,2,1,1,45,7,3,0,0,0,0,-1,21,2
32334,80.29019621,26.45641351,4,3,2,1,4,19:21,75,E10000017,6,0,6,30,0,-1,-1,0,0,0,1,2,2,0,0,1,1,E01025043,06-04-2018,2,1,1,1,41,7,3,0,0,0,0,-1,9,3
32335,80.29472701,26.4790515,4,2,2,1,3,21:28,75,E10000017,5,639,6,30,3,4,6,0,0,0,4,1,1,0,0,1,1,E01025036,12-04-2018,1,1,3,2,2,1,3,9,5,0,0,-1,0,1
32336,80.33913611,26.47148435,4,3,1,1,2,16:45,75,E10000017,6,0,6,30,0,-1,-1,0,0,0,1,1,1,0,0,1,2,E01025075,11-04-2018,2,1,1,2,26,6,3,0,0,0,0,-1,9,-1
32337,80.29893014,26.43988604,4,1,1,1,2,13:58,75,E10000017,6,0,6,30,3,4,6,0,0,0,1,1,1,0,0,1,2,E01025036,04-04-2018,2,1,1,1,51,8,3,0,0,0,0,-1,21,1
32338,80.27629732,26.47916424,4,3,2,2,5,13:55,75,E10000017,1,65,3,70,0,-1,-1,0,0,0,1,2,2,0,0,2,1,E01025211,14-04-2018,1,1,2,2,19,4,3,0,0,1,0,-1,9,2
32339,80.33392642,26.44721638,4,3,2,1,3,20:00,80,E10000017,3,682,6,60,0,-1,-1,0,0,0,1,1,1,0,0,2,1,E01025331,12-04-2018,1,1,1,1,13,3,2,0,0,0,0,-1,3,2
32340,80.33830505,26.45014291,4,3,1,1,5,11:30,70,E06000008,3,666,6,30,8,4,6,0,0,0,1,1,1,0,0,1,2,E01012590,14-04-2018,2,1,1,2,31,6,3,0,0,0,0,-1,9,1
32341,80.29795134,26.46726568,4,3,2,1,2,08:20,75,E10000017,4,6231,6,30,9,3,6,0,0,0,1,1,2,0,0,1,2,E01025075,04-04-2018,2,1,1,1,46,8,3,0,0,0,0,-1,9,1
32342,80.33467822,26.44664004,4,1,2,1,1,07:49,80,E10000017,3,682,6,60,8,4,6,0,0,0,1,1,1,0,0,2,1,E01025331,17-04-2018,2,1,2,1,22,5,3,0,0,0,0,-1,1,1
32343,80.30377204,26.43729175,4,3,2,1,7,15:50,70,E06000008,1,65,3,70,5,4,6,0,0,0,1,1,1,0,0,2,1,E01012632,16-04-2018,1,1,1,2,35,6,3,0,0,0,0,-1,9,1
32344,80.26550757,26.46599389,4,3,2,1,6,07:40,70,E06000008,6,0,6,30,3,4,6,0,0,0,1,1,1,0,0,1,1,E01012643,15-04-2018,1,1,1,2,20,4,3,0,0,0,0,-1,9,3
32345,80.28205836,26.48003832,4,3,1,1,4,10:40,70,E06000008,6,0,2,30,9,4,6,0,0,0,1,1,1,0,0,1,1,E01012654,13-04-2018,1,1,1,1,36,7,2,0,0,0,0,-1,9,1
32346,80.28477004,26.47860958,4,3,4,2,7,22:14,70,E06000008,6,0,6,30,2,2,6,0,0,0,4,1,1,0,0,1,1,E01012629,16-04-2018,1,1,1,1,35,6,3,0,0,0,0,-1,9,1
32347,80.33168318,26.44566994,4,2,2,3,1,18:00,75,E10000017,6,0,6,30,0,-1,-1,0,0,0,1,2,2,0,0,2,1,E01025054,17-04-2018,1,1,1,2,58,9,3,0,0,0,0,-1,9,-1
32348,80.31695703,26.45047122,4,3,2,2,5,19:00,75,E10000017,6,0,6,30,0,-1,-1,0,0,0,1,2,2,0,0,2,1,E01025072,14-04-2018,2,1,1,2,74,10,3,0,0,0,0,-1,9,-1
32349,80.32522155,26.47959029,4,3,2,1,5,08:20,75,E10000017,3,679,6,30,6,2,6,0,0,5,1,2,2,0,0,1,2,E01025044,14-04-2018,1,1,3,2,33,6,3,5,3,0,0,-1,0,3
32350,80.33231972,26.45192983,4,3,1,1,1,19:10,75,E10000017,3,56,3,70,0,-1,-1,0,0,0,1,2,2,0,0,2,1,E01025035,17-04-2018,2,1,1,1,31,6,3,0,0,0,0,-1,9,1
32351,80.30792872,26.4647098,4,3,1,1,3,18:50,70,E06000008,6,0,3,30,0,-1,-1,0,0,0,1,1,1,0,0,2,1,E01012590,12-04-2018,1,1,2,1,-1,-1,3,0,0,0,4,-1,11,2
32352,80.33591611,26.44930514,4,3,2,1,5,15:40,75,E10000017,6,0,6,30,6,4,6,0,0,0,1,1,1,0,0,1,2,E01025067,14-04-2018,1,1,1,1,17,4,3,0,0,0,0,-1,9,3
32353,80.28406137,26.44259678,4,3,3,1,1,17:35,75,E10000017,6,0,6,30,0,-1,-1,0,0,0,1,2,2,0,0,2,1,E01025054,17-04-2018,1,2,2,1,16,4,2,0,0,2,0,-1,9,3
32354,80.29085534,26.45988363,4,3,1,1,4,16:55,75,E10000017,6,0,6,30,3,4,6,0,0,0,1,1,1,0,0,1,1,E01025050,13-04-2018,1,3,2,1,16,4,3,0,0,1,0,-1,9,1
32355,80.28349812,26.44075658,4,3,2,1,6,19:00,75,E10000017,5,639,6,30,3,2,6,0,0,5,1,1,1,0,0,1,2,E01025041,15-04-2018,1,4,2,2,14,3,3,0,0,2,0,-1,9,2
32356,80.33276714,26.48071692,4,3,2,2,4,08:40,70,E06000008,3,677,6,30,3,4,6,0,0,0,1,1,1,0,0,1,2,E01012584,13-04-2018,1,1,3,1,16,4,3,10,5,0,0,-1,0,2
32357,80.2687442,26.48089509,4,3,2,1,2,09:54,70,E06000008,6,0,6,30,3,4,6,0,0,0,1,2,2,0,0,1,1,E01012632,18-04-2018,1,1,3,1,16,4,3,5,1,0,0,-1,0,1
32358,80.27876441,26.46579285,4,3,1,1,5,11:30,70,E06000008,6,0,2,30,3,4,3,666,0,0,1,9,2,0,0,1,2,E01012643,07-04-2018,1,1,1,2,40,7,3,0,0,0,0,-1,9,1
32359,80.31701632,26.43927146,4,3,2,2,2,19:45,70,E06000008,3,677,3,30,3,2,3,666,0,5,1,1,1,0,0,1,1,E01012643,18-04-2018,2,2,1,2,50,8,2,0,0,0,0,-1,9,2
32360,80.27028507,26.442751,4,3,3,1,2,08:36,70,E06000008,6,0,6,30,0,-1,-1,0,0,0,1,2,2,0,0,1,1,E01012631,18-04-2018,2,1,1,1,22,5,3,0,0,0,0,-1,1,1
32361,80.30740298,26.45391437,4,3,3,1,6,08:50,80,E10000017,3,671,6,60,0,-1,-1,0,0,0,1,1,1,0,0,2,1,E01025350,15-04-2018,1,1,1,1,21,5,3,0,0,0,0,-1,9,3
32362,80.28445067,26.45628604,4,3,1,1,4,15:50,80,E10000017,4,5269,6,30,3,4,6,0,0,0,1,1,1,0,0,2,1,E01025325,20-04-2018,1,1,1,1,32,6,3,0,0,0,0,-1,9,1
32363,80.32076461,26.44381051,4,3,1,2,5,23:28,70,E06000008,6,0,6,30,0,-1,-1,0,0,0,4,1,1,0,0,1,1,E01012587,24-03-2018,1,3,2,1,25,5,2,0,0,1,0,-1,9,-1
32364,80.30860632,26.45029411,4,3,1,1,2,15:45,70,E06000008,3,666,6,30,9,4,1,65,0,0,1,2,2,0,0,1,1,E01012590,18-04-2018,1,4,2,1,30,6,3,0,0,2,0,-1,9,-1
32365,80.26972796,26.46003435,4,3,1,1,7,11:30,75,E10000017,6,0,2,30,1,4,6,0,0,0,1,1,1,0,0,1,2,E01025041,16-04-2018,2,2,1,2,48,8,3,0,0,0,0,-1,9,3
32366,80.28794481,26.48108364,4,3,1,1,5,10:00,70,E06000008,3,666,6,30,3,3,6,0,0,0,1,1,1,0,0,1,1,E01012608,21-04-2018,2,5,2,2,23,5,2,0,0,2,0,-1,9,-1
32367,80.28679586,26.45703613,4,2,1,1,6,22:50,75,E10000017,6,0,6,60,0,-1,-1,0,0,0,6,1,1,0,0,2,1,E01025054,22-04-2018,2,6,2,1,17,4,3,0,0,1,0,-1,9,3
32368,80.29373658,26.48063103,4,3,1,2,7,18:12,70,E06000008,6,0,6,60,0,-1,-1,0,0,0,1,1,1,0,0,2,1,E01012628,23-04-2018,1,1,1,1,13,3,3,0,0,0,0,-1,1,-1
32369,80.28925161,26.46395394,4,3,2,2,7,11:39,75,E10000017,3,680,6,30,0,-1,-1,0,0,0,1,1,1,0,0,1,1,E01025037,23-04-2018,1,1,1,1,43,7,3,0,0,0,0,-1,5,1
32370,80.33525104,26.44684285,4,3,2,2,7,14:57,70,E06000008,3,677,6,30,3,4,6,0,0,4,1,1,1,0,0,1,1,E01012575,23-04-2018,2,1,1,1,18,4,3,0,0,0,0,-1,9,-1
32371,80.29407852,26.45965604,4,3,2,1,1,12:40,70,E06000008,6,0,6,30,3,4,6,0,0,0,1,1,1,0,0,1,1,E01012578,24-04-2018,2,1,2,2,53,8,3,0,0,1,0,-1,9,1
32372,80.3204643,26.45533285,4,3,2,2,1,12:52,70,E06000008,6,0,6,30,8,4,6,0,0,0,1,1,1,0,0,1,2,E01012618,24-04-2018,1,1,1,2,54,8,3,0,0,0,0,-1,9,2
32373,80.28938163,26.43778656,4,3,2,1,6,18:20,70,E06000008,6,0,6,30,6,2,6,0,0,5,1,9,2,0,0,1,2,E01012631,22-04-2018,1,1,1,1,35,6,2,0,0,0,0,-1,9,2
32374,80.32672032,26.46521105,4,3,2,2,7,14:30,75,E10000017,3,679,1,30,1,4,3,679,0,0,1,1,1,0,0,1,1,E01025041,23-04-2018,2,1,2,2,18,4,3,0,0,1,4,-1,9,1
32375,80.27401018,26.4396186,4,3,1,1,3,18:50,75,E10000017,6,0,6,30,0,-1,-1,0,0,0,1,1,1,0,0,1,1,E01025077,19-04-2018,1,2,2,1,15,3,3,0,0,1,0,-1,9,-1
32376,80.2825578,26.45838017,4,3,1,1,3,17:50,75,E10000017,6,0,6,30,3,4,6,0,0,0,1,1,1,0,0,1,1,E01025044,19-04-2018,2,1,2,1,24,5,3,0,0,1,0,-1,9,1
32377,80.33516131,26.47886813,4,3,2,3,7,16:40,75,E10000017,6,0,1,30,1,4,6,0,0,0,1,1,1,0,0,1,1,E01025041,23-04-2018,1,1,1,2,25,5,3,0,0,0,0,-1,9,3
32378,80.31232796,26.47316085,4,3,2,1,1,21:00,75,E10000017,6,0,6,30,9,4,6,0,0,0,4,1,1,0,0,1,2,E01025041,27-03-2018,1,2,2,1,9,2,3,0,0,2,0,-1,9,3
32379,80.28178179,26.45534048,4,3,1,1,5,16:10,70,E06000008,3,666,6,30,3,4,6,0,0,0,1,1,1,0,0,1,1,E01012629,21-04-2018,1,3,2,1,5,1,3,0,0,2,0,-1,9,3
32380,80.31382461,26.45449742,4,3,2,1,6,08:25,70,E06000008,4,6130,6,30,6,4,6,0,0,0,1,1,1,0,0,1,1,E01012640,22-04-2018,2,4,1,1,55,8,3,0,0,0,0,-1,9,1
32381,80.33556466,26.46371012,4,3,2,1,6,07:35,70,E06000008,6,0,6,30,3,4,6,0,0,0,1,1,1,0,0,1,1,E01012647,22-04-2018,2,1,1,1,49,8,3,0,0,0,0,-1,1,3
32382,80.33874088,26.46925883,4,3,2,1,3,08:30,75,E10000017,6,0,6,30,3,4,6,0,0,0,1,1,2,0,0,1,1,E01025066,12-04-2018,1,1,1,1,25,5,2,0,0,0,0,-1,9,1
32383,80.31079256,26.46076193,4,3,2,1,7,00:40,70,E06000008,3,674,6,30,2,4,6,0,0,0,4,1,1,0,0,1,2,E01012655,23-04-2018,1,1,1,1,38,7,3,0,0,0,0,-1,9,-1
32384,80.28748937,26.45203573,4,2,1,1,2,16:15,70,E06000008,6,0,6,30,3,4,6,0,0,0,1,1,1,0,0,1,1,E01012654,25-04-2018,2,1,1,1,18,4,3,0,0,0,0,-1,3,1
32385,80.27045172,26.44761624,4,3,2,1,3,07:20,70,E06000008,6,0,6,30,3,4,6,0,0,0,1,1,2,0,0,1,1,E01012639,26-04-2018,1,1,1,2,27,6,3,0,0,0,0,-1,9,1
32386,80.33134897,26.43832586,4,3,2,1,2,12:43,75,E10000017,3,678,6,30,6,4,6,0,0,0,1,1,1,0,0,2,1,E01025074,25-04-2018,2,1,1,1,42,7,3,0,0,0,0,-1,5,3
32387,80.3146789,26.4746259,4,3,2,1,1,14:19,80,E10000017,3,671,6,60,8,4,6,0,0,0,1,1,1,0,0,2,1,E01025340,24-04-2018,1,1,1,1,27,6,2,0,0,0,0,-1,4,1
32388,80.30871839,26.45640927,4,3,1,2,7,05:14,75,E10000017,3,56,3,60,5,4,6,0,0,0,4,1,1,0,0,2,1,E01024888,02-04-2018,1,1,1,1,41,7,2,0,0,0,0,-1,3,1
32389,80.3259929,26.45980604,4,3,4,1,4,08:25,82,E10000017,3,6177,6,50,0,-1,-1,0,0,0,1,1,1,0,0,2,1,E01025397,27-04-2018,1,1,3,1,5,1,3,5,3,0,0,-1,0,1
32390,80.26559599,26.47613215,4,2,1,1,5,15:35,75,E10000017,6,0,2,30,3,4,6,0,0,0,1,1,1,0,0,1,1,E01025036,28-04-2018,1,1,1,1,42,7,3,0,0,0,0,-1,19,1
32391,80.33973045,26.4753418,4,2,1,1,1,02:15,70,E06000008,6,0,6,30,0,-1,-1,0,0,0,4,1,1,0,0,1,1,E01012644,01-05-2018,2,1,1,2,28,6,3,0,0,0,0,-1,9,3
32392,80.27107123,26.47140868,4,3,2,1,2,18:30,70,E06000008,6,0,6,30,0,-1,-1,0,0,0,1,2,2,0,0,1,2,E01012619,02-05-2018,1,1,3,2,13,3,3,9,7,0,0,-1,0,2
32393,80.28658126,26.4710302,4,3,1,1,5,13:29,70,E06000008,6,0,6,30,0,-1,-1,0,0,0,1,1,1,0,0,1,1,E01012587,28-04-2018,1,1,1,1,48,8,3,0,0,0,0,-1,9,2
32394,80.28961701,26.46347235,4,3,1,1,4,09:02,70,E06000008,6,0,6,30,0,-1,-1,0,0,0,1,1,1,0,0,1,1,E01012605,20-04-2018,1,1,1,2,17,4,3,0,0,0,0,-1,9,1
32395,80.30793368,26.46064559,4,3,2,1,6,18:13,70,E06000008,3,666,6,30,3,4,6,0,0,0,1,1,1,3,0,1,1,E01012578,29-04-2018,2,2,1,1,34,6,3,0,0,0,0,-1,9,2
32396,80.30801678,26.45535096,4,3,2,1,5,20:26,70,E06000008,6,0,6,30,0,-1,-1,0,0,0,1,1,1,0,0,1,1,E01012631,28-04-2018,2,3,2,1,14,3,3,0,0,2,0,-1,9,-1
32397,80.31876297,26.47096162,4,3,2,6,2,14:40,80,E10000017,3,59,6,60,0,-1,-1,0,0,0,1,1,1,0,0,2,1,E01025323,02-05-2018,2,4,2,1,16,4,3,0,0,2,0,-1,9,1
32398,80.30794637,26.45908485,4,3,2,1,6,14:20,75,E10000017,3,6177,6,50,0,-1,-1,0,0,0,1,1,1,0,0,2,1,E01025080,29-04-2018,2,5,2,1,15,3,3,0,0,2,0,-1,9,1
32399,80.33946379,26.45509033,4,3,4,1,7,20:40,70,E06000008,6,0,6,30,0,-1,-1,0,0,0,1,1,1,0,0,1,1,E01012587,30-04-2018,2,6,2,1,17,4,3,0,0,2,0,-1,9,1
32400,80.33013957,26.47608986,4,3,2,2,4,17:35,70,E06000008,6,0,3,30,9,4,6,0,0,0,1,1,1,0,0,1,2,E01012619,30-03-2018,2,7,2,1,28,6,3,0,0,1,0,-1,9,1
32401,80.26662787,26.45413438,4,3,2,1,3,15:40,75,E10000017,1,65,3,70,5,4,6,0,0,0,1,1,1,0,0,2,2,E01025074,12-04-2018,2,1,1,2,17,4,3,0,0,0,0,-1,1,2
32402,80.31376791,26.48033839,4,2,1,1,7,18:25,75,E10000017,4,6231,3,30,0,-1,-1,0,0,0,1,1,1,0,0,1,1,E01025054,30-04-2018,2,1,1,1,50,8,2,0,0,0,0,-1,9,2
32403,80.31837815,26.44508417,4,3,2,1,1,17:30,70,E06000008,6,0,6,30,9,4,6,0,0,1,1,1,1,0,0,1,2,E01012643,10-04-2018,2,2,2,2,22,5,3,0,0,1,0,-1,9,2
32404,80.29271355,26.45600775,4,2,2,2,1,18:25,70,E06000008,3,6119,6,30,0,-1,-1,0,0,0,1,1,1,0,0,1,1,E01012639,01-05-2018,1,1,1,2,18,4,3,0,0,0,0,-1,9,1
32405,80.28629066,26.44219732,4,3,2,1,3,18:30,75,E10000017,6,0,2,30,3,4,6,0,0,0,1,1,1,0,0,1,2,E01025041,19-04-2018,1,1,3,2,16,4,3,9,9,0,0,-1,0,2
32406,80.26584737,26.46309023,4,3,2,1,5,18:02,70,E06000008,6,0,6,30,0,-1,-1,0,0,0,1,1,1,0,0,1,1,E01012617,28-04-2018,1,1,3,1,30,6,3,9,9,0,0,-1,0,-1
32407,80.28896893,26.45337951,4,3,1,1,7,11:00,75,E10000017,6,0,6,30,9,4,6,0,0,0,1,1,1,0,0,1,2,E01025041,30-04-2018,2,1,1,1,25,5,3,0,0,0,0,-1,9,1
32408,80.30504344,26.44446436,4,3,2,1,6,13:50,70,E06000008,6,0,1,30,1,4,6,0,0,0,1,1,1,0,0,1,2,E01012639,29-04-2018,2,1,1,1,34,6,3,0,0,0,0,-1,5,1
32409,80.28800709,26.45498818,4,3,2,2,3,13:10,70,E06000008,6,0,6,30,3,3,6,0,0,0,1,2,2,0,0,1,1,E01012654,03-05-2018,1,1,3,2,89,11,2,9,5,0,0,-1,0,2
32410,80.26824175,26.43762013,4,3,1,1,4,09:00,70,E06000008,6,0,6,30,0,-1,-1,0,0,0,1,2,2,0,0,1,2,E01012571,20-04-2018,1,1,1,2,25,5,3,0,0,0,0,-1,9,-1
32411,80.33679198,26.474394,4,3,2,1,1,19:30,70,E06000008,3,6119,3,50,3,2,6,0,0,0,1,1,1,0,0,1,2,E01012607,27-03-2018,2,1,1,1,18,4,3,0,0,0,0,-1,9,2
32412,80.30406846,26.45786049,4,3,2,2,7,16:26,70,E06000008,6,0,2,30,3,2,6,0,0,5,1,1,1,0,0,1,1,E01012629,23-04-2018,1,1,2,2,16,4,3,0,0,1,0,-1,9,2
32413,80.27677041,26.44224057,4,3,2,2,1,18:46,70,E06000008,6,0,6,30,3,4,6,0,0,0,1,1,2,0,0,1,1,E01012577,17-04-2018,1,1,3,1,31,6,3,9,8,0,0,-1,0,2