Accident_Index,longitude,latitude,Police_Force,Accident_Severity,Number_of_Vehicles,Number_of_Casualties,Day_of_Week,Time,Local_Authority_(District),Local_Authority_(Highway),1st_Road_Class,1st_Road_Number,Road_Type,Speed_limit,Junction_Detail,Junction_Control,2nd_Road_Class,2nd_Road_Number,Pedestrian_Crossing-Human_Control,Pedestrian_Crossing-Physical_Facilities,Light_Conditions,Weather_Conditions,Road_Surface_Conditions,Special_Conditions_at_Site,Carriageway_Hazards,Urban_or_Rural_Area,Did_Police_Officer_Attend_Scene_of_Accident,LSOA_of_Accident_Location,Date,Vehicle_Reference,Casualty_Reference,Casualty_Class,Sex_of_Casualty,Age_of_Casualty,Age_Band_of_Casualty,Casualty_Severity,Pedestrian_Location,Pedestrian_Movement,Car_Passenger,Bus_or_Coach_Passenger,Pedestrian_Road_Maintenance_Worker,Casualty_Type,Casualty_Home_Area_Type
32536,80.26810547,26.45326254,4,3,2,3,2,02:09,70,E06000008,6,0,3,30,6,2,6,0,0,5,4,1,2,0,0,1,1,E01012644,22-08-2018,2,1,1,1,60,9,3,0,0,0,0,-1,9,3
32537,80.27161185,26.43706043,4,3,2,1,3,12:35,70,E06000008,6,0,2,30,0,-1,-1,0,0,0,1,1,1,0,0,1,1,E01012655,23-08-2018,1,1,1,1,25,5,3,0,0,0,0,-1,9,-1
32538,80.33374132,26.4692116,4,3,2,3,2,16:37,70,E06000008,4,6231,6,30,3,4,6,0,0,0,1,1,1,0,0,1,1,E01012632,22-08-2018,1,2,2,1,25,5,3,0,0,1,0,-1,9,-1
32539,80.32547829,26.44048913,4,3,2,1,1,12:30,70,E06000008,3,679,6,30,3,4,6,0,0,0,1,1,1,0,0,1,1,E01012575,28-08-2018,2,1,1,1,46,8,3,0,0,0,0,-1,9,-1
32540,80.33391272,26.43832713,4,3,2,1,3,20:14,70,E06000008,3,666,3,30,3,-1,3,6119,0,0,4,2,2,0,0,1,1,E01012636,23-08-2018,1,1,1,1,54,8,3,0,0,0,0,-1,9,-1
32541,80.32913976,26.45611184,4,3,2,1,4,19:30,70,E06000008,6,0,2,30,0,-1,-1,0,0,0,1,2,2,0,0,1,1,E01012655,24-08-2018,1,1,3,1,44,7,3,5,1,0,0,-1,0,-1
32542,80.33307052,26.44263648,4,3,1,1,5,13:30,70,E06000008,6,0,6,30,3,4,6,0,0,1,1,9,1,0,0,1,1,E01012655,04-08-2018,2,1,1,2,22,5,2,0,0,0,0,-1,3,-1
32543,80.31821566,26.45736234,4,3,2,2,2,14:58,70,E06000008,6,0,6,30,3,4,6,0,0,0,1,1,1,0,0,1,1,E01012629,29-08-2018,1,1,2,2,39,7,3,0,0,1,0,-1,9,-1
32544,80.29719339,26.47822983,4,3,1,1,2,20:00,70,E06000008,6,0,6,30,3,4,6,0,0,0,1,1,1,0,0,1,1,E01012619,29-08-2018,1,2,2,2,14,3,3,0,0,2,0,-1,9,-1
32545,80.31387056,26.47113268,4,3,2,1,6,10:55,75,E10000017,3,6119,1,50,1,4,3,6119,0,0,1,1,1,0,0,2,1,E01025074,02-09-2018,1,3,2,1,12,3,3,0,0,2,0,-1,9,-1
32546,80.26710209,26.4416047,4,3,2,1,7,22:35,70,E06000008,6,0,6,30,3,4,6,0,0,0,4,1,1,0,2,1,1,E01012576,03-09-2018,1,4,2,1,13,3,3,0,0,2,0,-1,9,-1
32547,80.28269477,26.4753817,4,3,2,1,4,07:30,70,E06000008,6,0,6,30,9,4,6,0,0,0,1,1,1,0,0,1,1,E01012655,24-08-2018,1,1,2,1,42,7,3,0,0,1,0,-1,19,2
32548,80.32604995,26.4492397,4,3,2,1,3,07:15,75,E10000017,6,0,7,70,1,4,1,65,0,0,1,1,1,0,0,2,1,E01025046,30-08-2018,1,1,1,2,65,9,3,0,0,0,0,-1,9,3
32549,80.26707989,26.4721492,4,3,1,1,5,18:20,70,E06000008,6,0,6,30,9,-1,6,0,0,0,1,1,1,0,0,1,1,E01012625,01-09-2018,2,1,1,2,19,4,3,0,0,0,0,-1,9,3
32550,80.29564435,26.47069609,4,3,2,1,5,18:25,70,E06000008,3,666,6,30,9,4,6,0,0,0,1,1,1,0,0,1,1,E01012599,01-09-2018,2,2,2,2,16,4,3,0,0,1,0,-1,9,1
32551,80.29363188,26.45557977,4,3,1,1,6,22:30,70,E06000008,6,0,6,30,0,-1,-1,0,0,0,7,1,1,0,0,1,1,E01012620,02-09-2018,2,3,2,2,50,8,3,0,0,2,0,-1,9,3
32552,80.29641908,26.46710031,4,3,2,1,6,09:10,70,E06000008,6,0,6,30,3,4,6,0,0,0,1,1,1,0,0,1,1,E01012582,02-09-2018,2,4,2,1,59,9,3,0,0,2,0,-1,9,3
32553,80.29489349,26.44084523,4,3,2,1,1,15:10,70,E06000008,6,0,9,30,9,4,6,0,0,0,1,1,1,0,0,1,1,E01012572,04-09-2018,1,1,2,1,21,5,3,0,0,2,0,-1,9,1
32554,80.29418201,26.47620303,4,3,1,1,2,18:45,70,E06000008,6,0,6,30,0,-1,-1,0,0,0,1,1,1,0,0,1,1,E01012585,05-09-2018,3,1,1,2,33,6,3,0,0,0,0,-1,9,2
32555,80.3248343,26.46965924,4,3,2,1,4,18:30,70,E06000008,3,6119,1,30,1,2,3,666,0,5,1,1,1,0,0,1,1,E01012633,07-09-2018,2,1,2,2,72,10,3,0,0,2,0,-1,8,-1
32556,80.31707188,26.47179969,4,3,2,2,2,08:35,70,E06000008,3,677,6,30,3,4,6,0,0,0,1,1,1,0,0,1,1,E01012640,05-09-2018,1,1,1,1,41,7,3,0,0,0,0,-1,9,2
32557,80.3375421,26.45602897,4,3,1,1,5,18:00,70,E06000008,6,0,6,30,9,4,6,0,0,0,1,1,1,0,0,1,1,E01012655,08-09-2018,1,2,2,1,3,1,3,0,0,1,0,-1,9,2
32558,80.33759412,26.45114821,4,2,1,1,6,21:00,70,E06000008,6,0,6,30,0,-1,-1,0,0,0,7,1,1,0,0,1,1,E01012578,09-09-2018,1,1,3,2,5,1,2,5,1,0,0,-1,0,2
32559,80.33463743,26.44517442,4,3,2,1,6,07:20,70,E06000008,3,677,6,30,2,4,6,0,0,1,4,2,2,0,0,1,1,E01012588,09-09-2018,1,1,1,2,59,9,3,0,0,0,0,-1,9,1
32560,80.33634888,26.46122389,4,3,2,1,7,13:45,70,E06000008,3,666,2,30,0,-1,-1,0,0,0,1,1,1,0,0,1,1,E01012608,10-09-2018,2,1,1,2,21,5,3,0,0,0,0,-1,9,2
32561,80.31854004,26.4627162,4,3,1,1,4,13:15,70,E06000008,6,0,1,30,2,4,6,0,0,0,1,1,1,0,0,1,1,E01012593,31-08-2018,1,1,1,1,20,4,3,0,0,0,0,-1,9,1
32562,80.28299254,26.47946017,4,3,1,1,6,16:00,70,E06000008,6,0,6,30,0,-1,-1,0,0,0,1,1,1,0,0,1,1,E01012625,09-09-2018,1,1,3,2,11,3,2,5,2,0,0,-1,0,1
32563,80.28955366,26.45220021,4,3,2,2,2,13:36,70,E06000008,6,0,6,30,9,2,6,0,0,0,1,1,1,0,0,1,1,E01012575,12-09-2018,1,1,1,2,50,8,3,0,0,0,0,-1,8,1
32564,80.30754845,26.45837774,4,3,2,2,7,12:15,70,E06000008,6,0,3,30,7,2,6,0,0,0,1,1,2,0,0,1,1,E01012655,10-09-2018,1,2,2,2,45,7,3,0,0,2,0,-1,8,1
32565,80.31702567,26.44254612,4,2,1,1,4,18:55,70,E06000008,6,0,6,30,0,-1,-1,0,0,0,1,1,1,0,0,1,1,E01012579,14-09-2018,1,3,2,1,9,2,3,0,0,2,0,-1,8,2
32566,80.27307484,26.45804119,4,3,2,3,2,08:30,70,E06000008,6,0,6,30,9,4,6,0,0,0,1,1,1,0,0,1,1,E01012571,12-09-2018,1,1,1,1,17,4,3,0,0,0,0,-1,9,1
32567,80.26548859,26.46662889,4,3,2,1,6,16:00,70,E06000008,6,0,6,30,3,4,6,0,0,0,1,1,1,0,0,1,1,E01012620,03-06-2018,1,1,2,2,17,4,3,0,0,1,0,-1,9,-1
32568,80.27764324,26.47624413,4,3,3,1,5,18:29,70,E06000008,6,0,6,30,7,2,6,0,0,0,1,2,2,0,0,1,1,E01012575,15-09-2018,2,1,2,2,43,7,3,0,0,2,0,-1,9,2
32569,80.32139751,26.47989732,4,3,2,1,5,22:45,70,E06000008,6,0,6,30,3,2,6,0,0,0,4,9,1,0,0,1,1,E01012576,08-09-2018,2,1,1,2,52,8,3,0,0,0,0,-1,9,3
32570,80.26549537,26.46565072,4,3,1,1,6,21:35,70,E06000008,6,0,6,30,3,4,6,0,0,0,1,1,1,0,6,1,1,E01012658,16-09-2018,1,1,1,2,54,8,2,0,0,0,0,-1,9,-1
32571,80.28040714,26.45823613,4,3,2,3,2,13:41,70,E06000008,6,0,6,30,9,4,6,0,0,1,1,1,1,0,0,1,1,E01012595,19-09-2018,1,3,2,2,70,10,1,0,0,1,0,-1,9,-1
32572,80.33837255,26.47275251,4,2,1,1,2,15:30,70,E06000008,6,0,2,30,3,4,6,0,0,0,1,1,1,0,0,1,1,E01012588,19-09-2018,2,2,1,1,40,7,3,0,0,0,0,-1,9,1
32573,80.26601947,26.44825195,4,3,1,1,4,14:23,70,E06000008,3,666,3,30,0,-1,-1,0,0,0,1,1,1,0,0,1,1,E01012643,21-09-2018,2,4,2,2,39,7,2,0,0,1,0,-1,9,1
32574,80.32973348,26.44603388,4,3,3,3,6,08:42,70,E06000008,6,0,6,30,0,-1,-1,0,0,0,1,2,2,0,0,1,1,E01012657,23-09-2018,2,1,1,1,43,7,3,0,0,0,0,-1,20,1
32575,80.30076436,26.47306757,4,3,2,2,7,07:05,70,E06000008,3,666,6,30,3,2,6,0,0,5,1,1,1,0,0,1,1,E01012595,24-09-2018,2,1,1,1,37,7,3,0,0,0,0,-1,9,3
32576,80.3206466,26.47475564,4,2,1,1,7,13:20,70,E06000008,6,0,6,30,0,-1,-1,0,0,0,1,1,1,0,0,1,1,E01012586,24-09-2018,1,1,3,1,6,2,2,5,1,0,0,-1,0,2
32577,80.30166183,26.43988032,4,3,3,1,7,12:10,70,E06000008,4,6447,6,30,6,2,3,674,0,0,1,1,1,0,0,1,1,E01012623,24-09-2018,1,1,1,1,43,7,3,0,0,0,0,-1,9,2
32578,80.30540105,26.45670618,4,3,1,1,4,18:00,70,E06000008,3,666,2,30,6,-1,6,0,0,5,1,2,2,0,0,1,1,E01012644,28-09-2018,2,2,1,1,39,7,3,0,0,0,0,-1,9,2
32579,80.31173118,26.46708682,4,3,2,1,4,21:52,70,E06000008,6,0,3,30,9,2,6,0,0,5,4,8,2,0,0,1,1,E01012644,28-09-2018,2,1,2,2,10,2,3,0,0,2,0,-1,9,1
32580,80.26439667,26.44493951,4,2,2,1,6,15:28,80,E10000017,3,677,6,50,0,-1,-1,0,0,0,1,1,1,0,0,2,1,E01025337,30-09-2018,1,1,1,1,20,4,3,0,0,0,0,-1,9,1
32581,80.28013667,26.43904607,4,3,2,3,7,11:00,70,E06000008,3,674,6,30,3,2,6,0,0,5,1,2,2,0,0,1,1,E01012655,01-10-2018,2,2,1,2,18,4,2,0,0,0,0,-1,9,3
32582,80.33047622,26.43911603,4,3,2,1,3,16:00,70,E06000008,3,6119,3,50,3,2,6,0,0,5,1,1,1,0,0,1,1,E01012607,04-10-2018,2,3,2,1,43,7,3,0,0,1,0,-1,9,1
32583,80.31557505,26.45383236,4,3,2,1,4,08:38,70,E06000008,6,0,6,30,6,2,6,0,0,0,1,1,1,0,0,1,1,E01012583,05-10-2018,1,1,1,1,17,4,3,0,0,0,0,-1,9,2
32584,80.33304656,26.44657557,4,3,1,1,3,16:14,70,E06000008,6,0,6,30,3,4,6,0,0,0,1,1,1,0,0,1,1,E01012594,04-10-2018,1,2,2,1,17,4,3,0,0,1,0,-1,9,2
32585,80.2911229,26.44548308,4,2,1,1,5,12:40,70,E06000008,6,0,2,30,3,4,6,0,0,0,1,1,1,0,0,1,1,E01012655,06-10-2018,1,1,1,1,45,7,2,0,0,0,0,-1,5,-1
32586,80.27257375,26.44225145,4,3,1,1,4,13:54,70,E06000008,6,0,6,30,3,4,6,0,0,0,1,1,1,0,0,1,1,E01012655,05-10-2018,1,1,1,1,54,8,3,0,0,0,0,-1,9,1
32587,80.28568019,26.47624132,4,3,2,2,2,16:06,70,E06000008,6,0,6,30,3,4,6,0,0,0,1,1,1,0,0,1,1,E01012656,29-08-2018,1,2,2,2,42,7,3,0,0,1,0,-1,9,1
32588,80.29163778,26.47593931,4,3,2,1,4,09:39,70,E06000008,3,677,6,30,0,-1,-1,0,0,0,1,1,1,0,0,1,1,E01012586,05-10-2018,1,1,1,1,31,6,3,0,0,0,0,-1,19,2
32589,80.28270637,26.46197713,4,3,2,1,5,08:53,70,E06000008,6,0,6,30,3,4,3,666,0,0,1,1,1,0,0,1,1,E01012629,06-10-2018,1,2,2,1,19,4,3,0,0,1,0,-1,19,2
32590,80.27273105,26.45177212,4,3,2,1,6,13:00,70,E06000008,4,6231,1,30,1,4,4,6232,0,0,1,1,1,0,0,1,1,E01012632,07-10-2018,2,1,1,2,47,8,3,0,0,0,0,-1,9,3
32591,80.29976635,26.48142113,4,3,3,3,6,14:10,70,E06000008,3,666,3,30,7,2,3,679,0,0,1,1,1,0,0,1,1,E01012629,30-09-2018,1,1,3,1,81,11,2,9,5,0,0,-1,0,3
32592,80.29184625,26.47820147,4,3,2,1,3,16:55,70,E06000008,6,0,6,30,3,4,6,0,0,8,1,1,1,0,0,1,1,E01012658,11-10-2018,2,1,1,1,16,4,3,0,0,0,0,-1,2,2
32593,80.27927939,26.47943755,4,3,2,1,3,11:54,70,E06000008,3,6177,1,40,1,4,1,65,0,0,1,1,2,0,0,2,1,E01012592,11-10-2018,1,1,3,1,4,1,3,5,9,0,0,-1,0,1
32594,80.27566308,26.45363203,4,3,2,1,4,12:20,70,E06000008,3,674,6,30,3,4,6,0,0,0,1,1,1,0,0,1,1,E01012623,12-10-2018,2,1,2,1,31,6,2,0,0,0,0,-1,1,3
32595,80.32511663,26.45377621,4,3,3,1,6,16:30,70,E06000008,6,0,6,30,2,4,6,0,0,0,1,1,1,0,0,1,1,E01012629,14-10-2018,2,1,1,1,16,4,2,0,0,0,0,-1,2,3
32596,80.26707044,26.46857465,4,3,2,1,6,11:34,75,E10000017,1,65,3,70,1,4,3,678,0,0,1,1,1,0,0,2,1,E01025074,14-10-2018,2,1,1,1,19,4,3,0,0,0,0,-1,9,3
32597,80.28756578,26.46580319,4,3,1,1,6,18:36,70,E06000008,6,0,6,30,3,4,6,0,0,0,4,1,1,0,0,1,1,E01012622,14-10-2018,1,1,1,1,17,4,3,0,0,0,0,-1,9,1
32598,80.29453519,26.47588476,4,3,1,1,3,15:37,70,E06000008,6,0,6,30,0,-1,-1,0,0,1,1,1,1,0,0,1,1,E01012632,18-10-2018,2,2,1,2,34,6,3,0,0,0,0,-1,9,-1
32599,80.29223288,26.45847944,4,3,1,1,3,15:40,70,E06000008,6,0,6,30,0,-1,-1,0,0,0,1,1,1,0,0,1,1,E01012637,28-06-2018,1,1,1,1,31,6,2,0,0,0,0,-1,5,-1
32600,80.28113643,26.44682353,4,3,1,1,5,12:22,70,E06000008,3,677,6,30,3,2,6,0,0,5,1,1,2,0,0,1,1,E01012586,20-10-2018,2,2,1,1,26,6,3,0,0,0,0,-1,9,-1
32601,80.28628354,26.45174437,4,3,2,1,6,14:30,70,E06000008,3,666,6,30,3,4,6,0,0,0,1,2,2,0,0,1,1,E01012577,21-10-2018,2,3,2,2,25,5,3,0,0,1,0,-1,9,-1
32602,80.29757309,26.47824217,4,3,3,1,6,10:25,70,E06000008,6,0,1,30,2,4,6,0,0,0,1,2,2,0,0,1,1,E01012629,21-10-2018,1,1,1,1,29,6,2,0,0,0,0,-1,5,1
32603,80.29998522,26.44712522,4,3,2,3,6,16:45,70,E06000008,6,0,6,30,3,4,6,0,0,0,1,9,1,0,0,1,1,E01012631,21-10-2018,1,1,1,1,44,7,3,0,0,0,0,-1,21,3
32604,80.27109216,26.43844588,4,3,2,1,7,14:20,70,E06000008,6,0,6,30,1,4,6,0,0,0,1,2,2,0,0,1,1,E01012631,22-10-2018,2,1,1,2,30,6,3,0,0,0,0,-1,9,1
32605,80.27222433,26.43732533,4,3,2,1,7,07:45,70,E06000008,6,0,6,30,3,4,6,0,0,0,1,1,2,0,0,1,1,E01012655,22-10-2018,2,1,1,1,14,3,3,0,0,0,0,-1,1,-1
32606,80.28231776,26.46504574,4,3,1,2,1,09:49,70,E06000008,6,0,9,60,0,-1,-1,0,0,0,1,2,2,0,0,2,1,E01012611,23-10-2018,1,1,1,1,25,5,3,0,0,0,0,-1,9,-1
32607,80.27516049,26.45448027,4,3,2,1,3,16:45,70,E06000008,3,666,6,30,3,4,6,0,0,4,1,1,1,0,0,1,1,E01012593,27-09-2018,2,3,2,2,1,1,3,0,0,2,0,-1,9,3
32608,80.28593535,26.44217006,4,3,1,1,4,12:55,70,E06000008,6,0,6,30,0,-1,-1,0,0,1,1,1,1,0,0,1,1,E01012655,05-10-2018,3,1,1,1,72,10,3,0,0,0,0,-1,9,3
32609,80.26822849,26.43736554,4,3,1,2,1,01:21,70,E06000008,6,0,2,30,0,-1,-1,0,0,1,4,1,1,0,0,1,1,E01012655,02-10-2018,3,2,2,2,-1,-1,2,0,0,1,0,-1,9,3
32610,80.33263477,26.46657255,4,3,2,1,6,08:30,70,E06000008,6,0,6,30,0,-1,-1,0,0,0,1,9,2,0,0,1,1,E01012610,21-10-2018,1,1,3,2,16,4,3,5,3,0,0,-1,0,-1
32611,80.34000915,26.45231695,4,3,2,1,4,20:45,70,E06000008,6,0,6,30,9,4,6,0,0,0,4,1,1,0,0,1,1,E01012576,26-10-2018,2,1,1,2,74,10,3,0,0,0,0,-1,9,2
32612,80.31796526,26.48074066,4,2,2,1,5,13:30,70,E06000008,6,0,6,30,3,4,6,0,0,0,1,1,1,0,0,1,1,E01012576,27-10-2018,1,1,2,2,18,4,3,0,0,1,0,-1,9,1
32613,80.28868569,26.45828347,4,3,1,1,7,17:40,70,E06000008,6,0,6,30,0,-1,-1,0,0,0,4,1,1,0,0,2,1,E01012632,29-10-2018,1,2,1,1,19,4,3,0,0,0,0,-1,9,1
32614,80.3328049,26.4573745,4,2,1,1,7,18:25,70,E06000008,6,0,6,30,3,4,6,0,0,0,4,1,1,0,0,1,1,E01012595,29-10-2018,2,1,1,2,43,7,3,0,0,0,0,-1,9,3
32615,80.30230714,26.44011402,4,3,2,1,1,12:50,75,E10000017,3,677,6,30,0,-1,-1,0,0,0,1,1,2,0,0,1,1,E01012637,30-10-2018,2,1,1,1,40,7,3,0,0,0,0,-1,9,3
32616,80.33942022,26.45757391,4,3,2,1,2,09:35,70,E06000008,6,0,6,30,3,4,6,0,0,0,1,1,1,0,0,1,1,E01012573,31-10-2018,1,2,2,2,26,6,3,0,0,1,0,-1,9,-1
32617,80.3381517,26.43951328,4,2,1,1,2,17:40,70,E06000008,3,679,6,30,0,-1,-1,0,0,0,4,2,2,0,0,1,1,E01012640,31-10-2018,2,1,1,1,18,4,3,0,0,0,0,-1,9,3
32618,80.28955037,26.44444176,4,3,2,1,4,21:45,70,E06000008,3,677,6,30,9,4,6,0,0,0,4,2,2,0,0,1,1,E01012587,02-11-2018,1,1,1,2,21,5,3,0,0,0,0,-1,9,-1
32619,80.29576149,26.46270067,4,3,1,1,4,15:25,70,E06000008,6,0,6,30,6,2,3,677,0,0,1,2,2,0,0,1,1,E01012584,02-11-2018,3,1,1,2,32,6,3,0,0,0,0,-1,9,2
32620,80.302262,26.43951506,4,3,2,2,7,19:25,70,E06000008,6,0,6,30,8,4,6,0,0,0,1,1,1,0,0,1,1,E01012633,25-06-2018,1,1,1,1,19,4,3,0,0,0,0,-1,9,3
32621,80.33166264,26.43697457,4,3,2,1,4,20:05,70,E06000008,3,666,6,30,3,2,6,0,0,4,4,1,2,0,0,1,1,E01012599,02-11-2018,2,1,1,1,27,6,3,0,0,0,0,-1,9,1
32622,80.33681544,26.45447868,4,3,2,1,5,19:45,70,E06000008,4,6232,1,30,1,4,6,0,0,0,4,2,2,0,0,1,1,E01012632,03-11-2018,2,2,2,1,44,7,3,0,0,1,0,-1,9,1
32623,80.26905085,26.47950939,4,3,2,2,6,07:55,70,E06000008,6,0,6,30,3,4,6,0,0,0,1,2,2,0,0,1,1,E01012606,04-11-2018,1,1,1,2,28,6,3,0,0,0,0,-1,9,1
32624,80.31290537,26.48095335,4,3,2,2,7,18:15,70,E06000008,6,0,6,30,3,4,6,0,0,0,4,2,2,0,0,1,1,E01012588,05-11-2018,2,1,1,1,56,9,3,0,0,0,0,-1,9,1
32625,80.33431505,26.44027414,4,3,1,1,3,15:30,70,E06000008,4,6447,6,30,3,4,6,0,0,4,1,5,2,0,0,1,1,E01012584,08-11-2018,2,1,1,1,29,6,3,0,0,0,0,-1,5,1
32626,80.30735576,26.46415173,4,3,2,2,2,08:40,70,E06000008,3,6119,3,50,6,2,6,0,0,0,1,1,1,0,0,2,1,E01012632,07-11-2018,1,1,1,2,8,2,3,0,0,0,0,-1,1,1
32627,80.31111773,26.46561167,4,2,2,1,4,15:53,70,E06000008,3,6062,6,30,9,4,6,0,0,0,1,1,2,0,0,1,1,E01012609,09-11-2018,1,1,1,2,28,6,3,0,0,0,0,-1,3,2
32628,80.26425511,26.46032647,4,3,2,1,3,20:00,70,E06000008,6,0,1,30,1,4,6,0,0,0,4,2,2,0,0,1,1,E01012632,08-11-2018,1,1,3,1,50,8,3,9,5,0,0,-1,0,3
32629,80.33301398,26.44955383,4,3,2,1,4,08:54,70,E06000008,6,0,6,30,3,4,6,0,0,0,1,2,2,0,2,1,1,E01012657,09-11-2018,2,1,1,2,26,6,3,0,0,0,0,-1,9,2
32630,80.30869518,26.47516642,4,2,1,1,5,03:20,70,E06000008,6,0,6,30,0,-1,-1,0,0,0,4,2,2,0,0,1,1,E01012624,10-11-2018,1,1,3,2,40,7,3,5,1,0,0,-1,0,1
32631,80.3314696,26.4645928,4,3,1,2,6,02:13,70,E06000008,6,0,6,30,0,-1,-1,0,0,0,6,2,2,7,0,1,1,E01012609,11-11-2018,1,1,1,1,38,7,3,0,0,0,0,-1,21,1
32632,80.29831428,26.44447128,4,3,1,1,6,15:40,70,E06000008,6,0,6,30,0,-1,-1,0,0,0,1,1,1,0,0,1,1,E01012583,11-11-2018,2,2,1,1,32,6,3,0,0,0,0,-1,20,-1
32633,80.33048161,26.47022218,4,3,2,2,6,20:30,70,E06000008,6,0,6,30,0,-1,-1,0,0,0,4,1,1,0,0,1,1,E01012595,11-11-2018,2,3,2,1,40,7,3,0,0,0,0,-1,20,-1
32634,80.31565017,26.48052559,4,3,2,1,6,18:03,70,E06000008,4,6231,3,30,2,4,6,0,0,0,1,1,2,0,0,1,1,E01012599,11-11-2018,2,1,1,2,26,6,3,0,0,0,0,-1,9,3
32635,80.30909705,26.4611539,4,3,2,1,7,19:48,70,E06000008,6,0,6,30,7,4,6,0,0,0,1,2,2,0,0,1,1,E01012593,12-11-2018,1,1,1,1,17,4,2,0,0,0,0,-1,4,2
32636,80.26738762,26.47231146,4,3,1,1,1,16:40,70,E06000008,3,666,3,30,0,-1,-1,0,0,1,4,1,1,0,0,1,1,E01012643,13-11-2018,2,1,1,2,25,5,3,0,0,0,0,-1,9,1
32637,80.29151937,26.46711449,4,3,1,1,4,08:55,70,E06000008,6,0,6,30,8,4,6,0,0,0,1,1,1,0,0,1,1,E01012610,09-11-2018,1,1,3,2,63,9,3,6,8,0,0,-1,0,1
32638,80.33806271,26.44209751,4,3,3,1,2,10:55,70,E06000008,3,666,2,30,0,-1,-1,0,0,0,1,1,2,0,0,1,1,E01012595,14-11-2018,2,1,1,2,32,6,3,0,0,0,0,-1,9,3
32639,80.3388367,26.45106091,4,3,2,1,3,16:00,70,E06000008,3,666,2,30,3,4,6,0,0,0,1,1,1,0,0,1,1,E01012595,15-11-2018,1,1,1,1,33,6,2,0,0,0,0,-1,4,2
32640,80.27873445,26.4578135,4,3,2,1,3,08:00,70,E06000008,6,0,3,50,3,4,6,0,0,0,1,4,1,0,0,1,1,E01012581,15-11-2018,1,1,1,1,24,5,3,0,0,0,0,-1,19,1
32641,80.30900268,26.46984446,4,3,2,1,4,11:00,70,E06000008,6,0,6,30,0,-1,-1,0,0,8,1,1,1,0,0,1,1,E01012620,16-11-2018,2,2,1,2,36,7,3,0,0,0,0,-1,9,-1
32642,80.31301396,26.450079,4,3,2,1,5,09:49,75,E10000017,3,6119,3,50,3,2,6,0,0,0,1,1,2,0,0,1,1,E01025074,17-11-2018,1,1,1,2,60,9,3,0,0,0,0,-1,9,3
32643,80.34058292,26.44896974,4,3,2,1,6,22:02,70,E06000008,6,0,6,30,3,2,6,0,0,5,4,8,4,0,0,1,1,E01012655,18-11-2018,2,2,1,2,59,9,3,0,0,0,0,-1,9,1
32644,80.31106084,26.46867912,4,3,2,1,7,12:30,70,E06000008,6,0,6,30,9,4,6,0,0,0,1,9,2,0,0,1,1,E01012588,19-11-2018,1,1,1,2,62,9,3,0,0,0,0,-1,9,2
32645,80.30399822,26.4618328,4,3,2,2,1,11:41,70,E06000008,3,674,6,30,0,-1,-1,0,0,0,1,1,1,0,0,1,1,E01012618,13-11-2018,2,2,1,1,62,9,3,0,0,0,0,-1,9,1
32646,80.26927446,26.47497977,4,3,2,6,1,01:10,70,E06000008,6,0,6,30,6,4,6,0,0,0,4,1,4,0,0,1,1,E01012625,20-11-2018,2,3,2,2,62,9,3,0,0,1,0,-1,9,1
32647,80.27121668,26.4704209,4,3,2,1,1,21:30,70,E06000008,6,0,2,30,6,2,6,0,0,0,4,1,2,0,0,1,1,E01012655,20-11-2018,1,1,1,2,54,8,3,0,0,0,0,-1,9,2
32648,80.27892969,26.44945804,4,3,1,1,5,16:10,70,E06000008,4,6233,6,30,3,4,6,0,0,0,1,1,1,0,0,1,1,E01012644,24-11-2018,2,2,1,1,39,7,3,0,0,0,0,-1,5,1
32649,80.27409954,26.46920727,4,3,2,1,6,16:45,70,E06000008,6,0,6,30,3,4,6,0,0,0,4,1,4,0,0,1,1,E01012634,25-11-2018,1,1,1,1,44,7,1,0,0,0,0,-1,1,1
32650,80.31125151,26.46930163,4,3,2,1,3,10:41,70,E06000008,6,0,6,30,3,4,6,0,0,0,1,1,1,0,0,1,1,E01012613,15-11-2018,1,1,1,1,23,5,3,0,0,0,0,-1,9,1
32651,80.28947703,26.46153251,4,3,2,1,2,16:40,70,E06000008,3,6177,6,30,7,2,3,679,0,0,4,1,2,0,0,1,1,E01012629,28-11-2018,3,2,1,1,22,5,3,0,0,0,0,-1,9,1
32652,80.27135173,26.45323758,4,3,3,1,3,14:10,75,E10000017,3,6177,6,60,0,-1,-1,0,0,0,1,8,2,0,0,2,1,E01025080,29-11-2018,3,3,2,1,21,5,3,0,0,1,0,-1,9,1
32653,80.27244312,26.44685601,4,3,2,2,5,17:20,75,E10000017,3,678,1,50,1,4,3,6119,0,0,4,1,2,0,0,2,1,E01025074,24-11-2018,2,1,1,1,18,4,3,0,0,0,0,-1,9,1
32654,80.27942619,26.46932914,4,3,2,1,4,14:00,70,E06000008,3,677,1,30,1,4,6,0,0,0,1,9,1,0,0,1,1,E01012643,30-11-2018,1,1,1,2,50,8,1,0,0,0,0,-1,9,-1
32655,80.33489935,26.47214978,4,3,2,1,5,17:00,70,E06000008,6,0,6,30,3,4,6,0,0,4,4,9,2,0,0,1,1,E01012572,01-12-2018,1,3,2,2,35,6,2,0,0,1,0,-1,9,-1
32656,80.29819821,26.4812853,4,3,2,1,5,22:05,70,E06000008,6,0,6,30,3,4,6,0,0,0,4,2,2,3,0,1,1,E01012655,01-12-2018,2,2,1,1,53,8,3,0,0,0,0,-1,21,2
32657,80.26532852,26.46987155,4,2,1,1,2,15:55,70,E06000008,4,6447,6,30,3,4,6,0,0,1,1,2,2,0,0,2,1,E01012591,05-12-2018,2,1,1,2,49,8,3,0,0,0,0,-1,9,1