Accident_Index,longitude,latitude,Police_Force,Accident_Severity,Number_of_Vehicles,Number_of_Casualties,Day_of_Week,Time,Local_Authority_(District),Local_Authority_(Highway),1st_Road_Class,1st_Road_Number,Road_Type,Speed_limit,Junction_Detail,Junction_Control,2nd_Road_Class,2nd_Road_Number,Pedestrian_Crossing-Human_Control,Pedestrian_Crossing-Physical_Facilities,Light_Conditions,Weather_Conditions,Road_Surface_Conditions,Special_Conditions_at_Site,Carriageway_Hazards,Urban_or_Rural_Area,Did_Police_Officer_Attend_Scene_of_Accident,LSOA_of_Accident_Location,Date,Vehicle_Reference,Casualty_Reference,Casualty_Class,Sex_of_Casualty,Age_of_Casualty,Age_Band_of_Casualty,Casualty_Severity,Pedestrian_Location,Pedestrian_Movement,Car_Passenger,Bus_or_Coach_Passenger,Pedestrian_Road_Maintenance_Worker,Casualty_Type,Casualty_Home_Area_Type
32779,80.30887052,26.44667971,4,3,2,1,6,19:45,70,E06000008,6,0,6,30,9,4,6,0,0,0,4,1,1,3,0,1,1,E01012649,09-12-2018,2,2,1,1,57,9,2,0,0,0,0,-1,9,1
32780,80.31610534,26.45101981,4,3,2,1,6,08:15,70,E06000008,3,6177,1,40,1,4,1,65,0,0,1,9,-1,6,0,2,1,E01012632,09-12-2018,1,1,1,1,47,8,3,0,0,0,0,-1,5,1
32781,80.33833739,26.4536169,4,3,2,1,3,08:00,70,E06000008,6,0,6,30,0,-1,-1,0,0,0,1,2,2,0,0,2,1,E01012648,06-12-2018,2,1,1,2,25,5,3,0,0,0,0,-1,9,1
32782,80.27103963,26.44321193,4,3,2,1,5,09:55,70,E06000008,6,0,3,30,3,4,6,0,0,0,1,1,4,0,0,1,1,E01012597,29-12-2018,2,1,1,1,28,6,3,0,0,0,0,-1,5,2
32783,80.3293075,26.47392707,4,3,2,1,4,17:30,70,E06000008,3,666,6,30,7,4,6,0,0,0,1,1,1,0,0,1,1,E01012653,08-06-2018,2,1,1,2,32,6,3,0,0,0,0,-1,9,1
32784,80.30598366,26.46117705,4,3,1,1,5,19:45,75,E10000017,6,0,6,30,9,4,6,0,0,0,4,2,2,0,6,1,1,E01025047,05-05-2018,1,1,1,2,24,5,3,0,0,0,0,-1,9,1
32785,80.28506154,26.44872297,4,2,1,1,1,17:17,75,E10000017,3,680,6,30,0,-1,-1,0,0,4,1,1,1,0,0,1,1,E01025035,08-05-2018,2,2,1,1,23,5,3,0,0,0,0,-1,9,1
32786,80.3373552,26.45182694,4,3,1,1,3,20:50,75,E10000017,6,0,6,30,6,2,4,6231,0,0,4,1,1,0,0,1,1,E01025034,10-05-2018,1,1,1,2,38,7,3,0,0,0,0,-1,9,3
32787,80.29080279,26.46061594,4,3,2,1,5,08:56,75,E10000017,6,0,6,30,6,4,6,0,0,0,1,9,1,0,0,1,1,E01025068,05-05-2018,2,2,1,1,41,7,3,0,0,0,0,-1,9,3
32788,80.28118439,26.46307378,4,3,2,1,6,15:35,75,E10000017,6,0,6,30,3,4,6,0,0,0,1,1,1,0,0,1,1,E01025041,06-05-2018,2,3,2,2,40,7,3,0,0,1,0,-1,9,3
32789,80.28978415,26.44950548,4,3,2,1,3,16:55,75,E10000017,3,6185,1,30,1,4,6,0,0,0,1,1,1,0,0,2,1,E01025046,10-05-2018,1,1,3,1,13,3,2,5,1,0,0,-1,0,3
32790,80.27503216,26.44023763,4,3,2,1,3,17:15,75,E10000017,3,680,6,30,6,2,3,678,0,1,1,1,1,0,0,1,1,E01025032,24-05-2018,1,1,2,1,8,2,3,0,0,1,0,-1,9,3
32791,80.29267257,26.47661901,4,3,2,2,3,18:00,75,E10000017,6,0,6,30,9,4,6,0,0,0,1,9,1,4,0,1,1,E01025047,31-05-2018,1,1,3,1,32,6,2,9,7,0,0,-1,0,3
32792,80.32598616,26.44598339,4,3,2,2,2,11:50,75,E10000017,6,0,6,30,3,2,6,0,0,0,1,1,1,0,0,1,1,E01025042,16-05-2018,2,1,1,2,21,5,3,0,0,0,0,-1,8,3
32793,80.27955839,26.46765913,4,3,2,2,6,13:49,75,E10000017,6,0,9,30,7,2,6,0,0,0,1,1,1,0,0,1,1,E01025044,20-05-2018,1,1,1,1,53,8,2,0,0,0,0,-1,2,1
32794,80.26505337,26.45893042,4,2,2,2,6,12:29,75,E10000017,6,0,6,40,6,3,6,0,0,0,1,2,2,0,0,2,1,E01025080,20-05-2018,1,1,3,1,10,2,2,5,3,0,0,-1,0,1
32795,80.33522585,26.46326277,4,3,2,1,2,20:43,75,E10000017,3,679,6,30,6,2,6,0,0,5,4,1,2,0,0,1,1,E01025041,23-05-2018,1,1,2,2,35,6,3,0,0,1,0,-1,9,1
32796,80.28821011,26.47109486,4,3,2,4,5,18:25,75,E10000017,6,0,6,30,3,4,6,0,0,0,1,1,1,0,0,1,1,E01025077,23-06-2018,2,2,1,2,23,5,3,0,0,0,0,-1,9,1
32797,80.31607717,26.47593109,4,3,1,1,1,00:45,75,E10000017,3,680,6,30,6,4,6,0,0,5,4,9,1,0,0,1,1,E01025034,05-06-2018,2,1,1,2,41,7,3,0,0,0,0,-1,9,3
32798,80.26535602,26.44981472,4,3,1,1,3,13:14,75,E10000017,6,0,6,30,3,4,6,0,0,0,1,1,1,0,0,1,1,E01025036,31-05-2018,2,2,2,2,12,3,3,0,0,1,0,-1,9,3
32799,80.30262538,26.46286689,4,3,2,1,4,10:15,75,E10000017,6,0,6,30,0,-1,-1,0,0,0,1,2,2,0,0,1,1,E01025068,01-06-2018,2,1,1,1,20,4,3,0,0,0,0,-1,2,2
32800,80.26459747,26.46494501,4,2,2,2,7,10:25,75,E10000017,6,0,6,30,6,4,6,0,0,0,1,1,1,0,0,1,1,E01025059,02-07-2018,1,1,1,1,46,8,3,0,0,0,0,-1,21,1
32801,80.30846451,26.46864191,4,3,1,1,2,08:58,75,E10000017,3,56,3,70,0,-1,-1,0,0,0,1,1,1,0,0,2,1,E01025051,06-06-2018,2,2,1,1,39,7,3,0,0,0,0,-1,8,3
32802,80.30104937,26.45317833,4,3,2,4,5,00:25,75,E10000017,6,0,6,40,3,4,6,0,0,0,4,1,1,0,0,1,1,E01025046,09-06-2018,1,1,1,1,18,4,3,0,0,0,0,-1,9,3
32803,80.3030561,26.46098081,4,3,3,1,3,14:53,75,E10000017,6,0,6,30,6,4,6,0,0,0,1,2,2,0,0,1,1,E01025042,05-07-2018,2,1,1,2,60,9,2,0,0,0,0,-1,9,-1
32804,80.31731936,26.45269268,4,3,2,3,6,19:08,75,E10000017,4,6236,6,60,3,4,6,0,0,0,1,1,1,0,0,2,1,E01025039,10-06-2018,2,1,2,2,61,9,3,0,0,2,0,-1,8,1
32805,80.33374822,26.43729518,4,3,2,1,7,20:40,75,E10000017,6,0,6,20,3,4,6,0,0,0,1,1,1,0,0,1,1,E01025084,18-06-2018,1,1,3,2,18,4,3,4,1,0,0,-1,0,1
32806,80.30617101,26.47941611,4,3,2,1,7,13:30,75,E10000017,6,0,6,30,3,4,6,0,0,0,1,1,1,0,0,1,1,E01025076,25-06-2018,1,1,1,1,32,6,3,0,0,0,0,-1,9,3
32807,80.34064183,26.44106356,4,3,2,1,2,20:21,75,E10000017,3,680,6,30,6,2,6,0,0,0,1,1,1,0,0,1,1,E01025058,04-07-2018,2,1,1,1,39,7,3,0,0,0,0,-1,9,3
32808,80.30116959,26.456363,4,3,1,1,2,17:52,75,E10000017,3,679,6,30,0,-1,-1,0,0,0,1,2,2,0,0,1,1,E01025077,04-07-2018,1,1,1,1,21,5,3,0,0,0,0,-1,9,1
32809,80.32297466,26.48060711,4,3,2,2,2,09:00,75,E10000017,6,0,6,30,3,4,6,0,0,0,1,9,1,0,0,1,1,E01025041,04-07-2018,2,1,1,2,77,11,3,0,0,0,0,-1,9,-1
32810,80.34040397,26.44589372,4,3,1,1,7,19:25,75,E10000017,6,0,6,30,0,-1,-1,0,0,0,1,1,1,0,0,1,1,E01025055,09-07-2018,1,1,2,1,22,5,3,0,0,1,0,-1,9,-1
32811,80.33826143,26.44427945,4,3,3,7,1,13:01,75,E10000017,6,0,6,30,6,4,6,0,0,0,1,1,1,0,0,1,1,E01025036,10-07-2018,2,2,1,1,33,6,3,0,0,0,0,-1,21,2
32812,80.33337077,26.4608101,4,3,2,1,4,18:10,75,E10000017,3,680,6,30,3,4,6,0,0,0,1,1,1,0,0,1,1,E01025035,20-07-2018,1,1,1,1,77,11,3,0,0,0,0,-1,9,-1
32813,80.30464139,26.46452709,4,3,2,3,1,01:26,75,E10000017,3,679,6,30,3,4,6,0,0,0,4,1,1,0,0,1,1,E01025046,17-07-2018,1,3,2,2,78,11,3,0,0,1,0,-1,9,-1
32814,80.27171054,26.45666929,4,3,2,1,7,12:55,75,E10000017,6,0,6,30,0,-1,-1,0,0,0,1,9,1,0,0,1,1,E01025036,23-07-2018,2,2,1,1,31,6,3,0,0,0,0,-1,9,1
32815,80.30958799,26.44286068,4,3,2,1,3,12:50,75,E10000017,6,0,1,30,1,4,6,0,0,0,1,1,1,0,0,1,1,E01025084,26-07-2018,2,4,2,1,5,1,3,0,0,2,0,-1,9,1
32816,80.32700724,26.47560017,4,3,2,1,4,13:55,75,E10000017,3,680,6,30,6,2,3,680,0,4,1,1,1,0,0,1,1,E01025036,13-07-2018,2,5,2,2,24,5,3,0,0,2,0,-1,9,1
32817,80.30842768,26.47344163,4,3,1,1,7,20:00,75,E10000017,4,6231,6,30,3,4,6,0,0,0,1,1,1,0,0,1,1,E01025076,30-07-2018,1,1,1,2,62,9,3,0,0,0,0,-1,9,1
32818,80.32532073,26.4478464,4,3,2,4,2,18:00,75,E10000017,6,0,6,30,6,4,6,0,0,0,1,1,1,0,0,1,1,E01025057,01-08-2018,2,2,1,1,49,8,3,0,0,0,0,-1,9,1
32819,80.28447217,26.45315024,4,3,3,1,7,07:35,75,E10000017,6,0,6,30,3,4,6,0,0,0,1,2,2,0,0,1,1,E01025044,30-07-2018,2,1,1,2,54,8,3,0,0,0,0,-1,9,-1
32820,80.31237877,26.47298882,4,2,1,1,3,17:20,75,E10000017,6,0,6,30,7,4,6,0,0,5,1,1,1,0,0,1,1,E01025068,02-08-2018,1,1,3,2,56,9,3,9,8,0,0,-1,0,1
32821,80.27057489,26.47340326,4,3,2,1,4,15:05,82,E10000017,5,639,6,30,0,-1,-1,0,0,0,1,1,1,0,0,1,1,E01025043,29-06-2018,1,2,3,2,64,9,3,9,8,0,0,-1,0,-1
32822,80.3332197,26.43729709,4,3,1,1,5,14:50,75,E10000017,6,0,6,40,0,-1,-1,0,0,0,1,1,1,0,0,2,1,E01025081,04-08-2018,2,1,2,2,18,4,3,0,0,2,0,-1,9,-1
32823,80.2741332,26.45550875,4,3,2,2,3,23:40,75,E10000017,1,65,3,70,0,-1,-1,0,0,0,1,2,2,0,0,2,1,E01025074,02-08-2018,1,1,1,1,50,8,3,0,0,0,0,-1,9,1
32824,80.32566238,26.46333012,4,3,2,2,4,17:17,75,E10000017,6,0,6,30,3,4,6,0,0,0,1,1,1,0,0,1,1,E01025047,10-08-2018,2,2,1,1,56,9,2,0,0,0,0,-1,9,1
32825,80.28716073,26.46472564,4,3,3,2,3,13:00,75,E10000017,6,0,6,30,6,4,6,0,0,0,1,1,1,0,0,1,1,E01025041,16-08-2018,1,1,1,2,31,6,3,0,0,0,0,-1,9,1
32826,80.29328886,26.45946978,4,3,2,1,7,16:45,75,E10000017,3,680,6,30,6,2,4,6237,0,5,1,1,1,0,0,1,1,E01025057,20-08-2018,2,2,1,1,25,5,3,0,0,0,0,-1,9,1
32827,80.30692632,26.44504795,4,3,4,3,3,16:35,75,E10000017,3,6185,3,30,0,-1,-1,0,0,0,1,1,1,0,0,2,1,E01025046,23-08-2018,2,1,1,1,47,8,3,0,0,0,0,-1,9,1
32828,80.32063741,26.46266587,4,3,2,5,7,20:13,75,E10000017,3,679,6,30,6,2,4,6231,0,5,4,1,1,0,0,1,1,E01025046,27-08-2018,1,1,1,1,54,8,3,0,0,0,0,-1,9,1
32829,80.27220447,26.46137515,4,3,2,1,6,13:46,75,E10000017,6,0,6,30,6,4,6,0,0,0,1,2,2,3,0,1,1,E01025083,26-08-2018,1,3,2,2,43,7,3,0,0,1,0,-1,9,1
32830,80.27933052,26.44520871,4,3,2,1,6,05:45,75,E10000017,3,680,6,30,3,4,6,0,0,0,1,1,1,0,0,1,1,E01025040,02-09-2018,1,4,2,1,82,11,3,0,0,2,0,-1,9,1
32831,80.32922238,26.46882361,4,3,2,1,3,16:15,75,E10000017,3,56,1,70,1,4,6,0,0,0,1,1,1,0,0,2,1,E01025395,06-09-2018,1,5,2,2,76,11,2,0,0,2,0,-1,9,1
32832,80.31805734,26.48131132,4,3,2,1,5,17:30,75,E10000017,3,679,6,30,3,4,6,0,0,0,1,2,2,0,0,1,1,E01025046,08-09-2018,2,2,1,1,33,6,3,0,0,0,0,-1,9,1
32833,80.33416693,26.44014162,4,3,2,1,1,11:20,75,E10000017,3,680,6,30,9,2,6,0,0,5,1,1,1,0,0,1,1,E01025067,11-09-2018,1,1,1,2,25,5,3,0,0,0,0,-1,9,2
32834,80.30139592,26.45099738,4,3,1,1,3,10:40,75,E10000017,6,0,6,30,0,-1,-1,0,0,0,1,1,1,0,0,1,1,E01025043,06-09-2018,1,2,2,2,25,5,3,0,0,1,0,-1,9,2
32835,80.28676949,26.43969972,4,3,2,1,6,13:05,75,E10000017,6,0,6,30,9,4,6,0,0,0,1,1,1,0,0,1,1,E01025059,16-09-2018,2,1,1,1,18,4,3,0,0,0,0,-1,3,1
32836,80.32872689,26.46966872,4,3,2,2,7,20:27,75,E10000017,6,0,6,30,3,4,6,0,0,4,4,1,1,0,0,1,1,E01025052,17-09-2018,1,1,3,2,71,10,3,1,1,0,0,-1,0,-1
32837,80.31746314,26.47777985,4,3,3,1,7,21:35,75,E10000017,6,0,6,30,6,4,6,0,0,0,4,2,2,3,0,1,1,E01025042,17-09-2018,2,1,1,1,7,2,3,0,0,0,0,-1,1,1
32838,80.29669959,26.47141993,4,3,2,1,4,17:10,75,E10000017,6,0,1,30,1,4,3,679,0,0,1,1,1,0,0,1,1,E01025041,21-09-2018,1,1,1,1,57,9,3,0,0,0,0,-1,9,1
32839,80.27019033,26.45109844,4,3,2,1,6,11:30,75,E10000017,6,0,1,30,1,4,3,679,0,0,1,8,1,0,0,1,1,E01025036,23-09-2018,1,3,2,2,54,8,2,0,0,1,0,-1,9,1
32840,80.32206505,26.47635813,4,2,2,2,6,20:23,75,E10000017,6,0,6,30,7,4,6,0,0,0,4,1,1,0,0,1,1,E01025033,23-09-2018,2,2,1,1,22,5,3,0,0,0,0,-1,9,3
32841,80.33235879,26.46947817,4,3,2,1,4,20:20,75,E10000017,6,0,6,30,0,4,-1,0,0,0,4,2,2,0,0,1,1,E01025059,28-09-2018,2,1,1,1,45,7,2,0,0,0,0,-1,5,2
32842,80.32923452,26.46634318,4,3,2,1,7,09:00,75,E10000017,4,6231,6,30,3,4,6,0,0,0,1,2,2,0,0,1,1,E01025034,01-10-2018,1,1,1,1,28,6,3,0,0,0,0,-1,20,1
32843,80.3191411,26.43745481,4,3,4,4,2,09:04,75,E10000017,3,680,3,30,6,2,3,679,0,5,1,1,2,0,0,1,1,E01025036,03-10-2018,2,1,1,1,64,9,3,0,0,0,0,-1,9,-1
32844,80.32478802,26.4587825,4,3,2,1,3,08:15,75,E10000017,3,680,6,30,3,4,6,0,0,0,1,1,1,0,0,1,1,E01025034,04-10-2018,2,1,1,1,66,10,3,0,0,0,0,-1,9,3
32845,80.30609717,26.45634061,4,3,2,1,4,11:40,75,E10000017,3,679,1,30,1,4,6,0,0,0,1,1,1,0,0,1,1,E01025036,05-10-2018,2,2,2,2,65,9,3,0,0,1,0,-1,9,3
32846,80.29259511,26.44652733,4,3,2,1,6,17:10,75,E10000017,6,0,6,30,6,4,6,0,0,0,1,1,1,0,0,1,1,E01025067,07-10-2018,1,1,3,2,73,10,3,6,9,0,0,-1,0,3
32847,80.31704624,26.48065299,4,3,2,4,5,21:10,75,E10000017,6,0,6,30,6,4,6,0,0,0,4,2,2,0,0,1,1,E01025083,29-09-2018,1,1,1,1,32,6,2,0,0,0,0,-1,5,3
32848,80.27746147,26.45922169,4,3,1,1,5,17:40,75,E10000017,6,0,6,30,3,4,6,0,0,0,1,1,1,0,0,1,1,E01025040,13-10-2018,1,1,1,1,42,7,3,0,0,0,0,-1,9,1
32849,80.34054592,26.44979141,4,3,2,1,2,12:30,75,E10000017,6,0,6,30,0,-1,-1,0,0,0,1,1,1,0,0,1,1,E01025059,26-09-2018,2,1,1,2,47,8,3,0,0,0,0,-1,9,2
32850,80.32756361,26.44874253,4,2,1,2,3,22:25,75,E10000017,4,6236,6,60,0,-1,-1,0,0,0,6,1,2,0,0,2,1,E01025054,18-10-2018,2,2,2,2,67,10,2,0,0,1,0,-1,9,-1
32851,80.27993093,26.46520984,4,3,2,1,2,11:30,75,E10000017,3,680,6,30,6,2,6,0,0,4,1,1,1,0,0,1,1,E01025034,12-09-2018,1,1,1,1,19,4,3,0,0,0,0,-1,9,2
32852,80.29602815,26.46200418,4,3,1,2,4,10:43,75,E10000017,6,0,6,30,9,4,6,0,0,0,1,1,2,0,0,1,1,E01025083,19-10-2018,2,2,1,2,31,6,3,0,0,0,0,-1,9,2
32853,80.33175318,26.47526637,4,3,1,1,3,13:24,75,E10000017,3,680,3,30,3,2,6,0,0,5,1,1,1,0,0,1,1,E01025068,11-10-2018,1,1,3,2,18,4,3,9,9,0,0,-1,0,1
32854,80.27606073,26.45680922,4,3,2,1,3,11:55,75,E10000017,3,679,6,30,9,4,6,0,0,0,1,1,1,0,0,1,1,E01025067,16-08-2018,1,1,2,1,26,6,2,0,0,1,0,-1,9,1
32855,80.33697472,26.47931,4,3,2,1,6,11:10,75,E10000017,6,0,6,30,3,4,6,0,0,0,1,2,2,0,0,1,1,E01025041,28-10-2018,1,2,1,1,26,6,3,0,0,0,0,-1,9,1
32856,80.30813126,26.47805909,4,3,1,1,5,15:30,75,E10000017,6,0,6,30,0,-1,-1,0,0,0,1,9,1,0,0,2,1,E01025080,22-09-2018,1,1,1,1,63,9,2,0,0,0,0,-1,9,2
32857,80.32075755,26.44589958,4,2,2,1,5,23:15,75,E10000017,6,0,6,30,6,4,6,0,0,0,4,1,2,0,0,1,1,E01025036,03-11-2018,1,3,2,2,65,9,3,0,0,1,0,-1,9,2
32858,80.29188782,26.45053936,4,3,2,1,4,18:10,75,E10000017,3,6185,1,50,1,4,1,65,0,0,4,2,2,0,0,2,1,E01025046,09-11-2018,1,4,2,1,3,1,3,0,0,2,0,-1,9,1
32859,80.26961471,26.44367046,4,3,2,2,5,09:00,75,E10000017,6,0,6,30,3,4,6,0,0,0,1,2,2,0,0,1,1,E01025077,10-11-2018,2,2,1,1,26,6,3,0,0,0,0,-1,21,3
32860,80.32189411,26.46558746,4,3,2,1,5,09:20,70,E06000008,3,6177,6,40,1,4,1,65,0,1,1,1,1,0,0,2,1,E01012592,10-11-2018,1,1,1,1,22,5,2,0,0,0,0,-1,9,1
32861,80.33646543,26.46796281,4,3,2,1,7,08:00,75,E10000017,4,6234,6,30,3,4,6,0,0,0,1,1,2,0,0,1,1,E01025080,05-11-2018,2,2,1,2,41,7,3,0,0,0,0,-1,9,3
32862,80.33572953,26.4815464,4,3,2,2,3,13:10,75,E10000017,3,679,6,50,0,-1,-1,0,0,0,1,1,2,0,0,2,1,E01025074,15-11-2018,2,4,2,2,7,2,3,0,0,1,0,-1,9,-1
32863,80.32406252,26.44083005,4,3,2,1,6,20:30,75,E10000017,6,0,6,30,0,-1,-1,0,0,0,4,8,4,0,0,1,1,E01025044,18-11-2018,3,3,1,1,28,6,2,0,0,0,0,-1,9,-1
32864,80.26730962,26.43874274,4,3,2,3,6,19:13,75,E10000017,3,677,6,60,6,4,6,0,0,0,4,9,4,0,0,2,1,E01025080,18-11-2018,1,1,1,1,40,7,2,0,0,0,0,-1,9,-1
32865,80.27922223,26.46967646,4,3,3,2,6,16:45,75,E10000017,3,679,6,30,6,2,3,6185,0,5,4,1,1,0,0,1,1,E01025044,18-11-2018,2,2,1,1,40,7,2,0,0,0,0,-1,5,1
32866,80.29222594,26.45069042,4,3,2,1,6,09:05,75,E10000017,6,0,9,30,6,2,6,0,0,4,1,9,4,0,0,1,1,E01025068,18-11-2018,1,1,1,1,19,4,3,0,0,0,0,-1,9,-1
32867,80.29878931,26.46827035,4,3,2,1,6,10:35,75,E10000017,6,0,6,30,0,-1,-1,0,0,0,1,1,1,0,0,2,1,E01025053,11-11-2018,2,2,1,1,39,7,2,0,0,0,0,-1,9,3
32868,80.2778141,26.44151918,4,2,1,1,4,18:45,75,E10000017,6,0,1,30,1,4,6,0,0,0,4,1,4,0,0,1,1,E01025042,16-11-2018,1,1,2,2,85,11,3,0,0,1,0,-1,9,2
32869,80.2912542,26.44981812,4,3,2,3,7,11:59,75,E10000017,6,0,1,30,1,4,6,0,0,0,1,1,1,0,0,1,1,E01025036,19-11-2018,2,1,1,2,49,8,3,0,0,0,0,-1,9,3
32870,80.27484908,26.44806199,4,3,2,1,2,14:20,75,E10000017,6,0,1,30,2,4,3,679,0,0,1,7,2,0,0,1,1,E01025044,21-11-2018,1,1,1,1,19,4,3,0,0,0,0,-1,9,3
32871,80.32150432,26.4472581,4,3,2,1,2,15:40,75,E10000017,6,0,6,30,6,4,6,0,0,0,1,1,4,0,0,1,1,E01025057,28-11-2018,1,1,1,1,39,7,3,0,0,0,0,-1,21,-1
32872,80.31830237,26.44332522,4,3,1,1,3,19:30,75,E10000017,6,0,6,30,6,2,6,0,0,5,7,1,4,0,0,1,1,E01025041,29-11-2018,1,1,1,1,57,9,3,0,0,0,0,-1,9,1
32873,80.29053185,26.46775545,4,3,1,1,1,22:57,75,E10000017,6,0,6,30,6,4,6,0,0,0,4,1,1,0,0,1,1,E01025036,25-09-2018,1,1,2,2,76,11,3,0,0,1,0,-1,9,1
32874,80.32924084,26.47789894,4,3,2,2,4,13:17,75,E10000017,3,56,3,70,0,-1,-1,0,0,0,1,7,2,0,0,2,1,E01025039,30-11-2018,1,2,2,2,74,10,3,0,0,2,0,-1,9,1
32875,80.29524491,26.46015998,4,2,2,1,6,14:10,75,E10000017,3,678,1,30,1,4,6,0,0,8,1,1,2,0,0,1,1,E01025033,02-12-2018,2,1,1,2,36,7,3,0,0,0,0,-1,9,1
32876,80.32069828,26.45948395,4,3,2,3,1,12:30,75,E10000017,3,680,6,30,7,2,3,678,0,5,1,1,2,0,0,1,1,E01025041,04-12-2018,1,1,3,2,4,1,3,5,4,0,0,-1,0,1
32877,80.33142057,26.47911737,4,2,1,2,3,17:04,75,E10000017,3,677,6,60,0,-1,-1,0,0,0,6,1,2,0,0,2,1,E01025054,06-12-2018,1,1,1,2,45,7,3,0,0,0,0,-1,9,1
32878,80.32540543,26.44903592,4,3,1,1,5,07:14,75,E10000017,4,6231,6,30,3,4,6,0,0,0,4,1,2,0,0,1,1,E01025075,08-12-2018,1,2,2,1,40,7,3,0,0,2,0,-1,9,1
32879,80.28781822,26.47868619,4,3,2,1,4,15:15,75,E10000017,3,680,6,30,3,4,6,0,0,0,1,1,2,0,0,1,1,E01025036,07-12-2018,1,3,2,1,7,2,3,0,0,2,0,-1,9,1
32880,80.28927732,26.4712637,4,3,2,1,5,11:35,75,E10000017,3,6185,3,70,0,-1,-1,0,0,0,1,8,2,0,0,2,1,E01025044,15-12-2018,1,1,1,1,36,7,3,0,0,0,0,-1,19,-1
32881,80.28960604,26.47488212,4,3,1,1,1,02:00,75,E10000017,6,0,2,30,0,-1,-1,0,0,0,4,2,2,0,0,1,1,E01025036,11-12-2018,1,1,1,1,36,7,3,0,0,0,0,-1,5,-1
32882,80.29009951,26.4401971,4,3,2,1,7,19:55,75,E10000017,3,680,3,30,6,2,6,0,0,5,4,1,2,0,0,1,1,E01025068,17-12-2018,2,1,1,1,46,8,3,0,0,0,0,-1,5,-1
32883,80.31264975,26.45780751,4,2,1,1,1,21:00,75,E10000017,6,0,2,30,0,-1,-1,0,0,0,7,1,1,0,0,1,1,E01025046,18-12-2018,1,1,3,1,13,3,3,5,1,0,0,-1,0,1
32884,80.2736127,26.43812456,4,2,1,1,6,21:15,75,E10000017,4,6236,6,60,0,-1,-1,0,0,0,6,7,2,0,0,2,1,E01025054,23-12-2018,1,1,1,1,77,11,3,0,0,0,0,-1,9,1
32885,80.30228901,26.44138977,4,3,2,1,3,08:35,75,E10000017,3,6185,3,70,6,2,4,6231,0,5,1,1,1,0,0,1,1,E01025044,20-12-2018,2,2,1,1,29,6,3,0,0,0,0,-1,9,1
32886,80.27694185,26.46811289,4,3,1,1,4,17:10,75,E10000017,6,0,2,30,9,4,6,0,0,0,4,1,2,0,0,1,1,E01025036,21-12-2018,1,1,2,1,2,1,3,0,0,2,0,-1,9,1
32887,80.33619178,26.46951481,4,3,2,1,2,14:53,75,E10000017,3,679,3,30,3,2,4,6231,0,5,1,1,2,0,0,1,1,E01025046,26-12-2018,1,1,1,1,35,6,2,0,0,0,0,-1,5,1
32888,80.277671,26.44295855,4,3,2,1,4,17:04,75,E10000017,6,0,1,30,1,4,6,0,0,0,4,1,2,0,0,1,1,E01025042,28-12-2018,2,1,1,1,70,10,3,0,0,0,0,-1,9,1
32889,80.31748275,26.43749024,4,3,2,2,2,14:15,75,E10000017,3,680,6,30,3,4,6,0,0,5,1,9,2,0,0,1,1,E01025068,26-12-2018,1,1,1,1,54,8,3,0,0,0,0,-1,3,1
32890,80.32952971,26.47288788,4,3,2,1,5,13:45,75,E10000017,6,0,6,30,0,-1,-1,0,0,0,1,9,1,0,0,1,1,E01025041,29-12-2018,1,1,3,2,9,2,3,5,1,0,0,-1,0,1
32891,80.28622321,26.47378019,4,3,2,1,6,16:10,75,E10000017,3,6185,6,30,6,2,6,0,0,0,1,1,2,0,0,1,1,E01025041,30-12-2018,1,1,1,1,47,8,3,0,0,0,0,-1,19,1
32892,80.277238,26.47641687,4,3,2,1,6,14:00,75,E10000017,6,0,6,30,0,-1,-1,0,0,0,1,1,1,0,0,3,1,,26-08-2018,2,1,1,1,16,4,3,0,0,0,0,-1,2,1
32893,80.27708088,26.45442445,4,3,1,1,7,19:00,75,E10000017,6,0,6,30,3,4,3,679,0,0,7,2,2,0,0,1,1,E01025046,10-12-2018,1,1,3,1,11,3,3,1,1,0,0,-1,0,3
32894,80.31306487,26.47508704,4,2,2,1,4,16:35,75,E10000017,6,0,6,30,0,-1,-1,0,0,0,4,2,2,0,0,1,1,E01025083,30-11-2018,1,1,1,2,20,4,3,0,0,0,0,-1,9,1
32895,80.33347308,26.45431755,4,2,2,2,2,06:35,75,E10000017,6,0,6,60,0,-1,-1,0,0,0,1,1,2,0,0,2,1,E01025064,23-05-2018,2,1,1,2,55,8,3,0,0,0,0,-1,1,-1
32896,80.33148758,26.44306919,4,3,2,1,2,17:25,75,E10000017,6,0,6,30,3,4,6,0,0,0,1,1,2,0,0,1,1,E01025050,23-05-2018,1,1,1,1,68,10,3,0,0,0,0,-1,1,1
32897,80.31983945,26.43780743,4,3,2,1,3,17:24,75,E10000017,6,0,3,30,6,2,6,0,0,5,1,2,2,0,0,2,1,E01025050,05-07-2018,1,1,2,2,70,10,3,0,0,1,0,-1,9,3
32898,80.30793793,26.47824253,4,3,1,1,4,16:20,75,E10000017,6,0,6,30,9,4,6,0,0,0,1,1,1,0,0,1,1,E01025065,22-06-2018,1,1,1,2,70,10,3,0,0,0,0,-1,9,3
32899,80.3083599,26.46714923,4,3,2,1,4,21:50,75,E10000017,3,678,6,50,0,-1,-1,0,0,0,1,1,1,0,0,2,1,E01025074,22-06-2018,2,1,1,2,36,7,3,0,0,0,0,-1,9,2
32900,80.32313936,26.48155975,4,2,2,2,2,13:30,75,E10000017,3,680,6,60,0,-1,-1,0,0,0,1,1,1,0,0,1,1,E01025034,11-07-2018,1,1,1,1,27,6,2,0,0,0,0,-1,9,2