Accident_Index,longitude,latitude,Police_Force,Accident_Severity,Number_of_Vehicles,Number_of_Casualties,Day_of_Week,Time,Local_Authority_(District),Local_Authority_(Highway),1st_Road_Class,1st_Road_Number,Road_Type,Speed_limit,Junction_Detail,Junction_Control,2nd_Road_Class,2nd_Road_Number,Pedestrian_Crossing-Human_Control,Pedestrian_Crossing-Physical_Facilities,Light_Conditions,Weather_Conditions,Road_Surface_Conditions,Special_Conditions_at_Site,Carriageway_Hazards,Urban_or_Rural_Area,Did_Police_Officer_Attend_Scene_of_Accident,LSOA_of_Accident_Location,Date,Vehicle_Reference,Casualty_Reference,Casualty_Class,Sex_of_Casualty,Age_of_Casualty,Age_Band_of_Casualty,Casualty_Severity,Pedestrian_Location,Pedestrian_Movement,Car_Passenger,Bus_or_Coach_Passenger,Pedestrian_Road_Maintenance_Worker,Casualty_Type,Casualty_Home_Area_Type
33022,80.30756827,26.44746856,4,2,1,1,1,13:25,80,E10000017,6,0,6,60,0,-1,-1,0,0,0,1,1,1,0,2,2,1,E01025320,16-10-2018,2,1,1,1,55,8,3,0,0,0,0,-1,9,2
33023,80.27373465,26.47247747,4,3,3,1,4,22:21,80,E10000017,3,666,6,30,0,-1,-1,0,0,0,4,1,1,0,0,1,1,E01012636,19-10-2018,1,1,1,2,24,5,3,0,0,0,0,-1,9,-1
33024,80.28676588,26.44467575,4,3,2,1,7,17:16,80,E10000017,6,0,6,30,6,4,6,0,0,0,1,1,2,0,0,2,1,E01025337,22-10-2018,2,2,1,1,37,7,3,0,0,0,0,-1,8,2
33025,80.27001824,26.46835521,4,3,3,3,2,16:29,80,E10000017,3,671,6,60,0,-1,-1,0,0,0,1,2,2,0,1,2,1,E01025354,24-10-2018,3,3,1,1,30,6,3,0,0,0,0,-1,9,1
33026,80.26496772,26.46269242,4,3,2,1,2,09:10,80,E10000017,6,0,6,30,3,4,6,0,0,0,1,2,2,0,0,1,1,E01025338,24-10-2018,1,1,1,1,46,8,3,0,0,0,0,-1,5,1
33027,80.28631902,26.46385809,4,3,1,2,4,20:40,80,E10000017,3,671,6,30,3,2,6,0,0,4,4,2,2,0,0,1,1,E01025334,19-10-2018,1,1,1,2,35,6,3,0,0,0,0,-1,9,1
33028,80.27211351,26.46200614,4,3,2,1,6,15:55,80,E10000017,6,0,6,60,0,-1,-1,0,0,0,1,1,1,0,0,2,1,E01025340,21-10-2018,1,1,1,2,19,4,3,0,0,0,0,-1,9,3
33029,80.29214997,26.47409323,4,2,2,2,7,10:42,80,E10000017,4,6243,6,60,0,-1,-1,0,0,0,1,1,1,0,0,2,1,E01025315,29-10-2018,1,2,2,2,1,1,3,0,0,1,0,-1,9,3
33030,80.31556223,26.44851367,4,3,2,2,3,20:13,80,E10000017,6,0,6,30,6,4,6,0,0,0,4,2,2,0,0,1,1,E01025334,01-11-2018,2,1,1,2,7,2,3,0,0,0,0,-1,1,2
33031,80.30166762,26.45512634,4,3,2,2,1,14:42,80,E10000017,6,0,6,30,0,-1,-1,0,0,0,1,1,2,0,0,2,1,E01025336,06-11-2018,1,1,1,1,22,5,2,0,0,0,0,-1,1,-1
33032,80.27155694,26.47192114,4,3,2,1,2,11:25,80,E10000017,3,59,6,60,8,4,6,0,0,0,1,1,1,0,0,2,1,E01025323,07-11-2018,1,1,1,1,53,8,2,0,0,0,0,-1,5,-1
33033,80.28683129,26.47827649,4,3,2,1,7,17:00,80,E10000017,6,0,1,30,1,4,6,0,0,0,4,9,2,0,0,2,1,E01025319,05-11-2018,2,2,1,2,35,6,3,0,0,0,0,-1,9,1
33034,80.31743623,26.45950234,4,3,2,3,3,10:20,80,E10000017,3,671,1,30,1,4,6,0,0,4,1,9,2,0,0,1,1,E01025346,08-11-2018,1,1,1,2,20,4,3,0,0,0,0,-1,9,3
33035,80.31446923,26.4467901,4,3,2,1,4,12:18,80,E10000017,3,666,6,30,3,4,6,0,0,0,1,2,2,0,0,2,1,E01025333,09-11-2018,2,2,1,1,38,7,3,0,0,0,0,-1,9,1
33036,80.27394141,26.47347441,4,3,1,1,5,23:25,80,E10000017,3,59,1,60,1,4,3,59,0,0,4,2,2,0,0,2,1,E01025354,10-11-2018,2,3,2,2,37,7,3,0,0,1,0,-1,9,1
33037,80.31749206,26.46616809,4,3,3,3,7,11:50,80,E10000017,3,671,6,30,3,4,6,0,0,0,1,1,1,0,0,2,1,E01025340,12-11-2018,2,4,2,1,10,2,3,0,0,2,0,-1,9,1
33038,80.30738404,26.47481412,4,3,1,1,1,18:45,80,E10000017,6,0,2,30,9,4,6,0,0,0,4,1,1,0,0,1,1,E01025346,13-11-2018,2,5,2,1,7,2,3,0,0,2,0,-1,9,1
33039,80.29633213,26.44018352,4,3,2,1,1,12:30,80,E10000017,6,0,6,60,0,-1,-1,0,0,0,1,1,2,0,0,2,1,E01025321,13-11-2018,1,1,1,1,17,4,3,0,0,0,0,-1,9,3
33040,80.2692586,26.4667457,4,3,2,2,4,06:45,80,E10000017,4,6246,6,40,0,-1,-1,0,0,0,1,1,1,0,0,2,1,E01025351,16-11-2018,1,1,1,2,20,4,3,0,0,0,0,-1,9,1
33041,80.326421,26.44713916,4,3,1,1,5,06:39,80,E10000017,3,666,6,30,0,-1,-1,0,0,0,1,4,4,0,0,1,1,E01025338,17-11-2018,1,2,2,1,26,6,3,0,0,1,0,-1,9,2
33042,80.29277824,26.47701624,4,3,1,1,7,10:04,80,E10000017,6,0,2,30,5,4,6,0,0,0,1,1,2,0,0,1,1,E01025346,19-11-2018,1,1,1,2,34,6,3,0,0,0,0,-1,9,3
33043,80.28013731,26.47812209,4,3,2,1,3,16:15,80,E10000017,6,0,6,60,0,-1,-1,0,0,0,6,5,5,0,0,2,1,E01025346,08-11-2018,2,1,1,1,9,2,2,0,0,0,0,-1,1,1
33044,80.33850285,26.47513395,4,3,2,1,2,08:50,80,E10000017,3,59,1,70,1,4,3,671,0,0,1,7,4,0,0,2,1,E01025354,21-11-2018,1,1,1,1,54,8,3,0,0,0,0,-1,19,1
33045,80.31099343,26.44690926,4,3,1,1,2,22:20,80,E10000017,3,671,6,30,3,4,6,0,0,0,4,1,2,0,0,2,1,E01025340,21-11-2018,1,2,3,2,52,8,2,6,9,0,0,-1,0,3
33046,80.29745997,26.47109554,4,3,2,2,7,10:40,80,E10000017,6,0,2,30,3,4,6,0,0,1,1,1,2,0,0,1,1,E01025335,26-11-2018,1,3,2,1,58,9,3,0,0,1,0,-1,19,1
33047,80.32924289,26.43996141,4,3,1,1,5,15:16,80,E10000017,4,6243,2,30,0,-1,-1,0,0,0,1,1,2,0,0,1,1,E01025335,01-12-2018,1,2,2,2,10,2,3,0,0,1,0,-1,9,1
33048,80.33555684,26.47710002,4,3,1,1,6,17:35,80,E10000017,6,0,2,30,0,-1,-1,0,0,0,4,8,2,0,0,2,1,E01025319,02-12-2018,2,1,1,1,15,3,3,0,0,0,0,-1,1,1
33049,80.29573763,26.44404047,4,3,2,1,1,00:15,80,E10000017,4,6243,1,30,1,4,6,0,0,4,4,2,2,0,0,1,1,E01025338,04-12-2018,2,1,1,2,39,7,3,0,0,0,0,-1,9,1
33050,80.27525821,26.45889534,4,3,1,1,2,02:30,80,E10000017,3,59,6,60,0,-1,-1,0,0,0,4,2,2,0,0,2,1,E01025323,05-12-2018,3,2,1,2,36,7,3,0,0,0,0,-1,9,1
33051,80.31649366,26.43822755,4,3,2,2,6,11:40,80,E10000017,3,671,6,30,6,3,6,0,0,0,1,1,2,0,0,2,1,E01025340,09-12-2018,3,3,2,2,52,8,3,0,0,1,0,-1,9,1
33052,80.32865469,26.45568184,4,3,2,1,2,17:20,80,E10000017,3,671,6,40,3,4,6,0,0,0,4,1,2,0,0,2,1,E01025354,12-12-2018,1,1,1,2,23,5,3,0,0,0,0,-1,9,-1
33053,80.30650517,26.45403359,4,3,1,2,2,07:15,80,E10000017,3,682,6,50,0,-1,-1,0,0,0,6,1,4,0,0,2,1,E01025331,12-12-2018,2,2,1,1,37,7,3,0,0,0,0,-1,9,2
33054,80.26719127,26.47810221,4,3,1,1,7,18:30,80,E10000017,3,59,1,60,1,3,3,671,0,0,4,1,1,0,0,2,1,E01025354,17-12-2018,2,1,1,1,20,4,3,0,0,0,0,-1,5,2
33055,80.33903353,26.46261853,4,3,1,1,7,11:30,80,E10000017,6,0,6,30,0,-1,-1,0,0,0,5,4,2,0,0,2,1,E01025319,31-12-2018,2,2,2,1,15,3,3,0,0,0,0,-1,5,2
33056,80.33762284,26.47534943,4,3,2,3,5,19:10,80,E10000017,3,671,1,30,2,4,6,0,0,4,4,1,2,0,0,1,1,E01025346,22-12-2018,1,1,1,1,52,8,3,0,0,0,0,-1,5,3
33057,80.27093839,26.46966823,4,3,2,1,2,15:20,80,E10000017,6,0,6,30,0,-1,-1,0,0,0,1,1,1,0,0,2,1,E01025319,24-10-2018,1,1,1,2,34,6,3,0,0,0,0,-1,9,-1
33058,80.30297032,26.47856574,4,3,2,1,4,11:37,80,E10000017,6,0,1,30,2,4,6,0,0,0,1,1,1,0,0,2,1,E01025325,04-05-2018,1,1,1,1,25,5,3,0,0,0,0,-1,9,3
33059,80.26689757,26.47632727,4,3,2,2,5,15:10,80,E10000017,6,0,6,60,3,4,6,0,0,0,1,1,1,0,0,2,1,E01025326,09-06-2018,2,2,1,2,46,8,2,0,0,0,0,-1,9,2
33060,80.29493845,26.4410669,4,3,2,1,3,13:50,80,E10000017,4,6245,6,30,3,3,4,6245,0,0,1,2,2,0,0,2,1,E01025342,05-07-2018,1,1,1,2,54,8,3,0,0,0,0,-1,9,1
33061,80.29304103,26.46877836,4,3,1,1,3,16:00,80,E10000017,6,0,6,60,0,-1,-1,0,0,0,1,1,1,0,0,2,1,E01025342,09-08-2018,1,1,1,2,43,7,3,0,0,0,0,-1,9,1
33062,80.28807322,26.46207033,4,3,1,2,1,18:50,80,E10000017,6,0,1,30,2,4,6,0,0,8,1,1,1,0,0,2,1,E01025326,21-08-2018,1,1,1,1,23,5,3,0,0,0,0,-1,8,3
33063,80.26899609,26.46262035,4,3,2,1,6,08:50,80,E10000017,4,6243,6,60,6,3,6,0,0,0,1,1,1,0,0,2,1,E01025342,26-08-2018,2,2,1,2,33,6,3,0,0,0,0,-1,9,1
33064,80.27001621,26.43664615,4,3,1,2,7,01:43,80,E10000017,4,6243,6,30,0,-1,-1,0,0,0,6,1,1,0,0,2,1,E01025342,03-09-2018,1,1,1,1,17,4,3,0,0,0,0,-1,3,3
33065,80.33734243,26.47391176,4,3,1,1,1,08:20,80,E10000017,4,6243,6,60,0,-1,-1,0,0,0,1,1,1,0,0,2,1,E01025317,11-09-2018,2,1,1,2,37,7,3,0,0,0,0,-1,9,3
33066,80.32605811,26.47503497,4,3,1,1,3,11:15,80,E10000017,6,0,6,30,1,4,6,0,0,4,1,1,1,0,0,2,1,E01025325,20-09-2018,2,1,1,2,18,4,3,0,0,0,0,-1,9,1
33067,80.26668443,26.46103131,4,3,1,1,3,16:15,80,E10000017,6,0,6,60,0,-1,-1,0,0,0,1,1,1,0,0,2,1,E01025326,20-09-2018,2,2,2,2,38,7,3,0,0,2,0,-1,9,1
33068,80.31870918,26.45699175,4,3,1,1,4,15:30,80,E10000017,6,0,6,30,3,4,6,0,0,0,1,2,2,0,0,2,1,E01025316,28-09-2018,2,1,1,2,55,8,3,0,0,0,0,-1,9,1
33069,80.27588057,26.47675086,4,3,2,1,5,08:15,80,E10000017,4,6244,6,30,3,4,6,0,0,0,1,1,1,0,0,2,1,E01025325,06-10-2018,1,1,1,2,28,6,3,0,0,0,0,-1,9,2
33070,80.27399403,26.46333097,4,3,1,1,7,11:21,80,E10000017,6,0,6,30,9,4,6,0,0,1,1,1,1,0,0,2,1,E01025325,15-10-2018,1,1,1,2,73,10,3,0,0,0,0,-1,9,3
33071,80.30475936,26.44837616,4,3,2,1,4,16:00,80,E10000017,6,0,6,60,0,-1,-1,0,0,0,1,4,2,0,0,2,1,E01025315,09-11-2018,1,1,1,1,38,7,2,0,0,0,0,-1,1,2
33072,80.33921417,26.44906668,4,2,2,2,7,12:15,80,E10000017,4,6243,6,60,6,3,6,0,0,0,1,1,2,0,0,2,1,E01025342,19-11-2018,2,1,1,1,39,7,3,0,0,0,0,-1,1,1
33073,80.26949356,26.44668746,4,3,2,2,2,07:30,80,E10000017,4,6243,6,30,3,4,6,0,0,0,1,8,4,0,0,2,1,E01025325,21-11-2018,1,1,3,2,63,9,2,5,1,0,0,-1,0,1
33074,80.27626185,26.44739351,4,3,3,3,3,08:50,80,E10000017,4,6243,6,50,8,4,6,0,1,5,1,1,1,0,0,2,1,E01025316,06-12-2018,2,1,1,1,39,7,3,0,0,0,0,-1,9,1
33075,80.28426524,26.44255991,4,3,1,3,7,15:40,80,E10000017,6,0,6,60,0,-1,-1,0,0,0,1,1,1,0,0,2,1,E01025342,17-12-2018,2,2,2,2,79,11,3,0,0,1,0,-1,9,1
33076,80.29634547,26.44555962,4,3,1,1,7,07:35,77,E10000017,4,6251,3,60,0,-1,-1,0,0,0,6,1,2,0,0,2,1,E01025197,01-01-2018,1,1,1,1,19,4,3,0,0,0,0,-1,9,3
33077,80.29465772,26.45921613,4,3,1,2,2,01:00,82,E10000017,4,6238,6,30,8,4,4,6238,0,0,4,1,1,0,0,1,1,E01025393,03-01-2018,1,2,2,2,19,4,3,0,0,2,0,-1,9,2
33078,80.3285627,26.48033202,4,3,1,1,1,16:30,77,E10000017,5,673,6,30,9,4,6,0,0,0,4,1,2,0,0,1,2,E01025224,02-01-2018,2,1,1,1,39,7,3,0,0,0,0,-1,19,1
33079,80.28174671,26.47060214,4,3,1,1,4,17:08,72,E10000017,3,646,6,30,9,4,6,0,0,0,4,1,1,0,0,1,1,E01024874,05-01-2018,2,3,2,1,17,4,3,0,0,1,0,-1,19,2
33080,80.32240526,26.47947409,4,3,2,1,4,21:32,72,E10000017,6,0,6,30,0,-1,-1,0,0,0,4,1,2,0,0,1,1,E01024862,05-01-2018,3,2,1,2,34,6,3,0,0,0,0,-1,9,1
33081,80.31035254,26.46236757,4,3,1,1,6,19:10,77,E10000017,4,6249,2,30,3,4,6,0,0,0,4,5,2,0,0,1,1,E01025230,07-01-2018,1,1,2,1,17,4,3,0,0,2,0,-1,9,-1
33082,80.29694637,26.47752104,4,3,2,3,3,21:10,82,E10000017,3,680,6,30,0,-1,-1,0,0,0,4,1,2,0,7,1,1,E01025364,04-01-2018,2,1,1,1,41,7,3,0,0,0,0,-1,9,1
33083,80.3036415,26.43739255,4,3,3,2,5,07:53,82,E10000017,1,65,3,70,0,-1,-1,0,0,0,1,1,2,0,3,1,1,E01024899,06-01-2018,2,2,2,2,65,9,3,0,0,2,0,-1,9,1
33084,80.28696392,26.45048747,4,3,1,1,1,21:30,82,E10000017,1,65,3,70,3,4,6,0,0,0,4,5,2,0,0,1,1,E01025229,09-01-2018,2,1,1,1,54,8,3,0,0,0,0,-1,9,1
33085,80.29477921,26.45568156,4,3,1,1,5,14:10,77,E10000017,3,56,6,30,6,4,6,0,0,0,1,1,2,0,0,2,1,E01025203,06-01-2018,2,1,1,1,40,7,3,0,0,0,0,-1,9,2
33086,80.33878979,26.45060701,4,3,2,1,7,15:10,77,E10000017,3,6068,6,30,0,-1,-1,0,0,0,1,2,2,0,0,1,1,E01025208,08-01-2018,1,1,1,1,18,4,3,0,0,0,0,-1,9,1
33087,80.30902363,26.47866566,4,3,2,1,6,09:25,72,E10000017,3,671,6,30,3,4,6,0,0,4,1,5,2,0,0,1,1,E01024858,07-01-2018,1,2,2,2,18,4,3,0,0,1,0,-1,9,1
33088,80.30758445,26.47551473,4,3,2,2,7,15:45,82,E10000017,5,705,6,30,0,-1,-1,0,0,0,1,1,1,0,0,2,1,E01025387,08-01-2018,2,3,1,2,47,8,3,0,0,0,0,-1,9,-1
33089,80.27149809,26.44474436,4,3,3,1,5,15:30,82,E10000017,3,681,6,30,3,4,6,0,0,4,1,2,2,0,0,1,1,E01025372,06-01-2018,1,1,1,1,58,9,3,0,0,0,0,-1,5,-1
33090,80.30176391,26.43791111,4,2,2,1,2,17:00,82,E10000017,3,682,3,30,3,4,6,0,0,0,4,1,1,4,0,1,1,E01025386,10-01-2018,1,1,3,2,21,5,3,9,5,0,0,-1,0,1
33091,80.28144038,26.46059284,4,3,1,1,3,08:15,72,E10000017,3,671,6,30,3,2,6,0,0,5,1,1,2,0,0,1,2,E01024881,11-01-2018,1,1,2,2,40,7,3,0,0,1,0,-1,9,-1
33092,80.33565427,26.46439646,4,2,2,1,3,07:05,72,E10000017,3,671,3,40,0,-1,-1,0,0,0,4,1,2,0,0,1,1,E01024906,11-01-2018,1,1,3,2,5,1,3,5,3,0,0,-1,0,1
33093,80.32067383,26.44620832,4,3,2,2,3,14:46,72,E10000017,3,682,6,30,3,4,6,0,0,0,1,2,2,0,0,1,1,E01024871,11-01-2018,2,1,2,1,71,10,3,0,0,2,0,-1,9,-1
33094,80.29081474,26.47420899,4,3,2,1,6,21:21,77,E10000017,6,0,6,30,0,-1,-1,0,0,0,4,1,1,0,0,1,1,E01025217,14-01-2018,1,1,1,1,18,4,3,0,0,0,0,-1,9,3
33095,80.30720281,26.44330658,4,3,1,1,3,08:05,72,E10000017,3,671,6,60,8,4,6,0,0,0,1,1,2,0,0,2,1,E01024870,11-01-2018,1,1,3,2,35,6,3,9,5,0,0,-1,0,1
33096,80.33639017,26.46334007,4,3,2,1,1,19:30,72,E10000017,6,0,6,30,3,4,6,0,0,0,4,1,2,0,0,1,1,E01024909,16-01-2018,2,1,1,2,22,5,3,0,0,0,0,-1,9,3
33097,80.33964218,26.4674253,4,3,1,1,7,09:55,72,E10000017,3,671,6,30,3,4,6,0,0,0,1,1,2,0,0,1,1,E01024885,15-01-2018,2,2,2,1,26,6,3,0,0,1,0,-1,9,3
33098,80.2792724,26.46263557,4,3,1,1,7,00:50,72,E10000017,3,682,3,30,9,2,6,0,0,4,4,1,2,0,0,1,1,E01024858,15-01-2018,1,1,3,2,12,3,3,5,4,0,0,-1,0,1
33099,80.26996002,26.44675453,4,3,1,1,7,00:20,72,E10000017,6,0,6,30,9,4,6,0,0,0,7,9,2,0,0,1,2,E01024911,15-01-2018,2,1,2,1,25,5,3,0,0,1,0,-1,9,-1
33100,80.31588048,26.46974422,4,3,2,2,6,12:40,82,E10000017,3,682,6,30,8,4,6,0,0,0,1,1,2,0,0,1,1,E01025355,14-01-2018,1,1,1,1,23,5,3,0,0,0,0,-1,9,-1
33101,80.29826345,26.45107726,4,3,2,2,6,15:35,82,E10000017,6,0,6,30,0,-1,-1,0,0,0,1,1,1,0,0,1,1,E01025375,14-01-2018,1,1,1,1,72,10,3,0,0,0,0,-1,19,1
33102,80.32804569,26.4699473,4,2,1,1,6,18:36,82,E10000017,3,680,6,30,6,4,6,0,0,4,4,1,1,0,0,1,1,E01025397,14-01-2018,2,1,1,1,25,5,3,0,0,0,0,-1,5,-1
33103,80.27058696,26.47950639,4,3,2,2,4,13:10,72,E10000017,3,671,6,30,5,4,6,0,0,8,1,9,2,0,0,1,2,E01024906,05-01-2018,1,1,1,1,79,11,3,0,0,0,0,-1,9,-1
33104,80.34015942,26.46836502,4,3,2,4,5,16:45,72,E10000017,6,0,6,30,0,-1,-1,0,0,0,4,9,2,0,0,1,2,E01024876,13-01-2018,2,2,1,2,52,8,3,0,0,0,0,-1,9,3
33105,80.33901876,26.43651678,4,3,1,1,6,15:00,72,E10000017,6,0,6,30,9,4,3,682,0,0,1,1,1,0,0,1,1,E01024895,14-01-2018,2,1,1,1,33,6,3,0,0,0,0,-1,3,1
33106,80.32091704,26.4391371,4,3,2,1,1,14:58,77,E10000017,4,6251,1,30,2,4,6,0,0,1,1,2,2,0,0,1,1,E01025197,16-01-2018,2,1,1,2,32,6,3,0,0,0,0,-1,9,3
33107,80.3090146,26.43793861,4,3,2,1,2,13:17,72,E10000017,6,0,6,30,3,4,6,0,0,0,1,1,2,0,0,1,1,E01024908,17-01-2018,2,2,2,2,35,6,3,0,0,1,0,-1,9,-1
33108,80.32817592,26.47276025,4,3,2,2,3,08:40,72,E10000017,6,0,6,50,3,4,6,0,0,0,1,3,4,0,0,2,1,E01024869,18-01-2018,1,1,3,1,23,5,3,10,9,0,0,-1,0,1
33109,80.28413404,26.47708183,4,3,1,1,4,17:50,82,E10000017,6,0,6,30,3,4,6,0,0,1,4,2,2,0,0,1,1,E01025365,19-01-2018,2,1,1,2,54,8,3,0,0,0,0,-1,9,2
33110,80.33687286,26.45336329,4,1,1,3,6,20:44,82,E10000017,3,671,6,30,3,4,6,0,0,0,4,1,2,0,0,2,1,E01025368,14-01-2018,1,1,1,1,51,8,3,0,0,0,0,-1,9,3
33111,80.30019503,26.46977006,4,3,2,1,4,17:35,72,E10000017,6,0,6,30,3,4,6,0,0,0,4,2,2,0,0,1,1,E01024866,19-01-2018,2,1,2,1,2,1,3,0,0,2,0,-1,9,3
33112,80.2907581,26.46484793,4,3,1,1,3,16:09,77,E10000017,3,6068,6,30,8,4,6,0,0,0,1,1,2,0,0,2,1,E01025178,18-01-2018,2,1,2,2,3,1,3,0,0,2,0,-1,9,1
33113,80.2739812,26.46288776,4,3,2,1,4,17:03,77,E10000017,6,0,6,30,0,-1,-1,0,0,1,4,2,2,0,0,1,1,E01025225,19-01-2018,1,1,1,2,31,6,3,0,0,0,0,-1,9,1
33114,80.29539989,26.43839784,4,3,2,1,6,18:00,72,E10000017,3,646,6,40,6,4,6,0,0,0,4,1,2,0,0,1,1,E01024871,21-01-2018,1,1,1,1,20,4,3,0,0,0,0,-1,9,3
33115,80.32326607,26.45167172,4,3,1,1,1,15:42,72,E10000017,6,0,6,30,0,-1,-1,0,0,0,1,1,1,0,0,1,1,E01024910,23-01-2018,2,1,1,1,47,8,3,0,0,0,0,-1,5,3
33116,80.31669014,26.47625006,4,3,3,1,4,22:30,72,E10000017,3,671,6,30,8,4,6,0,0,0,4,1,2,0,0,1,1,E01024889,19-01-2018,2,1,1,1,12,3,2,0,0,0,0,-1,1,1
33117,80.33131025,26.45784451,4,2,1,2,5,22:30,82,E10000017,3,6177,6,50,0,-1,-1,0,0,0,6,2,2,0,0,2,1,E01025378,20-01-2018,2,1,1,1,8,2,3,0,0,0,0,-1,1,1
33118,80.28730325,26.44360966,4,3,1,1,7,16:10,77,E10000017,6,0,6,30,3,4,6,0,0,0,1,1,1,0,0,1,2,E01025214,15-01-2018,2,1,1,1,17,4,3,0,0,0,0,-1,3,1
33119,80.28799795,26.44460528,4,3,3,2,5,19:23,82,E10000017,6,0,6,30,9,4,6,0,0,0,4,2,2,0,0,1,1,E01025388,20-01-2018,1,1,3,2,3,1,3,5,1,0,0,-1,0,1
33120,80.30906049,26.47395262,4,3,2,1,6,20:37,77,E10000017,6,0,6,30,6,4,6,0,0,0,4,1,2,0,0,1,1,E01025224,21-01-2018,1,2,3,1,1,1,3,5,1,0,0,-1,0,1
33121,80.27674457,26.47595611,4,3,2,1,5,20:30,72,E10000017,3,671,6,30,9,2,6,0,0,0,4,2,2,0,0,1,1,E01024858,20-01-2018,1,1,1,2,76,11,3,0,0,0,0,-1,9,1
33122,80.27240464,26.46789589,4,3,2,1,7,20:25,72,E10000017,6,0,6,30,3,4,6,0,0,0,4,1,1,0,0,2,1,E01024857,22-01-2018,1,2,2,2,78,11,3,0,0,1,0,-1,9,1
33123,80.29079921,26.44732953,4,3,5,2,5,18:13,72,E10000017,3,671,3,40,9,2,6,0,0,5,4,1,2,0,0,1,1,E01024858,20-01-2018,2,1,1,1,30,6,3,0,0,0,0,-1,9,-1
33124,80.31827021,26.47453616,4,3,2,2,1,13:35,77,E10000017,6,0,6,30,6,4,6,0,0,0,1,1,1,0,0,1,1,E01025198,23-01-2018,1,1,3,1,22,5,3,9,9,0,0,-1,0,-1
33125,80.26558702,26.43728578,4,3,1,1,7,20:00,72,E10000017,6,0,6,20,3,4,6,0,0,0,4,1,1,0,0,1,2,E01024876,22-01-2018,1,1,1,1,16,4,3,0,0,0,0,-1,2,3
33126,80.33042326,26.46170011,4,3,2,1,2,19:45,77,E10000017,3,56,6,30,2,4,6,0,0,0,4,1,1,0,0,1,2,E01025183,10-01-2018,2,1,1,1,45,7,3,0,0,0,0,-1,9,-1
33127,80.27657127,26.46642912,4,3,1,1,4,14:45,82,E10000017,3,682,6,30,0,-1,-1,0,0,0,1,9,2,4,0,1,2,E01025356,19-01-2018,1,1,1,1,31,6,3,0,0,0,0,-1,5,1
33128,80.28442554,26.45405377,4,3,1,1,4,17:00,72,E10000017,3,6114,6,30,6,4,6,0,0,4,4,5,2,0,0,2,2,E01024857,19-01-2018,2,1,1,1,31,6,3,0,0,0,0,-1,19,1
33129,80.33412602,26.46455936,4,3,3,2,4,17:39,77,E10000017,3,56,6,30,3,4,6,0,0,0,4,5,2,0,0,2,1,E01025203,19-01-2018,2,1,2,2,50,8,3,0,0,0,4,-1,11,2
33130,80.34056925,26.47139724,4,3,2,1,4,09:05,72,E10000017,6,0,6,30,0,-1,-1,0,0,0,1,2,2,0,0,1,2,E01024877,19-01-2018,2,2,2,2,50,8,3,0,0,0,4,-1,11,2
33131,80.29968543,26.48064139,4,3,1,2,5,08:50,72,E10000017,6,0,6,30,9,4,6,0,0,0,1,5,2,0,0,1,1,E01024886,20-01-2018,2,1,1,1,40,7,3,0,0,0,0,-1,1,-1
33132,80.32428992,26.46193086,4,2,1,1,5,15:20,77,E10000017,6,0,6,30,0,-1,-1,0,0,0,1,2,2,0,0,2,2,E01025209,20-01-2018,3,2,1,1,26,6,3,0,0,0,0,-1,1,-1
33133,80.29510962,26.47336516,4,3,1,1,6,04:30,82,E10000017,3,6177,6,60,0,-1,-1,0,0,0,6,1,3,0,0,2,1,E01025378,21-01-2018,2,1,2,2,35,6,3,0,0,1,0,-1,9,-1
33134,80.30597172,26.44421591,4,3,1,1,5,13:25,72,E10000017,3,56,6,60,0,-1,-1,0,0,0,1,5,2,0,0,2,1,E01025358,20-01-2018,1,1,1,1,17,4,3,0,0,0,0,-1,9,3
33135,80.2951286,26.47030686,4,3,2,1,2,13:19,72,E10000017,1,65,3,70,1,4,3,6068,0,0,1,1,2,0,0,2,1,E01025222,24-01-2018,1,2,2,2,15,3,3,0,0,1,0,-1,9,3
33136,80.32300337,26.46940572,4,2,2,1,2,14:40,82,E10000017,3,671,6,30,3,4,6,0,0,1,1,1,2,0,0,1,1,E01025369,24-01-2018,1,1,1,1,24,5,3,0,0,0,0,-1,9,2
33137,80.28273738,26.47185434,4,3,2,1,2,13:55,77,E10000017,3,682,6,30,2,4,6,0,0,1,1,1,1,0,0,1,1,E01025182,24-01-2018,1,2,2,1,24,5,3,0,0,1,0,-1,9,-1
33138,80.33599013,26.4614344,4,2,1,2,5,23:00,77,E10000017,1,65,3,70,0,-1,-1,0,0,0,4,1,2,0,0,2,1,E01024878,20-01-2018,1,1,1,1,43,7,3,0,0,0,0,-1,9,3
33139,80.32780365,26.44738186,4,3,2,1,3,10:20,77,E10000017,3,682,3,30,3,2,6,0,0,5,1,1,1,0,0,1,1,E01025182,25-01-2018,2,1,1,2,35,6,3,0,0,0,0,-1,9,-1
33140,80.27530129,26.45492487,4,3,1,2,3,22:50,77,E10000017,6,0,6,60,8,4,6,0,0,0,6,2,2,0,0,2,1,E01025178,25-01-2018,3,2,1,2,35,6,3,0,0,0,0,-1,9,1
33141,80.29491048,26.46810246,4,3,1,1,5,07:38,72,E10000017,6,0,6,60,8,4,6,0,0,0,1,2,3,0,0,2,1,E01024870,20-01-2018,1,1,1,1,37,7,3,0,0,0,0,-1,4,2
33142,80.27004932,26.45074657,4,3,2,1,3,20:45,72,E10000017,3,682,6,30,9,4,6,0,0,1,4,1,1,0,0,1,2,E01024897,25-01-2018,1,1,1,1,21,5,3,0,0,0,0,-1,9,2