Accident_Index,longitude,latitude,Police_Force,Accident_Severity,Number_of_Vehicles,Number_of_Casualties,Day_of_Week,Time,Local_Authority_(District),Local_Authority_(Highway),1st_Road_Class,1st_Road_Number,Road_Type,Speed_limit,Junction_Detail,Junction_Control,2nd_Road_Class,2nd_Road_Number,Pedestrian_Crossing-Human_Control,Pedestrian_Crossing-Physical_Facilities,Light_Conditions,Weather_Conditions,Road_Surface_Conditions,Special_Conditions_at_Site,Carriageway_Hazards,Urban_or_Rural_Area,Did_Police_Officer_Attend_Scene_of_Accident,LSOA_of_Accident_Location,Date,Vehicle_Reference,Casualty_Reference,Casualty_Class,Sex_of_Casualty,Age_of_Casualty,Age_Band_of_Casualty,Casualty_Severity,Pedestrian_Location,Pedestrian_Movement,Car_Passenger,Bus_or_Coach_Passenger,Pedestrian_Road_Maintenance_Worker,Casualty_Type,Casualty_Home_Area_Type
33265,80.33468295,26.45770701,4,2,1,1,5,08:40,72,E10000017,6,0,6,30,6,4,6,0,1,0,1,1,1,0,0,1,2,E01024875,10-03-2018,1,1,1,1,48,8,3,0,0,0,0,-1,9,-1
33266,80.28944012,26.4749865,4,3,2,7,5,20:00,82,E10000017,3,6177,6,30,3,4,6,0,0,0,4,1,1,0,0,1,1,E01025363,17-03-2018,1,3,2,2,43,7,2,0,0,1,0,-1,9,-1
33267,80.27118084,26.48009474,4,2,2,1,3,23:50,82,E10000017,6,0,6,30,0,-1,-1,0,0,0,4,9,2,0,0,1,2,E01025365,15-03-2018,2,2,1,2,62,9,2,0,0,0,0,-1,9,-1
33268,80.33850941,26.47155197,4,3,2,2,1,14:20,72,E10000017,3,679,3,30,0,-1,-1,0,0,4,1,1,1,0,0,1,1,E01024877,20-03-2018,1,1,1,1,36,7,3,0,0,0,0,-1,1,1
33269,80.32645777,26.45426878,4,3,2,1,7,12:08,72,E10000017,3,682,6,30,6,4,6,0,0,0,1,1,1,0,0,1,1,E01024857,19-03-2018,2,1,1,1,37,7,3,0,0,0,0,-1,9,2
33270,80.27488746,26.47723714,4,3,2,1,7,11:30,77,E10000017,3,682,6,30,6,2,6,0,0,0,1,1,1,0,0,1,1,E01025186,19-03-2018,1,1,3,1,32,6,3,10,9,0,0,-1,0,2
33271,80.28894097,26.45528285,4,2,2,4,6,15:30,77,E10000017,6,0,6,30,8,4,6,0,0,1,1,1,1,0,0,1,1,E01025225,18-03-2018,1,1,3,1,75,10,1,5,1,0,0,-1,0,1
33272,80.30464052,26.43725334,4,3,1,1,4,19:32,82,E10000017,3,682,3,70,0,-1,-1,0,0,0,4,1,2,0,0,2,2,E01025384,16-03-2018,2,1,2,2,67,10,3,0,0,1,0,-1,9,1
33273,80.30656272,26.46374988,4,3,2,1,1,20:00,72,E10000017,3,56,6,30,6,2,6,0,0,0,4,1,1,0,0,2,2,E01024887,20-03-2018,1,1,1,1,28,6,3,0,0,0,0,-1,9,-1
33274,80.30092264,26.46892198,4,3,2,1,7,09:10,82,E10000017,3,671,6,30,0,-1,-1,0,0,0,1,1,2,0,0,2,1,E01025359,19-03-2018,2,1,1,1,12,3,3,0,0,0,0,-1,1,-1
33275,80.33277149,26.47983031,4,3,2,1,3,18:12,77,E10000017,4,6251,6,60,0,-1,-1,0,0,0,6,1,1,0,0,2,1,E01025199,15-03-2018,1,1,3,1,54,8,3,5,3,0,0,-1,0,-1
33276,80.26561031,26.46352999,4,3,2,1,7,18:05,82,E10000017,3,681,6,30,0,-1,-1,0,0,0,1,1,1,0,0,1,2,E01025390,19-03-2018,2,1,1,1,28,6,3,0,0,0,0,-1,19,3
33277,80.32511423,26.47874141,4,2,2,1,6,17:40,77,E10000017,6,0,6,30,6,4,6,0,0,0,1,1,-1,7,2,1,1,E01025220,18-03-2018,2,1,1,1,37,7,2,0,0,0,0,-1,5,1
33278,80.30705712,26.48168638,4,3,2,1,6,16:30,82,E10000017,3,681,6,30,3,4,6,0,0,0,1,1,1,0,0,1,1,E01025386,18-03-2018,1,1,1,1,18,4,3,0,0,0,0,-1,9,1
33279,80.29008514,26.47606292,4,3,1,1,1,00:50,72,E10000017,3,682,3,40,1,2,6,0,0,0,4,1,1,0,0,1,1,E01024858,20-03-2018,2,2,2,2,39,7,3,0,0,1,0,-1,9,1
33280,80.2824652,26.43861901,4,3,2,3,7,16:22,72,E10000017,3,671,6,30,3,4,6,0,0,0,1,1,1,0,0,1,1,E01024904,19-03-2018,2,1,1,1,75,10,3,0,0,0,0,-1,9,1
33281,80.31002172,26.46912778,4,2,1,1,7,17:40,72,E10000017,3,679,6,60,1,4,6,0,0,0,1,1,1,0,0,2,1,E01024888,19-03-2018,1,1,1,1,25,5,3,0,0,0,0,-1,1,-1
33282,80.30135997,26.46765447,4,3,1,1,7,11:47,82,E10000017,3,681,6,30,3,4,6,0,0,1,1,1,1,0,0,1,1,E01025370,19-03-2018,1,1,1,1,52,8,2,0,0,0,0,-1,9,1
33283,80.32409642,26.45648826,4,2,4,1,1,02:00,77,E10000017,6,0,6,30,3,4,6,0,0,0,4,1,2,0,0,1,1,E01025187,20-03-2018,1,2,2,2,42,7,2,0,0,1,0,-1,9,3
33284,80.27564208,26.44023481,4,3,1,1,7,18:20,77,E10000017,6,0,6,30,6,4,6,0,0,0,4,1,1,0,0,1,2,E01025205,19-03-2018,1,1,1,1,51,8,1,0,0,0,0,-1,21,1
33285,80.33962039,26.44833343,4,2,2,1,7,07:50,72,E10000017,3,671,6,30,0,-1,-1,0,0,8,1,1,1,0,0,1,2,E01024879,19-03-2018,2,2,1,1,45,7,3,0,0,0,0,-1,21,3
33286,80.32076463,26.44202546,4,3,2,1,6,20:23,72,E10000017,5,662,6,30,3,4,6,0,0,0,4,1,1,0,0,1,1,E01024856,18-03-2018,3,3,1,1,40,7,3,0,0,0,0,-1,21,3
33287,80.29695011,26.44948552,4,2,2,2,7,19:03,82,E10000017,5,705,6,30,3,4,6,0,0,0,4,1,1,0,0,1,1,E01025356,19-03-2018,1,1,2,2,73,10,3,0,0,0,3,-1,11,1
33288,80.2970411,26.48128909,4,3,2,2,3,10:40,72,E10000017,6,0,6,30,6,4,6,0,0,0,1,1,1,0,0,1,1,E01024882,22-03-2018,1,1,3,1,12,3,3,5,2,0,0,-1,0,1
33289,80.30737135,26.448483,4,3,2,1,3,21:15,72,E10000017,3,682,6,30,3,4,6,0,0,0,4,1,1,0,0,1,1,E01024877,22-03-2018,2,1,1,1,80,11,3,0,0,0,0,-1,1,-1
33290,80.27515737,26.45785638,4,3,1,1,3,18:30,72,E10000017,6,0,6,30,9,4,6,0,0,0,4,1,1,0,0,1,1,E01024864,22-03-2018,2,1,1,1,16,4,3,0,0,0,0,-1,2,3
33291,80.27842944,26.47322566,4,2,2,1,4,08:47,72,E10000017,6,0,6,30,0,-1,-1,0,0,0,1,1,1,0,0,2,1,E01024860,23-03-2018,1,1,1,1,6,2,3,0,0,0,0,-1,1,1
33292,80.27550143,26.48123677,4,3,1,1,7,18:10,72,E10000017,3,679,6,30,0,-1,-1,0,0,0,1,1,1,0,0,1,2,E01024899,19-03-2018,1,1,1,1,28,6,3,0,0,0,0,-1,3,1
33293,80.30471636,26.45984319,4,3,1,1,1,19:30,72,E10000017,6,0,6,30,6,4,6,0,0,0,4,1,1,0,0,1,2,E01024865,20-03-2018,1,1,1,2,19,4,3,0,0,0,0,-1,9,1
33294,80.28232264,26.46392855,4,3,2,1,5,12:30,77,E10000017,3,6068,6,30,3,4,6,0,0,4,1,1,1,0,0,1,2,E01025221,24-03-2018,1,2,2,2,19,4,3,0,0,1,0,-1,9,1
33295,80.28931692,26.46896579,4,3,2,3,6,14:30,77,E10000017,6,0,6,30,2,4,6,0,0,0,1,1,2,0,0,1,1,E01025181,25-03-2018,1,1,3,1,6,2,2,10,2,0,0,-1,0,1
33296,80.29568735,26.44950658,4,3,2,1,7,14:25,72,E10000017,3,682,6,30,3,4,6,0,0,8,1,1,1,0,0,1,1,E01024905,26-03-2018,1,1,1,1,16,4,3,0,0,0,0,-1,2,3
33297,80.2859238,26.44940312,4,2,1,2,3,10:05,72,E10000017,1,65,3,70,0,-1,-1,0,0,0,1,1,2,0,0,2,1,E01024878,22-03-2018,2,1,1,1,42,7,3,0,0,0,0,-1,1,1
33298,80.32080807,26.46382065,4,3,2,1,2,01:45,77,E10000017,4,6250,6,30,6,2,6,0,0,8,4,2,2,0,0,2,1,E01025180,28-03-2018,2,1,1,2,18,4,3,0,0,0,0,-1,9,3
33299,80.28881387,26.47571745,4,3,2,1,2,20:25,82,E10000017,3,56,3,70,1,4,6,0,0,0,5,2,2,0,0,2,1,E01025395,21-03-2018,2,2,2,2,18,4,3,0,0,1,0,-1,9,3
33300,80.29516839,26.45961334,4,3,1,1,3,18:40,77,E10000017,3,56,2,30,3,4,6,0,0,1,4,1,1,0,0,1,2,E01025207,15-03-2018,2,1,1,2,58,9,3,0,0,0,0,-1,9,2
33301,80.29992659,26.4638005,4,3,1,1,4,11:00,82,E10000017,3,671,6,30,3,4,6,0,0,0,1,1,2,0,0,1,1,E01025383,23-03-2018,1,1,1,1,43,7,2,0,0,0,0,-1,5,1
33302,80.26657635,26.45676789,4,3,2,1,5,17:15,72,E10000017,6,0,6,30,3,4,6,0,0,0,1,1,1,0,0,1,2,E01024878,24-03-2018,1,1,1,1,42,7,2,0,0,0,0,-1,5,3
33303,80.28093116,26.46408873,4,3,2,1,1,15:15,72,E10000017,1,65,3,70,5,4,1,65,0,0,1,1,1,0,0,2,2,E01024878,20-03-2018,1,1,1,1,91,11,3,0,0,0,0,-1,9,1
33304,80.29577034,26.46841873,4,2,2,1,4,16:00,77,E10000017,6,0,6,30,0,-1,-1,0,0,0,1,1,1,0,0,2,2,E01025201,23-03-2018,1,2,2,2,90,11,3,0,0,1,0,-1,9,1
33305,80.27256614,26.47599469,4,3,3,1,1,13:08,72,E10000017,3,671,3,30,0,-1,-1,0,0,8,1,1,1,0,0,1,2,E01024909,20-03-2018,1,1,3,2,70,10,3,5,1,0,0,-1,0,-1
33306,80.31743653,26.4762225,4,3,2,1,4,13:25,72,E10000017,3,682,6,30,3,4,6,0,0,4,1,1,1,0,0,1,1,E01024877,16-03-2018,1,1,1,2,60,9,3,0,0,0,0,-1,9,2
33307,80.29417652,26.45154701,4,3,1,1,5,17:15,77,E10000017,6,0,6,30,0,-1,-1,0,0,0,1,1,1,0,0,1,1,E01025220,24-03-2018,2,2,2,2,24,5,3,0,0,1,0,-1,9,3
33308,80.31445041,26.44023635,4,3,1,1,1,20:51,82,E10000017,6,0,6,30,3,4,6,0,0,0,4,1,2,0,0,1,1,E01025386,27-03-2018,2,1,1,1,38,7,3,0,0,0,0,-1,9,1
33309,80.31590752,26.47356448,4,3,2,3,1,14:45,77,E10000017,3,682,6,30,3,4,6,0,0,0,1,1,1,0,0,1,1,E01025176,27-03-2018,1,1,1,2,18,4,3,0,0,0,0,-1,9,-1
33310,80.33780317,26.47210611,4,3,1,1,7,16:48,72,E10000017,3,646,6,60,0,-1,-1,0,0,0,1,1,1,0,0,2,1,E01024869,26-03-2018,2,1,1,1,16,4,3,0,0,0,0,-1,2,1
33311,80.33426024,26.47259585,4,3,2,1,3,14:00,82,E10000017,6,0,6,30,9,4,6,0,0,0,1,1,1,0,0,2,2,E01025372,29-03-2018,1,1,1,2,18,4,3,0,0,0,0,-1,9,3
33312,80.31566726,26.43722256,4,1,1,1,1,19:41,72,E10000017,3,671,6,30,9,4,6,0,0,0,4,1,1,0,0,1,1,E01024885,27-03-2018,1,1,3,2,49,8,3,9,5,0,0,-1,0,-1
33313,80.26537881,26.47583359,4,3,1,1,2,18:35,77,E10000017,6,0,6,30,0,-1,-1,0,0,0,1,1,1,0,0,1,2,E01025181,28-03-2018,2,1,1,1,13,3,3,0,0,0,0,-1,1,1
33314,80.27522914,26.46184988,4,3,2,1,4,18:55,77,E10000017,3,56,6,30,1,4,6,0,0,0,4,2,2,0,0,1,1,E01025228,30-03-2018,2,1,1,1,21,5,3,0,0,0,0,-1,3,3
33315,80.30025414,26.44960358,4,3,1,1,4,21:45,77,E10000017,6,0,6,60,8,4,6,0,0,0,6,1,2,0,0,2,1,E01025213,30-03-2018,2,1,1,1,48,8,3,0,0,0,0,-1,19,1
33316,80.29655834,26.46087737,4,3,1,1,5,17:38,77,E10000017,6,0,6,30,0,-1,-1,0,0,0,1,1,1,0,0,1,1,E01025187,31-03-2018,2,1,1,2,24,5,3,0,0,0,0,-1,9,1
33317,80.29847023,26.45893155,4,3,2,1,3,13:00,72,E10000017,3,671,6,30,3,4,6,0,0,5,1,1,1,0,0,1,1,E01024907,29-03-2018,1,1,2,1,10,2,3,0,0,2,0,-1,90,3
33318,80.27072336,26.46954234,4,3,2,1,4,14:45,77,E10000017,6,0,6,30,3,4,6,0,0,0,1,1,1,0,0,1,1,E01025226,30-03-2018,2,1,2,2,50,8,3,0,0,1,0,-1,9,-1
33319,80.28431972,26.48030566,4,3,2,2,3,09:50,77,E10000017,3,682,1,30,1,4,6,0,0,4,1,1,1,0,0,2,2,E01025182,29-03-2018,1,1,1,2,19,4,3,0,0,0,0,-1,9,3
33320,80.30136406,26.46428256,4,2,1,1,7,12:33,82,E10000017,3,676,6,30,3,4,6,0,0,0,1,1,1,0,0,2,1,E01025358,02-04-2018,2,1,1,1,22,5,3,0,0,0,0,-1,5,3
33321,80.34067682,26.46799955,4,3,3,1,4,16:35,72,E10000017,3,6114,6,30,3,4,6,0,0,0,1,1,1,0,0,1,2,E01024892,30-03-2018,2,1,1,1,45,7,2,0,0,0,0,-1,1,-1
33322,80.27771013,26.45230113,4,3,1,1,6,13:05,77,E10000017,3,6068,6,50,0,-1,-1,0,0,0,1,1,1,0,0,1,1,E01025174,01-04-2018,2,1,1,2,25,5,3,0,0,0,0,-1,9,1
33323,80.28928935,26.45640223,4,3,1,2,7,20:11,82,E10000017,3,6177,6,50,0,-1,-1,0,0,0,6,1,1,0,0,2,1,E01025054,02-04-2018,1,1,1,1,25,5,3,0,0,0,0,-1,9,1
33324,80.27870098,26.45149061,4,3,1,1,3,12:30,77,E10000017,6,0,6,30,3,4,6,0,0,5,1,1,1,0,0,1,2,E01025186,29-03-2018,1,2,2,2,28,6,3,0,0,1,0,-1,9,-1
33325,80.32684154,26.47191865,4,3,2,1,6,21:30,77,E10000017,6,0,6,30,6,2,6,0,0,8,4,1,1,0,0,1,1,E01025207,01-04-2018,1,1,1,1,23,5,1,0,0,0,0,-1,9,1
33326,80.30594442,26.46625964,4,3,1,1,7,12:45,72,E10000017,6,0,6,30,3,4,6,0,0,0,1,1,1,0,0,1,2,E01024867,26-03-2018,1,1,3,2,15,3,3,6,8,0,0,-1,0,1
33327,80.33646593,26.46777757,4,3,2,1,5,20:45,82,E10000017,6,0,6,30,3,4,6,0,0,0,4,1,2,0,0,1,2,E01025368,31-03-2018,1,1,1,1,37,7,2,0,0,0,0,-1,5,1
33328,80.30202532,26.45321339,4,3,2,1,5,21:45,82,E10000017,3,56,3,70,9,4,6,0,0,0,4,1,2,0,0,2,1,E01025365,31-03-2018,2,1,1,1,19,4,3,0,0,0,0,-1,9,3
33329,80.29900849,26.48044393,4,3,2,1,2,13:10,82,E10000017,3,681,6,30,3,4,6,0,0,0,1,1,1,0,0,1,1,E01025388,04-04-2018,1,1,1,2,32,6,3,0,0,0,0,-1,9,-1
33330,80.30924492,26.45523822,4,3,2,2,2,18:50,77,E10000017,3,682,6,30,3,4,6,0,0,4,1,1,1,1,0,1,1,E01025185,04-04-2018,1,1,3,1,66,10,3,5,1,0,0,-1,0,-1
33331,80.29309478,26.45609009,4,3,2,4,5,07:37,82,E10000017,3,56,3,70,0,-1,-1,0,0,0,1,2,2,0,0,2,1,E01025365,07-04-2018,2,1,1,2,37,7,3,0,0,0,0,-1,9,3
33332,80.31754846,26.48055527,4,3,2,1,1,17:00,77,E10000017,6,0,6,30,9,4,6,0,0,0,1,1,1,0,0,1,2,E01025194,03-04-2018,2,1,1,1,57,9,3,0,0,0,0,-1,8,-1
33333,80.28033253,26.44391012,4,3,2,1,3,20:50,77,E10000017,3,682,6,30,9,4,6,0,0,4,4,1,1,0,0,1,1,E01025229,05-04-2018,2,2,2,2,22,5,3,0,0,2,0,-1,8,-1
33334,80.29972633,26.45118092,4,1,1,1,4,07:22,82,E10000017,3,56,3,70,0,-1,-1,0,0,0,1,2,2,0,2,2,1,E01025395,06-04-2018,2,1,1,1,18,4,3,0,0,0,0,-1,9,1
33335,80.33363103,26.44840913,4,3,2,1,6,13:15,77,E10000017,6,0,6,30,6,4,6,0,0,0,1,1,1,0,0,1,1,E01025218,08-04-2018,2,1,1,2,40,7,3,0,0,0,0,-1,9,1
33336,80.26857849,26.4655977,4,3,2,1,4,15:25,72,E10000017,3,671,3,30,0,-1,-1,0,0,0,1,1,2,0,0,2,1,E01024907,06-04-2018,2,1,1,1,41,7,3,0,0,0,0,-1,1,1
33337,80.29283396,26.47770087,4,3,2,1,2,15:20,77,E10000017,3,682,1,30,1,4,1,65,0,8,1,1,1,0,0,1,1,E01025182,04-04-2018,2,1,2,2,55,8,3,0,0,1,0,-1,9,1
33338,80.31838791,26.46089924,4,3,2,2,6,15:45,82,E10000017,4,6214,6,30,3,4,6,0,0,0,1,1,1,0,0,1,1,E01025379,08-04-2018,1,1,1,1,40,7,2,0,0,0,0,-1,5,1
33339,80.30651314,26.46304123,4,3,1,1,2,11:00,77,E10000017,3,56,6,30,3,4,6,0,0,4,1,1,1,1,0,1,2,E01025223,04-04-2018,1,1,1,1,60,9,3,0,0,0,0,-1,5,-1
33340,80.27555594,26.4716249,4,3,1,1,7,23:45,72,E10000017,6,0,2,30,3,2,6,0,0,0,4,1,1,0,0,1,2,E01024877,02-04-2018,2,2,1,1,58,9,3,0,0,0,0,-1,9,-1
33341,80.31982722,26.45467691,4,3,2,2,7,00:30,82,E10000017,3,646,6,40,9,4,3,671,0,0,4,1,1,0,2,1,2,E01024899,02-04-2018,1,3,1,1,38,7,3,0,0,0,0,-1,19,2
33342,80.31561224,26.44729616,4,3,1,1,7,15:40,72,E10000017,3,682,6,50,0,-1,-1,0,0,0,1,2,2,0,0,2,1,E01024874,09-04-2018,2,1,2,2,85,11,3,0,0,1,0,-1,9,3
33343,80.30802473,26.44858697,4,3,3,1,3,16:33,72,E10000017,1,65,3,70,0,-1,-1,0,0,0,1,1,1,0,0,2,1,E01025033,05-04-2018,2,2,1,2,51,8,3,0,0,0,0,-1,9,3
33344,80.34053266,26.47414709,4,2,1,1,1,13:45,82,E10000017,6,0,6,30,3,4,3,681,0,0,1,1,1,0,0,1,2,E01025372,10-04-2018,1,1,1,2,60,9,3,0,0,0,0,-1,9,3
33345,80.30031902,26.44386719,4,2,1,1,2,21:20,72,E10000017,3,646,6,40,3,4,6,0,0,0,4,1,1,0,0,1,1,E01024900,11-04-2018,1,1,1,1,18,4,3,0,0,0,0,-1,2,1
33346,80.27412135,26.46622248,4,3,3,3,2,15:20,82,E10000017,6,0,6,30,6,4,6,0,0,0,1,1,1,0,0,1,2,E01025396,11-04-2018,1,1,3,2,25,5,3,5,1,0,0,-1,0,1
33347,80.29852468,26.46572396,4,3,2,1,3,07:45,77,E10000017,3,682,6,30,3,4,6,0,0,0,1,1,2,0,0,1,2,E01025176,05-04-2018,2,1,1,1,48,8,3,0,0,0,0,-1,9,1
33348,80.27149296,26.47746944,4,3,2,1,5,07:45,82,E10000017,3,680,6,30,3,4,6,0,0,0,1,3,3,0,2,1,2,E01025397,24-02-2018,2,1,1,1,32,6,3,0,0,0,0,-1,5,1
33349,80.30651516,26.44497761,4,3,2,3,5,16:55,72,E10000017,3,682,6,30,6,2,6,0,0,0,1,1,1,0,0,1,2,E01024897,07-04-2018,1,1,1,2,52,8,3,0,0,0,0,-1,9,3
33350,80.29211502,26.44768231,4,3,2,1,5,15:05,77,E10000017,4,6383,6,30,6,2,6,0,0,5,1,1,2,0,0,1,2,E01025196,07-04-2018,1,1,1,2,22,5,3,0,0,0,0,-1,9,1
33351,80.32811911,26.44910246,4,3,2,1,1,19:04,77,E10000017,3,682,3,30,1,4,3,6068,0,0,1,1,1,0,0,1,1,E01025182,10-04-2018,1,1,1,1,26,6,3,0,0,0,0,-1,9,2
33352,80.28469532,26.45182828,4,3,3,1,3,15:30,72,E10000017,3,682,6,30,0,-1,-1,0,0,0,1,1,1,0,0,1,1,E01024857,12-04-2018,2,1,1,1,68,10,3,0,0,0,0,-1,1,2
33353,80.31313609,26.4653937,4,3,1,1,4,20:35,77,E10000017,6,0,6,30,3,4,6,0,0,0,1,1,1,0,0,2,1,E01025226,13-04-2018,1,1,1,1,24,5,3,0,0,0,0,-1,5,1
33354,80.34064397,26.47782906,4,2,2,1,3,13:30,72,E10000017,3,671,6,30,9,4,6,0,0,0,1,9,2,0,2,1,2,E01024858,29-03-2018,1,1,1,1,44,7,3,0,0,0,0,-1,5,1
33355,80.31994651,26.45628796,4,3,1,1,6,15:30,77,E10000017,4,6250,6,30,0,-1,-1,0,0,0,1,1,1,0,0,1,1,E01025179,15-04-2018,2,1,1,2,54,8,3,0,0,0,0,-1,1,1
33356,80.31242396,26.45130914,4,2,2,4,1,16:53,72,E10000017,3,671,6,30,3,4,6,0,0,5,1,1,2,0,0,1,1,E01024858,17-04-2018,1,1,1,1,18,4,2,0,0,0,0,-1,9,-1
33357,80.28394326,26.46090601,4,3,2,1,4,15:10,77,E10000017,3,6068,6,50,6,3,6,0,0,0,1,1,1,0,0,2,2,E01025204,13-04-2018,1,2,2,1,18,4,2,0,0,1,0,-1,9,-1
33358,80.28585739,26.44865197,4,3,2,2,7,13:34,82,E10000017,3,6177,6,50,3,4,6,0,0,0,1,1,2,0,0,2,1,E01025378,16-04-2018,1,1,2,2,27,6,3,0,0,1,0,-1,9,1
33359,80.32784491,26.46812131,4,3,2,1,7,00:10,82,E10000017,3,682,3,70,5,4,6,0,0,0,4,2,2,0,2,2,1,E01025365,16-04-2018,2,1,1,2,47,8,3,0,0,0,0,-1,9,2
33360,80.31621964,26.46275919,4,3,3,1,1,20:16,82,E10000017,3,56,3,70,0,-1,-1,0,0,0,4,1,2,0,7,2,1,E01025384,17-04-2018,2,2,2,2,12,3,3,0,0,1,0,-1,9,2
33361,80.29317619,26.46187378,4,3,2,1,3,13:52,77,E10000017,6,0,6,30,0,-1,-1,0,0,0,1,1,1,0,0,1,1,E01025224,19-04-2018,2,1,1,2,18,4,3,0,0,0,0,-1,9,3
33362,80.32306074,26.44169477,4,3,2,2,3,15:12,77,E10000017,4,6247,2,30,3,4,6,0,0,0,1,1,1,0,0,1,1,E01025223,19-04-2018,2,1,1,2,46,8,3,0,0,0,0,-1,1,1
33363,80.31548183,26.43647311,4,3,2,1,3,17:55,72,E10000017,3,671,3,30,1,4,3,679,0,0,1,9,2,0,0,2,1,E01024882,19-04-2018,1,1,1,1,36,7,3,0,0,0,0,-1,4,-1
33364,80.28305763,26.44909828,4,3,2,1,2,17:19,82,E10000017,3,671,6,30,3,4,6,0,0,0,1,1,1,0,7,2,2,E01025359,04-04-2018,1,1,1,1,30,6,2,0,0,0,0,-1,5,-1
33365,80.28152592,26.45947,4,3,1,1,2,08:00,82,E10000017,3,681,6,30,3,4,6,0,0,0,1,2,2,0,0,1,2,E01025386,18-04-2018,1,1,1,1,6,2,3,0,0,0,0,-1,1,1
33366,80.29375857,26.4423552,4,3,2,1,3,17:30,82,E10000017,3,6177,6,30,3,4,6,0,0,0,1,1,1,0,7,1,1,E01025397,19-04-2018,1,2,3,2,18,4,2,6,9,0,0,-1,0,-1
33367,80.28882713,26.47487784,4,2,2,1,3,18:32,82,E10000017,3,681,6,40,0,-1,-1,0,0,0,1,1,1,0,2,1,1,E01025372,19-04-2018,1,3,3,2,47,8,2,5,9,0,0,-1,0,1
33368,80.32795327,26.47021808,4,3,2,1,6,09:49,82,E10000017,3,6177,6,30,3,4,3,56,0,0,1,1,1,0,0,1,1,E01025363,22-04-2018,1,4,3,1,1,1,3,6,9,0,0,-1,0,1
33369,80.28104403,26.44008757,4,3,1,1,5,17:30,82,E10000017,6,0,6,30,3,4,6,0,0,0,1,1,1,0,0,1,1,E01025394,21-04-2018,1,5,2,2,18,4,3,0,0,1,0,-1,9,3
33370,80.33835027,26.46201047,4,3,2,1,3,19:45,72,E10000017,5,662,6,30,3,4,6,0,0,0,1,1,1,1,0,1,1,E01024859,19-04-2018,2,1,1,2,37,7,3,0,0,0,0,-1,9,2
33371,80.28181565,26.44775025,4,2,2,2,5,21:49,77,E10000017,3,682,6,30,3,3,6,0,0,0,4,1,1,0,0,1,1,E01025229,21-04-2018,1,1,1,1,84,11,3,0,0,0,0,-1,9,-1
33372,80.31133862,26.44260422,4,2,2,1,6,08:52,77,E10000017,3,682,6,30,3,4,6,0,0,0,1,1,1,0,0,1,1,E01025176,22-04-2018,1,2,2,2,74,10,3,0,0,1,0,-1,9,-1
33373,80.31123405,26.46552171,4,3,2,1,6,08:45,77,E10000017,6,0,6,30,6,4,6,0,0,0,1,1,1,0,0,1,2,E01025221,22-04-2018,1,2,2,2,41,7,3,0,0,1,0,-1,9,-1
33374,80.2699955,26.46941537,4,3,3,1,5,18:55,82,E10000017,3,681,6,30,3,4,6,0,0,0,1,1,1,0,0,1,1,E01025372,21-04-2018,2,1,1,1,32,6,3,0,0,0,0,-1,9,-1
33375,80.28614832,26.45392151,4,3,1,1,6,08:40,82,E10000017,5,705,6,30,0,-1,-1,0,0,0,1,1,1,0,0,2,1,E01025387,15-04-2018,1,1,3,1,17,4,3,5,1,0,0,-1,0,3
33376,80.31616641,26.43900092,4,3,1,1,2,17:05,77,E10000017,6,0,6,30,3,4,6,0,0,0,1,1,1,0,0,1,1,E01025215,18-04-2018,1,1,1,2,49,8,3,0,0,0,0,-1,9,3
33377,80.32441395,26.47135433,4,3,2,1,5,14:17,77,E10000017,4,6383,6,40,3,4,6,0,0,0,1,1,1,0,0,1,1,E01025195,21-04-2018,2,2,1,2,60,9,3,0,0,0,0,-1,9,3
33378,80.30252993,26.46124197,4,3,3,2,7,16:14,72,E10000017,3,679,6,30,3,4,6,0,0,0,1,1,1,0,0,1,1,E01024877,23-04-2018,1,1,3,1,42,7,3,5,3,0,0,-1,0,-1
33379,80.27900838,26.4815592,4,3,2,1,3,20:22,72,E10000017,3,682,3,30,0,-1,-1,0,0,0,4,2,2,0,2,1,1,E01025182,26-04-2018,1,1,2,2,63,9,3,0,0,0,2,-1,11,1
33380,80.27741596,26.47864625,4,1,1,2,3,00:45,82,E10000017,6,0,6,30,3,4,6,0,0,0,4,2,2,0,0,1,1,E01025036,26-04-2018,1,1,3,1,3,1,3,5,4,0,0,-1,0,1
33381,80.26719032,26.45871539,4,3,2,1,3,19:05,72,E10000017,6,0,6,30,3,4,6,0,0,0,1,2,2,0,0,1,2,E01024898,26-04-2018,1,1,1,1,19,4,3,0,0,0,0,-1,9,-1
33382,80.28737689,26.46148073,4,3,2,1,1,15:00,82,E10000017,3,671,6,30,3,4,6,0,0,0,1,1,1,0,0,1,1,E01025375,24-04-2018,1,2,2,1,26,6,3,0,0,1,0,-1,9,-1
33383,80.26989945,26.46761435,4,2,1,1,3,19:30,82,E10000017,6,0,6,30,0,-1,-1,0,0,0,1,1,1,0,0,1,1,E01025360,19-04-2018,1,1,3,2,17,4,3,6,9,0,0,-1,0,1
33384,80.31477286,26.47970301,4,3,2,1,2,08:30,77,E10000017,6,0,6,60,0,-1,-1,0,0,0,1,1,1,0,0,2,2,E01025211,25-04-2018,1,1,1,1,23,5,3,0,0,0,0,-1,19,2
33385,80.26676022,26.4619376,4,3,3,3,2,17:25,82,E10000017,3,6177,6,50,8,4,6,0,0,0,1,1,1,0,0,2,1,E01025378,25-04-2018,2,2,1,1,63,9,3,0,0,0,0,-1,9,1