Accident_Index,longitude,latitude,Police_Force,Accident_Severity,Number_of_Vehicles,Number_of_Casualties,Day_of_Week,Time,Local_Authority_(District),Local_Authority_(Highway),1st_Road_Class,1st_Road_Number,Road_Type,Speed_limit,Junction_Detail,Junction_Control,2nd_Road_Class,2nd_Road_Number,Pedestrian_Crossing-Human_Control,Pedestrian_Crossing-Physical_Facilities,Light_Conditions,Weather_Conditions,Road_Surface_Conditions,Special_Conditions_at_Site,Carriageway_Hazards,Urban_or_Rural_Area,Did_Police_Officer_Attend_Scene_of_Accident,LSOA_of_Accident_Location,Date,Vehicle_Reference,Casualty_Reference,Casualty_Class,Sex_of_Casualty,Age_of_Casualty,Age_Band_of_Casualty,Casualty_Severity,Pedestrian_Location,Pedestrian_Movement,Car_Passenger,Bus_or_Coach_Passenger,Pedestrian_Road_Maintenance_Worker,Casualty_Type,Casualty_Home_Area_Type
33386,80.30660908,26.46129697,4,2,1,1,2,15:30,72,E10000017,3,682,3,30,3,4,6,0,0,0,1,1,1,0,0,1,1,E01024857,25-04-2018,2,3,2,2,62,9,3,0,0,1,0,-1,9,1
33387,80.30206584,26.47077236,4,3,2,3,7,11:56,72,E10000017,3,671,6,30,0,-1,-1,0,0,1,1,1,1,0,0,1,1,E01024886,23-04-2018,1,1,1,2,51,8,2,0,0,0,0,-1,5,1
33388,80.28605283,26.46428348,4,3,3,1,4,07:45,82,E10000017,3,682,3,30,1,4,6,0,0,0,1,1,1,4,0,2,1,E01025386,27-04-2018,1,1,1,1,58,9,3,0,0,0,0,-1,1,1
33389,80.31358337,26.44556666,4,3,2,1,6,12:45,72,E10000017,6,0,6,30,0,-1,-1,0,0,0,1,1,1,0,0,2,1,E01024860,29-04-2018,1,1,1,1,32,6,3,0,0,0,0,-1,19,1
33390,80.28131667,26.44001028,4,3,2,1,6,18:00,77,E10000017,6,0,6,30,3,4,6,0,0,1,1,1,1,0,0,1,1,E01025225,29-04-2018,1,1,1,1,40,7,2,0,0,0,0,-1,5,1
33391,80.26879401,26.46444457,4,3,2,1,5,07:15,72,E10000017,3,6068,6,60,6,2,3,678,0,0,1,2,2,0,0,2,1,E01024883,28-04-2018,1,1,1,1,45,7,3,0,0,0,0,-1,5,3
33392,80.33850108,26.43824628,4,3,2,1,7,12:30,77,E10000017,6,0,6,30,9,4,6,0,0,0,1,2,2,0,0,1,1,E01025189,30-04-2018,1,1,1,1,22,5,3,0,0,0,0,-1,9,1
33393,80.33749154,26.44639609,4,3,2,4,4,09:15,72,E10000017,3,671,1,30,1,4,1,65,0,8,1,1,1,0,0,2,1,E01024882,27-04-2018,1,2,2,1,25,5,3,0,0,1,0,-1,9,-1
33394,80.30672039,26.46687742,4,3,2,1,1,19:50,72,E10000017,6,0,2,30,6,4,6,0,0,0,1,1,1,0,0,1,1,E01024877,01-05-2018,1,3,2,1,25,5,3,0,0,2,0,-1,9,1
33395,80.32304571,26.46264275,4,3,2,2,1,23:15,77,E10000017,3,56,6,30,3,4,6,0,0,0,4,1,1,0,0,2,1,E01025202,01-05-2018,1,4,2,2,24,5,3,0,0,2,0,-1,9,1
33396,80.3074459,26.44728845,4,3,3,3,7,14:40,72,E10000017,3,646,6,60,9,4,6,0,0,0,1,1,2,0,0,2,1,E01024870,30-04-2018,1,5,2,2,22,5,3,0,0,2,0,-1,9,1
33397,80.3335924,26.47992517,4,2,3,3,7,02:37,72,E10000017,6,0,3,30,3,4,3,682,0,0,4,1,1,0,0,1,1,E01024910,30-04-2018,2,1,1,1,61,9,3,0,0,0,0,-1,9,1
33398,80.32305234,26.47911417,4,3,2,2,1,17:29,77,E10000017,3,682,6,30,9,4,6,0,0,0,1,1,1,0,0,1,1,E01025213,01-05-2018,2,2,2,2,60,9,3,0,0,1,0,-1,9,1
33399,80.33702709,26.43710619,4,3,2,1,7,22:28,77,E10000017,6,0,6,30,0,-1,-1,0,0,0,4,1,1,0,0,1,1,E01025184,30-04-2018,2,1,1,1,28,6,3,0,0,0,0,-1,9,1
33400,80.26797519,26.47715984,4,2,1,2,6,01:30,72,E10000017,6,0,9,30,9,4,6,0,0,8,4,1,1,0,2,1,1,E01024877,01-04-2018,2,2,2,2,25,5,3,0,0,1,0,-1,9,1
33401,80.27610319,26.44421953,4,3,1,2,1,02:20,77,E10000017,3,682,6,30,0,-1,-1,0,0,1,4,1,1,0,0,1,1,E01025186,01-05-2018,1,1,1,1,31,6,3,0,0,0,0,-1,21,-1
33402,80.30795499,26.43846882,4,3,2,1,6,19:16,82,E10000017,3,671,6,30,3,4,6,0,0,1,1,1,1,0,0,1,1,E01025369,29-04-2018,1,1,1,1,58,9,2,0,0,0,0,-1,9,1
33403,80.32643672,26.45934297,4,3,1,1,6,20:29,72,E10000017,3,671,6,30,9,4,6,0,0,0,4,1,2,0,2,1,1,E01024881,11-03-2018,1,3,2,2,53,8,3,0,0,1,0,-1,9,1
33404,80.30838795,26.44631298,4,3,1,1,2,12:25,77,E10000017,3,682,6,30,8,4,6,0,0,0,1,1,1,0,0,1,1,E01025213,02-05-2018,2,2,1,1,47,8,3,0,0,0,0,-1,21,1
33405,80.28113564,26.44612494,4,3,1,1,6,10:46,77,E10000017,1,65,3,70,5,4,6,0,0,0,1,1,1,0,0,2,1,E01025182,29-04-2018,1,1,1,1,17,4,3,0,0,0,0,-1,9,3
33406,80.31784169,26.45024314,4,2,1,1,2,14:30,77,E10000017,6,0,6,30,6,4,6,0,0,0,1,1,1,0,0,1,1,E01025219,02-05-2018,1,2,2,1,18,4,3,0,0,1,0,-1,9,2
33407,80.31537579,26.4679034,4,2,1,3,7,11:30,82,E10000017,4,6214,2,30,3,4,6,0,0,0,1,2,2,0,0,1,1,E01025397,30-04-2018,1,3,2,1,18,4,3,0,0,2,0,-1,9,2
33408,80.32599909,26.46055645,4,3,2,1,7,14:00,77,E10000017,6,0,6,30,3,4,4,6251,0,0,1,1,1,0,0,2,2,E01025203,30-04-2018,2,1,1,2,33,6,3,0,0,0,0,-1,9,3
33409,80.27748077,26.47732488,4,3,2,1,2,17:00,82,E10000017,3,680,6,30,0,-1,-1,0,0,0,1,1,1,0,0,2,2,E01025365,02-05-2018,1,1,3,1,70,10,3,5,1,0,0,-1,0,1
33410,80.29421466,26.45247841,4,3,2,1,2,21:48,77,E10000017,6,0,6,30,3,4,6,0,0,0,4,1,1,0,0,1,1,E01025184,24-01-2018,2,1,1,1,55,8,3,0,0,0,0,-1,9,3
33411,80.26396554,26.47924816,4,3,1,1,2,17:19,77,E10000017,6,0,6,30,3,4,6,0,0,0,1,2,2,0,0,1,1,E01025182,28-02-2018,1,1,3,1,40,7,1,5,1,0,0,-1,0,-1
33412,80.27151566,26.44353928,4,3,2,1,5,08:04,72,E10000017,3,671,6,30,3,2,6,0,0,5,1,1,1,0,0,1,1,E01024909,31-03-2018,2,1,1,1,20,4,3,0,0,0,0,-1,1,1
33413,80.27917776,26.47238286,4,3,2,1,2,19:30,82,E10000017,6,0,6,20,3,4,6,0,0,0,1,1,1,0,0,1,2,E01025376,25-04-2018,1,1,1,1,35,6,3,0,0,0,0,-1,5,2
33414,80.32468809,26.44596675,4,3,1,2,1,05:00,82,E10000017,3,671,6,30,0,-1,-1,0,0,0,4,2,2,0,7,2,1,E01025383,01-05-2018,1,1,1,1,54,8,3,0,0,0,0,-1,21,1
33415,80.32396026,26.45083277,4,3,1,1,2,19:03,72,E10000017,6,0,6,30,0,-1,-1,0,0,0,1,1,1,0,0,2,1,E01025345,07-03-2018,2,2,1,1,48,8,2,0,0,0,0,-1,21,-1
33416,80.3259783,26.44954168,4,3,2,1,1,00:02,82,E10000017,6,0,6,30,3,4,6,0,0,0,4,2,2,0,0,1,1,E01025398,09-01-2018,2,1,1,1,28,6,3,0,0,0,0,-1,21,2
33417,80.28402967,26.44619846,4,3,2,3,2,17:20,72,E10000017,3,679,3,30,0,4,-1,0,0,4,1,1,1,0,0,1,1,E01024877,16-05-2018,1,1,1,1,18,4,3,0,0,0,0,-1,9,1
33418,80.26713283,26.46494721,4,3,1,1,2,18:20,72,E10000017,6,0,6,30,0,4,-1,0,0,0,1,1,1,0,0,1,1,E01024896,16-05-2018,2,1,2,2,7,2,3,0,0,2,0,-1,90,1
33419,80.27746165,26.44978229,4,3,1,1,5,16:23,72,E10000017,6,0,6,30,6,4,6,0,0,0,1,2,2,0,0,1,1,E01024906,05-05-2018,1,1,1,2,35,6,3,0,0,0,0,-1,9,1
33420,80.27500572,26.44997597,4,3,2,1,7,14:00,72,E10000017,3,679,6,30,0,-1,-1,0,0,0,1,1,1,0,0,1,1,E01024908,07-05-2018,2,1,1,1,26,6,3,0,0,0,0,-1,9,1
33421,80.32973833,26.47017906,4,3,1,1,2,18:45,72,E10000017,6,0,6,30,3,4,6,0,0,0,1,1,1,0,0,1,1,E01024903,09-05-2018,2,1,1,2,40,7,3,0,0,0,0,-1,9,2
33422,80.29446414,26.44339028,4,3,1,1,3,17:25,72,E10000017,6,0,6,30,6,4,6,0,0,0,1,1,1,0,0,1,1,E01024857,10-05-2018,2,2,2,2,20,4,3,0,0,1,0,-1,9,3
33423,80.27973956,26.45838658,4,2,2,2,3,07:40,72,E10000017,3,682,1,30,1,4,4,6240,0,8,1,2,2,0,0,1,1,E01024909,24-05-2018,1,1,1,1,31,6,3,0,0,0,0,-1,1,-1
33424,80.33631048,26.47020023,4,3,1,2,2,13:30,72,E10000017,3,682,3,30,3,4,6,0,0,4,1,1,1,0,0,1,1,E01024858,09-05-2018,1,1,3,1,6,2,3,5,4,0,0,-1,0,2
33425,80.29480527,26.45105362,4,3,2,1,1,20:34,72,E10000017,1,65,7,70,5,4,3,671,0,0,1,1,1,0,0,2,1,E01024900,29-05-2018,1,1,1,1,26,6,3,0,0,0,0,-1,9,-1
33426,80.29462813,26.45458097,4,3,2,1,6,15:45,72,E10000017,3,682,6,30,3,4,6,0,0,0,1,1,1,0,0,1,1,E01024876,06-05-2018,1,2,2,1,26,6,2,0,0,1,0,-1,9,-1
33427,80.29295995,26.47707484,4,3,2,3,2,18:54,72,E10000017,3,682,6,30,6,2,3,6114,0,0,1,1,1,0,0,1,1,E01024897,30-05-2018,1,3,2,1,25,5,3,0,0,2,0,-1,9,-1
33428,80.31540065,26.47447325,4,3,2,1,6,16:30,72,E10000017,6,0,6,30,3,4,3,682,0,0,1,2,2,0,0,1,1,E01024909,03-06-2018,1,4,2,2,27,6,3,0,0,2,0,-1,9,-1
33429,80.31926685,26.46934977,4,3,2,2,4,18:20,72,E10000017,6,0,6,30,0,-1,-1,0,0,0,1,8,1,0,0,2,1,E01024860,18-05-2018,1,5,2,1,25,5,3,0,0,2,0,-1,9,-1
33430,80.29627632,26.43657544,4,3,2,2,2,19:50,72,E10000017,3,6114,6,30,3,4,6,0,0,0,1,1,1,0,0,1,1,E01024893,06-06-2018,1,6,2,1,25,5,3,0,0,2,0,-1,9,-1
33431,80.32436364,26.45349222,4,3,1,2,4,00:30,72,E10000017,3,646,6,60,8,4,6,0,0,0,4,1,1,0,0,2,1,E01024870,08-06-2018,2,1,1,1,11,3,2,0,0,0,0,-1,1,1
33432,80.27905092,26.44180325,4,3,4,1,1,01:35,72,E10000017,6,0,6,30,0,-1,-1,0,0,0,4,1,1,0,0,1,1,E01024864,12-06-2018,1,1,1,1,23,5,3,0,0,0,0,-1,9,1
33433,80.29518639,26.45374096,4,3,1,1,2,18:10,72,E10000017,6,0,6,30,0,-1,-1,0,0,0,1,4,1,0,0,1,1,E01024856,23-05-2018,1,1,2,2,22,5,3,0,0,1,0,-1,9,3
33434,80.28526244,26.46481664,4,3,1,4,2,22:50,72,E10000017,6,0,6,60,0,4,-1,0,0,0,6,1,2,7,0,2,1,E01024860,23-05-2018,2,1,1,1,35,6,3,0,0,0,0,-1,5,1
33435,80.26393555,26.44324399,4,3,2,1,4,07:05,72,E10000017,6,0,6,30,3,4,6,0,0,0,1,1,1,0,0,1,1,E01024858,25-05-2018,2,1,1,2,37,7,3,0,0,0,0,-1,9,1
33436,80.34000222,26.44442917,4,3,1,1,4,20:10,72,E10000017,6,0,6,30,0,-1,-1,0,0,5,1,1,1,0,0,1,1,E01024877,25-05-2018,1,1,1,1,37,7,2,0,0,0,0,-1,5,-1
33437,80.29372427,26.47738872,4,2,1,1,2,19:35,72,E10000017,6,0,6,30,0,-1,-1,0,0,0,1,1,1,0,0,1,1,E01024903,30-05-2018,1,1,1,2,28,6,3,0,0,0,0,-1,9,1
33438,80.31463642,26.4714616,4,3,2,3,3,13:45,72,E10000017,3,671,6,30,1,4,6,0,0,8,1,1,1,0,0,1,1,E01024909,31-05-2018,2,2,2,2,58,9,3,0,0,1,0,-1,9,2
33439,80.33890533,26.45841813,4,3,1,1,4,17:59,72,E10000017,3,646,6,60,0,4,-1,0,0,0,1,2,2,0,0,2,1,E01024870,01-06-2018,1,1,1,2,20,4,3,0,0,0,0,-1,9,1
33440,80.27531241,26.4495232,4,1,2,1,1,17:00,72,E10000017,3,6114,7,30,3,4,6,0,0,0,1,1,1,0,0,1,1,E01024858,03-07-2018,2,2,1,2,57,9,3,0,0,0,0,-1,9,2
33441,80.29938441,26.45618709,4,3,1,1,3,23:56,72,E10000017,6,0,6,30,0,-1,-1,0,0,0,4,1,1,0,0,1,1,E01024863,14-06-2018,1,1,2,2,86,11,2,0,0,1,0,-1,9,1
33442,80.33363039,26.4643258,4,3,3,2,7,08:54,72,E10000017,6,0,6,30,3,4,6,0,0,0,1,1,1,0,0,1,1,E01024895,18-06-2018,2,2,2,2,24,5,3,0,0,1,0,-1,9,2
33443,80.28360086,26.46951314,4,3,1,1,2,09:55,72,E10000017,3,682,3,30,6,2,6,0,0,5,1,1,1,0,0,1,1,E01024877,20-06-2018,2,1,2,1,9,2,3,0,0,1,0,-1,9,3
33444,80.29632396,26.46309969,4,3,2,2,2,17:00,72,E10000017,3,682,1,30,1,4,3,682,0,0,1,1,1,0,0,1,1,E01024909,20-06-2018,2,1,1,2,37,7,3,0,0,0,0,-1,9,2
33445,80.31608056,26.44090943,4,3,2,3,5,18:10,72,E10000017,3,671,1,30,1,4,6,0,0,0,1,1,1,0,0,1,1,E01024904,23-06-2018,3,1,1,2,42,7,3,0,0,0,0,-1,9,2
33446,80.27663645,26.44704351,4,3,2,2,6,15:00,72,E10000017,6,0,3,30,3,4,6,0,0,0,1,1,1,0,0,1,1,E01024877,24-06-2018,3,3,2,1,39,7,3,0,0,1,0,-1,9,2
33447,80.2857907,26.46705089,4,3,2,1,7,22:30,72,E10000017,6,0,6,30,6,4,6,0,0,0,4,1,1,0,0,1,1,E01024910,25-06-2018,4,2,2,2,45,7,3,0,0,1,0,-1,9,1
33448,80.3380342,26.4683566,4,3,2,2,1,15:55,72,E10000017,3,632,3,30,3,4,6,0,0,0,1,1,1,0,0,1,1,E01024871,26-06-2018,2,1,1,1,16,4,3,0,0,0,0,-1,2,1
33449,80.31063162,26.46318503,4,3,1,1,2,17:45,72,E10000017,6,0,6,30,0,-1,-1,0,0,0,1,1,1,0,0,1,1,E01024909,27-06-2018,1,1,2,2,46,8,3,0,0,1,0,-1,9,1
33450,80.28910705,26.47556635,4,3,1,2,2,20:59,72,E10000017,6,0,6,60,0,-1,-1,0,0,0,1,1,1,0,0,2,1,E01024860,27-06-2018,2,2,2,2,22,5,3,0,0,2,0,-1,8,1
33451,80.33356772,26.44082093,4,3,1,1,6,00:40,72,E10000017,6,0,2,30,9,4,6,0,0,0,4,1,1,0,0,1,1,E01024877,22-07-2018,2,1,1,2,38,7,3,0,0,0,0,-1,9,1
33452,80.26867303,26.44270904,4,3,2,2,2,18:35,72,E10000017,6,0,6,30,6,4,6,0,0,0,1,1,1,0,0,1,1,E01024875,18-07-2018,1,1,1,1,24,5,3,0,0,0,0,-1,5,-1
33453,80.28282572,26.4625781,4,3,2,1,2,13:58,72,E10000017,6,0,6,30,6,3,6,0,0,0,1,2,2,5,0,1,1,E01024906,13-06-2018,1,1,3,1,86,11,3,1,3,0,0,-1,0,1
33454,80.27875809,26.44387025,4,3,2,2,2,20:10,72,E10000017,6,0,6,30,0,-1,-1,0,0,0,1,1,1,0,0,1,1,E01024891,11-07-2018,1,1,1,1,45,7,3,0,0,0,0,-1,9,1
33455,80.29033632,26.47488811,4,2,2,1,6,15:45,72,E10000017,6,0,6,30,0,-1,-1,0,0,0,1,1,1,0,0,1,1,E01024856,15-07-2018,1,2,2,1,12,3,3,0,0,1,0,-1,9,1
33456,80.33358633,26.44920735,4,3,2,3,6,23:30,72,E10000017,6,0,6,30,6,4,6,0,0,0,4,1,1,0,0,1,1,E01024908,15-07-2018,2,1,1,1,37,7,3,0,0,0,0,-1,9,1
33457,80.28274971,26.47225275,4,3,1,1,2,13:30,72,E10000017,6,0,6,30,6,4,6,0,0,0,1,1,2,0,0,1,1,E01024876,18-07-2018,2,2,2,1,38,7,3,0,0,1,0,-1,9,1
33458,80.29517994,26.43643206,4,3,1,1,5,20:30,72,E10000017,6,0,6,30,6,4,6,0,0,0,1,1,1,0,0,1,1,E01024903,21-07-2018,1,1,1,1,18,4,3,0,0,0,0,-1,9,1
33459,80.26825997,26.45697886,4,2,1,1,6,22:50,72,E10000017,6,0,6,30,3,4,6,0,0,0,1,2,2,0,0,1,1,E01024876,22-07-2018,2,2,1,2,21,5,3,0,0,0,0,-1,9,-1
33460,80.33924681,26.47163054,4,3,2,1,6,17:00,72,E10000017,6,0,6,30,0,-1,-1,0,0,0,1,1,1,0,0,1,1,E01024904,22-07-2018,2,1,1,1,39,7,2,0,0,0,0,-1,3,1
33461,80.26478228,26.4783906,4,3,1,1,3,12:20,72,E10000017,6,0,6,30,8,4,3,682,0,0,1,1,1,0,0,1,1,E01024877,26-07-2018,2,1,1,1,69,10,3,0,0,0,0,-1,5,2
33462,80.31174678,26.47532479,4,3,1,1,6,11:00,72,E10000017,6,0,2,30,0,-1,-1,0,0,0,1,9,1,0,0,1,1,E01024877,29-07-2018,1,1,1,1,35,6,3,0,0,0,0,-1,19,3
33463,80.26737839,26.45993531,4,3,2,1,6,13:20,72,E10000017,6,0,6,30,6,4,6,0,0,0,1,1,1,0,0,1,1,E01024877,29-07-2018,1,1,1,1,49,8,3,0,0,0,0,-1,9,-1
33464,80.27621825,26.46479858,4,3,1,1,3,10:24,72,E10000017,6,0,6,30,3,4,3,679,0,0,1,1,1,0,0,1,1,E01024908,02-08-2018,1,2,2,1,57,9,2,0,0,1,0,-1,9,-1
33465,80.32596167,26.47626139,4,3,2,3,2,17:00,72,E10000017,6,0,6,30,3,2,6,0,0,4,1,1,1,0,0,1,1,E01024876,01-08-2018,1,3,2,1,46,8,2,0,0,2,0,-1,9,-1
33466,80.27433188,26.46122472,4,3,1,1,4,11:55,72,E10000017,6,0,6,30,6,4,3,682,0,4,1,2,2,0,0,1,1,E01024905,03-08-2018,1,1,1,2,45,7,3,0,0,0,0,-1,9,-1
33467,80.26979155,26.44605758,4,3,2,1,7,19:20,72,E10000017,6,0,6,30,3,4,6,0,0,0,1,1,1,0,0,1,1,E01024862,06-08-2018,1,2,2,1,49,8,2,0,0,1,0,-1,9,-1
33468,80.27888915,26.47386275,4,3,2,2,4,07:55,72,E10000017,6,0,6,30,3,4,6,0,0,0,1,1,2,0,0,1,1,E01024895,10-08-2018,1,3,2,2,14,3,3,0,0,2,0,-1,9,-1
33469,80.33720541,26.47401613,4,2,2,2,4,11:50,72,E10000017,6,0,6,30,6,4,6,0,0,0,1,1,1,0,0,1,1,E01024863,10-08-2018,1,4,2,1,11,3,3,0,0,2,0,-1,9,-1
33470,80.28456551,26.45993385,4,3,2,1,2,08:45,72,E10000017,6,0,6,30,6,4,6,0,0,0,1,1,1,0,0,1,1,E01024875,15-08-2018,1,1,1,1,81,11,3,0,0,0,0,-1,9,1
33471,80.30270169,26.44214662,4,3,2,1,6,20:00,72,E10000017,6,0,6,30,7,4,6,0,0,0,1,8,1,0,0,1,1,E01024893,12-08-2018,1,1,1,1,21,5,3,0,0,0,0,-1,9,3
33472,80.325387,26.46099702,4,3,2,1,4,19:05,72,E10000017,6,0,6,30,0,-1,-1,0,0,0,1,1,1,0,0,1,1,E01024856,17-08-2018,1,1,1,1,42,7,2,0,0,0,0,-1,5,3
33473,80.31191266,26.45605049,4,2,1,1,4,12:50,72,E10000017,3,671,6,30,0,-1,-1,0,0,0,1,1,1,0,0,2,1,E01025393,24-08-2018,1,1,2,2,10,2,3,0,0,1,0,-1,9,1
33474,80.339847,26.46284537,4,3,3,1,7,16:55,72,E10000017,6,0,6,30,6,4,6,0,0,4,1,1,1,0,0,1,1,E01024855,27-08-2018,1,1,1,1,19,4,3,0,0,0,0,-1,9,1
33475,80.32441088,26.4529552,4,3,2,1,4,12:47,72,E10000017,3,682,6,30,3,4,6,0,0,0,1,8,1,0,0,1,1,E01024876,31-08-2018,2,2,1,1,50,8,3,0,0,0,0,-1,9,2
33476,80.30265791,26.47493183,4,3,2,1,3,08:48,72,E10000017,3,682,6,30,3,4,6,0,0,0,1,1,1,0,0,1,1,E01024857,30-08-2018,2,3,2,2,30,6,3,0,0,1,0,-1,9,2
33477,80.32199341,26.46426015,4,3,1,1,4,07:45,72,E10000017,3,646,6,60,0,-1,-1,0,0,0,1,5,2,0,0,2,1,E01024870,24-08-2018,3,1,1,1,25,5,3,0,0,0,0,-1,1,1
33478,80.2893432,26.44969682,4,3,1,1,5,09:55,72,E10000017,3,679,3,30,0,-1,-1,0,0,4,1,1,1,0,0,1,1,E01024877,01-09-2018,2,1,1,1,15,3,3,0,0,0,0,-1,1,-1
33479,80.31474433,26.45281035,4,2,1,1,5,08:25,72,E10000017,3,671,3,40,0,-1,-1,0,0,0,1,1,2,0,0,1,1,E01024877,01-09-2018,1,1,3,1,5,1,3,5,2,0,0,-1,0,1
33480,80.32934405,26.47599209,4,2,1,1,1,10:58,72,E10000017,6,0,6,60,0,-1,-1,0,0,0,1,1,1,0,0,2,1,E01024870,04-09-2018,1,1,1,1,17,4,3,0,0,0,0,-1,9,2
33481,80.29446683,26.45663405,4,3,1,1,7,12:15,72,E10000017,6,0,6,30,0,-1,-1,0,0,0,1,9,1,0,0,1,1,E01024894,03-09-2018,1,2,2,1,16,4,3,0,0,1,0,-1,9,2
33482,80.30137181,26.46422835,4,3,2,1,1,12:10,72,E10000017,6,0,6,30,9,4,6,0,0,0,1,1,1,0,0,1,1,E01024898,28-08-2018,2,1,1,1,45,7,3,0,0,0,0,-1,9,1
33483,80.33045793,26.46041902,4,3,2,1,3,11:40,72,E10000017,3,682,6,30,0,4,-1,0,0,4,1,1,1,0,0,1,1,E01024895,30-08-2018,2,2,2,2,16,4,3,0,0,1,0,-1,9,1
33484,80.31490001,26.44262903,4,1,1,1,6,11:39,72,E10000017,6,0,6,30,0,-1,-1,0,0,0,1,1,2,0,0,2,1,E01024857,09-09-2018,2,3,2,1,14,3,3,0,0,2,0,-1,9,1
33485,80.2948485,26.44779165,4,3,2,1,5,15:44,72,E10000017,4,6434,6,30,1,4,3,682,0,0,1,2,2,0,0,1,1,E01024877,15-09-2018,2,1,2,2,43,7,3,0,0,2,0,-1,8,1
33486,80.28545235,26.45872902,4,3,3,2,3,16:39,72,E10000017,6,0,6,30,0,-1,-1,0,0,1,1,1,1,0,2,1,1,E01024909,13-09-2018,2,1,1,1,56,9,3,0,0,0,0,-1,5,1
33487,80.30611736,26.46018623,4,3,2,1,5,10:50,72,E10000017,6,0,6,30,9,2,6,0,0,5,1,2,2,0,0,1,1,E01024877,15-09-2018,1,1,1,1,21,5,3,0,0,0,0,-1,9,-1
33488,80.29487487,26.4678041,4,3,1,1,4,21:46,72,E10000017,6,0,6,30,3,4,6,0,0,0,4,1,1,0,0,1,1,E01024857,21-09-2018,1,1,1,1,43,7,3,0,0,0,0,-1,20,-1
33489,80.31835738,26.44948227,4,3,2,1,4,16:00,72,E10000017,6,0,6,30,0,-1,-1,0,0,0,1,2,2,0,0,1,1,E01024861,28-09-2018,1,1,1,1,60,9,2,0,0,0,0,-1,5,1
33490,80.32425136,26.47467544,4,3,2,2,7,00:25,72,E10000017,3,682,6,30,6,2,3,6114,0,0,4,2,2,0,0,1,1,E01024897,01-10-2018,2,2,2,2,38,7,2,0,0,1,0,-1,9,-1
33491,80.3360345,26.47737656,4,3,1,1,7,14:45,72,E10000017,6,0,6,30,3,4,6,0,0,0,1,1,1,0,0,1,1,E01024878,01-10-2018,1,1,3,2,8,2,3,5,3,0,0,-1,0,1
33492,80.2843719,26.46512036,4,3,2,4,2,17:05,72,E10000017,6,0,6,30,6,2,3,679,0,0,1,1,1,0,0,1,1,E01024909,03-10-2018,1,1,1,2,19,4,3,0,0,0,0,-1,9,1
33493,80.26566919,26.45831177,4,3,2,2,2,16:40,72,E10000017,6,0,6,30,6,4,6,0,0,0,1,1,1,0,0,1,1,E01024877,03-10-2018,2,1,1,2,57,9,3,0,0,0,0,-1,9,1
33494,80.26721983,26.47673976,4,3,2,1,4,10:55,72,E10000017,3,671,3,30,1,4,3,671,0,0,1,1,1,0,0,2,1,E01024882,05-10-2018,2,2,2,2,14,3,3,0,0,2,0,-1,9,2
33495,80.31531669,26.44595388,4,3,2,1,2,08:45,72,E10000017,5,664,6,30,0,-1,-1,0,0,0,1,1,1,0,0,1,1,E01024898,10-10-2018,2,3,2,2,15,3,3,0,0,2,0,-1,9,1
33496,80.29031296,26.43683056,4,3,2,1,2,13:20,72,E10000017,6,0,6,30,9,4,6,0,0,0,1,1,1,0,0,1,1,E01024909,10-10-2018,2,4,2,2,14,3,3,0,0,2,0,-1,9,2
33497,80.32352405,26.45979849,4,3,2,2,6,08:40,72,E10000017,5,662,6,30,3,4,6,0,0,0,1,1,1,0,0,1,1,E01024892,07-10-2018,2,1,1,1,13,3,3,0,0,0,0,-1,1,1
33498,80.33021382,26.4379421,4,3,1,1,2,14:10,72,E10000017,6,0,6,30,9,4,6,0,0,0,1,1,2,0,0,1,1,E01024878,03-10-2018,1,1,1,1,11,3,3,0,0,0,0,-1,1,1
33499,80.28820447,26.44470709,4,3,2,1,2,15:20,72,E10000017,3,682,6,30,0,-1,-1,0,0,8,1,1,1,0,0,1,1,E01024898,10-10-2018,1,1,2,1,27,6,3,0,0,1,0,-1,9,1
33500,80.30022906,26.46332506,4,3,2,1,4,14:40,72,E10000017,6,0,2,30,7,-1,6,0,0,5,1,9,2,0,0,1,1,E01024877,12-10-2018,3,2,2,1,5,1,3,0,0,1,0,-1,9,1
33501,80.28361057,26.46069311,4,3,2,3,7,20:20,72,E10000017,3,682,6,30,6,2,3,6114,0,5,4,1,1,0,0,1,1,E01024897,15-10-2018,1,1,1,1,24,5,2,0,0,0,0,-1,19,1
33502,80.30657054,26.44371977,4,3,1,3,7,11:25,72,E10000017,3,646,6,60,0,-1,-1,0,0,0,1,1,2,0,0,2,1,E01024874,01-10-2018,1,1,3,2,17,4,3,9,5,0,0,-1,0,1
33503,80.30327231,26.45693703,4,3,2,2,2,09:00,72,E10000017,6,0,9,30,6,2,6,0,0,4,1,1,1,0,0,1,1,E01024858,17-10-2018,1,1,2,2,65,9,3,0,0,2,0,-1,9,-1
33504,80.33443905,26.45330179,4,3,2,1,3,14:00,72,E10000017,6,0,6,30,7,4,6,0,0,0,1,1,1,0,0,1,1,E01024906,18-10-2018,1,1,1,2,25,5,3,0,0,0,0,-1,9,1
33505,80.30520178,26.46655025,4,3,2,1,3,15:40,72,E10000017,4,6434,6,30,3,4,6,0,0,0,1,1,1,0,0,1,1,E01024877,18-10-2018,2,1,1,1,60,9,3,0,0,0,0,-1,9,-1
33506,80.2782719,26.44013861,4,3,2,2,4,08:05,72,E10000017,3,6114,6,30,6,4,6,0,0,4,1,1,2,0,0,1,1,E01024855,19-10-2018,1,1,1,1,52,8,2,0,0,0,0,-1,5,-1