Accident_Index,longitude,latitude,Police_Force,Accident_Severity,Number_of_Vehicles,Number_of_Casualties,Day_of_Week,Time,Local_Authority_(District),Local_Authority_(Highway),1st_Road_Class,1st_Road_Number,Road_Type,Speed_limit,Junction_Detail,Junction_Control,2nd_Road_Class,2nd_Road_Number,Pedestrian_Crossing-Human_Control,Pedestrian_Crossing-Physical_Facilities,Light_Conditions,Weather_Conditions,Road_Surface_Conditions,Special_Conditions_at_Site,Carriageway_Hazards,Urban_or_Rural_Area,Did_Police_Officer_Attend_Scene_of_Accident,LSOA_of_Accident_Location,Date,Vehicle_Reference,Casualty_Reference,Casualty_Class,Sex_of_Casualty,Age_of_Casualty,Age_Band_of_Casualty,Casualty_Severity,Pedestrian_Location,Pedestrian_Movement,Car_Passenger,Bus_or_Coach_Passenger,Pedestrian_Road_Maintenance_Worker,Casualty_Type,Casualty_Home_Area_Type
33750,80.27266463,26.43977199,4,3,1,1,6,11:41,77,E10000017,4,6251,6,60,3,4,6,0,0,0,1,1,2,0,0,2,1,E01025199,09-12-2018,2,1,1,1,56,9,2,0,0,0,0,-1,9,-1
33751,80.3147944,26.47417736,4,3,2,1,1,13:00,77,E10000017,3,56,6,30,3,4,4,651,0,0,1,1,2,0,0,2,1,E01025203,11-12-2018,1,1,1,1,43,7,2,0,0,0,0,-1,9,1
33752,80.26748413,26.46649258,4,3,1,1,3,07:50,77,E10000017,4,6383,6,30,0,-1,-1,0,0,0,1,1,1,0,0,1,1,E01025197,06-12-2018,1,1,3,2,14,3,3,5,1,0,0,-1,0,3
33753,80.28398853,26.48035406,4,3,1,1,4,08:24,77,E10000017,4,6250,6,30,9,2,3,56,0,4,1,1,2,0,0,1,1,E01025207,14-12-2018,2,1,1,2,64,9,3,0,0,0,0,-1,9,3
33754,80.2840382,26.46600237,4,3,2,1,7,19:55,77,E10000017,6,0,6,60,0,-1,-1,0,0,0,6,1,2,0,0,2,1,E01025228,17-12-2018,2,2,2,2,65,9,3,0,0,2,0,-1,9,1
33755,80.33614458,26.47725399,4,3,2,3,3,07:52,77,E10000017,4,6383,6,30,6,4,6,0,0,0,1,1,2,0,0,1,1,E01025198,20-12-2018,1,1,3,1,13,3,3,5,1,0,0,-1,0,-1
33756,80.32148034,26.45020989,4,2,2,1,3,16:30,77,E10000017,3,6068,6,30,3,4,6,0,0,0,4,1,2,0,0,1,1,E01025221,20-12-2018,2,1,1,1,13,3,3,0,0,0,0,-1,1,2
33757,80.33844553,26.4541243,4,3,2,3,6,23:25,77,E10000017,6,0,6,30,9,4,6,0,0,0,4,1,2,0,0,1,1,E01025192,23-12-2018,1,1,2,1,23,5,2,0,0,2,0,-1,9,3
33758,80.30304056,26.46794144,4,3,2,1,2,18:40,77,E10000017,4,6251,6,60,3,4,6,0,0,0,1,2,2,0,0,1,1,E01025192,13-06-2018,1,2,2,1,22,5,2,0,0,1,0,-1,9,2
33759,80.29329192,26.4727858,4,3,1,1,6,17:15,77,E10000017,6,0,6,30,6,3,6,0,0,0,1,1,1,0,0,1,1,E01025188,13-05-2018,2,1,2,2,48,8,3,0,0,0,0,-1,5,1
33760,80.33914481,26.46979232,4,3,2,2,6,21:30,77,E10000017,6,0,6,30,6,4,6,0,0,0,4,2,2,0,0,1,1,E01025218,06-05-2018,3,1,1,1,58,9,3,0,0,0,0,-1,9,2
33761,80.31027208,26.45463369,4,3,2,2,3,15:05,77,E10000017,6,0,6,30,9,4,6,0,0,0,1,9,1,0,0,1,1,E01025184,03-05-2018,1,1,1,2,23,5,3,0,0,0,0,-1,9,1
33762,80.30178768,26.45223207,4,3,2,3,2,17:45,77,E10000017,3,682,1,30,1,4,1,65,0,0,1,1,1,0,0,2,1,E01025182,09-05-2018,1,1,1,2,25,5,3,0,0,0,0,-1,9,1
33763,80.27495617,26.44138539,4,3,1,1,7,16:49,77,E10000017,6,0,6,30,3,4,6,0,0,0,1,1,1,0,0,1,1,E01025189,21-05-2018,1,1,3,1,30,6,2,8,9,0,0,-1,0,2
33764,80.28150022,26.46229952,4,3,2,2,2,09:45,77,E10000017,4,6249,2,30,7,4,3,682,0,0,1,1,1,0,0,1,1,E01025230,16-05-2018,2,1,1,1,22,5,3,0,0,0,0,-1,9,1
33765,80.30982461,26.4789582,4,3,2,1,4,12:45,77,E10000017,6,0,6,30,6,4,6,0,0,0,1,2,2,0,0,1,1,E01025219,01-06-2018,1,1,1,1,30,6,3,0,0,0,0,-1,9,1
33766,80.32973041,26.44080091,4,3,1,1,2,15:20,77,E10000017,3,6068,6,30,0,-1,-1,0,0,0,1,1,1,0,0,1,1,E01025182,30-05-2018,1,2,2,2,24,5,3,0,0,2,0,-1,9,-1
33767,80.33692963,26.44962731,4,3,2,1,5,20:30,77,E10000017,3,682,1,30,1,4,1,65,0,0,1,1,1,0,0,2,1,E01025182,19-05-2018,1,3,2,1,30,6,3,0,0,1,0,-1,9,1
33768,80.33189136,26.46015955,4,2,3,2,2,18:20,77,E10000017,6,0,6,30,3,4,6,0,0,0,4,2,2,0,0,1,1,E01025219,13-06-2018,2,1,2,1,27,6,3,0,0,1,0,-1,9,1
33769,80.29182797,26.46055227,4,2,1,1,7,23:40,77,E10000017,3,6068,6,50,3,4,6,0,0,0,4,1,1,0,0,2,1,E01025211,18-06-2018,1,1,1,2,17,4,3,0,0,0,0,-1,3,1
33770,80.31480707,26.46905036,4,3,2,2,2,13:00,77,E10000017,6,0,6,30,3,4,6,0,0,0,1,2,2,0,0,1,1,E01025181,06-06-2018,1,1,1,1,28,6,3,0,0,0,0,-1,9,1
33771,80.3187002,26.43827957,4,3,2,2,2,11:00,77,E10000017,3,682,6,30,3,4,6,0,0,1,1,1,2,0,0,1,1,E01025182,23-05-2018,2,1,1,2,33,6,3,0,0,0,0,-1,9,1
33772,80.28472496,26.44398893,4,3,2,1,2,13:15,77,E10000017,6,0,6,30,0,-1,-1,0,0,0,1,1,1,0,0,1,1,E01025181,30-05-2018,2,2,2,1,15,3,3,0,0,1,0,-1,9,1
33773,80.28812201,26.47241052,4,3,1,1,4,18:49,77,E10000017,6,0,6,30,3,4,6,0,0,0,1,1,2,0,0,1,1,E01025215,01-06-2018,1,1,3,2,14,3,2,5,1,0,0,-1,0,1
33774,80.32957732,26.47820243,4,3,2,1,6,13:40,77,E10000017,3,682,6,30,0,-1,-1,0,0,0,1,1,1,0,0,1,1,E01025177,24-06-2018,1,1,1,2,26,6,3,0,0,0,0,-1,9,1
33775,80.29949038,26.44558393,4,3,2,1,7,19:50,77,E10000017,3,6068,6,30,3,4,6,0,0,0,1,1,1,0,0,1,1,E01025207,25-06-2018,1,2,2,2,29,6,3,0,0,1,0,-1,9,1
33776,80.27827589,26.44738387,4,3,2,1,2,08:15,77,E10000017,3,682,6,30,3,4,6,0,0,0,1,1,1,0,0,1,1,E01025213,27-06-2018,1,3,2,2,29,6,3,0,0,2,0,-1,9,1
33777,80.33748926,26.45104272,4,3,2,5,3,21:40,77,E10000017,6,0,1,30,2,4,5,673,0,0,1,1,1,0,0,1,1,E01025188,28-06-2018,1,4,2,2,22,5,3,0,0,2,0,-1,9,1
33778,80.33226076,26.47318443,4,3,4,2,2,16:35,77,E10000017,3,6068,6,50,3,4,6,0,0,0,1,1,1,0,0,2,1,E01024912,06-06-2018,1,5,2,2,30,6,3,0,0,2,0,-1,9,1
33779,80.31245007,26.45428586,4,3,1,1,6,16:49,77,E10000017,6,0,6,30,3,4,6,0,0,0,1,1,1,0,0,2,1,E01025367,10-06-2018,2,1,1,1,41,7,2,0,0,0,0,-1,1,1
33780,80.31260632,26.45436132,4,3,2,1,2,21:25,77,E10000017,3,56,6,30,3,2,6,0,0,5,1,1,1,0,0,1,1,E01025182,11-07-2018,2,1,1,1,31,6,3,0,0,0,0,-1,1,1
33781,80.29606149,26.46043649,4,3,2,2,2,15:25,77,E10000017,6,0,6,30,3,4,6,0,0,0,1,1,1,0,0,1,1,E01025188,11-07-2018,2,1,1,2,57,9,3,0,0,0,0,-1,9,1
33782,80.27145314,26.44261138,4,3,2,1,5,16:50,77,E10000017,3,682,6,30,3,4,6,0,0,4,1,1,1,0,0,1,1,E01025186,23-06-2018,2,2,2,2,61,9,3,0,0,2,0,-1,9,3
33783,80.31343155,26.45523936,4,3,2,1,2,14:05,77,E10000017,6,0,6,30,3,4,6,0,0,0,1,1,1,0,0,2,1,E01025211,11-07-2018,2,1,1,2,30,6,3,0,0,0,0,-1,1,1
33784,80.27927174,26.47851493,4,3,1,3,3,11:25,77,E10000017,6,0,6,30,0,-1,-1,0,0,0,1,1,1,0,0,2,1,E01025209,12-07-2018,1,1,1,1,21,5,3,0,0,0,0,-1,9,1
33785,80.29539858,26.4475368,4,3,1,1,5,20:25,77,E10000017,6,0,6,30,3,4,6,0,0,0,1,1,1,0,0,1,1,E01025181,30-06-2018,1,2,2,1,26,6,3,0,0,1,0,-1,9,1
33786,80.29215705,26.46098723,4,3,1,1,6,10:41,77,E10000017,1,65,3,70,0,-1,-1,0,0,0,1,1,1,0,0,2,1,E01024878,01-07-2018,1,1,1,2,27,6,2,0,0,0,0,-1,9,1
33787,80.31089201,26.44152882,4,3,2,1,2,13:25,77,E10000017,1,65,3,70,0,-1,-1,0,0,0,1,2,2,0,0,2,1,E01025186,04-07-2018,1,3,2,1,26,6,2,0,0,1,0,-1,9,1
33788,80.3123795,26.46114879,4,3,2,1,3,18:20,77,E10000017,6,0,6,30,6,4,6,0,0,0,1,2,2,0,0,1,1,E01025230,05-07-2018,2,2,1,2,60,9,2,0,0,0,0,-1,9,1
33789,80.33055766,26.45602071,4,2,1,1,6,15:00,77,E10000017,6,0,6,30,0,-1,-1,0,0,0,1,1,1,0,0,1,1,E01025230,08-07-2018,2,4,2,1,60,9,2,0,0,1,0,-1,9,1
33790,80.33270747,26.45836169,4,2,1,1,1,13:54,77,E10000017,6,0,6,20,0,-1,-1,0,0,0,1,1,1,0,0,1,1,E01025224,10-07-2018,1,1,3,1,9,2,3,5,4,0,0,-1,0,1
33791,80.3382953,26.45521214,4,3,2,2,1,12:30,77,E10000017,3,682,6,30,0,-1,-1,0,0,0,1,1,1,0,0,1,1,E01025229,10-07-2018,1,1,3,1,12,3,3,4,3,0,0,-1,0,2
33792,80.30692151,26.45799548,4,2,2,3,2,19:05,77,E10000017,3,682,1,30,2,4,6,0,0,8,1,1,1,0,0,1,1,E01025182,25-07-2018,2,1,1,1,30,6,2,0,0,0,0,-1,5,2
33793,80.30311955,26.47788541,4,3,1,1,2,21:20,77,E10000017,6,0,6,30,6,4,6,0,0,0,1,1,1,0,0,1,1,E01025182,11-07-2018,1,1,3,1,-1,-1,3,9,8,0,0,-1,0,-1
33794,80.32620375,26.47077156,4,3,2,1,2,18:15,77,E10000017,6,0,6,30,8,4,6,0,0,0,1,9,1,0,0,1,1,E01025182,11-07-2018,1,1,3,2,14,3,2,5,1,0,0,-1,0,1
33795,80.32118379,26.47988405,4,3,1,1,6,13:41,77,E10000017,3,682,6,30,3,4,6,0,0,0,1,1,1,0,0,1,1,E01025215,24-06-2018,1,1,2,2,23,5,3,0,0,1,0,-1,9,3
33796,80.32635036,26.47973478,4,3,1,2,1,09:49,77,E10000017,4,6248,6,60,0,-1,-1,0,0,0,1,1,1,0,0,2,1,E01025213,31-07-2018,1,2,2,2,23,5,3,0,0,2,0,-1,9,3
33797,80.32370128,26.43761386,4,3,1,1,2,15:50,77,E10000017,6,0,6,30,3,4,6,0,0,0,1,1,1,0,0,1,1,E01025184,01-08-2018,2,1,1,1,38,7,3,0,0,0,0,-1,9,2
33798,80.26759597,26.44038271,4,3,2,3,4,17:55,77,E10000017,6,0,6,30,3,4,3,56,0,0,1,1,1,0,0,1,1,E01025184,03-08-2018,2,2,2,1,6,2,3,0,0,1,0,-1,9,2
33799,80.32905445,26.46034917,4,3,1,1,4,19:45,77,E10000017,6,0,6,30,3,4,6,0,0,0,1,1,1,0,0,1,1,E01025189,03-08-2018,1,1,1,1,35,6,3,0,0,0,0,-1,5,1
33800,77.29775265,28.72829264,4,2,1,4,5,02:10,77,E10000017,6,0,6,60,3,4,6,0,0,0,4,1,1,0,0,2,1,E01025204,04-08-2018,1,1,2,2,16,4,3,0,0,1,0,-1,9,2
33801,77.10374208,28.58985244,4,2,2,1,5,16:55,77,E10000017,6,0,6,30,3,4,6,0,0,0,1,1,1,0,0,1,1,E01025219,04-08-2018,2,1,1,1,63,9,3,0,0,0,0,-1,5,3
33802,77.09040135,28.59723969,4,3,2,1,7,14:25,77,E10000017,1,65,3,70,0,-1,-1,0,0,0,1,1,1,0,0,2,1,E01025186,06-08-2018,1,1,1,1,60,9,2,0,0,0,0,-1,5,1
33803,77.07244217,28.69563491,4,3,2,1,1,14:20,77,E10000017,6,0,6,30,3,4,6,0,0,0,1,1,1,0,0,1,1,E01025230,07-08-2018,1,1,1,1,24,5,3,0,0,0,0,-1,5,1
33804,77.19793112,28.65751678,4,3,2,1,3,13:55,77,E10000017,3,56,6,30,3,4,6,0,0,1,1,1,1,0,0,1,1,E01025184,02-08-2018,1,1,1,1,43,7,3,0,0,0,0,-1,9,3
33805,77.36621584,28.65612517,4,3,1,1,6,03:15,77,E10000017,6,0,6,60,3,4,6,0,0,0,6,2,2,0,0,2,1,E01025177,05-08-2018,2,2,1,1,41,7,3,0,0,0,0,-1,9,3
33806,77.23336101,28.65692194,4,3,1,1,4,17:38,77,E10000017,6,0,6,30,2,4,6,0,0,8,1,1,1,6,0,1,1,E01025182,03-08-2018,2,3,2,2,41,7,3,0,0,1,0,-1,9,3
33807,77.21149217,28.70247603,4,3,2,2,2,19:10,77,E10000017,6,0,6,30,3,4,6,0,0,0,1,1,1,0,0,1,1,E01025225,15-08-2018,1,1,1,2,21,5,3,0,0,0,0,-1,9,1
33808,77.13126683,28.55979139,4,3,2,1,5,21:20,77,E10000017,3,6068,6,50,0,-1,-1,0,0,0,6,1,1,0,0,2,1,E01025204,18-08-2018,1,1,1,1,62,9,3,0,0,0,0,-1,4,3
33809,77.20883646,28.71290037,4,3,2,2,7,22:40,77,E10000017,6,0,6,30,0,-1,-1,0,0,0,1,1,1,0,0,2,1,E01025211,20-08-2018,1,1,3,1,10,2,2,5,3,0,0,-1,0,1
33810,77.21197252,28.70224906,4,3,2,1,5,17:11,77,E10000017,6,0,2,30,9,-1,6,0,0,0,1,1,2,0,0,1,1,E01025230,25-08-2018,1,1,3,2,31,6,3,9,8,0,0,-1,0,1
33811,77.07609679,28.53937536,4,3,2,2,1,17:00,77,E10000017,3,56,6,30,3,4,6,0,0,0,1,1,1,0,0,1,1,E01025183,21-08-2018,2,1,1,1,59,9,2,0,0,0,0,-1,9,-1
33812,77.2278093,28.56924481,4,2,1,2,5,19:40,77,E10000017,3,682,6,30,3,4,6,0,0,0,1,1,2,0,0,1,1,E01025186,25-08-2018,2,1,1,2,57,9,3,0,0,0,0,-1,9,1
33813,77.07919179,28.65963661,4,3,2,1,6,12:35,77,E10000017,3,56,1,30,2,4,6,0,0,8,1,1,2,0,0,2,1,E01025182,26-08-2018,2,2,2,2,51,8,3,0,0,1,0,-1,9,1
33814,77.16626004,28.57230804,4,3,1,1,7,09:05,77,E10000017,6,0,9,30,0,-1,-1,0,0,0,1,1,2,0,0,1,1,E01025189,27-08-2018,2,1,2,2,34,6,3,0,0,0,0,-1,5,1
33815,77.09086864,28.72601261,4,2,1,2,5,02:25,77,E10000017,6,0,1,30,2,4,6,0,0,4,4,1,1,0,0,1,1,E01025184,11-08-2018,1,1,1,2,22,5,3,0,0,0,0,-1,9,3
33816,77.22942191,28.61390315,4,2,2,6,1,22:15,77,E10000017,6,0,3,30,3,4,6,0,0,0,4,2,2,0,0,1,1,E01025219,21-08-2018,1,1,2,2,72,10,3,0,0,1,0,-1,9,1
33817,77.33599058,28.61496653,4,3,2,1,5,16:40,77,E10000017,6,0,6,30,3,4,6,0,0,5,1,1,1,0,0,1,1,E01025176,25-08-2018,1,1,3,2,44,7,3,5,3,0,0,-1,0,3
33818,77.25500641,28.66067251,4,2,1,1,4,08:45,77,E10000017,6,0,3,30,0,-1,-1,0,0,0,1,1,1,0,0,1,1,E01025185,24-08-2018,1,1,1,2,29,6,3,0,0,0,0,-1,9,-1
33819,77.29987846,28.70618969,4,3,2,1,3,15:00,77,E10000017,3,682,6,30,3,4,6,0,0,1,1,1,1,0,0,1,1,E01025186,30-08-2018,2,1,2,1,22,5,3,0,0,1,0,-1,9,-1
33820,77.26596619,28.64778763,4,2,1,1,6,14:15,77,E10000017,3,682,6,30,0,-1,-1,0,0,0,1,1,1,0,0,1,1,E01025213,02-09-2018,2,1,2,1,76,11,3,0,0,1,0,-1,9,2
33821,77.19149393,28.57061483,4,3,1,1,1,21:34,77,E10000017,6,0,6,60,3,4,6,0,0,0,6,1,1,0,0,2,1,E01025177,04-09-2018,1,1,1,1,16,4,3,0,0,0,0,-1,1,1
33822,77.09396378,28.7235835,4,3,2,1,5,17:35,77,E10000017,6,0,6,60,3,4,6,0,0,0,7,9,1,0,0,1,1,E01025177,01-09-2018,1,1,1,2,72,10,3,0,0,0,0,-1,9,1
33823,77.1965841,28.66942131,4,3,2,1,3,16:55,77,E10000017,6,0,6,30,6,4,6,0,0,0,1,1,1,0,0,1,1,E01025230,06-09-2018,3,1,1,1,20,4,3,0,0,0,0,-1,9,2
33824,77.3251306,28.70794295,4,3,3,4,4,15:43,77,E10000017,3,6068,6,50,3,4,6,0,0,0,1,1,1,0,0,2,1,E01025211,07-09-2018,1,1,1,1,29,6,3,0,0,0,0,-1,4,2
33825,77.19811172,28.62137848,4,3,3,1,5,19:48,77,E10000017,6,0,6,30,3,4,6,0,0,0,4,2,2,0,0,1,1,E01025184,08-09-2018,1,1,2,1,-1,-1,3,0,0,0,4,-1,11,-1
33826,77.20822268,28.57063626,4,3,2,3,2,20:38,77,E10000017,6,0,6,30,0,-1,-1,0,0,0,4,1,1,0,0,1,1,E01025216,12-09-2018,2,1,1,2,24,5,3,0,0,0,0,-1,2,3
33827,77.24249616,28.56914224,4,2,1,2,1,16:53,77,E10000017,6,0,6,30,3,4,6,0,0,0,1,1,1,0,0,1,1,E01025189,28-08-2018,2,1,1,1,41,7,3,0,0,0,0,-1,9,2
33828,77.23503427,28.56980297,4,3,3,1,3,18:00,77,E10000017,6,0,6,30,3,4,6,0,0,0,1,1,1,0,0,1,1,E01025218,13-09-2018,1,1,1,1,45,7,2,0,0,0,0,-1,9,3
33829,77.06096034,28.69749441,4,3,3,2,1,13:05,77,E10000017,3,6068,6,50,0,-1,-1,0,0,0,1,1,1,0,0,2,1,E01025054,18-09-2018,2,2,1,1,57,9,3,0,0,0,0,-1,19,2
33830,77.32916549,28.61952401,4,3,2,1,3,18:30,77,E10000017,4,6249,6,30,3,4,6,0,0,0,1,1,1,0,0,1,1,E01025230,20-09-2018,2,1,1,2,40,7,3,0,0,0,0,-1,9,1
33831,77.10733196,28.55041595,4,3,1,1,1,20:55,77,E10000017,6,0,6,30,3,4,6,0,0,0,4,1,1,0,0,2,1,E01025211,18-09-2018,2,2,2,2,25,5,3,0,0,1,0,-1,9,1
33832,77.33778166,28.68673602,4,2,2,1,5,16:35,77,E10000017,3,56,6,30,3,4,6,0,0,0,1,1,1,0,0,1,1,E01025210,22-09-2018,2,1,1,1,63,9,3,0,0,0,0,-1,1,1
33833,77.20365891,28.61714122,4,3,2,1,6,15:13,77,E10000017,6,0,6,30,9,4,6,0,0,8,1,1,1,0,0,1,1,E01025182,30-09-2018,2,1,1,1,41,7,3,0,0,0,0,-1,9,3
33834,77.27522544,28.71769253,4,3,2,1,7,13:00,77,E10000017,6,0,6,30,3,4,6,0,0,0,1,2,2,0,0,1,1,E01025225,01-10-2018,3,2,1,2,52,8,3,0,0,0,0,-1,9,1
33835,77.25542286,28.66665009,4,3,2,2,3,22:05,77,E10000017,3,682,6,30,3,2,6,0,0,0,4,1,1,0,0,1,1,E01025224,04-10-2018,1,1,2,1,70,10,3,0,0,2,0,-1,8,1
33836,77.26426215,28.7066325,4,2,1,1,5,18:20,77,E10000017,3,682,6,30,0,-1,-1,0,0,0,1,1,1,0,0,1,1,E01025186,06-10-2018,1,1,1,2,27,6,3,0,0,0,0,-1,9,3
33837,77.17987981,28.54506226,4,3,2,1,5,08:35,77,E10000017,6,0,6,30,3,4,3,6068,0,0,1,1,1,0,0,1,1,E01025174,06-10-2018,2,2,1,2,38,7,2,0,0,0,0,-1,9,3
33838,77.0673953,28.66507148,4,3,2,1,3,18:50,77,E10000017,6,0,6,30,3,4,6,0,0,0,4,1,1,0,0,1,1,E01025214,11-10-2018,2,1,1,2,26,6,3,0,0,0,0,-1,9,1
33839,77.16551349,28.56657485,4,2,2,3,3,16:55,77,E10000017,5,673,6,30,1,4,6,0,0,1,1,1,1,0,0,1,1,E01025224,11-10-2018,2,2,2,1,5,1,3,0,0,2,0,-1,9,1
33840,77.27795934,28.60528986,4,3,4,2,6,13:59,77,E10000017,6,0,6,30,6,4,6,0,0,0,1,1,2,0,0,1,1,E01025217,23-09-2018,1,1,1,1,69,10,3,0,0,0,0,-1,9,1
33841,77.20098391,28.6896678,4,2,1,2,3,15:09,77,E10000017,5,664,6,30,0,-1,-1,0,0,0,1,1,1,0,0,1,1,E01025214,11-10-2018,1,3,2,2,66,10,3,0,0,1,0,-1,9,1
33842,77.10717602,28.5346561,4,3,1,2,5,15:15,77,E10000017,6,0,6,30,8,4,6,0,0,0,1,1,1,0,0,1,1,E01025215,13-10-2018,2,2,1,1,43,7,3,0,0,0,0,-1,9,2
33843,77.33896565,28.63521215,4,3,3,1,5,18:43,77,E10000017,6,0,6,30,6,3,6,0,0,0,4,1,1,0,0,1,1,E01025187,20-10-2018,1,1,1,1,42,7,2,0,0,0,0,-1,9,1
33844,77.33971985,28.72366283,4,3,2,1,6,18:17,77,E10000017,3,682,6,30,3,4,6,0,0,0,4,2,2,0,0,1,1,E01025182,21-10-2018,1,1,1,1,25,5,3,0,0,0,0,-1,9,1
33845,77.07720944,28.6215168,4,3,1,1,6,15:40,77,E10000017,6,0,6,30,3,4,6,0,0,0,1,1,1,0,0,1,1,E01025217,30-09-2018,1,2,2,2,24,5,3,0,0,1,0,-1,9,-1
33846,77.27651829,28.56023086,4,3,2,1,7,01:48,77,E10000017,3,56,6,30,3,4,6,0,0,0,4,1,2,0,0,1,1,E01025184,22-10-2018,1,1,3,1,16,4,3,5,3,0,0,-1,0,2
33847,77.31044121,28.68485013,4,3,2,1,5,08:42,77,E10000017,6,0,6,30,3,4,6,0,0,0,1,2,2,0,0,1,1,E01025189,20-10-2018,2,1,1,2,17,4,2,0,0,0,0,-1,3,3
33848,77.11287618,28.70056748,4,3,1,5,7,02:57,77,E10000017,3,6068,3,50,0,-1,-1,0,0,0,4,2,2,0,0,1,1,E01025174,05-11-2018,1,1,1,1,19,4,3,0,0,0,0,-1,9,1
33849,77.2488459,28.54036202,4,3,2,4,4,13:15,77,E10000017,3,6068,6,50,3,4,6,0,0,0,1,1,2,0,0,2,1,E01025211,09-11-2018,1,2,2,2,-1,-1,3,0,0,1,0,-1,9,2
33850,77.31369113,28.65956379,4,3,2,1,4,09:00,77,E10000017,3,6068,6,50,9,4,6,0,0,0,1,1,2,0,0,2,1,E01025204,09-11-2018,1,1,1,1,34,6,3,0,0,0,0,-1,9,-1
33851,77.1657988,28.57574027,4,3,2,1,4,07:30,77,E10000017,3,682,1,30,1,4,6,0,0,0,1,1,2,0,0,2,1,E01025185,09-11-2018,2,1,1,2,78,11,3,0,0,0,0,-1,9,2
33852,77.21925365,28.70475679,4,3,2,2,1,15:10,77,E10000017,6,0,6,30,3,4,6,0,0,0,1,1,1,0,0,1,1,E01025187,13-11-2018,2,1,2,2,75,10,3,0,0,0,3,-1,11,1
33853,77.18443602,28.65108765,4,3,2,2,1,11:50,77,E10000017,6,0,6,30,3,4,6,0,0,0,1,1,1,0,0,1,1,E01025189,13-11-2018,2,2,2,2,79,11,3,0,0,0,3,-1,11,1
33854,77.07460487,28.67545852,4,3,1,1,4,15:45,77,E10000017,3,56,6,30,3,4,6,0,0,4,1,1,1,0,0,1,1,E01025183,16-11-2018,1,1,1,2,55,8,3,0,0,0,0,-1,9,-1
33855,77.35113107,28.55808201,4,2,2,3,1,11:58,77,E10000017,6,0,6,30,3,3,6,0,0,0,1,1,2,0,0,2,1,E01025174,20-11-2018,1,1,1,2,11,3,3,0,0,0,0,-1,1,1
33856,77.30209876,28.54562824,4,3,2,2,1,19:02,77,E10000017,6,0,6,30,3,4,6,0,0,0,4,1,2,0,0,1,1,E01025210,20-11-2018,2,1,1,1,30,6,3,0,0,0,0,-1,9,-1
33857,77.16777531,28.69257834,4,3,2,3,1,16:15,77,E10000017,6,0,6,30,3,4,6,0,0,0,4,1,2,0,0,1,1,E01025210,20-11-2018,2,2,2,1,30,6,3,0,0,1,0,-1,9,-1
33858,77.11883743,28.67478491,4,3,2,4,6,15:38,77,E10000017,6,0,6,30,6,4,6,0,0,0,4,1,1,0,0,1,1,E01025230,25-11-2018,2,1,1,2,31,6,3,0,0,0,0,-1,9,2
33859,77.12828888,28.63515613,4,3,2,1,3,12:40,77,E10000017,6,0,6,30,3,4,6,0,0,0,1,1,2,0,0,1,1,E01025212,29-11-2018,2,2,2,2,2,1,3,0,0,1,0,-1,9,2
33860,77.08842525,28.59948734,4,3,2,2,4,12:20,77,E10000017,3,682,3,30,3,4,6,0,0,4,1,1,2,0,0,1,1,E01025182,30-11-2018,2,3,2,2,50,8,3,0,0,2,0,-1,9,3
33861,77.29902362,28.638814,4,3,1,1,4,06:50,77,E10000017,3,6068,1,50,1,4,6,0,0,0,4,2,4,0,0,1,1,E01025174,30-11-2018,1,1,1,1,18,4,3,0,0,0,0,-1,9,1
33862,77.35093684,28.70885592,4,2,2,1,6,17:30,77,E10000017,6,0,6,30,6,4,6,0,0,0,4,1,2,0,0,1,1,E01025225,02-12-2018,1,2,2,1,18,4,3,0,0,1,0,-1,9,1
33863,77.06775964,28.68196868,4,3,1,1,6,23:46,77,E10000017,6,0,6,60,0,-1,-1,0,0,0,4,2,2,0,0,2,1,E01025213,02-12-2018,1,1,1,1,53,8,3,0,0,0,0,-1,9,1
33864,77.27257932,28.69339779,4,3,2,3,6,12:10,77,E10000017,6,0,6,30,6,3,6,0,0,0,1,1,2,0,0,1,1,E01025214,02-12-2018,2,1,1,1,18,4,3,0,0,0,0,-1,9,1
33865,77.21230492,28.68846815,4,3,1,1,7,00:54,77,E10000017,3,6068,1,50,1,4,6,0,0,0,4,2,2,0,0,1,1,E01025174,03-12-2018,1,1,1,2,33,6,3,0,0,0,0,-1,9,3
33866,77.24564221,28.55125569,4,3,2,2,7,23:27,77,E10000017,3,682,1,30,1,4,6,0,0,4,4,2,2,0,0,2,1,E01025182,03-12-2018,1,1,1,1,83,11,2,0,0,0,0,-1,9,1
33867,77.10005698,28.55443414,4,2,1,1,3,07:50,77,E10000017,3,682,6,30,0,-1,-1,0,0,0,1,1,2,0,0,1,1,E01025185,06-12-2018,2,2,1,2,49,8,1,0,0,0,0,-1,9,1
33868,77.16176156,28.66254677,4,3,2,2,3,22:10,77,E10000017,6,0,6,30,3,4,6,0,0,1,4,1,4,0,0,1,1,E01025225,06-12-2018,1,1,1,1,20,4,2,0,0,0,0,-1,4,3
33869,77.27671448,28.71017452,4,3,1,1,4,17:45,77,E10000017,6,0,6,30,3,4,6,0,0,0,5,1,2,0,0,1,1,E01025185,07-12-2018,2,1,1,2,40,7,3,0,0,0,0,-1,1,1
33870,77.34381364,28.541326,4,3,1,1,5,17:20,77,E10000017,6,0,6,30,3,4,6,0,0,0,4,9,1,0,0,1,1,E01025183,08-12-2018,2,1,1,1,16,4,3,0,0,0,0,-1,1,1