Accident_Index,longitude,latitude,Police_Force,Accident_Severity,Number_of_Vehicles,Number_of_Casualties,Day_of_Week,Time,Local_Authority_(District),Local_Authority_(Highway),1st_Road_Class,1st_Road_Number,Road_Type,Speed_limit,Junction_Detail,Junction_Control,2nd_Road_Class,2nd_Road_Number,Pedestrian_Crossing-Human_Control,Pedestrian_Crossing-Physical_Facilities,Light_Conditions,Weather_Conditions,Road_Surface_Conditions,Special_Conditions_at_Site,Carriageway_Hazards,Urban_or_Rural_Area,Did_Police_Officer_Attend_Scene_of_Accident,LSOA_of_Accident_Location,Date,Vehicle_Reference,Casualty_Reference,Casualty_Class,Sex_of_Casualty,Age_of_Casualty,Age_Band_of_Casualty,Casualty_Severity,Pedestrian_Location,Pedestrian_Movement,Car_Passenger,Bus_or_Coach_Passenger,Pedestrian_Road_Maintenance_Worker,Casualty_Type,Casualty_Home_Area_Type
33871,77.30939437,28.57162026,4,3,2,2,6,18:00,77,E10000017,6,0,6,30,3,4,6,0,0,0,1,9,1,0,0,1,1,E01025186,21-10-2018,1,1,1,2,25,5,3,0,0,0,0,-1,9,1
33872,77.18561002,28.57769761,4,2,1,1,7,14:50,77,E10000017,3,682,3,30,0,-1,-1,0,0,4,1,1,1,0,0,1,1,E01025182,17-12-2018,2,1,1,1,26,6,3,0,0,0,0,-1,9,2
33873,77.34586671,28.60697686,4,3,2,1,1,16:00,77,E10000017,3,682,6,30,3,4,6,0,0,4,4,2,2,0,0,1,1,E01025182,18-12-2018,1,1,2,1,6,2,3,0,0,2,0,-1,9,1
33874,77.05796215,28.62884147,4,3,2,2,6,13:55,77,E10000017,6,0,6,30,3,4,6,0,0,0,1,1,1,0,0,1,1,E01025189,23-12-2018,2,1,1,1,21,5,3,0,0,0,0,-1,9,1
33875,77.362135,28.54983717,4,3,2,1,7,06:40,77,E10000017,6,0,6,30,-1,-1,-1,-1,-1,-1,7,9,-1,-1,-1,1,-1,E01025225,24-12-2018,1,1,1,1,23,5,3,0,0,0,0,-1,9,1
33876,77.06655881,28.66010368,4,3,3,1,3,16:00,77,E10000017,3,682,6,30,3,4,6,0,0,0,1,1,2,0,0,1,1,E01025185,27-12-2018,2,1,1,2,53,8,3,0,0,0,0,-1,9,3
33877,77.19596585,28.5654179,4,3,2,1,4,15:02,77,E10000017,3,682,6,30,3,4,6,0,0,0,1,1,2,0,0,1,1,E01025176,07-12-2018,1,1,1,1,34,6,3,0,0,0,0,-1,5,1
33878,77.33882515,28.57126792,4,3,2,1,4,10:55,82,E10000017,3,671,6,30,0,-1,-1,0,0,0,1,1,1,0,0,2,1,E01025367,04-05-2018,1,1,1,1,25,5,3,0,0,0,0,-1,5,1
33879,77.36650629,28.64768889,4,3,2,1,4,10:30,82,E10000017,3,671,6,30,6,4,6,0,0,0,1,9,2,0,0,1,1,E01025375,04-05-2018,2,2,1,2,53,8,3,0,0,0,0,-1,9,1
33880,77.35907751,28.56376137,4,3,1,1,1,18:03,82,E10000017,6,0,6,30,6,4,6,0,0,0,1,1,1,0,0,2,1,E01025390,08-05-2018,2,3,2,2,59,9,3,0,0,2,0,-1,9,1
33881,77.12884301,28.66491167,4,3,2,2,2,16:45,82,E10000017,3,681,6,30,3,4,6,0,0,0,1,1,1,0,0,1,1,E01025368,16-05-2018,2,1,1,1,18,4,3,0,0,0,0,-1,1,1
33882,77.07961031,28.60311597,4,3,1,1,7,05:45,82,E10000017,4,6238,6,60,0,-1,-1,0,0,0,1,1,1,0,0,2,1,E01024870,11-06-2018,2,1,1,1,65,9,3,0,0,0,0,-1,9,2
33883,77.06690549,28.54900932,4,3,2,2,1,15:11,82,E10000017,6,0,6,30,3,4,6,0,0,0,1,1,1,0,0,1,1,E01025388,19-06-2018,2,2,2,2,68,10,3,0,0,1,0,-1,9,2
33884,77.19243509,28.70877362,4,2,1,1,1,00:15,82,E10000017,3,671,6,30,9,4,6,0,0,1,4,2,2,0,0,1,1,E01025369,05-06-2018,2,1,1,1,32,6,3,0,0,0,0,-1,9,3
33885,77.22154069,28.62842993,4,3,2,1,2,22:20,82,E10000017,3,681,6,60,9,4,6,0,0,0,4,1,1,0,0,2,1,E01025367,20-06-2018,2,1,1,1,25,5,3,0,0,0,0,-1,9,1
33886,77.34268691,28.55814055,4,3,2,1,6,16:50,82,E10000017,6,0,6,30,0,-1,-1,0,0,0,1,1,1,0,0,1,1,E01025391,01-07-2018,2,2,2,1,25,5,3,0,0,1,0,-1,9,1
33887,77.29949374,28.65621443,4,2,2,4,4,02:25,82,E10000017,3,681,6,30,0,-1,-1,0,0,0,1,2,2,0,0,2,1,E01025390,06-07-2018,1,1,1,2,27,6,3,0,0,0,0,-1,9,3
33888,77.32528542,28.57471221,4,3,2,4,7,10:30,82,E10000017,3,671,6,30,3,4,6,0,0,0,1,1,1,0,0,2,1,E01025367,02-07-2018,1,1,1,1,21,5,3,0,0,0,0,-1,9,3
33889,77.30329653,28.54657821,4,3,2,5,1,21:15,82,E10000017,4,6238,6,30,3,2,3,681,0,5,4,2,2,0,0,1,1,E01025392,24-07-2018,1,2,2,2,19,4,3,0,0,1,0,-1,9,1
33890,77.28546929,28.69880041,4,3,1,1,5,02:29,82,E10000017,6,0,6,30,0,-1,-1,0,0,0,4,1,1,0,0,2,1,E01025216,14-07-2018,2,1,1,1,13,3,3,0,0,0,0,-1,1,1
33891,77.06249799,28.54972311,4,2,2,1,1,16:15,82,E10000017,3,671,6,30,3,4,6,0,0,1,1,1,1,0,0,1,1,E01025360,24-07-2018,2,1,1,1,21,5,3,0,0,0,0,-1,9,1
33892,77.18050422,28.59214096,4,3,2,1,1,13:05,82,E10000017,6,0,6,30,3,4,6,0,0,0,1,1,1,0,0,1,1,E01025369,24-07-2018,2,2,2,1,19,4,3,0,0,1,0,-1,9,1
33893,77.28006107,28.5727313,4,3,1,1,1,13:05,82,E10000017,4,6238,6,30,0,-1,-1,0,0,0,1,1,1,0,0,2,1,E01025393,31-07-2018,2,1,1,1,30,6,2,0,0,0,0,-1,5,-1
33894,77.2954681,28.59799718,4,3,2,1,4,14:02,82,E10000017,3,671,6,30,8,4,6,0,0,0,1,1,2,0,0,2,1,E01025359,03-08-2018,1,1,1,1,59,9,3,0,0,0,0,-1,9,-1
33895,77.19289127,28.68524933,4,2,1,2,4,13:16,82,E10000017,6,0,6,30,3,4,6,0,0,0,1,1,1,0,0,1,1,E01025394,13-07-2018,1,2,2,2,58,9,3,0,0,1,0,-1,9,-1
33896,77.35910187,28.69754634,4,3,4,2,1,12:00,82,E10000017,6,0,6,30,9,4,6,0,0,0,1,9,-1,6,0,1,1,E01025376,26-06-2018,2,1,1,1,38,7,2,0,0,0,0,-1,5,1
33897,77.36729137,28.60575692,4,2,1,1,4,18:00,82,E10000017,6,0,6,30,0,-1,-1,0,0,0,1,1,2,0,0,2,1,E01025359,24-08-2018,2,1,1,1,56,9,3,0,0,0,0,-1,5,3
33898,77.12268655,28.62939944,4,3,2,1,2,20:40,82,E10000017,6,0,6,20,3,4,6,0,0,0,1,1,1,0,0,1,1,E01025391,29-08-2018,1,1,1,1,17,4,3,0,0,0,0,-1,9,1
33899,77.17670673,28.67088319,4,2,1,2,7,18:45,82,E10000017,4,6238,6,60,0,-1,-1,0,0,0,1,1,1,0,0,2,1,E01024870,03-09-2018,2,1,1,1,27,6,3,0,0,0,0,-1,5,1
33900,77.23592742,28.61168227,4,3,3,1,3,11:03,82,E10000017,4,6238,6,30,3,4,6,0,0,0,1,1,1,0,0,1,1,E01025394,06-09-2018,1,1,3,2,3,1,3,5,1,0,0,-1,0,1
33901,77.1928709,28.68333193,4,3,1,1,3,16:30,82,E10000017,6,0,6,30,0,-1,-1,0,0,0,1,1,1,0,0,1,1,E01025382,06-09-2018,1,1,3,2,11,3,3,5,3,0,0,-1,0,2
33902,77.08878729,28.70210572,4,3,2,1,4,15:00,82,E10000017,3,671,6,30,0,-1,-1,0,0,0,1,1,1,0,0,2,1,E01025368,07-09-2018,1,1,1,1,18,4,3,0,0,0,0,-1,19,1
33903,77.28200558,28.71960798,4,3,2,1,1,16:20,82,E10000017,6,0,6,30,3,4,6,0,0,0,1,1,1,0,0,1,1,E01025381,11-09-2018,2,1,1,1,18,4,3,0,0,0,0,-1,5,3
33904,77.05928114,28.67705735,4,3,1,2,4,16:00,82,E10000017,3,671,6,30,0,-1,-1,0,0,0,1,1,1,0,0,1,1,E01025382,07-09-2018,2,2,2,1,18,4,3,0,0,2,0,-1,5,3
33905,77.10080699,28.54695488,4,3,2,1,2,16:30,82,E10000017,3,671,6,30,0,-1,-1,0,0,1,1,1,1,0,0,1,1,E01025376,05-09-2018,2,1,1,1,13,3,3,0,0,0,0,-1,1,1
33906,77.33009751,28.70723553,4,3,2,3,5,17:23,82,E10000017,3,671,6,30,3,4,6,0,0,0,1,2,1,0,0,1,1,E01025360,15-09-2018,1,1,2,1,18,4,3,0,0,1,0,-1,9,3
33907,77.20246179,28.57038302,4,2,2,1,6,18:35,82,E10000017,6,0,6,30,8,4,6,0,0,0,1,1,2,0,0,1,1,E01025382,23-09-2018,2,1,1,1,16,4,3,0,0,0,0,-1,2,1
33908,77.06686602,28.67482336,4,3,2,1,3,16:50,82,E10000017,6,0,6,30,9,4,6,0,0,0,1,1,2,0,0,1,1,E01025371,27-09-2018,1,1,1,1,31,6,3,0,0,0,0,-1,9,1
33909,77.11106399,28.66062356,4,3,1,1,1,20:50,82,E10000017,3,681,6,30,0,-1,-1,0,0,0,4,1,1,0,0,1,1,E01025370,25-09-2018,1,1,1,1,16,4,2,0,0,0,0,-1,2,1
33910,77.28979729,28.54904151,4,3,1,2,2,22:40,82,E10000017,6,0,6,30,3,4,6,0,0,0,4,1,1,0,0,1,1,E01025369,03-10-2018,1,1,2,1,17,4,2,0,0,1,0,-1,9,-1
33911,77.26312125,28.53789649,4,3,2,1,5,12:35,82,E10000017,6,0,6,30,8,4,3,681,0,0,1,1,1,0,0,1,1,E01025392,06-10-2018,1,1,1,1,17,4,3,0,0,0,0,-1,3,1
33912,77.15959087,28.71291714,4,3,1,1,4,18:28,82,E10000017,3,681,6,30,3,4,3,671,0,0,4,2,2,0,0,1,1,E01025369,12-10-2018,2,1,1,2,38,7,3,0,0,0,0,-1,5,1
33913,77.25647742,28.6882541,4,3,2,1,5,13:17,82,E10000017,4,6238,6,30,0,-1,-1,0,0,0,1,1,1,0,0,1,1,E01025393,27-10-2018,2,1,1,2,35,6,3,0,0,0,0,-1,9,1
33914,77.29636302,28.54873375,4,3,4,7,2,15:40,82,E10000017,3,681,6,30,3,4,6,0,0,0,1,1,1,0,0,1,1,E01025388,31-10-2018,1,2,2,1,21,5,3,0,0,2,0,-1,8,1
33915,77.33444886,28.62299352,4,3,3,4,7,17:55,82,E10000017,3,671,6,30,3,4,6,0,0,1,4,2,2,0,0,1,1,E01025376,05-11-2018,1,3,2,2,17,4,3,0,0,2,0,-1,8,1
33916,77.1168496,28.67394453,4,3,1,1,4,14:39,82,E10000017,3,681,6,30,0,-1,-1,0,0,0,1,1,1,0,0,1,1,E01025370,16-11-2018,2,1,1,1,17,4,3,0,0,0,0,-1,3,1
33917,77.33799834,28.62666192,4,3,2,1,5,08:20,82,E10000017,6,0,6,30,3,4,6,0,0,0,1,1,1,0,0,1,1,E01025376,17-11-2018,1,1,3,1,10,2,3,5,1,0,0,-1,0,1
33918,77.0762891,28.53815947,4,3,2,2,1,12:06,82,E10000017,4,6238,6,30,3,4,6,0,0,0,1,1,2,0,0,2,1,E01025393,20-11-2018,1,1,1,1,58,9,2,0,0,0,0,-1,5,1
33919,77.3431645,28.70656717,4,3,2,3,5,13:00,82,E10000017,6,0,6,30,3,4,6,0,0,0,1,1,2,0,0,2,1,E01024870,24-11-2018,1,1,1,1,25,5,2,0,0,0,0,-1,9,3
33920,77.14019475,28.58439474,4,1,1,1,6,10:55,82,E10000017,3,681,6,30,3,4,6,0,0,0,1,1,1,0,0,1,1,E01025369,25-11-2018,1,2,2,1,16,4,2,0,0,1,0,-1,9,3
33921,77.36563918,28.60650452,4,3,2,1,6,17:10,82,E10000017,3,6066,6,30,3,4,3,681,0,0,4,2,2,0,0,1,1,E01025370,02-12-2018,1,3,2,1,21,5,3,0,0,2,0,-1,9,-1
33922,77.05978053,28.60204375,4,3,2,2,6,14:25,82,E10000017,4,6238,6,30,0,-1,-1,0,0,0,1,1,2,4,0,1,1,E01025393,09-12-2018,1,1,1,2,24,5,3,0,0,0,0,-1,9,3
33923,77.21378009,28.55972549,4,2,2,2,5,12:40,82,E10000017,3,681,6,30,0,-1,-1,0,0,0,1,1,2,0,0,2,1,E01025388,15-12-2018,1,1,2,2,33,6,3,0,0,1,0,-1,9,2
33924,77.1448762,28.62350516,4,3,2,1,1,15:40,82,E10000017,6,0,6,30,9,4,6,0,0,0,1,1,1,0,0,1,1,E01025391,11-12-2018,1,2,2,1,28,6,3,0,0,2,0,-1,9,2
33925,77.36030586,28.58868105,4,2,1,1,7,04:18,82,E10000017,3,681,6,30,0,-1,-1,0,0,0,1,1,2,0,0,1,1,E01025388,24-12-2018,1,1,3,2,14,3,3,6,9,0,0,-1,0,1
33926,77.15049819,28.62308205,4,3,2,1,5,12:08,82,E10000017,3,56,3,70,0,4,-1,0,0,0,1,1,1,0,0,2,1,E01025365,05-05-2018,1,1,1,1,21,5,3,0,0,0,0,-1,9,1
33927,77.27771696,28.53973342,4,3,2,1,7,08:15,82,E10000017,3,56,3,70,0,-1,-1,0,0,0,1,2,2,0,0,2,1,E01025357,07-05-2018,2,2,2,2,22,5,3,0,0,1,0,-1,9,1
33928,77.26983617,28.69413744,4,3,2,4,3,16:05,82,E10000017,3,681,9,30,9,4,6,0,0,0,1,1,1,0,0,1,1,E01025386,10-05-2018,2,1,2,2,77,11,3,0,0,1,0,-1,9,1
33929,77.06427042,28.70632075,4,2,2,3,7,20:05,82,E10000017,3,680,6,60,0,-1,-1,0,0,0,1,2,2,5,0,2,1,E01005499,21-05-2018,1,1,3,1,6,2,3,5,3,0,0,-1,0,1
33930,77.12379308,28.60025311,4,3,2,2,7,17:50,82,E10000017,3,680,6,30,0,-1,-1,0,0,0,1,1,2,0,0,1,1,E01025397,21-05-2018,1,1,1,2,39,7,3,0,0,0,0,-1,9,1
33931,77.20095851,28.63182644,4,2,2,1,7,09:20,82,E10000017,3,676,6,30,3,4,6,0,0,0,1,1,1,0,0,2,1,E01025358,28-05-2018,1,2,2,2,17,4,3,0,0,1,0,-1,9,1
33932,77.16976952,28.56536685,4,3,1,1,5,18:25,82,E10000017,6,0,6,30,8,4,6,0,0,0,1,1,1,0,0,1,1,E01025361,12-05-2018,1,1,1,1,19,4,2,0,0,0,0,-1,9,1
33933,77.22170117,28.55776837,4,3,2,1,6,16:40,82,E10000017,3,56,3,70,9,4,3,682,0,0,1,1,2,0,0,2,1,E01025365,03-06-2018,2,1,1,1,19,4,2,0,0,0,0,-1,1,1
33934,77.25878639,28.72565107,4,3,1,2,5,01:05,82,E10000017,6,0,6,60,0,-1,-1,0,0,0,4,2,2,0,0,2,1,E01025384,02-06-2018,2,1,2,1,49,8,3,0,0,1,4,-1,10,1
33935,77.31259305,28.6946702,4,3,2,1,5,07:45,82,E10000017,3,56,1,70,1,4,3,680,0,0,1,1,2,0,0,2,1,E01025358,19-05-2018,2,1,1,1,39,7,3,0,0,0,0,-1,9,2
33936,77.08465167,28.55525555,4,3,1,1,5,09:09,82,E10000017,6,0,6,30,3,4,6,0,0,0,1,1,1,0,0,1,1,E01025385,09-06-2018,2,1,1,2,21,5,3,0,0,0,0,-1,9,2
33937,77.06100519,28.69821152,4,3,2,2,6,12:45,82,E10000017,3,56,3,70,0,-1,-1,0,0,0,1,2,2,0,0,2,1,E01005015,20-05-2018,3,2,1,1,45,7,3,0,0,0,0,-1,8,2
33938,77.16711094,28.71038156,4,3,2,1,2,17:05,82,E10000017,6,0,9,30,3,4,6,0,0,0,1,1,2,5,0,2,1,E01025358,23-05-2018,3,3,2,2,11,3,3,0,0,2,0,-1,8,2
33939,77.30124778,28.68913763,4,3,1,1,2,00:10,82,E10000017,3,680,6,60,0,-1,-1,0,0,0,6,1,1,0,0,2,1,E01005499,23-05-2018,3,4,2,2,11,3,3,0,0,2,0,-1,8,-1
33940,77.11154681,28.71374017,4,3,2,1,5,17:20,82,E10000017,6,0,6,30,0,4,-1,0,0,0,1,1,1,0,0,1,1,E01025379,26-05-2018,1,1,1,1,16,4,2,0,0,0,0,-1,2,-1
33941,77.14084355,28.55775382,4,3,1,2,7,08:55,82,E10000017,3,56,3,70,5,4,3,682,0,0,1,1,1,0,0,2,1,E01025384,28-05-2018,1,1,1,1,85,11,1,0,0,0,0,-1,9,3
33942,77.11509273,28.72247341,4,2,2,1,7,15:15,82,E10000017,3,682,6,40,0,-1,-1,0,0,0,1,1,1,0,0,1,1,E01025362,25-06-2018,1,3,2,2,82,11,2,0,0,1,0,-1,9,3
33943,77.31845626,28.7211532,4,3,1,1,1,10:30,82,E10000017,3,56,3,70,0,-1,-1,0,0,0,1,1,1,0,0,2,1,E01025395,26-06-2018,2,2,1,1,52,8,2,0,0,0,0,-1,9,1
33944,77.2020755,28.57193057,4,3,2,1,6,10:53,82,E10000017,3,681,6,30,1,4,3,681,0,0,1,2,2,0,0,1,1,E01025386,24-06-2018,1,1,1,1,25,5,3,0,0,0,0,-1,9,3
33945,77.34449716,28.6073903,4,3,2,2,7,17:10,82,E10000017,3,6177,6,50,0,4,-1,0,0,0,1,1,2,0,0,2,1,E01025378,04-06-2018,1,2,2,1,25,5,3,0,0,1,0,-1,9,3
33946,77.21933474,28.58840444,4,3,1,2,4,19:55,82,E10000017,6,0,6,60,0,-1,-1,0,0,0,1,1,1,5,0,2,1,E01025358,08-06-2018,1,1,1,2,22,5,1,0,0,0,0,-1,9,1
33947,77.20740272,28.69460367,4,3,1,2,3,17:00,82,E10000017,6,0,6,30,3,4,6,0,0,0,1,1,1,0,0,1,1,E01025373,07-06-2018,2,2,1,2,55,8,1,0,0,0,0,-1,9,3
33948,77.11376449,28.70121604,4,3,2,2,1,13:14,82,E10000017,3,682,6,30,3,-1,6,0,0,0,1,1,1,0,0,1,1,E01025394,12-06-2018,2,1,1,1,45,7,2,0,0,0,0,-1,5,2
33949,77.32791719,28.53984292,4,3,2,3,3,10:17,82,E10000017,3,56,9,70,0,-1,-1,0,0,0,1,2,2,4,0,2,1,E01025358,14-06-2018,2,2,2,2,44,7,2,0,0,0,0,-1,5,2
33950,77.13408002,28.64077908,4,3,2,1,5,16:15,82,E10000017,3,682,3,30,3,4,6,0,0,4,1,1,1,0,0,1,1,E01025386,16-06-2018,1,1,1,1,45,7,3,0,0,0,0,-1,8,1
33951,77.16595398,28.67187506,4,3,2,1,3,17:00,82,E10000017,6,0,6,30,0,-1,-1,0,0,0,1,1,1,0,0,1,1,E01025373,21-06-2018,2,2,1,2,47,8,3,0,0,0,0,-1,9,3
33952,77.2581557,28.60293221,4,3,1,1,7,15:12,82,E10000017,3,681,6,30,0,-1,-1,0,0,8,1,1,1,0,0,2,1,E01025386,09-07-2018,1,1,1,1,76,11,3,0,0,0,0,-1,9,1
33953,77.18228111,28.69477781,4,3,1,2,4,21:05,82,E10000017,3,677,6,30,8,4,6,0,0,0,1,1,1,0,0,2,1,E01025395,22-06-2018,1,1,1,1,26,6,1,0,0,0,0,-1,9,1
33954,77.21919617,28.60845286,4,3,1,1,6,17:30,82,E10000017,6,0,6,30,0,-1,-1,0,0,0,1,1,1,0,0,1,1,E01025371,24-06-2018,1,3,2,1,24,5,2,0,0,1,0,-1,9,1
33955,77.1187352,28.54154209,4,1,2,2,5,14:45,82,E10000017,3,680,6,60,0,-1,-1,0,0,0,1,1,1,0,0,2,1,E01025358,14-07-2018,1,4,2,1,24,5,3,0,0,2,0,-1,9,-1
33956,77.06990179,28.60321905,4,3,2,3,3,16:40,82,E10000017,3,681,6,40,9,4,3,681,0,0,1,1,1,0,0,1,1,E01025386,19-07-2018,2,2,1,1,30,6,3,0,0,0,0,-1,9,1
33957,77.20584325,28.54514624,4,3,1,1,6,22:30,82,E10000017,3,680,6,30,2,4,6,0,0,0,4,2,2,0,0,1,1,E01025395,01-07-2018,2,5,2,1,30,6,3,0,0,1,0,-1,9,1
33958,77.35028874,28.58523058,4,3,2,1,1,18:20,82,E10000017,6,0,6,30,3,4,6,0,0,0,1,9,1,0,0,2,1,E01025395,03-07-2018,2,1,1,2,59,9,3,0,0,0,0,-1,9,1
33959,77.0957422,28.62664274,4,3,1,1,5,14:00,82,E10000017,6,0,6,30,0,-1,-1,0,0,0,1,1,1,7,2,2,1,E01025387,07-07-2018,2,2,2,1,59,9,3,0,0,1,0,-1,9,1
33960,77.13617305,28.64617884,4,3,4,2,2,22:50,82,E10000017,6,0,6,30,3,4,6,0,0,0,4,1,1,0,0,1,1,E01025366,06-06-2018,1,1,1,2,25,5,3,0,0,0,0,-1,9,1
33961,77.1656638,28.69379202,4,3,2,1,5,06:35,82,E10000017,4,6232,6,30,6,4,6,0,0,0,5,1,1,0,0,1,1,E01025397,14-07-2018,1,1,3,1,47,8,3,4,1,0,0,-1,0,1
33962,77.14675301,28.57306403,4,3,2,3,2,13:40,82,E10000017,5,705,6,30,3,4,6,0,0,0,1,2,2,0,0,1,1,E01025374,18-07-2018,2,1,1,1,64,9,3,0,0,0,0,-1,9,1
33963,77.22536706,28.66854966,4,3,2,1,6,08:45,82,E10000017,6,0,6,30,9,4,6,0,0,0,1,1,1,0,0,2,1,E01025358,22-07-2018,2,2,2,2,67,10,3,0,0,1,0,-1,9,1
33964,77.29738781,28.5529403,4,3,2,1,6,20:00,82,E10000017,6,0,9,30,3,4,3,680,0,0,1,1,1,0,0,1,1,E01025365,22-07-2018,3,1,1,2,46,8,3,0,0,0,0,-1,9,1
33965,77.22098734,28.62782014,4,3,2,1,7,12:25,82,E10000017,3,681,6,40,3,4,6,0,0,0,1,8,2,0,0,1,1,E01025384,30-07-2018,1,1,2,1,-1,-1,3,0,0,1,0,-1,9,3
33966,77.30186624,28.57997233,4,3,2,2,7,13:40,82,E10000017,3,682,6,30,6,4,6,0,0,1,1,1,2,0,0,1,1,E01025361,30-07-2018,2,2,3,2,-1,-1,3,9,6,0,0,-1,0,3
33967,77.09954007,28.65119458,4,3,1,1,6,08:15,82,E10000017,3,680,6,60,0,4,-1,0,0,0,1,2,2,0,0,2,1,E01025358,29-07-2018,1,1,1,2,53,8,3,0,0,0,0,-1,10,1
33968,77.14724607,28.53232401,4,3,1,1,6,11:50,82,E10000017,3,680,6,30,3,4,6,0,0,0,1,1,1,0,0,1,1,E01025395,29-07-2018,2,1,1,1,49,8,3,0,0,0,0,-1,5,3
33969,77.29715957,28.67305545,4,3,2,2,7,17:25,82,E10000017,5,705,6,30,0,-1,-1,0,0,0,1,1,1,0,0,2,1,E01025387,06-08-2018,1,1,1,1,54,8,3,0,0,0,0,-1,9,1
33970,77.2475288,28.65456984,4,3,2,1,3,16:54,82,E10000017,3,56,3,70,0,-1,-1,0,0,0,1,1,1,0,0,2,1,E01025358,09-08-2018,1,2,2,1,53,8,3,0,0,1,0,-1,9,1
33971,77.19643278,28.69479364,4,3,2,1,3,11:10,82,E10000017,3,56,3,70,0,-1,-1,0,0,0,1,1,1,0,0,1,1,E01025364,09-08-2018,2,1,1,2,29,6,3,0,0,0,0,-1,9,1
33972,77.29485713,28.60005896,4,3,2,2,2,17:10,82,E10000017,3,56,3,70,1,4,3,680,0,0,1,1,1,0,0,2,1,E01025395,08-08-2018,2,2,2,2,58,9,3,0,0,1,0,-1,9,1
33973,77.33761567,28.53982098,4,3,2,1,3,15:30,82,E10000017,5,705,6,30,0,-1,-1,0,0,0,1,1,1,0,0,1,1,E01025387,09-08-2018,2,1,1,1,11,3,3,0,0,0,0,-1,1,1
33974,77.22200891,28.65021681,4,2,2,1,7,03:05,82,E10000017,3,581,6,40,8,4,6,0,0,8,4,1,1,0,0,1,1,E01025386,13-08-2018,1,3,2,2,24,5,3,0,0,1,0,-1,9,3
33975,77.25589264,28.61381236,4,3,2,1,7,20:45,82,E10000017,6,0,6,30,3,4,3,682,0,1,1,1,1,0,0,1,1,E01025361,13-08-2018,2,1,1,2,38,7,3,0,0,0,0,-1,9,3
33976,77.06610385,28.63680065,4,2,3,1,4,07:10,82,E10000017,3,681,6,40,2,4,6,0,0,0,1,1,1,0,0,2,1,E01025386,17-08-2018,2,2,2,2,9,2,3,0,0,1,0,-1,9,3
33977,77.15561505,28.56211158,4,3,2,1,3,07:00,82,E10000017,6,0,6,40,0,-1,-1,0,0,0,1,1,1,0,0,2,1,E01025384,16-08-2018,1,1,1,2,86,11,2,0,0,0,0,-1,9,2
33978,77.36259725,28.55140439,4,2,1,5,6,01:45,82,E10000017,3,681,6,30,3,4,6,0,0,0,4,1,1,0,0,2,1,E01025365,19-08-2018,2,1,2,2,11,3,3,0,0,2,0,-1,9,2
33979,77.30986024,28.6776753,4,3,2,1,7,23:45,82,E10000017,3,56,3,60,0,-1,-1,0,0,0,4,1,1,0,6,2,1,E01025358,20-08-2018,2,1,2,2,36,7,3,0,0,1,0,-1,9,3
33980,77.28735504,28.66557586,4,3,1,1,2,09:30,82,E10000017,3,682,1,30,1,4,6,0,0,0,1,2,2,0,0,1,1,E01025386,22-08-2018,1,1,1,2,34,6,3,0,0,0,0,-1,9,1
33981,77.28169939,28.71816527,4,3,2,1,4,18:35,82,E10000017,6,0,6,30,3,4,6,0,0,0,1,1,1,0,0,1,1,E01025386,24-08-2018,2,2,1,2,83,11,3,0,0,0,0,-1,9,1
33982,77.10925727,28.60210694,4,3,3,1,2,13:30,82,E10000017,6,0,6,30,3,4,6,0,0,1,1,1,1,0,0,1,1,E01025386,22-08-2018,1,1,3,2,69,10,3,6,9,0,0,-1,0,1
33983,77.21682877,28.60873573,4,3,1,1,1,10:50,82,E10000017,3,56,7,70,5,4,6,0,0,0,1,1,1,0,0,1,1,E01025365,28-08-2018,1,1,1,1,18,4,3,0,0,0,0,-1,9,3
33984,77.10361358,28.59603057,4,3,2,1,5,17:00,82,E10000017,6,0,6,30,6,4,6,0,0,0,1,1,2,0,0,1,1,E01025387,28-07-2018,1,2,2,2,16,4,3,0,0,2,0,-1,9,3
33985,77.11969483,28.62244553,4,3,7,1,1,03:30,82,E10000017,6,0,7,30,3,4,6,0,0,0,4,1,1,0,0,1,1,E01025397,04-09-2018,1,3,2,2,14,3,3,0,0,1,0,-1,9,2
33986,77.05882144,28.65675229,4,3,1,1,2,15:56,82,E10000017,6,0,6,30,9,4,6,0,0,0,1,8,2,0,0,1,1,E01025355,05-09-2018,2,1,1,1,40,7,3,0,0,0,0,-1,19,2
33987,77.22981959,28.56099426,4,3,2,1,3,08:50,82,E10000017,6,0,6,30,0,-1,-1,0,0,0,1,1,1,0,0,1,1,E01025366,06-09-2018,1,1,1,2,58,9,3,0,0,0,0,-1,9,1
33988,77.10485568,28.71041217,4,3,2,1,4,15:30,82,E10000017,3,681,6,30,0,-1,-1,0,0,0,1,1,1,0,0,1,1,E01025386,07-09-2018,2,2,1,1,58,9,3,0,0,0,0,-1,20,3
33989,77.30350228,28.7142882,4,2,1,1,5,10:20,82,E10000017,3,56,1,30,1,4,3,680,0,0,1,1,1,0,0,2,1,E01025358,08-09-2018,2,1,1,2,76,11,3,0,0,0,0,-1,9,2
33990,77.31219052,28.72838391,4,1,1,3,7,16:30,75,E10000017,3,56,3,70,0,-1,-1,0,0,0,1,1,1,0,0,2,1,E01024888,10-09-2018,2,2,2,2,85,11,3,0,0,2,0,-1,9,2
33991,77.22065528,28.57140033,4,3,3,1,2,00:10,82,E10000017,3,681,6,30,0,-1,-1,0,0,0,1,1,1,0,0,1,1,E01025371,13-06-2018,2,3,2,2,79,11,3,0,0,2,0,-1,9,2
33992,77.06036881,28.55577849,4,3,2,2,5,13:40,82,E10000017,6,0,6,30,3,2,6,0,0,0,1,1,2,0,0,2,1,E01025357,15-09-2018,2,4,2,2,85,11,3,0,0,1,0,-1,9,2