Accident_Index,longitude,latitude,Police_Force,Accident_Severity,Number_of_Vehicles,Number_of_Casualties,Day_of_Week,Time,Local_Authority_(District),Local_Authority_(Highway),1st_Road_Class,1st_Road_Number,Road_Type,Speed_limit,Junction_Detail,Junction_Control,2nd_Road_Class,2nd_Road_Number,Pedestrian_Crossing-Human_Control,Pedestrian_Crossing-Physical_Facilities,Light_Conditions,Weather_Conditions,Road_Surface_Conditions,Special_Conditions_at_Site,Carriageway_Hazards,Urban_or_Rural_Area,Did_Police_Officer_Attend_Scene_of_Accident,LSOA_of_Accident_Location,Date,Vehicle_Reference,Casualty_Reference,Casualty_Class,Sex_of_Casualty,Age_of_Casualty,Age_Band_of_Casualty,Casualty_Severity,Pedestrian_Location,Pedestrian_Movement,Car_Passenger,Bus_or_Coach_Passenger,Pedestrian_Road_Maintenance_Worker,Casualty_Type,Casualty_Home_Area_Type
33993,77.30550387,28.53674228,4,2,2,1,5,12:00,82,E10000017,6,0,6,40,3,4,6,0,0,0,1,1,2,0,0,2,1,E01025358,15-09-2018,2,1,1,2,45,7,3,0,0,0,0,-1,9,1
33994,77.10325374,28.69210279,4,3,1,1,1,16:30,82,E10000017,6,0,6,20,3,4,6,0,0,0,1,1,1,0,0,1,1,E01025385,18-09-2018,2,1,1,2,69,10,3,0,0,0,0,-1,9,2
33995,77.16575787,28.59617393,4,3,2,2,2,17:30,82,E10000017,4,6232,6,50,0,-1,-1,0,0,0,1,1,1,0,0,2,1,E01025080,19-09-2018,1,1,1,1,32,6,3,0,0,0,0,-1,9,1
33996,77.16517362,28.69076302,4,3,2,2,2,17:00,82,E10000017,6,0,6,30,3,4,6,0,0,0,1,1,1,0,0,2,1,E01025357,19-09-2018,1,2,2,1,30,6,3,0,0,1,0,-1,9,-1
33997,77.23698971,28.67245338,4,3,2,1,4,17:30,82,E10000017,3,56,3,70,0,-1,-1,0,0,0,1,1,1,0,0,2,1,E01025358,21-09-2018,2,1,1,1,27,6,3,0,0,0,0,-1,3,1
33998,77.1606293,28.61254509,4,3,1,1,4,11:15,82,E10000017,3,680,6,40,3,4,6,0,0,0,1,1,1,0,0,1,1,E01025396,21-09-2018,2,1,1,2,40,7,3,0,0,0,0,-1,9,3
33999,77.33739583,28.70500535,4,3,2,3,4,16:45,82,E10000017,6,0,6,30,3,4,6,0,0,0,1,1,1,0,0,1,1,E01025355,21-09-2018,2,1,1,1,20,4,3,0,0,0,0,-1,9,3
34000,77.18800052,28.58532695,4,1,3,1,6,11:23,82,E10000017,3,681,6,30,0,-1,-1,0,0,0,1,1,2,0,0,1,1,E01025371,23-09-2018,1,1,1,1,35,6,3,0,0,0,0,-1,3,1
34001,77.198644,28.70351193,4,3,2,1,5,10:39,82,E10000017,6,0,6,30,3,4,6,0,0,0,1,1,1,0,0,1,1,E01025386,22-09-2018,1,2,3,1,56,9,3,5,4,0,0,-1,0,1
34002,77.1554742,28.72151356,4,3,2,4,6,20:36,82,E10000017,6,0,6,30,6,4,6,0,0,0,4,1,1,0,0,1,1,E01025373,23-09-2018,1,1,3,2,42,7,3,4,1,0,0,-1,0,2
34003,77.26879639,28.55864122,4,2,1,1,7,18:12,82,E10000017,3,682,6,30,3,4,6,0,0,0,1,1,-1,6,0,1,1,E01025356,24-09-2018,1,3,2,1,17,4,3,0,0,1,0,-1,9,1
34004,77.30163123,28.54496492,4,3,1,1,3,16:00,82,E10000017,6,0,6,30,3,4,6,0,0,0,1,1,1,0,0,1,1,E01025362,27-09-2018,2,1,1,1,48,8,3,0,0,0,0,-1,9,2
34005,77.34740973,28.53769147,4,3,2,3,6,17:51,82,E10000017,6,0,6,30,9,4,6,0,0,0,1,2,2,0,0,1,1,E01025371,30-09-2018,2,2,2,2,57,9,3,0,0,1,0,-1,9,2
34006,77.36709441,28.6450785,4,3,2,1,5,07:30,82,E10000017,3,56,3,70,0,-1,-1,0,0,0,1,1,1,0,0,2,1,E01025384,29-09-2018,2,1,1,2,8,2,3,0,0,0,0,-1,1,2
34007,77.36246913,28.53421776,4,3,2,2,7,17:20,82,E10000017,6,0,6,30,3,4,6,0,0,0,1,1,2,0,0,1,1,E01025366,01-10-2018,2,1,1,2,51,8,3,0,0,0,0,-1,9,3
34008,77.11995435,28.58332222,4,3,2,1,7,14:25,82,E10000017,3,680,6,30,0,-1,-1,0,0,0,1,1,1,0,0,1,1,E01025396,08-10-2018,1,1,3,2,18,4,3,10,9,0,0,-1,0,3
34009,77.31517347,28.6814701,4,3,2,4,7,16:25,82,E10000017,3,682,3,30,6,2,6,0,0,0,1,1,2,0,0,1,1,E01025356,08-10-2018,1,1,2,1,34,6,2,0,0,2,0,-1,9,1
34010,77.09983874,28.61991052,4,3,3,1,3,06:35,82,E10000017,3,56,3,70,0,-1,-1,0,0,0,4,1,1,0,0,2,1,E01025384,11-10-2018,2,2,2,2,27,6,3,0,0,2,0,-1,9,3
34011,77.37198049,28.54365789,4,3,2,2,1,11:57,82,E10000017,3,56,7,70,0,-1,-1,0,0,0,1,1,1,0,0,1,1,E01025363,09-10-2018,1,1,1,2,40,7,3,0,0,0,0,-1,5,3
34012,77.14560018,28.5837594,4,3,2,2,5,08:20,82,E10000017,5,705,6,30,3,4,6,0,0,0,1,1,1,0,0,1,1,E01025373,06-10-2018,1,1,1,2,55,8,3,0,0,0,0,-1,9,-1
34013,77.31497362,28.61555619,4,3,2,1,4,09:53,82,E10000017,6,0,6,60,3,4,6,0,0,0,1,1,2,0,0,2,1,E01025395,12-10-2018,1,2,2,2,55,8,3,0,0,1,0,-1,9,1
34014,77.11190212,28.72007213,4,3,2,1,1,20:00,82,E10000017,6,0,6,30,0,-1,-1,0,0,0,6,1,1,0,0,1,1,E01025365,09-10-2018,1,3,2,1,67,10,3,0,0,2,0,-1,9,1
34015,77.27426467,28.55037173,4,2,2,1,6,14:05,82,E10000017,3,681,6,30,3,4,6,0,0,0,1,1,1,0,0,1,1,E01025372,14-10-2018,1,1,1,1,18,4,2,0,0,0,0,-1,9,1
34016,77.32407625,28.6153424,4,2,1,3,1,01:50,82,E10000017,3,682,3,30,1,4,6,0,0,8,1,1,1,0,0,1,1,E01025386,16-10-2018,1,2,2,2,16,4,1,0,0,2,0,-1,9,-1
34017,77.07694953,28.61945931,4,3,2,2,1,11:45,82,E10000017,3,680,6,30,0,-1,-1,0,0,5,1,1,1,4,0,1,1,E01025397,16-10-2018,1,3,2,1,17,4,2,0,0,2,0,-1,9,1
34018,77.09198039,28.67923397,4,3,2,1,3,17:25,82,E10000017,6,0,6,30,0,-1,-1,0,0,1,1,9,1,0,0,1,1,E01025387,27-09-2018,1,4,2,2,16,4,2,0,0,1,0,-1,9,1
34019,77.33559773,28.6067944,4,3,1,1,4,10:00,82,E10000017,3,682,6,30,3,4,6,0,0,0,1,1,1,0,0,1,1,E01025356,12-10-2018,1,1,1,2,27,6,3,0,0,0,0,-1,9,3
34020,77.33908015,28.72309599,4,3,2,1,4,07:40,82,E10000017,6,0,6,30,0,-1,-1,0,0,0,5,1,2,0,0,1,1,E01025387,19-10-2018,1,2,2,1,48,8,3,0,0,1,0,-1,9,3
34021,77.12599573,28.65643067,4,3,1,1,6,14:30,82,E10000017,3,56,3,70,0,-1,-1,0,0,0,1,2,2,0,0,2,1,E01025384,21-10-2018,2,3,1,2,40,7,2,0,0,0,0,-1,9,3
34022,77.08708495,28.71251735,4,2,2,2,5,07:35,82,E10000017,4,6236,6,60,3,4,6,0,0,0,1,2,2,0,0,2,1,E01025395,20-10-2018,2,4,2,2,40,7,2,0,0,1,0,-1,9,3
34023,77.17781969,28.63788094,4,3,2,1,3,12:25,82,E10000017,3,56,3,70,0,-1,-1,0,0,0,1,2,2,0,0,2,1,E01025358,25-10-2018,2,5,2,2,15,3,3,0,0,2,0,-1,9,3
34024,77.18543019,28.62321765,4,2,2,2,5,18:40,82,E10000017,3,681,6,30,6,4,6,0,0,4,4,1,1,0,0,1,1,E01025372,27-10-2018,2,1,1,1,40,7,3,0,0,0,0,-1,1,1
34025,77.35983624,28.59852915,4,3,2,1,6,11:10,82,E10000017,5,705,6,30,3,4,6,0,0,0,1,1,1,0,0,1,1,E01025396,28-10-2018,1,1,1,2,38,7,3,0,0,0,0,-1,9,1
34026,77.36685475,28.66054576,4,3,2,1,6,18:22,82,E10000017,3,56,7,30,3,4,6,0,0,0,4,1,2,0,0,2,1,E01025365,28-10-2018,2,1,2,2,25,5,3,0,0,1,0,-1,9,1
34027,77.13071192,28.70373612,4,3,1,1,4,18:30,82,E10000017,6,0,6,60,0,-1,-1,0,0,0,4,1,2,0,0,2,1,E01025358,02-11-2018,1,1,2,1,62,9,3,0,0,1,0,-1,9,3
34028,77.35557743,28.61838637,4,3,1,1,4,14:20,82,E10000017,6,0,2,30,3,4,6,0,0,0,1,1,2,0,0,1,1,E01025373,02-11-2018,1,1,1,1,40,7,3,0,0,0,0,-1,21,1
34029,77.16863097,28.63285095,4,3,2,1,4,18:10,82,E10000017,3,680,3,40,0,-1,-1,0,0,0,4,9,1,0,0,2,1,E01025395,02-11-2018,2,2,1,1,29,6,3,0,0,0,0,-1,21,1
34030,77.29801754,28.58369622,4,3,3,2,5,15:40,82,E10000017,3,680,6,30,9,4,6,0,0,0,4,2,2,0,0,1,1,E01025364,03-11-2018,2,3,2,1,27,6,3,0,0,0,0,-1,21,1
34031,77.23358593,28.72071015,4,2,2,1,7,14:00,82,E10000017,3,682,3,30,0,-1,-1,0,0,4,1,2,2,0,0,1,1,E01025386,05-11-2018,2,1,2,1,36,7,3,0,0,1,0,-1,19,2
34032,77.13284557,28.59980135,4,3,1,1,4,09:00,82,E10000017,3,6177,6,50,0,-1,-1,0,0,0,1,2,2,0,0,2,1,E01025378,09-11-2018,1,1,1,1,18,4,3,0,0,0,0,-1,9,3
34033,77.07891273,28.58396404,4,3,2,2,5,12:06,82,E10000017,3,680,6,30,0,-1,-1,0,0,1,1,1,1,0,0,1,1,E01025365,17-11-2018,2,1,1,1,49,8,3,0,0,0,0,-1,1,3
34034,77.26552853,28.5562384,4,3,1,1,7,09:10,82,E10000017,3,56,3,70,0,-1,-1,0,0,0,1,2,2,0,0,2,1,E01025387,12-11-2018,1,1,1,1,80,11,3,0,0,0,0,-1,9,-1
34035,77.10760526,28.6031457,4,3,2,2,5,10:10,82,E10000017,6,0,6,30,3,4,6,0,0,0,1,1,4,0,0,1,1,E01025395,17-11-2018,1,1,1,1,67,10,1,0,0,0,0,-1,9,3
34036,77.12236998,28.6283386,4,2,1,1,6,12:50,82,E10000017,6,0,6,30,0,-1,-1,0,0,0,1,1,2,0,0,1,1,E01025384,18-11-2018,2,2,1,1,19,4,3,0,0,0,0,-1,9,2
34037,77.22440607,28.71354833,4,3,1,1,7,23:44,82,E10000017,3,681,6,40,0,-1,-1,0,0,0,1,1,2,0,0,1,1,E01025372,19-11-2018,1,1,1,2,28,6,3,0,0,0,0,-1,9,1
34038,77.35605959,28.72814486,4,3,1,1,6,15:16,82,E10000017,6,0,6,30,0,-1,-1,0,1,0,1,1,1,0,0,1,1,E01025365,25-11-2018,2,2,1,2,52,8,3,0,0,0,0,-1,9,3
34039,77.32445791,28.62962326,4,3,1,2,1,10:19,82,E10000017,3,56,3,70,5,4,3,681,0,0,1,1,2,0,2,2,1,E01025365,27-11-2018,2,1,1,2,8,2,3,0,0,0,0,-1,1,1
34040,77.26560693,28.55738328,4,3,2,3,1,12:30,82,E10000017,3,682,1,30,1,4,3,682,0,8,1,1,2,0,0,1,1,E01025386,27-11-2018,1,1,2,1,43,7,3,0,0,1,0,-1,19,1
34041,77.24902328,28.699113,4,3,2,1,2,13:00,82,E10000017,4,6527,6,30,0,-1,-1,0,0,0,1,3,3,0,0,2,1,E01025358,28-11-2018,1,1,1,2,38,7,3,0,0,0,0,-1,9,3
34042,77.32404011,28.70440635,4,3,1,1,2,14:25,82,E10000017,3,681,6,40,0,-1,-1,0,0,0,1,1,3,0,0,2,1,E01025372,28-11-2018,1,2,2,2,4,1,3,0,0,1,0,-1,9,3
34043,77.06358959,28.57954884,4,3,1,1,3,08:20,82,E10000017,6,0,6,30,3,3,3,680,0,0,1,1,4,0,0,1,1,E01025397,29-11-2018,1,1,1,2,26,6,1,0,0,0,0,-1,9,2
34044,77.1540484,28.62575834,4,3,2,1,5,13:40,82,E10000017,6,0,6,30,3,4,6,0,0,1,1,1,2,0,0,1,1,E01025366,01-12-2018,1,1,1,1,18,4,2,0,0,0,0,-1,1,-1
34045,77.36092591,28.71835888,4,2,1,1,3,06:58,82,E10000017,3,682,1,60,1,4,6,0,0,8,4,1,2,0,0,1,1,E01025386,06-12-2018,1,1,1,1,52,8,3,0,0,0,0,-1,19,1
34046,77.33699339,28.70600199,4,3,2,1,4,08:12,82,E10000017,3,56,3,70,0,-1,-1,0,0,0,1,1,1,0,0,1,1,E01025395,07-12-2018,2,2,1,2,25,5,3,0,0,0,0,-1,9,1
34047,77.33222879,28.56780888,4,3,2,2,3,16:40,82,E10000017,3,682,6,30,3,4,6,0,0,0,1,1,2,0,0,1,1,E01025361,13-12-2018,2,1,2,2,60,9,3,0,0,1,0,-1,21,3
34048,77.33533296,28.60008453,4,3,1,1,4,18:55,82,E10000017,3,682,6,30,3,4,6,0,0,4,4,1,2,0,0,1,1,E01025356,14-12-2018,1,1,3,2,13,3,3,4,4,0,0,-1,0,1
34049,77.30398112,28.645474,4,3,2,1,1,14:00,82,E10000017,6,0,6,40,0,-1,-1,0,0,0,1,1,1,0,0,2,1,E01025358,11-12-2018,1,1,3,2,12,3,3,2,1,0,0,-1,0,1
34050,77.14172362,28.72259362,4,3,3,1,7,21:50,82,E10000017,3,682,6,40,3,4,6,0,0,0,4,1,1,0,0,2,1,E01024874,17-12-2018,1,1,1,1,25,5,3,0,0,0,0,-1,9,3
34051,77.18244015,28.53271876,4,3,1,1,7,18:55,82,E10000017,4,6236,6,60,0,-1,-1,0,0,0,6,1,4,0,0,2,1,E01025395,17-12-2018,1,1,1,1,19,4,2,0,0,0,0,-1,9,2
34052,77.0998005,28.71560807,4,3,2,2,3,13:10,82,E10000017,3,6177,6,50,0,-1,-1,0,0,0,1,1,4,0,0,2,1,E01025378,27-12-2018,1,2,2,2,16,4,3,0,0,1,0,-1,9,3
34053,77.19085499,28.70869975,4,3,1,1,7,17:30,82,E10000017,6,0,2,30,3,4,6,0,0,0,1,1,1,0,0,1,1,E01025373,29-10-2018,1,1,1,1,18,4,2,0,0,0,0,-1,3,1
34054,77.10083737,28.67949808,4,3,2,1,4,08:30,82,E10000017,3,56,3,60,1,4,3,680,0,0,1,1,1,0,0,2,1,E01025395,14-12-2018,1,2,2,1,16,4,3,0,0,0,0,-1,3,1
34055,77.21726767,28.54341029,4,3,2,2,6,20:20,82,E10000017,3,680,6,30,6,2,3,677,0,0,4,1,2,0,0,1,1,E01025395,26-08-2018,1,1,1,1,24,5,3,0,0,0,0,-1,9,-1
34056,77.28862621,28.72154066,4,2,1,2,3,02:12,83,E10000017,1,6,3,70,9,4,1,61,0,0,1,1,1,0,0,2,1,E01025105,09-08-2018,1,1,3,2,71,10,3,8,1,0,0,-1,0,2
34057,77.19259107,28.71049563,4,2,1,1,4,20:28,84,E10000017,1,58,7,70,0,-1,-1,0,0,0,1,1,1,0,0,2,1,E01025503,10-08-2018,1,2,3,1,77,11,3,8,1,0,0,-1,0,2
34058,77.09484748,28.65744309,4,2,2,1,6,11:20,73,E10000017,1,6,3,70,0,-1,-1,0,0,0,1,1,1,0,0,2,1,E01024923,12-08-2018,1,1,1,1,19,4,3,0,0,0,0,-1,9,3
34059,77.28609322,28.68866578,4,3,1,1,7,02:54,76,E10000017,1,6,3,70,0,-1,-1,0,0,0,6,1,1,0,0,2,1,E01025131,13-08-2018,1,1,1,1,34,6,3,0,0,0,0,-1,9,3
34060,77.06203197,28.55716104,4,3,2,2,1,19:40,79,E10000017,1,6,3,70,0,-1,-1,0,0,0,1,1,1,0,0,2,1,E01025255,14-08-2018,2,2,1,2,57,9,3,0,0,0,0,-1,9,3
34061,77.27744903,28.5507448,4,3,3,1,7,11:10,83,E10000017,1,6,3,70,5,4,1,6,0,0,1,1,2,0,0,2,1,E01025402,13-08-2018,1,1,1,1,32,6,2,0,0,0,0,-1,9,1
34062,77.30161444,28.61796149,4,3,2,1,7,14:05,85,E10000017,1,6,3,70,0,-1,-1,0,0,0,1,1,2,0,0,2,1,E01025547,13-08-2018,2,1,2,2,29,6,3,0,0,1,0,-1,9,1
34063,77.29161423,28.59234337,4,3,1,1,1,08:25,83,E10000017,1,65,3,70,0,-1,-1,0,0,0,1,1,1,0,0,2,1,E01012632,14-08-2018,1,1,1,2,56,9,3,0,0,0,0,-1,9,1
34064,77.11629938,28.72656536,4,3,1,1,5,06:22,73,E10000017,1,6,3,70,0,-1,-1,0,0,0,1,1,1,0,2,2,1,E01024969,18-08-2018,2,2,2,2,40,7,3,0,0,1,0,-1,9,2
34065,77.29497478,28.65952629,4,3,3,1,4,17:55,84,E10000017,1,58,3,70,0,-1,-1,0,0,0,1,1,1,0,0,2,1,E01025537,17-08-2018,2,1,3,2,14,3,3,5,2,0,0,-1,0,-1
34066,77.22992854,28.60278441,4,3,2,1,6,17:50,73,E10000017,1,6,3,70,0,-1,-1,0,0,0,1,1,1,0,0,2,1,E01024923,19-08-2018,1,1,2,2,79,11,3,0,0,2,0,-1,9,2
34067,77.17349031,28.54149942,4,3,6,2,7,11:19,83,E10000017,1,61,3,70,0,-1,-1,0,0,0,1,1,2,0,0,2,1,E01025458,13-08-2018,1,1,1,1,24,5,2,0,0,0,0,-1,19,1
34068,77.19467844,28.55003244,4,3,1,1,7,00:35,76,E10000017,3,601,1,70,1,4,1,6,0,0,6,1,1,0,0,2,1,E01025130,20-08-2018,2,1,1,1,48,8,3,0,0,0,0,-1,9,1
34069,77.36250805,28.60465475,4,1,2,2,1,02:38,76,E10000017,1,6,3,70,0,-1,-1,0,0,0,6,1,1,0,0,2,1,E01025142,21-08-2018,1,1,1,1,42,7,3,0,0,0,0,-1,17,3
34070,77.29542276,28.69518015,4,2,2,1,1,15:20,73,E10000017,1,61,3,70,0,-1,-1,0,0,0,1,1,1,0,2,2,1,E01024973,21-08-2018,1,1,1,2,18,4,3,0,0,0,0,-1,9,1
34071,77.18041169,28.60025361,4,3,2,2,2,16:20,79,E10000017,1,55,3,70,0,-1,-1,0,0,0,1,1,1,0,0,2,1,E01025031,15-08-2018,1,2,2,1,18,4,3,0,0,1,0,-1,9,3
34072,77.22117085,28.59655069,4,3,1,3,3,15:50,76,E10000017,3,601,1,70,1,4,1,6,0,0,1,2,2,0,0,2,1,E01025098,23-08-2018,1,3,2,2,16,4,3,0,0,2,0,-1,9,3
34073,77.25426586,28.70649794,4,3,2,1,4,07:35,84,E10000017,1,58,3,70,0,-1,-1,0,0,0,1,2,2,0,0,2,1,E01025535,24-08-2018,1,1,1,2,37,7,3,0,0,0,0,-1,9,1
34074,77.10870816,28.70141213,4,2,5,7,4,00:05,76,E10000017,1,6,3,70,0,-1,-1,0,0,0,6,1,1,0,0,2,1,E01025131,17-08-2018,1,2,2,2,13,3,3,0,0,1,0,-1,9,1
34075,77.17302289,28.61045861,4,2,3,2,4,20:45,85,E10000017,1,6,3,70,0,-1,-1,0,0,0,6,1,1,0,0,2,1,E01025547,24-08-2018,2,3,2,2,45,7,3,0,0,1,0,-1,9,1
34076,77.21623221,28.56706548,4,3,2,1,5,21:13,70,E06000008,1,65,3,70,0,-1,-1,0,0,0,6,1,1,0,0,1,1,E01012632,25-08-2018,2,4,2,2,12,3,3,0,0,2,0,-1,9,1
34077,77.26243172,28.54263483,4,3,1,1,6,07:25,73,E10000017,1,6,3,70,0,-1,-1,0,0,0,1,2,2,0,0,2,1,E01024923,26-08-2018,2,5,2,1,10,2,3,0,0,2,0,-1,9,1
34078,77.36545057,28.54035874,4,3,4,3,6,16:16,83,E10000017,1,61,3,70,0,-1,-1,0,0,0,1,1,2,0,0,2,1,E01025400,26-08-2018,1,1,1,1,44,7,3,0,0,0,0,-1,19,1
34079,77.10974033,28.55880034,4,2,2,1,7,22:36,76,E10000017,1,6,3,70,0,-1,-1,0,0,0,6,1,1,0,0,2,1,E01025105,27-08-2018,1,1,3,1,40,7,2,9,8,0,0,-1,0,-1
34080,77.23647812,28.72521939,4,3,2,1,1,16:54,79,E10000017,1,55,3,70,0,-1,-1,0,0,0,1,1,1,0,0,2,1,E01025280,28-08-2018,1,1,2,1,25,5,3,0,0,0,0,-1,5,1
34081,77.20522892,28.69444106,4,3,2,1,2,10:40,76,E10000017,1,6,3,70,1,4,6,0,0,0,1,1,1,0,0,2,1,E01025098,29-08-2018,1,1,1,1,25,5,3,0,0,0,0,-1,1,2
34082,77.22931253,28.54345897,4,3,2,1,3,18:00,79,E10000017,1,6,3,70,0,-1,-1,0,0,0,1,1,1,0,0,2,1,E01025277,30-08-2018,2,1,1,1,30,6,3,0,0,0,0,-1,1,-1
34083,77.34205716,28.58418261,4,2,1,3,3,10:54,83,E10000017,1,65,3,70,0,-1,-1,0,0,0,1,1,1,0,0,1,1,E01025185,30-08-2018,1,1,1,1,84,11,3,0,0,0,0,-1,9,3
34084,77.09888028,28.70314957,4,3,1,2,4,12:34,76,E10000017,1,6,3,70,0,-1,-1,0,0,0,1,1,1,0,0,2,1,E01025277,31-08-2018,2,2,2,1,16,4,3,0,0,1,0,-1,9,3
34085,77.12961601,28.59092416,4,3,2,3,6,22:38,76,E10000017,1,6,1,70,1,4,6,0,0,0,4,1,1,0,0,2,1,E01019348,02-09-2018,1,1,1,2,20,4,3,0,0,0,0,-1,9,2
34086,77.35905731,28.54363004,4,3,1,2,7,11:45,79,E10000017,1,55,3,70,5,-1,6,0,0,0,1,1,1,0,0,2,1,E01025014,03-09-2018,1,2,2,1,2,1,3,0,0,1,0,-1,9,2
34087,77.07411565,28.71779082,4,3,1,1,1,12:55,79,E10000017,1,55,3,70,0,-1,-1,0,0,0,1,1,1,0,0,2,1,E01025014,04-09-2018,1,3,2,1,8,2,3,0,0,2,0,-1,9,2
34088,77.3354593,28.70063344,4,3,2,2,4,12:50,83,E10000017,1,65,3,70,1,4,6,0,0,0,1,1,1,0,0,2,1,E01025400,07-09-2018,1,1,2,2,27,6,3,0,0,1,0,-1,9,3
34089,77.069679,28.68666364,4,3,3,2,5,14:06,83,E10000017,1,65,3,70,5,4,1,65,0,0,1,1,1,0,0,2,1,E01024921,08-09-2018,1,2,2,2,7,2,3,0,0,2,0,-1,9,3
34090,77.2398746,28.60276343,4,3,3,1,6,09:28,83,E10000017,1,65,3,70,5,4,3,6119,0,0,1,2,2,0,0,2,1,E01025074,09-09-2018,1,1,1,1,12,3,3,0,0,0,0,-1,1,1
34091,77.25277545,28.69159247,4,3,2,1,5,19:01,83,E10000017,1,6,3,70,0,-1,-1,0,0,0,1,9,1,0,0,2,1,E01025456,07-07-2018,2,1,1,1,51,8,2,0,0,0,0,-1,9,1
34092,77.20941419,28.68939162,4,3,2,2,4,12:36,73,E10000017,1,61,3,70,0,-1,-1,0,0,0,1,1,1,0,0,2,1,E01024932,14-09-2018,3,2,1,2,45,7,3,0,0,0,0,-1,9,2
34093,77.10014528,28.64731035,4,3,2,1,7,14:00,73,E10000017,1,61,3,70,1,4,3,674,0,0,1,1,1,0,0,2,1,E01024932,17-09-2018,3,3,2,2,23,5,3,0,0,1,0,-1,9,1
34094,77.22248846,28.63736586,4,3,2,1,2,14:30,73,E10000017,1,6,1,70,1,4,1,65,0,0,1,1,1,0,0,2,1,E01024957,19-09-2018,2,1,1,2,33,6,3,0,0,0,0,-1,9,1
34095,77.0760809,28.69866292,4,2,3,3,4,06:36,74,E10000017,1,55,3,70,0,-1,-1,0,0,0,1,1,1,0,0,2,1,E01025012,21-09-2018,1,1,3,2,44,7,3,1,2,0,0,-1,0,1
34096,77.26564219,28.55121752,4,3,2,1,4,16:20,79,E10000017,1,6,3,70,0,-1,-1,0,0,0,1,1,1,0,0,2,1,E01025287,21-09-2018,1,1,1,1,18,4,3,0,0,0,0,-1,5,1
34097,77.23676893,28.66101799,4,2,1,2,7,23:10,74,E10000017,1,55,3,70,0,-1,-1,0,0,0,6,1,1,0,0,2,1,E01025027,24-09-2018,2,1,1,1,58,9,3,0,0,0,0,-1,9,3
34098,77.09235366,28.63382182,4,3,1,2,1,11:45,79,E10000017,1,6,3,70,0,-1,-1,0,0,0,1,1,2,0,0,2,1,E01025278,25-09-2018,1,1,1,2,19,4,2,0,0,0,0,-1,9,1
34099,77.08678128,28.60929402,4,3,1,1,1,11:42,85,E10000017,1,6,3,70,0,-1,-1,0,0,0,1,1,1,0,0,2,1,E01025549,25-09-2018,2,1,1,1,28,6,3,0,0,0,0,-1,9,1
34100,77.14180546,28.65333226,4,3,2,1,4,07:45,73,E10000017,1,61,7,70,1,4,3,674,0,0,1,1,1,0,0,2,1,E01024933,07-09-2018,2,2,2,2,23,5,3,0,0,1,0,-1,9,1
34101,77.35845424,28.70628158,4,3,2,1,4,08:40,74,E10000017,1,55,3,70,0,-1,-1,0,0,0,6,9,-1,6,0,2,1,E01025277,21-09-2018,2,1,2,2,51,8,3,0,0,1,0,-1,9,1
34102,77.13005133,28.60168984,4,3,1,1,5,21:45,73,E10000017,1,61,3,70,0,-1,-1,0,0,0,6,1,2,0,2,2,1,E01024932,29-09-2018,1,1,1,1,29,6,3,0,0,0,0,-1,9,1
34103,77.1729426,28.53491647,4,2,2,2,7,03:24,84,E10000017,1,6,3,70,0,-1,-1,0,0,0,6,2,2,4,0,2,1,E01025538,01-10-2018,1,3,2,2,27,6,3,0,0,1,0,-1,9,1
34104,77.13262459,28.62475077,4,3,2,1,2,09:42,73,E10000017,1,6,3,70,0,-1,-1,0,0,0,1,1,1,0,0,2,1,E01024971,03-10-2018,1,4,2,1,25,5,3,0,0,2,0,-1,9,3
34105,77.06734707,28.58744331,4,3,1,1,3,15:15,76,E10000017,3,601,3,70,1,4,6,0,0,0,1,1,1,0,0,2,1,E01025130,04-10-2018,1,5,2,2,27,6,3,0,0,2,0,-1,9,1
34106,77.25770232,28.55685697,4,3,2,1,5,10:35,73,E10000017,1,6,3,70,0,-1,-1,0,0,0,1,1,1,0,0,2,1,E01024924,06-10-2018,2,2,1,1,59,9,3,0,0,0,0,-1,9,1
34107,77.11343598,28.64010979,4,3,2,1,5,16:10,83,E10000017,1,61,7,70,1,4,1,65,0,0,1,1,1,0,0,2,1,E01024953,06-10-2018,1,1,3,2,15,3,3,5,3,0,0,-1,0,1
34108,77.0818097,28.59693517,4,2,1,1,3,14:50,84,E10000017,1,6,3,70,0,-1,-1,0,0,0,1,1,1,0,0,2,1,E01025281,02-08-2018,1,1,1,1,16,4,2,0,0,0,0,-1,3,1
34109,77.25986382,28.65273899,4,2,2,5,1,03:03,73,E10000017,1,61,3,70,0,-1,-1,0,0,0,6,1,2,0,0,2,1,E01024973,09-10-2018,2,1,2,1,10,2,3,0,0,1,0,-1,9,1
34110,77.12218243,28.55745197,4,3,3,1,2,09:01,79,E10000017,1,6,3,70,0,-1,-1,0,0,0,1,1,1,0,1,2,1,E01025458,10-10-2018,2,1,1,1,69,10,3,0,0,0,0,-1,9,2
34111,77.20644676,28.66472735,4,3,1,3,1,14:20,76,E10000017,3,601,3,70,1,4,3,6,0,0,1,1,1,0,0,2,1,E01025169,09-10-2018,1,1,1,1,59,9,3,0,0,0,0,-1,9,3
34112,77.24513318,28.70575915,4,3,2,4,2,09:00,79,E10000017,1,6,3,70,0,-1,-1,0,0,0,1,1,1,0,0,2,1,E01025278,10-10-2018,1,1,2,1,53,8,2,0,0,2,4,-1,11,1
34113,77.3464065,28.70379554,4,3,2,1,2,12:40,79,E10000017,1,6,3,70,0,-1,-1,0,0,0,1,1,1,0,0,2,1,E01025255,10-10-2018,2,1,1,1,10,2,3,0,0,0,0,-1,1,3