Accident_Index,longitude,latitude,Police_Force,Accident_Severity,Number_of_Vehicles,Number_of_Casualties,Day_of_Week,Time,Local_Authority_(District),Local_Authority_(Highway),1st_Road_Class,1st_Road_Number,Road_Type,Speed_limit,Junction_Detail,Junction_Control,2nd_Road_Class,2nd_Road_Number,Pedestrian_Crossing-Human_Control,Pedestrian_Crossing-Physical_Facilities,Light_Conditions,Weather_Conditions,Road_Surface_Conditions,Special_Conditions_at_Site,Carriageway_Hazards,Urban_or_Rural_Area,Did_Police_Officer_Attend_Scene_of_Accident,LSOA_of_Accident_Location,Date,Vehicle_Reference,Casualty_Reference,Casualty_Class,Sex_of_Casualty,Age_of_Casualty,Age_Band_of_Casualty,Casualty_Severity,Pedestrian_Location,Pedestrian_Movement,Car_Passenger,Bus_or_Coach_Passenger,Pedestrian_Road_Maintenance_Worker,Casualty_Type,Casualty_Home_Area_Type
34114,77.15618092,28.61518828,4,3,2,1,5,07:15,76,E10000017,2,601,1,70,1,4,1,6,0,0,1,9,-1,-1,-1,2,-1,E01025130,06-10-2018,1,1,3,2,11,3,3,8,1,0,0,-1,0,1
34115,77.19093823,28.57599736,4,3,1,3,1,16:45,83,E10000017,1,6,3,70,0,-1,-1,0,0,0,1,1,1,0,0,2,1,E01025457,09-10-2018,2,1,1,1,23,5,3,0,0,0,0,-1,9,1
34116,77.08767223,28.67672974,4,2,2,1,6,11:49,73,E10000017,1,61,3,70,0,-1,-1,0,0,0,1,1,1,0,2,2,1,E01024921,14-10-2018,2,2,2,2,21,5,3,0,0,1,0,-1,9,1
34117,77.369081,28.56371807,4,3,2,1,3,07:40,75,E10000017,1,65,7,70,1,4,3,6119,0,0,1,1,1,0,0,2,1,E01025074,18-10-2018,2,1,1,1,56,9,3,0,0,0,0,-1,9,1
34118,77.26872709,28.67516896,4,2,5,5,4,06:57,79,E10000017,1,6,3,70,0,-1,-1,0,0,0,4,2,2,0,0,2,1,E01025303,19-10-2018,2,2,2,2,28,6,3,0,0,1,0,-1,9,1
34119,77.0778524,28.58484169,4,2,1,2,7,01:15,83,E10000017,1,65,3,70,0,-1,-1,0,0,0,4,1,1,0,0,2,1,E01025341,22-10-2018,1,1,3,1,16,4,3,5,1,0,0,-1,0,1
34120,77.06463096,28.54058572,4,3,2,4,7,11:37,73,E10000017,1,61,3,70,0,-1,-1,0,0,0,1,1,1,0,0,2,1,E01024949,22-10-2018,1,1,3,2,39,7,3,1,4,0,0,-1,0,3
34121,77.07768872,28.68938409,4,3,4,6,7,20:35,79,E10000017,1,55,3,70,0,-1,-1,0,0,0,4,1,2,0,0,2,1,E01025280,22-10-2018,1,1,1,1,20,4,3,0,0,0,0,-1,9,2
34122,77.14392671,28.53559019,4,3,2,1,3,18:40,73,E10000017,1,61,3,70,1,4,1,65,0,0,4,2,2,0,0,1,1,E01024954,25-10-2018,1,1,1,2,43,7,2,0,0,0,0,-1,9,1
34123,77.23470087,28.53592403,4,3,3,1,4,22:10,73,E10000017,1,61,3,70,0,-1,-1,0,0,0,6,1,2,0,0,2,1,E01024973,26-10-2018,2,2,1,2,69,10,1,0,0,0,0,-1,9,2
34124,77.33676947,28.57260938,4,3,2,1,4,13:00,79,E10000017,1,6,7,70,1,4,6,0,0,0,1,2,2,0,0,1,1,E01025292,26-10-2018,2,3,2,1,80,11,1,0,0,1,0,-1,9,2
34125,77.06553021,28.64200174,4,3,1,1,5,18:30,73,E10000017,1,61,3,70,0,-1,-1,0,0,0,6,1,1,0,0,2,1,E01024933,27-10-2018,3,4,2,1,29,6,3,0,0,1,0,-1,9,1
34126,77.26475257,28.53630074,4,3,2,1,6,13:00,76,E10000017,1,6,3,70,0,-1,-1,0,0,0,1,1,1,0,0,2,1,E01025148,28-10-2018,2,1,1,1,25,5,3,0,0,0,0,-1,9,2
34127,77.28537142,28.6821815,4,3,7,6,6,14:00,73,E10000017,1,61,3,70,0,-1,-1,0,0,0,1,2,2,0,0,2,1,E01024949,28-10-2018,2,2,2,2,12,3,3,0,0,1,0,-1,9,2
34128,77.20437765,28.65368725,4,3,1,1,7,19:28,83,E10000017,1,65,3,70,0,-1,-1,0,0,0,4,1,1,0,0,2,1,E01012592,29-10-2018,1,1,1,1,31,6,3,0,0,0,0,-1,9,-1
34129,77.06957562,28.71627437,4,3,1,1,1,01:30,83,E10000017,1,65,7,70,5,4,3,6068,0,0,4,5,2,0,0,2,1,E01024888,30-10-2018,1,1,1,2,21,5,3,0,0,0,0,-1,9,1
34130,77.24377649,28.63649273,4,3,2,1,1,14:05,79,E10000017,1,6,3,70,0,-1,-1,0,0,0,1,1,1,0,0,2,1,E01024923,30-10-2018,2,2,1,2,42,7,3,0,0,0,0,-1,9,1
34131,77.36326676,28.66165977,4,1,1,1,7,14:37,83,E10000017,1,6,3,70,9,4,1,6,0,0,1,1,1,0,0,2,1,E01024957,29-10-2018,1,1,1,1,47,8,3,0,0,0,0,-1,19,1
34132,77.12896106,28.70172077,4,3,3,7,5,13:45,74,E10000017,1,55,3,70,0,-1,-1,0,0,0,1,1,1,0,0,2,1,E01025031,27-10-2018,2,2,1,1,47,8,3,0,0,0,0,-1,10,1
34133,77.24637986,28.67427216,4,3,2,2,3,11:07,76,E10000017,1,6,3,70,0,-1,-1,0,0,0,1,1,1,0,0,2,1,E01025106,01-11-2018,2,1,1,1,27,6,3,0,0,0,0,-1,9,1
34134,77.33702691,28.6575441,4,3,2,1,3,11:00,76,E10000017,1,6,3,70,0,-1,-1,0,0,0,1,1,1,0,0,2,1,E01025105,01-11-2018,2,2,2,2,24,5,3,0,0,1,0,-1,9,1
34135,77.08306095,28.60696815,4,3,3,1,6,19:28,73,E10000017,1,61,3,70,0,-1,-1,0,0,0,4,1,2,0,0,2,1,E01024953,04-11-2018,2,1,1,1,81,11,3,0,0,0,0,-1,9,2
34136,77.27641945,28.62103766,4,1,2,2,4,14:00,84,E10000017,1,58,3,70,0,-1,-1,0,0,0,1,1,1,0,0,2,1,E01025535,09-11-2018,2,1,1,1,35,6,2,0,0,0,0,-1,5,1
34137,77.31220904,28.55757743,4,3,3,1,4,12:55,79,E10000017,1,6,3,70,0,-1,-1,0,0,0,1,1,2,0,0,2,1,E01025277,02-11-2018,1,1,1,1,49,8,3,0,0,0,0,-1,8,-1
34138,77.36500567,28.56501357,4,3,2,1,7,12:45,79,E10000017,1,6,3,70,0,-1,-1,0,0,0,1,1,2,0,0,2,1,E01025303,05-11-2018,2,2,1,1,32,6,3,0,0,0,0,-1,11,2
34139,77.27823766,28.63607036,4,3,2,1,1,04:02,83,E10000017,1,65,3,70,0,-1,-1,0,0,0,1,5,2,6,2,2,1,E01025213,06-11-2018,2,3,2,2,11,3,3,0,0,0,4,-1,11,-1
34140,77.36319202,28.68386338,4,3,3,1,1,07:34,73,E10000017,1,61,3,70,0,-1,-1,0,0,0,1,2,2,0,0,2,1,E01024926,06-11-2018,2,4,2,1,14,3,3,0,0,0,4,-1,11,1
34141,77.37096418,28.67678322,4,3,2,1,1,16:00,83,E10000017,1,65,3,70,0,-1,-1,0,0,0,1,1,1,0,0,1,1,E01025064,06-11-2018,2,5,2,2,13,3,3,0,0,0,4,-1,11,-1
34142,77.33366727,28.63473417,4,3,3,1,2,21:38,74,E10000017,1,55,3,70,0,-1,-1,0,0,0,6,4,1,0,0,2,1,E01025027,07-11-2018,2,6,2,2,12,3,3,0,0,0,4,-1,11,-1
34143,77.258708,28.57293158,4,3,2,1,2,08:36,83,E10000017,1,61,1,70,1,4,6,0,0,0,1,1,1,0,0,2,1,E01025400,07-11-2018,2,7,2,1,15,3,3,0,0,0,4,-1,11,1
34144,77.06068417,28.60623882,4,2,1,1,3,18:35,72,E10000017,1,65,7,70,5,4,6,0,0,0,4,1,2,0,0,2,1,E01024878,08-11-2018,2,8,2,1,11,3,3,0,0,0,4,-1,11,3
34145,77.06106107,28.6996297,4,3,2,1,1,08:19,85,E10000017,1,6,3,50,0,-1,-1,0,0,0,1,2,2,4,0,2,1,E01025547,06-11-2018,2,9,2,1,14,3,3,0,0,0,4,-1,11,1
34146,77.35985178,28.6618566,4,3,2,1,4,08:20,83,E10000017,1,65,3,70,0,-1,-1,0,0,0,1,1,1,0,0,2,1,E01012628,09-11-2018,2,10,2,1,12,3,3,0,0,0,4,-1,11,-1
34147,77.11630561,28.7034873,4,3,2,2,4,10:35,83,E10000017,1,65,7,70,5,4,6,0,0,0,1,1,1,0,0,2,1,E01025400,09-11-2018,2,11,2,1,11,3,3,0,0,0,4,-1,11,1
34148,77.18223507,28.60264278,4,3,2,1,5,10:00,79,E10000017,1,6,9,70,5,4,6,0,0,0,1,9,1,0,0,2,1,E01025255,10-11-2018,2,12,2,1,15,3,3,0,0,0,4,-1,11,1
34149,77.27760377,28.6815604,4,3,1,3,5,12:26,79,E10000017,1,55,3,70,0,-1,-1,0,0,0,1,1,2,0,0,2,1,E01025277,10-11-2018,2,13,2,2,15,3,3,0,0,0,4,-1,11,1
34150,77.11071951,28.62495087,4,3,2,2,6,21:39,73,E10000017,1,6,3,70,0,-1,-1,0,0,0,4,2,2,0,0,2,1,E01024971,11-11-2018,2,14,2,2,13,3,3,0,0,0,4,-1,11,1
34151,77.30880815,28.72251386,4,3,4,2,6,16:08,83,E10000017,1,6,3,70,5,4,1,65,0,0,1,4,2,0,0,2,1,E01024957,11-11-2018,2,15,2,2,15,3,3,0,0,0,4,-1,11,1
34152,77.09849083,28.72109011,4,3,2,1,6,15:00,83,E10000017,1,6,3,70,0,-1,-1,0,0,0,1,2,2,0,0,2,1,E01025458,11-11-2018,2,16,2,2,12,3,3,0,0,0,4,-1,11,1
34153,77.33716555,28.64931106,4,3,4,2,7,10:31,83,E10000017,1,6,3,70,0,-1,-1,0,0,0,1,1,2,0,0,2,1,E01025457,12-11-2018,2,17,2,2,13,3,3,0,0,0,4,-1,11,1
34154,77.18335979,28.54288385,4,3,1,4,1,10:19,84,E10000017,1,6,3,70,0,-1,-1,0,0,0,1,2,2,0,0,2,1,E01025538,06-11-2018,2,18,2,2,14,3,3,0,0,0,4,-1,11,1
34155,77.13092592,28.69910869,4,3,2,1,2,13:00,83,E10000017,1,65,3,70,1,4,3,6119,0,0,1,2,2,0,0,2,1,E01012632,14-11-2018,2,19,2,1,14,3,3,0,0,0,4,-1,11,1
34156,77.21373802,28.54658461,4,3,2,1,3,15:55,70,E06000008,1,65,3,70,0,-1,-1,0,0,0,1,1,2,0,0,2,1,E01012592,15-11-2018,2,20,2,2,16,4,3,0,0,0,4,-1,11,1
34157,77.28231923,28.68030673,4,3,2,1,6,18:48,79,E10000017,1,6,3,70,0,-1,-1,0,0,0,4,2,2,0,0,2,1,E01025286,11-11-2018,2,21,2,1,14,3,3,0,0,0,4,-1,11,1
34158,77.12807162,28.56993594,4,3,3,1,4,18:29,76,E10000017,1,6,3,70,5,4,6,0,0,0,6,1,1,0,0,2,1,E01025105,16-11-2018,2,22,2,2,15,3,3,0,0,0,4,-1,11,1
34159,77.25331213,28.67807366,4,3,2,3,3,16:17,73,E10000017,1,61,3,70,1,4,1,65,0,0,4,1,1,0,0,2,1,E01024953,15-11-2018,2,23,2,2,16,4,3,0,0,0,4,-1,11,1
34160,77.36583081,28.58984734,4,3,3,1,6,15:21,83,E10000017,1,65,3,70,5,4,1,65,0,0,1,1,1,0,0,2,1,E01025074,18-11-2018,1,1,1,1,29,6,3,0,0,0,0,-1,19,1
34161,77.1057274,28.5785173,4,3,4,2,6,16:33,79,E10000017,1,6,3,70,0,-1,-1,0,0,0,4,1,4,0,0,2,1,E01025279,18-11-2018,2,2,1,1,32,6,2,0,0,0,0,-1,8,1
34162,77.09991439,28.55914497,4,3,2,2,7,09:08,76,E10000017,1,6,3,70,0,-1,-1,0,0,0,1,1,1,0,0,2,1,E01025130,19-11-2018,2,1,1,1,47,8,3,0,0,0,0,-1,9,3
34163,77.23327973,28.60197627,4,2,1,1,5,11:43,83,E10000017,1,65,1,50,0,-1,-1,0,0,0,1,1,1,0,0,2,1,E01025417,20-10-2018,1,1,1,1,16,4,2,0,0,0,0,-1,2,3
34164,77.15558476,28.64814786,4,3,2,2,5,19:20,73,E10000017,1,6,2,70,0,-1,-1,0,0,0,4,1,2,0,0,2,1,E01024924,17-11-2018,2,1,1,1,44,7,3,0,0,0,0,-1,1,1
34165,77.27228671,28.54150076,4,3,6,1,2,12:12,73,E10000017,1,6,3,70,0,-1,-1,0,0,0,1,7,2,0,0,2,1,E01024923,21-11-2018,2,1,1,1,41,7,3,0,0,0,0,-1,1,3
34166,77.18232343,28.57259697,4,3,3,2,2,12:00,73,E10000017,1,61,3,70,0,-1,-1,0,0,0,1,7,2,0,0,2,1,E01024918,21-11-2018,2,1,1,1,23,5,3,0,0,0,0,-1,9,1
34167,77.1432774,28.57884665,4,3,2,2,2,08:15,83,E10000017,1,65,3,70,0,-1,-1,0,0,0,1,7,2,0,0,2,1,E01025074,21-11-2018,2,2,2,1,38,7,3,0,0,1,0,-1,9,1
34168,77.06742518,28.60243454,4,2,4,4,2,14:05,73,E10000017,1,6,3,70,0,-1,-1,0,0,0,1,7,2,0,0,2,1,E01024922,21-11-2018,2,3,2,1,16,4,3,0,0,2,0,-1,9,-1
34169,77.13465712,28.72180276,4,3,1,2,4,15:15,75,E10000017,1,65,3,70,0,-1,-1,0,0,0,1,1,2,0,0,2,1,E01025074,23-11-2018,2,1,1,1,31,6,2,0,0,0,0,-1,19,1
34170,77.22570435,28.55003054,4,2,1,5,4,21:23,84,E10000017,1,58,3,70,0,-1,-1,0,0,0,1,1,2,0,0,2,1,E01025479,23-11-2018,1,1,2,2,67,10,3,0,0,1,0,-1,9,2
34171,77.07602012,28.54300815,4,3,1,1,6,19:10,79,E10000017,1,6,3,70,0,-1,-1,0,0,0,6,1,1,0,0,2,1,E01025277,25-11-2018,1,1,2,1,22,5,3,0,0,1,0,-1,9,1
34172,77.07294767,28.59432802,4,3,2,2,6,12:00,76,E10000017,1,6,7,70,5,4,6,0,0,0,1,1,2,0,0,2,1,E01025131,25-11-2018,2,1,1,1,24,5,3,0,0,0,0,-1,9,2
34173,77.34735862,28.57220902,4,3,1,1,5,12:17,73,E10000017,1,61,7,70,5,4,6,0,0,0,1,1,2,0,0,2,1,E01024973,24-11-2018,2,1,1,1,57,9,3,0,0,0,0,-1,9,1
34174,77.10330528,28.72327497,4,3,1,3,6,20:21,76,E10000017,1,6,3,70,0,-1,-1,0,0,0,6,1,1,0,0,2,1,E01025108,25-11-2018,2,1,2,1,14,3,3,0,0,2,0,-1,9,1
34175,77.15994961,28.66101785,4,3,1,2,2,10:24,84,E10000017,1,58,3,70,0,-1,-1,0,0,0,1,3,2,0,0,2,1,E01025479,28-11-2018,1,1,1,1,31,6,3,0,0,0,0,-1,21,1
34176,77.32920672,28.72295011,4,3,2,1,3,17:20,83,E10000017,1,6,3,70,0,-1,-1,0,0,0,4,1,2,0,0,2,1,E01025457,29-11-2018,1,1,1,1,21,5,3,0,0,0,0,-1,9,3
34177,77.21511507,28.55468515,4,3,7,4,5,07:56,73,E10000017,1,65,3,70,0,-1,-1,0,0,0,1,2,2,0,0,2,1,E01024921,01-12-2018,1,2,2,2,16,4,3,0,0,1,0,-1,9,1
34178,77.12404955,28.55072994,4,3,2,1,5,08:40,79,E10000017,1,55,3,70,0,-1,-1,0,0,0,1,2,2,0,0,2,1,E01025277,01-12-2018,1,3,2,2,17,4,3,0,0,2,0,-1,9,3
34179,77.34325756,28.63040802,4,3,3,2,5,13:18,73,E10000017,1,6,3,70,0,-1,-1,0,0,0,1,1,1,0,0,2,1,E01024923,01-12-2018,1,4,2,1,18,4,3,0,0,2,0,-1,9,3
34180,77.19314433,28.67775466,4,2,2,3,1,08:04,83,E10000017,1,6,3,70,0,-1,-1,0,0,0,1,2,2,0,0,2,1,E01025417,04-12-2018,1,1,2,1,5,1,3,0,0,2,0,-1,9,3
34181,77.15789011,28.705336,4,3,2,1,1,06:43,83,E10000017,1,6,3,70,5,4,1,65,0,0,4,2,2,0,0,2,1,E01025401,04-12-2018,1,2,2,2,49,8,3,0,0,1,0,-1,9,1
34182,77.14013774,28.72426225,4,3,2,1,7,12:50,83,E10000017,1,65,3,70,5,4,6,0,0,0,1,1,1,0,0,2,1,E01025340,26-11-2018,1,1,1,1,18,4,3,0,0,0,0,-1,9,-1
34183,77.25418412,28.62463923,4,3,4,1,3,17:00,83,E10000017,1,65,3,70,0,-1,-1,0,0,0,6,7,2,0,0,2,1,E01025064,22-11-2018,1,2,2,2,16,4,3,0,0,1,0,-1,9,-1
34184,77.36774961,28.57130235,4,3,2,1,2,08:25,73,E10000017,1,6,1,70,1,4,1,65,0,0,1,1,2,0,0,2,1,E01024957,12-12-2018,2,1,2,2,33,6,3,0,0,1,0,-1,9,3
34185,77.08552435,28.66870396,4,3,5,2,3,20:06,83,E10000017,1,65,3,70,0,-1,-1,0,0,0,6,1,2,0,0,2,1,E01012592,13-12-2018,1,1,3,1,10,2,3,5,3,0,0,-1,0,-1
34186,77.34522871,28.60894257,4,3,1,1,4,12:27,76,E10000017,1,6,3,70,0,-1,-1,0,0,0,1,1,1,0,0,2,1,E01024967,14-12-2018,1,1,3,1,20,4,2,6,9,0,0,-1,0,1
34187,77.22976584,28.54738051,4,2,1,2,4,22:10,83,E10000017,1,61,3,70,0,-1,-1,0,0,0,4,1,2,0,0,2,1,E01025458,14-12-2018,1,1,1,1,61,9,3,0,0,0,0,-1,9,1
34188,77.28885546,28.66020275,4,3,1,1,5,02:35,83,E10000017,6,0,3,70,0,-1,-1,0,0,0,4,1,1,0,0,2,1,E01025456,15-12-2018,1,1,1,2,22,5,2,0,0,0,0,-1,9,1
34189,77.1686574,28.7159896,4,3,7,2,4,07:28,83,E10000017,1,6,3,70,0,-1,-1,0,0,0,4,1,1,0,0,2,1,E01025456,14-12-2018,2,1,1,1,55,8,3,0,0,0,0,-1,9,-1
34190,77.19119216,28.57688567,4,3,3,5,5,16:35,83,E10000017,1,6,3,70,0,-1,-1,0,0,0,4,1,1,0,0,2,1,E01025458,15-12-2018,2,1,1,2,8,2,3,0,0,0,0,-1,1,-1
34191,77.20275448,28.60287331,4,3,1,1,6,23:12,83,E10000017,1,61,7,70,5,4,6,0,0,0,1,2,2,0,0,2,1,E01025400,23-12-2018,1,1,1,1,21,5,2,0,0,0,0,-1,2,-1
34192,77.12258974,28.61326122,4,3,2,1,3,18:27,79,E10000017,1,6,3,70,0,-1,-1,0,0,0,4,1,2,0,0,2,1,E01025286,27-12-2018,2,2,1,1,34,6,2,0,0,0,0,-1,1,-1
34193,77.23018871,28.56526519,4,3,3,3,3,11:47,73,E10000017,1,61,3,70,0,-1,-1,0,0,0,1,1,2,0,2,2,1,E01024921,27-12-2018,1,1,3,1,38,7,3,9,5,0,0,-1,0,1
34194,77.37049619,28.70474661,4,3,3,3,3,12:15,73,E10000017,6,0,3,70,0,-1,-1,0,0,0,1,1,1,0,0,2,1,E01024947,27-12-2018,1,1,1,1,36,7,3,0,0,0,0,-1,3,1
34195,77.13337469,28.55094566,4,3,3,1,3,13:02,79,E10000017,1,6,3,70,0,-1,-1,0,0,0,1,1,1,0,0,2,1,E01025456,27-12-2018,1,1,1,1,41,7,2,0,0,0,0,-1,9,1
34196,77.32465878,28.61159583,4,3,2,6,3,11:30,83,E10000017,1,6,3,70,9,4,6,0,0,0,1,1,2,0,0,2,1,E01025282,27-12-2018,2,2,1,2,29,6,2,0,0,0,0,-1,9,1
34197,77.10677065,28.62290277,4,3,4,4,4,11:38,79,E10000017,1,6,3,70,0,-1,-1,0,0,0,1,1,2,0,0,2,1,E01025286,28-12-2018,2,3,2,2,21,5,2,0,0,1,0,-1,9,1
34198,77.06672814,28.6878638,4,3,3,3,4,11:20,73,E10000017,1,6,3,70,0,-1,-1,0,0,0,1,1,2,0,0,2,1,E01024924,28-12-2018,2,4,2,1,3,1,3,0,0,2,0,-1,9,1
34199,77.29088665,28.5626537,4,3,3,1,5,10:54,85,E10000017,1,6,3,70,0,-1,-1,0,0,0,1,1,1,4,0,2,1,E01025549,29-12-2018,2,5,2,1,4,1,3,0,0,2,0,-1,9,1
34200,77.17773599,28.62335188,4,3,11,2,5,09:10,73,E10000017,1,61,3,70,0,-1,-1,0,0,0,1,1,1,0,0,2,1,E01024973,29-12-2018,1,1,1,1,61,9,3,0,0,0,0,-1,9,3
34201,77.13459077,28.69610051,4,3,3,1,7,16:07,79,E10000017,1,6,3,70,0,-1,-1,0,0,0,4,1,1,0,0,2,1,E01025253,10-12-2018,2,2,1,1,46,8,3,0,0,0,0,-1,9,1
34202,77.12997184,28.54697199,4,3,2,1,4,07:40,85,E10000017,1,6,3,50,0,-1,-1,0,0,0,6,1,1,4,0,2,1,E01025547,07-12-2018,1,1,3,1,30,6,2,8,3,0,0,-1,0,1
34203,77.12893213,28.70253165,4,3,3,4,4,09:25,83,E10000017,1,61,3,60,0,-1,-1,0,0,0,1,8,4,0,0,2,1,E01025413,28-12-2018,1,1,1,1,20,4,3,0,0,0,0,-1,9,3
34204,77.21937416,28.71589678,5,3,2,1,2,13:00,95,E08000015,4,5136,6,30,9,4,6,0,0,1,1,9,1,0,0,1,2,E01007139,26-09-2018,1,1,1,1,36,7,3,0,0,0,0,-1,3,2
34205,77.29388986,28.72400499,5,3,2,1,2,21:15,95,E08000015,6,0,6,30,8,4,6,0,0,0,4,1,1,0,0,1,1,E01007171,03-10-2018,2,1,1,1,65,9,3,0,0,0,0,-1,5,1
34206,77.07100758,28.66008673,5,3,2,3,1,00:25,95,E08000015,1,53,3,70,0,-1,-1,0,0,0,6,1,2,0,0,2,1,E01007110,02-10-2018,2,1,1,1,25,5,3,0,0,0,0,-1,9,2
34207,77.06528851,28.61402956,5,3,2,1,7,18:30,95,E08000015,6,0,6,30,6,4,6,0,0,0,4,4,2,0,0,1,1,E01007137,01-10-2018,1,1,2,2,20,4,3,0,0,1,0,-1,9,1
34208,77.17646053,28.68470079,5,3,2,2,4,14:55,95,E08000015,3,41,3,40,6,2,6,0,0,5,1,1,1,0,0,1,1,E01007135,05-10-2018,2,1,1,2,19,4,3,0,0,0,0,-1,9,1
34209,77.19744018,28.62452076,5,2,2,3,7,15:00,95,E08000015,3,5139,6,30,0,-1,-1,0,0,0,1,1,2,0,0,1,1,E01007269,08-10-2018,2,1,1,1,50,8,3,0,0,0,0,-1,9,-1
34210,77.30945988,28.65426042,5,3,2,1,6,14:05,95,E08000015,3,5027,6,30,3,2,3,5027,0,0,1,1,1,0,0,1,2,E01007156,07-10-2018,2,1,1,2,29,6,3,0,0,0,0,-1,9,1
34211,77.27697677,28.55986196,5,3,2,1,5,12:06,95,E08000015,6,0,6,30,3,4,3,554,0,0,1,1,1,0,0,1,1,E01007231,06-10-2018,1,1,3,1,12,3,3,5,3,0,0,-1,0,1
34212,77.26875895,28.72546384,5,2,2,1,1,15:12,95,E08000015,6,0,6,30,3,4,6,0,0,0,1,1,1,0,0,1,1,E01007155,02-10-2018,1,1,1,1,55,8,3,0,0,0,0,-1,9,1
34213,77.24466852,28.58972328,5,3,2,2,7,15:35,95,E08000015,6,0,6,30,3,4,6,0,0,0,1,1,2,0,0,1,1,E01007158,08-10-2018,1,1,1,2,19,4,3,0,0,0,0,-1,9,2
34214,77.33381682,28.71642711,5,3,1,1,6,09:00,95,E08000015,6,0,6,30,6,2,6,0,0,0,1,1,1,0,0,1,1,E01007155,07-10-2018,1,2,2,2,-1,-1,3,0,0,1,0,-1,9,-1
34215,77.11566987,28.55373993,5,3,2,1,6,17:10,95,E08000015,6,0,6,30,6,4,6,0,0,0,1,1,1,0,0,1,1,E01007214,07-10-2018,1,1,2,1,17,4,3,0,0,1,0,-1,9,3
34216,77.08141819,28.60684543,5,3,2,1,2,16:30,95,E08000015,3,552,1,30,1,4,4,5147,0,0,1,1,1,0,0,1,1,E01007291,10-10-2018,1,1,3,1,12,3,3,5,1,0,0,-1,0,1
34217,77.24938773,28.72122988,5,3,1,1,2,18:30,95,E08000015,6,0,6,30,0,-1,-1,0,0,0,4,1,1,0,0,1,1,E01007136,10-10-2018,3,1,1,1,30,6,3,0,0,0,0,-1,9,-1
34218,77.3404042,28.56472047,5,3,2,1,2,16:30,95,E08000015,6,0,6,30,6,4,6,0,0,4,1,1,1,0,0,1,1,E01007122,03-10-2018,1,1,1,1,22,5,3,0,0,0,0,-1,9,1
34219,77.23439396,28.66128506,5,3,2,1,4,13:45,95,E08000015,6,0,3,30,9,2,3,553,0,5,1,2,2,0,0,1,2,E01007128,12-10-2018,1,1,3,1,12,3,3,5,1,0,0,-1,0,1
34220,77.07506598,28.70349687,5,3,2,1,3,17:10,95,E08000015,6,0,6,30,6,4,6,0,0,0,1,2,2,0,0,1,2,E01007126,11-10-2018,2,1,1,1,64,9,3,0,0,0,0,-1,9,3
34221,77.3175733,28.57644843,5,3,2,1,2,15:15,95,E08000015,6,0,6,30,3,4,6,0,0,0,1,1,1,0,0,1,1,E01007129,10-10-2018,1,1,1,1,44,7,2,0,0,0,0,-1,19,1
34222,77.22405289,28.70984354,5,3,2,1,3,21:30,95,E08000015,3,553,6,30,6,2,6,0,0,0,4,2,2,0,0,1,2,E01007128,11-10-2018,1,1,1,1,24,5,3,0,0,0,0,-1,9,3
34223,77.34956997,28.6231534,5,3,2,1,3,08:50,95,E08000015,3,553,1,40,1,4,3,553,0,0,1,2,2,0,0,2,2,E01007121,11-10-2018,2,1,1,2,39,7,3,0,0,0,0,-1,9,1
34224,77.27367177,28.55161116,5,3,2,2,3,15:30,95,E08000015,6,0,6,30,0,-1,-1,0,0,0,1,1,1,0,0,1,1,E01007246,11-10-2018,1,1,1,1,18,4,1,0,0,0,0,-1,9,3
34225,77.12137269,28.60287925,5,3,2,1,4,10:15,95,E08000015,6,0,6,30,3,4,6,0,0,0,1,2,2,0,0,1,2,E01007187,12-10-2018,2,2,1,1,58,9,2,0,0,0,0,-1,8,2
34226,77.23180523,28.63514932,5,2,2,1,2,14:15,95,E08000015,6,0,6,30,3,4,6,0,0,0,1,1,1,0,0,1,1,E01007157,03-10-2018,2,1,1,2,30,6,3,0,0,0,0,-1,9,3
34227,77.13288122,28.61623718,5,3,2,1,6,09:20,95,E08000015,3,41,6,30,3,4,6,0,0,5,1,1,1,0,0,1,2,E01007126,14-10-2018,1,1,3,2,83,11,3,5,3,0,0,-1,0,1
34228,77.31243986,28.67635315,5,3,3,2,4,16:00,95,E08000015,6,0,6,30,6,2,6,0,0,0,1,1,2,0,0,1,2,E01007240,19-10-2018,1,1,1,2,23,5,3,0,0,0,0,-1,9,2
34229,77.33504519,28.65103819,5,3,2,1,4,17:30,95,E08000015,6,0,6,30,0,-1,-1,0,0,0,1,2,2,0,0,1,1,E01007126,12-10-2018,2,1,1,2,58,9,3,0,0,0,0,-1,9,1
34230,77.15279179,28.72561176,5,3,2,1,6,10:05,95,E08000015,6,0,6,30,3,4,4,5151,0,0,1,1,1,0,0,2,2,E01007110,14-10-2018,2,2,2,2,50,8,3,0,0,1,0,-1,9,-1
34231,77.11825313,28.53256711,5,3,2,1,6,19:10,95,E08000015,6,0,3,30,9,2,6,0,2,5,7,1,1,0,0,1,1,E01007215,07-10-2018,1,1,1,2,24,5,3,0,0,0,0,-1,9,2
34232,77.3574289,28.5813957,5,3,1,1,2,16:20,95,E08000015,3,554,6,30,3,4,6,0,0,0,1,1,1,0,0,1,2,E01007234,17-10-2018,2,1,1,1,11,3,3,0,0,0,0,-1,1,1
34233,77.27974605,28.6607374,5,3,2,3,3,14:30,95,E08000015,3,554,3,30,3,4,6,0,0,0,1,1,2,0,0,1,2,E01007126,18-10-2018,1,1,1,1,33,6,3,0,0,0,0,-1,9,2
34234,77.21054509,28.70976693,5,3,1,1,5,16:00,95,E08000015,3,554,6,30,3,2,6,0,0,0,1,1,1,0,0,1,1,E01007277,13-10-2018,1,1,1,1,24,5,2,0,0,0,0,-1,9,1