Accident_Index,longitude,latitude,Police_Force,Accident_Severity,Number_of_Vehicles,Number_of_Casualties,Day_of_Week,Time,Local_Authority_(District),Local_Authority_(Highway),1st_Road_Class,1st_Road_Number,Road_Type,Speed_limit,Junction_Detail,Junction_Control,2nd_Road_Class,2nd_Road_Number,Pedestrian_Crossing-Human_Control,Pedestrian_Crossing-Physical_Facilities,Light_Conditions,Weather_Conditions,Road_Surface_Conditions,Special_Conditions_at_Site,Carriageway_Hazards,Urban_or_Rural_Area,Did_Police_Officer_Attend_Scene_of_Accident,LSOA_of_Accident_Location,Date,Vehicle_Reference,Casualty_Reference,Casualty_Class,Sex_of_Casualty,Age_of_Casualty,Age_Band_of_Casualty,Casualty_Severity,Pedestrian_Location,Pedestrian_Movement,Car_Passenger,Bus_or_Coach_Passenger,Pedestrian_Road_Maintenance_Worker,Casualty_Type,Casualty_Home_Area_Type
34235,77.30919663,28.67848777,5,2,1,2,1,00:05,95,E08000015,3,553,6,30,3,2,6,0,0,8,4,1,1,0,0,1,1,E01007206,09-10-2018,2,2,1,1,31,6,3,0,0,0,0,-1,9,1
34236,77.20828336,28.66170071,5,2,3,1,4,16:25,95,E08000015,3,5139,6,30,0,-1,-1,0,0,0,1,8,2,0,0,1,1,E01007270,12-10-2018,2,3,2,2,11,3,2,0,0,1,0,-1,9,1
34237,77.2188674,28.61355646,5,3,2,1,3,15:00,95,E08000015,3,551,3,30,3,4,6,0,0,0,1,1,2,0,0,1,1,E01007203,11-10-2018,2,4,2,2,2,1,3,0,0,2,0,-1,9,1
34238,77.15781336,28.68574825,5,3,2,1,3,08:30,95,E08000015,3,552,1,40,1,4,6,0,0,0,1,2,2,0,0,2,1,E01007304,11-10-2018,2,5,2,1,5,1,3,0,0,2,0,-1,9,1
34239,77.15064267,28.7065016,5,3,1,1,6,22:05,95,E08000015,3,551,6,30,6,4,6,0,0,8,4,1,1,0,0,1,1,E01007275,07-10-2018,1,1,1,1,34,6,3,0,0,0,0,-1,9,1
34240,77.13978963,28.54733212,5,3,2,1,7,14:00,95,E08000015,6,0,6,30,3,4,6,0,0,1,1,1,1,0,0,1,1,E01007121,15-10-2018,1,1,3,2,18,4,3,1,1,0,0,-1,0,1
34241,77.06921158,28.57764872,5,3,2,1,3,18:35,95,E08000015,6,0,6,30,6,4,6,0,0,0,4,2,2,0,0,1,2,E01007242,11-10-2018,1,1,1,2,18,4,2,0,0,0,0,-1,9,3
34242,77.30698536,28.70539539,5,3,2,2,4,21:05,95,E08000015,4,5151,6,30,6,2,6,0,0,5,4,1,1,0,0,1,1,E01007240,19-10-2018,2,1,1,1,32,6,3,0,0,0,0,-1,9,3
34243,77.30404121,28.71474291,5,3,2,1,4,13:10,95,E08000015,6,0,6,30,3,4,6,0,0,0,1,1,1,0,0,1,1,E01007263,19-10-2018,1,1,2,1,21,5,2,0,0,1,0,-1,9,3
34244,77.26017705,28.66930063,5,3,2,1,3,22:30,95,E08000015,6,0,6,30,7,4,6,0,0,0,4,1,2,0,0,1,1,E01007291,18-10-2018,1,2,2,1,29,6,2,0,0,2,0,-1,9,3
34245,77.10529221,28.72234194,5,3,2,5,1,12:46,95,E08000015,6,0,6,30,6,4,4,5172,0,8,1,1,1,0,0,1,1,E01007174,16-10-2018,1,3,2,1,45,7,2,0,0,2,0,-1,9,1
34246,77.28599965,28.56939542,5,3,3,1,2,07:50,95,E08000015,1,53,3,70,0,-1,-1,0,0,0,1,1,2,0,0,2,1,E01007168,17-10-2018,1,1,1,2,24,5,3,0,0,0,0,-1,9,3
34247,77.22312237,28.71900852,5,3,1,5,7,11:58,95,E08000015,4,5143,6,30,3,4,6,0,0,0,1,1,1,0,0,1,1,E01007217,15-10-2018,2,1,1,2,62,9,1,0,0,0,0,-1,9,1
34248,77.17718329,28.6319293,5,2,2,1,5,18:45,95,E08000015,3,540,6,40,3,4,6,0,0,0,4,1,1,0,0,1,1,E01007191,20-10-2018,2,1,1,2,57,9,3,0,0,0,0,-1,9,1
34249,77.26167973,28.66216787,5,3,2,1,4,12:20,95,E08000015,6,0,6,30,3,4,4,5151,0,0,1,1,2,0,0,1,1,E01007241,19-10-2018,1,1,2,1,12,3,3,0,0,0,4,-1,11,3
34250,77.18027477,28.55101645,5,3,2,1,5,16:40,95,E08000015,4,5136,6,30,3,4,6,0,0,0,1,1,1,0,0,2,2,E01007144,20-10-2018,1,2,2,2,12,3,3,0,0,0,4,-1,11,1
34251,77.21206594,28.64091078,5,3,1,1,4,09:00,95,E08000015,6,0,1,30,1,4,4,5139,0,0,1,1,1,0,0,1,1,E01007268,19-10-2018,1,3,2,1,12,3,3,0,0,0,4,-1,11,1
34252,77.10699752,28.61437244,5,2,2,1,1,20:00,95,E08000015,6,0,6,30,3,2,4,5132,0,0,4,1,1,0,0,1,1,E01007164,09-10-2018,1,4,2,2,12,3,3,0,0,0,4,-1,11,3
34253,77.28930694,28.53957104,5,3,2,1,5,02:00,95,E08000015,6,0,6,30,0,-1,-1,0,0,0,4,1,1,0,0,1,1,E01007290,13-10-2018,1,5,2,2,13,3,3,0,0,0,4,-1,11,3
34254,77.27088407,28.70393882,5,3,2,1,3,15:30,95,E08000015,6,0,6,30,3,4,6,0,0,0,1,1,2,0,0,1,1,E01007206,11-10-2018,1,6,2,2,15,3,3,0,0,0,4,-1,11,3
34255,77.14376745,28.60152774,5,3,4,3,2,08:35,95,E08000015,1,53,3,70,0,-1,-1,0,0,0,1,2,2,0,0,2,1,E01007148,17-10-2018,1,7,2,2,16,4,3,0,0,0,4,-1,11,3
34256,77.24318636,28.63753444,5,3,1,1,1,05:30,95,E08000015,3,553,6,30,6,2,6,0,0,5,4,1,1,0,7,1,1,E01007155,23-10-2018,2,1,1,2,23,5,3,0,0,0,0,-1,9,1
34257,77.24159342,28.57318026,5,3,2,1,5,08:44,95,E08000015,6,0,6,30,3,4,4,5150,0,0,1,1,2,0,0,1,1,E01007116,20-10-2018,2,1,1,1,30,6,2,0,0,0,0,-1,9,2
34258,77.26831329,28.54070819,5,3,2,2,7,11:50,95,E08000015,3,5027,3,30,7,2,6,0,0,4,1,2,2,0,0,2,1,E01007300,22-10-2018,2,1,1,2,34,6,3,0,0,0,0,-1,9,1
34259,77.31305336,28.64555358,5,3,1,3,1,02:50,95,E08000015,3,5027,1,30,1,4,3,551,0,8,4,1,2,0,0,1,1,E01007302,23-10-2018,1,1,1,1,20,4,3,0,0,0,0,-1,9,3
34260,77.33770453,28.58122897,5,3,2,1,2,15:40,95,E08000015,3,5137,6,60,0,-1,-1,0,0,0,1,1,2,0,7,2,1,E01007144,24-10-2018,1,2,2,1,11,3,3,0,0,1,0,-1,9,3
34261,77.23517861,28.68360935,5,3,2,1,5,16:40,95,E08000015,6,0,6,30,0,-1,-1,0,0,0,1,1,1,0,0,1,1,E01007137,20-10-2018,2,1,1,1,26,6,3,0,0,0,0,-1,9,1
34262,77.12804387,28.6366961,5,3,2,1,2,13:20,95,E08000015,6,0,6,30,3,4,6,0,0,0,1,2,2,0,0,1,1,E01007152,24-10-2018,1,1,1,1,34,6,3,0,0,0,0,-1,9,1
34263,77.05830497,28.59069766,5,2,2,1,1,15:00,95,E08000015,3,41,6,40,3,4,6,0,0,0,1,1,1,0,0,1,1,E01007170,23-10-2018,1,1,1,1,41,7,3,0,0,0,0,-1,9,1
34264,77.32964645,28.66027863,5,3,2,1,4,18:55,95,E08000015,3,5030,6,30,6,2,3,5029,0,0,4,1,1,0,0,1,1,E01007126,02-11-2018,1,3,2,1,8,2,3,0,0,1,0,-1,9,1
34265,77.30991758,28.71434855,5,2,1,1,2,14:20,95,E08000015,6,0,6,30,0,-1,-1,0,0,0,1,1,1,0,0,1,1,E01007147,31-10-2018,2,2,1,1,59,9,3,0,0,0,0,-1,9,2
34266,77.36110685,28.57317822,5,3,4,2,7,17:30,95,E08000015,3,551,3,30,3,4,6,0,0,0,4,2,1,0,0,1,1,E01007210,05-11-2018,1,1,1,2,54,8,3,0,0,0,0,-1,9,2
34267,77.14803252,28.56545054,5,3,2,1,4,07:30,95,E08000015,6,0,6,30,0,-1,-1,0,0,0,7,9,2,0,0,1,2,E01007115,02-11-2018,2,2,1,2,51,8,3,0,0,0,0,-1,9,2
34268,77.33071382,28.67507723,5,3,2,1,6,15:00,95,E08000015,6,0,6,30,6,2,6,0,0,0,1,1,1,0,0,1,1,E01007177,28-10-2018,2,4,2,1,14,3,3,0,0,1,0,-1,9,2
34269,77.34461199,28.56376758,5,3,2,1,7,10:40,95,E08000015,6,0,6,30,0,-1,-1,0,0,0,1,1,2,0,0,1,1,E01007245,01-10-2018,3,3,1,1,41,7,3,0,0,0,0,-1,9,2
34270,77.14152497,28.63596673,5,3,2,4,5,10:00,95,E08000015,3,551,6,30,6,2,6,0,0,0,1,1,2,0,0,1,1,E01007212,03-11-2018,1,1,1,1,17,4,3,0,0,0,0,-1,9,3
34271,77.32832925,28.6082615,5,3,1,1,1,10:20,95,E08000015,3,540,6,30,8,2,6,0,0,0,1,1,1,0,0,1,2,E01007182,06-11-2018,3,1,1,1,38,7,3,0,0,0,0,-1,9,3
34272,77.22193877,28.54146222,5,3,2,1,6,12:00,95,E08000015,3,553,6,30,3,2,6,0,0,4,1,5,2,0,0,1,2,E01007224,04-11-2018,3,2,2,2,15,3,3,0,0,1,0,-1,9,3
34273,77.15646689,28.55476765,5,2,2,1,4,14:20,95,E08000015,6,0,6,30,3,4,6,0,0,0,1,1,2,0,0,1,1,E01007180,09-11-2018,1,1,2,2,22,5,3,0,0,1,0,-1,9,1
34274,77.18823959,28.72828638,5,3,2,1,4,11:00,95,E08000015,6,0,6,30,3,2,6,0,0,0,1,2,2,0,0,1,2,E01007180,09-11-2018,1,2,2,2,20,4,3,0,0,2,0,-1,9,-1
34275,77.20379297,28.65649448,5,3,2,2,5,14:55,95,E08000015,3,41,1,30,1,2,6,0,0,0,1,1,1,0,0,1,2,E01007295,10-11-2018,2,1,1,1,37,7,3,0,0,0,0,-1,19,3
34276,77.09701169,28.6087752,5,2,1,1,7,16:05,95,E08000015,3,5139,3,40,0,-1,-1,0,0,0,4,1,2,0,0,2,1,E01007121,05-11-2018,1,1,3,2,81,11,3,5,3,0,0,-1,0,1
34277,77.19492227,28.552786,5,3,2,3,5,10:24,95,E08000015,4,5148,6,30,6,2,6,0,0,5,1,1,2,0,0,1,1,E01007111,27-10-2018,2,1,1,1,17,4,3,0,0,0,0,-1,3,2
34278,77.21702642,28.60318461,5,3,2,1,1,16:00,95,E08000015,6,0,6,30,3,4,6,0,0,0,1,1,1,0,0,1,1,E01007221,30-10-2018,1,1,1,2,57,9,3,0,0,0,0,-1,9,3
34279,77.21712355,28.5653317,5,2,1,1,5,14:25,95,E08000015,6,0,6,30,0,-1,-1,0,0,5,1,4,1,0,0,1,1,E01007126,27-10-2018,2,1,1,1,57,9,3,0,0,0,0,-1,9,1
34280,77.16125303,28.66870981,5,3,2,3,4,21:00,95,E08000015,3,41,6,30,6,2,4,5137,0,0,4,2,2,0,0,1,1,E01007135,02-11-2018,2,1,2,2,72,10,3,0,0,1,0,-1,9,1
34281,77.15396825,28.66030455,5,3,2,1,3,18:00,95,E08000015,4,5151,6,30,3,4,6,0,0,0,4,1,1,0,0,1,1,E01007254,01-11-2018,2,1,2,2,6,2,3,0,0,2,0,-1,9,2
34282,77.30790406,28.69899141,5,3,2,3,5,17:30,95,E08000015,3,41,3,40,3,2,6,0,0,0,4,5,2,0,0,1,1,E01007142,03-11-2018,2,2,2,1,8,2,3,0,0,2,0,-1,9,2
34283,77.3641542,28.72534577,5,3,2,2,2,14:40,95,E08000015,3,5139,6,30,0,-1,-1,0,0,0,1,1,1,0,0,1,1,E01007269,31-10-2018,1,1,1,1,50,8,3,0,0,0,0,-1,5,1
34284,77.17306485,28.62757684,5,3,3,2,7,07:55,95,E08000015,6,0,6,30,3,4,6,0,0,0,1,2,2,0,0,2,1,E01007119,08-10-2018,2,1,2,1,14,3,3,0,0,0,4,-1,11,1
34285,77.3558986,28.71107135,5,2,1,1,3,08:30,95,E08000015,6,0,6,30,3,4,6,0,0,0,1,1,1,0,0,1,1,E01007162,01-11-2018,2,2,2,2,15,3,3,0,0,0,4,-1,11,1
34286,77.23095002,28.5964454,5,2,1,1,6,18:45,95,E08000015,3,5137,6,60,3,3,6,0,0,0,6,1,2,7,0,2,1,E01007144,04-11-2018,2,3,2,1,14,3,3,0,0,0,4,-1,11,1
34287,77.25440256,28.56060256,5,2,2,1,2,14:04,95,E08000015,6,0,6,30,3,4,6,0,0,0,1,1,1,0,0,2,1,E01007144,31-10-2018,2,4,2,1,10,2,3,0,0,0,4,-1,11,1
34288,77.30388767,28.59609096,5,2,1,1,5,19:10,95,E08000015,6,0,6,30,0,-1,-1,0,0,0,1,1,1,0,0,1,1,E01007161,27-10-2018,1,1,1,1,17,4,3,0,0,0,0,-1,3,1
34289,77.32512448,28.5405223,5,3,2,1,7,15:50,95,E08000015,4,5139,6,30,0,-1,-1,0,0,0,1,1,1,0,0,1,1,E01007261,29-10-2018,1,1,1,1,12,3,3,0,0,0,0,-1,1,1
34290,77.17965401,28.70226511,5,3,2,1,2,18:35,95,E08000015,3,41,3,30,6,2,6,0,0,5,4,2,2,0,0,1,1,E01007135,31-10-2018,1,1,1,1,20,4,3,0,0,0,0,-1,9,1
34291,77.06208219,28.60392179,5,3,1,2,5,11:03,95,E08000015,4,5137,6,30,3,2,6,0,0,5,1,1,3,0,0,1,1,E01007135,03-11-2018,1,2,2,1,20,4,3,0,0,1,0,-1,9,1
34292,77.24350477,28.60357035,5,3,2,2,5,12:30,95,E08000015,6,0,1,30,2,4,6,0,0,0,1,2,2,0,0,1,1,E01007257,03-11-2018,1,3,2,1,15,3,3,0,0,2,0,-1,9,1
34293,77.13675557,28.53836397,5,3,2,1,6,14:15,95,E08000015,4,5151,6,30,3,3,4,5150,0,0,1,2,2,0,0,1,1,E01007110,04-11-2018,1,1,1,1,53,8,3,0,0,0,0,-1,21,-1
34294,77.06180787,28.60022566,5,2,3,3,6,09:10,95,E08000015,3,41,6,30,0,-1,-1,0,0,0,1,2,2,0,0,1,1,E01007126,04-11-2018,2,2,1,1,37,7,3,0,0,0,0,-1,21,3
34295,77.15150759,28.67810453,5,3,2,2,6,16:30,95,E08000015,3,5027,1,30,1,4,4,5139,0,0,1,2,2,0,0,1,2,E01007302,04-11-2018,3,3,1,1,46,8,3,0,0,0,0,-1,21,1
34296,77.3153574,28.54558497,5,3,3,1,7,11:30,95,E08000015,6,0,6,30,9,4,6,0,0,0,1,2,2,0,0,1,2,E01007148,05-11-2018,4,4,1,1,45,7,3,0,0,0,0,-1,21,-1
34297,77.18781288,28.62308473,5,3,1,1,7,13:35,95,E08000015,6,0,6,30,3,4,6,0,0,4,1,1,1,0,0,1,1,E01007128,05-11-2018,1,1,3,2,34,6,3,10,9,0,0,-1,0,1
34298,77.06252453,28.70379545,5,3,2,1,1,20:06,95,E08000015,3,540,6,50,0,-1,-1,0,0,0,6,3,2,0,0,2,1,E01007284,06-11-2018,2,1,1,1,28,6,3,0,0,0,0,-1,3,1
34299,77.08169414,28.64063974,5,2,1,1,3,16:30,95,E08000015,3,554,6,30,3,4,6,0,0,0,4,2,2,0,0,1,1,E01007277,08-11-2018,1,1,2,1,18,4,2,0,0,1,0,-1,9,-1
34300,77.19221939,28.72160338,5,3,2,1,3,07:25,95,E08000015,3,551,6,30,0,-1,-1,0,0,0,1,1,2,0,0,1,1,E01007301,08-11-2018,1,1,1,2,23,5,2,0,0,0,0,-1,9,1
34301,77.20969834,28.64712806,5,3,3,1,3,16:00,95,E08000015,6,0,6,30,3,4,6,0,0,0,1,1,2,0,0,1,1,E01007227,08-11-2018,1,1,3,1,16,4,2,1,1,0,0,-1,0,1
34302,77.34690599,28.55539401,5,3,2,2,6,09:45,95,E08000015,3,554,1,30,1,4,3,554,0,0,1,1,1,0,0,2,2,E01007309,11-11-2018,1,1,3,2,50,8,3,10,3,0,0,-1,0,1
34303,77.13699358,28.62185732,5,3,1,1,7,21:50,95,E08000015,6,0,6,30,3,4,6,0,0,0,4,1,2,0,0,1,1,E01007222,12-11-2018,1,1,1,2,77,11,3,0,0,0,0,-1,9,3
34304,77.18249527,28.68417502,5,3,2,2,7,16:00,95,E08000015,6,0,6,30,3,4,6,0,0,0,1,1,2,0,0,1,1,E01007259,12-11-2018,2,2,1,1,47,8,3,0,0,0,0,-1,9,3
34305,77.32845805,28.70841087,5,3,1,1,1,16:30,95,E08000015,6,0,6,30,0,-1,-1,0,0,0,1,1,1,0,0,1,1,E01007142,13-11-2018,2,1,1,1,37,7,3,0,0,0,0,-1,9,1
34306,77.29440376,28.65544772,5,3,2,1,1,12:52,95,E08000015,6,0,6,30,3,4,6,0,0,0,1,1,1,0,0,1,1,E01007194,13-11-2018,2,1,1,2,39,7,3,0,0,0,0,-1,9,1
34307,77.11901541,28.69131988,5,3,2,1,5,19:00,95,E08000015,4,5151,6,60,6,4,6,0,0,0,4,1,1,0,0,2,1,E01007144,10-11-2018,1,1,1,2,69,10,3,0,0,0,0,-1,9,2
34308,77.18571241,28.61134464,5,3,2,1,3,17:50,95,E08000015,1,53,3,70,0,-1,-1,0,0,0,4,2,2,0,0,2,2,E01007209,08-11-2018,2,1,1,1,18,4,3,0,0,0,0,-1,1,-1
34309,77.31713002,28.65029738,5,2,1,1,4,15:50,95,E08000015,6,0,6,30,3,4,6,0,0,0,1,1,1,0,0,1,1,E01007182,09-11-2018,1,1,1,2,42,7,3,0,0,0,0,-1,9,1
34310,77.24994133,28.64363423,5,3,3,1,6,16:00,95,E08000015,6,0,6,30,9,4,6,0,0,0,1,2,2,0,0,1,1,E01007167,11-11-2018,1,1,1,2,24,5,3,0,0,0,0,-1,9,1
34311,77.23393535,28.63049425,5,3,1,1,4,16:00,95,E08000015,6,0,6,30,0,-1,-1,0,0,0,1,1,1,0,0,1,2,E01007228,16-11-2018,1,1,2,2,21,5,3,0,0,2,0,-1,9,2
34312,77.36806983,28.63619335,5,3,1,1,2,08:45,95,E08000015,6,0,6,30,0,-1,-1,0,0,0,1,1,2,0,0,1,1,E01007117,14-11-2018,1,2,2,2,18,4,3,0,0,2,0,-1,9,2
34313,77.31754726,28.6076837,5,3,1,1,2,08:20,95,E08000015,3,5027,6,30,6,2,6,0,0,0,1,1,2,0,0,1,2,E01007158,14-11-2018,1,3,2,1,20,4,3,0,0,1,0,-1,9,2
34314,77.30107322,28.69980427,5,3,2,1,2,18:20,95,E08000015,3,41,3,40,3,4,6,0,0,0,4,1,1,0,0,1,1,E01007135,14-11-2018,1,1,1,2,26,6,3,0,0,0,0,-1,9,1
34315,77.11856696,28.64106475,5,3,2,2,4,12:50,95,E08000015,4,5141,6,30,3,4,6,0,0,0,1,1,2,6,0,1,1,E01007283,02-11-2018,1,1,1,2,78,11,3,0,0,0,0,-1,9,3
34316,77.09751376,28.69807203,5,2,2,1,7,17:15,95,E08000015,6,0,6,30,3,4,6,0,0,0,4,2,2,0,0,1,1,E01007151,12-11-2018,2,1,1,1,37,7,3,0,0,0,0,-1,5,1
34317,77.09800198,28.72686609,5,3,2,1,5,17:00,95,E08000015,6,0,6,30,0,-1,-1,0,0,0,4,1,1,0,0,1,1,E01007193,17-11-2018,1,1,3,1,35,6,3,9,5,0,0,-1,0,1
34318,77.16092992,28.68172882,5,2,1,3,1,15:20,95,E08000015,4,5151,6,60,0,-1,-1,0,0,0,1,1,2,0,0,2,1,E01007144,20-11-2018,2,1,1,2,29,6,3,0,0,0,0,-1,9,3
34319,77.2554415,28.58964774,5,2,2,1,1,12:20,95,E08000015,6,0,6,30,8,4,6,0,0,0,1,1,1,0,0,1,1,E01007193,30-10-2018,2,1,2,2,49,8,3,0,0,1,0,-1,9,1
34320,77.16763083,28.56057551,5,3,1,1,3,22:15,95,E08000015,3,551,6,30,9,4,3,551,0,0,4,2,2,0,0,1,1,E01007297,08-11-2018,1,1,3,1,39,7,2,5,3,0,0,-1,0,-1
34321,77.10317791,28.54754943,5,3,2,2,4,16:00,95,E08000015,4,5148,6,30,6,4,6,0,0,4,1,1,1,0,0,1,2,E01007179,16-11-2018,1,1,1,1,29,6,3,0,0,0,0,-1,3,-1
34322,77.28285042,28.6786675,5,3,2,2,1,08:20,95,E08000015,4,5138,6,30,3,4,6,0,0,0,1,1,1,0,0,1,1,E01007279,13-11-2018,2,1,1,2,33,6,3,0,0,0,0,-1,9,1
34323,77.25472342,28.70154658,5,3,2,2,6,20:00,95,E08000015,6,0,6,30,6,4,6,0,0,0,4,1,1,0,0,1,1,E01007155,18-11-2018,2,1,1,1,33,6,3,0,0,0,0,-1,1,1
34324,77.18456422,28.55879194,5,3,2,2,1,14:30,95,E08000015,3,41,3,40,6,2,6,0,0,0,1,8,2,0,0,2,1,E01007142,13-11-2018,2,1,1,1,34,6,3,0,0,0,0,-1,3,1
34325,77.08138149,28.69912249,5,3,2,1,4,08:30,95,E08000015,3,41,1,30,1,4,3,41,0,1,1,9,1,0,0,1,2,E01007140,09-11-2018,2,1,2,2,1,1,3,0,0,1,0,-1,9,1
34326,77.18366635,28.59823579,5,3,1,1,1,18:01,95,E08000015,4,5143,6,30,3,4,6,0,0,0,4,1,1,0,0,1,1,E01007233,13-11-2018,1,1,3,2,17,4,3,9,5,0,0,-1,0,1
34327,77.10556155,28.67532604,5,3,1,1,4,10:34,95,E08000015,4,5149,6,30,3,4,6,0,0,0,1,1,1,0,0,1,1,E01007178,23-11-2018,1,1,2,1,17,4,2,0,0,2,0,-1,9,3
34328,77.34305659,28.57209419,5,3,1,2,5,09:05,95,E08000015,6,0,6,30,3,4,6,0,0,0,1,1,1,0,0,1,1,E01007169,17-11-2018,1,2,2,1,17,4,3,0,0,1,0,-1,9,3
34329,77.24415373,28.72183045,5,3,2,1,7,16:20,95,E08000015,4,5138,6,30,0,-1,-1,0,0,0,4,8,2,0,0,1,1,E01007183,19-11-2018,1,1,1,1,58,9,3,0,0,0,0,-1,9,2
34330,77.18921104,28.59068776,5,1,1,2,5,19:53,95,E08000015,6,0,6,30,3,4,6,0,0,0,4,2,2,0,0,1,1,E01007285,24-11-2018,1,1,1,1,35,6,3,0,0,0,0,-1,11,-1
34331,77.19387112,28.71189285,5,3,1,1,6,16:55,95,E08000015,6,0,6,30,0,-1,-1,0,0,0,4,8,4,0,0,1,1,E01007205,18-11-2018,2,1,2,2,40,7,3,0,0,1,0,-1,9,1
34332,77.25767378,28.71687529,5,3,2,1,1,11:00,95,E08000015,4,5137,6,30,0,-1,-1,0,0,0,1,8,2,0,7,2,2,E01007144,20-11-2018,1,1,1,1,64,9,3,0,0,0,0,-1,9,3
34333,77.30787865,28.681858,5,1,2,3,3,18:10,95,E08000015,6,0,6,30,0,-1,-1,0,0,0,4,1,1,0,0,1,1,E01007237,01-11-2018,2,2,2,2,50,8,3,0,0,1,0,-1,9,2
34334,77.23180192,28.61681153,5,3,1,1,2,10:30,95,E08000015,6,0,6,30,8,4,4,5138,0,0,1,1,1,0,0,1,2,E01007184,21-11-2018,2,3,2,2,23,5,3,0,0,2,0,-1,9,2
34335,77.37083659,28.6176021,5,3,2,1,3,18:05,95,E08000015,3,552,1,30,1,4,6,0,0,0,4,1,1,0,0,2,2,E01007304,22-11-2018,2,1,1,1,32,6,3,0,0,0,0,-1,5,1
34336,77.12129245,28.71292825,5,3,2,5,4,19:09,95,E08000015,1,53,3,70,0,-1,-1,0,0,0,4,1,1,0,0,2,1,E01007169,23-11-2018,1,1,1,1,49,8,3,0,0,0,0,-1,9,1
34337,77.143938,28.68721976,5,2,2,2,3,17:30,95,E08000015,3,552,6,30,9,2,6,0,0,4,1,1,1,0,0,1,2,E01007245,22-11-2018,2,2,1,1,62,9,3,0,0,0,0,-1,8,3
34338,77.11368506,28.69360257,5,3,2,1,4,13:50,95,E08000015,6,0,6,30,0,-1,-1,0,0,0,1,1,1,0,0,1,1,E01007118,23-11-2018,2,3,2,1,41,7,3,0,0,1,0,-1,8,2
34339,77.13943029,28.59586282,5,3,3,1,5,10:00,95,E08000015,3,5088,6,30,6,2,4,5145,0,5,1,1,4,6,0,1,1,E01007213,17-11-2018,2,1,1,1,44,7,3,0,0,0,0,-1,9,1
34340,77.13240753,28.62120745,5,3,3,1,3,12:50,95,E08000015,3,41,3,40,3,2,6,0,0,0,1,1,1,0,0,1,1,E01007135,15-11-2018,1,1,1,1,54,8,2,0,0,0,0,-1,5,1
34341,77.17480091,28.56393196,5,3,1,1,6,16:30,95,E08000015,6,0,6,30,0,-1,-1,0,0,8,4,1,1,0,0,1,1,E01007288,25-11-2018,2,1,1,2,33,6,3,0,0,0,0,-1,9,3
34342,77.07345966,28.68285759,5,3,2,1,6,07:45,95,E08000015,3,551,6,30,3,4,6,0,0,0,1,1,1,0,0,2,1,E01007227,25-11-2018,2,2,2,2,35,6,3,0,0,1,0,-1,9,1
34343,77.21350157,28.71025829,5,2,1,1,4,17:30,95,E08000015,6,0,6,30,3,4,6,0,0,0,4,1,1,0,0,1,1,E01007205,16-11-2018,1,1,1,1,21,5,3,0,0,0,0,-1,9,1
34344,77.21726094,28.55958305,5,3,2,1,2,22:35,95,E08000015,6,0,1,30,1,4,6,0,0,0,4,1,1,0,0,1,2,E01007314,28-11-2018,1,2,2,2,21,5,3,0,0,1,0,-1,9,-1
34345,77.26541796,28.66855423,5,2,4,2,7,01:13,95,E08000015,6,0,6,30,6,4,6,0,0,0,4,2,2,0,0,1,1,E01007180,03-12-2018,1,1,2,2,17,4,3,0,0,2,0,-1,9,-1
34346,77.30046408,28.5510206,5,1,2,1,1,17:15,95,E08000015,6,0,6,60,0,-1,-1,0,0,0,6,1,2,0,0,2,1,E01007110,04-12-2018,1,1,1,1,24,5,3,0,0,0,0,-1,9,1
34347,77.15795927,28.56446836,5,3,1,1,2,07:57,95,E08000015,3,553,6,30,9,4,6,0,0,0,1,1,1,0,0,1,1,E01007199,28-11-2018,1,1,3,2,36,7,3,5,1,0,0,-1,0,1
34348,77.06856144,28.56226908,5,3,5,1,2,15:54,95,E08000015,3,551,6,30,0,-1,-1,0,0,0,1,1,1,0,0,1,1,E01007302,28-11-2018,2,1,1,2,51,8,3,0,0,0,0,-1,9,3
34349,77.22819949,28.62263151,5,3,2,1,5,17:20,95,E08000015,3,551,6,30,3,4,3,551,0,0,4,1,1,0,0,1,1,E01007214,01-12-2018,1,1,1,2,33,6,3,0,0,0,0,-1,9,1
34350,77.32833096,28.66514083,5,3,2,1,2,08:00,95,E08000015,4,5151,6,30,0,-1,-1,0,0,0,1,1,2,0,0,2,1,E01007144,28-11-2018,1,1,1,1,31,6,2,0,0,0,0,-1,9,3
34351,77.36753899,28.56757574,5,3,2,1,3,17:30,95,E08000015,3,552,7,30,0,-1,-1,0,0,0,1,1,2,0,0,2,2,E01007251,29-11-2018,1,1,1,1,35,6,3,0,0,0,0,-1,9,1
34352,77.26855221,28.60248456,5,3,2,1,7,21:10,95,E08000015,6,0,6,30,3,4,6,0,0,4,4,1,1,0,0,1,1,E01007129,26-11-2018,1,2,2,2,31,6,3,0,0,1,0,-1,9,1
34353,77.25368055,28.67600154,5,3,1,1,3,15:00,95,E08000015,6,0,6,30,0,-1,-1,0,0,0,1,1,2,0,0,1,2,E01007195,22-11-2018,1,3,2,1,30,6,3,0,0,2,0,-1,9,1
34354,77.27494846,28.57088367,5,3,2,1,3,08:50,95,E08000015,4,5136,6,30,6,2,6,0,0,0,1,1,1,0,0,1,2,E01007290,29-11-2018,1,1,1,1,39,7,3,0,0,0,0,-1,9,1
34355,77.16180135,28.70863107,5,3,1,1,4,16:50,95,E08000015,6,0,6,30,3,4,6,0,0,0,4,1,2,0,0,1,1,E01007301,23-11-2018,3,1,1,2,55,8,3,0,0,0,0,-1,9,-1