Accident_Index,longitude,latitude,Police_Force,Accident_Severity,Number_of_Vehicles,Number_of_Casualties,Day_of_Week,Time,Local_Authority_(District),Local_Authority_(Highway),1st_Road_Class,1st_Road_Number,Road_Type,Speed_limit,Junction_Detail,Junction_Control,2nd_Road_Class,2nd_Road_Number,Pedestrian_Crossing-Human_Control,Pedestrian_Crossing-Physical_Facilities,Light_Conditions,Weather_Conditions,Road_Surface_Conditions,Special_Conditions_at_Site,Carriageway_Hazards,Urban_or_Rural_Area,Did_Police_Officer_Attend_Scene_of_Accident,LSOA_of_Accident_Location,Date,Vehicle_Reference,Casualty_Reference,Casualty_Class,Sex_of_Casualty,Age_of_Casualty,Age_Band_of_Casualty,Casualty_Severity,Pedestrian_Location,Pedestrian_Movement,Car_Passenger,Bus_or_Coach_Passenger,Pedestrian_Road_Maintenance_Worker,Casualty_Type,Casualty_Home_Area_Type
34477,77.07534046,28.69112274,5,3,2,1,7,19:10,95,E08000015,3,540,6,30,6,4,5,0,0,0,4,1,2,0,0,1,1,E01007189,22-01-2018,2,1,1,2,57,9,2,0,0,0,0,-1,16,2
34478,77.36409051,28.5966516,5,3,4,3,5,08:50,95,E08000015,1,53,3,70,0,-1,-1,0,0,0,1,5,2,0,0,2,1,E01007144,20-01-2018,2,1,1,1,28,6,3,0,0,0,0,-1,1,1
34479,77.11160159,28.66925548,5,3,2,2,1,08:55,95,E08000015,3,540,6,30,3,4,6,0,0,0,1,1,1,0,2,1,1,E01007189,23-01-2018,1,1,1,2,62,9,3,0,0,0,0,-1,9,2
34480,77.25823902,28.53923758,5,3,2,1,3,08:00,95,E08000015,3,5137,6,30,3,4,6,0,0,0,1,1,2,0,0,2,1,E01007210,18-01-2018,2,2,1,2,65,9,3,0,0,0,0,-1,9,-1
34481,77.31160976,28.55885311,5,3,1,1,3,13:15,95,E08000015,3,5139,6,30,0,-1,-1,0,0,0,1,2,2,0,0,1,1,E01007269,18-01-2018,2,1,1,2,33,6,3,0,0,0,0,-1,1,2
34482,77.24408722,28.59263917,5,2,1,1,3,23:40,95,E08000015,5,0,6,60,0,-1,-1,0,0,0,6,5,2,0,0,2,1,E01007144,18-01-2018,1,1,1,2,20,4,3,0,0,0,0,-1,9,1
34483,77.25878133,28.54732754,5,3,2,2,2,12:15,95,E08000015,3,5027,1,30,1,4,3,551,0,0,1,1,1,0,0,1,1,E01007302,24-01-2018,2,2,1,2,35,6,3,0,0,0,0,-1,9,1
34484,77.20073369,28.67502308,5,3,2,5,1,11:00,95,E08000015,3,551,3,40,3,4,3,551,0,0,1,1,1,0,0,1,1,E01007203,23-01-2018,1,1,1,1,17,4,3,0,0,0,0,-1,9,3
34485,77.18570132,28.68924599,5,3,2,1,2,08:15,95,E08000015,3,5137,6,60,0,-1,-1,0,0,0,1,9,1,0,0,2,2,E01007144,17-01-2018,2,2,1,1,39,7,3,0,0,0,0,-1,9,2
34486,77.15462032,28.68428681,5,3,2,1,4,08:10,95,E08000015,3,552,3,30,6,2,4,5148,0,0,1,4,1,0,0,1,2,E01007129,19-01-2018,2,3,2,2,46,8,3,0,0,1,0,-1,9,2
34487,77.15320327,28.59957811,5,3,1,1,5,21:28,95,E08000015,6,0,6,30,3,4,5,0,0,0,4,1,1,0,0,1,1,E01007180,27-01-2018,2,4,2,1,10,2,3,0,0,2,0,-1,9,2
34488,77.10733443,28.5729908,5,3,1,2,2,17:50,95,E08000015,4,5149,6,30,3,4,6,0,0,4,4,1,1,0,0,1,1,E01007115,24-01-2018,2,5,2,2,13,3,3,0,0,2,0,-1,9,2
34489,77.27177642,28.65261327,5,2,2,2,5,16:15,95,E08000015,6,0,6,30,3,4,6,0,0,8,1,1,1,0,0,1,1,E01007306,27-01-2018,2,1,1,2,39,7,3,0,0,0,0,-1,1,1
34490,77.11495967,28.72044662,5,3,3,1,7,21:10,95,E08000015,3,552,3,40,0,-1,-1,0,0,0,4,1,1,0,0,2,1,E01007255,29-01-2018,1,2,2,2,46,8,3,0,0,2,3,-1,11,1
34491,77.30099292,28.72496678,5,2,1,1,4,19:45,95,E08000015,6,0,6,30,6,2,6,0,0,5,4,1,2,0,0,1,1,E01007177,26-01-2018,2,1,2,2,12,3,3,0,0,1,0,-1,9,1
34492,77.33605611,28.61897818,5,3,3,1,3,18:50,95,E08000015,5,0,6,30,3,4,5,0,0,0,4,1,1,0,0,1,1,E01007155,25-01-2018,2,1,1,1,16,4,3,0,0,0,0,-1,2,1
34493,77.14541929,28.70555599,5,3,2,1,2,18:15,95,E08000015,3,41,1,30,1,4,6,0,0,0,4,1,1,0,0,1,1,E01007295,24-01-2018,1,1,3,1,12,3,3,10,9,0,0,-1,0,1
34494,77.28824956,28.58691381,5,3,2,3,5,18:50,95,E08000015,5,0,6,30,0,-1,-1,0,0,0,4,1,2,0,0,1,2,E01007128,20-01-2018,1,1,3,1,17,4,2,9,5,0,0,-1,0,3
34495,77.25343096,28.5958369,5,3,2,1,6,10:45,95,E08000015,3,551,3,30,3,4,3,551,0,0,1,1,4,0,0,1,1,E01007203,28-01-2018,1,1,3,2,51,8,2,10,9,0,0,-1,0,3
34496,77.31646584,28.55317948,5,3,3,1,2,10:28,95,E08000015,3,41,6,40,3,4,6,0,0,0,1,2,2,0,0,1,1,E01007164,31-01-2018,2,1,1,1,50,8,3,0,0,0,0,-1,19,1
34497,77.3464223,28.57328391,5,3,3,1,5,03:00,95,E08000015,3,554,6,30,0,-1,-1,0,0,0,4,1,2,0,0,1,1,E01007215,20-01-2018,1,1,1,1,30,6,3,0,0,0,0,-1,4,-1
34498,77.35607729,28.62364058,5,2,1,1,3,15:34,95,E08000015,6,0,6,30,0,-1,-1,0,0,0,1,1,2,0,0,1,1,E01007236,25-01-2018,2,2,1,2,32,6,3,0,0,0,0,-1,9,1
34499,77.27790498,28.70975366,5,2,1,1,7,19:10,95,E08000015,5,0,6,60,0,-1,-1,0,0,0,6,2,2,0,0,2,1,E01007183,29-01-2018,1,1,3,2,39,7,3,5,9,0,0,-1,0,3
34500,77.05849949,28.57885423,5,3,3,2,7,14:10,95,E08000015,3,551,6,30,7,4,6,0,0,0,1,1,1,0,0,1,1,E01007211,29-01-2018,2,1,2,1,11,3,3,0,0,2,0,-1,9,3
34501,77.31054206,28.62190881,5,2,1,1,1,02:05,95,E08000015,4,5147,1,30,1,4,3,552,0,4,4,1,2,0,0,1,1,E01007291,30-01-2018,2,1,1,1,60,9,2,0,0,0,0,-1,1,1
34502,77.15425002,28.55558917,5,3,1,2,3,01:50,95,E08000015,4,5149,6,30,5,4,5,0,0,0,4,1,1,0,0,1,1,E01007178,01-02-2018,1,1,1,1,23,5,3,0,0,0,0,-1,9,1
34503,77.19866208,28.69836766,5,3,1,1,3,17:20,95,E08000015,5,0,6,30,3,4,6,0,0,0,4,1,1,0,0,1,2,E01007128,01-02-2018,1,1,3,1,39,7,2,5,1,0,0,-1,0,2
34504,77.21504206,28.61888029,5,3,2,1,3,06:45,95,E08000015,6,0,6,30,3,4,5,0,0,0,4,1,2,0,0,1,2,E01007267,01-02-2018,2,1,1,1,16,4,3,0,0,0,0,-1,2,3
34505,77.364207,28.53901856,5,3,2,1,6,11:45,95,E08000015,5,0,6,30,3,2,6,0,0,0,1,1,1,4,0,1,1,E01007224,21-01-2018,1,1,3,1,83,11,1,5,1,0,0,-1,0,1
34506,77.17468478,28.59543773,5,3,2,2,7,13:12,95,E08000015,3,5029,7,30,5,2,5,0,0,4,1,8,2,0,0,1,1,E01007128,05-02-2018,2,1,1,1,27,6,3,0,0,0,0,-1,9,1
34507,77.16867222,28.68084352,5,3,2,1,6,10:15,95,E08000015,3,41,3,30,6,4,4,5137,0,0,1,1,1,0,0,1,1,E01007135,04-02-2018,2,1,2,1,16,4,3,0,0,0,4,-1,11,3
34508,77.17637517,28.5734837,5,3,2,1,2,16:25,95,E08000015,4,5149,6,30,0,-1,-1,0,0,4,1,1,2,0,0,1,1,E01007112,31-01-2018,1,1,1,1,74,10,3,0,0,0,0,-1,9,1
34509,77.29830167,28.61842299,5,3,2,1,1,15:10,95,E08000015,3,5137,6,60,0,-1,-1,0,0,0,1,1,2,0,0,2,1,E01007144,30-01-2018,1,1,1,1,18,4,3,0,0,0,0,-1,9,3
34510,77.15174088,28.60935089,5,2,2,2,7,22:45,95,E08000015,3,540,6,30,0,-1,-1,0,0,0,1,1,1,0,0,1,1,E01007196,05-02-2018,1,3,2,1,17,4,3,0,0,1,0,-1,9,-1
34511,77.14266484,28.65529263,5,3,2,2,3,09:00,95,E08000015,6,0,6,30,0,-1,-1,0,0,0,1,1,2,0,0,1,1,E01007216,01-02-2018,1,4,2,2,17,4,3,0,0,2,0,-1,9,-1
34512,77.16616737,28.64374049,5,3,2,1,7,09:51,95,E08000015,4,5151,6,30,6,2,5,0,0,5,1,2,2,0,0,1,1,E01007248,05-02-2018,2,2,1,2,61,9,3,0,0,0,0,-1,9,3
34513,77.32784462,28.72306559,5,3,1,1,1,11:10,95,E08000015,3,552,6,30,0,-1,-1,0,0,4,1,1,2,0,0,1,1,E01007248,30-01-2018,1,1,1,2,93,11,3,0,0,0,0,-1,9,2
34514,77.31130888,28.61091987,5,2,1,1,7,00:50,95,E08000015,5,0,6,60,0,-1,-1,0,0,0,6,1,2,0,0,2,1,E01007258,05-02-2018,2,2,1,1,31,6,3,0,0,0,0,-1,9,-1
34515,77.08981619,28.56379656,5,2,2,1,5,17:16,95,E08000015,1,53,3,50,0,-1,-1,0,0,0,4,1,2,0,0,2,1,E01007124,03-02-2018,2,3,2,2,35,6,3,0,0,1,0,-1,9,1
34516,77.33282775,28.60447126,5,2,2,1,5,09:00,95,E08000015,3,552,3,30,0,-1,-1,0,0,5,1,1,1,0,0,1,2,E01007239,27-01-2018,1,1,1,1,45,7,3,0,0,0,0,-1,9,2
34517,77.12768742,28.55954653,5,3,1,2,3,08:15,95,E08000015,5,0,6,60,0,-1,-1,0,0,0,1,1,2,0,0,2,1,E01007110,01-02-2018,3,2,1,1,45,7,3,0,0,0,0,-1,9,2
34518,77.14375545,28.64167354,5,3,2,1,6,09:40,95,E08000015,3,41,1,40,1,2,1,53,0,0,1,1,1,0,0,2,1,E01007169,04-02-2018,1,1,3,1,51,8,3,6,8,0,0,-1,0,3
34519,77.32221334,28.55389406,5,2,1,1,5,11:50,95,E08000015,3,551,6,30,0,-1,-1,0,0,0,1,1,1,0,0,1,1,E01007251,03-02-2018,2,1,1,1,22,5,2,0,0,0,0,-1,4,-1
34520,77.11675081,28.60967709,5,2,1,1,6,15:45,95,E08000015,6,0,6,30,0,-1,-1,0,0,0,1,1,1,0,0,1,1,E01007204,28-01-2018,2,1,1,2,44,7,3,0,0,0,0,-1,9,1
34521,77.24837334,28.69960997,5,3,2,3,2,13:00,95,E08000015,4,5149,6,30,3,2,4,5148,0,0,1,1,1,0,0,1,1,E01007111,07-02-2018,1,1,3,2,21,5,2,1,1,0,0,-1,0,1
34522,77.13044461,28.55084697,5,3,2,2,2,14:30,95,E08000015,3,552,7,30,1,4,1,53,0,0,1,1,1,0,0,2,2,E01007304,24-01-2018,1,1,3,2,13,3,3,5,3,0,0,-1,0,1
34523,77.19806725,28.59927068,5,3,1,1,6,01:19,95,E08000015,4,5139,6,30,0,-1,-1,0,0,0,6,1,2,7,0,2,1,E01007268,04-02-2018,1,1,3,1,75,10,2,10,1,0,0,-1,0,-1
34524,77.23703509,28.59862969,5,3,1,2,1,19:10,95,E08000015,3,553,6,30,1,4,3,551,0,4,4,1,1,0,0,1,2,E01007227,06-02-2018,1,1,1,2,19,4,3,0,0,0,0,-1,9,1
34525,77.07080018,28.61043717,5,3,2,2,1,13:25,95,E08000015,4,5151,6,60,0,-1,-1,0,0,0,1,1,2,0,0,2,1,E01007144,06-02-2018,1,3,2,2,39,7,3,0,0,1,0,-1,9,-1
34526,77.21947469,28.61388126,5,3,2,1,5,16:45,95,E08000015,3,551,6,30,0,-1,-1,0,0,0,1,1,1,0,0,1,1,E01007214,10-02-2018,1,4,2,1,22,5,3,0,0,2,0,-1,9,-1
34527,77.13241669,28.7044052,5,3,1,1,7,18:20,95,E08000015,4,5136,6,30,9,4,6,0,0,4,4,8,2,0,0,1,2,E01007141,12-02-2018,2,2,1,1,19,4,3,0,0,0,0,-1,9,1
34528,77.31757818,28.5330457,5,3,2,1,1,10:10,95,E08000015,3,553,6,30,0,-1,-1,0,0,0,1,1,1,0,0,1,2,E01007206,16-01-2018,1,1,3,1,41,7,2,9,8,0,0,-1,0,2
34529,77.34295067,28.60596271,5,3,2,1,5,10:15,95,E08000015,3,5027,1,30,1,4,4,5139,0,0,1,1,2,0,0,1,1,E01007302,10-02-2018,1,1,1,1,47,8,2,0,0,0,0,-1,9,2
34530,77.14233135,28.6515618,5,3,2,4,5,16:05,95,E08000015,3,5027,6,30,3,4,6,0,0,4,1,1,1,0,0,1,1,E01007134,10-02-2018,2,1,1,1,48,8,3,0,0,0,0,-1,1,3
34531,77.2603419,28.5789294,5,3,1,4,7,01:50,95,E08000015,5,0,6,30,0,-1,-1,0,0,0,7,5,2,0,0,2,1,E01007124,12-02-2018,2,1,1,1,47,8,3,0,0,0,0,-1,9,1
34532,77.07361085,28.70731685,5,3,2,1,6,17:30,95,E08000015,1,53,1,30,1,3,3,552,0,0,1,2,2,0,0,2,2,E01007247,11-02-2018,2,4,2,1,15,3,3,0,0,1,0,-1,9,1
34533,77.33206629,28.72685683,5,3,2,1,6,10:45,95,E08000015,3,540,6,30,0,-1,-1,0,0,4,1,1,1,0,0,1,2,E01007198,01-04-2018,3,2,1,1,59,9,1,0,0,0,0,-1,9,-1
34534,77.32498226,28.56233995,5,1,3,7,6,23:50,95,E08000015,3,540,6,50,3,4,6,0,0,0,4,5,2,0,0,2,1,E01007284,11-02-2018,3,3,2,2,46,8,3,0,0,1,0,-1,9,-1
34535,77.26532875,28.60505829,5,2,2,5,1,12:05,95,E08000015,4,5139,1,30,1,4,5,0,0,0,1,4,2,0,0,1,1,E01007268,13-02-2018,1,1,1,1,26,6,3,0,0,0,0,-1,9,3
34536,77.23671371,28.66509678,5,2,2,1,4,14:50,95,E08000015,3,552,6,30,0,-1,-1,0,0,0,1,1,1,0,0,1,1,E01007244,09-02-2018,1,1,3,1,47,8,3,6,9,0,0,-1,0,1
34537,77.13187993,28.59787596,5,3,1,1,4,17:00,95,E08000015,6,0,6,30,0,-1,-1,0,0,0,1,1,1,0,0,1,2,E01007296,16-02-2018,2,1,2,1,17,4,3,0,0,1,0,-1,9,1
34538,77.25843565,28.5809134,5,3,2,2,6,18:45,95,E08000015,3,5088,3,30,6,2,4,5145,0,5,4,1,1,0,0,1,1,E01007270,04-02-2018,2,2,2,2,11,3,3,0,0,2,0,-1,9,1
34539,77.28331193,28.64067283,5,2,2,1,5,16:40,95,E08000015,3,553,6,30,3,4,6,0,0,0,1,1,1,0,0,1,1,E01007200,17-02-2018,1,1,1,2,19,4,3,0,0,0,0,-1,9,3
34540,77.35323742,28.56833803,5,3,4,2,6,18:35,95,E08000015,4,5477,6,30,3,4,6,0,0,0,4,2,2,0,0,1,1,E01007313,11-02-2018,1,1,3,2,14,3,3,8,1,0,0,-1,0,1
34541,77.19535234,28.60464621,5,3,3,1,6,22:30,95,E08000015,1,53,7,70,0,-1,-1,0,0,0,4,2,2,0,3,2,1,E01007305,11-02-2018,2,1,1,2,45,7,3,0,0,0,0,-1,9,3
34542,77.09618723,28.57000447,5,3,1,1,3,17:21,95,E08000015,3,5029,6,30,0,-1,-1,0,0,4,1,1,1,0,0,1,1,E01007128,15-02-2018,1,1,1,2,22,5,3,0,0,0,0,-1,9,1
34543,77.09189769,28.67843617,5,2,1,1,5,18:29,95,E08000015,3,553,6,30,3,4,6,0,0,4,4,1,1,4,0,1,1,E01007122,17-02-2018,2,1,1,2,45,7,3,0,0,0,0,-1,9,2
34544,77.07337928,28.66456599,5,3,2,1,4,08:20,95,E08000015,5,0,6,30,3,4,3,553,0,0,1,1,1,0,0,1,1,E01007121,16-02-2018,1,1,1,1,22,5,3,0,0,0,0,-1,9,3
34545,77.07785199,28.72205883,5,2,1,1,2,14:30,95,E08000015,5,0,6,30,0,-1,-1,0,0,0,1,1,1,0,0,1,1,E01007133,07-02-2018,2,1,1,2,65,9,3,0,0,0,0,-1,9,1
34546,77.31083753,28.7076268,5,3,2,2,5,13:45,95,E08000015,3,554,6,30,3,2,6,0,0,5,1,1,1,0,0,1,1,E01007126,17-02-2018,1,1,2,1,91,11,3,0,0,1,0,-1,9,1
34547,77.24658197,28.58814384,5,2,2,1,5,08:50,95,E08000015,6,0,6,30,3,4,3,554,0,0,1,1,2,0,0,1,1,E01007234,17-02-2018,1,1,3,1,9,2,3,5,4,0,0,-1,0,2
34548,77.15514788,28.66073252,5,3,2,1,3,11:20,95,E08000015,4,5138,6,30,3,4,6,0,0,0,1,1,1,0,0,1,1,E01007287,15-02-2018,1,1,3,2,45,7,3,9,6,0,0,-1,0,1
34549,77.2345981,28.57535887,5,3,3,2,6,17:30,95,E08000015,5,0,6,30,0,-1,-1,0,0,0,6,2,2,0,0,1,1,E01007164,11-02-2018,1,2,2,1,19,4,3,0,0,1,0,-1,9,-1
34550,77.11272896,28.66725861,5,3,1,1,6,19:30,95,E08000015,4,5149,6,30,9,4,6,0,0,0,4,9,1,0,0,1,2,E01007178,18-02-2018,2,1,1,1,65,9,3,0,0,0,0,-1,9,1
34551,77.36001741,28.6315312,5,2,2,1,4,14:00,95,E08000015,3,552,1,40,1,4,1,53,0,0,1,1,1,0,0,2,1,E01007304,16-02-2018,2,1,1,1,59,9,3,0,0,0,0,-1,9,3
34552,77.36271453,28.64681827,5,2,1,1,7,12:35,95,E08000015,5,0,6,30,3,4,6,0,0,0,1,1,1,0,0,1,1,E01007128,19-02-2018,1,1,3,1,7,2,3,1,1,0,0,-1,0,1
34553,77.08665782,28.62703107,5,3,1,1,6,20:15,95,E08000015,5,0,6,30,6,2,5,0,0,0,7,9,1,0,0,1,2,E01007171,18-02-2018,1,1,1,1,20,4,3,0,0,0,0,-1,9,3
34554,77.16985211,28.65704351,5,3,2,1,3,22:40,95,E08000015,5,0,1,30,1,4,3,5088,0,0,4,1,2,0,0,1,1,E01007122,22-02-2018,1,2,2,1,22,5,3,0,0,1,0,-1,9,-1
34555,77.28826837,28.62237957,5,2,1,1,2,01:40,95,E08000015,3,5139,6,30,0,-1,-1,0,0,0,4,1,2,0,0,1,1,E01007269,14-02-2018,1,3,2,1,21,5,3,0,0,2,0,-1,9,-1
34556,77.25767494,28.63529596,5,3,2,2,6,15:45,95,E08000015,5,0,6,30,6,2,5,0,0,0,1,8,2,0,0,1,2,E01007239,14-01-2018,2,1,1,2,28,6,3,0,0,0,0,-1,9,3
34557,77.20993312,28.62025477,5,3,2,1,4,07:20,95,E08000015,4,5145,6,30,0,-1,-1,0,0,0,1,1,4,4,0,1,2,E01007271,23-02-2018,1,2,2,1,30,6,3,0,0,1,0,-1,9,-1
34558,77.19819914,28.5414263,5,3,2,2,4,16:35,95,E08000015,4,5148,6,30,6,2,3,552,0,5,1,1,1,0,0,1,1,E01007129,23-02-2018,2,1,1,1,79,11,3,0,0,0,0,-1,9,3
34559,77.22504419,28.68883986,5,3,2,3,2,21:30,95,E08000015,3,5058,6,30,6,2,3,5027,0,5,4,1,2,0,0,1,1,E01007214,21-02-2018,1,1,1,1,40,7,3,0,0,0,0,-1,5,1
34560,77.10733331,28.56777337,5,3,1,3,4,09:55,95,E08000015,6,0,6,30,3,4,3,554,0,0,1,1,2,5,0,1,1,E01007215,23-02-2018,2,1,1,1,16,4,3,0,0,0,0,-1,2,1
34561,77.32308127,28.54808797,5,1,1,1,6,19:15,95,E08000015,1,53,3,70,0,-1,-1,0,0,0,6,1,1,0,0,2,1,E01007304,25-02-2018,1,1,1,1,26,6,3,0,0,0,0,-1,9,-1
34562,77.2802081,28.58031047,5,3,1,1,4,09:00,95,E08000015,4,5148,6,30,0,-1,-1,0,0,1,1,9,1,0,0,1,2,E01007180,23-02-2018,2,2,1,1,22,5,3,0,0,0,0,-1,9,3
34563,77.30026149,28.66868652,5,3,2,4,4,18:50,95,E08000015,5,0,6,30,6,2,5,0,0,5,1,1,1,0,0,1,1,E01007180,23-02-2018,2,3,2,2,24,5,3,0,0,2,0,-1,9,-1
34564,77.194636,28.60909897,5,3,2,2,4,06:45,95,E08000015,3,41,1,30,1,4,3,41,0,0,4,1,2,0,0,1,1,E01007295,02-02-2018,2,1,2,1,73,10,3,0,0,0,4,-1,11,1
34565,77.13561863,28.61113713,5,1,1,1,1,14:20,95,E08000015,4,5151,6,60,0,-1,-1,0,0,0,1,1,1,0,0,2,1,E01007144,27-02-2018,2,1,2,2,6,2,3,0,0,2,0,-1,9,2
34566,77.28763499,28.669522,5,3,3,2,6,17:00,95,E08000015,5,0,6,30,0,-1,-1,0,0,0,1,1,1,0,0,1,1,E01007149,25-02-2018,2,2,2,2,6,2,3,0,0,2,0,-1,9,2
34567,77.135386,28.62051156,5,3,1,1,1,16:00,95,E08000015,5,0,6,30,8,4,6,0,0,0,1,1,1,0,0,1,2,E01007116,20-02-2018,1,1,1,2,19,4,3,0,0,0,0,-1,9,3
34568,77.0662904,28.5778526,5,3,2,3,1,20:35,95,E08000015,5,0,3,40,3,2,3,551,0,0,4,1,4,0,0,2,1,E01007255,27-02-2018,2,1,1,1,20,4,3,0,0,0,0,-1,9,1
34569,77.26864829,28.68421633,5,3,1,1,2,09:00,95,E08000015,3,5029,3,30,7,2,6,0,0,0,1,1,1,0,0,1,2,E01007128,28-02-2018,2,2,2,2,20,4,3,0,0,1,0,-1,9,3
34570,77.17273314,28.63523353,5,3,2,1,2,17:30,95,E08000015,3,553,6,30,1,4,3,551,0,4,1,1,1,0,0,1,2,E01007227,28-02-2018,1,1,1,1,29,6,3,0,0,0,0,-1,20,1
34571,77.06645057,28.67270055,5,3,2,1,5,08:30,95,E08000015,5,0,6,30,6,2,5,0,0,0,1,2,2,0,0,1,2,E01007171,24-02-2018,1,1,1,2,43,7,3,0,0,0,0,-1,9,2
34572,77.15841837,28.69465683,5,3,2,1,2,09:45,95,E08000015,3,41,6,30,1,4,4,5149,0,0,1,1,1,0,0,1,2,E01007291,14-02-2018,2,2,1,1,31,6,3,0,0,0,0,-1,90,1
34573,77.26861635,28.60302533,5,3,2,2,3,19:00,95,E08000015,5,0,6,30,1,4,6,0,0,0,4,1,2,0,0,1,1,E01007169,22-02-2018,1,1,1,1,75,10,3,0,0,0,0,-1,9,3
34574,77.19763567,28.65109056,5,3,2,2,2,15:50,95,E08000015,3,552,3,30,3,4,6,0,0,0,1,1,1,0,0,1,1,E01007243,21-02-2018,1,2,2,2,69,10,3,0,0,1,0,-1,9,3
34575,77.28553127,28.6531471,5,3,2,2,6,17:35,95,E08000015,3,551,6,30,3,3,5,0,0,0,1,1,1,0,0,1,1,E01007316,25-02-2018,2,1,1,1,21,5,3,0,0,0,0,-1,19,3
34576,77.22265442,28.5462529,5,3,2,3,5,19:35,95,E08000015,3,552,6,30,6,2,5,0,0,5,4,1,1,0,0,1,1,E01007252,24-02-2018,2,2,2,2,18,4,3,0,0,1,0,-1,19,3
34577,77.07362467,28.59922848,5,3,2,2,5,09:27,95,E08000015,3,5088,6,30,0,-1,-1,0,0,0,1,1,1,0,0,1,1,E01007121,24-02-2018,2,3,2,2,21,5,3,0,0,1,0,-1,19,3
34578,77.324578,28.5926922,5,3,2,1,6,18:00,95,E08000015,3,553,6,30,1,4,5,0,0,1,1,8,2,0,6,1,2,E01007193,25-02-2018,1,1,1,1,17,4,3,0,0,0,0,-1,9,2
34579,77.17585487,28.58580844,5,3,3,1,3,23:45,95,E08000015,4,5139,6,30,0,-1,-1,0,0,0,4,1,2,0,0,1,2,E01007258,22-02-2018,1,2,2,1,17,4,3,0,0,1,0,-1,9,2
34580,77.26217206,28.54677177,5,3,2,2,4,08:35,95,E08000015,4,5132,6,30,8,4,6,0,0,0,1,1,2,0,0,1,1,E01007169,02-03-2018,2,1,2,2,69,10,3,0,0,1,0,-1,9,-1
34581,77.21668961,28.60023452,5,2,1,2,6,21:10,95,E08000015,3,553,6,30,0,-1,-1,0,0,4,4,1,1,0,0,1,1,E01007227,04-03-2018,1,1,1,2,71,10,3,0,0,0,0,-1,9,-1
34582,77.22029336,28.58031591,5,2,2,1,3,18:40,95,E08000015,3,5027,6,30,3,4,6,0,0,0,4,1,1,0,0,1,1,E01007300,01-03-2018,1,1,1,1,18,4,3,0,0,0,0,-1,9,1
34583,77.05780839,28.60386625,5,2,2,1,7,14:30,95,E08000015,6,0,6,30,0,-1,-1,0,0,0,1,1,1,0,0,1,1,E01007204,26-02-2018,1,2,2,1,16,4,3,0,0,1,0,-1,9,-1
34584,77.07975986,28.72226254,5,3,2,3,2,19:40,95,E08000015,3,554,3,30,0,-1,-1,0,0,0,6,1,2,0,0,2,1,E01007308,28-02-2018,1,1,2,1,20,4,3,0,0,2,0,-1,9,-1
34585,77.25576698,28.58881219,5,3,2,2,4,09:30,95,E08000015,5,0,6,30,0,-1,-1,0,0,0,1,1,1,4,0,1,2,E01007246,02-03-2018,1,1,3,1,22,5,3,5,1,0,0,-1,0,-1
34586,77.36432929,28.59768453,5,3,2,1,7,12:54,95,E08000015,6,0,6,30,6,4,6,0,0,0,1,1,1,3,0,1,1,E01007235,26-02-2018,2,1,2,2,39,7,3,0,0,1,0,-1,9,-1
34587,77.26102785,28.54292317,5,3,2,3,5,08:26,95,E08000015,5,0,6,60,3,4,5,0,0,0,1,1,1,0,0,2,1,E01007110,03-03-2018,1,1,1,2,59,9,3,0,0,0,0,-1,9,2
34588,77.3135697,28.62788922,5,3,2,2,3,13:40,95,E08000015,3,5027,6,30,1,4,5,0,0,0,1,1,1,0,0,1,1,E01007119,15-02-2018,1,1,1,1,46,8,3,0,0,0,0,-1,9,-1
34589,77.16881539,28.7116556,5,3,1,1,7,11:20,95,E08000015,4,5141,6,30,3,4,4,5141,0,0,1,1,1,0,0,1,2,E01007198,26-02-2018,1,3,2,2,46,8,3,0,0,1,0,-1,9,-1
34590,77.17689683,28.5432073,5,3,2,1,4,07:25,95,E08000015,3,551,6,30,3,4,5,0,0,0,1,8,4,0,0,1,2,E01007188,02-03-2018,1,4,2,1,14,3,3,0,0,2,0,-1,9,-1
34591,77.19215913,28.66492974,5,3,2,2,1,13:15,95,E08000015,3,41,6,30,3,4,6,0,0,0,1,1,1,0,0,1,2,E01007126,06-03-2018,2,2,1,2,23,5,3,0,0,0,0,-1,9,2
34592,77.28774678,28.54402232,5,3,3,1,1,01:27,95,E08000015,3,554,3,40,1,4,3,554,0,0,4,1,4,0,0,2,1,E01007124,06-03-2018,1,1,1,2,19,4,3,0,0,0,0,-1,9,3
34593,77.16731123,28.68817803,5,3,1,1,2,15:30,95,E08000015,4,5145,6,30,0,-1,-1,0,0,0,1,1,1,0,0,1,1,E01007213,28-02-2018,2,2,1,2,37,7,3,0,0,0,0,-1,9,1
34594,77.13035464,28.55685561,5,3,2,1,6,19:00,95,E08000015,3,41,1,30,1,4,4,5149,0,0,1,1,1,0,0,1,1,E01007291,04-03-2018,2,3,2,1,35,6,3,0,0,1,0,-1,9,1
34595,77.1969814,28.68150625,5,2,1,1,2,15:40,95,E08000015,4,5145,6,30,0,-1,-1,0,0,4,1,1,1,0,0,1,1,E01007213,28-02-2018,1,1,2,2,16,4,3,0,0,2,0,-1,9,1
34596,77.32057411,28.56558592,5,3,1,2,6,11:40,95,E08000015,6,0,6,30,6,4,5,0,0,0,1,1,1,0,0,1,1,E01007126,04-03-2018,2,1,2,1,43,7,3,0,0,1,0,-1,9,1