Accident_Index,longitude,latitude,Police_Force,Accident_Severity,Number_of_Vehicles,Number_of_Casualties,Day_of_Week,Time,Local_Authority_(District),Local_Authority_(Highway),1st_Road_Class,1st_Road_Number,Road_Type,Speed_limit,Junction_Detail,Junction_Control,2nd_Road_Class,2nd_Road_Number,Pedestrian_Crossing-Human_Control,Pedestrian_Crossing-Physical_Facilities,Light_Conditions,Weather_Conditions,Road_Surface_Conditions,Special_Conditions_at_Site,Carriageway_Hazards,Urban_or_Rural_Area,Did_Police_Officer_Attend_Scene_of_Accident,LSOA_of_Accident_Location,Date,Vehicle_Reference,Casualty_Reference,Casualty_Class,Sex_of_Casualty,Age_of_Casualty,Age_Band_of_Casualty,Casualty_Severity,Pedestrian_Location,Pedestrian_Movement,Car_Passenger,Bus_or_Coach_Passenger,Pedestrian_Road_Maintenance_Worker,Casualty_Type,Casualty_Home_Area_Type
34597,77.08867309,28.6777686,5,3,3,1,1,19:10,95,E08000015,3,554,6,30,0,-1,-1,0,0,8,4,1,1,0,0,2,1,E01007223,06-03-2018,1,1,1,2,37,7,2,0,0,0,0,-1,9,3
34598,77.22656583,28.55121035,5,3,1,1,1,18:13,95,E08000015,3,551,6,30,3,4,6,0,0,0,4,1,1,0,0,1,1,E01007275,06-03-2018,1,2,2,2,18,4,3,0,0,1,0,-1,9,-1
34599,77.3146625,28.68237959,5,3,2,2,7,16:35,95,E08000015,3,552,3,30,6,2,3,5029,0,5,1,1,2,0,0,1,1,E01007129,05-03-2018,2,1,1,2,18,4,3,0,0,0,0,-1,9,3
34600,77.30737552,28.62777097,5,3,2,3,7,18:53,95,E08000015,5,0,6,30,3,4,6,0,0,0,4,1,2,0,0,1,1,E01007246,05-03-2018,2,1,1,1,46,8,3,0,0,0,0,-1,19,2
34601,77.32561274,28.70047108,5,3,1,1,2,13:50,95,E08000015,6,0,6,30,3,4,6,0,0,0,1,1,1,0,0,1,1,E01007240,07-03-2018,2,2,2,1,35,6,3,0,0,1,0,-1,19,3
34602,77.33253381,28.64851579,5,3,2,2,1,01:10,95,E08000015,3,41,6,30,3,4,6,0,0,0,4,9,1,0,0,1,2,E01007126,06-03-2018,2,1,1,1,32,6,3,0,0,0,0,-1,9,1
34603,77.27230879,28.60386258,5,3,2,1,6,16:00,95,E08000015,3,5027,1,30,1,4,3,551,0,8,1,1,1,0,0,1,2,E01007302,04-03-2018,2,1,1,1,27,6,3,0,0,0,0,-1,20,1
34604,77.18290012,28.70476372,5,3,2,1,3,10:00,95,E08000015,3,552,6,30,3,4,6,0,0,4,1,1,1,0,0,1,1,E01007244,08-03-2018,3,2,1,2,19,4,3,0,0,0,0,-1,9,1
34605,77.14401032,28.67942014,5,3,2,1,3,13:30,95,E08000015,5,0,6,30,6,4,6,0,0,0,1,1,1,0,0,1,2,E01007126,08-03-2018,1,1,1,2,41,7,3,0,0,0,0,-1,9,-1
34606,77.22061653,28.55725268,5,3,2,2,2,17:30,95,E08000015,4,5148,6,30,9,4,6,0,0,1,1,1,1,0,0,1,1,E01007294,07-03-2018,1,1,3,1,16,4,3,5,9,0,0,-1,0,1
34607,77.24892439,28.62525696,5,3,3,1,3,17:53,95,E08000015,4,5137,6,30,3,2,6,0,0,5,4,1,1,0,0,1,1,E01007135,08-03-2018,1,1,1,1,22,5,3,0,0,0,0,-1,9,1
34608,77.11935126,28.63063078,5,3,1,1,3,10:50,95,E08000015,6,0,6,30,3,2,6,0,0,4,1,1,1,0,0,1,2,E01007267,08-03-2018,1,1,3,1,35,6,3,1,3,0,0,-1,0,1
34609,77.34076284,28.69153963,5,3,2,1,6,18:00,95,E08000015,3,540,6,50,6,4,5,0,0,0,1,8,1,0,0,1,2,E01007182,04-03-2018,1,1,1,1,53,8,3,0,0,0,0,-1,9,3
34610,77.11752645,28.62974225,5,3,1,1,3,12:00,95,E08000015,6,0,6,30,3,4,3,551,0,0,1,1,1,0,0,1,2,E01007302,08-03-2018,1,1,1,1,35,6,3,0,0,0,0,-1,9,3
34611,77.16386222,28.62625088,5,2,1,1,7,01:45,95,E08000015,3,552,6,30,3,4,6,0,0,4,4,1,1,0,0,1,1,E01007179,12-03-2018,2,2,1,1,45,7,3,0,0,0,0,-1,9,3
34612,77.22164126,28.57250542,5,3,2,2,1,22:20,95,E08000015,5,0,6,30,8,4,6,0,0,0,4,1,1,0,0,1,1,E01007244,20-02-2018,2,1,1,1,63,9,3,0,0,0,0,-1,9,1
34613,77.27454955,28.56320362,5,3,2,3,6,14:15,95,E08000015,3,553,6,30,3,4,6,0,0,0,1,1,1,0,0,1,1,E01007122,25-02-2018,1,1,1,1,60,9,3,0,0,0,0,-1,9,2
34614,77.22110438,28.53255954,5,2,1,1,3,20:20,95,E08000015,3,5027,6,30,6,2,4,5145,0,0,4,1,1,0,0,1,1,E01007276,08-03-2018,1,3,2,2,61,9,3,0,0,1,0,-1,9,2
34615,77.35022497,28.69550567,5,3,2,2,5,09:40,95,E08000015,6,0,6,30,3,4,5,0,0,0,1,1,2,0,0,1,1,E01007269,10-03-2018,2,2,1,2,22,5,3,0,0,0,0,-1,9,3
34616,77.16770681,28.57929322,5,3,2,2,7,10:30,95,E08000015,3,552,3,30,7,2,6,0,0,0,1,1,1,0,0,1,2,E01007245,12-03-2018,2,1,1,2,43,7,3,0,0,0,0,-1,9,1
34617,77.09467465,28.62437404,5,3,1,1,6,23:15,95,E08000015,6,0,6,30,3,4,6,0,0,0,1,1,1,0,0,1,2,E01007127,11-03-2018,3,2,1,1,18,4,3,0,0,0,0,-1,9,1
34618,77.19327309,28.68259949,5,3,2,1,6,14:40,95,E08000015,3,552,6,30,0,-1,-1,0,0,0,1,1,1,0,0,1,2,E01007243,11-03-2018,2,1,1,2,25,5,3,0,0,0,0,-1,9,2
34619,77.31845771,28.71735384,5,3,2,1,7,15:40,95,E08000015,3,551,6,30,0,-1,-1,0,0,0,1,1,1,0,0,2,2,E01007183,12-03-2018,1,1,1,1,24,5,2,0,0,0,0,-1,9,1
34620,77.33195049,28.59996286,5,3,3,1,4,09:00,95,E08000015,6,0,6,30,3,4,6,0,0,0,1,1,1,0,0,3,1,,09-03-2018,2,1,1,1,11,3,3,0,0,0,0,-1,1,1
34621,77.34467603,28.56530465,5,3,2,1,4,08:20,95,E08000015,3,41,3,40,0,-1,-1,0,0,0,1,1,1,0,0,1,1,E01007164,09-03-2018,1,1,1,2,33,6,3,0,0,0,0,-1,9,2
34622,77.15339379,28.65683335,5,3,2,3,1,14:30,95,E08000015,3,5030,6,30,6,2,3,5029,0,5,1,1,1,0,0,1,1,E01007126,06-03-2018,1,1,1,2,41,7,3,0,0,0,0,-1,9,3
34623,77.12925076,28.63221417,5,3,2,2,4,12:00,95,E08000015,4,5172,6,30,9,4,6,0,0,0,1,1,1,0,0,1,2,E01007295,09-03-2018,1,2,2,2,66,10,2,0,0,1,0,-1,9,2
34624,77.23372297,28.56594182,5,3,2,3,4,15:55,95,E08000015,6,0,6,30,3,4,5,0,0,0,1,1,1,0,0,1,2,E01007158,09-03-2018,1,3,2,2,9,2,3,0,0,2,0,-1,9,3
34625,77.34887517,28.66058607,5,3,2,1,2,08:30,95,E08000015,6,0,6,30,0,-1,-1,0,0,0,1,1,1,0,0,1,2,E01007178,07-03-2018,2,1,1,1,20,4,3,0,0,0,0,-1,9,1
34626,77.27712542,28.5989695,5,3,2,1,5,16:15,95,E08000015,5,0,6,30,3,4,4,5139,0,8,1,1,1,0,0,1,2,E01007263,03-03-2018,1,1,1,1,35,6,3,0,0,0,0,-1,9,1
34627,77.2799941,28.67787606,5,3,3,2,3,19:30,95,E08000015,5,0,6,30,0,-1,-1,0,0,0,4,1,2,0,0,1,2,E01007294,15-03-2018,2,1,1,1,20,4,3,0,0,0,0,-1,3,-1
34628,77.1800519,28.71625889,5,3,2,1,4,08:10,95,E08000015,6,0,6,30,0,-1,-1,0,0,0,1,1,1,0,0,1,2,E01007152,16-03-2018,1,1,3,2,49,8,3,5,3,0,0,-1,0,-1
34629,77.23227143,28.6802771,5,2,2,4,7,19:45,95,E08000015,4,5148,6,30,3,4,4,5148,0,0,4,1,1,0,0,1,2,E01007291,12-03-2018,2,1,1,2,59,9,3,0,0,0,0,-1,9,3
34630,77.19422454,28.62842113,5,3,1,1,3,15:50,95,E08000015,6,0,6,30,0,-1,-1,0,0,0,1,1,1,0,0,1,1,E01007314,15-03-2018,1,1,3,2,19,4,3,1,1,0,0,-1,0,-1
34631,77.22480686,28.65231006,5,3,2,2,7,14:49,95,E08000015,3,551,3,40,3,4,6,0,0,0,1,1,1,0,0,1,1,E01007210,12-03-2018,2,1,1,2,25,5,3,0,0,0,0,-1,9,1
34632,77.21325819,28.55611127,5,2,2,4,7,22:50,95,E08000015,5,0,6,30,0,-1,-1,0,0,0,4,1,2,0,0,1,1,E01007116,05-03-2018,2,2,2,2,63,9,3,0,0,1,0,-1,9,1
34633,77.25485909,28.66836192,5,3,1,1,5,15:40,95,E08000015,6,0,6,30,3,4,6,0,0,0,1,1,1,0,0,1,1,E01007173,10-03-2018,2,1,1,2,30,6,3,0,0,0,0,-1,9,1
34634,77.18370637,28.53565758,5,3,2,1,3,22:00,95,E08000015,6,0,6,30,3,4,6,0,0,0,4,2,2,0,0,1,1,E01007252,15-03-2018,2,1,1,1,27,6,3,0,0,0,0,-1,4,1
34635,77.09644826,28.58622366,5,3,1,1,2,21:47,95,E08000015,6,0,6,30,0,-1,-1,0,0,0,4,2,2,0,0,1,1,E01007123,14-03-2018,1,1,3,1,44,7,3,9,5,0,0,-1,0,1
34636,77.27388161,28.6996002,5,3,2,1,6,15:55,95,E08000015,1,53,3,30,0,-1,-1,0,0,0,1,1,1,0,0,2,1,E01007210,18-03-2018,1,1,3,1,35,6,3,7,3,0,0,-1,0,1
34637,77.20373926,28.67500396,5,3,2,1,2,15:00,95,E08000015,3,5027,7,30,5,3,3,551,0,1,1,1,1,0,0,1,2,E01007302,28-02-2018,2,1,1,1,36,7,3,0,0,0,0,-1,9,-1
34638,77.05813096,28.69359645,5,3,2,1,6,22:35,95,E08000015,6,0,6,30,3,4,6,0,0,0,4,1,1,0,0,1,2,E01007296,18-03-2018,1,1,1,1,41,7,3,0,0,0,0,-1,9,1
34639,77.14613121,28.66987934,5,2,2,2,4,21:19,95,E08000015,6,0,6,30,0,-1,-1,0,0,0,7,1,1,0,0,1,1,E01007305,16-03-2018,1,2,1,2,37,7,3,0,0,0,0,-1,9,-1
34640,77.07713698,28.71377292,5,3,1,1,2,19:05,95,E08000015,4,5147,6,30,3,4,6,0,0,0,4,2,2,0,0,1,1,E01007291,14-03-2018,2,1,1,1,25,5,2,0,0,0,0,-1,3,1
34641,77.22557377,28.68643628,5,2,2,1,5,17:25,95,E08000015,5,0,6,30,3,4,6,0,0,0,1,1,1,0,0,1,1,E01007167,17-03-2018,2,1,1,2,45,7,3,0,0,0,0,-1,9,1
34642,77.35235199,28.61932379,5,3,2,1,5,13:00,95,E08000015,6,0,6,30,6,2,3,551,0,0,1,1,1,0,0,1,2,E01007278,17-03-2018,1,1,1,2,43,7,3,0,0,0,0,-1,9,1
34643,77.11039567,28.55413584,5,3,1,1,6,12:45,95,E08000015,5,0,6,30,3,4,3,551,0,4,1,1,1,0,0,1,1,E01007275,18-03-2018,1,1,1,1,43,7,2,0,0,0,0,-1,9,1
34644,77.28799916,28.64708142,5,3,2,1,3,10:40,95,E08000015,3,554,6,30,3,4,6,0,0,0,1,2,2,0,0,1,2,E01007273,22-03-2018,1,1,1,1,19,4,3,0,0,0,0,-1,9,1
34645,77.0825226,28.67836689,5,3,2,2,4,15:30,95,E08000015,3,41,6,30,6,4,6,0,0,4,1,1,1,0,0,1,1,E01007141,16-03-2018,2,2,1,2,26,6,3,0,0,0,0,-1,9,1
34646,77.30377607,28.54611805,5,2,1,1,4,06:40,95,E08000015,1,53,3,70,0,-1,-1,0,0,0,1,1,2,0,0,2,1,E01007144,16-03-2018,1,1,1,1,25,5,2,0,0,0,0,-1,9,1
34647,77.23935287,28.60449543,5,3,2,1,1,21:50,95,E08000015,5,0,6,30,6,2,5,0,0,4,4,1,1,0,0,1,1,E01007171,13-03-2018,2,1,2,1,25,5,3,0,0,1,0,-1,9,-1
34648,77.18202953,28.68292862,5,3,2,1,6,16:55,95,E08000015,3,553,6,30,0,-1,-1,0,0,4,1,1,1,0,0,1,1,E01007227,18-03-2018,1,1,2,2,70,10,3,0,0,1,0,-1,9,1
34649,77.11113766,28.69464686,5,3,2,2,5,12:30,95,E08000015,3,5030,6,30,0,-1,-1,0,0,0,1,1,1,0,0,1,1,E01007126,17-03-2018,2,1,1,1,45,7,3,0,0,0,0,-1,19,1
34650,77.24299798,28.64727417,5,2,3,1,6,15:15,95,E08000015,3,553,6,30,9,4,6,0,0,4,1,1,1,0,0,1,2,E01007193,25-03-2018,1,1,3,2,21,5,3,4,1,0,0,-1,0,1
34651,77.35434873,28.61222801,5,3,2,1,4,21:30,95,E08000015,6,0,6,30,3,3,5,0,0,0,4,1,1,0,0,1,2,E01007206,23-03-2018,1,1,3,1,84,11,2,5,1,0,0,-1,0,-1
34652,77.36071148,28.59274107,5,1,2,1,5,08:40,95,E08000015,3,551,3,30,3,4,6,0,0,0,1,1,1,0,0,1,1,E01007313,24-03-2018,2,1,1,2,19,4,3,0,0,0,0,-1,1,1
34653,77.1495913,28.63599142,5,3,2,1,5,17:10,95,E08000015,3,551,7,30,5,4,3,551,0,0,1,1,1,0,0,2,2,E01007210,24-03-2018,2,1,1,2,35,6,3,0,0,0,0,-1,9,1
34654,77.34916212,28.68715971,5,3,2,2,6,16:55,95,E08000015,6,0,6,30,3,4,3,5027,0,0,1,1,1,0,0,1,2,E01007134,25-03-2018,2,1,1,1,19,4,3,0,0,0,0,-1,2,-1
34655,77.24550899,28.65646726,5,3,1,1,4,14:07,95,E08000015,6,0,7,20,0,-1,-1,0,0,0,1,8,1,0,0,1,2,E01007128,23-03-2018,1,1,3,1,78,11,2,1,1,0,0,-1,0,1
34656,77.27319149,28.59834553,5,3,2,3,6,20:00,95,E08000015,3,5027,3,30,6,2,5,0,0,0,1,1,1,0,0,1,1,E01007158,25-03-2018,2,1,1,1,53,8,3,0,0,0,0,-1,19,-1
34657,77.08880014,28.62309751,5,3,1,1,1,22:19,95,E08000015,4,5137,6,30,0,-1,-1,0,0,0,4,1,2,0,0,1,1,E01007145,27-03-2018,2,2,2,2,53,8,3,0,0,1,0,-1,19,-1
34658,77.27545371,28.54206892,5,3,1,2,4,10:15,95,E08000015,1,53,3,70,0,-1,-1,0,0,0,1,2,1,0,0,2,1,E01007119,30-03-2018,1,1,1,2,71,10,3,0,0,0,0,-1,9,2
34659,77.05905431,28.72488766,5,3,2,1,6,18:25,95,E08000015,3,552,6,30,1,4,3,552,0,0,1,1,1,0,0,1,1,E01007126,25-03-2018,2,2,1,1,26,6,3,0,0,0,0,-1,9,1
34660,77.28914627,28.68422862,5,3,1,1,2,16:05,95,E08000015,3,551,6,30,3,4,6,0,0,0,1,1,1,0,0,1,2,E01007301,28-03-2018,1,1,1,1,67,10,3,0,0,0,0,-1,9,1
34661,77.33100787,28.66377407,5,3,2,2,6,10:50,95,E08000015,4,5151,6,30,0,-1,-1,0,0,0,1,1,1,0,0,1,2,E01007240,18-03-2018,1,1,2,2,35,6,3,0,0,1,0,-1,9,1
34662,77.13351545,28.70803864,5,3,2,2,6,19:30,95,E08000015,4,5151,6,30,9,4,6,0,0,0,4,1,1,0,0,1,1,E01007242,25-03-2018,2,1,1,2,38,7,3,0,0,0,0,-1,9,-1
34663,77.35800623,28.55463956,5,2,1,5,4,21:42,95,E08000015,3,553,6,30,0,-1,-1,0,0,0,4,2,2,0,0,1,1,E01007121,30-03-2018,3,2,1,2,36,7,3,0,0,0,0,-1,9,1
34664,77.15131758,28.6862055,5,3,2,3,5,19:50,95,E08000015,6,0,6,30,0,-1,-1,0,0,0,4,1,1,0,0,1,1,E01007157,17-02-2018,2,1,1,1,16,4,3,0,0,0,0,-1,3,1
34665,77.31560398,28.59485036,5,3,2,2,4,13:05,95,E08000015,3,553,3,70,0,-1,-1,0,0,0,1,1,1,0,0,2,1,E01007206,23-03-2018,2,1,1,1,13,3,3,0,0,0,0,-1,1,1
34666,77.24539941,28.55856136,5,3,2,2,2,12:20,95,E08000015,6,0,6,30,6,4,6,0,0,0,1,1,1,0,0,1,1,E01007312,28-03-2018,2,1,2,1,22,5,3,0,0,1,0,-1,9,1
34667,77.23037036,28.55636145,5,3,2,2,6,15:50,95,E08000015,1,53,1,30,1,4,3,554,0,0,1,1,1,0,0,2,2,E01007210,01-04-2018,2,1,1,2,25,5,3,0,0,0,0,-1,9,-1
34668,77.26253193,28.71659424,5,3,1,1,6,23:50,95,E08000015,6,0,6,30,0,-1,-1,0,0,0,4,1,1,0,0,1,1,E01007312,25-03-2018,1,1,1,2,37,7,3,0,0,0,0,-1,9,1
34669,77.06782485,28.70049272,5,3,1,1,5,19:55,95,E08000015,5,0,6,30,6,4,6,0,0,0,4,1,1,0,0,1,1,E01007155,24-03-2018,2,1,2,1,18,4,3,0,0,1,0,-1,9,-1
34670,77.06390932,28.63840422,5,2,1,1,6,18:35,95,E08000015,1,53,3,70,0,-1,-1,0,0,0,1,1,1,0,0,2,1,E01007168,25-03-2018,1,1,3,2,19,4,3,5,1,0,0,-1,0,1
34671,77.24368544,28.70686154,5,3,1,1,4,11:00,95,E08000015,5,0,6,30,3,4,6,0,0,0,1,2,2,0,0,1,1,E01007110,30-03-2018,2,1,2,2,26,6,3,0,0,1,0,-1,9,1
34672,77.25618174,28.56659549,5,3,2,1,6,14:15,95,E08000015,4,5146,6,30,3,4,6,0,0,0,1,1,1,0,0,1,1,E01007133,01-04-2018,1,1,2,1,22,5,3,0,0,1,0,-1,19,-1
34673,77.08537033,28.55103851,5,3,2,1,7,11:10,95,E08000015,3,553,6,30,6,2,5,0,0,5,1,1,1,0,0,1,2,E01007155,02-04-2018,2,1,1,1,42,7,3,0,0,0,0,-1,5,1
34674,77.29346038,28.58672568,5,3,1,1,7,22:15,95,E08000015,3,5027,6,30,6,4,6,0,0,8,4,1,1,0,0,1,1,E01007158,02-04-2018,1,1,1,2,74,10,1,0,0,0,0,-1,9,1
34675,77.31200105,28.63471011,5,3,2,2,6,03:55,95,E08000015,3,553,3,30,3,2,6,0,0,5,4,1,1,0,0,1,1,E01007206,25-03-2018,1,2,2,1,84,11,1,0,0,1,0,-1,9,1
34676,77.2571579,28.6714885,5,3,3,1,1,21:10,95,E08000015,5,0,6,30,3,4,6,0,0,0,4,2,2,0,0,1,1,E01007308,03-04-2018,2,3,2,1,55,8,2,0,0,1,0,-1,9,2
34677,77.12279145,28.6778287,5,2,2,3,2,22:58,95,E08000015,3,5137,6,30,1,2,4,5151,0,0,4,1,1,0,0,2,1,E01007144,04-04-2018,2,4,1,1,50,8,3,0,0,0,0,-1,9,1
34678,77.35707064,28.67172859,5,3,2,1,3,19:18,95,E08000015,3,551,6,30,6,2,5,0,0,0,4,1,1,0,0,1,1,E01007212,05-04-2018,2,1,1,2,20,4,3,0,0,0,0,-1,9,1
34679,77.15212559,28.64609455,5,3,2,1,7,22:00,95,E08000015,6,0,6,30,3,4,3,554,0,0,4,1,1,0,0,1,2,E01007277,26-03-2018,1,1,1,2,22,5,3,0,0,0,0,-1,9,1
34680,77.10540327,28.60831027,5,3,3,2,5,08:20,95,E08000015,3,551,3,30,3,4,6,0,0,8,1,1,2,0,0,1,1,E01007313,07-04-2018,1,2,2,2,53,8,3,0,0,1,0,-1,9,-1
34681,77.27987036,28.64402114,5,3,2,1,4,14:28,95,E08000015,4,5151,6,30,9,-1,-1,-1,0,0,1,1,1,0,0,1,1,E01007240,06-04-2018,2,3,1,1,59,9,3,0,0,0,0,-1,9,1
34682,77.18937894,28.6141946,5,3,2,2,1,16:55,95,E08000015,5,0,6,30,6,3,6,0,0,0,1,1,1,0,0,1,1,E01007237,03-04-2018,2,1,1,1,43,7,3,0,0,0,0,-1,9,1
34683,77.30231699,28.66099685,5,3,2,1,7,23:55,95,E08000015,3,5027,6,30,3,4,6,0,0,0,4,1,1,0,0,1,1,E01007161,19-03-2018,2,2,2,1,33,6,3,0,0,1,0,-1,9,1
34684,77.30860135,28.71329376,5,3,2,1,4,20:55,95,E08000015,6,0,6,30,0,-1,-1,0,0,0,4,2,2,0,0,1,1,E01007139,06-04-2018,1,1,1,1,39,7,3,0,0,0,0,-1,9,1
34685,77.27979351,28.63260673,5,3,3,3,4,16:10,95,E08000015,3,552,3,30,7,2,6,0,0,0,1,9,2,0,0,1,2,E01007252,06-04-2018,1,1,3,1,56,9,2,4,3,0,0,-1,0,1
34686,77.1175888,28.64361911,5,3,2,1,1,13:15,95,E08000015,3,554,6,30,0,-1,-1,0,0,4,1,1,1,0,0,1,2,E01007274,10-04-2018,1,1,3,1,11,3,3,5,1,0,0,-1,0,-1
34687,77.18692794,28.72433891,5,3,2,2,7,12:00,95,E08000015,5,0,6,30,6,2,4,5151,0,0,1,2,2,0,0,1,2,E01007240,09-04-2018,2,1,2,2,34,6,3,0,0,1,0,-1,9,-1
34688,77.19776196,28.71589249,5,3,2,1,1,12:20,95,E08000015,5,0,6,30,6,2,5,0,0,0,1,1,1,0,0,1,2,E01007239,10-04-2018,2,2,2,1,2,1,3,0,0,1,0,-1,9,-1
34689,77.32211143,28.61150398,5,3,1,1,6,10:00,95,E08000015,6,0,6,30,0,-1,-1,0,0,0,1,1,1,0,0,1,2,E01007136,08-04-2018,2,3,1,1,33,6,3,0,0,0,0,-1,9,1
34690,77.35168482,28.61795476,5,3,2,1,6,10:35,95,E08000015,4,5144,6,30,3,4,6,0,0,0,1,1,1,0,0,1,2,E01007269,08-04-2018,1,1,3,1,46,8,3,4,3,0,0,-1,0,-1
34691,77.09802899,28.72478122,5,3,2,2,3,16:20,95,E08000015,3,41,3,40,3,2,6,0,0,4,1,1,1,0,0,2,1,E01007171,08-03-2018,2,1,1,1,33,6,1,0,0,0,0,-1,1,1
34692,77.24389195,28.57427828,5,3,2,2,3,20:00,95,E08000015,6,0,6,30,3,4,6,0,0,0,1,1,1,0,0,1,2,E01007264,05-04-2018,1,1,2,1,17,4,3,0,0,1,0,-1,9,-1
34693,77.20688732,28.61286242,5,3,2,2,4,13:30,95,E08000015,1,53,1,30,1,4,3,552,0,0,1,1,1,0,0,2,2,E01007255,04-05-2018,2,2,2,1,39,7,3,0,0,1,0,-1,9,-1
34694,77.27831751,28.54462457,5,3,2,2,4,17:00,95,E08000015,3,551,6,40,0,-1,-1,0,0,0,1,1,2,0,0,2,1,E01007256,06-04-2018,1,1,1,2,46,8,3,0,0,0,0,-1,9,1
34695,77.31448698,28.59572334,5,3,2,2,4,18:15,95,E08000015,3,5088,6,30,6,2,4,5145,0,0,1,1,2,0,0,1,1,E01007270,06-04-2018,1,2,2,1,45,7,3,0,0,1,0,-1,9,1
34696,77.08179164,28.66950793,5,3,1,2,6,21:35,95,E08000015,5,0,6,30,3,4,6,0,0,0,1,1,1,0,0,1,2,E01007253,08-04-2018,1,1,3,2,20,4,3,6,7,0,0,-1,0,1
34697,77.15393259,28.57119433,5,3,2,1,1,12:54,95,E08000015,5,0,6,30,3,4,3,41,0,0,1,1,1,0,0,1,2,E01007135,10-04-2018,2,1,1,1,17,4,2,0,0,0,0,-1,3,-1
34698,77.32760775,28.72844487,5,3,2,2,2,18:53,95,E08000015,6,0,6,30,0,-1,-1,0,0,0,1,1,1,0,0,1,2,E01007203,11-04-2018,2,1,1,1,41,7,3,0,0,0,0,-1,9,1
34699,77.13247277,28.72658278,5,3,2,2,2,11:25,95,E08000015,3,552,3,30,6,2,6,0,0,5,1,1,1,0,0,1,2,E01007243,11-04-2018,2,1,1,2,24,5,3,0,0,0,0,-1,9,1
34700,77.3053356,28.66658722,5,2,1,1,5,10:25,95,E08000015,6,0,6,30,0,-1,-1,0,0,0,1,1,2,0,0,1,1,E01007280,14-04-2018,1,1,1,2,58,9,3,0,0,0,0,-1,9,1
34701,77.33231664,28.69613802,5,3,2,2,7,15:35,95,E08000015,3,552,3,30,6,2,6,0,0,5,1,1,1,0,0,1,1,E01007243,09-04-2018,1,2,2,2,62,9,3,0,0,1,0,-1,9,-1
34702,77.18008915,28.56280605,5,3,2,1,3,17:55,95,E08000015,3,41,3,30,1,4,3,41,0,0,1,1,1,0,0,1,2,E01007140,12-04-2018,1,1,1,1,44,7,3,0,0,0,0,-1,9,1
34703,77.12042703,28.65824673,5,3,2,1,5,17:30,95,E08000015,3,5027,6,30,6,4,6,0,0,4,1,1,1,0,0,1,1,E01007300,14-04-2018,1,1,1,1,56,9,3,0,0,0,0,-1,1,-1
34704,77.31936484,28.60457337,5,3,2,3,7,12:00,95,E08000015,6,0,6,30,8,4,6,0,0,0,1,2,2,0,0,1,1,E01007135,09-04-2018,2,1,1,2,38,7,3,0,0,0,0,-1,9,1
34705,77.11197252,28.56079909,5,3,2,1,1,15:40,95,E08000015,3,554,7,30,3,4,6,0,0,0,1,2,2,0,0,2,2,E01007124,17-04-2018,2,1,1,1,51,8,3,0,0,0,0,-1,9,1
34706,77.12702989,28.66350297,5,2,1,2,7,14:42,95,E08000015,6,0,6,30,0,-1,-1,0,0,0,1,1,1,0,0,1,1,E01007256,02-04-2018,2,2,2,2,88,11,3,0,0,1,0,-1,9,1
34707,77.15321015,28.70183585,5,2,1,5,1,07:00,95,E08000015,3,553,3,30,0,-1,-1,0,0,0,1,1,1,0,0,2,1,E01007124,03-04-2018,2,1,1,1,30,6,2,0,0,0,0,-1,5,1
34708,77.252026,28.62334268,5,2,1,1,7,09:15,95,E08000015,3,551,6,40,0,-1,-1,0,0,0,1,4,1,0,0,1,1,E01007203,09-04-2018,1,1,3,2,-1,-1,3,1,3,0,0,-1,0,-1
34709,77.25485565,28.61209349,5,3,4,1,6,15:00,95,E08000015,3,41,3,40,0,-1,-1,0,0,0,1,1,2,0,0,1,1,E01007135,18-03-2018,2,1,1,2,46,8,3,0,0,0,0,-1,9,1
34710,77.16252124,28.67015959,5,3,2,1,4,15:45,95,E08000015,5,0,6,30,7,4,5,0,0,0,1,5,2,0,0,1,1,E01007187,06-04-2018,2,2,2,2,11,3,3,0,0,1,0,-1,9,1
34711,77.26280278,28.6512592,5,3,2,1,4,08:20,95,E08000015,6,0,6,30,3,4,3,5027,0,0,1,1,1,0,0,1,2,E01007156,13-04-2018,2,1,1,1,13,3,3,0,0,0,0,-1,1,-1
34712,77.24544728,28.6565728,5,3,1,1,5,18:00,95,E08000015,3,553,6,30,8,4,6,0,0,0,1,8,2,0,0,1,2,E01007123,14-04-2018,2,1,2,1,14,3,3,0,0,2,0,-1,9,-1
34713,77.36715469,28.64285619,5,3,2,1,6,08:35,95,E08000015,3,553,6,30,8,4,6,0,0,0,1,1,1,0,0,1,1,E01007208,08-04-2018,2,2,2,2,14,3,3,0,0,1,0,-1,9,1
34714,77.3165894,28.57310731,5,1,1,2,5,02:00,95,E08000015,4,5144,6,30,3,4,6,0,0,4,1,1,1,0,0,1,1,E01007272,27-01-2018,2,1,2,2,65,9,3,0,0,2,3,-1,11,1
34715,77.20222689,28.58305362,5,3,1,1,2,14:05,95,E08000015,4,5477,6,30,0,-1,-1,0,0,4,1,1,1,0,0,1,1,E01007308,04-04-2018,1,1,3,1,14,3,3,6,5,0,0,-1,0,1
34716,77.23471428,28.69807055,5,3,2,2,6,16:27,95,E08000015,3,553,6,30,0,-1,-1,0,0,0,1,1,1,0,0,1,1,E01007127,08-04-2018,2,1,1,2,26,6,3,0,0,0,0,-1,9,-1
34717,77.30650249,28.60262287,5,3,2,1,1,18:37,95,E08000015,6,0,6,30,6,4,5,0,0,0,1,1,1,0,0,1,1,E01007203,10-04-2018,1,1,1,2,31,6,3,0,0,0,0,-1,9,1