Accident_Index,longitude,latitude,Police_Force,Accident_Severity,Number_of_Vehicles,Number_of_Casualties,Day_of_Week,Time,Local_Authority_(District),Local_Authority_(Highway),1st_Road_Class,1st_Road_Number,Road_Type,Speed_limit,Junction_Detail,Junction_Control,2nd_Road_Class,2nd_Road_Number,Pedestrian_Crossing-Human_Control,Pedestrian_Crossing-Physical_Facilities,Light_Conditions,Weather_Conditions,Road_Surface_Conditions,Special_Conditions_at_Site,Carriageway_Hazards,Urban_or_Rural_Area,Did_Police_Officer_Attend_Scene_of_Accident,LSOA_of_Accident_Location,Date,Vehicle_Reference,Casualty_Reference,Casualty_Class,Sex_of_Casualty,Age_of_Casualty,Age_Band_of_Casualty,Casualty_Severity,Pedestrian_Location,Pedestrian_Movement,Car_Passenger,Bus_or_Coach_Passenger,Pedestrian_Road_Maintenance_Worker,Casualty_Type,Casualty_Home_Area_Type
34718,77.14972525,28.54187512,5,2,2,2,2,15:30,95,E08000015,4,5136,6,30,6,2,4,5137,0,5,1,1,1,0,0,1,1,E01007154,04-04-2018,1,1,3,1,-1,-1,3,5,2,0,0,-1,0,-1
34719,77.16926345,28.56341644,5,3,4,4,3,08:45,95,E08000015,3,41,3,50,0,-1,-1,0,0,0,1,1,1,0,0,1,1,E01007142,05-04-2018,1,1,1,1,15,3,2,0,0,0,0,-1,9,-1
34720,77.22646003,28.58109305,5,2,1,1,7,10:30,95,E08000015,6,0,6,30,0,-1,-1,0,0,0,1,1,1,0,0,1,2,E01007258,09-04-2018,2,1,1,1,49,8,3,0,0,0,0,-1,1,1
34721,77.07991632,28.6006477,5,2,1,1,6,23:57,95,E08000015,3,553,6,30,3,4,6,0,0,0,4,4,1,0,0,1,1,E01007221,08-04-2018,1,1,3,1,29,6,3,9,5,0,0,-1,0,1
34722,77.19509993,28.59917053,5,3,1,3,1,02:20,95,E08000015,4,5148,6,30,0,-1,-1,0,0,0,4,1,1,0,0,1,1,E01007131,10-04-2018,1,1,1,1,36,7,3,0,0,0,0,-1,9,-1
34723,77.31544335,28.63450487,5,2,2,2,3,16:45,95,E08000015,6,0,6,30,3,4,6,0,0,0,1,1,1,0,0,1,1,E01007285,05-04-2018,1,1,3,2,8,2,3,5,2,0,0,-1,0,1
34724,77.18628355,28.5668601,5,3,3,1,2,11:55,95,E08000015,6,0,6,30,3,4,6,0,0,0,1,1,1,0,0,1,1,E01007291,04-04-2018,1,1,3,2,7,2,2,1,1,0,0,-1,0,-1
34725,77.17263712,28.71688778,5,3,2,2,5,20:30,95,E08000015,3,5139,7,50,1,4,3,554,0,0,4,1,1,0,0,2,1,E01007121,31-03-2018,2,1,1,1,34,6,3,0,0,0,0,-1,5,1
34726,77.19841288,28.61017631,5,2,2,1,3,21:59,95,E08000015,3,553,6,30,0,-1,-1,0,0,0,4,1,1,0,0,1,1,E01007224,05-04-2018,3,1,1,2,26,6,3,0,0,0,0,-1,9,1
34727,77.2626945,28.68268666,5,2,1,3,6,21:05,95,E08000015,4,5136,6,60,0,-1,-1,0,0,0,6,4,1,0,0,2,1,E01007144,08-04-2018,1,1,2,2,28,6,2,0,0,1,0,-1,9,2
34728,77.31001215,28.63844702,5,3,2,2,4,17:05,95,E08000015,4,5137,6,30,3,4,5,0,0,0,1,1,1,0,0,2,1,E01007142,13-04-2018,1,2,1,2,27,6,2,0,0,0,0,-1,9,2
34729,77.27565229,28.53783846,5,2,1,2,2,15:05,95,E08000015,4,5137,6,30,0,-1,-1,0,0,0,1,8,2,0,0,1,1,E01007142,18-04-2018,1,3,2,2,21,5,3,0,0,2,0,-1,9,1
34730,77.12231993,28.55825188,5,3,2,1,4,01:10,95,E08000015,3,5088,1,30,1,4,3,5139,0,0,4,2,2,0,0,1,1,E01007121,13-04-2018,3,4,1,1,56,9,3,0,0,0,0,-1,21,-1
34731,77.09497892,28.57191285,5,2,1,1,2,16:45,95,E08000015,3,554,6,30,3,4,6,0,0,0,1,1,1,0,0,1,1,E01007277,18-04-2018,2,1,1,1,37,7,3,0,0,0,0,-1,8,1
34732,77.26702002,28.58679849,5,3,1,1,4,21:40,95,E08000015,4,5141,6,30,0,-1,-1,0,0,0,6,1,1,0,0,1,1,E01007283,13-04-2018,1,1,3,2,15,3,3,4,3,0,0,-1,0,1
34733,77.23800005,28.64455398,5,3,1,1,5,08:55,95,E08000015,6,0,6,30,0,-1,-1,0,0,0,1,1,1,0,0,1,2,E01007316,21-04-2018,1,1,1,1,23,5,2,0,0,0,0,-1,3,1
34734,77.10748962,28.72385589,5,3,4,1,5,16:30,95,E08000015,4,5142,6,30,6,4,6,0,0,0,1,1,1,0,0,1,1,E01007216,31-03-2018,2,1,1,2,21,5,3,0,0,0,0,-1,9,1
34735,77.08873123,28.71669017,5,3,2,1,6,09:20,95,E08000015,4,5144,6,30,6,4,6,0,0,0,1,1,1,0,0,1,2,E01007269,08-04-2018,2,1,1,2,32,6,3,0,0,0,0,-1,9,1
34736,77.23161045,28.68476651,5,2,2,1,2,09:45,95,E08000015,6,0,6,30,3,4,4,5146,0,0,1,1,1,0,0,1,1,E01007133,14-03-2018,2,2,2,2,56,9,3,0,0,1,0,-1,9,-1
34737,77.2717476,28.68941283,5,3,2,1,3,21:05,95,E08000015,3,5027,1,30,1,3,4,5146,0,0,4,1,1,0,0,1,1,E01007133,19-04-2018,1,1,1,1,27,6,3,0,0,0,0,-1,11,1
34738,77.21306045,28.68849658,5,3,2,1,4,20:05,95,E08000015,5,0,1,60,1,4,5,0,0,0,1,1,1,0,0,2,1,E01007195,20-04-2018,1,1,3,2,16,4,3,5,1,0,0,-1,0,-1
34739,77.12050018,28.70088492,5,3,2,2,1,13:05,95,E08000015,4,5172,6,30,3,4,6,0,0,0,1,2,2,0,0,1,1,E01007175,17-04-2018,1,1,1,1,25,5,3,0,0,0,0,-1,9,1
34740,77.20131512,28.63025205,5,3,3,2,5,08:45,95,E08000015,4,5149,6,30,3,4,6,0,0,0,1,1,2,0,0,1,1,E01007293,14-04-2018,1,2,2,1,21,5,3,0,0,1,0,-1,9,2
34741,77.08506106,28.59060626,5,3,7,1,3,20:40,95,E08000015,6,0,6,30,3,4,6,0,0,0,4,1,1,0,0,1,1,E01007181,19-04-2018,2,1,1,2,23,5,3,0,0,0,0,-1,9,1
34742,77.30940942,28.70460526,5,3,2,1,5,07:30,95,E08000015,6,0,6,30,3,4,6,0,0,0,1,1,1,0,0,1,2,E01007311,21-04-2018,2,1,1,2,30,6,3,0,0,0,0,-1,9,1
34743,77.07972092,28.54599362,5,3,3,1,5,17:00,95,E08000015,3,553,6,30,3,4,6,0,0,0,1,1,1,0,0,1,1,E01007221,21-04-2018,2,1,1,2,45,7,3,0,0,0,0,-1,9,1
34744,77.20829803,28.69038885,5,3,1,1,5,22:50,95,E08000015,5,0,3,40,0,-1,-1,0,0,0,4,1,1,0,0,2,1,E01007255,21-04-2018,2,1,1,2,38,7,3,0,0,0,0,-1,9,1
34745,77.09968477,28.55323137,5,3,3,3,4,11:20,95,E08000015,4,5139,6,30,8,4,6,0,0,0,1,1,2,0,0,2,1,E01007268,20-04-2018,1,1,1,2,25,5,3,0,0,0,0,-1,9,1
34746,77.22847095,28.61410187,5,3,2,1,6,20:00,95,E08000015,6,0,6,30,3,4,6,0,0,0,1,1,1,0,0,1,1,E01007270,22-04-2018,1,1,1,1,37,7,3,0,0,0,0,-1,9,2
34747,77.16232213,28.69346114,5,3,1,1,7,14:30,95,E08000015,3,552,1,40,1,4,3,551,0,4,1,2,2,0,0,1,1,E01007251,09-04-2018,2,2,1,2,39,7,3,0,0,0,0,-1,9,1
34748,77.20052041,28.60589057,5,3,2,2,7,22:00,95,E08000015,5,0,6,30,3,4,6,0,0,0,4,1,1,0,0,1,1,E01007118,23-04-2018,2,3,2,2,43,7,3,0,0,1,0,-1,9,1
34749,77.29314029,28.62002287,5,2,1,1,3,14:56,95,E08000015,6,0,6,30,0,-1,-1,0,1,0,1,1,1,0,0,1,1,E01007275,19-04-2018,1,1,1,2,57,9,3,0,0,0,0,-1,9,1
34750,77.31232911,28.6447464,5,3,2,3,4,12:10,95,E08000015,5,0,6,30,0,-1,-1,0,0,0,1,1,2,0,0,1,1,E01007142,20-04-2018,1,1,1,1,15,3,3,0,0,0,0,-1,1,1
34751,77.23103256,28.54330654,5,2,1,1,7,15:38,95,E08000015,4,5148,6,30,3,4,6,0,0,1,1,1,1,0,0,1,1,E01007292,23-04-2018,1,1,1,1,24,5,3,0,0,0,0,-1,9,-1
34752,77.14029317,28.65556389,5,2,2,1,7,20:20,95,E08000015,6,0,6,30,0,-1,-1,0,0,0,1,1,1,0,0,1,1,E01007164,23-04-2018,2,2,1,1,18,4,3,0,0,0,0,-1,3,-1
34753,77.15904296,28.71444533,5,3,2,1,6,13:30,95,E08000015,4,5136,6,30,0,-1,-1,0,0,0,1,1,1,0,0,1,2,E01007115,22-04-2018,2,1,1,1,73,10,3,0,0,0,0,-1,9,1
34754,77.05806632,28.55630071,5,3,1,1,6,23:30,95,E08000015,6,0,2,30,6,4,3,552,0,0,4,1,1,0,0,1,1,E01007126,22-04-2018,1,1,1,1,72,10,2,0,0,0,0,-1,9,1
34755,77.27209075,28.53693405,5,3,2,2,1,21:00,95,E08000015,3,551,1,30,1,4,3,5027,0,0,1,1,1,0,0,1,2,E01007302,24-04-2018,4,2,1,2,68,10,2,0,0,0,0,-1,9,1
34756,77.37044009,28.62609532,5,3,2,1,3,16:30,95,E08000015,4,5144,6,30,3,4,6,0,0,0,1,2,2,0,0,1,1,E01007273,26-04-2018,5,4,2,2,26,6,3,0,0,1,0,-1,9,-1
34757,77.0920043,28.58123755,5,3,1,1,3,16:15,95,E08000015,3,551,6,30,0,-1,-1,0,0,0,1,1,1,0,7,2,1,E01007183,26-04-2018,8,3,1,2,33,6,3,0,0,0,0,-1,9,1
34758,77.29183731,28.6250124,5,2,1,1,5,13:30,95,E08000015,6,0,6,30,6,4,3,5029,0,0,1,1,1,0,0,1,2,E01007128,28-04-2018,2,1,1,2,27,6,3,0,0,0,0,-1,9,1
34759,77.14902838,28.71158617,5,3,2,1,5,08:20,95,E08000015,6,0,6,30,3,3,6,0,0,0,1,1,1,0,0,1,2,E01007160,28-04-2018,2,1,1,1,19,4,3,0,0,0,0,-1,9,-1
34760,77.22859001,28.5508994,5,3,3,2,2,21:30,95,E08000015,3,551,6,30,3,4,6,0,0,0,4,1,1,0,0,1,1,E01007227,25-04-2018,1,1,3,1,6,2,3,5,1,0,0,-1,0,1
34761,77.16560883,28.69333233,5,3,1,1,4,00:08,95,E08000015,3,552,3,40,0,-1,-1,0,0,0,4,1,2,0,0,1,1,E01007252,27-04-2018,1,1,1,1,24,5,3,0,0,0,0,-1,19,-1
34762,77.2933672,28.67025562,5,3,2,1,6,10:10,95,E08000015,3,551,2,30,9,4,3,551,0,0,1,1,1,0,0,1,1,E01007217,29-04-2018,2,2,1,1,27,6,3,0,0,0,0,-1,9,-1
34763,77.150785,28.6598672,5,3,1,1,5,16:16,95,E08000015,5,0,6,30,3,4,6,0,0,0,1,1,1,0,0,1,1,E01007151,14-04-2018,2,1,1,1,33,6,3,0,0,0,0,-1,1,1
34764,77.18592233,28.64881756,5,3,2,3,1,21:30,95,E08000015,3,551,6,30,3,4,6,0,0,0,4,2,2,0,0,1,1,E01007312,17-04-2018,1,1,2,1,17,4,3,0,0,1,0,-1,9,-1
34765,77.1749133,28.57016799,5,3,2,4,1,12:17,95,E08000015,5,0,2,30,6,4,6,0,0,0,1,1,1,0,0,1,1,E01007131,24-04-2018,1,2,1,1,17,4,3,0,0,0,0,-1,9,1
34766,77.12050502,28.68188214,5,3,2,1,6,15:00,95,E08000015,6,0,6,30,0,-1,-1,0,0,0,1,1,1,0,0,1,1,E01007162,29-04-2018,1,1,1,1,68,10,3,0,0,0,0,-1,9,1
34767,77.14388282,28.54209669,5,3,2,1,6,12:35,95,E08000015,5,0,6,30,0,-1,-1,0,0,0,1,1,1,0,0,1,2,E01007155,29-04-2018,1,1,3,2,55,8,2,9,7,0,0,-1,0,1
34768,77.24162473,28.7202744,5,3,2,1,7,12:30,95,E08000015,4,5136,6,30,3,4,6,0,0,0,1,1,1,0,0,1,2,E01007141,30-04-2018,1,1,1,1,26,6,3,0,0,0,0,-1,9,1
34769,77.21159901,28.64767233,5,3,2,2,6,17:30,95,E08000015,3,552,1,30,1,4,6,0,0,0,1,1,1,0,0,1,2,E01007126,29-04-2018,2,2,2,1,17,4,3,0,0,1,0,-1,9,-1
34770,77.10742808,28.69692053,5,3,3,2,5,15:20,95,E08000015,4,5139,6,30,0,-1,-1,0,0,4,1,1,1,0,0,1,1,E01007267,28-04-2018,2,3,2,1,18,4,3,0,0,2,0,-1,9,1
34771,77.11426798,28.66306657,5,3,2,1,6,07:55,95,E08000015,5,0,6,30,6,2,5,0,0,0,1,1,1,0,0,1,1,E01007177,29-04-2018,1,1,1,2,20,4,3,0,0,0,0,-1,9,3
34772,77.07856179,28.69866028,5,3,3,3,1,16:55,95,E08000015,3,554,6,30,0,-1,-1,0,0,0,1,1,1,0,0,1,1,E01006941,01-05-2018,2,1,1,1,51,8,3,0,0,0,0,-1,5,1
34773,77.34945152,28.61560389,5,3,1,1,6,10:00,95,E08000015,1,53,3,70,0,-1,-1,0,0,0,1,1,1,0,0,2,1,E01018570,22-04-2018,1,1,1,1,93,11,3,0,0,0,0,-1,9,1
34774,77.2868869,28.5743184,5,2,1,1,6,12:00,95,E08000015,6,0,6,30,3,4,6,0,0,0,1,1,1,0,0,1,1,E01007133,29-04-2018,1,1,1,1,43,7,3,0,0,0,0,-1,9,1
34775,77.12116574,28.62196206,5,3,2,1,4,09:01,95,E08000015,3,554,6,30,1,4,3,554,0,0,1,1,1,0,0,1,2,E01007126,04-05-2018,2,2,1,1,91,11,3,0,0,0,0,-1,9,1
34776,77.30581955,28.6509156,5,3,4,3,7,15:33,95,E08000015,5,0,6,30,3,4,6,0,0,0,1,1,1,0,0,1,1,E01007246,07-05-2018,2,1,1,2,28,6,3,0,0,0,0,-1,9,1
34777,77.10545474,28.61942368,5,3,2,1,3,17:45,95,E08000015,5,0,6,30,0,-1,-1,0,0,0,1,1,1,0,7,1,2,E01007125,10-05-2018,2,1,1,1,26,6,3,0,0,0,0,-1,9,1
34778,77.36984654,28.57610851,5,3,2,3,5,17:00,95,E08000015,3,551,6,30,3,4,6,0,0,0,1,1,1,0,0,1,1,E01007217,14-04-2018,1,1,2,1,18,4,2,0,0,2,0,-1,9,3
34779,77.24713648,28.62259741,5,2,2,6,4,20:57,95,E08000015,6,0,6,30,6,4,6,0,0,0,4,1,1,0,0,1,1,E01007289,13-04-2018,1,2,2,1,22,5,3,0,0,1,0,-1,9,1
34780,77.12518051,28.63992755,5,2,2,2,6,00:20,95,E08000015,3,540,6,40,3,4,5,0,0,8,4,1,1,0,0,1,1,E01007191,13-05-2018,1,3,2,1,22,5,3,0,0,2,0,-1,9,-1
34781,77.30449215,28.58787211,5,3,1,1,1,15:50,95,E08000015,3,41,3,50,0,-1,-1,0,0,0,1,1,1,0,0,1,1,E01007140,24-04-2018,1,4,1,1,21,5,3,0,0,0,0,-1,9,1
34782,77.33163356,28.68345017,5,3,1,2,5,10:20,95,E08000015,6,0,6,30,0,-1,-1,0,0,0,1,1,1,0,0,1,1,E01007126,28-04-2018,2,1,1,2,56,9,3,0,0,0,0,-1,9,1
34783,77.33691985,28.68340999,5,3,2,1,1,14:00,95,E08000015,5,0,1,30,1,4,5,0,0,0,1,1,1,0,0,2,1,E01007268,01-05-2018,1,1,1,2,52,8,2,0,0,0,0,-1,9,-1
34784,77.35991634,28.71955735,5,3,1,2,1,08:50,95,E08000015,3,41,3,50,0,-1,-1,0,0,0,1,1,1,0,0,1,1,E01007141,08-05-2018,2,1,1,1,16,4,2,0,0,0,0,-1,1,1
34785,77.29711794,28.57612267,5,3,3,1,7,14:45,95,E08000015,3,553,6,40,8,4,6,0,0,0,1,1,1,0,0,2,1,E01007195,07-05-2018,1,1,1,2,40,7,3,0,0,0,0,-1,9,1
34786,77.3686224,28.6095097,5,1,1,1,6,15:00,95,E08000015,3,41,6,30,0,-1,-1,0,0,5,1,1,1,0,0,1,1,E01007290,13-05-2018,2,1,1,1,57,9,3,0,0,0,0,-1,19,1
34787,77.06473397,28.68245506,5,3,2,1,5,10:20,95,E08000015,4,5136,6,30,0,-1,-1,0,0,0,1,1,1,0,0,1,1,E01007141,05-05-2018,1,1,1,2,21,5,3,0,0,0,0,-1,9,1
34788,77.27346637,28.72522922,5,2,1,1,6,19:30,95,E08000015,6,0,6,30,6,2,3,551,0,0,1,1,1,0,0,1,1,E01007302,29-04-2018,2,1,1,1,25,5,3,0,0,0,0,-1,9,-1
34789,77.36959798,28.5464501,5,2,2,2,5,20:22,95,E08000015,4,5145,6,30,3,4,6,0,0,4,4,1,2,0,0,1,1,E01007271,05-05-2018,1,1,1,2,28,6,3,0,0,0,0,-1,9,1
34790,77.09222551,28.67652214,5,3,2,1,4,08:45,95,E08000015,3,553,6,30,0,-1,-1,0,0,0,1,1,1,0,0,1,2,E01007200,11-05-2018,2,2,1,2,50,8,3,0,0,0,0,-1,9,2
34791,77.09113414,28.69087136,5,2,3,1,2,19:15,95,E08000015,3,5139,3,60,0,-1,-1,0,0,0,1,1,2,0,0,2,1,E01007213,02-05-2018,2,1,1,2,46,8,3,0,0,0,0,-1,9,1
34792,77.36179382,28.63955876,5,3,2,2,2,22:10,95,E08000015,1,53,3,70,0,-1,-1,0,0,0,4,1,2,4,0,2,1,E01007206,25-04-2018,2,2,2,2,83,11,3,0,0,1,0,-1,9,1
34793,77.12543879,28.6212123,5,3,2,1,7,02:00,95,E08000015,4,5136,6,30,3,2,4,5149,0,0,4,1,1,0,0,1,1,E01007115,23-04-2018,1,1,1,2,19,4,3,0,0,0,0,-1,9,2
34794,77.32135253,28.69819056,5,3,2,1,1,13:55,95,E08000015,3,540,6,30,0,-1,-1,0,0,8,1,2,2,0,0,1,1,E01007197,17-04-2018,2,2,2,1,4,1,3,0,0,2,0,-1,9,1
34795,77.19685636,28.58732861,5,3,2,1,3,11:30,95,E08000015,5,0,6,30,6,4,5,0,0,0,1,1,1,0,0,1,1,E01007182,03-05-2018,2,3,2,2,9,2,3,0,0,2,0,-1,9,1
34796,77.3524332,28.62584966,5,3,2,1,7,17:00,95,E08000015,4,5151,6,30,3,3,4,5150,0,0,1,1,1,0,0,1,2,E01007110,07-05-2018,2,1,1,2,50,8,3,0,0,0,0,-1,9,1
34797,77.32031615,28.54011369,5,3,2,2,4,07:40,95,E08000015,4,5138,6,30,3,4,6,0,0,0,1,1,1,0,0,1,1,E01007279,20-04-2018,2,1,1,2,26,6,3,0,0,0,0,-1,9,1
34798,77.33258867,28.61205678,5,3,1,1,6,20:00,95,E08000015,6,0,6,30,3,3,6,0,0,0,1,1,1,0,0,1,1,E01007214,06-05-2018,1,1,1,1,17,4,2,0,0,0,0,-1,3,1
34799,77.05811357,28.61305412,5,3,2,2,7,07:10,95,E08000015,3,552,3,30,6,2,4,5151,0,0,1,1,1,0,0,1,1,E01007243,14-05-2018,1,1,1,1,24,5,3,0,0,0,0,-1,1,-1
34800,77.06236662,28.62365814,5,3,3,1,4,16:45,95,E08000015,4,5136,6,30,0,-1,-1,0,0,0,1,1,1,4,0,1,1,E01007299,27-04-2018,1,1,3,1,11,3,3,5,2,0,0,-1,0,1
34801,77.171199,28.57241327,5,3,2,1,3,08:15,95,E08000015,1,53,3,70,0,-1,-1,0,0,0,1,1,1,0,0,2,2,E01007204,10-05-2018,1,3,1,1,59,9,3,0,0,0,0,-1,9,1
34802,77.13826111,28.58136332,5,3,2,3,3,17:38,95,E08000015,4,5136,6,30,3,4,5,0,0,0,1,1,1,0,0,1,1,E01007295,10-05-2018,2,1,2,2,38,7,3,0,0,1,0,-1,9,-1
34803,77.25488328,28.55419585,5,3,2,5,6,16:25,95,E08000015,3,552,6,30,3,2,3,552,0,5,1,1,1,0,0,1,1,E01007244,13-05-2018,2,2,1,2,52,8,3,0,0,0,0,-1,9,1
34804,77.18364322,28.55634269,5,3,2,1,4,12:30,95,E08000015,6,0,6,30,0,-1,-1,0,0,0,1,1,1,0,0,1,2,E01007240,11-05-2018,1,1,1,1,73,10,3,0,0,0,0,-1,9,1
34805,77.24115477,28.6738977,5,3,2,1,2,16:10,95,E08000015,4,5136,6,30,9,4,5,0,0,0,1,2,2,0,0,1,1,E01007152,16-05-2018,1,1,3,2,8,2,3,4,1,0,0,-1,0,1
34806,77.21316102,28.58346644,5,3,2,1,4,16:54,95,E08000015,6,0,6,30,0,-1,-1,0,0,0,1,1,1,0,0,1,1,E01007162,11-05-2018,1,1,1,1,17,4,3,0,0,0,0,-1,9,1
34807,77.23678297,28.68163589,5,1,2,1,1,15:52,95,E08000015,4,5137,6,30,0,-1,-1,0,0,0,1,4,1,0,0,2,1,E01007144,22-05-2018,1,2,2,1,16,4,3,0,0,1,0,-1,9,1
34808,77.25330873,28.67868022,5,3,2,1,5,13:40,95,E08000015,5,0,6,30,6,4,5,0,0,0,1,1,1,0,0,1,1,E01007179,19-05-2018,2,1,1,2,57,9,3,0,0,0,0,-1,9,1
34809,77.08027633,28.5505876,5,3,1,1,5,08:10,95,E08000015,6,0,6,30,0,-1,-1,0,0,0,1,1,1,4,2,1,1,E01007262,12-05-2018,2,1,1,2,37,7,3,0,0,0,0,-1,9,2
34810,77.28942299,28.7196977,5,3,2,3,3,19:10,95,E08000015,5,0,6,30,6,4,5,0,0,8,1,1,1,0,0,1,1,E01007158,10-05-2018,2,1,1,2,35,6,3,0,0,0,0,-1,9,1
34811,77.23297293,28.65699818,5,3,3,1,3,17:30,95,E08000015,3,551,6,30,3,4,6,0,0,0,1,1,1,0,0,1,1,E01007225,10-05-2018,1,1,1,2,67,10,3,0,0,0,0,-1,9,1
34812,77.15781217,28.6781392,5,3,1,1,5,15:50,95,E08000015,6,0,6,30,0,-1,-1,0,0,0,1,1,1,0,0,1,2,E01007214,12-05-2018,1,2,2,2,74,10,3,0,0,1,0,-1,9,1
34813,77.35818789,28.70814976,5,3,1,1,7,13:30,95,E08000015,6,0,6,30,3,2,3,552,0,0,1,1,1,0,0,1,2,E01007244,14-05-2018,1,1,1,1,19,4,3,0,0,0,0,-1,9,1
34814,77.34662462,28.72212263,5,3,2,1,6,18:50,95,E08000015,4,5151,6,30,6,2,5,0,0,0,1,1,1,0,0,1,2,E01007241,13-05-2018,2,2,1,1,47,8,3,0,0,0,0,-1,20,1
34815,77.33111111,28.53476429,5,3,1,2,1,00:25,95,E08000015,5,0,6,30,3,4,3,551,0,0,4,1,1,0,0,2,1,E01007183,15-05-2018,2,1,2,2,20,4,3,0,0,1,0,-1,19,-1
34816,77.25363977,28.64838372,5,3,1,2,5,13:05,95,E08000015,3,551,6,30,3,4,6,0,0,4,1,1,1,0,0,1,1,E01007227,12-05-2018,2,1,2,2,64,9,3,0,0,1,0,-1,9,1
34817,77.0591318,28.57780793,5,3,2,1,7,13:41,95,E08000015,3,5139,1,30,1,4,3,554,0,0,1,1,1,0,0,2,1,E01007121,14-05-2018,2,2,2,1,56,9,3,0,0,2,0,-1,9,-1
34818,77.2129606,28.54909181,5,3,2,1,5,15:00,95,E08000015,4,5136,6,30,3,4,6,0,0,0,1,1,1,0,0,1,1,E01007154,12-05-2018,2,1,1,2,24,5,3,0,0,0,0,-1,9,1
34819,77.28828995,28.6272779,5,3,3,2,6,20:20,95,E08000015,6,0,6,30,6,4,6,0,0,0,1,1,1,0,0,1,1,E01007201,13-05-2018,1,1,3,2,3,1,3,5,2,0,0,-1,0,1
34820,77.32656189,28.70675394,5,3,2,2,1,13:00,95,E08000015,6,0,3,30,3,4,3,554,0,0,1,9,1,0,0,2,2,E01007124,15-05-2018,1,1,3,1,25,5,2,5,1,0,0,-1,0,-1
34821,77.14896454,28.59894182,5,3,2,1,2,11:15,95,E08000015,3,5027,6,30,6,2,5,0,0,1,1,1,1,0,0,1,2,E01007156,18-04-2018,2,1,1,1,58,9,3,0,0,0,0,-1,1,-1
34822,77.1558329,28.53754339,5,3,2,1,6,16:40,95,E08000015,3,5137,1,40,1,4,4,5151,0,0,1,1,1,0,0,2,2,E01007110,13-05-2018,2,1,1,2,38,7,3,0,0,0,0,-1,9,1
34823,77.11399021,28.66412281,5,2,2,1,1,16:40,95,E08000015,6,0,6,30,8,4,6,0,0,0,1,1,1,0,0,1,1,E01007205,08-05-2018,1,1,1,1,16,4,3,0,0,0,0,-1,2,1
34824,77.0743945,28.6202685,5,3,2,1,6,20:30,95,E08000015,6,0,6,30,0,-1,-1,0,0,0,1,1,1,0,0,1,1,E01007156,20-05-2018,2,1,2,2,30,6,3,0,0,1,0,-1,9,-1
34825,77.32887073,28.59683352,5,3,2,1,6,17:30,95,E08000015,4,5136,6,30,6,4,6,0,0,0,1,1,1,0,0,2,2,E01007144,29-04-2018,1,1,1,1,44,7,3,0,0,0,0,-1,9,1
34826,77.22655268,28.67940175,5,1,3,1,6,22:40,95,E08000015,3,5027,3,40,3,2,6,0,0,0,4,1,1,0,0,2,1,E01007300,20-05-2018,1,1,2,2,33,6,3,0,0,1,0,-1,9,1
34827,77.22538593,28.66360561,5,3,2,1,7,13:30,95,E08000015,3,553,3,30,0,-1,-1,0,0,0,1,1,1,0,0,1,2,E01007126,14-05-2018,1,2,1,1,33,6,3,0,0,0,0,-1,9,1
34828,77.0641935,28.66842627,5,3,2,5,1,19:55,95,E08000015,6,0,6,30,3,4,6,0,0,0,1,1,1,0,0,1,1,E01007288,22-05-2018,1,1,3,2,19,4,3,6,5,0,0,-1,0,-1
34829,77.31925328,28.68139277,5,2,2,2,4,18:08,95,E08000015,6,0,6,30,0,-1,-1,0,0,0,1,1,1,0,0,1,1,E01007300,25-05-2018,2,1,1,1,49,8,3,0,0,0,0,-1,9,1
34830,77.09104799,28.64859187,5,3,2,1,2,18:30,95,E08000015,1,53,3,70,9,4,1,53,0,0,1,1,1,0,2,2,1,E01007124,16-05-2018,2,2,2,2,56,9,3,0,0,1,0,-1,9,-1
34831,77.09790298,28.64948324,5,3,2,1,4,10:48,95,E08000015,4,5151,6,30,6,2,5,0,0,0,1,1,1,0,0,1,2,E01007248,18-05-2018,2,3,2,1,19,4,3,0,0,2,0,-1,9,-1
34832,77.06143061,28.70426867,5,3,2,1,3,19:50,95,E08000015,3,552,6,30,0,-1,-1,0,0,0,1,2,1,0,0,1,1,E01007244,10-05-2018,1,1,2,2,64,9,3,0,0,1,0,-1,9,1
34833,77.17709656,28.67942426,5,3,1,1,5,15:00,95,E08000015,3,5088,6,30,3,4,6,0,0,0,1,1,1,0,0,1,2,E01007214,19-05-2018,1,2,2,1,19,4,3,0,0,2,0,-1,9,1
34834,77.24390892,28.59399624,5,3,2,1,2,18:45,95,E08000015,6,0,6,30,6,4,6,0,0,0,1,1,1,0,0,1,1,E01007236,16-05-2018,1,1,1,1,72,10,3,0,0,0,0,-1,9,1
34835,77.06419023,28.6676122,5,3,2,1,5,20:55,95,E08000015,6,0,6,30,0,-1,-1,0,0,0,1,1,1,0,0,1,2,E01007116,19-05-2018,2,1,1,1,24,5,3,0,0,0,0,-1,1,1
34836,77.26451746,28.7105022,5,3,1,1,5,15:30,95,E08000015,5,0,6,30,0,-1,-1,0,0,4,1,1,1,0,0,2,1,E01007163,19-05-2018,1,1,3,2,73,10,3,5,3,0,0,-1,0,1
34837,77.14822387,28.66913246,5,3,2,1,6,22:30,95,E08000015,3,551,6,30,8,4,6,0,0,0,4,1,1,0,0,1,1,E01007312,20-05-2018,2,1,2,2,44,7,3,0,0,1,0,-1,5,1
34838,77.25534357,28.64335734,5,3,2,1,1,17:25,95,E08000015,5,0,3,30,6,4,3,552,0,0,1,1,1,0,0,1,1,E01007252,22-05-2018,2,2,1,1,52,8,2,0,0,0,0,-1,5,1