Accident_Index,longitude,latitude,Police_Force,Accident_Severity,Number_of_Vehicles,Number_of_Casualties,Day_of_Week,Time,Local_Authority_(District),Local_Authority_(Highway),1st_Road_Class,1st_Road_Number,Road_Type,Speed_limit,Junction_Detail,Junction_Control,2nd_Road_Class,2nd_Road_Number,Pedestrian_Crossing-Human_Control,Pedestrian_Crossing-Physical_Facilities,Light_Conditions,Weather_Conditions,Road_Surface_Conditions,Special_Conditions_at_Site,Carriageway_Hazards,Urban_or_Rural_Area,Did_Police_Officer_Attend_Scene_of_Accident,LSOA_of_Accident_Location,Date,Vehicle_Reference,Casualty_Reference,Casualty_Class,Sex_of_Casualty,Age_of_Casualty,Age_Band_of_Casualty,Casualty_Severity,Pedestrian_Location,Pedestrian_Movement,Car_Passenger,Bus_or_Coach_Passenger,Pedestrian_Road_Maintenance_Worker,Casualty_Type,Casualty_Home_Area_Type
35081,77.30539174,28.63681923,5,3,2,2,3,18:20,95,E08000015,3,540,6,40,0,-1,-1,0,0,0,1,1,1,0,0,2,1,E01007284,28-06-2018,1,1,1,1,44,7,3,0,0,0,0,-1,9,1
35082,77.22989426,28.72127019,5,3,3,3,4,08:20,95,E08000015,6,0,6,30,0,-1,-1,0,0,4,1,1,1,0,0,1,1,E01007299,22-06-2018,2,2,1,1,74,10,3,0,0,0,0,-1,1,1
35083,77.35360047,28.5663427,5,3,2,2,2,10:05,95,E08000015,3,5139,3,40,0,-1,-1,0,0,0,1,2,2,0,0,2,1,E01007121,01-08-2018,2,1,1,2,26,6,2,0,0,0,0,-1,1,1
35084,77.20002826,28.61363612,5,2,2,1,4,23:20,95,E08000015,4,5151,6,30,0,-1,-1,0,0,0,4,1,1,0,0,1,1,E01007240,27-07-2018,1,1,3,1,26,6,2,5,4,0,0,-1,0,-1
35085,77.2923921,28.67805538,5,3,1,1,7,10:20,95,E08000015,6,0,6,30,3,4,6,0,0,0,1,2,2,0,0,1,1,E01007127,13-08-2018,1,1,1,1,33,6,2,0,0,0,0,-1,9,1
35086,77.07948244,28.69197382,5,3,2,1,1,20:15,95,E08000015,4,5136,6,30,0,-1,-1,0,0,0,1,1,1,0,0,1,2,E01007140,14-08-2018,1,2,2,2,18,4,3,0,0,1,0,-1,9,1
35087,77.36558622,28.53564853,5,3,1,1,6,20:25,95,E08000015,3,551,6,30,3,4,6,0,0,0,1,1,1,0,0,2,1,E01007183,12-08-2018,1,3,2,1,20,4,3,0,0,2,0,-1,9,1
35088,77.20821765,28.72299289,5,3,3,3,7,18:50,95,E08000015,6,0,6,30,0,-1,-1,0,0,0,1,1,1,0,0,1,1,E01007169,13-08-2018,2,1,1,1,32,6,3,0,0,0,0,-1,9,1
35089,77.21000478,28.55615976,5,3,1,2,7,00:20,95,E08000015,3,551,2,30,3,4,3,551,0,0,4,1,1,0,0,1,1,E01007214,13-08-2018,2,2,2,2,6,2,3,0,0,1,0,-1,9,1
35090,77.21455299,28.58073157,5,3,1,1,3,12:17,95,E08000015,3,5030,6,30,3,4,3,5027,0,0,1,1,1,0,0,1,1,E01007133,09-08-2018,2,1,1,1,57,9,3,0,0,0,0,-1,17,3
35091,77.11311199,28.54014217,5,3,2,1,4,17:46,95,E08000015,6,0,6,30,6,4,6,0,0,0,1,1,1,0,0,1,1,E01007217,03-08-2018,2,1,1,1,66,10,2,0,0,0,0,-1,5,-1
35092,77.34491424,28.55612684,5,3,2,1,6,17:52,95,E08000015,4,5136,6,30,6,4,6,0,0,8,1,1,1,0,0,1,1,E01007290,12-08-2018,1,1,1,2,53,8,3,0,0,0,0,-1,9,1
35093,77.23206062,28.53541518,5,3,2,2,5,09:00,95,E08000015,6,0,6,60,6,4,4,5151,0,0,1,1,1,0,0,2,1,E01007144,11-08-2018,2,2,1,1,43,7,3,0,0,0,0,-1,9,1
35094,77.08685129,28.64173315,5,3,2,1,2,09:00,95,E08000015,3,551,3,30,3,4,6,0,0,0,1,1,1,0,0,1,1,E01007227,08-08-2018,2,1,1,1,37,7,3,0,0,0,0,-1,9,1
35095,77.10036933,28.62091826,5,3,2,1,3,16:20,95,E08000015,6,0,6,30,6,4,3,552,0,0,1,1,1,0,0,1,2,E01007131,16-08-2018,2,2,2,2,36,7,3,0,0,1,0,-1,9,1
35096,77.24200277,28.57306769,5,3,2,1,7,09:50,95,E08000015,3,551,3,30,5,4,3,554,0,0,1,1,2,0,0,1,1,E01007313,13-08-2018,1,1,2,1,17,4,3,0,0,2,0,-1,9,1
35097,77.2177869,28.69926548,5,3,2,1,6,17:15,95,E08000015,6,0,6,30,0,-1,-1,0,0,0,1,1,1,0,0,1,2,E01007229,19-08-2018,1,2,2,1,15,3,3,0,0,2,0,-1,9,1
35098,77.10411042,28.6837791,5,2,1,1,5,22:20,95,E08000015,6,0,6,60,0,-1,-1,0,0,0,6,1,2,0,0,2,1,E01007144,18-08-2018,2,1,1,1,19,4,3,0,0,0,0,-1,9,1
35099,77.19054396,28.53983743,5,3,2,1,1,15:00,95,E08000015,6,0,6,30,7,4,6,0,0,0,1,1,1,0,0,1,1,E01007174,07-08-2018,2,2,2,2,22,5,3,0,0,1,0,-1,9,1
35100,77.35682441,28.66725187,5,3,2,1,5,00:15,95,E08000015,6,0,6,30,3,4,6,0,0,0,4,1,1,0,0,1,1,E01007212,18-08-2018,2,1,1,1,63,9,3,0,0,0,0,-1,9,1
35101,77.35402504,28.71578763,5,3,2,1,6,15:45,95,E08000015,6,0,6,30,6,4,6,0,0,0,1,1,1,0,0,2,1,E01007110,19-08-2018,1,1,2,2,33,6,3,0,0,2,0,-1,9,1
35102,77.15021227,28.5480296,5,3,2,1,5,11:15,95,E08000015,3,5029,6,30,6,4,3,5029,2,4,1,1,1,0,0,1,2,E01007128,18-08-2018,1,1,1,1,20,4,3,0,0,0,0,-1,9,1
35103,77.08391328,28.59042301,5,3,2,2,1,03:00,95,E08000015,4,5145,6,30,9,4,6,0,0,0,4,1,1,0,0,1,1,E01007271,21-08-2018,1,7,2,1,24,5,3,0,0,1,0,-1,9,-1
35104,77.32437051,28.68397404,5,3,2,3,6,16:30,95,E08000015,6,0,6,30,3,4,6,0,0,0,1,1,1,0,0,1,1,E01007127,12-08-2018,2,2,1,1,20,4,3,0,0,0,0,-1,9,2
35105,77.08039285,28.70495723,5,3,4,4,4,17:25,95,E08000015,3,5027,1,30,1,4,6,0,0,0,1,1,1,0,0,1,1,E01007119,10-08-2018,2,3,2,2,20,4,3,0,0,2,0,-1,9,1
35106,77.17404274,28.62357806,5,2,1,1,4,14:20,95,E08000015,6,0,6,30,0,-1,-1,0,0,0,1,1,1,0,0,1,1,E01007129,10-08-2018,2,4,2,2,20,4,3,0,0,2,0,-1,9,-1
35107,77.30736496,28.6979878,5,3,1,1,1,01:08,95,E08000015,6,0,6,30,3,4,6,0,0,0,6,1,1,0,0,1,1,E01007176,21-08-2018,2,5,2,2,20,4,3,0,0,2,0,-1,9,-1
35108,77.09952069,28.63981554,5,3,2,1,2,04:09,95,E08000015,6,0,6,30,3,4,3,551,0,0,6,1,1,0,0,2,1,E01007256,15-08-2018,2,6,2,1,24,5,3,0,0,1,0,-1,9,-1
35109,77.22393003,28.58268353,5,2,1,1,3,08:50,95,E08000015,4,5149,6,30,0,-1,-1,0,0,1,1,1,1,0,0,1,1,E01007293,05-07-2018,2,1,1,1,43,7,3,0,0,0,0,-1,1,2
35110,77.20961944,28.70959028,5,3,2,2,3,17:20,95,E08000015,6,0,6,30,3,4,6,0,0,0,1,2,2,0,0,1,1,E01007126,23-08-2018,1,1,1,1,22,5,3,0,0,0,0,-1,9,1
35111,77.0909064,28.57120109,5,3,2,1,4,18:36,95,E08000015,6,0,6,60,3,4,6,0,0,0,1,1,1,0,0,2,1,E01007113,17-08-2018,2,2,1,1,49,8,3,0,0,0,0,-1,9,1
35112,77.08357466,28.68463538,5,2,2,2,4,22:53,95,E08000015,1,53,3,70,0,-1,-1,0,0,0,6,1,1,0,0,2,1,E01007247,17-08-2018,1,1,3,2,53,8,3,5,1,0,0,-1,0,1
35113,77.08290149,28.72199801,5,3,2,1,1,13:45,95,E08000015,3,553,6,30,7,4,6,0,0,0,1,1,1,0,0,1,2,E01007208,21-08-2018,1,1,1,1,20,4,3,0,0,0,0,-1,19,1
35114,77.22780095,28.70739561,5,2,1,1,1,15:05,95,E08000015,5,0,6,30,0,-1,-1,0,0,0,1,1,1,0,0,1,1,E01007161,17-07-2018,1,2,2,2,16,4,3,0,0,1,0,-1,19,3
35115,77.36823299,28.63583253,5,3,1,1,6,15:10,95,E08000015,6,0,6,60,0,-1,-1,0,0,0,1,1,1,0,0,2,1,E01007183,15-07-2018,1,1,1,2,25,5,3,0,0,0,0,-1,9,1
35116,77.19435471,28.6163533,5,3,2,1,1,12:15,95,E08000015,3,5139,1,40,1,4,3,554,0,0,1,1,1,0,0,2,1,E01007121,21-08-2018,2,2,1,1,13,3,3,0,0,0,0,-1,1,1
35117,77.05776681,28.58314995,5,3,1,1,1,08:55,95,E08000015,3,551,3,40,6,4,3,551,0,0,1,1,1,0,0,1,1,E01007313,21-08-2018,1,1,1,2,28,6,3,0,0,0,0,-1,9,1
35118,77.31550322,28.70823544,5,3,1,1,4,15:00,95,E08000015,6,0,6,30,6,4,6,0,0,0,1,1,1,0,0,1,2,E01007226,24-08-2018,2,2,1,1,52,8,3,0,0,0,0,-1,9,1
35119,77.06277831,28.58894428,5,3,1,1,5,12:35,95,E08000015,3,552,1,30,1,4,3,551,0,0,1,1,2,0,0,1,1,E01007251,25-08-2018,2,1,1,1,53,8,3,0,0,0,0,-1,1,2
35120,77.36891466,28.64016848,5,3,2,2,5,09:00,95,E08000015,3,552,7,30,5,4,6,0,0,7,1,2,2,0,0,1,1,E01007252,25-08-2018,2,1,1,2,35,6,3,0,0,0,0,-1,9,-1
35121,77.09467807,28.54416278,5,2,2,1,4,13:10,95,E08000015,3,552,1,40,1,4,1,53,0,0,1,1,1,0,0,2,1,E01007304,20-07-2018,1,1,1,1,18,4,3,0,0,0,0,-1,9,1
35122,77.05990673,28.70643028,5,3,4,1,4,16:40,95,E08000015,3,551,6,40,3,2,6,0,0,0,1,1,1,0,0,2,1,E01007255,24-08-2018,2,2,1,1,23,5,3,0,0,0,0,-1,9,1
35123,77.2074982,28.58334445,5,3,2,1,1,22:00,95,E08000015,4,5143,6,30,3,4,3,554,0,0,4,1,1,0,0,1,2,E01007231,28-08-2018,1,1,1,1,17,4,3,0,0,0,0,-1,9,2
35124,77.15775254,28.55948088,5,3,2,3,7,12:51,95,E08000015,3,551,6,30,5,2,6,0,0,4,1,1,1,0,0,1,1,E01007212,27-08-2018,1,2,3,1,7,2,3,5,1,0,0,-1,0,-1
35125,77.15284924,28.69124184,5,1,2,5,5,22:35,95,E08000015,3,551,6,40,0,-1,-1,0,0,0,4,2,2,0,0,2,1,E01007183,25-08-2018,1,1,1,2,44,7,3,0,0,0,0,-1,3,3
35126,77.27184444,28.59986029,5,1,2,1,6,09:35,95,E08000015,6,0,6,30,0,-1,-1,0,0,0,1,1,1,0,0,1,1,E01007120,26-08-2018,2,1,1,1,46,8,3,0,0,0,0,-1,9,1
35127,77.12762318,28.63544407,5,3,1,1,7,01:15,95,E08000015,3,5088,6,30,1,4,6,0,0,0,4,1,1,0,7,1,1,E01007121,27-08-2018,3,2,1,2,36,7,3,0,0,0,0,-1,9,2
35128,77.31449769,28.61603722,5,2,2,1,1,19:25,95,E08000015,6,0,6,30,3,4,6,0,0,0,1,1,1,0,0,1,1,E01007246,28-08-2018,2,1,1,2,30,6,3,0,0,0,0,-1,9,1
35129,77.20963872,28.61974412,5,3,2,2,2,23:25,95,E08000015,6,0,6,30,3,4,6,0,0,0,4,1,1,0,0,1,1,E01007291,15-08-2018,2,1,1,2,32,6,3,0,0,0,0,-1,9,1
35130,77.15967447,28.7064151,5,3,2,1,5,12:15,95,E08000015,6,0,6,30,3,4,6,0,0,0,1,1,2,0,0,1,2,E01007227,25-08-2018,1,1,1,2,50,8,3,0,0,0,0,-1,9,1
35131,77.12039041,28.66860649,5,2,6,3,3,05:10,95,E08000015,6,0,6,30,3,4,6,0,0,0,4,1,1,0,0,1,1,E01007290,30-08-2018,2,2,1,1,27,6,3,0,0,0,0,-1,9,1
35132,77.22532979,28.64598332,5,2,2,1,5,18:45,95,E08000015,6,0,6,30,3,4,3,553,0,0,1,1,1,0,0,1,2,E01007206,18-08-2018,1,1,1,1,40,7,3,0,0,0,0,-1,9,1
35133,77.14990179,28.60362659,5,3,2,3,5,19:40,95,E08000015,3,5139,6,30,3,4,6,0,0,0,1,1,1,0,0,1,1,E01007269,25-08-2018,1,1,2,2,15,3,3,0,0,1,0,-1,9,1
35134,77.26461206,28.65124616,5,3,2,1,2,18:30,95,E08000015,3,553,1,30,1,2,3,551,0,5,1,1,1,0,0,1,2,E01007227,22-08-2018,1,1,1,1,30,6,3,0,0,0,0,-1,9,1
35135,77.18226357,28.54109225,5,3,2,1,3,18:30,95,E08000015,3,5027,3,30,3,2,6,0,0,8,1,1,1,0,0,2,1,E01007300,30-08-2018,1,2,2,1,34,6,2,0,0,2,0,-1,9,1
35136,77.26449124,28.57886511,5,3,2,1,3,20:30,95,E08000015,6,0,6,30,6,4,6,0,0,0,4,1,1,0,0,1,1,E01007124,30-08-2018,1,3,2,2,40,7,3,0,0,2,0,-1,9,-1
35137,77.20574277,28.72794822,5,2,2,2,5,17:35,95,E08000015,3,5137,1,60,1,2,4,5151,0,0,1,1,1,0,0,2,1,E01007144,01-09-2018,1,1,2,2,16,4,3,0,0,1,0,-1,9,2
35138,77.23192356,28.5933138,5,3,2,2,6,00:35,95,E08000015,1,53,3,70,0,-1,-1,0,0,0,6,1,1,0,0,2,1,E01007150,02-09-2018,1,2,2,1,17,4,3,0,0,2,0,-1,9,3
35139,77.24038986,28.71593556,5,3,2,1,7,14:15,95,E08000015,3,554,7,40,5,4,4,5477,0,0,1,1,1,0,0,2,1,E01007308,27-08-2018,1,1,3,2,59,9,3,5,3,0,0,-1,0,-1
35140,77.08846234,28.67166075,5,3,2,1,5,09:15,95,E08000015,6,0,6,30,6,4,3,552,0,0,1,1,2,0,0,1,2,E01007126,01-09-2018,1,1,1,1,26,6,3,0,0,0,0,-1,9,1
35141,77.13204309,28.59950593,5,3,1,1,1,16:00,95,E08000015,4,5132,6,30,3,4,6,0,0,0,1,1,1,0,0,1,2,E01007164,04-09-2018,1,2,2,2,24,5,3,0,0,1,0,-1,9,1
35142,77.19994285,28.58689382,5,3,1,1,1,11:00,95,E08000015,6,0,6,30,0,-1,-1,0,0,0,1,1,1,0,0,1,1,E01007156,14-08-2018,1,1,3,2,69,10,2,9,7,0,0,-1,0,1
35143,77.36852113,28.61705001,5,3,2,1,5,22:20,95,E08000015,3,552,3,40,0,-1,-1,0,0,5,4,1,1,0,0,2,1,E01007304,25-08-2018,2,1,1,1,38,7,3,0,0,0,0,-1,9,1
35144,77.08930717,28.5380005,5,3,2,2,6,16:40,95,E08000015,3,553,6,30,0,-1,-1,0,0,0,1,1,1,0,0,1,2,E01007193,05-08-2018,1,1,1,2,25,5,3,0,0,0,0,-1,9,1
35145,77.16000522,28.56760804,5,3,2,1,2,09:00,95,E08000015,6,0,6,30,6,4,6,0,0,0,1,1,2,0,0,1,1,E01007239,05-09-2018,2,1,2,1,-1,-1,3,0,0,2,0,-1,9,1
35146,77.26537418,28.71416413,5,3,2,1,1,15:15,95,E08000015,3,551,6,30,3,4,6,0,0,4,1,1,1,4,0,1,1,E01007313,28-08-2018,2,2,2,1,-1,-1,3,0,0,2,0,-1,9,-1
35147,77.2281572,28.6340724,5,3,1,1,6,08:55,95,E08000015,6,0,6,30,3,4,6,0,0,0,1,1,2,0,0,1,1,E01007217,26-08-2018,1,1,1,1,42,7,3,0,0,0,0,-1,9,1
35148,77.25345585,28.64589066,5,2,2,5,3,21:25,95,E08000015,6,0,6,30,3,4,6,0,0,0,4,1,1,0,0,1,1,E01007128,06-09-2018,2,1,1,1,46,8,2,0,0,0,0,-1,1,1
35149,77.09696269,28.62846543,5,3,2,1,5,21:08,95,E08000015,3,551,6,30,3,4,6,0,0,0,4,1,1,0,0,1,1,E01007212,18-08-2018,2,1,1,2,38,7,3,0,0,0,0,-1,9,3
35150,77.16441067,28.69029993,5,3,2,1,2,01:30,95,E08000015,6,0,6,30,3,4,6,0,0,0,4,1,2,0,0,1,2,E01007306,05-09-2018,1,1,1,1,30,6,2,0,0,0,0,-1,9,1
35151,77.26317674,28.5797352,5,3,2,1,5,12:00,95,E08000015,6,0,6,30,0,-1,-1,0,0,0,1,9,1,0,0,1,2,E01007149,23-06-2018,2,1,1,2,27,6,3,0,0,0,0,-1,9,1
35152,77.28710576,28.6871035,5,3,2,1,1,12:15,95,E08000015,6,0,6,30,3,4,6,0,0,0,1,1,1,0,0,1,2,E01007212,11-09-2018,2,1,1,1,41,7,3,0,0,0,0,-1,4,1
35153,77.11530914,28.60426686,5,3,2,1,6,07:50,95,E08000015,6,0,6,30,6,4,6,0,0,0,1,2,2,0,0,1,2,E01007291,09-09-2018,2,1,1,2,50,8,3,0,0,0,0,-1,9,1
35154,77.12337673,28.60720897,5,3,1,1,1,19:00,95,E08000015,6,0,6,30,3,2,6,0,0,4,1,1,1,0,0,1,1,E01007133,11-09-2018,2,1,1,1,47,8,3,0,0,0,0,-1,9,1
35155,77.23322774,28.61036782,5,3,3,6,7,01:44,95,E08000015,6,0,6,30,3,4,6,0,0,1,4,1,1,0,0,1,1,E01007159,10-09-2018,1,1,3,2,69,10,3,8,1,0,0,-1,0,3
35156,77.1795306,28.66764451,5,3,1,1,6,16:55,95,E08000015,6,0,6,30,3,4,6,0,0,4,1,1,1,0,0,1,1,E01007122,09-09-2018,1,1,1,2,46,8,3,0,0,0,0,-1,19,3
35157,77.0830233,28.59484294,5,3,1,1,5,18:05,95,E08000015,3,552,6,30,6,2,6,0,0,0,1,2,2,0,0,1,1,E01007252,08-09-2018,1,2,2,1,42,7,3,0,0,1,0,-1,19,1
35158,77.13462957,28.64166684,5,2,2,1,5,19:20,95,E08000015,3,41,3,30,6,2,6,0,0,5,4,2,2,0,0,1,1,E01007135,08-09-2018,1,3,2,1,25,5,3,0,0,1,0,-1,19,3
35159,77.2228942,28.5660381,5,3,1,2,1,19:05,95,E08000015,4,5132,6,30,7,2,4,5132,0,0,1,1,1,0,0,1,1,E01007164,04-09-2018,1,1,1,1,17,4,3,0,0,0,0,-1,9,1
35160,77.35073793,28.55597213,5,3,2,2,4,13:50,95,E08000015,3,540,6,40,3,4,6,0,0,0,1,1,1,0,0,1,1,E01007283,17-08-2018,2,2,1,2,41,7,3,0,0,0,0,-1,9,1
35161,77.13324574,28.70867157,5,2,2,1,7,18:40,95,E08000015,6,0,6,30,3,4,6,0,0,0,1,1,1,0,0,1,1,E01007234,10-09-2018,2,3,2,1,43,7,3,0,0,1,0,-1,9,1
35162,77.33616274,28.54647887,5,3,1,1,1,18:45,95,E08000015,4,5149,6,30,9,4,6,0,0,0,1,1,1,0,0,1,1,E01007293,11-09-2018,1,1,3,1,35,6,3,5,3,0,0,-1,0,-1
35163,77.06436563,28.64181513,5,3,2,3,5,10:50,95,E08000015,3,5137,6,30,3,4,6,0,0,0,1,1,1,0,0,1,1,E01007144,08-09-2018,2,1,1,1,51,8,3,0,0,0,0,-1,1,1
35164,77.07302877,28.56977875,5,3,3,4,4,17:50,95,E08000015,3,552,6,30,3,4,6,0,0,0,1,1,1,0,0,1,1,E01007252,24-08-2018,1,1,1,2,22,5,3,0,0,0,0,-1,9,1
35165,77.19168164,28.690997,5,3,2,1,5,15:57,95,E08000015,6,0,6,30,6,4,6,0,0,0,1,2,2,0,0,1,1,E01007275,08-09-2018,1,2,2,2,44,7,2,0,0,1,0,-1,9,2
35166,77.18515919,28.60972644,5,2,2,1,5,08:50,95,E08000015,6,0,6,30,3,4,6,0,0,8,1,5,2,0,0,1,2,E01007157,25-08-2018,1,1,1,1,20,4,3,0,0,0,0,-1,9,-1
35167,77.19835364,28.54834961,5,3,2,1,1,13:50,95,E08000015,4,5148,6,30,6,4,4,5148,0,0,1,1,1,0,0,1,1,E01007291,11-09-2018,2,1,1,2,21,5,3,0,0,0,0,-1,9,1
35168,77.25279197,28.56147914,5,3,1,1,3,14:35,95,E08000015,6,0,3,30,3,4,6,0,0,5,1,1,1,0,0,1,1,E01007128,13-09-2018,2,3,2,2,16,4,3,0,0,1,0,-1,9,1
35169,77.26333199,28.53235185,5,2,2,2,3,19:45,95,E08000015,6,0,6,30,6,4,6,0,0,0,1,1,1,0,0,1,1,E01007182,26-07-2018,3,2,1,2,33,6,3,0,0,0,0,-1,9,1
35170,77.18846454,28.61561489,5,3,2,2,7,16:00,95,E08000015,3,41,3,40,3,2,6,0,0,0,1,2,2,0,0,2,2,E01007140,03-09-2018,3,4,2,1,36,7,3,0,0,1,0,-1,9,1
35171,77.2812834,28.7233825,5,3,1,1,5,19:50,95,E08000015,3,5139,3,50,0,-1,-1,0,0,0,1,2,2,0,0,1,1,E01007269,28-07-2018,2,1,1,2,59,9,3,0,0,0,0,-1,9,1
35172,77.25960362,28.62776424,5,2,1,1,4,23:30,95,E08000015,6,0,6,30,0,-1,-1,0,0,0,4,1,1,0,0,1,1,E01007151,14-09-2018,3,2,1,2,42,7,3,0,0,0,0,-1,9,1
35173,77.32314607,28.56544475,5,3,2,1,6,09:50,95,E08000015,3,553,6,30,3,4,6,0,0,0,1,1,1,0,0,1,1,E01007202,16-09-2018,2,1,1,1,43,7,3,0,0,0,0,-1,9,1
35174,77.31733279,28.59267631,5,3,2,1,3,15:00,95,E08000015,3,553,1,30,1,4,3,553,0,0,1,1,1,6,0,2,2,E01007120,13-09-2018,3,2,1,2,18,4,3,0,0,0,0,-1,9,1
35175,77.33474914,28.57295779,5,3,2,1,7,00:15,95,E08000015,3,553,3,30,0,-1,-1,0,0,0,4,2,2,0,0,1,2,E01007126,17-09-2018,2,1,1,2,-1,-1,3,0,0,0,0,-1,9,1
35176,77.08087078,28.56174386,5,2,2,1,7,19:50,95,E08000015,4,5145,6,30,3,4,6,0,0,0,4,1,1,0,0,1,1,E01007270,17-09-2018,1,2,2,1,27,6,3,0,0,1,0,-1,9,1
35177,77.21292262,28.55153812,5,3,2,1,7,08:50,95,E08000015,6,0,6,30,5,4,3,552,0,0,1,1,1,0,0,1,2,E01007128,27-08-2018,2,1,1,1,18,4,3,0,0,0,0,-1,9,1
35178,77.31097991,28.61607655,5,2,1,1,6,08:50,95,E08000015,6,0,6,30,3,4,6,0,0,0,1,1,1,0,0,1,1,E01007242,16-09-2018,1,1,1,1,34,6,3,0,0,0,0,-1,9,2
35179,77.29284775,28.67041831,5,3,1,1,5,08:35,95,E08000015,4,5149,6,30,3,4,6,0,0,0,1,2,2,0,0,1,1,E01007178,15-09-2018,2,2,1,1,57,9,3,0,0,0,0,-1,9,2
35180,77.28088516,28.66656361,5,2,1,1,7,01:15,95,E08000015,6,0,6,30,3,4,6,0,0,0,4,1,2,0,0,1,1,E01007171,10-09-2018,2,3,2,2,50,8,2,0,0,1,0,-1,9,2
35181,77.20190448,28.56970574,5,3,2,1,6,12:45,95,E08000015,1,53,3,70,0,-1,-1,0,0,0,1,1,1,0,0,2,1,E01007210,16-09-2018,1,1,1,1,19,4,3,0,0,0,0,-1,9,1
35182,77.25185976,28.58645948,5,3,1,1,5,17:00,95,E08000015,6,0,6,30,3,4,6,0,0,4,1,2,2,0,0,1,2,E01007253,15-09-2018,1,1,1,2,72,10,3,0,0,0,0,-1,9,3
35183,77.3577636,28.53483415,5,3,2,2,1,16:30,95,E08000015,3,5027,1,30,1,4,4,5139,0,0,1,1,1,0,0,1,2,E01007302,18-09-2018,2,2,2,2,91,11,3,0,0,2,0,-1,9,2
35184,77.28155499,28.66918641,5,3,1,4,5,22:25,95,E08000015,6,0,6,30,0,-1,-1,0,0,0,4,2,2,0,0,1,1,E01007128,25-08-2018,1,1,1,2,22,5,3,0,0,0,0,-1,9,2
35185,77.06824281,28.55426644,5,3,1,1,4,23:59,95,E08000015,4,5142,6,30,6,4,6,0,0,0,4,1,2,0,0,1,2,E01007216,21-09-2018,1,2,3,2,14,3,2,5,1,0,0,-1,0,1
35186,77.16159138,28.55656617,5,3,2,1,4,16:40,95,E08000015,3,552,6,30,0,-1,-1,0,0,0,1,1,1,0,0,1,2,E01007252,21-09-2018,2,1,1,1,45,7,3,0,0,0,0,-1,9,1
35187,77.12559397,28.66273689,5,3,2,1,5,08:45,95,E08000015,3,553,6,30,3,4,6,0,0,0,1,1,1,0,0,1,1,E01007208,22-09-2018,2,1,1,1,33,6,3,0,0,0,0,-1,9,1
35188,77.15783524,28.70572093,5,3,2,2,5,21:50,95,E08000015,4,5151,6,30,3,4,6,0,0,0,6,2,2,0,0,2,1,E01007144,08-09-2018,1,1,1,2,67,10,3,0,0,0,0,-1,9,2
35189,77.10366875,28.59791063,5,3,2,1,6,11:45,95,E08000015,4,5149,6,30,3,4,6,0,0,0,1,1,1,0,0,1,2,E01007293,23-09-2018,2,2,1,2,67,10,3,0,0,0,0,-1,9,1
35190,77.15705533,28.59395307,5,2,1,1,3,15:15,95,E08000015,3,41,6,30,0,-1,-1,0,0,0,1,1,1,0,0,1,1,E01007290,20-09-2018,2,3,2,1,67,10,3,0,0,1,0,-1,9,1
35191,77.14587315,28.60458904,5,3,3,1,6,20:00,95,E08000015,6,0,6,30,6,4,6,0,0,0,4,1,1,0,0,1,1,E01007129,16-09-2018,2,1,1,2,51,8,2,0,0,0,0,-1,9,1
35192,77.28657146,28.56423936,5,3,2,1,5,08:55,95,E08000015,6,0,6,30,0,-1,-1,0,0,0,1,2,2,0,0,1,1,E01007111,15-09-2018,1,1,1,1,16,4,3,0,0,0,0,-1,2,1
35193,77.1254444,28.57159703,5,3,3,1,2,17:20,95,E08000015,3,5030,6,30,6,4,6,0,0,0,1,1,1,0,0,1,1,E01007126,26-09-2018,2,2,1,2,44,7,3,0,0,0,0,-1,9,1
35194,77.33034501,28.59364036,5,3,1,1,1,19:35,95,E08000015,6,0,6,30,6,4,6,0,0,0,4,1,1,0,0,1,1,E01007303,25-09-2018,1,1,1,1,37,7,3,0,0,0,0,-1,9,1
35195,77.3526227,28.60183103,5,3,2,1,1,18:00,95,E08000015,6,0,6,30,3,4,6,0,0,0,1,1,1,0,0,1,1,E01007273,25-09-2018,1,1,1,2,17,4,3,0,0,0,0,-1,9,1
35196,77.09199537,28.64415614,5,3,2,1,5,08:05,95,E08000015,3,553,6,30,3,2,6,0,1,5,1,1,1,0,0,1,2,E01007221,22-09-2018,1,1,1,2,29,6,3,0,0,0,0,-1,9,1
35197,77.07520899,28.55042031,5,3,2,1,2,16:00,95,E08000015,6,0,6,30,3,4,3,540,0,0,1,1,1,0,0,1,1,E01007198,26-09-2018,1,1,1,1,25,5,3,0,0,0,0,-1,9,1
35198,77.18240842,28.57852752,5,2,2,2,5,12:15,95,E08000015,3,551,6,30,8,4,6,0,0,0,1,1,1,0,0,1,1,E01007298,22-09-2018,1,1,2,1,70,10,3,0,0,1,0,-1,9,-1
35199,77.30016347,28.58727663,5,2,1,1,1,20:45,95,E08000015,3,551,6,30,0,-1,-1,0,0,0,4,1,2,0,0,2,1,E01007183,25-09-2018,2,1,1,1,59,9,3,0,0,0,0,-1,9,1
35200,77.13164938,28.53756494,5,2,1,1,6,20:40,95,E08000015,6,0,6,30,9,4,6,0,0,0,4,1,1,0,0,1,1,E01007125,23-09-2018,1,1,1,2,59,9,3,0,0,0,0,-1,9,1
35201,77.3077684,28.65388404,5,3,2,1,1,19:20,95,E08000015,6,0,6,30,6,4,6,0,0,0,4,2,2,0,0,1,1,E01007181,25-09-2018,2,2,1,1,55,8,3,0,0,0,0,-1,9,1
35202,77.32033196,28.53629913,5,2,2,2,6,14:25,95,E08000015,6,0,6,30,6,4,6,0,0,0,1,1,1,0,0,1,1,E01007242,30-09-2018,1,1,1,1,21,5,3,0,0,0,0,-1,9,1