Accident_Index,longitude,latitude,Police_Force,Accident_Severity,Number_of_Vehicles,Number_of_Casualties,Day_of_Week,Time,Local_Authority_(District),Local_Authority_(Highway),1st_Road_Class,1st_Road_Number,Road_Type,Speed_limit,Junction_Detail,Junction_Control,2nd_Road_Class,2nd_Road_Number,Pedestrian_Crossing-Human_Control,Pedestrian_Crossing-Physical_Facilities,Light_Conditions,Weather_Conditions,Road_Surface_Conditions,Special_Conditions_at_Site,Carriageway_Hazards,Urban_or_Rural_Area,Did_Police_Officer_Attend_Scene_of_Accident,LSOA_of_Accident_Location,Date,Vehicle_Reference,Casualty_Reference,Casualty_Class,Sex_of_Casualty,Age_of_Casualty,Age_Band_of_Casualty,Casualty_Severity,Pedestrian_Location,Pedestrian_Movement,Car_Passenger,Bus_or_Coach_Passenger,Pedestrian_Road_Maintenance_Worker,Casualty_Type,Casualty_Home_Area_Type
35566,77.32867235,28.66234684,5,3,2,1,2,10:58,93,E08000014,4,5110,6,30,0,-1,-1,0,0,0,1,1,1,0,0,1,1,E01007019,14-03-2018,1,1,3,1,18,4,2,8,3,0,0,-1,0,-1
35567,77.31266054,28.62732496,5,3,2,1,6,19:20,93,E08000014,5,0,6,30,6,4,5,0,0,0,4,9,1,0,0,1,2,E01007059,04-03-2018,2,1,1,1,17,4,3,0,0,0,0,-1,2,1
35568,77.13908275,28.59986967,5,3,1,3,3,12:15,93,E08000014,3,565,6,30,0,-1,-1,0,0,4,1,1,1,0,0,1,2,E01006968,15-03-2018,2,1,1,1,29,6,3,0,0,0,0,-1,8,1
35569,77.19490598,28.65674157,5,3,1,1,6,15:23,93,E08000014,4,5424,6,30,0,-1,-1,0,0,1,1,1,1,0,0,1,1,E01007076,11-03-2018,1,1,1,1,39,7,3,0,0,0,0,-1,9,-1
35570,77.15614287,28.54185219,5,3,1,2,3,20:50,93,E08000014,3,5038,3,30,0,-1,-1,0,0,4,4,1,1,0,0,1,1,E01007052,15-03-2018,1,1,1,2,46,8,3,0,0,0,0,-1,3,1
35571,77.17610714,28.67160154,5,3,1,1,4,15:25,93,E08000014,6,0,6,30,0,-1,-1,0,0,0,1,1,1,0,0,1,2,E01007048,16-03-2018,1,1,1,1,20,4,3,0,0,0,0,-1,1,1
35572,77.12819501,28.71771684,5,3,2,1,4,16:50,93,E08000014,6,0,6,30,0,-1,-1,0,0,0,1,9,1,0,0,2,2,E01006944,16-03-2018,1,1,3,2,23,5,2,4,1,0,0,-1,0,2
35573,77.19036005,28.59225229,5,3,1,1,5,21:30,93,E08000014,6,0,2,30,0,-1,-1,0,0,0,4,1,1,0,0,1,1,E01006984,17-03-2018,2,1,1,2,48,8,3,0,0,0,0,-1,9,1
35574,77.31243415,28.63844386,5,3,2,1,3,18:00,93,E08000014,3,565,3,40,0,-1,-1,0,0,0,7,1,1,0,0,1,2,E01007009,08-02-2018,1,1,3,1,11,3,2,5,1,0,0,-1,0,1
35575,77.29568166,28.62514971,5,3,1,2,1,20:05,93,E08000014,5,0,1,50,1,4,5,0,0,0,4,1,1,0,0,2,1,E01006922,20-03-2018,2,1,2,2,48,8,3,0,0,1,0,-1,9,1
35576,77.33985972,28.56892172,5,3,1,1,7,15:59,93,E08000014,6,0,6,30,0,-1,-1,0,0,0,1,1,1,0,0,1,1,E01006942,19-03-2018,2,2,2,2,14,3,3,0,0,2,0,-1,9,1
35577,77.1682172,28.70776524,5,2,2,1,6,18:40,93,E08000014,6,0,6,30,3,4,6,0,0,0,4,1,1,0,0,1,1,E01007099,18-03-2018,1,1,2,1,65,9,3,0,0,2,0,-1,8,2
35578,77.1073613,28.59830301,5,3,2,8,7,15:50,93,E08000014,3,5036,3,40,6,2,6,0,0,0,1,1,1,2,0,1,1,E01007014,19-03-2018,2,1,2,2,36,7,3,0,0,2,0,-1,8,1
35579,77.22002933,28.53597477,5,3,2,1,6,16:30,93,E08000014,3,566,3,40,7,2,3,565,0,0,1,1,1,0,0,1,1,E01007005,18-03-2018,1,1,3,1,7,2,3,5,2,0,0,-1,0,1
35580,77.29749624,28.58633247,5,2,2,1,6,10:10,93,E08000014,4,5276,6,30,0,-1,-1,0,0,0,1,1,1,0,0,1,2,E01006999,18-03-2018,2,1,1,1,41,7,3,0,0,0,0,-1,5,1
35581,77.27763556,28.63999181,5,3,2,1,7,16:40,93,E08000014,5,0,6,30,0,-1,-1,0,0,0,1,1,1,0,0,1,1,E01007063,19-03-2018,2,2,2,2,52,8,3,0,0,0,0,-1,5,1
35582,77.24502304,28.65792276,5,3,2,1,4,15:45,93,E08000014,5,0,1,30,1,4,6,0,0,0,1,1,1,0,0,1,2,E01007040,16-03-2018,1,1,3,1,47,8,3,6,9,0,0,-1,0,1
35583,77.10182532,28.58325958,5,3,2,1,7,15:05,93,E08000014,5,0,1,30,1,4,5,0,0,0,1,1,1,0,0,2,2,E01007040,19-03-2018,1,2,3,1,41,7,3,6,9,0,0,-1,0,3
35584,77.09519606,28.62964448,5,3,2,1,1,15:15,93,E08000014,4,5245,3,30,3,2,6,0,0,0,1,1,1,0,0,1,2,E01006975,20-03-2018,1,3,3,1,39,7,3,6,9,0,0,-1,0,1
35585,77.06664043,28.53392542,5,3,2,1,7,13:00,93,E08000014,4,5422,6,30,3,4,6,0,0,0,1,1,1,0,0,1,2,E01007073,19-03-2018,1,4,3,1,38,7,3,6,9,0,0,-1,0,1
35586,77.36783168,28.71102977,5,3,2,1,6,14:45,93,E08000014,5,0,6,30,0,-1,-1,0,0,4,1,1,1,0,0,1,2,E01007081,18-03-2018,1,1,3,2,34,6,3,6,9,0,0,-1,0,1
35587,77.34699357,28.54251006,5,3,2,1,6,20:30,93,E08000014,3,565,6,30,6,2,3,5057,0,0,4,1,1,0,6,1,2,E01007009,18-03-2018,1,1,3,2,12,3,3,5,1,0,0,-1,0,-1
35588,77.16016161,28.60775033,5,3,3,1,1,18:00,93,E08000014,6,0,6,30,6,4,6,0,0,0,1,1,1,0,0,1,2,E01006957,20-03-2018,2,1,1,1,49,8,3,0,0,0,0,-1,1,1
35589,77.21149527,28.58305598,5,3,1,1,3,01:10,93,E08000014,5,0,6,30,6,4,3,5267,0,8,4,2,2,0,0,1,1,E01006951,22-03-2018,2,1,2,2,13,3,3,0,0,2,0,-1,9,1
35590,77.16565777,28.6361979,5,3,2,3,3,16:20,93,E08000014,4,5422,6,30,8,4,4,5422,0,0,1,1,1,0,0,1,2,E01007071,22-03-2018,2,1,1,1,9,2,3,0,0,0,0,-1,1,1
35591,77.27894834,28.58913225,5,3,1,1,4,07:57,93,E08000014,5,0,2,30,3,2,3,570,0,5,1,1,1,0,0,1,2,E01006968,23-03-2018,1,1,1,2,18,4,3,0,0,0,0,-1,9,1
35592,77.06470417,28.61460906,5,3,2,1,7,14:40,93,E08000014,3,5058,3,40,6,2,3,565,0,5,1,1,2,0,0,1,1,E01007010,26-03-2018,1,2,2,2,23,5,2,0,0,2,0,-1,9,1
35593,77.31445416,28.66807436,5,3,2,1,7,17:00,93,E08000014,3,567,6,30,9,2,3,5057,0,0,1,1,1,0,0,1,1,E01007009,19-03-2018,3,1,2,2,20,4,3,0,0,1,0,-1,9,-1
35594,77.33283638,28.59508958,5,3,2,1,3,14:45,93,E08000014,4,5110,6,30,6,2,3,566,0,5,1,1,1,0,0,1,1,E01007019,22-03-2018,1,1,3,1,18,4,2,5,1,0,0,-1,0,1
35595,77.16604088,28.72160445,5,3,3,5,4,16:30,93,E08000014,4,5110,6,30,0,-1,-1,0,0,0,1,1,1,0,0,1,1,E01007019,23-03-2018,2,1,1,1,32,6,3,0,0,0,0,-1,1,-1
35596,77.27266845,28.54622812,5,3,1,1,3,13:45,93,E08000014,3,5098,6,30,0,-1,-1,0,0,0,1,1,1,0,0,1,1,E01006964,22-03-2018,2,1,1,1,16,4,3,0,0,0,0,-1,2,1
35597,77.17603592,28.55534739,5,3,3,1,6,16:10,93,E08000014,5,0,6,50,0,-1,-1,0,0,0,1,1,1,0,0,2,1,E01006923,25-03-2018,1,1,2,2,59,9,3,0,0,0,3,-1,11,2
35598,77.07462334,28.55386933,5,3,2,1,3,21:15,93,E08000014,3,567,1,30,1,4,3,566,0,0,4,1,2,0,0,1,1,E01007006,22-03-2018,2,1,1,1,38,7,3,0,0,0,0,-1,9,1
35599,77.22384531,28.63271295,5,3,1,1,4,14:00,93,E08000014,4,5424,6,30,0,-1,-1,0,0,0,1,1,1,0,0,1,1,E01007080,23-03-2018,2,1,1,1,38,7,3,0,0,0,0,-1,8,1
35600,77.3617905,28.55368634,5,3,2,1,3,11:45,93,E08000014,5,0,1,30,1,4,5,0,0,4,1,1,1,0,0,1,2,E01007081,22-03-2018,2,1,1,1,16,4,3,0,0,0,0,-1,2,-1
35601,77.33347617,28.65839137,5,3,1,1,4,17:15,93,E08000014,4,5110,6,30,6,2,3,566,0,0,1,2,2,0,0,1,2,E01007019,06-04-2018,1,1,1,1,40,7,2,0,0,0,0,-1,5,1
35602,77.06450679,28.67453255,5,3,2,1,4,07:59,93,E08000014,5,0,6,60,7,4,5,0,0,0,1,2,2,0,0,2,1,E01007040,30-03-2018,1,1,2,1,45,7,3,0,0,2,0,-1,8,-1
35603,77.33422489,28.65551052,5,3,2,1,4,17:30,93,E08000014,3,5267,6,30,6,4,6,0,0,0,1,2,2,4,0,1,1,E01006934,30-03-2018,2,1,1,1,60,9,3,0,0,0,0,-1,9,1
35604,77.34247435,28.5892244,5,3,3,2,4,08:20,93,E08000014,3,5036,3,40,0,-1,-1,0,0,0,1,2,2,6,0,1,1,E01006976,30-03-2018,2,2,2,2,75,10,3,0,0,2,0,-1,9,3
35605,77.36228814,28.53494187,5,3,2,1,4,09:45,93,E08000014,3,5036,3,40,6,2,6,0,0,0,1,2,2,0,0,1,2,E01007054,30-03-2018,1,1,2,2,19,4,3,0,0,1,0,-1,9,1
35606,77.24440947,28.60859613,5,2,1,1,1,03:30,93,E08000014,6,0,6,30,3,4,6,0,0,0,4,1,2,0,0,1,1,E01006971,27-03-2018,1,1,3,2,24,5,3,5,3,0,0,-1,0,-1
35607,77.37036342,28.60092552,5,3,1,1,1,15:00,93,E08000014,6,0,6,30,1,4,6,0,0,0,1,1,2,5,0,1,2,E01007051,27-03-2018,1,1,1,1,16,4,3,0,0,0,0,-1,3,1
35608,77.30886292,28.60222271,5,3,2,1,1,22:00,93,E08000014,6,0,6,30,8,4,6,0,0,0,4,1,1,0,0,1,1,E01007033,27-02-2018,1,1,3,2,33,6,3,5,1,0,0,-1,0,1
35609,77.07075098,28.66706574,5,3,2,1,4,10:27,93,E08000014,4,5245,6,30,0,-1,-1,0,0,1,1,2,2,4,0,1,2,E01006968,30-03-2018,2,1,2,2,40,7,3,0,0,1,0,-1,9,1
35610,77.19411914,28.63549429,5,3,3,1,7,01:30,93,E08000014,6,0,6,30,6,4,6,0,0,0,4,9,1,0,0,1,2,E01007018,02-04-2018,1,1,3,2,72,10,3,4,1,0,0,-1,0,1
35611,77.24071236,28.7061251,5,3,1,1,6,15:30,93,E08000014,6,0,2,30,0,-1,-1,0,0,0,1,1,1,0,0,1,2,E01006975,25-02-2018,2,1,1,2,62,9,3,0,0,0,0,-1,1,1
35612,77.11160196,28.65626536,5,3,3,1,2,15:00,93,E08000014,6,0,6,30,1,4,6,0,1,0,1,1,1,0,0,1,2,E01006943,14-03-2018,1,1,1,1,23,5,3,0,0,0,0,-1,1,1
35613,77.32555282,28.66010603,5,3,5,3,7,12:16,93,E08000014,3,570,6,30,6,4,6,0,0,0,1,1,1,0,0,1,1,E01006995,19-03-2018,1,1,1,1,19,4,2,0,0,0,0,-1,9,1
35614,77.22970968,28.63359867,5,3,1,1,3,10:50,93,E08000014,5,0,6,30,6,4,6,0,0,4,1,1,1,0,0,1,1,E01006956,29-03-2018,2,2,1,2,37,7,2,0,0,0,0,-1,9,1
35615,77.37128745,28.6877414,5,3,2,2,4,21:00,93,E08000014,3,565,6,30,3,2,5,0,0,5,4,2,2,0,0,1,1,E01006920,30-03-2018,2,1,1,2,34,6,3,0,0,0,0,-1,9,1
35616,77.22144579,28.69224984,5,3,2,1,4,16:15,93,E08000014,3,570,6,30,6,2,3,5267,0,0,1,2,2,0,0,1,1,E01006994,30-03-2018,2,1,1,1,24,5,3,0,0,0,0,-1,9,1
35617,77.26422637,28.54611562,5,3,1,1,6,18:30,93,E08000014,6,0,6,30,0,-1,-1,0,0,0,1,1,1,0,0,1,1,E01007089,01-04-2018,1,1,3,2,37,7,3,5,5,0,0,-1,0,2
35618,77.15492265,28.72460773,5,2,1,1,6,20:40,93,E08000014,6,0,6,30,0,-1,-1,0,0,0,4,1,1,0,7,1,1,E01007073,01-04-2018,1,1,3,1,77,11,3,5,3,0,0,-1,0,1
35619,77.1433843,28.66411987,5,2,2,2,7,11:35,93,E08000014,3,59,3,40,0,-1,-1,0,0,0,1,1,1,0,2,1,1,E01007099,02-04-2018,2,1,1,2,17,4,3,0,0,0,0,-1,1,1
35620,77.17952159,28.66028723,5,3,2,2,7,16:50,93,E08000014,3,5036,3,40,6,2,6,0,0,5,1,1,1,0,0,1,1,E01007014,02-04-2018,1,1,3,2,75,10,2,6,9,0,0,-1,0,-1
35621,77.22059214,28.55569922,5,3,2,2,1,09:45,93,E08000014,4,5280,6,30,6,4,6,0,0,0,1,1,1,0,0,1,1,E01006944,03-04-2018,1,1,3,1,63,9,3,9,9,0,0,-1,0,1
35622,77.15249391,28.64922361,5,3,1,1,1,01:19,93,E08000014,6,0,6,30,3,4,6,0,0,0,4,1,1,0,0,1,1,E01006983,03-04-2018,2,1,1,1,16,4,3,0,0,0,0,-1,2,-1
35623,77.19110892,28.64121812,5,3,1,1,1,06:15,93,E08000014,3,565,3,40,7,2,3,5098,0,0,1,1,1,0,0,1,1,E01007008,03-04-2018,1,1,3,1,3,1,3,5,2,0,0,-1,0,1
35624,77.24039264,28.57659815,5,3,2,2,3,09:15,93,E08000014,3,565,6,30,3,2,6,0,0,0,1,1,1,0,0,1,2,E01006956,22-03-2018,2,1,1,1,14,3,3,0,0,0,0,-1,1,1
35625,77.17340737,28.59669044,5,3,1,1,4,12:35,93,E08000014,6,0,6,30,0,-1,-1,0,0,0,1,1,1,0,0,1,1,E01007013,23-03-2018,2,1,1,2,44,7,3,0,0,0,0,-1,9,1
35626,77.16644928,28.5885949,5,3,2,2,6,12:40,93,E08000014,3,5038,3,30,9,2,3,5038,0,0,1,1,1,0,0,1,2,E01007047,01-04-2018,3,1,1,1,16,4,3,0,0,0,0,-1,1,1
35627,77.21364103,28.66180637,5,3,1,1,2,20:17,93,E08000014,5,0,6,30,0,-1,-1,0,0,0,4,1,1,0,0,1,1,E01007032,04-04-2018,2,1,1,1,30,6,3,0,0,0,0,-1,8,1
35628,77.25139362,28.53788376,5,2,1,1,2,14:58,93,E08000014,6,0,6,30,0,-1,-1,0,0,0,1,1,1,0,0,1,1,E01007054,04-04-2018,1,1,3,1,28,6,3,5,3,0,0,-1,0,1
35629,77.23516021,28.70175516,5,2,2,3,7,23:40,93,E08000014,3,565,6,30,6,4,6,0,0,0,4,1,1,0,0,1,1,E01006945,19-03-2018,2,1,1,1,48,8,3,0,0,0,0,-1,9,1
35630,77.18713431,28.69172098,5,3,1,1,5,08:05,93,E08000014,3,5090,3,30,3,2,6,0,1,5,1,2,2,0,0,1,1,E01007012,07-04-2018,2,2,2,2,45,7,3,0,0,1,0,-1,9,1
35631,77.32339549,28.62726234,5,3,2,1,4,15:40,93,E08000014,5,0,6,30,0,-1,-1,0,0,0,1,1,1,0,0,1,2,E01006968,16-03-2018,2,3,2,1,16,4,3,0,0,2,0,-1,9,1
35632,77.11254552,28.5657344,5,3,3,1,4,13:15,93,E08000014,4,5424,6,30,1,4,5,0,0,0,1,1,1,0,0,1,2,E01007077,23-03-2018,2,1,1,1,10,2,3,0,0,0,0,-1,1,1
35633,77.24047421,28.59783438,5,3,1,1,5,11:15,93,E08000014,5,0,6,30,3,4,6,0,0,0,1,8,2,0,0,2,1,E01007027,07-04-2018,2,1,1,2,44,7,3,0,0,0,0,-1,9,1
35634,77.06118566,28.56568107,5,3,2,1,2,18:30,93,E08000014,5,0,6,30,5,4,3,59,0,0,1,1,1,0,0,1,2,E01006780,04-04-2018,3,1,1,1,37,7,3,0,0,0,0,-1,19,1
35635,77.2208127,28.70063437,5,3,2,1,3,17:20,93,E08000014,3,566,6,30,0,-1,-1,0,0,0,1,1,1,0,0,1,2,E01007019,05-04-2018,1,1,1,1,41,7,2,0,0,0,0,-1,9,1
35636,77.25032447,28.58121034,5,3,2,1,3,17:55,93,E08000014,3,5038,6,30,0,-1,-1,0,0,0,1,1,1,0,0,1,2,E01007047,05-04-2018,1,1,1,1,68,10,3,0,0,0,0,-1,9,1
35637,77.26698321,28.66840452,5,3,2,1,6,18:00,93,E08000014,3,5058,6,30,0,-1,-1,0,0,0,1,1,1,0,0,1,1,E01007010,08-04-2018,1,1,1,1,17,4,3,0,0,0,0,-1,2,1
35638,77.26173188,28.70423438,5,3,1,1,6,22:30,93,E08000014,4,5424,6,30,0,-1,-1,0,0,0,4,1,1,0,0,1,1,E01006988,08-04-2018,2,1,1,2,56,9,3,0,0,0,0,-1,19,1
35639,77.22180005,28.66962389,5,3,2,1,5,12:50,93,E08000014,6,0,6,30,0,-1,-1,0,0,0,1,4,1,0,0,1,1,E01007041,07-04-2018,2,1,1,2,58,9,3,0,0,0,0,-1,9,1
35640,77.16312601,28.70507749,5,2,1,1,1,01:00,93,E08000014,5,0,6,50,0,-1,-1,0,0,0,6,1,1,0,0,2,1,E01006946,10-04-2018,2,1,1,1,40,7,3,0,0,0,0,-1,9,1
35641,77.06346526,28.65066487,5,3,2,1,4,11:15,93,E08000014,6,0,6,30,3,4,3,5147,0,0,1,1,1,0,0,1,2,E01007095,06-04-2018,2,2,2,2,63,9,3,0,0,2,0,-1,9,1
35642,77.0744034,28.5788592,5,3,2,3,3,12:48,93,E08000014,3,565,6,30,8,4,3,565,0,5,1,1,1,0,0,1,1,E01007032,12-04-2018,1,1,3,1,18,4,3,1,3,0,0,-1,0,1
35643,77.07210731,28.64408403,5,3,2,4,1,02:20,93,E08000014,3,565,3,30,6,2,3,5057,0,0,4,1,1,0,0,1,1,E01007009,03-04-2018,2,1,1,1,39,7,3,0,0,0,0,-1,9,1
35644,77.19583448,28.6595819,5,3,2,3,4,18:15,93,E08000014,6,0,6,30,3,4,3,506,0,0,1,8,2,0,0,2,2,E01007040,06-04-2018,2,1,2,2,50,8,3,0,0,1,0,-1,9,1
35645,77.1730493,28.56082839,5,3,3,3,5,08:05,93,E08000014,5,0,6,50,9,2,3,565,0,0,1,1,2,0,0,1,1,E01006923,07-04-2018,2,1,2,2,49,8,3,0,0,2,0,-1,9,1
35646,77.29310436,28.67647097,5,3,2,1,2,15:40,93,E08000014,6,0,6,30,6,4,6,0,0,0,1,1,1,0,0,1,2,E01006955,11-04-2018,2,1,1,1,56,9,3,0,0,0,0,-1,2,1
35647,77.2337942,28.53778973,5,3,1,1,4,16:30,93,E08000014,6,0,6,30,0,-1,-1,0,0,0,1,1,1,0,0,1,1,E01006933,13-04-2018,1,1,3,1,20,4,3,4,3,0,0,-1,0,1
35648,77.1878423,28.5739063,5,3,1,1,3,08:45,93,E08000014,6,0,6,30,0,-1,-1,0,0,0,1,1,1,0,0,1,1,E01007037,12-04-2018,1,1,1,1,16,4,3,0,0,0,0,-1,1,1
35649,77.26486339,28.57766022,5,3,2,1,5,09:20,93,E08000014,4,5276,6,30,8,4,6,0,0,4,1,2,2,0,0,1,1,E01006999,14-04-2018,2,2,1,2,60,9,3,0,0,0,0,-1,9,1
35650,77.07638967,28.68102583,5,3,2,1,6,16:42,93,E08000014,4,5318,6,30,0,-1,-1,0,0,0,1,2,2,0,0,1,1,E01007010,15-04-2018,1,1,3,1,13,3,2,5,2,0,0,-1,0,1
35651,77.06516157,28.69958454,5,3,2,1,6,15:45,93,E08000014,3,565,6,30,3,4,6,0,0,5,1,2,2,0,0,1,1,E01007032,15-04-2018,2,1,1,1,18,4,3,0,0,0,0,-1,9,1
35652,77.33786963,28.71154659,5,3,2,1,6,11:55,93,E08000014,3,567,1,30,2,4,6,0,0,0,1,1,1,0,0,1,2,E01007009,15-04-2018,1,1,1,2,19,4,2,0,0,0,0,-1,9,1
35653,77.31884572,28.59605292,5,3,2,1,7,20:05,93,E08000014,6,0,6,30,0,-1,-1,0,0,0,1,1,1,0,0,1,1,E01007031,16-04-2018,1,2,2,1,11,3,3,0,0,2,0,-1,9,-1
35654,77.25194206,28.66518923,5,3,1,1,1,16:15,93,E08000014,5,0,6,30,0,-1,-1,0,0,1,1,1,1,0,0,1,1,E01006942,17-04-2018,2,1,1,1,50,8,3,0,0,0,0,-1,20,3
35655,77.30107583,28.69189034,5,3,2,2,1,03:00,93,E08000014,4,5280,6,30,6,4,6,0,0,0,4,1,1,0,0,1,1,E01006944,17-04-2018,2,1,1,1,49,8,3,0,0,0,0,-1,19,1
35656,77.26596612,28.54684865,5,3,2,1,2,18:00,93,E08000014,3,5267,6,30,0,-1,-1,0,0,0,1,1,2,0,0,1,2,E01007062,18-04-2018,2,2,2,1,19,4,3,0,0,1,0,-1,19,1
35657,77.11707676,28.63405824,5,2,1,1,2,14:05,93,E08000014,3,565,6,30,0,-1,-1,0,0,0,1,1,2,0,0,1,1,E01006957,18-04-2018,1,1,3,2,52,8,2,1,3,0,0,-1,0,1
35658,77.35619478,28.58215647,5,3,1,1,2,15:30,93,E08000014,6,0,2,30,3,4,6,0,0,0,1,1,2,0,0,1,2,E01006968,18-04-2018,1,1,1,2,52,8,2,0,0,0,0,-1,9,3
35659,77.21009875,28.69924309,5,3,2,2,3,09:25,93,E08000014,3,59,3,40,1,2,6,0,0,0,1,1,1,0,0,2,2,E01007038,19-04-2018,1,1,3,2,12,3,3,5,1,0,0,-1,0,1
35660,77.20710672,28.57988235,5,3,2,4,3,21:30,93,E08000014,3,5038,3,30,6,2,3,5038,0,0,4,1,2,0,0,1,2,E01006962,19-04-2018,2,1,1,2,35,6,3,0,0,0,0,-1,9,2
35661,77.3583224,28.67320618,5,3,1,1,3,11:17,93,E08000014,3,570,6,30,3,4,6,0,0,0,1,1,1,0,0,1,1,E01006970,19-04-2018,1,1,2,2,84,11,3,0,0,1,0,-1,9,1
35662,77.14072964,28.54923525,5,3,2,1,3,16:20,93,E08000014,5,0,6,30,3,4,6,0,0,0,1,1,1,0,0,1,1,E01007047,19-04-2018,1,2,1,1,83,11,3,0,0,0,0,-1,9,1
35663,77.08123533,28.65428514,5,3,1,2,4,05:45,93,E08000014,5,0,3,30,6,2,3,59,0,0,1,2,2,0,0,1,2,E01007097,20-04-2018,1,1,2,2,4,1,3,0,0,1,0,-1,9,-1
35664,77.2167381,28.65512325,5,3,1,1,5,00:35,93,E08000014,4,5422,6,30,0,-1,-1,0,0,0,4,1,1,0,0,1,1,E01006980,21-04-2018,1,1,1,1,17,4,3,0,0,0,0,-1,3,1
35665,77.24070832,28.695838,5,3,2,1,4,08:20,93,E08000014,6,0,6,30,3,4,6,0,0,0,1,2,2,0,0,1,1,E01006948,20-04-2018,2,1,1,1,47,8,3,0,0,0,0,-1,9,1
35666,77.35247058,28.56852606,5,3,2,1,5,14:04,93,E08000014,6,0,3,30,0,-1,-1,0,2,4,1,1,1,0,0,1,1,E01007007,21-04-2018,1,1,2,1,69,10,3,0,0,2,4,-1,11,-1
35667,77.07728832,28.62968986,5,3,1,1,5,12:00,93,E08000014,3,565,1,30,1,4,3,565,0,0,1,1,1,0,0,1,1,E01006945,21-04-2018,1,2,2,1,50,8,3,0,0,2,4,-1,11,1
35668,77.3230988,28.59678522,5,3,2,1,5,11:30,93,E08000014,5,0,6,30,0,-1,-1,0,0,0,1,9,1,0,0,1,2,E01007060,21-04-2018,1,1,3,2,33,6,3,7,3,0,0,-1,0,1
35669,77.17208969,28.68062524,5,3,1,1,6,11:20,93,E08000014,6,0,6,30,8,4,6,0,0,0,1,1,1,0,0,1,2,E01006971,22-04-2018,1,2,1,1,21,5,3,0,0,0,0,-1,9,1
35670,77.32428912,28.61426311,5,3,2,2,7,11:10,93,E08000014,3,565,6,30,0,-1,-1,0,0,0,1,1,1,0,0,1,2,E01006968,23-04-2018,2,1,1,1,41,7,3,0,0,0,0,-1,1,1
35671,77.26583828,28.58344798,5,3,4,1,3,09:30,93,E08000014,3,5036,3,40,7,2,3,5207,0,0,1,1,2,0,0,1,1,E01007053,12-04-2018,1,1,2,2,49,8,3,0,0,1,0,-1,9,2
35672,77.16084427,28.68275193,5,3,2,2,4,18:35,93,E08000014,3,5036,3,40,6,2,3,5036,0,5,1,1,1,0,0,1,1,E01006976,13-04-2018,1,1,3,1,10,2,2,1,4,0,0,-1,0,-1
35673,77.23837567,28.69313772,5,3,2,1,5,14:25,93,E08000014,6,0,6,30,6,4,4,5280,0,0,1,2,2,0,0,1,1,E01006944,14-04-2018,1,1,1,1,26,6,3,0,0,0,0,-1,9,-1
35674,77.13551381,28.68594763,5,3,2,1,1,15:55,93,E08000014,3,5267,6,30,6,2,5,0,0,0,1,2,2,0,0,1,1,E01007058,17-04-2018,2,2,1,1,37,7,3,0,0,0,0,-1,9,2
35675,77.10197804,28.57687603,5,2,2,1,3,14:15,93,E08000014,3,5036,6,30,3,4,3,5058,0,0,1,1,1,0,0,1,1,E01007009,19-04-2018,2,3,2,1,47,8,3,0,0,1,0,-1,9,-1
35676,77.30137368,28.64877803,5,3,1,1,2,15:30,93,E08000014,5,0,6,30,0,-1,-1,0,0,0,1,1,1,0,0,1,1,E01007040,25-04-2018,1,3,1,2,46,8,3,0,0,0,0,-1,9,1
35677,77.36112613,28.54309347,5,1,2,6,6,00:44,93,E08000014,3,59,3,40,3,2,6,0,0,0,4,1,1,0,0,1,1,E01007041,18-03-2018,2,4,1,1,41,7,3,0,0,0,0,-1,9,3
35678,77.12020864,28.55409244,5,2,2,1,7,15:40,93,E08000014,3,565,3,40,3,2,6,0,0,0,1,2,2,0,0,2,1,E01007076,16-04-2018,3,2,1,1,30,6,2,0,0,0,0,-1,9,2
35679,77.1611715,28.71156801,5,3,2,1,4,17:30,93,E08000014,6,0,7,30,3,4,5,0,0,0,1,1,1,0,0,1,2,E01006981,20-04-2018,4,5,1,2,36,7,3,0,0,0,0,-1,9,1
35680,77.10658276,28.54969404,5,3,2,1,6,23:00,93,E08000014,5,0,6,50,0,-1,-1,0,0,0,6,1,1,0,0,2,1,E01006973,22-04-2018,5,6,1,2,42,7,3,0,0,0,0,-1,9,2
35681,77.10488416,28.62972224,5,3,1,1,5,20:05,93,E08000014,5,0,6,30,1,4,5,0,0,0,1,1,1,0,0,1,2,E01007085,28-04-2018,6,7,1,1,54,8,3,0,0,0,0,-1,9,2
35682,77.16524737,28.70478731,5,3,1,1,6,18:40,93,E08000014,5,0,6,30,6,4,5,0,0,0,1,1,1,0,0,1,1,E01006954,29-04-2018,6,8,2,2,-1,-1,3,0,0,1,0,-1,9,2
35683,77.12235846,28.63498214,5,3,2,1,5,08:40,93,E08000014,3,5058,3,30,6,2,3,567,0,5,1,2,2,0,0,1,1,E01007009,14-04-2018,7,1,1,2,34,6,2,0,0,0,0,-1,9,1
35684,77.15574107,28.55895923,5,3,2,1,3,12:20,93,E08000014,4,5421,6,30,9,4,4,5421,0,0,1,1,1,0,0,1,1,E01006952,26-04-2018,8,9,1,1,56,9,3,0,0,0,0,-1,9,3
35685,77.27611932,28.61638108,5,3,3,2,4,14:45,93,E08000014,3,5036,3,40,6,2,4,5110,0,0,1,1,1,0,0,1,1,E01006977,27-04-2018,2,1,1,1,63,9,3,0,0,0,0,-1,9,1