Accident_Index,longitude,latitude,Police_Force,Accident_Severity,Number_of_Vehicles,Number_of_Casualties,Day_of_Week,Time,Local_Authority_(District),Local_Authority_(Highway),1st_Road_Class,1st_Road_Number,Road_Type,Speed_limit,Junction_Detail,Junction_Control,2nd_Road_Class,2nd_Road_Number,Pedestrian_Crossing-Human_Control,Pedestrian_Crossing-Physical_Facilities,Light_Conditions,Weather_Conditions,Road_Surface_Conditions,Special_Conditions_at_Site,Carriageway_Hazards,Urban_or_Rural_Area,Did_Police_Officer_Attend_Scene_of_Accident,LSOA_of_Accident_Location,Date,Vehicle_Reference,Casualty_Reference,Casualty_Class,Sex_of_Casualty,Age_of_Casualty,Age_Band_of_Casualty,Casualty_Severity,Pedestrian_Location,Pedestrian_Movement,Car_Passenger,Bus_or_Coach_Passenger,Pedestrian_Road_Maintenance_Worker,Casualty_Type,Casualty_Home_Area_Type
35686,77.31835011,28.57935064,5,3,2,1,6,15:15,93,E08000014,3,565,6,50,0,-1,-1,0,0,0,1,1,1,0,0,2,1,E01007076,29-04-2018,2,1,1,1,21,5,2,0,0,0,0,-1,2,1
35687,77.12319874,28.56364119,5,2,2,1,1,21:10,93,E08000014,3,565,6,30,3,4,6,0,0,4,1,1,1,0,0,1,1,E01007105,01-05-2018,2,1,2,1,18,4,3,0,0,1,0,-1,9,1
35688,77.36792728,28.65009405,5,3,3,1,3,15:30,93,E08000014,3,565,3,40,3,4,6,0,0,0,1,1,1,0,0,1,1,E01007008,12-04-2018,2,2,2,1,17,4,3,0,0,2,0,-1,9,-1
35689,77.22379898,28.72431362,5,2,1,1,4,19:00,93,E08000014,6,0,2,30,0,-1,-1,0,0,0,1,1,1,0,0,1,1,E01007005,27-04-2018,2,3,2,1,17,4,3,0,0,2,0,-1,9,1
35690,77.09581477,28.53449983,5,3,2,2,4,14:15,93,E08000014,6,0,6,30,3,4,3,565,0,0,1,1,1,0,0,1,2,E01006975,27-04-2018,2,1,1,1,35,6,3,0,0,0,0,-1,5,2
35691,77.15119642,28.5980117,5,3,2,1,7,08:30,93,E08000014,5,0,6,30,8,4,6,0,0,0,1,2,2,0,0,2,1,E01006971,30-04-2018,2,1,1,1,20,4,3,0,0,0,0,-1,9,-1
35692,77.37192931,28.67935557,5,3,2,1,5,21:35,93,E08000014,3,565,6,30,6,4,6,0,0,0,4,1,1,0,0,1,1,E01006975,28-04-2018,1,1,1,2,65,9,1,0,0,0,0,-1,9,3
35693,77.27287797,28.67654034,5,3,2,1,4,12:30,93,E08000014,3,5057,6,30,0,-1,-1,0,0,0,1,1,1,0,0,1,2,E01006967,27-04-2018,1,1,3,1,19,4,3,5,1,0,0,-1,0,-1
35694,77.19085881,28.69015023,5,3,2,1,5,11:30,93,E08000014,4,5194,6,30,0,-1,-1,0,0,0,1,1,1,0,0,1,2,E01007041,05-05-2018,1,1,1,1,35,6,3,0,0,0,0,-1,9,1
35695,77.32690255,28.54780414,5,3,2,3,6,20:45,93,E08000014,4,5110,6,30,0,-1,-1,0,0,0,4,1,1,0,0,1,1,E01007019,01-04-2018,2,2,1,1,31,6,3,0,0,0,0,-1,20,1
35696,77.33508175,28.58515193,5,3,1,1,6,18:00,93,E08000014,3,5036,1,40,1,4,3,565,0,7,1,1,1,0,0,1,1,E01006953,06-05-2018,1,1,1,1,37,7,3,0,0,0,0,-1,5,1
35697,77.21017779,28.72153029,5,3,2,1,6,17:06,93,E08000014,5,0,6,30,6,4,6,0,0,1,1,1,1,0,0,1,1,E01007011,06-05-2018,2,1,1,2,30,6,3,0,0,0,0,-1,9,1
35698,77.19657987,28.61559599,5,3,2,2,7,20:10,93,E08000014,5,0,6,30,3,4,6,0,0,4,1,1,1,0,0,1,1,E01007109,07-05-2018,1,1,3,2,18,4,3,4,1,0,0,-1,0,1
35699,77.3701138,28.6684614,5,3,2,1,5,16:02,93,E08000014,5,0,6,30,3,4,6,0,0,0,1,1,2,4,0,1,1,E01006974,07-04-2018,2,1,1,2,32,6,3,0,0,0,0,-1,9,1
35700,77.28900736,28.55294544,5,3,2,1,6,16:30,93,E08000014,5,0,1,50,1,4,5,0,0,0,1,1,1,0,0,2,2,E01006922,06-05-2018,1,1,3,1,76,11,3,6,7,0,0,-1,0,2
35701,77.12545033,28.72298819,5,3,2,1,6,16:30,93,E08000014,6,0,6,30,0,-1,-1,0,0,0,1,1,1,0,0,1,2,E01006959,06-05-2018,2,1,1,2,62,9,3,0,0,0,0,-1,9,1
35702,77.10333325,28.58473132,5,3,2,1,7,00:50,93,E08000014,6,0,6,30,6,4,6,0,0,0,4,1,1,0,0,1,1,E01006994,07-05-2018,1,1,1,2,33,6,3,0,0,0,0,-1,9,1
35703,77.22355654,28.61009616,5,3,1,1,1,15:30,93,E08000014,6,0,6,30,0,-1,-1,0,0,0,1,1,1,0,0,2,2,E01006950,24-04-2018,2,2,1,1,56,9,3,0,0,0,0,-1,9,-1
35704,77.32286578,28.61735659,5,3,2,1,3,16:45,93,E08000014,5,0,6,30,3,4,3,5147,0,0,1,1,1,0,0,1,2,E01007067,03-05-2018,1,1,2,1,27,6,2,0,0,2,0,-1,8,-1
35705,77.3582832,28.57305882,5,3,2,1,5,16:55,93,E08000014,6,0,6,30,6,4,6,0,0,0,1,2,2,0,0,1,1,E01007098,05-05-2018,1,1,1,1,25,5,3,0,0,0,0,-1,9,1
35706,77.22757788,28.57284588,5,3,3,1,2,08:15,93,E08000014,3,5207,6,30,0,-1,-1,0,0,0,1,1,1,0,7,1,1,E01007091,09-05-2018,1,1,2,2,16,4,2,0,0,1,0,-1,9,-1
35707,77.17976995,28.60882713,5,3,3,1,2,17:50,93,E08000014,6,0,6,30,3,4,6,0,0,0,1,1,1,0,0,1,2,E01007001,09-05-2018,1,2,1,1,18,4,2,0,0,0,0,-1,9,-1
35708,77.30718343,28.62482675,5,3,1,2,3,08:25,93,E08000014,3,565,6,30,0,-1,-1,0,0,1,1,1,1,0,0,1,2,E01006968,03-05-2018,1,3,2,2,16,4,3,0,0,2,0,-1,9,-1
35709,77.36141579,28.56073529,5,3,2,1,7,02:45,93,E08000014,5,0,6,30,3,4,6,0,0,0,4,1,1,0,0,1,2,E01006956,07-05-2018,1,1,1,1,20,4,3,0,0,0,0,-1,9,1
35710,77.12558631,28.65380706,5,3,3,1,7,13:00,93,E08000014,3,565,6,30,3,4,6,0,0,4,1,1,1,0,0,1,2,E01007037,08-01-2018,2,1,1,1,71,10,3,0,0,0,0,-1,9,1
35711,77.14878047,28.71922429,5,3,2,2,1,17:30,93,E08000014,3,59,3,30,7,2,1,57,0,0,1,1,1,0,0,2,1,E01007038,01-05-2018,1,2,1,1,42,7,3,0,0,0,0,-1,9,3
35712,77.3369863,28.67863553,5,3,2,1,3,19:00,91,E08000012,5,0,6,30,3,4,6,0,0,0,1,1,1,0,0,1,2,E01006701,10-05-2018,2,1,1,1,32,6,3,0,0,0,0,-1,9,-1
35713,77.27165455,28.66578193,5,3,2,1,5,08:50,93,E08000014,3,566,6,30,6,2,4,5110,0,0,1,1,1,0,0,1,2,E01007019,12-05-2018,2,1,1,1,33,6,3,0,0,0,0,-1,9,-1
35714,77.26742718,28.6790613,5,3,2,1,2,18:05,93,E08000014,4,5424,6,30,1,4,3,565,0,0,1,1,1,0,0,1,1,E01006987,09-05-2018,2,2,2,2,31,6,3,0,0,1,0,-1,9,-1
35715,77.34345537,28.60765359,5,3,2,1,6,10:00,93,E08000014,3,566,6,30,0,-1,-1,0,0,0,1,1,1,0,0,1,1,E01007005,06-05-2018,2,1,1,2,24,5,3,0,0,0,0,-1,9,1
35716,77.06543756,28.60654534,5,3,2,1,5,09:35,93,E08000014,4,5424,1,30,1,4,3,565,0,0,1,1,1,0,0,1,2,E01006987,12-05-2018,2,2,2,2,18,4,3,0,0,1,0,-1,9,1
35717,77.36617153,28.71254717,5,3,2,1,5,15:30,93,E08000014,3,565,6,30,0,-1,-1,0,1,0,1,1,1,0,0,1,1,E01007103,12-05-2018,2,3,2,2,19,4,3,0,0,2,0,-1,9,1
35718,77.27102138,28.60009093,5,3,2,2,6,18:28,93,E08000014,6,0,6,30,0,-1,-1,0,0,0,1,1,1,0,0,1,1,E01006979,13-05-2018,3,4,1,2,43,7,3,0,0,0,0,-1,9,1
35719,77.07936935,28.7007793,5,3,1,1,3,13:40,93,E08000014,3,567,6,30,3,4,6,0,0,4,1,1,1,0,0,1,1,E01007016,10-05-2018,3,5,2,1,43,7,3,0,0,1,0,-1,9,1
35720,77.22593477,28.70698615,5,3,2,1,4,09:10,93,E08000014,3,566,6,30,6,4,6,0,0,8,1,1,1,0,0,1,2,E01007003,11-05-2018,3,6,2,1,8,2,3,0,0,2,0,-1,9,1
35721,77.36925259,28.57536569,5,3,2,1,4,14:00,93,E08000014,3,567,6,30,0,-1,-1,0,0,4,1,1,1,4,0,1,1,E01007009,11-05-2018,3,7,2,2,6,2,3,0,0,2,0,-1,9,1
35722,77.15606474,28.67388897,5,3,2,2,1,16:33,93,E08000014,3,59,3,30,9,4,4,5194,0,0,1,1,1,0,0,1,1,E01007041,24-04-2018,1,1,1,1,17,4,3,0,0,0,0,-1,9,3
35723,77.09800093,28.61024815,5,3,1,1,1,19:05,93,E08000014,3,567,2,30,0,-1,-1,0,0,0,4,1,1,0,0,1,2,E01007009,20-03-2018,2,1,1,1,23,5,3,0,0,0,0,-1,1,-1
35724,77.06108213,28.64685314,5,3,2,1,3,11:00,93,E08000014,4,5194,6,30,9,4,3,59,0,1,1,8,1,0,0,2,2,E01007042,17-05-2018,2,1,1,2,19,4,3,0,0,0,0,-1,9,2
35725,77.34331108,28.64845821,5,3,1,1,2,15:15,93,E08000014,3,5038,3,30,3,4,6,0,0,0,1,2,2,0,0,1,1,E01006960,16-05-2018,1,1,3,1,8,2,3,5,1,0,0,-1,0,-1
35726,77.34875239,28.66665549,5,3,1,1,3,16:25,93,E08000014,3,5267,6,30,0,-1,-1,0,0,4,1,1,1,0,0,1,1,E01006930,17-05-2018,1,1,1,1,35,6,1,0,0,0,0,-1,5,-1
35727,77.31634928,28.60566758,5,2,1,1,6,19:10,93,E08000014,3,5207,6,30,0,-1,-1,0,0,0,1,1,1,0,0,1,2,E01007084,06-05-2018,2,2,1,2,47,8,3,0,0,0,0,-1,9,3
35728,77.28957816,28.71639989,5,3,1,2,6,01:00,93,E08000014,5,0,6,30,6,4,6,0,0,0,4,1,1,0,0,1,1,E01007000,20-05-2018,2,1,1,1,50,8,3,0,0,0,0,-1,3,3
35729,77.29705558,28.68334702,5,3,2,2,5,19:40,93,E08000014,3,5036,3,40,0,-1,-1,0,0,0,1,1,1,0,0,1,1,E01006977,19-05-2018,1,1,1,2,49,8,3,0,0,0,0,-1,9,1
35730,77.23487227,28.63690122,5,3,1,10,4,15:45,93,E08000014,5,0,6,30,0,-1,-1,0,0,0,1,1,1,0,0,1,1,E01007040,11-05-2018,1,1,3,1,20,4,3,6,5,0,0,-1,0,-1
35731,77.09251453,28.71072241,5,3,2,4,5,15:27,93,E08000014,3,5267,6,30,6,4,6,0,0,1,1,1,1,0,0,1,1,E01006997,19-05-2018,1,1,1,1,17,4,2,0,0,0,0,-1,9,1
35732,77.24802672,28.68905,5,3,2,1,5,12:15,93,E08000014,3,570,6,30,1,4,3,570,0,0,1,1,1,0,0,1,1,E01006994,19-05-2018,1,2,2,1,19,4,2,0,0,1,0,-1,9,-1
35733,77.28392493,28.57187253,5,3,2,1,5,14:00,93,E08000014,6,0,7,30,6,4,6,0,0,0,1,1,1,0,0,1,1,E01006994,19-05-2018,2,1,1,1,59,9,3,0,0,0,0,-1,9,1
35734,77.0689188,28.72246141,5,3,2,1,6,15:12,93,E08000014,3,5036,3,30,6,2,6,0,0,0,1,1,1,0,0,1,2,E01006976,20-05-2018,2,1,1,2,43,7,3,0,0,0,0,-1,1,1
35735,77.07006346,28.67984747,5,3,2,1,6,17:00,93,E08000014,4,5276,6,30,3,2,5,0,0,5,1,1,1,0,0,1,2,E01007061,20-05-2018,1,1,1,1,24,5,3,0,0,0,0,-1,9,1
35736,77.11088992,28.72466825,5,3,2,3,7,19:55,93,E08000014,5,0,6,60,3,4,5,0,0,0,1,1,2,0,0,2,1,E01007040,21-05-2018,1,2,2,2,19,4,3,0,0,1,0,-1,9,-1
35737,77.16107656,28.59622128,5,2,2,3,1,19:45,93,E08000014,6,0,6,30,3,4,6,0,0,0,1,2,2,0,0,1,1,E01007079,22-05-2018,1,3,2,2,22,5,3,0,0,2,0,-1,9,-1
35738,77.08036065,28.65152414,5,3,2,2,6,23:10,93,E08000014,6,0,6,30,8,4,6,0,0,0,4,1,1,0,0,1,1,E01007046,20-05-2018,2,1,1,1,34,6,3,0,0,0,0,-1,9,-1
35739,77.317498,28.5825907,5,3,2,1,1,12:38,93,E08000014,3,570,6,30,6,2,6,0,0,0,1,1,1,0,0,1,1,E01006996,22-05-2018,3,2,1,1,32,6,3,0,0,0,0,-1,9,1
35740,77.2075048,28.65790702,5,3,1,1,7,10:16,93,E08000014,5,0,6,30,0,-1,-1,0,0,0,1,1,1,0,0,1,1,E01006957,21-05-2018,1,1,3,1,8,2,3,5,3,0,0,-1,0,-1
35741,77.25601131,28.61690621,5,3,2,1,3,08:45,93,E08000014,5,0,6,30,3,4,5,0,0,0,1,1,1,0,0,1,1,E01007078,19-04-2018,1,1,1,1,66,10,3,0,0,0,0,-1,9,-1
35742,77.08076797,28.60662173,5,3,2,1,7,01:10,93,E08000014,5,0,6,30,0,-1,-1,0,0,0,4,1,1,0,0,1,1,E01007045,14-05-2018,1,3,2,2,62,9,3,0,0,1,0,-1,9,-1
35743,77.31998855,28.63986136,5,3,1,1,2,15:30,93,E08000014,6,0,6,30,3,4,6,0,0,0,1,1,1,0,0,1,1,E01006972,23-05-2018,2,2,1,1,19,4,3,0,0,0,0,-1,9,-1
35744,77.33832247,28.68436465,5,3,2,1,7,11:20,93,E08000014,5,0,6,30,7,4,6,0,0,0,1,1,1,0,0,1,1,E01007081,21-05-2018,1,1,1,1,31,6,3,0,0,0,0,-1,9,-1
35745,77.2024294,28.56860164,5,3,2,4,3,01:33,93,E08000014,3,567,6,30,6,2,3,5098,0,4,4,2,2,0,0,1,1,E01007009,24-05-2018,1,1,1,1,19,4,1,0,0,0,0,-1,9,-1
35746,77.19546592,28.55846914,5,3,1,1,7,11:25,93,E08000014,3,565,2,30,0,-1,-1,0,0,0,1,1,1,0,0,1,1,E01006968,14-05-2018,1,2,2,1,20,4,1,0,0,1,0,-1,9,1
35747,77.22697918,28.54851635,5,3,1,1,2,10:45,93,E08000014,4,5193,6,30,9,2,6,0,0,5,1,1,1,0,0,1,2,E01006939,23-05-2018,2,1,1,1,21,5,3,0,0,0,0,-1,10,1
35748,77.30388984,28.6082058,5,3,2,1,7,14:00,93,E08000014,3,5057,6,30,6,2,3,567,0,5,1,1,1,4,0,1,1,E01007009,14-05-2018,2,1,1,1,56,9,3,0,0,0,0,-1,1,-1
35749,77.21216148,28.53717813,5,3,1,1,2,12:40,93,E08000014,3,5038,3,40,0,-1,-1,0,0,0,1,1,1,0,0,1,1,E01006962,23-05-2018,1,1,1,2,57,9,3,0,0,0,0,-1,9,1
35750,77.26281766,28.60438001,5,3,1,1,3,13:10,93,E08000014,6,0,6,30,3,4,3,565,0,0,1,1,1,0,0,1,2,E01007037,15-03-2018,2,2,1,1,20,4,3,0,0,0,0,-1,9,1
35751,77.3160274,28.72048809,5,3,3,1,3,13:30,93,E08000014,3,566,6,30,0,-1,-1,0,0,4,1,1,1,0,0,1,1,E01007019,26-04-2018,1,1,1,1,22,5,3,0,0,0,0,-1,9,1
35752,77.34419277,28.70114997,5,2,1,1,2,06:45,93,E08000014,4,5110,6,30,6,4,6,0,0,4,1,1,1,0,0,1,1,E01006967,23-05-2018,2,2,1,1,44,7,3,0,0,0,0,-1,9,1
35753,77.29219914,28.53291951,5,3,2,1,2,08:45,93,E08000014,6,0,6,30,0,-1,-1,0,0,0,1,1,1,0,0,1,1,E01006988,23-05-2018,2,1,1,2,48,8,3,0,0,0,0,-1,9,1
35754,77.27398358,28.63709344,5,3,2,2,5,15:30,93,E08000014,5,0,6,30,6,4,6,0,0,0,1,1,1,0,0,1,1,E01006974,26-05-2018,2,1,1,1,16,4,3,0,0,0,0,-1,3,-1
35755,77.24165343,28.57429073,5,3,2,1,2,13:30,93,E08000014,3,566,6,30,3,4,6,0,0,0,1,1,1,0,0,1,2,E01007006,30-05-2018,2,1,1,1,36,7,3,0,0,0,0,-1,9,2
35756,77.2525694,28.71056795,5,3,2,2,7,21:20,93,E08000014,6,0,6,30,3,4,6,0,0,0,4,1,1,0,0,1,1,E01006977,07-05-2018,2,2,2,1,36,7,3,0,0,2,0,-1,9,2
35757,77.1436933,28.72236102,5,3,1,1,4,07:40,93,E08000014,4,5193,6,30,0,-1,-1,0,0,0,1,2,2,0,0,2,1,E01007027,25-05-2018,2,3,2,1,40,7,3,0,0,2,0,-1,9,2
35758,77.07766206,28.58382718,5,3,2,1,1,13:45,93,E08000014,5,0,6,30,0,-1,-1,0,0,0,1,1,1,0,0,1,1,E01007063,29-05-2018,1,1,1,1,24,5,3,0,0,0,0,-1,9,3
35759,77.07658293,28.59586699,5,3,1,2,6,14:47,93,E08000014,3,565,6,30,0,-1,-1,0,0,0,1,1,1,0,0,1,1,E01006968,27-05-2018,1,1,2,2,46,8,3,0,0,1,0,-1,9,1
35760,77.27427049,28.5427219,5,3,2,1,6,18:35,93,E08000014,6,0,6,30,3,4,6,0,0,0,1,1,1,0,0,1,2,E01007089,27-05-2018,1,1,3,1,27,6,3,5,3,0,0,-1,0,3
35761,77.30992218,28.68252075,5,3,2,1,2,16:45,93,E08000014,3,566,1,30,1,4,3,5038,0,0,1,1,1,0,0,1,2,E01007052,23-05-2018,2,1,1,1,37,7,2,0,0,0,0,-1,5,1
35762,77.1057182,28.62560122,5,3,2,1,3,19:30,93,E08000014,4,5421,2,30,3,4,3,565,0,0,1,1,1,0,0,1,1,E01006957,17-05-2018,2,1,1,1,43,7,3,0,0,0,0,-1,9,1
35763,77.13834793,28.53883348,5,3,1,1,7,23:59,93,E08000014,6,0,9,30,3,4,6,0,0,0,4,8,1,0,0,1,2,E01006968,22-01-2018,1,1,1,1,19,4,3,0,0,0,0,-1,9,1
35764,77.20094602,28.64645314,5,3,2,1,3,17:25,93,E08000014,3,565,3,30,6,2,3,5057,0,0,1,1,1,0,0,1,2,E01007009,24-05-2018,2,1,1,1,20,4,3,0,0,0,0,-1,1,-1
35765,77.23223446,28.62473517,5,3,2,1,3,15:00,93,E08000014,4,5422,6,30,3,4,4,5422,0,0,1,1,1,0,0,1,1,E01007071,31-05-2018,1,1,1,2,56,9,3,0,0,0,0,-1,9,2
35766,77.30459837,28.69385111,5,3,2,1,3,11:20,93,E08000014,4,5195,6,30,3,4,4,5424,0,0,1,1,1,0,0,1,1,E01007078,31-05-2018,2,2,1,1,17,4,2,0,0,0,0,-1,3,2
35767,77.09057663,28.66124101,5,3,2,1,4,17:30,93,E08000014,4,5208,6,30,6,2,4,5208,0,0,1,2,2,0,0,1,2,E01006935,01-06-2018,2,1,1,1,25,5,3,0,0,0,0,-1,1,1
35768,77.2083734,28.54872569,5,3,2,1,5,08:15,93,E08000014,6,0,6,40,0,-1,-1,0,0,0,1,2,2,0,0,2,1,E01007036,02-06-2018,1,1,3,1,7,2,3,5,1,0,0,-1,0,-1
35769,77.31859058,28.58694762,5,3,2,1,2,12:30,93,E08000014,6,0,6,30,3,4,6,0,0,4,1,1,1,3,0,1,1,E01007016,30-05-2018,1,1,3,1,6,2,3,5,2,0,0,-1,0,-1
35770,77.30540596,28.72153852,5,3,2,2,2,00:55,93,E08000014,6,0,6,30,3,4,3,565,0,0,4,1,1,4,2,1,1,E01006932,30-05-2018,1,1,1,2,64,9,2,0,0,0,0,-1,9,3
35771,77.27103762,28.65663852,5,3,1,1,6,17:20,93,E08000014,6,0,2,30,6,2,6,0,0,5,1,1,1,0,0,1,1,E01006968,03-06-2018,2,2,2,2,7,2,3,0,0,2,0,-1,9,3
35772,77.23033433,28.56428099,5,3,3,2,1,04:00,93,E08000014,6,0,6,30,0,-1,-1,0,0,0,1,1,1,0,0,1,1,E01007108,05-06-2018,2,3,1,2,35,6,3,0,0,0,0,-1,9,3
35773,77.30821129,28.66838619,5,3,2,1,5,07:30,93,E08000014,5,0,6,30,3,4,5,0,0,0,1,1,2,0,0,1,1,E01006925,19-05-2018,1,1,3,1,10,2,3,5,1,0,0,-1,0,1
35774,77.23597692,28.63765272,5,3,2,2,1,16:45,93,E08000014,3,59,3,40,5,4,6,0,0,0,1,1,2,0,0,1,2,E01007041,22-05-2018,1,1,3,2,71,10,1,1,1,0,0,-1,0,1
35775,77.07303736,28.55861051,5,3,2,1,5,12:35,93,E08000014,3,565,6,30,3,4,5,0,0,0,1,1,1,0,0,1,2,E01007102,02-06-2018,1,1,3,2,83,11,2,5,3,0,0,-1,0,1
35776,77.13318362,28.55156777,5,3,1,1,5,10:35,93,E08000014,3,5036,3,40,1,4,3,5036,0,0,1,2,2,6,0,1,1,E01007016,02-06-2018,2,1,1,1,33,6,3,0,0,0,0,-1,9,-1
35777,77.21113512,28.63200065,5,1,1,1,3,20:40,93,E08000014,6,0,6,20,0,-1,-1,0,0,0,1,1,1,4,0,2,1,E01006922,07-06-2018,2,2,2,2,35,6,3,0,0,1,0,-1,9,-1
35778,77.33815501,28.71665495,5,3,3,1,3,10:20,93,E08000014,3,5267,6,30,6,4,5,0,0,0,1,1,1,0,0,1,1,E01006997,31-05-2018,1,1,3,2,10,2,2,4,1,0,0,-1,0,-1
35779,77.19382281,28.54560593,5,3,2,1,1,08:20,93,E08000014,3,565,6,30,3,4,6,0,0,0,1,1,1,0,0,1,1,E01006932,05-06-2018,2,1,1,2,7,2,3,0,0,0,0,-1,1,1
35780,77.0696562,28.59764199,5,2,2,1,1,18:45,93,E08000014,4,5422,6,30,3,4,6,0,0,0,1,1,1,0,0,1,1,E01006977,05-06-2018,1,1,3,2,87,11,3,5,1,0,0,-1,0,-1
35781,77.34108742,28.70472204,5,3,1,1,2,13:05,93,E08000014,6,0,6,30,0,-1,-1,0,0,0,1,1,1,0,0,1,1,E01006983,06-06-2018,1,1,3,1,11,3,3,5,4,0,0,-1,0,1
35782,77.15901064,28.61598612,5,3,2,1,3,22:05,93,E08000014,3,570,6,30,0,-1,-1,0,0,0,4,1,1,0,0,1,1,E01006970,07-06-2018,2,1,1,1,46,8,3,0,0,0,0,-1,1,-1
35783,77.1966271,28.71507611,5,3,3,3,3,16:00,93,E08000014,5,0,6,30,3,2,5,0,1,0,1,1,1,0,0,1,2,E01007038,07-06-2018,2,1,1,2,56,9,3,0,0,0,0,-1,1,1
35784,77.2558136,28.71949274,5,3,2,2,3,09:50,93,E08000014,5,0,6,30,6,4,6,0,0,0,1,1,1,3,0,1,1,E01006974,31-05-2018,2,1,2,1,6,2,3,0,0,1,0,-1,9,1
35785,77.24455097,28.69875605,5,3,2,1,3,20:30,93,E08000014,5,0,1,30,1,4,5,0,0,0,1,1,1,0,0,1,2,E01007085,07-06-2018,1,1,1,2,45,7,3,0,0,0,0,-1,9,1
35786,77.34288845,28.59113563,5,3,2,1,4,17:30,93,E08000014,6,0,6,30,3,4,6,0,0,0,1,8,1,0,0,1,2,E01007073,08-06-2018,2,1,1,1,38,7,3,0,0,0,0,-1,9,1
35787,77.10531977,28.60336466,5,3,1,1,6,18:50,93,E08000014,5,0,6,30,8,4,6,0,0,0,1,1,1,0,0,1,1,E01007011,27-05-2018,1,1,3,2,15,3,3,5,3,0,0,-1,0,-1
35788,77.18618105,28.57245387,5,3,1,2,3,15:40,93,E08000014,6,0,6,30,0,-1,-1,0,0,0,1,1,1,0,0,1,1,E01007073,07-06-2018,1,2,1,1,55,8,3,0,0,0,0,-1,9,3
35789,77.23828313,28.67257177,5,3,2,2,3,13:32,93,E08000014,3,5267,6,30,6,4,6,0,0,0,1,1,1,0,0,1,1,E01006934,07-06-2018,2,1,1,1,67,10,3,0,0,0,0,-1,9,-1
35790,77.10837784,28.58974337,5,3,1,1,6,18:06,93,E08000014,6,0,6,30,6,4,6,0,0,8,1,1,1,0,0,1,1,E01007108,10-06-2018,2,1,1,2,44,7,3,0,0,0,0,-1,9,1
35791,77.3348206,28.59048242,5,3,2,1,7,18:00,93,E08000014,3,5089,6,30,6,4,4,5110,0,0,1,1,1,0,0,1,1,E01006966,11-06-2018,1,1,3,2,44,7,3,5,3,0,0,-1,0,-1
35792,77.25963554,28.57701787,5,3,2,1,7,13:00,93,E08000014,3,59,3,40,0,-1,-1,0,0,0,1,1,1,0,0,1,1,E01007041,11-06-2018,2,1,1,2,48,8,3,0,0,0,0,-1,9,3
35793,77.12804271,28.68283603,5,3,2,1,1,16:22,93,E08000014,3,59,1,40,1,4,1,57,0,0,1,1,2,0,0,2,1,E01007038,12-06-2018,1,1,1,1,42,7,3,0,0,0,0,-1,5,2
35794,77.18321246,28.67406131,5,3,2,2,3,15:40,93,E08000014,5,0,2,30,6,2,5,0,0,5,1,1,1,0,0,1,1,E01006968,10-05-2018,2,1,1,1,24,5,3,0,0,0,0,-1,1,1
35795,77.15416831,28.66550552,5,3,2,2,2,16:30,93,E08000014,3,565,6,30,3,4,6,0,0,0,1,1,1,0,0,1,1,E01006923,23-05-2018,2,1,2,1,49,8,3,0,0,1,0,-1,19,-1
35796,77.1744308,28.64130767,5,3,2,1,4,19:50,93,E08000014,6,0,6,30,0,-1,-1,0,0,0,1,1,1,0,0,1,1,E01006999,08-06-2018,2,2,1,2,44,7,3,0,0,0,0,-1,19,3
35797,77.2213914,28.59919412,5,3,3,3,5,18:40,93,E08000014,1,58,3,70,0,-1,-1,0,0,0,1,1,1,0,0,2,1,E01007040,09-06-2018,2,1,2,2,72,10,2,0,0,2,3,-1,11,1
35798,77.05849716,28.64326232,5,3,2,5,7,17:20,93,E08000014,3,5267,6,30,3,4,6,0,0,1,1,1,1,0,0,1,1,E01006951,11-06-2018,2,1,1,2,35,6,3,0,0,0,0,-1,9,1
35799,77.17978361,28.69658227,5,3,2,1,1,03:30,93,E08000014,3,506,9,40,9,4,3,506,0,0,4,1,1,0,0,2,2,E01007040,12-06-2018,2,1,1,1,42,7,2,0,0,0,0,-1,5,1
35800,77.2409026,28.62109335,5,3,2,2,6,16:30,93,E08000014,6,0,1,30,1,4,4,5243,0,0,1,8,1,0,0,1,1,E01006929,10-06-2018,1,1,2,1,83,11,3,0,0,1,0,-1,9,2
35801,77.21832103,28.6960496,5,3,2,3,7,12:35,93,E08000014,3,5036,3,40,7,2,5,0,0,0,1,1,1,0,0,1,1,E01007054,11-06-2018,3,2,1,2,80,11,3,0,0,0,0,-1,9,-1
35802,77.21144115,28.6990516,5,3,2,1,1,13:40,93,E08000014,4,5194,6,30,3,4,5,0,0,0,1,1,2,0,0,1,1,E01007043,12-06-2018,2,1,1,1,19,4,3,0,0,0,0,-1,1,1
35803,77.19151159,28.6547653,5,3,2,3,3,15:30,93,E08000014,4,5280,6,30,6,4,6,0,0,0,1,8,2,0,0,1,1,E01006944,14-06-2018,1,1,1,2,20,4,3,0,0,0,0,-1,9,3
35804,77.14900381,28.63744169,5,3,1,1,2,20:06,93,E08000014,3,570,1,30,1,4,5,0,0,0,1,2,2,0,0,1,1,E01006994,13-06-2018,1,1,3,2,20,4,3,5,1,0,0,-1,0,1
35805,77.10117361,28.62459538,5,3,2,3,2,19:15,93,E08000014,6,0,6,30,9,4,6,0,0,0,1,1,1,0,0,1,2,E01007010,13-06-2018,2,1,1,1,36,7,2,0,0,0,0,-1,1,1
35806,77.36832769,28.55964624,5,3,2,4,3,00:48,93,E08000014,5,0,6,30,6,4,5,0,0,0,4,2,2,0,0,1,1,E01006971,14-06-2018,2,1,3,2,50,8,2,6,5,0,0,-1,0,-1