Accident_Index,longitude,latitude,Police_Force,Accident_Severity,Number_of_Vehicles,Number_of_Casualties,Day_of_Week,Time,Local_Authority_(District),Local_Authority_(Highway),1st_Road_Class,1st_Road_Number,Road_Type,Speed_limit,Junction_Detail,Junction_Control,2nd_Road_Class,2nd_Road_Number,Pedestrian_Crossing-Human_Control,Pedestrian_Crossing-Physical_Facilities,Light_Conditions,Weather_Conditions,Road_Surface_Conditions,Special_Conditions_at_Site,Carriageway_Hazards,Urban_or_Rural_Area,Did_Police_Officer_Attend_Scene_of_Accident,LSOA_of_Accident_Location,Date,Vehicle_Reference,Casualty_Reference,Casualty_Class,Sex_of_Casualty,Age_of_Casualty,Age_Band_of_Casualty,Casualty_Severity,Pedestrian_Location,Pedestrian_Movement,Car_Passenger,Bus_or_Coach_Passenger,Pedestrian_Road_Maintenance_Worker,Casualty_Type,Casualty_Home_Area_Type
35928,77.12258363,28.55311967,5,3,1,1,6,09:10,93,E08000014,3,5038,3,30,0,-1,-1,0,0,0,1,1,1,0,0,1,1,E01006960,05-08-2018,1,1,2,2,23,5,2,0,0,2,0,-1,9,3
35929,77.32096981,28.59594951,5,3,3,3,6,09:50,93,E08000014,3,59,3,40,0,-1,-1,0,0,0,1,1,1,0,0,2,1,E01007038,12-08-2018,1,2,2,1,20,4,2,0,0,1,0,-1,9,3
35930,77.30888913,28.67189027,5,3,2,1,1,13:15,93,E08000014,6,0,6,30,3,4,6,0,0,0,1,1,1,0,0,1,1,E01007054,07-08-2018,1,3,1,1,27,6,3,0,0,0,0,-1,9,3
35931,77.24869703,28.61164153,5,2,2,1,7,14:20,93,E08000014,6,0,6,30,3,4,6,0,0,5,1,1,1,0,0,1,1,E01007065,30-07-2018,1,1,2,1,21,5,2,0,0,2,0,-1,9,1
35932,77.21759601,28.54114165,5,3,2,1,2,16:00,93,E08000014,6,0,6,30,0,-1,-1,0,0,0,1,1,1,0,0,1,2,E01007091,08-08-2018,1,1,1,2,8,2,3,0,0,0,0,-1,1,1
35933,77.31553691,28.58363932,5,3,1,1,7,18:20,93,E08000014,6,0,6,30,0,-1,-1,0,0,0,1,2,2,0,0,1,1,E01006976,30-07-2018,2,1,1,2,67,10,3,0,0,0,0,-1,9,2
35934,77.24422693,28.71492723,5,3,2,2,3,22:00,93,E08000014,6,0,1,30,2,4,6,0,0,0,4,1,1,0,0,2,2,E01006950,09-08-2018,1,1,1,1,73,10,3,0,0,0,0,-1,9,2
35935,77.3650159,28.65960153,5,3,2,1,3,13:50,93,E08000014,6,0,6,30,9,4,6,0,0,0,1,1,1,0,0,1,1,E01007031,09-08-2018,2,1,2,2,72,10,3,0,0,1,0,-1,9,1
35936,77.18341979,28.66097175,5,3,2,1,1,13:45,93,E08000014,3,59,3,40,7,2,6,0,0,5,1,1,1,0,0,1,2,E01007065,14-08-2018,3,1,1,2,36,7,3,0,0,0,0,-1,9,1
35937,77.33396552,28.67080344,5,3,2,1,2,16:00,93,E08000014,3,565,1,30,7,4,3,565,0,0,1,1,1,0,0,1,1,E01006951,08-08-2018,3,2,2,2,-1,-1,3,0,0,1,0,-1,9,1
35938,77.19608941,28.72647579,5,3,2,1,6,17:02,93,E08000014,3,567,6,30,9,4,6,0,0,0,1,1,1,0,0,1,2,E01007013,05-08-2018,2,1,1,1,57,9,3,0,0,0,0,-1,19,3
35939,77.36123367,28.55733485,5,3,2,2,1,16:15,93,E08000014,1,58,3,70,0,-1,-1,0,0,0,1,1,1,0,0,2,2,E01007098,14-08-2018,1,1,1,1,43,7,3,0,0,0,0,-1,4,1
35940,77.19497871,28.68894846,5,3,1,1,7,10:45,93,E08000014,6,0,6,30,0,-1,-1,0,0,1,1,2,2,0,0,1,1,E01007011,13-08-2018,1,1,3,1,9,2,2,5,2,0,0,-1,0,1
35941,77.10991557,28.67711919,5,3,2,1,4,17:05,93,E08000014,6,0,6,30,3,4,6,0,0,0,1,1,1,0,0,1,2,E01007074,10-08-2018,1,1,1,2,19,4,3,0,0,0,0,-1,9,2
35942,77.174214,28.61618856,5,3,2,1,1,11:15,93,E08000014,6,0,6,30,3,4,6,0,0,0,1,1,1,0,0,2,2,E01007038,21-08-2018,1,2,2,1,18,4,2,0,0,1,0,-1,9,2
35943,77.2431768,28.6644503,5,3,2,2,6,13:30,93,E08000014,3,5058,3,30,6,4,6,0,0,0,1,1,1,0,0,1,1,E01007010,05-08-2018,2,3,1,1,25,5,2,0,0,0,0,-1,9,1
35944,77.21866379,28.6086663,5,2,2,1,6,12:30,93,E08000014,6,0,6,30,8,4,6,0,0,0,1,1,1,0,0,2,2,E01006971,05-08-2018,2,4,2,1,16,4,2,0,0,1,0,-1,9,-1
35945,77.05846527,28.61899455,5,3,2,1,4,14:15,93,E08000014,6,0,6,30,8,4,6,0,0,0,1,1,1,0,0,1,1,E01006920,06-07-2018,2,1,1,1,53,8,3,0,0,0,0,-1,1,-1
35946,77.20071854,28.5835683,5,3,2,1,6,14:30,93,E08000014,3,59,1,30,1,2,3,59,0,0,1,1,1,0,0,2,2,E01007053,12-08-2018,1,1,1,1,26,6,2,0,0,0,0,-1,1,-1
35947,77.08892373,28.64658159,5,3,1,1,6,19:30,93,E08000014,6,0,6,30,3,4,6,0,0,0,1,1,1,0,0,1,2,E01006941,12-08-2018,2,1,1,1,49,8,3,0,0,0,0,-1,5,1
35948,77.14230362,28.64734167,5,3,2,1,5,17:30,93,E08000014,6,0,3,30,7,4,3,5058,0,0,1,1,1,0,0,1,1,E01007010,18-08-2018,2,1,1,1,-1,-1,3,0,0,0,0,-1,1,-1
35949,77.09959754,28.62235959,5,3,2,1,3,13:15,93,E08000014,6,0,6,30,0,-1,-1,0,0,0,1,1,1,0,0,1,2,E01007102,16-08-2018,2,1,1,2,32,6,3,0,0,0,0,-1,9,1
35950,77.18757637,28.53574723,5,2,2,2,5,23:45,93,E08000014,6,0,6,30,9,2,3,5036,0,0,4,1,1,0,0,1,2,E01007054,18-08-2018,1,1,1,1,40,7,3,0,0,0,0,-1,21,1
35951,77.30822216,28.66758635,5,3,2,1,2,08:05,93,E08000014,3,565,6,30,0,-1,-1,0,0,4,1,2,2,0,0,1,2,E01006968,22-08-2018,2,1,1,1,17,4,3,0,0,0,0,-1,3,1
35952,77.21110645,28.6971967,5,3,3,1,1,14:00,93,E08000014,3,506,6,30,8,4,3,506,0,0,1,1,1,0,0,2,2,E01007040,07-08-2018,2,1,1,1,67,10,3,0,0,0,0,-1,9,-1
35953,77.15652816,28.62018213,5,3,1,1,4,23:30,93,E08000014,4,5193,6,60,0,-1,-1,0,0,0,6,1,1,0,0,2,1,E01007022,10-08-2018,2,2,2,2,64,9,3,0,0,1,0,-1,9,-1
35954,77.05952116,28.60004871,5,3,3,1,4,12:40,93,E08000014,3,565,6,30,3,4,6,0,0,1,1,1,1,0,0,1,1,E01006956,03-08-2018,2,1,1,2,43,7,3,0,0,0,0,-1,9,3
35955,77.33461184,28.53825211,5,3,2,1,7,16:55,93,E08000014,3,59,3,40,6,2,6,0,0,7,1,1,1,0,0,1,1,E01007073,20-08-2018,2,1,1,1,34,6,3,0,0,0,0,-1,9,1
35956,77.11215427,28.64277045,5,3,2,1,5,10:30,93,E08000014,6,0,6,30,3,4,6,0,0,0,1,1,1,0,0,1,1,E01007109,18-08-2018,2,1,1,1,60,9,2,0,0,0,0,-1,3,1
35957,77.1873529,28.6898641,5,3,2,1,3,07:45,93,E08000014,3,565,1,30,1,4,6,0,0,0,1,1,1,0,0,1,2,E01007028,23-08-2018,2,1,1,1,61,9,3,0,0,0,0,-1,9,1
35958,77.35634532,28.56830464,5,3,2,2,2,12:45,93,E08000014,6,0,6,30,3,4,6,0,0,0,1,1,1,0,0,1,1,E01007057,22-08-2018,2,1,1,2,25,5,3,0,0,0,0,-1,9,2
35959,77.32596257,28.56138478,5,3,3,1,4,11:55,93,E08000014,6,0,2,30,6,4,6,0,2,5,1,1,1,0,0,1,1,E01006968,17-08-2018,1,1,2,2,78,11,2,0,0,1,0,-1,9,2
35960,77.17154037,28.67082576,5,2,1,1,7,22:00,93,E08000014,3,570,1,40,1,4,3,570,0,0,4,1,1,0,0,1,1,E01006999,20-08-2018,1,2,1,1,80,11,3,0,0,0,0,-1,9,2
35961,77.30042941,28.65685624,5,3,1,1,7,12:50,93,E08000014,3,5058,6,30,6,2,3,567,0,0,1,1,1,0,0,1,2,E01007009,27-08-2018,2,1,1,2,20,4,3,0,0,0,0,-1,9,3
35962,77.1237393,28.65101002,5,3,2,1,4,12:00,93,E08000014,3,565,6,30,9,4,6,0,0,0,1,1,2,0,0,1,1,E01006957,24-08-2018,2,2,2,2,20,4,3,0,0,1,0,-1,9,1
35963,77.36649452,28.72403146,5,3,2,1,7,17:50,93,E08000014,6,0,6,30,3,4,6,0,0,0,1,1,1,0,0,1,1,E01006970,20-08-2018,1,1,3,2,7,2,3,5,2,0,0,-1,0,-1
35964,77.0851936,28.71308135,5,3,2,1,5,19:15,93,E08000014,3,59,1,30,1,2,3,5036,0,0,1,1,2,0,0,2,1,E01007053,25-08-2018,1,1,1,1,19,4,3,0,0,0,0,-1,1,2
35965,77.18520869,28.61766035,5,3,2,2,5,16:00,93,E08000014,6,0,6,30,6,2,6,0,0,4,1,1,1,0,0,2,2,E01006923,25-08-2018,2,2,1,1,34,6,3,0,0,0,0,-1,5,1
35966,77.15562918,28.61266259,5,3,2,1,2,23:40,93,E08000014,3,5267,6,30,6,2,6,0,0,0,4,8,1,0,0,1,2,E01006998,22-08-2018,1,1,1,1,19,4,3,0,0,0,0,-1,9,2
35967,77.07488702,28.71554748,5,3,4,4,2,15:00,93,E08000014,4,5276,6,30,3,4,6,0,0,4,1,1,1,0,0,1,1,E01007060,22-08-2018,1,2,2,1,19,4,3,0,0,1,0,-1,9,2
35968,77.09487923,28.71876102,5,3,2,1,6,08:45,93,E08000014,6,0,6,30,3,4,6,0,0,0,1,1,2,0,0,1,1,E01007048,26-08-2018,2,1,1,1,13,3,3,0,0,0,0,-1,1,1
35969,77.30471328,28.59879104,5,3,2,1,6,13:45,93,E08000014,6,0,6,30,9,4,6,0,0,0,1,2,2,0,0,1,1,E01007065,26-08-2018,2,1,1,2,57,9,3,0,0,0,0,-1,9,1
35970,77.15004812,28.53935086,5,3,2,2,3,18:25,93,E08000014,6,0,3,30,3,4,6,0,0,0,1,2,2,0,0,2,1,E01007040,23-08-2018,1,1,2,2,37,7,3,0,0,1,0,-1,9,1
35971,77.27121091,28.67357784,5,3,2,1,6,09:15,93,E08000014,6,0,2,30,0,-1,-1,0,0,0,1,1,1,0,0,1,2,E01007081,26-08-2018,2,1,1,2,19,4,3,0,0,0,0,-1,9,1
35972,77.20025881,28.60344025,5,3,2,3,4,15:50,93,E08000014,6,0,6,30,6,4,6,0,0,0,1,2,2,0,0,1,1,E01007059,31-08-2018,2,2,2,2,42,7,3,0,0,1,0,-1,9,1
35973,77.35849071,28.71732944,5,3,3,2,2,17:20,93,E08000014,6,0,6,30,0,-1,-1,0,0,0,1,1,1,0,0,1,1,E01007047,13-06-2018,2,1,1,2,64,9,3,0,0,0,0,-1,9,2
35974,77.08987024,28.72580495,5,3,2,1,1,23:45,93,E08000014,3,570,6,30,6,2,3,5267,0,5,4,1,1,0,0,1,1,E01006994,28-08-2018,2,2,2,2,73,10,3,0,0,1,0,-1,9,-1
35975,77.18617751,28.5327514,5,3,3,1,4,12:50,93,E08000014,3,570,3,30,7,2,3,5267,0,5,1,1,1,0,0,1,1,E01006994,17-08-2018,2,3,2,2,64,9,3,0,0,2,0,-1,9,3
35976,77.09434161,28.71689797,5,3,2,1,6,18:00,93,E08000014,6,0,1,30,0,-1,-1,0,0,0,1,1,1,0,0,2,2,E01006922,08-07-2018,2,1,1,2,17,4,3,0,0,0,0,-1,2,1
35977,77.35601826,28.58177176,5,3,2,1,6,08:40,93,E08000014,4,5424,6,30,3,4,6,0,0,0,1,2,2,0,0,1,2,E01007082,15-07-2018,1,1,1,1,36,7,3,0,0,0,0,-1,9,1
35978,77.17813989,28.7036434,5,3,2,1,6,05:40,93,E08000014,6,0,1,30,1,4,3,570,0,0,1,1,2,0,0,1,1,E01006994,29-07-2018,1,2,2,2,27,6,2,0,0,1,0,-1,9,1
35979,77.34928857,28.7135126,5,3,2,1,3,19:40,93,E08000014,6,0,6,30,6,4,6,0,0,0,1,1,1,0,0,1,1,E01007099,30-08-2018,1,1,1,1,29,6,3,0,0,0,0,-1,3,1
35980,77.28746172,28.57453279,5,3,1,1,3,20:15,93,E08000014,3,59,3,40,6,4,6,0,0,0,4,1,1,0,0,1,1,E01007041,30-08-2018,1,1,2,2,25,5,3,0,0,1,0,-1,9,1
35981,77.10671924,28.70508443,5,3,1,2,4,12:45,93,E08000014,3,59,3,30,0,-1,-1,0,0,0,1,1,1,0,0,1,1,E01007041,31-08-2018,2,1,1,2,25,5,3,0,0,0,0,-1,9,3
35982,77.10799349,28.54766079,5,3,2,1,3,09:37,93,E08000014,6,0,6,30,3,4,6,0,0,0,1,1,1,0,0,1,1,E01007031,13-09-2018,2,1,1,2,22,5,2,0,0,0,0,-1,9,1
35983,77.14264079,28.56897996,5,3,3,1,3,09:25,93,E08000014,3,5036,3,40,6,4,6,0,0,0,1,1,1,0,0,1,1,E01007046,09-08-2018,2,1,2,2,19,4,3,0,0,1,0,-1,9,1
35984,77.19525696,28.62414573,5,3,2,6,5,01:30,93,E08000014,3,5058,6,30,6,2,4,5110,0,0,1,1,1,0,0,1,1,E01006961,01-09-2018,2,1,1,1,46,8,2,0,0,0,0,-1,5,2
35985,77.282134,28.54034877,5,3,3,1,4,20:20,93,E08000014,6,0,6,30,3,4,6,0,0,0,1,1,1,0,0,1,1,E01006929,17-08-2018,2,1,1,1,60,9,2,0,0,0,0,-1,5,1
35986,77.29066796,28.5365273,5,3,2,1,4,07:55,93,E08000014,3,565,1,30,1,4,3,565,0,0,1,1,1,0,0,1,2,E01007035,31-08-2018,1,1,2,1,31,6,3,0,0,1,0,-1,9,-1
35987,77.1740259,28.60264365,5,3,2,2,5,15:06,93,E08000014,6,0,6,30,6,4,6,0,0,0,1,1,1,0,0,1,1,E01006778,01-09-2018,1,2,1,1,34,6,2,0,0,0,0,-1,9,1
35988,77.15849181,28.57711703,5,3,2,2,6,14:10,93,E08000014,6,0,6,30,6,4,3,5267,0,0,1,1,1,0,0,1,2,E01006934,02-09-2018,2,1,1,2,34,6,3,0,0,0,0,-1,9,1
35989,77.30019117,28.61854085,5,3,1,1,4,13:43,93,E08000014,6,0,6,30,0,-1,-1,0,0,0,1,1,1,0,0,1,2,E01007088,31-08-2018,1,1,1,2,18,4,3,0,0,0,0,-1,9,1
35990,77.29825105,28.65110422,5,3,1,1,2,11:55,93,E08000014,3,565,2,30,3,4,4,5245,0,0,1,1,1,0,0,1,1,E01006968,05-09-2018,1,2,2,2,-1,-1,3,0,0,1,0,-1,9,-1
35991,77.29468982,28.63135683,5,3,2,1,5,16:00,93,E08000014,6,0,6,30,0,-1,-1,0,0,0,1,1,1,0,0,1,2,E01007010,07-04-2018,1,1,1,1,16,4,3,0,0,0,0,-1,2,3
35992,77.16727984,28.5391262,5,2,2,1,7,18:00,93,E08000014,6,0,6,30,3,4,6,0,0,0,1,1,1,0,0,1,1,E01007003,03-09-2018,2,1,3,1,22,5,3,9,8,0,0,-1,0,3
35993,77.28205312,28.69780785,5,3,1,2,2,16:16,93,E08000014,6,0,6,30,3,4,6,0,0,0,1,1,1,0,0,1,1,E01006941,05-09-2018,2,1,1,1,32,6,3,0,0,0,0,-1,9,1
35994,77.17113695,28.64012477,5,3,4,1,2,12:15,93,E08000014,3,5098,6,30,9,4,6,0,0,0,1,1,1,0,0,1,1,E01006964,05-09-2018,1,1,1,2,22,5,3,0,0,0,0,-1,9,-1
35995,77.25647128,28.62422627,5,3,2,1,3,22:00,93,E08000014,3,5036,3,60,6,2,4,5194,0,5,4,1,1,0,0,1,1,E01007053,06-09-2018,1,1,3,2,37,7,3,1,3,0,0,-1,0,-1
35996,77.13386277,28.54097833,5,3,2,1,3,08:50,93,E08000014,4,5208,6,30,6,4,4,5208,0,0,1,1,1,0,0,1,2,E01006935,06-09-2018,1,1,1,2,12,3,3,0,0,0,0,-1,1,1
35997,77.22289345,28.65601997,5,3,2,2,4,17:00,93,E08000014,6,0,3,30,6,4,6,0,0,0,1,1,2,0,0,1,1,E01007079,31-08-2018,1,1,1,2,31,6,3,0,0,0,0,-1,9,-1
35998,77.3289892,28.64664408,5,3,2,2,3,17:00,93,E08000014,4,5280,6,30,6,4,6,0,0,0,1,1,1,0,0,1,1,E01006944,06-09-2018,2,3,2,2,18,4,3,0,0,1,0,-1,9,1
35999,77.27073944,28.58271437,5,3,2,2,5,17:55,93,E08000014,4,5244,6,30,6,4,6,0,0,0,1,1,1,0,0,1,1,E01007030,08-09-2018,2,4,2,2,49,8,3,0,0,2,0,-1,9,1
36000,77.15130568,28.71598797,5,2,1,1,6,15:40,93,E08000014,6,0,6,30,3,4,6,0,0,0,1,1,1,0,0,2,1,E01007076,09-09-2018,3,2,1,2,40,7,3,0,0,0,0,-1,9,1
36001,77.31562324,28.68426051,5,3,2,2,6,15:05,93,E08000014,6,0,6,30,0,-1,-1,0,0,0,1,1,1,0,0,1,1,E01007090,09-09-2018,4,5,1,2,25,5,3,0,0,0,0,-1,9,1
36002,77.15060456,28.69788134,5,3,2,1,2,18:00,93,E08000014,6,0,6,30,3,4,6,0,0,0,1,1,1,0,0,1,2,E01007036,12-09-2018,1,1,1,1,54,8,2,0,0,0,0,-1,5,-1
36003,77.28092924,28.53787443,5,3,2,2,6,11:30,93,E08000014,3,5036,6,30,3,4,6,0,0,0,1,2,2,0,0,1,1,E01007009,09-09-2018,1,1,1,2,39,7,3,0,0,0,0,-1,9,2
36004,77.07250095,28.6296685,5,3,2,1,2,18:30,93,E08000014,6,0,6,30,3,4,6,0,0,0,1,1,1,0,0,1,2,E01007019,12-09-2018,2,2,1,2,39,7,3,0,0,0,0,-1,9,3
36005,77.22810191,28.59367626,5,3,2,3,2,11:58,93,E08000014,6,0,6,30,0,-1,-1,0,0,0,1,1,1,0,0,1,1,E01007040,12-09-2018,1,1,3,1,45,7,3,5,1,0,0,-1,0,1
36006,77.32743748,28.66610825,5,3,2,1,3,14:40,93,E08000014,3,5036,3,40,6,2,6,0,0,8,1,1,1,0,0,2,1,E01007054,23-08-2018,2,1,2,2,24,5,3,0,0,2,0,-1,8,1
36007,77.15378146,28.6320012,5,3,2,1,4,07:30,93,E08000014,3,506,6,30,3,4,3,506,0,0,1,8,2,0,0,2,1,E01007040,14-09-2018,1,1,3,1,12,3,3,5,2,0,0,-1,0,1
36008,77.13113672,28.62569384,5,3,2,1,6,11:00,93,E08000014,3,5057,1,30,1,4,3,5090,0,0,1,1,1,0,0,1,2,E01006961,02-09-2018,2,1,1,2,18,4,3,0,0,0,0,-1,3,1
36009,77.18235895,28.61182099,5,3,2,1,5,19:20,93,E08000014,3,5057,3,30,6,2,3,565,0,5,1,1,1,0,0,1,2,E01007009,15-09-2018,1,1,1,2,18,4,3,0,0,0,0,-1,9,1
36010,77.27427557,28.72820456,5,3,2,1,5,20:00,93,E08000014,3,565,3,30,1,4,3,5036,0,0,4,2,2,0,0,1,2,E01006953,15-09-2018,1,2,2,1,25,5,2,0,0,1,0,-1,9,1
36011,77.22420733,28.66165932,5,3,2,1,7,19:30,93,E08000014,6,0,6,20,0,-1,-1,0,0,0,4,1,1,0,0,1,1,E01006961,17-09-2018,2,2,1,2,14,3,3,0,0,0,0,-1,1,-1
36012,77.15698275,28.65922809,5,3,2,1,4,12:45,93,E08000014,3,5036,3,40,6,2,3,5090,0,0,1,1,1,0,0,1,2,E01007016,31-08-2018,1,2,1,1,39,7,3,0,0,0,0,-1,9,1
36013,77.27155465,28.60528136,5,3,2,1,3,21:06,93,E08000014,6,0,1,30,1,4,6,0,0,0,4,1,1,0,0,2,1,E01006971,13-09-2018,2,1,1,1,36,7,3,0,0,0,0,-1,9,3
36014,77.30618726,28.65226682,5,3,1,1,5,10:00,93,E08000014,3,5036,1,30,1,2,1,57,0,0,1,2,2,6,0,2,1,E01007038,15-09-2018,2,1,1,2,53,8,3,0,0,0,0,-1,1,1
36015,77.09996878,28.60006284,5,3,1,1,3,09:00,93,E08000014,6,0,6,30,0,-1,-1,0,0,0,1,1,1,0,0,1,2,E01006962,20-09-2018,1,1,1,1,16,4,3,0,0,0,0,-1,2,1
36016,77.27153354,28.63397629,5,3,2,1,1,14:45,93,E08000014,6,0,6,30,3,4,6,0,0,0,1,1,1,0,0,1,2,E01006956,07-08-2018,2,1,1,1,53,8,3,0,0,0,0,-1,9,1
36017,77.26105852,28.62874041,5,2,3,2,3,23:23,93,E08000014,6,0,6,30,0,-1,-1,0,0,0,4,1,1,0,0,1,1,E01006957,20-09-2018,2,2,2,2,50,8,3,0,0,1,0,-1,9,1
36018,77.06332085,28.66474391,5,3,2,1,3,09:10,93,E08000014,6,0,3,30,3,2,4,5422,0,0,1,1,1,0,0,1,2,E01006977,20-09-2018,2,1,1,1,49,8,3,0,0,0,0,-1,2,1
36019,77.13762213,28.58988453,5,3,1,1,4,17:45,93,E08000014,3,565,6,30,0,-1,-1,0,0,0,1,1,1,0,0,1,2,E01007037,21-09-2018,1,1,1,2,28,6,3,0,0,0,0,-1,9,1
36020,77.21811156,28.56329236,5,3,1,1,3,21:30,93,E08000014,3,565,6,30,9,4,6,0,0,0,4,1,1,0,0,1,2,E01006968,20-09-2018,2,1,1,2,38,7,3,0,0,0,0,-1,9,3
36021,77.24634439,28.71093052,5,3,2,1,5,14:54,93,E08000014,3,59,2,40,1,2,1,58,0,0,1,1,1,0,0,2,1,E01007038,22-09-2018,1,1,3,1,22,5,3,6,9,0,0,-1,0,1
36022,77.31332895,28.69456477,5,3,2,2,6,19:40,93,E08000014,6,0,6,30,9,4,6,0,0,0,4,8,1,0,0,1,2,E01007066,23-09-2018,2,1,1,1,19,4,2,0,0,0,0,-1,1,-1
36023,77.18597222,28.68898411,5,3,1,1,2,15:40,93,E08000014,6,0,6,30,3,4,6,0,0,0,1,1,1,0,0,1,1,E01007097,19-09-2018,3,1,1,2,49,8,3,0,0,0,0,-1,9,1
36024,77.24489517,28.71491045,5,3,2,2,6,08:10,93,E08000014,6,0,3,30,3,4,4,5194,0,0,1,1,1,0,0,1,2,E01007041,23-09-2018,2,1,1,1,26,6,3,0,0,0,0,-1,9,1
36025,77.22924358,28.58966253,5,3,1,1,7,11:20,93,E08000014,6,0,6,30,7,2,6,0,0,5,1,1,1,0,0,1,2,E01006968,24-09-2018,1,1,1,2,22,5,3,0,0,0,0,-1,9,2
36026,77.283957,28.55164879,5,2,1,1,2,13:40,93,E08000014,6,0,6,30,3,4,6,0,0,0,1,1,1,0,0,1,1,E01007105,26-09-2018,2,1,1,1,19,4,3,0,0,0,0,-1,2,-1
36027,77.2877074,28.56870338,5,3,1,1,1,08:00,93,E08000014,6,0,6,40,0,-1,-1,0,0,0,1,2,2,0,0,2,1,E01007067,25-09-2018,1,1,2,2,20,4,3,0,0,1,0,-1,8,1
36028,77.36046032,28.69733028,5,3,1,1,2,09:15,93,E08000014,3,5058,6,40,0,-1,-1,0,0,0,1,1,1,0,0,1,1,E01007009,26-09-2018,1,2,2,2,29,6,3,0,0,2,0,-1,8,1
36029,77.24906745,28.62213308,5,3,2,1,3,16:35,93,E08000014,6,0,6,30,3,4,6,0,0,0,1,1,1,0,0,1,1,E01007050,27-09-2018,2,1,1,1,35,6,2,0,0,0,0,-1,5,1
36030,77.30268334,28.61887337,5,3,2,1,3,07:45,93,E08000014,6,0,6,30,3,4,6,0,0,0,1,1,1,0,0,2,1,E01006950,27-09-2018,1,1,1,1,12,3,3,0,0,0,0,-1,1,1
36031,77.21321473,28.67411192,5,1,1,1,5,09:45,93,E08000014,6,0,6,30,0,-1,-1,0,0,0,1,1,1,0,0,2,1,E01007039,29-09-2018,2,1,1,2,35,6,3,0,0,0,0,-1,1,-1
36032,77.19576767,28.61416706,5,3,2,1,6,15:30,93,E08000014,3,5058,3,30,6,2,3,565,0,0,1,1,1,0,0,1,1,E01007010,23-09-2018,1,1,1,1,75,10,2,0,0,0,0,-1,9,1
36033,77.31261096,28.70511489,5,3,3,4,1,15:40,93,E08000014,3,565,3,70,3,2,4,5193,0,0,1,1,1,0,0,2,1,E01007076,25-09-2018,1,2,2,2,69,10,3,0,0,1,0,-1,9,1
36034,77.13728734,28.69018144,5,3,2,1,1,15:20,93,E08000014,3,570,6,30,3,4,6,0,0,0,1,1,1,0,0,1,1,E01006996,25-09-2018,2,1,2,2,26,6,3,0,0,1,0,-1,9,1
36035,77.26993475,28.54612211,5,3,2,2,4,15:45,93,E08000014,6,0,6,30,3,4,6,0,0,0,1,5,2,0,0,1,2,E01007037,28-09-2018,1,1,1,1,21,5,3,0,0,0,0,-1,9,1
36036,77.27265659,28.56017939,5,3,1,3,6,15:45,93,E08000014,3,5038,1,30,1,4,3,566,0,0,1,1,1,0,0,1,1,E01007051,16-09-2018,1,2,2,2,18,4,3,0,0,1,0,-1,9,-1
36037,77.10280226,28.63730058,5,3,2,1,2,20:55,93,E08000014,6,0,6,30,6,4,6,0,0,0,4,1,1,0,0,1,2,E01006998,26-09-2018,1,3,2,2,33,6,3,0,0,2,0,-1,9,1
36038,77.24622577,28.54583855,5,3,2,1,2,21:00,93,E08000014,6,0,6,30,3,4,6,0,0,0,4,2,2,0,0,1,1,E01007004,26-09-2018,1,1,3,2,43,7,3,10,9,0,0,-1,0,1
36039,77.3239687,28.61389392,5,3,2,1,5,15:35,93,E08000014,3,565,1,30,1,4,4,5245,0,0,1,1,1,0,0,1,1,E01006975,29-09-2018,1,1,1,1,21,5,3,0,0,0,0,-1,4,1
36040,77.35190104,28.58197658,5,3,1,1,5,18:20,93,E08000014,4,5110,6,30,3,4,6,0,0,0,4,2,2,0,0,1,1,E01006963,29-09-2018,1,1,2,2,43,7,3,0,0,0,3,-1,11,1
36041,77.34154894,28.63912874,5,3,2,1,6,18:00,93,E08000014,6,0,1,40,1,4,6,0,0,0,4,5,2,0,0,2,1,E01007002,30-09-2018,1,1,1,1,22,5,3,0,0,0,0,-1,9,1
36042,77.07602647,28.6840741,5,3,2,1,6,12:30,93,E08000014,6,0,6,30,3,4,6,0,0,0,1,1,1,0,0,1,1,E01006950,30-09-2018,2,1,1,2,40,7,3,0,0,0,0,-1,9,1
36043,77.17683045,28.57067499,5,3,2,3,1,10:10,93,E08000014,3,5147,6,30,3,2,6,0,0,8,1,1,1,0,0,1,1,E01007072,25-09-2018,2,1,1,1,45,7,2,0,0,0,0,-1,4,1
36044,77.09110738,28.71145015,5,1,1,1,4,02:36,93,E08000014,1,57,7,70,5,2,3,59,0,0,4,1,2,4,0,2,1,E01007038,14-09-2018,1,1,3,2,55,8,3,6,9,0,0,-1,0,1
36045,77.19116501,28.64057072,5,2,1,1,6,15:15,93,E08000014,3,59,6,40,0,-1,-1,0,0,0,1,1,1,0,0,1,1,E01007041,23-09-2018,1,1,1,1,35,6,3,0,0,0,0,-1,9,-1
36046,77.30302516,28.69457824,5,3,2,1,6,08:35,93,E08000014,6,0,6,30,7,4,6,0,0,5,1,2,2,0,0,1,1,E01007041,30-09-2018,1,2,2,2,29,6,3,0,0,1,0,-1,9,-1
36047,77.0823581,28.53417361,5,3,2,2,6,09:30,93,E08000014,6,0,6,30,6,4,3,5036,0,0,1,1,1,0,0,1,1,E01007054,30-09-2018,2,1,1,2,25,5,3,0,0,0,0,-1,9,2
36048,77.13455443,28.58133129,5,3,2,2,2,19:57,93,E08000014,6,0,6,50,3,4,6,0,0,0,1,1,1,0,0,2,1,E01006950,29-08-2018,2,1,1,2,27,6,3,0,0,0,0,-1,9,2