Accident_Index,longitude,latitude,Police_Force,Accident_Severity,Number_of_Vehicles,Number_of_Casualties,Day_of_Week,Time,Local_Authority_(District),Local_Authority_(Highway),1st_Road_Class,1st_Road_Number,Road_Type,Speed_limit,Junction_Detail,Junction_Control,2nd_Road_Class,2nd_Road_Number,Pedestrian_Crossing-Human_Control,Pedestrian_Crossing-Physical_Facilities,Light_Conditions,Weather_Conditions,Road_Surface_Conditions,Special_Conditions_at_Site,Carriageway_Hazards,Urban_or_Rural_Area,Did_Police_Officer_Attend_Scene_of_Accident,LSOA_of_Accident_Location,Date,Vehicle_Reference,Casualty_Reference,Casualty_Class,Sex_of_Casualty,Age_of_Casualty,Age_Band_of_Casualty,Casualty_Severity,Pedestrian_Location,Pedestrian_Movement,Car_Passenger,Bus_or_Coach_Passenger,Pedestrian_Road_Maintenance_Worker,Casualty_Type,Casualty_Home_Area_Type
36049,77.29296843,28.66557335,5,3,3,1,1,19:10,93,E08000014,6,0,1,30,1,4,6,0,0,0,6,1,2,0,0,2,1,E01006971,25-09-2018,1,1,1,1,25,5,3,0,0,0,0,-1,9,1
36050,77.15994189,28.69877291,5,3,2,1,7,14:15,93,E08000014,3,566,1,30,1,4,6,0,0,0,1,1,1,0,0,1,2,E01007051,25-06-2018,1,1,2,1,34,6,2,0,0,1,0,-1,9,1
36051,77.34969058,28.58922028,5,3,3,3,1,16:02,93,E08000014,6,0,6,30,6,4,6,0,0,0,1,1,1,0,0,1,1,E01006970,10-07-2018,1,1,2,1,6,2,3,0,0,0,0,-1,9,1
36052,77.35262312,28.72397736,5,3,2,1,1,17:30,93,E08000014,3,59,9,30,7,2,1,57,0,0,1,1,1,0,0,2,2,E01007038,01-05-2018,1,1,1,1,28,6,3,0,0,0,0,-1,9,1
36053,77.30377819,28.58339068,5,3,1,1,6,15:35,93,E08000014,3,570,3,30,3,2,6,0,0,4,1,1,1,0,0,1,2,E01006968,08-04-2018,2,2,1,1,31,6,3,0,0,0,0,-1,9,1
36054,77.25813677,28.69974954,5,3,2,1,2,14:40,90,E08000011,6,0,6,30,6,4,6,0,0,4,1,1,1,0,0,1,1,E01006474,27-06-2018,2,1,1,1,48,8,3,0,0,0,0,-1,1,1
36055,77.33386731,28.70755707,5,3,1,1,7,13:15,90,E08000011,6,0,6,30,0,-1,-1,0,0,0,1,1,1,0,0,1,1,E01006456,02-07-2018,2,1,1,2,44,7,3,0,0,0,0,-1,9,1
36056,77.25909367,28.54197903,5,3,2,3,5,12:40,90,E08000011,3,580,1,30,1,4,4,5194,0,0,1,2,2,0,0,2,1,E01006439,28-07-2018,1,2,2,2,57,9,3,0,0,1,0,-1,9,1
36057,77.23879008,28.61310194,5,3,2,1,7,11:30,90,E08000011,6,0,6,30,0,-1,-1,0,0,0,1,1,1,0,0,1,1,E01006501,30-07-2018,1,3,2,2,39,7,3,0,0,2,0,-1,9,1
36058,77.1771612,28.6092279,5,3,2,6,7,10:35,90,E08000011,6,0,6,30,3,2,6,0,0,0,1,1,1,0,0,2,1,E01006425,24-09-2018,2,1,1,2,42,7,3,0,0,0,0,-1,9,2
36059,77.0924266,28.66510316,5,3,2,1,4,10:00,90,E08000011,3,580,3,60,0,-1,-1,0,0,0,1,1,1,4,0,2,1,E01006446,05-10-2018,1,1,1,2,19,4,3,0,0,0,0,-1,9,1
36060,77.22798283,28.57467098,5,2,1,1,1,06:45,90,E08000011,1,62,3,70,0,-1,-1,0,0,0,4,1,1,0,0,2,1,E01006473,02-10-2018,1,2,2,1,22,5,3,0,0,1,0,-1,9,1
36061,77.21113955,28.70582184,5,3,2,3,2,11:30,90,E08000011,6,0,6,30,0,-1,-1,0,0,4,1,1,1,0,0,1,1,E01006481,03-10-2018,1,3,2,1,21,5,3,0,0,2,0,-1,9,1
36062,77.2549608,28.65293299,5,3,1,1,4,13:05,90,E08000011,3,5080,6,30,6,2,6,0,0,0,1,1,1,0,0,1,2,E01006503,05-10-2018,2,1,1,1,62,9,3,0,0,0,0,-1,9,-1
36063,77.1396833,28.5508837,5,3,2,1,4,21:10,90,E08000011,3,5208,1,30,1,4,3,5207,0,0,4,1,1,0,0,1,1,E01006416,05-10-2018,1,1,1,2,48,8,3,0,0,0,0,-1,19,1
36064,77.23266278,28.65505788,5,3,2,3,1,20:00,90,E08000011,6,0,6,30,3,4,6,0,0,0,4,1,2,0,0,1,1,E01006423,02-10-2018,1,2,2,2,17,4,3,0,0,2,0,-1,19,1
36065,77.25387994,28.61081151,5,3,1,1,4,13:50,90,E08000011,3,580,3,60,6,2,3,5207,0,0,1,1,1,4,0,2,1,E01006418,05-10-2018,1,3,2,1,57,9,3,0,0,1,0,-1,19,1
36066,77.32121521,28.72634105,5,3,1,1,6,05:10,90,E08000011,3,57,3,40,0,-1,-1,0,0,0,4,1,1,0,0,1,1,E01006465,07-10-2018,1,4,2,1,22,5,3,0,0,2,0,-1,19,1
36067,77.30895493,28.59917803,5,3,2,1,3,20:30,91,E08000012,3,561,3,40,0,-1,-1,0,0,0,4,2,2,0,0,1,1,E01006755,11-10-2018,2,1,1,1,26,6,3,0,0,0,0,-1,1,1
36068,77.33160393,28.71062474,5,3,3,2,4,19:45,90,E08000011,3,506,1,30,1,4,6,0,0,0,4,1,1,0,0,2,2,E01006455,05-10-2018,2,1,1,1,43,7,3,0,0,0,0,-1,9,1
36069,77.21919901,28.62397095,5,3,2,1,6,20:06,90,E08000011,6,0,6,30,3,4,6,0,0,0,4,1,1,0,0,1,2,E01006416,14-10-2018,3,2,1,2,20,4,3,0,0,0,0,-1,9,1
36070,77.28019998,28.66332137,5,3,3,7,7,14:30,90,E08000011,6,0,6,30,7,4,6,0,0,8,1,2,2,4,2,1,1,E01006467,08-10-2018,1,1,1,1,17,4,3,0,0,0,0,-1,9,1
36071,77.13898025,28.60329478,5,3,2,1,1,13:47,90,E08000011,6,0,6,30,0,-1,-1,0,0,0,1,1,1,0,0,1,1,E01006435,09-10-2018,1,2,2,2,18,4,2,0,0,1,0,-1,9,1
36072,77.13339009,28.56937107,5,3,2,1,4,19:00,90,E08000011,6,0,6,60,0,-1,-1,0,0,0,6,2,2,0,0,1,2,E01006503,12-10-2018,1,1,3,2,12,3,3,6,9,0,0,-1,0,2
36073,77.17781628,28.63024468,5,3,2,1,4,09:00,90,E08000011,1,57,3,70,0,-1,-1,0,0,0,1,2,2,0,0,2,1,E01006440,12-10-2018,1,1,1,2,16,4,2,0,0,0,0,-1,1,1
36074,77.07294062,28.53326938,5,3,2,1,5,18:12,90,E08000011,6,0,3,30,9,4,6,0,0,0,1,1,1,0,0,1,1,E01006497,13-10-2018,1,1,1,1,48,8,3,0,0,0,0,-1,9,1
36075,77.09959321,28.68240438,5,3,2,2,6,08:15,90,E08000011,6,0,1,30,1,4,6,0,0,0,1,1,1,0,0,1,1,E01006450,14-10-2018,1,1,1,1,32,6,3,0,0,0,0,-1,5,1
36076,77.32254619,28.6598532,5,3,2,1,6,11:55,90,E08000011,6,0,6,30,0,-1,-1,0,0,0,1,1,1,0,0,1,1,E01006509,14-10-2018,1,2,2,2,18,4,2,0,0,1,0,-1,9,2
36077,77.35426279,28.58297425,5,2,2,2,1,18:40,91,E08000012,3,580,3,70,3,2,6,0,0,0,1,1,1,0,0,2,1,E01006661,16-10-2018,1,3,2,2,17,4,2,0,0,2,0,-1,9,1
36078,77.19139405,28.62689871,5,2,1,1,3,17:15,90,E08000011,3,506,6,30,3,4,6,0,0,4,1,1,1,0,0,1,1,E01006458,18-10-2018,2,1,1,2,18,4,3,0,0,0,0,-1,9,2
36079,77.22630215,28.53994215,5,3,2,1,7,10:00,90,E08000011,6,0,6,30,0,-1,-1,0,0,0,1,1,1,0,0,1,1,E01006437,15-10-2018,1,1,1,1,19,4,3,0,0,0,0,-1,1,1
36080,77.10497808,28.67724689,5,3,2,1,4,23:05,90,E08000011,6,0,6,30,9,4,6,0,0,0,4,1,2,0,0,1,1,E01006418,19-10-2018,1,2,2,1,19,4,3,0,0,0,0,-1,1,1
36081,77.27261402,28.70149215,5,3,1,2,4,03:00,90,E08000011,1,57,3,70,0,-1,-1,0,0,0,6,2,2,0,0,2,1,E01006439,19-10-2018,2,1,1,1,47,8,3,0,0,0,0,-1,9,-1
36082,77.11388148,28.70803182,5,3,2,1,2,12:00,90,E08000011,6,0,6,30,0,-1,-1,0,0,0,1,1,1,0,0,1,2,E01006505,17-10-2018,2,1,1,1,18,4,3,0,0,0,0,-1,1,1
36083,77.18485895,28.55248947,5,2,1,1,1,17:55,90,E08000011,6,0,6,30,6,4,6,0,0,0,4,1,1,0,0,1,1,E01006444,23-10-2018,1,1,1,1,31,6,2,0,0,0,0,-1,5,1
36084,77.06144646,28.71679146,5,3,2,1,7,14:35,93,E08000014,6,0,6,30,3,4,6,0,0,0,1,1,1,0,0,2,1,E01007040,22-10-2018,1,1,1,1,36,7,3,0,0,0,0,-1,9,3
36085,77.34735471,28.6520407,5,3,1,1,7,14:55,90,E08000011,4,5199,6,30,0,-1,-1,0,0,4,1,1,1,0,0,1,1,E01006481,22-10-2018,1,1,1,1,44,7,3,0,0,0,0,-1,9,1
36086,77.34788635,28.5956393,5,3,2,2,4,19:15,90,E08000011,3,5080,6,30,0,-1,-1,0,0,0,4,2,2,0,0,1,1,E01006424,12-10-2018,2,2,1,1,79,11,2,0,0,0,0,-1,9,-1
36087,77.14230202,28.62475126,5,3,2,1,6,17:00,90,E08000011,6,0,1,30,1,4,3,57,0,0,1,1,1,0,0,1,2,E01006463,14-10-2018,2,3,2,2,81,11,2,0,0,1,0,-1,9,-1
36088,77.08200229,28.67860183,5,3,2,1,1,16:45,90,E08000011,3,506,6,30,5,2,3,506,0,1,1,1,1,0,0,1,2,E01006437,23-10-2018,1,1,3,1,8,2,3,10,2,0,0,-1,0,1
36089,77.20026666,28.61883762,5,3,7,3,2,07:55,90,E08000011,1,62,3,70,0,-1,-1,0,0,0,1,2,2,0,0,2,1,E01006424,24-10-2018,1,1,1,1,23,5,3,0,0,0,0,-1,9,3
36090,77.26130786,28.72713815,5,3,2,1,3,12:45,90,E08000011,3,5300,3,70,0,-1,-1,0,0,0,1,1,2,0,0,2,1,E01006420,25-10-2018,2,2,1,1,74,10,3,0,0,0,0,-1,9,1
36091,77.10917434,28.60501175,5,3,2,1,7,10:03,90,E08000011,4,5194,6,30,3,4,4,5202,0,0,1,1,2,0,0,1,1,E01006439,29-10-2018,2,3,2,1,35,6,3,0,0,1,0,-1,9,-1
36092,77.3321155,28.65776276,5,3,2,1,5,17:05,90,E08000011,6,0,6,30,0,-1,-1,0,0,0,1,1,1,0,0,2,1,E01006439,27-10-2018,2,1,1,1,65,9,3,0,0,0,0,-1,9,1
36093,77.20729647,28.5939713,5,3,1,1,2,18:00,90,E08000011,6,0,6,30,0,-1,-1,0,0,0,7,2,2,0,0,1,2,E01006492,31-10-2018,4,2,1,2,22,5,3,0,0,0,0,-1,9,2
36094,77.16382088,28.67606065,5,2,2,6,2,14:20,90,E08000011,3,580,3,70,6,2,3,5208,0,0,1,1,1,4,0,2,1,E01006446,31-10-2018,2,1,1,1,35,6,3,0,0,0,0,-1,1,1
36095,77.22940867,28.67855523,5,3,2,3,4,16:15,90,E08000011,6,0,6,40,3,2,6,0,0,5,1,2,2,0,0,1,1,E01006416,26-10-2018,1,1,1,1,37,7,3,0,0,0,0,-1,9,2
36096,77.34653088,28.60223771,5,3,1,1,3,13:05,90,E08000011,6,0,6,30,0,-1,-1,0,0,0,1,1,1,0,0,1,1,E01006482,01-11-2018,1,1,1,1,39,7,3,0,0,0,0,-1,9,1
36097,77.36812834,28.68026755,5,3,1,1,5,16:35,90,E08000011,4,5199,6,30,0,-1,-1,0,0,0,1,1,1,0,0,1,1,E01006474,27-10-2018,2,2,1,2,41,7,3,0,0,0,0,-1,9,1
36098,77.07704239,28.59088445,5,3,3,1,5,11:30,90,E08000011,3,5058,6,30,0,-1,-1,0,0,0,1,1,1,0,0,1,2,E01006424,27-10-2018,3,1,1,1,46,8,3,0,0,0,0,-1,9,3
36099,77.16303012,28.70310656,5,3,3,1,4,09:00,90,E08000011,3,58,3,70,0,-1,-1,0,0,0,1,2,2,0,6,2,1,E01006464,02-11-2018,2,1,1,2,53,8,3,0,0,0,0,-1,9,1
36100,77.16355839,28.65386976,5,3,2,1,4,09:15,90,E08000011,3,58,3,70,0,-1,-1,0,0,0,1,1,2,0,3,2,1,E01006464,02-11-2018,1,1,3,2,20,4,3,5,1,0,0,-1,0,1
36101,77.35406524,28.59937338,5,3,2,1,6,13:55,90,E08000011,6,0,6,30,3,4,6,0,0,0,1,1,2,0,0,1,2,E01006466,21-10-2018,1,1,3,1,6,2,3,5,3,0,0,-1,0,1
36102,77.14830264,28.59865154,5,3,3,1,3,16:00,90,E08000011,6,0,6,30,9,2,6,0,0,5,1,1,1,0,0,1,2,E01006481,18-10-2018,1,1,3,1,25,5,3,5,1,0,0,-1,0,1
36103,77.13337914,28.6640545,5,3,2,1,1,22:40,90,E08000011,6,0,6,30,0,-1,-1,0,0,0,4,1,1,0,0,1,1,E01006457,06-11-2018,1,1,3,2,49,8,2,6,9,0,0,-1,0,1
36104,77.36969697,28.61718554,5,3,1,1,3,14:55,90,E08000011,1,62,7,60,0,-1,-1,0,0,0,1,1,1,0,0,2,1,E01006424,01-11-2018,1,1,2,1,26,6,3,0,0,1,0,-1,9,1
36105,77.14402357,28.66189423,5,3,3,1,2,15:15,92,E08000013,3,580,3,30,6,2,4,5203,0,0,1,2,2,0,0,2,2,E01006825,24-10-2018,1,3,2,1,26,6,3,0,0,2,0,-1,9,1
36106,77.28503087,28.65644067,5,3,2,1,3,08:25,90,E08000011,1,57,7,70,0,-1,-1,0,0,0,1,1,2,0,0,2,1,E01006439,01-11-2018,1,1,1,1,22,5,3,0,0,0,0,-1,9,1
36107,77.19377735,28.55707523,5,3,2,1,2,17:14,90,E08000011,6,0,1,30,1,4,1,57,0,0,4,1,1,0,0,2,1,E01006439,07-11-2018,2,1,1,1,38,7,2,0,0,0,0,-1,5,2
36108,77.15813977,28.71501324,5,3,1,1,6,22:32,90,E08000011,6,0,6,30,0,-1,-1,0,0,0,4,1,1,0,0,1,1,E01006506,11-11-2018,1,1,1,1,61,9,3,0,0,0,0,-1,8,2
36109,77.3160984,28.71626105,5,3,2,1,3,17:00,90,E08000011,3,5300,3,70,0,-1,-1,0,0,0,6,2,2,0,0,2,1,E01006420,08-11-2018,2,2,1,1,48,8,3,0,0,0,0,-1,8,1
36110,77.36967152,28.5760241,5,3,2,1,4,07:50,90,E08000011,6,0,6,30,6,4,6,0,0,0,1,8,1,0,0,1,2,E01006449,18-05-2018,3,3,1,1,48,8,2,0,0,0,0,-1,5,1
36111,77.34793075,28.70535654,5,3,2,2,3,12:50,90,E08000011,3,57,6,30,0,-1,-1,0,0,0,1,2,2,0,0,1,1,E01006463,08-11-2018,3,1,1,2,38,7,3,0,0,0,0,-1,9,1
36112,77.10901899,28.60787269,5,3,2,2,4,01:25,90,E08000011,6,0,6,30,3,4,6,0,0,0,4,5,2,0,0,1,1,E01006479,02-11-2018,1,2,2,1,8,2,3,0,0,2,0,-1,9,1
36113,77.35363835,28.54534948,5,3,2,1,5,22:56,90,E08000011,6,0,6,30,3,4,6,0,0,0,4,2,2,0,0,1,1,E01006502,10-11-2018,2,1,1,2,29,6,3,0,0,0,0,-1,9,-1
36114,77.11496597,28.59652079,5,3,2,1,5,19:30,90,E08000011,3,57,1,30,1,4,4,5194,0,0,1,9,1,0,0,2,2,E01006440,27-10-2018,2,1,1,1,67,10,3,0,0,0,0,-1,4,3
36115,77.15688616,28.57206183,5,3,4,2,5,07:25,90,E08000011,3,5300,3,70,0,-1,-1,0,0,0,1,1,2,0,0,2,1,E01006420,10-11-2018,1,1,1,1,10,2,3,0,0,0,0,-1,1,1
36116,77.31713493,28.6704137,5,3,2,1,1,10:00,90,E08000011,1,57,3,30,0,-1,-1,0,0,0,1,1,2,0,0,2,1,E01006441,06-11-2018,1,1,3,2,11,3,3,5,1,0,0,-1,0,1
36117,77.0996375,28.68482511,5,3,2,2,2,07:20,92,E08000013,3,58,6,30,7,2,4,5413,0,0,1,7,4,0,0,1,1,E01006904,21-11-2018,1,1,1,1,32,6,2,0,0,0,0,-1,9,1
36118,77.11643519,28.60528708,5,3,2,1,2,07:45,90,E08000011,1,62,7,30,1,4,3,5080,0,0,1,1,1,0,0,2,2,E01006473,07-11-2018,1,1,1,1,17,4,3,0,0,0,0,-1,9,3
36119,77.16114704,28.72642194,5,3,3,1,3,17:30,90,E08000011,6,0,6,30,0,-1,-1,0,0,0,1,1,2,0,0,1,2,E01006510,25-10-2018,1,2,2,2,17,4,2,0,0,2,0,-1,9,1
36120,77.22450607,28.54105679,5,2,2,1,1,21:44,90,E08000011,1,57,3,70,0,-1,-1,0,0,0,6,1,2,0,2,2,1,E01006508,27-11-2018,2,1,1,1,40,7,3,0,0,0,0,-1,9,1
36121,77.07815167,28.63497119,5,3,1,1,2,15:30,90,E08000011,3,57,6,30,0,-1,-1,0,0,0,1,1,1,0,0,1,2,E01006463,14-11-2018,2,1,1,1,30,6,3,0,0,0,0,-1,1,3
36122,77.1684677,28.71517729,5,3,2,2,4,18:00,90,E08000011,3,5080,1,30,1,4,1,62,0,0,4,2,2,0,0,2,2,E01006473,09-11-2018,2,1,1,2,76,11,2,0,0,0,0,-1,9,1
36123,77.34262734,28.65131557,5,2,1,1,2,05:00,90,E08000011,4,5199,3,30,3,2,6,0,0,5,4,1,1,0,0,1,1,E01006474,28-11-2018,2,2,2,1,77,11,3,0,0,1,0,-1,9,1
36124,77.09482294,28.68708255,5,3,2,1,3,11:50,90,E08000011,3,57,6,30,3,4,6,0,0,0,1,5,2,0,0,1,1,E01006464,08-11-2018,1,1,1,2,16,4,2,0,0,0,0,-1,3,1
36125,77.36923975,28.58159665,5,3,2,2,6,18:00,90,E08000011,4,5199,6,30,3,4,6,0,0,0,4,1,1,0,0,1,1,E01006482,25-11-2018,2,1,1,2,39,7,3,0,0,0,0,-1,9,1
36126,77.19864678,28.66280985,5,2,1,1,6,16:55,90,E08000011,6,0,6,30,3,4,6,0,0,0,7,1,2,0,0,2,1,E01006419,25-11-2018,1,1,1,1,30,6,3,0,0,0,0,-1,9,2
36127,77.13972392,28.6606019,5,3,3,3,4,14:05,90,E08000011,4,5199,6,30,3,4,6,0,0,0,1,1,2,0,0,1,1,E01006465,23-11-2018,2,2,1,1,43,7,3,0,0,0,0,-1,9,3
36128,77.1137073,28.60082923,5,3,3,1,4,16:20,90,E08000011,4,5201,6,30,3,2,3,57,0,0,1,8,2,4,0,1,1,E01006499,09-11-2018,1,1,1,1,32,6,2,0,0,0,0,-1,5,3
36129,77.34598056,28.66214037,5,3,2,1,5,11:50,90,E08000011,6,0,3,30,9,2,3,506,0,0,1,1,1,0,0,2,2,E01006509,17-11-2018,2,1,1,1,45,7,3,0,0,0,0,-1,3,1
36130,77.28385255,28.58850104,5,3,2,1,4,07:20,90,E08000011,6,0,1,30,1,4,6,0,0,0,4,1,2,0,0,1,2,E01006463,30-11-2018,1,1,3,1,18,4,2,4,1,0,0,-1,0,2
36131,77.0794699,28.68259316,5,3,2,2,4,16:55,90,E08000011,6,0,6,30,0,-1,-1,0,0,0,1,1,1,0,0,1,1,E01006474,19-10-2018,1,1,3,1,13,3,3,4,4,0,0,-1,0,1
36132,77.29326577,28.60279005,5,3,2,4,7,11:35,90,E08000011,1,57,3,70,0,-1,-1,0,0,0,1,1,1,0,1,2,1,E01006497,03-12-2018,1,1,1,1,30,6,3,0,0,0,0,-1,9,2
36133,77.31797503,28.71025517,5,3,2,1,2,14:50,90,E08000011,6,0,6,30,3,2,6,0,0,0,1,1,2,0,0,1,1,E01006464,28-11-2018,2,1,1,1,40,7,3,0,0,0,0,-1,1,1
36134,77.15422795,28.6849665,5,3,2,1,2,06:25,90,E08000011,3,561,3,70,0,-1,-1,0,0,0,4,5,5,0,3,2,1,E01006420,05-12-2018,2,1,1,1,19,4,3,0,0,0,0,-1,1,1
36135,77.08894096,28.58173115,5,2,5,1,2,06:10,90,E08000011,3,561,3,70,0,-1,-1,0,0,0,4,5,5,0,0,2,1,E01006420,05-12-2018,1,1,1,1,18,4,2,0,0,0,0,-1,5,3
36136,77.19674425,28.61432535,5,3,2,1,4,08:10,90,E08000011,1,57,3,40,1,4,3,506,0,0,1,1,4,0,0,2,1,E01006415,07-12-2018,1,1,1,1,16,4,3,0,0,0,0,-1,2,-1
36137,77.12644686,28.70545435,5,3,2,3,5,21:45,90,E08000011,6,0,6,30,0,-1,-1,0,0,0,6,2,2,6,0,2,1,E01006425,01-12-2018,1,1,3,1,75,10,3,6,9,0,0,-1,0,3
36138,77.2613196,28.70176424,5,2,3,1,5,13:00,90,E08000011,3,580,3,70,6,2,4,5202,0,5,1,1,1,4,0,1,1,E01006416,08-12-2018,1,1,1,1,32,6,3,0,0,0,0,-1,5,1
36139,77.10790396,28.62962335,5,3,2,1,2,17:35,90,E08000011,6,0,7,30,3,4,6,0,0,0,4,7,2,0,0,1,1,E01006414,21-11-2018,1,1,1,1,25,5,3,0,0,0,0,-1,9,1
36140,77.26972117,28.70627686,5,3,2,1,4,19:00,90,E08000011,3,580,3,70,6,2,3,5207,0,0,4,1,2,4,2,1,2,E01006418,16-11-2018,2,2,1,1,44,7,3,0,0,0,0,-1,9,1
36141,77.25602502,28.53659971,5,3,2,2,3,14:15,90,E08000011,4,5199,6,30,6,2,6,0,0,4,1,1,2,0,0,1,1,E01006474,29-11-2018,1,1,1,1,19,4,3,0,0,0,0,-1,9,1
36142,77.34058571,28.6687079,5,3,5,1,2,07:40,90,E08000011,3,562,3,70,9,4,3,561,0,0,1,2,2,0,0,2,1,E01006420,05-12-2018,2,1,1,2,46,8,3,0,0,0,0,-1,9,1
36143,77.16516846,28.57709848,5,3,2,4,3,18:00,90,E08000011,6,0,6,30,3,4,6,0,0,0,4,1,1,0,0,1,1,E01006481,06-12-2018,1,1,1,2,83,11,3,0,0,0,0,-1,9,1
36144,77.15832211,28.63926612,5,2,2,3,1,10:40,90,E08000011,6,0,6,30,3,4,6,0,0,0,1,1,1,0,0,2,1,E01006437,11-12-2018,1,4,2,2,82,11,2,0,0,1,0,-1,9,1
36145,77.2051085,28.63484966,5,3,3,1,7,17:30,90,E08000011,4,5199,6,30,6,2,6,0,0,0,4,2,2,0,0,1,1,E01006481,03-12-2018,2,2,1,1,36,7,3,0,0,0,0,-1,9,3
36146,77.25672426,28.63929878,5,3,2,1,3,16:30,90,E08000011,3,506,1,30,1,4,3,506,0,0,1,1,1,0,0,2,2,E01006455,06-12-2018,3,3,1,2,42,7,3,0,0,0,0,-1,9,1
36147,77.07631314,28.6195133,5,3,1,1,2,11:04,90,E08000011,6,0,3,30,0,-1,-1,0,0,0,1,1,1,0,0,1,1,E01006495,05-12-2018,2,1,2,2,20,4,3,0,0,1,0,-1,9,1
36148,77.29139179,28.6789988,5,3,2,2,3,14:55,90,E08000011,3,580,3,60,0,-1,-1,0,0,0,1,1,1,4,0,2,1,E01006446,06-12-2018,1,1,1,1,21,5,2,0,0,0,0,-1,5,1
36149,77.30755027,28.54754188,5,3,2,1,5,18:55,90,E08000011,6,0,6,30,3,4,6,0,0,0,4,8,2,0,0,1,2,E01006530,08-12-2018,3,1,2,2,19,4,3,0,0,1,0,-1,9,1
36150,77.31630575,28.66837702,5,3,2,1,7,13:50,90,E08000011,6,0,6,30,3,4,6,0,0,0,1,1,1,0,0,1,1,E01006483,24-12-2018,1,1,3,2,14,3,3,1,3,0,0,-1,0,-1
36151,77.17022433,28.54630952,5,3,2,1,5,09:05,90,E08000011,3,57,6,30,6,2,6,0,0,4,1,1,1,0,6,1,1,E01006463,08-12-2018,2,1,1,1,16,4,2,0,0,0,0,-1,2,3
36152,77.20208416,28.65629616,5,3,2,2,2,21:30,90,E08000011,6,0,2,30,9,4,-1,-1,0,0,4,1,1,0,0,1,2,E01006481,26-12-2018,1,1,3,2,17,4,3,5,1,0,0,-1,0,-1
36153,77.11290202,28.61144195,5,3,2,1,6,17:54,90,E08000011,3,57,3,30,3,2,6,0,0,4,4,1,1,0,0,1,1,E01006499,09-12-2018,1,1,1,1,22,5,3,0,0,0,0,-1,9,1
36154,77.20167694,28.62708664,5,3,2,1,2,16:05,90,E08000011,6,0,6,30,6,4,6,0,0,0,1,1,1,0,0,1,2,E01006449,12-12-2018,2,1,1,1,35,6,3,0,0,0,0,-1,9,1
36155,77.11887931,28.54247814,5,2,1,1,7,15:05,90,E08000011,6,0,6,30,0,-1,-1,0,0,4,1,2,2,0,0,1,1,E01006510,03-12-2018,2,2,2,2,8,2,3,0,0,2,0,-1,9,1
36156,77.2273083,28.66782697,5,3,2,3,5,13:15,90,E08000011,6,0,6,20,3,3,6,0,0,0,1,1,1,0,0,1,2,E01006417,15-12-2018,2,3,2,1,11,3,3,0,0,2,0,-1,9,1
36157,77.28348847,28.64499662,5,2,1,1,5,16:50,90,E08000011,4,5201,1,30,7,4,4,5201,0,0,4,1,2,0,0,1,1,E01006827,15-12-2018,1,3,2,2,59,9,3,0,0,1,0,-1,9,2
36158,77.22851464,28.69815158,5,3,2,2,5,10:40,90,E08000011,3,57,3,40,0,-1,-1,0,0,8,1,1,2,0,0,1,1,E01006464,15-12-2018,2,1,1,1,74,10,3,0,0,0,0,-1,9,2
36159,77.19488392,28.59079333,5,1,1,1,6,23:40,90,E08000011,6,0,6,30,0,-1,-1,0,0,0,4,2,2,0,0,1,1,E01006478,23-12-2018,2,2,2,2,72,10,3,0,0,1,0,-1,9,-1
36160,77.29383368,28.60766941,5,3,2,1,6,11:09,90,E08000011,3,5208,6,40,3,4,6,0,0,0,1,1,1,0,0,1,1,E01006416,16-12-2018,3,2,2,1,29,6,3,0,0,1,0,-1,9,1
36161,77.26843184,28.61625534,5,3,4,1,6,04:45,90,E08000011,3,57,6,30,3,4,6,0,0,0,4,1,2,0,0,1,1,E01006459,16-12-2018,3,3,2,1,8,2,3,0,0,2,0,-1,9,1
36162,77.29818733,28.58529521,5,3,1,1,2,17:10,90,E08000011,6,0,6,30,2,4,6,0,0,0,4,1,1,0,0,1,1,E01006474,19-12-2018,4,1,1,2,29,6,3,0,0,0,0,-1,9,1
36163,77.14211764,28.53366293,5,3,2,1,2,16:40,90,E08000011,3,506,3,40,3,2,6,0,0,0,4,1,1,0,0,2,2,E01006509,19-12-2018,2,1,1,1,37,7,3,0,0,0,0,-1,4,1
36164,77.30841032,28.66948189,5,3,2,1,2,19:10,90,E08000011,3,506,6,30,3,4,3,506,0,0,4,1,1,0,0,2,1,E01006458,19-12-2018,1,1,1,1,30,6,3,0,0,0,0,-1,4,1
36165,77.13744606,28.58992984,5,3,2,1,3,10:05,90,E08000011,1,57,3,70,0,-1,-1,0,0,0,1,1,1,0,0,2,1,E01006439,20-12-2018,1,2,3,2,19,4,3,4,2,0,0,-1,0,1
36166,77.35440001,28.60287254,5,3,2,3,3,17:30,90,E08000011,6,0,6,30,3,4,6,0,0,0,4,8,2,0,0,1,1,E01006437,20-12-2018,2,1,1,2,27,6,3,0,0,0,0,-1,9,1
36167,77.13538483,28.55268786,5,3,2,1,4,17:45,90,E08000011,3,5080,3,30,3,4,6,0,0,0,4,1,2,0,0,2,1,E01006473,21-12-2018,3,2,1,2,55,8,3,0,0,0,0,-1,9,1
36168,77.12518608,28.64536393,5,3,2,2,7,19:15,90,E08000011,6,0,6,30,3,4,3,506,0,0,4,1,1,0,0,2,2,E01006458,31-12-2018,1,1,1,1,29,6,3,0,0,0,0,-1,9,-1
36169,77.26384005,28.64654089,5,3,3,1,5,21:35,90,E08000011,6,0,3,30,3,2,6,0,0,5,4,8,2,6,0,1,1,E01006455,15-12-2018,2,2,1,2,36,7,3,0,0,0,0,-1,9,1
36170,77.34356395,28.72190041,5,3,2,1,2,13:15,90,E08000011,3,506,6,30,1,4,3,506,0,0,1,1,1,0,0,2,2,E01006437,26-12-2018,1,1,3,2,17,4,2,5,1,0,0,-1,0,1