Accident_Index,longitude,latitude,Police_Force,Accident_Severity,Number_of_Vehicles,Number_of_Casualties,Day_of_Week,Time,Local_Authority_(District),Local_Authority_(Highway),1st_Road_Class,1st_Road_Number,Road_Type,Speed_limit,Junction_Detail,Junction_Control,2nd_Road_Class,2nd_Road_Number,Pedestrian_Crossing-Human_Control,Pedestrian_Crossing-Physical_Facilities,Light_Conditions,Weather_Conditions,Road_Surface_Conditions,Special_Conditions_at_Site,Carriageway_Hazards,Urban_or_Rural_Area,Did_Police_Officer_Attend_Scene_of_Accident,LSOA_of_Accident_Location,Date,Vehicle_Reference,Casualty_Reference,Casualty_Class,Sex_of_Casualty,Age_of_Casualty,Age_Band_of_Casualty,Casualty_Severity,Pedestrian_Location,Pedestrian_Movement,Car_Passenger,Bus_or_Coach_Passenger,Pedestrian_Road_Maintenance_Worker,Casualty_Type,Casualty_Home_Area_Type
36171,77.18090265,28.56182633,5,3,2,1,5,12:00,90,E08000011,6,0,6,30,1,4,3,5208,0,0,1,1,1,0,0,1,2,E01006446,29-12-2018,1,2,3,2,16,4,3,5,1,0,0,-1,0,1
36172,77.18196602,28.58555553,5,3,2,1,4,07:25,90,E08000011,4,5198,6,30,3,4,6,0,0,0,1,1,1,0,0,1,1,E01006441,14-12-2018,1,1,2,2,23,5,3,0,0,2,0,-1,11,1
36173,77.13496586,28.66435424,5,3,2,2,3,23:34,90,E08000011,6,0,6,30,3,4,6,0,0,0,4,8,2,5,2,1,1,E01006437,27-12-2018,1,2,2,2,3,1,3,0,0,2,0,-1,11,1
36174,77.27540544,28.53397239,5,3,2,1,5,16:15,90,E08000011,6,0,6,30,6,4,6,0,0,0,4,1,2,0,0,1,1,E01006489,29-12-2018,2,1,1,1,43,7,3,0,0,0,0,-1,9,3
36175,77.30664917,28.67634919,5,3,2,1,6,16:30,90,E08000011,6,0,6,30,3,4,6,0,0,0,1,8,1,0,0,1,2,E01006446,04-11-2018,2,1,1,2,69,10,3,0,0,0,0,-1,9,3
36176,77.11639321,28.68444032,5,3,2,1,6,16:20,90,E08000011,3,5300,3,70,1,2,1,62,0,0,4,2,2,0,0,2,2,E01006424,23-12-2018,2,1,1,1,58,9,3,0,0,0,0,-1,19,1
36177,77.21829878,28.59935908,5,2,1,1,7,08:50,90,E08000011,6,0,6,30,3,4,6,0,0,0,1,1,2,3,0,1,1,E01006455,31-12-2018,2,2,2,1,60,9,3,0,0,1,0,-1,19,-1
36178,77.08204036,28.56959792,5,3,1,1,6,18:00,90,E08000011,6,0,6,30,2,4,6,0,0,0,4,2,2,0,0,1,1,E01006510,23-12-2018,2,1,1,2,59,9,3,0,0,0,0,-1,9,1
36179,77.28135586,28.64991572,5,3,2,1,5,17:30,90,E08000011,6,0,6,30,3,4,6,0,0,0,4,1,2,0,0,1,2,E01006426,22-12-2018,1,1,1,1,20,4,3,0,0,0,0,-1,1,1
36180,77.0706548,28.69957963,5,3,2,1,5,07:55,90,E08000011,1,62,3,70,0,-1,-1,0,0,0,1,1,1,0,0,1,1,E01006472,01-12-2018,1,1,1,1,18,4,3,0,0,0,0,-1,9,1
36181,77.32959846,28.71462122,5,3,2,1,3,16:35,90,E08000011,6,0,6,30,0,-1,-1,0,0,0,4,2,2,0,0,1,2,E01006439,20-12-2018,2,1,1,1,40,7,3,0,0,0,0,-1,9,-1
36182,77.09535178,28.62881301,5,3,2,1,3,18:30,90,E08000011,6,0,6,30,9,2,3,57,0,4,4,2,2,0,0,1,2,E01006463,20-12-2018,1,1,1,2,43,7,3,0,0,0,0,-1,3,1
36183,77.05792635,28.60070452,5,3,2,1,6,10:30,90,E08000011,6,0,2,30,0,-1,-1,0,0,0,1,1,1,0,0,1,2,E01006463,16-12-2018,2,1,1,2,43,7,3,0,0,0,0,-1,9,1
36184,77.25062917,28.54626879,5,3,1,1,7,22:30,90,E08000011,6,0,3,40,0,-1,-1,0,0,0,4,1,1,0,0,1,1,E01006510,15-10-2018,1,1,1,2,36,7,3,0,0,0,0,-1,8,3
36185,77.24479101,28.6916897,5,2,1,1,7,02:35,90,E08000011,4,5199,6,30,3,4,6,0,0,0,4,5,2,0,0,1,1,E01006465,08-01-2018,2,2,1,2,30,6,3,0,0,0,0,-1,9,3
36186,77.069255,28.61846045,5,3,1,1,3,19:30,90,E08000011,3,57,3,30,3,4,5,0,0,5,4,1,1,0,0,1,1,E01006453,04-01-2018,1,1,1,1,19,4,2,0,0,0,0,-1,3,2
36187,77.23342992,28.71576444,5,3,2,1,3,15:40,90,E08000011,5,0,6,30,3,4,6,0,0,0,1,1,1,0,0,1,2,E01006490,04-01-2018,2,1,2,1,19,4,3,0,0,1,0,-1,9,1
36188,77.145179,28.55005289,5,3,2,1,3,22:00,90,E08000011,3,57,1,30,1,4,1,57,0,0,1,1,1,0,0,2,2,E01006440,11-01-2018,2,2,2,2,18,4,3,0,0,2,0,-1,9,1
36189,77.0632026,28.71063818,5,3,1,1,1,21:50,90,E08000011,6,0,6,30,3,4,6,0,0,0,4,1,1,0,0,1,1,E01006456,02-01-2018,1,1,1,2,22,5,3,0,0,0,0,-1,9,1
36190,77.18634887,28.69215778,5,3,1,1,2,17:05,90,E08000011,5,0,6,30,0,-1,-1,0,0,5,4,1,1,0,0,1,1,E01006499,10-01-2018,2,2,1,1,49,8,3,0,0,0,0,-1,9,1
36191,77.08251649,28.65475627,5,3,2,2,3,23:10,90,E08000011,3,580,3,70,6,2,3,580,0,0,4,1,1,0,0,2,1,E01006418,11-01-2018,1,1,2,2,11,3,3,0,0,2,0,-1,9,1
36192,77.3237915,28.6419279,5,3,2,1,3,15:30,90,E08000011,5,0,6,30,3,4,4,5194,0,0,1,1,1,0,0,1,2,E01006439,11-01-2018,1,1,3,1,41,7,3,10,2,0,0,-1,0,3
36193,77.11990971,28.61331537,5,3,1,1,2,16:10,90,E08000011,3,5208,3,30,0,-1,-1,0,0,0,1,2,2,0,0,1,2,E01006418,17-01-2018,1,1,1,2,32,6,3,0,0,0,0,-1,9,1
36194,77.21070071,28.55556598,5,3,2,1,5,18:05,92,E08000013,3,572,6,30,3,4,6,0,0,0,4,1,2,0,0,2,1,E01006859,13-01-2018,2,1,1,1,45,7,3,0,0,0,0,-1,9,3
36195,77.13422649,28.58834249,5,3,2,1,6,10:35,90,E08000011,5,0,3,30,6,4,6,0,0,0,1,5,2,0,0,1,1,E01006469,07-01-2018,1,1,3,2,17,4,3,5,3,0,0,-1,0,-1
36196,77.27975343,28.65694154,5,3,1,2,3,14:20,90,E08000011,5,0,6,30,0,-1,-1,0,0,0,1,6,3,0,0,2,1,E01006425,18-01-2018,2,1,1,2,30,6,3,0,0,0,0,-1,9,3
36197,77.34921768,28.61797938,5,3,2,5,2,12:30,90,E08000011,1,62,3,70,0,-1,-1,0,0,0,1,1,1,0,2,1,1,E01006472,24-01-2018,1,1,1,1,45,7,3,0,0,0,0,-1,9,1
36198,77.33095577,28.62980782,5,2,2,1,3,13:30,90,E08000011,3,5208,3,30,0,-1,-1,0,0,0,1,1,1,0,0,1,1,E01006416,04-01-2018,3,2,1,1,36,7,3,0,0,0,0,-1,9,1
36199,77.13008027,28.69088663,5,3,3,2,6,09:42,90,E08000011,3,5300,3,70,0,-1,-1,0,0,0,1,1,2,0,0,2,1,E01006420,21-01-2018,3,3,2,2,41,7,3,0,0,1,0,-1,9,1
36200,77.08888312,28.56579265,5,3,2,1,3,14:30,90,E08000011,6,0,6,30,3,4,6,0,0,0,1,5,2,0,0,1,2,E01006423,18-01-2018,3,4,2,1,71,10,3,0,0,2,0,-1,9,1
36201,77.17369799,28.61457252,5,3,3,5,4,11:10,90,E08000011,6,0,6,30,0,-1,-1,0,0,0,1,4,1,0,0,1,1,E01006455,12-01-2018,1,1,1,1,25,5,3,0,0,0,0,-1,19,3
36202,77.28030184,28.69170986,5,3,2,1,7,13:35,90,E08000011,6,0,6,40,0,-1,-1,0,0,0,1,1,1,0,0,2,1,E01006424,15-01-2018,1,3,2,1,48,8,3,0,0,1,0,-1,19,1
36203,77.13974222,28.56257639,5,3,1,1,3,17:00,90,E08000011,6,0,2,30,3,4,6,0,0,0,5,4,2,3,0,1,1,E01006446,11-01-2018,2,2,1,1,19,4,3,0,0,0,0,-1,9,1
36204,77.10884657,28.71314092,5,3,1,2,1,16:45,90,E08000011,6,0,6,60,0,-1,-1,0,0,0,6,1,2,0,0,2,1,E01006448,23-01-2018,2,4,2,2,19,4,3,0,0,1,0,-1,9,1
36205,77.36918163,28.71091881,5,3,2,2,3,14:10,90,E08000011,6,0,6,30,6,4,6,0,0,0,1,1,1,0,0,1,1,E01006478,25-01-2018,1,1,1,1,17,4,3,0,0,0,0,-1,9,-1
36206,77.19543533,28.57896007,5,3,1,1,7,13:45,90,E08000011,6,0,6,30,6,2,6,0,0,5,1,1,1,0,0,1,1,E01006481,22-01-2018,1,1,3,2,15,3,3,5,2,0,0,-1,0,1
36207,77.2114101,28.65207416,5,3,2,2,5,20:50,90,E08000011,6,0,6,60,1,4,3,580,0,0,4,4,2,0,0,2,1,E01006424,20-01-2018,2,1,1,1,30,6,3,0,0,0,0,-1,9,1
36208,77.23547583,28.53340278,5,3,2,2,1,14:05,90,E08000011,3,58,1,30,1,4,3,57,0,0,1,1,1,0,0,2,2,E01006464,30-01-2018,1,1,1,2,23,5,3,0,0,0,0,-1,9,1
36209,77.20197281,28.56314372,5,2,2,2,1,11:37,90,E08000011,6,0,6,30,0,-1,-1,0,0,0,1,1,1,0,0,1,1,E01006451,23-01-2018,1,1,1,1,18,4,3,0,0,0,0,-1,9,3
36210,77.26815862,28.71076818,5,3,1,1,2,20:45,90,E08000011,6,0,6,30,0,-1,-1,0,0,0,4,1,1,0,0,1,1,E01006509,24-01-2018,1,1,3,1,20,4,3,5,1,0,0,-1,0,2
36211,77.22894697,28.62859686,5,3,2,1,6,08:00,90,E08000011,3,5030,3,70,0,-1,-1,0,0,0,1,1,2,0,0,2,2,E01006420,07-01-2018,1,1,1,1,26,6,2,0,0,0,0,-1,5,1
36212,77.20925128,28.72310914,5,2,2,1,2,20:05,90,E08000011,6,0,6,30,3,1,6,0,0,0,4,1,1,0,0,1,1,E01006435,31-01-2018,1,1,3,1,13,3,3,4,1,0,0,-1,0,1
36213,77.29634736,28.64269413,5,3,2,2,5,05:50,90,E08000011,3,57,3,30,3,2,6,0,0,0,4,1,1,0,0,1,1,E01006452,03-02-2018,1,1,3,2,20,4,3,5,1,0,0,-1,0,-1
36214,77.18913257,28.64224422,5,3,3,3,5,20:25,90,E08000011,5,0,6,30,3,2,5,0,0,0,4,1,1,0,0,1,1,E01006497,03-02-2018,2,1,1,1,50,8,3,0,0,0,0,-1,9,2
36215,77.22870769,28.60548565,5,3,2,1,1,16:20,90,E08000011,4,5199,6,30,7,4,6,0,0,4,1,1,2,0,0,1,2,E01006481,06-02-2018,2,1,1,2,26,6,3,0,0,0,0,-1,9,1
36216,77.22332012,28.68807707,5,3,2,2,1,23:40,91,E08000012,3,561,3,70,0,-1,-1,0,0,0,4,1,1,0,0,1,1,E01006755,06-02-2018,2,1,1,1,37,7,3,0,0,0,0,-1,5,1
36217,77.30581821,28.67828926,5,2,2,1,2,13:50,90,E08000011,3,5080,6,30,0,-1,-1,0,0,4,1,1,1,0,0,1,1,E01006472,31-01-2018,2,1,1,2,34,6,3,0,0,0,0,-1,1,2
36218,77.2764345,28.70935353,5,3,2,3,3,15:50,90,E08000011,3,506,3,40,3,4,5,0,0,0,1,1,1,0,0,2,1,E01006415,01-02-2018,1,1,3,1,24,5,3,9,5,0,0,-1,0,1
36219,77.3065028,28.60458579,5,1,1,2,1,15:38,90,E08000011,3,562,3,70,0,-1,-1,0,0,0,1,1,1,0,0,2,1,E01006420,13-02-2018,1,1,2,2,50,8,3,0,0,1,0,-1,9,2
36220,77.31822086,28.5608751,5,3,2,1,6,16:41,90,E08000011,5,0,6,30,0,-1,-1,0,0,0,4,1,1,0,0,1,2,E01006510,28-01-2018,1,1,1,1,14,3,3,0,0,0,0,-1,1,1
36221,77.35264518,28.68801087,5,3,2,2,3,11:25,90,E08000011,3,57,3,40,3,2,3,526,0,0,1,1,1,0,0,2,1,E01006442,08-02-2018,1,1,1,1,46,8,3,0,0,0,0,-1,9,1
36222,77.30560885,28.70368998,5,3,2,2,2,20:15,90,E08000011,3,506,6,30,3,4,6,0,0,4,4,1,1,0,0,1,1,E01006458,07-02-2018,1,1,1,1,16,4,3,0,0,0,0,-1,2,2
36223,77.33050198,28.59977576,5,3,2,1,3,07:40,90,E08000011,3,506,3,30,7,2,5,0,0,5,1,1,1,0,0,1,2,E01006437,08-02-2018,1,1,1,1,33,6,3,0,0,0,0,-1,9,1
36224,77.21022658,28.65146096,5,3,1,2,7,09:50,91,E08000012,3,580,3,70,0,-1,-1,0,0,0,1,1,2,0,0,2,1,E01006663,05-02-2018,2,2,1,1,43,7,3,0,0,0,0,-1,9,1
36225,77.11477052,28.62536978,5,3,2,1,5,09:00,90,E08000011,3,506,3,40,0,-1,-1,0,1,0,1,2,2,0,2,2,1,E01006455,03-02-2018,2,1,1,1,36,7,3,0,0,0,0,-1,1,-1
36226,77.29499007,28.71941462,5,3,2,1,6,15:20,90,E08000011,3,506,6,30,3,4,5,0,0,0,1,1,2,0,0,2,2,E01006415,21-01-2018,1,1,1,1,17,4,3,0,0,0,0,-1,2,1
36227,77.29081783,28.64296792,5,3,2,1,6,14:05,90,E08000011,5,0,6,30,1,4,3,562,0,0,1,1,1,0,0,2,2,E01006420,11-02-2018,1,1,3,1,14,3,3,5,2,0,0,-1,0,-1
36228,77.08310502,28.70519366,5,3,1,1,3,15:35,90,E08000011,5,0,6,30,0,-1,-1,0,0,0,1,1,1,0,0,1,1,E01006415,08-02-2018,1,1,1,2,67,10,3,0,0,0,0,-1,9,3
36229,77.12065448,28.63348385,5,2,3,2,5,03:35,90,E08000011,6,0,6,30,0,-1,-1,0,0,0,4,2,2,0,0,1,1,E01006485,17-02-2018,2,2,1,1,20,4,3,0,0,0,0,-1,9,1
36230,77.28542778,28.70460625,5,3,2,1,5,08:30,90,E08000011,3,5080,6,30,3,4,5,0,0,0,1,1,2,0,0,2,1,E01006424,10-02-2018,2,3,2,2,20,4,3,0,0,1,0,-1,9,3
36231,77.21455342,28.6038056,5,3,3,1,6,17:10,90,E08000011,3,5300,3,70,1,4,3,562,0,0,4,2,2,0,0,2,2,E01006420,11-02-2018,2,4,2,2,2,1,3,0,0,2,0,-1,9,3
36232,77.24393552,28.69909362,5,3,2,1,6,19:25,90,E08000011,1,57,6,40,1,4,3,506,0,0,4,2,2,0,0,2,2,E01006415,11-02-2018,1,1,1,1,17,4,3,0,0,0,0,-1,3,2
36233,77.09997023,28.58234439,5,3,2,1,2,08:25,90,E08000011,4,5194,6,60,0,-1,-1,0,0,0,1,1,1,0,0,2,1,E01006439,14-02-2018,1,1,1,1,11,3,3,0,0,0,0,-1,1,1
36234,77.22183057,28.5688824,5,3,2,1,4,12:20,90,E08000011,6,0,6,30,6,4,6,0,0,0,1,1,1,0,0,1,2,E01006470,16-02-2018,1,1,1,2,34,6,3,0,0,0,0,-1,9,1
36235,77.06782328,28.55628788,5,3,2,1,6,07:10,90,E08000011,4,5194,6,30,3,4,4,5194,0,0,1,1,2,0,0,1,1,E01006439,11-02-2018,2,2,1,2,26,6,3,0,0,0,0,-1,9,1
36236,77.24731216,28.54794507,5,3,2,4,3,19:20,90,E08000011,1,57,3,70,0,-1,-1,0,0,0,6,1,1,0,0,2,1,E01006439,15-02-2018,2,3,2,2,9,2,3,0,0,1,0,-1,9,1
36237,77.31541458,28.66901113,5,2,2,1,7,17:45,90,E08000011,6,0,6,30,3,4,6,0,0,0,4,1,1,0,0,1,1,E01006480,19-02-2018,1,1,1,2,41,7,3,0,0,0,0,-1,9,-1
36238,77.27262982,28.57646576,5,3,2,2,6,08:45,90,E08000011,5,0,6,60,3,3,5,0,0,0,1,2,2,0,0,2,1,E01006420,18-02-2018,2,2,1,1,63,9,3,0,0,0,0,-1,9,-1
36239,77.10845751,28.6422314,5,3,1,1,6,23:50,90,E08000011,6,0,6,30,0,-1,-1,0,0,0,4,1,1,0,7,1,2,E01006471,18-02-2018,1,1,1,2,42,7,1,0,0,0,0,-1,9,1
36240,77.05897232,28.6101125,5,3,1,1,5,17:45,90,E08000011,6,0,6,30,3,4,5,0,0,0,4,1,1,0,0,1,1,E01006450,17-02-2018,1,1,3,2,3,1,3,5,3,0,0,-1,0,1
36241,77.30481275,28.7211471,5,3,4,1,6,13:45,90,E08000011,3,506,3,30,0,-1,-1,0,0,0,1,1,2,0,0,2,1,E01006508,18-02-2018,2,1,1,1,32,6,2,0,0,0,0,-1,9,1
36242,77.22439884,28.66027435,5,2,2,1,2,17:30,90,E08000011,5,0,6,30,8,4,6,0,0,0,1,1,1,0,0,1,1,E01006508,21-02-2018,1,1,1,1,32,6,3,0,0,0,0,-1,21,1
36243,77.35051313,28.57203206,5,3,2,2,1,18:12,90,E08000011,6,0,6,40,3,4,4,5178,0,0,1,1,1,0,0,2,1,E01006420,27-02-2018,1,1,1,2,18,4,3,0,0,0,0,-1,3,2
36244,77.22927644,28.61396128,5,3,2,2,5,17:15,90,E08000011,3,5208,1,40,1,4,3,5208,0,0,1,1,1,0,0,1,1,E01006416,24-02-2018,1,1,1,2,21,5,3,0,0,0,0,-1,9,1
36245,77.08556377,28.70457957,5,3,2,1,6,08:40,90,E08000011,3,506,1,40,1,4,1,57,0,0,1,1,1,0,0,2,2,E01006415,04-02-2018,2,1,1,1,33,6,3,0,0,0,0,-1,5,2
36246,77.33342443,28.66705689,5,3,2,1,6,16:10,90,E08000011,3,506,1,30,1,4,3,506,0,0,1,1,1,0,0,2,2,E01006455,18-02-2018,2,2,2,2,13,3,3,0,0,2,0,-1,5,1
36247,77.13826504,28.66618318,5,3,2,1,2,11:30,90,E08000011,4,5194,1,30,1,4,3,57,0,0,1,5,3,0,0,2,2,E01006440,28-02-2018,2,3,2,2,12,3,3,0,0,2,0,-1,5,1
36248,77.30090007,28.66522471,5,3,2,2,1,13:15,90,E08000011,6,0,6,30,0,-1,-1,0,0,0,1,1,1,0,0,1,2,E01006418,27-02-2018,2,4,2,2,12,3,3,0,0,2,0,-1,5,1
36249,77.29631455,28.65892928,5,3,2,1,6,07:50,90,E08000011,5,0,6,30,3,4,6,0,0,0,1,1,2,0,0,1,1,E01006477,25-02-2018,2,1,1,1,26,6,3,0,0,0,0,-1,1,1
36250,77.06956559,28.59374915,5,1,3,4,1,00:01,90,E08000011,3,57,3,40,0,-1,-1,0,0,0,4,1,1,0,0,1,1,E01006469,27-02-2018,2,1,1,2,70,10,2,0,0,0,0,-1,9,1
36251,77.23627643,28.64798146,5,3,2,1,2,09:30,90,E08000011,3,580,3,70,0,-1,-1,0,0,0,1,3,2,0,0,2,1,E01006415,28-02-2018,2,1,1,1,22,5,2,0,0,0,0,-1,5,-1
36252,77.36751835,28.53292045,5,3,1,1,7,17:15,90,E08000011,5,0,6,30,0,-1,-1,0,0,0,1,8,2,0,0,1,1,E01006443,26-02-2018,2,1,1,1,34,6,3,0,0,0,0,-1,4,1
36253,77.19461653,28.59549103,5,3,2,5,7,15:00,90,E08000011,1,57,7,70,5,2,3,5080,0,0,1,1,2,0,0,2,1,E01006424,26-02-2018,2,1,1,2,35,6,2,0,0,0,0,-1,1,2
36254,77.20462909,28.72778209,5,1,2,1,6,22:43,90,E08000011,6,0,6,30,3,4,6,0,0,0,4,1,2,0,0,1,1,E01006494,04-03-2018,2,1,1,2,54,8,3,0,0,0,0,-1,1,1
36255,77.11998309,28.54227862,5,3,2,1,3,12:59,90,E08000011,3,57,1,40,1,4,1,57,0,0,1,1,1,0,0,2,1,E01006440,01-03-2018,2,1,1,2,43,7,2,0,0,0,0,-1,1,1
36256,77.11365192,28.56970849,5,2,2,2,5,00:05,90,E08000011,6,0,6,30,0,-1,-1,0,0,0,4,8,2,0,0,1,1,E01006455,24-02-2018,2,1,1,2,10,2,3,0,0,0,0,-1,1,1
36257,77.3720337,28.59954646,5,2,2,1,7,17:40,90,E08000011,1,57,3,70,5,4,3,580,0,0,1,1,1,0,0,2,1,E01006439,26-02-2018,2,1,1,1,74,10,3,0,0,0,0,-1,90,1
36258,77.26998327,28.59435702,5,3,3,1,2,13:25,90,E08000011,5,0,6,30,6,3,5,0,0,0,1,2,2,0,0,1,1,E01006462,28-02-2018,1,1,1,1,48,8,3,0,0,0,0,-1,8,1
36259,77.19448257,28.64638771,5,3,2,1,1,14:00,90,E08000011,3,580,3,60,6,2,3,580,0,0,1,1,1,0,2,2,1,E01006418,20-02-2018,2,2,1,1,34,6,3,0,0,0,0,-1,9,1
36260,77.30853855,28.70349643,5,3,3,1,4,18:00,90,E08000011,3,506,6,30,7,2,6,0,0,4,4,4,2,0,0,1,1,E01006458,23-02-2018,1,1,3,1,11,3,2,5,2,0,0,-1,0,2
36261,77.1664327,28.63015233,5,3,2,1,2,17:30,90,E08000011,5,0,6,30,3,4,6,0,0,5,1,1,1,0,0,1,2,E01006509,07-03-2018,2,1,1,2,25,5,3,0,0,0,0,-1,9,1
36262,77.16862924,28.63093379,5,3,3,2,7,12:45,91,E08000012,6,0,6,30,0,-1,-1,0,0,0,1,1,1,0,0,1,1,E01006574,26-02-2018,2,2,2,1,3,1,3,0,0,2,0,-1,9,1
36263,77.07867638,28.72078347,5,3,4,5,3,15:30,90,E08000011,5,0,6,30,7,2,3,5208,0,0,1,1,2,0,0,1,1,E01006436,01-03-2018,1,1,3,1,8,2,3,5,3,0,0,-1,0,-1
36264,77.23041156,28.58421239,5,3,4,2,1,01:29,90,E08000011,1,62,1,30,1,2,3,5080,0,0,4,1,1,0,0,2,1,E01006424,13-03-2018,1,1,1,2,32,6,3,0,0,0,0,-1,9,1
36265,77.12634328,28.62717427,5,3,2,1,6,08:30,90,E08000011,1,57,3,70,0,-1,-1,0,0,0,1,1,1,0,0,2,2,E01006508,04-03-2018,1,1,1,1,12,3,3,0,0,0,0,-1,1,1
36266,77.32348857,28.6460788,5,3,2,2,5,19:30,90,E08000011,1,57,3,70,0,-1,-1,0,0,0,6,1,1,0,3,2,1,E01006508,10-03-2018,1,1,1,1,28,6,3,0,0,0,0,-1,5,1
36267,77.29328909,28.54483228,5,3,2,1,5,07:35,90,E08000011,3,5208,3,40,1,4,6,0,0,0,1,1,2,0,0,1,1,E01006434,10-03-2018,2,1,1,1,35,6,2,0,0,0,0,-1,1,-1
36268,77.34054217,28.54468954,5,3,2,1,5,20:34,90,E08000011,6,0,6,30,3,4,6,0,0,0,4,1,1,0,0,1,2,E01006420,03-03-2018,2,1,1,1,52,8,3,0,0,0,0,-1,19,1
36269,77.18420826,28.64578129,5,3,2,1,4,09:10,90,E08000011,3,506,3,40,0,-1,-1,0,0,0,1,1,1,0,0,2,2,E01006508,02-03-2018,1,1,1,1,34,6,2,0,0,0,0,-1,9,1
36270,77.09961674,28.67401426,5,3,2,1,6,21:35,90,E08000011,3,580,3,60,6,2,3,580,0,0,4,1,1,4,0,2,1,E01006418,04-03-2018,1,1,1,1,9,2,3,0,0,0,0,-1,1,1
36271,77.34156578,28.70858119,5,3,1,1,7,22:30,90,E08000011,6,0,6,30,3,4,6,0,0,0,4,1,1,0,0,1,1,E01006468,12-03-2018,1,1,3,2,2,1,2,9,9,0,0,-1,0,1
36272,77.2810806,28.62078987,5,3,2,1,6,18:00,90,E08000011,6,0,6,30,0,-1,-1,0,0,0,1,1,2,0,0,2,1,E01006457,11-03-2018,2,1,1,2,35,6,2,0,0,0,0,-1,1,-1
36273,77.27916664,28.66535663,5,3,2,2,2,11:55,90,E08000011,3,580,1,30,1,4,4,5194,0,0,1,1,1,0,0,2,1,E01006439,14-03-2018,1,1,1,1,20,4,3,0,0,0,0,-1,9,3
36274,77.08692613,28.6291911,5,3,3,1,4,17:00,90,E08000011,3,57,6,30,3,2,3,58,0,5,1,1,1,0,0,1,1,E01006463,09-03-2018,1,2,2,1,22,5,3,0,0,2,0,-1,9,1
36275,77.1529156,28.538961,5,3,2,1,6,21:15,90,E08000011,4,5194,1,40,1,4,6,0,0,0,4,1,1,0,0,1,2,E01006438,04-03-2018,1,3,2,2,21,5,3,0,0,1,0,-1,9,1
36276,77.36000092,28.71312209,5,3,1,1,4,14:30,90,E08000011,5,0,6,30,0,-1,-1,0,0,0,1,1,1,0,0,1,2,E01006530,16-02-2018,1,4,2,2,21,5,3,0,0,2,0,-1,9,1
36277,77.11937019,28.5486313,5,3,2,1,7,17:50,90,E08000011,3,5080,1,40,1,2,1,62,0,0,1,1,1,0,0,2,2,E01006424,19-03-2018,2,1,1,1,30,6,2,0,0,0,0,-1,5,-1
36278,77.30096567,28.63393994,5,3,2,1,1,03:40,90,E08000011,5,0,6,30,3,4,6,0,0,0,4,1,1,0,0,1,2,E01006510,13-03-2018,1,1,1,2,13,3,3,0,0,0,0,-1,1,1
36279,77.07569181,28.57769095,5,2,2,2,2,11:20,90,E08000011,3,562,3,70,0,-1,-1,0,0,0,1,1,1,0,0,2,1,E01006420,21-03-2018,1,1,1,1,44,7,3,0,0,0,0,-1,9,2
36280,77.29513594,28.72660857,5,3,2,1,3,15:10,90,E08000011,3,5300,1,30,1,2,3,562,0,0,1,1,1,0,0,2,2,E01006420,08-03-2018,2,1,2,1,22,5,3,0,0,1,0,-1,9,1
36281,77.15033709,28.58900238,5,3,2,2,5,20:20,90,E08000011,3,562,6,30,3,4,5,0,0,0,4,2,2,0,0,1,1,E01006432,03-03-2018,2,1,1,1,21,5,3,0,0,0,0,-1,9,1
36282,77.27476723,28.59532591,5,3,2,2,5,18:00,90,E08000011,5,0,6,30,9,4,6,0,0,4,1,1,1,0,0,1,1,E01006530,10-03-2018,1,1,3,2,4,1,2,9,6,0,0,-1,0,1
36283,77.12667887,28.57735437,5,3,2,1,2,10:55,90,E08000011,6,0,6,30,0,-1,-1,0,0,0,1,1,1,0,0,2,1,E01006491,21-03-2018,1,1,3,1,11,3,3,1,1,0,0,-1,0,2
36284,77.25624333,28.62364323,5,3,2,2,2,18:20,90,E08000011,6,0,6,30,3,4,6,0,0,0,1,1,1,0,0,1,2,E01006483,21-03-2018,1,1,1,1,19,4,3,0,0,0,0,-1,9,1
36285,77.14443402,28.72463699,5,3,2,1,7,15:09,90,E08000011,6,0,6,30,3,4,6,0,0,0,1,1,2,0,0,1,2,E01006479,26-03-2018,1,2,2,2,15,3,3,0,0,1,0,-1,9,1
36286,77.13564025,28.57784299,5,3,1,2,5,13:30,91,E08000012,5,0,6,30,0,-1,-1,0,0,0,1,1,1,0,2,2,2,E01006708,24-03-2018,1,1,3,1,53,8,3,6,9,0,0,-1,0,-1
36287,77.11293719,28.69630157,5,3,1,1,6,22:10,90,E08000011,6,0,6,30,3,4,6,0,0,1,4,1,1,0,0,1,1,E01006419,25-03-2018,2,1,1,1,22,5,3,0,0,0,0,-1,9,1
36288,77.19284827,28.57330656,5,3,1,1,1,20:40,90,E08000011,3,57,6,30,3,4,6,0,0,0,4,1,1,0,0,1,1,E01006453,20-03-2018,2,1,2,2,83,11,3,0,0,0,4,-1,11,1
36289,77.28927741,28.65728582,5,3,2,1,6,13:15,90,E08000011,4,5201,6,30,0,-1,-1,0,0,0,1,1,1,0,0,1,1,E01006499,25-03-2018,1,1,1,1,57,9,3,0,0,0,0,-1,21,1
36290,77.27790606,28.68655909,5,3,1,3,5,17:30,90,E08000011,1,62,3,70,0,-1,-1,0,0,0,1,1,1,0,0,2,1,E01006472,24-03-2018,1,1,1,2,19,4,3,0,0,0,0,-1,9,1
36291,77.36197942,28.71066632,5,3,2,1,5,13:30,90,E08000011,6,0,6,30,3,4,5,0,0,0,1,1,1,0,0,1,1,E01006446,31-03-2018,1,3,2,1,8,2,3,0,0,1,0,-1,9,3