Accident_Index,longitude,latitude,Police_Force,Accident_Severity,Number_of_Vehicles,Number_of_Casualties,Day_of_Week,Time,Local_Authority_(District),Local_Authority_(Highway),1st_Road_Class,1st_Road_Number,Road_Type,Speed_limit,Junction_Detail,Junction_Control,2nd_Road_Class,2nd_Road_Number,Pedestrian_Crossing-Human_Control,Pedestrian_Crossing-Physical_Facilities,Light_Conditions,Weather_Conditions,Road_Surface_Conditions,Special_Conditions_at_Site,Carriageway_Hazards,Urban_or_Rural_Area,Did_Police_Officer_Attend_Scene_of_Accident,LSOA_of_Accident_Location,Date,Vehicle_Reference,Casualty_Reference,Casualty_Class,Sex_of_Casualty,Age_of_Casualty,Age_Band_of_Casualty,Casualty_Severity,Pedestrian_Location,Pedestrian_Movement,Car_Passenger,Bus_or_Coach_Passenger,Pedestrian_Road_Maintenance_Worker,Casualty_Type,Casualty_Home_Area_Type
36292,77.23807633,28.6015486,5,3,3,4,6,11:15,91,E08000012,3,506,3,30,0,-1,-1,0,0,0,1,1,1,0,0,1,1,E01006653,11-02-2018,1,4,2,2,19,4,3,0,0,1,0,-1,9,2
36293,77.17851398,28.67805201,5,3,2,1,5,13:00,90,E08000011,6,0,6,30,9,2,6,0,0,5,1,1,2,0,0,1,2,E01006481,24-02-2018,1,5,2,1,19,4,2,0,0,1,0,-1,9,3
36294,77.15742935,28.62977154,5,3,2,2,6,00:35,90,E08000011,4,5199,6,30,3,2,6,0,0,5,4,1,1,0,0,1,1,E01006481,25-03-2018,1,6,2,1,19,4,2,0,0,1,0,-1,9,2
36295,77.34012143,28.6288979,5,2,2,1,3,06:15,90,E08000011,4,5194,6,30,3,4,3,580,0,0,1,1,1,0,0,2,1,E01006439,05-04-2018,2,2,1,1,60,9,3,0,0,0,0,-1,9,3
36296,77.14406391,28.57065218,5,3,2,2,7,15:12,90,E08000011,3,5080,6,30,3,4,6,0,0,0,1,1,1,0,0,1,1,E01006472,02-04-2018,1,1,2,2,45,7,3,0,0,0,4,-1,11,1
36297,77.29838644,28.7039477,5,3,2,1,2,18:45,90,E08000011,6,0,6,30,0,-1,-1,0,0,0,1,1,1,0,0,1,2,E01006460,28-03-2018,1,2,2,2,36,7,3,0,0,0,4,-1,11,1
36298,77.3626296,28.71241262,5,3,2,1,4,18:40,90,E08000011,3,5080,6,40,3,4,6,0,0,0,1,5,2,0,0,1,1,E01006424,06-04-2018,2,1,1,1,84,11,3,0,0,0,0,-1,1,1
36299,77.29860922,28.6298747,5,2,1,1,4,08:25,90,E08000011,1,62,3,70,5,4,3,5080,0,0,1,2,2,0,2,2,1,E01006424,06-04-2018,2,1,1,2,28,6,3,0,0,0,0,-1,9,1
36300,77.20450982,28.65298101,5,3,1,1,3,12:00,90,E08000011,5,0,6,30,0,-1,-1,0,0,4,1,1,1,0,0,1,2,E01006437,05-04-2018,2,1,1,2,25,5,2,0,0,0,0,-1,9,-1
36301,77.05924906,28.57464102,5,3,2,2,4,12:10,90,E08000011,6,0,6,30,0,-1,-1,0,0,0,1,2,2,0,0,1,2,E01006427,06-04-2018,2,1,1,1,15,3,3,0,0,0,0,-1,1,1
36302,77.14323226,28.6104729,5,3,3,5,7,11:46,90,E08000011,6,0,6,30,3,4,6,0,0,0,1,2,2,0,0,1,1,E01006434,09-04-2018,2,1,1,2,30,6,3,0,0,0,0,-1,9,1
36303,77.09920002,28.54917768,5,3,1,1,7,20:10,90,E08000011,3,5300,1,60,1,2,3,5080,0,0,4,1,2,0,0,2,1,E01006424,09-04-2018,2,1,1,2,25,5,3,0,0,0,0,-1,9,1
36304,77.35295504,28.72087069,5,3,3,1,5,14:10,90,E08000011,6,0,6,30,3,4,6,0,0,0,1,1,1,0,0,1,1,E01006481,31-03-2018,2,2,3,2,84,11,3,1,3,0,0,-1,0,1
36305,77.33162912,28.6376278,5,3,1,1,4,15:50,90,E08000011,6,0,6,30,0,-1,-1,0,0,0,1,1,1,0,0,1,2,E01006510,06-04-2018,1,1,3,1,1,1,3,6,9,0,0,-1,0,1
36306,77.10293618,28.540074,5,3,6,5,5,08:10,90,E08000011,1,57,7,30,0,-1,-1,0,0,0,1,5,2,0,0,2,1,E01006415,07-04-2018,2,1,1,2,32,6,3,0,0,0,0,-1,9,1
36307,77.15549413,28.5941002,5,3,2,1,6,10:30,90,E08000011,5,0,6,30,3,4,6,0,0,0,1,1,1,0,0,1,1,E01006415,01-04-2018,2,2,2,2,63,9,3,0,0,1,0,-1,9,1
36308,77.15084767,28.69073201,5,3,2,1,3,16:50,90,E08000011,5,0,6,30,9,4,5,0,0,0,1,1,1,0,0,1,2,E01006492,05-04-2018,2,3,2,1,12,3,3,0,0,2,0,-1,9,1
36309,77.22749673,28.55222667,5,3,2,2,4,10:00,90,E08000011,5,0,6,30,3,4,6,0,0,0,1,1,2,0,0,1,1,E01006446,13-04-2018,2,1,2,2,51,8,3,0,0,1,0,-1,9,2
36310,77.28516363,28.69388904,5,3,2,1,1,16:08,90,E08000011,3,506,3,40,3,2,5,0,0,5,1,5,2,0,0,2,1,E01006509,17-04-2018,1,1,1,2,29,6,2,0,0,0,0,-1,3,1
36311,77.19684584,28.6108385,5,2,2,2,1,07:08,90,E08000011,1,57,3,70,0,-1,-1,0,0,0,1,1,1,0,0,2,1,E01006439,17-04-2018,2,1,1,1,22,5,3,0,0,0,0,-1,5,1
36312,77.0607916,28.66350305,5,3,2,2,1,22:30,90,E08000011,3,57,6,30,6,2,3,58,0,5,4,1,1,0,0,1,1,E01006463,03-04-2018,1,1,3,2,38,7,3,4,1,0,0,-1,0,3
36313,77.06995849,28.60088473,5,3,1,1,7,16:30,90,E08000011,6,0,6,30,0,-1,-1,0,0,0,1,1,1,0,0,1,2,E01006481,16-04-2018,1,1,3,1,37,7,3,9,7,0,0,-1,0,1
36314,77.2602055,28.66340568,5,3,1,1,2,15:35,90,E08000011,6,0,6,30,0,-1,-1,0,0,0,1,1,2,0,0,1,1,E01006481,18-04-2018,1,1,1,2,57,9,3,0,0,0,0,-1,9,-1
36315,77.33050043,28.63458931,5,3,2,4,1,18:35,92,E08000013,5,0,6,30,3,4,5,0,0,0,1,2,2,0,0,1,2,E01006828,27-03-2018,1,1,1,1,35,6,2,0,0,0,0,-1,9,1
36316,77.20910314,28.71878089,5,3,1,1,3,17:15,90,E08000011,4,5200,6,30,3,4,6,0,0,0,1,1,1,0,0,1,2,E01006463,29-03-2018,1,1,1,2,54,8,3,0,0,0,0,-1,9,1
36317,77.27023098,28.72427155,5,3,2,2,5,21:45,90,E08000011,5,0,6,30,0,-1,-1,0,0,0,4,1,1,0,0,1,1,E01006474,21-04-2018,1,2,2,2,60,9,3,0,0,1,0,-1,9,1
36318,77.18953054,28.54117597,5,3,1,1,5,21:43,90,E08000011,6,0,6,30,0,-1,-1,0,0,0,4,1,1,0,0,1,1,E01006451,21-04-2018,1,1,1,1,23,5,3,0,0,0,0,-1,9,3
36319,77.23158573,28.54667777,5,2,1,1,2,12:55,90,E08000011,6,0,6,30,3,2,4,5199,0,5,1,5,2,0,0,1,1,E01006482,18-04-2018,1,1,1,1,18,4,3,0,0,0,0,-1,9,1
36320,77.24959452,28.69101701,5,3,1,1,6,16:30,90,E08000011,3,5080,6,30,0,-1,-1,0,0,0,1,1,1,0,0,1,2,E01006424,22-04-2018,1,5,2,2,16,4,3,0,0,1,0,-1,9,1
36321,77.10378039,28.65800254,5,3,4,1,4,19:30,90,E08000011,5,0,7,30,3,4,5,0,0,0,1,1,1,0,0,1,1,E01006450,20-04-2018,1,6,2,1,18,4,3,0,0,2,0,-1,9,1
36322,77.18645138,28.5355582,5,3,1,1,7,13:45,90,E08000011,6,0,1,30,1,3,3,57,0,0,1,1,1,0,0,1,2,E01006463,16-04-2018,2,2,1,2,19,4,3,0,0,0,0,-1,9,2
36323,77.31486686,28.59883313,5,2,2,1,3,16:50,90,E08000011,6,0,6,30,3,4,6,0,0,0,1,2,2,0,0,1,1,E01006465,26-04-2018,2,3,2,2,10,2,3,0,0,2,0,-1,9,2
36324,77.14624331,28.56884576,5,3,2,3,1,21:30,90,E08000011,3,5080,6,30,3,2,5,0,0,0,4,9,1,0,0,1,2,E01006424,10-04-2018,2,4,2,2,40,7,3,0,0,1,0,-1,9,2
36325,77.34345212,28.61521285,5,3,2,2,6,18:45,90,E08000011,5,0,6,30,3,4,6,0,0,0,1,1,1,0,0,1,1,E01006445,29-04-2018,2,1,1,1,58,9,3,0,0,0,0,-1,5,1
36326,77.2507105,28.59519481,5,3,2,1,3,17:45,90,E08000011,4,5194,6,30,3,4,6,0,0,0,1,2,2,0,0,2,1,E01006468,26-04-2018,2,2,2,2,55,8,3,0,0,2,0,-1,5,1
36327,77.17596904,28.6336739,5,3,2,3,6,17:40,90,E08000011,6,0,6,30,1,4,5,0,0,0,1,1,1,0,0,1,2,E01006423,25-02-2018,1,1,1,1,-1,-1,3,0,0,0,0,-1,9,2
36328,77.31628504,28.67628588,5,3,2,2,5,20:10,90,E08000011,5,0,6,30,6,2,5,0,0,4,1,1,1,0,0,1,1,E01006456,28-04-2018,2,1,1,2,49,8,3,0,0,0,0,-1,1,-1
36329,77.26822715,28.56707262,5,3,2,1,4,12:10,90,E08000011,5,0,6,60,7,4,3,5080,0,0,1,1,1,0,0,2,1,E01006424,27-04-2018,1,1,1,1,9,2,3,0,0,0,0,-1,1,2
36330,77.16150359,28.59248561,5,3,2,1,6,08:10,90,E08000011,3,580,3,70,0,-1,-1,0,0,0,1,1,1,4,2,1,1,E01006416,29-04-2018,1,1,1,1,40,7,3,0,0,0,0,-1,5,1
36331,77.25444803,28.55170757,5,3,2,2,2,17:15,90,E08000011,4,5194,6,30,3,4,3,580,0,0,1,1,1,0,0,2,1,E01006439,25-04-2018,1,1,1,2,35,6,3,0,0,0,0,-1,9,2
36332,77.08911157,28.60156888,5,3,1,1,3,16:40,90,E08000011,6,0,6,30,0,-1,-1,0,0,0,1,1,1,0,0,1,2,E01006660,05-04-2018,2,1,1,2,47,8,3,0,0,0,0,-1,9,1
36333,77.13568259,28.55913505,5,3,1,1,6,10:00,90,E08000011,5,0,6,30,0,-1,-1,0,0,0,1,9,1,0,0,1,2,E01006437,08-04-2018,2,1,1,2,26,6,3,0,0,0,0,-1,9,3
36334,77.23008722,28.6892539,5,3,2,1,2,16:50,90,E08000011,4,5202,6,30,3,4,4,5194,0,0,1,1,1,0,0,1,1,E01006439,25-04-2018,1,1,2,1,18,4,3,0,0,2,0,-1,9,3
36335,77.30874639,28.57493795,5,2,1,1,6,18:40,91,E08000012,6,0,6,30,3,4,6,0,0,0,1,1,1,0,0,1,1,E01006530,06-05-2018,1,1,3,2,14,3,2,5,3,0,0,-1,0,1
36336,77.20916909,28.5485302,5,3,3,2,6,08:10,90,E08000011,3,562,6,30,3,4,6,0,0,4,1,1,1,0,0,1,1,E01006431,22-04-2018,2,1,1,2,51,8,3,0,0,0,0,-1,9,3
36337,77.14881797,28.70214314,5,3,3,1,6,18:15,90,E08000011,5,0,6,30,3,4,5,0,0,0,1,2,2,0,0,2,1,E01006494,15-04-2018,2,1,1,1,16,4,2,0,0,0,0,-1,2,3
36338,77.23255173,28.60445824,5,3,2,1,6,16:00,90,E08000011,6,0,6,30,0,-1,-1,0,0,0,1,1,1,0,0,1,1,E01006446,06-05-2018,1,1,1,2,19,4,3,0,0,0,0,-1,9,-1
36339,77.12258183,28.5402535,5,3,2,1,2,14:45,90,E08000011,6,0,2,30,3,4,6,0,0,0,1,1,1,0,0,1,1,E01006446,09-05-2018,1,1,2,2,83,11,3,0,0,0,4,-1,11,1
36340,77.35854159,28.68567243,5,3,1,1,4,08:33,90,E08000011,5,0,6,30,3,4,6,0,0,0,1,1,1,0,0,2,1,E01006495,11-05-2018,1,1,3,1,75,10,3,5,3,0,0,-1,0,1
36341,77.2246974,28.58241814,5,3,4,4,4,17:45,90,E08000011,1,57,7,70,5,2,3,5080,0,0,1,1,1,0,0,2,1,E01006424,04-05-2018,1,1,1,2,37,7,3,0,0,0,0,-1,9,1
36342,77.09681509,28.71591814,5,3,2,2,7,17:20,90,E08000011,6,0,6,30,3,4,6,0,2,4,1,1,1,0,0,1,1,E01006508,30-04-2018,1,1,1,2,45,7,3,0,0,0,0,-1,9,1
36343,77.18257479,28.64481349,5,3,1,1,6,17:25,90,E08000011,6,0,1,30,1,4,6,0,0,0,1,1,1,0,0,1,1,E01006433,29-04-2018,1,1,3,1,12,3,2,5,2,0,0,-1,0,-1
36344,77.34715401,28.56569421,5,3,2,1,3,16:30,90,E08000011,3,57,3,40,9,4,6,0,0,0,1,1,1,0,0,1,2,E01006440,03-05-2018,1,1,1,2,39,7,3,0,0,0,0,-1,9,3
36345,77.1526962,28.5916099,5,3,2,1,3,08:50,90,E08000011,5,0,6,30,0,-1,-1,0,0,0,1,1,1,0,0,1,1,E01006459,10-05-2018,1,1,1,2,88,11,3,0,0,0,0,-1,9,2
36346,77.10376927,28.63221138,5,3,3,1,5,11:55,90,E08000011,5,0,6,30,3,4,6,0,0,0,1,1,1,0,0,1,1,E01006497,05-05-2018,1,2,3,2,68,10,3,2,1,0,0,-1,0,1
36347,77.28545123,28.59204061,5,3,2,1,5,11:45,90,E08000011,5,0,6,30,3,4,6,0,0,0,1,1,1,0,0,1,2,E01006479,12-05-2018,2,1,1,1,62,9,3,0,0,0,0,-1,9,1
36348,77.06835486,28.626449,5,3,3,2,4,13:52,90,E08000011,3,506,1,40,5,4,1,57,0,0,1,1,1,0,0,2,1,E01006415,11-05-2018,2,1,1,1,16,4,3,0,0,0,0,-1,2,2
36349,77.25300486,28.65095852,5,3,1,2,1,11:35,90,E08000011,6,0,6,30,3,4,6,0,0,0,1,1,1,0,0,1,1,E01006466,15-05-2018,1,1,3,2,22,5,3,5,5,0,0,-1,0,2
36350,77.31719313,28.58278045,5,2,1,1,6,19:30,90,E08000011,6,0,6,60,0,-1,-1,0,0,0,1,1,1,0,0,2,1,E01006424,13-05-2018,2,1,1,2,54,8,3,0,0,0,0,-1,9,3
36351,77.17174845,28.61717887,5,3,2,1,2,17:18,90,E08000011,1,62,1,30,1,4,3,5080,0,0,1,1,1,0,0,2,2,E01006424,09-05-2018,2,1,1,1,26,6,3,0,0,0,0,-1,1,3
36352,77.34572969,28.71024568,5,3,2,1,6,17:20,90,E08000011,3,580,3,40,0,-1,-1,0,0,0,1,1,1,0,0,1,1,E01006418,13-05-2018,1,1,1,1,32,6,2,0,0,0,0,-1,9,1
36353,77.28326195,28.63923302,5,3,1,1,7,14:40,90,E08000011,6,0,6,30,9,4,6,0,0,0,1,1,1,0,0,1,1,E01006437,07-05-2018,2,2,2,2,91,11,2,0,0,1,0,-1,9,3
36354,77.08258502,28.72735144,5,3,1,1,3,18:30,90,E08000011,6,0,6,30,3,4,6,0,0,0,1,1,1,0,0,1,2,E01006475,17-05-2018,2,1,1,1,20,4,3,0,0,0,0,-1,3,1
36355,77.24068483,28.57021004,5,3,2,1,3,08:30,90,E08000011,5,0,6,30,3,4,5,0,0,0,1,1,1,0,0,1,2,E01006451,17-05-2018,2,1,1,1,54,8,3,0,0,0,0,-1,9,2
36356,77.19113877,28.67044026,5,3,2,2,2,15:55,90,E08000011,4,5201,6,30,3,4,6,0,0,0,1,2,2,0,0,1,1,E01006498,16-05-2018,2,2,2,2,52,8,3,0,0,1,0,-1,9,2
36357,77.28055601,28.7244419,5,2,1,1,6,06:15,90,E08000011,6,0,6,60,0,-1,-1,0,0,0,1,1,2,0,0,2,1,E01006424,20-05-2018,2,1,1,1,49,8,3,0,0,0,0,-1,1,1
36358,77.20045467,28.55134443,5,3,1,1,5,16:24,90,E08000011,3,5300,3,70,0,-1,-1,0,0,0,1,1,1,0,0,2,1,E01006420,12-05-2018,1,1,1,2,19,4,3,0,0,0,0,-1,9,1
36359,77.13701953,28.53387979,5,3,2,1,3,07:15,90,E08000011,3,5080,6,60,6,4,5,0,0,0,1,1,1,0,0,2,1,E01006420,10-05-2018,1,2,2,1,22,5,3,0,0,1,0,-1,9,2
36360,77.34497574,28.65397012,5,1,2,1,4,00:05,90,E08000011,3,526,6,30,6,2,6,0,0,0,4,1,1,0,0,2,1,E01006442,25-05-2018,1,1,1,2,29,6,3,0,0,0,0,-1,9,3
36361,77.27203029,28.60455209,5,3,2,1,6,20:30,90,E08000011,6,0,1,30,1,4,4,5199,0,0,1,1,1,0,0,1,1,E01006475,20-05-2018,2,2,1,1,46,8,3,0,0,0,0,-1,9,3
36362,77.30768905,28.63263949,5,3,2,1,4,21:05,90,E08000011,5,0,2,30,9,4,6,0,0,0,1,1,1,0,0,1,2,E01006456,27-04-2018,1,1,1,1,20,4,3,0,0,0,0,-1,3,1
36363,77.26323882,28.65251448,5,3,2,1,6,11:45,90,E08000011,6,0,6,30,3,4,6,0,0,0,1,1,1,4,0,1,2,E01006444,29-04-2018,2,1,1,1,42,7,3,0,0,0,0,-1,3,1
36364,77.16868952,28.71324625,5,3,3,2,2,12:00,90,E08000011,3,561,3,30,7,4,3,562,0,0,1,1,1,0,0,2,1,E01006420,23-05-2018,1,1,3,1,19,4,3,5,1,0,0,-1,0,2
36365,77.09280794,28.67736663,5,3,2,2,2,08:10,90,E08000011,5,0,6,60,6,4,5,0,0,0,1,1,1,0,0,2,1,E01006420,23-05-2018,1,1,3,1,18,4,3,1,1,0,0,-1,0,1
36366,77.29190882,28.66357096,5,3,2,1,4,08:59,90,E08000011,3,58,3,40,0,-1,-1,0,0,0,1,1,2,0,0,2,1,E01006464,25-05-2018,1,1,1,1,45,7,3,0,0,0,0,-1,1,1
36367,77.15825327,28.58736726,5,3,1,1,5,08:00,90,E08000011,5,0,6,30,3,4,5,0,0,0,1,1,1,0,0,1,1,E01006426,26-05-2018,2,1,1,1,17,4,3,0,0,0,0,-1,3,1
36368,77.08837427,28.53616227,5,3,1,1,7,18:40,90,E08000011,6,0,6,30,3,4,5,0,0,0,1,1,1,0,0,1,1,E01006446,14-05-2018,2,1,1,2,28,6,3,0,0,0,0,-1,9,1
36369,77.24704066,28.549934,5,3,2,1,4,18:45,90,E08000011,3,562,3,30,6,2,6,0,0,4,1,1,1,0,0,1,1,E01006538,18-05-2018,1,1,1,1,70,10,1,0,0,0,0,-1,9,1
36370,77.13132895,28.69661291,5,3,2,1,7,11:00,90,E08000011,1,62,3,70,0,-1,-1,0,0,0,1,1,1,0,0,2,1,E01006424,28-05-2018,1,1,1,2,26,6,3,0,0,0,0,-1,9,-1
36371,77.26078527,28.72657366,5,3,2,1,4,08:35,90,E08000011,3,5080,1,30,7,4,6,0,0,0,1,1,2,0,0,2,1,E01006424,25-05-2018,1,1,1,1,88,11,3,0,0,0,0,-1,9,3
36372,77.2561545,28.5575747,5,1,2,2,5,18:59,90,E08000011,6,0,6,30,0,-1,-1,0,0,0,1,1,1,0,0,1,1,E01006499,02-06-2018,1,1,2,1,34,6,3,0,0,2,0,-1,9,1
36373,77.1437485,28.71775829,5,3,2,1,6,10:45,90,E08000011,3,57,6,30,9,2,6,0,0,0,1,1,1,0,0,1,2,E01006463,27-05-2018,1,1,1,1,39,7,3,0,0,0,0,-1,9,1
36374,77.1229865,28.60023727,5,3,2,3,4,22:50,90,E08000011,6,0,6,30,0,-1,-1,0,0,0,4,1,1,0,0,1,2,E01006431,18-05-2018,2,2,1,1,20,4,3,0,0,0,0,-1,9,1
36375,77.18323346,28.6128277,5,3,2,1,7,17:20,90,E08000011,5,0,6,30,9,4,3,5080,0,0,1,1,1,0,0,1,2,E01006472,07-05-2018,1,1,1,2,25,5,3,0,0,0,0,-1,9,3
36376,77.22822659,28.62228485,5,3,2,1,5,21:00,90,E08000011,5,0,6,30,0,-1,-1,0,0,0,1,1,1,0,0,1,2,E01006482,26-05-2018,1,1,1,2,43,7,3,0,0,0,0,-1,9,3
36377,77.35708953,28.57829134,5,3,3,1,4,15:00,90,E08000011,6,0,1,30,1,4,6,0,0,0,1,2,2,0,0,1,1,E01006475,01-06-2018,1,1,1,2,57,9,3,0,0,0,0,-1,9,3
36378,77.29635509,28.53568072,5,3,2,1,7,18:06,90,E08000011,5,0,6,30,0,-1,-1,0,0,0,1,1,1,0,0,2,1,E01006482,28-05-2018,2,2,1,1,52,8,3,0,0,0,0,-1,9,-1
36379,77.35740164,28.60494113,5,3,2,1,4,15:35,90,E08000011,6,0,6,30,8,4,6,0,0,0,1,2,2,0,0,1,1,E01006468,01-06-2018,1,1,1,1,31,6,3,0,0,0,0,-1,2,1
36380,77.1535784,28.57761392,5,3,2,1,4,14:10,90,E08000011,6,0,6,30,3,4,5,0,0,0,1,1,2,0,0,1,1,E01006426,01-06-2018,1,1,1,1,16,4,3,0,0,0,0,-1,2,1
36381,77.22546712,28.55119879,5,3,2,1,5,17:00,90,E08000011,1,62,3,70,0,-1,-1,0,0,0,1,1,1,0,0,2,1,E01006502,26-05-2018,1,1,1,1,55,8,3,0,0,0,0,-1,9,1
36382,77.32651807,28.59737362,5,3,1,1,6,21:30,90,E08000011,3,5080,6,30,6,4,5,0,0,5,1,1,1,0,0,1,1,E01006471,27-05-2018,1,1,1,2,82,11,2,0,0,0,0,-1,9,1
36383,77.13109599,28.55541687,5,3,2,1,5,22:00,90,E08000011,3,57,6,30,3,4,6,0,0,0,4,1,1,0,0,1,1,E01006463,26-05-2018,2,1,1,1,44,7,3,0,0,0,0,-1,8,1
36384,77.34378335,28.61075699,5,3,2,1,3,16:00,90,E08000011,5,0,2,30,0,-1,-1,0,0,0,1,1,1,0,0,1,1,E01006446,24-05-2018,2,2,2,1,54,8,3,0,0,1,0,-1,8,1
36385,77.16416449,28.55048605,5,3,2,1,4,15:00,90,E08000011,3,5080,6,30,3,4,6,0,0,0,1,2,2,0,0,1,2,E01006475,01-06-2018,1,1,1,2,31,6,3,0,0,0,0,-1,9,2
36386,77.29172023,28.7065607,5,2,1,1,5,01:40,90,E08000011,3,562,7,70,0,-1,-1,0,0,0,4,1,1,0,0,2,1,E01006420,26-05-2018,1,1,1,1,23,5,3,0,0,0,0,-1,3,1
36387,77.22159073,28.5513711,5,3,1,1,4,15:40,90,E08000011,3,57,3,40,0,-1,-1,0,0,0,1,1,1,0,0,1,1,E01006442,25-05-2018,1,1,1,1,17,4,3,0,0,0,0,-1,2,1
36388,77.08844786,28.55404665,5,3,2,1,3,12:30,90,E08000011,5,0,3,30,3,4,6,0,0,0,1,1,1,0,0,1,2,E01006658,17-05-2018,2,1,1,1,41,7,3,0,0,0,0,-1,9,3
36389,77.2285636,28.53549028,5,3,2,1,6,14:50,90,E08000011,5,0,6,30,6,4,5,0,0,0,1,1,1,0,0,1,2,E01006449,27-05-2018,1,1,3,1,45,7,2,4,1,0,0,-1,0,1
36390,77.35562606,28.68647206,5,3,1,5,7,18:00,90,E08000011,3,57,6,30,0,-1,-1,0,0,0,1,1,1,0,0,1,1,E01006463,04-06-2018,1,1,1,1,71,10,2,0,0,0,0,-1,9,1
36391,77.09823576,28.57179412,5,3,1,1,7,09:25,90,E08000011,1,62,3,70,0,-1,-1,0,0,0,1,1,1,0,0,2,1,E01006424,04-06-2018,1,1,1,1,16,4,3,0,0,0,0,-1,3,1
36392,77.32024957,28.5920927,5,3,1,1,2,15:25,90,E08000011,3,57,3,30,7,2,5,0,0,4,1,1,2,0,0,1,2,E01006445,13-06-2018,2,2,1,1,45,7,3,0,0,0,0,-1,9,2
36393,77.27675551,28.6626745,5,3,2,1,6,08:40,90,E08000011,5,0,6,30,3,4,6,0,0,0,1,1,1,0,0,1,1,E01006499,10-06-2018,1,1,1,2,29,6,3,0,0,0,0,-1,9,1
36394,77.16524327,28.58682313,5,3,3,1,2,15:15,90,E08000011,6,0,6,30,3,2,3,57,0,5,1,1,1,0,0,1,2,E01006453,16-05-2018,1,3,2,2,6,2,3,0,0,2,0,-1,9,1
36395,77.25705226,28.63015206,5,2,2,3,1,13:58,90,E08000011,6,0,6,60,0,-1,-1,0,0,0,1,1,1,0,0,2,1,E01006420,05-06-2018,2,2,1,2,54,8,3,0,0,0,0,-1,9,1
36396,77.15874313,28.57564409,5,3,2,1,3,08:30,90,E08000011,3,5300,3,70,0,-1,-1,0,0,0,1,2,2,0,0,2,1,E01006420,14-06-2018,2,4,2,2,72,10,3,0,0,1,0,-1,9,1
36397,77.22736273,28.58956088,5,3,2,2,5,08:51,90,E08000011,6,0,6,30,0,-1,-1,0,0,0,1,1,2,0,0,1,1,E01006572,02-06-2018,2,5,2,2,49,8,3,0,0,2,0,-1,9,1
36398,77.22185077,28.55631929,5,2,2,2,6,22:45,92,E08000013,3,57,6,30,0,-1,-1,0,0,0,1,1,1,0,0,1,1,E01006895,10-06-2018,2,1,1,2,46,8,3,0,0,0,0,-1,9,1
36399,77.31544627,28.61625786,5,3,1,1,6,16:15,92,E08000013,3,57,6,30,3,2,4,5413,0,0,1,8,1,0,0,1,2,E01006893,13-05-2018,1,1,1,1,41,7,3,0,0,0,0,-1,9,1
36400,77.06355221,28.66675167,5,3,2,2,4,16:45,90,E08000011,3,580,3,70,0,-1,-1,0,0,0,1,1,1,0,0,2,1,E01006446,15-06-2018,2,2,1,1,67,10,2,0,0,0,0,-1,9,-1
36401,77.32121586,28.58627838,5,3,2,1,6,20:14,90,E08000011,3,5080,6,30,3,4,6,0,0,0,1,1,1,0,0,1,1,E01006471,10-06-2018,2,1,1,1,31,6,3,0,0,0,0,-1,1,3
36402,77.25017234,28.61646116,5,3,2,2,6,08:50,90,E08000011,1,57,1,30,1,4,3,5080,0,0,1,1,1,0,0,2,2,E01006424,17-06-2018,2,1,1,1,46,8,3,0,0,0,0,-1,9,2
36403,77.15364907,28.59960862,5,3,4,1,7,14:15,91,E08000012,3,506,6,30,6,2,6,0,0,0,1,1,1,0,0,1,2,E01006652,18-06-2018,2,2,2,1,46,8,3,0,0,1,0,-1,9,2
36404,77.33974966,28.65850931,5,3,1,1,1,00:30,90,E08000011,5,0,6,30,0,-1,-1,0,0,0,4,1,1,0,0,1,1,E01006499,12-06-2018,1,1,1,1,17,4,3,0,0,0,0,-1,9,2
36405,77.18240291,28.62523437,5,3,2,2,4,08:00,90,E08000011,6,0,6,30,3,4,6,0,0,0,1,1,1,0,0,1,1,E01006478,22-06-2018,1,3,2,1,16,4,3,0,0,1,0,-1,9,2
36406,77.3118622,28.72431867,5,2,2,1,7,15:41,90,E08000011,1,57,3,70,0,-1,-1,0,0,0,1,1,1,0,0,2,1,E01006441,11-06-2018,1,4,2,1,17,4,3,0,0,2,0,-1,9,2
36407,77.15059192,28.58667354,5,2,1,1,4,18:50,90,E08000011,4,5202,6,30,0,-1,-1,0,0,0,1,1,1,0,0,1,1,E01006439,22-06-2018,2,2,1,2,44,7,3,0,0,0,0,-1,9,3
36408,77.23200563,28.6806443,5,2,2,5,6,22:20,90,E08000011,3,57,3,30,3,2,5,0,0,5,4,2,2,0,0,1,1,E01006499,24-06-2018,2,5,2,2,12,3,3,0,0,2,0,-1,9,3
36409,77.33906579,28.62707685,5,3,2,1,2,14:30,90,E08000011,6,0,6,30,3,4,6,0,0,0,1,1,1,0,0,1,2,E01006502,20-06-2018,2,6,2,2,14,3,3,0,0,2,0,-1,9,3
36410,77.28812277,28.64302975,5,3,2,2,6,13:10,90,E08000011,5,0,6,30,8,4,6,0,0,0,1,1,1,0,0,1,1,E01006499,24-06-2018,2,7,2,1,12,3,3,0,0,2,0,-1,9,2
36411,77.1206714,28.71762696,5,3,2,2,7,17:15,90,E08000011,5,0,6,30,3,2,3,57,0,0,1,1,1,0,0,1,1,E01006484,25-06-2018,2,1,2,2,28,6,3,0,0,1,0,-1,9,1
36412,77.115378,28.57909645,5,2,1,2,3,17:10,90,E08000011,3,57,3,40,0,-1,-1,0,0,4,1,1,1,0,0,1,1,E01006469,28-06-2018,1,1,2,1,0,1,3,0,0,1,0,-1,9,1