Accident_Index,longitude,latitude,Police_Force,Accident_Severity,Number_of_Vehicles,Number_of_Casualties,Day_of_Week,Time,Local_Authority_(District),Local_Authority_(Highway),1st_Road_Class,1st_Road_Number,Road_Type,Speed_limit,Junction_Detail,Junction_Control,2nd_Road_Class,2nd_Road_Number,Pedestrian_Crossing-Human_Control,Pedestrian_Crossing-Physical_Facilities,Light_Conditions,Weather_Conditions,Road_Surface_Conditions,Special_Conditions_at_Site,Carriageway_Hazards,Urban_or_Rural_Area,Did_Police_Officer_Attend_Scene_of_Accident,LSOA_of_Accident_Location,Date,Vehicle_Reference,Casualty_Reference,Casualty_Class,Sex_of_Casualty,Age_of_Casualty,Age_Band_of_Casualty,Casualty_Severity,Pedestrian_Location,Pedestrian_Movement,Car_Passenger,Bus_or_Coach_Passenger,Pedestrian_Road_Maintenance_Worker,Casualty_Type,Casualty_Home_Area_Type
36535,77.15247135,28.62999446,5,3,2,1,4,19:05,90,E08000011,3,562,1,30,1,4,3,562,0,0,1,1,1,0,0,1,2,E01006428,14-09-2018,1,1,1,2,17,4,3,0,0,0,0,-1,9,1
36536,77.24545884,28.68675848,5,3,2,1,6,14:00,92,E08000013,6,0,6,30,0,-1,-1,0,0,0,1,1,1,0,0,2,1,E01006887,08-07-2018,1,2,2,1,43,7,2,0,0,1,0,-1,9,1
36537,77.19065201,28.72286138,5,3,2,2,2,14:50,92,E08000013,3,58,3,30,0,-1,-1,0,0,0,1,1,1,0,0,1,1,E01006832,18-07-2018,1,3,2,2,17,4,2,0,0,2,0,-1,9,1
36538,77.16685399,28.58663632,5,3,2,1,4,15:50,92,E08000013,6,0,6,30,9,4,6,0,0,0,5,1,1,0,0,1,1,E01006842,10-08-2018,1,1,1,1,29,6,3,0,0,0,0,-1,1,1
36539,77.34706973,28.64383409,5,3,2,1,3,20:32,92,E08000013,3,580,3,60,7,2,3,49,0,0,1,1,1,0,0,1,1,E01006836,09-08-2018,2,1,1,1,39,7,3,0,0,0,0,-1,5,1
36540,77.3325349,28.72089355,5,3,2,1,3,08:00,92,E08000013,6,0,6,30,3,4,3,570,0,0,1,1,2,0,0,1,1,E01006916,13-12-2018,2,1,1,2,28,6,3,0,0,0,0,-1,9,1
36541,77.25910536,28.63551264,5,3,2,1,7,11:00,92,E08000013,3,570,3,70,0,-1,-1,0,0,0,1,5,2,0,0,2,1,E01006912,01-10-2018,3,2,1,1,58,9,3,0,0,0,0,-1,9,1
36542,77.32770208,28.69858744,5,2,2,1,7,16:45,92,E08000013,6,0,6,30,3,4,6,0,0,0,1,1,1,0,0,1,1,E01006814,01-10-2018,2,1,1,1,20,4,3,0,0,0,0,-1,9,1
36543,77.17114745,28.59193473,5,3,2,4,3,12:50,92,E08000013,3,570,3,70,6,2,3,580,0,5,1,1,1,0,0,1,1,E01006914,04-10-2018,1,1,1,1,43,7,3,0,0,0,0,-1,21,3
36544,77.10092274,28.57872512,5,3,2,1,2,11:15,92,E08000013,3,580,1,30,1,2,1,6,0,0,1,1,1,4,0,2,1,E01006836,03-10-2018,2,1,1,1,39,7,2,0,0,0,0,-1,5,1
36545,77.30806845,28.69854126,5,3,3,2,2,08:20,92,E08000013,6,0,6,30,0,-1,-1,0,0,0,1,1,1,0,0,1,2,E01006850,03-10-2018,2,2,2,1,12,3,3,0,0,2,0,-1,5,1
36546,77.15020732,28.70823817,5,3,2,2,2,12:30,92,E08000013,6,0,6,30,3,4,6,0,0,0,1,1,1,0,0,1,2,E01006871,03-10-2018,1,1,1,2,69,10,3,0,0,0,0,-1,9,1
36547,77.19279244,28.61753151,5,3,1,1,2,16:30,92,E08000013,6,0,6,30,3,4,6,0,0,0,1,1,1,0,0,1,2,E01006847,03-10-2018,2,2,1,2,52,8,3,0,0,0,0,-1,9,3
36548,77.35735395,28.59714726,5,2,2,2,4,22:47,92,E08000013,4,5205,6,60,0,-1,-1,0,0,0,4,1,1,0,0,2,1,E01006885,05-10-2018,2,3,2,1,14,3,3,0,0,1,0,-1,9,3
36549,77.29503389,28.57377184,5,3,2,1,4,19:55,92,E08000013,3,58,6,30,3,4,6,0,1,4,4,1,1,0,0,1,1,E01006812,05-10-2018,2,1,1,2,34,6,3,0,0,0,0,-1,9,1
36550,77.17894278,28.54703762,5,3,2,1,6,15:45,92,E08000013,6,0,6,30,3,4,6,0,0,0,1,1,1,0,0,1,2,E01006895,07-10-2018,1,1,1,1,20,4,3,0,0,0,0,-1,3,1
36551,77.07400464,28.60932942,5,3,2,1,7,20:30,92,E08000013,3,580,3,60,6,2,3,599,0,8,4,8,2,0,0,2,1,E01006803,08-10-2018,1,1,1,2,47,8,3,0,0,0,0,-1,9,1
36552,77.12806851,28.66047545,5,3,3,5,6,15:50,92,E08000013,4,5204,3,30,3,4,6,0,0,0,1,1,1,0,0,1,2,E01006895,07-10-2018,1,1,1,1,19,4,3,0,0,0,0,-1,9,1
36553,77.0931852,28.69371698,5,3,2,2,5,20:45,92,E08000013,3,570,1,30,1,4,6,0,0,0,4,1,1,0,0,1,1,E01006912,06-10-2018,2,2,1,2,42,7,3,0,0,0,0,-1,9,2
36554,77.16010667,28.68988815,5,3,2,6,5,18:40,92,E08000013,6,0,6,30,3,4,3,569,0,0,1,1,1,0,0,2,1,E01006898,06-10-2018,2,1,1,1,71,10,1,0,0,0,0,-1,3,1
36555,77.36801296,28.56937389,5,3,2,2,7,18:15,92,E08000013,6,0,6,30,3,4,6,0,0,0,1,1,2,0,0,1,2,E01006900,08-10-2018,2,1,1,2,61,9,3,0,0,0,0,-1,9,2
36556,77.11828892,28.54485585,5,3,2,7,6,18:30,92,E08000013,3,58,3,30,3,2,4,5413,0,5,1,1,1,0,0,1,1,E01006904,07-10-2018,1,1,3,1,20,4,3,5,3,0,0,-1,0,1
36557,77.18179424,28.71157321,5,3,2,2,5,13:20,92,E08000013,3,58,3,40,1,4,3,58,0,0,1,1,1,0,0,1,1,E01006912,13-10-2018,1,1,1,1,57,9,2,0,0,0,0,-1,4,1
36558,77.09911417,28.57220437,5,3,3,1,5,20:30,92,E08000013,3,57,6,30,3,4,6,0,0,0,1,1,1,0,0,1,1,E01006893,13-10-2018,2,1,1,1,36,7,2,0,0,0,0,-1,1,1
36559,77.32661202,28.61228696,5,3,2,1,4,15:20,92,E08000013,6,0,6,30,3,4,6,0,0,0,1,1,2,0,0,1,2,E01006846,12-10-2018,1,1,3,2,61,9,3,9,5,0,0,-1,0,1
36560,77.26992919,28.57540008,5,3,1,1,5,18:30,92,E08000013,6,0,6,30,6,2,3,570,0,5,4,1,1,0,0,1,1,E01006876,13-10-2018,1,1,1,1,16,4,3,0,0,0,0,-1,2,2
36561,77.31081872,28.63518208,5,3,2,2,6,14:05,92,E08000013,6,0,6,30,3,4,6,0,0,0,1,1,1,0,0,1,1,E01006916,14-10-2018,1,1,1,1,34,6,2,0,0,0,0,-1,9,1
36562,77.26708207,28.54983527,5,3,1,2,1,22:17,92,E08000013,6,0,6,30,0,-1,-1,0,0,0,4,1,2,0,0,2,1,E01006853,16-10-2018,2,1,1,2,43,7,3,0,0,0,0,-1,9,2
36563,77.37093435,28.58334823,5,3,2,1,6,23:35,92,E08000013,6,0,3,30,6,2,3,580,0,0,4,1,1,0,0,2,2,E01006851,07-10-2018,1,1,1,1,80,11,3,0,0,0,0,-1,9,3
36564,77.10992095,28.62186659,5,3,3,2,2,20:30,92,E08000013,4,5413,6,30,3,4,6,0,0,0,4,1,1,0,0,1,1,E01006892,17-10-2018,2,2,1,1,60,9,2,0,0,0,0,-1,9,2
36565,77.16606998,28.55870242,5,3,1,1,2,18:20,92,E08000013,6,0,2,30,0,-1,-1,0,0,0,1,1,1,0,0,1,2,E01006904,17-10-2018,2,1,1,1,45,7,3,0,0,0,0,-1,9,1
36566,77.26717315,28.6617693,5,3,2,1,2,19:00,92,E08000013,6,0,6,30,9,4,6,0,0,0,7,1,1,0,0,1,2,E01006881,17-10-2018,2,2,2,2,13,3,3,0,0,2,0,-1,9,2
36567,77.33305549,28.63704483,5,2,1,2,4,14:55,92,E08000013,4,5201,6,60,0,-1,-1,0,0,0,1,1,2,0,0,2,1,E01006825,19-10-2018,2,3,2,1,12,3,3,0,0,1,0,-1,9,2
36568,77.21528611,28.71939835,5,3,3,2,4,15:55,92,E08000013,4,5201,6,60,0,-1,-1,0,0,0,1,1,2,0,0,2,1,E01006828,19-10-2018,1,1,3,1,29,6,1,10,9,0,0,-1,0,1
36569,77.1962659,28.66282935,5,3,2,1,1,19:23,92,E08000013,3,57,6,30,8,4,3,569,0,0,4,1,1,3,0,2,1,E01006898,23-10-2018,1,1,1,1,71,10,1,0,0,0,0,-1,1,1
36570,77.30876107,28.60106235,5,3,1,1,5,15:15,92,E08000013,6,0,6,30,0,-1,-1,0,0,0,1,1,1,0,0,1,2,E01006844,20-10-2018,2,2,1,1,51,8,3,0,0,0,0,-1,1,1
36571,77.27964768,28.69241142,5,3,2,3,1,09:05,92,E08000013,3,58,6,30,3,4,6,0,0,0,1,2,2,0,0,1,1,E01006834,23-10-2018,1,1,1,1,62,9,3,0,0,0,0,-1,9,1
36572,77.13653473,28.5367481,5,3,2,2,2,15:15,92,E08000013,3,570,1,70,1,4,6,0,0,0,1,1,1,0,0,2,1,E01006884,17-10-2018,1,2,2,2,62,9,3,0,0,1,0,-1,9,1
36573,77.16316075,28.63209085,5,3,1,1,2,13:20,92,E08000013,6,0,6,30,7,4,6,0,0,0,1,1,2,0,0,1,2,E01006898,24-10-2018,1,1,1,1,16,4,2,0,0,0,0,-1,2,2
36574,77.33454214,28.6232045,5,3,2,2,5,19:10,92,E08000013,3,580,1,30,1,4,1,6,0,0,1,1,2,0,0,2,2,E01006836,20-10-2018,1,1,1,2,17,4,3,0,0,0,0,-1,9,3
36575,77.0905565,28.69748853,5,3,2,2,2,12:45,92,E08000013,6,0,6,30,3,4,6,0,0,0,1,2,2,7,0,1,1,E01006916,24-10-2018,2,1,1,2,57,9,3,0,0,0,0,-1,9,1
36576,77.26315939,28.61981417,5,3,3,3,4,07:10,92,E08000013,1,6,3,70,0,-1,-1,0,0,0,4,2,2,0,0,2,1,E01006836,19-10-2018,2,1,1,2,64,9,3,0,0,0,0,-1,9,1
36577,77.12079043,28.69575289,5,3,2,4,4,19:30,92,E08000013,6,0,9,30,2,4,6,0,0,0,4,2,2,0,0,1,1,E01006832,19-10-2018,1,1,3,1,76,11,3,8,1,0,0,-1,0,2
36578,77.23210248,28.5448267,5,3,2,2,7,11:10,92,E08000013,6,0,6,30,3,4,6,0,0,0,1,1,2,0,0,1,1,E01006845,22-10-2018,2,1,1,1,50,8,3,0,0,0,0,-1,5,1
36579,77.16219925,28.71010518,5,3,2,1,6,09:15,92,E08000013,6,0,6,30,6,4,6,0,0,0,1,2,2,0,0,1,1,E01006867,21-10-2018,2,1,1,1,21,5,3,0,0,0,0,-1,9,1
36580,77.09601017,28.60455128,5,3,2,2,6,15:30,92,E08000013,6,0,6,30,3,4,6,0,0,0,1,2,2,0,0,1,1,E01006874,21-10-2018,2,1,1,1,57,9,3,0,0,0,0,-1,1,3
36581,77.06290658,28.70847357,5,3,2,2,4,12:00,92,E08000013,6,0,6,30,0,-1,-1,0,0,0,1,5,2,7,0,1,1,E01006845,26-10-2018,1,1,1,1,24,5,3,0,0,0,0,-1,5,-1
36582,77.07195592,28.60931228,5,3,1,2,3,11:45,92,E08000013,3,570,3,70,0,-1,-1,0,0,0,1,2,5,0,0,2,1,E01006885,25-10-2018,1,1,1,2,22,5,3,0,0,0,0,-1,9,1
36583,77.29815781,28.57803058,5,2,1,1,5,18:45,92,E08000013,6,0,6,30,0,-1,-1,0,0,0,4,1,1,0,0,1,1,E01006866,27-10-2018,1,1,1,2,13,3,3,0,0,0,0,-1,1,3
36584,77.32035153,28.62931644,5,3,2,1,1,12:50,92,E08000013,6,0,6,30,0,-1,-1,0,0,0,1,1,1,0,0,1,1,E01006845,23-10-2018,2,2,1,1,47,8,3,0,0,0,0,-1,9,3
36585,77.33493619,28.66502461,5,3,1,1,2,15:00,92,E08000013,3,572,6,30,3,4,6,0,0,8,1,1,2,0,0,1,1,E01006820,24-10-2018,1,1,1,2,24,5,3,0,0,0,0,-1,9,1
36586,77.08536911,28.60604456,5,3,1,1,2,15:55,92,E08000013,6,0,6,30,3,2,6,0,0,4,1,1,1,0,0,1,1,E01006872,10-10-2018,1,2,2,2,17,4,3,0,0,1,0,-1,9,-1
36587,77.28986812,28.58044589,5,3,4,3,4,16:45,92,E08000013,3,580,3,30,6,2,3,58,0,0,1,2,2,0,0,2,1,E01006803,26-10-2018,1,2,2,2,80,11,3,0,0,1,0,-1,9,1
36588,77.06656037,28.54487037,5,3,2,1,5,15:10,92,E08000013,6,0,6,30,3,4,6,0,0,0,1,2,2,0,0,1,2,E01006815,03-11-2018,2,1,1,2,35,6,3,0,0,0,0,-1,9,1
36589,77.2995174,28.60029668,5,2,1,1,4,15:10,92,E08000013,6,0,6,30,9,2,6,0,0,4,1,2,2,0,0,1,1,E01006872,12-10-2018,2,3,2,2,32,6,3,0,0,1,0,-1,9,1
36590,77.32660217,28.6119179,5,2,1,1,7,12:30,92,E08000013,6,0,2,30,0,-1,-1,0,0,0,1,1,1,0,0,1,1,E01006880,29-10-2018,1,1,1,2,19,4,2,0,0,0,0,-1,19,1
36591,77.22637779,28.62371908,5,3,2,1,6,12:00,92,E08000013,6,0,6,30,7,4,6,0,0,0,1,1,2,0,0,1,1,E01006880,28-10-2018,3,2,1,2,33,6,3,0,0,0,0,-1,9,1
36592,77.35530787,28.61917212,5,3,2,1,5,09:15,92,E08000013,6,0,6,60,9,4,6,0,0,0,1,2,2,7,0,2,1,E01006885,03-11-2018,1,1,1,1,35,6,3,0,0,0,0,-1,9,1
36593,77.29082152,28.61248649,5,3,2,2,4,12:45,92,E08000013,6,0,6,30,3,4,6,0,0,0,1,1,1,0,0,1,2,E01006872,02-11-2018,1,3,2,1,17,4,3,0,0,1,0,-1,9,-1
36594,77.2909321,28.56606913,5,2,1,1,5,08:30,92,E08000013,4,5201,6,60,0,-1,-1,0,0,0,1,1,2,0,0,2,1,E01006825,10-11-2018,2,2,1,1,47,8,3,0,0,0,0,-1,10,1
36595,77.23697761,28.64816201,5,3,2,3,7,12:00,92,E08000013,3,58,3,30,6,2,6,0,0,0,1,1,2,0,0,1,1,E01006872,05-11-2018,2,2,2,2,19,4,3,0,0,1,0,-1,9,3
36596,77.09229176,28.64704533,5,2,1,1,2,08:25,92,E08000013,6,0,6,30,7,2,6,0,0,5,1,1,1,0,0,1,2,E01006880,31-10-2018,3,1,1,2,17,4,3,0,0,0,0,-1,9,-1
36597,77.12974298,28.61705679,5,3,2,1,2,07:10,92,E08000013,3,580,3,60,1,4,6,0,0,0,5,1,1,0,0,2,2,E01006841,07-11-2018,2,1,1,2,39,7,3,0,0,0,0,-1,9,1
36598,77.20792281,28.68586262,5,3,2,1,6,17:10,92,E08000013,3,580,3,70,6,2,3,58,0,0,4,5,2,0,0,2,1,E01006803,04-11-2018,3,2,1,2,44,7,3,0,0,0,0,-1,9,1
36599,77.29753582,28.56209355,5,3,2,1,1,14:30,92,E08000013,3,58,6,30,9,4,6,0,0,0,1,1,1,0,0,1,1,E01006829,30-10-2018,3,3,2,1,47,8,3,0,0,1,0,-1,9,1
36600,77.23942299,28.61193735,5,2,2,1,3,17:30,92,E08000013,6,0,6,30,3,4,6,0,0,0,4,1,2,0,0,1,2,E01006904,01-11-2018,1,2,2,2,15,3,3,0,0,2,0,-1,8,1
36601,77.28236639,28.7144273,5,3,2,2,5,22:36,92,E08000013,4,5419,6,30,0,-1,-1,0,0,0,4,5,2,0,0,1,1,E01006898,03-11-2018,2,1,2,2,28,6,3,0,0,2,0,-1,9,1
36602,77.14571031,28.56107726,5,3,2,1,5,20:00,92,E08000013,6,0,6,30,0,-1,-1,0,0,0,4,5,2,0,0,1,2,E01006902,03-11-2018,2,1,2,2,37,7,3,0,0,1,0,-1,9,1
36603,77.34088795,28.54878798,5,3,1,1,3,15:35,92,E08000013,4,5413,6,30,9,4,6,0,0,4,1,2,2,0,0,1,1,E01006904,08-11-2018,2,1,1,2,70,10,3,0,0,0,0,-1,1,-1
36604,77.32508671,28.70889986,5,3,2,1,4,07:05,92,E08000013,3,570,3,70,3,4,6,0,0,0,6,8,1,0,0,2,1,E01006883,09-11-2018,2,1,2,2,89,11,3,0,0,1,0,-1,9,1
36605,77.21196141,28.71420357,5,3,1,1,6,17:30,92,E08000013,3,57,6,30,3,4,6,0,0,0,4,2,2,0,0,1,2,E01006893,11-11-2018,2,1,1,1,44,7,3,0,0,0,0,-1,9,2
36606,77.36325719,28.57545582,5,3,2,2,1,18:15,92,E08000013,3,580,3,60,6,2,3,58,0,0,4,1,1,0,0,2,1,E01006803,13-11-2018,1,1,2,1,16,4,3,0,0,1,0,-1,9,3
36607,77.15665467,28.644103,5,3,2,1,5,16:15,92,E08000013,6,0,6,30,0,-1,-1,0,0,0,1,2,2,0,0,1,2,E01006903,03-11-2018,2,1,2,1,79,11,3,0,0,0,4,-1,11,1
36608,77.23103444,28.53870605,5,2,1,1,7,22:30,92,E08000013,3,570,1,70,1,4,4,5204,0,0,4,2,2,0,0,2,1,E01006912,12-11-2018,1,1,2,1,18,4,3,0,0,2,0,-1,9,3
36609,77.08760328,28.64349158,5,3,3,3,5,20:55,92,E08000013,6,0,6,30,3,4,6,0,0,0,4,2,2,0,0,1,1,E01006888,10-11-2018,1,2,2,1,20,4,3,0,0,1,0,-1,9,3
36610,77.14727812,28.65259746,5,3,2,2,7,16:40,92,E08000013,6,0,6,30,3,4,6,0,0,0,4,2,2,0,0,2,1,E01006898,05-11-2018,1,3,2,1,18,4,3,0,0,2,0,-1,9,3
36611,77.11542501,28.66865995,5,3,2,1,5,14:00,92,E08000013,6,0,6,30,3,4,6,0,0,0,1,1,2,0,0,1,1,E01006860,10-11-2018,1,1,3,1,15,3,3,10,9,0,0,-1,0,3
36612,77.08722985,28.55012896,5,3,2,1,3,12:25,92,E08000013,3,571,6,30,3,4,6,0,0,0,1,2,2,0,0,2,2,E01006807,08-11-2018,1,2,2,2,79,11,3,0,0,1,0,-1,9,2
36613,77.255283,28.57500521,5,3,2,1,4,08:40,92,E08000013,6,0,6,30,0,-1,-1,0,0,0,1,1,2,0,0,2,1,E01006807,16-11-2018,3,1,1,1,44,7,3,0,0,0,0,-1,9,3
36614,77.27191341,28.56492285,5,2,1,1,3,12:05,92,E08000013,3,572,6,30,3,4,6,0,0,4,1,2,2,0,0,1,1,E01006872,08-11-2018,2,1,1,1,13,3,3,0,0,0,0,-1,1,1
36615,77.1195376,28.6015272,5,3,2,1,6,09:00,92,E08000013,6,0,1,30,1,4,6,0,0,0,1,1,4,0,0,1,2,E01006845,18-11-2018,2,1,1,1,59,9,3,0,0,0,0,-1,8,1
36616,77.10443345,28.67392745,5,3,1,1,1,00:30,92,E08000013,3,570,6,30,6,2,3,5059,0,5,4,7,2,0,0,1,1,E01006877,20-11-2018,1,1,1,1,16,4,3,0,0,0,0,-1,2,3
36617,77.31208445,28.66161453,5,3,2,1,3,18:00,92,E08000013,6,0,6,30,3,2,3,58,0,0,4,1,2,0,0,1,1,E01006812,22-11-2018,2,1,1,2,45,7,3,0,0,0,0,-1,9,1
36618,77.29579039,28.68691216,5,3,2,2,2,20:55,92,E08000013,3,572,6,30,3,4,6,0,0,0,4,7,2,0,0,1,1,E01006864,21-11-2018,2,2,2,1,8,2,3,0,0,1,0,-1,9,1
36619,77.06705662,28.69228875,5,3,2,1,7,13:50,92,E08000013,3,599,6,30,0,-1,-1,0,0,0,1,8,2,0,0,1,2,E01006838,26-11-2018,1,1,1,2,81,11,3,0,0,0,0,-1,9,1
36620,77.34284538,28.64893721,5,3,2,1,5,11:00,92,E08000013,6,0,9,20,0,-1,-1,0,0,0,1,4,2,0,0,1,2,E01006912,24-11-2018,2,2,1,1,52,8,3,0,0,0,0,-1,8,1
36621,77.27380107,28.55418302,5,3,1,1,3,09:10,92,E08000013,6,0,6,30,6,4,6,0,1,0,1,8,1,0,0,1,2,E01006864,22-11-2018,2,1,1,2,37,7,3,0,0,0,0,-1,9,3
36622,77.06253496,28.58332373,5,3,1,1,5,12:45,92,E08000013,3,571,6,30,6,4,6,0,0,0,1,1,1,0,0,2,1,E01006912,24-11-2018,2,1,1,2,44,7,3,0,0,0,0,-1,9,3
36623,77.10680144,28.58671059,5,3,3,1,5,21:10,92,E08000013,1,62,3,70,0,-1,-1,0,0,0,6,1,1,0,0,2,1,E01006891,24-11-2018,2,1,1,1,44,7,3,0,0,0,0,-1,9,1
36624,77.20221007,28.59000074,5,3,2,1,6,01:30,92,E08000013,6,0,6,30,3,4,6,0,0,0,4,1,1,0,0,1,1,E01006874,25-11-2018,1,1,1,2,70,10,3,0,0,0,0,-1,9,2
36625,77.25964735,28.66779259,5,3,2,1,3,17:21,92,E08000013,1,6,7,30,0,-1,-1,0,0,0,4,1,4,0,0,2,1,E01006836,22-11-2018,1,1,1,2,41,7,3,0,0,0,0,-1,9,2
36626,77.26534205,28.53989035,5,3,2,2,2,09:20,92,E08000013,3,58,3,40,0,-1,-1,0,0,4,1,3,2,0,2,1,1,E01006912,28-11-2018,1,1,1,1,21,5,3,0,0,0,0,-1,9,1
36627,77.1407324,28.623303,5,3,3,1,4,16:50,92,E08000013,3,570,6,30,0,-1,-1,0,0,0,4,1,2,0,0,1,1,E01006917,30-11-2018,1,1,1,1,21,5,3,0,0,0,0,-1,9,1
36628,77.1311695,28.58324707,5,2,1,1,5,10:30,92,E08000013,3,49,6,30,3,4,6,0,0,1,1,1,2,0,0,1,1,E01006859,01-12-2018,1,2,2,1,22,5,3,0,0,1,0,-1,9,1
36629,77.16450912,28.64221124,5,3,2,2,7,14:00,92,E08000013,3,58,1,30,1,4,3,58,0,0,1,1,2,0,0,1,2,E01006912,03-12-2018,2,1,1,1,36,7,3,0,0,0,0,-1,19,2
36630,77.1398967,28.61885449,5,3,2,1,7,17:40,92,E08000013,3,58,3,30,3,4,6,0,0,5,4,2,2,0,0,1,1,E01006834,03-12-2018,2,1,1,2,48,8,3,0,0,0,0,-1,16,1
36631,77.27087391,28.68190518,5,3,2,1,5,04:45,92,E08000013,6,0,6,30,6,2,6,0,0,0,4,1,1,0,0,1,1,E01006912,01-12-2018,2,1,1,2,20,4,3,0,0,0,0,-1,9,1
36632,77.32222246,28.53968261,5,3,2,5,3,07:30,92,E08000013,3,58,6,30,0,-1,-1,0,0,0,1,1,2,0,0,1,1,E01006815,06-12-2018,2,2,2,1,20,4,3,0,0,1,0,-1,9,1
36633,77.23246954,28.56840384,5,3,2,1,1,22:00,92,E08000013,3,570,1,30,1,4,4,5204,0,0,4,2,2,0,0,2,2,E01006913,04-12-2018,2,1,1,1,29,6,3,0,0,0,0,-1,19,1
36634,77.2658542,28.53484925,5,3,3,2,3,21:30,92,E08000013,6,0,6,30,6,2,6,0,0,4,4,1,2,0,0,1,1,E01006906,06-12-2018,1,1,1,1,19,4,3,0,0,0,0,-1,9,2
36635,77.36186211,28.63160992,5,2,1,1,7,15:30,92,E08000013,6,0,6,30,0,-1,-1,0,0,0,1,1,2,0,0,1,1,E01006881,10-12-2018,1,1,1,1,20,4,3,0,0,0,0,-1,19,3
36636,77.19905002,28.68661039,5,3,2,1,2,18:25,92,E08000013,3,570,3,60,9,4,6,0,0,0,6,8,2,0,0,2,2,E01006883,07-11-2018,2,2,1,2,38,7,3,0,0,0,0,-1,9,-1
36637,77.28567456,28.67098376,5,3,2,1,7,18:30,92,E08000013,3,49,6,60,1,4,3,580,0,0,4,2,2,0,0,2,1,E01006836,03-12-2018,2,3,2,2,12,3,3,0,0,1,0,-1,9,-1
36638,77.33186766,28.681022,5,3,1,1,3,19:00,92,E08000013,3,571,6,30,9,4,6,0,0,0,4,1,1,0,0,1,1,E01006853,06-12-2018,2,4,2,2,8,2,3,0,0,2,0,-1,9,-1
36639,77.25670238,28.72837487,5,3,2,1,4,18:00,92,E08000013,6,0,6,30,3,4,3,599,0,0,1,1,1,0,0,1,1,E01006838,12-10-2018,2,1,1,2,47,8,3,0,0,0,0,-1,9,1
36640,77.15288967,28.58589485,5,3,3,2,2,14:50,92,E08000013,3,571,6,30,3,4,6,0,0,0,1,2,2,0,0,1,1,E01006877,05-12-2018,1,1,2,2,49,8,3,0,0,1,0,-1,9,1
36641,77.25573786,28.67800195,5,2,1,1,5,16:25,92,E08000013,3,571,6,30,3,4,6,0,0,0,4,1,1,0,0,2,1,E01006802,15-12-2018,1,1,1,1,18,4,3,0,0,0,0,-1,9,2
36642,77.35101313,28.60464983,5,3,2,1,7,09:35,92,E08000013,6,0,6,30,6,4,6,0,0,0,1,1,1,0,0,1,2,E01006846,17-12-2018,1,2,2,2,18,4,3,0,0,1,0,-1,9,1
36643,77.13443304,28.65728614,5,3,2,3,5,16:05,92,E08000013,4,5204,3,30,1,4,3,570,0,0,1,1,1,0,0,2,1,E01006913,15-12-2018,1,1,2,1,17,4,3,0,0,1,0,-1,9,1
36644,77.11491964,28.55342656,5,3,2,2,4,23:30,92,E08000013,6,0,6,30,3,4,6,0,0,0,4,8,2,0,0,1,1,E01006864,14-12-2018,1,2,2,2,19,4,3,0,0,2,0,-1,9,3
36645,77.12656761,28.70327203,5,3,3,1,4,17:20,92,E08000013,3,49,3,60,1,4,3,49,0,5,4,1,2,0,0,2,1,E01006836,14-12-2018,2,1,1,1,50,8,3,0,0,0,0,-1,1,1
36646,77.21309291,28.69297671,5,3,1,2,1,14:25,92,E08000013,1,6,3,70,0,-1,-1,0,0,0,1,1,1,4,0,2,1,E01006859,18-09-2018,2,1,1,1,80,11,3,0,0,0,0,-1,9,1
36647,77.25557908,28.56255989,5,3,2,1,6,17:15,92,E08000013,3,580,3,60,6,2,3,570,0,0,4,7,2,4,0,1,2,E01006914,02-12-2018,1,1,1,1,76,11,3,0,0,0,0,-1,9,1
36648,77.33758821,28.66753011,5,3,3,3,4,17:30,92,E08000013,3,580,3,60,6,2,3,58,0,0,4,1,2,0,0,2,1,E01006803,07-12-2018,1,2,2,2,76,11,2,0,0,1,0,-1,9,1
36649,77.33784386,28.67905025,5,3,2,1,5,10:30,90,E08000011,3,57,6,30,3,4,4,5201,0,0,1,1,1,4,0,1,2,E01006499,08-12-2018,2,1,1,1,37,7,3,0,0,0,0,-1,2,1
36650,77.26840029,28.54198887,5,3,4,5,6,21:28,92,E08000013,3,580,3,60,6,2,3,58,0,5,4,2,2,0,0,2,1,E01006803,09-12-2018,1,2,2,1,18,4,3,0,0,1,0,-1,9,1
36651,77.07676044,28.67659191,5,3,2,2,6,16:55,92,E08000013,3,580,3,60,6,2,3,570,0,0,4,1,1,0,0,1,1,E01006914,09-12-2018,3,1,1,2,22,5,3,0,0,0,0,-1,9,3
36652,77.31558153,28.58144251,5,3,2,1,2,14:25,92,E08000013,3,58,3,30,0,-1,-1,0,0,5,1,1,1,0,0,1,1,E01006832,12-12-2018,1,1,1,2,62,9,3,0,0,0,0,-1,1,1
36653,77.29328063,28.58451279,5,3,3,1,1,00:15,92,E08000013,6,0,6,30,0,-1,-1,0,0,0,4,1,1,0,0,1,1,E01006910,11-12-2018,2,1,1,1,41,7,3,0,0,0,0,-1,1,3
36654,77.25503367,28.7130477,5,3,2,1,7,11:30,92,E08000013,6,0,6,30,0,-1,-1,0,0,0,1,1,1,0,0,1,2,E01006872,17-12-2018,2,1,1,2,48,8,3,0,0,0,0,-1,9,1
36655,77.08896284,28.54333091,5,3,2,1,5,19:00,92,E08000013,3,49,6,40,0,-1,-1,0,0,0,4,1,2,0,0,1,2,E01006868,22-12-2018,2,2,2,1,22,5,3,0,0,1,0,-1,9,1