Accident_Index,longitude,latitude,Police_Force,Accident_Severity,Number_of_Vehicles,Number_of_Casualties,Day_of_Week,Time,Local_Authority_(District),Local_Authority_(Highway),1st_Road_Class,1st_Road_Number,Road_Type,Speed_limit,Junction_Detail,Junction_Control,2nd_Road_Class,2nd_Road_Number,Pedestrian_Crossing-Human_Control,Pedestrian_Crossing-Physical_Facilities,Light_Conditions,Weather_Conditions,Road_Surface_Conditions,Special_Conditions_at_Site,Carriageway_Hazards,Urban_or_Rural_Area,Did_Police_Officer_Attend_Scene_of_Accident,LSOA_of_Accident_Location,Date,Vehicle_Reference,Casualty_Reference,Casualty_Class,Sex_of_Casualty,Age_of_Casualty,Age_Band_of_Casualty,Casualty_Severity,Pedestrian_Location,Pedestrian_Movement,Car_Passenger,Bus_or_Coach_Passenger,Pedestrian_Road_Maintenance_Worker,Casualty_Type,Casualty_Home_Area_Type
36656,77.33961177,28.54067609,5,3,2,2,5,16:30,92,E08000013,3,570,2,30,7,4,3,570,0,0,4,1,1,0,0,1,2,E01006876,22-12-2018,1,1,1,1,24,5,3,0,0,0,0,-1,9,2
36657,77.08309757,28.55455154,5,3,1,1,6,14:10,92,E08000013,6,0,6,30,6,4,6,0,0,0,1,1,2,0,0,1,2,E01006878,16-12-2018,2,2,2,2,31,6,3,0,0,1,0,-1,9,1
36658,77.26833954,28.69511252,5,3,2,1,6,19:00,92,E08000013,3,572,6,30,3,4,6,0,0,0,4,2,2,0,0,1,2,E01006816,23-12-2018,2,1,1,1,31,6,3,0,0,0,0,-1,3,1
36659,77.09307919,28.69216988,5,3,2,3,6,16:10,92,E08000013,6,0,2,30,6,4,6,0,0,0,4,2,2,0,0,1,1,E01006878,23-12-2018,2,1,2,2,17,4,3,0,0,1,0,-1,9,1
36660,77.22269069,28.55727493,5,3,2,3,3,18:20,92,E08000013,3,58,3,30,3,2,6,0,0,5,4,1,2,0,0,1,1,E01006873,20-12-2018,2,1,1,1,24,5,3,0,0,0,0,-1,3,1
36661,77.09002507,28.56946815,5,3,2,1,5,18:45,92,E08000013,3,569,6,30,6,4,6,0,0,0,4,1,1,0,0,1,1,E01006908,22-12-2018,2,1,1,2,34,6,3,0,0,0,0,-1,9,2
36662,77.22188872,28.71707406,5,3,2,1,5,16:00,92,E08000013,6,0,6,30,3,4,6,0,0,0,4,1,1,0,0,1,2,E01006877,01-12-2018,1,1,1,1,18,4,3,0,0,0,0,-1,9,1
36663,77.28956853,28.53318848,5,3,4,2,1,16:35,92,E08000013,4,5201,6,30,3,4,6,0,0,0,5,1,1,0,0,1,1,E01006914,18-12-2018,2,1,2,2,39,7,3,0,0,1,0,-1,9,3
36664,77.21891257,28.55779105,5,3,2,1,6,18:00,92,E08000013,6,0,6,30,3,4,3,58,0,0,4,8,2,0,0,1,2,E01006815,23-12-2018,2,1,1,1,51,8,2,0,0,0,0,-1,5,1
36665,77.1771996,28.67148329,5,3,1,1,6,13:00,92,E08000013,6,0,6,30,3,4,6,0,0,0,1,1,1,0,0,1,1,E01006909,23-12-2018,2,1,1,1,18,4,3,0,0,0,0,-1,1,1
36666,77.29107687,28.63453068,5,3,2,1,7,15:20,92,E08000013,6,0,6,30,6,4,6,0,0,0,1,1,1,0,0,1,1,E01006845,31-12-2018,2,1,1,2,41,7,3,0,0,0,0,-1,9,1
36667,77.07300244,28.6864128,5,2,1,1,3,13:35,92,E08000013,6,0,6,30,0,-1,-1,0,0,0,1,1,2,0,0,1,1,E01006820,27-12-2018,2,1,1,1,38,7,3,0,0,0,0,-1,19,1
36668,77.05905054,28.53432641,5,3,2,1,2,17:13,92,E08000013,3,599,6,30,6,4,6,0,0,0,4,1,1,0,0,1,1,E01006838,26-12-2018,2,2,2,1,18,4,3,0,0,1,0,-1,19,1
36669,77.06596732,28.5786502,5,3,1,2,3,04:00,92,E08000013,3,58,6,30,3,4,6,0,0,8,1,3,2,0,0,1,1,E01006835,27-12-2018,1,1,3,1,71,10,3,10,1,0,0,-1,0,1
36670,77.12201057,28.53881037,5,3,2,1,2,09:35,92,E08000013,5,0,6,30,3,4,5,0,0,0,1,1,2,0,0,1,1,E01006875,03-01-2018,1,1,1,1,18,4,3,0,0,0,0,-1,2,1
36671,77.2089261,28.68994953,5,3,2,1,5,14:00,92,E08000013,4,5207,6,30,6,4,5,0,0,0,1,1,2,0,0,2,1,E01006805,06-01-2018,1,1,1,2,28,6,3,0,0,0,0,-1,9,3
36672,77.15160486,28.59609083,5,3,2,2,5,00:17,92,E08000013,6,0,2,30,9,4,6,0,0,0,6,1,1,0,0,1,1,E01006834,06-01-2018,2,1,1,2,21,5,3,0,0,0,0,-1,9,1
36673,77.21166809,28.69708369,5,3,1,1,1,21:30,92,E08000013,6,0,6,30,3,4,6,0,0,0,4,1,1,0,0,1,2,E01006830,09-01-2018,1,1,1,1,57,9,3,0,0,0,0,-1,9,1
36674,77.06847671,28.62703935,5,2,2,1,6,16:35,92,E08000013,5,0,1,30,2,4,5,0,0,8,4,5,2,0,0,1,1,E01006864,07-01-2018,1,1,3,2,9,2,3,5,4,0,0,-1,0,1
36675,77.26428675,28.71394618,5,2,2,1,6,10:30,92,E08000013,3,571,6,30,3,4,6,0,0,0,1,2,2,0,0,1,1,E01006853,07-01-2018,1,1,3,2,7,2,3,5,9,0,0,-1,0,1
36676,77.10127031,28.71096372,5,3,1,1,7,01:00,92,E08000013,3,571,6,30,0,-1,-1,0,0,0,4,5,2,0,0,2,2,E01006802,08-01-2018,1,1,1,2,20,4,3,0,0,0,0,-1,9,-1
36677,77.23408164,28.66931195,5,3,2,1,4,16:35,92,E08000013,3,58,1,30,1,4,3,570,0,0,1,1,1,0,0,1,2,E01006877,12-01-2018,2,2,1,1,35,6,3,0,0,0,0,-1,9,1
36678,77.14615839,28.7247735,5,3,2,1,5,13:09,92,E08000013,1,62,3,70,0,-1,-1,0,0,0,1,1,1,0,1,2,1,E01006891,13-01-2018,2,3,2,1,7,2,3,0,0,2,0,-1,9,1
36679,77.26286864,28.55263867,5,3,2,5,7,16:45,92,E08000013,5,0,6,30,0,-1,-1,0,0,0,4,1,2,0,0,1,2,E01006895,15-01-2018,2,4,2,1,8,2,3,0,0,2,0,-1,9,1
36680,77.22972998,28.70880806,5,3,1,1,6,09:20,92,E08000013,6,0,6,30,3,4,6,0,0,0,1,1,2,0,0,1,1,E01006863,14-01-2018,2,5,2,2,10,2,3,0,0,2,0,-1,9,1
36681,77.30890941,28.71770148,5,3,2,1,2,15:45,92,E08000013,3,570,6,30,3,4,6,0,0,1,1,1,2,0,0,1,2,E01006916,17-01-2018,2,6,2,2,10,2,3,0,0,2,0,-1,9,1
36682,77.07543559,28.54162346,5,3,3,3,3,17:20,92,E08000013,3,570,3,60,0,-1,-1,0,0,0,6,2,2,0,0,2,2,E01006912,18-01-2018,2,7,2,2,33,6,3,0,0,1,0,-1,9,1
36683,77.23859283,28.60785124,5,3,1,1,2,20:45,90,E08000011,3,57,2,30,3,4,6,0,0,0,4,2,2,0,0,1,1,E01006463,17-01-2018,1,1,1,1,18,4,3,0,0,0,0,-1,3,1
36684,77.17673516,28.72784821,5,3,1,1,2,08:20,92,E08000013,6,0,6,30,3,2,3,58,0,0,1,5,2,0,0,1,1,E01006832,17-01-2018,1,1,3,2,14,3,3,5,3,0,0,-1,0,1
36685,77.27720785,28.54060464,5,3,2,2,7,12:15,92,E08000013,5,0,6,60,0,-1,-1,0,0,0,1,1,2,7,0,2,1,E01006886,15-01-2018,1,1,1,-1,11,3,3,0,0,0,0,-1,1,1
36686,77.22773431,28.54143314,5,3,2,2,2,10:50,92,E08000013,6,0,6,30,6,2,3,58,0,0,1,2,2,0,0,1,2,E01006873,17-01-2018,2,2,1,2,11,3,3,0,0,0,0,-1,1,1
36687,77.07802946,28.5484747,5,3,3,1,3,16:40,92,E08000013,6,0,6,30,1,4,3,570,0,0,4,2,2,0,0,1,2,E01006912,18-01-2018,1,1,1,1,37,7,3,0,0,0,0,-1,8,1
36688,77.24824872,28.60127956,5,3,2,2,5,08:30,92,E08000013,3,570,6,30,6,2,3,570,0,0,1,5,2,0,0,1,2,E01006876,20-01-2018,2,1,1,2,71,10,3,0,0,0,0,-1,9,1
36689,77.24833475,28.69954791,5,3,1,1,3,19:00,92,E08000013,6,0,6,30,0,-1,-1,0,0,0,4,5,2,0,0,1,1,E01006844,18-01-2018,1,1,1,1,77,11,3,0,0,0,0,-1,9,1
36690,77.09786149,28.5955251,5,3,2,2,3,10:00,92,E08000013,3,5059,6,30,6,4,6,0,0,4,1,3,2,0,0,1,1,E01006877,18-01-2018,2,2,1,1,37,7,3,0,0,0,0,-1,9,1
36691,77.26032318,28.62591912,5,3,2,2,3,08:30,92,E08000013,3,58,6,30,3,4,6,0,0,0,1,8,4,0,0,1,1,E01006873,18-01-2018,2,3,2,2,1,1,3,0,0,1,0,-1,9,1
36692,77.28647652,28.66772556,5,3,2,1,6,19:35,92,E08000013,3,571,6,30,2,4,6,0,0,0,4,1,2,0,0,1,2,E01006853,21-01-2018,2,4,2,2,7,2,3,0,0,2,0,-1,9,1
36693,77.25685561,28.60882065,5,3,2,1,6,18:00,92,E08000013,6,0,6,30,3,4,6,0,0,0,4,1,1,0,0,1,2,E01006832,28-01-2018,2,5,2,2,5,1,3,0,0,2,0,-1,9,1
36694,77.28896269,28.70236136,5,3,1,1,6,09:30,92,E08000013,5,0,6,30,6,4,6,0,0,0,1,1,1,0,0,1,1,E01006872,28-01-2018,2,1,1,2,18,4,3,0,0,0,0,-1,9,1
36695,77.33551774,28.63705766,5,3,3,1,2,09:40,92,E08000013,3,570,6,30,3,4,6,0,0,0,1,1,2,0,0,1,2,E01006917,24-01-2018,2,1,1,1,40,7,3,0,0,0,0,-1,9,1
36696,77.36279899,28.66953263,5,3,2,1,3,14:00,90,E08000011,3,580,6,60,7,2,3,5208,0,0,1,1,1,0,0,2,2,E01006416,25-01-2018,2,2,2,2,70,10,3,0,0,1,0,-1,9,1
36697,77.09055462,28.65308636,5,3,2,2,2,16:35,92,E08000013,5,0,6,30,3,4,3,580,0,0,1,2,2,0,0,1,2,E01006840,17-01-2018,2,1,1,2,55,8,3,0,0,0,0,-1,1,1
36698,77.33654322,28.55429337,5,3,1,1,5,23:40,92,E08000013,3,58,1,40,1,4,3,58,0,0,4,2,2,6,0,1,1,E01006912,27-01-2018,1,1,3,2,5,1,2,5,2,0,0,-1,0,-1
36699,77.31752074,28.70621069,5,3,2,1,5,16:45,92,E08000013,3,580,3,70,0,-1,-1,0,0,0,4,2,2,0,0,2,1,E01006825,20-01-2018,1,1,1,1,24,5,3,0,0,0,0,-1,9,1
36700,77.1025012,28.56070001,5,2,1,1,7,18:00,92,E08000013,3,599,6,30,3,4,6,0,0,4,4,1,1,0,0,1,1,E01006839,29-01-2018,2,1,1,1,51,8,3,0,0,0,0,-1,5,1
36701,77.34923813,28.70702825,5,3,2,1,6,10:45,92,E08000013,4,5204,6,30,3,4,5,0,0,5,1,1,1,0,0,1,1,E01006913,28-01-2018,2,2,2,2,56,9,3,0,0,2,0,-1,5,1
36702,77.18359811,28.61767453,5,3,2,1,2,20:45,92,E08000013,3,57,6,30,3,4,3,569,0,0,4,1,1,0,0,2,2,E01006898,31-01-2018,2,1,1,1,22,5,3,0,0,0,0,-1,9,1
36703,77.24474263,28.57548644,5,3,1,1,3,15:00,92,E08000013,5,0,6,30,3,2,3,572,0,5,1,1,1,0,0,1,1,E01006864,25-01-2018,2,1,1,1,31,6,3,0,0,0,0,-1,1,-1
36704,77.25793188,28.59408177,5,3,2,3,3,09:12,92,E08000013,3,570,3,70,3,4,4,5203,0,0,1,1,2,0,0,2,1,E01006883,01-02-2018,1,1,3,2,11,3,3,5,1,0,0,-1,0,1
36705,77.18674439,28.60180384,5,3,2,1,6,09:00,92,E08000013,6,0,6,30,3,4,3,572,0,0,1,1,1,4,2,1,2,E01006874,04-02-2018,1,1,1,2,59,9,3,0,0,0,0,-1,9,3
36706,77.35356673,28.61320316,5,3,2,1,6,11:40,92,E08000013,4,5204,3,30,3,4,6,0,0,0,1,1,1,0,0,1,1,E01006900,04-02-2018,2,2,1,1,74,10,3,0,0,0,0,-1,1,1
36707,77.16252514,28.6834609,5,2,1,2,7,19:40,92,E08000013,5,0,6,30,3,4,6,0,0,0,4,1,1,0,0,1,1,E01006896,05-02-2018,1,1,1,1,67,10,3,0,0,0,0,-1,1,1
36708,77.30531547,28.53782922,5,3,2,3,5,01:25,92,E08000013,5,0,6,40,7,2,3,58,0,0,4,2,2,0,0,1,2,E01006832,10-02-2018,2,2,1,1,37,7,3,0,0,0,0,-1,9,1
36709,77.28932496,28.70385568,5,3,1,1,1,11:35,92,E08000013,3,569,1,30,1,4,4,5419,0,0,1,1,2,6,0,1,1,E01006911,06-02-2018,1,1,3,1,24,5,3,5,3,0,0,-1,0,-1
36710,77.32549927,28.72118244,5,3,3,5,3,08:45,92,E08000013,3,58,6,30,3,2,5,0,0,8,1,1,2,0,0,1,1,E01006835,08-02-2018,1,1,1,2,79,11,1,0,0,0,0,-1,90,-1
36711,77.08403085,28.62129763,5,3,2,1,2,12:45,92,E08000013,5,0,6,30,0,-1,-1,0,0,0,1,1,2,4,0,1,2,E01006834,07-02-2018,2,1,1,1,43,7,3,0,0,0,0,-1,9,1
36712,77.10719283,28.68538952,5,3,2,1,1,16:30,92,E08000013,3,570,3,70,1,2,3,57,0,0,1,9,1,0,0,2,2,E01006889,30-01-2018,1,1,3,1,19,4,3,5,2,0,0,-1,0,1
36713,77.20054109,28.64764134,5,3,2,2,6,19:10,92,E08000013,1,62,3,70,0,-1,-1,0,0,0,6,2,5,0,0,2,1,E01006889,11-02-2018,2,1,1,2,24,5,3,0,0,0,0,-1,9,1
36714,77.35166324,28.56263076,5,3,2,2,2,18:30,92,E08000013,5,0,1,30,1,4,6,0,0,0,4,1,1,0,0,1,2,E01006912,07-02-2018,1,1,1,1,36,7,3,0,0,0,0,-1,21,1
36715,77.18274166,28.55433163,5,3,2,1,4,18:10,92,E08000013,3,570,3,70,0,-1,-1,0,0,0,4,2,2,0,0,1,1,E01006883,09-02-2018,2,1,1,1,51,8,3,0,0,0,0,-1,1,1
36716,77.25538113,28.71802314,5,3,2,1,6,08:40,92,E08000013,3,599,6,30,0,-1,-1,0,0,0,1,1,1,0,0,1,2,E01006836,28-01-2018,1,1,3,1,20,4,3,9,9,0,0,-1,0,1
36717,77.21543595,28.56665451,5,3,1,1,3,20:15,92,E08000013,6,0,6,30,3,4,3,572,0,5,4,1,1,0,0,1,2,E01006869,08-02-2018,2,1,1,1,30,6,3,0,0,0,0,-1,1,1
36718,77.08946856,28.59804455,5,3,2,1,3,08:55,92,E08000013,5,0,6,30,6,4,6,0,0,0,1,1,1,0,0,1,2,E01006822,08-02-2018,2,1,1,1,33,6,3,0,0,0,0,-1,9,1
36719,77.22756007,28.62954772,5,3,2,1,6,15:45,92,E08000013,3,571,6,30,3,2,3,580,0,0,1,2,2,0,0,1,2,E01006849,11-02-2018,2,1,1,1,36,7,3,0,0,0,0,-1,3,1
36720,77.24523044,28.68896997,5,2,6,3,4,19:03,92,E08000013,1,6,3,70,5,4,3,580,0,0,4,4,2,0,0,2,1,E01006836,26-01-2018,2,1,1,1,19,4,3,0,0,0,0,-1,9,1
36721,77.26109383,28.68057218,5,3,1,1,7,17:25,92,E08000013,1,6,3,70,0,-1,-1,0,0,0,1,1,1,0,0,2,1,E01006859,05-02-2018,2,2,2,2,20,4,3,0,0,1,0,-1,9,1
36722,77.18940791,28.54587439,5,3,2,1,4,07:00,92,E08000013,3,569,6,40,0,-1,-1,0,0,0,1,1,1,0,0,2,1,E01006912,02-02-2018,2,1,1,1,13,3,3,0,0,0,0,-1,1,1
36723,77.35900544,28.69260106,5,2,1,1,6,15:45,92,E08000013,6,0,6,20,3,4,5,0,0,0,1,1,1,0,2,1,1,E01006858,04-02-2018,2,1,1,2,47,8,3,0,0,0,0,-1,1,1
36724,77.15873361,28.62071445,5,3,3,3,5,06:00,92,E08000013,3,580,3,60,3,2,6,0,0,1,4,1,1,0,0,1,1,E01006850,03-02-2018,1,1,1,1,35,6,3,0,0,0,0,-1,9,2
36725,77.24921464,28.53629906,5,3,3,6,7,00:30,92,E08000013,3,58,3,30,0,-1,-1,0,0,0,4,1,2,0,0,1,1,E01006832,12-02-2018,1,1,1,1,71,10,3,0,0,0,0,-1,9,1
36726,77.36067962,28.65294844,5,3,2,1,7,15:45,92,E08000013,3,571,6,30,3,4,6,0,0,0,1,1,1,0,0,1,2,E01006877,19-02-2018,1,1,1,1,19,4,3,0,0,0,0,-1,9,1
36727,77.34587128,28.55591927,5,3,1,1,5,19:30,92,E08000013,6,0,6,30,0,-1,-1,0,0,0,4,9,1,0,0,2,2,E01006853,17-02-2018,2,1,1,1,37,7,3,0,0,0,0,-1,5,1
36728,77.19642914,28.54269994,5,3,2,1,5,19:40,92,E08000013,6,0,6,30,6,4,6,0,0,0,4,1,2,0,0,1,1,E01006863,24-02-2018,2,1,1,1,36,7,3,0,0,0,0,-1,5,1
36729,77.26296485,28.5959039,5,2,2,3,4,07:10,92,E08000013,3,570,3,70,0,-1,-1,0,0,0,1,1,4,0,0,2,1,E01006885,23-02-2018,2,2,2,1,16,4,3,0,0,2,0,-1,5,1
36730,77.07516447,28.6731799,5,3,2,1,5,09:05,92,E08000013,6,0,6,30,0,-1,-1,0,0,0,1,1,1,0,0,2,2,E01006856,17-02-2018,1,1,2,1,33,6,3,0,0,1,0,-1,9,1
36731,77.31159863,28.5662826,5,3,1,1,6,21:50,92,E08000013,6,0,6,30,9,4,6,0,0,0,4,1,2,0,0,1,2,E01006822,25-02-2018,1,1,1,1,17,4,2,0,0,0,0,-1,1,-1
36732,77.36826117,28.64955351,5,3,2,1,3,08:45,92,E08000013,3,58,3,30,0,-1,-1,0,0,0,1,1,2,0,0,1,2,E01006880,22-02-2018,1,1,3,2,11,3,3,5,2,0,0,-1,0,-1
36733,77.24841232,28.68307289,5,3,2,2,2,09:40,92,E08000013,6,0,6,30,7,4,6,0,0,0,1,3,2,0,0,1,2,E01006872,28-02-2018,1,1,2,2,81,11,3,0,0,1,0,-1,9,-1
36734,77.08978247,28.68047938,5,3,2,1,6,16:30,92,E08000013,1,6,3,70,0,-1,-1,0,0,0,1,1,1,2,2,2,1,E01006859,11-02-2018,2,1,1,2,44,7,3,0,0,0,0,-1,9,1
36735,77.19935557,28.66290457,5,3,1,1,3,16:00,92,E08000013,5,0,6,30,0,-1,-1,0,0,0,1,1,1,0,0,1,1,E01006860,22-02-2018,2,1,1,2,49,8,3,0,0,0,0,-1,9,1
36736,77.18873798,28.63723707,5,3,2,2,7,02:30,92,E08000013,3,580,3,60,7,2,3,49,0,0,4,1,1,0,0,2,1,E01006836,26-02-2018,2,1,1,1,34,6,2,0,0,0,0,-1,9,1
36737,77.07691619,28.61000128,5,3,2,1,6,09:05,92,E08000013,4,5201,6,60,0,-1,-1,0,0,0,1,1,2,3,0,2,1,E01006885,25-02-2018,2,2,2,1,-1,-1,3,0,0,1,0,-1,9,-1
36738,77.09489499,28.57358084,5,3,2,1,3,15:55,92,E08000013,3,569,6,30,3,2,5,0,0,5,1,1,1,0,0,1,1,E01006909,01-03-2018,1,1,2,1,32,6,3,0,0,2,0,-1,9,1
36739,77.13773561,28.70635969,5,3,2,2,3,07:55,92,E08000013,5,0,6,30,3,4,6,0,0,0,1,1,2,0,0,1,1,E01006840,01-03-2018,2,1,1,1,74,10,3,0,0,0,0,-1,3,1
36740,77.33595118,28.59632411,5,3,2,1,1,12:30,92,E08000013,6,0,6,20,0,-1,-1,0,0,0,1,1,1,0,0,1,2,E01006857,27-02-2018,2,2,2,2,73,10,3,0,0,2,0,-1,3,1
36741,77.08252024,28.72527689,5,3,2,1,5,16:10,92,E08000013,3,571,6,30,3,4,6,0,0,0,1,1,1,0,0,2,2,E01006807,03-03-2018,2,1,2,1,29,6,3,0,0,2,0,-1,9,1
36742,77.19915926,28.69517011,5,3,2,1,6,18:45,92,E08000013,3,569,1,30,1,4,5,0,0,0,4,1,1,0,0,1,2,E01006908,04-03-2018,1,1,3,2,71,10,3,5,1,0,0,-1,0,1
36743,77.1444081,28.70853215,5,3,2,3,6,08:10,92,E08000013,6,0,6,30,3,4,6,0,0,0,1,1,1,0,0,1,1,E01006875,25-02-2018,1,1,3,1,21,5,3,4,2,0,0,-1,0,-1
36744,77.07790108,28.63163262,5,3,2,5,7,16:55,92,E08000013,4,5413,6,30,3,4,6,0,0,0,1,1,2,4,0,1,1,E01006892,05-03-2018,1,1,2,2,41,7,3,0,0,1,0,-1,9,-1
36745,77.13093467,28.63921391,5,3,1,1,6,13:50,92,E08000013,6,0,6,30,0,-1,-1,0,0,0,1,1,1,0,0,1,1,E01006828,04-03-2018,2,1,1,1,35,6,3,0,0,0,0,-1,5,-1
36746,77.24693925,28.63602623,5,2,2,2,6,14:20,92,E08000013,1,62,3,70,0,-1,-1,0,0,0,1,4,2,0,0,2,1,E01006898,04-03-2018,2,1,1,1,53,8,3,0,0,0,0,-1,9,1
36747,77.24777247,28.67779854,5,3,3,1,4,08:20,92,E08000013,5,0,6,30,9,4,6,0,0,0,1,1,1,0,0,1,1,E01006881,02-03-2018,1,1,1,1,39,7,3,0,0,0,0,-1,9,-1
36748,77.34345277,28.67985478,5,3,2,3,7,16:05,92,E08000013,5,0,6,30,3,4,5,0,0,0,1,1,1,0,0,1,1,E01006845,05-03-2018,1,2,2,2,21,5,3,0,0,1,0,-1,9,-1
36749,77.22233731,28.55359912,5,3,2,1,1,14:45,92,E08000013,5,0,6,30,6,2,4,5413,0,4,1,1,1,0,0,1,1,E01006906,06-03-2018,1,1,3,1,12,3,3,4,1,0,0,-1,0,1
36750,77.22646483,28.56294548,5,2,2,1,4,07:25,92,E08000013,3,570,3,70,3,4,5,0,0,0,1,7,2,0,0,2,1,E01006885,09-03-2018,1,1,2,2,17,4,3,0,0,1,0,-1,9,-1
36751,77.08772245,28.65179956,5,3,3,1,1,17:45,92,E08000013,6,0,6,30,6,4,6,0,0,0,1,1,1,0,0,1,1,E01006877,27-02-2018,1,1,2,2,19,4,3,0,0,1,0,-1,9,-1
36752,77.11121192,28.59595783,5,3,2,2,7,00:35,92,E08000013,6,0,6,30,3,4,6,0,0,0,4,1,2,0,0,1,1,E01006881,05-03-2018,1,1,3,2,68,10,2,5,3,0,0,-1,0,1
36753,77.35601855,28.66794443,5,3,2,1,2,08:05,92,E08000013,4,5419,6,60,6,2,3,57,0,0,1,1,1,0,0,2,2,E01006898,21-02-2018,1,1,1,2,23,5,3,0,0,0,0,-1,10,-1
36754,77.11946871,28.56394344,5,2,1,1,3,06:15,92,E08000013,5,0,6,30,3,4,6,0,0,0,4,2,2,0,0,1,1,E01006863,01-03-2018,2,2,1,1,50,8,3,0,0,0,0,-1,9,1
36755,77.20983428,28.6076222,5,3,1,1,2,08:20,92,E08000013,5,0,6,30,6,2,5,0,0,5,1,1,1,0,0,1,1,E01006872,07-03-2018,1,1,1,1,21,5,2,0,0,0,0,-1,9,2
36756,77.35769704,28.61864054,5,2,1,1,3,16:35,92,E08000013,5,0,6,30,3,4,6,0,0,0,1,1,1,0,0,1,1,E01006817,08-03-2018,1,3,1,2,43,7,2,0,0,0,0,-1,9,2
36757,77.28892879,28.70086143,5,3,1,1,5,15:33,92,E08000013,3,49,6,30,0,-1,-1,0,0,0,1,1,1,0,0,1,1,E01006868,10-03-2018,2,1,1,2,22,5,2,0,0,0,0,-1,9,1
36758,77.07380781,28.59141247,5,3,2,1,1,11:40,92,E08000013,3,599,6,30,3,4,6,0,0,0,1,1,1,0,0,1,1,E01006838,13-03-2018,2,2,2,2,22,5,2,0,0,1,0,-1,9,2
36759,77.19378588,28.62396535,5,3,2,2,3,11:38,92,E08000013,1,62,3,70,0,-1,-1,0,0,0,1,1,1,0,0,2,1,E01006898,08-02-2018,3,4,1,2,19,4,3,0,0,0,0,-1,9,1
36760,77.14072169,28.55761211,5,2,1,2,7,12:08,92,E08000013,3,49,6,30,3,4,6,0,0,0,1,4,1,0,0,1,1,E01006856,12-03-2018,3,5,2,2,24,5,3,0,0,1,0,-1,9,1
36761,77.31457886,28.69054614,5,3,2,1,5,10:00,92,E08000013,6,0,6,30,3,4,3,572,0,0,1,1,1,0,0,1,2,E01006872,10-03-2018,1,1,3,1,14,3,2,5,1,0,0,-1,0,-1
36762,77.16806566,28.7109416,5,3,2,1,5,20:05,92,E08000013,3,58,6,30,9,2,6,0,0,0,4,1,1,0,0,1,1,E01006813,10-03-2018,2,1,1,1,47,8,3,0,0,0,0,-1,5,1
36763,77.27532218,28.65976488,5,3,1,2,5,11:50,92,E08000013,1,6,3,70,0,-1,-1,0,0,0,1,1,2,0,0,2,1,E01006859,03-03-2018,1,1,1,2,75,10,3,0,0,0,0,-1,9,-1
36764,77.12437492,28.69980134,5,3,2,1,1,13:00,92,E08000013,5,0,7,30,3,4,6,0,0,0,1,1,1,0,0,1,2,E01006898,13-03-2018,1,1,1,1,42,7,2,0,0,0,0,-1,9,-1
36765,77.19778923,28.62582882,5,3,2,1,5,15:25,92,E08000013,5,0,6,30,0,-1,-1,0,0,0,1,1,1,4,0,1,2,E01006815,10-03-2018,2,2,1,1,63,9,1,0,0,0,0,-1,9,-1
36766,77.28065577,28.594427,5,3,2,1,4,08:25,92,E08000013,5,0,6,30,3,4,6,0,0,0,1,1,2,0,0,1,1,E01006919,19-01-2018,1,1,1,2,29,6,3,0,0,0,0,-1,9,1
36767,77.16788315,28.68641072,5,2,2,2,5,11:45,92,E08000013,3,570,6,30,6,4,3,570,0,0,1,1,1,0,0,1,2,E01006876,13-01-2018,1,1,1,2,26,6,3,0,0,0,0,-1,9,1
36768,77.2797957,28.69347009,5,3,2,1,3,16:25,92,E08000013,6,0,6,30,3,4,5,0,0,0,1,1,1,0,0,1,2,E01006908,15-03-2018,1,1,1,1,44,7,2,0,0,0,0,-1,1,-1
36769,77.31950293,28.68421438,5,3,1,1,4,08:50,92,E08000013,3,599,6,30,0,-1,-1,0,0,4,1,1,1,0,0,1,2,E01006841,16-03-2018,1,1,3,2,10,2,3,5,3,0,0,-1,0,3
36770,77.30347379,28.60706065,5,3,2,1,3,08:10,92,E08000013,3,57,3,60,1,2,1,62,0,0,1,1,1,0,0,2,2,E01006889,15-03-2018,3,1,1,2,21,5,3,0,0,0,0,-1,9,2
36771,77.23771414,28.54983283,5,3,1,1,4,06:10,92,E08000013,6,0,6,30,0,-1,-1,0,0,0,1,1,2,0,0,1,1,E01006840,16-03-2018,1,2,1,2,23,5,3,0,0,0,0,-1,9,1
36772,77.29109425,28.63327478,5,3,1,1,1,17:00,92,E08000013,6,0,6,30,3,3,3,572,0,0,1,1,1,0,0,1,1,E01006821,20-03-2018,2,1,1,1,48,8,3,0,0,0,0,-1,9,1
36773,77.18481391,28.5484108,5,3,1,1,6,19:14,92,E08000013,5,0,6,30,3,4,4,5204,0,0,4,1,1,0,0,1,1,E01006897,18-03-2018,1,1,1,2,19,4,3,0,0,0,0,-1,9,-1
36774,77.34091389,28.63329802,5,3,2,3,2,09:45,90,E08000011,5,0,6,30,3,4,6,0,0,0,1,3,2,0,0,1,2,E01006437,28-02-2018,2,1,1,1,22,5,3,0,0,0,0,-1,9,1
36775,77.31646169,28.71641864,5,3,2,1,2,19:50,92,E08000013,5,0,1,30,2,4,6,0,0,8,4,2,2,0,0,1,1,E01006845,21-03-2018,2,1,1,1,41,7,3,0,0,0,0,-1,9,-1
36776,77.36633076,28.70181944,5,3,2,5,6,06:00,92,E08000013,3,599,6,30,3,4,6,0,0,0,4,1,1,0,0,1,1,E01006837,11-02-2018,2,1,1,2,37,7,3,0,0,0,0,-1,9,2