Accident_Index,longitude,latitude,Police_Force,Accident_Severity,Number_of_Vehicles,Number_of_Casualties,Day_of_Week,Time,Local_Authority_(District),Local_Authority_(Highway),1st_Road_Class,1st_Road_Number,Road_Type,Speed_limit,Junction_Detail,Junction_Control,2nd_Road_Class,2nd_Road_Number,Pedestrian_Crossing-Human_Control,Pedestrian_Crossing-Physical_Facilities,Light_Conditions,Weather_Conditions,Road_Surface_Conditions,Special_Conditions_at_Site,Carriageway_Hazards,Urban_or_Rural_Area,Did_Police_Officer_Attend_Scene_of_Accident,LSOA_of_Accident_Location,Date,Vehicle_Reference,Casualty_Reference,Casualty_Class,Sex_of_Casualty,Age_of_Casualty,Age_Band_of_Casualty,Casualty_Severity,Pedestrian_Location,Pedestrian_Movement,Car_Passenger,Bus_or_Coach_Passenger,Pedestrian_Road_Maintenance_Worker,Casualty_Type,Casualty_Home_Area_Type
36898,77.24377056,28.708209,5,3,2,1,1,01:55,92,E08000013,6,0,6,30,3,4,6,0,0,0,4,1,2,0,0,1,1,E01006831,05-06-2018,2,1,1,2,25,5,3,0,0,0,0,-1,9,2
36899,77.10504515,28.62796245,5,3,2,1,6,15:50,90,E08000011,5,0,6,30,3,2,3,5080,0,0,1,1,1,0,0,1,2,E01006503,27-05-2018,2,2,2,2,22,5,3,0,0,1,0,-1,9,1
36900,77.21436034,28.64141327,5,3,5,2,4,18:10,92,E08000013,1,6,3,70,0,-1,-1,0,0,0,1,1,2,4,0,2,1,E01006836,01-06-2018,1,1,1,1,31,6,2,0,0,0,0,-1,9,-1
36901,77.19552654,28.6923827,5,3,2,1,4,08:30,92,E08000013,6,0,6,30,3,4,6,0,0,0,1,1,1,0,0,1,2,E01006819,08-06-2018,1,2,2,1,25,5,3,0,0,2,0,-1,9,-1
36902,77.26877507,28.70708674,5,3,3,2,7,13:10,92,E08000013,3,570,1,40,1,4,5,0,0,0,1,1,1,0,0,1,1,E01006912,04-06-2018,1,3,2,1,25,5,3,0,0,1,0,-1,9,-1
36903,77.3154167,28.71757726,5,3,1,1,7,22:10,92,E08000013,6,0,6,30,0,-1,-1,0,0,4,4,1,1,0,0,1,2,E01006872,11-06-2018,1,1,1,2,28,6,3,0,0,0,0,-1,9,-1
36904,77.14174984,28.69157122,5,3,2,1,5,13:15,92,E08000013,5,0,1,30,1,4,3,570,0,0,1,1,1,0,0,1,2,E01006912,09-06-2018,1,1,3,2,13,3,3,5,2,0,0,-1,0,-1
36905,77.09663858,28.54362284,5,3,2,1,5,21:30,92,E08000013,6,0,2,30,3,4,3,572,0,0,1,1,1,0,0,1,2,E01006819,02-06-2018,1,1,1,2,54,8,3,0,0,0,0,-1,9,1
36906,77.28895406,28.71797328,5,3,2,1,3,08:45,92,E08000013,3,571,6,30,3,4,6,0,0,0,1,2,2,0,0,2,2,E01006807,14-06-2018,1,2,2,2,23,5,3,0,0,1,0,-1,9,1
36907,77.30663679,28.61549286,5,3,2,1,3,19:55,92,E08000013,6,0,6,30,0,-1,-1,0,0,0,1,1,1,0,0,1,2,E01006875,14-06-2018,1,5,1,1,19,4,3,0,0,0,0,-1,9,2
36908,77.35247646,28.68135874,5,3,1,1,7,18:30,92,E08000013,3,572,6,30,0,-1,-1,0,0,0,1,1,1,0,0,1,1,E01006874,11-06-2018,1,6,2,1,18,4,3,0,0,1,0,-1,9,-1
36909,77.22745553,28.56230284,5,1,1,1,4,19:14,92,E08000013,3,570,3,70,0,-1,-1,0,0,0,1,1,1,0,0,1,1,E01006885,15-06-2018,2,1,2,2,4,1,2,0,0,2,0,-1,9,-1
36910,77.19071421,28.56079449,5,3,1,1,1,13:09,92,E08000013,3,570,2,30,3,4,6,0,0,4,1,1,1,0,0,1,1,E01006918,19-06-2018,2,2,2,1,3,1,2,0,0,2,0,-1,9,-1
36911,77.24983364,28.56691045,5,3,2,1,2,08:45,92,E08000013,5,0,6,30,3,4,5,0,0,0,1,1,1,0,0,1,2,E01006845,20-06-2018,2,3,1,2,22,5,3,0,0,0,0,-1,9,-1
36912,77.1294794,28.69194641,5,3,2,2,3,08:40,92,E08000013,6,0,6,30,0,-1,-1,0,0,0,1,1,1,0,0,1,1,E01006858,21-06-2018,2,4,2,2,24,5,3,0,0,1,0,-1,9,-1
36913,77.20070158,28.70238263,5,3,2,1,2,14:30,90,E08000011,5,0,6,30,3,4,5,0,0,0,1,1,1,0,0,1,2,E01006505,20-06-2018,1,1,1,2,25,5,3,0,0,0,0,-1,9,-1
36914,77.16433335,28.54916894,5,2,2,2,4,08:45,92,E08000013,6,0,6,30,0,-1,-1,0,0,0,1,1,1,0,0,2,1,E01006865,22-06-2018,2,2,1,1,59,9,3,0,0,0,0,-1,9,2
36915,77.2586374,28.70511729,5,3,2,2,7,15:50,92,E08000013,6,0,6,30,6,4,6,0,0,0,1,1,1,0,0,1,2,E01006904,11-06-2018,2,1,1,1,38,7,2,0,0,0,0,-1,1,1
36916,77.17273534,28.69470214,5,3,1,1,3,13:15,92,E08000013,6,0,6,30,0,-1,-1,0,0,0,1,1,1,0,0,1,2,E01006814,21-06-2018,1,1,1,1,61,9,3,0,0,0,0,-1,9,-1
36917,77.28858033,28.63908922,5,3,2,1,4,15:50,92,E08000013,3,570,3,40,0,-1,-1,0,0,0,1,1,1,0,0,2,1,E01006912,22-06-2018,1,1,1,1,19,4,2,0,0,0,0,-1,9,1
36918,77.28000118,28.61205021,5,3,2,1,3,17:10,92,E08000013,5,0,6,30,3,4,6,0,0,0,1,1,1,0,0,1,1,E01006828,21-06-2018,2,1,1,1,18,4,2,0,0,0,0,-1,2,2
36919,77.29522116,28.56654358,5,3,2,1,6,09:05,92,E08000013,3,570,6,30,3,4,6,0,0,0,1,2,2,0,0,1,1,E01006877,24-06-2018,2,1,1,2,19,4,3,0,0,0,0,-1,9,3
36920,77.24982036,28.62303174,5,2,1,1,5,23:00,92,E08000013,5,0,6,30,0,-1,-1,0,0,0,4,1,1,0,0,1,1,E01006833,23-06-2018,1,1,1,2,22,5,3,0,0,0,0,-1,9,1
36921,77.19243955,28.72542053,5,3,2,1,2,10:30,92,E08000013,3,572,6,30,0,-1,-1,0,0,0,1,1,1,0,0,1,2,E01006874,06-06-2018,2,2,1,1,32,6,3,0,0,0,0,-1,9,3
36922,77.30167973,28.55959336,5,3,2,2,2,16:20,92,E08000013,5,0,6,30,3,2,3,571,0,1,1,1,1,0,0,1,2,E01006881,27-06-2018,1,1,3,1,12,3,3,9,5,0,0,-1,0,1
36923,77.15515838,28.66920395,5,3,3,3,2,16:45,92,E08000013,3,572,6,30,6,2,6,0,0,4,1,1,1,0,0,1,1,E01006864,16-05-2018,1,1,3,2,73,10,3,6,7,0,0,-1,0,1
36924,77.24287112,28.68077447,5,3,2,3,1,20:40,92,E08000013,6,0,6,30,6,4,6,0,0,0,1,1,1,0,0,1,1,E01006832,26-06-2018,1,1,3,2,-1,-1,3,4,1,0,0,-1,0,-1
36925,77.25978257,28.64564877,5,2,2,1,4,22:40,92,E08000013,5,0,6,30,0,-1,-1,0,0,0,4,1,1,0,0,1,1,E01006910,15-06-2018,3,1,1,1,22,5,3,0,0,0,0,-1,9,1
36926,77.0726077,28.57423126,5,3,2,1,4,16:00,92,E08000013,5,0,6,30,3,2,3,58,2,0,1,1,1,0,0,1,2,E01006873,29-06-2018,2,1,2,2,-1,-1,3,0,0,1,0,-1,9,-1
36927,77.16632758,28.65493944,5,3,3,1,3,13:50,92,E08000013,3,58,3,30,6,2,5,0,0,5,1,1,1,0,0,1,1,E01006832,21-06-2018,2,1,1,2,64,9,3,0,0,0,0,-1,9,3
36928,77.25067604,28.66829125,5,3,2,2,7,22:55,92,E08000013,3,580,3,60,6,2,3,570,0,0,4,1,1,0,0,1,1,E01006914,02-07-2018,1,1,1,2,32,6,3,0,0,0,0,-1,9,-1
36929,77.32207614,28.68560887,5,3,2,2,7,11:30,92,E08000013,5,0,6,30,3,4,6,0,0,0,1,1,1,0,0,1,1,E01006891,28-05-2018,1,1,3,2,21,5,3,9,7,0,0,-1,0,-1
36930,77.07490731,28.7158525,5,3,1,1,3,04:25,92,E08000013,3,58,6,40,0,-1,-1,0,0,0,1,1,2,0,0,2,1,E01006803,05-07-2018,2,1,1,2,13,3,2,0,0,0,0,-1,1,-1
36931,77.14810192,28.64516242,5,3,2,1,3,13:30,92,E08000013,6,0,6,30,0,-1,-1,0,0,0,1,2,2,0,0,1,2,E01006818,05-07-2018,2,2,2,2,13,3,3,0,0,2,0,-1,1,-1
36932,77.12090269,28.62373422,5,3,2,2,6,14:30,92,E08000013,6,0,6,30,3,4,6,0,0,0,1,1,1,0,0,1,1,E01006875,01-07-2018,1,1,1,2,62,9,2,0,0,0,0,-1,9,-1
36933,77.07135398,28.65902647,5,3,2,1,1,01:29,92,E08000013,1,62,3,70,0,-1,-1,0,0,0,6,1,1,0,0,2,1,E01006891,03-07-2018,1,1,1,1,34,6,2,0,0,0,0,-1,5,1
36934,77.11933919,28.62277929,5,3,1,1,6,19:40,92,E08000013,3,572,6,30,7,4,6,0,0,0,1,1,1,0,0,1,2,E01006820,01-07-2018,1,1,1,1,17,4,3,0,0,0,0,-1,5,-1
36935,77.24647034,28.72351776,5,3,2,2,1,11:05,92,E08000013,3,580,3,60,3,4,4,5203,0,0,1,1,1,0,0,2,1,E01006825,03-07-2018,1,1,1,1,29,6,2,0,0,0,0,-1,5,-1
36936,77.16498503,28.62353566,5,3,1,1,2,09:00,92,E08000013,6,0,6,30,3,4,6,0,0,0,1,1,1,0,0,1,1,E01006833,27-06-2018,1,1,1,1,25,5,3,0,0,0,0,-1,9,-1
36937,77.34425643,28.57738543,5,3,3,4,5,14:20,92,E08000013,3,572,6,30,3,4,5,0,0,0,1,1,2,0,0,1,1,E01006865,30-06-2018,2,2,1,1,29,6,3,0,0,0,0,-1,9,-1
36938,77.22241794,28.61248817,5,3,2,1,3,10:40,92,E08000013,3,570,1,30,1,4,5,0,0,8,1,1,1,0,0,1,1,E01006908,21-06-2018,2,1,1,1,43,7,3,0,0,0,0,-1,9,-1
36939,77.14351003,28.67406563,5,3,1,1,3,15:27,92,E08000013,6,0,6,30,0,-1,-1,0,0,0,1,2,2,0,0,1,2,E01006863,05-07-2018,1,1,1,1,46,8,3,0,0,0,0,-1,5,-1
36940,77.13546887,28.563836,5,3,2,2,4,15:45,92,E08000013,3,599,6,30,3,4,6,0,0,0,1,1,2,0,0,1,2,E01006842,06-07-2018,1,1,1,2,28,6,2,0,0,0,0,-1,9,-1
36941,77.11111772,28.55939214,5,3,1,1,6,14:00,92,E08000013,5,0,6,30,6,4,6,0,0,0,1,1,1,0,0,1,1,E01006870,01-07-2018,1,1,3,1,87,11,3,1,1,0,0,-1,0,-1
36942,77.10246002,28.58628402,5,3,1,1,6,09:10,92,E08000013,6,0,6,30,3,4,6,0,0,0,1,1,1,0,0,1,1,E01006872,01-07-2018,1,1,3,2,14,3,3,5,3,0,0,-1,0,2
36943,77.29434963,28.69026449,5,3,3,2,5,16:44,92,E08000013,3,49,6,30,3,4,6,0,0,0,1,1,1,0,0,1,1,E01006856,07-07-2018,2,1,1,1,33,6,3,0,0,0,0,-1,5,1
36944,77.13522281,28.5925046,5,3,2,1,3,22:55,92,E08000013,6,0,6,30,0,-1,-1,0,0,0,4,1,1,0,0,1,1,E01006805,05-07-2018,1,1,1,2,22,5,2,0,0,0,0,-1,9,1
36945,77.28533944,28.6453165,5,2,1,1,5,19:00,92,E08000013,6,0,6,30,0,-1,-1,0,0,0,1,1,1,0,0,1,1,E01006814,07-07-2018,1,1,1,1,38,7,3,0,0,0,0,-1,9,1
36946,77.34359927,28.58167026,5,3,2,2,5,16:50,92,E08000013,3,570,1,50,1,4,5,0,0,0,1,1,1,0,0,1,1,E01006912,07-07-2018,1,1,3,2,72,10,3,6,7,0,0,-1,0,1
36947,77.17011891,28.67781371,5,3,2,3,4,17:15,92,E08000013,3,570,3,60,0,-1,-1,0,0,0,1,1,1,0,0,1,1,E01006885,06-07-2018,1,1,3,1,8,2,2,2,2,0,0,-1,0,-1
36948,77.34822259,28.72113338,5,3,2,1,3,08:40,92,E08000013,3,57,1,30,1,2,3,570,0,0,1,1,1,0,0,2,2,E01006889,28-06-2018,1,1,3,2,4,1,2,5,3,0,0,-1,0,-1
36949,77.07518951,28.60151277,5,3,1,1,2,10:45,92,E08000013,3,599,6,30,3,4,6,0,0,0,1,1,1,0,0,1,2,E01006838,11-07-2018,1,1,1,1,83,11,3,0,0,0,0,-1,9,2
36950,77.11986058,28.60146603,5,3,2,1,3,18:20,92,E08000013,3,59,6,30,3,4,6,0,0,4,1,1,1,0,0,1,1,E01006856,12-07-2018,2,2,1,2,51,8,3,0,0,0,0,-1,9,1
36951,77.16061951,28.71686298,5,2,2,1,1,12:30,92,E08000013,4,5207,6,30,6,4,6,0,0,0,1,1,1,0,0,2,1,E01006805,10-07-2018,1,3,2,2,71,10,3,0,0,1,0,-1,9,3
36952,77.2592845,28.56339208,5,3,2,2,2,22:36,92,E08000013,3,57,6,30,3,2,4,5413,0,5,4,1,1,0,0,1,1,E01006893,11-07-2018,1,4,1,1,74,10,3,0,0,0,0,-1,9,-1
36953,77.15915336,28.71951524,5,3,1,1,4,18:40,92,E08000013,3,572,6,30,0,-1,-1,0,0,0,1,1,1,0,0,1,1,E01006865,13-07-2018,1,5,2,1,71,10,3,0,0,2,0,-1,9,1
36954,77.16289622,28.61298678,5,3,2,1,4,17:20,92,E08000013,3,58,1,30,1,4,3,570,0,0,1,1,2,0,0,1,2,E01006832,13-07-2018,1,6,2,2,73,10,3,0,0,2,0,-1,9,1
36955,77.35976577,28.64014535,5,3,2,3,5,19:15,92,E08000013,3,580,3,60,0,-1,-1,0,0,0,1,1,1,0,0,2,1,E01006825,14-07-2018,2,1,1,1,25,5,3,0,0,0,0,-1,9,2
36956,77.10875771,28.62842932,5,3,1,1,5,19:30,92,E08000013,6,0,6,30,3,4,6,0,0,0,1,1,1,0,0,1,2,E01006854,14-07-2018,2,2,2,2,21,5,3,0,0,1,0,-1,9,-1
36957,77.12025094,28.54258344,5,3,2,2,5,17:19,92,E08000013,4,5413,6,30,6,2,6,0,0,4,1,1,1,0,0,1,1,E01006906,14-07-2018,2,1,2,2,29,6,3,0,0,1,0,-1,9,1
36958,77.22717343,28.6329533,5,3,2,1,2,16:30,92,E08000013,3,49,1,30,1,2,3,580,0,0,1,1,1,0,0,2,2,E01006836,18-07-2018,2,2,1,1,32,6,3,0,0,0,0,-1,9,-1
36959,77.10632241,28.53728394,5,3,2,1,7,14:10,92,E08000013,6,0,6,30,3,4,6,0,0,4,1,1,1,0,0,1,1,E01006857,16-07-2018,2,3,2,2,6,2,3,0,0,2,0,-1,9,1
36960,77.17540166,28.69669584,5,3,2,2,6,17:50,92,E08000013,5,0,6,30,3,4,6,0,0,0,1,1,1,0,0,1,1,E01006913,08-07-2018,2,4,2,1,2,1,3,0,0,2,0,-1,9,-1
36961,77.25003822,28.6238115,5,3,2,1,3,06:50,92,E08000013,6,0,6,30,3,4,6,0,0,0,1,1,2,0,0,1,2,E01006833,19-07-2018,1,1,1,1,38,7,2,0,0,0,0,-1,5,1
36962,77.11101458,28.67402729,5,3,1,1,4,15:25,92,E08000013,5,0,6,30,3,4,6,0,1,0,1,1,1,0,0,2,1,E01006846,13-07-2018,2,3,2,1,1,1,3,0,0,2,0,-1,9,-1
36963,77.35552266,28.70594265,5,3,2,1,5,16:30,92,E08000013,3,571,1,30,1,4,6,0,0,0,1,1,1,0,0,2,2,E01006806,21-07-2018,3,2,1,1,31,6,2,0,0,0,0,-1,5,3
36964,77.33891072,28.56772214,5,3,2,3,4,17:10,92,E08000013,3,570,2,30,3,3,3,570,0,0,1,1,1,0,0,1,2,E01006876,20-07-2018,2,1,1,1,27,6,3,0,0,0,0,-1,9,-1
36965,77.24688297,28.70459455,5,3,2,2,5,15:05,92,E08000013,6,0,6,30,0,-1,-1,0,0,0,1,1,1,0,0,1,2,E01006860,21-07-2018,3,2,1,1,33,6,3,0,0,0,0,-1,9,1
36966,77.2447249,28.70290582,5,2,2,1,5,19:45,92,E08000013,4,5204,6,30,0,-1,-1,0,0,0,1,1,1,0,0,2,1,E01006898,02-06-2018,1,1,1,1,19,4,3,0,0,0,0,-1,9,1
36967,77.10368673,28.55025439,5,3,2,1,3,11:25,92,E08000013,1,6,3,70,0,-1,-1,0,0,0,1,1,1,0,0,2,2,E01006859,28-06-2018,2,1,1,1,21,5,3,0,0,0,0,-1,9,1
36968,77.13629136,28.7204117,5,2,2,1,6,17:45,92,E08000013,6,0,6,30,5,4,6,0,0,0,1,1,1,0,0,1,1,E01006849,22-07-2018,1,1,1,1,46,8,3,0,0,0,0,-1,9,1
36969,77.3583747,28.67647378,5,3,2,1,6,18:45,92,E08000013,6,0,6,30,3,4,6,0,0,0,1,1,1,0,0,1,1,E01006874,22-07-2018,1,1,1,2,62,9,3,0,0,0,0,-1,9,1
36970,77.24571614,28.59532286,5,2,1,3,4,15:25,92,E08000013,6,0,6,30,6,4,6,0,0,0,1,1,1,0,0,1,1,E01006830,27-07-2018,2,1,1,2,27,6,3,0,0,0,0,-1,9,3
36971,77.16577835,28.65978587,5,3,2,1,6,15:40,92,E08000013,6,0,6,30,3,4,6,0,0,0,1,1,2,0,0,1,1,E01006893,29-07-2018,1,1,1,1,34,6,3,0,0,0,0,-1,9,1
36972,77.21395433,28.5389156,5,3,1,1,6,00:47,92,E08000013,3,570,6,30,7,4,6,0,0,0,4,2,2,0,0,1,1,E01006917,29-07-2018,1,2,2,2,27,6,3,0,0,1,0,-1,9,1
36973,77.15281379,28.67303797,5,3,1,1,4,07:50,92,E08000013,3,571,6,30,0,-1,-1,0,0,8,1,1,1,0,0,2,1,E01006850,27-07-2018,2,3,1,1,68,10,3,0,0,0,0,-1,9,1
36974,77.07173079,28.56761332,5,3,2,2,1,13:20,92,E08000013,4,5207,6,60,0,-1,-1,0,0,0,1,1,1,0,7,2,1,E01006804,31-07-2018,2,4,2,2,72,10,3,0,0,1,0,-1,9,1
36975,77.24498689,28.6147247,5,3,2,1,2,16:10,92,E08000013,3,580,1,30,1,4,3,49,0,0,1,1,1,0,0,2,1,E01006836,01-08-2018,1,1,2,1,30,6,2,0,0,1,0,-1,9,-1
36976,77.06100207,28.62144453,5,3,2,2,5,16:25,92,E08000013,3,58,6,60,6,2,3,580,0,0,1,2,2,0,0,2,1,E01006803,28-07-2018,1,2,1,1,19,4,3,0,0,0,0,-1,9,1
36977,77.14838337,28.72573223,5,3,2,1,4,12:00,92,E08000013,5,0,6,40,0,-1,-1,0,0,0,1,1,1,0,0,1,1,E01006845,27-07-2018,1,1,1,2,20,4,3,0,0,0,0,-1,9,2
36978,77.09727438,28.6303464,5,3,2,1,1,13:40,92,E08000013,3,571,6,30,6,4,6,0,0,0,1,1,1,0,0,1,1,E01006881,31-07-2018,2,2,1,2,52,8,3,0,0,0,0,-1,9,-1
36979,77.11240949,28.6489751,5,3,2,1,2,18:58,92,E08000013,6,0,6,30,0,-1,-1,0,0,0,1,1,1,0,0,1,1,E01006909,08-08-2018,1,4,2,2,77,11,3,0,0,1,0,-1,9,1
36980,77.37112227,28.58314748,5,3,1,1,1,02:39,92,E08000013,3,572,6,30,6,4,6,0,0,0,1,9,1,0,0,1,2,E01006864,31-07-2018,1,6,1,1,78,11,3,0,0,0,0,-1,9,1
36981,77.13354143,28.56611634,5,3,2,1,2,06:45,92,E08000013,3,571,6,30,3,4,6,0,0,0,1,1,1,0,0,2,2,E01006806,08-08-2018,2,2,1,1,38,7,3,0,0,0,0,-1,9,1
36982,77.35355327,28.72659313,5,2,2,1,6,10:01,92,E08000013,6,0,6,30,3,4,6,0,0,0,1,1,1,0,0,1,1,E01006864,05-08-2018,2,3,2,2,39,7,3,0,0,1,0,-1,9,1
36983,77.07430513,28.58217106,5,3,2,1,3,18:00,92,E08000013,6,0,6,30,3,4,6,0,0,0,1,1,1,0,0,1,2,E01006849,02-08-2018,3,1,2,2,33,6,3,0,0,1,0,-1,9,3
36984,77.20480285,28.71449823,5,3,2,2,5,13:45,92,E08000013,3,570,3,70,9,4,6,0,0,0,1,1,1,0,0,2,1,E01006885,04-08-2018,3,5,1,1,37,7,3,0,0,0,0,-1,9,3
36985,77.35716839,28.60079822,5,3,1,1,3,15:30,92,E08000013,6,0,3,30,3,4,6,0,0,0,1,1,1,0,0,1,2,E01006848,09-08-2018,2,1,1,2,42,7,2,0,0,0,0,-1,9,1
36986,77.27783938,28.64582137,5,3,2,1,2,13:00,92,E08000013,6,0,6,30,6,4,6,0,0,0,1,1,1,0,0,1,1,E01006844,08-08-2018,2,1,2,1,0,1,3,0,0,2,0,-1,9,-1
36987,77.10079556,28.66115648,5,3,1,1,2,11:20,92,E08000013,6,0,6,30,3,4,6,0,0,0,1,1,1,0,0,1,1,E01006857,08-08-2018,2,2,2,2,25,5,3,0,0,1,0,-1,9,-1
36988,77.30431799,28.70329157,5,3,1,1,3,15:35,90,E08000011,1,62,3,70,0,-1,-1,0,0,0,1,1,1,0,2,2,1,E01006424,09-08-2018,2,3,2,2,3,1,3,0,0,2,0,-1,9,-1
36989,77.3378029,28.57465747,5,3,1,1,6,18:15,92,E08000013,6,0,6,30,0,-1,-1,0,0,0,1,1,1,0,0,1,1,E01006821,12-08-2018,2,4,1,1,35,6,3,0,0,0,0,-1,9,-1
36990,77.26386322,28.573022,5,3,1,1,4,16:10,92,E08000013,3,57,6,30,3,4,6,0,0,4,1,9,1,0,0,1,2,E01006893,29-06-2018,2,1,1,2,35,6,3,0,0,0,0,-1,9,1
36991,77.20974172,28.55124418,5,3,2,1,3,18:00,92,E08000013,3,599,6,30,0,-1,-1,0,0,0,1,1,1,0,0,1,1,E01006840,16-08-2018,2,2,2,2,12,3,3,0,0,2,0,-1,9,1
36992,77.25852288,28.5362205,5,3,1,1,6,15:00,92,E08000013,6,0,6,30,3,4,6,0,0,0,1,1,1,0,0,1,1,E01006865,12-08-2018,2,1,1,2,40,7,3,0,0,0,0,-1,9,1
36993,77.16193047,28.64150927,5,3,1,4,2,23:00,92,E08000013,1,62,3,70,0,-1,-1,0,0,0,4,1,1,0,0,2,1,E01006891,15-08-2018,2,2,2,2,14,3,3,0,0,2,0,-1,9,1
36994,77.34918957,28.65634653,5,2,2,6,7,18:50,92,E08000013,3,570,3,70,0,-1,-1,0,0,0,1,1,1,0,0,1,1,E01006885,20-08-2018,2,3,2,2,45,7,3,0,0,1,0,-1,9,1
36995,77.32392474,28.72037217,5,2,1,2,1,14:15,92,E08000013,6,0,6,30,0,-1,-1,0,0,0,1,1,1,0,0,1,1,E01006858,21-08-2018,1,1,1,1,21,5,2,0,0,0,0,-1,9,2
36996,77.14340164,28.54687887,5,3,2,1,5,22:10,92,E08000013,3,569,6,30,3,3,6,0,0,0,4,1,1,0,0,1,1,E01006908,18-08-2018,1,1,1,1,18,4,2,0,0,0,0,-1,9,-1
36997,77.13132341,28.65943945,5,3,2,1,5,09:45,92,E08000013,3,49,6,30,0,-1,-1,0,0,0,1,1,1,0,0,1,1,E01006859,18-08-2018,2,1,1,1,44,7,3,0,0,0,0,-1,5,1
36998,77.13315681,28.65900761,5,3,2,1,1,19:10,92,E08000013,3,569,6,40,3,4,6,0,0,4,1,1,1,0,0,1,2,E01006848,21-08-2018,1,1,3,2,52,8,3,1,1,0,0,-1,0,-1
36999,77.23373759,28.65555347,5,3,2,1,6,14:00,92,E08000013,3,599,6,30,3,4,6,0,0,0,1,1,1,0,0,1,2,E01006840,12-08-2018,1,1,1,1,20,4,3,0,0,0,0,-1,9,1
37000,77.1566458,28.6385964,5,3,2,3,3,18:59,92,E08000013,3,58,6,30,3,4,6,0,0,0,1,1,1,0,0,1,1,E01006835,16-08-2018,1,1,3,2,12,3,2,5,1,0,0,-1,0,-1
37001,77.34206255,28.59301277,5,3,1,1,3,11:00,92,E08000013,4,5204,6,30,0,-1,-1,0,0,0,1,1,1,0,0,2,1,E01006900,23-08-2018,2,1,1,1,43,7,3,0,0,0,0,-1,1,2
37002,77.25909984,28.63684164,5,3,2,2,1,13:00,92,E08000013,4,5204,6,30,3,4,6,0,0,0,1,1,1,0,0,1,1,E01006913,21-08-2018,1,1,3,1,8,2,3,9,5,0,0,-1,0,-1
37003,77.3141045,28.68874554,5,3,2,1,6,18:30,92,E08000013,3,571,6,30,3,4,6,0,0,0,1,1,1,0,0,1,2,E01006877,26-08-2018,2,1,1,1,52,8,3,0,0,0,0,-1,5,1
37004,77.15595858,28.7023057,5,3,1,1,4,16:00,92,E08000013,6,0,6,30,0,-1,-1,0,0,0,1,1,1,0,0,1,1,E01006846,24-08-2018,2,1,1,2,25,5,3,0,0,0,0,-1,9,1
37005,77.34367903,28.69980311,5,3,2,1,6,13:45,92,E08000013,6,0,6,30,6,4,6,0,0,0,1,1,1,0,0,1,2,E01006872,26-08-2018,2,1,1,1,41,7,3,0,0,0,0,-1,5,1
37006,77.17832308,28.58297999,5,3,2,2,3,13:40,92,E08000013,6,0,6,30,6,4,6,0,0,0,1,1,1,0,0,1,2,E01006865,23-08-2018,2,1,1,2,51,8,3,0,0,0,0,-1,9,1
37007,77.25961842,28.55920904,5,3,2,2,2,18:10,92,E08000013,6,0,6,30,0,-1,-1,0,0,0,1,1,1,0,0,1,2,E01006832,01-08-2018,1,1,1,2,78,11,2,0,0,0,0,-1,9,1
37008,77.24042941,28.66570076,5,3,1,1,5,05:55,92,E08000013,3,570,1,30,1,4,6,0,0,0,1,1,1,0,0,1,1,E01006912,11-08-2018,2,2,1,2,34,6,3,0,0,0,0,-1,9,1
37009,77.31759374,28.59017823,5,3,3,3,1,03:20,92,E08000013,1,62,3,70,0,-1,-1,0,0,0,6,1,1,0,0,2,1,E01006898,21-08-2018,2,1,1,2,44,7,3,0,0,0,0,-1,9,3
37010,77.14791437,28.59084461,5,3,2,1,6,17:30,92,E08000013,4,5419,6,30,8,4,4,5419,0,0,1,1,1,0,0,1,2,E01006911,26-08-2018,1,1,1,1,22,5,3,0,0,0,0,-1,9,-1
37011,77.07611467,28.57227739,5,3,1,1,7,00:30,92,E08000013,6,0,6,30,3,4,3,57,0,0,4,1,1,0,0,1,1,E01006893,27-08-2018,1,1,3,1,70,10,2,6,7,0,0,-1,0,-1
37012,77.3346525,28.6553629,5,3,2,1,3,10:30,92,E08000013,3,58,3,40,7,2,3,58,0,5,1,1,1,0,0,1,1,E01006872,30-08-2018,1,1,1,1,18,4,3,0,0,0,0,-1,9,1
37013,77.22561834,28.66627153,5,3,1,1,4,19:05,92,E08000013,6,0,6,30,6,4,6,0,0,0,1,8,2,0,0,1,2,E01006869,31-08-2018,2,1,2,2,84,11,3,0,0,1,0,-1,9,-1
37014,77.35080608,28.53512905,5,3,1,1,3,16:30,92,E08000013,3,571,6,30,9,4,6,0,0,0,1,1,1,0,0,1,1,E01006853,30-08-2018,1,1,2,1,1,1,3,0,0,2,0,-1,9,-1
37015,77.2670872,28.54336675,5,3,2,2,5,11:10,92,E08000013,3,569,6,30,1,4,3,569,0,0,1,1,1,0,0,2,2,E01006896,01-09-2018,1,2,2,2,65,9,3,0,0,1,0,-1,9,-1
37016,77.35652923,28.54130733,5,3,2,2,2,09:15,92,E08000013,4,5204,6,30,1,4,6,0,0,0,1,1,1,0,0,2,1,E01006913,15-08-2018,1,3,1,1,55,8,3,0,0,0,0,-1,9,-1
37017,77.28288909,28.70082388,5,3,2,2,2,14:00,92,E08000013,6,0,6,30,0,-1,-1,0,0,0,1,1,1,0,0,1,1,E01006864,29-08-2018,2,1,1,2,50,8,3,0,0,0,0,-1,9,1
37018,77.10723452,28.6930187,5,3,1,1,4,15:00,92,E08000013,6,0,6,30,0,-1,-1,0,0,1,1,2,2,0,0,1,1,E01006873,31-08-2018,2,2,2,2,37,7,3,0,0,1,0,-1,9,1
37019,77.21386992,28.65564722,5,3,2,1,1,12:25,92,E08000013,3,580,3,60,7,1,3,570,0,4,1,1,1,0,0,1,1,E01006914,04-09-2018,1,1,3,2,79,11,2,5,1,0,0,-1,0,-1