Accident_Index,longitude,latitude,Police_Force,Accident_Severity,Number_of_Vehicles,Number_of_Casualties,Day_of_Week,Time,Local_Authority_(District),Local_Authority_(Highway),1st_Road_Class,1st_Road_Number,Road_Type,Speed_limit,Junction_Detail,Junction_Control,2nd_Road_Class,2nd_Road_Number,Pedestrian_Crossing-Human_Control,Pedestrian_Crossing-Physical_Facilities,Light_Conditions,Weather_Conditions,Road_Surface_Conditions,Special_Conditions_at_Site,Carriageway_Hazards,Urban_or_Rural_Area,Did_Police_Officer_Attend_Scene_of_Accident,LSOA_of_Accident_Location,Date,Vehicle_Reference,Casualty_Reference,Casualty_Class,Sex_of_Casualty,Age_of_Casualty,Age_Band_of_Casualty,Casualty_Severity,Pedestrian_Location,Pedestrian_Movement,Car_Passenger,Bus_or_Coach_Passenger,Pedestrian_Road_Maintenance_Worker,Casualty_Type,Casualty_Home_Area_Type
37383,77.34045103,28.67921251,5,3,2,2,5,16:25,91,E08000012,6,0,6,30,7,4,6,0,0,0,1,1,2,0,0,1,1,E01006543,03-11-2018,1,1,3,1,42,7,3,5,3,0,0,-1,0,1
37384,77.07004575,28.54114534,5,3,1,1,4,22:35,91,E08000012,3,5058,3,40,1,4,3,59,0,0,4,1,2,0,0,1,1,E01006610,19-10-2018,2,1,1,1,38,7,2,0,0,0,0,-1,4,1
37385,77.27097057,28.6074614,5,3,2,1,3,18:25,91,E08000012,6,0,6,30,6,2,3,59,0,5,4,1,1,0,0,1,1,E01006791,18-10-2018,1,1,1,1,40,7,2,0,0,0,0,-1,5,1
37386,77.28515999,28.6255678,5,3,2,1,1,23:20,91,E08000012,6,0,2,30,0,-1,-1,0,0,0,6,1,1,0,0,1,2,E01006735,09-10-2018,1,2,2,2,52,8,2,0,0,2,0,-1,5,1
37387,77.16386683,28.71077873,5,3,1,1,4,18:35,91,E08000012,4,5179,1,30,1,4,6,0,0,4,4,8,2,0,0,1,2,E01006692,02-11-2018,1,1,3,2,6,2,3,5,3,0,0,-1,0,1
37388,77.32137308,28.66653574,5,2,2,6,7,00:35,91,E08000012,3,5058,3,40,7,2,6,0,0,4,1,1,1,0,0,1,1,E01006616,29-10-2018,1,1,2,2,60,9,3,0,0,1,0,-1,9,1
37389,77.12211537,28.59712038,5,3,2,3,6,19:00,91,E08000012,3,580,6,30,6,2,3,5089,0,0,4,1,1,0,0,1,2,E01006562,28-10-2018,2,2,2,2,49,8,3,0,0,1,0,-1,9,1
37390,77.23959527,28.70599731,5,3,2,1,6,13:55,91,E08000012,6,0,6,30,0,-1,-1,0,0,1,1,1,1,0,0,1,1,E01006511,28-10-2018,2,1,1,2,48,8,3,0,0,0,0,-1,9,1
37391,77.37084179,28.53631647,5,3,2,1,6,17:00,91,E08000012,4,5188,6,30,6,2,6,0,0,0,4,1,1,0,0,1,2,E01006693,04-11-2018,1,1,1,1,18,4,3,0,0,0,0,-1,1,1
37392,77.10081132,28.71513385,5,2,3,2,7,18:05,91,E08000012,3,5048,6,30,9,4,3,5048,0,0,1,8,2,0,0,1,1,E01006513,01-10-2018,1,1,1,1,61,9,3,0,0,0,0,-1,9,1
37393,77.1565798,28.70105489,5,3,2,1,5,14:00,91,E08000012,3,580,1,40,1,4,3,580,0,8,1,2,2,0,0,1,1,E01006603,03-11-2018,1,1,1,1,37,7,2,0,0,0,0,-1,9,1
37394,77.34220266,28.69916615,5,3,2,2,3,09:25,91,E08000012,6,0,3,30,3,4,6,0,0,0,1,2,2,0,0,1,1,E01006777,25-10-2018,1,1,1,1,53,8,3,0,0,0,0,-1,9,1
37395,77.25353394,28.60474511,5,3,2,1,5,12:30,91,E08000012,6,0,6,30,3,4,6,0,0,0,1,1,1,0,0,1,2,E01006712,03-11-2018,1,3,2,1,83,11,3,0,0,1,0,-1,9,1
37396,77.05863551,28.70644798,5,3,2,1,4,18:30,91,E08000012,3,57,6,30,7,2,4,5189,0,0,4,1,2,0,0,1,2,E01006714,02-11-2018,1,4,2,2,20,4,3,0,0,2,0,-1,9,1
37397,77.16587083,28.55823346,5,3,2,3,6,00:17,91,E08000012,3,5047,6,30,6,2,4,5173,0,0,4,1,2,0,0,1,1,E01006750,04-11-2018,2,2,1,1,39,7,3,0,0,0,0,-1,9,1
37398,77.10019575,28.63879186,5,3,2,5,3,22:30,91,E08000012,3,5058,3,40,6,2,3,580,0,5,1,2,2,0,0,1,1,E01006609,01-11-2018,1,1,1,2,33,6,3,0,0,0,0,-1,9,1
37399,77.20784477,28.65244311,5,3,1,1,1,14:10,91,E08000012,3,5047,6,30,6,2,6,0,0,0,1,1,1,0,0,1,1,E01006749,30-10-2018,1,2,2,2,79,11,2,0,0,2,0,-1,9,1
37400,77.22246727,28.65635181,5,3,2,1,1,11:10,91,E08000012,3,5058,6,30,6,4,6,0,0,0,1,1,1,0,0,1,1,E01006616,30-10-2018,2,1,1,1,46,8,2,0,0,0,0,-1,19,3
37401,77.11035496,28.69243007,5,3,2,1,1,22:30,91,E08000012,6,0,6,30,0,-1,-1,0,0,0,4,1,1,0,0,1,1,E01006702,30-10-2018,1,1,3,2,75,10,3,3,3,0,0,-1,0,3
37402,77.22056645,28.57899876,5,3,2,1,2,09:05,91,E08000012,3,5048,6,30,0,-1,-1,0,0,0,1,1,1,0,0,1,1,E01006512,31-10-2018,2,1,2,2,10,2,3,0,0,1,0,-1,9,1
37403,77.16116078,28.64772062,5,3,1,1,2,12:15,91,E08000012,3,580,1,30,1,4,3,580,0,1,1,1,2,0,0,1,2,E01006603,07-11-2018,2,2,2,2,10,2,3,0,0,1,0,-1,9,1
37404,77.13705847,28.54363843,5,2,2,4,3,22:15,91,E08000012,3,59,3,30,6,2,6,0,0,0,1,1,1,0,0,1,1,E01006777,01-11-2018,2,1,1,1,34,6,3,0,0,0,0,-1,9,1
37405,77.15527975,28.66101512,5,3,1,1,2,15:45,91,E08000012,3,580,6,30,0,-1,-1,0,0,0,1,1,1,0,0,1,1,E01006609,17-10-2018,2,3,2,2,54,8,3,0,0,2,0,-1,9,2
37406,77.30447496,28.57845329,5,1,1,1,1,16:23,91,E08000012,3,57,3,40,3,4,6,0,0,0,1,1,1,0,0,1,1,E01006571,13-11-2018,2,4,2,2,30,6,3,0,0,1,0,-1,9,2
37407,77.25978896,28.54678276,5,2,1,2,3,12:10,91,E08000012,6,0,6,30,0,-1,-1,0,0,0,1,1,2,0,0,1,1,E01006513,01-11-2018,3,2,1,1,52,8,3,0,0,0,0,-1,9,1
37408,77.35061073,28.55908632,5,2,3,1,7,17:40,91,E08000012,3,5050,6,30,3,4,6,0,0,0,4,2,2,0,0,1,1,E01006560,05-11-2018,3,5,2,2,8,2,3,0,0,2,0,-1,9,1
37409,77.25174836,28.66867127,5,3,2,1,7,19:40,91,E08000012,3,580,6,30,3,4,6,0,0,0,4,2,2,0,0,1,1,E01006547,05-11-2018,2,1,1,2,21,5,3,0,0,0,0,-1,9,2
37410,77.2502892,28.60274594,5,3,2,1,3,07:30,91,E08000012,3,59,3,30,7,2,3,5053,0,0,1,1,1,0,0,1,1,E01006648,08-11-2018,2,2,2,2,16,4,3,0,0,1,0,-1,9,2
37411,77.20910754,28.69484346,5,3,2,1,6,11:00,91,E08000012,3,5058,3,40,6,2,6,0,0,1,1,2,2,0,0,1,1,E01006605,04-11-2018,2,1,1,1,39,7,3,0,0,0,0,-1,1,1
37412,77.22422219,28.55100098,5,3,2,1,5,13:54,91,E08000012,6,0,6,30,3,2,6,0,0,5,1,1,1,0,0,1,2,E01006659,03-11-2018,1,1,1,2,17,4,3,0,0,0,0,-1,9,2
37413,77.1963787,28.61222204,5,3,1,1,7,13:00,91,E08000012,6,0,6,30,7,2,6,0,0,5,1,8,2,4,0,1,2,E01006511,05-11-2018,1,2,2,2,7,2,3,0,0,2,0,-1,9,1
37414,77.35009848,28.59841774,5,2,1,1,7,08:20,91,E08000012,6,0,6,30,3,4,6,0,0,0,1,1,4,0,0,1,1,E01006704,19-11-2018,1,3,2,2,5,1,3,0,0,2,0,-1,9,1
37415,77.08453255,28.63630524,5,3,1,1,3,17:19,91,E08000012,3,5047,6,30,3,2,3,5048,0,4,4,2,2,0,0,1,1,E01006747,08-11-2018,2,1,1,2,30,6,3,0,0,0,0,-1,9,1
37416,77.33975592,28.66188789,5,3,1,1,7,18:00,91,E08000012,3,562,6,30,6,4,3,5039,0,0,4,1,2,0,0,1,2,E01006673,12-11-2018,1,1,3,2,10,2,2,5,1,0,0,-1,0,1
37417,77.2628108,28.61216931,5,3,2,5,6,15:10,91,E08000012,3,5047,3,30,6,2,3,5080,0,0,1,1,1,0,0,1,2,E01006716,28-10-2018,1,1,1,1,46,8,2,0,0,0,0,-1,20,1
37418,77.11019923,28.62200224,5,3,3,1,6,14:50,91,E08000012,3,5058,3,40,6,4,3,57,0,0,1,1,1,0,0,1,2,E01006565,28-10-2018,2,2,1,1,59,9,3,0,0,0,0,-1,19,3
37419,77.26772172,28.62859777,5,2,1,1,5,15:00,91,E08000012,3,57,6,30,6,2,3,5058,0,0,1,1,1,0,0,1,1,E01006565,27-10-2018,1,1,1,1,53,8,3,0,0,0,0,-1,5,1
37420,77.14431618,28.64150333,5,3,1,1,3,17:25,91,E08000012,6,0,6,40,3,2,6,0,0,5,4,5,2,0,0,1,1,E01006637,08-11-2018,1,1,1,2,19,4,3,0,0,0,0,-1,9,3
37421,77.17906567,28.60188395,5,3,2,1,2,23:23,91,E08000012,3,5080,3,30,6,2,6,0,0,0,4,2,2,0,0,1,2,E01006585,14-11-2018,2,2,1,1,41,7,3,0,0,0,0,-1,9,2
37422,77.28632936,28.60587312,5,2,1,1,4,16:20,91,E08000012,3,5089,6,30,6,2,6,0,0,5,1,1,1,0,0,1,1,E01006558,09-11-2018,2,3,2,1,6,2,3,0,0,2,0,-1,9,2
37423,77.23684587,28.62527716,5,3,2,1,4,16:45,91,E08000012,6,0,6,30,3,2,6,0,0,0,4,5,2,0,0,1,2,E01006569,09-11-2018,2,4,2,2,42,7,3,0,0,1,0,-1,9,2
37424,77.23078878,28.5428843,5,3,2,1,4,14:25,91,E08000012,3,59,3,30,0,-1,-1,0,0,0,1,1,1,0,0,1,1,E01006782,09-11-2018,2,5,2,2,42,7,3,0,0,2,0,-1,9,2
37425,77.12808477,28.61405879,5,3,2,1,6,08:40,91,E08000012,6,0,6,30,3,4,6,0,0,0,1,1,2,0,0,1,2,E01006665,11-11-2018,1,1,1,1,7,2,3,0,0,0,0,-1,1,-1
37426,77.15305376,28.63901256,5,3,2,1,4,08:15,91,E08000012,6,0,6,30,3,4,6,0,0,0,1,4,2,0,0,1,1,E01006609,09-11-2018,1,1,3,2,73,10,1,9,4,0,0,-1,0,1
37427,77.07640814,28.61361322,5,3,2,2,4,21:05,91,E08000012,6,0,6,30,6,2,6,0,0,5,4,1,1,0,0,1,1,E01006650,09-11-2018,1,1,3,2,64,9,3,4,3,0,0,-1,0,1
37428,77.13604142,28.68475082,5,3,4,2,6,15:40,91,E08000012,3,5049,3,30,3,2,6,0,0,4,4,5,2,6,0,1,1,E01006760,04-11-2018,2,1,1,1,31,6,3,0,0,0,0,-1,19,1
37429,77.36252392,28.60063826,5,3,2,1,7,13:30,91,E08000012,6,0,6,30,3,4,6,0,0,0,1,1,1,0,0,1,2,E01006779,12-11-2018,2,1,1,2,31,6,3,0,0,0,0,-1,9,1
37430,77.29366743,28.691566,5,3,1,1,3,12:00,91,E08000012,3,5038,6,30,6,2,6,0,0,0,1,2,2,4,0,1,2,E01006513,08-11-2018,2,1,1,1,31,6,3,0,0,0,0,-1,5,1
37431,77.30593196,28.62945516,5,3,1,1,4,15:55,91,E08000012,6,0,6,30,6,2,6,0,0,0,1,1,1,0,0,1,1,E01006704,09-11-2018,1,1,3,2,47,8,3,5,3,0,0,-1,0,2
37432,77.3560554,28.55487148,5,3,2,1,1,15:58,91,E08000012,6,0,3,30,6,4,6,0,0,0,1,1,1,0,0,1,1,E01006650,06-11-2018,2,1,1,1,54,8,3,0,0,0,0,-1,5,1
37433,77.36155094,28.64444831,5,3,2,1,2,17:30,91,E08000012,6,0,6,30,3,4,6,0,0,0,4,9,2,0,0,1,2,E01006644,07-11-2018,2,1,1,1,43,7,3,0,0,0,0,-1,9,1
37434,77.17011905,28.69167519,5,3,1,1,1,01:30,91,E08000012,3,59,6,30,3,4,6,0,0,0,4,1,1,0,0,1,2,E01006790,25-09-2018,1,1,1,2,78,11,2,0,0,0,0,-1,9,1
37435,77.08823497,28.6785853,5,3,2,1,6,15:30,91,E08000012,3,580,3,40,6,2,6,0,0,5,1,1,2,0,0,1,2,E01006662,11-11-2018,2,2,2,2,17,4,2,0,0,1,0,-1,9,1
37436,77.2280989,28.56654168,5,3,1,1,2,20:35,91,E08000012,6,0,6,30,9,4,6,0,0,0,4,4,1,0,0,1,1,E01006751,07-11-2018,1,1,1,2,19,4,2,0,0,0,0,-1,9,1
37437,77.25099813,28.67588321,5,3,2,2,4,13:15,91,E08000012,3,580,2,30,3,4,3,580,0,0,1,1,1,0,0,1,2,E01006747,09-11-2018,1,2,2,1,16,4,3,0,0,1,0,-1,9,1
37438,77.34569701,28.72320728,5,3,2,1,5,18:20,91,E08000012,3,57,3,30,9,4,6,0,0,0,4,8,2,0,0,1,2,E01006571,10-11-2018,1,1,1,2,51,8,3,0,0,0,0,-1,1,3
37439,77.08369026,28.69842333,5,3,2,1,6,08:00,91,E08000012,3,59,3,30,5,4,3,5058,0,0,1,1,1,0,0,1,2,E01006610,04-11-2018,1,1,3,2,63,9,2,5,1,0,0,-1,0,1
37440,77.16556818,28.70336872,5,3,2,1,6,09:34,91,E08000012,4,5340,6,30,0,-1,-1,0,0,4,1,4,1,0,0,1,1,E01006748,11-11-2018,1,1,1,1,39,7,3,0,0,0,0,-1,19,2
37441,77.17406069,28.66601628,5,3,1,1,6,16:00,91,E08000012,6,0,2,30,6,4,3,59,0,0,1,2,2,0,0,1,1,E01006611,11-11-2018,2,2,1,1,51,8,3,0,0,0,0,-1,9,1
37442,77.32226829,28.60005357,5,3,2,1,6,19:55,91,E08000012,6,0,6,30,3,4,6,0,0,0,4,1,2,0,0,1,1,E01006513,11-11-2018,2,3,2,1,0,1,3,0,0,1,0,-1,9,2
37443,77.275659,28.56079848,5,3,2,2,6,22:10,91,E08000012,4,5179,6,30,3,4,6,0,0,0,4,1,2,0,0,1,1,E01006716,11-11-2018,2,1,1,1,34,6,3,0,0,0,0,-1,5,1
37444,77.24329119,28.55652252,5,3,2,3,7,18:45,91,E08000012,3,561,6,30,3,4,6,0,0,0,4,2,2,0,0,1,1,E01006515,12-11-2018,3,2,1,2,49,8,3,0,0,0,0,-1,9,2
37445,77.06299728,28.62904707,5,2,1,1,7,01:33,91,E08000012,4,5339,6,30,3,4,6,0,0,0,4,1,1,0,0,1,1,E01006511,12-11-2018,2,1,1,2,40,7,3,0,0,0,0,-1,9,1
37446,77.0748568,28.60639514,5,3,3,1,3,17:18,91,E08000012,3,59,6,30,3,4,6,0,0,0,4,2,2,0,0,1,1,E01006701,08-11-2018,2,2,2,2,43,7,3,0,0,1,0,-1,9,-1
37447,77.33257981,28.71681566,5,2,2,1,7,09:05,91,E08000012,3,57,6,30,3,2,6,0,0,5,1,1,1,0,0,1,2,E01006650,12-11-2018,1,1,1,1,29,6,3,0,0,0,0,-1,9,1
37448,77.25700603,28.66879625,5,3,2,2,3,15:30,91,E08000012,6,0,3,30,0,-1,-1,0,0,0,1,4,1,0,0,1,1,E01006672,18-10-2018,2,1,1,2,25,5,3,0,0,0,0,-1,9,1
37449,77.30024226,28.61310812,5,3,2,1,1,15:00,91,E08000012,6,0,6,30,3,4,3,57,0,0,1,1,1,0,0,1,1,E01006695,13-11-2018,2,1,1,1,42,7,3,0,0,0,0,-1,9,1
37450,77.07935515,28.71767947,5,3,2,2,2,09:00,91,E08000012,3,57,3,30,3,4,6,0,0,0,1,1,1,0,0,1,1,E01006714,17-10-2018,2,2,2,1,29,6,3,0,0,1,0,-1,9,1
37451,77.21325719,28.55158223,5,3,2,1,7,17:45,91,E08000012,3,5039,3,30,9,4,6,0,0,0,4,1,1,0,0,1,2,E01006513,29-10-2018,2,1,1,2,9,2,3,0,0,0,0,-1,1,1
37452,77.19689378,28.62695499,5,3,2,1,2,21:40,91,E08000012,6,0,6,30,0,-1,-1,0,0,0,1,1,1,0,0,1,1,E01006751,14-11-2018,1,1,1,1,22,5,3,0,0,0,0,-1,9,2
37453,77.11898496,28.66084212,5,3,2,1,2,17:10,91,E08000012,6,0,3,40,6,2,3,57,0,0,4,8,2,0,0,1,2,E01006571,07-11-2018,1,2,3,1,29,6,2,9,5,0,0,-1,0,1
37454,77.09961172,28.54152888,5,3,1,1,1,17:00,91,E08000012,3,5049,3,30,6,2,4,5188,0,4,4,1,1,0,0,1,1,E01006693,06-11-2018,1,1,1,1,39,7,3,0,0,0,0,-1,9,1
37455,77.25044297,28.65239722,5,3,2,1,3,13:15,91,E08000012,6,0,3,30,0,-1,-1,0,0,0,1,5,2,6,0,1,1,E01006759,08-11-2018,2,2,1,2,21,5,3,0,0,0,0,-1,9,1
37456,77.12591368,28.7187134,5,3,4,1,3,12:35,91,E08000012,6,0,6,30,3,4,6,0,0,0,1,1,1,0,0,1,1,E01006574,15-11-2018,1,1,2,1,57,9,3,0,0,1,0,-1,9,1
37457,77.0779269,28.67783624,5,3,2,1,1,20:30,91,E08000012,6,0,3,30,3,4,6,0,0,5,4,1,2,0,0,1,2,E01006604,13-11-2018,1,1,3,1,11,3,3,5,1,0,0,-1,0,-1
37458,77.26508968,28.64405893,5,3,1,1,3,08:00,91,E08000012,3,5058,3,30,5,4,3,59,0,0,1,1,2,0,0,1,1,E01006608,08-11-2018,1,1,1,2,23,5,3,0,0,0,0,-1,9,1
37459,77.31101878,28.55667399,5,3,2,1,5,08:35,91,E08000012,3,580,6,30,3,4,6,0,0,0,1,1,1,0,0,1,1,E01006766,17-11-2018,2,2,2,2,53,8,3,0,0,1,0,-1,9,1
37460,77.35097083,28.66659833,5,3,2,2,2,16:00,91,E08000012,6,0,2,30,3,2,6,0,0,0,1,1,1,0,0,1,2,E01006650,31-10-2018,1,1,3,1,82,11,3,5,9,0,0,-1,0,1
37461,77.29763035,28.68659664,5,3,2,2,3,18:30,91,E08000012,6,0,6,30,0,-1,-1,0,0,0,4,1,1,0,0,1,1,E01006746,22-11-2018,1,1,3,2,3,1,3,5,3,0,0,-1,0,1
37462,77.22833733,28.55222394,5,3,2,1,5,17:00,91,E08000012,4,5173,6,30,0,-1,-1,0,0,4,4,1,1,0,0,1,1,E01006691,10-11-2018,1,1,1,1,20,4,3,0,0,0,0,-1,9,2
37463,77.30793891,28.67145357,5,3,2,1,7,16:20,91,E08000012,4,5173,6,30,6,4,4,5178,0,0,1,1,1,0,0,1,1,E01006749,19-11-2018,1,1,1,1,34,6,2,0,0,0,0,-1,1,1
37464,77.22019736,28.6592794,5,3,2,1,7,18:45,91,E08000012,6,0,6,30,0,-1,-1,0,0,0,4,1,1,0,0,1,1,E01006571,22-10-2018,1,1,1,1,16,4,3,0,0,0,0,-1,1,1
37465,77.2532833,28.69696476,5,3,2,1,3,15:45,91,E08000012,6,0,3,30,3,4,3,580,0,0,1,1,1,0,0,1,2,E01006558,15-11-2018,1,1,3,2,16,4,3,5,1,0,0,-1,0,1
37466,77.07555463,28.69343904,5,3,2,1,2,17:30,91,E08000012,3,5039,6,30,6,4,3,5039,0,0,1,1,1,0,0,1,1,E01006514,14-11-2018,1,1,3,2,4,1,2,5,4,0,0,-1,0,1
37467,77.2515907,28.70698578,5,3,2,1,7,08:10,91,E08000012,3,57,3,30,0,-1,-1,0,0,0,1,1,4,0,0,1,1,E01006650,19-11-2018,1,1,3,2,24,5,3,4,1,0,0,-1,0,1
37468,77.21680811,28.65013092,5,3,1,1,2,20:50,91,E08000012,6,0,6,30,3,4,6,0,0,0,4,1,1,0,0,1,1,E01006760,14-11-2018,1,1,1,2,81,11,3,0,0,0,0,-1,9,2
37469,77.13756607,28.72385514,5,3,2,2,2,16:35,91,E08000012,3,57,3,30,6,2,3,5058,0,5,4,7,2,0,0,1,1,E01006565,21-11-2018,2,2,1,1,40,7,3,0,0,0,0,-1,9,1
37470,77.30999309,28.60789512,5,3,2,4,5,10:00,91,E08000012,3,59,3,30,3,2,3,57,0,0,1,4,1,0,0,1,1,E01006650,24-11-2018,2,1,1,1,45,7,3,0,0,0,0,-1,19,1
37471,77.06783321,28.54040466,5,3,1,1,7,15:20,91,E08000012,6,0,2,30,3,3,6,0,0,0,1,1,1,0,0,1,2,E01006545,19-11-2018,1,1,1,1,17,4,3,0,0,0,0,-1,2,1
37472,77.14704414,28.6422056,5,3,2,1,7,11:15,91,E08000012,6,0,1,30,1,4,3,59,0,5,1,1,2,0,0,1,2,E01006650,12-11-2018,1,1,1,1,53,8,3,0,0,0,0,-1,9,1
37473,77.10573785,28.54130491,5,3,2,1,2,12:13,91,E08000012,6,0,6,30,0,-1,-1,0,0,5,1,1,1,0,0,1,2,E01006650,14-11-2018,2,1,1,1,37,7,3,0,0,0,0,-1,9,2
37474,77.36361368,28.55132047,5,2,1,1,6,13:30,91,E08000012,6,0,6,30,3,4,6,0,0,0,1,4,2,0,0,1,1,E01006701,11-11-2018,2,2,2,2,34,6,3,0,0,1,0,-1,9,2
37475,77.33362475,28.6677022,5,3,2,4,6,10:56,91,E08000012,3,5058,3,40,6,2,3,5049,0,0,1,1,1,0,0,1,1,E01006618,18-11-2018,2,1,1,1,36,7,3,0,0,0,0,-1,9,2
37476,77.30940838,28.63582347,5,3,2,1,7,12:31,91,E08000012,3,59,3,30,3,4,3,5053,0,0,1,1,1,0,0,1,1,E01006648,19-11-2018,2,1,1,2,30,6,3,0,0,0,0,-1,9,1
37477,77.06338555,28.69701378,5,2,2,1,7,14:01,91,E08000012,6,0,6,30,3,4,6,0,0,0,1,1,1,0,0,1,1,E01006614,19-11-2018,2,1,1,1,36,7,3,0,0,0,0,-1,4,1
37478,77.24897307,28.64483005,5,3,2,1,3,12:15,91,E08000012,6,0,3,30,6,4,6,0,0,0,1,1,1,0,0,1,1,E01006619,22-11-2018,2,1,1,1,47,8,2,0,0,0,0,-1,1,1
37479,77.1075139,28.69861699,5,3,1,1,1,12:45,91,E08000012,3,59,6,30,3,4,6,0,0,4,1,1,1,0,0,1,1,E01006705,23-10-2018,1,1,1,2,18,4,3,0,0,0,0,-1,9,3
37480,77.31180731,28.5664009,5,3,2,2,6,16:50,91,E08000012,6,0,6,30,3,4,6,0,0,0,4,1,1,0,0,1,1,E01006648,25-11-2018,1,1,3,1,59,9,3,5,2,0,0,-1,0,1
37481,77.30604888,28.58652767,5,3,2,1,1,15:55,91,E08000012,3,59,6,30,7,2,3,5038,0,5,1,1,1,0,0,1,1,E01006698,27-11-2018,1,1,3,1,17,4,3,5,2,0,0,-1,0,1
37482,77.28900089,28.66563338,5,3,2,1,5,21:40,91,E08000012,4,5189,6,30,9,4,6,0,0,0,4,2,2,0,0,1,1,E01006761,10-11-2018,2,1,1,1,35,6,2,0,0,0,0,-1,8,1
37483,77.22962931,28.66444998,5,3,1,1,1,14:50,91,E08000012,3,5036,3,30,6,2,3,5059,0,5,1,1,1,0,0,1,1,E01006650,27-11-2018,1,1,1,1,13,3,2,0,0,0,0,-1,1,1
37484,77.31392517,28.70651942,5,1,2,1,5,03:25,91,E08000012,3,59,6,30,0,-1,-1,0,0,0,4,8,2,0,0,1,1,E01006700,01-12-2018,2,1,1,1,75,10,3,0,0,0,0,-1,1,1
37485,77.28195095,28.59619616,5,3,3,4,1,16:00,91,E08000012,3,580,3,60,3,4,6,0,0,4,4,1,1,0,0,1,2,E01006736,27-11-2018,1,1,1,1,19,4,3,0,0,0,0,-1,9,2
37486,77.19021368,28.59291566,5,3,2,1,1,17:20,91,E08000012,3,5038,2,30,0,-1,-1,0,0,0,4,1,1,4,0,1,2,E01006513,20-11-2018,1,1,1,2,18,4,3,0,0,0,0,-1,9,2
37487,77.09426188,28.64154466,5,1,4,2,6,16:35,91,E08000012,4,5189,6,30,3,4,6,0,0,0,4,2,2,0,0,1,1,E01006711,02-12-2018,2,2,1,1,20,4,3,0,0,0,0,-1,9,2
37488,77.10594803,28.61778736,5,3,2,1,5,08:45,91,E08000012,1,62,3,30,7,2,3,5080,0,0,1,1,1,0,0,1,2,E01006584,17-11-2018,2,1,1,1,28,6,3,0,0,0,0,-1,1,2
37489,77.30607588,28.56711668,5,3,1,1,1,14:45,91,E08000012,6,0,6,30,3,4,3,57,0,0,1,1,1,0,0,1,2,E01006573,06-11-2018,2,1,1,1,55,8,3,0,0,0,0,-1,1,2
37490,77.27383369,28.61459749,5,2,1,1,5,11:55,91,E08000012,4,5178,6,30,0,-1,-1,0,0,4,1,5,2,0,0,1,1,E01006733,24-11-2018,1,1,3,2,23,5,2,1,1,0,0,-1,0,1
37491,77.09522482,28.72345762,5,3,3,1,2,12:10,91,E08000012,4,5189,6,30,3,4,6,0,0,4,1,1,2,0,0,1,1,E01006761,28-11-2018,1,1,1,1,40,7,3,0,0,0,0,-1,9,1
37492,77.17745155,28.64333709,5,3,2,1,2,11:25,91,E08000012,6,0,7,70,7,4,6,0,0,0,1,1,2,0,0,1,2,E01006791,28-11-2018,2,2,1,2,24,5,3,0,0,0,0,-1,9,1
37493,77.23648852,28.66677138,5,2,2,1,7,17:36,91,E08000012,4,5179,6,30,6,2,6,0,0,5,4,1,1,0,0,1,1,E01006716,26-11-2018,1,1,1,2,54,8,3,0,0,0,0,-1,9,2
37494,77.16980459,28.60810266,5,3,2,2,5,17:45,91,E08000012,6,0,6,30,9,4,6,0,0,0,7,8,2,0,0,1,1,E01006568,03-11-2018,1,1,1,1,31,6,3,0,0,0,0,-1,9,1
37495,77.2483315,28.65193441,5,3,2,1,2,12:22,91,E08000012,3,5058,3,30,7,2,3,5058,0,0,1,1,1,0,0,1,1,E01006567,14-11-2018,1,1,1,1,30,6,3,0,0,0,0,-1,1,1
37496,77.36139607,28.71304992,5,3,1,1,3,16:45,91,E08000012,6,0,6,30,9,4,6,0,0,4,4,2,2,0,0,1,1,E01006570,08-11-2018,1,1,1,1,31,6,3,0,0,0,0,-1,9,-1
37497,77.29890764,28.6181741,5,3,3,3,6,16:54,91,E08000012,4,5187,6,30,3,4,4,5187,0,4,4,1,1,0,0,1,1,E01006789,25-11-2018,2,2,1,1,25,5,3,0,0,0,0,-1,3,2
37498,77.15176555,28.71458464,5,3,2,2,6,07:43,91,E08000012,3,59,6,30,3,4,6,0,0,0,1,1,1,0,0,1,1,E01006791,25-11-2018,2,1,1,2,41,7,3,0,0,0,0,-1,9,2
37499,77.16312263,28.61958971,5,3,1,1,5,02:30,91,E08000012,6,0,3,30,3,4,6,0,0,0,4,9,1,0,0,2,1,E01006667,24-11-2018,2,1,1,2,37,7,3,0,0,0,0,-1,9,3
37500,77.30572693,28.66423573,5,3,2,2,4,11:12,91,E08000012,3,5080,3,60,6,2,6,0,0,0,1,1,1,0,0,2,1,E01006663,23-11-2018,1,1,1,1,22,5,3,0,0,0,0,-1,9,1
37501,77.2677317,28.71203101,5,3,1,1,3,20:10,91,E08000012,3,59,6,30,3,4,6,0,0,4,4,1,1,0,2,2,1,E01012469,15-11-2018,1,1,1,2,23,5,3,0,0,0,0,-1,9,1
37502,77.21358409,28.72121673,5,3,3,2,4,22:35,91,E08000012,3,5058,3,30,6,2,3,5058,0,0,4,1,1,0,0,1,1,E01006584,16-11-2018,2,1,1,1,31,6,3,0,0,0,0,-1,9,1
37503,77.1279756,28.62150747,5,3,2,1,2,15:10,91,E08000012,6,0,6,30,3,4,6,0,0,0,1,1,1,0,0,1,2,E01006714,21-11-2018,2,2,2,2,25,5,3,0,0,1,0,-1,9,1
37504,77.11990662,28.62537331,5,3,2,1,3,17:14,91,E08000012,3,5058,3,40,3,4,6,0,0,0,4,2,2,0,0,1,1,E01006584,29-11-2018,2,1,1,2,36,7,3,0,0,0,0,-1,9,1