Accident_Index,longitude,latitude,Police_Force,Accident_Severity,Number_of_Vehicles,Number_of_Casualties,Day_of_Week,Time,Local_Authority_(District),Local_Authority_(Highway),1st_Road_Class,1st_Road_Number,Road_Type,Speed_limit,Junction_Detail,Junction_Control,2nd_Road_Class,2nd_Road_Number,Pedestrian_Crossing-Human_Control,Pedestrian_Crossing-Physical_Facilities,Light_Conditions,Weather_Conditions,Road_Surface_Conditions,Special_Conditions_at_Site,Carriageway_Hazards,Urban_or_Rural_Area,Did_Police_Officer_Attend_Scene_of_Accident,LSOA_of_Accident_Location,Date,Vehicle_Reference,Casualty_Reference,Casualty_Class,Sex_of_Casualty,Age_of_Casualty,Age_Band_of_Casualty,Casualty_Severity,Pedestrian_Location,Pedestrian_Movement,Car_Passenger,Bus_or_Coach_Passenger,Pedestrian_Road_Maintenance_Worker,Casualty_Type,Casualty_Home_Area_Type
37626,77.1902727,28.54482408,5,3,1,1,3,00:10,91,E08000012,3,5058,3,40,3,2,3,5049,0,4,4,1,1,0,0,1,1,E01006618,04-01-2018,1,2,2,2,46,8,3,0,0,1,0,-1,9,1
37627,77.20149187,28.53777924,5,3,3,1,1,20:30,91,E08000012,6,0,6,30,0,-1,-1,0,0,0,4,1,1,0,0,1,1,E01006765,09-01-2018,2,1,1,1,58,9,2,0,0,0,0,-1,1,-1
37628,77.33653849,28.62808725,5,2,1,1,3,00:49,90,E08000011,5,0,6,30,0,-1,-1,0,0,0,4,4,1,0,0,1,1,E01006510,04-01-2018,1,1,1,1,19,4,3,0,0,0,0,-1,9,2
37629,77.291406,28.61597787,5,3,1,1,7,16:30,91,E08000012,6,0,6,30,0,-1,-1,0,0,0,4,1,1,0,0,1,2,E01006544,08-01-2018,2,2,1,2,18,4,3,0,0,0,0,-1,9,3
37630,77.32073721,28.61275283,5,3,2,1,4,15:35,91,E08000012,3,59,6,30,3,4,6,0,0,0,1,2,2,0,0,1,2,E01006791,05-01-2018,1,1,2,2,23,5,3,0,0,1,0,-1,9,1
37631,77.13322238,28.69337237,5,3,2,6,7,14:19,91,E08000012,3,580,3,40,6,2,4,5187,0,4,1,2,2,0,0,1,1,E01006733,01-01-2018,1,1,1,1,20,4,3,0,0,0,0,-1,9,-1
37632,77.22301212,28.7246309,5,3,2,1,4,15:00,91,E08000012,5,0,6,30,0,-1,-1,0,0,0,1,1,1,0,0,1,1,E01006511,05-01-2018,1,6,2,2,17,4,3,0,0,2,0,-1,9,3
37633,77.30992869,28.61693817,5,3,2,2,7,00:45,91,E08000012,3,5058,3,30,7,2,3,57,0,5,4,2,2,0,0,1,2,E01006565,08-01-2018,1,7,2,1,21,5,3,0,0,1,0,-1,9,1
37634,77.25235667,28.53857683,5,2,1,1,6,18:20,91,E08000012,3,580,6,30,6,4,6,0,0,0,4,5,2,0,0,1,1,E01006609,07-01-2018,1,8,2,2,19,4,3,0,0,2,0,-1,9,1
37635,77.23231806,28.54464058,5,3,1,1,5,18:20,91,E08000012,5,0,6,30,0,-1,-1,0,0,0,4,1,1,0,0,1,1,E01006513,06-01-2018,2,2,1,1,33,6,2,0,0,0,0,-1,9,-1
37636,77.08733023,28.56663855,5,3,2,1,2,14:17,91,E08000012,5,0,6,30,6,2,3,59,0,5,1,1,1,0,0,1,2,E01006777,10-01-2018,2,3,2,1,54,8,2,0,0,1,0,-1,9,1
37637,77.07242749,28.71934373,5,3,2,2,3,19:05,91,E08000012,6,0,1,30,1,3,3,5049,0,0,4,1,1,0,0,1,2,E01006761,11-01-2018,2,4,2,2,52,8,2,0,0,2,0,-1,9,1
37638,77.13186755,28.57654624,5,2,1,1,2,20:00,91,E08000012,3,59,3,30,0,-1,-1,0,0,0,4,1,2,0,0,1,1,E01006777,10-01-2018,2,5,2,2,52,8,2,0,0,2,0,-1,9,1
37639,77.28487502,28.55522128,5,3,2,1,3,07:50,91,E08000012,3,57,2,30,3,4,3,5051,0,0,4,1,1,4,0,1,1,E01006650,18-01-2018,2,1,1,1,17,4,3,0,0,0,0,-1,3,-1
37640,77.08904733,28.60446652,5,2,1,1,1,08:35,91,E08000012,3,580,3,30,3,4,6,0,0,0,1,1,2,0,0,1,1,E01006609,16-01-2018,2,1,1,1,26,6,2,0,0,0,0,-1,5,1
37641,77.07689368,28.65295973,5,3,1,1,5,22:10,91,E08000012,6,0,6,30,0,-1,-1,0,0,5,7,9,1,0,0,1,2,E01006716,13-01-2018,2,1,1,1,48,8,3,0,0,0,0,-1,9,1
37642,77.20269174,28.68277324,5,2,1,1,4,14:20,91,E08000012,3,5040,2,30,9,4,3,5040,0,4,1,1,1,0,0,1,1,E01006650,09-02-2018,1,1,2,1,18,4,3,0,0,1,0,-1,9,1
37643,77.11001888,28.59012148,5,3,1,2,1,01:32,91,E08000012,3,5058,3,30,7,2,6,0,0,0,4,1,1,0,0,1,1,E01006768,16-01-2018,1,1,1,2,25,5,3,0,0,0,0,-1,9,1
37644,77.19633879,28.63267285,5,3,2,1,1,12:05,91,E08000012,5,0,6,30,6,2,3,580,0,5,1,4,1,0,0,1,1,E01006547,02-01-2018,1,2,3,1,27,6,2,1,1,0,0,-1,0,-1
37645,77.32611348,28.7225717,5,2,1,2,6,16:40,91,E08000012,3,5080,3,30,6,2,3,5047,0,5,4,1,1,0,0,1,1,E01006716,14-01-2018,2,1,1,1,22,5,3,0,0,0,0,-1,9,1
37646,77.21603381,28.71596791,5,3,2,4,3,13:00,91,E08000012,3,57,3,30,0,-1,-1,0,0,5,1,3,2,0,0,1,1,E01006569,11-01-2018,1,1,1,1,24,5,3,0,0,0,0,-1,5,1
37647,77.23529839,28.58932181,5,3,2,2,3,12:25,91,E08000012,6,0,6,30,3,4,6,0,0,0,1,2,2,0,0,1,1,E01006759,11-01-2018,1,1,1,1,68,10,2,0,0,0,0,-1,9,1
37648,77.12362362,28.70822819,5,3,2,2,7,11:40,91,E08000012,3,580,3,30,7,2,5,0,0,5,4,1,2,0,0,1,1,E01006736,15-01-2018,1,2,2,1,73,10,1,0,0,1,0,-1,9,1
37649,77.20753298,28.62142653,5,3,2,1,5,09:20,91,E08000012,3,506,6,30,0,-1,-1,0,0,0,1,1,1,0,0,1,2,E01006840,13-01-2018,2,1,1,2,38,7,3,0,0,0,0,-1,9,3
37650,77.07168246,28.55870629,5,3,2,1,6,23:45,91,E08000012,6,0,6,30,6,4,6,0,0,0,4,1,1,0,0,1,1,E01006617,14-01-2018,2,1,1,2,41,7,3,0,0,0,0,-1,9,1
37651,77.29681801,28.55247476,5,3,2,1,3,17:22,91,E08000012,3,5047,3,30,3,4,6,0,0,0,4,1,1,0,0,1,2,E01006692,11-01-2018,1,1,1,1,20,4,3,0,0,0,0,-1,9,1
37652,77.16579034,28.71129956,5,3,2,2,3,19:45,91,E08000012,5,0,6,30,3,4,5,0,0,0,4,1,1,0,0,1,1,E01006859,11-01-2018,1,2,2,1,23,5,3,0,0,1,0,-1,9,1
37653,77.16773642,28.57013394,5,3,2,3,5,19:34,91,E08000012,3,5089,3,30,6,2,3,5050,0,0,4,1,1,0,0,1,1,E01006560,13-01-2018,1,1,3,2,14,3,2,5,1,0,0,-1,0,1
37654,77.06292874,28.64870968,5,3,2,2,2,17:00,91,E08000012,5,0,6,30,3,4,6,0,0,0,4,5,2,0,0,1,1,E01006646,17-01-2018,3,1,2,2,62,9,3,0,0,1,0,-1,9,1
37655,77.10803642,28.72035428,5,3,2,2,4,14:05,91,E08000012,6,0,6,30,0,-1,-1,0,0,0,1,1,1,0,0,1,1,E01006716,12-01-2018,3,2,2,1,64,9,3,0,0,2,0,-1,9,1
37656,77.22131382,28.64340079,5,3,1,1,4,15:40,91,E08000012,3,57,3,40,3,4,6,0,0,0,1,1,1,0,0,1,1,E01006571,12-01-2018,1,1,1,1,27,6,3,0,0,0,0,-1,9,1
37657,77.13302726,28.61756722,5,3,2,2,2,08:30,91,E08000012,6,0,6,30,6,2,3,57,0,5,1,7,2,0,0,1,2,E01006746,17-01-2018,1,2,2,1,14,3,3,0,0,2,0,-1,9,1
37658,77.32985675,28.72303635,5,2,2,1,7,12:36,91,E08000012,6,0,6,30,3,4,6,0,0,0,1,4,1,0,0,1,1,E01006662,08-01-2018,1,1,1,1,17,4,3,0,0,0,0,-1,3,1
37659,77.24910357,28.63732346,5,3,1,1,5,10:30,91,E08000012,3,59,6,30,3,4,6,0,0,0,1,1,1,0,0,1,1,E01006782,06-01-2018,2,2,1,2,31,6,3,0,0,0,0,-1,9,3
37660,77.19777429,28.67457756,5,3,2,1,3,10:40,91,E08000012,3,5049,3,30,6,2,6,0,0,4,1,1,1,0,0,1,1,E01006760,11-01-2018,1,1,1,1,18,4,2,0,0,0,0,-1,1,3
37661,77.14388752,28.53814194,5,3,1,1,3,15:25,91,E08000012,3,580,3,30,3,3,6,0,0,4,1,8,2,0,0,2,1,E01006898,18-01-2018,1,1,1,1,31,6,3,0,0,0,0,-1,9,1
37662,77.24855877,28.5433001,5,3,3,1,4,09:30,91,E08000012,4,5188,6,30,9,2,6,0,0,0,1,1,1,0,0,1,1,E01006697,19-01-2018,2,2,1,1,27,6,3,0,0,0,0,-1,9,1
37663,77.06370779,28.66815315,5,3,2,1,4,12:00,91,E08000012,5,0,6,30,6,2,5,0,0,0,1,1,1,0,0,1,2,E01006624,19-01-2018,2,3,2,2,22,5,3,0,0,1,0,-1,9,1
37664,77.24416527,28.55698389,5,3,2,1,4,16:57,91,E08000012,6,0,6,30,3,4,5,0,0,0,4,5,2,0,0,1,2,E01006650,19-01-2018,2,4,2,1,33,6,3,0,0,2,0,-1,9,1
37665,77.16909099,28.5583432,5,3,3,3,4,11:40,91,E08000012,3,57,6,30,9,2,6,0,0,0,1,1,1,0,0,1,1,E01006691,19-01-2018,1,2,2,1,20,4,3,0,0,1,0,-1,9,1
37666,77.22724317,28.71798523,5,3,2,1,1,15:10,91,E08000012,4,5187,6,30,3,4,6,0,0,0,1,1,1,0,0,1,1,E01006789,16-01-2018,2,1,1,2,19,4,3,0,0,0,0,-1,9,1
37667,77.3688323,28.654159,5,3,3,1,4,09:05,91,E08000012,3,5058,3,40,6,2,3,580,0,0,1,1,1,0,0,1,1,E01006613,19-01-2018,2,3,2,1,20,4,3,0,0,1,0,-1,9,1
37668,77.10862189,28.6160099,5,3,2,1,3,12:57,91,E08000012,5,0,6,30,6,4,6,0,0,0,1,6,4,5,0,1,1,E01006546,18-01-2018,2,4,2,1,20,4,3,0,0,2,0,-1,9,1
37669,77.11087275,28.54092315,5,3,1,1,5,07:30,91,E08000012,3,506,6,30,9,4,6,0,0,5,4,5,2,0,0,1,2,E01006655,20-01-2018,1,1,1,1,65,9,3,0,0,0,0,-1,8,1
37670,77.08053192,28.56561651,5,3,2,2,5,17:30,91,E08000012,6,0,3,30,6,4,6,0,0,5,4,1,2,0,0,1,1,E01006598,20-01-2018,2,2,1,2,36,7,2,0,0,0,0,-1,9,3
37671,77.30274366,28.60255634,5,3,2,1,7,20:10,91,E08000012,3,5058,3,40,3,4,6,0,0,0,4,1,1,0,0,1,1,E01006719,22-01-2018,3,3,1,1,37,7,2,0,0,0,0,-1,8,1
37672,77.25458107,28.71084595,5,1,1,2,1,03:05,91,E08000012,3,580,3,30,3,4,3,580,0,0,4,1,2,0,0,1,1,E01006747,23-01-2018,3,4,2,2,50,8,3,0,0,1,0,-1,8,1
37673,77.13614303,28.63819965,5,1,1,1,3,09:30,91,E08000012,6,0,6,30,0,-1,-1,0,0,0,1,1,1,0,0,1,1,E01006691,25-01-2018,2,1,1,1,49,8,2,0,0,0,0,-1,9,1
37674,77.26558231,28.66533822,5,2,1,1,4,20:00,91,E08000012,5,0,6,30,0,-1,-1,0,0,0,4,1,1,0,0,1,2,E01006511,05-01-2018,2,1,1,1,53,8,2,0,0,0,0,-1,9,3
37675,77.30815947,28.7150401,5,3,2,1,1,11:15,91,E08000012,6,0,6,30,3,4,6,0,0,0,1,8,1,0,0,1,2,E01006617,23-01-2018,1,1,1,2,41,7,3,0,0,0,0,-1,9,1
37676,77.29595003,28.62776336,5,3,2,1,2,21:30,91,E08000012,6,0,6,30,3,4,6,0,0,0,4,1,2,0,0,1,1,E01006568,17-01-2018,1,3,2,1,17,4,3,0,0,1,0,-1,9,1
37677,77.17188846,28.68237385,5,3,2,1,7,08:24,91,E08000012,6,0,6,30,6,4,6,0,0,0,1,8,4,0,0,1,1,E01006765,22-01-2018,2,2,1,2,44,7,3,0,0,0,0,-1,9,1
37678,77.18006755,28.62955488,5,3,1,1,4,08:30,91,E08000012,3,580,6,30,3,4,5,0,0,0,1,1,1,0,0,1,2,E01006547,26-01-2018,2,1,1,1,39,7,3,0,0,0,0,-1,9,-1
37679,77.22288692,28.64123622,5,3,1,1,7,20:50,91,E08000012,4,5187,6,30,3,2,5,0,0,0,4,1,1,0,0,1,2,E01006785,22-01-2018,3,2,1,2,39,7,3,0,0,0,0,-1,9,-1
37680,77.25358682,28.61080321,5,3,2,4,4,16:40,91,E08000012,3,57,6,30,3,4,6,0,0,0,4,2,2,0,0,1,1,E01006714,19-01-2018,1,1,1,2,59,9,3,0,0,0,0,-1,9,1
37681,77.19659947,28.69352978,5,3,1,1,7,11:30,91,E08000012,3,5058,3,40,6,2,3,5049,0,5,1,1,1,0,0,1,1,E01006768,22-01-2018,2,2,1,1,64,9,3,0,0,0,0,-1,9,3
37682,77.29840635,28.57989654,5,3,1,1,6,15:20,91,E08000012,6,0,6,30,3,4,6,0,0,0,1,1,2,0,0,1,1,E01006705,21-01-2018,1,1,3,1,7,2,3,5,3,0,0,-1,0,-1
37683,77.10326864,28.54821952,5,3,2,3,6,10:45,91,E08000012,5,0,6,30,0,-1,-1,0,0,0,1,1,1,0,0,1,1,E01006548,21-01-2018,1,1,1,1,25,5,3,0,0,0,0,-1,19,1
37684,77.26081956,28.58659856,5,3,2,1,1,22:25,91,E08000012,3,59,3,30,3,4,6,0,0,0,4,1,1,0,0,1,1,E01006698,16-01-2018,2,2,1,2,34,6,3,0,0,0,0,-1,9,2
37685,77.17430342,28.66591159,5,3,2,2,1,14:00,91,E08000012,5,0,6,30,3,4,6,0,0,0,1,1,1,0,0,1,1,E01006567,23-01-2018,1,1,2,2,16,4,3,0,0,1,0,-1,9,1
37686,77.25092555,28.68221994,5,3,2,1,1,10:00,91,E08000012,3,5058,3,40,0,-1,-1,0,0,0,1,1,2,0,0,1,1,E01006719,23-01-2018,2,1,1,1,56,9,3,0,0,0,0,-1,9,1
37687,77.2336148,28.71574331,5,3,2,1,4,16:45,91,E08000012,6,0,6,30,0,-1,-1,0,0,0,1,1,1,0,0,1,1,E01006759,26-01-2018,3,1,1,1,24,5,3,0,0,0,0,-1,9,1
37688,77.16581186,28.69059044,5,3,3,1,3,00:29,91,E08000012,3,5058,3,40,6,2,3,5049,0,5,4,1,1,0,0,1,1,E01006618,25-01-2018,1,1,1,2,23,5,2,0,0,0,0,-1,9,3
37689,77.28504414,28.62193316,5,3,2,1,5,08:40,91,E08000012,6,0,3,30,6,2,3,5038,0,4,1,2,2,0,0,1,2,E01006649,20-01-2018,1,1,1,1,30,6,3,0,0,0,0,-1,9,1
37690,77.12943554,28.63114094,5,3,2,2,3,08:50,91,E08000012,4,5340,2,30,0,-1,-1,0,0,0,1,1,1,0,0,1,2,E01006747,25-01-2018,1,1,1,1,49,8,3,0,0,0,0,-1,9,2
37691,77.29481216,28.54282026,5,3,2,1,4,04:00,91,E08000012,6,0,6,30,6,4,6,0,0,0,4,1,1,0,0,1,1,E01006729,26-01-2018,2,2,1,2,61,9,3,0,0,0,0,-1,9,-1
37692,77.10574301,28.68355345,5,3,2,1,1,03:15,91,E08000012,3,5047,6,30,3,2,6,0,0,0,4,1,1,0,0,1,2,E01006714,23-01-2018,3,3,2,1,25,5,3,0,0,0,4,-1,11,-1
37693,77.33152518,28.60079963,5,3,2,3,5,13:20,91,E08000012,3,567,6,30,3,4,6,0,0,0,1,1,1,0,0,1,2,E01006778,06-01-2018,3,4,2,1,16,4,3,0,0,0,4,-1,11,1
37694,77.30302491,28.61111217,5,3,2,1,6,18:30,91,E08000012,3,5048,6,30,6,2,5,0,0,4,4,1,2,0,0,1,1,E01006512,21-01-2018,3,5,2,1,18,4,3,0,0,0,4,-1,11,-1
37695,77.07896417,28.70762146,5,3,3,1,3,19:20,91,E08000012,6,0,6,30,0,-1,-1,0,0,0,1,1,1,0,0,1,1,E01006766,04-01-2018,1,1,1,2,51,8,3,0,0,0,0,-1,9,2
37696,77.13482713,28.56231696,5,2,1,1,5,13:41,91,E08000012,3,5049,3,30,0,-1,-1,0,0,0,1,1,1,0,0,1,1,E01006693,27-01-2018,2,2,1,1,27,6,3,0,0,0,0,-1,9,1
37697,77.10189581,28.65215293,5,3,2,1,3,12:45,91,E08000012,4,5189,6,30,3,4,6,0,0,4,1,5,2,0,0,1,2,E01006761,18-01-2018,1,1,3,1,19,4,2,5,1,0,0,-1,0,1
37698,77.31323062,28.66093495,5,3,2,1,6,08:45,91,E08000012,3,5049,3,30,6,2,6,0,0,0,1,1,1,0,0,1,1,E01006650,14-01-2018,1,1,1,1,19,4,1,0,0,0,0,-1,9,1
37699,77.25343818,28.61950457,5,3,1,6,7,22:10,91,E08000012,3,5049,3,30,0,-1,-1,0,0,5,4,1,2,0,0,1,1,E01006761,22-01-2018,1,3,2,1,18,4,2,0,0,1,0,-1,9,-1
37700,77.33591925,28.68932825,5,3,1,1,6,15:30,91,E08000012,3,580,6,30,3,2,3,5089,0,0,1,1,1,0,0,1,1,E01006562,21-01-2018,2,2,1,1,47,8,2,0,0,0,0,-1,9,1
37701,77.117172,28.65948286,5,2,2,1,4,16:25,91,E08000012,6,0,6,30,6,4,6,0,0,0,1,1,1,0,0,1,1,E01006606,26-01-2018,2,1,2,2,29,6,3,0,0,1,0,-1,9,1
37702,77.09818479,28.71211331,5,3,3,1,2,21:15,91,E08000012,3,580,3,40,6,2,5,0,0,0,4,1,1,0,0,1,1,E01006662,10-01-2018,2,2,2,2,2,1,3,0,0,2,0,-1,9,1
37703,77.06252871,28.60331071,5,3,1,1,2,10:45,91,E08000012,3,5047,6,30,3,4,6,0,0,5,1,1,1,0,0,1,1,E01006747,24-01-2018,1,1,1,1,20,4,3,0,0,0,0,-1,3,2
37704,77.33686473,28.65306078,5,3,1,1,7,01:10,91,E08000012,3,5038,6,30,0,-1,-1,0,0,0,4,1,1,0,0,1,1,E01006515,29-01-2018,1,1,1,2,25,5,3,0,0,0,0,-1,9,1
37705,77.28409406,28.69255404,5,3,2,1,5,09:10,91,E08000012,3,57,6,30,9,2,4,5189,0,5,1,1,1,0,0,1,2,E01006714,13-01-2018,2,1,1,1,46,8,1,0,0,0,0,-1,5,1
37706,77.11347811,28.62523263,5,3,2,1,4,20:00,91,E08000012,3,5047,3,30,7,2,4,5179,0,4,4,1,1,0,0,1,2,E01006716,26-01-2018,1,1,1,1,35,6,1,0,0,0,0,-1,21,2
37707,77.24610268,28.62289929,5,3,2,1,2,15:20,91,E08000012,3,5036,3,30,3,2,6,0,0,5,1,1,1,4,0,1,2,E01006511,24-01-2018,1,1,1,1,20,4,2,0,0,0,0,-1,9,3
37708,77.21246302,28.67143292,5,3,3,2,3,18:07,91,E08000012,3,580,3,30,0,-1,-1,0,0,0,1,1,1,0,0,1,1,E01006650,01-02-2018,1,2,2,2,18,4,3,0,0,1,0,-1,9,1
37709,77.22881353,28.65632874,5,3,2,1,3,22:13,91,E08000012,5,0,6,30,3,4,6,0,0,0,4,1,2,0,0,1,1,E01006701,04-01-2018,1,1,3,1,13,3,2,1,1,0,0,-1,0,1
37710,77.11797292,28.62063199,5,3,1,1,4,15:20,91,E08000012,3,5089,6,30,0,-1,-1,0,0,0,1,2,2,0,0,1,2,E01006561,19-01-2018,1,1,3,1,6,2,3,10,9,0,0,-1,0,1
37711,77.3498502,28.597928,5,3,2,1,3,21:09,91,E08000012,5,0,6,30,3,4,6,0,0,0,4,1,2,0,0,1,1,E01006672,18-01-2018,1,1,1,1,31,6,2,0,0,0,0,-1,9,1
37712,77.09733016,28.62502812,5,3,1,1,4,09:08,91,E08000012,3,580,3,30,6,4,6,0,0,4,1,1,2,0,0,1,1,E01006609,02-02-2018,2,2,1,2,22,5,3,0,0,0,0,-1,9,1
37713,77.12781953,28.66082048,5,3,2,1,5,19:25,91,E08000012,6,0,6,20,3,4,6,0,0,0,4,1,2,0,0,1,1,E01006660,03-02-2018,2,1,1,1,35,6,3,0,0,0,0,-1,9,1
37714,77.06453484,28.5843978,5,3,2,4,5,15:35,91,E08000012,5,0,6,30,3,4,6,0,0,0,1,2,2,0,0,1,1,E01006664,20-01-2018,2,1,1,1,46,8,3,0,0,0,0,-1,9,1
37715,77.23151465,28.64818969,5,3,2,1,3,10:44,91,E08000012,3,5049,3,30,6,2,3,5058,0,5,1,1,1,0,0,1,1,E01006605,01-02-2018,2,1,1,1,59,9,3,0,0,0,0,-1,9,3
37716,77.14647573,28.57350092,5,3,2,2,6,10:00,93,E08000014,5,0,6,30,3,4,5,0,0,0,1,1,2,0,0,1,2,E01007041,28-01-2018,1,1,1,2,42,7,3,0,0,0,0,-1,9,3
37717,77.0870564,28.63876386,5,3,1,1,2,12:30,91,E08000012,5,0,6,30,6,4,6,0,0,0,1,1,1,0,0,1,1,E01006617,31-01-2018,1,2,2,2,14,3,3,0,0,1,0,-1,9,-1
37718,77.13937798,28.64034903,5,3,2,3,7,21:58,91,E08000012,6,0,6,30,0,-1,-1,0,0,0,4,1,2,0,0,1,1,E01006690,05-02-2018,1,1,1,2,21,5,3,0,0,0,0,-1,4,3
37719,77.36374626,28.70100154,5,2,2,1,2,11:05,91,E08000012,3,5049,3,30,3,4,6,0,0,0,1,1,1,0,0,1,1,E01006693,31-01-2018,2,1,1,1,21,5,3,0,0,0,0,-1,9,2
37720,77.27035798,28.58854807,5,2,1,1,7,21:30,91,E08000012,6,0,6,20,3,4,6,0,0,0,4,1,1,0,0,1,1,E01006658,15-01-2018,2,1,2,2,19,4,3,0,0,2,0,-1,9,-1
37721,77.1640987,28.69700186,5,2,2,1,6,17:20,91,E08000012,3,580,6,30,3,4,6,0,0,0,4,1,1,0,0,1,1,E01006730,28-01-2018,1,1,1,2,60,9,3,0,0,0,0,-1,9,2
37722,77.21866942,28.53420182,5,3,3,2,7,13:50,91,E08000012,3,5058,3,30,0,-1,-1,0,0,0,1,1,1,0,0,1,1,E01006616,29-01-2018,2,2,1,2,73,10,2,0,0,0,0,-1,9,3
37723,77.33314197,28.54627064,5,3,2,1,4,15:25,91,E08000012,5,0,6,30,0,-1,-1,0,0,4,1,1,1,0,0,1,1,E01006513,02-02-2018,1,1,1,2,39,7,3,0,0,0,0,-1,9,2
37724,77.33555321,28.70132931,5,3,3,1,6,15:00,91,E08000012,3,59,6,30,3,4,6,0,0,4,1,1,1,0,0,1,1,E01006791,04-02-2018,2,2,1,1,49,8,3,0,0,0,0,-1,9,1
37725,77.2732232,28.62744151,5,2,1,2,4,19:54,91,E08000012,6,0,6,30,3,4,6,0,0,0,4,1,2,0,0,1,1,E01006788,02-02-2018,2,3,2,2,48,8,3,0,0,1,0,-1,9,1
37726,77.06521608,28.56785183,5,2,2,3,2,13:50,91,E08000012,3,5058,6,30,0,-1,-1,0,0,0,1,1,1,0,0,1,1,E01006650,07-02-2018,1,1,1,2,12,3,2,0,0,0,0,-1,1,2
37727,77.18530269,28.65175436,5,3,2,1,1,01:20,91,E08000012,5,0,6,30,3,2,3,5038,0,4,4,1,1,4,0,1,1,E01006511,06-02-2018,1,1,3,2,59,9,3,5,2,0,0,-1,0,2
37728,77.14926478,28.68104336,5,3,2,2,1,16:32,90,E08000011,5,0,1,30,1,4,6,0,0,0,1,1,1,0,0,1,1,E01006488,06-02-2018,1,2,3,2,60,9,3,5,2,0,0,-1,0,2
37729,77.2807495,28.72171658,5,3,2,1,5,09:00,91,E08000012,3,5047,3,30,3,4,6,0,0,0,1,8,2,0,0,1,2,E01006750,03-02-2018,2,1,1,2,46,8,3,0,0,0,0,-1,9,2
37730,77.23372232,28.63243688,5,2,1,1,3,19:45,91,E08000012,3,59,6,30,0,-1,-1,0,0,0,4,2,2,0,0,1,2,E01006705,01-02-2018,2,2,2,1,61,9,3,0,0,1,0,-1,9,2
37731,77.13060101,28.69105751,5,3,2,3,7,16:35,91,E08000012,5,0,6,30,6,2,5,0,0,0,1,8,2,0,0,1,2,E01006513,05-02-2018,2,1,1,1,37,7,3,0,0,0,0,-1,9,1
37732,77.2844054,28.59864591,5,3,1,1,6,15:35,91,E08000012,6,0,6,30,3,4,5,0,0,0,1,1,1,0,0,1,2,E01006570,04-02-2018,3,2,1,2,38,7,3,0,0,0,0,-1,9,1
37733,77.36504756,28.64471403,5,3,2,1,3,11:10,91,E08000012,5,0,1,30,1,4,4,5179,0,0,1,1,1,0,0,1,2,E01006692,01-02-2018,2,1,1,1,21,5,3,0,0,0,0,-1,2,-1
37734,77.14704773,28.55254914,5,3,2,1,2,17:15,91,E08000012,5,0,1,30,2,4,3,57,0,1,4,8,1,0,0,1,2,E01006571,10-01-2018,1,1,3,1,28,6,3,9,9,0,0,-1,0,1
37735,77.27347206,28.55851172,5,3,2,1,4,15:40,91,E08000012,5,0,6,30,3,4,3,5048,0,0,1,1,1,0,0,1,1,E01006751,09-02-2018,2,1,1,1,18,4,3,0,0,0,0,-1,3,3
37736,77.0929481,28.63711647,5,3,1,1,5,08:45,91,E08000012,3,5038,3,30,0,-1,-1,0,0,0,1,1,2,6,0,1,1,E01006699,10-02-2018,1,1,1,2,20,4,3,0,0,0,0,-1,9,2
37737,77.34024854,28.57535752,5,3,2,2,4,23:05,91,E08000012,3,5036,3,30,6,2,3,5059,0,0,4,2,2,4,0,1,1,E01006650,09-02-2018,2,1,1,2,35,6,3,0,0,0,0,-1,9,2
37738,77.24770818,28.63063373,5,2,1,1,2,21:44,91,E08000012,5,0,6,30,3,4,6,0,0,0,4,1,1,0,0,1,1,E01006701,07-02-2018,1,1,1,2,37,7,3,0,0,0,0,-1,1,2
37739,77.17370246,28.71687955,5,3,1,1,4,09:30,91,E08000012,5,0,6,30,3,4,6,0,0,0,1,1,1,0,0,1,1,E01006570,19-01-2018,1,1,1,1,33,6,3,0,0,0,0,-1,9,-1
37740,77.23687931,28.69962619,5,3,2,1,5,08:05,91,E08000012,3,5047,3,30,6,2,4,5173,1,5,1,2,2,0,0,1,1,E01006750,03-02-2018,1,1,1,1,19,4,3,0,0,0,0,-1,9,2
37741,77.2670732,28.68616094,5,2,1,1,2,01:20,91,E08000012,5,0,6,30,3,4,3,59,0,0,4,1,1,0,0,1,2,E01006650,07-02-2018,2,2,1,1,38,7,3,0,0,0,0,-1,19,1
37742,77.05972236,28.62291131,5,3,2,1,1,13:00,91,E08000012,3,5038,6,30,3,2,3,57,0,5,1,1,1,0,0,1,1,E01006650,06-02-2018,1,1,2,2,48,8,3,0,0,2,0,-1,9,2
37743,77.22378025,28.62814481,5,2,2,1,5,17:20,91,E08000012,3,59,7,30,3,4,6,0,0,0,4,2,2,0,0,1,1,E01006777,20-01-2018,1,1,1,1,17,4,3,0,0,0,0,-1,3,1
37744,77.08649529,28.54844242,5,3,2,5,7,18:50,91,E08000012,5,0,3,30,6,2,5,0,0,5,4,1,1,0,0,1,1,E01006623,12-02-2018,2,1,1,2,40,7,3,0,0,0,0,-1,9,1
37745,77.28694909,28.64574187,5,3,2,1,6,18:55,91,E08000012,3,566,6,30,3,4,6,0,0,0,4,2,2,0,0,1,1,E01006784,11-02-2018,1,1,2,2,21,5,3,0,0,1,0,-1,9,-1
37746,77.14938338,28.68986103,5,3,2,2,6,09:05,91,E08000012,3,5048,3,30,7,2,5,0,0,5,1,1,1,0,0,1,1,E01006747,11-02-2018,2,1,1,1,40,7,3,0,0,0,0,-1,5,2