Accident_Index,longitude,latitude,Police_Force,Accident_Severity,Number_of_Vehicles,Number_of_Casualties,Day_of_Week,Time,Local_Authority_(District),Local_Authority_(Highway),1st_Road_Class,1st_Road_Number,Road_Type,Speed_limit,Junction_Detail,Junction_Control,2nd_Road_Class,2nd_Road_Number,Pedestrian_Crossing-Human_Control,Pedestrian_Crossing-Physical_Facilities,Light_Conditions,Weather_Conditions,Road_Surface_Conditions,Special_Conditions_at_Site,Carriageway_Hazards,Urban_or_Rural_Area,Did_Police_Officer_Attend_Scene_of_Accident,LSOA_of_Accident_Location,Date,Vehicle_Reference,Casualty_Reference,Casualty_Class,Sex_of_Casualty,Age_of_Casualty,Age_Band_of_Casualty,Casualty_Severity,Pedestrian_Location,Pedestrian_Movement,Car_Passenger,Bus_or_Coach_Passenger,Pedestrian_Road_Maintenance_Worker,Casualty_Type,Casualty_Home_Area_Type
37868,77.19518926,28.60141134,5,3,2,1,5,20:00,91,E08000012,3,5049,1,30,1,4,3,5049,0,0,4,1,1,0,0,1,2,E01006761,10-03-2018,1,1,1,1,37,7,3,0,0,0,0,-1,5,1
37869,77.07996143,28.65891379,5,3,2,2,2,19:35,91,E08000012,3,59,6,30,9,4,6,0,0,4,4,2,2,0,0,1,1,E01006785,14-03-2018,1,1,3,1,15,3,3,5,4,0,0,-1,0,3
37870,77.36108585,28.61348173,5,3,2,2,6,01:10,91,E08000012,3,580,3,30,7,2,3,580,0,0,4,1,2,0,0,1,1,E01006650,11-03-2018,1,1,1,1,25,5,2,0,0,0,0,-1,9,1
37871,77.22798966,28.60486333,5,3,3,2,5,12:40,91,E08000012,3,5047,6,30,6,2,6,0,0,0,1,1,1,0,0,1,1,E01006749,10-03-2018,1,2,2,1,24,5,2,0,0,1,0,-1,9,-1
37872,77.31581325,28.60857439,5,3,2,1,1,22:00,91,E08000012,3,5047,6,30,9,4,6,0,0,0,4,1,1,0,0,1,1,E01006747,20-03-2018,1,3,2,1,26,6,2,0,0,2,0,-1,9,-1
37873,77.15620018,28.53658059,5,3,2,1,6,12:35,91,E08000012,4,5178,6,30,6,2,4,5173,0,5,1,1,1,0,0,1,1,E01006749,18-03-2018,2,1,2,2,43,7,3,0,0,1,0,-1,9,1
37874,77.15801211,28.64098416,5,3,2,2,6,08:39,91,E08000012,3,5036,6,30,9,4,3,5054,0,0,1,1,1,0,0,1,1,E01006776,18-03-2018,2,2,2,2,52,8,3,0,0,2,0,-1,9,1
37875,77.23516228,28.6282807,5,3,3,2,6,08:25,91,E08000012,3,5089,6,30,6,4,6,0,0,4,1,1,1,0,0,1,1,E01006562,18-03-2018,1,1,1,1,19,4,3,0,0,0,0,-1,9,3
37876,77.27540656,28.57519135,5,1,2,2,2,11:40,91,E08000012,3,5050,6,30,3,4,6,0,0,0,1,1,1,0,0,1,1,E01006646,14-03-2018,1,1,1,1,44,7,3,0,0,0,0,-1,9,1
37877,77.23801392,28.63134124,5,2,1,1,7,20:00,91,E08000012,6,0,6,30,0,-1,-1,0,0,0,7,2,2,0,0,1,1,E01006547,05-03-2018,2,1,1,2,18,4,3,0,0,0,0,-1,9,1
37878,77.27277983,28.60053808,5,3,2,1,6,18:05,91,E08000012,5,0,3,30,6,2,6,0,0,0,4,1,1,0,0,1,1,E01006645,11-03-2018,2,2,2,2,26,6,3,0,0,0,0,-1,9,1
37879,77.36943705,28.55401097,5,3,2,1,6,20:55,91,E08000012,3,5047,3,30,3,2,6,0,0,5,4,1,1,0,0,1,1,E01006690,18-03-2018,2,3,2,2,18,4,3,0,0,0,0,-1,9,1
37880,77.23821557,28.62315569,5,3,2,1,2,21:45,91,E08000012,3,57,6,30,3,2,4,5189,0,5,4,1,1,0,0,1,2,E01006714,21-03-2018,2,1,1,1,36,7,3,0,0,0,0,-1,5,1
37881,77.13999469,28.58714269,5,3,1,2,7,16:00,91,E08000012,6,0,2,30,7,2,3,5040,0,4,1,1,1,0,0,1,1,E01006650,19-03-2018,1,1,2,1,10,2,3,0,0,2,0,-1,9,1
37882,77.14472634,28.70107,5,3,2,1,4,11:25,91,E08000012,3,580,3,30,6,4,5,0,0,0,1,1,1,0,0,1,1,E01006730,16-03-2018,1,2,2,2,17,4,3,0,0,2,0,-1,9,1
37883,77.19658689,28.54579142,5,3,1,1,3,09:15,91,E08000012,5,0,6,30,7,2,5,0,0,5,1,1,1,0,0,1,2,E01006570,15-02-2018,2,1,1,2,36,7,3,0,0,0,0,-1,9,1
37884,77.33436004,28.5783504,5,2,1,1,7,13:10,91,E08000012,3,5036,3,30,6,2,3,5046,0,4,1,1,1,0,0,1,1,E01006650,19-03-2018,2,1,1,2,27,6,3,0,0,0,0,-1,9,1
37885,77.25656425,28.6189631,5,3,2,1,3,09:58,91,E08000012,3,5039,6,30,3,4,3,5039,0,1,1,1,1,0,0,1,1,E01006514,22-03-2018,2,2,2,1,4,1,3,0,0,2,0,-1,9,1
37886,77.22917698,28.66328803,5,3,1,1,5,17:15,91,E08000012,6,0,6,30,6,4,6,0,0,0,1,9,1,0,0,1,2,E01006511,03-03-2018,2,3,2,1,3,1,3,0,0,2,0,-1,9,1
37887,77.32048535,28.70024232,5,3,2,1,5,07:05,91,E08000012,3,5046,6,30,3,4,3,59,0,5,1,1,1,0,0,1,2,E01006650,10-03-2018,2,4,2,1,0,1,3,0,0,2,0,-1,9,1
37888,77.287235,28.70838706,5,3,2,1,5,13:45,91,E08000012,6,0,9,30,9,4,3,5046,0,0,1,1,1,0,0,1,2,E01006650,24-03-2018,1,1,1,2,44,7,3,0,0,0,0,-1,9,1
37889,77.11544769,28.71860789,5,3,3,1,3,16:10,91,E08000012,3,59,3,30,9,4,3,5054,0,5,1,1,1,0,0,1,2,E01006779,22-03-2018,1,2,2,1,46,8,3,0,0,2,0,-1,9,1
37890,77.2852328,28.61321429,5,3,2,1,7,17:40,91,E08000012,3,59,3,30,3,3,6,0,0,0,1,1,1,0,0,1,1,E01006700,19-03-2018,1,3,2,1,45,7,3,0,0,1,0,-1,9,1
37891,77.20522924,28.53838224,5,2,1,1,5,17:50,91,E08000012,3,5047,6,30,0,-1,-1,0,0,4,1,1,1,0,0,1,1,E01006749,24-03-2018,2,1,1,2,31,6,3,0,0,0,0,-1,9,2
37892,77.22710603,28.64662535,5,3,2,1,5,17:15,91,E08000012,3,580,3,40,0,-1,-1,0,0,0,1,1,2,0,0,1,1,E01006663,24-03-2018,1,1,1,1,47,8,2,0,0,0,0,-1,5,1
37893,77.1970177,28.66665309,5,3,2,4,5,16:30,91,E08000012,6,0,6,30,0,-1,-1,0,0,0,1,1,1,0,0,1,1,E01006748,24-03-2018,2,1,1,1,21,5,3,0,0,0,0,-1,19,3
37894,77.25437999,28.65647785,5,2,2,2,5,16:20,91,E08000012,6,0,6,30,0,-1,-1,0,0,0,1,1,1,0,0,1,1,E01006572,24-03-2018,2,2,2,1,27,6,3,0,0,1,0,-1,19,2
37895,77.07277584,28.72212817,5,3,1,1,3,20:10,91,E08000012,6,0,2,30,3,4,6,0,0,0,4,1,1,0,0,1,1,E01006540,29-03-2018,2,1,1,2,28,6,3,0,0,0,0,-1,9,1
37896,77.13944931,28.5846754,5,2,2,1,4,16:50,91,E08000012,6,0,6,30,8,4,6,0,0,0,1,2,2,0,0,1,1,E01006751,30-03-2018,2,1,1,1,45,7,2,0,0,0,0,-1,5,1
37897,77.25001454,28.55630542,5,3,1,2,3,16:22,91,E08000012,3,57,6,30,6,2,4,5188,0,5,1,9,2,0,0,1,2,E01006690,22-03-2018,1,1,1,2,18,4,3,0,0,0,0,-1,9,-1
37898,77.2560938,28.67960776,5,3,1,1,6,02:44,91,E08000012,3,5044,2,30,3,2,3,5054,0,4,4,1,1,0,0,1,2,E01006511,25-03-2018,1,1,1,1,14,3,3,0,0,0,0,-1,1,2
37899,77.18697172,28.61872067,5,3,2,2,4,23:30,91,E08000012,5,0,3,30,6,2,3,5048,0,5,4,2,2,0,0,1,1,E01006747,30-03-2018,1,1,1,1,22,5,2,0,0,0,0,-1,9,1
37900,77.22930474,28.60741685,5,3,2,1,2,20:00,91,E08000012,5,0,3,40,6,2,3,580,0,0,4,1,1,0,0,1,2,E01006663,28-03-2018,2,1,1,1,55,8,3,0,0,0,0,-1,1,1
37901,77.33463255,28.6246004,5,3,1,1,6,14:55,91,E08000012,5,0,6,30,0,-1,-1,0,0,0,1,1,1,0,0,1,2,E01006541,01-04-2018,1,1,1,2,56,9,3,0,0,0,0,-1,9,3
37902,77.32524422,28.65489058,5,3,2,1,4,16:45,91,E08000012,3,5058,6,30,6,4,6,0,0,0,1,1,2,0,0,1,1,E01006565,30-03-2018,2,1,1,1,18,4,3,0,0,0,0,-1,9,1
37903,77.35962372,28.53896922,5,3,3,1,5,11:56,91,E08000012,3,59,6,30,6,2,6,0,0,4,1,1,1,0,0,1,1,E01006791,24-03-2018,1,1,1,1,49,8,3,0,0,0,0,-1,10,1
37904,77.08859882,28.57963397,5,3,1,1,5,17:15,91,E08000012,3,57,6,40,0,-1,-1,0,0,4,1,1,1,4,0,1,2,E01006565,17-03-2018,1,1,1,1,16,4,3,0,0,0,0,-1,2,1
37905,77.21154741,28.63744286,5,3,2,1,3,15:00,91,E08000012,5,0,6,30,6,2,5,0,0,0,1,1,1,0,0,1,2,E01006619,08-03-2018,1,1,1,1,65,9,2,0,0,0,0,-1,9,1
37906,77.11686799,28.58431778,5,3,2,2,7,08:15,91,E08000012,3,5058,3,30,6,2,3,57,0,4,1,1,1,0,0,1,2,E01006565,12-03-2018,2,2,1,1,47,8,3,0,0,0,0,-1,9,1
37907,77.15135338,28.64928833,5,3,2,1,1,14:28,91,E08000012,5,0,6,30,3,4,6,0,0,0,1,1,1,0,0,1,1,E01006623,06-03-2018,2,3,2,2,30,6,3,0,0,1,0,-1,9,1
37908,77.15315799,28.63908252,5,3,2,2,2,17:04,91,E08000012,3,59,3,30,0,-1,-1,0,0,4,1,2,2,0,0,1,1,E01006777,14-03-2018,1,1,1,1,38,7,3,0,0,0,0,-1,9,1
37909,77.25668712,28.62546646,5,2,1,1,2,22:06,91,E08000012,5,0,6,30,6,2,5,0,0,5,4,2,2,0,0,1,1,E01006513,14-03-2018,1,2,2,2,33,6,2,0,0,1,0,-1,9,1
37910,77.15873965,28.67040351,5,3,2,2,4,18:45,91,E08000012,6,0,6,30,3,4,6,0,0,0,4,1,1,3,0,1,1,E01006693,16-03-2018,2,1,1,2,45,7,2,0,0,0,0,-1,9,1
37911,77.27807038,28.57763417,5,3,2,1,6,16:00,91,E08000012,5,0,6,30,3,2,6,0,0,5,1,1,1,0,0,1,1,E01006659,18-03-2018,1,1,1,1,27,6,3,0,0,0,0,-1,19,1
37912,77.06263639,28.66785417,5,3,2,1,5,23:13,91,E08000012,3,5050,6,30,6,2,3,580,0,0,4,1,1,0,0,1,1,E01006560,24-03-2018,2,1,1,1,38,7,2,0,0,0,0,-1,9,1
37913,77.32578898,28.66834272,5,3,2,1,6,16:20,91,E08000012,5,0,6,30,3,4,3,5048,0,0,1,1,1,0,0,1,1,E01006513,25-03-2018,1,1,1,1,41,7,3,0,0,0,0,-1,9,3
37914,77.08865765,28.72242794,5,3,2,1,1,19:30,91,E08000012,4,5179,3,30,0,-1,-1,0,0,0,1,1,2,0,0,1,1,E01006716,27-03-2018,2,2,1,2,29,6,3,0,0,0,0,-1,9,2
37915,77.13628149,28.69503173,5,3,2,1,1,20:39,91,E08000012,3,5048,6,30,0,-1,-1,0,0,5,4,1,1,0,0,1,1,E01006650,27-03-2018,2,1,1,1,43,7,3,0,0,0,0,-1,9,3
37916,77.26268133,28.60119847,5,3,2,3,2,12:25,91,E08000012,4,5179,3,30,6,2,6,0,0,0,1,1,1,0,0,1,1,E01006716,28-03-2018,1,1,1,1,32,6,2,0,0,0,0,-1,21,1
37917,77.25188745,28.62324442,5,3,1,1,2,14:56,91,E08000012,6,0,6,30,8,4,6,0,0,0,1,1,1,0,0,1,1,E01006789,28-03-2018,1,1,1,2,37,7,3,0,0,0,0,-1,9,1
37918,77.33646349,28.57219618,5,3,1,1,7,01:25,91,E08000012,3,5040,6,30,7,2,4,5339,0,0,4,1,1,0,0,1,1,E01006511,02-04-2018,1,1,3,1,7,2,2,5,3,0,0,-1,0,1
37919,77.059286,28.68734987,5,3,2,1,2,13:15,91,E08000012,4,5189,6,30,3,2,3,57,0,5,1,1,1,0,0,1,2,E01006714,28-02-2018,1,1,1,1,30,6,3,0,0,0,0,-1,9,1
37920,77.13269275,28.70158613,5,3,2,1,4,17:00,91,E08000012,5,0,6,30,6,2,3,506,0,4,1,2,2,0,0,1,2,E01006652,30-03-2018,1,1,1,2,29,6,3,0,0,0,0,-1,9,3
37921,77.13135953,28.65357839,5,3,2,1,2,06:45,91,E08000012,3,580,3,40,0,-1,-1,0,0,8,1,8,2,0,0,1,1,E01006613,04-04-2018,1,1,1,2,48,8,3,0,0,0,0,-1,8,1
37922,77.12890041,28.56481256,5,2,1,1,6,19:13,91,E08000012,3,580,3,30,6,4,6,0,0,0,1,1,1,0,0,1,1,E01006609,01-04-2018,2,2,1,1,35,6,3,0,0,0,0,-1,21,1
37923,77.26255644,28.6881702,5,3,2,3,6,22:50,91,E08000012,3,59,6,30,3,4,6,0,0,0,4,1,1,0,0,1,1,E01006785,01-04-2018,2,1,1,2,53,8,3,0,0,0,0,-1,9,2
37924,77.20842872,28.61196751,5,3,3,5,6,12:30,91,E08000012,3,57,3,30,7,2,5,0,0,5,1,1,1,0,0,1,2,E01006714,25-03-2018,1,1,1,2,67,10,3,0,0,0,0,-1,9,3
37925,77.0669098,28.58565932,5,3,1,1,3,13:15,91,E08000012,5,0,6,30,9,4,6,0,0,5,1,8,1,0,0,1,1,E01006547,25-01-2018,1,1,3,1,73,10,3,5,1,0,0,-1,0,1
37926,77.32320571,28.60165332,5,3,2,1,3,15:30,91,E08000012,3,580,3,40,7,2,4,5187,0,0,1,1,1,0,0,1,1,E01006733,05-04-2018,2,1,1,1,35,6,3,0,0,0,0,-1,19,-1
37927,77.13713301,28.54205318,5,3,2,3,4,17:15,91,E08000012,6,0,6,30,3,4,6,0,0,0,1,1,1,0,0,1,2,E01006615,16-03-2018,2,1,1,2,25,5,3,0,0,0,0,-1,9,1
37928,77.09650071,28.58383921,5,3,2,1,7,15:15,91,E08000012,3,59,6,30,0,-1,-1,0,0,0,1,1,1,0,0,1,2,E01006780,19-03-2018,3,1,2,2,22,5,3,0,0,1,0,-1,9,1
37929,77.27320631,28.69254654,5,3,2,1,5,09:54,91,E08000012,4,5339,6,30,3,2,3,5044,0,0,1,1,1,0,0,1,2,E01006511,31-03-2018,1,1,1,1,19,4,3,0,0,0,0,-1,9,1
37930,77.1104734,28.54333346,5,3,3,2,7,12:45,91,E08000012,3,5058,3,40,6,2,3,57,0,5,1,1,1,0,0,1,1,E01006565,02-04-2018,2,2,1,2,51,8,3,0,0,0,0,-1,9,3
37931,77.25755883,28.66592287,5,3,1,1,1,08:00,91,E08000012,3,5050,6,30,0,-1,-1,0,0,0,1,2,2,0,0,1,1,E01006646,27-03-2018,2,1,1,2,41,7,3,0,0,0,0,-1,9,1
37932,77.09125908,28.67489168,5,3,2,2,3,15:25,91,E08000012,3,5058,3,40,6,2,5,0,0,5,1,1,1,0,0,1,1,E01006618,15-03-2018,2,1,1,2,40,7,3,0,0,0,0,-1,9,1
37933,77.28077967,28.63595616,5,3,3,2,6,17:05,91,E08000012,4,5185,3,30,6,2,3,580,0,0,1,8,2,0,0,1,2,E01006650,11-03-2018,1,1,1,1,62,9,2,0,0,0,0,-1,1,1
37934,77.21685273,28.53298401,5,3,1,1,3,12:51,91,E08000012,3,57,3,30,6,2,5,0,0,0,1,1,1,0,0,1,2,E01006571,05-04-2018,1,1,1,1,50,8,3,0,0,0,0,-1,3,1
37935,77.33727023,28.57194526,5,3,2,2,7,15:15,91,E08000012,3,580,6,30,6,2,3,5089,0,5,1,1,1,0,0,1,1,E01006562,26-03-2018,1,2,2,2,25,5,3,0,0,2,0,-1,3,1
37936,77.20975746,28.65956229,5,3,1,2,4,08:30,91,E08000012,3,5040,6,30,3,4,3,5040,0,0,1,2,2,0,0,1,1,E01006650,30-03-2018,1,1,2,1,2,1,3,0,0,2,0,-1,9,1
37937,77.32668643,28.5436105,5,3,1,1,5,18:30,91,E08000012,3,5048,6,30,9,-1,-1,-1,0,0,1,8,1,0,0,1,2,E01006747,24-03-2018,1,4,2,1,2,1,3,0,0,2,0,-1,9,1
37938,77.22935603,28.62762209,5,3,1,1,3,23:20,91,E08000012,6,0,6,30,6,4,6,0,0,0,4,1,1,0,0,1,1,E01006763,05-04-2018,2,2,1,1,32,6,2,0,0,0,0,-1,9,-1
37939,77.09390169,28.60367416,5,3,2,2,5,19:10,91,E08000012,5,0,6,30,6,4,6,0,0,0,1,1,1,0,0,1,1,E01006570,07-04-2018,2,3,2,1,32,6,2,0,0,1,0,-1,9,-1
37940,77.25941482,28.72848815,5,2,1,1,7,02:00,91,E08000012,3,59,6,30,3,2,3,5038,0,0,4,1,1,0,0,1,1,E01006698,09-04-2018,1,1,1,2,26,6,3,0,0,0,0,-1,9,1
37941,77.12377067,28.62486466,5,2,2,3,5,01:28,91,E08000012,6,0,6,30,3,4,3,580,0,0,4,2,2,4,0,1,1,E01006766,24-03-2018,2,2,2,2,16,4,3,0,0,2,0,-1,9,1
37942,77.20476243,28.60843688,5,2,2,1,2,12:05,91,E08000012,3,580,6,40,6,2,6,0,0,5,1,1,1,0,0,2,1,E01006663,04-04-2018,1,1,1,1,78,11,3,0,0,0,0,-1,9,-1
37943,77.33030279,28.68416403,5,2,2,3,5,12:10,91,E08000012,3,5036,3,30,6,2,6,0,0,0,1,1,2,0,0,1,1,E01006511,07-04-2018,1,1,1,1,21,5,3,0,0,0,0,-1,9,1
37944,77.11242045,28.64829519,5,3,1,1,6,20:10,91,E08000012,5,0,6,30,3,4,6,0,0,0,4,1,1,0,0,1,1,E01006712,08-04-2018,1,2,2,1,21,5,2,0,0,1,0,-1,9,1
37945,77.30588668,28.669654,5,3,4,1,5,00:30,91,E08000012,3,5049,3,30,0,-1,-1,0,0,0,4,1,1,0,0,1,1,E01006618,07-04-2018,1,1,1,1,21,5,2,0,0,0,0,-1,5,1
37946,77.17813989,28.67246868,5,3,5,3,3,13:08,91,E08000012,4,5188,6,30,3,4,6,0,0,0,1,1,1,0,0,1,1,E01006695,05-04-2018,2,1,1,1,54,8,3,0,0,0,0,-1,9,3
37947,77.07571445,28.6804077,5,3,4,2,5,11:05,91,E08000012,3,506,6,30,3,4,6,0,0,4,1,1,1,0,0,1,1,E01006657,07-04-2018,1,1,1,2,48,8,3,0,0,0,0,-1,9,2
37948,77.1277878,28.62679193,5,3,1,1,5,15:50,91,E08000012,5,0,6,30,0,-1,-1,0,0,0,1,1,1,0,0,1,1,E01006570,07-04-2018,2,2,1,2,49,8,3,0,0,0,0,-1,5,1
37949,77.14850889,28.72556125,5,3,1,1,7,04:50,91,E08000012,6,0,6,30,6,4,6,0,0,0,4,1,1,0,0,1,1,E01006511,09-04-2018,1,1,1,1,25,5,3,0,0,0,0,-1,9,1
37950,77.31979871,28.62156702,5,3,2,2,6,22:40,91,E08000012,3,59,3,30,0,-1,-1,0,0,0,4,1,1,0,0,1,1,E01006648,08-04-2018,1,1,2,2,24,5,3,0,0,2,0,-1,9,1
37951,77.21707399,28.57119845,5,3,5,2,7,13:10,91,E08000012,3,59,3,30,7,2,3,57,0,0,1,2,2,0,0,1,1,E01006650,09-04-2018,1,2,2,2,24,5,3,0,0,2,0,-1,9,1
37952,77.26806263,28.68554927,5,3,2,3,6,10:03,91,E08000012,3,580,3,30,6,2,5,0,0,5,1,1,1,0,0,1,1,E01006662,25-03-2018,1,3,2,1,28,6,3,0,0,2,0,-1,9,1
37953,77.10518209,28.58776445,5,3,1,1,6,22:55,91,E08000012,3,5049,3,30,0,-1,-1,0,0,0,4,4,1,0,0,1,1,E01006693,08-04-2018,1,4,2,1,29,6,3,0,0,1,0,-1,9,1
37954,77.1180929,28.55275345,5,3,1,1,3,08:50,91,E08000012,6,0,6,30,3,4,6,0,0,0,1,1,1,0,0,1,1,E01006765,12-04-2018,2,1,1,2,54,8,3,0,0,0,0,-1,9,2
37955,77.10198307,28.65239177,5,3,2,4,7,23:49,91,E08000012,3,59,3,30,3,2,3,5053,0,0,4,1,1,0,0,1,1,E01006648,09-04-2018,1,1,1,1,17,4,2,0,0,0,0,-1,1,1
37956,77.15067058,28.55166612,5,3,2,1,5,16:20,91,E08000012,5,0,3,30,6,2,3,5058,0,5,1,1,1,0,0,1,2,E01006616,31-03-2018,1,1,1,1,34,6,2,0,0,0,0,-1,9,1
37957,77.25014956,28.63313136,5,3,2,1,6,15:15,91,E08000012,3,57,6,30,3,4,3,57,0,0,1,1,1,0,0,1,2,E01006697,01-04-2018,1,1,1,1,42,7,2,0,0,0,0,-1,5,3
37958,77.22458418,28.60537489,5,3,2,1,3,16:50,91,E08000012,3,580,6,30,3,2,5,0,0,0,1,1,1,0,0,1,2,E01006547,12-04-2018,1,2,2,2,20,4,3,0,0,2,0,-1,5,3
37959,77.16513515,28.56361304,5,2,1,4,1,14:40,91,E08000012,3,59,6,30,8,4,6,0,0,0,1,1,1,0,0,1,1,E01006700,10-04-2018,1,1,1,1,31,6,2,0,0,0,0,-1,21,1
37960,77.25250396,28.58800011,5,3,2,1,3,10:10,91,E08000012,6,0,6,30,3,4,6,0,0,0,1,1,1,0,0,1,1,E01006648,12-04-2018,2,1,1,1,55,8,2,0,0,0,0,-1,1,1
37961,77.10503845,28.72022231,5,3,2,1,3,16:15,91,E08000012,3,580,3,30,6,4,6,0,0,0,1,1,1,0,0,1,1,E01006603,05-04-2018,1,1,1,2,22,5,3,0,0,0,0,-1,4,3
37962,77.19924396,28.59721445,5,3,3,2,7,12:50,91,E08000012,3,580,3,30,3,4,6,0,0,0,1,2,2,0,0,1,1,E01006603,09-04-2018,2,1,1,2,40,7,3,0,0,0,0,-1,9,1
37963,77.24035086,28.53294071,5,3,2,1,5,17:54,91,E08000012,3,580,3,30,3,4,6,0,0,0,1,1,1,0,0,1,1,E01006735,14-04-2018,1,1,1,1,33,6,2,0,0,0,0,-1,4,1
37964,77.15775104,28.59375559,5,3,3,1,1,14:20,91,E08000012,6,0,6,30,3,4,6,0,0,0,1,1,1,0,0,1,1,E01006784,03-04-2018,2,1,1,2,21,5,3,0,0,0,0,-1,9,3
37965,77.18130355,28.6085731,5,3,2,3,1,20:20,91,E08000012,3,580,3,30,6,4,6,0,0,0,4,1,1,0,0,1,1,E01006606,10-04-2018,1,1,1,1,61,9,2,0,0,0,0,-1,9,3
37966,77.19680145,28.6647126,5,3,2,1,6,20:45,91,E08000012,6,0,6,20,0,-1,-1,0,0,0,4,1,1,0,0,1,2,E01006715,25-03-2018,2,2,1,1,38,7,3,0,0,0,0,-1,9,1
37967,77.1195931,28.67962578,5,3,2,2,6,23:10,91,E08000012,6,0,6,30,9,4,5,0,0,0,4,2,2,0,0,1,1,E01006619,15-04-2018,1,1,1,1,18,4,3,0,0,0,0,-1,9,1
37968,77.24299361,28.71210065,5,3,1,1,5,20:35,91,E08000012,3,59,6,30,3,4,6,0,0,0,4,4,1,0,0,1,1,E01006703,07-04-2018,2,2,1,2,36,7,3,0,0,0,0,-1,9,3
37969,77.13439855,28.70829423,5,3,2,1,6,15:35,91,E08000012,6,0,6,30,0,-1,-1,0,0,0,1,2,2,0,0,1,2,E01006655,15-04-2018,2,1,1,2,18,4,3,0,0,0,0,-1,9,1
37970,77.082963,28.63423294,5,3,2,2,2,08:30,91,E08000012,5,0,6,30,3,4,5,0,0,0,1,2,2,0,0,1,1,E01006648,18-04-2018,2,2,2,1,18,4,3,0,0,1,0,-1,9,3
37971,77.19482426,28.72674627,5,3,2,2,1,16:45,91,E08000012,4,5173,6,30,3,4,6,0,0,0,1,1,1,0,0,1,2,E01006750,10-04-2018,1,1,1,2,74,10,2,0,0,0,0,-1,9,3
37972,77.34209101,28.64495998,5,3,2,1,5,07:40,91,E08000012,6,0,3,30,6,4,6,0,0,0,1,9,1,0,0,1,2,E01006650,14-04-2018,2,2,1,2,38,7,3,0,0,0,0,-1,9,3
37973,77.1751345,28.60119399,5,3,2,2,7,15:45,91,E08000012,5,0,2,30,0,-1,-1,0,0,0,1,1,1,0,0,1,1,E01006650,16-04-2018,1,1,1,2,65,9,3,0,0,0,0,-1,9,1
37974,77.12074492,28.58714408,5,3,2,3,6,16:20,91,E08000012,6,0,6,30,3,4,6,0,0,0,1,2,2,0,0,1,1,E01006718,15-04-2018,2,1,2,2,31,6,3,0,0,2,0,-1,10,1
37975,77.13921394,28.72613667,5,3,2,2,6,19:00,91,E08000012,3,5048,6,30,0,-1,-1,0,0,0,1,2,2,0,0,1,1,E01006513,15-04-2018,1,1,1,1,80,11,2,0,0,0,0,-1,9,1
37976,77.36341636,28.62816563,5,3,2,1,1,00:25,91,E08000012,3,57,3,30,6,2,3,5058,0,5,4,1,1,0,0,1,1,E01006565,10-04-2018,2,2,1,2,39,7,3,0,0,0,0,-1,9,1
37977,77.36211195,28.56809557,5,3,2,1,2,15:00,91,E08000012,6,0,6,30,6,4,6,0,0,0,1,2,2,0,0,1,2,E01006695,18-04-2018,2,3,2,2,16,4,3,0,0,1,0,-1,9,1
37978,77.11945791,28.67682308,5,2,1,1,6,06:20,91,E08000012,3,5047,3,30,3,4,6,0,0,5,1,1,1,0,0,1,2,E01006714,08-04-2018,2,4,2,2,5,1,3,0,0,2,0,-1,9,1
37979,77.14294603,28.57895506,5,3,2,1,7,13:20,91,E08000012,4,5189,6,30,3,4,6,0,0,1,1,8,1,0,0,1,1,E01006711,16-04-2018,2,5,2,1,4,1,3,0,0,2,0,-1,9,1
37980,77.31619495,28.62357907,5,3,2,1,6,08:50,91,E08000012,6,0,6,30,3,4,6,0,0,0,1,8,1,0,0,1,1,E01006690,15-04-2018,2,6,2,2,5,1,3,0,0,2,0,-1,9,1
37981,77.15510886,28.68475449,5,3,2,1,4,18:45,91,E08000012,3,57,6,30,0,-1,-1,0,0,0,1,1,1,0,0,1,2,E01006747,13-04-2018,2,1,1,2,56,9,2,0,0,0,0,-1,9,1
37982,77.30220603,28.63204809,5,3,2,2,1,03:00,91,E08000012,6,0,6,30,6,3,6,0,0,0,4,1,1,0,0,1,2,E01006513,03-04-2018,2,3,2,1,13,3,3,0,0,1,0,-1,9,1
37983,77.17499155,28.59644712,5,3,2,3,2,09:45,91,E08000012,3,5036,6,30,6,2,6,0,0,0,1,2,2,0,0,1,1,E01006511,18-04-2018,3,2,1,1,47,8,3,0,0,0,0,-1,8,1
37984,77.37076572,28.67059999,5,2,1,1,2,08:17,91,E08000012,4,5173,6,30,6,4,6,0,0,0,1,2,2,0,0,1,1,E01006691,18-04-2018,3,4,2,1,27,6,3,0,0,2,0,-1,8,1
37985,77.18000943,28.63219945,5,3,1,1,4,17:30,91,E08000012,3,5054,6,30,6,4,6,0,0,0,1,1,1,0,0,1,1,E01006779,13-04-2018,3,5,2,1,27,6,3,0,0,2,0,-1,8,2
37986,77.06143,28.67916713,5,3,3,1,1,16:00,91,E08000012,6,0,6,30,0,-1,-1,0,0,0,1,1,2,0,0,1,1,E01006620,17-04-2018,3,6,2,1,26,6,3,0,0,2,0,-1,8,1
37987,77.20980655,28.57264901,5,3,1,1,3,17:45,91,E08000012,3,5047,6,30,0,-1,-1,0,0,0,1,1,3,0,0,1,1,E01006749,22-02-2018,3,7,2,1,28,6,3,0,0,2,0,-1,8,2
37988,77.26803847,28.72285399,5,3,3,1,1,10:00,91,E08000012,6,0,6,40,0,-1,-1,0,0,0,1,1,1,0,0,1,2,E01006639,17-04-2018,1,1,1,1,38,7,3,0,0,0,0,-1,19,1