Accident_Index,longitude,latitude,Police_Force,Accident_Severity,Number_of_Vehicles,Number_of_Casualties,Day_of_Week,Time,Local_Authority_(District),Local_Authority_(Highway),1st_Road_Class,1st_Road_Number,Road_Type,Speed_limit,Junction_Detail,Junction_Control,2nd_Road_Class,2nd_Road_Number,Pedestrian_Crossing-Human_Control,Pedestrian_Crossing-Physical_Facilities,Light_Conditions,Weather_Conditions,Road_Surface_Conditions,Special_Conditions_at_Site,Carriageway_Hazards,Urban_or_Rural_Area,Did_Police_Officer_Attend_Scene_of_Accident,LSOA_of_Accident_Location,Date,Vehicle_Reference,Casualty_Reference,Casualty_Class,Sex_of_Casualty,Age_of_Casualty,Age_Band_of_Casualty,Casualty_Severity,Pedestrian_Location,Pedestrian_Movement,Car_Passenger,Bus_or_Coach_Passenger,Pedestrian_Road_Maintenance_Worker,Casualty_Type,Casualty_Home_Area_Type
38110,77.12547758,28.64073349,5,3,2,1,7,10:15,91,E08000012,5,0,6,30,3,4,5,0,0,0,1,1,1,0,0,1,2,E01006664,07-05-2018,1,3,2,1,12,3,3,0,0,2,0,-1,9,-1
38111,77.2324196,28.54952208,5,3,2,1,4,09:30,91,E08000012,6,0,6,30,3,4,6,0,0,0,1,1,1,0,0,1,2,E01006696,04-05-2018,1,4,2,2,12,3,3,0,0,2,0,-1,9,1
38112,77.14580556,28.55519726,5,3,2,1,4,16:50,91,E08000012,5,0,6,30,6,2,5,0,0,0,1,1,1,0,0,1,2,E01006624,27-04-2018,1,5,2,1,8,2,3,0,0,2,0,-1,9,1
38113,77.22800709,28.53882102,5,3,2,11,3,19:47,91,E08000012,3,5058,3,40,0,-1,-1,0,0,4,1,1,1,0,0,1,1,E01006613,10-05-2018,2,1,1,1,13,3,3,0,0,0,0,-1,1,1
38114,77.2293583,28.69921411,5,3,1,1,6,17:15,90,E08000011,6,0,2,30,0,-1,-1,0,0,0,1,1,1,0,0,1,2,E01006488,13-05-2018,2,1,2,2,88,11,3,0,0,2,0,-1,9,1
38115,77.11948378,28.63230652,5,3,2,2,5,21:10,91,E08000012,3,580,1,30,1,4,3,580,0,0,1,2,2,0,0,1,2,E01006603,19-05-2018,1,1,2,2,0,1,3,0,0,1,0,-1,9,2
38116,77.16952558,28.60627352,5,3,1,1,6,09:00,91,E08000012,6,0,6,30,3,2,6,0,0,4,1,1,1,0,0,1,2,E01006791,13-05-2018,1,2,2,1,5,1,3,0,0,2,0,-1,9,2
38117,77.3163062,28.62374263,5,3,2,1,5,14:40,91,E08000012,3,59,6,30,9,4,3,59,0,0,1,1,1,0,0,1,2,E01006782,12-05-2018,1,1,1,1,47,8,3,0,0,0,0,-1,9,1
38118,77.13494427,28.5744637,5,3,2,1,7,08:15,91,E08000012,3,5080,3,40,0,-1,-1,0,0,0,1,4,1,0,2,1,1,E01006621,08-01-2018,1,1,1,2,69,10,3,0,0,0,0,-1,9,1
38119,77.10002987,28.61343897,5,2,1,1,5,15:22,91,E08000012,6,0,6,30,3,4,6,0,0,0,1,1,1,0,0,1,1,E01006622,19-05-2018,2,2,1,2,62,9,3,0,0,0,0,-1,9,1
38120,77.19034869,28.55275136,5,3,2,1,2,02:15,91,E08000012,3,5042,6,30,3,2,3,59,0,4,4,1,1,0,0,1,1,E01006650,16-05-2018,1,1,1,2,25,5,3,0,0,0,0,-1,9,1
38121,77.13352996,28.70802669,5,3,1,1,7,18:50,91,E08000012,5,0,6,30,3,4,6,0,0,0,1,1,1,0,0,1,2,E01006777,14-05-2018,2,1,1,1,29,6,3,0,0,0,0,-1,5,2
38122,77.36015996,28.66969285,5,3,1,1,2,11:45,91,E08000012,3,5047,6,30,3,4,6,0,0,0,1,1,1,0,0,1,2,E01006747,16-05-2018,2,1,1,1,17,4,3,0,0,0,0,-1,1,1
38123,77.35381158,28.71913865,5,2,1,1,4,16:25,91,E08000012,3,5058,3,40,0,-1,-1,0,0,0,1,1,1,0,0,1,1,E01006719,18-05-2018,1,1,1,1,65,9,2,0,0,0,0,-1,21,1
38124,77.07163209,28.66383011,5,3,2,2,4,16:00,91,E08000012,5,0,6,30,3,2,5,0,0,0,1,1,1,0,0,1,2,E01006619,11-05-2018,1,2,2,2,35,6,2,0,0,1,0,-1,21,1
38125,77.24048069,28.66066084,5,2,1,1,4,22:04,91,E08000012,3,506,3,30,3,2,6,0,0,0,4,1,1,0,0,1,1,E01006655,18-05-2018,1,1,1,1,86,11,2,0,0,0,0,-1,9,1
38126,77.13137144,28.62683479,5,3,2,1,6,08:08,91,E08000012,6,0,6,30,3,4,6,0,0,0,1,1,1,0,0,1,2,E01006768,20-05-2018,1,2,2,2,84,11,3,0,0,1,0,-1,9,1
38127,77.13350902,28.54967483,5,3,1,1,7,02:20,91,E08000012,3,5049,3,30,0,-1,-1,0,0,0,4,7,2,0,0,1,2,E01006760,07-05-2018,1,3,2,1,47,8,3,0,0,2,0,-1,9,1
38128,77.16788,28.61207533,5,3,1,1,3,22:45,91,E08000012,6,0,2,30,6,4,3,59,0,5,4,1,2,0,0,1,2,E01006650,03-05-2018,2,1,1,2,44,7,3,0,0,0,0,-1,9,1
38129,77.21115099,28.59216596,5,3,2,1,2,18:15,91,E08000012,3,59,6,30,0,-1,-1,0,0,4,1,1,1,0,0,1,2,E01006791,18-04-2018,2,2,2,1,51,8,3,0,0,1,0,-1,9,1
38130,77.32856911,28.60418055,5,3,2,1,4,16:00,91,E08000012,3,59,6,30,6,2,6,0,0,0,1,8,1,0,0,1,2,E01006791,04-05-2018,2,1,1,1,25,5,3,0,0,0,0,-1,9,1
38131,77.34346066,28.61748406,5,3,2,1,7,10:20,91,E08000012,6,0,6,20,3,4,6,0,0,0,1,1,1,0,0,1,1,E01006608,14-05-2018,1,1,3,1,-1,-1,3,5,1,0,0,-1,0,1
38132,77.29756363,28.60993183,5,3,3,1,4,10:30,91,E08000012,6,0,6,30,3,4,6,0,0,0,1,1,1,0,0,1,1,E01006609,18-05-2018,1,1,1,2,30,6,3,0,0,0,0,-1,9,1
38133,77.11529727,28.68837027,5,2,2,1,4,19:54,91,E08000012,3,57,3,40,0,-1,-1,0,0,0,1,1,1,0,0,1,1,E01006571,18-05-2018,2,1,1,1,22,5,3,0,0,0,0,-1,9,1
38134,77.18358132,28.54346456,5,3,2,1,6,13:10,91,E08000012,3,5052,3,30,6,2,3,565,0,0,1,1,1,0,0,1,1,E01006650,13-05-2018,2,1,1,2,44,7,3,0,0,0,0,-1,9,1
38135,77.25229568,28.61803906,5,1,1,1,5,03:24,91,E08000012,4,5187,6,30,3,4,6,0,0,0,4,1,1,0,0,1,1,E01006783,26-05-2018,2,1,1,1,59,9,3,0,0,0,0,-1,9,1
38136,77.31587058,28.54969883,5,3,1,1,3,15:35,91,E08000012,5,0,6,30,8,4,6,0,0,0,1,1,1,0,0,1,1,E01006659,24-05-2018,2,1,1,2,60,9,2,0,0,0,0,-1,1,-1
38137,77.07258159,28.72463743,5,3,1,1,3,12:00,91,E08000012,5,0,6,30,9,4,6,0,0,0,1,1,2,0,0,1,1,E01006513,24-05-2018,2,1,1,1,22,5,2,0,0,0,0,-1,1,1
38138,77.14424948,28.55410136,5,3,1,1,3,15:45,91,E08000012,5,0,6,30,6,2,5,0,0,5,1,1,1,0,0,1,2,E01006513,10-05-2018,1,1,1,1,23,5,3,0,0,0,0,-1,9,1
38139,77.23533031,28.62896176,5,2,2,2,4,16:45,91,E08000012,3,5036,6,30,6,4,6,0,0,0,1,1,1,0,0,1,1,E01006778,22-06-2018,2,2,1,1,36,7,3,0,0,0,0,-1,9,-1
38140,77.07487438,28.68083506,5,3,1,1,7,03:00,91,E08000012,6,0,6,30,6,4,6,0,0,0,1,1,1,0,0,1,1,E01006511,11-06-2018,2,3,2,2,29,6,3,0,0,1,0,-1,9,1
38141,77.21819385,28.61532623,5,2,2,1,2,17:20,91,E08000012,3,59,6,30,3,4,6,0,0,4,1,1,1,0,0,1,1,E01006700,27-06-2018,2,4,2,2,8,2,3,0,0,2,0,-1,9,-1
38142,77.17226794,28.71026728,5,3,2,3,6,10:00,91,E08000012,3,5058,3,40,6,2,3,580,0,5,1,2,2,0,0,1,1,E01006606,24-06-2018,2,5,2,1,6,2,3,0,0,2,0,-1,9,-1
38143,77.35979108,28.64278964,5,3,1,1,5,15:00,91,E08000012,3,59,3,30,3,4,6,0,0,4,1,1,1,0,0,1,1,E01006610,23-06-2018,1,1,1,1,27,6,3,0,0,0,0,-1,9,1
38144,77.21150133,28.72444014,5,3,2,1,5,12:30,91,E08000012,3,5036,6,30,3,2,3,5046,0,0,1,2,2,0,0,1,2,E01006650,30-06-2018,2,1,1,1,40,7,3,0,0,0,0,-1,9,2
38145,77.24672412,28.59374732,5,3,2,1,5,16:10,91,E08000012,3,5049,6,30,7,2,3,5058,0,5,1,1,1,0,0,1,2,E01006605,16-06-2018,1,1,3,1,82,11,3,4,4,0,0,-1,0,-1
38146,77.31108524,28.62500451,5,3,2,1,7,10:40,91,E08000012,6,0,2,30,3,4,6,0,0,0,1,1,1,0,0,1,1,E01006511,16-07-2018,1,1,1,1,14,3,2,0,0,0,0,-1,90,1
38147,77.25908068,28.57883444,5,3,2,2,5,11:30,91,E08000012,5,0,3,30,6,2,5,0,0,0,1,1,1,0,0,1,2,E01006601,09-06-2018,2,1,1,1,13,3,3,0,0,0,0,-1,1,1
38148,77.30928992,28.53290958,5,3,1,1,5,18:05,91,E08000012,4,5173,6,30,0,-1,-1,0,0,4,4,1,1,0,0,1,1,E01006696,27-01-2018,1,1,1,1,19,4,3,0,0,0,0,-1,1,1
38149,77.32107881,28.64118757,5,3,2,1,4,18:15,91,E08000012,6,0,6,30,3,4,6,0,0,0,1,1,1,0,0,1,1,E01006640,18-05-2018,2,1,1,1,13,3,3,0,0,0,0,-1,1,1
38150,77.27937517,28.62949659,5,3,1,1,7,16:15,91,E08000012,6,0,6,30,3,4,6,0,0,0,1,1,1,0,0,1,2,E01006653,28-05-2018,2,1,1,1,44,7,3,0,0,0,0,-1,5,1
38151,77.29946965,28.67913189,5,3,2,1,5,12:00,91,E08000012,3,5038,3,30,7,2,3,5038,0,0,1,1,1,0,0,1,2,E01006650,26-05-2018,2,1,1,2,54,8,3,0,0,0,0,-1,9,1
38152,77.09609927,28.55866743,5,3,2,1,4,17:00,91,E08000012,3,580,6,30,3,2,3,5050,0,0,1,1,1,0,0,1,2,E01006564,18-05-2018,1,1,1,1,13,3,3,0,0,0,0,-1,1,1
38153,77.08626189,28.63149129,5,3,2,2,5,17:30,91,E08000012,5,0,3,30,3,4,6,0,0,0,1,1,1,0,0,1,2,E01006625,26-05-2018,2,1,1,1,54,8,3,0,0,0,0,-1,9,-1
38154,77.14598029,28.57197259,5,3,2,1,3,16:30,91,E08000012,3,5039,6,30,6,2,5,0,0,0,1,1,1,0,0,1,2,E01006514,24-05-2018,1,1,1,1,16,4,3,0,0,0,0,-1,2,1
38155,77.09081496,28.6917421,5,3,2,3,7,09:00,91,E08000012,3,580,3,30,3,4,6,0,0,0,1,1,1,0,0,1,1,E01006606,21-05-2018,1,2,3,1,12,3,3,5,1,0,0,-1,0,-1
38156,77.05757609,28.56941093,5,3,7,3,3,19:30,91,E08000012,3,5049,6,30,6,2,3,5089,2,5,1,1,1,0,0,1,1,E01006540,10-05-2018,1,1,1,1,51,8,3,0,0,0,0,-1,9,1
38157,77.27524149,28.70756648,5,3,1,1,1,19:16,91,E08000012,6,0,6,30,0,-1,-1,0,0,0,1,1,1,0,0,1,1,E01006785,22-05-2018,1,2,3,1,7,2,3,5,3,0,0,-1,0,1
38158,77.31023982,28.65751883,5,3,2,1,7,20:35,91,E08000012,3,5054,6,30,6,2,3,569,0,0,1,1,2,0,0,1,1,E01006779,21-05-2018,2,1,1,1,33,6,3,0,0,0,0,-1,1,1
38159,77.28298529,28.65326355,5,3,1,1,1,16:55,91,E08000012,3,5054,6,30,3,4,3,567,0,0,1,1,2,0,0,1,1,E01006779,22-05-2018,1,1,1,1,22,5,3,0,0,0,0,-1,9,1
38160,77.12496092,28.6854385,5,3,1,1,2,18:10,91,E08000012,6,0,6,30,6,4,6,0,0,0,1,1,1,0,0,1,1,E01006763,23-05-2018,2,1,1,1,29,6,3,0,0,0,0,-1,9,2
38161,77.07695544,28.60013786,5,3,2,2,6,16:20,91,E08000012,6,0,1,30,1,4,6,0,0,1,1,1,1,0,0,1,1,E01006517,20-05-2018,2,2,2,2,25,5,3,0,0,1,0,-1,9,2
38162,77.32169988,28.69385281,5,3,2,1,1,16:10,91,E08000012,5,0,6,30,3,4,6,0,0,0,1,1,1,0,0,1,2,E01006546,15-05-2018,1,1,2,2,18,4,3,0,0,1,0,-1,9,1
38163,77.26864711,28.71512804,5,3,2,1,6,14:06,91,E08000012,5,0,3,30,6,2,5,0,0,5,1,1,1,0,0,1,2,E01006704,06-05-2018,1,1,3,1,21,5,3,6,9,0,0,-1,0,1
38164,77.35831858,28.61859316,5,2,1,5,4,15:45,91,E08000012,3,5044,2,30,3,2,3,5054,0,5,1,1,1,0,0,1,1,E01006511,25-05-2018,2,1,1,2,21,5,3,0,0,0,0,-1,9,1
38165,77.19577333,28.67926221,5,2,2,1,4,14:17,91,E08000012,3,580,3,40,3,2,6,0,0,0,1,1,2,4,0,2,2,E01006661,01-06-2018,3,2,1,1,19,4,3,0,0,0,0,-1,9,2
38166,77.19347178,28.57141876,5,3,2,1,1,13:30,91,E08000012,5,0,3,30,0,-1,-1,0,0,0,1,2,2,0,0,1,1,E01006604,22-05-2018,1,1,1,1,19,4,3,0,0,0,0,-1,9,1
38167,77.33573858,28.59858098,5,3,2,1,4,18:20,91,E08000012,3,580,3,30,3,4,4,5187,0,0,1,1,1,0,0,1,1,E01006730,27-04-2018,2,1,1,2,38,7,3,0,0,0,0,-1,9,1
38168,77.22205848,28.60726915,5,3,3,2,6,09:50,91,E08000012,3,57,6,30,6,2,5,0,0,5,1,1,1,1,0,1,1,E01006570,20-05-2018,1,1,1,1,49,8,3,0,0,0,0,-1,9,1
38169,77.29479817,28.53514427,5,3,2,1,3,11:00,91,E08000012,6,0,6,30,3,4,3,5048,0,0,1,1,1,0,0,1,1,E01006516,24-05-2018,2,1,1,1,20,4,3,0,0,0,0,-1,19,1
38170,77.10657972,28.56098589,5,3,2,4,3,02:29,91,E08000012,3,562,6,30,3,2,3,5039,0,0,4,8,2,0,0,1,1,E01006673,24-05-2018,2,2,2,1,24,5,3,0,0,1,0,-1,19,1
38171,77.36142163,28.66223298,5,3,1,1,1,01:40,91,E08000012,3,565,6,30,3,4,6,0,0,0,1,1,1,0,0,1,2,E01006776,29-05-2018,2,1,1,1,30,6,3,0,0,0,0,-1,9,1
38172,77.0660838,28.60028182,5,3,2,1,7,20:56,91,E08000012,6,0,6,30,3,4,6,0,0,0,1,1,1,0,0,1,1,E01006541,28-05-2018,1,1,1,1,42,7,3,0,0,0,0,-1,21,1
38173,77.28806187,28.71457222,5,3,2,2,7,17:56,91,E08000012,3,5049,1,30,1,4,3,5049,0,0,1,1,1,0,0,1,1,E01006765,28-05-2018,1,2,2,1,23,5,3,0,0,1,0,-1,21,1
38174,77.29309616,28.71102309,5,2,1,1,2,03:00,91,E08000012,3,5038,6,30,3,4,6,0,0,0,4,1,1,0,0,1,1,E01006511,30-05-2018,1,3,2,1,18,4,3,0,0,1,0,-1,21,1
38175,77.20210207,28.64537494,5,3,2,1,3,08:30,91,E08000012,5,0,6,30,6,2,5,0,0,0,1,1,1,0,0,1,1,E01006619,31-05-2018,1,1,1,1,20,4,2,0,0,0,0,-1,9,1
38176,77.22004182,28.58319688,5,3,3,1,6,16:00,91,E08000012,3,5036,3,30,7,2,6,0,0,0,1,1,1,0,0,1,1,E01006511,13-05-2018,1,1,1,2,48,8,3,0,0,0,0,-1,9,1
38177,77.35575899,28.61233441,5,3,2,2,7,15:15,91,E08000012,3,506,3,30,3,2,5,0,0,4,1,1,1,0,0,1,2,E01006655,30-04-2018,2,2,1,1,39,7,3,0,0,0,0,-1,9,1
38178,77.18200942,28.70321681,5,3,2,1,4,17:15,91,E08000012,3,566,6,30,3,2,3,566,0,0,1,1,1,0,0,1,2,E01006784,11-05-2018,1,1,1,1,68,10,3,0,0,0,0,-1,9,1
38179,77.33796394,28.63324927,5,3,2,1,4,12:30,91,E08000012,3,5047,6,30,7,2,3,57,0,0,1,1,1,0,0,1,1,E01006714,01-06-2018,1,2,2,2,65,9,3,0,0,1,0,-1,9,1
38180,77.18111727,28.6759433,5,3,2,1,4,21:30,91,E08000012,3,580,3,30,3,4,6,0,0,0,4,2,2,0,0,1,1,E01006732,01-06-2018,1,1,3,2,5,1,3,6,9,0,0,-1,0,1
38181,77.11884167,28.6950018,5,3,2,1,7,22:30,91,E08000012,6,0,3,30,3,4,6,0,0,0,4,1,1,0,0,1,2,E01006544,04-06-2018,1,1,1,1,11,3,3,0,0,0,0,-1,1,1
38182,77.37021013,28.64347051,5,3,3,5,5,16:10,91,E08000012,3,565,6,30,3,4,6,0,0,0,1,1,1,0,0,1,1,E01006776,02-06-2018,1,1,1,1,34,6,2,0,0,0,0,-1,9,-1
38183,77.35654733,28.60433793,5,3,4,1,5,16:40,91,E08000012,3,580,3,40,0,-1,-1,0,0,4,1,1,1,0,0,1,1,E01006736,12-05-2018,3,2,1,1,24,5,3,0,0,0,0,-1,19,1
38184,77.30863137,28.60328406,5,2,1,1,3,15:30,91,E08000012,5,0,6,30,0,-1,-1,0,0,0,1,1,1,0,0,1,1,E01006659,31-05-2018,2,1,1,1,48,8,3,0,0,0,0,-1,9,3
38185,77.23664926,28.61847456,5,3,1,1,5,01:30,91,E08000012,6,0,2,30,0,-1,-1,0,0,0,4,1,1,0,0,1,1,E01006650,26-05-2018,2,2,2,2,45,7,2,0,0,1,0,-1,9,3
38186,77.26275197,28.67565077,5,3,2,1,7,20:30,91,E08000012,6,0,6,40,0,-1,-1,0,0,0,4,1,1,0,0,1,2,E01006701,07-05-2018,2,3,2,2,17,4,3,0,0,2,0,-1,9,3
38187,77.36430481,28.6698114,5,3,2,2,7,15:15,91,E08000012,3,59,6,30,0,-1,-1,0,0,0,1,1,1,0,0,1,2,E01006700,07-05-2018,1,1,1,2,37,7,3,0,0,0,0,-1,9,1
38188,77.33721774,28.72566348,5,3,2,4,5,00:05,91,E08000012,5,0,2,30,3,4,6,0,0,0,4,1,1,0,0,1,1,E01006650,26-05-2018,1,2,2,2,37,7,3,0,0,1,0,-1,9,1
38189,77.35978017,28.71498484,5,3,2,1,5,17:05,91,E08000012,3,5036,6,30,0,-1,-1,0,0,0,1,1,1,0,0,1,1,E01006776,26-05-2018,1,1,3,2,29,6,3,5,1,0,0,-1,0,1
38190,77.11881294,28.61919344,5,3,2,1,3,10:20,91,E08000012,6,0,1,30,1,4,3,562,0,0,1,1,1,0,0,1,1,E01006512,31-05-2018,1,1,1,2,58,9,3,0,0,0,0,-1,9,1
38191,77.12134862,28.54134501,5,3,2,1,6,12:40,91,E08000012,5,0,6,30,6,2,5,0,0,0,1,1,1,0,0,1,1,E01006669,03-06-2018,1,1,1,1,21,5,3,0,0,0,0,-1,9,1
38192,77.20336918,28.66391944,5,3,2,3,7,15:00,91,E08000012,3,5053,3,30,6,2,3,5038,0,0,1,1,1,0,0,1,1,E01006649,04-06-2018,2,2,1,1,45,7,3,0,0,0,0,-1,21,1
38193,77.13647336,28.60681906,5,3,3,4,4,15:15,91,E08000012,3,59,3,30,0,-1,-1,0,0,0,1,1,1,0,0,1,1,E01006777,01-06-2018,1,1,3,1,13,3,3,5,1,0,0,-1,0,1
38194,77.15226005,28.60509444,5,3,1,1,6,23:05,91,E08000012,3,57,6,30,3,2,4,5189,0,5,4,1,1,0,0,1,1,E01006714,03-06-2018,1,1,1,2,40,7,3,0,0,0,0,-1,9,1
38195,77.31722909,28.56738475,5,3,1,1,7,17:06,91,E08000012,6,0,6,30,0,-1,-1,0,0,0,1,1,1,0,0,1,1,E01006667,04-06-2018,1,2,2,2,9,2,3,0,0,1,0,-1,9,1
38196,77.3440456,28.58358219,5,3,2,1,4,18:50,91,E08000012,4,5189,6,30,3,4,6,0,0,0,1,1,1,0,0,1,1,E01006711,08-06-2018,1,3,2,1,4,1,3,0,0,2,0,-1,9,1
38197,77.18654894,28.69354284,5,3,2,1,2,09:20,91,E08000012,5,0,6,30,0,-1,-1,0,0,5,1,1,1,0,0,1,1,E01006513,06-06-2018,1,1,1,1,18,4,3,0,0,0,0,-1,3,3
38198,77.13085176,28.69400326,5,3,2,1,3,16:55,91,E08000012,3,5049,6,30,3,4,6,0,0,0,4,1,1,0,0,1,2,E01006647,07-06-2018,1,1,1,2,50,8,3,0,0,0,0,-1,9,1
38199,77.21800452,28.55930487,5,3,1,1,4,13:30,91,E08000012,6,0,6,30,3,4,3,59,0,0,1,1,1,0,0,1,2,E01006787,25-05-2018,1,1,1,1,84,11,2,0,0,0,0,-1,9,1
38200,77.31224132,28.69056262,5,3,1,1,2,20:20,91,E08000012,6,0,6,30,0,-1,-1,0,0,0,1,1,1,0,0,1,1,E01006607,06-06-2018,2,2,1,2,27,6,3,0,0,0,0,-1,9,1
38201,77.06200911,28.60525823,5,3,2,2,7,02:25,91,E08000012,3,5038,6,30,0,-1,-1,0,0,0,4,8,2,4,0,1,1,E01006513,07-05-2018,1,1,1,1,33,6,2,0,0,0,0,-1,9,3
38202,77.14165517,28.6007585,5,3,1,1,6,08:10,91,E08000012,6,0,6,30,7,2,3,5058,0,0,1,1,1,0,0,1,2,E01006719,10-06-2018,2,2,1,2,21,5,3,0,0,0,0,-1,9,1
38203,77.24014721,28.5774091,5,3,3,2,7,00:10,91,E08000012,3,580,6,30,3,4,6,0,0,0,4,1,1,0,0,1,1,E01006563,11-06-2018,3,3,1,2,49,8,2,0,0,0,0,-1,9,1
38204,77.26735521,28.64782554,5,3,2,1,7,19:15,91,E08000012,5,0,6,30,6,4,6,0,0,0,1,1,1,0,0,1,2,E01006568,11-06-2018,1,1,1,1,26,6,3,0,0,0,0,-1,5,1
38205,77.34102333,28.70067636,5,3,2,1,6,10:50,91,E08000012,3,580,3,30,7,4,5,0,0,5,1,1,1,0,0,1,1,E01006613,03-06-2018,1,1,1,2,26,6,3,0,0,0,0,-1,9,1
38206,77.25464626,28.54022822,5,3,1,1,5,12:45,91,E08000012,6,0,6,30,9,4,3,5056,0,0,1,1,1,0,0,1,2,E01006776,26-05-2018,1,1,1,2,31,6,3,0,0,0,0,-1,5,1
38207,77.14465793,28.59199413,5,3,2,3,4,17:55,91,E08000012,3,5047,3,40,3,2,4,5179,0,5,1,1,1,0,0,1,2,E01006716,18-05-2018,2,2,1,2,61,9,3,0,0,0,0,-1,9,3
38208,77.2863625,28.58855269,5,2,2,3,2,22:30,91,E08000012,3,506,3,40,9,4,6,0,0,0,4,1,1,0,0,1,1,E01006655,30-05-2018,2,1,1,2,18,4,3,0,0,0,0,-1,9,1
38209,77.2001071,28.54537829,5,3,2,1,4,08:45,91,E08000012,3,5049,6,30,3,4,6,0,0,5,1,1,1,0,0,1,1,E01006647,04-05-2018,1,1,1,2,19,4,3,0,0,0,0,-1,9,1
38210,77.30618434,28.5674879,5,3,1,1,3,10:30,91,E08000012,3,506,9,30,7,2,3,59,0,0,1,1,1,0,0,1,2,E01006783,03-05-2018,2,2,1,1,36,7,3,0,0,0,0,-1,9,1
38211,77.15084511,28.61336511,5,3,2,1,3,16:30,91,E08000012,5,0,6,30,7,2,5,0,0,0,1,1,1,0,0,1,1,E01006716,07-06-2018,2,1,1,1,46,8,3,0,0,0,0,-1,1,-1
38212,77.34114968,28.64116039,5,3,2,1,1,15:15,91,E08000012,4,5187,6,30,3,4,4,5187,0,0,1,1,1,0,0,1,1,E01006733,05-06-2018,2,1,1,1,34,6,3,0,0,0,0,-1,11,1
38213,77.24744948,28.7173724,5,3,2,1,5,09:50,91,E08000012,6,0,6,30,7,2,3,5047,0,4,1,1,1,0,0,1,1,E01006747,09-06-2018,1,1,1,2,45,7,3,0,0,0,0,-1,9,1
38214,77.37056021,28.56403289,5,3,2,1,3,13:30,91,E08000012,3,5047,6,30,7,2,6,0,0,0,1,1,1,0,0,1,2,E01006747,14-06-2018,1,2,2,2,72,10,3,0,0,2,0,-1,9,1
38215,77.21201321,28.60655238,5,3,2,1,1,12:25,91,E08000012,5,0,6,30,7,4,6,0,0,0,1,2,2,0,0,1,1,E01006660,12-06-2018,1,1,1,1,21,5,3,0,0,0,0,-1,9,1
38216,77.34200496,28.71110233,5,2,3,1,1,05:05,91,E08000012,6,0,6,30,3,4,6,0,0,0,1,1,1,0,0,1,1,E01006598,19-06-2018,1,1,1,2,42,7,3,0,0,0,0,-1,9,1
38217,77.27276263,28.63547164,5,2,2,1,2,08:55,91,E08000012,3,565,3,30,3,4,6,0,0,0,1,1,1,0,0,1,1,E01006776,06-06-2018,2,2,1,2,39,7,3,0,0,0,0,-1,9,1
38218,77.36417758,28.56160517,5,3,2,1,4,08:15,91,E08000012,6,0,6,30,3,4,6,0,0,0,1,2,2,0,0,1,2,E01006751,15-06-2018,1,1,3,1,18,4,2,5,3,0,0,-1,0,-1
38219,77.28455134,28.61433996,5,3,2,1,4,09:00,91,E08000012,3,5038,3,30,3,2,6,0,0,0,1,1,1,0,0,1,1,E01006650,04-05-2018,1,1,1,1,23,5,3,0,0,0,0,-1,9,1
38220,77.1247853,28.69719436,5,3,1,1,7,01:45,91,E08000012,5,0,6,30,9,4,6,0,0,0,4,1,1,0,0,1,1,E01006511,11-06-2018,2,2,1,1,26,6,3,0,0,0,0,-1,9,-1
38221,77.33111455,28.6310116,5,2,1,1,3,20:30,91,E08000012,3,57,6,30,3,4,6,0,0,5,1,1,1,0,0,1,1,E01006714,14-06-2018,1,1,1,1,17,4,2,0,0,0,0,-1,1,1
38222,77.2984331,28.61240425,5,3,1,1,6,21:20,91,E08000012,3,57,6,30,7,2,6,0,0,5,4,1,1,0,0,1,1,E01006573,13-05-2018,1,1,2,1,20,4,3,0,0,1,0,-1,9,-1
38223,77.19111441,28.64747051,5,2,1,2,3,18:05,91,E08000012,3,506,6,30,0,-1,-1,0,0,0,1,1,1,0,0,1,1,E01006783,14-06-2018,2,1,1,2,23,5,3,0,0,0,0,-1,9,1
38224,77.27482154,28.7108407,5,3,2,1,5,00:23,91,E08000012,3,5036,6,30,3,4,6,0,0,0,4,1,1,0,0,1,1,E01006776,16-06-2018,2,1,1,1,29,6,3,0,0,0,0,-1,9,1
38225,77.29040364,28.61344204,5,3,2,1,4,10:50,91,E08000012,3,565,3,30,6,4,6,0,0,0,1,2,2,0,0,1,1,E01006776,15-06-2018,1,1,3,1,28,6,3,9,6,0,0,-1,0,1
38226,77.23924653,28.62668402,5,3,3,3,5,17:00,91,E08000012,5,0,3,30,3,4,4,5185,0,1,1,1,1,0,0,1,1,E01006777,16-06-2018,2,1,1,1,36,7,3,0,0,0,0,-1,9,1
38227,77.27334335,28.68035369,5,3,4,1,6,14:00,91,E08000012,3,580,1,30,1,4,3,580,0,0,1,1,1,0,0,1,2,E01006603,10-06-2018,2,2,2,2,31,6,3,0,0,1,0,-1,9,1
38228,77.2475358,28.559579,5,3,1,1,2,13:55,91,E08000012,6,0,6,30,3,4,6,0,0,0,1,1,1,0,0,1,2,E01006670,20-06-2018,2,1,1,2,28,6,3,0,0,0,0,-1,9,1
38229,77.09631233,28.59704212,5,3,2,1,7,17:02,91,E08000012,3,5047,3,30,6,2,4,5179,0,5,1,1,1,0,0,1,1,E01006716,18-06-2018,2,2,2,2,26,6,3,0,0,1,0,-1,9,1
38230,77.06180687,28.64743755,5,3,1,1,7,15:30,91,E08000012,3,506,3,30,3,4,6,0,0,4,1,1,1,0,0,1,2,E01006654,18-06-2018,2,1,1,1,21,5,3,0,0,0,0,-1,1,1