Accident_Index,longitude,latitude,Police_Force,Accident_Severity,Number_of_Vehicles,Number_of_Casualties,Day_of_Week,Time,Local_Authority_(District),Local_Authority_(Highway),1st_Road_Class,1st_Road_Number,Road_Type,Speed_limit,Junction_Detail,Junction_Control,2nd_Road_Class,2nd_Road_Number,Pedestrian_Crossing-Human_Control,Pedestrian_Crossing-Physical_Facilities,Light_Conditions,Weather_Conditions,Road_Surface_Conditions,Special_Conditions_at_Site,Carriageway_Hazards,Urban_or_Rural_Area,Did_Police_Officer_Attend_Scene_of_Accident,LSOA_of_Accident_Location,Date,Vehicle_Reference,Casualty_Reference,Casualty_Class,Sex_of_Casualty,Age_of_Casualty,Age_Band_of_Casualty,Casualty_Severity,Pedestrian_Location,Pedestrian_Movement,Car_Passenger,Bus_or_Coach_Passenger,Pedestrian_Road_Maintenance_Worker,Casualty_Type,Casualty_Home_Area_Type
38231,77.11776272,28.54416972,5,3,2,1,7,23:30,91,E08000012,3,566,6,30,3,4,6,0,0,0,4,1,1,0,0,1,2,E01006784,14-05-2018,1,1,1,2,46,8,3,0,0,0,0,-1,9,1
38232,77.18810986,28.59685514,5,3,3,1,5,07:50,91,E08000012,3,580,3,70,7,2,6,0,0,0,1,2,2,0,0,2,2,E01006661,02-06-2018,2,1,1,2,37,7,3,0,0,0,0,-1,9,1
38233,77.25708395,28.60238895,5,3,1,1,2,09:30,91,E08000012,6,0,6,30,3,4,6,0,0,0,1,1,1,0,0,1,2,E01006748,20-06-2018,2,1,1,1,39,7,3,0,0,0,0,-1,9,1
38234,77.27545694,28.53275177,5,3,2,1,4,19:50,91,E08000012,6,0,6,30,6,4,6,0,0,0,1,1,1,0,0,1,2,E01006701,22-06-2018,2,1,1,1,33,6,3,0,0,0,0,-1,1,1
38235,77.09578237,28.66101858,5,3,1,1,7,14:10,91,E08000012,3,5038,6,30,6,2,3,5054,0,5,1,1,1,0,0,1,1,E01006778,11-06-2018,1,1,3,1,36,7,3,4,9,0,0,-1,0,1
38236,77.12290041,28.70293772,5,3,1,1,4,17:05,91,E08000012,3,59,3,30,3,2,6,0,0,5,1,1,1,0,0,1,2,E01006782,15-06-2018,1,1,1,2,23,5,3,0,0,0,0,-1,9,3
38237,77.12064951,28.69225971,5,3,2,1,1,21:00,91,E08000012,6,0,6,30,6,4,6,0,0,0,4,1,1,0,0,1,2,E01006779,12-06-2018,2,1,1,1,10,2,3,0,0,0,0,-1,1,1
38238,77.20168854,28.71339261,5,3,2,2,6,18:00,91,E08000012,3,59,6,30,6,2,6,0,0,4,1,1,1,0,0,1,2,E01006790,01-04-2018,1,2,2,2,71,10,3,0,0,1,0,-1,9,2
38239,77.25785463,28.70974466,5,3,1,1,2,20:40,91,E08000012,3,562,3,30,7,2,3,561,0,0,1,1,1,0,0,1,2,E01006515,20-06-2018,2,1,1,2,34,6,3,0,0,0,0,-1,9,-1
38240,77.08124723,28.72805414,5,3,2,2,3,19:00,91,E08000012,3,5036,6,30,3,4,6,0,0,0,1,1,1,0,0,1,1,E01006776,21-06-2018,1,1,2,1,57,9,3,0,0,1,0,-1,19,2
38241,77.15061376,28.6413527,5,3,2,2,3,12:20,91,E08000012,3,5049,1,30,1,4,6,0,0,0,1,1,1,0,0,1,1,E01006761,14-06-2018,1,1,1,2,18,4,2,0,0,0,0,-1,9,2
38242,77.18467025,28.5483635,5,3,1,1,2,02:05,91,E08000012,3,59,6,30,3,4,6,0,0,0,4,1,1,0,0,1,1,E01006787,20-06-2018,1,2,2,1,-1,-1,2,0,0,1,0,-1,9,-1
38243,77.21996931,28.60509703,5,3,2,1,2,14:30,91,E08000012,3,5049,1,30,1,4,3,5049,0,0,1,1,1,0,0,1,2,E01006761,20-06-2018,1,3,2,2,-1,-1,2,0,0,2,0,-1,9,-1
38244,77.08790844,28.58142017,5,3,2,2,1,11:45,91,E08000012,6,0,3,30,0,-1,-1,0,0,0,1,1,1,0,0,1,2,E01006542,24-04-2018,1,6,2,1,17,4,3,0,0,2,0,-1,9,-1
38245,77.17006538,28.68845171,5,3,1,2,5,12:30,91,E08000012,3,580,3,30,9,4,3,580,0,0,1,1,1,0,0,1,1,E01006747,23-06-2018,3,1,1,2,35,6,3,0,0,0,0,-1,9,2
38246,77.08234391,28.58771375,5,3,2,1,4,11:30,91,E08000012,3,57,6,30,3,4,6,0,0,4,1,1,1,0,0,1,1,E01006573,22-06-2018,1,1,3,1,6,2,3,5,2,0,0,-1,0,1
38247,77.26093466,28.67634134,5,3,2,2,6,23:30,91,E08000012,5,0,6,30,6,2,3,5039,0,5,4,1,1,0,0,1,2,E01006513,17-06-2018,1,1,1,1,35,6,1,0,0,0,0,-1,4,3
38248,77.09631179,28.65360103,5,3,2,1,1,15:20,91,E08000012,3,580,3,40,3,2,3,580,0,4,1,2,3,0,0,1,1,E01006735,19-06-2018,1,1,1,1,38,7,3,0,0,0,0,-1,5,1
38249,77.14232174,28.72070524,5,3,2,2,1,12:25,91,E08000012,4,5189,6,30,3,4,6,0,0,0,1,1,1,0,0,1,1,E01006566,19-06-2018,1,2,2,1,42,7,1,0,0,2,0,-1,5,-1
38250,77.35326565,28.61853186,5,3,2,1,4,17:00,91,E08000012,3,59,3,30,3,2,3,59,0,4,1,1,1,0,0,1,1,E01006650,22-06-2018,1,1,1,1,11,3,3,0,0,0,0,-1,1,-1
38251,77.10406087,28.59744505,5,3,2,2,5,16:45,91,E08000012,5,0,6,30,3,4,6,0,0,0,1,1,1,0,0,1,1,E01006570,23-06-2018,2,2,1,2,54,8,3,0,0,0,0,-1,9,1
38252,77.2103786,28.70532623,5,2,3,1,5,18:00,91,E08000012,6,0,9,30,3,4,6,0,0,0,1,1,1,0,0,1,1,E01006750,23-06-2018,1,1,1,2,38,7,3,0,0,0,0,-1,9,1
38253,77.07090201,28.6625403,5,3,2,2,2,20:55,91,E08000012,6,0,6,30,3,4,6,0,0,0,1,8,1,0,0,1,1,E01006638,27-06-2018,2,2,1,1,76,11,3,0,0,0,0,-1,9,1
38254,77.11974147,28.65094406,5,3,1,1,7,17:00,91,E08000012,5,0,6,30,3,4,6,0,0,0,1,1,1,0,0,1,1,E01006567,25-06-2018,2,4,2,2,70,10,3,0,0,1,0,-1,9,1
38255,77.36969374,28.5602956,5,2,1,1,1,00:40,91,E08000012,3,57,6,30,3,4,6,0,0,0,4,1,1,0,0,1,1,E01006714,26-06-2018,3,3,1,1,30,6,3,0,0,0,0,-1,9,1
38256,77.32393607,28.67071401,5,3,2,3,7,11:15,91,E08000012,3,5058,3,40,0,-1,-1,0,0,0,1,1,1,0,0,1,1,E01006605,25-06-2018,2,1,1,1,59,9,3,0,0,0,0,-1,10,1
38257,77.30741386,28.61872697,5,3,2,2,7,01:25,91,E08000012,5,0,6,30,6,4,6,0,0,0,4,2,2,0,0,1,1,E01006701,25-06-2018,2,1,1,1,30,6,3,0,0,0,0,-1,5,1
38258,77.06229562,28.55881058,5,2,1,1,5,12:15,91,E08000012,3,5046,2,30,3,4,6,0,0,0,1,1,1,0,0,1,1,E01006650,23-06-2018,1,1,1,1,24,5,3,0,0,0,0,-1,9,-1
38259,77.23817017,28.53508141,5,2,1,1,6,22:20,91,E08000012,3,59,6,30,7,2,3,59,0,5,4,2,2,0,0,1,2,E01006783,24-06-2018,2,1,1,2,24,5,3,0,0,0,0,-1,9,1
38260,77.30107381,28.59342459,5,3,3,9,3,12:30,91,E08000012,4,5178,6,30,6,2,6,0,0,5,1,1,1,0,0,1,1,E01006749,21-06-2018,2,2,2,1,29,6,3,0,0,1,0,-1,9,-1
38261,77.09940597,28.69176447,5,2,1,1,5,18:30,91,E08000012,3,59,6,30,6,4,6,0,0,0,1,1,1,0,0,1,2,E01006700,16-06-2018,1,1,1,1,17,4,3,0,0,0,0,-1,3,1
38262,77.24707568,28.60315876,5,3,3,19,3,10:00,91,E08000012,3,565,3,30,3,2,3,5036,0,5,1,1,1,0,0,1,1,E01006649,28-06-2018,2,2,1,2,46,8,3,0,0,0,0,-1,9,1
38263,77.10364443,28.62173001,5,3,2,1,3,08:40,91,E08000012,6,0,3,30,3,2,6,0,0,0,1,1,1,0,0,1,1,E01006644,28-06-2018,1,1,1,2,18,4,3,0,0,0,0,-1,3,1
38264,77.16944999,28.60619489,5,3,2,1,4,21:35,91,E08000012,6,0,3,30,3,4,4,5188,0,0,4,1,1,0,0,1,1,E01006695,22-06-2018,1,1,1,1,17,4,3,0,0,0,0,-1,3,-1
38265,77.19016088,28.64797254,5,3,2,1,3,09:30,91,E08000012,3,5053,3,30,7,2,3,565,0,0,1,1,1,0,0,1,2,E01006650,28-06-2018,1,2,2,1,19,4,3,0,0,2,0,-1,3,-1
38266,77.13792287,28.69796966,5,3,3,2,3,12:45,91,E08000012,3,5058,3,40,3,4,6,0,0,4,1,1,1,0,0,1,1,E01006565,28-06-2018,1,1,3,1,85,11,2,5,2,0,0,-1,0,-1
38267,77.08805976,28.67208796,5,3,1,1,3,15:20,91,E08000012,5,0,6,30,0,-1,-1,0,0,0,1,1,1,0,0,1,1,E01006558,21-06-2018,1,1,1,2,77,11,3,0,0,0,0,-1,90,1
38268,77.21840591,28.64822526,5,3,2,1,5,18:50,91,E08000012,5,0,6,30,3,4,5,0,0,4,1,1,1,0,0,1,2,E01006568,30-06-2018,2,2,1,2,18,4,3,0,0,0,0,-1,2,-1
38269,77.23832258,28.61964593,5,3,2,2,2,12:30,91,E08000012,5,0,6,30,3,4,5,0,0,0,1,1,1,0,0,1,2,E01006586,06-06-2018,2,1,2,2,19,4,3,0,0,1,0,-1,9,-1
38270,77.1354287,28.66831713,5,3,2,2,7,12:40,91,E08000012,3,57,6,30,3,4,6,0,0,4,1,1,1,0,0,1,1,E01006691,02-07-2018,2,2,2,1,20,4,3,0,0,2,0,-1,9,-1
38271,77.14087691,28.72007131,5,3,1,1,3,10:27,91,E08000012,6,0,6,30,3,4,6,0,0,4,1,1,1,0,0,1,2,E01006511,05-07-2018,2,1,1,1,38,7,3,0,0,0,0,-1,9,1
38272,77.11797261,28.58690556,5,3,1,1,7,09:00,91,E08000012,6,0,6,30,3,4,6,0,0,0,1,1,1,0,0,1,1,E01006666,02-07-2018,2,1,1,1,61,9,3,0,0,0,0,-1,9,1
38273,77.24287202,28.58928205,5,3,1,1,6,12:40,91,E08000012,3,565,6,30,6,4,6,0,0,0,1,1,1,0,0,1,1,E01006778,01-07-2018,2,2,2,2,48,8,3,0,0,1,0,-1,9,1
38274,77.14922547,28.6924928,5,3,1,1,5,15:35,91,E08000012,5,0,6,30,3,4,6,0,0,0,1,1,1,0,0,1,2,E01006622,30-06-2018,2,1,1,1,45,7,3,0,0,0,0,-1,9,-1
38275,77.09252411,28.56264389,5,3,1,1,5,14:30,91,E08000012,4,5189,6,30,3,4,6,0,0,0,1,1,1,0,0,1,1,E01006566,30-06-2018,1,1,1,1,39,7,3,0,0,0,0,-1,9,1
38276,77.25806401,28.66029799,5,3,2,1,5,10:05,91,E08000012,5,0,6,30,3,4,6,0,0,0,1,1,1,0,0,1,1,E01006513,30-06-2018,1,2,2,2,74,10,2,0,0,1,0,-1,9,2
38277,77.1894722,28.63831624,5,2,1,1,5,10:50,91,E08000012,6,0,6,30,0,-1,-1,0,0,4,1,1,1,0,0,1,1,E01006648,30-06-2018,2,1,1,1,67,10,3,0,0,0,0,-1,9,2
38278,77.29205305,28.61197465,5,3,2,1,5,09:20,91,E08000012,3,5049,1,30,1,4,3,5049,0,0,1,1,1,0,0,1,1,E01006765,30-06-2018,1,1,1,2,24,5,3,0,0,0,0,-1,9,1
38279,77.12597395,28.68892098,5,2,1,1,2,17:10,91,E08000012,6,0,6,30,0,-1,-1,0,0,7,1,1,1,0,0,1,1,E01006584,27-06-2018,2,2,1,1,63,9,3,0,0,0,0,-1,9,1
38280,77.12376823,28.60452286,5,3,2,1,6,11:40,91,E08000012,3,580,6,30,0,-1,-1,0,0,0,1,2,2,4,2,1,1,E01006663,24-06-2018,1,1,1,1,32,6,3,0,0,0,0,-1,9,1
38281,77.31943807,28.57137594,5,3,2,2,6,17:30,91,E08000012,3,59,3,30,3,4,6,0,0,0,1,1,1,0,0,1,2,E01006698,01-07-2018,2,2,1,1,16,4,2,0,0,0,0,-1,2,1
38282,77.16039757,28.57210059,5,3,2,1,2,14:50,91,E08000012,6,0,6,30,3,4,6,0,0,0,1,1,1,0,0,1,2,E01006747,04-07-2018,2,1,1,2,50,8,3,0,0,0,0,-1,9,1
38283,77.10210132,28.61940532,5,3,2,1,1,18:25,91,E08000012,5,0,6,30,3,4,6,0,0,0,1,2,2,0,0,1,2,E01006620,19-06-2018,2,1,1,1,28,6,3,0,0,0,0,-1,9,-1
38284,77.19700638,28.53386159,5,3,2,1,7,22:15,91,E08000012,3,5049,3,30,3,4,6,0,0,4,4,1,1,0,0,1,1,E01006761,09-07-2018,1,1,1,1,29,6,1,0,0,0,0,-1,9,1
38285,77.17532725,28.69883191,5,3,2,5,3,17:15,91,E08000012,6,0,6,30,0,-1,-1,0,0,0,1,1,2,0,0,1,1,E01006659,05-07-2018,1,2,2,1,31,6,1,0,0,1,0,-1,9,-1
38286,77.21375556,28.68171274,5,3,2,1,6,00:15,91,E08000012,6,0,6,30,3,4,6,0,0,0,4,1,1,0,0,1,2,E01006609,01-07-2018,2,1,1,2,57,9,3,0,0,0,0,-1,9,1
38287,77.09090557,28.70567547,5,3,3,1,5,09:30,91,E08000012,5,0,6,30,0,-1,-1,0,0,0,1,1,1,0,0,1,1,E01006690,16-06-2018,2,1,1,2,50,8,3,0,0,0,0,-1,9,1
38288,77.14073766,28.69788001,5,3,3,2,2,18:30,91,E08000012,3,5036,6,30,3,4,3,5036,0,0,1,2,2,0,0,1,1,E01006776,04-07-2018,1,1,3,2,16,4,3,10,4,0,0,-1,0,1
38289,77.27571618,28.67365083,5,3,2,5,3,12:00,91,E08000012,6,0,6,30,7,2,6,0,0,0,1,2,2,0,0,1,2,E01006558,05-07-2018,1,1,1,1,23,5,3,0,0,0,0,-1,9,-1
38290,77.08461014,28.67865377,5,3,2,1,2,15:06,91,E08000012,6,0,6,40,6,4,6,0,0,0,1,1,1,0,0,1,2,E01006567,04-07-2018,2,2,1,1,83,11,3,0,0,0,0,-1,9,2
38291,77.31232854,28.64733034,5,3,2,2,2,14:45,91,E08000012,5,0,3,30,6,2,3,506,0,0,1,1,1,0,0,1,2,E01006652,13-06-2018,2,3,2,2,84,11,3,0,0,1,0,-1,9,2
38292,77.13957801,28.59158077,5,1,1,1,1,17:05,91,E08000012,3,5036,3,30,0,-1,-1,0,0,0,1,1,1,4,0,1,1,E01006511,10-07-2018,1,1,3,1,32,6,2,5,1,0,0,-1,0,1
38293,77.31150585,28.6790602,5,3,1,1,3,09:20,91,E08000012,4,5173,6,30,3,4,3,57,0,4,1,9,2,0,0,1,2,E01006696,10-05-2018,1,1,1,1,61,9,3,0,0,0,0,-1,9,1
38294,77.19988689,28.66324291,5,3,1,1,4,12:50,91,E08000012,6,0,6,30,8,4,6,0,0,0,1,1,1,0,6,1,2,E01006627,06-07-2018,2,2,1,2,25,5,3,0,0,0,0,-1,9,1
38295,77.16376506,28.62815745,5,3,4,3,6,15:50,91,E08000012,6,0,3,40,6,2,6,0,0,5,1,1,1,0,0,1,1,E01006639,03-06-2018,2,1,1,1,17,4,3,0,0,0,0,-1,2,1
38296,77.15383297,28.67268277,5,3,2,1,2,11:10,93,E08000014,6,0,6,30,3,4,6,0,0,0,1,1,1,0,0,1,2,E01007041,04-07-2018,2,1,1,1,32,6,3,0,0,0,0,-1,9,-1
38297,77.33347116,28.7090111,5,3,2,1,3,17:30,91,E08000012,6,0,6,30,9,2,3,506,0,0,1,1,1,0,0,1,2,E01006655,05-07-2018,2,2,2,1,6,2,3,0,0,2,0,-1,9,-1
38298,77.09331858,28.66800079,5,3,2,1,4,20:21,91,E08000012,3,580,6,30,3,4,6,0,0,0,1,4,1,0,0,1,1,E01006547,06-07-2018,2,3,2,2,11,3,3,0,0,1,0,-1,9,-1
38299,77.22565402,28.72536741,5,3,1,1,4,18:30,91,E08000012,6,0,6,30,0,-1,-1,0,0,5,1,4,1,0,0,1,1,E01006701,06-07-2018,1,1,1,2,56,9,3,0,0,0,0,-1,9,1
38300,77.22991503,28.6320643,5,2,2,1,6,17:00,91,E08000012,6,0,3,30,0,-1,-1,0,0,0,1,1,1,0,0,1,2,E01006672,24-06-2018,2,2,1,1,44,7,3,0,0,0,0,-1,9,3
38301,77.10142671,28.67723343,5,3,2,1,4,13:30,91,E08000012,6,0,6,30,3,4,4,5178,0,0,1,1,1,0,0,1,2,E01006751,06-07-2018,1,2,1,2,19,4,2,0,0,0,0,-1,9,1
38302,77.2750785,28.61995515,5,3,3,1,7,12:45,91,E08000012,3,59,3,30,0,-1,-1,0,0,0,1,1,1,0,0,1,1,E01006777,02-07-2018,2,1,1,2,30,6,3,0,0,0,0,-1,9,1
38303,77.20086691,28.61005901,5,3,2,1,2,17:15,91,E08000012,6,0,3,30,0,-1,-1,0,0,0,1,1,1,0,0,1,1,E01006644,04-07-2018,2,2,2,2,21,5,3,0,0,1,0,-1,9,1
38304,77.17163554,28.68351905,5,3,2,2,6,08:50,91,E08000012,6,0,2,30,3,4,3,5036,0,0,1,1,1,0,0,1,1,E01006650,08-07-2018,3,1,1,1,18,4,3,0,0,0,0,-1,9,1
38305,77.28413301,28.62822388,5,3,2,2,6,06:00,91,E08000012,3,566,6,30,3,4,6,0,0,0,1,1,1,0,0,1,1,E01006784,01-07-2018,1,1,3,2,24,5,3,5,3,0,0,-1,0,1
38306,77.13012202,28.67972041,5,3,2,1,1,19:00,91,E08000012,5,0,6,30,6,2,3,580,0,4,1,1,1,0,0,1,1,E01006547,26-06-2018,2,1,1,2,26,6,3,0,0,0,0,-1,9,2
38307,77.30237643,28.63175434,5,3,2,1,4,21:15,91,E08000012,3,5038,6,30,6,4,6,0,0,4,1,1,1,4,0,1,1,E01006650,29-06-2018,1,1,1,2,48,8,3,0,0,0,0,-1,9,-1
38308,77.23919013,28.69395639,5,2,1,1,5,13:20,91,E08000012,3,567,6,30,6,2,3,5038,0,0,1,1,1,0,0,1,2,E01006778,07-07-2018,2,2,1,1,42,7,3,0,0,0,0,-1,9,1
38309,77.13348053,28.61217314,5,3,2,2,4,07:00,91,E08000012,3,580,3,40,0,-1,-1,0,0,0,1,2,2,6,0,1,1,E01006660,06-07-2018,2,1,1,2,19,4,3,0,0,0,0,-1,9,1
38310,77.11355588,28.54819547,5,3,2,2,4,07:30,91,E08000012,3,57,6,30,3,4,6,0,0,0,1,1,1,0,0,1,2,E01006650,06-07-2018,1,1,1,1,52,8,3,0,0,0,0,-1,10,1
38311,77.27599908,28.6664381,5,3,3,5,5,11:00,91,E08000012,3,5036,3,30,3,2,3,5052,0,0,1,1,1,0,0,1,1,E01006650,07-07-2018,1,2,2,2,11,3,3,0,0,2,0,-1,10,1
38312,77.23564462,28.66010055,5,3,2,3,4,13:50,91,E08000012,3,5047,6,30,3,2,3,5048,0,5,1,1,1,0,0,1,1,E01006747,06-07-2018,1,3,2,2,16,4,3,0,0,2,0,-1,10,1
38313,77.13057191,28.63991644,5,3,2,1,4,09:30,91,E08000012,3,565,3,30,6,2,3,5055,0,5,1,1,1,0,0,1,1,E01006778,06-07-2018,1,4,2,2,16,4,3,0,0,2,0,-1,10,-1
38314,77.18253388,28.70157808,5,3,2,3,6,14:40,91,E08000012,3,580,3,30,6,2,6,0,0,0,1,1,1,0,0,1,1,E01006747,08-07-2018,1,5,2,2,20,4,3,0,0,2,0,-1,10,1
38315,77.21196922,28.68565546,5,3,1,1,4,13:10,91,E08000012,3,57,6,30,6,2,3,5049,0,0,1,4,1,0,0,1,2,E01006747,06-07-2018,1,6,2,2,16,4,3,0,0,2,0,-1,10,1
38316,77.1152551,28.57594072,5,3,2,2,1,15:55,91,E08000012,3,5049,6,30,3,4,6,0,0,4,1,1,1,0,0,1,1,E01006746,03-07-2018,1,7,2,2,16,4,3,0,0,2,0,-1,10,1
38317,77.14256267,28.72669451,5,3,2,1,7,10:15,91,E08000012,3,562,3,30,6,2,3,5039,0,0,1,1,1,0,0,1,2,E01006673,09-07-2018,1,8,2,2,19,4,3,0,0,2,0,-1,10,1
38318,77.31211026,28.69606271,5,3,2,1,1,12:40,91,E08000012,3,5058,3,40,0,-1,-1,0,0,0,1,1,1,4,0,1,1,E01006621,10-07-2018,1,9,2,2,15,3,3,0,0,2,0,-1,10,1
38319,77.15069684,28.6315863,5,3,2,1,7,17:35,91,E08000012,6,0,6,30,9,4,-1,-1,0,0,1,1,1,0,0,1,2,E01006544,09-07-2018,1,10,2,2,15,3,3,0,0,2,0,-1,10,1
38320,77.28462751,28.61508245,5,3,1,2,5,15:10,91,E08000012,3,59,6,30,3,4,6,0,0,4,1,1,1,0,0,1,1,E01006698,07-07-2018,1,11,2,2,15,3,3,0,0,2,0,-1,10,1
38321,77.13885751,28.63369878,5,3,2,1,2,11:30,91,E08000012,4,5173,6,30,3,4,6,0,0,0,1,1,1,4,0,1,2,E01006691,11-07-2018,1,12,2,2,14,3,3,0,0,2,0,-1,10,1
38322,77.08659643,28.63683074,5,2,1,1,7,16:40,91,E08000012,6,0,6,30,0,-1,-1,0,0,0,1,1,1,0,0,1,1,E01006704,16-07-2018,1,13,2,2,16,4,3,0,0,2,0,-1,10,1
38323,77.25579282,28.55373485,5,3,3,2,6,15:00,91,E08000012,4,5185,3,30,7,2,3,580,0,5,1,1,1,0,0,1,1,E01006650,08-07-2018,1,14,2,2,14,3,3,0,0,2,0,-1,10,1
38324,77.19015817,28.67417091,5,3,2,1,2,19:00,91,E08000012,6,0,6,30,6,4,6,0,0,0,1,1,1,0,0,1,2,E01006701,04-07-2018,1,15,2,2,12,3,3,0,0,2,0,-1,10,1
38325,77.3372171,28.57640697,5,3,2,2,6,15:06,91,E08000012,4,5173,6,30,7,2,3,59,0,5,1,1,1,0,0,1,1,E01006777,08-07-2018,1,16,2,2,18,4,2,0,0,2,0,-1,10,1
38326,77.07232988,28.66146381,5,3,2,1,6,05:30,91,E08000012,6,0,6,30,3,4,5,0,0,0,1,1,1,0,0,1,2,E01006648,01-07-2018,1,17,2,2,18,4,2,0,0,2,0,-1,10,-1
38327,77.26292918,28.55331393,5,3,1,2,2,19:25,91,E08000012,6,0,6,30,0,-1,-1,0,0,0,1,1,1,0,0,1,1,E01006638,11-07-2018,2,1,1,1,20,4,3,0,0,0,0,-1,9,-1
38328,77.18042462,28.68897317,5,3,2,1,4,20:35,91,E08000012,3,5089,6,30,3,2,6,0,0,5,1,1,1,0,0,1,1,E01006560,13-07-2018,2,2,2,1,41,7,2,0,0,1,0,-1,9,1
38329,77.25290594,28.58825088,5,3,1,1,6,17:40,91,E08000012,3,5040,2,30,6,2,6,0,0,0,1,1,1,0,0,1,2,E01006650,13-05-2018,1,1,1,1,53,8,2,0,0,0,0,-1,1,1
38330,77.13021528,28.55376148,5,2,1,1,7,21:00,91,E08000012,6,0,2,30,0,-1,-1,0,0,0,1,1,1,0,0,1,1,E01006511,09-07-2018,1,1,1,2,52,8,2,0,0,0,0,-1,9,1
38331,77.31467733,28.72280047,5,3,2,1,5,17:35,91,E08000012,3,5058,3,40,6,4,6,0,0,0,1,1,1,0,0,1,1,E01006768,30-06-2018,1,4,2,2,70,10,3,0,0,1,0,-1,9,1
38332,77.16606414,28.70905373,5,3,2,1,7,14:00,91,E08000012,3,57,6,30,3,2,3,5089,0,5,1,1,1,0,0,1,2,E01006696,16-07-2018,1,5,2,1,72,10,2,0,0,2,0,-1,9,1
38333,77.35553991,28.60591664,5,3,2,2,7,12:22,91,E08000012,6,0,3,30,0,-1,-1,0,0,0,1,1,1,0,0,1,2,E01006737,18-06-2018,2,2,1,1,32,6,3,0,0,0,0,-1,9,2
38334,77.29232407,28.58488205,5,3,2,1,2,20:20,91,E08000012,6,0,3,30,6,4,5,0,0,0,1,1,1,0,0,1,1,E01006672,04-07-2018,3,3,1,1,25,5,3,0,0,0,0,-1,9,1
38335,77.22755053,28.62249857,5,3,2,2,1,16:30,91,E08000012,6,0,6,30,3,4,6,0,0,0,1,1,1,0,0,1,2,E01006623,17-07-2018,1,1,2,2,74,10,2,0,0,0,4,-1,11,1
38336,77.34155268,28.6185506,5,3,2,2,7,23:20,91,E08000012,3,580,3,40,7,2,3,580,0,4,4,1,1,0,0,1,1,E01006735,16-07-2018,1,1,1,1,37,7,1,0,0,0,0,-1,5,1
38337,77.06171284,28.59069237,5,3,2,1,2,08:46,91,E08000012,5,0,6,30,3,4,6,0,0,0,1,1,1,0,0,1,1,E01006781,18-07-2018,2,1,2,2,14,3,3,0,0,1,0,-1,9,-1
38338,77.37148374,28.54277676,5,3,2,2,1,19:20,91,E08000012,4,5173,6,30,6,2,4,5178,0,0,1,1,1,0,0,1,1,E01006749,17-07-2018,2,1,1,1,35,6,3,0,0,0,0,-1,1,-1
38339,77.10732162,28.68400871,5,3,2,2,3,17:58,91,E08000012,6,0,6,30,6,2,6,0,0,0,1,1,1,0,0,1,1,E01006571,12-07-2018,2,1,1,2,43,7,3,0,0,0,0,-1,9,3
38340,77.27761438,28.5995942,5,2,1,1,6,23:20,91,E08000012,3,5047,3,30,6,2,6,0,0,5,4,1,1,0,0,1,1,E01006715,08-07-2018,3,1,1,1,35,6,3,0,0,0,0,-1,5,2
38341,77.21935525,28.65202025,5,3,1,1,3,15:00,91,E08000012,6,0,6,30,0,-1,-1,0,0,0,1,1,1,0,0,1,2,E01006667,28-06-2018,1,1,3,2,71,10,3,1,5,0,0,-1,0,1
38342,77.30110966,28.69619786,5,3,2,2,2,16:05,91,E08000012,6,0,6,30,9,4,3,580,0,0,1,1,1,0,0,1,2,E01006606,18-07-2018,2,1,1,1,30,6,3,0,0,0,0,-1,5,1
38343,77.36122899,28.53347799,5,3,2,1,4,17:10,91,E08000012,3,5040,6,30,6,4,6,0,0,0,1,1,1,0,0,1,1,E01006515,13-07-2018,1,1,1,1,20,4,3,0,0,0,0,-1,9,1
38344,77.23765556,28.59255806,5,3,2,4,6,16:40,91,E08000012,3,5040,6,30,7,2,4,5339,2,0,1,1,1,4,0,1,1,E01006511,08-07-2018,2,1,1,2,27,6,2,0,0,0,0,-1,9,1
38345,77.34202455,28.7006522,5,3,1,1,2,17:50,91,E08000012,6,0,6,30,0,-1,-1,0,0,0,1,1,1,0,0,1,1,E01006767,04-07-2018,1,1,1,2,27,6,3,0,0,0,0,-1,9,1
38346,77.35307647,28.66159257,5,2,1,1,3,20:40,91,E08000012,6,0,6,30,0,-1,-1,0,0,0,1,1,1,0,0,1,1,E01006645,05-07-2018,2,2,1,1,39,7,3,0,0,0,0,-1,9,1
38347,77.08350672,28.54479496,5,3,2,1,2,18:45,91,E08000012,3,5049,6,30,3,4,6,0,0,0,1,1,1,0,0,1,1,E01006647,18-07-2018,2,3,2,2,37,7,3,0,0,1,0,-1,9,1
38348,77.06329546,28.69117945,5,3,1,1,6,18:50,91,E08000012,6,0,6,30,0,-1,-1,0,0,0,1,1,1,0,0,1,2,E01006729,08-07-2018,2,1,1,2,30,6,3,0,0,0,0,-1,9,1
38349,77.13761864,28.68101556,5,3,2,1,3,09:05,91,E08000012,3,5048,6,30,0,-1,-1,0,0,0,1,1,1,0,0,1,1,E01006650,12-07-2018,2,1,1,1,42,7,3,0,0,0,0,-1,9,1
38350,77.29769027,28.69525684,5,3,2,1,7,14:00,91,E08000012,3,59,6,30,3,4,6,0,0,0,1,1,1,0,0,1,1,E01006782,16-07-2018,1,1,3,1,18,4,2,9,9,0,0,-1,0,1
38351,77.14712756,28.6658786,5,3,3,1,3,16:30,91,E08000012,6,0,6,30,3,4,6,0,0,0,1,1,1,0,0,1,1,E01006512,12-07-2018,1,1,1,1,40,7,2,0,0,0,0,-1,5,1