Accident_Index,longitude,latitude,Police_Force,Accident_Severity,Number_of_Vehicles,Number_of_Casualties,Day_of_Week,Time,Local_Authority_(District),Local_Authority_(Highway),1st_Road_Class,1st_Road_Number,Road_Type,Speed_limit,Junction_Detail,Junction_Control,2nd_Road_Class,2nd_Road_Number,Pedestrian_Crossing-Human_Control,Pedestrian_Crossing-Physical_Facilities,Light_Conditions,Weather_Conditions,Road_Surface_Conditions,Special_Conditions_at_Site,Carriageway_Hazards,Urban_or_Rural_Area,Did_Police_Officer_Attend_Scene_of_Accident,LSOA_of_Accident_Location,Date,Vehicle_Reference,Casualty_Reference,Casualty_Class,Sex_of_Casualty,Age_of_Casualty,Age_Band_of_Casualty,Casualty_Severity,Pedestrian_Location,Pedestrian_Movement,Car_Passenger,Bus_or_Coach_Passenger,Pedestrian_Road_Maintenance_Worker,Casualty_Type,Casualty_Home_Area_Type
38473,77.3220405,28.56338099,5,3,2,2,3,18:30,91,E08000012,3,561,3,40,0,-1,-1,0,0,5,1,1,1,0,0,1,2,E01006743,06-09-2018,2,1,1,1,44,7,3,0,0,0,0,-1,9,3
38474,77.24405727,28.68917257,5,3,2,1,7,22:10,91,E08000012,4,5175,6,30,3,4,6,0,0,0,4,1,1,0,0,1,1,E01006726,17-09-2018,1,1,1,1,29,6,2,0,0,0,0,-1,9,1
38475,77.31728632,28.66546798,5,3,3,3,2,17:15,91,E08000012,6,0,6,30,6,4,6,0,0,0,1,1,1,0,0,1,1,E01006756,12-09-2018,2,1,1,1,71,10,3,0,0,0,0,-1,9,1
38476,77.15526931,28.65486975,5,2,2,1,3,17:45,91,E08000012,3,562,6,30,6,4,6,0,0,0,1,1,1,0,0,1,2,E01006556,13-09-2018,1,1,3,1,8,2,3,5,1,0,0,-1,0,-1
38477,77.31412725,28.54234193,5,3,2,5,6,21:20,91,E08000012,6,0,6,30,0,-1,-1,0,0,0,4,1,1,0,0,1,1,E01006722,16-09-2018,2,1,1,1,35,6,3,0,0,0,0,-1,9,1
38478,77.28479087,28.61580098,5,2,1,1,4,17:00,91,E08000012,6,0,6,30,0,-1,-1,0,0,0,1,1,1,0,0,1,1,E01006793,14-09-2018,2,2,2,1,2,1,3,0,0,2,0,-1,9,1
38479,77.12213069,28.6284224,5,3,1,1,6,12:00,91,E08000012,3,57,3,30,3,4,6,0,0,4,1,1,1,0,0,1,1,E01006573,16-09-2018,1,1,3,2,12,3,3,5,4,0,0,-1,0,1
38480,77.26546935,28.66309256,5,2,1,1,2,07:25,91,E08000012,4,5171,3,40,0,-1,-1,0,0,0,1,7,1,0,0,1,1,E01006535,12-09-2018,2,1,1,1,17,4,3,0,0,0,0,-1,2,1
38481,77.210478,28.68522004,5,3,2,1,3,18:25,91,E08000012,6,0,6,30,3,4,6,0,0,0,1,1,1,0,0,1,2,E01006634,13-09-2018,1,1,3,2,14,3,2,3,1,0,0,-1,0,1
38482,77.35774456,28.65106375,5,3,3,2,2,09:05,91,E08000012,3,561,3,30,9,2,6,0,0,5,1,1,1,0,0,1,1,E01006628,19-09-2018,1,1,1,1,15,3,2,0,0,0,0,-1,90,1
38483,77.23097132,28.55187602,5,3,2,5,5,18:55,91,E08000012,4,5180,3,30,7,2,6,0,0,5,4,2,2,0,0,1,1,E01006596,15-09-2018,1,1,1,2,44,7,3,0,0,0,0,-1,9,1
38484,77.06937851,28.56892768,5,3,2,1,2,09:30,91,E08000012,6,0,3,30,6,4,4,5179,0,0,1,1,1,0,0,1,2,E01006557,12-09-2018,2,2,1,2,41,7,3,0,0,0,0,-1,9,1
38485,77.06324937,28.59035449,5,3,2,2,6,20:30,91,E08000012,6,0,3,30,6,4,6,0,0,0,4,1,1,0,0,1,2,E01006741,16-09-2018,1,1,1,1,54,8,2,0,0,0,0,-1,5,1
38486,77.14030897,28.69026526,5,3,2,1,6,08:22,91,E08000012,3,561,3,30,3,4,6,0,0,0,1,1,1,0,0,1,2,E01006628,16-09-2018,1,1,1,1,21,5,3,0,0,0,0,-1,9,-1
38487,77.27344273,28.63321851,5,3,1,1,4,12:00,91,E08000012,6,0,6,30,3,4,6,0,0,0,1,1,1,0,0,1,2,E01006525,21-09-2018,1,2,2,1,21,5,3,0,0,1,0,-1,9,-1
38488,77.11943253,28.55501911,5,3,2,1,4,11:30,91,E08000012,3,562,3,30,7,2,3,562,0,0,1,1,1,0,0,1,1,E01006537,14-09-2018,2,1,1,2,47,8,3,0,0,0,0,-1,9,1
38489,77.2480908,28.59369828,5,3,1,2,4,23:30,91,E08000012,6,0,6,30,0,-1,-1,0,0,0,7,1,1,0,0,1,2,E01006577,14-09-2018,1,2,2,2,19,4,2,0,0,1,0,-1,9,-1
38490,77.05998517,28.65157241,5,3,2,1,7,09:00,91,E08000012,6,0,6,30,3,2,6,0,0,0,1,1,1,0,0,1,2,E01006574,24-09-2018,2,1,1,1,42,7,2,0,0,0,0,-1,9,1
38491,77.28154048,28.58870672,5,3,3,1,4,17:15,91,E08000012,3,5036,3,30,0,-1,-1,0,0,0,1,1,1,0,0,1,2,E01006634,21-09-2018,2,1,1,2,14,3,3,0,0,0,0,-1,1,-1
38492,77.3691067,28.67136225,5,3,2,1,3,08:00,91,E08000012,3,562,3,30,9,4,6,0,0,0,1,1,1,0,0,1,1,E01006553,20-09-2018,2,1,1,1,55,8,3,0,0,0,0,-1,1,1
38493,77.12314553,28.63455167,5,3,3,1,2,08:30,91,E08000012,3,5089,6,30,9,4,6,0,0,4,1,1,1,0,0,1,1,E01006551,19-09-2018,1,1,1,1,70,10,3,0,0,0,0,-1,9,3
38494,77.25671147,28.61223972,5,3,1,1,5,20:20,91,E08000012,3,562,6,30,3,4,6,0,0,0,1,2,2,0,0,1,1,E01006557,25-08-2018,1,3,2,2,47,8,3,0,0,1,0,-1,9,3
38495,77.12005814,28.67822653,5,3,2,1,6,14:00,91,E08000012,3,562,3,30,6,2,3,562,0,0,1,1,2,0,0,1,2,E01006431,12-08-2018,2,2,1,2,17,4,3,0,0,0,0,-1,9,3
38496,77.12510699,28.59690629,5,3,3,1,5,18:00,91,E08000012,3,562,3,30,6,2,6,0,0,0,1,1,1,0,0,1,1,E01006538,22-09-2018,2,1,1,1,35,6,3,0,0,0,0,-1,1,1
38497,77.20906028,28.71279209,5,3,1,1,1,20:00,91,E08000012,6,0,6,30,6,2,6,0,0,5,1,9,1,0,0,1,2,E01006588,18-09-2018,1,1,3,1,13,3,2,10,9,0,0,-1,0,1
38498,77.30408396,28.68603968,5,3,3,2,3,18:20,91,E08000012,4,5177,6,30,6,4,6,0,0,0,1,1,1,0,0,1,1,E01006518,27-09-2018,1,1,1,1,59,9,3,0,0,0,0,-1,9,1
38499,77.19999427,28.63487322,5,3,2,1,1,17:57,91,E08000012,6,0,6,30,6,4,6,0,0,0,1,1,1,0,0,1,2,E01006628,02-10-2018,2,2,1,1,51,8,3,0,0,0,0,-1,9,1
38500,77.11150726,28.5353945,5,3,2,1,4,17:35,91,E08000012,4,5180,3,40,6,2,6,0,0,5,1,1,1,0,0,1,1,E01006681,31-08-2018,2,1,1,1,41,7,3,0,0,0,0,-1,1,1
38501,77.14487498,28.63543783,5,3,2,1,4,22:30,91,E08000012,6,0,6,30,3,4,6,0,0,0,1,1,1,0,0,1,1,E01006745,21-09-2018,1,1,1,1,19,4,3,0,0,0,0,-1,1,1
38502,77.29960098,28.68123354,5,3,2,2,6,10:50,91,E08000012,4,5174,6,30,5,4,4,5175,0,0,1,1,1,0,0,1,2,E01006675,23-09-2018,2,1,2,2,83,11,3,0,0,2,0,-1,8,2
38503,77.08133223,28.65167883,5,3,2,2,1,14:39,91,E08000012,6,0,3,30,3,2,4,5171,0,5,1,1,1,0,0,1,1,E01006743,25-09-2018,2,1,1,2,27,6,3,0,0,0,0,-1,9,1
38504,77.15162825,28.61769062,5,3,2,1,3,12:10,91,E08000012,3,561,3,30,6,4,6,0,0,0,1,1,1,0,0,1,2,E01006684,27-09-2018,2,2,2,1,25,5,3,0,0,2,0,-1,9,1
38505,77.06663972,28.6258859,5,3,2,1,6,19:30,91,E08000012,6,0,6,30,3,4,6,0,0,0,4,5,2,0,0,1,2,E01006723,30-09-2018,2,3,2,2,0,1,3,0,0,2,0,-1,9,1
38506,77.13834498,28.70577072,5,3,2,4,7,00:25,91,E08000012,6,0,6,30,3,4,6,0,0,0,4,1,1,3,0,1,1,E01006517,01-10-2018,1,1,2,2,15,3,3,0,0,1,0,-1,9,1
38507,77.20780148,28.59845785,5,3,2,1,4,16:11,91,E08000012,3,5048,6,30,3,4,6,0,0,0,1,5,2,0,0,1,1,E01006512,28-09-2018,1,1,1,2,15,3,3,0,0,0,0,-1,1,1
38508,77.20817641,28.62833294,5,3,2,1,4,20:10,91,E08000012,6,0,3,30,6,2,4,5180,0,0,1,1,1,0,0,1,1,E01006681,21-09-2018,2,1,1,1,16,4,3,0,0,0,0,-1,2,1
38509,77.25141274,28.59677595,5,3,2,1,4,17:30,91,E08000012,3,561,1,30,1,4,6,0,0,0,1,4,2,0,0,1,2,E01006743,28-09-2018,2,1,1,1,16,4,3,0,0,0,0,-1,2,1
38510,77.30395356,28.64219625,5,3,2,1,4,18:30,91,E08000012,3,5058,1,30,1,4,3,562,0,0,1,2,2,0,0,1,2,E01006592,28-09-2018,2,1,1,1,17,4,3,0,0,0,0,-1,2,1
38511,77.10642383,28.66284273,5,2,2,1,2,09:50,91,E08000012,6,0,6,30,3,4,6,0,0,0,1,1,2,0,0,1,1,E01006742,03-10-2018,1,1,1,1,20,4,3,0,0,0,0,-1,9,1
38512,77.3175768,28.70752799,5,3,3,3,6,18:10,91,E08000012,4,5175,6,30,3,4,6,0,0,0,1,2,2,0,0,1,1,E01006549,30-09-2018,2,1,1,1,38,7,3,0,0,0,0,-1,9,1
38513,77.33780216,28.68264132,5,3,2,4,6,10:15,91,E08000012,6,0,6,30,3,4,4,5178,0,0,1,1,2,0,0,1,1,E01006772,30-09-2018,2,1,1,1,50,8,3,0,0,0,0,-1,9,1
38514,77.2180103,28.7086658,5,3,7,1,7,14:45,91,E08000012,6,0,6,30,3,4,6,0,0,5,1,2,2,0,0,1,1,E01006794,01-10-2018,2,1,1,1,89,11,3,0,0,0,0,-1,90,1
38515,77.33093071,28.59819848,5,3,2,2,4,15:35,91,E08000012,6,0,6,30,6,2,4,5171,0,0,1,1,1,0,0,1,1,E01006794,28-09-2018,2,1,1,2,29,6,3,0,0,0,0,-1,9,1
38516,77.28567632,28.62733124,5,3,3,1,3,16:10,91,E08000012,6,0,6,30,3,4,6,0,0,0,1,1,1,0,0,1,1,E01006590,04-10-2018,2,1,1,1,18,4,3,0,0,0,0,-1,9,1
38517,77.25705888,28.70770016,5,3,2,1,5,17:20,91,E08000012,6,0,6,30,3,4,6,0,0,0,1,1,1,0,0,1,1,E01006518,06-10-2018,2,2,2,2,18,4,3,0,0,1,0,-1,9,1
38518,77.35402592,28.66975397,5,2,2,3,5,10:50,91,E08000012,3,561,3,40,6,2,6,0,0,0,1,1,1,0,0,1,1,E01006755,22-09-2018,2,1,1,1,47,8,3,0,0,0,0,-1,9,1
38519,77.27173377,28.67345789,5,3,2,1,4,14:50,91,E08000012,3,562,6,30,6,2,3,561,0,0,1,2,2,0,0,1,1,E01006515,28-09-2018,2,2,2,1,47,8,3,0,0,1,0,-1,9,1
38520,77.19107597,28.62101269,5,3,1,1,3,20:30,91,E08000012,3,562,6,30,3,4,6,0,0,0,4,2,2,0,0,1,1,E01006557,27-09-2018,2,1,1,1,29,6,3,0,0,0,0,-1,1,1
38521,77.18942956,28.64916139,5,3,2,4,4,14:15,91,E08000012,6,0,1,30,1,4,6,0,0,0,1,2,2,0,0,1,1,E01006742,28-09-2018,1,1,1,1,18,4,3,0,0,0,0,-1,9,1
38522,77.14510121,28.62905091,5,3,2,1,4,18:00,91,E08000012,6,0,3,30,0,-1,-1,0,0,5,1,1,2,0,0,1,2,E01006795,28-09-2018,1,1,1,2,57,9,3,0,0,0,0,-1,9,1
38523,77.25244015,28.56095797,5,3,1,1,7,20:05,91,E08000012,6,0,6,30,8,4,6,0,0,0,1,1,1,0,0,1,1,E01006580,06-08-2018,1,1,1,1,67,10,2,0,0,0,0,-1,1,1
38524,77.27374428,28.72267959,5,3,2,1,4,16:00,91,E08000012,3,562,3,30,3,4,6,0,0,0,1,1,1,0,0,1,2,E01006556,05-10-2018,1,1,1,1,44,7,3,0,0,0,0,-1,1,1
38525,77.28839179,28.60090433,5,3,2,1,4,16:07,91,E08000012,6,0,6,30,8,4,6,0,0,0,1,1,1,0,0,1,2,E01006754,05-10-2018,2,1,1,1,11,3,3,0,0,0,0,-1,1,1
38526,77.10862316,28.55095396,5,3,1,3,6,16:00,91,E08000012,6,0,6,30,6,2,6,0,0,0,1,1,1,0,0,1,2,E01006588,07-10-2018,1,1,1,1,30,6,3,0,0,0,0,-1,9,1
38527,77.1587191,28.64651187,5,3,2,1,6,03:00,91,E08000012,6,0,6,30,3,4,4,5177,0,0,1,2,2,0,0,1,2,E01006676,30-09-2018,1,1,3,1,14,3,3,5,2,0,0,-1,0,3
38528,77.13380105,28.58491127,5,3,2,1,3,15:45,91,E08000012,6,0,6,30,6,4,6,0,0,0,1,1,1,0,0,1,2,E01006679,11-10-2018,2,1,1,1,25,5,3,0,0,0,0,-1,3,1
38529,77.06154244,28.56329363,5,3,2,1,1,18:00,91,E08000012,3,562,6,30,7,2,3,5089,0,5,1,1,1,0,0,1,2,E01006551,09-10-2018,1,2,2,2,67,10,3,0,0,0,4,-1,11,1
38530,77.12380636,28.59545898,5,3,2,1,2,13:08,91,E08000012,6,0,6,30,3,4,6,0,0,0,1,1,1,0,0,1,2,E01006679,10-10-2018,1,3,2,2,58,9,3,0,0,0,4,-1,11,-1
38531,77.25220106,28.65308081,5,3,1,1,3,08:00,91,E08000012,4,5174,6,30,3,4,6,0,0,0,1,2,2,0,0,1,1,E01006678,11-10-2018,2,1,1,1,37,7,3,0,0,0,0,-1,9,1
38532,77.12453658,28.67682992,5,3,2,1,6,17:20,91,E08000012,6,0,3,30,0,-1,-1,0,0,4,1,1,1,0,0,1,2,E01006741,07-10-2018,2,4,2,2,32,6,3,0,0,1,0,-1,9,1
38533,77.24471674,28.65062269,5,3,1,1,3,08:35,91,E08000012,6,0,6,30,0,-1,-1,0,0,0,1,1,1,0,0,1,1,E01006539,11-10-2018,1,2,2,1,22,5,3,0,0,2,0,-1,9,1
38534,77.14777206,28.61372546,5,3,2,1,7,13:00,91,E08000012,6,0,6,30,6,4,6,0,0,0,1,2,2,0,0,1,1,E01006724,08-10-2018,2,1,1,1,58,9,3,0,0,0,0,-1,9,1
38535,77.24772491,28.67047806,5,3,3,1,3,17:40,91,E08000012,4,5171,6,30,9,2,6,0,0,0,1,1,1,0,0,1,2,E01006794,27-09-2018,2,1,1,1,15,3,3,0,0,0,0,-1,1,1
38536,77.21479763,28.59278855,5,3,2,3,2,17:00,91,E08000012,3,5058,1,30,1,4,4,5178,0,4,1,1,1,0,0,1,1,E01006582,10-10-2018,1,1,1,1,27,6,1,0,0,0,0,-1,9,1
38537,77.10011739,28.62070974,5,3,2,2,3,16:15,91,E08000012,3,562,3,40,6,2,6,0,0,4,1,2,2,0,0,1,1,E01006538,11-10-2018,2,1,1,1,21,5,3,0,0,0,0,-1,3,1
38538,77.2549199,28.72449991,5,3,1,1,5,07:35,91,E08000012,6,0,6,30,3,4,6,0,0,0,1,1,1,0,0,1,1,E01006525,13-10-2018,2,1,1,2,39,7,3,0,0,0,0,-1,9,1
38539,77.33542222,28.70069237,5,3,2,1,2,18:30,91,E08000012,3,5089,6,30,6,2,3,562,0,0,1,1,1,0,0,1,2,E01006556,03-10-2018,2,1,1,1,21,5,3,0,0,0,0,-1,3,3
38540,77.13039794,28.72259734,5,3,1,1,3,13:44,91,E08000012,6,0,6,30,3,4,4,5178,0,0,1,1,1,0,0,1,1,E01006561,11-10-2018,1,1,1,2,19,4,3,0,0,0,0,-1,9,-1
38541,77.06092628,28.57545937,5,3,2,1,7,22:05,91,E08000012,6,0,6,30,6,2,3,562,0,0,4,1,1,0,0,1,2,E01006597,08-10-2018,2,2,1,1,36,7,3,0,0,0,0,-1,9,1
38542,77.09600201,28.68044069,5,3,2,1,2,08:30,91,E08000012,3,561,6,30,6,2,4,5177,0,0,1,1,1,0,0,1,2,E01006518,17-10-2018,1,1,1,1,21,5,3,0,0,0,0,-1,1,1
38543,77.08622477,28.63058659,5,3,2,1,2,16:45,91,E08000012,6,0,6,30,6,4,6,0,0,0,1,1,1,0,0,1,2,E01006582,17-10-2018,2,1,1,2,53,8,3,0,0,0,0,-1,9,1
38544,77.32927832,28.58137261,5,3,1,1,3,16:45,91,E08000012,4,5178,6,30,3,4,6,0,0,1,1,1,2,0,0,1,1,E01006586,18-10-2018,1,1,3,1,73,10,2,4,3,0,0,-1,0,1
38545,77.35852465,28.63860866,5,2,1,1,1,14:50,91,E08000012,3,562,3,30,0,-1,-1,0,0,0,1,1,1,0,0,1,1,E01006557,09-10-2018,1,2,3,2,73,10,3,4,3,0,0,-1,0,1
38546,77.06423005,28.62975934,5,2,3,1,4,09:20,91,E08000012,6,0,6,30,3,4,6,0,0,0,1,5,2,0,0,1,1,E01006528,12-10-2018,1,1,3,1,61,9,3,5,1,0,0,-1,0,1
38547,77.11397905,28.6891302,5,2,1,1,7,20:05,91,E08000012,6,0,6,30,3,2,6,0,0,0,4,1,2,0,0,1,1,E01006674,22-10-2018,2,1,1,1,50,8,3,0,0,0,0,-1,1,1
38548,77.13685715,28.6416521,5,3,1,1,3,19:10,91,E08000012,3,562,6,30,3,2,6,0,0,4,1,1,1,0,0,1,2,E01006550,11-10-2018,2,1,1,1,17,4,3,0,0,0,0,-1,3,1
38549,77.18951743,28.65992332,5,2,1,1,6,10:55,91,E08000012,4,5178,1,30,1,4,4,5178,0,4,1,1,1,0,0,1,1,E01006589,02-09-2018,2,1,1,2,11,3,3,0,0,0,0,-1,1,1
38550,77.32601891,28.59778978,5,3,2,2,7,22:40,91,E08000012,3,561,1,30,1,4,6,0,0,0,4,1,1,0,0,1,2,E01006743,22-10-2018,1,1,1,1,75,10,3,0,0,0,0,-1,9,1
38551,77.18548212,28.61975898,5,3,3,1,4,15:40,91,E08000012,6,0,6,30,3,4,6,0,0,0,1,2,2,0,0,1,1,E01006679,12-10-2018,2,1,1,1,32,6,3,0,0,0,0,-1,1,1
38552,77.24585676,28.61106438,5,3,1,1,3,15:25,91,E08000012,6,0,6,30,0,-1,-1,0,0,0,1,1,2,0,0,1,1,E01006597,18-10-2018,1,1,1,1,52,8,3,0,0,0,0,-1,1,2
38553,77.28512206,28.65480915,5,3,1,1,2,15:00,91,E08000012,6,0,6,30,3,4,6,0,0,0,1,1,1,0,0,1,1,E01006792,17-10-2018,2,1,1,1,37,7,3,0,0,0,0,-1,4,1
38554,77.08440955,28.63436587,5,3,1,1,6,15:50,91,E08000012,6,0,6,30,1,4,6,0,0,0,1,2,2,0,0,1,1,E01006583,21-10-2018,2,1,1,1,18,4,3,0,0,0,0,-1,9,1
38555,77.28532333,28.63916464,5,3,3,1,5,16:15,91,E08000012,6,0,6,30,0,-1,-1,0,0,4,1,8,1,0,0,1,1,E01006579,20-10-2018,2,1,1,2,21,5,3,0,0,0,0,-1,9,1
38556,77.25412556,28.63215504,5,3,2,1,3,12:30,91,E08000012,3,561,3,40,0,-1,-1,0,0,0,1,1,2,0,0,1,1,E01006743,25-10-2018,2,1,1,2,32,6,3,0,0,0,0,-1,9,1
38557,77.36270128,28.68251056,5,3,3,4,4,07:45,91,E08000012,6,0,6,30,7,2,3,561,0,5,1,1,1,0,0,1,2,E01006528,19-10-2018,1,1,1,1,15,3,3,0,0,0,0,-1,1,1
38558,77.3165767,28.63947423,5,2,1,1,7,11:05,91,E08000012,4,5180,3,30,3,4,6,0,0,0,1,1,2,0,0,1,1,E01006536,08-10-2018,1,1,3,1,15,3,3,5,3,0,0,-1,0,1
38559,77.12935868,28.56365913,5,3,2,1,5,15:00,91,E08000012,4,5180,3,30,7,2,6,0,0,0,1,1,1,0,0,1,1,E01006539,06-10-2018,1,1,1,1,24,5,3,0,0,0,0,-1,9,-1
38560,77.25320701,28.55110312,5,3,2,1,2,16:40,91,E08000012,4,5178,6,30,6,4,6,0,0,0,1,9,2,0,0,1,2,E01006589,24-10-2018,1,2,2,1,21,5,3,0,0,1,0,-1,9,2
38561,77.14967513,28.67459283,5,3,2,1,6,21:18,91,E08000012,4,5175,1,30,1,4,4,5175,0,8,4,1,1,0,0,1,1,E01006675,28-10-2018,2,1,1,2,31,6,3,0,0,0,0,-1,1,1
38562,77.20252182,28.65506302,5,3,2,1,6,06:45,91,E08000012,6,0,3,30,6,4,6,0,0,0,1,1,2,0,0,1,1,E01006741,21-10-2018,1,1,3,1,23,5,3,1,3,0,0,-1,0,1
38563,77.061936,28.55236054,5,2,1,3,2,20:55,91,E08000012,6,0,6,30,3,4,6,0,0,0,4,1,2,0,0,2,1,E01006771,31-10-2018,2,1,2,2,36,7,3,0,0,1,0,-1,9,1
38564,77.11255912,28.62173614,5,3,2,1,4,17:15,91,E08000012,4,5178,6,30,3,4,6,0,0,0,4,2,2,0,0,1,1,E01006728,02-11-2018,2,1,1,1,57,9,3,0,0,0,0,-1,20,1
38565,77.24286261,28.57543418,5,3,2,2,7,21:25,91,E08000012,6,0,6,30,9,4,6,0,0,0,4,1,1,0,0,1,1,E01006521,29-10-2018,1,1,3,2,26,6,2,5,1,0,0,-1,0,-1
38566,77.09040556,28.64850309,5,3,2,1,6,14:50,91,E08000012,4,5175,3,30,3,4,4,5175,0,0,1,1,1,0,0,1,2,E01006675,05-08-2018,1,1,2,2,67,10,2,0,0,2,0,-1,9,-1
38567,77.08014155,28.69128103,5,2,1,1,3,14:20,91,E08000012,6,0,6,30,0,-1,-1,0,0,0,1,1,1,0,0,1,1,E01006745,25-10-2018,1,1,3,2,18,4,3,5,2,0,0,-1,0,-1
38568,77.18352541,28.56519223,5,3,4,2,7,21:02,91,E08000012,3,561,3,40,7,2,4,5171,0,5,4,2,2,0,0,1,1,E01006743,05-11-2018,2,1,2,1,1,1,3,0,0,2,4,-1,11,1
38569,77.24265076,28.59345661,5,3,2,2,6,16:10,91,E08000012,4,5178,6,30,3,4,6,0,0,4,1,1,1,0,0,1,1,E01006721,11-11-2018,2,1,1,1,38,7,3,0,0,0,0,-1,11,1
38570,77.23046024,28.63505564,5,3,2,1,7,16:33,91,E08000012,6,0,6,30,3,4,6,0,0,0,1,1,1,0,0,1,2,E01006628,15-10-2018,1,1,3,2,20,4,2,1,2,0,0,-1,0,1
38571,77.10406866,28.66357759,5,3,2,1,5,20:15,91,E08000012,3,562,6,30,9,4,6,0,0,0,4,2,2,0,0,1,1,E01006556,03-11-2018,1,1,1,1,90,11,3,0,0,0,0,-1,9,1
38572,77.21009653,28.61337704,5,3,2,1,3,08:00,91,E08000012,6,0,1,30,1,4,6,0,0,0,1,1,1,0,0,1,2,E01006517,01-11-2018,2,1,1,1,26,6,2,0,0,0,0,-1,1,1
38573,77.18651837,28.5699824,5,3,4,1,4,11:21,91,E08000012,6,0,6,30,6,2,4,5178,0,0,1,1,2,0,0,2,1,E01006898,02-11-2018,2,1,1,1,38,7,3,0,0,0,0,-1,9,1
38574,77.27564747,28.54493406,5,3,1,1,2,17:00,91,E08000012,6,0,6,30,0,-1,-1,0,0,0,1,1,2,0,0,1,2,E01006537,24-10-2018,2,1,1,1,37,7,3,0,0,0,0,-1,1,-1
38575,77.35230275,28.6197203,5,3,3,5,2,16:45,91,E08000012,6,0,6,30,6,2,6,0,0,0,1,1,2,3,0,1,1,E01006630,24-10-2018,3,2,1,1,33,6,3,0,0,0,0,-1,9,-1
38576,77.24577492,28.60333317,5,3,2,1,6,16:00,91,E08000012,6,0,6,30,0,-1,-1,0,0,0,1,8,2,0,0,1,2,E01006739,04-11-2018,3,3,2,2,31,6,3,0,0,2,0,-1,9,-1
38577,77.09548531,28.67495689,5,3,2,2,1,00:01,91,E08000012,3,562,6,30,7,2,4,5175,0,0,4,2,2,0,0,1,1,E01006673,30-10-2018,3,4,2,1,6,2,3,0,0,2,0,-1,9,-1
38578,77.15758397,28.65188571,5,3,1,1,4,18:40,91,E08000012,4,5179,6,30,0,-1,-1,0,0,0,4,1,2,0,0,1,1,E01006721,26-10-2018,4,5,1,2,69,10,3,0,0,0,0,-1,9,-1
38579,77.17627482,28.62463849,5,3,2,1,4,18:15,91,E08000012,3,5058,6,30,3,2,6,0,0,4,4,5,2,0,0,1,1,E01006521,19-10-2018,5,1,1,2,27,6,3,0,0,0,0,-1,9,-1
38580,77.21686362,28.72719666,5,3,2,1,1,09:55,91,E08000012,6,0,6,30,6,4,3,561,0,4,1,5,2,0,0,1,1,E01006741,30-10-2018,1,1,3,1,36,7,2,5,1,0,0,-1,0,-1
38581,77.2071506,28.61665589,5,3,2,3,6,17:35,91,E08000012,6,0,3,40,9,4,6,0,0,0,4,1,1,0,0,2,1,E01006741,04-11-2018,2,1,1,2,37,7,3,0,0,0,0,-1,9,1
38582,77.30421679,28.70678634,5,3,2,1,7,10:45,91,E08000012,3,562,6,30,3,4,6,0,0,0,1,1,1,0,0,1,1,E01006550,05-11-2018,1,1,1,1,30,6,2,0,0,0,0,-1,9,1
38583,77.28696312,28.64447883,5,3,2,3,3,08:40,91,E08000012,6,0,6,30,3,4,6,0,0,0,1,1,1,0,0,1,2,E01006792,18-10-2018,1,1,1,2,32,6,3,0,0,0,0,-1,9,1
38584,77.09002155,28.68023353,5,3,2,1,2,11:05,91,E08000012,3,562,3,30,7,2,3,562,0,0,1,1,1,0,0,1,2,E01006591,07-11-2018,1,2,2,1,37,7,3,0,0,1,0,-1,9,1
38585,77.17293455,28.54319629,5,3,2,1,6,13:30,91,E08000012,3,561,3,40,6,2,6,0,0,0,1,1,1,0,0,1,1,E01006755,28-10-2018,1,3,2,2,16,4,3,0,0,2,0,-1,9,1
38586,77.24284279,28.5573943,5,3,4,3,4,08:30,91,E08000012,3,562,6,30,6,2,6,0,0,5,1,1,2,0,0,1,1,E01006553,02-11-2018,1,1,1,1,54,8,3,0,0,0,0,-1,9,1
38587,77.17615301,28.61629254,5,3,3,1,4,17:25,91,E08000012,3,561,3,40,7,2,4,5171,0,0,4,1,2,0,0,1,2,E01006743,02-11-2018,2,1,1,1,46,8,3,0,0,0,0,-1,9,1
38588,77.28253764,28.59253878,5,2,3,4,7,17:20,91,E08000012,4,5178,6,30,3,4,6,0,0,4,4,2,2,0,0,1,1,E01006720,05-11-2018,2,2,2,2,44,7,3,0,0,1,0,-1,9,1
38589,77.10378796,28.64893637,5,3,1,2,3,21:45,91,E08000012,3,5058,6,30,0,-1,-1,0,0,0,1,1,1,0,0,1,1,E01006595,01-11-2018,1,1,1,1,69,10,2,0,0,0,0,-1,9,1
38590,77.06808687,28.67884703,5,3,2,1,2,00:36,91,E08000012,3,561,3,30,3,2,6,0,0,0,4,1,1,0,0,1,1,E01006684,31-10-2018,1,1,1,2,24,5,3,0,0,0,0,-1,9,1
38591,77.10353527,28.55390359,5,3,2,1,3,17:55,91,E08000012,6,0,6,30,6,4,6,0,0,0,4,1,1,0,0,1,1,E01006636,01-11-2018,2,2,1,2,19,4,3,0,0,0,0,-1,9,1
38592,77.17742846,28.53314505,5,3,3,3,2,08:30,91,E08000012,6,0,6,30,3,4,6,0,0,0,1,1,2,0,0,2,1,E01006473,07-11-2018,2,1,1,1,29,6,3,0,0,0,0,-1,8,1
38593,77.06161773,28.55069593,5,3,2,2,2,20:20,91,E08000012,6,0,6,30,9,4,6,0,0,0,4,1,1,0,0,1,1,E01006758,31-10-2018,2,2,2,2,32,6,3,0,0,2,0,-1,8,2
38594,77.18172023,28.53564039,5,2,1,1,1,00:10,91,E08000012,3,561,6,30,5,4,6,0,0,0,4,1,2,0,0,1,1,E01006521,06-11-2018,1,1,1,2,21,5,3,0,0,0,0,-1,9,2