Accident_Index,longitude,latitude,Police_Force,Accident_Severity,Number_of_Vehicles,Number_of_Casualties,Day_of_Week,Time,Local_Authority_(District),Local_Authority_(Highway),1st_Road_Class,1st_Road_Number,Road_Type,Speed_limit,Junction_Detail,Junction_Control,2nd_Road_Class,2nd_Road_Number,Pedestrian_Crossing-Human_Control,Pedestrian_Crossing-Physical_Facilities,Light_Conditions,Weather_Conditions,Road_Surface_Conditions,Special_Conditions_at_Site,Carriageway_Hazards,Urban_or_Rural_Area,Did_Police_Officer_Attend_Scene_of_Accident,LSOA_of_Accident_Location,Date,Vehicle_Reference,Casualty_Reference,Casualty_Class,Sex_of_Casualty,Age_of_Casualty,Age_Band_of_Casualty,Casualty_Severity,Pedestrian_Location,Pedestrian_Movement,Car_Passenger,Bus_or_Coach_Passenger,Pedestrian_Road_Maintenance_Worker,Casualty_Type,Casualty_Home_Area_Type
38595,77.29304031,28.67885799,5,3,1,1,2,15:30,91,E08000012,6,0,6,30,0,-1,-1,0,0,0,1,1,1,0,0,1,2,E01006792,07-11-2018,1,2,2,2,20,4,3,0,0,1,0,-1,9,-1
38596,77.06263535,28.54740069,5,3,2,2,2,13:50,91,E08000012,6,0,6,30,6,4,6,0,0,0,1,1,1,0,0,1,1,E01006678,07-11-2018,2,3,1,2,30,6,3,0,0,0,0,-1,11,1
38597,77.22717272,28.59827864,5,3,2,1,2,18:25,91,E08000012,4,5178,1,30,1,4,3,5058,0,0,4,1,1,0,0,1,1,E01006582,07-11-2018,2,1,1,2,28,6,3,0,0,0,0,-1,9,-1
38598,77.29208876,28.68731092,5,2,1,2,3,09:25,91,E08000012,4,5178,6,30,6,2,6,0,0,4,1,1,1,0,0,1,1,E01006772,15-11-2018,1,1,3,2,29,6,3,1,1,0,0,-1,0,1
38599,77.10855014,28.71604689,5,3,1,1,6,15:55,91,E08000012,4,5178,6,30,6,2,6,0,0,4,1,1,2,0,0,1,1,E01006772,04-11-2018,1,1,1,1,21,5,3,0,0,0,0,-1,5,1
38600,77.34079287,28.70922964,5,3,2,1,5,20:00,91,E08000012,3,562,6,30,0,-1,-1,0,0,0,4,9,1,0,0,1,1,E01006537,10-11-2018,1,1,3,1,8,2,3,5,4,0,0,-1,0,1
38601,77.20188954,28.66621829,5,3,2,3,3,09:45,91,E08000012,6,0,6,30,3,2,6,0,0,5,1,5,2,0,0,1,1,E01006594,08-11-2018,2,1,1,2,31,6,3,0,0,0,0,-1,9,1
38602,77.36513219,28.63570031,5,3,3,2,7,19:20,91,E08000012,3,5058,3,40,3,4,6,0,0,0,4,2,2,0,0,1,2,E01006582,05-11-2018,2,1,1,1,26,6,3,0,0,0,0,-1,9,1
38603,77.16331439,28.62598721,5,3,2,2,3,10:00,91,E08000012,3,5047,6,30,3,4,4,5178,0,0,1,1,2,0,0,1,1,E01006747,01-11-2018,2,2,2,1,18,4,3,0,0,1,0,-1,9,-1
38604,77.36371042,28.70191503,5,2,2,1,1,01:47,91,E08000012,4,5178,6,30,3,4,6,0,0,0,4,5,2,0,0,1,1,E01006720,06-11-2018,1,1,3,2,16,4,2,5,1,0,0,-1,0,3
38605,77.09377424,28.5868218,5,3,2,1,5,09:40,91,E08000012,3,562,3,30,3,4,6,0,0,0,1,2,2,0,0,1,1,E01006550,03-11-2018,1,1,1,1,34,6,3,0,0,0,0,-1,3,1
38606,77.09407356,28.58500986,5,3,1,1,2,10:40,91,E08000012,6,0,6,30,9,4,6,0,0,8,1,1,1,0,0,1,1,E01006795,07-11-2018,1,1,3,1,9,2,3,5,2,0,0,-1,0,-1
38607,77.27757846,28.71653253,5,3,2,1,4,15:20,91,E08000012,3,562,3,30,6,2,4,5174,0,4,1,8,2,0,0,1,1,E01006512,09-11-2018,1,1,1,1,37,7,3,0,0,0,0,-1,9,-1
38608,77.11831898,28.69223078,5,3,1,1,5,16:00,91,E08000012,3,562,7,20,5,4,6,0,0,4,1,1,2,0,0,1,1,E01006538,10-11-2018,2,1,1,2,42,7,3,0,0,0,0,-1,9,1
38609,77.07196902,28.63747249,5,2,2,1,5,10:20,91,E08000012,6,0,3,30,6,4,6,0,0,0,1,2,2,0,0,1,1,E01006753,10-11-2018,2,2,2,2,19,4,3,0,0,1,0,-1,9,1
38610,77.08197371,28.71120083,5,3,2,1,5,22:40,91,E08000012,6,0,6,30,0,-1,-1,0,0,0,4,8,2,0,0,1,1,E01006582,10-11-2018,1,1,3,1,10,2,3,5,1,0,0,-1,0,1
38611,77.23674839,28.5483807,5,3,2,1,5,13:35,91,E08000012,3,5058,1,30,1,4,3,5058,0,0,1,5,2,0,0,1,1,E01006582,03-11-2018,2,1,1,1,20,4,3,0,0,0,0,-1,9,1
38612,77.16207166,28.63749316,5,3,2,1,1,07:10,91,E08000012,6,0,6,30,0,-1,-1,0,0,4,1,1,2,0,0,1,1,E01006741,13-11-2018,2,1,1,1,35,6,3,0,0,0,0,-1,9,1
38613,77.08963408,28.7239409,5,3,1,1,6,16:55,91,E08000012,6,0,6,30,6,4,6,0,0,0,4,2,2,0,0,1,1,E01006515,04-11-2018,2,1,1,2,22,5,3,0,0,0,0,-1,9,2
38614,77.18233439,28.65471959,5,3,2,2,2,13:53,91,E08000012,6,0,6,30,3,4,6,0,0,0,5,1,2,5,0,1,1,E01006582,14-11-2018,2,1,2,2,49,8,3,0,0,2,0,-1,9,1
38615,77.29758858,28.57263121,5,3,3,2,2,17:00,91,E08000012,3,561,3,30,6,2,6,0,0,1,4,1,1,0,0,1,1,E01006519,14-11-2018,2,1,2,2,44,7,3,0,0,1,0,-1,9,1
38616,77.3551404,28.57272695,5,2,1,2,7,18:19,91,E08000012,3,562,6,30,3,2,6,0,0,4,4,2,2,0,0,1,1,E01006550,12-11-2018,2,2,1,1,42,7,3,0,0,0,0,-1,9,1
38617,77.33883462,28.59620439,5,3,4,3,6,12:06,91,E08000012,3,562,6,30,3,4,6,0,0,0,1,1,1,0,0,1,1,E01006556,18-11-2018,1,1,1,2,23,5,3,0,0,0,0,-1,1,1
38618,77.24735592,28.61106475,5,3,3,1,6,08:50,91,E08000012,3,561,3,70,0,-1,-1,0,0,0,1,1,1,0,0,1,1,E01006755,11-11-2018,2,1,1,2,42,7,3,0,0,0,0,-1,9,1
38619,77.2658269,28.55152886,5,3,1,1,5,14:15,91,E08000012,6,0,6,30,0,-1,-1,0,0,0,1,1,1,0,0,1,1,E01006535,17-11-2018,2,2,2,1,15,3,3,0,0,1,0,-1,9,1
38620,77.0654528,28.56980131,5,3,2,1,3,08:00,91,E08000012,4,5178,6,30,3,2,6,0,0,0,1,2,2,0,0,1,1,E01006707,08-11-2018,1,1,1,2,24,5,3,0,0,0,0,-1,9,2
38621,77.36445333,28.55509292,5,3,2,1,5,07:40,91,E08000012,6,0,6,30,3,4,6,0,0,0,1,1,1,0,2,1,1,E01006796,17-11-2018,2,2,1,1,24,5,3,0,0,0,0,-1,9,1
38622,77.27556381,28.5972234,5,3,1,1,3,08:30,91,E08000012,3,5089,6,30,6,4,6,0,0,0,1,1,1,0,0,1,1,E01006675,15-11-2018,2,3,2,2,22,5,3,0,0,1,0,-1,9,-1
38623,77.26836376,28.53947223,5,3,3,2,6,08:35,91,E08000012,3,562,3,40,6,2,4,5171,0,0,1,1,1,0,0,1,1,E01006535,18-11-2018,1,1,1,1,45,7,3,0,0,0,0,-1,5,1
38624,77.15768256,28.55363607,5,3,2,1,5,19:00,91,E08000012,4,5178,6,30,6,2,6,0,0,4,4,2,2,0,0,1,1,E01006772,03-11-2018,2,2,1,2,39,7,3,0,0,0,0,-1,9,1
38625,77.07226475,28.56507264,5,3,2,3,5,13:56,91,E08000012,6,0,6,30,6,4,6,0,0,0,1,1,2,0,0,1,1,E01006521,10-11-2018,1,1,1,2,18,4,3,0,0,0,0,-1,9,1
38626,77.29127933,28.56145981,5,3,3,2,7,11:25,91,E08000012,6,0,6,30,3,4,6,0,0,0,1,1,2,0,0,1,1,E01006797,12-11-2018,1,1,3,1,13,3,3,1,1,0,0,-1,0,1
38627,77.2145169,28.5632771,5,3,2,1,3,16:11,91,E08000012,4,5173,6,30,6,2,4,5178,0,0,4,1,1,0,0,1,1,E01006749,15-11-2018,1,1,3,1,17,4,3,5,3,0,0,-1,0,-1
38628,77.29081055,28.56026307,5,3,1,1,3,15:39,91,E08000012,4,5175,3,30,3,4,6,0,0,4,1,1,1,0,0,1,1,E01006675,22-11-2018,2,1,2,2,67,10,3,0,0,1,0,-1,9,1
38629,77.29499359,28.65454017,5,3,2,1,7,22:55,91,E08000012,3,562,6,30,3,4,6,0,0,0,4,1,2,0,0,1,1,E01006550,26-11-2018,1,1,2,2,-1,-1,2,0,0,2,4,-1,11,1
38630,77.12909247,28.63652663,5,3,2,2,1,13:40,91,E08000012,3,5058,6,40,3,2,6,0,0,0,1,1,1,0,0,1,1,E01006616,27-11-2018,2,1,1,1,30,6,2,0,0,0,0,-1,4,1
38631,77.36872074,28.57370216,5,3,1,1,1,17:20,91,E08000012,6,0,6,30,0,-1,-1,0,0,0,4,1,1,0,0,1,1,E01006536,20-11-2018,2,1,1,1,60,9,3,0,0,0,0,-1,9,1
38632,77.09089756,28.66215191,5,3,2,1,5,11:30,91,E08000012,3,562,3,40,6,2,4,5171,0,0,1,5,2,0,0,1,1,E01006535,24-11-2018,2,2,2,1,53,8,3,0,0,1,0,-1,9,-1
38633,77.12870654,28.57339053,5,3,2,1,1,15:55,91,E08000012,3,561,3,30,6,4,6,0,0,0,1,1,1,0,0,1,1,E01006635,13-11-2018,3,1,1,2,20,4,3,0,0,0,0,-1,9,1
38634,77.25575143,28.60346807,5,2,2,2,5,08:54,91,E08000012,4,5178,6,30,3,4,6,0,0,4,1,4,2,0,0,1,1,E01006769,24-11-2018,3,2,2,2,20,4,3,0,0,1,0,-1,9,1
38635,77.32549194,28.66797063,5,2,1,1,4,15:24,91,E08000012,4,5178,6,30,0,-1,-1,0,0,0,1,1,1,0,0,1,1,E01006774,23-11-2018,1,1,3,1,36,7,3,6,8,0,0,-1,0,1
38636,77.28171422,28.6167752,5,3,2,1,4,21:00,91,E08000012,4,5175,3,30,0,-1,-1,0,0,0,4,1,1,0,0,1,1,E01006673,16-11-2018,2,1,2,1,26,6,3,0,0,2,0,-1,9,-1
38637,77.10621669,28.72604032,5,3,2,4,4,14:35,91,E08000012,4,5171,6,30,0,-1,-1,0,0,4,1,1,1,0,0,1,2,E01006511,16-11-2018,1,1,3,1,10,2,3,4,1,0,0,-1,0,1
38638,77.14714256,28.60916569,5,3,1,1,5,09:10,91,E08000012,6,0,3,30,0,-1,-1,0,0,5,1,5,2,0,0,1,1,E01006537,24-11-2018,2,1,1,1,9,2,3,0,0,0,0,-1,1,1
38639,77.34645317,28.70633226,5,3,2,1,7,17:15,91,E08000012,6,0,6,30,6,4,6,0,0,0,1,1,1,0,0,1,2,E01006749,19-11-2018,1,1,2,2,73,10,3,0,0,2,0,-1,9,1
38640,77.35827096,28.67854866,5,3,2,1,3,13:05,91,E08000012,4,5178,1,30,1,4,3,5058,0,0,1,7,2,0,0,1,1,E01006582,22-11-2018,2,1,1,1,22,5,3,0,0,0,0,-1,9,1
38641,77.26322729,28.64307278,5,2,2,2,4,05:56,91,E08000012,3,561,3,30,3,4,6,0,0,0,4,1,2,0,0,1,1,E01006744,30-11-2018,2,2,2,2,22,5,3,0,0,1,0,-1,9,1
38642,77.25664805,28.601724,5,3,2,2,4,11:30,91,E08000012,4,5175,3,30,1,4,4,5174,0,1,1,1,1,0,0,1,1,E01006675,30-11-2018,3,3,1,2,21,5,3,0,0,0,0,-1,9,1
38643,77.30575893,28.65662058,5,3,3,1,3,15:15,91,E08000012,3,5089,6,30,7,2,6,0,0,0,1,1,1,0,0,1,2,E01006752,15-11-2018,3,4,2,1,18,4,3,0,0,1,0,-1,9,1
38644,77.10966128,28.71434313,5,3,2,1,4,23:05,91,E08000012,4,5173,6,30,3,4,6,0,0,0,4,1,1,0,0,1,2,E01006752,07-12-2018,1,1,2,2,37,7,2,0,0,1,0,-1,9,2
38645,77.10993655,28.55949509,5,3,2,1,2,09:10,91,E08000012,6,0,3,30,1,4,6,0,0,0,1,8,2,0,0,1,2,E01006773,05-12-2018,1,2,1,1,29,6,3,0,0,0,0,-1,9,2
38646,77.29116625,28.65804037,5,3,2,1,6,10:30,91,E08000012,4,5177,6,30,6,4,6,0,0,0,1,1,2,0,0,1,1,E01006518,02-12-2018,1,1,1,1,37,7,2,0,0,0,0,-1,3,1
38647,77.21413207,28.65485221,5,3,2,1,2,18:10,91,E08000012,3,561,1,30,1,4,6,0,0,0,1,7,4,0,0,1,2,E01006743,21-11-2018,1,1,3,2,46,8,3,9,5,0,0,-1,0,1
38648,77.36336876,28.69675088,5,3,2,1,2,10:00,91,E08000012,6,0,6,30,0,-1,-1,0,0,0,1,7,4,0,0,1,1,E01006769,21-11-2018,2,1,1,1,41,7,3,0,0,0,0,-1,9,1
38649,77.06864244,28.59258826,5,3,2,1,4,08:35,91,E08000012,3,562,3,30,7,2,6,0,0,5,1,2,2,0,0,1,1,E01006696,12-10-2018,1,1,1,1,15,3,3,0,0,0,0,-1,1,1
38650,77.25308077,28.55744313,5,3,3,2,2,13:50,91,E08000012,4,5178,6,30,3,4,6,0,0,0,1,1,1,0,0,1,2,E01006720,21-11-2018,1,1,1,1,18,4,3,0,0,0,0,-1,1,-1
38651,77.23408307,28.58780777,5,3,2,3,5,22:00,91,E08000012,6,0,6,30,0,-1,-1,0,0,0,4,2,2,0,0,1,2,E01006557,01-12-2018,1,1,1,1,30,6,2,0,0,0,0,-1,3,1
38652,77.25877723,28.59540702,5,3,2,1,3,08:25,91,E08000012,4,5178,6,30,6,4,6,0,0,0,1,4,2,0,0,1,1,E01006720,22-11-2018,2,1,1,2,27,6,3,0,0,0,0,-1,9,1
38653,77.19883821,28.70789902,5,3,2,1,5,08:15,91,E08000012,3,561,3,30,3,4,6,0,0,0,1,1,1,0,0,1,1,E01006628,01-12-2018,1,1,2,2,54,8,3,0,0,1,0,-1,9,2
38654,77.32449873,28.59601964,5,3,2,2,2,17:00,91,E08000012,6,0,3,30,9,4,6,0,0,0,4,1,2,0,0,1,2,E01006758,28-11-2018,1,1,1,1,61,9,3,0,0,0,0,-1,9,1
38655,77.30496029,28.55468544,5,3,1,1,3,18:40,91,E08000012,6,0,6,30,6,4,6,0,0,0,4,1,2,0,0,1,2,E01006689,29-11-2018,1,2,2,2,63,9,3,0,0,1,0,-1,9,1
38656,77.08921383,28.62569341,5,3,2,1,6,18:10,91,E08000012,6,0,9,30,7,4,6,0,0,0,4,2,2,0,0,1,1,E01006522,02-12-2018,1,1,1,1,32,6,3,0,0,0,0,-1,19,2
38657,77.2301739,28.63017413,5,3,1,1,6,22:30,91,E08000012,3,561,6,30,9,2,4,5177,0,0,4,2,2,0,0,1,1,E01006518,09-12-2018,1,2,1,1,28,6,3,0,0,0,0,-1,9,1
38658,77.33451343,28.72685674,5,3,2,2,6,15:30,91,E08000012,3,561,3,40,0,-1,-1,0,0,0,1,1,1,0,0,1,1,E01006739,09-12-2018,2,1,1,2,56,9,3,0,0,0,0,-1,9,1
38659,77.35693553,28.59308276,5,3,1,1,6,14:15,91,E08000012,3,5058,3,40,0,-1,-1,0,0,4,1,1,1,0,0,1,1,E01006582,09-12-2018,1,1,3,2,5,1,3,5,2,0,0,-1,0,1
38660,77.32732922,28.57024446,5,3,1,1,2,08:45,91,E08000012,4,5179,6,30,3,4,3,562,0,0,1,1,1,0,0,1,1,E01006557,05-12-2018,1,1,3,1,9,2,2,1,1,0,0,-1,0,-1
38661,77.29294612,28.64559456,5,3,2,1,7,16:45,91,E08000012,6,0,3,30,3,4,6,0,0,0,4,1,1,0,0,1,1,E01006525,10-12-2018,2,1,1,1,29,6,2,0,0,0,0,-1,5,1
38662,77.28515705,28.65723918,5,3,2,2,5,19:53,91,E08000012,3,562,6,30,7,2,3,562,0,0,1,1,1,0,0,1,2,E01006538,08-12-2018,2,1,1,1,26,6,3,0,0,0,0,-1,19,1
38663,77.14686451,28.54524964,5,1,1,2,2,23:50,91,E08000012,6,0,6,30,0,-1,-1,0,0,0,4,1,1,0,0,1,1,E01006521,26-12-2018,3,2,1,1,65,9,3,0,0,0,0,-1,9,1
38664,77.19993457,28.642332,5,3,2,2,7,22:01,91,E08000012,4,5178,6,30,6,2,6,0,0,0,4,1,1,0,0,1,1,E01006721,10-12-2018,2,1,1,1,36,7,3,0,0,0,0,-1,9,1
38665,77.19845535,28.53580674,5,3,2,1,5,09:15,91,E08000012,6,0,1,30,1,4,4,5171,0,0,1,1,1,0,0,1,2,E01006794,08-12-2018,2,1,2,2,50,8,3,0,0,1,0,-1,9,-1
38666,77.17166685,28.59082578,5,3,2,1,1,01:45,91,E08000012,4,5173,3,30,6,2,3,562,0,0,4,1,2,0,0,1,2,E01006679,11-12-2018,1,1,1,2,36,7,3,0,0,0,0,-1,2,1
38667,77.28770242,28.6584238,5,3,2,1,3,12:16,91,E08000012,6,0,6,30,6,4,6,0,0,0,1,1,1,0,0,1,1,E01006678,06-12-2018,1,2,1,1,38,7,3,0,0,0,0,-1,9,1
38668,77.26846651,28.69693713,5,3,2,1,3,14:45,91,E08000012,6,0,1,40,1,4,6,0,0,0,1,1,1,0,0,1,2,E01006743,06-12-2018,1,3,2,1,20,4,3,0,0,1,0,-1,9,1
38669,77.26420288,28.5485132,5,3,7,1,4,15:30,91,E08000012,4,5174,6,30,0,-1,-1,0,0,0,1,1,1,0,0,1,1,E01006675,14-12-2018,2,1,1,1,28,6,3,0,0,0,0,-1,9,1
38670,77.13609073,28.71619488,5,3,2,1,3,16:40,91,E08000012,3,561,6,30,0,-1,-1,0,0,0,4,1,1,0,0,1,1,E01006630,06-12-2018,8,1,1,2,39,7,3,0,0,0,0,-1,9,1
38671,77.19006298,28.62183298,5,3,2,2,2,14:30,91,E08000012,3,5058,3,30,6,2,3,5058,0,0,1,1,1,0,0,1,2,E01006592,19-12-2018,9,2,1,2,25,5,3,0,0,0,0,-1,9,1
38672,77.31421844,28.64648674,5,3,2,2,4,19:45,91,E08000012,3,561,6,30,0,-1,-1,0,0,0,4,1,2,0,0,1,2,E01006518,07-12-2018,12,3,1,2,67,10,3,0,0,0,0,-1,9,3
38673,77.23007514,28.54634291,5,3,3,1,1,19:31,91,E08000012,6,0,3,30,6,4,6,0,0,0,4,1,1,0,0,1,1,E01006755,11-12-2018,2,1,2,2,73,10,3,0,0,1,0,-1,9,-1
38674,77.3192639,28.6118954,5,3,1,1,4,21:50,91,E08000012,3,562,6,30,6,2,4,5173,0,5,4,1,1,0,0,1,1,E01006752,07-12-2018,2,1,1,1,34,6,3,0,0,0,0,-1,9,1
38675,77.15533477,28.65371918,5,3,2,2,2,09:10,91,E08000012,6,0,6,40,6,2,3,561,0,0,1,1,1,0,0,1,1,E01006745,12-12-2018,2,1,1,1,21,5,3,0,0,0,0,-1,9,-1
38676,77.25046194,28.54039577,5,3,2,2,4,08:00,91,E08000012,3,562,6,30,6,2,3,5048,0,5,1,1,4,0,0,1,1,E01006673,07-12-2018,1,1,2,1,54,8,3,0,0,1,4,-1,11,-1
38677,77.37165422,28.65884386,5,3,2,1,5,14:05,91,E08000012,6,0,3,40,0,-1,-1,0,0,4,1,1,2,0,0,1,1,E01006796,08-12-2018,1,1,3,2,81,11,3,5,3,0,0,-1,0,1
38678,77.35651163,28.56009897,5,3,2,1,3,20:25,91,E08000012,6,0,6,30,3,4,6,0,0,0,4,1,1,0,0,1,1,E01006537,13-12-2018,1,1,2,2,18,4,3,0,0,1,0,-1,9,1
38679,77.07227486,28.68498096,5,3,2,1,2,18:35,91,E08000012,4,5178,6,30,0,-1,-1,0,0,4,4,1,1,0,0,1,1,E01006720,12-12-2018,1,1,3,1,42,7,3,9,5,0,0,-1,0,1
38680,77.07687065,28.59891411,5,2,1,1,6,16:00,91,E08000012,6,0,6,30,0,-1,-1,0,0,4,1,1,1,0,0,1,1,E01006586,16-12-2018,1,2,3,1,37,7,3,9,5,0,0,-1,0,1
38681,77.2014233,28.63693186,5,3,2,2,6,02:30,91,E08000012,3,5036,6,30,6,4,6,0,0,0,4,1,2,0,0,1,1,E01006517,16-12-2018,1,3,3,2,32,6,3,9,5,0,0,-1,0,1
38682,77.36125527,28.58896707,5,3,3,4,2,16:15,91,E08000012,6,0,6,30,6,2,3,561,0,0,1,7,2,0,0,1,1,E01006528,24-10-2018,1,1,1,1,25,5,3,0,0,0,0,-1,9,1
38683,77.09567911,28.66752367,5,3,1,1,2,17:15,91,E08000012,6,0,6,40,3,2,6,0,0,0,4,1,2,0,0,1,1,E01006741,19-12-2018,2,2,1,1,58,9,3,0,0,0,0,-1,9,3
38684,77.34857922,28.5454545,5,3,2,2,3,18:20,91,E08000012,3,562,3,40,6,2,4,5174,0,5,4,1,1,0,0,1,1,E01006512,20-12-2018,2,1,1,2,41,7,3,0,0,0,0,-1,9,1
38685,77.09910157,28.57311938,5,2,2,1,6,19:05,91,E08000012,3,562,3,40,6,2,6,0,0,0,4,1,1,0,0,1,1,E01006532,25-11-2018,2,1,1,1,35,6,2,0,0,0,0,-1,1,1
38686,77.17168531,28.55130656,5,3,2,1,3,08:27,91,E08000012,3,561,3,30,7,2,6,0,0,0,1,1,2,0,0,1,1,E01006528,20-12-2018,1,1,1,1,75,10,3,0,0,0,0,-1,9,1
38687,77.14581686,28.56066593,5,3,2,2,3,16:20,91,E08000012,3,561,6,30,6,2,4,5177,0,5,4,1,1,0,0,1,1,E01006518,13-12-2018,1,1,1,2,24,5,3,0,0,0,0,-1,9,1
38688,77.12791944,28.57575465,5,3,2,1,2,13:48,91,E08000012,3,5058,1,30,1,4,6,0,0,0,1,1,1,0,0,1,1,E01006582,05-12-2018,1,1,1,1,18,4,2,0,0,0,0,-1,3,1
38689,77.07731522,28.65245812,5,3,2,3,7,16:25,91,E08000012,6,0,6,30,3,4,6,0,0,0,6,1,1,0,0,1,1,E01006794,17-12-2018,2,1,1,1,28,6,3,0,0,0,0,-1,9,1
38690,77.31311215,28.5457197,5,2,2,1,2,09:00,91,E08000012,3,562,3,30,0,-1,-1,0,0,0,1,1,1,0,0,1,1,E01006557,12-12-2018,1,1,1,2,20,4,3,0,0,0,0,-1,9,1
38691,77.12265379,28.6908775,5,3,2,1,6,17:00,91,E08000012,6,0,2,30,3,4,6,0,0,0,5,8,1,0,0,1,2,E01006595,16-12-2018,2,2,1,1,23,5,3,0,0,0,0,-1,9,1
38692,77.36530735,28.67188773,5,3,2,2,5,13:45,91,E08000012,6,0,3,40,9,4,6,0,0,0,1,8,1,0,0,1,1,E01006739,22-12-2018,2,1,1,1,21,5,3,0,0,0,0,-1,9,1
38693,77.21354985,28.70240724,5,3,2,3,5,16:45,91,E08000012,6,0,3,40,6,2,3,5058,0,0,1,1,1,0,0,1,2,E01006592,15-12-2018,2,1,1,1,30,6,3,0,0,0,0,-1,9,1
38694,77.1487854,28.54047651,5,3,2,1,7,11:15,91,E08000012,4,5180,3,30,6,4,6,0,0,0,1,1,1,0,0,1,1,E01006536,17-12-2018,3,2,1,2,42,7,3,0,0,0,0,-1,9,1
38695,77.08351622,28.61216355,5,3,2,2,6,17:48,91,E08000012,6,0,6,30,6,4,6,0,0,0,4,2,2,0,0,1,1,E01006678,02-12-2018,4,3,1,2,38,7,3,0,0,0,0,-1,9,1
38696,77.3614377,28.56989003,5,3,2,1,3,15:00,91,E08000012,6,0,6,30,6,4,6,0,0,0,1,1,1,3,0,1,1,E01006632,20-12-2018,2,1,1,1,31,6,3,0,0,0,0,-1,8,1
38697,77.14329224,28.66954132,5,3,2,1,4,08:57,91,E08000012,6,0,6,30,6,4,6,0,0,0,1,2,2,0,0,1,1,E01006678,21-12-2018,2,1,1,2,17,4,3,0,0,0,0,-1,9,1
38698,77.27172345,28.67878586,5,3,1,1,4,12:55,91,E08000012,3,561,3,30,3,4,6,0,0,4,1,1,1,0,0,1,1,E01006519,21-12-2018,2,2,2,2,17,4,3,0,0,1,0,-1,9,1
38699,77.17704026,28.58172076,5,2,2,4,5,18:27,91,E08000012,4,5174,6,30,6,4,6,0,0,0,4,1,1,3,0,1,1,E01006679,15-12-2018,1,1,1,1,46,8,3,0,0,0,0,-1,19,1
38700,77.19451831,28.58984616,5,3,2,1,4,18:25,91,E08000012,4,5175,6,30,1,4,4,5175,0,0,4,1,4,0,0,1,1,E01006675,28-12-2018,2,2,1,2,24,5,3,0,0,0,0,-1,9,-1
38701,77.24125287,28.68628194,5,3,1,1,7,14:51,91,E08000012,6,0,6,30,3,4,6,0,0,0,1,1,1,0,0,1,1,E01006745,24-12-2018,2,3,2,2,-1,-1,3,0,0,1,0,-1,9,-1
38702,77.18548791,28.69484492,5,2,2,1,1,16:15,91,E08000012,6,0,6,30,0,-1,-1,0,0,0,1,1,2,0,0,1,1,E01006753,25-12-2018,2,1,1,1,48,8,3,0,0,0,0,-1,9,1
38703,77.23609716,28.6337051,5,3,3,1,4,22:56,91,E08000012,3,562,6,30,3,4,6,0,0,0,4,1,2,0,0,1,1,E01006556,21-12-2018,1,1,1,1,40,7,2,0,0,0,0,-1,3,1
38704,77.31657055,28.68108533,5,3,2,1,5,00:20,91,E08000012,6,0,2,30,0,-1,-1,0,0,0,4,2,2,0,0,1,1,E01006539,22-12-2018,1,1,1,2,18,4,3,0,0,0,0,-1,9,-1
38705,77.18169394,28.64770865,5,3,2,2,6,13:39,91,E08000012,6,0,6,30,9,4,6,0,0,0,1,1,1,0,0,1,1,E01006522,23-12-2018,1,2,1,2,27,6,3,0,0,0,0,-1,9,-1
38706,77.32376836,28.57690673,5,3,1,1,7,16:40,91,E08000012,4,5179,6,30,0,-1,-1,0,0,0,4,1,2,0,0,1,1,E01006716,24-12-2018,1,3,2,1,34,6,3,0,0,1,0,-1,9,-1
38707,77.16883074,28.68129934,5,3,2,1,6,17:20,91,E08000012,6,0,6,30,0,-1,-1,0,0,0,4,1,1,0,0,1,1,E01006755,30-12-2018,2,1,1,2,34,6,2,0,0,0,0,-1,9,-1
38708,77.2627072,28.59274236,5,3,2,2,2,11:00,91,E08000012,3,562,3,40,6,2,6,0,0,4,1,1,1,0,0,1,1,E01006532,26-12-2018,1,1,3,1,45,7,3,4,3,0,0,-1,0,-1
38709,77.13207356,28.69347681,5,3,2,1,2,13:00,91,E08000012,4,5171,6,30,3,2,4,5178,0,0,1,1,1,0,0,1,2,E01006771,26-12-2018,1,1,1,1,87,11,3,0,0,0,0,-1,9,-1
38710,77.27629158,28.56134087,5,3,2,1,7,16:45,91,E08000012,6,0,6,30,3,4,6,0,0,0,4,1,1,0,0,2,1,E01012401,31-12-2018,1,1,2,1,21,5,3,0,0,2,0,-1,8,-1
38711,77.3507342,28.64308946,5,3,2,1,7,01:40,91,E08000012,3,561,6,30,7,2,4,5171,0,0,4,1,2,0,0,1,1,E01006743,31-12-2018,1,2,2,1,25,5,3,0,0,2,0,-1,8,-1
38712,77.29596948,28.64437125,5,3,2,1,5,19:15,91,E08000012,3,562,6,30,6,2,6,0,0,0,4,2,2,0,0,1,2,E01006551,03-11-2018,1,3,2,1,24,5,3,0,0,2,0,-1,8,-1
38713,77.09058233,28.71082295,5,2,1,1,7,19:00,91,E08000012,4,5179,6,30,6,4,6,0,0,0,4,1,2,0,0,1,1,E01006723,24-12-2018,1,4,2,1,21,5,3,0,0,2,0,-1,8,-1
38714,77.10284294,28.5782983,5,3,1,1,5,20:05,91,E08000012,6,0,6,30,0,-1,-1,0,0,4,6,4,2,0,0,1,2,E01006677,06-01-2018,1,1,1,1,18,4,3,0,0,0,0,-1,9,1