Accident_Index,longitude,latitude,Police_Force,Accident_Severity,Number_of_Vehicles,Number_of_Casualties,Day_of_Week,Time,Local_Authority_(District),Local_Authority_(Highway),1st_Road_Class,1st_Road_Number,Road_Type,Speed_limit,Junction_Detail,Junction_Control,2nd_Road_Class,2nd_Road_Number,Pedestrian_Crossing-Human_Control,Pedestrian_Crossing-Physical_Facilities,Light_Conditions,Weather_Conditions,Road_Surface_Conditions,Special_Conditions_at_Site,Carriageway_Hazards,Urban_or_Rural_Area,Did_Police_Officer_Attend_Scene_of_Accident,LSOA_of_Accident_Location,Date,Vehicle_Reference,Casualty_Reference,Casualty_Class,Sex_of_Casualty,Age_of_Casualty,Age_Band_of_Casualty,Casualty_Severity,Pedestrian_Location,Pedestrian_Movement,Car_Passenger,Bus_or_Coach_Passenger,Pedestrian_Road_Maintenance_Worker,Casualty_Type,Casualty_Home_Area_Type
38715,77.10971619,28.63183641,5,3,2,1,3,15:30,91,E08000012,3,562,3,40,6,2,5,0,0,5,1,1,1,0,0,1,1,E01006597,08-02-2018,1,2,2,1,20,4,3,0,0,1,0,-1,9,1
38716,77.16097893,28.62092446,5,3,2,2,6,18:00,91,E08000012,5,0,6,30,8,4,6,0,0,0,4,1,1,0,0,1,1,E01006590,07-01-2018,1,3,2,1,53,8,3,0,0,2,0,-1,9,1
38717,77.24528422,28.53480884,5,3,1,1,7,19:55,91,E08000012,4,5178,6,30,0,-1,-1,0,0,4,4,1,1,0,0,1,1,E01006579,08-01-2018,1,4,2,1,17,4,3,0,0,2,0,-1,9,1
38718,77.16221536,28.64979814,5,3,2,1,3,17:20,91,E08000012,3,562,3,30,6,2,3,562,0,5,4,9,1,0,0,1,2,E01006537,04-01-2018,1,1,1,1,16,4,2,0,0,0,0,-1,2,1
38719,77.3104061,28.57039514,5,3,2,2,3,11:45,91,E08000012,6,0,6,30,0,-1,-1,0,0,0,1,1,1,0,0,1,1,E01006741,04-01-2018,2,2,1,2,42,7,3,0,0,0,0,-1,9,-1
38720,77.27289548,28.5891848,5,3,2,1,2,12:30,91,E08000012,3,562,3,40,5,4,5,0,0,0,1,1,1,0,0,1,2,E01006537,10-01-2018,2,3,2,2,18,4,3,0,0,1,0,-1,9,1
38721,77.06745518,28.57640104,5,3,2,4,7,19:50,91,E08000012,5,0,6,30,6,4,6,0,0,0,4,1,1,0,0,1,1,E01006796,08-01-2018,1,1,2,2,25,5,3,0,0,2,0,-1,9,1
38722,77.13039446,28.6448566,5,3,2,2,4,16:40,91,E08000012,4,5178,6,30,0,-1,-1,0,0,0,4,1,1,0,0,1,2,E01006721,12-01-2018,1,2,1,2,32,6,3,0,0,0,0,-1,9,1
38723,77.21190473,28.60389407,5,3,1,1,7,16:40,91,E08000012,5,0,3,30,6,2,3,561,0,0,7,1,1,0,0,1,2,E01006743,08-01-2018,1,1,3,1,50,8,3,6,5,0,0,-1,0,1
38724,77.14003119,28.57164488,5,3,2,1,3,14:30,91,E08000012,4,5180,6,30,6,2,3,5058,0,0,1,9,1,0,0,1,2,E01006591,04-01-2018,2,1,2,1,13,3,3,0,0,2,4,-1,11,1
38725,77.12909803,28.58409315,5,3,2,1,4,11:50,91,E08000012,6,0,6,30,3,4,6,0,0,0,1,1,1,0,0,1,1,E01006794,12-01-2018,1,1,2,1,-1,-1,3,0,0,2,4,-1,11,1
38726,77.20433259,28.58803085,5,3,2,1,6,12:14,91,E08000012,5,0,6,30,9,4,5,0,0,0,1,8,2,0,0,1,1,E01006678,07-01-2018,1,1,3,1,8,2,2,5,4,0,0,-1,0,-1
38727,77.30979549,28.62658252,5,3,1,1,7,17:00,91,E08000012,5,0,6,30,3,4,6,0,0,0,4,2,2,0,0,1,1,E01006797,01-01-2018,1,1,3,2,49,8,2,5,3,0,0,-1,0,1
38728,77.12179275,28.68726165,5,3,2,1,2,15:45,91,E08000012,3,561,3,30,0,-1,-1,0,0,0,1,1,1,0,0,1,1,E01006684,10-01-2018,1,1,1,2,65,9,3,0,0,0,0,-1,9,2
38729,77.12958629,28.58384788,5,3,2,2,3,13:44,91,E08000012,5,0,6,30,3,4,6,0,0,0,1,2,2,0,0,1,1,E01006550,11-01-2018,2,2,1,1,27,6,3,0,0,0,0,-1,9,1
38730,77.33456181,28.67646531,5,2,3,5,3,23:45,91,E08000012,4,5178,6,30,6,2,4,5179,0,5,4,4,1,0,0,1,1,E01006721,11-01-2018,2,1,2,2,27,6,3,0,0,2,4,-1,11,1
38731,77.17879536,28.57108028,5,3,2,2,2,18:20,91,E08000012,5,0,6,30,0,-1,-1,0,0,0,6,5,2,0,0,1,1,E01006522,17-01-2018,1,1,3,2,69,10,2,4,1,0,0,-1,0,1
38732,77.18626983,28.56324211,5,3,2,1,4,15:25,91,E08000012,6,0,7,30,3,4,6,0,1,0,1,1,1,0,0,1,2,E01006537,05-01-2018,1,1,1,2,77,11,3,0,0,0,0,-1,9,2
38733,77.19791843,28.67829639,5,3,1,1,6,16:10,91,E08000012,3,562,3,30,0,-1,-1,0,0,0,1,1,1,0,0,1,2,E01006591,07-01-2018,2,2,1,1,29,6,3,0,0,0,0,-1,9,3
38734,77.32601025,28.6882981,5,3,2,1,5,20:21,91,E08000012,3,562,3,40,7,2,3,562,0,0,4,1,2,0,0,1,1,E01006537,13-01-2018,3,3,2,2,30,6,3,0,0,1,0,-1,9,1
38735,77.22950777,28.65052899,5,3,2,1,6,20:00,91,E08000012,4,5178,6,30,8,4,6,0,0,0,4,1,1,0,0,1,2,E01006586,14-01-2018,1,1,3,1,41,7,3,9,5,0,0,-1,0,1
38736,77.21947957,28.59102027,5,3,2,2,2,14:05,91,E08000012,5,0,6,30,6,4,6,0,0,0,1,1,1,0,0,1,1,E01006749,17-01-2018,1,1,3,1,7,2,2,5,2,0,0,-1,0,1
38737,77.23178107,28.68592362,5,2,1,1,6,18:00,91,E08000012,5,0,6,30,0,-1,-1,0,0,1,5,1,1,0,0,1,2,E01006800,21-01-2018,1,1,1,2,27,6,3,0,0,0,0,-1,9,-1
38738,77.11537106,28.71124071,5,3,1,1,3,17:20,91,E08000012,3,562,6,30,0,-1,-1,0,0,0,1,1,1,0,0,1,1,E01006556,25-01-2018,1,1,2,1,38,7,3,0,0,1,0,-1,9,1
38739,77.07777159,28.7169643,5,3,2,1,5,07:30,91,E08000012,3,561,3,40,0,-1,-1,0,0,0,1,2,2,0,0,1,2,E01006741,20-01-2018,1,1,3,1,34,6,3,1,1,0,0,-1,0,-1
38740,77.07862123,28.61844323,5,3,6,5,3,08:30,91,E08000012,5,0,3,30,6,2,3,562,0,5,1,1,1,0,0,1,1,E01006673,11-01-2018,1,4,2,1,65,9,3,0,0,1,0,-1,9,1
38741,77.13962701,28.55241693,5,3,2,1,6,19:10,91,E08000012,5,0,3,30,3,4,6,0,0,0,4,1,1,0,0,1,2,E01006596,21-01-2018,1,5,1,1,40,7,3,0,0,0,0,-1,9,1
38742,77.29785197,28.68479745,5,3,1,1,7,15:30,91,E08000012,6,0,6,30,8,4,6,0,0,0,1,1,1,0,0,1,1,E01006526,22-01-2018,2,1,1,2,20,4,3,0,0,0,0,-1,9,1
38743,77.09653797,28.58225239,5,3,2,1,3,15:00,91,E08000012,5,0,6,30,0,-1,-1,0,0,0,1,1,1,0,0,1,2,E01006551,25-01-2018,2,2,2,2,18,4,3,0,0,2,0,-1,9,-1
38744,77.10088871,28.69881978,5,3,1,1,5,11:55,91,E08000012,4,5178,3,30,1,4,5,0,0,1,1,1,2,0,0,1,1,E01006586,20-01-2018,2,3,2,2,19,4,3,0,0,1,0,-1,9,-1
38745,77.12559017,28.55282828,5,3,3,6,5,08:30,91,E08000012,4,5175,6,30,3,4,6,0,0,0,1,5,2,0,0,1,1,E01006551,20-01-2018,2,1,1,2,26,6,3,0,0,0,0,-1,9,1
38746,77.09067444,28.6795906,5,2,1,1,7,23:28,91,E08000012,3,561,3,30,9,4,6,0,0,4,4,1,1,0,0,1,1,E01006519,29-01-2018,2,1,1,1,17,4,3,0,0,0,0,-1,9,1
38747,77.10556936,28.70786721,5,3,2,1,4,09:15,91,E08000012,3,561,3,40,1,4,6,0,0,0,1,1,2,0,0,1,1,E01006743,26-01-2018,2,1,1,2,45,7,3,0,0,0,0,-1,9,-1
38748,77.3655103,28.67831897,5,2,3,1,1,02:40,91,E08000012,5,0,6,30,0,-1,-1,0,0,0,4,1,2,0,0,1,1,E01006794,23-01-2018,1,1,1,1,29,6,3,0,0,0,0,-1,1,1
38749,77.25083669,28.62243725,5,2,4,5,5,13:05,91,E08000012,6,0,6,30,3,4,5,0,0,0,1,1,1,0,2,1,1,E01006689,27-01-2018,1,1,1,2,24,5,3,0,0,0,0,-1,9,2
38750,77.0928573,28.70544481,5,3,1,1,4,19:10,91,E08000012,6,0,6,30,3,4,6,0,0,0,1,1,1,0,0,1,1,E01006797,26-01-2018,1,1,1,1,16,4,3,0,0,0,0,-1,2,1
38751,77.31389199,28.70550914,5,3,2,2,5,17:15,91,E08000012,4,5178,3,30,6,4,5,0,0,0,4,1,1,0,0,1,1,E01006586,27-01-2018,2,1,1,2,39,7,3,0,0,0,0,-1,9,1
38752,77.29614031,28.64837123,5,3,2,1,7,14:10,91,E08000012,3,561,3,30,3,4,6,0,0,0,1,1,1,0,0,1,1,E01006521,29-01-2018,2,1,1,2,23,5,3,0,0,0,0,-1,9,1
38753,77.12868511,28.69418917,5,3,2,1,4,23:30,91,E08000012,4,5342,6,30,8,4,6,0,0,0,7,9,1,0,0,1,2,E01006520,12-01-2018,2,1,1,2,26,6,3,0,0,0,0,-1,9,-1
38754,77.16178676,28.68466901,5,3,2,1,3,16:50,91,E08000012,3,5058,6,40,6,4,6,0,0,4,1,1,1,0,0,1,1,E01006595,01-02-2018,1,1,1,1,17,4,3,0,0,0,0,-1,1,1
38755,77.1976448,28.58988608,5,3,3,1,2,17:40,91,E08000012,3,561,3,40,3,4,6,0,0,0,1,1,1,0,0,1,1,E01006685,31-01-2018,1,1,1,1,17,4,2,0,0,0,0,-1,3,-1
38756,77.33263476,28.70427321,5,3,2,2,7,18:45,91,E08000012,5,0,6,30,6,4,5,0,0,0,4,1,2,0,0,1,1,E01006579,05-02-2018,1,1,3,2,14,3,3,1,1,0,0,-1,0,1
38757,77.1907364,28.61269767,5,2,2,1,1,15:20,91,E08000012,5,0,6,30,3,4,6,0,0,0,1,1,1,0,0,1,1,E01006680,09-01-2018,2,1,1,2,50,8,3,0,0,0,0,-1,9,-1
38758,77.13702402,28.70629891,5,3,2,1,1,11:00,91,E08000012,6,0,6,30,3,4,6,0,0,0,1,1,1,0,0,1,1,E01006579,23-01-2018,2,2,2,2,15,3,3,0,0,2,0,-1,9,1
38759,77.31529164,28.68082237,5,3,2,3,1,02:30,91,E08000012,3,562,6,30,3,4,6,0,0,0,1,1,1,0,0,1,1,E01006557,06-02-2018,2,3,2,2,6,2,3,0,0,2,0,-1,9,1
38760,77.26917895,28.56605406,5,3,1,1,1,22:40,91,E08000012,3,561,3,30,3,4,6,0,0,0,4,1,1,0,0,1,2,E01006636,30-01-2018,2,4,2,1,13,3,3,0,0,2,0,-1,9,1
38761,77.31664243,28.70817826,5,2,1,1,1,21:35,91,E08000012,3,562,6,30,3,4,6,0,0,4,4,1,2,0,0,1,1,E01006556,06-02-2018,2,1,1,1,32,6,3,0,0,0,0,-1,5,1
38762,77.27610126,28.5469314,5,3,1,1,3,08:35,91,E08000012,5,0,6,30,3,4,6,0,0,0,1,1,1,0,0,1,1,E01006801,25-01-2018,2,1,1,2,56,9,2,0,0,0,0,-1,1,1
38763,77.19048106,28.66463969,5,3,1,1,1,05:20,91,E08000012,3,562,6,30,0,-1,-1,0,0,0,4,8,2,4,0,1,1,E01006553,23-01-2018,1,1,2,1,29,6,3,0,0,1,0,-1,9,1
38764,77.19899795,28.65918564,5,3,2,2,1,04:25,91,E08000012,4,5180,3,30,6,2,3,5058,0,5,4,1,1,0,0,1,2,E01006591,06-02-2018,2,1,2,2,35,6,3,0,0,2,0,-1,9,1
38765,77.1849506,28.68626747,5,3,1,1,4,17:40,91,E08000012,4,5342,6,30,3,4,6,0,0,4,4,2,2,0,0,1,1,E01006551,09-02-2018,1,1,3,1,35,6,3,5,3,0,0,-1,0,1
38766,77.12458367,28.57060199,5,3,2,1,6,08:55,91,E08000012,5,0,6,40,0,-1,-1,0,0,0,1,1,1,0,0,2,2,E01006708,04-02-2018,1,1,1,1,21,5,3,0,0,0,0,-1,9,1
38767,77.30807688,28.71708254,5,3,2,1,6,11:30,91,E08000012,5,0,6,30,3,4,5,0,0,0,1,1,1,4,0,1,2,E01006525,04-02-2018,1,2,2,1,33,6,3,0,0,1,0,-1,9,-1
38768,77.21563149,28.62818495,5,3,2,1,5,10:45,91,E08000012,6,0,3,30,7,4,6,0,0,0,1,1,1,0,0,1,2,E01006754,03-02-2018,2,3,1,2,22,5,3,0,0,0,0,-1,9,1
38769,77.25620303,28.53993598,5,2,1,1,3,00:30,91,E08000012,5,0,6,30,3,4,6,0,0,0,4,1,1,0,0,1,1,E01006524,08-02-2018,1,1,3,1,28,6,3,6,8,0,0,-1,0,-1
38770,77.25527231,28.56693922,5,3,2,1,1,17:00,91,E08000012,5,0,6,30,6,4,6,0,0,4,1,1,1,0,0,1,1,E01006751,06-02-2018,1,1,3,1,21,5,2,5,1,0,0,-1,0,-1
38771,77.14080406,28.68322627,5,3,2,2,6,21:00,91,E08000012,3,5058,3,40,6,2,5,0,0,4,4,1,2,0,0,1,1,E01006577,11-02-2018,2,1,1,1,27,6,3,0,0,0,0,-1,9,1
38772,77.08527764,28.55848968,5,3,2,1,3,19:50,91,E08000012,4,5178,6,30,9,2,6,0,0,0,7,7,1,0,0,1,2,E01006721,25-01-2018,4,2,1,1,60,9,3,0,0,0,0,-1,9,2
38773,77.17831065,28.64539921,5,3,3,1,5,16:00,91,E08000012,5,0,6,30,6,4,6,0,0,0,1,1,1,0,0,1,1,E01006577,10-02-2018,4,3,2,1,43,7,3,0,0,1,0,-1,9,2
38774,77.315683,28.62553952,5,3,2,1,6,16:30,91,E08000012,5,0,6,30,3,4,5,0,0,0,1,1,1,0,0,1,1,E01006539,11-02-2018,4,4,2,2,32,6,3,0,0,2,0,-1,9,2
38775,77.24714472,28.66589428,5,3,2,3,6,23:00,91,E08000012,3,561,3,40,6,2,3,5275,0,4,4,2,2,0,0,1,1,E01006739,11-02-2018,4,5,2,2,57,9,3,0,0,2,0,-1,9,2
38776,77.23394496,28.62141102,5,3,2,1,4,11:10,91,E08000012,3,562,3,30,6,2,3,5058,0,5,1,1,2,0,0,1,2,E01006591,09-02-2018,1,1,2,2,90,11,2,0,0,1,0,-1,9,1
38777,77.29107653,28.70541512,5,3,2,1,5,15:25,91,E08000012,3,562,6,30,6,2,6,0,0,5,1,1,1,0,0,1,2,E01006512,03-02-2018,1,2,1,2,84,11,3,0,0,0,0,-1,9,1
38778,77.3576579,28.53661425,5,3,2,1,6,18:00,91,E08000012,6,0,6,30,0,-1,-1,0,0,0,4,2,2,0,0,1,1,E01006724,11-02-2018,1,1,1,1,64,9,3,0,0,0,0,-1,9,1
38779,77.19615857,28.62488188,5,3,2,1,7,10:40,91,E08000012,6,0,6,30,9,4,3,561,0,0,1,9,2,0,0,1,2,E01006528,22-01-2018,1,1,1,1,6,2,3,0,0,0,0,-1,9,1
38780,77.26333752,28.64857671,5,3,2,1,6,20:55,91,E08000012,3,562,6,30,6,2,6,0,0,0,4,2,2,0,0,1,1,E01006557,11-02-2018,1,1,3,1,28,6,3,5,1,0,0,-1,0,-1
38781,77.17830677,28.65849523,5,3,2,2,1,22:00,91,E08000012,4,5173,6,30,7,2,3,562,0,5,4,4,1,0,0,1,1,E01006752,13-02-2018,2,1,1,2,38,7,3,0,0,0,0,-1,9,1
38782,77.24595953,28.58187464,5,3,2,2,3,19:35,91,E08000012,5,0,3,30,6,4,6,0,0,0,4,1,1,0,0,1,1,E01006741,11-01-2018,2,1,1,1,64,9,3,0,0,0,0,-1,5,1
38783,77.11811123,28.60736084,5,3,2,1,3,10:00,91,E08000012,3,561,3,70,0,-1,-1,0,0,0,1,1,1,0,0,1,2,E01006741,25-01-2018,1,1,1,1,53,8,3,0,0,0,0,-1,9,1
38784,77.12265374,28.60665503,5,3,1,1,2,18:10,91,E08000012,3,562,6,30,6,4,6,0,0,4,4,1,1,0,0,1,2,E01006556,14-02-2018,2,2,2,2,58,9,3,0,0,1,0,-1,21,-1
38785,77.22460981,28.53512144,5,3,3,1,7,18:20,91,E08000012,4,5178,6,30,6,2,4,5179,0,0,1,1,1,0,0,1,1,E01006721,29-01-2018,1,1,3,1,15,3,3,5,4,0,0,-1,0,3
38786,77.12632749,28.61138421,5,2,1,1,7,22:39,91,E08000012,6,0,6,20,0,-1,-1,0,0,0,5,8,1,0,0,1,2,E01006727,05-02-2018,2,1,1,2,51,8,3,0,0,0,0,-1,9,1
38787,77.2438963,28.59915278,5,3,1,1,2,15:10,91,E08000012,5,0,3,30,3,4,6,0,0,5,1,1,1,4,0,1,1,E01006596,21-02-2018,1,1,1,1,75,10,3,0,0,0,0,-1,9,2
38788,77.06300428,28.63215332,5,3,2,1,7,19:30,91,E08000012,5,0,3,30,6,4,6,0,0,0,4,1,1,0,0,1,1,E01006741,19-02-2018,1,2,2,2,74,10,3,0,0,1,0,-1,9,-1
38789,77.35871555,28.53855445,5,3,2,1,3,21:54,91,E08000012,5,0,6,30,0,-1,-1,0,0,0,4,1,2,0,0,1,1,E01006794,22-02-2018,2,1,1,2,27,6,3,0,0,0,0,-1,9,-1
38790,77.14083231,28.62950709,5,3,2,1,4,13:10,91,E08000012,4,5173,6,30,6,2,3,562,0,5,1,1,1,0,0,1,1,E01006679,16-02-2018,1,1,1,2,20,4,3,0,0,0,0,-1,9,1
38791,77.35641155,28.63985475,5,2,1,1,3,22:50,91,E08000012,5,0,6,30,6,4,6,0,0,0,4,6,2,0,0,1,1,E01006683,22-02-2018,1,1,1,1,52,8,3,0,0,0,0,-1,9,1
38792,77.18330736,28.54508394,5,3,2,1,4,08:00,91,E08000012,5,0,6,30,7,2,5,0,0,0,1,1,2,0,0,1,1,E01006594,23-02-2018,2,1,1,1,51,8,3,0,0,0,0,-1,9,1
38793,77.17272662,28.61495275,5,3,2,1,6,17:10,91,E08000012,5,0,6,30,6,4,5,0,0,0,1,1,1,0,0,1,2,E01006539,11-02-2018,1,1,1,2,19,4,3,0,0,0,0,-1,9,-1
38794,77.26139792,28.57737587,5,3,2,1,6,13:40,91,E08000012,6,0,6,30,9,1,6,0,0,0,1,1,1,0,0,1,2,E01006524,11-02-2018,1,1,1,2,18,4,3,0,0,0,0,-1,9,1
38795,77.18379662,28.67910344,5,3,2,2,4,08:30,91,E08000012,4,5178,6,30,6,4,6,0,0,0,1,1,4,0,0,1,2,E01006578,16-02-2018,2,2,1,1,24,5,3,0,0,0,0,-1,9,1
38796,77.21189155,28.58651745,5,3,1,1,7,11:00,91,E08000012,6,0,6,30,3,4,6,0,0,0,1,1,1,0,0,1,2,E01006596,19-02-2018,2,1,1,1,35,6,3,0,0,0,0,-1,9,-1
38797,77.28051834,28.54375963,5,3,2,2,7,20:10,91,E08000012,6,0,6,30,0,-1,-1,0,0,0,4,1,1,0,0,1,1,E01006772,19-02-2018,2,3,1,1,70,10,3,0,0,0,0,-1,9,-1
38798,77.13451709,28.66956367,5,3,2,1,2,12:00,91,E08000012,5,0,6,30,3,4,6,0,0,0,1,1,1,0,0,1,1,E01006525,14-02-2018,3,1,1,2,44,7,3,0,0,0,0,-1,9,1
38799,77.34453443,28.66057689,5,3,3,3,7,18:10,91,E08000012,4,5175,6,30,0,-1,-1,0,0,0,4,1,1,0,0,1,1,E01006551,19-02-2018,3,2,2,2,24,5,3,0,0,2,0,-1,9,-1
38800,77.31708126,28.57484908,5,3,1,1,7,00:35,91,E08000012,5,0,6,30,6,4,3,562,0,0,4,1,1,0,0,1,1,E01006539,26-02-2018,1,1,1,1,68,10,3,0,0,0,0,-1,9,1
38801,77.17717023,28.62480413,5,3,2,3,4,19:00,91,E08000012,3,562,6,30,6,2,3,5048,0,5,4,1,1,0,0,1,1,E01006679,16-02-2018,2,2,1,1,54,8,3,0,0,0,0,-1,9,1
38802,77.23399725,28.65154591,5,3,1,1,3,08:30,91,E08000012,5,0,3,30,7,2,5,0,0,0,1,3,2,0,0,1,1,E01006576,22-02-2018,2,1,1,1,26,6,3,0,0,0,0,-1,9,1
38803,77.32387142,28.70213775,5,3,2,1,2,08:00,91,E08000012,4,5174,6,30,6,4,6,0,0,0,1,1,1,0,0,1,1,E01006679,21-02-2018,2,1,1,1,43,7,3,0,0,0,0,-1,9,1
38804,77.18005501,28.5441811,5,3,2,2,3,16:58,91,E08000012,6,0,6,30,0,-1,-1,0,0,0,1,1,1,0,0,1,1,E01006708,08-02-2018,1,1,1,1,16,4,2,0,0,0,0,-1,3,-1
38805,77.15605065,28.6430303,5,3,2,1,2,10:40,91,E08000012,3,5058,1,30,1,4,3,5058,0,0,1,1,1,0,0,1,2,E01006582,14-02-2018,1,1,3,1,15,3,3,4,2,0,0,-1,0,1
38806,77.08796607,28.59690485,5,3,2,1,4,16:20,91,E08000012,5,0,6,30,5,4,6,0,0,0,1,1,1,0,0,1,2,E01006689,23-02-2018,1,1,2,1,2,1,3,0,0,2,3,-1,11,1
38807,77.08768938,28.63566384,5,3,2,1,4,15:30,91,E08000012,6,0,6,30,3,4,6,0,0,0,1,1,1,0,0,1,2,E01006578,02-03-2018,1,1,1,1,63,9,2,0,0,0,0,-1,1,-1
38808,77.35893546,28.70215408,5,2,2,1,3,08:35,91,E08000012,4,5178,6,30,3,4,6,0,0,0,1,8,2,0,0,1,1,E01006720,01-03-2018,1,1,1,2,24,5,3,0,0,0,0,-1,9,1
38809,77.08174186,28.62982002,5,3,2,2,5,09:10,91,E08000012,3,562,6,30,3,4,6,0,0,4,1,3,2,0,0,1,1,E01006556,24-02-2018,1,1,1,1,10,2,3,0,0,0,0,-1,1,1
38810,77.10061658,28.5875251,5,3,3,3,5,09:39,91,E08000012,3,5047,6,30,3,4,3,5047,0,0,1,1,2,0,0,1,2,E01006751,24-02-2018,2,1,1,1,75,10,3,0,0,0,0,-1,9,1
38811,77.25141819,28.6795067,5,3,2,1,6,04:20,91,E08000012,6,0,6,30,3,4,6,0,0,0,4,1,2,0,0,1,1,E01006758,25-02-2018,1,1,1,2,18,4,2,0,0,0,0,-1,9,1
38812,77.32731081,28.60255477,5,3,2,1,3,10:20,91,E08000012,4,5174,1,30,1,4,4,5175,0,0,1,1,1,0,0,1,2,E01006675,01-03-2018,2,1,2,2,29,6,3,0,0,1,0,-1,9,-1
38813,77.21758837,28.56469518,5,2,1,1,3,21:05,91,E08000012,5,0,6,30,3,4,5,0,0,0,4,1,2,0,0,1,1,E01006581,01-03-2018,1,1,3,2,50,8,2,5,1,0,0,-1,0,1
38814,77.30523635,28.59282708,5,3,2,1,3,20:00,91,E08000012,4,5178,6,30,6,2,6,0,0,0,4,1,2,0,0,1,1,E01006580,01-03-2018,1,1,1,2,28,6,3,0,0,0,0,-1,9,-1
38815,77.20285459,28.67312292,5,3,2,2,1,02:25,91,E08000012,3,562,3,30,6,2,3,562,0,5,4,1,1,0,0,1,1,E01006673,13-02-2018,2,2,1,1,27,6,3,0,0,0,0,-1,9,1
38816,77.11682765,28.64872805,5,3,2,1,5,17:40,91,E08000012,4,5178,6,30,3,4,6,0,0,0,4,9,1,0,0,1,2,E01006726,03-02-2018,2,1,2,2,21,5,3,0,0,1,0,-1,9,1
38817,77.13068112,28.68425624,5,3,3,1,6,15:30,91,E08000012,5,0,6,30,0,-1,-1,0,0,0,1,4,1,0,0,1,2,E01006738,04-03-2018,1,1,1,1,40,7,2,0,0,0,0,-1,4,1
38818,77.09511486,28.59479071,5,3,2,2,6,16:45,91,E08000012,4,5179,6,30,3,4,6,0,0,0,1,1,1,0,0,1,1,E01006724,25-02-2018,1,2,1,2,41,7,2,0,0,0,0,-1,9,1
38819,77.26006569,28.63826684,5,3,2,1,3,10:45,91,E08000012,4,5179,1,30,1,4,6,0,0,0,1,1,1,0,0,1,1,E01006692,01-03-2018,2,1,1,1,24,5,2,0,0,0,0,-1,5,1
38820,77.22511275,28.66703208,5,3,2,1,3,09:10,91,E08000012,5,0,6,30,0,-1,-1,0,0,0,1,1,1,0,2,1,1,E01006551,01-03-2018,2,1,1,1,16,4,3,0,0,0,0,-1,2,1
38821,77.27019939,28.59441098,5,2,1,1,6,21:40,91,E08000012,3,5036,6,30,0,-1,-1,0,0,0,4,1,1,0,0,1,1,E01006634,04-03-2018,1,1,3,1,13,3,3,5,1,0,0,-1,0,1
38822,77.26922151,28.61913616,5,3,2,2,7,13:20,91,E08000012,5,0,6,30,3,4,5,0,0,0,1,1,1,0,0,1,1,E01006799,05-03-2018,1,1,3,1,28,6,3,5,1,0,0,-1,0,1
38823,77.32899976,28.56435314,5,3,2,1,7,09:38,91,E08000012,4,5180,3,30,0,-1,-1,0,0,4,1,1,1,0,0,1,2,E01006596,26-02-2018,3,1,1,1,32,6,3,0,0,0,0,-1,9,1
38824,77.25498923,28.54685273,5,3,2,1,1,16:30,91,E08000012,4,5174,6,30,9,2,4,5174,0,0,1,8,2,0,0,1,2,E01006675,06-02-2018,1,1,3,2,14,3,3,1,1,0,0,-1,0,1
38825,77.13143804,28.54317511,5,3,2,1,2,12:10,91,E08000012,3,5058,6,30,6,4,6,0,0,0,1,1,1,0,0,1,1,E01006524,07-03-2018,3,2,2,2,-1,-1,3,0,0,1,0,-1,9,1
38826,77.32986991,28.62924622,5,3,2,1,7,11:20,91,E08000012,6,0,2,30,0,-1,-1,0,0,0,1,1,1,0,0,1,2,E01006795,26-02-2018,4,1,1,1,76,11,3,0,0,0,0,-1,9,1
38827,77.20327153,28.68260942,5,3,2,1,7,17:00,91,E08000012,3,562,6,30,9,4,-1,-1,0,0,1,1,2,0,0,1,2,E01006551,05-03-2018,1,1,3,2,3,1,3,5,2,0,0,-1,0,-1
38828,77.21290201,28.59752592,5,3,3,2,4,11:45,91,E08000012,3,562,6,30,3,4,6,0,0,0,1,1,1,0,0,1,1,E01006557,09-03-2018,2,1,1,2,45,7,3,0,0,0,0,-1,9,-1
38829,77.32537299,28.63546245,5,3,2,3,7,12:00,91,E08000012,6,0,6,30,0,-1,-1,0,0,0,1,1,1,0,0,1,1,E01006720,26-02-2018,2,2,2,1,20,4,3,0,0,1,0,-1,9,-1
38830,77.35844531,28.6999172,5,3,2,1,7,14:30,91,E08000012,5,0,6,30,0,-1,-1,0,0,0,1,8,1,0,0,1,2,E01006533,15-01-2018,1,1,1,1,24,5,3,0,0,0,0,-1,9,1
38831,77.07687544,28.55426894,5,3,2,2,1,14:20,91,E08000012,5,0,6,30,6,4,5,0,0,0,1,1,1,0,0,1,1,E01006678,27-02-2018,1,2,2,1,27,6,3,0,0,1,0,-1,9,-1
38832,77.0591994,28.68691696,5,3,2,1,5,10:24,91,E08000012,3,562,3,40,6,2,5,0,0,0,1,1,1,0,0,1,1,E01006532,10-03-2018,1,1,3,2,12,3,3,5,2,0,0,-1,0,1
38833,77.27381616,28.60097416,5,2,2,1,7,11:00,91,E08000012,4,5173,6,30,3,4,6,0,0,0,1,1,2,0,0,1,1,E01006679,26-02-2018,1,1,2,1,20,4,3,0,0,1,0,-1,9,-1
38834,77.28542497,28.71991872,5,3,2,2,6,17:30,91,E08000012,4,5342,6,30,7,2,4,5173,0,5,1,1,2,0,0,1,1,E01006549,11-03-2018,2,2,1,2,45,7,3,0,0,0,0,-1,9,1
38835,77.23470652,28.61578302,5,3,2,2,5,13:30,91,E08000012,5,0,3,40,3,4,6,0,0,0,1,1,1,0,0,1,1,E01006739,10-03-2018,2,3,2,1,16,4,3,0,0,1,0,-1,9,1