Accident_Index,longitude,latitude,Police_Force,Accident_Severity,Number_of_Vehicles,Number_of_Casualties,Day_of_Week,Time,Local_Authority_(District),Local_Authority_(Highway),1st_Road_Class,1st_Road_Number,Road_Type,Speed_limit,Junction_Detail,Junction_Control,2nd_Road_Class,2nd_Road_Number,Pedestrian_Crossing-Human_Control,Pedestrian_Crossing-Physical_Facilities,Light_Conditions,Weather_Conditions,Road_Surface_Conditions,Special_Conditions_at_Site,Carriageway_Hazards,Urban_or_Rural_Area,Did_Police_Officer_Attend_Scene_of_Accident,LSOA_of_Accident_Location,Date,Vehicle_Reference,Casualty_Reference,Casualty_Class,Sex_of_Casualty,Age_of_Casualty,Age_Band_of_Casualty,Casualty_Severity,Pedestrian_Location,Pedestrian_Movement,Car_Passenger,Bus_or_Coach_Passenger,Pedestrian_Road_Maintenance_Worker,Casualty_Type,Casualty_Home_Area_Type
38957,77.33753217,28.58450498,5,3,2,1,2,18:39,91,E08000012,6,0,6,30,6,2,6,0,0,0,1,1,1,0,0,1,1,E01006538,09-05-2018,2,1,1,1,31,6,3,0,0,0,0,-1,11,1
38958,77.12660368,28.56690424,5,3,2,2,6,08:10,91,E08000012,6,0,6,30,6,4,6,0,0,0,1,1,1,0,0,1,1,E01006592,06-05-2018,2,1,1,1,22,5,3,0,0,0,0,-1,9,1
38959,77.17928849,28.64390275,5,3,2,2,3,15:05,91,E08000012,3,561,6,30,0,-1,-1,0,0,0,1,1,1,0,0,1,1,E01006518,10-05-2018,2,2,2,2,30,6,3,0,0,1,0,-1,9,-1
38960,77.31852797,28.66037887,5,3,2,1,6,16:14,91,E08000012,5,0,6,30,3,4,5,0,0,0,1,1,1,0,0,1,2,E01006581,13-05-2018,2,1,2,1,41,7,3,0,0,1,0,-1,9,1
38961,77.36697148,28.55506493,5,2,1,1,3,16:15,91,E08000012,6,0,6,30,0,-1,-1,0,0,0,1,1,1,0,0,1,1,E01006770,10-05-2018,2,1,1,2,24,5,3,0,0,0,0,-1,9,1
38962,77.16836321,28.63173484,5,3,2,1,5,09:10,91,E08000012,6,0,6,30,3,4,6,0,0,0,1,1,1,0,0,1,1,E01006526,12-05-2018,1,1,3,1,44,7,3,9,9,0,0,-1,0,1
38963,77.3588367,28.56922555,5,2,1,1,6,15:45,91,E08000012,6,0,6,30,0,-1,-1,0,2,0,1,1,1,0,0,1,1,E01006520,13-05-2018,2,1,1,1,64,9,3,0,0,0,0,-1,1,1
38964,77.1533927,28.56472251,5,3,2,1,3,15:30,90,E08000011,3,562,1,30,1,2,3,5300,0,0,1,2,2,0,0,2,2,E01006420,26-04-2018,1,1,1,1,47,8,2,0,0,0,0,-1,9,-1
38965,77.2998914,28.60336195,5,3,2,1,7,13:45,91,E08000012,4,5180,3,40,6,2,6,0,0,0,1,1,1,0,0,1,1,E01006681,14-05-2018,1,1,1,2,20,4,3,0,0,0,0,-1,1,1
38966,77.34109362,28.62604283,5,3,2,1,2,11:15,91,E08000012,6,0,6,30,3,4,6,0,0,0,1,1,2,0,0,1,1,E01006586,16-05-2018,2,1,1,2,33,6,3,0,0,0,0,-1,9,1
38967,77.36387316,28.5558345,5,3,3,3,1,14:35,91,E08000012,5,0,6,30,6,4,6,0,0,0,1,1,1,0,0,1,1,E01006578,08-05-2018,1,1,1,1,49,8,3,0,0,0,0,-1,1,1
38968,77.20027822,28.70545969,5,3,2,3,3,16:50,91,E08000012,5,0,3,40,7,2,4,5171,0,0,1,1,1,0,0,1,1,E01006535,17-05-2018,1,1,3,2,55,8,2,10,9,0,0,-1,0,1
38969,77.0914275,28.56003823,5,3,2,1,5,07:00,91,E08000012,5,0,6,30,7,2,3,561,0,0,1,1,1,0,0,1,2,E01006741,19-05-2018,1,1,1,2,23,5,3,0,0,0,0,-1,9,-1
38970,77.19133729,28.56712301,5,3,1,1,7,16:10,91,E08000012,5,0,6,30,0,-1,-1,0,0,0,1,1,1,0,0,1,1,E01006590,21-05-2018,2,1,3,1,19,4,3,8,1,0,0,-1,0,1
38971,77.24154019,28.59842622,5,3,2,2,7,02:00,91,E08000012,3,561,6,30,3,4,6,0,0,0,4,1,1,0,0,1,2,E01006632,02-04-2018,1,1,1,1,12,3,3,0,0,0,0,-1,1,1
38972,77.16225229,28.60777481,5,3,3,3,5,11:50,91,E08000012,5,0,6,30,0,-1,-1,0,0,5,1,1,1,0,0,1,1,E01006590,19-05-2018,1,1,1,1,15,3,2,0,0,0,0,-1,1,1
38973,77.30809983,28.69512255,5,3,2,1,4,20:30,91,E08000012,6,0,6,30,3,4,6,0,0,0,1,1,2,0,0,1,2,E01006720,18-05-2018,3,1,2,2,64,9,3,0,0,1,0,-1,9,3
38974,77.13100294,28.65775343,5,2,1,1,5,21:07,91,E08000012,3,561,6,30,3,4,6,0,0,0,1,1,2,0,0,1,1,E01006518,19-05-2018,1,1,3,1,11,3,3,1,1,0,0,-1,0,1
38975,77.12333303,28.5373329,5,3,2,1,2,13:10,91,E08000012,5,0,6,30,3,4,5,0,0,0,1,1,1,0,0,1,1,E01006588,25-04-2018,1,1,1,1,27,6,3,0,0,0,0,-1,9,1
38976,77.26157463,28.67905671,5,3,2,1,6,23:15,91,E08000012,4,5178,6,30,6,2,5,0,0,0,4,1,1,0,0,1,2,E01006708,06-05-2018,1,1,2,1,78,11,3,0,0,0,4,-1,11,1
38977,77.15655691,28.68621664,5,3,2,2,4,12:45,91,E08000012,3,562,3,30,6,2,5,0,0,5,1,1,1,0,0,1,1,E01006538,18-05-2018,1,1,2,1,36,7,3,0,0,2,0,-1,8,1
38978,77.28059344,28.70065099,5,3,2,1,4,16:00,91,E08000012,3,5058,1,40,1,4,3,5058,0,1,1,1,1,0,0,1,1,E01006582,18-05-2018,1,1,1,1,58,9,3,0,0,0,0,-1,9,1
38979,77.08632164,28.64672763,5,3,2,1,7,20:10,91,E08000012,6,0,6,30,0,-1,-1,0,0,0,1,1,2,0,0,1,1,E01006772,21-05-2018,1,2,2,2,65,9,3,0,0,1,0,-1,9,1
38980,77.17130768,28.67671825,5,3,2,1,7,13:15,91,E08000012,6,0,6,30,3,4,6,0,0,0,1,1,1,0,0,1,1,E01006524,12-03-2018,2,1,1,2,31,6,3,0,0,0,0,-1,9,1
38981,77.35115561,28.53353156,5,3,1,1,7,11:50,91,E08000012,3,562,6,30,0,-1,-1,0,0,0,1,1,1,0,0,1,1,E01006673,14-05-2018,1,1,1,1,18,4,3,0,0,0,0,-1,1,1
38982,77.21282355,28.6188859,5,3,2,1,4,07:10,91,E08000012,3,561,3,30,0,-1,-1,0,0,0,1,1,2,0,0,1,2,E01006688,25-05-2018,1,1,3,1,3,1,2,5,4,0,0,-1,0,1
38983,77.24182101,28.53877074,5,3,2,1,3,17:25,91,E08000012,6,0,6,30,3,4,6,0,0,0,1,1,1,0,0,1,2,E01006684,31-05-2018,1,1,3,1,4,1,3,5,1,0,0,-1,0,1
38984,77.09878604,28.64819862,5,3,2,2,4,17:30,91,E08000012,3,562,3,30,7,2,3,562,0,4,1,9,1,0,0,1,2,E01006593,19-01-2018,2,1,1,2,52,8,3,0,0,0,0,-1,1,1
38985,77.20540668,28.69490067,5,2,1,1,5,16:30,91,E08000012,6,0,6,30,9,4,6,0,0,0,1,1,1,0,0,1,1,E01006551,12-05-2018,1,1,3,2,7,2,3,5,3,0,0,-1,0,1
38986,77.31743632,28.62055896,5,3,2,1,3,11:50,91,E08000012,5,0,2,30,0,-1,-1,0,0,0,1,1,1,0,1,1,2,E01006755,31-05-2018,2,1,1,1,63,9,3,0,0,0,0,-1,9,-1
38987,77.33991017,28.59553138,5,2,2,1,3,10:59,91,E08000012,3,562,3,30,3,4,6,0,0,0,1,1,1,0,0,1,1,E01006593,24-05-2018,2,2,2,2,38,7,3,0,0,1,0,-1,9,1
38988,77.10723984,28.54030878,5,3,2,1,4,14:10,91,E08000012,4,5178,3,30,7,4,6,0,0,0,1,1,1,0,0,1,2,E01006589,27-04-2018,1,1,1,2,59,9,3,0,0,0,0,-1,9,1
38989,77.07344001,28.66296112,5,3,2,1,3,20:00,91,E08000012,6,0,6,30,3,4,6,0,0,0,1,1,1,0,0,1,1,E01006537,24-05-2018,2,1,1,1,35,6,3,0,0,0,0,-1,9,-1
38990,77.25774775,28.64961788,5,3,2,1,2,14:25,91,E08000012,4,5179,6,30,6,2,4,5178,0,0,1,1,1,0,0,1,1,E01006721,23-05-2018,1,1,3,2,46,8,3,9,8,0,0,-1,0,1
38991,77.11048813,28.63167449,5,3,2,1,6,20:45,91,E08000012,6,0,6,40,9,4,6,0,0,5,4,1,1,0,0,1,2,E01006538,29-04-2018,1,1,3,1,22,5,2,5,1,0,0,-1,0,1
38992,77.18763259,28.63933509,5,3,1,1,4,08:40,91,E08000012,3,562,6,30,3,4,6,0,0,0,1,2,2,0,0,1,1,E01006553,01-06-2018,2,1,1,1,21,5,3,0,0,0,0,-1,9,1
38993,77.24364124,28.66675935,5,2,5,1,5,01:20,91,E08000012,6,0,6,30,3,4,6,0,0,0,4,1,1,0,0,1,1,E01006554,26-05-2018,1,1,1,1,16,4,3,0,0,0,0,-1,9,1
38994,77.2821166,28.62602114,5,3,2,1,7,23:30,91,E08000012,6,0,1,30,2,4,5,0,0,0,4,2,2,0,0,1,1,E01006742,21-05-2018,1,2,2,1,16,4,2,0,0,1,0,-1,9,1
38995,77.2061934,28.57154254,5,3,2,1,5,13:15,91,E08000012,6,0,6,30,3,4,6,0,0,0,1,1,1,0,0,1,1,E01006755,02-06-2018,1,1,1,2,23,5,3,0,0,0,0,-1,9,1
38996,77.09340623,28.61954951,5,3,2,1,4,13:55,91,E08000012,6,0,6,30,3,4,3,561,0,0,1,1,1,0,0,1,2,E01006744,01-06-2018,2,2,1,2,27,6,3,0,0,0,0,-1,9,1
38997,77.22518702,28.62962324,5,3,1,1,4,14:20,91,E08000012,4,5174,6,30,1,4,4,5175,0,1,1,1,1,0,0,1,2,E01006675,11-05-2018,2,1,2,1,58,9,3,0,0,1,0,-1,8,-1
38998,77.34489437,28.65219467,5,3,1,1,3,17:50,91,E08000012,5,0,1,30,1,4,6,0,0,0,1,1,1,0,0,1,2,E01006631,07-06-2018,1,1,1,1,40,7,2,0,0,0,0,-1,5,1
38999,77.3688246,28.59573058,5,3,1,1,4,15:45,91,E08000012,3,561,3,30,6,4,6,0,0,4,1,1,1,0,0,1,1,E01006684,25-05-2018,1,1,2,2,19,4,3,0,0,1,0,-1,9,1
39000,77.10695068,28.61144393,5,3,2,1,2,21:00,91,E08000012,3,562,6,30,3,4,6,0,0,0,1,1,1,4,0,1,1,E01006557,23-05-2018,1,1,3,1,6,2,2,5,2,0,0,-1,0,1
39001,77.17203282,28.55721019,5,3,2,2,1,21:50,91,E08000012,5,0,6,30,6,4,5,0,0,0,4,1,1,0,0,1,1,E01006579,05-06-2018,1,1,3,2,19,4,3,5,1,0,0,-1,0,1
39002,77.17114538,28.54921592,5,3,2,1,1,13:00,91,E08000012,5,0,6,30,3,4,5,0,0,0,1,1,1,0,0,1,1,E01006522,05-06-2018,2,1,1,2,19,4,3,0,0,0,0,-1,9,1
39003,77.2145265,28.58044368,5,3,2,1,4,11:00,91,E08000012,5,0,6,30,3,4,5,0,0,0,1,1,1,0,0,1,2,E01006591,08-06-2018,2,2,2,2,19,4,3,0,0,1,0,-1,9,1
39004,77.3363051,28.63499009,5,3,1,1,3,18:40,91,E08000012,3,5058,3,40,6,2,5,0,0,5,1,1,1,0,0,1,1,E01006577,07-06-2018,2,1,1,1,35,6,3,0,0,0,0,-1,9,-1
39005,77.06624387,28.53441089,5,3,1,1,2,12:45,91,E08000012,6,0,6,30,3,4,6,0,0,0,1,1,1,0,0,1,1,E01006519,06-06-2018,2,1,1,1,31,6,3,0,0,0,0,-1,9,1
39006,77.28402937,28.63859694,5,3,2,1,2,16:20,91,E08000012,6,0,6,30,0,-1,-1,0,0,0,1,1,1,0,0,1,1,E01006674,30-05-2018,2,1,1,2,44,7,3,0,0,0,0,-1,9,1
39007,77.34387081,28.71214977,5,3,2,2,6,08:50,91,E08000012,5,0,6,30,0,-1,-1,0,0,0,1,1,1,0,0,1,1,E01006634,03-06-2018,1,2,2,2,19,4,3,0,0,1,0,-1,9,-1
39008,77.23101236,28.62569294,5,3,2,2,2,11:25,91,E08000012,4,5180,3,30,7,2,3,5058,0,0,1,1,1,0,0,1,2,E01006591,14-02-2018,2,1,1,1,19,4,3,0,0,0,0,-1,9,1
39009,77.31902004,28.60083348,5,2,1,1,1,03:10,91,E08000012,5,0,6,30,0,-1,-1,0,0,0,4,1,1,0,0,1,1,E01006577,29-05-2018,2,3,2,1,20,4,3,0,0,1,0,-1,9,1
39010,77.09580019,28.53236708,5,3,2,1,7,11:10,91,E08000012,4,5180,3,30,8,4,5,0,0,0,1,1,1,0,0,1,1,E01006689,11-06-2018,1,3,2,2,19,4,3,0,0,2,0,-1,9,-1
39011,77.12152236,28.70404793,5,3,1,1,5,13:40,91,E08000012,3,562,6,30,6,2,5,0,0,0,1,1,1,0,0,1,2,E01006538,09-06-2018,2,1,1,1,19,4,3,0,0,0,0,-1,9,1
39012,77.26236434,28.67576406,5,3,2,1,4,17:00,91,E08000012,4,5175,1,30,1,4,4,5175,0,0,1,1,1,0,0,1,1,E01006675,08-06-2018,2,2,2,2,17,4,3,0,0,1,0,-1,9,1
39013,77.12762135,28.6444255,5,2,1,1,5,00:15,91,E08000012,6,0,6,40,3,4,6,0,0,0,4,1,1,0,0,1,2,E01006589,26-05-2018,2,1,1,1,25,5,3,0,0,0,0,-1,5,1
39014,77.0938998,28.70896487,5,3,2,1,3,08:30,91,E08000012,3,561,6,40,0,-1,-1,0,0,0,1,1,1,0,0,1,2,E01006519,26-04-2018,1,1,1,1,15,3,3,0,0,0,0,-1,1,1
39015,77.13267754,28.67380002,5,3,2,3,5,08:00,91,E08000012,5,0,6,30,3,4,6,0,0,0,1,1,1,0,0,1,1,E01006771,02-06-2018,1,1,1,1,19,4,3,0,0,0,0,-1,9,1
39016,77.34919312,28.57764949,5,3,2,1,2,19:45,91,E08000012,6,0,6,30,3,4,6,0,0,0,1,1,2,0,0,1,1,E01006518,13-06-2018,1,2,2,1,66,10,2,0,0,1,0,-1,9,1
39017,77.19795303,28.55413433,5,3,2,3,2,17:45,91,E08000012,4,5342,6,30,7,2,4,5173,0,5,1,1,1,0,0,1,1,E01006549,13-06-2018,1,3,2,1,13,3,3,0,0,2,0,-1,9,1
39018,77.08766489,28.68789641,5,3,2,4,1,20:15,91,E08000012,6,0,6,30,0,-1,-1,0,0,0,1,1,1,0,0,1,2,E01006524,29-05-2018,1,4,2,2,51,8,3,0,0,2,0,-1,9,1
39019,77.18928599,28.59307598,5,3,1,1,4,10:00,91,E08000012,4,5178,6,30,6,2,4,5173,0,0,6,2,2,0,0,1,2,E01006749,15-06-2018,1,1,3,1,20,4,3,9,7,0,0,-1,0,1
39020,77.33422901,28.70930405,5,3,1,1,2,11:30,91,E08000012,5,0,6,30,0,-1,-1,0,0,0,1,1,1,0,0,1,1,E01006755,23-05-2018,2,1,1,2,22,5,3,0,0,0,0,-1,9,3
39021,77.18177286,28.65461244,5,2,2,1,6,12:00,91,E08000012,5,0,6,30,0,-1,-1,0,0,0,1,1,1,0,0,2,1,E01006739,17-06-2018,1,1,1,1,54,8,3,0,0,0,0,-1,9,1
39022,77.27092548,28.59436677,5,3,3,4,7,14:09,91,E08000012,4,5171,6,30,2,4,6,0,0,0,1,1,1,0,0,1,1,E01006794,11-06-2018,2,1,2,2,54,8,3,0,0,1,0,-1,8,-1
39023,77.16186568,28.62015546,5,3,3,3,5,19:45,91,E08000012,3,562,6,30,9,4,6,0,0,0,1,1,1,0,0,1,1,E01006550,16-06-2018,1,1,1,1,53,8,2,0,0,0,0,-1,9,1
39024,77.12459264,28.59938769,5,3,1,1,6,15:45,91,E08000012,5,0,2,30,3,4,5,0,0,0,1,1,1,0,0,1,1,E01006586,10-06-2018,1,2,3,2,11,3,2,7,9,0,0,-1,0,1
39025,77.33159685,28.56913344,5,3,2,2,1,18:45,91,E08000012,6,0,6,30,3,4,6,0,0,0,1,1,1,0,0,1,1,E01006678,19-06-2018,1,3,3,2,11,3,3,7,9,0,0,-1,0,1
39026,77.23744095,28.64627963,5,3,2,3,1,16:50,91,E08000012,4,5342,6,30,3,4,4,5174,0,0,1,2,2,0,0,1,1,E01006520,19-06-2018,1,1,1,2,27,6,3,0,0,0,0,-1,9,1
39027,77.11132692,28.6370053,5,3,2,1,4,12:34,91,E08000012,3,562,3,30,6,4,5,0,0,0,1,1,1,0,0,1,1,E01006597,22-06-2018,2,1,1,1,36,7,3,0,0,0,0,-1,9,1
39028,77.08873654,28.63258246,5,3,2,2,2,16:15,91,E08000012,3,561,3,30,0,-1,-1,0,0,0,1,1,1,0,0,1,1,E01006743,20-06-2018,2,1,1,2,25,5,3,0,0,0,0,-1,9,1
39029,77.19935815,28.6633967,5,3,2,1,6,13:35,91,E08000012,3,562,6,30,3,4,5,0,0,0,1,1,1,0,0,1,1,E01006514,17-06-2018,2,2,2,2,19,4,3,0,0,1,0,-1,9,1
39030,77.18799529,28.5687385,5,3,3,2,2,23:55,91,E08000012,6,0,6,30,3,4,6,0,0,0,4,1,1,0,0,1,1,E01006530,20-06-2018,2,1,2,2,44,7,3,0,0,2,0,-1,8,1
39031,77.350552,28.71657833,5,3,2,2,2,22:40,91,E08000012,4,5173,6,30,6,4,6,0,0,0,4,1,1,0,0,1,1,E01006679,20-06-2018,2,2,2,1,17,4,3,0,0,2,0,-1,8,1
39032,77.24796999,28.68165139,5,3,2,3,3,17:40,91,E08000012,3,562,3,40,6,2,5,0,0,4,1,1,1,0,0,1,1,E01006538,21-06-2018,1,1,3,2,31,6,3,5,1,0,0,-1,0,1
39033,77.28982161,28.69882325,5,3,1,1,4,23:25,91,E08000012,3,562,6,30,3,4,6,0,0,0,4,1,1,0,0,1,1,E01006550,22-06-2018,1,1,1,1,45,7,2,0,0,0,0,-1,5,3
39034,77.09409741,28.64617468,5,2,2,1,1,13:15,91,E08000012,3,5058,3,40,6,2,3,5058,0,0,1,1,1,0,0,1,1,E01006592,19-06-2018,2,1,1,2,30,6,3,0,0,0,0,-1,9,2
39035,77.13909872,28.67688353,5,3,2,1,5,12:20,91,E08000012,4,5174,6,30,6,4,6,0,0,0,1,1,1,0,0,1,1,E01006679,16-06-2018,1,1,1,1,23,5,2,0,0,0,0,-1,9,1
39036,77.28879667,28.64551717,5,3,1,1,4,19:04,91,E08000012,6,0,6,30,3,4,6,0,0,0,1,1,1,0,0,1,1,E01006517,22-06-2018,1,4,2,1,32,6,2,0,0,1,0,-1,9,1
39037,77.27638825,28.65557763,5,3,2,1,3,08:00,91,E08000012,6,0,6,30,3,4,6,0,0,0,1,1,1,4,0,1,2,E01006793,07-06-2018,2,2,1,1,55,8,3,0,0,0,0,-1,11,1
39038,77.30281029,28.5745018,5,3,2,1,5,07:50,91,E08000012,3,561,1,40,1,4,6,0,0,0,1,1,1,0,0,1,2,E01006743,23-06-2018,2,3,2,2,55,8,3,0,0,0,4,-1,11,1
39039,77.31325468,28.59929575,5,2,3,3,7,20:40,91,E08000012,4,5173,6,30,6,2,3,562,0,0,1,1,1,0,0,1,1,E01006752,25-06-2018,2,1,1,2,21,5,3,0,0,0,0,-1,9,1
39040,77.12520668,28.62510251,5,3,1,1,7,10:55,91,E08000012,3,562,6,30,3,4,6,0,0,0,1,1,1,0,0,1,1,E01006556,25-06-2018,2,2,2,2,20,4,3,0,0,1,0,-1,9,1
39041,77.16787679,28.60695374,5,3,3,4,3,12:10,91,E08000012,3,5056,6,30,6,4,6,0,0,0,1,1,1,3,0,1,1,E01006595,21-06-2018,2,1,1,2,49,8,3,0,0,0,0,-1,9,1
39042,77.17456761,28.72287552,5,2,2,1,7,14:45,91,E08000012,3,561,3,30,0,-1,-1,0,0,5,1,1,1,0,0,1,1,E01006628,04-06-2018,1,1,3,2,80,11,3,5,2,0,0,-1,0,1
39043,77.20333441,28.63082301,5,2,3,1,1,22:30,91,E08000012,6,0,3,30,3,4,6,0,0,0,4,1,1,0,0,1,1,E01006590,03-07-2018,2,1,2,2,16,4,3,0,0,0,4,-1,11,1
39044,77.16439745,28.56045105,5,3,1,1,7,21:00,91,E08000012,6,0,6,30,3,4,4,5178,0,0,1,1,1,0,0,1,2,E01006725,25-06-2018,2,1,1,1,52,8,3,0,0,0,0,-1,11,1
39045,77.22061125,28.57801741,5,2,1,1,7,18:30,91,E08000012,6,0,6,30,3,2,6,0,0,0,1,1,1,0,0,1,1,E01006674,11-06-2018,2,1,2,2,61,9,3,0,0,2,0,-1,8,-1
39046,77.33612552,28.58368829,5,3,3,2,4,20:00,91,E08000012,3,561,3,30,6,2,6,0,0,0,1,1,1,0,0,1,1,E01006519,22-06-2018,2,1,1,2,43,7,3,0,0,0,0,-1,9,1
39047,77.25131108,28.63237109,5,3,2,1,6,22:00,91,E08000012,6,0,6,30,3,4,6,0,0,0,4,1,1,0,0,1,2,E01006596,10-06-2018,2,1,2,1,8,2,3,0,0,2,0,-1,9,1
39048,77.10056063,28.68665806,5,3,2,1,3,17:30,91,E08000012,4,5178,6,30,6,2,6,0,0,4,1,1,1,0,0,1,2,E01006721,14-06-2018,1,1,3,1,50,8,3,4,1,0,0,-1,0,1
39049,77.08855889,28.72718919,5,3,1,1,6,08:10,91,E08000012,6,0,6,30,3,4,4,5178,0,0,1,1,1,0,0,1,2,E01006728,01-07-2018,2,1,1,1,24,5,3,0,0,0,0,-1,9,1
39050,77.24293242,28.71914379,5,3,1,1,4,13:30,91,E08000012,3,5089,6,30,9,4,4,5175,0,0,1,1,1,0,0,1,2,E01006551,22-06-2018,2,1,2,2,48,8,3,0,0,1,0,-1,9,1
39051,77.09237728,28.720788,5,3,2,2,1,13:25,91,E08000012,6,0,6,30,6,4,6,0,0,0,1,1,1,0,0,1,1,E01006592,03-07-2018,1,1,1,1,26,6,2,0,0,0,0,-1,9,-1
39052,77.23012808,28.62534753,5,3,2,4,7,14:42,91,E08000012,6,0,6,30,6,2,6,0,0,0,1,1,1,0,0,1,1,E01006594,02-07-2018,1,3,2,1,27,6,2,0,0,2,0,-1,9,-1
39053,77.24981865,28.6584444,5,2,2,1,7,12:30,91,E08000012,6,0,6,30,0,-1,-1,0,0,0,1,1,1,0,0,1,1,E01006751,02-07-2018,2,2,1,1,48,8,2,0,0,0,0,-1,8,-1
39054,77.3537026,28.58155819,5,3,2,1,1,04:00,91,E08000012,3,562,6,30,3,4,6,0,0,0,1,1,1,0,0,1,1,E01006556,26-06-2018,1,1,1,2,19,4,3,0,0,0,0,-1,9,1
39055,77.0640854,28.63396988,5,3,2,1,7,14:45,91,E08000012,3,5275,6,30,6,4,5,0,0,0,1,1,1,0,0,1,1,E01006537,25-06-2018,2,2,1,2,43,7,3,0,0,0,0,-1,9,1
39056,77.138489,28.72534817,5,3,1,1,7,03:20,91,E08000012,5,0,3,40,3,4,5,0,0,0,1,1,1,0,0,2,1,E01006741,25-06-2018,2,1,1,1,32,6,3,0,0,0,0,-1,9,1
39057,77.30466987,28.60796375,5,3,2,2,7,10:45,91,E08000012,6,0,3,30,0,-1,-1,0,0,0,1,1,1,0,0,1,1,E01006755,02-07-2018,1,1,1,2,35,6,3,0,0,0,0,-1,9,2
39058,77.16615875,28.57784773,5,3,2,1,2,14:30,91,E08000012,5,0,3,30,5,4,6,0,0,0,1,1,1,0,0,1,1,E01006537,20-06-2018,2,1,1,2,19,4,3,0,0,0,0,-1,9,1
39059,77.10924051,28.65185866,5,3,3,2,5,19:55,91,E08000012,3,562,6,30,3,4,6,0,0,0,1,1,1,0,0,1,1,E01006556,07-07-2018,2,1,2,2,-1,-1,3,0,0,1,0,-1,9,-1
39060,77.07625694,28.69240862,5,3,1,1,7,13:40,91,E08000012,4,5178,6,30,6,4,6,0,0,0,1,1,1,0,0,1,2,E01006721,02-07-2018,1,1,1,1,26,6,2,0,0,0,0,-1,9,-1
39061,77.07358253,28.61276999,5,2,1,1,4,17:30,91,E08000012,6,0,3,30,0,-1,-1,0,0,0,1,1,1,0,0,1,2,E01006797,29-06-2018,2,1,1,1,56,9,3,0,0,0,0,-1,1,1
39062,77.22807373,28.6033094,5,3,2,1,6,16:00,91,E08000012,6,0,6,30,0,-1,-1,0,0,0,1,1,1,0,2,1,1,E01006792,01-07-2018,1,1,1,1,18,4,3,0,0,0,0,-1,9,2
39063,77.20642089,28.56859559,5,3,2,4,2,23:15,91,E08000012,4,5178,6,30,6,2,6,0,0,0,4,1,1,0,0,1,1,E01006580,04-07-2018,2,2,1,1,52,8,3,0,0,0,0,-1,9,1
39064,77.07493015,28.60747638,5,3,2,2,6,10:45,91,E08000012,3,561,1,30,1,4,6,0,0,0,1,1,1,0,0,1,1,E01006743,08-07-2018,2,1,1,1,22,5,3,0,0,0,0,-1,9,1
39065,77.20765995,28.56293917,5,3,1,1,5,09:40,91,E08000012,6,0,6,30,3,4,6,0,0,5,1,1,1,0,0,1,2,E01006745,30-06-2018,1,1,1,2,49,8,3,0,0,0,0,-1,9,1
39066,77.35083141,28.67727408,5,3,2,1,7,18:10,91,E08000012,4,5171,6,30,3,4,6,0,0,0,1,1,1,0,0,1,2,E01006709,18-06-2018,1,5,2,2,20,4,3,0,0,1,0,-1,9,1
39067,77.14830894,28.56930728,5,3,2,2,1,11:38,91,E08000012,6,0,1,30,1,1,6,0,0,0,1,1,1,0,0,1,2,E01006586,26-06-2018,2,2,1,1,18,4,3,0,0,0,0,-1,9,1
39068,77.35819231,28.55605521,5,3,1,1,7,18:45,91,E08000012,3,562,6,30,3,4,6,0,0,0,1,1,1,0,0,1,1,E01006557,09-07-2018,2,4,2,2,27,6,3,0,0,1,0,-1,9,1
39069,77.15373654,28.66861723,5,3,1,1,2,15:15,91,E08000012,3,5089,6,30,3,4,6,0,0,4,1,1,1,0,0,1,1,E01006674,18-07-2018,3,3,1,2,59,9,3,0,0,0,0,-1,9,1
39070,77.14132215,28.69436122,5,3,2,1,6,14:55,91,E08000012,6,0,6,30,2,4,4,5171,0,0,1,1,1,0,0,1,2,E01006794,01-07-2018,1,1,3,2,18,4,3,5,4,0,0,-1,0,1
39071,77.14767001,28.70225984,5,3,2,4,3,02:35,91,E08000012,6,0,6,30,6,4,6,0,0,4,4,1,1,0,0,1,1,E01006751,12-07-2018,1,1,3,1,29,6,3,4,3,0,0,-1,0,-1
39072,77.2918462,28.54560385,5,3,4,11,7,14:00,91,E08000012,3,567,6,30,3,4,6,0,0,0,1,1,1,0,0,1,1,E01006557,09-07-2018,2,1,2,1,15,3,3,0,0,1,0,-1,9,1
39073,77.11053537,28.667709,5,3,2,1,4,15:00,90,E08000011,6,0,6,30,0,-1,-1,0,0,0,1,1,1,0,0,1,1,E01006504,06-07-2018,1,1,2,2,19,4,3,0,0,1,0,-1,9,1
39074,77.2670771,28.5890125,5,3,2,1,3,09:00,91,E08000012,3,562,3,40,6,2,4,5171,0,0,1,1,1,0,0,1,1,E01006535,12-07-2018,1,1,3,1,14,3,3,10,3,0,0,-1,0,1
39075,77.35224578,28.66513744,5,3,2,1,7,12:05,91,E08000012,3,5089,6,30,3,4,6,0,0,0,1,1,1,0,0,1,1,E01006674,16-07-2018,1,1,3,2,84,11,3,3,4,0,0,-1,0,1
39076,77.33246204,28.67210367,5,3,3,2,2,15:30,91,E08000012,3,561,3,60,6,2,3,5275,0,0,1,2,2,0,0,1,2,E01006743,18-07-2018,2,1,2,2,71,10,3,0,0,1,0,-1,9,1
39077,77.28793732,28.55523804,5,3,2,1,1,23:15,91,E08000012,4,5173,6,30,6,2,4,5175,0,5,4,2,2,0,0,1,1,E01006675,24-07-2018,2,1,2,2,36,7,3,0,0,1,0,-1,9,-1
39078,77.12131005,28.67505141,5,3,2,1,6,18:55,91,E08000012,5,0,3,30,6,2,5,0,0,4,1,1,1,0,0,1,1,E01006683,22-07-2018,1,1,1,1,78,11,3,0,0,0,0,-1,9,1