Accident_Index,longitude,latitude,Police_Force,Accident_Severity,Number_of_Vehicles,Number_of_Casualties,Day_of_Week,Time,Local_Authority_(District),Local_Authority_(Highway),1st_Road_Class,1st_Road_Number,Road_Type,Speed_limit,Junction_Detail,Junction_Control,2nd_Road_Class,2nd_Road_Number,Pedestrian_Crossing-Human_Control,Pedestrian_Crossing-Physical_Facilities,Light_Conditions,Weather_Conditions,Road_Surface_Conditions,Special_Conditions_at_Site,Carriageway_Hazards,Urban_or_Rural_Area,Did_Police_Officer_Attend_Scene_of_Accident,LSOA_of_Accident_Location,Date,Vehicle_Reference,Casualty_Reference,Casualty_Class,Sex_of_Casualty,Age_of_Casualty,Age_Band_of_Casualty,Casualty_Severity,Pedestrian_Location,Pedestrian_Movement,Car_Passenger,Bus_or_Coach_Passenger,Pedestrian_Road_Maintenance_Worker,Casualty_Type,Casualty_Home_Area_Type
39200,77.24801043,28.6426094,6,3,2,1,6,16:05,102,E08000003,3,62,6,30,9,2,4,6393,0,5,1,8,1,0,0,1,1,E01005257,06-05-2018,1,3,2,2,19,4,3,0,0,2,0,-1,9,-1
39201,77.35028307,28.56232938,6,3,2,1,1,11:05,102,E08000003,4,6180,6,30,6,4,6,0,0,0,1,1,1,0,0,1,1,E01005147,08-05-2018,2,1,1,1,38,7,2,0,0,0,0,-1,5,-1
39202,77.17779161,28.70621237,6,3,1,1,2,16:50,102,E08000003,6,0,6,30,0,-1,-1,0,0,0,1,1,1,0,0,1,1,E01005223,09-05-2018,2,2,2,2,43,7,3,0,0,0,0,-1,5,1
39203,77.18049294,28.65241912,6,3,2,1,3,17:40,102,E08000003,6,0,6,30,3,4,6,0,0,0,1,2,2,0,0,1,1,E01005149,26-04-2018,1,1,1,1,70,10,2,0,0,0,0,-1,9,1
39204,77.2517104,28.56929026,6,3,2,2,5,16:45,102,E08000003,3,635,3,30,6,2,3,665,0,8,1,2,2,0,0,1,1,E01005065,05-05-2018,2,1,1,1,38,7,3,0,0,0,0,-1,9,1
39205,77.27594444,28.63443245,6,3,1,1,2,11:15,102,E08000003,3,635,6,30,3,4,6,0,0,0,1,1,1,0,0,1,2,E01005107,09-05-2018,2,1,1,1,51,8,3,0,0,0,0,-1,19,1
39206,77.2518092,28.63952163,6,3,1,2,3,18:10,102,E08000003,3,34,3,30,9,4,6,0,0,0,1,1,1,0,0,1,1,E01005128,10-05-2018,2,1,1,2,40,7,3,0,0,0,0,-1,9,1
39207,77.15456256,28.62344229,6,3,2,1,3,18:34,102,E08000003,5,0,6,30,0,-1,-1,0,0,0,1,1,1,4,0,1,1,E01005252,10-05-2018,2,1,1,1,41,7,3,0,0,0,0,-1,9,1
39208,77.35582452,28.57739291,6,2,1,1,7,08:05,102,E08000003,3,56,6,30,6,2,6,0,0,5,1,2,2,0,0,1,1,E01005131,07-05-2018,2,2,2,2,16,4,3,0,0,1,0,-1,9,1
39209,77.24719837,28.58613161,6,3,1,1,1,00:50,102,E08000003,6,0,6,30,3,2,3,6042,0,5,4,1,1,4,0,1,1,E01005131,08-05-2018,1,1,1,1,20,4,3,0,0,0,0,-1,9,1
39210,77.23324737,28.65091621,6,2,2,2,1,13:57,102,E08000003,3,576,3,40,6,2,6,0,0,5,1,1,1,0,0,2,1,E01005160,08-05-2018,1,2,2,1,20,4,3,0,0,1,0,-1,9,-1
39211,77.09691681,28.64751109,6,3,2,1,3,18:10,102,E08000003,3,5103,1,30,1,4,3,57,0,0,1,1,1,0,0,1,2,E01005127,10-05-2018,1,1,1,1,48,8,3,0,0,0,0,-1,9,1
39212,77.21341622,28.71314287,6,3,2,1,4,09:40,102,E08000003,6,0,6,30,7,4,5,0,0,0,1,1,1,0,0,1,2,E01005104,11-05-2018,1,1,1,2,22,5,3,0,0,0,0,-1,9,1
39213,77.11055006,28.72752774,6,3,2,1,7,13:00,102,E08000003,3,6,3,30,9,2,4,6469,0,0,1,1,1,0,0,1,2,E01005134,07-05-2018,3,2,1,1,59,9,3,0,0,0,0,-1,9,3
39214,77.36395173,28.68299877,6,3,1,1,3,11:33,102,E08000003,3,664,6,30,3,4,6,0,0,4,1,1,1,0,0,1,1,E01005205,10-05-2018,1,1,3,1,2,1,3,10,2,0,0,-1,0,1
39215,77.36486381,28.64887288,6,3,2,1,4,20:26,102,E08000003,6,0,6,30,7,4,6,0,0,0,1,1,1,0,0,1,1,E01005202,11-05-2018,1,1,3,1,3,1,3,5,1,0,0,-1,0,-1
39216,77.36962754,28.64065638,6,3,2,1,5,18:30,102,E08000003,6,0,6,30,0,-1,-1,0,0,0,1,1,1,0,0,1,1,E01005258,12-05-2018,2,1,2,2,63,9,3,0,0,1,0,-1,9,1
39217,77.08825564,28.68664307,6,3,2,5,7,12:40,102,E08000003,6,0,6,30,6,4,6,0,0,0,1,1,1,0,0,1,1,E01005131,14-05-2018,1,1,1,1,21,5,3,0,0,0,0,-1,9,-1
39218,77.24106895,28.57128638,6,3,2,1,7,21:55,102,E08000003,5,0,6,30,9,4,6,0,0,0,4,1,1,0,0,1,2,E01005095,14-05-2018,1,3,2,2,17,4,3,0,0,1,0,-1,9,1
39219,77.26717714,28.55274606,6,3,1,4,1,01:10,102,E08000003,3,56,6,30,3,4,6,0,0,5,4,1,1,0,6,1,2,E01005131,08-05-2018,1,4,2,2,24,5,3,0,0,2,0,-1,9,1
39220,77.2264308,28.68002449,6,3,1,1,7,02:30,102,E08000003,6,0,6,30,9,4,3,56,0,0,4,1,1,0,0,1,2,E01005127,07-05-2018,1,1,1,1,24,5,2,0,0,0,0,-1,9,-1
39221,77.07699709,28.54745811,6,3,2,3,2,23:10,102,E08000003,3,34,3,30,5,4,3,57,0,0,4,1,1,0,0,1,1,E01005128,09-05-2018,1,2,2,2,18,4,2,0,0,1,0,-1,9,1
39222,77.31543558,28.61478779,6,3,2,1,3,14:58,102,E08000003,3,34,6,30,6,2,3,6042,0,4,1,1,1,0,0,1,1,E01005127,17-05-2018,2,1,1,1,29,6,3,0,0,0,0,-1,9,1
39223,77.29002818,28.69726457,6,3,1,1,4,17:04,102,E08000003,6,0,6,30,9,4,6,0,0,0,1,1,1,0,0,1,1,E01005103,11-05-2018,3,2,1,1,27,6,3,0,0,0,0,-1,9,1
39224,77.31505975,28.71495384,6,3,2,2,5,12:05,102,E08000003,5,0,6,30,6,4,6,0,0,0,1,1,1,3,0,1,1,E01005127,12-05-2018,3,3,2,2,21,5,3,0,0,1,0,-1,9,1
39225,77.13528534,28.61443241,6,2,1,1,3,17:40,102,E08000003,3,6042,6,30,0,-1,-1,0,0,4,1,1,1,0,0,1,1,E01005131,10-05-2018,1,1,1,1,16,4,3,0,0,0,0,-1,3,1
39226,77.34016514,28.54669569,6,3,1,1,2,02:50,102,E08000003,3,57,3,40,6,2,4,5225,0,5,4,1,1,0,0,1,1,E01005211,09-05-2018,2,1,1,1,30,6,3,0,0,0,0,-1,1,1
39227,77.17408583,28.6635049,6,3,2,1,7,20:05,102,E08000003,3,662,6,30,3,4,6,0,0,8,1,1,1,0,0,1,1,E01005106,14-05-2018,2,1,1,1,22,5,2,0,0,0,0,-1,5,3
39228,77.20236967,28.57590231,6,3,2,1,1,16:00,102,E08000003,6,0,6,30,9,4,6,0,0,0,1,1,1,0,0,1,2,E01005255,15-05-2018,2,1,1,2,30,6,3,0,0,0,0,-1,19,1
39229,77.11500533,28.60383808,6,3,2,4,1,19:23,102,E08000003,3,664,6,30,6,2,3,6104,0,5,1,1,1,0,0,1,1,E01005135,15-05-2018,2,1,1,1,10,2,3,0,0,0,0,-1,1,1
39230,77.37097451,28.64665585,6,3,2,3,1,14:38,102,E08000003,3,635,6,30,6,2,6,0,0,0,1,1,1,0,0,1,1,E01005107,15-05-2018,1,1,1,1,16,4,3,0,0,0,0,-1,2,1
39231,77.27235177,28.64013722,6,3,2,1,4,15:40,102,E08000003,3,665,3,30,6,4,4,6180,0,0,1,1,1,0,0,1,2,E01005142,18-05-2018,2,2,1,2,63,9,3,0,0,0,0,-1,9,1
39232,77.24220121,28.57608222,6,3,2,1,2,14:16,102,E08000003,3,34,2,30,3,4,6,0,0,0,1,2,2,0,0,1,2,E01005127,16-05-2018,2,1,2,2,20,4,3,0,0,1,0,-1,9,1
39233,77.34407303,28.58496858,6,3,1,1,3,20:00,102,E08000003,6,0,9,30,9,4,5,0,0,0,1,1,1,0,0,1,2,E01005164,17-05-2018,2,2,2,2,20,4,3,0,0,1,0,-1,9,1
39234,77.27189982,28.71790666,6,3,1,1,5,02:30,102,E08000003,3,34,6,30,3,4,5,0,0,0,4,1,2,0,0,1,2,E01005128,19-05-2018,2,1,1,1,28,6,2,0,0,0,0,-1,9,1
39235,77.34237409,28.65050195,6,3,1,1,4,12:30,102,E08000003,3,56,9,30,0,-1,-1,0,0,8,1,1,1,0,0,1,2,E01005131,18-05-2018,2,1,1,1,19,4,3,0,0,0,0,-1,9,2
39236,77.32993231,28.7086204,6,3,1,1,2,15:45,102,E08000003,3,6104,6,30,0,-1,-1,0,0,8,1,1,1,0,0,1,1,E01005139,23-05-2018,2,1,1,2,28,6,3,0,0,0,0,-1,9,-1
39237,77.26541707,28.68185663,6,3,2,1,5,19:25,102,E08000003,6,0,6,30,3,4,6,0,0,0,1,1,1,0,0,1,1,E01005136,19-05-2018,2,3,2,2,61,9,3,0,0,2,0,-1,9,-1
39238,77.24986266,28.61303963,6,3,2,1,6,08:58,102,E08000003,6,0,2,30,6,3,6,0,0,0,1,1,1,0,0,1,2,E01005134,20-05-2018,2,4,2,2,26,6,3,0,0,2,0,-1,9,-1
39239,77.2535146,28.55149403,6,2,1,1,6,16:30,102,E08000003,6,0,6,30,0,-1,-1,0,0,0,1,1,1,0,0,1,1,E01005138,20-05-2018,3,2,1,1,31,6,3,0,0,0,0,-1,9,1
39240,77.32985318,28.60326343,6,3,3,2,7,18:20,102,E08000003,5,0,6,30,3,2,6,0,0,0,1,2,2,0,0,1,1,E01005167,21-05-2018,2,1,2,2,11,3,3,0,0,1,0,-1,9,1
39241,77.07231928,28.6125057,6,3,3,1,2,02:06,102,E08000003,6,0,6,30,6,4,6,0,0,0,4,1,1,3,0,1,1,E01005134,23-05-2018,2,1,1,1,59,9,3,0,0,0,0,-1,9,1
39242,77.29569074,28.70351038,6,3,2,1,7,13:40,102,E08000003,3,665,6,30,3,2,5,0,0,5,1,2,2,0,0,1,1,E01005142,21-05-2018,2,2,2,2,60,9,3,0,0,1,0,-1,9,1
39243,77.22619812,28.59686953,6,3,2,4,1,01:05,102,E08000003,3,665,6,30,6,2,5,0,0,4,4,4,2,0,0,1,1,E01005147,22-05-2018,1,1,1,1,66,10,3,0,0,0,0,-1,90,1
39244,77.29146795,28.66012889,6,3,2,1,7,04:30,102,E08000003,6,0,6,30,6,4,6,0,0,0,4,2,2,0,0,1,2,E01005131,30-04-2018,2,1,1,1,52,8,3,0,0,0,0,-1,19,2
39245,77.34929251,28.68503317,6,3,2,1,4,13:40,102,E08000003,3,6,6,30,6,4,6,0,0,4,1,1,1,0,0,1,1,E01005131,18-05-2018,1,1,1,2,16,4,3,0,0,0,0,-1,2,1
39246,77.21370251,28.66037115,6,3,2,1,1,12:15,102,E08000003,3,576,3,30,9,4,6,0,0,0,1,2,2,0,0,2,2,E01005160,22-05-2018,2,1,1,1,25,5,3,0,0,0,0,-1,9,1
39247,77.3032331,28.60846633,6,3,2,1,4,07:10,102,E08000003,4,6393,1,30,1,2,3,6104,0,0,1,2,2,0,0,1,2,E01005137,25-05-2018,1,1,3,2,12,3,3,4,2,0,0,-1,0,-1
39248,77.36649561,28.62932956,6,3,3,1,4,09:01,102,E08000003,5,0,6,30,0,-1,-1,0,0,5,1,2,2,0,0,1,1,E01005224,25-05-2018,2,1,1,1,31,6,3,0,0,0,0,-1,1,1
39249,77.31751453,28.72071364,6,3,2,1,7,06:45,102,E08000003,3,62,3,30,3,4,5,0,0,0,1,1,1,0,0,1,1,E01005257,21-05-2018,2,1,1,1,21,5,3,0,0,0,0,-1,9,3
39250,77.22389273,28.66420646,6,3,2,1,6,13:30,102,E08000003,6,0,6,30,0,-1,-1,0,0,0,1,1,1,0,0,1,1,E01005108,27-05-2018,2,1,1,1,67,10,3,0,0,0,0,-1,9,1
39251,77.31388473,28.7144476,6,3,2,1,2,19:00,102,E08000003,5,0,6,30,3,4,5,0,0,0,1,1,1,0,0,1,2,E01005249,23-05-2018,2,1,1,2,36,7,3,0,0,0,0,-1,9,-1
39252,77.16291314,28.62973897,6,3,2,1,1,20:55,102,E08000003,3,6010,3,30,0,-1,-1,0,0,0,1,1,1,0,0,1,1,E01005257,29-05-2018,2,2,2,2,9,2,3,0,0,1,0,-1,9,2
39253,77.06616458,28.68561585,6,3,2,2,2,21:00,102,E08000003,3,56,3,30,6,2,3,34,0,0,5,1,1,0,0,1,1,E01005131,30-05-2018,1,1,1,1,29,6,3,0,0,0,0,-1,3,1
39254,77.19103841,28.55359331,6,2,1,1,4,01:05,102,E08000003,6,0,6,30,6,4,6,0,0,0,4,1,1,0,0,1,1,E01005134,25-05-2018,1,1,1,1,16,4,3,0,0,0,0,-1,9,1
39255,77.31921676,28.60913525,6,2,2,2,5,18:30,102,E08000003,6,0,6,30,6,4,6,0,0,0,1,1,1,0,0,1,1,E01005139,26-05-2018,1,1,1,2,46,8,3,0,0,0,0,-1,9,1
39256,77.30376517,28.71049376,6,3,1,1,4,16:10,102,E08000003,6,0,2,30,9,2,6,0,0,5,1,1,1,0,0,1,1,E01005131,25-05-2018,2,2,1,2,41,7,3,0,0,0,0,-1,9,1
39257,77.19566985,28.57412144,6,3,2,2,4,17:45,102,E08000003,3,664,6,30,6,4,6,0,0,0,1,1,1,0,0,1,1,E01005136,18-05-2018,2,3,2,2,15,3,3,0,0,1,0,-1,9,1
39258,77.3497339,28.61410194,6,3,2,1,7,17:55,102,E08000003,6,0,6,30,3,4,6,0,0,0,1,1,2,0,0,1,1,E01005131,21-05-2018,1,1,3,1,25,5,3,6,9,0,0,-1,0,1
39259,77.17144733,28.67238453,6,3,2,3,7,21:40,102,E08000003,6,0,1,30,1,4,6,0,0,0,4,2,2,0,0,1,2,E01005227,21-05-2018,1,1,1,1,41,7,3,0,0,0,0,-1,9,1
39260,77.23757317,28.54150082,6,3,2,1,3,17:20,102,E08000003,3,662,6,30,6,2,3,6010,0,5,1,1,1,0,0,1,1,E01005106,17-05-2018,2,1,1,2,55,8,3,0,0,0,0,-1,9,2
39261,77.31433307,28.61076523,6,2,1,1,3,09:30,102,E08000003,5,0,6,30,6,4,6,0,0,0,1,1,2,0,0,1,1,E01005227,24-05-2018,2,1,1,1,36,7,3,0,0,0,0,-1,19,1
39262,77.35912521,28.65104899,6,3,2,1,6,14:00,102,E08000003,3,6,6,30,3,4,6,0,0,0,1,1,1,0,0,1,1,E01005134,27-05-2018,2,1,1,2,42,7,3,0,0,0,0,-1,9,2
39263,77.16727389,28.67712378,6,3,2,1,7,23:10,102,E08000003,6,0,2,30,6,4,6,0,0,0,4,1,1,0,0,1,1,E01005131,28-05-2018,2,1,1,1,17,4,2,0,0,0,0,-1,3,1
39264,77.31234425,28.57376605,6,3,2,1,1,06:10,102,E08000003,3,635,6,30,6,2,6,0,0,0,1,1,1,0,0,1,1,E01005107,29-05-2018,1,1,1,2,23,5,2,0,0,0,0,-1,1,-1
39265,77.30696684,28.65174135,6,3,2,1,1,13:30,102,E08000003,4,6469,6,30,6,2,3,34,0,4,1,1,1,0,0,1,1,E01005127,29-05-2018,1,1,1,2,65,9,3,0,0,0,0,-1,9,1
39266,77.07534928,28.58782348,6,3,2,1,6,17:10,102,E08000003,6,0,6,30,3,4,6,0,0,0,1,1,1,0,0,1,1,E01005106,27-05-2018,2,2,1,1,53,8,3,0,0,0,0,-1,9,1
39267,77.23452044,28.70008294,6,3,1,1,2,13:50,102,E08000003,6,0,9,30,0,-1,-1,0,0,0,1,1,1,0,0,1,2,E01005131,30-05-2018,1,1,1,1,26,6,2,0,0,0,0,-1,9,1
39268,77.35190389,28.67750599,6,3,1,1,2,18:38,102,E08000003,3,665,3,30,9,4,6,0,0,0,1,1,1,0,0,1,1,E01005131,30-05-2018,2,1,1,1,45,7,3,0,0,0,0,-1,9,1
39269,77.31932863,28.60862161,6,3,3,1,4,16:30,102,E08000003,3,665,6,30,3,4,6,0,0,0,1,1,1,0,0,1,2,E01005142,25-05-2018,2,1,1,1,35,6,3,0,0,0,0,-1,9,1
39270,77.07790751,28.61219101,6,3,1,1,3,14:15,102,E08000003,6,0,9,30,9,4,3,62,0,0,1,9,1,0,0,1,2,E01005129,31-05-2018,2,2,2,2,34,6,3,0,0,1,0,-1,9,1
39271,77.28869784,28.68223621,6,3,2,1,6,17:36,102,E08000003,3,665,6,30,3,4,6,0,0,4,1,1,1,0,0,1,1,E01005145,27-05-2018,2,3,2,1,11,3,3,0,0,2,0,-1,9,1
39272,77.26223983,28.7032585,6,2,1,1,3,21:40,102,E08000003,3,6,6,30,6,2,3,34,0,5,1,1,1,0,0,1,1,E01005127,31-05-2018,1,1,1,1,15,3,3,0,0,0,0,-1,1,1
39273,77.09350231,28.62303282,6,3,2,2,4,17:10,102,E08000003,3,665,6,30,3,4,5,0,0,4,1,2,2,0,0,1,1,E01005131,01-06-2018,1,1,1,2,27,6,3,0,0,0,0,-1,9,1
39274,77.11190602,28.7275482,6,3,1,1,2,00:10,102,E08000003,3,6104,6,30,3,4,6,0,0,0,4,1,1,0,0,1,1,E01005103,30-05-2018,1,3,2,2,15,3,3,0,0,1,0,-1,9,1
39275,77.16189707,28.72016903,6,3,2,1,3,10:00,102,E08000003,6,0,6,30,3,4,3,665,0,0,1,1,1,0,0,1,1,E01005131,31-05-2018,2,2,1,2,35,6,3,0,0,0,0,-1,9,1
39276,77.14451036,28.64117962,6,3,1,1,3,14:00,102,E08000003,6,0,6,30,5,4,6,0,0,0,1,1,1,0,0,1,2,E01005149,31-05-2018,2,4,2,2,18,4,3,0,0,1,0,-1,9,1
39277,77.20447035,28.66088997,6,3,1,1,3,17:22,102,E08000003,3,6,3,30,3,4,6,0,0,0,1,1,1,0,6,1,2,E01005134,31-05-2018,2,1,2,1,15,3,2,0,0,2,0,-1,3,1
39278,77.18939593,28.55970016,6,3,1,1,4,14:10,102,E08000003,3,6010,6,30,6,2,3,665,0,5,1,2,2,0,0,1,1,E01005147,01-06-2018,2,2,2,1,16,4,3,0,0,2,0,-1,3,1
39279,77.1965223,28.58068022,6,3,2,2,4,18:00,102,E08000003,5,0,6,30,6,4,6,0,0,0,1,1,2,0,0,1,1,E01005258,01-06-2018,2,1,1,2,26,6,3,0,0,0,0,-1,9,1
39280,77.15614099,28.69963645,6,3,1,1,5,15:40,102,E08000003,6,0,6,30,0,-1,-1,0,0,0,1,1,1,0,0,1,1,E01005142,02-06-2018,2,1,1,1,44,7,3,0,0,0,0,-1,9,-1
39281,77.37129718,28.55501436,6,3,2,2,5,18:30,102,E08000003,3,62,3,30,9,4,5,0,0,0,1,1,1,0,0,1,1,E01005130,02-06-2018,1,1,1,2,26,6,3,0,0,0,0,-1,9,1
39282,77.19597545,28.66594619,6,3,2,1,5,16:40,102,E08000003,3,576,6,30,6,2,3,665,0,5,1,1,1,0,0,1,1,E01005646,02-06-2018,2,2,1,1,25,5,3,0,0,0,0,-1,9,1
39283,77.13241648,28.59860415,6,3,2,1,5,17:30,101,E08000002,3,56,6,30,9,4,6,0,0,0,1,1,1,0,0,1,2,E01005036,02-06-2018,1,1,3,1,42,7,3,9,9,0,0,-1,0,1
39284,77.28867753,28.56011076,6,2,1,1,5,14:50,102,E08000003,3,665,6,30,0,-1,-1,0,0,0,1,1,2,0,0,1,1,E01005145,02-06-2018,1,1,1,1,16,4,3,0,0,0,0,-1,2,1
39285,77.26104909,28.54831271,6,3,3,2,5,16:50,102,E08000003,3,56,6,30,9,4,6,0,0,0,1,1,1,0,0,1,1,E01005148,02-06-2018,2,1,1,1,40,7,3,0,0,0,0,-1,19,1
39286,77.24732653,28.54893373,6,3,1,2,6,23:30,102,E08000003,3,34,3,30,6,2,6,0,0,0,4,1,2,0,0,1,1,E01005128,03-06-2018,2,1,1,1,42,7,3,0,0,0,0,-1,9,1
39287,77.31867843,28.70263438,6,3,2,1,6,03:05,102,E08000003,3,664,6,30,3,2,5,0,0,0,4,1,1,0,0,1,1,E01005140,03-06-2018,1,1,3,1,50,8,3,4,3,0,0,-1,0,1
39288,77.24737998,28.63320855,6,3,2,1,6,15:15,102,E08000003,4,6393,6,30,3,4,6,0,0,4,1,1,1,0,0,1,1,E01005225,03-06-2018,1,1,1,2,71,10,3,0,0,0,0,-1,9,-1
39289,77.3222836,28.60364643,6,2,2,3,7,21:35,102,E08000003,4,6393,3,30,3,4,6,0,0,0,4,1,2,0,0,1,1,E01005252,04-06-2018,2,2,1,2,43,7,3,0,0,0,0,-1,9,1
39290,77.30948487,28.60934996,6,3,2,3,7,22:15,102,E08000003,3,6042,6,30,6,2,3,56,0,0,4,1,1,0,0,1,1,E01005148,04-06-2018,1,1,3,1,31,6,2,5,3,0,0,-1,0,1
39291,77.36865031,28.60555213,6,2,1,1,7,04:00,102,E08000003,6,0,2,30,9,4,6,0,0,0,4,1,2,0,0,1,1,E01005134,04-06-2018,2,1,1,1,24,5,3,0,0,0,0,-1,1,1
39292,77.26322094,28.65983047,6,2,2,2,1,01:25,102,E08000003,3,665,2,30,3,3,6,0,0,5,4,2,2,0,0,1,1,E01005131,05-06-2018,1,1,1,2,37,7,3,0,0,0,0,-1,9,1
39293,77.32906469,28.54047393,6,3,2,1,3,16:00,102,E08000003,3,635,1,30,1,4,3,56,0,0,1,1,1,0,0,1,2,E01005211,31-05-2018,1,1,3,2,26,6,2,1,3,0,0,-1,0,-1
39294,77.13229545,28.55373822,6,3,1,1,6,15:45,102,E08000003,3,635,6,30,6,2,6,0,0,4,1,1,1,0,0,1,1,E01005109,03-06-2018,1,1,1,2,50,8,3,0,0,0,0,-1,3,1
39295,77.14470156,28.70419956,6,3,1,1,1,21:00,102,E08000003,5,0,6,30,3,2,3,6010,0,5,4,1,1,0,0,1,2,E01005257,05-06-2018,1,1,1,1,24,5,3,0,0,0,0,-1,1,1
39296,77.20843514,28.60956054,6,3,2,1,4,14:45,102,E08000003,6,0,6,30,3,4,6,0,0,0,1,1,2,0,0,1,2,E01005259,01-06-2018,1,1,1,1,16,4,3,0,0,0,0,-1,2,2
39297,77.08539004,28.57599624,6,3,2,1,2,17:35,102,E08000003,6,0,6,30,6,4,6,0,0,0,1,1,1,0,0,1,1,E01005134,06-06-2018,2,1,2,1,6,2,3,0,0,2,0,-1,9,1
39298,77.14733107,28.58915861,6,2,1,1,3,17:42,102,E08000003,6,0,6,30,3,4,5,0,0,0,1,1,1,0,0,1,1,E01005202,07-06-2018,2,1,1,1,23,5,3,0,0,0,0,-1,9,1
39299,77.11954357,28.54760252,6,2,1,1,4,19:54,102,E08000003,3,62,6,30,0,-1,-1,0,0,4,1,1,1,0,0,1,1,E01005134,08-06-2018,1,1,2,2,33,6,3,0,0,1,0,-1,9,1
39300,77.14669551,28.61703698,6,3,1,1,4,16:15,102,E08000003,5,0,6,30,3,4,6,0,0,0,1,1,1,0,0,1,1,E01005224,08-06-2018,1,1,1,2,62,9,3,0,0,0,0,-1,9,3
39301,77.25928931,28.68706378,6,3,2,2,6,18:45,102,E08000003,3,6010,3,30,3,2,5,0,0,5,1,1,1,0,0,1,1,E01005096,10-06-2018,2,1,1,1,21,5,3,0,0,0,0,-1,9,1
39302,77.13660917,28.67109511,6,3,2,3,7,12:15,102,E08000003,3,635,3,30,9,4,6,0,0,0,1,1,1,0,0,1,2,E01005107,11-06-2018,2,2,2,2,20,4,2,0,0,2,0,-1,9,1
39303,77.20261812,28.63675342,6,3,2,1,5,22:25,102,E08000003,6,0,6,30,3,4,6,0,0,0,4,1,1,0,0,1,1,E01005164,09-06-2018,2,3,2,2,15,3,3,0,0,1,0,-1,9,1
39304,77.3098966,28.67799791,6,3,2,2,3,07:55,102,E08000003,3,62,6,30,6,2,5,0,0,0,1,2,2,0,0,1,1,E01005257,14-06-2018,2,4,2,2,13,3,3,0,0,2,0,-1,9,1
39305,77.0679374,28.63249898,6,3,2,1,6,19:35,102,E08000003,3,6010,6,30,0,-1,-1,0,0,0,1,1,1,0,0,1,2,E01005144,10-06-2018,5,1,1,1,43,7,3,0,0,0,0,-1,5,1
39306,77.29241561,28.58070483,6,2,1,1,1,16:35,102,E08000003,3,665,6,30,0,-1,-1,0,0,5,1,1,1,0,0,1,1,E01005145,12-06-2018,2,1,1,1,33,6,3,0,0,0,0,-1,1,1
39307,77.14068136,28.63391453,6,3,3,2,2,11:20,102,E08000003,3,6,6,30,6,2,4,6469,0,0,1,1,2,0,0,1,1,E01005131,13-06-2018,2,1,1,1,44,7,3,0,0,0,0,-1,9,1
39308,77.05983514,28.68855191,6,3,2,3,3,15:40,102,E08000003,3,635,3,40,7,2,3,57,0,0,1,1,1,0,0,1,1,E01005131,14-06-2018,2,2,2,2,42,7,3,0,0,1,0,-1,9,1
39309,77.21998282,28.64176615,6,2,1,1,1,03:10,102,E08000003,3,34,6,30,0,-1,-1,0,0,0,4,1,1,0,0,1,1,E01005127,12-06-2018,2,3,2,2,20,4,3,0,0,2,0,-1,9,1
39310,77.059292,28.72483417,6,3,2,1,2,14:00,102,E08000003,3,665,6,30,7,2,4,6180,0,0,1,1,1,0,0,1,1,E01005142,13-06-2018,2,1,1,1,37,7,3,0,0,0,0,-1,9,1
39311,77.08807293,28.68797311,6,3,2,1,2,07:25,102,E08000003,3,664,6,30,3,4,6,0,0,0,1,1,1,0,0,1,2,E01005136,13-06-2018,2,1,1,2,42,7,3,0,0,0,0,-1,9,1
39312,77.08696032,28.56752638,6,3,1,1,4,18:40,102,E08000003,6,0,6,30,3,4,3,6042,0,0,1,1,1,0,0,1,2,E01005131,15-06-2018,2,1,1,1,51,8,3,0,0,0,0,-1,1,1
39313,77.22649351,28.64478997,6,3,2,1,4,15:00,102,E08000003,3,6104,3,30,6,2,3,664,0,4,1,1,1,0,0,1,1,E01005135,15-06-2018,1,1,2,2,71,10,3,0,0,1,0,-1,9,1
39314,77.18526638,28.63458184,6,3,2,1,1,09:20,102,E08000003,3,635,3,30,6,2,3,6010,0,0,1,1,1,0,0,1,1,E01005106,12-06-2018,1,2,2,2,47,8,3,0,0,2,0,-1,9,1
39315,77.0960761,28.68979781,6,3,1,1,3,09:13,102,E08000003,5,0,6,30,3,4,6,0,0,0,1,2,2,0,0,1,1,E01005140,14-06-2018,2,1,1,1,42,7,3,0,0,0,0,-1,3,-1
39316,77.11398744,28.63100028,6,3,1,1,5,08:30,102,E08000003,5,0,6,30,3,4,6,0,0,0,1,1,1,0,0,1,1,E01005252,16-06-2018,2,2,2,1,42,7,3,0,0,2,0,-1,3,-1
39317,77.12142412,28.61437634,6,3,3,2,2,12:45,102,E08000003,3,6010,6,30,3,2,6,0,0,0,1,1,1,0,0,1,1,E01005096,13-06-2018,2,1,1,2,17,4,3,0,0,0,0,-1,2,1
39318,77.33566718,28.60497211,6,3,2,1,5,18:42,102,E08000003,3,665,6,30,3,4,6,0,0,4,1,1,1,0,0,1,1,E01005147,16-06-2018,1,1,3,1,16,4,3,1,1,0,0,-1,0,3
39319,77.24663037,28.54179131,6,2,1,1,6,18:50,102,E08000003,6,0,6,30,3,4,3,665,0,0,1,1,1,0,0,1,1,E01005144,17-06-2018,1,1,3,2,11,3,3,5,1,0,0,-1,0,1