Accident_Index,longitude,latitude,Police_Force,Accident_Severity,Number_of_Vehicles,Number_of_Casualties,Day_of_Week,Time,Local_Authority_(District),Local_Authority_(Highway),1st_Road_Class,1st_Road_Number,Road_Type,Speed_limit,Junction_Detail,Junction_Control,2nd_Road_Class,2nd_Road_Number,Pedestrian_Crossing-Human_Control,Pedestrian_Crossing-Physical_Facilities,Light_Conditions,Weather_Conditions,Road_Surface_Conditions,Special_Conditions_at_Site,Carriageway_Hazards,Urban_or_Rural_Area,Did_Police_Officer_Attend_Scene_of_Accident,LSOA_of_Accident_Location,Date,Vehicle_Reference,Casualty_Reference,Casualty_Class,Sex_of_Casualty,Age_of_Casualty,Age_Band_of_Casualty,Casualty_Severity,Pedestrian_Location,Pedestrian_Movement,Car_Passenger,Bus_or_Coach_Passenger,Pedestrian_Road_Maintenance_Worker,Casualty_Type,Casualty_Home_Area_Type
39562,77.13179935,28.68763965,6,3,1,2,5,23:45,102,E08000003,4,6469,6,30,6,2,6,0,0,0,4,1,1,0,0,1,1,E01005128,15-09-2018,2,2,2,2,33,6,3,0,0,1,0,-1,9,1
39563,77.22844517,28.69449202,6,3,2,1,7,22:45,102,E08000003,3,34,6,30,6,4,3,56,0,0,4,2,2,0,0,1,1,E01005131,17-09-2018,1,1,3,1,33,6,3,1,3,0,0,-1,0,3
39564,77.18285533,28.6874171,6,3,1,1,7,17:13,102,E08000003,3,5103,6,30,0,-1,-1,0,0,0,1,1,1,0,0,1,2,E01005134,17-09-2018,1,1,3,1,13,3,3,9,5,0,0,-1,0,1
39565,77.19063992,28.61789434,6,3,1,1,7,15:42,102,E08000003,3,6042,6,30,0,-1,-1,0,0,4,1,1,1,0,6,1,1,E01005131,17-09-2018,1,1,2,2,13,3,3,0,0,2,4,-1,11,1
39566,77.34325531,28.67584048,6,3,2,1,1,15:40,102,E08000003,6,0,6,30,0,-1,-1,0,0,0,1,9,1,0,0,1,2,E01005261,18-09-2018,2,1,1,2,26,6,3,0,0,0,0,-1,9,1
39567,77.24459444,28.53493074,6,3,2,1,3,14:00,102,E08000003,6,0,2,30,9,4,6,0,0,0,1,1,1,0,0,1,2,E01005127,20-09-2018,1,1,1,2,52,8,3,0,0,0,0,-1,19,1
39568,77.18190116,28.53884477,6,3,1,1,2,09:00,102,E08000003,3,34,6,30,3,4,6,0,0,0,1,1,1,0,0,1,1,E01005128,19-09-2018,1,3,2,2,40,7,3,0,0,2,0,-1,9,1
39569,77.1746713,28.68797641,6,3,2,2,3,10:10,102,E08000003,6,0,6,30,3,4,6,0,0,0,1,1,1,5,0,1,1,E01005148,20-09-2018,1,4,2,1,11,3,3,0,0,1,0,-1,9,1
39570,77.17045542,28.70922288,6,3,1,1,7,18:25,102,E08000003,3,665,6,30,9,4,6,0,0,0,1,1,1,0,0,1,1,E01005130,17-09-2018,2,1,1,2,26,6,3,0,0,0,0,-1,9,1
39571,77.11210438,28.54080083,6,3,1,1,2,20:45,102,E08000003,5,0,6,30,6,4,6,0,0,0,4,1,1,0,0,1,1,E01005127,19-09-2018,3,2,1,1,34,6,3,0,0,0,0,-1,9,3
39572,77.09184796,28.68566006,6,3,1,1,4,16:47,102,E08000003,3,663,3,40,6,3,5,0,2,4,1,1,1,0,0,1,1,E01005251,21-09-2018,1,1,3,1,39,7,2,9,5,0,0,-1,0,1
39573,77.24756671,28.62475272,6,3,2,1,1,22:00,102,E08000003,6,0,6,30,9,4,3,6010,0,0,4,1,1,0,0,1,1,E01005147,18-09-2018,1,1,1,1,23,5,3,0,0,0,0,-1,9,1
39574,77.31333785,28.63964865,6,3,2,1,3,09:45,102,E08000003,3,665,6,30,9,4,6,0,0,4,1,1,1,0,0,1,1,E01005144,20-09-2018,1,2,2,1,20,4,2,0,0,1,0,-1,9,-1
39575,77.23686692,28.70612107,6,3,1,1,4,10:50,102,E08000003,3,34,6,30,6,2,5,0,0,4,1,1,1,0,0,1,2,E01005127,21-09-2018,1,3,2,1,19,4,2,0,0,2,0,-1,9,-1
39576,77.22397599,28.60512857,6,3,1,1,6,08:45,102,E08000003,3,5103,6,30,0,-1,-1,0,0,1,1,2,2,0,0,1,1,E01005134,23-09-2018,3,4,1,2,21,5,3,0,0,0,0,-1,9,-1
39577,77.36888386,28.69575399,6,2,3,3,6,21:00,102,E08000003,3,664,6,30,9,4,6,0,0,0,4,1,1,0,0,1,1,E01005204,23-09-2018,2,1,2,2,28,6,3,0,0,1,0,-1,8,-1
39578,77.0824519,28.70422383,6,3,5,1,6,16:50,102,E08000003,5,0,6,30,0,-1,-1,0,0,0,1,1,1,0,0,1,1,E01005257,23-09-2018,1,1,3,2,19,4,3,9,8,0,0,-1,0,-1
39579,77.16427112,28.61609325,6,3,2,1,7,22:19,102,E08000003,3,62,3,30,6,2,6,0,0,0,4,1,1,0,0,1,1,E01005131,24-09-2018,2,1,2,2,58,9,3,0,0,1,0,-1,9,1
39580,77.19193404,28.71383297,6,3,1,1,7,00:55,102,E08000003,3,34,9,30,6,2,3,5103,0,4,4,1,1,0,0,1,1,E01005134,24-09-2018,1,1,1,2,42,7,3,0,0,0,0,-1,9,3
39581,77.08118943,28.69714766,6,3,1,1,5,08:30,102,E08000003,3,56,3,30,6,2,3,34,0,4,1,1,1,0,0,1,2,E01005131,22-09-2018,2,2,1,1,57,9,3,0,0,0,0,-1,21,3
39582,77.07227869,28.68049616,6,3,2,1,5,09:40,102,E08000003,5,0,6,30,8,4,6,0,0,0,1,1,1,0,0,1,1,E01005164,22-09-2018,1,1,1,2,19,4,1,0,0,0,0,-1,9,1
39583,77.18505291,28.68782276,6,3,2,1,3,23:05,102,E08000003,3,669,9,30,6,2,5,0,0,0,4,1,1,0,0,1,1,E01005095,20-09-2018,1,1,2,2,17,4,3,0,0,1,0,-1,9,-1
39584,77.31036565,28.61587296,6,3,2,3,2,21:11,102,E08000003,3,664,6,30,3,2,6,0,0,0,4,2,2,0,0,1,1,E01005131,26-09-2018,1,1,1,2,49,8,3,0,0,0,0,-1,9,2
39585,77.1167915,28.54381025,6,3,2,3,6,15:45,102,E08000003,3,665,3,30,9,4,6,0,0,0,1,1,1,0,0,1,2,E01005144,23-09-2018,2,1,1,2,41,7,3,0,0,0,0,-1,9,-1
39586,77.1622774,28.63222798,6,3,2,1,6,10:40,102,E08000003,3,56,6,30,6,2,4,6180,0,0,1,1,2,0,0,1,1,E01005148,23-09-2018,1,2,1,2,26,6,3,0,0,0,0,-1,9,1
39587,77.36099249,28.57562521,6,3,1,1,7,21:45,102,E08000003,6,0,2,30,6,4,6,0,0,5,4,1,1,0,0,1,2,E01005134,24-09-2018,2,1,2,1,22,5,3,0,0,1,0,-1,9,1
39588,77.29854694,28.62093774,6,3,2,1,1,20:00,102,E08000003,3,665,6,30,7,2,3,635,0,5,4,1,1,0,0,1,1,E01005131,25-09-2018,2,3,1,2,17,4,3,0,0,0,0,-1,9,1
39589,77.37006374,28.58730336,6,3,2,1,2,08:55,102,E08000003,3,6104,3,30,6,2,3,664,0,1,1,1,1,0,0,1,1,E01005135,26-09-2018,1,1,1,2,39,7,3,0,0,0,0,-1,9,-1
39590,77.3045594,28.72044366,6,2,1,1,3,16:50,102,E08000003,3,6,6,30,0,-1,-1,0,0,5,1,1,1,0,0,1,1,E01005134,27-09-2018,2,1,2,1,34,6,3,0,0,1,0,-1,3,1
39591,77.07987331,28.68858506,6,3,2,1,5,16:30,104,E08000004,3,6104,6,30,6,4,6,0,0,0,1,1,1,0,0,1,1,E01005345,22-09-2018,1,1,1,2,46,8,3,0,0,0,0,-1,9,3
39592,77.15573648,28.537679,6,3,2,1,6,09:25,102,E08000003,6,0,6,30,0,-1,-1,0,0,0,1,2,2,0,0,1,1,E01005165,23-09-2018,2,1,1,1,27,6,3,0,0,0,0,-1,9,1
39593,77.21229724,28.61939132,6,3,1,1,6,12:35,102,E08000003,5,0,6,30,3,4,6,0,0,4,1,1,1,0,0,1,1,E01005252,23-09-2018,1,1,1,1,76,11,3,0,0,0,0,-1,9,-1
39594,77.30164497,28.56624966,6,3,2,1,2,07:29,102,E08000003,3,635,6,30,3,4,6,0,0,0,1,1,1,0,0,1,1,E01005106,26-09-2018,2,1,1,1,39,7,3,0,0,0,0,-1,5,3
39595,77.19397988,28.71554596,6,3,2,1,2,15:36,102,E08000003,3,664,6,30,3,2,6,0,0,0,1,1,1,0,0,1,2,E01005140,26-09-2018,2,1,1,1,25,5,3,0,0,0,0,-1,9,1
39596,77.16892487,28.6711372,6,2,2,1,3,08:30,102,E08000003,3,5103,6,30,3,4,6,0,0,0,1,1,1,0,0,1,1,E01005127,27-09-2018,2,1,1,2,60,9,3,0,0,0,0,-1,9,1
39597,77.15290844,28.68919504,6,3,2,1,6,10:25,102,E08000003,5,0,6,30,3,4,6,0,0,0,1,2,2,0,0,1,1,E01005227,30-09-2018,2,1,1,1,49,8,3,0,0,0,0,-1,9,1
39598,77.23889555,28.65117804,6,3,2,2,3,09:40,102,E08000003,3,6010,9,30,9,4,6,0,0,0,1,9,1,0,0,1,1,E01005203,27-09-2018,2,2,2,1,45,7,3,0,0,1,0,-1,9,1
39599,77.09559599,28.70147059,6,3,1,1,2,22:30,102,E08000003,3,34,2,30,0,-1,-1,0,0,4,4,1,1,0,0,1,1,E01005127,19-09-2018,1,1,1,2,73,10,3,0,0,0,0,-1,9,1
39600,77.37015044,28.63393186,6,3,2,1,6,18:05,102,E08000003,5,0,6,30,0,-1,-1,0,0,0,1,1,1,0,0,1,2,E01005252,23-09-2018,1,1,3,2,12,3,3,5,4,0,0,-1,0,1
39601,77.09198409,28.6098012,6,3,2,1,3,18:40,102,E08000003,3,665,3,30,9,4,6,0,0,0,1,1,1,0,2,1,2,E01005144,27-09-2018,1,1,1,2,24,5,3,0,0,0,0,-1,9,3
39602,77.14949649,28.54971509,6,3,2,2,6,14:15,102,E08000003,3,6,6,30,3,2,2,57,0,0,1,1,2,0,0,1,1,E01005134,30-09-2018,2,2,1,2,41,7,3,0,0,0,0,-1,9,3
39603,77.30086771,28.70525936,6,2,1,1,3,23:30,102,E08000003,3,34,6,30,6,2,5,0,0,5,4,1,1,0,0,1,1,E01005128,27-09-2018,2,1,1,1,18,4,3,0,0,0,0,-1,3,2
39604,77.06403218,28.55563899,6,3,2,1,6,20:20,102,E08000003,6,0,6,30,6,4,6,0,0,0,4,5,2,0,0,1,1,E01005131,30-09-2018,2,1,1,2,38,7,3,0,0,0,0,-1,9,1
39605,77.28327673,28.66401362,6,3,2,1,5,17:57,102,E08000003,5,0,6,30,3,4,6,0,0,0,1,1,1,0,0,1,1,E01005256,29-09-2018,1,1,3,2,13,3,3,5,3,0,0,-1,0,1
39606,77.12104761,28.63698544,6,1,1,2,7,17:10,102,E08000003,3,62,6,30,0,-1,-1,0,0,0,1,1,1,0,0,1,1,E01005129,01-10-2018,1,1,1,2,22,5,3,0,0,0,0,-1,9,1
39607,77.24913938,28.69792376,6,3,1,1,6,07:38,102,E08000003,3,6,3,30,9,4,6,0,0,0,1,1,1,0,0,1,2,E01005131,16-09-2018,1,1,1,2,23,5,2,0,0,0,0,-1,9,2
39608,77.28999248,28.6055222,6,3,2,2,3,15:45,102,E08000003,3,6010,6,30,3,4,6,0,0,0,1,1,1,0,0,1,1,E01005144,27-09-2018,2,2,1,1,27,6,3,0,0,0,0,-1,9,1
39609,77.25650945,28.57847162,6,3,1,1,5,02:20,102,E08000003,3,34,6,30,9,4,6,0,0,0,4,1,1,0,0,1,1,E01005127,29-09-2018,1,1,3,1,66,10,3,1,3,0,0,-1,0,-1
39610,77.09633587,28.66043806,6,2,1,2,6,15:30,102,E08000003,6,0,6,30,0,-1,-1,0,0,0,1,1,1,0,0,1,2,E01005107,30-09-2018,1,1,3,1,12,3,3,9,5,0,0,-1,0,1
39611,77.24429817,28.60159975,6,3,2,1,7,15:54,102,E08000003,3,664,6,30,6,2,3,6104,0,0,1,1,1,0,0,1,1,E01005135,01-10-2018,1,1,2,1,15,3,3,0,0,1,0,-1,9,-1
39612,77.11991961,28.67184502,6,3,1,1,3,12:20,102,E08000003,3,34,6,30,0,-1,-1,0,0,0,1,1,1,0,0,1,2,E01005131,27-09-2018,1,2,2,1,14,3,3,0,0,2,0,-1,9,-1
39613,77.36172522,28.70684848,6,3,2,2,4,11:55,102,E08000003,3,635,6,30,6,2,6,0,0,5,1,1,1,0,0,1,1,E01005107,05-10-2018,1,1,3,1,49,8,3,9,8,0,0,-1,0,1
39614,77.1776448,28.62152239,6,3,2,1,1,17:10,102,E08000003,4,5117,6,30,3,2,4,6469,0,0,1,1,1,0,0,1,2,E01005127,02-10-2018,2,1,1,1,34,6,3,0,0,0,0,-1,21,-1
39615,77.2760916,28.57866119,6,3,2,1,2,14:00,102,E08000003,5,0,6,30,6,4,6,0,0,0,1,1,1,0,0,1,1,E01005109,03-10-2018,2,1,1,2,20,4,3,0,0,0,0,-1,9,1
39616,77.07404792,28.56015536,6,2,1,1,1,00:40,102,E08000003,5,0,6,30,7,2,3,6042,0,4,4,1,1,0,0,1,2,E01005131,02-10-2018,1,1,1,1,59,9,3,0,0,0,0,-1,9,3
39617,77.28345118,28.54653448,6,3,2,2,3,15:40,102,E08000003,3,665,6,30,6,4,6,0,0,1,1,1,1,0,0,1,1,E01005144,04-10-2018,2,1,1,1,33,6,3,0,0,0,0,-1,9,1
39618,77.34846207,28.60202964,6,2,2,1,4,15:43,102,E08000003,3,662,6,30,6,4,6,0,0,0,1,1,1,4,0,1,1,E01005095,05-10-2018,1,1,3,2,8,2,3,9,8,0,0,-1,0,1
39619,77.31547432,28.60647846,6,3,1,1,6,13:50,102,E08000003,3,665,6,30,9,4,5,0,0,0,1,1,1,0,0,1,2,E01005142,30-09-2018,1,1,1,2,19,4,3,0,0,0,0,-1,9,2
39620,77.32917387,28.62256859,6,3,1,1,6,08:50,102,E08000003,3,6104,6,30,8,4,6,0,1,4,1,1,1,0,0,1,1,E01005100,07-10-2018,2,2,1,2,24,5,3,0,0,0,0,-1,9,1
39621,77.08522424,28.55269616,6,3,1,1,5,14:36,102,E08000003,6,0,6,30,3,2,6,0,0,0,1,1,1,0,0,1,1,E01005131,06-10-2018,1,2,1,1,29,6,3,0,0,0,0,-1,9,1
39622,77.08892196,28.58210383,6,3,2,3,7,09:17,102,E08000003,3,665,6,30,3,2,6,0,0,5,1,2,2,1,0,1,1,E01005144,01-10-2018,2,1,1,2,18,4,3,0,0,0,0,-1,9,-1
39623,77.34255345,28.71903477,6,3,1,1,7,14:25,102,E08000003,6,0,6,30,3,4,6,0,2,1,1,2,2,0,0,1,1,E01005259,08-10-2018,2,3,2,1,39,7,3,0,0,1,0,-1,9,-1
39624,77.09702697,28.56787162,6,3,2,1,7,05:30,102,E08000003,6,0,9,30,9,4,6,0,0,0,1,1,1,0,0,1,2,E01005092,08-10-2018,1,1,3,2,3,1,2,5,4,0,0,-1,0,-1
39625,77.28434168,28.5870224,6,3,1,1,2,11:20,102,E08000003,6,0,9,30,9,4,6,0,0,0,1,1,1,0,0,1,2,E01005134,10-10-2018,1,2,3,2,12,3,2,5,4,0,0,-1,0,-1
39626,77.15965129,28.69610038,6,3,2,1,3,12:20,102,E08000003,3,664,6,30,3,4,6,0,0,0,1,9,1,0,0,1,2,E01005205,11-10-2018,1,2,1,1,47,8,3,0,0,0,0,-1,11,1
39627,77.29079829,28.58112547,6,3,2,1,4,18:50,102,E08000003,4,5117,6,30,3,4,6,0,0,0,1,1,1,0,0,1,2,E01005127,05-10-2018,1,3,2,1,14,3,3,0,0,2,4,-1,11,-1
39628,77.33427858,28.72734822,6,3,2,2,2,09:12,102,E08000003,3,663,6,30,6,2,5,0,0,5,1,1,1,0,0,1,1,E01005251,10-10-2018,1,4,2,1,14,3,3,0,0,2,4,-1,11,-1
39629,77.15500982,28.5353085,6,3,2,1,2,15:25,102,E08000003,6,0,3,30,9,4,3,635,0,0,1,1,1,0,0,1,2,E01005108,10-10-2018,1,5,2,1,14,3,3,0,0,2,4,-1,11,-1
39630,77.20508006,28.54703739,6,3,1,1,2,09:03,102,E08000003,6,0,6,30,3,4,6,0,0,0,1,1,1,0,0,1,1,E01005131,10-10-2018,1,6,2,2,15,3,3,0,0,2,4,-1,11,-1
39631,77.10541403,28.61436347,6,2,1,1,7,14:50,102,E08000003,3,664,3,30,0,-1,-1,0,0,8,1,1,1,0,0,1,1,E01005131,08-10-2018,1,7,2,1,15,3,3,0,0,2,4,-1,11,-1
39632,77.33946954,28.58883392,6,3,1,1,6,16:25,102,E08000003,5,0,6,30,3,3,6,0,0,8,1,1,1,0,0,1,1,E01005202,30-09-2018,1,8,2,2,14,3,3,0,0,2,4,-1,11,-1
39633,77.16288967,28.66442248,6,3,1,1,2,14:35,102,E08000003,6,0,6,30,0,-1,-1,0,0,5,1,1,1,0,0,1,1,E01005131,10-10-2018,1,9,2,1,14,3,3,0,0,2,4,-1,11,-1
39634,77.2715602,28.63472234,6,3,2,1,2,14:10,102,E08000003,3,664,6,30,6,2,5,0,0,0,1,1,1,0,0,1,1,E01005203,17-10-2018,1,10,2,1,11,3,3,0,0,2,4,-1,11,-1
39635,77.30777677,28.53585593,6,3,3,2,7,11:50,102,E08000003,3,6010,6,30,9,2,6,0,0,1,1,2,2,0,0,1,1,E01005204,08-10-2018,1,11,2,1,11,3,3,0,0,2,4,-1,11,-1
39636,77.35293411,28.72453706,6,3,2,1,4,17:15,102,E08000003,4,6393,6,30,6,4,6,0,0,4,1,2,2,0,0,1,1,E01005225,12-10-2018,1,12,2,1,12,3,3,0,0,2,4,-1,11,-1
39637,77.30454934,28.70711583,6,3,2,1,5,16:45,102,E08000003,3,665,6,30,9,4,6,0,0,4,1,1,1,0,0,1,2,E01005143,13-10-2018,1,13,2,2,12,3,3,0,0,2,4,-1,11,-1
39638,77.32210447,28.64797501,6,3,2,1,6,19:30,102,E08000003,6,0,2,30,9,4,6,0,0,0,1,1,1,0,0,1,2,E01005131,07-10-2018,2,1,1,1,20,4,1,0,0,0,0,-1,9,1
39639,77.2036427,28.67586569,6,3,2,2,4,22:30,102,E08000003,3,665,6,30,3,4,6,0,0,0,4,2,2,0,0,1,1,E01005142,12-10-2018,1,1,3,1,14,3,2,5,1,0,0,-1,0,-1
39640,77.23209317,28.5512167,6,3,2,1,5,06:56,102,E08000003,3,34,6,30,6,2,3,62,0,4,1,1,1,0,0,1,1,E01005127,13-10-2018,2,1,1,1,30,6,3,0,0,0,0,-1,1,2
39641,77.30009662,28.55394897,6,3,2,2,6,14:50,102,E08000003,3,665,6,30,0,-1,-1,0,0,0,1,1,1,0,0,1,1,E01005131,14-10-2018,1,1,1,1,25,5,3,0,0,0,0,-1,9,2
39642,77.15785886,28.68255997,6,3,2,1,7,10:00,102,E08000003,3,665,7,30,0,-1,-1,0,0,0,1,1,1,0,0,1,1,E01005095,15-10-2018,2,1,1,2,54,8,3,0,0,0,0,-1,1,2
39643,77.24375353,28.69931174,6,3,2,1,1,12:22,102,E08000003,6,0,2,30,3,4,3,635,0,0,1,1,1,0,0,1,1,E01005105,16-10-2018,1,1,1,2,25,5,3,0,0,0,0,-1,9,-1
39644,77.28031899,28.67764661,6,3,2,2,6,12:10,102,E08000003,3,34,6,30,0,-1,-1,0,0,0,1,1,1,0,0,1,1,E01005128,14-10-2018,2,2,1,2,54,8,3,0,0,0,0,-1,9,1
39645,77.29096825,28.54621929,6,3,1,1,4,18:35,102,E08000003,3,34,2,30,6,2,6,0,0,0,4,2,2,0,0,1,1,E01005131,12-10-2018,1,1,3,1,11,3,3,9,8,0,0,-1,0,1
39646,77.32746386,28.65241407,6,3,2,2,5,15:20,102,E08000003,3,6010,6,30,3,4,6,0,0,0,1,1,1,0,0,1,1,E01005144,13-10-2018,2,1,2,2,44,7,3,0,0,1,0,-1,9,-1
39647,77.27613454,28.65769021,6,3,2,1,4,13:50,102,E08000003,6,0,2,30,3,3,6,0,0,0,1,1,1,0,0,1,2,E01005131,19-10-2018,2,1,1,1,41,7,3,0,0,0,0,-1,5,1
39648,77.2632468,28.68187769,6,3,2,3,5,01:35,102,E08000003,3,62,2,30,6,4,6,0,0,4,4,1,2,0,0,1,1,E01005134,13-10-2018,1,1,2,2,31,6,3,0,0,1,0,-1,9,1
39649,77.32159327,28.57107771,6,3,2,3,6,13:40,102,E08000003,3,6010,6,30,3,2,5,0,0,4,1,1,1,0,0,1,1,E01005204,14-10-2018,1,2,1,1,57,9,3,0,0,0,0,-1,9,-1
39650,77.07226617,28.57432996,6,3,2,1,6,13:50,102,E08000003,6,0,6,30,6,4,6,0,0,0,1,1,1,0,0,1,1,E01005144,14-10-2018,2,1,1,1,25,5,2,0,0,0,0,-1,5,3
39651,77.22741529,28.69742569,6,2,1,1,6,22:37,102,E08000003,3,635,6,30,9,4,6,0,0,1,4,1,1,0,0,1,1,E01005109,14-10-2018,2,1,1,1,23,5,3,0,0,0,0,-1,9,1
39652,77.3203519,28.71989773,6,3,2,1,4,17:30,102,E08000003,6,0,6,30,3,4,6,0,0,0,1,1,1,0,0,1,2,E01005166,05-10-2018,2,2,2,1,17,4,3,0,0,2,0,-1,9,1
39653,77.27778628,28.63224595,6,3,1,1,7,14:23,102,E08000003,6,0,9,30,9,4,6,0,0,0,1,8,2,0,0,1,1,E01005131,08-10-2018,2,3,2,1,16,4,3,0,0,1,0,-1,9,-1
39654,77.26641669,28.64073598,6,3,2,1,3,09:46,102,E08000003,3,6042,6,30,6,2,6,0,0,0,1,1,1,0,0,1,1,E01005131,18-10-2018,1,1,1,2,39,7,3,0,0,0,0,-1,9,1
39655,77.28736554,28.69576055,6,2,1,1,7,03:25,102,E08000003,6,0,6,30,0,-1,-1,0,0,0,4,1,2,0,0,1,1,E01005131,22-10-2018,2,2,1,2,44,7,3,0,0,0,0,-1,9,1
39656,77.14467685,28.63928434,6,3,1,1,2,17:30,102,E08000003,4,6469,6,30,0,-1,-1,0,0,5,1,1,1,0,0,1,1,E01005127,17-10-2018,1,1,3,1,41,7,3,5,1,0,0,-1,0,-1
39657,77.29878032,28.66801603,6,3,2,1,3,16:30,102,E08000003,5,0,6,30,3,4,6,0,0,0,1,1,1,0,0,1,1,E01005227,18-10-2018,1,1,1,1,22,5,3,0,0,0,0,-1,9,1
39658,77.18366984,28.59095913,6,3,2,2,3,21:05,102,E08000003,3,664,6,30,3,4,6,0,2,4,4,2,2,0,0,1,1,E01005144,18-10-2018,1,2,1,1,24,5,3,0,0,0,0,-1,9,1
39659,77.34160467,28.58977513,6,3,2,2,6,12:50,102,E08000003,3,6010,3,30,6,2,5,0,0,0,5,2,2,0,0,1,2,E01005144,21-10-2018,2,1,1,1,59,9,2,0,0,0,0,-1,9,-1
39660,77.33016062,28.68879445,6,3,2,1,2,11:30,102,E08000003,3,34,3,30,3,2,6,0,0,0,1,2,2,0,0,1,2,E01005127,24-10-2018,1,1,2,1,12,3,2,0,0,2,4,-1,11,-1
39661,77.07771161,28.69283248,6,3,1,1,7,22:05,102,E08000003,3,56,3,30,0,-1,-1,0,0,0,4,2,2,0,0,1,1,E01005131,10-09-2018,1,2,2,1,12,3,3,0,0,2,4,-1,11,-1
39662,77.14044243,28.55898416,6,3,2,2,4,11:35,102,E08000003,4,6469,6,30,0,-1,-1,0,0,0,1,1,1,0,0,1,1,E01005127,19-10-2018,2,1,1,2,59,9,3,0,0,0,0,-1,9,2
39663,77.34404449,28.5774046,6,3,2,1,4,19:10,102,E08000003,6,0,6,30,6,4,6,0,0,0,4,2,2,0,0,1,1,E01005148,12-10-2018,1,1,1,1,39,7,3,0,0,0,0,-1,9,1
39664,77.17280395,28.54565344,6,3,4,1,5,18:00,102,E08000003,3,576,3,30,0,-1,-1,0,0,0,1,2,2,0,0,1,1,E01005160,20-10-2018,2,1,1,2,42,7,3,0,0,0,0,-1,9,1
39665,77.27298735,28.6155653,6,3,2,1,6,14:30,102,E08000003,6,0,6,30,6,4,6,0,0,0,1,2,2,0,0,1,1,E01005144,21-10-2018,2,1,1,1,46,8,3,0,0,0,0,-1,9,1
39666,77.11031861,28.71490053,6,3,1,1,6,20:05,102,E08000003,6,0,6,30,9,4,5,0,0,0,4,2,2,0,0,1,1,E01005140,21-10-2018,2,2,2,2,44,7,3,0,0,1,0,-1,9,1
39667,77.29122132,28.70571858,6,3,2,1,3,15:00,102,E08000003,3,62,6,30,6,2,4,6393,2,5,1,2,2,6,0,1,1,E01005256,25-10-2018,1,1,1,2,40,7,3,0,0,0,0,-1,9,1
39668,77.21373549,28.65922082,6,3,2,1,7,19:45,102,E08000003,3,665,6,30,0,-1,-1,0,0,0,4,1,1,0,0,1,1,E01005142,15-10-2018,1,2,2,2,78,11,3,0,0,1,0,-1,9,1
39669,77.30450593,28.5619952,6,3,2,2,6,13:22,102,E08000003,5,0,6,30,3,4,6,0,0,0,1,1,2,0,0,1,1,E01005164,21-10-2018,2,3,1,2,37,7,3,0,0,0,0,-1,9,2
39670,77.36853712,28.5457624,6,3,2,3,2,13:20,102,E08000003,6,0,6,30,3,4,6,0,0,4,1,2,2,0,0,1,1,E01005165,24-10-2018,1,1,2,1,45,7,3,0,0,1,0,-1,9,-1
39671,77.19581408,28.56124115,6,2,1,1,3,13:30,102,E08000003,6,0,6,30,3,4,6,0,0,0,1,1,1,0,0,1,1,E01005206,25-10-2018,1,1,3,1,15,3,2,5,2,0,0,-1,0,1
39672,77.14052446,28.62916863,6,2,2,1,4,20:00,102,E08000003,3,62,2,30,9,4,6,0,0,0,4,9,1,0,0,1,2,E01005131,26-10-2018,1,1,1,1,20,4,3,0,0,0,0,-1,9,1
39673,77.22033862,28.56326582,6,3,1,1,3,16:00,102,E08000003,3,6,2,30,9,4,6,0,0,0,1,1,1,0,0,1,2,E01005131,04-10-2018,2,1,1,1,19,4,3,0,0,0,0,-1,3,-1
39674,77.31592956,28.69211093,6,3,2,1,4,15:10,102,E08000003,3,664,6,30,9,2,6,0,0,0,1,2,2,0,0,1,1,E01005140,26-10-2018,1,1,3,1,10,2,2,6,5,0,0,-1,0,-1
39675,77.0770826,28.63283339,6,3,2,2,6,16:10,102,E08000003,6,0,6,30,6,4,6,0,0,0,1,1,2,3,0,1,1,E01005147,28-10-2018,2,1,1,2,43,7,3,0,0,0,0,-1,9,2
39676,77.26605127,28.55842716,6,2,1,1,4,23:30,102,E08000003,3,34,3,30,0,-1,-1,0,0,0,4,1,1,0,0,1,1,E01005128,26-10-2018,2,1,2,2,8,2,3,0,0,2,0,-1,9,-1
39677,77.07921367,28.53987718,6,3,2,1,3,13:30,102,E08000003,5,0,6,30,3,3,3,664,0,0,1,2,2,0,0,1,2,E01005205,25-10-2018,2,2,2,1,3,1,3,0,0,2,0,-1,9,1
39678,77.11047836,28.697592,6,3,3,3,5,09:20,102,E08000003,3,56,6,30,6,4,6,0,0,4,1,1,2,0,0,1,1,E01005148,27-10-2018,1,1,3,1,73,10,3,5,3,0,0,-1,0,1
39679,77.18191156,28.6065285,6,3,2,1,6,00:01,102,E08000003,3,665,6,30,0,-1,-1,0,0,0,4,1,1,0,0,1,1,E01005144,28-10-2018,2,1,1,1,15,3,3,0,0,0,0,-1,1,1
39680,77.07725366,28.71926761,6,3,2,1,4,11:20,102,E08000003,3,665,6,30,6,2,3,576,0,5,1,1,2,0,0,1,1,E01005646,26-10-2018,1,1,1,2,23,5,3,0,0,0,0,-1,9,1
39681,77.3515697,28.68717719,6,3,1,1,6,12:37,102,E08000003,4,6469,6,30,6,2,3,34,0,0,1,1,1,0,0,1,2,E01005127,28-10-2018,1,1,1,1,22,5,3,0,0,0,0,-1,5,1