Accident_Index,longitude,latitude,Police_Force,Accident_Severity,Number_of_Vehicles,Number_of_Casualties,Day_of_Week,Time,Local_Authority_(District),Local_Authority_(Highway),1st_Road_Class,1st_Road_Number,Road_Type,Speed_limit,Junction_Detail,Junction_Control,2nd_Road_Class,2nd_Road_Number,Pedestrian_Crossing-Human_Control,Pedestrian_Crossing-Physical_Facilities,Light_Conditions,Weather_Conditions,Road_Surface_Conditions,Special_Conditions_at_Site,Carriageway_Hazards,Urban_or_Rural_Area,Did_Police_Officer_Attend_Scene_of_Accident,LSOA_of_Accident_Location,Date,Vehicle_Reference,Casualty_Reference,Casualty_Class,Sex_of_Casualty,Age_of_Casualty,Age_Band_of_Casualty,Casualty_Severity,Pedestrian_Location,Pedestrian_Movement,Car_Passenger,Bus_or_Coach_Passenger,Pedestrian_Road_Maintenance_Worker,Casualty_Type,Casualty_Home_Area_Type
39682,77.32032261,28.68031385,6,3,1,1,7,02:05,102,E08000003,3,34,6,30,6,2,3,6042,0,5,4,1,1,0,0,1,1,E01005127,29-10-2018,1,3,2,1,58,9,3,0,0,1,0,-1,9,1
39683,77.19564139,28.5860417,6,2,1,1,1,01:20,102,E08000003,3,664,6,30,6,2,3,6010,0,4,4,1,1,0,0,1,1,E01005204,30-10-2018,2,1,1,1,42,7,3,0,0,0,0,-1,9,1
39684,77.15033484,28.54228992,6,3,2,2,1,01:15,102,E08000003,3,665,6,30,6,2,3,576,0,0,4,1,1,0,0,1,1,E01005646,30-10-2018,2,2,2,2,26,6,3,0,0,1,0,-1,9,1
39685,77.29331449,28.7159468,6,3,1,1,1,02:00,102,E08000003,3,56,1,30,1,2,2,57,0,8,4,1,2,0,0,1,1,E01005127,30-10-2018,1,1,1,1,59,9,3,0,0,0,0,-1,1,-1
39686,77.31882455,28.70488839,6,3,1,1,6,15:45,102,E08000003,3,635,6,30,9,4,6,0,0,0,1,1,1,0,0,1,2,E01005109,21-10-2018,2,1,1,2,50,8,3,0,0,0,0,-1,9,-1
39687,77.10568847,28.72102834,6,3,2,1,6,16:30,102,E08000003,3,6010,6,30,9,4,6,0,0,0,1,2,2,0,0,1,2,E01005106,28-10-2018,2,1,1,1,32,6,3,0,0,0,0,-1,21,1
39688,77.27108176,28.69128284,6,3,2,1,1,02:30,102,E08000003,3,34,3,30,9,4,6,0,0,0,4,1,2,0,0,1,2,E01005128,30-10-2018,2,2,2,1,10,2,2,0,0,1,0,-1,21,-1
39689,77.25476168,28.69778184,6,2,1,1,5,19:59,102,E08000003,6,0,6,30,9,2,6,0,0,0,4,2,2,0,0,1,1,E01005134,03-11-2018,2,3,2,2,7,2,2,0,0,1,0,-1,21,-1
39690,77.09532915,28.57041785,6,3,1,2,5,11:30,102,E08000003,3,635,9,30,9,4,6,0,0,0,1,1,1,0,0,1,2,E01005109,03-11-2018,1,1,3,1,38,7,3,9,6,0,0,-1,0,-1
39691,77.08925945,28.57538527,6,3,2,1,1,14:00,102,E08000003,3,6010,3,40,6,2,3,635,0,0,1,1,1,0,0,1,2,E01005106,30-10-2018,2,1,1,1,52,8,2,0,0,0,0,-1,1,-1
39692,77.18496098,28.67856439,6,2,1,1,5,12:05,102,E08000003,3,6042,6,30,3,2,6,0,0,0,1,2,2,0,0,1,1,E01005131,03-11-2018,1,1,1,1,49,8,3,0,0,0,0,-1,9,-1
39693,77.26267232,28.69301991,6,3,2,1,2,11:55,102,E08000003,3,635,6,30,9,4,6,0,0,0,1,1,1,0,0,1,1,E01005109,03-10-2018,2,1,1,2,27,6,2,0,0,0,0,-1,9,-1
39694,77.2456709,28.72484202,6,3,2,1,5,14:30,102,E08000003,3,34,6,30,6,2,4,6469,0,0,1,2,2,0,0,1,1,E01005134,03-11-2018,2,1,1,2,21,5,3,0,0,0,0,-1,9,1
39695,77.07035803,28.69680709,6,3,3,2,1,04:10,102,E08000003,3,664,6,30,3,4,6,0,0,8,4,2,2,0,0,1,1,E01005140,06-11-2018,2,2,2,1,23,5,3,0,0,1,0,-1,9,1
39696,77.15159799,28.72216461,6,2,2,1,6,21:55,102,E08000003,5,0,3,30,3,2,3,6010,0,5,4,1,1,0,0,1,1,E01005132,28-10-2018,2,1,1,2,34,6,3,0,0,0,0,-1,9,-1
39697,77.30610455,28.67321818,6,3,1,1,2,18:15,102,E08000003,3,665,6,30,3,4,6,0,0,0,4,2,2,0,0,1,1,E01005145,31-10-2018,2,2,2,2,44,7,3,0,0,1,0,-1,9,1
39698,77.25244361,28.6418471,6,3,2,3,3,19:38,102,E08000003,5,0,6,30,3,4,6,0,0,0,4,1,1,0,0,1,1,E01005166,01-11-2018,2,1,1,2,29,6,3,0,0,0,0,-1,9,1
39699,77.19668485,28.71956221,6,3,3,6,6,16:39,102,E08000003,3,662,6,30,7,4,6,0,0,0,4,1,2,0,0,1,1,E01005095,04-11-2018,1,1,3,1,84,11,2,5,3,0,0,-1,0,-1
39700,77.20079487,28.70905017,6,3,2,2,6,20:45,102,E08000003,3,665,6,30,3,4,6,0,0,0,4,2,2,0,0,1,1,E01005145,04-11-2018,1,1,1,1,63,9,3,0,0,0,0,-1,9,1
39701,77.31531062,28.66383512,6,3,1,1,3,13:34,102,E08000003,6,0,6,30,6,2,6,0,0,5,1,1,1,0,0,1,2,E01005131,01-11-2018,2,1,1,1,13,3,3,0,0,0,0,-1,1,-1
39702,77.33900434,28.65871129,6,3,2,2,7,23:04,102,E08000003,6,0,6,30,3,4,6,0,0,0,4,2,2,0,0,1,1,E01005127,05-11-2018,1,1,3,1,76,11,2,5,1,0,0,-1,0,1
39703,77.15514326,28.533927,6,3,3,1,7,11:30,102,E08000003,3,665,6,30,3,2,3,662,0,0,1,8,2,0,0,1,1,E01005131,05-11-2018,1,1,1,1,22,5,3,0,0,0,0,-1,9,1
39704,77.06767153,28.60532099,6,3,2,1,4,12:29,102,E08000003,3,5103,3,30,7,2,3,34,0,5,1,2,2,0,0,1,1,E01005127,26-10-2018,2,1,1,2,31,6,3,0,0,0,0,-1,9,1
39705,77.18835556,28.67430858,6,3,2,4,7,20:10,102,E08000003,3,665,6,30,9,4,6,0,0,0,4,1,2,0,0,1,2,E01005143,05-11-2018,2,1,2,1,7,2,3,0,0,2,0,-1,9,1
39706,77.25588394,28.5661694,6,3,2,6,1,01:07,102,E08000003,3,664,6,30,3,4,6,0,0,5,4,1,2,0,0,1,1,E01005205,06-11-2018,3,2,1,1,60,9,3,0,0,0,0,-1,9,-1
39707,77.26075043,28.55671281,6,3,2,1,4,16:22,102,E08000003,5,0,6,30,3,2,3,6010,0,5,1,1,2,0,0,1,1,E01005146,02-11-2018,1,1,3,1,9,2,3,5,1,0,0,-1,0,1
39708,77.34134587,28.7023718,6,3,2,2,6,23:53,102,E08000003,6,0,6,30,6,4,6,0,0,0,4,2,2,0,0,1,1,E01005131,04-11-2018,1,1,2,1,16,4,3,0,0,1,0,-1,9,3
39709,77.10017292,28.63356687,6,3,1,1,1,01:19,102,E08000003,6,0,6,30,9,4,6,0,0,0,4,1,2,0,0,1,1,E01005134,06-11-2018,1,1,3,2,8,2,3,5,4,0,0,-1,0,-1
39710,77.36004995,28.57120473,6,3,1,1,3,16:55,102,E08000003,3,6,6,30,6,2,6,0,0,5,4,2,2,0,0,1,1,E01005134,08-11-2018,2,1,1,2,24,5,3,0,0,0,0,-1,9,1
39711,77.28868998,28.55212387,6,3,1,1,6,14:30,102,E08000003,6,0,6,30,6,4,6,0,0,0,1,2,2,0,0,1,1,E01005131,04-11-2018,1,2,1,1,25,5,2,0,0,0,0,-1,9,3
39712,77.31062048,28.69904719,6,3,2,2,6,11:00,102,E08000003,3,5103,6,30,7,2,6,0,0,0,1,2,2,0,0,1,1,E01005127,04-11-2018,2,3,1,1,53,8,3,0,0,0,0,-1,9,3
39713,77.19033043,28.70240931,6,3,2,2,6,18:20,102,E08000003,3,6104,6,30,3,4,6,0,0,4,4,2,2,0,0,1,1,E01005102,04-11-2018,3,1,1,1,54,8,2,0,0,0,0,-1,9,1
39714,77.1804811,28.64157808,6,3,1,1,6,16:35,102,E08000003,3,56,6,30,3,4,6,0,0,0,1,1,2,0,0,1,1,E01005131,04-11-2018,1,1,1,2,43,7,3,0,0,0,0,-1,9,1
39715,77.06596606,28.62442068,6,3,2,1,7,17:50,102,E08000003,3,635,6,30,3,4,6,0,0,0,4,2,2,0,0,1,1,E01005110,05-11-2018,2,1,1,1,45,7,3,0,0,0,0,-1,9,-1
39716,77.16784943,28.5663337,6,3,2,1,7,15:25,102,E08000003,6,0,6,30,3,4,6,0,0,0,4,2,2,0,0,1,1,E01005093,05-11-2018,1,1,2,1,17,4,3,0,0,1,0,-1,9,1
39717,77.18427858,28.53451536,6,3,2,2,1,17:25,102,E08000003,3,576,6,30,3,2,6,0,0,0,4,2,2,0,0,1,1,E01005165,06-11-2018,1,1,1,2,18,4,3,0,0,0,0,-1,9,1
39718,77.20023478,28.58697732,6,3,2,1,7,00:45,102,E08000003,6,0,6,30,9,4,6,0,0,0,4,1,1,0,0,1,2,E01005130,12-11-2018,2,2,2,2,21,5,3,0,0,2,0,-1,9,-1
39719,77.18116091,28.68005403,6,3,2,1,2,07:45,102,E08000003,3,665,6,30,0,-1,-1,0,0,0,1,1,1,0,0,1,2,E01005131,07-11-2018,2,3,2,2,41,7,3,0,0,1,0,-1,9,-1
39720,77.18263136,28.58016528,6,3,2,1,4,17:10,106,E08000005,3,576,6,30,1,4,1,60,0,0,4,1,1,0,0,2,2,E01004969,09-11-2018,1,1,1,1,44,7,2,0,0,0,0,-1,9,1
39721,77.06843924,28.70715865,6,3,1,1,6,07:10,102,E08000003,6,0,6,30,0,-1,-1,0,0,0,4,8,2,0,0,1,1,E01005131,21-10-2018,2,2,1,2,26,6,3,0,0,0,0,-1,9,1
39722,77.25349888,28.71408806,6,3,2,1,7,16:06,102,E08000003,3,6104,6,30,9,4,6,0,0,4,1,1,1,0,0,1,1,E01005100,12-11-2018,3,1,1,2,38,7,2,0,0,0,0,-1,9,-1
39723,77.20337716,28.67999704,6,3,1,1,5,12:00,102,E08000003,6,0,6,30,3,2,6,0,0,0,1,2,2,0,0,1,1,E01005131,03-11-2018,1,1,1,2,20,4,3,0,0,0,0,-1,9,1
39724,77.06318572,28.61299315,6,3,2,2,7,18:05,102,E08000003,5,0,6,30,3,4,5,0,0,0,4,2,2,0,0,1,1,E01005140,05-11-2018,2,1,1,1,25,5,3,0,0,0,0,-1,2,1
39725,77.1907694,28.56813199,6,3,2,2,1,15:05,102,E08000003,5,0,6,30,3,4,6,0,0,0,1,1,1,0,0,1,1,E01005131,06-11-2018,1,1,3,2,3,1,3,5,3,0,0,-1,0,1
39726,77.20026673,28.63526141,6,3,2,2,2,16:50,102,E08000003,3,34,2,30,3,4,5,0,0,4,4,1,1,0,0,1,1,E01005127,07-11-2018,1,1,2,1,19,4,2,0,0,1,0,-1,9,-1
39727,77.20951883,28.6515525,6,3,2,1,3,19:05,102,E08000003,6,0,6,30,6,4,6,0,0,0,4,5,2,0,0,1,1,E01005131,08-11-2018,2,2,2,1,22,5,3,0,0,1,0,-1,9,-1
39728,77.18578046,28.65115466,6,3,2,1,3,14:10,102,E08000003,4,6180,6,30,6,4,6,0,0,0,1,5,2,0,0,1,1,E01005148,08-11-2018,2,3,1,2,22,5,3,0,0,0,0,-1,9,1
39729,77.19037074,28.72730489,6,3,4,1,5,12:40,102,E08000003,6,0,6,30,6,2,3,62,0,5,1,1,2,0,0,1,1,E01005256,10-11-2018,2,1,1,2,44,7,3,0,0,0,0,-1,9,1
39730,77.05891646,28.67158269,6,3,2,1,6,18:56,102,E08000003,3,665,3,30,3,4,6,0,0,0,4,2,2,0,0,1,1,E01005145,11-11-2018,1,1,3,2,82,11,3,9,5,0,0,-1,0,-1
39731,77.3528418,28.56572606,6,3,3,2,4,09:30,102,E08000003,3,56,6,30,0,-1,-1,0,0,0,1,1,2,0,0,1,1,E01005148,02-11-2018,2,1,1,1,22,5,3,0,0,0,0,-1,9,-1
39732,77.30029142,28.57749983,6,2,2,2,5,09:40,102,E08000003,5,0,6,30,3,4,6,0,0,0,1,1,2,0,0,1,1,E01005137,10-11-2018,2,2,2,2,19,4,3,0,0,1,0,-1,9,-1
39733,77.27983068,28.62094746,6,3,3,1,1,13:52,107,E08000006,3,665,6,30,7,2,3,576,0,5,1,1,1,0,0,1,1,E01005646,13-11-2018,2,1,1,2,26,6,3,0,0,0,0,-1,9,1
39734,77.21140034,28.61738477,6,2,3,5,1,04:20,102,E08000003,3,665,6,30,6,2,6,0,0,0,4,1,1,0,0,1,1,E01005131,13-11-2018,2,2,2,1,21,5,3,0,0,2,0,-1,9,1
39735,77.19394917,28.63971524,6,3,1,1,3,12:20,102,E08000003,3,665,6,30,3,4,6,0,0,0,1,2,2,0,0,1,1,E01005145,08-11-2018,1,1,3,2,16,4,3,5,4,0,0,-1,0,-1
39736,77.34232493,28.56063932,6,3,2,1,4,13:00,102,E08000003,5,0,6,30,3,4,4,6393,0,0,1,1,2,0,0,1,1,E01005202,09-11-2018,1,1,1,1,76,11,1,0,0,0,0,-1,9,1
39737,77.25928659,28.5800429,6,3,1,1,6,22:15,102,E08000003,3,664,6,30,3,4,6,0,0,0,4,1,2,0,0,1,1,E01005144,11-11-2018,1,2,2,2,66,10,2,0,0,1,0,-1,9,1
39738,77.36189663,28.69612796,6,3,2,1,5,09:40,102,E08000003,3,664,6,30,7,2,5,0,0,5,1,1,2,0,0,1,1,E01005205,10-11-2018,2,3,1,1,20,4,2,0,0,0,0,-1,9,1
39739,77.12202754,28.71793905,6,3,2,2,4,11:30,102,E08000003,3,56,3,30,6,2,3,6042,0,5,1,1,1,0,0,1,1,E01005148,16-11-2018,1,1,3,1,31,6,3,5,1,0,0,-1,0,-1
39740,77.1098476,28.55853667,6,3,3,1,4,12:40,102,E08000003,3,665,3,30,6,2,3,6010,0,4,1,1,1,0,0,1,1,E01005147,16-11-2018,2,1,1,2,17,4,3,0,0,0,0,-1,9,1
39741,77.16352898,28.58773101,6,3,2,2,1,14:15,102,E08000003,3,6,6,30,9,2,3,62,0,0,1,1,1,0,0,1,2,E01005134,13-11-2018,1,1,2,2,19,4,3,0,0,1,0,-1,9,1
39742,77.26540241,28.54049281,6,3,2,1,3,00:10,102,E08000003,3,34,6,30,9,4,6,0,0,0,4,2,2,0,0,1,1,E01005127,15-11-2018,2,1,1,1,11,3,3,0,0,0,0,-1,90,-1
39743,77.26893573,28.62321559,6,3,2,5,7,12:15,102,E08000003,3,34,9,30,3,4,3,5103,0,0,1,1,1,0,0,1,2,E01005127,12-11-2018,2,1,1,1,34,6,3,0,0,0,0,-1,9,1
39744,77.1351851,28.54606028,6,3,2,2,1,08:40,102,E08000003,3,665,3,30,6,2,3,6042,0,4,1,2,2,0,0,1,1,E01005131,06-11-2018,1,1,1,1,48,8,3,0,0,0,0,-1,19,2
39745,77.18734677,28.55890369,6,3,2,3,1,16:45,102,E08000003,4,6469,9,30,6,2,3,6,0,0,4,1,1,0,0,1,2,E01005131,13-11-2018,2,2,1,2,43,7,3,0,0,0,0,-1,9,2
39746,77.35972986,28.60862661,6,3,2,1,3,08:20,102,E08000003,3,56,6,30,6,2,4,6469,0,0,1,1,1,0,0,1,1,E01005127,15-11-2018,2,3,2,1,65,9,3,0,0,1,0,-1,9,-1
39747,77.20473225,28.65625148,6,3,1,1,3,11:40,102,E08000003,6,0,2,30,3,2,3,56,0,5,1,1,1,0,0,1,1,E01005131,15-11-2018,1,1,1,1,36,7,3,0,0,0,0,-1,9,1
39748,77.07203852,28.63252739,6,3,2,1,4,08:45,102,E08000003,3,665,6,30,3,4,6,0,2,4,1,1,1,0,0,1,1,E01005145,16-11-2018,1,1,1,1,19,4,3,0,0,0,0,-1,9,1
39749,77.3203794,28.63942131,6,3,2,2,3,17:00,102,E08000003,5,0,6,30,3,4,5,0,0,0,4,1,1,0,0,1,1,E01005202,15-11-2018,2,1,1,2,25,5,3,0,0,0,0,-1,1,-1
39750,77.26122126,28.66115734,6,3,2,1,4,13:25,102,E08000003,6,0,6,30,6,4,6,0,0,0,1,1,1,0,0,1,1,E01005108,16-11-2018,2,1,1,2,23,5,3,0,0,0,0,-1,9,2
39751,77.1925683,28.59657382,6,3,1,1,7,12:05,102,E08000003,3,62,6,30,3,4,6,0,0,4,1,1,2,4,0,1,1,E01005256,12-11-2018,3,1,1,2,46,8,3,0,0,0,0,-1,9,1
39752,77.16702158,28.714321,6,3,2,1,5,09:27,102,E08000003,6,0,6,30,9,4,6,0,0,0,1,8,1,0,0,1,1,E01005137,17-11-2018,1,1,2,1,28,6,3,0,0,2,0,-1,9,-1
39753,77.30096814,28.62292328,6,3,2,1,3,11:20,102,E08000003,6,0,6,30,3,4,6,0,0,0,1,2,2,0,0,1,1,E01005259,22-11-2018,1,1,1,1,30,6,3,0,0,0,0,-1,9,1
39754,77.33063958,28.71620514,6,3,3,1,6,21:40,102,E08000003,3,6010,6,30,3,4,6,0,0,4,4,1,2,0,0,1,1,E01005203,11-11-2018,1,1,3,1,30,6,3,5,4,0,0,-1,0,1
39755,77.16281199,28.67200467,6,3,2,1,7,22:00,102,E08000003,3,62,2,30,6,4,6,0,0,0,4,8,4,0,0,1,1,E01005134,19-11-2018,1,1,3,1,11,3,3,5,3,0,0,-1,0,1
39756,77.09706791,28.54551501,6,3,2,1,7,14:40,102,E08000003,3,576,6,30,6,2,5,0,0,4,1,8,4,0,0,1,1,E01005160,19-11-2018,1,1,1,2,43,7,3,0,0,0,0,-1,9,1
39757,77.3444873,28.59691842,6,3,2,1,6,14:05,102,E08000003,6,0,6,30,6,2,6,0,0,0,1,1,1,0,0,1,2,E01005224,18-11-2018,1,1,1,2,60,9,3,0,0,0,0,-1,9,1
39758,77.15693979,28.62491738,6,3,2,1,2,17:00,102,E08000003,3,62,9,30,9,4,3,6010,0,0,1,7,2,0,0,1,2,E01005257,21-11-2018,2,2,2,2,53,8,3,0,0,1,0,-1,9,1
39759,77.23361392,28.60588049,6,3,2,1,6,12:50,107,E08000006,3,6042,3,30,0,-1,-1,0,0,0,1,1,1,0,0,1,1,E01005606,18-11-2018,2,1,2,2,25,5,3,0,0,2,0,-1,9,1
39760,77.12520726,28.58033193,6,3,1,1,6,09:18,102,E08000003,5,0,6,30,3,4,6,0,0,0,1,1,1,0,0,1,1,E01005254,18-11-2018,1,1,2,2,12,3,3,0,0,2,0,-1,9,3
39761,77.30569485,28.64012389,6,3,2,1,6,14:40,102,E08000003,5,0,6,30,0,-1,-1,0,0,0,1,1,4,0,0,1,1,E01005206,18-11-2018,1,2,2,1,15,3,3,0,0,1,0,-1,9,3
39762,77.23789387,28.64464642,6,3,1,1,7,14:40,102,E08000003,6,0,6,30,3,4,3,6010,2,4,1,1,1,0,0,1,1,E01005106,19-11-2018,1,1,2,2,23,5,3,0,0,2,0,-1,8,1
39763,77.2347974,28.65356853,6,3,2,1,3,09:00,102,E08000003,3,6104,6,30,3,1,6,0,0,0,1,1,2,0,0,1,2,E01005139,22-11-2018,2,1,1,1,29,6,3,0,0,0,0,-1,9,-1
39764,77.24436195,28.65075271,6,3,2,1,3,16:38,102,E08000003,6,0,6,30,6,4,6,0,0,4,4,1,2,0,0,1,1,E01005108,22-11-2018,3,2,1,2,37,7,3,0,0,0,0,-1,9,-1
39765,77.07707738,28.55906337,6,3,1,1,4,15:25,102,E08000003,5,0,6,30,3,4,6,0,0,0,1,1,2,0,0,1,1,E01005227,23-11-2018,2,1,1,1,20,4,3,0,0,0,0,-1,9,1
39766,77.06252219,28.54967627,6,3,2,1,1,00:50,102,E08000003,5,0,6,30,6,2,5,0,0,0,4,8,2,0,0,1,1,E01005257,27-11-2018,1,1,3,1,16,4,2,5,2,0,0,-1,0,-1
39767,77.07460846,28.63681235,6,2,1,1,5,23:30,102,E08000003,6,0,9,30,6,4,6,0,0,0,4,9,1,0,0,1,2,E01005134,10-11-2018,2,1,1,2,48,8,3,0,0,0,0,-1,9,-1
39768,77.26500705,28.6131153,6,3,2,1,7,15:00,102,E08000003,3,635,6,30,0,-1,-1,0,0,0,1,1,1,0,0,1,2,E01005106,12-11-2018,2,2,2,2,17,4,3,0,0,1,0,-1,9,-1
39769,77.19576052,28.57523672,6,3,1,1,7,21:15,102,E08000003,3,665,3,30,3,2,3,62,0,5,7,1,1,0,0,1,2,E01005131,19-11-2018,1,1,2,2,14,3,3,0,0,1,0,-1,9,2
39770,77.12868586,28.63718304,6,3,1,1,5,19:00,102,E08000003,6,0,6,30,6,4,6,0,0,0,4,4,1,0,0,1,1,E01005109,24-11-2018,2,1,1,1,44,7,2,0,0,0,0,-1,1,1
39771,77.19531292,28.61409108,6,3,1,1,2,11:40,102,E08000003,6,0,6,30,0,-1,-1,0,0,0,1,3,3,0,0,1,2,E01005105,28-11-2018,1,1,1,1,22,5,2,0,0,0,0,-1,9,1
39772,77.13142942,28.60201924,6,3,2,1,5,08:45,102,E08000003,5,0,3,30,3,4,6,0,1,0,1,1,1,0,0,1,2,E01005226,24-11-2018,1,1,1,1,13,3,3,0,0,0,0,-1,1,-1
39773,77.14819007,28.64695072,6,3,3,2,6,20:30,102,E08000003,3,662,6,30,3,4,6,0,0,0,4,1,1,0,0,1,1,E01005096,25-11-2018,2,1,1,1,16,4,3,0,0,0,0,-1,3,1
39774,77.15030512,28.69477213,6,3,2,2,1,02:50,102,E08000003,3,56,3,30,6,2,3,6024,0,5,4,1,2,0,0,1,1,E01005148,27-11-2018,2,1,1,1,35,6,3,0,0,0,0,-1,1,-1
39775,77.0961728,28.5697203,6,2,1,1,6,15:05,102,E08000003,3,635,6,30,0,-1,-1,0,0,0,1,1,1,0,0,1,1,E01005108,25-11-2018,1,1,3,1,12,3,3,5,3,0,0,-1,0,2
39776,77.28585701,28.68985396,6,3,2,1,7,14:40,102,E08000003,3,664,3,30,9,2,3,6010,0,5,1,1,1,0,0,1,1,E01005204,26-11-2018,2,1,1,2,18,4,3,0,0,0,0,-1,9,1
39777,77.29920557,28.66931971,6,3,2,1,7,13:30,102,E08000003,6,0,6,30,0,-1,-1,0,0,0,1,1,1,0,0,1,1,E01005203,26-11-2018,2,2,2,1,-1,-1,3,0,0,2,0,-1,9,1
39778,77.35974815,28.71512848,6,3,1,1,1,14:15,102,E08000003,6,0,6,30,0,-1,-1,0,0,0,1,1,2,0,0,1,1,E01005097,27-11-2018,1,1,1,1,20,4,1,0,0,0,0,-1,9,1
39779,77.32862403,28.6993834,6,3,2,1,4,08:45,102,E08000003,2,57,1,30,1,3,6,0,0,0,1,2,2,0,0,1,2,E01005212,30-11-2018,1,1,3,1,13,3,3,5,3,0,0,-1,0,2
39780,77.19569886,28.55650523,6,3,1,1,1,20:15,102,E08000003,3,34,6,30,6,2,3,56,0,0,4,9,1,0,0,1,2,E01005131,27-11-2018,1,1,2,2,16,4,3,0,0,1,0,-1,9,3
39781,77.23444706,28.57505414,6,3,2,1,3,11:10,102,E08000003,3,6010,6,30,6,2,5,0,0,0,1,8,2,0,0,1,1,E01005144,29-11-2018,2,2,1,2,40,7,3,0,0,0,0,-1,9,-1
39782,77.14372841,28.59103654,6,3,1,1,7,09:53,102,E08000003,6,0,6,30,3,4,6,0,0,0,1,1,1,0,0,1,1,E01005203,26-11-2018,2,3,1,1,29,6,3,0,0,0,0,-1,9,1
39783,77.26380775,28.61577239,6,3,2,1,7,11:45,102,E08000003,3,662,6,30,9,4,6,0,0,0,1,1,2,0,0,1,1,E01005096,26-11-2018,3,1,2,2,23,5,3,0,0,1,0,-1,9,1
39784,77.12311564,28.55457396,6,2,1,1,1,13:35,102,E08000003,3,665,6,30,9,4,6,0,0,4,1,2,2,0,0,1,1,E01005131,27-11-2018,3,2,1,1,43,7,3,0,0,0,0,-1,9,1
39785,77.28936303,28.55988323,6,3,3,1,5,15:10,102,E08000003,6,0,6,30,6,2,3,56,0,4,4,5,2,0,0,1,1,E01005148,01-12-2018,1,1,1,1,41,7,2,0,0,0,0,-1,4,1
39786,77.25536633,28.69002915,6,3,2,1,5,13:20,102,E08000003,3,665,6,30,3,4,6,0,0,0,1,1,2,0,0,1,1,E01005143,01-12-2018,1,1,1,2,40,7,3,0,0,0,0,-1,9,-1
39787,77.36566073,28.60319607,6,3,2,2,6,15:29,102,E08000003,6,0,3,30,6,4,6,0,0,0,1,1,1,0,0,1,1,E01005144,02-12-2018,2,1,1,1,18,4,3,0,0,0,0,-1,3,1
39788,77.27562402,28.71131546,6,3,1,1,5,19:15,102,E08000003,3,5103,6,30,0,-1,-1,0,0,0,4,2,2,0,0,1,1,E01005127,01-12-2018,2,1,1,2,40,7,3,0,0,0,0,-1,9,1
39789,77.15117205,28.63204808,6,3,1,1,5,15:15,102,E08000003,3,6104,6,30,0,-1,-1,0,0,0,1,8,2,0,0,1,2,E01005100,01-12-2018,2,1,2,2,18,4,3,0,0,2,3,-1,11,1
39790,77.16535735,28.57780323,6,3,1,1,7,23:00,102,E08000003,3,5103,9,30,9,4,3,5103,0,0,4,1,2,0,0,1,2,E01005127,03-12-2018,2,2,2,2,17,4,3,0,0,2,3,-1,11,-1
39791,77.37156681,28.68027131,6,3,1,1,3,02:05,102,E08000003,3,6042,6,30,3,2,6,0,0,5,4,1,2,0,0,1,1,E01005131,06-12-2018,2,3,2,2,17,4,3,0,0,2,3,-1,11,-1
39792,77.07744556,28.61287608,6,3,1,1,3,16:15,102,E08000003,5,0,6,30,3,4,6,0,0,0,4,1,1,0,0,1,1,E01005204,06-12-2018,1,1,1,1,56,9,2,0,0,0,0,-1,9,2
39793,77.22272814,28.54642676,6,3,3,1,4,18:40,102,E08000003,3,5103,6,30,3,4,6,0,0,0,4,2,2,0,0,1,1,E01005134,07-12-2018,1,1,1,1,18,4,2,0,0,0,0,-1,9,1
39794,77.34761565,28.71938149,6,3,2,1,5,01:30,102,E08000003,3,34,6,30,7,2,3,6042,0,0,4,1,1,0,0,1,1,E01005127,08-12-2018,1,3,2,1,18,4,3,0,0,2,0,-1,9,-1
39795,77.09694041,28.53482296,6,3,1,1,5,10:15,102,E08000003,3,34,3,30,9,4,6,0,0,0,1,1,1,0,0,1,1,E01005127,08-12-2018,2,2,2,2,29,6,3,0,0,1,0,-1,9,1
39796,77.09214254,28.59006713,6,3,1,1,5,16:43,102,E08000003,6,0,6,30,3,2,6,0,0,5,4,1,1,0,2,1,1,E01005131,08-12-2018,2,1,1,1,32,6,3,0,0,0,0,-1,9,1
39797,77.16233232,28.64442886,6,3,2,1,5,09:25,102,E08000003,3,62,6,30,6,1,6,0,0,5,1,1,1,0,0,1,2,E01005131,08-12-2018,2,1,2,2,25,5,3,0,0,1,0,-1,9,1
39798,77.35345432,28.55147055,6,3,3,2,4,23:55,102,E08000003,3,34,2,30,6,2,3,62,0,0,4,1,2,0,0,1,1,E01005127,30-11-2018,3,2,2,2,44,7,3,0,0,1,0,-1,9,-1
39799,77.32877554,28.54197957,6,3,2,1,2,07:20,102,E08000003,3,635,6,30,3,4,6,0,0,0,1,2,2,0,0,1,2,E01005110,05-12-2018,1,1,1,2,28,6,3,0,0,0,0,-1,9,1
39800,77.31290387,28.54357843,6,3,2,3,2,15:50,102,E08000003,6,0,6,30,6,4,6,0,0,0,4,2,2,0,0,1,1,E01005129,05-12-2018,1,2,2,1,24,5,3,0,0,2,0,-1,9,1
39801,77.27059993,28.6513911,6,3,2,1,3,13:41,102,E08000003,3,5103,6,30,6,2,6,0,0,0,1,1,1,0,0,1,1,E01005134,06-12-2018,1,3,2,2,20,4,3,0,0,1,0,-1,9,1