Accident_Index,longitude,latitude,Police_Force,Accident_Severity,Number_of_Vehicles,Number_of_Casualties,Day_of_Week,Time,Local_Authority_(District),Local_Authority_(Highway),1st_Road_Class,1st_Road_Number,Road_Type,Speed_limit,Junction_Detail,Junction_Control,2nd_Road_Class,2nd_Road_Number,Pedestrian_Crossing-Human_Control,Pedestrian_Crossing-Physical_Facilities,Light_Conditions,Weather_Conditions,Road_Surface_Conditions,Special_Conditions_at_Site,Carriageway_Hazards,Urban_or_Rural_Area,Did_Police_Officer_Attend_Scene_of_Accident,LSOA_of_Accident_Location,Date,Vehicle_Reference,Casualty_Reference,Casualty_Class,Sex_of_Casualty,Age_of_Casualty,Age_Band_of_Casualty,Casualty_Severity,Pedestrian_Location,Pedestrian_Movement,Car_Passenger,Bus_or_Coach_Passenger,Pedestrian_Road_Maintenance_Worker,Casualty_Type,Casualty_Home_Area_Type
39923,77.08498858,28.62257305,6,3,1,1,5,16:30,102,E08000003,3,663,3,30,6,1,5,0,0,0,1,1,1,4,0,1,1,E01005251,13-01-2018,1,1,3,1,14,3,3,5,1,0,0,-1,0,1
39924,77.30957165,28.6102055,6,3,2,1,1,16:00,102,E08000003,5,0,6,30,6,2,6,0,0,0,1,1,2,2,0,1,1,E01005257,16-01-2018,1,1,3,1,29,6,3,5,2,0,0,-1,0,1
39925,77.20346766,28.72521161,6,3,1,1,4,16:15,102,E08000003,3,62,3,30,7,2,3,665,0,4,4,2,2,0,0,1,2,E01005131,19-01-2018,1,1,2,2,82,11,3,0,0,2,3,-1,11,-1
39926,77.26040218,28.7180158,6,3,2,1,5,18:55,102,E08000003,4,6469,6,30,3,2,3,56,0,0,4,1,2,0,0,1,2,E01005127,20-01-2018,1,1,3,1,16,4,2,9,5,0,0,-1,0,1
39927,77.07886497,28.57657273,6,3,1,1,7,23:55,102,E08000003,3,5103,6,30,6,2,4,1469,0,0,4,1,1,0,0,1,1,E01005127,22-01-2018,1,1,1,2,19,4,3,0,0,0,0,-1,9,1
39928,77.2412985,28.72845427,6,3,1,1,1,16:20,102,E08000003,6,0,9,30,9,4,6,0,0,0,1,1,1,0,0,1,2,E01005131,23-01-2018,1,2,2,2,20,4,3,0,0,1,0,-1,9,1
39929,77.22620087,28.66973898,6,3,1,1,1,16:00,102,E08000003,6,0,6,30,3,4,3,34,0,0,1,1,1,0,0,1,1,E01005134,23-01-2018,2,1,1,1,35,6,3,0,0,0,0,-1,9,1
39930,77.3308209,28.65221118,6,3,1,6,1,04:35,102,E08000003,6,0,6,30,3,4,6,0,0,0,4,8,4,5,0,1,1,E01005256,23-01-2018,2,2,2,1,1,1,3,0,0,2,0,-1,9,1
39931,77.20854399,28.55154799,6,3,2,2,2,14:05,102,E08000003,3,57,6,30,0,-1,6,0,0,0,1,1,1,0,0,1,2,E01005211,24-01-2018,2,1,1,2,19,4,3,0,0,0,0,-1,9,1
39932,77.34114069,28.55966093,6,3,2,1,2,13:05,102,E08000003,3,6010,3,30,3,2,6,0,0,4,1,1,1,0,0,1,2,E01005096,24-01-2018,2,2,2,2,54,8,3,0,0,1,0,-1,9,1
39933,77.34178351,28.655375,6,3,1,1,2,15:30,102,E08000003,3,663,3,40,6,2,6,0,0,4,1,1,1,0,0,1,2,E01005247,24-01-2018,2,1,1,2,73,10,3,0,0,0,0,-1,9,-1
39934,77.32283065,28.58417177,6,2,1,2,7,22:40,102,E08000003,3,56,6,30,6,2,6,0,0,0,4,1,1,0,0,1,1,E01005131,22-01-2018,1,1,2,1,9,2,3,0,0,2,0,-1,1,1
39935,77.14539166,28.70101145,6,3,2,1,6,20:00,102,E08000003,3,6010,3,30,3,2,6,0,0,5,4,1,2,0,0,1,2,E01005106,14-01-2018,1,2,1,1,8,2,3,0,0,0,0,-1,1,1
39936,77.25773563,28.71173038,6,3,2,1,5,11:35,102,E08000003,6,0,6,30,6,3,6,0,0,0,1,1,1,0,0,1,1,E01005131,27-01-2018,1,1,2,1,33,6,3,0,0,1,0,-1,9,1
39937,77.07205865,28.70389121,6,2,1,2,6,08:30,102,E08000003,5,0,6,30,0,-1,-1,0,0,0,1,1,2,0,0,1,1,E01005137,28-01-2018,2,1,1,2,18,4,3,0,0,0,0,-1,9,1
39938,77.19225615,28.64687947,6,3,1,1,4,07:55,102,E08000003,3,34,6,30,3,4,3,34,0,0,1,1,1,0,0,1,1,E01005127,26-01-2018,2,2,2,2,-1,-1,3,0,0,1,0,-1,9,1
39939,77.21003345,28.70569599,6,3,1,2,3,18:10,102,E08000003,6,0,6,30,3,4,6,0,0,4,4,2,2,0,0,1,1,E01005165,25-01-2018,1,1,3,2,5,1,3,5,4,0,0,-1,0,1
39940,77.28607061,28.56803544,6,3,1,1,2,15:50,102,E08000003,5,0,6,30,6,4,5,0,0,0,1,1,1,0,0,1,1,E01005249,24-01-2018,1,1,3,1,27,6,3,5,3,0,0,-1,0,1
39941,77.12175606,28.62400498,6,3,2,3,2,17:15,102,E08000003,3,62,6,30,9,2,3,6010,0,0,4,1,2,0,0,1,2,E01005129,24-01-2018,2,1,1,2,49,8,3,0,0,0,0,-1,9,1
39942,77.06434565,28.6931754,6,3,1,1,7,20:50,102,E08000003,3,56,6,30,9,4,3,6041,0,0,4,1,1,0,0,1,1,E01005131,29-01-2018,2,2,2,2,14,3,3,0,0,1,0,-1,9,1
39943,77.10257332,28.71896259,6,3,2,1,5,14:40,102,E08000003,3,576,3,40,3,2,3,6104,0,0,1,1,1,4,0,2,1,E01005160,27-01-2018,2,3,2,2,27,6,3,0,0,2,0,-1,9,1
39944,77.26622562,28.72119809,6,2,1,1,3,20:15,102,E08000003,3,5103,6,30,6,2,3,34,0,5,4,2,2,0,0,1,2,E01005127,18-01-2018,2,1,1,1,31,6,3,0,0,0,0,-1,9,1
39945,77.06228445,28.67826802,6,3,2,1,6,17:06,102,E08000003,3,62,6,30,6,2,6,0,0,5,4,1,1,0,0,1,1,E01005256,28-01-2018,1,1,3,1,48,8,3,5,3,0,0,-1,0,1
39946,77.12848067,28.70908374,6,3,2,1,7,19:15,102,E08000003,3,6143,3,30,3,4,6,0,0,0,4,1,1,0,0,1,2,E01005127,29-01-2018,2,1,1,1,32,6,3,0,0,0,0,-1,9,-1
39947,77.32574635,28.66231488,6,3,2,2,4,08:12,102,E08000003,3,664,6,30,6,4,3,6010,0,5,1,1,1,0,0,1,1,E01005204,26-01-2018,1,1,3,2,14,3,3,5,1,0,0,-1,0,1
39948,77.15036647,28.72300257,6,3,2,1,2,10:30,102,E08000003,3,34,6,30,6,4,4,6469,0,0,1,1,2,0,0,1,2,E01005127,31-01-2018,2,1,1,2,27,6,3,0,0,0,0,-1,9,1
39949,77.25940857,28.68416512,6,2,1,1,3,14:00,102,E08000003,3,6,6,30,6,2,6,0,0,4,1,1,1,0,0,1,2,E01005134,01-02-2018,2,1,1,2,40,7,3,0,0,0,0,-1,9,-1
39950,77.29010218,28.57935384,6,3,1,1,4,12:18,102,E08000003,3,34,6,30,9,4,5,0,0,0,1,1,1,0,0,1,2,E01005127,02-02-2018,1,1,3,2,4,1,2,5,1,0,0,-1,0,-1
39951,77.06684419,28.66001425,6,2,1,1,4,18:05,102,E08000003,5,0,6,30,9,4,5,0,0,0,4,1,1,0,0,1,1,E01005260,26-01-2018,1,1,1,1,44,7,3,0,0,0,0,-1,9,-1
39952,77.08236172,28.71537122,6,3,1,1,5,18:50,102,E08000003,3,34,6,30,6,2,4,6469,0,5,4,1,1,0,0,1,1,E01005134,27-01-2018,1,1,2,2,25,5,3,0,0,2,0,-1,9,2
39953,77.17217319,28.61054937,6,3,2,1,6,21:43,102,E08000003,3,56,6,30,0,-1,-1,0,0,0,4,1,2,0,0,1,1,E01005127,28-01-2018,2,1,1,1,26,6,3,0,0,0,0,-1,9,1
39954,77.17452502,28.70208679,6,3,2,1,7,03:32,102,E08000003,3,6010,3,30,7,2,3,662,0,0,4,1,2,0,0,1,1,E01005106,29-01-2018,1,1,1,2,19,4,3,0,0,0,0,-1,9,3
39955,77.12694497,28.61099038,6,3,2,1,2,17:20,102,E08000003,3,576,3,30,0,-1,-1,0,0,0,4,1,1,0,0,1,1,E01005160,31-01-2018,1,2,2,2,19,4,3,0,0,1,0,-1,9,-1
39956,77.07246366,28.64385169,6,3,2,1,3,07:03,102,E08000003,3,635,6,30,3,4,6,0,0,0,1,1,2,0,0,1,1,E01005106,01-02-2018,2,1,1,2,53,8,3,0,0,0,0,-1,9,1
39957,77.08455317,28.64718773,6,3,2,2,4,16:10,102,E08000003,3,576,6,30,3,2,3,6044,0,0,1,1,2,0,0,1,1,E01005160,26-01-2018,1,1,3,2,11,3,2,5,2,0,0,-1,0,1
39958,77.08885914,28.58226003,6,3,1,1,1,02:25,102,E08000003,3,62,6,30,6,2,5,0,0,0,4,1,2,0,0,1,2,E01005256,06-02-2018,1,1,3,1,22,5,2,5,3,0,0,-1,0,-1
39959,77.29853046,28.647026,6,3,2,1,1,00:25,102,E08000003,3,6042,3,30,6,2,3,56,0,0,4,2,2,0,0,1,1,E01005148,06-02-2018,1,1,1,1,5,1,3,0,0,0,0,-1,1,1
39960,77.34209322,28.56981015,6,3,2,3,1,02:35,102,E08000003,3,662,6,30,3,4,6,0,0,0,4,1,2,0,0,1,1,E01005095,06-02-2018,1,1,3,2,17,4,3,5,1,0,0,-1,0,1
39961,77.12363899,28.66104452,6,2,1,3,5,14:18,102,E08000003,3,5103,6,30,0,-1,-1,0,0,4,1,1,1,0,0,1,2,E01005127,03-02-2018,1,1,3,2,9,2,3,5,4,0,0,-1,0,1
39962,77.14607959,28.68132711,6,3,1,1,5,15:30,102,E08000003,6,0,6,30,0,-1,-1,0,0,0,1,1,1,0,0,1,2,E01005132,03-02-2018,2,1,1,1,42,7,3,0,0,0,0,-1,1,-1
39963,77.13816319,28.53981551,6,3,2,1,4,16:05,102,E08000003,3,663,3,30,6,2,3,6104,0,5,1,1,1,0,0,1,2,E01005135,02-02-2018,2,1,1,1,43,7,3,0,0,0,0,-1,9,1
39964,77.1484824,28.66017441,6,3,2,1,4,13:30,102,E08000003,4,6393,3,30,9,2,6,0,0,0,1,1,1,0,0,1,1,E01005225,02-02-2018,1,1,2,2,6,2,3,0,0,2,0,-1,9,-1
39965,77.0914399,28.610431,6,3,2,1,5,17:10,102,E08000003,3,6042,9,30,9,4,6,0,0,0,1,1,1,0,0,1,2,E01005131,03-02-2018,2,2,1,1,42,7,3,0,0,0,0,-1,9,-1
39966,77.19678278,28.66958594,6,3,3,2,2,22:20,102,E08000003,3,56,6,30,0,-1,3,34,0,0,4,1,1,0,0,1,1,E01005127,07-02-2018,2,3,2,2,33,6,3,0,0,1,0,-1,9,-1
39967,77.16920078,28.67777309,6,3,2,2,7,19:30,102,E08000003,5,0,6,30,6,2,3,6010,0,0,4,1,1,0,0,1,1,E01005146,05-02-2018,2,4,2,1,12,3,3,0,0,2,0,-1,9,-1
39968,77.3455648,28.59059124,6,3,2,3,6,17:30,102,E08000003,3,662,6,30,3,4,6,0,0,0,1,1,1,0,0,1,2,E01005095,04-02-2018,2,5,2,2,11,3,3,0,0,2,0,-1,9,-1
39969,77.24319636,28.60800968,6,3,2,3,7,19:55,102,E08000003,3,56,6,30,6,2,6,0,0,0,4,1,1,0,0,1,2,E01005131,22-01-2018,2,6,2,1,9,2,3,0,0,2,0,-1,9,-1
39970,77.11291836,28.62330984,6,3,1,1,3,14:10,102,E08000003,3,6042,6,30,6,4,6,0,0,0,1,1,1,0,0,1,1,E01005131,01-02-2018,1,1,1,2,67,10,3,0,0,0,0,-1,9,-1
39971,77.14068831,28.56174137,6,3,1,1,5,14:45,102,E08000003,3,5103,2,30,6,2,3,62,0,8,1,2,2,0,0,1,1,E01005134,03-02-2018,1,1,1,1,22,5,3,0,0,0,0,-1,9,1
39972,77.35314272,28.62395056,6,3,2,1,5,09:05,102,E08000003,3,6010,6,30,0,-1,-1,0,0,0,1,1,2,0,0,1,1,E01005257,03-02-2018,2,1,1,2,21,5,3,0,0,0,0,-1,9,1
39973,77.30270709,28.60196887,6,3,2,1,6,06:56,102,E08000003,5,0,6,30,3,4,6,0,0,0,4,1,1,0,0,1,1,E01005132,04-02-2018,2,2,2,1,58,9,3,0,0,1,0,-1,9,1
39974,77.15902574,28.55015778,6,2,2,1,1,00:15,102,E08000003,3,662,6,30,6,4,6,0,0,0,4,1,1,0,0,1,1,E01005092,20-02-2018,2,1,1,2,32,6,3,0,0,0,0,-1,9,1
39975,77.20447477,28.68084647,6,3,2,1,5,13:15,102,E08000003,6,0,6,30,0,-1,-1,0,0,0,1,1,1,0,7,1,1,E01005142,10-02-2018,1,1,3,1,8,2,2,5,2,0,0,-1,0,-1
39976,77.35733712,28.59520071,6,3,2,1,4,07:32,102,E08000003,3,6010,6,30,6,2,3,665,0,5,1,1,2,0,0,1,2,E01005147,09-02-2018,2,1,1,2,19,4,3,0,0,0,0,-1,9,1
39977,77.29951402,28.70599225,6,3,2,1,1,16:55,102,E08000003,6,0,6,30,0,-1,-1,0,0,0,4,1,2,0,0,1,2,E01005108,13-02-2018,1,2,1,1,53,8,3,0,0,0,0,-1,9,1
39978,77.28294651,28.53653776,6,3,1,1,7,21:45,102,E08000003,3,34,6,30,6,2,3,6042,0,5,4,2,2,0,0,1,1,E01005127,12-02-2018,2,1,1,1,44,7,2,0,0,0,0,-1,9,1
39979,77.06740132,28.63044161,6,3,2,1,6,23:40,102,E08000003,6,0,6,30,6,4,6,0,0,0,4,2,2,0,0,1,1,E01005131,11-02-2018,1,1,1,2,44,7,3,0,0,0,0,-1,9,1
39980,77.13227054,28.67270058,6,3,2,1,2,12:30,102,E08000003,3,664,6,30,6,2,3,6010,0,4,1,1,1,0,0,1,1,E01005204,07-02-2018,1,1,1,1,19,4,3,0,0,0,0,-1,2,1
39981,77.09560925,28.55120735,6,2,1,1,3,13:10,102,E08000003,6,0,6,30,3,4,6,0,0,0,1,1,1,0,0,1,1,E01005101,08-02-2018,1,1,3,2,49,8,3,9,7,0,0,-1,0,1
39982,77.16654749,28.55298822,6,3,2,2,5,13:42,102,E08000003,4,6180,6,30,6,4,6,0,0,0,1,1,1,0,0,1,1,E01005147,10-02-2018,1,1,2,2,48,8,3,0,0,1,0,-1,9,1
39983,77.07931815,28.55405219,6,3,2,1,6,20:45,102,E08000003,4,6181,6,30,7,4,6,0,0,0,4,2,2,0,0,1,2,E01005134,11-02-2018,1,1,1,1,20,4,3,0,0,0,0,-1,3,-1
39984,77.27766184,28.53352512,6,3,2,1,4,23:20,102,E08000003,3,56,6,30,3,4,6,0,0,0,4,2,2,4,0,1,2,E01005148,09-02-2018,2,2,2,2,35,6,3,0,0,2,0,-1,9,-1
39985,77.19044615,28.70550982,6,3,2,1,4,22:20,102,E08000003,3,56,6,30,6,2,3,34,0,5,4,2,2,0,0,1,2,E01005131,09-02-2018,1,1,3,2,26,6,3,6,7,0,0,-1,0,1
39986,77.33624333,28.7184359,6,3,1,1,1,00:08,102,E08000003,3,56,6,30,3,4,6,0,0,0,7,1,1,0,0,1,1,E01005131,06-02-2018,2,1,1,2,26,6,3,0,0,0,0,-1,9,1
39987,77.16302361,28.63401387,6,3,2,1,2,20:00,102,E08000003,3,6042,6,30,3,2,6,0,0,5,4,1,1,0,0,1,1,E01005131,14-02-2018,1,2,1,1,67,10,3,0,0,0,0,-1,9,1
39988,77.30577575,28.60777452,6,3,1,1,6,15:55,102,E08000003,3,664,6,30,6,2,5,0,0,0,1,2,2,0,0,1,1,E01005205,11-02-2018,2,1,1,1,21,5,3,0,0,0,0,-1,9,1
39989,77.18382832,28.66956947,6,3,2,4,6,19:30,102,E08000003,3,6,2,30,3,2,6,0,0,0,4,2,2,0,0,1,1,E01005134,11-02-2018,1,1,2,2,54,8,3,0,0,1,0,-1,9,-1
39990,77.09893822,28.71456708,6,3,1,2,1,18:04,102,E08000003,6,0,6,30,3,4,6,0,0,0,4,1,-1,4,0,1,1,E01005131,20-02-2018,2,2,1,1,26,6,3,0,0,0,0,-1,9,1
39991,77.14535212,28.6793733,6,3,1,1,6,11:00,102,E08000003,6,0,6,30,6,4,6,0,0,0,1,1,1,0,0,1,2,E01005109,18-02-2018,1,1,1,1,25,5,3,0,0,0,0,-1,5,1
39992,77.16606122,28.54044089,6,3,1,1,2,15:45,102,E08000003,6,0,6,30,3,2,6,0,0,0,1,1,1,0,0,1,2,E01005131,21-03-2018,2,2,1,1,30,6,3,0,0,0,0,-1,9,-1
39993,77.12349128,28.54566702,6,3,2,2,3,16:15,102,E08000003,6,0,3,30,3,4,6,0,0,0,1,1,1,0,1,1,1,E01005131,15-02-2018,3,1,2,2,28,6,3,0,0,1,0,-1,9,1
39994,77.32810677,28.63055889,6,3,1,1,4,14:09,102,E08000003,6,0,2,30,0,-1,-1,0,2,5,1,1,1,0,0,1,2,E01005134,16-02-2018,1,1,1,2,21,5,3,0,0,0,0,-1,9,-1
39995,77.07113052,28.66355477,6,3,2,2,5,08:10,102,E08000003,6,0,6,30,9,4,5,0,0,0,1,1,2,0,2,1,2,E01006001,17-02-2018,1,2,2,2,20,4,3,0,0,1,0,-1,9,-1
39996,77.18486135,28.64531161,6,3,4,4,6,14:55,102,E08000003,3,665,6,30,6,4,6,0,0,0,1,2,2,0,0,1,2,E01005147,11-02-2018,1,1,3,2,17,4,3,6,5,0,0,-1,0,-1
39997,77.19430365,28.53767556,6,3,2,2,7,22:30,107,E08000006,3,576,6,30,6,2,3,665,0,5,4,2,2,0,0,1,2,E01005646,12-02-2018,1,2,3,2,25,5,3,6,5,0,0,-1,0,1
39998,77.1152142,28.62113255,6,3,1,1,6,23:20,102,E08000003,3,62,3,30,7,2,3,6,0,5,4,1,1,0,0,1,2,E01005134,18-02-2018,2,1,1,2,38,7,3,0,0,0,0,-1,9,1
39999,77.1205622,28.67988307,6,3,1,1,2,20:08,102,E08000003,3,34,6,30,0,-1,-1,0,0,0,4,1,1,0,0,1,2,E01005127,14-02-2018,1,1,1,2,28,6,3,0,0,0,0,-1,9,1
40000,77.18542258,28.58061072,6,3,2,1,3,14:50,102,E08000003,3,34,3,30,3,2,4,5228,0,0,1,1,1,0,0,1,1,E01005127,15-02-2018,1,1,1,2,25,5,3,0,0,0,0,-1,9,1
40001,77.26902247,28.69823023,6,2,1,1,6,14:15,102,E08000003,3,665,6,30,6,2,6,0,0,0,1,1,1,0,0,1,2,E01005142,18-02-2018,2,1,2,2,18,4,3,0,0,2,0,-1,9,1
40002,77.11519289,28.55761468,6,3,1,1,5,21:33,102,E08000003,6,0,6,30,6,4,6,0,0,0,4,2,2,0,0,1,2,E01005092,17-02-2018,2,2,2,1,20,4,3,0,0,2,0,-1,9,-1
40003,77.10533632,28.70026419,6,3,3,2,6,23:18,102,E08000003,3,665,6,30,3,4,6,0,0,0,4,1,1,0,0,1,1,E01005131,18-02-2018,2,1,2,1,49,8,3,0,0,1,0,-1,9,-1
40004,77.25945711,28.69905435,6,3,2,1,6,16:30,102,E08000003,5,0,6,30,3,4,5,0,0,0,1,1,1,0,0,1,1,E01005252,18-02-2018,2,1,1,2,20,4,3,0,0,0,0,-1,9,1
40005,77.11424639,28.5770032,6,3,2,1,6,13:10,102,E08000003,6,0,6,30,3,4,3,635,0,0,1,1,2,0,0,1,2,E01005105,18-02-2018,2,2,2,2,26,6,3,0,0,1,0,-1,9,1
40006,77.29132742,28.71620629,6,2,1,1,7,08:00,102,E08000003,3,6104,6,30,3,4,6,0,0,4,1,1,2,0,0,1,1,E01005102,19-02-2018,1,1,3,1,7,2,3,5,3,0,0,-1,0,1
40007,77.1182121,28.68659599,6,3,2,2,2,09:15,102,E08000003,3,56,6,30,3,2,6,0,0,4,1,1,1,0,0,1,1,E01005127,21-02-2018,1,1,1,1,17,4,2,0,0,0,0,-1,9,-1
40008,77.33148753,28.67373115,6,3,3,1,1,18:00,102,E08000003,5,0,6,30,3,4,6,0,0,0,4,1,1,0,0,1,1,E01005146,20-02-2018,3,2,1,1,45,7,3,0,0,0,0,-1,9,1
40009,77.22874516,28.67774127,6,3,2,1,3,19:10,102,E08000003,3,665,3,30,6,2,6,0,0,0,4,1,2,0,0,1,2,E01005131,22-02-2018,3,3,2,2,11,3,3,0,0,2,0,-1,9,1
40010,77.21793812,28.70296329,6,3,2,1,4,19:30,102,E08000003,3,6010,6,30,6,2,3,665,0,5,4,3,2,0,0,1,1,E01005147,23-02-2018,3,4,2,2,11,3,3,0,0,2,0,-1,9,1
40011,77.35419426,28.66305313,6,3,1,1,4,03:15,102,E08000003,3,664,9,30,0,-1,-1,0,0,0,4,4,1,0,0,1,1,E01005130,23-02-2018,1,1,3,2,9,2,3,9,8,0,0,-1,0,1
40012,77.12899675,28.69269177,6,3,2,2,4,03:40,102,E08000003,3,665,6,30,6,4,6,0,0,0,4,3,2,0,0,1,1,E01005147,23-02-2018,1,1,3,2,4,1,2,5,4,0,0,-1,0,1
40013,77.26251037,28.71947937,6,3,1,1,6,11:45,102,E08000003,3,665,6,30,9,4,4,6180,0,0,1,1,2,0,0,1,1,E01005145,25-02-2018,2,1,1,2,65,9,3,0,0,0,0,-1,9,1
40014,77.32392274,28.70303357,6,3,1,3,1,02:10,102,E08000003,3,665,6,30,3,2,3,62,0,0,4,1,1,0,0,1,2,E01005131,27-02-2018,2,2,2,2,58,9,3,0,0,1,0,-1,9,1
40015,77.34975089,28.65218622,6,2,1,1,4,18:33,102,E08000003,3,635,6,30,3,4,6,0,0,0,4,3,2,0,0,1,1,E01005106,23-02-2018,2,1,1,2,36,7,3,0,0,0,0,-1,9,1
40016,77.1220688,28.69336105,6,3,2,1,7,11:30,102,E08000003,6,0,9,30,9,4,3,665,0,0,1,1,1,0,0,1,2,E01005144,26-02-2018,1,1,3,1,15,3,3,5,1,0,0,-1,0,-1
40017,77.3705401,28.6535693,6,2,2,1,3,16:20,102,E08000003,3,6104,6,30,3,4,6,0,0,0,1,1,1,0,0,1,1,E01005099,01-03-2018,1,1,3,2,23,5,3,6,9,0,0,-1,0,1
40018,77.1872268,28.71088365,6,2,1,2,1,15:00,102,E08000003,6,0,6,30,0,-1,-1,0,0,0,1,1,1,0,0,1,1,E01005140,27-02-2018,1,1,1,1,10,2,3,0,0,0,0,-1,1,1
40019,77.27913017,28.6777998,6,3,1,1,2,01:50,102,E08000003,4,6469,6,30,6,2,3,6,0,5,4,1,1,0,0,1,1,E01005131,21-02-2018,1,1,1,2,45,7,3,0,0,0,0,-1,9,-1
40020,77.23903161,28.55104657,6,3,1,1,5,00:30,102,E08000003,3,5103,6,30,9,2,3,6,0,5,4,1,2,0,0,1,1,E01005134,24-02-2018,1,1,3,2,2,1,2,5,2,0,0,-1,0,1
40021,77.31474631,28.71449056,6,1,2,1,6,17:35,102,E08000003,6,0,1,30,2,4,6,0,0,0,1,9,1,0,0,1,2,E01005148,25-02-2018,3,1,1,1,20,4,3,0,0,0,0,-1,9,1
40022,77.24215279,28.67136755,6,3,1,1,5,16:30,102,E08000003,4,6469,6,30,6,2,3,34,0,0,1,1,1,0,0,1,1,E01005127,24-02-2018,1,1,1,1,36,7,3,0,0,0,0,-1,9,1
40023,77.3579651,28.58630266,6,3,1,1,6,23:30,102,E08000003,3,635,6,30,6,2,3,6010,0,0,4,1,2,0,0,1,1,E01005106,25-02-2018,1,3,2,2,63,9,3,0,0,2,0,-1,9,-1
40024,77.31264082,28.53250776,6,3,2,2,7,14:30,102,E08000003,3,62,2,30,3,4,6,0,0,0,1,1,2,0,0,1,1,E01005134,26-02-2018,2,2,1,1,36,7,3,0,0,0,0,-1,9,-1
40025,77.10050018,28.6228449,6,3,2,1,1,23:35,102,E08000003,3,62,6,30,7,3,3,6010,0,0,4,1,1,0,0,1,1,E01005257,27-02-2018,1,1,1,2,28,6,3,0,0,0,0,-1,9,3
40026,77.12475409,28.65799647,6,3,1,1,3,18:13,102,E08000003,4,6393,6,30,3,4,6,0,0,0,4,1,1,0,0,1,2,E01005228,01-03-2018,2,1,1,2,43,7,3,0,0,0,0,-1,9,1
40027,77.29215976,28.72714578,6,3,2,2,4,16:58,102,E08000003,4,6393,6,30,3,4,6,0,0,0,1,3,2,0,0,1,1,E01005228,02-03-2018,1,2,2,2,63,9,3,0,0,1,0,-1,8,-1
40028,77.29238263,28.6410057,6,3,2,1,4,15:25,102,E08000003,3,665,2,30,6,4,6,0,0,0,1,1,1,0,0,1,1,E01005147,02-03-2018,1,3,2,2,47,8,3,0,0,2,0,-1,8,-1
40029,77.27256242,28.53756811,6,3,2,1,6,09:45,102,E08000003,3,665,6,30,6,2,3,6042,0,0,1,2,2,0,0,1,1,E01005131,04-03-2018,2,1,1,1,16,4,3,0,0,0,0,-1,2,1
40030,77.26745349,28.54007335,6,2,1,1,5,16:56,102,E08000003,5,0,6,30,9,4,5,0,0,0,1,1,1,0,0,1,1,E01005252,03-03-2018,1,1,1,2,26,6,3,0,0,0,0,-1,9,1
40031,77.29380008,28.59607922,6,3,2,1,5,10:18,102,E08000003,3,6010,6,30,3,2,5,0,0,0,1,1,2,0,0,1,1,E01005204,03-03-2018,2,2,1,1,57,9,3,0,0,0,0,-1,9,1
40032,77.35353458,28.54912288,6,3,2,2,6,10:50,102,E08000003,6,0,2,30,3,4,6,0,0,0,1,1,2,0,0,1,2,E01005131,04-03-2018,1,1,1,2,60,9,2,0,0,0,0,-1,9,1
40033,77.18951266,28.66996328,6,3,2,4,2,08:00,102,E08000003,3,664,6,30,0,-1,-1,0,0,0,1,1,1,0,0,1,1,E01005205,07-03-2018,1,2,2,1,55,8,2,0,0,1,0,-1,9,1
40034,77.27587282,28.65734969,6,3,1,1,7,10:40,102,E08000003,6,0,6,30,9,-1,6,0,0,0,1,1,1,0,0,1,1,E01005131,05-03-2018,2,1,1,2,36,7,3,0,0,0,0,-1,9,1
40035,77.23159869,28.62774676,6,3,2,1,3,17:35,102,E08000003,5,0,6,30,3,4,6,0,0,0,1,1,1,0,0,1,1,E01005131,08-03-2018,2,1,1,1,63,9,2,0,0,0,0,-1,1,1
40036,77.25938909,28.64311674,6,3,1,1,2,19:40,102,E08000003,3,665,3,30,3,4,6,0,0,0,4,1,1,0,0,1,2,E01005143,07-03-2018,1,1,1,2,47,8,3,0,0,0,0,-1,9,1
40037,77.0898635,28.56202468,6,3,1,1,5,17:37,102,E08000003,6,0,6,30,6,4,6,0,0,0,1,1,1,0,0,1,1,E01005165,10-03-2018,1,2,2,1,46,8,3,0,0,1,0,-1,9,1
40038,77.23358,28.6719409,6,3,2,1,6,16:15,102,E08000003,3,665,6,30,6,2,6,0,0,4,1,4,1,0,0,1,1,E01005142,11-03-2018,1,1,2,2,11,3,3,0,0,2,0,-1,9,1
40039,77.14202763,28.60862374,6,3,2,6,7,23:20,102,E08000003,3,664,3,30,6,2,6,0,0,0,4,1,1,0,0,1,1,E01005131,12-03-2018,1,2,2,2,11,3,3,0,0,1,0,-1,9,1
40040,77.2625114,28.64006039,6,3,2,2,5,18:15,102,E08000003,3,6143,6,30,3,2,3,57,0,0,1,1,1,0,0,1,2,E01005127,10-03-2018,1,1,3,2,6,2,2,10,3,0,0,-1,0,-1
40041,77.35057996,28.62631112,6,2,1,1,7,17:30,102,E08000003,3,665,6,30,6,2,6,0,0,4,1,1,1,0,0,1,2,E01005142,12-03-2018,1,1,3,1,3,1,3,10,1,0,0,-1,0,1
40042,77.13800733,28.55424949,6,2,2,1,1,19:30,102,E08000003,3,6104,6,30,3,4,6,0,0,0,4,1,1,0,0,1,2,E01005103,13-03-2018,2,1,2,2,53,8,2,0,0,1,0,-1,9,-1