Accident_Index,longitude,latitude,Police_Force,Accident_Severity,Number_of_Vehicles,Number_of_Casualties,Day_of_Week,Time,Local_Authority_(District),Local_Authority_(Highway),1st_Road_Class,1st_Road_Number,Road_Type,Speed_limit,Junction_Detail,Junction_Control,2nd_Road_Class,2nd_Road_Number,Pedestrian_Crossing-Human_Control,Pedestrian_Crossing-Physical_Facilities,Light_Conditions,Weather_Conditions,Road_Surface_Conditions,Special_Conditions_at_Site,Carriageway_Hazards,Urban_or_Rural_Area,Did_Police_Officer_Attend_Scene_of_Accident,LSOA_of_Accident_Location,Date,Vehicle_Reference,Casualty_Reference,Casualty_Class,Sex_of_Casualty,Age_of_Casualty,Age_Band_of_Casualty,Casualty_Severity,Pedestrian_Location,Pedestrian_Movement,Car_Passenger,Bus_or_Coach_Passenger,Pedestrian_Road_Maintenance_Worker,Casualty_Type,Casualty_Home_Area_Type
40405,77.22357979,28.67651434,6,3,2,1,7,22:53,102,E08000003,3,6,1,30,1,4,6,0,0,1,4,1,2,0,0,1,1,E01005065,10-09-2018,1,1,3,1,14,3,2,5,2,0,0,-1,0,-1
40406,77.13410839,28.61256976,6,3,1,1,1,03:41,102,E08000003,3,6,3,30,3,4,6,0,0,0,4,1,1,0,0,1,1,E01005065,11-09-2018,1,1,3,2,17,4,3,5,1,0,0,-1,0,1
40407,77.34649966,28.64646288,6,3,2,1,7,10:23,102,E08000003,6,0,6,30,3,4,6,0,0,0,1,2,2,0,0,1,1,E01005242,10-09-2018,1,1,1,1,21,5,3,0,0,0,0,-1,9,1
40408,77.14077474,28.66447292,6,3,2,1,6,19:00,102,E08000003,3,57,6,30,3,4,6,0,0,0,1,1,1,0,0,1,1,E01005061,09-09-2018,1,2,2,1,19,4,3,0,0,2,0,-1,9,1
40409,77.06286745,28.72745587,6,3,2,2,1,04:55,102,E08000003,3,57,6,30,6,4,6,0,0,4,4,1,1,3,0,1,1,E01005197,11-09-2018,1,3,2,1,19,4,3,0,0,1,0,-1,9,-1
40410,77.23508926,28.60187447,6,2,1,1,3,23:50,102,E08000003,5,0,6,30,6,2,4,5218,0,0,4,1,1,0,0,1,1,E01005302,13-09-2018,1,1,1,1,16,4,3,0,0,0,0,-1,2,1
40411,77.338318,28.63872829,6,3,2,2,7,11:55,102,E08000003,4,5093,3,40,3,4,6,0,0,0,1,1,2,0,0,1,1,E01005185,10-09-2018,1,1,1,1,29,6,2,0,0,0,0,-1,5,-1
40412,77.2356375,28.60297291,6,2,1,1,3,22:07,102,E08000003,4,6178,6,30,0,-1,-1,0,0,0,4,1,1,0,0,1,1,E01005201,13-09-2018,1,1,1,1,26,6,3,0,0,0,0,-1,8,-1
40413,77.33411268,28.69034634,6,3,1,1,3,17:10,102,E08000003,3,6,6,30,0,-1,-1,0,0,0,1,1,1,0,0,1,1,E01005232,13-09-2018,1,2,2,1,20,4,3,0,0,1,0,-1,8,-1
40414,77.06265478,28.68412605,6,3,2,1,7,13:45,102,E08000003,3,6,3,30,0,-1,-1,0,0,0,1,1,1,0,0,1,2,E01005232,10-09-2018,1,4,2,1,21,5,3,0,0,2,0,-1,8,-1
40415,77.16048493,28.55954543,6,3,2,1,7,12:35,102,E08000003,4,5117,6,30,6,2,6,0,0,0,1,1,1,0,0,1,1,E01005066,10-09-2018,2,6,2,1,31,6,3,0,0,1,0,-1,9,-1
40416,77.22645836,28.72566432,6,3,3,1,1,13:05,102,E08000003,3,5103,3,40,6,2,5,0,0,0,1,1,1,0,0,1,1,E01005181,11-09-2018,1,1,1,1,18,4,2,0,0,0,0,-1,3,1
40417,77.0948035,28.71682631,6,3,2,1,3,14:20,102,E08000003,3,6,3,30,3,4,6,0,0,0,1,1,1,0,0,1,2,E01005194,13-09-2018,1,1,3,1,44,7,3,10,9,0,0,-1,0,1
40418,77.16452733,28.64003453,6,3,2,1,4,12:15,102,E08000003,3,6,6,30,9,4,6,0,0,0,1,1,1,0,0,1,2,E01005222,14-09-2018,1,1,1,1,28,6,2,0,0,0,0,-1,5,1
40419,77.31079347,28.61993145,6,3,2,1,4,04:03,102,E08000003,3,57,6,30,0,-1,-1,0,0,0,1,1,2,0,0,1,1,E01005067,14-09-2018,1,1,1,1,20,4,3,0,0,0,0,-1,9,3
40420,77.05947312,28.59461604,6,3,2,1,5,16:50,102,E08000003,2,57,1,30,1,4,6,0,0,0,1,2,2,0,0,1,2,E01005127,15-09-2018,1,2,2,1,21,5,2,0,0,1,0,-1,9,1
40421,77.22568502,28.67281001,6,3,1,1,3,23:55,102,E08000003,3,6010,6,30,6,4,4,5093,0,4,4,1,1,0,0,1,2,E01005185,20-09-2018,1,3,2,2,20,4,3,0,0,2,0,-1,9,1
40422,77.07448299,28.66211262,6,3,2,4,3,14:30,102,E08000003,4,5117,6,30,6,2,6,0,0,4,1,1,1,0,0,1,2,E01005284,20-09-2018,2,1,1,1,41,7,3,0,0,0,0,-1,9,1
40423,77.24335857,28.55659029,6,2,1,1,1,00:15,102,E08000003,6,0,6,30,0,-1,-1,0,0,0,4,1,1,0,0,1,1,E01005209,25-09-2018,1,1,3,2,51,8,3,1,1,0,0,-1,0,1
40424,77.24210125,28.58282238,6,3,2,1,1,14:15,102,E08000003,6,0,6,30,0,-1,-1,0,0,0,1,1,1,0,0,1,1,E01005067,18-09-2018,1,1,1,1,28,6,3,0,0,0,0,-1,9,2
40425,77.34386155,28.64268658,6,3,2,1,3,08:50,102,E08000003,4,6178,6,30,0,-1,-1,0,0,0,1,1,1,0,0,1,1,E01005200,20-09-2018,2,1,1,1,55,8,3,0,0,0,0,-1,11,1
40426,77.35477582,28.70646159,6,3,1,1,3,14:35,102,E08000003,3,6,6,30,3,4,6,0,0,0,1,1,1,0,0,1,1,E01005234,20-09-2018,1,1,1,2,37,7,3,0,0,0,0,-1,9,1
40427,77.34769628,28.57469124,6,3,2,1,3,08:15,102,E08000003,3,57,6,30,3,4,6,0,0,0,1,2,2,0,0,1,1,E01005197,20-09-2018,1,1,3,1,8,2,3,10,1,0,0,-1,0,1
40428,77.08351303,28.61425019,6,3,2,1,4,18:30,102,E08000003,4,5219,6,30,3,4,6,0,0,0,1,1,1,0,0,1,1,E01005284,21-09-2018,2,1,1,1,43,7,3,0,0,0,0,-1,5,1
40429,77.09768611,28.63776038,6,3,2,1,7,10:10,102,E08000003,3,6010,6,30,6,2,5,0,0,0,1,1,1,0,0,1,1,E01005183,10-09-2018,1,1,1,2,27,6,3,0,0,0,0,-1,9,-1
40430,77.25808928,28.70613148,6,3,2,3,7,16:23,102,E08000003,3,6010,6,40,6,2,3,5103,0,0,1,1,1,0,0,1,1,E01005181,17-09-2018,2,2,1,2,34,6,3,0,0,0,0,-1,9,1
40431,77.1253811,28.65662256,6,2,2,2,7,20:45,102,E08000003,3,57,6,30,3,4,6,0,0,0,4,1,1,0,0,1,1,E01005197,10-09-2018,3,1,1,1,57,9,3,0,0,0,0,-1,9,-1
40432,77.16612276,28.53390051,6,3,2,2,7,18:00,102,E08000003,3,6,6,30,6,2,3,665,0,0,1,1,1,0,0,1,1,E01005063,17-09-2018,4,2,1,1,37,7,3,0,0,0,0,-1,5,1
40433,77.25593751,28.55226404,6,3,2,2,5,13:52,102,E08000003,6,0,6,30,6,4,6,0,0,0,1,1,1,0,0,1,1,E01005288,15-09-2018,4,3,3,1,32,6,2,6,8,0,0,-1,0,1
40434,77.2056439,28.58111259,6,3,1,1,1,17:30,102,E08000003,6,0,6,30,3,4,6,0,0,0,1,1,1,0,0,1,1,E01005194,18-09-2018,1,1,3,1,72,10,3,5,2,0,0,-1,0,3
40435,77.0755819,28.63144159,6,3,2,1,3,16:45,102,E08000003,2,57,3,50,0,-1,-1,0,0,0,1,1,1,0,0,1,1,E01005211,27-09-2018,1,1,1,1,17,4,3,0,0,0,0,-1,2,1
40436,77.06891407,28.53432829,6,3,1,1,4,18:55,102,E08000003,6,0,6,30,9,4,6,0,0,0,1,1,1,0,0,1,2,E01005222,21-09-2018,2,1,1,1,11,3,3,0,0,0,0,-1,1,1
40437,77.23344822,28.54214329,6,2,2,4,4,23:30,102,E08000003,3,34,6,30,3,4,6,0,0,0,4,1,1,0,0,1,1,E01005280,21-09-2018,1,1,1,1,12,3,3,0,0,0,0,-1,1,1
40438,77.25886346,28.64065449,6,3,2,1,5,09:05,102,E08000003,3,5184,6,30,3,4,6,0,0,0,1,1,1,0,0,1,1,E01005063,22-09-2018,1,1,1,1,36,7,2,0,0,0,0,-1,5,1
40439,77.09488842,28.72372031,6,3,1,1,5,23:50,102,E08000003,3,34,3,30,6,2,5,0,0,5,4,1,1,0,0,1,1,E01005062,22-09-2018,1,1,3,2,17,4,3,9,9,0,0,-1,0,1
40440,77.16827582,28.60724075,6,3,1,1,6,15:25,102,E08000003,3,6010,6,30,9,4,6,0,0,0,1,1,1,0,0,1,1,E01005301,23-09-2018,1,1,1,1,50,8,1,0,0,0,0,-1,9,-1
40441,77.37047023,28.72420772,6,3,2,2,6,17:50,102,E08000003,6,0,6,30,3,4,6,0,0,0,1,1,1,0,0,1,1,E01005288,23-09-2018,1,3,2,2,49,8,1,0,0,2,0,-1,9,1
40442,77.33206093,28.6120713,6,3,2,1,1,17:35,102,E08000003,6,0,6,30,6,2,4,5219,0,0,1,1,1,0,0,1,1,E01005208,25-09-2018,1,4,2,1,73,10,1,0,0,1,0,-1,9,1
40443,77.15830327,28.55649618,6,3,2,1,3,20:20,102,E08000003,4,5093,3,30,0,-1,-1,0,0,0,4,1,1,0,0,1,1,E01005283,27-09-2018,1,5,2,1,5,1,2,0,0,2,0,-1,9,-1
40444,77.08577859,28.58084394,6,3,2,1,3,14:45,102,E08000003,3,57,6,30,9,4,6,0,0,0,1,5,2,0,0,1,2,E01005189,27-09-2018,1,6,2,1,3,1,3,0,0,2,0,-1,9,-1
40445,77.12532699,28.71420802,6,3,1,1,4,17:17,102,E08000003,3,6,6,30,9,4,6,0,0,4,4,2,2,0,0,1,1,E01005215,28-09-2018,2,2,1,1,59,9,2,0,0,0,0,-1,9,-1
40446,77.35034085,28.56395929,6,3,2,1,4,20:40,102,E08000003,4,5117,6,30,0,-1,-1,0,0,0,4,2,2,0,0,1,1,E01005288,28-09-2018,2,7,2,2,55,8,2,0,0,1,0,-1,9,-1
40447,77.06849362,28.57037766,6,2,1,1,5,05:55,102,E08000003,4,5219,6,30,0,-1,-1,0,0,0,4,1,2,0,0,1,1,E01005245,29-09-2018,2,1,2,2,38,7,3,0,0,1,0,-1,9,3
40448,77.10402476,28.66552456,6,3,1,1,5,08:40,102,E08000003,6,0,6,30,3,4,6,0,0,0,1,1,2,0,0,1,1,E01005218,29-09-2018,1,1,1,1,64,9,3,0,0,0,0,-1,9,1
40449,77.32048843,28.64229649,6,3,2,2,3,11:45,102,E08000003,3,6,6,30,5,2,3,635,0,5,1,1,1,0,0,1,2,E01005066,27-09-2018,2,2,1,2,32,6,3,0,0,0,0,-1,9,1
40450,77.11109493,28.69043826,6,3,3,1,4,19:15,102,E08000003,3,5103,3,40,7,2,6,0,0,5,4,2,2,0,0,1,1,E01005208,28-09-2018,1,1,1,1,50,8,3,0,0,0,0,-1,21,2
40451,77.07904138,28.55904493,6,3,2,2,6,19:40,102,E08000003,3,34,6,30,3,4,6,0,0,0,4,2,2,0,0,1,1,E01005280,30-09-2018,1,1,1,1,40,7,2,0,0,0,0,-1,19,1
40452,77.25177248,28.70787951,6,2,1,1,6,10:31,102,E08000003,4,6178,6,30,3,4,6,0,0,0,1,1,2,0,0,1,1,E01005222,30-09-2018,1,3,2,1,33,6,3,0,0,1,0,-1,19,1
40453,77.23034704,28.71005923,6,3,2,1,7,14:30,102,E08000003,4,5117,6,30,9,4,6,0,0,4,1,1,1,0,0,1,1,E01005212,01-10-2018,2,2,1,1,28,6,3,0,0,0,0,-1,9,1
40454,77.25125382,28.64532276,6,3,2,2,6,09:25,102,E08000003,3,5079,6,30,6,4,6,0,0,0,1,2,2,0,0,1,1,E01005219,30-09-2018,2,4,2,1,30,6,3,0,0,1,0,-1,9,1
40455,77.10878162,28.54088029,6,3,2,1,1,16:00,102,E08000003,4,5218,6,30,3,4,6,0,0,0,1,1,1,0,0,1,2,E01005298,02-10-2018,1,1,1,2,46,8,3,0,0,0,0,-1,9,1
40456,77.08357725,28.67517814,6,3,1,1,4,16:28,102,E08000003,4,5093,6,30,6,2,3,6,0,4,1,2,2,0,0,1,1,E01005221,12-10-2018,1,1,1,1,36,7,2,0,0,0,0,-1,5,2
40457,77.12353856,28.66310429,6,3,2,1,1,23:35,102,E08000003,3,6010,6,30,6,2,3,34,0,5,4,1,2,0,0,1,1,E01005286,02-10-2018,1,1,1,2,22,5,3,0,0,0,0,-1,9,1
40458,77.34501856,28.71358409,6,3,2,1,2,14:55,102,E08000003,6,0,6,30,3,4,6,0,0,0,1,1,1,0,0,1,1,E01005187,03-10-2018,2,2,1,1,46,8,3,0,0,0,0,-1,20,1
40459,77.20913049,28.57663854,6,3,1,1,2,21:15,102,E08000003,4,5093,6,30,8,4,3,34,0,0,4,1,1,0,0,1,2,E01005218,03-10-2018,1,1,2,2,27,6,3,0,0,1,0,-1,9,1
40460,77.09263531,28.72530562,6,3,2,2,5,08:20,102,E08000003,5,0,3,30,9,2,6,0,0,0,1,1,1,0,0,1,2,E01005210,29-09-2018,1,1,3,2,2,1,3,5,4,0,0,-1,0,1
40461,77.2040424,28.71826074,6,3,2,2,3,14:15,102,E08000003,6,0,6,30,3,4,6,0,0,0,1,1,1,0,0,1,2,E01005287,04-10-2018,1,1,1,2,53,8,3,0,0,0,0,-1,9,1
40462,77.35318966,28.62647125,6,3,1,1,3,16:44,102,E08000003,5,0,6,30,6,2,5,0,0,4,1,1,1,0,0,1,1,E01005178,04-10-2018,3,1,1,1,46,8,3,0,0,0,0,-1,9,1
40463,77.28056898,28.70255916,6,2,2,2,4,17:35,102,E08000003,3,5103,3,30,0,-1,-1,0,0,0,1,1,1,0,2,1,1,E01005245,05-10-2018,2,1,1,1,16,4,3,0,0,0,0,-1,2,1
40464,77.06833421,28.67786887,6,3,2,1,5,22:05,109,E08000007,6,0,9,30,9,4,6,0,0,0,1,1,1,0,0,1,2,E01005869,06-10-2018,1,1,1,1,17,4,3,0,0,0,0,-1,2,1
40465,77.33547608,28.65064538,6,2,2,1,5,16:17,102,E08000003,6,0,6,30,6,4,6,0,0,0,1,1,1,0,0,1,1,E01005285,06-10-2018,1,1,1,1,19,4,3,0,0,0,0,-1,3,-1
40466,77.34662473,28.54688299,6,3,2,2,5,12:50,102,E08000003,3,6010,6,30,7,4,3,6,0,0,1,1,1,0,0,1,1,E01005234,06-10-2018,1,2,2,1,18,4,3,0,0,0,0,-1,3,1
40467,77.30162018,28.53790125,6,3,1,1,6,08:45,102,E08000003,3,6010,6,30,0,-1,-1,0,0,0,1,1,1,0,0,1,1,E01005181,07-10-2018,1,1,3,1,9,2,2,9,6,0,0,-1,0,1
40468,77.30659232,28.53517646,6,3,1,1,7,13:50,102,E08000003,5,0,6,30,3,4,6,0,0,4,1,2,2,0,0,1,1,E01005303,08-10-2018,1,1,1,2,38,7,3,0,0,0,0,-1,9,1
40469,77.11488303,28.60560883,6,3,2,3,1,20:25,102,E08000003,3,34,6,30,6,2,5,0,0,5,4,1,1,0,0,1,1,E01005284,09-10-2018,1,1,1,1,59,9,2,0,0,0,0,-1,9,3
40470,77.10755638,28.68544099,6,3,1,2,1,17:15,102,E08000003,6,0,6,30,6,4,6,0,0,0,1,1,1,0,0,1,1,E01005222,09-10-2018,1,1,1,1,41,7,3,0,0,0,0,-1,9,2
40471,77.12976587,28.68214245,6,2,2,1,2,10:30,102,E08000003,3,6010,3,30,6,2,6,0,0,0,1,1,1,0,0,1,1,E01005067,10-10-2018,2,2,1,2,52,8,3,0,0,0,0,-1,9,3
40472,77.06778495,28.71046727,6,3,2,1,3,07:30,112,E08000009,4,5218,6,30,9,4,6,0,0,0,1,1,1,0,2,1,2,E01006115,11-10-2018,2,1,1,1,21,5,2,0,0,0,0,-1,2,1
40473,77.19653575,28.71896499,6,3,2,1,3,20:20,102,E08000003,3,34,6,30,3,4,6,0,0,0,4,2,2,0,0,1,1,E01005280,11-10-2018,1,1,1,2,19,4,3,0,0,0,0,-1,9,1
40474,77.27868137,28.61200006,6,3,2,2,4,10:45,102,E08000003,5,0,6,30,6,4,6,0,0,0,1,1,2,0,0,1,1,E01005179,12-10-2018,1,1,1,2,5,1,3,0,0,0,0,-1,1,1
40475,77.1849775,28.65556095,6,3,2,1,4,16:10,102,E08000003,3,34,6,40,0,-1,-1,0,0,0,1,1,2,0,0,1,1,E01005282,12-10-2018,2,1,1,2,49,8,3,0,0,0,0,-1,9,1
40476,77.28747831,28.58286725,6,3,2,1,4,13:25,102,E08000003,4,5093,6,30,0,-1,-1,0,0,4,1,1,1,0,0,1,1,E01005221,12-10-2018,1,1,1,2,24,5,3,0,0,0,0,-1,9,1
40477,77.21351247,28.7200283,6,3,3,3,4,15:23,102,E08000003,4,6178,6,30,0,-1,-1,0,0,0,1,2,2,0,0,1,1,E01005195,12-10-2018,1,1,3,2,76,11,2,5,2,0,0,-1,0,-1
40478,77.29047908,28.62726975,6,3,2,3,3,22:55,102,E08000003,3,5103,3,30,1,4,3,57,0,0,5,2,2,0,0,1,1,E01005212,11-10-2018,1,1,1,1,38,7,3,0,0,0,0,-1,9,3
40479,77.17391896,28.57579112,6,3,1,1,4,20:35,102,E08000003,3,57,6,30,1,4,3,6,0,4,4,2,2,0,0,1,1,E01005065,12-10-2018,1,1,1,2,20,4,3,0,0,0,0,-1,9,1
40480,77.19216805,28.57746115,6,3,2,7,4,17:50,102,E08000003,4,6178,3,30,3,4,5,0,0,0,1,1,1,0,0,1,2,E01005200,19-10-2018,2,2,1,1,21,5,3,0,0,0,0,-1,9,1
40481,77.14414941,28.54038357,6,2,2,1,4,18:40,102,E08000003,5,0,6,30,0,-1,-1,0,0,0,4,2,2,0,0,1,1,E01005217,12-10-2018,1,1,1,1,55,8,3,0,0,0,0,-1,90,1
40482,77.11108788,28.57724543,6,2,2,2,5,18:44,102,E08000003,3,57,6,30,3,4,6,0,0,4,4,1,1,0,0,1,1,E01005192,13-10-2018,1,1,1,1,37,7,3,0,0,0,0,-1,9,-1
40483,77.25460493,28.66378412,6,3,2,1,5,07:30,102,E08000003,3,6010,3,30,6,2,3,5103,2,5,1,2,1,0,0,1,2,E01005183,13-10-2018,2,1,1,2,26,6,3,0,0,0,0,-1,1,-1
40484,77.18737267,28.72365403,6,3,2,1,5,14:00,102,E08000003,3,57,3,30,9,4,6,0,0,0,1,1,1,0,0,1,2,E01005232,13-10-2018,2,1,1,1,25,5,2,0,0,0,0,-1,5,1
40485,77.34656595,28.63057554,6,2,1,1,6,23:15,102,E08000003,3,57,6,30,3,4,6,0,0,4,4,1,1,0,0,1,1,E01005197,14-10-2018,1,1,1,1,35,6,3,0,0,0,0,-1,9,3
40486,77.15703635,28.64900244,6,3,2,2,6,18:45,102,E08000003,6,0,6,30,3,4,6,0,0,0,4,2,2,0,0,1,1,E01005234,21-10-2018,1,1,3,1,62,9,1,5,3,0,0,-1,0,1
40487,77.09004398,28.61966858,6,3,2,2,2,14:10,102,E08000003,5,0,6,30,6,4,6,0,0,0,1,1,1,0,0,1,1,E01005300,17-10-2018,1,1,2,2,18,4,3,0,0,1,0,-1,9,1
40488,77.15418394,28.71468193,6,3,1,1,2,17:30,102,E08000003,4,5117,9,30,9,4,6,0,0,0,1,1,1,0,0,1,2,E01005062,17-10-2018,1,1,3,1,18,4,3,5,3,0,0,-1,0,-1
40489,77.34979808,28.68416104,6,3,2,1,2,17:20,102,E08000003,4,5117,6,30,9,4,6,0,0,4,1,1,1,0,0,1,1,E01005284,17-10-2018,2,1,1,1,34,6,3,0,0,0,0,-1,9,1
40490,77.11287636,28.6052677,6,3,1,1,3,08:35,102,E08000003,3,6010,6,30,3,4,6,0,0,8,1,1,1,0,0,1,1,E01005184,18-10-2018,1,1,1,1,28,6,3,0,0,0,0,-1,19,1
40491,77.06486698,28.63927866,6,3,1,1,3,16:30,102,E08000003,3,34,6,30,3,4,6,0,0,0,1,1,1,0,0,1,1,E01005280,18-10-2018,2,2,2,1,32,6,3,0,0,1,0,-1,9,1
40492,77.19014186,28.686128,6,3,2,2,3,18:00,102,E08000003,4,5117,6,30,9,4,6,0,0,0,1,1,1,0,2,1,2,E01005288,18-10-2018,1,1,1,1,46,8,3,0,0,0,0,-1,9,1
40493,77.21787678,28.59823443,6,3,2,1,3,15:50,102,E08000003,6,0,6,30,9,4,6,0,0,0,1,1,1,0,0,1,1,E01005288,18-10-2018,2,2,1,1,26,6,3,0,0,0,0,-1,10,1
40494,77.06101395,28.62300287,6,3,1,1,4,08:20,102,E08000003,5,0,6,30,6,2,6,0,0,0,1,1,2,0,0,1,2,E01005244,19-10-2018,1,1,1,1,71,10,2,0,0,0,0,-1,9,1
40495,77.25408789,28.58387747,6,3,2,1,5,08:35,102,E08000003,6,0,6,30,3,4,6,0,0,0,1,1,1,0,0,1,2,E01005288,20-10-2018,1,1,1,1,25,5,3,0,0,0,0,-1,9,1
40496,77.10722109,28.68394452,6,3,3,3,6,17:56,102,E08000003,3,6,6,30,3,4,6,0,0,0,1,2,2,0,0,1,1,E01005234,21-10-2018,1,1,3,1,8,2,3,5,2,0,0,-1,0,1
40497,77.30682071,28.57646387,6,3,2,1,6,10:10,102,E08000003,3,34,3,30,6,2,5,0,0,0,1,2,2,0,0,1,1,E01005062,21-10-2018,2,1,2,1,29,6,3,0,0,1,0,-1,9,-1
40498,77.13414052,28.53632064,6,3,2,1,6,18:10,102,E08000003,3,6,6,30,9,4,3,5079,0,0,4,2,2,0,0,1,2,E01005234,21-10-2018,1,1,1,1,49,8,3,0,0,0,0,-1,9,2
40499,77.06883795,28.68133749,6,3,2,1,6,13:30,102,E08000003,3,6,6,30,3,4,6,0,0,0,1,1,1,0,0,1,2,E01005221,21-10-2018,2,2,1,1,49,8,3,0,0,0,0,-1,9,1
40500,77.25645696,28.57923379,6,3,2,1,7,22:26,102,E08000003,3,34,6,30,6,2,5,0,0,0,4,1,1,0,0,1,1,E01005062,22-10-2018,2,1,1,2,26,6,3,0,0,0,0,-1,9,1
40501,77.11677456,28.58756503,6,3,1,1,7,22:35,102,E08000003,3,6,6,30,3,4,6,0,0,0,4,1,1,0,0,1,2,E01005222,22-10-2018,2,2,2,2,52,8,3,0,0,1,0,-1,9,1
40502,77.21478077,28.5539006,6,3,2,3,3,08:50,102,E08000003,3,57,6,30,0,-1,-1,0,0,0,1,5,2,0,0,1,1,E01005065,25-10-2018,2,1,1,2,34,6,3,0,0,0,0,-1,2,3
40503,77.22884761,28.57605902,6,3,2,1,3,18:20,102,E08000003,3,6,3,30,9,4,6,0,0,0,4,2,2,0,0,1,1,E01005215,25-10-2018,1,2,2,1,12,3,3,0,0,2,0,-1,9,1
40504,77.17229394,28.557359,6,2,2,1,4,22:45,102,E08000003,4,5093,6,30,3,4,6,0,0,0,4,1,2,0,0,1,1,E01005185,26-10-2018,2,1,1,1,21,5,3,0,0,0,0,-1,9,1
40505,77.33936238,28.62730323,6,3,3,2,1,17:20,102,E08000003,3,34,6,30,9,4,6,0,0,0,1,1,1,0,0,1,1,E01005287,23-10-2018,2,1,1,2,22,5,3,0,0,0,0,-1,9,1
40506,77.21688569,28.58521018,6,3,1,1,1,21:00,102,E08000003,6,0,6,30,3,4,6,0,0,0,4,1,1,0,0,1,1,E01005245,23-10-2018,1,1,1,1,27,6,3,0,0,0,0,-1,9,1
40507,77.07503718,28.61731654,6,2,1,1,1,02:38,102,E08000003,3,34,3,30,0,-1,-1,0,0,0,4,2,2,0,0,1,1,E01005062,23-10-2018,2,2,1,1,58,9,3,0,0,0,0,-1,8,1
40508,77.34756351,28.69524443,6,3,2,2,2,01:30,102,E08000003,4,5117,6,30,3,2,3,6010,0,5,4,2,2,0,0,1,1,E01005286,24-10-2018,1,1,3,2,84,11,2,5,3,0,0,-1,0,1
40509,77.10941211,28.56667415,6,3,1,1,7,11:45,102,E08000003,6,0,9,30,6,4,6,0,0,0,1,1,2,0,0,1,2,E01005240,29-10-2018,1,1,1,1,47,8,2,0,0,0,0,-1,19,1
40510,77.13606914,28.62606295,6,3,1,1,1,16:15,102,E08000003,6,0,6,30,0,-1,-1,0,0,0,1,1,2,0,0,1,2,E01005238,30-10-2018,1,1,1,2,21,5,3,0,0,0,0,-1,9,2
40511,77.07100328,28.60658803,6,3,2,1,5,16:10,102,E08000003,3,6,6,30,9,2,5,0,0,4,1,1,1,0,0,1,1,E01005221,20-10-2018,2,1,1,1,32,6,3,0,0,0,0,-1,9,1
40512,77.3386402,28.55236246,6,3,2,3,4,13:00,102,E08000003,6,0,6,30,6,4,6,0,0,0,1,2,2,0,0,1,1,E01005235,26-10-2018,2,1,1,2,39,7,3,0,0,0,0,-1,20,1
40513,77.08732889,28.57189254,6,3,2,1,6,18:35,102,E08000003,3,6,3,30,3,4,6,0,0,0,4,1,1,0,0,1,2,E01005215,28-10-2018,1,1,2,2,47,8,3,0,0,2,0,-1,9,1
40514,77.17756718,28.69274187,6,3,1,1,6,15:25,102,E08000003,3,5079,6,30,3,4,6,0,0,0,1,2,2,0,0,1,1,E01005234,28-10-2018,2,1,2,1,49,8,3,0,0,2,0,-1,19,1
40515,77.21264497,28.5350635,6,3,2,1,6,09:39,102,E08000003,3,5103,3,40,9,4,6,0,0,0,1,1,1,0,0,1,1,E01005182,28-10-2018,1,1,1,1,54,8,3,0,0,0,0,-1,5,1
40516,77.11994896,28.62113593,6,3,2,2,7,20:08,102,E08000003,5,0,6,30,3,4,6,0,0,0,4,1,1,0,0,1,1,E01005199,29-10-2018,1,1,1,1,23,5,3,0,0,0,0,-1,9,1
40517,77.13526558,28.5798057,6,3,3,1,2,15:38,102,E08000003,5,0,6,30,3,4,6,0,0,0,1,1,1,0,0,1,1,E01005065,31-10-2018,1,1,3,1,26,6,2,4,1,0,0,-1,0,1
40518,77.1886487,28.6977398,6,3,2,1,2,19:57,102,E08000003,6,0,6,30,3,4,6,0,0,0,4,1,2,0,0,1,1,E01005067,31-10-2018,1,1,3,1,11,3,3,5,1,0,0,-1,0,1
40519,77.35965884,28.65534803,6,3,1,1,2,15:50,102,E08000003,6,0,6,30,6,4,3,6010,0,0,1,1,1,0,0,1,1,E01005301,31-10-2018,2,1,1,1,33,6,3,0,0,0,0,-1,9,1
40520,77.19530139,28.71673379,6,3,1,1,1,06:50,102,E08000003,3,34,6,30,0,-1,-1,0,0,0,1,1,1,0,0,1,1,E01005284,30-10-2018,2,1,1,1,29,6,3,0,0,0,0,-1,9,1
40521,77.12791766,28.57091042,6,3,2,1,3,22:10,102,E08000003,5,0,6,30,3,4,6,0,0,0,4,2,2,0,0,1,1,E01005186,01-11-2018,1,1,1,2,34,6,3,0,0,0,0,-1,9,1
40522,77.11415891,28.55725664,6,3,1,1,3,10:20,102,E08000003,4,5219,6,30,0,-1,-1,0,0,0,1,1,2,0,0,1,1,E01006109,01-11-2018,2,1,1,2,39,7,3,0,0,0,0,-1,9,1
40523,77.1364085,28.62080454,6,3,2,1,2,12:30,102,E08000003,3,57,6,30,0,-1,-1,0,0,0,1,1,1,0,0,1,1,E01005192,31-10-2018,2,1,1,1,48,8,3,0,0,0,0,-1,9,1
40524,77.12920891,28.6817876,6,3,2,1,3,08:10,102,E08000003,5,0,6,30,3,3,6,0,0,0,1,1,2,0,0,1,2,E01005210,01-11-2018,2,2,2,2,9,2,3,0,0,1,0,-1,9,1
40525,77.05897651,28.69117566,6,3,2,1,4,07:45,102,E08000003,3,56,3,30,1,2,3,57,0,0,1,1,2,0,0,1,2,E01005211,02-11-2018,2,1,1,2,55,8,3,0,0,0,0,-1,9,1