Accident_Index,longitude,latitude,Police_Force,Accident_Severity,Number_of_Vehicles,Number_of_Casualties,Day_of_Week,Time,Local_Authority_(District),Local_Authority_(Highway),1st_Road_Class,1st_Road_Number,Road_Type,Speed_limit,Junction_Detail,Junction_Control,2nd_Road_Class,2nd_Road_Number,Pedestrian_Crossing-Human_Control,Pedestrian_Crossing-Physical_Facilities,Light_Conditions,Weather_Conditions,Road_Surface_Conditions,Special_Conditions_at_Site,Carriageway_Hazards,Urban_or_Rural_Area,Did_Police_Officer_Attend_Scene_of_Accident,LSOA_of_Accident_Location,Date,Vehicle_Reference,Casualty_Reference,Casualty_Class,Sex_of_Casualty,Age_of_Casualty,Age_Band_of_Casualty,Casualty_Severity,Pedestrian_Location,Pedestrian_Movement,Car_Passenger,Bus_or_Coach_Passenger,Pedestrian_Road_Maintenance_Worker,Casualty_Type,Casualty_Home_Area_Type
40767,77.22217285,28.72606595,6,3,4,1,2,13:00,102,E08000003,3,5145,6,30,3,4,5,0,0,0,1,1,1,0,0,1,1,E01005176,13-06-2018,1,1,1,1,57,9,3,0,0,0,0,-1,5,1
40768,77.16185659,28.59519204,6,3,2,3,2,17:00,102,E08000003,6,0,6,30,3,4,6,0,0,0,1,1,1,0,0,1,1,E01005291,13-06-2018,1,1,1,1,40,7,2,0,0,0,0,-1,5,2
40769,77.21886533,28.55636849,6,3,3,2,3,16:59,102,E08000003,5,0,6,30,6,4,6,0,0,0,1,1,1,0,0,1,1,E01005305,14-06-2018,1,1,1,2,54,8,3,0,0,0,0,-1,9,3
40770,77.32422442,28.58225265,6,3,1,1,4,10:15,102,E08000003,3,34,3,30,3,4,6,0,0,0,1,1,2,0,0,1,1,E01005171,15-06-2018,2,1,1,1,31,6,3,0,0,0,0,-1,9,1
40771,77.25842959,28.59761918,6,1,1,1,5,14:25,102,E08000003,4,5166,6,30,3,4,6,0,0,4,1,1,1,0,0,1,1,E01005266,16-06-2018,2,2,2,1,33,6,3,0,0,1,0,-1,9,1
40772,77.06644093,28.56503879,6,3,1,1,5,16:50,102,E08000003,3,5145,6,30,0,-1,-1,0,0,0,1,1,1,4,0,1,1,E01005171,16-06-2018,2,1,1,2,47,8,3,0,0,0,0,-1,4,1
40773,77.19548994,28.68945805,6,3,1,1,6,14:03,102,E08000003,6,0,6,30,3,4,6,0,0,0,1,1,1,0,0,1,1,E01005115,17-06-2018,3,1,1,1,45,7,3,0,0,0,0,-1,9,1
40774,77.33634821,28.60952642,6,3,3,2,2,15:00,102,E08000003,3,34,3,30,6,2,6,0,0,5,1,2,2,0,0,1,1,E01005121,13-06-2018,1,1,1,1,73,10,3,0,0,0,0,-1,9,1
40775,77.18730546,28.59654737,6,3,2,1,2,20:00,102,E08000003,3,5145,6,30,0,-1,-1,0,0,0,1,2,2,0,0,1,2,E01005153,13-06-2018,2,1,1,1,35,6,3,0,0,0,0,-1,9,1
40776,77.29940636,28.53698213,6,3,2,1,6,14:30,102,E08000003,3,5145,6,30,0,-1,-1,0,0,0,1,1,1,0,0,1,2,E01005158,17-06-2018,2,2,2,2,31,6,3,0,0,1,0,-1,9,1
40777,77.12895949,28.68871866,6,3,2,1,5,02:47,102,E08000003,6,0,6,30,0,-1,-1,0,0,0,6,1,1,0,0,2,1,E01005169,23-06-2018,2,3,2,1,9,2,3,0,0,2,0,-1,9,1
40778,77.25756421,28.67777765,6,3,1,1,4,17:05,102,E08000003,6,0,6,30,9,4,6,0,0,0,1,1,1,0,0,1,1,E01005087,22-06-2018,1,1,3,1,59,9,3,9,7,0,0,-1,0,1
40779,77.19105478,28.59671399,6,3,3,4,4,23:55,102,E08000003,4,5167,6,30,6,2,3,5145,0,0,4,1,1,0,0,1,1,E01005173,15-06-2018,1,1,1,1,42,7,3,0,0,0,0,-1,5,-1
40780,77.33236706,28.66555029,6,3,2,3,3,17:00,102,E08000003,5,0,6,30,5,4,6,0,0,0,1,1,1,0,0,1,1,E01005263,21-06-2018,1,1,1,1,58,9,2,0,0,0,0,-1,9,1
40781,77.21304667,28.60945551,6,3,3,1,4,16:10,102,E08000003,4,5166,6,30,3,4,6,0,0,0,1,1,1,0,0,1,1,E01005266,22-06-2018,2,2,2,2,58,9,2,0,0,2,0,-1,21,1
40782,77.36155994,28.65767671,6,3,2,2,4,07:20,102,E08000003,3,5103,3,40,3,2,6,0,0,4,1,1,1,0,0,1,1,E01005080,22-06-2018,2,3,2,1,4,1,3,0,0,1,0,-1,21,1
40783,77.18596676,28.69230808,6,3,2,1,5,16:32,102,E08000003,3,5103,3,40,6,2,3,5145,0,5,1,1,1,0,0,1,1,E01005079,23-06-2018,1,1,1,1,17,4,3,0,0,0,0,-1,3,1
40784,77.28233917,28.6646136,6,3,3,3,6,09:20,102,E08000003,4,5166,6,30,3,4,6,0,0,4,1,2,2,0,0,1,1,E01005265,24-06-2018,2,2,1,2,32,6,3,0,0,0,0,-1,9,1
40785,77.24122926,28.7243438,6,3,2,1,3,11:50,102,E08000003,3,5145,6,30,6,2,3,5145,0,0,1,1,1,0,0,1,1,E01005154,07-06-2018,1,1,1,1,21,5,3,0,0,0,0,-1,19,1
40786,77.07729262,28.56318195,6,3,2,3,7,19:55,102,E08000003,3,34,3,40,7,2,5,0,0,5,1,1,1,0,0,1,1,E01005126,25-06-2018,1,1,1,2,38,7,3,0,0,0,0,-1,1,3
40787,77.23079844,28.63216718,6,3,2,1,6,20:45,102,E08000003,6,0,6,30,3,4,6,0,0,0,1,1,1,0,0,1,2,E01005072,24-06-2018,2,1,1,1,53,8,3,0,0,0,0,-1,90,3
40788,77.09940557,28.63401173,6,3,2,2,6,06:10,102,E08000003,5,0,6,30,3,4,6,0,0,0,1,1,1,0,0,1,1,E01005294,24-06-2018,1,1,1,1,24,5,3,0,0,0,0,-1,17,1
40789,77.17489309,28.70447299,6,3,1,1,7,18:00,102,E08000003,6,0,2,30,0,-1,-1,0,0,0,1,1,1,0,0,1,2,E01005268,25-06-2018,1,1,1,1,77,11,3,0,0,0,0,-1,9,1
40790,77.32511355,28.6336156,6,3,2,3,7,15:26,102,E08000003,6,0,6,30,6,4,6,0,0,0,1,1,1,0,0,1,1,E01005296,25-06-2018,1,1,1,1,54,8,3,0,0,0,0,-1,5,1
40791,77.28413372,28.56046139,6,3,2,1,2,14:10,102,E08000003,3,6010,9,30,3,4,6,0,0,0,1,1,1,0,0,1,2,E01005301,27-06-2018,1,1,3,2,38,7,3,6,8,0,0,-1,0,1
40792,77.14486945,28.70163831,6,2,2,1,2,19:29,102,E08000003,6,0,6,30,0,-1,-1,0,0,0,1,1,1,0,0,1,1,E01005082,27-06-2018,1,1,1,1,63,9,3,0,0,0,0,-1,9,1
40793,77.0690948,28.61992742,6,3,3,2,3,10:40,102,E08000003,3,34,3,40,3,4,6,0,0,0,1,1,1,0,0,1,1,E01005121,28-06-2018,1,2,2,2,56,9,3,0,0,1,0,-1,9,1
40794,77.11041557,28.57264789,6,3,1,1,5,12:25,102,E08000003,4,5093,6,30,3,4,6,0,0,0,1,1,1,0,0,1,1,E01005271,30-06-2018,2,1,1,1,33,6,3,0,0,0,0,-1,8,1
40795,77.28857102,28.66234359,6,3,2,2,4,20:10,102,E08000003,3,5145,3,40,7,4,3,5103,0,4,1,1,1,0,0,1,1,E01005079,29-06-2018,1,1,2,2,30,6,3,0,0,2,0,-1,5,3
40796,77.10483781,28.62388404,6,3,1,1,5,19:13,102,E08000003,4,5217,6,30,3,4,6,0,0,4,1,1,1,0,0,1,1,E01005154,30-06-2018,1,1,1,1,47,8,3,0,0,0,0,-1,5,1
40797,77.34397628,28.56588367,6,3,1,2,7,18:37,102,E08000003,3,34,9,40,3,4,6,0,0,0,1,1,1,0,0,1,1,E01005217,02-07-2018,2,2,2,2,45,7,3,0,0,2,0,-1,21,2
40798,77.11324461,28.54127281,6,3,1,1,4,16:30,102,E08000003,3,34,3,40,9,2,6,0,0,0,1,1,1,4,2,1,2,E01005217,29-06-2018,2,3,2,2,45,7,3,0,0,2,0,-1,21,2
40799,77.25470624,28.66908453,6,3,2,1,1,22:30,102,E08000003,3,5103,3,40,6,2,5,0,0,4,4,1,2,0,0,1,1,E01005279,03-07-2018,2,1,1,1,30,6,3,0,0,0,0,-1,9,1
40800,77.06747566,28.65214646,6,3,2,2,6,12:45,102,E08000003,3,560,6,30,3,2,6,0,0,5,1,1,1,0,0,1,1,E01005295,01-07-2018,2,1,1,2,53,8,3,0,0,0,0,-1,9,3
40801,77.14984612,28.6258291,6,3,1,1,2,19:15,102,E08000003,6,0,6,30,6,4,6,0,0,0,1,1,2,0,0,1,2,E01005087,04-07-2018,1,1,1,1,46,8,3,0,0,0,0,-1,5,2
40802,77.09661385,28.54089092,6,3,2,1,2,14:00,102,E08000003,3,5103,6,40,1,2,3,560,0,4,1,2,2,0,0,1,2,E01005269,04-07-2018,1,1,3,1,18,4,3,5,7,0,0,-1,0,3
40803,77.19829394,28.71311391,6,3,1,1,5,17:10,102,E08000003,5,0,6,40,8,4,6,0,0,0,1,1,1,0,0,1,2,E01005317,07-07-2018,1,1,2,1,17,4,3,0,0,1,0,-1,9,-1
40804,77.17517513,28.59651128,6,3,1,1,3,18:20,102,E08000003,3,5145,6,30,0,-1,-1,0,0,8,1,1,1,0,0,1,1,E01005084,12-07-2018,1,2,2,1,16,4,3,0,0,2,0,-1,9,-1
40805,77.059001,28.65248834,6,3,2,1,6,19:15,102,E08000003,6,0,6,30,0,-1,-1,0,0,0,1,1,1,0,0,1,1,E01005304,08-07-2018,1,3,2,1,15,3,3,0,0,2,0,-1,9,-1
40806,77.30624164,28.57491789,6,3,2,1,6,15:00,102,E08000003,4,5166,6,30,3,4,4,5168,0,0,1,1,1,0,0,1,1,E01005263,08-07-2018,1,4,2,1,14,3,3,0,0,2,0,-1,9,-1
40807,77.28629312,28.55310416,6,3,2,1,6,08:10,102,E08000003,4,5167,6,30,9,4,3,5145,0,0,1,1,1,0,0,1,1,E01005078,08-07-2018,1,5,2,1,6,2,3,0,0,2,0,-1,9,-1
40808,77.30513143,28.58436,6,3,2,2,6,19:35,102,E08000003,5,0,6,30,3,4,6,0,0,0,1,1,1,0,0,1,1,E01005317,08-07-2018,1,1,1,1,53,8,3,0,0,0,0,-1,5,3
40809,77.08120631,28.67233289,6,3,2,2,1,22:15,102,E08000003,3,5145,6,30,6,2,3,5103,0,5,4,1,1,0,0,1,2,E01005079,10-07-2018,1,1,1,1,37,7,2,0,0,0,0,-1,5,1
40810,77.22360096,28.61015955,6,3,2,1,2,22:15,102,E08000003,5,0,6,30,3,4,6,0,0,0,4,1,1,0,0,1,1,E01005311,11-07-2018,2,1,1,1,35,6,3,0,0,0,0,-1,5,-1
40811,77.32209911,28.66860662,6,2,2,1,4,14:05,102,E08000003,6,0,6,30,3,4,6,0,0,0,1,1,1,0,0,1,1,E01005278,13-07-2018,1,1,2,2,46,8,3,0,0,2,0,-1,5,1
40812,77.27216471,28.55251106,6,3,2,2,4,15:10,102,E08000003,5,0,6,30,3,4,6,0,0,1,1,1,1,0,0,1,1,E01005290,13-07-2018,2,1,1,2,21,5,3,0,0,0,0,-1,9,1
40813,77.36284401,28.57825969,6,3,2,3,5,20:03,102,E08000003,5,0,6,30,6,2,5,0,0,0,1,1,1,0,0,1,1,E01005311,14-07-2018,2,2,2,1,21,5,3,0,0,2,0,-1,9,1
40814,77.21530602,28.62983144,6,3,2,1,7,02:00,102,E08000003,4,5176,6,30,3,4,6,0,0,0,4,1,1,0,0,1,1,E01005115,16-07-2018,1,1,1,1,57,9,3,0,0,0,0,-1,5,2
40815,77.34706489,28.66015675,6,3,4,1,7,13:50,102,E08000003,6,0,6,30,6,4,6,0,0,0,1,1,1,0,0,1,1,E01005076,16-07-2018,2,1,1,1,41,7,1,0,0,0,0,-1,5,1
40816,77.12859757,28.61211629,6,3,1,1,1,20:05,102,E08000003,6,0,6,30,3,4,6,0,0,0,1,1,1,0,0,1,1,E01005270,17-07-2018,1,1,1,1,41,7,3,0,0,0,0,-1,5,1
40817,77.26849935,28.59019438,6,3,2,1,4,12:20,102,E08000003,5,0,6,30,6,4,6,0,0,0,1,1,1,0,0,1,1,E01005309,20-07-2018,2,1,1,1,51,8,3,0,0,0,0,-1,9,2
40818,77.1214865,28.72139936,6,3,2,1,4,17:30,102,E08000003,3,5103,3,40,6,2,6,0,0,0,1,1,1,0,0,1,2,E01005080,20-07-2018,1,1,1,2,74,10,3,0,0,0,0,-1,9,1
40819,77.19977043,28.55198475,6,3,2,1,6,21:35,102,E08000003,6,0,6,30,0,-1,-1,0,0,0,4,1,1,0,0,1,1,E01005318,22-07-2018,2,2,1,1,44,7,3,0,0,0,0,-1,9,1
40820,77.15952195,28.56671089,6,3,2,1,6,22:00,102,E08000003,4,5217,6,30,6,2,3,5145,0,4,4,1,1,0,0,1,1,E01005154,22-07-2018,1,1,3,1,47,8,3,10,9,0,0,-1,0,3
40821,77.32283395,28.68687634,6,3,3,1,5,19:50,102,E08000003,6,0,6,30,9,4,6,0,0,0,1,1,1,0,0,1,1,E01005089,14-07-2018,1,1,1,1,44,7,3,0,0,0,0,-1,9,1
40822,77.08391829,28.72531148,6,3,2,2,7,11:55,102,E08000003,6,0,6,30,0,-1,-1,0,0,0,1,1,1,0,0,1,2,E01005294,23-07-2018,2,1,1,2,32,6,3,0,0,0,0,-1,9,-1
40823,77.23845492,28.53404336,6,3,2,1,1,23:05,102,E08000003,4,5217,6,30,3,4,6,0,0,0,4,2,2,0,0,1,1,E01005296,24-07-2018,1,1,1,2,44,7,3,0,0,0,0,-1,9,1
40824,77.21649717,28.68913068,6,3,1,1,1,19:45,102,E08000003,6,0,6,30,3,4,6,0,0,0,1,2,2,0,0,1,1,E01005068,24-07-2018,2,2,1,2,54,8,3,0,0,0,0,-1,9,1
40825,77.11926428,28.59094837,6,2,1,1,2,15:16,102,E08000003,3,34,3,40,6,2,3,5145,0,4,1,1,1,0,0,1,1,E01005171,25-07-2018,1,1,1,1,34,6,3,0,0,0,0,-1,9,3
40826,77.1793197,28.67694462,6,3,2,2,2,16:20,102,E08000003,5,0,6,30,1,4,5,0,0,1,1,1,1,0,0,1,1,E01005089,25-07-2018,1,1,2,1,67,10,3,0,0,1,0,-1,9,1
40827,77.12413652,28.60423769,6,3,2,1,6,17:05,102,E08000003,3,5145,6,30,3,2,4,5217,0,5,1,1,1,0,0,1,1,E01005154,29-07-2018,2,1,1,2,62,9,3,0,0,0,0,-1,9,3
40828,77.11826711,28.65250999,6,3,2,1,6,08:25,102,E08000003,3,5103,3,40,0,-1,-1,0,0,0,1,1,1,0,0,1,1,E01005079,29-07-2018,1,1,1,1,19,4,2,0,0,0,0,-1,4,3
40829,77.32209334,28.65050947,6,3,2,1,5,16:45,102,E08000003,4,5166,6,30,0,-1,-1,0,0,0,1,2,2,0,0,1,1,E01005263,28-07-2018,2,1,1,2,54,8,3,0,0,0,0,-1,9,1
40830,77.32159285,28.64962827,6,3,2,2,5,11:55,102,E08000003,3,5103,3,40,9,2,3,5145,0,0,1,2,2,0,0,1,2,E01005079,28-07-2018,2,2,2,2,58,9,3,0,0,1,0,-1,9,-1
40831,77.24674439,28.68808805,6,3,1,1,6,09:20,102,E08000003,5,0,6,30,6,2,6,0,0,0,1,1,1,0,0,1,2,E01005081,08-07-2018,1,2,2,1,16,4,3,0,0,1,0,-1,9,1
40832,77.19273541,28.68620447,6,3,2,1,2,16:05,102,E08000003,6,0,6,30,3,4,6,0,0,0,1,1,1,0,0,1,2,E01005279,01-08-2018,2,1,1,2,64,9,3,0,0,0,0,-1,9,3
40833,77.17434046,28.70805803,6,3,2,1,5,18:28,102,E08000003,4,5166,3,30,6,2,5,0,0,8,1,1,2,0,0,1,1,E01005294,28-07-2018,2,1,1,2,58,9,3,0,0,0,0,-1,9,1
40834,77.11399381,28.58394353,6,3,2,2,2,10:50,102,E08000003,4,5167,6,30,3,4,6,0,0,0,1,1,1,0,0,1,1,E01005173,01-08-2018,1,1,2,2,26,6,3,0,0,1,0,-1,9,1
40835,77.14638791,28.69043081,6,3,1,1,2,12:45,102,E08000003,4,5166,6,30,6,4,4,5167,0,0,1,1,1,4,0,1,1,E01005295,01-08-2018,1,1,3,2,17,4,3,5,6,0,0,-1,0,-1
40836,77.35881084,28.71064156,6,3,2,2,6,18:20,102,E08000003,4,5166,6,30,6,2,5,0,0,5,1,1,2,0,0,1,1,E01005294,29-07-2018,1,1,1,1,71,10,3,0,0,0,0,-1,1,1
40837,77.1112272,28.59035122,6,3,2,3,3,15:30,102,E08000003,3,560,3,30,3,2,6,0,0,0,1,1,1,0,0,1,1,E01005117,02-08-2018,1,1,3,2,11,3,3,5,1,0,0,-1,0,-1
40838,77.27105225,28.68687032,6,3,2,1,3,16:35,102,E08000003,5,0,1,30,1,4,5,0,0,0,1,8,1,0,0,1,1,E01005089,02-08-2018,1,1,2,1,17,4,3,0,0,2,0,-1,9,-1
40839,77.15701,28.69523469,6,3,1,1,7,00:10,102,E08000003,4,5166,6,30,3,4,4,5167,0,0,7,1,1,0,0,1,2,E01005268,30-07-2018,1,1,1,1,51,8,3,0,0,0,0,-1,1,1
40840,77.17549056,28.54071587,6,3,1,1,5,18:00,102,E08000003,6,0,6,30,3,4,6,0,0,0,1,1,1,0,0,1,2,E01005077,04-08-2018,2,1,1,1,46,8,3,0,0,0,0,-1,9,1
40841,77.24709999,28.69315409,6,3,2,1,5,10:50,102,E08000003,3,560,6,30,9,4,-1,-1,0,0,1,1,1,0,0,1,2,E01005117,04-08-2018,1,1,1,1,43,7,3,0,0,0,0,-1,5,1
40842,77.25056565,28.57517881,6,2,1,1,6,23:15,102,E08000003,5,0,6,30,8,4,6,0,0,0,4,1,1,0,0,1,2,E01005122,05-08-2018,1,2,2,2,42,7,3,0,0,2,0,-1,5,1
40843,77.20988892,28.60737646,6,3,1,1,6,16:35,102,E08000003,5,0,6,30,3,4,6,0,0,8,1,1,1,0,0,1,1,E01005273,05-08-2018,2,1,1,1,54,8,1,0,0,0,0,-1,5,1
40844,77.34071962,28.72097048,6,3,2,1,7,13:44,102,E08000003,6,0,6,30,3,4,6,0,0,0,1,1,1,0,0,1,1,E01005112,06-08-2018,1,1,3,1,60,9,3,6,9,0,0,-1,0,1
40845,77.15592815,28.55245334,6,3,2,1,7,13:54,102,E08000003,3,5145,6,30,3,3,6,0,0,0,1,1,1,0,0,1,2,E01005078,06-08-2018,2,1,1,1,20,4,3,0,0,0,0,-1,9,-1
40846,77.17996865,28.68995355,6,3,2,2,1,08:40,102,E08000003,4,5217,6,30,3,4,6,0,0,0,1,1,1,0,0,1,1,E01005296,07-08-2018,2,1,1,1,43,7,3,0,0,0,0,-1,9,1
40847,77.27129814,28.72218066,6,3,1,1,1,22:55,102,E08000003,4,5166,6,30,0,-1,-1,0,0,0,4,1,1,0,0,1,1,E01005268,07-08-2018,2,2,2,2,46,8,3,0,0,1,0,-1,9,1
40848,77.17906647,28.65851277,6,3,2,1,3,13:10,102,E08000003,3,560,6,30,7,2,6,0,0,4,1,1,1,0,0,1,1,E01005112,09-08-2018,1,1,1,2,45,7,3,0,0,0,0,-1,9,2
40849,77.28509814,28.62451763,6,3,2,1,5,22:30,102,E08000003,4,5218,6,30,3,4,4,5217,0,8,4,1,2,0,0,1,1,E01005296,11-08-2018,2,1,1,1,31,6,2,0,0,0,0,-1,3,1
40850,77.13850521,28.61078261,6,3,2,1,5,14:05,102,E08000003,3,5145,6,30,3,4,6,0,0,4,1,1,1,0,0,1,1,E01005154,11-08-2018,1,1,1,1,41,7,2,0,0,0,0,-1,5,1
40851,77.2979878,28.72433069,6,3,2,1,5,19:13,102,E08000003,3,34,3,40,0,-1,-1,0,0,0,1,1,1,0,0,1,1,E01005171,11-08-2018,1,1,1,2,28,6,3,0,0,0,0,-1,9,2
40852,77.3362124,28.59586952,6,3,2,1,6,19:31,102,E08000003,4,5095,6,30,3,4,6,0,0,0,1,1,1,0,0,1,1,E01005171,12-08-2018,2,1,1,1,58,9,3,0,0,0,0,-1,1,1
40853,77.11410737,28.61972503,6,3,2,1,6,08:10,102,E08000003,5,0,6,30,3,4,6,0,0,0,1,2,2,0,0,1,1,E01005125,12-08-2018,2,1,1,2,60,9,3,0,0,0,0,-1,9,1
40854,77.34989866,28.53773259,6,1,1,1,7,02:15,102,E08000003,3,560,3,30,0,-1,-1,0,0,0,4,2,2,0,0,1,2,E01005295,13-08-2018,3,2,2,2,24,5,3,0,0,2,0,-1,9,1
40855,77.23284004,28.68025114,6,3,2,3,7,19:00,102,E08000003,3,5103,3,40,0,-1,-1,0,0,0,1,1,1,0,0,1,1,E01005079,13-08-2018,3,3,2,1,2,1,3,0,0,2,0,-1,9,1
40856,77.27432503,28.58269778,6,3,2,1,1,18:20,102,E08000003,6,0,2,30,3,4,6,0,0,0,1,1,1,0,0,1,1,E01005267,14-08-2018,1,1,1,2,55,8,3,0,0,0,0,-1,9,1
40857,77.22885368,28.53294266,6,3,3,1,7,12:55,102,E08000003,5,0,6,30,3,4,6,0,0,0,1,1,2,0,0,1,1,E01005168,13-08-2018,1,1,3,1,19,4,3,1,1,0,0,-1,0,1
40858,77.07143055,28.60497715,6,3,2,1,2,16:12,102,E08000003,3,560,1,30,1,4,4,5165,0,0,1,1,1,0,0,1,1,E01005114,08-08-2018,1,2,3,1,25,5,3,1,1,0,0,-1,0,1
40859,77.20657716,28.70229633,6,3,2,2,1,15:46,102,E08000003,6,0,6,30,3,4,6,0,0,0,1,1,1,0,0,1,2,E01005070,14-08-2018,2,1,1,2,35,6,3,0,0,0,0,-1,9,3
40860,77.25750986,28.53835798,6,3,1,1,3,19:15,102,E08000003,4,5093,6,30,6,2,5,0,0,8,1,1,1,0,0,1,1,E01005277,16-08-2018,1,1,1,1,47,8,2,0,0,0,0,-1,5,2
40861,77.32515899,28.69092575,6,3,2,2,7,13:05,102,E08000003,3,560,6,30,6,2,4,5167,0,0,1,2,2,0,0,1,2,E01005114,13-08-2018,2,2,1,1,65,9,3,0,0,0,0,-1,8,3
40862,77.31074864,28.66153328,6,3,2,1,4,12:40,102,E08000003,6,0,6,30,3,4,6,0,0,0,1,1,1,0,0,1,1,E01005075,17-08-2018,2,1,1,1,35,6,3,0,0,0,0,-1,9,1
40863,77.15986773,28.610431,6,3,1,1,6,19:45,102,E08000003,5,0,6,30,3,4,6,0,0,0,1,1,1,0,0,1,2,E01005289,19-08-2018,2,2,2,1,28,6,3,0,0,1,0,-1,9,1
40864,77.26693732,28.68166028,6,3,2,1,6,23:00,102,E08000003,3,560,6,30,1,4,6,0,0,0,4,1,1,0,0,1,1,E01005112,19-08-2018,2,1,1,2,39,7,3,0,0,0,0,-1,9,1
40865,77.17514536,28.7115028,6,3,2,1,6,08:20,102,E08000003,5,0,1,30,1,4,6,0,0,0,1,1,1,0,0,1,1,E01005293,19-08-2018,2,2,2,2,14,3,3,0,0,1,0,-1,9,1
40866,77.10348549,28.55794095,6,3,2,1,6,16:11,102,E08000003,4,5217,6,30,6,2,3,5145,0,0,1,1,1,0,0,1,1,E01005154,19-08-2018,1,1,1,1,27,6,3,0,0,0,0,-1,9,1
40867,77.26404988,28.67218383,6,2,1,1,7,06:40,102,E08000003,6,0,6,30,6,4,6,0,0,0,1,1,1,0,0,1,1,E01005084,20-08-2018,2,1,1,2,38,7,3,0,0,0,0,-1,9,1
40868,77.08283492,28.62473233,6,2,2,2,7,07:15,102,E08000003,6,0,6,30,0,-1,-1,0,0,8,1,1,1,0,0,1,1,E01005085,20-08-2018,2,1,1,1,32,6,3,0,0,0,0,-1,19,1
40869,77.17042598,28.58464359,6,3,2,1,2,09:50,102,E08000003,6,0,6,30,6,4,6,0,0,0,1,5,2,3,0,1,1,E01005084,22-08-2018,2,2,2,1,24,5,3,0,0,1,0,-1,19,1
40870,77.1963398,28.7153114,6,2,2,2,2,23:08,109,E08000007,4,5095,6,30,0,-1,-1,0,0,0,4,1,1,0,0,1,1,E01005769,22-08-2018,2,3,2,1,16,4,3,0,0,1,0,-1,19,1
40871,77.07567911,28.64669582,6,3,2,1,3,08:50,102,E08000003,3,34,3,40,0,-1,-1,0,0,8,1,1,1,0,0,1,1,E01005121,23-08-2018,2,1,1,1,21,5,3,0,0,0,0,-1,9,2
40872,77.17594812,28.58485139,6,3,1,1,3,17:25,102,E08000003,6,0,6,30,9,4,6,0,0,0,1,1,1,0,0,1,1,E01005309,23-08-2018,1,1,1,1,19,4,3,0,0,0,0,-1,9,2
40873,77.09071095,28.68268847,6,3,1,1,4,22:31,102,E08000003,4,5093,6,30,3,4,6,0,0,4,4,1,1,0,0,1,1,E01005309,24-08-2018,1,1,1,1,81,11,3,0,0,0,0,-1,9,2
40874,77.08612522,28.69437755,6,3,2,1,5,23:55,102,E08000003,6,0,6,30,9,4,4,5093,0,0,4,9,1,0,0,1,2,E01005271,28-07-2018,2,2,1,2,59,9,3,0,0,0,0,-1,9,3
40875,77.077874,28.703637,6,2,1,1,4,13:30,102,E08000003,6,0,6,30,1,4,6,0,0,0,1,1,2,0,0,1,2,E01005120,24-08-2018,2,3,2,2,10,2,3,0,0,2,0,-1,9,3
40876,77.14744928,28.56915968,6,3,2,1,6,12:05,102,E08000003,3,5103,3,40,6,2,5,0,0,0,1,1,2,0,0,1,1,E01005279,26-08-2018,1,1,3,2,19,4,3,6,9,0,0,-1,0,1
40877,77.23934666,28.59593527,6,3,1,1,2,05:00,102,E08000003,6,0,6,30,3,4,6,0,0,1,4,1,1,0,0,1,1,E01005112,29-08-2018,1,1,1,1,61,9,3,0,0,0,0,-1,1,1
40878,77.16353509,28.57288218,6,3,1,1,5,22:15,102,E08000003,3,5145,6,30,9,4,6,0,0,0,4,2,2,0,0,1,1,E01005177,25-08-2018,1,1,1,1,25,5,3,0,0,0,0,-1,9,1
40879,77.20271738,28.65266998,6,3,2,1,3,18:20,102,E08000003,6,0,6,30,6,4,6,0,0,0,1,1,1,0,0,1,1,E01005159,30-08-2018,2,2,1,1,31,6,3,0,0,0,0,-1,9,1
40880,77.36301165,28.71103055,6,3,3,1,4,21:02,102,E08000003,6,0,6,30,9,4,6,0,0,0,4,1,1,0,0,1,1,E01005119,31-08-2018,1,1,1,1,28,6,3,0,0,0,0,-1,19,1
40881,77.27557846,28.57986475,6,3,2,1,4,11:15,102,E08000003,3,5145,6,30,6,2,3,6010,0,0,1,1,1,0,0,1,1,E01005150,31-08-2018,1,1,3,1,53,8,3,5,3,0,0,-1,0,1
40882,77.25370694,28.57885893,6,3,3,1,5,09:00,102,E08000003,3,5103,3,30,6,2,6,0,0,0,1,1,1,0,0,1,1,E01005080,01-09-2018,1,1,1,2,33,6,3,0,0,0,0,-1,9,1
40883,77.24802654,28.61503317,6,3,2,2,2,18:50,102,E08000003,5,0,6,30,9,4,6,0,0,8,1,1,1,3,0,1,1,E01005124,29-08-2018,2,1,1,2,34,6,3,0,0,0,0,-1,1,1
40884,77.16784309,28.63057207,6,2,1,1,6,19:05,102,E08000003,3,560,6,30,0,-1,-1,0,0,0,1,1,1,0,0,1,1,E01005117,02-09-2018,1,1,1,1,19,4,3,0,0,0,0,-1,9,3
40885,77.17083754,28.62983933,6,3,2,1,1,14:07,102,E08000003,6,0,6,30,0,-1,-1,0,0,0,1,1,1,0,0,1,1,E01005291,04-09-2018,1,2,2,2,50,8,3,0,0,1,0,-1,9,1
40886,77.33299999,28.6524863,6,3,1,1,1,18:10,102,E08000003,6,0,6,30,9,4,6,0,0,0,1,1,1,0,0,1,1,E01005306,04-09-2018,2,1,2,1,45,7,3,0,0,1,0,-1,9,1