Accident_Index,longitude,latitude,Police_Force,Accident_Severity,Number_of_Vehicles,Number_of_Casualties,Day_of_Week,Time,Local_Authority_(District),Local_Authority_(Highway),1st_Road_Class,1st_Road_Number,Road_Type,Speed_limit,Junction_Detail,Junction_Control,2nd_Road_Class,2nd_Road_Number,Pedestrian_Crossing-Human_Control,Pedestrian_Crossing-Physical_Facilities,Light_Conditions,Weather_Conditions,Road_Surface_Conditions,Special_Conditions_at_Site,Carriageway_Hazards,Urban_or_Rural_Area,Did_Police_Officer_Attend_Scene_of_Accident,LSOA_of_Accident_Location,Date,Vehicle_Reference,Casualty_Reference,Casualty_Class,Sex_of_Casualty,Age_of_Casualty,Age_Band_of_Casualty,Casualty_Severity,Pedestrian_Location,Pedestrian_Movement,Car_Passenger,Bus_or_Coach_Passenger,Pedestrian_Road_Maintenance_Worker,Casualty_Type,Casualty_Home_Area_Type
41007,77.35688821,28.64734451,6,3,2,1,5,21:00,102,E08000003,6,0,1,30,2,4,6,0,0,0,4,2,2,0,0,1,2,E01005112,10-11-2018,1,1,1,1,32,6,3,0,0,0,0,-1,9,1
41008,77.19701937,28.57607431,6,3,2,1,6,12:16,102,E08000003,3,5145,6,30,6,2,4,5167,0,0,1,4,2,0,0,1,1,E01005083,11-11-2018,1,1,2,1,5,1,3,0,0,2,0,-1,9,1
41009,77.1453251,28.67784442,6,3,1,2,1,01:59,102,E08000003,6,0,6,30,0,-1,-1,0,0,0,4,1,2,0,0,1,1,E01005068,13-11-2018,2,1,1,2,34,6,3,0,0,0,0,-1,9,-1
41010,77.09256866,28.69086368,6,3,2,1,1,02:00,102,E08000003,3,34,3,40,7,2,5,0,0,5,4,1,1,0,0,1,1,E01005126,13-11-2018,1,1,3,1,79,11,2,1,1,0,0,-1,0,-1
41011,77.21628889,28.6540508,6,3,2,1,1,22:30,102,E08000003,4,5093,6,30,0,-1,-1,0,0,0,4,1,1,0,0,1,1,E01005277,13-11-2018,2,1,1,1,34,6,3,0,0,0,0,-1,9,1
41012,77.34921988,28.64598589,6,3,1,1,4,08:45,102,E08000003,4,5167,6,30,6,2,3,5145,0,0,1,1,1,0,0,1,2,E01005173,02-11-2018,1,1,1,1,19,4,2,0,0,0,0,-1,9,1
41013,77.08144629,28.55025044,6,3,2,1,2,08:20,102,E08000003,6,0,6,30,3,4,6,0,0,0,1,1,2,0,0,1,2,E01005156,07-11-2018,1,2,2,1,20,4,2,0,0,1,0,-1,9,-1
41014,77.13368197,28.6945624,6,3,1,1,6,19:00,102,E08000003,5,0,6,30,9,4,6,0,0,0,7,9,2,0,0,1,2,E01005289,11-11-2018,2,1,1,1,45,7,3,0,0,0,0,-1,9,1
41015,77.32467382,28.62347741,6,3,2,1,2,08:45,102,E08000003,4,5217,6,30,3,4,6,0,0,4,1,1,1,0,0,1,2,E01005150,14-11-2018,1,1,1,1,18,4,3,0,0,0,0,-1,9,-1
41016,77.08743042,28.60239306,6,3,2,2,4,10:10,102,E08000003,5,0,6,30,3,4,4,5166,0,4,1,1,2,0,0,1,1,E01005269,09-11-2018,1,2,2,2,18,4,3,0,0,1,0,-1,9,-1
41017,77.31632828,28.71244946,6,3,1,1,2,17:12,102,E08000003,5,0,6,30,3,4,6,0,0,0,4,1,1,0,0,1,1,E01005276,14-11-2018,1,1,1,1,34,6,3,0,0,0,0,-1,9,-1
41018,77.1684483,28.67177992,6,3,2,1,3,21:25,102,E08000003,5,0,6,30,3,4,6,0,0,0,4,5,2,0,0,1,1,E01005305,15-11-2018,2,1,1,1,29,6,3,0,0,0,0,-1,9,1
41019,77.33656203,28.56843303,6,3,4,2,3,21:24,102,E08000003,6,0,6,30,3,4,6,0,0,0,4,2,2,0,0,1,1,E01005159,15-11-2018,2,1,2,2,60,9,3,0,0,1,0,-1,9,-1
41020,77.23166356,28.64157873,6,3,1,1,4,08:30,102,E08000003,3,560,6,30,9,4,6,0,0,4,1,1,1,0,0,1,2,E01005295,16-11-2018,1,1,2,1,17,4,3,0,0,2,0,-1,9,-1
41021,77.11024689,28.56866192,6,3,2,1,6,15:25,102,E08000003,4,5167,6,30,3,4,6,0,0,0,4,1,1,0,0,1,2,E01005268,11-11-2018,1,2,2,1,18,4,3,0,0,1,0,-1,9,-1
41022,77.1762144,28.67770625,6,3,3,2,3,17:27,102,E08000003,6,0,6,30,3,4,5,0,0,0,4,1,2,0,0,2,1,E01005317,15-11-2018,1,3,2,2,-1,-1,3,0,0,2,0,-1,9,-1
41023,77.15106498,28.57608547,6,3,2,1,5,13:30,102,E08000003,3,5145,6,30,3,4,6,0,0,4,1,1,1,0,0,1,1,E01005154,17-11-2018,1,1,3,2,28,6,3,6,8,0,0,-1,0,-1
41024,77.24818755,28.64692471,6,3,2,1,5,18:15,102,E08000003,6,0,1,30,1,4,5,0,0,8,4,1,2,0,0,1,1,E01005089,17-11-2018,2,1,1,1,57,9,3,0,0,0,0,-1,9,-1
41025,77.05887304,28.61173057,6,3,2,1,5,14:05,102,E08000003,3,560,1,30,1,2,4,5166,0,0,1,1,1,0,0,1,2,E01005086,17-11-2018,2,1,1,2,24,5,3,0,0,0,0,-1,9,1
41026,77.07569721,28.65255989,6,3,2,1,6,10:00,102,E08000003,6,0,1,30,1,4,6,0,0,0,1,1,1,0,0,1,1,E01005088,18-11-2018,2,2,2,1,4,1,3,0,0,1,0,-1,9,1
41027,77.10868008,28.68365962,6,3,2,2,2,09:15,102,E08000003,6,0,6,30,0,-1,-1,0,0,0,1,1,1,0,0,1,1,E01005072,21-11-2018,1,1,2,1,64,9,3,0,0,1,0,-1,9,-1
41028,77.29341455,28.58401504,6,3,2,1,3,10:50,102,E08000003,3,5103,3,30,0,-1,-1,0,0,4,1,1,2,0,0,1,1,E01005079,22-11-2018,2,2,1,1,28,6,3,0,0,0,0,-1,9,1
41029,77.2989722,28.58945543,6,3,2,1,1,19:00,102,E08000003,3,560,1,30,1,4,6,0,0,0,4,1,2,0,0,1,2,E01005085,20-11-2018,3,3,1,1,42,7,3,0,0,0,0,-1,9,1
41030,77.30171862,28.64043843,6,3,1,1,2,10:10,102,E08000003,4,5166,6,30,9,4,5,0,0,0,1,7,1,0,0,1,2,E01005269,21-11-2018,1,1,2,2,47,8,3,0,0,1,4,-1,11,-1
41031,77.32624478,28.6688381,6,3,2,1,3,18:50,102,E08000003,6,0,6,30,3,4,6,0,0,0,4,1,2,0,0,1,1,E01005308,22-11-2018,1,1,1,1,20,4,3,0,0,0,0,-1,4,-1
41032,77.12689972,28.59798408,6,3,2,1,4,10:00,102,E08000003,6,0,6,30,0,-1,-1,0,0,0,1,8,2,0,0,1,2,E01005291,23-11-2018,1,1,2,1,84,11,3,0,0,1,0,-1,9,-1
41033,77.07852187,28.71968045,6,3,2,1,4,09:10,102,E08000003,5,0,6,30,3,4,6,0,0,0,1,7,2,0,0,1,1,E01005317,23-11-2018,1,1,2,1,9,2,2,0,0,2,0,-1,9,1
41034,77.18779003,28.66247093,6,2,2,1,5,14:30,102,E08000003,4,5093,6,30,3,4,6,0,0,0,1,1,1,0,0,1,1,E01005307,24-11-2018,1,2,1,1,21,5,3,0,0,0,0,-1,9,1
41035,77.24327322,28.67972136,6,3,2,1,6,15:55,102,E08000003,4,5093,6,30,3,4,6,0,0,0,4,1,1,0,0,1,1,E01005309,25-11-2018,1,3,2,1,16,4,3,0,0,1,0,-1,9,-1
41036,77.27698801,28.69184206,6,3,2,1,6,13:59,102,E08000003,3,5145,6,30,0,-1,-1,0,0,0,1,1,1,0,0,1,1,E01005151,25-11-2018,1,4,2,2,13,3,3,0,0,2,0,-1,9,-1
41037,77.25736377,28.59206349,6,3,2,1,6,12:00,102,E08000003,5,0,6,30,9,4,6,0,0,0,1,1,4,0,0,1,1,E01005080,25-11-2018,1,1,3,1,36,7,3,5,1,0,0,-1,0,-1
41038,77.32679671,28.67564404,6,3,1,1,6,10:50,102,E08000003,6,0,6,30,0,-1,-1,0,0,0,1,1,2,0,0,1,1,E01005115,25-11-2018,1,1,1,1,51,8,3,0,0,0,0,-1,9,-1
41039,77.22766588,28.65470717,6,3,1,1,1,16:30,102,E08000003,5,0,6,30,0,-1,-1,0,0,0,4,1,1,0,0,1,1,E01005125,27-11-2018,1,1,3,2,19,4,3,5,1,0,0,-1,0,-1
41040,77.07997451,28.56248147,6,3,2,1,1,16:44,102,E08000003,6,0,6,30,3,4,6,0,0,0,4,1,1,0,0,1,1,E01005075,20-11-2018,1,3,1,1,23,5,3,0,0,0,0,-1,9,1
41041,77.2227542,28.61229439,6,3,2,1,2,09:10,102,E08000003,3,5145,6,30,6,2,6,0,0,0,1,1,2,0,0,1,1,E01005169,28-11-2018,2,1,2,2,85,11,2,0,0,2,0,-1,9,-1
41042,77.30886366,28.58430444,6,2,1,1,2,11:00,102,E08000003,3,5145,6,30,6,2,4,5093,0,5,1,3,2,0,0,1,1,E01005176,28-11-2018,2,2,1,2,67,10,3,0,0,0,0,-1,9,1
41043,77.35595685,28.71359483,6,3,2,1,5,17:00,102,E08000003,4,5166,3,30,6,2,4,5167,0,8,4,2,2,0,0,1,1,E01005265,01-12-2018,3,4,1,2,67,10,3,0,0,0,0,-1,9,1
41044,77.10847662,28.68411638,6,3,4,2,3,13:50,102,E08000003,4,5217,6,30,3,4,6,0,0,4,1,1,1,0,0,1,1,E01005150,01-11-2018,2,1,1,1,37,7,3,0,0,0,0,-1,9,1
41045,77.29622489,28.61163064,6,3,2,1,5,12:25,102,E08000003,5,0,6,30,6,2,6,0,0,0,1,2,2,0,0,1,1,E01005291,01-12-2018,2,1,1,2,40,7,2,0,0,0,0,-1,9,1
41046,77.08966212,28.64861372,6,3,2,1,7,03:42,102,E08000003,3,34,3,40,6,2,5,0,0,0,4,2,2,0,0,1,1,E01005168,03-12-2018,2,2,2,1,9,2,3,0,0,1,0,-1,9,1
41047,77.28298561,28.68116361,6,2,1,1,6,16:55,102,E08000003,3,560,7,30,1,4,1,56,0,0,4,1,1,0,0,1,1,E01005269,02-12-2018,1,1,1,1,31,6,3,0,0,0,0,-1,9,-1
41048,77.10659117,28.68163951,6,3,3,2,2,14:28,102,E08000003,5,0,6,30,3,4,6,0,0,0,1,1,2,0,0,1,1,E01005305,05-12-2018,2,1,1,2,21,5,3,0,0,0,0,-1,9,1
41049,77.34324968,28.59332399,6,3,2,1,2,19:25,102,E08000003,6,0,6,30,3,4,6,0,0,0,4,8,2,0,0,1,1,E01005311,05-12-2018,2,2,2,2,5,1,3,0,0,2,0,-1,9,-1
41050,77.20031473,28.59023579,6,3,2,1,3,18:31,102,E08000003,6,0,9,30,0,-1,-1,0,0,0,4,1,2,0,0,1,1,E01005074,06-12-2018,2,3,2,2,5,1,3,0,0,2,0,-1,9,-1
41051,77.22711847,28.59647998,6,3,2,1,3,12:30,102,E08000003,6,0,6,30,6,4,5,0,0,0,1,1,2,0,0,1,2,E01005308,06-12-2018,1,3,2,1,25,5,3,0,0,1,0,-1,9,2
41052,77.31202684,28.59098865,6,2,1,1,6,11:30,102,E08000003,6,0,6,30,6,4,6,0,0,0,1,1,1,0,0,1,1,E01005085,02-12-2018,2,1,2,2,69,10,3,0,0,1,0,-1,9,1
41053,77.17268545,28.59792329,6,3,2,1,5,02:45,102,E08000003,3,5145,6,30,0,-1,-1,0,0,0,4,1,2,0,0,1,1,E01005169,08-12-2018,2,2,2,2,41,7,3,0,0,2,0,-1,9,-1
41054,77.08389747,28.61506651,6,3,2,2,7,11:09,102,E08000003,6,0,6,30,3,4,6,0,0,0,1,1,1,0,0,1,1,E01005293,10-12-2018,1,1,2,2,18,4,3,0,0,2,0,-1,9,1
41055,77.18498038,28.5558177,6,3,1,1,7,04:00,102,E08000003,4,5093,6,30,0,-1,-1,0,0,5,5,1,2,0,0,1,2,E01005274,10-12-2018,1,2,2,1,23,5,3,0,0,2,0,-1,9,-1
41056,77.16199634,28.60880772,6,3,2,1,1,14:30,102,E08000003,3,5103,3,30,5,4,4,5167,0,0,1,1,1,0,0,1,1,E01005264,11-12-2018,2,3,1,1,37,7,3,0,0,0,0,-1,9,-1
41057,77.3617099,28.66429617,6,3,1,1,7,00:25,102,E08000003,5,0,6,30,9,4,6,0,0,0,4,1,2,0,0,1,2,E01005124,03-12-2018,1,1,2,2,19,4,2,0,0,1,0,-1,9,-1
41058,77.33530609,28.54979414,6,3,5,1,4,15:00,102,E08000003,3,34,6,40,9,4,6,0,0,0,1,1,1,0,0,1,2,E01005171,07-12-2018,1,2,1,1,19,4,2,0,0,0,0,-1,9,-1
41059,77.17812171,28.54590489,6,3,1,1,2,22:15,102,E08000003,6,0,6,30,3,4,6,0,0,0,4,1,1,0,0,1,2,E01005311,12-12-2018,2,3,1,1,26,6,3,0,0,0,0,-1,9,-1
41060,77.20963309,28.62664783,6,3,1,1,2,21:52,102,E08000003,6,0,6,30,3,4,6,0,0,0,4,1,4,0,0,1,2,E01005090,12-12-2018,2,4,2,2,33,6,3,0,0,1,0,-1,9,-1
41061,77.32915467,28.5917217,6,3,2,1,4,08:40,102,E08000003,5,0,6,30,6,2,3,34,0,0,1,1,1,0,0,1,2,E01005126,14-12-2018,1,1,1,1,56,9,3,0,0,0,0,-1,19,-1
41062,77.35978393,28.55251892,6,3,2,1,5,20:00,102,E08000003,3,34,3,30,6,2,3,5145,0,5,4,1,1,0,0,1,2,E01005171,15-12-2018,1,1,2,1,17,4,2,0,0,2,0,-1,9,-1
41063,77.18680905,28.67043829,6,3,2,2,5,11:10,102,E08000003,6,0,6,30,0,-1,-1,0,0,0,1,1,1,0,0,1,1,E01005070,15-12-2018,1,2,2,2,17,4,3,0,0,2,0,-1,9,-1
41064,77.13110753,28.65650633,6,3,1,1,4,16:06,102,E08000003,6,0,6,30,3,4,6,0,0,0,4,1,1,0,0,1,1,E01005071,14-12-2018,1,3,2,1,18,4,3,0,0,1,0,-1,9,-1
41065,77.1306466,28.55282052,6,3,1,1,6,12:20,102,E08000003,4,5162,6,30,3,4,6,0,0,0,1,1,1,0,0,1,1,E01005276,16-12-2018,1,1,1,1,19,4,3,0,0,0,0,-1,9,1
41066,77.32415766,28.58071068,6,3,2,4,6,09:50,102,E08000003,3,5145,6,30,3,4,6,0,0,8,1,1,1,0,0,1,1,E01005169,16-12-2018,2,2,1,1,31,6,3,0,0,0,0,-1,9,-1
41067,77.2315822,28.72166769,6,2,2,1,7,01:55,102,E08000003,6,0,3,30,3,2,1,56,0,0,4,1,1,0,0,1,1,E01005090,17-12-2018,1,1,3,2,14,3,3,1,3,0,0,-1,0,-1
41068,77.24859884,28.66947321,6,3,2,1,3,19:00,102,E08000003,6,0,6,30,6,4,6,0,0,0,1,1,2,0,2,1,2,E01005310,20-12-2018,1,1,2,2,15,3,3,0,0,2,0,-1,9,1
41069,77.05855222,28.6380904,6,3,2,1,1,15:15,102,E08000003,6,0,6,30,0,-1,-1,0,0,0,1,1,2,0,0,1,2,E01005071,18-12-2018,2,1,1,2,37,7,3,0,0,0,0,-1,9,1
41070,77.35293646,28.68498378,6,3,2,1,4,17:35,102,E08000003,5,0,6,30,6,4,6,0,0,0,4,1,1,0,0,1,1,E01005308,14-12-2018,1,1,3,1,53,8,3,4,3,0,0,-1,0,-1
41071,77.11241865,28.55284671,6,3,1,1,7,16:55,102,E08000003,5,0,6,30,6,2,5,0,0,0,4,2,2,0,0,1,1,E01005278,24-12-2018,2,1,1,1,37,7,3,0,0,0,0,-1,9,-1
41072,77.14975186,28.59491624,6,3,2,1,6,20:10,102,E08000003,6,0,6,30,9,4,6,0,0,0,4,2,2,0,0,1,1,E01005314,23-12-2018,2,1,2,1,39,7,3,0,0,2,0,-1,8,1
41073,77.11099998,28.57058096,6,3,2,1,4,17:30,102,E08000003,5,0,6,30,9,4,6,0,0,0,1,1,2,0,0,1,2,E01005120,21-12-2018,2,2,2,1,34,6,3,0,0,1,0,-1,8,1
41074,77.25162137,28.71483067,6,3,2,1,3,20:55,102,E08000003,3,5103,3,30,3,4,6,0,0,4,4,1,2,0,0,1,1,E01005272,27-12-2018,1,1,2,2,41,7,3,0,0,1,0,-1,9,1
41075,77.36456312,28.70384311,6,3,3,1,4,08:32,102,E08000003,6,0,6,30,0,-1,-1,0,0,0,1,1,4,0,0,1,1,E01005072,28-12-2018,1,2,1,1,43,7,3,0,0,0,0,-1,9,1
41076,77.25331917,28.61958289,6,3,2,1,2,12:25,102,E08000003,4,5166,6,30,0,-1,-1,0,0,0,1,1,1,0,0,1,1,E01005265,26-12-2018,2,1,1,2,70,10,3,0,0,0,0,-1,9,1
41077,77.17055586,28.71281966,6,3,3,2,2,14:28,102,E08000003,3,5103,3,50,0,-1,-1,0,0,0,1,1,1,0,0,1,1,E01005112,26-12-2018,1,1,1,1,31,6,3,0,0,0,0,-1,9,1
41078,77.23157545,28.6149778,6,3,2,1,4,18:23,102,E08000003,5,0,6,30,3,4,6,0,0,4,4,1,1,0,0,1,1,E01005117,21-12-2018,1,2,2,1,32,6,3,0,0,1,0,-1,9,3
41079,77.29402087,28.70480836,6,3,3,1,1,12:50,102,E08000003,4,5167,6,30,3,4,6,0,0,0,1,7,2,0,0,1,1,E01005112,25-12-2018,2,1,2,2,-1,-1,3,0,0,2,4,-1,11,-1
41080,77.15230577,28.65566191,6,3,4,2,2,18:16,102,E08000003,5,0,6,30,0,-1,-1,0,0,0,4,1,2,0,0,1,1,E01005122,26-12-2018,2,1,2,1,20,4,3,0,0,1,0,-1,19,1
41081,77.29246322,28.67401206,6,2,2,1,6,12:45,102,E08000003,6,0,6,30,3,4,6,0,0,8,1,1,2,0,0,1,1,E01005293,30-12-2018,2,2,1,1,36,7,3,0,0,0,0,-1,19,3
41082,77.19857227,28.56864865,6,2,2,4,6,17:49,102,E08000003,5,0,6,30,0,-1,-1,0,0,0,4,1,2,0,0,1,1,E01005289,30-12-2018,1,1,3,1,53,8,3,1,3,0,0,-1,0,-1
41083,77.2303295,28.63045433,6,3,2,1,6,19:54,102,E08000003,3,5103,3,40,6,4,5,0,0,0,4,2,2,0,0,1,1,E01005279,30-12-2018,1,1,1,2,25,5,3,0,0,0,0,-1,9,-1
41084,77.26124773,28.63618863,6,3,3,1,3,17:30,102,E08000003,3,5103,7,50,0,-1,-1,0,0,0,4,1,1,0,0,1,1,E01005112,06-12-2018,1,2,2,2,21,5,3,0,0,2,0,-1,9,1
41085,77.05861287,28.53576427,6,3,2,2,1,10:29,102,E08000003,3,5103,3,40,6,2,3,6010,0,0,1,1,1,0,0,1,1,E01005181,02-01-2018,1,3,2,2,23,5,3,0,0,2,0,-1,9,1
41086,77.18212774,28.71763159,6,1,2,1,2,17:42,102,E08000003,3,5145,6,30,3,4,6,0,0,0,4,1,1,0,0,1,1,E01005078,03-01-2018,2,4,1,1,58,9,3,0,0,0,0,-1,9,1
41087,77.24984314,28.71446177,6,3,1,1,7,02:15,102,E08000003,4,5217,6,30,0,-1,-1,0,0,0,4,1,1,0,0,1,2,E01005159,01-01-2018,2,5,2,1,19,4,3,0,0,2,0,-1,9,-1
41088,77.28133816,28.59959846,6,3,2,3,7,20:15,102,E08000003,5,0,6,30,6,4,5,0,0,0,4,6,2,0,0,1,1,E01005124,01-01-2018,2,6,2,2,17,4,3,0,0,2,0,-1,9,1
41089,77.20081102,28.68757033,6,3,2,1,3,21:10,102,E08000003,3,560,6,30,1,4,4,5168,0,0,4,1,1,0,0,1,1,E01005295,04-01-2018,1,1,1,1,20,4,1,0,0,0,0,-1,19,1
41090,77.23233934,28.69831506,6,3,2,2,7,17:15,102,E08000003,4,5117,3,30,3,4,6,0,0,0,4,2,2,0,0,1,2,E01005244,01-01-2018,1,1,3,2,74,10,2,4,1,0,0,-1,0,-1
41091,77.17124253,28.57869865,6,3,3,2,1,01:05,102,E08000003,3,5103,3,40,3,4,6,0,0,0,4,5,4,0,0,1,1,E01005182,02-01-2018,1,2,3,2,50,8,3,4,1,0,0,-1,0,-1
41092,77.3110614,28.57220715,6,1,1,1,4,02:42,102,E08000003,3,34,3,40,0,-1,-1,0,0,0,4,1,1,0,0,1,1,E01005168,05-01-2018,1,1,2,1,53,8,3,0,0,1,0,-1,9,-1
41093,77.28882941,28.54940663,6,2,1,1,5,11:35,102,E08000003,5,0,6,30,6,2,4,5166,0,0,1,1,2,0,0,1,1,E01005317,06-01-2018,1,2,1,1,26,6,3,0,0,0,0,-1,9,1
41094,77.26226159,28.56578721,6,3,1,1,5,13:09,102,E08000003,3,5145,6,30,6,2,3,34,0,5,1,1,1,0,0,1,1,E01005171,06-01-2018,1,1,1,2,68,10,3,0,0,0,0,-1,9,-1
41095,77.08881111,28.58631343,6,3,2,1,3,12:43,102,E08000003,3,6,6,30,0,-1,-1,0,0,0,1,1,1,0,0,1,1,E01005234,04-01-2018,2,2,1,2,50,8,3,0,0,0,0,-1,9,-1
41096,77.33445092,28.68744752,6,3,2,1,1,00:55,102,E08000003,5,0,6,30,0,-1,-1,0,0,0,4,2,2,0,0,1,1,E01005181,09-01-2018,1,1,1,1,85,11,3,0,0,0,0,-1,9,1
41097,77.30304421,28.72748809,6,3,2,1,4,19:00,102,E08000003,6,0,6,30,3,4,6,0,0,0,4,2,2,0,0,1,1,E01005209,05-01-2018,2,2,1,1,32,6,3,0,0,0,0,-1,9,1
41098,77.16080663,28.71960143,6,3,1,1,6,12:20,102,E08000003,3,6010,6,30,6,4,6,0,0,4,1,2,2,0,0,1,2,E01005150,07-01-2018,2,3,2,2,7,2,3,0,0,2,0,-1,9,-1
41099,77.29851059,28.59617935,6,3,2,1,4,21:15,102,E08000003,3,34,3,40,1,4,4,5903,0,0,4,1,2,0,0,1,1,E01005282,05-01-2018,1,1,2,2,15,3,3,0,0,1,0,-1,9,-1
41100,77.14864156,28.55365849,6,3,2,3,6,23:15,102,E08000003,3,34,6,30,6,2,6,0,0,5,4,2,2,0,0,1,1,E01005284,07-01-2018,1,2,1,1,22,5,3,0,0,0,0,-1,9,-1
41101,77.22541581,28.70541443,6,3,2,2,6,12:38,102,E08000003,3,5145,6,30,3,4,6,0,0,0,1,5,2,0,0,1,1,E01005084,07-01-2018,2,1,1,1,58,9,3,0,0,0,0,-1,9,-1
41102,77.17262391,28.64395325,6,3,2,1,5,18:10,102,E08000003,3,57,1,30,1,4,6,0,0,0,4,1,1,0,0,1,2,E01005065,06-01-2018,2,1,2,1,22,5,3,0,0,1,0,-1,9,1
41103,77.2028803,28.60063197,6,3,2,3,6,12:15,102,E08000003,3,6,6,30,9,4,6,0,0,0,1,1,2,0,0,1,2,E01005232,07-01-2018,1,1,1,1,33,6,3,0,0,0,0,-1,9,1
41104,77.16348732,28.60789168,6,3,2,1,5,17:30,102,E08000003,4,5093,6,30,3,4,6,0,0,0,4,1,1,0,0,1,1,E01005274,13-01-2018,1,1,3,1,16,4,3,9,8,0,0,-1,0,-1
41105,77.07443773,28.69990071,6,3,2,1,4,17:05,102,E08000003,5,0,6,30,6,4,6,0,0,0,4,2,2,0,0,1,1,E01005122,12-01-2018,1,1,3,1,15,3,3,4,1,0,0,-1,0,1
41106,77.14781716,28.69288335,6,3,1,1,7,01:00,102,E08000003,6,0,6,30,3,4,6,0,0,0,4,1,1,0,0,1,2,E01005121,01-01-2018,1,1,1,1,21,5,2,0,0,0,0,-1,9,-1
41107,77.3335315,28.72352542,6,3,1,1,1,22:30,102,E08000003,3,57,6,30,9,4,5,0,0,0,4,5,2,0,0,1,2,E01005189,09-01-2018,2,1,1,1,23,5,3,0,0,0,0,-1,9,-1
41108,77.23128745,28.5706826,6,3,1,1,7,19:04,102,E08000003,6,0,6,30,0,-1,-1,0,0,0,4,1,1,0,0,1,2,E01005191,08-01-2018,2,1,1,2,25,5,3,0,0,0,0,-1,9,3
41109,77.35822153,28.55655017,6,3,2,1,3,17:00,102,E08000003,5,0,6,30,3,4,3,5117,0,0,4,1,1,0,0,1,2,E01005064,11-01-2018,1,1,1,2,41,7,3,0,0,0,0,-1,9,1
41110,77.20566037,28.59794141,6,2,2,2,4,18:00,102,E08000003,3,57,6,30,3,4,6,0,0,4,4,2,2,0,0,1,1,E01005061,12-01-2018,2,2,1,1,23,5,3,0,0,0,0,-1,9,1
41111,77.21961333,28.69443308,6,3,2,1,6,19:00,102,E08000003,6,0,6,30,6,2,6,0,0,0,4,1,1,0,0,1,2,E01005120,07-01-2018,2,1,1,1,32,6,3,0,0,0,0,-1,19,1
41112,77.21965332,28.5803049,6,2,1,3,6,18:05,102,E08000003,5,0,6,30,0,-1,-1,0,0,0,4,1,1,0,0,1,2,E01005289,14-01-2018,1,1,1,1,17,4,2,0,0,0,0,-1,9,1
41113,77.18681804,28.56433449,6,2,3,2,6,22:28,102,E08000003,4,5166,6,30,0,-1,-1,0,0,0,4,1,1,0,0,1,1,E01005265,14-01-2018,1,1,1,2,34,6,3,0,0,0,0,-1,9,1
41114,77.28969045,28.70985353,6,3,1,1,7,03:55,102,E08000003,6,0,6,30,0,-1,-1,0,0,0,4,1,1,0,0,1,2,E01006176,15-01-2018,1,2,2,2,13,3,3,0,0,1,0,-1,9,1
41115,77.11221048,28.54223961,6,3,2,1,1,16:00,102,E08000003,5,0,6,30,3,4,6,0,0,0,1,2,2,0,0,1,2,E01005306,16-01-2018,3,1,1,1,21,5,3,0,0,0,0,-1,9,-1
41116,77.09294122,28.5403394,6,2,2,2,5,00:20,102,E08000003,3,6010,3,40,6,2,5,0,0,0,4,1,1,0,0,1,1,E01005184,13-01-2018,1,1,1,1,14,3,3,0,0,0,0,-1,9,-1
41117,77.35388211,28.5493549,6,3,1,1,6,17:15,102,E08000003,6,0,6,30,6,4,6,0,0,0,4,1,1,0,0,1,2,E01005288,14-01-2018,1,1,1,1,35,6,2,0,0,0,0,-1,21,1
41118,77.08148105,28.66739911,6,3,5,2,7,18:15,102,E08000003,2,57,3,50,0,-1,5,0,0,0,4,1,2,0,2,1,1,E01005212,15-01-2018,1,1,3,2,27,6,3,5,3,0,0,-1,0,-1
41119,77.1320894,28.61134687,6,3,2,4,7,15:30,102,E08000003,6,0,6,30,3,4,6,0,0,0,4,1,2,0,0,1,1,E01005065,15-01-2018,2,1,1,2,43,7,3,0,0,0,0,-1,9,-1
41120,77.27174608,28.64590232,6,3,2,1,1,17:15,102,E08000003,6,0,6,30,9,4,6,0,0,0,1,1,1,0,0,1,2,E01005304,16-01-2018,1,1,2,2,57,9,3,0,0,2,3,-1,11,1
41121,77.07532145,28.60769122,6,3,1,1,7,04:00,102,E08000003,4,6178,6,30,3,4,6,0,0,0,4,1,2,0,0,1,1,E01005195,15-01-2018,1,1,1,2,36,7,3,0,0,0,0,-1,9,2
41122,77.08162959,28.54583091,6,3,1,1,7,21:45,102,E08000003,4,5093,6,30,3,4,6,0,0,0,4,1,1,0,0,1,2,E01005309,15-01-2018,1,1,1,1,39,7,3,0,0,0,0,-1,9,-1
41123,77.18852265,28.65408422,6,3,2,1,2,17:50,102,E08000003,6,0,6,30,0,-1,-1,0,0,4,4,1,2,0,0,1,1,E01005112,17-01-2018,2,1,2,1,17,4,3,0,0,1,0,-1,9,-1
41124,77.18048986,28.55358436,6,3,2,1,2,14:30,102,E08000003,2,57,9,30,9,4,3,34,0,0,1,1,1,0,0,1,2,E01005128,10-01-2018,1,1,1,1,42,7,3,0,0,0,0,-1,21,-1
41125,77.06938164,28.68158356,6,3,1,1,3,09:00,102,E08000003,4,5093,6,30,9,4,6,0,0,0,1,9,1,0,0,1,2,E01005304,11-01-2018,2,2,1,1,53,8,3,0,0,0,0,-1,9,-1
41126,77.33555586,28.64284183,6,3,2,1,2,21:10,102,E08000003,4,5095,6,40,3,4,6,0,0,0,4,2,2,0,0,1,1,E01005171,17-01-2018,1,1,1,2,33,6,3,0,0,0,0,-1,9,-1