Accident_Index,longitude,latitude,Police_Force,Accident_Severity,Number_of_Vehicles,Number_of_Casualties,Day_of_Week,Time,Local_Authority_(District),Local_Authority_(Highway),1st_Road_Class,1st_Road_Number,Road_Type,Speed_limit,Junction_Detail,Junction_Control,2nd_Road_Class,2nd_Road_Number,Pedestrian_Crossing-Human_Control,Pedestrian_Crossing-Physical_Facilities,Light_Conditions,Weather_Conditions,Road_Surface_Conditions,Special_Conditions_at_Site,Carriageway_Hazards,Urban_or_Rural_Area,Did_Police_Officer_Attend_Scene_of_Accident,LSOA_of_Accident_Location,Date,Vehicle_Reference,Casualty_Reference,Casualty_Class,Sex_of_Casualty,Age_of_Casualty,Age_Band_of_Casualty,Casualty_Severity,Pedestrian_Location,Pedestrian_Movement,Car_Passenger,Bus_or_Coach_Passenger,Pedestrian_Road_Maintenance_Worker,Casualty_Type,Casualty_Home_Area_Type
41248,77.1804041,28.72296819,6,3,2,1,4,20:20,102,E08000003,6,0,6,30,3,4,6,0,0,0,4,1,1,0,0,1,1,E01005210,16-02-2018,1,1,2,2,46,8,3,0,0,2,4,-1,11,-1
41249,77.28297487,28.68549554,6,3,1,1,5,18:50,102,E08000003,6,0,6,30,3,4,6,0,0,0,4,1,2,0,0,1,2,E01005067,17-02-2018,1,1,3,2,30,6,3,9,5,0,0,-1,0,1
41250,77.29479746,28.5801667,6,3,1,1,6,08:43,102,E08000003,3,5103,3,40,7,2,3,6010,0,5,1,1,1,0,0,1,1,E01005183,18-02-2018,2,1,1,1,13,3,3,0,0,0,0,-1,1,-1
41251,77.18238228,28.67385023,6,3,2,1,6,12:20,102,E08000003,4,5117,6,30,3,4,6,0,0,0,1,1,1,0,0,1,1,E01005288,18-02-2018,1,1,2,2,26,6,3,0,0,1,0,-1,9,-1
41252,77.18439965,28.58580373,6,3,3,1,6,12:47,102,E08000003,3,5103,3,30,7,2,4,5219,0,5,1,1,1,0,0,1,1,E01005208,18-02-2018,1,2,1,1,30,6,3,0,0,0,0,-1,9,-1
41253,77.30478046,28.65892906,6,3,2,1,6,12:00,102,E08000003,5,0,6,30,3,4,6,0,0,0,1,1,1,0,0,1,2,E01005294,11-02-2018,2,3,1,1,21,5,3,0,0,0,0,-1,9,1
41254,77.30691548,28.55342597,6,3,1,1,2,16:00,102,E08000003,3,5103,6,40,9,4,3,6010,0,0,1,1,1,0,0,1,1,E01005181,21-02-2018,2,1,1,1,34,6,3,0,0,0,0,-1,9,1
41255,77.0662081,28.55922409,6,3,2,1,2,18:30,102,E08000003,5,0,6,30,7,4,6,0,0,0,4,1,2,0,0,1,2,E01005179,21-02-2018,1,1,2,1,21,5,2,0,0,1,0,-1,9,1
41256,77.19554414,28.71857001,6,3,2,1,3,10:15,102,E08000003,6,0,6,30,3,2,3,6,0,0,1,3,2,0,0,1,2,E01005230,22-02-2018,1,2,1,2,24,5,2,0,0,0,0,-1,9,-1
41257,77.16018296,28.71803458,6,1,2,3,4,12:58,102,E08000003,3,57,6,30,3,3,5,0,0,0,1,3,2,0,0,1,1,E01005191,23-02-2018,2,1,1,1,31,6,3,0,0,0,0,-1,9,1
41258,77.35507652,28.6090304,6,2,2,1,1,13:54,102,E08000003,6,0,6,30,3,4,6,0,0,0,1,1,1,0,0,1,1,E01005088,20-02-2018,2,1,1,1,37,7,3,0,0,0,0,-1,10,3
41259,77.26346696,28.63557756,6,3,2,1,2,21:11,102,E08000003,6,0,6,30,9,4,6,0,0,4,4,3,4,0,0,1,2,E01005089,21-02-2018,1,1,3,1,38,7,3,9,5,0,0,-1,0,-1
41260,77.23184029,28.62702619,6,3,2,1,3,15:05,102,E08000003,3,5145,6,30,3,4,6,0,0,0,1,1,1,0,0,1,1,E01005177,22-02-2018,1,1,3,1,17,4,3,5,4,0,0,-1,0,-1
41261,77.26104759,28.58679053,6,3,2,2,3,16:45,102,E08000003,4,5217,6,30,6,4,6,0,0,0,1,1,2,0,0,1,1,E01005150,22-02-2018,2,1,1,1,73,10,3,0,0,0,0,-1,1,-1
41262,77.15760735,28.62663552,6,3,1,1,4,11:15,102,E08000003,6,0,6,30,6,4,3,5145,0,0,1,3,2,0,0,1,2,E01005082,23-02-2018,2,1,1,2,22,5,3,0,0,0,0,-1,9,3
41263,77.34968643,28.54877609,6,3,1,1,4,14:50,102,E08000003,3,5145,6,30,3,4,6,0,0,0,1,8,2,0,0,1,1,E01005177,23-02-2018,1,1,3,2,36,7,2,5,1,0,0,-1,0,2
41264,77.28577406,28.64523554,6,3,1,1,5,08:46,102,E08000003,5,0,6,30,9,4,5,0,0,4,1,2,2,0,0,1,1,E01005308,24-02-2018,2,1,1,1,47,8,3,0,0,0,0,-1,9,1
41265,77.36266702,28.60194882,6,3,2,2,1,16:00,102,E08000003,6,0,6,30,6,4,6,0,0,0,1,2,2,0,0,1,1,E01005309,27-02-2018,2,1,1,1,53,8,3,0,0,0,0,-1,1,-1
41266,77.07016223,28.70101352,6,3,3,1,5,12:50,102,E08000003,3,560,3,30,3,2,6,0,0,0,1,2,2,0,0,1,1,E01005113,24-02-2018,1,1,3,2,7,2,3,5,2,0,0,-1,0,-1
41267,77.23080437,28.59553369,6,3,4,2,6,12:56,102,E08000003,3,5145,6,30,9,4,6,0,0,0,1,1,1,0,0,1,1,E01005154,25-02-2018,1,1,3,1,26,6,3,5,1,0,0,-1,0,-1
41268,77.26950249,28.66253464,6,3,3,1,7,20:00,102,E08000003,6,0,6,30,3,4,6,0,0,0,4,1,1,0,0,1,1,E01005175,26-02-2018,1,1,1,1,78,11,3,0,0,0,0,-1,9,-1
41269,77.29182025,28.61617257,6,3,2,1,7,18:50,102,E08000003,3,560,6,30,1,2,4,5168,0,0,4,1,1,0,0,1,1,E01005295,26-02-2018,1,2,2,2,46,8,3,0,0,2,0,-1,9,-1
41270,77.32823334,28.71940863,6,3,1,1,5,18:50,102,E08000003,3,34,3,40,6,2,3,5145,0,4,4,8,2,0,0,1,2,E01005171,24-02-2018,1,3,2,2,77,11,3,0,0,1,0,-1,9,-1
41271,77.17987796,28.67928649,6,3,2,1,6,23:55,102,E08000003,3,5067,6,30,3,4,6,0,0,0,4,1,1,0,0,1,1,E01005212,18-02-2018,1,1,1,1,28,6,3,0,0,0,0,-1,9,1
41272,77.09164917,28.66346488,6,3,1,1,3,12:15,102,E08000003,6,0,6,30,9,4,4,5117,0,0,1,1,1,0,0,1,1,E01005062,22-02-2018,1,1,1,2,46,8,3,0,0,0,0,-1,3,-1
41273,77.29186949,28.6944354,6,2,1,1,2,08:40,102,E08000003,6,0,6,30,0,-1,-1,0,1,4,1,5,2,0,0,1,1,E01005075,28-02-2018,1,1,3,1,77,11,1,5,3,0,0,-1,0,-1
41274,77.30796022,28.69806067,6,3,2,1,5,23:40,102,E08000003,4,5117,6,30,6,2,6,0,0,0,4,1,1,0,0,1,1,E01005066,24-02-2018,1,1,3,1,6,2,3,5,2,0,0,-1,0,-1
41275,77.14802506,28.61225885,6,2,1,1,5,09:10,102,E08000003,6,0,6,30,6,4,6,0,0,0,1,2,2,0,0,1,1,E01005246,24-02-2018,2,1,1,2,51,8,3,0,0,0,0,-1,9,1
41276,77.27417531,28.57019351,6,3,2,3,7,11:56,102,E08000003,3,57,6,30,6,2,3,665,0,5,1,1,1,0,0,1,1,E01005061,26-02-2018,1,1,1,1,27,6,3,0,0,0,0,-1,9,-1
41277,77.24966735,28.67210748,6,2,2,2,2,15:38,102,E08000003,3,5103,3,30,6,2,3,6010,0,0,1,1,1,0,0,1,1,E01005183,28-02-2018,1,1,3,2,9,2,3,9,5,0,0,-1,0,1
41278,77.15590245,28.54201414,6,3,2,2,4,09:15,102,E08000003,3,5145,6,30,0,-1,-1,0,0,0,1,1,1,0,0,1,1,E01005082,02-03-2018,1,1,3,1,-1,-1,3,4,1,0,0,-1,0,-1
41279,77.10325291,28.65621148,6,3,1,1,6,15:40,102,E08000003,6,0,6,30,6,4,3,6010,0,0,1,1,1,0,0,1,1,E01005237,25-02-2018,2,1,1,1,24,5,3,0,0,0,0,-1,9,1
41280,77.08744685,28.62576975,6,3,2,4,1,19:10,102,E08000003,5,0,6,30,3,4,6,0,0,0,4,1,1,0,0,1,1,E01005180,27-02-2018,2,1,2,2,53,8,3,0,0,1,0,-1,9,1
41281,77.21626254,28.57496498,6,3,2,3,2,18:50,102,E08000003,3,6,9,30,9,4,6,0,0,0,4,2,2,0,0,1,2,E01005194,28-02-2018,2,2,1,2,37,7,3,0,0,0,0,-1,9,1
41282,77.13410559,28.6865351,6,2,1,2,3,01:21,102,E08000003,4,5117,6,30,3,4,6,0,0,0,4,2,2,0,0,1,1,E01005288,01-03-2018,1,1,3,1,8,2,2,5,2,0,0,-1,0,2
41283,77.07810901,28.68896879,6,3,2,3,2,19:09,102,E08000003,3,34,3,40,6,2,6,0,0,4,4,2,2,0,0,1,2,E01005121,28-02-2018,2,1,1,1,32,6,3,0,0,0,0,-1,9,1
41284,77.29745112,28.69740033,6,2,1,1,2,15:35,102,E08000003,4,5167,6,30,3,4,6,0,0,0,1,9,2,0,0,1,2,E01005112,28-02-2018,1,1,2,1,13,3,3,0,0,2,0,-1,9,1
41285,77.20828335,28.56486046,6,3,3,1,3,20:25,102,E08000003,3,34,9,40,3,4,6,0,0,0,4,9,1,0,0,1,1,E01005126,01-03-2018,1,1,1,1,46,8,3,0,0,0,0,-1,5,1
41286,77.2167317,28.60653645,6,3,2,2,4,17:11,102,E08000003,4,5167,6,30,6,2,3,5103,0,8,1,1,1,0,0,1,1,E01005264,02-03-2018,1,2,2,1,21,5,3,0,0,2,0,-1,5,1
41287,77.22440806,28.63365505,6,3,2,2,4,15:35,102,E08000003,6,0,6,30,3,4,6,0,0,0,1,1,1,0,0,1,2,E01005076,02-03-2018,1,1,3,1,-1,-1,3,1,3,0,0,-1,0,1
41288,77.05884525,28.69638793,6,3,2,1,2,09:10,102,E08000003,6,0,6,30,3,4,3,6010,0,0,1,3,2,0,0,1,1,E01005181,28-02-2018,1,1,1,1,19,4,3,0,0,0,0,-1,9,-1
41289,77.1491381,28.63152816,6,3,2,1,3,20:15,102,E08000003,6,0,3,30,3,4,3,5184,0,0,4,1,1,0,0,1,2,E01005062,01-03-2018,1,1,3,2,9,2,3,5,4,0,0,-1,0,-1
41290,77.25076096,28.65923228,6,3,2,4,4,12:07,102,E08000003,3,57,6,30,7,2,4,6178,0,5,1,1,2,0,0,1,1,E01005235,02-03-2018,2,1,1,1,19,4,3,0,0,0,0,-1,3,-1
41291,77.22001043,28.67279433,6,1,2,3,7,03:00,102,E08000003,6,0,6,30,6,2,5,0,0,0,4,1,1,0,0,1,2,E01005242,05-03-2018,1,1,1,2,28,6,3,0,0,0,0,-1,9,-1
41292,77.23458261,28.64676418,6,3,3,1,1,19:45,102,E08000003,4,5117,6,30,3,4,6,0,0,0,4,1,1,0,0,1,2,E01005288,27-02-2018,2,1,1,2,34,6,3,0,0,0,0,-1,9,-1
41293,77.155537,28.65846324,6,3,2,1,2,18:05,102,E08000003,6,0,6,30,6,4,3,5103,0,0,4,2,2,0,0,1,1,E01005212,28-02-2018,2,1,1,1,36,7,3,0,0,0,0,-1,9,-1
41294,77.13802134,28.54463574,6,3,3,1,6,08:42,102,E08000003,6,0,6,30,6,4,6,0,0,0,1,1,1,0,0,1,1,E01005179,04-03-2018,2,2,2,1,36,7,3,0,0,1,0,-1,9,-1
41295,77.16098976,28.67476907,6,3,2,1,7,19:30,102,E08000003,5,0,6,30,6,1,3,5103,0,0,4,1,1,0,0,1,1,E01005209,05-03-2018,2,1,1,1,24,5,3,0,0,0,0,-1,9,1
41296,77.19731191,28.56298026,6,3,2,1,5,10:45,102,E08000003,4,5093,6,30,6,2,5,0,0,0,1,1,1,0,0,1,1,E01005304,03-03-2018,2,2,2,1,34,6,3,0,0,1,0,-1,9,1
41297,77.24513371,28.64459927,6,3,1,1,5,18:10,102,E08000003,3,5145,6,30,0,-1,-1,0,0,0,4,1,1,0,0,1,1,E01005082,03-03-2018,2,3,2,1,34,6,3,0,0,2,0,-1,9,1
41298,77.30061285,28.6998418,6,3,3,1,5,08:50,102,E08000003,3,34,3,40,0,-1,-1,0,0,0,1,1,2,0,0,1,1,E01005168,03-03-2018,2,4,2,1,34,6,3,0,0,2,0,-1,9,1
41299,77.22622785,28.60103463,6,3,2,1,4,16:10,102,E08000003,3,6010,6,30,6,4,6,0,0,0,1,1,1,0,0,1,1,E01005301,02-03-2018,1,1,1,1,17,4,3,0,0,0,0,-1,1,1
41300,77.17723593,28.6403479,6,3,2,3,2,11:10,102,E08000003,3,5103,6,40,0,-1,-1,0,0,0,1,4,1,0,0,1,1,E01005079,28-02-2018,2,1,1,1,22,5,3,0,0,0,0,-1,3,1
41301,77.29705668,28.59769864,6,3,2,1,6,16:15,102,E08000003,6,0,9,30,3,4,5,0,0,0,1,1,1,0,0,1,1,E01005279,04-03-2018,1,1,1,1,30,6,1,0,0,0,0,-1,9,-1
41302,77.0879588,28.69636155,6,3,1,1,7,17:40,102,E08000003,3,5145,6,30,9,4,3,5145,0,0,1,1,2,0,0,1,2,E01005176,26-02-2018,2,1,1,2,26,6,3,0,0,0,0,-1,9,1
41303,77.19688889,28.69164727,6,3,1,1,2,12:30,102,E08000003,4,5166,6,30,3,4,6,0,0,0,1,1,1,0,0,1,2,E01005266,07-03-2018,2,1,1,1,65,9,3,0,0,0,0,-1,9,1
41304,77.22660617,28.72737098,6,3,1,1,3,14:40,102,E08000003,3,6010,6,30,6,4,6,0,0,4,1,1,1,0,0,1,1,E01005150,01-03-2018,2,1,1,1,58,9,3,0,0,0,0,-1,9,1
41305,77.34964136,28.60293934,6,3,2,1,1,12:55,102,E08000003,3,6,6,30,3,4,6,0,0,4,1,1,1,1,1,1,2,E01005063,06-03-2018,1,2,1,2,22,5,3,0,0,0,0,-1,9,1
41306,77.11500869,28.53444609,6,3,2,1,2,19:00,102,E08000003,3,6010,6,30,6,4,6,0,0,0,4,1,1,0,0,1,2,E01005287,07-03-2018,2,1,1,2,37,7,3,0,0,0,0,-1,9,1
41307,77.14431107,28.57913177,6,3,1,1,2,22:57,102,E08000003,4,5219,6,30,3,4,6,0,0,0,4,4,1,0,0,1,1,E01005244,07-03-2018,1,1,2,2,58,9,3,0,0,2,4,-1,11,1
41308,77.14490943,28.55304461,6,3,2,1,3,15:00,102,E08000003,3,5145,6,30,3,4,5,0,0,4,1,1,1,0,0,1,1,E01005084,08-03-2018,1,1,3,2,23,5,3,5,3,0,0,-1,0,-1
41309,77.36627026,28.57709993,6,3,2,1,3,07:45,102,E08000003,6,0,6,30,6,2,6,0,0,0,1,1,1,0,0,1,2,E01005081,08-03-2018,2,1,1,1,18,4,3,0,0,0,0,-1,9,1
41310,77.06962557,28.59649351,6,3,2,2,3,09:00,102,E08000003,3,57,6,30,3,4,6,0,0,0,1,1,1,0,0,1,1,E01005061,08-03-2018,2,2,2,1,18,4,3,0,0,1,0,-1,9,1
41311,77.33125569,28.60815223,6,3,1,1,3,16:00,102,E08000003,5,0,6,30,0,-1,-1,0,0,0,1,1,1,0,0,1,2,E01005062,08-03-2018,1,1,1,2,23,5,3,0,0,0,0,-1,9,-1
41312,77.30065822,28.62655454,6,3,2,2,4,11:30,102,E08000003,3,57,1,30,1,4,3,6,0,0,1,1,1,4,2,1,1,E01005065,09-03-2018,2,1,1,1,34,6,3,0,0,0,0,-1,9,1
41313,77.32207912,28.61294783,6,3,2,2,5,23:00,102,E08000003,6,0,9,30,0,-1,6,0,0,0,4,9,1,0,0,1,1,E01005318,10-03-2018,1,1,3,1,10,2,2,5,2,0,0,-1,0,1
41314,77.34026265,28.65022707,6,3,1,1,2,08:30,102,E08000003,6,0,6,30,7,4,6,0,0,0,1,3,2,0,0,1,2,E01005287,28-02-2018,1,1,3,2,12,3,2,5,1,0,0,-1,0,-1
41315,77.16212849,28.67879684,6,3,2,1,7,18:10,102,E08000003,6,0,9,30,3,4,3,57,0,0,1,1,1,0,0,1,2,E01005192,05-03-2018,1,3,1,2,32,6,3,0,0,0,0,-1,9,1
41316,77.27072238,28.70992401,6,3,2,2,7,07:48,102,E08000003,3,57,6,30,3,4,6,0,0,7,1,1,1,0,2,1,1,E01005192,12-03-2018,2,1,2,2,27,6,3,0,0,2,0,-1,9,1
41317,77.34732053,28.7167121,6,3,1,1,3,00:05,110,E08000008,3,57,1,30,1,4,6,0,0,0,4,1,1,0,0,1,1,E01005192,08-03-2018,2,2,2,1,65,9,3,0,0,1,0,-1,9,-1
41318,77.32469647,28.63707364,6,3,2,2,5,17:30,102,E08000003,3,6,1,30,1,4,5,0,0,0,1,1,1,0,0,1,1,E01005065,10-03-2018,2,1,1,1,42,7,3,0,0,0,0,-1,5,-1
41319,77.33962453,28.65242943,6,3,2,1,5,09:10,102,E08000003,3,665,6,30,3,4,6,0,0,0,1,1,1,0,0,1,1,E01005061,10-03-2018,1,1,1,2,33,6,3,0,0,0,0,-1,9,3
41320,77.13200383,28.70098669,6,3,2,1,3,09:25,102,E08000003,3,5145,6,30,6,4,6,0,0,0,1,1,1,0,0,1,1,E01005150,08-03-2018,2,1,1,1,17,4,3,0,0,0,0,-1,9,-1
41321,77.20110402,28.58171551,6,3,1,1,7,18:20,102,E08000003,4,5093,6,30,0,-1,-1,0,0,5,4,1,1,0,0,1,2,E01005271,12-03-2018,2,2,2,2,14,3,3,0,0,2,0,-1,9,-1
41322,77.09777389,28.6601518,6,2,1,1,5,17:25,102,E08000003,5,0,6,30,3,4,6,0,0,0,1,1,1,0,0,1,1,E01005275,10-03-2018,2,3,2,2,12,3,3,0,0,1,0,-1,9,-1
41323,77.24764534,28.63529382,6,3,2,1,3,06:55,102,E08000003,4,5167,3,30,7,2,4,5167,0,0,1,1,1,0,0,1,1,E01005264,08-03-2018,2,1,1,2,29,6,3,0,0,0,0,-1,9,-1
41324,77.08525678,28.72229599,6,3,2,1,5,17:10,102,E08000003,3,5145,6,30,3,4,6,0,0,0,5,1,1,0,0,1,1,E01005154,10-03-2018,2,1,1,1,31,6,3,0,0,0,0,-1,3,1
41325,77.35616267,28.55228572,6,3,2,1,2,00:45,102,E08000003,4,5117,6,30,9,4,6,0,0,0,4,1,1,0,0,1,1,E01005288,07-03-2018,2,1,1,2,51,8,3,0,0,0,0,-1,9,-1
41326,77.24911289,28.66506767,6,3,1,1,1,02:45,102,E08000003,4,5117,3,30,3,2,6,0,0,4,4,1,1,0,0,1,1,E01005209,13-03-2018,1,1,1,2,29,6,3,0,0,0,0,-1,9,1
41327,77.09945871,28.64313352,6,2,1,1,7,17:20,102,E08000003,6,0,9,30,9,-1,6,0,-1,0,1,1,1,0,0,1,2,E01005065,12-03-2018,2,1,1,1,16,4,2,0,0,0,0,-1,1,-1
41328,77.24864972,28.60748256,6,3,1,1,1,01:31,102,E08000003,3,6,3,30,7,2,2,57,0,0,4,1,1,0,0,1,1,E01005134,13-03-2018,1,1,3,2,21,5,3,5,2,0,0,-1,0,-1
41329,77.09543444,28.53245393,6,3,2,1,1,00:15,102,E08000003,4,5117,6,30,3,4,6,0,0,4,4,9,1,0,0,1,2,E01005284,27-02-2018,1,1,1,1,24,5,2,0,0,0,0,-1,9,-1
41330,77.09790378,28.60591775,6,3,3,1,2,08:58,102,E08000003,6,0,6,30,6,4,6,0,0,0,1,1,1,0,0,1,1,E01005179,14-03-2018,1,4,2,1,17,4,3,0,0,1,0,-1,9,-1
41331,77.08640472,28.63931304,6,3,2,3,1,10:00,102,E08000003,6,0,6,30,6,4,5,0,0,4,1,1,1,0,0,1,2,E01005080,13-03-2018,2,2,2,2,27,6,3,0,0,1,0,-1,9,1
41332,77.22429339,28.71132267,6,3,2,1,3,09:00,102,E08000003,3,5145,6,30,3,4,6,0,0,0,1,1,1,0,0,1,2,E01005084,15-03-2018,2,3,1,1,34,6,3,0,0,0,0,-1,9,1
41333,77.19800406,28.59185611,6,3,3,2,3,17:05,102,E08000003,3,5103,3,50,0,-1,-1,0,0,0,1,1,1,0,0,1,1,E01005112,15-03-2018,2,1,1,1,54,8,3,0,0,0,0,-1,20,-1
41334,77.32302593,28.53904247,6,3,2,1,1,20:35,102,E08000003,4,5167,3,30,6,2,3,5103,0,5,4,1,1,0,0,1,1,E01005269,13-03-2018,2,1,1,1,29,6,3,0,0,0,0,-1,9,1
41335,77.29300982,28.56383478,6,2,1,1,3,23:20,102,E08000003,6,0,6,30,0,-1,-1,0,0,0,4,1,1,0,0,1,1,E01005276,15-03-2018,2,2,2,2,31,6,3,0,0,1,0,-1,9,1
41336,77.22569746,28.6369525,6,3,2,1,3,18:37,102,E08000003,3,34,6,30,6,2,5,0,0,0,4,1,1,0,0,1,1,E01005062,15-03-2018,2,1,1,1,33,6,3,0,0,0,0,-1,9,-1
41337,77.31020832,28.55807264,6,3,2,1,4,11:31,102,E08000003,4,5117,6,30,0,-1,-1,0,0,0,1,1,1,0,0,1,1,E01005286,16-03-2018,1,1,2,2,57,9,3,0,0,1,0,-1,9,1
41338,77.14110558,28.55786015,6,2,2,1,3,19:30,102,E08000003,6,0,6,30,0,-1,-1,0,0,0,4,1,1,0,0,1,1,E01005071,15-03-2018,2,1,1,1,60,9,3,0,0,0,0,-1,9,1
41339,77.22006418,28.55605951,6,3,2,1,5,16:50,102,E08000003,5,0,6,30,6,4,5,0,0,0,1,1,1,0,0,1,2,E01005126,10-03-2018,1,2,1,1,25,5,3,0,0,0,0,-1,9,1
41340,77.09968966,28.55660242,6,3,2,2,5,23:02,102,E08000003,6,0,6,30,3,4,6,0,0,0,4,1,1,0,0,1,1,E01005319,10-03-2018,2,1,1,2,32,6,3,0,0,0,0,-1,19,1
41341,77.15066364,28.59469573,6,3,2,1,5,08:35,102,E08000003,6,0,6,30,6,4,6,0,0,0,1,1,2,0,0,1,1,E01005296,17-03-2018,2,1,1,2,22,5,3,0,0,0,0,-1,9,-1
41342,77.11993308,28.65532801,6,3,1,1,6,22:00,102,E08000003,4,5167,6,30,0,-1,-1,0,0,4,4,1,1,0,0,1,1,E01005268,18-03-2018,2,1,1,1,24,5,3,0,0,0,0,-1,9,-1
41343,77.08533451,28.64647769,6,3,2,2,2,01:20,102,E08000003,6,0,1,30,1,4,6,0,0,0,4,1,1,0,0,1,1,E01005313,21-03-2018,1,1,3,2,12,3,3,5,3,0,0,-1,0,1
41344,77.1991061,28.64314736,6,3,2,1,7,01:10,102,E08000003,6,0,6,30,6,4,6,0,0,0,4,1,1,0,0,1,1,E01005305,19-03-2018,2,1,1,2,34,6,3,0,0,0,0,-1,9,1
41345,77.16457451,28.55354331,6,3,2,1,5,14:55,102,E08000003,3,560,3,30,0,-1,-1,0,0,0,1,1,1,0,0,1,2,E01005113,17-03-2018,2,1,1,2,24,5,2,0,0,0,0,-1,9,-1
41346,77.24447695,28.57829401,6,3,2,1,6,16:10,102,E08000003,3,6,6,30,6,4,6,0,0,0,1,1,1,0,0,1,2,E01005222,11-03-2018,2,1,1,1,51,8,3,0,0,0,0,-1,20,1
41347,77.10974042,28.58700901,6,3,2,1,1,03:25,102,E08000003,3,6010,3,40,6,4,3,5103,0,0,4,1,1,0,0,1,2,E01005183,13-03-2018,1,1,3,1,11,3,3,5,1,0,0,-1,0,-1
41348,77.34888376,28.56137412,6,3,2,1,2,21:10,102,E08000003,3,5103,1,30,1,4,6,0,0,0,4,2,2,0,0,1,1,E01005212,14-03-2018,2,1,1,1,39,7,3,0,0,0,0,-1,1,-1
41349,77.30139355,28.68489016,6,2,1,1,3,11:00,102,E08000003,3,34,6,30,6,4,5,0,0,0,1,1,1,4,0,1,2,E01005064,15-03-2018,2,1,2,1,53,8,2,0,0,1,0,-1,9,1
41350,77.05765972,28.59442625,6,3,2,1,4,20:15,102,E08000003,3,6010,6,40,0,-1,-1,0,0,0,4,1,1,0,0,1,1,E01005184,16-03-2018,2,2,1,1,19,4,3,0,0,0,0,-1,9,1
41351,77.19377608,28.68655455,6,3,5,1,5,16:40,102,E08000003,6,0,6,30,3,4,6,0,0,0,1,1,1,0,0,1,1,E01005234,17-03-2018,1,1,1,2,26,6,2,0,0,0,0,-1,5,-1
41352,77.36562799,28.61762662,6,3,2,3,5,18:23,102,E08000003,3,6010,6,40,6,2,5,0,0,8,4,1,1,0,0,1,1,E01005184,17-03-2018,2,1,1,1,14,3,3,0,0,0,0,-1,1,1
41353,77.12949175,28.69613339,6,3,2,1,6,14:00,102,E08000003,3,34,3,30,3,4,6,0,0,0,1,1,1,0,0,1,2,E01005062,18-03-2018,1,1,1,1,16,4,3,0,0,0,0,-1,1,-1
41354,77.20669523,28.5468011,6,3,2,1,7,16:25,102,E08000003,6,0,6,30,3,4,6,0,0,0,1,1,1,0,0,1,1,E01005233,19-03-2018,1,1,2,1,-1,-1,3,0,0,1,0,-1,9,1
41355,77.13991636,28.6939836,6,3,2,2,7,01:00,102,E08000003,4,5093,3,40,3,4,6,0,0,0,4,1,1,0,0,1,1,E01005283,19-03-2018,1,1,3,1,4,1,3,5,1,0,0,-1,0,-1
41356,77.34039959,28.5393376,6,3,1,1,2,17:40,102,E08000003,6,0,6,30,6,4,6,0,0,0,1,1,1,0,0,1,1,E01005235,21-03-2018,2,1,1,2,54,8,3,0,0,0,0,-1,9,-1
41357,77.10660205,28.55711348,6,3,1,1,1,02:55,102,E08000003,4,5167,6,30,3,4,6,0,0,0,4,2,2,0,0,1,1,E01005277,27-03-2018,2,2,1,1,69,10,3,0,0,0,0,-1,19,-1
41358,77.19675092,28.5996242,6,2,1,1,3,19:15,102,E08000003,6,0,6,30,0,-1,6,0,0,0,4,1,1,0,0,1,1,E01005272,22-03-2018,3,1,1,2,37,7,3,0,0,0,0,-1,9,-1
41359,77.36728749,28.69345769,6,3,2,1,5,19:25,102,E08000003,6,0,6,30,6,4,6,0,0,0,4,4,1,0,0,1,1,E01005309,24-03-2018,2,1,1,1,40,7,3,0,0,0,0,-1,9,1
41360,77.06700317,28.61797036,6,3,3,2,2,18:00,102,E08000003,3,6010,6,30,3,4,6,0,0,0,1,1,2,0,0,1,2,E01005286,21-03-2018,1,1,2,1,23,5,1,0,0,1,0,-1,9,1
41361,77.30952113,28.64781084,6,3,1,1,7,06:30,102,E08000003,6,0,3,30,0,-1,-1,0,0,0,1,1,1,0,0,1,1,E01005279,26-03-2018,1,2,1,1,24,5,3,0,0,0,0,-1,9,1
41362,77.09865611,28.62085502,6,3,2,1,3,17:50,102,E08000003,3,34,6,30,6,2,6,0,0,0,1,1,1,0,0,1,1,E01005062,22-03-2018,1,1,1,1,17,4,3,0,0,0,0,-1,1,-1
41363,77.21393757,28.55705736,6,3,2,1,3,21:35,102,E08000003,3,6,6,30,3,4,6,0,0,8,4,1,1,0,0,1,1,E01005065,22-03-2018,1,1,2,2,54,8,3,0,0,2,0,-1,5,-1
41364,77.24401212,28.68946046,6,3,1,1,5,09:26,102,E08000003,3,34,6,30,3,4,6,0,0,0,1,1,2,0,0,1,2,E01005280,24-03-2018,1,1,3,2,11,3,2,6,5,0,0,-1,0,-1
41365,77.32940065,28.71139559,6,3,2,1,6,15:25,102,E08000003,3,5079,6,30,3,4,6,0,0,0,1,1,1,0,0,1,1,E01005238,25-03-2018,2,1,1,2,23,5,3,0,0,0,0,-1,9,-1
41366,77.26485927,28.7094112,6,3,1,1,4,19:29,102,E08000003,3,6,6,30,7,2,6,0,0,4,4,1,1,0,0,1,1,E01005232,16-03-2018,2,1,2,1,35,6,3,0,0,1,0,-1,19,-1
41367,77.22095781,28.53832202,6,3,2,1,6,08:30,102,E08000003,6,0,6,30,6,2,3,5067,0,0,1,1,1,0,0,1,1,E01005208,18-03-2018,2,2,2,1,45,7,3,0,0,1,0,-1,19,-1