Accident_Index,longitude,latitude,Police_Force,Accident_Severity,Number_of_Vehicles,Number_of_Casualties,Day_of_Week,Time,Local_Authority_(District),Local_Authority_(Highway),1st_Road_Class,1st_Road_Number,Road_Type,Speed_limit,Junction_Detail,Junction_Control,2nd_Road_Class,2nd_Road_Number,Pedestrian_Crossing-Human_Control,Pedestrian_Crossing-Physical_Facilities,Light_Conditions,Weather_Conditions,Road_Surface_Conditions,Special_Conditions_at_Site,Carriageway_Hazards,Urban_or_Rural_Area,Did_Police_Officer_Attend_Scene_of_Accident,LSOA_of_Accident_Location,Date,Vehicle_Reference,Casualty_Reference,Casualty_Class,Sex_of_Casualty,Age_of_Casualty,Age_Band_of_Casualty,Casualty_Severity,Pedestrian_Location,Pedestrian_Movement,Car_Passenger,Bus_or_Coach_Passenger,Pedestrian_Road_Maintenance_Worker,Casualty_Type,Casualty_Home_Area_Type
41368,77.12620339,28.72695838,6,3,2,2,1,18:39,102,E08000003,3,57,6,30,6,2,3,57,0,5,4,1,1,0,0,1,1,E01005063,20-03-2018,2,3,2,1,31,6,3,0,0,2,0,-1,19,1
41369,77.3199624,28.63136447,6,3,2,1,3,08:15,102,E08000003,3,57,6,30,9,4,6,0,0,0,1,2,2,0,0,1,1,E01005197,22-03-2018,1,1,3,1,16,4,2,5,1,0,0,-1,0,-1
41370,77.11667777,28.603085,6,3,2,1,5,09:20,102,E08000003,6,0,6,30,3,4,6,0,0,0,1,1,-1,3,0,1,2,E01005062,24-03-2018,1,1,1,2,27,6,3,0,0,0,0,-1,9,-1
41371,77.32454635,28.70168255,6,3,2,1,1,18:05,102,E08000003,6,0,6,30,3,4,5,0,0,0,1,1,1,0,0,1,2,E01005180,27-03-2018,2,2,2,2,35,6,3,0,0,1,0,-1,9,-1
41372,77.13397365,28.66430379,6,2,2,1,3,20:15,102,E08000003,4,5167,6,30,3,4,6,0,0,0,4,1,1,0,0,1,2,E01005276,29-03-2018,2,3,2,2,7,2,3,0,0,2,0,-1,9,-1
41373,77.24779466,28.68190961,6,3,1,1,7,14:30,102,E08000003,3,6010,6,30,6,4,4,5217,0,0,1,2,2,0,0,1,2,E01005150,26-03-2018,2,1,1,2,19,4,3,0,0,0,0,-1,9,-1
41374,77.07349854,28.58657251,6,2,1,1,4,02:57,102,E08000003,4,5166,6,30,0,-1,-1,0,0,0,4,2,2,0,0,1,1,E01005295,30-03-2018,1,1,1,1,17,4,3,0,0,0,0,-1,3,1
41375,77.36246295,28.58068195,6,3,1,1,2,03:31,102,E08000003,3,5145,6,30,3,4,6,0,0,0,4,1,1,0,0,1,1,E01005169,28-03-2018,2,1,1,2,24,5,3,0,0,0,0,-1,9,1
41376,77.21739767,28.54400435,6,3,2,1,3,01:00,102,E08000003,3,6010,6,30,3,4,6,0,0,0,4,1,1,0,0,1,2,E01005151,29-03-2018,1,1,1,1,27,6,3,0,0,0,0,-1,9,1
41377,77.3323141,28.54775131,6,3,2,1,6,03:00,102,E08000003,3,34,6,30,6,2,6,0,0,0,4,1,1,0,0,1,2,E01005062,18-03-2018,2,1,1,2,27,6,3,0,0,0,0,-1,9,1
41378,77.37125921,28.61754574,6,2,1,1,7,19:30,102,E08000003,4,5093,6,30,6,4,6,0,0,0,4,2,2,0,0,1,1,E01005276,26-03-2018,2,1,1,2,19,4,3,0,0,0,0,-1,9,1
41379,77.14305476,28.65061193,6,3,2,1,7,13:00,102,E08000003,6,0,6,30,3,4,6,0,0,0,1,1,1,0,0,1,1,E01005073,05-03-2018,2,2,2,2,-1,-1,3,0,0,1,0,-1,9,1
41380,77.14169106,28.67912991,6,2,2,1,4,20:40,102,E08000003,3,6010,6,30,3,4,4,5217,0,0,4,2,2,0,0,1,1,E01005150,30-03-2018,2,3,2,2,-1,-1,3,0,0,1,0,-1,9,1
41381,77.09062642,28.64887684,6,3,2,2,7,14:03,102,E08000003,3,6,6,30,0,-1,-1,0,0,0,1,1,1,0,0,1,1,E01005221,26-03-2018,2,4,2,2,-1,-1,3,0,0,1,0,-1,9,1
41382,77.34926266,28.72701053,6,3,2,1,4,11:20,102,E08000003,3,560,6,30,1,4,3,5103,0,0,1,2,2,0,0,1,2,E01005112,30-03-2018,2,1,1,1,36,7,3,0,0,0,0,-1,9,-1
41383,77.3669311,28.60024836,6,1,1,1,7,19:54,102,E08000003,3,5103,3,40,6,2,3,5145,0,0,4,2,2,0,0,1,1,E01005079,26-03-2018,2,1,1,1,25,5,3,0,0,0,0,-1,9,-1
41384,77.20710806,28.64584378,6,2,1,2,2,17:33,102,E08000003,2,57,3,50,0,-1,-1,0,0,0,1,1,1,0,0,1,1,E01005211,28-03-2018,2,2,2,1,7,2,3,0,0,2,0,-1,9,-1
41385,77.05914093,28.5385772,6,3,2,1,5,07:50,102,E08000003,3,5103,1,30,2,4,2,57,0,7,1,1,1,0,0,1,2,E01005212,24-03-2018,2,1,1,1,33,6,3,0,0,0,0,-1,11,1
41386,77.25138492,28.7132343,6,3,2,1,6,16:30,107,E08000006,3,6,3,40,6,2,4,6186,0,7,1,1,1,0,0,1,1,E01005610,01-04-2018,2,2,2,2,47,8,3,0,0,2,4,-1,11,1
41387,77.24531075,28.62262739,6,3,2,1,3,18:50,107,E08000006,6,0,6,30,3,4,6,0,0,0,1,1,1,0,0,1,2,E01005604,05-04-2018,2,3,2,2,77,11,3,0,0,2,4,-1,11,1
41388,77.17723252,28.72386109,6,3,2,3,2,15:15,107,E08000006,4,5320,6,30,3,4,6,0,0,0,1,1,1,0,0,1,2,E01005640,04-04-2018,1,1,2,1,39,7,2,0,0,1,0,-1,9,-1
41389,77.29261772,28.7154274,6,3,2,1,2,14:25,107,E08000006,3,572,6,30,3,4,4,5231,0,0,1,1,1,0,0,1,1,E01005700,04-04-2018,1,2,2,1,41,7,3,0,0,2,0,-1,9,-1
41390,77.2792385,28.68322908,6,3,2,2,4,19:08,107,E08000006,3,5186,6,30,6,2,6,0,0,0,1,2,2,0,0,1,1,E01005657,06-04-2018,2,3,1,1,33,6,3,0,0,0,0,-1,9,1
41391,77.14509082,28.72176207,6,3,2,1,5,16:00,107,E08000006,3,56,6,30,6,2,6,0,0,0,1,1,1,0,0,1,1,E01005647,07-04-2018,1,1,1,1,46,8,3,0,0,0,0,-1,9,1
41392,77.26127058,28.54560814,6,3,2,1,6,13:10,107,E08000006,3,580,3,50,6,4,5,0,0,0,1,1,1,0,0,1,2,E01005714,08-04-2018,2,2,1,1,28,6,3,0,0,0,0,-1,9,1
41393,77.34664655,28.61870387,6,3,2,1,7,15:20,107,E08000006,6,0,6,30,3,4,6,0,0,0,1,1,1,0,0,1,1,E01005644,09-04-2018,1,1,3,1,3,1,3,5,1,0,0,-1,0,-1
41394,77.09502257,28.62703118,6,3,2,1,7,14:15,107,E08000006,3,5185,6,30,0,-1,-1,0,0,0,1,1,1,0,0,1,1,E01005724,09-04-2018,1,1,3,2,18,4,2,6,5,0,0,-1,0,1
41395,77.0763822,28.67375643,6,3,2,1,2,16:45,107,E08000006,3,57,1,30,1,4,6,0,0,0,1,1,1,0,0,1,2,E01005732,11-04-2018,1,2,3,2,19,4,3,6,5,0,0,-1,0,1
41396,77.23238373,28.54758889,6,3,1,1,2,19:40,107,E08000006,6,0,6,30,0,-1,-1,0,0,0,1,1,1,0,0,1,1,E01005639,04-04-2018,1,1,3,2,31,6,3,6,7,0,0,-1,0,1
41397,77.22201753,28.70336872,6,3,2,1,4,16:10,107,E08000006,4,5231,6,30,9,4,6,0,0,0,1,9,2,0,0,1,1,E01005696,06-04-2018,1,2,3,1,10,2,3,6,7,0,0,-1,0,1
41398,77.2637403,28.64465617,6,2,1,1,3,16:35,107,E08000006,3,666,6,30,3,4,6,0,0,5,1,1,1,0,0,1,1,E01005692,12-04-2018,2,1,1,1,60,9,3,0,0,0,0,-1,5,-1
41399,77.09455941,28.5839807,6,3,1,1,7,14:50,107,E08000006,3,6,6,30,6,2,6,0,0,5,1,2,2,0,0,1,1,E01005687,09-04-2018,1,1,3,1,15,3,3,9,5,0,0,-1,0,-1
41400,77.21909783,28.71743708,6,3,1,2,1,14:50,107,E08000006,5,0,6,30,3,4,6,0,0,0,1,1,1,0,0,1,1,E01005679,10-04-2018,1,1,3,1,9,2,3,5,4,0,0,-1,0,-1
41401,77.27092784,28.61870254,6,3,2,2,1,19:35,107,E08000006,3,5063,3,40,6,2,6,0,0,8,1,1,1,0,0,1,1,E01005608,10-04-2018,1,1,1,1,31,6,3,0,0,0,0,-1,9,1
41402,77.22251801,28.53336285,6,3,2,1,4,09:05,107,E08000006,3,5066,6,30,0,-1,-1,0,0,0,1,2,2,0,0,1,1,E01005669,13-04-2018,1,1,3,2,4,1,2,9,5,0,0,-1,0,-1
41403,77.13338178,28.54307242,6,3,2,2,2,11:40,107,E08000006,6,0,1,30,1,4,6,0,0,8,1,1,1,0,0,1,1,E01005620,04-04-2018,1,1,3,2,22,5,2,5,2,0,0,-1,0,-1
41404,77.37003984,28.60790917,6,3,1,1,3,14:40,107,E08000006,5,0,6,30,8,1,6,0,1,0,1,2,2,0,0,1,1,E01005710,05-04-2018,1,2,3,2,22,5,3,5,2,0,0,-1,0,-1
41405,77.15899609,28.71462638,6,3,2,1,5,08:15,107,E08000006,6,0,6,30,0,-1,-1,0,0,0,1,1,1,0,0,1,2,E01005621,07-04-2018,1,3,3,2,20,4,3,5,2,0,0,-1,0,-1
41406,77.27915999,28.57642253,6,3,2,1,7,12:43,107,E08000006,4,6186,6,30,0,-1,-1,0,0,0,1,2,2,0,0,1,1,E01005610,09-04-2018,2,1,2,2,-1,-1,3,0,0,2,4,-1,11,1
41407,77.17077104,28.57003552,6,3,1,1,6,13:10,107,E08000006,6,0,6,30,0,-1,-1,0,0,0,1,1,2,0,0,1,2,E01005710,15-04-2018,2,1,1,1,12,3,3,0,0,0,0,-1,1,1
41408,77.15515164,28.57296551,6,3,2,3,7,20:00,107,E08000006,6,0,1,40,1,4,3,575,0,0,1,1,1,0,0,2,1,E01005737,16-04-2018,1,1,1,1,18,4,3,0,0,0,0,-1,9,1
41409,77.08506088,28.59220934,6,3,2,1,2,16:30,107,E08000006,6,0,2,30,0,-1,-1,0,0,0,1,1,1,0,0,1,2,E01005640,11-04-2018,1,1,3,2,56,9,3,5,1,0,0,-1,0,1
41410,77.10345162,28.55740286,6,2,2,1,5,21:45,107,E08000006,3,57,6,30,0,-1,-1,0,0,8,4,1,2,0,0,1,1,E01005668,14-04-2018,2,1,1,1,20,4,3,0,0,0,0,-1,9,1
41411,77.35130534,28.59389599,6,3,2,1,2,08:25,107,E08000006,3,576,6,30,3,4,6,0,0,4,1,2,2,0,0,1,1,E01005722,18-04-2018,1,1,1,1,-1,-1,3,0,0,0,0,-1,1,-1
41412,77.36709593,28.57619747,6,3,2,1,4,17:15,107,E08000006,6,0,6,30,6,4,6,0,0,0,1,1,1,0,0,1,1,E01005629,13-04-2018,1,1,1,1,25,5,3,0,0,0,0,-1,9,-1
41413,77.35955366,28.63930739,6,3,2,1,4,15:50,107,E08000006,4,5320,6,30,3,4,6,0,0,0,1,1,1,0,0,1,1,E01005620,13-04-2018,1,2,2,2,24,5,3,0,0,1,0,-1,9,3
41414,77.24426324,28.6613022,6,3,5,3,3,15:25,107,E08000006,3,580,3,60,3,4,6,0,0,0,1,1,1,0,0,1,1,E01005714,12-04-2018,1,1,3,1,12,3,3,9,6,0,0,-1,0,-1
41415,77.35226433,28.68092582,6,3,2,1,3,21:30,107,E08000006,3,666,6,30,3,3,6,0,0,0,4,2,2,0,0,1,2,E01005671,05-04-2018,1,1,2,2,-1,-1,3,0,0,1,0,-1,9,-1
41416,77.20109721,28.70055299,6,3,1,1,2,15:15,107,E08000006,3,576,6,30,6,2,4,5228,0,4,1,1,1,0,0,1,1,E01005722,11-04-2018,2,1,1,1,28,6,3,0,0,0,0,-1,9,1
41417,77.16297943,28.67928681,6,3,2,1,5,14:10,107,E08000006,6,0,6,30,7,4,6,0,0,0,1,1,1,0,0,1,2,E01005650,21-04-2018,2,2,2,2,23,5,3,0,0,1,0,-1,9,1
41418,77.1006032,28.7182474,6,3,2,3,4,08:01,107,E08000006,3,666,6,30,9,4,6,0,0,1,1,1,1,0,0,1,1,E01005676,20-04-2018,2,3,2,2,1,1,3,0,0,2,0,-1,9,1
41419,77.35516084,28.56364401,6,3,1,1,5,20:55,107,E08000006,5,0,6,30,9,4,6,0,0,0,4,1,1,0,0,1,1,E01005653,21-04-2018,1,1,3,2,9,2,3,5,1,0,0,-1,0,-1
41420,77.2466409,28.63408973,6,3,2,3,3,17:05,107,E08000006,4,5229,6,30,3,4,6,0,0,0,1,1,1,0,0,1,1,E01005727,12-04-2018,1,1,3,2,11,3,3,5,4,0,0,-1,0,1
41421,77.17736058,28.72056105,6,3,1,1,1,14:08,107,E08000006,3,572,3,30,3,4,3,575,0,0,1,1,2,0,0,2,1,E01005738,10-04-2018,2,1,1,1,15,3,3,0,0,0,0,-1,1,-1
41422,77.15781166,28.60748984,6,3,2,2,5,18:40,107,E08000006,3,576,6,30,3,4,6,0,0,0,1,2,2,0,0,1,1,E01005719,14-04-2018,1,1,3,1,3,1,3,5,3,0,0,-1,0,-1
41423,77.14280729,28.63009959,6,3,3,1,2,18:55,107,E08000006,4,5230,6,30,3,4,6,0,0,0,1,1,1,0,0,1,2,E01005601,18-04-2018,1,1,3,2,6,2,3,5,4,0,0,-1,0,-1
41424,77.08903513,28.62729909,6,3,2,4,4,15:15,107,E08000006,3,572,6,30,9,2,3,580,0,0,1,1,1,0,0,1,2,E01005696,20-04-2018,1,2,2,2,18,4,3,0,0,1,0,-1,9,1
41425,77.19561222,28.67380808,6,3,1,3,6,10:00,107,E08000006,6,0,6,30,3,4,6,0,0,0,1,1,1,0,0,1,2,E01005707,15-04-2018,2,1,1,2,33,6,2,0,0,0,0,-1,9,1
41426,77.34617087,28.70870867,6,3,2,1,6,16:00,107,E08000006,3,6,6,30,0,-1,-1,0,0,0,1,1,1,0,0,1,1,E01005701,22-04-2018,1,1,3,1,40,7,3,1,3,0,0,-1,0,-1
41427,77.10181182,28.60760034,6,3,3,1,7,11:45,107,E08000006,3,56,6,30,3,4,6,0,0,0,1,1,1,0,0,1,1,E01005649,23-04-2018,1,2,3,2,40,7,3,1,3,0,0,-1,0,1
41428,77.14838303,28.56125369,6,3,2,1,3,16:42,107,E08000006,3,6,6,30,0,-1,-1,0,0,4,1,2,2,0,0,1,1,E01005704,26-04-2018,2,1,2,2,26,6,3,0,0,1,0,-1,9,1
41429,77.22667723,28.64236679,6,3,2,2,3,18:10,107,E08000006,3,6,6,30,3,4,6,0,0,0,1,1,1,4,0,1,1,E01005659,26-04-2018,1,1,2,2,21,5,3,0,0,1,0,-1,9,-1
41430,77.12145883,28.64364313,6,3,2,1,4,09:50,107,E08000006,3,576,3,30,9,4,6,0,0,0,1,1,1,0,0,1,2,E01005613,27-04-2018,1,3,2,1,23,5,3,0,0,1,0,-1,9,1
41431,77.09890775,28.62865134,6,2,1,1,4,17:40,107,E08000006,6,0,2,30,0,-1,-1,0,0,0,1,1,1,0,0,1,1,E01005657,27-04-2018,2,1,1,1,29,6,3,0,0,0,0,-1,9,1
41432,77.2759943,28.62399503,6,3,2,1,6,08:15,107,E08000006,6,0,6,30,3,4,3,57,0,0,1,1,1,0,0,1,2,E01005638,29-04-2018,2,2,2,2,75,10,3,0,0,2,0,-1,9,1
41433,77.18076852,28.70400994,6,3,1,1,3,15:15,107,E08000006,3,572,6,30,9,4,6,0,0,0,1,9,2,0,0,1,2,E01005696,03-05-2018,2,1,1,1,39,7,3,0,0,0,0,-1,9,1
41434,77.36163645,28.56624002,6,3,2,1,4,13:40,107,E08000006,3,6,3,40,5,4,6,0,0,0,1,1,1,0,0,1,1,E01005608,13-04-2018,2,1,1,2,35,6,3,0,0,0,0,-1,9,3
41435,77.33810457,28.59100115,6,3,2,1,4,15:20,107,E08000006,6,0,6,30,6,4,6,0,1,1,1,1,1,0,0,1,1,E01005612,13-04-2018,2,2,2,1,26,6,3,0,0,1,0,-1,9,3
41436,77.36250551,28.70373705,6,3,2,2,7,21:10,107,E08000006,3,57,6,50,3,4,6,0,0,8,4,1,1,0,0,1,1,E01005618,23-04-2018,1,1,1,1,19,4,3,0,0,0,0,-1,9,1
41437,77.18273737,28.60679508,6,2,2,1,1,21:35,107,E08000006,4,6186,6,30,3,4,6,0,0,4,4,1,1,0,0,1,1,E01005611,24-04-2018,2,2,1,2,49,8,3,0,0,0,0,-1,9,2
41438,77.27420866,28.67519037,6,3,2,3,2,10:45,107,E08000006,3,5063,3,30,9,2,6,0,0,5,1,1,1,0,0,1,1,E01005668,25-04-2018,1,1,1,1,20,4,3,0,0,0,0,-1,9,-1
41439,77.33390695,28.63087734,6,2,2,1,3,10:25,107,E08000006,6,0,6,30,0,-1,-1,0,0,0,1,1,1,0,0,1,1,E01005666,26-04-2018,1,2,2,1,19,4,3,0,0,1,0,-1,9,-1
41440,77.08394525,28.71573266,6,3,1,1,5,17:20,107,E08000006,3,572,6,30,3,4,6,0,0,0,1,1,1,0,0,1,1,E01005739,28-04-2018,1,1,1,2,20,4,3,0,0,0,0,-1,9,1
41441,77.28690411,28.68922027,6,3,1,1,5,15:25,107,E08000006,3,5186,6,30,0,-1,-1,0,0,0,1,1,1,0,0,1,1,E01005657,28-04-2018,1,1,3,1,4,1,3,5,4,0,0,-1,0,1
41442,77.3474619,28.5448065,6,3,2,1,3,17:55,114,E08000010,3,577,6,30,3,4,6,0,0,0,1,1,2,0,0,1,1,E01006379,03-05-2018,1,1,1,1,19,4,3,0,0,0,0,-1,9,1
41443,77.28423246,28.62099679,6,1,4,1,6,22:30,107,E08000006,3,580,3,60,6,2,5,0,0,8,4,2,2,0,0,1,1,E01005735,06-05-2018,1,2,2,1,19,4,3,0,0,1,0,-1,9,1
41444,77.08344478,28.64106764,6,3,2,1,2,18:20,107,E08000006,3,6,6,30,6,4,6,0,0,0,1,1,1,0,0,1,1,E01005686,18-04-2018,1,3,2,1,17,4,3,0,0,2,0,-1,9,1
41445,77.2088167,28.64987178,6,3,1,1,5,04:40,107,E08000006,3,5063,6,30,0,-1,-1,0,0,0,4,1,1,0,0,1,1,E01005608,05-05-2018,1,4,2,1,18,4,3,0,0,2,0,-1,9,1
41446,77.2414094,28.53297862,6,3,2,1,5,16:30,107,E08000006,3,6,3,40,3,4,6,0,0,0,1,2,2,0,0,1,1,E01005680,05-05-2018,2,1,1,2,21,5,3,0,0,0,0,-1,9,1
41447,77.23865955,28.69197926,6,2,1,1,7,23:50,107,E08000006,3,6042,3,30,3,1,6,0,0,0,4,1,1,0,0,1,1,E01005608,07-05-2018,1,1,3,1,45,7,3,4,3,0,0,-1,0,-1
41448,77.05778079,28.63472,6,3,2,2,6,16:10,107,E08000006,3,580,3,60,0,-1,-1,0,0,0,1,1,1,0,0,2,1,E01005715,29-04-2018,1,1,3,2,6,2,2,5,6,0,0,-1,0,1
41449,77.248958,28.56146094,6,3,2,2,6,15:45,107,E08000006,5,0,6,30,3,4,6,0,0,0,1,1,1,0,0,1,1,E01005687,29-04-2018,1,1,1,1,30,6,3,0,0,0,0,-1,9,1
41450,77.23491721,28.66367131,6,2,2,1,7,15:20,107,E08000006,3,576,2,30,3,4,6,0,0,8,1,1,1,0,0,1,1,E01005612,30-04-2018,1,2,2,1,30,6,3,0,0,1,0,-1,9,1
41451,77.32827541,28.5383853,6,3,1,1,1,19:30,107,E08000006,6,0,6,30,0,-1,-1,0,0,0,1,1,1,0,0,1,1,E01005619,01-05-2018,1,3,2,2,30,6,3,0,0,2,0,-1,9,1
41452,77.16713121,28.61032314,6,3,3,2,4,18:20,107,E08000006,6,0,6,30,6,4,6,0,0,0,1,1,1,0,0,1,1,E01005615,04-05-2018,1,1,1,1,34,6,3,0,0,0,0,-1,9,1
41453,77.34201202,28.70592029,6,3,1,1,5,12:00,107,E08000006,3,5066,6,30,9,4,6,0,0,0,1,2,2,0,0,1,1,E01005669,05-05-2018,1,1,1,1,9,2,1,0,0,0,0,-1,1,1
41454,77.12662578,28.66153527,6,3,1,1,5,19:00,107,E08000006,5,0,6,30,6,4,6,0,0,0,1,2,2,0,0,1,1,E01005647,05-05-2018,1,1,1,1,26,6,3,0,0,0,0,-1,9,1
41455,77.07268985,28.57193019,6,3,3,2,7,14:25,107,E08000006,6,0,6,30,0,-1,-1,0,0,0,1,4,1,0,0,1,1,E01005722,07-05-2018,1,2,1,2,50,8,3,0,0,0,0,-1,9,1
41456,77.22165329,28.71588446,6,3,3,3,7,18:20,107,E08000006,3,580,3,50,0,-1,-1,0,0,0,1,1,1,0,0,2,1,E01005737,07-05-2018,2,1,1,1,69,10,3,0,0,0,0,-1,19,1
41457,77.35928723,28.66392502,6,3,2,2,7,13:55,107,E08000006,4,5230,6,30,9,4,6,0,0,0,1,1,1,0,0,1,2,E01005600,07-05-2018,1,1,3,1,77,11,3,1,1,0,0,-1,0,1
41458,77.25595014,28.67513155,6,3,2,1,1,14:45,107,E08000006,6,0,6,30,3,4,6,0,0,0,1,1,1,0,0,1,2,E01005641,08-05-2018,1,1,1,1,18,4,3,0,0,0,0,-1,9,-1
41459,77.28483698,28.59017322,6,3,2,1,1,14:00,107,E08000006,5,0,6,30,3,4,6,0,0,0,1,1,1,0,0,1,1,E01005604,08-05-2018,1,2,2,2,19,4,3,0,0,1,0,-1,9,1
41460,77.11489618,28.63870577,6,3,3,3,2,16:30,107,E08000006,4,5229,6,30,3,4,6,0,0,0,1,1,1,0,0,1,1,E01005632,09-05-2018,1,1,1,1,25,5,3,0,0,0,0,-1,9,1
41461,77.12464446,28.61922737,6,1,1,1,7,00:10,107,E08000006,3,575,6,30,9,4,6,0,0,0,4,1,1,0,6,1,1,E01005630,14-05-2018,1,3,2,2,4,1,3,0,0,1,0,-1,9,1
41462,77.16310955,28.61794018,6,3,2,1,3,15:45,107,E08000006,3,666,6,30,3,4,6,0,0,0,1,1,1,0,0,1,1,E01005670,03-05-2018,2,2,1,2,39,7,3,0,0,0,0,-1,9,1
41463,77.11717363,28.70138655,6,3,2,3,5,10:38,107,E08000006,3,57,6,30,3,4,6,0,0,0,1,1,2,0,0,1,1,E01005605,28-04-2018,2,1,1,1,55,8,3,0,0,0,0,-1,9,1
41464,77.24561804,28.71939027,6,3,2,4,3,16:50,107,E08000006,3,6,3,30,3,4,6,0,0,4,1,1,1,0,0,1,1,E01005608,10-05-2018,2,2,2,1,58,9,3,0,0,1,0,-1,9,1
41465,77.31850001,28.56151153,6,3,2,1,3,18:40,107,E08000006,3,5066,6,30,9,4,6,0,0,0,1,1,1,0,0,1,1,E01005668,10-05-2018,1,1,1,1,15,3,3,0,0,0,0,-1,1,1
41466,77.12867643,28.5455949,6,3,2,1,3,18:30,107,E08000006,3,580,3,60,9,2,3,577,0,4,1,1,1,0,0,1,1,E01005736,10-05-2018,1,1,1,1,31,6,3,0,0,0,0,-1,5,1
41467,77.09262513,28.57246044,6,3,1,1,3,08:30,107,E08000006,6,0,6,30,3,4,6,0,0,0,1,1,1,0,0,1,1,E01005628,10-05-2018,1,2,2,1,31,6,3,0,0,2,0,-1,5,1
41468,77.20045808,28.60272911,6,3,1,1,4,16:00,107,E08000006,3,576,6,30,3,4,6,0,0,0,1,1,1,0,0,1,1,E01005646,11-05-2018,1,1,3,2,4,1,3,5,3,0,0,-1,0,1
41469,77.12740633,28.56601478,6,3,2,1,5,03:30,107,E08000006,3,576,6,30,6,4,6,0,0,0,4,1,1,0,0,1,1,E01005651,12-05-2018,1,1,1,1,19,4,3,0,0,0,0,-1,9,1
41470,77.11564426,28.69504544,6,3,2,1,6,17:00,107,E08000006,6,0,6,30,8,4,6,0,0,0,1,4,1,0,0,1,2,E01005661,13-05-2018,1,2,2,1,19,4,3,0,0,1,0,-1,9,1
41471,77.10544342,28.67509136,6,3,4,1,6,14:20,107,E08000006,3,576,3,30,7,2,3,57,0,0,1,1,1,0,0,1,1,E01005631,13-05-2018,1,1,3,1,19,4,3,9,9,0,0,-1,0,-1
41472,77.36551408,28.6386627,6,3,2,1,4,16:40,107,E08000006,3,56,6,30,3,4,6,0,0,0,1,1,1,0,0,1,1,E01005647,11-05-2018,1,1,2,1,43,7,3,0,0,1,0,-1,90,1
41473,77.35911246,28.63330909,6,3,1,1,6,17:50,107,E08000006,6,0,6,30,6,4,3,576,0,0,1,1,1,0,0,1,1,E01005613,13-05-2018,1,2,2,1,28,6,3,0,0,2,0,-1,90,1
41474,77.30110544,28.61013346,6,2,2,1,7,19:50,107,E08000006,5,0,6,30,6,4,6,0,0,0,1,1,1,0,0,1,1,E01005653,14-05-2018,1,1,1,2,70,10,3,0,0,0,0,-1,9,1
41475,77.2891649,28.7108383,6,3,1,2,7,22:02,107,E08000006,3,57,6,30,1,4,6,0,0,0,4,1,1,0,0,1,1,E01005618,14-05-2018,2,1,1,1,36,7,3,0,0,0,0,-1,2,1
41476,77.27417632,28.57473826,6,3,2,2,7,14:25,107,E08000006,3,5066,6,30,9,4,6,0,0,0,1,1,1,0,0,1,1,E01005608,14-05-2018,2,2,2,2,10,2,3,0,0,1,0,-1,2,1
41477,77.27432171,28.65852886,6,3,1,1,1,22:00,107,E08000006,3,57,6,30,9,4,6,0,0,0,4,1,1,0,0,1,2,E01005619,15-05-2018,1,1,1,1,11,3,2,0,0,0,0,-1,1,1
41478,77.23514467,28.67564352,6,3,1,1,4,11:55,107,E08000006,6,0,6,30,0,-1,-1,0,0,0,1,1,1,0,0,1,2,E01005659,11-05-2018,1,1,1,1,17,4,3,0,0,0,0,-1,9,1
41479,77.31753466,28.64228159,6,3,2,1,6,09:45,107,E08000006,4,5461,6,30,0,-1,-1,0,0,0,1,1,1,0,0,1,1,E01005608,13-05-2018,1,2,2,1,16,4,3,0,0,2,0,-1,9,1
41480,77.16084283,28.53771954,6,3,2,1,6,08:38,107,E08000006,3,6,3,30,0,-1,-1,0,0,0,1,1,1,0,0,1,1,E01005680,13-05-2018,1,3,2,1,17,4,3,0,0,1,0,-1,9,1
41481,77.06525211,28.58894462,6,3,2,9,2,09:15,107,E08000006,4,6187,6,30,6,2,3,576,0,0,1,1,1,0,0,1,1,E01005611,16-05-2018,1,1,3,2,25,5,3,5,1,0,0,-1,0,1
41482,77.14549501,28.61786393,6,3,1,1,3,07:37,107,E08000006,3,57,6,50,0,-1,-1,0,0,0,1,1,1,0,0,2,1,E01005640,17-05-2018,1,1,3,2,10,2,3,5,4,0,0,-1,0,1
41483,77.27951969,28.65738076,6,3,2,1,5,17:15,107,E08000006,3,6044,6,30,3,4,6,0,0,8,1,1,1,0,0,1,2,E01005675,19-05-2018,1,1,3,1,67,10,2,6,9,0,0,-1,0,1
41484,77.25978596,28.64684154,6,3,2,1,5,08:00,107,E08000006,3,580,3,30,6,2,3,575,0,5,1,1,1,0,0,2,2,E01005715,19-05-2018,1,1,1,1,21,5,3,0,0,0,0,-1,9,1
41485,77.27023025,28.61684249,6,3,2,1,6,19:45,107,E08000006,3,5066,6,30,3,4,5,0,0,0,1,1,1,0,0,1,1,E01005606,20-05-2018,1,1,3,2,45,7,3,5,1,0,0,-1,0,1
41486,77.08130104,28.66766285,6,3,2,1,4,11:25,107,E08000006,6,0,6,30,0,-1,-1,0,0,0,1,1,1,0,0,1,2,E01005680,04-05-2018,1,1,2,2,96,11,3,0,0,0,1,-1,11,1
41487,77.23559928,28.56144601,6,3,2,1,2,16:49,107,E08000006,3,576,6,30,0,-1,-1,0,0,0,1,1,2,0,0,1,1,E01005724,16-05-2018,1,1,1,1,15,3,3,0,0,0,0,-1,1,1