Accident_Index,longitude,latitude,Police_Force,Accident_Severity,Number_of_Vehicles,Number_of_Casualties,Day_of_Week,Time,Local_Authority_(District),Local_Authority_(Highway),1st_Road_Class,1st_Road_Number,Road_Type,Speed_limit,Junction_Detail,Junction_Control,2nd_Road_Class,2nd_Road_Number,Pedestrian_Crossing-Human_Control,Pedestrian_Crossing-Physical_Facilities,Light_Conditions,Weather_Conditions,Road_Surface_Conditions,Special_Conditions_at_Site,Carriageway_Hazards,Urban_or_Rural_Area,Did_Police_Officer_Attend_Scene_of_Accident,LSOA_of_Accident_Location,Date,Vehicle_Reference,Casualty_Reference,Casualty_Class,Sex_of_Casualty,Age_of_Casualty,Age_Band_of_Casualty,Casualty_Severity,Pedestrian_Location,Pedestrian_Movement,Car_Passenger,Bus_or_Coach_Passenger,Pedestrian_Road_Maintenance_Worker,Casualty_Type,Casualty_Home_Area_Type
41608,77.07325848,28.58581795,6,3,2,1,5,17:15,107,E08000006,4,5228,6,30,9,4,6,0,0,0,1,2,2,0,0,1,1,E01005720,28-07-2018,2,1,1,2,38,7,3,0,0,0,0,-1,9,3
41609,77.36229193,28.61311949,6,3,1,2,6,18:20,107,E08000006,3,576,6,30,0,-1,-1,0,0,0,1,1,1,0,0,1,1,E01005685,29-07-2018,1,1,2,2,76,11,3,0,0,2,0,-1,9,1
41610,77.33371811,28.69326609,6,3,2,1,6,14:53,107,E08000006,5,0,6,30,9,4,-1,-1,0,0,1,1,1,0,0,1,1,E01005670,29-07-2018,1,1,1,2,25,5,3,0,0,0,0,-1,9,1
41611,77.34394715,28.72716969,6,3,2,3,3,00:41,107,E08000006,3,576,6,30,3,4,6,0,0,4,4,1,1,0,0,1,1,E01005651,02-08-2018,2,2,2,1,15,3,3,0,0,1,0,-1,9,1
41612,77.190479,28.64636434,6,2,1,1,6,18:30,107,E08000006,6,0,6,30,3,1,6,0,0,0,1,1,1,0,0,1,1,E01005614,05-08-2018,1,1,3,1,18,4,3,4,3,0,0,-1,0,-1
41613,77.22453126,28.56745725,6,3,2,1,6,20:45,107,E08000006,3,576,6,30,3,4,6,0,0,0,1,1,1,0,0,1,2,E01005612,05-08-2018,2,1,1,2,37,7,3,0,0,0,0,-1,9,1
41614,77.15653466,28.63334858,6,3,1,1,7,13:20,107,E08000006,6,0,6,30,0,-1,-1,0,0,0,1,1,1,0,0,1,1,E01005615,06-08-2018,1,1,1,1,50,8,3,0,0,0,0,-1,9,1
41615,77.26233049,28.69273677,6,3,2,1,4,11:55,107,E08000006,3,572,3,40,6,2,3,580,0,0,1,1,1,0,0,1,2,E01005696,03-08-2018,2,1,1,1,42,7,3,0,0,0,0,-1,9,1
41616,77.35765605,28.66857325,6,3,1,1,6,19:38,107,E08000006,5,0,6,30,3,4,6,0,0,0,1,1,1,4,0,1,1,E01005675,05-08-2018,2,1,1,1,33,6,3,0,0,0,0,-1,9,1
41617,77.3006619,28.58830554,6,3,2,1,6,23:42,107,E08000006,6,0,6,30,3,4,3,5185,0,0,4,1,1,0,0,1,1,E01005627,05-08-2018,1,1,1,2,32,6,3,0,0,0,0,-1,9,1
41618,77.19804669,28.69191596,6,3,2,1,7,03:04,107,E08000006,6,0,6,30,0,-1,-1,0,0,0,4,1,1,0,0,1,1,E01005640,06-08-2018,1,1,1,1,30,6,3,0,0,0,0,-1,9,1
41619,77.24478935,28.67840589,6,3,1,1,1,12:50,107,E08000006,3,57,1,30,1,4,1,60,0,8,1,1,1,0,0,1,1,E01005732,07-08-2018,2,1,1,2,-1,-1,3,0,0,0,0,-1,9,-1
41620,77.30598589,28.5343642,6,3,2,1,1,11:10,107,E08000006,3,666,6,30,9,4,6,0,0,0,1,1,1,0,0,1,1,E01005673,17-07-2018,1,1,2,1,31,6,3,0,0,2,0,-1,8,2
41621,77.09671707,28.68363101,6,3,2,3,5,17:30,107,E08000006,3,57,6,30,3,4,6,0,2,4,1,1,2,0,0,1,1,E01005599,04-08-2018,1,2,2,1,28,6,3,0,0,2,0,-1,8,1
41622,77.24793571,28.72070035,6,3,1,1,2,18:05,107,E08000006,5,0,6,30,1,4,3,576,0,0,1,1,1,0,0,1,1,E01005684,08-08-2018,1,3,2,1,25,5,3,0,0,1,0,-1,8,1
41623,77.16445388,28.66899185,6,3,1,1,7,15:28,107,E08000006,6,0,6,30,0,-1,-1,0,0,0,1,1,1,0,0,1,2,E01005726,06-08-2018,2,1,1,2,42,7,3,0,0,0,0,-1,9,1
41624,77.17060407,28.6427949,6,3,1,1,1,14:20,107,E08000006,6,0,6,30,3,4,6,0,0,0,1,1,1,0,0,1,1,E01005685,07-08-2018,2,2,2,1,42,7,3,0,0,1,0,-1,9,1
41625,77.22296847,28.6080653,6,3,2,1,2,10:45,107,E08000006,6,0,2,30,0,-1,-1,0,0,0,1,1,1,0,0,1,1,E01005687,08-08-2018,2,3,2,1,25,5,3,0,0,2,0,-1,9,-1
41626,77.22025467,28.65273477,6,3,1,1,3,11:35,107,E08000006,3,576,6,30,6,2,3,56,0,5,1,1,1,0,0,1,1,E01005612,09-08-2018,2,4,2,1,19,4,3,0,0,2,0,-1,9,1
41627,77.11106356,28.58405382,6,3,1,1,4,18:05,107,E08000006,3,57,6,30,3,2,4,5231,0,5,1,1,1,0,0,1,1,E01005638,10-08-2018,2,1,1,2,46,8,3,0,0,0,0,-1,9,1
41628,77.2914013,28.71360192,6,3,2,1,6,19:35,107,E08000006,6,0,6,30,3,4,6,0,0,0,1,1,1,0,0,1,1,E01005708,12-08-2018,1,1,1,1,20,4,3,0,0,0,0,-1,9,1
41629,77.11371374,28.72768847,6,3,2,1,7,11:55,107,E08000006,6,0,6,30,3,4,6,0,0,0,1,2,2,0,0,1,1,E01005668,13-08-2018,2,2,1,1,45,7,3,0,0,0,0,-1,9,1
41630,77.33567792,28.69597502,6,3,2,3,5,10:50,107,E08000006,3,5066,6,30,6,4,6,0,0,0,1,1,1,5,0,1,1,E01005606,11-08-2018,2,3,2,1,24,5,3,0,0,1,0,-1,9,1
41631,77.30287932,28.59030821,6,1,2,1,3,00:16,107,E08000006,3,57,6,30,3,4,6,0,0,0,4,1,1,0,0,1,1,E01005601,16-08-2018,1,1,3,2,7,2,3,5,2,0,0,-1,0,1
41632,77.14499899,28.67498437,6,3,3,1,4,22:35,107,E08000006,4,5211,6,30,3,4,6,0,0,4,4,1,1,0,0,1,1,E01005707,17-08-2018,1,1,3,2,38,7,3,5,1,0,0,-1,0,1
41633,77.15719475,28.5779279,6,3,2,1,7,21:30,107,E08000006,3,57,6,30,9,4,6,0,0,0,4,1,1,0,0,1,2,E01005619,20-08-2018,2,1,1,1,34,6,3,0,0,0,0,-1,8,-1
41634,77.07515169,28.5687464,6,3,2,1,5,23:33,107,E08000006,3,6,3,50,0,-1,-1,0,0,0,4,2,2,0,0,1,1,E01005681,04-08-2018,2,2,2,1,63,9,3,0,0,1,0,-1,8,-1
41635,77.11400184,28.55091451,6,3,2,1,5,19:40,107,E08000006,6,0,6,30,3,4,6,0,0,0,1,1,1,0,0,1,1,E01005626,18-08-2018,1,1,3,1,4,1,2,5,4,0,0,-1,0,-1
41636,77.25795539,28.61808932,6,3,2,1,5,13:20,107,E08000006,6,0,6,30,3,2,3,57,0,4,1,1,1,0,0,1,1,E01005601,28-07-2018,2,1,1,2,33,6,3,0,0,0,0,-1,9,2
41637,77.33484388,28.6097987,6,3,2,1,5,11:28,107,E08000006,3,5066,6,30,6,2,6,0,0,0,1,1,1,0,0,1,1,E01005608,11-08-2018,1,1,1,2,29,6,3,0,0,0,0,-1,9,1
41638,77.20928087,28.68424713,6,3,2,3,6,20:31,107,E08000006,4,5320,6,30,3,2,6,0,0,5,1,1,1,0,0,1,1,E01005621,12-08-2018,1,1,1,1,19,4,2,0,0,0,0,-1,90,1
41639,77.21379704,28.5725029,6,3,3,2,6,17:25,107,E08000006,4,5229,6,30,3,4,6,0,0,4,1,1,1,0,0,1,1,E01005632,12-08-2018,1,1,3,2,13,3,3,5,3,0,0,-1,0,1
41640,77.3233248,28.59952128,6,3,2,1,2,18:30,107,E08000006,3,57,6,30,3,4,6,0,0,8,1,1,1,0,0,1,1,E01005729,15-08-2018,1,2,3,2,54,8,3,5,3,0,0,-1,0,-1
41641,77.32755722,28.59985318,6,3,1,1,3,19:37,107,E08000006,6,0,6,30,0,-1,-1,0,0,0,1,1,1,0,0,1,1,E01005626,16-08-2018,2,1,1,1,32,6,3,0,0,0,0,-1,19,1
41642,77.27352095,28.57010022,6,3,2,1,2,16:15,107,E08000006,3,5063,6,30,3,2,6,0,0,0,1,1,1,0,0,1,2,E01005666,22-08-2018,2,2,2,2,39,7,3,0,0,1,0,-1,19,1
41643,77.12489763,28.70878171,6,2,3,1,6,15:15,107,E08000006,3,5186,6,30,9,4,6,0,0,0,1,1,1,0,0,1,1,E01005657,19-08-2018,1,1,1,1,41,7,3,0,0,0,0,-1,5,-1
41644,77.09291571,28.54897126,6,3,1,1,7,18:40,107,E08000006,6,0,6,30,0,-1,-1,0,0,0,1,1,1,0,0,1,1,E01005671,20-08-2018,2,2,1,2,56,9,3,0,0,0,0,-1,9,-1
41645,77.34863388,28.69230009,6,3,2,1,2,14:30,107,E08000006,6,0,6,30,9,4,6,0,0,1,1,1,1,0,0,1,2,E01005631,22-08-2018,1,1,1,2,21,5,2,0,0,0,0,-1,9,3
41646,77.34830717,28.61546201,6,3,2,1,3,12:05,107,E08000006,6,0,6,30,3,3,6,0,0,0,1,1,1,0,0,1,2,E01005606,23-08-2018,1,2,3,1,22,5,3,5,9,0,0,-1,0,1
41647,77.13482859,28.68700384,6,3,2,1,1,02:17,107,E08000006,4,5229,6,30,9,4,6,0,0,0,4,1,1,0,0,1,1,E01005636,21-08-2018,1,1,1,1,47,8,3,0,0,0,0,-1,9,1
41648,77.10738587,28.67938556,6,3,2,1,2,15:30,107,E08000006,6,0,6,30,9,4,6,0,0,0,1,1,1,0,0,1,2,E01005690,22-08-2018,3,2,1,2,44,7,2,0,0,0,0,-1,9,1
41649,77.18884837,28.57157945,6,3,1,1,1,03:50,107,E08000006,3,6044,1,30,1,4,6,0,0,0,4,1,1,0,0,1,1,E01005675,28-08-2018,1,1,1,2,38,7,3,0,0,0,0,-1,9,1
41650,77.14645221,28.71277481,6,3,1,1,6,17:15,107,E08000006,3,6,6,30,9,4,6,0,0,0,1,1,1,0,0,1,1,E01005663,19-08-2018,1,1,2,2,20,4,3,0,0,1,0,-1,9,1
41651,77.35284645,28.61308739,6,3,2,2,6,15:10,107,E08000006,3,572,1,30,1,4,6,0,0,0,1,1,1,0,0,1,1,E01005696,19-08-2018,1,2,2,2,19,4,3,0,0,1,0,-1,9,1
41652,77.12486128,28.5761909,6,3,2,1,2,18:40,107,E08000006,4,5320,6,30,8,4,6,0,1,4,1,1,1,0,0,1,2,E01005620,22-08-2018,2,1,1,2,19,4,3,0,0,0,0,-1,9,1
41653,77.11884384,28.62629147,6,3,2,2,5,07:15,107,E08000006,3,6,3,40,3,2,6,0,0,5,1,1,2,0,0,1,1,E01005608,25-08-2018,1,1,1,1,18,4,3,0,0,0,0,-1,9,1
41654,77.21528408,28.65333173,6,3,2,1,6,08:15,107,E08000006,3,57,3,30,9,4,6,0,0,0,1,1,1,0,0,1,2,E01005617,02-09-2018,1,2,2,1,18,4,3,0,0,1,0,-1,9,-1
41655,77.05987296,28.57801469,6,3,2,2,5,16:54,107,E08000006,3,580,3,60,6,2,3,577,0,0,1,1,2,0,0,1,1,E01005736,25-08-2018,2,1,1,1,29,6,2,0,0,0,0,-1,3,1
41656,77.27269266,28.54079937,6,3,1,1,6,23:20,107,E08000006,3,666,6,30,3,4,6,0,0,0,4,1,2,0,0,1,1,E01005677,26-08-2018,1,1,3,1,8,2,3,5,2,0,0,-1,0,1
41657,77.24590138,28.69828494,6,3,2,3,5,15:37,107,E08000006,3,57,6,30,0,-1,-1,0,2,0,1,1,1,0,0,1,1,E01005605,08-09-2018,1,1,3,2,60,9,3,4,1,0,0,-1,0,1
41658,77.30877311,28.65630127,6,3,2,2,6,21:35,107,E08000006,3,5082,6,30,3,4,6,0,0,0,4,1,1,0,0,1,1,E01005703,02-09-2018,1,1,1,1,59,9,3,0,0,0,0,-1,9,3
41659,77.1690611,28.58007608,6,3,3,1,6,20:10,107,E08000006,3,580,3,50,0,-1,-1,0,0,5,4,1,1,0,0,1,1,E01005626,02-09-2018,2,1,1,2,25,5,3,0,0,0,0,-1,9,1
41660,77.2220527,28.62668203,6,3,1,1,3,20:00,107,E08000006,6,0,6,30,0,-1,-1,0,0,0,6,1,1,0,0,1,1,E01005732,06-09-2018,1,1,1,1,27,6,3,0,0,0,0,-1,9,1
41661,77.06657401,28.57519998,6,2,3,1,5,01:50,107,E08000006,5,0,6,30,9,4,6,0,0,0,4,1,1,0,0,1,1,E01005687,18-08-2018,1,2,2,2,41,7,3,0,0,1,0,-1,9,1
41662,77.0866386,28.59017727,6,3,1,1,5,13:48,107,E08000006,3,666,6,30,9,4,6,0,0,8,1,1,1,0,0,1,1,E01005673,08-09-2018,1,3,2,2,21,5,3,0,0,2,0,-1,9,1
41663,77.37098758,28.54584037,6,3,3,1,6,19:45,107,E08000006,6,0,6,30,3,4,3,576,0,0,4,1,1,0,0,1,1,E01005681,09-09-2018,2,1,1,1,5,1,2,0,0,0,0,-1,1,1
41664,77.23946331,28.71060996,6,3,2,1,7,15:45,107,E08000006,6,0,6,30,9,4,6,0,0,0,1,1,1,0,0,1,2,E01005608,10-09-2018,1,1,3,2,6,2,3,5,4,0,0,-1,0,2
41665,77.21495073,28.59135935,6,3,2,1,6,16:30,107,E08000006,3,6,3,30,3,2,6,0,0,0,1,1,1,0,0,1,1,E01005705,09-09-2018,1,1,3,1,13,3,2,5,1,0,0,-1,0,1
41666,77.17472493,28.6810962,6,3,2,1,4,10:15,107,E08000006,6,0,6,30,3,4,6,0,0,0,1,1,1,0,0,1,1,E01005738,07-09-2018,1,1,3,2,10,2,3,5,3,0,0,-1,0,1
41667,77.25844054,28.67677373,6,3,2,1,5,06:05,107,E08000006,4,5231,1,30,1,4,4,5229,0,0,4,2,2,0,0,1,1,E01005637,08-09-2018,2,1,1,1,18,4,3,0,0,0,0,-1,9,1
41668,77.27128446,28.57035362,6,3,2,1,6,20:20,107,E08000006,6,0,3,30,0,-1,-1,0,0,0,4,1,1,0,0,1,2,E01005610,09-09-2018,2,2,2,2,18,4,3,0,0,1,0,-1,9,1
41669,77.20754367,28.70649964,6,3,2,1,2,20:25,107,E08000006,6,0,6,30,3,4,6,0,0,0,4,1,1,0,0,1,1,E01005604,29-08-2018,1,1,1,1,27,6,2,0,0,0,0,-1,5,-1
41670,77.33211827,28.68578148,6,3,2,1,3,16:15,107,E08000006,6,0,2,30,0,-1,-1,0,0,0,1,1,1,0,0,1,2,E01005687,30-08-2018,2,1,1,1,28,6,3,0,0,0,0,-1,9,1
41671,77.30157447,28.66570642,6,3,2,1,3,18:00,107,E08000006,3,576,6,30,3,4,6,0,0,0,1,1,1,0,0,1,1,E01005614,30-08-2018,2,2,2,1,7,2,3,0,0,2,0,-1,9,1
41672,77.07177508,28.64444102,6,3,2,1,1,08:45,107,E08000006,4,5211,1,30,1,4,3,572,0,8,1,1,1,0,0,2,1,E01005738,04-09-2018,2,3,2,1,9,2,3,0,0,2,0,-1,9,1
41673,77.27745545,28.55992131,6,2,2,1,1,14:02,107,E08000006,6,0,6,30,3,4,6,0,0,0,1,1,1,0,0,1,1,E01005661,04-09-2018,2,1,1,2,43,7,3,0,0,0,0,-1,9,-1
41674,77.32245631,28.61574922,6,3,1,1,6,15:15,107,E08000006,4,5320,6,30,0,-1,-1,0,0,0,1,1,1,0,0,1,1,E01005618,09-09-2018,1,1,3,1,48,8,3,9,5,0,0,-1,0,-1
41675,77.33204892,28.70710511,6,3,2,2,3,15:10,107,E08000006,3,5066,6,30,3,4,6,0,0,0,1,1,1,0,0,1,1,E01005608,30-08-2018,1,1,2,2,74,10,2,0,0,2,0,-1,9,1
41676,77.11911666,28.55852499,6,3,3,1,6,19:55,107,E08000006,3,580,6,30,6,2,3,572,0,7,4,1,1,0,0,1,1,E01005696,09-09-2018,1,2,2,2,70,10,3,0,0,1,0,-1,9,1
41677,77.1778557,28.71851812,6,3,1,1,2,18:00,107,E08000006,4,5229,6,30,9,4,6,0,0,0,1,1,1,0,0,1,1,E01005637,12-09-2018,1,1,1,1,14,3,2,0,0,0,0,-1,9,1
41678,77.05879033,28.64409496,6,3,2,3,3,13:55,107,E08000006,4,5232,2,30,3,4,4,5232,0,0,1,1,1,0,0,1,1,E01005718,13-09-2018,2,1,1,2,44,7,3,0,0,0,0,-1,9,1
41679,77.14725765,28.55097023,6,3,2,1,4,09:20,107,E08000006,5,0,6,30,6,4,6,0,0,0,1,1,1,0,0,1,1,E01005653,14-09-2018,2,2,2,2,20,4,3,0,0,1,0,-1,9,1
41680,77.14134093,28.5654834,6,3,3,2,5,10:20,107,E08000006,3,580,3,30,0,-1,-1,0,0,0,1,2,2,0,0,1,1,E01005681,15-09-2018,1,3,2,2,45,7,3,0,0,1,0,-1,9,-1
41681,77.07576131,28.55689914,6,3,2,2,6,14:30,107,E08000006,5,0,6,30,3,4,6,0,0,0,1,2,2,0,0,1,1,E01005715,16-09-2018,2,1,1,2,26,6,3,0,0,0,0,-1,9,-1
41682,77.16221253,28.60977215,6,3,2,1,7,12:30,107,E08000006,6,0,6,30,9,4,6,0,0,0,1,1,1,0,0,1,1,E01005700,17-09-2018,2,2,2,2,22,5,3,0,0,1,0,-1,9,1
41683,77.32183053,28.71209718,6,3,2,1,5,20:50,107,E08000006,3,57,6,30,6,2,4,5211,0,8,4,2,2,0,0,1,1,E01005729,15-09-2018,1,1,3,1,11,3,3,5,2,0,0,-1,0,1
41684,77.26564862,28.59484922,6,3,1,1,2,17:05,107,E08000006,6,0,6,30,3,4,6,0,0,0,1,1,1,0,0,1,1,E01005703,12-09-2018,1,1,1,1,20,4,2,0,0,0,0,-1,9,1
41685,77.30318585,28.63258294,6,3,2,1,5,18:00,107,E08000006,4,5231,6,30,3,4,6,0,0,0,1,1,1,0,0,1,1,E01005634,15-09-2018,1,2,2,1,23,5,2,0,0,1,0,-1,9,-1
41686,77.18745697,28.59760313,6,3,2,4,6,15:20,107,E08000006,3,6044,6,30,0,-1,-1,0,0,0,1,1,1,0,0,1,1,E01005675,16-09-2018,1,3,2,1,20,4,2,0,0,2,0,-1,9,2
41687,77.18684115,28.61724741,6,3,1,1,4,08:40,107,E08000006,3,576,6,30,9,4,6,0,0,0,1,1,1,0,0,1,2,E01005629,21-09-2018,2,1,1,1,56,9,3,0,0,0,0,-1,5,1
41688,77.35811159,28.60716079,6,3,1,1,3,18:05,107,E08000006,6,0,6,30,3,4,6,0,0,0,1,1,1,0,0,1,1,E01005726,06-09-2018,1,1,1,1,15,3,2,0,0,0,0,-1,1,-1
41689,77.32830151,28.54429282,6,3,1,1,1,04:15,107,E08000006,6,0,6,30,9,4,6,0,0,0,1,1,1,0,0,1,1,E01005688,11-09-2018,1,1,1,1,58,9,2,0,0,0,0,-1,9,2
41690,77.08424653,28.59021628,6,3,2,1,4,20:27,107,E08000006,6,0,6,30,3,4,6,0,0,0,4,2,2,0,0,1,1,E01005612,28-09-2018,1,2,2,2,19,4,3,0,0,1,0,-1,9,1
41691,77.12869067,28.70275718,6,3,2,1,4,23:15,107,E08000006,3,6,3,40,3,2,6,0,0,5,4,1,1,0,0,1,1,E01005608,21-09-2018,1,1,1,2,32,6,3,0,0,0,0,-1,9,1
41692,77.29329858,28.70067338,6,3,2,1,6,15:40,107,E08000006,3,5066,6,30,9,4,6,0,0,0,1,1,1,0,0,1,2,E01005608,23-09-2018,2,2,1,2,27,6,3,0,0,0,0,-1,9,1
41693,77.36597653,28.69423008,6,3,2,1,5,21:40,107,E08000006,6,0,6,30,0,-1,-1,0,0,0,4,2,2,0,0,1,2,E01005649,29-09-2018,1,1,1,1,42,7,3,0,0,0,0,-1,9,1
41694,77.2056476,28.68923951,6,3,1,1,3,13:00,107,E08000006,3,576,1,30,1,4,3,576,0,0,1,1,1,0,0,1,1,E01005719,20-09-2018,1,3,2,2,37,7,3,0,0,1,0,-1,9,1
41695,77.26619634,28.56344567,6,3,2,1,4,12:30,107,E08000006,4,5231,6,30,6,2,3,6,0,5,1,1,1,0,0,1,1,E01005700,05-10-2018,2,2,1,1,34,6,3,0,0,0,0,-1,9,3
41696,77.20180932,28.65161944,6,3,1,1,2,19:10,107,E08000006,3,57,6,30,9,4,6,0,0,0,4,1,1,0,0,1,1,E01005605,03-10-2018,2,4,2,2,1,1,3,0,0,2,0,-1,9,3
41697,77.23821601,28.70319015,6,3,2,1,2,10:30,107,E08000006,3,56,3,30,6,2,5,0,0,0,1,1,1,0,0,1,2,E01005647,03-10-2018,2,5,2,2,33,6,3,0,0,1,0,-1,9,-1
41698,77.30245378,28.60600614,6,3,2,1,4,22:00,107,E08000006,4,5320,6,30,3,4,6,0,0,0,4,1,1,0,0,1,1,E01005643,05-10-2018,2,1,1,1,18,4,3,0,0,0,0,-1,9,3
41699,77.23085552,28.62885047,6,3,2,1,6,22:35,107,E08000006,3,576,6,30,9,3,6,0,0,0,4,1,1,0,0,1,1,E01005646,07-10-2018,2,1,1,2,55,8,3,0,0,0,0,-1,9,1
41700,77.27167114,28.61083103,6,3,1,1,5,07:45,107,E08000006,3,6,6,30,6,2,4,5231,0,0,1,1,1,0,0,1,1,E01005672,22-09-2018,3,2,1,1,17,4,3,0,0,0,0,-1,9,1
41701,77.29074198,28.55442102,6,2,1,1,6,17:35,107,E08000006,6,0,2,30,0,-1,-1,0,0,0,1,1,1,0,0,1,1,E01005690,16-09-2018,3,3,2,1,50,8,3,0,0,1,0,-1,9,1
41702,77.25806527,28.58566393,6,3,1,1,2,00:18,107,E08000006,3,57,6,30,9,4,6,0,0,0,7,1,1,0,0,1,2,E01005599,19-09-2018,1,1,1,2,23,5,3,0,0,0,0,-1,9,1
41703,77.16129568,28.60957224,6,3,3,2,2,17:13,107,E08000006,3,580,3,50,0,-1,-1,0,0,0,1,1,1,0,0,1,1,E01005625,26-09-2018,1,2,2,2,18,4,3,0,0,1,0,-1,9,1
41704,77.19369401,28.71780477,6,3,1,1,2,18:52,107,E08000006,4,5229,3,30,0,-1,-1,0,0,4,4,1,2,0,0,1,1,E01005727,26-09-2018,1,1,3,1,41,7,3,5,1,0,0,-1,0,1
41705,77.36378798,28.59639947,6,3,2,2,3,17:20,107,E08000006,3,572,6,30,3,4,6,0,0,4,1,1,1,0,0,1,1,E01005734,27-09-2018,1,1,1,1,21,5,3,0,0,0,0,-1,19,1
41706,77.32644642,28.67687646,6,3,1,1,4,14:50,107,E08000006,3,57,3,40,3,4,6,0,0,4,1,2,2,0,0,1,1,E01005667,28-09-2018,2,2,1,2,33,6,3,0,0,0,0,-1,9,1
41707,77.33753974,28.61071341,6,3,1,1,3,15:05,107,E08000006,5,0,6,30,9,4,3,666,0,0,1,1,1,0,0,2,2,E01005670,04-10-2018,2,3,2,2,1,1,3,0,0,2,0,-1,9,1
41708,77.22147532,28.72745723,6,3,3,3,4,10:40,107,E08000006,3,57,6,30,0,-1,-1,0,0,0,1,1,1,0,0,2,1,E01005618,05-10-2018,1,1,3,1,59,9,3,5,1,0,0,-1,0,1
41709,77.098288,28.60227948,6,3,2,1,5,08:20,107,E08000006,3,6,3,30,9,4,6,0,0,0,1,1,1,0,0,1,2,E01005686,06-10-2018,1,1,1,2,38,7,3,0,0,0,0,-1,9,1
41710,77.07217281,28.68083003,6,3,1,1,7,22:15,107,E08000006,4,5320,6,30,0,-1,-1,0,0,0,4,1,2,0,0,1,1,E01005642,08-10-2018,1,1,1,1,18,4,3,0,0,0,0,-1,9,1
41711,77.35801698,28.71932535,6,3,1,1,2,16:40,107,E08000006,5,0,6,30,9,1,6,0,0,0,1,1,1,0,0,1,2,E01005653,10-10-2018,1,2,2,1,17,4,3,0,0,1,0,-1,9,1
41712,77.33124014,28.57728649,6,3,2,1,6,08:50,107,E08000006,4,5230,6,30,6,2,4,5211,0,5,1,2,2,0,0,1,2,E01005602,30-09-2018,2,1,1,1,58,9,3,0,0,0,0,-1,20,1
41713,77.31111682,28.55181594,6,2,1,1,6,13:10,107,E08000006,3,6,3,30,0,-1,-1,0,0,0,1,1,1,0,0,1,1,E01005608,07-10-2018,2,2,2,1,58,9,3,0,0,1,0,-1,20,1
41714,77.23085904,28.71255504,6,3,2,2,2,13:53,107,E08000006,3,5066,6,30,0,-1,-1,0,0,0,1,1,1,0,0,1,1,E01005668,10-10-2018,1,1,1,2,21,5,3,0,0,0,0,-1,9,1
41715,77.21634598,28.59540734,6,3,2,2,5,09:25,107,E08000006,3,580,3,60,6,2,3,575,0,0,1,2,2,0,0,2,1,E01005715,29-09-2018,2,1,1,2,19,4,3,0,0,0,0,-1,9,1
41716,77.0924719,28.68012616,6,3,2,1,3,18:45,107,E08000006,4,5229,6,30,2,4,4,5229,0,0,1,1,1,0,0,1,1,E01005637,04-10-2018,2,1,1,2,32,6,3,0,0,0,0,-1,9,1
41717,77.28286369,28.54856352,6,3,1,1,4,17:51,107,E08000006,3,6,6,30,0,-1,-1,0,0,0,1,1,1,0,0,1,2,E01005687,05-10-2018,1,1,1,1,26,6,3,0,0,0,0,-1,19,-1
41718,77.11634252,28.54738512,6,2,2,1,5,15:30,107,E08000006,6,0,6,30,9,4,6,0,0,0,1,1,1,0,0,1,1,E01005660,06-10-2018,1,4,2,1,37,7,3,0,0,1,0,-1,19,-1
41719,77.2608104,28.55303942,6,2,1,1,6,17:05,107,E08000006,6,0,9,30,9,4,6,0,0,0,1,1,1,0,0,1,1,E01005730,07-10-2018,2,2,1,1,54,8,2,0,0,0,0,-1,9,2
41720,77.08634417,28.60433947,6,3,2,4,7,17:15,107,E08000006,5,0,6,30,0,-1,-1,0,0,0,1,1,1,0,0,1,1,E01005714,08-10-2018,2,5,2,2,54,8,3,0,0,1,0,-1,9,2
41721,77.08123635,28.71584543,6,3,3,1,2,20:38,107,E08000006,3,56,3,30,3,2,6,0,0,5,4,1,1,0,0,1,1,E01005615,10-10-2018,3,3,1,1,29,6,2,0,0,0,0,-1,9,1
41722,77.0587416,28.58480172,6,3,2,1,2,14:48,107,E08000006,3,57,6,30,3,4,6,0,0,5,1,1,1,0,0,1,1,E01005729,10-10-2018,1,1,1,1,33,6,3,0,0,0,0,-1,9,1
41723,77.28802978,28.68365378,6,3,2,1,4,13:00,107,E08000006,6,0,3,30,8,4,3,6044,0,0,1,2,2,0,0,1,1,E01005675,12-10-2018,2,2,1,2,42,7,3,0,0,0,0,-1,9,1
41724,77.14958039,28.70589454,6,3,2,1,4,13:15,107,E08000006,3,56,6,30,3,4,6,0,0,0,1,2,2,0,0,1,1,E01005648,12-10-2018,1,1,1,1,30,6,3,0,0,0,0,-1,9,1
41725,77.26137754,28.67319925,6,3,2,1,2,09:32,107,E08000006,3,576,6,30,7,4,3,576,0,4,1,1,1,0,0,1,1,E01005612,17-10-2018,2,2,1,2,35,6,3,0,0,0,0,-1,9,1
41726,77.06478245,28.71483521,6,3,2,1,2,08:57,107,E08000006,3,5185,6,30,3,4,6,0,0,0,1,1,1,0,0,1,1,E01005627,17-10-2018,2,3,2,2,58,9,3,0,0,1,0,-1,9,1
41727,77.229229,28.6211846,6,3,3,1,2,14:20,107,E08000006,3,6,6,30,6,2,3,6024,0,5,1,4,1,0,0,1,1,E01005607,17-10-2018,2,4,2,2,13,3,3,0,0,2,0,-1,9,1
41728,77.23494408,28.62034663,6,3,2,1,2,09:10,107,E08000006,3,572,6,30,0,-1,-1,0,0,0,1,1,1,0,0,1,1,E01005734,17-10-2018,2,5,2,2,10,2,3,0,0,2,0,-1,9,1