Accident_Index,longitude,latitude,Police_Force,Accident_Severity,Number_of_Vehicles,Number_of_Casualties,Day_of_Week,Time,Local_Authority_(District),Local_Authority_(Highway),1st_Road_Class,1st_Road_Number,Road_Type,Speed_limit,Junction_Detail,Junction_Control,2nd_Road_Class,2nd_Road_Number,Pedestrian_Crossing-Human_Control,Pedestrian_Crossing-Physical_Facilities,Light_Conditions,Weather_Conditions,Road_Surface_Conditions,Special_Conditions_at_Site,Carriageway_Hazards,Urban_or_Rural_Area,Did_Police_Officer_Attend_Scene_of_Accident,LSOA_of_Accident_Location,Date,Vehicle_Reference,Casualty_Reference,Casualty_Class,Sex_of_Casualty,Age_of_Casualty,Age_Band_of_Casualty,Casualty_Severity,Pedestrian_Location,Pedestrian_Movement,Car_Passenger,Bus_or_Coach_Passenger,Pedestrian_Road_Maintenance_Worker,Casualty_Type,Casualty_Home_Area_Type
41729,77.332918,28.65581129,6,3,2,1,3,08:20,107,E08000006,3,580,3,50,0,-1,-1,0,0,0,1,1,1,0,0,1,1,E01005694,18-10-2018,1,1,3,2,19,4,3,8,1,0,0,-1,0,-1
41730,77.06089098,28.60310902,6,3,1,1,3,19:08,107,E08000006,3,5063,3,30,9,4,6,0,0,0,4,1,1,0,0,1,1,E01005668,18-10-2018,2,1,2,2,27,6,3,0,0,1,0,-1,9,1
41731,77.21700413,28.54462835,6,3,2,2,3,21:40,107,E08000006,3,666,3,30,0,-1,-1,0,0,0,4,2,2,0,0,1,1,E01005692,18-10-2018,1,1,1,2,41,7,3,0,0,0,0,-1,9,1
41732,77.15776413,28.6191365,6,3,2,1,3,17:20,107,E08000006,3,576,1,40,1,4,6,0,0,0,1,1,1,6,0,1,1,E01005719,18-10-2018,1,1,3,1,85,11,3,5,3,0,0,-1,0,1
41733,77.12574216,28.60475526,6,3,2,2,4,10:55,107,E08000006,5,0,6,30,3,2,3,576,0,0,1,1,2,0,0,1,1,E01005683,19-10-2018,1,1,1,2,32,6,3,0,0,0,0,-1,9,1
41734,77.23006784,28.61615716,6,3,2,1,4,17:50,107,E08000006,3,57,1,30,1,4,6,0,0,0,1,9,1,0,0,1,2,E01005605,12-10-2018,1,1,1,2,41,7,3,0,0,0,0,-1,9,1
41735,77.23389107,28.58746743,6,3,2,3,3,11:17,107,E08000006,3,5063,3,30,6,2,6,0,0,5,1,1,1,0,0,1,1,E01005668,18-10-2018,2,2,1,1,46,8,3,0,0,0,0,-1,5,-1
41736,77.26487361,28.66434573,6,3,2,1,5,15:08,107,E08000006,6,0,6,30,6,4,6,0,0,0,1,1,1,0,0,1,1,E01005624,20-10-2018,1,1,1,1,21,5,3,0,0,0,0,-1,9,3
41737,77.24371332,28.55465125,6,3,3,1,6,22:10,107,E08000006,4,5230,6,30,0,-1,-1,0,0,0,4,2,2,0,0,1,1,E01005602,21-10-2018,2,2,1,2,27,6,3,0,0,0,0,-1,9,1
41738,77.34432989,28.57414789,6,3,2,1,7,03:45,107,E08000006,3,580,3,30,0,-1,-1,0,0,0,4,1,2,0,0,2,1,E01005737,22-10-2018,1,1,1,1,63,9,3,0,0,0,0,-1,9,-1
41739,77.21660879,28.55390071,6,3,2,4,2,17:00,107,E08000006,3,576,6,30,9,2,6,0,0,0,1,2,2,0,0,1,1,E01005719,24-10-2018,1,2,2,2,51,8,3,0,0,1,0,-1,9,3
41740,77.20100877,28.65023092,6,3,2,1,2,12:55,107,E08000006,3,666,6,30,9,4,6,0,0,0,1,2,2,0,0,1,1,E01005670,24-10-2018,1,1,1,1,24,5,3,0,0,0,0,-1,9,1
41741,77.35944503,28.62997205,6,3,2,2,4,18:34,107,E08000006,3,6044,6,30,3,4,6,0,0,8,4,2,2,0,0,1,1,E01005673,26-10-2018,2,2,2,2,69,10,2,0,0,1,0,-1,9,1
41742,77.26337545,28.7152314,6,3,3,1,6,09:13,107,E08000006,6,0,6,30,3,4,6,0,0,0,1,5,2,0,0,1,1,E01005628,21-10-2018,1,1,1,2,17,4,3,0,0,0,0,-1,9,2
41743,77.18980563,28.55253803,6,3,1,1,7,11:18,107,E08000006,3,6,6,30,0,-1,-1,0,0,4,1,1,1,0,0,1,1,E01005718,29-10-2018,2,2,1,1,29,6,3,0,0,0,0,-1,9,1
41744,77.2189541,28.69078082,6,3,2,1,1,19:40,107,E08000006,6,0,6,30,0,-1,-1,0,0,0,4,1,1,0,0,1,1,E01005604,30-10-2018,1,1,1,1,22,5,2,0,0,0,0,-1,9,1
41745,77.32537681,28.6340644,6,3,1,1,1,13:00,107,E08000006,3,6041,6,30,9,4,6,0,0,0,1,1,2,0,0,1,2,E01005606,30-10-2018,2,1,1,2,23,5,3,0,0,0,0,-1,9,1
41746,77.14734285,28.68807331,6,3,1,1,2,15:23,107,E08000006,6,0,6,30,3,4,6,0,0,0,1,1,1,0,0,1,2,E01005668,31-10-2018,2,2,2,2,22,5,3,0,0,1,0,-1,9,1
41747,77.16136298,28.64037239,6,3,2,2,3,16:30,107,E08000006,3,56,6,30,3,4,6,0,0,0,1,1,1,0,0,1,1,E01005612,01-11-2018,1,1,3,1,20,4,2,5,2,0,0,-1,0,2
41748,77.11672938,28.67439107,6,3,2,2,4,07:00,107,E08000006,3,572,6,40,9,4,6,0,0,0,1,1,2,0,0,1,1,E01005737,02-11-2018,1,1,1,2,21,5,3,0,0,0,0,-1,9,1
41749,77.35977419,28.57237165,6,3,2,2,3,20:15,107,E08000006,3,57,6,30,3,4,5,0,0,0,4,2,2,0,0,1,1,E01005603,25-10-2018,2,2,1,1,26,6,3,0,0,0,0,-1,19,1
41750,77.16674471,28.61449644,6,3,2,3,3,18:20,107,E08000006,4,5320,6,30,3,4,6,0,0,4,4,2,2,0,0,1,1,E01005641,25-10-2018,2,3,3,2,37,7,3,6,9,0,0,-1,0,-1
41751,77.06414146,28.54535799,6,3,1,1,4,17:28,107,E08000006,6,0,6,30,0,-1,-1,0,0,0,1,1,2,0,0,2,1,E01005675,26-10-2018,1,1,2,1,11,3,3,0,0,0,3,-1,11,1
41752,77.33314518,28.58231259,6,3,2,1,5,18:10,107,E08000006,3,5066,6,30,3,4,6,0,0,0,1,1,1,0,0,1,1,E01005607,27-10-2018,1,1,1,1,26,6,3,0,0,0,0,-1,9,1
41753,77.1627351,28.60167149,6,3,2,2,6,16:06,107,E08000006,3,57,6,30,3,4,6,0,0,0,1,1,1,0,0,1,1,E01005638,28-10-2018,1,2,2,1,16,4,3,0,0,1,0,-1,9,-1
41754,77.15602608,28.55345685,6,3,2,1,2,11:06,107,E08000006,3,576,6,30,2,4,6,0,0,0,1,1,1,0,0,1,1,E01005646,31-10-2018,1,3,2,2,19,4,3,0,0,2,0,-1,9,-1
41755,77.21023392,28.59055714,6,3,2,1,3,14:00,107,E08000006,3,572,3,30,1,4,3,572,0,0,1,1,1,0,0,1,1,E01005738,01-11-2018,1,1,3,1,13,3,3,5,1,0,0,-1,0,1
41756,77.34966099,28.54121396,6,3,6,2,3,11:07,107,E08000006,3,6,3,30,0,-1,-1,0,0,0,1,1,1,0,3,1,1,E01005680,01-11-2018,2,1,1,1,39,7,3,0,0,0,0,-1,9,1
41757,77.31022281,28.54401379,6,3,3,1,5,21:50,107,E08000006,6,0,6,30,6,2,3,576,0,4,4,2,2,0,0,1,1,E01005611,03-11-2018,1,1,1,2,39,7,3,0,0,0,0,-1,9,1
41758,77.26859637,28.62975403,6,3,1,1,6,09:02,107,E08000006,3,6,3,40,9,4,6,0,0,4,1,5,2,0,0,1,1,E01005608,04-11-2018,1,2,2,2,40,7,3,0,0,1,0,-1,9,1
41759,77.06995835,28.57555326,6,3,2,3,6,13:07,107,E08000006,3,576,6,30,6,2,3,6041,0,5,1,2,2,2,0,1,1,E01005611,04-11-2018,1,1,1,2,21,5,3,0,0,0,0,-1,9,1
41760,77.22319294,28.59707001,6,3,2,1,2,12:50,107,E08000006,6,0,6,30,3,4,6,0,0,0,1,2,2,0,0,1,2,E01005638,07-11-2018,1,2,2,2,25,5,3,0,0,1,0,-1,9,-1
41761,77.36551451,28.63773865,6,3,1,1,6,18:39,107,E08000006,6,0,6,30,9,4,6,0,0,0,4,8,2,0,0,1,1,E01005733,04-11-2018,1,3,2,1,19,4,3,0,0,2,0,-1,9,1
41762,77.27125394,28.55860985,6,3,2,1,2,09:25,107,E08000006,3,572,1,30,1,4,4,5211,0,0,1,1,1,0,0,2,2,E01005738,07-11-2018,1,1,1,2,54,8,3,0,0,0,0,-1,9,3
41763,77.3129375,28.65132355,6,3,2,1,4,16:00,107,E08000006,4,5231,6,30,3,4,6,0,0,0,1,1,2,0,0,1,1,E01005695,02-11-2018,1,1,1,1,48,8,3,0,0,0,0,-1,9,1
41764,77.09733348,28.68233855,6,3,2,2,7,18:40,107,E08000006,6,0,6,30,0,-1,-1,0,0,0,4,2,2,0,0,1,1,E01005631,05-11-2018,2,2,1,2,61,9,3,0,0,0,0,-1,9,-1
41765,77.05944641,28.71140829,6,3,2,1,6,17:05,107,E08000006,3,5185,6,30,9,4,6,0,0,0,5,2,2,0,0,1,1,E01005630,11-11-2018,1,1,1,1,70,10,2,0,0,0,0,-1,5,1
41766,77.11974196,28.5838496,6,2,1,1,3,13:53,107,E08000006,3,572,6,30,6,2,3,580,0,5,1,1,1,0,0,1,1,E01005696,15-11-2018,1,1,1,1,40,7,3,0,0,0,0,-1,9,1
41767,77.16021139,28.68386601,6,3,3,3,2,16:39,107,E08000006,3,6044,6,30,0,-1,-1,0,0,0,4,1,1,0,0,1,1,E01005675,07-11-2018,2,2,1,1,37,7,3,0,0,0,0,-1,21,1
41768,77.20539312,28.6019194,6,2,1,4,7,02:58,107,E08000006,6,0,6,30,3,4,5,0,0,8,4,1,2,0,0,1,1,E01005652,12-11-2018,2,3,2,1,28,6,3,0,0,1,0,-1,21,1
41769,77.29876931,28.69586487,6,3,2,1,7,11:40,107,E08000006,3,666,6,30,0,-1,-1,0,0,0,1,1,2,0,0,1,1,E01005670,05-11-2018,1,1,3,2,70,10,3,10,9,0,0,-1,0,1
41770,77.12805904,28.66919408,6,3,2,2,3,18:15,107,E08000006,3,576,6,30,3,4,6,0,0,0,4,5,2,0,0,1,1,E01005724,08-11-2018,1,1,1,1,39,7,2,0,0,0,0,-1,3,1
41771,77.2758583,28.59641324,6,3,2,1,7,12:02,107,E08000006,5,0,6,30,3,4,6,0,0,0,1,1,2,0,0,1,1,E01005697,12-11-2018,1,1,1,2,18,4,3,0,0,0,0,-1,9,1
41772,77.23702683,28.62186491,6,3,1,1,7,11:00,107,E08000006,4,5232,6,30,3,4,5,0,0,0,1,1,1,0,0,1,2,E01005716,12-11-2018,1,2,2,2,17,4,3,0,0,1,0,-1,9,1
41773,77.13225337,28.70411864,6,3,2,1,7,14:38,107,E08000006,6,0,6,30,0,-1,-1,0,0,0,1,1,1,0,0,1,1,E01005677,12-11-2018,2,1,2,2,38,7,3,0,0,1,0,-1,9,1
41774,77.30610778,28.68138541,6,3,1,4,2,19:00,107,E08000006,5,0,6,30,0,-1,-1,0,0,0,4,1,2,3,0,1,1,E01005638,14-11-2018,2,1,1,1,25,5,3,0,0,0,0,-1,9,1
41775,77.29546671,28.62845838,6,3,1,1,7,19:30,107,E08000006,3,57,6,30,3,4,6,0,0,0,4,1,1,0,0,1,2,E01005601,15-10-2018,2,2,2,2,26,6,3,0,0,1,0,-1,9,2
41776,77.35455642,28.63243874,6,3,1,1,5,17:35,107,E08000006,6,0,6,30,3,4,4,5211,0,0,6,1,1,0,0,1,1,E01005733,17-11-2018,2,3,2,2,25,5,3,0,0,2,0,-1,9,1
41777,77.21809065,28.62427623,6,3,2,2,5,16:54,107,E08000006,3,5063,3,30,3,2,3,6,0,5,4,1,1,0,0,1,2,E01005608,17-11-2018,2,1,1,2,28,6,3,0,0,0,0,-1,9,-1
41778,77.13870897,28.62875621,6,3,2,1,2,07:00,107,E08000006,3,5082,6,30,3,4,6,0,0,0,1,7,4,0,0,1,1,E01005661,21-11-2018,1,1,1,1,20,4,3,0,0,0,0,-1,9,1
41779,77.09996147,28.642567,6,3,2,3,7,19:00,107,E08000006,3,576,6,30,6,3,6,0,0,0,4,1,1,3,0,1,1,E01005646,19-11-2018,1,2,2,1,21,5,3,0,0,1,0,-1,9,1
41780,77.32620747,28.6021425,6,2,1,1,4,14:00,107,E08000006,3,6,6,30,0,-1,-1,0,0,0,5,8,2,0,0,1,1,E01005700,23-11-2018,1,2,2,2,8,2,3,0,0,1,0,-1,9,1
41781,77.2119134,28.63328666,6,2,1,1,6,00:10,107,E08000006,6,0,6,30,0,-1,-1,0,0,0,4,1,1,0,0,1,2,E01005705,25-11-2018,2,1,1,2,64,9,3,0,0,0,0,-1,9,-1
41782,77.30230596,28.69257701,6,3,2,2,4,14:30,107,E08000006,3,666,6,30,3,4,6,0,0,0,1,1,1,0,0,1,1,E01005676,23-11-2018,2,1,2,1,31,6,3,0,0,1,0,-1,9,1
41783,77.1062761,28.5691005,6,3,2,1,5,13:05,107,E08000006,3,5185,6,30,0,-1,-1,0,0,0,1,1,2,0,0,1,1,E01005724,24-11-2018,1,1,3,1,14,3,3,8,1,0,0,-1,0,1
41784,77.2211536,28.5795556,6,3,2,2,2,13:14,107,E08000006,3,6,6,30,3,4,6,0,0,0,1,1,1,0,0,1,1,E01005693,14-11-2018,1,1,3,2,77,11,3,1,1,0,0,-1,0,1
41785,77.31974419,28.65153212,6,2,1,1,3,11:03,107,E08000006,3,57,6,30,0,-1,-1,0,0,0,1,1,1,0,0,1,1,E01005618,15-11-2018,1,1,3,1,2,1,3,5,3,0,0,-1,0,-1
41786,77.26903871,28.61885632,6,3,2,1,1,22:53,107,E08000006,3,576,1,30,1,2,1,602,0,0,4,1,2,0,0,1,1,E01005719,20-11-2018,1,1,1,1,29,6,3,0,0,0,0,-1,1,1
41787,77.36514226,28.72430657,6,3,1,1,5,20:43,107,E08000006,5,0,6,30,6,4,6,0,0,4,4,1,1,0,0,1,2,E01005653,24-11-2018,1,1,1,1,42,7,3,0,0,0,0,-1,9,1
41788,77.31260267,28.60675491,6,3,1,1,5,18:05,107,E08000006,6,0,6,30,9,4,4,5211,0,0,4,1,2,0,0,1,2,E01005603,24-11-2018,1,2,2,1,15,3,3,0,0,1,0,-1,9,1
41789,77.114286,28.57436497,6,3,2,1,6,16:55,107,E08000006,3,666,6,30,3,4,6,0,0,0,4,1,1,0,0,1,1,E01005670,25-11-2018,1,1,1,1,28,6,2,0,0,0,0,-1,19,1
41790,77.14939815,28.61332231,6,3,2,2,6,09:44,107,E08000006,3,576,1,30,1,2,1,602,0,0,1,1,1,0,0,1,1,E01005635,25-11-2018,2,2,1,1,41,7,2,0,0,0,0,-1,9,1
41791,77.0656934,28.71006297,6,3,2,1,6,16:43,107,E08000006,3,576,6,30,8,4,5,0,0,0,1,1,1,0,0,1,1,E01005630,25-11-2018,2,3,2,1,42,7,2,0,0,1,0,-1,9,1
41792,77.36784671,28.55274253,6,3,2,2,6,10:00,107,E08000006,3,572,6,30,3,4,4,5231,0,0,1,1,1,0,0,1,1,E01005700,25-11-2018,2,1,1,2,26,6,3,0,0,0,0,-1,9,1
41793,77.06998058,28.63278662,6,3,1,1,6,19:00,107,E08000006,6,0,3,30,3,4,6,0,0,0,4,1,1,0,0,1,1,E01005731,25-11-2018,3,2,1,2,47,8,3,0,0,0,0,-1,9,1
41794,77.2252541,28.5871393,6,3,2,1,6,13:45,107,E08000006,3,572,1,30,1,4,4,5211,0,0,1,1,1,0,0,2,1,E01005738,25-11-2018,2,1,1,1,17,4,3,0,0,0,0,-1,3,1
41795,77.27404105,28.70252012,6,3,2,2,1,17:00,107,E08000006,4,5461,6,30,0,-1,-1,0,0,0,4,1,2,0,0,1,1,E01005669,27-11-2018,2,2,2,1,18,4,3,0,0,2,0,-1,3,1
41796,77.15209494,28.62173085,6,2,1,1,1,18:50,107,E08000006,3,57,6,30,3,4,6,0,0,0,4,1,2,0,0,1,1,E01005603,27-11-2018,1,1,1,2,29,6,3,0,0,0,0,-1,9,1
41797,77.33488116,28.66063497,6,2,1,1,1,13:40,107,E08000006,3,666,6,30,3,4,6,0,0,0,1,2,2,0,0,1,1,E01005670,27-11-2018,2,1,1,2,18,4,3,0,0,0,0,-1,9,1
41798,77.12215848,28.61504657,6,3,1,1,3,13:20,107,E08000006,6,0,6,30,9,4,6,0,0,0,1,1,2,0,0,1,2,E01005663,29-11-2018,1,1,1,1,14,3,3,0,0,0,0,-1,1,-1
41799,77.06686956,28.67681588,6,3,2,1,3,16:25,107,E08000006,3,56,3,30,9,4,4,6187,0,0,1,1,1,0,0,1,2,E01005612,29-11-2018,1,2,2,2,16,4,3,0,0,2,0,-1,1,-1
41800,77.34712802,28.62223481,6,3,3,1,6,13:00,107,E08000006,5,0,6,30,6,4,6,0,0,0,1,1,2,0,0,1,1,E01005672,25-11-2018,1,1,3,2,87,11,3,5,1,0,0,-1,0,1
41801,77.12507552,28.58132175,6,3,1,1,3,14:00,107,E08000006,3,6,3,30,3,2,3,5066,0,8,1,1,1,0,0,1,1,E01005608,29-11-2018,1,1,1,2,34,6,3,0,0,0,0,-1,90,1
41802,77.08865479,28.66749611,6,3,2,1,4,17:00,107,E08000006,3,576,6,30,7,2,3,57,0,0,4,1,1,0,0,1,1,E01005599,30-11-2018,1,2,2,2,46,8,3,0,0,1,0,-1,90,1
41803,77.12926981,28.72152171,6,3,2,1,4,07:50,107,E08000006,3,6,6,30,9,4,6,0,0,8,1,1,1,0,0,1,1,E01005706,30-11-2018,1,1,1,1,50,8,3,0,0,0,0,-1,9,3
41804,77.16707589,28.6761402,6,3,2,4,5,16:30,107,E08000006,3,580,3,30,0,-1,-1,0,0,0,4,1,2,0,0,1,1,E01005687,01-12-2018,2,2,1,1,35,6,3,0,0,0,0,-1,9,1
41805,77.36736501,28.6729591,6,3,2,2,6,07:55,107,E08000006,3,5066,6,30,3,4,6,0,0,0,4,1,1,0,0,1,1,E01005607,02-12-2018,2,1,2,1,18,4,3,0,0,1,0,-1,9,-1
41806,77.34791744,28.59326399,6,3,2,1,5,16:50,107,E08000006,4,5232,2,30,9,4,4,5232,0,0,4,8,2,0,0,1,1,E01005718,08-12-2018,3,2,2,1,18,4,3,0,0,1,0,-1,9,-1
41807,77.12285197,28.58585126,6,3,2,1,6,16:15,107,E08000006,6,0,6,30,3,4,6,0,0,0,4,1,2,0,0,1,1,E01005714,02-12-2018,1,1,1,1,29,6,3,0,0,0,0,-1,9,-1
41808,77.08889107,28.69820111,6,3,2,1,5,17:45,107,E08000006,3,6,9,30,0,-1,-1,0,0,0,4,1,2,0,0,1,1,E01005674,08-12-2018,1,2,2,2,27,6,3,0,0,1,0,-1,9,1
41809,77.30393138,28.69174729,6,3,3,3,3,13:25,107,E08000006,3,576,6,30,3,4,6,0,0,0,1,1,2,0,0,1,1,E01005651,29-11-2018,2,1,1,1,38,7,3,0,0,0,0,-1,8,1
41810,77.346832,28.70168505,6,3,2,2,6,00:55,107,E08000006,3,57,3,40,6,2,4,5461,0,5,4,2,2,0,0,1,1,E01005669,02-12-2018,1,1,1,1,83,11,3,0,0,0,0,-1,9,1
41811,77.33158658,28.70264529,6,3,2,1,7,09:45,107,E08000006,3,57,3,30,6,2,3,5066,0,0,1,2,2,0,0,1,1,E01005669,03-12-2018,2,2,1,1,35,6,3,0,0,0,0,-1,9,1
41812,77.20542191,28.62383664,6,3,1,1,1,03:00,107,E08000006,3,576,6,30,3,4,6,0,0,0,4,2,2,0,0,1,1,E01005614,04-12-2018,1,1,1,2,38,7,2,0,0,0,0,-1,11,1
41813,77.3318911,28.72238695,6,3,2,1,1,20:37,107,E08000006,4,5258,6,30,3,4,6,0,0,0,4,2,2,0,0,1,1,E01005716,04-12-2018,1,2,2,2,77,11,2,0,0,0,4,-1,11,1
41814,77.07588642,28.71200598,6,3,2,1,7,18:18,107,E08000006,6,0,6,30,0,-1,-1,0,0,0,4,2,2,0,0,1,1,E01005655,03-12-2018,1,1,1,1,30,6,3,0,0,0,0,-1,9,1
41815,77.18593841,28.66498116,6,3,1,1,2,10:50,107,E08000006,6,0,6,30,0,-1,-1,0,0,0,1,1,2,0,0,1,1,E01005720,05-12-2018,2,1,1,2,24,5,3,0,0,0,0,-1,9,1
41816,77.35775092,28.71211018,6,2,1,1,2,17:10,107,E08000006,3,6,6,30,6,2,6,0,0,5,4,2,2,0,0,1,1,E01005700,05-12-2018,3,1,1,1,21,5,3,0,0,0,0,-1,9,1
41817,77.26907935,28.71442592,6,3,2,1,3,12:25,107,E08000006,3,6,3,40,9,2,6,0,0,5,1,1,1,0,0,1,1,E01005608,06-12-2018,1,1,1,1,9,2,3,0,0,0,0,-1,1,2
41818,77.28090291,28.56403029,6,3,2,2,3,23:20,107,E08000006,4,5211,6,30,6,2,6,0,0,0,4,1,4,0,0,1,1,E01005726,06-12-2018,2,1,2,1,18,4,3,0,0,1,0,-1,9,1
41819,77.09089711,28.61031143,6,3,2,2,4,13:00,107,E08000006,3,5063,3,30,9,4,6,0,0,0,1,1,1,0,0,1,1,E01005723,07-12-2018,1,1,3,2,12,3,3,5,1,0,0,-1,0,1
41820,77.2899075,28.5453442,6,3,2,2,4,11:30,107,E08000006,3,572,6,30,3,4,6,0,0,0,1,1,1,0,0,1,1,E01005696,07-12-2018,1,1,1,2,63,9,3,0,0,0,0,-1,9,1
41821,77.16680129,28.6589165,6,3,1,1,4,16:25,107,E08000006,3,576,3,40,0,-1,-1,0,0,0,4,1,2,7,0,1,1,E01005719,07-12-2018,2,2,1,2,42,7,3,0,0,0,0,-1,9,2
41822,77.1601595,28.60732271,6,3,2,1,5,07:30,107,E08000006,3,572,3,30,1,4,3,572,0,0,4,1,1,0,0,2,2,E01005738,08-12-2018,1,1,1,1,58,9,3,0,0,0,0,-1,9,1
41823,77.22188509,28.62474757,6,3,2,2,6,22:30,107,E08000006,6,0,6,30,6,4,5,0,0,0,4,2,2,0,0,1,1,E01005671,09-12-2018,1,2,2,2,53,8,3,0,0,1,0,-1,9,1
41824,77.24300645,28.55295918,6,3,2,1,5,09:25,107,E08000006,3,56,6,30,0,-1,-1,0,0,0,1,1,1,0,0,1,2,E01005649,01-12-2018,1,3,2,2,19,4,3,0,0,2,0,-1,9,1
41825,77.1604569,28.64863854,6,3,2,1,5,14:20,107,E08000006,3,57,1,30,1,4,6,0,0,8,1,1,1,0,0,1,1,E01005732,08-12-2018,2,1,1,2,53,8,3,0,0,0,0,-1,9,3
41826,77.21001241,28.55712926,6,3,2,1,1,21:35,107,E08000006,4,5230,6,30,3,2,3,57,0,0,4,1,1,0,0,1,1,E01005621,11-12-2018,2,2,2,2,30,6,3,0,0,1,0,-1,9,1
41827,77.12205146,28.59733476,6,3,2,1,5,19:00,107,E08000006,6,0,6,30,9,4,6,0,0,0,4,2,2,0,0,1,1,E01005605,17-11-2018,2,3,2,1,7,2,3,0,0,2,0,-1,9,1
41828,77.087928,28.56646864,6,3,2,1,6,06:30,107,E08000006,3,580,6,30,6,2,3,575,0,0,4,1,1,0,0,2,1,E01005715,09-12-2018,1,1,3,1,73,10,2,1,4,0,0,-1,0,-1
41829,77.07064156,28.65783265,6,3,2,1,2,10:00,107,E08000006,6,0,6,30,0,-1,-1,0,0,0,1,1,1,0,0,1,1,E01005621,12-12-2018,2,1,1,1,39,7,3,0,0,0,0,-1,5,1
41830,77.16591767,28.55277634,6,3,2,1,3,11:05,107,E08000006,3,666,6,30,3,4,6,0,0,4,1,1,1,0,0,1,1,E01005671,13-12-2018,1,1,2,2,4,1,3,0,0,2,0,-1,9,1
41831,77.076231,28.59345129,6,3,2,1,4,11:08,107,E08000006,3,6,6,30,3,2,6,0,0,5,1,1,2,0,0,1,1,E01005700,14-12-2018,2,1,1,2,10,2,3,0,0,0,0,-1,1,1
41832,77.07214811,28.71356915,6,3,2,1,5,22:30,107,E08000006,3,580,3,50,3,2,3,5185,0,0,4,1,1,0,0,1,1,E01005625,08-12-2018,2,1,1,1,21,5,3,0,0,0,0,-1,9,1
41833,77.31203688,28.56487193,6,3,1,1,1,22:20,107,E08000006,6,0,6,30,0,-1,-1,0,0,0,4,1,2,0,0,1,1,E01005624,11-12-2018,1,1,3,1,18,4,3,9,9,0,0,-1,0,1
41834,77.24947338,28.6998095,6,3,2,2,4,20:15,107,E08000006,4,6186,6,30,3,4,6,0,0,4,4,1,1,0,0,1,2,E01005611,14-12-2018,2,1,1,2,35,6,3,0,0,0,0,-1,9,1
41835,77.13636031,28.64270166,6,2,1,1,4,13:30,107,E08000006,4,5461,6,30,3,4,3,6,0,0,1,1,1,0,0,1,2,E01005608,14-12-2018,1,1,1,1,6,2,3,0,0,0,0,-1,1,1
41836,77.2965464,28.55655758,6,3,2,1,4,14:35,107,E08000006,3,6,3,30,9,4,6,0,0,4,1,2,2,0,0,1,1,E01005608,21-12-2018,1,1,1,1,5,1,3,0,0,0,0,-1,1,1
41837,77.29052996,28.55041269,6,3,3,1,3,10:52,107,E08000006,4,5320,6,30,9,4,6,0,0,0,1,8,2,0,0,1,1,E01005618,13-12-2018,1,1,1,1,31,6,2,0,0,0,0,-1,5,1
41838,77.12952473,28.69515638,6,2,1,1,5,16:48,107,E08000006,6,0,6,30,8,4,-1,-1,0,0,4,1,1,0,0,1,1,E01005682,15-12-2018,2,2,1,1,52,8,2,0,0,0,0,-1,19,1
41839,77.14426814,28.63110908,6,3,3,1,1,16:25,107,E08000006,6,0,6,30,3,4,6,0,0,0,4,1,1,0,0,1,2,E01005617,18-12-2018,3,3,1,1,63,9,3,0,0,0,0,-1,9,1
41840,77.32051372,28.56223118,6,3,2,1,4,09:39,107,E08000006,3,666,6,30,9,4,6,0,0,0,1,2,2,0,0,1,1,E01005673,21-12-2018,1,1,1,1,38,7,3,0,0,0,0,-1,11,1
41841,77.2716484,28.70960836,6,3,2,3,7,11:11,107,E08000006,3,577,6,30,3,4,3,572,0,0,1,1,2,0,0,1,1,E01005734,03-12-2018,1,1,3,1,8,2,2,4,1,0,0,-1,0,2
41842,77.07854799,28.60969712,6,3,1,1,5,15:45,107,E08000006,6,0,6,30,3,4,3,57,0,0,1,4,1,0,0,1,2,E01005730,24-11-2018,2,1,1,2,42,7,3,0,0,0,0,-1,9,1
41843,77.34148953,28.58380181,6,3,2,2,2,18:00,107,E08000006,6,0,6,20,3,4,5,0,0,0,4,1,1,0,0,1,2,E01005653,12-12-2018,2,2,2,2,28,6,3,0,0,1,0,-1,9,1
41844,77.27337673,28.64065776,6,3,2,1,2,16:30,107,E08000006,6,0,6,30,0,-1,-1,0,0,0,1,1,2,0,0,1,1,E01005699,19-12-2018,1,1,1,1,20,4,3,0,0,0,0,-1,9,1
41845,77.37051643,28.5731146,6,3,1,1,4,14:22,107,E08000006,5,0,6,30,9,4,6,0,0,4,1,2,2,0,0,1,1,E01005656,21-12-2018,2,2,1,2,33,6,3,0,0,0,0,-1,9,3
41846,77.11263417,28.58009052,6,3,1,2,6,00:05,107,E08000006,3,575,6,30,3,4,6,0,0,8,4,1,1,0,0,1,1,E01005707,23-12-2018,1,1,1,1,76,11,3,0,0,0,0,-1,9,1
41847,77.32558779,28.68402146,6,3,2,1,1,16:00,107,E08000006,6,0,6,30,3,4,6,0,0,0,1,1,1,0,0,1,1,E01005686,25-12-2018,1,5,2,2,26,6,3,0,0,2,0,-1,9,1
41848,77.21623913,28.65182678,6,3,2,1,2,18:25,107,E08000006,3,6,6,30,6,2,5,0,0,4,4,1,1,0,0,1,1,E01005670,26-12-2018,2,2,1,2,37,7,3,0,0,0,0,-1,9,1