Accident_Index,longitude,latitude,Police_Force,Accident_Severity,Number_of_Vehicles,Number_of_Casualties,Day_of_Week,Time,Local_Authority_(District),Local_Authority_(Highway),1st_Road_Class,1st_Road_Number,Road_Type,Speed_limit,Junction_Detail,Junction_Control,2nd_Road_Class,2nd_Road_Number,Pedestrian_Crossing-Human_Control,Pedestrian_Crossing-Physical_Facilities,Light_Conditions,Weather_Conditions,Road_Surface_Conditions,Special_Conditions_at_Site,Carriageway_Hazards,Urban_or_Rural_Area,Did_Police_Officer_Attend_Scene_of_Accident,LSOA_of_Accident_Location,Date,Vehicle_Reference,Casualty_Reference,Casualty_Class,Sex_of_Casualty,Age_of_Casualty,Age_Band_of_Casualty,Casualty_Severity,Pedestrian_Location,Pedestrian_Movement,Car_Passenger,Bus_or_Coach_Passenger,Pedestrian_Road_Maintenance_Worker,Casualty_Type,Casualty_Home_Area_Type
41969,77.18565544,28.70476119,6,3,2,1,2,14:30,107,E08000006,3,576,6,30,6,4,6,0,0,0,1,4,1,0,0,1,1,E01005651,21-02-2018,1,2,2,2,1,1,3,0,0,2,0,-1,9,1
41970,77.18704103,28.71496578,6,3,1,1,2,07:15,107,E08000006,4,5231,6,30,0,-1,-1,0,0,0,1,1,1,0,0,1,1,E01005638,21-02-2018,1,3,2,1,4,1,3,0,0,2,0,-1,9,1
41971,77.21334517,28.54327185,6,3,2,1,2,16:55,107,E08000006,6,0,2,30,0,-1,-1,0,0,0,1,3,2,0,0,1,1,E01005681,21-02-2018,1,1,3,2,9,2,3,5,1,0,0,-1,0,1
41972,77.34507255,28.57740747,6,3,2,1,4,19:27,107,E08000006,6,0,6,30,3,4,6,0,0,0,4,1,2,0,0,1,1,E01005721,23-02-2018,1,1,1,1,38,7,3,0,0,0,0,-1,20,1
41973,77.10479464,28.62022694,6,3,2,2,5,16:10,107,E08000006,6,0,6,30,6,4,6,0,0,0,1,1,2,0,0,1,1,E01005623,24-02-2018,1,1,1,1,44,7,3,0,0,0,0,-1,9,3
41974,77.14236428,28.68758815,6,3,2,1,2,10:00,107,E08000006,3,580,3,50,0,-1,3,5185,0,0,1,3,2,0,0,1,1,E01005701,28-02-2018,1,1,1,2,51,8,3,0,0,0,0,-1,9,1
41975,77.34392347,28.71713463,6,3,2,1,2,09:25,107,E08000006,3,576,6,30,3,4,6,0,0,0,1,3,2,0,0,1,1,E01005719,28-02-2018,1,1,3,1,6,2,2,5,2,0,0,-1,0,1
41976,77.29221575,28.57644602,6,3,2,1,6,19:55,107,E08000006,4,5229,6,30,9,4,6,0,0,4,4,1,1,0,0,1,2,E01005727,18-02-2018,1,1,3,1,3,1,2,10,5,0,0,-1,0,1
41977,77.12932174,28.72850147,6,3,2,1,3,15:30,107,E08000006,6,0,1,30,1,4,6,0,0,0,1,1,1,0,0,1,2,E01005685,01-03-2018,2,1,1,1,56,9,3,0,0,0,0,-1,9,1
41978,77.31471413,28.53913589,6,3,3,2,5,10:53,107,E08000006,3,572,6,30,3,4,4,5231,0,0,1,2,2,0,0,1,1,E01005696,24-02-2018,2,2,2,2,54,8,3,0,0,1,0,-1,9,1
41979,77.36251593,28.60057278,6,3,2,1,2,18:05,107,E08000006,4,5231,6,30,3,4,6,0,0,0,4,2,2,0,0,1,2,E01005692,28-02-2018,1,1,1,1,43,7,2,0,0,0,0,-1,9,1
41980,77.2301922,28.61442621,6,3,4,1,2,14:20,107,E08000006,3,576,2,30,1,2,6,0,0,0,1,1,2,0,0,1,1,E01005635,28-02-2018,1,3,2,2,18,4,3,0,0,1,0,-1,9,1
41981,77.14779703,28.65299915,6,3,2,1,3,13:35,107,E08000006,6,0,6,30,6,4,6,0,0,0,1,1,1,0,0,1,1,E01005614,01-03-2018,2,2,1,1,21,5,3,0,0,0,0,-1,9,1
41982,77.23583099,28.66886656,6,3,1,1,3,15:05,107,E08000006,6,0,6,30,0,-1,-1,0,0,0,1,1,1,0,0,1,1,E01005687,01-03-2018,1,1,3,1,4,1,3,4,3,0,0,-1,0,1
41983,77.33913641,28.69867996,6,2,2,1,3,16:30,107,E08000006,3,575,2,30,3,4,6,0,0,0,1,1,1,0,0,1,2,E01005718,01-03-2018,1,1,1,1,22,5,3,0,0,0,0,-1,9,1
41984,77.23894528,28.68259225,6,3,1,1,4,10:00,107,E08000006,3,576,6,30,3,4,6,0,0,4,1,1,1,0,0,1,1,E01005719,02-03-2018,1,1,2,1,1,1,3,0,0,0,3,-1,11,-1
41985,77.21890088,28.60690661,6,3,1,1,1,03:35,107,E08000006,3,5185,6,30,3,4,6,0,0,0,4,1,2,0,0,1,1,E01005724,27-02-2018,1,1,1,1,22,5,3,0,0,0,0,-1,9,1
41986,77.16254005,28.71859665,6,3,2,1,4,20:45,107,E08000006,6,0,6,30,3,4,6,0,0,0,4,1,1,0,0,1,2,E01005724,02-03-2018,1,2,2,1,22,5,3,0,0,1,0,-1,9,-1
41987,77.27929866,28.67578229,6,3,2,1,5,14:50,107,E08000006,3,580,3,60,6,2,3,577,0,0,1,1,1,0,0,1,1,E01005736,03-03-2018,1,1,3,1,3,1,3,5,2,0,0,-1,0,1
41988,77.22702706,28.57934385,6,3,2,1,3,17:30,107,E08000006,6,0,6,30,3,4,3,575,0,0,4,1,1,0,0,1,1,E01005708,01-03-2018,1,1,1,2,31,6,3,0,0,0,0,-1,9,1
41989,77.185913,28.5902559,6,3,1,1,5,17:00,107,E08000006,6,0,6,30,3,4,6,0,0,0,1,1,1,0,0,1,2,E01005697,24-02-2018,2,2,2,2,35,6,3,0,0,1,0,-1,9,1
41990,77.24507192,28.67191377,6,3,2,1,3,07:20,107,E08000006,3,580,3,50,5,4,1,60,0,0,1,1,2,0,0,1,2,E01005714,01-03-2018,2,3,2,2,16,4,3,0,0,2,0,-1,9,1
41991,77.11526732,28.6010916,6,3,1,1,4,18:00,107,E08000006,4,6186,6,30,3,2,6,0,0,5,4,1,1,0,0,1,2,E01005685,02-03-2018,1,1,3,1,11,3,3,5,1,0,0,-1,0,1
41992,77.2110942,28.59883349,6,3,1,1,7,15:00,107,E08000006,6,0,6,30,3,4,3,576,0,0,1,1,1,0,0,1,2,E01005612,05-03-2018,1,1,1,1,13,3,2,0,0,0,0,-1,9,1
41993,77.36380448,28.57854873,6,3,1,1,4,14:50,107,E08000006,4,6187,6,30,9,4,6,0,0,0,5,3,1,0,0,1,1,E01005650,09-03-2018,1,2,2,1,13,3,2,0,0,1,0,-1,9,1
41994,77.26442652,28.55611478,6,3,1,1,1,03:13,107,E08000006,5,0,6,30,3,4,6,0,0,0,4,1,1,0,0,1,1,E01005605,06-03-2018,1,3,2,1,13,3,2,0,0,2,0,-1,9,2
41995,77.27703853,28.63936748,6,1,1,1,2,13:10,107,E08000006,6,0,6,30,0,-1,-1,0,0,0,1,1,1,0,0,1,2,E01005734,07-03-2018,1,4,2,1,12,3,3,0,0,2,0,-1,9,1
41996,77.23046594,28.72214663,6,3,1,1,2,09:50,107,E08000006,6,0,6,30,0,-1,-1,0,0,0,1,3,3,0,2,1,1,E01005730,28-02-2018,2,1,1,1,33,6,2,0,0,0,0,-1,4,1
41997,77.07839404,28.67298424,6,3,2,1,4,16:50,107,E08000006,4,5175,3,30,3,4,6,0,0,0,1,1,1,0,0,1,1,E01005695,09-03-2018,1,1,2,2,23,5,3,0,0,1,0,-1,9,1
41998,77.32550303,28.70319262,6,3,1,1,4,17:30,107,E08000006,6,0,6,30,3,4,6,0,0,0,1,1,1,0,0,1,2,E01005609,09-03-2018,2,1,2,2,29,6,3,0,0,2,0,-1,9,1
41999,77.25446756,28.70864789,6,3,2,2,7,23:00,107,E08000006,4,5320,6,30,3,4,6,0,0,4,6,1,1,0,0,1,1,E01005643,12-03-2018,1,1,1,1,25,5,3,0,0,0,0,-1,9,1
42000,77.16921309,28.61020968,6,3,2,1,3,18:55,107,E08000006,3,580,3,30,6,2,3,572,0,0,4,1,1,0,0,1,1,E01005696,08-03-2018,1,1,1,2,20,4,3,0,0,0,0,-1,9,1
42001,77.27632135,28.72786152,6,3,1,1,4,08:25,107,E08000006,6,0,6,30,3,4,6,0,0,0,1,1,1,0,0,1,1,E01005664,09-03-2018,1,1,1,1,17,4,3,0,0,0,0,-1,9,-1
42002,77.22148557,28.60283791,6,3,3,1,6,08:05,107,E08000006,3,572,6,30,0,-1,-1,0,0,0,1,1,2,0,0,1,1,E01005736,11-03-2018,1,1,1,2,18,4,3,0,0,0,0,-1,9,1
42003,77.16779288,28.65178206,6,3,2,1,6,21:40,107,E08000006,4,5230,6,30,3,4,6,0,0,0,4,1,1,0,0,1,1,E01005599,11-03-2018,2,2,1,2,58,9,3,0,0,0,0,-1,9,1
42004,77.25206066,28.66352765,6,2,2,1,2,15:28,107,E08000006,6,0,1,30,2,4,3,57,0,0,1,1,1,0,0,1,1,E01005732,07-03-2018,1,1,1,1,22,5,3,0,0,0,0,-1,9,1
42005,77.32823117,28.55397986,6,3,2,2,6,15:58,107,E08000006,3,575,9,30,0,-1,-1,0,0,0,1,1,2,0,0,1,1,E01005708,11-03-2018,1,1,1,1,17,4,3,0,0,0,0,-1,9,-1
42006,77.2923803,28.6648758,6,3,1,1,6,19:45,107,E08000006,3,6,6,30,7,4,6,0,0,4,4,2,2,0,0,1,1,E01005686,11-03-2018,1,2,2,1,17,4,3,0,0,1,0,-1,9,1
42007,77.14528083,28.60497273,6,3,2,2,7,09:40,107,E08000006,3,5066,6,30,8,4,6,0,0,0,1,1,1,0,0,1,1,E01005669,12-03-2018,2,1,1,-1,-1,-1,3,0,0,0,0,-1,1,-1
42008,77.27812349,28.5418191,6,3,2,1,7,08:20,107,E08000006,5,0,1,30,1,4,6,0,0,0,1,1,1,0,0,1,1,E01005672,12-03-2018,2,1,1,1,22,5,3,0,0,0,0,-1,9,1
42009,77.30852651,28.55023191,6,3,2,1,6,20:09,107,E08000006,3,575,1,30,2,4,5,0,0,0,4,1,1,0,0,1,2,E01005712,18-03-2018,2,2,2,1,21,5,3,0,0,1,0,-1,9,1
42010,77.12276732,28.57162511,6,3,1,1,6,15:55,107,E08000006,3,576,6,30,0,-1,-1,0,0,0,1,1,1,0,0,1,2,E01005611,18-03-2018,1,1,1,2,41,7,3,0,0,0,0,-1,9,1
42011,77.18316624,28.63966835,6,3,2,1,7,13:59,107,E08000006,3,6,6,30,3,4,6,0,0,0,1,1,1,0,0,1,2,E01005705,19-03-2018,1,2,3,1,4,1,2,5,2,0,0,-1,0,1
42012,77.16851687,28.57921604,6,3,2,1,7,14:15,107,E08000006,6,0,6,30,3,4,6,0,0,0,1,1,1,0,0,1,2,E01005732,19-03-2018,2,1,1,1,54,8,3,0,0,0,0,-1,9,1
42013,77.18919778,28.55549426,6,3,2,1,3,18:52,107,E08000006,3,666,6,30,6,2,6,0,0,0,4,1,1,0,0,1,1,E01005672,22-03-2018,1,1,1,1,52,8,3,0,0,0,0,-1,21,1
42014,77.17823447,28.7208122,6,3,1,1,7,20:15,107,E08000006,3,6,6,30,0,-1,-1,0,0,0,4,1,1,0,0,1,2,E01005701,26-03-2018,1,1,1,1,23,5,2,0,0,0,0,-1,4,1
42015,77.13869295,28.68763867,6,1,1,1,5,18:40,107,E08000006,3,6,6,30,0,-1,-1,0,0,0,4,1,2,0,0,1,1,E01005705,24-03-2018,1,2,2,1,21,5,3,0,0,2,0,-1,4,1
42016,77.10608851,28.62720509,6,3,2,2,2,12:50,107,E08000006,6,0,6,30,6,4,6,0,0,0,1,1,2,0,0,1,1,E01005713,14-03-2018,1,1,1,2,26,6,2,0,0,0,0,-1,9,1
42017,77.11382943,28.69181708,6,2,1,1,2,08:50,107,E08000006,3,56,6,30,6,2,3,576,0,0,1,1,1,0,0,1,1,E01005612,14-03-2018,1,3,2,2,30,6,3,0,0,1,0,-1,9,-1
42018,77.12285909,28.59644216,6,3,2,1,1,11:50,107,E08000006,4,5231,6,30,3,4,6,0,0,0,1,1,1,0,0,1,1,E01005634,20-03-2018,1,4,2,2,27,6,3,0,0,2,0,-1,9,-1
42019,77.14811462,28.64242546,6,3,2,1,3,11:20,107,E08000006,6,0,6,30,3,4,6,0,0,0,1,1,1,0,0,1,1,E01005661,22-03-2018,2,2,1,1,26,6,3,0,0,0,0,-1,9,1
42020,77.22077147,28.65236794,6,3,2,1,7,11:20,107,E08000006,5,0,6,30,3,4,6,0,0,0,1,1,1,0,0,1,2,E01005710,26-03-2018,2,5,2,2,33,6,3,0,0,1,0,-1,9,-1
42021,77.36288774,28.70626292,6,3,1,2,3,22:13,107,E08000006,6,0,6,30,0,-1,-1,0,0,0,4,1,1,0,0,1,1,E01005632,29-03-2018,2,6,2,2,55,8,3,0,0,2,0,-1,9,-1
42022,77.31796902,28.68497507,6,3,2,1,3,13:45,107,E08000006,4,5258,6,30,3,4,6,0,0,0,1,1,1,0,0,1,2,E01005716,29-03-2018,2,1,1,1,56,9,3,0,0,0,0,-1,9,1
42023,77.35950414,28.67526089,6,3,2,3,4,15:14,107,E08000006,3,5063,6,40,0,-1,-1,0,0,0,1,1,2,0,0,1,1,E01005610,30-03-2018,1,1,3,2,9,2,2,5,2,0,0,-1,0,1
42024,77.06013606,28.71652112,6,3,2,1,4,16:39,107,E08000006,3,575,6,30,0,-1,-1,0,0,0,1,1,1,0,0,1,2,E01005708,30-03-2018,2,1,1,1,18,4,3,0,0,0,0,-1,1,1
42025,77.3163851,28.66550375,6,3,1,1,7,20:35,107,E08000006,3,580,3,50,6,2,5,0,0,7,4,1,1,0,0,1,1,E01005687,26-03-2018,1,1,3,1,72,10,2,4,2,0,0,-1,0,1
42026,77.07917202,28.7227727,6,2,1,1,7,13:35,107,E08000006,3,57,6,30,0,-1,-1,0,0,0,1,1,1,0,0,1,1,E01005638,19-03-2018,1,1,1,1,79,11,3,0,0,0,0,-1,9,1
42027,77.19717887,28.57698906,6,3,2,1,7,12:38,107,E08000006,3,57,6,30,3,4,6,0,0,0,1,1,1,0,0,1,1,E01005605,19-03-2018,1,1,1,1,49,8,3,0,0,0,0,-1,11,1
42028,77.13142504,28.65650807,6,3,2,1,2,13:49,107,E08000006,3,5185,6,30,3,4,6,0,0,0,1,1,1,0,0,1,1,E01005630,21-03-2018,1,1,1,2,41,7,3,0,0,0,0,-1,9,-1
42029,77.13143264,28.68707817,6,3,2,1,6,05:20,107,E08000006,3,576,3,30,9,4,6,0,0,0,4,1,1,0,0,1,2,E01005651,25-03-2018,1,1,1,1,36,7,3,0,0,0,0,-1,8,1
42030,77.0909097,28.56349494,6,3,3,1,7,20:20,107,E08000006,3,576,6,30,3,2,3,5185,0,4,4,1,1,0,0,1,1,E01005724,26-03-2018,2,2,1,1,26,6,3,0,0,0,0,-1,19,1
42031,77.14158216,28.56913517,6,3,2,1,2,12:55,107,E08000006,4,5211,6,30,0,-1,-1,0,0,0,1,1,1,0,0,1,1,E01005726,28-03-2018,2,4,2,1,18,4,3,0,0,1,0,-1,19,1
42032,77.23441999,28.54829277,6,3,1,1,1,21:00,107,E08000006,3,5185,6,30,0,-1,6,0,0,0,4,4,1,0,0,1,2,E01005626,27-03-2018,3,3,1,1,46,8,3,0,0,0,0,-1,9,1
42033,77.29920742,28.68883281,6,3,1,1,2,22:30,110,E08000008,4,6170,6,30,3,3,6,0,0,0,4,1,1,0,0,1,1,E01006016,04-04-2018,2,1,2,1,9,2,3,0,0,1,0,-1,9,1
42034,77.15881244,28.64319469,6,3,1,1,3,09:15,110,E08000008,3,635,3,30,3,4,6,0,0,0,1,1,2,0,0,1,1,E01005943,12-04-2018,1,1,1,1,28,6,3,0,0,0,0,-1,9,1
42035,77.26589414,28.70350981,6,3,1,1,2,21:45,110,E08000008,3,6043,6,30,0,-1,-1,0,0,0,4,1,1,0,0,1,1,E01005948,04-04-2018,1,3,2,2,23,5,3,0,0,1,0,-1,9,1
42036,77.25487343,28.62678556,6,3,1,1,4,08:25,110,E08000008,3,6017,6,30,0,-1,-1,0,0,0,1,2,2,0,0,1,1,E01005972,06-04-2018,2,2,1,2,23,5,3,0,0,0,0,-1,9,1
42037,77.16454877,28.66624876,6,3,3,1,2,18:10,110,E08000008,3,57,6,30,3,4,6,0,0,0,1,1,1,0,0,1,1,E01006040,04-04-2018,1,1,1,1,15,3,3,0,0,0,0,-1,3,1
42038,77.16390182,28.68225623,6,2,2,1,3,19:05,110,E08000008,3,662,6,30,3,4,6,0,0,0,1,1,1,0,0,1,1,E01006002,05-04-2018,1,2,2,1,15,3,2,0,0,2,0,-1,3,-1
42039,77.15098856,28.62035475,6,2,1,1,1,19:02,110,E08000008,3,627,6,30,6,2,6,0,0,4,1,1,1,0,0,1,1,E01005957,10-04-2018,2,1,1,2,22,5,3,0,0,0,0,-1,9,1
42040,77.12861771,28.71851092,6,3,3,1,2,21:45,110,E08000008,6,0,6,30,0,-1,-1,0,0,0,4,1,1,0,0,2,1,E01005995,11-04-2018,1,1,1,1,24,5,3,0,0,0,0,-1,9,1
42041,77.14202413,28.68276916,6,3,2,1,2,19:20,110,E08000008,6,0,6,30,9,2,-1,-1,0,4,1,1,1,0,0,1,1,E01005941,11-04-2018,3,3,1,1,40,7,3,0,0,0,0,-1,9,1
42042,77.26978341,28.69686373,6,3,2,2,5,19:14,110,E08000008,3,6140,3,30,7,2,6,0,0,0,1,2,2,0,0,2,1,E01005948,07-04-2018,2,1,1,1,45,7,3,0,0,0,0,-1,1,1
42043,77.2213638,28.65249043,6,2,1,1,6,10:13,110,E08000008,6,0,6,30,3,4,6,0,0,0,1,8,2,0,0,1,1,E01005959,15-04-2018,1,1,3,1,61,9,3,5,2,0,0,-1,0,2
42044,77.15619863,28.62410929,6,3,2,3,7,20:40,110,E08000008,3,57,1,40,1,2,1,60,0,0,4,1,1,0,0,2,1,E01005985,16-04-2018,1,1,1,1,39,7,2,0,0,0,0,-1,1,1
42045,77.24204365,28.71904121,6,3,1,1,2,15:25,110,E08000008,6,0,2,30,6,4,3,662,1,4,1,1,1,0,0,1,1,E01005962,11-04-2018,2,1,2,1,85,11,3,0,0,0,4,-1,10,-1
42046,77.32898248,28.60950067,6,3,2,1,3,08:45,110,E08000008,6,0,6,30,0,-1,-1,0,0,0,1,1,1,0,0,1,1,E01006035,05-04-2018,2,1,2,1,12,3,3,0,0,1,0,-1,9,1
42047,77.36480022,28.59124742,6,3,1,1,4,16:45,110,E08000008,6,0,6,30,0,-1,-1,0,0,0,1,4,1,0,0,1,2,E01005950,06-04-2018,2,1,1,2,31,6,3,0,0,0,0,-1,9,1
42048,77.32339156,28.57739894,6,3,2,1,1,18:55,110,E08000008,6,0,6,30,9,4,6,0,0,0,1,1,1,0,0,1,1,E01006030,10-04-2018,2,2,2,2,32,6,3,0,0,2,0,-1,9,1
42049,77.21903558,28.64333214,6,3,2,1,5,15:25,110,E08000008,3,670,2,30,6,4,6,0,0,0,1,1,1,0,0,1,1,E01006058,07-04-2018,1,1,3,1,11,3,2,5,3,0,0,-1,0,1
42050,77.20467476,28.71715538,6,3,1,1,6,15:40,110,E08000008,6,0,6,30,9,4,3,628,0,0,1,9,1,0,0,1,2,E01006049,08-04-2018,1,1,1,2,40,7,3,0,0,0,0,-1,9,1
42051,77.36274639,28.6715383,6,3,1,1,3,10:32,110,E08000008,3,635,3,30,0,-1,-1,0,0,0,1,1,1,0,0,1,1,E01006063,05-04-2018,1,1,1,1,16,4,3,0,0,0,0,-1,2,1
42052,77.14624085,28.67605615,6,3,3,1,1,23:10,110,E08000008,3,560,6,30,3,4,6,0,0,0,4,2,2,0,0,1,1,E01006046,17-04-2018,1,1,1,1,21,5,3,0,0,0,0,-1,9,-1
42053,77.18025183,28.58101652,6,3,1,1,4,14:57,110,E08000008,3,627,6,30,3,4,6,0,0,0,1,1,1,0,0,1,2,E01005948,13-04-2018,1,3,2,1,21,5,3,0,0,1,0,-1,9,1
42054,77.27518403,28.60891211,6,3,2,1,6,18:30,110,E08000008,3,635,1,30,1,4,6,0,0,0,1,1,1,0,0,1,2,E01005943,08-04-2018,2,2,1,1,35,6,2,0,0,0,0,-1,9,1
42055,77.27686311,28.62680261,6,3,2,1,1,12:27,110,E08000008,6,0,6,30,3,4,6,0,0,0,1,1,1,0,2,1,1,E01005967,03-04-2018,2,1,1,1,46,8,3,0,0,0,0,-1,19,1
42056,77.12905463,28.64313137,6,3,2,3,4,23:15,110,E08000008,3,6017,6,30,3,2,1,67,0,5,4,1,1,0,0,1,1,E01005971,20-04-2018,2,2,2,1,29,6,3,0,0,1,0,-1,19,-1
42057,77.3195283,28.71208433,6,3,2,1,2,17:00,110,E08000008,6,0,6,30,9,4,6,0,0,0,1,1,1,0,0,1,2,E01006067,04-04-2018,1,1,1,1,42,7,3,0,0,0,0,-1,4,1
42058,77.25921992,28.70710932,6,3,1,1,1,23:45,110,E08000008,3,635,3,40,3,2,6,0,0,5,4,2,2,0,0,1,1,E01005953,03-04-2018,1,2,3,2,76,11,2,5,2,0,0,-1,0,1
42059,77.20033229,28.6176562,6,3,3,2,3,15:20,110,E08000008,3,635,6,30,3,2,3,6018,0,4,1,1,1,0,0,1,2,E01006068,19-04-2018,1,1,3,2,24,5,3,9,6,0,0,-1,0,1
42060,77.07427604,28.71651467,6,2,1,2,7,04:05,110,E08000008,4,6170,6,30,3,4,6,0,0,4,4,1,1,0,0,1,1,E01006013,02-04-2018,1,2,3,1,1,1,3,9,6,0,0,-1,0,1
42061,77.08782523,28.56293698,6,3,2,1,2,06:05,110,E08000008,6,0,6,30,9,4,3,662,0,0,1,1,1,0,0,1,2,E01006004,18-04-2018,1,1,1,1,19,4,3,0,0,0,0,-1,4,1
42062,77.2824179,28.63833885,6,3,2,1,3,10:40,110,E08000008,5,0,6,30,6,2,5,0,0,0,1,1,1,0,0,1,2,E01006001,19-04-2018,2,1,1,1,37,7,3,0,0,0,0,-1,1,-1
42063,77.06580769,28.62629282,6,2,1,1,4,15:10,110,E08000008,5,0,6,30,3,4,6,0,0,0,1,1,1,0,0,1,1,E01005957,20-04-2018,1,1,3,2,4,1,3,4,2,0,0,-1,0,-1
42064,77.33492614,28.61655354,6,3,2,1,5,12:45,110,E08000008,3,627,6,30,6,4,6,0,0,0,1,1,2,0,0,1,1,E01006010,14-04-2018,2,1,1,1,20,4,3,0,0,0,0,-1,9,1
42065,77.29061317,28.66358735,6,3,3,2,2,20:15,110,E08000008,3,627,6,30,6,4,6,0,0,0,1,1,1,0,0,1,1,E01006041,18-04-2018,2,1,1,1,21,5,3,0,0,0,0,-1,9,1
42066,77.2005858,28.63878935,6,3,2,2,3,07:39,110,E08000008,3,57,1,30,1,4,6,0,0,0,1,1,2,0,0,1,1,E01005974,19-04-2018,1,1,1,1,24,5,3,0,0,0,0,-1,9,1
42067,77.18936476,28.66224819,6,3,2,2,1,09:55,110,E08000008,4,6169,6,30,6,2,2,627,0,5,1,1,1,1,0,1,1,E01006016,03-04-2018,1,2,2,1,26,6,3,0,0,1,0,-1,9,1
42068,77.3478558,28.65956446,6,3,2,2,3,17:30,110,E08000008,2,627,3,30,1,4,3,635,0,0,1,1,1,0,0,1,2,E01005948,05-04-2018,1,3,2,1,27,6,3,0,0,2,0,-1,9,1
42069,77.18198666,28.67044737,6,3,2,1,3,15:50,110,E08000008,6,0,6,30,6,4,3,662,0,0,1,1,1,0,0,1,2,E01006004,19-04-2018,1,4,2,1,26,6,3,0,0,2,0,-1,9,1
42070,77.15996204,28.59365608,6,3,2,2,6,16:00,110,E08000008,6,0,6,30,9,4,6,0,0,0,1,1,1,0,0,1,2,E01005948,22-04-2018,1,5,2,1,26,6,3,0,0,2,0,-1,9,1
42071,77.23424316,28.54268405,6,3,1,1,2,09:45,110,E08000008,3,635,6,30,3,2,6,0,0,0,1,1,1,0,0,1,2,E01005953,25-04-2018,1,1,1,1,82,11,3,0,0,0,0,-1,9,1
42072,77.34651297,28.68287204,6,3,2,2,3,13:55,110,E08000008,3,635,6,30,3,4,6,0,0,0,1,1,2,0,0,1,1,E01006000,05-04-2018,1,3,2,2,83,11,3,0,0,1,0,-1,9,1
42073,77.23138062,28.64663619,6,3,2,1,4,13:15,110,E08000008,6,0,6,30,0,-1,-1,0,0,0,1,1,1,0,0,1,2,E01005948,27-04-2018,1,4,2,2,75,10,3,0,0,2,0,-1,9,1
42074,77.22420989,28.55853144,6,3,2,1,5,14:55,110,E08000008,3,6018,6,30,3,2,4,6178,0,5,1,1,1,0,0,1,1,E01006022,21-04-2018,2,2,1,2,22,5,3,0,0,0,0,-1,9,1
42075,77.25026278,28.65080064,6,3,3,2,1,18:49,110,E08000008,4,6175,6,30,3,2,3,6018,0,5,1,1,1,0,0,1,1,E01006068,24-04-2018,2,1,1,2,35,6,3,0,0,0,0,-1,9,1
42076,77.34534373,28.54827524,6,3,3,2,7,14:53,110,E08000008,3,6017,6,30,6,3,6,0,0,0,1,1,1,0,0,1,1,E01005974,30-04-2018,2,1,1,2,52,8,3,0,0,0,0,-1,9,-1
42077,77.35535145,28.54775746,6,3,6,1,7,07:10,110,E08000008,3,662,6,30,0,-1,-1,0,0,0,1,1,1,0,0,1,1,E01005998,23-04-2018,2,1,1,1,26,6,3,0,0,0,0,-1,9,-1
42078,77.31656617,28.6600202,6,3,2,1,2,07:40,110,E08000008,3,57,6,30,3,4,6,0,0,0,1,1,1,0,0,1,1,E01006040,25-04-2018,2,2,2,2,24,5,3,0,0,1,0,-1,9,1
42079,77.12863571,28.6374431,6,2,2,1,1,18:15,110,E08000008,6,0,6,30,0,-1,-1,0,0,0,1,1,1,0,0,1,1,E01005987,24-04-2018,1,1,1,1,18,4,3,0,0,0,0,-1,9,1
42080,77.06882314,28.72769821,6,3,2,1,6,17:04,110,E08000008,6,0,6,30,0,-1,-1,0,0,0,1,1,1,0,0,1,1,E01006050,29-04-2018,2,2,1,2,24,5,3,0,0,0,0,-1,9,1
42081,77.145621,28.6964061,6,2,1,1,3,13:44,110,E08000008,5,0,6,30,6,2,3,662,2,1,1,1,1,0,0,1,1,E01006000,03-05-2018,1,1,3,2,14,3,3,1,1,0,0,-1,0,1
42082,77.14242338,28.61492211,6,3,1,1,5,18:50,110,E08000008,6,0,6,30,0,-1,-1,0,0,0,1,1,1,0,0,1,1,E01005945,28-04-2018,1,1,1,1,17,4,2,0,0,0,0,-1,9,1
42083,77.26000134,28.55135764,6,3,1,1,3,08:55,110,E08000008,3,62,6,30,3,4,6,0,0,4,1,1,1,0,0,1,2,E01005954,26-04-2018,2,2,1,1,73,10,3,0,0,0,0,-1,9,1
42084,77.21461562,28.67373647,6,3,2,3,1,18:20,110,E08000008,3,6017,3,30,0,-1,-1,0,0,5,1,1,1,0,0,1,1,E01005971,08-05-2018,2,3,2,2,68,10,3,0,0,1,0,-1,9,1
42085,77.32843066,28.56042434,6,3,2,1,6,14:50,110,E08000008,4,6170,6,30,3,4,6,0,0,0,1,1,1,0,0,1,1,E01006033,06-05-2018,1,1,1,1,33,6,3,0,0,0,0,-1,9,1
42086,77.29338215,28.55210615,6,3,2,1,1,20:00,110,E08000008,5,0,6,30,0,-1,-1,0,0,0,1,2,1,0,0,1,2,E01006026,08-05-2018,2,2,1,1,32,6,3,0,0,0,0,-1,9,1
42087,77.27557251,28.62826145,6,3,1,1,5,22:30,110,E08000008,2,627,2,30,6,2,6,0,0,5,4,1,1,0,0,1,2,E01005948,21-04-2018,1,1,1,1,19,4,3,0,0,0,0,-1,9,1
42088,77.27816854,28.67106758,6,3,3,2,6,10:50,110,E08000008,6,0,6,30,6,4,6,0,0,0,1,1,1,0,0,1,1,E01006010,29-04-2018,2,2,1,1,45,7,3,0,0,0,0,-1,9,1
42089,77.31006215,28.61375061,6,1,1,1,6,16:30,110,E08000008,3,627,6,30,6,4,6,0,0,0,1,1,1,0,0,1,1,E01006008,06-05-2018,2,3,2,2,49,8,3,0,0,1,0,-1,9,1