Accident_Index,longitude,latitude,Police_Force,Accident_Severity,Number_of_Vehicles,Number_of_Casualties,Day_of_Week,Time,Local_Authority_(District),Local_Authority_(Highway),1st_Road_Class,1st_Road_Number,Road_Type,Speed_limit,Junction_Detail,Junction_Control,2nd_Road_Class,2nd_Road_Number,Pedestrian_Crossing-Human_Control,Pedestrian_Crossing-Physical_Facilities,Light_Conditions,Weather_Conditions,Road_Surface_Conditions,Special_Conditions_at_Site,Carriageway_Hazards,Urban_or_Rural_Area,Did_Police_Officer_Attend_Scene_of_Accident,LSOA_of_Accident_Location,Date,Vehicle_Reference,Casualty_Reference,Casualty_Class,Sex_of_Casualty,Age_of_Casualty,Age_Band_of_Casualty,Casualty_Severity,Pedestrian_Location,Pedestrian_Movement,Car_Passenger,Bus_or_Coach_Passenger,Pedestrian_Road_Maintenance_Worker,Casualty_Type,Casualty_Home_Area_Type
42210,77.08595971,28.59344582,6,3,2,3,1,09:48,110,E08000008,6,0,6,30,3,3,5,0,0,0,1,1,1,0,0,1,2,E01006035,17-07-2018,2,1,2,2,47,8,3,0,0,1,0,-1,9,1
42211,77.15908781,28.65402048,6,3,2,1,3,19:50,110,E08000008,6,0,3,30,0,-1,-1,0,0,0,1,1,1,0,0,1,1,E01006052,19-07-2018,2,2,2,2,16,4,3,0,0,2,0,-1,9,1
42212,77.07297298,28.68930037,6,3,2,1,3,16:05,110,E08000008,5,0,2,30,6,2,3,670,0,5,1,1,1,0,0,1,1,E01005948,12-07-2018,2,1,1,1,34,6,2,0,0,0,0,-1,5,1
42213,77.19230178,28.65648792,6,3,1,1,2,10:55,110,E08000008,6,0,6,30,0,-1,-1,0,0,0,1,1,1,0,0,1,2,E01005987,18-07-2018,1,1,1,1,46,8,3,0,0,0,0,-1,9,1
42214,77.06801056,28.56517605,6,3,1,1,3,19:00,110,E08000008,6,0,6,30,6,4,6,0,0,0,1,1,1,0,0,1,1,E01005951,19-07-2018,2,1,1,2,23,5,3,0,0,0,0,-1,9,1
42215,77.29177429,28.56885915,6,3,3,1,2,18:07,110,E08000008,5,0,6,30,6,4,4,6170,0,0,1,1,1,0,0,1,1,E01006032,18-07-2018,1,1,1,1,20,4,3,0,0,0,0,-1,9,2
42216,77.19792819,28.59412888,6,3,2,1,4,17:20,110,E08000008,4,6175,6,30,9,4,6,0,0,0,1,1,1,0,0,1,2,E01006023,20-07-2018,1,2,2,2,17,4,3,0,0,1,0,-1,9,1
42217,77.2083597,28.72565279,6,3,2,1,4,20:20,110,E08000008,3,57,6,30,3,2,3,6018,0,0,7,1,1,0,0,2,2,E01006049,20-07-2018,2,1,1,2,42,7,3,0,0,0,0,-1,9,1
42218,77.15408382,28.59417992,6,3,2,1,6,08:40,110,E08000008,5,0,6,30,6,4,6,0,0,0,1,1,1,0,0,1,1,E01005934,15-07-2018,1,1,3,2,-1,-1,3,5,1,0,0,-1,0,-1
42219,77.12598025,28.59407374,6,2,1,1,7,01:50,110,E08000008,4,6175,6,30,3,4,6,0,0,0,4,1,1,0,0,1,1,E01006061,23-07-2018,2,1,1,1,22,5,3,0,0,0,0,-1,9,1
42220,77.35288692,28.55849436,6,3,2,1,3,17:45,110,E08000008,3,635,3,30,6,2,6,0,0,0,1,1,1,0,0,1,2,E01005952,19-07-2018,2,2,2,1,21,5,3,0,0,1,0,-1,9,1
42221,77.23401948,28.5419787,6,3,1,1,1,18:21,110,E08000008,5,0,6,30,0,-1,-1,0,0,0,1,2,2,0,0,1,1,E01005938,24-07-2018,1,1,1,1,14,3,3,0,0,0,0,-1,1,1
42222,77.25522473,28.71996764,6,2,2,1,1,17:46,110,E08000008,3,635,6,30,6,2,5,0,0,0,1,2,2,4,0,1,1,E01005952,24-07-2018,1,1,1,2,18,4,3,0,0,0,0,-1,9,1
42223,77.21450378,28.68362768,6,3,2,1,3,17:15,110,E08000008,5,0,6,30,0,-1,-1,0,0,0,1,1,1,0,0,1,1,E01005954,26-07-2018,2,1,1,2,39,7,3,0,0,0,0,-1,9,1
42224,77.23150085,28.64258272,6,2,1,1,4,13:00,110,E08000008,6,0,6,30,7,2,3,6140,0,5,1,1,1,0,0,2,1,E01005950,27-07-2018,1,1,2,2,53,8,3,0,0,2,0,-1,9,1
42225,77.3124905,28.68740887,6,2,1,1,3,21:40,110,E08000008,5,0,6,30,6,2,3,670,0,0,4,1,1,0,0,1,1,E01005947,26-07-2018,1,2,2,2,7,2,3,0,0,2,0,-1,9,1
42226,77.22478352,28.67314392,6,3,1,1,6,09:50,110,E08000008,3,627,6,30,0,-1,-1,0,0,0,1,1,1,0,0,1,1,E01006041,22-07-2018,1,1,1,2,38,7,2,0,0,0,0,-1,3,1
42227,77.18318537,28.61147429,6,3,1,1,5,17:20,110,E08000008,3,635,6,30,3,4,6,0,0,0,1,1,1,0,0,1,1,E01006068,28-07-2018,1,1,1,1,36,7,3,0,0,0,0,-1,5,1
42228,77.36327283,28.62839246,6,3,1,1,4,19:20,110,E08000008,3,57,6,30,3,4,6,0,0,4,1,1,1,0,0,1,1,E01005973,27-07-2018,1,1,1,2,42,7,3,0,0,0,0,-1,9,1
42229,77.3181574,28.64676089,6,3,2,2,6,10:30,110,E08000008,6,0,2,30,9,4,6,0,0,0,1,8,2,0,0,1,2,E01005948,29-07-2018,1,2,2,1,41,7,3,0,0,1,0,-1,9,1
42230,77.2028666,28.69844802,6,3,2,2,2,17:20,110,E08000008,3,6018,6,30,0,-1,-1,0,0,0,1,1,1,0,0,1,1,E01006072,08-08-2018,2,1,1,1,55,8,3,0,0,0,0,-1,9,2
42231,77.07912979,28.56857844,6,3,2,2,1,14:00,110,E08000008,4,6390,3,30,7,2,6,0,0,0,1,1,1,0,0,1,2,E01005961,31-07-2018,1,1,2,2,18,4,3,0,0,2,0,-1,9,1
42232,77.28886819,28.66207424,6,3,2,1,3,18:55,110,E08000008,3,635,3,40,1,3,6,0,0,0,1,1,1,0,0,1,2,E01005943,02-08-2018,1,2,2,1,10,2,3,0,0,2,0,-1,9,1
42233,77.06455613,28.72474708,6,3,1,1,2,15:50,110,E08000008,3,635,6,30,3,4,6,0,0,0,1,1,1,0,0,1,2,E01005942,01-08-2018,1,1,1,1,23,5,3,0,0,0,0,-1,1,-1
42234,77.33943945,28.61306558,6,3,2,2,6,09:00,110,E08000008,6,0,2,30,3,4,3,6017,0,0,1,1,2,0,0,1,2,E01005974,29-07-2018,1,2,3,2,72,10,3,6,9,0,0,-1,0,1
42235,77.16408776,28.60790544,6,3,2,1,5,17:10,110,E08000008,4,6175,9,30,0,-1,-1,0,0,0,1,1,1,0,0,1,2,E01006066,04-08-2018,1,1,1,2,32,6,3,0,0,0,0,-1,9,1
42236,77.09506838,28.62855299,6,2,1,1,7,19:15,110,E08000008,6,0,2,30,3,4,6,0,0,0,1,1,1,0,0,1,1,E01005948,06-08-2018,1,2,2,2,7,2,3,0,0,1,0,-1,9,1
42237,77.14169074,28.57592293,6,3,1,1,6,11:03,110,E08000008,3,662,6,30,6,2,5,0,0,1,1,1,1,0,0,1,1,E01006000,05-08-2018,1,1,1,1,21,5,3,0,0,0,0,-1,9,1
42238,77.15025312,28.63925133,6,3,2,3,3,11:00,110,E08000008,3,635,9,30,7,4,1,60,0,0,1,1,1,0,0,1,2,E01005951,02-08-2018,1,3,2,1,26,6,3,0,0,1,0,-1,9,1
42239,77.09977954,28.68514952,6,3,3,2,4,08:25,110,E08000008,5,0,6,30,3,4,6,0,0,0,1,4,2,0,0,1,1,E01005992,03-08-2018,2,2,1,1,19,4,3,0,0,0,0,-1,9,1
42240,77.2376096,28.53646848,6,3,1,1,1,14:25,110,E08000008,6,0,6,30,0,-1,-1,0,0,0,1,1,1,0,0,1,1,E01005942,31-07-2018,2,1,1,1,18,4,3,0,0,0,0,-1,9,1
42241,77.18586571,28.65233281,6,3,2,1,6,16:30,110,E08000008,6,0,6,30,3,4,6,0,0,0,1,1,1,0,0,1,1,E01005948,29-07-2018,1,1,1,1,20,4,3,0,0,0,0,-1,1,1
42242,77.17074735,28.58298357,6,3,2,1,3,20:51,110,E08000008,6,0,2,30,3,4,6,0,0,0,4,2,2,0,0,1,1,E01005948,02-08-2018,1,1,3,2,86,11,3,8,3,0,0,-1,0,-1
42243,77.13521526,28.58805952,6,3,2,1,6,02:00,110,E08000008,5,0,6,30,3,4,6,0,0,0,4,2,2,0,0,1,1,E01005992,05-08-2018,1,1,2,2,34,6,3,0,0,2,0,-1,9,1
42244,77.2005062,28.64882373,6,3,1,1,6,14:34,110,E08000008,4,6175,9,30,0,-1,-1,0,0,0,1,9,1,0,0,1,1,E01006067,05-08-2018,1,2,2,2,45,7,3,0,0,2,0,-1,9,1
42245,77.30990263,28.60543195,6,2,4,6,6,15:50,110,E08000008,5,0,6,30,0,-1,-1,0,0,0,1,1,1,0,0,1,1,E01005941,29-07-2018,1,1,3,2,4,1,3,5,4,0,0,-1,0,1
42246,77.22138125,28.64325745,6,3,2,1,5,13:45,110,E08000008,3,635,3,30,0,-1,-1,0,0,0,1,1,1,0,0,1,1,E01005951,04-08-2018,1,1,1,1,54,8,1,0,0,0,0,-1,9,1
42247,77.14227472,28.53462663,6,3,2,3,1,22:55,110,E08000008,6,0,6,30,3,4,6,0,0,0,4,1,1,0,0,1,1,E01006003,07-08-2018,2,2,1,1,57,9,3,0,0,0,0,-1,20,1
42248,77.09211502,28.58784025,6,3,2,3,1,19:19,110,E08000008,4,6194,6,30,3,4,6,0,0,0,1,1,1,0,0,1,1,E01005947,07-08-2018,1,2,2,2,12,3,3,0,0,1,0,-1,9,-1
42249,77.11348999,28.68727845,6,3,2,1,2,06:55,110,E08000008,5,0,1,30,2,4,5,0,0,0,1,1,1,0,0,1,2,E01006004,15-08-2018,2,1,1,1,40,7,3,0,0,0,0,-1,9,-1
42250,77.30139587,28.72554453,6,3,2,1,3,15:45,110,E08000008,3,635,3,30,9,2,4,6390,0,0,1,1,1,0,0,1,2,E01005961,09-08-2018,2,3,2,2,37,7,3,0,0,1,0,-1,9,-1
42251,77.28938784,28.63111972,6,3,2,1,7,11:10,110,E08000008,6,0,1,30,1,4,3,560,0,0,1,1,1,0,0,2,1,E01006052,06-08-2018,1,1,3,1,10,2,3,5,1,0,0,-1,0,-1
42252,77.17760605,28.66865632,6,3,2,2,6,07:18,110,E08000008,5,0,6,30,9,4,6,0,0,0,1,2,2,0,0,1,1,E01006000,12-08-2018,1,1,1,2,30,6,3,0,0,0,0,-1,9,-1
42253,77.17302176,28.6994483,6,3,1,1,1,21:35,110,E08000008,6,0,6,30,0,-1,-1,0,0,0,1,1,1,0,0,1,2,E01006060,14-08-2018,1,1,1,1,24,5,3,0,0,0,0,-1,4,1
42254,77.27970404,28.55622626,6,2,3,2,5,19:48,110,E08000008,3,635,6,30,6,2,6,0,0,8,1,1,1,4,0,1,1,E01005952,11-08-2018,4,1,1,1,28,6,3,0,0,0,0,-1,9,1
42255,77.20181123,28.71651622,6,2,1,1,2,15:50,110,E08000008,4,6468,6,30,9,4,6,0,0,0,1,1,1,0,0,1,1,E01006030,15-08-2018,4,2,2,1,24,5,3,0,0,1,0,-1,9,-1
42256,77.27576601,28.56291126,6,3,2,2,6,22:05,110,E08000008,3,6017,6,30,0,-1,-1,0,0,0,1,1,1,0,0,1,1,E01005974,12-08-2018,2,1,1,2,57,9,3,0,0,0,0,-1,9,1
42257,77.13863442,28.67764264,6,3,2,1,4,20:20,110,E08000008,6,0,2,30,3,3,3,6017,0,0,1,1,1,0,0,1,2,E01005953,17-08-2018,2,1,1,2,18,4,3,0,0,0,0,-1,9,1
42258,77.08449672,28.65321988,6,3,2,1,6,15:20,110,E08000008,3,6017,3,30,6,2,1,60,0,0,1,1,1,0,0,1,2,E01005951,05-08-2018,2,2,2,2,13,3,3,0,0,2,0,-1,9,1
42259,77.11452426,28.70702339,6,3,2,1,3,19:10,110,E08000008,6,0,6,30,9,4,6,0,0,0,1,1,1,0,0,1,2,E01006020,16-08-2018,2,3,2,2,18,4,3,0,0,1,0,-1,9,2
42260,77.07873339,28.54943918,6,3,1,1,6,18:40,110,E08000008,6,0,6,30,0,-1,-1,0,0,0,1,1,1,0,0,1,1,E01006065,19-08-2018,2,1,2,2,57,9,3,0,0,1,0,-1,8,1
42261,77.15742164,28.69437841,6,3,2,1,6,12:40,110,E08000008,5,0,6,30,7,2,6,0,0,0,1,1,1,4,0,1,2,E01005952,19-08-2018,1,1,2,1,24,5,3,0,0,2,0,-1,9,1
42262,77.10583881,28.5808773,6,3,2,1,6,12:30,110,E08000008,4,6175,6,30,0,-1,-1,0,0,0,1,1,1,0,0,1,2,E01006069,19-08-2018,2,1,2,2,62,9,3,0,0,1,0,-1,9,1
42263,77.19873341,28.66173335,6,2,3,4,7,14:46,110,E08000008,2,627,2,30,3,2,3,6043,0,5,1,1,1,0,0,1,1,E01005948,20-08-2018,2,1,1,1,32,6,3,0,0,0,0,-1,9,1
42264,77.10069064,28.65914976,6,3,1,1,4,13:45,110,E08000008,6,0,6,30,3,4,6,0,0,0,1,1,1,0,0,1,1,E01006073,17-08-2018,2,2,2,2,29,6,3,0,0,1,0,-1,9,1
42265,77.15703305,28.71484824,6,3,2,3,1,20:35,110,E08000008,4,6175,6,30,9,4,4,6175,0,0,1,8,1,0,0,1,2,E01006023,21-08-2018,1,1,1,1,24,5,3,0,0,0,0,-1,9,1
42266,77.08897709,28.636507,6,3,2,1,3,15:45,110,E08000008,5,0,6,30,6,2,5,0,0,5,1,1,1,0,0,1,1,E01006001,23-08-2018,1,1,2,1,79,11,3,0,0,0,3,-1,11,1
42267,77.35918221,28.54805809,6,3,2,1,1,18:40,110,E08000008,6,0,6,30,0,-1,-1,0,0,0,1,1,1,0,0,1,1,E01006023,14-08-2018,2,1,1,1,25,5,3,0,0,0,0,-1,9,1
42268,77.36119286,28.6778541,6,3,1,2,6,06:50,110,E08000008,6,0,3,30,3,3,6,0,0,0,1,1,2,0,0,1,1,E01005948,26-08-2018,2,2,2,2,20,4,3,0,0,1,0,-1,9,1
42269,77.32292568,28.67475766,6,3,2,3,4,12:02,110,E08000008,5,0,6,30,3,4,6,0,0,0,1,2,2,0,0,1,1,E01005934,24-08-2018,2,1,1,2,31,6,3,0,0,0,0,-1,9,3
42270,77.28577462,28.57294408,6,3,3,1,2,22:30,110,E08000008,4,6175,6,30,0,-1,-1,0,0,0,4,1,1,0,0,1,1,E01006022,22-08-2018,2,1,1,1,55,8,3,0,0,0,0,-1,9,3
42271,77.3575906,28.62980931,6,3,2,1,3,11:25,110,E08000008,6,0,2,30,0,-1,-1,0,0,0,1,1,1,0,0,1,2,E01005948,23-08-2018,1,1,1,2,31,6,3,0,0,0,0,-1,9,-1
42272,77.17584939,28.66613658,6,3,2,1,6,17:05,110,E08000008,3,57,6,30,0,-1,-1,0,0,0,1,8,2,0,0,1,1,E01006048,26-08-2018,2,2,1,2,45,7,3,0,0,0,0,-1,9,1
42273,77.33849523,28.55079036,6,3,2,1,6,17:00,110,E08000008,6,0,6,30,0,-1,-1,0,0,0,1,1,1,0,0,1,1,E01005970,26-08-2018,2,1,1,1,20,4,3,0,0,0,0,-1,3,1
42274,77.06993201,28.72819525,6,3,3,2,7,19:50,110,E08000008,4,6468,6,30,3,4,6,0,0,0,4,1,1,0,0,1,1,E01006030,27-08-2018,1,1,3,1,28,6,2,8,3,0,0,-1,0,-1
42275,77.31763809,28.57957782,6,3,2,1,5,12:45,110,E08000008,6,0,6,30,0,-1,-1,0,0,0,1,1,1,0,0,1,1,E01005952,01-09-2018,1,1,1,1,12,3,3,0,0,0,0,-1,1,-1
42276,77.26044388,28.67238043,6,3,1,1,2,14:25,110,E08000008,6,0,6,30,3,4,6,0,0,0,1,1,1,0,0,1,1,E01006022,29-08-2018,2,1,1,1,36,7,2,0,0,0,0,-1,1,1
42277,77.32314099,28.54716982,6,3,1,1,3,17:15,110,E08000008,5,0,6,30,3,4,6,0,0,0,1,1,1,0,0,1,2,E01006032,06-09-2018,1,1,1,1,34,6,3,0,0,0,0,-1,9,1
42278,77.09828603,28.54838326,6,3,1,1,4,16:40,110,E08000008,3,670,6,30,3,4,6,0,0,0,1,1,1,0,0,1,2,E01005948,07-09-2018,1,1,1,1,21,5,2,0,0,0,0,-1,9,-1
42279,77.27632057,28.56647509,6,3,2,1,3,18:15,110,E08000008,6,0,6,30,0,-1,-1,0,0,0,1,1,1,0,0,1,1,E01005988,06-09-2018,1,2,2,1,21,5,3,0,0,1,0,-1,9,1
42280,77.31322789,28.62259344,6,2,1,1,3,09:05,110,E08000008,3,6017,3,30,0,-1,-1,0,2,4,1,1,1,0,0,1,1,E01005971,06-09-2018,1,3,2,1,19,4,2,0,0,2,0,-1,9,1
42281,77.24867675,28.70756839,6,3,2,6,2,11:54,110,E08000008,5,0,6,30,6,4,6,0,0,0,1,1,1,0,0,1,1,E01005942,12-09-2018,1,4,2,1,21,5,2,0,0,2,0,-1,9,1
42282,77.21692911,28.61157479,6,3,2,1,4,14:35,110,E08000008,6,0,6,30,0,-1,-1,0,0,0,1,1,1,0,0,1,2,E01006068,14-09-2018,1,5,2,1,21,5,2,0,0,2,0,-1,9,1
42283,77.11276121,28.68214948,6,3,2,1,2,07:30,110,E08000008,3,57,6,30,0,-1,-1,0,0,0,1,1,1,0,0,1,1,E01006026,12-09-2018,2,1,2,2,16,4,3,0,0,1,0,-1,9,-1
42284,77.06344102,28.6172116,6,3,1,1,3,11:20,110,E08000008,6,0,6,30,8,4,6,0,0,0,1,1,1,0,0,1,2,E01006028,13-09-2018,1,1,1,2,24,5,3,0,0,0,0,-1,9,1
42285,77.25477075,28.60907098,6,3,2,2,1,20:20,110,E08000008,6,0,6,30,6,4,6,0,0,0,4,1,2,0,0,1,1,E01005961,11-09-2018,2,1,1,2,30,6,3,0,0,0,0,-1,9,1
42286,77.2291292,28.66466158,6,3,1,1,7,22:10,110,E08000008,4,6175,6,30,9,4,5,0,0,0,4,1,2,0,0,1,1,E01006023,10-09-2018,1,1,1,1,60,9,3,0,0,0,0,-1,9,3
42287,77.16535529,28.64846165,6,1,2,1,2,17:20,110,E08000008,3,560,6,30,3,4,2,627,0,0,1,1,1,0,0,1,1,E01006044,12-09-2018,1,1,1,1,38,7,3,0,0,0,0,-1,5,1
42288,77.34355651,28.71374903,6,3,2,1,7,20:00,110,E08000008,6,0,6,30,9,4,5,0,0,0,1,1,1,0,0,1,2,E01005999,10-09-2018,2,1,1,1,63,9,3,0,0,0,0,-1,9,1
42289,77.22771091,28.59543391,6,3,1,3,1,10:44,110,E08000008,3,670,6,30,3,2,3,670,0,0,1,2,2,0,0,1,1,E01005941,18-09-2018,1,1,2,2,18,4,3,0,0,1,0,-1,9,1
42290,77.30098084,28.61102783,6,3,2,1,3,09:15,110,E08000008,6,0,6,30,0,-1,-1,0,0,0,1,1,1,0,0,1,2,E01006023,20-09-2018,1,1,1,2,51,8,3,0,0,0,0,-1,9,1
42291,77.24299412,28.57723783,6,3,2,1,4,17:45,110,E08000008,5,0,6,20,9,4,6,0,0,0,4,1,1,0,0,1,2,E01006007,14-09-2018,2,1,1,2,38,7,3,0,0,0,0,-1,9,1
42292,77.33211995,28.69193567,6,3,2,5,1,00:15,110,E08000008,6,0,6,30,9,4,6,0,0,0,1,2,2,0,0,1,2,E01005949,18-09-2018,1,1,1,1,26,6,3,0,0,0,0,-1,1,1
42293,77.21509153,28.61139439,6,3,2,1,5,10:55,110,E08000008,3,670,6,30,6,4,6,0,0,0,1,1,1,0,0,1,2,E01005948,22-09-2018,1,1,1,1,75,10,2,0,0,0,0,-1,9,1
42294,77.21926466,28.58489155,6,3,2,2,1,19:25,110,E08000008,3,635,3,30,6,4,3,6140,0,8,4,1,1,0,0,1,1,E01005951,18-09-2018,1,1,1,2,26,6,2,0,0,0,0,-1,9,-1
42295,77.35928529,28.70713549,6,2,2,1,5,16:45,110,E08000008,4,6445,6,30,3,4,6,0,0,0,1,1,1,0,0,1,1,E01006009,22-09-2018,1,2,2,1,37,7,1,0,0,1,0,-1,9,1
42296,77.14939552,28.70709116,6,3,2,2,2,11:00,110,E08000008,3,57,6,30,0,-1,-1,0,0,0,1,1,1,0,0,2,1,E01006024,12-09-2018,1,3,2,1,22,5,2,0,0,2,0,-1,9,1
42297,77.15820919,28.64116341,6,3,2,1,7,14:45,110,E08000008,3,628,6,30,3,4,6,0,0,4,1,1,1,0,0,1,1,E01006049,24-09-2018,1,1,1,1,30,6,3,0,0,0,0,-1,9,-1
42298,77.27530652,28.59800889,6,2,2,3,7,21:15,110,E08000008,5,0,6,30,3,4,6,0,0,0,4,1,1,0,0,1,1,E01005935,24-09-2018,1,1,1,2,55,8,3,0,0,0,0,-1,9,3
42299,77.06310084,28.69610635,6,3,2,1,3,09:05,110,E08000008,4,6018,6,30,3,4,6,0,0,0,1,1,1,0,0,1,2,E01006022,27-09-2018,2,2,1,2,49,8,3,0,0,0,0,-1,9,-1
42300,77.27482993,28.53675142,6,3,1,1,7,13:30,110,E08000008,6,0,6,30,9,4,6,0,0,0,1,1,1,0,0,1,1,E01005935,24-09-2018,2,1,1,1,18,4,2,0,0,0,0,-1,3,1
42301,77.33480707,28.72401615,6,3,2,1,6,10:00,110,E08000008,3,57,2,30,1,2,1,60,0,7,1,2,2,0,0,2,2,E01005990,23-09-2018,1,1,3,1,4,1,3,5,2,0,0,-1,0,1
42302,77.16441277,28.6528851,6,3,2,2,2,11:10,110,E08000008,3,635,3,30,6,2,3,6140,0,5,1,1,1,0,0,1,1,E01005951,26-09-2018,1,1,1,2,55,8,3,0,0,0,0,-1,9,1
42303,77.28678484,28.66076065,6,3,2,1,4,05:50,110,E08000008,3,662,6,30,9,4,6,0,0,0,1,8,2,0,0,1,1,E01005969,28-09-2018,2,2,1,1,33,6,3,0,0,0,0,-1,9,1
42304,77.25112845,28.63853173,6,2,1,3,4,18:35,110,E08000008,4,6390,6,30,9,4,6,0,0,0,4,4,2,0,2,1,1,E01005964,28-09-2018,1,1,1,1,17,4,3,0,0,0,0,-1,3,1
42305,77.35924006,28.69353449,6,3,2,1,4,14:45,110,E08000008,6,0,6,30,6,4,6,0,0,0,1,2,2,0,0,1,1,E01006042,28-09-2018,2,2,1,1,57,9,3,0,0,0,0,-1,9,2
42306,77.18358484,28.55068963,6,1,2,2,7,01:46,110,E08000008,3,670,6,30,0,-1,-1,0,0,0,4,1,2,0,0,2,1,E01005937,01-10-2018,1,1,1,1,55,8,3,0,0,0,0,-1,5,1
42307,77.07597707,28.6780644,6,3,1,1,6,22:35,110,E08000008,3,6043,6,30,0,-1,-1,0,0,5,4,2,2,0,0,1,1,E01005948,30-09-2018,1,1,1,1,69,10,3,0,0,0,0,-1,9,2
42308,77.29290082,28.61757667,6,3,2,1,7,16:30,110,E08000008,6,0,6,30,3,4,6,0,0,0,1,8,2,0,2,1,2,E01006015,01-10-2018,2,1,1,2,22,5,3,0,0,0,0,-1,9,1
42309,77.2430153,28.53793358,6,3,2,1,4,17:00,110,E08000008,3,618,6,30,0,-1,-1,0,0,0,1,1,1,0,0,1,2,E01006022,07-09-2018,2,2,2,1,25,5,3,0,0,1,0,-1,9,1
42310,77.14815356,28.60057051,6,3,2,1,7,18:30,110,E08000008,2,627,3,30,3,2,1,67,0,0,1,1,2,0,0,1,1,E01006035,01-10-2018,2,3,2,2,16,4,3,0,0,2,0,-1,9,1
42311,77.29589064,28.62554383,6,3,2,4,1,21:00,110,E08000008,6,0,9,30,9,4,6,0,0,0,7,9,1,0,0,1,2,E01006001,25-09-2018,1,1,1,1,54,8,1,0,0,0,0,-1,9,2
42312,77.19064361,28.70454861,6,3,1,1,4,17:20,110,E08000008,3,6017,6,30,6,4,6,0,0,4,1,2,2,0,0,1,1,E01005951,28-09-2018,1,1,1,1,15,3,3,0,0,0,0,-1,1,1
42313,77.07185907,28.65508671,6,3,2,2,2,20:15,110,E08000008,3,635,6,30,9,4,6,0,0,0,4,2,2,0,0,1,1,E01006063,26-09-2018,1,1,1,1,28,6,3,0,0,0,0,-1,9,1
42314,77.14051047,28.65095437,6,3,2,2,1,14:00,110,E08000008,3,635,1,30,1,4,3,635,0,0,1,1,1,0,0,1,1,E01005943,02-10-2018,1,3,2,2,18,4,3,0,0,1,0,-1,9,1
42315,77.31971317,28.644137,6,3,2,1,4,11:40,110,E08000008,3,6018,6,30,9,4,6,0,0,0,1,1,1,0,0,1,2,E01006070,28-09-2018,1,4,2,2,21,5,3,0,0,1,0,-1,9,1
42316,77.26262896,28.70498846,6,3,2,1,2,17:45,110,E08000008,3,6018,2,30,3,4,6,0,0,0,1,1,1,4,0,1,1,E01006068,03-10-2018,2,2,1,1,24,5,3,0,0,0,0,-1,9,1
42317,77.10131189,28.70788325,6,3,2,1,7,22:00,110,E08000008,3,6017,6,30,3,4,6,0,0,0,4,1,2,0,2,1,2,E01005967,01-10-2018,1,1,1,1,24,5,2,0,0,0,0,-1,5,1
42318,77.21346063,28.63413153,6,3,2,2,1,12:50,110,E08000008,5,0,6,30,3,4,6,0,0,0,1,1,1,0,0,1,1,E01005987,02-10-2018,1,1,3,1,6,2,3,5,2,0,0,-1,0,1
42319,77.25630486,28.69553475,6,3,1,2,6,14:45,110,E08000008,5,0,6,30,9,4,6,0,0,0,1,1,1,0,0,1,1,E01005966,07-10-2018,1,1,1,2,33,6,3,0,0,0,0,-1,9,1
42320,77.25535409,28.59475416,6,3,1,1,1,20:10,110,E08000008,6,0,6,30,3,4,6,0,0,0,4,1,1,0,0,1,1,E01006001,02-10-2018,1,3,2,1,30,6,3,0,0,1,0,-1,9,1
42321,77.34010272,28.71324957,6,3,2,1,4,08:30,110,E08000008,6,0,6,30,0,-1,-1,0,0,0,1,1,1,0,0,1,1,E01005976,05-10-2018,2,2,1,2,29,6,3,0,0,0,0,-1,9,1
42322,77.30203783,28.67707751,6,3,2,1,5,13:50,110,E08000008,3,635,3,30,3,4,6,0,0,5,1,1,1,0,0,1,1,E01005942,06-10-2018,1,1,1,1,50,8,3,0,0,0,0,-1,9,1
42323,77.16444063,28.68886209,6,2,1,1,7,22:45,110,E08000008,3,6017,6,30,0,-1,-1,0,0,5,4,1,1,0,0,1,1,E01005951,08-10-2018,1,1,1,1,21,5,3,0,0,0,0,-1,19,1
42324,77.28849068,28.60837221,6,3,2,1,7,14:30,110,E08000008,5,0,6,30,3,4,6,0,0,0,1,1,2,0,0,1,1,E01005978,08-10-2018,2,2,1,1,47,8,3,0,0,0,0,-1,9,1
42325,77.05890157,28.61610945,6,3,1,1,5,00:10,110,E08000008,6,0,6,30,3,4,6,0,0,0,4,1,1,0,0,1,1,E01005982,06-10-2018,2,1,2,1,0,1,3,0,0,2,0,-1,9,1
42326,77.20780839,28.57432574,6,3,2,1,2,16:40,110,E08000008,3,57,3,40,0,-1,-1,0,0,0,1,1,1,0,0,2,1,E01005990,10-10-2018,1,1,1,1,21,5,3,0,0,0,0,-1,9,1
42327,77.28529842,28.64563344,6,3,3,3,4,16:35,110,E08000008,3,635,6,30,3,4,6,0,0,0,1,2,2,0,0,1,1,E01006023,12-10-2018,2,2,1,2,34,6,3,0,0,0,0,-1,9,1
42328,77.16559345,28.64422368,6,3,1,2,5,22:20,110,E08000008,3,627,6,30,3,4,6,0,0,0,4,1,2,0,0,1,1,E01006046,06-10-2018,2,3,2,1,10,2,3,0,0,1,0,-1,9,1
42329,77.06207205,28.72675441,6,3,2,1,5,21:05,110,E08000008,5,0,1,30,1,4,5,0,0,0,4,2,2,0,0,1,1,E01005979,06-10-2018,2,4,2,2,2,1,3,0,0,2,0,-1,9,1
42330,77.23797074,28.56389791,6,2,2,2,2,16:54,110,E08000008,3,628,6,30,3,4,6,0,0,0,1,1,1,0,0,1,1,E01006049,10-10-2018,1,1,1,1,60,9,3,0,0,0,0,-1,9,1