Accident_Index,longitude,latitude,Police_Force,Accident_Severity,Number_of_Vehicles,Number_of_Casualties,Day_of_Week,Time,Local_Authority_(District),Local_Authority_(Highway),1st_Road_Class,1st_Road_Number,Road_Type,Speed_limit,Junction_Detail,Junction_Control,2nd_Road_Class,2nd_Road_Number,Pedestrian_Crossing-Human_Control,Pedestrian_Crossing-Physical_Facilities,Light_Conditions,Weather_Conditions,Road_Surface_Conditions,Special_Conditions_at_Site,Carriageway_Hazards,Urban_or_Rural_Area,Did_Police_Officer_Attend_Scene_of_Accident,LSOA_of_Accident_Location,Date,Vehicle_Reference,Casualty_Reference,Casualty_Class,Sex_of_Casualty,Age_of_Casualty,Age_Band_of_Casualty,Casualty_Severity,Pedestrian_Location,Pedestrian_Movement,Car_Passenger,Bus_or_Coach_Passenger,Pedestrian_Road_Maintenance_Worker,Casualty_Type,Casualty_Home_Area_Type
42451,77.27425074,28.66605579,6,3,2,2,4,16:35,110,E08000008,3,6043,6,30,9,2,6,0,0,4,4,8,4,0,0,1,2,E01005948,28-12-2018,2,1,1,2,19,4,3,0,0,0,0,-1,9,1
42452,77.27299992,28.7076518,6,2,3,1,6,22:00,110,E08000008,3,57,6,30,6,2,6,0,0,5,4,2,2,0,0,1,1,E01005974,23-12-2018,2,1,1,1,61,9,3,0,0,0,0,-1,9,1
42453,77.22347819,28.62047739,6,3,2,2,2,10:00,110,E08000008,6,0,6,30,3,4,6,0,0,0,1,1,1,0,0,1,1,E01005980,19-12-2018,2,2,2,2,65,9,3,0,0,1,0,-1,9,1
42454,77.36845387,28.53564571,6,3,1,2,3,16:26,110,E08000008,3,57,6,30,0,-1,-1,0,0,0,1,1,1,0,0,1,2,E01006040,27-12-2018,2,1,2,2,73,10,3,0,0,1,0,-1,9,1
42455,77.14622904,28.67869387,6,3,3,1,4,14:05,110,E08000008,3,635,6,30,7,2,4,6431,0,0,1,1,1,0,0,1,2,E01006066,30-11-2018,1,1,1,1,34,6,3,0,0,0,0,-1,9,1
42456,77.36278101,28.70861535,6,3,2,3,2,15:05,110,E08000008,5,0,6,30,6,4,5,0,0,0,1,1,2,0,0,1,1,E01006033,26-12-2018,1,1,1,2,49,8,3,0,0,0,0,-1,9,1
42457,77.12508347,28.698679,6,3,2,1,5,08:50,110,E08000008,3,635,6,30,9,4,6,0,0,0,1,1,4,0,0,1,1,E01006068,29-12-2018,2,2,1,1,60,9,2,0,0,0,0,-1,19,1
42458,77.21118016,28.72167293,6,3,2,2,7,11:50,110,E08000008,6,0,6,30,3,4,6,0,0,0,1,2,2,6,0,1,1,E01006060,31-12-2018,3,3,1,1,51,8,3,0,0,0,0,-1,9,1
42459,77.20033727,28.54962414,6,3,2,1,7,12:45,110,E08000008,3,635,1,30,1,4,2,627,0,0,1,2,2,0,0,1,1,E01005948,31-12-2018,2,1,2,2,58,9,3,0,0,2,0,-1,9,1
42460,77.27564132,28.56460685,6,3,2,6,2,12:50,110,E08000008,3,6017,6,30,3,2,6,0,0,5,1,1,1,0,0,1,1,E01005971,26-12-2018,1,1,1,2,44,7,2,0,0,0,0,-1,9,1
42461,77.20891576,28.58941635,6,3,3,3,6,11:45,110,E08000008,3,627,6,30,3,4,6,0,0,0,1,1,2,0,0,1,1,E01006014,16-12-2018,1,2,2,1,44,7,3,0,0,1,0,-1,9,1
42462,77.08515135,28.63708084,6,3,1,1,6,21:30,110,E08000008,5,0,6,30,3,4,6,0,0,0,4,9,2,0,0,1,2,E01006025,23-12-2018,1,1,1,1,22,5,3,0,0,0,0,-1,19,-1
42463,77.21232423,28.55605915,6,3,1,1,3,12:25,110,E08000008,6,0,3,30,0,-1,6,0,0,0,1,4,1,0,0,2,1,E01005950,04-01-2018,1,2,2,1,30,6,3,0,0,1,0,-1,19,1
42464,77.13861012,28.61673721,6,3,5,1,4,13:03,110,E08000008,6,0,6,30,3,4,4,6175,-1,0,1,1,1,0,0,1,1,E01006067,05-01-2018,1,1,1,2,20,4,3,0,0,0,0,-1,9,1
42465,77.35683168,28.61002401,6,3,1,1,2,14:55,110,E08000008,3,627,6,30,3,2,4,6170,0,0,1,1,1,0,0,1,2,E01006036,03-01-2018,2,1,1,2,39,7,3,0,0,0,0,-1,9,1
42466,77.26783399,28.66330762,6,3,2,2,2,18:55,110,E08000008,5,0,6,30,3,4,6,0,0,0,4,1,1,0,0,1,1,E01005978,03-01-2018,2,1,1,2,26,6,3,0,0,0,0,-1,9,1
42467,77.07448989,28.5338585,6,3,2,1,1,12:40,110,E08000008,6,0,3,30,6,2,6,0,0,5,1,4,2,0,0,2,1,E01005948,02-01-2018,1,1,1,1,24,5,3,0,0,0,0,-1,5,2
42468,77.37032504,28.62865364,6,3,1,1,6,11:15,110,E08000008,3,627,6,30,6,2,5,0,0,0,1,2,2,0,0,1,1,E01005948,07-01-2018,1,1,1,1,51,8,2,0,0,0,0,-1,20,2
42469,77.25079623,28.6299275,6,2,1,1,3,16:35,110,E08000008,3,6018,6,30,0,-1,-1,0,0,5,4,1,1,0,0,1,1,E01006070,04-01-2018,2,2,1,1,47,8,3,0,0,0,0,-1,21,1
42470,77.35330021,28.68056966,6,3,2,1,7,16:30,110,E08000008,6,0,6,30,9,4,6,0,0,0,4,5,2,0,0,1,1,E01006008,08-01-2018,1,1,1,2,54,8,3,0,0,0,0,-1,9,3
42471,77.27710384,28.71865513,6,3,2,1,3,15:35,110,E08000008,3,6273,6,30,3,4,6,0,0,0,1,1,1,0,0,1,1,E01006008,04-01-2018,1,1,1,1,30,6,3,0,0,0,0,-1,21,-1
42472,77.2187947,28.63921611,6,3,1,1,3,16:35,110,E08000008,3,627,6,30,0,-1,-1,0,0,0,4,1,1,0,0,1,2,E01006014,11-01-2018,2,1,1,2,47,8,3,0,0,0,0,-1,9,1
42473,77.07921586,28.5371659,6,3,2,3,2,20:35,110,E08000008,4,6430,6,30,6,4,6,0,0,0,4,1,1,0,0,1,2,E01005943,10-01-2018,2,1,1,2,50,8,3,0,0,0,0,-1,9,1
42474,77.28481078,28.5668706,6,3,2,1,3,22:05,110,E08000008,3,627,2,30,3,2,4,6170,0,5,4,1,1,0,0,1,1,E01006036,11-01-2018,1,1,1,1,76,11,2,0,0,0,0,-1,9,3
42475,77.11973223,28.59085918,6,3,1,1,5,11:20,110,E08000008,3,6043,6,30,3,2,6,0,0,4,1,1,2,0,0,1,1,E01005948,13-01-2018,1,1,1,1,22,5,3,0,0,0,0,-1,9,1
42476,77.21230481,28.70547814,6,3,2,1,6,13:34,110,E08000008,6,0,6,30,9,-1,6,0,0,0,1,1,2,4,0,1,2,E01005950,14-01-2018,1,3,2,2,35,6,3,0,0,2,0,-1,9,1
42477,77.08380285,28.65261921,6,3,2,1,6,18:15,110,E08000008,5,0,6,30,9,4,6,0,0,0,4,2,2,0,0,1,2,E01006013,14-01-2018,2,2,1,1,48,8,3,0,0,0,0,-1,9,1
42478,77.07436558,28.61849417,6,3,1,1,1,12:50,110,E08000008,6,0,6,30,0,-1,-1,0,0,0,1,1,1,0,0,1,2,E01005975,16-01-2018,2,4,2,1,58,9,2,0,0,2,0,-1,9,-1
42479,77.13821544,28.60743433,6,3,2,1,2,15:55,110,E08000008,6,0,1,30,1,4,5,0,0,0,1,5,2,0,0,1,1,E01005980,17-01-2018,2,5,2,1,52,8,3,0,0,1,0,-1,9,1
42480,77.3269146,28.69908506,6,3,3,3,2,20:50,110,E08000008,4,6194,6,30,6,2,3,670,0,0,4,2,2,0,0,1,1,E01005947,17-01-2018,2,1,1,1,26,6,3,0,0,0,0,-1,9,1
42481,77.14675446,28.68627403,6,3,4,1,2,04:30,110,E08000008,4,6194,6,30,3,4,6,0,0,0,4,1,2,0,0,1,1,E01005938,17-01-2018,1,1,1,2,19,4,3,0,0,0,0,-1,9,1
42482,77.08831789,28.58659378,6,2,1,1,6,22:15,110,E08000008,3,57,6,30,0,-1,-1,0,0,0,4,4,2,0,0,1,1,E01005973,07-01-2018,1,2,2,1,27,6,3,0,0,1,0,-1,9,1
42483,77.19154046,28.71360323,6,3,2,1,5,09:15,110,E08000008,6,0,6,30,9,4,3,662,0,0,1,1,1,0,0,1,2,E01006004,20-01-2018,1,3,2,2,15,3,3,0,0,2,0,-1,9,1
42484,77.19498209,28.72542888,6,2,2,1,4,07:30,110,E08000008,4,6169,6,30,3,2,3,6017,0,4,1,1,2,0,0,1,1,E01005967,19-01-2018,1,1,1,1,27,6,3,0,0,0,0,-1,8,1
42485,77.11699567,28.5682733,6,3,2,1,3,17:45,110,E08000008,3,670,6,30,9,4,6,0,0,0,4,2,2,0,0,1,2,E01005947,25-01-2018,1,3,2,2,61,9,3,0,0,2,0,-1,8,3
42486,77.27316316,28.71046144,6,3,2,2,2,17:13,110,E08000008,3,6017,6,30,9,4,6,0,0,4,4,1,2,0,0,1,1,E01005951,17-01-2018,1,4,2,2,61,9,3,0,0,2,0,-1,8,3
42487,77.0626069,28.67384018,6,3,2,2,4,20:25,110,E08000008,3,662,6,30,3,4,6,0,0,0,4,4,2,0,0,1,2,E01005998,19-01-2018,2,2,1,2,38,7,3,0,0,0,0,-1,9,1
42488,77.16576297,28.59224833,6,2,2,1,4,16:45,110,E08000008,3,627,6,30,0,-1,-1,0,0,0,1,5,2,0,0,1,2,E01006031,19-01-2018,2,1,2,2,68,10,3,0,0,1,0,-1,9,1
42489,77.18849647,28.54696737,6,3,2,1,5,20:50,110,E08000008,6,0,6,30,6,2,3,6140,0,0,4,2,2,0,0,2,1,E01005948,20-01-2018,2,1,2,1,24,5,3,0,0,1,0,-1,9,-1
42490,77.26432887,28.58260739,6,3,2,2,5,19:00,110,E08000008,3,57,6,30,6,2,3,627,0,0,4,5,1,0,0,1,1,E01006028,20-01-2018,1,1,1,1,65,9,3,0,0,0,0,-1,9,1
42491,77.06981684,28.60244094,6,1,1,1,4,11:55,110,E08000008,3,560,6,30,3,4,6,0,0,0,1,1,1,0,0,1,1,E01006042,26-01-2018,1,2,2,1,43,7,3,0,0,1,0,-1,9,1
42492,77.21086752,28.54962113,6,3,2,1,6,06:20,110,E08000008,6,0,6,30,3,4,6,0,0,0,4,1,2,0,0,1,1,E01006011,21-01-2018,1,3,2,1,17,4,3,0,0,2,0,-1,9,1
42493,77.26413877,28.68810326,6,3,2,2,6,14:30,110,E08000008,5,0,6,30,9,4,6,0,0,0,1,1,1,0,0,1,1,E01005998,21-01-2018,2,1,1,1,40,7,2,0,0,0,0,-1,9,1
42494,77.30729644,28.54354261,6,3,2,3,6,23:59,110,E08000008,6,0,6,30,0,-1,-1,0,0,0,4,1,1,0,0,1,1,E01005936,21-01-2018,2,1,1,2,44,7,3,0,0,0,0,-1,9,1
42495,77.34109453,28.59321387,6,3,2,1,1,09:50,110,E08000008,5,0,6,30,3,4,6,0,0,0,1,1,4,0,0,1,1,E01005940,23-01-2018,1,1,1,1,71,10,3,0,0,0,0,-1,9,1
42496,77.34212498,28.53389381,6,3,2,1,1,15:00,110,E08000008,6,0,3,30,0,-1,-1,0,0,0,1,1,1,0,0,1,2,E01005951,23-01-2018,2,2,1,2,45,7,2,0,0,0,0,-1,9,1
42497,77.26260603,28.59067627,6,3,2,1,2,14:50,110,E08000008,6,0,6,30,9,4,6,0,0,0,1,1,1,0,0,1,1,E01005975,24-01-2018,3,3,1,1,49,8,3,0,0,0,0,-1,20,1
42498,77.23236008,28.71385451,6,3,1,1,2,14:15,110,E08000008,6,0,6,30,3,4,6,0,0,0,1,1,1,0,0,1,1,E01006028,24-01-2018,4,4,1,1,30,6,3,0,0,0,0,-1,19,1
42499,77.09928584,28.54207714,6,3,2,1,2,17:15,110,E08000008,3,635,6,30,9,4,6,0,0,0,4,1,1,0,0,1,2,E01006063,24-01-2018,5,5,1,1,32,6,3,0,0,0,0,-1,9,3
42500,77.23259582,28.55512283,6,3,2,2,3,15:30,110,E08000008,4,6175,9,30,9,4,6,0,0,0,1,9,1,0,0,2,1,E01006056,25-01-2018,1,1,1,1,39,7,2,0,0,0,0,-1,3,1
42501,77.34364814,28.65184374,6,3,2,1,3,07:40,110,E08000008,5,0,6,30,3,4,6,0,0,0,4,1,1,0,0,1,2,E01005949,25-01-2018,1,2,2,2,25,5,2,0,0,2,0,-1,3,1
42502,77.07381033,28.61671013,6,3,2,1,3,08:18,110,E08000008,3,6017,6,30,3,4,6,0,0,0,1,1,1,0,0,1,1,E01005953,25-01-2018,1,1,2,2,18,4,3,0,0,1,0,-1,9,1
42503,77.11066998,28.62365425,6,3,1,2,5,15:10,110,E08000008,4,6445,6,30,0,-1,-1,0,0,0,1,1,2,0,0,1,1,E01006023,27-01-2018,1,2,2,2,18,4,3,0,0,1,0,-1,9,1
42504,77.25491001,28.55346959,6,3,1,1,6,08:05,110,E08000008,5,0,6,30,6,2,5,0,0,5,1,1,1,0,0,1,1,E01006032,28-01-2018,1,3,2,1,17,4,3,0,0,1,0,-1,9,1
42505,77.33078151,28.67940369,6,3,1,1,7,11:05,110,E08000008,5,0,6,30,0,-1,-1,0,0,0,1,1,1,0,0,1,1,E01006013,29-01-2018,2,4,2,1,17,4,3,0,0,1,0,-1,9,1
42506,77.05897792,28.71603989,6,3,3,3,1,22:50,110,E08000008,3,6017,6,30,6,2,3,57,0,5,4,1,1,0,0,1,1,E01005974,30-01-2018,1,1,1,1,20,4,3,0,0,0,0,-1,9,1
42507,77.36170078,28.55674172,6,3,2,2,2,19:49,110,E08000008,3,57,6,30,3,2,3,57,0,0,4,1,2,0,0,1,1,E01006028,31-01-2018,1,5,2,2,21,5,3,0,0,1,0,-1,9,1
42508,77.32746824,28.57931446,6,3,2,1,2,16:40,110,E08000008,3,670,6,30,3,2,6,0,0,5,4,1,2,0,0,1,2,E01005948,31-01-2018,2,2,1,1,18,4,3,0,0,0,0,-1,9,1
42509,77.16661077,28.63519101,6,3,4,1,3,21:20,110,E08000008,3,6017,6,30,7,2,6,0,0,5,4,1,1,0,0,1,1,E01005974,01-02-2018,2,4,2,2,15,3,3,0,0,1,0,-1,9,1
42510,77.11368074,28.54537034,6,3,2,1,3,16:35,110,E08000008,4,6194,1,30,1,4,6,0,0,0,1,1,1,0,0,1,1,E01005948,01-02-2018,3,3,1,1,25,5,3,0,0,0,0,-1,9,1
42511,77.08578849,28.71098454,6,3,2,1,3,16:20,110,E08000008,4,6170,6,30,3,4,5,0,0,0,1,2,2,0,0,1,2,E01006016,11-01-2018,4,6,2,2,6,2,3,0,0,1,0,-1,19,1
42512,77.30513891,28.61799402,6,3,4,1,7,20:32,110,E08000008,5,0,6,30,0,-1,-1,0,0,0,4,1,1,0,0,1,1,E01005955,29-01-2018,2,1,1,1,52,8,3,0,0,0,0,-1,9,1
42513,77.1533757,28.71110522,6,3,2,1,5,14:45,110,E08000008,6,0,6,30,3,4,6,0,0,0,1,1,1,3,0,1,2,E01005948,27-01-2018,2,1,1,2,21,5,3,0,0,0,0,-1,9,1
42514,77.32449073,28.54304239,6,2,1,1,5,08:05,110,E08000008,5,0,6,30,3,4,6,0,1,1,1,2,2,0,0,1,2,E01005979,03-02-2018,2,1,2,2,64,9,3,0,0,1,0,-1,9,2
42515,77.09165693,28.60591527,6,2,1,1,6,13:00,110,E08000008,3,670,6,30,3,4,4,6194,0,8,1,1,1,0,0,1,1,E01005941,04-02-2018,1,1,1,1,63,9,3,0,0,0,0,-1,9,1
42516,77.30471248,28.59779092,6,3,1,1,6,22:30,110,E08000008,3,670,6,30,3,2,6,0,0,4,4,1,1,0,0,1,1,E01005948,04-02-2018,1,1,1,1,30,6,3,0,0,0,0,-1,21,3
42517,77.12372362,28.66822504,6,3,2,1,3,07:30,110,E08000008,4,6170,6,30,6,2,6,0,0,0,1,1,1,0,0,1,1,E01005948,08-02-2018,1,1,1,2,20,4,3,0,0,0,0,-1,9,2
42518,77.28532601,28.68243492,6,3,2,1,3,12:30,110,E08000008,3,662,6,30,3,4,5,0,0,0,1,1,1,0,0,1,2,E01006000,08-02-2018,2,2,1,1,43,7,3,0,0,0,0,-1,9,-1
42519,77.09928432,28.64114892,6,3,2,1,4,10:00,110,E08000008,5,0,1,30,1,4,5,0,0,0,1,1,1,0,0,1,1,E01005979,09-02-2018,3,3,1,2,45,7,3,0,0,0,0,-1,9,1
42520,77.35686257,28.70546159,6,3,4,1,6,21:40,110,E08000008,6,0,9,30,3,4,6,0,0,0,4,1,2,0,0,1,1,E01005983,11-02-2018,4,4,1,1,36,7,3,0,0,0,0,-1,9,1
42521,77.24813795,28.71877493,6,3,1,1,6,17:30,110,E08000008,3,6017,6,30,3,2,6,0,0,5,4,2,2,0,0,1,1,E01005974,11-02-2018,5,5,1,1,55,8,3,0,0,0,0,-1,9,1
42522,77.11635807,28.5834647,6,3,2,1,6,19:58,110,E08000008,3,670,6,40,0,-1,-1,0,0,0,4,2,2,0,0,2,1,E01005937,11-02-2018,6,6,1,1,28,6,3,0,0,0,0,-1,21,1
42523,77.11180004,28.63760982,6,2,2,1,7,23:50,110,E08000008,5,0,6,30,0,-1,-1,0,0,0,4,2,2,0,0,1,1,E01006013,12-02-2018,1,1,1,2,37,7,3,0,0,0,0,-1,9,1
42524,77.15851481,28.54936564,6,3,1,1,6,19:00,110,E08000008,3,57,6,30,3,4,6,0,0,0,4,5,2,0,0,1,1,E01006029,11-02-2018,1,1,1,2,21,5,3,0,0,0,0,-1,9,1
42525,77.18742763,28.59634383,6,3,2,1,7,12:35,110,E08000008,3,662,6,30,6,2,5,0,0,5,1,1,1,0,0,1,1,E01006003,12-02-2018,2,1,2,2,31,6,3,0,0,2,0,-1,9,1
42526,77.15384394,28.59515487,6,3,1,1,2,12:20,110,E08000008,5,0,6,30,3,4,6,0,0,0,1,1,1,4,0,1,2,E01006035,14-02-2018,1,1,1,1,20,4,1,0,0,0,0,-1,9,1
42527,77.28275168,28.53289839,6,3,3,3,2,14:50,110,E08000008,4,6175,6,30,3,4,6,0,0,0,1,1,1,0,0,1,2,E01006023,14-02-2018,1,1,1,1,45,7,3,0,0,0,0,-1,9,1
42528,77.15539565,28.66088889,6,3,2,2,3,09:00,110,E08000008,6,0,6,30,3,4,6,0,0,0,1,1,1,0,0,1,2,E01005939,15-02-2018,1,4,2,2,41,7,3,0,0,1,0,-1,9,1
42529,77.32267918,28.68635138,6,3,2,1,7,18:50,110,E08000008,6,0,6,30,0,-1,-1,0,0,0,4,1,1,0,0,1,2,E01006030,19-02-2018,2,2,1,2,24,5,3,0,0,0,0,-1,9,1
42530,77.22082682,28.54724787,6,3,2,2,7,09:35,110,E08000008,5,0,6,30,3,4,6,0,0,0,1,1,1,0,0,1,2,E01005971,19-02-2018,3,3,1,1,45,7,3,0,0,0,0,-1,9,1
42531,77.32326435,28.53357823,6,3,2,2,6,16:01,110,E08000008,3,627,6,30,6,4,6,0,0,0,1,1,2,0,0,1,2,E01006036,11-02-2018,3,5,2,2,41,7,3,0,0,1,0,-1,9,1
42532,77.26170418,28.58369482,6,3,2,2,7,15:51,110,E08000008,3,6043,6,30,0,-1,-1,0,0,0,1,1,1,0,0,1,1,E01005948,19-02-2018,3,6,2,2,7,2,3,0,0,1,0,-1,9,1
42533,77.23969875,28.64403862,6,3,2,1,1,09:55,110,E08000008,5,0,6,30,3,4,6,0,0,0,1,1,1,0,0,1,2,E01006028,20-02-2018,3,7,2,2,9,2,3,0,0,1,0,-1,9,1
42534,77.13261391,28.6899693,6,3,1,1,5,15:16,110,E08000008,3,6017,6,30,0,-1,-1,0,0,4,1,1,2,0,0,1,1,E01005972,24-02-2018,1,1,1,1,68,10,3,0,0,0,0,-1,9,1
42535,77.14906474,28.54401707,6,3,1,1,3,16:35,110,E08000008,6,0,6,30,3,4,6,0,0,0,1,1,1,0,0,1,1,E01005950,22-02-2018,2,2,2,2,55,8,3,0,0,1,0,-1,9,1
42536,77.06148298,28.69648252,6,3,2,1,5,19:45,110,E08000008,4,6170,6,30,3,4,4,6175,0,0,4,1,1,0,0,1,2,E01006033,17-02-2018,2,1,1,2,58,9,3,0,0,0,0,-1,9,1
42537,77.33422048,28.70391917,6,3,2,1,2,14:14,110,E08000008,3,57,6,30,3,4,6,0,0,0,1,1,1,0,0,2,1,E01006024,21-02-2018,1,1,1,1,22,5,3,0,0,0,0,-1,5,1
42538,77.16642922,28.65130156,6,3,2,2,4,07:50,110,E08000008,4,6175,6,30,3,4,6,0,0,0,1,1,4,0,0,1,1,E01006067,16-02-2018,1,1,1,1,38,7,1,0,0,0,0,-1,5,1
42539,77.27489292,28.69304008,6,3,2,1,3,19:00,110,E08000008,5,0,6,30,3,4,6,0,0,0,4,3,2,0,0,1,1,E01006007,22-02-2018,2,2,1,1,34,6,3,0,0,0,0,-1,21,1
42540,77.13303074,28.67165381,6,2,1,1,4,17:54,110,E08000008,5,0,6,30,3,4,6,0,-1,0,4,3,4,0,0,1,1,E01006004,23-02-2018,3,1,1,1,45,7,3,0,0,0,0,-1,9,1
42541,77.31736132,28.56116343,6,3,3,1,6,20:30,110,E08000008,3,635,3,30,3,2,6,0,0,4,4,2,2,0,0,1,1,E01006066,25-02-2018,2,1,1,1,25,5,3,0,0,0,0,-1,9,1
42542,77.11593294,28.65516778,6,2,1,1,2,08:20,110,E08000008,3,6017,6,30,3,4,6,0,0,4,1,3,2,0,0,1,1,E01005966,28-02-2018,1,1,1,1,28,6,3,0,0,0,0,-1,9,1
42543,77.21538914,28.56676727,6,3,2,1,5,17:00,110,E08000008,3,662,6,30,6,2,5,0,0,0,4,8,3,0,0,1,2,E01006000,24-02-2018,1,1,1,2,19,4,3,0,0,0,0,-1,9,3
42544,77.29231229,28.6080768,6,3,1,1,7,18:30,110,E08000008,3,635,6,30,6,2,4,6390,0,4,1,1,1,0,0,1,2,E01005961,26-02-2018,2,1,1,2,27,6,3,0,0,0,0,-1,9,1
42545,77.27069984,28.69272585,6,3,2,1,4,08:25,110,E08000008,6,0,6,30,6,2,3,627,0,1,1,3,3,0,0,1,1,E01006046,23-02-2018,3,1,1,1,27,6,3,0,0,0,0,-1,9,1
42546,77.35505228,28.67268578,6,3,1,1,5,11:55,110,E08000008,3,57,6,30,7,2,6,0,0,0,1,3,2,0,0,1,1,E01006028,24-02-2018,2,1,1,1,31,6,3,0,0,0,0,-1,9,1
42547,77.3028397,28.55994407,6,3,2,1,2,10:15,110,E08000008,6,0,6,30,3,4,6,0,0,0,1,3,3,0,0,1,2,E01006071,28-02-2018,1,1,1,1,65,9,2,0,0,0,0,-1,9,1
42548,77.14903477,28.59985795,6,3,1,1,3,08:45,110,E08000008,6,0,6,30,9,4,6,0,0,0,1,1,2,0,0,1,1,E01005971,01-03-2018,2,1,1,1,22,5,3,0,0,0,0,-1,9,2
42549,77.06029594,28.59337997,6,3,3,1,2,15:30,110,E08000008,5,0,6,30,3,4,6,0,0,0,1,3,2,0,0,1,1,E01006034,21-02-2018,1,1,1,2,25,5,3,0,0,0,0,-1,9,1
42550,77.24041539,28.57809328,6,3,4,1,6,19:15,110,E08000008,3,560,6,30,3,4,6,0,0,0,4,1,4,0,0,1,1,E01006046,25-02-2018,2,1,2,2,32,6,3,0,0,2,0,-1,9,1
42551,77.35400832,28.67217494,6,3,2,1,4,07:40,110,E08000008,6,0,6,30,3,4,6,0,0,0,1,1,2,0,0,1,1,E01005976,02-03-2018,2,2,2,1,1,1,3,0,0,2,0,-1,9,1
42552,77.14584685,28.61097421,6,2,2,1,1,15:30,110,E08000008,6,0,6,30,6,4,6,0,0,0,1,1,1,0,0,1,1,E01005951,27-02-2018,2,1,1,2,27,6,3,0,0,0,0,-1,9,1
42553,77.34431979,28.64479945,6,3,2,1,1,14:25,110,E08000008,6,0,6,30,3,4,6,0,0,0,1,1,1,0,0,1,1,E01005984,06-03-2018,1,1,1,2,35,6,3,0,0,0,0,-1,9,1
42554,77.14472621,28.6939387,6,3,4,1,4,19:20,110,E08000008,6,0,6,30,6,4,6,0,0,0,4,1,1,0,0,1,1,E01005948,02-03-2018,1,2,2,1,13,3,3,0,0,2,0,-1,9,1
42555,77.1107686,28.60829885,6,3,2,2,1,12:00,110,E08000008,3,6018,6,30,3,2,3,635,0,0,1,1,1,0,0,1,1,E01006060,06-03-2018,1,3,2,1,15,3,3,0,0,2,0,-1,9,1
42556,77.33620426,28.65914607,6,3,1,1,5,22:50,110,E08000008,6,0,6,30,3,4,6,0,0,0,4,1,2,0,0,1,1,E01006066,03-03-2018,2,1,1,1,43,7,3,0,0,0,0,-1,9,-1
42557,77.19193067,28.5529355,6,3,2,1,5,20:30,110,E08000008,4,6170,6,30,9,2,4,6170,0,5,4,3,3,0,0,1,1,E01006033,24-02-2018,2,2,2,2,42,7,3,0,0,1,0,-1,9,1
42558,77.17076367,28.67951409,6,3,2,1,2,09:05,110,E08000008,3,6017,6,30,9,4,6,0,0,4,1,1,1,0,0,1,2,E01005952,07-03-2018,2,1,1,2,46,8,3,0,0,0,0,-1,9,2
42559,77.16121168,28.67411945,6,2,1,1,7,21:45,110,E08000008,3,635,6,30,0,-1,6,0,0,4,4,1,2,0,0,1,1,E01005943,05-03-2018,4,2,1,2,44,7,3,0,0,0,0,-1,9,1
42560,77.27431384,28.661277,6,3,2,1,5,09:45,110,E08000008,3,57,1,30,1,4,1,67,0,0,1,3,2,0,0,2,2,E01006052,03-03-2018,1,1,1,2,20,4,3,0,0,0,0,-1,9,2
42561,77.23625074,28.57087251,6,2,2,2,6,14:00,110,E08000008,6,0,6,30,9,4,5,0,0,0,1,1,1,0,0,1,2,E01006033,11-03-2018,3,1,1,1,46,8,3,0,0,0,0,-1,9,1
42562,77.36157039,28.6831843,6,3,1,1,5,12:20,110,E08000008,6,0,2,30,0,-1,-1,0,0,0,1,1,1,0,0,1,1,E01005948,10-03-2018,3,2,2,2,43,7,3,0,0,1,0,-1,9,2
42563,77.11957909,28.65233758,6,3,2,2,2,21:25,110,E08000008,5,0,6,30,6,4,5,0,0,0,4,1,1,0,0,1,1,E01006033,07-03-2018,1,1,1,1,21,5,3,0,0,0,0,-1,9,1
42564,77.33764872,28.7032379,6,3,1,2,5,08:00,110,E08000008,6,0,2,30,6,4,6,0,0,0,1,1,1,0,0,1,2,E01006068,10-03-2018,1,2,2,1,26,6,3,0,0,1,0,-1,9,-1
42565,77.16201686,28.64367913,6,2,2,2,1,14:21,110,E08000008,6,0,6,30,0,-1,-1,0,0,0,1,1,1,0,0,1,1,E01006073,13-03-2018,1,3,2,1,20,4,3,0,0,2,0,-1,9,1
42566,77.32830692,28.71461774,6,3,2,2,7,14:00,110,E08000008,4,6174,6,30,0,-1,-1,0,0,0,1,1,1,0,0,1,1,E01006048,12-03-2018,1,4,2,1,19,4,3,0,0,2,0,-1,9,1
42567,77.23727216,28.62491049,6,3,2,1,4,08:24,110,E08000008,3,635,6,30,9,4,6,0,0,0,1,1,1,0,0,1,1,E01005969,16-03-2018,1,1,1,2,34,6,3,0,0,0,0,-1,9,1
42568,77.06387361,28.70231276,6,3,1,1,4,09:00,110,E08000008,4,6194,6,30,7,2,5,0,0,5,1,1,1,0,0,1,1,E01005938,16-03-2018,1,1,1,1,55,8,3,0,0,0,0,-1,9,3
42569,77.34184254,28.60113723,6,3,2,1,7,11:00,110,E08000008,3,627,3,30,0,-1,-1,0,0,0,1,1,1,4,0,1,2,E01005948,19-03-2018,1,1,1,1,19,4,3,0,0,0,0,-1,4,1
42570,77.35857768,28.59805372,6,3,1,1,6,18:13,110,E08000008,5,0,6,30,3,4,6,0,0,0,4,1,1,0,0,1,1,E01006036,11-03-2018,2,1,1,2,24,5,3,0,0,0,0,-1,9,1
42571,77.17644141,28.61186191,6,3,2,1,6,13:00,110,E08000008,6,0,6,30,3,4,6,0,0,0,1,1,1,0,0,1,1,E01005948,18-03-2018,1,1,1,1,50,8,3,0,0,0,0,-1,9,-1