Accident_Index,longitude,latitude,Police_Force,Accident_Severity,Number_of_Vehicles,Number_of_Casualties,Day_of_Week,Time,Local_Authority_(District),Local_Authority_(Highway),1st_Road_Class,1st_Road_Number,Road_Type,Speed_limit,Junction_Detail,Junction_Control,2nd_Road_Class,2nd_Road_Number,Pedestrian_Crossing-Human_Control,Pedestrian_Crossing-Physical_Facilities,Light_Conditions,Weather_Conditions,Road_Surface_Conditions,Special_Conditions_at_Site,Carriageway_Hazards,Urban_or_Rural_Area,Did_Police_Officer_Attend_Scene_of_Accident,LSOA_of_Accident_Location,Date,Vehicle_Reference,Casualty_Reference,Casualty_Class,Sex_of_Casualty,Age_of_Casualty,Age_Band_of_Casualty,Casualty_Severity,Pedestrian_Location,Pedestrian_Movement,Car_Passenger,Bus_or_Coach_Passenger,Pedestrian_Road_Maintenance_Worker,Casualty_Type,Casualty_Home_Area_Type
42572,77.09410933,28.579309,6,3,2,1,4,23:40,110,E08000008,4,6170,6,30,0,-1,-1,0,0,0,4,1,1,0,0,1,1,E01006013,23-03-2018,1,3,2,2,81,11,3,0,0,2,0,-1,9,-1
42573,77.31638764,28.67674609,6,3,2,1,3,06:30,110,E08000008,4,6173,6,30,3,2,3,6018,0,0,1,1,1,0,0,1,2,E01006068,22-03-2018,2,2,1,1,55,8,3,0,0,0,0,-1,9,3
42574,77.1618326,28.5591189,6,3,2,1,7,16:40,110,E08000008,3,627,6,30,3,4,6,0,0,0,1,1,1,0,0,1,2,E01006029,19-03-2018,3,1,1,1,34,6,3,0,0,0,0,-1,9,-1
42575,77.26377541,28.62899667,6,3,2,1,1,09:30,110,E08000008,6,0,6,30,3,4,3,627,0,0,1,1,1,0,0,1,2,E01005958,20-03-2018,2,1,1,1,28,6,3,0,0,0,0,-1,9,3
42576,77.15549658,28.61762165,6,3,2,1,3,10:43,110,E08000008,4,6175,6,30,6,2,6,0,0,0,1,1,1,0,0,1,1,E01006023,15-03-2018,2,2,2,2,38,7,3,0,0,1,0,-1,9,3
42577,77.29659966,28.55867891,6,3,1,1,6,10:05,110,E08000008,6,0,2,30,9,4,6,0,0,0,4,1,1,0,0,1,2,E01005948,25-03-2018,1,2,2,2,50,8,3,0,0,1,0,-1,9,1
42578,77.22536534,28.62621937,6,2,2,1,2,20:55,110,E08000008,3,627,6,30,9,4,6,0,0,0,4,1,1,0,0,2,1,E01005954,28-03-2018,2,1,1,2,49,8,3,0,0,0,0,-1,9,2
42579,77.12484309,28.60952623,6,3,1,1,3,14:35,110,E08000008,6,0,6,30,3,2,3,57,0,0,1,1,1,0,0,1,2,E01005971,29-03-2018,1,1,1,1,32,6,2,0,0,0,0,-1,21,1
42580,77.32127267,28.53300138,6,3,2,1,5,10:10,110,E08000008,3,57,6,30,6,2,3,628,0,0,1,1,1,0,0,1,1,E01006049,17-03-2018,2,1,1,1,46,8,3,0,0,0,0,-1,9,1
42581,77.2105421,28.70010157,6,3,2,1,3,16:50,110,E08000008,3,627,6,30,3,4,6,0,0,4,1,1,2,0,0,1,1,E01006040,29-03-2018,2,2,2,2,33,6,3,0,0,1,0,-1,9,1
42582,77.31076704,28.6430334,6,3,1,1,3,20:10,110,E08000008,3,670,6,30,0,-1,-1,0,0,0,4,1,1,0,0,1,2,E01005947,22-03-2018,2,1,1,1,44,7,3,0,0,0,0,-1,9,1
42583,77.18666407,28.72489754,6,3,1,1,3,15:25,110,E08000008,6,0,6,30,3,4,6,0,0,0,1,1,1,0,0,1,1,E01005967,29-03-2018,2,1,1,1,-1,-1,3,0,0,0,0,-1,21,1
42584,77.22259399,28.61402649,6,3,2,1,7,11:30,110,E08000008,6,0,9,30,9,4,6,0,0,0,1,1,1,0,0,1,2,E01005948,26-03-2018,3,2,1,1,84,11,3,0,0,0,0,-1,9,-1
42585,77.32995213,28.66051049,6,3,2,2,3,15:20,110,E08000008,6,0,6,30,0,-1,-1,0,0,0,1,1,1,0,0,1,2,E01006020,29-03-2018,1,1,1,1,18,4,3,0,0,0,0,-1,9,1
42586,77.10597157,28.64220044,6,3,1,1,5,05:40,110,E08000008,3,6017,6,30,0,-1,-1,0,0,0,1,1,1,0,0,1,1,E01005982,31-03-2018,2,2,1,1,21,5,3,0,0,0,0,-1,9,1
42587,77.15417705,28.70489815,6,3,1,1,2,16:00,110,E08000008,6,0,6,30,3,4,6,0,0,0,1,1,1,0,0,1,1,E01005986,28-03-2018,1,1,1,1,24,5,2,0,0,0,0,-1,21,-1
42588,77.24431704,28.56228043,6,3,2,1,1,18:15,110,E08000008,3,57,6,30,9,4,6,0,0,4,4,8,2,0,0,1,2,E01005974,06-03-2018,3,2,1,1,61,9,2,0,0,0,0,-1,19,3
42589,77.14878351,28.54483967,6,3,2,4,1,12:19,109,E08000007,3,6017,3,50,7,2,1,60,0,0,1,1,1,0,0,2,1,E01005757,03-04-2018,3,4,2,2,61,9,2,0,0,1,0,-1,19,-1
42590,77.19640599,28.67480349,6,3,3,2,7,12:15,109,E08000007,3,626,6,30,0,-1,-1,0,0,0,1,1,1,0,0,1,1,E01005866,02-04-2018,4,3,1,1,31,6,3,0,0,0,0,-1,21,-1
42591,77.33873308,28.64821681,6,3,2,1,4,02:16,109,E08000007,6,0,6,30,0,-1,-1,0,0,0,4,2,2,0,0,1,1,E01005756,06-04-2018,1,1,1,1,21,5,3,0,0,0,0,-1,9,1
42592,77.14720894,28.59479295,6,3,1,1,6,17:15,109,E08000007,5,0,9,30,9,4,6,0,0,0,1,1,1,0,0,1,2,E01005766,01-04-2018,1,2,2,2,18,4,3,0,0,1,0,-1,9,1
42593,77.26006245,28.62521523,6,3,1,1,5,08:25,109,E08000007,3,6017,6,30,9,4,3,560,0,0,1,1,2,0,0,1,2,E01005743,07-04-2018,1,1,1,1,18,4,3,0,0,0,0,-1,9,1
42594,77.07762537,28.71991951,6,2,2,2,5,17:56,109,E08000007,3,626,3,40,6,2,6,0,0,8,1,1,1,0,0,1,1,E01005757,07-04-2018,1,2,2,1,18,4,3,0,0,1,0,-1,9,1
42595,77.33911859,28.64512909,6,2,1,1,5,12:25,109,E08000007,6,0,6,30,3,4,6,0,0,0,1,1,1,0,0,1,1,E01005789,07-04-2018,1,3,2,1,17,4,2,0,0,2,0,-1,9,-1
42596,77.31317865,28.72293524,6,3,1,1,5,13:30,109,E08000007,6,0,6,30,9,4,6,0,0,0,1,2,2,0,0,1,1,E01005770,07-04-2018,1,4,2,1,17,4,3,0,0,2,0,-1,9,1
42597,77.34866015,28.56384194,6,3,2,1,6,08:25,109,E08000007,3,5149,6,30,3,4,6,0,0,0,1,1,1,0,0,1,1,E01005773,08-04-2018,1,5,2,1,16,4,3,0,0,2,0,-1,9,1
42598,77.34790829,28.68109951,6,3,1,1,6,14:50,109,E08000007,6,0,6,40,3,4,6,0,0,4,1,1,1,0,0,1,1,E01005917,08-04-2018,1,1,1,2,21,5,3,0,0,0,0,-1,9,1
42599,77.28872808,28.63525708,6,3,2,1,6,15:30,109,E08000007,3,560,6,30,9,2,6,0,0,4,1,1,1,0,6,1,1,E01005758,08-04-2018,1,1,1,2,19,4,3,0,0,0,0,-1,9,2
42600,77.22436453,28.65886739,6,3,2,1,4,12:50,109,E08000007,6,0,9,30,9,4,-1,-1,0,0,1,1,1,0,0,1,2,E01005887,06-04-2018,2,2,1,1,57,9,3,0,0,0,0,-1,9,3
42601,77.21832195,28.60072293,6,3,1,1,1,22:45,109,E08000007,3,5143,6,30,7,2,3,523,0,0,4,1,1,0,0,1,2,E01005805,10-04-2018,1,1,1,1,42,7,3,0,0,0,0,-1,21,1
42602,77.2346771,28.66434274,6,3,2,1,1,23:40,109,E08000007,3,560,1,30,1,2,3,626,0,4,4,1,1,0,0,1,1,E01005758,10-04-2018,1,1,2,2,23,5,3,0,0,1,0,-1,9,1
42603,77.27566904,28.54427886,6,3,1,1,3,15:23,109,E08000007,5,0,6,30,3,4,5,0,1,1,1,4,1,0,0,1,1,E01005876,12-04-2018,1,2,2,1,20,4,3,0,0,2,0,-1,9,1
42604,77.24173659,28.64124702,6,3,2,1,2,15:50,109,E08000007,3,6,6,30,7,4,6,0,0,0,1,1,1,0,0,1,1,E01005801,11-04-2018,1,3,2,2,25,5,3,0,0,2,0,-1,9,1
42605,77.3249199,28.70823487,6,3,3,2,5,11:55,109,E08000007,6,0,6,30,3,4,6,0,0,0,1,2,2,0,0,1,1,E01005808,14-04-2018,1,1,1,1,50,8,3,0,0,0,0,-1,11,1
42606,77.15471956,28.58607093,6,3,1,1,5,15:15,109,E08000007,3,627,6,30,0,-1,-1,0,0,0,1,1,1,0,0,1,1,E01005752,14-04-2018,1,2,2,2,65,9,3,0,0,0,4,-1,11,1
42607,77.36213767,28.61961681,6,3,2,1,7,12:06,109,E08000007,6,0,3,30,7,2,5,0,0,0,1,8,2,0,0,1,1,E01005766,09-04-2018,2,1,2,2,45,7,3,0,0,1,0,-1,9,1
42608,77.14090029,28.53835866,6,3,2,1,2,10:30,109,E08000007,6,0,6,30,0,-1,-1,0,0,0,1,1,1,0,2,1,1,E01005788,11-04-2018,2,1,1,2,41,7,3,0,0,0,0,-1,9,1
42609,77.1500392,28.54034923,6,3,2,1,3,09:11,109,E08000007,6,0,6,30,3,4,6,0,0,0,1,1,2,0,0,1,1,E01005779,12-04-2018,6,2,1,1,23,5,3,0,0,0,0,-1,9,1
42610,77.35533621,28.56920187,6,3,2,1,3,07:44,109,E08000007,6,0,6,30,3,4,3,626,0,0,1,2,2,0,0,1,1,E01005835,12-04-2018,6,4,2,1,46,8,3,0,0,1,0,-1,9,1
42611,77.14872916,28.5694371,6,3,2,4,4,23:20,109,E08000007,3,626,6,40,6,2,6,0,0,5,4,2,2,0,0,1,1,E01005757,13-04-2018,7,3,1,1,25,5,3,0,0,0,0,-1,9,1
42612,77.11985889,28.65149082,6,3,1,1,4,18:05,109,E08000007,3,6,6,30,3,4,6,0,0,0,1,1,1,0,0,1,1,E01005841,13-04-2018,1,1,1,1,25,5,3,0,0,0,0,-1,9,1
42613,77.27605503,28.65572547,6,3,1,1,5,20:00,109,E08000007,6,0,6,30,9,4,6,0,0,0,1,1,1,0,0,2,2,E01005905,14-04-2018,2,1,1,1,58,9,3,0,0,0,0,-1,21,1
42614,77.33792174,28.58221124,6,3,2,2,5,16:50,109,E08000007,3,560,3,30,9,4,6,0,0,0,1,1,1,0,0,1,2,E01005819,14-04-2018,3,2,1,1,35,6,3,0,0,0,0,-1,21,2
42615,77.14826125,28.69062434,6,3,2,1,2,12:25,109,E08000007,3,34,3,40,5,4,1,60,0,0,1,1,1,0,0,1,1,E01005768,04-04-2018,1,1,1,1,33,6,2,0,0,0,0,-1,9,1
42616,77.10323482,28.65790797,6,2,1,1,6,06:50,109,E08000007,5,0,6,30,0,-1,-1,0,0,0,4,1,2,0,0,1,2,E01005782,15-04-2018,2,2,1,1,24,5,3,0,0,0,0,-1,9,-1
42617,77.35527998,28.62485913,6,3,2,1,7,16:15,109,E08000007,3,560,6,30,3,4,6,0,0,8,1,1,1,0,0,1,1,E01005758,16-04-2018,2,3,2,1,23,5,3,0,0,1,0,-1,9,1
42618,77.22328102,28.59101946,6,3,2,1,1,17:55,109,E08000007,3,6,6,30,3,4,6,0,0,4,1,2,2,0,0,1,1,E01005830,17-04-2018,2,1,1,2,46,8,3,0,0,0,0,-1,9,1
42619,77.12618869,28.58690185,6,3,3,2,1,14:55,109,E08000007,4,5166,6,30,3,4,6,0,0,0,1,2,2,0,0,1,1,E01005851,17-04-2018,2,1,1,2,52,8,3,0,0,0,0,-1,9,1
42620,77.19765769,28.64836337,6,3,2,4,2,14:40,109,E08000007,4,6167,6,30,3,3,6,0,0,0,1,8,2,4,2,1,2,E01005895,18-04-2018,3,1,1,2,20,4,3,0,0,0,0,-1,9,1
42621,77.30153991,28.56988966,6,3,2,1,2,14:30,109,E08000007,3,626,6,30,9,4,4,6102,0,0,1,1,1,0,0,1,2,E01005885,18-04-2018,1,1,1,1,31,6,3,0,0,0,0,-1,9,1
42622,77.35995673,28.63444572,6,3,2,2,2,19:30,109,E08000007,6,0,1,30,1,4,4,5358,0,0,1,1,1,0,0,2,1,E01005844,18-04-2018,1,1,1,2,26,6,3,0,0,0,0,-1,9,1
42623,77.16960461,28.58724322,6,3,2,1,3,08:15,109,E08000007,6,0,6,30,9,4,6,0,0,0,1,1,1,0,0,1,2,E01005769,19-04-2018,2,2,1,1,42,7,3,0,0,0,0,-1,9,-1
42624,77.34373027,28.56247442,6,3,2,1,7,07:05,109,E08000007,4,5358,1,30,1,4,3,34,0,0,1,1,2,0,0,2,2,E01005784,16-04-2018,1,1,1,2,56,9,3,0,0,0,0,-1,9,-1
42625,77.23327788,28.54532287,6,2,3,2,7,04:04,102,E08000003,3,560,6,30,6,2,4,5166,0,5,4,1,2,0,0,1,1,E01005295,09-04-2018,1,1,1,2,26,6,2,0,0,0,0,-1,9,1
42626,77.12521116,28.60058334,6,3,2,1,5,08:00,109,E08000007,3,560,6,30,9,4,6,0,0,0,1,2,2,0,0,1,1,E01005749,14-04-2018,1,2,2,2,21,5,3,0,0,1,0,-1,9,1
42627,77.30979314,28.57857008,6,3,2,1,5,17:30,109,E08000007,6,0,6,30,0,-1,-1,0,0,0,1,1,1,0,0,1,1,E01005868,21-04-2018,1,1,2,1,54,8,3,0,0,0,4,-1,10,-1
42628,77.06377424,28.65768626,6,3,2,3,5,17:00,109,E08000007,6,0,6,30,6,4,6,0,0,0,1,1,1,0,0,1,1,E01005760,21-04-2018,4,1,1,1,42,7,3,0,0,0,0,-1,9,1
42629,77.21710331,28.56416596,6,3,2,2,5,12:05,109,E08000007,3,626,6,40,6,2,6,0,0,5,1,1,1,0,0,1,1,E01005757,21-04-2018,6,2,1,2,39,7,3,0,0,0,0,-1,9,1
42630,77.1795707,28.5730408,6,3,2,1,6,08:30,109,E08000007,5,0,6,30,6,4,5,0,0,0,1,1,1,0,0,1,2,E01005818,22-04-2018,1,1,1,1,23,5,3,0,0,0,0,-1,19,1
42631,77.29306518,28.56681582,6,3,2,1,6,18:05,109,E08000007,5,0,6,30,0,-1,-1,0,0,0,1,1,1,0,0,1,2,E01005766,22-04-2018,1,3,2,1,37,7,3,0,0,1,0,-1,19,1
42632,77.3715216,28.70160224,6,3,1,1,7,15:35,109,E08000007,3,6,3,30,3,2,6,0,0,4,1,1,1,0,0,1,1,E01005798,23-04-2018,1,4,2,1,37,7,3,0,0,2,0,-1,19,1
42633,77.2464612,28.68570002,6,3,2,2,4,18:30,109,E08000007,3,5102,1,30,1,4,3,5143,0,0,1,1,1,0,0,1,2,E01005812,20-04-2018,2,2,1,1,41,7,3,0,0,0,0,-1,21,-1
42634,77.3409346,28.62690216,6,3,2,1,3,18:07,109,E08000007,3,560,3,30,6,2,3,560,0,0,1,2,2,0,0,1,1,E01005758,26-04-2018,3,5,2,1,32,6,3,0,0,2,0,-1,9,1
42635,77.3316556,28.53510284,6,3,1,2,4,14:45,109,E08000007,6,0,6,30,9,4,6,0,0,0,1,1,1,0,0,1,1,E01005772,20-04-2018,1,1,2,1,24,5,3,0,0,2,0,-1,9,-1
42636,77.32030927,28.55141345,6,3,2,2,5,17:20,109,E08000007,3,626,6,30,0,-1,-1,0,0,0,1,1,1,0,0,1,2,E01005871,21-04-2018,2,1,1,2,31,6,3,0,0,0,0,-1,9,1
42637,77.29229265,28.67427185,6,3,2,2,1,21:00,109,E08000007,3,560,3,30,6,2,3,6017,2,4,4,4,1,0,0,1,1,E01005751,24-04-2018,1,1,1,2,24,5,3,0,0,0,0,-1,9,-1
42638,77.19252681,28.72594883,6,3,2,1,1,19:20,109,E08000007,6,0,6,30,3,4,6,0,0,0,1,1,1,0,0,1,1,E01005929,24-04-2018,2,2,1,1,31,6,3,0,0,0,0,-1,9,2
42639,77.31549765,28.59285725,6,3,2,1,1,11:30,109,E08000007,3,34,1,30,1,4,6,0,0,0,1,1,1,0,0,2,1,E01005784,24-04-2018,3,3,1,1,39,7,3,0,0,0,0,-1,9,1
42640,77.20330586,28.71170398,6,3,2,1,1,11:50,109,E08000007,3,5102,6,30,9,4,6,0,0,0,1,1,1,0,0,1,2,E01005798,24-04-2018,2,1,1,1,21,5,3,0,0,0,0,-1,9,1
42641,77.08142724,28.61339301,6,3,2,3,1,18:30,109,E08000007,6,0,6,30,3,4,6,0,0,0,1,1,1,0,0,1,2,E01005919,24-04-2018,3,2,1,1,29,6,3,0,0,0,0,-1,9,1
42642,77.15929022,28.71146716,6,3,2,1,2,08:46,109,E08000007,3,5145,6,30,3,4,6,0,0,0,1,1,1,0,0,1,1,E01005854,25-04-2018,3,3,2,1,30,6,3,0,0,1,0,-1,9,1
42643,77.20590904,28.56451953,6,3,4,3,3,14:14,109,E08000007,3,5149,6,30,3,4,6,0,0,0,1,1,1,0,0,1,1,E01005773,03-05-2018,2,1,1,1,55,8,3,0,0,0,0,-1,9,1
42644,77.27030249,28.59511084,6,3,2,1,3,17:20,109,E08000007,4,6104,6,30,3,4,6,0,0,0,1,2,2,0,0,1,1,E01005900,26-04-2018,1,1,1,2,74,10,3,0,0,0,0,-1,9,1
42645,77.18982268,28.60772652,6,3,1,1,3,20:15,109,E08000007,4,6104,6,30,0,-1,-1,0,0,0,1,1,1,0,0,1,2,E01005899,26-04-2018,1,4,2,2,77,11,3,0,0,1,0,-1,9,1
42646,77.34385328,28.65887669,6,3,2,1,4,19:35,109,E08000007,6,0,6,30,6,4,6,0,0,0,1,1,1,0,0,1,1,E01005751,27-04-2018,1,5,2,2,76,11,3,0,0,2,0,-1,9,1
42647,77.06682689,28.65165103,6,3,2,1,3,11:18,109,E08000007,3,6,6,30,3,2,6,0,0,5,1,1,1,0,0,1,1,E01005916,26-04-2018,1,6,2,2,76,11,3,0,0,2,0,-1,9,1
42648,77.12979105,28.54788041,6,3,1,1,5,15:15,109,E08000007,6,0,6,30,0,-1,-1,0,0,0,1,1,1,0,0,1,2,E01005915,28-04-2018,2,2,1,2,62,9,3,0,0,0,0,-1,9,-1
42649,77.10561619,28.53711777,6,3,2,2,6,01:35,109,E08000007,6,0,6,30,2,4,3,6,0,0,4,1,1,0,0,1,2,E01005822,29-04-2018,2,3,2,1,64,9,3,0,0,1,0,-1,9,1
42650,77.13164238,28.59171462,6,3,2,1,6,13:00,109,E08000007,4,6104,6,30,3,2,6,0,0,0,1,1,1,0,0,1,1,E01005744,01-04-2018,4,1,1,2,44,7,3,0,0,0,0,-1,9,1
42651,77.30265591,28.65668224,6,3,1,1,6,14:25,109,E08000007,3,5102,3,30,0,-1,-1,0,0,0,1,1,1,0,0,1,1,E01005798,29-04-2018,4,2,2,1,12,3,3,0,0,1,0,-1,9,1
42652,77.2560611,28.54953688,6,3,2,1,6,10:17,109,E08000007,4,5169,6,30,3,4,6,0,0,0,1,1,1,0,0,1,1,E01005864,29-04-2018,4,3,2,2,26,6,3,0,0,2,0,-1,9,1
42653,77.19260487,28.54857896,6,3,4,3,6,13:35,109,E08000007,6,0,6,30,3,4,4,5094,0,0,1,1,1,0,0,1,1,E01005793,29-04-2018,4,4,2,1,1,1,3,0,0,2,0,-1,9,1
42654,77.07400063,28.6575393,6,3,2,1,6,15:20,109,E08000007,6,0,6,30,3,4,3,5149,0,0,1,1,1,0,0,1,1,E01005789,29-04-2018,1,1,1,2,40,7,3,0,0,0,0,-1,9,1
42655,77.12297977,28.72165683,6,2,1,3,6,02:10,109,E08000007,4,6167,6,30,3,4,6,0,0,5,4,1,1,0,0,1,1,E01005921,29-04-2018,2,2,1,2,26,6,3,0,0,0,0,-1,9,-1
42656,77.17946769,28.68767777,6,3,2,1,6,14:35,109,E08000007,5,0,6,30,6,4,6,0,0,0,1,1,1,0,0,1,2,E01005831,29-04-2018,2,3,2,1,6,2,3,0,0,2,0,-1,9,-1
42657,77.22241098,28.70306428,6,3,2,2,7,18:00,109,E08000007,4,6101,6,30,0,-1,-1,0,0,0,1,1,1,0,0,1,1,E01005909,30-04-2018,1,1,1,1,61,9,3,0,0,0,0,-1,9,1
42658,77.20482029,28.54521706,6,3,1,1,7,01:39,109,E08000007,3,555,3,30,0,-1,-1,0,0,0,4,1,1,0,0,2,1,E01005793,30-04-2018,2,2,2,1,9,2,3,0,0,2,0,-1,9,3
42659,77.07104234,28.53844767,6,3,1,1,7,14:35,109,E08000007,6,0,6,30,9,4,6,0,0,0,1,1,1,0,0,1,2,E01005762,30-04-2018,4,1,1,1,50,8,3,0,0,0,0,-1,9,1
42660,77.07917248,28.6664303,6,3,2,1,1,03:20,109,E08000007,3,6,6,30,3,2,6,0,0,5,4,1,1,0,0,1,1,E01005917,01-05-2018,2,1,1,1,19,4,3,0,0,0,0,-1,9,1
42661,77.24195065,28.71605353,6,3,2,1,2,15:10,109,E08000007,6,0,6,30,0,-1,-1,0,0,0,1,5,2,0,0,1,2,E01005816,02-05-2018,2,1,1,1,25,5,3,0,0,0,0,-1,9,2
42662,77.06749399,28.67383494,6,3,4,2,1,16:13,109,E08000007,3,627,6,30,3,4,6,0,0,0,1,1,1,0,0,1,1,E01005899,01-05-2018,2,1,1,1,25,5,3,0,0,0,0,-1,9,1
42663,77.1466229,28.63911923,6,3,1,1,3,15:10,109,E08000007,6,0,6,30,3,4,4,5465,0,0,1,1,1,0,6,1,2,E01005765,03-05-2018,3,2,1,2,39,7,3,0,0,0,0,-1,9,1
42664,77.13034207,28.59633714,6,3,1,1,7,17:55,109,E08000007,6,0,6,30,3,4,4,6167,0,0,1,1,1,0,0,1,1,E01005918,23-04-2018,3,3,2,2,60,9,3,0,0,1,0,-1,9,1
42665,77.31185309,28.6742635,6,3,2,2,7,12:50,109,E08000007,3,34,3,30,6,2,3,560,0,0,1,1,1,0,0,1,2,E01005768,23-04-2018,3,4,2,2,38,7,3,0,0,2,0,-1,9,1
42666,77.11010073,28.70935281,6,3,4,1,4,17:45,109,E08000007,3,626,6,30,0,-1,-1,0,0,0,1,1,1,0,0,1,1,E01005866,04-05-2018,1,1,1,1,58,9,3,0,0,0,0,-1,9,1
42667,77.27438339,28.54935106,6,3,2,1,4,21:27,109,E08000007,3,5102,6,30,3,4,6,0,0,0,4,1,1,0,0,1,1,E01005797,04-05-2018,2,1,1,1,65,9,3,0,0,0,0,-1,9,-1
42668,77.27434397,28.55684083,6,3,2,1,5,16:30,109,E08000007,4,5465,6,30,0,-1,-1,0,2,4,1,2,2,0,0,1,1,E01005765,05-05-2018,1,1,1,2,32,6,3,0,0,0,0,-1,9,1
42669,77.32300352,28.71218589,6,3,2,1,5,09:34,109,E08000007,5,0,6,30,6,4,6,0,0,0,1,1,1,0,0,1,1,E01005923,05-05-2018,2,2,1,1,57,9,3,0,0,0,0,-1,9,1
42670,77.33208792,28.70907707,6,3,1,1,5,15:30,109,E08000007,6,0,6,20,0,-1,-1,0,0,0,1,1,2,0,0,1,1,E01005749,05-05-2018,2,3,2,2,44,7,3,0,0,1,0,-1,9,1
42671,77.28742483,28.58614034,6,3,2,1,5,13:17,109,E08000007,6,0,6,30,3,4,6,0,0,0,1,1,1,0,0,1,1,E01005884,05-05-2018,2,1,1,2,21,5,3,0,0,0,0,-1,9,1
42672,77.35251285,28.54736946,6,3,1,1,5,18:30,109,E08000007,3,560,6,30,3,2,4,5465,0,5,1,2,2,0,0,1,1,E01005818,05-05-2018,2,1,1,1,32,6,3,0,0,0,0,-1,9,1
42673,77.3499222,28.62586152,6,3,2,1,6,18:50,109,E08000007,3,5102,6,30,3,4,5,0,0,0,1,1,1,0,0,1,1,E01005926,06-05-2018,2,2,2,2,32,6,3,0,0,2,0,-1,9,1
42674,77.31307934,28.58506966,6,3,2,1,6,11:50,109,E08000007,6,0,6,30,9,4,3,626,0,0,1,1,1,0,0,1,2,E01005757,06-05-2018,1,1,1,2,29,6,2,0,0,0,0,-1,9,1
42675,77.33541591,28.60608768,6,3,2,1,6,12:30,109,E08000007,3,560,1,50,1,2,3,626,0,0,1,1,1,0,0,1,1,E01005757,06-05-2018,2,2,1,1,42,7,3,0,0,0,0,-1,9,1
42676,77.29215091,28.72325139,6,3,2,1,6,12:35,109,E08000007,3,626,1,30,1,2,1,60,0,0,1,1,1,0,0,2,1,E01005758,06-05-2018,2,3,2,1,15,3,3,0,0,1,0,-1,9,1
42677,77.17929207,28.60827914,6,3,1,1,6,04:21,109,E08000007,3,5102,6,40,0,-1,-1,0,0,0,4,2,2,0,0,1,1,E01005926,06-05-2018,2,1,1,1,14,3,3,0,0,0,0,-1,1,1
42678,77.24762311,28.64829948,6,3,1,1,6,13:20,109,E08000007,5,0,6,30,3,4,6,0,0,0,1,1,1,0,0,1,2,E01005766,06-05-2018,1,1,1,1,40,7,3,0,0,0,0,-1,9,1
42679,77.30668975,28.54689254,6,3,2,1,1,09:10,109,E08000007,3,560,1,30,1,4,5,0,0,8,1,4,1,1,0,1,1,E01005861,08-05-2018,2,1,1,1,33,6,2,0,0,0,0,-1,1,-1
42680,77.19332,28.55937185,6,3,1,1,2,21:12,109,E08000007,4,5169,6,30,3,4,6,0,0,0,4,1,1,0,0,1,1,E01005862,09-05-2018,1,1,2,2,12,3,3,0,0,2,0,-1,9,-1
42681,77.09355312,28.57983965,6,3,1,1,2,07:45,109,E08000007,3,560,6,30,9,4,6,0,0,0,1,1,1,0,0,1,2,E01005772,09-05-2018,2,2,2,1,74,10,3,0,0,1,0,-1,8,1
42682,77.08098399,28.64576992,6,3,2,1,3,21:35,109,E08000007,6,0,9,30,9,4,6,0,0,0,4,1,1,0,0,1,2,E01005918,10-05-2018,1,1,3,2,44,7,3,9,8,0,0,-1,0,1
42683,77.28129521,28.60490149,6,3,2,1,3,08:55,109,E08000007,6,0,6,30,6,4,6,0,0,0,1,1,1,0,0,1,1,E01005917,10-05-2018,2,1,3,1,10,2,3,5,1,0,0,-1,0,-1
42684,77.1053283,28.6907416,6,3,2,1,4,14:25,109,E08000007,4,5094,6,30,3,2,6,0,0,0,1,1,1,0,0,1,1,E01005793,11-05-2018,2,1,1,1,38,7,3,0,0,0,0,-1,1,1
42685,77.14558309,28.65261415,6,3,2,1,5,16:00,109,E08000007,3,34,3,50,1,4,3,555,0,0,1,1,1,0,0,2,1,E01005793,12-05-2018,1,1,3,2,10,2,3,5,1,0,0,-1,0,1
42686,77.26119498,28.57783433,6,3,2,1,5,10:15,109,E08000007,3,6,6,30,0,-1,-1,0,0,0,1,2,2,0,0,1,2,E01005869,05-05-2018,2,1,1,1,27,6,3,0,0,0,0,-1,2,1
42687,77.36246248,28.53254477,6,3,1,1,4,13:02,109,E08000007,6,0,6,30,6,4,6,0,0,0,1,1,1,0,0,1,2,E01005822,11-05-2018,1,1,1,2,28,6,3,0,0,0,0,-1,9,1
42688,77.12661109,28.63985489,6,3,2,2,7,10:15,109,E08000007,3,5145,9,30,3,2,6,0,0,8,1,1,1,0,0,1,1,E01005856,14-05-2018,1,1,1,2,26,6,3,0,0,0,0,-1,9,1
42689,77.3388168,28.63171467,6,3,2,1,6,19:00,109,E08000007,3,34,3,30,0,-1,-1,0,0,0,1,1,1,0,0,2,1,E01005793,13-05-2018,2,1,1,2,31,6,3,0,0,0,0,-1,9,1
42690,77.36109269,28.6258648,6,3,3,1,4,18:20,109,E08000007,5,0,9,30,9,4,6,0,0,0,1,9,1,0,0,1,2,E01005851,11-05-2018,2,1,1,1,31,6,3,0,0,0,0,-1,1,1
42691,77.20213826,28.71467245,6,3,1,1,4,07:05,109,E08000007,3,6,6,30,9,4,6,0,0,0,1,1,1,0,0,1,2,E01005840,11-05-2018,1,1,1,2,40,7,3,0,0,0,0,-1,9,1