Accident_Index,longitude,latitude,Police_Force,Accident_Severity,Number_of_Vehicles,Number_of_Casualties,Day_of_Week,Time,Local_Authority_(District),Local_Authority_(Highway),1st_Road_Class,1st_Road_Number,Road_Type,Speed_limit,Junction_Detail,Junction_Control,2nd_Road_Class,2nd_Road_Number,Pedestrian_Crossing-Human_Control,Pedestrian_Crossing-Physical_Facilities,Light_Conditions,Weather_Conditions,Road_Surface_Conditions,Special_Conditions_at_Site,Carriageway_Hazards,Urban_or_Rural_Area,Did_Police_Officer_Attend_Scene_of_Accident,LSOA_of_Accident_Location,Date,Vehicle_Reference,Casualty_Reference,Casualty_Class,Sex_of_Casualty,Age_of_Casualty,Age_Band_of_Casualty,Casualty_Severity,Pedestrian_Location,Pedestrian_Movement,Car_Passenger,Bus_or_Coach_Passenger,Pedestrian_Road_Maintenance_Worker,Casualty_Type,Casualty_Home_Area_Type
42692,77.06467772,28.66965047,6,3,2,1,4,19:20,109,E08000007,6,0,6,30,0,-1,-1,0,0,0,1,1,1,0,0,2,1,E01005926,11-05-2018,1,1,1,2,40,7,3,0,0,0,0,-1,9,1
42693,77.13231317,28.54031223,6,3,2,1,5,22:10,109,E08000007,5,0,6,30,3,4,6,0,0,0,4,1,1,0,0,1,1,E01005800,12-05-2018,1,2,2,2,6,2,3,0,0,2,0,-1,9,1
42694,77.07519846,28.61989244,6,3,2,1,6,16:00,109,E08000007,5,0,6,30,9,4,4,5095,0,0,1,1,1,0,0,1,2,E01005791,13-05-2018,1,1,1,1,63,9,3,0,0,0,0,-1,8,1
42695,77.12811201,28.67160406,6,3,1,1,6,15:00,109,E08000007,3,5149,9,30,3,4,6,0,0,0,1,1,1,0,0,1,2,E01005784,13-05-2018,1,1,1,2,25,5,2,0,0,0,0,-1,9,1
42696,77.07380441,28.56244791,6,3,2,1,1,14:30,109,E08000007,4,5465,6,30,0,-1,-1,0,0,0,1,1,1,0,0,1,2,E01005874,15-05-2018,1,1,1,1,20,4,3,0,0,0,0,-1,9,1
42697,77.16037771,28.70418889,6,3,2,1,7,19:30,109,E08000007,3,34,3,40,6,2,3,560,0,4,1,8,2,0,0,1,1,E01005768,21-05-2018,3,1,1,2,44,7,3,0,0,0,0,-1,9,1
42698,77.12723437,28.60377653,6,3,1,1,7,20:38,109,E08000007,3,5102,6,30,3,4,6,0,0,8,1,1,1,0,0,1,1,E01005803,14-05-2018,3,2,2,2,11,3,3,0,0,1,0,-1,9,1
42699,77.26786945,28.69169715,6,3,2,1,2,07:30,109,E08000007,4,6167,6,30,3,4,6,0,0,0,1,1,1,0,0,1,2,E01005895,16-05-2018,1,1,1,2,40,7,3,0,0,0,0,-1,9,1
42700,77.20827247,28.59711291,6,3,2,1,1,18:10,109,E08000007,6,0,6,30,1,4,6,0,0,0,1,9,1,0,0,1,2,E01005826,15-05-2018,1,1,1,1,55,8,3,0,0,0,0,-1,9,1
42701,77.20223057,28.72089862,6,3,2,3,6,22:00,109,E08000007,3,560,3,50,5,2,1,60,0,7,4,4,1,0,0,2,1,E01005757,13-05-2018,1,1,1,2,38,7,3,0,0,0,0,-1,9,1
42702,77.29602235,28.65173706,6,3,1,1,3,11:30,109,E08000007,6,0,6,30,6,4,3,560,0,0,1,1,1,0,0,1,2,E01005758,17-05-2018,1,1,3,1,20,4,3,5,1,0,0,-1,0,1
42703,77.11915546,28.58942294,6,3,2,1,3,09:20,109,E08000007,6,0,6,30,3,4,6,0,0,0,1,1,1,0,0,1,1,E01005801,17-05-2018,1,1,1,2,20,4,3,0,0,0,0,-1,9,1
42704,77.13742675,28.63357935,6,3,3,1,3,10:30,109,E08000007,6,0,6,30,9,4,6,0,0,0,1,1,1,0,0,1,2,E01005872,17-05-2018,1,2,2,2,20,4,3,0,0,1,0,-1,9,1
42705,77.36199736,28.62372995,6,2,1,1,4,18:45,109,E08000007,6,0,6,30,0,-1,-1,0,0,0,1,1,1,0,2,1,2,E01005905,18-05-2018,1,3,2,1,20,4,3,0,0,2,0,-1,9,-1
42706,77.07822634,28.53851127,6,3,2,1,4,08:15,109,E08000007,4,5169,6,30,3,4,6,0,0,0,1,1,1,0,0,1,1,E01005920,18-05-2018,1,1,3,1,15,3,3,5,1,0,0,-1,0,1
42707,77.25251261,28.55546219,6,2,1,1,4,12:49,109,E08000007,4,5169,6,30,0,-1,-1,0,0,0,1,1,1,4,0,1,1,E01005862,18-05-2018,1,1,1,1,27,6,2,0,0,0,0,-1,9,-1
42708,77.12470041,28.59733083,6,3,2,1,4,08:10,109,E08000007,3,34,3,40,6,2,3,560,0,0,1,1,1,0,0,1,2,E01005768,18-05-2018,1,2,2,1,20,4,3,0,0,1,0,-1,9,-1
42709,77.32309644,28.59218537,6,3,2,1,6,06:40,109,E08000007,3,560,1,30,1,4,4,6104,0,0,1,1,1,0,0,1,2,E01005758,20-05-2018,1,1,1,1,23,5,2,0,0,0,0,-1,9,1
42710,77.29130592,28.72269996,6,3,2,1,6,09:45,109,E08000007,6,0,6,30,6,2,3,626,0,0,1,1,1,0,0,1,1,E01005757,20-05-2018,2,1,1,2,70,10,3,0,0,0,0,-1,9,1
42711,77.14675488,28.72222648,6,3,3,1,6,18:15,109,E08000007,3,626,6,40,6,2,3,560,0,5,1,1,1,0,0,1,1,E01005757,20-05-2018,2,1,1,2,28,6,3,0,0,0,0,-1,9,1
42712,77.17107165,28.65099898,6,3,2,1,6,07:10,109,E08000007,6,0,6,30,3,4,6,0,0,0,1,1,2,0,0,1,1,E01005883,20-05-2018,1,1,3,1,16,4,3,5,3,0,0,-1,0,1
42713,77.25392622,28.6456351,6,3,2,1,6,15:15,109,E08000007,3,560,6,30,0,-1,-1,0,0,0,1,1,1,0,0,1,1,E01005817,20-05-2018,2,1,1,1,32,6,3,0,0,0,0,-1,5,1
42714,77.2333411,28.70421776,6,3,2,1,6,23:35,109,E08000007,3,5143,6,30,6,2,5,0,0,8,4,1,1,0,0,1,1,E01005807,20-05-2018,1,1,1,2,26,6,3,0,0,0,0,-1,9,-1
42715,77.20820407,28.71073557,6,3,2,1,6,16:00,109,E08000007,3,560,6,30,9,4,6,0,0,0,1,1,1,0,0,1,2,E01005769,20-05-2018,1,1,1,1,51,8,3,0,0,0,0,-1,9,1
42716,77.25590324,28.62750343,6,3,1,1,7,08:21,109,E08000007,3,34,7,50,1,4,4,5358,0,0,1,1,1,0,0,2,1,E01005784,21-05-2018,2,2,1,1,48,8,3,0,0,0,0,-1,9,1
42717,77.22512035,28.54043333,6,2,1,1,7,21:00,109,E08000007,5,0,6,30,3,2,4,5465,0,4,1,1,2,0,0,1,1,E01005766,21-05-2018,2,1,1,2,34,6,3,0,0,0,0,-1,9,1
42718,77.14132395,28.64738855,6,3,2,2,1,08:15,109,E08000007,4,5166,6,40,3,4,6,0,0,0,1,1,1,0,0,1,1,E01005851,22-05-2018,2,1,1,1,55,8,3,0,0,0,0,-1,9,1
42719,77.27114664,28.56520675,6,3,2,2,2,12:10,109,E08000007,3,560,6,30,0,-1,-1,0,0,0,1,1,2,0,0,1,1,E01005821,23-05-2018,1,1,1,1,48,8,3,0,0,0,0,-1,9,1
42720,77.13711378,28.6044877,6,3,1,1,2,08:10,109,E08000007,3,560,6,30,0,-1,-1,0,0,0,1,1,1,0,0,1,1,E01005771,23-05-2018,1,5,2,2,32,6,3,0,0,1,0,-1,9,-1
42721,77.32296084,28.65303991,6,3,2,1,2,17:40,109,E08000007,6,0,6,30,3,3,2,627,0,0,1,1,1,0,0,1,2,E01005835,23-05-2018,2,2,1,2,25,5,3,0,0,0,0,-1,9,1
42722,77.21351883,28.71156117,6,3,2,1,2,07:45,109,E08000007,3,560,6,50,0,-1,-1,0,0,0,1,1,1,0,0,2,2,E01005757,23-05-2018,2,3,2,1,29,6,3,0,0,2,0,-1,9,1
42723,77.12381308,28.68181835,6,2,1,1,4,18:10,109,E08000007,5,0,6,30,0,-1,-1,0,0,0,1,1,1,0,0,2,1,E01005757,25-05-2018,2,4,2,2,8,2,3,0,0,2,0,-1,9,1
42724,77.27281708,28.5838605,6,3,2,1,4,08:40,109,E08000007,5,0,6,30,3,4,6,0,0,0,1,2,2,0,0,1,1,E01005831,25-05-2018,1,1,1,1,28,6,3,0,0,0,0,-1,9,1
42725,77.08495889,28.56948562,6,3,1,1,4,07:15,109,E08000007,3,560,6,30,9,2,4,5095,0,0,1,9,2,0,0,1,2,E01005769,25-05-2018,1,1,1,1,54,8,3,0,0,0,0,-1,11,1
42726,77.35153901,28.6220969,6,3,1,1,4,16:34,109,E08000007,6,0,6,30,1,4,6,0,0,0,1,1,1,0,0,1,2,E01005829,25-05-2018,1,2,2,2,30,6,3,0,0,0,4,-1,11,-1
42727,77.28120855,28.70185886,6,3,1,1,5,15:00,109,E08000007,3,5149,6,30,3,4,6,0,0,0,1,1,1,0,0,1,2,E01005789,26-05-2018,1,3,2,2,30,6,3,0,0,0,4,-1,11,-1
42728,77.19830972,28.54758078,6,3,1,2,5,15:20,109,E08000007,3,626,6,30,9,4,6,0,0,0,1,1,1,0,0,1,1,E01005832,26-05-2018,1,4,2,2,18,4,3,0,0,0,4,-1,11,-1
42729,77.22474913,28.61866834,6,3,1,1,6,15:29,109,E08000007,6,0,6,30,3,4,6,0,0,0,1,1,1,0,0,1,1,E01005832,27-05-2018,1,5,2,2,30,6,3,0,0,0,4,-1,11,-1
42730,77.20620769,28.59479167,6,3,3,1,6,08:15,109,E08000007,3,626,6,30,3,4,6,0,0,0,1,1,1,0,0,1,1,E01005835,27-05-2018,2,1,1,1,27,6,2,0,0,0,0,-1,9,1
42731,77.32715028,28.59211062,6,3,1,4,6,23:50,109,E08000007,5,0,6,30,0,-1,-1,0,0,0,4,1,1,0,0,1,1,E01005911,27-05-2018,2,1,1,1,34,6,3,0,0,0,0,-1,9,1
42732,77.19254363,28.68037986,6,1,1,1,2,16:40,109,E08000007,6,0,6,30,0,-1,-1,0,0,0,1,1,1,0,0,1,1,E01005925,30-05-2018,1,1,1,2,53,8,3,0,0,0,0,-1,9,1
42733,77.29616354,28.69217914,6,3,1,1,4,09:10,109,E08000007,6,0,6,30,6,4,4,6104,0,0,1,1,2,0,0,1,2,E01005757,01-06-2018,1,1,3,2,86,11,3,5,1,0,0,-1,0,1
42734,77.10209675,28.55019865,6,3,2,4,4,20:00,109,E08000007,3,626,6,30,3,2,3,626,0,0,4,8,2,0,0,1,1,E01005873,01-06-2018,1,1,2,1,19,4,2,0,0,1,0,-1,9,1
42735,77.29412766,28.66556495,6,3,2,3,3,18:20,109,E08000007,4,6171,6,30,3,4,6,0,0,8,1,1,1,0,0,1,1,E01005832,31-05-2018,1,1,1,2,32,6,3,0,0,0,0,-1,9,1
42736,77.29686304,28.55753717,6,3,1,1,7,22:30,109,E08000007,5,0,6,30,0,-1,-1,0,0,0,4,1,1,0,0,1,1,E01005890,28-05-2018,2,1,1,2,21,5,3,0,0,0,0,-1,9,1
42737,77.26280953,28.59189983,6,3,2,1,4,08:30,109,E08000007,3,6,6,30,3,4,6,0,0,4,1,2,2,0,0,1,1,E01005831,01-06-2018,1,1,1,1,40,7,3,0,0,0,0,-1,9,1
42738,77.11638423,28.70994559,6,3,2,1,4,09:10,109,E08000007,6,0,6,30,3,4,3,560,0,0,1,2,2,0,0,1,2,E01005770,01-06-2018,2,2,1,2,29,6,3,0,0,0,0,-1,9,1
42739,77.15989672,28.67146833,6,3,2,2,7,17:00,109,E08000007,3,560,9,30,3,2,6,0,0,0,1,1,1,0,0,1,2,E01005768,04-06-2018,4,3,1,1,30,6,3,0,0,0,0,-1,9,1
42740,77.34859774,28.54248752,6,3,2,1,5,12:30,109,E08000007,6,0,6,30,6,4,6,0,0,0,1,2,2,0,0,1,2,E01005787,02-06-2018,1,1,1,1,55,8,3,0,0,0,0,-1,8,1
42741,77.30145971,28.58393912,6,3,2,1,5,21:06,109,E08000007,4,5465,6,30,3,2,4,5465,0,5,4,1,1,0,0,1,1,E01005874,02-06-2018,2,1,1,1,37,7,3,0,0,0,0,-1,5,-1
42742,77.20264625,28.57108248,6,3,2,1,5,17:30,109,E08000007,3,626,3,30,6,2,3,626,0,0,1,1,1,0,0,1,2,E01005758,02-06-2018,1,1,1,1,41,7,3,0,0,0,0,-1,9,1
42743,77.20799832,28.65004622,6,3,3,1,6,16:30,109,E08000007,3,560,6,30,0,-1,-1,0,0,0,1,1,2,0,0,1,1,E01005744,03-06-2018,2,2,1,1,47,8,3,0,0,0,0,-1,9,1
42744,77.20288353,28.72808173,6,3,1,1,6,13:35,109,E08000007,3,560,6,30,0,-1,-1,0,0,4,1,1,1,0,0,1,1,E01005769,03-06-2018,1,1,1,1,21,5,3,0,0,0,0,-1,9,1
42745,77.31523112,28.6808898,6,2,1,1,1,02:00,109,E08000007,3,5149,6,30,9,4,6,0,0,0,4,1,2,0,0,1,1,E01005924,05-06-2018,1,2,2,1,22,5,3,0,0,2,0,-1,9,-1
42746,77.13184337,28.69762562,6,3,1,1,2,12:15,109,E08000007,3,6,3,30,3,2,6,0,0,5,1,1,1,0,0,1,1,E01005866,06-06-2018,1,3,2,1,21,5,3,0,0,1,0,-1,9,-1
42747,77.2534832,28.59534065,6,3,1,1,3,08:15,109,E08000007,5,0,6,30,6,4,6,0,0,0,1,1,1,0,0,1,2,E01005800,07-06-2018,2,1,1,2,25,5,3,0,0,0,0,-1,9,1
42748,77.15967777,28.69960259,6,3,2,1,6,13:00,109,E08000007,4,5095,1,30,1,4,3,5149,0,0,1,1,1,0,0,1,1,E01005792,03-06-2018,1,1,1,2,40,7,3,0,0,0,0,-1,9,1
42749,77.16465382,28.54666845,6,3,2,1,3,21:25,109,E08000007,4,5167,1,30,1,4,3,626,0,8,1,1,1,0,0,1,1,E01005915,07-06-2018,1,1,1,2,19,4,3,0,0,0,0,-1,9,1
42750,77.07856361,28.546472,6,3,3,3,5,17:40,109,E08000007,4,5465,6,30,3,4,6,0,0,4,1,1,1,0,0,1,1,E01005764,09-06-2018,2,1,2,2,35,6,2,0,0,1,0,-1,9,1
42751,77.34138405,28.57303728,6,2,1,1,3,12:00,109,E08000007,6,0,6,30,3,4,6,0,0,0,1,1,1,0,0,1,1,E01005878,07-06-2018,2,1,1,2,45,7,3,0,0,0,0,-1,9,1
42752,77.1741315,28.59176204,6,3,2,1,3,15:02,109,E08000007,6,0,6,30,3,4,6,0,0,0,1,1,1,0,0,1,2,E01005897,07-06-2018,1,1,1,2,17,4,2,0,0,0,0,-1,9,1
42753,77.29656933,28.69909909,6,3,2,2,4,19:42,109,E08000007,3,5102,6,30,0,-1,-1,0,0,0,1,1,1,0,0,1,1,E01005798,08-06-2018,1,1,1,1,28,6,3,0,0,0,0,-1,9,2
42754,77.12483298,28.58689845,6,3,1,1,4,17:58,109,E08000007,5,0,6,30,6,2,3,6,0,5,1,1,1,0,0,1,1,E01005766,08-06-2018,2,2,1,2,26,6,3,0,0,0,0,-1,9,1
42755,77.06742914,28.68611751,6,3,1,1,6,23:35,109,E08000007,6,0,6,30,3,4,6,0,0,0,4,1,1,0,0,1,1,E01005762,10-06-2018,1,1,1,1,41,7,3,0,0,0,0,-1,1,1
42756,77.22246212,28.56068578,6,2,2,3,7,15:34,109,E08000007,3,5149,6,30,3,4,6,0,0,0,1,1,1,0,0,1,1,E01005785,11-06-2018,2,1,1,2,75,10,3,0,0,0,0,-1,19,-1
42757,77.23865767,28.69957465,6,3,2,2,2,18:55,109,E08000007,6,0,6,30,6,2,5,0,0,0,1,1,2,0,0,1,1,E01005875,13-06-2018,2,1,1,2,26,6,3,0,0,0,0,-1,9,1
42758,77.33554675,28.66002424,6,3,4,1,2,14:25,109,E08000007,3,5145,6,30,3,4,6,0,0,5,1,1,2,0,0,1,1,E01005852,13-06-2018,1,1,1,1,26,6,3,0,0,0,0,-1,9,1
42759,77.14582538,28.61554643,6,2,2,1,2,17:30,109,E08000007,6,0,6,30,3,4,6,0,0,0,1,2,2,0,0,1,1,E01005768,13-06-2018,1,2,2,1,26,6,3,0,0,1,0,-1,9,1
42760,77.15928291,28.59722009,6,3,2,1,3,11:05,109,E08000007,3,626,6,30,0,-1,-1,0,0,8,1,1,2,0,0,2,1,E01005883,14-06-2018,1,3,2,1,26,6,3,0,0,2,0,-1,9,1
42761,77.29418989,28.57084771,6,3,2,1,4,19:30,109,E08000007,5,0,6,30,9,4,4,6167,0,0,1,1,1,0,0,1,2,E01005889,15-06-2018,2,4,1,1,87,11,3,0,0,0,0,-1,9,1
42762,77.24603987,28.64267635,6,2,1,1,4,23:39,109,E08000007,6,0,6,30,3,4,6,0,0,0,4,1,1,0,0,1,1,E01005860,15-06-2018,1,1,3,2,14,3,3,5,4,0,0,-1,0,1
42763,77.27525869,28.57838398,6,3,2,1,4,18:45,109,E08000007,6,0,6,30,0,-1,-1,0,0,0,1,1,1,0,0,1,2,E01005806,15-06-2018,1,1,1,2,39,7,3,0,0,0,0,-1,9,1
42764,77.07260423,28.63641048,6,2,2,1,4,11:10,109,E08000007,5,0,6,30,6,4,6,0,0,0,1,1,2,0,0,1,1,E01005805,15-06-2018,2,1,1,1,74,10,2,0,0,0,0,-1,9,1
42765,77.21051125,28.70630515,6,3,1,1,4,11:40,109,E08000007,3,626,6,30,0,-1,-1,0,0,0,1,1,2,0,0,1,1,E01005757,15-06-2018,1,1,1,1,39,7,3,0,0,0,0,-1,9,1
42766,77.30263776,28.71429216,6,3,1,1,5,08:20,109,E08000007,4,5166,6,30,0,-1,-1,0,0,0,1,1,1,0,0,1,2,E01005775,16-06-2018,1,1,1,1,49,8,3,0,0,0,0,-1,9,1
42767,77.13669314,28.61776776,6,3,4,2,5,09:52,109,E08000007,3,626,6,30,0,-1,-1,0,0,0,1,2,2,6,0,2,1,E01005883,16-06-2018,1,2,2,2,51,8,3,0,0,1,0,-1,9,1
42768,77.12973386,28.56085393,6,3,1,1,6,11:03,109,E08000007,4,5465,6,40,0,-1,-1,0,0,0,1,1,1,0,0,1,1,E01005874,17-06-2018,1,1,2,2,67,10,2,0,0,1,0,-1,9,1
42769,77.28553579,28.64972199,6,3,2,1,6,21:05,109,E08000007,6,0,6,30,0,-1,-1,0,0,0,1,1,1,0,0,1,1,E01005766,17-06-2018,1,1,1,1,81,11,3,0,0,0,0,-1,9,1
42770,77.23781582,28.68497719,6,3,2,2,6,08:15,109,E08000007,4,5095,6,40,3,4,6,0,0,8,1,1,1,0,0,1,1,E01005769,17-06-2018,1,3,2,2,82,11,3,0,0,1,0,-1,9,1
42771,77.25419525,28.72771615,6,3,2,1,6,19:14,109,E08000007,3,34,3,30,1,4,6,0,0,0,1,1,1,0,0,2,1,E01005848,17-06-2018,2,2,1,1,33,6,3,0,0,0,0,-1,9,1
42772,77.34168618,28.55804984,6,3,2,1,7,22:30,109,E08000007,6,0,6,30,0,-1,-1,0,0,0,1,1,1,0,0,1,2,E01005831,18-06-2018,2,1,1,1,23,5,3,0,0,0,0,-1,9,1
42773,77.11359067,28.71238639,6,3,2,1,7,10:00,109,E08000007,5,0,6,30,9,4,6,0,0,0,1,1,1,0,0,1,2,E01005987,18-06-2018,1,1,3,1,2,1,2,5,2,0,0,-1,0,1
42774,77.12116911,28.69038691,6,3,2,1,1,10:40,109,E08000007,3,5145,6,30,3,4,6,0,0,0,1,1,1,0,0,1,1,E01005853,19-06-2018,1,1,1,1,23,5,3,0,0,0,0,-1,9,2
42775,77.08290348,28.5952592,6,3,2,1,2,19:20,109,E08000007,6,0,6,30,0,-1,-1,0,0,0,1,1,1,0,0,1,1,E01005890,20-06-2018,1,3,2,1,19,4,3,0,0,1,0,-1,9,1
42776,77.1092263,28.618016,6,3,1,1,3,15:25,109,E08000007,6,0,6,30,6,4,6,0,0,0,1,1,1,0,0,1,2,E01005922,21-06-2018,2,2,1,1,22,5,3,0,0,0,0,-1,9,1
42777,77.15253808,28.71019466,6,3,2,1,4,21:59,109,E08000007,6,0,6,30,3,4,6,0,0,0,1,1,1,0,0,1,1,E01005916,22-06-2018,1,1,1,2,22,5,3,0,0,0,0,-1,9,1
42778,77.16130533,28.64628221,6,3,2,1,4,13:30,109,E08000007,6,0,6,30,9,4,-1,-1,0,0,1,1,1,0,0,1,2,E01005928,22-06-2018,2,1,1,1,29,6,3,0,0,0,0,-1,9,1
42779,77.15962083,28.59944042,6,3,2,1,5,21:00,109,E08000007,5,0,6,30,3,4,6,0,0,0,1,1,1,0,0,1,2,E01005831,23-06-2018,2,2,2,2,18,4,3,0,0,1,0,-1,9,1
42780,77.08348846,28.71030327,6,2,1,2,6,12:15,109,E08000007,6,0,6,30,0,-1,-1,0,0,1,1,1,2,0,0,1,1,E01005784,24-06-2018,2,3,2,2,18,4,3,0,0,2,0,-1,9,1
42781,77.28741098,28.59313544,6,3,2,1,6,17:15,109,E08000007,6,0,6,30,9,4,6,0,0,0,1,1,1,0,0,1,2,E01005757,24-06-2018,1,1,1,2,31,6,3,0,0,0,0,-1,9,1
42782,77.10613424,28.61994607,6,3,2,1,6,18:15,109,E08000007,6,0,6,30,0,-1,-1,0,0,0,1,1,1,0,0,1,2,E01005829,24-06-2018,2,2,1,1,25,5,3,0,0,0,0,-1,9,-1
42783,77.1435917,28.53717109,6,3,2,1,6,12:20,109,E08000007,4,5095,6,30,3,4,6,0,0,0,1,1,1,0,0,1,2,E01005791,24-06-2018,1,1,1,1,34,6,3,0,0,0,0,-1,11,1
42784,77.29723006,28.53260938,6,3,2,1,7,13:37,109,E08000007,4,5095,6,30,0,-1,-1,0,0,0,1,1,1,0,0,1,1,E01005791,25-06-2018,2,2,1,1,35,6,3,0,0,0,0,-1,9,-1
42785,77.10741372,28.54714311,6,3,2,1,4,12:20,109,E08000007,3,5102,6,30,3,4,6,0,0,0,1,1,1,0,0,1,1,E01005812,22-06-2018,1,1,3,1,11,3,2,5,1,0,0,-1,0,1
42786,77.36127897,28.66554345,6,2,2,1,2,09:30,109,E08000007,6,0,6,30,6,4,6,0,0,0,1,1,1,0,0,1,2,E01005929,27-06-2018,1,1,1,1,23,5,2,0,0,0,0,-1,9,1
42787,77.30095569,28.64135645,6,2,2,1,3,19:45,109,E08000007,6,0,6,30,3,4,6,0,0,0,1,1,1,0,0,1,1,E01005857,28-06-2018,2,1,1,1,57,9,2,0,0,0,0,-1,1,1
42788,77.2507922,28.54907847,6,3,1,1,3,11:45,109,E08000007,3,560,6,30,0,-1,-1,0,0,0,1,1,1,0,0,1,2,E01005769,28-06-2018,1,1,3,1,13,3,2,5,3,0,0,-1,0,1
42789,77.27349565,28.56041933,6,3,1,1,2,10:25,109,E08000007,3,5159,1,30,1,4,4,5094,0,0,1,1,1,0,0,1,2,E01005924,27-06-2018,2,1,1,1,19,4,3,0,0,0,0,-1,3,1
42790,77.12398053,28.64271648,6,3,1,1,4,08:00,109,E08000007,3,6,9,30,3,2,6,0,0,0,1,1,1,0,0,1,2,E01005822,29-06-2018,2,1,2,2,73,10,3,0,0,2,0,-1,9,-1
42791,77.06891694,28.56309545,6,3,2,2,4,08:30,109,E08000007,6,0,6,30,6,4,6,0,0,0,1,1,1,0,0,1,1,E01005812,29-06-2018,1,1,1,2,72,10,3,0,0,0,0,-1,9,1
42792,77.15893379,28.55675551,6,3,2,2,5,16:15,109,E08000007,3,5149,1,30,1,4,3,5102,0,0,1,1,1,0,0,1,2,E01005924,30-06-2018,1,2,2,2,66,10,3,0,0,1,0,-1,9,1
42793,77.24617285,28.56600661,6,2,2,2,6,19:55,109,E08000007,6,0,6,30,0,-1,-1,0,0,0,1,1,1,0,0,1,1,E01005753,01-07-2018,1,1,1,2,56,9,3,0,0,0,0,-1,9,1
42794,77.33431225,28.58827502,6,3,3,1,7,07:30,109,E08000007,6,0,6,30,9,4,6,0,0,0,1,1,1,0,0,1,1,E01005808,02-07-2018,2,2,1,1,62,9,3,0,0,0,0,-1,9,1
42795,77.19624429,28.58394463,6,3,2,1,7,14:53,109,E08000007,4,6167,6,30,6,2,5,0,0,0,1,1,1,0,0,1,1,E01005889,02-07-2018,2,1,1,1,50,8,3,0,0,0,0,-1,5,1
42796,77.33686103,28.69264325,6,3,2,3,1,22:24,109,E08000007,3,560,1,30,1,4,6,0,0,8,4,1,1,0,0,1,1,E01005758,03-07-2018,2,3,1,2,50,8,2,0,0,0,0,-1,9,1
42797,77.23473168,28.60950786,6,3,4,2,2,16:05,109,E08000007,3,6,6,30,9,4,6,0,0,0,1,2,2,6,0,1,1,E01005842,04-07-2018,3,1,1,1,32,6,3,0,0,0,0,-1,9,1
42798,77.13050668,28.64963979,6,3,2,1,2,14:12,109,E08000007,3,6,3,30,6,2,5,0,0,5,1,1,2,0,0,1,2,E01005831,04-07-2018,3,2,2,1,26,6,3,0,0,1,0,-1,9,1
42799,77.10542171,28.5588988,6,3,2,3,3,21:44,109,E08000007,3,6,6,30,3,4,6,0,0,0,4,1,1,0,0,1,1,E01005838,05-07-2018,1,1,1,2,24,5,3,0,0,0,0,-1,9,1
42800,77.13092169,28.69098143,6,3,1,1,6,22:30,109,E08000007,3,5102,6,30,9,4,-1,-1,0,0,1,1,1,0,0,1,2,E01005925,08-07-2018,2,2,1,1,45,7,3,0,0,0,0,-1,9,-1
42801,77.34305099,28.56834662,6,3,2,2,1,17:00,109,E08000007,3,626,6,30,3,4,6,0,0,0,1,1,1,0,0,1,1,E01005833,10-07-2018,1,1,1,1,60,9,3,0,0,0,0,-1,9,-1
42802,77.0707643,28.64002625,6,3,2,1,2,12:15,109,E08000007,3,560,6,30,3,4,6,0,0,0,1,1,1,0,0,1,2,E01005744,11-07-2018,1,1,3,2,94,11,3,1,1,0,0,-1,0,1
42803,77.2095959,28.63123968,6,3,2,1,3,18:10,109,E08000007,4,5465,6,30,3,4,6,0,0,4,1,1,1,0,0,1,1,E01005764,05-07-2018,2,1,1,1,50,8,3,0,0,0,0,-1,9,-1
42804,77.11600214,28.6067006,6,3,2,1,3,17:30,109,E08000007,3,6,6,30,0,-1,-1,0,0,0,1,2,2,0,0,1,1,E01005877,05-07-2018,1,1,3,1,17,4,2,5,3,0,0,-1,0,-1
42805,77.14270186,28.67983571,6,3,2,1,4,13:40,109,E08000007,3,34,1,30,1,4,3,555,0,0,1,1,1,0,0,2,1,E01005793,06-07-2018,1,1,1,1,14,3,3,0,0,0,0,-1,1,1
42806,77.07018154,28.59958903,6,3,1,1,2,17:15,109,E08000007,6,0,6,30,0,-1,-1,0,0,0,1,1,1,0,0,1,1,E01005853,11-07-2018,3,1,1,1,42,7,3,0,0,0,0,-1,1,1
42807,77.35776025,28.56180562,6,3,2,1,2,11:15,109,E08000007,3,6,6,30,0,-1,-1,0,0,0,1,1,1,0,0,1,1,E01005869,11-07-2018,1,1,1,1,17,4,3,0,0,0,0,-1,9,1
42808,77.10085253,28.63113897,6,3,2,1,3,08:30,109,E08000007,3,5149,6,30,3,4,6,0,0,0,1,1,1,0,0,1,1,E01005776,12-07-2018,1,2,2,2,35,6,3,0,0,1,0,-1,9,1
42809,77.08479174,28.72077371,6,3,1,1,3,09:00,109,E08000007,6,0,6,30,0,-1,-1,0,0,0,1,1,1,0,0,1,2,E01005743,12-07-2018,1,1,1,1,17,4,3,0,0,0,0,-1,9,1
42810,77.29717396,28.56632175,6,3,1,1,3,15:00,109,E08000007,4,5169,6,30,9,4,6,0,0,0,1,1,1,0,0,1,2,E01005866,12-07-2018,1,1,1,2,36,7,3,0,0,0,0,-1,9,1
42811,77.27339986,28.72678702,6,3,2,1,3,07:45,109,E08000007,6,0,9,30,3,4,6,0,0,0,1,1,1,0,0,1,2,E01005891,12-07-2018,2,2,1,2,20,4,3,0,0,0,0,-1,9,1