Accident_Index,longitude,latitude,Police_Force,Accident_Severity,Number_of_Vehicles,Number_of_Casualties,Day_of_Week,Time,Local_Authority_(District),Local_Authority_(Highway),1st_Road_Class,1st_Road_Number,Road_Type,Speed_limit,Junction_Detail,Junction_Control,2nd_Road_Class,2nd_Road_Number,Pedestrian_Crossing-Human_Control,Pedestrian_Crossing-Physical_Facilities,Light_Conditions,Weather_Conditions,Road_Surface_Conditions,Special_Conditions_at_Site,Carriageway_Hazards,Urban_or_Rural_Area,Did_Police_Officer_Attend_Scene_of_Accident,LSOA_of_Accident_Location,Date,Vehicle_Reference,Casualty_Reference,Casualty_Class,Sex_of_Casualty,Age_of_Casualty,Age_Band_of_Casualty,Casualty_Severity,Pedestrian_Location,Pedestrian_Movement,Car_Passenger,Bus_or_Coach_Passenger,Pedestrian_Road_Maintenance_Worker,Casualty_Type,Casualty_Home_Area_Type
42812,77.10006455,28.70731418,6,3,2,2,4,23:50,109,E08000007,4,6104,6,30,3,4,6,0,0,0,4,1,1,0,0,1,1,E01005900,13-07-2018,1,1,3,1,56,9,3,6,9,0,0,-1,0,1
42813,77.06788283,28.55252682,6,3,3,2,4,07:05,109,E08000007,5,0,6,30,3,4,6,0,0,0,1,1,1,0,0,1,1,E01005845,13-07-2018,1,1,2,2,81,11,3,0,0,1,0,-1,9,-1
42814,77.15192154,28.55682406,6,3,2,1,4,08:00,109,E08000007,3,626,6,30,3,4,4,6171,0,0,1,1,1,0,0,1,2,E01005832,13-07-2018,2,1,1,2,31,6,3,0,0,0,0,-1,9,1
42815,77.26256783,28.68016167,6,3,1,1,6,19:45,109,E08000007,6,0,6,30,0,-1,-1,0,0,0,1,1,1,0,0,1,1,E01005890,15-07-2018,1,1,1,1,42,7,3,0,0,0,0,-1,9,1
42816,77.2958757,28.71278894,6,3,3,2,6,13:11,109,E08000007,3,34,3,40,9,4,6,0,0,0,1,1,1,0,0,1,1,E01005772,15-07-2018,1,1,3,2,74,10,2,5,2,0,0,-1,0,1
42817,77.31536281,28.59432476,6,3,2,1,6,18:55,109,E08000007,6,0,6,30,0,-1,-1,0,0,0,1,1,1,0,0,1,1,E01005824,15-07-2018,1,1,1,2,30,6,3,0,0,0,0,-1,9,1
42818,77.1401373,28.62261652,6,2,2,1,7,17:38,109,E08000007,4,5169,6,30,0,-1,-1,0,0,0,1,1,1,0,0,1,1,E01005859,16-07-2018,1,1,3,1,11,3,3,5,1,0,0,-1,0,-1
42819,77.27457944,28.65119513,6,3,2,1,1,14:30,109,E08000007,6,0,6,30,3,4,6,0,0,0,1,1,1,0,0,2,2,E01005908,17-07-2018,1,1,3,2,11,3,3,5,1,0,0,-1,0,1
42820,77.16904991,28.61655974,6,3,2,1,2,18:30,109,E08000007,3,626,6,30,0,-1,-1,0,0,0,1,1,1,0,0,1,2,E01005757,18-07-2018,1,1,3,1,13,3,3,5,3,0,0,-1,0,1
42821,77.32014364,28.60691549,6,3,4,1,3,09:40,109,E08000007,6,0,6,30,0,-1,-1,0,0,0,1,1,1,0,0,1,1,E01005879,19-07-2018,2,1,2,2,78,11,3,0,0,1,0,-1,9,1
42822,77.33863075,28.71828881,6,3,2,2,4,11:30,109,E08000007,3,560,1,30,1,4,6,0,0,0,1,1,1,0,0,1,2,E01005819,20-07-2018,1,2,1,1,57,9,3,0,0,0,0,-1,5,1
42823,77.09183144,28.72581411,6,3,3,1,5,18:25,109,E08000007,3,560,6,30,3,4,6,0,0,0,1,1,1,0,0,1,1,E01005769,21-07-2018,2,1,1,2,54,8,3,0,0,0,0,-1,9,1
42824,77.07154861,28.60400854,6,3,1,1,7,03:00,109,E08000007,3,560,1,50,1,4,1,60,0,0,4,1,1,0,0,2,1,E01005743,23-07-2018,1,1,3,1,7,2,2,5,2,0,0,-1,0,1
42825,77.20167358,28.63555746,6,3,2,2,6,18:20,109,E08000007,6,0,6,30,3,4,6,0,0,0,1,1,1,0,0,1,2,E01005877,08-07-2018,1,1,1,2,77,11,3,0,0,0,0,-1,9,1
42826,77.2199965,28.69180799,6,3,1,1,4,15:45,109,E08000007,5,0,6,30,6,2,3,5143,0,4,1,1,1,0,0,1,1,E01005807,20-07-2018,1,1,1,1,22,5,2,0,0,0,0,-1,9,1
42827,77.15412395,28.61488471,6,2,1,1,2,05:10,109,E08000007,6,0,2,30,3,4,6,0,0,0,1,1,1,0,0,1,1,E01005932,25-07-2018,1,2,2,1,22,5,3,0,0,1,0,-1,9,1
42828,77.26842015,28.60584076,6,3,2,1,2,08:05,109,E08000007,3,5102,6,30,3,4,6,0,0,0,1,1,1,0,0,1,1,E01005797,01-08-2018,1,3,2,1,22,5,3,0,0,2,0,-1,9,1
42829,77.33899669,28.6873969,6,3,2,1,1,20:15,109,E08000007,5,0,6,30,0,-1,-1,0,0,0,1,2,2,0,0,1,2,E01005909,24-07-2018,1,1,1,1,39,7,2,0,0,0,0,-1,4,-1
42830,77.06286238,28.72005849,6,3,2,1,2,13:15,109,E08000007,3,6017,6,30,6,2,4,6104,0,4,1,1,1,0,0,1,1,E01005752,25-07-2018,1,1,2,2,16,4,3,0,0,2,0,-1,9,-1
42831,77.31653424,28.58307492,6,3,2,1,2,09:03,109,E08000007,4,5166,6,30,6,2,3,560,0,0,1,1,1,0,0,1,2,E01005295,18-07-2018,1,1,1,1,22,5,3,0,0,0,0,-1,9,1
42832,77.2646948,28.67911933,6,3,1,1,3,12:25,109,E08000007,6,0,6,30,0,-1,-1,0,0,0,1,1,1,0,0,1,2,E01005910,26-07-2018,2,2,1,1,71,10,3,0,0,0,0,-1,9,1
42833,77.26077606,28.66704166,6,3,2,1,5,10:10,109,E08000007,3,626,3,30,6,2,6,0,0,0,1,2,2,0,0,1,1,E01005757,28-07-2018,1,1,1,1,18,4,3,0,0,0,0,-1,19,1
42834,77.16061534,28.72085371,6,2,1,1,5,15:50,109,E08000007,6,0,9,30,0,-1,-1,0,0,0,1,2,2,0,0,1,1,E01005927,28-07-2018,2,2,1,1,48,8,3,0,0,0,0,-1,9,1
42835,77.09043016,28.53306452,6,3,2,1,5,15:40,109,E08000007,3,626,6,30,5,4,6,0,0,0,1,2,2,0,0,2,2,E01005758,28-07-2018,1,1,1,2,36,7,3,0,0,0,0,-1,9,-1
42836,77.15081461,28.56382526,6,3,2,1,5,16:30,109,E08000007,6,0,6,30,3,4,6,0,0,0,1,2,2,0,0,1,2,E01005902,28-07-2018,1,2,2,1,9,2,3,0,0,1,0,-1,9,1
42837,77.32772013,28.6056844,6,2,1,1,6,07:45,109,E08000007,3,5102,6,30,0,-1,-1,0,0,0,1,1,2,0,0,1,1,E01005811,29-07-2018,1,2,1,1,33,6,3,0,0,0,0,-1,9,1
42838,77.28000356,28.60997882,6,3,2,1,6,12:05,109,E08000007,4,5169,6,30,3,4,6,0,0,0,1,1,1,0,0,1,2,E01005863,29-07-2018,2,1,2,2,26,6,3,0,0,1,0,-1,9,1
42839,77.28362861,28.58974522,6,3,2,2,7,16:20,109,E08000007,6,0,6,30,0,-1,-1,0,0,0,1,1,2,0,0,1,1,E01005827,30-07-2018,1,1,2,2,32,6,3,0,0,1,0,-1,9,1
42840,77.19097455,28.63183508,6,3,2,1,7,11:44,109,E08000007,3,560,6,30,3,4,6,0,0,0,1,1,1,0,0,1,1,E01005769,30-07-2018,1,1,3,1,26,6,3,5,3,0,0,-1,0,1
42841,77.21311431,28.71901496,6,3,2,1,2,13:45,109,E08000007,6,0,6,30,3,4,4,6167,0,0,1,1,1,0,0,1,2,E01005917,01-08-2018,1,1,1,2,82,11,3,0,0,0,0,-1,9,1
42842,77.14287903,28.54565204,6,3,2,1,2,00:09,109,E08000007,3,6,3,30,3,2,5,0,2,5,4,1,1,0,0,1,1,E01005917,25-07-2018,1,1,3,2,29,6,3,5,1,0,0,-1,0,1
42843,77.34809074,28.66168622,6,3,2,1,4,08:40,109,E08000007,4,5358,6,40,3,4,6,0,0,0,1,2,2,0,0,1,2,E01005848,03-08-2018,1,2,1,1,58,9,3,0,0,0,0,-1,4,1
42844,77.13947181,28.71666469,6,3,1,1,3,13:00,109,E08000007,5,0,6,30,0,-1,-1,0,0,0,1,1,1,5,0,1,1,E01005744,02-08-2018,2,1,1,1,30,6,3,0,0,0,0,-1,11,1
42845,77.05947775,28.56174836,6,3,2,1,5,07:05,109,E08000007,3,6017,6,30,6,2,2,627,0,5,1,1,1,0,0,1,1,E01005752,04-08-2018,1,1,3,1,67,10,2,5,3,0,0,-1,0,1
42846,77.10210167,28.64405644,6,3,2,1,5,18:18,109,E08000007,3,5102,6,30,0,-1,-1,0,0,0,1,1,1,0,0,1,1,E01005926,04-08-2018,1,2,3,2,66,10,1,5,3,0,0,-1,0,1
42847,77.2908737,28.61160798,6,2,5,1,5,15:05,109,E08000007,3,626,6,30,3,4,6,0,0,0,1,1,1,0,0,1,1,E01005916,04-08-2018,1,1,3,1,11,3,3,5,1,0,0,-1,0,-1
42848,77.34171809,28.64856084,6,3,1,1,6,07:40,109,E08000007,4,6161,6,30,0,-1,-1,0,0,0,1,1,1,0,0,2,1,E01005909,05-08-2018,1,1,1,1,34,6,3,0,0,0,0,-1,9,3
42849,77.25100655,28.60630191,6,3,2,2,1,15:30,109,E08000007,3,5149,6,30,3,4,6,0,0,0,1,1,1,0,0,1,2,E01005930,07-08-2018,1,1,1,1,23,5,1,0,0,0,0,-1,9,1
42850,77.07284852,28.55710776,6,3,2,1,4,18:21,109,E08000007,4,5358,6,40,3,4,6,0,0,4,1,1,1,0,0,1,1,E01005846,27-07-2018,1,2,2,1,20,4,1,0,0,1,0,-1,9,1
42851,77.35569193,28.58799842,6,3,2,1,6,02:50,109,E08000007,6,0,2,30,9,4,6,0,0,0,7,2,2,0,2,1,1,E01005840,05-08-2018,2,3,1,1,29,6,3,0,0,0,0,-1,11,1
42852,77.33934013,28.68285145,6,3,2,2,7,15:37,109,E08000007,3,560,9,40,0,-1,-1,0,0,0,1,2,2,5,0,1,1,E01005758,13-08-2018,1,1,3,1,58,9,3,6,9,0,0,-1,0,1
42853,77.14038802,28.54282793,6,3,2,4,1,17:30,109,E08000007,3,6017,6,30,3,4,6,0,0,0,1,1,1,0,0,1,1,E01005744,07-08-2018,1,1,1,1,22,5,3,0,0,0,0,-1,9,1
42854,77.24005963,28.62407464,6,3,2,1,2,14:45,109,E08000007,3,626,6,30,3,2,6,0,0,4,1,1,1,0,0,1,2,E01005917,08-08-2018,1,1,1,2,31,6,3,0,0,0,0,-1,9,1
42855,77.29034979,28.54578536,6,3,2,1,3,19:25,109,E08000007,6,0,6,30,0,-1,-1,0,0,0,1,1,1,0,0,2,2,E01005842,09-08-2018,1,2,2,2,50,8,3,0,0,2,0,-1,9,-1
42856,77.12589772,28.68471326,6,3,3,2,2,10:45,109,E08000007,3,6,6,30,3,2,5,0,0,5,1,1,1,4,0,1,2,E01005917,08-08-2018,1,3,2,1,9,2,3,0,0,2,0,-1,9,1
42857,77.27186308,28.60327324,6,3,1,1,2,11:30,109,E08000007,3,560,6,30,0,-1,-1,0,0,0,1,1,1,0,0,1,2,E01005819,08-08-2018,1,4,2,1,25,5,3,0,0,2,0,-1,9,1
42858,77.22514199,28.5716832,6,3,2,1,4,18:37,109,E08000007,5,0,6,30,3,4,6,0,0,0,1,1,1,0,0,1,1,E01005761,10-08-2018,1,5,2,2,9,2,3,0,0,1,0,-1,9,-1
42859,77.26437659,28.56345652,6,3,2,1,4,17:05,109,E08000007,3,560,6,30,9,4,6,0,0,0,1,1,1,0,0,1,2,E01005749,10-08-2018,1,1,1,2,47,8,3,0,0,0,0,-1,9,1
42860,77.35816512,28.64295553,6,3,2,1,4,17:00,109,E08000007,3,560,6,30,9,4,6,0,0,0,1,1,1,0,0,1,1,E01005769,10-08-2018,1,2,2,2,11,3,2,0,0,1,0,-1,9,1
42861,77.25031335,28.54135379,6,3,2,2,4,14:15,109,E08000007,3,626,6,30,0,-1,-1,0,0,0,1,1,1,0,0,1,1,E01005758,10-08-2018,2,1,1,2,28,6,3,0,0,0,0,-1,9,1
42862,77.2742289,28.64307641,6,3,1,4,5,23:25,109,E08000007,3,626,6,60,0,-1,-1,0,0,0,6,2,2,0,0,2,1,E01005880,11-08-2018,2,1,1,2,53,8,3,0,0,0,0,-1,9,1
42863,77.23535442,28.71915987,6,3,2,2,7,14:45,109,E08000007,3,6,6,30,3,4,6,0,0,0,1,2,2,0,0,1,2,E01005801,13-08-2018,2,1,1,2,49,8,3,0,0,0,0,-1,9,1
42864,77.18776937,28.57739287,6,3,2,1,7,17:15,109,E08000007,3,523,6,30,6,2,6,0,0,5,1,1,2,0,0,1,2,E01005841,13-08-2018,1,1,3,1,14,3,3,4,3,0,0,-1,0,1
42865,77.36217884,28.5648399,6,3,2,1,4,17:00,109,E08000007,3,523,6,30,9,4,6,0,0,0,1,1,1,0,0,1,2,E01005841,17-08-2018,1,1,1,1,39,7,3,0,0,0,0,-1,3,1
42866,77.36277971,28.6620945,6,2,1,1,1,01:10,109,E08000007,3,5102,6,30,0,-1,-1,0,0,0,4,1,1,0,0,1,1,E01005926,14-08-2018,1,1,3,1,14,3,2,5,4,0,0,-1,0,1
42867,77.10829777,28.67383219,6,3,2,1,4,14:40,109,E08000007,3,626,6,30,6,2,6,0,0,5,1,1,1,0,0,1,1,E01005872,17-08-2018,1,1,1,2,22,5,3,0,0,0,0,-1,9,1
42868,77.09175317,28.63784741,6,2,2,1,4,21:50,109,E08000007,6,0,6,30,3,4,6,0,0,0,4,1,1,0,0,1,1,E01005920,17-08-2018,1,1,1,1,17,4,2,0,0,0,0,-1,9,-1
42869,77.15953218,28.6864818,6,3,2,1,4,08:00,109,E08000007,6,0,6,30,9,4,6,0,0,0,1,1,1,0,0,1,1,E01005875,17-08-2018,1,2,2,2,16,4,3,0,0,1,0,-1,9,1
42870,77.20364565,28.68093672,6,3,2,2,5,11:55,109,E08000007,4,5358,1,60,1,4,4,5094,0,0,1,1,1,0,0,1,2,E01005850,18-08-2018,1,1,1,1,51,8,1,0,0,0,0,-1,9,1
42871,77.36696742,28.54252815,6,3,3,1,6,15:55,109,E08000007,3,5102,6,30,3,4,6,0,0,0,1,1,1,0,0,1,1,E01005927,19-08-2018,1,1,3,1,12,3,3,5,1,0,0,-1,0,1
42872,77.1270577,28.5975473,6,3,2,2,3,14:30,109,E08000007,3,34,3,30,1,4,6,0,0,0,1,1,1,0,0,2,1,E01005848,23-08-2018,1,1,1,1,62,9,3,0,0,0,0,-1,9,1
42873,77.18836986,28.71555633,6,3,2,1,6,16:20,109,E08000007,3,6,6,30,6,2,6,0,0,5,1,1,1,0,0,1,2,E01005758,19-08-2018,2,1,1,1,18,4,3,0,0,0,0,-1,3,1
42874,77.19455088,28.59499571,6,3,1,1,6,19:10,109,E08000007,6,0,6,30,9,4,6,0,0,0,1,1,1,0,0,1,2,E01005817,19-08-2018,2,1,1,2,59,9,3,0,0,0,0,-1,9,1
42875,77.2730626,28.57710179,6,2,2,5,7,17:13,109,E08000007,6,0,6,30,3,4,6,0,0,0,1,1,1,0,0,1,1,E01005852,20-08-2018,1,1,1,2,19,4,3,0,0,0,0,-1,9,1
42876,77.29414386,28.54617596,6,3,1,1,7,00:05,109,E08000007,3,626,6,30,0,-1,-1,0,0,0,4,1,1,0,0,1,1,E01005833,20-08-2018,2,1,2,2,54,8,3,0,0,2,0,-1,8,1
42877,77.251804,28.54465903,6,2,2,3,1,17:52,109,E08000007,4,6167,6,30,3,4,6,0,0,0,1,1,1,4,0,1,1,E01005889,21-08-2018,1,1,3,1,62,9,3,5,1,0,0,-1,0,2
42878,77.30496911,28.63108026,6,3,1,1,3,12:20,109,E08000007,6,0,6,30,0,-1,-1,0,0,0,1,1,1,0,0,1,2,E01005757,23-08-2018,1,1,1,2,26,6,3,0,0,0,0,-1,9,1
42879,77.19004749,28.71367,6,3,2,1,3,00:10,109,E08000007,4,6171,6,30,3,4,6,0,0,0,4,1,1,4,0,1,1,E01005877,23-08-2018,1,1,1,1,17,4,3,0,0,0,0,-1,9,1
42880,77.08257422,28.62459483,6,2,2,1,3,19:16,109,E08000007,3,560,6,30,9,4,6,0,0,0,1,1,1,0,0,1,1,E01005817,23-08-2018,1,1,1,2,45,7,3,0,0,0,0,-1,9,1
42881,77.28015588,28.6406166,6,3,2,1,4,16:00,109,E08000007,4,6167,6,30,9,4,6,0,0,8,1,1,1,0,0,1,2,E01005895,24-08-2018,1,2,2,1,9,2,3,0,0,2,0,-1,9,1
42882,77.09816083,28.58681676,6,3,2,1,4,08:05,109,E08000007,3,6017,6,30,0,-1,-1,0,0,0,1,2,2,0,0,1,1,E01005744,24-08-2018,1,3,2,2,13,3,3,0,0,2,0,-1,9,1
42883,77.18083782,28.72113084,6,3,2,1,4,19:20,109,E08000007,6,0,6,30,3,2,6,0,0,0,1,1,1,0,0,1,2,E01005758,24-08-2018,1,1,1,1,79,11,3,0,0,0,0,-1,9,1
42884,77.10947445,28.54340309,6,3,3,1,6,16:40,109,E08000007,4,5169,6,30,3,4,6,0,0,0,1,1,2,0,0,1,1,E01005859,26-08-2018,1,1,1,1,39,7,3,0,0,0,0,-1,9,1
42885,77.28345585,28.66528763,6,3,2,2,6,07:20,109,E08000007,5,0,1,30,1,2,4,6104,0,4,1,2,2,0,0,1,2,E01005757,26-08-2018,2,2,1,1,35,6,3,0,0,0,0,-1,8,1
42886,77.16636587,28.64868041,6,3,2,1,7,11:15,109,E08000007,6,0,6,30,6,4,5,0,0,1,1,1,1,0,0,1,2,E01005760,27-08-2018,2,3,2,2,24,5,3,0,0,2,0,-1,8,-1
42887,77.30956898,28.62374704,6,2,2,1,1,17:20,109,E08000007,3,6017,6,30,3,4,6,0,0,0,1,1,1,0,0,1,1,E01005752,28-08-2018,2,1,1,2,40,7,3,0,0,0,0,-1,9,1
42888,77.31514814,28.64210404,6,3,2,1,1,16:50,109,E08000007,3,6,6,30,3,4,6,0,0,0,1,1,1,0,0,2,1,E01005906,28-08-2018,2,2,2,1,12,3,3,0,0,1,0,-1,9,1
42889,77.17103338,28.64211452,6,3,2,2,1,18:15,109,E08000007,5,0,6,30,3,4,6,0,0,4,1,1,1,0,0,1,1,E01005782,28-08-2018,2,3,2,2,16,4,3,0,0,2,0,-1,9,1
42890,77.23493733,28.70467655,6,3,2,4,2,21:15,109,E08000007,3,560,1,30,1,2,3,560,0,0,4,1,1,0,0,2,1,E01005758,29-08-2018,1,1,1,1,67,10,2,0,0,0,0,-1,9,3
42891,77.35050215,28.64314746,6,3,2,1,7,14:37,109,E08000007,3,34,1,70,1,4,3,555,0,0,1,1,1,0,0,2,1,E01005793,27-08-2018,2,2,1,1,25,5,3,0,0,0,0,-1,9,1
42892,77.34756425,28.6876509,6,3,2,3,2,14:10,109,E08000007,3,626,6,30,6,2,2,627,0,0,1,1,2,0,0,2,1,E01005884,29-08-2018,2,3,2,2,24,5,3,0,0,1,0,-1,9,1
42893,77.14126917,28.68085093,6,3,1,1,3,19:00,109,E08000007,6,0,6,30,0,-1,-1,0,0,0,1,1,1,0,0,1,2,E01005871,30-08-2018,1,1,2,1,17,4,2,0,0,2,0,-1,8,1
42894,77.17297312,28.72749058,6,3,1,1,7,03:10,109,E08000007,6,0,6,30,9,4,6,0,0,0,4,1,1,0,0,1,1,E01005839,03-09-2018,1,1,3,1,12,3,3,5,1,0,0,-1,0,-1
42895,77.17716222,28.70634365,6,3,1,1,3,19:30,109,E08000007,6,0,6,30,6,4,6,0,0,0,1,1,1,0,0,1,1,E01005760,30-08-2018,1,1,2,2,70,10,3,0,0,0,1,-1,11,-1
42896,77.15596508,28.53553839,6,3,2,4,1,00:56,109,E08000007,6,0,1,30,1,4,3,6,0,0,4,1,2,0,0,1,1,E01005861,11-09-2018,1,1,1,1,58,9,3,0,0,0,0,-1,9,1
42897,77.13111348,28.60231687,6,2,2,2,5,18:15,109,E08000007,6,0,6,30,6,4,6,0,0,0,1,1,1,0,0,1,1,E01005922,01-09-2018,2,1,1,2,48,8,2,0,0,0,0,-1,9,1
42898,77.21286333,28.65096213,6,3,2,1,5,12:45,109,E08000007,5,0,6,30,7,4,6,0,0,0,1,1,1,0,0,1,1,E01005760,01-09-2018,2,1,1,1,22,5,3,0,0,0,0,-1,9,1
42899,77.31439988,28.71039736,6,3,1,1,5,15:20,109,E08000007,3,5102,6,30,3,2,5,0,0,5,1,1,1,0,0,1,1,E01005798,01-09-2018,2,1,1,1,38,7,3,0,0,0,0,-1,1,1
42900,77.3615385,28.56669333,6,3,2,1,6,12:00,109,E08000007,3,6,9,30,3,2,5,0,0,5,1,9,1,0,0,2,2,E01005907,26-08-2018,1,1,1,1,19,4,2,0,0,0,0,-1,9,1
42901,77.12633612,28.5551552,6,3,1,1,5,13:30,109,E08000007,3,5102,6,30,1,4,6,0,0,4,1,1,1,0,0,1,2,E01005924,01-09-2018,1,2,2,1,19,4,3,0,0,1,0,-1,9,1
42902,77.30775994,28.68529204,6,3,3,1,6,09:29,109,E08000007,3,5143,6,30,0,-1,-1,0,0,0,1,1,1,0,0,1,1,E01005812,02-09-2018,1,3,2,1,18,4,3,0,0,2,0,-1,9,1
42903,77.35156275,28.59962377,6,2,2,1,2,22:45,109,E08000007,6,0,6,30,3,4,3,6,0,0,4,1,1,0,0,1,1,E01005801,12-09-2018,2,1,1,1,42,7,2,0,0,0,0,-1,3,1
42904,77.36076718,28.5559726,6,3,2,1,1,19:45,109,E08000007,6,0,6,30,3,4,3,6,0,0,1,1,1,0,0,2,2,E01005907,04-09-2018,1,1,1,1,49,8,3,0,0,0,0,-1,5,1
42905,77.20704881,28.63035317,6,2,1,1,1,08:52,109,E08000007,3,6,6,40,0,-1,-1,0,0,8,1,1,1,3,0,2,1,E01005913,04-09-2018,1,1,1,2,20,4,3,0,0,0,0,-1,9,1
42906,77.15279175,28.55888795,6,3,2,1,7,18:00,109,E08000007,6,0,6,30,0,-1,-1,0,0,0,1,1,1,0,0,1,1,E01005872,03-09-2018,1,2,2,1,19,4,3,0,0,1,0,-1,9,1
42907,77.1682839,28.58079579,6,3,3,1,4,11:10,109,E08000007,3,34,3,30,6,2,3,560,0,0,1,1,1,0,0,1,2,E01005772,07-09-2018,1,1,1,2,75,10,3,0,0,0,0,-1,9,1
42908,77.1447014,28.66296435,6,3,2,1,7,20:15,109,E08000007,4,6171,6,30,2,4,6,0,0,8,1,1,1,0,0,1,2,E01005824,03-09-2018,2,2,1,1,47,8,3,0,0,0,0,-1,9,1
42909,77.16597349,28.71708042,6,3,2,1,4,12:40,109,E08000007,6,0,6,30,3,4,6,0,0,0,1,1,1,0,0,1,1,E01005867,07-09-2018,2,1,1,2,24,5,3,0,0,0,0,-1,9,1
42910,77.12628076,28.66878948,6,3,1,2,7,23:30,109,E08000007,3,34,3,50,0,-1,-1,0,0,0,4,1,1,0,0,2,1,E01005787,03-09-2018,1,1,1,2,53,8,3,0,0,0,0,-1,9,1
42911,77.33739769,28.56319888,6,3,2,1,5,08:40,109,E08000007,3,5149,6,30,0,-1,-1,0,0,0,1,1,1,0,0,1,1,E01005773,08-09-2018,1,1,3,1,72,10,3,5,1,0,0,-1,0,1
42912,77.21528712,28.54773383,6,3,1,1,4,15:40,109,E08000007,3,5102,6,30,3,4,6,0,0,0,1,1,1,4,2,1,1,E01005797,07-09-2018,1,1,1,1,57,9,2,0,0,0,0,-1,5,1
42913,77.27496969,28.69356324,6,3,2,1,5,11:25,109,E08000007,3,560,6,30,6,2,3,560,0,5,1,2,2,0,0,1,1,E01005822,08-09-2018,2,2,1,1,42,7,3,0,0,0,0,-1,21,1
42914,77.09951295,28.59994586,6,3,1,1,6,07:13,109,E08000007,4,6104,6,30,3,4,6,0,0,4,1,8,2,0,0,1,1,E01005900,09-09-2018,1,1,1,2,17,4,3,0,0,0,0,-1,2,1
42915,77.31704403,28.58963688,6,3,2,1,6,21:35,109,E08000007,3,560,6,30,0,-1,-1,0,0,4,4,1,1,0,0,1,1,E01005778,09-09-2018,2,1,1,1,76,11,3,0,0,0,0,-1,1,1
42916,77.28325819,28.67526807,6,3,2,1,7,13:35,109,E08000007,6,0,6,30,3,4,6,0,0,0,1,9,1,0,0,1,2,E01005868,10-09-2018,2,1,1,2,35,6,3,0,0,0,0,-1,9,1
42917,77.27847848,28.6254691,6,3,2,1,7,17:25,109,E08000007,6,0,6,30,3,4,6,0,0,0,1,2,2,0,0,1,1,E01005824,10-09-2018,1,1,2,1,26,6,3,0,0,1,0,-1,9,1
42918,77.08865724,28.55547525,6,3,2,1,7,09:08,109,E08000007,3,5102,1,30,1,4,3,555,0,0,1,8,2,0,0,1,1,E01005925,10-09-2018,1,1,1,1,46,8,3,0,0,0,0,-1,9,1
42919,77.2610255,28.57434211,6,3,2,1,2,18:45,109,E08000007,6,0,9,30,3,4,3,560,0,1,1,1,1,0,0,1,2,E01005746,12-09-2018,1,2,2,2,34,6,3,0,0,1,0,-1,9,1
42920,77.34418702,28.66283233,6,3,2,1,3,07:20,109,E08000007,3,6017,6,30,9,4,6,0,0,0,1,1,1,0,0,1,2,E01005905,13-09-2018,1,1,1,1,40,7,3,0,0,0,0,-1,9,1
42921,77.29805658,28.70668987,6,2,1,1,6,08:20,109,E08000007,3,627,6,30,0,-1,-1,0,0,0,1,1,1,0,0,2,1,E01005884,16-09-2018,1,2,2,1,31,6,3,0,0,1,0,-1,9,1
42922,77.13648081,28.63633518,6,3,2,1,2,14:20,109,E08000007,4,5465,6,30,6,4,6,0,0,0,1,1,1,4,2,1,2,E01005816,12-09-2018,1,1,1,2,50,8,3,0,0,0,0,-1,19,-1
42923,77.10673729,28.55111641,6,3,1,1,5,14:25,109,E08000007,6,0,6,30,0,-1,-1,0,0,0,1,1,1,0,0,1,1,E01005869,15-09-2018,2,2,1,2,21,5,3,0,0,0,0,-1,9,-1
42924,77.09105606,28.69403838,6,3,1,1,2,15:42,109,E08000007,5,0,6,30,3,4,6,0,0,0,1,2,2,0,0,1,1,E01005757,12-09-2018,1,1,3,1,11,3,3,6,9,0,0,-1,0,-1
42925,77.06865162,28.55040767,6,3,2,2,5,14:00,109,E08000007,3,6,6,30,6,2,3,5102,0,5,1,1,1,0,0,1,1,E01005797,08-09-2018,1,1,3,1,7,2,2,5,4,0,0,-1,0,1
42926,77.11840878,28.69574307,6,2,2,1,2,20:15,109,E08000007,3,6,6,30,3,2,6,0,0,5,4,1,1,0,0,1,1,E01005869,12-09-2018,1,1,1,1,47,8,3,0,0,0,0,-1,1,1
42927,77.23396891,28.67109595,6,3,1,1,6,18:30,109,E08000007,3,6,6,30,0,-1,-1,0,0,0,1,1,1,0,0,1,2,E01005863,16-09-2018,1,1,1,1,24,5,3,0,0,0,0,-1,9,1
42928,77.1648114,28.69478135,6,3,2,1,7,10:30,109,E08000007,6,0,6,30,0,-1,-1,0,0,0,1,1,1,0,0,1,1,E01005755,17-09-2018,1,1,1,1,39,7,2,0,0,0,0,-1,3,1
42929,77.31933256,28.64016812,6,2,1,1,2,08:45,109,E08000007,6,0,6,30,0,-1,-1,0,0,0,1,1,1,0,0,1,2,E01005798,19-09-2018,1,1,1,1,33,6,3,0,0,0,0,-1,1,1
42930,77.31593622,28.64364977,6,3,3,5,7,14:10,109,E08000007,3,626,6,30,0,-1,-1,0,0,0,1,1,1,0,0,1,1,E01005885,17-09-2018,1,1,1,1,16,4,3,0,0,0,0,-1,3,-1
42931,77.35870113,28.57020198,6,3,2,2,2,23:30,109,E08000007,6,0,6,30,9,4,6,0,0,0,4,1,1,0,0,1,1,E01005748,19-09-2018,1,1,1,1,55,8,3,0,0,0,0,-1,9,1
42932,77.36532083,28.59686261,6,3,2,3,3,17:19,109,E08000007,3,626,6,30,3,2,6,0,0,5,1,1,1,0,0,1,2,E01005916,20-09-2018,1,1,1,1,39,7,3,0,0,0,0,-1,9,1