Accident_Index,longitude,latitude,Police_Force,Accident_Severity,Number_of_Vehicles,Number_of_Casualties,Day_of_Week,Time,Local_Authority_(District),Local_Authority_(Highway),1st_Road_Class,1st_Road_Number,Road_Type,Speed_limit,Junction_Detail,Junction_Control,2nd_Road_Class,2nd_Road_Number,Pedestrian_Crossing-Human_Control,Pedestrian_Crossing-Physical_Facilities,Light_Conditions,Weather_Conditions,Road_Surface_Conditions,Special_Conditions_at_Site,Carriageway_Hazards,Urban_or_Rural_Area,Did_Police_Officer_Attend_Scene_of_Accident,LSOA_of_Accident_Location,Date,Vehicle_Reference,Casualty_Reference,Casualty_Class,Sex_of_Casualty,Age_of_Casualty,Age_Band_of_Casualty,Casualty_Severity,Pedestrian_Location,Pedestrian_Movement,Car_Passenger,Bus_or_Coach_Passenger,Pedestrian_Road_Maintenance_Worker,Casualty_Type,Casualty_Home_Area_Type
42933,77.32020963,28.62150244,6,3,1,1,3,18:20,109,E08000007,3,626,6,30,9,4,6,0,0,0,1,1,1,0,0,1,1,E01005835,20-09-2018,2,2,1,1,29,6,3,0,0,0,0,-1,9,1
42934,77.29207075,28.59876651,6,3,1,1,1,11:15,109,E08000007,3,5102,6,30,3,4,6,0,0,0,1,1,2,6,0,1,1,E01005803,18-09-2018,1,1,1,2,45,7,3,0,0,0,0,-1,9,1
42935,77.31081085,28.67584801,6,2,1,1,6,13:40,109,E08000007,6,0,6,30,3,4,6,0,0,0,1,1,1,0,0,1,1,E01005840,16-09-2018,1,1,2,2,70,10,3,0,0,1,0,-1,9,1
42936,77.19135838,28.57604411,6,3,2,1,2,08:00,109,E08000007,3,34,3,30,0,-1,-1,0,0,0,1,1,1,0,0,1,1,E01005768,19-09-2018,1,1,1,1,45,7,1,0,0,0,0,-1,5,1
42937,77.16524429,28.53460566,6,3,2,1,4,00:05,109,E08000007,4,6167,6,30,6,4,6,0,0,0,4,1,1,0,0,1,1,E01005893,21-09-2018,1,2,2,2,57,9,3,0,0,1,0,-1,9,1
42938,77.19780101,28.65270027,6,3,3,1,4,12:31,109,E08000007,3,560,2,30,6,2,3,560,0,0,1,1,1,0,0,1,1,E01005822,21-09-2018,2,1,1,1,59,9,3,0,0,0,0,-1,9,1
42939,77.116826,28.57334864,6,3,1,1,4,15:20,109,E08000007,6,0,6,30,0,-1,-1,0,0,0,1,1,1,0,0,1,1,E01005758,21-09-2018,1,1,1,1,34,6,3,0,0,0,0,-1,9,1
42940,77.27575407,28.56513394,6,2,1,1,6,14:53,109,E08000007,4,6167,6,30,0,-1,-1,0,0,0,1,1,1,0,0,1,1,E01005914,23-09-2018,1,3,2,1,23,5,3,0,0,2,0,-1,9,1
42941,77.26881805,28.60616183,6,3,1,1,7,17:20,109,E08000007,6,0,6,30,3,3,4,5169,0,0,1,1,1,0,0,1,1,E01005867,24-09-2018,1,4,2,2,21,5,3,0,0,2,0,-1,9,1
42942,77.1721743,28.66418001,6,3,2,2,2,19:10,109,E08000007,3,560,6,50,0,-1,-1,0,0,0,1,1,1,0,0,2,1,E01005757,26-09-2018,2,2,2,1,23,5,3,0,0,1,0,-1,9,1
42943,77.30735881,28.67870568,6,2,1,1,2,09:57,109,E08000007,6,0,6,30,3,4,6,0,0,0,1,1,1,0,0,1,1,E01005867,26-09-2018,1,2,1,1,32,6,3,0,0,0,0,-1,9,1
42944,77.2708057,28.64785821,6,3,2,2,2,20:46,109,E08000007,6,0,6,30,9,4,6,0,0,0,4,2,2,0,0,1,1,E01005779,26-09-2018,2,1,1,2,24,5,3,0,0,0,0,-1,9,1
42945,77.13329597,28.66110133,6,3,2,1,3,08:20,109,E08000007,4,5094,6,30,3,4,6,0,0,0,1,1,1,0,0,1,1,E01005924,27-09-2018,2,1,1,2,51,8,3,0,0,0,0,-1,9,1
42946,77.12578438,28.68081016,6,3,1,1,3,17:55,109,E08000007,6,0,6,30,0,-1,-1,0,0,0,1,1,1,0,0,1,1,E01005801,27-09-2018,1,1,3,1,15,3,2,5,2,0,0,-1,0,1
42947,77.27928724,28.68501912,6,3,2,2,5,10:56,109,E08000007,4,6167,3,30,9,4,6,0,0,4,1,1,1,0,0,1,1,E01005895,22-09-2018,2,1,1,2,48,8,3,0,0,0,0,-1,9,1
42948,77.30734143,28.68144986,6,3,1,1,3,13:20,109,E08000007,6,0,6,30,3,4,6,0,0,0,1,1,1,0,0,1,1,E01005769,27-09-2018,1,1,1,1,43,7,3,0,0,0,0,-1,9,1
42949,77.21051831,28.62097676,6,3,2,1,7,16:00,109,E08000007,6,0,6,30,0,-1,-1,0,0,0,1,1,1,0,0,1,2,E01005889,24-09-2018,2,2,1,1,42,7,3,0,0,0,0,-1,9,-1
42950,77.27516155,28.5522912,6,3,2,1,2,17:40,109,E08000007,6,0,6,30,3,2,3,626,0,0,1,1,1,0,0,1,1,E01005884,26-09-2018,1,1,1,2,24,5,3,0,0,0,0,-1,9,1
42951,77.24736429,28.64042268,6,3,2,1,5,07:45,109,E08000007,3,5143,1,30,1,3,3,5102,0,4,1,1,1,0,0,1,2,E01005812,29-09-2018,1,2,2,2,72,10,2,0,0,2,0,-1,9,-1
42952,77.16385398,28.5448051,6,3,3,1,6,20:40,109,E08000007,3,560,6,30,3,4,6,0,0,0,4,5,2,0,0,1,1,E01005769,30-09-2018,1,3,2,2,42,7,3,0,0,1,0,-1,9,1
42953,77.30664782,28.62052562,6,3,2,1,5,15:30,109,E08000007,5,0,6,30,6,4,5,0,0,0,1,1,1,0,0,1,2,E01005908,22-09-2018,1,4,2,1,43,7,3,0,0,2,0,-1,9,1
42954,77.26070172,28.70890842,6,3,3,3,5,20:05,109,E08000007,3,6,6,30,3,2,6,0,0,0,4,2,2,0,0,1,1,E01005825,29-09-2018,1,1,2,1,14,3,3,0,0,0,3,-1,11,1
42955,77.14904925,28.63305018,6,2,1,1,6,08:45,109,E08000007,5,0,6,30,3,4,6,0,0,8,1,2,2,0,0,1,1,E01005827,30-09-2018,1,1,3,2,44,7,3,5,1,0,0,-1,0,1
42956,77.36185977,28.64580274,6,3,1,1,6,15:30,109,E08000007,5,0,6,30,9,4,6,0,1,0,1,1,1,0,0,1,2,E01005760,30-09-2018,1,1,2,2,16,4,3,0,0,1,0,-1,9,1
42957,77.13169816,28.56189302,6,3,2,1,5,08:50,109,E08000007,6,0,6,30,3,4,6,0,0,0,1,2,2,0,0,1,2,E01005877,29-09-2018,1,1,2,2,18,4,3,0,0,1,0,-1,9,-1
42958,77.16271658,28.54480045,6,3,2,1,4,08:15,109,E08000007,3,6,3,30,9,1,6,0,0,4,1,1,1,0,0,1,2,E01005801,28-09-2018,1,2,2,1,18,4,3,0,0,2,0,-1,9,-1
42959,77.29174945,28.5986172,6,3,2,1,6,09:00,109,E08000007,3,5102,6,30,1,4,6,0,0,8,1,2,2,0,0,1,1,E01005808,30-09-2018,1,3,2,1,18,4,3,0,0,2,0,-1,9,-1
42960,77.35787315,28.65469005,6,3,1,1,6,14:51,109,E08000007,6,0,6,30,3,4,6,0,0,0,1,1,1,0,0,1,1,E01005822,30-09-2018,1,4,2,1,18,4,3,0,0,2,0,-1,9,-1
42961,77.25804074,28.53723537,6,3,2,2,7,20:55,109,E08000007,3,6017,6,30,6,4,6,0,0,1,4,1,1,0,0,1,1,E01005749,24-09-2018,2,1,1,2,20,4,3,0,0,0,0,-1,4,1
42962,77.09729443,28.72165279,6,3,2,1,2,13:00,109,E08000007,3,5102,6,30,0,-1,-1,0,0,0,1,1,1,0,0,1,1,E01005808,03-10-2018,1,1,1,1,53,8,3,0,0,0,0,-1,9,-1
42963,77.29351197,28.69187495,6,3,2,1,4,20:55,109,E08000007,3,6,6,30,7,1,6,0,0,4,4,1,1,0,0,1,1,E01005831,05-10-2018,1,1,2,1,81,11,3,0,0,0,4,-1,11,-1
42964,77.33366576,28.64111022,6,3,1,1,6,01:35,109,E08000007,3,6,6,30,3,4,6,0,0,4,7,8,2,0,0,1,1,E01005838,30-09-2018,1,1,3,1,21,5,2,5,1,0,0,-1,0,1
42965,77.22868375,28.68429187,6,3,2,1,4,22:34,109,E08000007,5,0,6,30,9,4,6,0,0,0,4,1,1,0,0,1,1,E01005759,05-10-2018,1,1,3,2,8,2,3,1,1,0,0,-1,0,1
42966,77.37193945,28.56689804,6,3,1,1,6,22:00,109,E08000007,3,626,6,30,0,-1,-1,0,0,0,4,1,1,0,0,1,1,E01005866,07-10-2018,1,1,1,1,22,5,3,0,0,0,0,-1,9,1
42967,77.29124767,28.64834948,6,3,2,2,7,12:38,109,E08000007,4,6104,6,30,3,2,6,0,0,0,1,2,2,0,0,1,1,E01005752,08-10-2018,1,1,1,1,21,5,2,0,0,0,0,-1,9,1
42968,77.13514478,28.55228122,6,3,2,1,3,09:30,109,E08000007,6,0,1,30,1,2,5,0,0,4,1,1,1,0,0,1,2,E01005822,11-10-2018,2,2,1,1,22,5,2,0,0,0,0,-1,9,-1
42969,77.34268259,28.56981377,6,3,2,1,3,15:35,109,E08000007,4,5166,6,30,3,4,6,0,0,4,1,1,1,0,0,1,1,E01005775,11-10-2018,2,1,1,1,46,8,3,0,0,0,0,-1,1,1
42970,77.06003333,28.58977831,6,2,2,1,4,12:00,109,E08000007,3,6,6,30,6,2,4,5169,0,5,1,2,2,0,0,1,1,E01005866,12-10-2018,2,1,1,2,25,5,3,0,0,0,0,-1,9,1
42971,77.21984953,28.53950831,6,3,2,1,6,08:45,109,E08000007,6,0,6,30,3,4,6,0,0,0,1,1,1,0,0,2,2,E01005926,14-10-2018,2,1,1,1,50,8,3,0,0,0,0,-1,19,-1
42972,77.28556617,28.56296117,6,3,3,3,2,13:30,109,E08000007,3,5102,6,30,3,2,6,0,0,0,1,1,1,0,0,1,1,E01005798,10-10-2018,1,1,2,2,55,8,3,0,0,1,0,-1,9,1
42973,77.19336131,28.53499635,6,2,1,1,4,16:08,109,E08000007,5,0,6,30,3,4,6,0,0,4,1,2,2,0,0,1,1,E01005782,12-10-2018,1,2,2,1,18,4,3,0,0,2,0,-1,9,1
42974,77.19808897,28.66140342,6,3,3,3,4,19:15,109,E08000007,3,626,6,30,0,-1,-1,0,0,0,6,2,2,0,0,2,1,E01005880,12-10-2018,2,1,1,1,31,6,3,0,0,0,0,-1,9,-1
42975,77.09279574,28.72628255,6,3,1,1,4,21:42,109,E08000007,6,0,6,30,3,4,6,0,0,0,4,2,2,0,0,1,1,E01005766,12-10-2018,1,1,3,2,13,3,3,3,3,0,0,-1,0,-1
42976,77.08140026,28.54426815,6,3,1,1,5,13:10,109,E08000007,3,6,3,30,3,4,6,0,0,0,1,1,1,0,0,1,1,E01005838,13-10-2018,1,1,1,2,43,7,3,0,0,0,0,-1,9,1
42977,77.09054061,28.55460936,6,3,1,1,5,13:10,109,E08000007,3,627,6,30,0,-1,-1,0,0,0,1,1,1,0,0,1,1,E01005839,13-10-2018,1,2,2,2,48,8,3,0,0,2,0,-1,9,1
42978,77.08912911,28.70330781,6,3,2,1,5,13:01,109,E08000007,6,0,6,30,3,4,6,0,0,0,1,1,1,0,0,1,1,E01005930,13-10-2018,2,3,1,2,27,6,3,0,0,0,0,-1,9,1
42979,77.12915489,28.55669213,6,3,2,2,5,14:10,109,E08000007,3,6,6,30,9,4,6,0,0,8,1,1,1,0,0,2,1,E01005906,13-10-2018,2,4,2,1,7,2,3,0,0,2,0,-1,9,1
42980,77.14710504,28.5521995,6,3,2,1,5,17:30,109,E08000007,4,5094,6,30,3,4,6,0,0,0,1,1,1,0,0,1,2,E01005923,13-10-2018,2,5,2,2,4,1,3,0,0,2,0,-1,9,1
42981,77.34047217,28.70887683,6,3,2,1,6,15:40,109,E08000007,6,0,9,30,9,4,6,0,1,0,1,1,1,0,0,1,2,E01005815,14-10-2018,1,1,3,1,14,3,2,5,2,0,0,-1,0,1
42982,77.20074269,28.63846438,6,3,1,1,6,07:42,109,E08000007,3,6,6,30,0,-1,-1,0,0,0,1,1,1,0,0,1,1,E01005840,14-10-2018,1,1,3,1,22,5,3,5,1,0,0,-1,0,-1
42983,77.34157413,28.57151481,6,3,2,1,7,09:50,109,E08000007,3,6,9,30,3,4,6,0,0,5,1,1,1,0,0,1,2,E01005840,15-10-2018,1,1,3,1,15,3,2,6,9,0,0,-1,0,1
42984,77.16116156,28.58184532,6,3,2,1,2,15:55,109,E08000007,4,5169,6,30,6,2,3,6,0,0,1,1,1,0,0,1,1,E01005866,17-10-2018,1,2,3,1,14,3,3,6,9,0,0,-1,0,1
42985,77.2498899,28.6056562,6,3,2,1,2,13:30,109,E08000007,6,0,6,30,3,3,6,0,0,0,1,1,1,0,0,1,2,E01005840,17-10-2018,1,1,1,1,6,2,3,0,0,0,0,-1,2,1
42986,77.36824842,28.67571385,6,3,2,2,1,11:45,109,E08000007,6,0,6,30,3,4,6,0,0,0,1,1,1,0,0,1,1,E01005857,16-10-2018,2,1,1,1,17,4,3,0,0,0,0,-1,9,-1
42987,77.22498947,28.64567508,6,3,1,1,2,10:54,109,E08000007,6,0,3,30,9,4,6,0,0,0,1,1,1,0,0,2,1,E01005898,17-10-2018,1,1,1,2,35,6,3,0,0,0,0,-1,9,1
42988,77.06497005,28.65627775,6,3,2,1,4,09:20,109,E08000007,6,0,6,30,3,4,6,0,0,0,1,1,1,0,0,1,2,E01005845,19-10-2018,1,3,3,1,12,3,3,10,9,0,0,-1,0,1
42989,77.17745702,28.57382374,6,3,2,1,6,10:35,109,E08000007,3,626,6,30,3,4,4,6171,0,0,1,2,1,0,0,1,1,E01005832,21-10-2018,2,2,1,1,21,5,3,0,0,0,0,-1,9,-1
42990,77.19242251,28.69510125,6,3,2,1,5,20:25,109,E08000007,3,626,6,30,3,4,6,0,0,0,4,1,1,0,0,1,1,E01005835,20-10-2018,1,1,1,1,30,6,3,0,0,0,0,-1,9,1
42991,77.22948494,28.5507424,6,3,1,1,5,16:15,109,E08000007,6,0,6,30,0,-1,-1,0,0,0,1,1,1,0,0,1,2,E01005758,20-10-2018,1,1,1,1,54,8,3,0,0,0,0,-1,9,-1
42992,77.05834393,28.6166704,6,3,2,2,6,06:40,109,E08000007,4,5465,1,30,1,4,5,0,0,0,4,2,2,0,0,1,1,E01005821,21-10-2018,1,1,1,2,19,4,3,0,0,0,0,-1,9,-1
42993,77.18150277,28.54411258,6,3,3,3,6,19:10,109,E08000007,4,5169,7,30,3,4,6,0,0,0,4,1,2,0,0,1,1,E01005859,21-10-2018,2,1,1,1,39,7,2,0,0,0,0,-1,3,1
42994,77.13810365,28.60134142,6,3,2,2,6,17:21,109,E08000007,4,6171,6,30,3,1,6,0,0,0,1,2,2,0,0,1,1,E01005877,21-10-2018,2,1,1,2,31,6,3,0,0,0,0,-1,9,1
42995,77.36497837,28.59812116,6,2,2,4,7,01:00,109,E08000007,4,6167,6,30,3,4,6,0,0,0,4,2,2,0,0,1,1,E01005896,22-10-2018,2,1,1,1,24,5,3,0,0,0,0,-1,9,1
42996,77.35308513,28.69154889,6,3,2,1,3,21:30,109,E08000007,3,560,3,30,3,2,3,6017,0,4,4,2,2,0,0,1,1,E01005744,25-10-2018,4,1,2,2,30,6,3,0,0,1,0,-1,9,1
42997,77.33024551,28.54192867,6,3,3,1,2,12:35,102,E08000003,4,5166,6,30,6,2,5,0,0,4,1,2,2,0,0,1,1,E01005294,24-10-2018,1,1,1,2,73,10,3,0,0,0,0,-1,9,1
42998,77.25420597,28.54012135,6,3,2,3,4,20:05,109,E08000007,6,0,6,30,6,4,6,0,0,0,4,2,2,0,0,1,2,E01005822,26-10-2018,1,2,2,2,75,10,3,0,0,1,0,-1,9,1
42999,77.17242718,28.54918311,6,3,2,1,3,13:00,109,E08000007,3,560,6,30,9,2,5,0,0,5,1,9,1,0,0,1,2,E01005747,27-09-2018,1,1,1,1,27,6,2,0,0,0,0,-1,9,3
43000,77.24068339,28.60312825,6,3,2,1,2,22:26,109,E08000007,3,560,6,30,9,4,6,0,0,0,4,2,2,0,0,1,1,E01005746,24-10-2018,1,1,1,2,25,5,3,0,0,0,0,-1,9,1
43001,77.28549592,28.6720887,6,3,2,1,2,20:05,109,E08000007,5,0,6,30,3,4,6,0,0,0,4,2,2,0,0,1,1,E01005782,24-10-2018,1,1,1,2,23,5,3,0,0,0,0,-1,9,1
43002,77.23296117,28.53597692,6,2,1,1,5,15:45,109,E08000007,4,5465,6,30,6,2,3,6,0,5,1,1,1,0,0,1,1,E01005766,27-10-2018,1,2,2,1,25,5,3,0,0,1,0,-1,9,1
43003,77.21737493,28.53279197,6,3,2,1,1,14:40,109,E08000007,6,0,6,30,0,-1,-1,0,0,0,1,1,2,0,0,1,2,E01005868,30-10-2018,1,3,2,2,3,1,3,0,0,2,0,-1,9,1
43004,77.05914359,28.56283917,6,3,2,1,4,16:50,109,E08000007,6,0,6,30,9,4,6,0,0,0,1,1,1,0,0,1,2,E01005779,26-10-2018,1,1,1,2,61,9,3,0,0,0,0,-1,9,2
43005,77.11069096,28.58868263,6,3,2,1,6,19:30,109,E08000007,6,0,6,30,9,4,6,0,0,0,4,1,1,0,0,1,2,E01005868,21-10-2018,1,2,2,2,39,7,3,0,0,1,0,-1,9,1
43006,77.2028137,28.70365792,6,3,2,2,1,13:00,109,E08000007,3,627,6,30,3,4,6,0,0,0,1,1,2,0,0,1,2,E01005836,30-10-2018,2,3,1,1,26,6,3,0,0,0,0,-1,9,1
43007,77.25546461,28.54249037,6,3,2,1,2,18:00,109,E08000007,4,5465,9,30,9,4,3,560,0,0,4,1,1,0,0,1,2,E01005818,31-10-2018,2,4,2,2,23,5,3,0,0,1,0,-1,9,1
43008,77.34065403,28.64551294,6,3,2,1,2,13:15,109,E08000007,3,627,6,30,3,4,6,0,0,8,1,2,2,0,0,1,1,E01005839,24-10-2018,1,1,1,1,26,6,3,0,0,0,0,-1,9,1
43009,77.19556753,28.60763542,6,3,2,2,3,17:20,109,E08000007,3,6,6,40,0,-1,-1,0,0,0,1,2,2,0,0,1,1,E01005841,25-10-2018,3,2,2,2,26,6,3,0,0,2,0,-1,8,-1
43010,77.28138409,28.57290241,6,3,2,1,5,08:05,109,E08000007,3,6,6,30,3,4,6,0,0,0,1,1,1,0,0,1,1,E01005916,27-10-2018,1,1,1,2,24,5,3,0,0,0,0,-1,9,1
43011,77.30115833,28.70050212,6,3,2,2,6,15:50,109,E08000007,3,626,6,30,3,2,2,627,0,0,1,1,2,0,0,1,1,E01005835,28-10-2018,2,1,1,2,20,4,3,0,0,0,0,-1,9,1
43012,77.11281026,28.69994653,6,3,2,1,6,19:40,109,E08000007,4,5095,6,30,0,-1,-1,0,0,0,4,1,1,0,0,1,1,E01005788,28-10-2018,2,1,1,1,35,6,3,0,0,0,0,-1,9,-1
43013,77.16848479,28.5857137,6,3,1,1,1,11:30,109,E08000007,6,0,6,30,0,-1,-1,0,0,0,1,5,2,0,0,1,1,E01005916,30-10-2018,2,1,1,2,33,6,3,0,0,0,0,-1,9,1
43014,77.19899095,28.59363257,6,3,2,1,1,15:10,109,E08000007,5,0,6,30,6,2,6,0,0,5,1,1,1,0,0,1,1,E01005761,30-10-2018,1,1,1,1,26,6,3,0,0,0,0,-1,9,1
43015,77.24651918,28.60570527,6,3,2,1,1,10:45,109,E08000007,3,6,6,30,3,2,6,0,0,5,1,2,2,0,0,1,1,E01005917,30-10-2018,1,1,1,2,19,4,2,0,0,0,0,-1,9,1
43016,77.11535092,28.64528293,6,3,2,3,2,13:00,109,E08000007,6,0,6,30,0,-1,-1,0,0,0,1,1,1,0,0,2,1,E01005906,31-10-2018,1,1,1,1,49,8,3,0,0,0,0,-1,9,1
43017,77.35614176,28.71947915,6,3,2,1,3,08:00,109,E08000007,3,5102,6,30,3,2,5,0,0,4,1,1,2,0,0,1,2,E01005798,01-11-2018,2,1,1,2,26,6,3,0,0,0,0,-1,9,1
43018,77.24690846,28.66216595,6,3,2,1,2,08:30,109,E08000007,5,0,6,30,9,4,6,0,0,0,1,1,1,0,0,1,2,E01005867,31-10-2018,1,1,3,1,9,2,3,5,3,0,0,-1,0,1
43019,77.13522638,28.53387949,6,3,2,1,2,17:30,109,E08000007,5,0,6,30,3,4,6,0,0,0,4,1,1,0,0,1,2,E01005758,31-10-2018,1,1,1,2,20,4,3,0,0,0,0,-1,9,1
43020,77.12347998,28.582118,6,3,1,2,3,12:45,109,E08000007,3,560,6,30,3,4,6,0,0,0,1,1,1,0,0,1,2,E01005769,01-11-2018,1,1,1,1,30,6,3,0,0,0,0,-1,9,2
43021,77.07837572,28.67244943,6,3,1,1,4,16:40,109,E08000007,4,5167,6,30,6,2,5,0,1,4,1,1,2,0,0,1,2,E01005889,02-11-2018,1,1,1,1,21,5,3,0,0,0,0,-1,9,1
43022,77.25097879,28.65566226,6,3,2,1,4,10:50,109,E08000007,3,627,6,30,9,4,6,0,0,0,1,2,2,0,0,1,1,E01005839,02-11-2018,1,3,2,1,18,4,3,0,0,1,0,-1,9,1
43023,77.25262508,28.68925196,6,3,2,1,5,12:00,109,E08000007,6,0,6,30,8,4,6,0,0,0,1,1,2,0,0,1,2,E01005916,03-11-2018,2,2,1,1,44,7,3,0,0,0,0,-1,9,1
43024,77.35388631,28.62899145,6,3,1,1,4,18:00,109,E08000007,5,0,2,30,0,-1,-1,0,0,0,4,1,1,0,0,1,2,E01005840,07-12-2018,1,1,3,2,14,3,3,5,1,0,0,-1,0,1
43025,77.15206873,28.59550858,6,3,2,1,6,15:55,109,E08000007,6,0,6,30,3,4,5,0,0,0,1,1,2,0,0,1,1,E01005766,04-11-2018,1,1,2,2,19,4,3,0,0,2,0,-1,8,-1
43026,77.30419311,28.71479423,6,3,2,1,4,08:45,109,E08000007,6,0,6,30,7,1,6,0,0,0,1,4,2,0,0,1,2,E01005918,02-11-2018,1,1,1,1,37,7,3,0,0,0,0,-1,9,1
43027,77.25316192,28.70257581,6,3,2,1,5,12:00,109,E08000007,3,34,1,40,1,4,4,5358,0,0,1,5,2,0,0,2,2,E01005784,03-11-2018,2,2,1,1,45,7,3,0,0,0,0,-1,9,1
43028,77.3057292,28.66778121,6,2,1,1,6,21:00,109,E08000007,3,6,6,30,7,2,6,0,0,4,4,1,2,0,0,1,1,E01005831,04-11-2018,2,1,1,1,42,7,3,0,0,0,0,-1,9,1
43029,77.19176839,28.67397752,6,3,2,1,7,11:00,109,E08000007,3,5149,1,40,1,4,3,5102,0,0,1,2,2,0,0,1,2,E01005926,05-11-2018,1,1,1,1,50,8,3,0,0,0,0,-1,9,1
43030,77.17028916,28.72840784,6,3,2,3,3,06:50,109,E08000007,3,5145,3,30,7,2,6,0,0,0,4,2,2,0,0,1,1,E01005856,08-11-2018,1,1,1,1,28,6,3,0,0,0,0,-1,9,1
43031,77.26148364,28.68616343,6,3,1,1,3,07:50,109,E08000007,5,0,6,30,9,4,3,6,0,0,1,5,2,0,0,1,2,E01005822,08-11-2018,2,2,2,1,23,5,3,0,0,1,0,-1,9,1
43032,77.15295033,28.66624649,6,3,2,1,5,12:40,109,E08000007,3,6,6,30,0,-1,-1,0,0,0,1,1,1,0,0,1,2,E01005838,10-11-2018,2,3,1,2,53,8,3,0,0,0,0,-1,9,1
43033,77.0999594,28.64616317,6,3,1,1,5,23:05,109,E08000007,3,626,6,30,3,4,6,0,0,0,4,2,2,0,0,1,1,E01005881,10-11-2018,1,1,3,1,14,3,3,5,2,0,0,-1,0,-1
43034,77.11337676,28.72173664,6,3,3,1,7,14:10,109,E08000007,4,6167,6,30,0,-1,-1,0,0,0,1,1,2,0,0,1,1,E01005895,12-11-2018,2,1,1,1,50,8,3,0,0,0,0,-1,1,1
43035,77.23991309,28.67218647,6,3,2,1,3,21:15,109,E08000007,5,0,1,30,1,4,4,5465,0,0,4,2,2,0,0,1,1,E01005821,08-11-2018,2,1,1,1,17,4,3,0,0,0,0,-1,9,1
43036,77.08959087,28.54552506,6,3,2,1,5,07:45,109,E08000007,3,5143,6,30,3,4,6,0,0,0,1,2,2,0,0,1,1,E01005807,10-11-2018,2,2,2,2,15,3,3,0,0,1,0,-1,9,1
43037,77.22862197,28.54396184,6,3,2,1,2,09:00,109,E08000007,6,0,6,30,3,4,6,0,0,0,1,1,1,0,0,1,1,E01005778,14-11-2018,2,1,1,2,71,10,3,0,0,0,0,-1,9,1
43038,77.21795078,28.68960362,6,3,2,1,1,21:50,109,E08000007,3,560,6,30,3,4,6,0,0,0,4,1,1,0,0,1,1,E01005819,13-11-2018,1,1,1,1,17,4,3,0,0,0,0,-1,9,1
43039,77.20900163,28.64560625,6,3,3,2,1,20:25,109,E08000007,3,6,3,30,0,-1,-1,0,0,5,4,1,1,0,0,1,1,E01005758,13-11-2018,1,1,1,1,63,9,3,0,0,0,0,-1,9,1
43040,77.07083621,28.6045486,6,3,2,1,2,14:28,109,E08000007,4,5465,6,30,9,2,5,0,0,0,1,1,1,0,0,1,2,E01005766,14-11-2018,2,2,1,2,36,7,3,0,0,0,0,-1,9,1
43041,77.25824508,28.54655586,6,3,2,1,7,13:04,109,E08000007,3,560,6,30,9,4,6,0,0,0,1,2,2,0,0,1,1,E01005778,12-11-2018,1,1,3,1,11,3,3,5,3,0,0,-1,0,1
43042,77.12360727,28.54746948,6,3,2,1,1,14:35,109,E08000007,3,34,1,30,1,4,4,5094,0,0,1,1,1,0,0,2,1,E01005793,13-11-2018,1,1,1,2,24,5,3,0,0,0,0,-1,9,1
43043,77.06756466,28.64421671,6,3,2,2,7,15:40,109,E08000007,3,626,6,30,9,4,6,0,0,0,1,1,1,0,0,1,2,E01005871,12-11-2018,1,1,1,1,62,9,3,0,0,0,0,-1,9,1
43044,77.34279016,28.68625925,6,2,1,1,5,02:10,109,E08000007,6,0,6,30,7,4,6,0,0,0,4,8,4,0,0,1,1,E01005758,17-11-2018,2,2,1,2,20,4,2,0,0,0,0,-1,9,1
43045,77.25717317,28.63389846,6,3,2,1,3,12:23,109,E08000007,3,6,6,30,0,-1,-1,0,0,0,1,8,2,0,0,1,1,E01005841,08-11-2018,1,1,1,2,24,5,3,0,0,0,0,-1,9,1
43046,77.17093792,28.54118573,6,3,2,4,2,20:58,102,E08000003,3,560,6,30,6,2,4,5166,0,0,4,2,2,0,0,1,1,E01005295,14-11-2018,1,3,2,1,26,6,3,0,0,1,0,-1,9,1
43047,77.28547669,28.69445859,6,2,1,1,3,11:40,109,E08000007,4,5095,6,30,1,4,5,0,0,0,1,1,1,0,0,1,1,E01005791,15-11-2018,2,2,1,2,28,6,3,0,0,0,0,-1,9,1
43048,77.15835932,28.57012015,6,3,1,1,3,09:15,109,E08000007,6,0,6,30,3,4,3,5145,0,0,1,1,1,0,0,1,1,E01005856,15-11-2018,2,1,1,1,54,8,3,0,0,0,0,-1,5,1
43049,77.32761249,28.63921238,6,3,1,1,3,17:10,109,E08000007,6,0,6,30,3,4,6,0,0,0,4,1,1,0,0,1,2,E01005767,15-11-2018,1,1,3,2,15,3,2,5,1,0,0,-1,0,1
43050,77.34648427,28.69036815,6,3,2,2,3,09:46,109,E08000007,3,6,6,30,3,2,6,0,0,8,1,1,1,0,0,1,2,E01005215,15-11-2018,1,1,1,1,54,8,3,0,0,0,0,-1,9,1
43051,77.28101216,28.54880349,6,3,1,1,7,13:39,109,E08000007,3,560,6,30,3,2,3,6017,0,5,1,1,1,0,0,1,1,E01005751,19-11-2018,1,1,1,1,52,8,3,0,0,0,0,-1,9,1
43052,77.1224643,28.61271974,6,3,1,1,6,18:45,109,E08000007,3,6,9,30,0,-1,-1,0,0,0,4,9,1,0,0,1,2,E01005831,04-11-2018,1,1,1,1,61,9,3,0,0,0,0,-1,9,1