Accident_Index,longitude,latitude,Police_Force,Accident_Severity,Number_of_Vehicles,Number_of_Casualties,Day_of_Week,Time,Local_Authority_(District),Local_Authority_(Highway),1st_Road_Class,1st_Road_Number,Road_Type,Speed_limit,Junction_Detail,Junction_Control,2nd_Road_Class,2nd_Road_Number,Pedestrian_Crossing-Human_Control,Pedestrian_Crossing-Physical_Facilities,Light_Conditions,Weather_Conditions,Road_Surface_Conditions,Special_Conditions_at_Site,Carriageway_Hazards,Urban_or_Rural_Area,Did_Police_Officer_Attend_Scene_of_Accident,LSOA_of_Accident_Location,Date,Vehicle_Reference,Casualty_Reference,Casualty_Class,Sex_of_Casualty,Age_of_Casualty,Age_Band_of_Casualty,Casualty_Severity,Pedestrian_Location,Pedestrian_Movement,Car_Passenger,Bus_or_Coach_Passenger,Pedestrian_Road_Maintenance_Worker,Casualty_Type,Casualty_Home_Area_Type
43053,77.3461535,28.56391013,6,3,2,2,4,08:45,109,E08000007,5,0,6,30,3,4,6,0,0,0,1,1,1,0,0,1,1,E01005846,16-11-2018,1,2,2,2,60,9,3,0,0,1,0,-1,9,-1
43054,77.09669895,28.60053936,6,3,2,1,5,18:00,109,E08000007,3,560,6,30,3,4,6,0,0,0,4,1,4,0,0,1,1,E01005769,17-11-2018,1,1,1,1,26,6,3,0,0,0,0,-1,9,1
43055,77.21940441,28.63778655,6,3,2,2,6,21:20,109,E08000007,3,626,6,40,0,-1,-1,0,0,0,4,1,1,0,0,2,1,E01005915,18-11-2018,1,2,2,2,25,5,3,0,0,1,0,-1,9,1
43056,77.29404154,28.58358074,6,3,2,1,5,07:08,109,E08000007,3,6017,6,30,3,4,6,0,0,0,1,1,2,0,0,1,2,E01005905,17-11-2018,1,1,1,1,44,7,3,0,0,0,0,-1,8,1
43057,77.07730393,28.5606347,6,3,3,1,1,17:35,109,E08000007,5,0,6,30,0,-1,-1,0,0,0,4,1,2,0,0,1,1,E01005782,20-11-2018,1,1,1,2,40,7,3,0,0,0,0,-1,9,1
43058,77.3156287,28.57870668,6,3,2,1,6,08:40,109,E08000007,4,5169,6,30,3,4,6,0,0,0,1,1,4,0,0,1,1,E01005921,18-11-2018,2,2,1,1,32,6,3,0,0,0,0,-1,5,1
43059,77.29946119,28.71337725,6,3,2,1,4,07:15,109,E08000007,5,0,6,30,3,3,6,0,0,0,4,7,2,0,0,1,2,E01005840,23-11-2018,2,3,2,1,35,6,3,0,0,1,0,-1,5,1
43060,77.28211324,28.69264563,6,2,1,1,5,13:20,109,E08000007,6,0,6,30,3,4,3,560,0,0,1,1,2,0,0,1,2,E01005818,03-11-2018,1,1,1,2,59,9,3,0,0,0,0,-1,9,-1
43061,77.31643905,28.71454074,6,3,2,1,1,20:01,109,E08000007,3,5102,6,30,3,4,6,0,0,0,4,1,1,0,0,1,1,E01005797,27-11-2018,1,1,1,1,55,8,3,0,0,0,0,-1,9,1
43062,77.33832666,28.5801338,6,3,1,1,6,16:30,109,E08000007,5,0,6,30,0,-1,-1,0,0,0,1,1,1,0,0,1,2,E01005782,25-11-2018,2,2,1,2,57,9,3,0,0,0,0,-1,9,1
43063,77.14590158,28.57742385,6,3,2,1,6,15:45,109,E08000007,4,6171,6,30,3,4,6,0,0,0,1,1,1,0,0,1,2,E01005825,25-11-2018,3,3,1,2,37,7,3,0,0,0,0,-1,9,1
43064,77.32436015,28.57630125,6,1,1,1,6,11:25,109,E08000007,4,5094,6,30,1,4,3,5149,0,0,1,1,1,0,0,1,1,E01005924,25-11-2018,1,1,1,1,78,11,3,0,0,0,0,-1,9,1
43065,77.28037839,28.65401701,6,3,2,1,2,14:37,109,E08000007,6,0,6,30,3,4,6,0,0,0,1,9,2,0,0,1,2,E01005762,28-11-2018,2,2,1,1,41,7,3,0,0,0,0,-1,9,1
43066,77.10644704,28.65747938,6,3,2,1,3,16:10,109,E08000007,6,0,6,30,3,4,6,0,0,0,1,1,2,0,0,1,2,E01005878,22-11-2018,2,1,1,1,37,7,3,0,0,0,0,-1,5,1
43067,77.36487042,28.60263206,6,3,4,1,4,17:40,109,E08000007,4,5465,6,30,3,2,5,0,0,5,4,1,2,0,0,1,1,E01005766,23-11-2018,1,1,1,1,42,7,3,0,0,0,0,-1,9,1
43068,77.14205125,28.64648922,6,3,2,3,7,11:00,109,E08000007,6,0,6,30,0,-1,-1,0,0,0,1,2,2,0,0,1,1,E01005921,26-11-2018,1,1,1,1,34,6,2,0,0,0,0,-1,9,1
43069,77.19727636,28.59330834,6,3,1,1,7,11:13,109,E08000007,5,0,9,30,7,4,6,0,0,8,1,2,2,0,0,1,1,E01005782,26-11-2018,1,1,1,2,49,8,3,0,0,0,0,-1,9,1
43070,77.16281628,28.64616068,6,3,1,1,7,16:05,109,E08000007,3,627,6,30,3,4,6,0,0,0,4,1,1,0,0,1,1,E01005899,26-11-2018,2,2,1,2,72,10,3,0,0,0,0,-1,9,1
43071,77.33980761,28.59298911,6,3,1,1,3,16:30,109,E08000007,3,5149,6,30,9,4,5,0,0,0,4,1,2,0,0,1,2,E01005786,22-11-2018,1,1,1,1,79,11,3,0,0,0,0,-1,9,1
43072,77.0968429,28.5645409,6,3,2,1,6,05:45,109,E08000007,5,0,6,30,3,4,6,0,0,0,4,1,2,0,0,1,1,E01005757,25-11-2018,2,2,1,1,20,4,3,0,0,0,0,-1,9,1
43073,77.27770207,28.60776129,6,3,3,2,7,13:50,109,E08000007,6,0,6,30,3,4,6,0,0,0,1,1,2,0,2,1,1,E01005770,26-11-2018,2,3,2,1,21,5,3,0,0,2,0,-1,9,1
43074,77.33754799,28.68379243,6,3,2,1,1,00:30,109,E08000007,3,6,6,30,6,2,5,0,0,5,4,1,2,0,0,1,1,E01005822,27-11-2018,2,4,2,1,18,4,3,0,0,1,0,-1,9,1
43075,77.14644805,28.67878701,6,3,2,1,1,16:48,109,E08000007,3,626,1,30,1,4,4,6167,0,0,4,2,2,0,0,1,1,E01005916,27-11-2018,2,5,2,1,22,5,3,0,0,2,0,-1,9,1
43076,77.06333062,28.68559783,6,3,2,3,1,15:30,109,E08000007,4,6167,6,30,6,2,5,0,0,5,1,1,1,0,0,1,1,E01005889,27-11-2018,1,1,1,1,30,6,3,0,0,0,0,-1,1,1
43077,77.22339683,28.67678254,6,3,2,1,2,11:45,109,E08000007,5,0,2,30,9,4,6,0,0,0,1,3,3,0,0,1,2,E01005777,28-11-2018,1,1,1,1,32,6,3,0,0,0,0,-1,9,-1
43078,77.07582171,28.70138163,6,2,1,1,2,13:24,109,E08000007,6,0,6,30,3,4,6,0,0,0,1,3,3,4,0,1,1,E01005778,28-11-2018,1,1,3,1,54,8,3,5,1,0,0,-1,0,1
43079,77.32482731,28.70565358,6,3,2,2,5,09:45,109,E08000007,3,6,6,30,6,4,6,0,2,5,1,1,1,0,0,1,1,E01005838,27-10-2018,1,1,3,2,13,3,3,4,2,0,0,-1,0,-1
43080,77.17699171,28.68311877,6,3,1,1,4,15:20,109,E08000007,3,6017,6,30,0,-1,-1,0,0,0,1,2,2,0,0,1,2,E01005752,30-11-2018,1,2,3,2,14,3,3,4,2,0,0,-1,0,-1
43081,77.28582657,28.69908425,6,3,2,1,6,09:10,109,E08000007,5,0,6,30,3,4,6,0,0,0,1,1,2,0,0,1,2,E01005889,02-12-2018,1,1,1,2,64,9,2,0,0,0,0,-1,9,1
43082,77.09444677,28.64333655,6,3,2,1,3,15:35,109,E08000007,3,5143,1,30,1,4,3,5102,0,8,1,1,4,0,0,1,1,E01005812,29-11-2018,2,2,1,1,42,7,2,0,0,0,0,-1,5,1
43083,77.33159971,28.72291722,6,3,1,1,2,09:00,109,E08000007,6,0,6,30,9,4,6,0,0,0,1,3,3,0,0,1,1,E01005818,28-11-2018,3,1,1,1,30,6,3,0,0,0,0,-1,9,1
43084,77.06191859,28.5417453,6,3,2,1,5,10:30,109,E08000007,3,6,6,30,0,-1,-1,0,0,4,1,2,2,0,0,1,2,E01005838,01-12-2018,1,1,3,1,14,3,2,4,4,0,0,-1,0,1
43085,77.11670424,28.67630113,6,3,1,1,5,16:40,109,E08000007,6,0,6,30,6,3,6,0,0,0,4,2,2,0,0,1,2,E01005828,01-12-2018,2,1,1,1,25,5,3,0,0,0,0,-1,9,1
43086,77.13822086,28.53445544,6,3,2,1,6,16:50,109,E08000007,4,6167,6,30,9,4,4,6167,0,0,4,1,2,0,0,1,2,E01005915,02-12-2018,2,1,1,1,64,9,3,0,0,0,0,-1,9,1
43087,77.29537164,28.70271211,6,3,2,1,7,13:55,109,E08000007,6,0,1,30,1,4,5,0,0,1,1,1,2,0,0,1,2,E01005766,03-12-2018,1,1,1,1,60,9,3,0,0,0,0,-1,9,1
43088,77.1341836,28.5435599,6,3,1,1,7,17:05,109,E08000007,3,6,6,30,3,4,6,0,0,5,4,2,2,0,0,1,1,E01005758,03-12-2018,1,2,2,2,63,9,3,0,0,1,0,-1,9,1
43089,77.23098392,28.69078084,6,3,2,2,1,15:15,109,E08000007,6,0,6,30,3,4,6,0,0,0,1,1,1,0,0,1,1,E01005822,04-12-2018,2,3,2,2,56,9,3,0,0,2,0,-1,9,-1
43090,77.08238562,28.62202297,6,3,1,1,5,07:40,109,E08000007,3,5102,6,30,3,4,6,0,0,0,1,1,2,0,0,1,1,E01005930,01-12-2018,2,1,1,1,25,5,3,0,0,0,0,-1,9,1
43091,77.29642164,28.55170563,6,2,3,1,2,08:20,109,E08000007,3,34,3,40,0,-1,-1,0,0,0,1,2,2,0,0,2,1,E01005784,05-12-2018,2,1,1,1,44,7,3,0,0,0,0,-1,9,2
43092,77.21587477,28.59456834,6,3,1,1,6,14:15,109,E08000007,6,0,6,30,3,4,5,0,0,0,1,1,1,0,0,1,1,E01005793,02-12-2018,1,1,1,1,37,7,3,0,0,0,0,-1,9,1
43093,77.29388747,28.72554672,6,3,1,1,4,15:21,109,E08000007,3,560,6,30,3,4,6,0,0,0,1,1,1,0,0,1,1,E01005769,07-12-2018,1,1,3,2,4,1,2,5,4,0,0,-1,0,1
43094,77.08503285,28.59946796,6,3,1,1,3,16:30,102,E08000003,4,5166,6,30,3,4,6,0,0,0,1,1,2,0,0,1,2,E01005290,06-12-2018,1,1,1,2,44,7,2,0,0,0,0,-1,9,1
43095,77.34282398,28.63983311,6,3,1,1,4,15:30,109,E08000007,5,0,6,30,0,-1,-1,0,0,8,1,1,1,0,0,1,1,E01005748,07-12-2018,2,1,1,2,38,7,3,0,0,0,0,-1,9,1
43096,77.20215298,28.69886847,6,3,2,1,5,11:16,109,E08000007,3,6,6,30,9,4,6,0,0,0,4,2,2,0,0,1,2,E01005758,08-12-2018,2,2,2,2,56,9,3,0,0,1,0,-1,9,-1
43097,77.22799581,28.69360889,6,3,2,1,7,19:30,109,E08000007,3,5102,6,30,9,4,6,0,0,0,4,1,1,0,0,1,2,E01005924,10-12-2018,1,1,3,1,20,4,2,10,5,0,0,-1,0,-1
43098,77.18379912,28.55221692,6,3,1,1,7,12:00,109,E08000007,3,626,6,30,3,3,6,0,0,0,1,1,1,0,0,1,2,E01005832,10-12-2018,1,1,2,1,23,5,3,0,0,1,0,-1,9,1
43099,77.07469631,28.68752516,6,3,1,1,7,21:15,109,E08000007,4,6167,6,30,9,4,6,0,0,0,4,8,2,0,0,1,1,E01005896,10-12-2018,1,2,2,1,22,5,3,0,0,2,0,-1,9,-1
43100,77.18553256,28.65010661,6,3,1,1,1,23:10,109,E08000007,3,626,9,30,3,4,6,0,0,4,4,1,2,0,0,1,1,E01005884,11-12-2018,1,1,3,2,35,6,3,5,1,0,0,-1,0,1
43101,77.12151306,28.62313428,6,3,2,1,5,13:20,109,E08000007,5,0,6,30,9,4,6,0,0,0,1,4,1,0,0,1,1,E01005829,24-11-2018,1,1,1,1,30,6,3,0,0,0,0,-1,19,1
43102,77.08703957,28.62625552,6,2,1,1,3,09:17,109,E08000007,3,6,6,30,3,4,6,0,0,4,1,1,1,0,0,1,1,E01005917,13-12-2018,2,1,1,1,26,6,3,0,0,0,0,-1,19,1
43103,77.15157482,28.55078769,6,3,2,1,4,10:39,109,E08000007,5,0,6,30,0,-1,-1,0,0,4,1,8,1,0,0,1,1,E01005799,07-12-2018,2,1,1,1,40,7,3,0,0,0,0,-1,9,3
43104,77.32855887,28.54669482,6,3,2,2,4,19:55,109,E08000007,3,5149,6,30,9,4,6,0,0,0,4,1,1,0,0,1,1,E01005773,07-12-2018,2,2,2,2,45,7,3,0,0,2,0,-1,9,3
43105,77.25772517,28.5767344,6,3,2,1,3,08:35,109,E08000007,5,0,6,30,3,4,6,0,0,0,1,1,4,0,0,1,1,E01005838,13-12-2018,1,1,1,2,21,5,3,0,0,0,0,-1,9,1
43106,77.33385413,28.71822294,6,3,4,1,3,13:08,109,E08000007,3,6107,6,30,9,4,6,0,0,0,1,1,1,0,0,1,1,E01005905,13-12-2018,2,1,1,2,42,7,3,0,0,0,0,-1,9,1
43107,77.22726035,28.71907633,6,3,2,1,2,15:30,109,E08000007,6,0,1,30,1,4,3,626,0,0,1,1,1,0,0,1,2,E01005916,12-12-2018,1,1,1,1,37,7,3,0,0,0,0,-1,9,1
43108,77.14991055,28.69272875,6,3,2,1,4,18:08,109,E08000007,5,0,6,30,9,4,6,0,0,0,4,1,1,0,0,1,1,E01005780,14-12-2018,1,1,1,1,26,6,2,0,0,0,0,-1,9,-1
43109,77.06769572,28.6395376,6,3,1,1,3,19:10,109,E08000007,6,0,6,30,3,4,6,0,0,4,4,1,1,4,0,1,1,E01005780,13-12-2018,2,2,1,1,52,8,3,0,0,0,0,-1,9,1
43110,77.06261608,28.56697281,6,3,1,1,4,13:25,109,E08000007,3,6,6,30,6,2,5,0,0,5,1,1,1,0,0,1,1,E01005917,14-12-2018,1,1,1,2,39,7,3,0,0,0,0,-1,9,1
43111,77.17632987,28.59471085,6,3,2,2,5,12:00,109,E08000007,4,6104,1,30,1,4,3,626,0,0,1,1,1,0,0,1,2,E01005757,15-12-2018,2,2,1,2,35,6,3,0,0,0,0,-1,9,1
43112,77.17032852,28.58957236,6,3,2,1,3,08:05,109,E08000007,6,0,6,30,3,4,6,0,0,0,1,1,1,0,0,1,2,E01005745,13-12-2018,2,1,1,2,46,8,3,0,0,0,0,-1,3,-1
43113,77.24101274,28.71770024,6,3,1,2,7,18:13,109,E08000007,6,0,6,30,6,2,6,0,0,5,1,1,1,0,0,1,1,E01005749,03-12-2018,1,1,3,2,37,7,3,4,3,0,0,-1,0,1
43114,77.13794229,28.6790877,6,3,2,1,5,08:30,109,E08000007,6,0,2,30,3,4,6,0,0,0,1,1,1,0,0,1,2,E01005892,15-12-2018,1,1,1,1,24,5,2,0,0,0,0,-1,9,1
43115,77.18885983,28.56456133,6,3,1,1,6,17:40,109,E08000007,3,560,6,30,3,4,6,0,0,4,4,1,1,0,0,1,1,E01005774,16-12-2018,1,1,1,1,33,6,2,0,0,0,0,-1,9,1
43116,77.07594604,28.60845291,6,3,2,1,6,14:30,109,E08000007,3,560,6,30,9,4,6,0,0,0,1,1,1,0,0,1,2,E01005758,16-12-2018,2,1,1,2,45,7,2,0,0,0,0,-1,9,1
43117,77.28815887,28.58838365,6,3,1,1,7,14:50,109,E08000007,6,0,6,30,9,4,5,0,0,1,1,1,1,0,0,1,1,E01005766,17-12-2018,1,1,1,1,33,6,3,0,0,0,0,-1,9,1
43118,77.24924648,28.65278713,6,3,2,2,7,19:20,109,E08000007,3,560,6,30,3,2,3,6017,0,5,4,1,1,0,0,1,2,E01005751,17-12-2018,1,2,2,2,21,5,3,0,0,1,0,-1,9,-1
43119,77.12843611,28.54657624,6,3,2,1,7,10:20,109,E08000007,3,627,6,30,6,2,3,6017,0,0,1,1,1,0,0,1,1,E01005752,17-12-2018,2,1,1,1,49,8,3,0,0,0,0,-1,9,1
43120,77.12711653,28.72664571,6,3,2,3,7,16:45,109,E08000007,3,34,3,40,6,2,3,560,0,4,4,1,1,0,0,1,1,E01005772,17-12-2018,1,1,3,1,45,7,2,5,3,0,0,-1,0,-1
43121,77.23183665,28.66711248,6,3,2,1,5,18:00,109,E08000007,3,560,6,30,0,-1,-1,0,0,0,4,1,2,0,0,1,2,E01005749,15-12-2018,1,1,3,2,9,2,2,5,1,0,0,-1,0,1
43122,77.25014212,28.6853453,6,3,1,1,6,11:13,109,E08000007,6,0,6,30,9,4,6,0,0,0,1,1,1,0,0,1,1,E01005758,16-12-2018,1,1,1,2,33,6,3,0,0,0,0,-1,9,1
43123,77.36040638,28.55301925,6,3,2,1,1,00:30,109,E08000007,3,6017,6,30,3,4,6,0,0,0,4,1,4,0,0,1,1,E01005751,18-12-2018,1,2,2,2,65,9,3,0,0,1,0,-1,9,1
43124,77.09733436,28.61320003,6,3,1,1,4,14:48,109,E08000007,6,0,6,30,6,4,6,0,0,0,1,1,1,0,0,1,1,E01005758,14-12-2018,1,3,2,2,2,1,3,0,0,2,0,-1,9,1
43125,77.10836276,28.61133142,6,2,2,1,5,17:30,109,E08000007,6,0,6,30,3,4,6,0,0,8,4,8,2,0,0,1,1,E01005813,15-12-2018,1,1,1,1,32,6,3,0,0,0,0,-1,9,1
43126,77.11430407,28.69471045,6,3,1,1,1,20:40,109,E08000007,3,6017,6,30,0,-1,-1,0,0,0,4,2,2,0,0,1,1,E01005751,18-12-2018,2,2,1,1,30,6,3,0,0,0,0,-1,9,1
43127,77.25737184,28.59731344,6,3,2,1,3,13:00,109,E08000007,5,0,6,30,3,4,6,0,0,0,1,1,1,0,0,1,2,E01005878,20-12-2018,1,1,1,1,19,4,3,0,0,0,0,-1,9,1
43128,77.28837877,28.64547214,6,3,2,1,1,14:55,109,E08000007,3,626,6,30,3,4,6,0,0,0,1,1,2,0,0,1,1,E01005884,18-12-2018,1,1,1,2,44,7,3,0,0,0,0,-1,4,1
43129,77.25915525,28.61682272,6,3,2,1,2,06:50,109,E08000007,3,626,6,40,6,2,6,0,0,4,4,1,1,0,0,2,1,E01005758,19-12-2018,1,2,3,1,75,10,3,4,1,0,0,-1,0,-1
43130,77.23663861,28.72835747,6,3,1,5,2,08:00,109,E08000007,6,0,6,30,0,-1,-1,0,0,0,7,1,4,0,0,1,2,E01005776,19-12-2018,2,1,1,1,18,4,3,0,0,0,0,-1,9,-1
43131,77.1127831,28.56528962,6,3,2,1,4,13:40,109,E08000007,6,0,6,30,3,4,6,0,0,0,1,1,2,0,0,1,1,E01005775,21-12-2018,2,2,2,1,18,4,3,0,0,1,0,-1,9,-1
43132,77.13102819,28.67341506,6,3,2,1,5,19:00,109,E08000007,4,5358,6,30,3,4,6,0,0,0,4,1,1,0,0,1,2,E01005846,22-12-2018,2,1,1,2,29,6,3,0,0,0,0,-1,1,-1
43133,77.11858608,28.70904477,6,2,1,1,6,00:35,109,E08000007,3,6,6,30,3,4,6,0,0,5,4,1,1,0,0,1,1,E01005822,23-12-2018,1,1,3,1,8,2,3,4,1,0,0,-1,0,-1
43134,77.25780269,28.67693376,6,3,2,1,5,11:20,109,E08000007,3,6,6,30,3,2,3,626,0,4,1,2,2,6,0,1,1,E01005866,22-12-2018,1,1,1,2,50,8,3,0,0,0,0,-1,9,1
43135,77.08733154,28.57351624,6,2,1,1,6,21:14,109,E08000007,4,6167,6,30,9,4,6,0,0,4,4,2,2,0,0,1,1,E01005894,23-12-2018,2,1,1,2,39,7,3,0,0,0,0,-1,9,1
43136,77.25553393,28.5922742,6,2,3,2,2,18:30,109,E08000007,5,0,6,30,3,4,6,0,0,0,4,1,2,0,0,1,1,E01005845,26-12-2018,1,1,1,1,25,5,3,0,0,0,0,-1,9,1
43137,77.07713881,28.66656505,6,2,2,1,5,07:50,109,E08000007,5,0,6,30,0,-1,-1,0,0,0,1,8,4,0,0,1,1,E01005782,29-12-2018,2,2,1,2,37,7,3,0,0,0,0,-1,9,1
43138,77.14528994,28.58360588,6,3,3,1,4,10:50,109,E08000007,6,0,6,30,0,-1,-1,0,0,0,1,1,4,0,0,1,1,E01005856,28-12-2018,2,3,2,2,32,6,3,0,0,1,0,-1,9,1
43139,77.12230484,28.54156191,6,2,1,1,4,16:25,109,E08000007,6,0,2,30,3,4,6,0,0,0,7,1,2,0,0,1,1,E01005770,28-12-2018,2,4,2,2,5,1,3,0,0,2,0,-1,9,1
43140,77.30365343,28.69858753,6,3,2,2,5,20:10,109,E08000007,3,6,6,30,3,4,6,0,0,4,4,3,2,0,0,1,1,E01005766,29-12-2018,1,1,1,1,18,4,3,0,0,0,0,-1,9,1
43141,77.20527164,28.57617232,6,3,3,1,5,04:05,109,E08000007,6,0,6,30,3,4,6,0,0,0,4,8,4,0,0,1,1,E01005826,29-12-2018,1,2,2,1,20,4,3,0,0,1,0,-1,9,1
43142,77.34008396,28.60860771,6,3,1,1,3,21:05,109,E08000007,6,0,6,30,1,2,6,0,0,5,4,1,4,0,0,1,1,E01005758,27-12-2018,1,3,2,1,20,4,3,0,0,2,0,-1,9,1
43143,77.21362292,28.55298782,6,3,1,1,7,16:39,109,E08000007,6,0,6,30,0,-1,-1,0,0,0,4,1,2,0,0,1,1,E01005753,31-12-2018,1,4,2,1,20,4,3,0,0,2,0,-1,9,1
43144,77.16456653,28.66261912,6,3,1,1,7,04:35,109,E08000007,3,5145,6,30,0,-1,-1,0,0,0,4,1,2,0,0,1,1,E01005853,01-01-2018,1,1,1,2,29,6,3,0,0,0,0,-1,9,3
43145,77.15515518,28.53742816,6,3,2,2,3,08:10,109,E08000007,6,0,6,30,0,-1,-1,0,0,0,1,1,1,0,0,1,2,E01005822,04-01-2018,2,1,2,1,49,8,3,0,0,2,0,-1,9,1
43146,77.37042995,28.72245845,6,3,2,2,4,23:10,109,E08000007,4,5465,6,30,6,2,6,0,0,4,4,1,2,0,0,1,1,E01005877,05-01-2018,1,7,1,1,80,11,1,0,0,0,0,-1,9,3
43147,77.13955029,28.61471532,6,3,2,1,4,15:50,109,E08000007,3,34,1,30,1,4,3,555,0,0,4,2,2,0,0,2,1,E01005793,05-01-2018,2,1,1,2,19,4,2,0,0,0,0,-1,9,1
43148,77.16035767,28.54261683,6,3,2,1,3,12:40,109,E08000007,3,5149,6,30,3,4,6,0,0,0,1,1,2,0,0,1,1,E01005784,04-01-2018,2,4,2,1,18,4,3,0,0,1,0,-1,9,1
43149,77.2970601,28.56446788,6,3,2,1,5,16:10,109,E08000007,6,0,6,30,6,3,6,0,0,0,4,1,1,0,0,1,2,E01005857,06-01-2018,2,5,2,1,18,4,3,0,0,2,0,-1,9,1
43150,77.22606382,28.5695079,6,3,2,1,6,23:30,109,E08000007,3,560,6,30,3,2,3,5149,0,0,4,5,2,0,0,1,1,E01005769,07-01-2018,3,2,1,1,20,4,3,0,0,0,0,-1,9,1
43151,77.15733864,28.59056981,6,3,2,1,6,11:50,109,E08000007,3,627,6,40,0,-1,-1,0,0,0,1,4,2,0,0,1,1,E01005835,07-01-2018,3,3,2,1,19,4,3,0,0,2,0,-1,9,1
43152,77.14642562,28.6948602,6,3,2,2,6,17:10,109,E08000007,3,5149,6,30,3,4,6,0,0,0,4,1,2,0,0,1,1,E01005789,07-01-2018,3,6,2,1,17,4,2,0,0,1,0,-1,9,1
43153,77.28492389,28.6159849,6,3,2,1,7,17:35,109,E08000007,6,0,6,30,6,1,3,626,0,4,4,1,2,0,0,1,1,E01005757,08-01-2018,1,1,1,1,26,6,3,0,0,0,0,-1,9,1
43154,77.26361251,28.56269503,6,3,2,1,2,12:15,109,E08000007,6,0,2,30,3,4,3,560,0,0,1,1,1,0,0,1,2,E01005917,03-01-2018,1,2,2,1,36,7,2,0,0,1,0,-1,9,1
43155,77.15548297,28.68964529,6,3,1,1,7,18:17,109,E08000007,6,0,6,30,3,4,6,0,0,0,4,1,2,0,0,1,1,E01005822,08-01-2018,2,3,1,1,33,6,3,0,0,0,0,-1,9,1
43156,77.34458297,28.67191201,6,3,2,1,6,08:10,109,E08000007,3,5143,6,30,9,4,6,0,0,0,7,1,1,0,0,1,2,E01005807,07-01-2018,2,4,2,1,2,1,3,0,0,1,0,-1,9,1
43157,77.31078719,28.6354942,6,3,2,1,2,16:04,109,E08000007,3,6,6,30,6,2,4,5169,0,0,1,1,1,0,0,1,2,E01005866,10-01-2018,2,5,2,2,27,6,2,0,0,1,0,-1,9,1
43158,77.22589713,28.72565598,6,3,1,1,2,10:50,109,E08000007,3,6,2,30,3,4,6,0,0,0,1,1,1,0,0,1,1,E01005838,10-01-2018,1,1,1,2,30,6,2,0,0,0,0,-1,3,1
43159,77.36250888,28.66519223,6,3,1,1,3,08:13,109,E08000007,4,5095,6,30,6,1,6,0,1,0,1,1,1,0,0,1,1,E01005788,11-01-2018,1,1,3,2,4,1,3,5,1,0,0,-1,0,-1
43160,77.12591748,28.5802696,6,3,1,1,3,20:49,109,E08000007,5,0,6,30,0,-1,-1,0,0,0,4,4,1,0,0,1,1,E01005889,11-01-2018,2,1,1,1,58,9,3,0,0,0,0,-1,9,1
43161,77.25725007,28.61451869,6,3,2,2,3,12:41,109,E08000007,3,5102,6,30,6,4,6,0,0,0,1,1,1,0,0,1,1,E01005927,11-01-2018,2,2,2,2,57,9,3,0,0,1,0,-1,9,1
43162,77.15634204,28.71623062,6,3,2,1,4,16:30,109,E08000007,3,6,6,30,3,4,6,0,0,0,4,1,1,0,0,1,2,E01005758,12-01-2018,2,1,1,1,48,8,2,0,0,0,0,-1,5,-1
43163,77.18054045,28.71450906,6,3,2,1,4,06:45,109,E08000007,6,0,6,30,5,2,3,5145,0,5,4,1,1,0,0,1,1,E01005856,12-01-2018,2,1,1,1,47,8,3,0,0,0,0,-1,9,1
43164,77.33284513,28.63978509,6,3,2,1,4,08:15,109,E08000007,4,5169,6,30,3,4,6,0,0,0,1,1,1,0,0,1,1,E01005920,12-01-2018,2,2,2,2,44,7,3,0,0,1,0,-1,9,1
43165,77.21321442,28.60365073,6,3,2,1,2,18:50,109,E08000007,6,0,6,30,6,4,6,0,0,0,4,1,1,0,0,1,1,E01005758,10-01-2018,1,1,1,1,17,4,3,0,0,0,0,-1,9,1
43166,77.33710072,28.58837325,6,3,1,3,3,15:18,109,E08000007,6,0,6,30,3,4,6,0,1,0,1,1,2,0,0,1,2,E01005902,11-01-2018,1,1,3,1,23,5,3,1,1,0,0,-1,0,-1
43167,77.23762123,28.71919691,6,3,2,1,4,11:00,109,E08000007,3,6,3,30,3,2,3,626,0,0,1,4,1,0,0,1,1,E01005866,12-01-2018,1,1,3,1,9,2,2,5,1,0,0,-1,0,1
43168,77.36139116,28.65031754,6,3,2,1,4,20:20,109,E08000007,3,6,6,30,3,2,3,626,0,5,4,1,2,0,0,1,1,E01005866,12-01-2018,1,1,1,2,41,7,3,0,0,0,0,-1,9,1
43169,77.11580306,28.55698841,6,3,2,1,3,15:10,109,E08000007,6,0,1,30,1,4,6,0,0,0,1,1,1,0,0,1,2,E01005856,11-01-2018,1,1,3,1,43,7,2,5,2,0,0,-1,0,1
43170,77.11493388,28.70031338,6,3,2,3,5,02:05,109,E08000007,3,6,6,30,8,4,6,0,0,0,4,1,2,0,0,1,1,E01005869,13-01-2018,2,1,1,1,20,4,3,0,0,0,0,-1,9,1
43171,77.34934291,28.71686357,6,3,2,1,6,11:30,109,E08000007,3,626,6,30,3,4,6,0,0,0,1,1,1,0,0,1,2,E01005835,14-01-2018,2,2,2,2,45,7,3,0,0,2,0,-1,9,1
43172,77.22353492,28.53495149,6,3,2,2,7,23:30,109,E08000007,5,0,6,30,0,-1,-1,0,0,0,4,1,1,0,0,1,1,E01005757,15-01-2018,2,1,1,1,17,4,2,0,0,0,0,-1,3,1
43173,77.13385641,28.65308238,6,3,1,1,1,12:15,109,E08000007,3,6,6,30,0,-1,6,0,0,5,1,1,1,0,0,1,1,E01005758,16-01-2018,2,1,1,1,77,11,3,0,0,0,0,-1,1,1