Accident_Index,longitude,latitude,Police_Force,Accident_Severity,Number_of_Vehicles,Number_of_Casualties,Day_of_Week,Time,Local_Authority_(District),Local_Authority_(Highway),1st_Road_Class,1st_Road_Number,Road_Type,Speed_limit,Junction_Detail,Junction_Control,2nd_Road_Class,2nd_Road_Number,Pedestrian_Crossing-Human_Control,Pedestrian_Crossing-Physical_Facilities,Light_Conditions,Weather_Conditions,Road_Surface_Conditions,Special_Conditions_at_Site,Carriageway_Hazards,Urban_or_Rural_Area,Did_Police_Officer_Attend_Scene_of_Accident,LSOA_of_Accident_Location,Date,Vehicle_Reference,Casualty_Reference,Casualty_Class,Sex_of_Casualty,Age_of_Casualty,Age_Band_of_Casualty,Casualty_Severity,Pedestrian_Location,Pedestrian_Movement,Car_Passenger,Bus_or_Coach_Passenger,Pedestrian_Road_Maintenance_Worker,Casualty_Type,Casualty_Home_Area_Type
43174,77.29588483,28.53928843,6,3,2,1,3,11:40,109,E08000007,3,6,6,30,1,4,6,0,0,4,1,3,2,0,0,1,1,E01005874,18-01-2018,1,1,1,1,38,7,3,0,0,0,0,-1,9,1
43175,77.15708446,28.53346273,6,3,2,1,2,18:45,109,E08000007,3,560,6,30,3,2,4,6167,0,0,4,2,2,0,0,1,2,E01005918,17-01-2018,1,2,2,1,35,6,3,0,0,1,0,-1,9,-1
43176,77.27694373,28.61850997,6,3,1,1,2,12:10,109,E08000007,3,560,6,30,3,4,6,0,0,0,1,1,2,0,0,1,2,E01005747,17-01-2018,1,1,3,2,62,9,3,5,1,0,0,-1,0,1
43177,77.2311739,28.66490734,6,3,2,3,3,17:44,109,E08000007,6,0,6,30,6,2,6,0,0,5,4,1,2,0,0,1,1,E01005875,18-01-2018,1,1,1,1,38,7,2,0,0,0,0,-1,5,1
43178,77.17213251,28.54395665,6,3,2,1,4,18:20,109,E08000007,5,0,6,30,3,4,5,0,0,0,4,2,2,0,0,1,2,E01005870,19-01-2018,1,1,3,2,74,10,2,5,1,0,0,-1,0,1
43179,77.08003703,28.53361396,6,3,2,1,4,12:30,109,E08000007,6,0,6,30,6,4,6,0,0,0,1,1,1,4,0,1,2,E01005917,19-01-2018,1,1,3,1,65,9,3,5,1,0,0,-1,0,2
43180,77.28249998,28.55268041,6,3,1,1,5,15:50,109,E08000007,6,0,6,30,3,4,6,0,0,0,1,1,2,0,0,1,1,E01005909,20-01-2018,1,1,1,1,20,4,3,0,0,0,0,-1,9,1
43181,77.20645512,28.64217845,6,3,2,2,6,07:20,109,E08000007,5,0,6,30,3,4,5,0,0,0,4,1,2,0,0,1,1,E01005825,21-01-2018,1,1,1,1,17,4,2,0,0,0,0,-1,9,-1
43182,77.1745447,28.55075531,6,3,2,1,6,00:45,109,E08000007,5,0,6,30,3,4,6,0,0,0,4,1,1,0,0,1,2,E01005821,21-01-2018,1,1,2,2,42,7,3,0,0,1,0,-1,9,-1
43183,77.09560354,28.65928241,6,3,2,1,7,11:30,109,E08000007,5,0,6,30,3,3,6,0,0,0,1,1,1,0,0,2,2,E01005913,22-01-2018,1,2,1,1,46,8,3,0,0,0,0,-1,9,1
43184,77.09652971,28.58471737,6,2,2,1,5,14:15,109,E08000007,6,0,6,30,3,4,6,0,0,0,1,1,2,0,0,1,1,E01005779,27-01-2018,1,1,1,2,27,6,3,0,0,0,0,-1,9,1
43185,77.3027618,28.56720636,6,3,1,1,4,18:23,109,E08000007,5,0,2,30,3,4,6,0,0,0,4,1,1,0,0,1,2,E01005760,16-02-2018,1,1,1,2,39,7,3,0,0,0,0,-1,9,1
43186,77.31899382,28.62462188,6,3,2,1,1,16:20,109,E08000007,3,627,6,30,0,-1,-1,0,0,0,1,1,1,0,0,2,1,E01005884,23-01-2018,2,2,1,1,37,7,3,0,0,0,0,-1,1,1
43187,77.30297571,28.64331967,6,3,2,1,1,18:20,109,E08000007,3,560,6,30,3,4,6,0,0,0,4,1,1,0,0,1,1,E01005746,23-01-2018,1,1,1,2,20,4,3,0,0,0,0,-1,9,1
43188,77.32804291,28.53900805,6,3,1,1,4,18:40,109,E08000007,3,6,3,30,9,4,6,0,0,0,4,2,2,0,0,1,2,E01005822,19-01-2018,1,2,2,2,19,4,3,0,0,1,0,-1,9,1
43189,77.25709564,28.54777349,6,3,2,1,1,20:50,109,E08000007,6,0,6,30,3,4,6,0,0,0,4,1,1,0,0,1,1,E01005867,23-01-2018,2,3,2,1,20,4,3,0,0,1,0,-1,9,-1
43190,77.07836889,28.62434716,6,3,2,2,2,09:05,109,E08000007,3,626,6,30,3,4,6,0,0,4,1,1,1,0,0,1,2,E01005916,24-01-2018,1,1,1,2,23,5,3,0,0,0,0,-1,9,1
43191,77.35256459,28.67748011,6,3,1,1,3,07:40,109,E08000007,3,6,6,30,0,-1,6,0,0,0,1,1,1,0,0,1,1,E01005801,25-01-2018,1,2,2,1,25,5,3,0,0,1,0,-1,9,1
43192,77.07159121,28.64833389,6,3,2,1,3,07:50,109,E08000007,3,5102,6,30,3,4,6,0,0,0,1,1,1,0,0,1,1,E01005800,25-01-2018,1,3,2,2,3,1,3,0,0,2,0,-1,9,1
43193,77.12423266,28.72616281,6,3,2,1,6,10:15,109,E08000007,3,34,1,30,1,4,4,5094,0,0,1,1,1,0,0,2,2,E01005793,28-01-2018,1,1,1,2,38,7,1,0,0,0,0,-1,9,1
43194,77.17093514,28.70124482,6,2,2,3,7,05:35,109,E08000007,3,6,6,40,0,-1,-1,0,0,0,4,2,2,0,0,1,1,E01005842,29-01-2018,1,1,3,2,10,2,3,1,2,0,0,-1,0,-1
43195,77.33903417,28.72530926,6,3,1,1,6,20:30,109,E08000007,3,626,6,30,0,-1,-1,0,0,0,4,1,2,0,0,1,1,E01005832,28-01-2018,1,1,1,1,25,5,3,0,0,0,0,-1,9,1
43196,77.36288219,28.60655312,6,3,2,1,5,19:15,109,E08000007,3,6017,6,30,3,4,6,0,0,0,4,1,1,0,0,1,1,E01005752,27-01-2018,1,3,2,2,21,5,3,0,0,1,0,-1,9,1
43197,77.15186053,28.66020118,6,3,2,1,1,14:00,109,E08000007,4,5465,6,30,3,4,6,0,0,0,1,1,1,0,0,1,2,E01005877,23-01-2018,1,4,2,1,1,1,3,0,0,2,0,-1,9,1
43198,77.35941126,28.66392546,6,3,2,1,7,10:10,109,E08000007,3,626,6,30,3,4,6,0,0,4,1,1,1,0,0,1,2,E01005884,29-01-2018,2,2,1,1,54,8,3,0,0,0,0,-1,9,-1
43199,77.0887682,28.60094726,6,1,1,2,1,22:43,109,E08000007,4,5166,6,30,3,4,6,0,0,0,4,1,2,0,0,1,1,E01005851,09-01-2018,1,1,1,1,27,6,3,0,0,0,0,-1,9,1
43200,77.26378243,28.59632803,6,3,3,1,4,15:24,100,E08000001,3,58,6,30,6,2,3,58,0,0,1,1,1,0,0,1,1,E01004938,26-01-2018,2,2,1,1,40,7,3,0,0,0,0,-1,9,1
43201,77.07859033,28.60216078,6,3,2,1,5,10:50,109,E08000007,5,0,6,30,6,2,4,6171,0,0,1,1,2,0,0,1,1,E01005824,03-02-2018,1,1,1,1,35,6,1,0,0,0,0,-1,5,-1
43202,77.13815434,28.54119685,6,3,2,1,2,15:05,109,E08000007,3,6,6,30,3,4,6,0,0,0,1,1,1,0,0,1,1,E01005917,31-01-2018,1,1,1,1,29,6,3,0,0,0,0,-1,9,-1
43203,77.06036948,28.62327074,6,3,2,1,3,17:15,109,E08000007,3,6,6,30,0,-1,-1,0,0,0,4,1,1,0,0,1,1,E01005766,01-02-2018,2,2,1,1,27,6,3,0,0,0,0,-1,9,-1
43204,77.24288852,28.53722728,6,3,2,1,3,10:50,109,E08000007,3,6017,6,30,3,4,6,0,0,0,1,1,1,0,0,1,1,E01005752,01-02-2018,1,1,3,2,28,6,3,6,5,0,0,-1,0,1
43205,77.22132574,28.64376103,6,3,2,1,4,17:10,109,E08000007,3,34,3,50,0,-1,-1,0,0,0,4,1,1,0,0,2,2,E01005784,02-02-2018,1,1,1,1,30,6,3,0,0,0,0,-1,9,1
43206,77.16526288,28.68079652,6,3,1,1,4,16:28,109,E08000007,3,5102,6,30,3,4,6,0,0,4,1,1,1,0,0,1,1,E01005930,02-02-2018,1,3,2,2,21,5,3,0,0,2,0,-1,9,1
43207,77.12905218,28.68494834,6,3,2,1,4,17:58,109,E08000007,3,5102,6,30,3,4,6,0,0,0,4,1,1,0,0,1,1,E01005798,02-02-2018,2,2,1,1,60,9,3,0,0,0,0,-1,9,1
43208,77.29790234,28.58699195,6,3,2,1,4,15:30,109,E08000007,5,0,6,30,6,4,6,0,0,0,1,1,1,0,0,1,1,E01005759,02-02-2018,1,1,3,2,25,5,3,5,1,0,0,-1,0,1
43209,77.172108,28.55979186,6,3,1,1,1,19:45,109,E08000007,3,34,9,40,9,4,1,60,0,5,4,1,1,4,0,1,1,E01005768,30-01-2018,1,1,1,1,25,5,3,0,0,0,0,-1,9,1
43210,77.10773346,28.6071433,6,3,2,1,6,14:25,109,E08000007,3,5149,6,30,3,4,6,0,0,8,1,1,1,0,0,1,1,E01005773,28-01-2018,1,1,2,2,20,4,3,0,0,0,4,-1,11,-1
43211,77.21072661,28.71452499,6,3,2,1,1,21:30,109,E08000007,6,0,1,30,1,4,6,0,0,0,4,8,4,0,0,1,2,E01005915,23-01-2018,1,1,1,2,23,5,3,0,0,0,0,-1,9,1
43212,77.08159672,28.56375029,6,3,2,1,4,16:45,109,E08000007,5,0,2,30,6,4,6,0,0,0,1,1,1,0,0,1,1,E01005831,02-02-2018,1,2,1,2,58,9,3,0,0,0,0,-1,9,1
43213,77.12847093,28.64216088,6,3,2,1,5,09:03,109,E08000007,3,560,6,30,2,4,6,0,0,0,1,1,1,0,0,1,1,E01005749,03-02-2018,2,1,1,2,18,4,3,0,0,0,0,-1,9,1
43214,77.10049599,28.57143868,6,3,3,1,5,08:25,109,E08000007,3,626,9,30,0,-1,-1,0,0,0,1,1,2,0,0,2,1,E01005883,03-02-2018,1,1,1,2,39,7,3,0,0,0,0,-1,9,1
43215,77.28045612,28.56556132,6,3,2,1,6,13:30,109,E08000007,4,5465,6,30,3,4,6,0,0,0,1,1,1,0,0,1,1,E01005816,04-02-2018,1,2,2,2,5,1,3,0,0,1,0,-1,9,-1
43216,77.13866479,28.59825154,6,3,1,1,7,12:11,109,E08000007,6,0,6,30,9,4,6,0,0,0,1,1,1,0,0,1,2,E01005758,05-02-2018,1,1,1,1,38,7,3,0,0,0,0,-1,9,1
43217,77.06497759,28.55375275,6,3,2,1,1,12:45,109,E08000007,5,0,6,30,3,4,6,0,0,0,1,1,1,0,0,1,1,E01005757,06-02-2018,2,2,1,1,19,4,3,0,0,0,0,-1,9,1
43218,77.23314411,28.54813301,6,3,2,1,2,21:10,109,E08000007,3,5149,6,30,3,4,6,0,0,0,4,1,1,0,0,1,1,E01005773,07-02-2018,1,2,2,1,21,5,3,0,0,1,0,-1,9,1
43219,77.06003586,28.69609073,6,3,2,1,7,13:25,109,E08000007,3,560,1,30,1,4,1,60,0,0,1,1,1,0,0,1,1,E01005819,05-02-2018,2,1,1,2,34,6,3,0,0,0,0,-1,9,1
43220,77.29576958,28.60712692,6,3,2,1,3,17:15,109,E08000007,3,626,6,40,0,-1,-1,0,0,0,4,1,1,0,0,1,1,E01005758,08-02-2018,2,3,2,2,29,6,3,0,0,1,0,-1,9,1
43221,77.35447889,28.67642909,6,3,1,1,2,23:15,109,E08000007,3,5415,6,30,0,-1,-1,0,0,0,4,1,2,0,0,1,1,E01005855,07-02-2018,2,1,1,2,40,7,3,0,0,0,0,-1,9,-1
43222,77.10477342,28.57047765,6,3,2,1,3,09:30,109,E08000007,6,0,6,30,9,4,5,0,0,0,1,1,1,0,0,1,2,E01005757,08-02-2018,2,2,2,2,60,9,3,0,0,1,0,-1,9,-1
43223,77.19164308,28.63855047,6,3,2,1,3,17:20,109,E08000007,6,0,6,30,0,-1,-1,0,0,0,1,1,1,0,0,1,1,E01005772,08-02-2018,1,1,1,2,32,6,3,0,0,0,0,-1,9,3
43224,77.20469777,28.5721154,6,3,2,2,6,08:14,109,E08000007,3,627,6,30,6,2,3,6017,0,0,1,1,1,0,0,1,1,E01005752,11-02-2018,1,1,1,1,35,6,3,0,0,0,0,-1,8,1
43225,77.31066624,28.70258729,6,3,2,1,6,07:50,109,E08000007,4,6167,6,30,3,4,6,0,0,0,1,1,2,0,0,1,2,E01005894,11-02-2018,1,1,1,1,20,4,3,0,0,0,0,-1,9,1
43226,77.08393409,28.53710627,6,3,1,1,6,20:30,109,E08000007,3,5102,6,30,3,2,5,0,2,5,4,5,2,0,0,1,1,E01005798,11-02-2018,2,2,1,1,37,7,3,0,0,0,0,-1,9,1
43227,77.24953026,28.55714514,6,3,2,1,7,11:30,109,E08000007,4,6167,6,30,6,4,6,0,0,1,1,4,2,0,0,1,2,E01005896,12-02-2018,1,1,1,2,20,4,3,0,0,0,0,-1,9,1
43228,77.16390347,28.64183423,6,3,2,1,3,12:50,109,E08000007,3,6,6,30,6,2,6,0,0,0,1,1,1,0,0,1,1,E01005758,08-02-2018,1,2,3,2,78,11,2,4,1,0,0,-1,0,1
43229,77.20927268,28.54076128,6,3,1,1,5,10:31,109,E08000007,6,0,6,30,0,-1,-1,0,0,0,1,1,1,0,0,1,1,E01005820,10-02-2018,1,1,1,1,58,9,2,0,0,0,0,-1,3,1
43230,77.21819742,28.569595,6,3,1,1,6,22:55,109,E08000007,3,626,6,30,3,2,3,627,0,0,4,2,2,0,0,2,1,E01005884,11-02-2018,2,1,1,2,41,7,2,0,0,0,0,-1,2,1
43231,77.29815807,28.72834246,6,3,1,1,4,16:25,109,E08000007,6,0,6,30,0,-1,-1,0,0,0,1,1,1,0,0,1,1,E01005919,09-02-2018,1,1,1,2,31,6,3,0,0,0,0,-1,9,1
43232,77.32608511,28.64167587,6,3,2,1,6,12:10,109,E08000007,3,560,6,30,0,-1,-1,0,0,4,1,1,1,0,0,1,1,E01005758,11-02-2018,2,2,2,2,38,7,3,0,0,1,0,-1,9,1
43233,77.31606537,28.60902143,6,3,1,1,7,01:00,109,E08000007,3,6017,6,40,3,4,5,0,0,0,4,2,2,0,0,1,2,E01005744,12-02-2018,2,3,2,2,18,4,3,0,0,2,0,-1,9,1
43234,77.33676496,28.65675986,6,3,2,1,7,10:26,109,E08000007,3,6,6,30,3,2,6,0,0,4,1,1,2,0,0,1,1,E01005916,12-02-2018,1,1,1,2,35,6,3,0,0,0,0,-1,9,1
43235,77.27395307,28.67093321,6,3,2,2,1,00:38,109,E08000007,3,560,6,30,3,2,6,0,0,0,4,2,2,0,0,1,2,E01005778,13-02-2018,1,2,2,1,2,1,3,0,0,2,0,-1,9,-1
43236,77.09155068,28.68016435,6,3,1,1,3,14:30,109,E08000007,3,560,6,30,3,4,6,0,0,0,1,1,1,0,0,1,1,E01005769,15-02-2018,2,1,1,1,40,7,3,0,0,0,0,-1,9,1
43237,77.35227177,28.60538698,6,3,2,1,5,13:20,109,E08000007,3,560,2,30,9,4,5,0,0,0,1,1,1,0,0,2,1,E01005751,10-02-2018,1,1,1,1,55,8,3,0,0,0,0,-1,19,1
43238,77.31847407,28.59725769,6,3,2,4,6,18:50,109,E08000007,3,6,3,30,0,-1,-1,0,0,0,4,2,2,4,0,1,2,E01005836,11-02-2018,1,3,2,1,20,4,3,0,0,1,0,-1,19,-1
43239,77.31084488,28.61492254,6,2,2,1,2,15:40,109,E08000007,3,6,6,30,0,-1,-1,0,0,0,1,1,1,0,0,1,2,E01005841,14-02-2018,2,2,1,1,18,4,3,0,0,0,0,-1,9,3
43240,77.14553454,28.65707344,6,3,2,1,3,10:45,109,E08000007,4,5095,6,30,3,2,6,0,0,0,1,1,1,0,0,1,1,E01005769,15-02-2018,2,1,1,1,30,6,3,0,0,0,0,-1,9,1
43241,77.3262382,28.54843792,6,3,2,2,5,11:10,109,E08000007,3,6,6,30,3,2,3,5102,0,0,1,1,1,0,0,1,2,E01005797,17-02-2018,2,2,2,2,28,6,3,0,0,1,0,-1,9,1
43242,77.20330571,28.5390761,6,3,2,1,5,16:45,109,E08000007,6,0,6,30,6,4,6,0,0,0,1,1,1,4,0,1,2,E01005872,17-02-2018,1,1,3,2,42,7,3,5,1,0,0,-1,0,1
43243,77.29428863,28.54283066,6,3,2,1,5,08:15,109,E08000007,6,0,6,30,6,4,3,626,0,0,1,1,1,0,0,1,2,E01005872,17-02-2018,1,1,1,2,25,5,3,0,0,0,0,-1,9,1
43244,77.19429942,28.65309049,6,3,2,1,6,11:00,109,E08000007,3,626,3,40,6,2,6,0,0,5,1,2,2,0,0,1,1,E01005872,18-02-2018,1,1,1,1,28,6,3,0,0,0,0,-1,9,1
43245,77.08322661,28.61094171,6,3,1,1,7,11:56,109,E08000007,3,5149,6,30,3,3,6,0,0,0,1,1,1,0,0,1,2,E01005786,19-02-2018,1,2,2,2,27,6,3,0,0,1,0,-1,9,1
43246,77.19163216,28.66299821,6,3,2,1,1,10:30,109,E08000007,3,6017,6,30,3,2,3,560,0,5,1,1,1,0,0,1,1,E01005751,20-02-2018,2,1,1,1,43,7,3,0,0,0,0,-1,9,1
43247,77.1213535,28.67094513,6,3,2,1,2,15:40,109,E08000007,4,5465,6,30,0,-1,-1,0,0,0,1,1,1,0,0,1,1,E01005764,21-02-2018,1,1,3,2,12,3,3,5,4,0,0,-1,0,1
43248,77.16242727,28.70409356,6,3,3,1,2,17:45,109,E08000007,6,0,6,30,3,4,6,0,0,0,4,2,2,0,0,1,1,E01005802,21-02-2018,2,1,1,1,43,7,3,0,0,0,0,-1,9,1
43249,77.3671666,28.62428984,6,3,2,1,2,09:20,109,E08000007,3,560,6,30,1,4,6,0,0,0,1,1,1,0,0,1,2,E01005861,21-02-2018,1,1,3,2,11,3,2,4,1,0,0,-1,0,1
43250,77.19987002,28.54514002,6,3,2,2,3,15:15,109,E08000007,5,0,6,30,6,4,6,0,0,0,1,1,2,0,0,1,1,E01005831,22-02-2018,1,1,1,1,24,5,3,0,0,0,0,-1,9,1
43251,77.26293317,28.67224666,6,3,2,1,5,22:30,109,E08000007,5,0,6,30,3,4,6,0,0,0,4,1,2,0,0,1,2,E01005759,24-02-2018,1,2,2,1,34,6,3,0,0,1,0,-1,9,-1
43252,77.34635129,28.6440337,6,3,2,1,3,16:45,109,E08000007,6,0,9,30,3,4,4,5169,0,0,1,1,2,0,0,1,2,E01005920,22-02-2018,1,1,1,1,74,10,3,0,0,0,0,-1,9,1
43253,77.13725161,28.62282224,6,3,2,2,4,15:30,109,E08000007,3,5102,6,30,3,4,6,0,0,1,1,1,2,0,0,1,1,E01005930,23-02-2018,1,1,3,1,25,5,3,5,3,0,0,-1,0,1
43254,77.28192205,28.66566439,6,3,4,2,5,09:10,109,E08000007,3,6,6,30,0,-1,-1,0,0,0,1,3,2,0,0,1,1,E01005917,24-02-2018,1,1,1,2,41,7,3,0,0,0,0,-1,9,3
43255,77.29579696,28.56253182,6,2,1,3,7,16:30,109,E08000007,4,6101,6,30,0,-1,-1,0,0,0,1,1,2,0,0,2,1,E01005909,26-02-2018,2,2,1,1,63,9,3,0,0,0,0,-1,9,1
43256,77.2465581,28.64799979,6,3,1,1,7,14:54,109,E08000007,5,0,6,30,0,-1,-1,0,0,0,1,1,1,0,0,1,2,E01005753,26-02-2018,1,1,1,1,18,4,3,0,0,0,0,-1,9,1
43257,77.06043275,28.56691335,6,3,3,1,7,00:01,109,E08000007,3,6,6,30,0,-1,3,660,0,5,1,1,1,0,0,1,1,E01005917,26-02-2018,2,2,1,1,35,6,3,0,0,0,0,-1,9,1
43258,77.0663156,28.72335377,6,3,2,1,1,00:38,109,E08000007,3,5145,6,30,1,2,3,5145,0,0,4,1,1,0,0,1,1,E01005856,27-02-2018,2,3,2,2,8,2,3,0,0,1,0,-1,9,1
43259,77.08243668,28.67175373,6,3,1,1,1,03:10,109,E08000007,6,0,6,30,3,4,6,0,0,0,4,1,1,0,0,1,2,E01005902,27-02-2018,1,1,2,1,18,4,3,0,0,1,0,-1,9,1
43260,77.36556552,28.70570897,6,3,2,1,3,15:00,109,E08000007,3,5149,6,30,6,2,3,5149,0,0,1,1,1,0,0,1,2,E01005785,15-02-2018,1,1,2,1,48,8,3,0,0,2,0,-1,8,1
43261,77.11285995,28.55036034,6,3,2,1,5,09:45,109,E08000007,3,626,9,40,0,-1,-1,0,0,0,1,2,2,0,0,1,1,E01005915,24-02-2018,1,2,2,2,38,7,3,0,0,1,0,-1,8,1
43262,77.15420293,28.54898192,6,1,1,1,7,10:25,109,E08000007,3,6,6,40,3,4,6,0,0,0,1,1,1,0,0,1,1,E01005841,05-03-2018,1,1,2,2,37,7,3,0,0,1,0,-1,9,-1
43263,77.36932294,28.56758541,6,3,2,2,2,19:58,109,E08000007,3,6,3,30,3,2,6,0,0,0,4,8,2,0,0,1,1,E01005798,28-02-2018,1,1,1,1,20,4,3,0,0,0,0,-1,9,1
43264,77.30127982,28.67417426,6,3,2,2,4,17:40,109,E08000007,3,523,6,30,6,2,3,5143,0,4,4,1,1,0,0,1,1,E01005805,02-03-2018,1,1,1,1,42,7,3,0,0,0,0,-1,9,1
43265,77.14232961,28.62564018,6,3,2,3,5,08:15,109,E08000007,4,5169,6,30,6,4,6,0,0,0,1,3,3,0,0,1,2,E01005920,03-03-2018,1,1,1,1,34,6,3,0,0,0,0,-1,9,1
43266,77.10676818,28.65158434,6,3,2,3,4,18:00,109,E08000007,3,6,6,30,3,2,6,0,0,0,4,4,2,0,0,1,2,E01005801,02-03-2018,2,2,1,1,20,4,3,0,0,0,0,-1,9,1
43267,77.30828713,28.71278982,6,3,1,1,6,12:10,109,E08000007,6,0,6,30,3,4,3,627,0,0,1,1,1,0,0,1,1,E01005839,04-03-2018,1,1,1,2,34,6,3,0,0,0,0,-1,9,1
43268,77.36161702,28.65002506,6,3,2,1,1,13:20,109,E08000007,3,626,6,30,9,4,6,0,0,0,1,1,1,0,0,1,2,E01005884,06-03-2018,1,1,3,2,52,8,3,1,1,0,0,-1,0,-1
43269,77.11922081,28.65120812,6,3,2,1,2,21:30,109,E08000007,5,0,6,30,0,-1,-1,0,0,0,4,1,1,0,0,1,1,E01005759,07-03-2018,1,1,1,1,23,5,3,0,0,0,0,-1,9,1
43270,77.26336128,28.58731406,6,3,2,1,6,07:10,109,E08000007,4,6197,6,30,6,2,5,0,0,0,1,1,3,0,0,1,2,E01005889,25-02-2018,1,1,3,1,47,8,3,7,1,0,0,-1,0,1
43271,77.17155939,28.68245122,6,3,1,1,4,19:30,109,E08000007,6,0,6,60,8,4,6,0,0,0,6,8,4,0,0,2,2,E01005908,02-03-2018,1,1,1,1,24,5,2,0,0,0,0,-1,4,-1
43272,77.20092776,28.57450055,6,3,2,2,3,14:15,109,E08000007,3,626,6,30,9,4,6,0,0,0,1,1,1,0,0,1,2,E01005873,08-03-2018,1,2,2,2,18,4,3,0,0,1,0,-1,9,1
43273,77.21859937,28.56166372,6,3,2,1,3,18:35,109,E08000007,3,560,1,30,1,4,1,60,0,0,4,1,1,0,0,2,1,E01005743,08-03-2018,2,1,1,1,21,5,3,0,0,0,0,-1,2,1
43274,77.23190473,28.53309577,6,3,2,2,3,07:45,109,E08000007,3,626,9,30,0,-1,-1,0,0,0,1,1,1,0,0,2,2,E01005880,08-03-2018,1,3,1,1,64,9,3,0,0,0,0,-1,9,1
43275,77.16097633,28.66111421,6,3,2,1,6,20:05,109,E08000007,3,626,2,30,3,4,6,0,0,0,4,1,2,0,0,1,1,E01005882,04-03-2018,2,1,2,2,20,4,3,0,0,2,0,-1,8,1
43276,77.29036157,28.67952008,6,3,2,1,7,20:45,109,E08000007,3,6017,6,30,6,4,6,0,0,4,4,1,1,0,0,1,1,E01005749,12-03-2018,2,2,2,1,40,7,3,0,0,1,0,-1,8,1
43277,77.36838621,28.54291067,6,3,2,1,3,08:15,109,E08000007,4,5264,6,30,0,-1,-1,0,0,0,1,1,1,0,0,1,1,E01005874,08-03-2018,1,1,3,1,11,3,2,5,4,0,0,-1,0,1
43278,77.14914772,28.53364829,6,3,2,1,4,08:30,109,E08000007,6,0,6,30,3,4,6,0,0,0,1,1,1,0,0,1,2,E01005836,09-03-2018,1,1,1,2,24,5,3,0,0,0,0,-1,9,1
43279,77.28852651,28.61588066,6,3,2,2,2,16:15,109,E08000007,3,560,6,30,3,3,6,0,1,1,1,1,1,0,0,1,2,E01005771,07-03-2018,2,2,1,1,50,8,3,0,0,0,0,-1,9,1
43280,77.27530021,28.63565665,6,3,2,1,4,09:38,109,E08000007,6,0,6,30,3,2,6,0,0,5,1,1,1,0,0,1,1,E01005872,09-03-2018,1,1,1,1,31,6,3,0,0,0,0,-1,9,1
43281,77.12959164,28.5997552,6,3,2,2,5,12:30,109,E08000007,4,5465,6,30,3,4,3,6,0,0,1,1,1,0,0,1,2,E01005764,10-03-2018,2,2,2,2,21,5,3,0,0,1,0,-1,9,1
43282,77.11933691,28.6988758,6,3,2,1,5,08:30,109,E08000007,6,0,6,30,6,4,6,0,0,0,1,1,1,0,0,1,1,E01005915,10-03-2018,1,1,3,2,1,1,3,9,5,0,0,-1,0,-1
43283,77.07623104,28.64743765,6,3,2,2,5,14:30,109,E08000007,3,6,6,30,0,-1,6,0,0,0,1,1,1,0,0,1,1,E01005797,10-03-2018,1,1,1,2,27,6,3,0,0,0,0,-1,9,1
43284,77.32943783,28.56353862,6,3,1,1,6,15:30,109,E08000007,6,0,6,30,3,4,6,0,0,0,1,1,2,0,0,1,1,E01005822,11-03-2018,1,1,1,2,25,5,3,0,0,0,0,-1,9,1
43285,77.30979848,28.59979618,6,3,2,2,6,08:15,109,E08000007,3,5145,9,30,9,4,6,0,0,0,1,2,2,0,0,1,2,E01005852,11-03-2018,1,1,1,2,24,5,3,0,0,0,0,-1,9,1
43286,77.28299848,28.53449538,6,3,2,2,6,14:25,109,E08000007,3,5102,6,30,6,4,6,0,0,0,1,5,2,0,0,1,1,E01005927,11-03-2018,1,1,1,2,20,4,3,0,0,0,0,-1,9,1
43287,77.35092448,28.60589419,6,3,1,1,6,18:40,109,E08000007,6,0,6,30,0,-1,-1,0,0,0,4,1,1,0,0,1,1,E01005919,11-03-2018,1,1,1,2,26,6,3,0,0,0,0,-1,9,1
43288,77.1343282,28.57280265,6,3,2,3,7,16:45,109,E08000007,6,0,6,30,3,3,6,0,0,0,1,1,1,0,0,1,2,E01005759,12-03-2018,1,2,2,1,26,6,3,0,0,1,0,-1,9,1
43289,77.14875065,28.64250245,6,3,1,1,7,04:40,109,E08000007,3,6,6,30,3,2,6,0,0,0,4,1,1,0,0,1,1,E01005825,12-03-2018,2,3,1,1,25,5,3,0,0,0,0,-1,9,-1
43290,77.24108305,28.59475393,6,3,2,1,7,18:30,109,E08000007,3,6,6,30,3,4,6,0,0,0,4,1,1,0,0,1,2,E01005838,12-03-2018,1,1,1,1,55,8,3,0,0,0,0,-1,9,1
43291,77.14165559,28.58309897,6,3,2,1,7,14:00,109,E08000007,3,6017,9,30,3,4,5,0,0,0,1,1,1,0,0,1,1,E01005744,12-03-2018,1,2,2,1,34,6,3,0,0,1,0,-1,9,1
43292,77.25958789,28.60183708,6,2,1,1,2,11:20,109,E08000007,6,0,6,30,0,-1,-1,0,0,0,1,1,1,0,0,1,1,E01005780,14-03-2018,1,1,1,2,33,6,3,0,0,0,0,-1,9,1
43293,77.29837033,28.61330559,6,3,2,1,6,06:30,109,E08000007,3,5102,6,30,1,4,3,555,0,0,4,9,1,0,0,1,2,E01005925,04-03-2018,1,2,2,1,9,2,3,0,0,2,0,-1,9,1