Accident_Index,longitude,latitude,Police_Force,Accident_Severity,Number_of_Vehicles,Number_of_Casualties,Day_of_Week,Time,Local_Authority_(District),Local_Authority_(Highway),1st_Road_Class,1st_Road_Number,Road_Type,Speed_limit,Junction_Detail,Junction_Control,2nd_Road_Class,2nd_Road_Number,Pedestrian_Crossing-Human_Control,Pedestrian_Crossing-Physical_Facilities,Light_Conditions,Weather_Conditions,Road_Surface_Conditions,Special_Conditions_at_Site,Carriageway_Hazards,Urban_or_Rural_Area,Did_Police_Officer_Attend_Scene_of_Accident,LSOA_of_Accident_Location,Date,Vehicle_Reference,Casualty_Reference,Casualty_Class,Sex_of_Casualty,Age_of_Casualty,Age_Band_of_Casualty,Casualty_Severity,Pedestrian_Location,Pedestrian_Movement,Car_Passenger,Bus_or_Coach_Passenger,Pedestrian_Road_Maintenance_Worker,Casualty_Type,Casualty_Home_Area_Type
43294,77.06790139,28.64805231,6,3,1,1,3,15:45,109,E08000007,5,0,6,30,0,-1,-1,0,0,0,1,1,1,0,0,1,2,E01005917,08-03-2018,1,3,2,2,8,2,3,0,0,2,0,-1,9,-1
43295,77.2049179,28.72357987,6,3,1,1,1,16:30,109,E08000007,6,0,6,30,3,4,6,0,0,0,1,1,1,0,0,1,2,E01005753,13-03-2018,2,1,1,1,14,3,3,0,0,0,0,-1,1,-1
43296,77.19202057,28.70191436,6,3,2,1,3,20:45,109,E08000007,3,626,6,30,0,-1,-1,0,0,0,4,1,1,0,0,1,2,E01005883,15-03-2018,2,1,1,1,60,9,3,0,0,0,0,-1,1,1
43297,77.11476468,28.60663201,6,3,2,1,4,17:40,109,E08000007,3,34,6,30,6,4,3,560,0,0,4,1,1,0,0,1,1,E01005772,16-03-2018,1,1,1,1,29,6,3,0,0,0,0,-1,19,1
43298,77.11891655,28.66576933,6,3,3,1,5,17:45,109,E08000007,3,5149,6,30,3,4,6,0,0,0,1,1,1,0,0,1,2,E01005792,17-03-2018,1,2,2,2,28,6,3,0,0,1,0,-1,19,1
43299,77.06097585,28.55054856,6,3,1,1,6,19:40,109,E08000007,3,6,6,30,6,2,6,0,0,0,4,1,1,0,0,1,2,E01005758,18-03-2018,1,1,2,2,32,6,3,0,0,0,4,-1,11,1
43300,77.10072664,28.56830226,6,3,2,1,6,07:50,109,E08000007,3,6,6,30,3,2,5,0,0,5,1,1,1,0,0,1,2,E01005758,18-03-2018,1,1,2,2,34,6,3,0,0,2,0,-1,8,1
43301,77.29480372,28.57872526,6,3,1,1,7,10:45,109,E08000007,6,0,6,30,6,2,5,0,0,5,1,1,1,0,0,1,2,E01005875,19-03-2018,1,2,2,2,36,7,3,0,0,2,0,-1,8,1
43302,77.18464813,28.59879009,6,3,2,1,2,16:13,102,E08000003,3,560,6,30,6,2,4,5166,0,0,1,1,1,0,0,1,1,E01005295,21-03-2018,1,3,2,1,32,6,3,0,0,2,0,-1,8,1
43303,77.07748023,28.59130731,6,3,1,1,2,22:00,109,E08000007,4,6167,6,30,0,-1,-1,0,0,4,4,1,2,0,0,1,1,E01005893,21-03-2018,1,4,2,1,31,6,2,0,0,1,0,-1,8,1
43304,77.13948036,28.61574966,6,3,1,1,2,15:30,109,E08000007,6,0,6,30,0,-1,-1,0,0,0,1,1,1,0,0,1,2,E01005754,21-03-2018,1,1,3,2,15,3,3,5,2,0,0,-1,0,1
43305,77.35181467,28.62884056,6,3,1,1,3,13:10,109,E08000007,3,6,6,30,6,2,6,0,0,5,1,1,1,0,0,1,1,E01005758,22-03-2018,2,1,1,2,19,4,3,0,0,0,0,-1,9,1
43306,77.12802152,28.59541775,6,3,3,2,5,20:45,109,E08000007,3,560,9,30,3,4,6,0,0,0,4,4,1,0,0,1,1,E01005750,24-03-2018,2,2,2,2,20,4,3,0,0,2,0,-1,9,1
43307,77.21124568,28.70064064,6,3,1,1,5,15:45,109,E08000007,3,6,6,30,7,2,3,626,0,0,1,1,1,0,0,1,1,E01005866,24-03-2018,1,1,1,1,17,4,2,0,0,0,0,-1,9,1
43308,77.34166038,28.67197498,6,1,1,4,6,15:56,109,E08000007,3,6,6,30,0,-1,-1,0,0,0,1,1,1,0,0,2,1,E01005906,25-03-2018,1,2,2,1,19,4,3,0,0,1,0,-1,9,1
43309,77.08374568,28.6962848,6,3,2,1,7,10:20,109,E08000007,5,0,6,30,3,4,6,0,0,0,1,1,1,0,0,1,2,E01005777,26-03-2018,1,3,2,1,19,4,3,0,0,1,0,-1,9,1
43310,77.33032475,28.67807486,6,2,2,1,7,12:40,109,E08000007,3,627,6,30,0,-1,-1,0,0,0,1,1,1,0,0,2,1,E01005899,26-03-2018,1,4,2,1,17,4,3,0,0,2,0,-1,9,1
43311,77.20940398,28.57706534,6,3,2,2,1,16:46,109,E08000007,6,0,6,30,3,4,6,0,0,0,1,1,2,0,0,1,1,E01005867,27-03-2018,1,1,3,2,11,3,3,5,1,0,0,-1,0,-1
43312,77.11473057,28.62757739,6,3,1,1,7,14:49,109,E08000007,6,0,6,30,0,-1,-1,0,0,0,1,1,1,0,0,1,1,E01005890,26-03-2018,2,1,1,2,64,9,3,0,0,0,0,-1,9,-1
43313,77.2179031,28.57429183,6,3,3,1,4,22:20,109,E08000007,5,0,6,30,0,-1,-1,0,0,0,4,2,2,0,0,1,2,E01005788,30-03-2018,1,1,3,1,32,6,3,9,8,0,0,-1,0,-1
43314,77.16121865,28.53990948,6,3,2,2,4,23:53,109,E08000007,3,5102,6,30,1,4,6,0,0,1,4,5,2,0,0,1,2,E01005930,30-03-2018,1,1,1,2,50,8,3,0,0,0,0,-1,9,1
43315,77.30114278,28.72741702,6,3,2,1,5,17:00,109,E08000007,3,560,9,30,3,4,6,0,0,0,1,1,1,0,0,1,2,E01005743,31-03-2018,1,1,2,1,34,6,3,0,0,1,0,-1,9,1
43316,77.26783703,28.63609761,6,3,1,1,5,15:20,109,E08000007,6,0,9,30,3,4,3,560,0,0,1,1,1,0,0,1,1,E01005822,31-03-2018,1,1,1,1,25,5,3,0,0,0,0,-1,9,1
43317,77.21780605,28.57360873,6,3,2,1,7,20:17,100,E08000001,6,0,3,30,6,2,6,0,0,0,4,1,1,0,0,1,1,E01004936,02-04-2018,1,1,1,1,16,4,2,0,0,0,0,-1,2,-1
43318,77.20936055,28.54765476,6,3,2,2,1,20:20,100,E08000001,3,666,6,30,3,4,6,0,0,0,4,1,1,0,0,1,2,E01004824,03-04-2018,2,2,1,1,75,10,3,0,0,0,0,-1,9,1
43319,77.19227814,28.59868759,6,3,2,2,7,16:00,100,E08000001,4,5238,6,30,3,4,6,0,0,0,1,1,1,0,0,1,1,E01004777,02-04-2018,1,1,3,1,54,8,3,5,9,0,0,-1,0,-1
43320,77.10325678,28.69046857,6,3,2,1,7,17:00,100,E08000001,3,676,6,30,3,2,3,676,0,5,1,1,1,0,0,1,1,E01004848,02-04-2018,2,1,1,1,31,6,2,0,0,0,0,-1,5,1
43321,77.22123578,28.61216728,6,3,3,2,1,03:05,100,E08000001,3,579,6,30,0,-1,-1,0,0,0,1,1,1,0,0,1,1,E01004849,03-04-2018,1,1,1,1,50,8,3,0,0,0,0,-1,5,1
43322,77.32667461,28.6557686,6,3,3,1,1,20:20,100,E08000001,3,673,3,30,0,-1,-1,0,0,0,4,2,2,0,0,1,1,E01004823,03-04-2018,1,1,3,2,71,10,3,4,9,0,0,-1,0,1
43323,77.22682164,28.65373652,6,2,1,1,2,16:45,100,E08000001,6,0,6,30,0,-1,-1,0,0,0,1,1,1,0,0,1,1,E01004797,04-04-2018,1,1,1,1,20,4,3,0,0,0,0,-1,9,1
43324,77.29144966,28.62897767,6,3,2,3,3,14:20,100,E08000001,3,579,6,30,3,4,6,0,0,0,1,1,1,0,0,1,1,E01004818,05-04-2018,2,1,1,1,62,9,3,0,0,0,0,-1,9,1
43325,77.07678989,28.61668259,6,2,1,1,6,10:45,100,E08000001,6,0,6,30,3,4,3,6099,0,0,1,1,1,0,0,1,2,E01004820,08-04-2018,2,2,2,2,59,9,3,0,0,1,0,-1,9,1
43326,77.29122094,28.71118337,6,3,2,1,5,21:00,100,E08000001,5,0,6,30,0,-1,-1,0,0,0,1,8,1,0,0,1,2,E01004817,07-04-2018,1,1,1,1,18,4,2,0,0,0,0,-1,9,1
43327,77.16202318,28.53348468,6,3,2,1,6,18:30,100,E08000001,3,666,1,30,1,4,3,667,0,0,1,1,1,0,0,1,2,E01004905,01-04-2018,2,1,1,2,31,6,3,0,0,0,0,-1,9,1
43328,77.1372756,28.59072212,6,3,2,2,7,12:15,100,E08000001,3,676,6,40,6,2,3,58,0,0,1,1,2,0,0,1,2,E01004835,09-04-2018,2,1,1,2,32,6,3,0,0,0,0,-1,9,1
43329,77.28103873,28.7144645,6,3,2,1,6,16:45,100,E08000001,6,0,6,30,6,4,6,0,0,0,1,1,1,0,0,1,2,E01004868,08-04-2018,1,1,1,1,19,4,3,0,0,0,0,-1,9,1
43330,77.18995188,28.64007382,6,3,1,1,1,19:40,100,E08000001,6,0,6,30,3,4,6,0,0,0,1,1,1,0,0,1,2,E01004802,10-04-2018,2,2,1,1,48,8,3,0,0,0,0,-1,19,1
43331,77.20872568,28.64815649,6,3,2,1,7,15:51,100,E08000001,5,0,6,30,7,4,6,0,0,0,1,2,2,0,0,1,1,E01004785,09-04-2018,2,1,1,2,27,6,2,0,0,0,0,-1,9,1
43332,77.06684925,28.55828818,6,3,2,1,1,16:56,100,E08000001,6,0,6,30,3,4,6,0,0,0,1,1,1,0,0,1,1,E01004801,10-04-2018,1,1,1,1,33,6,3,0,0,0,0,-1,9,1
43333,77.26712659,28.62600627,6,3,2,1,3,13:35,100,E08000001,3,58,6,30,0,-1,-1,0,0,0,1,1,1,0,0,1,1,E01004798,05-04-2018,1,1,1,1,80,11,1,0,0,0,0,-1,1,1
43334,77.09340359,28.55564217,6,3,3,1,4,18:45,100,E08000001,3,5082,6,30,3,4,6,0,0,0,4,5,2,0,0,1,1,E01004902,06-04-2018,1,1,1,2,26,6,3,0,0,0,0,-1,9,1
43335,77.21869833,28.53806822,6,3,2,2,4,08:30,100,E08000001,6,0,6,30,6,4,6,0,0,0,1,2,2,0,0,1,1,E01004923,06-04-2018,1,1,1,2,25,5,3,0,0,0,0,-1,9,1
43336,77.19909358,28.68419135,6,3,2,1,4,20:25,100,E08000001,6,0,6,30,3,4,3,579,0,0,1,1,1,0,0,1,1,E01004817,13-04-2018,2,2,2,2,21,5,3,0,0,1,0,-1,9,1
43337,77.30214815,28.54869144,6,3,3,1,4,12:20,100,E08000001,3,676,6,30,0,-1,-1,0,0,4,1,1,1,0,0,1,1,E01004928,06-04-2018,1,1,2,2,75,10,3,0,0,0,1,-1,11,-1
43338,77.1005391,28.72006881,6,3,2,1,6,18:15,100,E08000001,3,666,6,30,3,2,3,667,0,0,1,1,1,0,0,1,1,E01004905,08-04-2018,2,1,2,2,15,3,3,0,0,2,0,-1,9,1
43339,77.22223972,28.60514219,6,3,2,1,3,17:15,100,E08000001,6,0,6,30,0,-1,-1,0,0,0,1,1,1,0,0,1,2,E01004872,12-04-2018,2,2,2,2,67,10,3,0,0,1,0,-1,9,1
43340,77.19417629,28.7245391,6,3,2,1,7,10:45,100,E08000001,6,0,6,30,3,2,3,575,0,0,1,2,2,0,0,1,1,E01004859,09-04-2018,2,3,1,2,37,7,3,0,0,0,0,-1,9,1
43341,77.37014694,28.54569626,6,2,2,1,2,08:15,100,E08000001,3,579,6,30,3,4,6,0,0,0,1,1,1,0,0,1,1,E01004892,11-04-2018,1,1,3,2,16,4,3,5,1,0,0,-1,0,-1
43342,77.34197946,28.62873003,6,3,1,1,4,18:30,100,E08000001,6,0,6,30,0,-1,-1,0,0,0,1,1,1,0,0,1,2,E01004781,13-04-2018,1,1,1,2,30,6,3,0,0,0,0,-1,9,1
43343,77.29625564,28.54880362,6,3,1,1,4,15:35,100,E08000001,6,0,6,30,9,4,6,0,0,0,1,1,1,0,0,1,2,E01004846,13-04-2018,1,2,2,1,3,1,3,0,0,1,0,-1,9,1
43344,77.2861369,28.54338536,6,3,3,2,2,20:45,100,E08000001,3,6,6,40,3,4,4,5408,0,0,4,1,1,0,0,2,1,E01004780,18-04-2018,2,1,1,1,36,7,3,0,0,0,0,-1,9,1
43345,77.30932377,28.55431421,6,3,1,1,1,16:45,100,E08000001,6,0,6,30,6,4,6,0,0,0,1,1,1,0,0,1,1,E01004850,10-04-2018,1,1,3,2,10,2,3,5,1,0,0,-1,0,1
43346,77.05797202,28.71073197,6,3,3,2,2,16:00,100,E08000001,3,58,3,40,0,-1,-1,0,0,0,1,1,1,0,0,2,1,E01004864,11-04-2018,1,1,1,2,38,7,3,0,0,0,0,-1,9,1
43347,77.31332578,28.5372606,6,3,2,1,2,18:05,100,E08000001,4,6226,6,30,3,4,6,0,0,1,1,1,2,0,0,1,1,E01004921,11-04-2018,1,2,2,2,18,4,3,0,0,1,0,-1,9,1
43348,77.31562794,28.56125241,6,2,3,1,2,15:35,100,E08000001,4,6472,6,30,3,4,6,0,0,0,1,1,1,0,0,1,1,E01004810,11-04-2018,1,1,1,2,19,4,3,0,0,0,0,-1,9,1
43349,77.27871928,28.62280273,6,3,2,1,4,21:55,100,E08000001,3,579,6,40,6,2,3,6,0,0,4,1,1,0,0,1,1,E01004892,13-04-2018,2,2,1,1,23,5,3,0,0,0,0,-1,9,1
43350,77.1568208,28.58962773,6,3,1,1,4,17:45,100,E08000001,5,0,6,30,0,-1,-1,0,0,0,1,1,1,0,0,1,1,E01004859,13-04-2018,1,1,3,1,16,4,3,6,9,0,0,-1,0,1
43351,77.28315615,28.69509932,6,2,1,1,5,13:40,100,E08000001,6,0,6,30,0,-1,-1,0,0,0,1,1,1,0,0,1,1,E01004852,14-04-2018,1,2,3,1,19,4,3,6,9,0,0,-1,0,1
43352,77.14629089,28.54296941,6,3,2,1,5,16:35,100,E08000001,3,579,6,30,0,-1,-1,0,0,0,1,1,1,0,0,1,1,E01004896,14-04-2018,1,3,2,1,20,4,3,0,0,2,0,-1,9,1
43353,77.22008736,28.71490387,6,3,2,1,6,19:20,100,E08000001,3,58,1,30,1,4,1,61,0,0,1,9,2,0,0,2,2,E01004899,15-04-2018,1,4,2,2,16,4,2,0,0,2,0,-1,9,-1
43354,77.1485965,28.68761229,6,3,2,1,6,23:30,100,E08000001,3,579,6,30,5,2,3,579,0,0,4,2,2,0,0,1,1,E01004818,15-04-2018,1,5,1,1,20,4,2,0,0,0,0,-1,9,1
43355,77.08704087,28.60755714,6,3,2,1,7,03:00,100,E08000001,3,6053,3,30,6,2,3,6053,0,0,4,1,1,0,0,1,2,E01004814,16-04-2018,2,1,2,1,20,4,3,0,0,2,0,-1,8,1
43356,77.2727922,28.6433434,6,3,2,1,1,12:00,100,E08000001,3,666,6,30,0,-1,-1,0,0,0,1,1,1,0,0,1,2,E01004766,17-04-2018,2,2,2,2,19,4,3,0,0,1,0,-1,8,1
43357,77.25522286,28.62505088,6,3,2,1,2,11:45,100,E08000001,6,0,6,30,3,4,3,676,0,0,1,1,1,0,0,1,1,E01004838,18-04-2018,2,3,2,1,20,4,3,0,0,2,0,-1,8,-1
43358,77.20230791,28.70663478,6,3,2,1,2,15:20,100,E08000001,3,666,3,30,6,2,3,6099,0,5,1,1,1,0,0,1,1,E01004822,18-04-2018,1,1,1,2,52,8,3,0,0,0,0,-1,9,1
43359,77.119368,28.69711802,6,3,2,1,3,15:15,100,E08000001,6,0,6,30,9,2,3,676,0,0,1,1,1,0,0,1,2,E01004817,19-04-2018,2,2,1,1,42,7,3,0,0,0,0,-1,5,-1
43360,77.31544715,28.57972793,6,3,4,1,4,08:00,100,E08000001,3,676,6,30,0,-1,-1,0,0,0,1,1,2,0,0,1,2,E01004790,20-04-2018,1,1,1,2,42,7,3,0,0,0,0,-1,9,-1
43361,77.28149918,28.72072779,6,3,2,5,6,23:05,100,E08000001,3,6099,6,30,3,4,6,0,0,0,4,2,2,0,0,1,1,E01004820,15-04-2018,2,2,1,2,19,4,3,0,0,0,0,-1,9,-1
43362,77.21064443,28.57195606,6,3,2,1,1,09:30,100,E08000001,6,0,6,30,0,-1,-1,0,0,0,1,1,1,0,0,1,1,E01004821,17-04-2018,1,1,1,2,42,7,3,0,0,0,0,-1,9,1
43363,77.27359818,28.67047377,6,3,4,1,1,17:05,100,E08000001,3,58,6,30,3,4,6,0,0,0,1,1,2,0,0,1,1,E01004821,17-04-2018,1,2,2,1,40,7,3,0,0,1,0,-1,9,-1
43364,77.08188488,28.61958037,6,3,2,1,6,18:40,100,E08000001,3,666,6,30,9,2,3,667,0,0,1,1,1,0,0,1,1,E01004905,01-04-2018,1,1,2,2,37,7,3,0,0,2,0,-1,8,1
43365,77.31525389,28.70242612,6,3,2,1,2,02:00,100,E08000001,6,0,6,30,6,4,6,0,0,0,4,2,2,0,0,1,1,E01004817,18-04-2018,1,1,3,2,46,8,3,5,3,0,0,-1,0,1
43366,77.24071669,28.62937462,6,3,4,1,2,14:55,100,E08000001,6,0,6,30,6,4,6,0,0,0,1,1,2,0,0,1,1,E01004811,18-04-2018,1,1,1,1,26,6,2,0,0,0,0,-1,21,-1
43367,77.19010014,28.56589663,6,3,1,1,2,17:50,100,E08000001,6,0,6,30,3,4,6,0,0,4,1,1,1,0,0,1,1,E01004841,18-04-2018,1,1,3,2,77,11,3,9,5,0,0,-1,0,1
43368,77.19079911,28.61545578,6,3,2,1,5,08:00,100,E08000001,3,575,6,30,9,4,6,0,0,0,1,1,1,0,0,1,2,E01004817,21-04-2018,2,1,1,1,41,7,3,0,0,0,0,-1,9,1
43369,77.17742511,28.6814523,6,3,1,1,6,08:45,100,E08000001,3,575,6,30,3,4,6,0,0,5,1,1,1,0,0,1,2,E01004817,22-04-2018,1,1,1,2,46,8,3,0,0,0,0,-1,9,1
43370,77.15632407,28.53846211,6,3,2,1,1,17:55,100,E08000001,6,0,6,30,6,4,6,0,0,0,1,1,1,0,0,1,1,E01004811,17-04-2018,1,1,3,1,68,10,3,5,3,0,0,-1,0,1
43371,77.3522578,28.59566105,6,3,2,3,7,19:25,100,E08000001,6,0,6,30,9,4,6,0,0,0,1,1,1,0,0,1,2,E01004811,23-04-2018,2,1,1,1,46,8,3,0,0,0,0,-1,9,1
43372,77.32272773,28.58694669,6,3,2,1,7,18:45,100,E08000001,5,0,6,30,6,4,6,0,0,0,1,1,1,0,0,1,2,E01004811,23-04-2018,2,2,2,1,49,8,3,0,0,1,0,-1,9,1
43373,77.17123185,28.63775934,6,3,2,1,7,11:10,100,E08000001,3,673,6,30,7,2,3,673,0,0,1,1,1,0,0,1,1,E01004823,23-04-2018,1,1,2,2,50,8,3,0,0,1,0,-1,9,1
43374,77.24659279,28.68297065,6,2,1,1,5,16:55,100,E08000001,6,0,6,30,3,4,6,0,0,0,1,1,1,0,0,1,1,E01004877,21-04-2018,1,3,1,1,61,9,2,0,0,0,0,-1,9,1
43375,77.3691288,28.66764887,6,3,1,1,6,08:20,100,E08000001,5,0,6,30,6,4,4,6199,0,0,1,1,1,0,0,1,1,E01004858,22-04-2018,2,1,1,2,60,9,2,0,0,0,0,-1,9,1
43376,77.27841131,28.59744695,6,3,1,1,2,10:52,100,E08000001,6,0,6,30,3,2,3,673,0,0,1,1,1,0,0,1,2,E01004823,25-04-2018,2,2,2,2,54,8,2,0,0,1,0,-1,9,-1
43377,77.22994746,28.66678389,6,3,1,1,3,08:40,100,E08000001,6,0,6,30,3,4,3,673,0,0,1,1,1,0,0,1,1,E01004883,26-04-2018,2,1,1,2,43,7,3,0,0,0,0,-1,9,1
43378,77.1833984,28.67062864,6,3,2,1,2,17:20,100,E08000001,3,675,6,30,3,4,6,0,0,0,1,1,1,0,0,1,1,E01004774,18-04-2018,2,1,1,1,29,6,3,0,0,0,0,-1,1,1
43379,77.36306003,28.59324686,6,3,1,1,6,10:35,100,E08000001,3,666,6,30,3,2,3,667,0,0,1,1,1,0,0,1,1,E01004905,22-04-2018,1,1,1,2,39,7,3,0,0,0,0,-1,9,1
43380,77.27655302,28.69973521,6,3,2,1,3,08:20,100,E08000001,3,58,1,30,1,4,1,61,0,0,1,1,1,0,0,2,1,E01004899,26-04-2018,2,2,1,1,16,4,3,0,0,0,0,-1,2,1
43381,77.1083673,28.71798738,6,3,2,1,1,03:30,100,E08000001,4,6206,6,30,0,-1,-1,0,0,0,4,1,1,0,0,1,1,E01004821,24-04-2018,2,1,2,2,85,11,3,0,0,1,0,-1,9,1
43382,77.36920279,28.71686924,6,3,2,2,6,13:05,100,E08000001,6,0,2,30,3,4,6,0,0,0,1,1,1,0,0,1,2,E01004829,22-04-2018,1,1,1,1,20,4,3,0,0,0,0,-1,9,1
43383,77.36015226,28.64368037,6,3,2,1,4,20:00,100,E08000001,6,0,2,30,3,4,3,579,0,0,1,1,1,0,0,1,1,E01004830,27-04-2018,2,2,1,1,46,8,3,0,0,0,0,-1,9,1
43384,77.32338239,28.53944265,6,3,2,1,4,17:30,100,E08000001,3,6,6,40,3,4,4,5408,0,0,1,1,1,3,0,2,1,E01004780,27-04-2018,1,1,1,1,26,6,3,0,0,0,0,-1,9,-1
43385,77.25360831,28.65479855,6,3,1,1,3,13:45,100,E08000001,3,676,6,30,3,4,6,0,0,4,1,1,1,0,0,1,2,E01004850,26-04-2018,1,1,1,1,34,6,3,0,0,0,0,-1,9,1
43386,77.16253742,28.58602384,6,3,2,1,6,14:30,100,E08000001,3,676,6,30,3,4,6,0,0,0,1,1,1,0,0,1,2,E01004838,29-04-2018,1,1,1,2,40,7,3,0,0,0,0,-1,9,1
43387,77.2738243,28.56726867,6,3,2,1,6,13:00,100,E08000001,3,676,6,30,8,4,-1,-1,0,0,1,1,1,0,0,1,2,E01004927,29-04-2018,1,2,2,2,18,4,3,0,0,2,0,-1,9,1
43388,77.19071897,28.61212217,6,3,2,2,6,13:30,100,E08000001,3,676,6,30,3,4,6,0,0,0,1,1,1,0,0,1,2,E01004821,29-04-2018,1,3,2,2,48,8,3,0,0,2,0,-1,9,-1
43389,77.21184422,28.65103286,6,3,3,2,4,17:15,100,E08000001,4,5408,6,30,3,4,4,5238,0,0,1,3,1,0,0,2,1,E01004783,27-04-2018,2,1,1,1,9,2,3,0,0,0,0,-1,1,-1
43390,77.18120365,28.70275022,6,3,2,1,6,14:45,100,E08000001,3,666,1,30,1,4,3,666,0,0,1,1,1,0,0,1,2,E01004906,29-04-2018,1,1,1,2,30,6,3,0,0,0,0,-1,9,1
43391,77.26758652,28.66018724,6,3,1,1,1,19:20,100,E08000001,6,0,6,30,0,-1,-1,0,0,0,1,1,1,0,0,1,1,E01004872,01-05-2018,1,2,2,1,9,2,3,0,0,1,0,-1,9,-1
43392,77.33825909,28.5632733,6,3,2,1,3,11:30,100,E08000001,6,0,6,60,0,-1,-1,0,0,0,1,1,2,0,0,2,1,E01004924,03-05-2018,1,1,1,2,52,8,3,0,0,0,0,-1,9,1
43393,77.18105596,28.57077022,6,2,1,1,2,09:50,100,E08000001,6,0,6,30,0,-1,-1,0,0,0,1,1,1,4,0,1,1,E01004825,25-04-2018,1,1,3,1,31,6,3,5,1,0,0,-1,0,-1
43394,77.07722827,28.64664255,6,3,2,6,3,08:50,100,E08000001,4,6202,6,30,3,4,6,0,0,0,1,1,1,0,0,1,1,E01004845,26-04-2018,2,1,1,1,29,6,3,0,0,0,0,-1,1,-1
43395,77.15081911,28.64949206,6,3,1,1,6,16:35,100,E08000001,3,58,3,30,0,-1,-1,0,0,0,1,1,1,0,0,1,1,E01004939,29-04-2018,1,1,1,1,31,6,3,0,0,0,0,-1,9,1
43396,77.1507604,28.65653712,6,3,2,1,6,11:50,100,E08000001,3,58,3,40,6,2,3,676,0,0,1,1,1,0,0,1,1,E01004786,29-04-2018,2,2,1,1,54,8,3,0,0,0,0,-1,9,1
43397,77.15603578,28.69005993,6,3,2,3,1,16:45,100,E08000001,3,579,6,30,6,2,3,579,0,0,1,1,1,0,0,1,1,E01004817,01-05-2018,1,1,1,2,69,10,3,0,0,0,0,-1,9,1
43398,77.26721347,28.67805866,6,3,3,5,7,18:25,100,E08000001,4,6199,6,30,0,-1,-1,0,0,0,1,1,1,0,0,1,1,E01004874,30-04-2018,2,2,1,1,16,4,3,0,0,0,0,-1,3,-1
43399,77.15160905,28.54687356,6,3,2,4,1,19:50,100,E08000001,6,0,6,30,3,4,6,0,0,0,1,1,1,0,0,1,1,E01004936,01-05-2018,1,1,1,1,53,8,3,0,0,0,0,-1,9,1
43400,77.16129291,28.60792721,6,3,2,3,1,11:50,100,E08000001,4,6222,6,30,6,2,4,6203,0,0,1,1,1,0,0,1,1,E01004871,01-05-2018,1,2,2,1,49,8,3,0,0,1,0,-1,9,-1
43401,77.2519675,28.59657618,6,3,2,3,1,07:25,100,E08000001,3,676,6,30,0,-1,-1,0,0,0,1,1,2,0,0,1,1,E01004827,01-05-2018,2,1,1,2,49,8,3,0,0,0,0,-1,9,1
43402,77.25124996,28.67498027,6,3,2,2,5,08:50,100,E08000001,4,6226,6,30,3,4,6,0,0,0,1,2,2,0,0,1,2,E01004869,05-05-2018,2,2,2,2,53,8,3,0,0,1,0,-1,9,1
43403,77.18935116,28.63147619,6,2,1,2,1,23:25,100,E08000001,6,0,6,30,0,-1,-1,0,0,0,4,1,1,0,0,1,1,E01004848,01-05-2018,1,1,1,2,54,8,3,0,0,0,0,-1,9,1
43404,77.22860245,28.64890926,6,3,2,1,4,11:35,100,E08000001,3,6053,6,30,6,2,3,575,0,0,1,1,1,0,0,1,2,E01004857,04-05-2018,1,2,2,2,24,5,3,0,0,1,0,-1,9,1
43405,77.32671138,28.61047701,6,3,2,1,7,07:45,100,E08000001,3,676,6,30,6,2,3,58,0,0,1,1,2,0,0,1,1,E01004786,07-05-2018,1,1,3,2,15,3,3,5,1,0,0,-1,0,-1
43406,77.32923771,28.64777748,6,3,2,2,6,11:00,100,E08000001,3,6,1,30,1,4,1,61,0,0,1,1,1,0,0,1,2,E01004833,06-05-2018,1,2,3,2,15,3,3,5,1,0,0,-1,0,-1
43407,77.10741441,28.60535405,6,2,1,1,1,12:45,100,E08000001,3,5802,6,30,9,4,6,0,0,0,1,1,1,0,0,1,2,E01004863,08-05-2018,1,1,1,2,34,6,3,0,0,0,0,-1,9,1
43408,77.20767286,28.65295938,6,2,2,1,1,19:00,100,E08000001,6,0,6,30,6,4,6,0,0,0,1,1,1,0,0,1,1,E01004849,08-05-2018,1,1,1,1,44,7,3,0,0,0,0,-1,11,1
43409,77.32473275,28.5386648,6,3,2,2,4,11:33,100,E08000001,3,579,6,30,3,4,6,0,0,0,1,1,1,0,0,1,1,E01004932,04-05-2018,1,2,2,1,20,4,3,0,0,0,3,-1,11,-1
43410,77.11525038,28.57504807,6,3,1,1,7,22:00,100,E08000001,4,6536,6,30,9,4,6,0,0,4,4,1,1,0,0,1,1,E01004817,30-04-2018,1,1,2,2,74,10,3,0,0,0,3,-1,11,-1
43411,77.06560273,28.55429633,6,3,1,1,7,16:30,100,E08000001,6,0,6,30,3,4,6,0,0,0,1,1,1,0,0,1,2,E01004888,07-05-2018,1,2,2,1,76,11,3,0,0,0,4,-1,11,1
43412,77.23829482,28.63037094,6,3,2,2,6,13:30,100,E08000001,6,0,6,30,9,4,3,579,0,0,1,1,1,0,0,1,2,E01004818,06-05-2018,1,1,3,1,45,7,2,5,1,0,0,-1,0,-1
43413,77.23077492,28.54097009,6,3,2,1,3,14:15,100,E08000001,3,673,6,30,6,2,3,58,0,0,1,1,2,0,0,1,2,E01004781,03-05-2018,1,1,1,2,53,8,3,0,0,0,0,-1,9,1
43414,77.18768587,28.70671276,6,3,1,2,2,16:46,100,E08000001,3,58,3,40,3,4,6,0,0,0,1,1,1,0,0,1,1,E01004926,09-05-2018,2,2,2,1,8,2,3,0,0,2,0,-1,9,1