Accident_Index,longitude,latitude,Police_Force,Accident_Severity,Number_of_Vehicles,Number_of_Casualties,Day_of_Week,Time,Local_Authority_(District),Local_Authority_(Highway),1st_Road_Class,1st_Road_Number,Road_Type,Speed_limit,Junction_Detail,Junction_Control,2nd_Road_Class,2nd_Road_Number,Pedestrian_Crossing-Human_Control,Pedestrian_Crossing-Physical_Facilities,Light_Conditions,Weather_Conditions,Road_Surface_Conditions,Special_Conditions_at_Site,Carriageway_Hazards,Urban_or_Rural_Area,Did_Police_Officer_Attend_Scene_of_Accident,LSOA_of_Accident_Location,Date,Vehicle_Reference,Casualty_Reference,Casualty_Class,Sex_of_Casualty,Age_of_Casualty,Age_Band_of_Casualty,Casualty_Severity,Pedestrian_Location,Pedestrian_Movement,Car_Passenger,Bus_or_Coach_Passenger,Pedestrian_Road_Maintenance_Worker,Casualty_Type,Casualty_Home_Area_Type
43535,77.07941498,28.57119019,6,3,2,1,6,15:50,100,E08000001,6,0,6,30,9,4,6,0,0,0,1,1,1,0,0,1,2,E01004866,17-06-2018,1,1,1,2,18,4,2,0,0,0,0,-1,9,1
43536,77.13076982,28.67757606,6,3,2,1,6,17:45,100,E08000001,5,0,6,30,3,4,6,0,0,0,1,1,1,0,0,1,1,E01004861,17-06-2018,1,2,2,2,18,4,2,0,0,1,0,-1,9,1
43537,77.25133,28.62213753,6,3,2,1,1,12:25,100,E08000001,3,6027,1,50,1,4,5,0,0,0,1,1,1,0,0,1,2,E01004775,19-06-2018,1,3,2,1,17,4,3,0,0,2,0,-1,9,1
43538,77.1355629,28.6098326,6,3,2,2,6,18:32,100,E08000001,3,673,6,30,3,2,6,0,0,0,1,1,1,0,0,1,1,E01004823,17-06-2018,1,4,2,1,18,4,3,0,0,2,0,-1,9,1
43539,77.22602909,28.62720889,6,3,2,2,5,10:30,100,E08000001,3,579,6,30,0,-1,-1,0,0,0,1,1,1,0,0,1,1,E01004931,16-06-2018,1,5,2,1,17,4,3,0,0,2,0,-1,9,1
43540,77.25706768,28.58300504,6,3,1,1,3,19:20,100,E08000001,6,0,6,30,3,4,6,0,0,0,1,1,1,0,0,1,2,E01004829,14-06-2018,2,6,2,1,30,6,3,0,0,2,0,-1,9,1
43541,77.28742603,28.71761853,6,3,2,1,6,12:00,100,E08000001,3,579,3,30,3,2,3,676,0,0,1,1,1,0,0,1,1,E01004848,17-06-2018,1,1,1,1,36,7,3,0,0,0,0,-1,8,1
43542,77.07570733,28.64540066,6,3,2,1,1,13:45,100,E08000001,6,0,6,30,6,4,6,0,0,0,1,1,1,0,0,1,2,E01004881,19-06-2018,2,2,1,1,37,7,2,0,0,0,0,-1,5,1
43543,77.31482131,28.63578041,6,3,3,1,2,20:00,100,E08000001,4,5636,3,30,6,2,6,0,0,5,1,1,1,0,0,1,1,E01004812,20-06-2018,1,1,1,1,24,5,3,0,0,0,0,-1,9,1
43544,77.26080628,28.65255053,6,3,2,2,3,10:50,100,E08000001,3,667,6,30,3,4,6,0,0,0,1,2,2,4,0,1,1,E01004904,21-06-2018,1,1,1,1,29,6,3,0,0,0,0,-1,20,1
43545,77.25836043,28.72772843,6,3,2,1,2,15:10,100,E08000001,3,676,6,30,3,4,6,0,0,0,1,1,1,0,0,1,2,E01004834,20-06-2018,1,2,2,1,20,4,3,0,0,1,0,-1,20,1
43546,77.10119386,28.56647163,6,3,2,1,4,10:45,100,E08000001,3,673,6,30,3,2,6,0,0,0,1,1,1,0,0,1,2,E01004823,22-06-2018,2,1,1,1,43,7,3,0,0,0,0,-1,9,1
43547,77.30814758,28.7244993,6,3,1,1,3,19:25,100,E08000001,6,0,6,30,0,-1,-1,0,0,0,1,1,1,0,0,1,1,E01004818,21-06-2018,1,1,1,2,35,6,3,0,0,0,0,-1,5,1
43548,77.10358792,28.67839421,6,3,2,1,3,07:40,100,E08000001,3,6027,1,30,1,4,1,61,0,0,1,2,1,0,0,2,2,E01004775,14-06-2018,1,2,2,1,39,7,3,0,0,2,0,-1,5,1
43549,77.25179889,28.66508584,6,3,2,1,6,18:30,100,E08000001,6,0,6,30,3,4,3,579,0,4,1,1,1,0,0,1,2,E01004830,17-06-2018,3,1,1,2,29,6,3,0,0,0,0,-1,9,1
43550,77.23229023,28.7284252,6,3,2,1,7,13:20,100,E08000001,3,579,6,30,3,2,6,0,0,0,1,1,1,0,0,1,2,E01004849,18-06-2018,1,1,1,1,94,11,1,0,0,0,0,-1,9,1
43551,77.32385882,28.61039788,6,3,2,1,4,09:15,100,E08000001,3,676,6,30,3,4,6,0,0,0,1,1,1,0,0,1,2,E01004838,22-06-2018,1,1,3,1,42,7,3,9,5,0,0,-1,0,1
43552,77.36719515,28.56918396,6,3,2,1,6,19:30,100,E08000001,3,666,6,30,9,2,6,0,0,0,1,1,1,0,0,1,2,E01004824,24-06-2018,1,1,3,1,54,8,2,10,9,0,0,-1,0,1
43553,77.33993162,28.58071118,6,3,2,2,1,16:30,100,E08000001,3,673,6,30,3,4,3,58,0,0,1,2,2,0,0,1,2,E01004837,19-06-2018,2,1,1,1,37,7,2,0,0,0,0,-1,9,1
43554,77.09817527,28.65300009,6,3,1,1,1,11:45,100,E08000001,6,0,6,30,0,-1,-1,0,0,0,1,1,1,0,0,1,2,E01004874,26-06-2018,2,2,2,2,40,7,3,0,0,1,0,-1,9,1
43555,77.08714756,28.54855571,6,3,1,1,7,10:05,100,E08000001,3,676,6,30,0,-1,-1,0,0,4,1,1,1,0,0,1,1,E01004928,25-06-2018,2,1,1,2,35,6,3,0,0,0,0,-1,1,-1
43556,77.31479444,28.55534895,6,3,2,3,7,04:25,100,E08000001,6,0,6,30,0,-1,-1,0,0,0,1,1,1,0,0,1,1,E01004873,25-06-2018,1,1,1,1,40,7,2,0,0,0,0,-1,9,1
43557,77.23691862,28.61623499,6,3,2,3,7,22:40,100,E08000001,6,0,6,30,6,3,6,0,0,0,1,1,1,0,0,1,1,E01004793,25-06-2018,1,1,1,2,18,4,3,0,0,0,0,-1,9,-1
43558,77.09217457,28.57173554,6,3,1,2,7,02:03,100,E08000001,4,6209,3,30,9,4,6,0,0,0,4,1,2,0,0,1,1,E01004819,25-06-2018,2,2,1,2,28,6,3,0,0,0,0,-1,9,-1
43559,77.2429739,28.69741712,6,3,2,1,5,19:25,100,E08000001,3,666,7,30,5,2,3,676,0,8,1,1,1,0,0,1,1,E01004821,23-06-2018,1,1,1,1,18,4,3,0,0,0,0,-1,1,-1
43560,77.33459069,28.64935848,6,3,2,1,6,19:34,100,E08000001,3,676,6,30,9,4,6,0,0,0,1,2,2,0,0,1,1,E01004838,24-06-2018,1,1,1,2,50,8,3,0,0,0,0,-1,9,1
43561,77.17160078,28.53929681,6,2,1,1,7,19:10,100,E08000001,6,0,6,30,3,4,6,0,0,0,1,1,1,0,0,1,1,E01004877,25-06-2018,2,1,1,2,19,4,3,0,0,0,0,-1,9,1
43562,77.37042712,28.54258016,6,3,2,1,7,09:55,100,E08000001,4,6472,6,30,0,-1,-1,0,0,0,1,1,1,0,0,1,1,E01004790,25-06-2018,1,1,1,1,17,4,3,0,0,0,0,-1,9,1
43563,77.20494591,28.58470024,6,3,2,1,4,21:10,100,E08000001,4,6472,6,30,3,2,6,0,0,0,1,1,1,0,0,1,1,E01004809,22-06-2018,1,1,1,1,39,7,3,0,0,0,0,-1,19,1
43564,77.10680086,28.70551754,6,3,2,2,4,15:10,100,E08000001,5,0,6,30,3,4,6,0,0,0,1,1,1,0,0,1,1,E01004924,22-06-2018,2,2,1,2,20,4,3,0,0,0,0,-1,9,1
43565,77.13952376,28.67220794,6,3,5,1,2,13:50,100,E08000001,6,0,6,30,3,4,6,0,0,0,5,1,1,0,0,1,1,E01004812,27-06-2018,1,1,3,1,4,1,3,5,4,0,0,-1,0,1
43566,77.3614077,28.6942457,6,3,2,1,2,15:25,100,E08000001,3,58,6,40,0,-1,-1,0,0,0,1,1,1,0,0,2,2,E01004899,27-06-2018,1,1,1,1,20,4,3,0,0,0,0,-1,9,1
43567,77.27987871,28.55325693,6,3,1,1,2,07:20,100,E08000001,4,6199,6,30,6,4,6,0,0,0,1,1,1,0,0,1,1,E01004875,27-06-2018,2,2,2,2,24,5,3,0,0,1,0,-1,8,1
43568,77.08465827,28.56071616,6,3,2,1,3,07:45,100,E08000001,3,579,6,30,9,4,6,0,0,4,1,1,1,0,0,1,2,E01004892,28-06-2018,1,1,2,2,74,10,3,0,0,1,0,-1,9,-1
43569,77.20104442,28.53437312,6,1,1,1,4,11:46,100,E08000001,6,0,6,30,3,2,6,0,0,5,1,1,1,0,0,1,1,E01004821,22-06-2018,1,1,1,1,36,7,3,0,0,0,0,-1,5,-1
43570,77.31990429,28.70573225,6,3,2,1,6,17:10,100,E08000001,3,676,6,30,0,-1,-1,0,0,0,1,1,1,0,0,1,1,E01004848,24-06-2018,1,1,1,1,63,9,3,0,0,0,0,-1,9,1
43571,77.26944547,28.65284543,6,3,2,1,6,06:46,100,E08000001,3,676,6,30,0,-1,-1,0,0,0,1,1,1,0,0,1,1,E01004802,24-06-2018,1,2,2,2,61,9,3,0,0,1,0,-1,9,1
43572,77.1382721,28.63747078,6,3,1,1,4,15:30,100,E08000001,6,0,6,30,9,4,6,0,0,0,1,1,1,0,0,1,1,E01004832,29-06-2018,1,3,2,2,29,6,3,0,0,2,0,-1,9,1
43573,77.26144762,28.69606757,6,3,2,1,6,08:45,100,E08000001,3,6,6,40,0,-1,-1,0,0,0,1,2,2,0,0,2,1,E01004776,24-06-2018,1,5,1,1,35,6,3,0,0,0,0,-1,9,1
43574,77.11654188,28.69177895,6,3,1,1,2,23:43,100,E08000001,4,6203,6,30,0,-1,-1,0,0,0,4,1,1,0,0,1,1,E01004821,27-06-2018,2,1,1,2,39,7,3,0,0,0,0,-1,9,1
43575,77.19403878,28.70658932,6,3,2,1,3,16:30,100,E08000001,3,6053,3,30,0,-1,-1,0,0,0,1,1,1,0,0,1,2,E01004857,28-06-2018,2,2,2,1,32,6,3,0,0,2,0,-1,9,1
43576,77.35443063,28.68897239,6,3,2,2,5,08:25,100,E08000001,6,0,6,30,3,4,6,0,0,0,1,1,1,0,0,1,1,E01004821,30-06-2018,2,3,2,2,6,2,3,0,0,2,0,-1,9,1
43577,77.21820257,28.65004393,6,3,4,1,2,19:05,100,E08000001,4,6472,6,30,0,-1,-1,0,0,0,1,1,1,0,0,1,1,E01004804,27-06-2018,2,4,2,2,5,1,3,0,0,2,0,-1,9,1
43578,77.21080697,28.61256081,6,3,3,3,2,21:20,100,E08000001,5,0,6,30,0,-1,-1,0,0,0,1,1,1,0,0,1,1,E01004883,27-06-2018,1,1,1,1,23,5,3,0,0,0,0,-1,9,1
43579,77.28589466,28.66320527,6,3,2,1,2,15:40,100,E08000001,6,0,6,30,3,4,6,0,0,0,1,1,1,3,0,1,1,E01004877,27-06-2018,2,1,1,2,46,8,3,0,0,0,0,-1,9,1
43580,77.14247804,28.66816568,6,3,2,1,3,08:10,100,E08000001,3,6027,3,50,0,-1,-1,0,0,0,1,1,1,0,0,2,1,E01004775,28-06-2018,2,1,1,1,8,2,3,0,0,0,0,-1,1,1
43581,77.19521696,28.68754216,6,3,1,1,5,16:00,100,E08000001,6,0,6,30,3,4,6,0,0,0,1,1,1,0,0,1,2,E01004838,30-06-2018,1,1,1,1,35,6,1,0,0,0,0,-1,9,1
43582,77.0718173,28.56185976,6,3,3,1,4,11:35,100,E08000001,5,0,6,30,0,-1,-1,0,0,0,1,1,1,0,0,1,1,E01004793,29-06-2018,2,1,1,1,67,10,3,0,0,0,0,-1,9,1
43583,77.26192357,28.72727076,6,2,2,1,3,15:55,100,E08000001,6,0,6,30,3,4,6,0,0,0,1,1,1,0,0,1,1,E01004835,28-06-2018,1,1,1,1,40,7,3,0,0,0,0,-1,9,1
43584,77.14597256,28.5571277,6,3,2,1,4,21:00,100,E08000001,4,6226,6,60,0,-1,-1,0,0,0,1,1,1,0,0,2,1,E01004840,29-06-2018,1,1,1,1,60,9,3,0,0,0,0,-1,9,1
43585,77.07678286,28.62629499,6,2,1,1,6,15:30,100,E08000001,3,676,6,30,0,-1,-1,0,0,4,1,1,1,0,0,1,1,E01004836,01-07-2018,1,2,2,1,58,9,3,0,0,1,0,-1,9,1
43586,77.33313651,28.63197487,6,3,2,1,6,16:50,100,E08000001,3,579,6,30,0,-1,-1,0,0,0,1,1,1,0,0,1,1,E01004854,01-07-2018,2,3,1,1,46,8,3,0,0,0,0,-1,9,1
43587,77.23355282,28.59386838,6,3,2,1,1,21:50,100,E08000001,3,670,6,30,0,-1,-1,0,0,0,4,2,2,6,0,1,1,E01004927,03-07-2018,1,1,1,1,48,8,3,0,0,0,0,-1,9,1
43588,77.28566422,28.60351821,6,3,2,2,5,11:30,100,E08000001,6,0,6,30,3,4,6,0,0,0,1,1,1,0,0,1,2,E01004811,16-06-2018,1,1,3,2,6,2,3,5,4,0,0,-1,0,-1
43589,77.08614609,28.6505875,6,3,1,1,4,20:50,100,E08000001,3,6073,3,30,9,4,3,6053,0,5,1,1,1,0,0,1,1,E01004814,29-06-2018,1,1,2,2,83,11,3,0,0,0,4,-1,11,-1
43590,77.08556742,28.7037741,6,3,1,1,7,01:55,100,E08000001,3,6053,6,30,9,3,6,0,0,0,4,2,2,0,0,1,1,E01004859,02-07-2018,1,1,1,1,49,8,3,0,0,0,0,-1,9,1
43591,77.17867283,28.61823239,6,2,2,4,6,13:15,100,E08000001,3,676,6,60,0,-1,-1,0,0,0,1,1,1,0,0,2,1,E01004789,24-06-2018,1,1,1,1,20,4,3,0,0,0,0,-1,9,1
43592,77.33299585,28.72330233,6,3,2,2,4,16:15,100,E08000001,3,58,3,70,1,4,3,6,0,0,1,1,1,0,0,2,1,E01004891,29-06-2018,1,2,2,1,22,5,3,0,0,1,0,-1,9,1
43593,77.22050949,28.71801405,6,3,3,1,5,17:20,100,E08000001,3,6099,6,30,3,4,6,0,0,0,1,1,1,0,0,1,1,E01004820,30-06-2018,1,1,2,2,78,11,3,0,0,0,4,-1,11,1
43594,77.08168397,28.58188453,6,3,2,2,5,20:55,100,E08000001,6,0,6,30,9,4,3,575,0,0,1,1,1,0,0,1,1,E01004857,30-06-2018,1,2,1,1,40,7,3,0,0,0,0,-1,11,1
43595,77.3362903,28.72659039,6,3,2,1,4,17:30,100,E08000001,3,58,6,30,9,2,3,58,0,0,1,1,1,0,0,1,2,E01004938,29-06-2018,1,1,2,1,54,8,3,0,0,1,0,-1,9,1
43596,77.36728537,28.68219266,6,3,1,1,2,18:35,100,E08000001,6,0,6,30,6,4,6,0,0,0,1,2,2,0,0,1,2,E01004813,04-07-2018,2,1,1,1,39,7,3,0,0,0,0,-1,5,-1
43597,77.18357389,28.59237542,6,3,2,1,2,07:50,100,E08000001,4,6206,6,30,9,4,6,0,0,0,1,2,2,0,0,1,1,E01004821,04-07-2018,1,1,1,2,19,4,3,0,0,0,0,-1,9,1
43598,77.31619981,28.65114754,6,3,4,2,2,18:20,100,E08000001,6,0,3,30,3,4,6,0,0,0,1,1,1,0,0,1,1,E01004816,04-07-2018,1,2,2,1,28,6,3,0,0,1,0,-1,9,-1
43599,77.2810064,28.65268365,6,3,3,1,4,14:35,100,E08000001,3,579,3,30,6,2,4,6536,0,0,1,1,1,0,0,1,1,E01004848,22-06-2018,1,1,1,2,27,6,3,0,0,0,0,-1,9,1
43600,77.16461248,28.61878317,6,3,1,2,2,20:15,100,E08000001,6,0,6,30,0,-1,-1,0,0,0,1,1,2,0,0,1,1,E01004836,04-07-2018,1,2,2,2,20,4,3,0,0,1,0,-1,9,-1
43601,77.30811667,28.72412491,6,3,2,1,2,16:30,100,E08000001,6,0,6,30,3,2,6,0,0,0,1,1,1,0,0,1,2,E01004848,04-07-2018,1,1,1,1,53,8,3,0,0,0,0,-1,9,1
43602,77.08097251,28.55984893,6,3,2,1,2,20:40,100,E08000001,5,0,6,30,3,4,6,0,0,0,1,1,1,0,0,1,1,E01004812,04-07-2018,1,1,1,1,21,5,3,0,0,0,0,-1,9,1
43603,77.2416295,28.67122422,6,3,2,2,1,20:25,100,E08000001,3,6,6,60,6,2,4,5238,0,0,1,2,2,0,0,2,1,E01004783,03-07-2018,1,1,1,1,32,6,2,0,0,0,0,-1,5,1
43604,77.33246795,28.63580306,6,3,2,2,2,17:04,100,E08000001,4,6202,6,30,9,4,6,0,0,0,1,2,2,6,0,1,1,E01004845,04-07-2018,2,1,1,1,34,6,3,0,0,0,0,-1,1,-1
43605,77.2390458,28.60924863,6,3,2,1,2,12:30,100,E08000001,3,579,6,30,3,4,4,6208,0,0,1,1,2,0,0,1,1,E01004932,04-07-2018,1,1,1,2,25,5,3,0,0,0,0,-1,9,1
43606,77.15224858,28.66889441,6,3,2,1,3,16:50,100,E08000001,3,579,6,30,3,2,3,58,0,0,1,1,2,0,0,1,1,E01004931,05-07-2018,3,1,1,1,15,3,1,0,0,0,0,-1,1,-1
43607,77.07504708,28.71053205,6,3,1,1,4,18:20,100,E08000001,3,58,6,30,0,-1,-1,0,0,0,1,1,1,0,0,1,2,E01004939,06-07-2018,1,1,1,2,20,4,3,0,0,0,0,-1,9,1
43608,77.30966553,28.58197516,6,3,2,1,6,10:40,100,E08000001,3,58,6,30,0,-1,-1,0,0,0,1,1,1,0,0,1,1,E01004893,08-07-2018,1,1,1,2,44,7,3,0,0,0,0,-1,9,1
43609,77.24775672,28.68827078,6,3,2,2,6,19:20,100,E08000001,3,5082,6,30,3,4,6,0,0,0,1,1,1,0,0,1,2,E01004862,08-07-2018,1,3,2,1,25,5,3,0,0,1,0,-1,9,1
43610,77.32331931,28.70700899,6,3,1,1,7,20:25,100,E08000001,6,0,6,30,0,-1,-1,0,0,0,1,1,1,0,0,1,1,E01004773,09-07-2018,1,4,2,2,42,7,3,0,0,2,0,-1,9,1
43611,77.33148305,28.62869998,6,2,2,1,5,18:00,100,E08000001,6,0,6,30,0,-1,-1,0,0,0,1,1,1,0,0,1,1,E01004922,23-06-2018,2,2,1,1,33,6,3,0,0,0,0,-1,9,1
43612,77.17895936,28.6151094,6,3,2,1,6,08:00,100,E08000001,3,58,3,40,0,-1,-1,0,0,0,1,1,1,0,0,1,1,E01004767,08-07-2018,2,5,2,1,13,3,3,0,0,1,0,-1,9,1
43613,77.3150981,28.6918411,6,3,2,2,1,19:00,100,E08000001,6,0,6,30,9,4,6,0,0,0,1,1,1,0,0,1,1,E01004856,03-07-2018,1,1,1,1,13,3,2,0,0,0,0,-1,2,1
43614,77.19701239,28.53934696,6,3,2,2,7,18:00,100,E08000001,4,6203,6,30,3,2,4,6202,0,5,1,1,1,0,0,1,1,E01004821,09-07-2018,1,2,2,1,11,3,2,0,0,2,0,-1,2,1
43615,77.12917376,28.60026244,6,3,1,1,5,15:26,100,E08000001,5,0,6,30,0,-1,-1,0,0,0,1,1,1,0,0,1,1,E01004864,07-07-2018,2,1,1,1,24,5,3,0,0,0,0,-1,9,1
43616,77.22830981,28.66201805,6,3,2,3,6,14:30,100,E08000001,3,579,3,30,6,2,3,666,0,0,1,1,1,0,0,1,1,E01004817,08-07-2018,1,1,1,2,45,7,3,0,0,0,0,-1,9,1
43617,77.2072026,28.64797613,6,2,1,1,6,08:35,100,E08000001,3,58,6,40,0,-1,-1,0,0,0,1,1,1,0,0,1,1,E01004802,08-07-2018,2,1,1,1,31,6,3,0,0,0,0,-1,19,1
43618,77.22857526,28.72552783,6,3,2,1,6,20:35,100,E08000001,3,666,6,30,3,2,6,0,0,0,1,1,1,0,0,1,1,E01004825,08-07-2018,1,1,3,1,18,4,3,5,1,0,0,-1,0,1
43619,77.12852557,28.5324384,6,2,2,1,7,15:15,100,E08000001,3,666,6,30,0,-1,-1,0,0,8,1,1,1,0,0,1,1,E01004804,09-07-2018,1,1,1,1,16,4,3,0,0,0,0,-1,1,1
43620,77.33560806,28.67777968,6,3,1,1,1,02:00,100,E08000001,3,575,6,30,3,4,6,0,0,4,4,1,1,0,0,1,1,E01004817,10-07-2018,1,1,1,1,46,8,3,0,0,0,0,-1,1,1
43621,77.09654502,28.641604,6,3,2,1,1,12:00,100,E08000001,6,0,6,30,3,4,6,0,0,0,1,1,1,0,0,1,2,E01004843,10-07-2018,1,1,3,1,11,3,3,4,1,0,0,-1,0,1
43622,77.13083017,28.53648461,6,3,1,1,3,18:30,100,E08000001,6,0,6,30,9,4,6,0,0,0,1,1,1,0,0,1,2,E01004934,12-07-2018,1,1,2,2,55,8,3,0,0,1,0,-1,9,1
43623,77.34377647,28.53721868,6,3,2,1,3,07:00,100,E08000001,6,0,6,30,6,2,3,579,0,0,1,1,1,0,0,1,1,E01004830,05-07-2018,1,1,1,2,23,5,3,0,0,0,0,-1,9,-1
43624,77.30147722,28.60121216,6,3,1,1,1,12:45,100,E08000001,4,6226,6,30,0,-1,-1,0,0,0,1,1,1,0,0,1,1,E01004922,10-07-2018,1,1,1,1,38,7,3,0,0,0,0,-1,9,1
43625,77.35655172,28.64719718,6,3,1,1,2,13:55,100,E08000001,3,676,6,30,3,4,6,0,0,0,1,1,1,0,0,1,1,E01004926,11-07-2018,1,2,2,1,28,6,3,0,0,1,0,-1,9,1
43626,77.24235246,28.65452685,6,3,2,1,3,11:35,100,E08000001,3,666,6,30,3,4,6,0,0,0,1,1,1,0,0,1,1,E01004824,12-07-2018,2,1,1,1,19,4,3,0,0,0,0,-1,1,1
43627,77.11637622,28.63516056,6,3,1,1,4,18:10,100,E08000001,3,579,3,30,0,-1,-1,0,0,0,1,1,1,0,0,1,1,E01004848,13-07-2018,1,1,1,2,24,5,3,0,0,0,0,-1,9,1
43628,77.2840014,28.60212482,6,3,1,1,5,15:10,100,E08000001,6,0,6,30,9,4,6,0,0,0,1,1,1,0,0,1,1,E01004878,14-07-2018,2,2,1,2,34,6,3,0,0,0,0,-1,9,3
43629,77.32235336,28.69772522,6,3,2,4,1,18:39,100,E08000001,3,6,6,30,6,2,4,5238,0,0,1,1,1,0,0,2,1,E01004780,10-07-2018,2,1,1,1,13,3,2,0,0,0,0,-1,1,-1
43630,77.31172684,28.65352882,6,3,2,4,1,16:15,100,E08000001,3,676,6,30,0,-1,-1,0,0,0,1,1,1,0,0,1,1,E01004790,10-07-2018,1,1,1,2,42,7,3,0,0,0,0,-1,9,1
43631,77.36840401,28.67047203,6,3,2,1,4,21:00,100,E08000001,6,0,6,30,6,4,6,0,0,0,1,1,1,0,0,1,1,E01004823,13-07-2018,1,1,3,1,15,3,2,5,1,0,0,-1,0,-1
43632,77.06605139,28.54343873,6,2,1,1,5,03:50,100,E08000001,6,0,6,30,0,-1,-1,0,0,0,1,1,1,0,0,1,1,E01004848,14-07-2018,1,1,1,1,21,5,3,0,0,0,0,-1,9,1
43633,77.13895462,28.67087753,6,2,2,1,1,17:30,100,E08000001,3,676,6,30,3,4,6,0,0,0,1,1,1,0,0,1,1,E01004850,17-07-2018,1,3,2,1,44,7,3,0,0,1,0,-1,9,-1
43634,77.2888154,28.69368724,6,3,2,1,3,07:40,100,E08000001,6,0,6,30,3,4,6,0,0,0,1,2,2,0,0,1,2,E01004828,19-07-2018,2,2,1,2,17,4,3,0,0,0,0,-1,9,1
43635,77.28828652,28.6881001,6,2,2,1,7,20:00,100,E08000001,3,673,6,30,9,4,6,0,0,0,1,1,1,0,0,1,2,E01004781,16-07-2018,2,1,1,2,42,7,3,0,0,0,0,-1,9,1
43636,77.06336203,28.70621161,6,3,1,1,7,19:58,100,E08000001,6,0,6,20,0,-1,-1,0,0,0,1,1,1,0,0,1,1,E01004921,16-07-2018,2,1,2,2,17,4,3,0,0,0,4,-1,11,1
43637,77.32104543,28.72547962,6,3,1,1,7,19:30,100,E08000001,6,0,6,30,9,4,6,0,0,0,1,1,1,0,2,1,2,E01004784,16-07-2018,2,2,2,2,16,4,3,0,0,0,4,-1,11,1
43638,77.07386611,28.58125731,6,2,2,1,6,23:45,100,E08000001,3,579,6,30,3,4,6,0,0,0,4,1,1,0,0,1,1,E01004851,15-07-2018,2,3,2,1,3,1,3,0,0,0,4,-1,11,1
43639,77.12392629,28.58295174,6,3,1,1,4,17:45,100,E08000001,3,676,6,30,0,-1,-1,0,0,0,1,1,1,0,0,1,1,E01004927,13-07-2018,2,4,2,1,16,4,3,0,0,0,4,-1,11,1
43640,77.1712973,28.61591707,6,3,2,1,2,11:40,100,E08000001,3,676,3,30,9,4,6,0,0,4,1,1,1,0,0,1,2,E01004821,18-07-2018,2,1,1,1,58,9,3,0,0,0,0,-1,5,1
43641,77.07893242,28.71262972,6,2,1,2,5,22:14,100,E08000001,3,58,3,30,6,2,3,666,0,5,4,1,1,0,0,1,1,E01004766,21-07-2018,2,1,2,2,55,8,3,0,0,1,0,-1,9,1
43642,77.31931521,28.59738811,6,2,2,1,6,09:00,100,E08000001,5,0,6,30,3,4,6,0,0,0,1,1,1,0,0,2,1,E01004934,15-07-2018,2,2,1,1,58,9,3,0,0,0,0,-1,9,1
43643,77.15919826,28.5899475,6,3,2,2,1,15:45,100,E08000001,3,673,6,30,9,4,6,0,0,0,1,1,1,0,0,1,2,E01004821,17-07-2018,2,1,1,1,64,9,3,0,0,0,0,-1,1,1
43644,77.25072198,28.69577,6,3,3,1,2,16:30,100,E08000001,6,0,6,30,3,4,6,0,0,0,1,1,1,0,0,1,1,E01004929,18-07-2018,1,1,1,2,39,7,3,0,0,0,0,-1,9,1
43645,77.25405749,28.56568082,6,3,1,2,5,22:30,100,E08000001,4,5235,6,40,9,4,5,0,0,0,4,1,1,0,2,1,1,E01004935,21-07-2018,1,2,2,2,10,2,3,0,0,2,0,-1,9,-1
43646,77.30069492,28.71312753,6,3,1,1,5,08:25,100,E08000001,3,58,3,30,3,4,6,0,0,4,1,1,1,0,0,1,2,E01004864,21-07-2018,1,3,2,2,3,1,3,0,0,2,0,-1,9,-1
43647,77.32195624,28.56503894,6,3,1,1,7,00:05,100,E08000001,4,6209,6,30,6,4,6,0,0,0,4,1,1,0,0,1,1,E01004821,23-07-2018,2,4,2,2,36,7,3,0,0,1,0,-1,9,-1
43648,77.27150648,28.67104274,6,3,2,1,3,22:20,100,E08000001,3,58,1,70,1,4,1,61,0,0,4,1,1,0,0,2,1,E01004891,19-07-2018,2,5,2,1,66,10,3,0,0,2,0,-1,9,1
43649,77.37034357,28.66546975,6,3,3,1,6,08:58,100,E08000001,5,0,3,30,3,2,6,0,0,8,1,1,1,0,0,1,2,E01004775,22-07-2018,2,1,1,2,56,9,3,0,0,0,0,-1,9,1
43650,77.12208339,28.64468495,6,3,2,2,1,22:20,100,E08000001,6,0,6,30,3,4,6,0,0,0,4,2,2,0,0,1,1,E01004838,24-07-2018,1,1,1,1,29,6,3,0,0,0,0,-1,90,1
43651,77.06889263,28.60949513,6,3,2,1,4,14:05,100,E08000001,6,0,6,30,3,4,4,6206,0,0,1,1,1,0,0,1,2,E01004821,13-07-2018,2,2,1,2,33,6,3,0,0,0,0,-1,9,1
43652,77.16535966,28.5848688,6,3,1,1,3,14:25,100,E08000001,3,676,6,30,9,4,6,0,0,0,1,1,1,0,0,1,2,E01004821,19-07-2018,1,1,1,1,42,7,3,0,0,0,0,-1,5,-1
43653,77.08247627,28.56012561,6,3,1,1,6,15:30,100,E08000001,3,579,6,30,6,2,6,0,0,0,1,1,1,0,0,1,2,E01004830,22-07-2018,1,1,1,1,29,6,3,0,0,0,0,-1,9,1
43654,77.17070835,28.65572711,6,2,1,1,6,21:50,100,E08000001,6,0,6,30,3,4,6,0,0,0,4,1,1,0,0,1,1,E01004920,22-07-2018,2,2,1,1,20,4,3,0,0,0,0,-1,9,1