Accident_Index,longitude,latitude,Police_Force,Accident_Severity,Number_of_Vehicles,Number_of_Casualties,Day_of_Week,Time,Local_Authority_(District),Local_Authority_(Highway),1st_Road_Class,1st_Road_Number,Road_Type,Speed_limit,Junction_Detail,Junction_Control,2nd_Road_Class,2nd_Road_Number,Pedestrian_Crossing-Human_Control,Pedestrian_Crossing-Physical_Facilities,Light_Conditions,Weather_Conditions,Road_Surface_Conditions,Special_Conditions_at_Site,Carriageway_Hazards,Urban_or_Rural_Area,Did_Police_Officer_Attend_Scene_of_Accident,LSOA_of_Accident_Location,Date,Vehicle_Reference,Casualty_Reference,Casualty_Class,Sex_of_Casualty,Age_of_Casualty,Age_Band_of_Casualty,Casualty_Severity,Pedestrian_Location,Pedestrian_Movement,Car_Passenger,Bus_or_Coach_Passenger,Pedestrian_Road_Maintenance_Worker,Casualty_Type,Casualty_Home_Area_Type
43655,77.26020684,28.61486433,6,3,2,1,3,12:20,100,E08000001,6,0,6,30,3,4,6,0,0,0,1,1,1,0,0,1,1,E01004849,26-07-2018,2,3,2,2,20,4,3,0,0,1,0,-1,9,1
43656,77.07980181,28.69311256,6,3,2,1,3,13:45,100,E08000001,3,673,1,30,1,4,3,6027,0,0,1,1,1,0,0,1,1,E01004781,26-07-2018,1,1,1,1,33,6,2,0,0,0,0,-1,9,1
43657,77.29475849,28.72273102,6,3,1,1,4,14:30,100,E08000001,4,6226,6,30,3,2,6,0,0,4,1,1,1,0,0,1,2,E01004881,27-07-2018,1,1,3,2,50,8,2,4,1,0,0,-1,0,1
43658,77.26787614,28.60177141,6,3,1,1,2,14:30,100,E08000001,4,6226,6,30,6,2,5,0,0,4,1,1,1,0,0,1,2,E01004890,25-07-2018,1,1,3,1,29,6,2,5,1,0,0,-1,0,1
43659,77.2586528,28.72213332,6,3,2,3,6,02:30,100,E08000001,3,575,6,30,0,-1,-1,0,0,4,4,2,2,0,0,1,1,E01004848,29-07-2018,1,1,3,1,13,3,3,5,4,0,0,-1,0,1
43660,77.19920009,28.53238848,6,3,2,1,7,15:45,100,E08000001,3,579,3,30,3,2,6,0,0,4,1,1,1,0,0,1,2,E01004848,30-07-2018,2,1,1,1,14,3,3,0,0,0,0,-1,1,1
43661,77.36945052,28.69897175,6,3,2,2,7,18:00,100,E08000001,5,0,6,30,9,4,6,0,0,0,1,1,1,0,0,1,1,E01004870,30-07-2018,2,1,1,1,64,9,3,0,0,0,0,-1,9,1
43662,77.16200971,28.67598452,6,3,2,3,4,13:10,100,E08000001,3,6099,3,30,9,4,3,666,0,0,1,1,1,0,0,1,1,E01004822,27-07-2018,2,1,1,1,23,5,3,0,0,0,0,-1,9,1
43663,77.25738866,28.64928161,6,3,2,2,5,16:40,100,E08000001,6,0,6,60,0,-1,-1,0,0,0,1,1,1,0,0,2,1,E01004884,21-07-2018,1,1,3,1,46,8,2,10,9,0,0,-1,0,1
43664,77.26405685,28.70033425,6,3,2,1,2,16:40,100,E08000001,3,673,6,30,3,4,6,0,0,0,1,1,1,0,0,1,1,E01004821,25-07-2018,2,1,1,1,15,3,2,0,0,0,0,-1,1,-1
43665,77.24112653,28.64247145,6,3,2,1,3,19:20,100,E08000001,6,0,6,30,0,-1,-1,0,0,0,1,1,1,0,0,1,1,E01004920,26-07-2018,2,1,1,1,30,6,3,0,0,0,0,-1,9,1
43666,77.0913154,28.70200715,6,3,2,1,5,16:10,100,E08000001,6,0,6,30,0,-1,-1,0,0,0,1,8,1,0,0,1,1,E01004848,28-07-2018,2,2,2,2,26,6,3,0,0,1,0,-1,9,1
43667,77.08732446,28.54448213,6,2,2,1,5,17:00,100,E08000001,3,673,6,30,3,4,6,0,0,0,1,1,2,0,0,1,1,E01004886,28-07-2018,1,1,1,2,35,6,3,0,0,0,0,-1,9,1
43668,77.24424455,28.57584817,6,3,3,1,5,15:15,100,E08000001,3,666,6,30,3,2,6,0,0,5,1,2,2,0,0,1,2,E01004822,28-07-2018,1,1,1,2,26,6,3,0,0,0,0,-1,9,1
43669,77.09094763,28.69469561,6,3,2,4,6,04:25,100,E08000001,3,58,6,30,6,2,5,0,0,5,1,2,2,0,0,1,2,E01004930,29-07-2018,1,1,1,1,44,7,3,0,0,0,0,-1,1,1
43670,77.23659381,28.53780202,6,3,2,1,1,20:30,100,E08000001,6,0,9,30,9,4,6,0,0,0,1,1,1,0,0,1,2,E01004931,31-07-2018,1,1,3,2,50,8,3,9,8,0,0,-1,0,1
43671,77.11366997,28.69255602,6,3,1,1,5,12:50,100,E08000001,3,675,6,30,0,-1,-1,0,0,0,1,2,2,0,0,1,1,E01004774,28-07-2018,1,1,1,1,31,6,3,0,0,0,0,-1,5,1
43672,77.17544452,28.67592317,6,3,2,1,6,18:15,100,E08000001,3,579,6,30,3,4,6,0,0,0,1,1,1,0,0,1,1,E01004830,29-07-2018,1,1,1,1,25,5,3,0,0,0,0,-1,11,1
43673,77.19525301,28.70620072,6,3,2,1,6,13:55,100,E08000001,5,0,6,60,0,-1,-1,0,0,0,1,1,1,0,0,2,1,E01004768,29-07-2018,1,1,2,2,16,4,3,0,0,2,0,-1,9,1
43674,77.09611061,28.69441741,6,3,2,1,6,21:30,100,E08000001,3,579,6,30,0,-1,-1,0,0,0,4,1,2,0,0,1,1,E01004854,29-07-2018,2,2,2,2,76,11,3,0,0,1,0,-1,9,-1
43675,77.07566491,28.58990712,6,3,2,1,3,11:20,100,E08000001,3,579,6,30,3,4,6,0,0,0,1,1,1,0,0,1,1,E01004851,02-08-2018,2,1,1,1,73,10,3,0,0,0,0,-1,1,1
43676,77.11212687,28.67104068,6,2,3,1,1,17:25,100,E08000001,6,0,6,30,3,4,6,0,0,0,1,1,1,0,0,1,1,E01004811,31-07-2018,1,1,1,1,45,7,3,0,0,0,0,-1,9,-1
43677,77.21707849,28.6768959,6,3,2,1,4,17:10,100,E08000001,3,676,1,40,1,4,1,61,0,0,1,1,1,0,0,2,1,E01004891,03-08-2018,2,1,1,1,9,2,3,0,0,0,0,-1,1,-1
43678,77.13233189,28.72342373,6,3,2,1,6,12:25,100,E08000001,6,0,6,30,9,4,6,0,0,0,1,1,1,0,0,1,1,E01004866,05-08-2018,1,1,1,1,55,8,3,0,0,0,0,-1,9,1
43679,77.23970621,28.69244722,6,3,2,1,4,16:20,100,E08000001,6,0,6,30,0,-1,-1,0,0,0,1,1,1,0,0,1,1,E01004861,03-08-2018,2,1,1,1,23,5,3,0,0,0,0,-1,5,1
43680,77.11366883,28.66163495,6,3,2,1,6,04:54,100,E08000001,4,6536,3,30,9,2,3,6073,0,0,1,2,2,0,0,1,1,E01004814,05-08-2018,1,1,1,2,26,6,3,0,0,0,0,-1,9,1
43681,77.24498278,28.55973464,6,3,2,1,5,15:30,100,E08000001,6,0,3,30,0,-1,-1,0,0,0,1,2,2,0,0,1,1,E01004838,28-07-2018,1,1,1,1,30,6,3,0,0,0,0,-1,9,1
43682,77.33672436,28.61184988,6,3,2,1,4,15:05,100,E08000001,3,6,6,30,9,4,6,0,0,0,1,1,1,0,0,1,1,E01004898,03-08-2018,1,2,2,1,36,7,2,0,0,1,0,-1,9,1
43683,77.33987456,28.60192129,6,3,2,1,6,08:50,100,E08000001,3,58,3,30,3,4,6,0,0,0,1,1,1,0,0,1,2,E01004893,05-08-2018,1,1,2,1,17,4,3,0,0,2,0,-1,9,1
43684,77.11414515,28.67126135,6,3,2,2,6,13:00,100,E08000001,4,6536,6,30,3,2,6,0,0,0,1,1,1,0,0,1,2,E01004817,29-07-2018,1,2,2,1,15,3,2,0,0,1,0,-1,9,1
43685,77.14555069,28.64570435,6,3,2,1,4,13:35,100,E08000001,4,6536,3,30,9,2,3,6053,0,4,1,1,1,0,0,1,2,E01004814,03-08-2018,1,1,3,2,15,3,3,5,1,0,0,-1,0,1
43686,77.12321242,28.67403158,6,2,2,1,7,16:41,100,E08000001,6,0,6,30,0,-1,-1,0,0,0,1,1,1,0,0,1,1,E01004866,06-08-2018,1,1,1,1,18,4,3,0,0,0,0,-1,3,-1
43687,77.3388508,28.57463557,6,2,2,1,7,11:15,100,E08000001,6,0,9,30,0,-1,-1,0,0,0,1,1,1,0,0,2,1,E01004789,06-08-2018,1,1,1,1,29,6,3,0,0,0,0,-1,9,1
43688,77.14560764,28.72779961,6,3,4,2,4,19:20,100,E08000001,6,0,6,30,9,4,6,0,0,0,1,1,1,0,0,1,1,E01004880,10-08-2018,1,1,1,2,30,6,3,0,0,0,0,-1,9,1
43689,77.36883374,28.65515419,6,3,2,1,1,15:20,100,E08000001,6,0,6,30,0,-1,-1,0,0,0,1,1,1,0,0,1,1,E01004852,31-07-2018,1,1,1,1,32,6,3,0,0,0,0,-1,1,1
43690,77.25293843,28.64337846,6,3,3,1,2,09:25,100,E08000001,4,5236,6,30,3,4,6,0,0,0,1,1,1,0,0,1,1,E01004776,08-08-2018,2,1,1,2,25,5,3,0,0,0,0,-1,9,1
43691,77.36562122,28.62042672,6,3,3,1,1,12:05,100,E08000001,6,0,6,30,0,-1,-1,0,0,0,1,1,1,0,0,1,1,E01004796,07-08-2018,2,2,2,2,22,5,3,0,0,1,0,-1,9,1
43692,77.21951432,28.57462688,6,3,2,1,1,14:35,100,E08000001,3,58,3,40,6,2,3,666,0,0,1,1,1,0,0,1,1,E01004766,07-08-2018,2,3,2,2,22,5,3,0,0,2,0,-1,9,-1
43693,77.1143134,28.71971069,6,3,1,1,4,08:45,100,E08000001,5,0,6,30,0,-1,-1,0,0,4,1,1,1,0,0,1,2,E01004880,10-08-2018,1,1,2,1,14,3,3,0,0,1,0,-1,9,-1
43694,77.33468418,28.62134817,6,3,2,6,5,12:10,100,E08000001,3,666,6,30,6,2,3,673,0,5,1,1,1,0,0,1,2,E01004821,11-08-2018,1,1,1,1,29,6,3,0,0,0,0,-1,9,1
43695,77.23265232,28.61719917,6,2,1,1,3,17:30,100,E08000001,3,6,6,40,3,4,6,0,0,8,1,1,1,0,0,1,1,E01004898,09-08-2018,1,1,1,1,26,6,3,0,0,0,0,-1,1,1
43696,77.07411693,28.65659053,6,3,2,1,5,21:45,100,E08000001,3,6053,6,30,3,4,6,0,0,0,4,1,1,0,0,1,2,E01004906,11-08-2018,1,1,1,1,70,10,3,0,0,0,0,-1,9,1
43697,77.31076737,28.61849747,6,3,2,1,6,09:35,100,E08000001,6,0,6,30,6,4,6,0,0,0,1,1,1,0,0,1,2,E01004928,12-08-2018,2,2,1,2,30,6,3,0,0,0,0,-1,9,1
43698,77.23528283,28.61309095,6,3,4,1,4,16:28,100,E08000001,6,0,6,30,0,-1,-1,0,0,0,1,1,1,0,0,1,1,E01004798,10-08-2018,2,3,2,1,0,1,3,0,0,1,0,-1,9,1
43699,77.13957204,28.5590017,6,3,2,5,6,02:35,100,E08000001,3,666,3,30,6,2,6,0,0,0,4,1,1,0,0,1,1,E01004821,22-07-2018,1,1,3,2,17,4,2,1,3,0,0,-1,0,1
43700,77.1834735,28.59462795,6,3,2,2,1,12:35,100,E08000001,3,58,1,30,1,4,3,6,0,0,1,1,1,0,0,2,2,E01004891,07-08-2018,1,1,3,1,19,4,3,5,1,0,0,-1,0,1
43701,77.09355068,28.72583202,6,3,2,1,6,21:21,100,E08000001,3,6053,6,30,3,4,6,0,0,0,4,1,1,0,0,1,1,E01004912,12-08-2018,1,1,1,2,64,9,2,0,0,0,0,-1,9,1
43702,77.34150402,28.64372592,6,3,2,1,4,18:51,100,E08000001,3,58,3,30,6,2,3,666,0,5,1,1,1,0,0,1,1,E01004766,17-08-2018,2,2,1,1,39,7,3,0,0,0,0,-1,9,1
43703,77.17698643,28.64916132,6,3,2,2,4,12:30,100,E08000001,4,6536,7,30,5,4,3,666,0,0,1,1,1,0,0,1,2,E01004814,13-07-2018,3,3,1,2,59,9,3,0,0,0,0,-1,9,3
43704,77.06462206,28.69106392,6,3,2,1,4,08:50,100,E08000001,3,673,6,30,3,4,6,0,0,0,1,1,1,0,0,1,1,E01004870,10-08-2018,2,1,1,2,26,6,3,0,0,0,0,-1,9,1
43705,77.12038232,28.59815707,6,2,2,1,5,13:00,100,E08000001,4,6226,6,30,3,4,6,0,0,0,1,1,1,0,0,1,1,E01004884,11-08-2018,3,2,1,2,26,6,3,0,0,0,0,-1,9,1
43706,77.06174239,28.65496422,6,3,2,1,6,00:07,100,E08000001,5,0,6,30,0,-1,-1,0,0,0,4,1,1,0,0,1,1,E01004815,12-08-2018,1,1,1,2,45,7,2,0,0,0,0,-1,9,1
43707,77.24406172,28.63881301,6,3,2,2,6,13:30,100,E08000001,4,6209,6,30,0,-1,-1,0,0,0,1,1,1,0,0,2,1,E01004819,12-08-2018,2,2,1,1,54,8,3,0,0,0,0,-1,11,1
43708,77.28858836,28.55353952,6,3,3,1,6,14:30,100,E08000001,3,666,6,30,9,4,6,0,0,0,1,1,1,0,0,1,1,E01004824,12-08-2018,1,1,2,2,69,10,3,0,0,1,0,-1,9,1
43709,77.287754,28.67011852,6,2,2,1,7,15:00,100,E08000001,3,579,6,30,6,4,6,0,0,0,1,1,2,0,0,1,1,E01004831,13-08-2018,2,1,1,1,55,8,3,0,0,0,0,-1,9,1
43710,77.18510103,28.56345635,6,3,2,1,1,01:35,100,E08000001,6,0,6,30,0,-1,-1,0,0,0,1,1,1,0,0,1,1,E01004847,14-08-2018,1,1,2,1,13,3,3,0,0,0,4,-1,11,1
43711,77.12025471,28.58181341,6,1,2,1,1,11:28,100,E08000001,3,675,6,30,0,-1,-1,0,0,0,1,1,1,0,0,1,1,E01004768,14-08-2018,1,1,1,1,23,5,3,0,0,0,0,-1,9,1
43712,77.21207368,28.62829832,6,3,1,1,4,17:20,100,E08000001,3,676,6,30,6,4,6,0,0,0,1,1,1,0,0,1,2,E01004929,17-08-2018,2,1,1,1,59,9,3,0,0,0,0,-1,9,-1
43713,77.37040416,28.60244321,6,3,2,1,5,11:30,100,E08000001,6,0,6,20,3,4,6,0,0,0,1,1,1,0,0,1,2,E01004785,18-08-2018,1,1,2,2,66,10,3,0,0,1,0,-1,9,-1
43714,77.15110427,28.56444343,6,3,1,1,5,17:10,100,E08000001,6,0,3,30,3,4,6,0,0,0,1,1,1,0,0,1,1,E01004793,18-08-2018,1,1,3,1,18,4,3,4,2,0,0,-1,0,1
43715,77.32684996,28.58238083,6,3,1,1,3,14:45,100,E08000001,3,579,6,30,3,3,6,0,0,4,1,1,1,0,0,1,1,E01004932,16-08-2018,1,1,1,1,32,6,3,0,0,0,0,-1,9,1
43716,77.25192151,28.57152961,6,2,1,1,2,16:20,100,E08000001,5,0,6,30,0,-1,-1,0,0,0,1,1,1,0,0,2,1,E01004924,01-08-2018,1,2,2,2,44,7,3,0,0,2,0,-1,9,1
43717,77.13281613,28.7032776,6,3,2,1,5,09:40,100,E08000001,3,6027,3,50,1,4,1,61,0,0,1,1,1,4,0,2,1,E01004775,18-08-2018,2,3,1,2,21,5,3,0,0,0,0,-1,9,1
43718,77.08486193,28.64398244,6,3,2,2,2,09:14,100,E08000001,6,0,9,30,0,-1,-1,0,0,0,1,9,1,0,0,1,2,E01004835,22-08-2018,1,1,3,2,18,4,3,5,1,0,0,-1,0,-1
43719,77.33252233,28.60452711,6,3,3,1,2,08:00,100,E08000001,3,666,6,30,6,2,6,0,0,4,1,2,2,0,0,1,1,E01004824,22-08-2018,2,1,1,1,51,8,3,0,0,0,0,-1,5,1
43720,77.21038563,28.6297997,6,3,3,1,5,15:53,100,E08000001,5,0,3,30,7,2,3,6027,0,4,1,1,1,0,0,1,2,E01004781,18-08-2018,1,1,1,2,39,7,3,0,0,0,0,-1,9,1
43721,77.33273673,28.60544211,6,3,2,2,4,16:30,100,E08000001,3,667,6,30,9,4,6,0,0,0,1,1,1,0,0,1,1,E01004905,17-08-2018,1,1,3,2,8,2,3,5,4,0,0,-1,0,1
43722,77.34100285,28.70795316,6,3,1,1,6,12:20,100,E08000001,4,5236,3,30,9,4,6,0,0,0,1,1,1,0,0,1,2,E01004936,26-08-2018,2,1,1,1,14,3,3,0,0,0,0,-1,1,1
43723,77.33402933,28.60917527,6,3,2,1,6,17:05,100,E08000001,6,0,6,30,6,4,6,0,0,0,1,1,2,3,0,1,1,E01004845,26-08-2018,3,1,1,2,41,7,3,0,0,0,0,-1,9,1
43724,77.26756359,28.63707175,6,3,2,1,3,13:45,100,E08000001,3,579,6,30,9,4,6,0,0,0,1,1,1,0,0,1,1,E01004818,16-08-2018,3,2,2,1,11,3,3,0,0,1,0,-1,9,-1
43725,77.06031947,28.596661,6,3,3,1,6,11:10,100,E08000001,3,575,6,30,0,-1,-1,0,0,0,1,1,1,0,0,1,2,E01004859,19-08-2018,3,3,2,2,8,2,3,0,0,2,0,-1,9,-1
43726,77.35740631,28.56097307,6,3,2,1,7,17:30,100,E08000001,6,0,6,30,0,-1,-1,0,0,0,1,1,1,0,0,1,1,E01004801,20-08-2018,3,4,2,2,63,9,3,0,0,2,0,-1,9,-1
43727,77.24602995,28.63831138,6,2,1,1,7,12:10,100,E08000001,3,676,6,30,0,-1,-1,0,0,4,1,1,1,0,0,1,1,E01004821,20-08-2018,2,1,2,2,20,4,3,0,0,1,0,-1,9,1
43728,77.33636746,28.70745086,6,2,1,1,7,21:10,100,E08000001,6,0,6,30,6,4,6,0,0,0,4,1,1,0,0,1,1,E01004813,20-08-2018,1,1,1,2,37,7,3,0,0,0,0,-1,9,1
43729,77.31778342,28.69070185,6,3,1,1,1,22:04,100,E08000001,3,676,6,30,3,4,6,0,0,0,4,2,2,0,0,1,1,E01004929,21-08-2018,1,1,3,1,21,5,3,9,9,0,0,-1,0,1
43730,77.10008521,28.70321059,6,3,1,1,4,16:45,100,E08000001,3,5082,6,30,6,2,3,575,0,0,1,1,1,0,0,1,1,E01004863,24-08-2018,1,1,1,2,21,5,3,0,0,0,0,-1,9,1
43731,77.06944375,28.56127394,6,3,2,1,4,19:10,100,E08000001,6,0,9,30,0,-1,-1,0,0,0,1,1,1,0,0,1,1,E01004818,24-08-2018,1,2,2,1,15,3,3,0,0,1,0,-1,9,1
43732,77.17078685,28.57188915,6,3,2,2,5,17:55,100,E08000001,5,0,6,30,6,2,6,0,0,0,1,1,2,0,0,1,2,E01004816,25-08-2018,1,1,1,1,45,7,3,0,0,0,0,-1,5,-1
43733,77.33080071,28.70569343,6,3,1,2,1,23:45,100,E08000001,3,58,3,30,6,4,6,0,0,0,4,1,1,0,0,2,2,E01004864,28-08-2018,1,1,2,1,20,4,3,0,0,2,0,-1,9,-1
43734,77.28407526,28.53605875,6,3,1,1,3,11:00,100,E08000001,6,0,6,30,0,-1,-1,0,0,0,1,1,1,0,0,1,2,E01004829,30-08-2018,1,1,1,1,72,10,3,0,0,0,0,-1,9,1
43735,77.1174986,28.60634489,6,3,2,1,4,08:30,100,E08000001,3,673,9,30,9,4,6,0,0,0,1,1,1,0,0,1,2,E01004821,31-08-2018,1,2,2,1,10,2,3,0,0,1,0,-1,9,1
43736,77.29747805,28.6699844,6,3,3,1,4,20:15,100,E08000001,3,58,3,30,6,2,3,673,0,0,4,1,2,0,0,1,1,E01004837,31-08-2018,2,3,2,2,27,6,3,0,0,1,0,-1,9,1
43737,77.19463072,28.66035564,6,3,1,1,5,09:30,100,E08000001,6,0,6,30,6,2,4,6202,0,0,1,1,2,0,0,1,1,E01004871,01-09-2018,2,4,1,1,27,6,3,0,0,0,0,-1,9,1
43738,77.15463405,28.60762484,6,3,1,1,4,12:56,100,E08000001,3,676,6,30,0,-1,-1,0,0,4,1,1,2,0,0,1,1,E01004929,24-08-2018,1,2,1,1,41,7,3,0,0,0,0,-1,9,1
43739,77.13071211,28.70067633,6,3,1,2,5,13:15,100,E08000001,3,666,3,30,3,2,6,0,0,5,1,1,2,0,0,1,1,E01004821,25-08-2018,2,1,1,1,22,5,1,0,0,0,0,-1,5,1
43740,77.28500401,28.61202193,6,3,1,1,5,13:40,100,E08000001,3,666,6,30,0,-1,-1,0,0,0,1,1,2,0,0,1,1,E01004824,25-08-2018,1,1,1,2,41,7,3,0,0,0,0,-1,9,1
43741,77.07045272,28.68370137,6,3,2,1,6,16:30,100,E08000001,3,666,3,30,6,2,3,58,0,0,1,2,2,0,0,1,2,E01004766,26-08-2018,1,1,1,2,40,7,3,0,0,0,0,-1,9,1
43742,77.30144094,28.57626238,6,3,1,1,7,19:50,100,E08000001,6,0,6,30,0,-1,-1,0,0,0,1,1,1,0,0,1,1,E01004818,27-08-2018,1,1,1,2,50,8,3,0,0,0,0,-1,9,1
43743,77.16861719,28.60199825,6,3,1,1,3,13:20,100,E08000001,6,0,6,30,2,4,6,0,0,0,1,1,1,0,0,1,1,E01004841,30-08-2018,2,1,1,1,47,8,3,0,0,0,0,-1,8,1
43744,77.30472642,28.53256832,6,3,3,2,2,16:00,100,E08000001,3,579,6,30,3,4,6,0,0,4,1,1,1,0,0,1,1,E01004854,29-08-2018,1,1,3,1,11,3,2,5,1,0,0,-1,0,1
43745,77.23758707,28.63223126,6,3,2,1,3,12:40,100,E08000001,6,0,6,30,6,4,6,0,0,0,1,1,1,0,0,1,1,E01004859,30-08-2018,2,1,1,2,37,7,3,0,0,0,0,-1,9,1
43746,77.07980964,28.604278,6,3,1,1,3,19:45,100,E08000001,6,0,6,30,0,-1,-1,0,0,0,1,1,1,0,0,1,2,E01004817,30-08-2018,2,2,2,2,59,9,3,0,0,1,0,-1,9,1
43747,77.06116725,28.64784885,6,3,2,1,3,15:45,100,E08000001,3,58,6,30,0,-1,-1,0,0,4,1,1,1,0,0,1,2,E01004932,30-08-2018,3,3,1,1,42,7,3,0,0,0,0,-1,9,1
43748,77.08526986,28.5837342,6,3,2,1,4,19:20,100,E08000001,3,58,6,30,6,2,3,676,0,5,1,1,2,0,0,1,2,E01004802,31-08-2018,3,4,2,1,17,4,3,0,0,1,0,-1,9,1
43749,77.20654086,28.59730465,6,3,2,2,5,17:45,100,E08000001,3,673,1,30,1,4,3,6027,0,0,1,2,2,0,0,1,2,E01004781,01-09-2018,1,1,3,2,76,11,2,5,9,0,0,-1,0,1
43750,77.30280933,28.64834649,6,3,2,1,6,13:40,100,E08000001,6,0,6,30,3,4,6,0,0,0,1,1,1,0,0,1,1,E01004858,02-09-2018,1,1,1,2,33,6,3,0,0,0,0,-1,9,1
43751,77.22910162,28.54638182,6,3,2,2,3,10:50,100,E08000001,3,58,2,30,1,4,3,6,0,0,1,1,1,0,0,1,2,E01004891,09-08-2018,1,2,1,1,32,6,3,0,0,0,0,-1,9,1
43752,77.15358088,28.65032402,6,2,2,1,5,19:00,100,E08000001,3,6,6,30,0,-1,-1,0,0,0,1,1,1,0,0,1,1,E01004892,01-09-2018,2,1,1,1,49,8,3,0,0,0,0,-1,9,1
43753,77.17267923,28.63626229,6,3,3,2,7,19:00,100,E08000001,6,0,6,30,3,4,6,0,0,0,1,1,1,0,0,1,1,E01004867,03-09-2018,1,1,1,2,25,5,3,0,0,0,0,-1,9,1
43754,77.31625004,28.67644855,6,3,3,2,7,12:10,100,E08000001,3,673,6,30,0,-1,-1,0,0,0,1,1,1,0,0,1,1,E01004781,03-09-2018,1,1,2,2,35,6,3,0,0,0,4,-1,11,-1
43755,77.17473277,28.72599589,6,2,2,3,1,14:55,100,E08000001,3,579,7,30,0,-1,-1,0,0,0,1,1,1,0,0,1,1,E01004899,04-09-2018,1,2,2,2,40,7,3,0,0,0,4,-1,11,-1
43756,77.14180056,28.66433294,6,3,4,1,6,13:40,100,E08000001,3,666,6,30,3,4,6,0,0,0,1,1,1,0,0,1,1,E01004907,02-09-2018,1,1,1,1,59,9,3,0,0,0,0,-1,9,1
43757,77.24821961,28.66958627,6,3,4,2,7,14:10,100,E08000001,5,0,6,60,3,4,6,0,0,0,1,1,1,0,0,2,1,E01004884,03-09-2018,1,1,1,1,44,7,3,0,0,0,0,-1,9,1
43758,77.19029457,28.68653969,6,3,2,3,1,19:00,100,E08000001,3,58,7,30,0,-1,-1,0,0,0,1,1,1,0,0,1,2,E01004926,04-09-2018,1,3,2,2,43,7,3,0,0,1,0,-1,9,1
43759,77.11700284,28.66285703,6,3,2,1,1,18:50,100,E08000001,3,6,6,30,6,2,6,0,0,5,1,1,1,0,0,1,1,E01004901,04-09-2018,2,2,1,1,26,6,3,0,0,0,0,-1,9,1
43760,77.13426052,28.66852515,6,3,2,1,2,17:40,100,E08000001,3,666,6,30,0,-1,-1,0,0,4,1,1,1,0,0,1,1,E01004824,05-09-2018,1,1,1,1,35,6,3,0,0,0,0,-1,9,-1
43761,77.10379505,28.61275621,6,3,2,1,2,15:00,100,E08000001,4,6207,2,30,3,2,3,676,0,0,1,1,2,0,0,1,2,E01004821,05-09-2018,1,2,2,1,42,7,3,0,0,1,0,-1,9,1
43762,77.31265995,28.65930213,6,3,1,1,5,22:50,100,E08000001,3,676,6,30,9,4,6,0,0,0,4,2,2,0,0,1,1,E01004928,08-09-2018,1,3,2,1,21,5,3,0,0,2,0,-1,9,1
43763,77.2070989,28.61861431,6,3,2,4,6,16:00,100,E08000001,5,0,3,50,6,2,3,6027,0,5,1,1,1,0,0,1,1,E01004781,09-09-2018,1,1,2,1,62,9,3,0,0,1,0,-1,9,1
43764,77.1095062,28.5588336,6,3,1,1,2,20:30,100,E08000001,6,0,6,30,3,4,6,0,0,0,1,1,1,0,0,1,2,E01004824,22-08-2018,1,1,3,2,42,7,3,9,8,0,0,-1,0,1
43765,77.09768207,28.54421951,6,3,2,1,5,12:45,100,E08000001,3,58,1,30,1,4,3,6,0,0,1,1,1,0,0,1,2,E01004891,01-09-2018,1,1,1,1,59,9,3,0,0,0,0,-1,9,1
43766,77.09181837,28.7211061,6,3,2,1,1,01:00,100,E08000001,3,58,6,30,3,4,6,0,0,4,4,1,1,0,0,1,2,E01004932,04-09-2018,1,2,2,2,64,9,3,0,0,1,0,-1,9,1
43767,77.28039388,28.63670822,6,3,2,3,1,11:30,100,E08000001,6,0,6,30,9,4,6,0,0,0,1,1,1,0,0,1,2,E01004852,04-09-2018,1,1,1,2,50,8,3,0,0,0,0,-1,9,1
43768,77.31339714,28.5674202,6,1,2,4,2,19:45,100,E08000001,6,0,6,30,3,4,6,0,0,0,1,1,1,0,0,1,1,E01004811,05-09-2018,1,1,1,2,19,4,3,0,0,0,0,-1,9,1
43769,77.29973686,28.59048252,6,2,1,1,2,19:10,100,E08000001,6,0,6,30,3,4,6,0,0,0,1,1,1,0,0,1,1,E01004877,05-09-2018,1,1,1,2,22,5,3,0,0,0,0,-1,9,1
43770,77.18899499,28.54168361,6,3,1,1,3,18:20,100,E08000001,3,6099,6,30,3,2,6,0,0,0,1,1,1,0,0,1,1,E01004820,09-08-2018,1,1,1,2,21,5,3,0,0,0,0,-1,9,1
43771,77.18991543,28.65288804,6,3,3,1,4,08:10,100,E08000001,6,0,6,30,3,4,6,0,0,0,1,1,1,0,0,1,1,E01004835,07-09-2018,1,2,2,1,1,1,3,0,0,2,0,-1,9,1
43772,77.36746265,28.59667625,6,2,1,1,4,08:05,100,E08000001,6,0,6,30,3,4,6,0,0,0,1,1,1,0,0,1,1,E01004839,07-09-2018,1,3,2,2,20,4,3,0,0,1,0,-1,9,1
43773,77.14250115,28.56000117,6,3,1,3,6,08:30,100,E08000001,3,676,6,30,6,2,4,6203,0,5,1,2,2,0,0,1,1,E01004821,09-09-2018,1,1,1,1,46,8,3,0,0,0,0,-1,11,1
43774,77.10002186,28.6816736,6,3,2,2,4,20:30,100,E08000001,3,6145,6,30,3,4,3,676,0,0,4,1,1,0,0,1,2,E01004838,07-09-2018,1,2,2,2,16,4,3,0,0,0,4,-1,11,-1