Accident_Index,longitude,latitude,Police_Force,Accident_Severity,Number_of_Vehicles,Number_of_Casualties,Day_of_Week,Time,Local_Authority_(District),Local_Authority_(Highway),1st_Road_Class,1st_Road_Number,Road_Type,Speed_limit,Junction_Detail,Junction_Control,2nd_Road_Class,2nd_Road_Number,Pedestrian_Crossing-Human_Control,Pedestrian_Crossing-Physical_Facilities,Light_Conditions,Weather_Conditions,Road_Surface_Conditions,Special_Conditions_at_Site,Carriageway_Hazards,Urban_or_Rural_Area,Did_Police_Officer_Attend_Scene_of_Accident,LSOA_of_Accident_Location,Date,Vehicle_Reference,Casualty_Reference,Casualty_Class,Sex_of_Casualty,Age_of_Casualty,Age_Band_of_Casualty,Casualty_Severity,Pedestrian_Location,Pedestrian_Movement,Car_Passenger,Bus_or_Coach_Passenger,Pedestrian_Road_Maintenance_Worker,Casualty_Type,Casualty_Home_Area_Type
44136,73.95573846,18.63049644,6,3,4,1,3,19:05,100,E08000001,3,6027,3,60,0,-1,-1,0,0,0,4,4,2,0,0,1,1,E01004775,18-01-2018,1,1,1,1,28,6,2,0,0,0,0,-1,3,-1
44137,73.90202696,18.54531412,6,3,2,1,4,08:30,100,E08000001,5,0,6,30,6,4,6,0,0,0,1,1,2,0,0,1,2,E01004848,19-01-2018,1,1,1,1,51,8,3,0,0,0,0,-1,21,1
44138,73.89950941,18.58242449,6,3,1,1,4,10:40,100,E08000001,3,579,6,30,3,4,6,0,0,0,1,1,1,0,0,1,2,E01004829,19-01-2018,1,1,3,1,10,2,3,1,3,0,0,-1,0,-1
44139,73.79224122,18.56078323,6,2,2,1,4,17:00,100,E08000001,3,579,6,30,0,-1,-1,0,0,4,4,2,3,0,0,1,2,E01004829,19-01-2018,1,1,1,1,25,5,3,0,0,0,0,-1,9,1
44140,73.78037955,18.55648876,6,3,1,1,4,17:20,100,E08000001,3,6,6,30,6,2,4,5235,0,5,4,5,2,0,0,1,1,E01004901,19-01-2018,1,2,2,2,28,6,3,0,0,1,0,-1,9,1
44141,73.74422451,18.52736021,6,3,1,1,5,13:00,100,E08000001,3,676,6,30,0,-1,-1,0,0,0,1,5,2,0,0,1,2,E01004821,20-01-2018,1,1,1,1,18,4,3,0,0,0,0,-1,9,1
44142,73.75417143,18.59608947,6,2,1,1,5,00:50,100,E08000001,6,0,6,30,0,-1,-1,0,0,0,4,1,1,0,0,1,1,E01004872,20-01-2018,1,2,2,1,18,4,3,0,0,1,0,-1,9,1
44143,73.74264567,18.54180597,6,3,1,1,5,11:05,100,E08000001,3,676,6,30,3,2,6,0,0,4,1,5,2,0,0,1,2,E01004848,20-01-2018,1,3,2,1,17,4,3,0,0,2,0,-1,9,1
44144,73.8198055,18.60248188,6,3,1,1,5,17:02,100,E08000001,3,676,6,30,0,-1,-1,0,0,4,4,5,2,0,0,1,1,E01004821,20-01-2018,1,4,2,1,17,4,3,0,0,2,0,-1,9,1
44145,73.91179388,18.59714911,6,3,1,1,5,07:50,100,E08000001,6,0,6,30,3,4,3,579,0,0,1,1,1,0,0,1,2,E01004818,20-01-2018,1,1,3,1,18,4,3,6,5,0,0,-1,0,-1
44146,73.76121638,18.5410337,6,3,2,3,5,17:15,100,E08000001,6,0,9,30,6,4,6,0,0,0,4,2,2,0,0,1,2,E01004843,20-01-2018,1,1,1,2,33,6,3,0,0,0,0,-1,9,-1
44147,73.84267416,18.49694375,6,3,2,1,6,10:58,100,E08000001,3,6,6,40,3,4,6,0,0,0,1,1,2,0,0,1,1,E01004898,21-01-2018,2,1,1,2,32,6,3,0,0,0,0,-1,9,-1
44148,73.79694791,18.48851898,6,3,3,1,6,13:15,100,E08000001,3,666,6,30,9,4,6,0,0,0,1,1,2,0,0,1,2,E01004905,21-01-2018,2,1,2,2,60,9,3,0,0,2,0,-1,9,2
44149,73.87412927,18.54537975,6,3,3,1,6,15:05,100,E08000001,6,0,6,30,0,-1,-1,0,0,0,1,1,2,0,0,1,1,E01004814,21-01-2018,2,2,2,2,60,9,3,0,0,2,0,-1,9,2
44150,73.87973052,18.58895721,6,3,2,3,7,19:30,100,E08000001,4,6202,6,30,6,2,4,6203,0,0,4,1,2,0,0,1,2,E01004821,22-01-2018,1,1,1,1,29,6,3,0,0,0,0,-1,11,1
44151,73.85224342,18.61042678,6,3,2,2,7,14:50,100,E08000001,3,579,3,30,3,2,3,676,0,5,1,1,1,0,0,1,1,E01004849,22-01-2018,1,1,3,1,10,2,2,9,5,0,0,-1,0,1
44152,73.89514052,18.48783125,6,3,2,3,1,16:10,100,E08000001,3,667,6,30,9,4,6,0,0,0,1,1,2,0,0,1,1,E01004910,23-01-2018,2,1,1,1,65,9,3,0,0,0,0,-1,8,1
44153,73.87103484,18.50288242,6,3,3,1,2,23:35,100,E08000001,6,0,6,30,0,-1,-1,0,0,0,4,1,1,0,0,1,1,E01004811,24-01-2018,2,1,1,1,38,7,3,0,0,0,0,-1,9,1
44154,73.84685538,18.59078226,6,3,1,1,4,15:50,100,E08000001,3,666,6,30,0,-1,-1,0,0,0,1,1,1,0,0,1,1,E01004908,26-01-2018,1,1,1,1,19,4,3,0,0,0,0,-1,9,1
44155,73.73531201,18.51237816,6,3,2,4,1,16:15,100,E08000001,4,6199,6,30,6,2,5,0,0,0,1,1,1,0,0,1,1,E01004872,23-01-2018,1,1,3,2,44,7,3,5,2,0,0,-1,0,-1
44156,73.89757741,18.63012399,6,3,1,1,2,07:50,100,E08000001,4,6199,6,30,7,4,6,0,0,0,1,1,1,0,0,1,1,E01004858,24-01-2018,2,1,1,1,38,7,3,0,0,0,0,-1,9,-1
44157,73.75804928,18.55119121,6,3,1,1,3,12:50,100,E08000001,3,579,6,30,3,4,6,0,0,5,1,1,1,0,0,1,2,E01004817,25-01-2018,1,1,1,2,49,8,3,0,0,0,0,-1,9,1
44158,73.85901777,18.58314107,6,3,1,1,2,08:50,100,E08000001,6,0,6,30,6,4,6,0,0,0,1,1,1,0,0,1,2,E01004811,31-01-2018,2,1,1,1,12,3,3,0,0,0,0,-1,1,-1
44159,73.87487047,18.5162025,6,3,2,1,4,18:10,100,E08000001,4,6196,6,30,0,-1,-1,0,0,0,4,1,1,0,0,1,2,E01004790,26-01-2018,1,1,1,1,27,6,3,0,0,0,0,-1,9,1
44160,73.80338059,18.54838764,6,3,1,1,4,17:45,100,E08000001,5,0,6,30,0,-1,-1,0,0,0,4,1,1,0,0,1,1,E01004794,26-01-2018,2,2,1,1,32,6,2,0,0,0,0,-1,5,1
44161,73.75203597,18.61426874,6,3,3,1,4,18:35,100,E08000001,6,0,6,30,3,4,6,0,0,0,4,1,1,0,0,1,1,E01004852,26-01-2018,1,1,1,1,24,5,2,0,0,0,0,-1,9,-1
44162,73.9334556,18.60895113,6,3,2,2,5,10:20,100,E08000001,3,6053,6,30,3,4,6,0,0,0,1,1,1,0,0,1,1,E01004857,27-01-2018,1,1,3,2,13,3,2,5,1,0,0,-1,0,1
44163,73.95306125,18.5564916,6,3,1,1,5,20:15,100,E08000001,3,6053,3,30,0,-1,-1,0,0,0,4,1,1,0,0,1,1,E01004916,27-01-2018,1,1,1,1,69,10,3,0,0,0,0,-1,9,-1
44164,73.89433379,18.6198346,6,3,2,1,4,18:00,100,E08000001,3,673,6,40,3,4,6,0,0,0,4,1,2,0,0,1,1,E01004840,02-02-2018,1,1,1,1,58,9,2,0,0,0,0,-1,9,1
44165,73.89358018,18.59793718,6,3,2,1,6,12:15,100,E08000001,3,676,6,30,3,4,6,0,0,0,1,1,1,0,0,1,1,E01004838,28-01-2018,2,2,1,1,36,7,2,0,0,0,0,-1,9,1
44166,73.80522445,18.62688787,6,3,2,1,3,15:00,100,E08000001,4,5408,9,30,7,2,6,0,0,0,1,1,2,0,0,2,2,E01004780,01-02-2018,1,1,1,1,32,6,3,0,0,0,0,-1,9,1
44167,73.946744,18.62318895,6,3,2,1,4,20:14,100,E08000001,3,666,6,30,9,4,3,6053,0,0,4,2,2,0,0,1,2,E01004814,02-02-2018,1,2,2,2,33,6,3,0,0,2,0,-1,9,1
44168,73.9289502,18.58917907,6,3,2,1,7,19:20,100,E08000001,4,6226,6,30,3,4,6,0,0,4,4,1,2,0,0,1,1,E01004890,29-01-2018,1,1,1,2,27,6,3,0,0,0,0,-1,9,1
44169,73.88176192,18.58278258,6,3,2,1,7,15:55,100,E08000001,4,6226,1,30,1,4,6,0,0,0,1,1,1,0,0,1,1,E01004920,05-02-2018,1,1,1,1,47,8,3,0,0,0,0,-1,5,-1
44170,73.90292812,18.55637105,6,3,2,1,2,20:10,100,E08000001,4,6536,3,30,6,2,3,575,0,0,4,1,1,0,0,1,2,E01004817,31-01-2018,2,1,1,1,66,10,2,0,0,0,0,-1,9,1
44171,73.90915173,18.54156174,6,3,2,1,3,18:25,100,E08000001,4,6196,6,30,3,4,5,0,0,0,6,1,2,0,0,2,2,E01004789,01-02-2018,1,1,3,1,13,3,3,10,9,0,0,-1,0,1
44172,73.83943795,18.52743223,6,3,4,2,3,15:30,100,E08000001,3,6,6,30,6,2,4,5235,0,0,1,1,2,0,0,1,1,E01004901,01-02-2018,1,1,1,2,26,6,3,0,0,0,0,-1,9,1
44173,73.88597837,18.58168296,6,3,1,1,3,09:10,100,E08000001,3,6,6,30,3,4,6,0,1,0,1,1,1,0,0,2,2,E01004776,08-02-2018,1,1,2,2,39,7,3,0,0,1,0,-1,9,1
44174,73.83262879,18.60066682,6,3,2,1,3,08:20,100,E08000001,3,6053,6,30,3,4,6,0,0,0,1,1,2,0,0,1,2,E01004906,08-02-2018,1,2,2,1,4,1,3,0,0,2,0,-1,9,1
44175,73.73813103,18.63671945,6,3,1,1,2,15:17,100,E08000001,5,0,6,30,3,4,6,0,0,0,1,1,2,0,0,1,2,E01004924,07-02-2018,1,1,3,1,18,4,3,5,9,0,0,-1,0,1
44176,73.89547408,18.54340267,6,3,1,1,2,20:10,100,E08000001,4,6226,6,60,0,-1,-1,0,0,0,4,1,1,0,0,2,1,E01004884,07-02-2018,1,1,1,1,62,9,3,0,0,0,0,-1,9,1
44177,73.80310329,18.58846582,6,3,2,1,4,08:30,100,E08000001,6,0,6,30,3,4,6,0,0,0,1,1,2,0,0,1,2,E01004925,02-02-2018,1,1,1,2,21,5,3,0,0,0,0,-1,9,1
44178,73.8192917,18.57927863,6,3,2,1,2,17:20,100,E08000001,3,579,2,30,6,4,6,0,0,4,4,1,2,0,0,1,1,E01004817,07-02-2018,1,1,1,1,29,6,3,0,0,0,0,-1,9,1
44179,73.94695486,18.62957237,6,2,2,3,1,23:40,100,E08000001,3,58,6,30,3,2,6,0,0,5,1,1,1,0,0,1,1,E01004796,06-02-2018,2,2,1,2,48,8,3,0,0,0,0,-1,9,1
44180,73.75438415,18.51208692,6,3,2,1,5,16:50,100,E08000001,4,6536,9,30,9,2,6,0,0,0,4,1,1,0,0,1,2,E01004848,03-02-2018,2,3,2,2,5,1,3,0,0,2,0,-1,9,1
44181,73.78626712,18.56393933,6,3,1,2,7,19:14,100,E08000001,4,5239,6,30,0,-1,-1,0,0,0,4,1,4,0,0,2,1,E01004776,05-02-2018,1,1,2,2,64,9,3,0,0,1,0,-1,9,1
44182,73.84780738,18.55831752,6,3,2,1,7,18:05,100,E08000001,3,579,6,30,6,4,6,0,0,0,1,1,2,0,0,1,1,E01004851,05-02-2018,1,1,1,2,32,6,2,0,0,0,0,-1,9,1
44183,73.80399309,18.62545344,6,3,3,2,7,08:20,100,E08000001,3,673,6,30,0,-1,-1,0,0,0,1,2,2,0,0,1,2,E01004885,05-02-2018,1,1,1,1,24,5,3,0,0,0,0,-1,9,1
44184,73.94823143,18.48894062,6,3,2,1,1,11:39,100,E08000001,3,6,6,40,0,-1,-1,0,0,0,1,2,2,4,0,2,1,E01004776,06-02-2018,2,2,1,1,17,4,3,0,0,0,0,-1,9,1
44185,73.82343307,18.61642719,6,3,2,1,3,15:45,100,E08000001,6,0,6,30,6,4,6,0,0,0,1,1,1,0,0,1,2,E01004799,08-02-2018,1,1,1,2,26,6,3,0,0,0,0,-1,9,1
44186,73.81130283,18.64035032,6,3,2,1,4,21:45,100,E08000001,6,0,6,30,3,4,6,0,0,0,5,2,2,0,0,1,2,E01004862,09-02-2018,2,1,1,2,37,7,3,0,0,0,0,-1,9,1
44187,73.82449206,18.58891789,6,3,1,1,4,17:35,100,E08000001,3,676,3,30,3,4,6,0,0,0,4,2,2,0,0,1,1,E01004786,09-02-2018,1,1,1,2,48,8,3,0,0,0,0,-1,9,1
44188,73.80222985,18.5187217,6,3,1,1,5,08:30,100,E08000001,3,6099,6,30,3,4,6,0,0,0,1,1,2,0,0,1,2,E01004820,10-02-2018,2,1,1,1,19,4,3,0,0,0,0,-1,9,1
44189,73.82478735,18.63789122,6,3,2,1,5,11:10,100,E08000001,6,0,6,30,0,-1,-1,0,0,0,1,1,1,0,0,1,2,E01004860,10-02-2018,2,1,1,1,50,8,2,0,0,0,0,-1,5,-1
44190,73.87536169,18.48776659,6,3,1,1,6,09:00,100,E08000001,6,0,6,30,3,4,3,5082,0,0,1,1,1,0,0,1,1,E01004902,11-02-2018,1,1,2,1,29,6,3,0,0,1,0,-1,9,-1
44191,73.94707996,18.5208387,6,3,1,1,6,20:50,100,E08000001,3,5082,6,30,3,4,6,0,0,0,4,2,2,0,0,1,1,E01004863,11-02-2018,2,1,1,1,30,6,3,0,0,0,0,-1,9,1
44192,73.86374254,18.54719108,6,3,2,2,6,17:55,100,E08000001,3,575,6,30,3,4,6,0,0,0,4,2,2,0,0,2,1,E01004814,11-02-2018,1,1,2,2,73,10,3,0,0,0,2,-1,11,1
44193,73.95692323,18.60364195,6,3,2,1,3,18:20,100,E08000001,6,0,6,30,6,4,6,0,0,0,4,1,1,0,0,1,2,E01004834,01-02-2018,1,1,1,1,18,4,3,0,0,0,0,-1,9,1
44194,73.82015998,18.52532559,6,2,1,2,7,15:40,100,E08000001,5,0,6,30,0,-1,-1,0,0,0,1,1,1,0,0,1,1,E01004859,12-02-2018,2,2,1,1,42,7,3,0,0,0,0,-1,9,1
44195,73.87692063,18.51410371,6,3,2,2,5,18:30,100,E08000001,6,0,6,30,3,4,3,575,0,0,4,1,1,0,0,1,2,E01004860,27-01-2018,1,1,1,2,36,7,3,0,0,0,0,-1,9,1
44196,73.78724403,18.52178836,6,3,2,1,1,11:10,100,E08000001,3,58,3,30,0,-1,-1,0,0,0,1,7,2,0,0,1,1,E01004798,13-02-2018,2,1,2,2,35,6,3,0,0,2,0,-1,9,1
44197,73.78087665,18.55070854,6,3,1,1,2,19:05,100,E08000001,6,0,6,30,3,4,6,0,0,0,5,1,1,0,0,1,2,E01004838,14-02-2018,2,2,2,2,35,6,3,0,0,2,0,-1,9,-1
44198,73.96242188,18.58639632,6,3,2,1,2,15:40,100,E08000001,6,0,6,30,3,4,6,0,0,0,1,9,1,0,0,1,1,E01004796,14-02-2018,2,3,1,1,22,5,3,0,0,0,0,-1,9,-1
44199,73.91423142,18.55936867,6,3,2,1,2,21:30,100,E08000001,3,6,6,60,6,4,5,0,0,0,6,1,1,0,0,2,2,E01004780,14-02-2018,2,1,2,2,10,2,3,0,0,1,0,-1,9,1
44200,73.91665357,18.64268216,6,3,1,2,3,15:20,100,E08000001,4,6205,6,30,3,4,6,0,0,0,1,1,1,0,0,1,1,E01004821,15-02-2018,1,1,3,1,11,3,3,5,4,0,0,-1,0,1
44201,73.86089542,18.6432802,6,2,1,1,4,12:45,100,E08000001,5,0,6,30,3,4,6,0,0,0,1,1,1,0,0,1,2,E01004815,16-02-2018,1,1,3,1,22,5,3,9,9,0,0,-1,0,1
44202,73.92069465,18.57537192,6,3,4,1,5,08:30,100,E08000001,3,58,6,40,0,-1,-1,0,0,0,4,1,2,0,0,2,1,E01004937,17-02-2018,1,1,2,1,29,6,3,0,0,1,0,-1,19,1
44203,73.87815835,18.53095884,6,3,2,1,6,15:30,100,E08000001,6,0,3,30,3,4,6,0,0,0,1,1,1,0,0,1,2,E01004770,18-02-2018,1,2,2,1,3,1,3,0,0,1,0,-1,19,1
44204,73.79108657,18.64615993,6,3,3,3,6,12:10,100,E08000001,6,0,6,30,6,4,6,0,0,0,1,1,1,0,0,1,1,E01004821,18-02-2018,1,3,1,1,25,5,3,0,0,0,0,-1,19,1
44205,73.90117593,18.50085264,6,3,1,1,6,16:25,100,E08000001,3,575,6,30,6,4,6,0,0,0,1,1,1,0,0,1,2,E01004817,18-02-2018,2,4,1,1,49,8,3,0,0,0,0,-1,19,1
44206,73.82190924,18.64192294,6,3,1,1,6,17:00,100,E08000001,3,666,6,30,0,-1,-1,0,0,0,1,1,1,0,0,1,2,E01004803,18-02-2018,2,1,1,2,18,4,3,0,0,0,0,-1,9,3
44207,73.93765508,18.52265318,6,3,2,1,7,13:45,100,E08000001,6,0,6,30,6,4,6,0,0,0,1,1,1,0,0,1,2,E01004826,19-02-2018,2,2,2,1,19,4,3,0,0,1,0,-1,9,3
44208,73.75927398,18.64441591,6,3,2,5,5,21:30,100,E08000001,3,579,6,30,6,2,4,6202,0,0,4,1,2,0,0,1,1,E01004848,17-02-2018,1,1,3,1,11,3,3,5,1,0,0,-1,0,1
44209,73.80309649,18.63036709,6,3,3,2,7,08:45,100,E08000001,6,0,6,30,0,-1,6,0,0,0,1,1,1,0,0,1,2,E01004907,19-02-2018,1,1,1,2,63,9,3,0,0,0,0,-1,1,1
44210,73.86312495,18.58917708,6,3,2,1,5,13:50,100,E08000001,3,6730,6,30,3,4,6,0,0,0,1,1,1,0,0,1,2,E01004886,17-02-2018,1,1,3,1,8,2,3,5,3,0,0,-1,0,1
44211,73.9101441,18.51875736,6,3,2,2,7,13:29,100,E08000001,3,676,6,30,3,4,6,0,0,0,1,1,1,0,0,1,1,E01004786,19-02-2018,2,1,3,2,82,11,3,6,9,0,0,-1,0,-1
44212,73.76172314,18.58098509,6,3,2,1,1,17:40,100,E08000001,6,0,2,30,6,4,6,0,0,0,4,1,1,0,0,1,1,E01004866,20-02-2018,2,1,1,2,50,8,3,0,0,0,0,-1,9,3
44213,73.90730873,18.63100277,6,3,2,1,2,11:59,100,E08000001,3,6053,6,30,3,4,6,0,0,0,1,1,1,0,0,1,1,E01004859,21-02-2018,1,1,3,2,15,3,3,8,3,0,0,-1,0,1
44214,73.81506116,18.63582044,6,3,2,1,2,15:05,100,E08000001,3,6,6,40,3,4,4,5408,0,0,1,1,1,0,0,2,1,E01004783,21-02-2018,1,1,1,2,35,6,3,0,0,0,0,-1,9,3
44215,73.91002103,18.64294055,6,3,1,1,3,13:10,100,E08000001,6,0,9,30,0,-1,-1,0,0,0,1,9,1,0,0,1,2,E01004878,22-02-2018,2,2,1,1,36,7,3,0,0,0,0,-1,9,2
44216,73.79461375,18.53005658,6,3,2,1,1,13:30,100,E08000001,3,6027,1,40,1,4,3,5,0,0,1,1,1,0,0,2,2,E01004775,06-02-2018,2,1,1,2,45,7,3,0,0,0,0,-1,9,1
44217,73.79057993,18.58274604,6,3,2,1,3,17:30,100,E08000001,3,58,1,70,1,4,1,61,0,0,4,1,1,0,0,2,1,E01004891,22-02-2018,1,1,3,2,30,6,3,5,3,0,0,-1,0,1
44218,73.82575957,18.59125067,6,3,2,1,3,09:10,100,E08000001,4,6202,6,30,0,-1,6,0,0,0,1,1,2,0,0,1,2,E01004871,22-02-2018,4,1,2,2,23,5,3,0,0,1,0,-1,9,1
44219,73.86088111,18.54086108,6,3,1,1,3,12:00,100,E08000001,6,0,6,30,0,-1,-1,0,0,0,1,1,1,0,0,1,1,E01004854,22-02-2018,4,2,2,1,5,1,3,0,0,2,0,-1,9,-1
44220,73.84722083,18.6470105,6,3,2,1,5,18:17,100,E08000001,4,5238,6,60,7,2,3,6,0,0,4,1,1,1,0,2,1,E01004780,17-02-2018,1,1,2,1,43,7,3,0,0,2,0,-1,8,1
44221,73.7348585,18.57483731,6,3,2,1,3,12:05,100,E08000001,3,676,6,30,6,4,6,0,0,0,1,1,1,0,0,1,1,E01004849,22-02-2018,1,3,1,2,38,7,3,0,0,0,0,-1,8,1
44222,73.89967835,18.49202113,6,3,2,2,3,13:05,100,E08000001,3,6,6,60,0,-1,-1,0,0,0,1,1,1,0,0,1,1,E01004833,22-02-2018,2,2,1,1,43,7,3,0,0,0,0,-1,9,-1
44223,73.79356225,18.58894155,6,3,2,1,3,14:40,100,E08000001,4,6203,6,30,3,4,6,0,0,0,1,1,1,0,0,1,2,E01004821,22-02-2018,1,1,1,2,35,6,3,0,0,0,0,-1,9,1
44224,73.924699,18.63324436,6,3,2,2,3,16:50,100,E08000001,6,0,6,30,3,4,6,0,0,0,6,1,2,0,0,1,1,E01004851,22-02-2018,1,1,3,1,5,1,3,9,9,0,0,-1,0,1
44225,73.87748553,18.5987664,6,3,1,1,4,09:10,100,E08000001,5,0,6,30,3,4,5,0,0,0,1,3,3,0,0,1,1,E01004930,23-02-2018,2,1,1,2,30,6,3,0,0,0,0,-1,9,-1
44226,73.95028345,18.49203825,6,3,3,1,4,16:10,100,E08000001,3,579,6,40,3,4,4,6199,0,0,1,1,2,0,0,1,1,E01004833,23-02-2018,1,1,1,2,47,8,3,0,0,0,0,-1,9,1
44227,73.91018307,18.59557031,6,3,3,2,3,11:54,100,E08000001,6,0,6,30,6,4,6,0,0,0,1,1,1,0,0,1,1,E01004812,22-02-2018,1,1,1,1,44,7,3,0,0,0,0,-1,9,1
44228,73.92174852,18.48809912,6,3,3,1,5,14:00,100,E08000001,6,0,6,30,6,4,6,0,0,0,1,3,2,3,0,1,2,E01004834,24-02-2018,2,2,2,2,15,3,3,0,0,2,0,-1,9,1
44229,73.92309474,18.53088327,6,3,1,1,5,16:15,100,E08000001,6,0,6,30,3,4,6,0,0,0,1,2,2,0,0,1,1,E01004798,24-02-2018,1,1,3,2,82,11,1,5,3,0,0,-1,0,1
44230,73.95427384,18.57676277,6,3,1,1,6,15:45,100,E08000001,6,0,6,30,3,4,6,0,0,0,1,1,2,0,0,1,2,E01004916,25-02-2018,1,1,1,2,66,10,3,0,0,0,0,-1,9,1
44231,73.94768134,18.63348913,6,3,2,1,6,13:45,100,E08000001,3,6053,6,30,3,2,3,575,0,5,1,1,2,0,0,1,2,E01004857,25-02-2018,2,2,1,1,18,4,3,0,0,0,0,-1,9,1
44232,73.81637644,18.56878135,6,3,2,1,6,19:20,100,E08000001,3,579,3,30,1,2,3,666,0,4,4,1,1,0,0,1,2,E01004817,25-02-2018,1,1,1,2,55,8,3,0,0,0,0,-1,1,1
44233,73.82063409,18.49655658,6,3,2,1,6,16:40,100,E08000001,3,673,6,30,3,4,6,0,0,0,1,1,1,0,0,1,2,E01004821,25-02-2018,1,1,3,1,59,9,2,5,3,0,0,-1,0,1
44234,73.84933223,18.64249918,6,3,2,2,7,16:25,100,E08000001,3,676,3,40,0,-1,-1,0,0,0,1,1,2,0,0,1,1,E01004835,26-02-2018,1,1,1,2,48,8,3,0,0,0,0,-1,9,-1
44235,73.87394693,18.57886851,6,2,1,1,7,08:50,100,E08000001,3,673,6,40,0,-1,-1,0,0,0,1,1,2,0,0,1,2,E01004845,26-02-2018,1,1,1,1,28,6,3,0,0,0,0,-1,9,1
44236,73.75702475,18.56805696,6,3,2,1,7,15:45,100,E08000001,3,673,6,30,3,4,6,0,0,0,1,1,1,0,0,1,1,E01004781,26-02-2018,1,2,2,2,32,6,3,0,0,1,0,-1,9,1
44237,73.94887477,18.57509139,6,3,2,1,1,00:10,100,E08000001,3,58,6,30,3,4,6,0,0,0,4,1,1,0,0,1,1,E01004797,27-02-2018,1,3,2,2,28,6,3,0,0,2,0,-1,9,1
44238,73.84003142,18.49165371,6,3,2,2,1,14:55,100,E08000001,3,6,6,40,6,2,3,579,0,4,1,1,1,0,0,1,1,E01004892,27-02-2018,1,4,2,1,4,1,3,0,0,2,0,-1,9,1
44239,73.75395,18.58886066,6,3,2,1,1,14:10,100,E08000001,6,0,6,30,9,4,6,0,0,0,1,1,1,0,0,1,2,E01004848,27-02-2018,2,1,1,1,30,6,3,0,0,0,0,-1,9,1
44240,73.93404481,18.64636826,6,3,2,1,2,08:20,100,E08000001,5,0,6,30,3,4,6,0,0,0,1,2,2,0,0,1,1,E01004918,28-02-2018,2,1,1,1,40,7,3,0,0,0,0,-1,9,1
44241,73.90757289,18.51138378,6,3,2,2,2,09:04,100,E08000001,6,0,6,30,3,4,6,0,0,0,1,3,3,0,0,1,1,E01004811,28-02-2018,1,1,1,1,47,8,3,0,0,0,0,-1,9,1
44242,73.92981883,18.57211795,6,3,2,1,2,13:40,100,E08000001,3,666,9,30,9,4,3,666,0,0,7,9,1,0,0,1,2,E01004906,28-02-2018,1,1,1,1,33,6,3,0,0,0,0,-1,9,1
44243,73.78964219,18.61867949,6,3,2,1,3,08:55,100,E08000001,3,673,6,40,3,4,6,0,0,0,1,1,2,0,0,1,1,E01004837,01-03-2018,2,1,2,1,27,6,3,0,0,2,0,-1,9,1
44244,73.94329408,18.6154218,6,3,1,1,3,16:05,100,E08000001,3,575,6,30,7,2,3,575,0,5,1,1,1,0,0,1,2,E01004860,01-03-2018,1,1,1,1,21,5,3,0,0,0,0,-1,9,1
44245,73.9213264,18.57097178,6,3,2,1,3,08:40,100,E08000001,3,676,3,30,7,2,6,0,0,0,1,1,1,0,0,1,2,E01004848,01-03-2018,1,1,3,1,58,9,3,5,4,0,0,-1,0,1
44246,73.93342528,18.51753774,6,3,2,1,3,17:45,100,E08000001,3,676,6,30,3,2,3,676,0,5,1,1,1,0,0,1,2,E01004821,01-03-2018,2,1,1,2,35,6,3,0,0,0,0,-1,9,1
44247,73.75746065,18.5142122,6,3,1,1,3,18:40,100,E08000001,4,6536,6,30,0,-1,-1,0,0,0,4,1,1,0,0,1,1,E01004812,01-03-2018,1,1,2,2,54,8,3,0,0,1,0,-1,9,1
44248,73.93374318,18.53511235,6,2,1,1,3,15:35,100,E08000001,3,6053,6,30,0,-1,-1,0,1,0,1,1,1,0,0,1,1,E01004911,01-03-2018,2,1,1,2,27,6,3,0,0,0,0,-1,19,-1
44249,73.8806445,18.54526678,6,3,2,1,4,16:30,100,E08000001,4,6226,6,30,3,4,6,0,0,0,1,1,1,0,0,1,1,E01004919,02-03-2018,1,3,1,1,21,5,3,0,0,0,0,-1,9,1
44250,73.92591749,18.52868599,6,3,2,1,4,17:05,100,E08000001,6,0,6,30,6,-1,6,0,0,0,1,1,1,0,0,1,1,E01004856,02-03-2018,3,1,2,2,22,5,3,0,0,2,0,-1,9,-1
44251,73.86146863,18.58429787,6,2,1,1,4,08:20,100,E08000001,6,0,6,30,9,4,6,0,0,0,1,1,1,0,0,2,1,E01004785,02-03-2018,3,2,2,2,22,5,3,0,0,2,0,-1,9,1
44252,73.78245354,18.51556553,6,3,2,1,5,20:40,100,E08000001,4,6205,6,30,3,4,6,0,0,5,4,1,2,0,0,1,2,E01004821,03-03-2018,1,1,1,2,35,6,3,0,0,0,0,-1,9,1
44253,73.76420047,18.53107533,6,3,1,2,6,11:15,100,E08000001,6,0,6,30,9,4,3,575,0,0,1,8,2,0,0,1,1,E01004814,25-02-2018,2,1,1,1,22,5,3,0,0,0,0,-1,9,1
44254,73.73397262,18.64523731,6,3,2,2,4,18:30,100,E08000001,4,6199,6,30,3,1,6,0,0,0,4,1,1,0,0,1,1,E01004875,02-03-2018,1,1,3,2,9,2,3,1,4,0,0,-1,0,1
44255,73.80417122,18.59339854,6,3,2,1,7,09:40,100,E08000001,3,666,6,30,3,4,6,0,0,4,1,1,1,0,0,1,1,E01004766,05-03-2018,2,1,1,1,49,8,2,0,0,0,0,-1,4,1