Accident_Index,longitude,latitude,Police_Force,Accident_Severity,Number_of_Vehicles,Number_of_Casualties,Day_of_Week,Time,Local_Authority_(District),Local_Authority_(Highway),1st_Road_Class,1st_Road_Number,Road_Type,Speed_limit,Junction_Detail,Junction_Control,2nd_Road_Class,2nd_Road_Number,Pedestrian_Crossing-Human_Control,Pedestrian_Crossing-Physical_Facilities,Light_Conditions,Weather_Conditions,Road_Surface_Conditions,Special_Conditions_at_Site,Carriageway_Hazards,Urban_or_Rural_Area,Did_Police_Officer_Attend_Scene_of_Accident,LSOA_of_Accident_Location,Date,Vehicle_Reference,Casualty_Reference,Casualty_Class,Sex_of_Casualty,Age_of_Casualty,Age_Band_of_Casualty,Casualty_Severity,Pedestrian_Location,Pedestrian_Movement,Car_Passenger,Bus_or_Coach_Passenger,Pedestrian_Road_Maintenance_Worker,Casualty_Type,Casualty_Home_Area_Type
44377,73.82946072,18.61317576,6,3,2,1,4,16:50,114,E08000010,3,577,6,30,3,4,6,0,0,0,1,1,1,0,0,1,1,E01006352,27-04-2018,1,3,2,1,28,6,3,0,0,2,0,-1,9,1
44378,73.95468646,18.58738093,6,3,2,1,4,16:50,114,E08000010,6,0,6,30,3,4,6,0,0,0,1,1,1,0,0,1,2,E01006409,27-04-2018,1,4,2,2,28,6,3,0,0,2,0,-1,9,1
44379,73.7876583,18.54871158,6,3,2,1,7,18:55,114,E08000010,6,0,6,30,0,-1,-1,0,0,0,1,1,1,0,0,1,2,E01006308,30-04-2018,2,1,1,1,37,7,2,0,0,0,0,-1,8,-1
44380,73.9405567,18.59682009,6,3,2,1,2,22:30,114,E08000010,5,0,6,30,3,4,6,0,0,0,4,2,2,0,0,1,2,E01006228,02-05-2018,2,2,2,2,21,5,3,0,0,1,0,-1,8,1
44381,73.77413281,18.53862093,6,3,2,1,3,21:45,114,E08000010,3,577,3,30,9,4,6,0,0,0,4,1,1,0,0,1,2,E01006294,03-05-2018,1,1,1,2,49,8,3,0,0,0,0,-1,9,1
44382,73.93110647,18.59646571,6,3,2,1,3,16:15,114,E08000010,3,580,3,30,9,4,6,0,0,0,1,2,2,0,0,1,2,E01006250,03-05-2018,3,1,1,1,34,6,3,0,0,0,0,-1,9,1
44383,73.78053356,18.57348541,6,2,1,1,5,23:30,114,E08000010,3,58,6,30,3,4,6,0,0,0,4,1,1,0,0,1,1,E01006272,28-04-2018,3,2,2,2,35,6,3,0,0,1,0,-1,9,1
44384,73.89283821,18.63618963,6,3,3,2,5,16:35,114,E08000010,3,49,2,30,3,4,6,0,0,0,1,1,1,0,0,1,1,E01006349,28-04-2018,3,3,2,1,73,10,2,0,0,2,0,-1,9,1
44385,73.86827931,18.53539756,6,2,2,2,5,18:35,114,E08000010,3,58,6,30,3,4,6,0,0,0,1,1,1,0,0,1,1,E01006215,28-04-2018,3,4,2,2,67,10,3,0,0,2,0,-1,9,1
44386,73.92091191,18.5633856,6,3,2,1,5,08:05,114,E08000010,5,0,6,30,3,4,6,0,0,0,1,1,2,0,0,1,1,E01006369,28-04-2018,1,1,1,2,39,7,3,0,0,0,0,-1,9,1
44387,73.75306555,18.50441027,6,3,1,1,6,13:06,114,E08000010,6,0,6,30,0,-1,-1,0,0,0,1,1,1,5,0,1,1,E01006330,29-04-2018,2,1,1,2,48,8,3,0,0,0,0,-1,9,1
44388,73.87684826,18.51424784,6,2,1,1,6,18:57,114,E08000010,3,49,6,30,3,4,6,0,0,0,1,1,1,0,0,1,1,E01006265,29-04-2018,1,1,1,1,58,9,3,0,0,0,0,-1,9,1
44389,73.74323986,18.61556754,6,3,2,2,6,10:54,114,E08000010,4,5207,6,40,3,4,5,0,0,0,1,1,1,0,0,1,1,E01006220,29-04-2018,1,2,1,2,36,7,3,0,0,0,0,-1,9,1
44390,73.93575124,18.61170282,6,3,2,1,6,18:15,114,E08000010,6,0,6,30,6,4,6,0,0,0,1,1,1,0,0,1,1,E01006223,29-04-2018,2,1,1,2,24,5,3,0,0,0,0,-1,9,1
44391,73.91383416,18.55118322,6,3,4,3,7,17:40,114,E08000010,3,577,6,30,3,4,6,0,0,0,1,1,1,0,0,1,1,E01006352,30-04-2018,2,1,1,1,60,9,3,0,0,0,0,-1,9,1
44392,73.88988222,18.52058538,6,3,2,3,7,11:15,114,E08000010,5,0,6,30,9,4,6,0,0,0,1,1,2,0,0,1,2,E01006358,30-04-2018,2,2,2,2,60,9,3,0,0,1,0,-1,9,1
44393,73.86059583,18.51934165,6,3,2,1,1,18:25,114,E08000010,3,577,6,30,3,4,6,0,0,4,1,1,1,0,0,1,1,E01006379,01-05-2018,1,1,2,1,43,7,3,0,0,1,0,-1,9,1
44394,73.87912252,18.60830604,6,2,2,8,2,19:05,114,E08000010,4,5239,6,30,3,4,6,0,0,0,1,1,2,6,0,1,1,E01006238,02-05-2018,2,2,1,2,27,6,3,0,0,0,0,-1,9,1
44395,73.89921901,18.4888008,6,2,1,1,4,17:40,114,E08000010,6,0,6,30,0,-1,-1,0,0,0,1,9,1,0,0,1,2,E01006238,04-05-2018,1,1,1,1,33,6,3,0,0,0,0,-1,9,-1
44396,73.78783121,18.60579276,6,3,2,1,4,17:30,114,E08000010,3,580,3,70,3,4,3,579,0,0,1,1,1,0,0,2,1,E01006303,04-05-2018,2,2,1,1,18,4,3,0,0,0,0,-1,9,3
44397,73.87845051,18.48843839,6,3,2,1,5,18:20,114,E08000010,6,0,2,30,3,4,3,572,0,0,1,1,1,0,0,1,2,E01006332,05-05-2018,2,3,2,1,18,4,3,0,0,1,0,-1,9,1
44398,73.84830491,18.53102923,6,3,4,1,4,04:11,114,E08000010,3,577,6,30,6,2,5,0,0,0,4,1,1,0,0,1,1,E01006308,11-05-2018,3,4,1,1,41,7,3,0,0,0,0,-1,9,1
44399,73.81875561,18.64036406,6,3,2,1,5,08:45,114,E08000010,3,49,6,30,6,4,6,0,0,0,1,2,2,0,0,1,1,E01006263,05-05-2018,3,5,2,1,38,7,3,0,0,1,0,-1,9,1
44400,73.84312833,18.64603936,6,3,3,2,5,15:45,114,E08000010,3,49,2,30,9,4,3,49,0,0,1,1,1,0,0,1,2,E01006349,05-05-2018,1,1,3,2,1,1,3,6,9,0,0,-1,0,1
44401,73.78320281,18.52375651,6,3,2,1,4,19:00,114,E08000010,6,0,3,30,6,4,6,0,0,0,1,1,1,0,0,1,1,E01006310,04-05-2018,1,1,1,1,32,6,3,0,0,0,0,-1,9,1
44402,73.9413344,18.51141536,6,3,1,1,6,07:52,114,E08000010,3,5106,6,60,0,-1,-1,0,0,0,1,1,1,0,0,2,1,E01006232,06-05-2018,2,2,1,2,19,4,3,0,0,0,0,-1,9,3
44403,73.76821926,18.57756318,6,1,1,1,7,17:00,114,E08000010,3,49,6,30,0,-1,-1,0,0,0,1,1,2,0,0,1,1,E01006233,07-05-2018,3,3,2,2,80,11,3,0,0,1,0,-1,9,-1
44404,73.77733579,18.54871628,6,3,4,1,7,16:30,114,E08000010,4,5215,6,30,1,4,6,0,0,0,1,1,1,0,0,1,2,E01006334,07-05-2018,3,1,1,2,40,7,3,0,0,0,0,-1,9,1
44405,73.82584967,18.52618554,6,3,2,1,2,19:10,114,E08000010,3,577,6,30,9,4,6,0,0,0,1,1,1,0,0,1,2,E01006274,09-05-2018,2,1,1,1,50,8,3,0,0,0,0,-1,19,1
44406,73.89935384,18.62786402,6,3,2,1,3,12:30,114,E08000010,6,0,6,30,0,-1,-1,0,0,0,1,4,1,0,0,2,2,E01006248,10-05-2018,2,1,1,1,22,5,3,0,0,0,0,-1,9,1
44407,73.90247304,18.62082156,6,3,1,1,4,18:45,114,E08000010,6,0,6,30,3,4,6,0,0,0,1,1,1,0,0,1,2,E01006391,11-05-2018,1,1,3,1,20,4,3,5,3,0,0,-1,0,1
44408,73.82427579,18.49858047,6,3,1,1,4,09:50,114,E08000010,4,5375,6,30,0,-1,-1,0,0,0,1,1,1,0,0,1,1,E01006369,11-05-2018,1,1,3,1,13,3,3,5,3,0,0,-1,0,1
44409,73.94056457,18.54804049,6,3,2,1,3,19:00,114,E08000010,3,49,3,30,7,2,3,577,0,4,1,1,1,0,0,1,2,E01006352,10-05-2018,1,1,3,1,10,2,2,5,1,0,0,-1,0,1
44410,73.94062077,18.57503587,6,3,1,1,4,19:15,114,E08000010,6,0,6,30,1,4,6,0,0,0,1,1,1,0,0,1,2,E01006391,11-05-2018,1,1,1,1,63,9,3,0,0,0,0,-1,9,1
44411,73.77687671,18.52730877,6,3,2,1,4,18:10,114,E08000010,3,572,6,30,9,4,6,0,0,0,1,1,1,0,0,1,2,E01006332,11-05-2018,1,2,2,2,61,9,3,0,0,1,0,-1,9,1
44412,73.75415198,18.48813119,6,3,2,2,5,21:20,114,E08000010,3,580,3,30,0,-1,-1,0,0,0,6,1,1,0,0,2,1,E01006302,12-05-2018,2,1,1,2,42,7,3,0,0,0,0,-1,9,1
44413,73.73823213,18.58678797,6,3,2,3,5,21:55,114,E08000010,3,5106,6,30,0,-1,-1,0,0,0,4,1,1,0,0,1,1,E01006232,12-05-2018,1,1,3,1,14,3,2,5,3,0,0,-1,0,1
44414,73.89872909,18.57318295,6,3,2,1,6,16:10,114,E08000010,3,49,3,30,3,2,3,49,0,4,1,1,1,0,0,1,2,E01006349,13-05-2018,1,2,1,1,24,5,2,0,0,0,0,-1,9,1
44415,73.82843976,18.60520253,6,3,1,3,6,17:55,114,E08000010,5,0,6,30,0,-1,-1,0,0,0,1,1,1,0,0,2,1,E01006320,13-05-2018,1,1,3,2,15,3,3,5,3,0,0,-1,0,3
44416,73.7575552,18.54121166,6,2,2,1,6,15:00,114,E08000010,3,49,2,30,3,4,6,0,0,0,1,1,1,0,0,1,1,E01006349,13-05-2018,1,1,3,2,62,9,3,5,9,0,0,-1,0,1
44417,73.91004723,18.53682038,6,3,2,1,7,02:10,114,E08000010,3,577,6,30,9,4,6,0,0,0,4,1,1,0,0,1,1,E01006362,14-05-2018,1,1,1,1,19,4,3,0,0,0,0,-1,19,1
44418,73.737616,18.64190288,6,3,2,1,1,20:45,114,E08000010,6,0,6,30,3,4,6,0,0,0,1,1,1,0,0,1,1,E01006357,15-05-2018,2,2,1,1,28,6,3,0,0,0,0,-1,9,1
44419,73.91803954,18.57582124,6,3,3,2,1,21:30,114,E08000010,5,0,6,30,3,4,6,0,0,0,4,1,1,0,0,1,1,E01006330,15-05-2018,2,1,1,1,19,4,3,0,0,0,0,-1,9,1
44420,73.73505698,18.57171195,6,3,2,2,1,13:00,114,E08000010,6,0,1,30,1,4,6,0,0,0,1,1,1,0,0,1,2,E01006352,15-05-2018,1,1,1,1,32,6,3,0,0,0,0,-1,9,1
44421,73.75804032,18.5603131,6,3,3,3,2,17:50,114,E08000010,6,0,6,30,0,-1,-1,0,0,0,1,1,1,0,0,2,1,E01006381,16-05-2018,2,1,1,1,13,3,3,0,0,0,0,-1,1,-1
44422,73.8851355,18.5993388,6,3,1,1,4,16:05,114,E08000010,3,573,6,30,9,4,6,0,0,0,1,1,1,0,0,1,1,E01006214,04-05-2018,1,1,1,1,17,4,3,0,0,0,0,-1,3,1
44423,73.95960889,18.61393702,6,3,2,1,4,18:40,114,E08000010,6,0,6,30,3,4,6,0,0,0,1,1,1,0,0,1,2,E01006253,18-05-2018,1,2,2,1,19,4,3,0,0,1,0,-1,3,1
44424,73.82062875,18.59640034,6,3,1,1,2,15:30,114,E08000010,3,49,2,30,3,2,5,0,0,0,1,1,1,0,0,1,1,E01006349,16-05-2018,1,3,2,1,16,4,3,0,0,1,0,-1,3,-1
44425,73.89408054,18.52238681,6,3,2,1,1,13:30,114,E08000010,5,0,6,30,3,3,3,578,0,0,1,1,1,0,0,1,2,E01006284,15-05-2018,1,1,1,1,23,5,3,0,0,0,0,-1,9,1
44426,73.90843004,18.60819494,6,3,1,1,7,12:30,114,E08000010,3,58,9,30,3,2,6,0,0,5,1,1,1,4,0,1,2,E01006223,21-05-2018,1,2,2,1,23,5,3,0,0,1,0,-1,9,-1
44427,73.84566685,18.53273071,6,3,2,1,7,19:50,114,E08000010,3,572,6,30,7,2,3,579,0,0,1,4,2,0,0,2,2,E01006299,21-05-2018,2,1,1,2,58,9,3,0,0,0,0,-1,9,-1
44428,73.75498171,18.60285339,6,3,1,1,6,08:50,114,E08000010,6,0,6,30,3,4,6,0,0,0,1,1,1,0,0,1,2,E01006317,20-05-2018,1,1,2,2,47,8,3,0,0,2,0,-1,9,1
44429,73.77380091,18.50688976,6,3,1,3,1,03:44,114,E08000010,3,49,6,30,9,4,3,5106,0,0,4,2,2,0,0,1,1,E01006233,22-05-2018,1,1,1,1,40,7,3,0,0,0,0,-1,9,1
44430,73.88979597,18.50461851,6,3,2,1,1,15:00,114,E08000010,3,58,6,30,3,4,5,0,0,0,1,1,1,0,0,1,2,E01006275,22-05-2018,1,1,3,2,25,5,3,1,1,0,0,-1,0,-1
44431,73.84219534,18.5951546,6,3,1,1,1,02:26,114,E08000010,3,49,6,30,3,4,6,0,0,0,4,1,1,0,0,1,1,E01006265,15-05-2018,2,1,1,1,24,5,3,0,0,0,0,-1,9,1
44432,73.86637068,18.56527949,6,3,2,2,2,11:50,114,E08000010,5,0,6,30,3,4,6,0,0,0,1,1,1,0,0,1,1,E01006330,16-05-2018,1,1,2,2,65,9,3,0,0,0,1,-1,11,-1
44433,73.92415199,18.63517217,6,3,1,1,2,15:40,114,E08000010,3,573,6,30,3,4,6,0,0,4,1,1,1,0,0,1,1,E01006218,16-05-2018,1,1,3,2,65,9,3,5,1,0,0,-1,0,1
44434,73.92301418,18.53873067,6,3,2,3,2,16:17,114,E08000010,4,5238,6,30,3,2,6,0,0,0,1,2,1,0,0,1,1,E01006387,16-05-2018,1,1,3,1,82,11,3,4,2,0,0,-1,0,1
44435,73.74946492,18.62357629,6,3,1,2,4,17:46,114,E08000010,3,580,3,70,0,-1,-1,0,0,0,1,1,1,0,0,2,1,E01006251,18-05-2018,1,1,3,1,12,3,2,5,3,0,0,-1,0,1
44436,73.82813201,18.58022173,6,3,3,1,5,14:30,114,E08000010,3,49,3,30,9,2,4,5376,0,4,1,1,1,0,0,1,2,E01006370,19-05-2018,2,1,2,1,38,7,3,0,0,1,0,-1,9,1
44437,73.91640876,18.58130447,6,3,2,1,5,14:00,114,E08000010,6,0,6,30,0,-1,-1,0,0,0,1,1,1,0,0,1,1,E01006219,19-05-2018,1,1,1,1,79,11,2,0,0,0,0,-1,9,1
44438,73.89174639,18.62619366,6,3,2,2,6,10:30,114,E08000010,3,577,6,30,6,4,3,49,0,0,1,1,1,0,0,1,2,E01006369,20-05-2018,1,1,3,1,12,3,3,1,3,0,0,-1,0,1
44439,73.82662726,18.6162253,6,3,2,1,6,09:20,114,E08000010,4,5215,6,30,6,2,3,578,0,5,1,1,1,0,0,1,1,E01006333,20-05-2018,2,1,1,1,27,6,3,0,0,0,0,-1,9,1
44440,73.80344548,18.51279659,6,3,2,2,6,01:04,114,E08000010,3,49,6,30,0,-1,-1,0,0,0,4,2,2,0,0,1,1,E01006349,20-05-2018,2,2,2,2,26,6,3,0,0,1,0,-1,9,1
44441,73.84285215,18.53063548,6,3,2,1,7,15:20,114,E08000010,3,49,2,30,0,-1,-1,0,0,0,1,1,1,0,0,1,1,E01006349,21-05-2018,2,1,1,1,49,8,3,0,0,0,0,-1,1,1
44442,73.83094387,18.64689638,6,3,2,1,1,03:15,114,E08000010,3,577,6,30,7,2,5,0,0,0,4,2,2,0,0,1,2,E01006308,22-05-2018,2,1,1,1,36,7,3,0,0,0,0,-1,9,1
44443,73.81163657,18.48934477,6,3,2,1,3,17:00,114,E08000010,6,0,6,30,0,-1,-1,0,0,0,1,1,1,0,0,1,2,E01006276,24-05-2018,1,1,1,1,74,10,3,0,0,0,0,-1,9,1
44444,73.9351702,18.57351074,6,3,2,1,3,22:30,114,E08000010,3,577,6,30,0,-1,-1,0,0,0,4,8,2,0,0,1,2,E01006380,24-05-2018,2,1,1,1,18,4,3,0,0,0,0,-1,3,1
44445,73.91318754,18.5331871,6,3,2,1,2,15:40,114,E08000010,5,0,6,30,3,4,5,0,0,0,1,2,2,0,0,1,1,E01006282,16-05-2018,1,1,3,1,7,2,3,4,3,0,0,-1,0,1
44446,73.7843905,18.537254,6,3,2,1,2,17:15,114,E08000010,3,572,6,30,9,4,6,0,0,0,1,1,1,0,0,1,1,E01006332,23-05-2018,1,1,1,1,33,6,3,0,0,0,0,-1,9,1
44447,73.83441638,18.63117609,6,3,2,1,3,17:30,114,E08000010,3,5209,3,40,3,4,6,0,0,0,1,1,1,0,0,2,1,E01006320,24-05-2018,1,1,3,1,70,10,3,5,1,0,0,-1,0,-1
44448,73.93392742,18.59294361,6,3,2,2,4,07:40,114,E08000010,4,5207,6,30,3,4,4,5207,0,0,1,2,2,0,0,2,1,E01006304,25-05-2018,1,1,3,2,13,3,3,4,2,0,0,-1,0,1
44449,73.76721275,18.57296697,6,2,2,1,4,06:53,114,E08000010,3,580,3,70,0,-1,-1,0,0,0,1,2,2,0,0,2,1,E01006301,25-05-2018,1,1,1,1,34,6,3,0,0,0,0,-1,9,1
44450,73.8361816,18.64296624,6,3,1,1,7,15:41,114,E08000010,3,49,6,30,3,2,3,49,0,1,1,1,1,0,0,1,2,E01006370,28-05-2018,2,2,1,1,49,8,3,0,0,0,0,-1,9,1
44451,73.92190385,18.52265612,6,1,2,1,1,15:40,114,E08000010,6,0,6,30,3,4,6,0,0,0,1,1,1,0,0,1,1,E01006301,29-05-2018,2,3,2,2,37,7,3,0,0,1,0,-1,9,1
44452,73.74212416,18.51473937,6,3,2,1,3,10:43,114,E08000010,3,58,6,30,3,4,6,0,0,4,1,1,2,0,0,1,1,E01006272,24-05-2018,1,1,1,1,21,5,2,0,0,0,0,-1,9,1
44453,73.89174313,18.55367233,6,3,2,1,4,16:00,114,E08000010,6,0,6,30,3,4,6,0,0,0,1,1,1,0,0,2,1,E01006360,25-05-2018,1,1,1,1,23,5,3,0,0,0,0,-1,9,1
44454,73.95107203,18.56710169,6,3,2,1,5,17:40,114,E08000010,3,579,6,50,0,-1,-1,0,0,0,1,1,1,0,0,2,1,E01006299,26-05-2018,1,1,1,1,43,7,3,0,0,0,0,-1,9,1
44455,73.87841402,18.59320045,6,2,1,1,5,19:30,114,E08000010,3,49,6,30,9,4,6,0,0,0,1,1,1,0,0,1,1,E01006268,26-05-2018,2,2,1,1,54,8,3,0,0,0,0,-1,90,1
44456,73.94158844,18.53328344,6,3,2,1,4,22:50,114,E08000010,3,49,6,30,0,-1,-1,0,0,0,4,1,2,0,0,1,1,E01006229,01-06-2018,1,1,1,2,56,9,3,0,0,0,0,-1,9,1
44457,73.73836447,18.62718671,6,3,4,2,6,17:24,114,E08000010,3,49,6,30,0,-1,-1,0,0,0,1,1,1,0,0,1,1,E01006229,27-05-2018,1,1,1,1,14,3,3,0,0,0,0,-1,1,1
44458,73.78463481,18.61410602,6,3,2,1,7,06:30,114,E08000010,5,0,6,30,6,4,5,0,0,0,1,1,1,0,0,1,1,E01006242,28-05-2018,1,1,2,2,50,8,3,0,0,0,1,-1,11,-1
44459,73.82453885,18.51161757,6,2,1,2,7,00:50,114,E08000010,4,5237,6,30,0,-1,-1,0,0,0,4,1,1,0,0,1,1,E01006214,28-05-2018,2,1,1,1,38,7,3,0,0,0,0,-1,9,1
44460,73.77639061,18.54070848,6,2,1,1,7,03:00,114,E08000010,3,573,6,30,1,4,3,58,0,0,4,1,1,0,0,1,1,E01006215,28-05-2018,2,1,1,2,33,6,3,0,0,0,0,-1,9,1
44461,73.9196276,18.62387648,6,1,1,3,3,01:30,114,E08000010,5,0,6,30,3,4,6,0,0,0,4,1,1,0,0,1,1,E01006330,31-05-2018,1,1,1,1,54,8,3,0,0,0,0,-1,9,1
44462,73.74965522,18.52816586,6,3,2,1,3,06:00,114,E08000010,5,0,6,30,5,4,6,0,0,0,1,2,2,0,0,1,1,E01006336,31-05-2018,1,2,2,2,16,4,3,0,0,1,0,-1,9,-1
44463,73.7818891,18.5197827,6,3,2,1,3,17:05,114,E08000010,5,0,6,30,3,4,6,0,0,0,1,1,1,0,0,1,1,E01006325,31-05-2018,1,1,1,1,19,4,3,0,0,0,0,-1,9,1
44464,73.95373908,18.55904235,6,3,1,1,4,12:10,114,E08000010,5,0,6,30,3,4,6,0,0,0,1,2,2,0,0,2,2,E01006320,01-06-2018,1,1,2,1,3,1,3,0,0,2,0,-1,9,-1
44465,73.81903341,18.64601024,6,3,3,4,4,11:10,114,E08000010,4,5238,6,30,3,4,6,0,0,0,1,2,2,0,0,1,1,E01006392,01-06-2018,1,1,1,1,40,7,3,0,0,0,0,-1,9,1
44466,73.92236127,18.56433637,6,3,2,2,4,17:00,114,E08000010,3,572,6,30,0,-1,-1,0,0,0,1,2,2,0,0,1,2,E01006333,01-06-2018,1,1,2,2,65,9,3,0,0,1,0,-1,9,2
44467,73.94936142,18.56249106,6,3,2,1,5,20:30,114,E08000010,6,0,6,30,3,4,6,0,0,0,1,1,1,0,0,1,2,E01006295,02-06-2018,2,1,1,2,52,8,3,0,0,0,0,-1,9,1
44468,73.76748225,18.53569692,6,3,2,1,5,13:05,114,E08000010,5,0,6,30,0,-1,-1,0,0,0,1,1,1,0,0,1,2,E01006356,02-06-2018,2,1,2,2,47,8,3,0,0,1,0,-1,8,1
44469,73.85148624,18.59637901,6,2,2,3,5,12:30,114,E08000010,6,0,6,30,6,4,6,0,0,0,1,1,2,0,0,1,1,E01006375,02-06-2018,2,1,1,2,40,7,3,0,0,0,0,-1,1,1
44470,73.75201976,18.54524274,6,3,2,1,7,23:33,114,E08000010,5,0,2,30,0,-1,-1,0,0,0,4,1,2,0,0,1,1,E01006333,04-06-2018,1,1,3,1,14,3,3,4,3,0,0,-1,0,1
44471,73.73914632,18.57763345,6,3,2,2,6,18:00,114,E08000010,3,580,3,30,1,4,3,573,0,0,1,2,2,0,0,2,2,E01006348,03-06-2018,1,1,1,1,22,5,3,0,0,0,0,-1,5,-1
44472,73.8750077,18.52053491,6,3,1,1,6,14:36,114,E08000010,6,0,6,30,0,-1,-1,0,0,0,1,1,1,0,0,1,1,E01006297,03-06-2018,1,1,1,1,47,8,3,0,0,0,0,-1,9,3
44473,73.849863,18.56166777,6,3,2,1,6,19:00,114,E08000010,3,572,6,30,3,4,6,0,0,0,1,1,1,0,0,1,2,E01006303,03-06-2018,1,4,2,2,45,7,3,0,0,2,0,-1,9,3
44474,73.92474756,18.56201781,6,3,2,1,7,11:50,114,E08000010,6,0,6,30,0,-1,-1,0,0,0,1,1,1,0,0,1,1,E01006215,04-06-2018,2,2,1,1,51,8,3,0,0,0,0,-1,9,1
44475,73.88017562,18.53444505,6,3,1,1,7,13:50,114,E08000010,6,0,6,30,9,4,6,0,0,0,1,1,1,0,0,1,1,E01006288,04-06-2018,2,3,2,2,24,5,3,0,0,1,0,-1,9,1
44476,73.92298006,18.63029557,6,3,2,1,3,16:30,114,E08000010,4,5238,6,30,3,2,6,0,0,0,1,1,1,0,0,1,2,E01006388,03-05-2018,2,1,1,1,38,7,3,0,0,0,0,-1,9,-1
44477,73.74629482,18.48919677,6,3,2,1,5,08:10,114,E08000010,3,58,6,30,3,4,6,0,0,0,1,1,1,0,0,1,1,E01006218,02-06-2018,2,2,2,2,35,6,3,0,0,1,0,-1,9,-1
44478,73.7521633,18.64614807,6,3,2,1,1,19:45,114,E08000010,6,0,6,30,3,4,6,0,0,0,1,1,1,0,0,1,2,E01006260,05-06-2018,1,1,1,2,61,9,3,0,0,0,0,-1,9,1
44479,73.75104729,18.63533958,6,2,3,2,1,17:01,114,E08000010,3,573,6,40,3,4,6,0,0,0,1,1,1,0,0,2,1,E01006340,05-06-2018,2,1,2,2,83,11,3,0,0,2,0,-1,9,1
44480,73.79221012,18.56937555,6,3,1,1,2,10:15,114,E08000010,4,5207,6,30,3,4,6,0,0,0,1,1,1,0,0,1,2,E01006268,06-06-2018,1,1,1,1,50,8,3,0,0,0,0,-1,9,1
44481,73.77217059,18.63734705,6,3,4,1,3,23:30,114,E08000010,3,49,6,30,0,-1,-1,0,0,0,4,1,1,0,0,1,1,E01006262,07-06-2018,2,2,1,1,59,9,3,0,0,0,0,-1,9,1
44482,73.89226725,18.55121957,6,3,2,1,1,13:00,114,E08000010,6,0,6,30,0,-1,-1,0,0,0,1,1,1,0,0,2,2,E01006318,05-06-2018,1,1,1,2,33,6,3,0,0,0,0,-1,9,1
44483,73.90067435,18.59045696,6,3,2,1,7,19:50,114,E08000010,4,5207,6,30,9,4,6,0,0,0,1,1,2,0,0,1,1,E01006347,21-05-2018,1,2,1,2,25,5,3,0,0,0,0,-1,9,1
44484,73.95566781,18.60735192,6,2,1,2,1,17:55,114,E08000010,3,572,6,30,0,-1,-1,0,0,0,1,1,1,0,0,2,1,E01006299,05-06-2018,2,1,2,2,4,1,3,0,0,1,0,-1,9,1
44485,73.92879659,18.52140166,6,3,1,1,5,09:00,114,E08000010,6,0,6,30,0,-1,-1,0,0,0,1,1,1,0,0,1,1,E01006265,09-06-2018,2,1,1,1,49,8,3,0,0,0,0,-1,9,1
44486,73.77350698,18.57591128,6,3,2,2,6,16:10,114,E08000010,4,5215,6,30,6,2,5,0,0,5,1,1,1,0,0,1,1,E01006338,10-06-2018,2,2,2,2,55,8,3,0,0,1,0,-1,9,1
44487,73.74558076,18.52759058,6,3,1,1,7,19:40,114,E08000010,3,572,6,30,1,4,3,5082,0,0,1,1,1,0,0,1,2,E01006383,11-06-2018,1,1,2,1,53,8,1,0,0,1,0,-1,9,-1
44488,73.89445851,18.6019944,6,2,2,1,2,18:15,114,E08000010,6,0,6,30,3,4,6,0,0,0,1,1,1,0,0,1,1,E01006222,06-06-2018,1,1,2,1,12,3,3,0,0,0,3,-1,11,1
44489,73.85338657,18.57883245,6,3,2,1,4,07:34,114,E08000010,3,572,6,30,3,4,6,0,0,0,1,1,1,0,0,1,1,E01006300,08-06-2018,2,1,1,1,27,6,3,0,0,0,0,-1,9,-1
44490,73.84799272,18.61757803,6,3,2,1,4,17:10,114,E08000010,3,571,6,30,3,4,6,0,0,0,1,1,1,0,0,1,2,E01006401,08-06-2018,1,1,1,1,19,4,3,0,0,0,0,-1,9,1
44491,73.89612851,18.64628553,6,3,1,1,7,11:30,114,E08000010,4,5207,6,30,0,-1,-1,0,0,0,1,1,1,0,0,1,1,E01006268,11-06-2018,1,1,1,1,23,5,3,0,0,0,0,-1,9,1
44492,73.93225823,18.62486653,6,2,2,1,7,18:15,114,E08000010,6,0,6,30,3,4,6,0,0,0,1,1,1,0,0,1,1,E01006392,11-06-2018,1,2,2,1,18,4,3,0,0,1,0,-1,9,1
44493,73.80832496,18.64384919,6,2,2,1,6,21:15,114,E08000010,5,0,6,30,0,-1,-1,0,0,0,1,1,1,0,0,2,1,E01006303,10-06-2018,2,1,1,1,42,7,2,0,0,0,0,-1,9,1
44494,73.921416,18.63853637,6,2,2,1,6,10:40,114,E08000010,4,5206,6,30,3,4,6,0,0,0,1,1,1,0,0,1,1,E01006364,10-06-2018,2,1,1,1,18,4,3,0,0,0,0,-1,9,1
44495,73.73462066,18.5061505,6,3,2,8,6,20:30,114,E08000010,4,5239,6,60,3,4,4,5239,0,0,1,1,1,0,0,2,1,E01006231,10-06-2018,2,2,2,1,19,4,3,0,0,1,0,-1,9,1
44496,73.95284323,18.61722047,6,2,1,2,6,16:20,114,E08000010,3,577,6,30,3,4,6,0,0,4,1,1,1,0,0,1,1,E01006308,10-06-2018,1,1,2,2,45,7,3,0,0,1,0,-1,9,-1