Accident_Index,longitude,latitude,Police_Force,Accident_Severity,Number_of_Vehicles,Number_of_Casualties,Day_of_Week,Time,Local_Authority_(District),Local_Authority_(Highway),1st_Road_Class,1st_Road_Number,Road_Type,Speed_limit,Junction_Detail,Junction_Control,2nd_Road_Class,2nd_Road_Number,Pedestrian_Crossing-Human_Control,Pedestrian_Crossing-Physical_Facilities,Light_Conditions,Weather_Conditions,Road_Surface_Conditions,Special_Conditions_at_Site,Carriageway_Hazards,Urban_or_Rural_Area,Did_Police_Officer_Attend_Scene_of_Accident,LSOA_of_Accident_Location,Date,Vehicle_Reference,Casualty_Reference,Casualty_Class,Sex_of_Casualty,Age_of_Casualty,Age_Band_of_Casualty,Casualty_Severity,Pedestrian_Location,Pedestrian_Movement,Car_Passenger,Bus_or_Coach_Passenger,Pedestrian_Road_Maintenance_Worker,Casualty_Type,Casualty_Home_Area_Type
44497,73.88666468,18.62428707,6,3,2,1,7,17:45,114,E08000010,5,0,2,30,3,4,6,0,0,0,1,1,1,0,0,1,2,E01006369,11-06-2018,1,1,3,1,28,6,3,9,9,0,0,-1,0,1
44498,73.74040801,18.6344966,6,3,2,2,1,09:00,114,E08000010,6,0,6,30,9,4,3,49,0,0,1,1,1,0,0,1,2,E01006265,12-06-2018,1,1,2,2,60,9,3,0,0,0,3,-1,11,1
44499,73.75801806,18.49064514,6,3,2,1,2,18:15,114,E08000010,4,5375,6,30,3,4,6,0,0,0,1,1,1,0,0,2,2,E01006321,13-06-2018,1,1,1,1,23,5,3,0,0,0,0,-1,9,1
44500,73.91174299,18.57255915,6,3,2,1,2,14:50,114,E08000010,3,577,6,30,3,4,6,0,0,0,1,1,1,0,0,1,1,E01006272,13-06-2018,1,1,1,1,18,4,3,0,0,0,0,-1,3,1
44501,73.78069005,18.48779742,6,3,1,1,2,15:25,114,E08000010,4,5238,6,30,0,-1,-1,0,0,4,1,1,1,0,0,1,1,E01006387,13-06-2018,2,2,1,1,21,5,3,0,0,0,0,-1,9,1
44502,73.802283,18.51781494,6,3,1,1,3,02:20,114,E08000010,3,49,1,40,1,4,1,6,0,0,4,2,1,0,0,2,1,E01006262,14-06-2018,2,1,1,1,49,8,3,0,0,0,0,-1,9,1
44503,73.87667651,18.57173698,6,3,2,1,3,19:50,114,E08000010,6,0,6,30,3,4,6,0,0,0,1,1,1,0,0,1,1,E01006305,14-06-2018,1,1,3,1,20,4,3,9,5,0,0,-1,0,-1
44504,73.79504909,18.57255305,6,3,2,1,4,15:50,114,E08000010,6,0,6,30,0,-1,-1,0,0,0,1,1,1,0,0,2,1,E01006254,15-06-2018,2,1,1,1,53,8,3,0,0,0,0,-1,9,1
44505,73.91631219,18.63623005,6,3,2,1,4,18:30,114,E08000010,6,0,6,30,0,-1,-1,0,0,0,1,1,1,0,0,1,1,E01006388,15-06-2018,1,1,2,2,72,10,2,0,0,1,0,-1,9,1
44506,73.75580473,18.52029227,6,3,2,1,4,23:15,114,E08000010,3,573,6,30,3,3,5,0,0,0,4,1,1,0,0,1,1,E01006342,15-06-2018,1,1,1,1,38,7,3,0,0,0,0,-1,9,1
44507,73.9472757,18.58179399,6,3,1,1,4,13:10,114,E08000010,6,0,6,30,3,4,6,0,0,0,1,8,2,0,0,1,1,E01006291,15-06-2018,1,1,1,1,50,8,3,0,0,0,0,-1,9,2
44508,73.84411228,18.49993991,6,3,4,1,4,19:58,114,E08000010,3,49,6,30,9,4,6,0,0,0,1,1,1,0,0,1,1,E01006233,15-06-2018,1,1,1,1,31,6,3,0,0,0,0,-1,9,1
44509,73.76350392,18.6154052,6,3,2,1,5,21:00,114,E08000010,5,0,6,30,6,2,5,0,0,0,1,1,1,0,0,1,1,E01006386,16-06-2018,1,2,2,1,27,6,3,0,0,1,0,-1,9,-1
44510,73.91347461,18.62799283,6,3,1,1,5,15:40,114,E08000010,3,577,6,30,3,4,6,0,0,0,1,1,1,0,0,1,1,E01006294,16-06-2018,1,1,3,1,20,4,3,5,1,0,0,-1,0,1
44511,73.929336,18.64111135,6,3,2,2,7,18:18,114,E08000010,6,0,6,30,0,-1,-1,0,0,0,1,1,1,0,0,2,2,E01006248,18-06-2018,1,1,1,1,52,8,3,0,0,0,0,-1,11,1
44512,73.90247687,18.62536499,6,3,2,1,7,00:42,114,E08000010,6,0,6,30,9,4,6,0,0,0,4,1,1,0,0,1,1,E01006285,18-06-2018,1,1,1,2,35,6,3,0,0,0,0,-1,9,1
44513,73.79993163,18.53748502,6,3,3,1,3,10:45,114,E08000010,3,580,3,30,0,-1,-1,0,0,0,1,1,2,0,0,2,1,E01006297,21-06-2018,1,2,2,2,16,4,3,0,0,1,0,-1,9,-1
44514,73.78553332,18.60527662,6,3,2,1,3,11:30,114,E08000010,4,5375,6,30,6,2,5,0,0,4,1,1,1,0,0,1,2,E01006369,21-06-2018,2,1,1,1,22,5,3,0,0,0,0,-1,9,1
44515,73.75284269,18.63285873,6,3,2,1,4,14:45,114,E08000010,3,580,3,30,5,4,6,0,0,0,1,1,1,0,0,2,2,E01006251,22-06-2018,1,1,2,2,65,9,3,0,0,0,2,-1,11,-1
44516,73.80236869,18.56044385,6,3,2,1,4,12:30,114,E08000010,3,577,6,30,0,-1,-1,0,0,0,1,1,1,0,0,1,2,E01006295,22-06-2018,1,1,3,1,16,4,2,5,1,0,0,-1,0,-1
44517,73.82686973,18.6077893,6,3,2,1,7,20:30,114,E08000010,6,0,6,30,3,2,3,571,0,5,1,1,1,0,0,1,2,E01006355,25-06-2018,1,1,3,1,51,8,2,5,1,0,0,-1,0,1
44518,73.8911419,18.49053092,6,3,2,1,5,14:30,114,E08000010,3,5106,6,30,0,-1,-1,0,0,0,1,1,1,0,0,2,1,E01006232,23-06-2018,2,1,1,1,45,7,3,0,0,0,0,-1,9,2
44519,73.92872118,18.56549449,6,3,2,1,6,10:42,114,E08000010,4,5207,6,30,3,4,4,5207,0,0,1,2,2,0,0,2,1,E01006304,24-06-2018,1,1,3,1,80,11,3,8,3,0,0,-1,0,1
44520,73.77842129,18.59417027,6,3,2,1,6,22:30,114,E08000010,4,5376,6,30,9,4,5,0,0,0,4,2,2,0,0,1,2,E01006375,24-06-2018,1,1,1,1,18,4,3,0,0,0,0,-1,9,1
44521,73.76719658,18.57281556,6,3,2,2,3,09:00,114,E08000010,6,0,6,30,0,-1,-1,0,0,0,1,1,2,0,0,2,1,E01006232,21-06-2018,2,2,1,1,20,4,3,0,0,0,0,-1,9,1
44522,73.74294904,18.55618275,6,3,1,3,6,22:15,114,E08000010,3,49,6,30,3,4,6,0,0,4,4,1,2,0,0,1,1,E01006372,24-06-2018,1,1,1,1,39,7,3,0,0,0,0,-1,9,1
44523,73.85763243,18.60245476,6,2,2,3,1,00:35,114,E08000010,5,0,6,30,0,-1,-1,0,0,0,4,1,1,0,0,1,1,E01006364,26-06-2018,3,1,1,1,57,9,3,0,0,0,0,-1,9,1
44524,73.86317224,18.57083964,6,3,2,1,3,11:20,114,E08000010,3,580,3,70,0,-1,-1,0,0,0,1,1,1,0,0,2,1,E01006302,21-06-2018,1,1,3,1,21,5,3,5,1,0,0,-1,0,-1
44525,73.7632512,18.64377404,6,3,1,1,5,19:25,114,E08000010,3,572,7,30,6,2,3,579,0,5,1,1,1,0,0,2,1,E01006299,23-06-2018,1,1,1,2,27,6,3,0,0,0,0,-1,9,3
44526,73.80705934,18.59106153,6,3,2,3,4,00:20,114,E08000010,3,49,6,30,6,2,3,5209,0,0,4,2,2,0,0,1,1,E01006238,29-06-2018,1,1,3,1,70,10,2,4,3,0,0,-1,0,-1
44527,73.83832115,18.54831702,6,2,1,2,7,02:00,114,E08000010,6,0,6,30,0,-1,-1,0,0,0,4,1,1,0,0,1,1,E01006364,25-06-2018,1,1,1,1,17,4,3,0,0,0,0,-1,9,-1
44528,73.74321832,18.60662112,6,3,2,1,7,12:10,114,E08000010,5,0,6,30,3,4,6,0,0,0,1,1,1,0,0,1,2,E01006242,25-06-2018,1,2,2,2,15,3,2,0,0,1,0,-1,9,-1
44529,73.91475811,18.58890442,6,3,1,1,1,02:40,114,E08000010,3,572,6,30,2,4,6,0,0,0,4,1,1,0,0,1,1,E01006252,26-06-2018,2,1,1,2,31,6,2,0,0,0,0,-1,9,1
44530,73.77632116,18.64534455,6,3,2,1,1,10:05,114,E08000010,5,0,6,30,0,-1,-1,0,0,0,1,1,1,0,0,2,1,E01006303,26-06-2018,1,1,1,1,19,4,2,0,0,0,0,-1,9,-1
44531,73.76748276,18.6259385,6,3,3,3,3,22:10,114,E08000010,5,0,6,30,3,4,6,0,0,0,4,2,2,0,0,1,1,E01006339,28-06-2018,1,2,2,1,15,3,2,0,0,1,0,-1,9,-1
44532,73.9042838,18.56072455,6,2,2,1,2,06:45,114,E08000010,3,58,6,30,7,4,5,0,0,0,1,1,1,0,0,1,1,E01006275,27-06-2018,1,1,1,1,42,7,3,0,0,0,0,-1,9,-1
44533,73.9430285,18.63889351,6,3,3,2,2,18:10,114,E08000010,4,5215,6,30,3,4,6,0,0,0,1,1,1,0,0,1,1,E01006334,27-06-2018,2,2,1,2,38,7,3,0,0,0,0,-1,9,-1
44534,73.84289575,18.52125182,6,3,2,1,1,16:00,114,E08000010,4,5207,6,30,3,4,5,0,0,0,1,2,2,0,0,1,2,E01006220,19-06-2018,1,1,1,1,46,8,2,0,0,0,0,-1,1,-1
44535,73.79079738,18.59993214,6,3,2,3,1,14:30,114,E08000010,6,0,6,30,3,4,6,0,0,0,1,1,1,0,0,1,2,E01006277,26-06-2018,1,1,1,1,32,6,2,0,0,0,0,-1,9,1
44536,73.7655557,18.60898491,6,3,2,1,2,19:05,114,E08000010,3,572,6,30,3,4,6,0,0,0,1,1,1,0,0,1,1,E01006300,27-06-2018,1,3,2,2,30,6,3,0,0,1,0,-1,9,1
44537,73.79230763,18.52485456,6,3,2,1,2,20:55,114,E08000010,6,0,6,30,0,-1,-1,0,0,0,4,1,1,0,0,1,2,E01006357,27-06-2018,2,2,1,1,54,8,3,0,0,0,0,-1,9,-1
44538,73.81228307,18.52461018,6,3,2,1,2,23:30,114,E08000010,3,577,6,30,3,4,6,0,0,0,4,1,1,0,0,1,1,E01006281,27-06-2018,1,1,1,1,48,8,3,0,0,0,0,-1,9,1
44539,73.92112725,18.59325103,6,3,2,1,3,15:20,114,E08000010,4,5238,6,30,3,3,6,0,0,4,1,1,1,0,0,1,1,E01006390,28-06-2018,1,3,2,2,22,5,3,0,0,1,0,-1,9,1
44540,73.7414686,18.57584066,6,3,2,2,3,12:10,114,E08000010,3,577,6,30,3,4,6,0,0,0,1,1,1,0,0,1,1,E01006352,28-06-2018,1,4,2,1,24,5,3,0,0,2,0,-1,9,1
44541,73.83623115,18.56032705,6,3,3,2,4,14:20,114,E08000010,6,0,6,30,3,4,6,0,0,0,1,1,1,0,0,1,1,E01006305,29-06-2018,2,2,1,1,24,5,3,0,0,0,0,-1,9,-1
44542,73.81903042,18.58568322,6,3,2,1,5,17:10,114,E08000010,6,0,3,30,0,-1,-1,0,0,0,1,1,1,0,0,1,2,E01006227,30-06-2018,1,1,1,2,24,5,3,0,0,0,0,-1,9,1
44543,73.77394245,18.53443237,6,3,2,1,3,17:45,114,E08000010,6,0,6,30,3,4,5,0,0,0,1,1,1,0,0,1,2,E01006386,28-06-2018,1,2,2,1,19,4,3,0,0,2,0,-1,9,-1
44544,73.83386219,18.56715028,6,3,3,1,7,19:26,114,E08000010,4,5376,3,30,3,4,6,0,0,0,1,1,1,0,0,1,1,E01006370,02-07-2018,2,3,1,1,19,4,3,0,0,0,0,-1,9,-1
44545,73.92749551,18.64530333,6,3,1,1,6,20:15,114,E08000010,3,571,6,30,3,4,6,0,0,0,1,1,2,0,0,1,1,E01006352,01-07-2018,1,1,1,2,43,7,3,0,0,0,0,-1,9,1
44546,73.79506945,18.57570856,6,3,2,2,2,22:00,114,E08000010,3,58,6,30,3,4,6,0,0,0,1,1,1,0,0,1,2,E01006215,27-06-2018,2,1,1,1,45,7,3,0,0,0,0,-1,4,1
44547,73.74506048,18.54176428,6,3,1,1,5,15:30,114,E08000010,3,49,6,30,3,4,6,0,1,0,1,1,1,0,0,1,1,E01006268,30-06-2018,1,1,3,2,32,6,2,10,9,0,0,-1,0,1
44548,73.86949892,18.57685425,6,3,5,1,7,22:20,114,E08000010,4,5206,6,30,0,-1,-1,0,0,0,4,1,1,0,0,1,1,E01006368,02-07-2018,1,1,1,1,25,5,3,0,0,0,0,-1,9,1
44549,73.94823003,18.53908923,6,2,1,1,7,19:25,114,E08000010,6,0,6,30,0,-1,-1,0,0,0,1,1,1,0,0,1,1,E01006223,02-07-2018,1,2,2,2,23,5,3,0,0,1,0,-1,9,1
44550,73.93891535,18.52387459,6,3,2,1,7,21:35,114,E08000010,3,572,6,30,3,4,6,0,0,0,1,1,1,0,0,1,1,E01006304,02-07-2018,1,3,2,2,8,2,3,0,0,2,0,-1,9,-1
44551,73.93038714,18.54228916,6,3,2,1,5,13:40,114,E08000010,3,577,1,30,2,4,3,577,0,0,1,2,2,0,0,1,1,E01006306,30-06-2018,2,4,1,1,18,4,3,0,0,0,0,-1,9,1
44552,73.9091085,18.61462503,6,3,2,2,7,22:35,114,E08000010,3,58,6,30,6,2,3,577,0,0,1,1,1,4,0,1,1,E01006269,02-07-2018,2,5,2,1,25,5,3,0,0,1,0,-1,9,1
44553,73.83215565,18.63702302,6,3,2,1,1,14:45,114,E08000010,3,573,6,30,6,2,3,577,0,0,1,1,1,0,0,1,1,E01006306,03-07-2018,2,6,2,1,17,4,3,0,0,2,0,-1,9,1
44554,73.85578908,18.64286925,6,3,3,1,1,21:00,114,E08000010,4,5238,6,30,3,4,6,0,0,0,1,1,2,0,0,2,1,E01006236,03-07-2018,2,7,2,1,17,4,3,0,0,2,0,-1,9,1
44555,73.86580433,18.54982844,6,3,2,2,3,18:04,114,E08000010,5,0,6,30,3,4,6,0,0,0,1,2,2,0,0,1,1,E01006386,05-07-2018,1,1,3,1,39,7,3,5,1,0,0,-1,0,1
44556,73.84866641,18.50479326,6,3,2,2,2,14:35,114,E08000010,4,5375,6,30,3,4,6,0,0,0,1,2,2,0,0,1,1,E01006256,04-07-2018,1,2,3,2,56,9,3,5,1,0,0,-1,0,1
44557,73.89571277,18.58199298,6,2,1,1,3,23:15,114,E08000010,6,0,6,30,0,-1,-1,0,0,0,4,1,2,7,0,2,1,E01006279,05-07-2018,1,1,3,1,14,3,3,5,1,0,0,-1,0,1
44558,73.78047267,18.49459624,6,3,2,1,7,20:30,114,E08000010,3,572,6,30,9,4,6,0,0,0,1,1,1,0,0,1,2,E01006299,02-07-2018,1,1,1,1,20,4,3,0,0,0,0,-1,9,1
44559,73.96264716,18.5287053,6,3,3,1,7,14:40,114,E08000010,6,0,6,30,3,4,6,0,0,0,1,1,1,5,0,1,1,E01006219,09-07-2018,1,3,2,1,21,5,3,0,0,1,0,-1,9,1
44560,73.74455822,18.57749084,6,3,1,1,2,15:10,114,E08000010,3,571,6,60,0,-1,-1,0,0,0,1,2,2,0,0,2,1,E01006214,04-07-2018,1,4,2,1,21,5,3,0,0,2,0,-1,9,1
44561,73.89222377,18.54979295,6,3,2,1,4,06:35,114,E08000010,3,577,6,30,3,4,6,0,0,0,1,1,2,0,0,1,1,E01006294,06-07-2018,2,2,1,1,33,6,3,0,0,0,0,-1,9,1
44562,73.88982148,18.58485396,6,3,4,4,4,18:55,114,E08000010,3,580,3,70,6,2,4,5207,0,0,1,4,1,0,0,1,1,E01006348,06-07-2018,1,1,1,2,38,7,3,0,0,0,0,-1,9,1
44563,73.92960006,18.62743498,6,3,1,1,5,08:20,114,E08000010,6,0,6,30,3,4,6,0,0,0,1,1,1,0,0,1,1,E01006265,07-07-2018,2,1,1,1,45,7,2,0,0,0,0,-1,8,1
44564,73.93324562,18.6449422,6,3,2,1,5,14:45,114,E08000010,4,5237,6,30,0,-1,-1,0,0,0,1,1,1,0,0,2,2,E01006213,07-07-2018,2,2,2,2,20,4,3,0,0,1,0,-1,8,1
44565,73.95582543,18.59989469,6,3,2,1,3,15:05,114,E08000010,3,578,6,30,3,4,6,0,0,0,1,2,2,0,0,1,1,E01006328,05-07-2018,2,3,2,1,20,4,3,0,0,2,0,-1,8,1
44566,73.84339179,18.50282075,6,2,1,2,4,23:04,114,E08000010,3,577,6,30,0,-1,-1,0,0,0,4,1,1,0,0,1,1,E01006362,06-07-2018,2,4,2,2,22,5,3,0,0,2,0,-1,8,1
44567,73.76922905,18.53631373,6,3,2,1,4,19:00,114,E08000010,4,5207,6,30,3,4,6,0,0,0,1,1,1,0,0,1,2,E01006220,06-07-2018,2,5,2,2,20,4,3,0,0,2,0,-1,8,1
44568,73.81533995,18.58954009,6,3,2,1,5,19:05,114,E08000010,6,0,6,30,6,4,3,571,0,0,1,1,1,0,0,1,2,E01006355,07-07-2018,1,2,1,1,42,7,3,0,0,0,0,-1,9,1
44569,73.79341871,18.50813065,6,3,1,1,6,19:12,114,E08000010,6,0,6,30,9,4,6,0,0,0,1,1,1,0,0,1,1,E01006239,08-07-2018,2,1,1,1,32,6,3,0,0,0,0,-1,9,1
44570,73.78352639,18.54024567,6,2,1,1,7,14:50,114,E08000010,6,0,6,30,3,2,4,5375,0,5,1,1,1,0,0,1,1,E01006369,09-07-2018,2,1,1,2,45,7,3,0,0,0,0,-1,2,1
44571,73.84057824,18.59126121,6,1,1,2,2,04:50,114,E08000010,3,49,3,30,0,-1,-1,0,0,5,1,1,1,0,0,1,2,E01006409,11-07-2018,2,1,1,1,48,8,3,0,0,0,0,-1,9,-1
44572,73.89885124,18.59780195,6,1,2,2,1,19:00,114,E08000010,3,58,6,30,0,-1,-1,0,0,0,1,1,1,0,0,1,1,E01006221,10-07-2018,3,2,1,1,36,7,3,0,0,0,0,-1,9,1
44573,73.75778298,18.56651039,6,3,2,1,1,11:40,114,E08000010,3,58,6,30,9,4,3,577,0,0,1,1,1,0,0,1,2,E01006272,12-06-2018,1,1,1,1,19,4,3,0,0,0,0,-1,9,1
44574,73.79505886,18.48924062,6,3,2,4,7,19:30,114,E08000010,3,573,6,30,3,2,4,5237,0,0,1,1,1,0,0,1,1,E01006214,09-07-2018,2,1,1,1,14,3,3,0,0,0,0,-1,1,1
44575,73.94710289,18.62878429,6,2,2,1,3,22:44,114,E08000010,6,0,6,30,3,4,6,0,0,0,4,1,1,0,0,1,1,E01006283,12-07-2018,1,1,1,2,45,7,3,0,0,0,0,-1,9,1
44576,73.94620539,18.6382073,6,3,3,1,5,10:00,114,E08000010,3,49,6,30,6,4,6,0,0,0,1,1,1,0,0,1,1,E01006225,14-07-2018,1,2,2,1,7,2,3,0,0,1,0,-1,9,1
44577,73.84642259,18.592176,6,2,3,2,2,14:45,114,E08000010,3,580,3,70,0,-1,-1,0,0,0,1,1,1,0,0,2,1,E01006251,11-07-2018,1,3,2,1,10,2,3,0,0,2,0,-1,9,1
44578,73.86388799,18.53108074,6,3,2,1,3,16:10,114,E08000010,4,5215,6,30,6,2,4,5215,0,5,1,1,1,0,0,1,1,E01006333,12-07-2018,1,4,2,2,22,5,3,0,0,2,0,-1,9,1
44579,73.93074878,18.58626975,6,2,2,1,3,18:35,114,E08000010,4,5207,2,30,8,4,6,0,0,0,1,1,1,0,0,1,1,E01006221,12-07-2018,1,5,2,1,21,5,3,0,0,2,0,-1,9,-1
44580,73.74184234,18.49491915,6,3,2,1,4,08:07,114,E08000010,3,58,6,30,3,4,4,5207,0,0,1,1,1,0,0,1,1,E01006220,13-07-2018,1,1,1,1,14,3,3,0,0,0,0,-1,1,1
44581,73.92500154,18.57068159,6,3,1,1,4,08:30,114,E08000010,6,0,6,30,0,-1,-1,0,0,0,1,1,1,0,0,1,2,E01006228,13-07-2018,1,4,2,2,15,3,3,0,0,1,0,-1,9,1
44582,73.95530037,18.60937222,6,2,1,1,4,20:40,114,E08000010,6,0,6,30,3,4,6,0,0,0,1,1,1,0,0,1,1,E01006357,13-07-2018,2,1,1,1,41,7,3,0,0,0,0,-1,9,1
44583,73.76558472,18.60649486,6,3,2,1,4,19:00,114,E08000010,3,49,6,30,6,2,3,5209,0,1,1,1,1,0,0,1,2,E01006319,06-07-2018,2,2,2,2,48,8,3,0,0,1,0,-1,9,1
44584,73.89050729,18.5044073,6,3,1,1,5,18:00,114,E08000010,4,5215,6,30,3,4,6,0,0,0,1,1,1,0,0,1,2,E01006338,14-07-2018,2,3,2,2,15,3,3,0,0,2,0,-1,9,1
44585,73.93431701,18.62483796,6,3,2,1,6,09:42,114,E08000010,3,571,6,30,0,-1,-1,0,0,0,1,1,1,0,0,1,1,E01006355,15-07-2018,1,1,1,1,57,9,3,0,0,0,0,-1,9,2
44586,73.87205362,18.49311068,6,3,2,1,6,18:36,114,E08000010,6,0,6,30,0,-1,-1,0,0,0,1,1,1,0,0,1,1,E01006366,15-07-2018,1,2,1,1,21,5,3,0,0,0,0,-1,9,1
44587,73.8913565,18.51000262,6,3,2,1,6,15:50,114,E08000010,4,5215,6,30,3,2,5,0,0,0,1,1,1,0,0,1,1,E01006328,15-07-2018,2,1,1,1,59,9,3,0,0,0,0,-1,9,-1
44588,73.77228623,18.55573256,6,3,2,1,6,17:00,114,E08000010,3,49,6,30,6,2,3,571,0,0,1,1,1,0,0,1,2,E01006349,08-07-2018,1,1,2,2,19,4,3,0,0,2,0,-1,9,-1
44589,73.83038307,18.59078492,6,3,2,1,7,10:20,114,E08000010,3,49,6,30,6,4,6,0,0,0,1,1,1,0,0,1,1,E01006223,16-07-2018,2,1,1,2,48,8,3,0,0,0,0,-1,9,1
44590,73.92196477,18.54141652,6,3,2,2,4,17:15,114,E08000010,6,0,6,30,3,4,6,0,0,0,1,1,1,0,0,1,2,E01006293,13-07-2018,1,1,3,1,81,11,3,6,9,0,0,-1,0,-1
44591,73.91527573,18.58354827,6,3,2,1,4,13:30,114,E08000010,6,0,6,30,6,4,6,0,0,0,1,4,2,0,0,1,2,E01006244,20-07-2018,2,1,1,2,89,11,3,0,0,0,0,-1,9,1
44592,73.89807564,18.49277814,6,3,2,2,7,14:30,114,E08000010,3,579,6,50,6,2,4,5235,0,0,1,1,1,0,0,2,2,E01006243,16-07-2018,2,1,1,1,14,3,3,0,0,0,0,-1,1,-1
44593,73.86188052,18.58863823,6,2,2,2,1,15:25,114,E08000010,3,578,6,30,3,4,6,0,0,1,1,1,1,0,0,1,1,E01006283,17-07-2018,2,1,1,2,48,8,3,0,0,0,0,-1,1,1
44594,73.73441643,18.61143323,6,3,2,1,1,10:00,114,E08000010,3,572,6,30,3,4,6,0,0,4,1,1,1,0,0,1,1,E01006333,17-07-2018,1,1,1,1,33,6,3,0,0,0,0,-1,9,1
44595,73.7605125,18.48979768,6,3,2,1,3,19:40,114,E08000010,3,577,1,30,1,4,6,0,0,0,1,1,2,0,0,1,1,E01006245,19-07-2018,1,1,1,2,60,9,3,0,0,0,0,-1,9,3
44596,73.84049931,18.64067309,6,3,5,4,4,12:45,114,E08000010,4,5206,6,30,0,-1,-1,0,0,0,1,1,1,0,0,2,1,E01006318,20-07-2018,2,1,1,1,46,8,3,0,0,0,0,-1,9,1
44597,73.92093762,18.63382737,6,3,2,3,4,11:45,114,E08000010,6,0,6,30,6,4,6,0,0,0,1,1,1,0,0,1,1,E01006332,20-07-2018,1,1,1,1,14,3,3,0,0,0,0,-1,1,-1
44598,73.88310924,18.5387045,6,3,2,1,4,22:00,114,E08000010,6,0,2,30,3,4,3,577,0,0,4,1,1,4,0,1,1,E01006359,20-07-2018,1,1,1,1,17,4,3,0,0,0,0,-1,9,1
44599,73.81720993,18.50598996,6,3,2,1,7,17:10,114,E08000010,3,49,6,30,0,-1,-1,0,0,0,1,1,1,0,0,1,1,E01006225,23-07-2018,1,1,3,2,76,11,2,5,1,0,0,-1,0,-1
44600,73.85246948,18.52268297,6,2,1,1,5,09:30,114,E08000010,5,0,6,30,9,4,6,0,0,0,1,1,1,0,0,1,1,E01006386,21-07-2018,2,1,1,2,41,7,3,0,0,0,0,-1,9,1
44601,73.85480971,18.56358068,6,3,2,1,5,18:33,114,E08000010,3,572,6,30,6,2,3,572,0,8,1,1,1,0,0,1,1,E01006333,21-07-2018,1,1,1,1,16,4,3,0,0,0,0,-1,3,1
44602,73.92829009,18.53719722,6,3,3,2,1,16:25,114,E08000010,3,572,6,30,6,4,6,0,0,0,1,2,2,0,0,1,1,E01006251,24-07-2018,1,1,1,1,38,7,3,0,0,0,0,-1,9,1
44603,73.73637553,18.50751787,6,3,2,1,4,07:53,114,E08000010,3,580,1,70,1,4,3,574,0,0,1,1,1,0,0,2,1,E01006297,27-07-2018,2,2,1,2,35,6,3,0,0,0,0,-1,9,1
44604,73.85547853,18.54006258,6,2,1,3,4,00:05,114,E08000010,3,49,6,30,3,4,6,0,0,0,4,1,1,0,0,1,1,E01006233,27-07-2018,1,1,1,1,44,7,3,0,0,0,0,-1,19,-1
44605,73.93730579,18.52562597,6,2,2,2,7,18:55,114,E08000010,6,0,6,30,6,4,6,0,0,0,1,1,1,0,0,1,1,E01006296,30-07-2018,2,2,1,1,32,6,3,0,0,0,0,-1,9,-1
44606,73.7572783,18.54361084,6,3,2,1,7,11:30,114,E08000010,6,0,6,30,3,4,6,0,0,0,1,1,1,0,0,1,1,E01006256,30-07-2018,2,1,1,1,62,9,3,0,0,0,0,-1,1,1
44607,73.79232709,18.63500969,6,3,2,1,5,10:35,114,E08000010,3,579,3,30,3,2,6,0,0,5,1,5,2,0,0,1,1,E01006283,28-07-2018,1,1,3,1,7,2,3,5,2,0,0,-1,0,1
44608,73.94139478,18.62159531,6,3,2,1,6,15:55,114,E08000010,3,5209,3,30,3,3,3,5209,0,0,1,1,1,0,0,2,2,E01006316,29-07-2018,1,1,1,1,24,5,3,0,0,0,0,-1,9,-1
44609,73.95604388,18.51604871,6,3,2,1,1,12:29,114,E08000010,6,0,6,30,3,4,6,0,0,0,1,1,1,0,0,1,1,E01006392,31-07-2018,1,1,3,1,9,2,3,5,2,0,0,-1,0,-1
44610,73.8920164,18.5553087,6,3,1,1,1,15:45,114,E08000010,6,0,6,30,6,4,5,0,0,0,1,1,1,0,6,1,1,E01006255,24-07-2018,2,1,1,2,20,4,3,0,0,0,0,-1,9,3
44611,73.91752858,18.57297522,6,3,1,1,3,11:32,114,E08000010,3,579,6,30,3,4,3,577,0,0,1,1,1,0,0,1,1,E01006239,26-07-2018,2,1,1,2,36,7,3,0,0,0,0,-1,1,1
44612,73.92421365,18.59624522,6,3,2,1,1,21:10,114,E08000010,3,49,3,30,0,-1,-1,0,0,0,4,1,1,0,0,1,2,E01006349,31-07-2018,1,1,2,1,17,4,3,0,0,2,0,-1,9,1
44613,73.88738032,18.48781896,6,3,2,1,7,19:54,114,E08000010,6,0,9,30,0,-1,-1,0,0,0,1,9,1,0,0,1,1,E01006287,30-07-2018,2,1,1,2,33,6,3,0,0,0,0,-1,9,1
44614,73.78288615,18.61572738,6,2,2,6,1,02:30,114,E08000010,4,5376,6,30,6,4,6,0,0,0,4,1,2,0,0,1,1,E01006374,31-07-2018,2,1,1,2,19,4,3,0,0,0,0,-1,9,1
44615,73.9020837,18.62915727,6,2,2,3,1,16:40,114,E08000010,4,5238,6,30,0,-1,-1,0,0,0,1,1,1,0,0,2,1,E01006236,31-07-2018,2,2,2,2,18,4,3,0,0,1,0,-1,9,-1
44616,73.85838207,18.55950966,6,3,1,1,2,20:15,114,E08000010,6,0,6,30,0,-1,-1,0,0,0,1,1,1,0,0,1,1,E01006267,01-08-2018,2,1,1,1,93,11,3,0,0,0,0,-1,2,1