Accident_Index,longitude,latitude,Police_Force,Accident_Severity,Number_of_Vehicles,Number_of_Casualties,Day_of_Week,Time,Local_Authority_(District),Local_Authority_(Highway),1st_Road_Class,1st_Road_Number,Road_Type,Speed_limit,Junction_Detail,Junction_Control,2nd_Road_Class,2nd_Road_Number,Pedestrian_Crossing-Human_Control,Pedestrian_Crossing-Physical_Facilities,Light_Conditions,Weather_Conditions,Road_Surface_Conditions,Special_Conditions_at_Site,Carriageway_Hazards,Urban_or_Rural_Area,Did_Police_Officer_Attend_Scene_of_Accident,LSOA_of_Accident_Location,Date,Vehicle_Reference,Casualty_Reference,Casualty_Class,Sex_of_Casualty,Age_of_Casualty,Age_Band_of_Casualty,Casualty_Severity,Pedestrian_Location,Pedestrian_Movement,Car_Passenger,Bus_or_Coach_Passenger,Pedestrian_Road_Maintenance_Worker,Casualty_Type,Casualty_Home_Area_Type
44617,73.87745353,18.57363212,6,3,1,1,2,21:40,114,E08000010,6,0,6,30,0,-1,-1,0,0,0,4,1,1,0,0,1,1,E01006403,01-08-2018,1,1,3,2,30,6,3,1,1,0,0,-1,0,1
44618,73.80169078,18.50079646,6,3,2,4,3,17:30,114,E08000010,4,5206,6,30,2,4,6,0,0,0,1,1,1,0,0,2,2,E01006318,02-08-2018,1,1,1,2,71,10,3,0,0,0,0,-1,9,1
44619,73.9200324,18.57110822,6,3,1,1,4,18:55,114,E08000010,5,0,6,30,3,4,6,0,0,0,1,1,1,0,0,1,2,E01006325,03-08-2018,2,2,1,1,54,8,3,0,0,0,0,-1,9,1
44620,73.74102002,18.60951974,6,2,2,1,4,23:10,114,E08000010,6,0,6,30,6,3,6,0,0,0,4,1,1,0,0,1,1,E01006257,03-08-2018,1,1,1,1,65,9,3,0,0,0,0,-1,9,1
44621,73.86504891,18.54521693,6,3,2,1,5,16:30,114,E08000010,3,577,6,30,3,4,6,0,0,4,1,1,1,0,0,1,2,E01006352,04-08-2018,2,2,1,1,25,5,3,0,0,0,0,-1,9,1
44622,73.80429059,18.59974785,6,3,2,1,1,21:40,114,E08000010,6,0,6,30,9,4,6,0,0,0,1,9,1,0,0,1,1,E01006365,07-08-2018,1,1,3,1,39,7,2,6,9,0,0,-1,0,2
44623,73.90944776,18.53581595,6,3,3,1,4,18:15,114,E08000010,3,49,6,30,3,4,6,0,0,0,1,1,1,0,0,1,2,E01006372,03-08-2018,1,2,3,2,40,7,2,6,9,0,0,-1,0,2
44624,73.81477567,18.53333638,6,3,2,1,2,16:15,114,E08000010,3,572,6,30,3,4,6,0,0,0,1,1,1,0,0,1,2,E01006298,08-08-2018,1,3,3,2,8,2,3,6,9,0,0,-1,0,2
44625,73.89698738,18.53642382,6,2,1,1,2,01:35,114,E08000010,6,0,6,30,3,4,6,0,0,0,4,1,1,0,0,1,1,E01006381,08-08-2018,1,4,3,2,12,3,3,6,9,0,0,-1,0,2
44626,73.76896441,18.59755432,6,3,2,2,1,15:50,114,E08000010,4,5215,6,30,9,4,6,0,0,0,1,1,1,0,0,1,1,E01006245,07-08-2018,1,5,3,2,6,2,3,6,9,0,0,-1,0,2
44627,73.90609813,18.61908898,6,3,1,1,6,21:28,114,E08000010,3,577,6,30,0,-1,-1,0,0,0,4,1,1,0,0,1,1,E01006244,05-08-2018,1,1,3,1,70,10,2,5,3,0,0,-1,0,1
44628,73.96175831,18.52383942,6,3,2,2,5,16:50,114,E08000010,3,572,6,30,0,-1,-1,0,0,0,1,2,2,0,0,1,1,E01006376,04-08-2018,2,1,1,1,27,6,3,0,0,0,0,-1,1,1
44629,73.85200078,18.53186679,6,3,1,1,7,15:20,114,E08000010,5,0,6,30,9,4,6,0,0,0,1,1,1,0,0,1,1,E01006361,06-08-2018,1,1,1,2,40,7,3,0,0,0,0,-1,9,3
44630,73.80674635,18.63727012,6,3,2,1,7,18:40,114,E08000010,6,0,6,30,3,4,6,0,0,0,1,1,2,0,0,1,2,E01006285,13-08-2018,1,1,1,2,67,10,3,0,0,0,0,-1,9,1
44631,73.86150429,18.57748878,6,3,2,1,4,16:00,114,E08000010,6,0,6,30,0,-1,-1,0,0,0,1,1,1,0,0,2,1,E01006361,10-08-2018,1,2,2,1,8,2,3,0,0,1,0,-1,9,-1
44632,73.79604665,18.54157805,6,2,2,1,4,13:30,114,E08000010,3,573,6,30,3,4,6,0,0,4,1,1,1,0,0,1,1,E01006214,10-08-2018,1,1,1,1,54,8,3,0,0,0,0,-1,9,1
44633,73.75761193,18.51211934,6,3,2,1,5,12:15,114,E08000010,3,58,6,30,3,4,6,0,0,0,1,1,1,0,0,1,2,E01006223,11-08-2018,2,2,1,1,43,7,3,0,0,0,0,-1,19,1
44634,73.89348994,18.63204051,6,3,2,1,6,23:30,114,E08000010,3,533,6,30,6,2,4,5238,0,0,4,1,1,3,0,1,1,E01006386,12-08-2018,2,1,1,1,31,6,3,0,0,0,0,-1,9,1
44635,73.79990317,18.57838186,6,3,1,1,7,21:10,114,E08000010,5,0,6,30,9,4,6,0,0,0,1,8,2,0,0,1,1,E01006281,13-08-2018,1,1,3,1,12,3,3,2,3,0,0,-1,0,1
44636,73.86112654,18.49983012,6,3,6,1,7,03:50,114,E08000010,3,577,6,30,3,4,5,0,0,0,4,1,1,0,0,1,1,E01006278,13-08-2018,1,1,3,2,75,10,3,5,1,0,0,-1,0,1
44637,73.93741601,18.63602468,6,2,1,1,7,00:08,114,E08000010,3,49,2,30,3,4,6,0,0,0,4,1,1,0,0,1,1,E01006349,13-08-2018,1,1,2,2,23,5,3,0,0,0,3,-1,11,-1
44638,73.74854395,18.53956041,6,3,2,1,1,19:55,114,E08000010,6,0,6,30,0,-1,-1,0,0,0,1,1,1,0,0,1,2,E01006388,14-08-2018,1,1,3,1,4,1,3,5,2,0,0,-1,0,1
44639,73.89502308,18.5614989,6,3,1,1,2,17:20,114,E08000010,6,0,9,30,0,-1,-1,0,0,0,1,1,1,0,0,2,2,E01006321,15-08-2018,2,1,1,2,33,6,3,0,0,0,0,-1,9,1
44640,73.74088934,18.64367713,6,3,2,1,2,07:40,114,E08000010,3,577,6,30,3,4,6,0,0,0,1,1,1,0,0,1,1,E01006294,15-08-2018,1,1,1,1,31,6,3,0,0,0,0,-1,9,1
44641,73.9562828,18.52712141,6,3,2,1,3,19:10,114,E08000010,3,77,6,30,3,4,6,0,0,0,1,1,1,0,0,1,1,E01006278,16-08-2018,1,2,2,1,34,6,3,0,0,1,0,-1,9,1
44642,73.91581431,18.52591859,6,3,2,1,6,16:45,114,E08000010,3,572,6,30,9,4,6,0,0,0,1,1,1,0,0,1,2,E01006252,19-08-2018,1,1,2,1,17,4,3,0,0,1,0,-1,9,1
44643,73.75018428,18.6404948,6,3,2,2,4,08:20,114,E08000010,3,577,6,30,3,4,6,0,0,0,1,1,1,0,0,1,1,E01006293,17-08-2018,1,1,1,2,53,8,3,0,0,0,0,-1,9,-1
44644,73.96321618,18.60216263,6,3,1,1,4,15:10,114,E08000010,5,0,6,30,0,-1,-1,0,0,0,1,1,1,0,0,1,1,E01006338,17-08-2018,1,1,3,1,16,4,2,1,4,0,0,-1,0,-1
44645,73.7470278,18.60679077,6,3,3,1,4,16:50,114,E08000010,3,577,6,30,0,-1,-1,0,0,0,1,1,1,0,0,1,1,E01006272,17-08-2018,1,1,1,1,35,6,3,0,0,0,0,-1,8,1
44646,73.83397634,18.56406982,6,3,1,1,3,23:30,114,E08000010,6,0,6,30,0,-1,-1,0,0,0,4,1,1,0,0,1,1,E01006263,16-08-2018,2,2,1,1,35,6,3,0,0,0,0,-1,9,1
44647,73.89968195,18.5891747,6,3,2,2,4,21:50,114,E08000010,3,579,6,30,3,2,3,572,0,0,4,1,1,0,0,1,2,E01006348,17-08-2018,1,1,1,2,42,7,3,0,0,0,0,-1,9,1
44648,73.88180189,18.61719436,6,3,2,1,4,10:15,114,E08000010,5,0,9,30,2,4,6,0,0,0,1,1,1,0,0,1,2,E01006333,17-08-2018,2,2,1,2,29,6,3,0,0,0,0,-1,9,1
44649,73.81377463,18.55445786,6,3,2,1,5,13:35,114,E08000010,4,5215,6,30,3,4,6,0,0,0,1,1,1,0,0,1,1,E01006337,18-08-2018,3,3,1,2,49,8,2,0,0,0,0,-1,9,1
44650,73.89221853,18.53294733,6,3,2,1,5,18:45,114,E08000010,6,0,6,30,9,4,6,0,0,0,1,1,1,0,0,1,2,E01006411,18-08-2018,1,1,1,1,30,6,3,0,0,0,0,-1,9,1
44651,73.78426423,18.57808583,6,2,1,1,6,16:10,114,E08000010,6,0,6,30,0,-1,-1,0,0,0,1,1,1,0,0,2,1,E01006360,19-08-2018,1,1,3,1,55,8,2,5,1,0,0,-1,0,1
44652,73.84322967,18.54931376,6,3,2,1,1,23:00,114,E08000010,5,0,3,30,0,-1,-1,0,0,0,4,2,2,0,0,1,2,E01006282,21-08-2018,3,1,2,2,6,2,3,0,0,1,0,-1,9,1
44653,73.90706218,18.64705599,6,2,1,3,7,00:35,114,E08000010,3,573,6,30,0,-1,-1,0,0,0,4,1,1,0,0,2,1,E01006214,20-08-2018,1,1,1,1,22,5,3,0,0,0,0,-1,9,1
44654,73.83525708,18.547822,6,3,1,1,2,10:00,114,E08000010,4,5207,2,30,0,-1,-1,0,0,0,1,2,2,0,0,1,2,E01006342,22-08-2018,2,1,1,2,44,7,3,0,0,0,0,-1,9,3
44655,73.82505263,18.48961155,6,3,1,2,2,09:20,114,E08000010,4,5237,6,30,0,-1,-1,0,0,0,1,8,2,0,0,1,1,E01006329,22-08-2018,1,1,1,1,15,3,3,0,0,0,0,-1,3,-1
44656,73.91079181,18.62616013,6,3,4,1,2,16:39,114,E08000010,4,5215,6,30,3,4,6,0,0,0,1,1,1,0,0,1,1,E01006334,22-08-2018,1,1,1,1,24,5,3,0,0,0,0,-1,9,-1
44657,73.79252811,18.49894939,6,3,2,1,3,16:15,114,E08000010,3,572,6,30,3,4,6,0,0,0,1,1,1,0,0,1,1,E01006303,23-08-2018,2,2,1,1,18,4,3,0,0,0,0,-1,9,-1
44658,73.73332502,18.62032074,6,3,1,1,5,08:10,114,E08000010,6,0,6,30,3,4,6,0,0,0,4,1,1,0,0,1,1,E01006338,18-08-2018,2,3,2,2,16,4,3,0,0,1,0,-1,9,-1
44659,73.81626057,18.53593708,6,3,2,1,6,10:15,114,E08000010,3,579,3,40,9,2,3,572,0,0,1,1,1,0,0,2,2,E01006299,19-08-2018,2,4,2,1,18,4,3,0,0,1,0,-1,9,-1
44660,73.94760273,18.4968903,6,3,2,1,3,10:40,114,E08000010,3,58,6,30,3,4,6,0,0,0,1,1,1,4,0,1,1,E01006269,23-08-2018,1,1,1,2,55,8,3,0,0,0,0,-1,9,-1
44661,73.91322404,18.53082574,6,3,2,1,1,17:35,114,E08000010,6,0,6,30,3,4,6,0,0,0,1,1,1,0,0,1,1,E01006323,21-08-2018,1,3,2,2,54,8,3,0,0,1,0,-1,9,1
44662,73.91192136,18.60381018,6,3,2,2,1,19:45,114,E08000010,6,0,6,30,3,4,6,0,0,0,1,1,1,0,0,1,1,E01006344,21-08-2018,2,2,1,1,20,4,3,0,0,0,0,-1,9,1
44663,73.81179383,18.57923171,6,3,2,1,3,08:31,114,E08000010,5,0,6,30,2,4,6,0,0,0,1,1,1,0,0,1,1,E01006333,23-08-2018,2,1,1,1,46,8,3,0,0,0,0,-1,9,1
44664,73.83766237,18.56371656,6,3,2,3,4,08:20,114,E08000010,4,573,6,40,0,-1,-1,0,0,0,1,5,2,6,3,2,1,E01006214,24-08-2018,1,1,3,1,57,9,3,1,9,0,0,-1,0,-1
44665,73.84477427,18.57774031,6,3,2,1,4,11:05,114,E08000010,3,579,6,30,3,4,6,0,0,0,1,5,2,0,0,1,1,E01006290,24-08-2018,2,1,1,1,14,3,3,0,0,0,0,-1,1,1
44666,73.74300722,18.5689698,6,2,3,3,4,08:20,114,E08000010,3,573,6,40,0,-1,-1,0,0,0,1,5,2,0,0,2,1,E01006214,24-08-2018,1,1,1,1,17,4,3,0,0,0,0,-1,3,1
44667,73.78676777,18.57673604,6,3,2,2,5,11:35,114,E08000010,3,580,3,60,0,-1,-1,0,0,5,1,2,2,0,0,1,1,E01006348,25-08-2018,1,1,1,2,47,8,3,0,0,0,0,-1,9,1
44668,73.92464217,18.48850766,6,3,2,3,5,11:30,114,E08000010,3,49,3,30,7,2,3,573,0,4,1,5,2,0,0,1,1,E01006369,25-08-2018,2,1,1,1,79,11,3,0,0,0,0,-1,1,1
44669,73.80625149,18.52794568,6,3,2,7,5,20:20,114,E08000010,5,0,6,30,3,4,6,0,0,0,4,2,2,0,0,1,1,E01006345,25-08-2018,1,1,1,2,44,7,3,0,0,0,0,-1,9,-1
44670,73.80186845,18.63743467,6,3,3,2,6,22:15,114,E08000010,3,577,6,30,6,2,6,0,0,0,4,1,1,0,0,1,1,E01006308,26-08-2018,1,1,1,2,24,5,3,0,0,0,0,-1,9,1
44671,73.76662711,18.58929892,6,3,2,2,1,22:35,114,E08000010,4,5375,6,30,0,-1,-1,0,0,0,4,2,2,0,0,1,2,E01006256,21-08-2018,2,1,1,1,13,3,3,0,0,0,0,-1,1,1
44672,73.83430108,18.50469321,6,3,2,1,4,15:30,114,E08000010,6,0,6,20,6,4,6,0,0,0,1,1,1,0,0,1,2,E01006253,24-08-2018,1,1,3,1,47,8,3,5,1,0,0,-1,0,1
44673,73.80902167,18.61746192,6,3,2,2,4,13:35,114,E08000010,3,49,3,30,6,2,3,573,0,4,1,1,1,0,0,1,2,E01006369,24-08-2018,2,1,1,1,53,8,3,0,0,0,0,-1,5,1
44674,73.93471552,18.53256698,6,3,2,1,4,12:15,114,E08000010,6,0,6,30,3,4,6,0,0,0,1,1,2,0,0,2,1,E01006361,24-08-2018,1,1,1,2,51,8,2,0,0,0,0,-1,1,1
44675,73.77775004,18.56358812,6,3,2,2,4,21:20,114,E08000010,3,577,6,20,9,2,6,0,0,0,4,4,1,0,0,1,2,E01006239,24-08-2018,2,1,1,2,41,7,3,0,0,0,0,-1,9,-1
44676,73.89528262,18.56863469,6,2,2,1,1,20:00,114,E08000010,4,5215,6,30,0,-1,-1,0,0,0,1,1,1,0,0,1,1,E01006245,28-08-2018,2,2,2,2,9,2,3,0,0,1,0,-1,9,-1
44677,73.81614873,18.49094249,6,3,2,1,3,18:34,114,E08000010,3,573,6,30,3,4,6,0,0,0,1,1,1,0,0,1,1,E01006213,30-08-2018,1,1,3,1,30,6,3,5,1,0,0,-1,0,-1
44678,73.92612147,18.5115159,6,3,2,1,3,12:55,114,E08000010,3,58,9,30,9,2,3,49,0,0,1,1,1,0,0,1,1,E01006265,23-08-2018,1,1,1,1,37,7,3,0,0,0,0,-1,9,1
44679,73.88758068,18.61647646,6,3,2,3,1,12:10,114,E08000010,3,577,6,30,0,-1,-1,0,0,0,1,1,1,0,0,1,1,E01006274,28-08-2018,1,2,2,2,39,7,3,0,0,1,0,-1,9,1
44680,73.7480645,18.55114016,6,2,2,1,3,12:30,114,E08000010,3,58,6,30,3,4,6,0,0,4,1,1,1,0,0,1,1,E01006214,30-08-2018,2,1,1,1,21,5,3,0,0,0,0,-1,9,1
44681,73.83570461,18.52762152,6,3,3,1,3,12:50,114,E08000010,5,0,6,30,3,4,6,0,0,0,1,1,1,0,0,1,1,E01006369,30-08-2018,1,1,1,1,37,7,3,0,0,0,0,-1,9,-1
44682,73.87911492,18.64477874,6,3,1,1,5,09:35,114,E08000010,3,572,6,30,0,-1,-1,0,0,4,1,2,2,0,0,1,1,E01006251,01-09-2018,2,1,1,2,49,8,3,0,0,0,0,-1,9,-1
44683,73.79301103,18.63535454,6,3,2,2,5,23:10,114,E08000010,4,5238,1,30,1,4,3,49,0,0,4,1,1,0,0,1,1,E01006403,01-09-2018,1,1,1,2,43,7,3,0,0,0,0,-1,9,-1
44684,73.82776153,18.57014525,6,3,2,1,5,18:20,114,E08000010,6,0,6,30,3,4,6,0,0,0,1,1,1,0,0,1,2,E01006336,01-09-2018,2,2,1,2,42,7,3,0,0,0,0,-1,9,-1
44685,73.88215786,18.62155452,6,2,2,2,5,10:38,114,E08000010,3,49,6,30,3,4,6,0,0,0,1,1,1,0,0,1,1,E01006233,01-09-2018,3,3,1,1,35,6,3,0,0,0,0,-1,9,-1
44686,73.86113104,18.51317978,6,3,2,1,5,08:15,114,E08000010,3,573,6,30,3,4,6,0,0,0,1,2,2,0,0,1,1,E01006214,01-09-2018,1,1,1,1,73,10,3,0,0,0,0,-1,9,1
44687,73.84897384,18.58630512,6,3,2,2,5,17:55,114,E08000010,5,0,6,30,0,-1,-1,0,0,0,1,1,1,0,0,1,1,E01006364,01-09-2018,1,3,2,2,73,10,3,0,0,1,0,-1,9,1
44688,73.95511027,18.61081245,6,2,2,1,5,19:15,114,E08000010,3,572,6,30,3,4,6,0,0,0,1,1,1,0,0,1,1,E01006249,01-09-2018,2,2,1,2,21,5,3,0,0,0,0,-1,9,1
44689,73.9042103,18.51430381,6,3,1,1,6,10:06,114,E08000010,6,0,6,30,0,-1,-1,0,0,0,1,1,1,0,0,1,1,E01006332,02-09-2018,1,1,2,1,89,11,2,0,0,0,3,-1,11,1
44690,73.95218346,18.64020259,6,3,1,1,6,23:10,114,E08000010,3,58,6,30,0,-1,-1,0,0,0,5,1,1,0,0,2,1,E01006218,02-09-2018,1,1,1,1,61,9,3,0,0,0,0,-1,9,-1
44691,73.86390548,18.57190467,6,3,2,1,6,09:30,114,E08000010,4,5207,6,30,3,4,3,58,0,0,1,1,1,0,0,1,2,E01006220,02-09-2018,1,2,2,2,20,4,3,0,0,2,0,-1,9,-1
44692,73.94167387,18.55838354,6,2,2,1,1,12:55,114,E08000010,3,572,6,30,3,4,6,0,0,0,1,1,1,0,0,1,1,E01006347,04-09-2018,1,3,2,2,61,9,3,0,0,1,0,-1,9,-1
44693,73.95670889,18.50636642,6,3,1,1,4,17:00,114,E08000010,3,58,6,30,0,-1,-1,0,0,0,1,1,2,0,0,1,2,E01006221,31-08-2018,2,1,1,1,60,9,3,0,0,0,0,-1,1,-1
44694,73.90996464,18.63667548,6,3,1,1,4,09:15,114,E08000010,3,49,6,30,9,4,6,0,0,0,1,1,1,0,0,1,2,E01006349,31-08-2018,1,1,1,1,38,7,3,0,0,0,0,-1,9,1
44695,73.76170966,18.48814458,6,3,3,1,5,18:45,114,E08000010,3,58,6,30,9,3,6,0,0,0,1,1,1,0,0,1,2,E01006218,01-09-2018,2,1,1,1,14,3,3,0,0,0,0,-1,1,1
44696,73.95213341,18.60891619,6,2,2,1,6,16:00,114,E08000010,4,5238,6,30,0,-1,-1,0,0,0,1,1,1,0,0,1,2,E01006386,02-09-2018,2,1,1,1,29,6,3,0,0,0,0,-1,1,1
44697,73.90690846,18.61881582,6,2,2,1,1,14:25,114,E08000010,5,0,6,30,3,4,6,0,0,0,1,1,1,0,0,1,1,E01006348,04-09-2018,2,1,1,2,24,5,3,0,0,0,0,-1,9,1
44698,73.95528127,18.60645035,6,3,1,1,2,17:49,114,E08000010,6,0,6,30,7,2,3,49,0,5,1,1,1,0,0,1,1,E01006268,05-09-2018,1,1,1,1,29,6,3,0,0,0,0,-1,9,1
44699,73.78595922,18.55442877,6,3,1,1,3,16:45,114,E08000010,3,577,6,30,3,4,6,0,0,4,1,1,1,0,0,1,1,E01006244,06-09-2018,1,1,2,1,60,9,3,0,0,0,4,-1,11,-1
44700,73.83542774,18.61675965,6,3,1,1,6,00:02,114,E08000010,3,572,6,30,6,2,4,5215,0,5,4,2,2,0,0,1,1,E01006333,09-09-2018,1,2,2,2,60,9,3,0,0,0,4,-1,11,-1
44701,73.82973053,18.59991438,6,3,1,1,4,15:20,114,E08000010,4,5375,6,30,0,-1,-1,0,0,0,1,1,1,0,0,1,1,E01006259,07-09-2018,1,3,2,2,60,9,3,0,0,0,4,-1,11,1
44702,73.90397753,18.52394402,6,2,1,1,4,17:30,114,E08000010,3,572,6,30,3,4,6,0,0,0,1,1,1,0,0,1,1,E01006298,07-09-2018,1,1,3,2,10,2,3,1,1,0,0,-1,0,1
44703,73.92646021,18.56645867,6,3,1,1,6,21:55,114,E08000010,5,0,6,30,0,-1,-1,0,0,0,4,1,1,0,0,1,1,E01006358,09-09-2018,1,1,2,2,51,8,3,0,0,1,0,-1,9,1
44704,73.92014715,18.54290362,6,3,4,1,7,10:30,114,E08000010,4,5207,6,30,9,4,6,0,0,0,1,1,1,0,0,1,2,E01006342,10-09-2018,1,2,2,2,15,3,3,0,0,2,0,-1,9,1
44705,73.8375357,18.60020055,6,3,2,1,3,17:00,114,E08000010,3,573,6,30,9,4,6,0,0,0,1,1,1,0,0,1,2,E01006214,06-09-2018,1,1,3,1,5,1,3,5,2,0,0,-1,0,1
44706,73.81595093,18.56556663,6,3,2,2,6,10:08,114,E08000010,5,0,6,30,3,4,6,0,0,0,1,1,1,0,0,1,1,E01006386,09-09-2018,2,1,1,1,16,4,3,0,0,0,0,-1,1,-1
44707,73.80847752,18.5392101,6,3,4,1,1,02:50,114,E08000010,3,577,2,30,0,-1,-1,0,0,0,4,1,1,0,0,1,1,E01006294,11-09-2018,1,1,2,2,40,7,3,0,0,2,0,-1,8,-1
44708,73.84203277,18.63758063,6,3,2,1,2,16:10,114,E08000010,3,572,3,30,6,1,3,572,0,4,1,1,1,0,0,1,2,E01006328,12-09-2018,2,1,1,1,55,8,3,0,0,0,0,-1,9,1
44709,73.76641087,18.64470487,6,3,2,1,7,10:20,114,E08000010,6,0,6,30,0,-1,-1,0,0,0,1,1,1,5,0,1,1,E01006288,10-09-2018,1,1,2,2,17,4,3,0,0,1,0,-1,9,1
44710,73.92484169,18.5332128,6,3,2,1,3,04:00,114,E08000010,6,0,6,30,9,4,6,0,0,0,4,1,1,0,0,1,1,E01006311,13-09-2018,1,2,2,1,19,4,3,0,0,1,0,-1,9,1
44711,73.80113896,18.6421252,6,3,2,1,4,08:30,114,E08000010,5,0,6,30,0,-1,-1,0,0,4,1,1,2,0,0,1,1,E01006361,14-09-2018,1,1,3,1,3,1,3,5,2,0,0,-1,0,1
44712,73.88937138,18.54080177,6,3,2,1,5,09:00,114,E08000010,3,577,1,30,1,4,6,0,0,0,1,2,2,0,0,1,2,E01006242,15-09-2018,2,1,1,1,43,7,2,0,0,0,0,-1,9,1
44713,73.88822031,18.56847145,6,3,2,1,2,14:50,114,E08000010,4,5207,6,30,9,4,3,58,0,0,1,1,1,0,0,1,2,E01006220,05-09-2018,1,6,1,2,35,6,3,0,0,0,0,-1,9,1
44714,73.77604127,18.62428067,6,3,1,1,5,15:10,114,E08000010,6,0,6,30,3,3,6,0,0,0,1,1,1,0,0,1,1,E01006342,15-09-2018,1,7,2,2,13,3,3,0,0,1,0,-1,9,1
44715,73.89019139,18.52499409,6,3,1,1,5,08:50,114,E08000010,3,577,6,30,0,-1,-1,0,0,0,1,2,2,0,0,1,1,E01006378,15-09-2018,1,8,2,1,5,1,3,0,0,2,0,-1,9,1
44716,73.95693072,18.57012734,6,3,2,1,5,12:18,114,E08000010,3,579,6,30,6,2,5,0,0,0,1,1,1,0,0,1,2,E01006291,15-09-2018,2,1,1,1,39,7,3,0,0,0,0,-1,9,1
44717,73.84880711,18.4920689,6,3,2,1,7,20:15,114,E08000010,6,0,6,30,3,4,6,0,0,0,4,1,1,0,0,1,1,E01006376,17-09-2018,2,2,2,2,35,6,3,0,0,2,0,-1,9,1
44718,73.91605269,18.61065002,6,3,1,1,7,17:10,114,E08000010,4,5375,6,30,6,4,6,0,0,0,1,1,1,0,0,1,1,E01006369,17-09-2018,2,3,2,2,11,3,3,0,0,2,0,-1,9,1
44719,73.85482357,18.62716728,6,3,4,1,7,14:30,114,E08000010,5,0,6,30,0,-1,-1,0,0,0,1,1,1,0,0,1,1,E01006271,17-09-2018,2,4,2,2,62,9,3,0,0,2,0,-1,9,1
44720,73.82135902,18.62096361,6,3,2,2,7,01:15,114,E08000010,3,49,2,30,0,-1,-1,0,0,1,4,1,1,0,0,1,1,E01006349,17-09-2018,2,5,2,2,33,6,3,0,0,2,0,-1,9,1
44721,73.79029367,18.49670142,6,3,2,1,3,17:30,114,E08000010,6,0,6,30,6,4,6,0,0,0,1,1,1,0,0,1,1,E01006333,20-09-2018,2,1,1,2,44,7,3,0,0,0,0,-1,9,1
44722,73.83320428,18.5012107,6,3,2,1,3,15:20,114,E08000010,3,574,6,30,1,4,3,580,0,0,1,1,1,0,0,2,2,E01006297,20-09-2018,1,1,2,2,40,7,2,0,0,1,0,-1,9,-1
44723,73.85141927,18.57913622,6,3,1,1,5,11:25,114,E08000010,3,577,9,30,9,4,3,49,0,0,1,9,1,0,0,1,2,E01006310,22-09-2018,2,1,1,1,39,7,3,0,0,0,0,-1,1,-1
44724,73.92841983,18.58105451,6,3,2,1,1,22:00,114,E08000010,6,0,6,30,3,4,6,0,0,0,4,1,1,0,0,1,1,E01006266,18-09-2018,1,1,1,1,20,4,3,0,0,0,0,-1,9,1
44725,73.83927693,18.64302388,6,3,2,1,5,18:00,114,E08000010,3,49,6,30,0,-1,-1,0,0,0,1,1,1,0,0,1,2,E01006233,22-09-2018,1,1,1,2,41,7,3,0,0,0,0,-1,9,1
44726,73.92929691,18.54947987,6,3,2,1,6,13:55,114,E08000010,3,578,6,30,8,4,6,0,0,0,1,1,1,0,0,1,2,E01006324,23-09-2018,2,1,1,2,40,7,3,0,0,0,0,-1,9,1
44727,73.76381025,18.56160074,6,3,2,1,6,14:40,114,E08000010,3,577,6,30,3,4,6,0,0,0,1,1,2,0,0,1,1,E01006353,23-09-2018,1,1,1,1,62,9,3,0,0,0,0,-1,9,1
44728,73.87118036,18.54476926,6,3,1,1,6,22:31,114,E08000010,3,574,6,30,3,4,6,0,0,4,4,1,1,0,0,1,1,E01006297,09-09-2018,1,1,1,1,22,5,3,0,0,0,0,-1,9,1
44729,73.80865848,18.53233582,6,3,3,1,3,12:20,114,E08000010,3,577,6,30,3,4,6,0,0,0,1,1,1,0,0,1,2,E01006352,20-09-2018,1,1,1,2,21,5,3,0,0,0,0,-1,9,1
44730,73.84657109,18.52856935,6,3,2,1,5,13:00,114,E08000010,6,0,6,30,9,4,6,0,0,0,1,1,1,0,0,1,2,E01006285,22-09-2018,1,1,1,1,40,7,3,0,0,0,0,-1,8,1
44731,73.94055602,18.56195721,6,3,2,1,1,14:00,114,E08000010,4,5206,6,30,3,3,6,0,0,0,1,1,1,0,0,1,1,E01006362,25-09-2018,1,1,1,2,17,4,3,0,0,0,0,-1,9,1
44732,73.90512754,18.56630705,6,3,1,1,7,20:45,114,E08000010,4,5239,6,30,0,-1,-1,0,0,0,6,1,1,0,0,2,1,E01006231,24-09-2018,1,1,1,1,44,7,3,0,0,0,0,-1,10,1
44733,73.87774377,18.56221594,6,3,3,3,7,18:20,114,E08000010,3,572,6,30,3,4,6,0,0,0,1,1,1,0,0,1,1,E01006299,24-09-2018,1,2,2,2,53,8,3,0,0,0,4,-1,10,1
44734,73.78875356,18.54220039,6,3,2,2,7,13:00,114,E08000010,3,579,6,30,6,2,6,0,0,0,1,1,1,0,0,1,1,E01006291,24-09-2018,1,3,2,1,34,6,3,0,0,0,4,-1,10,-1
44735,73.83394102,18.61671904,6,3,2,1,5,13:15,114,E08000010,3,58,6,40,0,-1,-1,0,0,0,1,1,1,0,0,2,1,E01006264,22-09-2018,1,1,3,2,24,5,3,1,1,0,0,-1,0,1
44736,73.7692993,18.5277522,6,3,2,2,2,20:30,114,E08000010,3,580,1,30,1,2,3,572,0,0,4,1,2,0,0,1,1,E01006380,26-09-2018,1,1,2,2,50,8,3,0,0,1,0,-1,9,1
44737,73.76473267,18.58150646,6,3,2,1,3,14:15,114,E08000010,3,57,6,30,3,4,6,0,0,0,1,1,1,0,0,1,1,E01006278,27-09-2018,2,1,2,2,45,7,3,0,0,1,0,-1,9,1