Accident_Index,longitude,latitude,Police_Force,Accident_Severity,Number_of_Vehicles,Number_of_Casualties,Day_of_Week,Time,Local_Authority_(District),Local_Authority_(Highway),1st_Road_Class,1st_Road_Number,Road_Type,Speed_limit,Junction_Detail,Junction_Control,2nd_Road_Class,2nd_Road_Number,Pedestrian_Crossing-Human_Control,Pedestrian_Crossing-Physical_Facilities,Light_Conditions,Weather_Conditions,Road_Surface_Conditions,Special_Conditions_at_Site,Carriageway_Hazards,Urban_or_Rural_Area,Did_Police_Officer_Attend_Scene_of_Accident,LSOA_of_Accident_Location,Date,Vehicle_Reference,Casualty_Reference,Casualty_Class,Sex_of_Casualty,Age_of_Casualty,Age_Band_of_Casualty,Casualty_Severity,Pedestrian_Location,Pedestrian_Movement,Car_Passenger,Bus_or_Coach_Passenger,Pedestrian_Road_Maintenance_Worker,Casualty_Type,Casualty_Home_Area_Type
44738,73.95040057,18.61911909,6,3,2,3,4,19:05,114,E08000010,6,0,6,30,0,-1,-1,0,0,0,4,1,2,0,0,2,1,E01006361,28-09-2018,2,1,1,1,68,10,3,0,0,0,0,-1,1,1
44739,73.801311,18.58771067,6,3,1,1,1,22:30,114,E08000010,5,0,2,30,3,2,5,0,0,0,4,1,1,0,0,1,1,E01006369,18-09-2018,1,5,1,1,42,7,3,0,0,0,0,-1,9,-1
44740,73.82621107,18.51320421,6,3,1,1,1,02:30,114,E08000010,6,0,6,30,3,4,6,0,0,0,4,1,1,0,0,1,2,E01006283,25-09-2018,2,2,2,1,26,6,3,0,0,1,0,-1,9,-1
44741,73.89018906,18.56054466,6,3,2,1,4,19:25,114,E08000010,4,5200,6,30,9,2,3,49,0,0,4,2,2,0,0,1,2,E01006268,28-09-2018,2,3,1,1,30,6,3,0,0,0,0,-1,9,-1
44742,73.91400036,18.61818176,6,3,2,1,5,15:59,114,E08000010,6,0,6,30,6,4,6,0,0,0,1,1,1,0,0,1,1,E01006349,29-09-2018,2,4,2,1,21,5,3,0,0,1,0,-1,9,-1
44743,73.90912285,18.51056338,6,3,3,1,6,21:00,114,E08000010,3,577,6,30,0,-1,-1,0,0,0,4,2,2,0,7,1,1,E01006378,30-09-2018,3,1,1,1,27,6,3,0,0,0,0,-1,9,-1
44744,73.82535323,18.6279205,6,3,3,1,6,17:05,114,E08000010,4,5239,6,30,0,-1,-1,0,0,0,1,5,2,0,2,2,1,E01006231,30-09-2018,1,1,3,1,20,4,3,9,5,0,0,-1,0,1
44745,73.92868751,18.50186719,6,3,2,1,7,10:30,114,E08000010,5,0,6,30,9,4,6,0,0,0,1,1,1,0,0,1,2,E01006325,01-10-2018,1,1,2,2,20,4,3,0,0,1,0,-1,9,1
44746,73.77044265,18.51739504,6,3,3,1,7,12:00,114,E08000010,5,0,6,30,3,4,6,0,0,0,1,5,2,0,0,1,1,E01006339,01-10-2018,2,1,1,1,50,8,3,0,0,0,0,-1,1,-1
44747,73.95285668,18.5083468,6,2,2,1,7,19:50,114,E08000010,6,0,6,30,0,-1,-1,0,0,0,4,1,1,0,0,1,1,E01006342,01-10-2018,1,1,3,2,13,3,3,5,4,0,0,-1,0,1
44748,73.78404843,18.5286711,6,3,3,1,1,18:00,114,E08000010,5,0,6,30,9,4,6,0,0,0,1,1,1,0,0,1,1,E01006386,02-10-2018,2,1,1,1,12,3,3,0,0,0,0,-1,1,2
44749,73.8408567,18.58705632,6,2,1,1,2,17:15,114,E08000010,3,572,6,30,2,4,6,0,0,4,1,1,1,0,0,1,1,E01006376,03-10-2018,1,1,3,2,13,3,3,5,1,0,0,-1,0,1
44750,73.89969414,18.57966708,6,3,2,1,6,18:30,114,E08000010,4,5238,6,30,0,-1,-1,0,0,0,1,1,1,0,0,2,2,E01006235,16-09-2018,2,1,1,1,32,6,3,0,0,0,0,-1,3,1
44751,73.93133026,18.56603255,6,2,2,1,2,11:30,114,E08000010,4,5215,6,30,0,-1,-1,0,0,0,1,1,1,0,0,1,2,E01006333,03-10-2018,2,1,1,2,44,7,3,0,0,0,0,-1,9,1
44752,73.93464028,18.58525575,6,3,1,1,3,17:25,114,E08000010,6,0,6,30,0,-1,-1,0,0,0,1,1,1,0,0,1,1,E01006239,04-10-2018,2,1,1,2,26,6,3,0,0,0,0,-1,9,-1
44753,73.89341561,18.57607691,6,3,2,1,4,07:25,114,E08000010,6,0,6,30,3,4,6,0,0,0,4,1,1,0,0,1,2,E01006263,05-10-2018,2,2,2,2,22,5,3,0,0,1,0,-1,9,-1
44754,73.95526469,18.57932194,6,3,1,1,4,13:20,114,E08000010,6,0,9,30,3,4,6,0,0,0,1,1,1,0,0,1,2,E01006369,05-10-2018,2,1,1,1,67,10,3,0,0,0,0,-1,9,1
44755,73.8188534,18.62516702,6,3,2,1,5,14:55,114,E08000010,5,0,6,30,3,3,6,0,0,1,1,1,1,0,0,1,1,E01006352,06-10-2018,1,1,2,1,22,5,2,0,0,1,0,-1,9,-1
44756,73.92760334,18.54014406,6,3,2,1,7,11:25,114,E08000010,3,49,2,30,3,4,6,0,0,0,1,2,2,0,0,1,1,E01006349,08-10-2018,1,1,3,2,4,1,3,5,1,0,0,-1,0,-1
44757,73.84296731,18.55013131,6,3,1,2,6,08:45,114,E08000010,3,58,6,30,3,4,6,0,1,5,1,1,1,0,0,1,1,E01006223,07-10-2018,2,1,1,1,36,7,3,0,0,0,0,-1,5,1
44758,73.86704531,18.61936887,6,3,2,2,6,23:47,114,E08000010,3,577,6,30,6,4,6,0,0,0,4,1,1,0,0,1,1,E01006354,07-10-2018,1,1,1,1,32,6,3,0,0,0,0,-1,9,1
44759,73.92158528,18.53531136,6,3,2,1,7,14:30,114,E08000010,6,0,6,30,3,4,6,0,0,0,1,2,2,0,0,1,1,E01006305,08-10-2018,1,1,1,1,21,5,3,0,0,0,0,-1,1,1
44760,73.80001385,18.56745949,6,3,2,1,2,19:45,114,E08000010,5,0,1,30,1,4,6,0,0,0,4,1,1,0,0,1,1,E01006239,10-10-2018,1,1,2,1,76,11,3,0,0,2,0,-1,8,1
44761,73.74317932,18.64283123,6,3,1,1,2,15:10,114,E08000010,6,0,6,30,9,3,6,0,0,0,1,1,1,0,0,1,2,E01006336,10-10-2018,1,1,1,1,22,5,3,0,0,0,0,-1,5,1
44762,73.8576104,18.61015214,6,3,1,1,2,13:20,114,E08000010,4,5207,6,30,9,2,5,0,0,0,1,1,1,0,0,1,2,E01006348,10-10-2018,2,3,1,2,45,7,3,0,0,0,0,-1,9,1
44763,73.75786859,18.548629,6,3,2,1,2,13:47,114,E08000010,3,5209,6,30,0,-1,-1,0,0,0,1,1,1,0,0,2,1,E01006316,10-10-2018,5,1,1,2,61,9,3,0,0,0,0,-1,9,1
44764,73.75543919,18.59601438,6,3,2,1,3,20:00,114,E08000010,3,577,6,30,3,4,6,0,0,1,4,2,2,0,0,1,2,E01006276,11-10-2018,5,2,2,1,67,10,3,0,0,1,0,-1,9,-1
44765,73.90057193,18.5907952,6,3,2,2,4,12:30,114,E08000010,3,5082,6,30,3,4,6,0,0,0,1,2,2,0,0,1,1,E01006384,12-10-2018,1,1,3,1,31,6,3,4,1,0,0,-1,0,-1
44766,73.77155797,18.50447268,6,3,2,1,4,07:45,114,E08000010,6,0,6,30,3,4,6,0,0,0,1,1,2,0,0,2,2,E01006305,12-10-2018,1,2,2,1,17,4,3,0,0,2,0,-1,9,-1
44767,73.92701689,18.61261234,6,3,2,1,4,10:45,114,E08000010,5,0,6,30,6,4,6,0,0,0,1,1,2,0,0,1,2,E01006358,12-10-2018,2,1,1,1,38,7,3,0,0,0,0,-1,9,1
44768,73.95697609,18.62107261,6,3,2,1,5,07:05,114,E08000010,3,571,1,30,1,4,5,0,0,0,4,1,2,0,0,1,2,E01006355,13-10-2018,2,1,1,2,62,9,3,0,0,0,0,-1,9,-1
44769,73.86359278,18.5997141,6,3,1,1,5,09:20,114,E08000010,4,5215,6,30,0,-1,-1,0,0,0,1,1,1,0,0,1,1,E01006245,13-10-2018,1,1,3,2,7,2,3,5,1,0,0,-1,0,-1
44770,73.85799406,18.58325601,6,3,2,2,6,21:08,114,E08000010,3,573,9,30,3,4,6,0,0,0,1,1,1,0,0,1,1,E01006310,07-10-2018,1,1,1,1,21,5,2,0,0,0,0,-1,9,-1
44771,73.85152684,18.53482389,6,3,3,2,3,17:21,114,E08000010,3,580,3,70,0,-1,-1,0,0,0,1,8,2,0,0,2,1,E01006297,11-10-2018,1,1,1,1,22,5,3,0,0,0,0,-1,9,1
44772,73.78565323,18.5010252,6,3,1,1,3,15:25,114,E08000010,6,0,6,30,3,4,5,0,0,0,1,1,1,0,0,1,1,E01006358,11-10-2018,2,2,2,1,21,5,2,0,0,1,0,-1,9,-1
44773,73.86639401,18.62812077,6,3,2,1,5,15:38,114,E08000010,6,0,6,30,3,4,3,49,0,0,1,1,1,0,0,1,1,E01006268,13-10-2018,1,1,1,2,20,4,3,0,0,0,0,-1,9,1
44774,73.84930972,18.51111348,6,2,1,1,7,18:40,114,E08000010,4,5239,6,60,0,-1,-1,0,0,0,6,1,1,0,0,2,1,E01006231,15-10-2018,2,2,2,2,22,5,3,0,0,1,0,-1,9,1
44775,73.86039929,18.50704383,6,3,2,1,6,10:19,114,E08000010,3,572,6,30,8,4,6,0,0,0,1,1,1,0,0,1,1,E01006385,14-10-2018,1,1,1,1,79,11,3,0,0,0,0,-1,9,2
44776,73.81532247,18.62703968,6,3,1,1,1,13:00,114,E08000010,6,0,6,30,6,4,6,0,0,0,1,1,1,0,0,1,1,E01006257,16-10-2018,2,2,1,2,42,7,3,0,0,0,0,-1,9,1
44777,73.86600815,18.62177338,6,3,2,1,1,18:50,114,E08000010,3,579,6,40,3,2,6,0,0,0,4,1,1,0,0,1,1,E01006334,16-10-2018,1,1,2,1,31,6,3,0,0,2,0,-1,19,-1
44778,73.80661813,18.56691427,6,3,2,1,3,08:00,114,E08000010,6,0,6,30,6,4,6,0,0,0,1,1,1,0,0,1,1,E01006308,18-10-2018,1,1,1,2,19,4,3,0,0,0,0,-1,9,1
44779,73.89066058,18.5723698,6,3,2,1,3,09:55,114,E08000010,4,5237,6,30,0,-1,-1,0,0,0,1,1,1,0,0,2,2,E01006329,18-10-2018,1,1,1,1,30,6,3,0,0,0,0,-1,9,1
44780,73.88203032,18.53902438,6,3,1,1,4,15:15,114,E08000010,5,0,1,30,1,4,5,0,0,0,1,1,2,0,0,1,2,E01006255,19-10-2018,1,2,2,1,17,4,3,0,0,1,0,-1,9,1
44781,73.80887062,18.64587402,6,3,2,1,3,17:15,114,E08000010,6,0,6,30,0,-1,-1,0,0,4,1,1,1,0,0,1,2,E01006349,18-10-2018,1,1,3,1,2,1,3,5,4,0,0,-1,0,-1
44782,73.88283365,18.55772214,6,3,2,1,4,11:20,114,E08000010,4,5237,6,30,0,-1,-1,0,0,0,1,1,1,0,0,2,1,E01006322,19-10-2018,1,1,1,1,46,8,3,0,0,0,0,-1,9,1
44783,73.7691632,18.49952356,6,3,1,1,5,20:12,114,E08000010,3,571,6,30,3,4,6,0,0,0,4,1,1,0,0,1,1,E01006355,20-10-2018,1,2,2,1,45,7,3,0,0,1,0,-1,9,1
44784,73.8185001,18.63922496,6,3,2,1,5,10:45,114,E08000010,3,49,6,30,0,-1,-1,0,0,0,1,1,1,4,0,1,1,E01006404,20-10-2018,1,1,3,2,13,3,3,5,2,0,0,-1,0,-1
44785,73.86976942,18.59895866,6,3,2,2,5,21:30,114,E08000010,3,572,6,30,3,2,3,578,0,0,4,8,2,0,0,1,2,E01006326,20-10-2018,1,1,3,2,71,10,2,5,9,0,0,-1,0,-1
44786,73.7345426,18.5389863,6,3,2,1,5,08:45,114,E08000010,3,49,9,30,0,-1,-1,0,0,5,1,1,2,0,0,1,1,E01006349,20-10-2018,1,1,1,1,25,5,3,0,0,0,0,-1,9,1
44787,73.74234832,18.56817795,6,3,1,1,6,16:20,114,E08000010,5,0,6,30,9,4,6,0,0,0,1,2,2,6,0,1,1,E01006356,21-10-2018,2,2,1,1,65,9,2,0,0,0,0,-1,9,1
44788,73.81180481,18.56864849,6,3,2,1,6,12:20,114,E08000010,3,577,6,30,3,4,6,0,0,1,1,9,2,0,0,1,2,E01006351,21-10-2018,2,3,2,2,50,8,2,0,0,1,0,-1,9,1
44789,73.94850526,18.55557705,6,3,2,1,1,08:45,114,E08000010,3,58,3,30,9,4,5,0,0,0,1,2,2,0,0,1,1,E01006218,23-10-2018,1,1,3,2,12,3,3,1,1,0,0,-1,0,1
44790,73.75571362,18.60703853,6,2,1,1,1,02:23,114,E08000010,3,49,2,30,6,2,6,0,0,0,4,1,1,0,0,1,1,E01006369,23-10-2018,2,1,1,1,26,6,3,0,0,0,0,-1,9,1
44791,73.90496432,18.59154343,6,3,2,1,2,07:00,114,E08000010,4,5238,6,30,9,4,3,49,0,0,6,2,2,0,0,1,2,E01006409,24-10-2018,3,1,1,2,26,6,3,0,0,0,0,-1,9,1
44792,73.92125717,18.62508914,6,3,2,1,2,06:50,114,E08000010,5,0,6,30,9,4,6,0,0,0,4,2,2,0,0,1,1,E01006386,24-10-2018,1,1,1,2,83,11,3,0,0,0,0,-1,9,-1
44793,73.75555062,18.5003124,6,3,2,1,2,14:28,114,E08000010,3,579,6,30,6,2,5,0,0,0,1,1,2,0,0,1,1,E01006291,24-10-2018,1,1,2,2,20,4,3,0,0,2,0,-1,5,1
44794,73.92203755,18.51031904,6,3,2,1,2,14:10,114,E08000010,4,5375,6,30,3,4,6,0,0,0,1,2,2,0,0,1,1,E01006256,24-10-2018,1,1,1,1,50,8,3,0,0,0,0,-1,11,1
44795,73.8880273,18.56988617,6,3,2,2,2,12:45,114,E08000010,4,5375,6,30,3,4,4,5375,0,0,1,1,2,0,0,1,1,E01006259,24-10-2018,1,1,1,1,38,7,3,0,0,0,0,-1,9,1
44796,73.94779047,18.62561885,6,3,2,1,3,09:10,114,E08000010,3,572,6,30,3,4,6,0,0,0,1,2,2,0,0,1,1,E01006335,25-10-2018,2,1,1,1,38,7,3,0,0,0,0,-1,5,1
44797,73.82509502,18.54219471,6,3,1,1,3,12:50,114,E08000010,3,49,6,30,9,4,6,0,0,0,1,1,1,0,0,1,1,E01006233,25-10-2018,1,1,3,1,23,5,3,5,4,0,0,-1,0,1
44798,73.8354653,18.53475771,6,3,1,1,3,19:00,114,E08000010,3,571,6,30,0,-1,-1,0,0,0,4,2,2,0,0,1,1,E01006349,25-10-2018,1,1,2,1,30,6,3,0,0,1,0,-1,19,-1
44799,73.7707464,18.58782413,6,3,3,4,1,14:30,114,E08000010,3,49,6,30,6,4,5,0,0,0,1,1,1,0,0,1,2,E01006349,16-10-2018,1,1,1,1,17,4,2,0,0,0,0,-1,9,-1
44800,73.87969218,18.54934419,6,3,3,2,3,18:00,114,E08000010,6,0,2,30,3,4,3,572,0,4,4,2,2,0,0,1,1,E01006332,25-10-2018,2,1,1,1,46,8,3,0,0,0,0,-1,9,1
44801,73.76602307,18.60113471,6,3,2,1,3,16:45,114,E08000010,4,5238,6,30,3,4,6,0,0,0,4,2,2,0,0,1,1,E01006405,25-10-2018,2,1,1,1,28,6,3,0,0,0,0,-1,9,1
44802,73.81386144,18.52505518,6,2,1,1,4,18:13,114,E08000010,3,574,6,30,3,4,6,0,0,4,4,1,2,0,0,1,1,E01006247,26-10-2018,2,2,2,2,27,6,3,0,0,1,0,-1,9,1
44803,73.86242134,18.55790302,6,3,2,1,4,12:40,114,E08000010,3,577,6,30,3,4,6,0,0,0,1,2,2,0,0,1,1,E01006274,26-10-2018,2,3,2,1,3,1,3,0,0,2,0,-1,9,1
44804,73.95631064,18.53631521,6,3,2,1,5,22:45,114,E08000010,6,0,6,30,0,-1,-1,0,0,0,4,1,1,0,0,1,1,E01006238,27-10-2018,1,1,1,1,25,5,3,0,0,0,0,-1,9,1
44805,73.7602099,18.59514165,6,3,2,1,2,10:00,114,E08000010,4,5215,6,30,3,4,6,0,0,0,1,1,2,0,0,1,2,E01006245,24-10-2018,1,2,2,2,24,5,3,0,0,1,0,-1,9,-1
44806,73.94488907,18.58798021,6,2,2,1,6,20:21,114,E08000010,6,0,6,30,3,1,3,577,0,4,1,1,1,0,0,1,1,E01006276,28-10-2018,1,3,2,2,24,5,3,0,0,2,0,-1,9,1
44807,73.82334666,18.50725982,6,3,2,1,7,09:44,114,E08000010,3,572,6,30,3,4,6,0,0,0,1,1,1,0,0,1,1,E01006335,29-10-2018,1,4,2,2,23,5,3,0,0,2,0,-1,9,-1
44808,73.80066669,18.6433954,6,3,1,1,4,18:35,114,E08000010,3,571,6,30,3,4,6,0,0,0,4,1,2,0,0,1,1,E01006352,26-10-2018,2,1,1,2,23,5,3,0,0,0,0,-1,9,1
44809,73.81610131,18.51726089,6,3,2,1,1,11:39,114,E08000010,4,5375,6,30,3,4,6,0,0,0,1,2,2,0,0,1,1,E01006256,30-10-2018,2,2,2,2,24,5,3,0,0,1,0,-1,9,-1
44810,73.7611208,18.49946308,6,3,2,2,1,12:00,114,E08000010,3,577,6,30,3,4,6,0,0,0,1,1,2,0,0,1,1,E01006276,30-10-2018,2,3,2,2,24,5,3,0,0,2,0,-1,9,-1
44811,73.94535833,18.57159337,6,1,1,1,2,09:45,114,E08000010,5,0,6,30,3,4,6,0,0,0,1,1,1,0,0,1,1,E01006255,31-10-2018,1,1,1,2,57,9,3,0,0,0,0,-1,9,-1
44812,73.75521749,18.63558597,6,3,2,1,3,11:20,114,E08000010,3,577,6,30,3,4,6,0,0,1,1,1,1,0,0,1,1,E01006307,01-11-2018,2,2,1,1,63,9,3,0,0,0,0,-1,9,1
44813,73.84690669,18.49936777,6,3,2,1,6,17:50,114,E08000010,5,0,6,30,0,-1,-1,0,0,0,4,1,1,0,0,1,1,E01006227,28-10-2018,3,3,1,2,30,6,3,0,0,0,0,-1,9,1
44814,73.96197187,18.54809358,6,3,1,1,1,18:30,114,E08000010,4,5238,6,30,9,4,6,0,0,0,4,9,1,0,0,1,2,E01006387,30-10-2018,1,1,1,1,64,9,3,0,0,0,0,-1,9,1
44815,73.89994721,18.61825238,6,3,2,1,4,15:30,114,E08000010,4,5215,6,30,9,4,6,0,0,0,1,1,2,0,0,1,2,E01006334,02-11-2018,1,1,3,1,7,2,3,9,8,0,0,-1,0,-1
44816,73.92936499,18.52304326,6,3,2,1,5,13:30,114,E08000010,6,0,6,30,3,3,6,0,0,0,1,1,1,0,0,1,2,E01006383,20-10-2018,1,1,3,1,12,3,3,9,5,0,0,-1,0,1
44817,73.93944493,18.63309603,6,3,2,1,4,08:30,114,E08000010,3,58,6,30,3,2,4,5207,0,0,1,1,2,0,0,1,2,E01006221,02-11-2018,2,1,1,1,17,4,3,0,0,0,0,-1,2,-1
44818,73.91479535,18.57069429,6,3,2,1,3,16:35,114,E08000010,3,579,6,40,0,-1,-1,0,0,0,1,1,2,0,0,2,1,E01006328,01-11-2018,2,1,1,1,46,8,3,0,0,0,0,-1,9,-1
44819,73.83280148,18.62866517,6,3,2,1,5,06:50,114,E08000010,3,58,6,30,0,-1,-1,0,0,0,1,1,2,0,0,1,2,E01006273,03-11-2018,2,1,2,2,13,3,3,0,0,2,0,-1,9,1
44820,73.73898268,18.54340476,6,3,2,1,7,21:30,114,E08000010,3,577,6,30,0,-1,-1,0,0,0,4,2,2,0,2,1,1,E01006272,05-11-2018,1,1,1,1,22,5,3,0,0,0,0,-1,9,1
44821,73.91170189,18.64401924,6,3,1,1,1,23:45,114,E08000010,6,0,6,30,3,4,6,0,0,0,4,2,2,0,0,1,1,E01006407,06-11-2018,1,1,1,1,18,4,3,0,0,0,0,-1,2,1
44822,73.74226608,18.58020991,6,3,2,3,3,16:10,114,E08000010,4,5237,6,30,0,-1,-1,0,0,0,1,1,1,0,0,2,1,E01006213,01-11-2018,1,1,3,1,15,3,3,4,2,0,0,-1,0,-1
44823,73.88431701,18.60954763,6,3,4,2,7,11:00,114,E08000010,3,578,6,30,3,4,6,0,0,1,1,1,2,0,0,1,1,E01006323,05-11-2018,1,1,1,1,29,6,3,0,0,0,0,-1,19,1
44824,73.92784425,18.59523112,6,2,1,1,7,14:05,114,E08000010,5,0,6,30,3,4,6,0,0,4,1,1,2,0,0,1,1,E01006392,05-11-2018,2,2,1,1,28,6,3,0,0,0,0,-1,9,1
44825,73.85525722,18.48900953,6,2,1,2,3,12:22,114,E08000010,6,0,6,30,3,4,6,0,0,4,1,1,1,0,0,1,1,E01006369,01-11-2018,2,1,1,1,20,4,3,0,0,0,0,-1,9,1
44826,73.74205445,18.53848339,6,3,2,4,7,19:00,114,E08000010,3,579,3,30,7,2,5,0,0,5,4,1,2,0,0,1,2,E01006334,05-11-2018,1,1,3,1,19,4,2,5,9,0,0,-1,0,-1
44827,73.81279916,18.49027384,6,3,2,2,7,15:18,114,E08000010,6,0,6,30,6,4,6,0,0,0,1,2,2,0,0,1,1,E01006349,05-11-2018,1,1,3,2,61,9,3,5,9,0,0,-1,0,1
44828,73.8620075,18.58548249,6,3,2,2,7,16:01,114,E08000010,3,49,2,30,0,-1,-1,0,0,4,1,2,2,0,0,1,1,E01006349,05-11-2018,1,1,2,1,30,6,3,0,0,0,4,-1,11,1
44829,73.77873771,18.56393499,6,3,2,1,2,10:00,114,E08000010,3,579,3,30,6,2,4,5235,0,0,1,1,1,0,0,2,1,E01006243,07-11-2018,1,2,1,1,29,6,3,0,0,0,0,-1,11,1
44830,73.90470867,18.53605712,6,3,1,1,2,08:20,114,E08000010,6,0,6,30,0,-1,-1,0,0,0,1,1,2,0,0,1,1,E01006408,07-11-2018,1,1,1,1,37,7,3,0,0,0,0,-1,9,1
44831,73.86638335,18.49578723,6,3,2,1,3,18:00,114,E08000010,3,49,6,30,9,4,6,0,0,0,4,1,1,0,0,1,2,E01006225,08-11-2018,1,2,2,2,30,6,3,0,0,1,0,-1,9,1
44832,73.93535857,18.48967522,6,3,2,1,2,17:05,114,E08000010,3,577,6,30,9,4,6,0,0,0,4,2,2,0,0,1,1,E01006308,07-11-2018,1,3,2,1,21,5,3,0,0,2,0,-1,9,1
44833,73.85050051,18.58550075,6,3,2,1,4,15:00,114,E08000010,6,0,1,30,1,4,6,0,0,0,1,2,2,0,0,1,2,E01006289,02-11-2018,1,4,2,2,15,3,3,0,0,2,0,-1,9,1
44834,73.90307445,18.57381921,6,3,1,1,1,21:05,114,E08000010,5,0,6,30,3,2,5,0,0,1,4,2,2,0,0,1,1,E01006369,06-11-2018,1,1,3,1,23,5,3,5,1,0,0,-1,0,-1
44835,73.96054421,18.56216298,6,3,3,1,3,13:05,114,E08000010,3,580,3,30,0,-1,-1,0,0,0,1,2,2,0,0,2,1,E01006348,08-11-2018,1,1,1,1,41,7,3,0,0,0,0,-1,9,1
44836,73.868376,18.64641222,6,3,1,1,7,00:30,114,E08000010,3,577,2,30,3,4,6,0,0,0,4,2,2,0,0,1,2,E01006295,05-11-2018,1,1,3,2,15,3,3,5,2,0,0,-1,0,1
44837,73.87210146,18.51711516,6,3,1,1,4,13:45,114,E08000010,5,0,2,30,3,4,5,0,0,0,1,1,1,0,0,1,2,E01006369,09-11-2018,1,2,3,2,15,3,3,5,2,0,0,-1,0,1
44838,73.7937754,18.61648813,6,3,2,1,5,09:25,114,E08000010,4,5238,6,30,0,-1,-1,0,0,0,1,2,2,0,0,2,1,E01006388,10-11-2018,1,1,1,2,21,5,3,0,0,0,0,-1,9,1
44839,73.77398807,18.57990704,6,3,4,1,4,17:50,114,E08000010,4,5215,6,30,0,-1,-1,0,0,0,4,1,1,0,0,1,1,E01006245,09-11-2018,1,1,1,1,16,4,3,0,0,0,0,-1,1,1
44840,73.77204779,18.54207991,6,3,2,1,3,22:30,114,E08000010,4,5215,6,30,6,2,6,0,0,0,4,2,1,0,0,1,1,E01006333,08-11-2018,2,1,1,2,90,11,3,0,0,0,0,-1,90,-1
44841,73.82966203,18.50166943,6,3,1,1,5,18:32,114,E08000010,3,577,6,30,9,4,6,0,0,5,4,2,2,0,0,1,1,E01006293,10-11-2018,1,1,1,1,36,7,3,0,0,0,0,-1,4,1
44842,73.75893716,18.49735378,6,3,2,1,3,07:40,114,E08000010,3,572,6,30,0,-1,-1,0,0,0,1,2,2,0,0,1,1,E01006347,08-11-2018,2,1,1,1,38,7,3,0,0,0,0,-1,9,1
44843,73.75376619,18.55158018,6,3,2,1,6,08:30,114,E08000010,5,0,6,30,0,-1,-1,0,0,0,1,1,2,0,0,2,1,E01006303,11-11-2018,1,1,3,1,8,2,3,9,8,0,0,-1,0,-1
44844,73.80483534,18.50554859,6,3,2,1,6,07:21,114,E08000010,3,58,6,30,0,-1,-1,0,0,0,1,8,2,0,0,1,1,E01006220,11-11-2018,1,1,1,2,65,9,3,0,0,0,0,-1,9,1
44845,73.91469181,18.56659767,6,1,2,2,6,23:55,114,E08000010,3,579,9,50,0,-1,-1,0,0,0,7,9,1,0,0,2,1,E01006299,11-11-2018,1,2,2,2,32,6,3,0,0,2,0,-1,9,1
44846,73.76461158,18.56203154,6,3,1,1,7,00:21,114,E08000010,3,577,6,30,9,4,3,58,0,0,4,1,1,0,0,1,2,E01006269,12-11-2018,2,1,1,2,24,5,3,0,0,0,0,-1,9,1
44847,73.92138728,18.62939906,6,3,3,1,7,12:45,114,E08000010,3,573,6,30,3,4,6,0,0,0,1,1,2,6,0,1,1,E01006310,12-11-2018,1,1,1,2,70,10,3,0,0,0,0,-1,9,1
44848,73.91749131,18.57132674,6,3,2,1,4,09:25,114,E08000010,3,577,6,30,0,-1,-1,0,0,1,1,1,1,0,0,1,1,E01006307,09-11-2018,2,2,1,2,51,8,3,0,0,0,0,-1,9,1
44849,73.75578966,18.61888992,6,3,2,1,5,08:57,114,E08000010,6,0,6,30,9,4,6,0,0,0,1,8,2,0,0,1,2,E01006285,10-11-2018,1,1,2,2,52,8,3,0,0,1,0,-1,9,-1
44850,73.86283844,18.56428107,6,3,1,1,6,20:30,114,E08000010,3,577,6,30,0,-1,-1,0,0,0,4,1,2,0,0,1,1,E01006359,11-11-2018,2,1,2,1,14,3,3,0,0,1,0,-1,9,1
44851,73.83964537,18.62221573,6,3,1,2,7,13:30,114,E08000010,3,572,6,30,3,4,6,0,0,0,1,1,1,0,0,1,1,E01006249,12-11-2018,1,1,1,1,19,4,2,0,0,0,0,-1,9,-1
44852,73.89214504,18.61286842,6,3,1,1,7,14:45,114,E08000010,5,0,9,30,6,2,5,0,0,0,1,9,2,0,0,1,2,E01006369,12-11-2018,1,1,3,2,13,3,3,5,4,0,0,-1,0,1
44853,73.92850856,18.63645836,6,3,2,1,1,12:35,114,E08000010,4,5215,6,30,6,2,5,0,0,0,1,1,1,0,0,1,1,E01006338,13-11-2018,1,6,2,1,34,6,3,0,0,2,0,-1,9,-1
44854,73.74174529,18.51925107,6,3,2,1,2,14:30,114,E08000010,5,0,9,30,9,4,6,0,0,0,1,9,1,0,0,1,2,E01006371,14-11-2018,2,1,2,2,16,4,1,0,0,2,0,-1,9,-1
44855,73.88904034,18.61082792,6,3,2,1,2,21:40,114,E08000010,6,0,1,30,1,4,6,0,0,0,4,1,2,0,0,1,2,E01006357,14-11-2018,2,2,2,2,16,4,3,0,0,2,0,-1,9,1
44856,73.90691365,18.52098446,6,3,2,2,1,09:41,114,E08000010,3,580,3,70,0,-1,-1,0,0,0,1,1,1,0,0,2,1,E01006251,13-11-2018,2,3,1,1,18,4,3,0,0,0,0,-1,9,1
44857,73.92412834,18.56921107,6,3,2,1,3,09:50,114,E08000010,4,5237,6,30,9,4,6,0,0,0,1,1,2,0,0,1,2,E01006214,15-11-2018,2,4,2,1,18,4,3,0,0,2,0,-1,9,1