Accident_Index,longitude,latitude,Police_Force,Accident_Severity,Number_of_Vehicles,Number_of_Casualties,Day_of_Week,Time,Local_Authority_(District),Local_Authority_(Highway),1st_Road_Class,1st_Road_Number,Road_Type,Speed_limit,Junction_Detail,Junction_Control,2nd_Road_Class,2nd_Road_Number,Pedestrian_Crossing-Human_Control,Pedestrian_Crossing-Physical_Facilities,Light_Conditions,Weather_Conditions,Road_Surface_Conditions,Special_Conditions_at_Site,Carriageway_Hazards,Urban_or_Rural_Area,Did_Police_Officer_Attend_Scene_of_Accident,LSOA_of_Accident_Location,Date,Vehicle_Reference,Casualty_Reference,Casualty_Class,Sex_of_Casualty,Age_of_Casualty,Age_Band_of_Casualty,Casualty_Severity,Pedestrian_Location,Pedestrian_Movement,Car_Passenger,Bus_or_Coach_Passenger,Pedestrian_Road_Maintenance_Worker,Casualty_Type,Casualty_Home_Area_Type
44978,73.82205539,18.57803177,6,3,3,2,1,21:50,114,E08000010,4,5238,6,30,9,4,6,0,0,4,4,1,1,0,0,1,1,E01006387,02-01-2018,1,1,3,2,25,5,3,6,5,0,0,-1,0,1
44979,73.74568602,18.58748575,6,3,2,1,5,06:25,114,E08000010,6,0,6,30,3,4,6,0,0,0,4,1,2,0,0,1,2,E01006403,06-01-2018,1,1,1,2,53,8,3,0,0,0,0,-1,9,1
44980,73.78056228,18.55726998,6,3,1,2,3,02:35,114,E08000010,5,0,6,30,9,4,6,0,0,0,4,1,1,0,0,1,1,E01006369,04-01-2018,2,1,1,1,32,6,3,0,0,0,0,-1,9,1
44981,73.82487784,18.52312735,6,3,2,1,3,09:02,114,E08000010,5,0,1,30,2,4,6,0,0,0,1,5,2,0,0,1,1,E01006392,04-01-2018,1,1,2,1,15,3,3,0,0,1,0,-1,9,1
44982,73.93420243,18.54554564,6,3,2,3,7,12:40,114,E08000010,5,0,9,30,0,-1,6,0,0,0,1,4,2,0,0,1,2,E01006282,08-01-2018,2,1,1,1,50,8,3,0,0,0,0,-1,1,1
44983,73.89329301,18.57313407,6,3,1,1,5,14:35,114,E08000010,5,0,6,30,3,4,5,0,0,0,1,1,2,0,0,1,2,E01006369,06-01-2018,1,1,1,2,27,6,3,0,0,0,0,-1,9,2
44984,73.88689469,18.50207206,6,3,2,1,1,20:20,114,E08000010,3,579,3,30,3,2,5,0,0,5,4,8,2,0,0,1,1,E01006291,09-01-2018,2,1,1,2,31,6,3,0,0,0,0,-1,9,-1
44985,73.87275894,18.57575479,6,3,3,1,1,14:55,114,E08000010,3,49,3,30,0,-1,-1,0,0,0,1,1,1,0,0,1,1,E01006409,09-01-2018,1,1,2,2,38,7,3,0,0,1,0,-1,9,1
44986,73.93798263,18.64407075,6,3,2,1,2,12:50,114,E08000010,3,573,6,30,3,4,6,0,0,0,1,1,1,0,0,1,1,E01006218,10-01-2018,1,2,2,2,17,4,3,0,0,2,0,-1,9,1
44987,73.93975935,18.60849817,6,3,2,1,2,17:50,114,E08000010,6,0,6,30,0,-1,-1,0,0,0,4,1,1,0,0,2,1,E01006285,10-01-2018,1,1,3,2,44,7,3,5,1,0,0,-1,0,1
44988,73.92897283,18.52001789,6,3,2,1,4,13:34,114,E08000010,5,0,6,30,6,2,6,0,0,0,1,1,1,0,0,1,2,E01006260,05-01-2018,2,1,2,1,1,1,3,0,0,1,0,-1,9,-1
44989,73.80889073,18.48913985,6,3,3,2,4,18:15,114,E08000010,3,578,6,30,1,4,3,579,0,0,4,1,2,0,0,1,1,E01006326,05-01-2018,2,2,2,1,2,1,3,0,0,2,0,-1,9,-1
44990,73.80872554,18.49796234,6,2,1,1,5,15:20,114,E08000010,6,0,6,30,0,-1,-1,0,0,0,1,1,1,0,0,1,2,E01006307,06-01-2018,2,1,1,2,22,5,3,0,0,0,0,-1,9,1
44991,73.88461356,18.49071091,6,3,2,1,6,20:20,114,E08000010,4,5375,3,30,5,2,6,0,0,5,4,1,1,0,0,1,1,E01006370,07-01-2018,1,2,2,2,78,11,3,0,0,2,0,-1,9,-1
44992,73.94757857,18.54145882,6,3,2,2,6,18:20,114,E08000010,4,5215,6,30,3,4,6,0,0,0,4,1,2,0,0,1,1,E01006337,07-01-2018,2,1,2,2,9,2,3,0,0,2,0,-1,9,1
44993,73.81307078,18.50032736,6,3,1,1,7,11:42,114,E08000010,3,577,6,30,3,4,6,0,0,4,1,4,1,0,0,1,1,E01006278,08-01-2018,1,1,1,1,42,7,3,0,0,0,0,-1,19,1
44994,73.89145311,18.59787843,6,3,2,1,7,17:15,114,E08000010,5,0,6,30,3,4,6,0,0,0,4,1,2,0,0,1,1,E01006332,08-01-2018,1,1,1,2,34,6,3,0,0,0,0,-1,9,1
44995,73.95669553,18.53609298,6,3,1,1,4,12:15,114,E08000010,4,5375,2,30,0,-1,-1,0,0,4,1,1,1,0,0,1,1,E01006369,05-01-2018,1,1,1,1,30,6,1,0,0,0,0,-1,9,-1
44996,73.88912173,18.54070984,6,3,2,3,7,04:15,114,E08000010,5,0,6,30,3,4,6,0,0,0,4,5,2,0,0,1,1,E01006369,08-01-2018,1,1,1,2,85,11,3,0,0,0,0,-1,9,1
44997,73.93460524,18.6001114,6,3,2,1,5,10:45,114,E08000010,3,49,6,30,3,4,6,0,0,0,1,4,1,0,0,1,2,E01006349,13-01-2018,2,1,1,2,78,11,3,0,0,0,0,-1,9,1
44998,73.87849404,18.5195552,6,3,2,2,6,19:00,114,E08000010,3,578,6,30,6,2,3,572,0,5,4,1,1,0,0,1,1,E01006328,14-01-2018,2,1,1,1,17,4,2,0,0,0,0,-1,1,1
44999,73.82915124,18.52735073,6,3,1,1,6,15:30,114,E08000010,3,577,6,30,3,4,6,0,0,0,1,1,1,0,0,1,2,E01006308,14-01-2018,1,1,2,2,0,1,3,0,0,2,0,-1,9,1
45000,73.92743303,18.62142981,6,3,2,2,1,14:30,114,E08000010,3,577,6,30,3,4,6,0,0,0,1,1,1,0,0,1,2,E01006272,16-01-2018,1,1,1,1,34,6,3,0,0,0,0,-1,9,1
45001,73.93233026,18.61902845,6,3,2,1,1,20:40,114,E08000010,6,0,6,30,3,4,6,0,0,0,4,1,1,0,0,1,2,E01006384,16-01-2018,2,1,1,2,41,7,3,0,0,0,0,-1,9,1
45002,73.9563453,18.56990091,6,3,2,1,2,08:10,114,E08000010,3,580,3,60,1,4,3,574,0,0,1,2,2,0,0,2,2,E01006247,17-01-2018,2,2,2,1,8,2,3,0,0,2,0,-1,9,-1
45003,73.94470305,18.49014331,6,3,1,1,5,15:35,114,E08000010,6,0,6,30,0,-1,-1,0,0,0,1,1,1,0,0,1,2,E01006352,13-01-2018,2,3,2,2,2,1,3,0,0,2,0,-1,9,-1
45004,73.82289651,18.62447759,6,3,2,1,3,06:45,114,E08000010,3,5082,6,40,1,4,3,577,0,0,4,3,2,0,0,1,2,E01006378,18-01-2018,1,1,1,1,30,6,3,0,0,0,0,-1,9,1
45005,73.90332174,18.57641038,6,3,2,2,3,15:30,114,E08000010,3,573,6,30,6,4,3,577,0,0,1,1,2,0,0,1,2,E01006310,18-01-2018,2,2,1,1,48,8,3,0,0,0,0,-1,90,-1
45006,73.81880281,18.61212076,6,3,3,1,4,11:20,114,E08000010,6,0,6,30,0,-1,-1,0,0,0,1,1,1,0,0,1,1,E01006362,19-01-2018,1,1,2,1,23,5,3,0,0,2,0,-1,9,1
45007,73.93453136,18.59240344,6,3,2,1,4,12:15,114,E08000010,6,0,6,30,3,2,6,0,0,0,1,5,2,4,0,1,2,E01006291,19-01-2018,1,1,1,1,18,4,3,0,0,0,0,-1,4,1
45008,73.85553783,18.5615284,6,3,1,2,3,16:20,114,E08000010,3,49,3,30,6,2,3,573,0,5,1,1,2,0,0,1,1,E01006369,11-01-2018,1,1,3,1,31,6,3,6,9,0,0,-1,0,1
45009,73.73397544,18.53177126,6,2,1,1,3,18:35,114,E08000010,6,0,6,30,0,-1,-1,0,0,0,4,1,1,0,0,1,2,E01006403,11-01-2018,1,1,1,1,31,6,3,0,0,0,0,-1,9,1
45010,73.94397792,18.54931728,6,3,1,1,4,08:30,114,E08000010,3,49,6,30,0,-1,-1,0,0,4,1,1,1,0,0,1,1,E01006225,12-01-2018,1,2,3,1,11,3,3,5,1,0,0,-1,0,-1
45011,73.92893634,18.5346652,6,3,2,1,6,04:41,114,E08000010,3,578,6,30,3,4,6,0,0,0,4,1,1,0,0,1,1,E01006322,14-01-2018,1,2,1,1,84,11,3,0,0,0,0,-1,9,1
45012,73.94818297,18.51866337,6,3,2,1,7,13:37,114,E08000010,6,0,6,30,3,4,6,0,0,0,1,2,2,0,0,1,2,E01006324,15-01-2018,2,1,1,2,30,6,3,0,0,0,0,-1,9,1
45013,73.86055786,18.51547069,6,3,3,2,7,13:45,114,E08000010,6,0,6,30,0,-1,-1,0,0,0,1,1,1,0,0,1,1,E01006254,15-01-2018,1,1,3,2,14,3,3,7,3,0,0,-1,0,1
45014,73.94903107,18.5807722,6,3,2,3,1,22:52,114,E08000010,3,577,6,30,3,2,6,0,0,0,4,1,1,0,0,2,1,E01006308,16-01-2018,2,1,1,1,11,3,3,0,0,0,0,-1,1,1
45015,73.83477518,18.51747428,6,3,3,2,5,16:48,114,E08000010,3,571,6,30,3,4,5,0,0,0,4,2,2,0,0,2,1,E01006368,20-01-2018,1,1,1,1,43,7,3,0,0,0,0,-1,9,-1
45016,73.82160224,18.60532944,6,3,1,2,3,17:48,114,E08000010,3,577,6,30,3,4,6,0,0,0,4,5,2,0,0,1,1,E01006379,18-01-2018,1,1,2,2,59,9,3,0,0,1,0,-1,9,1
45017,73.75359322,18.54345875,6,2,2,2,4,11:25,114,E08000010,4,5239,6,60,3,4,4,5239,0,0,1,1,2,0,0,2,1,E01006231,19-01-2018,2,1,1,2,27,6,3,0,0,0,0,-1,9,1
45018,73.76187254,18.53469888,6,3,2,2,6,17:40,114,E08000010,4,5206,6,30,0,-1,-1,0,0,0,4,1,2,0,0,2,2,E01006314,21-01-2018,2,2,2,2,25,5,3,0,0,1,0,-1,9,-1
45019,73.87276871,18.49596142,6,2,1,1,7,15:35,114,E08000010,6,0,6,30,0,-1,-1,0,0,4,1,1,2,0,0,1,1,E01006352,22-01-2018,1,1,1,2,18,4,3,0,0,0,0,-1,9,1
45020,73.760285,18.55399943,6,3,2,1,7,10:00,114,E08000010,3,577,6,30,3,4,6,0,0,0,1,1,1,0,0,1,2,E01006244,22-01-2018,2,2,1,2,67,10,3,0,0,0,0,-1,9,1
45021,73.91846808,18.59393975,6,3,2,1,7,16:40,114,E08000010,4,5207,6,40,3,4,6,0,0,0,4,1,2,0,0,2,1,E01006228,22-01-2018,2,1,1,1,12,3,3,0,0,0,0,-1,1,1
45022,73.86836181,18.61477373,6,3,2,2,1,18:20,114,E08000010,4,5222,6,30,6,4,6,0,0,0,4,1,2,0,0,1,1,E01006272,23-01-2018,1,1,1,1,44,7,3,0,0,0,0,-1,9,-1
45023,73.83803532,18.54792356,6,3,1,1,1,19:30,114,E08000010,3,577,6,30,3,4,6,0,0,4,4,1,1,0,0,1,1,E01006358,23-01-2018,2,2,1,2,41,7,3,0,0,0,0,-1,9,1
45024,73.79445537,18.61956274,6,3,2,1,2,08:55,114,E08000010,3,573,2,30,3,4,6,0,0,0,1,1,1,0,0,1,2,E01006310,24-01-2018,2,3,2,1,14,3,3,0,0,1,0,-1,9,1
45025,73.93534737,18.60519115,6,3,3,1,2,19:20,114,E08000010,6,0,6,30,0,-1,-1,0,0,0,4,1,4,0,0,2,1,E01006269,24-01-2018,1,1,3,2,17,4,3,1,1,0,0,-1,0,1
45026,73.76589536,18.51572687,6,3,1,1,3,17:18,114,E08000010,3,578,6,30,5,4,6,0,0,0,1,1,1,0,0,1,1,E01006328,25-01-2018,2,2,2,2,14,3,3,0,0,1,0,-1,9,1
45027,73.78518245,18.58153948,6,3,1,1,2,19:10,114,E08000010,3,49,3,30,9,4,6,0,0,0,4,1,1,0,0,1,1,E01006370,24-01-2018,2,3,2,2,12,3,3,0,0,1,0,-1,9,1
45028,73.7719507,18.62596351,6,3,2,1,4,12:15,114,E08000010,3,5209,6,30,3,4,5,0,0,0,1,1,1,0,0,2,2,E01006320,26-01-2018,2,4,2,1,6,2,3,0,0,2,0,-1,9,1
45029,73.8840814,18.63915854,6,3,2,1,4,11:40,114,E08000010,3,49,3,30,0,-1,5,0,0,0,1,1,1,0,0,1,2,E01006349,26-01-2018,2,5,2,1,6,2,3,0,0,2,0,-1,9,1
45030,73.91704554,18.60070771,6,3,2,1,4,08:40,114,E08000010,3,49,3,40,7,2,6,0,0,5,1,1,2,0,0,1,2,E01006409,26-01-2018,1,1,1,1,44,7,3,0,0,0,0,-1,9,1
45031,73.80635976,18.55061893,6,3,2,1,5,10:10,114,E08000010,4,5375,6,30,6,2,5,0,0,4,1,1,1,0,0,1,2,E01006369,27-01-2018,1,1,1,1,17,4,3,0,0,0,0,-1,9,1
45032,73.79251443,18.5116063,6,3,2,1,4,17:15,114,E08000010,6,0,6,30,3,4,6,0,0,0,4,1,1,0,0,1,2,E01006254,26-01-2018,2,2,1,1,29,6,3,0,0,0,0,-1,9,1
45033,73.80107127,18.54942508,6,3,1,1,5,17:15,114,E08000010,6,0,6,30,3,4,6,0,0,0,7,1,1,0,0,1,2,E01006407,27-01-2018,1,1,1,1,44,7,3,0,0,0,0,-1,9,1
45034,73.89764897,18.61156933,6,3,2,1,6,10:55,114,E08000010,5,0,6,30,3,4,6,0,0,0,1,1,1,0,0,1,2,E01006333,28-01-2018,2,2,1,2,52,8,3,0,0,0,0,-1,9,1
45035,73.90519188,18.57060688,6,3,2,1,1,09:35,114,E08000010,3,577,6,30,6,2,5,0,0,0,1,2,2,0,0,1,2,E01006358,30-01-2018,2,3,2,2,24,5,3,0,0,1,0,-1,9,1
45036,73.73761412,18.63859416,6,3,2,1,2,18:30,114,E08000010,3,58,6,30,6,2,3,577,0,0,4,1,1,0,0,1,2,E01006269,31-01-2018,2,1,1,1,55,8,3,0,0,0,0,-1,3,1
45037,73.85512056,18.49469577,6,3,1,1,3,17:10,114,E08000010,4,5375,3,30,6,2,6,0,0,5,4,1,1,0,0,1,2,E01006370,25-01-2018,1,1,1,2,61,9,3,0,0,0,0,-1,9,1
45038,73.746152,18.55271256,6,3,2,1,3,18:25,114,E08000010,5,0,6,30,3,4,6,0,0,0,4,1,1,0,0,1,2,E01006275,01-02-2018,1,3,2,2,64,9,3,0,0,1,0,-1,9,-1
45039,73.86301344,18.48957334,6,3,1,1,3,21:15,114,E08000010,6,0,9,30,0,-1,6,0,0,0,4,1,1,0,0,1,1,E01006306,01-02-2018,2,2,2,2,37,7,3,0,0,1,0,-1,9,-1
45040,73.83880854,18.55833201,6,3,1,1,4,08:45,114,E08000010,6,0,1,30,1,4,6,0,0,0,1,1,2,0,0,1,2,E01006270,02-02-2018,1,1,1,2,23,5,3,0,0,0,0,-1,9,1
45041,73.86040115,18.53109054,6,3,2,1,3,08:55,114,E08000010,3,579,6,30,3,4,5,0,0,0,1,1,1,0,0,1,2,E01006291,01-02-2018,2,1,2,1,16,4,3,0,0,1,0,-1,9,-1
45042,73.74263162,18.57103936,6,3,2,1,6,21:00,114,E08000010,3,572,6,30,3,2,3,572,0,0,4,1,1,0,0,1,1,E01006335,28-01-2018,2,2,2,1,16,4,3,0,0,2,0,-1,9,-1
45043,73.85273622,18.61393286,6,3,1,1,2,10:15,114,E08000010,3,577,2,30,3,4,6,0,0,0,1,1,2,0,0,1,1,E01006294,31-01-2018,2,3,1,1,30,6,3,0,0,0,0,-1,9,-1
45044,73.89769465,18.59001736,6,3,2,1,6,10:20,114,E08000010,3,49,6,30,0,-1,-1,0,0,0,1,1,2,0,0,1,2,E01006315,28-01-2018,2,1,1,1,29,6,3,0,0,0,0,-1,9,-1
45045,73.88138064,18.56334242,6,3,1,1,7,19:12,114,E08000010,3,572,6,30,3,4,6,0,0,0,4,1,1,0,0,1,1,E01006298,29-01-2018,2,2,2,2,35,6,3,0,0,1,0,-1,9,-1
45046,73.80803509,18.57055015,6,3,2,2,2,16:45,114,E08000010,3,577,6,30,3,4,6,0,0,1,1,1,2,0,0,1,1,E01006349,31-01-2018,2,3,2,1,34,6,3,0,0,2,0,-1,9,-1
45047,73.9371076,18.57515269,6,3,1,1,2,17:45,114,E08000010,3,577,6,30,3,4,6,0,0,0,4,1,2,0,0,1,1,E01006362,31-01-2018,2,4,2,1,52,8,3,0,0,2,0,-1,9,-1
45048,73.88629923,18.55088036,6,3,2,2,3,02:40,114,E08000010,3,577,6,30,3,4,6,0,0,0,4,1,1,0,0,1,1,E01006277,08-02-2018,1,1,1,1,37,7,3,0,0,0,0,-1,9,1
45049,73.9175829,18.54024293,6,3,2,1,2,10:30,114,E08000010,5,0,2,30,3,2,5,0,0,0,1,1,1,0,0,1,2,E01006369,07-02-2018,2,1,1,1,32,6,3,0,0,0,0,-1,9,1
45050,73.81316718,18.60210152,6,3,2,1,2,05:45,114,E08000010,6,0,1,30,1,4,6,0,0,0,4,1,2,0,0,1,2,E01006270,07-02-2018,1,1,1,1,43,7,3,0,0,0,0,-1,9,1
45051,73.75997212,18.51960905,6,3,2,1,2,13:45,114,E08000010,5,0,6,30,3,4,6,0,0,0,1,1,1,0,0,1,2,E01006364,07-02-2018,1,1,3,2,15,3,3,5,1,0,0,-1,0,1
45052,73.93949231,18.53438047,6,3,1,1,4,15:45,114,E08000010,3,58,6,30,3,4,6,0,1,0,1,1,1,0,0,1,2,E01006265,26-01-2018,1,1,1,1,25,5,3,0,0,0,0,-1,9,1
45053,73.91072708,18.60134907,6,2,2,1,2,07:10,114,E08000010,3,579,6,50,0,-1,-1,0,0,0,1,1,2,0,0,2,2,E01006243,07-02-2018,1,2,2,1,22,5,3,0,0,1,0,-1,9,1
45054,73.83485944,18.50713594,6,3,1,1,2,23:30,114,E08000010,3,573,6,30,0,-1,-1,0,0,0,4,1,2,0,0,2,1,E01006214,31-01-2018,1,3,2,2,22,5,3,0,0,2,0,-1,9,-1
45055,73.93060408,18.60993287,6,3,2,2,2,19:35,114,E08000010,3,49,2,30,3,4,6,0,0,5,4,1,2,0,0,1,1,E01006349,31-01-2018,2,1,1,1,46,8,3,0,0,0,0,-1,9,1
45056,73.94077372,18.49549095,6,3,1,2,3,08:00,114,E08000010,3,49,6,30,3,4,6,0,0,0,1,1,1,0,0,1,1,E01006225,01-02-2018,3,2,1,2,57,9,3,0,0,0,0,-1,9,1
45057,73.95159277,18.60124727,6,3,1,1,3,18:20,114,E08000010,3,58,6,30,0,-1,-1,0,0,0,4,1,2,0,0,1,2,E01006215,01-02-2018,1,1,1,2,29,6,3,0,0,0,0,-1,9,1
45058,73.84563212,18.52341584,6,3,2,1,4,08:30,114,E08000010,6,0,6,30,3,4,6,0,0,0,1,1,2,0,0,1,2,E01006254,02-02-2018,2,1,1,2,49,8,3,0,0,0,0,-1,9,1
45059,73.90200592,18.5035976,6,3,1,1,4,13:40,114,E08000010,4,5215,6,30,3,4,6,0,0,0,1,1,1,0,0,1,1,E01006334,02-02-2018,2,2,2,1,52,8,3,0,0,1,0,-1,9,1
45060,73.87941235,18.49554598,6,3,2,1,5,14:20,114,E08000010,3,49,6,30,7,4,3,49,0,0,1,1,2,0,0,1,1,E01006349,03-02-2018,2,3,2,1,25,5,3,0,0,2,0,-1,9,1
45061,73.90257556,18.56880339,6,3,2,1,5,01:25,114,E08000010,3,577,6,30,0,-1,-1,0,0,0,4,1,2,0,0,1,1,E01006379,03-02-2018,1,1,1,2,65,9,3,0,0,0,0,-1,9,1
45062,73.83558986,18.53950019,6,3,2,1,5,07:10,114,E08000010,3,578,6,30,6,2,3,572,0,4,4,2,2,0,0,1,1,E01006333,03-02-2018,1,1,1,1,80,11,3,0,0,0,0,-1,9,1
45063,73.75628735,18.62027868,6,3,2,1,5,08:40,114,E08000010,4,5206,6,30,3,4,6,0,0,0,1,2,2,0,0,1,1,E01006362,03-02-2018,2,2,1,1,44,7,3,0,0,0,0,-1,1,1
45064,73.88868133,18.57120419,6,3,2,3,7,17:35,114,E08000010,3,577,6,30,3,4,6,0,0,4,4,1,2,0,0,1,1,E01006359,05-02-2018,2,1,2,2,14,3,3,0,0,1,0,-1,9,-1
45065,73.75159256,18.58410397,6,3,1,1,6,17:30,114,E08000010,3,580,3,70,0,-1,-1,0,0,0,6,1,1,0,0,2,2,E01006301,04-02-2018,2,2,1,2,35,6,3,0,0,0,0,-1,9,-1
45066,73.74000921,18.62303153,6,2,3,2,6,22:40,114,E08000010,3,578,6,30,0,-1,-1,0,0,0,4,1,1,0,0,1,1,E01006322,04-02-2018,2,1,2,2,39,7,3,0,0,1,0,-1,9,1
45067,73.9113366,18.63687081,6,3,1,1,2,23:09,114,E08000010,3,578,6,30,3,4,4,5237,0,0,4,1,2,0,0,1,1,E01006322,07-02-2018,1,1,1,1,26,6,1,0,0,0,0,-1,9,-1
45068,73.87773018,18.60787577,6,3,2,1,4,18:20,114,E08000010,3,58,6,30,3,2,4,5207,0,0,4,2,2,0,0,1,2,E01006221,09-02-2018,1,1,3,2,22,5,3,4,2,0,0,-1,0,1
45069,73.89227838,18.5593878,6,3,2,1,5,08:50,114,E08000010,6,0,6,30,5,4,6,0,0,0,1,1,2,0,0,1,2,E01006288,10-02-2018,1,1,1,2,33,6,3,0,0,0,0,-1,9,1
45070,73.79840508,18.52817442,6,3,2,1,6,12:37,114,E08000010,6,0,6,30,3,4,6,0,0,0,1,1,1,0,0,1,2,E01006275,11-02-2018,1,1,1,1,23,5,3,0,0,0,0,-1,2,1
45071,73.92982881,18.59828176,6,3,1,1,6,11:10,114,E08000010,6,0,3,30,6,2,4,5375,0,4,1,1,1,0,0,1,1,E01006369,11-02-2018,1,1,3,1,52,8,3,9,5,0,0,-1,0,1
45072,73.91119955,18.52455191,6,3,2,1,6,16:50,114,E08000010,3,578,6,30,3,4,6,0,0,0,1,2,2,0,0,1,1,E01006328,11-02-2018,1,1,1,1,15,3,3,0,0,0,0,-1,1,1
45073,73.73902494,18.52169689,6,3,2,1,3,10:45,114,E08000010,3,577,6,30,3,4,6,0,2,5,1,1,2,0,0,1,1,E01006358,08-02-2018,1,1,3,1,4,1,2,5,1,0,0,-1,0,-1
45074,73.78576167,18.62104946,6,2,2,2,4,17:13,114,E08000010,3,572,6,30,3,4,6,0,0,4,4,1,2,0,0,1,1,E01006298,09-02-2018,1,1,1,1,17,4,3,0,0,0,0,-1,2,1
45075,73.82046611,18.50610947,6,3,2,1,4,18:55,114,E08000010,3,577,6,30,3,4,6,0,0,4,4,1,2,0,0,1,1,E01006272,09-02-2018,1,1,1,2,20,4,3,0,0,0,0,-1,9,1
45076,73.77894239,18.55795845,6,3,2,1,6,19:10,114,E08000010,4,5238,6,30,6,2,3,573,0,0,4,2,2,0,0,1,1,E01006386,11-02-2018,1,2,2,2,19,4,3,0,0,1,0,-1,9,1
45077,73.80995977,18.62071782,6,3,2,1,6,15:18,114,E08000010,3,49,6,30,3,4,6,0,0,0,1,2,2,0,0,1,1,E01006404,11-02-2018,2,3,1,1,51,8,3,0,0,0,0,-1,9,1
45078,73.87747174,18.4893191,6,3,2,4,7,17:05,114,E08000010,5,0,6,30,0,-1,-1,0,0,0,1,1,2,5,0,2,1,E01006316,12-02-2018,2,4,2,2,46,8,3,0,0,1,0,-1,9,1
45079,73.90038423,18.54118689,6,2,2,1,7,03:45,114,E08000010,6,0,6,30,0,-1,-1,0,0,0,4,5,2,0,0,1,2,E01006332,12-02-2018,1,1,1,2,25,5,3,0,0,0,0,-1,9,1
45080,73.78276136,18.49209941,6,3,3,3,1,01:54,114,E08000010,3,49,3,30,6,2,3,49,0,5,4,5,2,0,0,1,1,E01006369,13-02-2018,1,2,2,1,6,2,3,0,0,2,0,-1,9,1
45081,73.78852196,18.51753572,6,3,2,1,3,00:10,114,E08000010,3,577,6,30,3,4,6,0,0,0,1,1,2,0,0,1,2,E01006274,08-02-2018,1,1,1,1,74,10,2,0,0,0,0,-1,9,-1
45082,73.79630638,18.49085119,6,3,3,1,6,07:45,114,E08000010,5,0,6,30,0,-1,-1,0,0,0,1,1,2,0,0,1,1,E01006241,11-02-2018,1,2,2,2,74,10,2,0,0,1,0,-1,9,-1
45083,73.9290377,18.56723517,6,3,2,1,1,12:25,114,E08000010,3,580,3,60,6,2,6,0,0,8,1,4,1,0,0,1,1,E01006250,13-02-2018,2,1,1,2,56,9,3,0,0,0,0,-1,9,-1
45084,73.90202461,18.60236164,6,2,2,1,1,12:25,114,E08000010,6,0,6,30,0,-1,-1,0,0,0,1,1,1,0,0,1,2,E01006399,13-02-2018,1,1,2,2,60,9,3,0,0,0,3,-1,11,-1
45085,73.83975199,18.59421113,6,3,2,3,4,14:00,114,E08000010,3,49,3,30,3,2,3,577,0,0,1,1,1,0,0,1,2,E01006349,16-02-2018,1,1,1,2,30,6,3,0,0,0,0,-1,9,1
45086,73.86910779,18.55762862,6,3,2,1,6,16:30,114,E08000010,3,579,6,30,9,4,6,0,0,0,1,2,2,0,0,1,2,E01006328,11-02-2018,1,1,2,1,12,3,3,0,0,1,0,-1,9,1
45087,73.77954784,18.5509756,6,3,2,8,2,18:55,114,E08000010,4,5215,6,30,6,2,5,0,0,0,4,1,1,0,0,1,1,E01006338,14-02-2018,2,1,1,1,17,4,3,0,0,0,0,-1,2,3
45088,73.9100657,18.54520949,6,3,2,1,3,16:56,114,E08000010,6,0,6,30,6,4,6,0,0,0,1,1,1,0,0,1,1,E01006380,15-02-2018,1,1,2,1,5,1,3,0,0,2,0,-1,8,-1
45089,73.80046089,18.61654059,6,2,1,1,6,15:40,114,E08000010,5,0,3,30,6,2,4,5375,0,5,1,1,1,0,0,1,1,E01006369,18-02-2018,1,1,1,1,57,9,3,0,0,0,0,-1,9,1
45090,73.73381515,18.54678084,6,3,2,1,6,15:00,114,E08000010,6,0,6,30,9,4,6,0,0,0,1,1,1,0,0,1,2,E01006349,18-02-2018,2,1,1,1,80,11,3,0,0,0,0,-1,1,1
45091,73.83739602,18.53204323,6,3,2,1,7,19:50,114,E08000010,3,573,6,30,3,4,6,0,0,0,4,1,1,0,0,1,2,E01006217,19-02-2018,2,1,1,2,33,6,3,0,0,0,0,-1,1,-1
45092,73.83410567,18.53583968,6,3,2,1,1,13:30,114,E08000010,5,0,6,30,3,4,3,573,0,0,1,1,1,0,0,1,2,E01006213,20-02-2018,2,1,1,1,70,10,3,0,0,0,0,-1,1,-1
45093,73.83724431,18.53428752,6,3,2,1,3,16:30,114,E08000010,3,573,6,30,9,4,6,0,0,0,1,1,1,0,0,1,1,E01006310,22-02-2018,1,1,1,1,23,5,3,0,0,0,0,-1,1,1
45094,73.94091574,18.62980247,6,3,2,1,3,17:35,114,E08000010,5,0,9,30,9,4,6,0,0,0,5,3,4,0,0,1,1,E01006282,22-02-2018,2,1,1,2,20,4,3,0,0,0,0,-1,9,3
45095,73.94175643,18.49888179,6,3,2,1,4,07:30,114,E08000010,6,0,6,30,3,4,3,58,0,0,1,8,2,0,0,1,2,E01006214,23-02-2018,2,2,2,2,23,5,3,0,0,1,0,-1,9,1
45096,73.81608574,18.50972238,6,3,2,1,4,11:40,114,E08000010,3,579,3,50,1,4,3,577,0,0,1,1,1,0,0,2,2,E01006243,23-02-2018,1,1,1,2,76,11,3,0,0,0,0,-1,9,1
45097,73.90656578,18.63455008,6,2,2,1,4,19:58,114,E08000010,4,5238,6,30,3,4,6,0,0,0,4,1,2,0,0,1,2,E01006406,23-02-2018,1,2,2,2,51,8,3,0,0,1,0,-1,9,1
45098,73.93953022,18.6266529,6,3,2,2,5,18:10,114,E08000010,3,572,6,30,0,-1,-1,0,0,0,4,1,2,0,0,1,1,E01006385,24-02-2018,1,1,2,1,11,3,3,0,0,1,0,-1,9,1