Accident_Index,longitude,latitude,Police_Force,Accident_Severity,Number_of_Vehicles,Number_of_Casualties,Day_of_Week,Time,Local_Authority_(District),Local_Authority_(Highway),1st_Road_Class,1st_Road_Number,Road_Type,Speed_limit,Junction_Detail,Junction_Control,2nd_Road_Class,2nd_Road_Number,Pedestrian_Crossing-Human_Control,Pedestrian_Crossing-Physical_Facilities,Light_Conditions,Weather_Conditions,Road_Surface_Conditions,Special_Conditions_at_Site,Carriageway_Hazards,Urban_or_Rural_Area,Did_Police_Officer_Attend_Scene_of_Accident,LSOA_of_Accident_Location,Date,Vehicle_Reference,Casualty_Reference,Casualty_Class,Sex_of_Casualty,Age_of_Casualty,Age_Band_of_Casualty,Casualty_Severity,Pedestrian_Location,Pedestrian_Movement,Car_Passenger,Bus_or_Coach_Passenger,Pedestrian_Road_Maintenance_Worker,Casualty_Type,Casualty_Home_Area_Type
45099,73.84179463,18.58348824,6,3,2,1,3,09:25,114,E08000010,3,572,6,30,0,-1,-1,0,0,0,1,1,2,0,0,1,1,E01006341,22-02-2018,2,2,1,1,35,6,3,0,0,0,0,-1,9,1
45100,73.86579277,18.5516282,6,3,2,1,2,17:36,114,E08000010,3,5209,3,40,3,4,6,0,0,0,4,1,1,0,0,2,1,E01006320,21-02-2018,1,1,2,1,37,7,3,0,0,0,4,-1,10,-1
45101,73.91663744,18.51902867,6,2,1,1,1,18:20,114,E08000010,3,577,6,30,3,4,6,0,0,0,4,1,1,0,0,1,2,E01006352,20-02-2018,2,1,1,1,16,4,3,0,0,0,0,-1,1,1
45102,73.74639533,18.53646173,6,3,3,1,1,12:25,114,E08000010,5,0,6,30,0,-1,-1,0,0,0,1,1,1,0,0,1,1,E01006327,20-02-2018,1,1,2,2,27,6,3,0,0,1,0,-1,9,1
45103,73.86716833,18.59900571,6,3,1,1,7,21:00,114,E08000010,3,572,6,30,3,4,6,0,0,0,4,1,2,0,0,1,1,E01006298,26-02-2018,1,1,3,1,12,3,3,10,1,0,0,-1,0,1
45104,73.86652189,18.55031953,6,1,3,3,7,15:45,114,E08000010,3,578,6,30,0,-1,-1,0,0,0,1,1,2,0,0,1,1,E01006323,26-02-2018,1,1,1,2,18,4,3,0,0,0,0,-1,9,-1
45105,73.95950807,18.48985304,6,3,1,1,4,16:15,114,E08000010,3,572,6,30,3,4,6,0,0,0,1,1,1,0,0,1,2,E01006376,02-03-2018,1,2,2,2,17,4,3,0,0,1,0,-1,9,-1
45106,73.79092465,18.52693041,6,3,2,4,6,20:15,114,E08000010,4,5207,6,30,6,2,6,0,0,0,4,1,1,0,0,1,1,E01006348,25-02-2018,2,1,1,1,23,5,3,0,0,0,0,-1,9,2
45107,73.81031,18.56551569,6,3,1,1,3,21:00,114,E08000010,5,0,6,30,9,4,5,0,0,0,4,1,2,4,2,1,2,E01006369,01-03-2018,1,1,1,2,92,11,3,0,0,0,0,-1,9,1
45108,73.96000478,18.6168183,6,3,2,1,5,10:00,114,E08000010,3,573,6,30,3,4,6,0,0,4,1,1,2,0,0,1,1,E01006214,24-02-2018,1,1,1,1,50,8,3,0,0,0,0,-1,9,-1
45109,73.82026335,18.60459943,6,3,2,1,1,23:28,114,E08000010,5,0,6,30,3,4,6,0,0,0,4,1,4,0,7,1,2,E01006325,06-03-2018,2,2,1,2,37,7,3,0,0,0,0,-1,9,-1
45110,73.9074445,18.58813147,6,2,2,2,6,08:45,114,E08000010,3,58,6,30,0,-1,6,0,0,0,1,1,1,0,0,1,1,E01006221,25-02-2018,2,3,2,1,10,2,3,0,0,1,0,-1,9,-1
45111,73.89231241,18.55578113,6,3,1,2,5,18:35,114,E08000010,3,574,6,30,3,4,6,0,0,4,4,1,2,0,0,1,1,E01006247,24-02-2018,2,4,2,1,10,2,3,0,0,2,0,-1,9,-1
45112,73.777248,18.64028388,6,3,2,2,5,08:14,114,E08000010,3,578,6,30,3,4,6,0,0,1,1,2,2,0,0,1,1,E01006323,24-02-2018,2,1,1,2,25,5,3,0,0,0,0,-1,9,1
45113,73.76870923,18.549456,6,3,3,1,5,17:00,114,E08000010,3,578,6,30,3,4,6,0,0,1,4,2,2,0,0,1,1,E01006323,24-02-2018,2,1,1,1,37,7,3,0,0,0,0,-1,5,1
45114,73.75983483,18.5826765,6,3,1,1,6,10:28,114,E08000010,4,5206,6,40,3,4,6,0,0,0,1,1,1,0,0,1,1,E01006362,25-02-2018,1,1,2,1,19,4,3,0,0,2,0,-1,9,1
45115,73.74919761,18.60920904,6,3,2,1,6,23:43,114,E08000010,3,49,6,30,0,-1,-1,0,0,0,4,1,1,0,0,1,1,E01006349,25-02-2018,1,2,2,2,16,4,3,0,0,2,0,-1,9,1
45116,73.88780051,18.50520227,6,3,3,2,6,14:40,114,E08000010,6,0,6,30,0,-1,-1,0,0,0,1,1,1,0,0,1,1,E01006252,25-02-2018,1,1,1,1,49,8,3,0,0,0,0,-1,9,1
45117,73.80028781,18.58355381,6,3,1,1,2,17:20,114,E08000010,4,5237,6,30,0,-1,-1,0,0,0,4,1,2,0,0,1,1,E01006322,28-02-2018,2,2,1,1,43,7,3,0,0,0,0,-1,20,1
45118,73.75436818,18.59725496,6,3,2,1,2,09:15,114,E08000010,4,5238,6,30,3,4,6,0,0,0,1,6,3,0,0,2,2,E01006234,28-02-2018,1,1,1,1,18,4,3,0,0,0,0,-1,9,1
45119,73.81293471,18.57137551,6,3,2,1,3,07:45,114,E08000010,3,577,6,30,3,4,6,0,0,0,1,5,2,0,0,1,2,E01006281,01-03-2018,1,2,2,2,53,8,3,0,0,1,0,-1,9,-1
45120,73.85268197,18.64543756,6,3,1,1,4,13:15,114,E08000010,3,572,6,30,3,4,6,0,0,0,1,1,2,0,0,1,1,E01006251,02-03-2018,1,3,2,2,18,4,3,0,0,2,0,-1,9,-1
45121,73.80919898,18.63637304,6,3,2,1,3,10:35,114,E08000010,4,5206,6,30,1,4,5,0,0,0,1,1,1,0,0,2,2,E01006318,01-03-2018,2,1,2,2,61,9,3,0,0,1,0,-1,9,1
45122,73.80509177,18.52167071,6,2,1,1,3,11:40,114,E08000010,3,575,6,30,3,4,6,0,0,0,1,1,1,0,0,1,1,E01006291,01-03-2018,1,1,1,2,25,5,3,0,0,0,0,-1,9,1
45123,73.73697845,18.5968473,6,2,2,1,4,15:35,114,E08000010,6,0,6,30,0,-1,-1,0,0,0,1,1,1,0,0,1,2,E01006258,02-03-2018,1,1,1,2,58,9,3,0,0,0,0,-1,9,2
45124,73.81218258,18.64283067,6,3,1,1,4,18:55,114,E08000010,5,0,6,30,0,-1,-1,0,0,0,4,1,1,0,0,1,1,E01006282,02-03-2018,1,1,1,2,21,5,3,0,0,0,0,-1,9,1
45125,73.8512561,18.58950033,6,3,2,1,5,20:00,114,E08000010,3,573,6,30,0,-1,-1,0,0,0,4,1,1,0,0,1,1,E01006310,03-03-2018,2,1,1,1,20,4,3,0,0,0,0,-1,9,1
45126,73.82868783,18.57114689,6,3,1,1,6,16:20,114,E08000010,4,5238,6,30,0,-1,-1,0,0,0,1,1,1,0,0,1,2,E01006388,04-03-2018,1,1,1,2,33,6,3,0,0,0,0,-1,9,1
45127,73.77889164,18.56460847,6,3,2,1,6,16:30,114,E08000010,4,5206,6,30,3,4,6,0,0,0,1,1,1,0,0,1,1,E01006367,04-03-2018,1,3,1,1,40,7,3,0,0,0,0,-1,9,1
45128,73.79385928,18.63682947,6,3,1,1,6,18:00,114,E08000010,6,0,6,30,3,4,6,0,0,0,7,1,1,0,0,1,2,E01006377,04-03-2018,2,1,2,2,14,3,3,0,0,1,0,-1,9,1
45129,73.83197056,18.50821256,6,3,2,1,3,09:10,114,E08000010,3,49,6,30,0,-1,-1,0,0,0,1,1,1,0,0,1,2,E01006262,08-03-2018,2,2,1,1,39,7,3,0,0,0,0,-1,9,1
45130,73.90064724,18.51157527,6,3,1,1,4,08:50,114,E08000010,6,0,6,30,3,4,6,0,0,0,1,1,-1,7,0,1,2,E01006305,02-03-2018,2,1,1,2,25,5,3,0,0,0,0,-1,16,1
45131,73.82949501,18.52023561,6,3,1,3,7,11:15,114,E08000010,3,571,6,60,0,-1,-1,0,0,0,4,1,1,0,0,2,1,E01006368,05-03-2018,1,1,3,2,78,11,3,5,1,0,0,-1,0,1
45132,73.96214089,18.62040578,6,3,2,2,3,13:30,114,E08000010,3,577,6,30,0,-1,5,0,0,0,1,1,1,0,0,1,2,E01006292,08-03-2018,1,1,1,2,40,7,3,0,0,0,0,-1,9,1
45133,73.80392931,18.55359355,6,3,1,1,1,18:50,114,E08000010,3,49,3,30,0,-1,-1,0,0,0,4,1,1,0,0,1,2,E01006403,06-03-2018,2,1,1,1,27,6,3,0,0,0,0,-1,1,-1
45134,73.81922048,18.59667829,6,3,2,2,6,23:50,114,E08000010,3,572,6,30,6,2,3,578,0,5,4,1,1,0,0,1,2,E01006333,04-03-2018,1,1,3,2,82,11,3,6,9,0,0,-1,0,1
45135,73.90435302,18.51604508,6,3,2,1,7,14:00,114,E08000010,3,577,6,30,0,-1,-1,0,0,4,1,1,1,0,0,1,1,E01006351,05-03-2018,1,1,3,1,10,2,3,9,9,0,0,-1,0,1
45136,73.92513007,18.4988117,6,3,2,1,1,09:40,114,E08000010,6,0,6,30,3,4,6,0,0,0,1,1,1,0,0,1,1,E01006376,06-03-2018,1,1,3,1,14,3,3,4,1,0,0,-1,0,1
45137,73.82359196,18.52762854,6,3,2,1,5,11:00,114,E08000010,3,49,3,30,6,2,3,573,0,5,1,1,1,0,0,1,1,E01006369,10-03-2018,2,1,1,1,12,3,2,0,0,0,0,-1,1,-1
45138,73.85995731,18.61242002,6,3,2,1,5,08:40,114,E08000010,3,571,6,30,0,-1,-1,0,0,0,1,1,1,0,0,1,2,E01006394,10-03-2018,1,1,1,1,31,6,3,0,0,0,0,-1,9,1
45139,73.89620783,18.63664229,6,3,2,2,6,08:50,114,E08000010,3,58,6,30,3,4,5,0,1,0,1,1,2,0,0,1,1,E01006218,04-03-2018,1,1,1,1,22,5,1,0,0,0,0,-1,9,2
45140,73.87328942,18.62566173,6,3,2,1,2,20:20,114,E08000010,3,58,6,30,3,4,4,5207,0,0,4,1,1,0,0,1,2,E01006220,07-03-2018,1,2,2,1,21,5,2,0,0,1,0,-1,9,1
45141,73.91964695,18.6183227,6,3,2,1,7,12:10,114,E08000010,6,0,6,30,9,4,6,0,0,0,1,1,1,0,0,1,2,E01006349,12-03-2018,1,3,2,2,17,4,2,0,0,2,0,-1,9,1
45142,73.96177375,18.58649556,6,3,2,1,4,09:40,114,E08000010,3,577,6,30,8,4,3,577,0,0,1,1,1,0,0,1,1,E01006281,09-03-2018,2,1,2,2,60,9,3,0,0,1,0,-1,9,-1
45143,73.87949136,18.61763129,6,2,2,2,6,08:00,114,E08000010,3,577,6,30,3,4,6,0,0,0,1,1,1,0,0,1,1,E01006399,11-03-2018,1,1,1,1,27,6,3,0,0,0,0,-1,9,1
45144,73.95371873,18.62217206,6,3,2,2,5,18:35,114,E08000010,3,49,3,30,3,2,6,0,0,0,4,1,1,0,0,1,2,E01006404,10-03-2018,1,1,3,1,14,3,3,5,1,0,0,-1,0,-1
45145,73.78034895,18.6041067,6,3,2,5,6,18:55,114,E08000010,3,577,6,30,0,-1,-1,0,0,0,4,1,1,0,0,1,2,E01006274,11-03-2018,2,1,1,2,9,2,3,0,0,0,0,-1,1,1
45146,73.74179872,18.58957456,6,2,2,3,5,23:15,114,E08000010,5,0,6,30,0,-1,-1,0,0,0,4,1,1,0,0,2,2,E01006236,10-03-2018,1,1,2,1,15,3,3,0,0,2,0,-1,9,-1
45147,73.82773213,18.62037624,6,3,2,1,1,11:55,114,E08000010,5,0,6,30,3,4,6,0,0,0,1,1,1,0,0,1,1,E01006369,06-03-2018,1,1,3,1,21,5,3,4,3,0,0,-1,0,1
45148,73.79970246,18.54946237,6,3,1,1,4,17:00,114,E08000010,6,0,6,30,3,4,6,0,0,0,1,1,1,0,0,1,2,E01006345,16-03-2018,1,1,1,1,47,8,3,0,0,0,0,-1,9,1
45149,73.92516464,18.49888556,6,3,1,1,4,19:45,114,E08000010,3,49,6,30,0,-1,-1,0,0,0,4,1,1,0,0,1,1,E01006352,16-03-2018,1,1,3,2,14,3,2,5,4,0,0,-1,0,1
45150,73.7779187,18.5828468,6,3,2,1,7,14:30,114,E08000010,3,573,9,30,9,4,3,577,0,0,1,1,1,0,0,1,2,E01006306,19-03-2018,1,1,1,2,69,10,3,0,0,0,0,-1,9,1
45151,73.93221606,18.64388882,6,3,2,1,7,21:30,114,E08000010,3,49,6,30,3,2,6,0,0,5,4,1,1,2,0,1,1,E01006404,19-03-2018,1,1,2,2,45,7,3,0,0,0,4,-1,11,-1
45152,73.73380091,18.52951431,6,3,2,1,6,08:50,114,E08000010,4,5215,6,30,3,4,6,0,0,0,1,1,1,0,0,1,2,E01006245,18-03-2018,1,2,2,2,35,6,3,0,0,0,4,-1,11,-1
45153,73.91496118,18.50372612,6,3,1,1,6,17:40,114,E08000010,3,49,2,30,3,4,6,0,0,0,1,1,1,0,0,1,2,E01006349,18-03-2018,1,1,1,2,38,7,3,0,0,0,0,-1,9,1
45154,73.95302755,18.53520339,6,3,2,1,5,16:50,114,E08000010,3,49,3,30,6,4,6,0,0,0,1,1,1,0,0,1,2,E01006409,17-03-2018,1,1,1,2,25,5,3,0,0,0,0,-1,9,1
45155,73.79116952,18.61451289,6,3,2,1,7,15:30,114,E08000010,6,0,6,30,3,4,6,0,0,0,1,1,1,0,0,1,2,E01006305,19-03-2018,1,1,3,2,7,2,3,1,3,0,0,-1,0,-1
45156,73.94053524,18.6239664,6,3,2,1,7,23:10,114,E08000010,4,5239,6,60,0,-1,-1,0,0,0,6,1,1,0,0,2,1,E01006231,19-03-2018,1,1,2,2,72,10,3,0,0,0,4,-1,11,1
45157,73.84771099,18.60400301,6,3,2,1,2,22:10,114,E08000010,6,0,6,30,0,-1,-1,0,0,0,6,1,1,0,0,1,1,E01006283,14-03-2018,1,1,3,2,3,1,3,5,2,0,0,-1,0,-1
45158,73.86216878,18.60209361,6,3,2,1,3,17:35,114,E08000010,6,0,6,30,6,4,6,0,0,0,1,1,1,0,0,1,1,E01006383,15-03-2018,1,1,1,1,87,11,3,0,0,0,0,-1,9,1
45159,73.7372715,18.52943937,6,3,2,1,3,15:45,114,E08000010,3,577,6,30,3,4,6,0,0,4,1,1,1,0,0,1,2,E01006380,15-03-2018,1,1,2,2,38,7,3,0,0,1,0,-1,9,1
45160,73.8107597,18.55127493,6,3,2,2,5,08:30,114,E08000010,3,577,6,30,3,4,6,0,0,0,1,1,1,0,0,1,1,E01006293,17-03-2018,1,1,1,1,25,5,3,0,0,0,0,-1,1,-1
45161,73.92507356,18.4917675,6,3,2,1,5,09:45,114,E08000010,4,5238,6,30,6,2,6,0,0,0,1,2,2,0,0,1,1,E01006392,17-03-2018,1,1,1,1,53,8,3,0,0,0,0,-1,9,1
45162,73.85385848,18.59385646,6,2,1,1,1,10:25,114,E08000010,6,0,6,30,0,-1,-1,0,0,0,1,1,1,0,0,1,2,E01006301,13-03-2018,2,1,1,1,11,3,3,0,0,0,0,-1,1,1
45163,73.84135773,18.61501295,6,1,1,1,2,08:15,114,E08000010,6,0,6,30,3,4,6,0,0,0,1,1,1,0,0,1,1,E01006376,14-03-2018,1,1,1,1,30,6,3,0,0,0,0,-1,9,1
45164,73.94057229,18.5538963,6,3,1,1,5,17:30,114,E08000010,3,49,6,30,0,-1,-1,0,0,0,1,1,1,0,0,1,1,E01006268,17-03-2018,1,1,1,1,22,5,3,0,0,0,0,-1,5,1
45165,73.81518861,18.56184196,6,3,1,1,6,20:50,114,E08000010,3,579,3,40,3,2,6,0,0,0,4,1,1,0,0,1,2,E01006334,18-03-2018,1,1,2,2,16,4,3,0,0,1,0,-1,9,1
45166,73.84366238,18.57245361,6,3,2,1,6,14:45,114,E08000010,4,5215,6,30,6,4,5,0,0,0,1,1,1,0,0,1,1,E01006333,18-03-2018,2,2,1,2,44,7,3,0,0,0,0,-1,9,1
45167,73.74276512,18.63066462,6,2,2,1,6,13:55,114,E08000010,6,0,6,30,9,4,6,0,0,0,1,1,1,0,0,1,1,E01006349,25-02-2018,2,1,1,1,37,7,3,0,0,0,0,-1,9,1
45168,73.87757492,18.57285872,6,2,1,1,2,15:25,114,E08000010,6,0,6,30,0,-1,-1,0,0,0,1,1,1,0,0,1,1,E01006270,21-03-2018,2,2,2,2,30,6,3,0,0,1,0,-1,9,1
45169,73.88048121,18.51092921,6,3,2,2,3,08:20,114,E08000010,3,573,2,30,3,4,6,0,0,0,1,1,2,0,0,1,2,E01006310,22-03-2018,2,3,2,1,7,2,3,0,0,2,0,-1,9,1
45170,73.91072684,18.51634048,6,3,1,1,3,08:55,114,E08000010,6,0,6,30,3,4,6,0,0,0,1,1,1,0,0,1,1,E01006361,22-03-2018,2,4,2,2,6,2,3,0,0,2,0,-1,9,1
45171,73.8517642,18.51690761,6,3,2,2,5,17:10,114,E08000010,3,5209,6,30,3,4,5,0,0,0,1,1,1,0,0,1,1,E01006316,24-03-2018,1,1,1,1,34,6,3,0,0,0,0,-1,9,1
45172,73.94245028,18.50918542,6,3,2,1,2,18:00,114,E08000010,3,571,2,30,3,3,6,0,0,0,1,2,2,0,0,1,1,E01006352,21-03-2018,2,1,1,1,50,8,3,0,0,0,0,-1,8,1
45173,73.74964855,18.5084183,6,3,2,1,3,16:45,114,E08000010,3,579,6,30,0,-1,-1,0,0,0,1,1,1,0,0,2,2,E01006299,29-03-2018,1,1,1,2,61,9,3,0,0,0,0,-1,1,1
45174,73.81971052,18.51718011,6,3,1,1,2,17:55,114,E08000010,6,0,6,30,3,4,6,0,0,0,1,1,1,0,0,1,2,E01006371,21-03-2018,1,1,3,2,70,10,3,5,2,0,0,-1,0,-1
45175,73.83297752,18.55040943,6,3,2,1,4,19:05,114,E08000010,6,0,6,30,3,4,6,0,0,0,4,1,1,0,0,2,1,E01006276,23-03-2018,1,3,2,2,19,4,3,0,0,1,0,-1,9,1
45176,73.75673668,18.56180969,6,2,1,1,6,18:55,114,E08000010,5,0,6,30,0,-1,-1,0,0,0,4,1,1,0,0,1,2,E01006349,25-03-2018,2,1,2,1,65,9,3,0,0,1,0,-1,9,1
45177,73.88158853,18.62171848,6,3,2,1,6,19:50,114,E08000010,3,572,6,30,0,-1,-1,0,0,0,4,1,2,0,0,1,2,E01006300,25-03-2018,2,2,1,2,46,8,3,0,0,0,0,-1,9,1
45178,73.74571629,18.54363602,6,3,1,1,7,21:50,114,E08000010,6,0,6,30,0,-1,-1,0,0,0,4,1,1,0,0,1,1,E01006376,26-03-2018,1,1,2,2,24,5,3,0,0,1,0,-1,9,1
45179,73.95515079,18.64406664,6,3,1,1,7,15:45,114,E08000010,3,577,6,30,0,-1,6,0,0,0,1,1,1,0,0,1,1,E01006378,26-03-2018,2,2,2,2,65,9,3,0,0,1,0,-1,9,1
45180,73.89275469,18.49200201,6,3,1,1,7,10:15,114,E08000010,3,58,6,30,3,4,6,0,0,0,1,1,1,0,0,1,2,E01006218,26-03-2018,2,3,2,2,56,9,3,0,0,2,0,-1,9,3
45181,73.8965849,18.61209621,6,3,2,2,1,21:51,114,E08000010,3,580,3,70,3,2,3,579,0,8,4,1,1,0,0,2,1,E01006301,27-03-2018,2,4,1,1,70,10,3,0,0,0,0,-1,9,1
45182,73.92228581,18.53838906,6,3,2,1,1,23:00,114,E08000010,6,0,1,30,1,4,6,0,0,0,4,1,2,0,0,1,1,E01006289,27-03-2018,1,1,3,1,7,2,2,5,4,0,0,-1,0,1
45183,73.76576779,18.61369372,6,3,2,1,3,13:15,114,E08000010,5,0,6,30,3,4,6,0,0,0,1,1,1,0,0,1,1,E01006369,29-03-2018,1,1,3,1,18,4,2,5,3,0,0,-1,0,-1
45184,73.89735661,18.55554719,6,2,2,1,3,12:10,114,E08000010,3,580,3,70,0,-1,-1,0,0,0,1,1,1,0,0,2,1,E01006348,29-03-2018,1,1,1,2,65,9,3,0,0,0,0,-1,9,1
45185,73.94373943,18.51224102,6,3,2,1,4,19:05,114,E08000010,6,0,3,70,3,4,3,580,0,0,1,2,2,0,0,2,1,E01006348,30-03-2018,2,2,1,1,48,8,3,0,0,0,0,-1,9,1
45186,73.8568945,18.49877451,6,3,2,6,4,14:30,114,E08000010,6,0,6,30,3,4,6,0,0,0,1,2,2,0,0,1,1,E01006306,30-03-2018,2,1,1,2,42,7,3,0,0,0,0,-1,2,-1
45187,73.81213216,18.56333596,6,3,2,2,5,12:40,114,E08000010,3,49,6,30,3,4,6,0,0,0,1,1,1,0,0,1,2,E01006370,31-03-2018,1,1,1,1,30,6,2,0,0,0,0,-1,5,1
45188,73.79634884,18.55493547,6,3,2,2,5,01:20,114,E08000010,3,577,6,30,0,-1,-1,0,0,0,4,1,2,0,0,1,1,E01006362,31-03-2018,1,2,3,2,50,8,3,6,9,0,0,-1,0,1
45189,73.83962212,18.59678061,6,3,2,2,5,11:20,114,E08000010,3,49,6,30,6,4,6,0,0,0,1,1,1,0,0,1,1,E01006263,31-03-2018,1,3,3,2,22,5,3,6,9,0,0,-1,0,-1
45190,73.94314702,18.64590917,6,3,1,2,2,08:45,114,E08000010,3,577,6,30,3,4,6,0,1,0,1,1,1,0,0,1,1,E01006278,21-03-2018,1,1,1,2,63,9,3,0,0,0,0,-1,9,1
45191,73.8334691,18.54963442,6,3,2,1,7,18:20,114,E08000010,3,49,6,30,2,4,3,5106,0,0,1,1,1,0,0,1,1,E01006232,26-03-2018,2,1,1,2,34,6,3,0,0,0,0,-1,9,1
45192,73.95996864,18.62388384,6,3,1,1,4,08:30,112,E08000009,6,0,6,30,3,4,6,0,0,0,1,2,2,0,0,1,2,E01006192,06-04-2018,2,2,2,2,66,10,3,0,0,2,0,-1,9,1
45193,73.91885576,18.61030871,6,3,2,1,4,09:30,112,E08000009,5,0,6,30,3,4,6,0,0,0,1,1,2,0,0,1,2,E01006097,06-04-2018,1,1,3,1,85,11,3,1,3,0,0,-1,0,1
45194,73.73704041,18.53613235,6,3,2,1,3,18:45,112,E08000009,4,537,6,30,0,-1,-1,0,0,0,1,1,1,0,0,1,2,E01006082,05-04-2018,1,1,1,2,21,5,3,0,0,0,0,-1,9,1
45195,73.96095687,18.50461949,6,3,2,1,2,16:10,112,E08000009,4,5213,6,30,9,4,6,0,0,0,1,1,1,0,0,1,1,E01006200,04-04-2018,1,2,2,1,21,5,3,0,0,1,0,-1,9,-1
45196,73.77978636,18.58466335,6,3,2,1,5,18:02,112,E08000009,4,5164,6,30,3,4,6,0,0,0,1,1,1,0,0,1,1,E01006080,07-04-2018,1,1,1,2,33,6,3,0,0,0,0,-1,9,1
45197,73.82435769,18.58069911,6,3,2,1,1,01:00,112,E08000009,3,56,2,30,5,4,6,0,0,0,4,1,1,0,0,1,2,E01006187,10-04-2018,2,2,1,1,57,9,3,0,0,0,0,-1,9,1
45198,73.95181041,18.53430841,6,3,2,1,6,14:05,112,E08000009,5,0,6,30,6,4,6,0,0,0,1,1,1,0,0,1,1,E01006097,01-04-2018,2,1,1,2,24,5,3,0,0,0,0,-1,9,1
45199,73.88939683,18.5746768,6,3,1,1,6,17:15,112,E08000009,6,0,6,30,9,4,6,0,0,0,1,1,1,0,0,1,2,E01006092,08-04-2018,1,1,2,1,88,11,3,0,0,0,3,-1,11,1
45200,73.86869912,18.50921977,6,2,2,1,6,20:00,112,E08000009,3,5144,6,30,3,2,6,0,0,5,1,1,1,0,0,1,2,E01006208,08-04-2018,1,1,3,1,7,2,3,8,3,0,0,-1,0,-1
45201,73.82630499,18.56443309,6,3,1,1,6,23:55,112,E08000009,5,0,6,30,9,4,6,0,0,8,4,1,1,0,0,1,1,E01006157,01-04-2018,1,1,3,1,16,4,2,4,1,0,0,-1,0,1
45202,73.79723545,18.6237332,6,2,1,1,6,17:30,112,E08000009,6,0,6,30,0,-1,-1,0,0,0,1,1,1,0,0,1,1,E01006143,08-04-2018,2,1,1,1,73,10,3,0,0,0,0,-1,9,-1
45203,73.88420386,18.56709883,6,3,2,1,6,08:20,112,E08000009,3,560,6,30,9,4,6,0,0,0,1,1,1,0,0,1,1,E01006204,08-04-2018,1,1,1,1,21,5,3,0,0,0,0,-1,9,1
45204,73.94134094,18.52772659,6,3,3,1,5,06:55,112,E08000009,3,560,6,30,3,4,6,0,0,0,1,2,2,0,0,1,2,E01006209,14-04-2018,1,1,1,1,34,6,2,0,0,0,0,-1,5,1
45205,73.81612685,18.57208772,6,3,2,1,6,16:45,112,E08000009,4,5211,6,30,3,4,6,0,0,0,1,1,1,0,0,1,2,E01006121,15-04-2018,2,1,1,2,50,8,3,0,0,0,0,-1,9,3
45206,73.8740193,18.5162977,6,3,1,1,5,14:55,112,E08000009,6,0,6,30,0,-1,-1,0,0,0,1,1,1,0,0,1,2,E01006092,14-04-2018,1,1,1,1,30,6,2,0,0,0,0,-1,1,-1
45207,73.75819295,18.49160514,6,3,2,1,6,13:45,112,E08000009,5,0,6,30,3,4,6,0,0,0,1,1,2,0,0,1,1,E01006161,15-04-2018,1,1,1,2,21,5,3,0,0,0,0,-1,9,1
45208,73.84823443,18.62314968,6,3,2,1,7,19:00,112,E08000009,3,5081,1,30,1,2,5,0,0,5,1,9,1,0,0,1,2,E01006158,16-04-2018,1,1,1,1,37,7,3,0,0,0,0,-1,9,1
45209,73.86454103,18.62068486,6,3,2,1,2,20:51,112,E08000009,5,0,6,30,3,4,6,0,0,0,4,1,1,0,0,1,1,E01006142,11-04-2018,2,2,1,1,34,6,3,0,0,0,0,-1,9,-1
45210,73.90953087,18.56759856,6,3,2,3,3,19:30,112,E08000009,4,5166,6,30,6,4,6,0,0,0,1,1,1,0,0,1,1,E01006161,05-04-2018,2,1,1,1,51,8,3,0,0,0,0,-1,11,1
45211,73.91637683,18.50564509,6,3,2,1,6,15:20,112,E08000009,3,576,1,30,1,4,5,0,0,0,1,1,1,0,0,1,1,E01006121,08-04-2018,2,2,2,1,5,1,3,0,0,0,4,-1,11,1
45212,73.74250868,18.49707548,6,3,3,2,7,12:42,112,E08000009,3,538,6,30,0,-1,-1,0,0,0,1,2,2,0,0,1,1,E01006083,09-04-2018,1,1,1,2,20,4,2,0,0,0,0,-1,9,1
45213,73.96066631,18.61428903,6,2,1,1,7,21:05,112,E08000009,6,0,6,30,0,-1,-1,0,0,0,4,1,1,0,0,1,1,E01006161,09-04-2018,2,2,1,2,36,7,3,0,0,0,0,-1,9,1
45214,73.78172701,18.61835913,6,3,2,1,6,10:45,112,E08000009,3,56,3,30,1,2,3,5063,0,8,1,1,1,0,0,1,1,E01006186,15-04-2018,2,1,1,1,43,7,3,0,0,0,0,-1,9,3
45215,73.91306101,18.60192656,6,3,2,3,1,09:30,112,E08000009,5,0,6,30,0,-1,-1,0,0,0,1,1,1,0,0,1,1,E01006121,17-04-2018,1,1,3,2,60,9,3,9,8,0,0,-1,0,1
45216,73.85135251,18.50299883,6,3,2,1,6,12:30,112,E08000009,3,56,3,30,3,4,6,0,0,0,1,1,1,0,0,1,1,E01006078,01-04-2018,2,3,2,1,49,8,3,0,0,1,0,-1,9,-1
45217,73.75104809,18.56245535,6,3,3,1,7,13:30,112,E08000009,3,538,6,30,3,4,6,0,0,0,1,1,1,0,0,1,1,E01006135,16-04-2018,3,1,2,2,35,6,3,0,0,1,0,-1,9,-1
45218,73.9454993,18.52929513,6,3,2,4,4,14:30,112,E08000009,3,5014,6,30,6,2,5,0,0,0,1,1,1,0,0,1,1,E01006141,13-04-2018,3,2,1,1,60,9,3,0,0,0,0,-1,9,-1