Accident_Index,longitude,latitude,Police_Force,Accident_Severity,Number_of_Vehicles,Number_of_Casualties,Day_of_Week,Time,Local_Authority_(District),Local_Authority_(Highway),1st_Road_Class,1st_Road_Number,Road_Type,Speed_limit,Junction_Detail,Junction_Control,2nd_Road_Class,2nd_Road_Number,Pedestrian_Crossing-Human_Control,Pedestrian_Crossing-Physical_Facilities,Light_Conditions,Weather_Conditions,Road_Surface_Conditions,Special_Conditions_at_Site,Carriageway_Hazards,Urban_or_Rural_Area,Did_Police_Officer_Attend_Scene_of_Accident,LSOA_of_Accident_Location,Date,Vehicle_Reference,Casualty_Reference,Casualty_Class,Sex_of_Casualty,Age_of_Casualty,Age_Band_of_Casualty,Casualty_Severity,Pedestrian_Location,Pedestrian_Movement,Car_Passenger,Bus_or_Coach_Passenger,Pedestrian_Road_Maintenance_Worker,Casualty_Type,Casualty_Home_Area_Type
45219,73.7893884,18.59548081,6,3,2,1,3,16:00,112,E08000009,3,56,6,30,6,2,6,0,0,5,1,1,1,0,0,1,1,E01006154,19-04-2018,2,1,1,1,47,8,3,0,0,0,0,-1,9,1
45220,73.80018461,18.63890962,6,3,2,2,4,08:30,112,E08000009,3,56,3,30,6,2,4,5188,0,4,1,1,2,1,0,1,1,E01006186,20-04-2018,2,1,1,1,15,3,2,0,0,0,0,-1,1,-1
45221,73.94702021,18.50613529,6,3,2,1,6,15:00,112,E08000009,6,0,6,30,3,4,6,0,0,0,1,1,1,0,0,1,2,E01006158,22-04-2018,1,1,1,2,41,7,3,0,0,0,0,-1,9,1
45222,73.75520273,18.49277045,6,3,2,1,6,10:15,112,E08000009,3,6144,6,30,3,4,6,0,0,0,1,1,1,0,0,1,1,E01006104,22-04-2018,1,1,3,1,8,2,3,5,3,0,0,-1,0,-1
45223,73.89032591,18.5278352,6,3,2,2,7,19:25,112,E08000009,6,0,6,30,6,4,6,0,0,0,1,1,1,0,0,1,2,E01006131,23-04-2018,1,1,1,1,19,4,3,0,0,0,0,-1,9,1
45224,73.90311837,18.48825398,6,3,2,1,1,13:40,112,E08000009,4,5214,3,30,0,-1,-1,0,0,0,1,1,1,0,0,1,1,E01006121,24-04-2018,1,2,2,1,21,5,3,0,0,2,0,-1,9,-1
45225,73.74250419,18.51935046,6,3,2,1,6,11:55,112,E08000009,3,56,3,30,6,2,3,560,0,5,1,1,1,0,0,1,1,E01006075,22-04-2018,2,1,1,2,19,4,3,0,0,0,0,-1,9,1
45226,73.74933273,18.62020284,6,3,2,1,4,20:20,112,E08000009,6,0,6,30,6,4,6,0,0,0,1,1,1,0,0,1,1,E01006079,27-04-2018,1,1,1,1,54,8,3,0,0,0,0,-1,9,1
45227,73.8916862,18.55679675,6,3,2,1,7,08:55,112,E08000009,4,5213,6,30,3,4,6,0,0,0,1,2,2,0,0,1,2,E01006184,30-04-2018,1,1,1,2,33,6,3,0,0,0,0,-1,9,1
45228,73.83176007,18.63598388,6,3,1,1,7,13:40,112,E08000009,6,0,6,30,0,-1,-1,0,0,0,1,4,1,0,0,1,2,E01006168,30-04-2018,1,1,2,2,37,7,3,0,0,0,3,-1,11,1
45229,73.93868962,18.64240804,6,3,2,2,4,14:35,112,E08000009,3,56,6,30,3,2,3,5067,0,0,1,1,1,0,0,1,2,E01006185,27-04-2018,1,1,1,1,54,8,3,0,0,0,0,-1,9,1
45230,73.88309033,18.54287468,6,3,2,2,5,09:45,112,E08000009,4,5213,6,30,3,4,6,0,0,1,1,1,2,0,0,1,1,E01006133,28-04-2018,1,2,2,2,52,8,3,0,0,1,0,-1,9,1
45231,73.79547598,18.6321542,6,3,2,2,4,08:20,112,E08000009,4,5213,6,30,9,4,6,0,0,0,1,1,1,0,0,1,1,E01006184,04-05-2018,1,1,3,1,10,2,3,1,1,0,0,-1,0,-1
45232,73.82655074,18.50007886,6,3,1,1,5,15:45,112,E08000009,3,56,3,30,9,4,6,0,0,0,1,2,2,0,0,1,2,E01006187,05-05-2018,2,1,1,1,10,2,3,0,0,0,0,-1,1,-1
45233,73.78845921,18.58120579,6,3,3,1,6,18:00,112,E08000009,6,0,6,30,1,4,6,0,0,0,1,1,1,0,0,1,1,E01006139,06-05-2018,1,1,1,1,60,9,3,0,0,0,0,-1,9,-1
45234,73.75327945,18.49232055,6,3,1,1,5,17:00,112,E08000009,6,0,6,30,3,4,6,0,0,0,1,1,1,0,0,1,2,E01006125,07-04-2018,1,1,1,1,24,5,3,0,0,0,0,-1,9,1
45235,73.90093606,18.51846428,6,2,1,1,2,18:20,112,E08000009,6,0,6,30,0,-1,-1,0,0,0,1,1,1,0,0,1,1,E01006078,11-04-2018,2,2,1,1,28,6,3,0,0,0,0,-1,9,-1
45236,73.95557967,18.53882946,6,3,2,6,1,13:20,112,E08000009,3,560,3,40,6,2,3,5144,0,8,1,1,1,0,0,1,1,E01006204,01-05-2018,2,1,1,2,65,9,2,0,0,0,0,-1,1,-1
45237,73.78390964,18.49184752,6,3,2,2,1,20:44,112,E08000009,6,0,6,30,0,-1,-1,0,0,0,4,1,1,0,0,1,1,E01006148,01-05-2018,2,1,1,1,44,7,3,0,0,0,0,-1,1,-1
45238,73.94785818,18.5079787,6,2,1,1,2,14:37,112,E08000009,3,56,3,30,6,2,2,6144,0,5,1,1,2,0,0,1,1,E01006150,02-05-2018,2,1,1,1,30,6,3,0,0,0,0,-1,9,-1
45239,73.89952572,18.55125502,6,3,2,1,4,06:55,112,E08000009,3,5081,3,30,9,4,6,0,0,0,1,1,1,0,0,1,2,E01006157,11-05-2018,1,1,3,1,34,6,3,5,9,0,0,-1,0,-1
45240,73.77429608,18.49246991,6,3,2,1,5,20:22,112,E08000009,4,5218,6,30,9,4,6,0,0,0,1,1,2,0,0,1,2,E01006109,05-05-2018,1,1,1,2,39,7,3,0,0,0,0,-1,9,1
45241,73.85241467,18.59116264,6,3,2,1,5,21:00,112,E08000009,4,5218,6,30,8,4,5,0,0,0,1,1,1,0,0,1,2,E01006112,05-05-2018,1,1,2,2,68,10,3,0,0,0,4,-1,11,1
45242,73.77646915,18.49961874,6,3,2,2,1,05:33,112,E08000009,3,5081,3,30,3,2,6,0,0,8,1,1,1,0,0,1,1,E01006157,08-05-2018,1,1,1,1,22,5,2,0,0,0,0,-1,9,1
45243,73.95414931,18.56195109,6,3,1,1,7,13:00,112,E08000009,4,5158,6,30,9,4,6,0,0,0,1,1,1,0,0,1,2,E01006197,14-05-2018,1,2,2,1,25,5,2,0,0,1,0,-1,9,1
45244,73.95530586,18.6014636,6,3,2,1,7,11:00,112,E08000009,4,5165,6,30,9,4,6,0,0,0,1,1,1,0,0,1,2,E01006192,14-05-2018,1,1,1,2,36,7,3,0,0,0,0,-1,9,1
45245,73.82886143,18.56725313,6,2,2,2,7,23:40,112,E08000009,3,560,6,30,0,-1,-1,0,0,0,4,1,1,0,0,1,1,E01006193,14-05-2018,2,1,1,1,58,9,3,0,0,0,0,-1,9,1
45246,73.73705982,18.50546611,6,3,1,1,2,15:00,112,E08000009,4,5158,6,30,0,-1,-1,0,0,1,1,2,2,0,0,1,1,E01006131,02-05-2018,1,1,1,1,46,8,3,0,0,0,0,-1,5,1
45247,73.94387661,18.58366368,6,3,2,1,5,12:35,112,E08000009,6,0,6,30,3,4,6,0,0,0,1,4,1,0,0,1,1,E01006116,05-05-2018,2,1,1,2,25,5,3,0,0,0,0,-1,9,1
45248,73.91204949,18.50481708,6,3,1,2,4,12:25,112,E08000009,3,56,3,40,0,-1,-1,0,0,0,1,1,2,0,0,1,1,E01006187,25-05-2018,2,1,1,2,46,8,3,0,0,0,0,-1,9,1
45249,73.93558268,18.57111751,6,3,2,1,5,10:55,112,E08000009,6,0,6,30,6,4,6,0,0,0,1,1,1,0,0,1,1,E01006123,05-05-2018,1,1,1,1,89,11,3,0,0,0,0,-1,1,1
45250,73.8715072,18.57588829,6,3,2,1,2,18:10,112,E08000009,3,56,6,30,3,4,6,0,0,0,1,1,1,0,0,1,1,E01006076,23-05-2018,2,1,1,1,30,6,3,0,0,0,0,-1,1,-1
45251,73.81360486,18.50263429,6,3,2,1,3,15:30,112,E08000009,3,5081,1,50,1,2,5,0,0,0,1,8,2,0,0,1,2,E01006158,24-05-2018,1,1,1,1,15,3,3,0,0,0,0,-1,1,1
45252,73.86517081,18.57509761,6,2,1,1,3,18:20,112,E08000009,3,56,6,30,3,4,6,0,0,8,1,1,1,0,0,1,1,E01006150,24-05-2018,2,2,1,1,17,4,3,0,0,0,0,-1,3,1
45253,73.83390439,18.59394504,6,3,2,1,4,18:11,112,E08000009,3,560,3,40,6,2,3,5144,0,0,1,1,1,0,0,1,1,E01006204,25-05-2018,2,1,1,2,50,8,3,0,0,0,0,-1,9,-1
45254,73.76288604,18.55563878,6,3,2,1,3,09:00,112,E08000009,3,56,6,30,3,2,6,0,0,0,1,1,1,0,0,1,2,E01006089,31-05-2018,1,1,2,1,22,5,2,0,0,0,0,-1,5,-1
45255,73.930621,18.63184637,6,3,2,2,4,21:40,112,E08000009,3,56,3,40,9,2,3,5145,0,4,4,2,2,0,0,1,1,E01006144,01-06-2018,1,1,2,2,3,1,3,0,0,0,4,-1,11,-1
45256,73.9144268,18.55191198,6,3,2,1,6,21:07,112,E08000009,6,0,9,30,9,4,6,0,0,0,1,1,1,0,0,1,2,E01006159,03-06-2018,1,1,2,1,79,11,3,0,0,0,3,-1,11,1
45257,73.80641863,18.56194911,6,2,2,1,6,09:35,112,E08000009,6,0,6,30,6,4,6,0,0,0,1,1,1,0,0,1,1,E01006169,27-05-2018,1,1,2,1,62,9,3,0,0,1,0,-1,9,-1
45258,73.92944785,18.54533603,6,3,2,1,2,12:28,112,E08000009,5,0,2,30,0,-1,-1,0,0,0,1,1,1,0,0,1,1,E01006078,30-05-2018,1,1,1,2,45,7,3,0,0,0,0,-1,9,1
45259,73.85251283,18.59225197,6,3,1,1,3,17:20,112,E08000009,3,5081,3,40,1,2,4,5158,0,0,1,1,1,0,0,1,1,E01006121,31-05-2018,1,1,1,1,45,7,3,0,0,0,0,-1,9,1
45260,73.80410859,18.60223884,6,3,2,2,3,14:47,112,E08000009,6,0,6,30,3,4,6,0,0,0,1,1,1,0,0,1,1,E01006123,07-06-2018,2,2,2,2,12,3,3,0,0,2,0,-1,9,1
45261,73.80420234,18.56636614,6,3,1,1,3,15:40,112,E08000009,5,0,6,30,6,4,3,5014,0,8,1,1,1,0,0,1,1,E01006186,07-06-2018,2,1,1,1,17,4,3,0,0,0,0,-1,2,1
45262,73.77486728,18.49968698,6,3,2,1,5,20:00,112,E08000009,3,538,6,30,6,2,5,0,0,0,1,1,1,0,0,1,1,E01006075,02-06-2018,2,4,1,1,66,10,3,0,0,0,0,-1,9,1
45263,73.92690002,18.56982224,6,3,2,1,5,11:05,112,E08000009,4,5158,1,30,1,4,6,0,0,4,1,1,1,0,0,1,2,E01006120,09-06-2018,3,3,1,2,52,8,3,0,0,0,0,-1,9,1
45264,73.95376417,18.48955891,6,3,2,1,5,08:30,112,E08000009,6,0,6,30,3,3,6,0,0,4,1,1,1,0,0,1,2,E01006074,09-06-2018,4,1,2,2,11,3,3,0,0,1,0,-1,9,1
45265,73.96282884,18.53685058,6,3,2,1,6,22:00,112,E08000009,6,0,6,30,9,4,3,5067,0,0,1,1,1,0,0,1,2,E01006187,10-06-2018,4,2,1,2,35,6,3,0,0,0,0,-1,9,1
45266,73.88761323,18.49035704,6,2,2,2,7,01:23,112,E08000009,3,6144,6,30,2,4,6,0,0,0,4,1,1,0,0,1,1,E01006099,11-06-2018,2,1,2,2,30,6,3,0,0,1,0,-1,9,1
45267,73.90278257,18.62668854,6,3,2,1,5,13:00,112,E08000009,3,5081,1,40,1,4,6,0,0,0,1,1,1,0,0,1,2,E01006121,09-06-2018,2,1,1,1,36,7,3,0,0,0,0,-1,9,3
45268,73.79321928,18.60549407,6,2,2,1,4,13:00,112,E08000009,3,5081,6,30,6,2,4,5188,0,4,1,1,1,0,0,1,1,E01006157,08-06-2018,1,1,1,1,29,6,3,0,0,0,0,-1,9,1
45269,73.82991803,18.50291774,6,3,3,2,2,10:00,112,E08000009,3,5067,6,30,3,4,6,0,0,1,1,1,2,0,0,1,1,E01006185,13-06-2018,2,2,1,2,35,6,3,0,0,0,0,-1,9,1
45270,73.80042375,18.55173341,6,3,1,1,5,18:00,112,E08000009,4,5158,6,30,9,4,6,0,0,0,1,1,1,0,0,1,1,E01006121,16-06-2018,1,1,1,2,30,6,3,0,0,0,0,-1,9,1
45271,73.80286269,18.62279218,6,3,2,2,6,19:35,112,E08000009,5,0,6,30,3,4,6,0,0,0,1,1,1,0,0,1,2,E01006143,17-06-2018,1,1,1,1,32,6,3,0,0,0,0,-1,9,1
45272,73.9010837,18.49797465,6,3,2,1,6,20:40,112,E08000009,5,0,6,30,9,4,6,0,0,0,1,1,1,0,0,1,1,E01006113,17-06-2018,1,2,2,2,20,4,3,0,0,1,0,-1,9,1
45273,73.78444644,18.57840345,6,3,2,1,7,13:00,112,E08000009,4,5214,1,30,1,2,1,60,0,5,1,1,1,0,0,1,1,E01006123,18-06-2018,2,3,1,2,24,5,3,0,0,0,0,-1,9,3
45274,73.91304498,18.63864605,6,3,2,1,7,15:00,112,E08000009,3,5145,6,30,7,2,3,56,0,0,1,1,1,0,0,1,1,E01006180,18-06-2018,2,1,1,1,36,7,3,0,0,0,0,-1,9,-1
45275,73.84460636,18.61851707,6,3,1,1,7,22:10,112,E08000009,6,0,6,30,0,-1,-1,0,0,0,1,1,1,0,0,1,1,E01006112,18-06-2018,2,2,2,2,42,7,3,0,0,1,0,-1,9,-1
45276,73.89407509,18.61271018,6,3,2,1,6,23:10,112,E08000009,4,5211,3,30,7,2,3,5081,0,5,4,1,1,0,0,1,2,E01006158,17-06-2018,2,1,1,1,40,7,3,0,0,0,0,-1,9,1
45277,73.93239497,18.62395677,6,3,2,1,2,21:55,112,E08000009,5,0,6,30,3,4,5,0,0,0,4,1,1,0,0,1,2,E01006097,20-06-2018,2,1,2,1,13,3,3,0,0,2,0,-1,9,3
45278,73.9053854,18.60287588,6,3,2,2,3,12:44,112,E08000009,3,5081,1,30,1,2,6,0,0,0,1,1,1,0,0,1,2,E01006157,21-06-2018,1,1,1,1,40,7,3,0,0,0,0,-1,1,1
45279,73.83065861,18.55436783,6,3,2,1,4,11:20,112,E08000009,3,5181,3,30,0,-1,-1,0,0,0,1,1,1,0,2,1,1,E01006179,08-06-2018,2,1,1,1,15,3,3,0,0,0,0,-1,1,-1
45280,73.94554951,18.49492494,6,3,2,1,2,12:00,112,E08000009,5,0,1,30,1,4,5,0,0,0,1,1,1,0,0,1,1,E01006193,20-06-2018,2,1,1,1,43,7,3,0,0,0,0,-1,1,-1
45281,73.89164054,18.60543093,6,3,2,1,2,04:30,112,E08000009,4,5218,6,30,3,4,6,0,0,0,1,1,1,0,0,1,1,E01006115,30-05-2018,1,1,1,1,22,5,3,0,0,0,0,-1,1,1
45282,73.83827808,18.63821358,6,3,2,1,7,20:34,112,E08000009,6,0,6,30,3,4,6,0,0,0,1,1,1,0,0,1,1,E01006117,04-06-2018,1,1,1,1,30,6,3,0,0,0,0,-1,5,1
45283,73.91053529,18.61302549,6,3,3,3,4,13:42,112,E08000009,4,5214,3,40,0,-1,-1,0,0,0,1,1,1,0,0,1,1,E01006121,08-06-2018,1,1,3,1,17,4,3,6,9,0,0,-1,0,-1
45284,73.89681741,18.59605029,6,3,2,2,5,08:15,112,E08000009,3,538,6,30,3,4,6,0,0,0,1,1,1,0,0,1,1,E01006139,09-06-2018,1,2,3,1,17,4,3,6,9,0,0,-1,0,-1
45285,73.81772834,18.57808968,6,3,1,1,3,08:40,112,E08000009,4,5213,6,30,3,4,6,0,0,0,1,2,2,0,0,1,1,E01006199,14-06-2018,2,1,1,1,56,9,3,0,0,0,0,-1,1,1
45286,73.85231956,18.56662899,6,3,3,3,3,08:50,112,E08000009,6,0,6,30,3,4,6,0,0,0,1,1,2,0,0,1,1,E01006135,14-06-2018,1,1,1,1,25,5,3,0,0,0,0,-1,9,1
45287,73.82357045,18.59670872,6,3,3,1,4,16:08,112,E08000009,3,56,3,40,6,2,3,5014,0,0,1,1,1,0,0,1,1,E01006188,15-06-2018,1,1,1,1,20,4,3,0,0,0,0,-1,9,1
45288,73.75545353,18.53972793,6,3,2,1,5,08:45,112,E08000009,4,5165,6,30,9,4,6,0,0,0,1,1,1,0,0,1,2,E01006195,23-06-2018,1,2,2,2,17,4,3,0,0,1,0,-1,9,1
45289,73.90611324,18.58686052,6,3,2,1,5,16:45,112,E08000009,4,5165,6,30,3,4,6,0,0,0,1,1,1,0,0,1,2,E01006190,23-06-2018,1,3,2,2,21,5,3,0,0,2,0,-1,9,1
45290,73.76663957,18.5360738,6,3,2,1,6,22:10,112,E08000009,6,0,6,30,1,4,6,0,0,0,4,1,2,0,0,1,2,E01006153,24-06-2018,1,4,2,2,17,4,3,0,0,2,0,-1,9,1
45291,73.79593745,18.49485819,6,3,2,1,4,16:05,112,E08000009,4,5164,6,30,6,4,3,560,0,5,1,1,1,0,0,1,1,E01006080,15-06-2018,2,5,1,1,31,6,3,0,0,0,0,-1,9,-1
45292,73.93285648,18.49182033,6,3,2,1,3,17:30,112,E08000009,3,56,6,30,9,2,6,0,0,4,1,1,1,0,0,1,2,E01006094,21-06-2018,2,6,2,2,36,7,3,0,0,1,0,-1,9,-1
45293,73.78262042,18.51908131,6,2,1,1,5,17:45,112,E08000009,6,0,6,30,0,-1,-1,0,0,0,1,1,1,0,0,1,1,E01006144,23-06-2018,1,1,1,1,20,4,3,0,0,0,0,-1,3,-1
45294,73.82719096,18.63544592,6,3,1,1,5,18:11,112,E08000009,3,56,3,30,0,-1,-1,0,0,4,1,1,1,0,0,1,1,E01006144,23-06-2018,1,1,1,1,71,10,3,0,0,0,0,-1,9,-1
45295,73.95423262,18.52467876,6,3,2,1,5,18:20,112,E08000009,4,5165,6,30,8,4,6,0,0,0,1,1,1,0,0,1,1,E01006096,23-06-2018,1,1,1,2,18,4,3,0,0,0,0,-1,9,-1
45296,73.89614954,18.60866132,6,3,2,1,5,19:56,112,E08000009,4,5214,1,40,1,4,3,5081,0,0,1,1,1,0,0,1,1,E01006158,23-06-2018,2,2,1,1,61,9,3,0,0,0,0,-1,9,-1
45297,73.89587777,18.51043384,6,3,2,1,6,11:39,112,E08000009,3,56,6,30,3,2,6,0,0,0,1,2,2,0,0,1,1,E01006186,24-06-2018,1,1,1,1,49,8,3,0,0,0,0,-1,9,-1
45298,73.78004486,18.64037118,6,3,2,2,3,23:31,102,E08000003,3,56,3,30,6,4,3,57,0,0,4,2,2,0,0,1,1,E01005211,28-06-2018,2,2,2,1,14,3,3,0,0,2,0,-1,9,-1
45299,73.83242993,18.50124706,6,3,2,1,5,13:00,112,E08000009,3,56,3,30,3,2,6,0,0,0,1,1,1,0,0,1,2,E01006187,30-06-2018,1,1,2,2,70,10,3,0,0,0,1,-1,11,1
45300,73.77629331,18.54290437,6,3,2,1,7,12:10,112,E08000009,3,6144,6,30,2,4,5,0,0,0,1,1,1,0,0,1,2,E01006107,02-07-2018,1,1,3,1,86,11,3,5,1,0,0,-1,0,1
45301,73.89825319,18.5786197,6,3,6,7,6,17:45,112,E08000009,3,5086,3,30,7,2,3,56,0,0,1,1,1,0,0,1,1,E01006186,17-06-2018,2,1,2,2,20,4,3,0,0,1,0,-1,9,1
45302,73.93839118,18.59253001,6,2,2,1,7,14:10,112,E08000009,6,0,6,30,3,4,3,56,0,0,1,1,1,0,0,1,1,E01006186,25-06-2018,2,1,1,2,11,3,2,0,0,0,0,-1,1,-1
45303,73.77824904,18.53269615,6,3,2,1,3,11:50,112,E08000009,4,5217,6,30,3,4,6,0,0,0,1,1,1,0,0,1,1,E01006145,28-06-2018,1,1,1,2,47,8,3,0,0,0,0,-1,9,1
45304,73.88988953,18.56228106,6,3,2,2,3,16:10,112,E08000009,4,5214,7,30,1,4,4,5214,0,0,1,1,1,0,0,1,1,E01006121,28-06-2018,1,2,2,2,18,4,3,0,0,1,0,-1,9,1
45305,73.90055309,18.59293694,6,3,1,1,4,15:40,112,E08000009,3,5067,6,30,6,2,5,0,0,4,1,1,1,0,0,1,1,E01006187,29-06-2018,1,1,1,1,32,6,3,0,0,0,0,-1,9,1
45306,73.88452998,18.5944941,6,3,2,1,4,10:50,112,E08000009,3,56,3,30,6,4,6,0,0,0,1,1,1,0,0,1,2,E01006151,06-07-2018,2,1,1,2,28,6,3,0,0,0,0,-1,9,1
45307,73.95979616,18.61895091,6,3,2,2,2,12:09,112,E08000009,6,0,6,30,8,4,5,0,0,0,1,1,1,0,0,1,2,E01006198,04-07-2018,2,1,1,2,48,8,3,0,0,0,0,-1,1,1
45308,73.75259335,18.64102722,6,3,2,1,4,18:06,112,E08000009,6,0,6,30,0,-1,-1,0,0,0,1,1,1,0,0,1,1,E01006206,15-06-2018,1,1,1,1,25,5,3,0,0,0,0,-1,9,-1
45309,73.73626955,18.56299165,6,2,2,1,4,11:08,112,E08000009,3,5081,1,40,1,2,5,0,0,0,1,1,1,0,0,1,1,E01006158,29-06-2018,2,2,1,2,57,9,3,0,0,0,0,-1,9,-1
45310,73.89881358,18.52913559,6,3,2,1,4,16:45,112,E08000009,6,0,6,30,0,-1,-1,0,0,0,1,4,1,0,0,1,1,E01006107,06-07-2018,2,1,1,2,42,7,3,0,0,0,0,-1,9,1
45311,73.93290254,18.5191932,6,3,1,1,4,15:41,112,E08000009,4,5217,6,30,9,2,6,0,0,0,1,1,1,0,0,1,1,E01006145,06-07-2018,2,2,2,1,6,2,3,0,0,1,0,-1,9,1
45312,73.84174204,18.51503662,6,3,2,1,7,20:39,112,E08000009,4,5211,7,30,7,2,4,5214,0,0,1,1,1,0,0,1,1,E01006121,09-07-2018,1,1,1,1,38,7,3,0,0,0,0,-1,9,1
45313,73.80927238,18.58789955,6,3,2,1,6,17:00,112,E08000009,4,5224,6,30,3,4,6,0,0,0,1,1,1,0,0,1,1,E01006188,01-07-2018,2,2,1,1,19,4,3,0,0,0,0,-1,9,3
45314,73.77622262,18.48820951,6,3,1,2,2,11:15,112,E08000009,4,5214,6,30,6,2,6,0,0,5,1,2,2,4,0,1,1,E01006198,04-07-2018,1,1,1,1,42,7,2,0,0,0,0,-1,9,1
45315,73.77142816,18.56815805,6,3,3,1,2,11:53,112,E08000009,5,0,6,30,0,-1,-1,0,0,0,1,2,2,0,0,1,1,E01006177,04-07-2018,1,1,1,1,34,6,3,0,0,0,0,-1,9,1
45316,73.84677212,18.61231254,6,3,1,1,7,18:36,112,E08000009,4,5158,6,30,9,4,6,0,0,0,1,1,1,0,0,1,1,E01006118,09-07-2018,2,2,2,2,40,7,3,0,0,1,0,-1,9,-1
45317,73.87118918,18.54547116,6,3,2,2,1,13:00,112,E08000009,3,560,3,30,7,2,6,0,0,0,1,1,1,0,0,1,1,E01006193,10-07-2018,1,1,2,1,6,2,3,0,0,1,0,-1,9,1
45318,73.79881388,18.62656372,6,3,2,1,1,18:15,112,E08000009,6,0,6,30,6,2,6,0,0,5,1,1,1,0,0,1,1,E01006194,03-07-2018,1,1,1,2,21,5,3,0,0,0,0,-1,9,1
45319,73.74627879,18.53508443,6,3,2,1,1,14:10,112,E08000009,6,0,6,30,1,4,6,0,0,0,1,1,1,0,0,1,1,E01006126,03-07-2018,2,2,1,2,21,5,3,0,0,0,0,-1,9,1
45320,73.89316653,18.55132528,6,3,2,3,7,12:18,112,E08000009,4,5211,3,40,7,2,3,5081,0,0,1,1,1,0,0,1,1,E01006158,02-07-2018,1,1,1,1,16,4,3,0,0,0,0,-1,1,1
45321,73.75437622,18.61487782,6,3,2,1,1,17:20,112,E08000009,6,0,6,30,3,4,6,0,0,8,1,1,1,0,0,1,1,E01006153,10-07-2018,1,1,1,1,32,6,3,0,0,0,0,-1,9,-1
45322,73.79783077,18.52937083,6,2,2,1,6,14:08,112,E08000009,4,5165,3,30,0,-1,-1,0,0,0,1,1,1,0,0,1,1,E01006205,01-07-2018,1,2,2,1,39,7,3,0,0,1,0,-1,9,-1
45323,73.87057672,18.52633676,6,3,2,1,7,04:00,112,E08000009,5,0,2,30,3,4,6,0,0,0,1,2,2,0,0,1,1,E01006145,02-07-2018,1,3,2,1,18,4,3,0,0,2,0,-1,9,1
45324,73.93990891,18.54711706,6,3,2,1,1,07:40,112,E08000009,6,0,6,30,0,-1,-1,0,0,0,1,1,1,0,0,1,2,E01006173,17-07-2018,2,1,2,2,45,7,3,0,0,1,0,-1,9,3
45325,73.87067334,18.58445865,6,3,2,1,2,17:36,112,E08000009,4,5211,6,40,0,-1,-1,0,0,0,1,1,1,0,0,1,1,E01006121,11-07-2018,2,1,1,1,53,8,3,0,0,0,0,-1,5,2
45326,73.84763927,18.61434565,6,3,2,1,3,17:20,112,E08000009,4,5218,6,30,3,4,4,5217,0,0,1,1,1,0,0,1,1,E01006115,12-07-2018,1,1,1,2,24,5,3,0,0,0,0,-1,9,1
45327,73.88165569,18.55765232,6,3,4,4,3,15:34,112,E08000009,5,0,6,30,0,-1,-1,0,0,0,1,1,1,0,0,1,1,E01006145,12-07-2018,1,1,1,2,51,8,3,0,0,0,0,-1,9,1
45328,73.94935531,18.51031308,6,3,2,1,1,16:48,112,E08000009,6,0,3,30,0,-1,-1,0,0,0,1,1,1,0,0,1,1,E01006121,17-07-2018,1,1,1,1,39,7,3,0,0,0,0,-1,9,1
45329,73.85815396,18.60544129,6,3,1,1,3,11:24,112,E08000009,4,5162,6,30,3,4,6,0,0,0,1,1,1,0,0,1,1,E01006083,19-07-2018,2,1,1,1,9,2,3,0,0,0,0,-1,1,1
45330,73.8138505,18.57304523,6,3,1,2,5,23:40,112,E08000009,4,5165,6,30,6,2,2,6144,0,0,4,1,1,0,0,1,1,E01006204,21-07-2018,1,1,1,1,29,6,3,0,0,0,0,-1,9,1
45331,73.9220077,18.55217918,6,3,2,1,6,16:15,112,E08000009,3,5415,6,30,6,2,3,56,0,0,1,1,1,0,0,1,2,E01006144,22-07-2018,1,1,1,2,20,4,3,0,0,0,0,-1,9,1
45332,73.84030263,18.56627751,6,3,3,1,6,16:22,112,E08000009,3,5081,3,40,0,-1,-1,0,0,0,1,1,1,0,0,1,1,E01006157,22-07-2018,1,1,1,1,39,7,3,0,0,0,0,-1,5,1
45333,73.79120093,18.56826972,6,3,2,1,5,14:10,112,E08000009,3,5014,6,30,6,2,3,5063,0,5,1,1,1,0,0,1,2,E01006145,07-07-2018,1,1,3,2,32,6,3,5,1,0,0,-1,0,1
45334,73.82065631,18.61760306,6,3,1,2,4,18:05,112,E08000009,3,56,6,30,6,2,4,5164,0,0,1,1,1,0,0,1,1,E01006080,13-07-2018,1,1,2,2,20,4,3,0,0,2,0,-1,9,1
45335,73.7774329,18.59088784,6,3,3,1,1,16:15,112,E08000009,5,0,6,30,6,4,6,0,0,0,1,1,1,0,0,1,1,E01006210,17-07-2018,1,1,2,1,53,8,2,0,0,1,0,-1,9,1
45336,73.75069217,18.59302624,6,3,3,4,2,21:34,112,E08000009,3,56,3,30,6,2,3,5014,0,8,4,1,1,0,0,1,1,E01006189,18-07-2018,1,2,2,1,24,5,3,0,0,2,0,-1,9,1
45337,73.95590172,18.60023218,6,3,2,2,4,17:30,112,E08000009,3,56,3,30,3,2,6,0,0,0,1,1,1,0,0,1,1,E01006186,20-07-2018,1,1,1,2,35,6,3,0,0,0,0,-1,9,1
45338,73.92509224,18.64101678,6,3,1,1,1,18:50,112,E08000009,6,0,6,20,0,-1,-1,0,0,0,1,1,1,0,0,1,1,E01006114,24-07-2018,1,1,3,1,11,3,3,6,9,0,0,-1,0,1