Accident_Index,longitude,latitude,Police_Force,Accident_Severity,Number_of_Vehicles,Number_of_Casualties,Day_of_Week,Time,Local_Authority_(District),Local_Authority_(Highway),1st_Road_Class,1st_Road_Number,Road_Type,Speed_limit,Junction_Detail,Junction_Control,2nd_Road_Class,2nd_Road_Number,Pedestrian_Crossing-Human_Control,Pedestrian_Crossing-Physical_Facilities,Light_Conditions,Weather_Conditions,Road_Surface_Conditions,Special_Conditions_at_Site,Carriageway_Hazards,Urban_or_Rural_Area,Did_Police_Officer_Attend_Scene_of_Accident,LSOA_of_Accident_Location,Date,Vehicle_Reference,Casualty_Reference,Casualty_Class,Sex_of_Casualty,Age_of_Casualty,Age_Band_of_Casualty,Casualty_Severity,Pedestrian_Location,Pedestrian_Movement,Car_Passenger,Bus_or_Coach_Passenger,Pedestrian_Road_Maintenance_Worker,Casualty_Type,Casualty_Home_Area_Type
45459,73.93139869,18.49354636,6,3,1,1,2,10:15,112,E08000009,5,0,6,30,3,4,6,0,0,0,1,2,2,0,0,1,1,E01006110,24-10-2018,2,3,1,1,38,7,3,0,0,0,0,-1,8,1
45460,73.79104839,18.54856432,6,2,2,1,4,22:05,112,E08000009,3,56,3,40,6,2,3,5145,0,0,4,1,1,0,0,1,1,E01006180,19-10-2018,1,1,3,1,11,3,3,6,9,0,0,-1,0,1
45461,73.74108585,18.64236076,6,3,5,2,2,15:18,112,E08000009,3,56,6,30,6,2,6,0,0,0,1,1,2,0,0,1,1,E01006100,24-10-2018,1,1,3,2,11,3,3,5,1,0,0,-1,0,1
45462,73.75527876,18.58591847,6,3,3,1,6,12:25,112,E08000009,4,5214,6,30,3,4,6,0,0,0,1,5,2,0,0,1,1,E01006121,21-10-2018,1,1,1,1,23,5,3,0,0,0,0,-1,9,1
45463,73.90456352,18.53926871,6,3,1,1,4,16:50,112,E08000009,3,538,6,30,9,4,6,0,0,5,1,1,2,0,0,1,2,E01006075,26-10-2018,1,1,1,2,52,8,3,0,0,0,0,-1,9,1
45464,73.88760671,18.54299963,6,3,2,1,5,16:35,112,E08000009,6,0,6,30,9,4,6,0,0,0,1,1,1,0,0,1,2,E01006180,20-10-2018,2,1,1,1,43,7,3,0,0,0,0,-1,9,2
45465,73.7844087,18.49993827,6,3,2,1,6,08:40,112,E08000009,3,56,3,30,6,2,6,0,0,0,1,8,2,0,0,1,1,E01006094,21-10-2018,1,1,1,1,46,8,3,0,0,0,0,-1,19,1
45466,73.78190112,18.48982078,6,3,3,2,6,15:10,112,E08000009,3,56,3,40,3,4,4,5213,0,4,1,2,2,0,0,1,1,E01006144,21-10-2018,1,1,1,2,43,7,3,0,0,0,0,-1,9,1
45467,73.94874214,18.58931674,6,2,1,1,5,03:55,112,E08000009,3,56,3,40,9,2,3,5067,0,4,4,1,2,0,0,1,1,E01006188,27-10-2018,1,1,2,1,17,4,3,0,0,2,0,-1,9,1
45468,73.87891322,18.5645447,6,3,1,1,6,23:05,112,E08000009,2,6144,9,30,9,4,6,0,0,0,4,9,1,0,0,1,2,E01006169,28-10-2018,1,1,1,1,40,7,3,0,0,0,0,-1,20,1
45469,73.81241725,18.55290795,6,3,2,1,2,08:20,112,E08000009,5,0,6,30,2,4,5,0,0,8,1,2,2,0,0,1,1,E01006193,24-10-2018,1,1,2,2,42,7,3,0,0,1,0,-1,9,1
45470,73.84132395,18.57595693,6,3,2,3,6,21:25,112,E08000009,4,5215,3,30,6,2,3,5145,0,8,4,1,1,0,0,1,1,E01006179,28-10-2018,2,1,1,2,38,7,3,0,0,0,0,-1,9,1
45471,73.80543314,18.59565736,6,3,2,1,3,15:50,112,E08000009,6,0,6,30,6,4,6,0,0,0,1,2,2,0,0,1,2,E01006147,25-10-2018,1,1,1,2,37,7,3,0,0,0,0,-1,9,1
45472,73.9518534,18.53164218,6,2,1,1,7,11:25,112,E08000009,4,5166,6,30,3,4,5,0,0,4,1,1,1,0,0,1,1,E01006161,29-10-2018,1,1,1,2,17,4,3,0,0,0,0,-1,9,1
45473,73.83763153,18.6461655,6,3,2,1,1,17:15,112,E08000009,3,5067,6,30,6,2,5,0,0,5,4,1,2,0,0,1,1,E01006186,06-11-2018,1,1,1,2,22,5,3,0,0,0,0,-1,9,-1
45474,73.74537663,18.58613444,6,3,2,3,3,18:32,112,E08000009,4,5213,6,30,9,4,6,0,0,0,4,2,2,0,0,1,1,E01006200,25-10-2018,1,1,1,2,33,6,3,0,0,0,0,-1,9,1
45475,73.92524353,18.57067567,6,3,3,1,4,15:45,112,E08000009,4,5158,6,30,3,4,6,0,0,0,1,2,2,0,0,1,1,E01006132,26-10-2018,1,1,1,1,42,7,3,0,0,0,0,-1,9,1
45476,73.8779909,18.57632703,6,3,6,3,6,07:00,112,E08000009,4,5165,6,30,0,-1,-1,0,0,0,1,1,2,0,0,1,1,E01006205,28-10-2018,2,2,1,1,42,7,3,0,0,0,0,-1,9,1
45477,73.9190247,18.60633267,6,3,2,2,6,11:05,112,E08000009,3,6144,6,40,6,2,4,5158,0,0,1,1,1,0,0,2,1,E01006107,28-10-2018,1,1,1,2,21,5,3,0,0,0,0,-1,9,1
45478,73.73830106,18.56783304,6,3,1,1,7,19:40,112,E08000009,6,0,6,30,3,4,6,0,0,0,4,1,1,0,0,1,1,E01006206,29-10-2018,1,2,2,2,16,4,3,0,0,1,0,-1,9,1
45479,73.91438668,18.54357731,6,3,3,1,2,10:33,112,E08000009,5,0,6,30,3,4,6,0,0,0,1,1,1,0,0,1,1,E01006112,31-10-2018,2,1,1,1,40,7,3,0,0,0,0,-1,11,-1
45480,73.78153746,18.50625763,6,3,2,1,4,09:11,112,E08000009,3,5067,3,30,6,2,6,0,0,0,1,1,2,0,0,1,1,E01006145,02-11-2018,2,1,1,2,29,6,3,0,0,0,0,-1,9,1
45481,73.85137445,18.50716255,6,3,2,1,4,20:35,112,E08000009,6,0,6,30,3,4,2,6144,0,0,4,1,2,0,0,1,1,E01006099,02-11-2018,3,1,1,1,36,7,3,0,0,0,0,-1,9,1
45482,73.81959672,18.5057211,6,2,2,2,4,20:56,112,E08000009,3,56,3,30,3,4,6,0,0,0,4,1,1,0,0,1,1,E01006150,02-11-2018,4,2,1,2,36,7,3,0,0,0,0,-1,9,1
45483,73.86058789,18.62078841,6,3,2,1,6,21:00,112,E08000009,3,5014,3,30,6,4,6,0,0,0,4,1,2,0,0,1,2,E01006141,04-11-2018,2,1,1,1,20,4,3,0,0,0,0,-1,9,1
45484,73.88707288,18.63968883,6,3,2,1,6,17:45,112,E08000009,6,0,9,30,3,4,6,0,0,0,4,5,2,0,0,2,1,E01006081,04-11-2018,1,1,1,2,53,8,3,0,0,0,0,-1,9,1
45485,73.90078709,18.60830338,6,3,2,1,7,17:10,112,E08000009,4,5158,6,30,3,4,5,0,0,0,4,8,2,0,0,1,1,E01006131,05-11-2018,1,2,2,2,45,7,3,0,0,2,0,-1,9,1
45486,73.7543488,18.59993957,6,3,1,1,7,18:27,112,E08000009,4,5158,3,30,1,4,6,0,0,1,4,2,2,0,0,1,1,E01006118,05-11-2018,2,1,1,2,36,7,3,0,0,0,0,-1,9,1
45487,73.87077509,18.51830374,6,3,2,1,1,15:05,112,E08000009,4,5214,9,30,0,-1,-1,0,0,0,1,1,1,0,0,1,1,E01006121,06-11-2018,1,1,1,2,39,7,3,0,0,0,0,-1,9,1
45488,73.74317636,18.62615437,6,3,1,1,4,11:30,112,E08000009,3,538,9,30,9,4,6,0,0,0,1,2,2,0,0,1,2,E01006075,09-11-2018,1,1,1,2,58,9,2,0,0,0,0,-1,9,3
45489,73.82463346,18.63334502,6,3,2,2,4,16:30,112,E08000009,6,0,6,30,9,4,6,0,0,0,4,1,1,0,0,1,2,E01006157,09-11-2018,1,1,3,1,14,3,3,6,9,0,0,-1,0,1
45490,73.91502401,18.58010193,6,3,1,1,2,07:55,112,E08000009,6,0,6,30,9,4,6,0,0,0,1,1,1,0,0,1,2,E01006123,07-11-2018,1,1,1,2,45,7,3,0,0,0,0,-1,9,1
45491,73.77847279,18.63816817,6,3,2,1,5,14:38,112,E08000009,4,5217,6,30,8,4,6,0,0,0,1,1,1,0,0,1,1,E01006188,10-11-2018,1,2,2,2,15,3,3,0,0,1,0,-1,9,1
45492,73.80619799,18.48802786,6,3,1,1,2,08:45,112,E08000009,3,6144,6,30,9,4,6,0,0,8,1,1,1,0,0,1,1,E01006104,07-11-2018,1,1,1,1,24,5,2,0,0,0,0,-1,9,1
45493,73.73763661,18.63808311,6,3,3,1,3,09:50,112,E08000009,3,56,3,40,0,-1,-1,0,0,0,1,2,2,4,0,1,1,E01006186,08-11-2018,2,1,1,1,72,10,3,0,0,0,0,-1,9,1
45494,73.96208263,18.62877713,6,3,2,1,6,19:48,112,E08000009,6,0,2,30,9,4,3,538,0,0,1,9,1,0,0,1,2,E01006077,11-11-2018,1,1,1,1,29,6,3,0,0,0,0,-1,9,1
45495,73.75836408,18.49595885,6,3,2,1,5,11:45,112,E08000009,4,5397,6,30,9,4,6,0,0,0,5,2,2,0,0,1,2,E01006164,10-11-2018,2,2,1,1,20,4,3,0,0,0,0,-1,9,1
45496,73.8062622,18.52187551,6,3,4,6,7,17:40,112,E08000009,3,5081,3,30,0,-1,-1,0,0,0,4,1,2,0,0,1,1,E01006158,12-11-2018,1,1,3,2,6,2,2,5,3,0,0,-1,0,1
45497,73.83446315,18.57555378,6,3,1,1,3,00:15,112,E08000009,3,6144,6,40,0,-1,-1,0,0,0,4,2,2,0,0,2,1,E01006087,15-11-2018,2,1,1,1,31,6,3,0,0,0,0,-1,9,1
45498,73.76290288,18.57927652,6,3,2,1,4,16:45,112,E08000009,6,0,3,30,5,4,3,5081,0,0,4,1,1,0,0,1,2,E01006157,16-11-2018,2,2,2,2,45,7,3,0,0,1,0,-1,9,1
45499,73.7814594,18.61860897,6,3,1,1,3,13:30,112,E08000009,3,5145,6,30,9,4,5,0,0,0,1,5,2,0,0,1,1,E01006143,08-11-2018,2,3,2,1,29,6,3,0,0,2,0,-1,9,1
45500,73.93212181,18.63299968,6,2,1,1,3,17:15,112,E08000009,6,0,6,30,0,-1,-1,0,0,0,4,2,2,0,0,1,1,E01006204,08-11-2018,2,1,1,2,46,8,3,0,0,0,0,-1,9,1
45501,73.76052165,18.52809441,6,3,3,2,4,15:00,112,E08000009,3,538,6,30,0,-1,-1,0,0,0,1,1,1,0,0,1,1,E01006135,09-11-2018,1,1,1,2,46,8,3,0,0,0,0,-1,9,1
45502,73.92651278,18.56127851,6,3,2,1,6,08:30,112,E08000009,4,5211,6,40,0,-1,-1,0,0,0,1,1,4,0,0,1,1,E01006157,18-11-2018,1,1,1,1,41,7,3,0,0,0,0,-1,1,1
45503,73.89934303,18.62205765,6,3,2,2,6,10:05,112,E08000009,4,5211,3,30,6,4,6,0,0,0,1,1,1,0,0,1,1,E01006158,18-11-2018,1,1,1,2,25,5,3,0,0,0,0,-1,9,1
45504,73.88635455,18.54829316,6,3,2,2,4,19:25,112,E08000009,2,6144,1,30,1,4,6,0,0,0,4,1,2,0,0,1,1,E01006099,16-11-2018,2,2,1,1,21,5,3,0,0,0,0,-1,9,1
45505,73.88610944,18.60258031,6,2,2,2,1,14:44,112,E08000009,3,538,6,30,6,2,3,5144,0,0,1,1,1,0,0,1,1,E01006134,20-11-2018,2,1,1,1,32,6,3,0,0,0,0,-1,9,3
45506,73.8269925,18.64431533,6,3,2,1,6,15:30,112,E08000009,3,5014,6,30,0,-1,-1,0,0,0,1,1,1,0,0,1,2,E01006185,18-11-2018,2,2,2,2,31,6,3,0,0,1,0,-1,9,3
45507,73.96207637,18.50105782,6,2,1,1,1,14:50,112,E08000009,3,6144,6,30,6,4,6,0,0,0,1,1,1,0,0,1,1,E01006169,20-11-2018,2,3,2,1,6,2,3,0,0,2,0,-1,9,3
45508,73.78515571,18.60572134,6,3,2,1,1,19:15,112,E08000009,3,56,3,30,7,2,6,0,0,0,4,1,2,0,0,1,1,E01006154,20-11-2018,2,4,2,1,3,1,3,0,0,2,0,-1,9,3
45509,73.78535606,18.52799026,6,3,1,1,4,15:40,112,E08000009,4,5158,6,30,6,2,6,0,0,5,1,1,1,0,0,1,2,E01006129,23-11-2018,2,1,2,2,10,2,3,0,0,1,0,-1,9,1
45510,73.93102444,18.62647219,6,2,2,1,5,16:41,112,E08000009,5,0,6,30,3,4,6,0,0,0,4,1,2,0,0,1,1,E01006074,17-11-2018,2,1,1,1,53,8,3,0,0,0,0,-1,9,1
45511,73.93839793,18.55527182,6,3,3,3,4,17:45,112,E08000009,3,5145,6,30,6,2,6,0,0,5,1,1,1,0,0,1,2,E01006143,23-11-2018,2,1,1,1,50,8,2,0,0,0,0,-1,9,1
45512,73.77283539,18.57524868,6,3,2,1,6,09:55,112,E08000009,4,5166,1,30,1,4,6,0,0,0,1,1,1,0,0,1,1,E01006150,25-11-2018,2,1,1,2,49,8,3,0,0,0,0,-1,9,1
45513,73.81341512,18.54998693,6,3,1,1,7,01:21,112,E08000009,6,0,6,30,9,4,6,0,0,0,4,1,2,0,0,1,1,E01006193,26-11-2018,1,1,1,1,38,7,3,0,0,0,0,-1,9,-1
45514,73.88407809,18.55370954,6,3,1,1,2,00:25,112,E08000009,4,5166,3,30,3,3,6,0,0,0,4,2,4,0,0,1,1,E01006160,28-11-2018,2,2,1,1,61,9,3,0,0,0,0,-1,8,1
45515,73.7635081,18.63565165,6,3,2,1,7,12:45,112,E08000009,6,0,6,30,9,4,6,0,0,0,1,1,1,0,0,1,2,E01006139,26-11-2018,2,3,2,1,20,4,3,0,0,2,0,-1,8,-1
45516,73.86829357,18.49231912,6,3,2,2,2,20:35,112,E08000009,4,5214,1,30,1,2,1,60,0,0,4,1,1,0,0,1,2,E01006121,28-11-2018,1,1,2,2,75,10,2,0,0,1,0,-1,9,1
45517,73.82702188,18.63359462,6,3,2,2,3,13:15,112,E08000009,3,56,3,30,3,2,3,56,0,0,1,1,1,0,0,1,2,E01006188,29-11-2018,1,1,1,1,30,6,3,0,0,0,0,-1,11,1
45518,73.94999419,18.50615025,6,3,2,1,2,06:45,112,E08000009,6,0,3,40,1,2,3,5081,0,5,4,1,1,0,0,1,1,E01006157,14-11-2018,1,1,1,1,37,7,3,0,0,0,0,-1,9,1
45519,73.95627495,18.53577362,6,3,3,2,4,22:30,112,E08000009,4,5211,3,40,7,2,3,5081,0,5,4,1,2,0,0,1,1,E01006158,23-11-2018,1,1,1,1,20,4,3,0,0,0,0,-1,9,1
45520,73.73951535,18.49920648,6,3,2,1,5,13:15,112,E08000009,6,0,6,30,3,4,5,0,0,0,1,1,1,0,0,1,1,E01006199,24-11-2018,1,2,2,2,19,4,3,0,0,1,0,-1,9,1
45521,73.91243671,18.57057678,6,3,2,1,5,16:50,112,E08000009,4,5164,2,30,6,2,3,560,0,0,4,1,2,0,0,1,1,E01006080,24-11-2018,2,1,1,2,27,6,3,0,0,0,0,-1,9,1
45522,73.76651924,18.52387645,6,3,3,1,6,16:30,112,E08000009,3,5081,3,40,0,-1,-1,0,0,0,4,1,2,0,0,1,2,E01006158,25-11-2018,2,1,2,2,21,5,3,0,0,0,4,-1,11,1
45523,73.76242584,18.60049368,6,3,2,1,4,08:25,112,E08000009,5,0,6,30,3,4,6,0,0,1,1,2,2,0,0,1,1,E01006157,30-11-2018,2,2,2,1,22,5,3,0,0,0,3,-1,11,1
45524,73.78239021,18.61719247,6,3,3,1,5,16:45,112,E08000009,3,56,3,40,0,-1,-1,0,0,0,6,2,2,0,0,1,1,E01006081,01-12-2018,2,3,2,1,16,4,3,0,0,0,4,-1,11,1
45525,73.7765623,18.63930657,6,3,2,1,6,16:40,112,E08000009,3,56,3,30,6,2,4,5166,0,5,4,1,1,0,0,1,2,E01006160,02-12-2018,2,4,2,1,27,6,3,0,0,0,3,-1,11,1
45526,73.81467626,18.49596322,6,3,2,1,6,17:43,112,E08000009,6,0,1,30,1,4,6,0,0,0,4,1,1,0,0,1,1,E01006121,02-12-2018,1,1,1,2,23,5,2,0,0,0,0,-1,9,1
45527,73.77597591,18.51169073,6,3,2,2,6,19:15,112,E08000009,3,5081,6,30,6,2,4,5188,0,5,4,1,2,0,0,1,1,E01006157,02-12-2018,1,3,2,1,23,5,2,0,0,1,0,-1,9,1
45528,73.96112838,18.49395783,6,3,2,1,1,13:50,112,E08000009,6,0,6,30,0,-1,-1,0,0,0,1,8,2,0,0,1,2,E01006199,04-12-2018,2,2,1,1,46,8,3,0,0,0,0,-1,9,1
45529,73.80919581,18.57152091,6,3,2,1,2,12:00,112,E08000009,5,0,6,30,6,2,3,5014,0,0,1,1,3,0,0,1,2,E01006145,28-11-2018,1,1,1,1,36,7,3,0,0,0,0,-1,8,1
45530,73.92451184,18.58985558,6,3,1,1,6,12:00,112,E08000009,5,0,6,30,9,4,6,0,0,0,1,1,1,0,0,1,2,E01006123,02-12-2018,2,1,2,2,30,6,3,0,0,1,0,-1,9,-1
45531,73.94435663,18.56109781,6,3,2,1,3,16:45,112,E08000009,4,5211,6,30,2,4,6,0,0,0,1,1,2,0,0,1,1,E01006121,29-11-2018,1,1,3,1,29,6,3,6,9,0,0,-1,0,1
45532,73.77894375,18.53764026,6,3,1,1,4,13:35,112,E08000009,3,56,3,30,0,-1,-1,0,0,4,1,8,2,0,0,1,1,E01006078,30-11-2018,1,2,1,1,46,8,3,0,0,0,0,-1,9,1
45533,73.86490406,18.62386896,6,3,2,1,4,21:00,112,E08000009,6,0,3,30,3,4,6,0,0,1,4,1,2,0,0,1,2,E01006158,30-11-2018,2,1,1,1,24,5,3,0,0,0,0,-1,9,1
45534,73.74790324,18.50397003,6,3,1,1,6,16:17,112,E08000009,4,5166,6,30,0,-1,-1,0,0,0,4,1,2,0,0,1,1,E01006178,02-12-2018,1,1,1,1,35,6,3,0,0,0,0,-1,9,1
45535,73.94728264,18.61571942,6,3,1,1,3,14:10,112,E08000009,5,0,6,30,3,4,4,5166,0,5,1,1,1,0,0,1,1,E01006161,06-12-2018,2,1,1,2,36,7,3,0,0,0,0,-1,9,1
45536,73.78669433,18.5442131,6,3,2,1,5,09:40,112,E08000009,6,0,6,30,3,2,4,5214,0,0,1,1,1,0,0,2,2,E01006121,08-12-2018,2,1,1,1,56,9,3,0,0,0,0,-1,9,1
45537,73.77465558,18.53784529,6,3,2,1,3,08:00,112,E08000009,3,6144,6,30,3,4,6,0,0,0,1,1,2,0,0,1,2,E01006099,06-12-2018,1,1,2,1,32,6,3,0,0,1,0,-1,9,-1
45538,73.76731879,18.53262825,6,3,2,1,2,01:24,112,E08000009,3,6144,6,30,0,-1,-1,0,0,0,4,1,2,0,0,1,1,E01006174,12-12-2018,1,2,1,1,33,6,3,0,0,0,0,-1,9,-1
45539,73.93270078,18.63550834,6,3,2,2,6,08:35,112,E08000009,4,5164,6,30,3,4,6,0,0,0,1,1,1,0,0,1,1,E01006080,02-12-2018,2,1,1,1,61,9,3,0,0,0,0,-1,1,-1
45540,73.85360786,18.60069134,6,1,1,2,7,22:36,112,E08000009,5,0,6,30,6,4,5,0,0,0,4,1,2,0,0,1,1,E01006084,10-12-2018,1,1,1,2,26,6,3,0,0,0,0,-1,9,1
45541,73.75688559,18.52695494,6,2,1,1,6,16:24,112,E08000009,4,5218,6,30,3,4,4,5218,0,0,4,1,1,0,0,1,1,E01006115,09-12-2018,1,1,3,2,13,3,2,4,1,0,0,-1,0,1
45542,73.81794852,18.52394157,6,3,2,3,6,19:30,112,E08000009,4,5158,6,30,3,4,6,0,0,0,4,1,1,0,0,1,1,E01006131,09-12-2018,1,1,1,1,30,6,3,0,0,0,0,-1,9,1
45543,73.89616632,18.52532766,6,3,2,1,6,20:40,112,E08000009,3,56,3,30,7,2,3,56,0,5,4,1,1,0,0,1,1,E01006188,09-12-2018,1,2,2,1,40,7,3,0,0,1,0,-1,9,1
45544,73.82255533,18.62993335,6,3,2,2,1,17:18,112,E08000009,3,6144,6,40,9,4,6,0,0,0,4,1,1,0,0,1,1,E01006105,11-12-2018,1,3,2,1,11,3,3,0,0,2,0,-1,9,1
45545,73.88109956,18.51069105,6,3,1,1,1,14:15,112,E08000009,6,0,6,30,0,-1,-1,0,0,0,1,1,1,0,0,1,2,E01006092,11-12-2018,1,1,1,1,46,8,2,0,0,0,0,-1,1,-1
45546,73.83874155,18.60528128,6,3,2,3,3,12:05,112,E08000009,3,56,3,30,6,2,4,5397,0,0,1,1,1,0,0,1,1,E01006165,06-12-2018,1,1,1,2,30,6,3,0,0,0,0,-1,9,1
45547,73.75180564,18.52452903,6,3,2,1,1,19:20,112,E08000009,3,5104,9,30,3,4,5,0,0,0,4,1,1,0,0,1,2,E01006185,11-12-2018,2,2,1,1,26,6,3,0,0,0,0,-1,20,1
45548,73.90516434,18.52795709,6,3,1,1,1,18:50,112,E08000009,4,5213,6,30,0,-1,-1,0,0,1,4,1,2,0,0,1,1,E01006184,04-12-2018,1,1,1,1,37,7,1,0,0,0,0,-1,9,-1
45549,73.90511025,18.51594298,6,2,2,1,5,16:57,112,E08000009,3,560,6,30,0,-1,-1,0,0,4,4,1,1,0,0,2,1,E01006192,08-12-2018,2,1,1,1,42,7,3,0,0,0,0,-1,1,1
45550,73.76666874,18.53933148,6,3,1,1,1,20:00,112,E08000009,3,56,3,30,3,4,6,0,0,0,4,1,1,0,0,1,1,E01006144,11-12-2018,1,1,1,1,35,6,3,0,0,0,0,-1,9,-1
45551,73.74354284,18.60455801,6,3,1,1,3,12:55,112,E08000009,4,5166,6,30,0,-1,-1,0,0,0,1,1,2,0,0,1,2,E01006160,13-12-2018,1,1,1,2,17,4,3,0,0,0,0,-1,9,-1
45552,73.86385008,18.57137249,6,3,1,1,4,12:54,112,E08000009,6,0,6,30,3,4,6,0,0,0,1,1,1,0,0,1,1,E01006075,14-12-2018,2,1,1,2,50,8,3,0,0,0,0,-1,9,1
45553,73.79522061,18.5995552,6,3,2,1,5,08:20,112,E08000009,6,0,6,30,0,-1,-1,0,0,0,1,1,1,0,0,1,2,E01006091,15-12-2018,2,1,1,2,22,5,3,0,0,0,0,-1,9,-1
45554,73.84592812,18.59647934,6,3,2,1,5,00:10,112,E08000009,3,56,3,30,3,2,6,0,0,5,4,1,2,0,0,1,1,E01006187,15-12-2018,1,1,2,2,68,10,3,0,0,2,0,-1,21,1
45555,73.91204962,18.64621048,6,3,2,1,1,15:30,112,E08000009,3,56,3,30,3,4,6,0,0,0,1,1,1,0,0,1,2,E01006187,18-12-2018,1,3,1,1,27,6,3,0,0,0,0,-1,9,1
45556,73.86847487,18.52807134,6,3,2,2,6,13:10,112,E08000009,6,0,1,30,1,4,6,0,0,0,1,9,1,0,0,1,2,E01006191,09-12-2018,2,1,2,2,18,4,3,0,0,0,4,-1,11,1
45557,73.77356551,18.62905753,6,2,1,1,2,07:40,112,E08000009,3,538,6,30,9,4,6,0,0,0,1,1,2,0,0,1,1,E01006194,12-12-2018,2,2,2,2,33,6,3,0,0,0,4,-1,11,1
45558,73.7726474,18.60373653,6,2,1,1,2,12:50,112,E08000009,5,0,6,30,9,4,6,0,0,0,1,1,1,0,0,1,1,E01006125,12-12-2018,2,1,1,2,35,6,3,0,0,0,0,-1,9,1
45559,73.79531329,18.49302685,6,3,1,1,3,18:30,112,E08000009,6,0,2,30,3,4,6,0,0,0,4,2,2,0,0,1,1,E01006111,20-12-2018,1,1,1,2,25,5,3,0,0,0,0,-1,9,2
45560,73.95378717,18.59056305,6,3,1,3,3,21:00,112,E08000009,3,5181,6,30,3,2,4,5211,0,0,4,2,2,0,0,1,1,E01006157,20-12-2018,1,2,2,1,21,5,3,0,0,1,0,-1,9,1
45561,73.96162597,18.57033854,6,3,1,1,7,20:30,112,E08000009,2,6144,6,60,3,4,2,6144,0,0,7,1,1,0,0,2,2,E01006107,17-12-2018,3,1,2,1,23,5,3,0,0,0,0,-1,10,-1
45562,73.92717627,18.56287792,6,3,3,1,4,19:22,112,E08000009,6,0,1,30,1,4,3,576,0,0,4,1,2,0,0,1,1,E01006121,21-12-2018,1,1,1,1,55,8,3,0,0,0,0,-1,9,1
45563,73.91272953,18.55720137,6,3,2,2,4,23:05,112,E08000009,3,5067,6,30,6,4,6,0,0,4,4,1,2,0,0,1,1,E01006141,21-12-2018,1,1,2,1,15,3,3,0,0,1,0,-1,9,1
45564,73.74150305,18.4916909,6,3,2,2,5,00:08,112,E08000009,5,0,6,30,3,4,6,0,0,0,4,7,2,0,0,1,1,E01006199,22-12-2018,1,1,1,1,45,7,3,0,0,0,0,-1,5,1
45565,73.96302004,18.61491116,6,3,2,1,5,17:00,112,E08000009,6,0,6,30,9,4,6,0,0,0,1,1,1,0,0,2,2,E01006138,22-12-2018,2,1,1,1,30,6,3,0,0,0,0,-1,9,-1
45566,73.91185135,18.50478526,6,3,2,1,6,14:30,112,E08000009,5,0,1,30,1,4,3,5081,0,0,1,1,1,0,0,1,1,E01006158,02-12-2018,2,2,2,2,35,6,3,0,0,1,0,-1,9,-1
45567,73.80862606,18.61849109,6,3,3,1,2,17:45,112,E08000009,3,5014,6,30,0,-1,-1,0,0,0,4,1,1,0,0,1,1,E01006145,12-12-2018,2,1,1,2,56,9,3,0,0,0,0,-1,9,1
45568,73.93737408,18.58032522,6,3,2,1,2,13:53,112,E08000009,3,56,6,30,3,2,5,0,0,5,1,1,1,0,0,1,1,E01006089,19-12-2018,1,1,1,2,47,8,3,0,0,0,0,-1,9,1
45569,73.92687558,18.50183183,6,3,2,1,2,16:55,112,E08000009,5,0,6,30,0,-1,-1,0,0,0,4,1,2,0,0,1,1,E01006097,19-12-2018,2,1,1,1,28,6,3,0,0,0,0,-1,9,1
45570,73.92603993,18.52677376,6,3,2,1,5,12:40,112,E08000009,6,0,6,30,0,-1,-1,0,0,0,1,2,2,0,0,1,1,E01006106,22-12-2018,1,1,3,1,79,11,2,8,3,0,0,-1,0,1
45571,73.77868708,18.57481226,6,2,1,1,5,14:00,112,E08000009,4,5158,6,30,3,4,6,0,0,0,1,1,2,0,0,1,1,E01006132,22-12-2018,1,1,3,2,42,7,3,5,1,0,0,-1,0,1
45572,73.95105189,18.48951303,6,3,1,1,6,20:15,112,E08000009,6,0,6,30,9,4,6,0,0,0,4,1,2,0,0,1,1,E01006117,23-12-2018,2,1,1,1,60,9,3,0,0,0,0,-1,9,1
45573,73.77734801,18.61971548,6,3,2,1,7,01:38,112,E08000009,3,56,6,30,0,-1,-1,0,0,0,4,1,2,0,0,1,1,E01006188,24-12-2018,1,1,1,1,40,7,3,0,0,0,0,-1,9,1
45574,73.75892094,18.60116467,6,3,2,1,2,13:45,112,E08000009,3,5067,3,30,6,2,6,0,0,5,1,2,2,0,0,1,1,E01006145,26-12-2018,1,1,1,2,34,6,3,0,0,0,0,-1,9,1
45575,73.8518476,18.51926777,6,3,1,1,2,17:15,112,E08000009,5,0,6,30,0,-1,-1,0,0,0,4,1,1,0,0,1,1,E01006130,26-12-2018,1,1,1,2,32,6,3,0,0,0,0,-1,9,3
45576,73.8800063,18.63496256,6,3,3,2,2,17:25,112,E08000009,1,60,1,30,1,2,4,5214,0,0,4,1,2,0,0,1,1,E01006121,26-12-2018,1,1,1,2,27,6,3,0,0,0,0,-1,9,1
45577,73.93058902,18.6187356,6,3,2,1,4,09:20,112,E08000009,6,0,6,30,3,4,2,6144,0,4,1,1,1,0,0,1,2,E01006097,28-12-2018,1,1,3,2,14,3,3,5,1,0,0,-1,0,-1
45578,73.7692767,18.64556534,6,3,2,1,4,11:00,112,E08000009,6,0,6,30,6,4,6,0,0,0,1,8,4,0,0,1,1,E01006183,28-12-2018,1,1,2,1,25,5,2,0,0,1,0,-1,19,-1