Accident_Index,longitude,latitude,Police_Force,Accident_Severity,Number_of_Vehicles,Number_of_Casualties,Day_of_Week,Time,Local_Authority_(District),Local_Authority_(Highway),1st_Road_Class,1st_Road_Number,Road_Type,Speed_limit,Junction_Detail,Junction_Control,2nd_Road_Class,2nd_Road_Number,Pedestrian_Crossing-Human_Control,Pedestrian_Crossing-Physical_Facilities,Light_Conditions,Weather_Conditions,Road_Surface_Conditions,Special_Conditions_at_Site,Carriageway_Hazards,Urban_or_Rural_Area,Did_Police_Officer_Attend_Scene_of_Accident,LSOA_of_Accident_Location,Date,Vehicle_Reference,Casualty_Reference,Casualty_Class,Sex_of_Casualty,Age_of_Casualty,Age_Band_of_Casualty,Casualty_Severity,Pedestrian_Location,Pedestrian_Movement,Car_Passenger,Bus_or_Coach_Passenger,Pedestrian_Road_Maintenance_Worker,Casualty_Type,Casualty_Home_Area_Type
45940,73.77326186,18.62236562,6,3,2,1,3,09:55,101,E08000002,5,0,6,30,6,4,6,0,0,0,1,1,1,0,0,1,1,E01004964,09-08-2018,2,2,2,1,40,7,3,0,0,1,0,-1,9,1
45941,73.91051366,18.62066045,6,3,2,1,1,12:50,101,E08000002,5,0,6,30,3,4,3,665,0,0,1,1,1,0,0,2,1,E01005000,21-08-2018,2,3,2,1,43,7,3,0,0,2,0,-1,9,1
45942,73.78913007,18.62073813,6,2,3,2,7,22:05,101,E08000002,3,665,6,30,3,4,6,0,0,0,4,1,1,0,0,1,1,E01004995,13-08-2018,2,1,1,2,55,8,3,0,0,0,0,-1,9,-1
45943,73.78276897,18.50719041,6,3,2,1,3,19:50,101,E08000002,3,665,6,30,0,-1,-1,0,0,4,1,1,1,0,0,1,1,E01005041,16-08-2018,1,1,2,2,59,9,3,0,0,1,0,-1,9,1
45944,73.80163176,18.51458251,6,3,2,3,2,13:40,101,E08000002,6,0,6,20,3,4,6,0,0,0,1,1,1,0,0,1,1,E01005026,15-08-2018,1,1,1,1,47,8,2,0,0,0,0,-1,9,1
45945,73.93575304,18.6425604,6,3,2,1,4,23:40,101,E08000002,4,6219,1,30,1,4,6,0,0,0,4,1,1,0,0,1,2,E01005028,17-08-2018,2,1,2,1,9,2,3,0,0,1,0,-1,9,1
45946,73.73845775,18.61221293,6,3,2,1,4,15:30,101,E08000002,3,56,6,30,0,-1,-1,0,0,0,1,1,1,0,0,1,2,E01005015,17-08-2018,2,2,2,1,2,1,3,0,0,2,0,-1,9,1
45947,73.76536793,18.54113375,6,3,2,1,6,16:30,101,E08000002,3,58,3,30,7,2,3,58,0,5,1,1,1,0,0,1,2,E01004948,19-08-2018,2,1,1,1,16,4,3,0,0,0,0,-1,1,1
45948,73.85255384,18.59143057,6,3,2,3,5,17:25,101,E08000002,3,56,6,30,6,4,6,0,0,1,1,1,1,0,0,1,1,E01004982,18-08-2018,1,1,1,1,35,6,3,0,0,0,0,-1,9,1
45949,73.92498374,18.63149145,6,3,1,1,7,19:00,101,E08000002,6,0,6,30,9,4,6,0,0,0,1,9,1,0,0,1,2,E01004958,20-08-2018,2,2,1,2,48,8,3,0,0,0,0,-1,9,1
45950,73.74195768,18.64387689,6,3,2,1,1,15:45,101,E08000002,6,0,6,30,9,4,6,0,0,0,1,1,1,0,0,1,1,E01005012,21-08-2018,2,1,1,2,35,6,3,0,0,0,0,-1,9,1
45951,73.84847915,18.5080009,6,3,2,2,1,20:25,101,E08000002,3,56,6,30,3,2,5,0,0,0,4,1,1,0,0,1,1,E01004979,21-08-2018,2,1,1,1,77,11,3,0,0,0,0,-1,9,-1
45952,73.80294327,18.59017645,6,3,2,1,3,14:00,101,E08000002,3,58,1,30,1,2,3,58,0,0,1,1,1,0,0,1,2,E01004957,23-08-2018,2,1,1,1,7,2,3,0,0,0,0,-1,1,1
45953,73.81904032,18.5035604,6,3,2,1,3,11:20,101,E08000002,3,56,6,30,3,4,6,0,0,0,1,1,1,0,0,1,2,E01005034,23-08-2018,2,1,1,1,21,5,3,0,0,0,0,-1,1,1
45954,73.74935712,18.51339737,6,3,2,3,4,11:55,102,E08000003,3,576,3,30,9,2,3,6044,0,5,1,1,2,0,0,1,1,E01005160,24-08-2018,1,1,2,1,19,4,3,0,0,1,0,-1,9,-1
45955,73.75146962,18.50749516,6,2,2,4,4,12:25,101,E08000002,3,56,6,30,7,2,3,665,0,5,1,1,1,0,0,1,1,E01004983,24-08-2018,1,1,1,2,34,6,3,0,0,0,0,-1,9,-1
45956,73.88884972,18.53216106,6,3,2,1,7,21:45,101,E08000002,3,56,6,30,3,4,6,0,0,0,4,1,1,0,0,1,1,E01005036,27-08-2018,2,1,1,1,25,5,3,0,0,0,0,-1,9,1
45957,73.7669205,18.61097704,6,3,2,5,7,17:05,101,E08000002,3,56,6,30,3,4,6,0,0,0,1,1,1,0,0,1,1,E01005027,27-08-2018,2,1,1,1,11,3,3,0,0,0,0,-1,1,1
45958,73.90587481,18.54847826,6,3,2,1,4,13:20,101,E08000002,3,665,3,30,7,4,6,0,0,8,1,1,1,0,0,1,1,E01004983,31-08-2018,2,1,1,1,9,2,3,0,0,0,0,-1,1,-1
45959,73.92646582,18.54514342,6,3,2,1,7,15:45,101,E08000002,4,6214,6,30,0,-1,-1,0,0,0,1,1,2,0,0,2,1,E01005018,13-08-2018,3,1,2,2,42,7,3,0,0,0,4,-1,11,-1
45960,73.85945628,18.61532268,6,3,2,2,6,07:30,101,E08000002,3,665,6,30,3,4,6,0,0,0,1,2,2,0,0,1,1,E01005039,26-08-2018,2,1,1,1,11,3,2,0,0,0,0,-1,1,-1
45961,73.85679846,18.52959078,6,3,2,1,1,01:17,101,E08000002,6,0,6,30,0,-1,-1,0,0,0,4,1,1,0,0,1,1,E01004984,28-08-2018,2,1,1,1,34,6,3,0,0,0,0,-1,20,1
45962,73.89129473,18.52884077,6,3,2,1,5,15:10,101,E08000002,3,58,6,30,6,4,4,6196,0,0,1,1,1,0,0,1,1,E01004948,01-09-2018,1,1,1,1,27,6,3,0,0,0,0,-1,9,-1
45963,73.79542764,18.52120615,6,2,2,2,6,09:25,101,E08000002,6,0,6,30,9,4,3,56,0,1,1,1,1,3,0,1,1,E01005034,02-09-2018,1,2,2,1,25,5,3,0,0,1,0,-1,9,-1
45964,73.75737966,18.63506546,6,3,1,1,6,10:20,101,E08000002,6,0,6,30,3,3,3,6053,0,8,1,1,1,0,0,1,1,E01004994,02-09-2018,2,3,1,1,21,5,3,0,0,0,0,-1,9,1
45965,73.76766153,18.60821779,6,3,2,1,6,18:30,101,E08000002,3,56,6,30,0,-1,-1,0,0,0,1,1,1,0,0,1,1,E01005060,02-09-2018,2,1,1,1,19,4,3,0,0,0,0,-1,9,1
45966,73.8184499,18.57766362,6,3,2,1,7,21:20,101,E08000002,3,6044,6,30,3,4,6,0,0,0,4,1,1,0,0,1,1,E01005032,03-09-2018,1,1,1,1,23,5,3,0,0,0,0,-1,9,-1
45967,73.7693898,18.56965803,6,3,2,1,7,12:30,101,E08000002,3,56,3,30,3,2,6,0,0,0,1,1,1,0,0,1,2,E01005025,03-09-2018,1,2,2,2,34,6,3,0,0,1,0,-1,9,-1
45968,73.82233724,18.50368015,6,3,2,2,3,18:15,101,E08000002,5,0,6,30,0,-1,-1,0,0,0,1,1,1,0,0,1,1,E01005023,06-09-2018,1,1,1,1,40,7,3,0,0,0,0,-1,9,-1
45969,73.85090488,18.56983541,6,3,2,1,4,17:15,101,E08000002,6,0,6,30,3,4,3,6044,0,0,1,2,1,0,0,1,2,E01005038,07-09-2018,2,1,1,2,33,6,3,0,0,0,0,-1,9,1
45970,73.94328434,18.60655808,6,2,1,1,4,16:35,101,E08000002,6,0,6,30,0,-1,-1,0,0,0,1,1,1,0,0,1,1,E01005030,07-09-2018,1,1,1,2,41,7,3,0,0,0,0,-1,9,1
45971,73.93845434,18.55682403,6,3,1,1,4,16:35,101,E08000002,3,58,3,30,9,2,4,6219,0,4,1,1,1,0,0,1,2,E01005024,07-09-2018,2,2,1,2,71,10,3,0,0,0,0,-1,9,1
45972,73.91592594,18.61675422,6,2,2,1,4,19:10,101,E08000002,5,0,6,30,6,4,6,0,0,0,1,1,1,0,0,1,1,E01005030,07-09-2018,1,2,2,2,12,3,3,0,0,2,0,-1,9,1
45973,73.87116021,18.62931463,6,3,2,2,7,17:05,101,E08000002,5,0,6,30,0,-1,-1,0,0,0,1,1,1,0,0,1,1,E01005012,10-09-2018,1,3,1,2,27,6,3,0,0,0,0,-1,9,1
45974,73.75435508,18.53580958,6,2,3,6,4,08:20,101,E08000002,4,6214,6,30,0,-1,-1,0,0,0,1,1,2,0,0,1,1,E01005021,14-09-2018,2,1,2,2,8,2,3,0,0,2,0,-1,9,1
45975,73.85033921,18.61320542,6,3,1,1,1,17:20,101,E08000002,6,0,6,30,9,4,6,0,0,0,1,1,1,0,0,1,2,E01004976,18-09-2018,1,1,1,1,57,9,3,0,0,0,0,-1,9,1
45976,73.91812621,18.56841404,6,3,2,1,2,15:30,101,E08000002,3,56,3,30,9,4,4,6218,0,0,1,1,1,0,0,1,1,E01005027,03-10-2018,1,1,1,1,20,4,3,0,0,0,0,-1,9,1
45977,73.74005672,18.5173216,6,2,2,5,7,19:35,101,E08000002,3,58,1,30,1,4,6,0,0,8,4,1,2,6,0,1,1,E01005024,17-09-2018,2,2,2,1,20,4,3,0,0,1,0,-1,9,1
45978,73.83104553,18.61666409,6,3,1,1,6,18:25,101,E08000002,3,58,6,30,3,4,6,0,0,4,1,1,1,0,0,1,1,E01004959,09-09-2018,2,1,1,2,24,5,3,0,0,0,0,-1,9,1
45979,73.90466162,18.57425506,6,3,2,1,2,07:50,101,E08000002,6,0,6,30,6,4,6,0,0,0,1,1,1,0,0,1,1,E01005029,12-09-2018,1,1,3,1,7,2,3,9,5,0,0,-1,0,1
45980,73.84943239,18.51052748,6,3,2,1,3,21:10,101,E08000002,3,6053,6,30,3,4,6,0,0,0,4,1,1,0,0,1,1,E01004993,13-09-2018,1,1,1,1,12,3,3,0,0,0,0,-1,1,1
45981,73.82283623,18.49739587,6,3,2,1,5,16:10,101,E08000002,3,6053,6,30,3,4,6,0,0,0,1,1,1,0,0,1,1,E01004994,06-10-2018,2,1,1,1,22,5,3,0,0,0,0,-1,1,1
45982,73.87759002,18.50170776,6,3,3,2,5,21:20,101,E08000002,3,665,6,30,0,-1,-1,0,0,5,4,1,2,0,0,1,1,E01004996,15-09-2018,1,1,1,2,20,4,3,0,0,0,0,-1,9,1
45983,73.90918262,18.61991789,6,3,2,1,6,09:25,101,E08000002,3,6053,6,30,0,-1,-1,0,0,0,1,1,1,0,0,1,1,E01005060,16-09-2018,2,1,2,2,32,6,3,0,0,2,0,-1,8,1
45984,73.854044,18.51798596,6,3,2,1,7,21:35,101,E08000002,3,56,6,30,6,4,6,0,0,0,4,2,2,0,0,1,1,E01004977,17-09-2018,1,1,3,1,38,7,3,7,5,0,0,-1,0,-1
45985,73.76918676,18.49649458,6,3,4,1,2,15:20,101,E08000002,4,6214,6,30,3,4,6,0,0,0,1,1,1,0,0,1,1,E01004964,19-09-2018,2,1,1,1,12,3,3,0,0,0,0,-1,1,-1
45986,73.84632966,18.61786195,6,3,2,1,4,23:00,101,E08000002,6,0,6,30,9,4,4,6219,0,0,1,1,1,0,0,1,2,E01005024,21-09-2018,1,1,1,1,42,7,3,0,0,0,0,-1,2,1
45987,73.74381702,18.48890988,6,3,2,3,5,17:50,102,E08000003,3,576,6,30,6,2,5,0,0,0,1,1,1,0,0,1,1,E01005160,22-09-2018,1,1,1,1,39,7,3,0,0,0,0,-1,5,1
45988,73.7549439,18.54548171,6,3,3,2,5,17:10,101,E08000002,3,56,3,30,0,-1,-1,0,0,0,1,1,1,0,0,2,1,E01004979,22-09-2018,1,1,2,2,18,4,3,0,0,2,0,-1,9,-1
45989,73.79652152,18.61951815,6,2,1,1,7,17:10,101,E08000002,3,665,6,30,0,-1,-1,0,0,0,1,1,1,0,0,1,1,E01005008,24-09-2018,2,2,1,2,28,6,3,0,0,0,0,-1,9,1
45990,73.76547649,18.54167295,6,3,2,1,7,08:00,101,E08000002,5,0,6,30,3,4,6,0,0,0,1,1,1,0,0,2,1,E01005022,24-09-2018,2,1,1,1,19,4,3,0,0,0,0,-1,9,1
45991,73.74569709,18.6011499,6,3,2,1,1,19:30,101,E08000002,3,665,6,30,9,4,6,0,0,0,4,1,1,0,0,1,1,E01005039,25-09-2018,2,2,2,1,16,4,3,0,0,1,0,-1,9,1
45992,73.8227785,18.5460987,6,2,2,1,1,15:04,101,E08000002,5,0,6,30,3,4,6,0,0,0,1,1,1,0,0,1,1,E01004973,25-09-2018,1,1,3,1,68,10,3,9,9,0,0,-1,0,1
45993,73.92336179,18.49621257,6,3,2,1,1,02:15,101,E08000002,5,0,6,30,0,-1,-1,0,0,0,4,1,1,0,0,1,1,E01004991,25-09-2018,1,1,1,2,23,5,3,0,0,0,0,-1,9,-1
45994,73.74099358,18.58881069,6,3,2,1,2,08:40,101,E08000002,3,665,6,30,9,4,5,0,0,0,1,1,1,0,0,1,2,E01004972,26-09-2018,2,2,1,1,22,5,3,0,0,0,0,-1,9,-1
45995,73.81998395,18.54315479,6,3,1,1,2,10:25,101,E08000002,5,0,6,30,9,4,6,0,0,0,1,1,1,0,0,1,1,E01005014,26-09-2018,2,3,2,1,22,5,3,0,0,2,0,-1,9,-1
45996,73.81149409,18.60317614,6,3,2,1,3,08:20,101,E08000002,5,0,6,30,1,4,5,0,0,0,1,1,2,0,0,1,1,E01005002,27-09-2018,2,4,2,1,23,5,3,0,0,2,0,-1,9,-1
45997,73.87253373,18.61834751,6,3,2,2,4,15:08,101,E08000002,3,665,6,30,3,4,6,0,0,0,1,2,2,0,0,1,1,E01005039,28-09-2018,2,5,2,2,22,5,3,0,0,2,0,-1,9,-1
45998,73.73502084,18.64058714,6,3,3,2,4,13:15,101,E08000002,3,56,6,30,3,4,5,0,0,0,1,1,1,0,0,1,1,E01005033,28-09-2018,2,6,2,1,22,5,3,0,0,1,0,-1,9,-1
45999,73.95310476,18.50556481,6,3,1,2,5,08:15,101,E08000002,4,6215,6,30,3,4,6,0,0,0,1,1,2,0,0,1,1,E01005049,29-09-2018,1,1,1,2,20,4,3,0,0,0,0,-1,9,1
46000,73.88798125,18.63392345,6,3,2,2,5,08:20,101,E08000002,4,6292,6,30,6,4,5,0,1,0,1,1,1,0,0,1,1,E01005003,29-09-2018,2,2,1,1,38,7,3,0,0,0,0,-1,9,1
46001,73.92526255,18.61895303,6,3,1,3,6,00:30,101,E08000002,3,58,1,30,1,4,6,0,0,0,4,2,2,0,0,1,1,E01005024,30-09-2018,1,1,1,1,56,9,3,0,0,0,0,-1,9,1
46002,73.75353444,18.50546956,6,2,2,2,6,09:35,101,E08000002,5,0,6,30,0,-1,-1,0,0,0,1,1,2,0,0,1,1,E01005045,30-09-2018,2,1,1,1,61,9,3,0,0,0,0,-1,9,1
46003,73.90954205,18.56170386,6,3,1,1,6,13:10,101,E08000002,3,58,6,30,9,4,5,0,0,0,1,1,2,0,0,1,2,E01004948,30-09-2018,1,1,3,2,15,3,3,8,4,0,0,-1,0,1
46004,73.94132294,18.59856161,6,3,2,1,2,11:50,101,E08000002,3,56,9,30,3,2,6,0,0,0,1,1,1,0,0,1,2,E01005034,03-10-2018,1,1,1,2,34,6,3,0,0,0,0,-1,9,1
46005,73.842666,18.583537,6,3,2,2,3,18:55,102,E08000003,3,576,6,30,3,2,3,6044,0,5,4,1,1,0,0,1,1,E01005160,04-10-2018,2,2,2,2,36,7,3,0,0,1,0,-1,9,-1
46006,73.73353482,18.54596284,6,2,2,1,3,17:00,101,E08000002,4,6222,6,30,3,4,6,0,0,0,1,1,1,0,0,1,1,E01004959,04-10-2018,2,1,1,1,56,9,3,0,0,0,0,-1,9,1
46007,73.93113225,18.58754975,6,3,2,1,4,17:35,101,E08000002,3,58,6,30,3,4,5,0,0,0,1,1,1,0,0,1,1,E01004952,05-10-2018,2,2,2,2,47,8,3,0,0,1,0,-1,9,1
46008,73.77905505,18.62776924,6,3,2,1,5,08:30,101,E08000002,4,6222,6,30,3,2,6,0,0,5,1,1,1,0,0,1,2,E01004954,06-10-2018,2,3,2,1,15,3,3,0,0,2,0,-1,9,1
46009,73.90408293,18.52896455,6,3,2,1,6,07:45,101,E08000002,3,56,6,30,9,2,3,6053,0,0,1,1,1,0,0,1,1,E01005060,07-10-2018,1,1,1,1,31,6,3,0,0,0,0,-1,9,1
46010,73.82315218,18.57272027,6,3,2,2,6,07:12,101,E08000002,3,56,6,30,9,4,6,0,0,0,1,7,2,0,0,1,1,E01004977,07-10-2018,1,1,3,2,25,5,3,5,1,0,0,-1,0,1
46011,73.93910595,18.54567642,6,3,1,1,6,20:40,101,E08000002,3,665,6,30,3,4,6,0,0,0,4,1,1,0,0,1,1,E01004971,07-10-2018,1,1,3,1,12,3,3,5,1,0,0,-1,0,-1
46012,73.73725576,18.51208682,6,3,2,1,7,18:30,101,E08000002,3,56,6,30,3,2,5,0,0,0,1,1,2,0,0,2,2,E01005054,08-10-2018,1,1,1,1,40,7,3,0,0,0,0,-1,9,1
46013,73.8677521,18.55700491,6,3,2,1,1,15:55,101,E08000002,5,0,6,30,9,4,5,0,0,0,1,1,1,0,0,1,1,E01004974,09-10-2018,2,1,1,1,49,8,3,0,0,0,0,-1,9,1
46014,73.92109437,18.62708436,6,3,2,1,2,12:20,101,E08000002,4,6215,6,30,6,4,4,6215,0,0,1,1,1,0,0,1,2,E01005048,10-10-2018,2,2,2,2,47,8,3,0,0,1,0,-1,9,1
46015,73.87183743,18.58741879,6,3,2,1,1,15:25,101,E08000002,4,6214,6,30,0,-1,-1,0,0,0,1,1,1,0,0,1,1,E01005046,02-10-2018,1,1,3,2,10,2,2,1,3,0,0,-1,0,1
46016,73.91820121,18.55179111,6,3,2,2,4,14:00,101,E08000002,3,56,3,30,3,2,3,58,0,0,1,1,1,1,0,1,1,E01005024,05-10-2018,1,1,1,2,18,4,3,0,0,0,0,-1,9,1
46017,73.81608973,18.59962247,6,3,2,1,1,11:10,101,E08000002,3,665,6,30,9,4,6,0,0,0,1,1,1,0,0,1,1,E01004983,09-10-2018,1,2,2,1,22,5,2,0,0,1,0,-1,9,-1
46018,73.9079367,18.49146416,6,3,3,1,3,08:45,101,E08000002,3,58,3,30,7,2,4,6214,0,0,1,1,1,0,0,1,1,E01004948,11-10-2018,1,1,1,2,46,8,3,0,0,0,0,-1,9,1
46019,73.77716358,18.53230395,6,3,2,1,4,08:10,101,E08000002,4,6219,6,30,3,4,6,0,0,0,1,1,2,0,0,1,2,E01004958,12-10-2018,1,1,1,1,35,6,3,0,0,0,0,-1,21,2
46020,73.93635281,18.62482485,6,3,2,1,6,07:40,101,E08000002,3,56,6,30,3,4,6,0,0,0,1,1,2,0,0,1,1,E01005044,30-09-2018,2,2,1,1,22,5,2,0,0,0,0,-1,90,1
46021,73.80591083,18.6232138,6,3,2,1,4,21:51,101,E08000002,6,0,6,30,9,4,5,0,0,0,6,2,2,0,0,1,1,E01004963,12-10-2018,2,1,1,1,16,4,2,0,0,0,0,-1,1,1
46022,73.90712601,18.5460447,6,3,2,2,6,16:30,101,E08000002,3,6044,6,30,2,4,3,6044,0,0,1,1,1,0,0,2,1,E01005032,02-09-2018,2,1,1,2,44,7,3,0,0,0,0,-1,9,1
46023,73.81256032,18.60840271,6,3,2,3,4,20:46,101,E08000002,3,56,3,30,9,4,6,0,0,0,4,1,2,6,0,1,1,E01004983,28-09-2018,2,1,1,2,45,7,3,0,0,0,0,-1,9,1
46024,73.85380452,18.50756736,6,3,1,1,1,22:20,101,E08000002,6,0,6,30,9,4,6,0,0,0,4,1,2,0,0,1,1,E01005027,02-10-2018,2,2,2,1,12,3,3,0,0,1,0,-1,9,1
46025,73.84256962,18.61982247,6,3,1,1,4,17:45,101,E08000002,6,0,3,30,9,4,6,0,0,0,1,1,1,0,0,1,2,E01005021,05-10-2018,1,1,2,2,29,6,3,0,0,2,0,-1,9,-1
46026,73.94368844,18.59453636,6,3,2,1,6,18:00,101,E08000002,3,665,6,30,6,2,6,0,0,5,1,8,1,0,0,1,2,E01005009,07-10-2018,1,1,1,1,24,5,3,0,0,0,0,-1,9,1
46027,73.73813004,18.61202419,6,3,2,1,1,16:05,101,E08000002,4,6219,1,30,1,4,4,6219,0,0,1,1,1,0,0,1,1,E01005029,09-10-2018,1,2,2,1,22,5,3,0,0,2,0,-1,9,1
46028,73.88802264,18.58520264,6,3,2,1,3,17:45,101,E08000002,3,56,6,40,0,-1,-1,0,0,0,1,1,1,0,0,2,1,E01005022,11-10-2018,1,3,2,1,24,5,3,0,0,2,0,-1,9,1
46029,73.82281107,18.60042825,6,3,4,2,4,13:40,101,E08000002,3,56,3,30,3,4,4,6216,0,0,1,2,2,0,0,1,1,E01005027,12-10-2018,1,4,2,1,22,5,3,0,0,2,0,-1,9,-1
46030,73.7805397,18.60146466,6,3,2,1,5,13:20,101,E08000002,6,0,6,30,3,4,6,0,0,0,1,1,1,0,0,1,1,E01005009,13-10-2018,4,1,1,1,38,7,3,0,0,0,0,-1,9,1
46031,73.83521095,18.62880383,6,3,1,1,2,14:00,101,E08000002,6,0,6,20,9,3,5,0,0,0,1,1,1,0,0,1,2,E01005036,17-10-2018,1,1,2,1,39,7,3,0,0,1,0,-1,9,1
46032,73.86895616,18.55983704,6,3,2,1,4,07:50,101,E08000002,3,56,6,30,9,4,6,0,0,0,1,2,2,0,0,1,1,E01004986,19-10-2018,1,2,2,1,6,2,3,0,0,2,0,-1,9,1
46033,73.80015594,18.4930446,6,2,1,1,5,17:00,101,E08000002,3,56,6,30,7,2,6,0,0,5,1,1,1,0,0,1,1,E01005027,20-10-2018,1,3,2,2,9,2,3,0,0,1,0,-1,9,1
46034,73.75559572,18.59418622,6,3,1,1,6,15:15,101,E08000002,5,0,6,30,0,-1,-1,0,0,0,1,2,2,0,0,1,1,E01005049,21-10-2018,1,1,3,2,3,1,3,5,2,0,0,-1,0,-1
46035,73.92835876,18.6363691,6,3,2,1,6,08:55,101,E08000002,4,6214,6,30,3,4,6,0,0,0,1,2,2,0,0,1,1,E01004965,21-10-2018,1,3,1,1,55,8,3,0,0,0,0,-1,21,1
46036,73.75038872,18.63187894,6,3,1,1,6,19:30,101,E08000002,3,676,6,30,9,4,6,0,0,0,4,2,2,0,0,1,1,E01005018,21-10-2018,2,1,1,1,38,7,2,0,0,0,0,-1,21,1
46037,73.76481898,18.60730727,6,3,1,1,7,13:42,101,E08000002,6,0,6,30,0,-1,-1,0,0,1,1,1,1,0,0,1,1,E01005027,22-10-2018,2,2,2,1,40,7,3,0,0,1,0,-1,21,1
46038,73.94369122,18.62811222,6,3,2,3,7,20:40,101,E08000002,3,665,6,30,9,4,-1,-1,0,0,4,1,1,0,0,1,1,E01004996,22-10-2018,1,1,2,1,25,5,3,0,0,1,0,-1,9,-1
46039,73.73700874,18.53636404,6,3,2,1,2,08:30,101,E08000002,6,0,3,30,0,-1,-1,0,0,1,4,2,2,0,0,1,1,E01005027,24-10-2018,1,1,1,1,36,7,3,0,0,0,0,-1,9,1
46040,73.7419033,18.56827297,6,3,1,1,2,10:35,101,E08000002,3,56,6,30,3,2,5,0,0,0,1,2,2,0,0,2,2,E01005054,24-10-2018,1,1,1,1,46,8,3,0,0,0,0,-1,9,1
46041,73.93851827,18.56785965,6,3,2,1,2,08:45,101,E08000002,3,665,6,30,3,4,6,0,0,0,1,2,2,0,0,1,1,E01005041,24-10-2018,2,1,1,1,11,3,3,0,0,0,0,-1,1,1
46042,73.80561383,18.54145278,6,3,2,1,5,13:00,101,E08000002,6,0,6,30,6,2,3,676,0,0,1,1,1,0,0,1,1,E01005014,27-10-2018,1,1,1,1,76,11,3,0,0,0,0,-1,9,1
46043,73.80110321,18.63653574,6,3,2,1,7,18:30,101,E08000002,3,56,6,30,9,4,6,0,0,4,4,2,2,0,0,1,2,E01004979,29-10-2018,1,1,3,1,11,3,3,5,1,0,0,-1,0,1
46044,73.94924326,18.6465478,6,3,2,1,3,07:15,101,E08000002,3,665,6,30,6,4,5,0,0,0,1,1,1,0,0,1,1,E01005000,18-10-2018,2,1,1,2,30,6,3,0,0,0,0,-1,9,1
46045,73.88773118,18.6268113,6,3,2,2,1,20:40,101,E08000002,3,665,1,30,2,4,3,665,0,0,4,1,2,0,0,1,1,E01004989,23-10-2018,2,1,1,1,33,6,3,0,0,0,0,-1,19,1
46046,73.85742277,18.63429497,6,3,1,1,5,20:00,101,E08000002,6,0,6,30,3,4,6,0,0,0,4,1,1,0,0,1,2,E01005030,27-10-2018,2,1,1,2,8,2,3,0,0,0,0,-1,1,1
46047,73.87342518,18.58151935,6,3,2,1,3,09:05,101,E08000002,3,56,6,30,9,4,6,0,0,4,1,1,1,0,0,1,2,E01005024,01-11-2018,2,1,1,1,46,8,3,0,0,0,0,-1,8,1
46048,73.85430017,18.5196788,6,3,1,1,6,19:15,101,E08000002,6,0,6,30,0,-1,-1,0,0,0,4,1,2,0,0,2,1,E01004966,28-10-2018,1,1,1,1,62,9,3,0,0,0,0,-1,1,1
46049,73.96104908,18.5490348,6,3,2,1,4,18:30,102,E08000003,3,6044,3,30,3,2,3,576,0,0,1,1,2,0,0,1,2,E01005160,02-11-2018,1,1,1,1,23,5,3,0,0,0,0,-1,9,1
46050,73.95751606,18.52606455,6,2,2,1,3,13:39,101,E08000002,5,0,6,30,0,-1,-1,0,0,0,1,1,1,0,0,1,1,E01005030,18-10-2018,2,2,2,1,18,4,3,0,0,1,0,-1,9,1
46051,73.8514048,18.61197256,6,3,2,1,6,07:40,101,E08000002,3,56,6,30,3,4,5,0,0,0,1,2,2,0,0,1,2,E01005036,04-11-2018,1,1,1,1,41,7,3,0,0,0,0,-1,9,1
46052,73.7779368,18.49952802,6,3,1,1,3,16:40,101,E08000002,3,56,6,30,9,4,6,0,0,0,4,2,2,0,0,1,1,E01005059,08-11-2018,1,1,1,1,19,4,3,0,0,0,0,-1,9,-1
46053,73.8956968,18.54690861,6,3,2,2,5,12:10,101,E08000002,3,56,6,30,6,4,6,0,0,0,1,2,2,0,0,1,1,E01004976,03-11-2018,2,1,1,1,37,7,3,0,0,0,0,-1,8,1
46054,73.92554873,18.60566879,6,3,2,1,3,18:45,101,E08000002,3,58,3,30,7,2,3,58,0,0,4,2,2,0,0,1,1,E01005027,08-11-2018,2,2,2,2,57,9,3,0,0,2,0,-1,8,1
46055,73.79652348,18.52679118,6,3,2,2,1,18:35,101,E08000002,3,58,3,30,7,2,4,6213,0,0,4,1,1,0,0,1,1,E01004948,13-11-2018,2,3,2,2,18,4,3,0,0,2,0,-1,8,1
46056,73.86129175,18.51872514,6,3,1,1,5,20:26,101,E08000002,4,6214,6,30,0,-1,-1,0,0,0,4,2,2,0,0,2,1,E01005018,10-11-2018,2,1,1,1,41,7,3,0,0,0,0,-1,9,1
46057,73.92355274,18.54028642,6,3,2,1,4,06:20,101,E08000002,3,58,3,30,9,4,6,0,0,0,4,8,4,0,0,1,1,E01004948,16-11-2018,1,1,1,2,32,6,3,0,0,0,0,-1,9,1
46058,73.86818508,18.54892928,6,3,2,1,3,12:00,101,E08000002,3,58,6,40,0,-1,-1,0,0,0,1,2,2,0,0,1,1,E01005006,08-11-2018,2,2,1,1,9,2,2,0,0,0,0,-1,1,1
46059,73.85151248,18.50832906,6,3,2,1,4,10:20,101,E08000002,6,0,1,30,1,4,6,0,0,0,1,8,2,0,0,1,1,E01005036,16-11-2018,2,1,2,2,65,9,3,0,0,1,0,-1,9,1