Accident_Index,longitude,latitude,Police_Force,Accident_Severity,Number_of_Vehicles,Number_of_Casualties,Day_of_Week,Time,Local_Authority_(District),Local_Authority_(Highway),1st_Road_Class,1st_Road_Number,Road_Type,Speed_limit,Junction_Detail,Junction_Control,2nd_Road_Class,2nd_Road_Number,Pedestrian_Crossing-Human_Control,Pedestrian_Crossing-Physical_Facilities,Light_Conditions,Weather_Conditions,Road_Surface_Conditions,Special_Conditions_at_Site,Carriageway_Hazards,Urban_or_Rural_Area,Did_Police_Officer_Attend_Scene_of_Accident,LSOA_of_Accident_Location,Date,Vehicle_Reference,Casualty_Reference,Casualty_Class,Sex_of_Casualty,Age_of_Casualty,Age_Band_of_Casualty,Casualty_Severity,Pedestrian_Location,Pedestrian_Movement,Car_Passenger,Bus_or_Coach_Passenger,Pedestrian_Road_Maintenance_Worker,Casualty_Type,Casualty_Home_Area_Type
46422,73.9045543,18.59402285,6,3,1,2,6,14:40,106,E08000005,3,576,3,30,0,-1,-1,0,0,0,1,1,1,4,0,1,1,E01005548,10-06-2018,1,1,1,2,57,9,3,0,0,0,0,-1,9,1
46423,73.76381427,18.5455731,6,3,2,2,7,14:00,106,E08000005,4,6222,6,30,3,2,5,0,0,5,1,1,1,0,0,2,2,E01005498,11-06-2018,1,1,1,2,21,5,3,0,0,0,0,-1,9,1
46424,73.83692308,18.60447802,6,3,2,1,5,11:35,106,E08000005,3,58,6,30,9,4,6,0,0,0,1,1,1,0,0,1,1,E01005596,09-06-2018,1,1,1,2,26,6,3,0,0,0,0,-1,9,1
46425,73.73917469,18.63062135,6,3,3,1,2,15:00,106,E08000005,3,58,6,30,7,4,6,0,0,0,1,1,2,0,0,1,2,E01005598,13-06-2018,2,2,1,2,31,6,3,0,0,0,0,-1,9,2
46426,73.95371453,18.57898211,6,3,1,1,3,04:10,106,E08000005,6,0,6,30,0,-1,-1,0,0,0,1,1,1,0,0,1,1,E01005489,07-06-2018,2,3,2,2,2,1,3,0,0,2,0,-1,9,-1
46427,73.83971984,18.58453411,6,3,3,1,5,14:00,106,E08000005,3,58,3,40,9,2,5,0,0,0,1,1,1,0,0,1,2,E01005484,09-06-2018,1,4,1,2,23,5,3,0,0,0,0,-1,9,1
46428,73.89281189,18.57761155,6,2,2,1,3,13:55,106,E08000005,3,58,6,30,0,-1,-1,0,0,4,1,1,1,0,0,1,1,E01005595,07-06-2018,1,5,2,1,18,4,3,0,0,1,0,-1,9,1
46429,73.89015046,18.53696364,6,2,2,2,7,23:30,106,E08000005,3,6045,6,30,0,-1,-1,0,0,0,4,1,1,0,0,2,1,E01005546,11-06-2018,2,1,1,1,20,4,3,0,0,0,0,-1,9,1
46430,73.78276919,18.5465087,6,3,1,1,7,16:05,106,E08000005,6,0,6,20,3,4,6,0,0,0,1,1,1,0,0,1,1,E01005583,11-06-2018,2,2,2,2,15,3,3,0,0,2,0,-1,9,1
46431,73.79684102,18.51778253,6,3,2,2,1,19:30,106,E08000005,6,0,6,30,3,4,6,0,0,0,1,1,1,0,0,1,1,E01005470,12-06-2018,2,3,2,1,17,4,3,0,0,1,0,-1,9,1
46432,73.8152078,18.57886216,6,2,2,1,1,11:30,106,E08000005,3,664,6,30,3,4,6,0,0,0,1,1,1,0,0,1,1,E01005567,12-06-2018,1,1,1,2,51,8,3,0,0,0,0,-1,9,1
46433,73.83258739,18.62187476,6,3,4,2,2,17:34,106,E08000005,6,0,6,30,6,4,6,0,0,0,1,1,1,0,0,1,1,E01005498,13-06-2018,1,1,1,1,37,7,2,0,0,0,0,-1,9,-1
46434,73.88898949,18.55741301,6,3,2,1,2,16:45,106,E08000005,3,663,6,30,3,4,3,640,0,4,1,2,2,0,0,1,1,E01005562,13-06-2018,2,2,1,1,32,6,3,0,0,0,0,-1,19,1
46435,73.95110544,18.57676757,6,3,2,1,5,07:55,106,E08000005,4,6266,6,30,3,4,6,0,0,4,1,1,1,0,0,1,1,E01005482,16-06-2018,3,1,2,2,9,2,3,0,0,2,0,-1,9,1
46436,73.80289335,18.58996961,6,3,1,1,6,08:05,106,E08000005,6,0,6,30,0,-1,-1,0,0,0,1,1,2,0,0,1,1,E01005583,17-06-2018,1,1,1,1,36,7,3,0,0,0,0,-1,9,-1
46437,73.81665184,18.60784597,6,2,1,1,7,22:15,106,E08000005,6,0,6,30,0,-1,-1,0,0,0,4,1,1,0,0,1,2,E01005579,18-06-2018,2,2,1,1,35,6,3,0,0,0,0,-1,9,1
46438,73.74432266,18.52197328,6,3,2,2,1,20:30,106,E08000005,6,0,6,30,3,4,6,0,0,0,1,1,1,0,0,1,1,E01005482,19-06-2018,2,3,2,2,35,6,3,0,0,1,0,-1,9,1
46439,73.92178177,18.50647539,6,3,2,1,1,21:00,106,E08000005,3,680,6,30,0,-1,-1,0,0,0,1,1,1,0,0,1,1,E01005591,12-06-2018,2,1,1,2,14,3,3,0,0,0,0,-1,1,1
46440,73.95207474,18.63757619,6,3,3,1,4,20:15,106,E08000005,3,664,6,30,3,4,6,0,0,0,1,1,1,0,0,1,1,E01005477,15-06-2018,1,1,1,1,44,7,2,0,0,0,0,-1,5,1
46441,73.91552798,18.61479405,6,3,1,1,4,08:50,106,E08000005,3,669,6,30,0,-1,-1,0,0,0,1,1,1,0,0,1,1,E01005540,22-06-2018,1,1,1,1,33,6,3,0,0,0,0,-1,9,1
46442,73.84448986,18.58517193,6,3,2,1,7,12:10,106,E08000005,3,664,6,30,1,4,3,664,0,0,1,1,1,0,0,2,2,E01005543,18-06-2018,2,1,1,1,33,6,3,0,0,0,0,-1,9,-1
46443,73.80101383,18.491295,6,3,1,1,1,02:15,106,E08000005,5,0,6,30,3,4,5,0,0,0,4,1,1,0,0,1,1,E01005535,29-05-2018,2,2,2,2,32,6,3,0,0,1,0,-1,9,1
46444,73.81407028,18.56783147,6,3,1,1,6,18:00,106,E08000005,3,58,6,30,3,2,5,0,0,0,1,8,1,0,0,1,2,E01005595,17-06-2018,1,1,1,2,43,7,3,0,0,0,0,-1,9,1
46445,73.80347386,18.49276209,6,3,1,1,2,20:00,106,E08000005,3,6046,6,30,0,-1,-1,0,0,0,1,1,1,0,0,1,1,E01005507,20-06-2018,1,1,3,2,22,5,2,5,1,0,0,-1,0,-1
46446,73.8996994,18.62300308,6,3,1,1,3,15:20,106,E08000005,6,0,6,30,3,4,6,0,0,0,1,1,1,0,0,1,2,E01005539,21-06-2018,1,1,3,1,22,5,3,5,1,0,0,-1,0,1
46447,73.74365964,18.6010999,6,3,1,1,2,15:25,106,E08000005,6,0,6,30,0,-1,-1,0,0,0,1,1,1,0,0,2,2,E01005563,20-06-2018,1,1,3,2,7,2,2,5,2,0,0,-1,0,1
46448,73.91111169,18.59517959,6,3,1,1,6,08:25,106,E08000005,6,0,6,30,3,4,3,671,0,0,1,1,1,0,0,1,1,E01005580,24-06-2018,1,1,3,2,14,3,3,5,4,0,0,-1,0,-1
46449,73.93595288,18.58777475,6,3,2,1,3,13:25,106,E08000005,6,0,1,30,1,4,6,0,0,0,1,1,1,0,0,1,1,E01005482,21-06-2018,2,1,1,2,66,10,3,0,0,0,0,-1,9,1
46450,73.88188972,18.59634529,6,3,2,2,7,17:40,106,E08000005,3,664,6,30,0,-1,-1,0,0,1,1,1,1,0,0,2,1,E01005543,25-06-2018,1,1,3,1,20,4,3,5,1,0,0,-1,0,1
46451,73.7983483,18.5572459,6,3,1,1,7,16:10,106,E08000005,3,576,3,30,0,-1,-1,0,0,4,1,1,1,4,0,1,1,E01005548,25-06-2018,2,2,2,2,81,11,3,0,0,1,0,-1,9,1
46452,73.86704736,18.60805586,6,3,3,1,7,13:25,106,E08000005,5,0,6,30,0,-1,-1,0,0,0,1,1,1,0,0,1,1,E01005502,25-06-2018,1,1,1,1,75,10,2,0,0,0,0,-1,9,1
46453,73.79989699,18.6209167,6,3,2,1,4,13:34,106,E08000005,3,680,6,30,3,4,3,58,0,0,1,1,1,0,0,1,2,E01005482,15-06-2018,1,2,2,2,83,11,3,0,0,1,0,-1,9,1
46454,73.95170934,18.4979723,6,3,1,1,6,10:00,106,E08000005,5,0,6,30,0,-1,-1,0,0,0,1,2,2,4,0,1,1,E01005598,24-06-2018,1,1,1,1,60,9,3,0,0,0,0,-1,11,1
46455,73.77795673,18.62048414,6,3,2,3,3,08:15,106,E08000005,6,0,6,30,0,-1,-1,0,0,0,1,1,1,0,2,1,1,E01005514,28-06-2018,2,1,1,1,21,5,3,0,0,0,0,-1,1,-1
46456,73.83563783,18.6023576,6,3,2,1,3,19:15,106,E08000005,6,0,6,30,3,4,6,0,0,0,1,1,1,0,0,1,2,E01005564,28-06-2018,1,1,1,1,61,9,3,0,0,0,0,-1,9,1
46457,73.78333396,18.57611814,6,3,2,1,2,13:20,106,E08000005,5,0,6,30,3,4,6,0,0,0,1,1,1,0,0,1,1,E01005527,27-06-2018,1,2,2,2,57,9,3,0,0,1,0,-1,9,1
46458,73.96238361,18.49350893,6,3,2,1,3,07:30,106,E08000005,6,0,6,40,3,4,4,6222,0,0,1,1,1,0,0,2,2,E01005499,28-06-2018,2,1,1,1,28,6,3,0,0,0,0,-1,9,1
46459,73.93511581,18.54153475,6,3,2,2,5,17:27,106,E08000005,3,576,3,30,1,4,3,576,0,0,1,1,1,0,0,1,2,E01005547,23-06-2018,2,1,3,2,40,7,3,9,9,0,0,-1,0,1
46460,73.84685845,18.52805834,6,3,2,1,6,07:30,106,E08000005,3,58,3,30,3,4,6,0,0,0,1,1,1,0,0,1,2,E01005482,01-07-2018,2,1,2,2,53,8,3,0,0,1,0,-1,9,-1
46461,73.77641158,18.61601386,6,3,1,1,6,13:15,106,E08000005,5,0,1,30,1,4,5,0,0,0,1,1,1,0,0,1,2,E01005483,01-07-2018,1,1,1,1,53,8,3,0,0,0,0,-1,9,1
46462,73.74008725,18.63114496,6,3,2,2,6,08:30,106,E08000005,3,680,1,30,2,4,3,6060,0,0,1,1,1,0,0,1,1,E01005590,17-06-2018,1,2,2,2,49,8,2,0,0,1,0,-1,9,1
46463,73.81880813,18.64154175,6,3,2,1,3,13:15,106,E08000005,6,0,6,30,0,-1,-1,0,0,0,1,1,1,0,0,1,1,E01005567,28-06-2018,2,1,1,2,27,6,3,0,0,0,0,-1,9,1
46464,73.75355586,18.53196861,6,3,2,2,3,16:45,106,E08000005,5,0,6,30,3,4,6,0,0,0,1,1,1,0,0,1,1,E01005509,28-06-2018,1,1,3,2,13,3,3,10,4,0,0,-1,0,-1
46465,73.74473939,18.52260446,6,3,2,1,4,09:30,106,E08000005,3,680,6,30,0,-1,-1,0,0,0,1,1,2,4,0,2,1,E01005571,29-06-2018,1,1,1,1,52,8,3,0,0,0,0,-1,9,1
46466,73.93084307,18.58022494,6,3,3,1,2,23:25,106,E08000005,6,0,3,30,6,2,6,0,0,5,4,1,1,4,0,1,2,E01005583,04-07-2018,1,1,1,1,26,6,3,0,0,0,0,-1,5,1
46467,73.74974175,18.57950847,6,3,2,1,3,09:10,106,E08000005,5,0,6,30,9,4,6,0,2,1,1,1,1,0,0,1,2,E01005556,05-07-2018,1,1,3,1,8,2,3,5,4,0,0,-1,0,1
46468,73.90500296,18.52443972,6,2,1,1,7,22:25,106,E08000005,6,0,9,30,0,-1,-1,0,0,0,1,1,1,0,0,1,1,E01005543,25-06-2018,1,1,3,1,59,9,3,5,3,0,0,-1,0,1
46469,73.75329235,18.52660353,6,3,1,1,7,23:40,106,E08000005,6,0,6,30,3,4,6,0,0,0,4,1,1,0,0,1,2,E01005560,02-07-2018,2,1,1,2,40,7,3,0,0,0,0,-1,9,1
46470,73.78021921,18.51796255,6,3,2,1,6,16:15,106,E08000005,3,58,3,40,3,3,6,0,0,0,1,1,1,0,0,1,2,E01005484,08-07-2018,2,2,2,2,39,7,3,0,0,2,0,-1,9,1
46471,73.80919979,18.57651173,6,3,2,1,6,11:25,106,E08000005,5,0,6,30,6,4,5,0,0,0,1,1,1,0,0,1,2,E01005505,08-07-2018,2,3,2,2,37,7,3,0,0,1,0,-1,9,1
46472,73.77890432,18.58628176,6,3,2,3,4,16:15,106,E08000005,4,6266,3,30,3,4,6,0,0,0,1,1,1,0,0,1,1,E01005584,06-07-2018,2,1,1,1,16,4,3,0,0,0,0,-1,2,1
46473,73.94967825,18.52674644,6,2,2,1,6,19:35,106,E08000005,3,58,3,40,3,4,6,0,0,0,1,1,1,0,0,1,1,E01005578,08-07-2018,1,1,1,1,39,7,3,0,0,0,0,-1,9,1
46474,73.78712586,18.50787265,6,3,1,1,5,12:48,106,E08000005,3,640,6,30,3,4,4,6224,0,4,1,1,1,0,0,1,1,E01005485,07-07-2018,1,3,2,1,41,7,3,0,0,1,0,-1,9,1
46475,73.75667436,18.5748697,6,3,3,1,5,16:40,106,E08000005,6,0,6,30,0,-1,-1,0,0,0,1,1,1,0,0,1,1,E01005495,07-07-2018,1,4,2,1,29,6,3,0,0,2,0,-1,9,1
46476,73.89674391,18.57298504,6,3,1,1,2,11:20,106,E08000005,6,0,6,30,0,-1,-1,0,0,1,1,1,1,0,0,1,1,E01005522,11-07-2018,1,5,2,1,28,6,3,0,0,2,0,-1,9,-1
46477,73.75947294,18.52502873,6,3,3,3,2,18:15,106,E08000005,3,671,6,40,0,-1,-1,0,0,0,1,1,1,0,0,1,1,E01005465,04-07-2018,2,2,1,2,24,5,3,0,0,0,0,-1,9,1
46478,73.75483002,18.60668935,6,3,3,1,3,18:00,106,E08000005,3,58,6,30,6,4,6,0,0,0,1,2,2,0,0,1,1,E01005500,05-07-2018,1,1,1,1,40,7,3,0,0,0,0,-1,9,-1
46479,73.7348518,18.61660524,6,3,2,1,3,20:20,106,E08000005,3,6060,6,30,0,-1,-1,0,0,0,1,2,2,0,0,1,1,E01005589,05-07-2018,2,2,1,1,53,8,3,0,0,0,0,-1,9,1
46480,73.93503848,18.49083125,6,3,1,1,7,07:30,106,E08000005,5,0,6,30,0,-1,-1,0,0,0,1,1,1,0,0,1,1,E01005564,09-07-2018,1,1,1,1,18,4,3,0,0,0,0,-1,9,1
46481,73.86824651,18.59097172,6,3,3,1,2,10:55,106,E08000005,4,6222,6,30,3,4,5,0,0,0,1,1,1,0,0,1,1,E01005575,11-07-2018,1,4,1,1,41,7,3,0,0,0,0,-1,9,1
46482,73.81878268,18.60633015,6,3,2,1,2,17:00,106,E08000005,6,0,6,30,3,4,6,0,0,0,1,1,1,0,0,1,1,E01005495,11-07-2018,2,1,2,1,23,5,3,0,0,2,0,-1,9,1
46483,73.75817734,18.55219678,6,3,2,2,2,17:10,106,E08000005,4,6223,6,30,3,4,3,671,0,0,1,1,1,0,0,1,1,E01005482,11-07-2018,2,2,2,2,17,4,3,0,0,1,0,-1,9,1
46484,73.87477231,18.5610679,6,3,1,1,3,20:45,106,E08000005,6,0,6,30,9,4,6,0,0,0,1,1,1,0,0,1,1,E01005498,12-07-2018,2,3,2,2,11,3,3,0,0,2,0,-1,9,-1
46485,73.93271296,18.52384083,6,3,2,1,6,19:40,106,E08000005,3,58,6,30,3,3,6,0,0,0,1,1,1,0,0,1,2,E01005501,15-07-2018,1,1,3,1,11,3,3,5,4,0,0,-1,0,1
46486,73.84635087,18.62813215,6,3,1,1,5,17:10,106,E08000005,6,0,6,30,3,4,6,0,0,0,1,1,1,0,0,1,2,E01005569,23-06-2018,1,1,1,1,31,6,3,0,0,0,0,-1,9,1
46487,73.74519674,18.51888059,6,3,1,1,6,19:45,106,E08000005,3,58,3,40,0,-1,-1,0,0,0,1,1,1,0,0,1,1,E01005578,08-07-2018,1,1,1,2,65,9,2,0,0,0,0,-1,9,1
46488,73.89811459,18.62872812,6,3,2,1,7,14:10,106,E08000005,3,58,6,60,9,4,4,6138,0,0,1,1,1,0,0,2,1,E01005521,09-07-2018,1,1,1,1,50,8,2,0,0,0,0,-1,9,-1
46489,73.77189328,18.52639871,6,3,3,2,2,08:50,106,E08000005,3,664,6,30,0,-1,-1,0,0,0,1,1,1,0,0,1,1,E01005524,11-07-2018,3,1,1,2,35,6,2,0,0,0,0,-1,4,1
46490,73.7733974,18.4984344,6,3,1,1,4,13:45,106,E08000005,4,6223,6,30,3,4,6,0,0,4,1,1,1,0,0,1,1,E01005484,13-07-2018,2,1,1,1,58,9,3,0,0,0,0,-1,9,1
46491,73.8788284,18.52132204,6,3,2,1,4,19:00,106,E08000005,3,58,1,30,1,4,6,0,0,0,1,1,1,0,0,1,2,E01005480,13-07-2018,1,1,1,2,34,6,3,0,0,0,0,-1,9,1
46492,73.75460622,18.62972953,6,3,3,1,4,12:05,106,E08000005,3,671,6,30,9,4,6,0,0,4,1,1,1,0,0,1,1,E01005580,13-07-2018,1,2,2,1,6,2,3,0,0,2,0,-1,9,1
46493,73.76748349,18.5882902,6,3,2,2,5,22:50,106,E08000005,3,664,6,30,3,4,6,0,0,0,4,1,1,0,0,2,1,E01005563,14-07-2018,1,1,2,1,5,1,3,0,0,0,4,-1,11,-1
46494,73.92820379,18.52171574,6,3,2,1,5,18:00,106,E08000005,3,663,6,30,3,4,6,0,0,0,1,1,1,0,0,1,1,E01005562,14-07-2018,1,1,3,1,14,3,3,4,2,0,0,-1,0,-1
46495,73.73782232,18.60144356,6,3,3,2,5,18:45,106,E08000005,3,58,6,30,3,4,6,0,0,0,1,1,1,0,0,1,1,E01005582,14-07-2018,2,1,1,2,29,6,3,0,0,0,0,-1,9,1
46496,73.81605078,18.5832065,6,3,3,1,6,12:20,106,E08000005,3,58,6,30,3,4,6,0,0,0,1,1,1,0,0,1,1,E01005509,15-07-2018,2,2,2,2,52,8,3,0,0,1,0,-1,9,-1
46497,73.82433603,18.64402835,6,3,2,2,7,19:40,106,E08000005,3,58,6,30,3,4,6,0,0,0,1,1,1,0,0,1,1,E01005583,16-07-2018,2,1,1,2,27,6,3,0,0,0,0,-1,9,1
46498,73.75755813,18.49087039,6,3,2,1,1,20:20,106,E08000005,3,671,3,30,6,2,4,6266,0,0,1,1,1,0,0,1,1,E01005482,17-07-2018,1,1,1,1,16,4,3,0,0,0,0,-1,9,1
46499,73.84520779,18.63122692,6,3,1,1,2,13:15,106,E08000005,3,576,6,30,0,-1,-1,0,0,0,1,1,1,0,0,1,1,E01005546,18-07-2018,1,2,2,1,16,4,3,0,0,1,0,-1,9,1
46500,73.86752924,18.60983862,6,3,2,1,3,07:41,106,E08000005,4,6225,6,30,3,4,6,0,0,0,1,2,2,0,0,1,2,E01005555,19-07-2018,1,3,2,1,16,4,3,0,0,2,0,-1,9,1
46501,73.86486528,18.5974468,6,3,1,1,7,19:45,106,E08000005,6,0,6,30,0,-1,-1,0,0,0,1,1,1,0,0,1,1,E01005569,16-07-2018,1,1,3,1,62,9,3,5,1,0,0,-1,0,-1
46502,73.78738265,18.48826427,6,3,2,1,2,12:40,106,E08000005,3,640,6,30,1,4,4,6266,0,1,1,1,1,0,0,1,1,E01005482,18-07-2018,2,1,1,1,42,7,3,0,0,0,0,-1,90,-1
46503,73.75543875,18.5025761,6,3,1,1,2,14:00,106,E08000005,3,671,1,30,2,4,6,0,0,8,1,1,2,0,0,1,1,E01005491,18-07-2018,1,1,2,1,43,7,3,0,0,1,0,-1,9,1
46504,73.7594009,18.49042533,6,3,2,1,2,14:05,106,E08000005,6,0,9,30,9,4,3,6033,0,0,1,1,1,0,0,1,1,E01005520,18-07-2018,1,1,3,1,14,3,3,5,1,0,0,-1,0,1
46505,73.9010139,18.53232358,6,3,1,1,3,23:15,106,E08000005,6,0,6,30,3,4,6,0,0,0,4,1,1,0,0,1,1,E01005522,19-07-2018,2,1,2,2,29,6,3,0,0,1,0,-1,9,1
46506,73.92714986,18.56304427,6,3,4,2,3,15:45,106,E08000005,3,671,3,30,0,-1,-1,0,0,8,1,1,1,0,0,1,1,E01005482,19-07-2018,1,1,2,2,20,4,3,0,0,1,0,-1,9,1
46507,73.88598601,18.63791646,6,3,2,2,3,23:30,106,E08000005,6,0,6,30,3,4,6,0,0,0,4,1,2,0,0,1,1,E01005494,19-07-2018,2,1,1,1,32,6,3,0,0,0,0,-1,9,1
46508,73.82093218,18.48982498,6,3,2,2,7,10:15,106,E08000005,3,664,1,30,1,4,4,6189,0,0,1,1,1,0,0,1,2,E01005539,16-07-2018,1,1,3,1,12,3,3,5,4,0,0,-1,0,1
46509,73.92947993,18.54928309,6,3,1,1,4,18:10,106,E08000005,6,0,6,30,0,-1,-1,0,0,0,1,1,1,0,0,1,2,E01005490,20-07-2018,2,1,1,2,43,7,3,0,0,0,0,-1,9,1
46510,73.86256249,18.62690022,6,3,2,2,6,22:15,106,E08000005,3,664,1,30,1,4,2,627,0,0,4,1,1,0,0,2,1,E01005479,22-07-2018,2,1,1,1,57,9,3,0,0,0,0,-1,19,2
46511,73.88085338,18.50900441,6,3,2,1,7,13:55,106,E08000005,6,0,6,30,0,-1,-1,0,0,0,1,1,1,0,0,1,1,E01005470,23-07-2018,2,2,2,1,18,4,3,0,0,1,0,-1,19,-1
46512,73.91026959,18.56381311,6,3,1,1,1,19:00,106,E08000005,4,6452,6,30,6,2,4,6222,0,0,1,2,2,0,0,1,2,E01005592,24-07-2018,2,1,1,2,39,7,3,0,0,0,0,-1,9,3
46513,73.82788607,18.53752294,6,2,2,2,2,19:30,106,E08000005,3,671,6,30,1,4,3,58,0,8,1,1,1,0,0,1,1,E01005583,25-07-2018,2,2,2,2,6,2,3,0,0,1,0,-1,9,3
46514,73.74906959,18.58839044,6,3,2,1,3,18:15,106,E08000005,3,671,6,30,0,-1,-1,0,0,0,1,1,1,0,0,1,1,E01005580,26-07-2018,1,1,1,2,43,7,3,0,0,0,0,-1,8,1
46515,73.90436135,18.49135492,6,3,2,1,2,13:30,106,E08000005,3,58,6,30,9,4,6,0,0,0,1,1,1,0,0,1,1,E01005523,11-07-2018,1,1,1,1,29,6,3,0,0,0,0,-1,90,1
46516,73.83621186,18.52885331,6,3,2,1,2,19:00,106,E08000005,3,58,6,30,6,2,5,0,0,5,1,1,1,0,0,1,2,E01005596,11-07-2018,1,1,1,1,41,7,3,0,0,0,0,-1,5,1
46517,73.95539075,18.629548,6,3,2,1,3,09:00,106,E08000005,3,664,3,30,6,2,3,671,0,0,1,1,1,0,0,1,2,E01005564,12-07-2018,2,1,1,1,41,7,3,0,0,0,0,-1,9,2
46518,73.8853203,18.58374926,6,3,1,1,2,02:15,106,E08000005,6,0,7,30,3,4,3,664,0,0,4,1,1,0,0,1,1,E01005477,01-08-2018,2,2,2,2,35,6,3,0,0,1,0,-1,9,2
46519,73.93214498,18.55000699,6,3,2,1,3,12:20,106,E08000005,3,58,6,30,3,4,5,0,0,4,1,1,1,0,0,1,1,E01005501,19-07-2018,2,3,2,1,12,3,3,0,0,2,0,-1,9,2
46520,73.86257339,18.49871204,6,3,2,1,1,17:00,106,E08000005,5,0,6,30,0,-1,-1,0,0,0,1,2,2,0,0,2,1,E01005554,24-07-2018,2,4,2,1,10,2,3,0,0,2,0,-1,9,2
46521,73.93876079,18.63084198,6,3,1,1,4,20:40,106,E08000005,3,671,6,30,0,-1,-1,0,0,4,1,1,1,0,0,1,1,E01005580,27-07-2018,1,1,1,1,20,4,3,0,0,0,0,-1,9,2
46522,73.82592516,18.59200096,6,3,2,1,4,18:45,106,E08000005,4,6266,1,30,2,4,4,6223,0,1,1,1,1,0,0,1,1,E01005482,27-07-2018,1,1,1,2,22,5,3,0,0,0,0,-1,9,1
46523,73.8886488,18.63466073,6,3,2,2,4,19:00,106,E08000005,3,6046,6,30,3,4,6,0,0,0,1,1,1,0,0,1,1,E01005508,27-07-2018,1,1,2,2,29,6,3,0,0,1,0,-1,9,1
46524,73.85401058,18.63970156,6,3,1,1,6,18:25,106,E08000005,6,0,6,30,3,4,6,0,0,0,1,1,1,0,0,1,1,E01005579,29-07-2018,1,2,1,1,38,7,3,0,0,0,0,-1,9,1
46525,73.79255087,18.56382464,6,3,2,1,7,17:50,106,E08000005,3,576,6,30,3,4,6,0,0,0,1,1,1,0,0,1,1,E01005547,30-07-2018,1,1,3,1,2,1,3,5,4,0,0,-1,0,-1
46526,73.75271247,18.525754,6,3,2,2,1,16:55,106,E08000005,3,6045,6,40,0,-1,-1,0,0,8,1,1,1,0,0,2,1,E01005554,31-07-2018,1,1,2,1,7,2,3,0,0,2,0,-1,9,1
46527,73.87180236,18.58038045,6,3,2,1,1,20:00,106,E08000005,6,0,6,30,0,-1,-1,0,0,0,1,1,1,0,0,1,1,E01005528,31-07-2018,2,2,1,2,23,5,3,0,0,0,0,-1,9,1
46528,73.8428823,18.57030357,6,3,2,4,1,22:50,106,E08000005,5,0,6,30,3,4,6,0,0,0,4,1,1,0,0,1,1,E01005542,07-08-2018,2,1,1,1,51,8,3,0,0,0,0,-1,9,1
46529,73.9313523,18.640413,6,3,1,1,1,20:35,106,E08000005,3,6045,6,30,3,4,6,0,0,0,1,1,1,0,0,2,1,E01005554,31-07-2018,1,1,1,1,20,4,2,0,0,0,0,-1,5,1
46530,73.73729203,18.5577689,6,2,2,2,2,11:20,106,E08000005,3,6045,6,40,0,-1,-1,0,0,8,1,1,1,0,0,2,1,E01005554,01-08-2018,1,1,3,1,48,8,2,5,3,0,0,-1,0,1
46531,73.73356112,18.62087192,6,3,1,1,4,14:05,106,E08000005,6,0,6,30,3,4,6,0,0,0,1,1,1,0,0,1,1,E01005545,03-08-2018,2,1,2,2,45,7,3,0,0,1,0,-1,9,3
46532,73.80945315,18.52441448,6,3,2,2,2,09:30,106,E08000005,4,6223,6,30,3,4,6,0,0,0,1,1,1,0,0,1,1,E01005484,08-08-2018,2,2,1,1,46,8,3,0,0,0,0,-1,9,3
46533,73.86904265,18.57858115,6,3,2,1,6,11:50,106,E08000005,6,0,6,30,3,3,5,0,0,0,1,1,1,0,0,1,2,E01005485,05-08-2018,2,1,2,2,40,7,3,0,0,0,4,-1,11,1
46534,73.82299807,18.64051116,6,3,1,1,7,17:20,106,E08000005,6,0,6,30,0,-1,-1,0,0,0,1,1,1,0,0,1,1,E01005470,06-08-2018,2,2,2,2,25,5,3,0,0,0,4,-1,11,1
46535,73.83586049,18.6375167,6,3,1,1,2,16:00,106,E08000005,5,0,1,30,1,4,6,0,0,0,1,1,1,0,0,1,2,E01005486,08-08-2018,2,1,1,1,60,9,3,0,0,0,0,-1,9,1
46536,73.88886129,18.64163015,6,3,2,1,2,15:35,106,E08000005,5,0,6,30,0,-1,-1,0,0,0,1,1,1,0,0,1,2,E01005564,08-08-2018,3,2,1,2,21,5,3,0,0,0,0,-1,9,1
46537,73.92375394,18.52515191,6,3,2,1,1,21:08,106,E08000005,6,0,6,30,9,3,6,0,0,0,1,1,1,0,0,1,2,E01005501,07-08-2018,2,1,2,1,28,6,3,0,0,1,0,-1,9,-1
46538,73.91380297,18.49373896,6,3,2,3,3,23:00,106,E08000005,5,0,6,30,3,4,6,0,0,0,4,1,1,0,0,1,1,E01005542,09-08-2018,1,1,1,1,8,2,2,0,0,0,0,-1,1,-1
46539,73.96115804,18.57164085,6,3,1,1,6,12:59,106,E08000005,6,0,6,30,3,4,6,0,0,0,1,1,1,0,0,1,1,E01005539,05-08-2018,2,1,1,2,37,7,3,0,0,0,0,-1,9,1
46540,73.85334196,18.55290228,6,3,2,1,3,07:30,106,E08000005,3,669,6,30,3,3,6,0,0,0,1,1,1,0,0,1,1,E01005540,09-08-2018,2,2,2,2,59,9,3,0,0,2,0,-1,9,2
46541,73.96267975,18.5572844,6,3,2,1,2,20:00,106,E08000005,3,640,6,30,6,2,3,664,0,0,1,1,1,0,0,1,1,E01005566,08-08-2018,1,1,1,1,21,5,3,0,0,0,0,-1,9,-1