Accident_Index,longitude,latitude,Police_Force,Accident_Severity,Number_of_Vehicles,Number_of_Casualties,Day_of_Week,Time,Local_Authority_(District),Local_Authority_(Highway),1st_Road_Class,1st_Road_Number,Road_Type,Speed_limit,Junction_Detail,Junction_Control,2nd_Road_Class,2nd_Road_Number,Pedestrian_Crossing-Human_Control,Pedestrian_Crossing-Physical_Facilities,Light_Conditions,Weather_Conditions,Road_Surface_Conditions,Special_Conditions_at_Site,Carriageway_Hazards,Urban_or_Rural_Area,Did_Police_Officer_Attend_Scene_of_Accident,LSOA_of_Accident_Location,Date,Vehicle_Reference,Casualty_Reference,Casualty_Class,Sex_of_Casualty,Age_of_Casualty,Age_Band_of_Casualty,Casualty_Severity,Pedestrian_Location,Pedestrian_Movement,Car_Passenger,Bus_or_Coach_Passenger,Pedestrian_Road_Maintenance_Worker,Casualty_Type,Casualty_Home_Area_Type
46542,73.91289291,18.49674841,6,3,2,2,5,15:00,106,E08000005,3,58,6,40,3,4,6,0,0,5,1,1,1,0,0,1,1,E01005484,04-08-2018,2,1,2,1,16,4,3,0,0,1,0,-1,9,1
46543,73.88866612,18.56054818,6,3,2,2,4,13:00,106,E08000005,3,6046,6,30,0,-1,-1,0,0,0,1,1,1,0,0,1,1,E01005528,10-08-2018,1,1,1,1,23,5,3,0,0,0,0,-1,9,1
46544,73.78632837,18.55861329,6,3,1,1,3,12:43,106,E08000005,6,0,2,30,3,4,6,0,0,0,1,1,1,0,0,1,1,E01005580,09-08-2018,1,1,2,1,12,3,3,0,0,1,0,-1,9,-1
46545,73.75097651,18.5997705,6,3,1,1,4,13:40,106,E08000005,4,6266,6,30,9,4,6,0,0,1,1,1,1,0,0,1,1,E01005482,10-08-2018,1,2,1,2,19,4,3,0,0,0,0,-1,9,1
46546,73.80736945,18.50244413,6,3,1,1,5,16:40,106,E08000005,6,0,6,30,6,4,5,0,0,0,1,1,1,0,0,1,1,E01005485,11-08-2018,2,1,1,1,41,7,3,0,0,0,0,-1,9,1
46547,73.90423892,18.57841605,6,3,1,1,4,18:00,106,E08000005,3,640,6,30,0,-1,-1,0,0,0,1,1,1,0,0,1,2,E01005485,10-08-2018,1,1,1,1,23,5,3,0,0,0,0,-1,9,1
46548,73.94940828,18.61494866,6,3,2,2,2,14:00,106,E08000005,3,58,3,30,0,-1,-1,0,0,0,1,1,1,0,0,1,2,E01005472,15-08-2018,1,2,2,1,4,1,3,0,0,1,0,-1,9,1
46549,73.75846029,18.54677547,6,3,2,2,5,21:00,106,E08000005,6,0,6,30,3,4,6,0,0,0,1,2,2,0,0,1,1,E01005469,28-07-2018,2,3,1,1,31,6,3,0,0,0,0,-1,20,1
46550,73.77147643,18.52829608,6,3,2,1,6,08:55,106,E08000005,3,664,6,30,1,4,6,0,0,0,1,1,1,0,0,2,2,E01005479,12-08-2018,2,4,2,1,24,5,3,0,0,1,0,-1,20,1
46551,73.93382088,18.63397525,6,3,2,1,1,19:40,106,E08000005,3,671,3,40,0,-1,-1,0,0,0,1,1,1,0,0,1,1,E01005491,07-08-2018,1,1,2,2,3,1,3,0,0,0,4,-1,11,1
46552,73.74368517,18.49180929,6,3,1,1,2,17:30,106,E08000005,4,6225,3,30,3,4,4,6225,0,0,1,1,1,0,0,1,2,E01005556,15-08-2018,1,1,1,1,38,7,3,0,0,0,0,-1,9,1
46553,73.85570805,18.60196553,6,1,1,1,5,13:55,106,E08000005,6,0,6,30,3,4,6,0,0,0,1,1,1,0,0,1,1,E01005581,11-08-2018,2,1,1,2,22,5,3,0,0,0,0,-1,9,1
46554,73.86190155,18.63855709,6,3,2,1,3,18:00,106,E08000005,6,0,6,30,0,-1,-1,0,0,0,5,1,1,0,0,1,2,E01005593,16-08-2018,2,1,2,2,18,4,3,0,0,1,0,-1,9,1
46555,73.78590209,18.60249402,6,3,2,2,4,17:47,106,E08000005,6,0,3,30,1,1,6,0,0,0,1,1,1,0,0,1,2,E01005581,10-08-2018,1,1,1,1,70,10,3,0,0,0,0,-1,9,-1
46556,73.89225665,18.51261691,6,3,2,2,1,23:00,106,E08000005,6,0,6,20,0,-1,-1,0,0,0,4,2,2,0,0,1,1,E01005592,21-08-2018,2,1,1,1,38,7,3,0,0,0,0,-1,1,1
46557,73.85156369,18.5795965,6,2,1,7,7,09:03,106,E08000005,3,671,6,30,3,4,6,0,0,0,1,2,2,0,0,1,1,E01005491,13-08-2018,2,1,1,1,27,6,3,0,0,0,0,-1,9,1
46558,73.74276591,18.51279896,6,3,2,1,2,17:55,106,E08000005,3,671,6,30,3,4,6,0,0,0,1,1,1,0,0,1,1,E01005467,15-08-2018,2,2,2,1,21,5,3,0,0,1,0,-1,9,-1
46559,73.84890548,18.5615445,6,2,2,5,7,20:00,106,E08000005,4,6225,6,30,3,4,3,58,0,0,1,1,1,0,0,1,1,E01005522,20-08-2018,1,1,3,1,44,7,1,5,1,0,0,-1,0,1
46560,73.93352586,18.50627669,6,3,3,2,2,08:40,106,E08000005,3,680,6,30,3,4,6,0,0,0,1,2,2,0,0,1,1,E01005589,22-08-2018,2,1,2,2,18,4,3,0,0,0,4,-1,11,1
46561,73.88092245,18.54592171,6,2,2,1,1,17:15,106,E08000005,3,58,6,60,0,-1,-1,0,0,0,1,1,1,0,0,2,1,E01005521,21-08-2018,2,1,1,1,49,8,3,0,0,0,0,-1,9,-1
46562,73.77007201,18.51974751,6,3,2,1,2,17:45,106,E08000005,3,576,3,40,6,2,3,6045,0,4,1,1,1,0,0,1,2,E01004969,22-08-2018,1,1,3,2,78,11,2,5,1,0,0,-1,0,1
46563,73.86312434,18.50830328,6,2,2,1,3,13:20,106,E08000005,4,6222,6,30,0,-1,-1,0,0,4,1,1,1,0,0,1,1,E01005577,23-08-2018,1,1,1,1,17,4,3,0,0,0,0,-1,2,1
46564,73.93313583,18.50327811,6,3,3,3,1,16:20,106,E08000005,3,58,6,30,0,-1,-1,0,0,0,1,1,1,0,0,1,1,E01005522,21-08-2018,1,3,1,2,18,4,3,0,0,0,0,-1,9,1
46565,73.80920685,18.56676403,6,3,2,2,6,17:50,106,E08000005,5,0,6,30,3,4,6,0,0,0,1,1,1,0,0,1,1,E01005524,19-08-2018,1,4,2,2,17,4,3,0,0,1,0,-1,9,1
46566,73.93303123,18.61309165,6,3,2,1,3,18:35,106,E08000005,3,669,1,30,1,4,3,664,0,4,1,1,1,0,0,1,1,E01005539,23-08-2018,1,5,2,1,17,4,3,0,0,2,0,-1,9,1
46567,73.87963503,18.57114916,6,3,2,1,4,12:23,106,E08000005,3,640,6,30,0,-1,-1,0,0,0,1,2,2,0,0,1,1,E01005562,24-08-2018,1,6,2,2,17,4,3,0,0,2,0,-1,9,1
46568,73.90128281,18.60254159,6,3,2,1,5,12:45,106,E08000005,3,58,6,30,3,4,6,0,0,4,1,1,1,0,0,1,2,E01005583,25-08-2018,2,1,1,2,37,7,3,0,0,0,0,-1,9,1
46569,73.76050844,18.49745061,6,3,1,1,4,14:05,106,E08000005,6,0,6,30,1,4,3,576,0,0,1,1,1,0,0,1,2,E01005548,24-08-2018,2,2,2,2,73,10,3,0,0,1,0,-1,9,1
46570,73.79777607,18.52534492,6,3,2,1,5,09:48,106,E08000005,3,640,6,30,3,4,5,0,0,0,1,2,2,0,0,1,1,E01005560,25-08-2018,1,2,1,1,80,11,3,0,0,0,0,-1,9,1
46571,73.78444019,18.62352948,6,3,2,1,7,00:15,106,E08000005,3,671,6,30,9,4,6,0,0,0,4,1,1,0,0,1,2,E01005564,27-08-2018,2,1,1,2,28,6,3,0,0,0,0,-1,9,1
46572,73.83083863,18.50154043,6,3,1,1,7,19:30,106,E08000005,3,58,6,30,9,4,3,58,0,0,1,1,1,0,0,1,2,E01005501,27-08-2018,1,1,1,1,43,7,3,0,0,0,0,-1,5,1
46573,73.73500584,18.58066534,6,3,2,1,6,16:50,106,E08000005,6,0,6,30,9,4,6,0,0,0,1,1,1,0,0,1,1,E01005558,12-08-2018,1,1,3,1,12,3,3,8,3,0,0,-1,0,1
46574,73.79185891,18.54868189,6,3,1,1,6,15:30,106,E08000005,6,0,6,30,3,4,6,0,0,0,1,1,2,0,0,1,1,E01005581,26-08-2018,1,1,1,1,23,5,3,0,0,0,0,-1,3,1
46575,73.86828317,18.53724666,6,3,2,1,7,13:30,106,E08000005,6,0,6,30,3,4,3,664,0,4,1,1,1,0,0,1,1,E01005539,27-08-2018,1,2,3,2,14,3,3,2,1,0,0,-1,0,-1
46576,73.90807344,18.58629485,6,3,1,1,1,22:10,106,E08000005,4,6225,6,30,0,-1,-1,0,0,0,4,1,1,0,0,1,1,E01005555,28-08-2018,1,1,1,1,26,6,3,0,0,0,0,-1,3,2
46577,73.81141285,18.62609098,6,3,2,3,2,02:10,106,E08000005,3,664,6,30,3,2,3,664,0,0,4,1,1,0,0,1,1,E01005477,29-08-2018,1,1,3,1,18,4,3,5,2,0,0,-1,0,1
46578,73.86542184,18.52679243,6,3,2,2,3,11:50,106,E08000005,3,6045,6,40,0,-1,-1,0,0,0,1,1,1,0,0,2,1,E01005554,30-08-2018,2,1,1,1,48,8,3,0,0,0,0,-1,9,1
46579,73.81569687,18.58459345,6,3,3,1,3,14:45,106,E08000005,3,6046,6,30,3,4,6,0,0,0,1,1,1,0,0,1,1,E01005526,30-08-2018,2,2,2,1,25,5,3,0,0,1,0,-1,9,-1
46580,73.8546546,18.56924045,6,2,2,1,4,17:10,106,E08000005,6,0,6,30,3,4,5,0,0,0,1,1,2,0,0,1,1,E01005507,31-08-2018,2,3,2,1,21,5,3,0,0,2,0,-1,9,-1
46581,73.89795212,18.61012418,6,3,1,1,4,16:50,106,E08000005,3,664,6,30,0,-1,-1,0,0,4,1,2,2,0,0,1,1,E01005464,31-08-2018,2,1,1,1,24,5,3,0,0,0,0,-1,4,1
46582,73.80125887,18.63011865,6,3,1,1,6,19:40,106,E08000005,4,6266,6,30,3,4,6,0,0,0,1,1,1,0,0,1,2,E01005585,02-09-2018,2,1,1,2,65,9,3,0,0,0,0,-1,9,1
46583,73.92011439,18.56758476,6,3,1,1,6,20:45,106,E08000005,6,0,6,30,0,-1,-1,0,0,0,5,1,1,0,0,1,2,E01005528,02-09-2018,1,1,3,2,9,2,3,5,1,0,0,-1,0,1
46584,73.87203553,18.56928028,6,3,2,1,6,05:35,106,E08000005,6,0,6,30,3,4,6,0,0,0,4,1,1,0,0,1,1,E01005543,02-09-2018,2,1,1,1,49,8,3,0,0,0,0,-1,1,-1
46585,73.85262726,18.51588805,6,3,2,1,6,21:10,106,E08000005,6,0,6,30,3,4,3,664,2,5,4,1,1,0,0,1,1,E01005579,02-09-2018,1,1,1,1,92,11,2,0,0,0,0,-1,9,2
46586,73.8768835,18.59867722,6,3,2,1,5,12:30,106,E08000005,6,0,6,30,9,4,3,669,0,0,1,1,1,0,0,1,2,E01005541,01-09-2018,2,2,1,1,39,7,3,0,0,0,0,-1,21,-1
46587,73.77472135,18.6321035,6,3,1,1,1,13:20,106,E08000005,3,58,3,30,3,2,6,0,0,0,1,1,1,0,0,1,2,E01005473,21-08-2018,2,3,2,1,46,8,3,0,0,1,0,-1,21,-1
46588,73.90487882,18.57613269,6,3,2,2,7,00:40,106,E08000005,3,664,3,30,0,-1,-1,0,0,8,4,1,1,0,0,2,1,E01005543,03-09-2018,2,4,2,1,41,7,3,0,0,2,0,-1,21,-1
46589,73.96275433,18.62714356,6,3,2,2,4,20:00,106,E08000005,6,0,6,30,6,4,6,0,0,0,1,1,1,0,0,1,1,E01005539,17-08-2018,2,5,2,1,41,7,3,0,0,2,0,-1,21,-1
46590,73.81401224,18.62230766,6,3,2,1,4,16:00,106,E08000005,3,6045,6,30,0,-1,-1,0,0,0,1,1,1,0,0,1,2,E01005547,07-09-2018,2,1,1,2,8,2,3,0,0,0,0,-1,1,1
46591,73.79409389,18.52019475,6,3,2,1,5,21:45,106,E08000005,3,58,6,30,6,4,6,0,0,0,4,2,2,0,0,1,1,E01005501,08-09-2018,1,1,1,1,50,8,3,0,0,0,0,-1,9,1
46592,73.8466568,18.52108002,6,3,2,1,5,11:15,106,E08000005,6,0,6,30,6,4,6,0,0,0,1,1,1,0,0,1,2,E01005541,08-09-2018,1,2,2,1,50,8,3,0,0,1,0,-1,9,1
46593,73.84567212,18.55605952,6,3,2,3,7,18:39,106,E08000005,4,6452,6,40,6,2,4,6222,0,0,1,1,1,0,0,1,1,E01005577,10-09-2018,1,3,2,2,13,3,3,0,0,2,0,-1,9,1
46594,73.82288154,18.58467861,6,3,2,2,5,18:00,106,E08000005,3,664,6,30,9,4,3,664,0,0,4,2,2,0,0,1,2,E01005471,08-09-2018,2,4,2,1,50,8,3,0,0,2,0,-1,9,-1
46595,73.92166268,18.51789707,6,3,1,1,7,20:40,106,E08000005,4,6452,6,30,9,4,6,0,0,4,4,2,2,0,0,1,1,E01005472,10-09-2018,2,5,2,2,13,3,3,0,0,1,0,-1,9,-1
46596,73.79109641,18.5199814,6,3,1,1,5,16:05,106,E08000005,5,0,6,30,9,4,6,0,0,0,1,2,2,0,0,1,2,E01005520,15-09-2018,2,1,1,2,47,8,3,0,0,0,0,-1,9,1
46597,73.96116627,18.61075086,6,3,2,1,2,11:10,106,E08000005,3,671,6,30,6,4,6,0,0,0,1,1,1,0,0,1,1,E01005482,05-09-2018,1,1,2,2,15,3,3,0,0,1,0,-1,9,1
46598,73.8840739,18.64230516,6,2,2,1,3,15:30,106,E08000005,3,671,6,30,3,4,6,0,0,1,1,1,1,0,0,1,1,E01005494,06-09-2018,3,2,1,2,32,6,3,0,0,0,0,-1,9,1
46599,73.90929653,18.52000794,6,3,4,2,6,17:13,106,E08000005,3,58,3,30,0,-1,-1,0,0,0,1,1,1,0,0,1,1,E01005578,09-09-2018,1,1,3,2,4,1,3,5,2,0,0,-1,0,1
46600,73.94323219,18.55710441,6,3,1,1,7,18:25,106,E08000005,6,0,2,30,0,-1,-1,0,0,0,1,1,1,0,0,1,1,E01005515,10-09-2018,1,1,1,1,28,6,2,0,0,0,0,-1,1,1
46601,73.91624777,18.59740805,6,3,2,1,7,13:00,106,E08000005,6,0,6,30,9,4,6,0,0,0,1,1,2,0,0,1,1,E01005484,10-09-2018,2,1,2,2,42,7,3,0,0,1,0,-1,9,1
46602,73.84059438,18.54485653,6,3,2,1,5,10:30,106,E08000005,3,671,6,30,3,4,6,0,0,0,4,1,1,0,0,1,2,E01005494,01-09-2018,1,1,1,1,26,6,3,0,0,0,0,-1,5,1
46603,73.81589654,18.60112483,6,3,2,1,4,16:11,106,E08000005,6,0,9,30,9,4,5,0,0,0,1,1,1,0,0,1,2,E01005551,07-09-2018,1,1,3,2,12,3,2,7,3,0,0,-1,0,1
46604,73.85360802,18.54057921,6,3,1,1,2,08:45,106,E08000005,6,0,3,30,9,4,5,0,0,0,1,1,1,0,0,1,2,E01005558,12-09-2018,1,1,3,1,12,3,3,5,1,0,0,-1,0,1
46605,73.73347321,18.51268636,6,3,1,1,3,16:10,106,E08000005,6,0,6,30,9,4,6,0,0,0,1,1,1,0,0,1,1,E01005473,13-09-2018,1,1,3,2,10,2,3,5,2,0,0,-1,0,1
46606,73.73788049,18.62187792,6,3,2,9,4,22:05,106,E08000005,3,640,6,30,6,2,3,671,0,0,4,1,1,0,0,1,1,E01005482,14-09-2018,2,1,1,1,18,4,3,0,0,0,0,-1,1,1
46607,73.73683951,18.58601066,6,3,2,1,5,11:50,106,E08000005,4,6225,6,30,3,2,3,640,0,0,1,1,2,0,0,1,1,E01005556,15-09-2018,1,1,2,1,70,10,3,0,0,0,1,-1,11,-1
46608,73.80415419,18.53008569,6,3,2,1,6,11:20,106,E08000005,3,664,6,30,3,4,6,0,0,0,1,1,1,0,0,1,1,E01005544,16-09-2018,2,2,2,2,72,10,3,0,0,2,0,-1,9,1
46609,73.83986819,18.50212598,6,3,2,2,6,14:00,106,E08000005,4,6452,6,30,3,4,6,0,0,4,1,1,1,0,0,1,1,E01005592,16-09-2018,3,1,2,2,24,5,3,0,0,1,0,-1,9,1
46610,73.85328334,18.57898493,6,3,1,1,1,20:59,106,E08000005,4,6223,6,30,6,4,6,0,0,4,4,1,1,0,0,1,1,E01005484,18-09-2018,1,1,1,1,37,7,3,0,0,0,0,-1,9,1
46611,73.79579845,18.49020736,6,3,3,2,5,19:15,106,E08000005,3,669,6,30,3,4,6,0,0,0,4,5,2,0,0,1,1,E01005540,15-09-2018,2,2,1,2,40,7,3,0,0,0,0,-1,9,1
46612,73.87414463,18.53190159,6,3,1,1,7,00:01,106,E08000005,3,6046,1,30,1,4,6,0,0,0,4,1,1,0,0,1,1,E01005508,17-09-2018,1,1,2,1,30,6,3,0,0,1,0,-1,21,-1
46613,73.88700367,18.62679664,6,3,3,4,4,01:20,106,E08000005,6,0,6,30,6,4,6,0,0,0,4,1,1,0,0,1,1,E01005471,21-09-2018,1,1,2,2,35,6,3,0,0,1,0,-1,9,-1
46614,73.76032908,18.57669668,6,3,2,1,4,15:20,106,E08000005,3,58,3,40,6,4,6,0,0,8,1,1,1,0,0,1,1,E01005482,21-09-2018,2,2,2,2,39,7,3,0,0,1,0,-1,9,-1
46615,73.94040364,18.56854715,6,3,2,1,6,10:00,106,E08000005,3,671,1,30,1,4,3,58,0,0,1,1,1,0,0,1,2,E01005583,16-09-2018,1,1,3,2,15,3,3,5,3,0,0,-1,0,-1
46616,73.74780145,18.56802794,6,3,2,3,2,09:40,106,E08000005,3,680,1,30,1,4,5,0,0,0,1,1,1,0,0,1,1,E01005588,19-09-2018,1,1,3,1,87,11,1,5,1,0,0,-1,0,-1
46617,73.79099359,18.51712681,6,3,2,1,2,17:45,101,E08000002,1,60,7,30,0,-1,-1,0,0,0,4,1,1,0,0,2,2,E01004969,12-09-2018,1,1,1,1,34,6,2,0,0,0,0,-1,1,-1
46618,73.77980181,18.59505738,6,3,2,1,4,18:40,106,E08000005,6,0,6,30,0,-1,-1,0,0,0,1,9,1,0,0,1,2,E01005522,14-09-2018,1,1,1,1,27,6,3,0,0,0,0,-1,9,1
46619,73.92067341,18.6026255,6,3,2,2,2,10:00,106,E08000005,6,0,6,30,6,4,6,0,0,0,1,1,1,0,0,1,1,E01005482,19-09-2018,1,1,1,1,35,6,3,0,0,0,0,-1,9,2
46620,73.76124777,18.50360674,6,3,3,1,5,22:00,106,E08000005,3,680,6,30,9,4,5,0,0,0,4,1,1,0,0,1,1,E01005574,22-09-2018,1,2,2,2,19,4,3,0,0,1,0,-1,9,1
46621,73.73358103,18.60055115,6,3,2,6,5,16:35,106,E08000005,6,0,6,30,6,4,5,0,0,0,1,1,1,0,0,1,1,E01005486,22-09-2018,1,3,2,2,14,3,3,0,0,2,0,-1,9,-1
46622,73.94658687,18.60722498,6,3,2,2,5,09:40,106,E08000005,6,0,6,30,6,4,6,0,0,0,1,1,1,0,0,1,1,E01005485,22-09-2018,1,1,2,2,50,8,3,0,0,1,0,-1,9,1
46623,73.92880038,18.60685932,6,3,1,1,5,15:10,106,E08000005,6,0,6,30,3,3,6,0,0,0,1,1,1,0,0,1,1,E01005525,22-09-2018,1,2,2,1,5,1,3,0,0,2,0,-1,9,1
46624,73.86027201,18.50094963,6,3,3,1,7,13:50,106,E08000005,6,0,6,30,3,4,6,0,0,0,1,1,1,0,6,1,1,E01005534,24-09-2018,1,3,1,2,32,6,3,0,0,0,0,-1,9,1
46625,73.94506426,18.59011366,6,3,1,1,1,07:10,106,E08000005,3,640,6,30,3,4,3,663,0,8,1,2,2,0,0,1,1,E01005562,25-09-2018,2,4,1,2,43,7,3,0,0,0,0,-1,9,1
46626,73.83504259,18.49215475,6,3,2,3,2,13:30,106,E08000005,6,0,6,30,3,4,4,6266,0,0,1,1,1,0,0,1,1,E01005583,26-09-2018,2,1,2,2,18,4,3,0,0,1,0,-1,9,-1
46627,73.80877058,18.52220503,6,3,1,1,6,08:36,106,E08000005,3,58,6,30,9,4,6,0,0,0,1,2,2,0,0,1,1,E01005595,30-09-2018,2,2,2,1,18,4,3,0,0,2,0,-1,9,-1
46628,73.75492344,18.61536302,6,3,2,1,7,15:30,106,E08000005,3,6060,3,30,7,2,3,58,0,4,1,1,1,0,0,1,2,E01005484,24-09-2018,2,3,1,1,22,5,3,0,0,0,0,-1,9,3
46629,73.86899879,18.63119022,6,3,2,1,4,15:03,106,E08000005,5,0,6,30,0,-1,-1,0,0,0,1,2,2,0,0,1,2,E01005556,28-09-2018,1,1,1,1,24,5,3,0,0,0,0,-1,9,1
46630,73.8635177,18.57661037,6,3,2,1,3,08:38,106,E08000005,3,664,6,30,6,2,6,0,0,0,1,1,1,0,0,2,1,E01005544,27-09-2018,1,1,1,1,22,5,3,0,0,0,0,-1,9,1
46631,73.87758035,18.61064027,6,3,1,1,7,11:00,106,E08000005,4,6266,6,30,1,4,4,6223,0,1,1,1,1,0,0,1,1,E01005482,01-10-2018,1,1,1,2,34,6,3,0,0,0,0,-1,9,1
46632,73.9283916,18.56605529,6,3,1,1,5,08:50,106,E08000005,4,6266,3,30,9,4,6,0,0,1,1,1,1,0,0,1,2,E01005484,29-09-2018,2,2,1,1,54,8,3,0,0,0,0,-1,9,1
46633,73.85343767,18.52909926,6,3,1,1,2,16:30,106,E08000005,3,640,6,30,9,4,6,0,0,0,1,1,1,0,0,1,2,E01005566,03-10-2018,2,1,1,1,25,5,3,0,0,0,0,-1,3,1
46634,73.80219017,18.54254823,6,3,2,1,3,19:00,106,E08000005,3,664,6,30,3,4,6,0,0,0,4,1,1,0,0,1,1,E01005477,27-09-2018,1,1,1,1,50,8,3,0,0,0,0,-1,9,1
46635,73.80738878,18.55727614,6,3,2,1,4,07:15,106,E08000005,3,640,6,30,6,2,4,6225,0,0,1,1,1,0,0,1,1,E01005559,28-09-2018,1,1,1,1,23,5,2,0,0,0,0,-1,3,1
46636,73.90839952,18.62808479,6,3,1,1,6,11:10,106,E08000005,4,6225,6,30,9,1,6,0,0,0,1,1,1,0,0,1,2,E01005556,30-09-2018,1,1,2,1,3,1,3,0,0,2,0,-1,9,-1
46637,73.79867491,18.5959964,6,3,2,4,6,09:00,106,E08000005,3,640,6,30,6,2,3,664,0,0,1,2,2,0,0,1,1,E01005566,30-09-2018,1,1,2,1,3,1,3,0,0,0,4,-1,11,-1
46638,73.79533726,18.62631804,6,3,2,1,2,17:50,106,E08000005,3,58,1,30,1,4,3,664,0,0,1,1,1,0,0,1,1,E01005480,03-10-2018,1,1,1,1,27,6,2,0,0,0,0,-1,3,-1
46639,73.78554107,18.56750204,6,2,2,1,4,18:54,106,E08000005,3,6046,6,30,3,4,6,0,0,0,4,1,1,0,0,1,1,E01005508,21-09-2018,1,1,3,2,76,11,2,8,3,0,0,-1,0,1
46640,73.79904593,18.5157396,6,3,2,1,7,20:40,106,E08000005,5,0,6,30,9,4,6,0,0,0,4,1,1,0,0,1,2,E01005548,01-10-2018,2,1,1,1,31,6,3,0,0,0,0,-1,9,1
46641,73.92408872,18.54714433,6,3,1,1,4,13:09,106,E08000005,3,540,6,30,9,4,6,0,0,4,1,1,1,0,0,1,1,E01005567,05-10-2018,1,1,3,1,41,7,3,6,9,0,0,-1,0,-1
46642,73.9020207,18.62368051,6,3,1,1,6,01:40,106,E08000005,3,58,6,30,3,4,6,0,0,0,4,2,2,0,0,1,1,E01005512,07-10-2018,2,1,2,2,16,4,3,0,0,2,0,-1,9,1
46643,73.94891835,18.57797357,6,3,2,1,4,11:00,106,E08000005,3,58,6,30,0,-1,-1,0,0,0,1,1,1,0,0,1,2,E01005514,28-09-2018,2,1,1,2,36,7,3,0,0,0,0,-1,9,1
46644,73.94890077,18.49491018,6,2,2,1,4,14:20,106,E08000005,3,58,6,30,3,4,6,0,0,0,1,1,1,0,0,1,1,E01005595,05-10-2018,1,1,1,1,30,6,3,0,0,0,0,-1,9,1
46645,73.92285468,18.60199243,6,3,1,1,4,18:40,106,E08000005,6,0,6,30,3,4,6,0,0,0,4,1,1,5,0,1,2,E01005480,05-10-2018,1,1,2,2,72,10,3,0,0,0,4,-1,11,-1
46646,73.91007965,18.53849559,6,3,1,1,7,13:30,106,E08000005,3,58,6,30,3,3,6,0,0,0,1,2,2,0,0,1,2,E01005582,08-10-2018,1,1,3,1,51,8,3,5,2,0,0,-1,0,1
46647,73.93082135,18.50081383,6,3,2,1,6,18:00,106,E08000005,6,0,6,30,3,4,5,0,0,0,1,2,2,0,0,1,2,E01005539,30-09-2018,2,1,2,2,50,8,3,0,0,1,0,-1,9,1
46648,73.73467769,18.51434935,6,3,2,3,1,18:40,106,E08000005,3,671,6,30,3,4,6,0,0,4,4,1,1,0,0,1,1,E01005494,02-10-2018,2,2,2,2,16,4,3,0,0,2,0,-1,9,1
46649,73.80760068,18.61291515,6,3,2,2,1,23:55,106,E08000005,3,671,6,40,9,3,5,0,0,0,4,1,1,0,0,1,1,E01005482,09-10-2018,1,1,1,1,57,9,3,0,0,0,0,-1,9,1
46650,73.88425203,18.59441934,6,3,2,3,7,21:30,106,E08000005,3,58,6,30,3,2,6,0,0,5,4,1,1,0,0,1,1,E01005501,01-10-2018,2,2,1,2,26,6,3,0,0,0,0,-1,9,1
46651,73.88069393,18.60345412,6,3,2,1,5,19:45,106,E08000005,6,0,6,30,3,4,3,671,0,0,4,1,1,0,0,1,2,E01005469,06-10-2018,2,3,2,1,37,7,3,0,0,1,0,-1,9,1
46652,73.73874436,18.4877794,6,3,2,1,2,19:10,106,E08000005,3,640,6,30,3,4,6,0,0,0,4,1,1,0,0,1,2,E01005556,10-10-2018,2,4,2,1,43,7,3,0,0,2,0,-1,9,1
46653,73.77874984,18.59130471,6,1,1,2,1,02:10,106,E08000005,4,6225,9,70,0,-1,-1,0,0,0,7,9,1,0,0,2,1,E01005555,25-09-2018,2,5,2,1,21,5,3,0,0,2,0,-1,9,1
46654,73.83095097,18.53362398,6,3,2,1,1,15:40,106,E08000005,3,669,1,30,1,4,3,664,0,0,1,1,1,0,0,1,1,E01005539,09-10-2018,1,1,1,1,40,7,2,0,0,0,0,-1,1,1
46655,73.73900087,18.63523953,6,3,1,1,3,17:00,106,E08000005,6,0,6,30,9,4,6,0,0,0,1,1,1,0,0,1,2,E01005486,11-10-2018,1,1,2,2,65,9,3,0,0,0,3,-1,11,1
46656,73.91660852,18.55225075,6,3,1,1,4,13:05,106,E08000005,3,664,3,30,9,4,6,0,0,0,1,2,2,0,0,2,2,E01005526,12-10-2018,1,1,1,1,70,10,2,0,0,0,0,-1,9,-1
46657,73.9030116,18.63653615,6,3,2,1,3,12:45,106,E08000005,3,664,6,30,9,4,6,0,0,0,1,1,1,0,0,1,2,E01005549,11-10-2018,1,1,1,1,17,4,3,0,0,0,0,-1,9,-1
46658,73.94254182,18.50560883,6,3,2,1,7,12:00,106,E08000005,3,6060,6,30,3,2,6,0,0,0,1,2,2,0,0,1,1,E01005482,08-10-2018,2,1,1,2,41,7,3,0,0,0,0,-1,9,1
46659,73.90949992,18.55433908,6,3,2,1,7,17:10,106,E08000005,4,6189,6,30,0,-1,-1,0,0,0,1,1,2,6,0,1,1,E01005533,08-10-2018,4,1,1,2,20,4,3,0,0,0,0,-1,9,1
46660,73.88809901,18.50051909,6,3,2,3,5,11:50,106,E08000005,3,58,3,40,9,2,5,0,0,5,1,1,2,0,0,1,1,E01005485,15-09-2018,5,2,1,1,40,7,3,0,0,0,0,-1,9,1
46661,73.76214916,18.62123294,6,3,2,1,4,14:13,106,E08000005,6,0,6,30,9,4,6,0,0,0,1,8,2,0,0,1,2,E01005512,12-10-2018,2,1,1,1,15,3,3,0,0,0,0,-1,1,1