Accident_Index,longitude,latitude,Police_Force,Accident_Severity,Number_of_Vehicles,Number_of_Casualties,Day_of_Week,Time,Local_Authority_(District),Local_Authority_(Highway),1st_Road_Class,1st_Road_Number,Road_Type,Speed_limit,Junction_Detail,Junction_Control,2nd_Road_Class,2nd_Road_Number,Pedestrian_Crossing-Human_Control,Pedestrian_Crossing-Physical_Facilities,Light_Conditions,Weather_Conditions,Road_Surface_Conditions,Special_Conditions_at_Site,Carriageway_Hazards,Urban_or_Rural_Area,Did_Police_Officer_Attend_Scene_of_Accident,LSOA_of_Accident_Location,Date,Vehicle_Reference,Casualty_Reference,Casualty_Class,Sex_of_Casualty,Age_of_Casualty,Age_Band_of_Casualty,Casualty_Severity,Pedestrian_Location,Pedestrian_Movement,Car_Passenger,Bus_or_Coach_Passenger,Pedestrian_Road_Maintenance_Worker,Casualty_Type,Casualty_Home_Area_Type
46783,73.74220043,18.54138517,6,3,2,1,7,16:20,106,E08000005,3,680,6,30,2,4,3,680,0,0,4,2,2,0,0,1,1,E01005590,03-12-2018,1,1,3,1,3,1,3,5,1,0,0,-1,0,1
46784,73.7860037,18.54647876,6,3,2,1,5,17:00,106,E08000005,3,664,3,30,9,4,2,627,0,0,1,2,2,0,0,1,2,E01005480,01-12-2018,1,1,3,2,71,10,3,1,9,0,0,-1,0,-1
46785,73.75416397,18.56459798,6,3,3,1,3,17:00,106,E08000005,3,6046,6,30,9,4,6,0,0,4,4,1,1,0,0,1,2,E01005506,06-12-2018,1,1,1,1,24,5,3,0,0,0,0,-1,3,1
46786,73.95357417,18.53876896,6,3,1,1,4,08:00,106,E08000005,6,0,6,30,0,-1,-1,0,0,0,1,8,4,0,0,1,2,E01005542,07-12-2018,1,1,3,1,5,1,3,5,1,0,0,-1,0,-1
46787,73.90509417,18.55443779,6,3,1,1,4,16:05,106,E08000005,6,0,6,30,3,4,6,0,0,0,4,8,2,0,0,1,1,E01005482,30-11-2018,1,1,1,2,49,8,3,0,0,0,0,-1,9,1
46788,73.74580205,18.53926104,6,3,1,1,7,19:50,106,E08000005,5,0,6,30,0,-1,-1,0,0,0,4,2,2,0,0,1,1,E01005529,03-12-2018,1,2,2,2,20,4,3,0,0,2,0,-1,9,1
46789,73.74064519,18.50112062,6,3,1,1,2,11:55,106,E08000005,3,664,9,30,9,4,3,669,0,0,1,1,1,0,0,1,2,E01005539,05-12-2018,1,3,2,2,15,3,3,0,0,1,0,-1,9,1
46790,73.75730383,18.58600738,6,3,2,1,5,11:15,106,E08000005,3,664,3,30,6,2,2,627,0,0,1,1,1,0,0,1,2,E01005480,08-12-2018,1,4,2,2,10,2,3,0,0,2,0,-1,9,1
46791,73.92139305,18.53195505,6,3,2,1,5,20:51,106,E08000005,3,6046,6,30,9,2,6,0,0,0,4,1,1,4,0,1,2,E01005526,08-12-2018,1,1,1,1,22,5,3,0,0,0,0,-1,9,1
46792,73.89384912,18.5025209,6,3,2,3,6,20:30,106,E08000005,3,58,6,30,7,4,6,0,0,4,4,1,2,0,0,1,1,E01005583,09-12-2018,1,4,2,1,26,6,3,0,0,1,0,-1,9,1
46793,73.94305993,18.50075689,6,3,2,1,3,07:44,106,E08000005,5,0,6,30,3,4,5,0,0,0,7,1,1,0,0,2,1,E01005514,06-12-2018,1,5,2,2,24,5,2,0,0,2,0,-1,9,1
46794,73.73607813,18.51823678,6,2,2,1,4,17:15,106,E08000005,3,669,6,30,0,-1,-1,0,0,0,4,2,2,0,0,1,1,E01005540,07-12-2018,1,6,2,2,21,5,2,0,0,2,0,-1,9,1
46795,73.961954,18.61093755,6,3,3,2,5,07:45,106,E08000005,5,0,6,30,3,4,6,0,0,0,1,1,2,0,0,1,1,E01005505,08-12-2018,2,2,1,1,19,4,3,0,0,0,0,-1,9,1
46796,73.88517067,18.59633519,6,2,2,4,2,09:45,106,E08000005,3,671,6,30,0,-1,-1,0,0,0,1,1,1,0,0,1,1,E01005564,12-12-2018,2,3,2,1,41,7,3,0,0,1,0,-1,9,1
46797,73.83729548,18.60064765,6,3,1,1,2,17:25,106,E08000005,3,576,3,30,1,4,3,576,0,8,4,1,1,0,0,1,1,E01005548,12-12-2018,1,1,1,1,22,5,2,0,0,0,0,-1,5,-1
46798,73.82395464,18.54109118,6,3,1,1,3,17:35,106,E08000005,6,0,2,30,0,-1,-1,0,0,0,4,1,1,0,0,1,1,E01005487,13-12-2018,1,2,3,2,60,9,3,6,9,0,0,-1,0,1
46799,73.77380222,18.59169872,6,3,2,1,4,12:20,106,E08000005,5,0,6,30,9,4,6,0,0,0,1,1,1,0,0,1,1,E01005529,14-12-2018,1,1,1,1,14,3,3,0,0,0,0,-1,1,1
46800,73.92455546,18.60558927,6,3,3,1,5,08:15,106,E08000005,3,664,6,30,3,4,6,0,0,4,1,1,1,0,0,1,1,E01005544,15-12-2018,2,1,1,1,35,6,3,0,0,0,0,-1,5,1
46801,73.74287396,18.57728006,6,1,1,1,1,13:00,106,E08000005,6,0,6,30,9,4,6,0,0,0,1,9,2,0,0,2,1,E01005586,11-12-2018,2,1,1,2,37,7,3,0,0,0,0,-1,9,1
46802,73.73314616,18.58827273,6,3,2,1,5,10:30,106,E08000005,4,6223,6,30,0,-1,-1,0,0,0,1,1,1,0,0,1,2,E01005485,15-12-2018,1,1,1,1,29,6,3,0,0,0,0,-1,5,1
46803,73.93385098,18.55405154,6,3,2,1,7,14:00,106,E08000005,3,664,6,30,3,2,5,0,0,0,1,1,1,0,0,2,1,E01005543,17-12-2018,1,1,1,1,19,4,3,0,0,0,0,-1,9,1
46804,73.80515898,18.56349233,6,3,2,1,2,12:50,106,E08000005,3,58,6,30,9,4,6,0,0,0,1,1,1,0,0,1,2,E01005583,19-12-2018,1,3,2,1,20,4,3,0,0,1,0,-1,9,1
46805,73.87980199,18.6406342,6,3,2,1,2,13:45,106,E08000005,3,671,6,30,3,4,6,0,0,0,1,1,1,0,0,1,1,E01005482,19-12-2018,2,2,1,1,30,6,3,0,0,0,0,-1,9,1
46806,73.86154042,18.55188976,6,3,1,2,6,16:00,106,E08000005,6,0,1,30,1,4,4,6223,0,0,4,1,1,0,0,1,1,E01005482,16-12-2018,1,1,3,1,28,6,3,5,1,0,0,-1,0,1
46807,73.89303071,18.63228193,6,3,1,1,2,22:00,106,E08000005,6,0,6,30,3,4,3,660,0,0,6,9,2,0,0,2,2,E01005499,19-12-2018,2,1,1,1,20,4,3,0,0,0,0,-1,9,1
46808,73.75545635,18.57788346,6,3,2,1,3,16:35,106,E08000005,5,0,6,30,9,4,6,0,0,0,4,1,2,0,0,1,1,E01005504,20-12-2018,2,2,2,2,16,4,3,0,0,1,0,-1,9,1
46809,73.74718063,18.64611156,6,3,2,1,3,21:10,106,E08000005,6,0,6,30,6,4,6,0,0,0,4,1,2,0,0,1,1,E01005501,20-12-2018,2,1,1,1,30,6,3,0,0,0,0,-1,9,1
46810,73.82596481,18.52833587,6,3,3,1,3,10:45,106,E08000005,3,669,1,30,1,4,6,0,0,0,1,1,2,0,0,1,1,E01005533,20-12-2018,1,1,3,2,11,3,3,5,2,0,0,-1,0,1
46811,73.75247203,18.64633878,6,3,2,1,4,07:30,106,E08000005,3,664,7,30,7,2,2,627,0,0,1,2,2,0,0,1,2,E01005471,21-12-2018,2,1,1,1,19,4,3,0,0,0,0,-1,9,1
46812,73.77756684,18.63995791,6,3,2,3,1,03:50,106,E08000005,3,671,6,30,6,2,4,6224,0,0,4,1,1,0,0,1,1,E01005564,18-12-2018,1,1,1,1,55,8,3,0,0,0,0,-1,9,1
46813,73.82506747,18.52194759,6,3,2,1,7,21:10,106,E08000005,5,0,6,30,6,3,6,0,0,0,4,7,2,0,0,1,1,E01005498,24-12-2018,1,2,2,2,50,8,3,0,0,2,0,-1,9,-1
46814,73.93876393,18.58499473,6,3,2,1,2,20:00,106,E08000005,6,0,6,30,6,4,6,0,0,0,4,1,1,0,0,1,1,E01005486,19-12-2018,1,1,2,1,28,6,3,0,0,1,0,-1,9,1
46815,73.78778259,18.54351274,6,3,2,1,3,15:45,106,E08000005,3,58,9,30,9,4,3,671,0,0,1,9,1,0,0,1,1,E01005583,20-12-2018,2,2,2,1,30,6,3,0,0,2,0,-1,9,-1
46816,73.81329665,18.61231367,6,3,1,3,4,10:10,106,E08000005,4,6266,6,30,0,-1,-1,0,0,8,1,2,2,0,0,1,1,E01005583,21-12-2018,1,1,1,1,31,6,3,0,0,0,0,-1,21,1
46817,73.81795031,18.61089547,6,3,2,1,4,05:45,106,E08000005,3,58,3,40,3,2,3,640,0,4,4,1,2,0,0,1,1,E01005484,21-12-2018,2,1,1,1,20,4,3,0,0,0,0,-1,9,-1
46818,73.93033689,18.52430479,6,3,2,4,6,14:35,106,E08000005,3,58,3,30,3,4,6,0,0,0,1,2,2,0,0,1,1,E01005578,23-12-2018,2,3,2,1,25,5,3,0,0,1,0,-1,9,-1
46819,73.87176623,18.5604651,6,3,2,1,4,16:05,106,E08000005,5,0,6,30,9,3,3,640,0,0,4,8,2,0,0,2,2,E01005560,21-12-2018,3,2,1,1,33,6,3,0,0,0,0,-1,21,-1
46820,73.76180077,18.56341882,6,2,1,1,6,14:40,106,E08000005,3,58,3,40,0,-1,-1,0,0,4,1,1,2,0,0,1,1,E01005472,23-12-2018,2,1,1,2,55,8,3,0,0,0,0,-1,9,1
46821,73.74306042,18.53813299,6,3,4,2,1,15:50,106,E08000005,3,680,1,30,2,4,3,6060,0,0,1,1,2,0,0,1,1,E01005589,25-12-2018,1,1,2,2,33,6,3,0,0,1,0,-1,9,1
46822,73.92356004,18.64257986,6,3,2,4,2,22:09,106,E08000005,3,640,6,30,3,4,5,0,0,0,4,1,2,0,0,1,1,E01005482,26-12-2018,2,1,1,2,21,5,3,0,0,0,0,-1,9,1
46823,73.82425428,18.60014276,6,3,3,2,3,13:30,106,E08000005,3,6044,6,30,3,4,6,0,0,0,1,1,1,0,0,1,1,E01005507,27-12-2018,1,1,3,1,8,2,3,10,1,0,0,-1,0,1
46824,73.88788182,18.63166506,6,3,2,2,5,11:30,106,E08000005,3,671,6,30,6,4,6,0,0,0,1,1,4,0,0,1,1,E01005482,29-12-2018,1,1,3,1,13,3,3,5,4,0,0,-1,0,-1
46825,73.80395012,18.53007629,6,3,2,6,7,02:05,106,E08000005,3,664,6,30,6,4,6,0,0,0,4,1,2,0,0,1,1,E01005539,31-12-2018,1,1,1,2,35,6,3,0,0,0,0,-1,9,1
46826,73.87919118,18.56418258,6,3,2,3,4,16:10,106,E08000005,6,0,6,30,3,4,6,0,0,0,4,1,2,0,0,1,1,E01005539,30-11-2018,1,2,2,1,0,1,3,0,0,2,0,-1,9,1
46827,73.76547478,18.60905848,6,3,2,1,3,18:00,106,E08000005,6,0,1,30,2,4,6,0,0,0,7,9,1,0,0,1,2,E01005486,20-12-2018,1,1,1,2,22,5,3,0,0,0,0,-1,9,1
46828,73.84737776,18.6106376,6,3,2,1,7,12:45,106,E08000005,6,0,6,30,6,4,6,0,0,0,1,2,2,0,0,1,2,E01005509,31-12-2018,2,2,1,2,31,6,3,0,0,0,0,-1,9,1
46829,73.74388554,18.55173879,6,3,1,1,4,16:55,106,E08000005,3,671,6,30,0,-1,-1,0,0,0,4,1,1,0,0,1,1,E01005564,28-12-2018,2,1,1,2,66,10,3,0,0,0,0,-1,9,1
46830,73.93564076,18.52218697,6,3,1,2,4,13:40,106,E08000005,4,6377,1,30,1,4,4,6377,0,0,1,1,4,0,0,1,1,E01005483,28-12-2018,2,2,2,2,67,10,3,0,0,1,0,-1,9,1
46831,73.90810088,18.59401584,6,3,2,1,1,20:25,106,E08000005,6,0,6,30,0,-1,-1,0,0,0,4,1,2,0,0,1,1,E01005484,25-12-2018,1,1,3,1,14,3,3,4,2,0,0,-1,0,1
46832,73.87301467,18.5359917,6,3,3,2,7,15:55,106,E08000005,3,680,6,30,0,-1,-1,0,0,0,1,2,2,0,0,1,1,E01005571,01-01-2018,2,1,2,2,83,11,3,0,0,1,0,-1,9,2
46833,73.85397743,18.6434469,6,3,2,1,4,16:10,106,E08000005,5,0,6,30,3,4,6,0,0,0,4,2,2,0,0,1,2,E01005560,05-01-2018,1,1,1,1,14,3,3,0,0,0,0,-1,1,1
46834,73.82188455,18.56724631,6,3,1,1,6,22:10,106,E08000005,5,0,6,30,3,4,6,0,0,0,4,4,2,0,0,1,1,E01005596,07-01-2018,1,1,2,1,60,9,3,0,0,1,0,-1,9,-1
46835,73.80604076,18.52141274,6,3,3,1,3,13:15,106,E08000005,3,6046,6,30,9,4,6,0,0,4,1,1,2,0,0,1,1,E01005501,04-01-2018,1,1,2,2,60,9,3,0,0,0,4,-1,11,1
46836,73.81708103,18.63149534,6,3,1,1,6,16:40,106,E08000005,3,664,6,30,1,4,6,0,0,8,4,2,2,0,0,1,1,E01005539,07-01-2018,2,1,1,2,45,7,3,0,0,0,0,-1,9,1
46837,73.80124174,18.63113886,6,3,2,1,6,17:10,106,E08000005,3,671,6,30,6,4,4,6266,0,0,4,2,2,0,0,1,2,E01005482,07-01-2018,2,2,2,1,7,2,3,0,0,2,0,-1,9,1
46838,73.89437708,18.58319138,6,3,1,1,3,11:30,106,E08000005,3,671,6,30,3,4,6,0,0,4,1,4,2,0,0,1,2,E01005469,04-01-2018,2,1,1,1,35,6,3,0,0,0,0,-1,5,1
46839,73.85973263,18.4954741,6,3,2,1,5,17:35,106,E08000005,3,664,9,30,9,4,3,58,0,0,4,9,1,0,0,1,2,E01005480,06-01-2018,1,1,3,2,36,7,3,6,5,0,0,-1,0,1
46840,73.73694775,18.59318821,6,3,2,1,7,22:10,106,E08000005,3,58,6,30,0,-1,-1,0,0,0,4,1,1,0,0,1,1,E01005583,08-01-2018,1,1,3,1,10,2,3,5,3,0,0,-1,0,1
46841,73.80032031,18.54714953,6,3,2,3,1,16:35,106,E08000005,3,671,6,30,6,2,6,0,0,4,4,2,2,0,0,1,1,E01005564,09-01-2018,1,1,1,2,18,4,3,0,0,0,0,-1,9,1
46842,73.93483306,18.6107879,6,3,2,1,5,16:30,106,E08000005,3,664,3,40,0,-1,-1,0,0,0,4,1,2,0,0,1,2,E01005473,06-01-2018,2,2,1,1,22,5,3,0,0,0,0,-1,9,1
46843,73.85233629,18.58674895,6,3,1,1,7,16:57,106,E08000005,3,640,9,30,9,-1,3,58,0,0,4,6,2,0,0,1,2,E01005484,08-01-2018,1,2,2,2,20,4,3,0,0,1,0,-1,9,1
46844,73.85418514,18.5096104,6,3,1,1,6,19:30,106,E08000005,6,0,3,30,3,4,6,0,0,0,4,4,1,0,0,1,2,E01005509,14-01-2018,2,1,1,2,34,6,3,0,0,0,0,-1,9,2
46845,73.85902432,18.6224126,6,3,1,2,1,23:15,106,E08000005,5,0,6,40,0,-1,-1,0,0,0,4,4,1,0,0,1,2,E01005514,09-01-2018,2,3,2,2,25,5,3,0,0,2,0,-1,9,1
46846,73.86448759,18.50360913,6,2,2,1,6,12:30,106,E08000005,5,0,6,30,0,-1,-1,0,0,0,1,1,1,0,0,1,2,E01005551,14-01-2018,1,1,3,1,13,3,2,5,2,0,0,-1,0,1
46847,73.7794887,18.62147095,6,3,1,1,3,08:50,106,E08000005,6,0,6,30,9,4,6,0,0,0,1,1,4,0,0,1,2,E01005538,18-01-2018,2,1,1,1,21,5,3,0,0,0,0,-1,3,1
46848,73.81487278,18.57683949,6,3,3,1,7,17:45,106,E08000005,3,640,6,30,3,4,6,0,0,0,4,1,2,0,0,1,2,E01005569,15-01-2018,2,1,1,1,17,4,3,0,0,0,0,-1,2,2
46849,73.85067844,18.57516312,6,3,1,1,7,16:10,106,E08000005,4,6223,6,30,3,4,6,0,0,0,4,2,2,0,0,1,2,E01005485,15-01-2018,2,1,1,1,62,9,3,0,0,0,0,-1,9,1
46850,73.77852094,18.58438546,6,3,2,1,1,11:00,106,E08000005,3,6045,6,30,8,4,6,0,0,0,1,1,2,0,0,1,1,E01005547,16-01-2018,2,2,2,1,47,8,3,0,0,1,0,-1,9,-1
46851,73.78021244,18.48993973,6,3,1,2,2,08:15,106,E08000005,3,680,6,30,3,4,6,0,0,0,1,2,2,0,0,1,1,E01005588,17-01-2018,2,1,1,1,35,6,2,0,0,0,0,-1,5,1
46852,73.84036385,18.54579066,6,3,2,1,4,18:00,106,E08000005,6,0,6,30,9,4,4,6234,0,0,4,5,2,0,0,1,2,E01005485,19-01-2018,1,1,1,2,22,5,3,0,0,0,0,-1,9,1
46853,73.96012412,18.48861793,6,3,2,1,4,08:15,106,E08000005,3,664,1,30,1,4,3,627,0,0,1,1,2,0,0,2,2,E01005543,19-01-2018,2,1,1,1,21,5,3,0,0,0,0,-1,19,1
46854,73.7526288,18.58734485,6,3,1,1,6,17:57,106,E08000005,3,664,6,30,6,2,3,671,0,0,1,1,1,0,0,1,2,E01005469,14-01-2018,2,2,2,1,18,4,3,0,0,1,0,-1,19,1
46855,73.91152643,18.51428441,6,3,2,1,3,11:40,106,E08000005,3,671,6,30,3,4,6,0,0,0,1,3,2,0,0,1,2,E01005580,18-01-2018,1,5,1,1,35,6,3,0,0,0,0,-1,9,-1
46856,73.77982065,18.51486993,6,3,2,1,3,23:08,106,E08000005,4,6223,2,20,9,4,5,0,0,0,4,2,2,0,0,1,2,E01005485,18-01-2018,1,6,2,2,35,6,3,0,0,2,0,-1,9,-1
46857,73.85645694,18.57424619,6,3,2,1,4,11:40,106,E08000005,3,669,6,30,6,2,4,6189,0,0,1,1,2,0,0,1,2,E01005539,19-01-2018,2,1,2,2,40,7,3,0,0,1,0,-1,9,1
46858,73.86840028,18.53132812,6,3,2,1,1,18:35,106,E08000005,4,6266,2,30,3,1,6,0,1,1,4,1,2,0,0,1,1,E01005482,23-01-2018,2,2,2,2,20,4,3,0,0,2,0,-1,9,1
46859,73.8223687,18.49505964,6,3,1,1,5,11:25,106,E08000005,4,6225,6,30,3,4,6,0,0,0,1,1,2,0,7,2,1,E01005521,06-01-2018,2,3,2,2,17,4,3,0,0,2,0,-1,9,1
46860,73.78687338,18.64075995,6,3,1,1,4,16:45,106,E08000005,3,6046,6,30,3,4,6,0,0,0,4,1,2,0,0,1,1,E01005501,19-01-2018,2,4,2,2,17,4,3,0,0,2,0,-1,9,1
46861,73.7774837,18.63771705,6,3,2,1,1,00:01,106,E08000005,3,671,3,30,1,4,6,0,0,8,4,1,4,3,0,1,2,E01005580,23-01-2018,2,1,1,1,32,6,3,0,0,0,0,-1,9,1
46862,73.78933275,18.57101828,6,1,3,2,4,20:10,106,E08000005,5,0,6,40,0,-1,-1,0,0,0,4,1,2,0,0,1,2,E01005505,19-01-2018,2,1,1,2,22,5,3,0,0,0,0,-1,9,1
46863,73.95658566,18.63056763,6,3,2,3,5,15:30,106,E08000005,6,0,6,30,3,4,6,0,0,0,1,2,2,0,0,1,2,E01005564,20-01-2018,1,1,2,2,17,4,3,0,0,1,0,-1,9,1
46864,73.92235601,18.52177951,6,3,2,2,7,18:05,106,E08000005,4,6225,6,30,3,4,6,0,0,0,4,1,1,0,0,1,2,E01005517,22-01-2018,1,1,3,1,24,5,1,5,3,0,0,-1,0,-1
46865,73.92654508,18.50012011,6,2,1,1,1,12:50,106,E08000005,6,0,6,30,0,-1,-1,0,0,0,1,1,1,0,0,1,1,E01005480,23-01-2018,1,1,2,1,70,10,3,0,0,1,0,-1,9,-1
46866,73.73697035,18.55492516,6,3,2,3,1,13:00,106,E08000005,3,664,6,30,0,-1,-1,0,0,0,1,1,1,0,0,1,1,E01005544,23-01-2018,1,4,1,2,72,10,3,0,0,0,0,-1,9,2
46867,73.82916273,18.6079222,6,3,1,1,6,21:00,106,E08000005,3,6045,6,30,3,4,3,58,0,0,4,1,2,0,0,1,1,E01005501,28-01-2018,2,2,1,1,58,9,3,0,0,0,0,-1,9,2
46868,73.95380458,18.50850607,6,3,2,1,7,23:15,106,E08000005,4,6189,6,30,3,4,6,0,0,0,4,8,4,0,0,1,2,E01005539,22-01-2018,2,3,2,2,75,10,3,0,0,1,0,-1,9,-1
46869,73.7666214,18.63315192,6,3,3,1,1,11:30,106,E08000005,3,664,3,30,3,3,6,0,0,0,1,1,2,0,0,1,2,E01005581,30-01-2018,1,1,1,2,20,4,3,0,0,0,0,-1,9,1
46870,73.94939622,18.56274826,6,3,2,1,5,12:15,106,E08000005,3,664,9,30,6,4,3,671,0,0,1,9,1,0,0,1,2,E01005469,13-01-2018,2,2,1,2,58,9,3,0,0,0,0,-1,9,1
46871,73.92401357,18.64156262,6,3,3,2,7,08:55,106,E08000005,4,6222,6,40,3,4,6,0,0,0,1,1,4,0,0,2,1,E01005499,22-01-2018,1,1,1,1,13,3,3,0,0,0,0,-1,1,1
46872,73.76433788,18.54625975,6,3,2,2,2,17:30,106,E08000005,6,0,6,30,3,4,6,0,0,0,4,1,2,0,0,1,2,E01005487,24-01-2018,2,1,1,1,9,2,3,0,0,0,0,-1,1,-1
46873,73.90429072,18.56085058,6,3,2,3,3,17:10,106,E08000005,3,664,3,30,6,4,5,0,0,0,4,1,1,0,0,1,2,E01005469,25-01-2018,1,1,2,1,19,4,3,0,0,2,0,-1,8,1
46874,73.8388615,18.52463204,6,3,2,1,3,13:15,106,E08000005,3,58,3,30,3,4,6,0,0,0,1,9,1,0,0,1,2,E01005583,25-01-2018,2,1,1,2,40,7,3,0,0,0,0,-1,9,1
46875,73.96208862,18.61774031,6,3,2,1,2,15:30,106,E08000005,6,0,6,30,0,-1,-1,0,0,0,1,1,1,0,0,1,1,E01005477,24-01-2018,1,1,2,2,17,4,2,0,0,2,0,-1,9,1
46876,73.87388571,18.51303114,6,3,2,2,6,22:45,106,E08000005,3,640,6,30,3,4,3,58,0,0,4,1,2,0,7,1,1,E01005482,28-01-2018,1,2,2,1,16,4,3,0,0,1,0,-1,9,1
46877,73.81062848,18.59682757,6,3,2,1,6,15:50,106,E08000005,3,671,6,30,3,3,6,0,0,0,1,1,1,0,0,1,2,E01005482,28-01-2018,1,3,1,1,22,5,3,0,0,0,0,-1,9,1
46878,73.87539013,18.51252643,6,3,3,2,1,17:17,106,E08000005,3,58,6,30,7,4,6,0,0,4,1,1,1,0,0,1,1,E01005581,30-01-2018,1,1,1,1,31,6,3,0,0,0,0,-1,9,-1
46879,73.89188371,18.53544431,6,3,1,1,3,10:20,106,E08000005,3,58,6,30,3,4,6,0,0,0,1,1,1,0,0,1,1,E01005595,01-02-2018,2,1,2,2,70,10,3,0,0,1,0,-1,9,1
46880,73.79639767,18.56790679,6,3,1,1,2,19:55,106,E08000005,3,58,6,30,3,4,6,0,0,1,4,1,2,0,0,1,2,E01005522,31-01-2018,2,1,1,2,17,4,3,0,0,0,0,-1,3,1
46881,73.89312481,18.55042022,6,2,1,1,3,16:20,106,E08000005,3,664,6,30,3,4,6,0,0,8,1,1,2,0,0,1,1,E01005563,01-02-2018,1,1,1,1,59,9,3,0,0,0,0,-1,9,1
46882,73.85974192,18.60609037,6,2,2,1,3,17:10,106,E08000005,6,0,6,30,3,4,6,0,0,0,4,1,2,0,0,1,1,E01005497,01-02-2018,2,1,1,2,34,6,3,0,0,0,0,-1,9,1
46883,73.76652252,18.57448634,6,3,2,1,4,12:35,106,E08000005,3,6046,6,30,3,4,6,0,0,0,1,1,1,0,0,1,1,E01005507,02-02-2018,1,1,2,2,47,8,3,0,0,1,0,-1,21,-1
46884,73.75207441,18.59858143,6,3,2,4,5,16:40,106,E08000005,4,6189,6,30,3,4,6,0,0,0,1,1,2,0,0,1,2,E01005539,03-02-2018,1,1,1,1,34,6,3,0,0,0,0,-1,9,1
46885,73.89163275,18.50518716,6,3,2,1,4,14:30,106,E08000005,3,640,6,30,6,4,6,0,0,0,1,1,1,0,0,1,1,E01005482,02-02-2018,1,2,2,1,25,5,3,0,0,1,0,-1,9,1
46886,73.91292648,18.55516121,6,3,2,1,5,18:10,106,E08000005,3,671,3,30,1,2,4,6266,0,0,4,1,1,0,0,1,1,E01005482,13-01-2018,1,3,2,1,17,4,3,0,0,2,0,-1,9,1
46887,73.81611345,18.58778501,6,3,2,1,5,21:30,106,E08000005,3,58,6,30,7,2,3,58,0,4,4,2,2,0,0,1,1,E01005504,20-01-2018,1,1,1,1,42,7,3,0,0,0,0,-1,9,1
46888,73.84360642,18.52055843,6,3,2,1,4,09:30,106,E08000005,3,58,6,30,3,4,6,0,0,0,1,1,2,0,7,1,2,E01005501,26-01-2018,2,1,1,1,43,7,3,0,0,0,0,-1,9,-1
46889,73.7542705,18.62029137,6,3,2,2,4,13:40,106,E08000005,3,671,6,30,3,2,4,6194,0,0,1,1,2,0,0,1,1,E01005465,26-01-2018,1,1,1,2,56,9,3,0,0,0,0,-1,9,1
46890,73.80180307,18.54194316,6,3,2,1,5,20:20,106,E08000005,3,664,3,40,1,4,3,58,0,0,4,1,2,0,0,1,1,E01005480,03-02-2018,1,1,3,1,11,3,3,5,3,0,0,-1,0,1
46891,73.84293459,18.62776295,6,3,2,1,5,10:55,106,E08000005,3,680,6,30,3,4,6,0,0,0,1,1,1,0,0,2,1,E01005571,03-02-2018,2,1,1,1,40,7,3,0,0,0,0,-1,9,-1
46892,73.94366455,18.516609,6,3,1,1,5,17:00,106,E08000005,3,664,3,40,0,-1,-1,0,0,8,4,1,1,0,0,1,2,E01005480,03-02-2018,2,2,2,1,40,7,3,0,0,1,0,-1,9,-1
46893,73.7704184,18.53091208,6,3,1,1,6,15:00,106,E08000005,3,671,6,40,0,-1,-1,0,0,0,1,1,1,0,0,1,1,E01005468,04-02-2018,1,1,3,2,11,3,3,6,5,0,0,-1,0,1
46894,73.88333067,18.52473562,6,3,2,2,7,16:10,106,E08000005,3,58,3,40,0,-1,-1,0,0,0,1,1,1,0,0,1,1,E01005484,05-02-2018,1,1,1,2,30,6,3,0,0,0,0,-1,9,1
46895,73.8023571,18.49077278,6,3,2,1,7,09:32,106,E08000005,5,0,6,30,3,4,5,0,0,0,1,1,2,0,0,1,1,E01005502,05-02-2018,1,1,1,1,18,4,3,0,0,0,0,-1,9,1
46896,73.75143686,18.56760612,6,3,2,1,1,10:15,106,E08000005,3,664,6,30,3,4,6,0,0,0,1,1,1,0,0,1,2,E01005479,06-02-2018,1,2,2,1,18,4,3,0,0,1,0,-1,9,1
46897,73.93820857,18.61298671,6,3,2,1,1,13:00,106,E08000005,3,664,6,30,3,4,6,0,0,0,1,1,2,0,0,1,1,E01005480,06-02-2018,2,1,1,2,33,6,3,0,0,0,0,-1,9,1
46898,73.89785737,18.55644109,6,3,2,1,5,14:00,106,E08000005,3,640,6,30,3,2,3,58,0,5,1,2,2,0,0,1,1,E01005484,20-01-2018,2,2,2,2,36,7,3,0,0,1,0,-1,9,1
46899,73.74742962,18.55247692,6,3,1,1,5,17:20,106,E08000005,4,6222,6,40,3,4,6,0,0,0,4,2,2,0,0,1,1,E01005499,20-01-2018,1,2,1,1,63,9,3,0,0,0,0,-1,9,1
46900,73.92973914,18.57882985,6,3,2,1,6,11:10,106,E08000005,6,0,6,30,0,-1,-1,0,0,0,1,1,1,0,0,1,1,E01005470,21-01-2018,2,1,1,1,41,7,3,0,0,0,0,-1,19,2
46901,73.95866379,18.5728365,6,2,2,1,4,23:15,106,E08000005,3,6046,6,30,3,4,6,0,0,0,4,1,2,0,0,1,2,E01005501,26-01-2018,1,1,1,2,40,7,3,0,0,0,0,-1,9,1
46902,73.75119661,18.60268126,6,2,2,2,5,23:00,106,E08000005,4,6194,6,30,3,4,6,0,0,0,4,1,2,0,0,1,1,E01005465,27-01-2018,1,2,2,2,12,3,2,0,0,1,0,-1,9,1