Accident_Index,longitude,latitude,Police_Force,Accident_Severity,Number_of_Vehicles,Number_of_Casualties,Day_of_Week,Time,Local_Authority_(District),Local_Authority_(Highway),1st_Road_Class,1st_Road_Number,Road_Type,Speed_limit,Junction_Detail,Junction_Control,2nd_Road_Class,2nd_Road_Number,Pedestrian_Crossing-Human_Control,Pedestrian_Crossing-Physical_Facilities,Light_Conditions,Weather_Conditions,Road_Surface_Conditions,Special_Conditions_at_Site,Carriageway_Hazards,Urban_or_Rural_Area,Did_Police_Officer_Attend_Scene_of_Accident,LSOA_of_Accident_Location,Date,Vehicle_Reference,Casualty_Reference,Casualty_Class,Sex_of_Casualty,Age_of_Casualty,Age_Band_of_Casualty,Casualty_Severity,Pedestrian_Location,Pedestrian_Movement,Car_Passenger,Bus_or_Coach_Passenger,Pedestrian_Road_Maintenance_Worker,Casualty_Type,Casualty_Home_Area_Type
47023,73.91877876,18.59182709,6,3,2,3,1,02:22,104,E08000004,3,627,6,30,3,4,6,0,0,0,4,1,1,0,0,1,1,E01005438,03-04-2018,2,2,2,1,30,6,3,0,0,2,0,-1,9,1
47024,73.95848635,18.62654452,6,3,1,1,6,12:40,104,E08000004,3,6104,3,40,0,-1,-1,0,0,0,1,1,1,0,0,1,1,E01005345,01-04-2018,1,1,1,1,44,7,3,0,0,0,0,-1,9,1
47025,73.80311697,18.53609756,6,3,2,4,3,10:15,104,E08000004,6,0,9,30,0,-1,-1,0,0,0,1,1,1,0,0,1,2,E01005392,12-04-2018,2,1,1,1,59,9,3,0,0,0,0,-1,9,1
47026,73.79923969,18.57637379,6,3,3,5,6,21:00,104,E08000004,5,0,6,30,6,4,5,0,0,0,4,2,2,0,0,1,1,E01005381,15-04-2018,2,2,2,2,32,6,3,0,0,1,0,-1,9,1
47027,73.86322455,18.55201177,6,3,1,1,2,02:30,104,E08000004,6,0,6,30,1,4,3,669,0,0,4,1,1,0,0,1,1,E01005327,11-04-2018,2,1,1,1,30,6,2,0,0,0,0,-1,5,1
47028,73.91891978,18.592988,6,3,1,2,3,08:55,104,E08000004,6,0,6,30,0,-1,-1,0,0,0,1,1,1,0,0,1,1,E01005366,12-04-2018,2,1,2,2,21,5,3,0,0,1,0,-1,9,1
47029,73.74429846,18.51044268,6,3,2,3,4,10:50,104,E08000004,6,0,6,30,3,4,6,0,0,0,1,1,1,6,0,1,1,E01005462,13-04-2018,2,2,2,2,17,4,3,0,0,2,0,-1,9,1
47030,73.86542143,18.54311907,6,3,1,1,6,22:50,104,E08000004,3,670,6,30,0,-1,-1,0,0,0,1,5,2,0,0,2,1,E01005412,15-04-2018,3,3,1,2,43,7,3,0,0,0,0,-1,9,1
47031,73.78369851,18.52045581,6,3,1,1,6,18:30,104,E08000004,3,669,6,30,3,4,6,0,0,0,1,1,2,0,0,1,1,E01005330,15-04-2018,3,4,2,1,7,2,3,0,0,2,0,-1,9,1
47032,73.74539005,18.4883005,6,3,2,5,6,22:10,104,E08000004,3,663,6,40,6,2,3,6104,0,5,4,2,2,0,0,1,1,E01005345,15-04-2018,2,1,2,2,61,9,3,0,0,2,0,-1,9,1
47033,73.92365738,18.57694325,6,3,2,1,4,14:51,104,E08000004,3,6048,1,30,1,4,6,0,0,0,1,1,1,0,0,1,1,E01005457,13-04-2018,2,2,2,1,79,11,3,0,0,1,0,-1,9,1
47034,73.75964134,18.53404079,6,3,3,4,6,13:41,104,E08000004,2,627,3,30,7,4,6,0,0,4,1,2,2,0,0,1,1,E01005459,15-04-2018,1,1,2,2,50,8,3,0,0,2,0,-1,8,1
47035,73.95478429,18.54674367,6,3,2,1,7,18:28,104,E08000004,6,0,6,30,3,4,5,0,0,0,1,1,1,0,0,1,1,E01005339,16-04-2018,1,2,2,2,17,4,3,0,0,2,0,-1,8,-1
47036,73.75216748,18.52358972,6,3,2,1,1,15:50,104,E08000004,6,0,3,30,3,2,6,0,0,0,1,1,1,0,0,1,1,E01005347,17-04-2018,2,1,1,1,69,10,3,0,0,0,0,-1,9,-1
47037,73.94691664,18.54537809,6,3,2,3,4,18:10,104,E08000004,3,62,3,30,6,2,6,0,0,5,1,1,1,0,0,1,2,E01005353,13-04-2018,3,1,1,1,20,4,3,0,0,0,0,-1,1,1
47038,73.80641263,18.52324467,6,3,2,1,2,17:40,104,E08000004,6,0,6,30,0,-1,-1,0,0,0,1,8,1,0,0,1,2,E01005434,18-04-2018,1,1,3,1,9,2,3,8,9,0,0,-1,0,-1
47039,73.84471317,18.59570619,6,3,2,1,3,17:00,104,E08000004,5,0,1,30,1,4,3,663,0,0,1,1,1,0,0,2,2,E01005339,19-04-2018,1,1,3,1,58,9,3,6,9,0,0,-1,0,1
47040,73.90421374,18.62140548,6,3,2,1,7,19:54,104,E08000004,6,0,6,30,3,4,6,0,0,0,4,1,1,0,0,1,1,E01005355,02-04-2018,1,1,2,1,38,7,3,0,0,1,0,-1,9,-1
47041,73.7780815,18.57077615,6,3,2,1,1,16:20,104,E08000004,6,0,6,30,9,4,6,0,0,0,1,1,1,0,0,1,1,E01005339,03-04-2018,2,2,2,2,48,8,3,0,0,1,0,-1,9,-1
47042,73.76842397,18.63661594,6,3,2,2,4,11:40,104,E08000004,6,0,6,30,0,-1,-1,0,0,0,1,1,1,0,0,1,1,E01005417,13-04-2018,1,1,1,1,67,10,3,0,0,0,0,-1,9,1
47043,73.94130816,18.53695905,6,2,2,1,3,08:55,104,E08000004,6,0,6,30,3,4,6,0,0,0,1,1,1,0,0,2,1,E01005410,19-04-2018,1,1,3,2,19,4,3,4,4,0,0,-1,0,1
47044,73.74875275,18.53338603,6,3,2,1,6,23:45,104,E08000004,3,663,6,30,3,4,5,0,0,0,4,2,2,0,0,1,1,E01005398,15-04-2018,1,1,1,1,34,6,3,0,0,0,0,-1,19,1
47045,73.8949513,18.6316531,6,3,2,6,3,19:35,104,E08000004,5,0,6,30,0,-1,-1,0,0,0,1,1,1,0,0,1,1,E01005375,19-04-2018,2,2,1,1,36,7,3,0,0,0,0,-1,9,1
47046,73.89913353,18.59338447,6,3,1,1,5,19:45,104,E08000004,5,0,6,30,3,4,2,627,0,0,1,1,1,0,0,1,1,E01005434,21-04-2018,2,1,1,2,64,9,3,0,0,0,0,-1,9,1
47047,73.92421766,18.59863064,6,3,2,1,5,18:40,104,E08000004,6,0,6,30,3,4,6,0,0,0,1,1,1,0,0,1,1,E01005427,21-04-2018,1,1,1,2,53,8,3,0,0,0,0,-1,9,3
47048,73.82381611,18.53102287,6,2,1,1,4,17:30,104,E08000004,3,62,6,30,3,4,6,0,2,4,1,1,1,0,0,1,1,E01005456,13-04-2018,2,2,1,1,37,7,3,0,0,0,0,-1,11,1
47049,73.77770574,18.54804669,6,3,1,1,4,15:20,104,E08000004,3,663,6,30,3,4,6,0,0,0,1,1,1,0,0,1,1,E01005330,20-04-2018,1,1,1,1,43,7,3,0,0,0,0,-1,11,1
47050,73.84436134,18.58129987,6,3,2,3,5,17:30,104,E08000004,6,0,1,30,1,4,6,0,0,0,1,1,1,0,0,1,2,E01005339,21-04-2018,2,1,1,1,27,6,3,0,0,0,0,-1,9,1
47051,73.77086145,18.54692063,6,3,1,1,5,15:00,104,E08000004,6,0,6,30,9,4,6,0,0,0,1,1,1,0,0,1,2,E01005445,21-04-2018,2,1,1,1,60,9,3,0,0,0,0,-1,9,2
47052,73.9568534,18.49997311,6,3,2,1,3,18:45,104,E08000004,3,669,6,30,6,4,6,0,0,0,1,1,1,0,0,1,1,E01005451,26-04-2018,1,1,1,1,17,4,3,0,0,0,0,-1,2,-1
47053,73.91274807,18.5269196,6,3,2,1,7,00:30,104,E08000004,3,669,6,30,6,4,6,0,0,0,4,8,1,0,0,1,1,E01005328,23-04-2018,2,1,1,2,44,7,3,0,0,0,0,-1,9,1
47054,73.74995772,18.60656157,6,3,2,1,3,22:00,104,E08000004,3,6104,6,30,0,-1,-1,0,0,0,4,1,1,0,0,1,1,E01005439,19-04-2018,1,1,1,2,38,7,3,0,0,0,0,-1,9,1
47055,73.86060489,18.51389464,6,3,2,1,6,19:15,104,E08000004,3,627,6,30,3,2,5,0,0,5,1,1,1,0,0,1,1,E01005350,22-04-2018,1,1,1,1,39,7,3,0,0,0,0,-1,8,1
47056,73.89695441,18.55807211,6,3,2,2,7,16:40,104,E08000004,6,0,6,30,0,-1,-1,0,0,0,1,1,1,0,0,1,1,E01005353,23-04-2018,1,1,1,1,23,5,2,0,0,0,0,-1,1,-1
47057,73.93998386,18.61731477,6,3,2,3,7,15:00,104,E08000004,6,0,6,30,0,-1,-1,0,0,0,1,1,1,0,0,1,1,E01005426,23-04-2018,1,1,2,2,65,9,3,0,0,2,0,-1,8,1
47058,73.86301629,18.58892053,6,3,2,1,7,17:40,104,E08000004,5,0,6,30,3,4,6,0,0,0,1,1,1,0,0,1,1,E01005381,23-04-2018,1,1,1,1,29,6,3,0,0,0,0,-1,9,-1
47059,73.95095298,18.62324662,6,3,1,1,1,00:01,104,E08000004,3,669,6,30,6,2,3,663,0,0,4,1,1,0,0,1,2,E01005338,24-04-2018,1,1,1,1,23,5,3,0,0,0,0,-1,9,1
47060,73.76170298,18.52969143,6,2,3,1,4,05:45,104,E08000004,3,669,6,30,6,2,3,6048,0,0,1,1,1,0,0,1,1,E01005353,27-04-2018,1,2,2,1,26,6,3,0,0,1,0,-1,9,-1
47061,73.86634277,18.59009149,6,2,1,1,1,15:15,104,E08000004,6,0,6,30,0,-1,-1,0,0,0,1,1,1,0,0,2,1,E01005410,24-04-2018,1,3,2,2,18,4,2,0,0,2,0,-1,9,1
47062,73.82973186,18.50754356,6,2,2,1,1,14:40,104,E08000004,3,635,6,60,3,4,3,669,0,0,1,1,1,0,0,2,1,E01005409,24-04-2018,1,1,3,1,33,6,3,10,9,0,0,-1,0,1
47063,73.76808346,18.50470282,6,3,1,1,4,17:00,104,E08000004,3,627,6,30,3,4,6,0,0,0,1,8,1,0,0,1,1,E01005434,20-04-2018,1,2,3,2,4,1,3,10,9,0,0,-1,0,1
47064,73.84138237,18.626787,6,3,2,1,7,09:50,104,E08000004,6,0,6,30,3,4,6,0,0,0,1,1,1,0,0,1,1,E01005365,23-04-2018,2,1,1,2,22,5,3,0,0,0,0,-1,9,1
47065,73.8412962,18.5455215,6,3,1,1,4,11:40,104,E08000004,6,0,6,30,3,4,6,0,0,0,1,1,1,0,0,1,1,E01005326,20-04-2018,2,2,2,2,22,5,3,0,0,1,0,-1,9,1
47066,73.88904873,18.60219198,6,2,1,1,2,11:35,104,E08000004,3,663,3,40,3,4,6,0,0,4,1,1,1,0,0,1,1,E01005340,25-04-2018,1,1,2,1,2,1,2,0,0,2,0,-1,8,1
47067,73.73531606,18.5034934,6,3,2,2,6,13:10,104,E08000004,3,62,3,30,3,4,6,0,0,0,1,1,1,0,0,1,2,E01005371,29-04-2018,1,1,1,1,48,8,3,0,0,0,0,-1,9,1
47068,73.76074482,18.63306441,6,3,2,1,4,14:30,104,E08000004,6,0,6,30,0,-1,-1,0,0,0,1,1,1,0,0,1,1,E01005369,27-04-2018,1,1,1,1,30,6,3,0,0,0,0,-1,9,-1
47069,73.92285306,18.59664605,6,3,1,1,2,07:40,104,E08000004,5,0,6,30,3,4,6,0,0,0,1,1,1,0,0,1,1,E01005371,25-04-2018,1,2,2,1,30,6,3,0,0,0,0,-1,9,-1
47070,73.92112634,18.53862408,6,3,2,1,2,17:50,104,E08000004,3,669,6,30,3,4,6,0,0,0,1,1,1,0,0,1,1,E01005334,25-04-2018,1,1,1,1,37,7,3,0,0,0,0,-1,9,1
47071,73.95386666,18.60504306,6,2,3,1,5,08:05,104,E08000004,4,6194,6,30,3,4,6,0,0,0,1,2,2,0,0,1,1,E01005432,28-04-2018,1,1,1,1,19,4,3,0,0,0,0,-1,1,1
47072,73.90370784,18.51871812,6,3,2,1,3,17:55,104,E08000004,5,0,6,30,9,4,6,0,0,0,1,1,1,0,0,1,2,E01005364,26-04-2018,1,1,1,2,48,8,3,0,0,0,0,-1,9,1
47073,73.79343373,18.53111385,6,3,2,1,2,17:00,104,E08000004,6,0,6,30,6,2,3,669,0,0,1,1,2,0,0,1,1,E01005353,02-05-2018,2,2,2,1,16,4,3,0,0,1,0,-1,9,1
47074,73.79357476,18.63410804,6,3,2,1,3,15:10,104,E08000004,6,0,1,30,2,4,5,0,0,0,1,1,2,0,0,1,1,E01005348,03-05-2018,1,1,1,1,75,10,2,0,0,0,0,-1,9,-1
47075,73.85530909,18.64350133,6,3,2,1,3,16:45,104,E08000004,5,0,6,30,0,-1,-1,0,0,0,1,1,2,0,0,1,1,E01005542,03-05-2018,2,2,1,2,18,4,3,0,0,0,0,-1,9,1
47076,73.84825415,18.55593263,6,2,1,1,5,17:15,104,E08000004,4,6190,6,30,3,4,6,0,0,0,1,2,2,0,0,1,1,E01005342,05-05-2018,2,3,2,2,16,4,3,0,0,1,0,-1,9,1
47077,73.76366171,18.60646064,6,3,2,2,4,16:45,104,E08000004,6,0,9,30,9,4,6,0,0,0,1,1,1,0,0,1,2,E01005445,11-05-2018,2,4,2,2,16,4,3,0,0,2,0,-1,9,1
47078,73.9193221,18.50261905,6,2,1,1,6,09:00,104,E08000004,6,0,6,30,0,-1,-1,0,0,0,1,1,1,0,0,1,1,E01005424,06-05-2018,2,5,2,2,18,4,3,0,0,2,0,-1,9,1
47079,73.74043572,18.50042547,6,3,2,1,6,23:50,104,E08000004,3,6104,6,30,3,4,6,0,0,0,4,2,2,0,0,1,1,E01005439,06-05-2018,1,1,3,1,1,1,2,10,4,0,0,-1,0,1
47080,73.95607885,18.6338399,6,3,1,1,7,00:36,104,E08000004,2,627,3,50,5,4,6,0,0,0,1,2,2,0,0,1,1,E01005459,07-05-2018,1,1,1,1,16,4,2,0,0,0,0,-1,9,1
47081,73.91181329,18.52170856,6,3,1,1,7,18:15,104,E08000004,6,0,6,30,3,4,6,0,0,0,1,1,1,0,0,1,1,E01005321,07-05-2018,1,1,1,2,25,5,3,0,0,0,0,-1,9,1
47082,73.79065901,18.61577973,6,3,2,1,3,11:05,104,E08000004,3,669,6,30,3,4,6,0,0,0,1,1,1,0,0,1,1,E01005429,10-05-2018,2,1,1,1,39,7,3,0,0,0,0,-1,1,1
47083,73.93248138,18.49627165,6,3,2,2,7,16:15,104,E08000004,2,627,1,30,1,2,2,627,0,4,1,1,1,0,0,1,2,E01005434,07-05-2018,2,1,2,2,41,7,3,0,0,1,0,-1,9,1
47084,73.93373777,18.54884375,6,2,2,1,1,12:00,104,E08000004,6,0,6,30,6,4,6,0,0,0,1,1,1,0,0,1,2,E01005366,08-05-2018,1,1,1,1,41,7,3,0,0,0,0,-1,9,1
47085,73.89744065,18.53742463,6,3,2,1,7,12:20,104,E08000004,3,672,6,30,0,-1,-1,0,0,0,1,1,1,0,0,1,2,E01005421,07-05-2018,1,1,3,1,22,5,2,6,9,0,0,-1,0,1
47086,73.76425957,18.56518256,6,3,2,1,1,18:58,104,E08000004,6,0,6,30,9,4,6,0,0,0,1,1,1,0,0,1,2,E01005362,08-05-2018,2,1,2,2,25,5,3,0,0,2,4,-1,11,-1
47087,73.95958425,18.64700629,6,3,2,1,1,21:10,104,E08000004,3,671,6,30,3,2,2,627,0,4,4,1,2,0,0,1,1,E01005350,01-05-2018,2,2,2,2,78,11,3,0,0,2,4,-1,11,1
47088,73.9500626,18.60159815,6,3,2,2,5,12:45,104,E08000004,5,0,6,30,9,2,6,0,0,4,1,1,1,0,0,1,2,E01005461,12-05-2018,1,1,3,2,78,11,3,1,1,0,0,-1,0,-1
47089,73.82387847,18.63553835,6,2,1,1,5,15:13,104,E08000004,5,0,6,30,0,-1,-1,0,0,0,1,2,2,0,0,1,1,E01005363,05-05-2018,1,1,1,1,74,10,3,0,0,0,0,-1,9,1
47090,73.92789184,18.6082448,6,3,2,1,7,22:55,104,E08000004,3,6048,6,30,6,2,3,669,0,0,4,1,1,0,0,1,1,E01005353,30-04-2018,1,1,3,1,28,6,3,6,5,0,0,-1,0,1
47091,73.75996525,18.5282686,6,2,2,1,6,19:15,104,E08000004,3,62,6,30,3,4,6,0,0,4,1,1,1,0,0,1,1,E01005371,06-05-2018,1,1,2,2,61,9,3,0,0,0,3,-1,11,1
47092,73.80969283,18.52627208,6,3,2,1,3,22:30,104,E08000004,3,663,6,30,3,4,6,0,0,0,4,1,1,0,0,1,1,E01005445,10-05-2018,1,1,1,1,52,8,3,0,0,0,0,-1,1,1
47093,73.87372209,18.55933756,6,3,2,2,2,19:25,104,E08000004,3,62,6,30,3,3,6,0,0,0,1,1,1,0,0,2,1,E01005416,16-05-2018,1,1,1,1,57,9,3,0,0,0,0,-1,9,1
47094,73.86787963,18.59191226,6,3,1,1,7,14:40,104,E08000004,6,0,6,30,6,4,6,0,0,0,1,1,1,0,0,1,1,E01005343,07-05-2018,1,1,3,1,45,7,3,5,1,0,0,-1,0,1
47095,73.78635609,18.56142356,6,3,1,1,1,18:55,104,E08000004,3,635,6,60,0,-1,-1,0,0,0,1,2,2,0,0,2,1,E01005409,08-05-2018,1,1,2,1,11,3,2,0,0,1,0,-1,9,1
47096,73.92560314,18.64682559,6,3,3,1,1,12:30,104,E08000004,5,0,6,30,3,4,6,0,0,0,1,1,1,0,0,1,1,E01005372,08-05-2018,1,2,1,1,39,7,2,0,0,0,0,-1,9,1
47097,73.87909529,18.48820606,6,3,2,2,4,17:00,104,E08000004,3,663,3,40,6,2,3,6104,0,5,1,1,1,0,0,1,1,E01005345,11-05-2018,2,3,1,2,25,5,3,0,0,0,0,-1,9,1
47098,73.80843019,18.58328674,6,3,2,1,5,13:30,104,E08000004,3,62,6,30,9,4,6,0,0,0,1,1,1,0,0,1,2,E01005456,12-05-2018,1,1,1,1,52,8,3,0,0,0,0,-1,1,1
47099,73.76933075,18.62284789,6,2,1,1,6,17:50,104,E08000004,6,0,6,30,3,4,3,6104,0,0,1,1,1,0,0,1,1,E01005382,13-05-2018,1,2,1,1,28,6,3,0,0,0,0,-1,9,-1
47100,73.87279258,18.64262353,6,3,1,1,7,11:15,104,E08000004,5,0,6,30,0,-1,-1,0,0,0,1,1,1,0,0,1,2,E01005426,14-05-2018,2,1,1,1,22,5,3,0,0,0,0,-1,9,1
47101,73.8789534,18.5456804,6,3,3,1,1,20:20,104,E08000004,3,6104,3,40,3,2,3,663,0,5,1,1,1,0,0,1,1,E01005345,15-05-2018,2,1,1,2,56,9,3,0,0,0,0,-1,9,1
47102,73.80369699,18.55527604,6,3,2,1,7,17:50,104,E08000004,6,0,1,30,1,4,6,0,0,0,1,1,1,0,0,1,1,E01005424,14-05-2018,1,1,3,1,17,4,2,5,3,0,0,-1,0,-1
47103,73.90385515,18.58228213,6,3,2,2,7,17:30,104,E08000004,3,669,6,30,9,4,6,0,0,0,1,4,1,0,0,1,2,E01005420,14-05-2018,1,1,1,1,39,7,3,0,0,0,0,-1,9,1
47104,73.89882941,18.54238866,6,3,2,1,2,18:00,104,E08000004,6,0,6,30,3,3,6,0,0,0,1,1,1,0,0,1,2,E01005451,16-05-2018,1,1,1,2,42,7,3,0,0,0,0,-1,9,1
47105,73.7835144,18.58706863,6,3,2,1,4,07:40,104,E08000004,4,6195,6,30,0,-1,-1,0,0,0,1,1,1,0,0,1,2,E01005335,18-05-2018,1,2,2,2,60,9,3,0,0,1,0,-1,9,1
47106,73.78184782,18.61451719,6,3,2,3,5,17:50,104,E08000004,3,62,3,30,7,2,4,6192,0,5,1,1,1,0,0,1,1,E01005458,19-05-2018,1,1,3,1,11,3,2,5,9,0,0,-1,0,1
47107,73.89945692,18.63822546,6,3,1,2,5,17:10,104,E08000004,3,627,6,30,0,-1,-1,0,0,0,1,1,1,0,0,1,1,E01005322,19-05-2018,1,1,1,1,16,4,3,0,0,0,0,-1,3,1
47108,73.74222431,18.49093857,6,3,2,1,5,22:40,104,E08000004,3,669,6,30,3,4,6,0,0,0,4,1,2,0,0,1,1,E01005327,19-05-2018,2,1,1,1,44,7,2,0,0,0,0,-1,9,1
47109,73.93890439,18.59695767,6,3,2,5,2,13:30,104,E08000004,6,0,9,30,0,-1,-1,0,0,0,1,1,1,0,0,1,2,E01005429,23-05-2018,2,1,1,2,29,6,3,0,0,0,0,-1,9,-1
47110,73.78257789,18.49859319,6,3,2,2,4,11:50,104,E08000004,5,0,6,30,0,-1,-1,0,0,0,1,2,2,0,0,1,1,E01005438,25-05-2018,1,1,2,1,49,8,3,0,0,0,3,-1,11,-1
47111,73.9107931,18.50086352,6,2,2,1,3,08:05,104,E08000004,4,6195,6,30,9,4,6,0,0,0,1,1,1,0,0,1,2,E01005392,24-05-2018,1,1,1,2,37,7,3,0,0,0,0,-1,9,1
47112,73.83797864,18.60923729,6,3,2,3,7,22:15,104,E08000004,3,62,3,50,0,-1,-1,0,0,0,4,2,2,0,3,1,1,E01005434,21-05-2018,1,3,2,2,45,7,3,0,0,1,0,-1,9,1
47113,73.77184915,18.54064878,6,3,2,1,7,16:30,104,E08000004,5,0,6,30,3,4,6,0,0,0,1,1,1,0,0,1,1,E01005462,14-05-2018,2,2,1,2,27,6,3,0,0,0,0,-1,9,-1
47114,73.94461751,18.61809705,6,3,1,1,7,21:50,104,E08000004,3,62,6,30,0,-1,-1,0,0,0,4,1,2,0,0,1,1,E01005362,21-05-2018,1,1,1,1,46,8,3,0,0,0,0,-1,9,-1
47115,73.80368185,18.63339673,6,3,2,1,3,11:15,104,E08000004,3,62,3,30,6,2,4,6189,0,5,1,1,1,0,0,1,1,E01005381,17-05-2018,1,3,1,2,39,7,3,0,0,0,0,-1,9,1
47116,73.76558003,18.62969559,6,3,1,1,7,22:05,104,E08000004,3,62,3,50,0,-1,-1,0,0,0,4,2,2,0,0,1,1,E01005434,21-05-2018,2,1,1,1,45,7,3,0,0,0,0,-1,8,1
47117,73.9277236,18.51862233,6,3,4,2,2,09:00,104,E08000004,5,0,2,30,0,-1,-1,0,0,0,1,1,1,0,0,1,1,E01005459,16-05-2018,2,2,2,1,22,5,3,0,0,2,0,-1,8,-1
47118,73.83731389,18.63039469,6,2,1,1,6,16:30,104,E08000004,3,62,1,30,1,4,2,627,0,7,1,1,1,0,0,1,1,E01005353,27-05-2018,2,1,1,1,46,8,3,0,0,0,0,-1,11,1
47119,73.77946403,18.6178377,6,3,2,2,6,14:30,104,E08000004,3,627,6,30,3,4,6,0,0,0,1,1,1,0,0,1,1,E01005434,27-05-2018,1,1,1,1,58,9,3,0,0,0,0,-1,19,1
47120,73.82873282,18.53767485,6,2,2,1,7,11:55,104,E08000004,3,671,6,30,3,4,6,0,0,0,1,1,1,0,0,1,1,E01005394,28-05-2018,1,2,3,1,16,4,2,5,2,0,0,-1,0,-1
47121,73.82305814,18.51797249,6,2,2,1,3,17:10,104,E08000004,3,640,6,30,3,4,3,672,0,0,1,1,1,0,0,2,1,E01005414,31-05-2018,1,1,1,1,47,8,3,0,0,0,0,-1,9,1
47122,73.94740809,18.63278552,6,3,3,1,3,09:45,104,E08000004,6,0,6,30,3,4,6,0,0,0,1,1,2,0,0,1,2,E01005424,24-05-2018,1,1,2,2,23,5,3,0,0,0,3,-1,11,1
47123,73.77785347,18.56199929,6,3,1,1,3,16:50,104,E08000004,4,6192,6,30,0,-1,-1,0,0,0,1,1,1,0,0,1,2,E01005458,24-05-2018,1,1,2,2,39,7,3,0,0,0,2,-1,11,1
47124,73.8017581,18.53078189,6,3,2,2,3,16:30,104,E08000004,3,6048,1,30,1,4,2,627,0,0,1,1,1,0,0,1,2,E01005349,24-05-2018,1,1,2,2,61,9,3,0,0,0,1,-1,11,1
47125,73.80308139,18.59110555,6,3,1,1,4,09:14,104,E08000004,5,0,6,30,0,-1,-1,0,0,0,1,2,2,0,0,2,1,E01005365,25-05-2018,1,1,1,1,65,9,3,0,0,0,0,-1,9,1
47126,73.88793702,18.55129148,6,3,1,1,5,18:35,104,E08000004,3,663,6,30,0,-1,-1,0,0,8,1,1,1,0,0,1,1,E01005356,26-05-2018,1,1,2,2,23,5,3,0,0,2,0,-1,8,1
47127,73.946655,18.5542428,6,3,1,1,7,19:30,104,E08000004,3,62,3,30,9,2,6,0,0,0,1,4,1,4,0,1,2,E01005424,28-05-2018,1,1,2,2,50,8,3,0,0,1,0,-1,9,1
47128,73.82534905,18.50348097,6,3,1,1,3,07:50,104,E08000004,4,6194,6,30,0,-1,-1,0,0,0,1,1,1,4,0,1,1,E01005397,31-05-2018,1,1,3,2,12,3,3,5,4,0,0,-1,0,1
47129,73.89233923,18.55096746,6,3,2,2,4,14:11,104,E08000004,4,6194,6,30,9,4,6,0,0,0,1,2,2,3,0,1,2,E01005397,01-06-2018,1,1,2,1,55,8,3,0,0,1,0,-1,9,1
47130,73.95699735,18.61189245,6,3,1,1,3,13:00,104,E08000004,6,0,6,20,3,4,6,0,0,0,1,1,1,0,0,1,2,E01005352,31-05-2018,1,1,3,2,75,10,3,9,9,0,0,-1,0,1
47131,73.88859285,18.56621241,6,3,2,3,3,09:45,104,E08000004,5,0,3,30,6,2,5,0,0,0,1,1,1,0,0,1,1,E01005350,31-05-2018,1,2,3,2,93,11,3,9,9,0,0,-1,0,1
47132,73.82208588,18.59356838,6,3,2,1,2,12:06,104,E08000004,3,62,6,30,3,4,6,0,0,0,1,1,1,0,2,1,1,E01005456,23-05-2018,1,1,1,2,61,9,3,0,0,0,0,-1,9,1
47133,73.93133784,18.58669328,6,3,2,1,5,14:12,104,E08000004,5,0,6,30,6,2,3,60,0,5,1,2,2,0,0,1,1,E01005381,02-06-2018,2,1,1,1,24,5,3,0,0,0,0,-1,9,1
47134,73.76831547,18.60371598,6,3,2,1,5,07:40,104,E08000004,3,62,6,60,0,-1,-1,0,0,0,1,2,2,0,7,2,1,E01005416,02-06-2018,2,2,2,2,23,5,3,0,0,1,0,-1,9,1
47135,73.81160529,18.6441998,6,3,2,1,6,16:00,104,E08000004,3,62,3,50,1,4,2,627,0,0,1,1,1,0,0,1,1,E01005349,03-06-2018,3,3,2,2,22,5,3,0,0,2,0,-1,9,1
47136,73.80121077,18.61516152,6,3,2,2,5,11:40,104,E08000004,3,62,3,30,3,4,6,0,0,0,1,1,2,4,7,1,1,E01005428,02-06-2018,1,1,3,1,43,7,3,5,1,0,0,-1,0,1
47137,73.74446388,18.55686617,6,3,1,1,5,08:45,104,E08000004,3,62,3,50,0,-1,-1,0,0,7,1,1,2,0,0,1,1,E01005434,02-06-2018,1,1,3,2,66,10,3,1,3,0,0,-1,0,1
47138,73.88884961,18.55496856,6,3,2,1,6,07:24,104,E08000004,4,6194,6,30,3,4,6,0,0,0,1,1,2,0,0,1,1,E01005397,03-06-2018,1,1,1,2,30,6,3,0,0,0,0,-1,9,1
47139,73.94974447,18.58365282,6,3,1,1,7,14:05,104,E08000004,3,6104,6,30,3,4,6,0,0,4,1,1,1,0,0,1,1,E01005439,04-06-2018,2,1,1,1,41,7,3,0,0,0,0,-1,5,1
47140,73.93390228,18.5321533,6,2,2,6,7,23:45,104,E08000004,5,0,6,30,0,-1,-1,0,0,0,4,2,2,0,0,1,1,E01005326,04-06-2018,1,1,1,1,29,6,3,0,0,0,0,-1,9,1
47141,73.8396854,18.58424002,6,3,2,1,3,12:25,104,E08000004,4,6190,6,30,0,-1,-1,0,0,0,1,1,1,0,2,1,1,E01005460,07-06-2018,1,1,2,1,44,7,3,0,0,0,3,-1,11,1
47142,73.87541042,18.60768915,6,3,3,2,6,19:20,104,E08000004,4,6194,6,30,3,4,5,0,0,0,1,1,2,0,0,1,1,E01005397,03-06-2018,1,1,1,1,39,7,3,0,0,0,0,-1,9,1
47143,73.93153955,18.50574289,6,3,2,1,1,07:30,104,E08000004,3,672,6,30,9,4,6,0,0,4,1,1,1,0,0,1,2,E01005421,05-06-2018,2,2,1,1,45,7,3,0,0,0,0,-1,11,1