Accident_Index,longitude,latitude,Police_Force,Accident_Severity,Number_of_Vehicles,Number_of_Casualties,Day_of_Week,Time,Local_Authority_(District),Local_Authority_(Highway),1st_Road_Class,1st_Road_Number,Road_Type,Speed_limit,Junction_Detail,Junction_Control,2nd_Road_Class,2nd_Road_Number,Pedestrian_Crossing-Human_Control,Pedestrian_Crossing-Physical_Facilities,Light_Conditions,Weather_Conditions,Road_Surface_Conditions,Special_Conditions_at_Site,Carriageway_Hazards,Urban_or_Rural_Area,Did_Police_Officer_Attend_Scene_of_Accident,LSOA_of_Accident_Location,Date,Vehicle_Reference,Casualty_Reference,Casualty_Class,Sex_of_Casualty,Age_of_Casualty,Age_Band_of_Casualty,Casualty_Severity,Pedestrian_Location,Pedestrian_Movement,Car_Passenger,Bus_or_Coach_Passenger,Pedestrian_Road_Maintenance_Worker,Casualty_Type,Casualty_Home_Area_Type
47625,73.92388139,18.49382523,6,2,2,1,7,21:40,104,E08000004,3,671,6,30,3,4,6,0,0,0,1,1,1,0,0,1,1,E01005402,05-02-2018,2,4,2,2,37,7,3,0,0,0,4,-1,11,1
47626,73.89934935,18.56094112,6,3,2,2,6,08:35,102,E08000003,4,6393,3,30,3,2,6,0,0,0,1,1,2,0,0,1,1,E01005137,28-01-2018,2,5,2,2,50,8,3,0,0,0,4,-1,11,1
47627,73.87521802,18.55986385,6,3,1,1,3,19:22,104,E08000004,3,663,1,30,1,4,4,6194,0,0,4,1,1,0,0,1,1,E01005355,01-02-2018,2,6,2,2,42,7,3,0,0,0,4,-1,11,1
47628,73.87103681,18.59656407,6,3,2,1,3,15:20,104,E08000004,4,6175,6,30,0,-1,-1,0,0,0,1,1,1,0,0,2,1,E01005407,01-02-2018,1,1,3,2,47,8,3,5,1,0,0,-1,0,-1
47629,73.92332746,18.54692319,6,2,1,1,3,15:05,104,E08000004,5,0,6,30,3,4,6,0,0,0,1,1,1,0,0,1,2,E01005399,01-02-2018,1,1,1,1,16,4,3,0,0,0,0,-1,2,1
47630,73.95374346,18.54044551,6,2,2,1,3,17:30,104,E08000004,5,0,9,30,9,4,6,0,0,0,4,4,2,0,0,1,2,E01005445,18-01-2018,2,2,1,1,43,7,3,0,0,0,0,-1,9,1
47631,73.94431092,18.53698183,6,3,2,1,6,19:15,104,E08000004,3,6104,6,30,3,3,6,0,0,0,4,1,1,0,0,1,1,E01005382,21-01-2018,1,1,2,1,21,5,3,0,0,2,0,-1,8,-1
47632,73.80271405,18.60459633,6,3,2,2,3,22:30,104,E08000004,3,62,3,30,3,2,6,0,0,4,4,1,1,0,0,1,1,E01005381,01-02-2018,2,2,2,2,8,2,3,0,0,1,0,-1,9,2
47633,73.95634698,18.57852152,6,3,2,1,4,09:50,104,E08000004,6,0,6,30,3,4,4,6477,0,0,1,1,1,0,0,1,2,E01005433,02-02-2018,1,1,3,1,15,3,3,1,3,0,0,-1,0,1
47634,73.88015265,18.52823065,6,3,1,1,7,16:13,104,E08000004,3,672,6,30,3,4,6,0,0,0,1,1,1,0,0,1,2,E01005421,05-02-2018,1,1,1,2,29,6,3,0,0,0,0,-1,9,1
47635,73.84795322,18.64410542,6,3,2,1,7,14:55,104,E08000004,5,0,6,30,3,4,6,0,0,0,1,1,1,0,0,1,2,E01005369,05-02-2018,1,3,2,2,22,5,3,0,0,1,0,-1,9,1
47636,73.84586903,18.53277739,6,3,2,1,7,12:51,104,E08000004,4,6477,9,30,9,4,6,0,0,0,1,9,1,0,0,1,2,E01005433,05-02-2018,2,2,1,1,67,10,3,0,0,0,0,-1,9,1
47637,73.82308683,18.55554034,6,3,1,1,7,11:40,104,E08000004,3,627,2,30,9,4,6,0,2,0,1,1,2,0,0,1,2,E01005350,05-02-2018,1,1,3,1,14,3,3,5,9,0,0,-1,0,1
47638,73.7506553,18.62351177,6,3,1,1,1,02:40,104,E08000004,6,0,6,30,6,4,6,0,0,0,4,1,2,0,0,1,1,E01005434,06-02-2018,1,1,1,1,23,5,3,0,0,0,0,-1,9,1
47639,73.91141567,18.50742349,6,3,1,1,2,21:05,104,E08000004,3,635,6,30,0,-1,-1,0,0,0,4,1,1,0,0,2,1,E01005408,07-02-2018,1,1,2,1,18,4,3,0,0,2,0,-1,8,-1
47640,73.83346388,18.57099098,6,2,3,3,2,01:38,104,E08000004,5,0,6,30,6,2,6,0,0,5,4,1,2,0,0,1,1,E01005350,31-01-2018,1,2,2,1,18,4,3,0,0,2,0,-1,8,-1
47641,73.7983464,18.58458622,6,3,1,1,3,14:30,104,E08000004,4,6194,6,30,3,4,5,0,0,0,1,1,1,0,0,1,1,E01005429,01-02-2018,1,3,2,1,18,4,3,0,0,2,0,-1,8,-1
47642,73.83077633,18.64368571,6,3,2,1,6,23:05,104,E08000004,3,669,6,30,3,2,5,0,0,5,4,1,1,0,0,1,1,E01005333,04-02-2018,2,1,1,1,40,7,3,0,0,0,0,-1,9,1
47643,73.91938991,18.61832218,6,1,1,1,7,21:40,104,E08000004,3,627,6,30,3,4,6,0,0,4,4,2,2,0,0,1,1,E01005434,05-02-2018,1,1,1,1,20,4,3,0,0,0,0,-1,9,1
47644,73.89447873,18.50186479,6,3,2,1,6,17:20,104,E08000004,6,0,6,30,6,4,6,0,0,0,4,1,1,0,0,1,2,E01005433,28-01-2018,1,2,2,2,32,6,3,0,0,2,0,-1,9,1
47645,73.86116846,18.63964362,6,3,4,1,2,09:38,104,E08000004,3,62,6,30,3,4,6,0,0,0,1,1,1,0,0,1,1,E01005370,07-02-2018,1,3,2,1,22,5,3,0,0,1,0,-1,9,-1
47646,73.85221488,18.55043659,6,3,3,1,2,08:30,104,E08000004,3,669,6,30,6,4,6,0,0,0,1,1,1,0,0,1,1,E01005328,07-02-2018,1,4,2,2,20,4,3,0,0,2,0,-1,9,-1
47647,73.79356408,18.63749043,6,3,1,1,4,18:14,104,E08000004,6,0,6,30,3,4,6,0,0,0,4,1,1,0,0,1,2,E01005339,16-02-2018,2,1,1,1,22,5,3,0,0,0,0,-1,9,-1
47648,73.8607406,18.63166072,6,3,2,1,4,12:50,104,E08000004,3,663,9,30,9,4,6,0,0,0,1,1,1,0,0,1,2,E01005355,02-02-2018,1,1,1,1,30,6,3,0,0,0,0,-1,9,1
47649,73.90545764,18.49146959,6,3,3,3,6,11:15,104,E08000004,4,6194,6,30,3,4,5,0,0,0,1,1,1,0,0,1,1,E01005397,04-02-2018,1,1,3,1,24,5,3,1,2,0,0,-1,0,1
47650,73.94599492,18.56531755,6,3,2,2,3,17:40,104,E08000004,5,0,6,30,3,4,6,0,0,0,4,1,1,0,0,1,1,E01005420,08-02-2018,1,1,3,1,37,7,2,4,3,0,0,-1,0,-1
47651,73.865894,18.52792469,6,2,1,1,3,16:30,104,E08000004,4,6194,6,30,3,4,6,0,0,8,1,1,1,0,0,1,2,E01005429,08-02-2018,1,1,1,2,27,6,3,0,0,0,0,-1,9,1
47652,73.79579017,18.50320866,6,3,2,1,3,20:31,104,E08000004,6,0,6,30,3,4,5,0,0,0,4,1,1,0,0,2,1,E01005440,08-02-2018,1,2,2,2,29,6,3,0,0,1,0,-1,9,1
47653,73.91571104,18.61270054,6,3,1,1,3,17:45,104,E08000004,6,0,6,30,3,4,6,0,0,0,4,1,1,0,0,1,1,E01005379,08-02-2018,1,1,3,1,3,1,3,5,3,0,0,-1,0,1
47654,73.93924875,18.52835344,6,3,2,1,3,19:30,104,E08000004,6,0,6,30,9,4,6,0,0,0,4,1,1,0,0,1,2,E01005348,08-02-2018,1,1,3,1,13,3,3,1,3,0,0,-1,0,1
47655,73.82210313,18.64138758,6,3,1,5,3,16:00,106,E08000005,3,671,6,30,6,2,3,671,0,0,1,1,1,0,0,1,2,E01005482,08-02-2018,2,1,1,1,16,4,3,0,0,0,0,-1,2,1
47656,73.88391317,18.55753215,6,3,2,1,4,15:30,104,E08000004,6,0,6,30,6,4,6,0,0,0,1,1,1,0,0,1,2,E01005326,09-02-2018,1,1,1,1,44,7,3,0,0,0,0,-1,9,1
47657,73.95191746,18.51256063,6,3,2,1,5,08:15,104,E08000004,3,627,1,30,1,4,3,6048,0,0,1,1,1,0,0,1,2,E01005349,10-02-2018,2,2,1,1,43,7,3,0,0,0,0,-1,9,1
47658,73.77934396,18.61639292,6,2,2,1,6,17:30,104,E08000004,6,0,6,30,3,4,6,0,0,0,4,2,2,0,0,1,1,E01005377,11-02-2018,2,1,1,2,67,10,3,0,0,0,0,-1,9,1
47659,73.78040987,18.51783931,6,3,1,1,5,10:50,104,E08000004,6,0,6,30,3,4,6,0,0,0,1,1,1,0,0,1,2,E01005437,10-02-2018,1,1,1,1,43,7,3,0,0,0,0,-1,9,1
47660,73.82352704,18.50279664,6,3,2,1,5,14:05,104,E08000004,4,6194,6,30,6,4,6,0,0,0,1,1,2,0,0,1,1,E01005445,10-02-2018,2,2,1,1,26,6,3,0,0,0,0,-1,19,1
47661,73.92271197,18.58241147,6,3,1,1,7,12:45,104,E08000004,3,62,3,30,3,4,3,6104,0,5,1,5,2,0,0,1,1,E01005376,12-02-2018,1,1,2,1,26,6,3,0,0,1,0,-1,9,-1
47662,73.80023402,18.52174704,6,3,2,1,2,07:46,104,E08000004,6,0,6,30,3,4,6,0,0,0,1,1,1,0,0,1,1,E01005421,07-02-2018,1,2,2,2,31,6,3,0,0,2,0,-1,9,-1
47663,73.93544977,18.57671058,6,3,2,1,7,13:30,104,E08000004,5,0,3,30,9,2,6,0,0,4,1,2,2,0,0,1,2,E01005434,12-02-2018,1,1,1,1,22,5,3,0,0,0,0,-1,9,1
47664,73.85985288,18.52396319,6,3,1,1,1,18:20,104,E08000004,3,62,6,30,0,-1,-1,0,0,4,4,1,1,0,0,1,1,E01005368,13-02-2018,2,1,1,1,19,4,3,0,0,0,0,-1,9,1
47665,73.89220298,18.51683325,6,3,2,1,5,13:23,104,E08000004,5,0,1,30,1,4,6,0,0,4,1,1,1,0,0,1,1,E01005434,17-02-2018,2,2,2,2,18,4,3,0,0,1,0,-1,9,1
47666,73.76566143,18.59021375,6,3,2,1,4,10:10,104,E08000004,3,669,3,30,6,2,6,0,0,0,1,1,1,0,0,1,2,E01005432,16-02-2018,1,1,3,1,19,4,2,4,3,0,0,-1,0,1
47667,73.78474702,18.62440965,6,3,2,1,6,01:35,104,E08000004,3,663,2,30,6,4,5,0,0,0,4,4,1,0,0,1,2,E01005399,18-02-2018,2,1,1,1,40,7,3,0,0,0,0,-1,8,1
47668,73.8567988,18.52423865,6,3,5,2,5,18:50,104,E08000004,5,0,6,30,3,4,6,0,0,0,4,1,1,0,0,1,1,E01005378,17-02-2018,2,1,1,2,44,7,3,0,0,0,0,-1,9,1
47669,73.815524,18.57023091,6,3,2,1,6,18:51,104,E08000004,3,627,9,30,9,4,6,0,0,0,1,1,1,0,0,1,2,E01005438,18-02-2018,2,2,2,2,29,6,3,0,0,2,0,-1,9,-1
47670,73.94839173,18.56401733,6,3,2,1,5,21:00,104,E08000004,6,0,6,30,3,4,6,0,0,0,4,1,1,0,0,1,2,E01005353,17-02-2018,2,3,2,2,46,8,3,0,0,2,0,-1,9,-1
47671,73.79561332,18.55817509,6,2,1,1,7,16:15,104,E08000004,6,0,3,30,9,4,3,6104,0,0,1,1,1,0,0,1,2,E01005382,12-02-2018,2,4,2,2,13,3,3,0,0,2,0,-1,9,-1
47672,73.94694972,18.60304135,6,3,1,1,6,16:45,104,E08000004,6,0,6,30,3,4,3,669,0,0,1,1,1,0,0,1,2,E01005335,18-02-2018,1,1,3,1,12,3,3,4,1,0,0,-1,0,1
47673,73.94147122,18.61356858,6,2,2,4,7,11:00,104,E08000004,3,669,6,40,3,4,3,670,0,0,1,1,1,0,0,2,1,E01005407,19-02-2018,1,1,3,1,18,4,2,5,1,0,0,-1,0,1
47674,73.90819878,18.60785879,6,3,1,1,1,00:30,104,E08000004,3,62,6,40,3,2,6,0,0,0,4,8,2,0,0,1,2,E01005456,20-02-2018,1,1,1,2,42,7,3,0,0,0,0,-1,9,1
47675,73.94914219,18.59845234,6,2,1,1,3,15:45,104,E08000004,6,0,6,30,9,4,5,0,0,0,1,8,2,0,0,1,1,E01005433,22-02-2018,1,1,1,1,33,6,3,0,0,0,0,-1,9,1
47676,73.84315963,18.54476676,6,3,1,1,5,08:50,104,E08000004,3,672,6,30,3,2,6,0,0,0,1,3,3,0,0,1,2,E01005426,24-02-2018,2,1,1,1,42,7,3,0,0,0,0,-1,9,1
47677,73.85581079,18.54615678,6,3,2,1,7,00:16,104,E08000004,3,669,6,30,6,4,6,0,0,0,4,2,2,0,0,1,1,E01005328,26-02-2018,2,1,1,1,73,10,3,0,0,0,0,-1,9,1
47678,73.84849677,18.61829449,6,2,2,1,7,10:50,104,E08000004,3,663,6,30,3,4,6,0,0,0,1,1,1,0,0,1,2,E01005356,19-02-2018,3,2,1,2,54,8,3,0,0,0,0,-1,9,1
47679,73.78676528,18.51576761,6,3,2,1,6,12:20,104,E08000004,6,0,3,30,3,4,5,0,0,0,1,3,2,0,0,1,2,E01005425,25-02-2018,2,1,1,1,57,9,3,0,0,0,0,-1,9,1
47680,73.85002371,18.52668648,6,3,2,1,6,11:30,104,E08000004,3,663,6,30,0,-1,6,0,0,0,1,1,2,0,0,1,2,E01005445,25-02-2018,1,1,1,1,24,5,3,0,0,0,0,-1,9,1
47681,73.82055668,18.56891239,6,2,1,1,5,10:45,104,E08000004,3,635,6,60,0,-1,-1,0,0,0,1,1,2,0,0,2,1,E01005409,17-02-2018,2,2,1,2,65,9,3,0,0,0,0,-1,9,1
47682,73.74213551,18.51256329,6,2,1,1,6,15:45,104,E08000004,3,62,6,30,3,4,6,0,0,4,1,1,2,0,0,1,2,E01005369,25-02-2018,2,3,2,1,45,7,3,0,0,1,0,-1,9,1
47683,73.80762198,18.59278199,6,3,1,1,4,17:50,104,E08000004,4,6194,6,30,3,4,5,0,0,0,4,5,2,0,0,1,1,E01005397,23-02-2018,3,4,1,1,41,7,3,0,0,0,0,-1,9,1
47684,73.82375029,18.49828511,6,3,1,1,5,07:20,104,E08000004,6,0,6,30,0,-1,-1,0,0,0,1,3,3,0,0,1,1,E01005385,24-02-2018,3,5,2,1,17,4,3,0,0,1,0,-1,9,1
47685,73.82665442,18.61229295,6,3,2,2,4,15:55,104,E08000004,5,0,6,30,0,-1,-1,0,0,0,1,3,3,0,0,1,1,E01005392,23-02-2018,1,1,1,1,31,6,3,0,0,0,0,-1,9,1
47686,73.79858098,18.56633452,6,2,1,1,1,15:45,104,E08000004,6,0,2,30,9,4,6,0,0,0,1,1,1,0,0,1,2,E01005461,27-02-2018,2,2,1,2,36,7,3,0,0,0,0,-1,9,1
47687,73.96165856,18.63380029,6,3,2,1,1,11:10,104,E08000004,4,6194,6,30,3,2,6,0,0,0,1,1,1,0,0,1,2,E01005432,27-02-2018,2,3,2,2,14,3,3,0,0,2,0,-1,9,1
47688,73.76182056,18.54552829,6,3,2,1,4,07:30,104,E08000004,6,0,3,30,3,4,6,0,0,0,1,1,4,0,0,1,2,E01005461,02-03-2018,2,4,2,1,35,6,3,0,0,1,0,-1,9,-1
47689,73.88341128,18.53706295,6,3,2,1,4,08:50,104,E08000004,3,6104,6,30,3,2,3,62,0,0,1,1,2,0,0,1,1,E01005376,02-03-2018,1,1,1,2,22,5,3,0,0,0,0,-1,9,1
47690,73.95747854,18.51147662,6,3,1,1,7,10:30,104,E08000004,5,0,9,30,3,4,6,0,0,0,1,1,1,0,0,1,1,E01005362,05-03-2018,2,2,1,1,30,6,3,0,0,0,0,-1,9,1
47691,73.79283649,18.59656139,6,3,1,1,5,08:50,104,E08000004,3,671,9,30,9,4,6,0,0,0,1,1,2,0,0,1,2,E01005400,03-03-2018,1,1,3,1,45,7,3,1,1,0,0,-1,0,1
47692,73.86878991,18.56246259,6,3,1,1,3,16:00,104,E08000004,3,663,3,40,3,4,6,0,0,4,1,1,1,4,2,1,2,E01005346,08-03-2018,2,1,1,1,35,6,3,0,0,0,0,-1,1,-1
47693,73.95193686,18.55880061,6,3,2,1,6,12:05,104,E08000004,3,627,1,30,1,4,3,6048,0,0,1,1,2,0,0,1,1,E01005349,25-02-2018,2,1,1,1,52,8,3,0,0,0,0,-1,10,-1
47694,73.89103539,18.62233687,6,3,2,5,5,13:00,104,E08000004,3,671,3,30,3,2,3,6048,0,5,1,1,2,0,0,1,1,E01005348,03-03-2018,2,2,2,1,21,5,3,0,0,2,4,-1,10,-1
47695,73.82476757,18.59095157,6,3,1,1,1,12:59,104,E08000004,3,669,6,30,6,4,6,0,0,0,1,1,1,0,0,1,1,E01005430,27-02-2018,2,3,2,1,42,7,3,0,0,2,4,-1,10,-1
47696,73.74154438,18.63635314,6,3,3,2,4,17:00,104,E08000004,3,62,3,50,0,-1,-1,0,0,7,1,1,2,0,0,1,1,E01005349,02-03-2018,2,4,2,2,42,7,3,0,0,0,4,-1,10,-1
47697,73.86829659,18.59476122,6,3,2,3,3,13:50,104,E08000004,6,0,3,30,3,1,6,0,0,0,1,1,1,0,0,1,2,E01005431,08-03-2018,1,1,1,1,74,10,3,0,0,0,0,-1,9,1
47698,73.84462652,18.63688392,6,3,2,1,4,09:50,104,E08000004,4,6192,3,30,3,4,6,0,0,0,1,1,2,0,0,1,1,E01005461,02-03-2018,1,2,2,1,43,7,3,0,0,1,0,-1,9,1
47699,73.88123072,18.62132526,6,3,2,1,7,21:10,104,E08000004,6,0,6,30,3,4,6,0,0,0,4,1,1,0,0,1,2,E01005448,05-03-2018,1,2,1,2,21,5,3,0,0,0,0,-1,9,1
47700,73.80030275,18.6057045,6,3,1,1,5,13:20,104,E08000004,3,627,6,30,0,-1,-1,0,0,0,1,1,1,0,0,1,2,E01005323,10-03-2018,1,3,2,2,23,5,3,0,0,2,0,-1,9,1
47701,73.7819062,18.52315379,6,3,1,1,1,19:00,104,E08000004,3,635,6,60,0,-1,-1,0,0,0,6,6,3,0,0,2,1,E01005410,06-03-2018,1,4,2,2,20,4,3,0,0,2,0,-1,9,1
47702,73.74408035,18.53069779,6,3,1,1,1,16:14,104,E08000004,6,0,9,30,0,-1,-1,0,0,0,1,1,-1,7,0,2,2,E01005416,06-03-2018,2,1,1,2,41,7,3,0,0,0,0,-1,9,1
47703,73.73568536,18.53120201,6,2,2,1,3,13:15,104,E08000004,3,62,3,30,1,4,3,62,0,0,1,1,1,0,0,1,2,E01005353,22-02-2018,2,5,2,2,18,4,3,0,0,1,0,-1,9,1
47704,73.86644637,18.62660521,6,3,4,1,1,12:15,104,E08000004,3,669,6,30,3,4,6,0,0,0,1,1,1,0,0,1,1,E01005420,27-02-2018,1,1,1,2,27,6,3,0,0,0,0,-1,9,1
47705,73.94715871,18.49399449,6,3,3,1,3,20:40,104,E08000004,4,6477,2,30,9,4,3,669,0,0,4,1,1,0,0,1,1,E01005427,08-03-2018,1,2,2,2,28,6,3,0,0,1,0,-1,9,1
47706,73.80950688,18.62872079,6,2,3,7,7,23:57,104,E08000004,3,663,6,30,3,4,6,0,0,0,4,4,2,0,0,1,1,E01005445,12-03-2018,1,1,1,2,40,7,3,0,0,0,0,-1,9,1
47707,73.9356146,18.63085401,6,3,2,1,4,11:30,104,E08000004,6,0,9,30,9,4,6,0,0,0,1,1,1,1,1,1,2,E01005392,09-03-2018,1,1,3,1,55,8,3,5,4,0,0,-1,0,1
47708,73.93326549,18.50561385,6,3,2,2,5,15:35,104,E08000004,3,62,1,50,1,4,3,6048,0,0,1,1,1,0,0,1,2,E01005349,03-03-2018,1,1,3,1,60,9,3,5,1,0,0,-1,0,-1
47709,73.92896494,18.51637251,6,3,2,1,3,11:45,104,E08000004,6,0,6,30,9,4,6,0,0,0,1,1,1,0,0,1,2,E01005434,08-03-2018,1,1,2,1,12,3,3,0,0,1,0,-1,9,1
47710,73.74063109,18.62262066,6,3,1,1,4,08:30,104,E08000004,3,672,6,30,3,4,6,0,1,0,1,1,1,0,0,1,2,E01005455,09-03-2018,2,2,1,2,37,7,3,0,0,0,0,-1,9,1
47711,73.79139076,18.49757122,6,3,1,1,5,17:25,104,E08000004,6,0,6,30,0,-1,6,0,0,0,1,1,1,0,2,1,2,E01005338,10-03-2018,2,1,1,1,32,6,3,0,0,0,0,-1,5,1
47712,73.87992858,18.6287345,6,3,2,2,5,09:50,104,E08000004,3,627,3,40,3,2,6,0,0,5,1,1,1,0,0,1,1,E01005354,10-03-2018,1,1,1,1,45,7,3,0,0,0,0,-1,9,1
47713,73.9112969,18.52955329,6,3,2,1,6,10:20,104,E08000004,3,62,9,30,9,4,4,6192,0,0,1,1,1,0,0,1,2,E01005457,11-03-2018,1,1,2,2,28,6,3,0,0,1,0,-1,9,1
47714,73.87102289,18.52725903,6,3,2,9,2,16:25,104,E08000004,6,0,6,30,0,-1,-1,0,0,0,1,1,1,0,0,1,1,E01005350,14-03-2018,1,1,3,2,52,8,3,9,5,0,0,-1,0,1
47715,73.91893468,18.63137314,6,3,3,1,6,21:10,104,E08000004,3,627,6,30,9,2,6,0,0,0,4,1,2,0,0,1,1,E01005459,11-03-2018,1,1,1,1,29,6,3,0,0,0,0,-1,20,1
47716,73.77799228,18.60777166,6,2,1,1,6,12:25,104,E08000004,5,0,6,30,3,4,6,0,0,4,1,2,2,0,0,1,1,E01005433,11-03-2018,2,1,1,1,26,6,2,0,0,0,0,-1,9,1
47717,73.78400462,18.60807785,6,3,2,2,2,18:00,104,E08000004,3,669,6,30,3,4,3,670,0,0,4,4,2,0,0,2,2,E01005407,14-03-2018,2,2,2,1,24,5,3,0,0,1,0,-1,9,1
47718,73.74470935,18.63540932,6,3,2,1,3,21:35,104,E08000004,3,663,1,30,1,4,2,627,0,0,4,1,1,0,0,2,1,E01005340,15-03-2018,2,3,2,1,25,5,3,0,0,2,0,-1,9,1
47719,73.79629565,18.60966857,6,3,1,1,4,08:40,104,E08000004,6,0,9,30,3,4,6,0,0,0,1,1,1,0,0,1,2,E01005350,16-03-2018,1,1,1,1,59,9,3,0,0,0,0,-1,10,1
47720,73.74721951,18.55434152,6,3,1,1,4,16:30,104,E08000004,3,620,6,30,0,-1,-1,0,0,0,1,1,2,0,0,2,1,E01005407,16-03-2018,1,1,3,1,65,9,3,5,4,0,0,-1,0,-1
47721,73.78660567,18.49387527,6,3,2,1,7,17:20,104,E08000004,5,0,9,30,3,4,6,0,0,0,1,1,1,0,0,1,2,E01005332,19-03-2018,1,1,1,1,17,4,3,0,0,0,0,-1,3,1
47722,73.853626,18.64133201,6,3,1,2,7,14:55,106,E08000005,3,640,6,40,0,-1,-1,0,0,0,1,1,1,0,0,2,1,E01005561,19-03-2018,1,1,3,1,30,6,1,5,3,0,0,-1,0,1
47723,73.78556192,18.5828469,6,3,2,1,1,16:00,104,E08000004,3,669,6,40,3,4,3,670,0,0,1,1,1,0,0,2,1,E01005407,20-03-2018,1,1,1,1,36,7,3,0,0,0,0,-1,9,1
47724,73.93672568,18.51549971,6,3,2,1,3,16:40,104,E08000004,5,0,9,30,9,4,6,0,0,0,1,1,1,0,0,1,2,E01005432,15-02-2018,1,1,1,2,24,5,3,0,0,0,0,-1,9,1
47725,73.83722035,18.57952033,6,3,1,1,1,17:55,104,E08000004,6,0,6,30,3,4,6,0,0,0,4,1,1,0,0,1,1,E01005351,20-03-2018,1,1,1,1,21,5,2,0,0,0,0,-1,9,1
47726,73.80859159,18.64409904,6,3,2,2,7,15:30,104,E08000004,6,0,6,30,3,4,6,0,0,0,1,1,1,0,0,2,1,E01005321,19-03-2018,1,1,3,1,74,10,3,6,8,0,0,-1,0,1
47727,73.86143238,18.61292189,6,3,2,1,6,17:45,104,E08000004,6,0,6,30,3,4,3,62,0,0,4,1,1,0,0,1,2,E01005448,18-03-2018,1,1,1,1,26,6,3,0,0,0,0,-1,9,1
47728,73.84399025,18.54065016,6,3,2,1,5,09:25,104,E08000004,6,0,6,30,3,4,6,0,0,0,1,1,1,0,0,1,1,E01005457,17-03-2018,1,1,1,1,19,4,3,0,0,0,0,-1,9,1
47729,73.93821909,18.63999327,6,3,2,1,2,13:35,104,E08000004,6,0,6,30,3,4,6,0,0,0,1,1,1,0,0,1,1,E01005434,21-03-2018,1,5,2,1,21,5,3,0,0,1,0,-1,9,1
47730,73.88920382,18.58015989,6,3,2,1,2,20:00,104,E08000004,3,6104,6,30,7,4,6,0,0,0,4,2,2,0,0,1,2,E01005382,21-03-2018,1,6,2,1,15,3,3,0,0,2,0,-1,9,1
47731,73.80019213,18.5381428,6,3,2,1,3,11:45,104,E08000004,3,663,6,30,3,4,6,0,0,0,1,1,1,0,0,1,2,E01005400,22-03-2018,2,2,1,1,38,7,3,0,0,0,0,-1,90,1
47732,73.91070724,18.6095132,6,3,2,1,4,11:00,104,E08000004,3,671,3,30,9,4,6,0,0,0,1,1,1,0,0,1,1,E01005402,23-03-2018,2,3,2,1,41,7,3,0,0,2,0,-1,90,1
47733,73.74617284,18.52606171,6,3,2,5,4,15:30,104,E08000004,4,6477,2,30,3,4,6,0,0,0,1,1,1,0,0,1,2,E01005433,23-03-2018,2,4,2,2,21,5,3,0,0,2,0,-1,90,1
47734,73.90019366,18.55325293,6,3,1,1,3,22:50,104,E08000004,3,670,6,30,3,4,6,0,0,0,4,1,1,0,0,2,2,E01005412,29-03-2018,1,1,1,1,58,9,3,0,0,0,0,-1,8,1
47735,73.76801332,18.64023459,6,3,1,1,1,02:00,104,E08000004,6,0,2,30,3,4,6,0,0,0,4,1,1,0,0,1,2,E01005433,06-03-2018,1,1,1,1,40,7,3,0,0,0,0,-1,90,1
47736,73.9015104,18.50603111,6,3,1,1,4,18:00,104,E08000004,3,62,3,30,7,2,6,0,0,5,1,1,1,0,0,1,2,E01005353,23-03-2018,1,2,2,1,35,6,3,0,0,1,0,-1,90,1
47737,73.88978935,18.53549642,6,2,2,2,6,15:45,104,E08000004,3,663,6,30,3,4,4,6197,0,0,1,1,1,0,0,1,2,E01005441,25-03-2018,1,1,3,2,38,7,2,5,3,0,0,-1,0,1
47738,73.89446838,18.49486561,6,3,2,2,6,13:45,104,E08000004,3,670,6,30,6,4,6,0,0,0,1,1,2,0,0,2,2,E01005407,25-03-2018,1,1,3,2,35,6,3,5,3,0,0,-1,0,1
47739,73.8368108,18.62711857,6,3,1,1,6,02:50,104,E08000004,6,0,6,30,0,-1,-1,0,0,0,4,1,2,0,0,1,1,E01005330,25-03-2018,1,1,2,2,60,9,3,0,0,0,4,-1,11,1
47740,73.83241539,18.62231604,6,3,2,2,1,01:00,104,E08000004,3,62,3,30,0,-1,-1,0,0,0,4,1,2,0,0,1,2,E01005459,27-03-2018,1,1,1,1,39,7,3,0,0,0,0,-1,9,1
47741,73.83380423,18.52872241,6,3,2,1,7,07:00,104,E08000004,3,62,6,30,6,2,5,0,0,5,1,1,1,0,0,1,1,E01005371,19-03-2018,1,2,2,2,2,1,3,0,0,2,0,-1,9,1
47742,73.75167129,18.54840385,6,3,2,1,2,19:30,104,E08000004,4,6194,3,30,3,4,6,0,0,0,4,1,1,0,0,1,1,E01005445,21-03-2018,1,1,3,2,14,3,2,5,1,0,0,-1,0,1
47743,73.75231569,18.62673274,6,3,2,1,2,18:20,104,E08000004,6,0,6,30,3,4,6,0,0,0,1,1,1,0,0,1,2,E01005401,28-03-2018,2,1,1,1,53,8,3,0,0,0,0,-1,9,1
47744,73.91324999,18.61534326,6,3,2,2,2,15:50,104,E08000004,3,663,6,30,3,4,6,0,0,0,1,1,1,0,0,1,1,E01005441,07-03-2018,1,1,1,1,24,5,2,0,0,0,0,-1,9,1