Accident_Index,longitude,latitude,Police_Force,Accident_Severity,Number_of_Vehicles,Number_of_Casualties,Day_of_Week,Time,Local_Authority_(District),Local_Authority_(Highway),1st_Road_Class,1st_Road_Number,Road_Type,Speed_limit,Junction_Detail,Junction_Control,2nd_Road_Class,2nd_Road_Number,Pedestrian_Crossing-Human_Control,Pedestrian_Crossing-Physical_Facilities,Light_Conditions,Weather_Conditions,Road_Surface_Conditions,Special_Conditions_at_Site,Carriageway_Hazards,Urban_or_Rural_Area,Did_Police_Officer_Attend_Scene_of_Accident,LSOA_of_Accident_Location,Date,Vehicle_Reference,Casualty_Reference,Casualty_Class,Sex_of_Casualty,Age_of_Casualty,Age_Band_of_Casualty,Casualty_Severity,Pedestrian_Location,Pedestrian_Movement,Car_Passenger,Bus_or_Coach_Passenger,Pedestrian_Road_Maintenance_Worker,Casualty_Type,Casualty_Home_Area_Type
48224,73.8509874,18.58681916,6,3,2,1,7,13:05,100,E08000001,3,666,3,50,5,4,4,6536,0,0,1,1,1,0,0,2,1,E01004812,29-01-2018,2,2,1,2,49,8,3,0,0,0,0,-1,9,1
48225,73.89929838,18.57752351,6,2,1,2,7,20:50,101,E08000002,1,60,3,70,0,-1,-1,0,0,0,4,1,1,0,0,1,1,E01005034,29-01-2018,2,3,2,1,46,8,3,0,0,1,0,-1,9,1
48226,73.82745734,18.63748202,6,3,2,1,7,16:32,104,E08000004,2,627,3,70,0,-1,3,627,0,0,1,1,1,0,0,2,1,E01005339,29-01-2018,1,1,2,1,16,4,3,0,0,1,0,-1,9,-1
48227,73.87511249,18.5235397,6,3,3,1,2,09:00,107,E08000006,1,60,9,70,0,-1,-1,0,0,0,1,1,1,0,0,2,2,E01005726,24-01-2018,1,1,3,1,5,1,3,5,4,0,0,-1,0,1
48228,73.96171567,18.51569682,6,3,3,2,2,07:55,101,E08000002,1,60,3,70,0,-1,-1,0,0,0,1,2,2,0,0,2,1,E01005035,31-01-2018,1,1,1,2,22,5,3,0,0,0,0,-1,9,1
48229,73.89112855,18.49654057,6,3,2,1,2,07:23,107,E08000006,1,62,3,70,0,-1,-1,0,0,0,1,2,2,4,0,2,1,E01005732,31-01-2018,2,2,1,1,55,8,3,0,0,0,0,-1,9,3
48230,73.79640298,18.57785383,6,3,3,1,2,06:50,106,E08000005,1,62,3,70,0,-1,-1,0,0,0,1,1,2,0,0,2,1,E01005560,31-01-2018,2,3,2,2,50,8,3,0,0,1,0,-1,9,3
48231,73.81257705,18.52896242,6,3,4,3,2,09:43,114,E08000010,1,6,3,70,0,-1,-1,0,0,0,1,5,2,0,0,2,1,E01006264,31-01-2018,2,4,2,1,16,4,3,0,0,2,0,-1,9,3
48232,73.83542308,18.60661373,6,1,9,3,3,06:26,107,E08000006,1,62,3,70,0,-1,-1,0,0,0,4,1,2,0,2,2,1,E01005732,01-02-2018,1,1,1,2,50,8,3,0,0,0,0,-1,9,1
48233,73.80225988,18.62494962,6,3,2,2,2,10:30,110,E08000008,1,60,1,30,1,2,3,57,0,0,1,1,2,0,0,2,1,E01005985,31-01-2018,1,1,1,1,26,6,3,0,0,0,0,-1,9,1
48234,73.77338665,18.61373295,6,2,2,4,1,22:06,107,E08000006,1,62,3,70,0,-1,-1,0,0,0,6,1,2,4,0,2,1,E01005643,30-01-2018,1,1,1,2,28,6,3,0,0,0,0,-1,9,1
48235,73.90555731,18.50229798,6,3,2,1,3,09:53,102,E08000003,1,56,3,70,0,-1,-1,0,0,0,1,1,2,0,0,1,1,E01005295,01-02-2018,1,1,3,1,50,8,2,6,6,0,0,-1,0,1
48236,73.86536997,18.59749291,6,3,2,1,3,08:04,109,E08000007,1,60,3,70,0,-1,-1,0,0,0,1,1,2,0,0,1,1,E01005918,01-02-2018,1,2,3,1,29,6,2,6,9,0,0,-1,0,1
48237,73.83595096,18.51655255,6,3,3,1,2,12:00,106,E08000005,1,62,3,70,0,-1,-1,0,0,0,1,1,2,0,0,2,1,E01005521,31-01-2018,1,3,3,1,19,4,3,6,9,0,0,-1,0,1
48238,73.75798251,18.51852721,6,3,2,1,2,07:11,106,E08000005,1,62,3,70,0,-1,-1,0,0,0,4,1,2,0,0,2,1,E01005562,31-01-2018,1,4,1,2,47,8,3,0,0,0,0,-1,9,1
48239,73.79986925,18.49050656,6,2,1,1,4,00:50,109,E08000007,1,60,3,70,5,4,3,34,0,0,4,1,1,0,0,1,1,E01005769,02-02-2018,1,1,2,1,23,5,3,0,0,2,0,-1,8,-1
48240,73.9486874,18.53676238,6,3,2,1,5,10:00,109,E08000007,1,60,3,70,0,-1,-1,0,0,0,1,1,1,0,0,1,2,E01005856,27-01-2018,2,1,1,1,22,5,3,0,0,0,0,-1,9,1
48241,73.95725359,18.5193994,6,3,2,1,3,08:55,100,E08000001,1,61,3,70,0,-1,-1,0,0,0,1,2,2,0,0,2,2,E01004892,18-01-2018,1,1,1,2,28,6,3,0,0,0,0,-1,9,1
48242,73.87861073,18.54400517,6,2,1,1,5,18:15,100,E08000001,1,61,3,70,0,-1,-1,0,0,0,4,1,2,0,0,2,1,E01004775,03-02-2018,2,2,1,2,40,7,3,0,0,0,0,-1,9,1
48243,73.91090449,18.61373995,6,3,2,1,7,22:32,102,E08000003,1,56,3,70,0,-1,-1,0,0,0,4,1,1,0,0,1,1,E01005090,05-02-2018,2,1,1,2,19,4,3,0,0,0,0,-1,9,1
48244,73.9419685,18.56942771,6,3,1,1,7,23:09,100,E08000001,1,61,3,70,0,-1,-1,0,0,0,6,1,1,0,0,2,1,E01004780,05-02-2018,1,1,1,1,47,8,3,0,0,0,0,-1,9,1
48245,73.89084652,18.59818574,6,3,2,2,5,18:20,100,E08000001,1,61,3,70,0,-1,-1,0,0,0,6,1,1,0,0,2,1,E01004775,03-02-2018,1,1,1,1,42,7,3,0,0,0,0,-1,9,1
48246,73.76036419,18.6355841,6,3,4,2,2,17:25,100,E08000001,1,61,3,70,9,4,1,61,0,0,6,1,1,0,0,2,1,E01004891,07-02-2018,2,2,1,1,34,6,3,0,0,0,0,-1,9,-1
48247,73.9599306,18.6010323,6,3,2,1,2,12:45,101,E08000002,1,60,1,70,1,4,1,60,0,0,1,1,1,0,0,2,1,E01004945,07-02-2018,2,3,2,2,30,6,3,0,0,1,0,-1,9,-1
48248,73.80844175,18.53364864,6,3,2,2,2,04:50,102,E08000003,1,56,1,70,1,4,6,0,0,0,4,1,1,0,0,2,2,E01005316,24-01-2018,1,1,1,2,20,4,3,0,0,0,0,-1,9,1
48249,73.75660079,18.51817249,6,2,3,5,1,15:25,106,E08000005,1,62,3,70,0,-1,-1,0,0,0,1,1,1,0,0,2,1,E01005468,06-02-2018,2,1,1,1,48,8,3,0,0,0,0,-1,9,1
48250,73.76601989,18.63830553,6,3,1,1,2,03:18,110,E08000008,1,67,3,70,0,-1,-1,0,0,0,1,1,2,0,0,1,1,E01005992,07-02-2018,2,2,2,2,46,8,3,0,0,1,0,-1,9,1
48251,73.82837851,18.52782419,6,3,2,1,2,10:40,110,E08000008,1,60,3,70,0,-1,-1,0,0,0,1,1,1,0,1,1,1,E01005951,07-02-2018,1,1,3,2,52,8,3,5,3,0,0,-1,0,1
48252,73.81996077,18.6004527,6,2,3,3,4,19:10,114,E08000010,1,6,3,70,0,-1,-1,0,0,0,1,2,2,4,0,2,1,E01006314,09-02-2018,1,1,1,2,56,9,3,0,0,0,0,-1,9,1
48253,73.8676316,18.52570957,6,3,4,1,4,17:00,109,E08000007,1,60,3,70,0,-1,-1,0,0,0,4,2,2,0,0,1,1,E01005768,09-02-2018,1,1,1,2,53,8,3,0,0,0,0,-1,9,1
48254,73.76009497,18.58151486,6,3,3,2,5,18:51,110,E08000008,1,67,3,70,0,-1,-1,0,0,0,4,1,1,0,0,1,1,E01005992,10-02-2018,2,2,1,2,33,6,3,0,0,0,0,-1,9,1
48255,73.912229,18.6097578,6,3,5,1,5,17:50,107,E08000006,1,62,3,70,0,-1,-1,0,0,0,4,1,1,0,0,2,1,E01005738,10-02-2018,1,1,1,1,47,8,3,0,0,0,0,-1,9,1
48256,73.76741525,18.56492539,6,3,2,1,7,12:02,112,E08000009,1,60,3,70,0,-1,-1,0,0,0,1,2,2,0,0,1,1,E01006121,12-02-2018,1,2,2,2,48,8,3,0,0,1,0,-1,9,1
48257,73.78744505,18.48860368,6,1,1,1,7,16:08,102,E08000003,1,56,3,70,5,4,1,56,0,0,1,5,2,0,0,2,1,E01005316,12-02-2018,1,1,1,2,20,4,3,0,0,0,0,-1,9,1
48258,73.84026108,18.57686006,6,3,2,2,7,15:05,106,E08000005,1,62,3,70,0,-1,-1,0,0,0,1,4,2,0,7,2,1,E01005526,12-02-2018,1,1,2,2,54,8,3,0,0,1,0,-1,9,1
48259,73.79040076,18.50168368,6,3,2,1,7,00:27,101,E08000002,1,66,3,70,0,-1,-1,0,0,0,4,2,5,0,0,1,2,E01004957,12-02-2018,2,2,2,1,26,6,3,0,0,0,3,-1,11,-1
48260,73.85782746,18.53372297,6,3,4,1,7,09:45,100,E08000001,1,61,3,70,0,-1,-1,0,0,0,4,4,2,0,2,2,1,E01004781,12-02-2018,1,1,1,1,18,4,3,0,0,0,0,-1,9,1
48261,73.91482327,18.49073414,6,3,2,1,7,04:30,109,E08000007,1,60,3,70,0,-1,-1,0,0,0,4,2,5,0,0,1,1,E01005917,12-02-2018,1,3,2,1,18,4,3,0,0,1,0,-1,9,1
48262,73.82988968,18.5990021,6,3,2,3,1,13:35,101,E08000002,1,60,9,70,0,-1,-1,0,0,7,1,1,2,0,0,1,1,E01005034,13-02-2018,2,2,1,1,41,7,3,0,0,0,0,-1,9,1
48263,73.92989308,18.54558532,6,3,6,1,1,11:50,106,E08000005,1,62,3,70,0,-1,-1,0,0,0,1,4,2,0,0,2,1,E01005508,13-02-2018,1,1,2,1,18,4,3,0,0,1,0,-1,9,1
48264,73.87214839,18.49403358,6,3,3,3,2,17:09,109,E08000007,1,60,3,70,0,-1,-1,0,0,0,1,1,1,0,0,1,2,E01005917,14-02-2018,2,2,1,2,47,8,3,0,0,0,0,-1,9,1
48265,73.94495766,18.54266954,6,3,2,1,6,16:25,112,E08000009,1,60,3,70,0,-1,-1,0,0,0,1,1,1,0,0,2,1,E01006184,04-02-2018,2,1,1,1,20,4,3,0,0,0,0,-1,9,1
48266,73.73376279,18.58110336,6,3,2,1,3,15:15,101,E08000002,1,60,3,70,0,-1,-1,0,0,0,1,1,1,0,0,2,2,E01004969,15-02-2018,1,1,1,1,47,8,3,0,0,0,0,-1,8,1
48267,73.88880664,18.55858294,6,3,2,2,5,07:44,110,E08000008,1,67,3,70,0,-1,-1,0,0,0,4,2,2,0,0,1,1,E01005974,17-02-2018,1,1,3,1,17,4,2,4,1,0,0,-1,0,1
48268,73.92527437,18.51424956,6,3,2,2,4,21:00,101,E08000002,1,60,3,70,0,-1,-1,0,0,0,4,1,1,0,0,2,1,E01004985,16-02-2018,2,1,1,1,48,8,3,0,0,0,0,-1,5,1
48269,73.96026908,18.53968506,6,3,3,1,6,14:00,101,E08000002,1,62,3,70,0,-1,-1,0,0,0,1,1,1,0,0,2,1,E01004945,18-02-2018,2,1,1,2,44,7,3,0,0,0,0,-1,9,1
48270,73.93799319,18.6083006,6,3,3,1,5,20:13,100,E08000001,3,666,3,70,0,-1,-1,0,0,0,4,1,2,0,0,2,1,E01004908,17-02-2018,2,1,1,1,21,5,3,0,0,0,0,-1,9,1
48271,73.82994694,18.52372656,6,3,2,2,5,08:45,114,E08000010,1,6,1,70,1,4,1,58,0,0,1,1,1,0,0,2,2,E01006364,10-02-2018,1,1,2,2,24,5,3,0,0,1,0,-1,9,1
48272,73.80356902,18.61367926,6,3,2,1,5,07:08,107,E08000006,1,60,3,70,0,-1,-1,0,0,0,1,1,2,0,0,2,1,E01005740,17-02-2018,1,2,2,2,24,5,3,0,0,2,0,-1,9,-1
48273,73.78866619,18.52734002,6,3,2,1,7,05:50,106,E08000005,1,62,3,70,0,-1,-1,0,0,0,4,1,2,0,0,2,1,E01005478,19-02-2018,1,3,1,2,80,11,3,0,0,0,0,-1,9,1
48274,73.76496121,18.55111762,6,2,2,1,7,16:05,102,E08000003,3,538,6,50,3,4,6,0,0,0,1,4,2,0,0,2,1,E01005316,12-02-2018,2,1,1,2,41,7,3,0,0,0,0,-1,9,1
48275,73.86501222,18.49105605,6,3,2,1,2,19:08,101,E08000002,1,60,3,70,0,-1,-1,0,0,0,4,1,1,4,0,2,1,E01004970,21-02-2018,2,2,2,1,38,7,3,0,0,1,0,-1,9,1
48276,73.95672555,18.63116389,6,3,3,1,4,18:15,107,E08000006,1,61,9,70,0,-1,-1,0,0,0,4,1,1,0,0,2,2,E01005691,09-02-2018,1,1,3,2,15,3,2,5,2,0,0,-1,0,1
48277,73.85277985,18.5811759,6,3,3,1,7,12:30,106,E08000005,1,62,3,70,0,-1,-1,0,0,0,1,1,1,0,0,2,2,E01005468,12-02-2018,1,1,3,1,67,10,3,5,2,0,0,-1,0,1
48278,73.94193292,18.59029536,6,2,2,1,6,17:30,114,E08000010,1,6,3,70,0,-1,-1,0,0,0,1,1,1,0,0,2,2,E01006225,18-02-2018,2,1,1,1,40,7,3,0,0,0,0,-1,9,-1
48279,73.91284823,18.54906577,6,2,3,3,3,13:15,107,E08000006,1,60,3,70,0,-1,-1,0,0,0,1,1,1,0,0,2,2,E01005733,08-02-2018,1,1,1,1,17,4,3,0,0,0,0,-1,4,-1
48280,73.78191297,18.64258247,6,3,2,3,5,01:38,107,E08000006,1,60,3,70,0,-1,-1,0,0,0,4,3,2,0,0,2,1,E01005738,24-02-2018,2,1,1,1,58,9,3,0,0,0,0,-1,1,-1
48281,73.90995101,18.56566228,6,3,1,1,5,01:10,104,E08000004,2,627,3,70,0,-1,-1,0,0,0,4,6,3,0,0,2,1,E01005339,24-02-2018,2,1,1,1,33,6,3,0,0,0,0,-1,9,1
48282,73.88951971,18.51662645,6,3,2,2,6,13:10,101,E08000002,1,66,3,70,0,-1,-1,0,0,0,1,1,2,0,0,2,2,E01005015,18-02-2018,2,2,2,1,70,10,3,0,0,1,0,-1,9,-1
48283,73.94784117,18.64520137,6,3,2,1,1,21:31,114,E08000010,1,60,3,70,0,-1,-1,0,0,0,4,1,1,4,0,2,1,E01006266,20-02-2018,1,1,3,1,52,8,3,9,8,0,0,-1,0,1
48284,73.85066282,18.52156129,6,3,2,1,5,06:15,110,E08000008,1,60,3,70,0,-1,-1,0,0,0,4,6,3,0,0,2,1,E01005956,24-02-2018,1,1,1,2,31,6,3,0,0,0,0,-1,9,1
48285,73.79965229,18.54480627,6,3,3,1,4,16:20,110,E08000008,1,67,9,70,3,2,3,627,0,0,1,3,2,0,0,1,1,E01006035,23-02-2018,1,1,3,2,14,3,2,6,9,0,0,-1,0,1
48286,73.82139334,18.51511252,6,3,2,1,7,12:48,107,E08000006,1,61,3,70,0,-1,-1,0,0,7,1,1,1,0,0,2,1,E01005705,19-02-2018,1,1,1,1,19,4,2,0,0,0,0,-1,9,1
48287,73.88151191,18.62970651,6,3,2,3,1,18:30,102,E08000003,6,0,3,30,7,2,5,0,0,5,4,1,1,1,0,1,1,E01005316,13-02-2018,2,1,1,1,16,4,3,0,0,0,0,-1,1,1
48288,73.95755953,18.58566017,6,3,2,1,2,16:17,107,E08000006,1,62,3,70,0,-1,-1,0,0,0,1,2,2,4,0,2,1,E01005732,28-02-2018,1,1,3,1,9,2,3,5,3,0,0,-1,0,-1
48289,73.88928419,18.60534714,6,3,5,1,3,07:45,101,E08000002,1,60,3,70,0,-1,-1,0,0,0,1,1,2,0,0,2,1,E01004969,01-03-2018,1,1,1,1,32,6,3,0,0,0,0,-1,2,1
48290,73.95890971,18.5108265,6,3,2,2,6,07:45,101,E08000002,1,60,3,70,0,-1,-1,0,0,0,4,9,1,0,0,2,2,E01004983,11-02-2018,1,1,3,2,12,3,2,5,3,0,0,-1,0,1
48291,73.95331259,18.5056764,6,3,2,3,5,08:26,106,E08000005,1,62,3,70,0,-1,-1,0,0,0,1,1,2,0,0,2,1,E01005479,03-03-2018,1,2,3,2,12,3,3,5,3,0,0,-1,0,1
48292,73.9318732,18.54322421,6,3,2,1,4,07:16,107,E08000006,1,60,3,70,0,-1,-1,0,0,0,1,1,2,0,0,2,1,E01005711,02-03-2018,1,1,1,1,39,7,2,0,0,0,0,-1,9,-1
48293,73.8416643,18.59028539,6,3,4,1,1,18:45,114,E08000010,1,6,3,70,0,-1,-1,0,0,0,4,1,1,4,0,2,1,E01006401,27-02-2018,2,2,1,1,47,8,3,0,0,0,0,-1,8,1
48294,73.73824666,18.49406346,6,3,2,1,3,07:40,107,E08000006,1,60,3,70,0,-1,-1,0,0,0,1,1,1,0,0,2,2,E01005711,01-03-2018,2,3,2,1,74,10,3,0,0,2,0,-1,8,1
48295,73.7882209,18.54114236,6,3,2,1,7,13:30,106,E08000005,3,627,1,70,1,2,1,62,0,0,1,1,1,0,0,2,2,E01005478,26-02-2018,1,1,3,1,56,9,2,6,9,0,0,-1,0,-1
48296,73.73370256,18.63514086,6,3,2,2,3,16:30,102,E08000003,1,60,3,70,0,-1,-1,0,0,0,1,1,1,0,0,2,2,E01005099,01-03-2018,1,1,1,2,34,6,3,0,0,0,0,-1,9,1
48297,73.8555005,18.59691118,6,3,1,1,6,13:45,101,E08000002,1,62,3,70,0,-1,-1,0,0,0,1,2,2,0,0,2,1,E01004945,11-03-2018,2,1,1,2,60,9,3,0,0,0,0,-1,9,-1
48298,73.9295254,18.56727134,6,3,2,2,2,12:30,107,E08000006,1,60,3,70,0,-1,-1,0,0,0,1,1,1,0,0,2,2,E01005705,07-03-2018,1,1,1,1,38,7,3,0,0,0,0,-1,9,1
48299,73.81476558,18.54744054,6,3,2,1,7,13:42,107,E08000006,1,61,3,70,0,-1,-1,0,0,0,1,1,1,0,0,2,1,E01005705,12-03-2018,2,2,2,2,37,7,3,0,0,1,0,-1,9,1
48300,73.87695579,18.57587963,6,3,2,2,3,19:30,101,E08000002,1,60,3,70,0,-1,-1,0,0,0,4,1,1,0,0,2,1,E01005035,08-03-2018,1,1,1,1,38,7,3,0,0,0,0,-1,9,1
48301,73.84704314,18.51941906,6,3,2,1,2,08:10,102,E08000003,1,56,3,70,0,-1,-1,0,0,0,1,1,1,0,0,1,1,E01005074,14-03-2018,2,1,1,1,20,4,3,0,0,0,0,-1,3,-1
48302,73.75028716,18.56222481,6,3,2,1,3,14:05,106,E08000005,3,627,3,70,0,-1,-1,0,0,0,1,1,1,0,0,2,2,E01005478,15-02-2018,1,1,1,1,54,8,3,0,0,0,0,-1,9,1
48303,73.89075873,18.5476139,6,3,2,1,3,13:15,112,E08000009,1,60,3,40,0,-1,-1,0,0,0,1,1,1,4,0,2,2,E01006176,08-03-2018,1,2,2,1,22,5,3,0,0,1,0,-1,9,1
48304,73.86681226,18.57976427,6,3,3,1,4,13:30,114,E08000010,1,6,3,70,0,-1,-1,0,0,0,1,1,1,0,0,2,1,E01006395,09-02-2018,1,1,1,1,39,7,3,0,0,0,0,-1,9,1
48305,73.80615645,18.57500421,6,3,3,1,3,13:25,107,E08000006,1,60,3,70,0,-1,-1,0,0,0,1,1,1,0,0,2,1,E01005677,15-03-2018,2,2,1,2,61,9,3,0,0,0,0,-1,9,1
48306,73.77918584,18.5520473,6,3,2,1,3,14:20,107,E08000006,1,60,3,70,0,-1,-1,0,0,0,1,1,1,0,0,2,2,E01005705,08-03-2018,1,1,1,1,42,7,3,0,0,0,0,-1,9,1
48307,73.84788189,18.49849857,6,3,2,1,2,13:01,109,E08000007,1,60,3,70,0,-1,-1,0,0,0,1,1,1,0,0,1,1,E01005769,14-03-2018,2,2,2,2,34,6,3,0,0,1,0,-1,9,1
48308,73.80472306,18.50291691,6,3,3,2,3,18:40,107,E08000006,1,62,3,70,0,-1,-1,0,0,0,4,4,1,0,0,2,2,E01005738,15-02-2018,1,2,1,2,41,7,3,0,0,0,0,-1,9,1
48309,73.95735156,18.58448619,6,3,2,1,6,15:00,107,E08000006,1,60,9,70,0,-1,-1,0,0,0,1,9,1,0,0,2,2,E01005726,25-02-2018,2,1,1,1,39,7,3,0,0,0,0,-1,9,1
48310,73.81400259,18.52755058,6,3,2,1,6,15:30,100,E08000001,1,61,3,70,0,-1,-1,0,0,0,1,1,1,0,0,1,1,E01004902,18-03-2018,1,1,1,1,38,7,3,0,0,0,0,-1,9,-1
48311,73.83906329,18.50237352,6,3,3,2,5,08:45,101,E08000002,1,66,3,70,0,-1,-1,0,0,0,1,2,2,0,0,2,1,E01004945,17-03-2018,2,1,3,1,55,8,3,6,5,0,0,-1,0,2
48312,73.85209016,18.52551739,6,3,3,1,5,17:46,107,E08000006,1,602,3,70,0,-1,-1,0,0,0,1,1,1,0,0,1,2,E01005637,17-03-2018,1,1,1,2,49,8,3,0,0,0,0,-1,9,1
48313,73.80044463,18.6060573,6,3,2,3,7,15:30,106,E08000005,1,60,3,70,0,-1,-1,0,0,0,1,1,1,0,0,2,1,E01005544,19-03-2018,2,1,1,2,19,4,3,0,0,0,0,-1,9,1
48314,73.81913405,18.54731968,6,3,2,1,3,08:00,106,E08000005,1,62,3,70,0,-1,-1,0,0,0,1,1,2,0,0,2,1,E01005544,15-03-2018,1,1,1,1,42,7,3,0,0,0,0,-1,9,1
48315,73.95320972,18.50849815,6,2,1,1,7,14:00,100,E08000001,3,666,3,50,5,4,3,579,0,0,1,1,1,0,0,1,1,E01004817,19-03-2018,1,2,2,1,40,7,3,0,0,1,0,-1,9,1
48316,73.86688106,18.64292437,6,3,2,3,7,12:20,106,E08000005,1,62,1,70,1,4,2,627,0,0,1,1,1,0,0,2,1,E01005478,19-03-2018,1,3,2,1,11,3,3,0,0,2,0,-1,9,1
48317,73.81288552,18.5777049,6,3,1,1,4,08:50,107,E08000006,1,602,9,70,0,-1,-1,0,0,0,1,1,1,0,0,2,1,E01005726,23-03-2018,1,1,1,2,45,7,3,0,0,0,0,-1,9,1
48318,73.87078052,18.59736786,6,3,2,1,4,17:00,102,E08000003,1,56,3,70,0,-1,-1,0,0,0,1,1,1,0,0,2,1,E01005316,23-03-2018,1,1,1,2,48,8,2,0,0,0,0,-1,9,1
48319,73.92152735,18.60996823,6,3,1,4,1,07:43,102,E08000003,1,56,3,70,0,-1,-1,0,0,0,1,1,2,0,0,1,1,E01005319,27-03-2018,2,1,1,2,23,5,3,0,0,0,0,-1,9,1
48320,73.76310646,18.56939005,6,3,1,2,5,20:55,104,E08000004,1,60,9,70,0,-1,-1,0,0,0,4,1,1,0,0,2,2,E01005378,24-03-2018,2,2,2,2,19,4,3,0,0,1,0,-1,9,1
48321,73.89577539,18.60993798,6,3,2,1,4,05:37,107,E08000006,1,60,3,70,0,-1,-1,0,-1,0,4,2,2,0,0,2,1,E01005604,30-03-2018,3,3,1,2,25,5,3,0,0,0,0,-1,9,1
48322,73.76931065,18.52070892,6,3,5,4,5,23:02,107,E08000006,1,62,3,70,0,-1,-1,0,0,0,6,1,2,4,0,2,1,E01005643,31-03-2018,1,1,1,1,52,8,3,0,0,0,0,-1,19,1
48323,73.77704592,18.50222131,6,3,2,3,7,14:00,107,E08000006,1,60,3,70,0,-1,-1,0,0,0,1,1,1,0,0,2,2,E01005687,26-03-2018,1,1,3,1,6,2,3,5,4,0,0,-1,0,1
48324,73.81686142,18.59451758,6,3,1,1,2,13:40,102,E08000003,6,0,3,30,3,4,6,0,0,0,1,1,1,0,0,1,1,E01005317,28-03-2018,3,1,1,1,39,7,3,0,0,0,0,-1,9,1
48325,73.7948209,18.4954419,7,3,1,1,7,10:45,120,E06000050,5,801,6,60,3,4,6,0,0,0,1,1,2,0,0,2,1,E01018385,01-01-2018,2,1,1,2,28,6,3,0,0,0,0,-1,9,1
48326,73.75189832,18.58046313,7,3,1,1,1,06:40,128,E06000007,3,579,6,60,0,-1,-1,0,0,0,6,5,2,0,0,2,1,E01012472,02-01-2018,2,1,1,1,22,5,3,0,0,0,0,-1,9,1
48327,73.92061936,18.61081038,7,3,3,2,2,06:03,128,E06000007,6,0,6,30,3,4,6,0,0,0,4,1,1,0,0,1,1,E01012555,03-01-2018,2,2,2,2,26,6,3,0,0,1,0,-1,9,1
48328,73.85166242,18.61931276,7,3,1,1,1,14:01,124,E06000006,5,2014,6,30,3,4,6,0,0,0,1,1,1,0,0,1,1,E01012370,02-01-2018,1,1,2,1,21,5,3,0,0,0,2,-1,11,-1
48329,73.92372495,18.55414208,7,3,2,1,2,20:04,128,E06000007,3,574,6,30,0,-1,-1,0,0,0,4,1,1,0,0,1,1,E01012547,03-01-2018,2,1,1,2,21,5,3,0,0,0,0,-1,9,1
48330,73.73736257,18.5398768,7,1,1,1,7,04:50,126,E06000049,4,5085,6,60,0,-1,-1,0,0,0,6,1,1,0,0,2,1,E01018650,01-01-2018,2,1,1,1,53,8,3,0,0,0,0,-1,5,1
48331,73.95057095,18.64292922,7,2,2,2,3,13:00,128,E06000007,6,0,6,30,3,4,6,0,0,0,1,1,1,0,0,1,1,E01012561,04-01-2018,1,1,1,1,59,9,3,0,0,0,0,-1,8,1
48332,73.78823838,18.64389274,7,3,2,1,3,13:19,124,E06000006,6,0,6,30,3,4,6,0,0,0,1,1,1,0,0,1,1,E01012441,04-01-2018,2,1,1,2,24,5,3,0,0,0,0,-1,9,-1
48333,73.89438594,18.63456927,7,3,3,1,4,09:00,128,E06000007,3,49,6,30,0,-1,-1,0,0,0,1,1,1,0,0,1,1,E01012454,05-01-2018,1,1,1,1,50,8,3,0,0,0,0,-1,9,1
48334,73.86975995,18.54552894,7,3,2,1,3,19:30,128,E06000007,3,574,6,60,0,-1,-1,0,0,0,4,1,1,0,0,1,1,E01012460,04-01-2018,1,2,2,2,48,8,3,0,0,1,0,-1,9,1
48335,73.74536583,18.49068705,7,3,1,1,3,20:30,128,E06000007,6,0,6,60,0,-1,-1,0,0,0,6,1,1,0,0,2,1,E01012469,04-01-2018,5,1,1,1,42,7,3,0,0,0,0,-1,9,1
48336,73.8716212,18.57690734,7,2,2,1,7,19:55,122,E06000049,3,534,6,60,3,4,5,609,0,0,6,2,2,0,0,2,1,E01018469,01-01-2018,1,1,2,1,18,4,2,0,0,2,0,-1,8,-1
48337,73.84621231,18.62757602,7,3,4,1,3,16:56,128,E06000007,1,6,3,70,0,-1,-1,0,0,0,5,1,1,0,0,2,1,E01012544,04-01-2018,1,1,3,1,35,6,2,10,9,0,0,-1,0,1
48338,73.7412747,18.49538957,7,3,3,2,1,17:36,126,E06000049,1,6,3,70,0,-1,-1,0,0,0,6,1,2,0,0,2,1,E01018648,02-01-2018,1,1,3,1,14,3,3,6,9,0,0,-1,0,-1
48339,73.84664376,18.6115819,7,2,2,1,4,14:16,124,E06000006,5,2018,6,30,3,4,3,533,0,8,1,1,1,0,0,1,1,E01012431,05-01-2018,1,1,1,1,20,4,3,0,0,0,0,-1,9,1
48340,73.77447887,18.63708502,7,3,2,2,3,12:55,123,E06000050,6,0,6,30,3,4,6,0,0,0,1,9,1,0,0,1,1,E01018566,04-01-2018,1,1,2,2,50,8,3,0,0,0,3,-1,11,1
48341,73.86002705,18.62755924,7,2,2,2,4,20:12,124,E06000006,6,0,6,30,3,4,6,0,0,0,4,1,2,0,0,1,1,E01012427,05-01-2018,1,2,2,1,30,6,3,0,0,0,4,-1,11,-1
48342,73.74014761,18.53829236,7,3,3,2,4,08:45,127,E06000050,3,530,6,40,3,4,6,0,0,1,1,1,2,0,0,1,1,E01018718,05-01-2018,2,1,1,1,49,8,3,0,0,0,0,-1,8,1
48343,73.94424764,18.51425235,7,3,2,1,4,16:16,128,E06000007,3,57,3,40,0,-1,-1,0,0,0,4,2,2,0,0,1,1,E01012496,05-01-2018,2,1,1,2,36,7,3,0,0,0,0,-1,9,1