Accident_Index,longitude,latitude,Police_Force,Accident_Severity,Number_of_Vehicles,Number_of_Casualties,Day_of_Week,Time,Local_Authority_(District),Local_Authority_(Highway),1st_Road_Class,1st_Road_Number,Road_Type,Speed_limit,Junction_Detail,Junction_Control,2nd_Road_Class,2nd_Road_Number,Pedestrian_Crossing-Human_Control,Pedestrian_Crossing-Physical_Facilities,Light_Conditions,Weather_Conditions,Road_Surface_Conditions,Special_Conditions_at_Site,Carriageway_Hazards,Urban_or_Rural_Area,Did_Police_Officer_Attend_Scene_of_Accident,LSOA_of_Accident_Location,Date,Vehicle_Reference,Casualty_Reference,Casualty_Class,Sex_of_Casualty,Age_of_Casualty,Age_Band_of_Casualty,Casualty_Severity,Pedestrian_Location,Pedestrian_Movement,Car_Passenger,Bus_or_Coach_Passenger,Pedestrian_Road_Maintenance_Worker,Casualty_Type,Casualty_Home_Area_Type
48344,73.90369138,18.51126669,7,3,2,1,4,14:48,128,E06000007,3,562,3,50,6,4,5,1027,0,0,1,1,1,0,0,2,1,E01012530,05-01-2018,1,1,3,2,38,7,3,5,1,0,0,-1,0,1
48345,73.92310158,18.52418861,7,2,2,1,3,15:25,127,E06000050,4,5082,6,30,3,4,6,0,0,0,1,1,1,0,0,1,1,E01018715,04-01-2018,1,1,3,2,47,8,2,5,1,0,0,-1,0,1
48346,73.91523175,18.58616809,7,2,1,1,1,12:08,121,E06000049,3,34,6,60,0,-1,-1,0,0,0,1,1,1,0,0,2,1,E01018431,02-01-2018,1,1,2,2,75,10,3,0,0,0,4,-1,11,1
48347,73.90813753,18.59091765,7,2,2,1,5,14:15,124,E06000006,6,0,6,30,6,4,6,0,0,0,1,1,1,0,0,1,1,E01012430,06-01-2018,2,1,2,2,24,5,3,0,0,2,0,-1,9,1
48348,73.8314081,18.55785107,7,2,1,1,4,16:21,122,E06000049,3,534,6,30,0,-1,-1,0,0,0,1,2,2,0,0,1,1,E01018445,05-01-2018,2,1,1,2,42,7,3,0,0,0,0,-1,9,1
48349,73.89960517,18.52052799,7,3,2,2,5,13:07,128,E06000007,5,1049,6,30,3,4,6,0,0,0,1,1,2,0,0,1,1,E01012456,06-01-2018,1,1,1,1,37,7,3,0,0,0,0,-1,8,-1
48350,73.9465164,18.62538533,7,3,1,1,5,16:35,124,E06000006,6,0,6,30,0,-1,-1,0,0,0,4,1,1,5,0,1,1,E01012438,06-01-2018,1,1,1,1,51,8,3,0,0,0,0,-1,9,1
48351,73.89656505,18.5309246,7,3,2,2,3,11:00,120,E06000050,6,0,6,60,0,-1,-1,0,0,0,1,2,2,0,0,2,1,E01018707,04-01-2018,1,2,2,2,48,8,3,0,0,1,0,-1,9,1
48352,73.91982089,18.52801474,7,3,1,1,5,08:53,127,E06000050,5,613,6,60,0,-1,-1,0,0,0,1,1,4,0,0,2,1,E01018692,06-01-2018,3,1,2,1,24,5,3,0,0,1,0,-1,9,1
48353,73.90347711,18.57742235,7,3,3,1,3,08:23,124,E06000006,1,56,3,70,0,-1,-1,0,0,0,1,2,2,0,0,2,1,E01012385,04-01-2018,1,1,1,1,20,4,3,0,0,0,0,-1,9,1
48354,73.80516395,18.53283765,7,3,2,1,5,11:59,126,E06000049,6,0,6,40,6,2,6,0,0,5,1,1,2,0,0,1,1,E01018627,06-01-2018,1,1,2,2,47,8,3,0,0,1,0,-1,9,1
48355,73.83474869,18.5073803,7,2,1,2,5,00:11,121,E06000049,5,319,6,60,0,-1,-1,0,0,0,4,1,1,0,0,1,1,E01018407,06-01-2018,1,2,1,1,54,8,3,0,0,0,0,-1,9,1
48356,73.86463756,18.63480248,7,3,1,1,3,09:06,128,E06000007,1,6,3,70,0,-1,-1,0,0,0,1,5,2,0,0,2,1,E01012551,04-01-2018,1,1,3,1,36,7,3,5,1,0,0,-1,0,-1
48357,73.85437312,18.56747676,7,2,2,2,5,13:06,122,E06000049,3,49,6,60,0,-1,-1,0,0,0,1,1,1,0,0,3,1,,06-01-2018,1,2,3,2,41,7,3,5,1,0,0,-1,0,-1
48358,73.95074401,18.53513499,7,3,2,3,2,00:30,121,E06000049,3,534,6,60,0,-1,-1,0,0,0,6,1,1,0,0,1,1,E01018435,03-01-2018,1,1,1,1,19,4,2,0,0,0,0,-1,4,1
48359,73.96039245,18.49378522,7,3,1,1,7,16:00,124,E06000006,6,0,6,30,0,-1,-1,0,0,0,1,1,1,0,0,1,1,E01012440,08-01-2018,1,1,1,1,23,5,3,0,0,0,0,-1,9,-1
48360,73.86096774,18.61169329,7,3,1,1,6,12:06,128,E06000007,3,49,3,30,0,-1,-1,0,0,0,1,2,2,0,0,1,1,E01012512,07-01-2018,2,2,1,1,40,7,3,0,0,0,0,-1,9,1
48361,73.92903451,18.49739276,7,3,2,1,7,15:31,128,E06000007,3,56,6,30,6,2,3,49,0,0,1,1,1,0,0,1,1,E01012557,08-01-2018,1,1,3,1,75,10,3,1,2,0,0,-1,0,1
48362,73.84417022,18.59226521,7,3,2,2,6,13:20,128,E06000007,5,1009,6,30,0,-1,-1,0,0,0,1,5,2,0,0,2,1,E01012468,07-01-2018,2,1,2,2,27,6,3,0,0,1,0,-1,9,1
48363,73.94357647,18.63729362,7,3,2,2,6,10:46,120,E06000050,3,51,6,60,0,-1,-1,0,0,0,1,5,2,0,0,2,1,E01018369,07-01-2018,2,1,1,1,61,9,3,0,0,0,0,-1,9,1
48364,73.85851649,18.5947197,7,3,1,1,5,17:25,120,E06000050,5,836,6,60,0,-1,-1,0,0,0,6,1,1,0,0,2,1,E01018324,06-01-2018,2,2,2,2,72,10,3,0,0,1,0,-1,9,1
48365,73.93544772,18.58086186,7,3,1,1,5,21:25,120,E06000050,3,5117,3,70,1,4,3,540,0,0,4,1,1,0,0,2,1,E01018367,06-01-2018,1,1,1,1,47,8,3,0,0,0,0,-1,11,1
48366,73.77587384,18.52306608,7,2,2,1,5,17:50,127,E06000050,6,0,6,60,0,-1,-1,0,0,0,6,1,1,0,0,2,1,E01018735,06-01-2018,1,3,2,1,39,7,3,0,0,0,4,-1,11,1
48367,73.75704304,18.54677581,7,3,2,1,7,12:55,127,E06000050,6,0,6,30,3,4,6,0,0,0,1,4,1,0,0,1,1,E01018711,08-01-2018,1,4,2,2,36,7,3,0,0,0,4,-1,11,-1
48368,73.9371769,18.61664962,7,3,3,1,4,05:42,128,E06000007,1,6,3,70,0,-1,-1,0,0,0,4,1,1,0,0,2,1,E01012463,05-01-2018,1,5,2,1,26,6,3,0,0,0,4,-1,11,1
48369,73.82951875,18.51706475,7,3,1,1,6,16:30,120,E06000050,6,0,6,30,3,4,6,0,0,0,4,1,1,0,0,1,1,E01018365,07-01-2018,1,6,2,2,65,9,3,0,0,0,4,-1,11,1
48370,73.7956684,18.51198837,7,3,4,1,1,02:20,123,E06000050,6,0,6,30,1,4,6,0,0,0,4,4,1,0,0,1,1,E01018553,09-01-2018,2,2,1,1,30,6,3,0,0,0,0,-1,9,1
48371,73.83073165,18.51047134,7,3,3,4,7,11:52,122,E06000049,1,6,3,70,0,-1,-1,0,0,0,1,4,1,0,0,2,1,E01018465,08-01-2018,1,1,3,1,13,3,2,4,1,0,0,-1,0,1
48372,73.87214637,18.64364968,7,2,2,1,1,12:00,120,E06000050,3,41,6,50,3,4,6,0,0,-1,1,1,1,0,0,1,1,E01018358,09-01-2018,1,1,1,2,33,6,3,0,0,0,0,-1,9,1
48373,73.84771344,18.61071881,7,3,2,1,7,12:22,127,E06000050,6,0,1,30,1,4,3,54,0,0,1,4,1,0,0,1,1,E01018735,08-01-2018,2,2,1,1,34,6,3,0,0,0,0,-1,9,1
48374,73.83653621,18.55421822,7,3,2,1,1,19:00,128,E06000007,3,49,6,30,0,-1,-1,0,0,0,4,1,2,0,0,1,1,E01012510,09-01-2018,2,3,2,2,34,6,3,0,0,1,0,-1,9,1
48375,73.78777636,18.594321,7,3,2,1,6,17:30,128,E06000007,6,0,6,30,6,4,6,0,0,0,4,1,2,0,0,1,1,E01012456,07-01-2018,3,4,1,2,51,8,3,0,0,0,0,-1,9,1
48376,73.88676118,18.60130801,7,3,1,1,4,16:00,122,E06000049,6,0,6,30,0,-1,-1,0,0,0,1,2,2,0,0,1,1,E01018460,05-01-2018,3,5,2,1,57,9,3,0,0,1,0,-1,9,1
48377,73.74218018,18.57054715,7,2,2,1,2,12:15,128,E06000007,3,49,6,30,6,3,6,0,0,0,1,1,1,0,0,1,1,E01012557,10-01-2018,1,1,1,1,58,9,3,0,0,0,0,-1,9,-1
48378,73.86638333,18.54926282,7,3,1,1,1,17:55,124,E06000006,5,752,6,30,0,-1,-1,0,0,0,4,2,2,0,0,1,1,E01012417,09-01-2018,2,2,1,1,40,7,3,0,0,0,0,-1,8,1
48379,73.91065797,18.64293201,7,3,2,1,5,17:55,122,E06000049,6,0,6,30,3,4,6,0,0,0,4,1,2,0,0,1,1,E01018511,06-01-2018,1,1,1,2,39,7,3,0,0,0,0,-1,9,1
48380,73.91409923,18.55426904,7,3,1,1,6,18:05,122,E06000049,3,49,6,50,0,-1,-1,0,0,0,6,1,2,0,0,2,1,E01018481,07-01-2018,1,2,2,2,73,10,3,0,0,1,0,-1,9,1
48381,73.88950435,18.60116709,7,3,4,1,2,06:38,122,E06000049,1,6,3,70,0,-1,-1,0,0,0,6,1,2,0,0,2,1,E01018465,10-01-2018,1,1,3,2,3,1,3,10,9,0,0,-1,0,-1
48382,73.82363524,18.52873106,7,3,2,1,6,07:54,126,E06000049,3,50,6,60,3,4,5,717,0,0,4,1,2,0,0,2,1,E01018598,07-01-2018,2,1,1,1,47,8,3,0,0,0,0,-1,1,1
48383,73.74351361,18.51717783,7,3,1,2,6,21:35,122,E06000049,5,528,6,30,0,-1,-1,0,0,0,4,1,1,0,0,1,1,E01018478,07-01-2018,1,1,3,1,13,3,3,5,4,0,0,-1,0,1
48384,73.79488135,18.52508862,7,3,2,1,2,15:05,128,E06000007,3,57,1,30,1,2,3,57,0,5,1,1,1,0,0,2,1,E01012456,10-01-2018,1,1,3,1,9,2,3,5,2,0,0,-1,0,-1
48385,73.87521951,18.59074896,7,3,2,2,2,16:06,124,E06000006,6,0,6,30,6,4,6,0,0,0,1,1,1,0,0,1,1,E01012380,10-01-2018,2,1,1,2,24,5,3,0,0,0,0,-1,9,3
48386,73.91749626,18.51037646,7,3,2,1,3,14:15,127,E06000050,4,5082,6,30,3,4,4,5337,0,0,1,1,1,0,0,1,1,E01018714,04-01-2018,3,2,1,1,39,7,3,0,0,0,0,-1,9,1
48387,73.8390935,18.55590684,7,3,1,1,6,17:25,128,E06000007,1,56,2,70,5,4,1,56,0,0,4,4,1,0,0,2,1,E01012448,07-01-2018,1,1,1,1,11,3,3,0,0,0,0,-1,1,1
48388,73.91017718,18.58295568,7,3,2,1,2,14:39,122,E06000049,1,6,3,70,0,-1,-1,0,0,0,1,1,1,0,0,2,1,E01018465,10-01-2018,2,1,1,1,34,6,3,0,0,0,0,-1,9,1
48389,73.82141287,18.49184631,7,3,2,1,7,08:48,121,E06000049,3,534,6,30,6,4,3,533,0,5,1,4,2,0,0,1,1,E01018435,08-01-2018,2,2,2,1,36,7,3,0,0,1,0,-1,9,1
48390,73.79354169,18.53538502,7,2,1,1,7,10:30,126,E06000049,5,408,6,60,0,-1,-1,0,0,0,1,4,2,0,0,2,1,E01018591,08-01-2018,3,3,2,1,23,5,3,0,0,2,0,-1,9,1
48391,73.85134604,18.6378615,7,3,1,1,7,04:37,126,E06000049,6,0,6,60,0,-1,-1,0,0,0,6,4,2,0,0,2,1,E01018654,08-01-2018,3,4,2,2,26,6,3,0,0,2,0,-1,9,1
48392,73.83940081,18.49127392,7,3,1,2,7,21:31,121,E06000049,3,527,6,60,3,4,6,0,0,0,4,1,1,0,0,1,1,E01018404,08-01-2018,1,1,1,1,56,9,3,0,0,0,0,-1,9,1
48393,73.79428619,18.57104438,7,3,1,1,1,22:45,121,E06000049,5,609,6,60,0,-1,-1,0,0,0,6,2,2,0,0,2,1,E01018418,09-01-2018,1,2,2,2,55,8,3,0,0,1,0,-1,9,-1
48394,73.76852353,18.53784376,7,3,2,1,2,18:02,126,E06000049,3,5034,6,60,3,4,3,50,0,0,6,1,2,0,0,2,1,E01018648,10-01-2018,2,1,1,1,76,11,3,0,0,0,0,-1,9,1
48395,73.76797559,18.58253378,7,3,5,1,2,12:58,126,E06000049,3,556,3,50,0,-1,-1,0,0,0,1,1,2,0,0,2,1,E01018648,10-01-2018,1,1,1,2,43,7,3,0,0,0,0,-1,9,1
48396,73.90872638,18.51014264,7,3,1,1,3,15:46,128,E06000007,3,57,6,30,0,-1,-1,0,0,0,1,1,2,0,0,1,1,E01012456,11-01-2018,1,2,2,2,14,3,3,0,0,1,0,-1,9,1
48397,73.74212776,18.50539939,7,3,2,1,3,08:43,124,E06000006,3,533,3,60,5,4,6,0,0,0,1,1,1,0,0,2,1,E01012441,11-01-2018,1,1,3,1,24,5,3,5,3,0,0,-1,0,1
48398,73.80670706,18.56934573,7,3,2,2,2,17:15,127,E06000050,5,613,6,30,0,-1,-1,0,0,0,4,1,1,0,0,1,1,E01018746,10-01-2018,1,1,2,1,8,2,3,0,0,2,0,-1,9,1
48399,73.75052565,18.5720586,7,3,2,1,3,17:30,128,E06000007,3,57,6,60,0,-1,-1,0,0,0,4,5,2,0,0,2,1,E01012554,18-01-2018,1,1,1,1,33,6,3,0,0,0,0,-1,1,1
48400,73.90237381,18.55442152,7,2,2,3,3,13:38,128,E06000007,3,57,6,30,3,2,6,0,0,5,1,2,2,0,0,2,1,E01012494,11-01-2018,1,1,1,2,38,7,3,0,0,0,0,-1,9,1
48401,73.77935171,18.56687005,7,2,1,1,3,08:20,128,E06000007,5,1004,6,20,3,4,5,1007,0,0,1,1,1,0,0,2,1,E01012468,11-01-2018,1,1,3,2,34,6,2,1,1,0,0,-1,0,1
48402,73.7985666,18.5772485,7,3,2,2,3,16:34,120,E06000050,3,51,6,60,0,-1,-1,0,0,0,6,1,2,0,0,2,1,E01018372,11-01-2018,1,1,2,1,28,6,3,0,0,1,0,-1,19,1
48403,73.77822255,18.59267476,7,3,2,2,2,08:20,124,E06000006,5,2011,6,30,3,4,6,0,0,0,1,1,1,0,0,1,1,E01012426,10-01-2018,2,2,1,1,25,5,3,0,0,0,0,-1,8,1
48404,73.83334312,18.63409765,7,3,2,2,3,15:30,128,E06000007,3,49,3,30,0,-1,-1,0,0,0,1,2,2,0,0,1,1,E01012456,11-01-2018,2,3,2,2,27,6,3,0,0,1,0,-1,8,1
48405,73.79897935,18.6237862,7,2,3,1,2,19:55,126,E06000049,3,538,6,30,0,-1,-1,0,0,0,6,1,1,0,0,1,1,E01018666,10-01-2018,2,4,2,2,16,4,3,0,0,2,0,-1,8,1
48406,73.83011586,18.51126552,7,3,2,1,2,08:40,122,E06000049,3,532,6,30,3,3,6,0,0,0,1,1,2,0,0,1,1,E01018482,10-01-2018,1,1,1,1,57,9,3,0,0,0,0,-1,9,1
48407,73.88352824,18.59082647,7,3,2,1,4,09:34,127,E06000050,6,0,6,60,0,-1,-1,0,0,0,1,1,1,0,0,2,1,E01018692,12-01-2018,1,2,2,1,38,7,3,0,0,1,0,-1,9,-1
48408,73.90032078,18.51033799,7,3,2,1,4,18:40,128,E06000007,5,1021,6,30,0,-1,-1,0,0,0,4,2,2,0,0,1,1,E01012548,12-01-2018,1,3,2,2,38,7,3,0,0,2,0,-1,9,-1
48409,73.89218339,18.6297393,7,3,2,2,4,17:10,124,E06000006,3,557,3,60,0,-1,-1,0,0,0,4,4,1,0,0,1,1,E01012428,12-01-2018,1,1,2,2,2,1,3,0,0,0,4,-1,11,1
48410,73.78064196,18.62122997,7,3,2,1,5,12:30,120,E06000050,6,0,6,30,3,4,6,0,0,0,1,1,1,0,0,1,1,E01018375,06-01-2018,2,1,1,1,58,9,3,0,0,0,0,-1,9,1
48411,73.93465184,18.61040814,7,3,2,1,3,18:55,128,E06000007,3,574,6,60,1,4,6,0,0,0,5,4,1,0,0,1,1,E01012460,11-01-2018,1,1,1,1,24,5,3,0,0,0,0,-1,19,1
48412,73.91241593,18.574397,7,3,2,1,2,14:40,122,E06000049,3,500,1,60,1,4,1,6,0,0,6,1,1,0,0,2,1,E01018465,10-01-2018,1,2,2,1,25,5,3,0,0,1,0,-1,19,1
48413,73.84644593,18.58029824,7,2,1,2,4,20:09,128,E06000007,3,50,6,30,0,-1,-1,0,0,0,4,1,1,0,0,1,1,E01012521,12-01-2018,2,1,1,2,28,6,2,0,0,0,0,-1,9,1
48414,73.91405872,18.50322184,7,3,1,1,3,15:05,122,E06000049,3,500,3,60,0,-1,-1,0,0,0,1,4,2,0,0,2,1,E01018465,11-01-2018,1,1,1,1,23,5,3,0,0,0,0,-1,1,-1
48415,73.80282353,18.64113044,7,3,1,1,5,06:40,123,E06000050,3,41,6,40,3,2,3,550,0,0,4,1,4,0,0,2,1,E01018570,13-01-2018,1,1,1,1,35,6,3,0,0,0,0,-1,9,1
48416,73.84361539,18.49296207,7,3,2,1,4,13:00,126,E06000049,3,536,6,30,6,2,6,0,0,4,1,1,1,0,0,1,1,E01018635,12-01-2018,1,1,2,2,55,8,3,0,0,0,4,-1,11,1
48417,73.85320089,18.51031344,7,3,2,1,5,19:40,127,E06000050,3,54,1,30,1,4,4,5074,0,0,4,1,2,0,0,1,1,E01018739,13-01-2018,1,1,1,2,28,6,3,0,0,0,0,-1,9,1
48418,73.77073569,18.58870638,7,3,3,1,5,16:18,127,E06000050,3,54,3,40,1,4,3,54,0,0,1,1,1,0,0,1,1,E01018732,13-01-2018,1,3,2,1,10,2,3,0,0,1,0,-1,9,1
48419,73.82041576,18.54049577,7,3,3,1,5,08:30,127,E06000050,3,556,6,60,6,4,6,0,0,0,1,1,1,0,0,2,1,E01018707,13-01-2018,1,4,2,2,3,1,3,0,0,2,0,-1,9,1
48420,73.94724246,18.60722534,7,3,2,2,5,08:10,127,E06000050,6,0,6,30,0,-1,-1,0,0,0,1,1,2,0,7,2,1,E01018707,13-01-2018,2,2,1,1,27,6,3,0,0,0,0,-1,9,1
48421,73.84024463,18.50976638,7,1,1,1,4,17:50,121,E06000049,3,536,1,30,1,4,6,0,0,0,4,1,1,0,0,1,1,E01018403,12-01-2018,2,5,2,2,8,2,3,0,0,2,0,-1,9,1
48422,73.76669067,18.57811346,7,3,1,1,5,12:13,126,E06000049,6,0,6,30,3,4,6,0,0,0,1,1,1,0,0,1,1,E01018593,13-01-2018,2,6,2,1,4,1,3,0,0,2,0,-1,9,1
48423,73.78684008,18.61492965,7,3,2,1,5,12:00,126,E06000049,4,5087,9,30,0,-1,6,0,0,0,7,9,1,0,0,1,1,E01018616,13-01-2018,1,1,1,2,34,6,3,0,0,0,0,-1,9,1
48424,73.78509907,18.51723116,7,2,2,1,5,16:11,122,E06000049,4,5076,6,30,0,-1,-1,0,0,0,1,1,1,0,0,1,1,E01018472,13-01-2018,1,1,1,2,29,6,3,0,0,0,0,-1,9,1
48425,73.81659069,18.58357387,7,3,2,1,5,08:18,126,E06000049,3,535,6,40,5,4,6,0,0,0,1,1,2,0,0,2,1,E01018580,13-01-2018,1,1,1,2,20,4,3,0,0,0,0,-1,9,1
48426,73.88698218,18.63866351,7,3,2,1,2,16:00,124,E06000006,5,2012,6,30,3,4,6,0,0,0,4,1,1,0,0,1,1,E01012394,10-01-2018,1,2,2,2,16,4,3,0,0,1,0,-1,9,1
48427,73.75353897,18.50355689,7,3,1,1,6,13:26,128,E06000007,6,0,6,30,0,-1,-1,0,0,0,1,1,1,0,0,1,1,E01012455,14-01-2018,2,1,1,1,52,8,3,0,0,0,0,-1,9,1
48428,73.81713346,18.56904302,7,3,2,1,6,08:45,128,E06000007,3,50,6,30,3,4,6,0,0,0,1,1,1,0,0,1,1,E01012486,14-01-2018,2,1,1,1,13,3,3,0,0,0,0,-1,1,1
48429,73.89810273,18.50220719,7,3,2,1,4,17:00,124,E06000006,4,5178,6,30,3,4,6,0,0,0,4,2,2,0,0,1,1,E01012379,05-01-2018,1,1,3,2,30,6,2,6,9,0,0,-1,0,1
48430,73.82989858,18.49292629,7,3,2,1,6,16:45,127,E06000050,3,530,1,60,1,4,3,556,0,0,4,1,1,0,0,2,2,E01018718,14-01-2018,2,1,1,1,20,4,2,0,0,0,0,-1,9,-1
48431,73.91507874,18.49504558,7,3,3,1,3,11:26,123,E06000050,4,5133,6,30,0,-1,-1,0,0,0,1,2,2,0,0,2,1,E01018571,11-01-2018,2,1,1,1,38,7,3,0,0,0,0,-1,9,1
48432,73.86296806,18.56079171,7,3,2,1,2,09:45,127,E06000050,3,530,6,60,1,4,3,556,0,0,1,1,1,0,0,2,1,E01018718,10-01-2018,2,2,2,2,24,5,3,0,0,2,0,-1,9,1
48433,73.81840075,18.51407081,7,3,2,2,4,13:00,127,E06000050,3,5018,1,30,1,4,3,533,0,0,1,1,1,0,0,2,1,E01018680,12-01-2018,1,1,1,2,22,5,3,0,0,0,0,-1,9,1
48434,73.81017254,18.53616594,7,3,2,1,7,18:20,128,E06000007,3,49,3,40,0,-1,-1,0,0,0,4,1,1,0,0,1,1,E01012539,15-01-2018,1,1,3,1,12,3,3,1,3,0,0,-1,0,1
48435,73.8057338,18.55763895,7,3,3,1,6,08:11,120,E06000050,3,41,3,70,6,4,6,0,0,0,1,1,1,0,0,2,1,E01018360,14-01-2018,1,1,1,1,18,4,3,0,0,0,0,-1,9,1
48436,73.84741248,18.49115457,7,3,2,1,7,17:20,122,E06000049,5,521,6,30,3,4,6,0,0,0,4,1,2,0,0,2,1,E01014015,15-01-2018,1,2,2,1,18,4,3,0,0,1,0,-1,9,1
48437,73.85893348,18.60599092,7,1,3,1,6,17:20,127,E06000050,1,6,3,70,0,-1,-1,0,0,0,6,1,1,0,0,2,1,E01018722,14-01-2018,1,1,1,2,32,6,3,0,0,0,0,-1,9,1
48438,73.78112753,18.57592431,7,3,2,1,5,12:50,126,E06000049,3,536,6,30,6,2,6,0,0,0,4,1,1,0,0,1,1,E01018635,13-01-2018,1,2,3,2,40,7,3,9,9,0,0,-1,0,1
48439,73.74980944,18.57868055,7,3,2,3,6,11:10,126,E06000049,6,0,6,60,0,-1,-1,0,0,0,1,9,2,0,0,2,1,E01018591,14-01-2018,2,1,1,2,23,5,3,0,0,0,0,-1,9,1
48440,73.7921146,18.62317847,7,3,2,1,1,15:51,128,E06000007,3,56,6,30,3,4,6,0,0,0,1,1,1,0,0,2,1,E01012515,16-01-2018,2,1,1,1,25,5,3,0,0,0,0,-1,9,1
48441,73.95391038,18.6375531,7,3,2,1,2,08:22,123,E06000050,6,0,6,30,3,4,6,0,0,0,1,1,2,0,0,1,1,E01018567,17-01-2018,2,2,2,2,28,6,3,0,0,2,0,-1,9,-1
48442,73.95843411,18.57585996,7,3,1,1,6,09:00,126,E06000049,6,0,6,60,0,-1,-1,0,0,0,1,1,2,0,0,2,1,E01018654,14-01-2018,1,1,1,1,25,5,2,0,0,0,0,-1,9,1
48443,73.93136607,18.62744284,7,3,2,1,6,18:30,122,E06000049,3,532,6,30,0,-1,-1,0,0,0,4,1,1,0,0,1,1,E01018485,14-01-2018,2,1,1,1,19,4,3,0,0,0,0,-1,9,1
48444,73.91637077,18.55500184,7,3,2,1,1,12:28,120,E06000050,3,51,1,40,1,4,3,55,0,8,1,1,2,0,0,2,1,E01018323,16-01-2018,1,5,1,1,20,4,3,0,0,0,0,-1,5,1
48445,73.75805784,18.61265634,7,3,1,1,2,18:07,120,E06000050,6,0,2,30,3,4,6,0,0,8,5,2,2,0,0,1,1,E01018326,17-01-2018,2,1,2,2,32,6,3,0,0,1,0,-1,9,1
48446,73.7862391,18.56300316,7,2,3,1,2,08:46,123,E06000050,5,215,6,60,0,-1,-1,0,0,0,1,1,2,0,0,1,1,E01018360,17-01-2018,2,2,2,2,14,3,3,0,0,2,0,-1,9,1
48447,73.94575941,18.58678979,7,3,1,1,7,11:52,120,E06000050,3,41,1,60,1,4,4,5069,0,0,1,2,2,0,0,2,1,E01018356,15-01-2018,2,3,2,1,9,2,3,0,0,2,0,-1,9,1
48448,73.92457537,18.63659595,7,3,2,1,1,13:22,127,E06000050,3,559,6,40,3,4,3,530,0,0,1,1,1,0,0,1,1,E01018704,16-01-2018,2,4,1,1,24,5,3,0,0,0,0,-1,9,1
48449,73.79905182,18.54862503,7,3,2,1,2,17:54,122,E06000049,3,500,1,40,1,4,6,0,0,0,4,2,2,0,0,2,1,E01018508,17-01-2018,2,1,1,1,45,7,3,0,0,0,0,-1,9,3
48450,73.77126475,18.62223518,7,3,1,1,3,13:52,127,E06000050,4,5081,6,60,0,-1,-1,0,0,0,1,5,4,0,0,2,1,E01018722,18-01-2018,3,2,1,2,48,8,3,0,0,0,0,-1,9,1
48451,73.82460028,18.58913994,7,2,2,1,7,14:10,120,E06000050,6,0,6,30,0,-1,-1,0,0,0,1,1,1,0,0,2,1,E01018330,15-01-2018,2,3,2,2,34,6,3,0,0,2,0,-1,9,1
48452,73.96148246,18.4878893,7,3,2,1,3,12:40,128,E06000007,3,579,1,60,1,4,1,6,0,0,1,5,2,0,0,2,1,E01012472,18-01-2018,3,1,1,1,21,5,3,0,0,0,0,-1,9,1
48453,73.81543579,18.63796769,7,3,2,1,2,12:35,128,E06000007,3,574,1,30,1,4,3,574,0,0,1,5,2,0,0,1,1,E01012464,17-01-2018,3,2,2,2,25,5,3,0,0,1,0,-1,9,1
48454,73.73459062,18.63521685,7,3,2,2,3,18:45,127,E06000050,1,6,3,70,0,-1,-1,0,0,0,6,6,2,0,0,2,1,E01018418,18-01-2018,1,1,3,1,7,2,3,5,2,0,0,-1,0,1
48455,73.89471325,18.57258344,7,3,2,1,1,11:29,126,E06000049,3,538,6,30,6,2,6,0,0,0,5,1,2,0,0,1,1,E01018602,16-01-2018,1,1,2,1,8,2,3,0,0,0,3,-1,11,1
48456,73.79196811,18.61637738,7,3,2,1,5,16:15,126,E06000049,3,538,6,30,3,4,4,5166,0,0,4,1,1,0,0,1,1,E01018602,06-01-2018,1,1,2,2,23,5,3,0,0,1,0,-1,9,1
48457,73.82793744,18.63237051,7,3,1,1,6,13:23,122,E06000049,3,529,6,60,0,-1,-1,0,0,0,1,1,1,0,0,2,1,E01018515,14-01-2018,1,1,1,1,27,6,3,0,0,0,0,-1,9,1
48458,73.93309236,18.57371512,7,3,1,1,5,21:27,122,E06000049,4,5077,6,30,1,4,6,0,0,0,4,1,2,0,0,1,1,E01018502,13-01-2018,2,1,1,2,35,6,3,0,0,0,0,-1,9,1
48459,73.76708299,18.54470394,7,3,1,1,6,20:23,122,E06000049,3,530,6,60,0,-1,-1,0,0,0,6,8,2,5,0,2,1,E01018450,14-01-2018,1,1,3,1,7,2,3,5,2,0,0,-1,0,1
48460,73.73418162,18.59327082,7,3,1,1,6,18:45,122,E06000049,4,5077,6,60,0,-1,-1,0,0,0,6,1,2,0,0,2,1,E01018465,14-01-2018,1,1,1,2,30,6,3,0,0,0,0,-1,9,1
48461,73.77819717,18.53509,7,3,1,1,6,17:31,122,E06000049,4,5074,6,60,0,-1,-1,0,0,0,6,1,2,0,0,2,1,E01018480,14-01-2018,1,1,1,2,35,6,3,0,0,0,0,-1,9,1
48462,73.89682089,18.51691553,7,3,2,3,2,13:50,121,E06000049,5,609,6,60,5,4,1,6,0,0,1,2,2,0,0,2,1,E01018439,17-01-2018,1,2,1,2,21,5,3,0,0,0,0,-1,9,1
48463,73.94845711,18.60046118,7,3,2,1,7,16:00,128,E06000007,3,49,1,30,1,4,3,57,0,0,1,4,1,0,0,1,1,E01012456,15-01-2018,2,1,1,1,26,6,3,0,0,0,0,-1,9,1