Accident_Index,longitude,latitude,Police_Force,Accident_Severity,Number_of_Vehicles,Number_of_Casualties,Day_of_Week,Time,Local_Authority_(District),Local_Authority_(Highway),1st_Road_Class,1st_Road_Number,Road_Type,Speed_limit,Junction_Detail,Junction_Control,2nd_Road_Class,2nd_Road_Number,Pedestrian_Crossing-Human_Control,Pedestrian_Crossing-Physical_Facilities,Light_Conditions,Weather_Conditions,Road_Surface_Conditions,Special_Conditions_at_Site,Carriageway_Hazards,Urban_or_Rural_Area,Did_Police_Officer_Attend_Scene_of_Accident,LSOA_of_Accident_Location,Date,Vehicle_Reference,Casualty_Reference,Casualty_Class,Sex_of_Casualty,Age_of_Casualty,Age_Band_of_Casualty,Casualty_Severity,Pedestrian_Location,Pedestrian_Movement,Car_Passenger,Bus_or_Coach_Passenger,Pedestrian_Road_Maintenance_Worker,Casualty_Type,Casualty_Home_Area_Type
48704,73.87010608,18.58888826,7,3,1,1,3,21:05,128,E06000007,3,49,3,30,6,2,6,0,0,0,4,1,1,1,0,1,1,E01012454,08-02-2018,3,12,2,2,7,2,3,0,0,0,4,-1,11,-1
48705,73.96308457,18.57482003,7,3,2,1,1,23:00,126,E06000049,3,34,6,30,9,4,6,0,0,0,4,1,1,0,0,1,1,E01018602,06-02-2018,3,13,2,2,7,2,3,0,0,0,4,-1,11,-1
48706,73.83747577,18.54595513,7,3,4,1,2,13:50,126,E06000049,3,523,3,40,3,4,6,0,0,8,1,1,1,0,0,2,1,E01018664,07-02-2018,3,14,2,2,7,2,3,0,0,0,4,-1,11,-1
48707,73.89717614,18.59585419,7,3,2,1,2,10:20,126,E06000049,6,0,6,30,9,4,6,0,0,0,1,1,1,0,0,1,1,E01018667,07-02-2018,3,15,2,2,7,2,3,0,0,0,4,-1,11,-1
48708,73.82901753,18.51212334,7,2,1,1,2,17:46,122,E06000049,3,530,6,30,3,4,3,530,0,0,4,1,1,0,0,1,1,E01018504,07-02-2018,3,16,2,2,7,2,3,0,0,0,4,-1,11,-1
48709,73.96128578,18.64239753,7,3,2,1,3,12:40,127,E06000050,6,0,6,60,0,-1,-1,0,0,0,1,1,2,0,0,2,1,E01018722,08-02-2018,3,17,2,2,7,2,3,0,0,0,4,-1,11,-1
48710,73.87112295,18.49226532,7,3,2,1,3,15:40,127,E06000050,3,49,3,60,1,4,6,0,0,0,1,1,1,0,0,2,1,E01018723,08-02-2018,3,18,2,2,30,6,3,0,0,0,4,-1,11,-1
48711,73.93786504,18.61697857,7,3,2,1,4,21:29,127,E06000050,3,559,6,40,0,-1,-1,0,0,0,4,1,1,0,0,1,1,E01018715,09-02-2018,3,19,2,2,60,9,3,0,0,0,4,-1,11,-1
48712,73.81833876,18.64517723,7,3,2,2,6,20:05,128,E06000007,3,574,1,30,1,4,6,0,0,-1,1,1,1,0,0,1,1,E01012460,28-01-2018,2,1,1,1,44,7,3,0,0,0,0,-1,9,1
48713,73.79753846,18.56182619,7,3,4,1,3,18:00,127,E06000050,1,56,3,70,0,-1,-1,0,0,0,6,1,1,0,0,2,1,E01018696,08-02-2018,2,1,1,1,53,8,3,0,0,0,0,-1,9,1
48714,73.93911361,18.63129831,7,3,1,2,3,18:57,127,E06000050,1,6,3,70,0,-1,-1,0,0,0,6,1,1,0,0,2,1,E01018722,08-02-2018,1,1,1,1,23,5,3,0,0,0,0,-1,9,1
48715,73.93540309,18.57631035,7,2,4,1,5,01:17,121,E06000049,1,6,3,70,0,-1,-1,0,0,0,6,2,2,0,0,2,1,E01018418,10-02-2018,2,1,1,2,25,5,3,0,0,0,0,-1,9,1
48716,73.79245449,18.54290376,7,3,2,1,5,11:10,120,E06000050,3,41,3,50,3,4,6,0,0,0,1,1,1,0,0,1,1,E01018358,10-02-2018,3,2,2,1,25,5,3,0,0,1,0,-1,19,1
48717,73.91935886,18.49298449,7,2,2,1,5,05:48,128,E06000007,3,57,6,30,3,4,6,0,0,0,4,1,2,0,0,1,1,E01012456,10-02-2018,1,1,3,1,11,3,3,5,4,0,0,-1,0,-1
48718,73.82940989,18.57612189,7,3,2,1,4,15:35,127,E06000050,3,530,6,60,3,4,3,530,0,0,1,1,1,0,0,2,1,E01018722,09-02-2018,1,1,1,2,68,10,3,0,0,0,0,-1,9,1
48719,73.87151682,18.52739175,7,3,1,1,1,02:00,128,E06000007,1,62,3,70,0,-1,1,62,0,0,4,1,1,0,0,2,1,E01012472,06-02-2018,1,1,1,1,67,10,3,0,0,0,0,-1,9,-1
48720,73.95317047,18.52464932,7,3,2,3,5,12:53,128,E06000007,3,57,3,40,6,2,5,1024,0,0,1,1,1,0,0,2,1,E01012501,10-02-2018,1,2,2,2,69,10,3,0,0,1,0,-1,9,-1
48721,73.85973683,18.61577238,7,2,1,1,1,10:27,126,E06000049,3,523,6,30,0,-1,-1,0,0,0,1,1,1,0,0,1,1,E01018638,23-01-2018,1,2,2,2,82,11,3,0,0,0,4,-1,11,1
48722,73.89096901,18.53006945,7,3,2,1,3,17:06,122,E06000049,4,5071,6,60,6,4,6,0,0,0,4,1,1,0,0,2,1,E01018515,08-02-2018,2,1,1,1,75,10,3,0,0,0,0,-1,9,1
48723,73.77921051,18.6257317,7,3,4,1,5,21:42,123,E06000050,6,0,1,30,1,4,6,0,0,0,4,1,1,0,0,1,1,E01018563,10-02-2018,1,1,3,2,41,7,3,5,1,0,0,-1,0,1
48724,73.84781415,18.5292448,7,3,1,1,3,15:10,122,E06000049,5,521,6,30,0,-1,-1,0,0,0,1,1,1,0,0,2,1,E01018493,08-02-2018,1,1,1,1,45,7,3,0,0,0,0,-1,8,1
48725,73.7350647,18.55874492,7,3,3,3,3,08:15,122,E06000049,3,532,6,30,3,4,6,0,0,0,1,1,2,0,0,1,1,E01018467,08-02-2018,1,1,3,1,46,8,3,9,5,0,0,-1,0,1
48726,73.74888441,18.495133,7,3,2,1,4,08:14,122,E06000049,3,500,6,40,1,4,6,0,0,8,1,1,1,0,0,2,1,E01018480,09-02-2018,1,1,3,2,11,3,3,5,1,0,0,-1,0,1
48727,73.86189411,18.49803774,7,3,2,1,4,12:05,126,E06000049,6,0,6,60,6,4,6,0,0,0,1,1,1,0,0,2,1,E01018654,09-02-2018,1,1,3,2,12,3,3,5,1,0,0,-1,0,1
48728,73.75203987,18.53141311,7,3,2,1,4,08:35,126,E06000049,6,0,6,30,7,4,6,0,0,0,1,1,1,0,0,1,1,E01018600,09-02-2018,2,1,1,1,35,6,3,0,0,0,0,-1,9,1
48729,73.84686565,18.51847527,7,3,2,3,1,20:49,128,E06000007,3,57,6,30,3,4,6,0,0,0,4,1,1,0,0,1,1,E01012478,13-02-2018,1,1,3,2,34,6,2,2,3,0,0,-1,0,1
48730,73.86585763,18.60007929,7,3,1,1,6,17:00,124,E06000006,3,533,3,60,0,-1,-1,0,0,0,4,5,2,0,0,1,1,E01012408,11-02-2018,2,1,1,2,52,8,3,0,0,0,0,-1,9,1
48731,73.75599355,18.54593188,7,3,1,1,7,18:32,128,E06000007,3,50,6,30,3,4,6,0,0,0,4,1,2,0,0,1,1,E01012508,12-02-2018,1,1,3,2,16,4,2,5,2,0,0,-1,0,-1
48732,73.77856846,18.56095415,7,2,1,1,7,00:08,120,E06000050,4,5069,6,60,0,-1,-1,0,0,0,6,5,2,0,0,2,1,E01018355,12-02-2018,2,1,1,1,56,9,3,0,0,0,0,-1,9,1
48733,73.87449101,18.59959873,7,3,2,1,6,07:10,128,E06000007,6,0,1,30,1,4,5,1023,0,0,7,1,1,0,0,1,1,E01012500,11-02-2018,1,1,1,1,27,6,3,0,0,0,0,-1,9,1
48734,73.76285622,18.64068184,7,2,1,2,7,02:45,120,E06000050,3,5117,3,60,0,-1,-1,0,0,0,4,5,2,0,0,2,1,E01018308,12-02-2018,2,2,2,2,25,5,3,0,0,1,0,-1,9,1
48735,73.88784608,18.55020888,7,3,2,1,6,11:40,127,E06000050,3,5018,1,30,1,4,3,5018,0,0,1,1,1,0,0,1,1,E01018749,11-02-2018,1,1,1,1,37,7,3,0,0,0,0,-1,9,1
48736,73.84250353,18.63685839,7,3,2,1,1,17:38,123,E06000050,3,41,6,40,3,4,6,0,0,0,4,1,1,0,0,1,1,E01018561,13-02-2018,1,1,1,1,19,4,3,0,0,0,0,-1,9,1
48737,73.84441304,18.64546148,7,3,2,2,1,17:30,127,E06000050,4,5152,6,60,6,4,6,0,0,0,6,1,1,0,0,2,1,E01018684,13-02-2018,2,1,1,1,43,7,3,0,0,0,0,-1,8,-1
48738,73.8688671,18.49492402,7,3,2,1,6,16:30,120,E06000050,3,540,6,60,0,-1,-1,0,0,0,1,1,1,0,0,2,1,E01018367,14-01-2018,1,1,1,1,45,7,3,0,0,0,0,-1,90,1
48739,73.85769782,18.49369857,7,3,2,1,3,10:10,124,E06000006,3,533,6,40,0,-1,-1,0,0,0,1,1,1,0,0,1,1,E01012441,18-01-2018,1,2,2,1,32,6,3,0,0,2,0,-1,90,1
48740,73.82475606,18.56504496,7,3,4,3,5,08:11,128,E06000007,1,6,3,70,0,-1,-1,0,0,0,1,1,2,0,0,2,1,E01012515,10-02-2018,1,3,2,1,22,5,3,0,0,2,0,-1,90,1
48741,73.7396815,18.5631231,7,3,2,2,1,09:50,120,E06000050,3,550,3,60,6,2,3,540,0,0,1,1,1,0,0,2,1,E01018367,13-02-2018,1,4,2,1,29,6,3,0,0,2,0,-1,90,1
48742,73.74911069,18.56915858,7,3,2,1,6,18:30,128,E06000007,3,5061,6,30,3,4,6,0,0,0,4,2,2,0,0,1,1,E01012456,11-02-2018,2,5,1,2,29,6,3,0,0,0,0,-1,9,1
48743,73.7726131,18.53689947,7,3,2,1,4,14:45,124,E06000006,6,0,6,30,3,4,6,0,0,0,1,1,1,0,0,1,1,E01012396,09-02-2018,2,1,2,1,20,4,3,0,0,2,0,-1,9,1
48744,73.88798826,18.64291457,7,3,1,1,6,21:45,128,E06000007,3,562,3,40,1,4,3,57,0,0,4,1,2,0,0,1,1,E01012496,11-02-2018,1,1,1,1,37,7,3,0,0,0,0,-1,19,1
48745,73.94991157,18.55650706,7,3,4,1,1,15:52,121,E06000049,6,0,6,30,3,4,6,0,0,0,1,1,1,0,0,1,1,E01018438,30-01-2018,2,1,1,1,59,9,3,0,0,0,0,-1,9,1
48746,73.87076327,18.5754364,7,3,2,1,5,16:00,128,E06000007,3,49,1,30,1,4,6,0,0,0,1,1,1,0,0,1,1,E01012456,27-01-2018,2,2,2,2,59,9,3,0,0,1,0,-1,9,1
48747,73.803276,18.50808309,7,3,1,1,4,03:13,126,E06000049,4,5358,6,30,9,4,6,0,0,0,4,1,1,0,0,1,1,E01018593,02-02-2018,1,1,1,1,25,5,3,0,0,0,0,-1,9,1
48748,73.79244636,18.55470961,7,2,2,1,4,15:45,121,E06000049,3,34,6,30,9,4,6,0,0,0,1,1,1,0,0,1,1,E01018397,02-02-2018,1,2,2,1,25,5,3,0,0,1,0,-1,9,-1
48749,73.84485699,18.54697204,7,3,2,1,4,19:30,121,E06000049,5,317,6,60,0,-1,-1,0,0,0,6,1,2,0,0,2,1,E01018440,02-02-2018,1,3,2,1,25,5,3,0,0,2,0,-1,9,1
48750,73.94897838,18.61502314,7,3,3,2,6,15:00,124,E06000006,6,0,6,30,0,-1,-1,0,0,0,1,1,1,0,0,1,1,E01012397,11-02-2018,1,4,2,1,25,5,3,0,0,2,0,-1,9,1
48751,73.77225553,18.49653075,7,3,2,2,2,14:30,124,E06000006,6,0,6,30,3,4,6,0,0,0,1,1,1,0,0,1,1,E01012430,07-02-2018,1,5,2,2,25,5,3,0,0,2,0,-1,9,-1
48752,73.94277439,18.5086593,7,3,2,1,4,19:18,122,E06000049,3,529,6,60,0,-1,6,0,0,0,4,1,1,0,0,2,1,E01018517,09-02-2018,1,1,1,2,41,7,3,0,0,0,0,-1,9,1
48753,73.89922665,18.59393237,7,3,1,1,4,12:00,122,E06000049,3,532,6,30,3,4,6,0,0,0,1,1,1,0,0,1,1,E01018483,09-02-2018,1,1,1,2,31,6,3,0,0,0,0,-1,9,1
48754,73.81014583,18.64665018,7,3,2,1,5,18:20,122,E06000049,3,534,6,60,3,4,6,0,0,0,6,1,1,0,0,2,1,E01018469,10-02-2018,1,2,2,1,30,6,3,0,0,1,0,-1,9,-1
48755,73.88816705,18.50839751,7,3,2,1,5,12:25,122,E06000049,6,0,6,30,2,4,6,0,0,4,1,1,1,0,0,1,1,E01018464,10-02-2018,1,1,3,2,59,9,1,5,1,0,0,-1,0,1
48756,73.87302999,18.49867331,7,3,2,2,5,11:30,124,E06000006,5,752,6,30,3,4,6,0,0,0,1,1,1,0,2,1,1,E01012417,10-02-2018,1,1,3,1,13,3,3,7,3,0,0,-1,0,-1
48757,73.79659614,18.50647415,7,3,2,2,5,16:00,127,E06000050,3,530,6,60,0,-1,-1,0,0,0,1,1,2,0,0,2,1,E01018722,03-02-2018,1,1,3,1,15,3,3,9,5,0,0,-1,0,1
48758,73.78199359,18.51410175,7,3,2,2,2,11:20,123,E06000050,3,540,6,40,6,2,4,5136,0,0,1,1,1,0,0,1,1,E01018535,14-02-2018,1,1,1,1,40,7,3,0,0,0,0,-1,9,1
48759,73.8207933,18.5076263,7,3,2,2,1,08:35,127,E06000050,3,559,6,30,3,2,4,5337,0,0,1,4,2,0,0,1,1,E01018712,13-02-2018,2,2,1,2,45,7,3,0,0,0,0,-1,9,1
48760,73.93637152,18.53939234,7,3,3,1,2,18:10,128,E06000007,1,62,2,70,5,4,1,62,0,0,4,1,1,0,0,2,2,E01012541,07-02-2018,2,3,2,1,25,5,3,0,0,1,0,-1,9,-1
48761,73.91550831,18.56772977,7,3,2,2,5,12:15,123,E06000050,6,0,6,30,3,4,6,0,0,0,1,1,1,0,0,1,1,E01018520,27-01-2018,2,1,1,2,25,5,3,0,0,0,0,-1,9,1
48762,73.86571333,18.55339747,7,3,1,1,5,09:00,128,E06000007,3,5061,1,30,1,2,3,49,0,4,1,1,2,0,0,1,1,E01012510,10-02-2018,1,1,2,1,64,9,3,0,0,1,0,-1,9,3
48763,73.86088064,18.60696324,7,3,2,1,2,12:10,127,E06000050,1,6,3,70,0,-1,-1,0,0,0,1,1,1,0,0,2,1,E01018722,14-02-2018,2,1,1,1,45,7,3,0,0,0,0,-1,5,1
48764,73.73563403,18.55788018,7,3,1,1,6,13:00,121,E06000049,3,54,6,30,7,2,3,54,2,5,1,2,2,0,0,1,1,E01018402,11-02-2018,1,1,3,1,64,9,3,4,1,0,0,-1,0,-1
48765,73.75161295,18.52711833,7,3,2,1,6,17:15,122,E06000049,3,51,6,30,3,4,6,0,0,0,4,2,2,0,0,1,1,E01018454,11-02-2018,1,1,1,1,48,8,2,0,0,0,0,-1,1,1
48766,73.81703859,18.57994909,7,3,2,1,2,16:30,120,E06000050,1,56,2,70,5,4,6,0,0,0,1,1,1,0,0,2,1,E01018337,14-02-2018,1,1,1,1,57,9,3,0,0,0,0,-1,8,1
48767,73.77768795,18.61182983,7,3,2,1,6,19:45,122,E06000049,6,0,6,30,1,2,3,534,0,0,5,2,2,0,0,1,2,E01018501,11-02-2018,2,1,1,1,36,7,3,0,0,0,0,-1,9,1
48768,73.80034535,18.54693726,7,3,1,1,6,22:54,126,E06000049,5,116,6,60,0,-1,-1,0,0,0,6,2,2,0,0,2,1,E01018648,11-02-2018,2,1,1,1,39,7,3,0,0,0,0,-1,1,1
48769,73.87841395,18.54866066,7,2,1,1,6,04:18,126,E06000049,3,538,6,60,0,-1,-1,0,0,0,6,1,1,0,0,2,1,E01018667,11-02-2018,1,1,1,2,29,6,3,0,0,0,0,-1,9,1
48770,73.94058623,18.53384618,7,3,2,1,6,06:50,126,E06000049,3,536,6,60,3,4,6,0,0,0,1,1,4,0,0,2,1,E01018591,11-02-2018,2,2,1,1,55,8,3,0,0,0,0,-1,9,1
48771,73.78522019,18.59727625,7,3,2,1,7,11:00,121,E06000049,3,535,6,50,8,4,6,0,0,0,1,1,1,0,0,2,1,E01018412,12-02-2018,1,1,1,1,38,7,3,0,0,0,0,-1,9,1
48772,73.91340153,18.57201949,7,3,3,3,3,10:30,120,E06000050,3,41,6,40,3,4,6,0,0,0,1,1,1,0,0,2,1,E01018376,15-02-2018,2,2,1,1,42,7,3,0,0,0,0,-1,9,1
48773,73.80863726,18.53413083,7,3,1,1,7,14:35,126,E06000049,3,34,3,70,0,-1,-1,0,0,0,6,1,2,0,0,1,1,E01018582,12-02-2018,2,1,1,1,35,6,3,0,0,0,0,-1,9,-1
48774,73.90612063,18.48891781,7,2,2,2,4,17:30,121,E06000049,3,54,6,50,0,-1,-1,0,0,0,6,2,2,0,0,2,1,E01018393,09-02-2018,1,1,2,2,33,6,3,0,0,2,0,-1,8,1
48775,73.74540937,18.62334511,7,3,2,2,7,19:44,126,E06000049,3,5034,6,60,0,-1,-1,0,0,0,1,1,2,0,0,2,1,E01018648,12-02-2018,1,1,2,2,68,10,2,0,0,0,3,-1,11,-1
48776,73.86105857,18.5706109,7,3,2,1,7,10:00,126,E06000049,5,105,6,40,6,4,5,105,0,0,1,4,2,0,0,2,1,E01018648,12-02-2018,1,1,2,1,55,8,3,0,0,1,0,-1,9,1
48777,73.76867314,18.63878918,7,3,2,2,3,22:30,124,E06000006,5,2002,6,30,3,4,6,0,0,0,4,1,1,0,0,1,1,E01012388,15-02-2018,1,2,2,1,50,8,3,0,0,2,0,-1,9,1
48778,73.84815794,18.53773349,7,3,2,1,2,18:10,128,E06000007,6,0,6,30,3,4,6,0,0,0,4,1,1,0,0,1,1,E01012533,14-02-2018,1,2,1,1,31,6,3,0,0,0,0,-1,11,1
48779,73.94034354,18.59687145,7,2,1,1,3,12:10,120,E06000050,6,0,1,30,1,4,6,0,0,8,1,1,1,0,0,1,1,E01018322,15-02-2018,2,1,1,1,24,5,3,0,0,0,0,-1,9,1
48780,73.8754836,18.54425283,7,3,2,1,2,21:51,128,E06000007,3,50,6,30,3,3,5,720,0,0,4,1,1,0,0,1,1,E01012559,14-02-2018,1,1,1,1,21,5,3,0,0,0,0,-1,9,1
48781,73.82588272,18.5177465,7,3,2,1,3,12:48,123,E06000050,5,808,6,30,3,4,6,0,0,0,1,1,1,0,0,1,1,E01018545,15-02-2018,1,4,2,2,19,4,3,0,0,1,0,-1,9,1
48782,73.75495523,18.63016987,7,3,2,1,5,16:50,120,E06000050,3,5032,6,30,3,4,6,0,0,0,4,1,2,0,0,1,1,E01018540,03-02-2018,2,2,1,1,56,9,3,0,0,0,0,-1,9,1
48783,73.83392158,18.58004985,7,3,2,1,7,13:30,128,E06000007,6,0,6,30,3,4,6,0,0,0,1,1,1,0,0,2,1,E01012446,05-02-2018,2,5,2,1,37,7,3,0,0,1,0,-1,9,1
48784,73.74415588,18.55069369,7,3,2,1,3,14:15,127,E06000050,3,49,6,60,0,-1,-1,0,0,0,1,1,1,0,0,2,1,E01018707,15-02-2018,3,3,1,1,63,9,3,0,0,0,0,-1,9,1
48785,73.87619532,18.51913262,7,3,2,1,3,11:10,127,E06000050,1,6,3,70,0,-1,-1,0,0,0,1,1,1,0,0,2,1,E01018654,15-02-2018,2,1,2,2,43,7,3,0,0,0,3,-1,11,1
48786,73.92379925,18.55397368,7,2,1,1,2,17:28,126,E06000049,4,5090,6,30,6,4,6,0,0,0,4,1,2,0,0,2,1,E01018575,14-02-2018,2,2,2,1,4,1,3,0,0,0,4,-1,11,1
48787,73.84765424,18.61443156,7,3,2,2,3,09:16,121,E06000049,1,6,3,70,0,-1,-1,0,0,0,1,1,1,0,0,2,1,E01018394,15-02-2018,2,3,2,2,66,10,3,0,0,0,4,-1,11,1
48788,73.74786764,18.5355683,7,3,2,1,2,11:00,128,E06000007,1,62,3,70,0,-1,1,6,0,0,1,2,2,4,2,2,1,E01012472,31-01-2018,2,1,1,1,54,8,3,0,0,0,0,-1,9,3
48789,73.95751674,18.58218503,7,2,6,5,1,20:54,122,E06000049,3,500,6,60,0,-1,-1,0,0,0,6,1,1,0,0,2,1,E01018465,13-02-2018,1,2,1,1,29,6,3,0,0,0,0,-1,9,1
48790,73.75286125,18.54921609,7,3,2,1,2,22:53,122,E06000049,4,5076,1,30,1,4,6,0,0,0,4,1,1,0,0,1,1,E01018480,14-02-2018,1,3,2,1,24,5,3,0,0,1,0,-1,9,1
48791,73.78563693,18.62132498,7,2,2,1,3,16:20,126,E06000049,1,6,3,70,0,-1,-1,0,0,0,1,1,1,0,0,2,1,E01018654,15-02-2018,2,1,1,1,63,9,3,0,0,0,0,-1,9,1
48792,73.90359385,18.62965884,7,3,1,1,1,01:45,122,E06000049,6,0,6,40,7,4,5,524,0,0,4,5,2,0,0,1,1,E01018491,13-02-2018,1,1,3,2,30,6,3,10,9,0,0,-1,0,1
48793,73.88326606,18.54640802,7,3,2,2,3,20:21,128,E06000007,5,1023,6,30,3,4,6,0,0,0,4,1,1,0,0,1,1,E01012499,15-02-2018,1,2,1,1,22,5,3,0,0,0,0,-1,9,-1
48794,73.93669278,18.49639406,7,2,2,1,1,15:30,127,E06000050,6,0,6,30,0,-1,6,0,0,0,1,1,1,0,0,1,1,E01018675,23-01-2018,2,1,1,1,72,10,3,0,0,0,0,-1,9,1
48795,73.80040475,18.58144841,7,3,2,1,2,18:21,120,E06000050,3,5480,1,60,1,4,6,0,0,0,4,1,1,0,0,2,1,E01018360,14-02-2018,1,1,1,1,43,7,3,0,0,0,0,-1,9,1
48796,73.89700807,18.49108348,7,2,2,2,3,21:10,120,E06000050,3,5032,3,30,7,4,6,0,0,0,4,1,1,0,0,1,1,E01018540,15-02-2018,2,1,1,1,39,7,3,0,0,0,0,-1,21,1
48797,73.95455995,18.49150761,7,3,3,2,3,10:55,127,E06000050,1,6,3,70,0,-1,-1,0,0,0,1,1,1,0,0,2,1,E01018414,15-02-2018,1,1,1,1,21,5,3,0,0,0,0,-1,9,1
48798,73.76155287,18.58857772,7,3,2,1,4,08:00,120,E06000050,3,51,1,40,1,4,3,55,0,0,1,1,2,0,0,2,1,E01018323,16-02-2018,1,1,3,1,15,3,3,1,1,0,0,-1,0,1
48799,73.81590291,18.59607219,7,3,3,1,4,10:28,128,E06000007,1,62,3,70,0,-1,-1,0,0,0,1,1,1,0,0,2,1,E01012562,16-02-2018,1,2,2,2,70,10,3,0,0,0,4,-1,11,1
48800,73.88872581,18.63798397,7,3,2,1,3,09:54,120,E06000050,1,56,2,70,5,4,1,56,0,0,1,1,1,0,0,2,1,E01018360,25-01-2018,1,1,1,1,43,7,3,0,0,0,0,-1,9,1
48801,73.92314346,18.49022295,7,2,1,1,5,17:03,124,E06000006,3,562,3,60,0,-1,-1,0,0,0,1,1,1,0,0,2,1,E01012412,17-02-2018,1,1,3,1,84,11,2,9,5,0,0,-1,0,-1
48802,73.94524545,18.59650323,7,2,1,4,6,01:38,128,E06000007,1,62,3,70,0,-1,-1,0,0,0,6,1,1,0,0,1,1,E01012471,18-02-2018,2,1,1,1,44,7,3,0,0,0,0,-1,9,1
48803,73.94465234,18.64405929,7,2,1,3,6,04:05,123,E06000050,4,5133,6,30,0,-1,-1,0,0,0,4,1,1,0,0,2,1,E01018571,18-02-2018,3,2,1,1,28,6,3,0,0,0,0,-1,19,1
48804,73.77428292,18.58503081,7,3,2,2,3,15:00,126,E06000049,3,537,6,60,0,-1,-1,0,0,0,1,1,1,4,0,2,1,E01018607,15-02-2018,1,1,1,2,34,6,3,0,0,0,0,-1,9,1
48805,73.75159479,18.52680215,7,3,2,1,4,15:50,126,E06000049,5,316,6,60,0,-1,-1,0,0,0,1,1,1,0,0,2,1,E01018597,16-02-2018,2,1,1,1,41,7,3,0,0,0,0,-1,9,1
48806,73.87217099,18.53915615,7,3,2,1,4,18:50,126,E06000049,6,0,1,30,1,4,5,465,0,1,4,1,2,0,0,1,1,E01018629,16-02-2018,2,2,2,1,51,8,3,0,0,1,0,-1,9,1
48807,73.92363163,18.53692264,7,2,2,1,4,17:00,126,E06000049,6,0,6,60,0,-1,-1,0,0,0,1,1,1,0,0,2,1,E01018628,16-02-2018,1,1,1,1,31,6,3,0,0,0,0,-1,9,1
48808,73.75345076,18.53092295,7,3,2,2,6,10:19,128,E06000007,5,1009,6,60,3,4,5,1014,0,0,4,1,1,0,0,2,1,E01012468,18-02-2018,1,1,2,1,1,1,3,0,0,1,0,-1,90,1
48809,73.87170896,18.57504261,7,3,2,1,4,18:15,122,E06000049,3,534,6,30,3,4,6,0,0,0,4,1,1,0,0,1,1,E01018445,16-02-2018,1,2,1,2,17,4,3,0,0,0,0,-1,90,1
48810,73.89812375,18.58464015,7,3,2,1,5,11:45,122,E06000049,3,534,6,30,6,2,3,530,0,5,1,1,2,0,0,2,1,E01018444,17-02-2018,2,1,1,1,23,5,3,0,0,0,0,-1,9,1
48811,73.80615999,18.5566565,7,3,2,1,6,17:53,128,E06000007,3,57,3,30,3,4,6,0,0,0,4,2,2,0,0,1,1,E01012550,18-02-2018,1,1,2,2,60,9,3,0,0,0,2,-1,11,1
48812,73.82501978,18.52997759,7,2,1,1,5,08:08,120,E06000050,6,0,6,30,0,-1,-1,0,0,0,1,1,1,0,0,1,1,E01018322,17-02-2018,1,1,3,1,32,6,2,5,1,0,0,-1,0,1
48813,73.91857433,18.55556491,7,3,1,1,6,18:15,120,E06000050,6,0,6,60,0,-1,-1,0,0,0,6,1,2,0,0,2,1,E01018324,18-02-2018,1,1,2,2,35,6,3,0,0,2,0,-1,8,1
48814,73.93814694,18.56574428,7,3,3,1,3,07:45,120,E06000050,3,483,1,70,0,-1,-1,0,0,0,1,1,4,0,0,2,1,E01018335,15-02-2018,2,1,1,2,49,8,3,0,0,0,0,-1,9,1
48815,73.78244662,18.59271364,7,3,2,1,1,10:18,127,E06000050,3,56,6,30,0,-1,-1,0,0,0,1,1,1,0,0,2,1,E01018686,20-02-2018,1,1,1,1,32,6,3,0,0,0,0,-1,5,1
48816,73.87605148,18.54223257,7,2,4,3,7,12:35,128,E06000007,3,57,3,40,0,-1,-1,0,0,0,1,1,1,0,0,2,1,E01012458,19-02-2018,1,2,2,2,32,6,3,0,0,1,0,-1,5,1
48817,73.88891525,18.49114741,7,3,2,2,6,21:15,128,E06000007,3,50,6,30,3,4,6,0,0,0,1,1,2,0,0,1,1,E01012506,18-02-2018,1,1,1,1,18,4,3,0,0,0,0,-1,9,1
48818,73.84007863,18.61649926,7,3,3,2,6,15:10,123,E06000050,5,808,6,30,3,4,6,0,0,0,1,1,1,0,0,1,1,E01018532,18-02-2018,1,1,1,1,53,8,3,0,0,0,0,-1,9,1
48819,73.8676203,18.60062863,7,2,2,1,7,19:54,123,E06000050,6,0,6,30,0,-1,-1,0,0,0,5,1,1,0,0,1,1,E01018567,19-02-2018,1,2,2,2,46,8,3,0,0,1,0,-1,9,1
48820,73.84901621,18.56003543,7,3,2,1,6,16:30,128,E06000007,3,559,1,60,1,4,3,49,0,0,1,1,1,0,0,2,1,E01012503,18-02-2018,1,1,1,2,56,9,3,0,0,0,0,-1,9,1
48821,73.89350317,18.50648305,7,3,3,2,6,14:58,128,E06000007,3,574,6,40,0,-1,-1,0,0,0,1,1,1,0,0,2,1,E01012471,18-02-2018,1,2,2,1,65,9,3,0,0,1,0,-1,9,1
48822,73.81758507,18.52570789,7,1,2,3,6,10:15,126,E06000049,1,6,3,70,0,-1,-1,0,0,0,1,2,2,0,0,2,1,E01018598,18-02-2018,2,1,1,1,27,6,3,0,0,0,0,-1,5,1
48823,73.80120283,18.57558502,7,3,3,2,7,18:00,124,E06000006,4,5178,6,30,0,-1,-1,0,0,0,4,1,1,0,0,1,1,E01012377,19-02-2018,1,1,1,1,41,7,3,0,0,0,0,-1,9,1