Accident_Index,longitude,latitude,Police_Force,Accident_Severity,Number_of_Vehicles,Number_of_Casualties,Day_of_Week,Time,Local_Authority_(District),Local_Authority_(Highway),1st_Road_Class,1st_Road_Number,Road_Type,Speed_limit,Junction_Detail,Junction_Control,2nd_Road_Class,2nd_Road_Number,Pedestrian_Crossing-Human_Control,Pedestrian_Crossing-Physical_Facilities,Light_Conditions,Weather_Conditions,Road_Surface_Conditions,Special_Conditions_at_Site,Carriageway_Hazards,Urban_or_Rural_Area,Did_Police_Officer_Attend_Scene_of_Accident,LSOA_of_Accident_Location,Date,Vehicle_Reference,Casualty_Reference,Casualty_Class,Sex_of_Casualty,Age_of_Casualty,Age_Band_of_Casualty,Casualty_Severity,Pedestrian_Location,Pedestrian_Movement,Car_Passenger,Bus_or_Coach_Passenger,Pedestrian_Road_Maintenance_Worker,Casualty_Type,Casualty_Home_Area_Type
48944,73.8388068,18.58402681,7,3,2,1,6,15:35,123,E06000050,6,0,6,30,0,-1,-1,0,0,0,1,9,1,0,0,1,1,E01018518,04-03-2018,1,1,3,1,7,2,3,5,4,0,0,-1,0,-1
48945,73.84468958,18.61991296,7,3,2,1,6,15:50,128,E06000007,3,57,6,30,0,-1,-1,0,0,0,1,2,2,0,0,1,1,E01012456,04-03-2018,1,1,2,2,17,4,3,0,0,1,0,-1,9,1
48946,73.83634395,18.60874217,7,3,2,1,5,16:06,120,E06000050,3,49,6,40,3,4,6,0,0,4,1,1,1,0,0,2,1,E01018372,03-03-2018,2,1,1,2,57,9,3,0,0,0,0,-1,9,1
48947,73.77299399,18.49677959,7,3,2,1,4,14:45,124,E06000006,6,0,6,30,3,2,4,5178,0,4,1,1,1,0,0,1,1,E01012367,23-02-2018,2,2,2,2,53,8,3,0,0,1,0,-1,9,1
48948,73.84054925,18.58055142,7,3,2,1,1,10:40,120,E06000050,3,5268,2,30,1,2,6,0,0,0,1,1,1,0,0,1,1,E01018326,27-02-2018,2,1,1,1,42,7,3,0,0,0,0,-1,9,-1
48949,73.78718363,18.59875423,7,3,3,1,1,14:16,120,E06000050,3,550,6,60,0,-1,-1,0,0,0,1,1,1,0,0,2,1,E01018367,06-03-2018,1,1,3,2,59,9,3,5,1,0,0,-1,0,1
48950,73.78222375,18.49709755,7,3,2,1,6,08:10,128,E06000007,1,56,2,70,5,4,1,56,0,0,1,2,2,0,0,2,1,E01012503,04-03-2018,1,1,3,2,6,2,3,5,1,0,0,-1,0,-1
48951,73.73987254,18.62068713,7,2,2,1,7,16:25,120,E06000050,3,41,6,50,0,-1,-1,0,0,0,1,1,1,0,0,2,1,E01018385,05-03-2018,1,1,2,1,22,5,3,0,0,1,0,-1,9,1
48952,73.95914126,18.60995747,7,2,2,2,6,16:46,124,E06000006,4,5155,6,30,0,-1,-1,0,0,0,1,1,1,0,0,1,1,E01012398,25-02-2018,1,1,1,2,18,4,3,0,0,0,0,-1,9,1
48953,73.76551483,18.60409323,7,3,2,1,3,21:50,122,E06000049,3,51,6,30,0,-1,-1,0,0,0,4,8,2,0,0,1,1,E01018454,01-03-2018,2,1,1,1,8,2,3,0,0,0,0,-1,1,-1
48954,73.94512413,18.63287985,7,3,2,1,4,17:16,121,E06000049,3,534,6,60,9,4,6,0,0,0,1,1,1,0,0,2,1,E01018394,02-03-2018,1,1,1,2,11,3,3,0,0,0,0,-1,1,1
48955,73.85268804,18.51013307,7,3,3,1,5,22:28,126,E06000049,3,537,6,60,0,-1,-1,0,0,0,6,1,1,0,0,2,1,E01018597,03-03-2018,1,2,2,2,11,3,3,0,0,2,0,-1,1,1
48956,73.76630334,18.60215305,7,3,1,1,5,05:50,122,E06000049,3,530,6,60,0,-1,-1,0,0,0,4,3,3,0,0,2,1,E01018480,03-03-2018,1,1,3,2,21,5,3,5,1,0,0,-1,0,1
48957,73.74927107,18.50465775,7,3,3,1,1,12:25,122,E06000049,1,6,3,70,0,-1,-1,0,0,0,1,1,1,0,0,2,1,E01018465,06-03-2018,1,1,2,2,23,5,3,0,0,2,0,-1,9,-1
48958,73.81181037,18.54457394,7,3,2,1,6,12:20,121,E06000049,3,50,6,50,0,-1,-1,0,0,0,1,1,2,0,0,2,1,E01018411,04-03-2018,1,1,1,2,23,5,3,0,0,0,0,-1,9,1
48959,73.83245751,18.58272665,7,3,3,2,1,04:45,126,E06000049,1,56,3,70,0,-1,-1,0,0,0,6,1,1,0,0,2,1,E01018648,06-03-2018,2,2,1,2,34,6,3,0,0,0,0,-1,9,1
48960,73.8306415,18.56707555,7,3,2,2,4,12:40,128,E06000007,3,49,3,40,3,4,6,0,0,5,1,1,1,0,0,1,1,E01012454,23-02-2018,2,1,1,1,34,6,2,0,0,0,0,-1,5,1
48961,73.90589752,18.5881114,7,3,2,1,6,10:15,127,E06000050,3,533,6,30,3,2,3,54,0,0,1,1,2,0,0,1,1,E01018426,04-03-2018,2,1,1,1,61,9,3,0,0,0,0,-1,9,1
48962,73.7691787,18.55372571,7,3,2,1,6,18:22,126,E06000049,3,538,6,30,8,4,6,0,0,5,4,1,2,4,0,1,1,E01018602,04-03-2018,1,1,2,1,4,1,3,0,0,0,4,-1,11,-1
48963,73.93012995,18.4980747,7,3,2,1,5,15:15,120,E06000050,5,218,6,30,3,4,6,0,0,0,1,1,1,0,0,1,1,E01018376,03-03-2018,1,1,3,1,13,3,3,5,1,0,0,-1,0,1
48964,73.7910774,18.56679114,7,3,2,1,6,10:51,120,E06000050,3,483,9,70,5,4,6,0,0,0,1,1,1,0,0,2,1,E01018330,04-03-2018,1,1,1,2,24,5,3,0,0,0,0,-1,9,1
48965,73.73514418,18.5563051,7,3,2,1,2,10:45,120,E06000050,6,0,9,20,3,4,6,0,0,0,1,1,1,0,0,1,1,E01018330,21-02-2018,2,2,2,2,27,6,3,0,0,0,0,-1,19,1
48966,73.85141248,18.54383619,7,3,3,1,2,07:45,128,E06000007,5,720,6,30,3,4,6,0,0,0,1,1,2,0,0,1,1,E01012559,07-03-2018,2,1,1,1,50,8,2,0,0,0,0,-1,9,-1
48967,73.73599839,18.56954968,7,3,2,2,2,17:30,128,E06000007,5,1012,6,30,3,4,5,1010,0,0,1,1,1,0,0,2,1,E01012469,07-03-2018,2,1,1,1,33,6,3,0,0,0,0,-1,11,1
48968,73.82234274,18.64236577,7,3,2,3,1,13:25,124,E06000006,6,0,6,30,3,4,4,5155,0,1,1,1,1,0,0,1,1,E01012431,06-03-2018,2,1,2,1,64,9,3,0,0,0,3,-1,11,1
48969,73.90824783,18.57283776,7,2,2,2,2,14:00,124,E06000006,4,5155,6,30,0,-1,-1,0,0,0,1,1,1,0,0,1,1,E01012431,07-03-2018,2,2,2,2,19,4,3,0,0,0,3,-1,11,1
48970,73.75896043,18.55736537,7,3,2,1,7,08:53,122,E06000049,6,0,1,30,1,4,6,0,0,0,1,4,2,0,0,1,1,E01018480,05-03-2018,2,3,2,2,69,10,3,0,0,0,4,-1,11,1
48971,73.79182976,18.5516989,7,3,1,1,3,08:15,120,E06000050,3,41,3,40,3,4,6,0,0,8,1,1,1,0,0,1,1,E01018378,08-03-2018,2,4,2,2,73,10,3,0,0,0,4,-1,11,1
48972,73.91503001,18.50523278,7,3,2,1,4,10:00,128,E06000007,4,5210,1,40,1,4,6,0,0,0,1,1,2,0,0,1,1,E01012551,09-02-2018,2,1,1,2,20,4,3,0,0,0,0,-1,9,1
48973,73.87290309,18.62829406,7,3,2,1,2,09:08,128,E06000007,3,57,6,30,0,-1,-1,0,0,4,1,1,1,0,0,1,1,E01012479,07-03-2018,1,1,2,2,81,11,3,0,0,0,2,-1,11,-1
48974,73.78472253,18.60061247,7,3,2,1,2,12:10,128,E06000007,1,62,3,70,0,-1,-1,0,0,0,1,1,1,0,0,2,1,E01006898,07-03-2018,2,1,1,1,36,7,3,0,0,0,0,-1,9,-1
48975,73.94855075,18.55929684,7,2,2,2,2,15:30,122,E06000049,3,534,6,30,3,2,6,0,0,0,1,1,1,0,0,1,1,E01018448,28-02-2018,2,1,1,2,45,7,3,0,0,0,0,-1,9,1
48976,73.75008989,18.53654648,7,3,1,1,6,19:27,126,E06000049,6,0,6,30,0,-1,-1,0,0,0,1,1,1,0,0,1,1,E01018620,04-03-2018,2,1,1,1,53,8,3,0,0,0,0,-1,8,1
48977,73.84544169,18.63095435,7,3,2,1,7,15:04,122,E06000049,3,530,6,60,0,-1,-1,0,0,0,1,2,2,0,0,2,1,E01018480,05-03-2018,2,2,2,1,35,6,3,0,0,2,0,-1,8,1
48978,73.76236633,18.58274536,7,3,1,1,7,22:10,121,E06000049,3,54,6,60,0,-1,-1,0,0,0,6,1,2,0,0,2,1,E01018393,05-03-2018,2,3,2,1,35,6,3,0,0,2,0,-1,8,1
48979,73.90181465,18.52252728,7,2,2,1,2,12:48,126,E06000049,6,0,6,40,3,4,6,0,0,0,1,1,1,0,0,2,1,E01018591,07-03-2018,2,1,1,2,50,8,3,0,0,0,0,-1,9,1
48980,73.8453543,18.59318588,7,3,2,1,4,22:00,120,E06000050,3,41,1,70,1,4,3,56,0,8,4,1,1,0,0,2,1,E01018358,09-03-2018,2,1,1,2,38,7,3,0,0,0,0,-1,9,1
48981,73.74515435,18.61982174,7,3,1,1,4,23:15,128,E06000007,3,49,6,30,0,-1,-1,0,0,0,4,1,1,0,0,1,1,E01012509,09-03-2018,1,1,3,2,11,3,3,1,3,0,0,-1,0,1
48982,73.93436303,18.64438532,7,3,2,1,1,17:45,128,E06000007,6,0,6,30,0,-1,-1,0,0,0,4,1,1,0,0,2,1,E01012516,06-03-2018,2,1,3,1,73,10,3,6,9,0,0,-1,0,1
48983,73.81507926,18.5898667,7,3,2,2,7,15:10,122,E06000049,3,534,6,30,0,-1,-1,0,0,0,1,4,1,0,0,1,1,E01018501,12-02-2018,1,1,1,1,30,6,3,0,0,0,0,-1,9,-1
48984,73.94155662,18.53127349,7,3,1,1,3,16:00,121,E06000049,5,318,6,30,3,4,5,318,0,0,1,1,1,0,0,2,1,E01018412,08-03-2018,1,2,2,1,25,5,3,0,0,1,0,-1,9,-1
48985,73.84583372,18.51867339,7,3,2,1,4,10:30,126,E06000049,6,0,6,60,3,4,6,0,0,0,1,1,2,0,0,2,1,E01018580,09-03-2018,1,1,3,1,31,6,2,9,5,0,0,-1,0,1
48986,73.88038752,18.62487298,7,2,3,1,2,00:20,122,E06000049,3,532,1,30,1,4,3,532,0,0,4,1,1,0,0,1,1,E01018501,07-03-2018,1,1,2,2,50,8,3,0,0,1,0,-1,9,-1
48987,73.75045021,18.62848995,7,3,2,1,4,17:10,122,E06000049,3,530,6,60,3,4,4,5076,0,0,1,1,1,0,0,2,1,E01018480,09-03-2018,2,1,1,1,39,7,3,0,0,0,0,-1,9,1
48988,73.79592165,18.48845472,7,3,2,1,7,13:00,128,E06000007,6,0,6,30,0,-1,-1,0,0,0,1,9,1,0,0,1,1,E01012539,26-02-2018,2,2,2,2,35,6,3,0,0,1,0,-1,9,1
48989,73.75377817,18.54234533,7,3,1,1,4,08:15,128,E06000007,6,0,6,30,0,-1,-1,0,0,0,1,1,1,0,0,1,1,E01012512,09-03-2018,1,3,2,2,52,8,3,0,0,1,0,-1,20,1
48990,73.87037152,18.57015158,7,3,2,1,5,08:16,124,E06000006,3,557,3,70,5,4,6,0,0,0,1,1,1,0,0,1,1,E01012392,10-03-2018,2,1,2,1,27,6,3,0,0,1,0,-1,9,1
48991,73.81041431,18.63875176,7,3,2,1,2,13:30,128,E06000007,3,5061,1,30,1,2,3,49,0,4,1,1,1,0,0,1,1,E01012510,28-02-2018,2,2,1,1,54,8,3,0,0,0,0,-1,9,1
48992,73.89979191,18.49623701,7,3,3,1,5,18:28,128,E06000007,1,6,3,70,0,-1,-1,0,0,0,1,1,1,0,0,2,1,E01012551,10-03-2018,1,1,1,1,10,2,3,0,0,0,0,-1,1,1
48993,73.82073755,18.56879952,7,3,2,1,7,20:06,127,E06000050,3,533,6,30,6,2,4,5337,0,0,4,1,1,0,0,1,1,E01018714,12-03-2018,1,1,1,1,36,7,3,0,0,0,0,-1,9,1
48994,73.84724692,18.55169293,7,3,2,1,1,15:50,120,E06000050,3,5104,6,30,3,2,6,0,0,0,1,1,1,0,0,1,1,E01018353,06-03-2018,2,2,1,1,39,7,3,0,0,0,0,-1,9,1
48995,73.77596705,18.50225845,7,3,1,1,6,16:18,124,E06000006,3,562,3,70,0,-1,-1,0,0,0,1,1,1,0,0,2,1,E01026071,11-03-2018,1,1,1,1,27,6,3,0,0,0,0,-1,9,1
48996,73.88880043,18.63486693,7,3,1,1,7,12:30,124,E06000006,6,0,6,30,3,4,6,0,0,0,1,1,2,0,0,1,1,E01012388,12-03-2018,1,1,1,1,23,5,3,0,0,0,0,-1,9,1
48997,73.84524257,18.5380559,7,3,2,1,6,19:30,123,E06000050,3,540,3,70,3,4,6,0,0,0,6,1,1,0,0,2,1,E01018367,11-03-2018,1,1,3,2,75,10,3,5,3,0,0,-1,0,1
48998,73.91858057,18.60127726,7,3,1,2,3,10:25,123,E06000050,6,0,6,30,0,-1,-1,0,0,0,1,2,2,0,0,1,1,E01018529,18-01-2018,2,1,1,1,42,7,3,0,0,0,0,-1,5,1
48999,73.81922904,18.50129222,7,3,1,1,1,11:00,127,E06000050,3,533,6,30,3,4,6,0,0,0,1,1,1,0,0,1,1,E01018672,13-03-2018,2,1,1,2,26,6,3,0,0,0,0,-1,1,1
49000,73.85682087,18.51712997,7,3,2,1,4,16:30,127,E06000050,5,833,6,60,3,4,6,0,0,0,1,1,1,0,0,2,1,E01018349,09-03-2018,1,1,1,2,40,7,3,0,0,0,0,-1,9,1
49001,73.88551132,18.50089224,7,3,2,1,7,09:35,127,E06000050,3,533,6,60,0,-1,-1,0,0,0,1,1,1,0,0,2,1,E01018675,12-03-2018,1,1,2,1,21,5,3,0,0,1,0,-1,9,1
49002,73.81333732,18.52096863,7,3,3,2,7,09:54,120,E06000050,3,56,6,30,9,4,6,0,0,0,1,4,1,0,0,1,1,E01018343,12-03-2018,2,1,1,1,38,7,3,0,0,0,0,-1,9,1
49003,73.91183174,18.49301242,7,3,3,1,6,09:30,128,E06000007,3,574,6,60,1,4,1,62,0,0,1,4,1,0,0,2,1,E01012462,11-03-2018,2,2,2,1,12,3,3,0,0,1,0,-1,9,1
49004,73.78160628,18.61790819,7,3,2,1,6,08:20,128,E06000007,5,1049,6,30,3,3,6,0,0,0,1,4,2,0,0,1,1,E01012484,11-03-2018,2,1,2,2,39,7,3,0,0,1,0,-1,9,1
49005,73.93452138,18.4942438,7,3,2,1,7,20:47,126,E06000049,1,6,3,70,0,-1,-1,0,0,0,6,1,1,0,0,2,1,E01018648,12-03-2018,2,1,1,1,19,4,2,0,0,0,0,-1,9,1
49006,73.88675522,18.51353267,7,2,3,4,1,09:40,124,E06000006,1,56,3,70,0,-1,-1,0,0,0,1,1,1,0,0,2,1,E01012385,13-03-2018,2,1,1,1,49,8,3,0,0,0,0,-1,19,1
49007,73.85060559,18.64254619,7,3,3,2,6,07:38,126,E06000049,3,34,6,30,7,4,4,5087,0,4,1,1,2,4,0,1,1,E01018574,11-03-2018,2,1,1,1,16,4,3,0,0,0,0,-1,1,1
49008,73.84747879,18.61675606,7,3,1,1,6,23:30,126,E06000049,6,0,6,60,0,-1,-1,0,0,0,6,1,1,0,0,2,1,E01018597,11-03-2018,1,1,1,1,45,7,3,0,0,0,0,-1,9,1
49009,73.91859273,18.50628886,7,2,2,1,6,16:38,126,E06000049,6,0,6,60,6,2,5,414,0,0,1,1,2,0,0,2,1,E01018668,11-03-2018,2,2,1,1,38,7,3,0,0,0,0,-1,19,1
49010,73.77907454,18.63118114,7,3,1,2,6,23:00,122,E06000049,3,534,6,60,0,-1,-1,0,0,0,6,1,2,0,0,2,1,E01018469,11-03-2018,1,1,1,1,33,6,3,0,0,0,0,-1,9,1
49011,73.93619946,18.61038217,7,2,1,4,5,02:00,126,E06000049,5,106,6,60,0,-1,-1,0,0,0,1,1,2,0,0,2,1,E01018651,10-03-2018,1,1,1,2,43,7,3,0,0,0,0,-1,9,1
49012,73.89422537,18.59095335,7,3,2,1,2,18:30,128,E06000007,6,0,6,30,0,-1,-1,0,0,0,1,1,1,0,0,1,1,E01012536,07-03-2018,1,1,1,1,17,4,3,0,0,0,0,-1,2,1
49013,73.91750742,18.52849061,7,1,2,5,2,08:48,127,E06000050,3,49,6,60,0,-1,-1,0,0,0,1,1,1,0,0,2,1,E01018708,14-03-2018,2,1,1,1,35,6,2,0,0,0,0,-1,1,-1
49014,73.75570042,18.57209203,7,3,2,1,1,15:56,126,E06000049,3,556,3,60,0,-1,-1,0,0,0,1,1,1,0,0,2,1,E01018648,13-03-2018,1,1,1,2,44,7,3,0,0,0,0,-1,9,1
49015,73.81613524,18.52737425,7,3,2,3,3,08:55,127,E06000050,6,0,6,30,3,4,3,54,0,0,1,1,2,0,0,1,1,E01018745,01-03-2018,1,2,2,2,20,4,3,0,0,1,0,-1,9,1
49016,73.75994181,18.59127445,7,3,2,2,2,17:30,127,E06000050,3,49,6,60,6,2,3,54,0,0,4,2,2,0,0,2,1,E01018707,14-03-2018,2,1,1,1,38,7,3,0,0,0,0,-1,9,1
49017,73.79775091,18.49254487,7,2,2,5,2,18:22,128,E06000007,6,0,6,30,0,-1,-1,0,0,0,4,2,2,0,0,1,1,E01012456,14-03-2018,1,1,2,1,38,7,3,0,0,1,0,-1,9,-1
49018,73.84045641,18.57046973,7,3,2,1,2,07:40,127,E06000050,3,54,9,40,0,-1,-1,0,0,0,1,9,2,0,0,2,1,E01018722,14-03-2018,2,2,2,1,50,8,3,0,0,2,0,-1,9,1
49019,73.89773556,18.49152499,7,3,3,1,6,08:52,127,E06000050,3,533,6,30,3,4,6,0,0,0,1,1,2,0,0,1,1,E01018703,04-03-2018,3,3,2,2,29,6,3,0,0,2,0,-1,9,1
49020,73.86100876,18.63820775,7,3,2,1,2,09:30,121,E06000049,1,6,3,70,0,-1,-1,0,0,0,1,1,1,0,0,2,1,E01018418,07-03-2018,1,1,1,1,40,7,2,0,0,0,0,-1,1,1
49021,73.84146429,18.48840879,7,3,1,1,1,23:30,127,E06000050,1,6,3,70,0,-1,-1,0,0,0,6,1,1,0,0,2,1,E01018394,13-03-2018,1,2,2,2,24,5,3,0,0,2,0,-1,9,1
49022,73.79802705,18.62329098,7,3,3,1,5,19:00,121,E06000049,3,534,1,30,1,4,3,534,0,0,4,1,1,0,0,1,1,E01018442,03-03-2018,1,3,2,2,26,6,3,0,0,2,0,-1,9,1
49023,73.8679889,18.60247697,7,2,2,1,2,11:06,120,E06000050,3,540,6,50,0,-1,-1,0,0,0,1,1,1,0,0,2,1,E01018367,14-03-2018,1,4,2,2,24,5,3,0,0,2,0,-1,9,1
49024,73.89594166,18.61578133,7,3,2,1,2,21:10,127,E06000050,3,56,6,30,3,4,6,0,0,0,4,5,2,0,0,2,1,E01018708,14-03-2018,1,5,1,1,27,6,3,0,0,0,0,-1,9,1
49025,73.84662344,18.57352766,7,3,2,1,3,22:55,127,E06000050,6,0,6,30,0,-1,-1,0,0,0,4,1,1,0,0,1,1,E01018730,15-03-2018,2,1,2,2,23,5,3,0,0,2,0,-1,8,1
49026,73.79996838,18.53224405,7,3,1,2,2,16:50,128,E06000007,3,574,6,30,0,-1,-1,0,0,0,1,1,1,0,0,2,1,E01012497,07-03-2018,1,1,3,2,13,3,2,5,1,0,0,-1,0,-1
49027,73.81328823,18.59758764,7,2,2,1,3,16:17,128,E06000007,3,574,1,60,1,4,6,0,0,0,1,1,1,0,0,1,1,E01012460,15-03-2018,1,1,3,2,87,11,3,4,1,0,0,-1,0,1
49028,73.74346966,18.51130886,7,3,2,1,7,16:15,121,E06000049,6,0,6,30,6,4,6,0,0,0,1,1,1,0,0,1,1,E01018398,05-03-2018,1,1,1,1,39,7,2,0,0,0,0,-1,5,1
49029,73.84395871,18.54554875,7,2,2,2,3,17:36,126,E06000049,1,6,3,70,0,-1,-1,0,0,0,1,1,1,0,0,2,1,E01018648,15-03-2018,2,1,1,2,39,7,3,0,0,0,0,-1,9,1
49030,73.95208388,18.58624574,7,3,3,1,2,16:00,121,E06000049,3,535,6,50,3,4,5,313,0,0,1,1,1,0,0,2,1,E01018412,07-03-2018,2,1,1,1,37,7,3,0,0,0,0,-1,9,-1
49031,73.9203381,18.6178481,7,3,2,2,3,16:00,122,E06000049,3,534,1,30,1,2,3,532,0,0,1,1,1,0,0,1,1,E01018501,08-03-2018,3,2,1,1,36,7,3,0,0,0,0,-1,9,1
49032,73.8005873,18.50163231,7,3,2,1,4,16:46,126,E06000049,6,0,6,30,3,4,6,0,0,0,1,4,2,0,0,1,1,E01018627,02-03-2018,1,1,2,2,42,7,3,0,0,1,0,-1,9,1
49033,73.86881437,18.54811095,7,3,2,1,4,10:40,124,E06000006,5,710,6,30,0,-1,-1,0,0,0,1,1,1,0,0,1,1,E01012383,16-03-2018,2,2,2,1,36,7,3,0,0,1,0,-1,9,1
49034,73.81797094,18.61035413,7,3,1,1,1,13:18,126,E06000049,4,5087,6,60,0,-1,-1,0,0,0,1,1,1,0,0,2,1,E01018669,13-03-2018,2,3,2,2,31,6,3,0,0,2,0,-1,9,1
49035,73.77057981,18.55226922,7,3,2,1,2,18:50,120,E06000050,3,540,1,30,1,4,6,0,0,0,4,9,1,0,0,1,1,E01018310,14-03-2018,2,4,2,2,51,8,3,0,0,2,0,-1,9,1
49036,73.89784408,18.60338144,7,3,2,1,6,08:30,122,E06000049,6,0,3,30,3,4,6,0,0,0,1,1,1,0,0,1,1,E01018513,11-03-2018,2,5,2,2,10,2,3,0,0,2,0,-1,9,1
49037,73.83027991,18.52699098,7,3,2,1,3,11:30,122,E06000049,6,0,6,30,3,4,6,0,0,0,1,1,1,0,0,1,1,E01018501,15-03-2018,1,1,1,2,65,9,3,0,0,0,0,-1,9,1
49038,73.89667855,18.58282752,7,2,2,1,3,17:15,126,E06000049,3,537,6,60,6,2,3,34,0,0,1,1,2,0,0,2,1,E01018580,15-03-2018,1,2,1,1,25,5,3,0,0,0,0,-1,9,-1
49039,73.909267,18.56005641,7,3,1,1,4,08:45,127,E06000050,3,54,6,60,0,-1,-1,0,0,0,1,8,2,0,0,2,1,E01018725,16-03-2018,2,1,1,2,30,6,3,0,0,0,0,-1,9,1
49040,73.8648301,18.53324522,7,3,2,2,4,14:31,127,E06000050,6,0,1,30,1,4,5,613,0,0,1,1,2,0,0,1,1,E01018746,16-03-2018,1,1,1,1,40,7,3,0,0,0,0,-1,9,-1
49041,73.91952882,18.61285147,7,3,2,5,3,15:08,124,E06000006,6,0,6,30,6,2,6,0,2,5,1,1,1,0,0,1,1,E01012399,15-03-2018,1,1,3,2,21,5,3,6,5,0,0,-1,0,1
49042,73.95564999,18.61829606,7,3,1,1,3,10:54,128,E06000007,1,6,3,70,0,-1,-1,0,0,0,1,4,1,0,0,2,1,E01012515,15-03-2018,2,1,1,2,17,4,3,0,0,0,0,-1,9,1
49043,73.9002109,18.60139834,7,1,1,1,4,14:16,126,E06000049,3,34,6,60,0,-1,-1,0,0,0,1,1,2,0,0,2,1,E01018597,16-03-2018,1,1,1,1,27,6,3,0,0,0,0,-1,8,1
49044,73.92973765,18.498819,7,3,1,1,3,17:16,128,E06000007,4,5212,6,60,0,-1,-1,0,0,0,1,1,1,0,0,2,1,E01012475,15-03-2018,1,2,2,1,45,7,3,0,0,2,0,-1,8,1
49045,73.7650218,18.62330104,7,3,1,1,6,14:40,127,E06000050,6,0,6,60,0,-1,-1,0,0,0,1,1,1,0,0,2,1,E01018680,04-03-2018,1,1,1,2,44,7,3,0,0,0,0,-1,9,1
49046,73.95490552,18.59499665,7,3,1,1,3,06:44,122,E06000049,5,501,6,60,0,-1,-1,0,0,0,1,1,2,0,0,2,1,E01018480,15-03-2018,2,1,1,1,38,7,3,0,0,0,0,-1,9,1
49047,73.74567996,18.56497511,7,2,3,1,2,11:07,120,E06000050,3,540,1,50,1,4,3,5117,0,0,1,1,1,0,0,2,1,E01018367,14-03-2018,2,1,1,2,29,6,3,0,0,0,0,-1,9,1
49048,73.75904602,18.59755279,7,2,3,1,3,17:50,126,E06000049,3,535,6,60,0,-1,-1,0,0,0,1,1,1,0,0,2,1,E01018597,15-03-2018,2,1,1,1,40,7,3,0,0,0,0,-1,1,1
49049,73.8738496,18.51692798,7,3,2,1,4,08:03,122,E06000049,6,0,6,60,0,-1,-1,0,0,0,1,1,2,0,0,2,1,E01018481,16-03-2018,1,1,3,1,12,3,3,5,1,0,0,-1,0,1
49050,73.86454866,18.52598778,7,3,3,2,2,11:07,120,E06000050,3,540,6,50,3,4,6,0,0,0,1,1,1,0,0,2,1,E01018367,14-03-2018,1,1,1,1,41,7,3,0,0,0,0,-1,9,1
49051,73.83028867,18.62919909,7,3,1,3,3,20:04,126,E06000049,6,0,6,60,0,-1,-1,0,0,0,6,1,2,7,0,2,1,E01018661,15-03-2018,1,1,2,2,46,8,3,0,0,1,0,-1,9,-1
49052,73.90951207,18.57608503,7,2,2,1,5,10:30,124,E06000006,5,2017,6,30,8,4,6,0,0,0,1,1,1,0,0,1,1,E01012404,17-03-2018,1,1,3,1,37,7,3,9,5,0,0,-1,0,1
49053,73.74027938,18.56567077,7,3,2,1,5,17:04,124,E06000006,6,0,1,30,1,4,6,0,0,0,1,1,1,0,0,1,1,E01012445,10-03-2018,1,2,2,2,54,8,3,0,0,2,0,-1,9,1
49054,73.93825373,18.5337178,7,3,2,1,5,16:05,124,E06000006,6,0,6,30,0,-1,-1,0,0,0,1,1,1,0,0,1,1,E01012405,17-03-2018,2,1,1,2,21,5,3,0,0,0,0,-1,9,1
49055,73.73644179,18.54727149,7,3,2,1,5,10:10,128,E06000007,3,49,6,30,6,2,6,0,0,0,1,1,1,0,0,1,1,E01012509,17-03-2018,1,1,1,1,18,4,3,0,0,0,0,-1,9,1
49056,73.87051384,18.531239,7,2,1,1,7,23:30,122,E06000049,6,0,9,30,8,4,6,0,0,0,7,1,1,0,7,2,1,E01018514,05-03-2018,2,1,2,2,19,4,3,0,0,2,0,-1,9,-1
49057,73.85121918,18.62046247,7,3,1,1,4,09:25,122,E06000049,3,530,6,60,0,-1,-1,0,0,0,1,2,2,0,0,2,1,E01018444,16-03-2018,1,1,1,1,36,7,3,0,0,0,0,-1,9,1
49058,73.76279331,18.50472265,7,3,3,1,5,08:56,121,E06000049,3,34,6,60,0,-1,-1,0,0,0,1,1,1,0,0,2,1,E01018431,17-03-2018,1,1,1,2,35,6,3,0,0,0,0,-1,9,1
49059,73.83383787,18.54198795,7,3,2,1,4,10:01,122,E06000049,1,6,3,70,0,-1,-1,0,0,0,1,2,2,0,0,2,1,E01018465,16-03-2018,1,2,2,1,45,7,3,0,0,1,0,-1,9,1
49060,73.81740936,18.64628631,7,3,2,2,5,15:34,126,E06000049,1,6,3,70,0,-1,-1,0,0,0,1,1,1,0,0,2,1,E01018598,17-03-2018,2,1,1,2,31,6,3,0,0,0,0,-1,9,1
49061,73.77312633,18.60203801,7,3,2,3,2,07:50,121,E06000049,6,0,6,30,0,-1,6,0,0,0,1,1,2,0,0,1,1,E01018422,07-02-2018,2,2,2,1,40,7,3,0,0,1,0,-1,9,1
49062,73.8191086,18.58134318,7,3,2,1,2,21:59,121,E06000049,6,0,6,30,9,4,5,839,0,0,4,8,2,0,0,1,1,E01018442,28-02-2018,1,1,1,1,24,5,3,0,0,0,0,-1,9,1
49063,73.88002654,18.55678811,7,3,2,1,7,17:39,124,E06000006,6,0,3,30,7,2,3,533,0,0,1,1,1,0,0,1,1,E01012409,19-03-2018,2,1,1,1,20,4,3,0,0,0,0,-1,1,-1