Accident_Index,longitude,latitude,Police_Force,Accident_Severity,Number_of_Vehicles,Number_of_Casualties,Day_of_Week,Time,Local_Authority_(District),Local_Authority_(Highway),1st_Road_Class,1st_Road_Number,Road_Type,Speed_limit,Junction_Detail,Junction_Control,2nd_Road_Class,2nd_Road_Number,Pedestrian_Crossing-Human_Control,Pedestrian_Crossing-Physical_Facilities,Light_Conditions,Weather_Conditions,Road_Surface_Conditions,Special_Conditions_at_Site,Carriageway_Hazards,Urban_or_Rural_Area,Did_Police_Officer_Attend_Scene_of_Accident,LSOA_of_Accident_Location,Date,Vehicle_Reference,Casualty_Reference,Casualty_Class,Sex_of_Casualty,Age_of_Casualty,Age_Band_of_Casualty,Casualty_Severity,Pedestrian_Location,Pedestrian_Movement,Car_Passenger,Bus_or_Coach_Passenger,Pedestrian_Road_Maintenance_Worker,Casualty_Type,Casualty_Home_Area_Type
49184,73.76056287,18.55467834,7,3,2,1,5,16:20,120,E06000050,6,0,6,60,0,-1,-1,0,0,0,1,1,1,3,0,2,1,E01018371,24-03-2018,2,1,1,2,39,7,3,0,0,0,0,-1,9,1
49185,73.78492047,18.60340237,7,3,1,3,1,05:05,128,E06000007,3,574,6,30,3,4,6,0,0,0,4,2,2,0,0,2,1,E01012476,27-03-2018,1,1,1,1,25,5,2,0,0,0,0,-1,9,1
49186,73.88547502,18.49890799,7,3,2,2,5,08:29,120,E06000050,4,5445,6,60,3,4,6,0,0,0,1,1,2,0,0,2,1,E01018335,31-03-2018,2,2,1,1,40,7,3,0,0,0,0,-1,8,1
49187,73.77086528,18.55719011,7,3,2,1,5,05:00,123,E06000050,4,5463,6,30,0,-1,-1,0,0,0,4,1,2,0,0,1,1,E01018549,31-03-2018,2,4,2,2,68,10,3,0,0,2,0,-1,8,1
49188,73.84974372,18.54180858,7,3,2,1,4,06:50,121,E06000049,1,6,3,70,0,-1,-1,0,0,0,1,2,2,0,0,2,1,E01018433,30-03-2018,3,3,1,2,20,4,3,0,0,0,0,-1,9,1
49189,73.83594056,18.52571842,7,3,2,1,1,17:30,122,E06000049,4,5071,9,30,0,-1,-1,0,0,0,1,1,1,0,0,2,1,E01018517,27-03-2018,1,1,1,1,35,6,3,0,0,0,0,-1,9,1
49190,73.83536688,18.61664458,7,3,2,1,7,10:00,126,E06000049,3,34,6,40,1,4,3,34,0,0,1,1,1,0,0,2,1,E01018574,12-03-2018,1,2,2,2,21,5,3,0,0,1,0,-1,9,1
49191,73.79549276,18.64588474,7,3,2,1,3,13:20,122,E06000049,6,0,6,30,3,4,6,0,0,0,1,1,1,0,0,1,1,E01018512,29-03-2018,2,1,1,1,44,7,3,0,0,0,0,-1,9,1
49192,73.9066962,18.64691333,7,2,1,1,3,02:01,122,E06000049,6,0,6,60,0,-1,-1,0,0,0,6,1,1,0,0,2,1,E01018356,29-03-2018,1,1,1,1,18,4,3,0,0,0,0,-1,3,1
49193,73.83355702,18.64664283,7,2,2,1,3,13:09,126,E06000049,3,537,3,60,6,4,5,424,0,0,1,1,1,0,0,2,1,E01018654,29-03-2018,1,1,1,1,43,7,3,0,0,0,0,-1,9,1
49194,73.76682717,18.56847779,7,3,1,1,4,13:50,121,E06000049,1,6,2,70,5,4,1,6,0,0,1,2,2,0,0,2,1,E01018418,30-03-2018,1,2,2,1,9,2,3,0,0,1,0,-1,9,1
49195,73.94144108,18.49785612,7,3,4,2,4,10:58,126,E06000049,3,556,3,60,0,-1,-1,0,0,0,1,2,2,0,0,2,1,E01018648,30-03-2018,3,3,2,2,7,2,3,0,0,2,0,-1,9,1
49196,73.83345561,18.64409711,7,3,2,3,4,17:09,122,E06000049,3,530,6,60,3,4,5,501,0,0,1,2,2,0,0,2,1,E01018480,30-03-2018,1,2,2,2,50,8,3,0,0,2,0,-1,9,-1
49197,73.86753708,18.52473023,7,3,2,1,2,08:15,126,E06000049,4,5090,6,30,0,-1,-1,0,0,0,1,1,1,0,0,2,1,E01018575,21-02-2018,2,1,1,1,24,5,3,0,0,0,0,-1,3,-1
49198,73.78806754,18.57776547,7,3,2,1,4,08:50,126,E06000049,1,6,3,70,0,-1,-1,0,0,0,1,2,2,0,0,2,1,E01018648,30-03-2018,1,1,3,1,27,6,2,5,1,0,0,-1,0,-1
49199,73.82816759,18.63753326,7,3,2,1,4,15:35,128,E06000007,6,0,6,30,3,4,6,0,0,0,1,1,2,0,0,1,1,E01012534,30-03-2018,1,1,3,1,13,3,3,5,1,0,0,-1,0,1
49200,73.90541677,18.645823,7,3,2,1,1,21:29,124,E06000006,3,562,3,70,0,-1,-1,0,0,0,4,2,2,0,0,2,1,E01012443,03-04-2018,1,2,1,2,53,8,3,0,0,0,0,-1,9,1
49201,73.87323608,18.62452226,7,2,2,1,6,14:10,127,E06000050,6,0,6,40,0,-1,-1,0,0,0,1,2,2,0,0,1,1,E01018749,01-04-2018,2,1,1,1,21,5,3,0,0,0,0,-1,19,1
49202,73.81543919,18.49407022,7,3,2,1,7,10:35,123,E06000050,6,0,6,60,0,-1,-1,0,0,0,1,1,1,0,0,2,1,E01018518,02-04-2018,2,1,1,1,43,7,3,0,0,0,0,-1,11,1
49203,73.78708874,18.63005054,7,3,3,1,7,11:00,120,E06000050,3,534,6,60,6,4,4,5130,0,0,1,1,1,0,0,2,1,E01018339,02-04-2018,1,1,1,2,54,8,3,0,0,0,0,-1,9,1
49204,73.77236298,18.55479005,7,3,1,1,7,20:14,120,E06000050,6,0,6,30,0,-1,-1,0,0,0,4,1,1,0,0,1,1,E01018311,02-04-2018,1,2,3,1,74,10,2,1,4,0,0,-1,0,1
49205,73.86793709,18.59568867,7,3,2,1,6,15:40,120,E06000050,3,56,3,30,6,2,6,0,0,5,1,4,1,4,0,1,1,E01018327,01-04-2018,1,1,3,2,11,3,3,4,4,0,0,-1,0,1
49206,73.8741278,18.52776579,7,3,1,1,7,17:45,127,E06000050,6,0,6,30,3,4,6,0,0,0,1,1,1,0,0,1,1,E01018736,02-04-2018,2,1,1,1,48,8,3,0,0,0,0,-1,9,1
49207,73.85522291,18.57139868,7,3,2,2,5,08:45,120,E06000050,5,209,6,60,0,-1,-1,0,0,0,1,1,1,0,0,2,1,E01018335,31-03-2018,1,1,1,2,34,6,3,0,0,0,0,-1,9,1
49208,73.95235622,18.61360403,7,3,2,1,6,19:45,127,E06000050,6,0,2,30,3,4,6,0,0,0,4,1,1,0,0,1,1,E01018747,01-04-2018,1,3,2,1,28,6,3,0,0,1,0,-1,9,1
49209,73.8456006,18.53854291,7,3,3,2,6,08:45,127,E06000050,3,556,3,70,0,-1,-1,0,0,0,1,2,2,0,2,2,1,E01018683,01-04-2018,2,2,1,1,50,8,3,0,0,0,0,-1,9,1
49210,73.77838874,18.49554825,7,3,2,2,6,13:30,128,E06000007,6,0,6,30,3,4,3,57,0,0,1,1,1,0,0,1,1,E01012500,01-04-2018,1,1,1,1,44,7,3,0,0,0,0,-1,9,1
49211,73.89331193,18.56883307,7,3,1,1,4,20:40,126,E06000049,6,0,6,30,0,-1,-1,0,0,0,4,2,2,0,0,1,1,E01018600,30-03-2018,1,2,2,2,44,7,3,0,0,1,0,-1,9,1
49212,73.86591936,18.522657,7,3,2,2,4,22:05,127,E06000050,1,6,3,70,0,-1,-1,0,0,0,6,2,2,0,0,2,1,E01018722,30-03-2018,2,1,2,2,61,9,3,0,0,1,0,-1,9,1
49213,73.96155669,18.54074839,7,3,2,1,6,10:26,122,E06000049,6,0,6,30,0,-1,-1,0,0,0,1,8,2,0,2,1,1,E01018464,01-04-2018,2,2,1,2,40,7,3,0,0,0,0,-1,9,1
49214,73.84227224,18.57892945,7,2,1,1,1,19:41,128,E06000007,1,6,3,70,0,-1,-1,0,0,0,1,1,1,0,0,2,1,E01012472,03-04-2018,2,1,1,1,36,7,2,0,0,0,0,-1,1,-1
49215,73.88496516,18.60908226,7,3,2,1,6,16:37,126,E06000049,6,0,6,30,3,4,5,412,0,0,1,1,1,0,0,1,1,E01018665,01-04-2018,2,1,2,2,40,7,3,0,0,1,0,-1,9,1
49216,73.74549145,18.49269806,7,3,2,1,1,17:10,126,E06000049,6,0,6,30,0,-1,-1,0,0,0,1,1,1,0,0,1,1,E01018631,03-04-2018,1,1,3,1,78,11,3,4,3,0,0,-1,0,-1
49217,73.86768876,18.6456708,7,3,2,1,2,19:10,128,E06000007,3,562,6,50,0,-1,-1,0,0,0,1,1,1,0,0,2,1,E01012530,04-04-2018,1,1,2,2,19,4,3,0,0,1,0,-1,9,1
49218,73.94195583,18.62962779,7,3,1,1,7,20:30,127,E06000050,4,5152,6,30,3,4,6,0,0,0,4,9,1,0,0,2,1,E01018688,19-03-2018,1,1,3,1,15,3,3,4,4,0,0,-1,0,1
49219,73.75210352,18.63265803,7,3,1,1,2,23:10,120,E06000050,5,224,6,30,0,-1,-1,0,0,0,7,1,1,0,0,1,1,E01018343,04-04-2018,1,1,1,1,51,8,2,0,0,0,0,-1,3,1
49220,73.8044867,18.63903158,7,3,1,1,2,16:20,128,E06000007,6,0,6,30,0,-1,-1,0,0,0,1,1,1,0,0,1,1,E01012537,04-04-2018,2,1,1,1,24,5,3,0,0,0,0,-1,5,1
49221,73.84313753,18.52141335,7,3,3,2,2,13:00,122,E06000049,1,6,3,70,0,-1,-1,0,0,0,1,1,1,0,0,2,1,E01018465,04-04-2018,2,1,1,1,17,4,3,0,0,0,0,-1,2,1
49222,73.77612015,18.50624315,7,3,3,1,6,11:30,128,E06000007,6,0,1,60,1,4,6,0,0,0,1,1,1,0,0,2,1,E01012568,01-04-2018,2,1,1,1,23,5,3,0,0,0,0,-1,9,1
49223,73.74881375,18.64391338,7,3,2,1,4,12:30,127,E06000050,3,5018,1,30,1,4,6,0,0,0,1,1,1,5,0,1,1,E01018747,16-03-2018,1,1,3,2,12,3,3,5,4,0,0,-1,0,1
49224,73.83199725,18.50575649,7,3,2,1,2,17:25,126,E06000049,5,104,6,60,0,-1,-1,0,0,0,1,2,2,0,0,2,1,E01018648,04-04-2018,1,1,2,2,42,7,3,0,0,1,0,-1,9,1
49225,73.77497281,18.64525094,7,3,2,2,3,14:15,128,E06000007,3,49,6,30,0,-1,-1,0,0,0,1,1,1,4,0,1,1,E01012483,29-03-2018,2,2,2,2,33,6,3,0,0,1,0,-1,9,1
49226,73.84773824,18.62187615,7,3,2,1,2,08:19,128,E06000007,1,6,3,70,0,-1,-1,0,0,0,1,1,1,0,0,2,1,E01012513,04-04-2018,1,2,2,1,19,4,3,0,0,1,0,-1,9,1
49227,73.78693035,18.51954026,7,3,2,1,3,17:20,127,E06000050,4,5153,6,30,3,4,5,619,0,0,1,1,1,0,0,2,1,E01018727,15-03-2018,3,1,1,1,51,8,3,0,0,0,0,-1,9,1
49228,73.78197963,18.51142827,7,3,1,1,3,11:25,128,E06000007,4,5159,6,30,3,2,4,5159,0,0,1,1,1,0,0,2,1,E01012518,05-04-2018,1,1,3,2,18,4,3,1,4,0,0,-1,0,-1
49229,73.77614774,18.63010055,7,3,2,2,3,19:08,128,E06000007,3,574,6,30,6,4,6,0,0,0,1,1,1,0,0,2,1,E01012475,05-04-2018,1,2,3,2,18,4,2,1,4,0,0,-1,0,-1
49230,73.93601962,18.50277015,7,3,2,1,2,17:40,124,E06000006,4,5178,6,30,0,-1,-1,0,0,0,1,2,2,0,0,1,1,E01012414,04-04-2018,2,1,1,1,21,5,3,0,0,0,0,-1,9,1
49231,73.93347662,18.60021785,7,3,2,1,5,21:54,121,E06000049,3,534,6,60,3,4,1,6,0,0,4,1,2,0,0,2,1,E01018439,24-03-2018,2,2,2,1,21,5,3,0,0,1,0,-1,9,-1
49232,73.95227148,18.57126663,7,3,2,1,3,09:39,122,E06000049,3,500,6,60,0,-1,-1,0,0,0,1,1,1,0,0,2,1,E01018465,05-04-2018,3,3,1,1,52,8,3,0,0,0,0,-1,9,1
49233,73.84016381,18.53031342,7,3,2,2,3,12:13,122,E06000049,4,5074,6,30,3,4,6,0,0,0,1,1,1,4,0,2,1,E01018480,05-04-2018,3,1,1,2,23,5,3,0,0,0,0,-1,9,1
49234,73.83148744,18.50531969,7,3,2,1,3,04:55,121,E06000049,6,0,6,20,0,-1,-1,0,0,0,1,1,1,0,0,1,1,E01018436,05-04-2018,1,1,3,1,12,3,3,6,6,0,0,-1,0,-1
49235,73.86341273,18.5597534,7,3,2,1,6,21:29,126,E06000049,1,56,3,70,0,-1,-1,0,0,0,1,9,1,0,0,2,2,E01018648,18-02-2018,1,1,1,2,44,7,3,0,0,0,0,-1,9,1
49236,73.93457152,18.61716936,7,3,2,1,3,14:40,127,E06000050,3,50,6,60,3,4,4,5082,0,0,1,1,1,0,0,2,1,E01018411,08-03-2018,2,1,1,2,25,5,3,0,0,0,0,-1,9,1
49237,73.82168027,18.53152966,7,3,2,1,4,07:30,127,E06000050,3,533,6,30,3,4,6,0,0,0,1,2,2,0,0,1,1,E01018700,06-04-2018,1,1,3,2,15,3,3,5,9,0,0,-1,0,1
49238,73.85323178,18.54470941,7,3,2,1,4,17:28,123,E06000050,4,5132,6,30,3,4,6,0,0,0,1,1,1,0,0,1,1,E01018526,06-04-2018,2,1,1,2,35,6,3,0,0,0,0,-1,9,1
49239,73.86259037,18.58145997,7,3,2,1,4,20:36,127,E06000050,6,0,1,30,2,4,6,0,0,0,4,2,2,0,0,1,1,E01018730,06-04-2018,2,2,2,2,60,9,3,0,0,1,0,-1,9,1
49240,73.88022568,18.54852378,7,3,2,1,6,12:34,127,E06000050,3,559,6,60,3,4,4,5075,0,0,1,1,1,0,0,2,1,E01018721,25-03-2018,1,1,1,1,30,6,3,0,0,0,0,-1,9,1
49241,73.90176807,18.57987353,7,2,2,2,6,23:46,124,E06000006,4,5178,6,30,0,-1,-1,0,0,0,4,1,1,0,0,2,1,E01012422,01-04-2018,1,2,1,2,58,9,3,0,0,0,0,-1,9,1
49242,73.88764689,18.63239474,7,3,2,1,1,16:45,128,E06000007,3,579,6,60,0,-1,-1,0,0,0,6,1,1,0,0,2,1,E01012472,27-03-2018,1,3,2,2,25,5,3,0,0,1,0,-1,9,-1
49243,73.86837489,18.59601679,7,3,2,1,6,18:15,128,E06000007,6,0,6,60,0,-1,-1,0,0,0,1,1,1,0,0,2,1,E01012385,01-04-2018,2,1,1,1,30,6,3,0,0,0,0,-1,19,1
49244,73.91124476,18.60524222,7,3,3,1,1,13:02,124,E06000006,4,5419,6,60,0,-1,-1,0,0,0,1,1,1,0,0,2,1,E01012393,03-04-2018,2,1,2,2,65,9,3,0,0,1,0,-1,9,1
49245,73.90538528,18.6217739,7,3,2,1,4,10:25,128,E06000007,5,1004,6,30,3,4,5,1045,0,0,1,1,2,0,0,2,1,E01012471,06-04-2018,3,2,2,2,75,10,3,0,0,1,0,-1,9,1
49246,73.79701212,18.50096519,7,2,3,4,5,10:40,124,E06000006,3,533,6,60,0,-1,-1,0,0,0,1,5,2,0,0,1,1,E01012404,07-04-2018,1,1,2,2,51,8,3,0,0,0,4,-1,11,-1
49247,73.96241863,18.56113645,7,3,2,1,2,23:49,128,E06000007,6,0,6,30,3,4,6,0,0,0,1,1,1,0,0,1,1,E01012535,04-04-2018,1,1,3,2,12,3,3,5,2,0,0,-1,0,-1
49248,73.76055541,18.56262179,7,3,3,2,5,23:41,120,E06000050,3,5268,3,30,7,2,3,548,0,5,4,1,1,0,0,1,1,E01018326,07-04-2018,2,1,1,1,40,7,3,0,0,0,0,-1,8,-1
49249,73.95337654,18.52700762,7,3,2,2,7,17:00,120,E06000050,3,5104,6,30,0,-1,-1,0,0,0,1,1,1,0,0,1,1,E01018332,02-04-2018,1,1,1,1,62,9,3,0,0,0,0,-1,9,1
49250,73.83420565,18.62502071,7,3,2,1,5,09:29,120,E06000050,6,0,3,40,0,-1,-1,0,0,0,1,5,2,0,0,1,1,E01018378,07-04-2018,2,2,2,1,63,9,3,0,0,1,0,-1,9,1
49251,73.92263293,18.57111083,7,3,2,1,2,13:10,120,E06000050,3,5115,1,40,1,4,3,55,0,0,1,1,1,0,0,1,1,E01018320,14-03-2018,1,1,3,2,8,2,3,5,4,0,0,-1,0,1
49252,73.92952549,18.53001376,7,3,2,2,4,15:45,127,E06000050,3,54,6,60,3,4,6,0,0,0,1,1,2,0,0,2,1,E01018680,06-04-2018,2,1,1,1,45,7,3,0,0,0,0,-1,9,1
49253,73.74825589,18.64191459,7,3,2,2,2,15:40,124,E06000006,3,56,1,60,1,4,1,56,0,0,1,1,1,0,0,2,1,E01012385,21-03-2018,1,1,1,1,48,8,3,0,0,0,0,-1,9,1
49254,73.85290959,18.5023522,7,3,2,1,2,17:20,124,E06000006,5,751,1,30,2,4,6,0,0,0,1,1,1,0,0,2,1,E01012416,04-04-2018,1,1,1,2,30,6,3,0,0,0,0,-1,9,1
49255,73.87949595,18.5089889,7,3,2,1,5,06:25,120,E06000050,5,202,6,20,3,2,3,540,0,5,1,1,2,4,0,1,1,E01018328,07-04-2018,2,2,1,2,59,9,2,0,0,0,0,-1,9,1
49256,73.91235365,18.49640061,7,3,2,1,5,07:15,128,E06000007,1,56,3,70,0,-1,-1,0,0,0,1,2,2,0,0,2,1,E01012503,07-04-2018,1,1,3,1,12,3,2,5,1,0,0,-1,0,1
49257,73.79691049,18.63546689,7,3,1,1,5,08:34,128,E06000007,1,6,2,70,5,4,1,6,0,0,1,1,2,0,0,2,1,E01012472,07-04-2018,2,1,1,1,35,6,3,0,0,0,0,-1,1,1
49258,73.81043016,18.64146448,7,3,3,1,4,08:40,126,E06000049,3,538,6,30,3,4,6,0,0,0,1,1,1,0,0,1,1,E01018644,23-03-2018,1,1,2,2,33,6,3,0,0,1,0,-1,9,1
49259,73.92851814,18.61649723,7,3,2,1,4,14:10,126,E06000049,4,5358,9,40,0,-1,6,0,0,0,7,9,1,0,0,2,2,E01005850,23-03-2018,1,2,2,2,14,3,3,0,0,2,0,-1,9,1
49260,73.86330578,18.64375605,7,3,2,1,5,17:40,121,E06000049,5,306,6,60,3,4,3,34,0,0,1,1,1,0,0,2,1,E01018393,24-03-2018,1,3,2,2,12,3,3,0,0,2,0,-1,9,1
49261,73.9153035,18.52372975,7,3,2,1,5,15:30,126,E06000049,4,5087,6,30,3,4,6,0,0,0,1,1,1,0,0,1,1,E01018616,24-03-2018,1,4,1,1,37,7,3,0,0,0,0,-1,9,1
49262,73.77405785,18.62411453,7,1,3,3,7,21:04,128,E06000007,3,57,6,30,0,-1,-1,0,0,0,4,1,1,0,0,1,1,E01012550,09-04-2018,1,1,3,2,44,7,3,6,9,0,0,-1,0,1
49263,73.93459608,18.62365459,7,2,2,2,1,17:50,128,E06000007,5,1018,6,60,3,4,5,1004,0,0,1,1,1,0,0,2,1,E01012468,10-04-2018,2,1,1,1,29,6,3,0,0,0,0,-1,3,1
49264,73.87641335,18.58189429,7,3,1,1,5,11:04,128,E06000007,6,0,6,30,0,-1,-1,0,0,0,1,1,2,0,0,1,1,E01012484,07-04-2018,1,1,1,2,53,8,3,0,0,0,0,-1,9,1
49265,73.83784228,18.55352099,7,2,1,2,1,19:20,124,E06000006,6,0,6,30,3,4,6,0,0,0,1,1,1,0,0,1,1,E01012430,10-04-2018,1,2,1,1,41,7,3,0,0,0,0,-1,8,1
49266,73.81854837,18.59455196,7,3,1,1,7,10:30,120,E06000050,6,0,2,30,0,-1,-1,0,0,0,1,1,1,0,0,1,1,E01018326,09-04-2018,2,1,1,1,30,6,2,0,0,0,0,-1,11,1
49267,73.80569894,18.58506246,7,2,1,2,1,13:20,123,E06000050,6,0,6,20,0,-1,-1,0,0,0,1,1,1,0,0,2,1,E01018564,10-04-2018,2,1,2,2,3,1,3,0,0,0,4,-1,11,-1
49268,73.9103392,18.60529981,7,3,1,3,3,19:00,127,E06000050,3,559,3,30,3,4,6,0,0,0,1,1,1,0,0,1,1,E01018714,05-04-2018,2,2,1,1,41,7,3,0,0,0,0,-1,11,-1
49269,73.92275958,18.54102523,7,3,2,1,5,13:45,120,E06000050,6,0,6,20,0,-1,-1,0,0,0,1,9,2,0,0,1,1,E01018374,07-04-2018,1,1,1,2,49,8,3,0,0,0,0,-1,9,1
49270,73.87087952,18.57242956,7,3,2,4,7,20:36,120,E06000050,3,51,6,40,0,-1,-1,0,0,0,4,1,2,0,0,2,1,E01018369,09-04-2018,1,1,1,1,17,4,3,0,0,0,0,-1,9,1
49271,73.78741933,18.58600454,7,3,2,2,3,17:45,127,E06000050,3,54,6,60,3,4,3,556,0,0,1,1,1,0,0,2,1,E01018707,05-04-2018,2,1,1,2,49,8,3,0,0,0,0,-1,9,1
49272,73.9389464,18.49868144,7,3,2,1,5,09:00,120,E06000050,3,540,6,50,8,4,6,0,0,0,1,5,2,0,0,2,1,E01018367,07-04-2018,2,1,1,1,44,7,3,0,0,0,0,-1,9,1
49273,73.92505106,18.49030824,7,3,1,1,5,13:57,120,E06000050,3,56,6,60,0,-1,-1,0,0,0,1,1,1,0,0,2,1,E01018358,07-04-2018,1,1,1,2,31,6,3,0,0,0,0,-1,9,1
49274,73.93219509,18.64520534,7,1,2,5,7,12:15,128,E06000007,3,57,6,60,0,-1,-1,0,0,0,1,1,2,0,0,2,1,E01012554,09-04-2018,1,1,1,2,20,4,3,0,0,0,0,-1,9,1
49275,73.76375513,18.611079,7,3,4,2,6,19:06,127,E06000050,3,56,6,60,3,4,4,5153,0,0,1,1,1,0,0,2,1,E01018708,08-04-2018,2,1,1,2,38,7,3,0,0,0,0,-1,9,1
49276,73.90427181,18.53787783,7,3,3,2,7,01:00,128,E06000007,1,56,3,70,0,-1,-1,0,0,0,6,1,1,0,0,2,1,E01012503,09-04-2018,3,1,1,1,36,7,3,0,0,0,0,-1,9,1
49277,73.74651461,18.50111715,7,2,1,1,5,18:15,128,E06000007,6,0,6,30,3,4,6,0,0,0,1,1,1,0,0,1,1,E01012478,07-04-2018,3,2,2,2,46,8,3,0,0,2,0,-1,9,1
49278,73.87587762,18.64216307,7,3,2,1,6,20:15,128,E06000007,6,0,1,30,2,4,6,0,0,1,4,1,1,0,0,1,1,E01012455,08-04-2018,1,1,2,2,21,5,3,0,0,1,0,-1,9,-1
49279,73.9351323,18.63319359,7,3,2,1,3,17:35,121,E06000049,6,0,6,30,0,-1,-1,0,0,0,1,1,1,0,0,1,1,E01018435,05-04-2018,1,2,2,2,21,5,3,0,0,2,0,-1,9,-1
49280,73.94109695,18.511937,7,3,2,1,4,20:50,128,E06000007,6,0,6,30,0,-1,-1,0,0,5,7,2,2,0,0,1,1,E01012456,06-04-2018,1,3,1,1,24,5,3,0,0,0,0,-1,9,1
49281,73.83763036,18.58652488,7,3,1,1,3,11:00,126,E06000049,6,0,9,30,0,-1,-1,0,0,0,1,1,1,0,0,1,1,E01018624,01-03-2018,2,1,1,1,58,9,3,0,0,0,0,-1,1,1
49282,73.86968621,18.63350906,7,3,1,1,1,09:15,128,E06000007,4,5204,6,30,0,-1,-1,0,0,0,1,1,2,0,0,2,1,E01012469,10-04-2018,2,1,1,2,42,7,3,0,0,0,0,-1,1,-1
49283,73.88757686,18.51341187,7,3,1,1,4,13:25,124,E06000006,6,0,2,30,3,4,5,2014,0,0,1,1,1,0,0,1,1,E01012424,06-04-2018,1,1,1,1,32,6,3,0,0,0,0,-1,9,-1
49284,73.86803425,18.60596972,7,3,3,2,2,17:25,127,E06000050,6,0,6,30,0,-1,-1,0,0,0,1,1,1,0,0,1,1,E01018713,11-04-2018,2,2,1,2,17,4,3,0,0,0,0,-1,9,-1
49285,73.92899202,18.57754969,7,3,2,1,3,16:00,128,E06000007,3,57,3,40,3,2,5,1023,0,4,1,1,1,0,0,1,1,E01012496,29-03-2018,1,1,3,2,33,6,3,5,9,0,0,-1,0,1
49286,73.75423091,18.59685938,7,3,2,1,2,17:50,127,E06000050,3,530,1,30,1,4,3,556,0,0,1,1,1,0,0,2,2,E01018718,11-04-2018,2,1,1,1,27,6,3,0,0,0,0,-1,1,1
49287,73.74403757,18.6154587,7,3,2,1,6,16:00,120,E06000050,3,41,6,40,3,4,6,0,0,0,1,1,1,0,0,1,1,E01018324,08-04-2018,1,1,3,2,28,6,3,5,3,0,0,-1,0,1
49288,73.7782621,18.61278167,7,3,2,1,2,18:00,128,E06000007,3,574,1,70,1,4,4,5210,0,0,1,1,1,0,0,2,1,E01012544,04-04-2018,1,1,1,2,31,6,3,0,0,0,0,-1,9,1
49289,73.73679926,18.51739316,7,3,2,2,7,11:47,124,E06000006,3,562,3,70,5,4,6,0,0,0,1,1,1,0,0,1,1,E01012410,09-04-2018,2,2,1,1,25,5,3,0,0,0,0,-1,9,-1
49290,73.84869179,18.51844229,7,3,2,2,5,15:30,124,E06000006,4,5419,6,30,1,4,5,2010,0,0,1,1,1,0,0,1,1,E01012443,07-04-2018,1,1,3,1,16,4,3,1,3,0,0,-1,0,1
49291,73.89233037,18.55360025,7,3,2,1,3,07:40,121,E06000049,3,54,6,60,0,-1,-1,0,0,0,1,1,1,0,0,2,1,E01018395,05-04-2018,1,1,3,1,32,6,3,5,2,0,0,-1,0,1
49292,73.95512878,18.62165711,7,3,2,1,3,17:45,122,E06000049,5,528,6,30,9,4,6,0,0,0,1,9,1,0,0,1,2,E01018477,05-04-2018,2,1,1,1,31,6,3,0,0,0,0,-1,3,1
49293,73.93014172,18.52423393,7,3,2,1,5,12:38,121,E06000049,3,50,6,50,0,-1,-1,0,0,0,1,2,2,4,0,2,1,E01018430,07-04-2018,1,1,1,2,26,6,3,0,0,0,0,-1,9,1
49294,73.81098977,18.54469727,7,3,2,1,5,10:14,122,E06000049,3,51,6,30,6,2,6,0,0,5,1,1,2,0,0,1,1,E01018451,07-04-2018,2,2,1,1,30,6,3,0,0,0,0,-1,9,1
49295,73.93446826,18.64690899,7,3,2,1,6,08:00,128,E06000007,5,1051,1,30,1,4,3,49,0,0,1,1,1,0,0,1,1,E01012480,08-04-2018,1,1,1,1,22,5,1,0,0,0,0,-1,9,-1
49296,73.93955598,18.58405177,7,3,2,1,6,12:15,122,E06000049,3,530,6,30,9,4,6,0,0,0,1,1,2,0,0,2,1,E01018503,08-04-2018,1,2,2,1,26,6,2,0,0,1,0,-1,9,-1
49297,73.86330171,18.56925479,7,3,7,2,3,08:25,126,E06000049,1,56,3,70,0,-1,-1,0,0,0,1,1,2,0,0,2,1,E01018648,12-04-2018,2,1,1,1,23,5,3,0,0,0,0,-1,8,1
49298,73.77124413,18.52900379,7,3,2,2,6,13:12,126,E06000049,4,5358,6,30,3,4,6,0,0,0,1,1,1,0,0,1,1,E01018593,08-04-2018,2,2,2,1,23,5,3,0,0,2,0,-1,8,1
49299,73.7439062,18.55175213,7,3,2,1,4,18:20,124,E06000006,6,0,6,30,0,-1,-1,0,0,0,1,1,1,0,0,1,1,E01012367,23-03-2018,1,1,1,2,36,7,3,0,0,0,0,-1,9,1
49300,73.77644474,18.57834396,7,3,3,1,7,21:06,122,E06000049,3,534,6,40,0,-1,-1,0,0,0,4,2,2,0,0,1,1,E01018505,09-04-2018,1,1,1,1,21,5,3,0,0,0,0,-1,3,1
49301,73.74152941,18.64168122,7,3,2,1,7,18:00,126,E06000049,6,0,6,30,0,-1,-1,0,0,0,1,1,1,0,0,1,2,E01018607,14-05-2018,2,1,1,1,60,9,3,0,0,0,0,-1,9,1
49302,73.75687129,18.63203541,7,3,2,2,5,16:35,124,E06000006,3,533,6,40,0,-1,-1,0,0,0,1,1,2,0,0,1,1,E01012430,31-03-2018,1,1,1,2,42,7,3,0,0,0,0,-1,9,1
49303,73.79022859,18.51193474,7,2,1,2,2,16:20,122,E06000049,6,0,6,60,0,-1,-1,0,0,0,1,1,1,0,0,2,1,E01018469,11-04-2018,1,1,1,1,23,5,3,0,0,0,0,-1,9,1