Accident_Index,longitude,latitude,Police_Force,Accident_Severity,Number_of_Vehicles,Number_of_Casualties,Day_of_Week,Time,Local_Authority_(District),Local_Authority_(Highway),1st_Road_Class,1st_Road_Number,Road_Type,Speed_limit,Junction_Detail,Junction_Control,2nd_Road_Class,2nd_Road_Number,Pedestrian_Crossing-Human_Control,Pedestrian_Crossing-Physical_Facilities,Light_Conditions,Weather_Conditions,Road_Surface_Conditions,Special_Conditions_at_Site,Carriageway_Hazards,Urban_or_Rural_Area,Did_Police_Officer_Attend_Scene_of_Accident,LSOA_of_Accident_Location,Date,Vehicle_Reference,Casualty_Reference,Casualty_Class,Sex_of_Casualty,Age_of_Casualty,Age_Band_of_Casualty,Casualty_Severity,Pedestrian_Location,Pedestrian_Movement,Car_Passenger,Bus_or_Coach_Passenger,Pedestrian_Road_Maintenance_Worker,Casualty_Type,Casualty_Home_Area_Type
49304,73.74198881,18.5259098,7,2,1,4,2,17:00,122,E06000049,4,5077,6,60,3,4,6,0,0,0,1,1,1,0,0,2,1,E01018465,11-04-2018,2,1,1,1,57,9,3,0,0,0,0,-1,11,1
49305,73.88524641,18.60434229,7,3,2,2,2,20:40,120,E06000050,3,56,1,30,1,2,3,5268,2,5,5,1,1,0,0,1,1,E01018326,11-04-2018,1,1,1,1,60,9,3,0,0,0,0,-1,9,1
49306,73.93156869,18.55890828,7,2,2,1,2,19:17,120,E06000050,3,534,6,60,3,4,6,0,0,0,1,1,1,0,0,2,1,E01018373,11-04-2018,1,2,2,1,62,9,3,0,0,1,0,-1,9,1
49307,73.86330941,18.5800214,7,3,2,1,3,08:25,127,E06000050,5,614,6,60,0,-1,-1,0,0,0,1,1,2,0,0,2,1,E01018737,12-04-2018,1,1,1,2,43,7,3,0,0,0,0,-1,9,1
49308,73.93868098,18.55913878,7,3,1,2,3,10:00,127,E06000050,5,613,6,40,0,-1,-1,0,0,0,1,1,-1,7,0,1,1,E01018746,12-04-2018,1,2,2,1,34,6,3,0,0,1,0,-1,9,1
49309,73.90284865,18.56053201,7,3,2,2,1,14:50,124,E06000006,6,0,6,20,3,4,6,0,0,0,1,1,1,0,0,1,1,E01012441,10-04-2018,3,1,1,2,54,8,3,0,0,0,0,-1,9,1
49310,73.80242403,18.49288273,7,3,2,1,6,14:00,128,E06000007,3,57,6,30,3,4,6,0,0,0,1,1,1,0,0,1,1,E01012478,08-04-2018,1,1,3,1,12,3,3,1,1,0,0,-1,0,-1
49311,73.8821573,18.63577472,7,3,3,3,6,14:10,123,E06000050,3,540,3,40,7,2,4,5136,0,0,1,1,1,0,0,1,1,E01018535,25-02-2018,1,1,1,1,33,6,3,0,0,0,0,-1,8,1
49312,73.92949361,18.51503205,7,3,1,1,3,17:15,124,E06000006,4,5155,6,30,3,4,6,0,0,4,1,1,1,4,0,1,1,E01012430,29-03-2018,1,2,2,2,31,6,3,0,0,1,0,-1,8,1
49313,73.80276939,18.63497705,7,3,3,1,5,12:56,128,E06000007,5,1049,6,30,3,2,3,57,0,5,1,1,1,0,0,1,1,E01012456,07-04-2018,1,1,1,2,22,5,3,0,0,0,0,-1,9,-1
49314,73.79903816,18.53481193,7,3,2,3,2,19:03,121,E06000049,3,533,6,60,6,3,5,609,0,0,1,1,1,0,0,2,1,E01018418,11-04-2018,2,2,1,2,26,6,3,0,0,0,0,-1,9,1
49315,73.90790887,18.63351594,7,3,2,1,3,20:40,128,E06000007,5,1051,6,30,3,4,3,57,0,0,4,4,1,0,0,1,1,E01012484,12-04-2018,1,1,1,1,32,6,3,0,0,0,0,-1,9,1
49316,73.76632346,18.64293248,7,3,2,1,3,08:20,127,E06000050,6,0,6,30,3,4,5,837,0,0,1,1,2,0,0,1,1,E01018426,12-04-2018,1,1,1,1,32,6,3,0,0,0,0,-1,9,1
49317,73.79318317,18.60901789,7,3,2,1,3,19:30,122,E06000049,3,5078,6,30,3,4,6,0,0,0,1,1,1,0,0,1,1,E01018487,12-04-2018,2,1,2,2,55,8,3,0,0,1,0,-1,9,1
49318,73.88563046,18.54087493,7,3,1,1,5,15:08,124,E06000006,5,2016,6,30,3,4,6,0,0,0,4,1,1,0,0,1,1,E01012402,14-04-2018,1,1,3,2,12,3,2,4,4,0,0,-1,0,-1
49319,73.73936236,18.5349359,7,3,2,1,5,08:10,128,E06000007,5,1035,6,30,0,-1,-1,0,0,0,1,2,2,0,0,1,1,E01012507,07-04-2018,1,1,1,2,24,5,3,0,0,0,0,-1,9,1
49320,73.89820695,18.578726,7,3,2,1,5,08:28,120,E06000050,1,56,7,70,1,4,1,56,0,0,1,1,2,0,0,2,1,E01018337,14-04-2018,2,2,1,1,25,5,3,0,0,0,0,-1,9,-1
49321,73.82032564,18.63675197,7,3,2,1,4,09:35,124,E06000006,5,2014,6,30,0,-1,-1,0,0,0,1,1,2,0,0,1,1,E01012424,06-04-2018,1,1,1,1,47,8,3,0,0,0,0,-1,9,1
49322,73.87923576,18.52269379,7,3,2,2,1,04:55,124,E06000006,6,0,6,30,3,4,6,0,0,0,1,1,1,0,0,1,1,E01012439,10-04-2018,1,2,2,1,45,7,3,0,0,1,0,-1,9,1
49323,73.92404563,18.50313388,7,3,3,1,3,15:56,121,E06000049,3,534,6,60,0,-1,-1,0,0,0,1,1,1,0,0,2,1,E01018439,12-04-2018,2,3,1,1,51,8,3,0,0,0,0,-1,8,1
49324,73.8481408,18.60704256,7,3,2,1,4,18:15,122,E06000049,6,0,6,30,3,4,6,0,0,4,1,1,1,0,0,1,1,E01018464,13-04-2018,3,4,1,1,37,7,3,0,0,0,0,-1,9,1
49325,73.92178309,18.53455515,7,2,3,1,5,13:00,124,E06000006,5,2014,6,30,3,4,6,0,0,0,1,1,1,0,0,1,1,E01012370,31-03-2018,1,1,3,1,42,7,3,5,3,0,0,-1,0,1
49326,73.7851952,18.62490493,7,2,1,1,4,18:35,121,E06000049,5,314,6,60,0,-1,-1,0,0,0,1,1,1,5,0,2,1,E01018412,13-04-2018,1,1,1,1,26,6,3,0,0,0,0,-1,9,1
49327,73.74767524,18.51981982,7,3,2,1,4,11:11,126,E06000049,4,5159,6,40,3,4,6,0,0,0,1,1,1,0,0,2,1,E01018599,13-04-2018,2,2,1,1,47,8,3,0,0,0,0,-1,9,1
49328,73.80297383,18.56939209,7,2,1,1,4,18:27,122,E06000049,6,0,6,30,0,-1,-1,0,0,0,1,1,1,0,0,1,1,E01018511,13-04-2018,2,1,1,1,42,7,2,0,0,0,0,-1,5,1
49329,73.75697957,18.6298899,7,3,2,3,6,08:00,128,E06000007,6,0,6,30,0,-1,-1,0,0,0,1,1,1,0,0,2,1,E01012463,15-04-2018,1,1,1,1,54,8,3,0,0,0,0,-1,9,1
49330,73.92501721,18.51623209,7,3,2,1,1,18:20,128,E06000007,3,574,6,30,0,-1,-1,0,0,0,1,2,2,0,0,2,1,E01012476,17-04-2018,2,1,2,1,40,7,3,0,0,1,0,-1,8,-1
49331,73.91087279,18.54308377,7,3,2,1,3,18:45,128,E06000007,6,0,6,30,0,-1,-1,0,0,0,4,1,1,0,0,1,1,E01012536,22-03-2018,2,2,1,1,44,7,3,0,0,0,0,-1,8,1
49332,73.89284372,18.58343924,7,2,1,1,6,17:50,128,E06000007,6,0,6,30,3,4,6,0,0,4,1,2,2,0,0,1,1,E01012498,15-04-2018,1,1,1,1,57,9,3,0,0,0,0,-1,9,1
49333,73.83825513,18.59596488,7,3,3,2,3,07:57,128,E06000007,3,49,3,60,1,4,1,6,0,0,1,1,1,0,0,2,1,E01012468,12-04-2018,1,1,1,2,36,7,3,0,0,0,0,-1,9,1
49334,73.85658187,18.62917188,7,3,2,1,7,12:00,124,E06000006,4,5178,6,30,7,2,5,2002,0,0,1,1,1,0,0,1,1,E01012379,09-04-2018,1,3,2,2,57,9,3,0,0,1,0,-1,9,1
49335,73.92610639,18.50929289,7,2,1,1,7,15:50,124,E06000006,6,0,6,30,0,-1,-1,0,0,0,1,1,1,0,0,1,1,E01012408,16-04-2018,2,2,1,2,63,9,3,0,0,0,0,-1,9,1
49336,73.73802066,18.56832332,7,3,2,3,6,15:39,120,E06000050,6,0,6,60,0,-1,-1,0,0,0,1,2,2,0,0,2,1,E01018372,15-04-2018,1,1,1,1,59,9,2,0,0,0,0,-1,2,1
49337,73.95042279,18.56520531,7,3,2,1,5,11:00,127,E06000050,6,0,6,30,3,4,6,0,0,0,1,2,2,0,0,1,1,E01018714,14-04-2018,1,1,2,2,6,2,3,0,0,1,0,-1,9,1
49338,73.86100883,18.58363994,7,3,1,1,4,15:35,120,E06000050,5,218,6,30,0,-1,-1,0,0,0,1,1,1,0,0,1,1,E01018363,13-04-2018,1,1,2,2,20,4,3,0,0,1,0,-1,9,1
49339,73.80725998,18.59214335,7,2,1,1,1,11:14,120,E06000050,3,54,3,70,0,-1,-1,0,0,0,1,1,1,0,0,2,1,E01018707,17-04-2018,1,2,1,1,20,4,3,0,0,0,0,-1,9,1
49340,73.94233928,18.54107229,7,3,2,1,6,16:10,120,E06000050,5,204,6,30,9,4,6,0,0,0,1,2,2,0,0,1,1,E01018383,15-04-2018,1,1,1,1,56,9,3,0,0,0,0,-1,9,1
49341,73.82727389,18.5201915,7,3,2,1,6,10:57,127,E06000050,6,0,6,30,3,4,6,0,0,0,1,1,1,0,0,1,1,E01018720,15-04-2018,1,2,2,2,30,6,3,0,0,1,0,-1,9,1
49342,73.78960861,18.58424734,7,3,2,2,1,18:35,127,E06000050,3,556,3,60,7,2,6,0,0,0,1,1,2,0,0,1,1,E01018718,17-04-2018,1,3,2,2,45,7,3,0,0,2,0,-1,9,1
49343,73.79695411,18.60770074,7,3,2,2,6,18:35,127,E06000050,4,5082,6,30,0,-1,-1,0,0,0,1,1,1,0,0,1,1,E01018714,15-04-2018,2,1,1,2,34,6,3,0,0,0,0,-1,9,-1
49344,73.91905146,18.61879116,7,3,2,1,5,19:15,122,E06000049,5,521,3,30,0,-1,-1,0,0,0,1,1,1,0,0,2,1,E01018493,14-04-2018,1,1,1,1,28,6,3,0,0,0,0,-1,9,1
49345,73.89018726,18.58999293,7,3,2,1,5,11:54,123,E06000050,3,41,6,40,6,2,6,0,0,0,1,1,2,0,0,1,1,E01018561,24-02-2018,2,2,1,2,27,6,3,0,0,0,0,-1,9,-1
49346,73.85308177,18.54406654,7,3,4,2,6,07:14,127,E06000050,3,54,6,40,3,4,6,0,0,0,1,1,1,0,0,2,1,E01018722,15-04-2018,2,1,1,2,62,9,3,0,0,0,0,-1,9,1
49347,73.82314891,18.59506935,7,3,2,1,5,09:05,121,E06000049,5,609,6,60,6,4,5,307,0,0,1,1,2,0,0,2,1,E01018393,14-04-2018,2,1,1,2,23,5,3,0,0,0,0,-1,9,1
49348,73.95387958,18.6371464,7,3,2,1,5,17:55,121,E06000049,3,534,1,30,1,4,3,534,0,0,1,1,1,0,0,1,1,E01018435,14-04-2018,1,1,3,2,79,11,3,4,2,0,0,-1,0,1
49349,73.75708584,18.55735288,7,2,2,3,5,14:05,126,E06000049,3,50,6,30,3,4,6,0,0,4,1,1,2,0,0,1,1,E01018606,14-04-2018,1,1,1,2,26,6,3,0,0,0,0,-1,9,-1
49350,73.92626304,18.51846226,7,3,2,1,6,13:50,120,E06000050,5,224,6,30,3,4,6,0,0,0,1,1,1,0,0,1,1,E01018343,15-04-2018,2,2,1,1,40,7,3,0,0,0,0,-1,9,1
49351,73.88112089,18.64225461,7,3,3,1,7,20:10,120,E06000050,6,0,6,30,3,4,6,0,0,0,4,1,1,0,0,1,1,E01018361,16-04-2018,2,3,2,1,37,7,3,0,0,1,0,-1,9,1
49352,73.8901295,18.55125842,7,3,2,1,6,16:46,122,E06000049,4,5071,6,30,3,4,6,0,0,0,1,2,2,0,0,2,1,E01018516,15-04-2018,2,4,2,2,22,5,2,0,0,2,0,-1,9,1
49353,73.75914589,18.56271903,7,3,3,2,4,09:55,126,E06000049,3,56,6,60,3,4,3,50,0,0,1,2,2,0,0,2,1,E01018648,06-04-2018,1,1,2,2,39,7,3,0,0,1,0,-1,9,1
49354,73.82043719,18.49822412,7,3,2,1,6,16:23,122,E06000049,3,51,6,60,0,-1,-1,0,0,0,1,2,2,0,0,2,1,E01018444,15-04-2018,1,1,3,2,70,10,3,5,3,0,0,-1,0,1
49355,73.91367703,18.49062517,7,3,2,1,7,12:02,126,E06000049,4,5470,6,30,3,4,6,0,0,0,1,1,1,0,0,1,1,E01018630,16-04-2018,1,1,1,1,13,3,2,0,0,0,0,-1,3,-1
49356,73.77247034,18.63895721,7,3,2,1,2,15:56,128,E06000007,5,1009,6,60,0,-1,-1,0,0,0,1,1,2,0,0,2,1,E01012468,18-04-2018,2,1,1,2,30,6,3,0,0,0,0,-1,9,1
49357,73.747459,18.54611669,7,3,2,1,2,08:25,127,E06000050,4,5074,6,30,3,4,6,0,0,0,1,1,2,0,0,1,1,E01018742,18-04-2018,1,1,1,1,26,6,3,0,0,0,0,-1,9,1
49358,73.86981239,18.51649217,7,3,2,1,5,16:05,123,E06000050,6,0,6,30,6,4,6,0,0,0,1,1,1,0,0,1,1,E01018523,14-04-2018,1,1,1,1,40,7,3,0,0,0,0,-1,9,1
49359,73.85011347,18.55667687,7,3,1,1,2,12:58,120,E06000050,6,0,6,40,0,-1,-1,0,0,0,1,2,2,0,0,2,1,E01018373,18-04-2018,2,2,1,1,77,11,3,0,0,0,0,-1,9,1
49360,73.83015139,18.52095637,7,1,2,3,7,06:14,122,E06000049,3,530,6,60,9,4,6,0,0,0,1,1,2,0,0,2,1,E01018444,16-04-2018,1,1,3,1,90,11,3,5,9,0,0,-1,0,-1
49361,73.91546807,18.49438367,7,3,2,1,1,11:37,126,E06000049,4,5087,6,30,3,4,6,0,0,0,1,1,1,0,0,1,1,E01018616,17-04-2018,1,1,1,1,9,2,3,0,0,0,0,-1,1,1
49362,73.82779012,18.59176269,7,3,3,1,3,21:18,127,E06000050,1,6,3,70,0,-1,-1,0,0,0,6,1,1,0,0,2,1,E01018722,12-04-2018,2,1,1,2,34,6,3,0,0,0,0,-1,9,2
49363,73.86115343,18.51295124,7,3,2,2,3,10:46,128,E06000007,3,57,3,40,3,4,6,0,0,0,1,1,1,0,0,1,1,E01012550,19-04-2018,2,2,2,2,22,5,3,0,0,1,0,-1,9,-1
49364,73.95450088,18.51269328,7,3,2,1,3,13:20,120,E06000050,6,0,6,30,3,4,6,0,0,0,1,2,2,0,0,2,1,E01018355,19-04-2018,1,1,1,1,34,6,3,0,0,0,0,-1,9,1
49365,73.89145922,18.53206178,7,3,2,2,3,10:40,120,E06000050,3,5268,6,30,6,2,5,206,0,5,1,1,2,0,0,1,1,E01018326,19-04-2018,2,1,1,1,28,6,3,0,0,0,0,-1,5,1
49366,73.84932272,18.606599,7,3,2,1,7,12:05,128,E06000007,3,49,6,30,6,2,5,1049,0,0,1,1,1,0,0,1,1,E01012456,12-03-2018,2,1,1,1,27,6,3,0,0,0,0,-1,9,1
49367,73.91446549,18.5179514,7,3,3,2,4,19:35,123,E06000050,3,550,6,60,0,-1,-1,0,0,0,1,1,1,0,0,2,1,E01018570,13-04-2018,2,1,1,2,65,9,3,0,0,0,0,-1,9,1
49368,73.90601104,18.6100378,7,3,2,1,7,16:20,127,E06000050,3,556,1,60,1,4,3,533,0,0,1,1,1,0,0,2,1,E01018683,09-04-2018,1,1,3,2,75,10,2,5,1,0,0,-1,0,-1
49369,73.95583129,18.53551717,7,2,2,1,4,08:25,128,E06000007,3,50,1,30,1,4,6,0,0,0,1,2,2,0,0,2,1,E01012478,20-04-2018,1,1,3,2,13,3,3,1,1,0,0,-1,0,1
49370,73.87492417,18.61982468,7,3,2,1,4,16:40,121,E06000049,5,313,6,60,3,4,6,0,0,0,1,1,1,0,0,2,1,E01018411,13-04-2018,1,1,1,2,20,4,3,0,0,0,0,-1,1,1
49371,73.91191896,18.57994345,7,3,1,1,4,09:50,122,E06000049,3,51,6,30,0,-1,6,0,0,0,1,1,1,0,0,2,1,E01018480,13-04-2018,2,1,2,1,18,4,3,0,0,1,0,-1,9,-1
49372,73.78351759,18.54607086,7,3,2,2,4,17:05,122,E06000049,6,0,6,30,6,4,6,0,0,1,1,1,1,0,0,1,1,E01018464,13-04-2018,2,2,1,2,18,4,3,0,0,0,0,-1,9,-1
49373,73.92762733,18.54448123,7,2,2,1,6,07:10,121,E06000049,3,534,6,30,6,2,3,533,0,5,1,1,1,0,0,1,1,E01018435,15-04-2018,1,1,3,2,14,3,3,4,2,0,0,-1,0,1
49374,73.76975581,18.57187591,7,3,1,1,2,18:20,126,E06000049,6,0,6,30,0,-1,-1,0,0,0,1,1,1,0,0,1,1,E01018620,18-04-2018,1,1,2,1,38,7,3,0,0,1,0,-1,9,1
49375,73.81851494,18.61448025,7,2,2,2,2,19:21,122,E06000049,3,530,6,60,0,-1,-1,0,0,0,1,1,2,0,0,2,1,E01018444,18-04-2018,2,1,1,1,32,6,3,0,0,0,0,-1,9,1
49376,73.91564384,18.55023021,7,2,1,1,3,12:42,126,E06000049,6,0,6,30,0,-1,-1,0,0,0,1,1,1,0,0,1,1,E01018610,19-04-2018,2,2,2,1,26,6,3,0,0,1,0,-1,9,-1
49377,73.81645322,18.57377931,7,3,3,2,5,20:55,126,E06000049,1,56,3,70,0,-1,-1,0,0,0,4,1,1,0,0,2,1,E01018598,14-04-2018,1,1,1,2,31,6,3,0,0,0,0,-1,9,1
49378,73.78468888,18.61097457,7,3,3,2,3,22:31,128,E06000007,5,1004,3,60,3,4,5,1018,0,0,4,1,1,0,0,2,1,E01012468,19-04-2018,1,1,2,1,17,4,3,0,0,1,0,-1,9,1
49379,73.93423026,18.5250347,7,3,2,1,5,09:00,120,E06000050,3,5116,6,30,0,-1,-1,0,0,0,1,2,2,0,0,1,1,E01018329,31-03-2018,1,3,2,2,15,3,3,0,0,2,0,-1,9,1
49380,73.96324872,18.5605304,7,2,2,1,6,05:46,127,E06000050,3,54,6,30,6,4,6,0,0,0,4,1,1,0,0,1,1,E01018732,01-04-2018,2,2,2,2,16,4,3,0,0,2,0,-1,9,1
49381,73.9576723,18.50163942,7,3,2,1,4,15:00,124,E06000006,6,0,3,30,0,-1,-1,0,0,0,1,1,1,0,0,1,1,E01012408,20-04-2018,2,4,1,2,51,8,3,0,0,0,0,-1,9,1
49382,73.86062952,18.56074112,7,3,2,1,5,07:43,123,E06000050,1,53,3,70,0,-1,-1,0,0,0,1,2,2,0,0,1,1,E01018570,14-04-2018,1,1,1,1,42,7,3,0,0,0,0,-1,9,-1
49383,73.96250625,18.53886596,7,3,2,1,4,16:25,120,E06000050,3,41,3,70,0,-1,-1,0,0,0,1,9,1,0,0,2,1,E01018360,20-04-2018,1,2,2,2,41,7,3,0,0,1,0,-1,9,-1
49384,73.83199576,18.5157484,7,3,2,2,5,09:58,120,E06000050,1,56,3,70,0,-1,-1,0,0,0,1,1,2,0,0,2,1,E01018337,14-04-2018,1,1,3,1,12,3,3,5,2,0,0,-1,0,1
49385,73.79140771,18.6403627,7,3,2,1,6,14:27,121,E06000049,1,6,3,70,0,-1,-1,0,0,0,1,2,2,0,0,2,1,E01018433,15-04-2018,1,1,1,1,54,8,3,0,0,0,0,-1,9,1
49386,73.75369919,18.5901434,7,3,2,1,6,19:30,126,E06000049,1,56,3,70,0,-1,-1,0,0,0,6,2,2,0,0,2,1,E01018648,15-04-2018,1,1,1,1,41,7,3,0,0,0,0,-1,19,1
49387,73.73797608,18.5384362,7,3,2,2,3,17:37,128,E06000007,1,62,3,70,0,-1,-1,0,0,0,1,1,1,0,0,2,1,E01012475,19-04-2018,2,1,1,1,35,6,3,0,0,0,0,-1,19,-1
49388,73.7979887,18.60831131,7,3,2,1,3,14:30,121,E06000049,1,6,3,70,0,-1,1,6,0,0,1,1,1,0,0,2,2,E01018418,05-04-2018,1,1,3,2,61,9,3,8,3,0,0,-1,0,1
49389,73.95743063,18.49184535,7,3,1,1,5,21:30,120,E06000050,6,0,2,30,3,4,6,0,0,0,4,1,1,0,0,1,1,E01018343,21-04-2018,2,1,1,2,34,6,3,0,0,0,0,-1,9,1
49390,73.75033639,18.58661605,7,3,4,2,5,17:43,120,E06000050,3,51,6,60,0,-1,-1,0,0,0,1,1,1,0,0,2,1,E01018324,21-04-2018,1,1,1,2,43,7,3,0,0,0,0,-1,9,3
49391,73.76353337,18.5438258,7,2,4,2,3,07:55,128,E06000007,1,6,3,70,0,-1,-1,0,0,0,1,4,1,0,0,2,1,E01012541,19-04-2018,2,2,1,1,36,7,3,0,0,0,0,-1,9,1
49392,73.82427536,18.55814894,7,3,3,2,7,13:55,126,E06000049,6,0,6,60,3,4,6,0,0,0,1,1,1,0,0,2,1,E01018654,16-04-2018,1,1,2,1,24,5,3,0,0,1,0,-1,9,-1
49393,73.94182853,18.5817388,7,3,1,1,3,15:30,121,E06000049,3,534,6,40,8,4,6,0,0,0,1,1,1,0,2,1,1,E01018409,19-04-2018,1,2,2,1,2,1,2,0,0,2,0,-1,9,1
49394,73.85227245,18.62808198,7,3,2,2,4,07:54,128,E06000007,6,0,2,30,6,4,6,0,0,0,1,1,1,0,0,1,1,E01012456,20-04-2018,2,3,1,1,29,6,3,0,0,0,0,-1,9,1
49395,73.86854574,18.50126884,7,3,2,2,6,18:30,120,E06000050,5,209,1,30,1,4,5,208,0,0,1,1,1,0,0,2,1,E01018335,15-04-2018,2,4,2,1,23,5,3,0,0,1,0,-1,9,1
49396,73.95642139,18.49869344,7,2,1,1,4,12:17,128,E06000007,1,62,3,70,0,-1,-1,0,0,0,1,1,1,0,0,2,1,E01012562,20-04-2018,3,5,1,1,57,9,3,0,0,0,0,-1,9,1
49397,73.77117573,18.59671973,7,3,2,1,5,12:00,122,E06000049,3,5020,6,60,0,-1,-1,0,0,0,1,1,1,0,0,2,1,E01018465,21-04-2018,1,1,1,1,57,9,3,0,0,0,0,-1,9,1
49398,73.87325945,18.50784076,7,3,2,1,2,10:30,127,E06000050,4,5152,6,30,0,-1,-1,0,0,0,1,2,2,0,0,2,1,E01018690,18-04-2018,2,2,1,1,48,8,3,0,0,0,0,-1,9,1
49399,73.85682592,18.60587196,7,3,2,1,5,15:39,122,E06000049,6,0,6,20,6,4,3,534,0,4,1,1,1,0,0,1,1,E01018448,21-04-2018,1,1,2,2,44,7,3,0,0,1,0,-1,9,-1
49400,73.79459832,18.64129553,7,3,2,1,1,11:10,128,E06000007,6,0,6,30,3,4,6,0,0,0,1,1,1,0,0,1,1,E01012563,17-04-2018,1,1,2,1,80,11,3,0,0,0,1,-1,11,1
49401,73.86565792,18.61248212,7,3,2,1,7,21:10,124,E06000006,3,5080,6,30,8,4,6,0,0,0,4,1,1,0,0,1,1,E01012393,23-04-2018,2,1,1,1,22,5,3,0,0,0,0,-1,9,1
49402,73.90915932,18.5585898,7,3,2,2,1,08:15,127,E06000050,6,0,6,60,6,3,6,0,0,0,1,1,1,0,0,2,1,E01018727,24-04-2018,1,1,1,1,24,5,3,0,0,0,0,-1,9,1
49403,73.94724889,18.6299177,7,3,2,2,4,07:30,124,E06000006,3,533,6,40,0,-1,-1,0,0,0,1,2,2,0,0,1,1,E01012441,20-04-2018,1,1,1,1,45,7,3,0,0,0,0,-1,9,-1
49404,73.77699017,18.64388694,7,3,2,4,5,19:15,128,E06000007,3,49,6,60,0,-1,-1,0,0,0,1,1,1,0,0,2,1,E01012503,21-04-2018,2,2,1,1,34,6,3,0,0,0,0,-1,20,1
49405,73.94111096,18.60672451,7,3,2,1,7,18:25,127,E06000050,6,0,6,60,0,-1,-1,0,0,0,1,1,1,0,0,2,1,E01018721,23-04-2018,1,1,3,1,16,4,2,1,1,0,0,-1,0,1
49406,73.79855432,18.56494519,7,3,2,1,4,14:00,127,E06000050,3,530,6,60,0,-1,-1,0,0,0,1,1,1,0,0,2,1,E01018718,23-02-2018,1,1,3,2,37,7,3,5,1,0,0,-1,0,-1
49407,73.77345989,18.5089224,7,3,2,1,1,23:01,128,E06000007,3,49,6,30,7,2,3,5061,0,5,4,1,1,0,0,1,1,E01012480,24-04-2018,1,1,1,1,25,5,3,0,0,0,0,-1,9,1
49408,73.92899196,18.62318584,7,3,1,1,7,17:20,127,E06000050,3,533,6,30,0,-1,-1,0,0,0,1,1,1,0,0,1,1,E01018703,23-04-2018,2,1,1,1,34,6,3,0,0,0,0,-1,9,-1
49409,73.81127342,18.5787126,7,3,2,1,1,11:53,128,E06000007,3,5061,6,30,0,-1,-1,0,0,0,1,1,1,0,0,1,1,E01012511,24-04-2018,3,2,2,1,21,5,3,0,0,1,0,-1,9,1
49410,73.95305975,18.606454,7,3,2,1,6,17:36,120,E06000050,3,41,6,50,3,4,6,0,0,0,1,1,1,0,0,1,1,E01018358,22-04-2018,3,3,1,2,51,8,3,0,0,0,0,-1,9,1
49411,73.79171185,18.55849641,7,3,2,1,5,20:09,124,E06000006,6,0,6,30,3,4,6,0,0,0,1,1,1,0,0,1,1,E01012416,21-04-2018,4,4,1,1,56,9,3,0,0,0,0,-1,9,1
49412,73.83819852,18.60608543,7,3,2,3,6,16:07,127,E06000050,5,703,6,60,0,-1,-1,0,0,0,1,1,1,0,0,2,1,E01018684,22-04-2018,4,5,2,2,23,5,3,0,0,1,0,-1,9,1
49413,73.80678023,18.48851337,7,3,2,1,6,17:05,128,E06000007,1,6,3,70,0,-1,-1,0,0,0,1,1,1,0,0,2,1,E01012468,22-04-2018,2,1,1,1,27,6,3,0,0,0,0,-1,1,1
49414,73.84539701,18.6341288,7,3,1,1,4,12:00,127,E06000050,5,608,9,60,0,-1,-1,0,0,0,1,9,1,0,0,2,1,E01018677,02-02-2018,1,1,3,1,69,10,3,6,9,0,0,-1,0,1
49415,73.75767189,18.63665621,7,2,1,1,5,11:35,126,E06000049,6,0,6,30,0,-1,-1,0,0,0,1,1,1,0,0,1,1,E01018624,14-04-2018,1,1,1,2,20,4,3,0,0,0,0,-1,9,1
49416,73.89016353,18.49651861,7,3,2,1,6,07:40,121,E06000049,3,534,6,60,3,4,3,54,0,0,1,1,1,0,0,2,1,E01018439,15-04-2018,1,1,3,2,80,11,3,1,1,0,0,-1,0,1
49417,73.84739385,18.59342657,7,3,2,1,6,10:00,121,E06000049,3,50,6,40,3,4,3,5011,0,0,1,1,1,0,0,1,1,E01018417,15-04-2018,1,3,2,2,33,6,3,0,0,1,0,-1,9,1
49418,73.82408158,18.62802688,7,3,2,1,6,14:52,127,E06000050,3,530,6,30,3,4,6,0,0,0,7,9,1,0,0,1,1,E01018424,15-04-2018,2,1,1,2,38,7,3,0,0,0,0,-1,9,1
49419,73.95126092,18.54377761,7,3,3,1,5,16:10,121,E06000049,3,50,9,60,0,-1,-1,0,0,0,7,9,1,0,0,2,1,E01018393,21-04-2018,2,2,2,2,17,4,3,0,0,1,0,-1,9,1
49420,73.86776334,18.6232137,7,3,2,1,2,15:50,128,E06000007,5,1049,6,30,3,4,6,0,0,0,1,1,1,0,0,1,1,E01012484,18-04-2018,3,4,2,2,12,3,3,0,0,1,0,-1,9,1
49421,73.81229199,18.54681381,7,2,2,1,2,17:01,128,E06000007,3,5061,6,30,0,-1,-1,0,0,0,1,1,1,0,0,1,1,E01012456,18-04-2018,3,5,2,2,16,4,3,0,0,1,0,-1,9,1
49422,73.76042085,18.5769867,7,3,3,1,6,18:00,121,E06000049,4,5077,6,30,0,-1,-1,0,0,0,1,1,1,0,0,1,1,E01018391,22-04-2018,3,6,1,1,17,4,3,0,0,0,0,-1,9,1
49423,73.87738416,18.61258656,7,3,2,1,6,21:40,122,E06000049,3,5019,6,30,1,4,3,5019,0,0,4,1,1,0,0,1,1,E01018464,22-04-2018,1,1,3,1,14,3,2,1,3,0,0,-1,0,1