Accident_Index,longitude,latitude,Police_Force,Accident_Severity,Number_of_Vehicles,Number_of_Casualties,Day_of_Week,Time,Local_Authority_(District),Local_Authority_(Highway),1st_Road_Class,1st_Road_Number,Road_Type,Speed_limit,Junction_Detail,Junction_Control,2nd_Road_Class,2nd_Road_Number,Pedestrian_Crossing-Human_Control,Pedestrian_Crossing-Physical_Facilities,Light_Conditions,Weather_Conditions,Road_Surface_Conditions,Special_Conditions_at_Site,Carriageway_Hazards,Urban_or_Rural_Area,Did_Police_Officer_Attend_Scene_of_Accident,LSOA_of_Accident_Location,Date,Vehicle_Reference,Casualty_Reference,Casualty_Class,Sex_of_Casualty,Age_of_Casualty,Age_Band_of_Casualty,Casualty_Severity,Pedestrian_Location,Pedestrian_Movement,Car_Passenger,Bus_or_Coach_Passenger,Pedestrian_Road_Maintenance_Worker,Casualty_Type,Casualty_Home_Area_Type
49663,73.83538524,18.62486521,7,3,2,2,7,18:10,122,E06000049,3,534,6,40,0,-1,-1,0,0,0,1,1,1,0,0,1,2,E01018505,14-05-2018,2,2,2,2,32,6,3,0,0,1,0,-1,9,1
49664,73.87478367,18.59523324,7,3,1,1,1,15:46,126,E06000049,6,0,6,60,0,-1,-1,0,0,0,1,1,1,0,0,2,1,E01018591,15-05-2018,2,1,2,2,44,7,3,0,0,1,0,-1,9,-1
49665,73.83042548,18.57094459,7,2,1,1,1,16:20,122,E06000049,6,0,6,30,0,-1,-1,0,0,0,1,1,1,0,0,1,1,E01018446,15-05-2018,1,1,1,1,38,7,3,0,0,0,0,-1,9,1
49666,73.88315887,18.62758235,7,3,2,1,2,09:06,126,E06000049,6,0,6,40,6,4,6,0,0,0,1,2,2,0,0,2,1,E01018580,16-05-2018,1,2,2,2,38,7,3,0,0,1,0,-1,9,1
49667,73.77097141,18.56616198,7,2,1,1,2,12:27,121,E06000049,4,5077,6,30,3,4,6,0,0,0,1,1,1,0,0,1,1,E01018389,16-05-2018,2,1,1,1,31,6,3,0,0,0,0,-1,1,1
49668,73.88930047,18.56358045,7,2,1,1,3,16:56,128,E06000007,6,0,6,30,3,4,6,0,0,5,1,1,1,0,0,2,1,E01026058,10-05-2018,2,1,1,1,33,6,3,0,0,0,0,-1,9,1
49669,73.79918815,18.57341159,7,2,1,1,2,05:13,128,E06000007,1,62,3,70,0,-1,-1,0,0,0,1,1,1,0,0,2,1,E01012539,16-05-2018,2,2,2,2,4,1,3,0,0,2,0,-1,9,-1
49670,73.82166559,18.59869952,7,3,3,1,2,17:36,121,E06000049,3,533,6,30,0,-1,-1,0,0,0,1,1,1,0,0,1,1,E01018442,16-05-2018,1,1,1,2,32,6,3,0,0,0,0,-1,9,1
49671,73.82190611,18.52264037,7,3,3,1,4,15:05,127,E06000050,3,556,3,70,0,-1,-1,0,0,0,1,1,1,0,0,1,1,E01018718,18-05-2018,1,1,1,1,15,3,3,0,0,0,0,-1,1,1
49672,73.84877627,18.63476071,7,3,3,3,4,14:10,120,E06000050,3,5104,6,30,3,2,6,0,0,4,1,1,1,0,0,1,1,E01018353,18-05-2018,1,1,3,1,2,1,3,10,4,0,0,-1,0,-1
49673,73.84756043,18.5369242,7,3,2,2,6,13:51,121,E06000049,3,534,6,60,0,-1,-1,0,0,0,1,1,1,0,0,2,2,E01018439,29-04-2018,1,1,3,2,13,3,3,5,2,0,0,-1,0,-1
49674,73.95205654,18.55196208,7,3,1,1,2,10:19,122,E06000049,3,51,6,60,3,2,6,0,0,8,1,1,1,0,0,1,1,E01018508,02-05-2018,1,1,3,1,23,5,3,9,5,0,0,-1,0,1
49675,73.94487683,18.51728738,7,3,2,1,7,08:52,127,E06000050,3,50,6,50,7,4,3,534,0,0,1,2,2,0,0,2,1,E01018431,07-05-2018,1,3,1,1,32,6,3,0,0,0,0,-1,9,1
49676,73.73321862,18.51176248,7,3,1,1,1,18:50,127,E06000050,6,0,6,60,5,4,6,0,0,0,1,1,1,0,0,2,1,E01018418,08-05-2018,1,4,2,1,25,5,3,0,0,1,0,-1,9,-1
49677,73.82241822,18.56640145,7,3,1,1,1,10:11,121,E06000049,3,54,6,40,0,-1,-1,0,0,0,1,1,2,0,0,2,1,E01018722,08-05-2018,2,1,1,2,38,7,3,0,0,0,0,-1,9,1
49678,73.7948729,18.64287409,7,3,4,1,1,15:03,127,E06000050,6,0,6,30,0,-1,-1,0,0,0,1,1,1,0,0,1,1,E01018426,08-05-2018,2,2,2,2,20,4,3,0,0,1,0,-1,9,1
49679,73.88278756,18.59739325,7,2,1,1,4,07:58,124,E06000006,3,533,2,60,5,4,5,2018,0,0,1,1,1,0,0,1,1,E01012405,18-05-2018,1,1,3,2,50,8,3,9,5,0,0,-1,0,-1
49680,73.76892863,18.50042793,7,3,2,1,1,01:00,122,E06000049,6,0,6,30,0,-1,-1,0,0,0,5,1,1,0,0,1,1,E01018492,15-05-2018,1,1,3,2,21,5,3,5,9,0,0,-1,0,1
49681,73.8382361,18.53830885,7,3,2,1,6,10:10,121,E06000049,4,5082,6,60,0,-1,6,0,0,0,1,1,1,0,0,2,1,E01018411,13-05-2018,1,1,1,2,27,6,3,0,0,0,0,-1,9,-1
49682,73.93497453,18.4921534,7,3,2,1,4,17:48,126,E06000049,6,0,6,60,0,-1,-1,0,0,0,1,1,1,0,0,1,1,E01018579,18-05-2018,2,2,1,1,44,7,3,0,0,0,0,-1,9,-1
49683,73.90068615,18.52109444,7,3,2,1,4,09:20,127,E06000050,3,50,3,50,3,4,3,50,0,0,1,1,1,0,0,1,1,E01018417,18-05-2018,3,3,2,2,22,5,3,0,0,1,0,-1,9,-1
49684,73.82002635,18.60004354,7,3,2,2,2,15:40,122,E06000049,3,534,6,30,0,-1,6,0,0,0,1,1,1,0,0,1,1,E01018453,16-05-2018,2,1,1,1,52,8,3,0,0,0,0,-1,9,1
49685,73.78934133,18.625506,7,3,1,1,5,18:23,124,E06000006,6,0,6,30,3,4,6,0,0,0,1,1,1,0,0,1,1,E01012369,19-05-2018,2,2,2,1,21,5,3,0,0,1,0,-1,9,1
49686,73.87744488,18.56419457,7,3,2,3,4,19:13,122,E06000049,3,530,6,60,0,-1,-1,0,0,0,1,1,1,0,0,2,2,E01018455,18-05-2018,2,3,2,1,20,4,3,0,0,2,0,-1,9,1
49687,73.93549935,18.59309901,7,3,1,1,5,16:40,124,E06000006,3,533,3,40,0,-1,-1,0,0,0,1,1,1,0,0,1,1,E01012431,19-05-2018,1,1,1,2,33,6,3,0,0,0,0,-1,9,1
49688,73.73827393,18.64314665,7,3,2,1,5,13:41,124,E06000006,4,5155,6,30,6,2,6,0,0,0,1,1,1,0,0,1,1,E01012431,19-05-2018,2,2,1,2,24,5,3,0,0,0,0,-1,9,1
49689,73.85062323,18.54979918,7,3,5,2,5,17:57,126,E06000049,1,56,3,70,0,-1,-1,0,0,0,1,1,1,0,0,2,1,E01018648,19-05-2018,1,1,3,1,20,4,3,5,1,0,0,-1,0,-1
49690,73.77370342,18.61887408,7,3,2,2,7,12:15,128,E06000007,3,574,1,40,1,4,4,5212,0,0,1,1,1,0,0,2,1,E01012475,30-04-2018,1,1,1,1,27,6,3,0,0,0,0,-1,3,1
49691,73.81421378,18.55514045,7,3,1,1,7,16:55,128,E06000007,3,49,3,40,0,-1,-1,0,0,0,1,1,1,0,0,1,-1,E01012454,21-05-2018,2,1,1,1,13,3,3,0,0,0,0,-1,1,1
49692,73.75621191,18.60264505,7,3,1,1,7,00:35,120,E06000050,3,5268,6,30,3,2,3,5268,0,4,5,1,1,0,0,1,1,E01018326,14-05-2018,1,1,3,2,13,3,2,8,4,0,0,-1,0,1
49693,73.91044632,18.60897824,7,3,3,1,1,13:07,124,E06000006,3,533,3,40,0,-1,-1,0,0,0,1,1,1,0,0,1,1,E01012430,22-05-2018,1,1,1,1,48,8,3,0,0,0,0,-1,9,1
49694,73.9113421,18.51475779,7,2,1,1,1,07:18,128,E06000007,3,57,6,30,0,-1,-1,0,0,0,1,1,2,0,0,1,1,E01012494,22-05-2018,1,1,1,2,42,7,3,0,0,0,0,-1,9,-1
49695,73.95509676,18.60882853,7,3,2,1,5,10:59,127,E06000050,4,5074,6,40,3,4,5,614,0,0,1,1,1,0,0,1,1,E01018737,12-05-2018,1,5,2,1,40,7,3,0,0,1,0,-1,9,1
49696,73.83497474,18.56584558,7,3,1,1,1,15:54,128,E06000007,3,57,3,60,0,-1,-1,0,0,0,1,2,2,0,0,2,-1,E01012554,22-05-2018,2,2,1,1,43,7,3,0,0,0,0,-1,9,1
49697,73.77385846,18.55838334,7,3,2,1,6,12:30,124,E06000006,3,562,1,30,1,4,6,0,0,0,1,1,1,0,0,1,1,E01012367,20-05-2018,2,4,2,1,40,7,3,0,0,1,0,-1,9,1
49698,73.88951218,18.51323413,7,2,2,1,7,19:53,123,E06000050,6,0,6,30,0,-1,-1,0,0,0,1,1,1,0,0,1,1,E01018546,14-05-2018,3,3,1,2,54,8,3,0,0,0,0,-1,9,1
49699,73.88523616,18.62575696,7,3,2,2,6,10:40,120,E06000050,3,41,3,50,6,4,6,0,0,0,1,1,1,0,0,1,1,E01018358,20-05-2018,2,1,1,1,26,6,3,0,0,0,0,-1,19,1
49700,73.83712714,18.58818007,7,3,3,4,7,10:49,120,E06000050,3,483,3,70,0,-1,-1,0,0,0,1,2,2,0,0,2,1,E01018335,21-05-2018,1,1,1,1,24,5,3,0,0,0,0,-1,19,1
49701,73.81186688,18.54531261,7,2,1,1,7,05:20,127,E06000050,3,559,6,60,0,-1,-1,0,0,0,1,1,1,0,0,2,1,E01018721,21-05-2018,2,2,2,1,27,6,3,0,0,1,0,-1,9,-1
49702,73.8877205,18.61853831,7,3,2,1,6,22:45,127,E06000050,3,49,2,60,6,2,3,556,0,0,5,1,1,0,0,2,1,E01018679,20-05-2018,1,1,2,2,50,8,3,0,0,1,0,-1,9,1
49703,73.82843469,18.58759384,7,3,1,2,6,21:11,120,E06000050,3,56,6,60,0,-1,-1,0,0,0,1,1,1,0,0,2,1,E01018358,20-05-2018,1,2,1,1,69,10,3,0,0,0,0,-1,8,1
49704,73.83590861,18.53147888,7,3,1,1,7,14:20,127,E06000050,6,0,6,30,0,-1,-1,0,0,0,1,4,2,0,0,1,1,E01018744,21-05-2018,2,1,1,1,17,4,3,0,0,0,0,-1,2,1
49705,73.85547216,18.55864559,7,3,1,1,7,20:50,120,E06000050,6,0,2,30,0,-1,-1,0,0,0,1,2,2,0,0,1,1,E01018326,21-05-2018,1,1,1,1,21,5,3,0,0,0,0,-1,9,1
49706,73.88733223,18.57731945,7,3,2,2,1,14:21,128,E06000007,3,5061,3,30,0,-1,-1,0,0,0,1,1,1,0,0,1,1,E01012510,22-05-2018,2,2,1,2,49,8,3,0,0,0,0,-1,9,1
49707,73.88737037,18.58607384,7,3,2,1,7,19:10,128,E06000007,1,62,3,70,0,-1,-1,0,0,0,1,1,2,0,0,2,1,E01012469,21-05-2018,1,1,1,1,34,6,3,0,0,0,0,-1,9,1
49708,73.76382601,18.6210127,7,3,2,1,7,15:33,121,E06000049,1,6,3,70,0,-1,-1,0,0,0,1,2,2,0,0,2,1,E01018465,21-05-2018,1,1,3,1,10,2,2,2,1,0,0,-1,0,1
49709,73.92609647,18.59552085,7,3,3,1,6,06:50,128,E06000007,1,62,3,70,0,-1,-1,0,0,0,1,2,2,0,0,2,1,E01012475,20-05-2018,1,1,1,1,20,4,2,0,0,0,0,-1,9,1
49710,73.73627549,18.51936448,7,3,1,1,4,23:45,121,E06000049,3,535,6,60,0,-1,-1,0,0,0,6,1,1,0,7,2,2,E01018412,11-05-2018,1,1,3,2,35,6,3,6,6,0,0,-1,0,1
49711,73.77887246,18.61619807,7,3,1,1,1,21:30,124,E06000006,3,533,6,30,0,-1,-1,0,0,0,5,1,1,0,0,1,-1,E01012431,15-05-2018,1,1,3,1,16,4,2,5,1,0,0,-1,0,-1
49712,73.95362193,18.50835199,7,3,2,1,6,16:50,124,E06000006,6,0,6,30,6,4,6,0,0,0,1,1,1,0,0,1,1,E01012382,13-05-2018,2,1,2,2,28,6,3,0,0,1,0,-1,9,1
49713,73.94385959,18.62732491,7,3,3,1,4,11:20,122,E06000049,3,534,6,30,0,-1,-1,0,0,0,1,1,1,0,0,1,1,E01018453,18-05-2018,1,1,3,2,21,5,2,4,4,0,0,-1,0,-1
49714,73.76575715,18.6174476,7,3,2,1,6,13:01,122,E06000049,3,5019,6,30,9,4,6,0,0,0,1,1,1,0,0,1,1,E01018487,20-05-2018,1,1,1,2,47,8,3,0,0,0,0,-1,9,1
49715,73.92506665,18.50449194,7,3,1,1,7,12:42,128,E06000007,3,57,1,60,1,4,6,0,0,0,1,2,2,0,0,2,1,E01012551,21-05-2018,1,2,2,1,49,8,3,0,0,1,0,-1,9,1
49716,73.73864375,18.61573028,7,3,2,1,6,08:20,127,E06000050,3,49,1,60,1,4,5,632,0,0,1,1,1,0,0,2,1,E01018723,20-05-2018,1,3,2,2,39,7,3,0,0,2,0,-1,9,1
49717,73.73310231,18.56262732,7,3,1,1,7,13:30,127,E06000050,1,6,3,70,0,-1,-1,0,0,0,1,2,2,0,0,2,1,E01018411,21-05-2018,2,1,1,1,31,6,3,0,0,0,0,-1,8,1
49718,73.83293185,18.60204423,7,2,1,1,7,11:23,128,E06000007,3,57,1,60,0,-1,-1,0,0,0,1,1,1,0,0,1,1,E01012551,21-05-2018,2,2,2,2,21,5,3,0,0,2,0,-1,8,1
49719,73.82568395,18.54857659,7,3,2,1,2,16:05,124,E06000006,1,56,3,70,0,-1,-1,0,0,0,1,1,1,0,0,2,1,E01012385,23-05-2018,2,3,2,2,24,5,3,0,0,2,0,-1,8,1
49720,73.79960495,18.51708415,7,3,2,1,6,09:19,127,E06000050,5,611,6,60,3,4,3,530,0,0,1,1,1,0,0,2,1,E01018680,06-05-2018,2,4,2,2,22,5,3,0,0,2,0,-1,8,1
49721,73.93338738,18.55637069,7,3,2,1,7,19:43,121,E06000049,5,355,6,40,0,-1,-1,0,0,0,1,1,2,0,0,2,1,E01018390,21-05-2018,2,5,2,2,21,5,3,0,0,2,0,-1,8,1
49722,73.90047521,18.51163455,7,3,2,1,3,19:30,124,E06000006,6,0,6,30,3,4,6,0,0,0,1,1,1,0,0,1,1,E01012415,17-05-2018,2,6,2,2,22,5,3,0,0,2,0,-1,8,1
49723,73.78651581,18.57136402,7,2,3,2,7,17:59,122,E06000049,3,534,6,60,0,-1,-1,0,0,0,1,1,2,0,0,2,1,E01018469,21-05-2018,2,1,1,1,45,7,3,0,0,0,0,-1,9,1
49724,73.79820915,18.53081266,7,3,2,1,1,09:35,126,E06000049,6,0,1,30,1,4,3,5033,0,0,1,1,1,0,0,1,1,E01018606,22-05-2018,1,1,1,2,21,5,3,0,0,0,0,-1,9,-1
49725,73.91596918,18.62608152,7,2,1,4,2,01:16,122,E06000049,5,524,6,30,3,4,6,0,0,0,5,1,1,0,0,2,1,E01018490,23-05-2018,2,2,1,1,39,7,3,0,0,0,0,-1,9,-1
49726,73.85081487,18.59178242,7,3,2,1,2,08:12,122,E06000049,3,51,6,60,3,4,4,5071,0,0,1,1,1,0,0,2,1,E01018517,23-05-2018,2,3,2,1,31,6,3,0,0,2,0,-1,9,1
49727,73.90747737,18.64529762,7,3,2,1,3,19:39,128,E06000007,5,1010,6,40,1,4,6,0,0,0,1,1,1,0,0,2,1,E01012562,24-05-2018,2,4,2,1,26,6,3,0,0,1,0,-1,9,1
49728,73.95684883,18.55792287,7,3,3,1,2,16:30,124,E06000006,3,557,3,60,0,-1,-1,0,0,0,1,1,2,0,0,2,1,E01018668,16-05-2018,2,5,2,2,28,6,3,0,0,2,0,-1,9,1
49729,73.90695663,18.51045508,7,3,1,1,3,16:00,127,E06000050,5,629,6,30,9,4,6,0,0,0,1,1,1,0,0,2,1,E01018693,24-05-2018,2,6,2,1,43,7,3,0,0,2,0,-1,9,1
49730,73.74439869,18.6416295,7,2,2,1,7,11:06,120,E06000050,3,41,3,40,6,4,6,0,0,8,1,2,2,0,0,1,1,E01018358,21-05-2018,2,1,2,1,11,3,3,0,0,2,0,-1,9,-1
49731,73.75820333,18.64561706,7,3,1,1,3,08:51,121,E06000049,1,6,3,70,0,-1,-1,0,0,0,1,5,2,0,0,2,1,E01018418,24-05-2018,1,1,2,2,93,11,3,0,0,0,2,-1,11,1
49732,73.95302183,18.62930973,7,3,1,1,3,08:22,123,E06000050,3,41,6,30,0,-1,-1,0,0,4,1,1,1,0,0,1,1,E01018531,24-05-2018,2,1,1,2,65,9,3,0,0,0,0,-1,9,1
49733,73.90513415,18.63373726,7,3,2,1,1,16:30,121,E06000049,6,0,6,60,0,-1,-1,0,0,0,1,1,1,0,0,1,1,E01018434,01-05-2018,2,2,2,2,9,2,3,0,0,1,0,-1,9,-1
49734,73.78896609,18.5603523,7,1,1,1,4,07:50,120,E06000050,1,53,3,70,0,-1,-1,0,0,0,1,1,2,0,0,2,1,E01018337,25-05-2018,1,1,3,1,19,4,3,5,9,0,0,-1,0,1
49735,73.89907174,18.52213571,7,3,2,1,6,16:36,122,E06000049,6,0,6,60,9,4,3,51,0,0,1,1,1,0,0,2,1,E01018517,20-05-2018,2,1,1,1,43,7,3,0,0,0,0,-1,1,1
49736,73.74370616,18.59520685,7,3,1,1,2,08:48,127,E06000050,5,321,6,30,0,-1,-1,0,0,0,1,1,1,0,0,1,1,E01018421,23-05-2018,1,1,1,1,20,4,3,0,0,0,0,-1,9,-1
49737,73.76917585,18.5895252,7,3,2,1,2,14:00,122,E06000049,6,0,6,30,3,4,4,5077,0,0,1,1,1,0,0,1,1,E01018467,23-05-2018,1,3,2,2,27,6,3,0,0,2,0,-1,9,1
49738,73.79248004,18.54712992,7,3,2,3,2,15:26,122,E06000049,5,528,6,30,3,4,6,0,0,0,1,1,1,0,0,1,1,E01018500,23-05-2018,1,4,2,2,17,4,3,0,0,2,0,-1,9,1
49739,73.88587155,18.55238417,7,2,2,1,3,18:30,126,E06000049,3,537,6,30,9,4,6,0,0,0,1,1,1,0,0,1,1,E01018614,24-05-2018,1,5,2,1,43,7,3,0,0,2,0,-1,9,1
49740,73.84820711,18.55887986,7,3,2,3,3,04:30,128,E06000007,1,56,3,70,0,-1,-1,0,0,0,6,2,2,0,0,2,1,E01012503,24-05-2018,2,2,1,1,47,8,3,0,0,0,0,-1,9,1
49741,73.96283911,18.51649425,7,3,1,1,3,22:49,122,E06000049,6,0,6,60,0,-1,-1,0,0,0,1,1,1,0,0,2,1,E01018444,24-05-2018,1,1,1,1,17,4,3,0,0,0,0,-1,9,-1
49742,73.73388541,18.55810956,7,3,2,2,3,11:04,126,E06000049,4,5087,6,60,0,-1,-1,0,0,0,1,2,2,0,0,2,1,E01018666,24-05-2018,1,2,2,1,37,7,3,0,0,1,0,-1,9,1
49743,73.92469745,18.55651042,7,3,2,1,4,12:55,124,E06000006,6,0,6,30,3,4,6,0,0,0,1,1,1,0,0,1,1,E01012443,25-05-2018,1,1,3,1,8,2,3,6,9,0,0,-1,0,1
49744,73.86984542,18.52593383,7,3,3,1,2,07:47,128,E06000007,3,574,6,60,0,-1,-1,0,0,0,1,1,1,0,0,1,1,E01012544,23-05-2018,2,1,1,2,18,4,3,0,0,0,0,-1,9,1
49745,73.80815743,18.53565129,7,3,4,2,6,15:50,127,E06000050,3,56,6,30,3,4,6,0,0,0,1,1,1,0,0,2,1,E01018688,20-05-2018,1,2,2,2,53,8,3,0,0,1,0,-1,8,1
49746,73.84125129,18.56082167,7,3,2,1,4,15:30,124,E06000006,5,710,6,30,7,2,3,533,0,5,1,1,1,0,0,1,1,E01012403,25-05-2018,2,1,1,1,44,7,3,0,0,0,0,-1,19,1
49747,73.77632615,18.62802337,7,3,2,1,3,10:05,120,E06000050,3,5116,6,30,5,4,3,5480,0,0,1,1,1,0,0,1,1,E01018374,24-05-2018,1,1,1,2,70,10,3,0,0,0,0,-1,9,1
49748,73.90226264,18.56095749,7,3,2,1,6,13:15,128,E06000007,3,57,1,30,1,2,3,562,0,4,1,1,1,0,0,2,1,E01012456,20-05-2018,2,2,1,1,52,8,3,0,0,0,0,-1,8,1
49749,73.81768526,18.50563597,7,3,2,2,4,13:45,128,E06000007,3,57,6,40,0,-1,-1,0,0,0,1,1,1,0,0,1,1,E01012551,25-05-2018,1,1,2,1,5,1,3,0,0,0,4,-1,11,1
49750,73.92912501,18.49016892,7,3,2,4,4,16:55,128,E06000007,6,0,6,30,3,4,6,0,0,0,1,1,1,0,0,1,1,E01012457,18-05-2018,1,1,3,1,8,2,2,5,3,0,0,-1,0,1
49751,73.9380354,18.5497925,7,3,2,1,4,16:30,128,E06000007,1,6,3,70,0,-1,-1,0,0,0,1,1,1,0,0,2,1,E01012551,25-05-2018,2,1,1,1,45,7,3,0,0,0,0,-1,9,1
49752,73.88632354,18.554301,7,3,1,1,4,14:00,126,E06000049,6,0,6,30,0,-1,-1,0,0,0,1,1,1,0,0,1,1,E01018626,25-05-2018,1,1,3,2,12,3,2,1,4,0,0,-1,0,-1
49753,73.80858196,18.63725032,7,3,3,1,4,16:16,128,E06000007,1,62,3,70,0,-1,-1,0,0,0,1,1,1,0,0,2,1,E01012463,25-05-2018,1,1,1,1,42,7,3,0,0,0,0,-1,19,1
49754,73.86646798,18.51949832,7,3,2,1,2,13:50,128,E06000007,3,49,6,40,0,-1,-1,0,0,0,1,1,1,0,0,1,1,E01012452,23-05-2018,1,1,1,1,10,2,3,0,0,0,0,-1,1,-1
49755,73.91270959,18.50541294,7,3,1,1,5,10:50,127,E06000050,6,0,6,40,0,-1,-1,0,0,0,1,1,1,0,0,2,1,E01018684,26-05-2018,1,1,2,2,50,8,3,0,0,0,4,-1,11,1
49756,73.96066363,18.60976235,7,2,2,1,4,11:35,127,E06000050,5,629,2,30,5,4,5,629,0,0,1,1,1,0,0,1,1,E01018691,25-05-2018,1,1,1,1,41,7,3,0,0,0,0,-1,9,1
49757,73.89397354,18.61470643,7,3,2,2,6,07:00,128,E06000007,3,50,1,60,1,4,1,56,0,0,1,1,1,0,0,2,1,E01012515,13-05-2018,2,2,1,2,27,6,3,0,0,0,0,-1,9,1
49758,73.85818852,18.61897267,7,3,1,1,5,23:28,120,E06000050,5,227,6,30,3,4,5,205,0,0,5,1,1,0,0,1,1,E01018324,26-05-2018,2,3,2,1,7,2,3,0,0,1,0,-1,9,1
49759,73.90410975,18.54813306,7,3,1,1,4,02:10,128,E06000007,3,5061,6,30,3,4,6,0,0,0,5,1,1,0,0,1,1,E01012456,25-05-2018,1,1,1,1,72,10,3,0,0,0,0,-1,9,1
49760,73.88183003,18.52373503,7,3,2,2,1,07:30,122,E06000049,6,0,6,30,3,4,6,0,0,0,1,1,1,0,0,1,2,E01018487,22-05-2018,2,2,1,2,48,8,3,0,0,0,0,-1,9,1
49761,73.86196371,18.54021999,7,3,2,1,2,16:45,128,E06000007,5,1015,6,30,3,4,5,1009,0,0,1,1,1,0,0,2,1,E01012468,23-05-2018,2,3,2,2,68,10,3,0,0,1,0,-1,9,1
49762,73.8429625,18.60854803,7,3,2,2,1,13:55,122,E06000049,3,51,6,40,9,4,6,0,0,0,1,1,2,0,0,1,1,E01018517,22-05-2018,2,1,1,1,30,6,3,0,0,0,0,-1,19,1
49763,73.93949979,18.62395838,7,3,2,2,4,18:30,121,E06000049,3,5011,6,60,3,4,6,0,0,0,1,1,1,0,0,1,1,E01018390,25-05-2018,1,1,3,2,11,3,3,5,3,0,0,-1,0,1
49764,73.75767692,18.62428592,7,1,3,2,6,00:57,122,E06000049,3,530,6,60,0,-1,-1,0,0,0,5,1,1,0,0,2,1,E01018455,27-05-2018,1,1,1,1,38,7,3,0,0,0,0,-1,8,1
49765,73.95532304,18.61846378,7,3,1,1,4,08:30,128,E06000007,6,0,6,30,0,-1,-1,0,0,0,1,1,1,0,0,1,1,E01012556,25-05-2018,1,2,2,2,35,6,3,0,0,2,0,-1,8,-1
49766,73.7917208,18.52972757,7,3,1,1,5,23:55,128,E06000007,1,62,3,70,0,-1,-1,0,0,0,5,1,1,0,0,2,1,E01012469,26-05-2018,1,1,1,2,33,6,3,0,0,0,0,-1,9,1
49767,73.88301585,18.54880112,7,3,1,1,7,11:45,124,E06000006,6,0,6,30,0,-1,-1,0,0,0,1,1,1,0,0,1,1,E01012403,28-05-2018,2,2,1,1,44,7,3,0,0,0,0,-1,8,1
49768,73.881003,18.49219914,7,3,2,3,1,11:15,128,E06000007,3,57,1,30,1,2,3,57,0,5,1,1,1,0,0,2,1,E01012456,22-05-2018,3,3,2,2,34,6,3,0,0,1,0,-1,9,1
49769,73.87341321,18.60508726,7,2,2,1,6,22:06,124,E06000006,5,2017,6,30,3,4,6,0,0,0,5,1,1,0,0,1,1,E01012402,27-05-2018,1,1,1,2,22,5,3,0,0,0,0,-1,9,1
49770,73.83336701,18.51587407,7,3,2,1,2,14:35,128,E06000007,3,5061,6,30,3,4,5,1035,0,0,1,1,1,0,0,1,1,E01012505,30-05-2018,1,1,3,2,45,7,2,9,5,0,0,-1,0,1
49771,73.88265199,18.57213493,7,3,1,1,3,15:15,128,E06000007,3,57,6,60,1,4,6,0,0,0,1,4,1,0,0,1,1,E01012551,24-05-2018,2,1,1,2,40,7,3,0,0,0,0,-1,9,-1
49772,73.78319028,18.56344117,7,3,1,1,7,23:25,128,E06000007,3,49,6,30,6,2,3,49,0,0,5,1,1,0,0,1,1,E01012456,21-05-2018,1,1,1,1,20,4,3,0,0,0,0,-1,9,1
49773,73.92214734,18.50205175,7,3,2,1,5,16:42,128,E06000007,3,5061,6,30,0,-1,-1,0,0,0,1,8,1,0,0,1,1,E01012456,26-05-2018,1,1,1,2,50,8,3,0,0,0,0,-1,9,-1
49774,73.77239992,18.53266005,7,2,2,1,4,17:10,127,E06000050,3,54,1,30,1,4,4,5152,0,0,1,1,1,0,0,1,1,E01018747,25-05-2018,2,2,1,2,33,6,3,0,0,0,0,-1,9,1
49775,73.80392962,18.51788001,7,3,3,1,2,12:17,120,E06000050,3,49,6,60,0,-1,-1,0,0,0,1,1,1,0,0,2,1,E01018372,30-05-2018,1,1,2,2,22,5,3,0,0,2,0,-1,9,1
49776,73.82330605,18.56591299,7,3,2,2,2,13:29,120,E06000050,3,49,6,60,0,-1,-1,0,0,0,1,1,1,0,0,2,1,E01018372,30-05-2018,2,1,1,1,20,4,3,0,0,0,0,-1,9,1
49777,73.8265141,18.53714219,7,3,2,3,1,18:05,124,E06000006,6,0,3,30,6,2,3,533,0,5,1,1,1,0,0,1,1,E01012439,29-05-2018,1,1,1,2,49,8,3,0,0,0,0,-1,9,1
49778,73.8829024,18.5325303,7,1,2,4,2,12:11,120,E06000050,3,54,3,70,3,4,5,838,0,0,1,1,1,0,0,2,1,E01018349,30-05-2018,1,1,3,1,34,6,3,10,1,0,0,-1,0,-1
49779,73.83842598,18.58028388,7,3,2,1,1,16:45,127,E06000050,3,56,6,30,3,4,6,0,0,0,1,1,1,0,0,2,1,E01018697,29-05-2018,1,1,1,1,20,4,3,0,0,0,0,-1,9,1
49780,73.95324164,18.60366518,7,2,2,2,7,16:21,120,E06000050,3,5117,3,70,0,-1,-1,0,0,0,1,1,1,0,0,2,1,E01018367,28-05-2018,1,1,2,2,50,8,3,0,0,1,0,-1,9,1
49781,73.78872595,18.57166288,7,3,2,1,3,09:20,120,E06000050,3,548,6,30,6,4,6,0,0,0,1,2,2,0,0,1,1,E01018326,24-05-2018,1,1,1,1,36,7,3,0,0,0,0,-1,9,1
49782,73.7553303,18.51665462,7,3,2,1,5,16:45,127,E06000050,1,56,3,70,0,-1,-1,0,0,0,1,1,1,0,0,2,1,E01018689,26-05-2018,1,2,2,1,38,7,3,0,0,1,0,-1,9,-1