Accident_Index,longitude,latitude,Police_Force,Accident_Severity,Number_of_Vehicles,Number_of_Casualties,Day_of_Week,Time,Local_Authority_(District),Local_Authority_(Highway),1st_Road_Class,1st_Road_Number,Road_Type,Speed_limit,Junction_Detail,Junction_Control,2nd_Road_Class,2nd_Road_Number,Pedestrian_Crossing-Human_Control,Pedestrian_Crossing-Physical_Facilities,Light_Conditions,Weather_Conditions,Road_Surface_Conditions,Special_Conditions_at_Site,Carriageway_Hazards,Urban_or_Rural_Area,Did_Police_Officer_Attend_Scene_of_Accident,LSOA_of_Accident_Location,Date,Vehicle_Reference,Casualty_Reference,Casualty_Class,Sex_of_Casualty,Age_of_Casualty,Age_Band_of_Casualty,Casualty_Severity,Pedestrian_Location,Pedestrian_Movement,Car_Passenger,Bus_or_Coach_Passenger,Pedestrian_Road_Maintenance_Worker,Casualty_Type,Casualty_Home_Area_Type
50023,73.86385046,18.5983814,7,3,4,2,5,16:09,121,E06000049,1,6,3,40,0,-1,-1,0,0,0,1,1,1,4,0,2,1,E01018418,23-06-2018,1,1,3,1,46,8,3,5,1,0,0,-1,0,-1
50024,73.93139147,18.54630188,7,3,1,1,5,18:47,128,E06000007,1,56,3,70,0,-1,-1,0,0,0,1,1,1,0,0,2,1,E01012448,23-06-2018,1,1,1,2,19,4,2,0,0,0,0,-1,9,-1
50025,73.95975781,18.53999265,7,3,2,1,6,00:45,128,E06000007,1,56,3,70,0,-1,-1,0,0,0,6,1,1,0,0,2,1,E01012448,24-06-2018,1,3,2,1,20,4,3,0,0,1,0,-1,9,-1
50026,73.7411981,18.58690637,7,3,2,1,4,17:54,126,E06000049,1,56,1,60,1,4,3,556,0,0,7,1,1,0,0,2,2,E01018648,15-06-2018,1,4,2,2,18,4,3,0,0,2,0,-1,9,-1
50027,73.83159412,18.57110249,7,3,2,1,1,15:45,126,E06000049,5,104,6,60,0,-1,-1,0,0,0,1,1,1,0,0,2,2,E01018722,19-06-2018,2,2,1,1,30,6,3,0,0,0,0,-1,8,1
50028,73.94204734,18.61878648,7,3,3,1,1,16:30,126,E06000049,3,50,6,60,0,-1,-1,0,0,0,1,2,5,0,0,2,1,E01018605,19-06-2018,1,1,1,1,23,5,2,0,0,0,0,-1,9,1
50029,73.94731001,18.48807722,7,3,2,1,3,22:14,122,E06000049,6,0,6,30,6,4,6,0,0,0,1,1,1,0,0,1,2,E01018466,21-06-2018,1,3,2,1,27,6,2,0,0,1,0,-1,9,1
50030,73.92794214,18.51113246,7,3,2,1,6,08:40,124,E06000006,6,0,6,30,3,4,6,0,0,0,1,1,2,0,0,1,1,E01012422,24-06-2018,2,2,1,2,63,9,2,0,0,0,0,-1,9,1
50031,73.87158815,18.58691893,7,3,2,1,7,17:40,128,E06000007,3,56,6,30,6,2,4,5159,0,5,1,1,1,0,0,2,1,E01012518,25-06-2018,2,1,1,1,62,9,3,0,0,0,0,-1,9,1
50032,73.76007298,18.53974781,7,3,2,1,6,10:19,127,E06000050,3,559,6,40,0,-1,-1,0,0,0,1,2,2,0,0,1,1,E01018715,24-06-2018,1,1,2,1,75,10,3,0,0,0,3,-1,11,-1
50033,73.93782256,18.63187859,7,3,2,1,1,11:34,128,E06000007,4,5356,6,60,3,4,5,717,0,0,1,1,1,0,0,2,1,E01012488,26-06-2018,1,1,2,2,9,2,3,0,0,2,0,-1,9,-1
50034,73.85818127,18.60581785,7,3,2,1,5,19:15,120,E06000050,3,51,6,30,3,2,5,204,0,5,1,1,1,0,0,1,1,E01018381,23-06-2018,1,1,2,2,37,7,3,0,0,1,0,-1,9,1
50035,73.83286307,18.61861417,7,3,1,1,1,22:20,127,E06000050,3,49,6,60,0,-1,-1,0,0,0,1,1,1,0,0,2,1,E01018675,26-06-2018,2,1,1,1,83,11,3,0,0,0,0,-1,9,1
50036,73.84651044,18.51628947,7,2,1,5,2,01:25,127,E06000050,3,54,6,60,8,4,6,0,0,0,5,1,1,0,0,2,1,E01018707,27-06-2018,2,2,2,2,85,11,3,0,0,1,0,-1,9,1
50037,73.76652693,18.5045713,7,3,2,1,6,16:05,120,E06000050,5,224,6,40,3,4,6,0,0,0,1,1,1,0,0,2,1,E01018325,24-06-2018,1,1,1,2,37,7,3,0,0,0,0,-1,9,1
50038,73.88920874,18.59216297,7,2,1,1,6,00:57,127,E06000050,3,533,6,30,0,-1,-1,0,0,0,5,1,1,3,0,1,1,E01018713,24-06-2018,1,1,1,2,30,6,3,0,0,0,0,-1,9,1
50039,73.87409923,18.63264322,7,3,2,1,6,19:42,127,E06000050,3,533,6,30,3,4,6,0,0,0,1,2,2,0,0,1,1,E01018713,24-06-2018,1,1,3,2,40,7,3,5,2,0,0,-1,0,1
50040,73.89606247,18.55682518,7,3,1,1,1,14:30,123,E06000050,4,5132,3,30,0,-1,-1,0,0,0,1,1,1,0,0,1,1,E01018524,26-06-2018,2,1,1,1,24,5,3,0,0,0,0,-1,3,1
50041,73.92574656,18.48908314,7,3,1,1,7,13:19,120,E06000050,3,5116,1,30,1,4,6,0,0,0,1,1,1,0,0,1,1,E01018375,25-06-2018,1,1,3,1,84,11,2,5,3,0,0,-1,0,1
50042,73.92189605,18.54313557,7,2,3,2,1,19:37,127,E06000050,3,556,6,50,6,4,4,5152,0,0,1,1,1,0,0,2,1,E01018707,26-06-2018,2,1,1,1,43,7,3,0,0,0,0,-1,9,1
50043,73.73324675,18.56000124,7,2,2,3,4,21:48,122,E06000049,3,51,6,30,9,4,6,0,0,0,5,1,1,0,0,1,1,E01018454,22-06-2018,1,1,3,1,5,1,3,5,4,0,0,-1,0,1
50044,73.92688291,18.5513701,7,2,1,1,4,18:27,126,E06000049,5,413,6,30,9,4,5,413,0,0,1,1,1,0,0,2,1,E01018586,22-06-2018,2,1,1,1,39,7,3,0,0,0,0,-1,8,1
50045,73.82454858,18.61788298,7,2,2,2,1,19:10,126,E06000049,3,535,6,40,0,-1,-1,0,0,0,1,1,2,0,0,2,1,E01018580,19-06-2018,2,1,1,2,19,4,3,0,0,0,0,-1,9,1
50046,73.82248264,18.53636901,7,1,2,2,4,12:00,121,E06000049,5,605,6,60,6,4,5,604,0,0,1,1,1,0,0,2,1,E01018411,22-06-2018,2,2,2,1,50,8,3,0,0,1,0,-1,9,1
50047,73.91525645,18.6155967,7,3,1,1,4,11:50,126,E06000049,3,538,6,30,3,4,6,0,2,4,1,1,1,0,0,1,1,E01018601,22-06-2018,1,1,3,1,12,3,3,5,1,0,0,-1,0,-1
50048,73.94298067,18.53481517,7,3,4,2,4,07:57,121,E06000049,3,54,3,30,0,-1,-1,0,0,0,1,1,1,0,0,1,1,E01018402,22-06-2018,1,1,1,1,35,6,3,0,0,0,0,-1,9,1
50049,73.90810849,18.50088044,7,3,2,2,4,07:47,121,E06000049,4,5077,6,30,3,2,5,354,0,5,1,1,1,0,0,1,1,E01018389,22-06-2018,2,2,2,2,32,6,3,0,0,1,0,-1,9,1
50050,73.81874258,18.55140656,7,3,2,2,4,16:00,126,E06000049,3,34,1,30,1,4,4,5086,0,0,1,1,1,0,0,1,2,E01018588,22-06-2018,2,1,1,1,46,8,3,0,0,0,0,-1,8,1
50051,73.77705119,18.51445081,7,3,2,2,5,21:01,122,E06000049,6,0,6,30,0,-1,-1,0,0,0,1,1,1,0,0,1,1,E01018477,23-06-2018,1,1,1,1,28,6,3,0,0,0,0,-1,9,1
50052,73.78715303,18.52532151,7,3,2,1,6,22:09,126,E06000049,3,538,6,30,3,4,6,0,0,0,5,1,2,0,0,1,1,E01018644,24-06-2018,2,2,1,1,34,6,3,0,0,0,0,-1,9,1
50053,73.86923934,18.48818615,7,1,1,1,7,21:18,121,E06000049,5,310,6,60,0,-1,-1,0,0,0,1,1,1,0,0,2,1,E01018394,25-06-2018,2,3,2,2,43,7,3,0,0,1,0,-1,9,-1
50054,73.94534275,18.63334892,7,3,2,2,2,08:19,123,E06000050,3,41,6,40,3,4,6,0,0,0,1,1,1,0,0,1,1,E01018528,27-06-2018,1,1,2,1,36,7,3,0,0,1,0,-1,9,-1
50055,73.94829065,18.58339552,7,3,2,1,2,17:51,123,E06000050,4,5132,6,30,1,4,6,0,0,0,1,1,1,0,0,1,1,E01018557,27-06-2018,1,1,3,1,20,4,3,5,2,0,0,-1,0,1
50056,73.86025741,18.53493395,7,3,2,2,2,08:29,120,E06000050,3,41,6,50,6,4,5,205,0,0,1,1,1,0,0,2,1,E01018324,27-06-2018,2,1,1,1,10,2,3,0,0,0,0,-1,1,-1
50057,73.94825861,18.55868515,7,2,2,4,1,20:23,127,E06000050,4,5152,6,60,3,4,6,0,0,0,1,1,1,0,0,2,1,E01018698,26-06-2018,1,1,3,1,45,7,2,6,9,0,0,-1,0,1
50058,73.85644409,18.61231427,7,2,2,2,4,05:51,128,E06000007,3,574,6,60,0,-1,-1,0,0,0,1,1,1,0,0,1,1,E01012544,15-06-2018,2,1,1,1,13,3,3,0,0,0,0,-1,1,1
50059,73.871861,18.55124896,7,3,2,1,1,17:35,120,E06000050,3,548,6,30,8,4,6,0,0,0,1,1,1,0,0,1,1,E01018326,26-06-2018,2,1,1,2,23,5,3,0,0,0,0,-1,9,1
50060,73.93053721,18.50380416,7,3,2,1,2,08:20,120,E06000050,3,54,6,60,3,4,3,556,0,0,1,1,1,0,0,2,1,E01018707,27-06-2018,1,1,1,2,39,7,3,0,0,0,0,-1,9,1
50061,73.87010101,18.60476607,7,3,2,1,5,08:40,128,E06000007,3,56,6,30,3,3,3,56,0,0,1,1,1,0,0,1,2,E01012502,23-06-2018,2,1,1,1,34,6,3,0,0,0,0,-1,9,1
50062,73.86639192,18.536373,7,3,1,2,7,14:20,120,E06000050,3,5117,1,60,1,4,3,540,0,0,1,1,1,0,0,2,1,E01018367,18-06-2018,1,1,3,2,22,5,3,5,9,0,0,-1,0,-1
50063,73.73430329,18.55807397,7,3,2,2,3,13:33,123,E06000050,4,5132,6,30,3,4,6,0,0,4,1,1,1,0,0,1,1,E01018527,19-04-2018,2,1,1,1,39,7,3,0,0,0,0,-1,1,-1
50064,73.95153779,18.63152924,7,2,1,1,5,21:20,123,E06000050,6,0,2,30,0,-1,-1,0,0,0,1,1,1,0,0,1,1,E01018545,16-06-2018,1,1,3,1,14,3,3,1,1,0,0,-1,0,1
50065,73.87851499,18.49990516,7,3,2,1,6,16:50,127,E06000050,4,5152,6,30,8,4,6,0,0,0,1,1,1,0,0,2,1,E01018690,03-06-2018,2,1,1,2,37,7,3,0,0,0,0,-1,9,1
50066,73.77485076,18.57765889,7,3,2,1,5,12:00,120,E06000050,6,0,6,30,3,4,6,0,0,0,1,1,1,3,0,1,1,E01018314,09-06-2018,2,2,2,2,36,7,3,0,0,1,0,-1,9,1
50067,73.84306194,18.598332,7,3,2,1,3,18:20,120,E06000050,5,805,6,50,0,-1,-1,0,0,0,1,1,1,0,0,2,2,E01018369,21-06-2018,1,1,2,1,18,4,2,0,0,2,0,-1,9,-1
50068,73.88747836,18.6241228,7,3,1,1,1,18:05,126,E06000049,3,537,6,50,0,-1,-1,0,0,0,1,1,1,0,0,2,1,E01018669,05-06-2018,1,1,3,2,11,3,2,5,2,0,0,-1,0,1
50069,73.86463093,18.64485465,7,3,2,1,3,11:45,128,E06000007,3,49,6,30,1,2,3,5060,0,4,1,1,1,0,0,1,2,E01012510,21-06-2018,1,1,3,1,64,9,2,5,1,0,0,-1,0,-1
50070,73.74630477,18.54200062,7,3,2,1,5,22:30,120,E06000050,5,218,6,60,6,4,5,809,0,0,6,1,1,0,0,2,1,E01018372,02-06-2018,2,1,1,2,50,8,3,0,0,0,0,-1,9,1
50071,73.85255753,18.53883354,7,3,3,1,5,14:15,126,E06000049,3,556,3,50,3,2,6,0,0,0,1,1,1,0,0,2,2,E01018654,16-06-2018,2,1,2,2,26,6,3,0,0,2,0,-1,8,1
50072,73.84581011,18.57329197,7,2,2,1,4,18:46,122,E06000049,5,552,6,30,0,-1,-1,0,0,0,1,1,1,0,0,1,1,E01018496,22-06-2018,2,1,1,1,20,4,3,0,0,0,0,-1,9,1
50073,73.82012743,18.62680496,7,3,1,1,5,10:41,121,E06000049,3,34,6,40,9,4,6,0,0,0,1,1,1,0,0,1,1,E01018417,23-06-2018,1,1,3,1,44,7,3,4,1,0,0,-1,0,1
50074,73.81579235,18.58535129,7,3,1,1,3,08:39,120,E06000050,5,820,6,60,0,-1,-1,0,0,0,1,1,1,0,0,2,1,E01018373,28-06-2018,1,2,3,1,9,2,3,4,1,0,0,-1,0,1
50075,73.87430256,18.59576952,7,3,2,4,6,09:04,121,E06000049,5,304,6,60,0,-1,-1,0,0,0,1,2,2,0,0,2,1,E01029768,24-06-2018,1,2,2,1,36,7,3,0,0,2,0,-1,8,1
50076,73.92199797,18.50421735,7,3,2,2,6,15:30,121,E06000049,3,527,3,30,3,4,6,0,0,0,1,1,1,0,0,1,1,E01018399,24-06-2018,1,3,2,2,23,5,3,0,0,2,0,-1,8,1
50077,73.89925798,18.6444453,7,2,1,1,7,20:49,126,E06000049,4,5470,6,60,0,-1,-1,0,0,0,1,1,1,0,0,2,1,E01018669,25-06-2018,1,4,2,2,22,5,3,0,0,1,0,-1,8,1
50078,73.83106363,18.55755225,7,3,2,1,2,18:09,128,E06000007,6,0,6,30,3,4,6,0,0,0,1,1,1,0,0,1,1,E01012561,27-06-2018,2,1,2,2,25,5,3,0,0,2,0,-1,8,1
50079,73.95823208,18.50793177,7,3,4,6,3,09:08,124,E06000006,3,533,6,60,0,-1,-1,0,0,0,1,1,1,4,0,1,1,E01012409,28-06-2018,1,1,1,2,33,6,3,0,0,0,0,-1,9,1
50080,73.96250575,18.62432452,7,3,2,2,4,18:00,123,E06000050,4,5463,6,30,1,4,3,5032,0,0,1,1,1,0,0,1,1,E01018564,22-06-2018,2,1,1,1,24,5,3,0,0,0,0,-1,9,1
50081,73.94566229,18.63731499,7,3,2,3,3,15:10,127,E06000050,3,56,6,40,3,4,5,2019,0,0,1,1,1,0,0,1,1,E01018708,28-06-2018,2,2,2,2,25,5,3,0,0,1,0,-1,9,-1
50082,73.75573687,18.54924391,7,3,2,1,1,12:20,128,E06000007,3,49,6,30,9,4,6,0,0,0,1,1,1,0,0,1,1,E01012452,26-06-2018,1,1,1,1,20,4,3,0,0,0,0,-1,9,-1
50083,73.85579589,18.5829465,7,3,2,2,1,16:25,120,E06000050,3,51,6,60,3,4,5,807,0,0,1,1,1,0,0,2,1,E01018369,26-06-2018,1,3,2,2,16,4,3,0,0,2,0,-1,9,1
50084,73.95045775,18.54282325,7,3,2,1,7,15:25,128,E06000007,3,49,3,30,0,-1,-1,0,0,0,1,1,1,0,0,1,2,E01012480,04-06-2018,2,1,2,1,43,7,3,0,0,1,0,-1,9,-1
50085,73.80961533,18.61963326,7,3,2,1,2,08:35,121,E06000049,5,839,6,40,3,4,4,5079,0,0,1,1,1,0,0,1,1,E01018443,27-06-2018,2,2,2,2,5,1,3,0,0,1,0,-1,9,-1
50086,73.86543692,18.56245693,7,2,2,1,2,12:48,122,E06000049,6,0,6,30,3,4,6,0,0,8,1,1,1,0,0,1,1,E01018459,27-06-2018,1,1,3,2,18,4,3,9,9,0,0,-1,0,1
50087,73.78983027,18.57237753,7,3,1,1,2,15:52,122,E06000049,4,5076,6,30,3,4,6,0,0,0,1,1,1,0,0,1,1,E01018463,27-06-2018,1,1,3,2,29,6,3,5,9,0,0,-1,0,-1
50088,73.88788854,18.52264367,7,3,2,1,1,14:30,128,E06000007,3,57,6,30,3,2,6,0,0,5,1,1,1,0,0,1,2,E01012456,26-06-2018,1,1,3,2,11,3,3,4,1,0,0,-1,0,1
50089,73.91764469,18.52055735,7,3,2,1,4,12:30,128,E06000007,3,56,6,30,0,-1,-1,0,0,0,1,1,2,0,0,1,2,E01012557,01-06-2018,1,1,3,1,10,2,3,10,9,0,0,-1,0,1
50090,73.86852154,18.60528444,7,3,3,3,4,10:05,124,E06000006,3,533,6,40,0,-1,-1,0,0,0,1,1,1,0,0,1,1,E01012430,29-06-2018,1,2,3,1,9,2,3,10,9,0,0,-1,0,1
50091,73.89741649,18.52096797,7,2,1,1,1,15:43,127,E06000050,3,50,6,60,0,-1,-1,0,0,0,1,1,1,0,0,2,1,E01018722,19-06-2018,2,1,1,1,29,6,3,0,0,0,0,-1,9,1
50092,73.8802862,18.59536145,7,3,3,1,7,13:30,124,E06000006,6,0,6,30,3,4,6,0,0,0,1,1,1,0,0,1,2,E01012441,04-06-2018,1,1,3,2,29,6,3,6,9,0,0,-1,0,-1
50093,73.836423,18.50674756,7,3,2,1,4,15:45,128,E06000007,5,1049,6,30,3,4,6,0,0,0,1,1,1,0,0,1,1,E01012456,29-06-2018,2,1,1,1,39,7,3,0,0,0,0,-1,9,1
50094,73.95468351,18.59600239,7,3,2,2,1,19:00,128,E06000007,6,0,6,60,0,-1,-1,0,0,0,1,1,1,0,0,2,2,E01012469,26-06-2018,1,1,3,1,38,7,3,5,1,0,0,-1,0,3
50095,73.83888013,18.61224503,7,3,2,2,4,23:27,124,E06000006,3,5080,6,30,0,-1,-1,0,0,0,5,1,1,0,0,1,2,E01012393,15-06-2018,1,1,1,1,45,7,3,0,0,0,0,-1,19,1
50096,73.83005319,18.63481773,7,3,2,1,5,15:35,128,E06000007,3,50,6,30,3,4,6,0,0,0,1,1,1,0,0,1,2,E01012521,23-06-2018,2,1,1,1,25,5,3,0,0,0,0,-1,9,-1
50097,73.9367506,18.51539749,7,3,2,3,4,07:55,128,E06000007,3,574,6,30,0,-1,-1,0,0,0,1,1,1,0,0,1,1,E01012563,29-06-2018,1,1,3,1,8,2,3,4,3,0,0,-1,0,-1
50098,73.94569792,18.63103462,7,3,2,2,5,07:00,128,E06000007,4,5207,6,30,3,4,5,1004,0,0,1,1,1,0,0,2,1,E01012477,30-06-2018,1,1,3,1,4,1,2,5,3,0,0,-1,0,1
50099,73.93416645,18.54643053,7,3,2,1,3,17:45,123,E06000050,6,0,6,30,0,-1,-1,0,0,0,1,1,1,0,0,2,1,E01018518,28-06-2018,2,1,1,1,38,7,3,0,0,0,0,-1,5,1
50100,73.88856696,18.55602753,7,2,2,1,3,15:30,127,E06000050,4,5374,6,30,6,2,3,533,0,0,1,1,1,0,0,1,1,E01018713,28-06-2018,2,1,1,1,39,7,3,0,0,0,0,-1,5,1
50101,73.87927198,18.55551361,7,3,2,1,3,17:25,128,E06000007,3,49,6,30,6,4,6,0,0,4,1,1,1,0,0,1,2,E01012557,28-06-2018,2,1,1,1,38,7,3,0,0,0,0,-1,9,1
50102,73.87803354,18.51000901,7,3,4,1,5,16:28,123,E06000050,3,41,6,40,6,2,5,215,0,5,1,1,1,0,0,1,1,E01018360,30-06-2018,2,1,1,1,21,5,3,0,0,0,0,-1,1,1
50103,73.74798265,18.59259417,7,3,2,1,6,16:30,123,E06000050,3,5032,6,30,9,4,6,0,0,0,1,1,1,0,0,1,2,E01018519,18-03-2018,2,1,1,2,36,7,3,0,0,0,0,-1,9,1
50104,73.77872324,18.49217005,7,3,2,1,7,09:26,128,E06000007,6,0,6,30,0,-1,-1,0,0,0,1,1,1,0,0,1,1,E01012533,02-07-2018,1,1,1,1,21,5,3,0,0,0,0,-1,9,-1
50105,73.92810493,18.5408345,7,2,3,3,1,10:20,120,E06000050,3,540,6,50,3,4,5,213,0,0,1,1,1,0,0,2,1,E01018360,03-07-2018,1,1,3,2,7,2,3,5,4,0,0,-1,0,1
50106,73.95170282,18.62322941,7,3,2,1,6,14:35,124,E06000006,3,562,3,40,3,2,3,557,0,5,1,1,1,0,0,1,1,E01012441,01-07-2018,2,1,1,1,35,6,3,0,0,0,0,-1,8,1
50107,73.75478812,18.64292696,7,3,1,1,7,23:04,127,E06000050,6,0,6,60,0,-1,-1,0,0,0,6,1,1,0,0,2,1,E01018692,02-07-2018,1,1,1,1,41,7,3,0,0,0,0,-1,19,1
50108,73.76686522,18.61844362,7,2,2,1,7,02:00,124,E06000006,6,0,6,30,3,4,6,0,0,0,5,1,1,0,0,1,1,E01012428,02-07-2018,2,2,2,1,30,6,3,0,0,1,0,-1,19,1
50109,73.92191301,18.61905657,7,3,2,1,6,17:40,128,E06000007,3,574,3,60,1,4,6,0,0,0,1,2,2,0,0,1,1,E01012460,01-07-2018,1,1,2,1,30,6,3,0,0,0,1,-1,11,-1
50110,73.75276955,18.60509743,7,3,2,1,5,17:38,128,E06000007,6,0,6,30,6,4,6,0,0,0,1,1,1,0,0,1,2,E01012456,23-06-2018,1,1,2,1,21,5,3,0,0,0,4,-1,11,-1
50111,73.821432,18.57638832,7,3,3,2,1,06:49,120,E06000050,3,550,6,60,6,2,3,540,0,0,1,1,1,0,0,2,1,E01018360,03-07-2018,1,2,3,2,19,4,3,10,9,0,0,-1,0,-1
50112,73.9527985,18.61444379,7,3,1,1,1,03:09,127,E06000050,4,5075,6,60,0,-1,-1,0,0,0,6,2,2,0,0,2,1,E01018721,03-07-2018,2,1,2,2,50,8,3,0,0,2,0,-1,9,1
50113,73.84922207,18.59009343,7,3,2,2,1,16:53,123,E06000050,3,540,3,60,3,2,4,5151,0,0,1,1,1,0,0,2,1,E01018518,03-07-2018,1,1,3,2,58,9,2,4,3,0,0,-1,0,1
50114,73.89430223,18.62429181,7,3,2,2,7,12:12,120,E06000050,3,49,6,40,3,4,6,0,0,0,1,1,1,0,0,2,1,E01018372,02-07-2018,1,1,3,1,18,4,3,5,1,0,0,-1,0,1
50115,73.89734873,18.59518397,7,3,2,1,6,11:45,128,E06000007,4,5204,6,30,3,3,5,1008,0,0,1,1,1,0,0,2,1,E01012469,01-07-2018,2,1,1,2,59,9,2,0,0,0,0,-1,9,1
50116,73.96109126,18.49121636,7,3,4,5,1,02:54,128,E06000007,6,0,6,30,0,-1,-1,0,0,0,4,1,1,0,0,1,1,E01012548,03-07-2018,2,2,2,1,63,9,2,0,0,1,0,-1,9,1
50117,73.85613147,18.51995889,7,3,1,1,6,22:00,127,E06000050,3,530,6,60,0,-1,-1,0,0,0,6,1,2,0,0,2,1,E01018680,01-07-2018,2,1,1,2,27,6,3,0,0,0,0,-1,9,3
50118,73.74748701,18.64273254,7,3,1,1,3,09:36,128,E06000007,5,1010,1,30,1,4,6,0,0,0,1,1,1,0,0,2,2,E01012562,28-06-2018,2,1,1,1,39,7,3,0,0,0,0,-1,9,1
50119,73.76920705,18.52664847,7,2,2,1,6,08:43,120,E06000050,5,224,6,30,3,4,6,0,0,0,1,1,1,0,0,1,1,E01018345,01-07-2018,2,1,1,1,61,9,3,0,0,0,0,-1,8,1
50120,73.81880718,18.59017936,7,3,2,1,7,21:43,123,E06000050,6,0,6,30,3,4,6,0,0,0,1,1,1,0,0,1,1,E01018553,02-07-2018,1,1,3,2,21,5,3,5,1,0,0,-1,0,1
50121,73.88435478,18.57253177,7,3,2,1,2,18:03,128,E06000007,1,6,3,70,0,-1,-1,0,0,0,1,1,1,0,0,2,1,E01012515,27-06-2018,2,1,2,2,35,6,3,0,0,1,0,-1,9,1
50122,73.78655743,18.56031341,7,3,2,2,1,17:15,127,E06000050,1,56,3,70,0,-1,-1,0,0,0,1,1,1,0,0,2,1,E01018708,26-06-2018,1,1,2,1,25,5,3,0,0,0,0,-1,2,1
50123,73.81490839,18.52828005,7,3,2,2,5,08:25,121,E06000049,3,534,6,60,6,4,5,308,0,0,1,1,1,0,0,2,1,E01018406,23-06-2018,1,4,2,2,22,5,3,0,0,1,0,-1,9,-1
50124,73.83965992,18.64144647,7,3,2,1,5,09:22,128,E06000007,6,0,6,30,9,4,6,0,0,1,1,1,1,4,0,1,2,E01012456,19-05-2018,2,1,2,2,29,6,3,0,0,0,4,-1,11,1
50125,73.90003316,18.55983457,7,3,1,1,7,15:13,121,E06000049,5,839,6,30,1,4,3,534,0,0,1,1,1,0,0,1,1,E01018442,25-06-2018,2,2,2,2,29,6,3,0,0,0,4,-1,11,-1
50126,73.89028154,18.6168016,7,3,3,1,2,07:20,121,E06000049,1,6,3,70,0,-1,-1,0,0,0,1,1,1,0,0,2,1,E01018722,27-06-2018,2,3,2,1,30,6,3,0,0,0,4,-1,11,1
50127,73.88301999,18.52192357,7,3,2,2,7,23:15,127,E06000050,3,50,6,60,3,4,4,5082,0,0,6,1,1,0,0,2,2,E01032472,25-06-2018,2,5,1,1,34,6,3,0,0,0,0,-1,11,1
50128,73.84997071,18.53797084,7,2,1,1,2,21:25,122,E06000049,5,527,6,30,0,-1,-1,0,0,0,1,1,1,0,0,1,1,E01018466,27-06-2018,2,1,1,2,19,4,3,0,0,0,0,-1,1,1
50129,73.79382446,18.54303252,7,3,2,1,3,18:05,121,E06000049,5,609,6,30,3,4,3,534,0,0,1,1,1,0,0,2,2,E01018439,28-06-2018,1,1,2,2,18,4,3,0,0,2,0,-1,8,1
50130,73.75722567,18.52622639,7,2,2,1,3,19:20,126,E06000049,3,537,6,50,0,-1,-1,0,0,0,1,1,1,0,0,2,1,E01018670,28-06-2018,1,2,2,2,18,4,3,0,0,2,0,-1,8,-1
50131,73.9424894,18.62845475,7,3,1,2,3,21:55,122,E06000049,5,502,6,60,0,-1,-1,0,0,0,6,2,2,0,0,2,1,E01018479,28-06-2018,1,3,2,1,19,4,3,0,0,2,0,-1,8,-1
50132,73.88192362,18.62832757,7,3,2,3,2,07:36,128,E06000007,3,574,6,30,1,4,6,0,0,0,1,1,1,0,0,1,1,E01012464,04-07-2018,1,4,2,1,18,4,3,0,0,2,0,-1,8,-1
50133,73.92528684,18.55377173,7,2,1,1,3,16:05,128,E06000007,6,0,6,30,0,-1,-1,0,0,0,1,2,2,0,0,1,2,E01012534,05-07-2018,1,1,3,1,35,6,3,8,9,0,0,-1,0,1
50134,73.9416072,18.49802847,7,3,2,1,2,08:43,128,E06000007,6,0,6,30,6,2,6,0,0,0,1,2,2,0,0,1,1,E01012454,04-07-2018,2,1,2,2,20,4,3,0,0,2,0,-1,8,1
50135,73.78013934,18.64267059,7,3,1,1,2,06:55,128,E06000007,3,574,6,30,3,4,6,0,0,0,1,1,1,0,0,2,1,E01012476,04-07-2018,2,2,1,1,53,8,3,0,0,0,0,-1,8,1
50136,73.88146756,18.6284401,7,3,2,1,6,07:30,122,E06000049,4,5071,6,30,3,4,5,504,0,0,1,2,2,0,0,2,2,E01018494,24-06-2018,2,3,2,2,22,5,3,0,0,2,0,-1,8,1
50137,73.87067907,18.64288118,7,3,3,4,3,17:34,122,E06000049,3,51,6,60,9,4,6,0,0,0,1,1,1,0,0,2,1,E01018458,28-06-2018,2,1,1,1,31,6,3,0,0,0,0,-1,1,1
50138,73.8146353,18.62014088,7,3,2,1,3,08:45,122,E06000049,3,534,6,40,1,2,5,528,0,0,1,1,1,0,0,2,2,E01018465,28-06-2018,1,1,3,2,9,2,3,5,1,0,0,-1,0,1
50139,73.82451399,18.54186832,7,3,1,1,4,23:45,121,E06000049,3,34,6,40,1,4,6,0,0,0,5,1,2,0,0,1,1,E01018402,29-06-2018,1,1,1,1,24,5,3,0,0,0,0,-1,9,1
50140,73.79327199,18.57605888,7,2,3,2,6,15:45,126,E06000049,1,6,3,70,0,-1,-1,0,0,0,1,1,1,0,0,2,1,E01018648,01-07-2018,2,2,1,2,47,8,3,0,0,0,0,-1,9,1
50141,73.84394721,18.4961624,7,2,2,2,4,20:24,121,E06000049,3,50,6,60,0,-1,-1,0,0,0,1,1,1,0,0,2,1,E01018394,29-06-2018,1,1,3,1,25,5,2,4,1,0,0,-1,0,1
50142,73.87991242,18.55449416,7,2,2,1,4,18:45,121,E06000049,6,0,6,60,3,4,6,0,0,0,1,1,1,0,0,2,1,E01018412,29-06-2018,1,1,1,1,27,6,3,0,0,0,0,-1,9,1