Accident_Index,longitude,latitude,Police_Force,Accident_Severity,Number_of_Vehicles,Number_of_Casualties,Day_of_Week,Time,Local_Authority_(District),Local_Authority_(Highway),1st_Road_Class,1st_Road_Number,Road_Type,Speed_limit,Junction_Detail,Junction_Control,2nd_Road_Class,2nd_Road_Number,Pedestrian_Crossing-Human_Control,Pedestrian_Crossing-Physical_Facilities,Light_Conditions,Weather_Conditions,Road_Surface_Conditions,Special_Conditions_at_Site,Carriageway_Hazards,Urban_or_Rural_Area,Did_Police_Officer_Attend_Scene_of_Accident,LSOA_of_Accident_Location,Date,Vehicle_Reference,Casualty_Reference,Casualty_Class,Sex_of_Casualty,Age_of_Casualty,Age_Band_of_Casualty,Casualty_Severity,Pedestrian_Location,Pedestrian_Movement,Car_Passenger,Bus_or_Coach_Passenger,Pedestrian_Road_Maintenance_Worker,Casualty_Type,Casualty_Home_Area_Type
50383,73.78792977,18.54738949,7,3,1,1,5,17:31,123,E06000050,6,0,7,30,9,4,6,0,0,0,1,2,2,0,0,1,1,E01018519,28-07-2018,1,2,2,2,23,5,2,0,0,1,0,-1,9,1
50384,73.89476562,18.60341673,7,3,2,2,5,18:00,124,E06000006,3,558,6,60,1,4,3,56,0,0,1,1,1,0,0,2,1,E01012385,28-07-2018,1,3,2,2,24,5,2,0,0,2,0,-1,9,1
50385,73.82480159,18.63030887,7,3,4,2,5,23:14,128,E06000007,1,56,3,70,0,-1,-1,0,0,0,6,2,2,0,0,2,1,E01012503,28-07-2018,1,4,2,2,27,6,2,0,0,2,0,-1,9,1
50386,73.76549382,18.52822884,7,2,2,1,5,21:46,120,E06000050,1,56,2,70,5,4,1,56,0,0,1,2,2,0,0,2,1,E01018337,28-07-2018,2,1,2,1,30,6,3,0,0,2,0,-1,8,1
50387,73.87504147,18.52377015,7,3,2,1,6,18:05,121,E06000049,4,5078,6,30,3,4,6,0,0,0,1,1,1,0,0,1,2,E01018386,22-07-2018,1,1,3,1,17,4,3,10,1,0,0,-1,0,1
50388,73.92051239,18.62185543,7,3,1,1,6,10:34,122,E06000049,3,530,6,30,0,-1,-1,0,0,0,1,1,1,0,0,1,1,E01018453,22-07-2018,1,1,3,2,13,3,3,1,1,0,0,-1,0,1
50389,73.8899758,18.50266041,7,3,2,1,6,22:15,126,E06000049,3,523,6,30,3,4,6,0,0,0,4,1,1,0,0,1,1,E01018627,22-07-2018,1,1,1,1,62,9,3,0,0,0,0,-1,9,1
50390,73.85573059,18.59679495,7,3,2,2,6,13:32,126,E06000049,5,404,6,60,0,-1,-1,0,0,0,1,1,2,0,0,2,1,E01018669,22-07-2018,2,2,2,2,35,6,3,0,0,0,4,-1,11,1
50391,73.84332969,18.5820372,7,2,3,4,7,10:40,126,E06000049,3,537,6,60,0,-1,-1,0,0,0,1,1,1,0,0,2,1,E01018654,23-07-2018,2,3,2,1,20,4,3,0,0,0,4,-1,11,1
50392,73.74995978,18.58688068,7,3,2,1,7,10:09,127,E06000050,6,0,6,30,0,-1,-1,0,0,0,1,1,1,0,0,1,2,E01018427,23-07-2018,1,1,3,1,29,6,3,5,1,0,0,-1,0,-1
50393,73.74909551,18.56357677,7,3,3,2,5,16:42,128,E06000007,6,0,6,30,0,-1,-1,0,0,0,1,2,2,0,0,1,1,E01012454,28-07-2018,1,1,3,1,27,6,3,1,1,0,0,-1,0,1
50394,73.79076781,18.50556246,7,3,2,1,6,12:35,124,E06000006,6,0,6,30,0,-1,-1,0,0,0,1,1,1,0,0,1,1,E01012433,29-07-2018,1,1,3,2,19,4,3,5,2,0,0,-1,0,-1
50395,73.77351608,18.60084897,7,3,2,2,6,15:57,124,E06000006,6,0,6,30,3,4,6,0,0,0,1,1,1,0,0,1,1,E01012454,29-07-2018,1,2,2,1,35,6,3,0,0,1,0,-1,9,1
50396,73.81218493,18.56161453,7,3,3,1,5,20:00,128,E06000007,3,57,1,30,1,2,5,1025,0,0,4,2,2,0,0,1,1,E01012456,28-07-2018,2,1,1,1,52,8,3,0,0,0,0,-1,9,-1
50397,73.95312151,18.57947622,7,3,1,1,1,02:35,120,E06000050,3,5268,2,30,3,2,3,5268,0,5,4,1,1,0,0,1,1,E01018326,31-07-2018,1,1,3,2,72,10,2,9,6,0,0,-1,0,1
50398,73.73524247,18.49449621,7,1,2,4,7,03:35,123,E06000050,4,5132,6,30,0,-1,-1,0,0,0,4,1,1,0,0,1,1,E01018526,30-07-2018,2,2,1,2,73,10,3,0,0,0,0,-1,9,1
50399,73.9244679,18.59187927,7,2,2,2,1,01:21,127,E06000050,3,533,6,60,3,4,5,730,0,0,6,1,2,0,0,2,1,E01018708,31-07-2018,3,1,2,2,4,1,3,0,0,2,0,-1,9,1
50400,73.92194006,18.50722666,7,3,1,1,7,10:45,127,E06000050,5,613,6,60,0,-1,-1,0,0,0,1,1,1,0,0,2,1,E01018743,30-07-2018,1,1,2,2,44,7,3,0,0,1,0,-1,9,-1
50401,73.93990342,18.63126869,7,3,2,1,7,13:35,120,E06000050,3,548,6,30,0,-1,-1,0,0,0,1,1,1,0,0,1,1,E01018330,30-07-2018,1,1,3,1,5,1,3,5,4,0,0,-1,0,1
50402,73.85528801,18.62218935,7,3,2,2,1,11:46,120,E06000050,3,51,6,40,0,-1,-1,0,0,8,1,1,1,0,0,2,1,E01018324,31-07-2018,1,1,3,2,9,2,3,1,1,0,0,-1,0,1
50403,73.81517992,18.63314301,7,3,1,1,7,01:00,123,E06000050,6,0,6,30,0,-1,-1,0,0,0,1,1,1,0,0,1,1,E01018521,30-07-2018,2,1,1,1,29,6,3,0,0,0,0,-1,1,1
50404,73.8178459,18.64155135,7,3,2,1,1,01:20,127,E06000050,4,5374,6,30,0,-1,-1,0,0,0,4,1,2,0,0,1,1,E01018713,31-07-2018,2,1,2,2,26,6,3,0,0,2,0,-1,9,1
50405,73.74383985,18.59650625,7,2,1,1,7,14:15,127,E06000050,6,0,6,30,3,4,6,0,0,0,1,1,1,0,0,1,1,E01018746,30-07-2018,2,1,1,2,33,6,3,0,0,0,0,-1,9,1
50406,73.85605051,18.60035835,7,3,2,1,5,19:00,127,E06000050,6,0,6,30,0,-1,-1,0,0,0,1,1,1,0,0,1,2,E01018736,28-07-2018,2,1,1,2,50,8,3,0,0,0,0,-1,9,1
50407,73.74495979,18.61752244,7,3,2,2,6,20:02,127,E06000050,3,556,3,40,6,2,5,614,0,0,1,1,1,0,0,2,1,E01018678,29-07-2018,2,1,1,1,52,8,2,0,0,0,0,-1,1,1
50408,73.86793368,18.50822963,7,3,2,5,1,16:45,128,E06000007,3,5060,6,30,3,4,6,0,0,0,1,2,2,0,0,1,2,E01012512,24-07-2018,1,1,3,1,29,6,3,5,4,0,0,-1,0,1
50409,73.84246932,18.51340425,7,3,3,2,1,21:28,128,E06000007,4,5176,6,30,0,-1,-1,0,0,0,1,2,2,0,0,1,2,E01012504,24-07-2018,2,1,2,2,49,8,3,0,0,0,4,-1,11,-1
50410,73.81270826,18.54153027,7,3,1,1,1,21:28,122,E06000049,6,0,9,60,0,-1,-1,0,0,0,7,9,1,0,0,2,1,E01018449,24-07-2018,1,2,2,2,54,8,3,0,0,1,0,-1,9,1
50411,73.75489509,18.56916443,7,3,1,1,1,21:00,122,E06000049,3,500,1,70,1,4,6,0,0,0,1,2,2,0,0,2,1,E01018480,24-07-2018,2,1,1,1,30,6,3,0,0,0,0,-1,9,1
50412,73.73404575,18.63178089,7,3,1,1,1,23:30,126,E06000049,3,34,6,30,0,-1,-1,0,0,0,4,2,2,0,0,1,1,E01018588,24-07-2018,2,1,1,2,46,8,3,0,0,0,0,-1,9,1
50413,73.77159205,18.57716751,7,2,2,3,3,20:50,126,E06000049,6,0,6,50,0,-1,-1,0,0,0,1,1,1,0,0,2,1,E01018670,26-07-2018,1,1,1,1,37,7,3,0,0,0,0,-1,5,-1
50414,73.76152924,18.6099895,7,2,2,3,7,13:14,121,E06000049,1,6,3,70,0,-1,-1,0,0,0,1,1,1,0,0,2,1,E01018722,30-07-2018,1,1,3,2,16,4,3,5,1,0,0,-1,0,1
50415,73.94263469,18.52604331,7,3,2,2,3,07:24,122,E06000049,3,534,6,60,0,-1,-1,0,0,0,1,1,2,0,0,2,1,E01018443,26-07-2018,1,1,3,1,5,1,3,1,3,0,0,-1,0,1
50416,73.79577929,18.62868981,7,2,2,1,3,11:19,122,E06000049,6,0,1,30,1,4,4,5076,0,0,1,1,1,0,0,1,1,E01018480,26-07-2018,1,1,3,2,41,7,3,5,1,0,0,-1,0,-1
50417,73.90712785,18.64227437,7,3,2,1,3,18:50,126,E06000049,6,0,6,30,0,-1,-1,0,0,0,1,1,1,0,0,1,2,E01018662,26-07-2018,1,1,1,1,38,7,3,0,0,0,0,-1,9,1
50418,73.85118005,18.63521289,7,3,3,1,4,05:44,127,E06000050,4,5309,6,60,9,4,3,530,0,0,1,1,1,0,0,2,1,E01018722,27-07-2018,1,1,1,1,55,8,3,0,0,0,0,-1,9,1
50419,73.80514126,18.50525669,7,3,2,1,4,19:32,122,E06000049,3,532,9,30,0,-1,6,0,0,0,7,9,1,0,0,1,1,E01018466,27-07-2018,2,2,2,2,17,4,3,0,0,2,0,-1,9,1
50420,73.85324123,18.59378127,7,3,3,2,4,17:40,126,E06000049,4,5087,6,60,0,-1,-1,0,0,0,1,1,1,0,0,2,1,E01018669,27-07-2018,2,3,2,2,17,4,3,0,0,2,0,-1,9,1
50421,73.80259115,18.59875728,7,3,2,1,5,17:40,121,E06000049,3,527,6,30,0,-1,-1,0,0,0,1,8,2,0,0,1,1,E01018404,28-07-2018,1,1,1,2,29,6,3,0,0,0,0,-1,9,-1
50422,73.81066051,18.54732899,7,3,2,1,5,10:00,121,E06000049,3,533,6,30,3,4,6,0,0,0,1,1,1,0,0,1,2,E01018442,28-07-2018,1,2,2,1,30,6,3,0,0,1,0,-1,9,-1
50423,73.95193336,18.49453774,7,3,2,1,2,11:20,127,E06000050,3,49,6,60,0,-1,-1,0,0,0,1,1,1,0,0,2,1,E01018707,01-08-2018,2,1,1,1,28,6,3,0,0,0,0,-1,11,1
50424,73.94154458,18.61977623,7,3,5,1,1,13:50,123,E06000050,6,0,6,30,0,-1,6,0,0,0,1,1,1,0,0,1,1,E01018520,31-07-2018,1,1,3,1,48,8,2,7,1,0,0,-1,0,-1
50425,73.89426048,18.61176574,7,3,3,1,6,06:50,127,E06000050,6,0,6,60,3,4,6,0,0,0,1,1,2,0,0,2,1,E01018698,29-07-2018,2,1,1,1,27,6,3,0,0,0,0,-1,3,1
50426,73.83296544,18.55131424,7,1,1,1,3,03:54,128,E06000007,3,57,6,30,6,2,3,574,0,0,4,1,1,0,0,1,1,E01012479,02-08-2018,1,1,3,2,24,5,3,5,1,0,0,-1,0,1
50427,73.85417732,18.58382092,7,2,3,1,5,20:35,122,E06000049,3,534,6,40,0,-1,-1,0,0,0,1,2,2,0,0,2,1,E01018470,28-07-2018,1,1,3,1,18,4,3,5,3,0,0,-1,0,3
50428,73.77175055,18.60620651,7,3,2,1,2,15:21,120,E06000050,3,483,6,60,3,4,6,0,0,0,1,1,1,0,0,2,1,E01018335,01-08-2018,2,1,1,1,18,4,3,0,0,0,0,-1,1,1
50429,73.73948088,18.57270919,7,3,3,1,5,17:05,122,E06000049,6,0,6,30,3,4,6,0,0,0,1,2,2,0,0,1,1,E01018488,28-07-2018,2,1,1,1,22,5,3,0,0,0,0,-1,9,1
50430,73.89125363,18.57715805,7,3,1,1,5,20:50,127,E06000050,3,530,6,30,0,-1,-1,0,0,0,6,2,2,0,0,2,1,E01018680,28-07-2018,1,1,3,1,21,5,3,4,1,0,0,-1,0,-1
50431,73.83883833,18.53270066,7,3,2,2,2,07:45,124,E06000006,4,5419,6,60,3,3,3,557,0,0,1,1,2,0,0,2,1,E01012393,01-08-2018,1,1,3,1,21,5,3,5,1,0,0,-1,0,-1
50432,73.7796037,18.49833273,7,2,1,1,7,00:35,122,E06000049,4,5071,6,40,0,-1,-1,0,0,0,4,1,1,0,0,1,1,E01018494,30-07-2018,2,1,2,1,47,8,3,0,0,1,0,-1,9,-1
50433,73.82857289,18.61479237,7,2,2,2,5,13:20,122,E06000049,3,5078,6,30,3,4,6,0,0,0,1,2,2,0,0,1,1,E01018486,28-07-2018,2,2,1,1,45,7,3,0,0,0,0,-1,9,-1
50434,73.7861835,18.57682055,7,3,1,1,5,10:00,121,E06000049,6,0,1,30,1,4,6,0,0,0,1,2,2,0,0,2,1,E01018415,28-07-2018,1,1,1,1,30,6,2,0,0,0,0,-1,9,1
50435,73.92008768,18.52275898,7,2,2,2,7,10:39,124,E06000006,4,5155,6,30,3,4,6,0,0,0,1,1,2,0,0,1,2,E01012430,30-07-2018,2,1,1,1,21,5,3,0,0,0,0,-1,9,1
50436,73.771835,18.51400664,7,3,2,3,5,10:13,121,E06000049,3,534,6,60,3,4,6,0,0,0,1,5,2,0,0,2,1,E01018393,28-07-2018,2,2,2,2,20,4,3,0,0,1,0,-1,9,1
50437,73.77984859,18.550349,7,2,2,2,1,02:30,124,E06000006,5,522,6,30,6,4,5,752,0,0,4,1,2,0,0,1,1,E01012417,31-07-2018,2,1,1,1,46,8,3,0,0,0,0,-1,9,1
50438,73.86979171,18.55067347,7,3,6,1,6,11:43,126,E06000049,1,6,3,70,0,-1,-1,0,0,0,1,1,1,0,0,2,1,E01018654,29-07-2018,2,1,1,2,37,7,3,0,0,0,0,-1,9,1
50439,73.93408854,18.55242791,7,2,1,3,7,03:13,124,E06000006,1,56,3,70,0,-1,-1,0,0,0,6,1,1,0,0,2,1,E01012385,30-07-2018,1,2,1,1,59,9,3,0,0,0,0,-1,9,1
50440,73.75477634,18.56734404,7,3,1,1,2,13:52,121,E06000049,1,6,3,70,0,-1,-1,0,0,0,1,1,1,0,0,2,1,E01018414,01-08-2018,2,1,1,2,32,6,3,0,0,0,0,-1,9,-1
50441,73.80770875,18.59648385,7,3,3,3,2,13:30,128,E06000007,3,49,6,30,3,4,6,0,0,0,1,1,1,0,0,1,1,E01012456,01-08-2018,1,1,1,1,21,5,3,0,0,0,0,-1,9,1
50442,73.76993572,18.53684956,7,2,2,1,3,17:16,120,E06000050,6,0,6,30,3,4,6,0,0,0,1,1,1,0,0,1,1,E01018336,02-08-2018,1,2,2,2,21,5,3,0,0,1,0,-1,9,-1
50443,73.93428643,18.49627964,7,3,2,1,3,08:15,128,E06000007,3,579,1,60,1,4,1,6,0,0,1,1,1,0,0,2,1,E01012472,02-08-2018,1,3,2,2,45,7,3,0,0,2,0,-1,9,1
50444,73.94296084,18.54859876,7,3,1,1,2,18:30,127,E06000050,5,652,6,30,0,-1,-1,0,0,0,1,1,1,0,0,1,1,E01018713,01-08-2018,2,4,1,1,25,5,3,0,0,0,0,-1,9,1
50445,73.8569709,18.53450528,7,3,2,1,3,17:24,120,E06000050,4,5069,6,60,0,-1,-1,0,0,0,6,1,1,0,0,2,1,E01018357,02-08-2018,1,1,3,1,52,8,3,5,1,0,0,-1,0,-1
50446,73.8144562,18.56432298,7,3,2,1,2,13:35,128,E06000007,1,6,3,70,0,-1,-1,0,0,0,1,1,1,0,0,2,1,E01012544,01-08-2018,2,1,1,2,20,4,3,0,0,0,0,-1,9,1
50447,73.80961592,18.52747333,7,3,4,2,3,16:38,127,E06000050,1,56,3,70,0,-1,-1,0,0,0,1,1,1,0,0,2,1,E01018696,02-08-2018,2,1,1,2,44,7,3,0,0,0,0,-1,9,1
50448,73.96223293,18.51596959,7,3,2,3,2,18:45,128,E06000007,1,6,1,70,1,4,1,6,0,0,1,1,1,0,0,2,1,E01012471,11-07-2018,2,1,1,1,8,2,3,0,0,0,0,-1,1,1
50449,73.85088104,18.53728681,7,3,2,1,4,09:25,128,E06000007,1,62,1,70,1,4,3,574,0,0,1,1,2,0,0,2,1,E01012461,03-08-2018,2,1,1,1,37,7,3,0,0,0,0,-1,9,1
50450,73.86104946,18.55209941,7,3,2,1,2,20:55,122,E06000049,1,6,3,40,0,-1,-1,0,0,0,1,1,1,4,0,2,1,E01018465,01-08-2018,1,1,1,1,23,5,2,0,0,0,0,-1,5,3
50451,73.76843096,18.51629788,7,3,2,1,1,00:25,122,E06000049,6,0,6,30,0,-1,-1,0,0,0,6,1,1,0,0,1,2,E01018487,24-07-2018,1,1,2,2,62,9,3,0,0,1,0,-1,9,-1
50452,73.87815874,18.56792108,7,3,1,1,6,06:41,126,E06000049,6,0,6,40,0,-1,-1,0,0,0,1,1,2,0,0,2,1,E01018572,29-07-2018,2,1,1,1,38,7,3,0,0,0,0,-1,9,1
50453,73.74041533,18.50840943,7,3,1,1,6,19:26,122,E06000049,6,0,6,30,0,-1,-1,0,0,0,1,1,1,0,0,1,1,E01018502,29-07-2018,1,1,1,2,29,6,3,0,0,0,0,-1,9,1
50454,73.89413326,18.5737967,7,3,2,1,6,12:20,126,E06000049,6,0,6,40,0,-1,-1,0,0,0,1,1,1,0,0,2,2,E01018591,29-07-2018,1,3,2,1,28,6,3,0,0,1,0,-1,9,-1
50455,73.77962972,18.55787222,7,3,1,1,4,12:30,128,E06000007,5,1021,6,30,0,-1,-1,0,0,0,1,1,1,0,0,1,1,E01012556,03-08-2018,1,4,2,1,4,1,3,0,0,2,0,-1,9,-1
50456,73.88210138,18.55900377,7,3,2,1,4,18:20,128,E06000007,6,0,6,60,0,-1,-1,0,0,0,1,1,1,0,0,2,1,E01012488,03-08-2018,1,5,2,1,3,1,3,0,0,2,0,-1,9,-1
50457,73.79293029,18.51097936,7,3,2,1,4,10:35,120,E06000050,3,5032,6,30,3,4,6,0,0,0,1,1,1,0,0,1,1,E01018526,03-08-2018,2,2,1,2,26,6,3,0,0,0,0,-1,9,1
50458,73.9447348,18.57355602,7,2,2,4,4,14:39,120,E06000050,3,41,6,60,6,3,5,815,0,0,1,1,1,0,0,2,1,E01018356,03-08-2018,2,6,2,2,56,9,3,0,0,1,0,-1,9,1
50459,73.79331588,18.49823114,7,3,4,2,6,19:16,122,E06000049,3,530,6,60,0,-1,-1,0,0,0,1,1,1,0,0,2,1,E01018450,29-07-2018,2,1,1,1,25,5,3,0,0,0,0,-1,9,1
50460,73.75604791,18.49756887,7,3,1,1,3,21:48,128,E06000007,3,49,1,70,1,4,6,0,0,0,4,1,2,0,0,2,1,E01012468,02-08-2018,2,1,1,1,55,8,3,0,0,0,0,-1,9,1
50461,73.9313638,18.53547355,7,3,2,1,4,12:30,120,E06000050,5,203,6,30,6,4,5,202,0,0,1,1,1,0,0,2,1,E01018366,03-08-2018,1,1,3,1,32,6,3,8,3,0,0,-1,0,-1
50462,73.93612118,18.53114414,7,3,2,1,2,17:00,120,E06000050,3,5480,6,30,3,4,6,0,0,0,1,1,1,0,0,1,1,E01018374,01-08-2018,2,1,1,2,10,2,3,0,0,0,0,-1,1,1
50463,73.86538557,18.51341756,7,2,1,1,6,16:12,126,E06000049,6,0,6,30,9,4,6,0,0,0,1,1,1,0,0,1,1,E01018624,29-07-2018,2,1,1,1,32,6,3,0,0,0,0,-1,9,1
50464,73.847312,18.52168184,7,3,2,1,6,12:22,126,E06000049,3,538,6,30,3,4,6,0,0,0,1,1,1,0,0,1,1,E01018616,29-07-2018,1,1,3,2,10,2,2,5,2,0,0,-1,0,1
50465,73.85930776,18.61209398,7,3,2,3,4,12:50,123,E06000050,6,0,6,30,3,4,6,0,0,0,1,1,1,0,0,1,1,E01018564,03-08-2018,2,1,1,1,32,6,3,0,0,0,0,-1,5,1
50466,73.82172828,18.4915104,7,3,1,1,2,01:40,122,E06000049,3,500,3,70,0,-1,-1,0,0,0,6,1,1,0,0,2,1,E01018505,01-08-2018,2,2,2,2,26,6,3,0,0,2,0,-1,5,-1
50467,73.84407184,18.60675045,7,2,1,1,2,18:30,126,E06000049,6,0,6,30,0,-1,6,0,0,0,1,1,1,0,0,2,1,E01018575,01-08-2018,2,1,1,1,38,7,3,0,0,0,0,-1,9,1
50468,73.96119757,18.52291371,7,3,2,1,2,00:23,121,E06000049,3,534,6,60,7,4,3,534,0,0,4,1,1,0,0,2,1,E01018439,01-08-2018,2,1,2,1,24,5,3,0,0,1,0,-1,9,1
50469,73.94280428,18.51806197,7,3,2,2,2,18:25,121,E06000049,3,531,6,60,0,-1,-1,0,0,0,1,1,1,0,0,2,1,E01018465,01-08-2018,3,1,1,1,47,8,3,0,0,0,0,-1,9,-1
50470,73.79236853,18.62686121,7,3,1,1,3,19:31,127,E06000050,3,530,6,60,0,-1,-1,0,0,0,1,1,1,0,0,2,1,E01018722,02-08-2018,1,1,1,1,47,8,3,0,0,0,0,-1,9,-1
50471,73.82421478,18.60750526,7,3,2,1,3,14:00,126,E06000049,3,50,6,30,3,4,6,0,0,4,1,1,1,0,0,1,1,E01018606,02-08-2018,2,1,1,1,32,6,3,0,0,0,0,-1,9,1
50472,73.86683812,18.53597642,7,3,1,2,4,11:00,127,E06000050,5,731,6,60,0,-1,-1,0,0,0,1,1,1,0,0,2,1,E01018721,20-07-2018,2,2,2,1,28,6,3,0,0,1,0,-1,9,-1
50473,73.74691349,18.49289748,7,3,2,1,3,09:00,122,E06000049,3,529,6,60,0,-1,-1,0,0,0,1,1,1,0,0,2,1,E01018515,02-08-2018,2,1,1,2,36,7,3,0,0,0,0,-1,9,1
50474,73.78069277,18.61405686,7,2,2,1,4,18:25,121,E06000049,6,0,6,30,9,4,6,0,0,0,1,1,1,0,0,1,1,E01018440,03-08-2018,3,1,1,2,20,4,3,0,0,0,0,-1,9,1
50475,73.75218591,18.57387493,7,3,1,1,4,23:23,122,E06000049,4,5071,6,30,0,-1,-1,0,0,0,4,1,1,0,0,2,1,E01018494,03-08-2018,2,1,1,1,35,6,3,0,0,0,0,-1,9,1
50476,73.76326812,18.56051214,7,3,1,1,4,06:50,128,E06000007,1,56,3,70,0,-1,-1,0,0,0,1,1,1,0,0,2,1,E01012448,03-08-2018,2,1,1,1,29,6,3,0,0,0,0,-1,9,1
50477,73.81173419,18.51333887,7,3,2,2,3,14:20,126,E06000049,5,467,6,30,6,4,6,0,0,0,1,1,1,0,0,1,2,E01018602,02-08-2018,2,2,2,2,26,6,3,0,0,1,0,-1,9,1
50478,73.7973048,18.58455169,7,3,1,1,4,15:15,122,E06000049,6,0,6,30,9,4,6,0,0,0,1,1,1,0,0,1,1,E01018464,03-08-2018,1,1,3,2,20,4,3,5,3,0,0,-1,0,1
50479,73.93695256,18.55304315,7,3,2,1,3,11:15,128,E06000007,5,1051,3,30,1,4,3,49,0,0,1,1,1,0,0,1,2,E01012480,02-08-2018,2,1,1,2,52,8,3,0,0,0,0,-1,9,1
50480,73.86745513,18.48809341,7,3,2,1,5,08:15,121,E06000049,1,6,3,70,0,-1,-1,0,0,0,1,1,1,4,0,2,1,E01018418,04-08-2018,2,2,2,2,47,8,3,0,0,1,0,-1,9,1
50481,73.92967377,18.49409745,7,3,1,1,5,21:30,128,E06000007,3,57,6,30,0,-1,6,0,0,0,4,2,2,0,0,2,1,E01012554,04-08-2018,2,1,2,1,13,3,3,0,0,2,0,-1,9,1
50482,73.81100538,18.61691887,7,1,2,1,4,19:27,122,E06000049,3,530,6,60,8,4,6,0,0,0,1,1,1,0,0,2,1,E01018482,03-08-2018,2,2,2,2,18,4,3,0,0,1,0,-1,9,1
50483,73.847447,18.56843951,7,2,1,1,2,19:40,126,E06000049,4,5085,6,30,3,4,6,0,0,0,1,1,1,0,0,2,1,E01018650,01-08-2018,2,1,1,1,45,7,2,0,0,0,0,-1,9,1
50484,73.81884866,18.58202956,7,2,2,2,1,17:20,126,E06000049,3,523,6,30,8,4,6,0,0,0,1,1,1,0,0,1,1,E01018657,31-07-2018,2,1,1,1,39,7,3,0,0,0,0,-1,9,1
50485,73.92292819,18.51229401,7,2,2,1,3,21:43,122,E06000049,3,534,6,60,0,-1,-1,0,0,0,1,2,2,0,0,2,1,E01018469,02-08-2018,1,1,1,2,33,6,3,0,0,0,0,-1,9,-1
50486,73.88255182,18.48886733,7,3,2,1,5,16:30,121,E06000049,1,6,3,70,0,-1,-1,0,0,0,1,1,1,0,0,2,1,E01018394,04-08-2018,2,2,1,1,23,5,2,0,0,0,0,-1,5,1
50487,73.92437545,18.61077922,7,3,2,1,2,21:30,128,E06000007,6,0,6,30,0,-1,-1,0,0,0,4,1,1,0,0,1,2,E01012540,01-08-2018,1,1,2,1,54,8,1,0,0,1,0,-1,9,2
50488,73.83828881,18.59057485,7,2,1,1,7,22:07,124,E06000006,4,5155,6,30,3,4,6,0,0,0,4,1,1,0,0,1,1,E01012430,06-08-2018,1,2,2,2,57,9,3,0,0,2,0,-1,9,2
50489,73.7814306,18.53648881,7,3,2,1,5,09:02,124,E06000006,3,562,1,40,1,4,4,5419,0,0,1,1,1,0,0,2,1,E01012443,04-08-2018,1,3,1,2,19,4,3,0,0,0,0,-1,9,2
50490,73.77389757,18.60866967,7,3,1,1,6,12:40,128,E06000007,3,49,3,30,0,-1,-1,0,2,4,1,1,1,0,0,1,1,E01012456,05-08-2018,2,1,1,2,48,8,3,0,0,0,0,-1,9,1
50491,73.80273911,18.5328308,7,3,2,2,6,23:05,128,E06000007,6,0,6,30,3,4,6,0,0,0,4,1,1,0,0,1,1,E01012464,05-08-2018,2,2,2,1,13,3,3,0,0,2,0,-1,9,1
50492,73.95071395,18.57997331,7,3,2,1,6,11:53,123,E06000050,6,0,1,30,1,4,6,0,0,0,1,1,1,0,0,1,1,E01018539,05-08-2018,2,3,2,1,13,3,3,0,0,2,0,-1,9,1
50493,73.80502595,18.60175014,7,2,5,1,7,16:25,120,E06000050,3,41,6,60,0,-1,-1,0,0,0,1,1,1,0,0,2,1,E01018373,06-08-2018,1,1,3,1,36,7,3,5,4,0,0,-1,0,1
50494,73.95906422,18.58040717,7,3,2,1,6,08:42,120,E06000050,4,5130,6,60,9,4,6,0,0,0,1,2,2,0,0,2,1,E01018348,05-08-2018,1,1,3,2,35,6,3,5,3,0,0,-1,0,1
50495,73.78660054,18.60688638,7,3,2,2,7,13:25,127,E06000050,3,533,6,30,5,4,3,556,0,5,1,1,1,0,0,1,2,E01018702,06-08-2018,1,1,1,2,53,8,3,0,0,0,0,-1,9,1
50496,73.8206423,18.61683255,7,3,2,1,6,16:40,120,E06000050,5,218,6,30,3,4,6,0,0,0,1,1,1,0,0,1,1,E01018374,05-08-2018,2,1,1,2,21,5,3,0,0,0,0,-1,9,1
50497,73.77220397,18.49748981,7,2,2,2,6,08:37,128,E06000007,3,574,6,60,0,-1,-1,0,0,0,1,1,2,0,0,1,1,E01012460,05-08-2018,2,2,2,1,23,5,3,0,0,1,0,-1,9,1
50498,73.84361936,18.49410973,7,3,1,1,7,22:29,128,E06000007,3,562,1,30,1,4,3,562,0,0,4,2,2,0,0,1,1,E01012530,30-07-2018,1,1,3,1,26,6,3,6,9,0,0,-1,0,-1
50499,73.85886899,18.63023198,7,3,2,1,2,11:29,120,E06000050,3,41,3,70,7,4,5,224,0,0,1,1,2,0,0,2,1,E01018358,04-07-2018,1,2,3,1,22,5,3,6,9,0,0,-1,0,-1
50500,73.87352318,18.55035116,7,3,2,3,6,12:35,127,E06000050,3,54,6,60,0,-1,-1,0,0,0,1,1,1,0,0,2,1,E01018707,05-08-2018,1,1,1,2,19,4,3,0,0,0,0,-1,9,1
50501,73.85748818,18.63248618,7,1,2,3,6,17:45,127,E06000050,6,0,6,60,6,4,6,0,0,0,1,1,1,0,0,2,1,E01018724,05-08-2018,1,1,3,1,35,6,3,5,2,0,0,-1,0,1
50502,73.76719528,18.50806755,7,3,2,2,7,15:00,120,E06000050,3,5268,3,30,0,-1,-1,0,2,4,1,1,1,0,0,1,2,E01018326,30-07-2018,2,1,1,1,46,8,3,0,0,0,0,-1,8,-1