Accident_Index,longitude,latitude,Police_Force,Accident_Severity,Number_of_Vehicles,Number_of_Casualties,Day_of_Week,Time,Local_Authority_(District),Local_Authority_(Highway),1st_Road_Class,1st_Road_Number,Road_Type,Speed_limit,Junction_Detail,Junction_Control,2nd_Road_Class,2nd_Road_Number,Pedestrian_Crossing-Human_Control,Pedestrian_Crossing-Physical_Facilities,Light_Conditions,Weather_Conditions,Road_Surface_Conditions,Special_Conditions_at_Site,Carriageway_Hazards,Urban_or_Rural_Area,Did_Police_Officer_Attend_Scene_of_Accident,LSOA_of_Accident_Location,Date,Vehicle_Reference,Casualty_Reference,Casualty_Class,Sex_of_Casualty,Age_of_Casualty,Age_Band_of_Casualty,Casualty_Severity,Pedestrian_Location,Pedestrian_Movement,Car_Passenger,Bus_or_Coach_Passenger,Pedestrian_Road_Maintenance_Worker,Casualty_Type,Casualty_Home_Area_Type
50623,73.85920914,18.56654891,7,3,2,2,4,19:19,128,E06000007,3,49,3,60,6,4,6,0,0,0,1,1,1,0,0,2,1,E01012503,17-08-2018,3,3,1,2,46,8,3,0,0,0,0,-1,9,1
50624,73.75220647,18.60481901,7,2,2,1,4,20:15,120,E06000050,3,483,1,70,2,4,4,5445,0,0,1,1,1,0,0,2,1,E01018335,10-08-2018,2,1,2,1,27,6,3,0,0,1,0,-1,9,1
50625,73.76679395,18.51073416,7,3,2,1,6,03:00,128,E06000007,3,57,6,30,3,4,6,0,0,0,4,1,1,0,0,1,1,E01012479,05-08-2018,2,1,1,2,52,8,3,0,0,0,0,-1,9,1
50626,73.74383669,18.53426416,7,3,2,2,2,17:20,123,E06000050,1,53,3,70,0,-1,-1,0,0,0,1,1,1,0,0,2,1,E01018337,15-08-2018,1,1,3,2,25,5,3,1,1,0,0,-1,0,1
50627,73.88769755,18.51374765,7,3,3,1,2,09:04,126,E06000049,1,56,2,50,5,4,1,56,0,0,1,1,1,0,0,2,1,E01018648,15-08-2018,1,1,3,1,30,6,3,1,1,0,0,-1,0,1
50628,73.84954446,18.62812976,7,3,1,1,5,21:50,120,E06000050,3,5268,3,30,9,2,6,0,2,5,1,2,2,0,0,1,1,E01018318,18-08-2018,1,1,2,2,75,10,3,0,0,2,0,-1,9,1
50629,73.78371154,18.5573263,7,2,2,1,5,16:25,128,E06000007,3,57,6,40,0,-1,-1,0,0,0,1,1,1,0,0,1,1,E01012551,18-08-2018,1,1,1,1,36,7,3,0,0,0,0,-1,2,-1
50630,73.86826462,18.49221095,7,3,2,1,1,13:10,128,E06000007,3,49,6,30,6,2,3,56,0,5,1,1,1,0,0,1,1,E01012557,14-08-2018,2,1,1,1,30,6,3,0,0,0,0,-1,19,-1
50631,73.81838298,18.52199033,7,3,2,2,5,08:00,128,E06000007,3,50,6,30,3,4,6,0,0,0,1,1,1,0,0,1,1,E01012478,18-08-2018,2,2,2,1,40,7,3,0,0,2,0,-1,19,-1
50632,73.75097683,18.53249571,7,3,2,2,5,14:03,124,E06000006,6,0,6,30,0,-1,-1,0,0,0,1,1,1,0,0,1,1,E01012385,18-08-2018,2,3,2,1,30,6,3,0,0,2,0,-1,19,-1
50633,73.92973841,18.57259425,7,3,1,1,3,15:45,128,E06000007,6,0,6,30,0,-1,-1,0,0,0,1,1,1,0,0,1,2,E01012552,09-08-2018,2,1,2,2,45,7,3,0,0,0,4,-1,11,-1
50634,73.8442638,18.50926813,7,2,2,4,5,16:31,123,E06000050,6,0,6,40,1,4,6,0,0,0,1,1,1,0,0,2,1,E01018564,18-08-2018,2,2,2,2,17,4,3,0,0,0,4,-1,11,1
50635,73.79510497,18.58735896,7,3,2,1,2,14:45,127,E06000050,4,5075,6,30,3,4,6,0,0,0,1,1,1,0,0,2,1,E01018714,01-08-2018,2,3,2,1,50,8,3,0,0,0,4,-1,11,1
50636,73.77175291,18.49998625,7,3,3,1,3,06:15,121,E06000049,1,6,3,40,0,-1,-1,0,0,0,1,1,1,0,0,2,1,E01018418,16-08-2018,2,1,1,1,52,8,3,0,0,0,0,-1,9,-1
50637,73.86921769,18.62393407,7,2,1,1,2,12:28,127,E06000050,3,49,6,60,0,-1,-1,0,0,0,1,1,1,0,0,3,1,,08-08-2018,1,1,3,1,16,4,3,1,9,0,0,-1,0,1
50638,73.90503508,18.52717847,7,3,2,1,5,09:50,121,E06000049,1,6,3,70,0,-1,-1,0,0,0,1,1,1,0,0,2,1,E01018394,18-08-2018,1,1,3,1,19,4,3,1,1,0,0,-1,0,-1
50639,73.93054829,18.543175,7,3,3,1,3,12:52,123,E06000050,1,53,3,70,0,-1,-1,0,0,0,1,1,1,0,0,2,1,E01018564,16-08-2018,2,1,1,2,32,6,3,0,0,0,0,-1,9,1
50640,73.8654291,18.53144188,7,3,4,2,5,13:55,127,E06000050,3,556,6,60,3,4,3,54,0,0,1,1,1,0,0,2,1,E01018707,18-08-2018,1,1,3,1,35,6,2,5,1,0,0,-1,0,-1
50641,73.7904768,18.64229293,7,3,2,2,2,17:40,126,E06000049,3,523,6,30,9,1,5,416,0,0,1,1,1,0,0,1,2,E01018657,08-08-2018,2,1,1,2,23,5,3,0,0,0,0,-1,9,1
50642,73.77546395,18.63260233,7,2,3,3,5,18:30,124,E06000006,6,0,6,30,6,2,6,0,0,0,1,1,1,0,0,1,1,E01012444,18-08-2018,2,1,1,1,62,9,3,0,0,0,0,-1,9,1
50643,73.85029825,18.55230099,7,3,2,2,1,07:20,122,E06000049,4,5071,6,40,0,-1,-1,0,0,0,1,1,2,0,0,2,1,E01018494,14-08-2018,1,1,3,2,13,3,3,5,2,0,0,-1,0,1
50644,73.84918439,18.5078419,7,3,2,1,2,13:12,122,E06000049,3,530,6,60,0,-1,-1,0,0,0,1,1,1,0,0,2,1,E01018482,15-08-2018,2,1,1,1,56,9,3,0,0,0,0,-1,21,1
50645,73.81000739,18.61449111,7,3,2,1,5,23:25,128,E06000007,1,6,3,70,0,-1,-1,0,0,0,4,1,1,0,0,2,1,E01012541,18-08-2018,2,1,1,1,12,3,3,0,0,0,0,-1,1,-1
50646,73.75234613,18.48793641,7,3,2,1,6,18:50,128,E06000007,6,0,6,60,0,-1,-1,0,0,0,1,1,1,0,0,2,1,E01012554,19-08-2018,1,1,1,1,38,7,2,0,0,0,0,-1,1,-1
50647,73.80899345,18.6052626,7,3,2,2,1,14:00,128,E06000007,6,0,1,30,1,2,3,49,0,0,1,8,1,0,0,1,2,E01012480,07-08-2018,1,1,1,2,33,6,3,0,0,0,0,-1,9,-1
50648,73.75313557,18.5498438,7,3,3,2,7,11:32,120,E06000050,3,5104,6,30,3,2,6,0,0,5,1,1,1,0,0,1,1,E01018353,20-08-2018,1,1,1,1,29,6,3,0,0,0,0,-1,8,1
50649,73.91905821,18.49110519,7,3,1,1,7,11:00,120,E06000050,3,5268,2,30,3,2,3,5268,0,5,1,1,1,0,0,1,1,E01018326,20-08-2018,2,2,1,2,61,9,3,0,0,0,0,-1,9,1
50650,73.86533512,18.53872252,7,3,1,1,1,00:15,127,E06000050,3,54,6,60,0,-1,-1,0,0,0,6,1,1,0,0,2,1,E01018680,21-08-2018,1,1,3,1,20,4,3,6,9,0,0,-1,0,-1
50651,73.84575456,18.60388919,7,3,1,1,7,03:15,120,E06000050,3,55,3,70,0,-1,-1,0,0,0,6,1,1,0,0,2,1,E01018323,20-08-2018,2,1,1,1,51,8,3,0,0,0,0,-1,11,-1
50652,73.78271916,18.56668909,7,3,2,2,3,14:00,124,E06000006,5,2019,6,30,3,4,6,0,0,0,1,1,1,0,0,1,1,E01012428,16-08-2018,1,1,1,1,11,3,3,0,0,0,0,-1,1,-1
50653,73.95086049,18.55234868,7,3,2,2,1,15:30,120,E06000050,3,5268,6,30,0,-1,-1,0,0,0,1,1,1,0,0,1,1,E01018326,14-08-2018,2,1,2,2,20,4,3,0,0,1,0,-1,9,3
50654,73.76575211,18.60807244,7,3,2,1,6,10:25,123,E06000050,3,41,1,60,1,4,3,5117,0,0,1,1,1,0,0,1,1,E01018562,19-08-2018,2,2,1,1,24,5,3,0,0,0,0,-1,9,1
50655,73.86069678,18.49688509,7,3,1,1,6,18:30,123,E06000050,6,0,6,30,3,4,6,0,0,0,1,1,1,0,0,2,1,E01018518,19-08-2018,1,1,3,2,23,5,2,1,3,0,0,-1,0,-1
50656,73.86117042,18.6256716,7,3,2,1,6,11:25,123,E06000050,4,5463,6,60,3,4,3,550,0,0,1,1,1,0,0,2,1,E01018530,19-08-2018,2,1,1,1,25,5,3,0,0,0,0,-1,1,1
50657,73.76158098,18.63864305,7,3,2,1,1,10:00,120,E06000050,3,41,1,60,1,4,3,534,0,0,1,1,1,0,0,2,1,E01018373,21-08-2018,2,1,1,2,21,5,3,0,0,0,0,-1,9,1
50658,73.87591063,18.53712866,7,3,2,1,7,07:03,121,E06000049,1,6,3,40,0,-1,-1,0,0,0,1,1,1,4,0,2,1,E01018418,20-08-2018,1,1,1,1,51,8,3,0,0,0,0,-1,11,1
50659,73.87940995,18.54676234,7,3,2,1,4,18:37,127,E06000050,5,619,6,30,3,4,5,619,0,0,1,1,1,0,0,1,2,E01018728,17-08-2018,1,2,3,2,27,6,1,5,3,0,0,-1,0,-1
50660,73.80596512,18.54338748,7,3,2,2,1,13:40,123,E06000050,6,0,9,20,0,-1,-1,0,0,0,1,1,1,0,0,1,1,E01018551,21-08-2018,1,1,2,2,40,7,3,0,0,0,3,-1,11,-1
50661,73.81606082,18.54766526,7,3,3,6,6,17:00,128,E06000007,1,6,3,70,0,-1,-1,0,0,0,1,1,1,0,0,2,1,E01012515,19-08-2018,2,1,1,1,48,8,3,0,0,0,0,-1,9,1
50662,73.9466038,18.53771195,7,2,2,1,3,10:28,122,E06000049,6,0,6,30,3,4,6,0,0,0,1,1,1,0,0,2,1,E01018444,16-08-2018,2,2,2,1,44,7,3,0,0,1,0,-1,9,1
50663,73.79107303,18.61958195,7,3,1,1,3,13:05,122,E06000049,6,0,6,30,0,-1,-1,0,0,0,1,1,1,0,0,1,1,E01018484,16-08-2018,1,1,3,1,19,4,3,5,1,0,0,-1,0,1
50664,73.81339747,18.49033737,7,3,3,3,4,16:10,126,E06000049,6,0,6,30,6,2,6,0,0,5,1,1,1,0,0,1,1,E01018663,17-08-2018,1,1,1,1,12,3,2,0,0,0,0,-1,90,1
50665,73.91356603,18.57839153,7,2,1,1,4,12:42,126,E06000049,3,538,6,30,3,2,5,465,0,5,1,1,1,0,0,1,1,E01018644,17-08-2018,1,2,2,1,7,2,3,0,0,2,0,-1,90,-1
50666,73.87830847,18.55532772,7,3,2,1,3,19:30,124,E06000006,5,2019,6,30,0,-1,-1,0,0,0,1,1,1,0,0,1,1,E01012417,16-08-2018,2,1,1,1,41,7,3,0,0,0,0,-1,5,1
50667,73.92889393,18.60890408,7,3,3,1,4,14:55,126,E06000049,3,536,6,30,3,4,6,0,0,0,1,1,1,0,0,1,2,E01018623,17-08-2018,1,1,2,2,55,8,3,0,0,0,1,-1,11,-1
50668,73.88324449,18.52159183,7,2,2,2,2,10:00,127,E06000050,3,559,6,60,3,4,3,556,0,0,1,2,2,0,0,2,1,E01018704,22-08-2018,2,1,1,1,41,7,3,0,0,0,0,-1,9,1
50669,73.90262325,18.58039206,7,3,2,2,5,19:00,127,E06000050,3,530,6,60,3,3,4,5309,0,0,1,1,1,0,0,2,2,E01018722,18-08-2018,2,2,2,1,43,7,3,0,0,1,0,-1,9,1
50670,73.79484194,18.63151604,7,3,2,1,6,00:50,126,E06000049,3,556,6,50,0,-1,-1,0,0,0,4,1,1,0,0,2,1,E01018648,19-08-2018,2,1,2,1,25,5,3,0,0,0,4,-1,11,1
50671,73.83810796,18.53444291,7,3,2,1,7,00:56,126,E06000049,1,6,3,70,0,-1,-1,0,0,0,6,1,1,0,0,2,1,E01018598,20-08-2018,1,1,1,2,25,5,3,0,0,0,0,-1,9,1
50672,73.89576899,18.58361907,7,3,2,1,6,14:25,122,E06000049,3,530,6,60,3,4,5,501,0,0,1,1,1,0,0,2,2,E01018480,19-08-2018,1,1,3,1,29,6,2,9,5,0,0,-1,0,1
50673,73.77837207,18.6087205,7,3,1,1,3,00:29,128,E06000007,6,0,6,30,0,-1,-1,0,0,0,4,1,1,0,0,2,1,E01012472,23-08-2018,1,1,1,1,47,8,3,0,0,0,0,-1,8,1
50674,73.85706665,18.63456443,7,3,2,1,1,12:45,127,E06000050,3,49,6,60,3,4,6,0,0,0,1,9,1,0,0,2,1,E01018727,21-08-2018,2,2,1,1,32,6,3,0,0,0,0,-1,9,1
50675,73.92166394,18.61440358,7,2,2,1,3,00:01,120,E06000050,3,5268,3,30,0,-1,-1,0,0,0,4,1,1,0,0,1,1,E01018318,23-08-2018,1,1,1,1,21,5,2,0,0,0,0,-1,9,1
50676,73.76658656,18.52246541,7,3,3,2,2,11:40,120,E06000050,3,548,3,30,0,-1,-1,0,0,0,1,9,1,0,0,1,1,E01018330,22-08-2018,1,1,3,2,30,6,3,6,9,0,0,-1,0,-1
50677,73.93969323,18.5687894,7,3,1,1,6,14:07,128,E06000007,1,62,3,70,0,-1,-1,0,0,0,1,1,1,0,0,2,1,E01012472,19-08-2018,1,1,3,1,7,2,3,5,4,0,0,-1,0,-1
50678,73.93772672,18.60703752,7,2,2,1,2,07:15,120,E06000050,6,0,6,30,3,4,6,0,0,0,1,2,2,0,0,1,1,E01018362,22-08-2018,1,1,3,1,34,6,3,5,1,0,0,-1,0,-1
50679,73.92931305,18.55894938,7,3,3,2,1,17:08,120,E06000050,3,5117,6,60,0,-1,-1,0,0,0,1,1,1,0,0,1,1,E01018337,14-08-2018,1,1,2,2,44,7,3,0,0,1,0,-1,9,1
50680,73.74992294,18.60092573,7,3,4,1,7,17:05,121,E06000049,1,6,3,70,0,-1,-1,0,0,0,1,1,1,0,0,2,1,E01018411,20-08-2018,1,3,2,2,63,9,3,0,0,1,0,-1,9,1
50681,73.94401004,18.63107258,7,3,2,1,2,11:15,120,E06000050,3,51,1,60,1,4,3,55,0,0,1,1,1,0,0,2,1,E01018323,22-08-2018,2,2,1,1,24,5,3,0,0,0,0,-1,9,-1
50682,73.94431326,18.58479757,7,3,2,1,4,08:15,128,E06000007,6,0,6,30,3,4,6,0,0,0,1,1,1,0,0,1,1,E01012498,10-08-2018,1,1,3,2,71,10,3,1,1,0,0,-1,0,1
50683,73.86317505,18.55759854,7,3,2,1,6,12:45,122,E06000049,3,51,6,50,6,2,3,534,0,0,1,1,1,0,0,2,2,E01018444,05-08-2018,2,1,1,1,30,6,3,0,0,0,0,-1,1,1
50684,73.79114242,18.64117441,7,3,2,2,1,00:30,122,E06000049,3,500,1,30,1,4,4,5078,0,0,4,1,1,0,0,2,2,E01018465,14-08-2018,1,1,3,1,18,4,3,10,9,0,0,-1,0,1
50685,73.78836543,18.54039365,7,3,2,3,6,14:00,122,E06000049,6,0,6,60,3,4,6,0,0,0,1,1,1,0,0,2,1,E01018458,19-08-2018,1,1,1,1,21,5,3,0,0,0,0,-1,3,1
50686,73.89704043,18.527988,7,3,2,1,7,16:48,122,E06000049,3,534,6,30,3,4,6,0,0,0,1,1,1,0,0,1,1,E01018447,20-08-2018,2,1,1,1,24,5,3,0,0,0,0,-1,11,1
50687,73.74090225,18.58193989,7,3,3,2,2,08:33,120,E06000050,1,56,2,70,5,4,6,0,0,0,1,2,2,0,0,2,1,E01018337,22-08-2018,1,1,1,2,24,5,3,0,0,0,0,-1,9,-1
50688,73.76396705,18.58414271,7,2,1,1,2,18:08,122,E06000049,6,0,6,30,0,-1,-1,0,0,0,1,1,1,0,0,1,1,E01018489,22-08-2018,2,2,1,2,30,6,3,0,0,0,0,-1,9,1
50689,73.92232114,18.51080381,7,2,2,2,2,09:29,126,E06000049,3,34,6,60,0,-1,-1,0,0,0,1,2,2,0,0,2,1,E01018597,22-08-2018,2,1,1,1,12,3,3,0,0,0,0,-1,1,-1
50690,73.81686729,18.60997215,7,2,1,1,2,17:06,122,E06000049,3,532,6,30,0,-1,-1,0,0,0,1,1,1,0,0,1,1,E01018466,22-08-2018,1,1,3,1,71,10,3,6,9,0,0,-1,0,1
50691,73.95093982,18.50784799,7,3,2,1,3,23:22,124,E06000006,5,2007,6,30,3,4,5,2008,0,0,4,1,1,0,0,1,1,E01012391,23-08-2018,1,1,3,1,53,8,2,7,8,0,0,-1,0,-1
50692,73.75281346,18.64326944,7,3,2,1,3,17:45,127,E06000050,4,5075,6,60,3,4,5,622,0,0,1,1,1,0,0,2,1,E01018704,23-08-2018,1,1,3,1,30,6,3,10,9,0,0,-1,0,-1
50693,73.90621496,18.50973912,7,3,2,2,3,16:31,124,E06000006,3,56,6,30,6,2,6,0,0,-1,1,1,1,0,0,1,1,E01012385,23-08-2018,1,1,3,1,28,6,3,10,9,0,0,-1,0,1
50694,73.82138201,18.49402855,7,3,2,1,2,19:15,128,E06000007,3,50,6,30,7,2,3,56,0,0,1,1,1,0,0,1,1,E01012488,22-08-2018,2,1,1,1,39,7,3,0,0,0,0,-1,8,-1
50695,73.9004301,18.5362581,7,2,2,1,2,19:50,126,E06000049,1,56,3,70,0,-1,-1,0,0,0,1,1,1,0,0,2,1,E01018648,22-08-2018,2,1,1,1,45,7,3,0,0,0,0,-1,9,1
50696,73.789536,18.63592136,7,3,2,1,5,07:15,126,E06000049,4,5358,6,60,0,-1,-1,0,0,0,1,1,1,0,0,2,2,E01018667,18-08-2018,2,2,2,2,48,8,3,0,0,1,0,-1,9,1
50697,73.79312911,18.56813892,7,3,1,1,2,18:00,121,E06000049,3,527,3,40,0,-1,-1,0,0,0,1,1,1,0,0,1,2,E01018404,22-08-2018,2,1,1,2,26,6,3,0,0,0,0,-1,9,1
50698,73.83888816,18.58051914,7,3,2,4,3,12:01,121,E06000049,3,54,6,60,0,-1,-1,0,0,0,1,1,1,0,0,2,1,E01018395,23-08-2018,2,1,2,1,64,9,3,0,0,0,3,-1,11,1
50699,73.81694302,18.53351847,7,3,2,1,3,17:25,126,E06000049,4,5181,6,30,6,4,6,0,0,0,1,1,1,0,0,1,1,E01018624,23-08-2018,2,1,1,1,44,7,3,0,0,0,0,-1,1,1
50700,73.77654513,18.49034404,7,2,1,4,2,20:53,120,E06000050,6,0,9,20,0,-1,-1,0,0,0,1,1,1,0,0,2,1,E01018552,20-06-2018,1,1,1,1,30,6,3,0,0,0,0,-1,9,1
50701,73.81082141,18.59346735,7,3,2,1,3,19:50,126,E06000049,6,0,6,60,3,4,6,0,0,0,4,1,1,0,0,2,1,E01018661,23-08-2018,2,2,1,1,48,8,3,0,0,0,0,-1,8,1
50702,73.91775643,18.55008937,7,1,2,1,4,06:00,121,E06000049,1,6,3,70,0,-1,-1,0,0,0,6,1,2,0,0,2,1,E01018411,24-08-2018,2,1,1,1,46,8,3,0,0,0,0,-1,9,1
50703,73.78602155,18.5625523,7,3,1,1,3,10:49,128,E06000007,4,5158,6,60,0,-1,-1,0,0,0,1,2,2,0,0,2,1,E01012515,23-08-2018,2,1,2,2,30,6,3,0,0,1,0,-1,9,-1
50704,73.90483226,18.52144069,7,3,1,1,4,10:50,127,E06000050,4,5075,6,60,0,-1,-1,0,0,0,1,5,2,0,0,2,1,E01018721,24-08-2018,2,2,2,1,31,6,3,0,0,2,0,-1,9,1
50705,73.74620385,18.61850088,7,3,2,1,3,07:56,123,E06000050,4,5136,6,40,3,4,6,0,0,0,1,1,1,0,0,1,1,E01018535,23-08-2018,2,1,2,2,39,7,3,0,0,1,0,-1,9,1
50706,73.76834403,18.57713457,7,3,2,2,3,19:55,128,E06000007,3,49,6,30,3,1,6,0,0,0,1,1,1,0,0,1,1,E01012450,23-08-2018,2,1,1,1,39,7,3,0,0,0,0,-1,9,1
50707,73.79553795,18.53260597,7,3,3,2,2,16:15,124,E06000006,4,5419,6,30,6,2,6,0,0,4,1,1,1,0,0,1,2,E01012424,22-08-2018,1,1,2,2,34,6,3,0,0,0,4,-1,11,1
50708,73.85772834,18.52175689,7,2,2,1,4,00:20,121,E06000049,6,0,6,30,0,-1,6,0,0,0,7,1,1,0,0,1,2,E01018439,17-08-2018,2,2,1,1,38,7,3,0,0,0,0,-1,19,1
50709,73.73559069,18.58160173,7,3,2,2,6,16:15,122,E06000049,6,0,6,30,3,4,6,0,0,0,1,1,1,0,0,1,2,E01018464,19-08-2018,1,1,3,1,22,5,3,10,1,0,0,-1,0,-1
50710,73.82533519,18.509459,7,3,2,1,3,08:45,126,E06000049,3,537,3,60,0,-1,-1,0,0,0,1,1,1,0,0,2,2,E01018597,23-08-2018,2,1,1,1,19,4,3,0,0,0,0,-1,5,1
50711,73.92470235,18.566812,7,3,1,1,4,10:57,121,E06000049,3,527,6,30,0,-1,-1,0,0,0,1,2,2,0,0,1,1,E01018404,24-08-2018,2,2,2,1,19,4,3,0,0,2,0,-1,5,1
50712,73.91571504,18.59949029,7,3,2,1,2,16:53,126,E06000049,3,556,1,50,1,4,1,6,0,0,1,1,1,0,0,2,1,E01018648,22-08-2018,1,1,1,1,43,7,3,0,0,0,0,-1,1,1
50713,73.83245832,18.51725219,7,3,3,5,4,12:07,128,E06000007,3,49,3,40,0,-1,-1,0,0,5,1,1,2,0,0,2,1,E01012453,24-08-2018,1,1,1,2,18,4,3,0,0,0,0,-1,9,1
50714,73.78005854,18.53631459,7,2,2,5,5,11:00,127,E06000050,3,54,6,60,0,-1,-1,0,0,0,1,1,2,0,0,2,1,E01018725,25-08-2018,2,2,1,1,48,8,3,0,0,0,0,-1,8,1
50715,73.93778412,18.61824232,7,2,2,5,4,12:42,127,E06000050,3,559,6,40,0,-1,6,0,0,0,1,1,2,6,0,1,1,E01018715,24-08-2018,2,3,2,1,26,6,3,0,0,2,0,-1,8,1
50716,73.89027517,18.61549907,7,2,2,2,5,16:50,127,E06000050,3,49,6,60,0,-1,-1,0,0,0,1,2,2,0,0,2,1,E01018721,25-08-2018,1,3,2,1,44,7,3,0,0,2,0,-1,19,1
50717,73.78130934,18.54195639,7,2,2,1,5,09:17,120,E06000050,3,5117,6,60,3,4,6,0,0,0,1,1,1,0,0,2,1,E01018308,25-08-2018,2,1,2,1,34,6,3,0,0,1,0,-1,9,-1
50718,73.91591749,18.52822818,7,3,3,3,5,08:59,128,E06000007,1,6,7,70,0,-1,-1,0,0,0,1,2,2,0,0,2,1,E01006859,25-08-2018,2,2,2,1,39,7,3,0,0,1,0,-1,9,-1
50719,73.83983158,18.48790815,7,3,2,2,5,09:10,128,E06000007,5,1026,3,30,0,-1,-1,0,0,0,1,1,2,0,0,1,1,E01012529,25-08-2018,2,1,1,1,35,6,3,0,0,0,0,-1,9,1
50720,73.75190533,18.51225147,7,3,2,1,5,11:59,128,E06000007,3,579,6,60,0,-1,6,0,0,0,1,2,2,0,0,2,1,E01012472,25-08-2018,1,1,3,1,18,4,2,10,1,0,0,-1,0,-1
50721,73.89007449,18.56871214,7,3,2,2,2,08:55,127,E06000050,3,56,6,30,3,4,4,5152,0,4,1,2,2,0,0,2,1,E01018688,29-08-2018,2,1,1,2,20,4,3,0,0,0,0,-1,9,1
50722,73.73337576,18.54093583,7,3,4,5,6,15:27,128,E06000007,3,574,6,30,0,-1,-1,0,0,0,1,1,2,0,0,1,1,E01012563,26-08-2018,1,1,3,2,15,3,3,5,3,0,0,-1,0,-1
50723,73.92395319,18.49251592,7,2,1,1,2,21:20,124,E06000006,6,0,6,30,6,4,6,0,0,0,4,1,1,0,0,1,1,E01012370,29-08-2018,1,1,1,1,46,8,3,0,0,0,0,-1,21,1
50724,73.94203426,18.61803916,7,3,2,1,6,09:50,123,E06000050,6,0,6,40,3,4,6,0,0,0,1,1,1,0,0,1,1,E01018566,26-08-2018,1,1,3,1,19,4,2,5,3,0,0,-1,0,-1
50725,73.84629703,18.59775786,7,3,1,1,2,11:00,124,E06000006,3,533,7,30,5,4,3,557,0,0,1,2,2,0,0,1,1,E01012431,29-08-2018,1,1,3,2,21,5,3,4,1,0,0,-1,0,1
50726,73.8917529,18.5204081,7,3,2,1,7,10:45,124,E06000006,5,2002,6,30,3,2,6,0,0,0,1,1,1,0,0,1,1,E01012379,27-08-2018,2,1,1,1,9,2,3,0,0,0,0,-1,1,1
50727,73.93202927,18.60127884,7,3,2,1,6,17:20,120,E06000050,3,41,6,60,0,-1,-1,0,0,0,1,1,1,0,0,2,1,E01018373,26-08-2018,1,1,1,1,58,9,3,0,0,0,0,-1,9,1
50728,73.81117985,18.51577618,7,3,2,4,5,17:00,120,E06000050,6,0,6,30,3,4,6,0,0,0,1,1,1,0,0,1,1,E01018326,18-08-2018,2,2,1,1,17,4,3,0,0,0,0,-1,3,1
50729,73.7394119,18.57190347,7,3,2,2,2,14:25,128,E06000007,6,0,6,30,3,4,6,0,0,0,1,1,1,0,0,1,1,E01012459,29-08-2018,1,1,1,2,26,6,3,0,0,0,0,-1,90,1
50730,73.87566885,18.54205334,7,3,2,1,7,18:40,120,E06000050,3,548,6,30,0,-1,-1,0,0,0,1,1,1,0,0,1,1,E01018326,20-08-2018,1,2,2,2,23,5,3,0,0,1,0,-1,90,-1
50731,73.81982288,18.53535395,7,3,1,1,7,11:49,127,E06000050,3,49,1,60,1,4,3,51,0,0,1,1,1,0,0,2,1,E01018723,27-08-2018,2,1,1,1,56,9,3,0,0,0,0,-1,11,1
50732,73.95377514,18.58010828,7,3,3,1,6,18:07,127,E06000050,3,49,6,60,7,2,3,533,0,0,1,1,1,0,0,2,1,E01018708,26-08-2018,1,1,3,1,71,10,3,5,4,0,0,-1,0,-1
50733,73.88066975,18.63190881,7,2,2,4,7,08:50,126,E06000049,3,523,6,50,0,-1,-1,0,0,0,1,1,1,0,0,2,1,E01018668,20-08-2018,2,1,1,1,39,7,3,0,0,0,0,-1,90,1
50734,73.93682769,18.51040449,7,2,2,5,5,19:20,128,E06000007,5,1027,6,30,3,4,6,0,0,0,1,1,2,0,0,1,1,E01012528,25-08-2018,2,2,2,2,29,6,3,0,0,2,0,-1,90,1
50735,73.9525009,18.5475316,7,3,3,3,1,12:25,126,E06000049,3,535,6,60,0,-1,-1,0,0,0,1,1,1,0,0,2,1,E01018581,21-08-2018,2,1,1,1,47,8,3,0,0,0,0,-1,10,-1
50736,73.74737762,18.52599354,7,3,1,1,5,10:00,126,E06000049,5,109,6,60,0,-1,-1,0,0,0,1,2,2,0,0,2,1,E01018598,25-08-2018,2,1,1,1,26,6,3,0,0,0,0,-1,9,1
50737,73.84005288,18.5962345,7,3,1,1,5,14:25,126,E06000049,5,413,6,60,0,-1,-1,0,0,0,1,2,2,0,0,2,1,E01018586,25-08-2018,2,1,1,1,20,4,3,0,0,0,0,-1,9,1
50738,73.7546959,18.50448084,7,3,2,1,6,15:02,121,E06000049,1,6,3,70,0,-1,-1,0,0,0,1,1,1,0,0,2,1,E01018411,12-08-2018,1,1,1,1,24,5,3,0,0,0,0,-1,9,1
50739,73.82650835,18.49319251,7,3,2,1,5,07:30,122,E06000049,6,0,6,30,6,4,6,0,0,0,1,1,1,0,0,1,1,E01018498,25-08-2018,1,1,1,1,63,9,3,0,0,0,0,-1,19,-1
50740,73.95579652,18.54972037,7,3,1,1,5,07:54,121,E06000049,3,50,6,60,0,-1,-1,0,0,0,1,1,1,0,0,2,1,E01018418,25-08-2018,1,1,1,1,45,7,3,0,0,0,0,-1,9,1
50741,73.82313591,18.52318008,7,2,2,1,5,10:43,122,E06000049,6,0,6,60,0,-1,6,0,0,0,1,1,1,0,0,2,1,E01018469,25-08-2018,1,1,1,1,21,5,3,0,0,0,0,-1,9,1