Accident_Index,longitude,latitude,Police_Force,Accident_Severity,Number_of_Vehicles,Number_of_Casualties,Day_of_Week,Time,Local_Authority_(District),Local_Authority_(Highway),1st_Road_Class,1st_Road_Number,Road_Type,Speed_limit,Junction_Detail,Junction_Control,2nd_Road_Class,2nd_Road_Number,Pedestrian_Crossing-Human_Control,Pedestrian_Crossing-Physical_Facilities,Light_Conditions,Weather_Conditions,Road_Surface_Conditions,Special_Conditions_at_Site,Carriageway_Hazards,Urban_or_Rural_Area,Did_Police_Officer_Attend_Scene_of_Accident,LSOA_of_Accident_Location,Date,Vehicle_Reference,Casualty_Reference,Casualty_Class,Sex_of_Casualty,Age_of_Casualty,Age_Band_of_Casualty,Casualty_Severity,Pedestrian_Location,Pedestrian_Movement,Car_Passenger,Bus_or_Coach_Passenger,Pedestrian_Road_Maintenance_Worker,Casualty_Type,Casualty_Home_Area_Type
50742,73.90184684,18.54713393,7,3,2,1,5,18:19,124,E06000006,4,5178,6,30,8,4,6,0,0,0,1,1,1,0,0,1,1,E01012367,18-08-2018,2,2,1,1,30,6,3,0,0,0,0,-1,19,1
50743,73.76010133,18.54034396,7,3,3,3,5,14:15,122,E06000049,3,51,6,60,0,-1,-1,0,0,0,1,1,1,0,0,2,1,E01018458,25-08-2018,1,3,2,1,35,6,3,0,0,1,0,-1,9,1
50744,73.76964812,18.53712503,7,3,1,1,3,08:45,128,E06000007,3,57,1,40,1,4,1,6,0,0,1,1,1,0,0,2,1,E01012551,30-08-2018,2,1,1,2,45,7,3,0,0,0,0,-1,9,1
50745,73.91630798,18.57277397,7,3,3,1,5,16:15,122,E06000049,6,0,6,60,8,4,6,0,0,0,1,2,2,0,0,2,1,E01018480,25-08-2018,2,2,2,1,17,4,3,0,0,1,0,-1,9,1
50746,73.79231443,18.54688384,7,3,2,1,6,10:20,126,E06000049,5,410,6,60,0,-1,-1,0,0,0,1,1,2,0,0,2,1,E01018666,26-08-2018,1,1,3,2,72,10,2,5,3,0,0,-1,0,1
50747,73.8607177,18.5544893,7,3,2,1,3,11:30,128,E06000007,6,0,6,30,3,4,6,0,0,0,1,1,1,0,0,1,1,E01012564,30-08-2018,1,1,2,2,46,8,2,0,0,1,0,-1,9,1
50748,73.90867939,18.60209011,7,2,1,1,6,22:34,122,E06000049,3,534,6,30,3,4,6,0,0,0,4,1,1,0,0,1,1,E01018448,26-08-2018,1,1,3,2,21,5,3,5,1,0,0,-1,0,1
50749,73.79740075,18.57511732,7,2,2,1,6,17:54,126,E06000049,3,535,6,60,3,4,6,0,0,0,1,1,1,0,0,2,1,E01018597,26-08-2018,1,1,1,2,52,8,3,0,0,0,0,-1,9,1
50750,73.86971076,18.60254499,7,2,2,1,4,11:45,120,E06000050,6,0,6,30,0,-1,3,5268,0,0,1,1,1,0,0,1,1,E01018326,17-08-2018,1,1,1,2,48,8,3,0,0,0,0,-1,9,-1
50751,73.77273163,18.53712151,7,3,1,1,3,23:00,127,E06000050,5,614,6,60,6,4,5,613,0,0,6,1,1,0,0,2,1,E01018692,30-08-2018,2,2,1,1,70,10,3,0,0,0,0,-1,9,1
50752,73.76946127,18.55883487,7,2,2,1,3,08:15,120,E06000050,5,802,6,30,0,-1,-1,0,0,0,1,1,1,0,0,2,2,E01018368,09-08-2018,1,1,3,1,20,4,2,5,1,0,0,-1,0,-1
50753,73.81182442,18.58573967,7,2,1,1,3,15:51,123,E06000050,6,0,6,30,0,-1,-1,0,0,5,1,1,1,0,0,1,1,E01018566,30-08-2018,1,1,2,2,20,4,3,0,0,1,0,-1,9,-1
50754,73.82050207,18.61134362,7,2,1,1,1,15:40,127,E06000050,3,49,6,60,3,4,6,0,0,0,1,1,1,0,0,2,1,E01018708,28-08-2018,1,3,1,1,33,6,3,0,0,0,0,-1,9,1
50755,73.95476852,18.54414883,7,3,2,1,6,07:30,128,E06000007,6,0,6,30,1,4,5,1018,0,0,1,2,2,0,0,1,2,E01012545,26-08-2018,2,1,1,1,47,8,3,0,0,0,0,-1,19,1
50756,73.914299,18.4948782,7,3,2,1,3,17:50,127,E06000050,1,56,3,70,0,-1,-1,0,0,0,1,1,1,0,0,2,2,E01018696,09-08-2018,3,2,1,1,20,4,3,0,0,0,0,-1,9,1
50757,73.83525405,18.58826001,7,2,2,1,6,11:36,121,E06000049,3,5011,6,60,3,4,6,0,0,0,1,1,1,0,0,1,1,E01018390,26-08-2018,2,1,1,1,51,8,3,0,0,0,0,-1,1,-1
50758,73.81733168,18.61946695,7,3,2,1,2,20:30,126,E06000049,6,0,9,40,0,-1,6,0,0,0,7,9,1,0,0,2,2,E01018660,22-08-2018,1,1,2,1,20,4,3,0,0,1,0,-1,9,1
50759,73.78927239,18.50372333,7,3,3,2,2,08:35,126,E06000049,6,0,6,60,0,-1,-1,0,0,0,1,2,2,0,0,2,1,E01018605,22-08-2018,1,1,3,1,28,6,3,5,2,0,0,-1,0,-1
50760,73.89931629,18.64021166,7,3,3,2,4,10:10,127,E06000050,1,6,3,70,0,-1,-1,0,0,0,1,2,2,0,0,2,1,E01018722,24-08-2018,1,1,3,1,23,5,3,4,3,0,0,-1,0,-1
50761,73.90515974,18.51142422,7,3,2,1,2,13:50,121,E06000049,3,535,6,60,3,4,6,0,0,0,1,1,1,0,0,3,1,,22-08-2018,1,1,3,1,53,8,2,1,1,0,0,-1,0,1
50762,73.93139671,18.63085155,7,3,2,1,4,05:24,121,E06000049,1,6,3,70,0,-1,-1,0,0,0,1,1,2,0,0,2,1,E01018418,24-08-2018,1,1,1,1,32,6,3,0,0,0,0,-1,9,1
50763,73.87551255,18.49494364,7,3,3,1,3,10:10,126,E06000049,5,402,6,30,8,4,6,0,0,0,1,1,1,0,0,2,1,E01018651,23-08-2018,2,2,1,1,40,7,3,0,0,0,0,-1,8,1
50764,73.8541163,18.58632086,7,2,1,1,7,16:25,122,E06000049,6,0,6,30,6,4,5,524,0,0,1,1,1,0,0,1,1,E01018496,27-08-2018,1,1,3,1,52,8,3,8,3,0,0,-1,0,-1
50765,73.80555225,18.5858667,7,3,1,1,1,19:55,126,E06000049,3,537,6,50,3,4,6,0,0,0,1,1,1,0,0,2,1,E01018670,28-08-2018,1,1,2,1,12,3,3,0,0,0,3,-1,11,1
50766,73.73918362,18.51456112,7,3,2,4,5,18:44,126,E06000049,1,6,3,70,0,-1,-1,0,0,0,1,1,2,0,0,2,1,E01018598,25-08-2018,2,1,1,2,33,6,3,0,0,0,0,-1,9,1
50767,73.83343282,18.57430887,7,3,1,1,4,03:37,124,E06000006,4,5419,6,60,3,3,3,557,0,0,4,1,1,0,0,2,1,E01012393,31-08-2018,1,1,1,1,18,4,3,0,0,0,0,-1,9,1
50768,73.93417022,18.55450454,7,3,3,1,7,18:36,123,E06000050,6,0,6,30,3,4,6,0,0,0,1,1,1,0,0,1,1,E01018553,27-08-2018,1,1,3,1,88,11,2,5,1,0,0,-1,0,1
50769,73.86548269,18.50635241,7,2,2,1,4,13:18,127,E06000050,3,54,1,30,1,4,3,54,0,0,1,1,1,0,0,1,1,E01018731,31-08-2018,1,1,1,2,43,7,3,0,0,0,0,-1,9,1
50770,73.91547985,18.58181217,7,3,2,2,1,16:15,127,E06000050,3,559,6,40,3,4,3,530,0,0,1,1,1,0,0,1,1,E01018704,21-08-2018,1,2,3,2,25,5,3,5,2,0,0,-1,0,-1
50771,73.86614426,18.5671993,7,3,2,2,4,11:00,127,E06000050,3,533,6,40,6,2,6,0,0,0,1,1,1,0,0,2,-1,E01018700,31-08-2018,2,1,1,2,35,6,3,0,0,0,0,-1,9,1
50772,73.92079847,18.62680856,7,3,2,1,5,07:35,127,E06000050,4,5152,6,30,6,2,3,556,0,0,1,1,1,0,0,2,2,E01018707,18-08-2018,1,1,3,1,54,8,2,5,1,0,0,-1,0,1
50773,73.76299491,18.61383792,7,3,2,2,3,08:15,120,E06000050,6,0,2,30,6,4,6,0,0,0,4,1,1,0,0,1,1,E01018520,30-08-2018,1,1,1,2,39,7,3,0,0,0,0,-1,9,1
50774,73.89381916,18.55187595,7,3,2,1,3,18:37,127,E06000050,6,0,1,60,1,4,3,54,0,0,1,1,1,0,0,1,1,E01018738,30-08-2018,2,1,1,1,36,7,3,0,0,0,0,-1,8,1
50775,73.80898835,18.56289241,7,3,3,2,5,07:55,126,E06000049,1,6,3,70,0,-1,-1,0,0,0,1,1,2,0,0,2,1,E01018598,25-08-2018,2,1,1,1,40,7,3,0,0,0,0,-1,9,1
50776,73.88310246,18.6002072,7,3,2,1,6,18:35,128,E06000007,1,6,3,70,0,-1,-1,0,0,0,1,1,2,0,0,2,1,E01012551,26-08-2018,3,2,1,1,21,5,3,0,0,0,0,-1,19,-1
50777,73.88435311,18.50969107,7,3,1,1,3,16:27,128,E06000007,1,6,3,70,0,-1,-1,0,0,0,1,1,1,0,0,2,1,E01012551,30-08-2018,1,1,1,1,35,6,2,0,0,0,0,-1,1,1
50778,73.75747427,18.61245682,7,3,1,1,4,19:10,126,E06000049,1,6,2,70,5,4,6,0,0,0,1,1,2,0,0,2,1,E01018598,31-08-2018,1,1,3,1,6,2,3,5,4,0,0,-1,0,1
50779,73.90188556,18.56998301,7,3,2,1,5,16:12,124,E06000006,6,0,6,30,6,2,6,0,0,0,1,1,1,0,0,1,1,E01012431,01-09-2018,1,2,2,2,29,6,3,0,0,1,0,-1,9,1
50780,73.8627403,18.55509086,7,2,2,1,5,07:48,127,E06000050,4,5391,6,30,0,-1,-1,0,0,0,1,1,2,0,0,2,1,E01018705,01-09-2018,2,1,1,1,22,5,3,0,0,0,0,-1,9,1
50781,73.86260427,18.53067649,7,3,2,1,4,19:00,120,E06000050,3,5268,2,30,9,4,3,5268,0,0,1,1,2,0,0,1,1,E01018326,31-08-2018,2,3,2,1,15,3,3,0,0,1,0,-1,9,1
50782,73.89804185,18.55293007,7,3,3,2,4,14:10,126,E06000049,6,0,6,40,0,-1,-1,0,0,0,1,1,1,0,0,2,1,E01018591,31-08-2018,1,1,1,1,24,5,3,0,0,0,0,-1,9,1
50783,73.84261408,18.60157896,7,3,2,3,2,00:19,122,E06000049,4,5074,6,60,0,-1,-1,0,0,0,1,1,1,0,0,2,1,E01018480,29-08-2018,1,3,2,1,24,5,3,0,0,1,0,-1,9,1
50784,73.95750276,18.56791544,7,3,2,1,6,14:00,124,E06000006,5,726,6,30,3,2,5,2018,0,5,1,5,1,0,0,1,2,E01012371,26-08-2018,2,2,1,1,41,7,3,0,0,0,0,-1,19,1
50785,73.74879826,18.52957962,7,3,1,1,1,22:45,126,E06000049,6,0,6,30,3,4,6,0,0,0,4,1,1,0,0,1,1,E01018606,31-07-2018,3,4,2,1,20,4,3,0,0,0,4,-1,11,1
50786,73.77696961,18.56830096,7,3,2,3,5,18:50,128,E06000007,6,0,6,30,6,4,6,0,0,0,1,1,1,0,0,1,1,E01012456,25-08-2018,3,5,2,1,16,4,3,0,0,0,4,-1,11,-1
50787,73.84623903,18.55818454,7,3,1,1,3,19:15,122,E06000049,6,0,6,30,0,-1,-1,0,0,0,1,1,1,0,0,1,2,E01018477,30-08-2018,3,6,2,1,18,4,3,0,0,0,4,-1,11,-1
50788,73.90079325,18.6123119,7,3,2,2,1,09:45,127,E06000050,6,0,6,30,0,-1,-1,0,0,0,1,1,1,0,0,2,1,E01018692,28-08-2018,1,1,1,1,61,9,3,0,0,0,0,-1,9,-1
50789,73.88170617,18.51790645,7,3,2,1,3,04:30,126,E06000049,6,0,6,40,0,-1,-1,0,0,0,4,1,1,0,0,2,1,E01018587,30-08-2018,1,2,2,1,14,3,3,0,0,1,0,-1,9,-1
50790,73.91062409,18.49836588,7,2,2,1,5,13:02,121,E06000049,1,6,3,70,0,-1,-1,0,0,0,1,1,1,0,0,2,1,E01018411,01-09-2018,1,1,3,1,30,6,3,5,1,0,0,-1,0,-1
50791,73.92501081,18.50206344,7,3,3,3,5,21:09,120,E06000050,3,54,6,60,3,4,3,556,0,0,4,1,1,0,0,2,1,E01018707,01-09-2018,2,1,1,2,27,6,3,0,0,0,0,-1,9,1
50792,73.88238327,18.53018231,7,3,1,1,3,07:50,123,E06000050,4,5463,6,30,3,4,6,0,0,8,1,1,1,0,0,1,2,E01018530,30-08-2018,2,2,2,2,21,5,3,0,0,1,0,-1,9,1
50793,73.81658351,18.57094731,7,3,2,1,4,21:30,120,E06000050,3,540,9,20,0,-1,-1,0,0,0,4,1,1,0,0,1,1,E01018310,31-08-2018,1,1,1,1,47,8,3,0,0,0,0,-1,9,1
50794,73.88097964,18.52252738,7,3,5,1,7,10:45,120,E06000050,3,51,9,30,3,2,3,41,0,0,1,1,1,0,0,1,1,E01018381,03-09-2018,2,1,1,1,71,10,3,0,0,0,0,-1,9,-1
50795,73.81734754,18.51582088,7,3,1,1,6,17:45,127,E06000050,3,49,6,60,3,4,6,0,0,0,1,1,1,0,0,2,1,E01018708,02-09-2018,2,1,1,1,19,4,3,0,0,0,0,-1,9,1
50796,73.91495964,18.61176795,7,3,2,1,6,16:49,127,E06000050,3,56,6,30,3,4,6,0,0,0,1,1,1,0,0,2,1,E01018688,26-08-2018,2,2,2,2,16,4,3,0,0,1,0,-1,9,-1
50797,73.73582506,18.54440181,7,3,2,1,5,14:45,127,E06000050,6,0,6,30,0,-1,-1,0,0,0,1,1,1,0,0,1,2,E01018716,01-09-2018,2,3,2,2,20,4,3,0,0,2,0,-1,9,-1
50798,73.81156958,18.54250478,7,3,2,1,5,18:00,123,E06000050,6,0,6,30,6,4,6,0,0,8,1,1,1,0,0,1,1,E01018519,14-07-2018,2,4,2,1,23,5,3,0,0,2,0,-1,9,-1
50799,73.86258593,18.63948714,7,3,2,3,3,21:20,121,E06000049,4,5079,6,40,3,4,6,0,0,0,6,1,1,0,0,2,1,E01018442,30-08-2018,1,1,1,1,20,4,3,0,0,0,0,-1,9,-1
50800,73.94673928,18.63591798,7,3,1,1,1,13:30,126,E06000049,3,537,6,50,0,-1,-1,0,0,0,1,1,1,0,0,2,1,E01019714,21-08-2018,2,2,1,1,24,5,3,0,0,0,0,-1,9,1
50801,73.95575292,18.58637397,7,3,1,1,2,07:50,127,E06000050,3,556,3,70,0,-1,-1,0,0,0,1,1,2,0,0,2,1,E01018692,05-09-2018,2,3,2,1,26,6,3,0,0,1,0,-1,9,-1
50802,73.91884237,18.50816878,7,3,2,1,2,07:30,126,E06000049,6,0,6,30,3,4,5,412,0,0,1,2,2,0,0,1,1,E01018665,22-08-2018,2,4,2,1,27,6,3,0,0,2,0,-1,9,-1
50803,73.84409561,18.64481516,7,3,2,1,1,12:15,127,E06000050,4,5081,6,60,0,-1,-1,0,0,0,1,1,1,0,0,2,1,E01018722,04-09-2018,2,5,2,1,24,5,3,0,0,2,0,-1,9,-1
50804,73.83930287,18.64081512,7,3,2,1,3,09:00,120,E06000050,3,41,1,60,1,2,6,0,0,0,1,1,1,0,0,2,1,E01018358,23-08-2018,2,6,2,1,24,5,3,0,0,2,0,-1,9,-1
50805,73.85385963,18.5128876,7,3,2,1,3,18:00,127,E06000050,3,530,6,60,3,4,4,5309,0,0,1,1,1,0,0,2,2,E01018722,23-08-2018,2,1,1,1,42,7,3,0,0,0,0,-1,9,1
50806,73.80145155,18.50998014,7,3,1,1,5,11:00,122,E06000049,6,0,6,30,0,-1,-1,0,0,0,1,1,1,0,0,1,1,E01018517,25-08-2018,2,1,2,2,35,6,3,0,0,2,0,-1,8,1
50807,73.7809501,18.62837887,7,3,2,1,4,08:05,122,E06000049,3,534,6,20,3,4,5,553,0,0,1,1,1,0,0,1,2,E01018447,31-08-2018,2,2,2,2,36,7,3,0,0,2,0,-1,8,1
50808,73.88702111,18.51874789,7,3,1,1,4,00:05,122,E06000049,5,501,6,60,3,4,6,0,0,0,1,1,1,0,0,2,1,E01018480,31-08-2018,1,1,3,2,19,4,3,5,1,0,0,-1,0,1
50809,73.88995103,18.5335308,7,3,2,1,4,08:15,121,E06000049,5,839,6,60,0,-1,-1,0,0,0,1,1,1,0,0,1,2,E01018443,31-08-2018,1,1,3,2,59,9,3,1,3,0,0,-1,0,1
50810,73.78409513,18.60052306,7,2,1,1,2,15:50,120,E06000050,5,6028,6,30,6,4,6,0,0,0,1,1,1,0,0,1,1,E01018329,05-09-2018,1,1,3,2,50,8,3,5,3,0,0,-1,0,-1
50811,73.89735158,18.50876539,7,3,2,2,2,15:50,124,E06000006,5,2018,6,30,6,2,6,0,0,0,1,1,1,0,0,1,1,E01012415,05-09-2018,1,1,2,1,16,4,3,0,0,1,0,-1,9,1
50812,73.7500003,18.58672045,7,3,1,1,6,09:20,128,E06000007,3,56,6,60,0,-1,-1,0,0,0,1,1,1,0,0,2,1,E01012502,02-09-2018,2,2,1,1,41,7,3,0,0,0,0,-1,18,-1
50813,73.85424091,18.52130912,7,3,2,1,4,17:00,127,E06000050,3,54,1,30,1,4,5,652,0,0,1,1,1,0,0,1,1,E01018735,31-08-2018,2,1,1,2,19,4,3,0,0,0,0,-1,9,1
50814,73.75987691,18.63516152,7,3,3,1,6,11:10,120,E06000050,6,0,6,30,0,-1,-1,0,0,0,1,1,1,0,0,1,1,E01018383,26-08-2018,2,2,2,1,22,5,3,0,0,1,0,-1,9,1
50815,73.76843468,18.50069767,7,3,1,1,2,11:50,128,E06000007,6,0,6,30,7,4,6,0,0,0,1,1,1,0,0,1,1,E01012456,05-09-2018,1,1,3,2,18,4,3,5,2,0,0,-1,0,1
50816,73.81167707,18.49516987,7,3,2,1,2,12:34,128,E06000007,5,1015,6,40,0,-1,6,0,0,0,1,1,1,0,0,1,1,E01012539,05-09-2018,2,1,2,2,27,6,3,0,0,1,0,-1,9,1
50817,73.76137952,18.55768661,7,3,2,1,4,13:30,126,E06000049,3,56,1,60,1,4,3,556,0,0,1,1,1,0,0,2,2,E01018648,24-08-2018,2,1,2,1,11,3,3,0,0,1,0,-1,9,2
50818,73.89124662,18.51271691,7,3,1,1,4,19:31,126,E06000049,6,0,6,60,0,-1,-1,0,0,0,1,1,2,0,0,2,1,E01018628,31-08-2018,1,1,1,1,46,8,3,0,0,0,0,-1,9,1
50819,73.93869192,18.54816815,7,3,2,1,5,09:45,126,E06000049,4,5085,6,60,3,4,6,0,0,0,1,1,1,0,0,2,1,E01018580,01-09-2018,2,2,1,1,45,7,3,0,0,0,0,-1,9,1
50820,73.95291899,18.60028425,7,3,2,1,5,15:05,126,E06000049,4,5086,6,30,0,-1,6,0,0,0,1,1,1,0,0,1,2,E01018589,01-09-2018,2,1,2,2,37,7,3,0,0,1,0,-1,9,-1
50821,73.80320028,18.55371373,7,2,2,1,3,14:20,120,E06000050,3,56,6,60,3,4,6,0,0,0,1,1,1,0,0,2,1,E01018308,06-09-2018,1,1,1,1,18,4,3,0,0,0,0,-1,9,1
50822,73.95101595,18.61650409,7,2,2,1,3,15:45,127,E06000050,3,533,6,60,3,4,6,0,0,8,1,1,1,0,0,2,1,E01018680,06-09-2018,2,1,1,1,42,7,3,0,0,0,0,-1,9,1
50823,73.90044584,18.5767736,7,3,2,1,6,12:05,128,E06000007,6,0,6,30,3,4,4,5207,0,0,1,1,1,0,0,2,1,E01012477,02-09-2018,1,1,3,1,43,7,3,6,9,0,0,-1,0,1
50824,73.75832108,18.64389408,7,3,2,1,5,10:10,121,E06000049,6,0,6,30,3,4,3,54,0,0,1,1,1,0,0,1,1,E01018402,01-09-2018,2,1,1,2,18,4,3,0,0,0,0,-1,3,1
50825,73.91153665,18.6020859,7,3,2,3,6,23:13,126,E06000049,3,5033,6,60,3,4,6,0,0,0,6,1,1,0,0,2,1,E01018648,02-09-2018,1,1,2,2,74,10,3,0,0,0,3,-1,11,1
50826,73.79647574,18.64515104,7,3,2,1,4,19:05,123,E06000050,6,0,6,30,6,2,6,0,0,0,1,1,1,0,0,1,2,E01018519,31-08-2018,1,1,1,1,33,6,3,0,0,0,0,-1,9,1
50827,73.83287328,18.52041439,7,3,2,1,4,09:50,123,E06000050,4,5132,6,30,0,-1,-1,0,0,0,1,1,1,0,0,1,1,E01018566,07-09-2018,2,2,1,1,20,4,3,0,0,0,0,-1,9,1
50828,73.78177833,18.60906132,7,3,2,3,7,01:05,126,E06000049,3,537,6,60,0,-1,-1,0,0,0,6,1,1,0,0,2,1,E01018654,03-09-2018,1,1,1,2,19,4,3,0,0,0,0,-1,9,1
50829,73.85150397,18.51121676,7,3,2,2,7,10:44,126,E06000049,3,34,6,30,3,4,6,0,0,4,1,1,1,0,0,1,1,E01018574,03-09-2018,2,2,1,2,22,5,3,0,0,0,0,-1,9,1
50830,73.76099374,18.5476213,7,3,2,1,1,01:15,127,E06000050,3,533,6,60,6,4,5,610,0,0,4,1,1,0,0,2,1,E01018675,04-09-2018,2,1,2,1,31,6,3,0,0,0,3,-1,11,1
50831,73.81447948,18.58756078,7,2,2,1,7,17:04,122,E06000049,5,532,6,60,0,-1,6,0,0,0,1,1,1,0,0,2,1,E01018444,03-09-2018,2,2,2,2,43,7,3,0,0,0,3,-1,11,1
50832,73.83061476,18.51347345,7,3,2,1,1,01:55,127,E06000050,6,0,6,30,0,-1,-1,0,0,0,4,1,1,0,0,1,1,E01018672,04-09-2018,2,1,1,1,29,6,3,0,0,0,0,-1,8,1
50833,73.74076622,18.48891695,7,2,1,1,1,02:50,121,E06000049,3,54,6,60,0,-1,-1,0,0,0,6,1,1,0,0,2,1,E01018394,04-09-2018,2,1,1,1,25,5,3,0,0,0,0,-1,9,-1
50834,73.88191224,18.61239617,7,3,2,1,1,17:54,121,E06000049,4,5077,6,30,3,4,6,0,0,0,1,1,1,0,0,1,1,E01018389,04-09-2018,4,1,2,2,27,6,3,0,0,1,0,-1,9,1
50835,73.95105301,18.50987005,7,3,3,1,1,10:40,126,E06000049,3,54,6,60,0,-1,-1,0,0,0,1,1,1,0,0,2,1,E01018591,04-09-2018,2,1,1,2,45,7,3,0,0,0,0,-1,9,1
50836,73.79269169,18.57473499,7,3,2,1,1,02:55,126,E06000049,3,50,6,40,0,-1,-1,0,0,0,4,1,1,0,0,1,1,E01018606,04-09-2018,1,1,1,2,39,7,3,0,0,0,0,-1,9,1
50837,73.85534265,18.53352317,7,3,2,1,3,22:15,120,E06000050,3,5117,1,70,1,4,1,56,0,0,4,1,1,4,0,2,1,E01018337,06-09-2018,2,2,1,2,26,6,3,0,0,0,0,-1,9,-1
50838,73.80606458,18.52381565,7,3,2,1,4,20:08,120,E06000050,3,56,6,30,3,3,6,0,0,0,4,1,1,0,0,1,1,E01018343,07-09-2018,1,1,1,2,42,7,3,0,0,0,0,-1,9,1
50839,73.84381508,18.63767994,7,3,2,1,4,16:25,127,E06000050,3,559,6,60,0,-1,-1,0,0,0,1,1,1,0,0,2,1,E01018721,07-09-2018,2,2,1,1,21,5,2,0,0,0,0,-1,9,1
50840,73.85854213,18.60623794,7,3,2,1,4,15:11,128,E06000007,3,50,1,60,1,2,1,6,0,0,1,1,1,0,0,2,1,E01012448,07-09-2018,1,1,1,2,21,5,3,0,0,0,0,-1,9,-1
50841,73.79549656,18.62708675,7,2,1,1,7,18:30,128,E06000007,6,0,6,30,0,-1,-1,0,0,0,1,1,1,0,0,1,2,E01012501,03-09-2018,1,2,2,1,18,4,2,0,0,1,0,-1,9,1
50842,73.75791908,18.58254646,7,3,2,1,6,19:30,122,E06000049,3,51,6,30,0,-1,-1,0,0,0,1,1,1,4,0,1,2,E01018451,02-09-2018,1,3,2,1,19,4,3,0,0,2,0,-1,9,1
50843,73.81155564,18.5116088,7,3,1,1,5,08:50,120,E06000050,3,51,1,30,1,2,3,5268,0,-1,1,2,2,0,0,1,1,E01018326,08-09-2018,1,4,2,2,16,4,3,0,0,2,0,-1,9,1
50844,73.85517105,18.6370399,7,3,2,1,3,12:36,126,E06000049,3,536,6,60,0,-1,-1,0,0,0,1,1,1,0,0,2,1,E01018597,06-09-2018,2,1,1,1,26,6,3,0,0,0,0,-1,9,-1
50845,73.79921274,18.55494914,7,2,1,2,3,20:23,122,E06000049,6,0,6,60,0,-1,-1,0,0,0,6,1,1,0,0,2,1,E01018465,06-09-2018,2,5,2,1,27,6,3,0,0,2,0,-1,9,1
50846,73.86610312,18.48827305,7,3,2,2,3,13:15,122,E06000049,4,5077,6,30,0,-1,6,0,0,0,1,1,1,0,0,1,2,E01018467,06-09-2018,1,1,3,1,25,5,3,5,4,0,0,-1,0,-1
50847,73.784098,18.6315101,7,3,3,1,3,18:37,126,E06000049,6,0,6,30,0,-1,-1,0,0,4,1,1,1,0,0,2,1,E01018587,06-09-2018,2,1,1,2,31,6,3,0,0,0,0,-1,9,1
50848,73.89563911,18.50611856,7,2,2,1,3,07:45,121,E06000049,3,34,6,40,3,2,3,54,0,5,1,1,2,0,0,1,1,E01018402,06-09-2018,1,1,3,1,9,2,3,9,9,0,0,-1,0,1
50849,73.80753339,18.59492945,7,3,1,1,4,15:35,126,E06000049,6,0,6,30,3,4,6,0,0,0,1,1,1,0,0,1,1,E01018631,07-09-2018,2,1,1,2,18,4,3,0,0,0,0,-1,9,1
50850,73.82353921,18.62774113,7,3,2,1,4,10:07,122,E06000049,3,534,6,30,3,4,6,0,0,0,1,1,1,0,0,1,1,E01018453,07-09-2018,2,1,1,1,30,6,3,0,0,0,0,-1,9,1
50851,73.84118395,18.48893657,7,3,2,1,1,20:11,123,E06000050,6,0,6,30,3,4,6,0,0,0,4,1,1,0,0,1,1,E01018534,04-09-2018,2,2,2,2,62,9,3,0,0,1,0,-1,9,-1
50852,73.87584088,18.6243794,7,3,3,1,5,15:30,120,E06000050,6,0,6,30,3,4,6,0,0,0,1,1,1,0,0,1,1,E01018330,08-09-2018,1,1,2,2,39,7,3,0,0,1,0,-1,9,-1
50853,73.92694057,18.49811767,7,3,1,1,4,22:15,120,E06000050,6,0,2,30,3,4,6,0,0,8,4,1,1,0,0,1,1,E01018326,07-09-2018,2,1,1,1,53,8,3,0,0,0,0,-1,9,1
50854,73.75336815,18.55061915,7,3,3,1,5,05:30,127,E06000050,6,0,6,60,0,-1,-1,0,0,0,6,8,2,0,0,2,1,E01018718,01-09-2018,2,2,2,2,50,8,3,0,0,1,0,-1,9,1
50855,73.78480639,18.56895465,7,3,2,2,5,18:59,123,E06000050,6,0,6,30,0,-1,-1,0,0,0,1,2,2,0,0,1,1,E01018566,08-09-2018,2,1,2,1,60,9,3,0,0,0,4,-1,11,-1
50856,73.83345864,18.63608797,7,3,2,1,4,14:30,128,E06000007,3,49,1,40,1,2,3,50,0,0,1,1,1,0,0,1,1,E01012520,07-09-2018,2,1,1,1,57,9,3,0,0,0,0,-1,11,1
50857,73.79217126,18.64355752,7,3,2,1,4,07:45,120,E06000050,6,0,6,30,3,3,6,0,0,0,1,7,1,0,0,1,2,E01018329,07-09-2018,2,2,2,2,14,3,3,0,0,0,4,-1,11,-1
50858,73.92878181,18.62806621,7,3,1,1,7,18:17,128,E06000007,3,49,6,30,6,2,4,5156,0,0,1,1,1,0,0,1,2,E01012557,03-09-2018,2,3,2,2,14,3,3,0,0,0,4,-1,11,-1
50859,73.93830169,18.57215268,7,3,2,1,4,11:40,126,E06000049,3,50,6,40,0,-1,-1,0,0,0,1,1,1,0,0,1,1,E01018607,07-09-2018,2,4,2,2,14,3,3,0,0,0,4,-1,11,-1
50860,73.85783355,18.56738013,7,3,1,1,5,19:10,122,E06000049,3,530,6,60,3,4,6,0,0,0,1,2,2,0,0,2,1,E01018510,08-09-2018,2,5,2,2,14,3,3,0,0,0,4,-1,11,-1
50861,73.84121102,18.5289365,7,3,1,1,5,22:40,126,E06000049,5,465,6,30,1,4,6,0,0,0,4,2,2,0,0,1,1,E01018629,08-09-2018,1,1,1,2,21,5,3,0,0,0,0,-1,9,-1