Accident_Index,longitude,latitude,Police_Force,Accident_Severity,Number_of_Vehicles,Number_of_Casualties,Day_of_Week,Time,Local_Authority_(District),Local_Authority_(Highway),1st_Road_Class,1st_Road_Number,Road_Type,Speed_limit,Junction_Detail,Junction_Control,2nd_Road_Class,2nd_Road_Number,Pedestrian_Crossing-Human_Control,Pedestrian_Crossing-Physical_Facilities,Light_Conditions,Weather_Conditions,Road_Surface_Conditions,Special_Conditions_at_Site,Carriageway_Hazards,Urban_or_Rural_Area,Did_Police_Officer_Attend_Scene_of_Accident,LSOA_of_Accident_Location,Date,Vehicle_Reference,Casualty_Reference,Casualty_Class,Sex_of_Casualty,Age_of_Casualty,Age_Band_of_Casualty,Casualty_Severity,Pedestrian_Location,Pedestrian_Movement,Car_Passenger,Bus_or_Coach_Passenger,Pedestrian_Road_Maintenance_Worker,Casualty_Type,Casualty_Home_Area_Type
50862,73.96209598,18.53000003,7,3,2,1,5,09:32,126,E06000049,6,0,3,60,0,-1,-1,0,0,0,1,1,2,0,0,1,1,E01018615,08-09-2018,2,2,1,1,22,5,3,0,0,0,0,-1,9,-1
50863,73.88137365,18.555312,7,3,1,1,6,05:30,122,E06000049,3,530,6,60,0,-1,-1,0,0,0,4,2,2,0,0,2,1,E01018510,09-09-2018,2,1,1,2,39,7,3,0,0,0,0,-1,9,1
50864,73.92775131,18.61742408,7,3,1,1,6,09:37,120,E06000050,6,0,6,30,3,4,6,0,0,0,1,2,2,0,0,1,1,E01018375,09-09-2018,2,2,2,1,35,6,3,0,0,1,0,-1,9,1
50865,73.77326623,18.53832724,7,3,1,1,5,05:15,123,E06000050,6,0,9,30,0,-1,-1,0,0,0,6,1,1,0,0,1,1,E01018519,08-09-2018,2,3,2,1,3,1,3,0,0,2,0,-1,9,1
50866,73.74932519,18.50990434,7,1,1,1,7,18:10,124,E06000006,3,557,3,60,0,-1,-1,0,0,0,1,1,1,0,0,1,1,E01012415,10-09-2018,2,1,1,1,57,9,3,0,0,0,0,-1,9,1
50867,73.84759569,18.49945008,7,3,1,1,5,19:30,120,E06000050,5,838,3,60,3,4,3,54,0,0,1,2,2,0,0,2,1,E01018349,08-09-2018,1,1,3,1,19,4,3,1,1,0,0,-1,0,1
50868,73.93052049,18.6004943,7,3,2,1,4,08:20,124,E06000006,5,2013,6,30,3,4,5,2013,0,0,1,1,1,0,0,1,1,E01012411,07-09-2018,1,1,2,2,16,4,3,0,0,1,0,-1,9,1
50869,73.77964928,18.52033707,7,3,2,1,6,07:35,120,E06000050,5,207,6,60,0,-1,-1,0,0,0,1,1,2,0,0,2,1,E01018723,09-09-2018,2,1,1,1,42,7,3,0,0,0,0,-1,9,1
50870,73.96129381,18.64470918,7,3,1,1,7,23:00,124,E06000006,5,2007,6,40,0,-1,-1,0,0,0,4,1,2,0,0,2,1,E01012391,10-09-2018,2,2,2,1,21,5,3,0,0,1,0,-1,9,1
50871,73.77143148,18.63552432,7,3,1,1,6,06:54,127,E06000050,4,5082,6,60,0,-1,-1,0,0,0,1,2,2,0,0,2,1,E01018722,09-09-2018,2,1,2,2,64,9,3,0,0,1,0,-1,9,1
50872,73.95084254,18.5600018,7,2,4,2,7,04:05,124,E06000006,6,0,6,30,3,4,6,0,0,0,4,2,2,0,0,1,1,E01012431,10-09-2018,1,1,3,1,14,3,3,5,3,0,0,-1,0,1
50873,73.92130343,18.58993456,7,3,1,1,7,08:12,124,E06000006,5,2020,6,30,3,4,6,0,0,0,1,8,2,0,0,1,1,E01012424,10-09-2018,1,1,1,1,33,6,3,0,0,0,0,-1,9,1
50874,73.95977881,18.57768897,7,2,2,2,7,12:25,127,E06000050,6,0,6,30,1,4,3,5018,0,0,1,1,2,0,0,1,1,E01018733,10-09-2018,1,1,2,2,30,6,3,0,0,1,0,-1,9,-1
50875,73.81979209,18.58347725,7,2,1,1,1,19:23,120,E06000050,6,0,6,30,0,-1,-1,0,0,0,6,1,1,0,0,1,1,E01018321,11-09-2018,2,1,1,1,20,4,3,0,0,0,0,-1,9,1
50876,73.77599821,18.61274845,7,3,2,2,1,16:15,128,E06000007,3,5080,6,50,0,-1,-1,0,0,0,1,1,1,0,0,2,1,E01012530,11-09-2018,2,1,1,1,37,7,3,0,0,0,0,-1,9,1
50877,73.82068575,18.57263148,7,3,2,1,1,19:45,127,E06000050,6,0,6,30,3,4,6,0,0,0,1,1,1,0,0,1,1,E01018694,04-09-2018,2,1,1,1,59,9,3,0,0,0,0,-1,9,1
50878,73.74208385,18.57697177,7,3,3,2,5,18:10,128,E06000007,6,0,6,30,0,-1,-1,0,0,0,1,2,2,0,0,1,1,E01012561,08-09-2018,2,1,1,2,35,6,3,0,0,0,0,-1,9,1
50879,73.90575449,18.64258271,7,2,1,1,6,14:31,127,E06000050,3,556,3,70,0,-1,5,601,0,0,1,8,2,0,0,2,1,E01018683,09-09-2018,1,1,1,1,34,6,3,0,0,0,0,-1,1,1
50880,73.75590865,18.62621587,7,3,3,2,6,12:39,127,E06000050,3,49,1,60,1,4,3,51,0,0,1,2,2,0,0,2,1,E01018723,09-09-2018,2,1,1,1,40,7,3,0,0,0,0,-1,9,-1
50881,73.89569571,18.51427982,7,3,2,1,5,16:20,127,E06000050,6,0,6,30,3,4,6,0,0,0,1,2,2,0,0,1,1,E01018746,08-09-2018,1,1,3,2,6,2,3,5,1,0,0,-1,0,-1
50882,73.74712698,18.52380189,7,2,2,2,7,11:10,127,E06000050,4,5152,6,60,0,-1,-1,0,0,0,1,1,2,0,0,2,1,E01018698,10-09-2018,1,1,1,2,26,6,3,0,0,0,0,-1,9,1
50883,73.89228035,18.61222035,7,3,1,3,7,13:50,127,E06000050,6,0,6,60,0,-1,-1,0,0,0,6,1,1,0,0,2,1,E01018680,10-09-2018,1,1,2,2,14,3,3,0,0,0,2,-1,11,1
50884,73.90119572,18.59329881,7,3,1,1,6,09:30,124,E06000006,6,0,6,30,0,-1,-1,0,0,0,1,2,2,0,0,2,2,E01012381,09-09-2018,2,1,2,1,45,7,3,0,0,0,3,-1,11,-1
50885,73.78878189,18.53814888,7,3,2,1,6,16:30,128,E06000007,1,6,3,70,0,-1,-1,0,0,0,1,1,1,0,0,2,1,E01012515,02-09-2018,2,1,1,1,31,6,3,0,0,0,0,-1,19,1
50886,73.86732486,18.52476856,7,3,2,1,1,16:28,128,E06000007,1,62,3,70,0,-1,-1,0,0,0,1,1,1,0,0,2,1,E01012469,04-09-2018,1,1,3,1,13,3,3,5,2,0,0,-1,0,-1
50887,73.85359872,18.55849665,7,1,2,6,1,01:37,122,E06000049,3,530,6,60,0,-1,-1,0,0,0,4,1,2,0,0,2,1,E01018510,11-09-2018,2,1,1,1,33,6,3,0,0,0,0,-1,9,-1
50888,73.86482823,18.56920296,7,2,3,1,4,08:03,122,E06000049,3,500,1,60,1,2,1,6,0,0,1,1,1,0,0,2,1,E01018465,07-09-2018,1,1,3,1,21,5,2,5,1,0,0,-1,0,1
50889,73.79221364,18.52776668,7,3,2,1,7,08:50,126,E06000049,5,717,6,60,0,-1,-1,0,0,0,1,8,1,0,0,2,1,E01018598,10-09-2018,2,1,1,1,39,7,3,0,0,0,0,-1,9,1
50890,73.75836864,18.53910438,7,2,1,1,5,19:00,122,E06000049,3,500,3,70,0,-1,-1,0,0,0,1,1,2,0,0,2,1,E01018494,08-09-2018,1,1,3,1,20,4,3,1,3,0,0,-1,0,1
50891,73.73727675,18.51075945,7,3,2,2,2,09:43,128,E06000007,3,49,1,30,1,4,6,0,0,0,1,1,1,0,0,1,1,E01012483,12-09-2018,1,1,3,1,12,3,3,6,9,0,0,-1,0,1
50892,73.74629745,18.49499789,7,3,2,1,2,13:30,120,E06000050,3,550,6,40,0,-1,-1,0,0,0,1,1,1,0,0,2,1,E01018367,18-07-2018,1,1,1,2,37,7,3,0,0,0,0,-1,9,1
50893,73.91061061,18.54098279,7,3,2,1,1,15:00,120,E06000050,3,5117,1,60,1,4,1,56,0,0,1,1,1,0,0,2,1,E01018360,14-08-2018,2,1,1,2,56,9,3,0,0,0,0,-1,9,1
50894,73.85042109,18.56970686,7,3,2,1,5,13:30,122,E06000049,3,530,6,60,0,-1,-1,0,0,0,1,2,2,0,0,2,1,E01018510,08-09-2018,2,1,1,1,30,6,3,0,0,0,0,-1,9,-1
50895,73.7367328,18.64454903,7,3,2,1,2,19:00,122,E06000049,6,0,6,30,3,4,3,532,0,0,1,1,1,0,0,1,2,E01018464,05-09-2018,3,2,2,2,46,8,3,0,0,1,0,-1,9,1
50896,73.96313311,18.52183107,7,3,2,3,5,17:40,121,E06000049,5,319,6,30,0,-1,-1,0,0,0,1,2,2,0,0,1,1,E01018404,08-09-2018,1,2,2,2,27,6,3,0,0,1,0,-1,9,-1
50897,73.95106929,18.62619193,7,3,2,1,7,12:39,126,E06000049,4,5085,6,60,6,4,6,0,0,0,1,1,1,0,0,2,1,E01018580,10-09-2018,2,1,1,1,36,7,3,0,0,0,0,-1,9,1
50898,73.83497868,18.49213264,7,3,1,1,7,19:11,122,E06000049,3,529,6,60,0,-1,-1,0,0,0,6,2,2,0,0,2,1,E01018515,10-09-2018,1,1,3,1,18,4,2,5,2,0,0,-1,0,-1
50899,73.89501915,18.63103353,7,3,2,1,7,07:30,122,E06000049,3,534,6,40,0,-1,-1,0,0,0,1,1,2,0,0,1,2,E01018501,10-09-2018,2,1,2,1,28,6,3,0,0,1,0,-1,9,-1
50900,73.8276739,18.49553225,7,3,2,1,7,11:00,122,E06000049,3,532,6,30,1,4,6,0,0,0,1,1,1,0,0,1,2,E01018464,10-09-2018,2,1,2,2,4,1,3,0,0,0,4,-1,11,1
50901,73.84820133,18.532145,7,3,3,1,1,12:35,122,E06000049,6,0,6,20,0,-1,6,0,0,0,1,1,1,0,0,1,2,E01018447,11-09-2018,1,1,3,1,3,1,3,5,2,0,0,-1,0,1
50902,73.73901488,18.56582499,7,3,2,1,1,13:45,127,E06000050,6,0,6,30,3,4,6,0,0,0,1,1,1,0,0,1,1,E01018426,11-09-2018,2,1,1,2,27,6,3,0,0,0,0,-1,9,1
50903,73.92142346,18.5991462,7,3,2,1,3,10:00,124,E06000006,6,0,6,30,0,-1,-1,0,0,0,1,1,1,0,0,1,2,E01012430,06-09-2018,1,1,3,1,18,4,3,5,4,0,0,-1,0,-1
50904,73.90421012,18.49804504,7,3,3,3,2,16:30,120,E06000050,3,51,6,60,0,-1,-1,0,0,0,1,1,1,0,0,2,2,E01018324,12-09-2018,1,1,1,1,26,6,3,0,0,0,0,-1,9,-1
50905,73.88355153,18.57501963,7,3,2,1,5,02:30,124,E06000006,4,5419,1,30,1,4,3,562,0,0,4,2,2,0,0,1,2,E01012441,18-08-2018,1,1,3,1,80,11,3,5,1,0,0,-1,0,1
50906,73.89522352,18.53790689,7,3,2,1,3,17:05,128,E06000007,5,1051,1,30,1,4,3,49,0,0,1,1,1,0,0,1,2,E01012480,06-09-2018,2,1,2,2,35,6,3,0,0,1,0,-1,9,2
50907,73.84798063,18.61960455,7,3,4,1,2,14:55,128,E06000007,6,0,6,30,3,4,6,0,0,0,1,1,1,0,0,1,1,E01012567,12-09-2018,1,1,3,2,5,1,2,1,3,0,0,-1,0,-1
50908,73.91656985,18.58517003,7,3,3,1,3,12:40,128,E06000007,5,1049,6,30,6,2,5,1050,0,0,1,1,1,0,0,1,2,E01012456,06-09-2018,2,1,1,2,35,6,3,0,0,0,0,-1,9,1
50909,73.73514356,18.51032959,7,3,2,1,1,09:50,126,E06000049,3,537,1,30,1,4,4,5181,0,0,1,2,2,0,0,1,1,E01018624,11-09-2018,1,1,2,2,87,11,3,0,0,1,0,-1,9,-1
50910,73.74608018,18.56080537,7,3,2,1,1,17:11,121,E06000049,1,6,3,40,0,-1,-1,0,0,0,1,1,1,4,0,2,1,E01018418,04-09-2018,1,1,1,1,66,10,3,0,0,0,0,-1,9,-1
50911,73.96036573,18.49443063,7,3,1,1,1,16:45,127,E06000050,3,56,6,30,3,4,6,0,0,0,1,1,1,0,0,2,1,E01018688,04-09-2018,2,2,1,1,41,7,3,0,0,0,0,-1,9,1
50912,73.88159156,18.60880838,7,3,2,2,7,18:45,123,E06000050,3,550,6,60,3,2,3,41,0,0,1,9,1,0,0,2,1,E01018367,16-07-2018,1,1,2,2,64,9,3,0,0,2,0,-1,9,1
50913,73.79110045,18.54213492,7,3,1,1,5,09:00,128,E06000007,6,0,6,30,0,-1,-1,0,0,0,1,1,1,0,0,1,2,E01012548,08-09-2018,1,1,3,1,11,3,3,5,3,0,0,-1,0,-1
50914,73.91676239,18.63108054,7,3,2,1,1,21:13,122,E06000049,6,0,9,40,0,-1,6,0,0,0,7,9,1,0,0,2,2,E01018444,11-09-2018,1,1,3,1,22,5,3,5,9,0,0,-1,0,1
50915,73.8008408,18.61777159,7,3,2,1,5,13:45,128,E06000007,3,5061,6,30,9,4,6,0,0,0,1,1,1,0,0,1,1,E01012456,01-09-2018,1,1,3,1,19,4,3,5,4,0,0,-1,0,-1
50916,73.8709303,18.59563147,7,3,2,2,2,16:00,123,E06000050,1,53,3,70,0,-1,1,53,0,0,1,1,1,0,0,2,1,E01018337,05-09-2018,1,1,3,1,10,2,3,5,4,0,0,-1,0,-1
50917,73.82623991,18.54588653,7,2,3,2,2,20:26,122,E06000049,3,532,6,30,9,4,6,0,0,0,4,1,1,0,0,1,1,E01018467,12-09-2018,2,1,1,1,24,5,3,0,0,0,0,-1,5,-1
50918,73.93591361,18.56395317,7,2,2,3,2,12:39,127,E06000050,3,54,6,40,0,-1,-1,0,0,0,1,1,1,0,0,2,1,E01018722,12-09-2018,1,1,2,1,40,7,3,0,0,1,0,-1,19,1
50919,73.93327346,18.53284202,7,3,2,2,2,17:21,122,E06000049,5,633,6,40,3,4,5,609,0,0,1,1,1,0,0,2,1,E01018470,12-09-2018,1,1,3,1,31,6,3,5,1,0,0,-1,0,1
50920,73.74305812,18.62132919,7,3,1,2,2,21:35,128,E06000007,6,0,6,30,0,-1,-1,0,0,0,4,1,1,0,0,1,1,E01012453,12-09-2018,1,1,3,2,19,4,3,1,4,0,0,-1,0,-1
50921,73.82104266,18.62686428,7,3,2,2,1,15:53,127,E06000050,4,5152,6,60,3,4,6,0,0,0,1,1,1,0,0,2,1,E01018684,11-09-2018,2,1,1,1,55,8,3,0,0,0,0,-1,1,1
50922,73.79417535,18.53443781,7,3,2,2,6,12:15,128,E06000007,6,0,6,30,3,4,3,574,0,0,1,1,2,0,0,1,2,E01012453,09-09-2018,2,1,1,1,37,7,3,0,0,0,0,-1,9,1
50923,73.74593304,18.52919359,7,3,2,1,3,08:30,128,E06000007,1,6,3,70,0,-1,-1,0,0,0,1,1,2,0,0,2,1,E01012551,06-09-2018,2,2,2,2,36,7,3,0,0,1,0,-1,9,1
50924,73.91192203,18.49039758,7,3,3,1,3,09:10,124,E06000006,3,562,3,50,0,-1,-1,0,0,0,1,1,1,0,0,2,1,E01012443,13-09-2018,2,1,1,1,40,7,3,0,0,0,0,-1,1,-1
50925,73.88495373,18.61855979,7,3,2,1,2,16:00,128,E06000007,3,57,1,30,1,4,3,49,0,0,1,1,1,0,0,1,2,E01012480,12-09-2018,2,1,1,1,40,7,3,0,0,0,0,-1,8,1
50926,73.78474749,18.50325046,7,3,5,5,6,16:35,126,E06000049,1,6,3,70,0,-1,-1,0,0,0,1,1,1,0,0,2,1,E01018648,09-09-2018,2,2,2,2,41,7,3,0,0,2,0,-1,8,1
50927,73.91708345,18.62197442,7,3,2,1,4,11:35,128,E06000007,6,0,6,30,3,4,6,0,0,0,1,1,1,0,0,1,1,E01012498,14-09-2018,2,3,2,1,5,1,3,0,0,2,0,-1,8,1
50928,73.76231724,18.49330011,7,3,2,1,2,18:30,128,E06000007,1,6,3,70,0,-1,-1,0,0,0,1,1,1,0,0,2,1,E01012515,12-09-2018,2,1,2,2,55,8,3,0,0,1,0,-1,9,1
50929,73.88421222,18.64701171,7,3,1,1,5,13:50,122,E06000049,3,530,6,30,7,2,3,51,0,5,1,2,2,6,0,1,1,E01018451,08-09-2018,1,1,3,2,65,9,3,5,1,0,0,-1,0,-1
50930,73.93730928,18.64217345,7,2,3,3,3,18:11,128,E06000007,1,62,3,70,0,-1,-1,0,0,0,1,1,1,0,0,2,1,E01012472,13-09-2018,2,1,1,1,19,4,3,0,0,0,0,-1,9,1
50931,73.91282348,18.55458843,7,3,3,4,3,21:30,128,E06000007,3,56,6,60,3,4,6,0,0,0,4,1,1,0,0,2,1,E01012502,13-09-2018,2,1,1,2,26,6,3,0,0,0,0,-1,9,1
50932,73.86245259,18.5749089,7,3,2,1,4,08:24,128,E06000007,3,574,6,60,0,-1,-1,0,0,0,1,1,1,0,0,1,1,E01012545,14-09-2018,2,2,2,2,10,2,3,0,0,2,0,-1,9,1
50933,73.76197569,18.54018787,7,3,2,1,4,17:30,127,E06000050,6,0,6,60,6,4,5,611,0,0,1,1,1,0,0,2,1,E01018733,14-09-2018,2,3,2,2,10,2,3,0,0,1,0,-1,9,1
50934,73.88829367,18.59492179,7,3,2,3,2,16:10,120,E06000050,5,801,6,30,6,3,6,0,0,0,1,1,1,0,0,1,1,E01018385,12-09-2018,2,4,2,2,10,2,3,0,0,2,0,-1,9,1
50935,73.89381452,18.48815187,7,3,2,1,4,07:45,124,E06000006,6,0,6,30,0,-1,-1,0,0,0,1,1,2,0,0,2,1,E01012386,14-09-2018,2,1,1,2,32,6,3,0,0,0,0,-1,9,1
50936,73.81844381,18.60900371,7,3,2,5,3,17:10,120,E06000050,5,217,6,60,0,-1,-1,0,0,0,1,1,1,0,0,2,1,E01018360,13-09-2018,2,2,2,2,12,3,3,0,0,1,0,-1,9,1
50937,73.76778955,18.52889409,7,3,2,1,4,09:22,120,E06000050,3,55,3,70,0,-1,-1,0,0,0,1,1,1,0,0,2,1,E01018335,14-09-2018,1,1,3,2,14,3,2,5,1,0,0,-1,0,-1
50938,73.86187189,18.56442249,7,2,1,1,7,22:05,122,E06000049,6,0,6,30,0,-1,-1,0,0,0,4,1,2,0,0,1,1,E01018484,03-09-2018,1,1,3,1,30,6,3,5,2,0,0,-1,0,-1
50939,73.87250467,18.64017308,7,3,1,1,1,16:30,121,E06000049,1,6,3,70,0,-1,-1,0,0,0,1,1,1,0,0,2,1,E01018433,11-09-2018,2,1,1,1,34,6,3,0,0,0,0,-1,9,1
50940,73.88003633,18.60120547,7,3,3,2,2,17:10,122,E06000049,3,532,6,40,1,4,3,530,0,0,1,1,1,0,0,2,2,E01018482,12-09-2018,2,1,1,1,58,9,3,0,0,0,0,-1,8,1
50941,73.86491207,18.58240746,7,3,1,4,2,19:55,121,E06000049,3,34,6,60,0,-1,-1,0,0,0,6,1,1,0,0,2,1,E01018393,12-09-2018,3,2,1,1,49,8,3,0,0,0,0,-1,9,-1
50942,73.82511235,18.57956542,7,3,2,1,3,15:54,126,E06000049,3,34,1,70,1,4,3,555,0,0,1,1,1,0,0,2,1,E01018593,13-09-2018,4,3,1,1,49,8,3,0,0,0,0,-1,9,1
50943,73.8746263,18.52645601,7,3,2,1,3,18:40,126,E06000049,3,5033,6,30,3,1,6,0,0,8,1,1,1,0,0,1,2,E01018604,13-09-2018,5,4,1,1,48,8,3,0,0,0,0,-1,9,1
50944,73.87637932,18.64204858,7,3,3,1,3,16:00,121,E06000049,3,50,6,40,0,-1,-1,0,0,0,1,1,1,0,0,2,1,E01018417,13-09-2018,2,1,1,2,35,6,3,0,0,0,0,-1,9,1
50945,73.86612429,18.54479241,7,3,1,2,3,09:15,126,E06000049,6,0,6,30,7,4,6,0,0,5,1,1,1,0,0,1,1,E01018602,13-09-2018,2,1,1,1,28,6,3,0,0,0,0,-1,1,-1
50946,73.85380466,18.53007079,7,3,1,1,5,11:57,124,E06000006,3,557,3,70,0,-1,-1,0,0,0,1,1,2,0,0,2,1,E01006503,15-09-2018,1,1,2,1,21,5,3,0,0,0,4,-1,11,1
50947,73.91290825,18.55397402,7,3,2,2,5,07:15,124,E06000006,4,5155,6,30,3,4,6,0,0,0,1,2,2,0,0,1,1,E01012430,15-09-2018,1,1,3,1,25,5,3,10,9,0,0,-1,0,1
50948,73.78431477,18.52371486,7,3,2,1,4,18:27,122,E06000049,3,500,9,60,0,-1,3,530,0,0,7,9,1,0,0,2,1,E01018455,14-09-2018,1,1,1,1,30,6,3,0,0,0,0,-1,19,1
50949,73.90344894,18.56111122,7,3,1,2,5,12:20,128,E06000007,3,49,3,70,0,-1,-1,0,0,0,1,1,2,0,0,2,1,E01012468,15-09-2018,2,2,1,1,42,7,3,0,0,0,0,-1,19,1
50950,73.83909015,18.62292958,7,3,2,1,3,22:00,123,E06000050,6,0,6,30,3,4,6,0,0,0,4,1,1,0,0,1,1,E01018552,13-09-2018,1,1,3,1,35,6,3,1,1,0,0,-1,0,-1
50951,73.94912881,18.53272294,7,3,1,1,5,08:30,127,E06000050,4,5152,6,40,0,-1,-1,0,0,0,1,2,2,0,0,2,1,E01018684,15-09-2018,2,1,1,2,25,5,3,0,0,0,0,-1,9,1
50952,73.89678992,18.55092513,7,3,2,1,5,19:45,128,E06000007,3,5061,3,30,3,4,6,0,0,0,4,2,2,0,0,1,1,E01012510,15-09-2018,1,1,3,1,13,3,3,2,1,0,0,-1,0,1
50953,73.823669,18.6385089,7,3,2,1,5,17:45,128,E06000007,6,0,6,30,0,-1,-1,0,0,0,1,2,2,0,0,1,1,E01012534,15-09-2018,2,1,1,2,32,6,3,0,0,0,0,-1,9,1
50954,73.74472003,18.62974796,7,2,3,3,5,17:29,120,E06000050,3,41,6,60,0,-1,-1,0,0,0,1,2,2,0,0,2,1,E01018360,15-09-2018,1,1,1,1,29,6,3,0,0,0,0,-1,9,1
50955,73.86191171,18.50567867,7,3,3,1,6,08:35,124,E06000006,3,562,3,70,5,4,6,0,0,0,1,1,1,0,0,2,1,E01012389,16-09-2018,2,2,1,1,32,6,3,0,0,0,0,-1,9,1
50956,73.84471728,18.54117974,7,3,1,1,5,08:49,127,E06000050,3,530,6,60,0,-1,-1,0,0,0,1,2,2,0,0,2,1,E01018680,15-09-2018,2,1,1,1,27,6,3,0,0,0,0,-1,9,1
50957,73.83728198,18.54501994,7,3,3,1,4,09:36,128,E06000007,1,6,3,70,0,-1,-1,0,0,0,1,1,1,0,0,2,1,E01012551,14-09-2018,2,1,1,1,35,6,3,0,0,0,0,-1,1,-1
50958,73.88716811,18.62922514,7,3,2,10,5,10:10,122,E06000049,6,0,6,60,0,-1,-1,0,0,0,1,2,2,0,0,2,1,E01018465,15-09-2018,2,1,1,1,51,8,3,0,0,0,0,-1,9,1
50959,73.86695059,18.62728053,7,3,3,1,5,07:40,122,E06000049,4,5074,6,60,0,-1,-1,0,0,0,1,2,2,0,0,2,1,E01018480,15-09-2018,1,1,3,1,21,5,3,5,3,0,0,-1,0,1
50960,73.73505969,18.49543675,7,3,2,1,5,17:25,122,E06000049,6,0,6,60,0,-1,-1,0,0,0,1,2,2,0,0,2,1,E01018449,15-09-2018,1,1,1,2,30,6,3,0,0,0,0,-1,9,1
50961,73.82214883,18.60478444,7,3,2,2,6,08:15,128,E06000007,3,50,6,30,3,2,6,0,0,4,1,1,2,0,0,1,1,E01012523,16-09-2018,1,1,2,2,30,6,3,0,0,2,0,-1,9,-1
50962,73.79998553,18.59511728,7,3,1,1,6,09:00,128,E06000007,3,56,6,60,0,-1,-1,0,0,0,1,1,1,0,0,2,1,E01012502,16-09-2018,2,1,1,2,58,9,3,0,0,0,0,-1,9,1
50963,73.90414137,18.57974362,7,3,1,1,7,00:59,120,E06000050,3,550,6,60,3,2,3,5117,0,0,4,2,2,0,0,2,1,E01018367,17-09-2018,2,1,1,1,38,7,3,0,0,0,0,-1,9,1
50964,73.77154723,18.60583148,7,2,2,2,7,05:39,124,E06000006,3,557,3,40,7,2,3,562,0,0,1,1,1,0,0,1,1,E01012441,17-09-2018,1,1,3,1,27,6,3,4,9,0,0,-1,0,-1
50965,73.86364972,18.53044056,7,3,2,7,7,11:26,128,E06000007,5,1022,6,30,3,4,6,0,0,0,1,1,1,0,0,1,1,E01012493,17-09-2018,2,1,1,1,35,6,3,0,0,0,0,-1,9,-1
50966,73.74723058,18.54385541,7,3,2,1,7,16:55,128,E06000007,3,5080,1,30,1,4,3,562,0,0,1,1,1,0,0,1,1,E01012530,17-09-2018,1,1,2,2,48,8,3,0,0,0,4,-1,11,-1
50967,73.94265693,18.55561569,7,3,2,1,7,22:39,128,E06000007,5,1051,6,30,0,-1,-1,0,0,0,1,1,1,0,0,1,1,E01012480,17-09-2018,1,1,1,1,19,4,3,0,0,0,0,-1,9,1
50968,73.83365969,18.63775285,7,3,2,1,6,16:30,128,E06000007,5,1004,6,60,0,-1,6,0,0,0,1,1,1,0,0,2,1,E01012468,16-09-2018,1,2,2,1,18,4,3,0,0,1,0,-1,9,-1
50969,73.92513327,18.61196263,7,3,3,1,6,10:55,120,E06000050,3,483,3,70,0,-1,-1,0,0,0,1,1,1,0,0,2,1,E01018335,16-09-2018,2,3,1,1,26,6,3,0,0,0,0,-1,9,1
50970,73.85107785,18.51935385,7,3,2,2,6,17:40,127,E06000050,6,0,6,60,6,4,6,0,0,0,1,1,1,0,0,1,1,E01018718,16-09-2018,2,4,2,1,27,6,3,0,0,1,0,-1,9,1
50971,73.85679072,18.49765336,7,3,1,1,1,22:51,120,E06000050,3,5117,1,50,1,4,3,540,0,0,4,1,1,0,0,2,1,E01018367,18-09-2018,1,1,2,2,70,10,3,0,0,0,3,-1,11,-1
50972,73.9619175,18.52606413,7,3,1,1,7,19:30,120,E06000050,3,41,3,50,6,4,6,0,0,0,4,1,1,0,0,1,1,E01018358,17-09-2018,2,1,1,2,48,8,3,0,0,0,0,-1,9,1
50973,73.79075365,18.57459123,7,3,1,1,3,17:45,128,E06000007,6,0,3,30,0,-1,-1,0,0,0,1,1,1,0,0,2,2,E01012516,13-09-2018,2,1,2,2,50,8,3,0,0,0,4,-1,11,-1
50974,73.9342222,18.57596572,7,3,2,1,5,12:30,128,E06000007,5,163,1,30,1,4,3,6144,0,0,1,1,1,0,0,2,2,E01012516,15-09-2018,2,1,1,1,41,7,3,0,0,0,0,-1,4,1
50975,73.82669835,18.51535405,7,3,2,1,4,08:30,128,E06000007,3,50,6,30,0,-1,-1,0,0,0,1,1,1,0,0,1,2,E01012478,07-09-2018,1,1,3,1,35,6,2,5,3,0,0,-1,0,-1
50976,73.85074973,18.62718864,7,3,2,1,5,17:45,120,E06000050,3,55,3,70,0,-1,-1,0,0,0,1,1,2,0,0,2,1,E01018335,15-09-2018,1,1,3,1,26,6,3,9,9,0,0,-1,0,-1
50977,73.79640981,18.4886036,7,2,1,1,5,13:16,120,E06000050,1,56,3,70,0,-1,-1,0,0,0,1,2,2,0,0,2,1,E01018360,15-09-2018,1,1,3,1,40,7,3,5,1,0,0,-1,0,-1
50978,73.95025105,18.6308966,7,3,2,1,6,20:31,127,E06000050,4,5153,6,30,3,4,6,0,0,0,4,1,1,0,0,2,1,E01018727,16-09-2018,1,1,2,2,50,8,3,0,0,0,3,-1,11,1
50979,73.79514514,18.63791098,7,3,3,1,5,18:00,127,E06000050,3,5018,1,60,1,4,6,0,0,0,1,2,1,0,0,1,1,E01018747,15-09-2018,1,1,3,2,82,11,3,1,1,0,0,-1,0,1
50980,73.8407195,18.50055571,7,3,2,2,6,21:11,123,E06000050,3,550,6,60,3,4,6,0,0,0,4,8,2,0,0,2,1,E01018570,16-09-2018,1,2,1,1,37,7,3,0,0,0,0,-1,3,1
50981,73.89727439,18.61374959,7,3,2,1,1,11:00,126,E06000049,3,537,6,40,0,-1,-1,0,0,0,1,1,1,0,0,2,1,E01018597,04-09-2018,1,1,2,2,22,5,3,0,0,1,0,-1,9,-1