Accident_Index,longitude,latitude,Police_Force,Accident_Severity,Number_of_Vehicles,Number_of_Casualties,Day_of_Week,Time,Local_Authority_(District),Local_Authority_(Highway),1st_Road_Class,1st_Road_Number,Road_Type,Speed_limit,Junction_Detail,Junction_Control,2nd_Road_Class,2nd_Road_Number,Pedestrian_Crossing-Human_Control,Pedestrian_Crossing-Physical_Facilities,Light_Conditions,Weather_Conditions,Road_Surface_Conditions,Special_Conditions_at_Site,Carriageway_Hazards,Urban_or_Rural_Area,Did_Police_Officer_Attend_Scene_of_Accident,LSOA_of_Accident_Location,Date,Vehicle_Reference,Casualty_Reference,Casualty_Class,Sex_of_Casualty,Age_of_Casualty,Age_Band_of_Casualty,Casualty_Severity,Pedestrian_Location,Pedestrian_Movement,Car_Passenger,Bus_or_Coach_Passenger,Pedestrian_Road_Maintenance_Worker,Casualty_Type,Casualty_Home_Area_Type
50982,73.83530648,18.59900179,7,3,3,1,5,17:20,128,E06000007,1,6,3,70,0,-1,-1,0,0,0,1,2,2,0,0,2,1,E01012541,15-09-2018,1,2,2,2,2,1,3,0,0,2,0,-1,9,-1
50983,73.79675003,18.51269711,7,2,2,1,6,12:15,127,E06000050,1,56,3,70,0,-1,-1,0,0,0,1,1,1,0,0,2,1,E01018689,16-09-2018,1,1,3,1,21,5,2,5,3,0,0,-1,0,-1
50984,73.85685487,18.52031326,7,3,2,1,5,17:45,122,E06000049,3,532,6,30,3,4,6,0,0,0,1,2,2,0,0,1,2,E01018466,15-09-2018,1,1,3,2,45,7,2,5,3,0,0,-1,0,-1
50985,73.90352945,18.61775476,7,3,2,2,4,07:35,124,E06000006,3,533,7,30,1,4,6,0,0,0,1,1,2,0,0,1,1,E01012409,14-09-2018,2,1,1,1,52,8,3,0,0,0,0,-1,9,1
50986,73.79800911,18.54860245,7,3,2,1,2,15:50,128,E06000007,3,49,6,30,3,2,3,49,0,5,1,1,1,0,0,1,2,E01012456,12-09-2018,2,2,2,1,27,6,3,0,0,1,0,-1,9,1
50987,73.9029687,18.59238092,7,3,3,1,6,09:07,127,E06000050,3,54,3,40,0,-1,-1,0,0,0,1,1,1,0,0,1,1,E01018746,16-09-2018,1,1,3,2,11,3,3,6,9,0,0,-1,0,1
50988,73.75478181,18.53079876,7,3,2,1,6,07:44,127,E06000050,6,0,6,30,0,-1,-1,0,0,0,1,1,1,0,0,1,1,E01018747,16-09-2018,2,1,1,1,32,6,3,0,0,0,0,-1,9,1
50989,73.94202354,18.50595299,7,3,2,1,5,16:10,120,E06000050,3,51,6,60,3,4,6,0,0,0,1,2,2,0,0,2,1,E01018370,15-09-2018,2,2,2,1,28,6,3,0,0,2,0,-1,9,1
50990,73.91366874,18.59710581,7,3,2,2,5,07:10,128,E06000007,3,56,6,30,0,-1,-1,0,0,0,7,2,2,0,0,2,2,E01012513,15-09-2018,2,3,2,1,32,6,3,0,0,1,0,-1,9,1
50991,73.89247138,18.62071693,7,3,2,1,3,08:00,128,E06000007,6,0,6,30,0,-1,-1,0,0,0,1,1,1,0,0,2,2,E01012562,16-08-2018,2,4,2,1,30,6,3,0,0,2,0,-1,9,1
50992,73.76098451,18.50935181,7,2,1,5,2,06:44,124,E06000006,6,0,6,60,0,-1,-1,0,0,0,1,1,1,0,0,1,1,E01012438,19-09-2018,2,1,2,1,71,10,3,0,0,1,0,-1,9,-1
50993,73.82963573,18.61085101,7,3,2,1,2,08:40,128,E06000007,1,6,3,70,0,-1,-1,0,0,0,1,1,1,0,0,2,1,E01012551,19-09-2018,1,1,3,2,25,5,3,9,8,0,0,-1,0,-1
50994,73.76117228,18.57401429,7,3,1,1,7,14:00,124,E06000006,6,0,6,30,3,4,5,2000,0,0,1,1,1,0,0,1,2,E01012378,17-09-2018,1,1,3,1,37,7,3,1,3,0,0,-1,0,1
50995,73.95781344,18.55121943,7,3,2,1,2,16:55,126,E06000049,6,0,3,60,1,4,5,465,0,0,1,1,1,0,0,1,2,E01018631,12-09-2018,1,1,3,1,32,6,2,4,1,0,0,-1,0,1
50996,73.74770139,18.5935164,7,3,2,1,5,17:20,122,E06000049,3,5020,6,30,7,2,6,0,0,0,1,2,2,0,0,1,2,E01018501,15-09-2018,2,1,1,1,59,9,3,0,0,0,0,-1,3,1
50997,73.73885299,18.51510789,7,3,3,1,5,19:17,126,E06000049,6,0,6,30,8,4,6,0,0,0,4,2,2,0,0,1,1,E01018600,15-09-2018,2,1,2,2,18,4,3,0,0,2,0,-1,9,1
50998,73.7904745,18.56349,7,3,2,1,1,20:58,128,E06000007,3,562,3,30,3,4,6,0,0,4,4,1,1,0,0,1,1,E01012527,18-09-2018,1,1,1,2,65,9,3,0,0,0,0,-1,9,1
50999,73.81665254,18.60455803,7,3,2,1,6,06:45,121,E06000049,3,50,6,30,6,2,3,54,0,4,1,1,2,0,0,2,1,E01018416,16-09-2018,2,2,1,2,54,8,3,0,0,0,0,-1,9,1
51000,73.90338291,18.58497523,7,3,2,1,3,17:53,120,E06000050,3,548,6,30,6,2,3,5480,0,0,1,1,1,0,0,1,1,E01018330,20-09-2018,1,1,2,2,23,5,3,0,0,1,0,-1,9,1
51001,73.75284098,18.49437718,7,3,2,1,3,08:42,120,E06000050,6,0,6,60,8,4,6,0,0,0,1,1,2,0,0,2,1,E01018324,20-09-2018,1,1,1,1,21,5,3,0,0,0,0,-1,9,1
51002,73.87576066,18.57566833,7,3,3,2,2,15:30,121,E06000049,3,34,6,60,0,-1,5,304,0,0,1,1,1,0,0,2,2,E01029773,12-09-2018,2,2,1,2,42,7,3,0,0,0,0,-1,9,1
51003,73.9145702,18.58502363,7,3,2,1,6,07:00,126,E06000049,6,0,6,30,3,4,3,536,0,0,1,1,1,0,0,1,1,E01018634,16-09-2018,1,1,2,1,66,10,3,0,0,1,0,-1,9,3
51004,73.81850974,18.59697961,7,3,3,1,6,10:57,126,E06000049,3,34,1,30,1,4,3,34,0,0,1,1,1,0,0,2,1,E01018574,16-09-2018,1,1,1,1,27,6,2,0,0,0,0,-1,1,-1
51005,73.75801184,18.64365824,7,3,2,3,6,08:40,121,E06000049,3,533,6,30,6,2,6,0,0,5,1,1,1,0,0,1,1,E01018437,16-09-2018,2,1,1,1,23,5,3,0,0,0,0,-1,1,1
51006,73.80594351,18.55269671,7,3,2,1,6,19:25,121,E06000049,3,34,6,40,0,-1,-1,0,0,0,4,1,1,0,0,1,1,E01018417,16-09-2018,2,1,1,2,25,5,3,0,0,0,0,-1,9,1
51007,73.7720416,18.624846,7,3,2,4,4,21:20,124,E06000006,6,0,6,30,6,4,6,0,0,0,4,1,1,0,0,1,1,E01012400,21-09-2018,2,2,2,2,3,1,3,0,0,2,0,-1,9,1
51008,73.94488596,18.55743839,7,2,2,2,1,13:35,128,E06000007,3,56,6,30,3,4,6,0,0,4,1,1,1,0,0,2,1,E01012513,18-09-2018,2,3,2,2,2,1,3,0,0,2,0,-1,9,1
51009,73.80173588,18.55172417,7,3,3,1,4,14:39,120,E06000050,3,5115,6,30,3,4,6,0,0,0,1,1,1,0,0,1,1,E01018319,21-09-2018,2,4,2,2,6,2,3,0,0,2,0,-1,9,1
51010,73.74855497,18.52474121,7,3,2,1,4,16:42,127,E06000050,3,559,6,30,3,4,6,0,0,0,1,1,1,0,0,1,1,E01018709,21-09-2018,2,1,2,2,48,8,3,0,0,0,4,-1,11,1
51011,73.82893725,18.58077152,7,3,2,1,2,15:55,120,E06000050,6,0,6,40,3,4,6,0,0,0,1,1,1,0,0,1,1,E01018380,19-09-2018,3,1,1,1,45,7,3,0,0,0,0,-1,9,1
51012,73.75356255,18.62411921,7,3,2,1,6,16:10,126,E06000049,4,5087,3,30,5,4,6,0,0,0,1,1,1,0,0,1,2,E01018573,16-09-2018,4,2,1,2,34,6,2,0,0,0,0,-1,9,1
51013,73.78564429,18.60458054,7,3,2,1,7,10:00,126,E06000049,3,537,6,30,6,2,6,0,0,1,1,1,1,0,0,1,1,E01018624,17-09-2018,2,1,2,1,14,3,3,0,0,1,0,-1,9,1
51014,73.84962401,18.5268519,7,3,2,1,6,22:09,126,E06000049,6,0,6,30,0,-1,-1,0,0,0,4,1,1,0,0,1,1,E01005807,16-09-2018,2,1,1,1,23,5,3,0,0,0,0,-1,9,1
51015,73.96228326,18.60612078,7,3,1,1,7,18:13,122,E06000049,5,553,6,30,9,4,6,0,0,0,1,1,1,0,0,1,1,E01018445,17-09-2018,2,1,1,1,62,9,3,0,0,0,0,-1,9,1
51016,73.90324501,18.4904833,7,2,1,1,7,16:25,122,E06000049,3,5078,6,30,0,-1,6,0,0,4,1,1,1,0,0,1,1,E01018486,17-09-2018,2,2,2,2,27,6,3,0,0,1,0,-1,9,1
51017,73.8741753,18.55725004,7,3,2,1,4,14:30,124,E06000006,3,5080,6,50,6,4,6,0,0,0,1,1,1,0,0,2,2,E01012392,14-09-2018,2,1,1,1,66,10,3,0,0,0,0,-1,9,1
51018,73.92411271,18.52767842,7,3,2,2,3,07:32,122,E06000049,5,527,6,30,6,4,6,0,0,0,1,1,2,0,0,1,1,E01018485,20-09-2018,2,1,2,1,39,7,2,0,0,1,0,-1,9,-1
51019,73.90541251,18.52150754,7,2,2,1,4,17:41,126,E06000049,6,0,6,30,0,-1,-1,0,0,0,1,1,1,0,0,2,1,E01018587,21-09-2018,1,1,1,2,49,8,3,0,0,0,0,-1,9,1
51020,73.85124623,18.54215776,7,3,2,1,4,23:40,122,E06000049,1,6,3,70,0,-1,-1,0,0,0,4,1,1,4,0,2,1,E01018465,13-07-2018,2,2,1,1,74,10,3,0,0,0,0,-1,9,1
51021,73.74029325,18.52369427,7,2,1,1,5,02:30,120,E06000050,3,41,6,60,3,4,6,0,0,0,6,1,1,0,0,2,1,E01018371,22-09-2018,2,1,1,1,36,7,3,0,0,0,0,-1,9,-1
51022,73.8896269,18.54365663,7,2,1,1,3,00:01,128,E06000007,6,0,6,30,0,-1,-1,0,0,0,1,1,1,0,0,1,1,E01012544,20-09-2018,1,1,1,2,26,6,3,0,0,0,0,-1,9,1
51023,73.85797544,18.48815977,7,3,2,3,4,17:00,123,E06000050,3,41,3,40,3,2,3,550,0,0,1,1,1,0,0,2,2,E01018570,14-09-2018,2,1,1,1,26,6,3,0,0,0,0,-1,9,1
51024,73.80129271,18.58475746,7,3,2,1,5,19:56,124,E06000006,6,0,6,30,0,-1,-1,0,0,0,4,1,1,0,0,1,1,E01012370,22-09-2018,1,1,1,2,59,9,3,0,0,0,0,-1,9,1
51025,73.77235976,18.53209221,7,2,1,1,5,08:30,124,E06000006,5,2000,6,30,3,4,6,0,0,0,1,1,1,0,0,1,1,E01012378,22-09-2018,2,2,1,1,50,8,3,0,0,0,0,-1,9,1
51026,73.91385617,18.54233549,7,3,1,1,5,11:00,123,E06000050,6,0,1,60,2,4,6,0,0,0,1,2,2,0,0,2,1,E01018564,15-09-2018,1,1,2,2,36,7,3,0,0,1,0,-1,8,-1
51027,73.792915,18.54714256,7,3,2,1,5,15:00,128,E06000007,1,6,3,70,0,-1,-1,0,0,0,1,1,1,0,0,2,1,E01012515,22-09-2018,2,1,1,1,63,9,3,0,0,0,0,-1,1,-1
51028,73.84608887,18.63405347,7,2,1,1,5,08:47,120,E06000050,3,483,6,60,3,4,5,206,0,0,1,1,1,0,0,2,1,E01018335,22-09-2018,1,1,3,2,38,7,3,4,4,0,0,-1,0,1
51029,73.84349041,18.63979563,7,3,3,5,7,13:45,128,E06000007,6,0,6,30,0,-1,-1,0,0,0,1,1,1,0,0,2,1,E01012563,24-09-2018,1,1,2,2,47,8,3,0,0,1,0,-1,9,1
51030,73.76526335,18.52923138,7,3,2,4,6,17:05,124,E06000006,5,2015,6,30,3,4,6,0,0,0,1,1,1,0,0,1,1,E01012422,23-09-2018,2,1,1,1,10,2,3,0,0,0,0,-1,1,1
51031,73.84411436,18.59266453,7,2,1,1,1,02:20,120,E06000050,3,483,3,30,1,2,6,0,0,4,4,1,1,0,0,1,1,E01018326,25-09-2018,2,1,1,1,46,8,3,0,0,0,0,-1,4,1
51032,73.93757681,18.60658113,7,3,2,1,6,11:30,127,E06000050,3,54,2,60,8,4,6,0,0,0,1,1,2,0,0,2,1,E01018737,23-09-2018,1,1,2,2,38,7,3,0,0,1,0,-1,9,1
51033,73.83923336,18.60254316,7,2,1,1,7,07:10,120,E06000050,6,0,6,30,0,-1,-1,0,0,0,1,1,1,0,0,1,1,E01018326,24-09-2018,1,1,3,1,4,1,3,5,1,0,0,-1,0,1
51034,73.73850267,18.61937981,7,3,1,1,1,17:30,124,E06000006,3,56,6,30,0,-1,-1,0,0,0,1,1,2,0,0,2,1,E01012385,25-09-2018,1,1,1,1,35,6,3,0,0,0,0,-1,9,1
51035,73.9193124,18.55625245,7,2,2,1,7,10:05,128,E06000007,3,49,3,30,3,2,6,0,0,8,1,1,1,0,0,1,1,E01012454,24-09-2018,2,1,1,1,18,4,3,0,0,0,0,-1,3,1
51036,73.8183557,18.56875221,7,3,2,2,5,11:00,127,E06000050,5,632,6,30,0,-1,-1,0,0,0,1,1,1,0,0,2,2,E01018724,22-09-2018,2,1,1,2,37,7,3,0,0,0,0,-1,9,1
51037,73.77673037,18.64656225,7,3,2,4,6,16:48,128,E06000007,5,1015,6,40,3,4,6,0,0,0,1,2,2,0,0,1,1,E01012539,23-09-2018,2,1,1,1,43,7,3,0,0,0,0,-1,9,1
51038,73.87604171,18.55260064,7,2,1,1,2,15:33,128,E06000007,3,49,3,30,9,4,6,0,0,0,1,1,1,0,0,1,2,E01012456,19-09-2018,2,2,2,1,42,7,3,0,0,1,0,-1,9,1
51039,73.76381299,18.57072421,7,2,1,2,6,21:35,122,E06000049,5,522,6,60,0,-1,-1,0,0,0,6,1,2,0,0,2,2,E01018465,23-09-2018,2,3,2,1,1,1,3,0,0,2,0,-1,9,1
51040,73.91220891,18.50112871,7,3,3,1,5,17:50,121,E06000049,5,319,6,30,0,-1,-1,0,0,0,1,2,2,0,0,1,1,E01018404,25-08-2018,2,4,2,2,30,6,3,0,0,2,0,-1,9,1
51041,73.7653733,18.57719429,7,3,2,1,1,16:50,122,E06000049,5,518,6,60,0,-1,-1,0,0,0,1,1,1,0,0,2,2,E01018480,04-09-2018,1,1,3,1,36,7,3,6,6,0,0,-1,0,1
51042,73.84436195,18.49780501,7,3,2,1,5,18:19,127,E06000050,1,6,3,70,0,-1,-1,0,0,0,1,1,1,0,0,2,1,E01018414,22-09-2018,1,1,1,1,22,5,2,0,0,0,0,-1,3,-1
51043,73.88273193,18.55265489,7,3,1,1,5,22:05,121,E06000049,5,319,6,40,9,4,6,0,0,0,1,1,2,0,0,2,1,E01018406,15-09-2018,2,1,1,1,24,5,3,0,0,0,0,-1,9,1
51044,73.90954708,18.63641991,7,3,1,1,4,18:20,122,E06000049,3,534,7,30,0,-1,-1,0,0,0,1,1,1,0,0,1,2,E01018445,21-09-2018,2,2,2,2,8,2,3,0,0,1,0,-1,9,1
51045,73.95479042,18.6226787,7,3,1,1,5,19:10,122,E06000049,3,5078,6,30,9,4,3,5019,0,0,4,1,1,0,0,1,1,E01018464,22-09-2018,2,1,1,1,35,6,3,0,0,0,0,-1,1,1
51046,73.82389426,18.53687845,7,1,2,1,1,18:15,127,E06000050,5,618,6,40,0,-1,-1,0,0,0,1,1,1,0,0,2,1,E01018675,25-09-2018,2,1,1,1,56,9,3,0,0,0,0,-1,9,1
51047,73.79272661,18.5077649,7,3,2,1,5,09:02,122,E06000049,3,532,6,30,0,-1,-1,0,0,0,1,1,1,0,0,1,1,E01018501,22-09-2018,2,1,2,2,25,5,3,0,0,2,0,-1,9,1
51048,73.8309472,18.60414488,7,2,1,1,3,06:15,128,E06000007,3,57,6,40,3,4,6,0,0,0,4,1,2,0,0,1,1,E01012553,27-09-2018,2,1,1,1,35,6,3,0,0,0,0,-1,19,1
51049,73.7759159,18.49391973,7,3,2,1,5,14:45,126,E06000049,4,5087,6,30,0,-1,-1,0,0,0,1,1,1,0,0,1,1,E01018620,22-09-2018,3,2,1,2,21,5,3,0,0,0,0,-1,9,1
51050,73.80199739,18.56400136,7,3,2,2,7,17:00,127,E06000050,6,0,6,60,3,4,3,556,0,0,1,1,1,0,0,2,1,E01018718,03-09-2018,1,1,1,1,36,7,3,0,0,0,0,-1,9,1
51051,73.75572629,18.56470726,7,3,3,2,2,18:59,120,E06000050,3,5117,1,60,1,4,1,56,0,0,4,2,2,0,0,2,1,E01018360,26-09-2018,1,2,2,2,22,5,3,0,0,1,0,-1,9,1
51052,73.82359453,18.57736689,7,2,1,1,2,15:55,127,E06000050,6,0,6,30,0,-1,-1,0,0,0,1,1,1,0,0,2,1,E01018690,26-09-2018,1,1,3,2,40,7,2,5,3,0,0,-1,0,1
51053,73.75171035,18.56803689,7,3,1,1,3,13:30,126,E06000049,1,56,2,70,5,4,6,0,0,0,1,1,1,0,0,2,1,E01018648,20-09-2018,2,1,1,1,50,8,2,0,0,0,0,-1,3,1
51054,73.89939696,18.57119832,7,3,2,1,6,18:40,120,E06000050,1,53,2,70,5,4,6,0,0,0,1,1,2,0,0,2,1,E01018337,23-09-2018,1,1,3,2,61,9,3,5,3,0,0,-1,0,1
51055,73.88198359,18.62578793,7,3,2,1,6,02:05,128,E06000007,1,56,3,70,0,-1,-1,0,0,0,6,1,1,0,0,2,1,E01012503,23-09-2018,1,1,3,1,45,7,2,5,1,0,0,-1,0,1
51056,73.94075531,18.55592767,7,3,3,3,7,08:16,128,E06000007,1,6,3,70,0,-1,-1,0,0,0,1,1,1,0,0,2,1,E01012551,24-09-2018,2,1,1,1,56,9,3,0,0,0,0,-1,3,1
51057,73.93394242,18.60588119,7,3,2,1,6,08:31,127,E06000050,3,533,6,30,6,4,6,0,0,0,1,1,2,0,0,1,1,E01018426,23-09-2018,1,1,1,1,35,6,3,0,0,0,0,-1,1,1
51058,73.77955252,18.59294354,7,3,2,1,6,09:10,126,E06000049,3,50,6,60,6,4,5,109,0,0,1,2,2,0,0,2,1,E01018598,23-09-2018,3,2,1,2,41,7,3,0,0,0,0,-1,9,1
51059,73.95735027,18.5667049,7,3,1,1,7,13:25,121,E06000049,1,6,3,70,0,-1,-1,0,0,0,1,1,1,0,0,2,1,E01018439,24-09-2018,1,1,1,2,36,7,3,0,0,0,0,-1,9,1
51060,73.8986531,18.58012815,7,3,2,1,6,17:58,122,E06000049,5,532,6,60,0,-1,-1,0,0,0,1,2,2,0,0,2,1,E01018514,23-09-2018,2,2,1,2,44,7,3,0,0,0,0,-1,9,1
51061,73.89425546,18.54278205,7,3,2,1,6,06:35,122,E06000049,5,501,6,30,0,-1,-1,0,0,0,1,1,1,0,0,2,2,E01018480,23-09-2018,2,3,2,2,52,8,3,0,0,1,0,-1,9,1
51062,73.88359434,18.51126011,7,2,2,1,7,13:42,121,E06000049,5,322,6,30,3,4,5,314,0,0,1,8,1,0,0,2,1,E01018411,24-09-2018,2,1,1,1,38,7,3,0,0,0,0,-1,9,1
51063,73.9556116,18.56488391,7,2,2,1,1,13:58,126,E06000049,3,536,6,60,6,4,6,0,0,0,1,1,1,0,0,2,1,E01018597,25-09-2018,1,1,3,1,49,8,3,9,9,0,0,-1,0,1
51064,73.73730301,18.60803204,7,3,2,1,1,12:30,126,E06000049,4,5181,6,30,6,4,6,0,0,0,1,8,1,0,0,1,1,E01018622,25-09-2018,2,1,2,2,28,6,3,0,0,2,0,-1,9,1
51065,73.83801784,18.62755349,7,3,2,2,2,20:19,127,E06000050,3,533,6,30,3,4,6,0,0,0,4,2,2,0,0,1,1,E01018674,26-09-2018,2,2,2,2,24,5,3,0,0,2,0,-1,9,-1
51066,73.88589737,18.61021223,7,2,2,1,2,20:45,127,E06000050,5,518,6,30,0,-1,-1,0,0,0,6,2,2,0,0,1,1,E01018742,26-09-2018,2,3,2,1,38,7,3,0,0,2,0,-1,9,1
51067,73.8755191,18.55497133,7,3,1,1,1,14:55,128,E06000007,1,6,3,70,0,-1,-1,0,0,0,1,1,1,0,0,2,1,E01012551,25-09-2018,2,4,2,1,25,5,3,0,0,1,0,-1,9,-1
51068,73.85484923,18.50218913,7,3,1,1,1,10:11,124,E06000006,1,56,3,70,0,-1,-1,0,0,0,1,1,1,0,0,2,1,E01012385,25-09-2018,2,1,1,2,57,9,3,0,0,0,0,-1,1,1
51069,73.94471339,18.54044887,7,3,2,1,4,12:55,123,E06000050,6,0,6,30,3,4,6,0,0,0,1,1,1,0,0,1,1,E01018526,28-09-2018,2,1,2,2,72,10,3,0,0,0,4,-1,11,1
51070,73.80968088,18.63902084,7,3,2,1,4,08:05,123,E06000050,6,0,6,30,3,4,6,0,0,0,1,1,1,0,0,1,1,E01018538,28-09-2018,2,1,1,2,37,7,3,0,0,0,0,-1,9,1
51071,73.82699158,18.60020159,7,3,2,1,6,15:35,128,E06000007,1,6,3,70,0,-1,1,6,0,0,1,2,2,0,0,2,2,E01012551,26-08-2018,2,1,1,1,44,7,3,0,0,0,0,-1,9,1
51072,73.94012249,18.49249267,7,3,2,1,4,17:15,126,E06000049,1,56,3,70,0,-1,-1,0,0,0,1,5,2,0,0,2,1,E01018598,28-09-2018,1,1,1,1,24,5,3,0,0,0,0,-1,9,1
51073,73.75774193,18.51970478,7,3,2,1,3,16:32,122,E06000049,3,530,6,40,6,4,6,0,0,0,1,4,1,0,0,2,1,E01018450,27-09-2018,2,2,1,1,19,4,3,0,0,0,0,-1,9,-1
51074,73.86824967,18.6174307,7,3,2,2,2,13:25,122,E06000049,6,0,6,60,0,-1,-1,0,0,0,1,1,1,0,0,2,2,E01018481,26-09-2018,2,3,2,1,19,4,3,0,0,1,0,-1,9,1
51075,73.82375586,18.54706152,7,3,2,2,3,18:20,122,E06000049,5,841,6,60,3,2,6,0,0,5,1,1,1,0,0,1,1,E01018508,27-09-2018,2,4,2,1,18,4,3,0,0,2,0,-1,9,1
51076,73.95891958,18.62555317,7,3,1,1,4,22:03,126,E06000049,6,0,6,60,0,-1,-1,0,0,0,6,1,2,0,0,2,1,E01018654,28-09-2018,2,5,2,1,18,4,3,0,0,2,0,-1,9,1
51077,73.84542257,18.51475223,7,3,1,1,4,15:36,122,E06000049,3,532,6,30,0,-1,6,0,0,0,1,8,2,0,0,1,1,E01018467,28-09-2018,1,1,3,2,52,8,2,5,1,0,0,-1,0,1
51078,73.77889766,18.5623791,7,2,2,1,5,08:48,127,E06000050,5,618,6,30,3,4,6,0,0,0,1,1,2,0,0,1,1,E01018675,29-09-2018,2,1,1,1,42,7,3,0,0,0,0,-1,5,1
51079,73.90695182,18.48827504,7,3,2,2,5,07:56,128,E06000007,6,0,6,30,3,4,6,0,0,0,1,1,2,0,0,1,1,E01012522,29-09-2018,2,1,1,1,45,7,3,0,0,0,0,-1,9,1
51080,73.93442612,18.51363175,7,3,2,1,2,17:30,124,E06000006,3,5080,6,30,9,4,6,0,0,0,1,1,1,0,0,1,2,E01012393,26-09-2018,2,2,2,2,20,4,3,0,0,1,0,-1,9,-1
51081,73.85487513,18.61317685,7,2,2,2,5,21:00,124,E06000006,5,2007,6,40,0,-1,-1,0,0,0,4,2,2,0,0,1,1,E01012391,29-09-2018,4,1,1,1,40,7,3,0,0,0,0,-1,19,1
51082,73.81566329,18.5580169,7,3,2,1,5,11:06,128,E06000007,5,1025,1,30,1,2,5,1025,0,0,1,1,1,0,0,1,1,E01012458,29-09-2018,4,2,2,1,43,7,3,0,0,1,0,-1,19,1
51083,73.91050332,18.51469139,7,2,1,1,7,14:35,120,E06000050,6,0,6,30,0,-1,-1,0,0,0,1,1,1,0,0,2,1,E01018373,20-08-2018,2,1,2,2,69,10,3,0,0,2,0,-1,8,1
51084,73.76883566,18.54125882,7,3,3,2,6,07:58,127,E06000050,1,56,3,70,0,-1,-1,0,0,0,1,2,2,0,0,2,1,E01018689,30-09-2018,1,1,3,2,38,7,3,6,9,0,0,-1,0,1
51085,73.93150622,18.61492834,7,3,2,1,3,10:25,124,E06000006,4,5178,6,30,0,-1,-1,0,0,0,1,1,1,0,0,1,2,E01012367,13-09-2018,1,1,1,1,35,6,3,0,0,0,0,-1,19,1
51086,73.85374649,18.64279579,7,2,1,2,7,16:50,127,E06000050,4,5152,6,30,3,4,6,0,0,0,1,1,2,0,0,2,1,E01018688,01-10-2018,2,1,1,1,58,9,2,0,0,0,0,-1,9,1
51087,73.76867058,18.54902514,7,3,2,1,1,18:15,128,E06000007,6,0,2,30,0,-1,-1,0,0,0,1,1,1,0,0,1,1,E01012523,02-10-2018,2,2,2,1,50,8,3,0,0,1,0,-1,9,-1
51088,73.74656995,18.60589488,7,3,2,1,7,17:30,120,E06000050,3,548,6,30,3,4,6,0,0,0,1,1,1,0,0,1,1,E01018330,10-09-2018,2,1,1,2,42,7,3,0,0,0,0,-1,9,1
51089,73.92830611,18.61808097,7,2,1,1,1,02:20,128,E06000007,6,0,2,30,3,4,6,0,0,0,4,1,1,0,0,1,1,E01012456,02-10-2018,2,2,2,1,39,7,3,0,0,1,0,-1,9,1
51090,73.82149362,18.53231447,7,3,2,1,1,18:37,127,E06000050,3,559,6,30,3,4,6,0,0,0,1,1,1,0,0,1,1,E01018693,02-10-2018,1,1,1,1,13,3,2,0,0,0,0,-1,3,-1
51091,73.916005,18.61486039,7,3,2,1,4,13:50,123,E06000050,3,5032,3,40,0,-1,-1,0,0,1,1,1,2,0,0,1,1,E01018549,28-09-2018,1,1,1,1,50,8,3,0,0,0,0,-1,9,1
51092,73.92287945,18.61835971,7,3,1,1,6,18:51,127,E06000050,3,56,6,30,3,4,6,0,0,0,1,2,2,0,0,2,1,E01018689,30-09-2018,1,1,3,1,18,4,3,1,1,0,0,-1,0,-1
51093,73.85920104,18.592084,7,3,3,4,1,16:06,120,E06000050,6,0,6,30,0,-1,-1,0,0,0,1,1,1,0,0,1,1,E01018313,02-10-2018,2,1,1,1,38,7,3,0,0,0,0,-1,9,-1
51094,73.77458833,18.60985911,7,1,1,1,7,18:09,120,E06000050,4,5130,6,60,0,-1,-1,0,0,0,1,2,2,0,0,2,1,E01018348,01-10-2018,1,1,1,2,21,5,3,0,0,0,0,-1,9,1
51095,73.85029071,18.50226262,7,3,2,1,3,08:14,123,E06000050,6,0,6,30,3,4,6,0,0,0,1,2,2,0,0,1,1,E01018568,20-09-2018,2,2,2,2,38,7,3,0,0,1,0,-1,9,1
51096,73.83271917,18.53562727,7,3,2,1,7,15:50,127,E06000050,3,56,6,30,6,3,6,0,1,4,1,1,2,0,0,2,1,E01018689,01-10-2018,1,1,3,2,30,6,3,5,1,0,0,-1,0,-1
51097,73.89293401,18.56307154,7,3,2,2,7,12:35,120,E06000050,3,51,6,30,3,4,6,0,0,0,1,1,1,0,0,1,1,E01018319,01-10-2018,2,1,1,1,46,8,3,0,0,0,0,-1,9,1
51098,73.82218315,18.51460623,7,3,1,1,5,14:40,120,E06000050,3,5268,6,30,0,-1,-1,0,0,0,1,1,1,0,0,1,1,E01018326,29-09-2018,2,2,2,1,19,4,3,0,0,1,0,-1,9,1
51099,73.89796093,18.51082788,7,3,3,1,6,07:40,127,E06000050,1,56,3,70,0,-1,-1,0,0,0,1,2,2,0,0,2,1,E01018669,30-09-2018,2,3,2,1,70,10,3,0,0,2,0,-1,9,1
51100,73.78647963,18.55389501,7,3,2,1,6,10:56,127,E06000050,3,56,6,40,3,4,6,0,0,0,1,1,2,0,0,2,1,E01018697,30-09-2018,2,4,2,2,69,10,3,0,0,2,0,-1,9,1
51101,73.78380948,18.5854092,7,3,2,1,4,16:10,120,E06000050,6,0,1,30,1,2,3,5268,0,0,1,1,1,0,0,1,1,E01018318,28-09-2018,1,1,3,1,12,3,3,8,4,0,0,-1,0,-1