Accident_Index,longitude,latitude,Police_Force,Accident_Severity,Number_of_Vehicles,Number_of_Casualties,Day_of_Week,Time,Local_Authority_(District),Local_Authority_(Highway),1st_Road_Class,1st_Road_Number,Road_Type,Speed_limit,Junction_Detail,Junction_Control,2nd_Road_Class,2nd_Road_Number,Pedestrian_Crossing-Human_Control,Pedestrian_Crossing-Physical_Facilities,Light_Conditions,Weather_Conditions,Road_Surface_Conditions,Special_Conditions_at_Site,Carriageway_Hazards,Urban_or_Rural_Area,Did_Police_Officer_Attend_Scene_of_Accident,LSOA_of_Accident_Location,Date,Vehicle_Reference,Casualty_Reference,Casualty_Class,Sex_of_Casualty,Age_of_Casualty,Age_Band_of_Casualty,Casualty_Severity,Pedestrian_Location,Pedestrian_Movement,Car_Passenger,Bus_or_Coach_Passenger,Pedestrian_Road_Maintenance_Worker,Casualty_Type,Casualty_Home_Area_Type
51102,73.96066144,18.54702014,7,3,2,1,6,12:15,122,E06000049,5,527,6,30,3,4,6,0,0,0,1,1,1,0,0,2,1,E01018482,02-09-2018,2,1,2,2,47,8,3,0,0,1,0,-1,9,1
51103,73.78411931,18.57647701,7,3,3,2,7,13:38,120,E06000050,3,540,6,50,3,4,5,215,0,0,1,2,2,0,0,2,1,E01018367,01-10-2018,1,1,3,2,23,5,3,4,3,0,0,-1,0,1
51104,73.87957098,18.61221943,7,3,2,1,6,20:27,123,E06000050,4,5132,6,30,9,2,6,0,0,0,1,1,2,0,0,1,1,E01018565,30-09-2018,2,1,1,1,24,5,3,0,0,0,0,-1,9,1
51105,73.89734639,18.56623277,7,3,2,3,5,12:04,120,E06000050,6,0,3,50,3,4,3,41,0,0,1,1,1,0,0,1,1,E01018358,29-09-2018,1,1,3,1,34,6,3,5,4,0,0,-1,0,3
51106,73.86991884,18.59975838,7,3,2,1,2,17:45,121,E06000049,3,534,6,60,7,4,6,0,0,0,1,1,1,0,0,2,2,E01018439,26-09-2018,1,1,2,1,6,2,3,0,0,0,4,-1,11,-1
51107,73.81866846,18.50440679,7,2,2,1,7,11:30,123,E06000050,6,0,6,30,9,4,6,0,0,0,1,8,2,0,2,1,1,E01018542,01-10-2018,1,1,3,1,40,7,3,9,9,0,0,-1,0,1
51108,73.90790873,18.62127156,7,3,2,1,5,17:00,121,E06000049,3,533,6,40,3,4,6,0,0,0,1,2,2,0,0,1,1,E01018442,29-09-2018,1,1,1,1,36,7,3,0,0,0,0,-1,8,1
51109,73.76624935,18.51681724,7,3,2,1,6,08:50,123,E06000050,6,0,6,30,0,-1,-1,0,0,0,1,1,1,0,0,1,1,E01018533,16-09-2018,1,2,2,1,18,4,3,0,0,2,0,-1,8,-1
51110,73.8015558,18.53501739,7,3,2,1,3,16:45,120,E06000050,5,205,6,30,6,3,3,51,0,0,1,1,1,0,0,2,2,E01018323,13-09-2018,1,3,2,2,18,4,3,0,0,2,0,-1,8,-1
51111,73.77114152,18.58803763,7,3,2,1,5,07:00,127,E06000050,6,0,6,60,3,4,4,5081,0,0,1,2,2,0,0,1,1,E01018722,29-09-2018,1,4,2,1,19,4,3,0,0,2,0,-1,8,-1
51112,73.81298546,18.58723178,7,3,2,1,5,11:21,127,E06000050,3,54,1,30,1,4,3,530,0,0,1,2,2,0,0,1,2,E01018424,29-09-2018,1,5,2,1,18,4,3,0,0,2,0,-1,8,-1
51113,73.89354289,18.58409012,7,3,1,1,6,06:00,122,E06000049,4,5074,6,60,0,-1,-1,0,0,0,6,2,2,0,0,2,1,E01018480,30-09-2018,1,6,2,1,27,6,3,0,0,2,0,-1,8,-1
51114,73.85138168,18.5004039,7,2,3,1,6,00:13,121,E06000049,6,0,9,30,0,-1,6,0,0,0,7,9,1,0,0,1,1,E01018401,30-09-2018,1,1,1,1,50,8,3,0,0,0,0,-1,9,-1
51115,73.91881226,18.59862249,7,3,2,1,7,11:45,128,E06000007,3,49,1,30,1,2,3,49,0,0,1,1,1,0,0,1,1,E01012480,01-10-2018,1,2,2,2,44,7,3,0,0,1,0,-1,9,-1
51116,73.73994808,18.54344642,7,3,5,3,6,14:52,128,E06000007,1,62,3,70,0,-1,-1,0,0,0,1,1,1,0,0,2,1,E01012468,30-09-2018,2,1,1,2,18,4,3,0,0,0,0,-1,9,-1
51117,73.73519605,18.53203687,7,2,3,2,6,10:08,121,E06000049,3,54,6,60,9,4,6,0,0,0,1,1,2,0,0,2,1,E01018416,30-09-2018,1,1,3,1,12,3,3,1,3,0,0,-1,0,1
51118,73.79077926,18.60000722,7,3,2,2,6,17:17,126,E06000049,3,556,6,60,0,-1,-1,0,0,0,1,1,1,0,0,2,1,E01018648,30-09-2018,1,1,3,1,25,5,2,5,1,0,0,-1,0,-1
51119,73.860015,18.59118678,7,3,2,1,6,19:10,122,E06000049,6,0,6,30,3,4,5,521,0,0,4,2,2,0,0,2,1,E01018505,30-09-2018,1,2,3,2,22,5,2,5,1,0,0,-1,0,-1
51120,73.82066086,18.62894174,7,3,2,1,6,16:25,122,E06000049,3,5019,6,30,6,4,6,0,0,0,1,1,1,0,0,1,1,E01018486,30-09-2018,2,1,1,1,40,7,3,0,0,0,0,-1,1,1
51121,73.84905059,18.62093287,7,3,2,1,6,13:36,126,E06000049,3,538,6,30,3,4,5,421,0,0,1,1,1,0,0,1,1,E01018666,30-09-2018,1,1,1,2,53,8,3,0,0,0,0,-1,9,1
51122,73.82877245,18.52361338,7,2,2,1,6,12:40,121,E06000049,3,534,6,60,0,-1,-1,0,0,0,1,1,2,0,0,2,1,E01018443,30-09-2018,1,1,1,1,28,6,3,0,0,0,0,-1,3,1
51123,73.87561424,18.49424884,7,3,1,1,7,10:30,122,E06000049,6,0,6,30,3,4,6,0,0,0,1,1,1,0,0,1,2,E01018462,01-10-2018,1,2,3,1,11,3,2,5,1,0,0,-1,0,1
51124,73.90047588,18.55349652,7,3,2,1,2,14:59,124,E06000006,5,2017,6,30,3,4,6,0,0,0,1,1,1,0,0,1,1,E01012431,03-10-2018,1,1,2,2,42,7,3,0,0,2,0,-1,9,1
51125,73.90940967,18.60342871,7,2,1,1,1,17:39,122,E06000049,6,0,6,30,3,4,6,0,0,0,1,1,1,0,0,1,1,E01018511,02-10-2018,1,1,3,1,40,7,3,5,1,0,0,-1,0,-1
51126,73.8671979,18.53888147,7,3,2,1,6,08:56,126,E06000049,1,56,3,70,0,-1,-1,0,0,0,1,2,2,0,0,2,1,E01018598,30-09-2018,1,2,3,2,28,6,3,5,1,0,0,-1,0,-1
51127,73.93018897,18.63666028,7,3,2,1,1,12:05,126,E06000049,1,6,3,70,0,-1,-1,0,0,0,1,1,1,0,0,2,1,E01018648,02-10-2018,1,1,3,2,12,3,3,5,1,0,0,-1,0,-1
51128,73.74899217,18.5215645,7,3,1,1,2,20:19,124,E06000006,6,0,6,30,3,4,6,0,0,0,1,1,1,0,0,1,1,E01012417,03-10-2018,1,2,2,1,7,2,3,0,0,2,0,-1,1,-1
51129,73.96202165,18.60592382,7,3,4,2,2,08:50,126,E06000049,6,0,6,30,6,4,6,0,0,0,1,1,1,0,0,1,1,E01018635,26-09-2018,1,3,2,2,31,6,3,0,0,2,0,-1,1,-1
51130,73.76696535,18.61158212,7,3,1,1,5,16:20,128,E06000007,5,1010,6,40,0,-1,-1,0,0,0,1,1,1,0,0,2,1,E01012562,29-09-2018,2,1,2,1,43,7,3,0,0,2,0,-1,8,1
51131,73.92400263,18.61321882,7,3,2,1,6,12:10,126,E06000049,3,538,6,30,3,4,6,0,0,0,1,1,2,0,0,1,1,E01018602,30-09-2018,1,1,3,2,18,4,3,5,2,0,0,-1,0,1
51132,73.78640895,18.53776171,7,3,2,2,3,16:45,124,E06000006,6,0,1,30,1,4,6,0,0,0,1,1,1,0,0,1,2,E01012438,20-09-2018,1,1,1,1,56,9,3,0,0,0,0,-1,5,1
51133,73.90666222,18.50036888,7,3,2,1,7,10:00,124,E06000006,4,5419,6,30,6,2,4,5178,0,0,1,1,1,0,0,1,2,E01012426,24-09-2018,1,1,3,2,20,4,2,1,4,0,0,-1,0,1
51134,73.73988405,18.53797565,7,3,1,1,3,09:44,120,E06000050,6,0,6,60,3,4,6,0,0,0,1,1,1,0,0,2,1,E01018357,04-10-2018,2,1,1,1,65,9,3,0,0,0,0,-1,9,1
51135,73.93514596,18.56072818,7,3,2,1,6,08:45,127,E06000050,6,0,6,60,3,4,6,0,0,0,1,1,1,0,0,2,1,E01018684,09-09-2018,2,1,1,1,62,9,3,0,0,0,0,-1,8,1
51136,73.92110007,18.55578867,7,3,2,1,3,08:48,123,E06000050,6,0,6,30,3,4,6,0,0,0,1,1,1,0,0,1,1,E01018553,04-10-2018,1,1,1,2,42,7,3,0,0,0,0,-1,9,1
51137,73.85141288,18.5601014,7,3,2,1,1,17:00,127,E06000050,5,613,6,30,7,2,3,54,0,4,1,1,1,0,0,1,1,E01018746,25-09-2018,2,2,1,1,39,7,3,0,0,0,0,-1,90,1
51138,73.82108438,18.59762013,7,3,2,2,2,12:15,127,E06000050,1,6,3,70,0,-1,-1,0,0,0,1,1,1,0,0,2,1,E01018722,03-10-2018,2,1,1,2,51,8,3,0,0,0,0,-1,9,1
51139,73.92039602,18.55395571,7,3,2,1,6,08:40,128,E06000007,3,50,6,30,6,2,3,57,0,0,1,1,1,0,0,1,2,E01012478,02-09-2018,1,1,3,1,30,6,2,5,1,0,0,-1,0,-1
51140,73.78289811,18.6111829,7,3,3,1,2,09:10,128,E06000007,1,6,3,70,0,-1,-1,0,0,0,1,1,1,0,0,2,1,E01012515,03-10-2018,1,1,3,1,20,4,3,5,1,0,0,-1,0,-1
51141,73.76831273,18.56053868,7,3,2,1,6,11:48,122,E06000049,3,530,6,60,3,4,6,0,0,0,1,1,2,6,0,2,2,E01018510,23-09-2018,1,1,3,1,11,3,2,5,3,0,0,-1,0,1
51142,73.94803296,18.61079767,7,2,2,3,2,21:28,122,E06000049,3,49,6,60,0,-1,-1,0,0,0,6,1,1,0,0,2,1,E01018514,03-10-2018,1,1,3,2,53,8,3,4,1,0,0,-1,0,-1
51143,73.83523969,18.63267746,7,2,2,2,4,20:54,124,E06000006,6,0,6,30,6,2,5,2010,0,4,4,1,1,0,0,1,1,E01012424,05-10-2018,2,1,1,1,44,7,3,0,0,0,0,-1,9,1
51144,73.92797855,18.60939882,7,3,2,2,4,06:00,127,E06000050,3,556,3,70,0,-1,-1,0,0,0,4,1,1,0,0,2,1,E01018722,05-10-2018,2,1,1,1,44,7,3,0,0,0,0,-1,9,1
51145,73.89858419,18.63955388,7,3,2,1,7,12:50,126,E06000049,6,0,6,30,0,-1,-1,0,0,0,1,1,1,0,0,1,1,E01018601,10-09-2018,2,1,1,2,42,7,3,0,0,0,0,-1,9,1
51146,73.96073234,18.62118874,7,3,2,1,4,20:40,123,E06000050,6,0,6,30,0,-1,-1,0,0,0,4,1,1,0,0,1,1,E01018523,05-10-2018,2,1,1,1,45,7,3,0,0,0,0,-1,9,1
51147,73.76877835,18.6300568,7,3,2,2,3,17:07,120,E06000050,3,41,6,50,6,4,6,0,0,0,1,1,1,0,0,1,1,E01018358,04-10-2018,2,1,1,2,44,7,3,0,0,0,0,-1,9,1
51148,73.85008216,18.51766235,7,3,1,1,2,21:00,128,E06000007,3,56,3,40,3,4,5,713,0,0,4,1,1,0,0,2,1,E01012502,03-10-2018,2,2,2,1,7,2,3,0,0,2,0,-1,9,1
51149,73.90245689,18.57959247,7,3,2,2,1,18:50,121,E06000049,6,0,6,30,3,4,6,0,0,0,4,1,1,0,0,1,1,E01018405,02-10-2018,1,1,2,1,43,7,3,0,0,1,0,-1,9,1
51150,73.81642816,18.58610533,7,3,1,1,4,17:15,128,E06000007,6,0,6,30,3,4,6,0,0,0,1,1,1,0,0,2,1,E01012516,05-10-2018,1,1,1,1,18,4,3,0,0,0,0,-1,9,-1
51151,73.83906724,18.49378504,7,3,2,1,3,07:15,128,E06000007,3,579,1,40,1,4,1,6,0,0,1,1,1,0,0,2,2,E01012472,27-09-2018,2,1,1,1,35,6,3,0,0,0,0,-1,9,1
51152,73.94784492,18.60287973,7,3,3,2,1,13:50,124,E06000006,5,2000,6,30,3,4,6,0,0,0,1,1,1,0,0,1,2,E01012378,04-09-2018,2,2,2,2,21,5,3,0,0,2,0,-1,9,1
51153,73.77323374,18.59825743,7,3,2,1,5,20:13,124,E06000006,5,2016,6,30,3,4,6,0,0,0,4,1,1,0,0,1,2,E01012397,29-09-2018,2,3,2,2,21,5,3,0,0,2,0,-1,9,1
51154,73.93080278,18.5015717,7,3,2,1,3,13:24,126,E06000049,6,0,6,30,0,-1,-1,0,0,0,1,1,1,0,0,2,1,E01018598,04-10-2018,1,1,1,1,22,5,3,0,0,0,0,-1,9,1
51155,73.91407057,18.50227109,7,3,2,4,1,09:19,126,E06000049,3,50,6,60,3,4,3,5034,0,0,1,1,1,0,0,2,1,E01018648,02-10-2018,1,2,2,1,22,5,3,0,0,1,0,-1,9,1
51156,73.88795523,18.57928729,7,3,2,1,3,13:25,124,E06000006,3,557,3,40,6,2,3,562,0,0,1,1,1,0,0,1,2,E01012441,30-08-2018,1,3,3,2,53,8,2,6,8,0,0,-1,0,3
51157,73.83058799,18.57751109,7,3,2,2,3,18:10,124,E06000006,4,5178,6,30,3,4,6,0,0,0,1,1,1,0,0,1,2,E01012412,27-09-2018,1,1,3,2,9,2,3,5,1,0,0,-1,0,1
51158,73.825775,18.57927503,7,3,2,1,1,13:19,126,E06000049,6,0,1,60,1,4,4,5090,0,0,1,1,1,0,0,2,1,E01018579,02-10-2018,2,1,1,1,56,9,3,0,0,0,0,-1,9,1
51159,73.85620589,18.59469502,7,3,2,1,5,10:00,124,E06000006,4,5155,6,30,6,4,6,0,0,0,1,2,2,0,0,1,1,E01012431,29-09-2018,1,1,3,2,59,9,3,6,9,0,0,-1,0,1
51160,73.94978884,18.62326263,7,3,1,1,3,00:53,126,E06000049,3,556,1,60,1,2,1,56,0,0,4,1,1,0,0,2,1,E01018648,04-10-2018,2,1,2,2,25,5,3,0,0,0,4,-1,11,1
51161,73.91926632,18.52497132,7,3,2,1,4,09:20,122,E06000049,3,534,6,60,0,-1,-1,0,0,0,1,1,1,0,0,2,1,E01018469,05-10-2018,1,1,2,2,19,4,3,0,0,2,0,-1,9,1
51162,73.80581732,18.62603869,7,3,2,1,6,05:40,124,E06000006,3,56,6,30,0,-1,-1,0,0,0,4,1,2,0,0,2,2,E01012440,30-09-2018,1,2,2,1,20,4,3,0,0,2,0,-1,9,-1
51163,73.9622467,18.64221095,7,3,1,1,4,17:13,126,E06000049,6,0,6,30,3,4,4,5358,0,0,1,1,1,0,0,1,1,E01018593,05-10-2018,1,1,2,1,20,4,3,0,0,1,0,-1,9,1
51164,73.83420644,18.61612171,7,3,2,3,5,18:30,124,E06000006,6,0,6,30,1,4,4,5155,0,0,4,1,1,0,0,1,1,E01012408,06-10-2018,1,2,2,1,18,4,3,0,0,2,0,-1,9,1
51165,73.88187361,18.57031501,7,3,1,1,5,15:05,123,E06000050,4,5132,6,30,3,4,6,0,0,0,1,1,1,0,0,1,1,E01018558,06-10-2018,2,1,1,1,20,4,3,0,0,0,0,-1,9,-1
51166,73.91766359,18.56371522,7,3,2,1,5,16:40,128,E06000007,1,62,3,70,0,-1,-1,0,0,0,1,1,1,0,0,2,1,E01012472,06-10-2018,2,2,2,1,20,4,3,0,0,1,0,-1,9,-1
51167,73.91667681,18.57208786,7,3,2,1,3,17:15,123,E06000050,1,53,3,70,0,-1,-1,0,0,0,1,1,1,0,0,1,1,E01018551,20-09-2018,2,3,2,1,21,5,3,0,0,2,0,-1,9,-1
51168,73.79305447,18.48953468,7,3,2,1,3,16:00,122,E06000049,6,0,6,30,6,4,6,0,0,0,1,1,1,0,0,1,2,E01018452,04-10-2018,2,1,1,2,39,7,3,0,0,0,0,-1,9,1
51169,73.87323012,18.54702773,7,3,3,2,6,08:45,128,E06000007,3,49,3,30,0,-1,-1,0,0,0,1,1,1,0,0,1,1,E01012456,07-10-2018,2,2,2,2,33,6,3,0,0,1,0,-1,9,-1
51170,73.84767598,18.50892148,7,2,4,2,4,16:30,126,E06000049,3,536,6,50,6,3,5,410,0,0,1,1,1,0,0,2,1,E01018591,05-10-2018,2,3,2,2,33,6,3,0,0,2,0,-1,9,1
51171,73.75469021,18.62057053,7,3,2,2,5,02:05,126,E06000049,6,0,1,60,1,4,4,5090,0,0,4,1,1,0,0,2,1,E01018579,06-10-2018,1,1,3,1,57,9,3,6,9,0,0,-1,0,-1
51172,73.93936938,18.49257054,7,3,2,1,7,15:30,128,E06000007,5,1025,3,30,3,4,6,0,0,0,1,1,2,0,0,1,1,E01012501,08-10-2018,1,1,3,2,19,4,3,5,1,0,0,-1,0,1
51173,73.95881649,18.59906098,7,2,1,2,7,06:40,124,E06000006,3,533,3,60,0,-1,-1,0,0,0,4,1,1,0,0,1,1,E01012382,08-10-2018,2,1,1,1,28,6,3,0,0,0,0,-1,9,-1
51174,73.87069273,18.51426045,7,2,2,1,6,14:40,124,E06000006,3,533,3,60,0,-1,-1,0,0,0,1,1,1,0,0,1,1,E01012373,07-10-2018,2,1,1,1,48,8,3,0,0,0,0,-1,3,1
51175,73.84827847,18.63474433,7,3,2,1,6,19:45,123,E06000050,6,0,6,30,3,4,6,0,0,0,1,1,1,0,0,1,2,E01018521,07-10-2018,1,1,1,1,40,7,2,0,0,0,0,-1,9,1
51176,73.75954359,18.57972912,7,1,1,1,7,01:42,128,E06000007,3,49,6,30,3,2,6,0,0,0,4,1,1,0,0,1,1,E01012510,08-10-2018,2,1,1,2,10,2,3,0,0,0,0,-1,1,1
51177,73.80772105,18.60992867,7,3,3,1,7,00:05,127,E06000050,3,56,6,30,3,4,6,0,0,0,4,1,1,0,0,2,1,E01018686,08-10-2018,2,1,1,2,21,5,3,0,0,0,0,-1,9,1
51178,73.82495043,18.5237234,7,3,1,1,2,01:40,128,E06000007,5,1004,6,30,3,4,6,0,0,0,4,1,1,0,0,2,1,E01012468,10-10-2018,2,1,1,1,28,6,3,0,0,0,0,-1,2,1
51179,73.81017748,18.56721074,7,3,2,1,7,17:40,127,E06000050,3,533,6,30,3,4,6,0,0,0,1,2,2,0,0,1,1,E01018713,08-10-2018,1,1,3,1,28,6,3,5,1,0,0,-1,0,1
51180,73.74076411,18.59300534,7,3,2,1,1,12:30,120,E06000050,6,0,6,30,3,4,5,202,0,0,1,1,1,0,0,1,1,E01018315,09-10-2018,2,1,2,1,30,6,3,0,0,2,0,-1,8,1
51181,73.80963338,18.55104497,7,2,3,4,1,12:30,128,E06000007,5,1019,6,60,0,-1,-1,0,0,0,1,1,1,0,0,2,1,E01012463,09-10-2018,2,1,1,1,29,6,3,0,0,0,0,-1,2,1
51182,73.79470921,18.61746816,7,2,2,1,7,11:30,120,E06000050,3,483,1,70,1,2,3,55,0,0,1,2,2,0,0,2,1,E01018335,08-10-2018,1,1,3,2,30,6,2,8,7,0,0,-1,0,-1
51183,73.87546561,18.55015644,7,2,1,1,1,12:20,120,E06000050,3,51,6,50,0,-1,-1,0,0,0,1,1,1,0,0,1,1,E01018319,09-10-2018,1,1,1,2,43,7,3,0,0,0,0,-1,9,1
51184,73.74438695,18.64070077,7,3,2,1,1,22:25,123,E06000050,3,5117,1,60,1,4,3,5032,0,0,4,1,1,0,0,1,1,E01018337,09-10-2018,2,2,1,1,24,5,3,0,0,0,0,-1,9,1
51185,73.86257273,18.48802184,7,3,2,1,4,16:09,123,E06000050,3,5117,3,50,3,2,6,0,0,0,1,1,1,0,0,2,1,E01018337,05-10-2018,2,1,1,1,34,6,3,0,0,0,0,-1,19,1
51186,73.86069055,18.63948947,7,3,1,1,4,18:25,123,E06000050,6,0,6,30,0,-1,-1,0,0,0,1,2,2,0,0,1,1,E01018566,28-09-2018,2,1,1,1,39,7,3,0,0,0,0,-1,9,1
51187,73.95766459,18.49865918,7,3,2,1,2,07:30,127,E06000050,3,559,6,60,3,4,4,5075,0,0,1,1,1,0,0,2,1,E01018721,10-10-2018,2,1,1,1,21,5,3,0,0,0,0,-1,9,1
51188,73.92847974,18.50140707,7,3,2,3,6,18:26,127,E06000050,3,50,6,60,0,-1,-1,0,0,0,6,1,1,0,0,2,1,E01018722,07-10-2018,1,1,3,2,25,5,3,9,9,0,0,-1,0,1
51189,73.85029569,18.56542747,7,3,2,2,6,11:37,123,E06000050,3,540,6,40,3,4,6,0,0,0,1,1,1,0,0,2,1,E01018535,07-10-2018,2,1,1,1,31,6,3,0,0,0,0,-1,5,1
51190,73.80497525,18.55688675,7,2,2,1,6,14:00,127,E06000050,3,54,6,60,0,-1,6,0,0,0,1,1,1,0,0,2,1,E01018725,07-10-2018,1,1,3,1,49,8,3,5,2,0,0,-1,0,1
51191,73.90808368,18.49357775,7,3,2,3,6,18:00,120,E06000050,5,206,6,60,0,-1,-1,0,0,0,1,9,1,0,0,2,1,E01018335,07-10-2018,1,1,1,1,35,6,3,0,0,0,0,-1,10,1
51192,73.77320277,18.62822099,7,3,3,1,6,12:18,121,E06000049,1,6,3,70,0,-1,-1,0,0,0,1,1,1,0,0,2,1,E01018394,07-10-2018,2,2,1,1,36,7,3,0,0,0,0,-1,8,1
51193,73.83718722,18.59843745,7,3,2,1,3,08:00,123,E06000050,4,5463,6,40,0,-1,-1,0,0,0,1,1,1,0,0,1,1,E01018563,02-08-2018,2,3,2,1,32,6,3,0,0,2,0,-1,8,1
51194,73.8215656,18.55642427,7,3,2,1,7,17:25,128,E06000007,6,0,6,30,3,2,6,0,0,0,7,1,1,0,0,1,1,E01012454,08-10-2018,2,4,2,1,29,6,3,0,0,2,0,-1,8,-1
51195,73.88437473,18.51116485,7,3,1,1,6,23:20,122,E06000049,5,553,6,40,0,-1,-1,0,0,0,4,1,1,0,0,1,1,E01018494,19-08-2018,1,1,1,1,40,7,3,0,0,0,0,-1,19,-1
51196,73.77856242,18.53908419,7,3,2,1,2,13:21,122,E06000049,6,0,6,30,3,3,6,0,0,0,1,2,2,0,0,1,2,E01018464,03-10-2018,1,2,2,1,40,7,3,0,0,0,0,-1,19,-1
51197,73.8390221,18.56383753,7,3,2,1,6,18:07,128,E06000007,1,6,3,70,0,-1,-1,0,0,0,1,1,1,0,0,2,1,E01012515,07-10-2018,1,1,3,2,16,4,3,6,9,0,0,-1,0,-1
51198,73.89495121,18.62520782,7,3,3,2,6,14:38,122,E06000049,3,530,6,60,8,4,6,0,0,0,1,1,2,0,0,2,1,E01018680,30-09-2018,1,1,3,1,30,6,3,5,1,0,0,-1,0,1
51199,73.87649425,18.52289152,7,3,2,3,6,19:15,126,E06000049,5,402,6,30,0,-1,-1,0,0,0,4,1,1,0,0,1,1,E01018639,07-10-2018,2,1,2,1,28,6,3,0,0,0,4,-1,11,-1
51200,73.90133429,18.62064152,7,3,3,1,6,18:13,122,E06000049,6,0,6,30,3,4,6,0,0,0,1,1,1,0,0,1,1,E01018497,07-10-2018,2,2,2,1,21,5,3,0,0,0,4,-1,11,-1
51201,73.80378544,18.50890986,7,3,1,1,6,17:09,122,E06000049,6,0,6,30,3,4,6,0,0,0,1,1,1,0,0,2,1,W01000121,07-10-2018,1,1,2,2,45,7,3,0,0,0,3,-1,11,1
51202,73.86181198,18.57690741,7,3,1,1,7,14:11,123,E06000050,4,5463,6,30,0,-1,-1,0,0,0,1,1,2,0,0,1,1,E01018549,08-10-2018,2,1,2,1,30,6,3,0,0,1,0,-1,9,1
51203,73.94103439,18.61530241,7,2,1,1,2,16:30,127,E06000050,3,533,6,30,3,4,6,0,0,0,1,1,1,0,0,1,1,E01018713,03-10-2018,2,2,1,1,34,6,3,0,0,0,0,-1,9,-1
51204,73.83391646,18.5456395,7,2,2,1,2,09:50,128,E06000007,6,0,6,30,0,-1,-1,0,0,5,1,1,1,0,0,1,1,E01012456,10-10-2018,1,1,1,1,32,6,3,0,0,0,0,-1,9,1
51205,73.95396839,18.59758023,7,3,2,1,6,07:40,128,E06000007,6,0,1,30,1,4,6,0,0,0,1,1,1,0,0,1,2,E01012562,07-10-2018,2,2,1,1,46,8,3,0,0,0,0,-1,8,1
51206,73.88721825,18.6213846,7,3,2,1,6,20:44,128,E06000007,6,0,6,30,0,-1,-1,0,0,0,1,1,1,0,0,1,1,E01012509,17-06-2018,3,3,1,1,37,7,3,0,0,0,0,-1,19,-1
51207,73.74744425,18.59780513,7,3,2,1,6,13:47,127,E06000050,6,0,6,30,0,-1,-1,0,0,0,1,1,1,0,0,1,1,E01018425,07-10-2018,3,4,2,1,20,4,3,0,0,1,0,-1,19,-1
51208,73.76635102,18.55541192,7,3,2,1,4,08:15,126,E06000049,5,462,6,30,7,2,6,0,0,0,1,1,1,0,0,1,2,E01018582,05-10-2018,1,1,1,1,42,7,3,0,0,0,0,-1,9,1
51209,73.79664727,18.54015209,7,3,2,1,4,15:39,126,E06000049,4,5090,6,30,3,1,6,0,0,0,1,1,1,0,0,2,1,E01018579,05-10-2018,2,2,1,1,27,6,3,0,0,0,0,-1,9,1
51210,73.75579394,18.61948543,7,2,1,1,7,19:40,121,E06000049,3,34,6,60,0,-1,-1,0,0,0,6,1,2,0,0,2,1,E01018597,08-10-2018,1,1,3,1,16,4,3,4,9,0,0,-1,0,-1
51211,73.73859606,18.53309147,7,3,1,1,7,14:00,127,E06000050,6,0,6,30,0,-1,-1,0,0,0,1,2,2,0,0,1,1,E01018424,08-10-2018,1,1,3,1,21,5,3,9,9,0,0,-1,0,-1
51212,73.85836396,18.54785082,7,2,2,4,7,22:40,122,E06000049,3,530,6,60,0,-1,-1,0,0,0,6,1,1,0,0,2,1,E01018444,08-10-2018,1,1,1,2,21,5,3,0,0,0,0,-1,9,1
51213,73.8041364,18.61551565,7,2,1,5,1,02:20,126,E06000049,3,538,6,30,0,-1,-1,0,0,4,4,1,2,0,0,1,1,E01018653,09-10-2018,1,1,3,2,58,9,2,10,9,0,0,-1,0,1
51214,73.92910903,18.61348534,7,3,1,2,7,17:55,128,E06000007,1,56,3,70,0,-1,-1,0,0,0,1,1,2,0,0,2,1,E01012503,08-10-2018,1,1,3,1,37,7,3,5,1,0,0,-1,0,1
51215,73.96232838,18.5749021,7,3,2,1,1,14:30,122,E06000049,4,5076,6,30,3,4,6,0,0,0,1,1,1,0,0,1,2,E01018479,09-10-2018,2,1,2,2,15,3,3,0,0,2,0,-1,9,1
51216,73.96216228,18.61984549,7,3,2,2,1,14:59,126,E06000049,1,6,3,70,0,-1,-1,0,0,0,1,1,1,0,0,2,1,E01018598,09-10-2018,3,2,2,2,9,2,3,0,0,2,0,-1,9,1
51217,73.79747746,18.50353431,7,1,1,1,3,23:36,128,E06000007,3,57,6,30,3,4,6,0,0,8,4,1,2,0,0,1,1,E01012456,11-10-2018,2,1,1,2,40,7,3,0,0,0,0,-1,9,1
51218,73.84622049,18.49455905,7,3,2,2,3,19:57,128,E06000007,3,574,6,30,0,-1,-1,0,0,0,4,2,2,0,0,1,1,E01012563,11-10-2018,2,1,2,2,68,10,3,0,0,0,4,-1,11,1
51219,73.77116451,18.51293327,7,3,2,1,3,11:55,128,E06000007,3,57,6,30,6,2,6,0,0,4,1,1,1,0,0,1,1,E01012500,11-10-2018,1,1,3,2,30,6,2,5,3,0,0,-1,0,-1
51220,73.89295279,18.52838297,7,3,2,1,7,20:30,128,E06000007,3,57,6,30,6,2,6,0,0,0,4,1,1,0,0,1,2,E01012456,24-09-2018,1,2,2,1,32,6,3,0,0,1,0,-1,21,1
51221,73.91827118,18.63291262,7,3,2,1,3,16:40,127,E06000050,6,0,6,30,0,-1,-1,0,0,0,1,1,1,0,0,1,1,E01018704,11-10-2018,2,1,1,1,40,7,3,0,0,0,0,-1,9,1