Accident_Index,longitude,latitude,Police_Force,Accident_Severity,Number_of_Vehicles,Number_of_Casualties,Day_of_Week,Time,Local_Authority_(District),Local_Authority_(Highway),1st_Road_Class,1st_Road_Number,Road_Type,Speed_limit,Junction_Detail,Junction_Control,2nd_Road_Class,2nd_Road_Number,Pedestrian_Crossing-Human_Control,Pedestrian_Crossing-Physical_Facilities,Light_Conditions,Weather_Conditions,Road_Surface_Conditions,Special_Conditions_at_Site,Carriageway_Hazards,Urban_or_Rural_Area,Did_Police_Officer_Attend_Scene_of_Accident,LSOA_of_Accident_Location,Date,Vehicle_Reference,Casualty_Reference,Casualty_Class,Sex_of_Casualty,Age_of_Casualty,Age_Band_of_Casualty,Casualty_Severity,Pedestrian_Location,Pedestrian_Movement,Car_Passenger,Bus_or_Coach_Passenger,Pedestrian_Road_Maintenance_Worker,Casualty_Type,Casualty_Home_Area_Type
51222,73.76466124,18.54814409,7,3,1,1,4,06:23,122,E06000049,4,5074,6,60,0,-1,-1,0,0,0,6,1,1,0,0,2,1,E01018480,12-10-2018,3,1,1,2,38,7,3,0,0,0,0,-1,9,1
51223,73.74671698,18.54683975,7,3,8,2,6,19:00,128,E06000007,1,6,3,70,0,-1,-1,0,0,0,4,1,1,0,3,2,1,E01012515,07-10-2018,2,1,1,2,23,5,3,0,0,0,0,-1,9,1
51224,73.89727635,18.6073593,7,3,2,1,4,08:25,124,E06000006,3,56,6,30,3,4,6,0,0,4,1,1,2,0,0,1,1,E01012385,12-10-2018,1,1,1,1,27,6,3,0,0,0,0,-1,9,1
51225,73.85389453,18.63886601,7,3,1,1,3,02:45,128,E06000007,1,62,3,70,0,-1,-1,0,0,0,4,1,2,0,0,2,1,E01012472,11-10-2018,1,1,2,1,17,4,3,0,0,1,0,-1,9,1
51226,73.81653043,18.51424644,7,3,1,1,4,23:59,120,E06000050,3,5268,1,30,1,2,6,0,0,5,4,1,2,0,0,1,1,E01018326,12-10-2018,1,1,1,1,34,6,3,0,0,0,0,-1,9,-1
51227,73.78795137,18.63145139,7,3,1,2,4,15:18,128,E06000007,3,57,3,30,0,-1,-1,0,0,0,1,1,1,0,0,1,1,E01012500,12-10-2018,2,2,1,1,25,5,3,0,0,0,0,-1,9,1
51228,73.88915879,18.5084301,7,3,1,1,4,23:55,127,E06000050,3,56,6,30,3,4,6,0,0,0,4,1,2,0,0,2,1,E01018686,12-10-2018,1,1,3,1,45,7,3,5,4,0,0,-1,0,1
51229,73.73550984,18.53935342,7,3,2,1,4,15:22,120,E06000050,3,5032,6,30,3,4,6,0,0,0,1,1,2,0,0,1,1,E01018520,12-10-2018,1,1,1,2,25,5,3,0,0,0,0,-1,9,1
51230,73.80219739,18.49985894,7,3,2,1,6,16:40,122,E06000049,3,5020,3,30,0,-1,6,0,0,0,1,1,1,0,0,1,2,E01018501,30-09-2018,1,2,2,2,23,5,3,0,0,1,0,-1,9,1
51231,73.74029111,18.59131021,7,3,2,1,4,11:03,120,E06000050,3,41,6,50,3,4,6,0,0,0,1,9,1,0,0,1,1,E01018358,12-10-2018,1,3,2,2,32,6,3,0,0,2,0,-1,9,1
51232,73.87145996,18.48996552,7,3,1,1,6,22:20,128,E06000007,5,1021,6,30,0,-1,-1,0,0,0,4,1,2,0,0,1,2,E01012556,07-10-2018,1,1,3,1,39,7,2,8,1,0,0,-1,0,1
51233,73.90167316,18.57209523,7,3,1,1,6,22:50,120,E06000050,6,0,2,30,3,4,6,0,0,0,4,1,1,0,0,1,1,E01018326,07-10-2018,2,1,1,2,34,6,3,0,0,0,0,-1,9,1
51234,73.77976313,18.59299596,7,3,3,1,4,07:57,120,E06000050,3,51,6,40,0,-1,-1,0,0,0,1,9,1,0,0,2,1,E01018323,12-10-2018,2,1,1,1,45,7,2,0,0,0,0,-1,5,1
51235,73.81827034,18.62755353,7,3,1,1,4,17:11,128,E06000007,3,574,1,30,1,4,6,0,0,0,1,2,2,6,0,1,1,E01012561,12-10-2018,1,1,1,1,14,3,3,0,0,0,0,-1,3,1
51236,73.92345092,18.58763883,7,3,2,1,4,13:00,128,E06000007,6,0,6,30,6,4,6,0,0,0,1,2,2,0,0,1,1,E01012502,12-10-2018,1,2,3,1,14,3,2,6,9,0,0,-1,0,-1
51237,73.80141931,18.62241105,7,3,2,1,4,08:50,124,E06000006,3,562,3,70,0,-1,-1,0,0,0,1,1,1,0,0,2,2,E01012443,28-09-2018,1,1,3,1,44,7,3,4,1,0,0,-1,0,1
51238,73.79022105,18.6455417,7,3,3,2,3,04:43,126,E06000049,1,6,3,70,0,-1,-1,0,0,0,6,1,1,0,0,2,1,E01018648,11-10-2018,1,1,3,2,36,7,3,9,9,0,0,-1,0,-1
51239,73.91903544,18.52262272,7,3,2,1,4,09:30,120,E06000050,5,218,6,30,3,4,6,0,0,0,1,2,2,0,0,1,1,E01018379,12-10-2018,2,1,2,1,68,10,1,0,0,2,0,-1,8,-1
51240,73.80949643,18.59760507,7,3,2,1,4,15:15,122,E06000049,3,5020,6,30,6,2,6,0,0,0,1,2,2,0,0,1,1,E01018501,12-10-2018,1,1,3,2,19,4,3,5,1,0,0,-1,0,-1
51241,73.77530534,18.53566642,7,3,1,1,4,16:55,122,E06000049,3,534,6,60,0,-1,-1,0,0,0,1,2,2,0,0,2,1,E01018481,12-10-2018,1,1,2,1,18,4,3,0,0,1,0,-1,9,1
51242,73.83155727,18.6433046,7,3,3,1,4,16:47,126,E06000049,3,34,6,60,3,4,6,0,0,0,1,2,2,0,0,2,1,E01018597,12-10-2018,1,1,1,1,68,10,3,0,0,0,0,-1,9,1
51243,73.83787205,18.56036796,7,3,3,1,4,08:56,120,E06000050,1,53,3,70,0,-1,-1,0,0,0,1,2,2,0,0,2,1,E01018359,12-10-2018,1,2,2,2,60,9,3,0,0,1,0,-1,9,1
51244,73.82656897,18.50276743,7,3,2,1,4,18:00,127,E06000050,3,556,6,40,6,2,5,614,0,0,1,1,2,0,0,2,2,E01018678,12-10-2018,2,1,1,1,48,8,3,0,0,0,0,-1,8,-1
51245,73.83147057,18.54093415,7,3,2,1,4,16:25,126,E06000049,5,418,6,60,0,-1,-1,0,0,0,1,2,2,0,0,2,1,E01018591,12-10-2018,1,1,3,2,18,4,3,5,4,0,0,-1,0,1
51246,73.85827925,18.61865503,7,3,2,1,4,08:50,126,E06000049,3,538,6,30,0,-1,-1,0,0,0,1,1,2,0,0,1,1,E01018666,12-10-2018,1,1,2,1,7,2,3,0,0,2,0,-1,9,1
51247,73.8784474,18.62748491,7,3,2,1,3,15:05,120,E06000050,3,41,3,40,9,4,6,0,0,0,1,1,1,0,0,1,1,E01018379,11-10-2018,2,2,2,2,63,9,3,0,0,0,4,-1,11,1
51248,73.78954112,18.5021447,7,3,2,2,2,15:30,126,E06000049,5,104,6,60,0,-1,-1,0,0,0,1,1,1,0,0,2,2,E01018648,05-09-2018,2,1,1,1,36,7,3,0,0,0,0,-1,9,-1
51249,73.85530923,18.49198307,7,3,2,1,5,15:31,126,E06000049,3,537,6,50,3,4,6,0,0,0,1,1,1,0,0,2,1,E01018669,06-10-2018,2,1,1,1,27,6,3,0,0,0,0,-1,9,1
51250,73.75321935,18.59172577,7,3,1,1,6,08:45,126,E06000049,5,401,6,30,0,-1,-1,0,0,0,1,1,1,0,0,1,2,E01018621,07-10-2018,1,1,3,1,13,3,2,5,4,0,0,-1,0,1
51251,73.89686426,18.50320427,7,2,3,5,6,00:17,128,E06000007,5,1025,3,30,0,-1,-1,0,0,0,4,1,1,0,0,1,1,E01012458,14-10-2018,2,1,1,2,61,9,3,0,0,0,0,-1,9,2
51252,73.75723674,18.64214632,7,3,3,3,5,17:40,128,E06000007,3,57,1,30,1,2,3,57,0,5,1,1,1,0,0,2,1,E01012458,13-10-2018,1,1,1,1,35,6,3,0,0,0,0,-1,9,1
51253,73.95091255,18.54509969,7,2,1,1,5,08:14,120,E06000050,6,0,9,30,0,-1,6,0,0,0,1,9,1,0,0,1,1,E01018351,13-10-2018,2,2,1,1,58,9,3,0,0,0,0,-1,9,-1
51254,73.90690138,18.59127831,7,3,2,2,4,12:20,128,E06000007,3,57,1,40,1,2,6,0,0,0,1,8,2,0,0,2,1,E01012458,12-10-2018,2,1,2,2,50,8,3,0,0,0,4,-1,11,-1
51255,73.79081241,18.5911555,7,3,2,1,4,12:30,120,E06000050,3,56,6,60,8,4,6,0,0,0,1,2,2,0,0,2,1,E01018358,12-10-2018,2,2,1,1,38,7,3,0,0,0,0,-1,11,1
51256,73.82793638,18.50918059,7,3,3,1,5,16:20,120,E06000050,6,0,6,30,3,4,3,548,0,0,1,2,2,0,0,1,1,E01018330,15-09-2018,2,3,2,2,72,10,3,0,0,0,3,-1,11,1
51257,73.93925349,18.52109434,7,3,2,1,5,18:09,126,E06000049,1,56,3,70,0,-1,-1,0,0,0,1,1,1,0,0,2,1,E01018548,13-10-2018,2,4,2,2,55,8,3,0,0,0,4,-1,11,1
51258,73.94127588,18.5467089,7,2,4,1,5,17:52,124,E06000006,1,56,3,70,0,-1,-1,0,0,0,1,1,1,0,0,1,1,E01012372,13-10-2018,1,1,3,2,16,4,3,5,1,0,0,-1,0,-1
51259,73.93088163,18.53056107,7,3,2,3,6,07:45,128,E06000007,1,6,3,70,0,-1,-1,0,0,0,1,9,1,0,0,2,1,E01012551,16-09-2018,2,1,1,1,50,8,3,0,0,0,0,-1,9,1
51260,73.87927508,18.59544404,7,2,1,2,5,08:18,124,E06000006,4,5155,6,40,0,-1,-1,0,0,0,1,1,1,0,0,1,1,E01012405,13-10-2018,1,1,3,1,15,3,3,5,1,0,0,-1,0,1
51261,73.7372249,18.64082928,7,3,2,1,1,15:45,126,E06000049,6,0,6,30,0,-1,-1,0,0,0,1,1,1,0,0,2,1,E01018661,18-09-2018,1,1,3,2,50,8,3,5,3,0,0,-1,0,1
51262,73.89858668,18.53947491,7,3,2,1,3,11:30,120,E06000050,6,0,2,30,0,-1,-1,0,0,0,1,1,1,0,0,1,2,E01018326,27-09-2018,1,1,1,2,54,8,3,0,0,0,0,-1,9,1
51263,73.86338677,18.49488469,7,3,1,1,1,06:00,120,E06000050,1,53,3,70,0,-1,-1,0,0,0,6,1,1,0,7,2,1,E01018380,09-10-2018,1,5,2,1,10,2,3,0,0,1,0,-1,9,-1
51264,73.79627336,18.5879448,7,3,3,2,1,15:55,128,E06000007,3,56,6,30,3,4,6,0,0,0,1,1,1,0,0,2,1,E01012514,16-10-2018,1,6,2,1,15,3,3,0,0,2,0,-1,9,1
51265,73.88894169,18.60916926,7,3,2,7,5,22:40,128,E06000007,3,57,6,30,6,2,6,0,0,0,4,1,1,0,0,1,1,E01012456,13-10-2018,2,1,1,1,17,4,3,0,0,0,0,-1,9,1
51266,73.78520799,18.61788636,7,2,2,2,1,10:15,124,E06000006,5,2013,6,30,6,4,4,5178,0,0,1,1,1,0,0,1,1,E01012413,16-10-2018,2,2,2,1,18,4,3,0,0,1,0,-1,9,1
51267,73.91447915,18.62763673,7,3,2,1,1,12:20,128,E06000007,3,50,6,30,6,2,6,0,0,0,1,1,1,0,0,1,1,E01012487,16-10-2018,2,3,2,1,18,4,3,0,0,2,0,-1,9,1
51268,73.74789008,18.63988081,7,3,1,1,6,22:20,128,E06000007,6,0,6,30,3,4,6,0,0,0,4,1,1,0,0,1,1,E01012537,14-10-2018,2,4,2,2,18,4,3,0,0,2,0,-1,9,-1
51269,73.92881154,18.50381087,7,3,1,1,4,22:30,120,E06000050,6,0,2,30,0,-1,-1,0,0,0,4,2,2,0,0,1,1,E01018326,12-10-2018,1,1,1,1,32,6,3,0,0,0,0,-1,90,1
51270,73.73473461,18.62992993,7,3,1,2,7,20:50,127,E06000050,6,0,6,60,0,-1,-1,0,0,0,6,1,1,0,0,2,1,E01018708,15-10-2018,2,2,1,1,28,6,3,0,0,0,0,-1,9,1
51271,73.94700827,18.51406094,7,2,2,1,6,20:25,120,E06000050,5,836,6,30,0,-1,-1,0,0,0,6,1,1,0,0,2,1,E01018325,14-10-2018,1,1,3,2,10,2,2,1,1,0,0,-1,0,1
51272,73.76952368,18.50281458,7,3,1,1,1,11:34,127,E06000050,3,556,3,70,0,-1,-1,0,0,0,1,1,1,0,0,2,1,E01018678,16-10-2018,2,1,1,1,19,4,2,0,0,0,0,-1,1,-1
51273,73.95793273,18.56919383,7,3,3,1,3,12:22,120,E06000050,3,51,6,30,0,-1,-1,0,0,0,1,1,2,0,0,1,1,E01018319,11-10-2018,2,1,1,1,51,8,3,0,0,0,0,-1,9,1
51274,73.76973963,18.50055694,7,3,2,1,2,08:35,123,E06000050,3,41,6,40,6,2,4,5133,0,0,1,1,1,0,0,2,1,E01018570,10-10-2018,2,1,1,2,24,5,3,0,0,0,0,-1,9,1
51275,73.85391945,18.539352,7,2,2,1,6,15:03,120,E06000050,6,0,6,30,3,4,6,0,0,0,1,1,1,0,0,1,1,E01018330,14-10-2018,1,1,1,1,21,5,3,0,0,0,0,-1,9,1
51276,73.74527497,18.60611959,7,2,1,1,2,00:29,120,E06000050,3,5268,1,30,1,2,6,0,0,5,4,9,1,0,0,1,1,E01018326,17-10-2018,2,1,1,1,35,6,3,0,0,0,0,-1,11,1
51277,73.74835116,18.58595123,7,3,1,1,6,23:52,123,E06000050,6,0,6,30,0,-1,-1,0,0,0,4,1,1,0,0,1,1,E01018537,14-10-2018,2,2,2,2,18,4,3,0,0,0,4,-1,11,1
51278,73.95340688,18.60411247,7,3,1,1,6,18:09,123,E06000050,4,5132,6,30,3,4,6,0,0,0,1,1,1,0,0,1,1,E01018558,14-10-2018,2,1,1,2,28,6,3,0,0,0,0,-1,9,1
51279,73.88279778,18.60533155,7,2,1,5,1,22:02,120,E06000050,3,41,3,70,0,-1,-1,0,0,0,4,1,1,0,0,2,1,E01018360,16-10-2018,1,1,3,1,10,2,2,5,2,0,0,-1,0,1
51280,73.80717869,18.64371415,7,3,2,1,3,17:18,128,E06000007,3,49,6,30,3,4,6,0,0,0,1,1,1,0,0,1,1,E01012456,11-10-2018,2,1,1,2,27,6,3,0,0,0,0,-1,9,1
51281,73.958829,18.59499049,7,3,2,1,6,16:50,128,E06000007,1,62,3,70,0,-1,-1,0,0,0,1,1,1,0,0,2,1,E01012472,14-10-2018,2,1,1,1,55,8,3,0,0,0,0,-1,9,1
51282,73.79743379,18.50934105,7,1,2,2,3,08:22,126,E06000049,3,537,6,60,0,-1,-1,0,0,0,1,1,1,0,0,2,1,E01018607,11-10-2018,2,1,1,1,77,11,3,0,0,0,0,-1,90,1
51283,73.91162731,18.50310404,7,3,2,1,7,23:35,122,E06000049,5,528,6,30,0,-1,-1,0,0,0,4,1,1,0,0,1,2,E01018477,08-10-2018,1,1,1,1,47,8,3,0,0,0,0,-1,9,1
51284,73.75869558,18.64379506,7,2,3,2,3,12:33,122,E06000049,5,528,9,30,0,-1,-1,0,0,0,7,9,1,0,0,1,1,E01018500,11-10-2018,2,2,1,1,25,5,3,0,0,0,0,-1,9,1
51285,73.75366431,18.57531492,7,3,2,1,4,08:40,122,E06000049,6,0,6,30,0,-1,6,0,0,0,1,1,2,0,0,1,2,E01018507,12-10-2018,2,1,1,2,30,6,3,0,0,0,0,-1,9,1
51286,73.82662012,18.53183443,7,3,1,1,4,11:14,126,E06000049,6,0,6,30,0,-1,-1,0,0,0,1,1,1,0,0,1,1,E01018638,12-10-2018,2,1,1,1,55,8,3,0,0,0,0,-1,9,1
51287,73.91633107,18.6008687,7,3,2,1,4,21:05,122,E06000049,5,552,6,30,9,4,3,532,0,0,4,2,2,0,0,1,2,E01018483,12-10-2018,2,2,2,1,27,6,3,0,0,1,0,-1,9,1
51288,73.95379322,18.55313679,7,3,1,1,5,21:35,122,E06000049,3,49,6,60,0,-1,-1,0,0,0,6,1,1,0,0,2,1,E01018481,13-10-2018,2,3,2,1,22,5,3,0,0,2,0,-1,9,1
51289,73.92832588,18.55258175,7,3,1,1,5,19:42,127,E06000050,4,5074,6,60,0,-1,-1,0,0,0,6,1,1,0,0,2,1,E01018725,13-10-2018,2,1,2,1,33,6,3,0,0,1,0,-1,9,-1
51290,73.74804409,18.6324728,7,3,1,1,5,11:00,122,E06000049,3,530,6,30,6,1,3,530,0,0,1,1,1,0,0,1,1,E01018453,13-10-2018,1,1,3,2,16,4,3,6,9,0,0,-1,0,1
51291,73.9305312,18.55142175,7,2,1,1,5,14:45,121,E06000049,6,0,2,30,3,4,6,0,0,0,1,1,1,0,0,1,1,E01018402,13-10-2018,1,1,3,1,10,2,3,10,1,0,0,-1,0,-1
51292,73.81493924,18.48881313,7,2,1,1,5,17:31,122,E06000049,6,0,6,30,3,4,6,0,0,0,1,1,1,0,0,1,1,E01018499,13-10-2018,1,1,3,1,52,8,3,5,9,0,0,-1,0,1
51293,73.93303363,18.51342478,7,3,2,2,7,12:30,128,E06000007,5,1014,6,60,0,-1,-1,0,0,0,1,1,1,0,0,2,2,E01012468,15-10-2018,2,1,1,2,31,6,3,0,0,0,0,-1,9,-1
51294,73.93817518,18.56718624,7,3,2,1,6,07:14,126,E06000049,1,6,3,70,0,-1,-1,0,0,0,1,1,1,0,0,2,1,E01018598,14-10-2018,1,1,1,2,33,6,3,0,0,0,0,-1,9,1
51295,73.78550944,18.5803059,7,2,2,1,3,07:45,122,E06000049,3,51,6,60,0,-1,-1,0,0,0,1,1,1,0,0,2,1,E01018458,11-10-2018,2,2,1,1,44,7,3,0,0,0,0,-1,9,1
51296,73.77587455,18.63968482,7,3,2,3,5,11:00,121,E06000049,6,0,6,30,8,4,6,0,0,0,1,1,1,0,0,2,1,E01018428,13-10-2018,3,3,1,1,61,9,3,0,0,0,0,-1,9,1
51297,73.74864959,18.58281904,7,3,2,1,5,16:20,122,E06000049,5,841,6,60,8,4,6,0,0,0,1,1,1,0,0,1,2,E01018517,13-10-2018,1,1,1,1,21,5,3,0,0,0,0,-1,9,-1
51298,73.74841787,18.58041763,7,3,5,1,2,12:30,127,E06000050,1,6,3,70,0,-1,-1,0,0,0,1,1,1,0,0,2,1,E01018722,17-10-2018,2,1,1,1,18,4,3,0,0,0,0,-1,9,1
51299,73.95632258,18.60487217,7,3,3,1,6,23:17,122,E06000049,6,0,6,60,0,-1,-1,0,0,0,6,1,1,0,0,2,1,E01018481,14-10-2018,1,1,1,2,25,5,3,0,0,0,0,-1,3,-1
51300,73.76804546,18.54674496,7,2,1,1,6,18:52,127,E06000050,3,533,6,40,6,4,6,0,0,0,4,1,1,0,0,1,1,E01018421,14-10-2018,2,1,1,1,64,9,3,0,0,0,0,-1,9,1
51301,73.82676103,18.60717586,7,3,2,1,6,09:05,121,E06000049,3,54,6,60,3,4,6,0,0,0,1,1,1,0,0,2,2,E01018415,14-10-2018,2,2,2,1,33,6,3,0,0,1,0,-1,9,-1
51302,73.78496758,18.51375881,7,3,1,1,5,12:52,126,E06000049,6,0,6,30,0,-1,-1,0,0,0,1,1,1,0,0,2,1,E01018593,13-10-2018,2,1,1,1,25,5,3,0,0,0,0,-1,9,1
51303,73.91722353,18.64114018,7,3,2,2,6,15:38,126,E06000049,5,463,6,30,0,-1,-1,0,0,0,1,1,1,0,0,1,1,E01018574,14-10-2018,2,1,1,2,46,8,3,0,0,0,0,-1,9,1
51304,73.82954398,18.51437242,7,3,2,2,7,14:13,121,E06000049,6,0,6,30,0,-1,-1,0,0,0,1,1,1,0,0,1,1,E01018432,15-10-2018,2,1,1,1,45,7,3,0,0,0,0,-1,9,1
51305,73.80713769,18.57899884,7,3,2,1,7,14:00,123,E06000050,6,0,9,20,0,-1,-1,0,0,0,7,9,1,0,0,1,1,E01018551,08-10-2018,1,1,3,2,7,2,3,5,1,0,0,-1,0,1
51306,73.89923013,18.5299334,7,2,2,1,7,06:55,126,E06000049,1,6,3,60,0,-1,-1,0,0,0,6,1,1,0,0,2,1,E01018648,15-10-2018,1,1,3,1,22,5,3,5,3,0,0,-1,0,1
51307,73.74162537,18.59057885,7,3,2,1,1,13:25,122,E06000049,3,500,1,60,1,4,6,0,0,8,1,1,1,0,0,2,1,E01018517,16-10-2018,2,1,1,1,43,7,2,0,0,0,0,-1,5,-1
51308,73.80055496,18.56104251,7,3,2,2,3,22:00,128,E06000007,6,0,6,30,2,4,6,0,0,0,1,1,1,0,0,2,2,E01012568,11-10-2018,1,1,3,1,11,3,3,5,2,0,0,-1,0,1
51309,73.91612664,18.52926742,7,2,1,1,4,10:35,127,E06000050,3,54,1,70,1,4,6,0,0,0,1,1,1,0,0,1,1,E01018739,19-10-2018,2,1,1,1,24,5,3,0,0,0,0,-1,9,1
51310,73.898615,18.60042726,7,2,1,1,4,10:50,126,E06000049,3,556,9,70,0,-1,6,0,0,0,1,1,2,0,0,2,1,E01018648,12-10-2018,2,1,1,1,36,7,3,0,0,0,0,-1,9,1
51311,73.87294435,18.49215873,7,3,2,1,3,17:02,120,E06000050,3,5117,3,70,3,4,6,0,0,0,1,1,1,0,0,2,1,E01018367,18-10-2018,2,2,2,2,24,5,3,0,0,1,0,-1,9,1
51312,73.73662973,18.59573279,7,3,1,1,1,02:40,126,E06000049,3,536,6,30,6,2,3,5024,0,8,4,1,1,0,0,1,1,E01018624,16-10-2018,3,3,1,2,37,7,3,0,0,0,0,-1,9,1
51313,73.82304947,18.58669114,7,3,2,1,4,18:11,124,E06000006,3,558,6,60,0,-1,-1,0,0,0,4,2,2,0,0,2,1,E01012387,19-10-2018,3,4,2,1,68,10,3,0,0,1,0,-1,9,1
51314,73.87124151,18.57652118,7,3,3,2,4,14:40,124,E06000006,5,710,6,30,3,4,6,0,0,0,1,1,2,0,0,1,1,E01012383,19-10-2018,2,1,1,1,18,4,3,0,0,0,0,-1,9,1
51315,73.82947643,18.49411102,7,3,1,1,4,00:15,128,E06000007,3,562,6,40,0,-1,-1,0,0,0,1,2,2,0,0,2,1,E01012530,19-10-2018,1,1,3,1,58,9,3,6,9,0,0,-1,0,1
51316,73.7363703,18.54529286,7,3,2,6,7,14:53,123,E06000050,4,5134,6,30,3,2,6,0,0,0,1,1,1,0,0,1,1,E01018533,15-10-2018,1,1,3,2,15,3,2,10,9,0,0,-1,0,1
51317,73.80106936,18.50705871,7,3,2,2,3,20:14,120,E06000050,4,5132,6,60,0,-1,-1,0,0,0,6,1,1,0,0,2,1,E01018337,18-10-2018,1,1,1,2,21,5,3,0,0,0,0,-1,9,1
51318,73.80339236,18.57482076,7,3,2,1,4,10:30,121,E06000049,1,6,3,70,0,-1,-1,0,0,0,1,1,1,0,0,2,1,E01018418,19-10-2018,1,1,1,2,31,6,3,0,0,0,0,-1,1,1
51319,73.84675873,18.6058099,7,3,2,1,4,13:30,128,E06000007,3,50,6,30,0,-1,-1,0,0,0,1,2,2,0,0,2,1,E01012488,19-10-2018,2,1,1,2,21,5,3,0,0,0,0,-1,9,1
51320,73.86997795,18.5425255,7,3,2,2,4,07:55,128,E06000007,6,0,6,30,1,4,6,0,0,0,1,1,2,0,0,1,1,E01012562,19-10-2018,2,2,2,2,23,5,3,0,0,1,0,-1,9,1
51321,73.92884739,18.58084157,7,3,3,1,4,17:30,128,E06000007,1,62,3,70,0,-1,-1,0,0,0,1,8,1,4,0,2,1,E01005621,05-10-2018,2,3,2,2,19,4,3,0,0,2,0,-1,9,1
51322,73.78032835,18.49399666,7,2,2,3,4,15:20,128,E06000007,3,562,6,50,3,4,5,1027,0,0,1,1,2,0,0,2,1,E01012530,19-10-2018,2,4,2,2,19,4,3,0,0,2,0,-1,9,1
51323,73.89586156,18.57825515,7,3,2,1,4,18:15,126,E06000049,3,50,9,60,0,-1,6,0,0,0,7,9,1,0,0,2,1,E01018654,12-10-2018,2,1,1,2,15,3,3,0,0,0,0,-1,1,1
51324,73.8507157,18.57932677,7,3,2,1,2,08:30,122,E06000049,3,534,6,40,0,-1,-1,0,0,0,1,1,1,0,0,1,2,E01018505,17-10-2018,1,1,3,2,8,2,3,5,3,0,0,-1,0,-1
51325,73.86928664,18.62855972,7,3,1,1,3,15:11,122,E06000049,3,5019,6,30,6,2,3,534,0,0,1,1,1,0,0,1,1,E01018486,18-10-2018,1,1,1,1,32,6,3,0,0,0,0,-1,9,-1
51326,73.81861072,18.512648,7,3,2,1,4,12:05,121,E06000049,6,0,6,60,0,-1,-1,0,0,0,1,1,1,0,0,2,2,E01018412,05-10-2018,2,2,2,1,23,5,3,0,0,2,0,-1,9,1
51327,73.84435343,18.51883173,7,3,2,1,5,11:21,123,E06000050,1,53,3,70,0,-1,-1,0,0,0,1,1,1,4,0,1,1,E01018552,20-10-2018,1,1,3,2,38,7,3,5,5,0,0,-1,0,-1
51328,73.7547043,18.50389428,7,2,5,1,3,06:45,121,E06000049,1,6,9,70,0,-1,1,6,0,0,1,1,1,0,0,2,1,E01018418,18-10-2018,1,1,1,1,13,3,3,0,0,0,0,-1,1,-1
51329,73.93161562,18.54142324,7,3,1,1,4,00:30,126,E06000049,3,537,6,60,0,-1,-1,0,0,0,6,2,2,0,0,2,1,E01018597,19-10-2018,2,1,1,1,22,5,3,0,0,0,0,-1,9,1
51330,73.77839064,18.53365795,7,3,2,1,4,06:15,121,E06000049,3,54,1,30,1,4,3,54,0,0,4,2,2,0,0,1,1,E01018402,19-10-2018,2,1,1,1,46,8,3,0,0,0,0,-1,9,1
51331,73.84367782,18.54144381,7,3,3,1,4,18:14,122,E06000049,3,530,6,60,3,4,4,5076,0,0,4,2,2,0,0,2,1,E01018480,19-10-2018,2,1,2,1,37,7,3,0,0,0,3,-1,11,1
51332,73.84139254,18.52208064,7,2,3,1,4,14:25,122,E06000049,6,0,6,60,3,4,6,0,0,0,1,2,2,0,0,2,1,E01018465,19-10-2018,2,1,1,1,18,4,3,0,0,0,0,-1,9,1
51333,73.9419698,18.51396451,7,3,1,1,4,19:50,126,E06000049,3,34,6,60,0,-1,-1,0,0,0,6,2,2,0,0,2,1,E01018597,19-10-2018,2,1,1,1,68,10,3,0,0,0,0,-1,9,1
51334,73.87752272,18.50816391,7,3,3,1,1,11:10,128,E06000007,3,579,6,60,0,-1,-1,0,0,0,1,1,1,0,0,2,1,E01012472,16-10-2018,1,1,3,2,6,2,3,5,1,0,0,-1,0,-1
51335,73.80254311,18.61893506,7,3,1,2,5,16:50,128,E06000007,3,49,3,40,0,-1,-1,0,0,4,1,1,1,0,0,1,1,E01012455,20-10-2018,1,1,3,2,8,2,3,5,3,0,0,-1,0,1
51336,73.83336831,18.58041877,7,3,3,1,4,11:17,127,E06000050,3,530,6,60,6,4,6,0,0,0,1,1,2,0,0,2,1,E01018718,19-10-2018,1,1,3,2,13,3,3,5,2,0,0,-1,0,1
51337,73.95999246,18.6037145,7,3,2,1,6,18:30,124,E06000006,6,0,6,30,3,4,6,0,0,0,1,1,1,0,0,1,2,E01012442,14-10-2018,2,1,1,1,37,7,3,0,0,0,0,-1,1,1
51338,73.92265103,18.54751957,7,3,2,1,6,08:00,127,E06000050,3,530,6,40,3,4,4,5082,0,0,1,2,2,0,0,1,1,E01018718,21-10-2018,2,1,1,1,65,9,3,0,0,0,0,-1,9,1
51339,73.80054763,18.60755393,7,3,2,1,5,05:32,127,E06000050,1,6,3,70,0,-1,-1,0,0,0,6,2,2,0,0,2,1,E01018722,20-10-2018,1,1,1,2,31,6,3,0,0,0,0,-1,9,-1
51340,73.95395599,18.55066702,7,2,1,1,2,19:37,122,E06000049,3,534,6,30,6,4,6,0,0,0,4,1,1,0,0,1,2,E01018447,17-10-2018,2,2,1,1,30,6,3,0,0,0,0,-1,9,-1
51341,73.95456246,18.59338286,7,3,2,1,4,09:05,122,E06000049,3,529,9,60,0,-1,-1,0,0,0,7,9,1,0,2,2,1,E01018515,19-10-2018,2,3,2,2,35,6,3,0,0,1,1,-1,9,-1