Accident_Index,longitude,latitude,Police_Force,Accident_Severity,Number_of_Vehicles,Number_of_Casualties,Day_of_Week,Time,Local_Authority_(District),Local_Authority_(Highway),1st_Road_Class,1st_Road_Number,Road_Type,Speed_limit,Junction_Detail,Junction_Control,2nd_Road_Class,2nd_Road_Number,Pedestrian_Crossing-Human_Control,Pedestrian_Crossing-Physical_Facilities,Light_Conditions,Weather_Conditions,Road_Surface_Conditions,Special_Conditions_at_Site,Carriageway_Hazards,Urban_or_Rural_Area,Did_Police_Officer_Attend_Scene_of_Accident,LSOA_of_Accident_Location,Date,Vehicle_Reference,Casualty_Reference,Casualty_Class,Sex_of_Casualty,Age_of_Casualty,Age_Band_of_Casualty,Casualty_Severity,Pedestrian_Location,Pedestrian_Movement,Car_Passenger,Bus_or_Coach_Passenger,Pedestrian_Road_Maintenance_Worker,Casualty_Type,Casualty_Home_Area_Type
51702,73.87422635,18.56541536,7,2,1,1,5,18:36,122,E06000049,6,0,6,30,9,4,6,0,0,0,4,1,2,0,0,1,1,E01018456,10-11-2018,2,1,1,1,29,6,3,0,0,0,0,-1,9,1
51703,73.94279551,18.55068918,7,2,1,1,5,22:30,121,E06000049,5,314,6,60,0,-1,-1,0,0,0,6,1,1,0,0,2,1,E01018411,10-11-2018,2,1,2,1,24,5,3,0,0,1,0,-1,9,1
51704,73.81681894,18.63655789,7,3,2,1,5,08:15,127,E06000050,6,0,6,30,8,4,6,0,0,0,1,1,2,0,0,1,2,E01018423,10-11-2018,2,1,1,1,50,8,3,0,0,0,0,-1,1,-1
51705,73.76494456,18.6004905,7,3,2,1,1,08:20,122,E06000049,3,51,6,30,3,4,6,0,0,0,1,1,1,0,0,1,2,E01018454,13-11-2018,1,1,1,2,27,6,3,0,0,0,0,-1,9,1
51706,73.80880898,18.53720034,7,3,2,1,6,21:44,122,E06000049,3,534,6,30,6,2,4,5071,0,0,4,1,1,0,0,1,1,E01018447,11-11-2018,2,2,1,1,33,6,3,0,0,0,0,-1,9,1
51707,73.92121,18.63011889,7,2,2,1,7,08:45,126,E06000049,4,5085,6,30,3,4,6,0,0,1,1,1,1,0,0,1,1,E01018610,12-11-2018,2,1,2,2,14,3,3,0,0,2,0,-1,9,1
51708,73.91281176,18.61840872,7,3,1,1,2,09:00,122,E06000049,6,0,6,30,0,-1,-1,0,0,4,1,1,1,0,0,1,2,E01018501,14-11-2018,1,1,1,1,12,3,3,0,0,0,0,-1,1,1
51709,73.94605651,18.64195506,7,3,2,1,3,18:35,126,E06000049,3,6,6,30,3,4,6,0,0,0,4,1,1,0,0,2,1,E01018586,15-11-2018,2,1,1,2,50,8,3,0,0,0,0,-1,9,-1
51710,73.76648813,18.56053626,7,3,1,1,7,09:50,121,E06000049,3,54,6,50,0,-1,-1,0,0,0,1,1,2,0,0,2,1,E01018393,12-11-2018,1,1,1,1,35,6,3,0,0,0,0,-1,9,3
51711,73.76234271,18.60244466,7,3,1,5,4,15:50,126,E06000049,4,5166,6,30,0,-1,-1,0,0,0,1,1,1,0,0,2,1,E01018602,16-11-2018,2,1,1,1,35,6,3,0,0,0,0,-1,9,1
51712,73.93003958,18.63178456,7,3,3,1,4,17:13,122,E06000049,3,51,6,60,0,-1,-1,0,0,0,4,1,1,0,0,2,1,E01018458,16-11-2018,3,1,1,2,28,6,3,0,0,0,0,-1,9,1
51713,73.86602711,18.54029965,7,3,2,1,5,19:27,120,E06000050,3,41,6,60,3,4,5,812,0,0,6,1,2,0,0,3,1,,17-11-2018,3,2,2,2,64,9,3,0,0,1,0,-1,9,1
51714,73.89069352,18.50698269,7,3,2,1,5,14:16,124,E06000006,3,533,3,60,0,-1,-1,0,0,0,1,1,1,0,0,2,1,E01012440,17-11-2018,1,1,1,2,25,5,3,0,0,0,0,-1,9,1
51715,73.85982454,18.61540118,7,3,2,4,5,13:27,127,E06000050,3,556,3,70,2,4,3,559,0,0,1,1,1,0,0,2,1,E01018706,17-11-2018,1,1,2,2,65,9,2,0,0,2,0,-1,9,1
51716,73.7344909,18.61478417,7,3,1,1,4,05:53,122,E06000049,3,530,6,60,0,-1,6,0,0,0,6,4,2,0,0,2,1,E01018680,09-11-2018,1,1,3,1,48,8,3,1,1,0,0,-1,0,-1
51717,73.82544604,18.49580396,7,3,2,3,5,10:30,128,E06000007,3,56,6,30,6,3,6,0,0,0,1,1,1,0,0,2,1,E01012513,17-11-2018,1,1,1,1,11,3,3,0,0,0,0,-1,1,1
51718,73.87459787,18.5002608,7,3,2,1,6,21:00,124,E06000006,3,5080,6,50,0,-1,-1,0,0,0,4,1,4,0,0,1,1,E01012395,18-11-2018,4,1,2,2,58,9,3,0,0,1,0,-1,9,-1
51719,73.91090075,18.54926849,7,2,2,2,7,11:14,128,E06000007,3,49,6,30,6,2,5,715,0,0,1,1,2,0,0,1,1,E01012450,19-11-2018,2,1,1,1,40,7,3,0,0,0,0,-1,8,-1
51720,73.92138212,18.48948204,7,3,2,2,6,20:10,124,E06000006,3,557,7,60,0,-1,-1,0,0,0,4,1,1,0,0,1,1,E01012416,18-11-2018,2,1,1,1,29,6,3,0,0,0,0,-1,5,1
51721,73.93664645,18.56051003,7,3,1,2,6,22:20,128,E06000007,5,1023,6,30,0,-1,-1,0,0,0,4,1,2,0,0,1,1,E01012498,18-11-2018,1,1,1,1,17,4,3,0,0,0,0,-1,5,1
51722,73.89615849,18.64703005,7,3,2,1,6,22:36,128,E06000007,5,1023,6,30,0,-1,-1,0,0,0,4,2,2,0,0,1,1,E01012498,18-11-2018,1,1,1,1,19,4,3,0,0,0,0,-1,9,1
51723,73.78581334,18.61632639,7,3,2,1,6,12:10,124,E06000006,6,0,6,40,3,4,6,0,0,0,1,1,1,0,0,1,1,E01012391,18-11-2018,1,2,2,1,37,7,3,0,0,2,0,-1,9,1
51724,73.75241637,18.63709985,7,3,1,1,3,08:15,120,E06000050,5,835,6,20,3,4,6,0,0,0,1,1,1,0,0,2,1,E01018368,15-11-2018,3,3,2,2,64,9,3,0,0,1,0,-1,9,1
51725,73.87507573,18.63705508,7,3,2,1,7,12:10,124,E06000006,6,0,6,30,3,4,6,0,0,0,1,8,2,0,0,2,1,E01012440,19-11-2018,1,1,1,1,28,6,3,0,0,0,0,-1,9,1
51726,73.79279196,18.50399536,7,3,2,1,6,17:50,124,E06000006,4,5178,6,30,3,4,6,0,0,0,4,1,2,0,0,1,1,E01012367,18-11-2018,2,2,1,2,33,6,3,0,0,0,0,-1,9,1
51727,73.86940878,18.56597617,7,3,1,1,7,12:00,128,E06000007,5,1018,6,60,8,4,6,0,0,0,1,1,1,0,0,2,1,E01012468,19-11-2018,1,1,3,2,18,4,3,9,9,0,0,-1,0,-1
51728,73.89507833,18.51294456,7,3,1,1,1,07:49,127,E06000050,3,56,6,30,0,-1,-1,0,0,0,1,1,1,0,0,2,1,E01018696,20-11-2018,1,1,3,1,14,3,2,1,1,0,0,-1,0,1
51729,73.82915822,18.57476012,7,3,2,1,6,13:30,124,E06000006,6,0,3,60,1,4,1,56,0,0,1,1,1,0,0,1,1,E01012415,18-11-2018,1,1,1,2,23,5,3,0,0,0,0,-1,19,1
51730,73.84487329,18.57474652,7,3,1,1,1,14:55,127,E06000050,3,56,6,60,0,-1,-1,0,0,0,1,1,2,0,0,2,1,E01018690,20-11-2018,1,2,2,2,26,6,3,0,0,1,0,-1,19,1
51731,73.73516743,18.51438111,7,3,2,1,1,23:30,128,E06000007,4,5356,6,40,0,-1,-1,0,0,0,4,1,2,0,0,2,1,E01012503,20-11-2018,2,3,1,2,31,6,3,0,0,0,0,-1,9,1
51732,73.92205885,18.54595797,7,3,3,1,7,10:14,128,E06000007,5,1046,6,30,3,4,6,0,0,0,1,1,4,0,0,1,1,E01012531,19-11-2018,2,4,2,2,11,3,3,0,0,1,0,-1,9,1
51733,73.77698089,18.53312423,7,3,2,1,7,18:35,127,E06000050,3,56,6,30,3,4,6,0,0,0,4,7,2,0,0,2,1,E01018686,19-11-2018,2,5,2,2,6,2,3,0,0,2,0,-1,9,1
51734,73.83809571,18.50925247,7,3,1,1,7,10:10,127,E06000050,3,533,1,60,1,4,3,533,0,0,1,7,4,0,0,2,1,E01018702,19-11-2018,2,1,1,2,47,8,3,0,0,0,0,-1,9,1
51735,73.76708517,18.55049566,7,3,2,3,6,16:45,127,E06000050,3,556,6,50,6,4,4,5152,0,0,4,1,1,0,0,2,1,E01018707,18-11-2018,1,1,3,1,60,9,3,5,3,0,0,-1,0,-1
51736,73.90804368,18.55714125,7,3,1,1,1,15:37,128,E06000007,3,6144,6,30,3,4,4,5159,0,0,1,4,1,7,0,2,1,E01012518,20-11-2018,2,1,1,1,46,8,3,0,0,0,0,-1,8,1
51737,73.81544844,18.51142535,7,3,2,2,5,14:00,128,E06000007,3,5061,6,30,3,4,6,0,0,0,1,1,1,0,0,1,2,E01012456,10-11-2018,2,1,1,2,56,9,3,0,0,0,0,-1,9,1
51738,73.95429781,18.59814574,7,3,3,2,5,17:45,127,E06000050,6,0,3,30,8,4,6,0,0,0,4,1,1,0,0,1,1,E01018749,17-11-2018,2,1,1,1,63,9,3,0,0,0,0,-1,3,1
51739,73.93460815,18.57697318,7,3,2,2,6,16:00,120,E06000050,5,218,6,30,0,-1,-1,0,0,0,4,1,4,0,0,1,2,E01018361,18-11-2018,1,1,1,1,29,6,3,0,0,0,0,-1,9,1
51740,73.84527038,18.58765545,7,3,1,2,6,12:54,123,E06000050,6,0,6,60,0,-1,-1,0,0,0,1,2,2,0,0,2,1,E01018569,11-11-2018,2,2,1,1,50,8,3,0,0,0,0,-1,9,1
51741,73.7978396,18.54003267,7,3,2,1,5,22:10,127,E06000050,3,559,6,30,3,4,5,629,0,0,4,1,1,0,0,1,2,E01018691,17-11-2018,1,1,3,1,29,6,3,5,1,0,0,-1,0,1
51742,73.83633502,18.58660191,7,3,4,1,6,22:30,128,E06000007,6,0,6,30,0,-1,-1,0,0,0,4,1,1,0,0,1,1,E01012524,18-11-2018,2,1,1,1,31,6,3,0,0,0,0,-1,1,1
51743,73.78142844,18.57724223,7,3,2,1,6,13:05,123,E06000050,4,5132,6,30,0,-1,-1,0,0,0,1,1,1,0,0,1,1,E01018566,18-11-2018,2,1,1,2,38,7,3,0,0,0,0,-1,1,1
51744,73.85921634,18.62327648,7,2,2,1,7,17:30,122,E06000049,6,0,6,30,9,4,6,0,0,0,4,1,2,0,0,1,2,E01018459,05-11-2018,2,1,1,1,21,5,3,0,0,0,0,-1,1,1
51745,73.81385907,18.53440012,7,3,2,1,5,15:20,124,E06000006,5,751,6,30,3,4,6,0,0,0,1,1,1,0,0,1,2,E01012416,10-11-2018,2,1,1,1,32,6,3,0,0,0,0,-1,9,1
51746,73.74666214,18.50326635,7,3,2,2,4,20:25,128,E06000007,1,62,3,50,0,-1,-1,0,0,0,1,1,1,4,0,2,2,E01012562,14-09-2018,2,1,1,1,53,8,3,0,0,0,0,-1,5,1
51747,73.96060497,18.62492824,7,3,2,1,4,12:07,127,E06000050,3,50,6,60,0,-1,-1,0,0,0,1,1,1,0,0,2,1,E01018411,16-11-2018,1,1,1,1,8,2,3,0,0,0,0,-1,1,-1
51748,73.87769705,18.5739067,7,3,2,1,4,16:00,124,E06000006,6,0,6,30,3,4,6,0,0,0,1,1,1,0,0,1,2,E01012408,09-11-2018,1,1,3,2,18,4,3,2,1,0,0,-1,0,1
51749,73.94348238,18.54547988,7,3,2,1,5,10:15,121,E06000049,1,6,3,70,0,-1,-1,0,0,0,1,8,1,0,0,2,2,E01018439,01-09-2018,2,1,2,2,45,7,3,0,0,2,0,-1,8,-1
51750,73.9487008,18.60289304,7,3,3,1,3,12:10,126,E06000049,4,5085,6,60,0,-1,-1,0,0,0,1,1,2,0,0,2,1,E01018651,25-10-2018,2,1,1,1,45,7,3,0,0,0,0,-1,9,1
51751,73.80514253,18.49651787,7,3,1,1,4,09:00,126,E06000049,4,5090,1,30,1,1,6,0,0,0,1,1,1,0,0,2,2,E01018578,16-11-2018,1,2,2,2,19,4,3,0,0,2,0,-1,9,-1
51752,73.81165007,18.48898511,7,3,2,1,4,17:20,123,E06000050,1,53,2,70,5,4,6,0,0,0,4,1,1,0,0,2,1,E01018337,16-11-2018,1,3,2,2,18,4,3,0,0,1,0,-1,9,-1
51753,73.76803856,18.54498391,7,2,1,1,4,13:20,122,E06000049,5,514,6,30,3,4,6,0,0,0,1,1,1,0,0,2,1,E01018458,16-11-2018,2,1,1,1,39,7,3,0,0,0,0,-1,9,1
51754,73.8747532,18.58749325,7,2,2,1,4,14:15,126,E06000049,6,0,1,60,1,4,4,5090,0,8,1,9,1,0,0,2,2,E01018579,16-11-2018,2,1,1,1,19,4,3,0,0,0,0,-1,1,1
51755,73.77671484,18.56020055,7,3,1,1,5,11:30,126,E06000049,6,0,6,30,3,4,6,0,0,0,1,1,2,0,0,1,1,E01018663,17-11-2018,1,1,3,2,5,1,3,9,6,0,0,-1,0,1
51756,73.73720358,18.54500073,7,3,3,1,4,15:30,120,E06000050,3,540,6,30,0,-1,-1,0,0,0,1,1,1,0,0,2,1,E01018360,16-11-2018,3,1,2,1,9,2,3,0,0,1,0,-1,9,1
51757,73.82888691,18.49503777,7,2,2,1,2,15:27,120,E06000050,3,5117,3,60,3,2,6,0,0,8,1,7,2,0,0,1,1,E01018337,21-11-2018,2,1,1,2,37,7,3,0,0,0,0,-1,9,1
51758,73.9576146,18.59207712,7,3,2,1,4,17:55,126,E06000049,1,56,3,70,0,-1,1,56,0,0,6,1,1,0,0,2,1,E01018648,16-11-2018,1,1,1,1,25,5,3,0,0,0,0,-1,9,1
51759,73.75059923,18.55847395,7,3,2,1,1,12:40,120,E06000050,6,0,6,30,3,3,6,0,0,0,1,1,1,0,0,1,1,E01018331,20-11-2018,2,1,1,2,22,5,3,0,0,0,0,-1,9,1
51760,73.91837095,18.54310124,7,3,2,1,2,13:22,128,E06000007,6,0,6,30,8,4,6,0,0,0,1,7,2,0,0,1,1,E01012561,21-11-2018,1,1,1,2,24,5,3,0,0,0,0,-1,9,1
51761,73.88361008,18.54945834,7,3,3,1,4,17:00,128,E06000007,1,62,3,70,0,-1,-1,0,0,0,4,1,1,0,0,2,1,E01012539,16-11-2018,1,1,1,1,20,4,3,0,0,0,0,-1,9,1
51762,73.8298047,18.514332,7,3,2,1,2,13:00,120,E06000050,3,55,3,70,0,-1,3,41,0,0,1,1,2,0,0,2,1,E01018323,21-11-2018,2,2,1,2,32,6,3,0,0,0,0,-1,9,-1
51763,73.82514347,18.62172722,7,3,4,1,4,10:41,122,E06000049,1,6,3,40,0,-1,-1,0,0,0,1,1,1,4,0,2,1,E01018465,16-11-2018,1,1,3,2,35,6,2,5,3,0,0,-1,0,-1
51764,73.87288168,18.5843079,7,3,3,1,5,16:28,128,E06000007,1,6,3,70,0,-1,-1,0,0,0,4,1,1,0,0,2,1,E01012515,17-11-2018,2,1,1,2,44,7,3,0,0,0,0,-1,9,1
51765,73.91226406,18.61297107,7,3,2,3,1,18:10,122,E06000049,5,532,6,60,0,-1,-1,0,0,0,6,2,2,0,0,2,1,E01018444,06-11-2018,2,2,2,1,15,3,3,0,0,1,0,-1,9,1
51766,73.79227097,18.63308343,7,3,2,1,6,06:40,122,E06000049,3,5020,6,30,3,4,6,0,0,0,4,1,4,0,0,1,2,E01018501,18-11-2018,1,1,3,1,14,3,2,9,5,0,0,-1,0,1
51767,73.73803847,18.63781207,7,3,1,1,6,16:59,126,E06000049,3,556,3,60,0,-1,6,0,0,0,4,1,1,0,0,2,1,E01018648,18-11-2018,1,1,3,2,41,7,3,5,4,0,0,-1,0,1
51768,73.94534461,18.63697811,7,3,2,2,6,12:40,126,E06000049,5,462,6,30,9,4,6,0,0,0,1,1,1,0,0,1,1,E01018583,18-11-2018,1,1,2,1,60,9,3,0,0,0,4,-1,11,-1
51769,73.92074643,18.55335776,7,3,1,1,7,13:00,126,E06000049,6,0,6,60,9,4,6,0,0,0,1,1,2,7,0,2,1,E01018651,19-11-2018,2,1,1,1,34,6,3,0,0,0,0,-1,2,-1
51770,73.79863116,18.49844266,7,3,3,2,1,11:15,126,E06000049,1,6,3,70,0,-1,-1,0,0,0,1,1,2,6,3,2,1,E01018598,20-11-2018,2,1,1,2,59,9,3,0,0,0,0,-1,9,1
51771,73.92061438,18.58628861,7,3,2,5,7,13:55,126,E06000049,3,34,6,60,0,-1,-1,0,0,0,1,1,1,0,0,2,1,E01018597,19-11-2018,2,1,2,2,40,7,3,0,0,2,1,-1,11,-1
51772,73.91774355,18.60087094,7,3,2,1,3,18:42,123,E06000050,3,540,3,60,3,4,6,0,0,0,4,1,2,0,0,2,1,E01018571,22-11-2018,1,1,1,1,43,7,3,0,0,0,0,-1,1,1
51773,73.76864491,18.61673266,7,3,1,1,3,09:23,120,E06000050,6,0,9,20,0,-1,-1,0,0,0,1,1,1,0,0,1,1,E01018326,22-11-2018,1,1,1,1,40,7,3,0,0,0,0,-1,9,1
51774,73.91576406,18.54186835,7,3,2,2,3,17:30,123,E06000050,4,5151,6,60,6,4,6,0,0,0,6,1,2,0,0,2,1,E01018571,22-11-2018,2,1,1,2,40,7,3,0,0,0,0,-1,9,1
51775,73.8981257,18.57822223,7,3,2,1,3,16:40,127,E06000050,4,5082,6,40,6,4,4,5081,0,0,6,4,2,0,0,2,1,E01018722,22-11-2018,1,1,3,2,20,4,3,1,1,0,0,-1,0,1
51776,73.89343569,18.62359622,7,3,2,1,1,17:15,128,E06000007,6,0,6,30,0,-1,6,0,0,0,4,1,2,0,0,1,2,E01012536,13-11-2018,2,1,1,1,32,6,3,0,0,0,0,-1,9,1
51777,73.92219028,18.61420064,7,3,4,1,1,19:18,126,E06000049,1,6,3,70,0,-1,-1,0,0,0,6,1,2,0,0,2,1,E01018648,20-11-2018,2,2,2,2,33,6,3,0,0,1,0,-1,9,1
51778,73.86153785,18.61547039,7,3,2,2,2,13:20,128,E06000007,5,1049,6,30,6,2,6,0,0,0,1,7,2,0,0,1,2,E01012456,21-11-2018,2,3,2,1,5,1,3,0,0,2,0,-1,9,1
51779,73.82704941,18.57023983,7,1,3,2,3,13:54,122,E06000049,3,534,6,60,0,-1,-1,0,0,0,1,1,1,0,0,2,1,E01018481,22-11-2018,2,4,2,2,2,1,3,0,0,2,0,-1,9,1
51780,73.83067425,18.5286361,7,2,1,2,1,14:37,126,E06000049,1,56,2,70,5,4,1,56,0,0,1,1,2,0,0,2,1,E01018598,20-11-2018,1,1,3,1,32,6,2,10,9,0,0,-1,0,1
51781,73.94989304,18.646028,7,3,2,1,2,12:30,122,E06000049,5,633,1,60,1,4,5,633,0,0,1,1,1,0,0,2,2,E01018443,14-11-2018,2,1,1,1,17,4,3,0,0,0,0,-1,2,1
51782,73.78683834,18.53804101,7,3,1,2,7,16:34,122,E06000049,5,554,6,30,3,4,6,0,0,1,4,1,1,0,6,1,2,E01018467,19-11-2018,2,1,1,1,34,6,3,0,0,0,0,-1,1,1
51783,73.87618183,18.52727663,7,2,2,4,1,17:42,122,E06000049,5,527,6,30,6,4,6,0,0,0,4,1,2,0,0,1,1,E01018485,20-11-2018,1,1,3,1,70,10,3,5,9,0,0,-1,0,1
51784,73.83946269,18.57368754,7,2,1,1,2,15:55,128,E06000007,4,5356,6,60,0,-1,-1,0,0,0,6,2,2,0,0,2,1,E01012503,21-11-2018,1,1,1,1,21,5,3,0,0,0,0,-1,1,1
51785,73.89670701,18.55825059,7,2,1,1,1,00:55,121,E06000049,3,533,6,60,5,4,6,0,0,0,6,8,4,0,0,2,1,E01018418,20-11-2018,2,1,1,2,21,5,3,0,0,0,0,-1,1,-1
51786,73.7928977,18.64198276,7,3,2,1,3,07:40,128,E06000007,1,6,3,70,0,-1,-1,0,0,0,1,1,2,0,0,2,1,E01012541,22-11-2018,1,1,1,1,47,8,3,0,0,0,0,-1,90,-1
51787,73.73602974,18.63110356,7,3,2,1,5,09:20,124,E06000006,6,0,6,30,3,4,6,0,0,0,1,1,1,0,0,1,2,E01012441,10-11-2018,2,1,1,1,31,6,3,0,0,0,0,-1,9,1
51788,73.80865354,18.59600702,7,3,1,1,1,13:15,122,E06000049,6,0,6,30,0,-1,-1,0,0,0,1,1,2,0,0,1,1,E01018464,20-11-2018,2,2,2,2,19,4,3,0,0,1,0,-1,9,1
51789,73.93901273,18.60693601,7,2,1,1,2,18:04,121,E06000049,3,533,6,60,0,-1,-1,0,0,0,4,7,2,0,0,2,1,E01018394,21-11-2018,2,3,2,2,30,6,3,0,0,2,0,-1,9,1
51790,73.77695249,18.49461409,7,3,1,1,2,08:45,126,E06000049,5,717,6,60,0,-1,-1,0,0,0,1,7,2,7,0,2,1,E01018598,21-11-2018,1,1,3,1,20,4,2,10,9,0,0,-1,0,-1
51791,73.82730653,18.53704448,7,3,3,1,2,08:30,126,E06000049,6,0,6,40,6,4,6,0,0,0,1,7,2,0,0,1,1,E01018572,21-11-2018,1,2,3,1,51,8,2,10,9,0,0,-1,0,-1
51792,73.75611531,18.49648412,7,3,3,1,4,16:45,128,E06000007,3,574,6,60,0,-1,5,1018,0,0,4,7,2,0,0,1,1,E01012545,23-11-2018,1,2,2,2,35,6,3,0,0,1,0,-1,10,1
51793,73.82970634,18.63331172,7,3,2,2,4,18:16,128,E06000007,3,5060,6,30,3,4,6,0,0,0,4,2,2,0,0,1,1,E01012512,23-11-2018,2,1,1,2,44,7,3,0,0,0,0,-1,9,1
51794,73.89794678,18.52534819,7,3,3,1,4,17:10,120,E06000050,5,801,6,30,0,-1,-1,0,0,0,4,8,2,0,2,1,1,E01018385,23-11-2018,2,1,1,1,40,7,3,0,0,0,0,-1,19,1
51795,73.86315777,18.62360205,7,3,2,1,4,17:20,120,E06000050,6,0,6,30,3,4,6,0,0,8,4,1,2,0,0,2,1,E01018335,23-11-2018,2,2,2,2,29,6,3,0,0,1,0,-1,19,1
51796,73.91057314,18.53872479,7,3,3,1,6,09:10,123,E06000050,6,0,6,30,0,-1,-1,0,0,0,1,2,2,0,0,2,2,E01018570,04-11-2018,1,1,3,2,13,3,3,6,9,0,0,-1,0,1
51797,73.76480758,18.56095587,7,3,2,1,4,15:29,120,E06000050,6,0,6,20,3,4,6,0,0,0,1,1,2,0,0,2,1,E01018360,23-11-2018,2,1,2,1,30,6,3,0,0,1,0,-1,9,-1
51798,73.8623604,18.62171651,7,3,2,1,5,11:45,124,E06000006,6,0,6,30,3,4,6,0,0,0,1,1,1,0,0,1,2,E01012412,17-11-2018,1,1,3,1,10,2,3,5,9,0,0,-1,0,-1
51799,73.7731739,18.58031577,7,3,3,3,4,18:30,127,E06000050,1,6,3,70,0,-1,-1,0,0,0,4,1,2,0,0,2,1,E01018722,23-11-2018,1,1,1,1,66,10,2,0,0,0,0,-1,9,1
51800,73.77228233,18.58674948,7,3,2,2,4,19:57,121,E06000049,1,6,3,70,0,-1,-1,0,0,0,6,1,1,0,0,2,1,E01018418,23-11-2018,1,3,2,2,60,9,3,0,0,1,0,-1,9,1
51801,73.74493795,18.56326523,7,3,4,1,1,03:05,124,E06000006,5,522,6,30,0,-1,-1,0,0,0,4,8,4,0,0,1,1,E01012417,20-11-2018,1,4,2,2,61,9,3,0,0,2,0,-1,9,1
51802,73.79669385,18.61107911,7,3,2,1,5,16:30,123,E06000050,4,5463,6,40,0,-1,-1,0,0,0,4,4,2,0,0,1,1,E01018563,24-11-2018,2,2,1,1,52,8,3,0,0,0,0,-1,9,1
51803,73.77623168,18.53106868,7,3,2,1,5,14:05,124,E06000006,6,0,6,40,3,4,6,0,0,0,1,2,2,0,0,1,1,E01012382,24-11-2018,2,1,1,2,40,7,3,0,0,0,0,-1,1,1
51804,73.86259967,18.51877409,7,3,1,1,1,21:39,120,E06000050,3,55,3,70,0,-1,-1,0,0,0,7,1,1,0,0,2,1,E01018335,30-10-2018,1,1,3,1,28,6,3,4,3,0,0,-1,0,-1
51805,73.8518648,18.50993515,7,3,3,2,5,19:10,127,E06000050,3,5018,6,40,0,-1,-1,0,0,0,4,1,1,0,0,1,1,E01018749,24-11-2018,1,1,3,2,12,3,3,10,1,0,0,-1,0,1
51806,73.88582987,18.62920827,7,3,2,2,4,09:05,120,E06000050,3,56,6,60,3,2,5,2018,0,0,1,1,2,0,0,2,1,E01018708,23-11-2018,2,1,1,2,23,5,3,0,0,0,0,-1,9,1
51807,73.74091824,18.53781794,7,3,2,2,3,19:02,122,E06000049,5,527,6,60,8,4,6,0,0,0,1,1,1,0,0,2,1,E01018482,22-11-2018,2,2,2,1,14,3,3,0,0,2,0,-1,9,-1
51808,73.95380699,18.62468081,7,3,2,1,3,00:01,121,E06000049,3,534,6,60,8,1,6,0,0,0,1,1,1,0,0,2,2,E01018394,22-11-2018,2,1,1,2,64,9,3,0,0,0,0,-1,9,1
51809,73.82045753,18.53577779,7,3,2,1,4,09:15,126,E06000049,3,56,6,60,3,4,3,50,0,0,1,7,2,0,0,2,1,E01018648,23-11-2018,1,1,1,2,27,6,3,0,0,0,0,-1,1,1
51810,73.76738117,18.57964914,7,3,2,1,5,01:05,126,E06000049,1,6,3,70,0,-1,-1,0,0,0,1,1,2,0,0,2,1,E01018648,24-11-2018,2,1,1,2,31,6,3,0,0,0,0,-1,9,1
51811,73.77126501,18.58545223,7,3,1,1,5,12:10,126,E06000049,1,56,3,70,0,-1,-1,0,0,0,1,6,2,0,0,2,1,E01018598,24-11-2018,1,1,3,2,20,4,3,10,9,0,0,-1,0,1
51812,73.89566848,18.60980928,7,3,2,1,7,21:00,124,E06000006,4,5155,6,30,6,2,6,0,0,5,4,1,1,0,0,1,2,E01012430,19-11-2018,2,1,1,1,20,4,3,0,0,0,0,-1,1,1
51813,73.78419478,18.51186961,7,1,1,1,6,20:28,124,E06000006,3,5080,6,50,0,-1,-1,0,0,0,4,1,2,0,0,2,1,E01012392,25-11-2018,1,1,1,1,24,5,2,0,0,0,0,-1,9,1
51814,73.92829708,18.54060764,7,3,2,1,7,16:00,124,E06000006,3,533,3,60,0,-1,-1,0,0,0,4,1,1,0,0,2,1,E01012440,26-11-2018,1,1,3,2,15,3,3,5,1,0,0,-1,0,-1
51815,73.76454198,18.54960994,7,3,1,1,5,15:40,128,E06000007,6,0,6,30,0,-1,-1,0,0,0,1,1,2,0,0,1,1,E01012541,24-11-2018,2,1,1,2,27,6,3,0,0,0,0,-1,9,1
51816,73.96103266,18.63935955,7,3,2,1,4,10:03,122,E06000049,4,5076,6,30,0,-1,-1,0,0,0,1,1,2,0,0,1,1,E01018472,23-11-2018,2,2,2,2,23,5,3,0,0,1,0,-1,9,1
51817,73.737068,18.5118595,7,3,2,1,4,17:05,124,E06000006,5,2007,6,30,0,-1,-1,0,0,0,4,8,2,0,0,2,2,E01012443,23-11-2018,1,1,1,2,29,6,3,0,0,0,0,-1,9,1
51818,73.78257069,18.60789626,7,3,3,4,6,10:11,128,E06000007,3,50,6,30,0,-1,-1,0,0,0,1,1,1,0,0,1,1,E01012478,25-11-2018,1,1,1,1,34,6,3,0,0,0,0,-1,9,1
51819,73.92739923,18.5694697,7,3,2,3,1,19:05,123,E06000050,4,5132,1,40,1,4,3,5117,0,0,4,1,2,0,0,1,1,E01018551,27-11-2018,1,2,2,2,2,1,3,0,0,1,0,-1,9,1
51820,73.73920867,18.62085487,7,3,2,1,7,13:20,124,E06000006,5,2003,6,30,3,2,5,2002,0,0,1,1,1,0,0,1,2,E01012443,19-11-2018,1,1,3,2,91,11,2,5,1,0,0,-1,0,-1
51821,73.77761319,18.63643533,7,2,2,2,7,15:33,127,E06000050,3,533,6,60,0,-1,-1,0,0,0,1,1,2,0,0,2,1,E01018702,26-11-2018,1,1,1,2,30,6,3,0,0,0,0,-1,9,-1