Accident_Index,longitude,latitude,Police_Force,Accident_Severity,Number_of_Vehicles,Number_of_Casualties,Day_of_Week,Time,Local_Authority_(District),Local_Authority_(Highway),1st_Road_Class,1st_Road_Number,Road_Type,Speed_limit,Junction_Detail,Junction_Control,2nd_Road_Class,2nd_Road_Number,Pedestrian_Crossing-Human_Control,Pedestrian_Crossing-Physical_Facilities,Light_Conditions,Weather_Conditions,Road_Surface_Conditions,Special_Conditions_at_Site,Carriageway_Hazards,Urban_or_Rural_Area,Did_Police_Officer_Attend_Scene_of_Accident,LSOA_of_Accident_Location,Date,Vehicle_Reference,Casualty_Reference,Casualty_Class,Sex_of_Casualty,Age_of_Casualty,Age_Band_of_Casualty,Casualty_Severity,Pedestrian_Location,Pedestrian_Movement,Car_Passenger,Bus_or_Coach_Passenger,Pedestrian_Road_Maintenance_Worker,Casualty_Type,Casualty_Home_Area_Type
51822,73.93608794,18.60765527,7,3,1,1,6,11:14,120,E06000050,4,5130,6,60,0,-1,-1,0,0,0,1,1,4,0,0,2,1,E01018339,25-11-2018,1,1,1,1,21,5,3,0,0,0,0,-1,9,1
51823,73.73513024,18.56873328,7,3,2,2,7,23:00,120,E06000050,3,41,1,30,1,4,6,0,0,0,4,1,1,0,0,2,1,E01028954,26-11-2018,2,2,1,1,36,7,3,0,0,0,0,-1,9,1
51824,73.9592161,18.49852265,7,2,2,5,4,20:44,126,E06000049,6,0,6,40,0,-1,-1,0,0,0,4,1,1,0,0,1,1,E01018627,23-11-2018,2,1,1,1,44,7,3,0,0,0,0,-1,9,1
51825,73.77037219,18.58157165,7,3,2,1,6,06:24,128,E06000007,1,6,3,70,0,-1,-1,0,0,0,4,1,2,0,0,2,1,E01012515,25-11-2018,1,1,3,2,26,6,3,1,1,0,0,-1,0,1
51826,73.73790707,18.50469255,7,3,1,1,6,09:05,127,E06000050,4,5153,6,30,3,4,6,0,0,0,1,1,1,0,0,2,1,E01018727,25-11-2018,2,1,1,1,23,5,3,0,0,0,0,-1,3,1
51827,73.84016755,18.53033736,7,3,2,1,7,14:00,123,E06000050,6,0,6,30,3,4,3,41,0,0,1,1,1,0,0,1,1,E01018531,26-11-2018,2,1,2,2,41,7,3,0,0,1,0,-1,9,1
51828,73.77991735,18.51339237,7,3,1,1,6,07:15,120,E06000050,4,5130,6,60,0,-1,-1,0,0,0,1,1,1,0,0,2,1,E01018335,25-11-2018,1,1,3,1,23,5,3,6,9,0,0,-1,0,1
51829,73.8345915,18.54209609,7,3,2,1,6,19:00,127,E06000050,6,0,6,30,6,4,6,0,0,0,4,7,2,0,0,1,1,E01018720,18-11-2018,2,1,2,2,43,7,3,0,0,2,0,-1,8,1
51830,73.93249454,18.58320978,7,2,1,1,4,16:22,126,E06000049,4,5470,6,30,3,4,6,0,0,0,4,1,2,0,0,2,1,E01018669,23-11-2018,2,2,2,2,21,5,3,0,0,2,0,-1,8,1
51831,73.80220027,18.51963815,7,3,2,1,4,08:50,126,E06000049,5,416,6,30,3,4,6,0,0,0,1,1,1,0,0,1,1,E01018657,23-11-2018,1,1,1,2,22,5,3,0,0,0,0,-1,9,1
51832,73.74342154,18.59043966,7,3,2,1,2,08:00,123,E06000050,6,0,6,30,0,-1,-1,0,0,0,1,1,1,0,0,1,1,E01018567,28-11-2018,1,2,2,1,26,6,3,0,0,1,0,-1,9,-1
51833,73.87249396,18.59512559,7,3,1,1,5,16:02,122,E06000049,6,0,6,60,3,4,6,0,0,0,1,1,1,0,0,2,1,E01018465,24-11-2018,1,1,3,1,9,2,3,1,1,0,0,-1,0,-1
51834,73.94599289,18.58242885,7,2,2,3,6,08:25,120,E06000050,5,801,6,60,0,-1,-1,0,0,0,1,1,4,0,0,2,1,E01018385,25-11-2018,1,2,2,2,17,4,3,0,0,2,0,-1,8,1
51835,73.8488424,18.59539753,7,2,1,3,1,17:50,127,E06000050,6,0,6,60,0,-1,-1,0,0,0,6,8,2,0,0,2,1,E01018725,27-11-2018,2,1,1,1,30,6,2,0,0,0,0,-1,5,1
51836,73.8578606,18.57446083,7,3,4,2,5,07:15,126,E06000049,3,34,6,40,0,-1,-1,0,0,0,4,1,2,0,0,2,1,E01018574,24-11-2018,2,1,1,1,49,8,3,0,0,0,0,-1,1,1
51837,73.79728124,18.53531766,7,3,2,1,6,21:29,127,E06000050,5,652,6,30,3,4,6,0,0,0,4,1,2,0,0,1,1,E01018731,25-11-2018,2,1,1,1,55,8,2,0,0,0,0,-1,3,1
51838,73.75921677,18.54770696,7,2,2,3,2,09:00,127,E06000050,3,54,6,60,0,-1,-1,0,0,0,1,1,2,0,0,2,1,E01018707,28-11-2018,1,2,2,2,29,6,3,0,0,2,0,-1,9,1
51839,73.76972031,18.60010968,7,3,2,1,6,17:55,126,E06000049,4,5470,9,30,0,-1,6,0,0,0,7,9,1,0,0,1,2,E01018630,18-11-2018,2,1,1,1,30,6,3,0,0,0,0,-1,9,1
51840,73.83550971,18.5886289,7,3,2,1,6,20:40,120,E06000050,5,820,6,60,0,-1,-1,0,0,0,1,1,4,0,0,2,1,E01018357,25-11-2018,1,1,3,2,19,4,3,5,2,0,0,-1,0,-1
51841,73.80661139,18.62510647,7,3,2,2,2,17:43,128,E06000007,3,57,6,30,3,4,6,0,0,0,4,1,1,0,0,1,1,E01012479,28-11-2018,1,1,3,1,8,2,3,4,3,0,0,-1,0,1
51842,73.78914288,18.54691654,7,3,2,1,1,23:10,128,E06000007,6,0,6,30,3,4,6,0,0,0,7,1,1,0,0,1,2,E01012522,27-11-2018,2,1,1,1,24,5,3,0,0,0,0,-1,9,-1
51843,73.93446147,18.53968234,7,3,2,1,2,11:45,124,E06000006,3,56,6,30,1,4,3,533,0,0,1,3,2,0,0,2,1,E01012440,28-11-2018,2,2,2,2,26,6,3,0,0,1,0,-1,9,1
51844,73.77534429,18.53287203,7,3,2,1,6,10:50,122,E06000049,4,5076,6,30,0,-1,-1,0,0,0,1,1,1,0,0,1,2,E01018474,25-11-2018,2,3,2,1,26,6,3,0,0,2,0,-1,9,1
51845,73.84685462,18.60714188,7,3,2,1,1,20:34,122,E06000049,6,0,6,30,3,4,5,504,0,0,4,2,2,0,0,2,1,E01018465,27-11-2018,1,1,3,2,12,3,3,9,9,0,0,-1,0,1
51846,73.91083697,18.63876468,7,3,1,1,7,22:00,121,E06000049,3,54,6,40,3,3,6,0,0,0,4,1,1,0,0,1,1,E01018410,26-11-2018,1,2,3,2,21,5,3,9,9,0,0,-1,0,1
51847,73.90800528,18.54272922,7,3,1,1,7,19:15,122,E06000049,5,504,6,30,3,4,5,504,0,0,4,1,1,0,0,2,1,E01018465,26-11-2018,2,1,1,2,27,6,2,0,0,0,0,-1,1,1
51848,73.9146221,18.5248902,7,3,2,1,1,12:00,126,E06000049,3,556,3,60,3,2,3,5034,0,0,1,1,1,0,0,2,1,E01018648,27-11-2018,2,1,1,1,34,6,3,0,0,0,0,-1,1,1
51849,73.74636792,18.49426752,7,2,2,1,1,17:37,126,E06000049,6,0,6,60,0,-1,-1,0,0,0,6,1,1,0,0,2,1,E01018648,27-11-2018,2,1,1,1,26,6,3,0,0,0,0,-1,1,1
51850,73.9475179,18.53229861,7,3,1,1,2,00:49,122,E06000049,5,504,6,30,0,-1,-1,0,0,0,1,8,2,0,0,2,1,E01018465,28-11-2018,1,2,2,2,13,3,3,0,0,1,0,-1,9,1
51851,73.93150869,18.56790371,7,3,2,1,2,18:08,128,E06000007,1,6,3,70,0,-1,-1,0,0,0,4,4,2,0,0,2,1,E01012551,28-11-2018,2,1,2,2,27,6,3,0,0,1,0,-1,9,1
51852,73.95326209,18.5338571,7,2,1,1,2,11:29,122,E06000049,5,552,6,30,6,2,3,5078,0,4,1,2,2,0,0,1,1,E01018464,28-11-2018,2,1,1,1,30,6,3,0,0,0,0,-1,9,1
51853,73.79431165,18.55225043,7,3,2,3,2,08:35,122,E06000049,4,5500,6,60,0,-1,-1,0,0,0,1,1,4,0,0,2,1,E01018465,28-11-2018,2,1,1,1,21,5,3,0,0,0,0,-1,1,-1
51854,73.91352507,18.58252194,7,3,2,2,2,08:48,126,E06000049,6,0,6,30,6,3,6,0,0,0,1,1,1,0,0,1,1,E01018622,28-11-2018,1,1,1,1,47,8,3,0,0,0,0,-1,9,1
51855,73.77621737,18.61603504,7,2,1,1,3,19:20,128,E06000007,6,0,6,30,0,-1,5,1049,0,0,7,1,2,0,0,1,1,E01012483,29-11-2018,2,2,1,1,43,7,3,0,0,0,0,-1,9,1
51856,73.85712418,18.52015326,7,3,2,1,3,07:50,123,E06000050,6,0,6,30,6,2,3,5032,0,0,1,1,2,0,0,1,1,E01018565,29-11-2018,2,3,2,2,18,4,3,0,0,1,0,-1,9,-1
51857,73.93184717,18.53067786,7,3,2,2,3,10:04,120,E06000050,3,5115,1,40,1,4,6,0,0,0,1,1,2,0,0,1,1,E01018320,29-11-2018,2,1,1,2,41,7,3,0,0,0,0,-1,9,1
51858,73.86476693,18.57552152,7,3,2,1,3,09:11,123,E06000050,6,0,6,30,3,4,6,0,0,0,1,9,1,0,0,1,1,E01018544,29-11-2018,2,2,2,2,45,7,3,0,0,1,0,-1,9,1
51859,73.81444756,18.64040764,7,3,2,2,5,14:51,120,E06000050,3,41,3,70,0,-1,-1,0,0,0,1,4,2,0,0,2,1,E01018360,24-11-2018,2,3,2,2,49,8,3,0,0,2,0,-1,9,1
51860,73.90932467,18.6126335,7,3,2,1,6,14:45,128,E06000007,1,62,3,70,0,-1,-1,0,0,0,1,1,1,0,0,2,1,E01012538,25-11-2018,1,1,3,1,58,9,3,4,1,0,0,-1,0,1
51861,73.93770405,18.57827178,7,3,4,3,3,10:02,126,E06000049,3,556,6,50,0,-1,-1,0,0,0,1,1,1,0,0,2,1,E01018648,29-11-2018,2,1,2,2,22,5,3,0,0,0,4,-1,11,1
51862,73.77231113,18.52556322,7,3,2,1,3,09:55,121,E06000049,1,6,3,70,0,-1,-1,0,0,0,1,1,2,0,0,2,1,E01018394,29-11-2018,2,2,2,2,53,8,3,0,0,0,4,-1,11,-1
51863,73.92698708,18.60599036,7,3,2,1,5,14:27,124,E06000006,6,0,6,60,3,4,6,0,0,0,1,1,2,0,0,2,1,E01012387,24-11-2018,2,3,2,2,63,9,3,0,0,0,4,-1,11,1
51864,73.83705909,18.50281372,7,3,2,1,6,07:45,124,E06000006,4,5178,6,30,3,4,5,2015,0,0,1,1,1,0,0,1,2,E01012422,18-11-2018,2,4,2,2,18,4,3,0,0,0,4,-1,11,1
51865,73.80481919,18.5682974,7,3,2,1,4,17:10,124,E06000006,4,5178,6,30,3,4,6,0,0,0,1,2,2,0,0,1,2,E01012390,23-11-2018,2,5,2,1,22,5,3,0,0,0,4,-1,11,1
51866,73.89039915,18.64344363,7,3,6,1,2,07:08,120,E06000050,1,56,3,70,0,-1,-1,0,0,0,1,1,2,0,0,2,1,E01018337,28-11-2018,2,6,2,2,45,7,3,0,0,0,4,-1,11,1
51867,73.89475652,18.52823777,7,3,2,4,4,14:52,120,E06000050,5,218,6,60,3,4,6,0,0,0,1,1,1,0,0,2,1,E01018372,30-11-2018,2,7,2,2,8,2,3,0,0,0,4,-1,11,1
51868,73.90452965,18.5725743,7,3,2,1,2,17:30,128,E06000007,3,574,1,30,1,4,5,1023,0,0,4,1,1,0,0,1,1,E01012497,28-11-2018,1,1,1,1,44,7,2,0,0,0,0,-1,1,-1
51869,73.94075961,18.62712486,7,3,2,1,4,16:29,127,E06000050,3,559,3,40,0,-1,-1,0,0,0,4,4,2,0,0,2,1,E01018704,30-11-2018,1,1,1,1,37,7,2,0,0,0,0,-1,5,1
51870,73.9353536,18.58249502,7,3,2,1,4,14:55,123,E06000050,3,540,3,60,0,-1,-1,0,0,0,1,1,2,0,0,2,1,E01018518,30-11-2018,2,2,1,1,46,8,3,0,0,0,0,-1,9,1
51871,73.92740493,18.55940697,7,3,2,2,4,10:45,128,E06000007,3,574,6,30,0,-1,-1,0,0,0,1,1,2,0,0,2,1,E01012476,30-11-2018,2,1,1,2,55,8,3,0,0,0,0,-1,1,1
51872,73.88140721,18.51676,7,2,2,1,4,12:38,120,E06000050,6,0,6,30,3,4,6,0,0,0,1,1,2,0,0,1,1,E01018316,30-11-2018,2,1,1,1,60,9,3,0,0,0,0,-1,1,-1
51873,73.86829159,18.50994943,7,3,2,2,3,18:30,128,E06000007,3,5061,6,30,6,2,3,5061,0,0,4,1,2,0,0,1,2,E01012456,29-11-2018,1,1,3,2,44,7,2,1,3,0,0,-1,0,1
51874,73.87623992,18.5333147,7,3,2,1,4,11:25,122,E06000049,1,6,3,40,0,-1,-1,0,0,0,1,1,2,4,0,2,1,E01018465,30-11-2018,1,1,1,1,33,6,3,0,0,0,0,-1,9,1
51875,73.81948271,18.50449478,7,3,1,1,4,06:00,128,E06000007,6,0,6,60,0,-1,-1,0,0,0,4,1,1,0,0,2,1,E01012468,30-11-2018,2,2,1,1,43,7,3,0,0,0,0,-1,9,1
51876,73.79846421,18.56403912,7,3,2,1,4,08:05,126,E06000049,1,56,3,70,0,-1,-1,0,0,0,1,1,1,0,0,2,2,E01018648,23-11-2018,1,1,1,2,44,7,3,0,0,0,0,-1,9,1
51877,73.79630575,18.61000933,7,3,2,1,5,09:30,128,E06000007,3,56,3,60,6,2,5,2021,0,0,1,1,2,0,0,2,1,E01012502,01-12-2018,2,2,1,1,39,7,3,0,0,0,0,-1,9,1
51878,73.96268792,18.59094594,7,2,1,1,5,19:30,124,E06000006,5,751,6,30,0,-1,-1,0,0,0,4,2,2,0,0,1,1,E01012416,01-12-2018,1,1,3,2,42,7,3,6,8,0,0,-1,0,1
51879,73.81002431,18.49428495,7,3,2,1,5,20:31,128,E06000007,3,57,3,30,3,4,6,0,0,0,4,2,2,0,0,1,1,E01012550,01-12-2018,2,1,1,1,20,4,3,0,0,0,0,-1,1,-1
51880,73.77470561,18.52977636,7,3,1,1,5,19:13,128,E06000007,3,574,6,40,0,-1,6,0,0,0,4,2,2,0,0,2,1,E01012472,01-12-2018,1,1,3,1,21,5,3,9,8,0,0,-1,0,1
51881,73.73872368,18.60298525,7,2,1,1,5,21:19,120,E06000050,3,5115,2,30,3,4,4,5130,0,0,4,2,2,0,0,1,1,E01018319,01-12-2018,1,1,3,2,23,5,3,5,4,0,0,-1,0,1
51882,73.741106,18.52824083,7,3,2,2,4,11:30,123,E06000050,6,0,6,30,3,4,6,0,0,0,1,2,2,4,0,1,2,E01018521,30-11-2018,2,1,2,2,20,4,3,0,0,1,0,-1,9,1
51883,73.94448211,18.61987346,7,3,2,1,3,09:27,120,E06000050,3,5116,6,30,3,2,3,540,0,4,1,1,1,0,0,1,1,E01018328,29-11-2018,2,2,2,1,1,1,3,0,0,1,0,-1,9,1
51884,73.90830777,18.58352451,7,3,2,1,6,11:40,122,E06000049,6,0,6,30,3,4,6,0,0,0,1,1,1,0,0,1,2,E01018462,25-11-2018,2,1,1,2,57,9,3,0,0,0,0,-1,9,1
51885,73.91822555,18.49440163,7,3,2,1,3,09:00,120,E06000050,5,218,6,30,0,-1,-1,0,0,0,1,1,2,0,0,1,2,E01018374,29-11-2018,1,1,3,2,11,3,3,5,1,0,0,-1,0,1
51886,73.74389561,18.5978491,7,2,1,1,3,16:40,121,E06000049,6,0,6,30,0,-1,-1,0,0,0,4,1,4,0,0,1,1,E01018388,29-11-2018,2,1,1,2,41,7,3,0,0,0,0,-1,9,1
51887,73.81990704,18.49668084,7,3,5,2,4,07:30,128,E06000007,1,6,3,70,0,-1,-1,0,0,0,1,2,2,6,0,2,1,E01012541,30-11-2018,2,1,1,1,29,6,3,0,0,0,0,-1,9,1
51888,73.77411108,18.52418659,7,3,2,1,4,23:30,121,E06000049,6,0,6,30,3,4,6,0,0,0,4,1,1,0,0,1,1,E01018421,30-11-2018,2,2,2,2,45,7,3,0,0,1,0,-1,9,1
51889,73.77746541,18.63238832,7,3,2,1,4,07:50,122,E06000049,6,0,6,60,0,-1,-1,0,0,0,6,2,2,0,0,2,1,E01018465,30-11-2018,3,3,1,2,58,9,3,0,0,0,0,-1,9,1
51890,73.88877097,18.56755624,7,3,2,1,4,09:18,121,E06000049,3,534,6,60,3,3,3,5022,0,0,1,2,2,0,0,2,1,E01018439,30-11-2018,2,1,1,1,35,6,3,0,0,0,0,-1,1,1
51891,73.84385832,18.55177193,7,3,2,2,4,19:15,126,E06000049,4,5181,1,30,1,4,6,0,0,0,4,1,1,0,0,1,1,E01018624,30-11-2018,2,1,1,2,29,6,3,0,0,0,0,-1,9,1
51892,73.9017752,18.51459252,7,3,2,2,3,12:30,121,E06000049,3,534,6,60,3,4,1,6,0,0,1,1,2,0,0,2,1,E01018439,29-11-2018,2,1,1,1,13,3,3,0,0,0,0,-1,1,1
51893,73.80849566,18.48987899,7,3,3,2,6,06:47,128,E06000007,1,62,3,70,0,-1,-1,0,0,0,6,2,2,0,0,2,1,E01012475,02-12-2018,2,1,1,1,50,8,3,0,0,0,0,-1,9,1
51894,73.78620726,18.58189381,7,3,2,2,2,14:25,124,E06000006,6,0,6,30,3,4,6,0,0,0,1,1,2,0,0,1,2,E01012367,28-11-2018,1,1,2,2,50,8,3,0,0,0,3,-1,11,1
51895,73.89785246,18.55061622,7,3,2,2,2,14:40,121,E06000049,3,533,6,30,0,-1,-1,0,0,0,1,3,3,0,0,2,2,E01018431,28-11-2018,1,1,1,2,29,6,3,0,0,0,0,-1,9,1
51896,73.9059598,18.48931599,7,3,2,2,4,18:06,126,E06000049,3,50,6,60,0,-1,-1,0,0,0,6,1,1,0,0,2,1,E01018598,30-11-2018,1,3,2,2,10,2,3,0,0,1,0,-1,9,1
51897,73.90774683,18.51844826,7,3,2,3,4,18:56,126,E06000049,6,0,3,70,0,-1,-1,0,0,0,4,1,1,0,0,1,1,E01018629,30-11-2018,2,2,1,2,26,6,3,0,0,0,0,-1,9,-1
51898,73.94542934,18.51159182,7,3,1,2,4,08:45,126,E06000049,6,0,6,30,9,4,6,0,0,0,1,6,4,0,0,1,1,E01018606,30-11-2018,2,1,2,2,18,4,3,0,0,1,0,-1,9,1
51899,73.81799786,18.56193419,7,2,2,1,5,22:37,126,E06000049,3,537,1,60,1,4,6,0,0,0,4,5,2,0,0,1,1,E01018607,01-12-2018,1,1,1,2,29,6,2,0,0,0,0,-1,9,1
51900,73.84151969,18.50717375,7,1,1,1,5,22:43,122,E06000049,5,512,6,60,0,-1,-1,0,0,0,1,5,2,0,0,2,1,E01018444,01-12-2018,1,1,1,2,30,6,3,0,0,0,0,-1,9,1
51901,73.94000632,18.50779582,7,3,2,2,5,16:40,121,E06000049,6,0,6,30,3,4,6,0,0,0,4,2,2,0,0,1,1,E01018400,01-12-2018,2,2,1,2,27,6,3,0,0,0,0,-1,9,3
51902,73.79509186,18.50995188,7,3,2,1,5,15:26,122,E06000049,5,521,6,30,9,4,6,0,0,0,1,5,2,0,0,2,1,E01018505,01-12-2018,1,1,3,2,16,4,3,5,1,0,0,-1,0,-1
51903,73.85746789,18.55700875,7,3,2,2,6,09:00,124,E06000006,6,0,6,30,6,4,6,0,0,0,1,2,2,0,0,1,2,E01012404,02-12-2018,1,1,3,2,30,6,2,5,3,0,0,-1,0,-1
51904,73.84949326,18.53156177,7,3,1,1,6,19:34,128,E06000007,6,0,6,30,0,-1,-1,0,0,0,4,1,1,0,0,1,1,E01012456,02-12-2018,2,1,1,2,21,5,3,0,0,0,0,-1,9,1
51905,73.77735887,18.57426489,7,3,2,1,6,12:30,124,E06000006,3,533,3,30,1,4,3,533,0,0,1,1,1,0,0,2,1,E01012440,02-12-2018,2,2,2,2,22,5,3,0,0,1,0,-1,9,1
51906,73.88354928,18.63820903,7,3,2,3,6,13:51,128,E06000007,3,49,1,30,1,4,3,57,0,0,1,1,1,0,0,1,2,E01012456,02-12-2018,1,1,3,1,20,4,3,9,9,0,0,-1,0,-1
51907,73.78283631,18.6304341,7,3,2,1,6,14:56,127,E06000050,3,49,6,60,0,-1,-1,0,0,0,1,1,2,0,0,2,1,E01018707,02-12-2018,1,1,3,1,8,2,3,9,9,0,0,-1,0,-1
51908,73.90685453,18.49844285,7,3,3,2,1,14:40,128,E06000007,3,5060,6,30,0,-1,-1,0,0,0,1,1,2,0,0,1,1,E01012509,04-12-2018,1,1,1,1,17,4,3,0,0,0,0,-1,1,-1
51909,73.7955426,18.61491192,7,3,2,1,6,22:00,128,E06000007,4,5158,2,30,0,-1,-1,0,0,0,4,1,1,0,0,2,2,E01012513,25-11-2018,2,1,1,2,30,6,3,0,0,0,0,-1,9,1
51910,73.73441031,18.49087884,7,3,2,1,1,11:20,128,E06000007,6,0,6,30,3,4,6,0,0,0,1,1,2,0,0,1,1,E01012459,04-12-2018,2,2,2,2,8,2,3,0,0,2,0,-1,9,1
51911,73.8896173,18.5842781,7,3,1,1,2,06:36,128,E06000007,6,0,1,30,1,4,6,0,0,0,4,2,2,0,0,1,1,E01012561,05-12-2018,2,3,2,1,3,1,3,0,0,2,0,-1,9,1
51912,73.8897032,18.56331345,7,3,2,1,6,13:00,127,E06000050,4,5337,1,30,1,4,4,5075,0,0,1,1,2,0,0,1,1,E01018714,02-12-2018,2,1,1,1,43,7,3,0,0,0,0,-1,19,1
51913,73.88148706,18.53401567,7,3,2,1,7,11:56,127,E06000050,3,559,3,40,0,-1,-1,0,0,0,1,1,2,0,0,1,1,E01018715,03-12-2018,1,1,3,1,6,2,3,5,2,0,0,-1,0,-1
51914,73.77784825,18.50314413,7,3,2,1,7,01:16,124,E06000006,3,5080,6,30,7,2,3,557,0,5,4,2,2,0,0,1,1,E01012392,03-12-2018,2,1,1,1,45,7,3,0,0,0,0,-1,9,1
51915,73.84718313,18.54319017,7,3,2,1,7,19:14,128,E06000007,3,5061,6,30,3,4,6,0,0,0,4,1,1,0,0,1,1,E01012511,03-12-2018,2,1,1,1,54,8,3,0,0,0,0,-1,9,1
51916,73.95569986,18.52774599,7,3,2,1,1,07:45,120,E06000050,3,41,1,40,1,4,3,5117,0,0,1,1,2,0,0,1,1,E01018360,04-12-2018,2,2,2,2,20,4,3,0,0,2,0,-1,9,1
51917,73.74023874,18.56777008,7,3,2,1,5,17:30,127,E06000050,3,559,6,50,0,-1,-1,0,0,0,4,1,2,0,0,2,1,E01018721,01-12-2018,1,1,2,1,12,3,3,0,0,2,0,-1,9,1
51918,73.75051113,18.56817543,7,3,2,1,1,16:02,128,E06000007,6,0,6,30,3,4,6,0,0,0,1,1,1,0,0,1,1,E01012528,04-12-2018,1,1,1,1,10,2,3,0,0,0,0,-1,1,1
51919,73.8806766,18.50698572,7,3,2,1,1,15:17,123,E06000050,4,5151,6,30,3,4,6,0,0,0,1,1,2,0,0,2,1,E01018571,27-11-2018,1,1,3,2,30,6,3,6,9,0,0,-1,0,-1
51920,73.75022765,18.57663558,7,3,2,1,5,09:30,120,E06000050,6,0,6,30,3,4,3,5104,0,0,1,1,2,0,0,1,1,E01018333,01-12-2018,1,1,3,2,34,6,3,6,9,0,0,-1,0,1
51921,73.95182205,18.53269509,7,3,2,1,7,13:27,128,E06000007,3,49,3,40,1,2,6,0,0,0,1,1,1,0,0,1,2,E01012455,26-11-2018,2,1,1,1,39,7,3,0,0,0,0,-1,1,-1
51922,73.80368708,18.60480354,7,3,2,1,6,13:00,122,E06000049,1,6,3,70,0,-1,1,6,0,0,1,8,1,4,0,2,2,E01029532,25-11-2018,1,1,3,1,70,10,3,5,2,0,0,-1,0,1
51923,73.78055862,18.53909694,7,3,2,1,5,20:00,128,E06000007,3,49,1,30,1,4,6,0,0,0,4,1,2,0,0,1,1,E01012483,01-12-2018,1,1,1,2,25,5,3,0,0,0,0,-1,9,1
51924,73.87566237,18.5702318,7,3,1,1,2,10:45,124,E06000006,3,562,3,50,0,-1,-1,0,0,0,1,1,2,0,0,2,1,E01012412,05-12-2018,2,1,1,1,41,7,3,0,0,0,0,-1,1,1
51925,73.73630541,18.54685082,7,2,1,1,2,17:17,123,E06000050,4,5133,6,30,3,4,6,0,0,0,4,2,2,0,7,2,1,E01018571,05-12-2018,2,1,1,1,30,6,3,0,0,0,0,-1,9,1
51926,73.93290481,18.51360516,7,3,2,1,2,17:30,124,E06000006,3,557,3,60,0,-1,-1,0,0,0,4,2,2,0,0,1,2,E01012417,05-12-2018,2,1,1,2,54,8,3,0,0,0,0,-1,9,1
51927,73.94361231,18.56651977,7,2,3,1,2,23:56,128,E06000007,6,0,6,30,3,4,6,0,0,0,4,2,2,0,0,1,1,E01012539,05-12-2018,2,2,2,1,13,3,3,0,0,1,0,-1,9,1
51928,73.89536455,18.54358874,7,3,2,1,2,10:50,120,E06000050,3,41,6,60,0,-1,-1,0,0,0,1,2,2,0,0,2,1,E01018360,05-12-2018,1,1,3,1,49,8,3,5,4,0,0,-1,0,1
51929,73.94475526,18.61599762,7,3,2,2,2,17:50,128,E06000007,3,574,6,30,1,4,6,0,0,8,4,2,2,0,0,1,1,E01012565,05-12-2018,1,1,1,2,20,4,3,0,0,0,0,-1,9,1
51930,73.89611885,18.55657247,7,2,2,1,5,16:42,120,E06000050,6,0,6,50,3,4,6,0,0,-1,4,2,2,0,0,1,1,E01018358,01-12-2018,2,1,1,1,35,6,3,0,0,0,0,-1,8,-1
51931,73.93654998,18.52100862,7,3,1,1,5,08:17,126,E06000049,3,537,6,30,0,-1,-1,0,0,0,1,2,2,0,0,2,1,E01018581,01-12-2018,1,1,3,2,18,4,3,6,9,0,0,-1,0,1
51932,73.92792146,18.60832749,7,2,2,3,2,11:00,120,E06000050,3,5117,3,70,0,-1,-1,0,0,0,1,2,2,0,0,2,1,E01018367,05-12-2018,1,1,3,2,23,5,3,10,3,0,0,-1,0,1
51933,73.94498228,18.56522213,7,3,2,3,2,13:45,124,E06000006,5,2002,1,30,1,4,6,0,0,0,1,2,2,0,0,2,1,E01012391,05-12-2018,2,1,1,2,26,6,3,0,0,0,0,-1,9,-1
51934,73.78944113,18.51886709,7,3,2,1,6,13:30,122,E06000049,6,0,6,30,0,-1,-1,0,0,0,1,4,1,0,0,2,2,E01018516,02-12-2018,1,1,1,1,30,6,3,0,0,0,0,-1,11,1
51935,73.80556498,18.56348814,7,3,2,1,6,14:08,127,E06000050,3,49,6,60,0,-1,-1,0,0,0,1,1,1,0,0,2,1,E01018372,02-12-2018,3,1,1,1,18,4,3,0,0,0,0,-1,9,1
51936,73.78732518,18.49531474,7,3,2,1,2,16:25,128,E06000007,3,50,6,30,3,4,6,0,0,0,4,2,2,0,0,1,1,E01012506,05-12-2018,1,1,3,2,10,2,3,5,1,0,0,-1,0,1
51937,73.80819905,18.52197571,7,3,2,2,6,07:20,126,E06000049,6,0,6,60,0,-1,-1,0,0,0,1,2,2,0,0,2,1,E01018591,02-12-2018,1,1,1,2,37,7,3,0,0,0,0,-1,9,1
51938,73.94499181,18.55146829,7,2,7,5,1,06:20,126,E06000049,1,6,3,70,0,-1,-1,0,0,0,6,2,2,0,0,2,1,E01018598,04-12-2018,2,1,1,2,44,7,3,0,0,0,0,-1,9,1
51939,73.74166928,18.54729521,7,2,1,2,7,16:45,121,E06000049,6,0,6,40,0,-1,6,0,0,0,6,2,2,0,0,2,1,E01018395,03-12-2018,2,2,2,2,8,2,3,0,0,1,0,-1,9,1
51940,73.8353137,18.57313497,7,3,2,1,2,14:00,126,E06000049,3,5102,6,40,0,-1,-1,0,0,0,1,8,3,0,0,2,2,E01018582,28-11-2018,2,1,1,1,35,6,3,0,0,0,0,-1,9,1
51941,73.79483396,18.51942297,7,3,3,2,7,19:26,122,E06000049,3,5020,6,60,8,4,6,0,0,0,4,2,2,0,0,2,1,E01018465,03-12-2018,2,1,2,2,11,3,3,0,0,2,0,-1,8,-1