Accident_Index,longitude,latitude,Police_Force,Accident_Severity,Number_of_Vehicles,Number_of_Casualties,Day_of_Week,Time,Local_Authority_(District),Local_Authority_(Highway),1st_Road_Class,1st_Road_Number,Road_Type,Speed_limit,Junction_Detail,Junction_Control,2nd_Road_Class,2nd_Road_Number,Pedestrian_Crossing-Human_Control,Pedestrian_Crossing-Physical_Facilities,Light_Conditions,Weather_Conditions,Road_Surface_Conditions,Special_Conditions_at_Site,Carriageway_Hazards,Urban_or_Rural_Area,Did_Police_Officer_Attend_Scene_of_Accident,LSOA_of_Accident_Location,Date,Vehicle_Reference,Casualty_Reference,Casualty_Class,Sex_of_Casualty,Age_of_Casualty,Age_Band_of_Casualty,Casualty_Severity,Pedestrian_Location,Pedestrian_Movement,Car_Passenger,Bus_or_Coach_Passenger,Pedestrian_Road_Maintenance_Worker,Casualty_Type,Casualty_Home_Area_Type
51942,73.89541278,18.58700026,7,3,4,1,2,13:29,128,E06000007,3,57,6,30,0,-1,-1,0,0,4,1,1,2,0,0,1,1,E01012456,05-12-2018,2,1,1,1,75,10,3,0,0,0,0,-1,9,1
51943,73.89421532,18.63841221,7,1,2,1,6,19:12,122,E06000049,5,552,6,30,0,-1,-1,0,0,0,4,2,2,0,0,1,1,E01018496,02-12-2018,1,1,3,2,24,5,2,10,3,0,0,-1,0,-1
51944,73.83639062,18.49482515,7,3,1,1,2,09:00,126,E06000049,3,5102,9,40,0,-1,-1,0,0,0,1,1,1,0,0,2,2,E01018600,14-11-2018,1,2,2,1,17,4,1,0,0,1,0,-1,5,1
51945,73.75713685,18.57286581,7,3,2,1,2,11:30,126,E06000049,3,536,6,60,0,-1,-1,0,0,0,1,7,2,0,0,2,2,E01018591,21-11-2018,1,3,1,1,24,5,1,0,0,0,0,-1,5,-1
51946,73.85380891,18.51663868,7,3,1,1,3,13:35,127,E06000050,3,559,6,60,0,-1,-1,0,0,0,1,1,1,0,0,2,1,E01018721,06-12-2018,2,1,1,2,24,5,3,0,0,0,0,-1,9,1
51947,73.87546341,18.49502715,7,3,2,1,6,08:05,120,E06000050,3,5117,6,60,6,2,4,5132,0,0,1,1,2,0,0,2,1,E01018337,02-12-2018,1,1,1,1,26,6,3,0,0,0,0,-1,9,1
51948,73.74631815,18.49858279,7,3,1,1,6,15:55,128,E06000007,6,0,6,30,0,-1,-1,0,0,0,4,1,2,0,0,1,1,E01012563,02-12-2018,1,2,2,2,19,4,3,0,0,2,0,-1,9,-1
51949,73.88202346,18.52828191,7,3,4,1,3,07:46,120,E06000050,3,55,3,70,0,-1,-1,0,0,0,1,1,2,0,0,3,1,,06-12-2018,1,3,2,2,17,4,3,0,0,1,0,-1,9,1
51950,73.74043324,18.64351294,7,3,2,3,7,14:15,128,E06000007,3,562,6,50,0,-1,-1,0,0,0,1,2,2,0,0,2,1,E01012530,03-12-2018,2,1,1,2,30,6,3,0,0,0,0,-1,9,1
51951,73.76687051,18.51772851,7,3,2,2,2,20:40,127,E06000050,3,56,6,30,3,4,6,0,0,0,4,1,1,0,0,2,2,E01018688,05-12-2018,1,1,2,1,19,4,3,0,0,0,3,-1,11,1
51952,73.74739857,18.49045358,7,3,2,1,5,16:33,121,E06000049,3,54,6,30,6,2,3,50,0,0,4,2,2,0,0,2,1,E01018416,01-12-2018,1,1,3,1,18,4,3,1,1,0,0,-1,0,-1
51953,73.87542078,18.63152838,7,3,2,1,6,21:50,127,E06000050,5,321,6,30,0,-1,-1,0,0,0,4,2,2,0,0,1,1,E01018419,02-12-2018,1,1,3,2,5,1,3,5,2,0,0,-1,0,-1
51954,73.95621576,18.56872657,7,3,2,1,4,08:58,128,E06000007,3,5061,6,30,0,-1,-1,0,0,0,1,1,1,0,0,1,1,E01012505,07-12-2018,2,1,1,1,20,4,3,0,0,0,0,-1,9,1
51955,73.8886095,18.57265306,7,3,3,3,6,17:46,121,E06000049,3,50,6,60,0,-1,-1,0,0,0,1,2,2,0,0,2,1,E01018417,02-12-2018,2,2,2,1,20,4,3,0,0,1,0,-1,9,-1
51956,73.73703721,18.6206503,7,3,2,1,6,15:20,127,E06000050,3,530,6,60,3,4,3,530,0,0,1,1,1,0,0,2,1,E01018722,02-12-2018,1,1,1,1,24,5,1,0,0,0,0,-1,9,1
51957,73.84903587,18.51570481,7,3,2,1,1,17:25,126,E06000049,1,6,3,70,0,-1,-1,0,0,0,6,1,2,0,0,2,1,E01018654,04-12-2018,1,3,2,2,19,4,2,0,0,2,0,-1,9,1
51958,73.9058059,18.64317636,7,3,2,1,2,06:20,122,E06000049,3,5078,6,30,3,4,6,0,0,0,4,2,2,0,0,1,1,E01018487,05-12-2018,1,4,2,2,21,5,2,0,0,1,0,-1,9,1
51959,73.84901915,18.62399772,7,2,1,2,2,21:36,121,E06000049,3,54,6,30,0,-1,-1,0,0,0,4,5,2,0,0,1,1,E01018395,05-12-2018,1,5,2,2,28,6,1,0,0,2,0,-1,9,1
51960,73.95970006,18.50677357,7,2,2,1,3,09:00,122,E06000049,5,528,6,30,0,-1,-1,0,0,0,1,1,2,0,0,1,1,E01018478,06-12-2018,1,6,2,2,24,5,2,0,0,2,0,-1,9,1
51961,73.8878958,18.60458742,7,3,2,2,1,21:09,123,E06000050,6,0,6,30,0,-1,-1,0,0,0,4,1,2,0,0,1,1,E01018526,04-12-2018,2,2,1,1,30,6,2,0,0,0,0,-1,8,1
51962,73.76755676,18.52056545,7,2,2,1,3,13:40,122,E06000049,3,530,6,60,0,-1,-1,0,0,0,1,1,2,0,0,2,1,E01018444,06-12-2018,2,7,2,2,20,4,1,0,0,2,0,-1,8,1
51963,73.77689951,18.59743743,7,3,2,1,3,15:30,121,E06000049,3,533,6,30,3,4,6,0,0,0,1,1,2,0,0,1,2,E01018442,06-12-2018,2,8,2,2,17,4,2,0,0,2,0,-1,8,1
51964,73.88846888,18.58043908,7,3,2,1,4,08:08,123,E06000050,4,5132,6,30,0,-1,-1,0,0,0,1,1,2,0,0,1,1,E01018523,07-12-2018,2,1,1,1,40,7,3,0,0,0,0,-1,1,1
51965,73.87607899,18.62593595,7,3,2,1,4,08:00,127,E06000050,3,49,6,60,0,-1,-1,0,0,0,1,8,2,0,0,2,1,E01018707,07-12-2018,2,1,2,2,60,9,3,0,0,0,4,-1,11,1
51966,73.91888269,18.51924229,7,2,1,1,4,19:20,127,E06000050,6,0,6,30,3,4,6,0,0,0,4,2,2,0,0,1,1,E01018714,07-12-2018,2,1,1,1,33,6,3,0,0,0,0,-1,5,1
51967,73.93914131,18.52111177,7,3,3,1,4,18:19,120,E06000050,3,41,3,60,0,-1,-1,0,0,0,4,2,2,0,0,2,1,E01018360,07-12-2018,1,1,1,2,24,5,3,0,0,0,0,-1,9,1
51968,73.77971278,18.58476558,7,3,5,1,1,16:47,120,E06000050,1,56,3,70,0,-1,-1,0,0,0,4,2,2,0,0,2,1,E01018337,04-12-2018,1,1,1,1,26,6,3,0,0,0,0,-1,9,-1
51969,73.77402429,18.57051235,7,3,1,2,3,00:38,128,E06000007,1,62,3,70,0,-1,-1,0,0,0,4,2,2,0,0,2,1,E01012539,06-12-2018,1,1,2,1,35,6,3,0,0,0,2,-1,11,-1
51970,73.95100017,18.6386351,7,3,2,1,6,09:46,124,E06000006,3,557,3,40,0,-1,-1,0,0,0,1,1,1,0,0,1,2,E01012441,02-12-2018,1,1,3,1,28,6,3,5,1,0,0,-1,0,1
51971,73.79694266,18.64206596,7,2,1,1,7,16:37,124,E06000006,6,0,6,30,6,4,3,5080,0,0,4,2,2,0,0,1,1,E01012394,03-12-2018,1,1,3,1,19,4,3,5,3,0,0,-1,0,1
51972,73.86674869,18.59066253,7,3,1,1,4,11:02,126,E06000049,1,6,3,70,0,-1,-1,0,0,0,1,1,2,0,0,2,1,E01018648,07-12-2018,1,1,1,1,49,8,3,0,0,0,0,-1,9,-1
51973,73.7781939,18.54673413,7,3,1,1,4,07:24,121,E06000049,5,355,6,60,0,-1,-1,0,0,0,1,1,4,0,0,2,1,E01018390,07-12-2018,2,2,1,2,69,10,3,0,0,0,0,-1,9,1
51974,73.74558742,18.4937161,7,3,3,2,4,08:35,128,E06000007,1,6,3,70,0,-1,-1,0,0,0,1,1,2,0,0,2,1,E01012515,07-12-2018,2,1,1,1,27,6,3,0,0,0,0,-1,9,-1
51975,73.88170181,18.52943141,7,3,2,1,4,15:31,122,E06000049,3,5020,6,60,3,4,5,504,0,0,1,1,2,0,0,2,1,E01018465,07-12-2018,2,2,2,2,24,5,3,0,0,1,0,-1,9,-1
51976,73.83828909,18.62279372,7,2,1,1,4,18:20,126,E06000049,4,5090,6,30,3,4,6,0,0,0,4,1,2,0,0,2,1,E01018578,07-12-2018,1,1,3,1,58,9,3,5,1,0,0,-1,0,1
51977,73.88038751,18.55953421,7,2,2,2,4,16:27,122,E06000049,3,530,6,60,3,4,6,0,0,0,6,2,2,0,0,2,1,E01018450,07-12-2018,1,1,3,1,48,8,3,5,9,0,0,-1,0,1
51978,73.81442625,18.64036991,7,3,2,2,5,15:19,124,E06000006,3,5080,6,30,3,4,4,5419,0,0,1,1,2,0,0,1,1,E01012393,08-12-2018,2,1,1,1,54,8,3,0,0,0,0,-1,1,1
51979,73.74974827,18.57360365,7,2,1,1,4,09:41,123,E06000050,1,53,3,70,0,-1,-1,0,0,0,1,1,1,0,0,2,1,E01018564,07-12-2018,1,1,3,2,21,5,3,5,3,0,0,-1,0,1
51980,73.8698108,18.63821029,7,3,2,1,4,18:25,128,E06000007,1,6,3,70,0,-1,-1,0,0,0,4,2,2,0,0,2,1,E01012541,07-12-2018,1,1,3,1,25,5,2,8,1,0,0,-1,0,-1
51981,73.95035302,18.50665443,7,3,2,2,4,12:56,126,E06000049,3,536,6,60,0,-1,-1,0,0,0,1,1,2,0,0,2,1,E01018591,07-12-2018,1,1,1,2,25,5,2,0,0,0,0,-1,9,1
51982,73.85132619,18.49006819,7,3,2,1,4,13:30,128,E06000007,6,0,1,30,1,4,6,0,0,0,1,8,2,0,0,1,2,E01012562,30-11-2018,2,1,1,1,20,4,3,0,0,0,0,-1,1,1
51983,73.94058573,18.5185374,7,3,2,1,5,13:20,126,E06000049,1,6,3,70,0,-1,-1,0,0,0,1,1,1,0,0,2,1,E01018598,08-12-2018,2,1,1,2,30,6,3,0,0,0,0,-1,9,1
51984,73.7486572,18.51777246,7,3,2,1,3,09:15,120,E06000050,3,41,6,30,0,-1,-1,0,0,0,1,8,2,0,0,2,2,E01018373,06-12-2018,1,1,3,1,21,5,3,1,1,0,0,-1,0,1
51985,73.77202523,18.60180331,7,3,2,1,6,08:34,120,E06000050,1,53,1,60,1,4,3,56,0,0,1,1,2,0,0,2,1,E01018358,09-12-2018,2,1,1,1,28,6,3,0,0,0,0,-1,1,1
51986,73.74282666,18.59006082,7,3,2,1,7,18:05,124,E06000006,6,0,6,30,3,4,4,5178,0,0,1,1,1,0,0,1,2,E01012426,08-10-2018,1,1,1,1,36,7,3,0,0,0,0,-1,19,1
51987,73.93328895,18.58252668,7,3,2,1,7,01:32,128,E06000007,6,0,6,30,3,4,6,0,0,0,4,1,2,0,0,1,1,E01012462,10-12-2018,1,2,2,1,26,6,3,0,0,1,0,-1,19,1
51988,73.82910956,18.64107305,7,3,1,1,7,18:19,123,E06000050,4,5136,6,30,3,4,6,0,0,0,4,1,2,0,0,1,1,E01018534,10-12-2018,2,3,1,1,20,4,3,0,0,0,0,-1,9,1
51989,73.91978685,18.50609414,7,3,2,1,6,19:40,124,E06000006,3,56,3,70,6,4,6,0,0,0,4,1,2,0,0,2,2,E01012385,09-12-2018,2,4,2,1,20,4,3,0,0,1,0,-1,9,1
51990,73.88891977,18.5829618,7,2,1,1,6,15:06,124,E06000006,3,562,3,40,0,-1,-1,0,0,0,1,1,1,0,0,1,1,E01012441,09-12-2018,3,1,2,1,56,9,3,0,0,1,0,-1,9,1
51991,73.95622549,18.60362642,7,2,1,1,6,19:21,124,E06000006,5,2002,6,30,0,-1,-1,0,0,0,4,1,1,0,0,1,1,E01012442,09-12-2018,3,2,1,2,56,9,3,0,0,0,0,-1,9,1
51992,73.80996917,18.57067506,7,3,1,1,7,10:53,120,E06000050,6,0,6,30,3,4,6,0,0,0,1,1,1,0,2,1,1,E01018552,10-12-2018,1,1,2,1,14,3,2,0,0,1,0,-1,9,1
51993,73.81037769,18.51505822,7,3,1,1,6,19:05,128,E06000007,6,0,6,60,0,-1,-1,0,0,0,4,1,2,0,0,2,1,E01012469,09-12-2018,1,1,3,1,3,1,3,5,1,0,0,-1,0,-1
51994,73.75788123,18.51622334,7,3,2,1,6,23:20,128,E06000007,3,574,1,60,1,4,5,1018,0,0,4,2,2,0,0,1,1,E01012545,09-12-2018,2,1,1,1,33,6,3,0,0,0,0,-1,9,1
51995,73.79638689,18.55481264,7,3,1,1,2,01:05,128,E06000007,6,0,6,30,6,4,6,0,0,0,4,1,1,0,0,1,1,E01012456,12-12-2018,2,1,1,1,21,5,3,0,0,0,0,-1,1,1
51996,73.74001732,18.6264479,7,2,2,1,6,21:08,120,E06000050,6,0,6,40,3,4,6,0,0,8,1,1,1,0,0,1,1,E01018378,09-12-2018,1,1,1,2,28,6,3,0,0,0,0,-1,9,1
51997,73.76807794,18.61982362,7,3,2,1,7,11:55,128,E06000007,5,1050,1,30,1,2,6,0,0,0,1,1,1,0,2,1,1,E01012456,10-12-2018,2,1,1,2,39,7,3,0,0,0,0,-1,9,-1
51998,73.88497916,18.62067927,7,3,2,1,6,18:06,123,E06000050,6,0,6,30,6,2,6,0,0,0,1,1,2,0,0,1,1,E01018564,09-12-2018,1,1,1,1,20,4,3,0,0,0,0,-1,9,1
51999,73.79357878,18.63578338,7,3,2,1,1,11:55,126,E06000049,3,536,6,30,3,4,6,0,0,0,1,1,1,0,0,1,1,E01018636,04-12-2018,2,2,2,2,19,4,3,0,0,2,0,-1,9,-1
52000,73.74264654,18.50822565,7,3,2,1,6,15:22,127,E06000050,4,5082,6,60,0,-1,-1,0,0,0,1,1,2,0,0,2,1,E01018722,09-12-2018,2,1,1,1,33,6,3,0,0,0,0,-1,9,-1
52001,73.84122833,18.60389828,7,3,2,1,5,17:50,128,E06000007,1,6,3,70,0,-1,-1,0,0,0,4,1,1,0,0,2,1,E01012551,08-12-2018,2,1,1,1,35,6,2,0,0,0,0,-1,5,1
52002,73.89975623,18.62020808,7,3,1,1,4,15:15,128,E06000007,6,0,9,30,0,-1,-1,0,0,0,1,9,2,0,0,1,2,E01012523,07-12-2018,2,1,1,1,54,8,3,0,0,0,0,-1,9,1
52003,73.7338156,18.55532786,7,2,2,2,1,15:15,122,E06000049,4,5071,6,40,0,-1,5,506,0,0,1,1,2,0,0,2,1,E01018517,11-12-2018,1,1,1,1,21,5,3,0,0,0,0,-1,9,-1
52004,73.73906804,18.49382103,7,3,2,1,7,14:30,127,E06000050,6,0,6,30,3,4,6,0,0,0,1,1,2,0,0,2,1,E01018726,10-12-2018,2,1,1,1,39,7,3,0,0,0,0,-1,9,1
52005,73.92969112,18.60404145,7,3,2,1,1,09:45,127,E06000050,5,618,6,30,0,-1,-1,0,0,0,1,1,1,0,0,2,1,E01018675,11-12-2018,2,1,1,2,46,8,3,0,0,0,0,-1,9,1
52006,73.89152521,18.56184796,7,3,4,6,7,09:00,120,E06000050,3,483,6,30,0,-1,-1,0,0,0,1,1,2,0,0,1,1,E01018342,10-12-2018,2,1,1,1,26,6,3,0,0,0,0,-1,9,1
52007,73.74627382,18.62093186,7,3,2,1,2,17:33,122,E06000049,6,0,6,60,3,4,6,0,0,0,4,8,2,0,0,2,1,E01018510,05-12-2018,2,2,2,1,25,5,3,0,0,1,0,-1,9,-1
52008,73.86300655,18.53585443,7,2,2,1,7,13:13,120,E06000050,3,5117,1,60,1,4,3,41,0,0,1,1,2,0,0,1,1,E01018360,10-12-2018,2,1,1,2,26,6,3,0,0,0,0,-1,9,1
52009,73.73402992,18.5027776,7,3,2,1,5,11:15,122,E06000049,4,5071,6,30,3,4,6,0,0,0,1,1,1,0,0,2,1,E01018516,08-12-2018,1,1,2,2,35,6,3,0,0,1,0,-1,9,-1
52010,73.94607151,18.51664298,7,3,2,2,7,09:13,127,E06000050,3,533,6,60,3,4,5,611,0,0,1,1,2,0,0,2,1,E01018680,10-12-2018,1,2,1,1,35,6,3,0,0,0,0,-1,9,-1
52011,73.86112488,18.5193513,7,3,2,1,4,16:45,128,E06000007,5,1005,6,30,3,4,4,5207,0,0,7,1,2,0,0,2,1,E01006304,07-12-2018,1,1,3,1,27,6,2,9,6,0,0,-1,0,1
52012,73.95502706,18.57771436,7,3,2,1,6,18:16,127,E06000050,4,5153,6,30,3,4,5,629,0,0,4,1,1,0,0,1,1,E01018693,09-12-2018,2,1,1,2,47,8,3,0,0,0,0,-1,9,1
52013,73.84418966,18.57371458,7,3,3,1,6,20:20,128,E06000007,1,56,3,70,0,-1,-1,0,0,0,6,1,2,0,0,2,1,E01012503,09-12-2018,2,1,1,1,37,7,3,0,0,0,0,-1,9,1
52014,73.95031185,18.5715584,7,3,2,2,5,16:00,120,E06000050,3,41,6,30,6,2,5,201,0,0,1,1,1,0,0,1,2,E01018379,08-12-2018,2,1,1,2,12,3,3,0,0,0,0,-1,1,1
52015,73.83277798,18.4938339,7,2,2,1,2,10:40,127,E06000050,3,530,6,60,9,4,3,530,0,0,1,1,1,0,0,2,1,E01018722,12-12-2018,1,1,1,1,63,9,3,0,0,0,0,-1,9,1
52016,73.8881434,18.62133968,7,3,2,1,2,13:10,120,E06000050,3,51,3,30,3,4,6,0,0,0,1,1,2,0,0,1,1,E01018326,05-12-2018,1,3,2,1,69,10,3,0,0,1,0,-1,9,1
52017,73.89821809,18.63847812,7,3,2,1,2,12:15,120,E06000050,5,224,6,30,1,4,6,0,0,0,1,1,1,0,0,1,1,E01018344,12-12-2018,2,2,1,2,33,6,3,0,0,0,0,-1,9,1
52018,73.86782933,18.50825285,7,3,1,1,2,12:04,128,E06000007,1,62,3,70,0,-1,-1,0,0,0,1,1,1,0,0,2,1,E01012468,12-12-2018,1,1,1,2,67,10,3,0,0,0,0,-1,9,-1
52019,73.9449109,18.60699058,7,3,2,2,5,17:53,126,E06000049,3,535,6,30,3,4,6,0,0,0,4,1,1,0,0,2,1,E01018572,08-12-2018,2,2,1,1,35,6,3,0,0,0,0,-1,9,-1
52020,73.86937893,18.63038658,7,3,2,1,5,18:40,122,E06000049,3,530,6,60,0,-1,-1,0,0,0,6,7,2,0,0,2,1,E01018444,08-12-2018,1,1,3,1,29,6,2,6,9,0,0,-1,0,1
52021,73.77232985,18.56132446,7,3,1,1,5,08:32,122,E06000049,3,530,6,40,6,2,6,0,0,5,1,1,2,0,0,2,1,E01018453,08-12-2018,2,1,1,2,42,7,3,0,0,0,0,-1,9,1
52022,73.82733149,18.54864966,7,3,3,1,5,11:40,122,E06000049,3,51,6,60,0,-1,-1,0,0,0,1,1,1,0,0,2,1,E01018515,08-12-2018,2,1,1,1,28,6,3,0,0,0,0,-1,8,1
52023,73.77725255,18.60097415,7,3,1,1,5,12:57,122,E06000049,3,5078,6,30,3,4,6,0,0,0,1,1,1,0,0,1,1,E01018486,08-12-2018,1,1,1,2,56,9,3,0,0,0,0,-1,9,1
52024,73.79528193,18.60108471,7,3,2,1,6,15:20,122,E06000049,3,534,6,40,9,4,6,0,0,0,1,1,2,0,0,1,1,E01018507,09-12-2018,1,1,1,2,62,9,3,0,0,0,0,-1,9,1
52025,73.83080325,18.61860983,7,3,1,1,6,15:12,122,E06000049,3,532,6,30,0,-1,6,0,0,0,1,8,2,0,0,1,1,E01018464,09-12-2018,1,3,2,1,54,8,3,0,0,2,0,-1,9,-1
52026,73.96041761,18.58363284,7,3,2,1,6,21:55,122,E06000049,4,5076,6,30,3,4,6,0,0,0,4,1,2,0,0,1,1,E01018477,09-12-2018,2,2,2,2,25,5,3,0,0,2,0,-1,9,1
52027,73.86814589,18.54375467,7,3,1,2,6,17:21,122,E06000049,5,501,6,60,0,-1,-1,0,0,0,6,1,2,0,0,2,1,E01018480,09-12-2018,1,1,3,2,26,6,3,5,9,0,0,-1,0,1
52028,73.87851866,18.56342703,7,2,2,2,6,19:22,121,E06000049,3,50,6,60,6,3,6,0,0,0,4,1,2,0,0,2,1,E01018431,09-12-2018,2,1,1,1,39,7,3,0,0,0,0,-1,20,1
52029,73.78285491,18.5943412,7,3,2,1,6,11:25,122,E06000049,3,534,6,20,9,4,6,0,0,0,1,1,1,0,0,1,1,E01018447,09-12-2018,1,1,3,2,14,3,3,5,1,0,0,-1,0,1
52030,73.77914145,18.57196608,7,3,1,1,2,22:20,120,E06000050,3,56,6,60,0,-1,-1,0,0,0,4,1,2,0,0,2,1,E01018308,12-12-2018,1,1,3,1,20,4,3,5,1,0,0,-1,0,1
52031,73.9264803,18.57085391,7,3,2,1,2,15:21,120,E06000050,3,5032,6,60,3,4,6,0,0,0,1,1,1,0,0,2,1,E01018360,12-12-2018,1,1,3,2,29,6,2,4,1,0,0,-1,0,1
52032,73.82680487,18.52291524,7,3,2,1,6,11:00,127,E06000050,3,556,3,50,0,-1,-1,0,0,0,1,1,1,0,0,2,1,E01018677,25-11-2018,2,1,1,2,28,6,3,0,0,0,0,-1,9,1
52033,73.92112719,18.60829326,7,3,2,1,4,08:15,124,E06000006,4,5419,1,30,1,4,5,2014,0,0,1,1,1,0,0,1,2,E01012441,07-12-2018,1,1,3,1,11,3,3,5,3,0,0,-1,0,1
52034,73.86813536,18.64170187,7,3,2,1,6,22:20,122,E06000049,3,529,6,60,0,-1,-1,0,0,0,6,1,2,0,0,2,1,E01018450,09-12-2018,2,1,1,1,54,8,3,0,0,0,0,-1,9,1
52035,73.81377027,18.58438746,7,2,2,2,6,15:47,127,E06000050,3,50,6,50,6,4,5,604,0,0,6,1,2,0,0,2,1,E01018411,09-12-2018,2,2,2,1,21,5,3,0,0,1,0,-1,9,-1
52036,73.79773609,18.56046642,7,3,1,2,2,23:00,126,E06000049,3,34,6,60,0,-1,-1,0,0,0,1,2,2,0,0,2,1,E01018597,05-12-2018,2,1,1,2,36,7,3,0,0,0,0,-1,9,1
52037,73.7904687,18.53068224,7,3,4,1,7,16:30,122,E06000049,4,5076,3,30,3,4,6,0,0,0,4,1,1,0,0,1,1,E01018472,10-12-2018,1,1,2,2,20,4,3,0,0,1,0,-1,9,1
52038,73.73885449,18.54784873,7,3,2,1,7,19:40,126,E06000049,4,5358,6,30,3,4,6,0,0,0,4,1,1,0,0,1,1,E01018595,10-12-2018,2,1,1,2,55,8,3,0,0,0,0,-1,9,1
52039,73.90759996,18.49003978,7,3,4,2,7,17:07,121,E06000049,3,54,3,30,6,2,6,0,0,0,4,1,1,0,0,1,1,E01018402,10-12-2018,2,1,1,2,33,6,3,0,0,0,0,-1,9,1
52040,73.96289077,18.50267547,7,2,1,1,7,00:33,126,E06000049,6,0,6,30,0,-1,-1,0,0,0,4,1,2,0,0,1,1,E01018652,10-12-2018,1,1,1,1,13,3,3,0,0,0,0,-1,1,1
52041,73.7416927,18.52810291,7,3,2,1,4,18:10,120,E06000050,3,540,1,50,1,4,3,5117,0,0,4,1,1,0,0,2,1,E01018367,14-12-2018,2,1,1,1,31,6,3,0,0,0,0,-1,9,1
52042,73.9041388,18.53784484,7,2,2,2,3,16:30,120,E06000050,4,5132,6,60,0,-1,-1,0,0,0,1,1,2,0,0,2,1,E01018359,13-12-2018,1,1,3,2,35,6,3,5,3,0,0,-1,0,1
52043,73.91495806,18.57677577,7,3,1,1,2,12:50,124,E06000006,4,5178,6,30,6,2,5,2000,0,5,1,2,2,0,0,1,2,E01012379,05-12-2018,2,1,1,1,36,7,3,0,0,0,0,-1,19,1
52044,73.80264152,18.51374427,7,3,2,1,1,20:00,122,E06000049,6,0,6,30,0,-1,-1,0,0,0,4,1,1,0,0,1,1,E01018512,11-12-2018,2,1,1,1,21,5,3,0,0,0,0,-1,9,1
52045,73.74728492,18.53019253,7,3,2,2,6,19:20,128,E06000007,4,5356,6,30,3,4,5,717,0,0,4,1,2,0,0,2,1,E01012448,09-12-2018,1,1,1,1,48,8,3,0,0,0,0,-1,11,1
52046,73.95021833,18.5083105,7,2,1,1,4,16:30,120,E06000050,3,5268,3,30,3,2,6,0,0,4,1,1,1,0,0,1,1,E01018326,14-12-2018,1,2,2,1,35,6,3,0,0,0,3,-1,11,1
52047,73.96206593,18.62093924,7,3,2,3,3,20:51,128,E06000007,1,56,3,70,0,-1,-1,0,0,0,6,1,1,0,0,2,1,E01012503,13-12-2018,2,1,1,2,47,8,2,0,0,0,0,-1,3,1
52048,73.81656547,18.53818241,7,3,2,1,4,18:09,120,E06000050,5,219,6,30,0,-1,-1,0,0,0,6,1,2,0,0,2,1,E01018371,14-12-2018,2,1,1,1,27,6,3,0,0,0,0,-1,1,1
52049,73.81157605,18.52746548,7,3,1,1,4,14:00,127,E06000050,3,559,6,60,3,4,3,559,0,0,1,1,2,5,0,2,1,E01018692,14-12-2018,1,1,1,1,50,8,2,0,0,0,0,-1,9,1
52050,73.8036585,18.59689783,7,3,1,1,4,16:10,120,E06000050,3,5117,6,60,0,-1,-1,0,0,0,4,1,2,0,0,2,1,E01018337,14-12-2018,2,1,1,1,34,6,2,0,0,0,0,-1,5,1
52051,73.94061532,18.54197343,7,3,2,1,3,19:09,123,E06000050,3,41,6,40,0,-1,-1,0,0,0,4,1,1,0,0,1,1,E01018570,13-12-2018,1,1,1,1,49,8,3,0,0,0,0,-1,9,1
52052,73.91241986,18.50900558,7,1,2,2,4,23:13,121,E06000049,3,534,6,60,0,-1,-1,0,0,0,6,2,2,0,0,2,1,E01018394,14-12-2018,2,2,1,1,25,5,3,0,0,0,0,-1,9,1
52053,73.89997237,18.63704801,7,3,2,1,1,19:35,126,E06000049,5,464,3,30,3,4,6,0,0,0,4,1,1,0,0,1,1,E01018633,11-12-2018,2,3,2,1,23,5,3,0,0,1,0,-1,9,-1
52054,73.84858266,18.57061963,7,3,2,1,2,17:20,126,E06000049,4,5159,6,60,6,4,5,114,0,0,6,1,1,0,0,2,1,E01018598,12-12-2018,3,1,1,1,19,4,3,0,0,0,0,-1,9,1
52055,73.89179813,18.51415855,7,2,1,1,3,20:30,121,E06000049,5,313,6,60,0,-1,-1,0,0,0,6,1,2,0,0,2,1,E01018412,13-12-2018,5,2,1,1,28,6,3,0,0,0,0,-1,9,-1
52056,73.84811421,18.5973552,7,3,1,1,1,17:54,121,E06000049,5,355,6,30,0,-1,-1,0,0,0,4,8,2,0,0,1,1,E01018389,11-12-2018,5,3,2,1,31,6,3,0,0,1,0,-1,9,-1
52057,73.84288058,18.56893104,7,3,2,3,4,15:20,128,E06000007,5,1015,6,60,3,4,6,0,0,0,7,1,2,0,0,2,1,E01012468,14-12-2018,5,4,2,1,40,7,3,0,0,2,0,-1,9,-1
52058,73.96085435,18.49040422,7,3,1,1,3,03:20,122,E06000049,3,534,6,60,9,4,6,0,0,0,6,1,1,0,0,2,1,E01018444,13-12-2018,5,5,2,1,27,6,3,0,0,2,0,-1,9,-1
52059,73.79808665,18.55905551,7,3,2,1,4,02:29,126,E06000049,6,0,6,50,0,-1,-1,0,0,0,4,1,1,0,0,2,1,E01018648,14-12-2018,2,1,1,1,20,4,3,0,0,0,0,-1,1,1
52060,73.88420035,18.50033054,7,2,1,1,3,16:20,122,E06000049,3,51,6,30,0,-1,-1,0,0,0,4,1,1,0,0,1,1,E01018517,13-12-2018,1,1,2,1,34,6,3,0,0,2,0,-1,8,1
52061,73.75775841,18.62608735,7,3,2,1,2,15:20,123,E06000050,6,0,6,30,0,-1,-1,0,0,0,1,1,1,0,0,1,1,E01018525,12-12-2018,1,2,2,2,42,7,3,0,0,2,0,-1,8,1