Accident_Index,longitude,latitude,Police_Force,Accident_Severity,Number_of_Vehicles,Number_of_Casualties,Day_of_Week,Time,Local_Authority_(District),Local_Authority_(Highway),1st_Road_Class,1st_Road_Number,Road_Type,Speed_limit,Junction_Detail,Junction_Control,2nd_Road_Class,2nd_Road_Number,Pedestrian_Crossing-Human_Control,Pedestrian_Crossing-Physical_Facilities,Light_Conditions,Weather_Conditions,Road_Surface_Conditions,Special_Conditions_at_Site,Carriageway_Hazards,Urban_or_Rural_Area,Did_Police_Officer_Attend_Scene_of_Accident,LSOA_of_Accident_Location,Date,Vehicle_Reference,Casualty_Reference,Casualty_Class,Sex_of_Casualty,Age_of_Casualty,Age_Band_of_Casualty,Casualty_Severity,Pedestrian_Location,Pedestrian_Movement,Car_Passenger,Bus_or_Coach_Passenger,Pedestrian_Road_Maintenance_Worker,Casualty_Type,Casualty_Home_Area_Type
52062,73.91043183,18.48901565,7,3,2,1,5,09:15,120,E06000050,5,215,6,40,3,4,5,217,0,0,1,1,2,0,0,1,1,E01018360,15-12-2018,1,3,2,2,20,4,3,0,0,2,0,-1,8,1
52063,73.93728192,18.54131439,7,3,2,1,6,19:35,120,E06000050,3,41,3,60,3,4,5,224,0,0,4,2,2,0,0,2,1,E01018325,09-12-2018,1,4,2,2,18,4,3,0,0,2,0,-1,8,1
52064,73.92751282,18.63975594,7,3,2,1,1,18:15,123,E06000050,6,0,2,30,0,-1,-1,0,0,0,4,1,1,0,0,1,1,E01018520,11-12-2018,1,1,1,1,47,8,3,0,0,0,0,-1,4,1
52065,73.91387195,18.56724009,7,3,2,3,6,00:01,120,E06000050,6,0,6,60,3,2,4,5132,0,0,4,1,2,0,0,2,1,E01018308,09-12-2018,2,1,1,1,20,4,3,0,0,0,0,-1,9,1
52066,73.78777658,18.602619,7,3,2,1,7,18:07,120,E06000050,5,213,6,60,3,4,5,820,0,0,6,1,2,7,2,2,1,E01018360,10-12-2018,2,2,2,2,23,5,3,0,0,1,0,-1,9,1
52067,73.85106897,18.50840517,7,3,2,1,6,16:15,120,E06000050,5,209,1,30,0,-1,-1,0,0,0,4,2,2,0,0,1,1,E01018342,02-12-2018,2,1,1,1,42,7,3,0,0,0,0,-1,9,1
52068,73.78456169,18.5683656,7,3,2,2,2,14:30,128,E06000007,3,49,1,30,1,4,3,57,0,0,1,9,2,0,0,1,2,E01012456,12-12-2018,1,1,3,1,54,8,3,5,4,0,0,-1,0,-1
52069,73.74579764,18.5920603,7,3,2,1,4,17:45,126,E06000049,3,50,6,60,0,-1,-1,0,0,0,6,1,1,0,0,2,1,E01018648,14-12-2018,1,1,3,1,31,6,3,9,5,0,0,-1,0,1
52070,73.84390508,18.59992761,7,3,1,1,5,23:21,120,E06000050,6,0,6,60,0,-1,-1,0,0,0,6,4,2,0,0,2,1,E01018335,15-12-2018,2,1,1,1,47,8,3,0,0,0,0,-1,9,1
52071,73.83253282,18.6103864,7,3,2,1,4,14:32,121,E06000049,3,533,6,30,3,4,6,0,1,0,1,1,1,0,0,1,1,E01018440,14-12-2018,1,1,3,2,80,11,2,6,9,0,0,-1,0,-1
52072,73.95176882,18.63374181,7,3,2,1,4,11:20,126,E06000049,3,537,6,50,3,4,6,0,0,0,1,1,2,0,0,1,1,E01018628,14-12-2018,1,1,2,1,21,5,3,0,0,0,3,-1,11,1
52073,73.73744841,18.55757513,7,3,2,1,4,11:32,122,E06000049,5,501,6,60,0,-1,-1,0,0,0,1,1,2,0,0,2,1,E01018480,14-12-2018,1,1,3,2,30,6,3,4,4,0,0,-1,0,1
52074,73.80173993,18.57662558,7,3,2,1,4,12:14,122,E06000049,5,841,1,60,1,4,6,0,0,0,1,8,2,0,0,2,1,E01018517,14-12-2018,2,1,2,2,16,4,3,0,0,1,0,-1,9,1
52075,73.92599724,18.54203688,7,1,1,1,5,15:09,128,E06000007,1,56,3,70,0,-1,-1,0,0,0,1,1,1,0,0,2,1,E01012503,15-12-2018,1,1,3,1,30,6,2,5,1,0,0,-1,0,1
52076,73.94781489,18.54756007,7,2,2,1,6,16:30,121,E06000049,4,5077,6,30,6,4,6,0,0,0,1,1,1,0,0,1,2,E01018386,02-12-2018,1,1,2,2,35,6,3,0,0,1,0,-1,9,-1
52077,73.9370636,18.52108554,7,3,2,2,6,09:05,128,E06000007,4,5210,1,40,1,4,3,574,0,0,1,4,2,0,0,2,1,E01012544,16-12-2018,1,2,2,1,4,1,3,0,0,2,0,-1,9,-1
52078,73.76679039,18.57127367,7,2,1,4,4,01:14,127,E06000050,3,49,9,60,0,-1,-1,0,0,0,7,9,1,0,0,3,1,,16-11-2018,1,3,2,1,6,2,3,0,0,2,0,-1,9,-1
52079,73.77780038,18.62897995,7,3,2,1,4,07:30,123,E06000050,6,0,6,30,0,-1,-1,0,0,0,4,1,4,0,0,1,2,E01018531,07-12-2018,1,4,2,1,10,2,3,0,0,2,0,-1,9,-1
52080,73.80042041,18.56406149,7,3,2,1,5,17:03,127,E06000050,6,0,6,30,5,4,6,0,0,0,1,1,1,0,0,1,2,E01018720,08-12-2018,1,1,1,1,17,4,2,0,0,0,0,-1,3,1
52081,73.83997562,18.5426138,7,3,2,1,2,15:15,120,E06000050,6,0,6,30,3,4,6,0,0,0,1,1,1,0,0,1,2,E01018315,12-12-2018,2,1,1,2,29,6,3,0,0,0,0,-1,1,-1
52082,73.83687588,18.61691111,7,3,1,1,6,06:54,126,E06000049,1,6,3,70,0,-1,1,6,0,0,4,5,2,0,0,2,1,E01018598,16-12-2018,2,1,1,1,29,6,3,0,0,0,0,-1,9,1
52083,73.74439847,18.62209191,7,3,2,1,7,15:12,120,E06000050,5,201,6,60,0,-1,-1,0,0,0,1,1,1,0,0,2,1,E01018360,17-12-2018,1,2,2,2,26,6,3,0,0,1,0,-1,9,1
52084,73.74286436,18.5830986,7,2,1,1,7,23:50,127,E06000050,3,54,6,30,3,4,6,0,0,0,4,1,4,0,0,1,1,E01018733,17-12-2018,2,1,2,2,55,8,3,0,0,1,0,-1,9,1
52085,73.89764441,18.62223585,7,3,2,1,2,05:43,120,E06000050,3,540,6,60,0,-1,-1,0,0,0,4,1,2,0,0,2,1,E01018367,19-12-2018,1,1,1,2,62,9,3,0,0,0,0,-1,9,1
52086,73.76944648,18.57240422,7,3,1,1,7,22:55,127,E06000050,6,0,6,40,0,-1,-1,0,0,0,4,1,4,0,0,2,1,E01018704,17-12-2018,2,1,1,1,22,5,3,0,0,0,0,-1,1,1
52087,73.76491525,18.52481605,7,3,2,1,7,00:20,120,E06000050,3,5117,3,70,0,-1,-1,0,0,0,6,1,1,0,0,2,1,E01018367,17-12-2018,1,1,1,1,18,4,3,0,0,0,0,-1,9,1
52088,73.73801103,18.62578534,7,3,2,1,6,19:05,123,E06000050,3,540,3,70,6,2,4,5136,0,0,4,1,1,0,0,1,1,E01018535,09-12-2018,1,1,3,2,20,4,3,5,3,0,0,-1,0,1
52089,73.91134228,18.56463609,7,3,2,1,5,20:49,124,E06000006,6,0,6,30,6,4,6,0,0,0,4,1,1,0,0,1,1,E01012400,15-12-2018,1,1,1,1,37,7,2,0,0,0,0,-1,9,1
52090,73.82004902,18.56693787,7,2,2,4,6,18:45,124,E06000006,6,0,6,30,0,-1,-1,0,0,0,7,9,1,0,0,1,1,E01012435,16-12-2018,1,1,2,2,20,4,3,0,0,1,0,-1,9,1
52091,73.79040672,18.50993666,7,3,3,1,7,13:00,120,E06000050,3,5268,7,30,5,1,3,5268,0,0,1,1,1,0,0,1,1,E01018326,17-12-2018,2,1,1,1,39,7,3,0,0,0,0,-1,1,1
52092,73.96050545,18.62619758,7,2,3,4,3,18:25,127,E06000050,3,533,6,60,0,-1,-1,0,0,0,6,1,1,0,0,2,1,E01018675,13-12-2018,2,1,1,2,26,6,3,0,0,0,0,-1,9,-1
52093,73.90975084,18.52330053,7,3,2,2,7,18:15,123,E06000050,6,0,1,30,1,4,6,0,0,0,4,1,2,0,0,1,1,E01018564,17-12-2018,1,1,1,2,19,4,3,0,0,0,0,-1,1,-1
52094,73.77411002,18.51817257,7,2,2,1,2,18:45,123,E06000050,6,0,6,30,3,4,6,0,0,0,4,1,1,0,0,1,1,E01018519,12-12-2018,2,1,1,2,25,5,3,0,0,0,0,-1,9,1
52095,73.94711028,18.58782105,7,1,3,1,7,15:30,127,E06000050,6,0,6,60,0,-1,-1,0,0,0,1,1,1,0,0,2,1,E01018721,17-12-2018,2,2,2,2,29,6,3,0,0,1,0,-1,9,1
52096,73.9193919,18.48870002,7,3,2,1,5,19:39,126,E06000049,5,717,6,60,0,-1,-1,0,0,0,6,1,1,0,0,2,1,E01018598,15-12-2018,1,1,1,1,34,6,3,0,0,0,0,-1,9,1
52097,73.87752879,18.52408319,7,3,2,2,7,14:00,128,E06000007,3,579,6,60,3,4,6,0,0,0,1,1,1,0,0,2,1,E01012472,17-12-2018,2,2,1,1,28,6,3,0,0,0,0,-1,9,1
52098,73.89297691,18.62477253,7,3,1,1,5,20:31,122,E06000049,3,51,6,60,0,-1,-1,0,0,0,6,1,2,0,0,2,1,E01018515,15-12-2018,1,1,1,1,15,3,3,0,0,0,0,-1,2,1
52099,73.93702665,18.57385559,7,3,3,2,5,15:09,128,E06000007,3,49,1,60,1,4,1,56,0,0,1,1,2,0,0,2,1,E01012503,15-12-2018,2,1,1,1,28,6,3,0,0,0,0,-1,9,1
52100,73.74728787,18.5610269,7,3,1,1,6,17:30,128,E06000007,6,0,6,30,3,4,6,0,0,0,4,1,1,0,0,1,2,E01012526,16-12-2018,2,2,2,2,22,5,3,0,0,1,0,-1,9,-1
52101,73.87271959,18.63362648,7,3,2,1,2,13:05,126,E06000049,3,537,3,30,9,2,6,0,0,4,1,3,2,0,0,1,2,E01018615,28-11-2018,1,1,3,1,24,5,2,10,9,0,0,-1,0,1
52102,73.78400638,18.56168472,7,3,1,1,6,17:40,128,E06000007,6,0,6,30,0,-1,-1,0,0,0,1,1,1,0,0,1,1,E01012456,16-12-2018,1,1,3,2,7,2,3,5,1,0,0,-1,0,1
52103,73.84600998,18.50399921,7,3,2,1,7,11:38,122,E06000049,1,6,3,70,0,-1,-1,0,0,0,1,1,1,0,0,2,1,E01018465,17-12-2018,1,1,1,2,36,7,3,0,0,0,0,-1,1,1
52104,73.91029072,18.63642629,7,2,1,1,6,23:30,128,E06000007,6,0,6,30,0,-1,-1,0,0,0,7,9,1,0,0,1,2,E01012570,16-12-2018,1,1,3,1,14,3,3,9,9,0,0,-1,0,-1
52105,73.95214734,18.58545617,7,3,2,1,5,17:30,126,E06000049,3,538,6,30,9,1,6,0,0,0,4,1,2,0,0,1,2,E01018653,01-12-2018,1,1,3,1,16,4,3,4,9,0,0,-1,0,1
52106,73.92494312,18.64708213,7,2,1,1,6,13:45,121,E06000049,3,54,9,30,0,-1,-1,0,0,0,7,9,1,0,0,1,1,E01018402,09-12-2018,1,1,1,2,41,7,3,0,0,0,0,-1,9,1
52107,73.76070673,18.55271735,7,3,2,2,3,09:15,122,E06000049,3,534,6,40,0,-1,-1,0,0,0,1,1,1,0,0,1,2,E01018505,13-12-2018,1,1,1,1,41,7,3,0,0,0,0,-1,4,1
52108,73.75373733,18.61157848,7,3,2,1,3,09:50,121,E06000049,3,34,6,30,3,4,6,0,2,1,1,8,2,0,0,1,2,E01018403,13-12-2018,2,1,1,1,55,8,3,0,0,0,0,-1,9,1
52109,73.83212665,18.6138329,7,3,2,1,6,13:20,126,E06000049,3,537,6,60,0,-1,-1,0,0,0,1,1,1,0,0,2,2,E01018670,09-12-2018,1,1,1,2,21,5,3,0,0,0,0,-1,9,1
52110,73.73320092,18.57748698,7,2,2,1,6,18:20,128,E06000007,5,1048,6,30,3,4,6,0,0,0,4,1,1,0,0,1,1,E01012543,16-12-2018,1,3,2,2,19,4,3,0,0,1,0,-1,9,1
52111,73.83930312,18.53558152,7,3,2,1,2,08:30,128,E06000007,1,6,3,70,0,-1,-1,0,0,0,1,1,2,0,0,2,1,E01012551,19-12-2018,2,2,1,2,23,5,3,0,0,0,0,-1,9,1
52112,73.74831275,18.49205513,7,3,3,1,3,20:19,126,E06000049,4,5358,6,30,3,4,6,0,0,0,4,1,1,0,0,1,1,E01018595,13-12-2018,1,1,1,1,35,6,3,0,0,0,0,-1,5,-1
52113,73.89402617,18.62047804,7,3,1,1,5,19:16,126,E06000049,4,5470,6,60,0,-1,-1,0,0,0,6,1,2,0,0,2,1,E01018669,15-12-2018,2,1,1,2,18,4,3,0,0,0,0,-1,9,1
52114,73.95623709,18.58387057,7,3,2,1,6,18:10,121,E06000049,3,34,6,60,9,4,5,319,0,0,4,4,2,0,0,2,1,E01018393,16-12-2018,2,1,1,1,14,3,3,0,0,0,0,-1,1,1
52115,73.94888,18.60737692,7,3,1,1,7,10:15,121,E06000049,6,0,9,30,0,-1,6,0,0,0,7,9,1,0,0,1,1,E01018408,17-12-2018,2,1,1,1,33,6,3,0,0,0,0,-1,9,1
52116,73.76438199,18.6372035,7,3,1,1,5,23:35,122,E06000049,3,530,6,60,0,-1,-1,0,0,0,4,2,2,0,0,2,1,E01018480,15-12-2018,2,1,1,2,29,6,3,0,0,0,0,-1,9,1
52117,73.94896732,18.61408674,7,3,1,1,2,19:05,127,E06000050,4,5355,6,30,0,-1,-1,0,0,0,4,1,2,0,0,1,1,E01018747,19-12-2018,2,2,2,1,22,5,3,0,0,1,0,-1,9,1
52118,73.75209012,18.60068931,7,1,1,1,2,15:10,124,E06000006,4,5155,6,40,0,-1,-1,0,0,-1,1,1,2,0,0,1,1,E01012396,19-12-2018,1,1,1,1,31,6,3,0,0,0,0,-1,1,1
52119,73.80469403,18.59123328,7,3,1,1,2,17:22,128,E06000007,3,56,6,60,3,4,6,0,0,0,6,1,1,0,0,2,1,E01012502,19-12-2018,1,1,1,1,18,4,3,0,0,0,0,-1,9,1
52120,73.73396658,18.49534113,7,3,2,2,3,16:55,127,E06000050,3,530,6,60,3,4,3,530,0,0,6,1,1,0,0,2,1,E01018722,13-12-2018,2,2,1,2,58,9,3,0,0,0,0,-1,9,1
52121,73.78710485,18.49289301,7,3,2,1,1,19:35,124,E06000006,3,533,7,60,3,2,5,710,0,5,1,1,1,0,0,1,1,E01012383,27-11-2018,1,2,2,2,76,11,3,0,0,0,4,-1,11,1
52122,73.74142654,18.61259101,7,3,2,1,3,14:50,128,E06000007,5,1049,6,30,3,4,6,0,0,0,1,1,1,0,0,1,2,E01012484,13-12-2018,2,1,2,2,18,4,3,0,0,1,0,-1,9,1
52123,73.95847156,18.48915777,7,3,1,1,6,14:40,124,E06000006,6,0,6,30,0,-1,-1,0,0,0,1,1,1,0,0,1,2,E01012413,16-12-2018,2,1,1,2,44,7,3,0,0,0,0,-1,9,1
52124,73.93416382,18.55467532,7,3,3,2,4,16:35,126,E06000049,5,418,6,30,0,-1,-1,0,0,0,4,1,2,0,0,1,1,E01018646,14-12-2018,2,2,2,2,19,4,3,0,0,1,0,-1,9,1
52125,73.90375614,18.51264711,7,3,2,1,7,15:30,126,E06000049,3,556,3,60,3,4,5,115,0,0,1,1,2,0,0,2,1,E01018648,17-12-2018,1,1,1,2,36,7,3,0,0,0,0,-1,9,1
52126,73.9587612,18.53029361,7,3,2,1,3,07:20,126,E06000049,1,56,3,70,0,-1,-1,0,0,0,1,1,2,0,0,2,1,E01018648,20-12-2018,1,1,1,1,19,4,3,0,0,0,0,-1,2,-1
52127,73.9520976,18.56315642,7,1,2,3,3,15:09,128,E06000007,5,1010,6,60,3,4,6,0,0,0,1,1,1,0,0,2,1,E01012469,20-12-2018,2,1,1,1,28,6,3,0,0,0,0,-1,1,-1
52128,73.73420728,18.52811256,7,3,2,1,3,13:05,128,E06000007,3,57,1,30,1,2,5,1025,0,0,1,1,2,0,0,1,1,E01012458,20-12-2018,2,1,1,1,7,2,3,0,0,0,0,-1,1,1
52129,73.88851254,18.61025323,7,3,2,2,7,10:00,128,E06000007,3,50,6,30,0,-1,-1,0,0,0,1,1,1,0,0,1,1,E01012507,17-12-2018,2,1,1,1,38,7,3,0,0,0,0,-1,1,-1
52130,73.8909824,18.57727177,7,3,2,1,6,07:35,128,E06000007,6,0,6,30,3,4,6,0,0,0,1,1,2,0,0,1,1,E01012523,16-12-2018,1,1,1,1,24,5,3,0,0,0,0,-1,9,1
52131,73.80684298,18.5486733,7,3,1,1,6,02:00,127,E06000050,3,556,1,70,1,4,3,530,0,-1,4,5,2,0,0,2,1,E01018718,16-12-2018,2,1,2,1,18,4,3,0,0,1,0,-1,9,1
52132,73.92798999,18.5377221,7,3,1,1,3,09:20,124,E06000006,5,2002,6,30,0,-1,6,0,0,0,1,1,2,0,0,2,1,E01012401,20-12-2018,2,2,1,2,18,4,2,0,0,0,0,-1,9,1
52133,73.75584989,18.6394811,7,3,2,1,3,12:24,127,E06000050,6,0,6,60,0,-1,-1,0,0,0,1,1,2,0,0,2,1,E01018721,20-12-2018,2,1,1,1,24,5,3,0,0,0,0,-1,2,1
52134,73.87156126,18.60611899,7,2,2,1,3,10:58,127,E06000050,1,56,3,70,0,-1,-1,0,0,0,1,1,1,0,0,2,1,E01018708,20-12-2018,1,1,1,1,17,4,3,0,0,0,0,-1,9,1
52135,73.88937743,18.60759501,7,3,2,1,3,15:20,128,E06000007,3,574,6,30,3,4,6,0,0,0,4,2,2,0,0,2,1,E01012476,20-12-2018,1,1,1,2,35,6,3,0,0,0,0,-1,9,-1
52136,73.73634171,18.52818073,7,3,2,2,3,13:20,120,E06000050,3,55,3,70,0,-1,-1,0,0,0,1,1,2,0,0,2,1,E01018348,20-12-2018,1,1,1,1,17,4,3,0,0,0,0,-1,2,1
52137,73.88813181,18.62550677,7,2,1,1,3,22:18,120,E06000050,3,483,6,50,0,-1,-1,0,0,0,4,1,2,0,0,1,1,E01018341,20-12-2018,1,1,3,1,12,3,3,5,1,0,0,-1,0,1
52138,73.74610857,18.58886498,7,3,4,3,2,08:35,126,E06000049,3,50,6,60,3,4,6,0,0,0,1,1,2,0,0,2,1,E01018654,19-12-2018,1,1,3,1,44,7,3,6,9,0,0,-1,0,1
52139,73.92806259,18.61626671,7,3,4,1,3,20:10,126,E06000049,1,56,2,70,5,4,1,56,0,0,6,1,1,0,0,2,1,E01018648,20-12-2018,2,1,1,1,30,6,3,0,0,0,0,-1,9,1
52140,73.90979419,18.64709399,7,2,2,5,7,21:40,126,E06000049,4,5358,6,60,0,-1,-1,0,0,0,6,1,1,0,0,2,1,E01018667,17-12-2018,2,2,2,1,28,6,3,0,0,1,0,-1,9,1
52141,73.76013561,18.55713635,7,1,2,1,4,22:15,128,E06000007,3,574,6,60,0,-1,-1,0,0,0,4,1,2,0,0,1,1,E01012462,21-12-2018,2,1,1,1,42,7,3,0,0,0,0,-1,9,1
52142,73.92629262,18.59061362,7,3,1,1,4,17:59,128,E06000007,6,0,9,30,0,-1,6,0,0,0,7,9,1,0,0,1,1,E01012564,21-12-2018,1,1,1,2,32,6,3,0,0,0,0,-1,9,1
52143,73.78508795,18.63086337,7,3,2,1,3,16:40,123,E06000050,6,0,6,30,0,-1,-1,0,0,0,1,1,1,0,0,1,2,E01018563,20-12-2018,2,2,1,1,36,7,3,0,0,0,0,-1,9,1
52144,73.83042254,18.60450026,7,3,2,1,3,10:25,128,E06000007,6,0,6,30,0,-1,6,0,0,0,1,1,2,0,0,1,1,E01012561,20-12-2018,2,1,1,1,54,8,3,0,0,0,0,-1,9,1
52145,73.90589827,18.51021724,7,3,1,1,4,14:40,127,E06000050,5,619,6,60,0,-1,-1,0,0,0,1,1,2,0,0,2,1,E01018691,21-12-2018,2,2,2,2,29,6,3,0,0,1,0,-1,9,-1
52146,73.92565319,18.59905745,7,3,3,1,4,16:24,120,E06000050,6,0,6,30,3,4,6,0,0,0,4,2,2,0,0,1,1,E01018330,21-12-2018,1,1,3,1,70,10,3,5,3,0,0,-1,0,-1
52147,73.91499307,18.61171592,7,3,2,1,4,07:57,127,E06000050,1,56,3,70,0,-1,-1,0,0,0,1,1,1,0,0,2,1,E01018696,21-12-2018,2,1,1,1,20,4,3,0,0,0,0,-1,9,1
52148,73.86976411,18.53413776,7,3,1,1,6,16:20,123,E06000050,4,5136,6,40,0,-1,-1,0,0,0,1,1,2,0,0,1,1,E01018534,02-12-2018,2,2,2,1,20,4,3,0,0,1,0,-1,9,1
52149,73.7990662,18.49144109,7,3,2,1,2,21:05,127,E06000050,4,5153,6,30,0,-1,-1,0,0,0,6,1,1,0,0,2,1,E01018698,19-12-2018,1,1,3,2,3,1,2,10,3,0,0,-1,0,1
52150,73.86315638,18.59987296,7,3,2,2,1,17:30,121,E06000049,6,0,6,60,0,-1,-1,0,0,0,6,1,2,0,0,2,1,E01018393,18-12-2018,2,1,1,2,34,6,3,0,0,0,0,-1,9,1
52151,73.92985708,18.54620509,7,3,2,3,2,19:12,122,E06000049,6,0,6,30,9,4,6,0,0,0,4,1,2,4,0,1,1,E01018462,19-12-2018,1,1,2,2,21,5,3,0,0,0,3,-1,11,-1
52152,73.78377162,18.59383545,7,3,2,1,1,13:25,126,E06000049,6,0,6,30,3,4,6,0,0,0,1,1,2,0,0,1,1,E01018643,18-12-2018,2,1,1,1,10,2,3,0,0,0,0,-1,1,1
52153,73.77865814,18.62090579,7,3,3,1,2,10:22,126,E06000049,6,0,6,30,6,4,6,0,0,0,1,1,2,0,0,1,1,E01018635,19-12-2018,1,1,3,1,36,7,1,5,3,0,0,-1,0,-1
52154,73.78563959,18.50215192,7,2,1,1,3,15:45,121,E06000049,6,0,6,60,0,-1,-1,0,0,0,1,1,2,0,0,2,1,E01018393,20-12-2018,1,1,2,2,19,4,3,0,0,1,0,-1,9,-1
52155,73.90758547,18.49089489,7,2,1,1,4,16:29,126,E06000049,3,538,6,30,0,-1,-1,0,0,0,4,2,2,0,0,1,1,E01018653,21-12-2018,1,1,3,2,15,3,3,5,1,0,0,-1,0,1
52156,73.93864682,18.58770255,7,2,1,1,3,16:33,127,E06000050,5,321,6,60,0,-1,-1,0,0,0,6,1,2,0,0,2,1,E01018394,20-12-2018,2,1,1,1,25,5,3,0,0,0,0,-1,9,1
52157,73.74519108,18.55774227,7,3,2,2,4,18:32,121,E06000049,4,5079,6,30,3,4,6,0,0,0,4,1,2,0,0,1,1,E01018441,21-12-2018,2,1,1,1,55,8,2,0,0,0,0,-1,1,1
52158,73.85393603,18.57073273,7,3,3,1,5,17:15,120,E06000050,3,51,6,60,0,-1,-1,0,0,0,4,1,2,0,0,2,1,E01018324,22-12-2018,1,1,3,2,23,5,3,5,1,0,0,-1,0,1
52159,73.85723996,18.5011011,7,3,2,1,6,13:20,120,E06000050,6,0,6,30,0,-1,-1,0,0,0,1,1,1,0,0,1,1,E01018326,16-12-2018,1,1,3,1,21,5,3,5,1,0,0,-1,0,1
52160,73.85260542,18.62145162,7,2,1,1,6,00:40,124,E06000006,5,2020,6,30,0,-1,-1,0,0,0,4,1,1,0,0,1,1,E01012441,23-12-2018,1,1,2,2,17,4,3,0,0,2,0,-1,9,1
52161,73.80781088,18.56895902,7,3,2,4,2,14:53,122,E06000049,4,5074,6,60,0,-1,-1,0,0,0,1,1,2,0,0,2,1,E01018480,19-12-2018,1,1,1,1,58,9,3,0,0,0,0,-1,5,1
52162,73.79017659,18.52719802,7,2,1,1,6,00:35,128,E06000007,4,5356,6,60,0,-1,-1,0,0,0,6,1,1,0,0,2,1,E01012488,23-12-2018,1,2,3,1,9,2,3,5,4,0,0,-1,0,1
52163,73.85508464,18.49511791,7,3,1,1,7,23:12,121,E06000049,3,50,6,40,0,-1,-1,0,0,0,6,1,4,0,0,1,1,E01018417,17-12-2018,2,1,1,2,23,5,3,0,0,0,0,-1,9,1
52164,73.83234143,18.58848255,7,2,1,3,3,02:38,122,E06000049,6,0,6,60,0,-1,-1,0,0,0,6,1,1,0,0,2,1,E01018481,20-12-2018,1,1,1,2,42,7,3,0,0,0,0,-1,9,1
52165,73.75279367,18.51712612,7,3,2,1,5,22:20,127,E06000050,3,556,6,40,6,2,5,614,0,0,4,1,2,0,0,2,1,E01018678,22-12-2018,1,1,3,1,14,3,3,5,3,0,0,-1,0,-1
52166,73.92393067,18.64394789,7,3,2,1,6,09:50,128,E06000007,3,49,1,30,1,4,3,57,0,0,1,1,1,0,0,1,1,E01012480,23-12-2018,2,1,2,2,40,7,3,0,0,0,4,-1,11,-1
52167,73.87277729,18.64308984,7,3,2,2,5,20:08,128,E06000007,3,574,1,60,1,4,6,0,0,0,4,1,2,0,0,1,1,E01012460,22-12-2018,2,1,1,1,62,9,3,0,0,0,0,-1,9,1
52168,73.86249169,18.58732123,7,3,3,1,6,22:00,127,E06000050,4,5082,6,30,3,4,6,0,0,0,4,1,2,0,0,1,1,E01018715,23-12-2018,1,1,1,1,17,4,3,0,0,0,0,-1,9,1
52169,73.76227023,18.55336336,7,3,1,1,6,17:20,128,E06000007,6,0,6,30,0,-1,-1,0,0,0,4,2,2,0,0,1,1,E01012456,23-12-2018,1,4,2,1,20,4,3,0,0,1,0,-1,9,1
52170,73.95699642,18.62301741,7,3,1,1,6,21:00,128,E06000007,6,0,6,30,3,4,6,0,0,0,4,2,2,0,0,1,1,E01012456,23-12-2018,1,5,2,2,16,4,3,0,0,2,0,-1,9,1
52171,73.79301655,18.48847602,7,3,1,1,1,15:16,120,E06000050,3,534,6,60,0,-1,-1,0,0,0,1,1,2,0,0,2,1,E01018373,25-12-2018,2,2,1,1,20,4,3,0,0,0,0,-1,9,1
52172,73.82207864,18.62979304,7,2,1,4,6,01:14,127,E06000050,3,49,6,60,0,-1,-1,0,0,0,6,2,2,0,0,3,1,,16-12-2018,2,6,2,1,28,6,3,0,0,1,0,-1,9,-1
52173,73.93943841,18.48785906,7,3,3,1,3,00:40,123,E06000050,6,0,6,20,0,-1,-1,0,0,0,4,1,2,0,0,1,1,E01018542,27-12-2018,3,3,1,1,38,7,3,0,0,0,0,-1,9,1
52174,73.74073281,18.55726676,7,2,2,1,2,11:52,120,E06000050,3,41,6,60,3,4,6,0,0,0,1,1,2,0,0,2,1,E01018356,26-12-2018,3,7,2,2,34,6,3,0,0,1,0,-1,9,1
52175,73.76145813,18.63652763,7,3,2,2,3,15:10,127,E06000050,4,5309,6,60,3,4,3,530,0,0,1,1,1,0,0,2,1,E01018722,20-12-2018,2,1,1,1,27,6,3,0,0,0,0,-1,9,1
52176,73.91129671,18.56467626,7,3,2,1,6,17:50,121,E06000049,1,6,3,70,0,-1,-1,0,0,0,6,2,2,0,0,2,1,E01018418,23-12-2018,2,2,2,2,23,5,3,0,0,1,0,-1,9,1
52177,73.77329194,18.645408,7,3,1,1,2,22:05,120,E06000050,6,0,6,40,0,-1,-1,0,0,0,4,1,2,0,0,2,1,E01018707,26-12-2018,2,1,1,2,30,6,3,0,0,0,0,-1,9,1
52178,73.8378874,18.60032055,7,3,1,1,7,11:04,123,E06000050,1,53,3,70,0,-1,-1,0,0,0,1,1,2,0,0,2,1,E01018337,24-12-2018,2,1,1,1,40,7,3,0,0,0,0,-1,8,-1
52179,73.83505343,18.61315204,7,2,1,1,3,20:24,123,E06000050,6,0,3,30,0,-1,-1,0,0,4,4,1,2,0,0,1,1,E01018553,27-12-2018,1,1,1,1,19,4,3,0,0,0,0,-1,3,1
52180,73.92619973,18.62795567,7,3,2,1,2,18:10,126,E06000049,1,6,3,70,0,-1,-1,0,0,0,6,1,2,0,0,2,1,E01018654,26-12-2018,2,1,1,2,35,6,3,0,0,0,0,-1,9,1
52181,73.73480077,18.54865876,7,2,2,5,6,23:52,120,E06000050,1,53,2,70,5,4,1,53,0,0,6,1,2,0,0,2,1,E01018358,23-12-2018,2,1,1,2,36,7,3,0,0,0,0,-1,9,-1