Accident_Index,longitude,latitude,Police_Force,Accident_Severity,Number_of_Vehicles,Number_of_Casualties,Day_of_Week,Time,Local_Authority_(District),Local_Authority_(Highway),1st_Road_Class,1st_Road_Number,Road_Type,Speed_limit,Junction_Detail,Junction_Control,2nd_Road_Class,2nd_Road_Number,Pedestrian_Crossing-Human_Control,Pedestrian_Crossing-Physical_Facilities,Light_Conditions,Weather_Conditions,Road_Surface_Conditions,Special_Conditions_at_Site,Carriageway_Hazards,Urban_or_Rural_Area,Did_Police_Officer_Attend_Scene_of_Accident,LSOA_of_Accident_Location,Date,Vehicle_Reference,Casualty_Reference,Casualty_Class,Sex_of_Casualty,Age_of_Casualty,Age_Band_of_Casualty,Casualty_Severity,Pedestrian_Location,Pedestrian_Movement,Car_Passenger,Bus_or_Coach_Passenger,Pedestrian_Road_Maintenance_Worker,Casualty_Type,Casualty_Home_Area_Type
52182,73.83692267,18.62511397,7,3,2,1,2,18:50,128,E06000007,1,56,3,70,0,-1,-1,0,0,0,6,1,2,0,0,2,1,E01012503,26-12-2018,1,1,1,1,37,7,3,0,0,0,0,-1,9,-1
52183,73.91094824,18.58356326,7,3,2,1,4,07:48,124,E06000006,3,5080,6,50,0,-1,-1,0,0,0,1,1,2,0,0,1,1,E01012393,28-12-2018,1,1,3,1,47,8,3,9,9,0,0,-1,0,1
52184,73.78621101,18.55019047,7,3,2,2,4,12:05,120,E06000050,5,806,6,40,0,-1,-1,0,0,0,1,1,2,0,0,2,1,E01018385,28-12-2018,1,1,1,2,19,4,3,0,0,0,0,-1,9,1
52185,73.73461033,18.60999474,7,3,2,1,4,10:47,127,E06000050,3,533,3,60,3,4,6,0,0,0,1,2,4,0,0,2,1,E01018680,28-12-2018,1,1,3,1,63,9,3,5,3,0,0,-1,0,1
52186,73.93806516,18.6392059,7,3,2,1,1,14:28,124,E06000006,6,0,6,30,3,4,6,0,0,0,1,1,1,0,0,1,1,E01012419,25-12-2018,2,1,1,2,53,8,3,0,0,0,0,-1,9,1
52187,73.88897042,18.57531953,7,3,2,1,2,17:30,120,E06000050,3,55,3,70,0,-1,-1,0,0,0,4,1,1,0,0,2,1,E01018335,12-12-2018,3,2,1,2,45,7,3,0,0,0,0,-1,9,1
52188,73.75582447,18.56397346,7,3,2,1,5,13:19,122,E06000049,6,0,1,30,1,4,6,0,0,1,1,1,1,0,0,1,1,E01018504,15-12-2018,2,1,1,2,28,6,3,0,0,0,0,-1,1,1
52189,73.75778355,18.63994624,7,3,2,2,3,15:22,122,E06000049,5,528,6,30,3,4,6,0,0,0,1,1,1,0,0,1,1,E01018502,20-12-2018,2,1,2,1,24,5,3,0,0,0,4,-1,11,1
52190,73.94717537,18.59238982,7,3,1,1,3,21:15,128,E06000007,3,562,3,30,9,4,6,0,0,0,4,1,2,0,0,1,1,E01012527,27-12-2018,2,2,2,1,19,4,3,0,0,0,4,-1,11,1
52191,73.8499601,18.49210112,7,3,2,3,4,13:10,124,E06000006,4,5178,6,30,3,4,6,0,0,0,1,1,1,0,0,1,1,E01012426,28-12-2018,2,3,2,1,18,4,3,0,0,0,4,-1,11,1
52192,73.78251375,18.54702864,7,3,1,1,5,22:25,126,E06000049,6,0,6,30,3,4,6,0,0,0,4,1,1,0,0,1,1,E01018624,22-12-2018,2,4,2,1,18,4,3,0,0,0,4,-1,11,1
52193,73.77656999,18.53006676,7,3,1,1,6,22:00,128,E06000007,6,0,9,30,6,4,6,0,0,0,7,1,2,0,0,2,2,E01012516,23-12-2018,2,5,2,1,20,4,3,0,0,0,4,-1,11,1
52194,73.87261151,18.55711315,7,3,2,1,5,17:08,126,E06000049,5,424,6,60,0,-1,-1,0,0,0,6,5,2,0,0,2,1,E01018654,22-12-2018,2,6,2,2,20,4,3,0,0,0,4,-1,11,1
52195,73.8605608,18.64309105,7,3,2,1,4,05:15,122,E06000049,3,500,6,60,0,-1,-1,0,0,0,1,1,2,0,0,2,1,E01018465,21-12-2018,2,7,2,2,22,5,3,0,0,0,4,-1,11,1
52196,73.85353118,18.53518697,7,3,2,1,6,14:55,126,E06000049,6,0,6,50,6,4,5,410,0,0,1,2,2,0,0,2,1,E01018591,23-12-2018,2,8,2,2,50,8,3,0,0,0,4,-1,11,1
52197,73.81019013,18.6055495,7,3,6,8,4,11:58,122,E06000049,1,6,3,70,0,-1,-1,0,0,0,1,1,2,0,0,2,1,E01018465,28-12-2018,2,9,2,2,50,8,3,0,0,0,4,-1,11,1
52198,73.73388576,18.50342177,7,3,2,2,6,17:25,122,E06000049,5,633,6,60,3,4,6,0,0,0,4,2,2,0,0,2,1,E01018443,23-12-2018,2,10,2,1,70,10,3,0,0,0,4,-1,11,1
52199,73.94830228,18.53552636,7,3,1,1,6,22:02,122,E06000049,6,0,6,30,0,-1,-1,0,0,0,4,1,2,0,0,1,1,E01018459,23-12-2018,2,11,2,2,26,6,3,0,0,0,4,-1,11,1
52200,73.88108658,18.60868618,7,3,2,1,6,12:55,122,E06000049,5,552,6,30,0,-1,-1,0,0,0,1,1,1,0,0,1,2,E01018497,23-12-2018,1,1,3,1,16,4,3,5,1,0,0,-1,0,1
52201,73.88106156,18.5554511,7,3,1,1,6,22:00,126,E06000049,3,537,6,60,0,-1,-1,0,0,0,6,1,2,0,0,2,1,E01018607,23-12-2018,1,1,1,1,32,6,2,0,0,0,0,-1,3,1
52202,73.7851348,18.64123848,7,3,2,1,6,16:45,122,E06000049,3,5019,1,30,1,4,3,5078,0,0,4,2,2,0,0,1,2,E01018464,23-12-2018,2,1,2,2,28,6,3,0,0,1,0,-1,9,1
52203,73.85460612,18.60916058,7,3,2,1,7,13:45,128,E06000007,5,1009,6,60,0,-1,-1,0,0,0,1,1,1,0,0,2,2,E01012469,17-12-2018,1,1,1,1,19,4,3,0,0,0,0,-1,1,1
52204,73.93597265,18.51475753,7,3,1,1,2,17:00,126,E06000049,6,0,6,30,3,4,6,0,0,8,4,1,2,0,0,1,1,E01018637,26-12-2018,2,1,1,1,27,6,3,0,0,0,0,-1,9,1
52205,73.75538299,18.58520379,7,3,1,1,7,01:45,122,E06000049,5,505,6,60,0,-1,-1,0,0,0,6,2,2,0,0,2,1,E01018516,24-12-2018,2,1,1,1,22,5,3,0,0,0,0,-1,9,-1
52206,73.83654122,18.54151677,7,3,2,1,4,11:38,120,E06000050,5,832,6,60,0,-1,-1,0,0,0,1,8,4,0,0,2,1,E01018723,28-12-2018,2,2,2,2,24,5,3,0,0,1,0,-1,9,1
52207,73.79953983,18.56580867,7,2,2,2,7,10:32,121,E06000049,3,534,6,60,0,-1,-1,0,0,0,1,1,2,0,0,2,1,E01018393,24-12-2018,2,1,1,1,8,2,3,0,0,0,0,-1,1,1
52208,73.90926149,18.50420408,7,3,2,1,4,09:20,127,E06000050,6,0,6,30,3,4,3,533,0,0,1,1,4,0,0,1,1,E01018700,28-12-2018,2,1,1,2,45,7,2,0,0,0,0,-1,9,1
52209,73.86693804,18.61744502,7,3,2,2,7,19:15,126,E06000049,3,536,6,60,0,-1,-1,0,0,0,6,7,2,0,0,2,1,E01018591,24-12-2018,2,2,2,2,14,3,3,0,0,1,0,-1,9,1
52210,73.75331994,18.575064,7,3,2,1,2,13:25,121,E06000049,6,0,6,30,3,4,6,0,0,0,1,2,2,0,0,1,1,E01018399,26-12-2018,1,1,2,2,81,11,3,0,0,1,0,-1,9,2
52211,73.7881386,18.55277404,7,3,1,2,2,19:15,122,E06000049,6,0,6,40,0,-1,-1,0,0,0,4,1,2,0,0,1,1,E01018505,26-12-2018,1,1,1,1,65,9,3,0,0,0,0,-1,9,1
52212,73.76480081,18.53160443,7,3,2,1,6,06:26,122,E06000049,3,530,6,60,0,-1,-1,0,0,0,7,1,1,0,0,2,1,E01018480,23-12-2018,2,2,1,1,48,8,3,0,0,0,0,-1,9,1
52213,73.77427414,18.58590366,7,3,2,1,6,21:45,128,E06000007,6,0,6,30,3,4,6,0,0,0,4,1,1,0,0,1,2,E01012522,23-12-2018,1,1,3,1,39,7,2,5,3,0,0,-1,0,-1
52214,73.8341925,18.60150246,7,2,1,2,3,14:10,126,E06000049,3,537,6,60,3,4,6,0,0,0,1,1,2,0,0,2,1,E01018670,27-12-2018,1,1,1,1,21,5,3,0,0,0,0,-1,9,1
52215,73.87668822,18.57801297,7,3,3,4,3,09:37,126,E06000049,6,0,6,50,0,-1,-1,0,0,0,1,1,2,0,0,2,1,E01018648,27-12-2018,2,2,1,2,56,9,3,0,0,0,0,-1,9,1
52216,73.85926013,18.54462704,7,3,2,1,4,12:32,122,E06000049,3,532,6,30,3,4,6,0,0,0,1,1,2,0,0,1,1,E01018462,28-12-2018,1,1,1,1,27,6,3,0,0,0,0,-1,19,1
52217,73.87136964,18.61472535,7,2,1,1,4,14:20,122,E06000049,3,51,6,30,0,-1,-1,0,0,0,1,1,2,0,0,1,1,E01018454,28-12-2018,2,2,2,1,20,4,3,0,0,1,0,-1,9,1
52218,73.83933278,18.57967894,7,3,1,1,5,16:38,127,E06000050,3,54,3,40,6,2,6,0,0,4,4,8,4,0,0,1,1,E01018746,29-12-2018,1,1,1,1,73,10,3,0,0,0,0,-1,9,1
52219,73.95973343,18.48821072,7,3,2,1,4,12:10,123,E06000050,6,0,6,30,0,-1,-1,0,0,0,1,2,2,0,0,1,2,E01018565,21-12-2018,2,1,1,1,41,7,3,0,0,0,0,-1,1,1
52220,73.93512499,18.50190482,7,2,2,3,4,13:37,122,E06000049,6,0,6,60,3,4,6,0,0,0,1,1,2,0,0,2,1,E01018469,28-12-2018,1,1,1,2,11,3,3,0,0,0,0,-1,1,-1
52221,73.77889365,18.53179179,7,3,4,1,6,02:09,123,E06000050,4,5463,6,30,0,-1,-1,0,0,0,4,1,2,0,0,1,1,E01018549,30-12-2018,2,1,1,1,54,8,3,0,0,0,0,-1,1,1
52222,73.95332796,18.5053883,7,3,5,1,5,23:10,122,E06000049,1,6,3,70,0,-1,-1,0,0,0,6,6,2,0,2,2,1,E01018465,29-12-2018,1,1,3,1,28,6,3,9,8,0,0,-1,0,1
52223,73.93302291,18.50651572,7,3,2,2,6,11:55,127,E06000050,4,5153,6,30,2,4,5,729,0,0,1,1,2,0,0,1,1,E01018693,30-12-2018,2,1,1,2,21,5,3,0,0,0,0,-1,9,1
52224,73.90751113,18.54342019,7,3,2,1,6,09:10,120,E06000050,3,56,6,30,3,3,5,218,0,4,1,2,2,0,0,1,1,E01018346,30-12-2018,2,2,2,2,45,7,3,0,0,1,0,-1,9,-1
52225,73.93892238,18.50689546,7,2,2,1,6,15:13,120,E06000050,3,540,6,50,3,4,5,215,0,0,1,1,2,0,0,2,1,E01018367,30-12-2018,1,1,2,2,40,7,3,0,0,2,0,-1,9,-1
52226,73.81024781,18.58764561,7,3,1,1,3,14:15,127,E06000050,4,5152,6,30,9,4,6,0,0,0,1,1,1,0,0,2,1,E01018688,22-11-2018,1,2,2,2,35,6,3,0,0,1,0,-1,9,1
52227,73.79979151,18.62049007,7,3,2,1,6,15:30,127,E06000050,4,5082,6,30,3,4,6,0,0,4,1,1,2,0,0,1,1,E01018715,30-12-2018,1,1,1,1,86,11,3,0,0,0,0,-1,9,1
52228,73.73765789,18.53206102,7,3,1,1,6,20:50,128,E06000007,6,0,6,30,3,4,6,0,0,0,4,5,2,0,0,1,1,E01012459,30-12-2018,2,1,1,1,22,5,3,0,0,0,0,-1,9,1
52229,73.831801,18.58133514,7,2,2,1,7,12:17,127,E06000050,5,702,6,60,6,4,5,706,0,0,1,9,1,0,0,2,1,E01018684,31-12-2018,1,1,3,2,35,6,3,5,3,0,0,-1,0,1
52230,73.75565376,18.53897245,7,3,2,4,7,14:10,124,E06000006,5,2016,6,30,1,4,5,2018,0,8,1,1,2,0,0,1,1,E01012398,31-12-2018,1,2,2,1,22,5,3,0,0,1,0,-1,9,-1
52231,73.90538746,18.52343965,7,2,1,1,7,13:30,120,E06000050,3,41,3,70,0,-1,-1,0,0,0,1,1,1,0,0,2,1,E01018381,31-12-2018,2,1,2,2,16,4,3,0,0,1,0,-1,9,1
52232,73.76571214,18.53470746,7,3,2,1,2,11:35,126,E06000049,6,0,6,40,8,4,6,0,0,0,1,1,1,0,0,2,1,E01018587,26-12-2018,2,1,1,2,40,7,3,0,0,0,0,-1,9,-1
52233,73.83724284,18.55988636,7,3,2,2,7,12:55,122,E06000049,3,51,6,60,3,4,4,5071,0,0,1,1,2,0,0,2,1,E01018517,31-12-2018,1,1,1,1,37,7,3,0,0,0,0,-1,11,1
52234,73.88235106,18.52389508,7,2,2,1,6,20:35,121,E06000049,3,54,6,60,3,4,6,0,0,0,6,1,2,0,0,2,1,E01018413,30-12-2018,1,3,2,2,69,10,3,0,0,0,4,-1,11,1
52235,73.76427955,18.55978098,7,3,2,2,7,11:32,126,E06000049,5,402,6,60,3,4,6,0,0,0,1,2,2,0,0,2,1,E01018670,31-12-2018,2,2,1,1,25,5,3,0,0,0,0,-1,19,-1
52236,73.94472796,18.56527858,7,3,2,3,6,16:55,124,E06000006,6,0,6,30,3,4,6,0,0,0,4,1,1,0,0,1,2,E01012431,23-12-2018,1,2,2,1,95,11,3,0,0,1,0,-1,9,1
52237,73.93654935,18.58615252,7,3,2,1,6,14:03,127,E06000050,3,56,6,30,0,-1,-1,0,0,0,1,1,1,0,0,2,2,E01018688,30-12-2018,3,1,1,1,47,8,3,0,0,0,0,-1,9,1
52238,73.86438132,18.63953545,7,3,3,3,7,17:36,123,E06000050,3,550,6,60,3,4,6,0,0,0,4,1,1,0,0,1,1,E01018570,31-12-2018,1,1,2,2,46,8,3,0,0,1,0,-1,9,1
52239,73.93520458,18.64026747,7,3,2,1,2,14:30,126,E06000049,1,6,3,70,0,-1,-1,0,0,0,1,1,1,0,0,2,1,E01018722,19-12-2018,1,1,3,1,27,6,3,9,6,0,0,-1,0,1
52240,73.81097738,18.61121831,7,3,2,3,4,17:45,127,E06000050,5,727,6,60,3,4,6,0,0,0,4,8,4,0,0,2,2,E01018721,28-12-2018,1,1,3,1,10,2,3,5,4,0,0,-1,0,1
52241,73.86748418,18.53712952,7,2,2,2,7,16:55,120,E06000050,3,41,3,50,7,4,6,0,0,8,4,1,2,0,0,1,1,E01018358,31-12-2018,1,1,1,2,56,9,3,0,0,0,0,-1,9,1
52242,73.81224049,18.62361251,7,3,3,1,3,08:50,124,E06000006,5,2000,6,30,3,4,6,0,0,5,1,1,2,4,0,1,2,E01012378,20-12-2018,2,1,2,2,77,11,3,0,0,2,0,-1,9,1
52243,73.77072649,18.49898182,7,3,1,1,2,13:45,126,E06000049,6,0,9,30,0,-1,6,0,0,0,1,1,1,0,0,1,2,E01018613,19-12-2018,2,1,2,2,54,8,3,0,0,2,0,-1,8,1
52244,73.80099354,18.58441281,7,3,1,1,2,20:00,126,E06000049,6,0,6,60,3,4,3,56,0,0,4,9,1,0,0,2,2,E01018648,19-12-2018,1,1,3,2,9,2,3,6,9,0,0,-1,0,-1
52245,73.76808773,18.63735368,7,3,2,2,5,11:56,126,E06000049,3,537,6,50,0,-1,-1,0,0,0,1,2,2,0,0,2,1,E01018670,22-12-2018,1,1,3,1,22,5,2,6,9,0,0,-1,0,-1
52246,73.94667998,18.52313699,7,3,1,1,6,15:40,126,E06000049,3,50,6,60,0,-1,-1,0,0,0,6,2,2,0,0,2,1,E01018654,23-12-2018,2,1,1,1,29,6,3,0,0,0,0,-1,9,1
52247,73.83463742,18.60715307,7,3,2,1,2,11:00,128,E06000007,6,0,6,30,3,4,6,0,0,0,1,1,1,0,0,1,2,E01012459,19-12-2018,2,1,1,1,36,7,3,0,0,0,0,-1,1,1
52248,73.95425549,18.58967516,7,3,2,2,7,10:00,126,E06000049,6,0,6,30,0,-1,-1,0,0,0,1,2,2,0,0,1,2,E01018663,03-12-2018,2,1,2,2,58,9,3,0,0,2,0,-1,8,-1
52249,73.88225506,18.55819531,7,3,2,2,2,18:00,124,E06000006,5,2015,6,30,0,-1,-1,0,0,0,1,1,1,0,0,1,2,E01012422,05-12-2018,2,2,2,2,58,9,3,0,0,2,0,-1,8,-1
52250,73.79566326,18.59617683,7,3,2,1,6,15:20,128,E06000007,3,5061,1,30,1,2,6,0,0,0,1,1,1,0,0,1,2,E01012510,23-12-2018,2,1,1,1,40,7,3,0,0,0,0,-1,9,1
52251,73.93984371,18.56689873,7,3,1,1,5,19:00,127,E06000050,3,559,1,30,2,4,6,0,0,0,4,1,1,0,0,1,1,E01018713,29-12-2018,2,1,1,1,15,3,3,0,0,0,0,-1,1,1
52252,73.85503648,18.55795343,7,3,2,2,6,12:00,120,E06000050,3,41,1,60,1,4,4,5069,0,0,1,1,1,0,0,2,2,E01018356,23-12-2018,2,2,2,1,15,3,3,0,0,0,0,-1,1,1
52253,73.84371045,18.53061935,7,3,2,1,2,16:40,122,E06000049,3,530,9,60,0,-1,6,0,0,0,7,9,1,0,0,2,2,E01018480,19-12-2018,1,1,1,1,6,2,3,0,0,0,0,-1,1,-1
52254,73.94336794,18.63772756,7,3,2,2,6,10:15,128,E06000007,3,5061,6,30,0,-1,-1,0,2,0,1,1,1,0,0,1,2,E01012456,16-12-2018,2,1,2,2,19,4,3,0,0,1,0,-1,9,-1
52255,73.9470047,18.57070715,7,3,2,1,2,13:15,127,E06000050,1,6,3,70,0,-1,-1,0,0,0,1,1,2,0,0,2,2,E01018722,26-12-2018,2,1,1,2,18,4,3,0,0,0,0,-1,9,1
52256,73.74741807,18.61325217,7,3,1,1,5,14:45,123,E06000050,6,0,2,30,3,4,6,0,0,0,1,1,1,0,0,1,1,E01018520,15-12-2018,2,2,2,2,20,4,3,0,0,1,0,-1,9,1
52257,73.95975162,18.5682107,7,3,2,1,3,14:30,127,E06000050,6,0,6,30,6,4,5,704,0,0,1,8,4,0,0,2,1,E01018684,27-12-2018,2,1,1,2,31,6,3,0,0,0,0,-1,9,2
52258,73.83681543,18.53603001,7,3,2,1,1,17:04,122,E06000049,6,0,6,30,9,4,3,534,0,0,1,1,1,0,0,1,1,E01018488,20-02-2018,2,1,1,1,16,4,3,0,0,0,0,-1,2,-1
52259,73.87951033,18.57009102,7,3,2,1,4,18:40,122,E06000049,5,502,6,30,0,-1,-1,0,0,0,4,9,1,0,0,2,2,E01018479,21-12-2018,1,1,1,1,27,6,3,0,0,0,0,-1,9,1
52260,73.73492979,18.54149781,10,3,2,1,2,14:45,147,E08000021,5,112,6,30,3,4,6,126,0,0,1,1,1,0,0,1,1,E01008347,03-01-2018,2,2,1,2,43,7,3,0,0,0,0,-1,8,1
52261,73.96115286,18.52646634,10,3,2,2,2,19:08,150,E08000024,6,135,6,30,3,4,6,135,0,0,4,1,1,0,0,1,1,E01008847,03-01-2018,2,3,2,2,65,9,3,0,0,1,0,-1,8,1
52262,73.94718871,18.5167577,10,3,2,2,7,02:35,148,E08000022,3,1058,3,70,0,-1,-1,0,0,0,4,1,2,0,0,1,1,E01008534,01-01-2018,1,1,1,1,29,6,3,0,0,0,0,-1,9,1
52263,73.76606435,18.53845425,10,2,1,1,1,00:37,140,E06000048,6,3134,6,30,0,-1,-1,0,0,0,4,1,4,0,0,2,1,E01027361,02-01-2018,3,2,1,2,40,7,3,0,0,0,0,-1,9,1
52264,73.7789382,18.54524043,10,3,2,2,7,14:10,150,E08000024,6,5047,6,60,0,-1,-1,0,0,0,1,2,2,0,0,2,1,E01008734,01-01-2018,1,1,3,2,88,11,3,5,1,0,0,-1,0,-1
52265,73.96198556,18.61793851,10,3,2,3,1,14:14,147,E08000021,3,189,9,50,7,2,3,167,0,0,1,1,1,0,0,1,1,E01008395,02-01-2018,1,1,3,2,65,9,1,1,3,0,0,-1,0,-1
52266,73.83273833,18.6383063,10,3,2,3,1,11:53,147,E08000021,5,111,6,40,3,4,6,126,0,0,1,1,2,0,0,1,1,E01008325,02-01-2018,1,1,3,1,22,5,3,5,1,0,0,-1,0,1
52267,73.81885023,18.51695912,10,2,1,1,1,16:00,150,E08000024,6,235,6,30,0,-1,-1,0,0,0,1,4,2,0,0,1,1,E01008694,02-01-2018,1,1,3,1,71,10,3,6,9,0,0,-1,0,-1
52268,73.83587822,18.64251873,10,3,2,1,7,18:00,147,E08000021,4,1307,1,30,1,4,6,226,0,0,4,2,2,0,0,1,1,E01008407,01-01-2018,1,1,1,2,24,5,3,0,0,0,0,-1,9,1
52269,73.96209237,18.5743407,10,3,1,1,1,23:08,147,E08000021,3,193,6,30,6,2,5,127,0,0,4,1,2,0,0,1,1,E01008435,02-01-2018,2,2,1,2,63,9,3,0,0,0,0,-1,9,1
52270,73.77654561,18.51696842,10,3,2,1,2,14:45,148,E08000022,3,19,3,70,0,-1,-1,0,0,0,1,1,2,0,0,2,2,E01008512,03-01-2018,2,1,1,1,40,7,3,0,0,0,0,-1,3,1
52271,73.85850442,18.49793258,10,1,3,2,7,01:11,145,E06000048,6,6702,6,30,3,4,6,6510,0,0,4,1,2,0,0,1,1,E01027538,01-01-2018,2,1,1,1,66,10,3,0,0,0,0,-1,90,-1
52272,73.88999837,18.59728733,10,3,2,2,1,12:20,150,E08000024,6,234,6,30,3,2,5,523,0,4,1,1,1,0,0,1,2,E01008742,02-01-2018,2,1,1,1,31,6,3,0,0,0,0,-1,9,-1
52273,73.78000037,18.5370003,10,3,1,1,3,20:00,140,E06000048,5,80,6,60,0,-1,-1,0,0,0,6,4,1,0,0,2,1,E01027367,04-01-2018,1,1,3,1,26,6,3,5,3,0,0,-1,0,1
52274,73.83567409,18.62322896,10,3,1,1,7,02:14,142,E06000048,4,1328,6,30,6,2,4,1327,0,4,4,2,2,0,0,1,1,E01027442,01-01-2018,1,1,1,1,52,8,3,0,0,0,0,-1,8,-1
52275,73.94542278,18.58239516,10,3,1,1,3,07:40,146,E08000020,3,692,6,30,0,-1,-1,0,0,0,4,4,2,0,0,2,1,E01008273,04-01-2018,1,2,2,2,30,6,3,0,0,2,0,-1,8,-1
52276,73.85923208,18.51017608,10,3,3,2,4,16:47,149,E08000023,3,194,1,30,1,4,6,4104,0,0,4,1,2,0,0,1,1,E01008666,05-01-2018,2,3,1,2,30,6,3,0,0,0,0,-1,9,1
52277,73.88968223,18.64053659,10,3,2,1,2,11:15,146,E08000020,3,692,6,30,0,-1,-1,0,0,0,1,1,1,0,0,1,2,E01008260,03-01-2018,3,4,1,1,57,9,3,0,0,0,0,-1,9,1
52278,73.94417843,18.62436051,10,3,2,1,3,22:20,149,E08000023,3,194,3,30,0,-1,-1,0,0,4,4,1,1,0,0,1,2,E01008666,04-01-2018,2,1,1,1,27,6,3,0,0,0,0,-1,9,1
52279,73.77705012,18.55039511,10,3,2,2,4,16:15,147,E08000021,2,167,7,50,0,-1,-1,0,0,0,4,5,2,0,0,1,1,E01008370,05-01-2018,2,2,2,1,20,4,3,0,0,1,0,-1,9,1
52280,73.73502568,18.63687187,10,1,1,1,3,12:50,146,E08000020,6,3049,6,30,3,4,6,426,0,0,1,1,2,0,0,1,1,E01008169,04-01-2018,2,3,2,1,23,5,3,0,0,2,0,-1,9,1
52281,73.8697393,18.63927799,10,3,2,1,5,14:30,147,E08000021,4,1318,6,30,3,2,4,1307,0,5,1,1,1,0,0,1,1,E01008397,06-01-2018,3,1,1,1,37,7,3,0,0,0,0,-1,9,1
52282,73.75402223,18.58822857,10,3,1,1,5,18:30,144,E06000048,3,68,6,40,0,-1,-1,0,0,0,6,4,2,0,2,2,2,E01027503,06-01-2018,2,1,1,2,25,5,3,0,0,0,0,-1,9,1
52283,73.93036175,18.52690709,10,3,2,1,4,17:15,145,E06000048,3,196,6,30,3,4,6,0,0,0,4,1,2,0,0,2,2,E01027530,05-01-2018,2,2,2,1,24,5,3,0,0,1,0,-1,9,1
52284,73.80251837,18.60108014,10,3,2,2,5,12:44,150,E08000024,6,135,6,30,3,4,6,135,0,0,1,1,2,0,0,1,1,E01008850,06-01-2018,2,1,1,1,56,9,3,0,0,0,0,-1,1,1
52285,73.7422008,18.62861217,10,3,2,3,2,14:11,148,E08000022,3,19,3,70,0,-1,-1,0,0,0,1,1,1,0,0,2,1,E01008508,03-01-2018,1,1,1,2,32,6,3,0,0,0,0,-1,9,1
52286,73.95762813,18.52857269,10,3,1,1,5,08:50,150,E08000024,4,1291,6,30,6,2,3,1018,0,4,1,1,1,0,0,1,1,E01008713,06-01-2018,2,2,1,1,27,6,3,0,0,0,0,-1,9,1
52287,73.75250592,18.4983272,10,2,1,1,4,16:50,147,E08000021,3,186,3,40,0,-1,-1,0,0,4,4,1,2,0,0,1,1,E01008416,05-01-2018,3,3,2,2,25,5,3,0,0,1,0,-1,9,1
52288,73.84410289,18.53201035,10,3,2,2,6,09:40,150,E08000024,4,1291,6,30,6,2,5,509,0,4,1,4,1,0,0,1,2,E01008722,07-01-2018,2,1,1,2,41,7,3,0,0,0,0,-1,1,1
52289,73.82764911,18.57262705,10,2,1,4,6,23:53,147,E08000021,3,167,3,70,0,-1,-1,0,0,0,4,5,2,0,0,1,1,E01008450,07-01-2018,2,1,1,1,46,8,3,0,0,0,0,-1,9,1
52290,73.77481939,18.62695803,10,3,1,1,6,13:25,143,E06000048,3,696,6,60,0,-1,-1,0,0,0,1,5,2,0,0,2,1,E01027467,07-01-2018,2,2,2,2,45,7,3,0,0,1,0,-1,9,1
52291,73.96093757,18.51160163,10,3,2,1,6,15:04,147,E08000021,5,116,6,30,3,4,5,116,0,0,1,5,2,0,0,1,1,E01008395,07-01-2018,2,3,2,2,16,4,3,0,0,2,0,-1,9,1
52292,73.91495953,18.57086006,10,3,2,1,6,12:10,150,E08000024,3,1018,6,40,8,4,6,345,0,0,5,5,2,0,0,1,1,E01008769,07-01-2018,2,1,1,1,40,7,3,0,0,0,0,-1,9,1
52293,73.87422774,18.52970327,10,3,3,3,7,18:25,150,E08000024,6,235,6,30,3,4,6,235,0,0,4,5,2,0,0,1,1,E01008825,01-01-2018,2,1,1,1,30,6,3,0,0,0,0,-1,9,1
52294,73.84226844,18.63799173,10,3,1,1,7,08:00,149,E08000023,3,1018,6,40,0,-1,-1,0,0,0,1,5,2,0,0,2,1,E01008617,08-01-2018,2,2,2,1,29,6,3,0,0,1,0,-1,9,1
52295,73.90081254,18.48897671,10,3,2,1,6,16:25,147,E08000021,3,1,3,70,0,-1,-1,0,0,0,4,2,2,0,0,1,1,E01008295,07-01-2018,1,1,3,2,5,1,3,5,4,0,0,-1,0,1
52296,73.8137041,18.63466815,10,3,2,1,6,06:20,142,E06000048,3,1068,6,60,3,4,6,0,0,0,6,4,2,0,0,2,2,E01027412,07-01-2018,1,1,1,1,22,5,3,0,0,0,0,-1,9,1
52297,73.8359074,18.504984,10,3,2,2,2,14:05,149,E08000023,3,194,1,30,1,4,6,4104,0,4,1,1,1,0,0,1,1,E01008666,03-01-2018,1,3,2,1,26,6,3,0,0,1,0,-1,9,1
52298,73.73458473,18.52437849,10,3,1,1,4,11:45,147,E08000021,6,1018,6,30,3,4,6,126,0,0,1,1,1,0,0,1,1,E01008295,05-01-2018,2,2,1,2,27,6,3,0,0,0,0,-1,9,1
52299,73.84283888,18.56133165,10,2,1,1,4,12:20,150,E08000024,5,551,6,30,0,-1,-1,0,0,4,1,1,1,0,0,1,1,E01008818,05-01-2018,2,1,1,2,52,8,3,0,0,0,0,-1,1,1
52300,73.76569599,18.63064138,10,3,1,1,2,18:30,147,E08000021,6,216,6,30,3,4,6,216,0,0,4,1,1,0,0,1,1,E01008383,03-01-2018,1,1,1,1,10,2,2,0,0,0,0,-1,1,1