Accident_Index,longitude,latitude,Police_Force,Accident_Severity,Number_of_Vehicles,Number_of_Casualties,Day_of_Week,Time,Local_Authority_(District),Local_Authority_(Highway),1st_Road_Class,1st_Road_Number,Road_Type,Speed_limit,Junction_Detail,Junction_Control,2nd_Road_Class,2nd_Road_Number,Pedestrian_Crossing-Human_Control,Pedestrian_Crossing-Physical_Facilities,Light_Conditions,Weather_Conditions,Road_Surface_Conditions,Special_Conditions_at_Site,Carriageway_Hazards,Urban_or_Rural_Area,Did_Police_Officer_Attend_Scene_of_Accident,LSOA_of_Accident_Location,Date,Vehicle_Reference,Casualty_Reference,Casualty_Class,Sex_of_Casualty,Age_of_Casualty,Age_Band_of_Casualty,Casualty_Severity,Pedestrian_Location,Pedestrian_Movement,Car_Passenger,Bus_or_Coach_Passenger,Pedestrian_Road_Maintenance_Worker,Casualty_Type,Casualty_Home_Area_Type
52301,73.88743728,18.52314143,10,3,2,1,5,15:40,147,E08000021,4,6324,3,40,0,-1,-1,0,0,0,1,1,1,0,0,1,2,E01008445,06-01-2018,1,1,1,2,22,5,3,0,0,0,0,-1,9,1
52302,73.8273753,18.62397371,10,3,2,1,6,07:42,149,E08000023,3,185,6,30,8,4,6,336,0,0,4,4,1,0,0,1,1,E01008601,07-01-2018,2,2,1,1,42,7,3,0,0,0,0,-1,9,-1
52303,73.87732031,18.59057053,10,1,1,1,2,18:34,147,E08000021,5,112,6,30,0,-1,-1,0,0,0,4,4,1,0,0,1,1,E01008450,03-01-2018,1,1,3,2,40,7,3,5,2,0,0,-1,0,-1
52304,73.81352416,18.60852815,10,3,2,1,7,13:30,147,E08000021,3,167,3,40,1,2,3,1,0,0,1,9,1,0,0,1,2,E01008293,08-01-2018,2,1,2,2,55,8,3,0,0,1,0,-1,9,1
52305,73.91003007,18.5839316,10,3,2,1,4,18:30,146,E08000020,5,305,6,30,3,4,3,695,0,0,7,1,2,0,0,1,2,E01008177,05-01-2018,2,2,1,1,55,8,3,0,0,0,0,-1,9,1
52306,73.7818382,18.50826856,10,3,1,1,7,15:15,140,E06000048,4,6341,6,60,0,-1,-1,0,0,0,1,5,1,0,0,2,1,E01027365,08-01-2018,1,1,1,2,25,5,3,0,0,0,0,-1,9,-1
52307,73.76121741,18.50061959,10,3,2,1,5,11:52,140,E06000048,4,6344,6,60,0,-1,-1,0,0,0,1,5,2,0,0,2,1,E01027373,06-01-2018,1,1,1,2,51,8,3,0,0,0,0,-1,9,1
52308,73.89621279,18.58635203,10,2,1,2,6,10:55,148,E08000022,4,1316,6,30,0,-1,-1,0,0,4,1,5,2,0,0,1,1,E01008490,07-01-2018,1,2,2,1,18,4,3,0,0,1,0,-1,9,1
52309,73.94349975,18.51797632,10,2,2,5,7,15:30,144,E06000048,3,69,6,60,0,-1,-1,0,0,0,1,6,3,0,0,2,1,E01027484,08-01-2018,1,1,2,1,72,10,3,0,0,0,4,-1,11,1
52310,73.95165907,18.50826553,10,3,3,2,6,08:20,148,E08000022,3,193,6,30,3,4,6,136,0,0,1,4,2,0,0,1,2,E01008482,07-01-2018,2,1,1,2,20,4,3,0,0,0,0,-1,9,1
52311,73.78598052,18.54291504,10,3,1,1,4,23:28,146,E08000020,3,692,6,40,0,-1,-1,0,0,0,1,1,2,0,0,2,1,E01008273,05-01-2018,2,1,1,2,34,6,3,0,0,0,0,-1,9,1
52312,73.87494594,18.56719142,10,2,1,1,6,16:45,147,E08000021,3,186,3,30,0,-1,-1,0,0,4,4,2,2,0,0,1,1,E01008440,07-01-2018,2,2,2,2,37,7,3,0,0,1,0,-1,9,1
52313,73.83130967,18.56208246,10,3,2,1,6,19:20,146,E08000020,3,167,6,30,6,2,5,323,0,5,4,2,2,0,0,1,1,E01008252,07-01-2018,1,1,3,2,13,3,3,6,9,0,0,-1,0,-1
52314,73.91710536,18.56330032,10,3,2,2,6,18:05,144,E06000048,4,6395,6,30,0,-1,-1,0,0,4,4,2,2,0,0,1,1,E01027500,07-01-2018,2,1,1,1,30,6,3,0,0,0,0,-1,9,1
52315,73.92445211,18.55518597,10,3,1,1,4,15:00,140,E06000048,6,3134,6,30,3,4,3,1068,0,4,1,2,2,0,0,2,2,E01027361,05-01-2018,1,1,3,2,87,11,3,5,3,0,0,-1,0,-1
52316,73.78682617,18.63813073,10,2,2,1,1,19:35,142,E06000048,6,9511,6,30,6,4,6,9511,0,0,4,1,2,0,0,1,1,E01027414,02-01-2018,1,1,2,1,53,8,3,0,0,1,0,-1,9,-1
52317,73.84687927,18.49202566,10,3,1,1,4,08:40,150,E08000024,6,436,6,30,0,-1,-1,0,0,0,1,4,1,0,0,1,2,E01008726,05-01-2018,1,1,1,2,23,5,3,0,0,0,0,-1,9,-1
52318,73.81803989,18.54222704,10,3,2,1,7,05:40,150,E08000024,3,1231,3,70,1,4,5,507,0,0,4,4,2,0,0,1,1,E01008697,08-01-2018,2,1,1,1,71,10,3,0,0,0,0,-1,1,1
52319,73.8647347,18.64092243,10,3,1,1,4,15:05,150,E08000024,5,555,2,30,0,-1,-1,0,0,4,1,2,2,0,0,1,2,E01008703,05-01-2018,2,1,1,2,36,7,3,0,0,0,0,-1,9,1
52320,73.78925048,18.54089041,10,3,1,1,2,08:50,147,E08000021,6,126,6,30,3,4,3,191,0,0,1,1,1,0,0,1,1,E01008375,10-01-2018,1,1,1,1,22,5,3,0,0,0,0,-1,8,1
52321,73.86743142,18.51477905,10,3,1,1,1,16:45,147,E08000021,6,1001,6,60,0,-1,-1,0,0,0,6,1,2,0,0,2,2,E01008306,02-01-2018,2,2,1,2,62,9,3,0,0,0,0,-1,9,1
52322,73.947319,18.63906188,10,3,1,1,7,18:18,148,E08000022,6,427,6,30,0,-1,-1,0,0,0,4,1,2,0,0,1,1,E01008477,08-01-2018,1,1,1,1,30,6,3,0,0,0,0,-1,9,1
52323,73.80333351,18.51495645,10,3,2,2,7,13:40,148,E08000022,6,437,6,30,3,4,6,437,0,0,1,5,2,0,0,1,1,E01008584,08-01-2018,1,2,2,1,28,6,3,0,0,1,0,-1,9,1
52324,73.8018162,18.50279053,10,3,2,1,2,15:52,147,E08000021,6,326,6,30,0,-1,-1,0,0,0,1,1,1,0,0,1,1,E01008399,10-01-2018,2,1,1,1,26,6,3,0,0,0,0,-1,9,1
52325,73.95385598,18.59855303,10,3,2,1,2,22:34,146,E08000020,4,1296,6,30,3,4,5,318,0,0,4,1,2,0,0,1,1,E01008204,10-01-2018,1,1,1,2,16,4,2,0,0,0,0,-1,1,1
52326,73.92771965,18.52399267,10,3,1,2,3,10:30,147,E08000021,4,1318,6,30,3,4,6,126,0,4,1,1,1,0,0,1,2,E01008355,11-01-2018,1,1,1,1,19,4,3,0,0,0,0,-1,9,1
52327,73.74671887,18.54890072,10,3,2,1,1,17:30,146,E08000020,6,3040,6,30,3,4,4,6316,0,0,4,1,2,0,0,2,1,E01008268,02-01-2018,2,2,1,1,27,6,3,0,0,0,0,-1,9,1
52328,73.90694803,18.49610127,10,3,2,1,3,17:50,146,E08000020,5,324,6,30,9,4,6,326,0,0,4,2,2,0,0,1,1,E01008259,11-01-2018,1,1,1,2,36,7,3,0,0,0,0,-1,9,-1
52329,73.91823759,18.49972427,10,3,1,1,7,07:50,145,E06000048,6,6516,6,30,0,-1,-1,0,0,0,4,9,2,0,0,1,1,E01027533,08-01-2018,1,3,2,1,4,1,3,0,0,1,0,-1,9,1
52330,73.90242033,18.53934981,10,3,2,2,1,13:10,141,E06000048,4,6349,6,60,0,-1,-1,0,0,0,1,8,1,0,0,2,1,E01027381,09-01-2018,2,2,1,1,27,6,3,0,0,0,0,-1,9,1
52331,73.91661761,18.50930964,10,3,4,1,7,11:50,147,E08000021,4,6324,6,60,0,-1,-1,0,0,0,1,4,2,0,0,2,1,E01008458,08-01-2018,2,1,1,2,30,6,3,0,0,0,0,-1,9,1
52332,73.87013378,18.50439618,10,3,2,1,3,20:20,147,E08000021,2,167,7,60,5,4,2,167,0,0,4,4,1,0,0,1,1,E01008397,11-01-2018,1,1,1,1,30,6,3,0,0,0,0,-1,9,-1
52333,73.94700473,18.63032039,10,2,1,1,1,14:10,146,E08000020,3,692,6,40,0,-1,-1,0,0,0,1,1,2,0,0,2,1,E01008273,09-01-2018,1,1,3,1,6,2,3,5,4,0,0,-1,0,1
52334,73.80308996,18.51300004,10,3,2,1,6,13:30,148,E08000022,6,437,6,30,9,4,6,437,0,0,1,2,2,0,0,1,1,E01008586,07-01-2018,2,1,1,2,34,6,3,0,0,0,0,-1,9,1
52335,73.81242927,18.51295098,10,3,2,1,3,19:33,147,E08000021,6,216,6,30,3,4,5,108,0,0,4,4,1,0,0,1,1,E01008443,11-01-2018,2,1,1,1,23,5,3,0,0,0,0,-1,1,-1
52336,73.86967594,18.56070938,10,3,1,1,2,15:15,150,E08000024,6,5020,3,70,1,4,3,1231,0,0,1,1,1,0,0,2,1,E01008855,10-01-2018,1,1,1,2,27,6,3,0,0,0,0,-1,9,1
52337,73.92836786,18.56325837,10,3,2,1,3,17:40,150,E08000024,6,435,6,30,8,4,6,435,0,0,4,5,2,0,0,1,1,E01008775,11-01-2018,2,1,1,1,21,5,3,0,0,0,0,-1,1,1
52338,73.88797171,18.60989297,10,3,2,2,2,20:35,146,E08000020,4,1288,6,60,8,4,6,225,0,0,6,1,1,0,0,2,1,E01008224,10-01-2018,2,1,1,2,26,6,3,0,0,0,0,-1,9,1
52339,73.77319975,18.49584595,10,3,2,1,4,06:00,146,E08000020,3,184,3,40,6,2,6,3032,0,0,7,4,2,0,0,1,2,E01008168,12-01-2018,2,1,1,2,17,4,3,0,0,0,0,-1,9,1
52340,73.79529313,18.53558236,10,2,1,2,3,14:35,146,E08000020,6,225,6,30,3,4,6,225,0,8,1,5,2,0,0,1,1,E01008192,11-01-2018,2,2,2,2,47,8,3,0,0,1,0,-1,9,1
52341,73.77960871,18.55627758,10,3,2,1,4,14:45,150,E08000024,6,235,6,30,3,4,6,235,0,0,1,1,1,0,0,1,1,E01008698,12-01-2018,1,1,2,2,28,6,3,0,0,1,0,-1,9,1
52342,73.88054529,18.63242097,10,2,1,1,6,17:09,150,E08000024,3,182,6,30,6,2,4,1260,0,0,4,5,2,0,0,1,2,E01008716,07-01-2018,1,1,3,1,50,8,3,5,1,0,0,-1,0,-1
52343,73.81194511,18.51010203,10,3,2,3,5,18:19,150,E08000024,6,235,6,30,3,4,6,235,0,0,4,1,1,0,0,1,1,E01008698,06-01-2018,1,1,3,1,19,4,2,1,1,0,0,-1,0,1
52344,73.85552701,18.61981125,10,3,1,1,4,13:01,148,E08000022,6,136,6,30,0,-1,-1,0,0,0,1,4,1,0,0,1,1,E01008509,12-01-2018,1,1,2,2,43,7,3,0,0,1,0,-1,9,-1
52345,73.79298267,18.61582483,10,3,2,1,5,08:11,142,E06000048,3,193,6,30,1,4,6,9507,0,4,1,8,2,0,0,1,2,E01027425,06-01-2018,2,2,2,2,26,6,3,0,0,1,0,-1,9,1
52346,73.85020998,18.50637288,10,3,1,1,4,12:20,150,E08000024,6,5018,6,30,6,4,6,5026,0,0,1,1,1,0,0,1,1,E01008788,12-01-2018,1,1,1,1,13,3,3,0,0,0,0,-1,1,1
52347,73.8757738,18.54728145,10,3,1,3,5,01:25,150,E08000024,3,1018,3,30,3,2,6,235,0,8,4,1,1,0,0,1,1,E01008791,13-01-2018,2,1,1,1,50,8,3,0,0,0,0,-1,5,1
52348,73.77022907,18.58279206,10,3,2,1,5,09:20,150,E08000024,3,1231,3,70,0,-1,-1,0,0,0,1,1,1,0,0,2,1,E01008850,06-01-2018,2,1,1,1,16,4,3,0,0,0,0,-1,2,-1
52349,73.86966513,18.59309007,10,3,2,1,2,01:20,146,E08000020,3,167,3,40,6,2,6,426,0,4,4,1,1,0,0,1,1,E01008166,03-01-2018,2,1,1,2,29,6,3,0,0,0,0,-1,9,-1
52350,73.89816764,18.48943491,10,3,2,1,5,08:45,147,E08000021,4,1307,6,30,3,4,6,226,0,0,1,8,2,0,0,1,1,E01008407,13-01-2018,2,2,2,1,72,10,3,0,0,1,0,-1,9,1
52351,73.75761649,18.63740593,10,3,2,3,4,07:40,149,E08000023,5,409,6,30,6,2,6,4019,0,4,4,4,2,0,0,1,1,E01008681,12-01-2018,1,1,3,2,51,8,3,6,9,0,0,-1,0,1
52352,73.81926033,18.64368233,10,3,2,1,3,15:15,150,E08000024,3,690,6,30,6,2,3,690,0,4,1,4,2,0,0,1,2,E01008782,11-01-2018,2,1,1,1,4,1,3,0,0,0,0,-1,1,-1
52353,73.75432977,18.59822373,10,3,2,1,6,08:35,148,E08000022,3,189,3,70,0,-1,-1,0,0,0,1,1,4,0,0,2,1,E01008577,14-01-2018,1,1,1,2,25,5,3,0,0,0,0,-1,1,1
52354,73.81626527,18.54157214,10,1,3,1,6,06:20,150,E08000024,3,19,3,70,0,-1,-1,0,0,0,6,1,4,0,0,2,1,E01008808,14-01-2018,1,1,1,2,31,6,3,0,0,0,0,-1,9,1
52355,73.8343925,18.53358689,10,3,1,1,6,11:55,148,E08000022,6,337,1,40,1,4,6,337,0,8,1,1,2,0,0,2,1,E01008501,14-01-2018,2,2,1,2,40,7,3,0,0,0,0,-1,9,1
52356,73.83110855,18.51055843,10,3,1,2,1,02:50,147,E08000021,2,167,3,50,0,-1,-1,0,0,0,4,1,2,0,0,1,1,E01008408,16-01-2018,1,1,3,1,34,6,3,9,5,0,0,-1,0,1
52357,73.84372352,18.49580927,10,3,1,1,1,19:30,149,E08000023,3,1018,6,30,0,-1,-1,0,0,0,4,5,2,0,2,1,1,E01008619,09-01-2018,1,2,2,1,14,3,3,0,0,1,0,-1,9,1
52358,73.9375998,18.49131038,10,3,2,1,7,11:30,140,E06000048,4,6341,6,60,3,4,5,89,0,0,1,1,2,0,0,2,1,E01027365,15-01-2018,2,1,1,1,35,6,3,0,0,0,0,-1,9,1
52359,73.86913605,18.58716871,10,3,2,2,3,15:39,141,E06000048,5,80,6,60,0,-1,-1,0,0,0,1,4,2,0,0,2,1,E01027384,11-01-2018,1,1,1,2,60,9,3,0,0,0,0,-1,9,1
52360,73.94876044,18.53857409,10,3,2,1,7,16:53,150,E08000024,3,1231,3,30,0,-1,-1,0,0,1,4,2,2,0,0,1,1,E01008831,15-01-2018,2,2,1,1,23,5,3,0,0,0,0,-1,9,1
52361,73.94194302,18.49884353,10,3,1,1,5,23:34,148,E08000022,6,136,6,30,6,4,6,136,0,0,4,1,2,0,0,1,1,E01008510,13-01-2018,2,3,2,1,21,5,3,0,0,1,0,-1,9,-1
52362,73.9509539,18.59008474,10,3,1,2,6,09:03,143,E06000048,5,115,6,60,0,-1,-1,0,0,0,1,1,4,0,0,2,1,E01027450,14-01-2018,2,1,1,1,52,8,3,0,0,0,0,-1,1,1
52363,73.89718466,18.55568906,10,3,3,1,7,10:02,140,E06000048,4,6344,6,60,0,-1,-1,0,0,0,1,1,2,0,0,2,1,E01027365,15-01-2018,1,1,3,1,20,4,3,9,9,0,0,-1,0,-1
52364,73.89742267,18.57370721,10,1,3,1,5,08:55,143,E06000048,3,697,6,60,0,-1,-1,0,0,0,1,1,4,0,0,2,1,E01027450,13-01-2018,1,1,3,1,28,6,3,9,5,0,0,-1,0,1
52365,73.79475143,18.55079929,10,3,3,3,7,11:25,149,E08000023,3,194,3,40,1,2,3,1300,0,0,1,1,2,0,0,1,1,E01008670,15-01-2018,2,1,1,2,31,6,3,0,0,0,0,-1,9,1
52366,73.79092383,18.53388684,10,3,2,1,6,16:30,149,E08000023,3,1300,3,40,3,2,6,336,0,0,4,1,2,0,0,1,1,E01008608,14-01-2018,1,1,3,1,47,8,2,6,9,0,0,-1,0,1
52367,73.89331744,18.54787898,10,3,2,2,4,12:20,150,E08000024,6,235,6,30,3,4,5,514,0,0,1,4,1,0,0,1,2,E01008831,12-01-2018,1,1,1,1,32,6,3,0,0,0,0,-1,1,1
52368,73.90651648,18.60790246,10,3,2,1,7,11:45,148,E08000022,4,1322,6,30,0,-1,-1,0,0,0,1,1,2,0,0,2,1,E01008565,15-01-2018,2,1,2,1,25,5,3,0,0,1,0,-1,9,1
52369,73.93653303,18.57728338,10,3,1,3,6,22:50,147,E08000021,6,246,6,30,1,4,6,246,0,0,4,1,2,0,0,1,1,E01008407,14-01-2018,2,1,2,2,22,5,3,0,0,1,0,-1,9,1
52370,73.79353371,18.63490858,10,3,2,2,7,15:39,150,E08000024,6,5060,6,60,0,-1,-1,0,0,0,1,1,2,6,0,2,1,E01008767,15-01-2018,2,1,2,2,53,8,3,0,0,1,0,-1,9,-1
52371,73.958052,18.62398021,10,3,2,1,6,08:55,150,E08000024,6,435,6,60,3,4,6,435,0,8,1,1,4,0,0,2,1,E01008808,14-01-2018,2,2,2,2,53,8,3,0,0,1,0,-1,9,-1
52372,73.88236792,18.6137183,10,3,1,2,4,08:47,145,E06000048,6,6727,6,30,1,4,6,0,0,0,1,4,2,0,0,1,1,E01027516,12-01-2018,1,1,2,2,23,5,3,0,0,1,0,-1,9,-1
52373,73.95128396,18.59221555,10,3,2,1,5,14:35,150,E08000024,4,1286,6,30,3,4,6,435,0,0,1,1,2,0,0,2,1,E01008808,13-01-2018,2,1,1,2,25,5,3,0,0,0,0,-1,1,1
52374,73.82500988,18.6073491,10,3,2,1,5,16:55,150,E08000024,6,235,6,30,8,4,6,235,0,0,4,1,2,0,0,1,1,E01008693,13-01-2018,2,1,1,1,53,8,3,0,0,0,0,-1,1,1
52375,73.85346116,18.51922406,10,2,1,2,6,17:00,150,E08000024,6,235,6,30,0,-1,-1,0,0,0,4,1,2,0,0,1,1,E01008812,14-01-2018,2,1,1,2,54,8,3,0,0,0,0,-1,9,1
52376,73.91070421,18.63066769,10,3,2,3,6,17:15,142,E06000048,3,1061,6,40,3,4,6,9524,0,8,4,2,2,0,0,2,1,E01027440,07-01-2018,2,1,2,1,20,4,3,0,0,1,0,-1,9,-1
52377,73.85747178,18.57452881,10,3,2,1,5,15:14,150,E08000024,3,1231,3,70,1,4,3,182,0,0,1,1,2,0,0,2,1,E01008874,13-01-2018,1,1,1,2,19,4,3,0,0,0,0,-1,9,1
52378,73.92730888,18.56323467,10,3,2,1,7,09:10,147,E08000021,6,226,6,20,3,4,4,1307,0,0,1,1,2,0,0,1,2,E01008411,15-01-2018,1,1,1,1,25,5,3,0,0,0,0,-1,4,1
52379,73.94139914,18.58314962,10,3,2,2,6,13:00,146,E08000020,5,330,6,40,9,4,6,425,0,0,1,1,2,0,0,1,1,E01020611,14-01-2018,1,1,2,1,22,5,1,0,0,2,2,-1,8,-1
52380,73.83331652,18.54104985,10,3,2,1,3,18:45,142,E06000048,3,1171,6,30,1,4,5,419,0,0,4,1,1,0,0,1,1,E01027411,04-01-2018,2,1,1,2,27,6,3,0,0,0,0,-1,9,1
52381,73.84073541,18.51641193,10,2,1,1,5,17:48,146,E08000020,5,330,6,30,3,4,6,425,0,0,4,1,2,0,0,1,1,E01020611,13-01-2018,2,2,2,1,7,2,3,0,0,2,0,-1,9,1
52382,73.89148509,18.59895544,10,2,1,1,5,13:42,146,E08000020,3,167,6,30,9,4,6,225,0,0,1,1,2,0,0,1,1,E01008175,13-01-2018,2,3,2,2,4,1,3,0,0,2,0,-1,9,1
52383,73.93653807,18.56603375,10,3,2,1,4,12:25,146,E08000020,5,326,6,30,6,2,6,3106,0,0,1,1,1,4,0,1,1,E01008258,12-01-2018,2,1,1,1,17,4,3,0,0,0,0,-1,1,1
52384,73.85088016,18.51215831,10,3,2,1,3,16:00,147,E08000021,3,696,3,70,1,2,3,167,0,0,1,1,1,0,0,1,1,E01008293,04-01-2018,2,1,1,2,28,6,3,0,0,0,0,-1,9,1
52385,73.81173226,18.57361282,10,2,2,1,1,01:25,147,E08000021,3,1,3,70,0,-1,-1,0,0,0,4,1,2,0,0,2,1,E01008386,16-01-2018,1,1,2,2,30,6,3,0,0,0,4,-1,11,1
52386,73.8820328,18.53955712,10,3,4,1,6,14:04,146,E08000020,3,694,2,60,0,-1,-1,0,0,0,1,1,2,0,0,2,1,E01008276,14-01-2018,2,1,1,1,73,10,3,0,0,0,0,-1,9,1
52387,73.82875017,18.55339598,10,3,2,1,5,13:25,145,E06000048,3,1068,6,60,8,4,6,0,0,0,1,1,2,0,0,2,1,E01027521,06-01-2018,2,2,2,2,30,6,3,0,0,1,0,-1,9,1
52388,73.86134634,18.5528317,10,3,2,1,2,14:45,150,E08000024,6,435,1,60,1,4,6,435,0,8,1,1,1,0,0,2,1,E01008808,03-01-2018,1,1,3,2,13,3,3,5,2,0,0,-1,0,1
52389,73.83903249,18.62808396,10,3,2,1,2,09:35,145,E06000048,3,197,6,30,0,-1,-1,0,0,0,1,1,1,0,2,2,1,E01027542,10-01-2018,2,1,2,2,20,4,3,0,0,2,0,-1,9,-1
52390,73.76129437,18.63999538,10,2,1,1,7,08:31,143,E06000048,3,1,3,70,0,-1,-1,0,0,0,1,5,2,0,0,2,1,E01027473,08-01-2018,2,2,2,2,22,5,3,0,0,2,0,-1,9,1
52391,73.8170684,18.64062751,10,3,1,1,5,12:36,145,E06000048,5,339,6,30,3,4,6,6704,0,0,1,1,1,0,0,1,1,E01027539,13-01-2018,1,1,1,2,22,5,3,0,0,0,0,-1,9,1
52392,73.89132079,18.57621459,10,2,2,2,3,18:10,145,E06000048,5,404,6,30,3,4,6,6535,0,0,4,4,2,0,0,2,1,E01027531,11-01-2018,1,1,3,2,35,6,3,5,2,0,0,-1,0,1
52393,73.81177641,18.64561858,10,3,2,1,4,15:55,142,E06000048,3,1068,3,60,1,4,6,19,0,0,1,2,2,0,0,2,1,E01008582,05-01-2018,2,1,1,1,35,6,3,0,0,0,0,-1,1,1
52394,73.7965151,18.4901542,10,3,2,1,5,08:50,147,E08000021,5,127,6,30,3,4,6,226,0,0,1,1,1,0,0,1,2,E01008323,13-01-2018,2,1,1,1,56,9,3,0,0,0,0,-1,1,2
52395,73.82577122,18.53970257,10,3,2,1,7,13:45,145,E06000048,6,6703,6,30,6,2,6,6712,0,5,1,4,2,2,0,1,1,E01027533,08-01-2018,2,1,1,2,54,8,3,0,0,0,0,-1,1,-1
52396,73.80707999,18.60522155,10,3,2,5,6,19:20,150,E08000024,6,446,6,30,3,4,6,446,0,0,4,1,2,0,0,1,1,E01008723,14-01-2018,1,1,3,1,17,4,2,5,9,0,0,-1,0,-1
52397,73.7528999,18.63790471,10,3,2,1,1,14:17,150,E08000024,3,1231,3,30,6,2,5,508,0,4,1,1,1,0,0,1,1,E01008820,16-01-2018,1,1,1,1,39,7,2,0,0,0,0,-1,3,-1
52398,73.87096219,18.53776433,10,3,1,1,6,11:05,149,E08000023,3,1300,2,30,0,-1,-1,0,0,0,1,1,2,0,0,1,1,E01008626,14-01-2018,1,2,2,1,23,5,2,0,0,2,0,-1,3,-1
52399,73.79149222,18.52853715,10,3,1,1,7,01:20,147,E08000021,3,186,3,30,6,2,5,322,0,5,4,1,2,0,0,1,1,E01008440,15-01-2018,2,1,1,1,59,9,3,0,0,0,0,-1,9,1
52400,73.75231974,18.556493,10,3,2,3,7,12:44,147,E08000021,5,111,6,40,3,4,6,126,0,0,1,1,1,0,0,1,1,E01008325,15-01-2018,1,1,2,2,15,3,2,0,0,2,0,-1,9,1
52401,73.94902518,18.50971886,10,3,1,1,1,18:04,147,E08000021,4,1307,6,30,0,-1,-1,0,0,4,4,1,1,0,0,1,1,E01008440,16-01-2018,1,2,2,1,18,4,3,0,0,2,0,-1,9,1
52402,73.74025857,18.62022627,10,1,1,1,7,01:56,147,E08000021,3,69,7,60,0,-1,-1,0,0,0,6,1,2,0,0,1,1,E01008405,15-01-2018,2,1,1,2,34,6,3,0,0,0,0,-1,1,1
52403,73.90994852,18.63876127,10,3,1,1,6,23:55,147,E08000021,3,695,6,40,0,-1,-1,0,0,0,4,1,2,0,0,1,1,E01008291,14-01-2018,1,1,3,1,49,8,3,9,9,0,0,-1,0,-1
52404,73.77198455,18.55799524,10,3,1,1,6,22:40,147,E08000021,3,188,6,30,0,-1,-1,0,0,0,4,1,2,0,0,1,1,E01008364,14-01-2018,1,1,3,1,34,6,3,4,4,0,0,-1,0,1
52405,73.90982139,18.50182289,10,3,1,1,1,13:10,141,E06000048,3,1167,6,30,1,4,6,0,0,0,1,1,1,0,0,1,1,E01027378,16-01-2018,2,1,1,1,53,8,3,0,0,0,0,-1,1,1
52406,73.78678455,18.52678329,10,3,2,1,7,11:00,147,E08000021,5,109,6,30,1,4,3,167,0,0,1,1,1,0,0,1,2,E01008296,15-01-2018,1,1,3,2,16,4,2,6,9,0,0,-1,0,1
52407,73.85139245,18.53959771,10,3,1,1,5,07:45,146,E08000020,4,1296,6,30,3,2,6,3037,0,5,4,4,2,0,0,1,1,E01008221,13-01-2018,2,1,1,1,52,8,3,0,0,0,0,-1,9,1
52408,73.74296321,18.610204,10,3,2,1,6,14:05,146,E08000020,5,315,6,30,6,4,5,321,0,0,1,1,2,0,0,1,1,E01008163,14-01-2018,1,1,3,2,30,6,3,1,3,0,0,-1,0,1
52409,73.85033283,18.54765293,10,3,1,1,3,15:30,150,E08000024,4,1284,6,30,0,-1,-1,0,0,0,1,1,2,0,0,1,2,E01008748,18-01-2018,1,1,3,1,45,7,3,9,5,0,0,-1,0,1
52410,73.83236717,18.5304211,10,3,1,1,1,21:02,146,E08000020,4,1426,6,30,0,-1,-1,0,0,0,4,2,2,0,0,1,1,E01008162,02-01-2018,2,1,1,2,43,7,3,0,0,0,0,-1,9,1
52411,73.80608958,18.59943546,10,3,2,1,2,15:15,149,E08000023,3,1018,6,30,3,2,6,4115,0,5,1,1,1,0,0,1,1,E01008667,17-01-2018,1,1,2,1,56,9,3,0,0,1,0,-1,9,-1
52412,73.93768093,18.48846685,10,3,1,1,3,09:35,146,E08000020,5,327,2,30,0,-1,-1,0,0,8,1,1,2,0,0,1,1,E01008262,18-01-2018,2,1,1,1,18,4,3,0,0,0,0,-1,1,-1
52413,73.73833858,18.60946037,10,3,2,1,2,18:02,146,E08000020,3,184,3,70,0,-1,-1,0,0,0,4,2,2,0,0,1,2,E01008259,17-01-2018,2,1,1,1,22,5,3,0,0,0,0,-1,9,1
52414,73.79907122,18.5541365,10,3,3,1,6,12:30,150,E08000024,6,235,6,30,6,4,6,235,0,0,1,1,2,0,0,1,2,E01008833,14-01-2018,2,1,1,1,23,5,3,0,0,0,0,-1,9,1
52415,73.9278255,18.56929744,10,2,1,2,7,01:23,143,E06000048,3,697,6,60,0,-1,-1,0,0,0,6,5,2,0,0,2,1,E01027450,08-01-2018,2,2,2,1,26,6,3,0,0,1,0,-1,9,1
52416,73.8772307,18.62982524,10,3,1,2,5,18:17,145,E06000048,6,6704,6,30,6,4,6,6536,0,1,4,1,1,0,0,1,1,E01027545,13-01-2018,1,1,3,1,43,7,2,5,3,0,0,-1,0,1
52417,73.76652314,18.50245703,10,3,1,1,1,23:25,147,E08000021,3,6085,6,30,0,-1,-1,0,0,4,4,1,2,0,0,1,2,E01008401,16-01-2018,2,1,1,1,41,7,3,0,0,0,0,-1,5,2
52418,73.90092378,18.64606312,10,2,1,1,2,02:09,150,E08000024,6,335,6,30,0,-1,-1,0,0,0,4,1,2,0,0,1,1,E01008797,17-01-2018,1,1,3,1,4,1,3,5,4,0,0,-1,0,1