Accident_Index,longitude,latitude,Police_Force,Accident_Severity,Number_of_Vehicles,Number_of_Casualties,Day_of_Week,Time,Local_Authority_(District),Local_Authority_(Highway),1st_Road_Class,1st_Road_Number,Road_Type,Speed_limit,Junction_Detail,Junction_Control,2nd_Road_Class,2nd_Road_Number,Pedestrian_Crossing-Human_Control,Pedestrian_Crossing-Physical_Facilities,Light_Conditions,Weather_Conditions,Road_Surface_Conditions,Special_Conditions_at_Site,Carriageway_Hazards,Urban_or_Rural_Area,Did_Police_Officer_Attend_Scene_of_Accident,LSOA_of_Accident_Location,Date,Vehicle_Reference,Casualty_Reference,Casualty_Class,Sex_of_Casualty,Age_of_Casualty,Age_Band_of_Casualty,Casualty_Severity,Pedestrian_Location,Pedestrian_Movement,Car_Passenger,Bus_or_Coach_Passenger,Pedestrian_Road_Maintenance_Worker,Casualty_Type,Casualty_Home_Area_Type
52419,73.92896617,18.49928997,10,3,2,1,6,16:50,147,E08000021,5,127,6,30,3,4,6,226,0,0,4,1,1,0,0,1,2,E01008316,14-01-2018,1,1,1,1,49,8,3,0,0,0,0,-1,9,3
52420,73.96008328,18.54460593,10,3,1,1,7,11:35,147,E08000021,3,186,6,40,1,4,3,191,0,0,1,1,2,0,0,1,2,E01008416,15-01-2018,2,2,1,1,47,8,3,0,0,0,0,-1,9,1
52421,73.88718517,18.56625859,10,3,2,1,4,14:55,147,E08000021,6,126,6,30,0,-1,-1,0,0,0,1,4,2,0,0,1,1,E01008297,12-01-2018,1,1,1,2,45,7,3,0,0,0,0,-1,9,1
52422,73.84460883,18.62623323,10,3,1,1,1,22:25,145,E06000048,5,363,6,60,3,4,3,192,0,0,4,4,2,0,0,2,1,E01027521,16-01-2018,2,1,2,2,70,10,3,0,0,0,4,-1,11,-1
52423,73.85427906,18.54723027,10,3,3,1,2,10:17,146,E08000020,3,184,6,50,1,2,3,185,0,8,1,1,2,0,0,1,1,E01008241,17-01-2018,1,1,3,1,20,4,2,9,7,0,0,-1,0,1
52424,73.88572401,18.51347571,10,3,2,1,1,13:15,146,E08000020,5,324,1,30,1,4,6,125,0,0,1,1,1,0,0,1,2,E01008226,16-01-2018,1,1,1,1,-1,-1,3,0,0,0,0,-1,3,-1
52425,73.90036187,18.61136762,10,3,1,1,3,19:00,150,E08000024,3,182,6,30,6,2,6,5050,0,5,4,1,1,0,0,1,1,E01008744,18-01-2018,2,1,1,1,34,6,3,0,0,0,0,-1,9,1
52426,73.86163337,18.52715497,10,2,2,1,3,07:55,148,E08000022,3,19,3,70,0,-1,-1,0,0,0,1,1,2,0,0,2,1,E01008540,18-01-2018,2,1,1,2,32,6,2,0,0,0,0,-1,9,1
52427,73.88790458,18.5507692,10,3,2,1,7,13:09,148,E08000022,6,2010,3,30,0,-1,-1,0,0,0,1,1,1,0,0,1,1,E01008539,15-01-2018,1,1,1,1,42,7,3,0,0,0,0,-1,9,1
52428,73.75765641,18.50801907,10,3,2,1,5,14:45,147,E08000021,6,216,6,30,3,4,6,216,0,0,1,1,2,0,0,1,2,E01008447,13-01-2018,2,2,1,2,24,5,3,0,0,0,0,-1,9,1
52429,73.80146922,18.61358854,10,3,2,1,2,20:00,147,E08000021,2,167,7,50,5,4,2,167,0,0,4,1,1,0,0,1,1,E01008397,17-01-2018,2,3,2,2,23,5,3,0,0,1,0,-1,9,1
52430,73.75842237,18.64211019,10,3,1,1,2,19:09,146,E08000020,3,184,3,50,6,2,6,426,0,0,4,1,1,0,0,1,1,E01008214,17-01-2018,2,1,1,1,17,4,2,0,0,0,0,-1,2,1
52431,73.81357685,18.63251498,10,3,2,1,3,13:37,148,E08000022,3,189,1,60,1,4,3,189,0,0,1,1,2,0,0,2,1,E01008478,18-01-2018,2,1,2,2,42,7,3,0,0,2,0,-1,9,1
52432,73.79585304,18.54988755,10,3,2,1,2,10:30,146,E08000020,3,185,6,30,0,-1,-1,0,0,1,1,1,1,0,6,1,2,E01008244,17-01-2018,2,2,2,1,11,3,3,0,0,1,0,-1,9,1
52433,73.83007008,18.55335984,10,3,2,1,2,13:30,149,E08000023,3,183,6,30,3,4,6,446,0,1,1,1,1,0,0,1,1,E01008685,17-01-2018,2,3,2,2,14,3,3,0,0,2,0,-1,9,1
52434,73.78688875,18.59192612,10,3,2,1,5,20:45,146,E08000020,4,1296,6,30,3,4,6,426,0,0,4,1,1,0,0,1,1,E01008236,20-01-2018,2,1,1,2,30,6,3,0,0,0,0,-1,9,1
52435,73.76729913,18.56298112,10,3,2,1,4,21:45,140,E06000048,3,1068,6,30,3,4,5,99,0,0,4,1,1,3,0,2,1,E01027364,12-01-2018,2,1,1,1,23,5,3,0,0,0,0,-1,9,1
52436,73.95863655,18.51266446,10,3,1,1,7,02:15,147,E08000021,3,6085,6,30,0,-1,-1,0,0,0,4,1,1,0,0,1,1,E01008404,15-01-2018,1,1,1,1,35,6,3,0,0,0,0,-1,5,-1
52437,73.89980493,18.62539455,10,3,1,1,4,18:26,148,E08000022,5,206,6,30,6,2,4,1304,0,0,4,5,2,0,0,1,1,E01008526,19-01-2018,1,1,1,1,38,7,2,0,0,0,0,-1,5,1
52438,73.85169066,18.5208605,10,3,2,1,3,18:03,148,E08000022,3,189,1,50,1,4,3,188,0,0,4,1,1,0,0,2,1,E01008514,18-01-2018,3,2,1,2,43,7,3,0,0,0,0,-1,9,1
52439,73.7442938,18.57342207,10,3,2,1,3,20:20,146,E08000020,4,1296,6,30,6,2,5,323,0,0,4,8,2,0,0,1,2,E01008203,18-01-2018,1,1,1,1,9,2,3,0,0,0,0,-1,1,1
52440,73.9393182,18.61185862,10,3,1,1,5,11:15,150,E08000024,6,5009,6,30,0,-1,-1,0,0,0,1,1,1,0,2,1,2,E01008821,20-01-2018,1,1,1,1,15,3,2,0,0,0,0,-1,1,-1
52441,73.74562548,18.51364718,10,2,2,2,1,17:00,143,E06000048,3,697,6,60,0,-1,-1,0,0,0,6,1,1,0,0,2,1,E01027450,16-01-2018,1,1,1,1,33,6,3,0,0,0,0,-1,9,1
52442,73.78752831,18.58742126,10,3,1,1,4,13:20,150,E08000024,6,235,6,30,2,4,6,5003,0,1,1,1,2,0,0,1,1,E01008731,19-01-2018,2,1,1,1,20,4,3,0,0,0,0,-1,1,1
52443,73.84636047,18.55613558,10,3,2,2,1,15:08,143,E06000048,6,6116,6,30,3,4,6,6116,0,0,1,1,2,0,0,1,1,E01027452,16-01-2018,2,1,1,1,17,4,3,0,0,0,0,-1,1,1
52444,73.94097035,18.54662057,10,3,1,1,7,17:30,150,E08000024,5,553,6,30,3,2,5,553,0,4,4,1,2,0,0,1,1,E01008703,22-01-2018,2,1,1,1,36,7,3,0,0,0,0,-1,1,1
52445,73.9142583,18.55076945,10,3,1,3,3,15:20,150,E08000024,6,5023,6,60,0,-1,-1,0,0,0,1,1,2,0,7,2,1,E01008798,18-01-2018,2,1,1,2,26,6,3,0,0,0,0,-1,9,1
52446,73.89322228,18.548782,10,3,2,1,1,11:40,144,E06000048,6,7066,6,60,0,-1,-1,0,0,0,1,1,2,7,0,2,1,E01027484,16-01-2018,1,1,1,1,23,5,3,0,0,0,0,-1,9,1
52447,73.74548173,18.59003554,10,3,2,3,1,18:03,142,E06000048,4,1326,6,30,0,-1,-1,0,0,0,4,1,1,0,0,2,1,E01027409,23-01-2018,1,1,3,1,13,3,3,5,1,0,0,-1,0,1
52448,73.84505944,18.59089023,10,2,1,2,6,14:45,144,E06000048,3,6079,6,30,0,-1,-1,0,0,0,1,1,1,0,0,1,1,E01027494,21-01-2018,2,1,1,2,51,8,3,0,0,0,0,-1,9,1
52449,73.75136906,18.61734452,10,3,2,1,5,09:12,146,E08000020,5,307,6,30,3,4,6,326,0,0,1,4,2,0,0,1,1,E01008209,20-01-2018,1,1,3,1,35,6,3,9,8,0,0,-1,0,1
52450,73.85911066,18.52020212,10,3,2,2,6,17:15,142,E06000048,3,1171,6,30,3,3,6,9552,0,0,4,1,2,0,0,2,1,E01027413,21-01-2018,1,1,1,1,26,6,2,0,0,0,0,-1,2,-1
52451,73.85187476,18.64029801,10,3,2,1,5,15:55,146,E08000020,4,1426,6,30,8,4,6,326,0,0,1,1,1,0,0,1,1,E01008259,20-01-2018,1,1,3,1,31,6,3,5,2,0,0,-1,0,1
52452,73.77381895,18.52919379,10,3,3,1,1,11:35,144,E06000048,3,69,3,70,3,4,5,254,0,0,1,1,2,0,0,2,1,E01027483,23-01-2018,1,1,1,2,10,2,3,0,0,0,0,-1,1,-1
52453,73.74474154,18.53137877,10,2,3,2,4,10:45,146,E08000020,5,325,6,30,6,4,6,326,0,0,1,1,1,0,0,1,1,E01008259,19-01-2018,1,1,2,2,-1,-1,3,0,0,1,0,-1,9,-1
52454,73.88058233,18.51359692,10,3,2,2,1,18:27,148,E08000022,5,216,6,30,0,-1,-1,0,0,0,4,1,4,0,0,1,1,E01008574,23-01-2018,2,2,1,2,36,7,3,0,0,0,0,-1,9,1
52455,73.87769097,18.57180531,10,3,1,2,5,08:30,148,E08000022,3,1058,6,60,0,-1,-1,0,0,0,1,1,1,0,0,1,1,E01008526,20-01-2018,2,1,1,2,45,7,3,0,0,0,0,-1,9,1
52456,73.89284174,18.54272334,10,3,3,1,6,09:10,147,E08000021,4,6338,6,30,0,-1,-1,0,0,4,5,1,1,0,0,1,2,E01008397,21-01-2018,2,2,2,2,24,5,3,0,0,2,0,-1,9,1
52457,73.79322125,18.61902982,10,3,1,1,3,09:10,150,E08000024,5,554,2,30,3,4,6,5065,0,0,1,1,4,0,0,1,1,E01008703,18-01-2018,2,1,2,2,18,4,3,0,0,2,0,-1,9,1
52458,73.96042527,18.57189962,10,3,2,1,6,20:00,149,E08000023,5,417,6,30,3,4,6,436,0,0,4,8,2,0,0,1,1,E01008617,14-01-2018,2,2,2,2,82,11,3,0,0,2,0,-1,9,1
52459,73.80670716,18.56353578,10,3,2,1,6,08:45,147,E08000021,3,191,1,30,1,4,3,191,0,0,1,1,2,0,0,1,2,E01008374,21-01-2018,1,1,1,1,22,5,3,0,0,0,0,-1,9,1
52460,73.91032562,18.54281821,10,3,1,1,7,15:10,146,E08000020,4,1296,6,30,0,-1,-1,0,0,0,1,1,1,0,0,1,1,E01008203,22-01-2018,1,2,2,1,20,4,3,0,0,1,0,-1,9,1
52461,73.95497597,18.51176328,10,3,2,1,6,19:22,148,E08000022,3,191,1,70,1,4,3,19,0,0,4,1,2,0,0,2,1,E01008501,21-01-2018,1,1,3,1,23,5,3,5,2,0,0,-1,0,-1
52462,73.9076753,18.50173856,10,3,1,1,6,16:25,146,E08000020,6,225,6,30,0,-1,-1,0,0,0,1,1,1,0,0,2,1,E01008221,21-01-2018,2,1,1,2,17,4,3,0,0,0,0,-1,9,1
52463,73.90312438,18.53342922,10,3,3,1,3,16:30,149,E08000023,4,1306,6,30,0,-1,-1,0,0,0,4,1,2,0,0,1,1,E01008643,18-01-2018,3,2,1,1,22,5,3,0,0,0,0,-1,9,1
52464,73.9613694,18.4881116,10,3,2,3,1,21:30,146,E08000020,2,1,3,70,0,-1,-1,0,0,0,6,1,2,0,0,2,1,E01008176,23-01-2018,3,3,2,2,40,7,3,0,0,1,0,-1,9,1
52465,73.77364757,18.52747134,10,3,2,1,2,17:20,142,E06000048,3,1061,6,60,1,4,3,192,0,0,1,4,1,0,0,2,2,E01027433,17-01-2018,2,1,1,2,40,7,3,0,0,0,0,-1,9,1
52466,73.83493079,18.58519357,10,3,2,1,6,12:40,142,E06000048,3,1061,1,40,1,4,4,1523,0,0,1,1,1,0,0,2,1,E01027426,21-01-2018,2,1,1,1,36,7,3,0,0,0,0,-1,9,1
52467,73.94597668,18.59406972,10,3,2,1,6,14:23,142,E06000048,4,1328,6,30,0,-1,-1,0,0,0,1,1,1,4,0,1,1,E01027415,21-01-2018,2,1,1,1,24,5,3,0,0,0,0,-1,1,1
52468,73.94426859,18.50954838,10,3,2,2,7,12:10,147,E08000021,3,191,6,30,3,4,6,126,0,0,1,1,2,0,0,1,1,E01008416,22-01-2018,2,1,1,2,25,5,3,0,0,0,0,-1,1,1
52469,73.75825625,18.57891035,10,3,2,1,2,13:00,144,E06000048,5,239,6,60,0,-1,-1,0,0,0,1,1,2,0,0,2,1,E01027476,24-01-2018,2,1,1,2,27,6,3,0,0,0,0,-1,9,1
52470,73.93728508,18.53427981,10,3,2,1,4,07:40,146,E08000020,3,1,3,70,0,-1,-1,0,0,0,1,2,2,0,0,2,2,E01008226,19-01-2018,2,2,2,2,55,8,3,0,0,1,0,-1,9,1
52471,73.81332746,18.58214663,10,2,2,1,6,14:59,147,E08000021,6,326,6,30,0,-1,-1,0,0,0,1,1,1,0,0,1,1,E01008437,21-01-2018,2,1,1,1,34,6,3,0,0,0,0,-1,3,-1
52472,73.79902127,18.62439372,10,3,2,1,7,00:07,147,E08000021,3,1,3,70,0,-1,-1,0,0,0,4,1,2,0,0,1,1,E01008298,22-01-2018,1,1,1,2,31,6,2,0,0,0,0,-1,1,1
52473,73.9491735,18.63455388,10,3,2,1,5,16:10,147,E08000021,6,126,6,30,3,2,4,1318,0,5,4,1,2,3,0,1,1,E01008355,13-01-2018,2,1,1,2,26,6,3,0,0,0,0,-1,9,1
52474,73.76590201,18.55384868,10,3,2,1,2,11:15,144,E06000048,3,69,1,60,1,4,3,6079,0,0,1,1,1,0,0,2,2,E01027476,10-01-2018,2,2,2,2,14,3,3,0,0,1,0,-1,9,1
52475,73.83989069,18.51640879,10,3,1,1,7,07:55,147,E08000021,2,167,3,50,0,-1,-1,0,0,0,1,1,4,0,0,1,1,E01008370,22-01-2018,2,3,2,1,12,3,3,0,0,2,0,-1,9,1
52476,73.9172834,18.55908963,10,3,3,1,4,17:00,145,E06000048,6,189,3,70,0,-1,-1,0,0,0,4,1,2,0,0,2,1,E01027548,19-01-2018,2,1,1,1,32,6,3,0,0,0,0,-1,9,1
52477,73.77001241,18.48889124,10,3,2,1,4,09:30,144,E06000048,5,218,6,60,0,-1,-1,0,0,0,1,1,2,0,0,2,2,E01027480,05-01-2018,1,1,3,1,55,8,3,5,3,0,0,-1,0,-1
52478,73.80677044,18.52826928,10,3,2,1,2,19:55,147,E08000021,6,216,6,30,0,-1,-1,0,0,0,4,3,2,0,2,1,1,E01008457,17-01-2018,1,1,3,2,11,3,3,5,1,0,0,-1,0,-1
52479,73.90044201,18.57903912,10,2,2,2,2,07:40,144,E06000048,4,6318,6,60,0,-1,-1,0,0,0,1,1,4,0,0,2,1,E01027484,24-01-2018,1,1,3,1,64,9,3,5,1,0,0,-1,0,1
52480,73.86864097,18.55805033,10,3,3,2,3,17:07,150,E08000024,3,182,7,60,0,-1,-1,0,0,0,4,4,2,0,0,2,1,E01008865,11-01-2018,1,1,1,2,71,10,2,0,0,0,0,-1,1,-1
52481,73.7927045,18.63534328,10,3,3,4,7,11:10,147,E08000021,3,186,6,30,3,4,5,220,0,0,1,1,1,0,0,1,1,E01008425,22-01-2018,1,1,2,2,22,5,3,0,0,2,0,-1,9,1
52482,73.82586515,18.53251285,10,2,1,2,6,15:48,150,E08000024,6,235,6,30,0,-1,-1,0,0,0,1,1,1,0,0,1,1,E01008810,21-01-2018,1,1,3,1,12,3,3,1,3,0,0,-1,0,1
52483,73.9005114,18.59092705,10,3,2,1,1,12:20,150,E08000024,3,1231,3,30,6,2,3,183,0,4,1,1,1,0,0,1,1,E01008831,23-01-2018,1,1,1,2,8,2,3,0,0,0,0,-1,1,-1
52484,73.79278636,18.52973187,10,3,2,1,7,11:13,142,E06000048,4,1523,6,30,3,4,6,9521,0,0,1,1,1,0,0,1,1,E01027427,22-01-2018,1,1,1,1,19,4,3,0,0,0,0,-1,5,1
52485,73.84252036,18.5335085,10,3,1,1,3,16:20,147,E08000021,5,144,6,30,0,-1,-1,0,0,0,4,2,2,0,0,1,1,E01008440,25-01-2018,2,1,1,2,56,9,3,0,0,0,0,-1,9,-1
52486,73.9140804,18.52551287,10,3,2,1,5,12:40,142,E06000048,6,9705,6,30,3,4,6,9551,0,0,1,4,1,0,0,1,1,E01027412,20-01-2018,1,1,3,1,10,2,2,5,3,0,0,-1,0,1
52487,73.73630348,18.60028942,10,3,2,1,2,07:40,142,E06000048,3,189,3,30,1,4,3,19,0,0,6,1,2,0,0,2,2,E01027406,24-01-2018,2,1,1,2,33,6,3,0,0,0,0,-1,9,1
52488,73.78800992,18.55868195,10,3,1,1,5,11:15,148,E08000022,4,1315,6,30,3,2,3,193,0,5,1,1,1,0,0,1,1,E01008511,20-01-2018,1,1,3,1,34,6,3,6,9,0,0,-1,0,-1
52489,73.92365052,18.60800951,10,3,1,1,6,15:00,150,E08000024,3,1018,6,30,3,2,4,1522,0,4,1,1,1,0,0,1,1,E01008779,14-01-2018,1,1,2,2,20,4,3,0,0,1,0,-1,9,-1
52490,73.86839238,18.64359801,10,3,2,1,6,08:20,150,E08000024,4,1404,6,50,0,-1,-1,0,0,0,1,1,4,0,0,2,2,E01008719,14-01-2018,1,1,3,1,32,6,3,8,3,0,0,-1,0,1
52491,73.7383428,18.64299791,10,3,2,1,2,14:00,146,E08000020,5,324,3,40,7,4,6,326,0,0,1,1,2,0,0,1,1,E01008259,24-01-2018,1,1,3,1,6,2,3,1,3,0,0,-1,0,-1
52492,73.79034112,18.6007919,10,3,2,1,7,14:00,143,E06000048,4,1330,6,30,3,4,6,0,0,0,1,1,1,0,0,2,2,E01027444,22-01-2018,1,1,1,1,9,2,3,0,0,0,0,-1,1,1
52493,73.87446376,18.51821137,10,3,1,2,2,12:55,146,E08000020,5,314,6,30,1,4,5,313,0,0,1,1,2,0,0,1,1,E01008193,24-01-2018,1,1,1,1,12,3,3,0,0,0,0,-1,1,1
52494,73.93138354,18.54842509,10,3,3,1,6,12:30,147,E08000021,4,6324,6,30,3,4,6,216,0,0,1,1,1,0,0,1,2,E01008445,21-01-2018,1,1,1,2,24,5,3,0,0,0,0,-1,9,1
52495,73.8626297,18.61815306,10,2,1,1,2,19:20,149,E08000023,3,1300,6,30,0,-1,-1,0,0,4,4,2,2,3,0,1,1,E01008681,24-01-2018,2,2,1,1,35,6,3,0,0,0,0,-1,9,1
52496,73.89413063,18.53364288,10,3,1,1,6,11:30,144,E06000048,6,8290,6,30,0,-1,-1,0,0,0,1,1,2,0,0,1,2,E01027476,21-01-2018,2,1,1,2,61,9,3,0,0,0,0,-1,9,1
52497,73.85177358,18.5640632,10,3,1,1,3,15:30,144,E06000048,6,8290,6,30,3,4,6,8290,0,0,1,1,1,0,0,1,2,E01027490,25-01-2018,1,1,1,1,16,4,3,0,0,0,0,-1,1,-1
52498,73.90469868,18.62217432,10,3,2,1,7,20:30,148,E08000022,3,192,1,30,1,4,6,337,0,1,4,9,2,0,0,1,2,E01008521,22-01-2018,1,3,2,1,30,6,3,0,0,1,0,-1,19,1
52499,73.96207999,18.5594456,10,3,3,2,3,17:58,147,E08000021,3,1,3,70,0,-1,-1,0,0,0,4,5,2,0,0,2,1,E01008308,25-01-2018,2,1,1,2,24,5,3,0,0,0,0,-1,9,1
52500,73.90076156,18.63515873,10,3,2,1,2,14:55,147,E08000021,3,695,6,30,0,-1,-1,0,0,0,1,1,1,0,0,1,1,E01008440,24-01-2018,2,2,2,1,25,5,3,0,0,1,0,-1,9,1
52501,73.84643146,18.60966792,10,3,1,2,4,11:20,140,E06000048,6,3007,6,60,0,-1,-1,0,0,0,1,1,1,0,7,2,1,E01027356,26-01-2018,2,1,1,1,32,6,3,0,0,0,0,-1,8,1
52502,73.73779248,18.54440332,10,3,2,1,3,20:52,148,E08000022,6,226,6,30,0,-1,-1,0,0,0,4,2,2,0,0,1,1,E01008464,25-01-2018,2,1,1,1,42,7,2,0,0,0,0,-1,1,1
52503,73.74826987,18.6323781,10,3,1,1,2,15:50,147,E08000021,5,111,6,30,0,-1,-1,0,0,0,1,1,1,0,0,1,1,E01008326,24-01-2018,1,1,2,2,44,7,3,0,0,0,4,-1,11,1
52504,73.7646883,18.49971619,10,3,2,1,3,20:40,150,E08000024,3,183,6,30,3,4,6,335,0,0,4,2,2,0,0,1,1,E01008801,25-01-2018,1,1,1,2,20,4,3,0,0,0,0,-1,9,1
52505,73.78205285,18.61085946,10,3,2,1,4,07:00,147,E08000021,3,193,1,30,1,4,4,1314,0,8,4,2,2,0,0,1,1,E01008303,26-01-2018,2,1,1,1,58,9,3,0,0,0,0,-1,19,1
52506,73.91588907,18.52303632,10,3,2,1,4,07:52,142,E06000048,3,19,3,70,0,-1,-1,0,0,0,1,2,2,0,0,2,1,E01027436,26-01-2018,1,1,2,1,45,7,3,0,0,0,1,-1,11,1
52507,73.81113169,18.59761088,10,3,1,1,4,17:20,147,E08000021,3,695,6,30,3,2,6,326,0,4,4,1,2,0,0,1,1,E01008440,26-01-2018,1,1,1,2,31,6,3,0,0,0,0,-1,9,1
52508,73.89532835,18.61405448,10,3,1,1,4,08:00,148,E08000022,3,187,6,30,3,4,6,326,0,0,1,2,2,0,0,1,2,E01008561,26-01-2018,2,2,1,1,26,6,3,0,0,0,0,-1,9,1
52509,73.73643706,18.59453503,10,3,2,1,5,17:10,150,E08000024,3,1018,6,30,3,4,6,145,0,0,4,2,2,0,0,1,1,E01008703,27-01-2018,2,1,1,2,23,5,3,0,0,0,0,-1,9,1
52510,73.89361563,18.49990722,10,3,1,2,2,00:05,143,E06000048,4,6528,6,30,0,-1,-1,0,0,0,4,1,4,4,0,2,1,E01027449,24-01-2018,1,1,3,1,22,5,3,5,1,0,0,-1,0,-1
52511,73.78107504,18.58598172,10,2,1,1,4,05:46,146,E08000020,3,694,6,60,0,-1,-1,0,0,0,1,2,2,0,0,2,1,E01008188,26-01-2018,2,1,1,2,29,6,3,0,0,0,0,-1,9,1
52512,73.76263479,18.61944688,10,3,1,1,5,10:37,140,E06000048,3,697,6,50,0,-1,-1,0,0,0,1,4,1,0,0,2,1,E01027365,20-01-2018,2,2,2,2,29,6,3,0,0,1,0,-1,9,-1
52513,73.78220956,18.55736543,10,3,1,1,5,03:36,147,E08000021,6,226,6,30,3,4,6,226,0,0,4,1,1,0,0,1,1,E01008368,27-01-2018,2,3,2,2,33,6,3,0,0,2,0,-1,9,-1
52514,73.91271046,18.60540545,10,3,2,2,2,17:05,142,E06000048,6,9500,6,30,3,4,6,9500,0,0,4,1,2,6,0,2,1,E01027424,24-01-2018,2,4,2,2,1,1,3,0,0,2,0,-1,9,-1
52515,73.90843474,18.58121177,10,3,2,1,2,06:55,148,E08000022,5,212,6,30,1,4,3,193,0,0,1,4,1,0,0,1,2,E01008484,10-01-2018,2,1,1,1,44,7,2,0,0,0,0,-1,5,1
52516,73.81807777,18.57261447,10,3,3,4,6,08:31,143,E06000048,3,192,6,60,8,4,6,0,0,0,1,1,1,0,0,2,1,E01027448,21-01-2018,1,1,1,1,34,6,2,0,0,0,0,-1,3,1
52517,73.80826947,18.61159863,10,3,2,2,2,22:41,146,E08000020,3,167,3,40,6,2,3,184,0,5,4,1,2,0,0,1,1,E01008166,24-01-2018,2,1,1,1,36,7,2,0,0,0,0,-1,1,1
52518,73.84316364,18.50604514,10,3,1,2,3,07:20,142,E06000048,6,9520,6,30,0,-1,-1,0,0,0,4,2,2,0,0,1,1,E01027438,25-01-2018,2,1,1,2,38,7,3,0,0,0,0,-1,9,1
52519,73.94914953,18.59342194,10,3,1,2,3,13:13,145,E06000048,3,196,6,60,0,-1,-1,0,0,0,1,1,2,6,0,2,1,E01027530,25-01-2018,2,1,1,1,35,6,3,0,0,0,0,-1,9,1
52520,73.91799301,18.54929224,10,3,1,1,4,20:15,145,E06000048,3,197,1,30,1,4,5,399,0,0,4,1,1,0,0,2,1,E01027540,26-01-2018,2,1,1,1,21,5,3,0,0,0,0,-1,1,1
52521,73.86571929,18.49410429,10,3,3,1,6,10:00,142,E06000048,3,1171,6,30,3,4,6,0,0,0,1,1,2,0,0,2,1,E01027413,28-01-2018,2,1,2,2,61,9,3,0,0,1,0,-1,9,1
52522,73.890612,18.54145921,10,3,3,1,5,13:15,150,E08000024,4,1286,6,30,3,4,6,345,0,0,1,1,1,0,0,1,2,E01008766,27-01-2018,4,2,2,2,63,9,3,0,0,1,0,-1,9,1
52523,73.91855527,18.55675436,10,3,2,1,4,18:00,146,E08000020,5,330,6,40,3,4,5,330,0,0,4,1,2,0,0,2,1,E01008172,26-01-2018,2,1,1,2,51,8,3,0,0,0,0,-1,1,1
52524,73.80080288,18.56539266,10,3,2,2,5,18:25,150,E08000024,3,182,3,70,0,-1,-1,0,0,0,6,2,2,0,0,2,1,E01008861,27-01-2018,2,1,1,1,34,6,3,0,0,0,0,-1,9,1
52525,73.86944733,18.54297219,10,3,1,1,5,03:00,150,E08000024,3,195,6,60,0,-1,-1,0,0,0,4,1,1,0,7,2,1,E01008876,27-01-2018,2,1,1,1,27,6,3,0,0,0,0,-1,9,1
52526,73.8964811,18.50625444,10,3,2,3,1,18:36,140,E06000048,6,6344,6,60,0,-1,-1,0,0,0,6,1,2,0,0,2,1,E01027373,30-01-2018,1,1,1,2,24,5,3,0,0,0,0,-1,9,-1
52527,73.88377017,18.53878804,10,3,3,2,5,16:45,146,E08000020,5,306,6,30,0,-1,-1,0,0,4,4,2,2,0,0,2,1,E01008272,27-01-2018,2,2,1,2,43,7,3,0,0,0,0,-1,11,1
52528,73.74006687,18.64609317,10,3,2,2,2,14:45,147,E08000021,5,127,6,30,3,2,6,226,0,5,1,1,1,0,0,1,1,E01008323,24-01-2018,2,3,2,1,19,4,3,0,0,0,3,-1,11,-1
52529,73.91562198,18.55743937,10,3,4,3,7,17:05,146,E08000020,3,1,3,70,0,-1,-1,0,0,0,4,1,2,0,0,2,1,E01008259,29-01-2018,1,1,1,1,19,4,2,0,0,0,0,-1,3,-1
52530,73.73516367,18.56225379,10,3,2,2,1,17:10,146,E08000020,3,1,3,70,0,-1,-1,0,0,0,4,1,1,0,0,1,1,E01008208,30-01-2018,1,1,1,1,38,7,3,0,0,0,0,-1,9,1
52531,73.96225691,18.63506921,10,3,2,1,6,15:00,150,E08000024,3,183,6,30,0,-1,-1,0,0,0,1,1,2,0,0,1,2,E01008703,28-01-2018,1,2,2,1,42,7,1,0,0,1,0,-1,9,1
52532,73.77849081,18.50220705,10,3,2,1,5,12:55,150,E08000024,5,551,6,30,3,4,6,235,0,8,1,1,1,0,0,1,2,E01008818,27-01-2018,1,1,1,2,20,4,3,0,0,0,0,-1,9,1
52533,73.78117751,18.48786328,10,3,1,2,7,20:45,140,E06000048,3,696,6,60,0,-1,-1,0,0,0,6,3,3,0,0,2,1,E01027373,22-01-2018,1,2,2,1,23,5,2,0,0,2,0,-1,9,1
52534,73.90832905,18.64658821,10,3,2,1,5,11:30,150,E08000024,6,135,6,30,0,-1,-1,0,0,0,1,1,1,0,0,1,2,E01008853,06-01-2018,2,1,1,1,17,4,2,0,0,0,0,-1,1,1
52535,73.78308287,18.6283844,10,3,1,1,6,08:40,146,E08000020,5,301,6,30,6,2,4,6317,2,5,4,1,2,0,0,1,1,E01008198,28-01-2018,1,1,3,1,34,6,3,10,1,0,0,-1,0,-1
52536,73.94129397,18.5688134,10,3,1,2,6,21:45,146,E08000020,6,225,9,30,0,-1,-1,0,0,0,4,1,2,0,0,2,1,E01008221,28-01-2018,1,1,1,1,17,4,3,0,0,0,0,-1,9,1