Accident_Index,longitude,latitude,Police_Force,Accident_Severity,Number_of_Vehicles,Number_of_Casualties,Day_of_Week,Time,Local_Authority_(District),Local_Authority_(Highway),1st_Road_Class,1st_Road_Number,Road_Type,Speed_limit,Junction_Detail,Junction_Control,2nd_Road_Class,2nd_Road_Number,Pedestrian_Crossing-Human_Control,Pedestrian_Crossing-Physical_Facilities,Light_Conditions,Weather_Conditions,Road_Surface_Conditions,Special_Conditions_at_Site,Carriageway_Hazards,Urban_or_Rural_Area,Did_Police_Officer_Attend_Scene_of_Accident,LSOA_of_Accident_Location,Date,Vehicle_Reference,Casualty_Reference,Casualty_Class,Sex_of_Casualty,Age_of_Casualty,Age_Band_of_Casualty,Casualty_Severity,Pedestrian_Location,Pedestrian_Movement,Car_Passenger,Bus_or_Coach_Passenger,Pedestrian_Road_Maintenance_Worker,Casualty_Type,Casualty_Home_Area_Type
52655,73.83602768,18.50253515,10,3,2,1,2,12:00,146,E08000020,3,1,3,70,0,-1,-1,0,0,0,1,1,1,0,0,2,1,E01008224,07-02-2018,3,2,1,1,25,5,3,0,0,0,0,-1,9,-1
52656,73.87585828,18.51651282,10,3,3,1,5,12:00,140,E06000048,3,1068,6,30,3,4,6,3145,0,0,1,1,1,0,0,2,1,E01027358,03-02-2018,2,1,1,2,23,5,3,0,0,0,0,-1,4,-1
52657,73.94094671,18.55582877,10,2,1,1,2,16:20,150,E08000024,6,135,6,30,3,4,6,135,0,0,1,1,1,0,0,1,1,E01008698,07-02-2018,2,1,1,1,29,6,3,0,0,0,0,-1,9,1
52658,73.7778678,18.58895043,10,1,1,2,7,01:09,148,E08000022,3,189,3,70,0,-1,-1,0,0,0,6,1,2,0,0,2,1,E01008513,05-02-2018,3,1,2,2,14,3,3,0,0,1,0,-1,9,1
52659,73.84502551,18.64267841,10,3,2,1,6,08:40,147,E08000021,3,191,6,30,0,-1,-1,0,0,0,1,1,1,0,0,1,2,E01008295,04-02-2018,3,2,1,2,36,7,3,0,0,0,0,-1,9,1
52660,73.74352937,18.57856545,10,3,2,1,5,16:15,146,E08000020,3,1,3,70,0,-1,-1,0,0,0,1,1,1,0,0,2,2,E01008226,27-01-2018,1,1,1,1,14,3,2,0,0,0,0,-1,1,1
52661,73.74939776,18.59534891,10,3,1,1,2,13:35,147,E08000021,5,147,6,30,6,4,6,426,0,4,1,1,1,0,0,1,1,E01008397,31-01-2018,1,1,1,1,28,6,2,0,0,0,0,-1,9,-1
52662,73.84992223,18.63262902,10,3,1,1,7,14:00,147,E08000021,3,186,3,30,0,-1,-1,0,0,5,1,1,1,0,0,1,1,E01008440,05-02-2018,1,4,2,2,82,11,3,0,0,1,0,-1,9,-1
52663,73.8481884,18.58800546,10,2,1,1,7,07:55,148,E08000022,6,2030,6,30,0,-1,-1,0,0,0,1,1,2,0,2,1,1,E01008587,05-02-2018,2,2,1,1,59,9,3,0,0,0,0,-1,9,1
52664,73.80541163,18.48789882,10,3,2,1,6,09:30,147,E08000021,5,105,6,30,3,2,6,126,0,5,1,1,1,0,0,1,1,E01008353,04-02-2018,2,3,2,2,20,4,3,0,0,2,0,-1,9,1
52665,73.83391385,18.49880681,10,3,1,2,1,20:28,145,E06000048,3,189,1,60,1,4,4,1334,0,0,1,1,1,0,0,2,1,E01027543,30-01-2018,2,1,1,2,22,5,3,0,0,0,0,-1,9,1
52666,73.80385929,18.53351364,10,2,3,2,1,12:20,146,E08000020,5,302,6,60,0,-1,-1,0,0,0,1,1,1,0,0,2,1,E01008195,30-01-2018,2,1,1,1,53,8,3,0,0,0,0,-1,9,-1
52667,73.8960691,18.60889739,10,3,4,1,1,12:39,147,E08000021,3,1,3,70,0,-1,-1,0,0,0,1,1,2,0,0,1,1,E01008298,06-02-2018,1,1,1,1,25,5,3,0,0,0,0,-1,9,-1
52668,73.81237219,18.5605207,10,3,1,1,2,15:45,147,E08000021,6,126,6,30,0,-1,-1,0,0,0,1,1,1,0,0,1,1,E01008354,07-02-2018,2,2,1,1,19,4,3,0,0,0,0,-1,9,1
52669,73.85010401,18.52164101,10,3,1,1,4,12:20,147,E08000021,3,193,6,30,0,-1,-1,0,0,0,1,1,1,0,0,1,1,E01008406,02-02-2018,2,1,1,1,34,6,1,0,0,0,0,-1,5,1
52670,73.82165663,18.61900349,10,3,2,1,1,18:30,147,E08000021,3,191,6,30,0,-1,-1,0,0,8,4,1,2,0,0,1,1,E01008377,16-01-2018,1,1,3,1,34,6,3,9,6,0,0,-1,0,1
52671,73.94089427,18.63295429,10,2,2,2,1,16:52,150,E08000024,6,5010,1,30,2,4,6,235,0,0,4,1,1,0,0,1,1,E01008841,06-02-2018,1,2,2,1,38,7,3,0,0,1,0,-1,9,1
52672,73.85187371,18.48878115,10,3,2,1,6,10:30,150,E08000024,3,1231,1,70,1,4,6,235,0,0,1,1,1,0,0,1,2,E01008695,14-01-2018,2,1,1,2,37,7,3,0,0,0,0,-1,9,1
52673,73.88104504,18.60248227,10,3,1,3,2,00:59,143,E06000048,4,1337,6,60,0,-1,-1,0,0,0,6,1,2,0,0,2,1,E01027463,07-02-2018,2,3,2,2,57,9,3,0,0,2,0,-1,9,-1
52674,73.87293963,18.61792002,10,3,3,1,3,12:31,148,E08000022,6,2001,6,30,3,4,6,427,0,0,5,1,2,0,0,1,1,E01008477,01-02-2018,2,1,1,1,31,6,3,0,0,0,0,-1,9,1
52675,73.75041032,18.61200127,10,2,2,2,5,10:00,148,E08000022,4,1322,6,60,0,-1,-1,0,0,0,1,1,2,0,0,2,1,E01008565,03-02-2018,2,1,1,2,26,6,3,0,0,0,0,-1,9,1
52676,73.82289072,18.53425863,10,3,2,1,5,17:30,148,E08000022,3,192,6,30,1,4,3,192,0,0,4,2,2,0,0,1,1,E01008567,20-01-2018,2,2,2,1,29,6,3,0,0,1,0,-1,9,1
52677,73.93654377,18.63796375,10,3,2,1,2,10:15,144,E06000048,6,7035,6,60,0,-1,-1,0,0,0,1,1,2,0,0,2,1,E01027485,07-02-2018,3,1,2,2,47,8,3,0,0,2,0,-1,8,1
52678,73.92949322,18.52845915,10,2,1,1,6,15:50,142,E06000048,6,9700,6,30,3,4,6,9506,0,0,4,1,2,0,0,1,1,E01027425,28-01-2018,3,2,2,2,15,3,3,0,0,2,0,-1,8,1
52679,73.73421241,18.5014243,10,3,3,1,4,06:50,142,E06000048,3,192,6,60,0,-1,-1,0,0,0,6,1,2,0,0,2,1,E01027433,09-02-2018,1,1,3,1,46,8,1,5,1,0,0,-1,0,-1
52680,73.90762181,18.59391078,10,3,1,1,2,01:00,144,E06000048,5,265,6,60,0,-1,-1,0,0,0,6,1,1,0,0,2,1,E01027506,31-01-2018,1,1,3,2,80,11,2,5,4,0,0,-1,0,1
52681,73.7867193,18.6188072,10,3,2,3,4,08:45,142,E06000048,3,1068,3,70,3,4,5,366,0,0,1,1,1,0,0,2,1,E01027412,02-02-2018,1,1,3,1,21,5,3,4,1,0,0,-1,0,1
52682,73.95586045,18.58520619,10,3,1,1,4,21:52,142,E06000048,3,193,6,40,0,-1,-1,0,0,0,4,1,1,0,0,1,1,E01027429,26-01-2018,2,1,2,2,67,10,3,0,0,0,3,-1,11,1
52683,73.79977287,18.60653251,10,3,2,4,2,16:25,148,E08000022,6,226,6,30,3,4,6,2002,0,0,1,1,2,0,0,1,1,E01008471,07-02-2018,1,1,2,2,18,4,3,0,0,1,0,-1,9,-1
52684,73.89173643,18.50468588,10,3,2,1,3,16:45,147,E08000021,6,126,6,30,0,-1,-1,0,0,0,1,1,2,0,0,1,2,E01008324,01-02-2018,1,1,1,2,34,6,3,0,0,0,0,-1,9,1
52685,73.75382794,18.59573652,10,3,4,3,3,11:41,146,E08000020,5,316,6,30,3,4,6,426,0,0,1,1,1,0,0,1,1,E01008239,01-02-2018,1,1,3,2,42,7,3,4,1,0,0,-1,0,-1
52686,73.84294789,18.49452775,10,3,1,1,7,17:54,142,E06000048,5,410,6,30,0,-1,-1,0,0,0,4,1,2,0,0,1,1,E01027427,05-02-2018,2,1,1,1,35,6,3,0,0,0,0,-1,9,1
52687,73.77312144,18.57311016,10,3,1,2,5,14:25,142,E06000048,4,1819,6,60,1,1,3,19,0,0,1,1,1,4,0,2,2,E01027406,03-02-2018,1,3,2,2,23,5,3,0,0,1,0,-1,9,1
52688,73.75800566,18.52688841,10,2,1,1,1,20:45,142,E06000048,6,9524,6,30,1,4,3,1061,0,8,4,2,2,0,0,1,1,E01027440,06-02-2018,2,1,1,1,35,6,3,0,0,0,0,-1,9,-1
52689,73.87343507,18.53907406,10,3,5,1,1,20:10,144,E06000048,3,69,6,60,0,-1,-1,0,0,0,6,1,2,0,0,2,1,E01027488,30-01-2018,2,2,2,1,32,6,3,0,0,2,0,-1,9,-1
52690,73.82002873,18.57427353,10,3,2,1,6,08:50,147,E08000021,6,326,6,30,3,4,4,1311,0,0,1,1,2,0,0,1,1,E01008332,21-01-2018,1,2,2,1,30,6,3,0,0,1,0,-1,9,1
52691,73.78289621,18.57398409,10,3,1,1,3,12:20,144,E06000048,6,8280,6,30,3,4,4,6395,0,0,1,1,1,0,0,1,2,E01027498,01-02-2018,2,1,1,1,31,6,3,0,0,0,0,-1,19,1
52692,73.84360329,18.61216104,10,3,2,1,2,13:56,146,E08000020,3,1,3,70,0,-1,-1,0,0,0,1,1,1,0,0,2,1,E01008226,07-02-2018,2,1,1,2,28,6,3,0,0,0,0,-1,9,1
52693,73.79393965,18.57916122,10,3,2,2,1,12:45,147,E08000021,3,191,6,30,8,4,6,126,0,0,1,2,2,0,0,1,1,E01008377,06-02-2018,2,1,1,1,57,9,3,0,0,0,0,-1,19,1
52694,73.88805078,18.51721897,10,3,2,1,5,09:42,145,E06000048,3,1147,6,60,0,-1,-1,0,0,0,1,1,2,0,0,2,1,E01027552,03-02-2018,2,2,2,1,31,6,3,0,0,0,0,-1,19,1
52695,73.89249211,18.51044179,10,3,2,1,7,09:09,142,E06000048,3,192,3,70,9,4,3,192,0,0,1,1,1,0,0,1,1,E01027398,05-02-2018,2,3,2,1,40,7,3,0,0,0,0,-1,19,1
52696,73.92004701,18.50826577,10,3,3,1,3,18:40,146,E08000020,4,1426,6,30,8,4,6,326,0,0,4,1,1,0,0,1,1,E01008259,08-02-2018,2,1,1,2,24,5,3,0,0,0,0,-1,9,1
52697,73.82318871,18.62088974,10,2,1,1,4,21:50,146,E08000020,6,416,6,30,3,4,6,416,0,0,4,1,1,0,0,1,1,E01008180,09-02-2018,2,1,1,1,24,5,3,0,0,0,0,-1,9,1
52698,73.75057091,18.63189363,10,3,2,2,2,08:30,144,E06000048,3,6079,6,30,0,-1,-1,0,0,0,1,1,2,0,0,2,2,E01027476,07-02-2018,1,1,3,1,32,6,3,6,9,0,0,-1,0,1
52699,73.77509294,18.5245462,10,3,1,2,4,22:41,147,E08000021,3,695,3,50,0,-1,-1,0,0,0,4,4,1,0,0,2,1,,09-02-2018,1,1,3,1,24,5,3,5,3,0,0,-1,0,1
52700,73.85930438,18.58052093,10,3,1,1,2,12:10,140,E06000048,4,6341,6,60,0,-1,-1,0,0,0,1,1,2,0,0,2,1,E01027365,07-02-2018,1,1,2,2,16,4,3,0,0,1,0,-1,9,1
52701,73.73886404,18.53157492,10,3,1,1,4,16:15,148,E08000022,5,124,6,30,3,4,3,193,0,0,5,1,1,0,0,1,1,E01008482,09-02-2018,2,1,1,2,38,7,3,0,0,0,0,-1,9,-1
52702,73.94862855,18.52728446,10,3,2,1,6,10:35,147,E08000021,4,1318,6,30,3,4,6,126,0,0,1,1,1,0,0,1,2,E01008419,04-02-2018,2,1,3,2,28,6,2,1,1,0,0,-1,0,1
52703,73.89363105,18.49083246,10,2,1,1,3,15:25,150,E08000024,3,690,3,30,6,2,4,1405,0,5,1,1,1,0,0,1,2,E01008825,08-02-2018,2,2,3,1,2,1,3,1,1,0,0,-1,0,1
52704,73.7677679,18.56699354,10,3,1,1,6,10:00,147,E08000021,3,69,3,70,0,-1,-1,0,0,7,1,1,1,0,0,2,1,E01008443,04-02-2018,2,1,1,2,25,5,3,0,0,0,0,-1,9,1
52705,73.79944293,18.62726795,10,3,2,2,6,08:55,150,E08000024,3,690,6,30,3,4,6,235,0,4,1,1,1,0,0,1,1,E01008782,28-01-2018,1,1,1,1,17,4,3,0,0,0,0,-1,9,-1
52706,73.76616054,18.57118225,10,3,1,1,3,20:40,145,E06000048,6,6539,6,30,0,-1,-1,0,0,0,4,1,1,0,0,1,2,E01027523,08-02-2018,1,2,2,1,16,4,3,0,0,1,0,-1,9,1
52707,73.77692523,18.63359786,10,3,2,1,4,11:45,143,E06000048,3,192,6,30,0,-1,-1,0,0,0,1,1,1,0,0,1,2,E01027453,09-02-2018,1,3,3,2,14,3,2,5,4,0,0,-1,0,1
52708,73.78778845,18.59056335,10,3,1,1,1,20:55,147,E08000021,3,187,6,30,1,4,6,226,0,0,4,9,1,0,0,1,2,E01008432,06-02-2018,1,1,1,1,20,4,2,0,0,0,0,-1,9,1
52709,73.86728654,18.56593314,10,2,2,2,6,18:50,142,E06000048,4,1505,6,40,3,4,6,9556,0,0,4,1,1,0,0,1,1,E01027399,04-02-2018,1,2,2,1,19,4,2,0,0,1,0,-1,9,1
52710,73.84985578,18.57678346,10,3,1,1,6,16:40,144,E06000048,3,68,6,60,0,-1,-1,0,0,0,1,1,2,0,0,2,1,E01027495,21-01-2018,1,1,3,1,25,5,3,9,9,0,0,-1,0,1
52711,73.94754244,18.63214436,10,2,1,1,4,07:30,147,E08000021,4,1313,6,30,0,-1,-1,0,0,0,1,1,1,0,0,1,2,E01008388,09-02-2018,2,1,1,1,22,5,3,0,0,0,0,-1,3,1
52712,73.77684153,18.50079423,10,3,2,2,7,17:50,142,E06000048,3,189,3,70,0,-1,-1,0,0,0,6,1,2,0,0,2,1,E01027398,05-02-2018,1,1,1,1,22,5,3,0,0,0,0,-1,9,-1
52713,73.95104855,18.53434264,10,3,1,1,4,09:55,143,E06000048,3,696,6,60,0,-1,-1,0,0,0,1,1,2,0,0,2,1,E01027447,09-02-2018,2,2,1,1,34,6,2,0,0,0,0,-1,9,1
52714,73.81072673,18.5497262,10,3,2,2,3,21:00,142,E06000048,3,190,6,60,8,4,6,0,0,0,4,1,1,0,0,2,1,E01027417,08-02-2018,1,1,3,1,5,1,3,9,9,0,0,-1,0,1
52715,73.82451198,18.5459426,10,3,2,1,4,20:30,150,E08000024,3,1018,3,30,3,4,6,145,0,0,4,1,2,0,0,1,2,E01008739,02-02-2018,2,1,1,1,37,7,3,0,0,0,0,-1,9,1
52716,73.73565645,18.6266738,10,3,2,1,5,09:10,148,E08000022,3,19,6,30,6,4,3,1056,0,0,1,1,2,0,0,2,2,E01008504,13-01-2018,3,2,1,1,21,5,3,0,0,0,0,-1,9,1
52717,73.81464502,18.51664571,10,3,3,1,5,21:10,147,E08000021,4,1305,6,30,3,4,6,126,0,0,4,1,1,0,0,1,1,E01008346,03-02-2018,1,1,1,1,21,5,3,0,0,0,0,-1,9,1
52718,73.8297377,18.52321305,10,3,2,3,7,17:00,143,E06000048,6,6106,1,30,2,4,6,6106,0,0,4,1,2,0,0,1,2,E01027453,05-02-2018,2,2,2,2,11,3,3,0,0,1,0,-1,9,1
52719,73.84226244,18.50026104,10,3,2,1,5,18:10,150,E08000024,6,5036,6,30,6,4,5,517,0,0,4,1,1,0,0,1,1,E01008751,10-02-2018,2,3,2,2,9,2,3,0,0,2,0,-1,9,1
52720,73.75429257,18.57653243,10,2,1,1,3,15:45,150,E08000024,4,1286,6,30,3,4,6,435,0,0,1,1,1,0,0,1,1,E01008804,08-02-2018,2,4,2,2,8,2,3,0,0,2,0,-1,9,1
52721,73.83622082,18.49677048,10,2,1,1,5,09:30,149,E08000023,5,413,6,30,6,4,6,236,0,0,1,1,1,0,0,1,1,E01008679,10-02-2018,2,1,1,1,18,4,3,0,0,0,0,-1,3,1
52722,73.88073349,18.49580921,10,3,1,2,2,13:50,150,E08000024,5,511,6,30,3,4,6,235,0,4,1,1,1,0,0,1,1,E01008700,07-02-2018,1,1,1,1,28,6,3,0,0,0,0,-1,9,1
52723,73.83225595,18.51890333,10,2,1,1,5,12:30,149,E08000023,3,1018,2,30,1,4,4,1301,0,1,1,1,1,0,0,1,1,E01008668,10-02-2018,1,1,3,1,32,6,3,5,3,0,0,-1,0,-1
52724,73.85387434,18.56011342,10,3,1,1,6,06:50,148,E08000022,4,1319,6,30,0,-1,-1,0,0,0,4,1,1,0,0,2,1,E01008578,04-02-2018,2,1,1,1,13,3,3,0,0,0,0,-1,1,1
52725,73.8270716,18.60653034,10,3,2,1,1,00:10,150,E08000024,4,1522,6,30,8,4,6,145,0,0,4,1,2,0,0,1,2,E01008739,06-02-2018,2,1,1,1,55,8,3,0,0,0,0,-1,9,1
52726,73.91711955,18.56562793,10,3,2,1,5,07:40,150,E08000024,3,195,3,60,1,4,3,182,0,0,1,1,1,0,0,2,1,E01008865,10-02-2018,1,1,3,2,17,4,3,10,9,0,0,-1,0,-1
52727,73.8551764,18.57654421,10,3,3,1,5,09:00,141,E06000048,3,698,6,60,8,4,6,0,0,0,1,1,1,0,0,2,1,E01027382,10-02-2018,2,1,1,1,18,4,3,0,0,0,0,-1,9,1
52728,73.88758041,18.59626357,10,3,2,1,7,17:45,150,E08000024,6,5004,6,30,3,2,5,511,1,4,4,1,1,0,0,1,2,E01008810,05-02-2018,1,1,3,2,58,9,3,5,1,0,0,-1,0,-1
52729,73.90650319,18.51389801,10,3,1,1,3,06:55,148,E08000022,5,201,1,30,1,4,4,1322,0,0,4,8,4,0,0,2,1,E01008565,08-02-2018,2,1,1,1,28,6,3,0,0,0,0,-1,9,1
52730,73.82511718,18.59538927,10,3,2,1,3,11:10,150,E08000024,3,183,6,30,3,4,6,335,0,0,1,1,1,0,0,2,2,E01008797,08-02-2018,2,2,2,1,30,6,3,0,0,1,0,-1,9,1
52731,73.95512899,18.63202564,10,3,2,1,5,19:55,150,E08000024,5,508,6,40,3,4,6,235,0,8,4,1,2,0,0,1,1,E01008820,03-02-2018,2,1,1,1,37,7,3,0,0,0,0,-1,9,2
52732,73.93969269,18.53645772,10,2,2,1,4,07:55,147,E08000021,3,69,3,70,5,4,3,69,0,0,1,2,2,0,0,1,1,E01008381,26-01-2018,1,1,3,1,67,10,3,5,3,0,0,-1,0,-1
52733,73.91722459,18.5031216,10,3,3,2,5,18:21,148,E08000022,3,1058,3,70,0,-1,-1,0,0,0,4,1,1,0,0,1,1,E01008492,10-02-2018,1,1,3,1,34,6,2,1,3,0,0,-1,0,-1
52734,73.74305723,18.49789972,10,3,3,2,5,18:07,147,E08000021,3,1,3,70,0,-1,-1,0,0,0,4,1,1,0,0,1,1,E01008296,10-02-2018,1,1,1,2,69,10,3,0,0,0,0,-1,9,1
52735,73.85420641,18.56723549,10,2,1,1,2,15:45,149,E08000023,6,436,6,30,0,-1,-1,0,0,0,1,1,2,5,0,1,2,E01008607,07-02-2018,1,1,1,2,37,7,3,0,0,0,0,-1,9,-1
52736,73.94289907,18.57995774,10,3,2,1,5,16:00,147,E08000021,4,1318,1,50,1,4,3,189,0,0,1,1,1,0,0,1,1,E01008369,10-02-2018,1,1,3,1,84,11,2,6,9,0,0,-1,0,1
52737,73.81008403,18.62069634,10,3,1,1,1,09:50,143,E06000048,4,6341,6,60,0,-1,-1,0,0,0,1,6,3,0,0,2,1,E01027369,13-02-2018,2,1,1,1,51,8,3,0,0,0,0,-1,9,1
52738,73.74168182,18.55343189,10,3,2,1,3,14:10,150,E08000024,6,5004,6,30,3,2,5,511,0,4,1,1,1,0,0,2,2,E01008810,01-02-2018,1,1,1,1,14,3,2,0,0,0,0,-1,1,1
52739,73.75141075,18.58559812,10,3,1,1,5,10:05,150,E08000024,6,435,6,30,0,-1,-1,0,0,0,1,1,1,0,0,1,1,E01008773,10-02-2018,2,1,1,1,61,9,3,0,0,0,0,-1,9,1
52740,73.87857419,18.5169593,10,3,1,1,2,17:35,141,E06000048,5,51,6,30,3,4,5,48,0,0,4,1,1,0,0,2,2,E01027390,31-01-2018,1,2,2,1,37,7,3,0,0,1,0,-1,19,-1
52741,73.75594919,18.62776295,10,3,3,2,5,12:45,150,E08000024,4,1286,6,60,0,-1,-1,0,0,0,1,1,2,0,0,2,1,E01008794,10-02-2018,1,3,1,1,29,6,3,0,0,0,0,-1,19,1
52742,73.91768091,18.55029297,10,3,2,1,3,07:54,143,E06000048,4,1337,6,60,0,-1,-1,0,0,0,1,8,4,0,0,2,1,E01027475,08-02-2018,2,1,1,1,36,7,3,0,0,0,0,-1,20,1
52743,73.77701538,18.5832313,10,3,1,1,7,00:37,149,E08000023,3,194,3,70,0,-1,-1,0,0,0,4,1,2,0,0,2,1,E01008629,12-02-2018,2,1,1,1,33,6,3,0,0,0,0,-1,9,1
52744,73.92398504,18.59630692,10,3,2,4,4,08:04,149,E08000023,3,1018,6,30,3,2,3,183,0,0,1,1,1,0,0,1,1,E01008595,09-02-2018,1,1,1,1,14,3,3,0,0,0,0,-1,1,-1
52745,73.78235803,18.62290007,10,3,1,2,7,23:30,143,E06000048,3,1,6,60,0,-1,-1,0,0,0,4,1,1,0,0,2,1,E01027473,12-02-2018,1,1,3,1,21,5,2,5,2,0,0,-1,0,1
52746,73.93261357,18.64575839,10,3,3,1,6,17:40,146,E08000020,3,1,3,70,0,-1,-1,0,0,0,4,2,2,0,0,1,1,E01008226,11-02-2018,2,1,1,1,29,6,3,0,0,0,0,-1,1,1
52747,73.95857225,18.53213966,10,3,2,1,2,13:30,150,E08000024,6,5009,6,30,8,4,6,235,0,0,1,1,1,0,0,1,1,E01008819,07-02-2018,1,1,3,1,33,6,3,5,3,0,0,-1,0,1
52748,73.86308281,18.52971432,10,3,1,1,5,09:20,150,E08000024,5,551,6,30,3,4,6,235,0,4,1,1,1,0,0,1,1,E01008818,10-02-2018,1,1,3,1,12,3,2,5,2,0,0,-1,0,1
52749,73.78427534,18.50109659,10,3,1,1,7,19:00,140,E06000048,4,6344,6,60,0,-1,-1,0,0,0,1,2,2,7,0,2,2,E01027373,05-02-2018,1,1,3,2,80,11,2,5,2,0,0,-1,0,1
52750,73.84790274,18.51379903,10,3,1,1,6,18:33,147,E08000021,5,144,6,30,6,2,4,1307,0,5,1,1,1,0,0,1,2,E01008440,11-02-2018,1,1,2,1,15,3,3,0,0,1,0,-1,9,1
52751,73.83492043,18.51994007,10,3,1,2,7,20:50,144,E06000048,5,202,6,60,0,-1,-1,0,0,0,6,3,3,0,0,2,1,E01027479,22-01-2018,2,1,1,1,44,7,3,0,0,0,0,-1,9,1
52752,73.90081062,18.52011695,10,3,1,1,6,06:20,145,E06000048,5,403,6,60,0,-1,-1,0,0,0,6,1,2,0,0,2,1,E01027552,11-02-2018,2,1,1,2,19,4,3,0,0,0,0,-1,9,1
52753,73.80161265,18.53450539,10,2,1,1,4,21:38,143,E06000048,3,696,6,60,0,-1,-1,0,0,0,6,4,1,0,0,2,1,E01027467,09-02-2018,2,2,2,2,30,6,3,0,0,2,0,-1,9,1
52754,73.91296735,18.58420322,10,3,3,1,2,12:18,149,E08000023,4,1298,6,30,3,4,6,236,0,0,1,1,1,0,0,1,1,E01008683,31-01-2018,1,1,3,1,38,7,3,5,1,0,0,-1,0,1
52755,73.95195251,18.51681452,10,3,2,1,6,13:10,144,E06000048,3,695,6,30,1,4,3,69,0,0,1,1,2,0,0,2,1,E01027476,11-02-2018,1,1,3,1,3,1,3,5,3,0,0,-1,0,1
52756,73.81685419,18.53277748,10,3,2,1,7,15:03,149,E08000023,5,405,6,30,3,4,6,336,0,0,1,1,1,0,0,1,1,E01008628,12-02-2018,2,1,1,1,42,7,3,0,0,0,0,-1,9,1
52757,73.96116106,18.53801644,10,3,1,1,6,12:30,147,E08000021,4,1600,6,30,0,-1,-1,0,0,0,4,1,1,0,0,1,1,E01008367,11-02-2018,1,1,1,2,30,6,3,0,0,0,0,-1,9,1
52758,73.94127337,18.49356508,10,3,1,1,5,17:00,150,E08000024,6,235,6,30,3,4,3,690,0,0,1,1,1,0,0,1,2,E01008831,10-02-2018,1,1,1,1,39,7,3,0,0,0,0,-1,9,-1
52759,73.87713497,18.55660573,10,3,3,1,6,17:00,148,E08000022,6,226,6,30,6,4,5,215,0,0,1,2,2,0,0,1,1,E01008537,11-02-2018,1,1,2,1,30,6,3,0,0,0,3,-1,11,-1
52760,73.88615278,18.59602327,10,3,2,2,1,16:15,150,E08000024,6,5031,1,30,1,4,6,5015,0,0,1,4,1,0,0,1,1,E01008735,13-02-2018,1,1,1,1,24,5,3,0,0,0,0,-1,9,1
52761,73.84043429,18.62485046,10,3,3,4,2,10:55,149,E08000023,3,185,6,30,0,-1,-1,0,0,0,1,1,1,0,0,1,1,E01008601,14-02-2018,2,1,1,2,49,8,3,0,0,0,0,-1,9,2
52762,73.93884381,18.51056045,10,3,2,2,2,09:40,148,E08000022,6,427,9,30,8,4,6,427,0,0,1,1,1,0,0,1,2,E01008476,14-02-2018,1,1,1,1,25,5,3,0,0,0,0,-1,9,1
52763,73.82388564,18.52376193,10,3,1,1,1,19:07,148,E08000022,4,1505,6,30,0,-1,-1,0,0,0,4,1,1,0,0,1,1,E01008505,06-02-2018,1,2,2,2,32,6,3,0,0,1,0,-1,9,1
52764,73.79071668,18.64354412,10,2,2,1,5,19:00,142,E06000048,6,9707,6,30,3,4,6,9533,0,0,4,1,1,0,0,2,2,E01027432,10-02-2018,1,1,1,1,32,6,3,0,0,0,0,-1,9,1
52765,73.95064634,18.62098484,10,3,2,1,6,08:40,148,E08000022,4,1317,6,30,3,4,6,226,0,0,1,1,4,0,0,1,1,E01008470,14-01-2018,1,2,2,1,32,6,3,0,0,1,0,-1,9,1
52766,73.81981582,18.63353552,10,3,2,1,6,18:10,148,E08000022,3,19,3,70,1,2,3,1058,0,0,4,2,2,0,0,1,1,E01008491,11-02-2018,2,1,2,1,35,6,3,0,0,0,0,-1,1,1
52767,73.79205612,18.51208876,10,3,1,1,7,14:10,147,E08000021,5,129,6,30,0,-1,-1,0,0,0,1,1,1,0,0,1,1,E01008435,05-02-2018,1,1,1,1,33,6,3,0,0,0,0,-1,9,1
52768,73.87223967,18.58150393,10,3,2,1,1,16:13,148,E08000022,3,188,1,30,1,4,3,191,0,4,1,4,1,0,0,1,1,E01008469,13-02-2018,2,1,1,2,28,6,3,0,0,0,0,-1,1,-1
52769,73.77091,18.61138944,10,3,3,3,1,18:26,148,E08000022,6,2023,6,60,0,-1,-1,0,0,0,4,4,2,0,0,2,1,E01008552,13-02-2018,1,1,3,2,30,6,3,5,1,0,0,-1,0,1
52770,73.73583109,18.61255099,10,3,1,1,6,07:50,147,E08000021,4,1313,6,30,3,2,5,129,0,4,1,1,1,0,0,1,1,E01008426,04-02-2018,2,1,1,2,25,5,3,0,0,0,0,-1,9,1
52771,73.88426802,18.59514956,10,3,1,1,7,12:40,147,E08000021,6,426,6,30,0,-1,-1,0,0,0,1,1,1,0,0,1,1,E01008305,12-02-2018,2,1,1,2,32,6,3,0,0,0,0,-1,9,-1