Accident_Index,longitude,latitude,Police_Force,Accident_Severity,Number_of_Vehicles,Number_of_Casualties,Day_of_Week,Time,Local_Authority_(District),Local_Authority_(Highway),1st_Road_Class,1st_Road_Number,Road_Type,Speed_limit,Junction_Detail,Junction_Control,2nd_Road_Class,2nd_Road_Number,Pedestrian_Crossing-Human_Control,Pedestrian_Crossing-Physical_Facilities,Light_Conditions,Weather_Conditions,Road_Surface_Conditions,Special_Conditions_at_Site,Carriageway_Hazards,Urban_or_Rural_Area,Did_Police_Officer_Attend_Scene_of_Accident,LSOA_of_Accident_Location,Date,Vehicle_Reference,Casualty_Reference,Casualty_Class,Sex_of_Casualty,Age_of_Casualty,Age_Band_of_Casualty,Casualty_Severity,Pedestrian_Location,Pedestrian_Movement,Car_Passenger,Bus_or_Coach_Passenger,Pedestrian_Road_Maintenance_Worker,Casualty_Type,Casualty_Home_Area_Type
53008,73.9277369,18.57728161,10,3,2,1,3,17:10,148,E08000022,5,222,6,30,6,4,6,236,0,0,1,1,1,0,0,1,1,E01008561,01-03-2018,1,1,3,2,40,7,2,6,9,0,0,-1,0,1
53009,73.94929909,18.50878656,10,3,2,1,7,14:45,147,E08000021,4,1307,1,30,1,4,6,226,0,0,1,1,1,0,0,1,1,E01008407,05-03-2018,2,1,2,1,18,4,3,0,0,1,1,-1,9,1
53010,73.86514538,18.58296687,10,3,4,3,6,12:04,147,E08000021,2,167,3,50,5,4,2,167,0,0,1,1,1,0,0,1,1,E01008397,04-03-2018,3,1,1,2,38,7,3,0,0,0,0,-1,9,1
53011,73.77505202,18.56741272,10,3,2,2,6,09:15,147,E08000021,3,191,3,30,7,2,4,1318,0,0,1,1,2,0,0,1,2,E01008419,25-02-2018,1,1,1,1,58,9,3,0,0,0,0,-1,9,1
53012,73.81137002,18.56247323,10,3,2,1,1,11:35,141,E06000048,3,698,6,60,0,-1,-1,0,0,0,1,1,1,0,0,2,1,E01027382,06-03-2018,1,3,2,2,45,7,3,0,0,1,0,-1,9,1
53013,73.75463169,18.51317024,10,3,1,1,1,21:07,150,E08000024,3,182,6,30,3,4,6,335,0,0,4,8,2,0,0,2,1,E01008796,06-03-2018,2,2,1,2,20,4,3,0,0,0,0,-1,9,1
53014,73.77208487,18.62817553,10,3,1,1,6,08:45,147,E08000021,4,1307,3,30,6,4,6,426,0,0,1,1,1,0,0,1,2,E01008397,04-03-2018,2,1,1,2,35,6,3,0,0,0,0,-1,2,-1
53015,73.90693158,18.61996604,10,3,2,4,4,13:58,144,E06000048,3,686,6,60,0,-1,-1,0,0,0,1,3,2,0,0,2,1,E01027488,23-02-2018,1,1,1,2,9,2,3,0,0,0,0,-1,1,1
53016,73.77967314,18.62064896,10,3,2,1,7,12:00,150,E08000024,6,235,6,30,6,4,6,235,0,0,1,1,1,0,0,1,2,E01008818,05-03-2018,1,2,2,1,27,6,3,0,0,2,0,-1,9,-1
53017,73.76341687,18.53784702,10,3,1,1,7,08:19,148,E08000022,6,337,6,30,3,4,6,0,0,0,1,1,2,0,0,1,1,E01008569,05-03-2018,2,1,2,1,35,6,3,0,0,2,0,-1,9,-1
53018,73.88946814,18.60460352,10,3,2,1,6,18:25,142,E06000048,3,193,6,30,3,2,6,9500,0,5,4,1,2,0,0,1,1,E01027424,04-03-2018,1,1,3,2,13,3,3,5,2,0,0,-1,0,-1
53019,73.78116492,18.58631555,10,3,1,1,2,00:20,142,E06000048,4,1329,6,30,0,-1,-1,0,0,0,4,2,2,0,0,1,1,E01027442,07-03-2018,1,1,3,1,40,7,3,5,1,0,0,-1,0,-1
53020,73.74573379,18.49512653,10,3,1,1,6,02:24,150,E08000024,5,554,6,30,3,4,5,554,0,0,4,8,4,0,0,1,1,E01008703,04-03-2018,1,1,3,1,8,2,2,5,2,0,0,-1,0,1
53021,73.8239076,18.49947659,10,3,1,1,6,23:24,148,E08000022,6,136,6,30,0,-1,-1,0,0,0,4,1,1,0,0,1,2,E01008542,04-03-2018,2,1,1,1,20,4,3,0,0,0,0,-1,9,1
53022,73.93273312,18.53696346,10,3,2,2,7,09:38,147,E08000021,3,167,1,40,1,4,4,1305,0,0,1,5,2,0,0,1,1,E01008450,05-03-2018,2,1,1,1,42,7,3,0,0,0,0,-1,9,1
53023,73.83017493,18.49928554,10,3,2,1,4,06:56,144,E06000048,5,202,6,60,0,-1,-1,0,0,0,1,3,3,0,0,2,1,E01027511,23-02-2018,3,2,1,2,38,7,3,0,0,0,0,-1,9,1
53024,73.79001513,18.57807427,10,3,1,1,2,16:02,147,E08000021,2,167,3,50,0,-1,-1,0,0,0,1,1,2,0,0,1,1,E01008407,07-03-2018,1,1,1,1,31,6,3,0,0,0,0,-1,9,1
53025,73.85400426,18.52149404,10,3,1,1,1,23:40,147,E08000021,3,6085,6,40,3,4,6,0,0,0,4,1,4,0,0,1,1,E01008387,06-03-2018,2,1,1,1,32,6,3,0,0,0,0,-1,1,1
53026,73.83727646,18.63718277,10,2,1,1,2,14:55,146,E08000020,4,6317,6,30,0,-1,-1,0,0,0,1,1,1,0,0,1,1,E01008198,07-03-2018,2,1,1,2,49,8,3,0,0,0,0,-1,9,1
53027,73.79453406,18.52631773,10,3,1,1,7,12:25,146,E08000020,4,1295,1,30,2,4,4,1295,0,8,1,1,1,0,0,1,1,E01008217,05-03-2018,1,1,3,1,15,3,3,5,1,0,0,-1,0,-1
53028,73.96010977,18.49772439,10,3,2,1,6,08:58,147,E08000021,3,188,3,30,3,4,6,226,0,4,1,1,2,0,0,1,1,E01008318,04-03-2018,2,1,1,2,23,5,3,0,0,0,0,-1,1,1
53029,73.95805467,18.62088036,10,3,2,1,4,07:30,140,E06000048,5,80,6,60,0,-1,-1,0,0,0,1,3,3,0,0,2,2,E01027356,23-02-2018,1,1,1,1,74,10,3,0,0,0,0,-1,9,1
53030,73.90684816,18.59060115,10,3,3,1,3,17:13,142,E06000048,3,193,6,30,3,4,6,9504,0,0,1,1,1,0,0,1,1,E01027392,08-03-2018,2,1,1,2,32,6,3,0,0,0,0,-1,9,1
53031,73.95919838,18.58173311,10,2,2,1,7,15:18,146,E08000020,6,3038,6,30,3,4,5,316,0,0,1,1,2,0,0,1,1,E01008238,05-03-2018,1,2,1,1,20,4,3,0,0,0,0,-1,9,-1
53032,73.7344565,18.62195886,10,3,2,1,4,16:10,150,E08000024,6,435,6,30,3,4,6,435,0,0,1,1,1,0,0,2,1,E01008808,09-03-2018,2,1,1,1,35,6,3,0,0,0,0,-1,9,-1
53033,73.79259949,18.62067977,10,3,1,1,3,16:20,147,E08000021,6,226,6,30,3,4,6,226,0,0,1,1,1,0,0,1,1,E01008372,08-03-2018,2,1,1,1,56,9,3,0,0,0,0,-1,9,1
53034,73.78528692,18.52441419,10,3,2,1,4,10:52,150,E08000024,4,1286,6,30,3,4,6,435,0,0,1,2,2,0,0,1,1,E01008765,09-03-2018,2,1,1,1,34,6,3,0,0,0,0,-1,9,1
53035,73.77706138,18.49725434,10,3,1,1,3,17:15,148,E08000022,3,19,3,70,1,4,3,19,0,0,1,1,1,0,0,2,1,E01008540,08-03-2018,2,1,1,1,40,7,3,0,0,0,0,-1,9,1
53036,73.79863254,18.56174142,10,3,1,1,2,21:25,147,E08000021,5,109,6,30,3,4,6,216,0,0,4,1,1,0,0,1,2,E01008457,07-03-2018,2,1,1,1,38,7,2,0,0,0,0,-1,1,1
53037,73.8283349,18.49011927,10,3,2,1,4,12:00,150,E08000024,3,183,1,70,1,4,3,19,0,0,1,1,2,0,0,2,1,E01008798,09-03-2018,1,1,1,2,31,6,3,0,0,0,0,-1,3,1
53038,73.83231092,18.58226899,10,3,1,1,3,08:50,142,E06000048,3,19,3,70,0,-1,-1,0,0,0,1,1,2,0,0,2,1,E01027435,08-03-2018,1,1,1,1,25,5,2,0,0,0,0,-1,9,1
53039,73.88670049,18.52402218,10,3,2,1,4,17:50,149,E08000023,3,1300,3,50,0,-1,-1,0,0,0,1,1,1,4,0,2,1,E01008609,09-03-2018,1,1,1,1,25,5,3,0,0,0,0,-1,9,1
53040,73.89325078,18.51210828,10,3,1,1,6,15:35,147,E08000021,4,6918,6,30,0,-1,-1,0,0,0,1,9,1,0,0,1,2,E01008294,04-03-2018,1,1,1,2,32,6,3,0,0,0,0,-1,9,1
53041,73.7633663,18.56314268,10,3,2,3,7,10:45,147,E08000021,5,101,6,40,0,-1,-1,0,0,0,1,4,2,0,0,1,2,E01008312,05-03-2018,2,1,2,1,18,4,3,0,0,1,0,-1,9,-1
53042,73.77578605,18.64039363,10,3,2,1,4,12:35,146,E08000020,5,324,3,40,3,4,6,326,0,0,1,3,2,0,0,1,1,E01008259,02-03-2018,1,1,3,1,30,6,2,5,1,0,0,-1,0,-1
53043,73.92408412,18.59175705,10,3,2,1,4,12:30,142,E06000048,4,1326,6,30,1,4,5,419,0,0,1,1,1,0,0,2,1,E01027409,09-03-2018,2,1,1,1,22,5,3,0,0,0,0,-1,9,-1
53044,73.86896391,18.62303373,10,3,2,1,3,16:00,150,E08000024,3,690,3,30,1,2,3,19,0,0,1,1,1,0,0,2,1,E01008775,08-03-2018,2,1,1,1,18,4,2,0,0,0,0,-1,3,1
53045,73.79493925,18.56928776,10,3,2,1,1,20:40,150,E08000024,5,553,6,20,3,4,5,553,0,4,4,1,1,0,0,1,1,E01008831,06-03-2018,2,1,1,2,35,6,3,0,0,0,0,-1,9,1
53046,73.75845134,18.50052551,10,3,2,1,1,10:11,146,E08000020,6,225,6,30,3,3,6,225,0,0,1,1,1,0,0,1,1,E01008220,06-03-2018,2,2,2,1,3,1,3,0,0,2,0,-1,9,-1
53047,73.85423369,18.51552603,10,3,1,1,1,20:45,143,E06000048,3,697,6,60,0,-1,-1,0,0,0,6,1,2,0,0,2,1,E01027450,06-03-2018,1,1,2,1,43,7,3,0,0,0,4,-1,11,-1
53048,73.75755462,18.52379209,10,3,2,1,3,08:05,146,E08000020,4,1295,1,30,2,4,4,1295,0,8,1,1,2,0,0,1,1,E01008217,08-03-2018,1,1,3,1,20,4,1,5,1,0,0,-1,0,-1
53049,73.84303017,18.62397451,10,3,1,1,4,09:05,142,E06000048,3,193,6,30,8,4,6,0,0,4,1,1,2,0,0,1,1,E01027425,09-03-2018,1,1,1,1,42,7,2,0,0,0,0,-1,5,1
53050,73.76937668,18.54205277,10,3,2,2,2,12:45,147,E08000021,4,1318,3,50,0,-1,-1,0,0,0,1,1,1,0,0,1,2,E01008397,14-02-2018,1,2,2,1,21,5,2,0,0,0,0,-1,5,-1
53051,73.93544754,18.58211659,10,3,2,2,6,08:15,142,E06000048,3,189,3,70,1,4,3,19,0,0,1,1,1,0,0,2,2,E01027436,04-03-2018,2,1,1,2,22,5,3,0,0,0,0,-1,9,1
53052,73.85990933,18.6453664,10,3,2,1,4,09:09,141,E06000048,3,1,6,60,0,-1,-1,0,0,0,1,3,3,0,0,2,1,E01027374,02-03-2018,2,1,1,1,37,7,3,0,0,0,0,-1,9,-1
53053,73.75035581,18.59491081,10,3,1,1,7,07:40,148,E08000022,5,202,6,30,0,-1,-1,0,0,0,1,4,1,0,0,1,1,E01008568,08-01-2018,2,1,1,2,51,8,3,0,0,0,0,-1,9,1
53054,73.95683874,18.55531525,10,3,2,3,4,20:40,142,E06000048,3,193,6,30,6,4,6,9527,0,0,4,2,2,0,0,2,1,E01027419,09-03-2018,2,1,1,1,20,4,3,0,0,0,0,-1,9,1
53055,73.76844391,18.58772189,10,3,2,1,3,13:00,148,E08000022,3,193,1,30,1,4,6,136,0,0,1,1,2,0,0,1,1,E01008572,22-02-2018,2,2,2,1,24,5,3,0,0,1,0,-1,9,1
53056,73.83466197,18.60846299,10,3,1,1,7,23:28,140,E06000048,4,6344,6,60,0,-1,-1,0,0,0,7,9,4,0,0,2,1,E01027365,05-03-2018,2,3,2,2,45,7,3,0,0,2,0,-1,9,-1
53057,73.8146136,18.64317392,10,3,2,1,6,13:05,142,E06000048,6,9537,6,30,3,4,3,192,0,1,1,1,1,0,0,2,1,E01027433,04-03-2018,2,1,1,2,23,5,3,0,0,0,0,-1,9,1
53058,73.76689545,18.63092802,10,3,3,2,7,21:49,140,E06000048,3,1068,6,60,0,-1,-1,0,0,0,6,1,2,0,0,2,1,E01027357,05-03-2018,1,1,2,2,53,8,3,0,0,1,0,-1,9,1
53059,73.73543035,18.53939293,10,3,2,2,7,21:25,149,E08000023,3,194,1,40,1,4,6,236,0,8,4,1,1,0,0,1,1,E01008665,12-03-2018,2,2,2,2,17,4,3,0,0,1,0,-1,9,1
53060,73.79616716,18.58804618,10,3,3,1,6,16:40,149,E08000023,4,1297,6,30,1,4,6,4132,0,0,1,1,1,0,0,1,2,E01008604,11-03-2018,2,1,2,1,68,10,3,0,0,0,2,-1,11,-1
53061,73.91547941,18.5551088,10,3,2,2,7,12:30,149,E08000023,3,184,6,60,9,4,6,436,0,0,1,1,1,0,0,2,1,E01008620,12-03-2018,2,1,1,2,27,6,3,0,0,0,0,-1,9,1
53062,73.75101636,18.54224268,10,3,2,1,6,12:14,147,E08000021,4,1312,6,30,3,4,6,426,0,4,1,1,1,0,0,1,1,E01008303,04-03-2018,2,1,1,1,29,6,3,0,0,0,0,-1,9,-1
53063,73.91181108,18.50530333,10,3,1,1,7,03:25,144,E06000048,5,278,6,60,0,-1,-1,0,0,0,6,1,4,0,0,2,1,E01027505,12-03-2018,2,1,1,1,13,3,3,0,0,0,0,-1,1,1
53064,73.77820996,18.56811189,10,3,1,1,2,00:50,147,E08000021,3,186,2,30,9,2,3,186,0,4,4,1,1,0,0,1,1,E01008440,07-03-2018,2,1,1,1,19,4,3,0,0,0,0,-1,1,-1
53065,73.81533487,18.56351967,10,3,2,2,3,09:42,147,E08000021,4,1309,3,30,6,2,4,1307,0,5,1,1,1,0,0,1,2,E01008397,01-03-2018,1,1,3,1,3,1,3,5,2,0,0,-1,0,1
53066,73.88657113,18.53076956,10,3,2,1,2,13:30,148,E08000022,6,136,6,30,0,-1,-1,0,0,0,1,1,2,0,0,1,1,E01008572,07-03-2018,2,1,1,1,45,7,3,0,0,0,0,-1,9,1
53067,73.81365181,18.49864387,10,3,2,1,2,13:30,149,E08000023,3,194,3,70,1,4,3,184,0,0,1,1,1,0,0,2,2,E01008629,07-03-2018,1,1,3,2,79,11,2,4,4,0,0,-1,0,1
53068,73.73443031,18.60692722,10,3,2,2,5,06:18,145,E06000048,3,196,6,60,0,-1,-1,0,0,0,1,3,3,0,0,2,1,E01027531,03-03-2018,1,1,3,1,24,5,3,4,4,0,0,-1,0,1
53069,73.85007961,18.56099545,10,2,2,1,3,13:54,141,E06000048,5,424,2,30,3,4,6,111,0,0,1,1,2,4,2,1,1,E01027377,08-03-2018,1,1,3,1,10,2,3,5,1,0,0,-1,0,1
53070,73.77521683,18.50105713,10,3,1,1,4,14:55,145,E06000048,6,6531,6,30,3,4,6,6531,0,0,1,1,1,0,0,1,1,E01027546,16-02-2018,1,2,3,1,12,3,3,5,1,0,0,-1,0,1
53071,73.78008871,18.58614705,10,2,1,1,7,23:30,147,E08000021,6,226,6,30,0,-1,-1,0,0,0,4,9,1,0,0,1,2,E01008320,12-03-2018,2,1,2,1,4,1,3,0,0,2,0,-1,9,-1
53072,73.89675136,18.49729377,10,3,1,1,6,15:48,150,E08000024,6,235,6,30,0,-1,-1,0,0,0,1,1,1,0,0,1,1,E01008830,11-03-2018,2,2,2,2,2,1,3,0,0,2,0,-1,9,-1
53073,73.76339232,18.52724763,10,3,1,1,4,14:17,147,E08000021,3,696,3,70,0,-1,-1,0,0,0,1,1,1,0,7,2,1,E01008458,09-03-2018,1,1,1,2,24,5,3,0,0,0,0,-1,9,-1
53074,73.80303668,18.52178056,10,3,1,1,6,08:26,148,E08000022,6,427,6,30,0,-1,-1,0,0,4,1,4,1,0,0,2,1,E01008479,11-03-2018,1,1,1,2,53,8,3,0,0,0,0,-1,9,2
53075,73.85563972,18.57203595,10,3,2,1,6,11:40,146,E08000020,5,330,6,30,3,4,5,330,0,0,1,1,2,0,0,2,1,E01008172,11-03-2018,2,2,1,2,25,5,3,0,0,0,0,-1,19,1
53076,73.74141386,18.49065363,10,3,1,1,6,08:40,147,E08000021,6,1103,6,30,3,4,6,226,0,0,1,1,2,0,0,1,2,E01008366,11-03-2018,1,1,3,2,4,1,3,5,2,0,0,-1,0,1
53077,73.89054007,18.53682876,10,3,2,1,7,15:54,148,E08000022,6,136,6,30,3,4,6,136,0,0,1,1,1,0,0,1,2,E01008491,12-03-2018,2,1,1,1,15,3,3,0,0,0,0,-1,1,-1
53078,73.92859575,18.5585811,10,3,3,1,4,08:20,144,E06000048,5,255,6,60,0,-1,-1,0,0,0,1,1,2,7,0,2,1,E01027496,09-03-2018,2,1,1,1,23,5,3,0,0,0,0,-1,1,-1
53079,73.81632586,18.56993273,10,3,1,1,2,14:48,148,E08000022,3,1,3,70,0,-1,-1,0,0,0,1,1,1,0,0,2,1,E01008582,07-03-2018,1,1,3,1,27,6,3,5,3,0,0,-1,0,1
53080,73.74287417,18.53137141,10,3,2,1,4,21:00,147,E08000021,3,696,1,70,1,2,3,167,0,0,1,1,2,0,0,2,1,E01008293,09-03-2018,2,1,1,1,57,9,3,0,0,0,0,-1,9,1
53081,73.78830299,18.56430368,10,3,1,1,3,15:18,147,E08000021,3,193,6,30,6,2,5,127,0,5,1,1,2,0,0,1,1,E01008433,08-03-2018,2,2,2,2,57,9,3,0,0,2,0,-1,9,1
53082,73.7452988,18.59368238,10,3,3,1,6,10:10,147,E08000021,3,186,6,30,8,4,4,1305,0,4,1,1,1,0,0,1,2,E01008289,11-03-2018,2,3,2,2,58,9,3,0,0,2,0,-1,9,-1
53083,73.82924597,18.63712145,10,3,2,1,4,14:34,146,E08000020,3,1114,6,30,3,4,6,3043,0,0,1,2,2,0,0,1,1,E01008210,02-03-2018,2,1,1,1,19,4,3,0,0,0,0,-1,9,1
53084,73.91588346,18.55891705,10,3,2,1,5,10:45,142,E06000048,6,9551,6,30,3,4,6,9551,0,0,1,1,1,0,0,1,1,E01027413,10-03-2018,1,1,1,2,19,4,2,0,0,0,0,-1,9,1
53085,73.92002025,18.59811436,10,3,1,1,6,19:00,143,E06000048,6,9092,3,30,0,-1,-1,0,0,0,1,1,1,0,0,2,2,E01027466,11-03-2018,2,1,1,2,31,6,3,0,0,0,0,-1,9,1
53086,73.81800008,18.55491115,10,3,2,1,5,15:10,142,E06000048,3,189,3,70,1,4,3,19,0,0,1,1,1,0,0,2,2,E01027406,10-03-2018,1,1,1,2,70,10,3,0,0,0,0,-1,9,-1
53087,73.74768536,18.62537546,10,2,1,1,7,14:45,150,E08000024,6,5041,6,30,3,4,6,225,0,0,1,1,1,0,0,1,1,E01008869,12-03-2018,1,1,1,1,12,3,3,0,0,0,0,-1,1,1
53088,73.78633056,18.61317261,10,3,2,1,6,15:30,146,E08000020,3,1,3,70,0,-1,-1,0,0,0,1,1,1,0,0,1,2,E01008262,11-03-2018,2,1,1,1,55,8,3,0,0,0,0,-1,20,1
53089,73.86547468,18.49819998,10,3,2,1,1,18:35,146,E08000020,4,1288,1,30,1,4,4,1288,0,0,4,1,1,0,0,2,1,E01008174,06-03-2018,5,2,2,2,29,6,3,0,0,2,0,-1,9,1
53090,73.8271687,18.53657058,10,3,1,1,2,18:15,146,E08000020,3,167,6,40,6,4,6,426,0,4,4,1,1,3,0,1,1,E01008166,07-03-2018,5,3,2,2,29,6,3,0,0,1,0,-1,9,-1
53091,73.88841395,18.49100054,10,3,2,1,6,11:10,146,E08000020,6,225,6,30,0,-1,-1,0,0,0,1,1,1,0,0,1,1,E01008239,04-03-2018,2,1,1,2,22,5,3,0,0,0,0,-1,9,1
53092,73.78792542,18.56128821,10,3,1,1,4,10:34,142,E06000048,6,9552,6,30,6,4,6,9552,0,0,1,1,1,0,0,1,1,E01027412,16-03-2018,1,1,3,2,11,3,3,4,3,0,0,-1,0,-1
53093,73.84644454,18.52654118,10,3,1,1,5,13:25,148,E08000022,3,191,6,30,3,4,6,437,0,4,1,1,1,0,0,1,1,E01008585,10-03-2018,2,1,1,1,39,7,3,0,0,0,0,-1,19,1
53094,73.93565281,18.56393988,10,2,2,2,4,19:55,148,E08000022,6,226,6,30,3,4,6,226,0,0,4,1,1,0,0,1,1,E01008534,09-03-2018,1,1,1,1,22,5,3,0,0,0,0,-1,9,-1
53095,73.92165819,18.62937311,10,3,2,1,4,13:30,150,E08000024,5,519,6,30,0,-1,-1,0,0,0,1,1,1,0,0,1,1,E01008749,09-03-2018,2,2,2,1,40,7,3,0,0,1,0,-1,9,1
53096,73.88620307,18.53171104,10,2,2,1,4,19:03,145,E06000048,5,404,6,30,0,-1,-1,0,0,0,4,1,1,0,0,2,1,E01027531,16-03-2018,2,3,2,1,45,7,3,0,0,2,0,-1,9,-1
53097,73.77137804,18.60807833,10,2,1,1,2,18:20,148,E08000022,3,191,6,30,1,4,3,186,0,0,4,2,2,0,0,2,2,E01008503,14-03-2018,1,1,3,2,29,6,3,5,1,0,0,-1,0,1
53098,73.93367095,18.56147492,10,3,1,1,4,17:47,148,E08000022,3,19,1,70,1,2,3,1058,0,8,1,1,1,0,0,1,1,E01008491,09-03-2018,1,1,1,1,33,6,3,0,0,0,0,-1,9,1
53099,73.87380556,18.59274262,10,3,1,1,1,07:05,146,E08000020,5,302,6,60,0,-1,-1,0,0,0,1,1,4,0,0,2,1,E01008183,06-03-2018,2,2,1,1,36,7,3,0,0,0,0,-1,9,1
53100,73.88976077,18.50240909,10,3,2,3,7,14:10,147,E08000021,5,105,6,30,6,2,5,103,0,5,1,1,1,0,0,1,1,E01008353,12-03-2018,2,3,2,2,36,7,3,0,0,1,0,-1,9,1
53101,73.96237545,18.5657039,10,3,2,4,6,20:03,148,E08000022,6,437,1,30,1,4,5,206,0,8,4,4,1,0,0,1,1,E01008496,11-03-2018,1,1,1,1,31,6,3,0,0,0,0,-1,9,1
53102,73.91702374,18.56919833,10,1,1,1,1,21:15,150,E08000024,3,1231,6,30,0,-1,-1,0,0,0,4,1,1,0,0,1,1,E01008820,13-03-2018,1,1,2,2,20,4,3,0,0,1,0,-1,9,1
53103,73.83778027,18.64228127,10,3,2,1,3,22:45,147,E08000021,3,193,1,30,1,4,3,187,0,0,4,4,1,0,0,1,1,E01008392,15-03-2018,2,2,1,2,29,6,3,0,0,0,0,-1,9,1
53104,73.8534712,18.53947721,10,3,2,1,3,21:00,148,E08000022,3,191,1,30,1,4,4,1505,0,0,4,1,1,0,0,1,2,E01008501,08-03-2018,2,1,1,1,40,7,3,0,0,0,0,-1,2,-1
53105,73.81536642,18.49491972,10,3,2,1,6,17:45,148,E08000022,5,201,6,30,3,4,6,337,0,0,1,1,1,0,0,2,1,E01008565,11-03-2018,2,1,1,2,45,7,3,0,0,0,0,-1,9,1
53106,73.76703091,18.58351887,10,3,2,1,2,14:45,148,E08000022,5,207,1,30,1,4,3,193,0,0,1,1,1,0,0,1,1,E01008495,14-03-2018,2,2,2,2,50,8,3,0,0,1,0,-1,9,1
53107,73.77877637,18.62712264,10,3,3,2,6,10:20,149,E08000023,5,402,6,30,3,4,6,236,0,0,1,2,2,0,0,1,1,E01008667,11-03-2018,2,3,2,2,51,8,3,0,0,2,0,-1,9,1
53108,73.79137163,18.5632194,10,3,1,1,6,11:10,150,E08000024,3,1018,6,30,3,2,6,345,0,5,1,2,2,0,0,1,1,E01008768,11-03-2018,2,4,2,2,13,3,3,0,0,2,0,-1,9,1
53109,73.81229609,18.54708314,10,2,2,3,1,07:27,142,E06000048,4,1326,6,30,5,4,3,189,0,0,1,1,1,0,0,2,1,E01027395,13-03-2018,1,1,3,2,32,6,3,6,9,0,0,-1,0,1
53110,73.79826987,18.49565923,10,3,2,2,3,17:05,146,E08000020,6,125,6,30,8,4,6,125,0,0,1,1,1,3,0,1,2,E01008226,08-03-2018,1,2,3,2,2,1,3,6,9,0,0,-1,0,1
53111,73.86229308,18.63997268,10,3,2,1,3,17:05,148,E08000022,3,193,1,30,1,4,3,191,0,0,1,1,1,0,0,1,1,E01008589,15-03-2018,1,3,3,1,1,1,3,6,9,0,0,-1,0,-1
53112,73.92019487,18.53392217,10,3,3,1,2,08:30,140,E06000048,3,696,6,60,0,-1,-1,0,0,0,1,1,2,0,0,2,1,E01027373,07-03-2018,2,1,1,1,44,7,3,0,0,0,0,-1,1,1
53113,73.95845174,18.61985517,10,3,1,1,7,21:45,147,E08000021,6,216,6,30,6,4,6,216,0,0,4,1,1,0,0,1,1,E01008401,12-03-2018,2,1,1,1,38,7,3,0,0,0,0,-1,9,1
53114,73.82686678,18.54932402,10,3,1,1,3,14:45,144,E06000048,6,8290,6,30,6,4,6,8290,0,0,1,1,1,0,0,1,2,E01027476,15-03-2018,2,1,1,1,13,3,3,0,0,0,0,-1,1,1
53115,73.76618542,18.52163444,10,3,2,1,2,17:45,149,E08000023,3,1300,6,30,0,-1,-1,0,0,0,4,2,2,0,0,1,2,E01008634,14-03-2018,1,1,2,2,34,6,3,0,0,1,0,-1,9,1
53116,73.75915948,18.6259875,10,3,1,1,3,15:40,146,E08000020,6,3019,6,30,0,-1,-1,0,0,0,1,1,1,0,0,1,1,E01008178,15-03-2018,2,2,1,1,83,11,3,0,0,0,0,-1,9,1
53117,73.8203388,18.58563644,10,3,2,2,1,19:20,150,E08000024,6,135,6,30,3,4,6,135,0,0,4,1,1,0,0,1,2,E01008695,13-03-2018,2,1,1,2,36,7,3,0,0,0,0,-1,9,1
53118,73.76372383,18.59065668,10,3,2,1,2,04:51,147,E08000021,5,119,6,30,3,4,6,236,0,0,4,1,1,0,0,1,1,E01008438,14-03-2018,1,1,3,1,6,2,2,6,9,0,0,-1,0,-1
53119,73.90700186,18.50840552,10,3,1,1,4,11:15,149,E08000023,4,1297,6,30,0,-1,-1,0,0,0,1,1,1,0,0,1,1,E01008640,16-03-2018,2,1,1,1,12,3,3,0,0,0,0,-1,1,1
53120,73.79950481,18.50299457,10,3,1,1,3,20:15,150,E08000024,3,1018,3,30,3,2,3,1018,0,4,4,4,1,0,0,1,2,E01008711,15-03-2018,1,1,3,1,14,3,3,5,1,0,0,-1,0,-1
53121,73.91725503,18.62370693,10,3,2,1,3,22:05,150,E08000024,5,512,6,30,6,2,5,511,0,5,4,1,1,0,0,1,1,E01008759,15-03-2018,2,1,1,2,31,6,3,0,0,0,0,-1,9,1
53122,73.90539713,18.63849478,10,3,2,2,2,18:40,142,E06000048,6,9510,6,30,0,-1,-1,0,0,0,4,2,2,0,0,1,1,E01027422,14-03-2018,2,1,1,2,23,5,3,0,0,0,0,-1,9,3
53123,73.7559663,18.52404819,10,3,4,1,7,00:55,142,E06000048,5,412,6,30,3,4,5,412,0,0,4,1,1,0,0,1,1,E01027442,12-03-2018,1,1,1,2,44,7,3,0,0,0,0,-1,9,1
53124,73.79964645,18.63195362,10,3,2,1,4,13:40,150,E08000024,6,235,6,30,1,4,5,507,0,0,1,1,1,0,0,1,1,E01008697,16-03-2018,2,2,1,2,31,6,3,0,0,0,0,-1,9,1
53125,73.92457337,18.61072252,10,3,3,1,4,14:25,147,E08000021,4,1307,6,30,3,2,4,1307,0,0,1,1,1,0,0,1,2,E01008397,16-03-2018,1,1,1,1,15,3,2,0,0,0,0,-1,3,1