Accident_Index,longitude,latitude,Police_Force,Accident_Severity,Number_of_Vehicles,Number_of_Casualties,Day_of_Week,Time,Local_Authority_(District),Local_Authority_(Highway),1st_Road_Class,1st_Road_Number,Road_Type,Speed_limit,Junction_Detail,Junction_Control,2nd_Road_Class,2nd_Road_Number,Pedestrian_Crossing-Human_Control,Pedestrian_Crossing-Physical_Facilities,Light_Conditions,Weather_Conditions,Road_Surface_Conditions,Special_Conditions_at_Site,Carriageway_Hazards,Urban_or_Rural_Area,Did_Police_Officer_Attend_Scene_of_Accident,LSOA_of_Accident_Location,Date,Vehicle_Reference,Casualty_Reference,Casualty_Class,Sex_of_Casualty,Age_of_Casualty,Age_Band_of_Casualty,Casualty_Severity,Pedestrian_Location,Pedestrian_Movement,Car_Passenger,Bus_or_Coach_Passenger,Pedestrian_Road_Maintenance_Worker,Casualty_Type,Casualty_Home_Area_Type
53126,73.84059356,18.52490847,10,3,2,1,4,16:45,150,E08000024,6,235,6,30,6,4,6,235,0,0,1,1,1,0,0,1,1,E01008832,16-03-2018,1,1,1,1,19,4,3,0,0,0,0,-1,9,-1
53127,73.84837061,18.5050945,10,2,3,2,3,20:05,143,E06000048,3,1,3,70,0,-1,-1,0,0,0,6,1,1,0,0,2,1,E01027473,15-03-2018,2,2,1,2,24,5,3,0,0,0,0,-1,9,1
53128,73.77618986,18.64108004,10,3,1,1,6,02:49,147,E08000021,3,167,3,30,1,4,3,191,0,0,4,8,2,0,0,1,1,E01008451,04-03-2018,2,3,2,1,32,6,3,0,0,1,0,-1,9,1
53129,73.86808574,18.60692994,10,2,2,1,3,17:26,146,E08000020,4,6315,6,60,0,-1,-1,0,0,0,1,1,1,6,0,2,1,E01008195,15-03-2018,1,1,1,1,56,9,2,0,0,0,0,-1,19,1
53130,73.93891926,18.63487884,10,3,2,1,5,08:05,148,E08000022,3,189,1,60,1,4,3,1056,0,0,1,1,1,0,0,2,1,E01008577,17-03-2018,1,1,3,2,16,4,3,5,1,0,0,-1,0,1
53131,73.91577585,18.54033348,10,3,2,1,7,13:30,149,E08000023,4,1298,6,30,3,2,5,417,0,8,1,1,1,0,0,2,2,E01008616,12-03-2018,1,1,3,2,75,10,3,5,1,0,0,-1,0,1
53132,73.74674878,18.60468621,10,3,2,2,2,19:40,150,E08000024,6,5029,6,30,3,4,3,1290,0,0,4,1,2,0,0,2,2,E01008699,14-03-2018,2,1,1,1,53,8,3,0,0,0,0,-1,3,1
53133,73.76042643,18.51172002,10,3,1,1,1,16:15,150,E08000024,6,235,6,30,0,-1,-1,0,0,0,1,1,1,0,0,1,1,E01008761,20-03-2018,1,1,3,2,14,3,1,5,1,0,0,-1,0,-1
53134,73.76450193,18.60621153,10,3,4,1,5,17:05,149,E08000023,3,194,1,30,1,4,3,183,0,4,1,1,1,0,0,1,1,E01008595,17-03-2018,2,1,2,2,67,10,3,0,0,0,4,-1,11,1
53135,73.83255157,18.5209261,10,3,1,1,6,17:20,150,E08000024,6,345,6,30,3,4,6,345,0,0,1,1,1,0,0,1,1,E01008764,18-03-2018,1,1,1,1,58,9,3,0,0,0,0,-1,21,1
53136,73.78731992,18.61713411,10,3,2,2,1,12:10,150,E08000024,6,5028,6,30,0,-1,-1,0,0,0,1,1,1,0,0,1,1,E01008738,20-03-2018,2,1,2,1,68,10,3,0,0,1,0,-1,9,1
53137,73.74686264,18.61656554,10,3,1,1,6,21:26,148,E08000022,3,1058,3,70,0,-1,-1,0,0,0,4,1,1,0,0,1,1,E01008512,18-03-2018,1,1,3,1,39,7,2,5,1,0,0,-1,0,-1
53138,73.80480572,18.48827947,10,2,2,1,5,12:30,146,E08000020,5,321,6,30,6,3,5,315,0,1,1,1,1,0,0,1,1,E01008163,17-03-2018,2,1,1,1,27,6,3,0,0,0,0,-1,9,1
53139,73.91306788,18.52073213,10,3,3,2,4,21:48,147,E08000021,5,137,6,30,6,4,5,116,0,0,4,1,1,0,0,1,1,E01008393,16-03-2018,2,2,2,2,30,6,3,0,0,1,0,-1,9,1
53140,73.908202,18.55007831,10,2,1,1,1,08:50,147,E08000021,6,326,6,30,3,4,6,326,0,0,1,1,1,0,0,1,1,E01008437,20-03-2018,1,1,2,1,25,5,3,0,0,0,0,-1,19,1
53141,73.9174661,18.53496855,10,3,2,2,6,14:20,144,E06000048,5,242,6,30,8,4,6,0,0,0,1,1,1,0,0,1,1,E01027504,18-03-2018,2,2,1,2,36,7,3,0,0,0,0,-1,9,1
53142,73.79271505,18.49624212,10,3,2,1,7,06:03,146,E08000020,6,426,6,30,0,-1,-1,0,0,0,4,1,1,0,0,1,1,E01008241,22-01-2018,1,1,1,1,20,4,2,0,0,0,0,-1,9,-1
53143,73.95793271,18.62245761,10,3,1,1,6,21:54,147,E08000021,3,189,3,50,0,-1,-1,0,0,0,4,1,2,0,0,1,2,E01008440,11-03-2018,1,1,3,1,9,2,3,5,3,0,0,-1,0,-1
53144,73.84761414,18.57342997,10,3,2,3,3,14:14,147,E08000021,3,1,3,70,0,-1,-1,0,0,0,1,2,2,0,0,1,1,E01008386,01-03-2018,2,1,1,2,27,6,3,0,0,0,0,-1,9,1
53145,73.9430958,18.5469893,10,3,2,1,3,16:30,147,E08000021,3,191,6,30,0,-1,-1,0,0,4,4,8,2,0,0,1,2,E01008321,22-02-2018,2,2,2,2,3,1,3,0,0,1,0,-1,9,1
53146,73.90008912,18.52022633,10,3,1,1,1,17:45,144,E06000048,3,695,6,60,3,4,6,0,0,0,1,9,1,4,0,2,1,E01027504,20-03-2018,1,1,3,2,69,10,3,5,1,0,0,-1,0,-1
53147,73.8784437,18.60924736,10,3,3,3,4,09:55,148,E08000022,3,187,6,40,0,-1,-1,0,0,1,1,1,1,0,0,1,1,E01008541,16-03-2018,1,1,3,1,13,3,3,5,3,0,0,-1,0,-1
53148,73.86761823,18.60250359,10,2,1,2,7,03:10,144,E06000048,5,302,6,60,0,-1,-1,0,0,0,6,1,1,0,0,2,1,E01027485,12-03-2018,1,1,2,1,4,1,3,0,0,1,0,-1,9,1
53149,73.89171385,18.48932741,10,2,2,1,5,09:40,144,E06000048,3,696,6,60,0,-1,-1,0,0,0,1,5,2,0,0,2,1,E01027479,17-03-2018,1,2,2,1,2,1,3,0,0,2,0,-1,9,1
53150,73.77412946,18.52269244,10,2,1,1,5,23:16,147,E08000021,4,1307,3,30,0,-1,-1,0,0,0,4,1,1,0,0,1,1,E01008397,17-03-2018,1,1,1,1,83,11,3,0,0,0,0,-1,9,1
53151,73.75076661,18.60505668,10,3,2,2,4,12:25,148,E08000022,6,2013,6,30,0,-1,-1,0,0,0,1,4,1,0,0,1,1,E01008488,16-03-2018,2,2,1,2,23,5,3,0,0,0,0,-1,9,-1
53152,73.8686818,18.60660118,10,3,2,2,4,09:15,144,E06000048,3,695,6,30,3,4,6,8123,0,0,1,1,1,0,0,2,1,E01027509,16-03-2018,3,3,1,1,25,5,3,0,0,0,0,-1,9,1
53153,73.74652338,18.53441316,10,3,2,1,6,22:45,150,E08000024,3,183,3,60,0,-1,-1,0,0,0,4,1,2,0,0,2,1,E01008798,18-03-2018,2,1,1,2,30,6,3,0,0,0,0,-1,9,1
53154,73.82429851,18.50395917,10,3,2,2,5,09:25,147,E08000021,5,123,6,30,6,4,6,226,0,0,1,1,1,0,0,1,1,E01008315,03-03-2018,2,2,2,2,29,6,3,0,0,1,0,-1,9,1
53155,73.95512906,18.5725464,10,3,2,1,3,13:10,148,E08000022,3,19,3,70,1,4,3,191,0,0,1,1,1,0,0,2,2,E01008501,15-03-2018,1,1,1,1,8,2,3,0,0,0,0,-1,1,-1
53156,73.78298278,18.54656764,10,3,1,1,6,08:15,150,E08000024,6,225,6,30,0,-1,-1,0,0,0,1,4,1,0,0,1,1,E01008868,11-03-2018,2,1,2,2,64,9,3,0,0,1,0,-1,9,1
53157,73.7831734,18.49066688,10,3,2,1,2,19:40,147,E08000021,3,189,3,30,6,2,3,189,0,5,4,2,2,0,0,1,1,E01008440,14-03-2018,2,1,1,1,18,4,3,0,0,0,0,-1,9,1
53158,73.74060192,18.61716188,10,3,2,1,2,19:50,148,E08000022,3,191,1,30,1,4,3,19,0,0,6,1,2,0,0,2,2,E01008570,14-03-2018,2,2,2,1,18,4,3,0,0,2,0,-1,9,-1
53159,73.9290421,18.61742384,10,3,3,4,7,12:52,148,E08000022,5,208,6,40,0,-1,-1,0,0,0,1,1,1,0,0,1,1,E01008562,12-03-2018,3,3,2,1,18,4,3,0,0,2,0,-1,9,-1
53160,73.83175319,18.55676188,10,3,2,1,6,17:45,147,E08000021,5,112,6,30,6,4,6,126,0,0,1,1,1,0,0,1,1,E01008347,18-03-2018,1,1,3,1,51,8,1,9,5,0,0,-1,0,1
53161,73.79485769,18.62035263,10,3,2,1,6,14:30,147,E08000021,4,1313,6,30,0,-1,-1,0,0,0,1,1,1,0,0,1,2,E01008426,04-03-2018,2,1,1,2,34,6,3,0,0,0,0,-1,9,1
53162,73.7753061,18.52632769,10,3,2,1,6,16:30,147,E08000021,3,189,6,30,6,2,3,186,0,4,1,1,1,0,0,1,1,E01008440,18-03-2018,1,1,1,2,42,7,3,0,0,0,0,-1,9,-1
53163,73.88914448,18.50786552,10,3,2,1,6,13:31,145,E06000048,3,189,1,60,1,4,3,189,0,0,1,1,1,0,0,2,2,E01027543,18-03-2018,2,2,1,1,72,10,3,0,0,0,0,-1,9,1
53164,73.85081763,18.53016466,10,3,2,1,4,12:10,143,E06000048,4,6324,6,60,3,4,4,6323,0,0,1,1,1,0,0,2,2,E01027469,16-03-2018,2,3,2,2,73,10,3,0,0,1,0,-1,9,1
53165,73.88450737,18.59899761,10,2,2,1,6,19:00,146,E08000020,3,167,6,30,6,2,5,316,0,5,4,1,1,0,0,1,1,E01008239,18-03-2018,2,1,2,2,59,9,3,0,0,0,3,-1,11,-1
53166,73.90375006,18.61784966,10,3,2,2,7,16:20,146,E08000020,4,1288,6,40,6,2,3,195,0,5,1,1,1,0,0,2,1,E01008284,19-03-2018,2,2,2,2,45,7,3,0,0,0,3,-1,11,1
53167,73.94826349,18.55024427,10,3,2,1,3,19:00,146,E08000020,6,326,6,30,3,4,6,326,0,0,4,4,1,0,0,1,2,E01008256,15-03-2018,2,3,2,2,74,10,3,0,0,0,3,-1,11,1
53168,73.75736806,18.49498363,10,3,1,1,1,02:10,147,E08000021,3,186,2,30,0,-1,-1,0,0,0,4,1,1,0,0,1,1,E01008440,20-03-2018,2,4,2,2,29,6,3,0,0,0,3,-1,11,1
53169,73.88644515,18.60834373,10,3,2,1,5,09:08,146,E08000020,3,184,3,30,3,2,3,184,0,0,1,4,1,0,0,1,1,E01008168,17-03-2018,2,1,1,1,32,6,3,0,0,0,0,-1,9,1
53170,73.83548508,18.60184608,10,3,2,1,6,20:29,149,E08000023,3,184,3,70,1,2,3,19,0,0,4,1,1,0,0,2,1,E01008615,18-03-2018,2,1,3,1,55,8,3,5,1,0,0,-1,0,-1
53171,73.91286205,18.49548906,10,3,1,1,5,07:20,150,E08000024,6,145,6,30,0,-1,-1,0,0,0,1,1,1,0,0,1,2,E01008736,17-03-2018,1,1,3,1,6,2,3,5,4,0,0,-1,0,1
53172,73.7622602,18.54834003,10,3,2,1,4,13:30,143,E06000048,3,1,6,60,0,-1,-1,0,0,0,1,4,1,4,0,2,2,E01027450,16-03-2018,1,1,3,1,11,3,3,5,1,0,0,-1,0,1
53173,73.86973018,18.55557767,10,3,1,1,5,16:50,142,E06000048,4,1329,6,30,3,4,6,9503,0,0,1,1,1,0,0,1,1,E01027416,17-03-2018,2,1,1,1,32,6,3,0,0,0,0,-1,9,1
53174,73.87921039,18.57207502,10,3,2,1,2,07:30,150,E08000024,5,509,6,30,0,-1,-1,0,0,8,1,1,1,0,0,1,2,E01008787,21-03-2018,1,1,1,1,13,3,3,0,0,0,0,-1,1,-1
53175,73.81161818,18.50342062,10,3,2,1,7,19:15,143,E06000048,3,192,6,30,3,4,5,132,0,0,4,1,1,0,0,2,2,E01027448,19-03-2018,2,1,1,1,20,4,3,0,0,0,0,-1,9,1
53176,73.78706001,18.5572723,10,3,2,2,3,18:55,142,E06000048,6,9518,6,30,3,4,6,9518,0,0,4,1,2,0,0,1,1,E01027422,15-03-2018,1,1,2,1,15,3,3,0,0,1,0,-1,19,-1
53177,73.78696181,18.57505436,10,3,1,1,4,15:45,143,E06000048,6,6106,6,30,3,4,6,6106,0,0,1,1,1,0,0,1,2,E01027457,16-03-2018,1,1,3,2,8,2,3,5,4,0,0,-1,0,-1
53178,73.84730018,18.63914418,10,3,2,1,5,17:00,146,E08000020,3,167,6,30,3,4,6,426,0,4,1,1,1,0,0,1,2,E01008255,17-03-2018,1,1,1,1,25,5,2,0,0,0,0,-1,90,-1
53179,73.86612124,18.54277462,10,3,2,1,6,16:50,142,E06000048,4,1327,6,30,6,4,6,9513,0,0,1,2,2,0,0,1,1,E01027414,18-03-2018,1,1,1,1,51,8,3,0,0,0,0,-1,5,-1
53180,73.85785753,18.51185816,10,3,2,1,1,18:59,142,E06000048,3,189,3,70,0,-1,-1,0,0,0,6,1,1,0,0,2,1,E01027425,20-03-2018,1,2,2,1,17,4,3,0,0,2,0,-1,5,1
53181,73.74886669,18.52433159,10,3,2,1,2,12:30,148,E08000022,3,193,6,30,3,4,6,136,0,1,1,1,1,0,0,1,1,E01008573,14-03-2018,2,1,2,2,14,3,3,0,0,2,0,-1,9,1
53182,73.76591649,18.60759104,10,3,2,1,1,14:53,148,E08000022,3,19,3,70,0,-1,-1,0,0,0,1,1,1,0,0,1,1,E01008540,20-03-2018,2,2,2,1,9,2,3,0,0,2,0,-1,9,1
53183,73.77502483,18.51725174,10,3,1,1,3,15:40,150,E08000024,5,523,6,30,0,-1,-1,0,0,0,1,1,1,0,0,1,2,E01008742,15-03-2018,1,1,3,1,25,5,3,5,1,0,0,-1,0,-1
53184,73.83733327,18.50201414,10,3,1,1,4,08:14,147,E08000021,3,6085,6,30,3,4,6,126,0,0,1,1,1,0,0,1,2,E01008404,16-03-2018,1,1,3,2,36,7,3,5,2,0,0,-1,0,1
53185,73.86619519,18.60867858,10,3,2,2,3,08:35,146,E08000020,6,426,6,30,3,3,6,426,0,0,1,1,1,0,0,1,2,E01008244,15-03-2018,2,1,1,1,23,5,3,0,0,0,0,-1,3,1
53186,73.89862834,18.56710337,10,3,3,2,4,15:19,146,E08000020,3,167,3,30,6,2,5,323,0,7,1,4,1,0,0,1,1,E01008252,16-03-2018,2,1,1,1,33,6,3,0,0,0,0,-1,5,1
53187,73.8835709,18.60302891,10,3,2,1,2,11:10,149,E08000023,6,136,6,30,6,4,6,136,0,0,1,1,1,0,0,1,1,E01008604,21-03-2018,1,1,1,1,31,6,3,0,0,0,0,-1,11,1
53188,73.85486274,18.57417009,10,3,4,1,4,07:10,146,E08000020,3,1,7,60,5,4,3,1,0,0,1,1,1,0,0,2,1,E01008226,23-03-2018,1,2,2,1,40,7,3,0,0,0,4,-1,11,1
53189,73.89291819,18.54818343,10,3,1,1,4,07:05,150,E08000024,4,1286,6,30,3,4,6,345,0,0,1,1,1,0,0,1,1,E01008769,23-03-2018,1,3,2,1,65,9,3,0,0,0,4,-1,11,1
53190,73.80754765,18.5628155,10,3,2,1,3,09:15,147,E08000021,3,1,3,70,0,-1,-1,0,0,0,1,2,2,0,0,1,2,E01008293,22-03-2018,1,4,2,2,32,6,3,0,0,0,4,-1,11,-1
53191,73.85700689,18.58063978,10,3,1,1,4,02:25,146,E08000020,4,1426,3,30,0,-1,-1,0,0,0,4,1,1,0,0,1,1,E01008260,23-03-2018,1,5,2,2,25,5,3,0,0,0,4,-1,11,-1
53192,73.78129735,18.62841862,10,3,1,1,3,17:50,150,E08000024,6,234,6,30,3,4,6,234,0,0,1,1,1,0,0,1,2,E01008746,22-03-2018,1,6,2,2,14,3,3,0,0,0,4,-1,11,1
53193,73.78858832,18.59510628,10,3,3,2,4,16:40,146,E08000020,6,225,6,30,3,4,6,225,0,0,1,1,1,0,0,1,1,E01008217,23-03-2018,1,7,2,2,33,6,3,0,0,0,4,-1,11,1
53194,73.84165995,18.58691368,10,3,1,1,1,16:30,146,E08000020,6,426,6,30,3,4,5,328,0,0,1,1,1,0,0,1,2,E01008232,20-03-2018,1,8,2,2,49,8,3,0,0,0,4,-1,11,-1
53195,73.79769243,18.59662306,10,3,2,2,5,15:57,150,E08000024,5,512,3,30,3,4,3,690,0,0,1,1,1,0,0,1,1,E01008781,24-03-2018,1,9,2,1,37,7,3,0,0,0,4,-1,11,1
53196,73.907635,18.57013361,10,3,1,1,2,07:20,146,E08000020,3,1,3,70,5,4,3,1,0,0,1,2,2,0,0,2,1,E01008226,28-03-2018,1,1,1,1,27,6,3,0,0,0,0,-1,5,-1
53197,73.84781809,18.60194385,10,3,4,2,6,19:50,146,E08000020,4,1296,6,30,3,4,6,225,0,0,4,1,1,0,0,2,1,E01008217,25-03-2018,2,1,1,1,17,4,3,0,0,0,0,-1,3,1
53198,73.82814721,18.52517662,10,3,1,1,5,12:20,146,E08000020,5,314,6,20,9,4,6,13,0,8,1,1,1,0,0,1,1,E01008194,24-03-2018,2,1,1,2,20,4,3,0,0,0,0,-1,9,1
53199,73.76968646,18.61822407,10,3,1,1,1,00:30,147,E08000021,3,186,6,30,6,2,4,1307,0,0,4,1,1,0,0,1,1,E01008440,27-03-2018,2,1,1,2,31,6,3,0,0,0,0,-1,9,1
53200,73.87506816,18.59023796,10,3,2,1,1,12:22,146,E08000020,5,321,6,30,6,4,6,426,0,0,1,1,1,0,0,1,1,E01008168,06-03-2018,2,1,1,1,77,11,3,0,0,0,0,-1,9,-1
53201,73.78207051,18.51190074,10,3,2,2,3,18:20,147,E08000021,5,110,1,40,1,4,4,6528,0,0,1,1,1,0,0,1,2,E01008381,22-03-2018,1,1,1,1,47,8,3,0,0,0,0,-1,2,1
53202,73.74074424,18.53897127,10,3,2,1,4,14:29,147,E08000021,4,1318,1,30,1,4,6,1030,0,0,1,1,1,0,0,1,1,E01008355,23-03-2018,1,1,3,1,9,2,2,10,5,0,0,-1,0,-1
53203,73.94372964,18.64255506,10,3,2,1,5,18:30,142,E06000048,6,9711,6,30,0,-1,-1,0,0,0,1,1,1,0,0,1,2,E01027422,17-03-2018,1,1,1,1,16,4,2,0,0,0,0,-1,2,1
53204,73.85499463,18.617006,10,3,2,1,7,11:45,149,E08000023,6,436,6,30,0,-1,-1,0,0,0,1,1,1,0,0,1,2,E01008682,19-03-2018,2,2,2,2,50,8,3,0,0,2,0,-1,10,-1
53205,73.92424612,18.50879736,10,2,1,1,7,23:45,147,E08000021,3,188,6,30,0,-1,-1,0,0,0,4,1,1,0,0,1,1,E01008359,26-03-2018,1,1,1,1,58,9,3,0,0,0,0,-1,20,-1
53206,73.77447752,18.55080739,10,3,1,1,4,09:15,147,E08000021,3,189,3,30,6,2,3,186,0,4,1,1,1,0,0,1,1,E01008440,23-03-2018,2,1,1,1,50,8,3,0,0,0,0,-1,9,1
53207,73.88389725,18.61675562,10,3,1,1,1,22:30,148,E08000022,6,136,3,30,3,4,6,136,0,0,4,2,2,0,0,1,1,E01008509,27-03-2018,1,1,1,2,32,6,3,0,0,0,0,-1,9,1
53208,73.93019339,18.61855752,10,3,3,3,6,14:38,147,E08000021,2,167,3,30,5,4,2,167,0,0,1,1,1,0,0,1,1,E01008397,18-03-2018,2,1,1,2,27,6,3,0,0,0,0,-1,9,1
53209,73.7558975,18.61401499,10,3,2,1,6,18:00,147,E08000021,6,226,6,30,3,4,6,226,0,0,1,1,1,0,0,1,2,E01008318,18-03-2018,1,1,3,1,8,2,3,5,3,0,0,-1,0,-1
53210,73.82705531,18.60630299,10,3,1,1,5,09:05,146,E08000020,6,225,6,30,3,4,5,313,0,0,1,1,1,0,0,1,1,E01008190,24-03-2018,1,1,1,2,38,7,3,0,0,0,0,-1,9,1
53211,73.84356167,18.58217167,10,3,1,1,1,15:29,150,E08000024,3,182,3,70,0,-1,-1,0,0,0,1,2,2,0,0,2,1,E01008865,27-03-2018,2,2,1,2,23,5,3,0,0,0,0,-1,9,1
53212,73.88102499,18.57277307,10,2,1,4,2,02:10,149,E08000023,3,194,6,30,9,4,6,436,0,0,4,2,2,0,2,1,1,E01008672,28-03-2018,2,1,1,1,22,5,3,0,0,0,0,-1,9,1
53213,73.92742884,18.57680906,10,3,1,1,6,18:08,147,E08000021,6,126,6,30,9,4,6,126,0,0,1,1,1,0,0,1,1,E01008338,25-03-2018,2,1,1,2,59,9,3,0,0,0,0,-1,9,-1
53214,73.88474343,18.51176421,10,3,3,2,2,14:15,149,E08000023,3,19,3,70,0,-1,-1,0,0,0,1,1,2,0,0,1,1,E01008631,28-03-2018,2,1,2,2,29,6,3,0,0,1,0,-1,9,1
53215,73.88938473,18.58221235,10,3,2,2,7,12:30,147,E08000021,3,1,3,70,0,-1,-1,0,0,0,1,1,1,0,0,2,1,E01008310,19-03-2018,1,1,3,1,44,7,3,5,1,0,0,-1,0,1
53216,73.81685528,18.5357126,10,3,2,1,3,16:04,149,E08000023,4,1298,6,30,3,4,5,405,0,0,1,4,1,0,0,1,1,E01008613,15-03-2018,1,1,1,1,24,5,3,0,0,0,0,-1,9,1
53217,73.89325003,18.6041776,10,3,2,1,7,12:30,142,E06000048,4,1328,6,30,3,4,6,9511,0,0,1,1,1,0,0,1,2,E01027415,26-03-2018,2,2,1,1,78,11,3,0,0,0,0,-1,9,1
53218,73.89846758,18.6333781,10,3,1,1,5,08:50,146,E08000020,6,326,6,30,0,-1,-1,0,0,0,1,1,1,0,0,1,2,E01008257,24-03-2018,2,1,1,1,56,9,3,0,0,0,0,-1,9,1
53219,73.84256834,18.54674114,10,3,1,1,2,13:05,149,E08000023,6,336,6,30,6,4,6,4023,0,0,1,1,1,0,0,1,1,E01008660,21-03-2018,2,2,2,2,58,9,3,0,0,1,0,-1,9,1
53220,73.8907925,18.4958712,10,3,1,1,7,10:05,150,E08000024,6,235,6,30,3,4,3,183,0,1,1,7,2,0,0,1,1,E01008833,26-03-2018,1,1,1,1,47,8,3,0,0,0,0,-1,9,1
53221,73.78877178,18.64564729,10,3,2,1,5,17:20,142,E06000048,4,1327,6,30,3,4,4,1328,0,0,1,1,1,0,0,1,1,E01027415,24-03-2018,2,1,3,2,44,7,3,5,3,0,0,-1,0,1
53222,73.85195716,18.59952694,10,3,2,2,3,16:14,148,E08000022,6,437,6,30,3,4,6,437,0,0,1,1,2,4,0,1,1,E01008497,22-03-2018,1,1,1,1,19,4,3,0,0,0,0,-1,9,1
53223,73.93014071,18.49063133,10,3,2,1,5,21:50,142,E06000048,3,192,6,30,3,4,6,9533,0,0,4,1,1,0,0,2,1,E01027432,27-01-2018,2,1,1,1,59,9,3,0,0,0,0,-1,9,1
53224,73.84106499,18.54661402,10,3,1,1,5,17:57,145,E06000048,5,399,6,30,0,-1,-1,0,0,0,1,1,1,0,0,1,1,E01027524,24-03-2018,1,1,3,1,25,5,2,5,3,0,0,-1,0,1
53225,73.8992611,18.51169554,10,3,2,1,6,23:30,147,E08000021,5,127,6,30,6,2,3,1058,0,0,4,1,1,0,0,1,1,E01008363,25-02-2018,1,1,1,1,5,1,3,0,0,0,0,-1,1,-1
53226,73.83998593,18.59841979,10,3,2,1,6,22:29,148,E08000022,3,186,1,30,1,4,3,1058,0,0,4,1,2,0,0,1,1,E01008533,25-03-2018,2,1,1,1,37,7,3,0,0,0,0,-1,9,1
53227,73.82625355,18.55963047,10,3,1,1,7,11:30,141,E06000048,3,1167,6,30,0,-1,-1,0,0,8,1,1,1,0,0,1,1,E01027378,26-03-2018,2,2,2,1,19,4,3,0,0,1,0,-1,9,-1
53228,73.77969144,18.52952351,10,3,1,1,2,13:30,144,E06000048,5,322,6,60,0,-1,-1,0,0,0,1,2,2,0,0,2,1,E01027512,28-03-2018,1,1,3,2,18,4,3,6,8,0,0,-1,0,1
53229,73.82506171,18.50939008,10,3,1,1,1,23:20,149,E08000023,3,183,6,40,0,-1,-1,0,0,0,4,1,1,0,0,2,1,E01008685,20-03-2018,1,1,3,2,20,4,3,5,1,0,0,-1,0,-1
53230,73.74164672,18.49388496,10,3,4,1,2,15:05,140,E06000048,3,1,3,70,0,-1,-1,0,0,0,1,2,2,0,0,2,1,E01027370,28-03-2018,1,1,3,2,13,3,3,5,1,0,0,-1,0,1
53231,73.87995299,18.58719806,10,3,3,3,4,08:05,143,E06000048,3,1,6,60,0,-1,-1,0,0,0,1,1,1,0,0,2,1,E01027448,23-03-2018,1,1,1,1,17,4,3,0,0,0,0,-1,1,1
53232,73.95878055,18.55097872,10,3,2,1,4,11:13,148,E08000022,6,2027,6,30,3,4,6,337,0,0,1,1,1,0,0,1,2,E01008550,23-03-2018,1,1,1,1,30,6,3,0,0,0,0,-1,21,1
53233,73.92739493,18.60419385,10,3,2,2,2,14:15,147,E08000021,2,167,3,50,5,4,2,167,0,0,1,1,1,0,0,1,2,E01008408,28-03-2018,1,1,1,1,40,7,2,0,0,0,0,-1,5,1
53234,73.82877097,18.55435282,10,2,5,2,5,15:15,142,E06000048,6,9700,6,30,0,-1,-1,0,0,0,1,1,1,0,0,1,1,E01027425,24-03-2018,2,1,1,1,49,8,3,0,0,0,0,-1,9,-1
53235,73.85298459,18.62548837,10,3,3,1,2,08:25,146,E08000020,3,1,3,70,0,-1,-1,0,0,0,1,1,1,0,0,1,1,E01008260,21-03-2018,2,2,2,2,50,8,3,0,0,1,0,-1,9,1
53236,73.93855313,18.62934238,10,3,2,4,5,12:10,141,E06000048,3,697,6,60,8,4,6,1065,0,0,1,1,1,0,0,2,1,E01027375,24-03-2018,1,1,3,1,9,2,3,9,5,0,0,-1,0,1
53237,73.76777677,18.50104705,10,2,1,1,7,11:10,146,E08000020,6,316,6,30,0,-1,-1,0,0,0,1,1,1,0,0,1,1,E01008250,19-03-2018,1,1,1,2,22,5,3,0,0,0,0,-1,9,-1
53238,73.92909331,18.54568491,10,3,2,2,2,21:42,150,E08000024,6,135,6,30,3,4,6,135,0,0,4,2,2,0,0,1,1,E01008847,28-03-2018,2,2,1,1,18,4,3,0,0,0,0,-1,9,-1
53239,73.92253268,18.60162232,10,2,1,1,7,21:09,148,E08000022,6,436,6,30,0,-1,-1,0,0,0,4,1,1,0,0,1,1,E01008584,19-03-2018,2,1,1,1,19,4,3,0,0,0,0,-1,9,-1
53240,73.92602629,18.56501068,10,3,2,1,3,15:44,147,E08000021,3,1058,3,30,1,4,6,0,0,0,1,1,1,0,0,1,2,E01008318,29-03-2018,2,1,1,1,22,5,2,0,0,0,0,-1,9,-1
53241,73.91583563,18.61687344,10,3,2,1,3,08:07,148,E08000022,3,193,1,40,1,4,3,187,0,0,1,2,2,0,0,2,1,E01008481,29-03-2018,2,2,2,1,34,6,3,0,0,1,0,-1,9,-1
53242,73.85816921,18.64226348,10,3,2,1,4,21:15,150,E08000024,6,5060,6,60,0,-1,-1,0,0,0,6,1,1,0,0,1,1,E01008785,16-03-2018,1,1,2,1,26,6,3,0,0,1,0,-1,9,1
53243,73.88300623,18.49546932,10,3,2,1,3,13:41,148,E08000022,3,19,3,70,1,4,3,191,0,0,1,1,2,0,0,2,1,E01008566,29-03-2018,2,2,1,2,38,7,3,0,0,0,0,-1,9,1