Accident_Index,longitude,latitude,Police_Force,Accident_Severity,Number_of_Vehicles,Number_of_Casualties,Day_of_Week,Time,Local_Authority_(District),Local_Authority_(Highway),1st_Road_Class,1st_Road_Number,Road_Type,Speed_limit,Junction_Detail,Junction_Control,2nd_Road_Class,2nd_Road_Number,Pedestrian_Crossing-Human_Control,Pedestrian_Crossing-Physical_Facilities,Light_Conditions,Weather_Conditions,Road_Surface_Conditions,Special_Conditions_at_Site,Carriageway_Hazards,Urban_or_Rural_Area,Did_Police_Officer_Attend_Scene_of_Accident,LSOA_of_Accident_Location,Date,Vehicle_Reference,Casualty_Reference,Casualty_Class,Sex_of_Casualty,Age_of_Casualty,Age_Band_of_Casualty,Casualty_Severity,Pedestrian_Location,Pedestrian_Movement,Car_Passenger,Bus_or_Coach_Passenger,Pedestrian_Road_Maintenance_Worker,Casualty_Type,Casualty_Home_Area_Type
53244,73.94877858,18.53838391,10,2,2,1,3,16:55,149,E08000023,3,1300,6,30,3,4,6,436,0,0,1,1,1,0,0,1,1,E01008624,08-03-2018,2,1,2,2,25,5,3,0,0,1,0,-1,9,-1
53245,73.74372391,18.64033967,10,3,1,2,1,20:15,142,E06000048,6,9706,6,30,0,-1,-1,0,0,0,4,1,1,0,0,2,1,E01027418,06-03-2018,1,1,1,1,21,5,3,0,0,0,0,-1,2,1
53246,73.79746638,18.59589816,10,3,1,1,5,18:45,146,E08000020,4,1426,6,30,3,4,6,426,0,0,4,1,1,0,0,1,1,E01008164,24-03-2018,1,3,2,2,20,4,2,0,0,0,0,-1,2,-1
53247,73.80616146,18.50781168,10,3,2,3,3,17:30,149,E08000023,3,1300,3,50,0,-1,-1,0,0,0,1,2,2,0,0,1,1,E01008607,29-03-2018,2,2,1,1,48,8,3,0,0,0,0,-1,9,1
53248,73.82703262,18.51369564,10,3,1,1,7,19:35,146,E08000020,3,1,1,30,1,3,3,694,0,0,4,2,2,0,0,2,1,E01008181,26-03-2018,2,1,1,1,42,7,3,0,0,0,0,-1,9,1
53249,73.77970951,18.51127239,10,3,2,1,4,04:55,146,E08000020,3,1,3,70,0,-1,-1,0,0,0,1,1,1,0,0,1,2,E01008262,23-03-2018,1,1,2,1,34,6,3,0,0,2,0,-1,19,-1
53250,73.92610549,18.50051991,10,1,5,4,1,14:30,150,E08000024,3,1018,3,30,0,-1,-1,0,0,0,1,1,1,0,0,2,1,,03-04-2018,1,1,1,1,20,4,3,0,0,0,0,-1,9,1
53251,73.91876253,18.4920609,10,3,3,1,1,13:00,144,E06000048,3,686,6,60,0,-1,-1,0,0,0,1,1,1,0,0,2,2,E01027512,03-04-2018,3,2,1,1,42,7,2,0,0,0,0,-1,9,-1
53252,73.93316225,18.54866189,10,3,2,1,1,16:20,150,E08000024,6,335,6,30,0,-1,-1,0,0,0,1,1,1,0,0,1,1,E01008798,03-04-2018,2,1,1,1,16,4,3,0,0,0,0,-1,1,-1
53253,73.79956577,18.54478639,10,3,1,1,5,22:30,150,E08000024,5,553,6,30,0,-1,-1,0,0,0,4,1,1,0,0,1,1,E01008836,24-03-2018,2,1,1,1,48,8,3,0,0,0,0,-1,8,1
53254,73.88544985,18.62116881,10,3,2,2,6,16:55,147,E08000021,5,124,6,30,3,4,6,226,0,4,1,1,1,4,0,1,1,E01008412,01-04-2018,2,1,2,2,21,5,3,0,0,1,0,-1,9,-1
53255,73.88839612,18.53107248,10,3,1,1,4,16:25,146,E08000020,6,3049,2,30,9,4,6,426,0,4,1,1,1,0,0,1,1,E01008169,30-03-2018,2,1,1,2,20,4,3,0,0,0,0,-1,9,1
53256,73.90372159,18.50872582,10,3,2,1,3,11:15,150,E08000024,3,182,6,30,3,4,6,335,0,4,1,1,2,0,0,1,1,E01008793,29-03-2018,1,1,1,1,35,6,3,0,0,0,0,-1,9,-1
53257,73.80355237,18.59820575,10,3,2,2,4,21:36,146,E08000020,6,426,6,30,3,4,6,426,0,0,4,1,2,0,0,1,1,E01008166,30-03-2018,1,1,1,2,30,6,3,0,0,0,0,-1,9,1
53258,73.82443825,18.57980182,10,2,1,1,7,21:11,148,E08000022,3,1058,6,60,0,-1,-1,0,0,0,4,1,1,0,0,2,1,E01008581,02-04-2018,2,2,1,2,39,7,3,0,0,0,0,-1,9,1
53259,73.77220485,18.54427753,10,3,3,1,4,19:55,149,E08000023,6,336,6,30,3,2,5,405,0,0,4,2,2,0,0,1,2,E01008628,30-03-2018,2,1,1,1,43,7,3,0,0,0,0,-1,1,-1
53260,73.74592327,18.60211086,10,3,1,1,7,13:29,147,E08000021,3,6085,6,30,0,-1,-1,0,0,0,1,2,2,0,0,1,1,E01008401,26-03-2018,1,1,1,2,47,8,3,0,0,0,0,-1,9,-1
53261,73.73825087,18.49439271,10,3,1,1,6,16:30,147,E08000021,6,126,6,30,0,-1,-1,0,0,0,1,1,1,0,0,1,2,E01008374,25-03-2018,2,1,1,2,24,5,3,0,0,0,0,-1,9,1
53262,73.85287604,18.54917236,10,3,1,1,4,20:53,146,E08000020,5,308,6,60,0,-1,-1,0,0,0,6,3,4,0,0,2,1,E01008226,02-03-2018,2,1,1,2,61,9,3,0,0,0,0,-1,9,1
53263,73.94531538,18.54983546,10,3,2,2,5,09:01,147,E08000021,6,216,6,30,3,4,6,216,0,0,1,1,1,0,0,1,1,E01008381,24-03-2018,1,1,1,1,27,6,3,0,0,0,0,-1,9,1
53264,73.75885729,18.55611545,10,3,2,1,7,12:15,147,E08000021,3,167,3,40,1,4,3,167,0,4,1,1,1,0,0,1,1,E01008296,22-01-2018,2,2,1,1,35,6,3,0,0,0,0,-1,9,1
53265,73.85574121,18.59807857,10,3,2,1,3,17:20,143,E06000048,5,368,6,60,3,4,5,357,0,0,6,1,1,0,0,2,2,E01027473,08-03-2018,3,3,1,1,45,7,3,0,0,0,0,-1,9,1
53266,73.86300235,18.56966289,10,3,2,1,3,16:01,148,E08000022,3,186,1,30,1,4,3,1058,0,0,1,1,1,0,0,1,1,E01008533,22-03-2018,2,1,1,1,52,8,3,0,0,0,0,-1,1,1
53267,73.91175494,18.5851662,10,3,1,2,5,08:21,140,E06000048,4,1339,6,30,0,-1,-1,0,0,0,1,1,2,0,0,2,1,E01027367,31-03-2018,1,5,2,2,72,10,2,0,0,1,0,-1,9,1
53268,73.82037727,18.53591193,10,3,1,2,2,16:20,143,E06000048,4,6524,6,60,0,-1,-1,0,0,0,1,2,2,6,0,2,1,E01027447,28-03-2018,3,1,1,1,54,8,2,0,0,0,0,-1,9,1
53269,73.73803256,18.59220854,10,3,1,1,6,21:10,148,E08000022,5,206,6,30,3,4,6,437,0,0,4,1,1,0,0,1,1,E01008588,01-04-2018,3,2,2,2,35,6,3,0,0,1,0,-1,9,1
53270,73.74404286,18.5872008,10,3,2,2,6,14:35,146,E08000020,5,305,6,30,0,-1,-1,0,0,0,1,1,1,0,0,2,1,E01008278,01-04-2018,3,3,2,2,1,1,3,0,0,2,0,-1,9,1
53271,73.74610708,18.5406187,10,3,2,2,4,15:51,147,E08000021,3,1,3,70,0,-1,-1,0,0,0,1,1,1,0,0,1,1,E01008295,30-03-2018,3,4,2,1,4,1,3,0,0,2,0,-1,9,1
53272,73.96217416,18.59892706,10,3,2,2,3,20:21,147,E08000021,3,189,3,50,3,2,5,112,0,4,4,1,2,0,0,1,1,E01008453,29-03-2018,2,1,2,2,18,4,3,0,0,2,0,-1,9,1
53273,73.79764943,18.5744277,10,3,2,1,2,20:47,147,E08000021,3,186,3,30,6,2,5,112,0,4,4,1,2,0,0,1,1,E01008416,28-03-2018,2,1,1,2,58,9,3,0,0,0,0,-1,9,1
53274,73.95547637,18.63221222,10,3,2,3,3,16:50,150,E08000024,3,690,1,70,1,2,3,19,0,0,1,1,2,0,0,2,1,E01008775,15-03-2018,1,1,3,1,21,5,3,5,3,0,0,-1,0,-1
53275,73.88462793,18.61514894,10,3,1,1,6,14:05,147,E08000021,3,695,7,40,0,-1,-1,0,0,0,1,1,1,0,0,1,1,E01008417,25-03-2018,1,1,3,1,16,4,3,9,9,0,0,-1,0,-1
53276,73.89882408,18.50974866,10,3,3,1,2,12:40,150,E08000024,3,1231,6,30,3,4,6,235,0,0,1,1,2,0,0,1,1,E01008700,28-03-2018,2,1,2,2,31,6,3,0,0,1,0,-1,9,-1
53277,73.87300133,18.57614084,10,3,2,3,3,14:25,150,E08000024,4,1287,6,60,0,-1,-1,0,0,0,1,1,1,0,0,1,1,E01008768,15-03-2018,3,1,1,2,31,6,3,0,0,0,0,-1,9,1
53278,73.89884387,18.54819632,10,2,2,1,1,23:50,147,E08000021,5,115,6,30,3,4,6,326,0,0,4,3,2,0,0,1,1,E01008333,27-03-2018,1,1,3,1,38,7,3,5,1,0,0,-1,0,-1
53279,73.75462023,18.63294003,10,3,1,1,2,17:55,150,E08000024,6,235,6,30,3,4,6,235,0,0,1,1,1,0,0,1,1,E01008712,21-03-2018,1,1,3,2,29,6,3,5,9,0,0,-1,0,-1
53280,73.95999449,18.55571451,10,3,2,1,5,15:50,147,E08000021,3,186,6,30,3,4,5,131,0,0,1,1,1,0,0,1,2,E01008390,24-03-2018,1,1,3,2,81,11,2,9,8,0,0,-1,0,-1
53281,73.84840123,18.62422976,10,3,1,1,2,00:10,147,E08000021,3,186,6,30,3,4,4,1307,0,0,4,1,1,0,0,1,1,E01008440,04-04-2018,1,1,3,2,13,3,3,9,8,0,0,-1,0,1
53282,73.7615646,18.6045183,10,3,4,1,6,13:15,147,E08000021,3,1,3,70,0,-1,-1,0,0,0,1,1,1,0,0,1,1,E01008311,25-03-2018,2,1,1,1,18,4,3,0,0,0,0,-1,3,-1
53283,73.80290738,18.59030381,10,3,1,1,1,01:34,147,E08000021,3,186,1,30,1,2,5,141,0,4,4,1,1,0,0,1,1,E01008440,03-04-2018,2,1,1,2,44,7,3,0,0,0,0,-1,9,-1
53284,73.94674904,18.49597069,10,3,2,1,4,14:40,147,E08000021,4,1600,6,30,0,-1,-1,0,0,0,1,1,1,0,0,1,2,E01008440,30-03-2018,1,1,1,1,32,6,3,0,0,0,0,-1,9,-1
53285,73.81250158,18.61102067,10,3,1,3,6,15:05,150,E08000024,5,503,6,30,3,4,5,504,0,0,1,1,1,0,0,1,1,E01008852,25-03-2018,2,2,1,1,43,7,3,0,0,0,0,-1,9,1
53286,73.88250651,18.53546751,10,3,2,2,6,15:20,146,E08000020,4,1296,6,30,6,4,6,426,0,0,1,1,1,0,0,1,1,E01008236,01-04-2018,2,1,1,1,30,6,3,0,0,0,0,-1,1,1
53287,73.82378321,18.61945522,10,3,2,1,6,12:30,150,E08000024,3,1018,6,30,3,4,4,1287,0,0,1,1,1,0,0,1,1,E01008768,25-03-2018,2,1,1,1,46,8,3,0,0,0,0,-1,5,1
53288,73.78226977,18.63864188,10,3,2,2,3,15:00,150,E08000024,3,183,6,30,3,4,6,235,0,0,1,1,2,0,0,1,1,E01008760,22-03-2018,2,1,1,2,39,7,3,0,0,0,0,-1,9,1
53289,73.76667684,18.63396607,10,3,2,1,3,17:45,147,E08000021,3,186,6,30,1,4,5,115,0,0,1,2,2,0,0,1,2,E01008333,29-03-2018,2,1,1,1,21,5,3,0,0,0,0,-1,9,1
53290,73.95694753,18.49254871,10,3,1,1,4,11:57,150,E08000024,6,435,6,30,0,-1,-1,0,0,0,1,1,1,0,0,2,2,E01008771,30-03-2018,1,1,1,2,30,6,3,0,0,0,0,-1,9,-1
53291,73.88316105,18.49795226,10,3,1,2,7,15:12,145,E06000048,3,1068,6,30,0,-1,-1,0,0,0,1,1,1,0,0,2,1,E01027530,02-04-2018,1,1,1,1,18,4,3,0,0,0,0,-1,8,1
53292,73.79573226,18.51807668,10,3,2,7,3,13:44,142,E06000048,3,1172,6,30,1,4,3,1171,0,0,1,1,2,0,0,2,1,E01027409,29-03-2018,2,1,1,2,43,7,3,0,0,0,0,-1,9,-1
53293,73.89531421,18.64176816,10,3,2,1,5,19:38,146,E08000020,5,312,6,50,3,4,5,311,0,0,4,1,1,0,0,2,1,E01008226,31-03-2018,1,1,1,1,27,6,3,0,0,0,0,-1,9,1
53294,73.76118543,18.58519176,10,3,2,3,4,13:43,144,E06000048,3,68,6,60,0,-1,-1,0,0,0,1,1,1,0,0,2,1,E01027506,23-03-2018,2,2,1,1,34,6,3,0,0,0,0,-1,5,1
53295,73.95500974,18.49640518,10,3,2,1,1,12:10,149,E08000023,6,436,2,30,3,4,6,436,0,0,1,1,1,0,0,1,1,E01008593,03-04-2018,1,1,2,2,19,4,3,0,0,2,0,-1,9,1
53296,73.77113737,18.59880526,10,3,2,2,1,17:10,140,E06000048,6,1344,6,30,3,4,6,1344,0,0,1,1,1,0,0,2,2,E01027357,03-04-2018,2,1,1,1,28,6,3,0,0,0,0,-1,1,1
53297,73.73315858,18.59947466,10,3,2,1,3,14:45,150,E08000024,6,5022,6,30,1,4,3,1290,0,0,1,1,2,0,0,1,2,E01008853,29-03-2018,1,1,1,1,40,7,3,0,0,0,0,-1,2,-1
53298,73.90143428,18.61771842,10,3,2,3,7,12:55,144,E06000048,6,8285,6,30,3,4,6,8285,0,0,1,1,1,0,0,1,1,E01027500,02-04-2018,2,1,2,1,50,8,3,0,0,1,0,-1,9,1
53299,73.88741125,18.63895666,10,3,2,1,3,16:20,144,E06000048,4,6309,6,60,0,-1,-1,0,0,0,1,1,2,0,0,2,1,E01027483,29-03-2018,1,1,3,2,58,9,3,5,1,0,0,-1,0,1
53300,73.75252913,18.58345078,10,3,2,1,1,12:45,144,E06000048,6,8285,6,30,3,4,6,8285,0,0,1,1,1,0,0,1,2,E01027500,20-03-2018,2,1,1,1,43,7,3,0,0,0,0,-1,9,-1
53301,73.93501231,18.57212609,10,3,1,1,1,19:34,144,E06000048,4,6306,6,60,0,-1,-1,0,0,0,1,1,1,0,0,2,1,E01027504,03-04-2018,2,1,1,1,41,7,3,0,0,0,0,-1,1,1
53302,73.90616304,18.59004055,10,3,4,5,5,20:20,144,E06000048,3,69,6,60,0,-1,-1,0,0,0,6,1,1,0,0,2,1,E01027484,31-03-2018,2,1,1,1,50,8,3,0,0,0,0,-1,9,1
53303,73.84437199,18.58372006,10,3,2,1,2,10:05,146,E08000020,4,6317,6,30,0,-1,-1,0,0,0,1,2,2,6,0,1,1,E01008263,28-03-2018,2,2,2,1,30,6,3,0,0,1,0,-1,9,1
53304,73.85660019,18.52161506,10,3,2,3,2,10:29,146,E08000020,5,330,6,30,3,4,6,425,0,0,1,1,1,0,0,1,1,E01020611,04-04-2018,1,2,1,2,35,6,3,0,0,0,0,-1,9,1
53305,73.85800369,18.64137265,10,3,3,1,6,12:00,146,E08000020,3,1,3,70,0,-1,-1,0,0,0,1,1,1,0,0,2,1,E01008260,01-04-2018,2,1,1,1,39,7,3,0,0,0,0,-1,9,1
53306,73.88112898,18.64328441,10,3,2,3,3,16:25,149,E08000023,4,1298,6,30,8,4,6,236,0,7,1,1,1,0,0,1,1,E01008668,05-04-2018,1,2,1,1,30,6,3,0,0,0,0,-1,9,1
53307,73.90042326,18.631028,10,3,2,1,4,08:40,150,E08000024,3,1018,6,30,3,4,4,1287,0,4,1,1,1,0,0,1,2,E01008768,23-03-2018,2,1,1,2,19,4,3,0,0,0,0,-1,9,1
53308,73.818063,18.52079079,10,3,2,1,5,17:02,148,E08000022,3,1056,6,60,3,4,4,1322,0,0,1,1,1,0,0,2,1,E01008565,31-03-2018,3,1,1,1,9,2,3,0,0,0,0,-1,1,1
53309,73.94119448,18.59715395,10,3,3,1,3,17:00,147,E08000021,3,191,6,30,3,4,6,226,0,0,1,1,1,0,0,1,1,E01008424,05-04-2018,1,1,1,1,11,3,3,0,0,0,0,-1,1,1
53310,73.85649324,18.59808107,10,3,2,1,4,08:50,147,E08000021,3,167,3,30,1,4,3,1,0,0,1,4,1,0,0,1,2,E01008293,06-04-2018,2,1,1,1,34,6,2,0,0,0,0,-1,3,-1
53311,73.76636419,18.62036652,10,3,1,1,3,02:44,147,E08000021,4,1307,2,30,3,4,6,320,0,0,4,1,1,0,0,1,1,E01008440,22-03-2018,1,1,1,1,22,5,3,0,0,0,0,-1,9,1
53312,73.90493559,18.53095901,10,2,2,1,3,13:20,147,E08000021,4,1600,1,30,1,4,5,322,0,0,1,1,1,4,0,1,2,E01008440,05-04-2018,1,1,1,1,38,7,3,0,0,0,0,-1,19,-1
53313,73.92536628,18.59440685,10,3,2,1,5,07:51,142,E06000048,4,1505,6,30,1,4,3,19,0,0,1,1,1,0,0,2,1,E01027406,07-04-2018,2,2,2,2,52,8,3,0,0,1,0,-1,9,1
53314,73.88364238,18.58136407,10,3,2,1,4,20:45,142,E06000048,3,193,6,30,2,4,6,9702,0,0,4,1,2,0,0,1,1,E01027391,06-04-2018,1,1,2,1,10,2,3,0,0,1,0,-1,9,-1
53315,73.84970941,18.56715593,10,3,2,1,5,07:15,142,E06000048,3,189,3,70,1,4,3,19,0,0,1,1,2,0,0,2,2,E01027436,07-04-2018,2,1,1,2,20,4,3,0,0,0,0,-1,9,1
53316,73.76495029,18.54400027,10,3,1,1,5,01:08,148,E08000022,3,186,6,30,0,-1,-1,0,0,0,4,1,1,0,7,2,1,E01008566,07-04-2018,2,1,1,2,24,5,3,0,0,0,0,-1,9,1
53317,73.94887584,18.58979346,10,3,3,3,5,17:00,148,E08000022,3,1056,6,60,3,4,6,427,0,0,1,1,1,0,0,2,1,E01008577,07-04-2018,2,1,1,2,20,4,3,0,0,0,0,-1,9,1
53318,73.85261824,18.5560036,10,3,1,1,2,09:59,148,E08000022,5,212,6,30,0,-1,-1,0,0,0,1,1,1,0,0,1,2,E01008524,04-04-2018,2,2,2,2,29,6,3,0,0,2,0,-1,9,1
53319,73.73489866,18.49772326,10,2,1,2,6,07:40,150,E08000024,3,1290,6,30,3,4,6,135,0,8,1,1,2,0,0,1,1,E01008854,01-04-2018,2,1,1,1,20,4,2,0,0,0,0,-1,1,1
53320,73.92355268,18.60006731,10,3,1,1,7,15:00,150,E08000024,5,514,6,30,6,4,6,5007,0,8,1,1,1,0,0,1,1,E01008781,02-04-2018,2,1,1,2,43,7,3,0,0,0,0,-1,9,1
53321,73.87406238,18.55832744,10,3,2,1,4,16:34,150,E08000024,4,1294,2,30,0,-1,-1,0,0,0,1,4,2,0,0,1,1,E01008836,16-03-2018,2,1,1,1,35,6,3,0,0,0,0,-1,11,1
53322,73.85562418,18.53489878,10,3,2,1,6,12:50,149,E08000023,6,236,6,30,0,-1,-1,0,0,0,1,1,1,0,0,1,2,E01008664,01-04-2018,2,2,2,1,74,10,3,0,0,0,4,-1,11,-1
53323,73.79423833,18.61854772,10,3,1,1,7,17:05,150,E08000024,6,135,6,30,0,-1,-1,0,0,0,1,1,1,0,0,1,1,E01008840,02-04-2018,1,1,3,2,18,4,3,2,1,0,0,-1,0,-1
53324,73.76094856,18.61913567,10,3,1,1,4,12:30,146,E08000020,6,3049,6,30,6,4,6,326,0,1,1,4,1,0,0,1,1,E01008169,06-04-2018,1,1,1,1,19,4,2,0,0,0,0,-1,9,1
53325,73.74330432,18.48937702,10,3,2,2,4,14:55,142,E06000048,3,192,6,60,1,4,3,192,0,0,1,1,1,0,0,2,1,E01027427,30-03-2018,1,2,2,1,24,5,3,0,0,1,0,-1,9,1
53326,73.82054497,18.61586506,10,3,1,1,2,11:10,149,E08000023,6,4022,6,30,0,-1,-1,0,0,0,1,1,1,0,0,1,1,E01008656,04-04-2018,1,1,3,1,23,5,2,10,9,0,0,-1,0,1
53327,73.945008,18.50616883,10,3,1,1,7,06:37,142,E06000048,3,189,3,70,0,-1,-1,0,0,0,1,1,1,0,0,2,1,E01027427,02-04-2018,1,1,1,2,72,10,3,0,0,0,0,-1,9,1
53328,73.94458573,18.52286709,10,3,1,1,6,19:20,149,E08000023,6,436,6,30,3,4,6,436,0,0,1,1,1,0,0,1,1,E01008609,08-04-2018,1,1,3,1,43,7,3,10,1,0,0,-1,0,-1
53329,73.87962818,18.59552311,10,2,1,1,7,00:35,148,E08000022,3,193,6,30,0,-1,-1,0,0,0,4,1,1,0,0,1,1,E01008571,02-04-2018,1,1,1,1,37,7,3,0,0,0,0,-1,3,-1
53330,73.90618324,18.55498965,10,3,2,2,3,10:30,146,E08000020,6,3106,6,30,6,2,5,326,0,0,1,1,1,0,0,1,2,E01008258,05-04-2018,1,2,2,1,23,5,3,0,0,1,0,-1,3,-1
53331,73.83824864,18.63293115,10,3,2,1,4,20:05,148,E08000022,3,191,1,40,1,4,3,186,0,0,4,2,2,0,0,2,1,E01008501,06-04-2018,1,3,2,1,22,5,3,0,0,2,0,-1,3,1
53332,73.95413785,18.55211587,10,3,2,1,6,23:25,145,E06000048,3,1068,6,30,0,-1,-1,0,0,0,4,2,2,0,0,2,1,E01027520,11-02-2018,2,4,1,1,26,6,3,0,0,0,0,-1,19,1
53333,73.96033366,18.51903422,10,2,1,1,7,04:10,148,E08000022,3,189,1,70,1,4,4,1321,0,0,4,1,1,0,0,2,1,E01008478,09-04-2018,2,5,2,1,40,7,3,0,0,1,0,-1,19,-1
53334,73.78898773,18.56433206,10,2,1,2,5,21:50,144,E06000048,4,6309,6,60,0,-1,-1,0,0,0,6,1,1,0,0,2,1,E01027506,07-04-2018,2,6,2,1,50,8,3,0,0,2,0,-1,19,1
53335,73.81894435,18.51846525,10,3,1,2,2,19:50,148,E08000022,3,191,6,40,0,-1,-1,0,0,0,4,1,1,0,0,2,1,E01008566,04-04-2018,1,1,1,1,18,4,1,0,0,0,0,-1,4,-1
53336,73.80348267,18.56971053,10,3,2,1,3,21:15,148,E08000022,4,1325,6,60,0,-1,-1,0,0,0,6,1,2,0,0,2,2,E01008549,05-04-2018,1,2,2,1,19,4,3,0,0,0,0,-1,4,-1
53337,73.8059139,18.57276463,10,3,3,1,5,18:20,147,E08000021,5,110,6,30,3,4,5,110,0,0,1,1,1,0,0,1,1,E01008385,07-04-2018,1,1,3,1,8,2,3,5,2,0,0,-1,0,-1
53338,73.77235213,18.59839585,10,3,1,1,3,12:00,147,E08000021,3,186,6,30,0,-1,-1,0,0,0,1,1,1,0,0,1,2,E01008449,05-04-2018,2,1,1,2,47,8,3,0,0,0,0,-1,9,1
53339,73.91689651,18.59442278,10,3,2,1,7,12:12,150,E08000024,3,690,6,40,3,4,6,435,0,0,1,1,1,0,0,1,1,E01008824,09-04-2018,2,1,1,2,20,4,3,0,0,0,0,-1,19,-1
53340,73.76746034,18.51561009,10,3,1,1,4,18:05,145,E06000048,6,6510,6,30,9,4,6,6510,0,0,1,1,1,0,0,1,2,E01027527,06-04-2018,1,1,1,1,18,4,3,0,0,0,0,-1,9,1
53341,73.8852555,18.53396128,10,3,2,1,6,23:50,147,E08000021,5,131,6,30,6,4,6,426,0,0,4,1,1,0,0,1,2,E01008426,01-04-2018,2,2,1,1,35,6,3,0,0,0,0,-1,9,1
53342,73.74861145,18.60158193,10,3,3,1,6,07:56,150,E08000024,6,5062,6,40,3,4,6,435,0,0,1,1,1,0,0,1,1,E01008809,08-04-2018,2,1,2,1,51,8,3,0,0,1,0,-1,8,1
53343,73.80492427,18.48964315,10,3,1,1,5,19:50,141,E06000048,3,697,6,60,0,-1,-1,0,0,0,6,5,2,0,0,2,1,E01027381,07-04-2018,2,2,2,2,49,8,3,0,0,2,0,-1,8,1
53344,73.80125392,18.500412,10,3,2,1,5,13:40,146,E08000020,4,6317,1,60,1,4,3,695,0,0,1,1,1,0,0,1,1,E01008177,31-03-2018,2,1,1,2,44,7,3,0,0,0,0,-1,9,1
53345,73.93827631,18.49476505,10,3,2,1,7,15:35,147,E08000021,5,103,6,30,3,4,6,126,0,0,1,1,1,0,0,1,1,E01008336,09-04-2018,2,2,2,1,39,7,3,0,0,1,0,-1,9,1
53346,73.85812057,18.51584884,10,3,2,2,1,17:50,147,E08000021,3,186,1,30,2,4,5,115,0,0,1,1,1,0,0,1,2,E01008449,10-04-2018,2,3,2,2,38,7,3,0,0,2,0,-1,9,1
53347,73.7930615,18.5751139,10,3,2,1,5,07:10,142,E06000048,3,189,3,70,1,4,3,19,0,0,1,1,1,0,0,2,2,E01027436,07-04-2018,1,2,1,2,43,7,3,0,0,0,0,-1,9,1
53348,73.87232995,18.56522012,10,3,2,1,3,13:00,148,E08000022,6,427,6,30,0,-1,-1,0,0,0,1,1,1,0,0,2,2,E01008478,05-04-2018,2,1,1,1,29,6,3,0,0,0,0,-1,4,1
53349,73.89048391,18.50787054,10,3,2,1,5,17:12,146,E08000020,6,3032,2,30,0,-1,-1,0,0,0,1,1,1,0,0,1,2,E01008168,31-03-2018,2,1,1,2,34,6,3,0,0,0,0,-1,9,1
53350,73.86213982,18.59055057,10,3,2,1,1,11:50,150,E08000024,6,345,6,30,6,4,6,345,0,0,1,1,1,0,0,1,1,E01008766,20-03-2018,1,1,1,1,29,6,3,0,0,0,0,-1,9,-1
53351,73.77781839,18.63846993,10,3,1,1,3,13:24,150,E08000024,3,183,6,30,3,4,6,235,0,1,1,2,2,0,0,1,1,E01008833,29-03-2018,1,2,2,2,28,6,2,0,0,1,0,-1,9,-1
53352,73.87783587,18.52654365,10,3,2,2,6,14:45,150,E08000024,3,19,3,70,0,-1,-1,0,0,0,1,1,1,0,0,2,1,E01008798,08-04-2018,1,1,1,1,14,3,3,0,0,0,0,-1,1,1
53353,73.933888,18.62749204,10,2,2,1,3,08:18,147,E08000021,3,695,6,40,0,-1,-1,0,0,0,1,1,2,0,0,1,1,E01008291,05-04-2018,1,1,1,1,62,9,3,0,0,0,0,-1,9,1
53354,73.94408371,18.50951416,10,3,3,1,2,16:20,149,E08000023,3,1300,6,30,1,4,5,409,0,0,1,1,1,0,0,1,1,E01008626,11-04-2018,2,1,1,2,35,6,3,0,0,0,0,-1,9,1
53355,73.76132294,18.60546034,10,2,2,2,4,16:30,150,E08000024,3,1231,3,70,0,-1,-1,0,0,0,1,4,1,0,0,2,1,E01008850,16-03-2018,3,2,1,2,50,8,3,0,0,0,0,-1,9,1
53356,73.85860262,18.52986513,10,3,1,2,6,11:55,149,E08000023,4,1298,6,30,3,4,6,436,0,0,1,1,1,0,0,1,1,E01008590,01-04-2018,1,1,1,2,18,4,3,0,0,0,0,-1,9,1
53357,73.90419349,18.53396517,10,3,3,1,7,18:02,146,E08000020,4,6316,6,30,0,-1,-1,0,0,0,1,1,1,0,0,2,1,E01008272,05-03-2018,1,1,3,1,13,3,2,5,1,0,0,-1,0,-1
53358,73.87832936,18.625129,10,3,1,1,7,00:30,150,E08000024,5,507,6,30,0,-1,-1,0,0,0,4,9,1,0,0,1,2,E01008697,26-03-2018,1,1,3,1,13,3,2,5,1,0,0,-1,0,1
53359,73.89212648,18.58585456,10,3,2,1,7,20:30,150,E08000024,3,1018,6,30,0,-1,-1,0,0,0,4,1,1,0,0,1,2,E01008703,09-04-2018,2,1,1,1,53,8,2,0,0,0,0,-1,5,1
53360,73.73438418,18.64202244,10,3,1,1,1,11:40,147,E08000021,6,126,6,30,0,-1,-1,0,0,0,1,1,1,0,6,1,1,E01008300,10-04-2018,2,1,1,1,36,7,2,0,0,0,0,-1,5,1
53361,73.74542914,18.5545806,10,3,2,1,4,15:45,150,E08000024,5,551,6,30,3,4,6,235,0,0,1,1,1,0,0,1,2,E01008818,06-04-2018,2,1,1,1,21,5,3,0,0,0,0,-1,9,1