Accident_Index,longitude,latitude,Police_Force,Accident_Severity,Number_of_Vehicles,Number_of_Casualties,Day_of_Week,Time,Local_Authority_(District),Local_Authority_(Highway),1st_Road_Class,1st_Road_Number,Road_Type,Speed_limit,Junction_Detail,Junction_Control,2nd_Road_Class,2nd_Road_Number,Pedestrian_Crossing-Human_Control,Pedestrian_Crossing-Physical_Facilities,Light_Conditions,Weather_Conditions,Road_Surface_Conditions,Special_Conditions_at_Site,Carriageway_Hazards,Urban_or_Rural_Area,Did_Police_Officer_Attend_Scene_of_Accident,LSOA_of_Accident_Location,Date,Vehicle_Reference,Casualty_Reference,Casualty_Class,Sex_of_Casualty,Age_of_Casualty,Age_Band_of_Casualty,Casualty_Severity,Pedestrian_Location,Pedestrian_Movement,Car_Passenger,Bus_or_Coach_Passenger,Pedestrian_Road_Maintenance_Worker,Casualty_Type,Casualty_Home_Area_Type
53480,73.92408433,18.55617506,10,3,1,2,2,15:55,142,E06000048,3,193,6,30,2,4,6,0,1,4,1,1,2,0,0,1,1,E01027441,18-04-2018,1,1,1,1,17,4,3,0,0,0,0,-1,9,-1
53481,73.81087624,18.64019904,10,3,2,3,7,13:43,142,E06000048,4,1326,6,30,3,4,6,0,0,8,1,1,1,0,0,1,1,E01027409,16-04-2018,1,1,3,1,70,10,3,5,2,0,0,-1,0,1
53482,73.89516394,18.55335435,10,3,1,1,3,15:30,145,E06000048,4,1331,6,30,3,4,6,6539,0,0,1,1,1,0,0,1,2,E01027522,19-04-2018,1,1,3,1,11,3,2,9,5,0,0,-1,0,-1
53483,73.77642226,18.6222123,10,3,2,4,3,18:05,145,E06000048,3,193,6,30,1,4,3,1068,0,1,1,1,1,0,0,1,2,E01027514,19-04-2018,1,1,3,1,45,7,3,10,3,0,0,-1,0,-1
53484,73.84183478,18.64178715,10,3,1,1,5,11:45,146,E08000020,3,184,3,30,0,-1,-1,0,0,0,1,1,1,0,0,1,1,E01008168,14-04-2018,2,1,1,1,21,5,3,0,0,0,0,-1,9,1
53485,73.86815556,18.54444059,10,3,1,1,4,18:57,147,E08000021,3,167,3,40,1,2,6,126,0,4,1,1,1,0,0,1,1,E01008295,06-04-2018,3,2,1,2,29,6,3,0,0,0,0,-1,9,1
53486,73.7504807,18.51033093,10,3,2,3,5,12:40,147,E08000021,6,326,6,30,3,4,6,326,0,0,1,1,1,0,0,1,1,E01008438,07-04-2018,1,1,3,1,8,2,3,4,3,0,0,-1,0,1
53487,73.75105422,18.57216489,10,3,2,1,7,14:40,143,E06000048,5,341,6,60,0,-1,-1,0,0,0,1,8,2,0,0,2,1,E01027472,15-01-2018,1,1,1,2,34,6,3,0,0,0,0,-1,9,1
53488,73.90041704,18.64663862,10,2,1,2,4,06:15,149,E08000023,5,412,6,30,6,4,3,1018,0,0,1,1,1,0,0,1,1,E01008668,20-04-2018,2,2,1,1,31,6,3,0,0,0,0,-1,5,1
53489,73.92805809,18.50655186,10,3,1,1,3,12:15,147,E08000021,3,186,2,30,0,-1,-1,0,0,0,1,1,1,0,0,1,1,E01008440,12-04-2018,1,1,3,1,13,3,3,4,1,0,0,-1,0,1
53490,73.8184513,18.52170308,10,3,2,2,4,16:15,150,E08000024,6,5049,6,30,3,4,6,345,0,0,1,1,1,0,0,1,2,E01008779,20-04-2018,1,1,3,2,12,3,3,8,1,0,0,-1,0,-1
53491,73.88499826,18.59751324,10,3,2,1,5,07:50,145,E06000048,5,404,6,30,3,4,6,6535,0,0,1,1,1,0,0,2,2,E01027553,21-04-2018,1,1,1,1,34,6,3,0,0,0,0,-1,19,1
53492,73.92552195,18.52671101,10,3,2,1,6,20:25,147,E08000021,3,191,6,30,6,2,3,191,0,5,4,2,2,0,0,1,2,E01008356,15-04-2018,2,2,1,1,40,7,3,0,0,0,0,-1,19,-1
53493,73.86659493,18.58279635,10,3,1,1,7,23:26,148,E08000022,5,206,6,30,3,4,6,437,0,1,4,1,1,0,0,1,1,E01008588,16-04-2018,2,3,2,1,26,6,3,0,0,1,0,-1,19,1
53494,73.89776987,18.63670798,10,3,2,1,7,14:50,147,E08000021,5,121,6,30,3,2,3,189,0,0,1,1,1,0,0,1,2,E01008422,16-04-2018,1,1,1,1,33,6,3,0,0,0,0,-1,19,1
53495,73.81218548,18.51093427,10,3,2,1,4,10:10,147,E08000021,3,167,3,70,1,4,3,1,0,0,1,1,2,0,0,1,1,E01008293,06-04-2018,1,1,3,2,13,3,3,5,1,0,0,-1,0,1
53496,73.94820348,18.61328098,10,3,1,1,5,16:20,148,E08000022,6,236,2,30,0,-1,-1,0,0,0,1,1,1,0,0,1,2,E01008524,17-03-2018,1,1,3,2,11,3,3,5,1,0,0,-1,0,-1
53497,73.78092577,18.537125,10,3,2,1,2,16:30,149,E08000023,3,194,1,30,1,4,3,19,0,0,1,1,1,0,0,1,2,E01008662,18-04-2018,2,1,1,2,21,5,3,0,0,0,0,-1,9,1
53498,73.92829043,18.52668877,10,3,2,1,4,18:59,147,E08000021,5,104,6,30,8,4,6,0,0,0,1,1,1,0,0,1,1,E01008352,20-04-2018,1,1,1,1,19,4,2,0,0,0,0,-1,3,1
53499,73.74640526,18.55838816,10,3,1,1,5,15:20,147,E08000021,3,191,6,30,3,4,6,1029,1,0,1,1,1,0,0,1,1,E01008354,21-04-2018,1,1,1,2,22,5,3,0,0,0,0,-1,9,1
53500,73.73902261,18.51698158,10,3,2,1,5,08:50,147,E08000021,3,1058,7,30,5,4,3,1058,0,0,1,2,2,0,0,1,1,E01008318,03-03-2018,2,2,2,2,24,5,3,0,0,1,0,-1,9,1
53501,73.8425656,18.56066298,10,3,2,2,7,14:00,147,E08000021,3,188,6,30,1,4,3,191,0,0,1,1,1,0,0,1,2,E01008469,16-04-2018,1,1,1,2,33,6,3,0,0,0,0,-1,9,1
53502,73.73490671,18.52589362,10,3,1,1,5,15:13,147,E08000021,6,1020,6,30,0,-1,-1,0,0,0,1,1,1,0,0,1,1,E01008420,03-03-2018,2,2,1,1,37,7,3,0,0,0,0,-1,19,1
53503,73.74873426,18.53221816,10,3,2,1,4,10:30,147,E08000021,4,1600,6,30,3,4,4,6330,0,0,1,1,1,0,0,1,2,E01008440,23-03-2018,2,1,1,1,28,6,3,0,0,0,0,-1,1,-1
53504,73.88949077,18.64051544,10,3,2,1,6,15:40,149,E08000023,6,446,6,30,6,4,6,446,0,0,1,1,1,0,0,1,1,E01008687,22-04-2018,1,1,3,2,12,3,3,10,2,0,0,-1,0,-1
53505,73.81922236,18.53125951,10,3,2,3,5,11:35,147,E08000021,4,1307,6,30,6,2,4,1311,0,0,1,1,1,0,0,1,1,E01008397,21-04-2018,2,1,1,1,22,5,2,0,0,0,0,-1,1,-1
53506,73.82308427,18.51639447,10,2,1,2,5,14:30,147,E08000021,3,167,6,40,0,-1,-1,0,0,0,1,1,1,0,0,1,1,E01008440,21-04-2018,1,1,1,1,18,4,2,0,0,0,0,-1,2,1
53507,73.87776737,18.52049906,10,3,2,1,7,12:15,149,E08000023,5,402,6,30,3,4,6,236,0,0,1,1,1,0,0,1,1,E01008671,23-04-2018,1,1,2,2,16,4,3,0,0,1,0,-1,9,1
53508,73.9517824,18.54939427,10,3,1,1,6,08:45,148,E08000022,3,193,6,30,3,4,6,2004,0,4,1,1,1,0,0,1,1,E01008572,22-04-2018,1,2,1,1,18,4,3,0,0,0,0,-1,9,1
53509,73.75378851,18.55282238,10,3,2,3,4,19:05,147,E08000021,5,117,6,30,3,4,6,326,0,0,1,1,1,0,0,1,1,E01008399,20-04-2018,1,3,2,2,18,4,3,0,0,1,0,-1,9,1
53510,73.75390998,18.58737785,10,3,3,1,7,19:10,149,E08000023,5,409,6,40,3,4,3,1018,0,0,1,1,1,0,0,2,1,E01008619,23-04-2018,1,4,2,1,18,4,3,0,0,2,0,-1,9,1
53511,73.74543594,18.57761435,10,3,2,1,1,11:56,146,E08000020,3,694,1,30,1,4,4,6317,0,0,1,1,1,0,0,2,1,E01008181,24-04-2018,3,1,1,2,52,8,3,0,0,0,0,-1,9,1
53512,73.7712096,18.54812759,10,3,2,1,1,11:50,150,E08000024,3,183,6,30,3,4,6,5000,0,1,1,1,1,0,0,1,2,E01008732,24-04-2018,2,1,1,2,32,6,3,0,0,0,0,-1,9,1
53513,73.8644887,18.57034628,10,3,4,1,1,15:45,149,E08000023,3,183,6,30,3,4,4,1299,0,4,1,1,1,0,0,1,1,E01008687,24-04-2018,1,1,1,1,19,4,3,0,0,0,0,-1,1,-1
53514,73.81529096,18.6030608,10,3,3,1,1,15:01,146,E08000020,6,3037,6,30,0,-1,-1,0,0,0,1,1,1,0,0,1,1,E01008192,24-04-2018,1,1,1,1,23,5,3,0,0,0,0,-1,1,1
53515,73.82384183,18.59638249,10,3,2,1,6,16:10,147,E08000021,3,186,3,40,6,2,6,126,0,0,1,1,1,0,0,1,2,E01008416,22-04-2018,2,1,1,1,48,8,3,0,0,0,0,-1,8,1
53516,73.7382099,18.59556959,10,3,2,1,1,09:52,150,E08000024,3,690,3,30,3,4,6,5008,0,8,1,1,1,0,0,1,1,E01008835,24-04-2018,1,1,1,1,17,4,3,0,0,0,0,-1,1,1
53517,73.7770298,18.5199669,10,3,1,2,6,16:03,147,E08000021,5,129,6,30,0,-1,-1,0,0,0,1,1,1,0,0,1,1,E01008428,22-04-2018,3,1,1,2,21,5,3,0,0,0,0,-1,9,1
53518,73.73809077,18.57538657,10,3,2,2,7,17:36,140,E06000048,3,1068,6,30,3,4,6,3145,0,0,1,1,1,0,0,2,1,E01027358,23-04-2018,2,1,1,2,36,7,3,0,0,0,0,-1,9,1
53519,73.78495405,18.50971318,10,3,3,2,4,20:26,145,E06000048,3,197,6,60,0,-1,-1,0,0,0,6,1,1,0,7,2,1,E01027525,20-04-2018,1,1,1,1,39,7,3,0,0,0,0,-1,9,1
53520,73.94568113,18.52776852,10,3,3,2,1,18:15,147,E08000021,6,426,6,30,0,-1,-1,0,0,0,1,1,1,0,0,1,1,E01008432,17-04-2018,1,1,3,2,12,3,3,8,1,0,0,-1,0,-1
53521,73.90086644,18.49631492,10,3,2,2,5,12:25,145,E06000048,3,193,6,30,3,4,6,6546,0,0,1,1,1,0,0,1,1,E01027514,21-04-2018,1,1,1,2,27,6,3,0,0,0,0,-1,9,1
53522,73.9054903,18.50168547,10,3,2,2,5,13:05,145,E06000048,6,6703,6,30,8,4,6,0,0,0,1,1,1,0,0,1,2,E01027533,21-04-2018,2,2,1,2,39,7,3,0,0,0,0,-1,9,1
53523,73.821695,18.58592082,10,2,2,1,6,23:37,148,E08000022,3,193,6,30,3,4,5,219,0,0,4,1,1,0,0,1,1,E01008543,22-04-2018,2,1,1,1,42,7,3,0,0,0,0,-1,3,1
53524,73.79920159,18.60509887,10,3,2,2,2,18:50,150,E08000024,4,1404,6,60,8,4,6,234,0,0,1,1,1,0,0,2,1,E01008719,18-04-2018,1,1,1,1,36,7,3,0,0,0,0,-1,9,-1
53525,73.90177464,18.54417373,10,3,2,1,4,17:02,145,E06000048,4,1334,6,30,3,4,6,6514,0,0,1,1,1,0,0,1,1,E01027532,20-04-2018,2,2,2,2,36,7,3,0,0,1,0,-1,9,1
53526,73.84446765,18.51863106,10,3,1,1,7,22:30,145,E06000048,5,399,6,30,6,2,3,196,0,5,4,1,1,0,0,1,1,E01027528,23-04-2018,1,1,1,2,28,6,3,0,0,0,0,-1,9,1
53527,73.76988465,18.62203755,10,3,2,2,1,11:19,149,E08000023,3,194,3,40,1,4,3,1300,0,7,1,1,1,0,0,1,1,E01008602,24-04-2018,1,1,1,2,36,7,3,0,0,0,0,-1,9,1
53528,73.75570501,18.49983002,10,3,1,1,2,15:00,150,E08000024,3,183,6,60,1,4,6,335,0,8,1,2,2,0,0,2,1,E01008798,18-04-2018,1,2,2,2,31,6,3,0,0,1,0,-1,9,1
53529,73.79551947,18.49634783,10,3,3,1,2,17:14,148,E08000022,3,191,6,40,0,-1,-1,0,0,0,1,1,1,0,0,2,1,E01008503,25-04-2018,2,3,1,2,48,8,3,0,0,0,0,-1,9,-1
53530,73.80265169,18.61148899,10,3,1,2,1,13:08,145,E06000048,6,6703,6,30,6,4,6,6707,0,0,1,1,1,0,0,1,1,E01027546,24-04-2018,1,1,2,1,18,4,3,0,0,1,0,-1,9,1
53531,73.74276374,18.49655265,10,3,1,1,7,12:20,147,E08000021,4,1313,6,30,3,4,6,426,0,1,1,1,1,0,0,1,1,E01008388,23-04-2018,3,1,1,2,44,7,3,0,0,0,0,-1,9,1
53532,73.77999239,18.49198587,10,3,1,1,1,13:52,148,E08000022,3,186,6,30,0,-1,-1,0,0,0,5,1,1,0,0,1,1,E01008565,24-04-2018,2,1,1,1,45,7,3,0,0,0,0,-1,9,1
53533,73.93946269,18.56790254,10,3,1,2,5,14:54,146,E08000020,3,1,7,60,5,4,4,6317,0,0,1,1,1,0,0,1,1,E01008262,21-04-2018,1,1,1,1,28,6,3,0,0,0,0,-1,9,1
53534,73.73860407,18.63843705,10,3,2,3,5,13:56,147,E08000021,4,1312,6,30,3,2,6,426,0,4,1,1,1,0,0,1,1,E01008304,21-04-2018,2,2,1,1,18,4,3,0,0,0,0,-1,9,1
53535,73.78869997,18.55922913,10,3,2,2,1,16:27,142,E06000048,3,1172,3,40,1,4,6,9705,0,0,1,1,1,0,0,2,1,E01027412,24-04-2018,2,3,2,1,18,4,3,0,0,2,0,-1,9,1
53536,73.87604568,18.5605869,10,3,1,1,6,09:13,148,E08000022,4,1316,6,30,3,4,6,136,0,4,1,1,1,0,0,1,1,E01008490,22-04-2018,2,4,2,1,18,4,3,0,0,1,0,-1,9,1
53537,73.88969148,18.63206288,10,3,2,1,7,13:30,147,E08000021,3,186,6,30,0,-1,-1,0,0,0,1,1,1,0,0,1,1,E01008440,23-04-2018,1,1,1,1,70,10,3,0,0,0,0,-1,90,1
53538,73.89598454,18.5296336,10,3,2,1,1,13:00,148,E08000022,3,186,6,30,8,4,6,337,0,0,1,1,1,0,0,1,1,E01008565,24-04-2018,1,2,3,2,44,7,3,10,9,0,0,-1,0,1
53539,73.87143693,18.58186981,10,3,2,1,6,13:45,150,E08000024,3,690,3,50,6,4,5,517,0,0,1,1,1,0,0,2,2,E01008720,22-04-2018,2,1,1,1,38,7,3,0,0,0,0,-1,9,1
53540,73.78154306,18.56063512,10,3,3,3,6,10:54,145,E06000048,6,6704,6,30,3,4,6,6515,0,0,1,1,1,0,0,1,1,E01027533,15-04-2018,1,1,1,1,16,4,3,0,0,0,0,-1,9,1
53541,73.94814065,18.54130708,10,3,2,1,6,19:30,148,E08000022,3,19,3,70,3,4,3,1056,0,0,1,1,1,0,0,2,1,E01008504,22-04-2018,1,1,3,1,68,10,3,5,1,0,0,-1,0,-1
53542,73.80670094,18.62360344,10,3,2,2,5,15:23,145,E06000048,3,193,6,30,0,-1,-1,0,0,0,1,1,1,0,0,1,1,E01027515,21-04-2018,1,1,1,1,13,3,3,0,0,0,0,-1,1,1
53543,73.86829795,18.61856837,10,3,1,2,5,17:27,143,E06000048,5,125,6,60,3,4,5,124,0,0,1,1,1,0,0,2,1,E01027463,21-04-2018,1,1,3,2,14,3,3,5,1,0,0,-1,0,1
53544,73.81264588,18.5693283,10,3,2,1,4,17:30,148,E08000022,3,19,3,70,1,4,3,19,0,0,1,1,1,0,0,2,2,E01008582,20-04-2018,1,1,3,2,11,3,3,5,2,0,0,-1,0,1
53545,73.76573403,18.54386187,10,3,1,1,7,19:30,149,E08000023,6,336,6,30,3,4,6,336,0,0,4,1,1,0,0,1,2,E01008663,19-03-2018,1,1,1,1,63,9,3,0,0,0,0,-1,9,-1
53546,73.80682873,18.59574673,10,3,2,4,3,11:00,140,E06000048,3,1068,6,30,3,4,6,3125,0,0,1,2,2,0,0,2,1,E01027358,26-04-2018,2,2,1,1,44,7,3,0,0,0,0,-1,9,1
53547,73.76152921,18.54410192,10,3,2,1,6,13:58,147,E08000021,3,1,7,60,5,4,3,1,0,0,1,1,1,0,0,2,1,E01008415,22-04-2018,1,2,1,1,32,6,3,0,0,0,0,-1,9,1
53548,73.81719118,18.61884053,10,3,2,2,3,11:40,150,E08000024,6,5060,6,60,0,-1,-1,0,0,0,1,2,2,6,0,2,1,E01008785,26-04-2018,2,1,1,1,61,9,3,0,0,0,0,-1,9,1
53549,73.83809719,18.61666767,10,3,2,3,2,22:45,147,E08000021,4,1307,6,30,6,2,4,1311,0,4,4,1,1,0,0,1,1,E01008397,25-04-2018,1,1,1,2,30,6,3,0,0,0,0,-1,9,1
53550,73.90901558,18.60671574,10,3,1,1,2,08:10,150,E08000024,4,1287,6,60,0,-1,-1,0,0,0,1,1,1,0,0,2,1,E01008768,25-04-2018,2,2,1,2,65,9,3,0,0,0,0,-1,9,1
53551,73.80180515,18.5675298,10,3,2,1,6,14:50,149,E08000023,3,194,3,70,0,-1,-1,0,0,0,1,1,1,4,0,1,2,E01008631,22-04-2018,2,1,1,1,27,6,3,0,0,0,0,-1,9,1
53552,73.73910487,18.63484037,10,3,2,1,7,14:25,150,E08000024,6,5004,6,30,3,4,6,235,0,0,1,1,1,0,0,2,2,E01008810,23-04-2018,2,2,2,2,17,4,3,0,0,2,0,-1,9,1
53553,73.79518362,18.64119231,10,3,2,1,2,16:10,142,E06000048,3,192,6,60,1,4,3,1061,0,0,1,1,1,0,0,2,1,E01027433,25-04-2018,2,3,2,2,16,4,3,0,0,1,0,-1,9,1
53554,73.84917656,18.56944451,10,3,4,2,4,13:30,142,E06000048,3,1061,6,50,0,-1,-1,0,0,0,1,1,1,0,2,2,1,E01027426,20-04-2018,1,1,1,1,37,7,3,0,0,0,0,-1,9,-1
53555,73.78295452,18.56766634,10,3,1,1,3,15:29,147,E08000021,6,126,6,30,9,4,6,126,0,0,1,1,2,0,0,1,1,E01008338,26-04-2018,2,1,1,2,33,6,3,0,0,0,0,-1,9,1
53556,73.86650398,18.50177689,10,3,2,2,1,13:09,149,E08000023,3,194,3,40,1,1,3,19,0,0,1,1,1,0,0,1,1,E01008602,24-04-2018,1,1,1,2,20,4,3,0,0,0,0,-1,9,1
53557,73.74462678,18.58511436,10,3,2,1,4,15:30,146,E08000020,6,3052,6,30,0,-1,-1,0,0,0,1,1,1,4,0,1,1,E01008166,13-04-2018,2,2,1,1,34,6,3,0,0,0,0,-1,9,1
53558,73.77422864,18.53798863,10,3,2,2,2,13:30,146,E08000020,3,167,6,30,3,4,6,426,0,0,1,1,1,0,0,1,1,E01008237,25-04-2018,2,1,1,2,42,7,3,0,0,0,0,-1,9,-1
53559,73.95273633,18.53262839,10,2,2,1,3,06:50,147,E08000021,4,1311,6,30,6,2,4,1305,0,5,1,1,1,0,0,1,2,E01008290,19-04-2018,2,1,1,1,24,5,3,0,0,0,0,-1,19,3
53560,73.90058891,18.52231389,10,3,2,1,3,10:45,148,E08000022,3,19,7,60,1,4,3,186,0,0,1,2,2,0,0,2,1,E01008566,26-04-2018,3,1,1,2,38,7,3,0,0,0,0,-1,9,1
53561,73.7347492,18.56885292,10,3,1,1,1,04:13,146,E08000020,3,184,7,60,5,4,3,1,0,0,4,1,2,0,0,1,1,E01008259,17-04-2018,6,2,1,2,19,4,3,0,0,0,0,-1,9,1
53562,73.87422712,18.5591671,10,3,2,1,6,15:30,146,E08000020,3,1,7,60,1,4,3,694,0,0,1,1,1,0,0,2,2,E01008181,22-04-2018,2,1,1,1,45,7,3,0,0,0,0,-1,9,1
53563,73.73677803,18.58069189,10,3,2,2,7,18:55,142,E06000048,6,9702,6,30,3,4,6,9504,0,0,1,1,1,0,0,1,1,E01027423,09-04-2018,1,1,3,2,20,4,3,4,3,0,0,-1,0,1
53564,73.95746606,18.492188,10,3,2,3,3,15:55,143,E06000048,5,115,6,60,6,4,5,117,0,0,1,1,1,0,0,2,1,E01027444,12-04-2018,1,1,1,2,30,6,3,0,0,0,0,-1,9,1
53565,73.74463497,18.55636073,10,3,1,1,6,15:25,147,E08000021,4,1311,6,30,0,-1,-1,0,0,0,1,1,1,0,0,1,1,E01008439,22-04-2018,2,2,1,1,39,7,3,0,0,0,0,-1,9,1
53566,73.7989287,18.63822816,10,3,1,1,7,01:46,142,E06000048,3,189,3,70,5,4,3,189,0,0,4,5,5,0,0,2,1,E01027424,16-04-2018,2,3,2,2,47,8,3,0,0,2,0,-1,9,1
53567,73.89879583,18.5669748,10,3,3,1,6,13:45,146,E08000020,3,184,3,40,0,-1,-1,0,0,0,1,1,1,0,0,1,1,E01008215,22-04-2018,2,1,1,1,34,6,3,0,0,0,0,-1,5,1
53568,73.95504711,18.64396928,10,3,3,2,4,16:58,148,E08000022,3,1,7,60,0,-1,-1,0,0,0,1,1,1,0,0,2,1,E01008582,27-04-2018,1,1,2,1,20,4,3,0,0,1,0,-1,9,-1
53569,73.90749039,18.53390695,10,3,1,1,4,16:10,146,E08000020,4,6317,6,30,0,-1,-1,0,0,0,1,1,1,0,0,1,1,E01008262,20-04-2018,2,1,1,1,40,7,3,0,0,0,0,-1,9,1
53570,73.90306137,18.62446686,10,3,2,2,2,15:40,148,E08000022,6,2003,6,30,1,4,6,2013,0,0,1,1,1,0,0,1,2,E01008468,25-04-2018,2,1,1,1,19,4,3,0,0,0,0,-1,1,1
53571,73.78927563,18.52867555,10,3,2,1,7,15:37,147,E08000021,4,1318,6,30,3,2,6,126,0,4,1,1,1,0,0,1,1,E01008419,23-04-2018,2,1,1,1,23,5,3,0,0,0,0,-1,9,1
53572,73.80156289,18.60358799,10,3,1,1,7,02:30,147,E08000021,3,186,6,20,6,2,5,322,0,0,4,1,1,0,0,1,1,E01008440,23-04-2018,2,2,2,1,29,6,3,0,0,2,0,-1,9,1
53573,73.91227755,18.50957674,10,3,1,1,2,14:50,149,E08000023,3,1300,2,30,3,4,6,436,0,0,1,1,1,0,0,1,1,E01008681,25-04-2018,2,1,1,1,40,7,3,0,0,0,0,-1,1,1
53574,73.74917642,18.60751645,10,3,1,1,5,14:45,147,E08000021,5,144,6,30,6,2,5,141,0,5,1,1,1,0,0,1,1,E01008440,21-04-2018,1,1,3,2,48,8,2,5,1,0,0,-1,0,1
53575,73.92326614,18.50539433,10,3,2,2,3,13:30,150,E08000024,3,1231,6,30,1,4,3,1231,0,0,1,1,1,0,0,1,1,E01008700,19-04-2018,1,1,1,2,28,6,3,0,0,0,0,-1,9,1
53576,73.88089392,18.53419229,10,3,2,1,4,19:15,149,E08000023,3,183,6,40,0,-1,-1,0,0,0,1,1,1,0,0,2,2,E01008685,27-04-2018,2,2,1,2,61,9,3,0,0,0,0,-1,9,1
53577,73.95245825,18.52725726,10,3,3,1,4,13:21,146,E08000020,2,194,3,70,5,4,3,195,0,0,1,1,1,0,0,2,2,E01008283,27-04-2018,3,3,1,1,52,8,3,0,0,0,0,-1,9,-1
53578,73.86318957,18.50844176,10,3,2,1,1,16:30,143,E06000048,4,6309,6,60,0,-1,-1,0,0,0,1,1,1,0,0,2,1,E01027472,24-04-2018,1,1,2,2,17,4,2,0,0,1,0,-1,9,-1
53579,73.79910863,18.50912746,10,3,2,2,3,09:47,148,E08000022,6,226,6,30,3,4,6,226,0,0,1,2,2,0,0,1,1,E01008514,26-04-2018,1,2,2,1,18,4,2,0,0,2,0,-1,9,-1
53580,73.81268535,18.56884478,10,2,4,6,4,13:20,146,E08000020,2,194,3,70,5,4,3,195,0,0,1,1,1,0,0,2,1,E01008283,27-04-2018,1,3,2,1,21,5,3,0,0,2,0,-1,9,-1
53581,73.87733909,18.52771563,10,3,1,1,4,15:30,149,E08000023,6,436,6,30,3,4,6,436,0,0,1,1,1,0,0,1,2,E01008607,27-04-2018,1,4,2,2,19,4,3,0,0,2,0,-1,9,1
53582,73.83594909,18.61850882,10,3,2,1,4,07:12,146,E08000020,4,1295,6,30,3,4,6,225,0,0,1,1,2,0,0,1,1,E01008224,20-04-2018,2,1,1,1,42,7,3,0,0,0,0,-1,9,1
53583,73.94299584,18.62006791,10,3,2,2,4,15:40,148,E08000022,3,192,6,30,3,3,6,337,0,0,1,1,1,0,0,1,2,E01008564,20-04-2018,1,1,2,1,4,1,3,0,0,2,0,-1,9,-1
53584,73.91863448,18.60994962,10,3,2,1,4,16:55,147,E08000021,4,1309,6,30,1,4,3,193,0,0,1,1,1,0,0,1,2,E01008440,27-04-2018,1,2,2,1,4,1,3,0,0,2,0,-1,9,-1
53585,73.88739754,18.55710279,10,3,1,1,5,13:00,147,E08000021,6,426,6,30,0,-1,-1,0,0,0,1,1,1,0,0,1,1,E01008303,28-04-2018,1,1,1,1,20,4,3,0,0,0,0,-1,3,1
53586,73.94927205,18.57764053,10,2,1,1,7,23:58,147,E08000021,3,186,6,30,3,2,5,322,0,4,4,1,1,0,0,1,1,E01008440,09-04-2018,1,1,3,1,83,11,3,5,3,0,0,-1,0,-1
53587,73.79362405,18.58305482,10,3,1,1,5,14:35,149,E08000023,4,1306,6,30,0,-1,-1,0,0,0,1,1,1,0,0,1,1,E01008643,28-04-2018,1,1,1,1,40,7,3,0,0,0,0,-1,3,1
53588,73.76545422,18.51458699,10,3,1,1,7,18:51,149,E08000023,6,236,6,30,0,-1,-1,0,0,0,1,2,2,0,0,1,2,E01008651,30-04-2018,1,1,1,2,80,11,3,0,0,0,0,-1,9,1
53589,73.84018299,18.52113215,10,3,2,1,6,15:45,150,E08000024,3,1231,3,60,1,4,3,182,0,0,1,1,1,0,0,2,1,E01008844,29-04-2018,1,2,2,2,70,10,3,0,0,1,0,-1,9,-1
53590,73.89948986,18.58848843,10,2,2,1,7,18:50,147,E08000021,5,130,6,30,6,4,6,426,0,0,1,1,1,0,0,1,1,E01008428,30-04-2018,1,3,2,2,65,9,3,0,0,2,0,-1,9,-1
53591,73.81017568,18.52829489,10,3,2,1,1,16:10,150,E08000024,6,335,6,30,0,-1,-1,0,0,0,1,1,1,0,0,1,1,E01008715,01-05-2018,1,4,2,2,60,9,3,0,0,2,0,-1,9,-1
53592,73.78875403,18.50701406,10,3,1,1,6,11:55,147,E08000021,4,1307,6,30,3,2,4,1309,0,5,1,1,1,0,0,1,1,E01008397,29-04-2018,1,1,3,1,14,3,3,5,1,0,0,-1,0,1
53593,73.80617039,18.49235034,10,3,2,1,4,18:40,148,E08000022,3,193,6,30,3,4,5,219,0,0,1,1,1,0,0,1,1,E01008543,27-04-2018,1,1,3,1,44,7,3,5,3,0,0,-1,0,1
53594,73.8383276,18.53640493,10,3,2,3,1,17:33,147,E08000021,3,189,3,50,3,2,5,112,0,5,1,1,1,0,0,1,1,E01008453,01-05-2018,2,1,2,2,32,6,3,0,0,1,0,-1,9,-1
53595,73.89200982,18.59540791,10,3,2,1,6,10:54,150,E08000024,3,1231,3,60,1,1,3,182,0,8,1,1,1,0,0,2,1,E01008874,29-04-2018,2,2,2,1,33,6,3,0,0,2,0,-1,9,1
53596,73.88983773,18.58779863,10,3,2,1,6,22:30,147,E08000021,3,188,1,30,1,4,5,124,0,0,4,1,1,0,0,1,2,E01008314,29-04-2018,2,1,1,1,17,4,3,0,0,0,0,-1,2,1