Accident_Index,longitude,latitude,Police_Force,Accident_Severity,Number_of_Vehicles,Number_of_Casualties,Day_of_Week,Time,Local_Authority_(District),Local_Authority_(Highway),1st_Road_Class,1st_Road_Number,Road_Type,Speed_limit,Junction_Detail,Junction_Control,2nd_Road_Class,2nd_Road_Number,Pedestrian_Crossing-Human_Control,Pedestrian_Crossing-Physical_Facilities,Light_Conditions,Weather_Conditions,Road_Surface_Conditions,Special_Conditions_at_Site,Carriageway_Hazards,Urban_or_Rural_Area,Did_Police_Officer_Attend_Scene_of_Accident,LSOA_of_Accident_Location,Date,Vehicle_Reference,Casualty_Reference,Casualty_Class,Sex_of_Casualty,Age_of_Casualty,Age_Band_of_Casualty,Casualty_Severity,Pedestrian_Location,Pedestrian_Movement,Car_Passenger,Bus_or_Coach_Passenger,Pedestrian_Road_Maintenance_Worker,Casualty_Type,Casualty_Home_Area_Type
53715,73.74220136,18.49404805,10,2,1,1,2,13:35,149,E08000023,3,1018,3,30,3,4,6,436,0,0,1,1,1,0,0,2,1,E01008691,09-05-2018,1,1,1,2,54,8,3,0,0,0,0,-1,9,1
53716,73.89609197,18.63151974,10,3,3,4,7,12:15,146,E08000020,3,1,3,70,0,-1,-1,0,0,0,1,1,1,0,0,1,1,E01008208,07-05-2018,2,2,1,1,18,4,3,0,0,0,0,-1,9,1
53717,73.90049104,18.61876358,10,3,2,1,4,17:11,145,E06000048,4,1334,6,60,1,4,3,189,0,0,1,1,1,0,0,2,2,E01027543,04-05-2018,2,1,1,2,38,7,3,0,0,0,0,-1,9,1
53718,73.86181508,18.50982293,10,3,1,1,4,23:39,143,E06000048,3,192,6,30,0,-1,-1,0,0,4,4,1,1,0,0,1,1,E01027453,27-04-2018,2,2,2,2,40,7,3,0,0,1,0,-1,9,1
53719,73.89649919,18.53078988,10,3,2,1,3,18:18,148,E08000022,3,19,1,70,1,4,3,1068,0,0,1,1,1,0,0,2,1,E01008582,03-05-2018,1,1,1,2,35,6,3,0,0,0,0,-1,9,-1
53720,73.84528651,18.48977817,10,3,3,6,7,15:55,146,E08000020,4,6315,6,30,0,-1,-1,0,0,0,1,2,2,0,0,2,1,E01008196,07-05-2018,2,1,1,1,54,8,3,0,0,0,0,-1,9,1
53721,73.77871774,18.58265329,10,3,1,1,6,15:27,145,E06000048,6,6709,6,30,3,4,6,6703,1,0,1,1,1,0,0,1,1,E01027546,29-04-2018,1,1,1,2,22,5,3,0,0,0,0,-1,9,1
53722,73.92597461,18.50053049,10,2,2,2,7,17:59,146,E08000020,3,1,7,60,0,-1,-1,0,0,0,1,1,2,0,0,2,1,E01008262,07-05-2018,2,1,1,1,42,7,2,0,0,0,0,-1,5,1
53723,73.84200985,18.50685637,10,3,1,1,2,13:00,146,E08000020,6,426,6,30,3,4,6,426,0,0,1,1,1,0,0,1,2,E01008164,02-05-2018,1,1,1,1,38,7,1,0,0,0,0,-1,5,-1
53724,73.8477065,18.64709846,10,3,1,1,4,07:50,148,E08000022,4,1505,6,60,0,-1,-1,0,0,0,1,4,1,0,0,2,1,E01008478,04-05-2018,1,1,3,1,17,4,3,5,4,0,0,-1,0,1
53725,73.77855879,18.61864575,10,3,2,1,6,12:20,150,E08000024,3,19,7,60,1,4,3,183,0,0,1,1,1,0,0,2,1,E01008730,29-04-2018,1,1,1,2,57,9,3,0,0,0,0,-1,9,1
53726,73.84255335,18.48932762,10,3,1,1,1,09:55,150,E08000024,6,235,6,30,1,4,4,1405,0,0,1,1,1,0,0,1,2,E01008762,08-05-2018,2,2,1,2,63,9,3,0,0,0,0,-1,9,1
53727,73.93156858,18.61079066,10,3,2,2,2,08:00,145,E06000048,3,1068,1,30,1,4,3,196,0,0,1,1,1,0,1,2,2,E01027531,09-05-2018,1,1,1,2,19,4,3,0,0,0,0,-1,9,1
53728,73.74126878,18.48973915,10,3,2,4,7,07:37,143,E06000048,3,1,3,70,3,4,6,6014,0,0,1,1,1,0,0,2,1,E01027473,07-05-2018,2,2,1,2,50,8,3,0,0,0,0,-1,90,1
53729,73.89073195,18.50760936,10,3,3,1,3,20:35,150,E08000024,3,1018,2,30,0,-1,-1,0,0,0,4,9,1,0,0,1,2,E01008791,03-05-2018,1,1,3,1,35,6,2,9,9,0,0,-1,0,-1
53730,73.89196831,18.59142779,10,3,2,2,1,02:24,149,E08000023,6,436,6,30,0,-1,-1,0,0,0,4,1,1,0,0,1,1,E01008626,08-05-2018,1,1,2,1,38,7,3,0,0,1,0,-1,9,1
53731,73.8700472,18.53055268,10,3,2,1,4,13:00,146,E08000020,3,184,3,40,1,2,3,167,0,0,1,1,1,0,0,1,1,E01008166,04-05-2018,1,2,2,1,39,7,3,0,0,2,0,-1,9,1
53732,73.88211422,18.59982319,10,3,2,2,2,19:19,146,E08000020,5,323,6,30,3,4,5,319,0,0,1,1,1,0,0,1,1,E01008215,09-05-2018,2,1,1,1,46,8,3,0,0,0,0,-1,19,3
53733,73.91524102,18.53752882,10,3,3,1,6,18:27,140,E06000048,3,1,6,60,0,-1,-1,0,0,0,1,1,1,0,0,2,1,E01027366,29-04-2018,2,1,1,2,37,7,3,0,0,0,0,-1,9,1
53734,73.85716671,18.5832897,10,3,2,1,3,16:56,146,E08000020,3,1,3,70,0,-1,-1,0,0,0,1,1,1,0,0,1,1,E01008211,10-05-2018,2,2,2,1,2,1,3,0,0,2,0,-1,9,1
53735,73.95802103,18.50147785,10,3,2,1,2,10:56,148,E08000022,3,192,6,30,3,4,6,0,0,0,1,1,1,0,6,1,1,E01008529,09-05-2018,2,3,2,1,5,1,3,0,0,2,0,-1,9,1
53736,73.88269158,18.63104791,10,3,2,1,3,08:26,148,E08000022,3,189,3,70,1,4,3,189,0,0,1,1,1,0,0,2,1,E01008514,10-05-2018,3,4,1,2,31,6,3,0,0,0,0,-1,9,1
53737,73.78829317,18.56680964,10,2,1,1,2,23:15,149,E08000023,5,409,6,30,6,4,6,436,0,1,4,1,2,0,0,1,1,E01008623,09-05-2018,2,1,2,2,13,3,3,0,0,1,0,-1,9,1
53738,73.94737875,18.63161457,10,3,2,2,2,16:39,148,E08000022,3,19,3,70,1,4,3,1,0,0,1,1,1,0,0,2,1,E01008582,09-05-2018,1,1,3,1,36,7,3,9,9,0,0,-1,0,1
53739,73.86063882,18.57030708,10,2,2,2,6,11:28,141,E06000048,3,1,1,60,1,4,3,1167,0,0,1,1,1,0,0,2,1,E01027380,06-05-2018,1,1,3,1,34,6,3,10,3,0,0,-1,0,1
53740,73.74234278,18.57493761,10,2,1,1,2,19:15,148,E08000022,6,236,6,30,3,4,6,236,0,0,1,1,1,0,0,1,1,E01008528,09-05-2018,1,1,1,1,38,7,3,0,0,0,0,-1,9,-1
53741,73.87203701,18.5340786,10,3,2,2,2,14:25,142,E06000048,3,1171,6,30,0,-1,-1,0,0,0,1,1,1,0,0,1,1,E01027411,09-05-2018,2,2,1,2,45,7,3,0,0,0,0,-1,9,1
53742,73.74633309,18.53537617,10,3,2,1,7,19:00,147,E08000021,6,216,6,30,3,4,3,6085,0,0,1,2,1,0,0,1,1,E01008405,07-05-2018,2,1,1,1,23,5,3,0,0,0,0,-1,5,1
53743,73.85896393,18.5456064,10,3,1,1,2,21:35,148,E08000022,4,1321,6,30,0,-1,-1,0,0,0,4,1,1,0,0,2,1,E01008583,09-05-2018,2,1,1,1,53,8,3,0,0,0,0,-1,2,1
53744,73.89585229,18.49958613,10,3,2,5,1,15:30,147,E08000021,3,189,6,50,7,2,3,167,0,4,1,1,2,0,0,1,1,E01008395,08-05-2018,2,1,1,2,23,5,3,0,0,0,0,-1,9,1
53745,73.89606916,18.5928614,10,2,2,1,6,17:45,144,E06000048,4,6320,6,30,3,4,6,5068,0,0,1,1,1,0,0,2,2,E01027479,06-05-2018,1,1,2,2,33,6,3,0,0,1,0,-1,9,1
53746,73.82059733,18.54133186,10,3,2,1,3,15:00,149,E08000023,4,1298,6,30,1,4,3,1300,0,0,1,1,1,0,0,2,2,E01008594,10-05-2018,2,2,2,2,36,7,3,0,0,2,0,-1,9,-1
53747,73.89283083,18.51387681,10,3,1,1,4,18:00,149,E08000023,6,436,6,30,0,-1,-1,0,0,0,1,1,1,0,0,1,1,E01008625,11-05-2018,2,3,2,2,28,6,3,0,0,1,0,-1,9,-1
53748,73.8625757,18.60666768,10,3,1,1,3,16:50,148,E08000022,3,188,6,30,2,4,6,226,0,4,1,1,1,0,0,1,1,E01008469,10-05-2018,1,1,3,1,40,7,3,5,3,0,0,-1,0,-1
53749,73.87972921,18.62279614,10,2,1,2,3,15:47,148,E08000022,3,193,6,30,3,2,4,1315,0,4,1,1,1,0,0,1,1,E01008543,10-05-2018,1,1,3,2,13,3,3,5,2,0,0,-1,0,1
53750,73.87842346,18.50388169,10,3,2,1,3,21:38,146,E08000020,5,327,6,30,3,2,5,327,0,0,4,1,1,0,0,1,1,E01008262,10-05-2018,1,1,1,1,29,6,3,0,0,0,0,-1,9,1
53751,73.87753804,18.4944043,10,2,2,1,6,10:15,150,E08000024,5,512,6,30,3,4,6,235,0,0,1,1,1,0,0,1,2,E01008784,06-05-2018,2,2,1,2,22,5,3,0,0,0,0,-1,9,1
53752,73.765745,18.55230814,10,3,2,1,5,17:00,149,E08000023,3,194,1,70,1,4,3,184,0,0,1,1,1,0,0,2,2,E01008629,05-05-2018,1,1,3,2,80,11,3,4,4,0,0,-1,0,-1
53753,73.79707927,18.52702261,10,3,2,1,7,08:20,150,E08000024,3,1231,3,30,6,2,3,183,0,8,1,1,1,0,0,1,1,E01008831,07-05-2018,1,1,1,1,23,5,3,0,0,0,0,-1,9,1
53754,73.8074429,18.57847991,10,3,2,1,6,22:08,150,E08000024,6,235,6,30,3,4,6,235,0,0,4,1,1,0,0,1,1,E01008762,06-05-2018,1,2,2,2,28,6,3,0,0,1,0,-1,9,1
53755,73.93827209,18.50883889,10,3,2,1,4,10:45,147,E08000021,5,103,6,30,6,4,6,126,0,0,1,1,1,0,0,1,2,E01008353,11-05-2018,2,3,1,1,35,6,3,0,0,0,0,-1,9,1
53756,73.74497344,18.54601372,10,3,2,2,4,12:05,150,E08000024,3,690,3,30,3,4,6,235,1,8,1,1,1,0,0,1,1,E01008781,04-05-2018,1,1,1,1,32,6,3,0,0,0,0,-1,9,1
53757,73.83749663,18.61182933,10,3,2,2,4,08:20,145,E06000048,3,197,6,30,0,-1,-1,0,0,1,1,1,1,0,0,1,1,E01027525,11-05-2018,1,2,2,2,31,6,3,0,0,1,0,-1,9,1
53758,73.85067019,18.5982722,10,3,2,2,4,14:55,146,E08000020,3,184,3,50,0,-1,-1,0,0,0,1,1,1,0,0,1,2,E01008240,11-05-2018,2,3,1,1,45,7,3,0,0,0,0,-1,8,-1
53759,73.85377864,18.58492853,10,3,2,1,5,21:05,143,E06000048,3,696,6,60,3,4,6,9048,0,0,1,1,1,0,0,2,1,E01027447,05-05-2018,2,1,1,1,19,4,3,0,0,0,0,-1,9,1
53760,73.74062319,18.62248236,10,2,2,1,2,22:25,150,E08000024,4,1284,6,30,3,4,5,523,0,8,4,1,2,0,0,1,1,E01008748,09-05-2018,2,2,2,1,19,4,3,0,0,1,0,-1,9,-1
53761,73.77204808,18.51689979,10,3,2,1,2,19:15,146,E08000020,3,167,6,30,3,4,6,225,0,0,1,1,1,0,0,1,1,E01008175,02-05-2018,2,1,1,1,16,4,3,0,0,0,0,-1,3,1
53762,73.85221893,18.60725149,10,3,2,1,3,19:26,146,E08000020,6,3052,6,30,6,2,6,426,0,0,1,1,1,0,0,1,2,E01008166,10-05-2018,1,1,1,1,49,8,3,0,0,0,0,-1,17,1
53763,73.87355949,18.55377291,10,3,2,1,1,01:28,147,E08000021,3,1058,3,40,6,2,5,124,0,4,4,1,2,0,0,1,1,E01008315,08-05-2018,1,1,1,2,24,5,3,0,0,0,0,-1,9,1
53764,73.88232193,18.50264508,10,3,2,6,2,16:10,150,E08000024,6,235,6,30,3,4,3,1018,0,8,1,1,1,0,0,1,1,E01008791,09-05-2018,2,2,1,2,20,4,3,0,0,0,0,-1,9,1
53765,73.77317396,18.59789925,10,3,2,1,3,13:30,146,E08000020,3,167,6,30,3,2,6,225,0,4,1,1,2,0,0,1,2,E01008234,26-04-2018,2,1,1,1,56,9,2,0,0,0,0,-1,1,-1
53766,73.80124843,18.5300582,10,3,2,1,5,18:55,146,E08000020,5,323,1,30,2,4,6,426,0,0,1,1,1,0,0,1,1,E01008215,21-04-2018,1,1,3,1,48,8,3,5,1,0,0,-1,0,1
53767,73.87041298,18.56130403,10,3,2,2,6,14:00,147,E08000021,3,1,3,70,1,2,4,6324,0,0,1,1,1,0,0,1,2,E01008445,13-05-2018,2,1,1,1,29,6,3,0,0,0,0,-1,2,1
53768,73.86122667,18.49779775,10,3,2,2,6,15:59,147,E08000021,5,127,6,30,3,2,6,226,0,5,1,1,1,0,0,1,1,E01008469,13-05-2018,1,1,2,2,35,6,3,0,0,1,0,-1,9,1
53769,73.95408237,18.61234655,10,3,2,2,1,19:15,147,E08000021,3,189,3,30,6,2,3,189,0,5,1,1,1,0,0,1,1,E01008440,15-05-2018,1,1,1,1,26,6,3,0,0,0,0,-1,9,1
53770,73.9214018,18.58127772,10,3,2,1,5,21:40,146,E08000020,5,330,3,60,0,-1,-1,0,0,0,4,1,1,0,0,2,1,E01008174,12-05-2018,2,2,2,1,28,6,3,0,0,1,0,-1,9,1
53771,73.89711584,18.50672079,10,3,1,1,4,16:00,148,E08000022,4,1505,1,30,1,4,3,191,0,0,1,1,1,0,0,1,2,E01008501,11-05-2018,1,1,1,1,37,7,3,0,0,0,0,-1,9,1
53772,73.77076814,18.54818259,10,3,2,1,5,09:20,147,E08000021,5,112,6,30,3,4,6,126,0,0,1,1,1,0,0,1,1,E01008343,12-05-2018,1,1,3,2,27,6,3,10,3,0,0,-1,0,-1
53773,73.85541195,18.50056225,10,3,2,1,7,18:10,146,E08000020,5,3264,6,30,1,4,3,184,0,0,1,1,2,0,0,1,2,E01008170,07-05-2018,1,1,1,1,30,6,3,0,0,0,0,-1,19,1
53774,73.82512928,18.60619667,10,3,2,1,2,12:24,147,E08000021,3,1,3,70,5,4,3,696,0,0,1,1,1,0,0,1,1,E01008294,02-05-2018,1,3,2,2,24,5,3,0,0,0,0,-1,19,1
53775,73.8408295,18.54010054,10,3,2,1,6,17:00,141,E06000048,5,6349,6,30,0,-1,-1,0,0,0,1,1,1,4,0,2,1,E01027374,13-05-2018,2,2,1,1,24,5,3,0,0,0,0,-1,9,1
53776,73.76786198,18.58159232,10,3,2,2,7,19:41,150,E08000024,6,5062,6,40,3,4,6,5063,0,0,1,1,1,0,0,2,1,E01008777,14-05-2018,2,4,2,1,20,4,3,0,0,1,0,-1,9,1
53777,73.78890083,18.61449749,10,3,1,1,2,07:45,147,E08000021,6,216,6,30,0,-1,-1,0,0,0,1,1,1,0,0,1,2,E01008400,09-05-2018,1,1,1,1,18,4,3,0,0,0,0,-1,9,-1
53778,73.77639732,18.62763299,10,2,1,1,7,22:25,146,E08000020,3,694,6,40,0,-1,-1,0,0,0,4,1,1,0,0,2,1,E01008276,14-05-2018,2,2,1,2,45,7,3,0,0,0,0,-1,9,-1
53779,73.80775373,18.6373746,10,3,2,3,4,13:35,148,E08000022,3,193,3,60,1,4,5,211,0,0,1,1,1,0,0,1,2,E01008484,04-05-2018,2,3,2,2,65,9,3,0,0,1,0,-1,9,-1
53780,73.83078739,18.62417456,10,3,2,2,7,10:55,148,E08000022,6,236,6,30,3,4,6,236,0,0,1,1,1,0,0,1,2,E01008561,07-05-2018,1,1,1,2,58,9,3,0,0,0,0,-1,9,1
53781,73.77991636,18.53869842,10,3,1,1,7,12:35,146,E08000020,3,167,6,30,3,4,6,225,0,0,1,1,1,0,0,1,1,E01008175,14-05-2018,2,1,1,1,24,5,3,0,0,0,0,-1,1,1
53782,73.91250034,18.58039535,10,3,2,3,5,16:05,147,E08000021,3,6085,6,30,0,-1,-1,0,0,0,1,1,1,0,0,1,1,E01008400,05-05-2018,2,1,2,2,30,6,3,0,0,2,0,-1,8,1
53783,73.78982549,18.54473597,10,3,2,1,2,06:25,144,E06000048,4,6322,6,30,3,4,6,0,0,0,1,1,4,0,0,2,2,E01027486,09-05-2018,2,2,1,1,58,9,3,0,0,0,0,-1,8,1
53784,73.8195831,18.50766728,10,3,1,1,6,23:00,140,E06000048,4,6341,6,60,0,-1,-1,0,0,0,6,1,1,0,0,2,1,E01027358,13-05-2018,2,1,1,1,42,7,3,0,0,0,0,-1,9,1
53785,73.8203587,18.52542797,10,3,2,1,6,13:45,146,E08000020,3,694,6,40,3,2,6,3018,0,0,1,1,1,0,0,2,1,E01008276,13-05-2018,2,1,1,1,15,3,3,0,0,0,0,-1,1,1
53786,73.86482473,18.52424037,10,3,2,1,4,15:30,150,E08000024,4,1286,6,30,3,4,6,335,0,0,1,1,1,0,0,1,2,E01008796,11-05-2018,1,1,1,1,11,3,3,0,0,0,0,-1,1,1
53787,73.85064968,18.61520637,10,3,2,1,6,12:30,148,E08000022,3,1056,6,60,1,4,3,189,0,0,1,1,1,0,0,2,2,E01008577,13-05-2018,1,1,3,2,13,3,1,5,1,0,0,-1,0,-1
53788,73.88226244,18.54171827,10,3,2,1,3,08:15,147,E08000021,3,695,3,50,0,-1,-1,0,0,0,1,1,1,0,0,1,2,E01008415,03-05-2018,1,1,1,2,24,5,3,0,0,0,0,-1,9,-1
53789,73.86626336,18.6192171,10,2,1,2,6,18:40,147,E08000021,4,1313,6,30,5,4,6,426,0,0,1,1,1,0,0,1,1,E01008388,29-04-2018,2,2,1,1,32,6,3,0,0,0,0,-1,9,-1
53790,73.88040569,18.5610713,10,3,2,2,1,18:15,150,E08000024,5,511,6,30,3,4,6,235,0,0,1,1,1,0,0,1,1,E01008706,15-05-2018,1,1,3,2,84,11,2,5,2,0,0,-1,0,1
53791,73.77486114,18.60027687,10,3,1,1,4,15:30,147,E08000021,3,167,6,30,0,-1,-1,0,0,0,1,1,1,0,0,1,1,E01008451,04-05-2018,1,1,2,1,10,2,3,0,0,1,0,-1,9,1
53792,73.7628832,18.53214306,10,3,2,1,1,13:45,147,E08000021,3,189,3,30,0,-1,-1,0,0,5,1,1,1,0,0,1,2,E01008440,15-05-2018,2,1,1,2,28,6,3,0,0,0,0,-1,9,1
53793,73.83342297,18.59847021,10,3,3,1,5,16:58,147,E08000021,3,186,6,30,3,2,6,126,0,4,1,1,1,0,0,1,1,E01008288,12-05-2018,1,1,1,1,44,7,3,0,0,0,0,-1,19,1
53794,73.8734157,18.53668255,10,3,2,1,6,12:44,147,E08000021,3,186,6,40,8,4,6,126,0,0,1,1,1,0,0,1,1,E01008416,13-05-2018,2,2,1,2,35,6,3,0,0,0,0,-1,9,1
53795,73.8814465,18.54813545,10,3,2,1,5,17:20,150,E08000024,3,183,2,30,3,4,3,183,0,0,1,1,1,0,0,1,2,E01008831,12-05-2018,2,3,2,1,17,4,3,0,0,1,0,-1,9,1
53796,73.82632591,18.5278581,10,3,1,1,3,17:45,147,E08000021,3,187,6,30,6,4,5,129,0,0,1,1,1,0,0,1,1,E01008392,03-05-2018,2,4,2,2,55,8,3,0,0,2,0,-1,9,1
53797,73.86034682,18.51337178,10,3,3,1,6,19:40,150,E08000024,6,5018,6,30,3,4,6,145,0,0,1,1,1,0,0,1,1,E01008788,13-05-2018,2,1,2,1,28,6,3,0,0,1,0,-1,9,1
53798,73.92013569,18.55817836,10,3,1,1,4,08:30,145,E06000048,6,6709,6,30,6,4,6,6709,0,0,1,1,1,0,0,1,2,E01027546,11-05-2018,2,1,2,1,39,7,3,0,0,1,0,-1,19,-1
53799,73.90691449,18.50990268,10,3,1,1,3,15:31,145,E06000048,3,196,6,30,0,-1,-1,0,0,0,1,1,1,0,0,2,1,E01027534,10-05-2018,1,1,1,1,35,6,3,0,0,0,0,-1,9,-1
53800,72.86478234,19.08691719,10,3,2,1,1,18:20,149,E08000023,6,236,6,30,0,-1,-1,0,0,0,1,1,1,0,0,1,1,E01008596,15-05-2018,2,1,1,1,23,5,3,0,0,0,0,-1,1,-1
53801,72.93076581,19.10636869,10,3,1,1,3,13:00,145,E06000048,3,196,3,30,0,-1,-1,0,0,0,1,1,2,0,7,2,1,E01027530,03-05-2018,2,1,2,2,40,7,3,0,0,1,0,-1,9,1
53802,72.89769323,19.15865526,10,3,1,1,7,16:10,150,E08000024,4,1286,6,30,3,4,6,345,0,0,1,1,2,0,0,1,1,E01008769,09-04-2018,2,1,1,1,40,7,3,0,0,0,0,-1,9,1
53803,72.89447509,19.17845286,10,3,2,3,5,19:00,142,E06000048,3,19,3,60,1,4,3,19,0,0,1,1,1,0,0,2,2,E01027406,12-05-2018,2,1,1,1,30,6,3,0,0,0,0,-1,9,1
53804,72.83455859,19.11913626,10,1,1,3,7,02:22,147,E08000021,6,1057,6,30,0,-1,-1,0,0,0,4,1,1,0,0,1,1,E01008305,07-05-2018,2,2,2,1,30,6,3,0,0,1,0,-1,9,1
53805,72.87185452,19.06191937,10,3,2,1,2,13:00,147,E08000021,3,186,2,30,0,-1,-1,0,0,0,1,1,1,0,0,1,2,E01008440,16-05-2018,2,3,2,1,3,1,3,0,0,2,0,-1,9,1
53806,72.89141717,19.06750327,10,3,3,3,2,08:20,146,E08000020,5,318,6,30,6,4,6,426,0,0,1,1,1,0,0,1,1,E01008202,16-05-2018,1,1,1,1,45,7,3,0,0,0,0,-1,9,1
53807,72.86934166,19.06092255,10,3,2,1,2,16:37,146,E08000020,4,6317,6,30,0,-1,-1,0,0,0,1,1,1,0,0,1,1,E01008266,16-05-2018,1,2,2,2,17,4,3,0,0,1,0,-1,9,1
53808,72.88332287,19.18711404,10,3,2,1,6,18:05,150,E08000024,6,135,6,30,3,4,6,135,0,0,1,1,1,0,0,1,1,E01008845,13-05-2018,1,1,3,1,17,4,3,5,3,0,0,-1,0,1
53809,72.90807388,19.08788606,10,3,2,1,2,14:20,146,E08000020,5,307,9,30,7,2,3,1,0,0,1,1,1,0,0,1,1,E01008208,16-05-2018,1,1,1,2,18,4,3,0,0,0,0,-1,9,-1
53810,72.86205292,19.20024323,10,3,5,2,1,12:10,150,E08000024,3,690,6,30,0,-1,-1,0,0,8,1,5,4,0,3,1,1,E01008778,08-05-2018,2,2,1,2,33,6,3,0,0,0,0,-1,9,-1
53811,72.89472557,19.19935725,10,3,2,2,6,12:45,146,E08000020,6,225,6,30,3,2,3,167,0,0,1,1,1,0,0,1,1,E01008175,13-05-2018,2,3,2,1,33,6,3,0,0,1,0,-1,9,-1
53812,72.83945733,19.14397107,10,3,2,1,2,08:21,146,E08000020,5,324,6,40,7,4,6,326,0,0,1,1,2,0,0,1,1,E01008259,16-05-2018,1,1,1,2,19,4,3,0,0,0,0,-1,9,-1
53813,72.87349189,19.18358144,10,2,2,4,1,17:30,143,E06000048,4,6342,6,60,6,4,5,161,0,0,1,1,1,0,0,2,1,E01027368,08-05-2018,2,2,1,1,66,10,2,0,0,0,0,-1,9,1
53814,72.8758592,19.05774445,10,3,1,1,2,13:20,147,E08000021,5,101,6,30,1,4,6,126,0,0,1,1,1,0,0,1,1,E01008294,14-03-2018,2,3,2,2,66,10,3,0,0,1,0,-1,9,1
53815,72.91854258,19.0741012,10,3,2,2,6,22:00,144,E06000048,3,695,6,60,1,4,3,69,0,0,4,1,1,0,0,2,1,E01027476,13-05-2018,2,4,2,1,28,6,3,0,0,2,0,-1,9,1
53816,72.87072706,19.16057006,10,3,1,1,4,09:15,149,E08000023,6,336,6,30,8,4,6,336,0,0,1,1,1,0,0,1,2,E01008656,11-05-2018,1,1,3,2,23,5,3,5,1,0,0,-1,0,3
53817,72.85379423,19.2016455,10,3,3,2,2,00:50,150,E08000024,5,511,6,30,6,2,5,512,0,5,4,1,1,0,0,1,1,E01008759,16-05-2018,1,2,3,1,57,9,3,5,1,0,0,-1,0,1
53818,72.8625808,19.07328221,10,3,2,1,6,12:50,147,E08000021,3,167,6,30,1,4,5,109,0,0,1,9,1,0,0,1,1,E01008296,06-05-2018,1,1,1,1,24,5,3,0,0,0,0,-1,9,1
53819,72.83663299,19.0898994,10,3,2,2,1,19:10,149,E08000023,3,1300,6,30,0,-1,-1,0,0,8,1,1,1,0,0,1,1,E01008624,15-05-2018,2,2,1,2,19,4,3,0,0,0,0,-1,9,1
53820,72.86581629,19.12741662,10,3,2,1,2,22:20,150,E08000024,3,1018,3,30,6,2,6,5007,0,5,4,1,1,0,0,1,1,E01008834,16-05-2018,1,1,3,2,81,11,3,5,3,0,0,-1,0,1
53821,72.83297587,19.19838343,10,3,1,1,7,02:00,146,E08000020,6,3003,6,60,0,-1,-1,0,0,0,6,1,1,0,0,2,1,E01008196,14-05-2018,1,1,3,2,11,3,3,6,9,0,0,-1,0,1
53822,72.9302932,19.12159755,10,3,1,1,7,19:15,148,E08000022,3,1058,6,60,1,4,3,193,0,0,1,1,1,0,0,1,1,E01008486,14-05-2018,1,1,1,2,25,5,3,0,0,0,0,-1,9,1
53823,72.86404689,19.14309495,10,3,1,1,1,22:28,147,E08000021,5,144,6,20,6,2,4,1307,0,5,4,1,1,0,0,1,1,E01008440,15-05-2018,1,2,2,1,36,7,3,0,0,1,0,-1,9,-1
53824,72.90310768,19.16779791,10,3,2,1,7,00:50,147,E08000021,5,141,6,30,1,4,3,193,0,7,4,1,1,0,0,1,1,E01008440,14-05-2018,2,1,1,1,42,7,3,0,0,0,0,-1,5,1
53825,72.91722574,19.11005146,10,2,1,1,6,22:30,141,E06000048,3,1167,6,30,0,-1,-1,0,0,0,4,1,1,0,0,1,1,E01027376,06-05-2018,1,1,1,2,68,10,3,0,0,0,0,-1,9,1
53826,72.84728584,19.2103425,10,3,2,2,2,11:30,147,E08000021,3,186,6,40,1,4,3,1,0,8,1,1,1,0,0,1,2,E01008416,16-05-2018,2,2,1,1,46,8,3,0,0,0,0,-1,9,-1
53827,72.83934605,19.10665722,10,2,2,4,7,08:00,141,E06000048,3,1,6,60,3,4,4,1341,0,0,1,1,1,0,0,2,1,E01027374,14-05-2018,1,1,1,2,22,5,3,0,0,0,0,-1,9,1
53828,72.93571499,19.09576543,10,3,1,1,3,16:10,147,E08000021,5,105,6,30,6,2,6,126,0,5,1,1,1,0,0,1,1,E01008353,03-05-2018,1,1,3,2,5,1,3,5,4,0,0,-1,0,1
53829,72.89197319,19.20673761,10,3,4,2,5,13:20,147,E08000021,4,6918,6,30,9,4,5,107,0,0,1,1,1,0,0,2,1,E01008458,24-03-2018,3,1,1,1,21,5,3,0,0,0,0,-1,9,-1
53830,72.82893671,19.06267083,10,3,2,1,5,15:30,150,E08000024,3,183,3,60,6,4,6,5047,0,0,1,1,1,0,0,2,2,E01008798,12-05-2018,3,2,2,1,29,6,3,0,0,1,0,-1,9,1
53831,72.87089807,19.11230397,10,2,2,1,7,12:00,149,E08000023,6,236,6,30,6,4,6,236,0,0,1,1,1,0,0,1,1,E01008675,14-05-2018,1,1,1,1,21,5,3,0,0,0,0,-1,9,1
53832,72.89474336,19.16050095,10,3,2,1,1,19:00,141,E06000048,6,107,9,30,3,4,6,107,0,0,1,1,1,0,0,1,1,E01027377,08-05-2018,1,2,2,2,21,5,3,0,0,1,0,-1,9,1