Accident_Index,longitude,latitude,Police_Force,Accident_Severity,Number_of_Vehicles,Number_of_Casualties,Day_of_Week,Time,Local_Authority_(District),Local_Authority_(Highway),1st_Road_Class,1st_Road_Number,Road_Type,Speed_limit,Junction_Detail,Junction_Control,2nd_Road_Class,2nd_Road_Number,Pedestrian_Crossing-Human_Control,Pedestrian_Crossing-Physical_Facilities,Light_Conditions,Weather_Conditions,Road_Surface_Conditions,Special_Conditions_at_Site,Carriageway_Hazards,Urban_or_Rural_Area,Did_Police_Officer_Attend_Scene_of_Accident,LSOA_of_Accident_Location,Date,Vehicle_Reference,Casualty_Reference,Casualty_Class,Sex_of_Casualty,Age_of_Casualty,Age_Band_of_Casualty,Casualty_Severity,Pedestrian_Location,Pedestrian_Movement,Car_Passenger,Bus_or_Coach_Passenger,Pedestrian_Road_Maintenance_Worker,Casualty_Type,Casualty_Home_Area_Type
53833,72.89532608,19.1164618,10,3,3,1,4,11:40,142,E06000048,3,192,6,30,3,4,6,9537,0,0,1,1,1,0,0,2,2,E01027433,11-05-2018,1,1,1,1,55,8,3,0,0,0,0,-1,9,-1
53834,72.9268732,19.19578166,10,3,3,3,2,17:30,145,E06000048,3,1068,6,30,1,4,6,6722,0,0,5,1,1,0,0,1,2,E01027523,16-05-2018,2,1,2,1,37,7,3,0,0,1,0,-1,9,1
53835,72.88031194,19.17620742,10,3,2,2,3,11:10,150,E08000024,6,234,6,30,3,4,6,234,0,0,1,1,1,0,0,1,1,E01008744,17-05-2018,2,2,1,1,36,7,3,0,0,0,0,-1,9,-1
53836,72.93218005,19.13553718,10,3,2,1,3,08:00,150,E08000024,5,507,6,30,3,4,6,235,0,0,1,1,1,0,0,1,1,E01008698,17-05-2018,2,1,2,2,35,6,3,0,0,1,0,-1,9,-1
53837,72.91554101,19.19193733,10,3,2,1,4,15:57,142,E06000048,6,9503,6,30,3,4,6,9503,0,0,1,1,1,0,0,1,1,E01027415,11-05-2018,1,1,3,1,50,8,3,8,3,0,0,-1,0,-1
53838,72.9377869,19.09710494,10,3,1,1,4,08:15,142,E06000048,6,9546,6,30,3,4,6,9546,0,0,1,1,1,0,0,1,2,E01027397,18-05-2018,1,1,3,2,13,3,3,5,3,0,0,-1,0,-1
53839,72.83048345,19.15941416,10,2,2,1,5,18:55,147,E08000021,3,193,7,30,1,4,2,167,0,7,1,1,1,0,0,1,1,E01008440,12-05-2018,1,1,1,2,64,9,3,0,0,0,0,-1,9,1
53840,72.89385643,19.12123844,10,3,1,1,1,18:15,147,E08000021,5,107,6,30,0,-1,-1,0,0,0,1,1,1,0,0,1,1,E01008457,15-05-2018,1,1,1,1,26,6,3,0,0,0,0,-1,9,-1
53841,72.88745134,19.18169831,10,3,2,1,4,17:21,148,E08000022,3,192,6,30,6,2,3,193,0,4,1,1,1,0,0,1,1,E01008529,18-05-2018,2,2,1,1,18,4,3,0,0,0,0,-1,9,-1
53842,72.83127603,19.12373061,10,3,1,1,6,15:41,144,E06000048,6,8290,6,30,0,-1,-1,0,0,0,1,1,1,0,0,1,1,E01027490,13-05-2018,1,1,3,1,18,4,3,5,1,0,0,-1,0,1
53843,72.88776313,19.20235648,10,3,1,1,2,08:50,144,E06000048,4,6304,6,60,0,-1,-1,0,0,0,1,1,1,0,0,2,1,E01027477,09-05-2018,1,1,3,2,54,8,3,5,2,0,0,-1,0,1
53844,72.87050554,19.17659801,10,3,2,1,4,01:13,146,E08000020,3,1,3,50,5,4,3,1,0,0,4,1,2,4,0,1,1,E01008259,18-05-2018,2,1,1,2,29,6,3,0,0,0,0,-1,9,-1
53845,72.92261595,19.14348799,10,3,2,1,6,20:25,144,E06000048,4,6306,6,60,0,-1,-1,0,0,0,1,1,1,0,0,2,1,E01027505,06-05-2018,2,1,1,1,6,2,3,0,0,0,0,-1,1,1
53846,72.84763603,19.20603001,10,2,4,2,3,10:36,144,E06000048,5,259,6,60,0,-1,-1,0,0,0,1,9,1,0,0,2,1,E01027506,17-05-2018,2,1,1,1,36,7,3,0,0,0,0,-1,5,1
53847,72.89405797,19.06954422,10,3,2,1,3,17:15,147,E08000021,6,426,6,30,0,-1,-1,0,0,1,1,1,1,0,0,1,2,E01008304,17-05-2018,1,1,1,1,19,4,3,0,0,0,0,-1,9,-1
53848,72.91390483,19.13297575,10,3,2,2,7,16:40,150,E08000024,6,5051,6,40,3,4,5,502,0,0,1,1,1,0,0,2,1,E01008864,14-05-2018,2,1,1,2,36,7,3,0,0,0,0,-1,9,1
53849,72.91993267,19.20937111,10,3,2,1,7,14:10,147,E08000021,3,167,7,30,5,4,3,186,0,0,1,1,1,0,0,1,2,E01008440,14-05-2018,1,1,3,1,16,4,3,5,2,0,0,-1,0,1
53850,72.84190073,19.16349262,10,3,2,1,1,14:31,148,E08000022,6,427,1,30,1,4,6,427,0,0,1,2,2,0,0,1,1,E01008504,08-05-2018,1,1,3,1,10,2,2,5,2,0,0,-1,0,1
53851,72.90670749,19.19219332,10,3,1,1,3,17:40,147,E08000021,6,126,6,30,0,-1,-1,0,0,0,1,1,1,0,0,1,1,E01008375,17-05-2018,2,1,1,2,30,6,3,0,0,0,0,-1,9,1
53852,72.88152129,19.12526121,10,3,1,1,3,14:45,148,E08000022,3,191,6,40,0,-1,-1,0,0,0,1,1,1,0,0,1,1,E01008501,17-05-2018,2,1,1,2,43,7,3,0,0,0,0,-1,9,1
53853,72.85529581,19.07495282,10,3,2,2,6,12:50,148,E08000022,3,1058,6,30,3,4,5,215,0,0,1,1,1,0,0,1,1,E01008533,13-05-2018,2,2,2,2,76,11,3,0,0,1,0,-1,9,-1
53854,72.89145645,19.12583983,10,2,1,1,3,18:50,148,E08000022,6,136,6,30,3,4,6,136,0,0,1,2,2,0,0,1,1,E01008461,17-05-2018,1,1,3,2,21,5,3,9,6,0,0,-1,0,-1
53855,72.90959684,19.13806889,10,3,1,1,3,17:40,148,E08000022,6,136,6,30,0,-1,-1,0,0,0,1,1,1,0,0,1,1,E01008543,17-05-2018,1,1,1,1,45,7,3,0,0,0,0,-1,9,-1
53856,72.87714138,19.12183689,10,3,2,1,2,12:27,150,E08000024,6,435,6,30,3,4,6,435,0,0,1,1,1,0,0,1,1,E01008734,16-05-2018,2,1,1,2,38,7,3,0,0,0,0,-1,9,1
53857,72.85032444,19.13398735,10,3,2,2,3,16:25,150,E08000024,6,435,6,30,3,4,4,1286,0,0,1,1,1,0,0,1,2,E01008772,29-03-2018,1,1,2,1,7,2,3,0,0,2,0,-1,9,-1
53858,72.83700822,19.0826038,10,3,3,1,3,16:20,146,E08000020,6,3044,6,30,0,-1,-1,0,0,0,1,1,1,0,0,1,1,E01008259,17-05-2018,1,1,1,2,45,7,3,0,0,0,0,-1,9,-1
53859,72.87330615,19.18743889,10,3,2,1,4,07:15,147,E08000021,3,188,6,30,3,4,6,226,0,0,1,1,1,0,0,1,2,E01008364,18-05-2018,2,1,1,2,57,9,3,0,0,0,0,-1,9,-1
53860,72.91611947,19.11389855,10,3,2,1,4,20:59,147,E08000021,3,189,3,30,6,2,3,186,0,5,1,1,1,0,0,1,1,E01008440,18-05-2018,1,1,1,2,50,8,3,0,0,0,0,-1,9,-1
53861,72.8645371,19.14007848,10,3,3,2,3,14:41,147,E08000021,3,1058,3,50,5,4,3,188,0,0,1,1,1,4,0,1,1,E01008318,10-05-2018,1,1,1,1,21,5,3,0,0,0,0,-1,9,-1
53862,72.90830384,19.07292177,10,2,2,1,3,20:30,147,E08000021,3,187,6,30,1,4,6,226,0,0,1,1,1,0,0,1,1,E01008436,17-05-2018,2,1,2,2,67,10,3,0,0,2,0,-1,8,-1
53863,72.93081756,19.20954053,10,3,2,1,4,13:05,144,E06000048,4,6395,6,30,3,4,6,0,0,4,1,2,2,4,0,1,1,E01027500,18-05-2018,1,1,1,2,41,7,3,0,0,0,0,-1,9,-1
53864,72.91816675,19.20560616,10,3,2,2,3,14:11,146,E08000020,3,167,6,30,3,2,6,3038,0,0,1,1,1,0,0,1,1,E01008234,10-05-2018,2,1,2,2,58,9,3,0,0,2,0,-1,9,-1
53865,72.87978743,19.20461062,10,3,1,1,4,16:40,149,E08000023,6,136,6,30,3,4,6,136,0,0,1,1,1,0,0,1,2,E01008660,18-05-2018,2,2,2,2,55,8,3,0,0,2,0,-1,9,-1
53866,72.86523771,19.20814646,10,3,2,2,3,16:45,147,E08000021,5,124,6,30,3,4,6,226,0,0,1,1,1,0,0,1,1,E01008314,17-05-2018,2,1,1,2,26,6,3,0,0,0,0,-1,9,1
53867,72.8895123,19.09123604,10,3,2,2,4,19:20,150,E08000024,5,514,6,30,0,-1,-1,0,0,0,1,1,1,0,0,1,1,E01008783,11-05-2018,2,1,1,1,37,7,3,0,0,0,0,-1,9,1
53868,72.9371242,19.15937675,10,3,2,1,5,09:25,148,E08000022,3,192,6,30,3,4,6,337,0,8,1,1,2,0,0,1,1,E01008552,19-05-2018,2,1,1,1,16,4,3,0,0,0,0,-1,2,1
53869,72.9289032,19.1047933,10,3,1,1,4,12:15,147,E08000021,6,1112,6,30,3,4,6,1112,0,8,1,1,1,0,0,1,1,E01008397,18-05-2018,2,1,1,1,22,5,3,0,0,0,0,-1,9,1
53870,72.89589757,19.11621328,10,3,1,1,3,23:31,147,E08000021,3,186,2,30,0,-1,-1,0,0,0,4,1,1,0,0,1,1,E01008430,17-05-2018,2,1,1,1,30,6,3,0,0,0,0,-1,9,1
53871,72.84815803,19.14403013,10,3,2,2,3,11:44,148,E08000022,3,19,6,40,1,4,3,19,0,0,1,1,1,0,0,2,1,E01008543,17-05-2018,3,2,1,2,34,6,3,0,0,0,0,-1,9,1
53872,72.8397685,19.17676327,10,3,3,1,5,09:59,147,E08000021,5,103,6,30,8,4,6,126,0,0,1,1,1,0,0,1,1,E01008378,12-05-2018,2,1,1,1,21,5,3,0,0,0,0,-1,5,1
53873,72.87696871,19.16665759,10,3,2,2,4,16:00,142,E06000048,3,192,3,30,1,4,3,189,0,0,1,1,1,0,0,2,2,E01027427,18-05-2018,2,1,1,2,41,7,3,0,0,0,0,-1,9,1
53874,72.83373214,19.18392774,10,3,2,1,5,09:40,148,E08000022,3,1056,6,40,0,-1,-1,0,0,0,1,1,2,0,0,2,1,E01008577,19-05-2018,1,1,1,2,66,10,3,0,0,0,0,-1,9,-1
53875,72.85141244,19.1638806,10,3,1,1,7,14:13,146,E08000020,5,323,6,30,0,-1,-1,0,0,0,1,1,1,0,0,1,1,E01008202,14-05-2018,1,1,3,1,71,10,3,6,9,0,0,-1,0,1
53876,72.8461086,19.07767082,10,3,2,1,1,14:40,147,E08000021,6,126,6,30,3,4,6,126,0,0,1,1,1,0,0,1,1,E01008326,15-05-2018,1,1,1,1,44,7,2,0,0,0,0,-1,5,1
53877,72.8964895,19.15579712,10,3,1,1,5,06:45,146,E08000020,4,1426,6,30,3,2,4,1426,0,4,1,1,1,0,0,1,1,E01008168,14-04-2018,1,1,3,2,35,6,3,1,4,0,0,-1,0,1
53878,72.87301747,19.20018954,10,2,2,4,6,20:53,148,E08000022,3,1058,3,70,5,4,3,1058,0,0,1,1,1,0,0,1,1,E01008481,20-05-2018,1,1,3,2,16,4,3,9,9,0,0,-1,0,-1
53879,72.89455526,19.14815997,10,3,1,1,7,15:30,146,E08000020,4,1426,6,30,3,2,6,426,0,4,1,1,1,0,0,1,2,E01008215,21-05-2018,1,1,1,1,20,4,3,0,0,0,0,-1,3,1
53880,72.87380354,19.15252351,10,3,2,1,5,12:58,148,E08000022,6,2030,6,30,0,-1,-1,0,0,4,1,1,1,0,0,1,1,E01008584,19-05-2018,2,1,1,1,29,6,3,0,0,0,0,-1,9,1
53881,72.85739108,19.08931704,10,3,2,2,6,14:07,148,E08000022,6,2029,6,30,3,4,6,2029,0,0,1,1,1,0,0,1,2,E01008494,13-05-2018,2,1,1,2,39,7,3,0,0,0,0,-1,9,1
53882,72.86411497,19.14220006,10,3,1,1,5,22:25,146,E08000020,4,1426,6,30,0,-1,-1,0,0,8,4,1,1,0,0,1,1,E01008170,19-05-2018,1,1,3,2,16,4,3,5,3,0,0,-1,0,1
53883,72.93096574,19.15685089,10,2,2,3,5,23:29,140,E06000048,4,6341,6,60,0,-1,-1,0,0,0,6,1,1,0,0,2,1,E01027356,19-05-2018,2,1,1,2,27,6,3,0,0,0,0,-1,9,1
53884,72.93005315,19.12813663,10,3,4,1,6,16:50,140,E06000048,3,1068,6,30,3,4,6,3145,0,0,1,1,1,0,0,2,1,E01027357,20-05-2018,1,1,3,1,22,5,3,4,1,0,0,-1,0,1
53885,72.92402359,19.11736868,10,3,1,1,6,03:27,150,E08000024,6,5000,6,30,3,2,3,690,0,5,4,1,2,0,0,1,1,E01008827,20-05-2018,1,1,3,1,5,1,3,5,2,0,0,-1,0,1
53886,72.86955425,19.16513773,10,2,3,2,5,09:40,140,E06000048,4,6345,6,60,0,-1,-1,0,0,0,1,1,2,0,0,2,1,E01027364,19-05-2018,1,1,3,1,42,7,3,5,3,0,0,-1,0,1
53887,72.90536951,19.19760232,10,3,1,1,7,14:10,150,E08000024,3,690,6,30,3,2,5,512,0,5,1,1,1,0,0,1,1,E01008760,14-05-2018,1,1,3,2,16,4,3,5,3,0,0,-1,0,1
53888,72.92111872,19.1918896,10,3,2,1,7,11:00,145,E06000048,4,1334,6,60,1,4,3,189,0,0,1,1,1,0,0,2,2,E01027543,07-05-2018,1,1,3,1,52,8,1,9,9,0,0,-1,0,1
53889,72.92820844,19.15175173,10,3,2,1,6,11:55,141,E06000048,3,1,6,60,3,4,4,1341,0,0,1,2,2,0,0,2,1,E01027374,20-05-2018,1,1,1,2,37,7,3,0,0,0,0,-1,4,-1
53890,72.92449433,19.12531669,10,3,1,1,5,08:40,142,E06000048,4,189,3,70,0,-1,-1,0,0,0,1,1,1,0,0,2,1,E01027427,12-05-2018,2,1,1,1,42,7,3,0,0,0,0,-1,9,1
53891,72.90067743,19.12848726,10,3,1,1,3,15:40,147,E08000021,4,1600,6,30,0,-1,-1,0,0,5,1,1,1,0,0,1,1,E01008406,17-05-2018,1,1,3,2,7,2,3,5,1,0,0,-1,0,-1
53892,72.90882303,19.20790227,10,2,1,2,4,22:00,143,E06000048,3,1,3,70,0,-1,-1,0,0,0,4,1,1,0,0,2,1,E01027473,11-05-2018,2,1,1,1,27,6,3,0,0,0,0,-1,3,1
53893,72.92805263,19.11282422,10,3,1,1,1,05:37,141,E06000048,3,1,6,60,0,-1,-1,0,0,0,1,2,2,0,0,2,1,E01027374,22-05-2018,2,2,2,2,22,5,3,0,0,0,0,-1,3,1
53894,72.88929889,19.20954619,10,1,1,3,1,07:45,145,E06000048,3,189,3,70,1,4,3,197,0,0,1,1,1,0,0,2,1,E01027549,15-05-2018,1,1,2,2,54,8,3,0,0,1,0,-1,9,1
53895,72.8802807,19.17879914,10,2,1,1,5,16:30,149,E08000023,6,336,6,30,3,4,6,336,0,0,1,1,1,0,0,1,2,E01008642,19-05-2018,1,1,3,1,21,5,3,5,1,0,0,-1,0,-1
53896,72.86936836,19.16240149,10,3,1,1,3,08:57,142,E06000048,3,1068,3,70,0,-1,-1,0,0,0,1,1,1,0,0,2,1,E01027412,17-05-2018,2,1,1,2,54,8,3,0,0,0,0,-1,9,-1
53897,72.84256813,19.13756732,10,3,1,1,3,07:15,143,E06000048,3,1,3,70,0,-1,-1,0,0,0,1,1,1,0,0,2,1,E01027448,17-05-2018,1,1,1,2,52,8,3,0,0,0,0,-1,9,1
53898,72.92562182,19.19100322,10,3,2,1,4,16:24,149,E08000023,6,4115,6,30,3,4,6,236,0,0,1,1,2,0,0,1,1,E01008667,18-05-2018,2,1,1,1,32,6,2,0,0,0,0,-1,1,-1
53899,72.88180739,19.15966411,10,3,1,3,3,19:10,142,E06000048,4,1505,6,60,0,-1,-1,0,0,0,1,2,2,0,0,2,1,E01027425,17-05-2018,2,1,1,2,25,5,3,0,0,0,0,-1,9,1
53900,72.87602967,19.20569818,10,3,2,1,1,04:20,147,E08000021,3,193,1,30,1,4,2,167,0,0,1,1,1,0,0,1,1,E01008440,15-05-2018,2,2,2,2,51,8,3,0,0,2,0,-1,9,1
53901,72.839692,19.15503373,10,3,1,1,7,17:30,149,E08000023,3,184,3,70,0,-1,-1,0,0,0,1,1,1,0,0,2,1,E01008615,21-05-2018,1,1,3,1,16,4,3,2,2,0,0,-1,0,-1
53902,72.92231073,19.14616366,10,3,2,1,5,16:30,149,E08000023,3,1300,3,50,9,4,3,194,0,4,1,1,1,0,0,1,1,E01008670,12-05-2018,1,1,1,1,53,8,3,0,0,0,0,-1,9,1
53903,72.91279823,19.15314024,10,3,2,1,1,19:10,149,E08000023,6,436,6,30,0,-1,-1,0,0,0,1,1,1,0,0,1,2,E01008607,22-05-2018,2,2,1,2,54,8,3,0,0,0,0,-1,9,1
53904,72.88339037,19.18953707,10,3,2,1,5,18:23,148,E08000022,3,1,3,60,1,4,3,19,0,0,1,1,1,0,0,2,1,E01008582,19-05-2018,1,1,1,1,14,3,3,0,0,0,0,-1,2,1
53905,72.92747141,19.10475846,10,3,2,2,5,17:11,145,E06000048,4,1334,6,30,3,4,6,6518,0,0,1,1,1,0,0,2,1,E01027544,19-05-2018,2,1,1,1,54,8,3,0,0,0,0,-1,9,1
53906,72.86984445,19.08522662,10,3,2,1,5,13:45,148,E08000022,3,19,3,70,1,4,3,19,0,0,1,5,2,0,0,2,2,E01008582,14-04-2018,1,1,3,1,3,1,3,5,3,0,0,-1,0,-1
53907,72.84056723,19.08642587,10,3,2,1,6,09:00,150,E08000024,3,1018,3,30,3,2,6,5006,0,5,1,2,2,0,0,1,1,E01008740,20-05-2018,1,1,1,1,18,4,3,0,0,0,0,-1,2,1
53908,72.93064028,19.11238407,10,3,2,2,6,16:20,142,E06000048,3,192,3,70,9,4,6,9559,0,0,1,1,1,0,0,2,1,E01027398,13-05-2018,2,1,1,2,39,7,3,0,0,0,0,-1,9,1
53909,72.90339696,19.08511377,10,3,2,1,6,18:40,147,E08000021,3,193,1,30,1,4,2,167,0,0,1,1,1,0,0,1,1,E01008408,20-05-2018,2,1,2,2,10,2,3,0,0,2,0,-1,9,-1
53910,72.83406192,19.06557133,10,3,2,2,5,07:57,143,E06000048,5,343,6,60,9,4,6,0,0,0,1,2,2,0,0,2,1,E01027471,19-05-2018,1,1,3,2,14,3,3,5,3,0,0,-1,0,-1
53911,72.89981582,19.07635013,10,2,2,3,7,11:25,144,E06000048,3,69,6,60,0,-1,-1,0,0,0,1,1,1,0,0,2,1,E01027488,21-05-2018,1,1,3,1,71,10,1,5,1,0,0,-1,0,-1
53912,72.84536926,19.20124971,10,3,2,2,5,14:15,145,E06000048,4,1334,6,60,1,4,3,189,0,0,1,1,1,0,0,2,1,E01027548,19-05-2018,2,1,1,2,36,7,3,0,0,0,0,-1,9,1
53913,72.82943215,19.20520414,10,3,1,1,2,12:15,150,E08000024,6,435,6,30,3,4,6,435,0,0,1,1,1,0,0,1,2,E01008733,16-05-2018,2,2,2,2,40,7,3,0,0,1,0,-1,9,1
53914,72.83058053,19.19868584,10,3,1,1,5,20:29,150,E08000024,6,5006,6,30,0,-1,-1,0,0,0,1,1,1,0,0,1,1,E01008735,19-05-2018,1,1,3,1,15,3,2,8,1,0,0,-1,0,-1
53915,72.89192768,19.14570232,10,3,2,1,6,09:24,144,E06000048,3,68,6,60,3,4,6,8103,0,0,1,1,1,0,0,2,1,E01027506,20-05-2018,1,1,1,1,12,3,3,0,0,0,0,-1,1,-1
53916,72.83943933,19.07261626,10,3,2,1,6,13:45,144,E06000048,3,69,6,30,0,-1,-1,0,0,0,1,1,1,4,0,2,1,E01027488,20-05-2018,1,1,1,1,6,2,3,0,0,0,0,-1,1,1
53917,72.93140747,19.12318492,10,3,2,1,1,20:15,147,E08000021,3,191,6,30,3,4,6,126,0,0,1,1,1,0,0,1,2,E01008343,22-05-2018,2,1,1,1,47,8,3,0,0,0,0,-1,5,-1
53918,72.88351935,19.12990737,10,3,2,1,3,11:40,146,E08000020,3,1114,6,30,3,4,6,3043,0,0,1,1,2,0,0,1,1,E01008210,24-05-2018,1,1,2,2,13,3,3,0,0,2,0,-1,9,1
53919,72.9320991,19.09284307,10,3,2,2,2,07:15,150,E08000024,3,690,3,40,6,2,4,1405,0,5,1,1,1,0,0,1,1,E01008825,23-05-2018,1,2,2,2,14,3,3,0,0,2,0,-1,9,1
53920,72.88939837,19.05439938,10,3,2,1,1,19:03,146,E08000020,3,184,3,40,3,2,6,3054,0,0,1,1,1,0,0,1,1,E01008214,22-05-2018,2,1,1,2,50,8,3,0,0,0,0,-1,9,1
53921,72.83465712,19.1627099,10,3,2,3,1,13:40,146,E08000020,3,695,6,60,3,4,4,6315,0,0,1,1,1,0,0,2,1,E01008248,22-05-2018,1,1,1,2,22,5,3,0,0,0,0,-1,9,1
53922,72.86665105,19.05629324,10,3,2,1,1,10:40,150,E08000024,3,1290,6,60,0,-1,-1,0,0,0,1,1,1,0,0,2,1,E01008855,22-05-2018,2,2,1,1,36,7,3,0,0,0,0,-1,19,1
53923,72.86736358,19.12192032,10,3,1,1,6,17:10,148,E08000022,6,2003,6,30,0,-1,-1,0,0,0,1,1,1,0,0,1,2,E01008468,13-05-2018,2,3,2,1,49,8,3,0,0,0,0,-1,19,1
53924,72.87775361,19.20810648,10,3,2,1,1,12:00,150,E08000024,2,194,7,60,1,4,3,182,0,0,1,1,1,0,0,2,1,E01008879,22-05-2018,1,1,1,2,77,11,3,0,0,0,0,-1,90,1
53925,72.92128027,19.07867819,10,3,1,1,2,13:25,146,E08000020,5,313,6,30,3,4,6,225,0,0,1,1,2,0,0,1,1,E01008191,23-05-2018,1,1,3,1,18,4,3,4,1,0,0,-1,0,1
53926,72.91424103,19.12877856,10,3,3,1,4,09:30,148,E08000022,6,136,6,30,3,4,6,136,0,0,1,1,1,0,0,1,1,E01008488,18-05-2018,1,1,1,1,25,5,2,0,0,0,0,-1,3,1
53927,72.86499523,19.10891013,10,3,4,2,2,08:05,150,E08000024,3,690,3,50,0,-1,-1,0,0,0,1,1,1,0,0,2,1,E01008794,23-05-2018,2,1,1,1,37,7,3,0,0,0,0,-1,9,1
53928,72.90698482,19.12484351,10,3,1,1,1,20:25,146,E08000020,6,3033,6,30,0,-1,-1,0,0,0,1,1,1,0,0,1,1,E01008176,22-05-2018,1,1,1,1,13,3,3,0,0,0,0,-1,1,1
53929,72.83853755,19.14322147,10,1,1,4,7,14:50,146,E08000020,3,694,6,60,0,-1,-1,0,0,0,1,1,1,0,0,2,1,E01008184,21-05-2018,2,1,1,1,40,7,3,0,0,0,0,-1,9,1
53930,72.91829474,19.11636145,10,3,2,1,6,10:45,146,E08000020,6,416,6,30,3,4,6,416,0,0,1,1,1,0,0,1,2,E01008181,20-05-2018,2,1,2,2,40,7,3,0,0,1,0,-1,9,1
53931,72.90996735,19.15662823,10,3,1,1,2,15:20,147,E08000021,3,167,6,40,1,4,3,191,0,4,1,1,1,0,0,1,2,E01008300,23-05-2018,2,1,1,1,31,6,3,0,0,0,0,-1,9,-1
53932,72.85020698,19.08928775,10,3,1,1,2,17:20,142,E06000048,3,1068,3,60,0,-1,-1,0,0,0,1,1,1,0,0,2,2,E01027412,23-05-2018,1,1,3,1,18,4,3,9,9,0,0,-1,0,-1
53933,72.92579159,19.19594733,10,3,2,1,3,10:45,140,E06000048,3,697,6,60,3,4,4,6341,0,0,1,1,1,0,0,2,2,E01027365,17-05-2018,1,1,1,2,25,5,3,0,0,0,0,-1,9,-1
53934,72.84250324,19.13642549,10,2,1,1,5,20:45,147,E08000021,6,426,6,30,3,4,6,462,0,0,1,1,1,0,0,1,1,E01008427,19-05-2018,1,1,3,2,22,5,3,5,1,0,0,-1,0,1
53935,72.87432416,19.08160463,10,3,2,1,1,19:30,148,E08000022,6,2027,6,30,3,4,6,437,0,0,1,1,1,0,0,1,2,E01008523,15-05-2018,1,1,3,1,39,7,3,5,1,0,0,-1,0,-1
53936,72.93043575,19.08809837,10,3,2,1,3,19:00,150,E08000024,6,235,6,30,3,4,6,235,0,0,1,2,2,0,0,1,1,E01008788,24-05-2018,1,1,1,2,18,4,3,0,0,0,0,-1,3,-1
53937,72.87558819,19.07947346,10,3,2,1,2,18:43,148,E08000022,5,212,6,30,3,4,6,216,0,0,1,1,1,0,0,1,1,E01008485,23-05-2018,1,1,2,2,37,7,3,0,0,1,0,-1,19,1
53938,72.8617292,19.09005337,10,3,2,1,3,12:20,148,E08000022,3,1148,1,40,1,4,6,337,0,8,1,1,2,0,0,1,1,E01008548,24-05-2018,2,1,1,1,25,5,2,0,0,0,0,-1,5,-1
53939,72.93595018,19.08257473,10,3,2,3,7,15:20,150,E08000024,3,690,6,30,0,-1,-1,0,0,0,1,1,2,0,0,1,2,E01008827,21-05-2018,1,1,2,1,59,9,2,0,0,1,0,-1,9,-1
53940,72.86413014,19.07153406,10,3,2,1,2,15:35,150,E08000024,6,235,6,30,3,4,6,235,0,0,1,1,1,0,0,1,1,E01008760,23-05-2018,1,1,1,1,34,6,3,0,0,0,0,-1,9,1
53941,72.85604555,19.11227525,10,3,1,1,4,08:15,146,E08000020,5,328,6,30,3,4,6,3058,0,0,1,1,2,0,0,1,1,E01008231,25-05-2018,1,1,1,2,18,4,3,0,0,0,0,-1,9,1
53942,72.8872218,19.15793138,10,3,2,1,2,19:10,143,E06000048,5,348,6,30,3,4,6,9082,0,0,1,1,1,0,0,2,2,E01027464,23-05-2018,2,1,1,2,26,6,3,0,0,0,0,-1,9,1
53943,72.89491896,19.14619799,10,2,1,1,5,21:05,146,E08000020,5,305,6,60,3,4,6,416,0,0,1,1,1,0,0,2,1,E01008278,19-05-2018,2,2,2,2,24,5,3,0,0,1,0,-1,9,-1
53944,72.84679494,19.2014484,10,3,2,1,4,22:10,147,E08000021,3,189,3,30,6,2,3,167,0,5,4,1,1,0,0,1,1,E01008395,25-05-2018,1,1,3,1,76,11,2,5,1,0,0,-1,0,1
53945,72.92464772,19.1061905,10,3,1,1,4,16:00,146,E08000020,3,167,1,30,1,4,4,1426,0,0,1,1,1,0,0,1,2,E01008163,25-05-2018,2,1,1,2,18,4,3,0,0,0,0,-1,9,1
53946,72.85463464,19.11055491,10,3,1,1,7,14:45,147,E08000021,6,126,6,30,0,-1,-1,0,0,0,1,1,1,0,0,1,1,E01008380,21-05-2018,2,2,2,2,19,4,3,0,0,1,0,-1,9,-1
53947,72.91480977,19.06178108,10,2,2,1,3,14:19,147,E08000021,3,6085,6,40,3,4,6,416,0,0,1,1,1,0,0,1,1,E01008385,24-05-2018,2,3,2,2,19,4,3,0,0,2,0,-1,9,1
53948,72.88168218,19.09959306,10,3,2,1,5,17:35,146,E08000020,5,314,6,30,3,4,6,225,0,0,1,1,1,0,0,1,2,E01008234,26-05-2018,1,1,3,1,2,1,3,1,4,0,0,-1,0,1
53949,72.88214513,19.08530905,10,3,2,2,4,11:52,150,E08000024,6,145,6,30,3,4,6,145,0,0,1,1,1,0,0,1,1,E01008836,25-05-2018,2,1,3,1,16,4,3,5,2,0,0,-1,0,1
53950,72.85226974,19.12739309,10,3,2,1,4,11:21,149,E08000023,5,403,6,30,3,4,6,236,0,0,1,1,1,0,0,1,1,E01008667,25-05-2018,1,1,3,1,10,2,3,10,3,0,0,-1,0,-1