Accident_Index,longitude,latitude,Police_Force,Accident_Severity,Number_of_Vehicles,Number_of_Casualties,Day_of_Week,Time,Local_Authority_(District),Local_Authority_(Highway),1st_Road_Class,1st_Road_Number,Road_Type,Speed_limit,Junction_Detail,Junction_Control,2nd_Road_Class,2nd_Road_Number,Pedestrian_Crossing-Human_Control,Pedestrian_Crossing-Physical_Facilities,Light_Conditions,Weather_Conditions,Road_Surface_Conditions,Special_Conditions_at_Site,Carriageway_Hazards,Urban_or_Rural_Area,Did_Police_Officer_Attend_Scene_of_Accident,LSOA_of_Accident_Location,Date,Vehicle_Reference,Casualty_Reference,Casualty_Class,Sex_of_Casualty,Age_of_Casualty,Age_Band_of_Casualty,Casualty_Severity,Pedestrian_Location,Pedestrian_Movement,Car_Passenger,Bus_or_Coach_Passenger,Pedestrian_Road_Maintenance_Worker,Casualty_Type,Casualty_Home_Area_Type
53951,72.89482246,19.11823781,10,3,1,1,2,09:00,147,E08000021,5,142,6,20,0,-1,-1,0,0,0,1,1,1,0,0,1,1,E01008397,16-05-2018,1,1,1,1,38,7,3,0,0,0,0,-1,5,1
53952,72.84502129,19.19045862,10,3,2,1,3,08:16,146,E08000020,3,167,6,40,6,2,3,184,0,0,1,1,1,0,0,1,1,E01008166,17-05-2018,2,1,1,1,47,8,3,0,0,0,0,-1,1,-1
53953,72.83556682,19.11464378,10,3,1,1,4,09:22,144,E06000048,5,270,6,50,0,-1,-1,0,0,0,1,1,1,0,0,2,1,E01027507,25-05-2018,1,1,3,2,29,6,3,5,9,0,0,-1,0,1
53954,72.87462977,19.12208517,10,3,2,1,2,09:30,147,E08000021,3,1058,7,50,1,4,3,188,0,0,1,1,1,0,0,1,2,E01008318,23-05-2018,1,1,1,1,31,6,3,0,0,0,0,-1,10,1
53955,72.86820609,19.15285809,10,3,1,1,7,12:30,148,E08000022,3,193,6,30,3,4,6,226,0,4,1,1,1,0,0,1,1,E01008575,28-05-2018,1,1,1,1,41,7,3,0,0,0,0,-1,9,1
53956,72.90480838,19.08967797,10,3,1,1,7,13:11,150,E08000024,6,235,6,30,0,-1,-1,0,0,0,1,1,1,0,0,1,1,E01008830,30-04-2018,1,1,2,2,60,9,3,0,0,0,1,-1,11,-1
53957,72.88684193,19.11710769,10,2,4,4,7,00:20,146,E08000020,3,694,6,30,0,-1,-1,0,0,0,4,1,2,0,0,2,1,E01008184,28-05-2018,2,1,2,2,13,3,3,0,0,2,0,-1,9,-1
53958,72.9215204,19.14411126,10,3,1,1,7,16:00,150,E08000024,6,235,2,30,0,-1,-1,0,0,0,1,4,1,0,0,1,2,E01008703,28-05-2018,1,1,1,1,20,4,3,0,0,0,0,-1,3,1
53959,72.85259306,19.18036607,10,3,2,1,4,06:50,150,E08000024,6,135,6,30,0,-1,-1,0,0,0,1,1,2,0,0,2,2,E01008855,25-05-2018,1,1,1,1,44,7,3,0,0,0,0,-1,9,-1
53960,72.87054503,19.15393616,10,3,1,1,6,19:13,147,E08000021,3,191,6,30,3,2,4,1318,0,4,1,1,1,0,0,1,1,E01008355,27-05-2018,1,3,2,2,29,6,3,0,0,1,0,-1,9,-1
53961,72.83758417,19.19034529,10,2,1,2,4,17:38,146,E08000020,2,194,3,70,0,-1,-1,0,0,0,1,1,1,0,0,2,1,E01008283,25-05-2018,2,2,1,1,18,4,3,0,0,0,0,-1,9,1
53962,72.85065861,19.20579829,10,3,2,1,3,10:13,147,E08000021,3,186,1,30,1,4,3,191,0,0,1,1,1,0,0,1,1,E01008416,24-05-2018,2,1,1,2,16,4,3,0,0,0,0,-1,16,1
53963,72.83400873,19.14962632,10,2,1,1,1,15:35,144,E06000048,3,6320,6,60,0,-1,-1,0,0,0,1,4,1,0,0,2,1,E01027479,29-05-2018,1,1,3,1,35,6,3,3,1,0,0,-1,0,1
53964,72.84469766,19.09366518,10,3,1,1,2,17:40,142,E06000048,3,193,6,30,3,4,6,9527,1,0,1,1,1,0,0,2,1,E01027419,23-05-2018,2,1,1,2,39,7,3,0,0,0,0,-1,9,1
53965,72.84135083,19.14151355,10,3,2,1,4,14:45,146,E08000020,4,1426,6,30,0,-1,-1,0,0,0,1,1,1,0,0,1,2,E01008259,18-05-2018,2,2,2,1,12,3,3,0,0,1,0,-1,9,1
53966,72.93111641,19.14174172,10,2,2,2,1,13:15,140,E06000048,4,6342,6,60,0,-1,-1,0,0,0,1,1,1,0,0,2,1,E01027368,29-05-2018,1,1,1,2,20,4,2,0,0,0,0,-1,9,1
53967,72.88987577,19.05599128,10,3,1,1,5,11:45,146,E08000020,6,426,6,30,3,4,6,426,0,0,1,1,1,0,0,1,2,E01008244,26-05-2018,1,2,2,1,20,4,2,0,0,1,0,-1,9,1
53968,72.92345281,19.0649729,10,3,3,1,4,11:58,142,E06000048,3,19,3,70,0,-1,-1,0,0,0,1,1,1,0,2,2,1,E01027436,25-05-2018,2,1,1,1,43,7,3,0,0,0,0,-1,1,-1
53969,72.82685961,19.18471207,10,3,2,1,4,11:40,141,E06000048,4,1340,6,30,0,-1,-1,0,0,0,1,1,1,0,2,2,1,E01027384,18-05-2018,1,1,1,1,21,5,3,0,0,0,0,-1,9,1
53970,72.84982722,19.13052114,10,3,2,1,6,15:15,148,E08000022,6,2013,6,30,3,4,6,136,0,0,1,1,1,0,0,1,2,E01008491,27-05-2018,1,1,3,2,13,3,2,5,4,0,0,-1,0,-1
53971,72.93376675,19.14845478,10,3,2,1,7,17:05,144,E06000048,3,69,6,30,3,4,4,6319,0,0,1,4,1,0,0,2,1,E01027488,28-05-2018,1,1,1,1,16,4,3,0,0,0,0,-1,2,1
53972,72.83185363,19.10791789,10,3,3,2,4,18:10,148,E08000022,3,1056,6,60,3,4,6,427,0,0,1,1,1,0,0,2,2,E01008577,04-05-2018,2,1,1,2,46,8,3,0,0,0,0,-1,9,1
53973,72.88719648,19.11746881,10,3,2,1,7,17:17,146,E08000020,3,694,1,30,1,4,4,6317,0,0,1,2,2,0,0,2,2,E01008181,07-05-2018,2,2,2,2,18,4,3,0,0,1,0,-1,9,1
53974,72.83684299,19.09091355,10,2,2,1,3,11:05,147,E08000021,3,186,6,30,3,4,5,139,0,8,1,1,2,0,0,1,1,E01008304,24-05-2018,1,1,1,1,22,5,3,0,0,0,0,-1,9,1
53975,72.86838058,19.09493779,10,3,2,1,3,18:00,148,E08000022,4,1505,6,30,7,4,6,427,0,0,1,5,2,0,0,1,2,E01008499,24-05-2018,2,2,1,1,27,6,3,0,0,0,0,-1,9,1
53976,72.93347457,19.1336103,10,3,2,3,5,12:20,146,E08000020,3,1,3,70,0,-1,-1,0,0,0,1,1,1,0,0,1,1,E01008260,05-05-2018,1,1,1,2,20,4,3,0,0,0,0,-1,9,1
53977,72.92951286,19.08716654,10,3,2,1,1,12:50,147,E08000021,5,123,6,30,0,-1,-1,0,0,0,1,1,1,0,0,1,1,E01008321,29-05-2018,2,2,1,1,59,9,3,0,0,0,0,-1,9,1
53978,72.90028467,19.07976032,10,3,2,2,2,16:45,150,E08000024,5,511,6,30,8,4,6,235,0,0,1,1,1,0,0,1,2,E01008704,16-05-2018,2,1,1,1,51,8,3,0,0,0,0,-1,9,1
53979,72.8624488,19.08738328,10,3,2,1,3,11:16,150,E08000024,6,235,6,30,3,4,6,235,0,0,1,1,1,0,0,1,2,E01008729,17-05-2018,2,2,2,1,25,5,3,0,0,1,0,-1,9,-1
53980,72.90452591,19.19364686,10,3,1,2,4,18:40,148,E08000022,6,236,6,30,0,-1,-1,0,0,0,1,1,1,0,0,1,2,E01008558,25-05-2018,1,1,1,1,42,7,3,0,0,0,0,-1,21,1
53981,72.88810573,19.15385345,10,2,2,1,6,14:55,149,E08000023,6,334,6,30,3,4,6,334,0,0,1,1,1,0,0,1,1,E01008662,27-05-2018,1,1,2,1,14,3,3,0,0,0,4,-1,11,-1
53982,72.91117412,19.10350136,10,3,2,1,1,20:00,143,E06000048,4,6343,6,60,0,-1,-1,0,0,0,1,1,1,0,0,2,1,E01027448,15-05-2018,1,2,2,1,14,3,3,0,0,0,4,-1,11,-1
53983,72.89972073,19.08187382,10,3,1,1,7,13:03,148,E08000022,6,337,6,30,0,-1,-1,0,0,0,1,4,1,0,0,2,1,E01008565,28-05-2018,1,1,2,1,65,9,3,0,0,0,4,-1,11,-1
53984,72.91630857,19.20020555,10,3,2,1,1,13:10,150,E08000024,6,5027,6,30,6,4,6,145,0,0,1,1,1,0,0,1,1,E01008703,29-05-2018,1,1,1,2,20,4,3,0,0,0,0,-1,9,1
53985,72.8640174,19.1096249,10,3,2,1,3,16:20,149,E08000023,3,19,6,30,2,2,3,185,0,0,1,1,1,0,0,1,2,E01008661,24-05-2018,2,2,1,2,44,7,3,0,0,0,0,-1,9,1
53986,72.89966774,19.2054322,10,3,1,1,2,09:00,150,E08000024,6,235,6,30,3,4,6,235,0,0,1,1,1,0,0,1,1,E01008820,30-05-2018,2,1,2,1,17,4,3,0,0,1,0,-1,9,1
53987,72.93235122,19.09165198,10,3,3,2,6,16:16,150,E08000024,5,514,6,30,3,4,6,235,0,0,1,1,1,0,0,1,1,E01008835,27-05-2018,1,1,1,2,43,7,3,0,0,0,0,-1,9,1
53988,72.89562709,19.19989303,10,3,2,1,6,09:15,144,E06000048,4,6309,6,60,0,-1,-1,0,0,0,1,1,2,0,0,2,1,E01027483,27-05-2018,2,1,1,2,63,9,3,0,0,0,0,-1,9,1
53989,72.8433036,19.14461628,10,3,2,1,2,16:55,144,E06000048,3,68,6,60,3,4,4,6278,0,0,1,1,1,0,0,2,1,E01027506,30-05-2018,3,2,1,1,57,9,3,0,0,0,0,-1,9,1
53990,72.82997077,19.15553721,10,2,1,1,6,10:35,144,E06000048,3,69,3,70,0,-1,-1,0,0,0,1,4,1,0,0,2,1,E01027481,27-05-2018,2,1,1,1,19,4,3,0,0,0,0,-1,9,1
53991,72.86603037,19.10439907,10,3,1,1,1,15:48,150,E08000024,6,5058,6,40,3,4,6,5063,0,0,1,1,1,0,0,2,1,E01008777,29-05-2018,2,2,2,2,41,7,3,0,0,1,0,-1,9,1
53992,72.82731464,19.15629769,10,3,2,1,5,17:30,149,E08000023,6,336,6,30,9,4,6,336,0,0,1,1,1,0,0,1,1,E01008613,26-05-2018,1,1,1,1,47,8,3,0,0,0,0,-1,9,1
53993,72.92771631,19.09179837,10,3,3,1,6,17:17,146,E08000020,5,323,6,30,3,4,6,426,0,0,1,1,1,0,0,1,1,E01008202,27-05-2018,2,1,1,1,23,5,3,0,0,0,0,-1,1,1
53994,72.90917471,19.09910008,10,3,2,1,6,14:50,148,E08000022,3,193,6,30,3,4,6,2006,0,1,1,1,1,0,0,1,1,E01008537,27-05-2018,2,1,1,1,6,2,2,0,0,0,0,-1,1,1
53995,72.87077321,19.0805901,10,3,2,1,6,14:44,147,E08000021,5,140,6,30,0,-1,-1,0,0,0,1,1,2,0,0,1,2,E01008397,27-05-2018,2,1,1,1,4,1,3,0,0,0,0,-1,1,-1
53996,72.87040671,19.12221709,10,3,2,1,2,21:40,143,E06000048,5,118,6,60,3,4,3,1068,0,0,6,2,2,0,0,2,1,E01027475,30-05-2018,1,1,3,2,76,11,2,1,3,0,0,-1,0,-1
53997,72.88836211,19.0666966,10,3,2,1,3,20:15,144,E06000048,3,68,6,60,1,4,3,69,0,0,1,1,1,0,0,2,1,E01027483,31-05-2018,1,1,3,2,12,3,3,5,1,0,0,-1,0,1
53998,72.9005481,19.11713534,10,3,2,2,3,17:15,148,E08000022,3,191,6,30,1,4,5,202,0,0,1,1,1,0,0,1,2,E01008488,31-05-2018,1,1,3,2,5,1,3,5,1,0,0,-1,0,3
53999,72.86454439,19.08518474,10,3,1,1,6,17:10,147,E08000021,5,137,6,30,3,4,6,112,0,0,1,1,1,0,0,1,1,E01008397,27-05-2018,2,1,1,1,28,6,3,0,0,0,0,-1,9,1
54000,72.89359974,19.18776682,10,3,2,1,1,12:45,146,E08000020,5,323,6,30,3,2,3,167,0,0,1,2,2,0,0,1,1,E01008203,22-05-2018,2,2,2,2,25,5,3,0,0,2,0,-1,9,1
54001,72.84642094,19.06358764,10,3,1,1,4,10:35,140,E06000048,5,423,6,30,3,4,4,6341,0,0,1,2,2,0,0,2,1,E01027359,01-06-2018,2,3,2,2,1,1,3,0,0,2,0,-1,9,1
54002,72.91058176,19.08412205,10,3,2,2,5,16:30,147,E08000021,3,186,6,30,3,4,4,1312,0,0,1,1,1,0,0,1,2,E01008406,19-05-2018,2,1,1,1,41,7,3,0,0,0,0,-1,5,1
54003,72.82844061,19.09793835,10,3,2,1,3,17:40,141,E06000048,3,698,6,30,0,-1,-1,0,0,0,1,1,1,0,0,1,1,E01027387,31-05-2018,2,1,1,2,36,7,3,0,0,0,0,-1,9,1
54004,72.87964706,19.15662505,10,3,2,1,3,13:24,147,E08000021,3,186,6,30,1,4,4,1305,0,0,1,1,1,0,0,1,1,E01008289,31-05-2018,1,1,3,1,45,7,3,6,9,0,0,-1,0,1
54005,72.87653842,19.18835653,10,3,1,1,3,19:05,150,E08000024,3,183,6,30,3,4,6,335,0,0,1,1,1,0,0,1,1,E01008801,31-05-2018,2,1,2,2,63,9,3,0,0,1,0,-1,9,1
54006,72.87078729,19.1731549,10,3,2,1,4,07:55,148,E08000022,3,193,6,30,3,4,6,136,0,0,1,2,2,0,0,1,1,E01008571,01-06-2018,2,2,2,2,26,6,3,0,0,2,0,-1,9,1
54007,72.85228751,19.20908291,10,3,2,1,5,17:00,150,E08000024,6,235,6,30,3,4,6,235,0,0,1,1,1,0,0,1,1,E01008820,26-05-2018,1,1,3,1,17,4,1,5,1,0,0,-1,0,1
54008,72.90608162,19.09596297,10,3,2,1,3,16:35,143,E06000048,3,1068,6,60,0,-1,-1,0,0,0,1,1,1,0,0,2,1,E01027475,31-05-2018,1,1,3,1,45,7,3,8,3,0,0,-1,0,1
54009,72.93436139,19.15950111,10,3,2,1,6,13:50,146,E08000020,5,314,6,30,0,-1,-1,0,0,0,1,1,1,0,0,2,1,E01008226,27-05-2018,2,1,1,2,21,5,3,0,0,0,0,-1,9,1
54010,72.86841056,19.17698843,10,3,2,1,7,15:49,148,E08000022,6,427,6,30,3,4,4,1321,0,0,1,1,1,0,0,2,2,E01008583,19-03-2018,1,1,3,2,10,2,3,2,1,0,0,-1,0,1
54011,72.92276479,19.16998984,10,3,2,2,5,16:45,146,E08000020,3,184,3,70,0,-1,-1,0,0,0,1,1,1,0,0,1,1,E01008259,02-06-2018,2,1,1,1,54,8,3,0,0,0,0,-1,9,1
54012,72.8992872,19.09053913,10,3,2,2,2,09:58,141,E06000048,3,698,6,60,6,4,5,8,0,0,1,1,1,0,0,2,1,E01027382,23-05-2018,2,1,1,2,22,5,3,0,0,0,0,-1,9,1
54013,72.87512841,19.13571328,10,3,2,1,4,08:50,143,E06000048,6,6042,6,60,0,-1,-1,0,0,0,1,2,2,0,0,2,1,E01027447,01-06-2018,2,2,2,1,23,5,3,0,0,1,0,-1,9,1
54014,72.89436641,19.14472122,10,2,2,8,7,12:46,142,E06000048,4,1505,6,30,3,4,3,193,0,0,1,4,1,0,0,2,1,E01027425,28-05-2018,1,1,1,1,30,6,3,0,0,0,0,-1,2,-1
54015,72.85435726,19.08893927,10,3,1,1,5,03:30,147,E08000021,3,69,3,70,0,-1,-1,0,0,0,6,1,2,0,0,2,1,E01008443,02-06-2018,2,2,2,2,62,9,3,0,0,1,0,-1,9,1
54016,72.92685914,19.08682231,10,3,2,1,5,20:19,144,E06000048,3,69,6,60,3,4,4,6322,0,0,1,1,1,0,0,2,1,E01027487,02-06-2018,1,1,1,1,26,6,3,0,0,0,0,-1,9,1
54017,72.84685589,19.15291356,10,3,2,2,5,18:03,148,E08000022,4,1505,1,30,1,4,3,191,0,0,1,1,1,0,0,1,1,E01008501,02-06-2018,1,2,2,2,20,4,3,0,0,1,0,-1,9,1
54018,72.8507864,19.12540039,10,2,2,1,7,10:34,141,E06000048,3,697,6,30,8,4,6,0,0,0,1,1,1,0,0,2,1,E01027382,14-05-2018,2,1,1,2,35,6,3,0,0,0,0,-1,9,1
54019,72.86259017,19.08072837,10,3,2,2,4,08:45,148,E08000022,3,189,6,30,3,4,6,1030,0,8,1,2,2,0,0,2,1,E01008310,01-06-2018,2,2,2,2,15,3,3,0,0,2,0,-1,9,1
54020,72.90192886,19.11363775,10,3,1,1,1,17:25,146,E08000020,6,225,6,30,3,4,6,225,0,0,1,1,1,0,0,1,1,E01008227,29-05-2018,2,3,2,2,15,3,3,0,0,2,0,-1,9,-1
54021,72.8900525,19.09444855,10,3,2,1,2,16:30,140,E06000048,4,6347,6,60,3,4,4,1340,0,0,1,1,1,0,0,2,2,E01027366,30-05-2018,2,1,1,2,39,7,3,0,0,0,0,-1,9,1
54022,72.83346678,19.11304598,10,3,2,1,5,20:54,143,E06000048,5,151,6,60,0,-1,-1,0,0,0,1,1,1,0,0,2,1,E01027473,26-05-2018,1,1,3,1,15,3,3,6,9,0,0,-1,0,-1
54023,72.83100806,19.11233542,10,3,2,1,4,14:09,142,E06000048,6,9516,6,30,3,4,6,0,0,0,1,2,2,0,0,1,1,E01027430,01-06-2018,2,1,1,1,60,9,3,0,0,0,0,-1,1,1
54024,72.83747788,19.17517024,10,3,2,2,5,18:00,147,E08000021,4,1600,6,30,3,4,6,226,0,1,1,1,1,0,0,1,1,E01008407,02-06-2018,1,1,1,1,33,6,3,0,0,0,0,-1,5,-1
54025,72.86006403,19.07769722,10,3,3,2,6,14:00,148,E08000022,3,186,6,30,3,4,6,337,0,0,1,1,1,0,0,1,2,E01008566,03-06-2018,2,1,1,1,51,8,2,0,0,0,0,-1,5,1
54026,72.85528191,19.08763323,10,2,2,1,6,00:14,147,E08000021,6,226,6,30,0,-1,-1,0,0,0,1,1,1,0,0,1,1,E01008317,27-05-2018,1,1,3,1,7,2,2,5,2,0,0,-1,0,-1
54027,72.92411696,19.20084516,10,3,2,1,4,15:18,148,E08000022,3,19,7,40,5,4,3,19,0,0,1,2,2,0,0,2,1,E01008570,01-06-2018,1,1,2,1,19,4,3,0,0,1,0,-1,9,-1
54028,72.87470928,19.17922959,10,3,3,1,4,15:27,146,E08000020,4,1295,6,30,2,4,4,1295,0,0,1,2,2,0,0,1,1,E01008217,01-06-2018,2,1,1,1,32,6,3,0,0,0,0,-1,9,1
54029,72.86202035,19.1062102,10,3,2,1,6,15:40,146,E08000020,3,1,3,70,0,-1,-1,0,0,0,1,1,1,0,0,1,2,E01008181,03-06-2018,1,1,1,1,22,5,3,0,0,0,0,-1,9,1
54030,72.92504916,19.10949892,10,3,1,1,4,17:30,146,E08000020,5,308,3,60,0,-1,-1,0,0,0,1,1,2,0,0,2,1,E01008226,01-06-2018,1,1,1,1,15,3,3,0,0,0,0,-1,9,1
54031,72.88808016,19.12924738,10,3,2,3,5,17:11,150,E08000024,6,5029,6,30,3,4,6,135,0,0,1,9,1,0,0,1,1,E01008695,02-06-2018,1,2,2,1,16,4,3,0,0,2,0,-1,9,1
54032,72.91035265,19.149736,10,3,1,1,5,17:56,148,E08000022,3,1058,6,30,0,-1,-1,0,0,0,1,1,1,0,0,1,2,E01008493,02-06-2018,1,1,3,1,15,3,3,10,3,0,0,-1,0,-1
54033,72.92220755,19.09244006,10,3,2,3,5,19:30,150,E08000024,3,1018,3,40,0,-1,-1,0,0,0,1,1,1,0,0,2,2,,26-05-2018,1,1,1,1,15,3,3,0,0,0,0,-1,1,1
54034,72.88042303,19.11196649,10,3,1,1,1,01:40,147,E08000021,4,1307,6,20,0,-1,-1,0,0,0,1,1,1,0,0,1,1,E01008440,08-05-2018,1,1,3,1,12,3,3,8,3,0,0,-1,0,1
54035,72.91382333,19.13318164,10,2,1,1,1,15:46,140,E06000048,4,6341,6,60,0,-1,-1,0,0,0,1,1,1,0,0,2,1,E01027373,22-05-2018,2,1,1,1,42,7,3,0,0,0,0,-1,9,1
54036,72.84741943,19.18617376,10,3,3,4,2,20:36,148,E08000022,3,192,6,30,0,-1,-1,0,0,0,1,1,1,0,0,1,1,E01008525,30-05-2018,2,1,1,1,6,2,2,0,0,0,0,-1,1,1
54037,72.92193317,19.11645855,10,3,2,1,5,18:12,150,E08000024,3,1018,6,30,6,4,6,145,0,0,1,1,1,0,0,1,1,E01008703,02-06-2018,1,1,2,2,28,6,3,0,0,2,0,-1,19,1
54038,72.93046555,19.08086778,10,3,1,1,7,23:15,140,E06000048,3,1068,6,30,0,-1,-1,0,0,0,4,2,2,0,0,2,1,E01027372,04-06-2018,1,1,1,2,24,5,3,0,0,0,0,-1,9,1
54039,72.92828523,19.17807378,10,2,2,1,2,16:30,148,E08000022,6,2040,6,30,3,4,6,437,0,0,1,1,1,0,0,1,2,E01008496,30-05-2018,1,3,2,2,8,2,3,0,0,2,0,-1,9,1
54040,72.86280445,19.17385936,10,3,1,1,7,02:20,147,E08000021,4,1307,6,20,0,-1,-1,0,0,0,4,1,1,0,0,1,2,E01008440,28-05-2018,1,4,2,1,8,2,3,0,0,2,0,-1,9,1
54041,72.89965812,19.16115971,10,3,2,1,5,09:00,146,E08000020,6,326,6,30,3,4,6,326,0,0,1,1,2,0,0,1,1,E01008265,02-06-2018,1,5,2,1,2,1,3,0,0,2,0,-1,9,1
54042,72.86958301,19.09507098,10,3,2,1,3,13:51,148,E08000022,5,208,6,30,3,4,6,437,0,0,1,1,1,0,0,1,1,E01008562,31-05-2018,2,2,1,1,34,6,3,0,0,0,0,-1,19,1
54043,72.83512887,19.19650549,10,3,2,1,5,08:00,146,E08000020,4,6314,6,60,0,-1,-1,0,0,0,1,2,2,0,0,2,1,E01008184,02-06-2018,2,1,1,1,17,4,3,0,0,0,0,-1,1,1
54044,72.87494335,19.12394642,10,3,3,3,4,18:48,148,E08000022,6,2030,6,30,3,4,6,437,0,0,5,1,1,0,0,1,1,E01008584,01-06-2018,1,1,1,1,43,7,3,0,0,0,0,-1,9,1
54045,72.9273312,19.16450664,10,2,1,1,5,20:43,146,E08000020,6,225,6,30,0,-1,-1,0,0,0,1,1,1,0,0,1,1,E01008217,02-06-2018,1,1,1,1,30,6,3,0,0,0,0,-1,1,1
54046,72.83385012,19.15708401,10,3,2,2,4,20:10,146,E08000020,3,195,6,40,6,2,4,1288,0,5,1,1,1,0,0,2,1,E01008284,25-05-2018,2,1,1,2,36,7,3,0,0,0,0,-1,9,2
54047,72.83962213,19.08567278,10,3,3,1,5,17:30,147,E08000021,3,1,3,70,0,-1,-1,0,0,0,1,1,1,0,0,1,1,E01008327,02-06-2018,1,2,1,1,22,5,3,0,0,0,0,-1,9,-1
54048,72.880358,19.09458103,10,2,1,1,6,15:38,149,E08000023,4,1298,6,30,0,-1,-1,0,0,5,1,1,1,0,0,1,1,E01008590,03-06-2018,2,1,1,1,32,6,3,0,0,0,0,-1,9,1
54049,72.93241326,19.15229108,10,3,2,1,4,17:30,147,E08000021,6,216,6,40,0,-1,-1,0,0,0,1,2,2,0,0,1,1,E01008457,01-06-2018,2,1,1,1,28,6,3,0,0,0,0,-1,9,1
54050,72.93634559,19.06127299,10,3,2,2,1,13:29,148,E08000022,3,189,3,70,1,4,3,188,0,0,1,1,1,0,0,2,1,E01008514,05-06-2018,1,1,1,2,31,6,3,0,0,0,0,-1,9,1
54051,72.88504623,19.18293331,10,3,2,1,5,13:50,147,E08000021,3,6085,1,30,2,4,6,216,0,0,1,1,1,0,0,1,1,E01008401,02-06-2018,2,2,2,2,74,10,3,0,0,1,0,-1,9,1
54052,72.88617185,19.16284367,10,3,2,1,7,17:30,147,E08000021,6,126,6,30,3,4,4,1318,0,0,1,1,1,0,0,1,1,E01008358,28-05-2018,1,1,3,1,49,8,3,5,1,0,0,-1,0,1
54053,72.88725505,19.16523654,10,3,1,1,2,04:45,144,E06000048,3,68,6,60,0,-1,-1,0,0,0,1,1,1,0,0,2,1,E01027506,30-05-2018,1,2,2,2,54,8,3,0,0,1,0,-1,9,1
54054,72.85879028,19.10246334,10,3,2,1,6,15:45,145,E06000048,3,197,6,30,0,-1,-1,0,0,0,1,1,1,4,0,2,2,E01027540,03-06-2018,2,1,2,2,50,8,3,0,0,1,0,-1,8,1
54055,72.87360431,19.10432268,10,3,2,1,7,13:11,148,E08000022,4,1325,6,60,0,-1,-1,0,0,0,1,1,1,0,0,2,1,E01008549,04-06-2018,1,1,1,1,47,8,3,0,0,0,0,-1,9,1
54056,72.86475264,19.09782746,10,3,3,1,1,11:39,148,E08000022,4,1505,6,30,0,-1,-1,0,0,0,1,1,2,0,0,1,1,E01008500,01-05-2018,2,1,1,1,64,9,2,0,0,0,0,-1,8,3
54057,72.86362821,19.14790553,10,3,1,1,7,20:27,149,E08000023,3,185,6,30,1,4,6,4132,0,0,1,1,1,0,0,1,1,E01008600,04-06-2018,2,1,1,2,40,7,3,0,0,0,0,-1,9,1
54058,72.90104181,19.15080494,10,3,2,1,2,18:00,148,E08000022,6,226,6,30,0,-1,-1,0,0,0,1,1,1,0,0,1,1,E01008534,06-06-2018,1,1,1,1,31,6,3,0,0,0,0,-1,9,1
54059,72.84573191,19.10737362,10,3,2,1,6,14:35,148,E08000022,3,186,6,30,6,4,6,226,0,0,1,1,1,0,0,1,1,E01008536,03-06-2018,1,2,2,2,19,4,3,0,0,2,0,-1,9,-1
54060,72.92763186,19.09815128,10,3,2,1,2,07:32,150,E08000024,6,135,6,40,3,4,6,135,0,0,1,1,1,0,0,2,1,E01008855,06-06-2018,2,1,2,1,46,8,3,0,0,1,0,-1,8,1
54061,72.84489479,19.15927215,10,3,2,1,2,08:55,150,E08000024,3,690,2,30,3,4,6,235,0,0,1,1,1,0,0,1,1,E01008831,06-06-2018,2,2,2,2,47,8,3,0,0,2,0,-1,8,1
54062,72.91959326,19.16567943,10,2,2,2,7,20:59,147,E08000021,3,189,3,50,3,2,3,167,0,0,1,2,2,0,0,1,1,E01008395,04-06-2018,1,1,3,1,7,2,3,5,2,0,0,-1,0,1
54063,72.85887264,19.0881794,10,3,2,1,2,15:56,150,E08000024,3,1290,6,60,3,4,6,135,0,0,1,1,1,0,0,2,1,E01008855,06-06-2018,2,1,1,2,53,8,3,0,0,0,0,-1,9,1
54064,72.83053505,19.12297351,10,3,2,1,4,20:55,142,E06000048,5,410,6,30,3,4,6,9711,0,4,1,1,1,0,0,1,2,E01027422,01-06-2018,1,1,3,2,40,7,3,1,1,0,0,-1,0,1
54065,72.88070311,19.10270952,10,3,2,1,2,09:45,142,E06000048,4,1505,6,30,1,4,3,19,0,0,1,1,1,0,0,2,2,E01027406,06-06-2018,2,1,1,2,38,7,3,0,0,0,0,-1,9,2
54066,72.9098092,19.09490405,10,3,2,1,2,19:00,150,E08000024,4,1405,1,30,1,4,3,183,0,0,1,1,1,0,0,1,2,E01008732,30-05-2018,2,1,1,1,18,4,3,0,0,0,0,-1,2,-1
54067,72.92431805,19.20207427,10,3,2,1,5,08:30,143,E06000048,3,197,6,30,0,-1,-1,0,0,4,1,1,2,0,0,2,1,E01027463,02-06-2018,1,1,1,1,70,10,3,0,0,0,0,-1,9,1
54068,72.93178696,19.14075734,10,3,3,2,3,16:30,149,E08000023,3,1290,6,60,3,4,6,135,0,0,1,1,2,0,0,2,2,E01008615,24-05-2018,1,1,1,1,13,3,3,0,0,0,0,-1,1,1