Accident_Index,longitude,latitude,Police_Force,Accident_Severity,Number_of_Vehicles,Number_of_Casualties,Day_of_Week,Time,Local_Authority_(District),Local_Authority_(Highway),1st_Road_Class,1st_Road_Number,Road_Type,Speed_limit,Junction_Detail,Junction_Control,2nd_Road_Class,2nd_Road_Number,Pedestrian_Crossing-Human_Control,Pedestrian_Crossing-Physical_Facilities,Light_Conditions,Weather_Conditions,Road_Surface_Conditions,Special_Conditions_at_Site,Carriageway_Hazards,Urban_or_Rural_Area,Did_Police_Officer_Attend_Scene_of_Accident,LSOA_of_Accident_Location,Date,Vehicle_Reference,Casualty_Reference,Casualty_Class,Sex_of_Casualty,Age_of_Casualty,Age_Band_of_Casualty,Casualty_Severity,Pedestrian_Location,Pedestrian_Movement,Car_Passenger,Bus_or_Coach_Passenger,Pedestrian_Road_Maintenance_Worker,Casualty_Type,Casualty_Home_Area_Type
54069,72.88232921,19.19185224,10,3,1,1,4,13:25,142,E06000048,3,192,6,60,1,4,3,189,0,0,1,2,2,0,0,2,1,E01027427,01-06-2018,1,2,2,1,34,6,3,0,0,1,4,-1,10,-1
54070,72.83640041,19.10865547,10,2,2,1,3,20:55,142,E06000048,3,193,6,30,0,-1,-1,0,0,4,1,1,1,0,0,1,1,E01027415,31-05-2018,2,1,1,2,36,7,3,0,0,0,0,-1,9,1
54071,72.91551495,19.17665721,10,1,1,1,7,15:30,142,E06000048,6,9553,6,30,0,-1,-1,0,0,0,1,4,1,0,0,1,1,E01027412,28-05-2018,2,1,1,1,32,6,3,0,0,0,0,-1,1,1
54072,72.84412972,19.18970642,10,3,2,1,5,17:20,145,E06000048,4,1331,6,30,3,4,6,6722,0,0,1,1,1,0,0,1,1,E01027516,26-05-2018,1,1,2,2,20,4,3,0,0,2,0,-1,8,1
54073,72.89805104,19.09825962,10,3,2,1,2,18:30,148,E08000022,4,1318,6,60,1,4,3,19,0,0,1,1,1,0,0,2,1,E01008582,23-05-2018,1,1,1,1,51,8,3,0,0,0,0,-1,19,1
54074,72.93783467,19.14792797,10,2,2,3,7,15:57,143,E06000048,3,1,6,60,9,4,6,0,0,0,1,1,1,0,0,2,1,E01027448,14-05-2018,1,1,1,1,29,6,2,0,0,0,0,-1,9,1
54075,72.85558769,19.07302205,10,3,2,1,5,11:49,148,E08000022,4,1322,1,30,1,4,5,201,0,0,1,1,1,0,0,2,1,E01008565,02-06-2018,2,2,1,2,30,6,3,0,0,0,0,-1,9,1
54076,72.86454909,19.18825657,10,3,3,1,7,00:45,147,E08000021,3,1,3,70,5,4,3,1,0,0,4,1,1,0,0,2,2,E01008308,04-06-2018,2,3,2,1,37,7,3,0,0,1,0,-1,9,1
54077,72.83520368,19.13220018,10,3,2,1,3,21:28,150,E08000024,6,235,1,30,2,4,6,235,0,0,1,1,1,0,0,1,1,E01008818,07-06-2018,2,4,2,1,8,2,3,0,0,2,0,-1,9,1
54078,72.89588414,19.1865482,10,3,1,1,7,12:44,149,E08000023,5,405,6,30,0,-1,-1,0,0,0,1,1,1,0,0,2,1,E01008613,04-06-2018,1,1,3,1,14,3,2,6,9,0,0,-1,0,1
54079,72.87239996,19.10503796,10,2,2,1,4,20:20,142,E06000048,4,1505,1,30,1,4,5,420,0,0,1,1,1,0,0,2,1,E01027400,08-06-2018,1,1,1,1,37,7,3,0,0,0,0,-1,5,1
54080,72.93369533,19.18996323,10,3,2,2,3,15:10,149,E08000023,3,1018,6,30,3,4,6,236,0,4,1,1,1,0,0,1,1,E01008667,07-06-2018,1,1,2,1,20,4,3,0,0,1,0,-1,9,1
54081,72.91283551,19.15216758,10,3,1,1,6,08:20,147,E08000021,4,6324,6,30,3,4,6,126,0,8,1,9,1,0,0,1,2,E01008445,13-05-2018,1,1,3,1,44,7,3,5,3,0,0,-1,0,1
54082,72.84451934,19.07791549,10,2,1,1,1,16:15,145,E06000048,6,6519,3,30,0,-1,-1,0,0,0,1,1,1,0,0,2,1,E01027542,05-06-2018,1,1,3,1,17,4,3,5,1,0,0,-1,0,1
54083,72.83960829,19.11186312,10,3,2,1,5,12:30,147,E08000021,3,695,6,30,9,4,3,6085,0,0,1,1,1,0,0,1,2,E01008417,26-05-2018,1,1,3,1,5,1,3,5,1,0,0,-1,0,1
54084,72.8953602,19.11178159,10,3,2,1,7,23:45,142,E06000048,5,420,6,30,0,-1,-1,0,0,0,4,2,2,0,0,2,1,E01027403,04-06-2018,1,1,1,2,31,6,3,0,0,0,0,-1,9,1
54085,72.92636116,19.13888562,10,3,2,1,3,16:20,145,E06000048,4,1334,6,60,1,4,3,189,0,0,1,1,1,0,0,2,1,E01027548,07-06-2018,2,1,1,2,33,6,3,0,0,0,0,-1,9,1
54086,72.91881184,19.1997907,10,3,3,1,6,17:25,143,E06000048,3,1,6,60,3,4,6,6060,0,0,1,1,1,0,0,2,1,E01027450,03-06-2018,1,1,3,1,4,1,3,6,9,0,0,-1,0,-1
54087,72.91966981,19.18272038,10,3,2,1,3,09:50,147,E08000021,6,126,6,30,0,-1,-1,0,0,0,1,1,1,0,0,1,2,E01008395,07-06-2018,2,1,1,1,33,6,3,0,0,0,0,-1,5,1
54088,72.87338426,19.18584929,10,3,2,1,2,22:50,148,E08000022,3,193,6,30,3,4,5,214,0,1,4,1,1,0,0,1,1,E01008481,06-06-2018,2,1,1,2,53,8,3,0,0,0,0,-1,9,1
54089,72.86203111,19.09283005,10,3,1,1,1,16:40,150,E08000024,3,183,6,30,3,4,6,335,0,8,1,1,1,0,0,1,1,E01008795,05-06-2018,2,2,2,2,40,7,3,0,0,1,0,-1,9,1
54090,72.87168983,19.14033366,10,3,3,1,3,15:40,149,E08000023,5,412,6,30,3,4,6,236,0,1,1,1,1,0,0,1,1,E01008648,07-06-2018,2,1,1,1,51,8,3,0,0,0,0,-1,9,1
54091,72.93280834,19.17982094,10,3,2,2,1,10:20,146,E08000020,5,312,6,60,3,4,5,311,0,0,1,2,2,0,0,2,1,E01008226,05-06-2018,1,1,3,1,60,9,3,5,2,0,0,-1,0,1
54092,72.91624213,19.13380921,10,3,3,1,1,12:00,146,E08000020,3,1,3,70,0,-1,-1,0,0,0,1,1,1,0,0,2,1,E01008226,05-06-2018,1,1,1,1,83,11,3,0,0,0,0,-1,9,-1
54093,72.87780291,19.18692401,10,3,5,1,7,16:20,146,E08000020,6,426,6,30,3,4,5,323,0,0,1,1,1,0,0,1,1,E01008216,04-06-2018,2,2,1,2,31,6,3,0,0,0,0,-1,9,-1
54094,72.91271641,19.20063837,10,2,2,1,6,11:30,147,E08000021,5,114,6,30,6,2,5,115,0,5,1,1,1,0,0,1,2,E01008453,03-06-2018,2,3,2,1,36,7,3,0,0,1,0,-1,9,-1
54095,72.83628421,19.06222517,10,3,2,1,4,15:58,146,E08000020,5,312,6,60,0,-1,-1,0,0,0,1,2,2,6,0,2,1,E01008226,01-06-2018,2,1,1,1,46,8,3,0,0,0,0,-1,9,1
54096,72.9145059,19.14063838,10,3,2,1,7,12:50,141,E06000048,3,1167,6,30,0,-1,-1,0,0,0,1,2,2,0,0,1,2,E01027378,04-06-2018,2,2,2,2,47,8,3,0,0,1,0,-1,9,1
54097,72.83205057,19.095768,10,3,2,1,3,15:15,146,E08000020,6,316,6,30,3,4,4,6317,0,0,1,1,1,0,0,1,1,E01008199,31-05-2018,1,1,1,2,60,9,3,0,0,0,0,-1,9,-1
54098,72.89167676,19.16974117,10,3,2,1,4,18:00,149,E08000023,6,336,6,30,3,4,6,336,0,0,1,1,1,0,0,1,2,E01008670,08-06-2018,1,1,3,1,12,3,3,5,2,0,0,-1,0,1
54099,72.85608206,19.07522392,10,3,1,1,2,10:50,149,E08000023,6,136,6,30,0,-1,-1,0,0,0,1,1,1,0,0,1,1,E01008600,06-06-2018,1,1,3,2,3,1,3,5,4,0,0,-1,0,1
54100,72.93285771,19.10563994,10,3,2,1,5,14:00,147,E08000021,4,1311,6,30,0,-1,-1,0,0,8,1,1,1,0,0,1,1,E01008414,07-04-2018,1,1,3,1,21,5,3,5,1,0,0,-1,0,-1
54101,72.82898429,19.11660823,10,3,1,1,3,00:30,148,E08000022,3,191,6,30,0,-1,-1,0,0,0,4,1,1,0,0,1,2,E01008556,07-06-2018,1,1,3,2,2,1,2,5,4,0,0,-1,0,-1
54102,72.93317736,19.14557651,10,3,2,1,6,16:45,148,E08000022,3,189,3,70,1,4,3,1056,0,0,1,1,1,0,0,2,2,E01008577,03-06-2018,1,1,3,1,7,2,3,5,3,0,0,-1,0,1
54103,72.90359841,19.13616524,10,3,1,1,6,12:30,145,E06000048,6,6705,6,30,0,-1,-1,0,0,0,1,1,1,0,7,1,2,E01027524,03-06-2018,1,1,3,2,18,4,3,8,1,0,0,-1,0,-1
54104,72.89189989,19.10533071,10,3,2,1,1,15:49,143,E06000048,3,697,6,60,0,-1,-1,0,0,0,1,1,1,0,0,2,1,E01027448,05-06-2018,1,2,1,2,27,6,3,0,0,0,0,-1,90,1
54105,72.84253528,19.12430673,10,2,1,1,3,16:05,143,E06000048,3,696,6,60,0,-1,-1,0,0,0,1,1,1,0,0,2,1,E01027473,07-06-2018,1,3,2,1,29,6,3,0,0,1,0,-1,90,1
54106,72.85325087,19.0887586,10,3,1,1,7,20:00,142,E06000048,3,1171,6,30,0,-1,-1,0,0,0,1,1,1,0,0,2,1,E01027409,04-06-2018,2,1,1,2,67,10,3,0,0,0,0,-1,9,1
54107,72.92231818,19.15914805,10,2,1,1,5,16:25,149,E08000023,6,236,6,30,3,4,6,236,0,0,1,1,1,0,0,1,2,E01008651,09-06-2018,2,4,2,2,69,10,3,0,0,1,0,-1,9,1
54108,72.90193131,19.1886997,10,3,2,1,4,13:30,142,E06000048,3,189,6,30,1,4,4,1505,0,0,1,1,1,0,0,2,2,E01027406,01-06-2018,2,5,2,2,73,10,3,0,0,2,0,-1,9,1
54109,72.83478791,19.0879952,10,2,1,2,4,06:40,148,E08000022,4,1322,6,30,0,-1,-1,0,0,0,1,1,1,0,0,2,1,E01008565,08-06-2018,1,1,3,2,23,5,3,6,9,0,0,-1,0,1
54110,72.88784966,19.11789288,10,3,1,1,4,13:45,147,E08000021,4,1600,6,30,3,4,6,226,0,1,1,1,1,0,0,1,1,E01008369,08-06-2018,1,1,1,1,11,3,3,0,0,0,0,-1,1,-1
54111,72.90167266,19.1990179,10,3,2,1,5,11:45,148,E08000022,3,19,3,70,0,-1,-1,0,0,0,1,1,1,6,0,2,1,E01008501,09-06-2018,2,1,1,1,29,6,3,0,0,0,0,-1,9,1
54112,72.89109175,19.14167841,10,2,2,1,4,09:35,148,E08000022,3,193,6,30,9,4,6,0,0,0,1,1,1,0,0,1,1,E01008542,08-06-2018,2,2,2,2,29,6,3,0,0,1,0,-1,9,1
54113,72.83405104,19.08415939,10,3,2,1,6,12:10,148,E08000022,3,19,3,70,6,4,3,1056,0,0,1,1,1,0,0,2,2,E01008504,03-06-2018,1,1,1,2,43,7,3,0,0,0,0,-1,9,1
54114,72.92935325,19.10673947,10,3,2,1,7,13:20,149,E08000023,4,1298,6,30,3,4,6,436,0,0,1,1,1,0,0,1,1,E01008591,11-06-2018,1,1,2,2,29,6,3,0,0,0,4,-1,11,-1
54115,72.91564259,19.10717633,10,3,2,2,7,13:42,149,E08000023,6,4115,6,30,3,4,6,236,0,5,1,1,1,0,0,1,1,E01008667,11-06-2018,1,2,2,2,29,6,3,0,0,0,4,-1,11,-1
54116,72.89014562,19.08202951,10,3,2,1,4,11:35,147,E08000021,3,189,3,50,7,2,3,167,0,0,1,1,1,0,0,1,1,E01008380,01-06-2018,1,3,2,2,29,6,3,0,0,0,4,-1,11,-1
54117,72.86250333,19.09515592,10,3,2,1,6,08:30,147,E08000021,3,187,3,30,3,2,6,0,0,4,1,1,1,0,0,1,1,E01008392,10-06-2018,1,4,2,2,29,6,3,0,0,0,4,-1,11,-1
54118,72.93136003,19.12920354,10,2,2,1,3,08:50,147,E08000021,5,107,6,40,3,4,5,109,0,0,1,1,1,0,0,1,1,E01008457,07-06-2018,2,1,2,2,29,6,3,0,0,2,0,-1,9,1
54119,72.90085147,19.08528184,10,3,4,2,5,16:40,149,E08000023,3,19,1,30,1,2,3,185,0,8,1,1,1,0,0,1,1,E01008600,09-06-2018,1,1,3,2,16,4,3,5,2,0,0,-1,0,1
54120,72.93617506,19.20883748,10,3,2,1,1,16:05,148,E08000022,3,191,6,30,0,-1,-1,0,0,1,1,2,2,0,0,1,1,E01008469,12-06-2018,1,1,2,1,33,6,3,0,0,1,0,-1,9,1
54121,72.90986851,19.12453701,10,3,2,1,7,15:40,149,E08000023,3,194,1,70,1,4,2,194,0,0,1,1,1,1,0,2,1,E01008629,11-06-2018,2,1,1,1,30,6,3,0,0,0,0,-1,1,1
54122,72.90957003,19.08855055,10,3,2,2,7,19:04,150,E08000024,5,517,6,30,3,4,6,335,0,0,1,1,1,0,0,1,1,E01008720,11-06-2018,1,1,1,1,26,6,3,0,0,0,0,-1,9,1
54123,72.88627087,19.19278113,10,3,2,1,5,18:45,147,E08000021,3,189,3,30,3,2,6,1112,0,0,1,1,1,0,0,1,1,E01008440,09-06-2018,2,2,2,1,52,8,3,0,0,1,0,-1,9,1
54124,72.86092204,19.15014169,10,3,2,1,6,20:20,146,E08000020,3,1,7,60,1,4,3,167,0,0,1,1,1,0,0,2,2,E01008224,20-05-2018,2,1,1,1,37,7,3,0,0,0,0,-1,9,1
54125,72.91993958,19.1864403,10,3,2,1,3,18:00,146,E08000020,5,307,6,30,3,4,6,326,0,0,1,1,1,0,0,1,1,E01008208,07-06-2018,2,2,2,2,43,7,3,0,0,2,0,-1,9,1
54126,72.9068365,19.1089456,10,3,2,1,5,17:37,146,E08000020,6,225,6,30,3,4,6,225,0,0,1,1,1,0,0,1,1,E01008235,09-06-2018,1,1,1,1,39,7,3,0,0,0,0,-1,9,1
54127,72.83056095,19.12165842,10,3,2,2,5,12:13,147,E08000021,6,326,6,30,6,4,6,326,0,0,1,1,1,0,0,1,1,E01008454,09-06-2018,2,1,1,1,48,8,3,0,0,0,0,-1,9,1
54128,72.927834,19.09535634,10,3,2,1,7,10:24,150,E08000024,3,690,6,30,3,4,6,5008,0,0,1,1,2,0,0,1,1,E01008835,11-06-2018,1,2,2,1,10,2,3,0,0,2,0,-1,9,1
54129,72.92285636,19.07337606,10,3,2,2,6,16:00,147,E08000021,3,167,6,50,6,4,3,189,0,0,1,1,1,0,0,1,1,E01008380,03-06-2018,2,1,1,1,61,9,3,0,0,0,0,-1,9,1
54130,72.83716865,19.16691037,10,3,2,3,1,14:45,147,E08000021,5,110,6,30,6,2,6,216,0,5,1,2,2,0,0,1,2,E01008381,12-06-2018,1,1,3,1,16,4,3,5,3,0,0,-1,0,1
54131,72.89313908,19.06664568,10,3,3,1,5,17:06,147,E08000021,3,188,6,30,3,2,6,226,0,4,1,1,1,0,0,1,1,E01008360,09-06-2018,2,1,1,1,62,9,3,0,0,0,0,-1,4,1
54132,72.89519092,19.05710337,10,3,6,3,3,17:40,148,E08000022,3,1,3,70,0,-1,-1,0,0,0,1,1,1,0,0,2,1,E01008307,07-06-2018,1,1,1,1,43,7,2,0,0,0,0,-1,9,1
54133,72.85687078,19.06688992,10,3,2,1,7,16:45,144,E06000048,3,69,7,60,1,4,3,69,0,0,1,1,1,0,0,2,1,E01027476,11-06-2018,2,2,1,1,18,4,3,0,0,0,0,-1,9,1
54134,72.91039658,19.1510572,10,3,1,1,6,13:45,147,E08000021,3,186,6,30,3,2,6,326,0,4,1,1,1,0,0,1,2,E01008349,10-06-2018,1,1,2,1,30,6,3,0,0,2,0,-1,9,1
54135,72.89080124,19.15333943,10,3,1,1,1,10:00,144,E06000048,4,6320,6,60,0,-1,-1,0,0,0,1,1,2,0,0,2,1,E01027495,05-06-2018,2,1,1,2,42,7,3,0,0,0,0,-1,9,1
54136,72.83321212,19.10784332,10,3,2,1,6,12:03,147,E08000021,3,189,3,40,3,2,4,1311,0,0,1,1,1,0,0,1,1,E01008440,10-06-2018,2,2,2,2,17,4,3,0,0,1,0,-1,9,1
54137,72.88883879,19.12932715,10,1,1,2,4,22:00,147,E08000021,3,186,6,30,0,-1,-1,0,0,1,4,1,1,0,0,1,1,E01008398,08-06-2018,2,3,2,2,22,5,3,0,0,2,0,-1,9,1
54138,72.92958751,19.06282426,10,3,2,2,4,10:15,147,E08000021,3,189,6,50,6,2,3,167,0,0,1,1,1,0,0,1,1,E01008395,08-06-2018,2,4,2,2,35,6,3,0,0,2,0,-1,9,1
54139,72.83821233,19.11656239,10,3,2,1,7,15:15,147,E08000021,3,193,3,30,6,2,4,1600,0,0,1,1,1,4,0,1,1,E01008406,04-06-2018,2,1,1,2,39,7,3,0,0,0,0,-1,9,1
54140,72.90976073,19.17203882,10,3,1,2,6,14:35,146,E08000020,4,1426,6,30,3,4,6,326,0,0,1,1,1,0,0,1,2,E01008170,10-06-2018,2,1,1,2,47,8,3,0,0,0,0,-1,9,1
54141,72.899883,19.20441774,10,3,2,1,2,17:45,143,E06000048,6,6116,6,30,3,4,6,6067,0,0,1,1,1,6,0,1,1,E01027452,06-06-2018,2,1,1,1,26,6,3,0,0,0,0,-1,5,1
54142,72.82909211,19.20130449,10,3,2,2,1,12:50,143,E06000048,3,697,6,60,0,-1,-1,0,0,0,1,2,2,0,0,2,1,E01027450,12-06-2018,2,1,1,1,39,7,3,0,0,0,0,-1,5,1
54143,72.8802977,19.18666557,10,2,2,7,1,13:35,145,E06000048,3,192,6,60,0,-1,-1,0,0,0,1,1,2,6,0,2,1,E01027521,12-06-2018,2,1,1,2,38,7,3,0,0,0,0,-1,9,-1
54144,72.83303353,19.11820801,10,3,3,2,6,15:00,149,E08000023,3,183,6,30,0,-1,-1,0,0,5,1,1,1,0,0,1,2,E01008597,10-06-2018,1,1,1,1,19,4,3,0,0,0,0,-1,9,1
54145,72.87498885,19.1703127,10,3,2,2,1,11:26,145,E06000048,3,197,6,30,0,-1,-1,0,0,8,1,1,1,0,0,1,1,E01027525,29-05-2018,1,2,3,1,22,5,2,5,1,0,0,-1,0,1
54146,72.93623452,19.05513404,10,3,2,1,3,16:10,148,E08000022,3,189,3,70,1,4,3,1056,0,0,1,1,1,0,0,2,2,E01008516,07-06-2018,2,1,1,1,51,8,3,0,0,0,0,-1,1,1
54147,72.91894711,19.07479227,10,3,2,1,5,16:44,146,E08000020,6,3019,6,30,3,4,6,416,0,0,5,1,1,0,0,1,1,E01008280,02-06-2018,2,1,1,1,25,5,3,0,0,0,0,-1,19,1
54148,72.89780517,19.09025715,10,2,2,2,3,09:00,145,E06000048,3,196,6,30,3,4,6,0,0,0,1,1,1,0,0,2,1,E01027538,07-06-2018,1,1,3,1,6,2,3,5,1,0,0,-1,0,-1
54149,72.82799421,19.12883616,10,3,3,1,7,16:20,148,E08000022,3,1,3,70,1,4,3,19,0,8,1,1,1,0,0,2,1,E01008582,11-06-2018,1,1,3,2,13,3,3,5,4,0,0,-1,0,1
54150,72.85721655,19.17606735,10,2,1,1,7,20:40,146,E08000020,6,426,6,30,0,-1,-1,0,0,0,1,1,1,0,0,1,1,E01008255,11-06-2018,1,1,3,2,40,7,3,5,1,0,0,-1,0,1
54151,72.89357285,19.07132405,10,3,4,1,1,18:05,146,E08000020,3,1,3,70,0,-1,-1,0,0,0,1,2,2,0,0,1,1,E01008260,12-06-2018,2,1,1,2,12,3,3,0,0,0,0,-1,1,1
54152,72.88900964,19.20113905,10,3,2,1,6,08:50,142,E06000048,3,19,3,70,1,4,3,189,0,0,1,1,1,0,0,2,1,E01027436,10-06-2018,1,1,1,2,32,6,3,0,0,0,0,-1,9,1
54153,72.93293715,19.1701949,10,3,2,1,6,22:45,146,E08000020,5,301,6,30,0,-1,-1,0,0,0,4,1,1,0,0,2,1,E01008197,10-06-2018,2,2,2,2,81,11,3,0,0,1,0,-1,9,-1
54154,72.92739938,19.07486038,10,3,1,1,2,18:10,146,E08000020,6,326,6,30,0,-1,-1,0,0,0,1,1,1,0,0,1,1,E01008258,30-05-2018,1,1,1,1,16,4,3,0,0,0,0,-1,3,1
54155,72.8912063,19.20623469,10,3,2,2,4,09:00,145,E06000048,4,1334,6,60,1,4,3,189,0,0,1,1,1,0,0,2,1,E01027548,08-06-2018,1,1,1,1,31,6,3,0,0,0,0,-1,1,1
54156,72.90790172,19.0592223,10,3,2,1,5,09:00,142,E06000048,3,189,3,70,1,4,3,192,0,0,1,1,1,0,0,2,1,E01027398,09-06-2018,1,1,3,1,38,7,3,5,1,0,0,-1,0,1
54157,72.86359665,19.07201097,10,3,2,1,2,14:00,148,E08000022,6,2003,6,30,0,-1,-1,0,0,0,1,1,1,0,0,1,2,E01008465,06-06-2018,2,1,1,1,18,4,3,0,0,0,0,-1,9,1
54158,72.82658902,19.19404218,10,3,1,1,1,05:53,144,E06000048,6,8285,6,30,3,4,6,8285,0,0,1,1,1,0,0,1,1,E01027499,12-06-2018,2,1,1,1,7,2,3,0,0,0,0,-1,1,1
54159,72.8902756,19.12648636,10,3,2,1,4,10:00,150,E08000024,3,1290,6,30,3,4,6,135,0,0,1,2,2,0,0,2,1,E01008853,01-06-2018,1,1,1,2,23,5,3,0,0,0,0,-1,9,1
54160,72.84747828,19.15850286,10,3,2,1,2,16:43,147,E08000021,3,167,3,50,1,4,3,167,0,0,1,2,2,0,0,1,1,E01008450,13-06-2018,1,1,1,1,10,2,3,0,0,0,0,-1,2,-1
54161,72.83146999,19.11048912,10,3,2,1,2,06:55,147,E08000021,3,167,3,30,3,4,6,126,0,4,1,2,2,0,0,1,2,E01008451,13-06-2018,1,1,3,1,6,2,3,5,4,0,0,-1,0,1
54162,72.9357967,19.13298706,10,3,2,1,3,18:30,148,E08000022,3,1056,6,60,0,-1,-1,0,0,0,1,1,1,0,0,2,1,E01008581,07-06-2018,2,1,1,1,12,3,3,0,0,0,0,-1,1,-1
54163,72.85025667,19.07652911,10,3,3,1,4,15:30,141,E06000048,6,109,6,30,8,4,6,0,0,0,1,2,2,0,0,1,1,E01027387,01-06-2018,1,1,1,1,18,4,3,0,0,0,0,-1,1,-1
54164,72.83497353,19.12146996,10,3,2,1,4,12:20,147,E08000021,3,695,6,50,0,-1,-1,0,0,0,1,1,2,0,0,2,2,,01-06-2018,2,1,1,2,18,4,3,0,0,0,0,-1,9,1
54165,72.91653497,19.05568384,10,3,1,1,3,14:05,144,E06000048,4,6305,6,30,3,4,6,8293,0,0,1,1,1,0,0,1,1,E01027491,07-06-2018,2,1,1,2,63,9,3,0,0,0,0,-1,9,1
54166,72.89723145,19.10970536,10,3,2,1,7,21:30,150,E08000024,6,135,6,30,3,4,6,135,0,0,1,1,1,0,0,1,2,E01008851,11-06-2018,1,1,1,2,57,9,3,0,0,0,0,-1,9,1
54167,72.86598403,19.20490591,10,3,1,1,2,18:49,148,E08000022,6,2003,6,30,0,-1,-1,0,0,0,1,1,1,0,0,1,1,E01008463,13-06-2018,2,2,1,1,42,7,3,0,0,0,0,-1,9,1
54168,72.87646809,19.19677191,10,3,1,1,6,15:40,147,E08000021,4,1313,6,30,7,4,6,426,0,0,1,1,1,0,0,1,1,E01008388,10-06-2018,1,1,1,2,20,4,3,0,0,0,0,-1,9,1
54169,72.92075143,19.07945039,10,3,2,2,2,12:06,146,E08000020,3,184,3,70,0,-1,-1,0,0,0,1,1,2,0,0,1,1,E01008257,13-06-2018,1,3,1,1,30,6,3,0,0,0,0,-1,4,-1
54170,72.86237076,19.14929007,10,2,2,1,6,09:22,147,E08000021,4,1307,6,30,0,-1,-1,0,0,0,1,8,2,0,0,1,1,E01008411,27-05-2018,2,1,2,1,2,1,3,0,0,2,0,-1,9,1
54171,72.86635003,19.15364231,10,3,2,4,6,13:30,146,E08000020,5,308,6,30,0,-1,-1,0,0,0,1,1,1,0,0,2,1,E01008272,10-06-2018,2,2,2,1,5,1,3,0,0,2,0,-1,9,1
54172,72.85977286,19.09234524,10,3,1,1,6,10:55,150,E08000024,5,508,6,40,3,4,6,235,0,8,1,1,1,0,0,1,1,E01008693,10-06-2018,1,1,1,1,9,2,3,0,0,0,0,-1,1,3
54173,72.87021847,19.14989546,10,3,2,1,2,09:01,150,E08000024,3,195,1,60,1,4,3,1231,0,0,1,1,2,0,0,2,1,E01008844,13-06-2018,1,1,1,2,45,7,3,0,0,0,0,-1,90,1
54174,72.93691858,19.15653402,10,3,1,1,6,15:25,150,E08000024,5,555,2,30,3,2,5,554,0,5,1,1,1,0,0,1,1,E01008703,10-06-2018,1,1,3,1,30,6,3,9,9,0,0,-1,0,-1
54175,72.91868108,19.1674923,10,3,2,1,4,16:43,149,E08000023,4,1298,6,30,3,4,6,236,0,0,1,2,2,0,0,1,1,E01008683,01-06-2018,1,1,3,1,10,2,3,5,2,0,0,-1,0,1
54176,72.89427268,19.10751851,10,3,3,2,4,07:37,150,E08000024,3,19,3,70,0,-1,-1,0,0,0,1,1,1,0,0,2,1,E01008720,08-06-2018,2,1,1,2,20,4,3,0,0,0,0,-1,9,1
54177,72.92156273,19.1899633,10,3,2,2,2,11:30,149,E08000023,3,19,9,30,1,2,3,185,0,0,1,2,2,0,0,1,2,E01008600,13-06-2018,2,1,1,1,41,7,3,0,0,0,0,-1,3,1
54178,72.89922723,19.15198326,10,3,2,2,1,10:40,150,E08000024,6,5060,6,60,0,-1,-1,0,0,0,1,1,2,0,0,2,1,E01008804,12-06-2018,2,1,1,2,24,5,3,0,0,0,0,-1,9,1
54179,72.88078825,19.06740257,10,3,1,1,1,22:09,150,E08000024,5,502,6,30,3,4,6,425,0,0,1,1,2,0,0,1,1,E01008866,12-06-2018,2,1,1,2,19,4,3,0,0,0,0,-1,9,1
54180,72.90346414,19.07295363,10,3,2,1,5,17:50,150,E08000024,3,1018,9,30,0,-1,-1,0,0,4,1,1,1,0,0,1,1,E01008791,09-06-2018,1,1,1,1,21,5,2,0,0,0,0,-1,3,-1
54181,72.88097603,19.20486957,10,3,1,1,5,13:15,147,E08000021,5,145,2,30,0,-1,-1,0,0,1,1,1,1,0,2,1,2,E01008440,02-06-2018,2,1,1,2,25,5,3,0,0,0,0,-1,9,1
54182,72.86356426,19.05912806,10,3,3,1,4,08:30,150,E08000024,3,19,3,70,0,-1,-1,0,0,0,1,1,1,0,0,2,1,E01008798,08-06-2018,1,1,2,2,16,4,3,0,0,1,0,-1,19,1
54183,72.86950848,19.17300066,10,3,2,1,7,18:25,145,E06000048,4,1331,6,30,3,4,6,6551,0,0,1,1,1,0,0,1,1,E01027519,11-06-2018,1,1,1,2,20,4,2,0,0,0,0,-1,9,1
54184,72.86690697,19.18175757,10,1,1,5,6,19:34,145,E06000048,5,415,6,30,0,-1,-1,0,0,0,1,1,1,0,0,2,1,E01027552,10-06-2018,2,1,1,1,51,8,3,0,0,0,0,-1,1,1
54185,72.83844089,19.05846437,10,3,2,1,7,14:35,142,E06000048,6,9723,6,30,3,4,6,9532,0,0,1,1,1,0,0,2,2,E01027421,11-06-2018,1,1,3,1,13,3,2,4,1,0,0,-1,0,1
54186,72.86608812,19.09137902,10,3,1,1,1,16:58,147,E08000021,3,1,7,50,0,-1,-1,0,0,0,1,2,2,0,1,1,1,E01008330,12-06-2018,1,1,1,1,16,4,2,0,0,0,0,-1,2,1