Accident_Index,longitude,latitude,Police_Force,Accident_Severity,Number_of_Vehicles,Number_of_Casualties,Day_of_Week,Time,Local_Authority_(District),Local_Authority_(Highway),1st_Road_Class,1st_Road_Number,Road_Type,Speed_limit,Junction_Detail,Junction_Control,2nd_Road_Class,2nd_Road_Number,Pedestrian_Crossing-Human_Control,Pedestrian_Crossing-Physical_Facilities,Light_Conditions,Weather_Conditions,Road_Surface_Conditions,Special_Conditions_at_Site,Carriageway_Hazards,Urban_or_Rural_Area,Did_Police_Officer_Attend_Scene_of_Accident,LSOA_of_Accident_Location,Date,Vehicle_Reference,Casualty_Reference,Casualty_Class,Sex_of_Casualty,Age_of_Casualty,Age_Band_of_Casualty,Casualty_Severity,Pedestrian_Location,Pedestrian_Movement,Car_Passenger,Bus_or_Coach_Passenger,Pedestrian_Road_Maintenance_Worker,Casualty_Type,Casualty_Home_Area_Type
54305,72.86630087,19.12833184,10,3,1,2,7,01:30,145,E06000048,3,1147,6,60,3,4,3,189,0,0,4,1,2,0,0,2,1,E01027550,25-06-2018,1,1,3,2,12,3,3,5,2,0,0,-1,0,1
54306,72.87660018,19.06956809,10,3,2,1,6,07:40,148,E08000022,6,337,6,30,8,4,6,337,0,0,1,1,1,0,0,1,2,E01008517,24-06-2018,1,1,1,1,30,6,3,0,0,0,0,-1,3,-1
54307,72.84205939,19.19657394,10,3,3,1,7,20:08,148,E08000022,6,136,6,30,0,-1,-1,0,0,0,1,1,1,0,0,1,1,E01008511,25-06-2018,1,1,2,2,76,11,3,0,0,0,3,-1,11,-1
54308,72.89064833,19.06054462,10,3,3,1,5,07:50,147,E08000021,4,1312,6,30,1,4,3,193,0,0,1,1,1,0,0,1,2,E01008392,23-06-2018,1,2,2,1,64,9,3,0,0,0,3,-1,11,-1
54309,72.89351699,19.08389535,10,3,3,1,7,14:07,143,E06000048,5,111,6,60,3,4,3,1,0,0,1,1,1,0,0,2,1,E01027450,25-06-2018,2,1,1,1,30,6,3,0,0,0,0,-1,9,1
54310,72.84918854,19.05867182,10,3,2,1,3,19:52,143,E06000048,5,150,3,60,3,4,6,0,0,0,1,1,1,0,0,2,1,E01027465,21-06-2018,1,1,1,1,23,5,3,0,0,0,0,-1,9,1
54311,72.91508238,19.1176593,10,3,2,1,6,13:00,144,E06000048,4,6305,6,30,0,-1,-1,0,0,0,1,1,1,0,0,1,1,E01027494,24-06-2018,1,2,3,2,21,5,2,5,2,0,0,-1,0,1
54312,72.86414569,19.11498395,10,3,3,1,7,23:35,150,E08000024,4,1286,6,30,3,4,6,335,0,0,4,1,1,0,0,1,1,E01008796,25-06-2018,1,3,3,1,2,1,3,5,2,0,0,-1,0,1
54313,72.92185289,19.08850286,10,3,2,2,6,13:21,146,E08000020,3,1114,6,30,3,4,6,0,0,0,1,2,2,0,0,1,1,E01008209,24-06-2018,2,1,1,2,65,9,3,0,0,0,0,-1,9,2
54314,72.90784986,19.14682615,10,2,2,2,6,14:39,146,E08000020,6,3037,6,30,3,4,6,225,0,0,1,2,2,0,0,1,1,E01008193,24-06-2018,1,1,1,1,26,6,1,0,0,0,0,-1,9,1
54315,72.90524249,19.07268041,10,3,1,1,5,18:10,147,E08000021,4,1318,6,30,0,-1,-1,0,0,0,1,1,1,0,0,1,1,E01008355,23-06-2018,1,2,2,1,22,5,3,0,0,1,0,-1,9,-1
54316,72.86188685,19.12753235,10,3,2,2,6,16:05,146,E08000020,4,6317,6,30,0,-1,-1,0,0,0,1,1,1,0,0,2,1,E01008266,24-06-2018,1,1,3,1,16,4,3,10,9,0,0,-1,0,1
54317,72.89479009,19.20291658,10,2,2,1,7,18:30,146,E08000020,6,425,6,30,3,4,6,425,0,0,1,1,1,0,0,1,1,E01008173,25-06-2018,2,1,1,1,31,6,3,0,0,0,0,-1,9,1
54318,72.87539638,19.17417083,10,3,2,1,6,10:17,142,E06000048,3,19,1,60,1,4,4,1505,0,0,1,1,1,0,0,2,2,E01027406,24-06-2018,1,1,1,1,25,5,3,0,0,0,0,-1,9,1
54319,72.90722205,19.11256584,10,3,2,2,7,21:45,150,E08000024,5,508,6,40,3,2,5,507,0,5,4,2,2,0,0,2,1,E01008693,07-05-2018,2,1,2,2,17,4,3,0,0,1,0,-1,9,-1
54320,72.91879116,19.05735767,10,3,2,5,7,17:56,147,E08000021,3,193,1,30,1,4,2,167,0,0,1,1,1,0,0,1,1,E01008440,25-06-2018,1,1,2,1,35,6,3,0,0,1,0,-1,9,1
54321,72.8458455,19.20561799,10,3,1,2,1,00:08,150,E08000024,3,1231,3,70,0,-1,-1,0,0,0,4,1,1,0,0,2,1,E01008873,26-06-2018,1,2,2,2,30,6,3,0,0,2,0,-1,9,1
54322,72.88956345,19.05662487,10,3,2,3,7,09:40,150,E08000024,6,435,6,30,3,4,6,335,0,0,1,1,1,0,0,1,2,E01008796,18-06-2018,1,3,2,1,25,5,3,0,0,2,0,-1,9,1
54323,72.88501137,19.06583071,10,3,1,1,5,07:15,150,E08000024,6,134,6,30,3,4,6,134,0,0,1,1,1,0,0,2,1,E01008747,23-06-2018,1,4,1,1,40,7,3,0,0,0,0,-1,9,1
54324,72.93283196,19.13169072,10,3,2,1,7,19:15,144,E06000048,3,6079,6,60,3,4,5,216,0,0,1,1,1,0,0,2,2,E01027480,25-06-2018,1,1,3,1,30,6,3,4,1,0,0,-1,0,-1
54325,72.92839411,19.1821594,10,3,2,2,6,15:54,149,E08000023,3,194,3,30,1,4,4,1301,0,0,1,1,2,0,0,1,1,E01008666,24-06-2018,2,1,1,1,30,6,3,0,0,0,0,-1,9,-1
54326,72.82709623,19.13412456,10,3,2,1,4,09:00,150,E08000024,3,183,6,30,1,4,3,182,0,4,1,1,1,0,0,2,2,E01008793,22-06-2018,2,2,2,1,18,4,3,0,0,1,0,-1,9,-1
54327,72.84445404,19.07918068,10,3,1,1,2,15:54,148,E08000022,5,205,6,30,6,2,4,1324,0,5,1,1,1,0,0,1,1,E01008586,20-06-2018,2,1,1,1,38,7,3,0,0,0,0,-1,9,1
54328,72.90765012,19.10873329,10,2,2,4,7,07:56,148,E08000022,3,1149,6,30,6,4,6,2017,0,0,1,1,1,0,0,1,1,E01008483,25-06-2018,2,2,2,2,29,6,3,0,0,1,0,-1,9,-1
54329,72.88212128,19.074484,10,3,2,1,2,08:22,150,E08000024,6,5036,6,30,6,4,5,517,0,8,1,1,1,0,0,1,1,E01008751,27-06-2018,1,1,1,1,24,5,3,0,0,0,0,-1,21,1
54330,72.87060569,19.18363191,10,2,1,1,6,09:10,149,E08000023,3,1300,3,50,0,-1,-1,0,0,4,1,1,1,0,0,2,1,E01008682,24-06-2018,2,1,1,2,46,8,3,0,0,0,0,-1,1,-1
54331,72.91250167,19.08900273,10,3,1,2,7,23:54,143,E06000048,4,6318,6,60,0,-1,-1,0,0,0,4,1,1,0,0,2,1,E01027472,25-06-2018,2,1,1,1,24,5,3,0,0,0,0,-1,9,1
54332,72.85846812,19.08524085,10,3,2,1,2,11:50,149,E08000023,6,236,6,30,9,4,6,236,0,0,1,1,1,0,0,1,1,E01008676,27-06-2018,2,1,1,1,30,6,3,0,0,0,0,-1,9,1
54333,72.88064441,19.17874004,10,3,2,1,5,14:10,150,E08000024,3,19,1,40,1,2,3,690,0,0,1,1,1,0,0,2,2,E01008720,23-06-2018,2,2,2,2,47,8,3,0,0,1,0,-1,9,1
54334,72.93582338,19.1710729,10,3,1,1,7,22:30,147,E08000021,6,126,6,30,3,4,6,126,0,0,1,1,1,0,0,1,1,E01008298,25-06-2018,1,1,1,2,53,8,3,0,0,0,0,-1,9,1
54335,72.92829694,19.13215261,10,2,1,1,1,00:30,147,E08000021,2,167,3,50,5,4,3,167,0,0,4,1,1,0,0,1,1,E01008440,26-06-2018,1,2,3,1,12,3,3,10,1,0,0,-1,0,-1
54336,72.88333605,19.20933594,10,3,2,1,5,08:25,150,E08000024,6,135,6,30,3,4,6,135,0,0,1,1,1,0,0,1,1,E01008856,23-06-2018,1,1,3,2,17,4,3,5,1,0,0,-1,0,1
54337,72.87790241,19.12776044,10,3,1,1,5,07:46,147,E08000021,3,69,3,70,0,-1,-1,0,0,0,1,1,1,0,0,2,1,E01008405,23-06-2018,1,1,1,1,16,4,3,0,0,0,0,-1,2,1
54338,72.90728238,19.0844642,10,3,2,1,3,13:00,146,E08000020,5,323,6,30,6,4,6,426,0,0,7,1,1,0,0,1,2,E01008203,21-06-2018,1,1,2,1,77,11,3,0,0,2,0,-1,8,1
54339,72.82933857,19.10201666,10,3,2,1,7,18:54,147,E08000021,4,1318,6,40,6,2,6,1110,0,5,1,1,1,0,0,1,1,E01008309,25-06-2018,1,1,3,1,36,7,2,5,1,0,0,-1,0,-1
54340,72.87390709,19.09079004,10,3,1,1,5,17:45,147,E08000021,5,142,6,30,0,-1,-1,0,0,0,1,1,1,0,0,1,1,E01008397,12-05-2018,1,1,1,2,41,7,3,0,0,0,0,-1,9,1
54341,72.91657522,19.1016895,10,3,2,1,2,08:20,150,E08000024,3,1231,3,70,1,2,3,19,0,0,1,1,2,0,0,2,1,E01008855,31-01-2018,1,1,3,1,69,10,3,5,3,0,0,-1,0,1
54342,72.89522969,19.18110697,10,3,3,4,3,16:40,142,E06000048,3,1068,3,60,1,4,3,1068,0,0,1,1,1,0,0,2,1,E01027412,28-06-2018,2,1,2,2,56,9,3,0,0,1,0,-1,9,1
54343,72.86660392,19.19377006,10,3,2,1,6,13:27,142,E06000048,6,9702,6,30,3,4,6,9517,0,0,1,2,2,0,0,1,1,E01027391,24-06-2018,1,1,1,2,21,5,3,0,0,0,0,-1,9,1
54344,72.87674826,19.20629077,10,2,2,3,4,13:15,143,E06000048,3,196,6,60,6,4,6,0,0,0,1,1,1,0,0,2,1,E01027448,22-06-2018,2,2,1,1,31,6,3,0,0,0,0,-1,19,1
54345,72.87425257,19.05668869,10,3,2,1,2,18:32,150,E08000024,3,690,3,30,8,4,6,235,0,8,1,1,1,0,0,1,1,E01008760,27-06-2018,3,3,1,1,41,7,3,0,0,0,0,-1,9,1
54346,72.92426581,19.14795082,10,3,2,1,3,11:30,142,E06000048,6,9724,6,30,0,-1,-1,0,0,0,1,1,1,0,0,1,2,E01027442,14-06-2018,1,1,1,1,20,4,3,0,0,0,0,-1,9,1
54347,72.86404319,19.1600506,10,3,2,1,2,07:50,147,E08000021,6,226,6,30,0,-1,-1,0,0,0,1,1,1,0,0,1,1,E01008410,27-06-2018,1,2,2,1,20,4,3,0,0,1,0,-1,9,1
54348,72.83745041,19.14818347,10,3,2,1,5,07:30,143,E06000048,6,6069,6,30,3,4,3,192,0,0,1,1,1,0,0,1,2,E01027452,23-06-2018,2,1,1,1,32,6,3,0,0,0,0,-1,9,1
54349,72.86974963,19.17749298,10,3,3,1,2,16:50,147,E08000021,6,126,6,30,3,4,6,126,0,0,1,1,1,0,0,1,2,E01008341,20-06-2018,2,1,1,1,35,6,3,0,0,0,0,-1,5,1
54350,72.86831018,19.104497,10,3,2,2,2,20:10,148,E08000022,3,191,1,30,1,4,6,1322,0,0,1,1,1,0,0,2,1,E01008566,27-06-2018,2,2,2,2,22,5,2,0,0,2,0,-1,5,1
54351,72.90028256,19.08694419,10,3,2,1,3,01:44,148,E08000022,3,187,6,30,0,-1,-1,0,0,0,4,1,1,0,0,1,1,E01008543,28-06-2018,1,1,1,2,28,6,3,0,0,0,0,-1,9,1
54352,72.82735491,19.10986155,10,1,2,1,1,15:25,144,E06000048,3,686,6,60,0,-1,-1,0,0,0,1,1,1,0,0,2,1,E01027512,26-06-2018,1,1,1,1,21,5,3,0,0,0,0,-1,9,1
54353,72.87354314,19.14774573,10,3,2,1,6,13:05,147,E08000021,3,189,3,40,3,2,5,103,0,5,1,2,2,0,0,1,1,E01008379,24-06-2018,1,1,3,2,11,3,2,1,2,0,0,-1,0,1
54354,72.83689099,19.18408764,10,3,2,1,5,10:50,147,E08000021,3,191,3,30,1,4,3,167,0,0,1,1,1,0,0,1,2,E01008377,23-06-2018,1,3,2,2,13,3,3,0,0,2,0,-1,8,1
54355,72.8527258,19.11774938,10,3,2,1,5,15:40,150,E08000024,5,511,6,30,1,4,4,1405,0,1,1,1,1,0,0,1,2,E01008812,02-06-2018,2,1,2,2,12,3,3,0,0,2,0,-1,9,1
54356,72.92490725,19.2064021,10,3,1,1,2,08:40,147,E08000021,6,216,6,30,0,-1,-1,0,0,0,1,1,1,0,0,1,1,E01008402,27-06-2018,2,2,2,2,13,3,3,0,0,2,0,-1,9,1
54357,72.83966461,19.05529542,10,2,1,2,5,13:00,150,E08000024,5,553,6,30,6,2,5,553,0,5,1,1,1,0,0,1,1,E01008703,23-06-2018,2,1,1,1,25,5,3,0,0,0,0,-1,5,1
54358,72.93487707,19.06925777,10,3,1,1,1,21:45,147,E08000021,5,117,6,30,7,4,6,326,0,0,1,1,1,0,0,1,2,E01008454,26-06-2018,2,1,1,1,56,9,3,0,0,0,0,-1,1,1
54359,72.86288332,19.11686068,10,3,3,2,6,15:20,150,E08000024,3,19,3,70,5,4,3,19,0,0,1,1,2,0,0,2,1,E01008850,24-06-2018,1,1,3,1,7,2,3,9,9,0,0,-1,0,1
54360,72.87206389,19.09705821,10,3,2,1,6,14:05,150,E08000024,3,1018,9,30,1,4,5,554,0,0,1,1,2,0,0,1,2,E01008703,24-06-2018,1,1,1,1,17,4,3,0,0,0,0,-1,1,1
54361,72.9339947,19.1065912,10,3,2,1,4,20:45,150,E08000024,6,145,6,30,6,4,6,145,0,0,1,1,1,0,0,1,2,E01008735,22-06-2018,1,1,1,2,20,4,3,0,0,0,0,-1,9,1
54362,72.93608595,19.11865363,10,3,3,1,1,13:12,150,E08000024,5,557,6,30,6,4,6,145,0,0,1,1,1,0,0,1,1,E01008834,26-06-2018,1,2,2,1,21,5,3,0,0,1,0,-1,9,-1
54363,72.8329592,19.17339786,10,2,1,1,3,13:00,149,E08000023,3,1300,6,30,0,-1,-1,0,0,8,1,1,1,0,0,1,1,E01008634,28-06-2018,1,1,3,1,8,2,3,5,1,0,0,-1,0,1
54364,72.88349367,19.17161513,10,2,2,2,3,11:35,147,E08000021,5,103,6,30,0,-1,-1,0,0,0,1,1,1,0,0,1,1,E01008341,28-06-2018,2,1,1,1,17,4,3,0,0,0,0,-1,3,-1
54365,72.90333302,19.13801344,10,3,2,2,3,22:00,150,E08000024,3,182,3,30,1,4,3,1290,0,0,4,1,1,0,0,2,2,E01008875,28-06-2018,1,1,3,1,17,4,2,9,5,0,0,-1,0,1
54366,72.93742128,19.09571882,10,3,2,2,6,14:10,145,E06000048,3,1068,6,60,3,4,3,192,0,0,1,2,2,0,0,2,1,E01027521,24-06-2018,2,1,1,2,19,4,3,0,0,0,0,-1,9,-1
54367,72.84155873,19.09906964,10,2,4,3,1,13:37,142,E06000048,3,192,6,60,8,4,6,0,0,0,1,1,1,0,0,2,1,E01027433,26-06-2018,2,1,1,2,40,7,3,0,0,0,0,-1,9,1
54368,72.82763135,19.10243681,10,3,2,1,1,20:14,147,E08000021,3,193,3,40,0,-1,-1,0,0,0,1,1,2,0,2,1,1,E01008303,19-06-2018,2,2,2,2,12,3,3,0,0,2,0,-1,9,1
54369,72.93754324,19.20650198,10,3,1,1,4,00:15,148,E08000022,3,1,3,70,0,-1,-1,0,0,0,4,1,1,0,2,2,1,E01008579,29-06-2018,2,3,2,1,30,6,3,0,0,2,0,-1,9,1
54370,72.85952787,19.11091593,10,3,2,1,3,17:30,146,E08000020,6,225,6,40,3,4,6,225,0,0,1,1,1,0,0,1,2,E01008259,21-06-2018,2,1,1,1,23,5,3,0,0,0,0,-1,3,1
54371,72.87858153,19.13249892,10,3,2,1,4,13:40,147,E08000021,5,109,6,30,1,4,3,167,0,0,1,1,1,0,0,1,1,E01008296,22-06-2018,1,1,1,2,19,4,3,0,0,0,0,-1,9,1
54372,72.90286748,19.10541399,10,3,1,1,3,19:57,147,E08000021,6,326,6,30,0,-1,-1,0,0,0,1,1,1,0,0,1,1,E01008455,28-06-2018,1,3,2,2,24,5,3,0,0,1,0,-1,9,1
54373,72.89833874,19.20515089,10,3,2,1,3,19:10,147,E08000021,5,103,1,30,1,4,6,1020,0,0,1,1,1,0,0,1,2,E01008423,28-06-2018,2,2,1,2,45,7,3,0,0,0,0,-1,9,1
54374,72.88374648,19.16558048,10,3,2,1,5,20:45,143,E06000048,3,192,1,30,1,4,3,197,0,0,1,1,1,0,0,2,2,E01027452,30-06-2018,2,4,2,2,18,4,3,0,0,2,0,-1,9,1
54375,72.85772762,19.13127539,10,3,2,2,5,17:15,147,E08000021,6,126,6,30,6,4,6,126,0,0,1,2,2,0,0,1,1,E01008450,30-06-2018,2,5,2,1,22,5,3,0,0,1,0,-1,9,1
54376,72.89747231,19.17085231,10,3,1,1,5,20:15,149,E08000023,6,436,6,30,3,4,6,436,0,0,1,1,1,0,0,1,1,E01008669,30-06-2018,1,1,1,1,30,6,3,0,0,0,0,-1,21,1
54377,72.83234496,19.05959849,10,3,2,4,5,13:55,149,E08000023,3,183,6,40,0,-1,-1,0,0,0,1,1,1,0,0,2,1,E01008647,30-06-2018,2,2,1,1,38,7,3,0,0,0,0,-1,9,1
54378,72.84661296,19.06438666,10,3,2,1,3,13:05,145,E06000048,3,1068,6,30,3,4,6,6539,0,0,1,1,1,0,0,1,1,E01027520,21-06-2018,2,3,2,2,18,4,3,0,0,2,0,-1,9,1
54379,72.88366094,19.19285969,10,3,2,1,4,16:40,147,E08000021,6,426,6,30,3,4,6,426,0,0,1,1,1,0,0,1,2,E01008426,15-06-2018,1,1,3,2,15,3,2,5,3,0,0,-1,0,-1
54380,72.91279738,19.1528226,10,3,2,1,7,01:32,147,E08000021,4,1307,2,30,0,-1,-1,0,0,0,4,1,1,0,0,1,1,E01008440,25-06-2018,1,1,1,2,69,10,3,0,0,0,0,-1,9,-1
54381,72.90413153,19.17973904,10,3,2,2,4,09:02,148,E08000022,3,193,6,30,3,4,5,209,0,4,1,1,1,0,0,1,1,E01008558,29-06-2018,2,2,1,1,30,6,3,0,0,0,0,-1,9,1
54382,72.83086249,19.13476952,10,3,2,1,4,08:20,142,E06000048,3,192,1,60,1,4,3,189,0,0,1,1,1,0,0,2,2,E01027427,29-06-2018,2,3,2,1,38,7,3,0,0,1,0,-1,9,1
54383,72.85042329,19.0722046,10,3,1,1,2,16:40,147,E08000021,6,236,6,30,0,-1,-1,0,0,0,1,1,1,0,0,1,1,E01008439,27-06-2018,1,1,1,1,29,6,2,0,0,0,0,-1,4,1
54384,72.89340304,19.12020912,10,3,1,1,6,20:15,140,E06000048,5,94,6,60,0,-1,-1,0,0,0,1,1,1,0,0,2,1,E01027371,24-06-2018,1,1,1,2,83,11,3,0,0,0,0,-1,9,1
54385,72.85840151,19.10980208,10,3,1,1,7,19:45,148,E08000022,3,193,6,30,3,4,6,136,0,0,1,1,1,0,0,1,1,E01008510,02-07-2018,2,2,2,1,18,4,3,0,0,1,0,-1,9,1
54386,72.87033364,19.09460392,10,3,2,1,1,11:08,146,E08000020,3,184,1,30,1,4,5,321,0,0,1,1,1,0,0,1,1,E01008168,03-07-2018,2,1,1,2,49,8,3,0,0,0,0,-1,9,1
54387,72.8688744,19.17860251,10,3,1,1,4,16:00,146,E08000020,5,328,6,30,1,4,6,3056,0,0,1,1,2,0,0,1,1,E01008241,29-06-2018,2,2,2,2,23,5,3,0,0,2,0,-1,9,1
54388,72.92144815,19.1597465,10,3,2,1,6,14:40,146,E08000020,3,184,3,70,0,-1,-1,0,0,0,1,2,2,0,0,1,1,E01008259,24-06-2018,2,1,1,2,31,6,3,0,0,0,0,-1,9,1
54389,72.87216759,19.12227902,10,3,3,1,3,07:05,150,E08000024,4,1288,6,60,0,-1,-1,0,0,0,1,1,1,0,0,2,1,E01008873,28-06-2018,2,1,1,1,18,4,3,0,0,0,0,-1,9,1
54390,72.89248822,19.14565354,10,3,3,1,4,08:31,149,E08000023,3,184,6,40,0,-1,-1,0,0,0,1,1,1,0,0,1,1,E01008615,29-06-2018,2,2,2,1,42,7,3,0,0,1,0,-1,9,1
54391,72.92587157,19.20038207,10,3,1,1,7,10:44,150,E08000024,3,183,6,60,1,4,6,335,0,0,1,2,2,0,0,2,1,E01008798,02-07-2018,2,1,1,2,35,6,3,0,0,0,0,-1,9,1
54392,72.93786136,19.05969385,10,3,1,1,6,17:55,150,E08000024,5,552,6,30,0,-1,-1,0,0,0,1,1,1,0,0,1,2,E01008709,27-05-2018,2,1,1,1,37,7,3,0,0,0,0,-1,9,1
54393,72.87373265,19.18651338,10,3,1,1,7,19:10,141,E06000048,4,6352,6,60,0,-1,-1,0,0,0,1,1,1,0,0,2,1,E01027375,02-07-2018,1,1,3,1,6,2,3,8,4,0,0,-1,0,-1
54394,72.85782079,19.21030247,10,3,2,1,6,07:07,149,E08000023,3,19,1,70,1,4,3,194,0,0,1,1,1,0,0,1,2,E01008662,24-06-2018,2,1,1,2,31,6,3,0,0,0,0,-1,9,1
54395,72.8695177,19.12341048,10,3,2,3,7,13:35,141,E06000048,3,1,6,60,6,4,4,6354,0,0,1,1,1,0,0,2,1,E01027379,02-07-2018,2,1,1,2,22,5,3,0,0,0,0,-1,9,1
54396,72.87274691,19.1120185,10,3,3,1,7,10:50,146,E08000020,5,320,6,30,3,4,6,326,0,0,1,1,1,0,0,1,1,E01008262,02-07-2018,1,1,1,1,29,6,2,0,0,0,0,-1,9,1
54397,72.92520283,19.19550077,10,3,2,2,2,11:55,146,E08000020,4,6315,6,60,0,-1,-1,0,0,0,1,1,1,0,0,2,1,E01008196,27-06-2018,2,1,1,1,49,8,3,0,0,0,0,-1,9,1
54398,72.90489764,19.13854701,10,2,1,1,4,10:45,149,E08000023,6,136,6,30,0,-1,-1,0,0,0,1,1,1,0,0,1,1,E01008600,29-06-2018,2,2,2,2,21,5,3,0,0,2,0,-1,9,1
54399,72.83254875,19.18046306,10,3,2,1,4,15:30,146,E08000020,4,1295,6,30,6,2,4,1296,0,4,1,1,1,0,0,1,1,E01008217,29-06-2018,1,1,2,2,26,6,3,0,0,1,0,-1,9,1
54400,72.874124,19.08228905,10,3,2,1,2,06:30,148,E08000022,3,19,1,60,1,4,3,1068,0,0,1,1,1,0,0,2,2,E01008582,27-06-2018,2,1,1,1,37,7,3,0,0,0,0,-1,9,1
54401,72.91656134,19.13991986,10,3,2,2,6,07:00,150,E08000024,3,690,6,30,6,2,5,512,0,5,1,1,1,0,0,1,1,E01008785,24-06-2018,1,1,1,1,18,4,3,0,0,0,0,-1,9,1
54402,72.89351357,19.10138356,10,3,2,2,5,12:00,147,E08000021,4,1307,6,30,6,2,5,142,0,5,1,1,1,0,0,1,1,E01008397,30-06-2018,2,2,1,2,27,6,3,0,0,0,0,-1,9,1
54403,72.87734471,19.08329075,10,3,2,1,6,20:19,146,E08000020,3,184,1,30,1,2,4,1426,0,0,1,1,1,0,0,1,1,E01008241,01-07-2018,1,1,3,2,60,9,3,5,1,0,0,-1,0,1
54404,72.90883207,19.1908456,10,3,2,2,4,21:25,146,E08000020,3,1,3,70,0,-1,-1,0,0,0,7,2,2,4,0,1,2,E01008211,29-06-2018,2,1,1,1,48,8,2,0,0,0,0,-1,1,1
54405,72.91224709,19.05806369,10,3,2,1,6,16:40,150,E08000024,3,183,6,30,3,4,6,236,0,0,1,1,1,0,0,1,1,E01008833,01-07-2018,1,1,3,2,5,1,3,5,4,0,0,-1,0,1
54406,72.8452598,19.13937022,10,3,2,2,5,17:14,147,E08000021,5,114,6,30,3,4,6,126,0,0,1,1,1,0,0,1,1,E01008454,30-06-2018,2,1,1,1,51,8,2,0,0,0,0,-1,5,1
54407,72.84572312,19.10807131,10,3,1,1,3,18:04,150,E08000024,5,507,6,30,3,4,6,235,0,0,1,1,1,0,0,1,1,E01008693,21-06-2018,1,1,3,2,18,4,3,1,9,0,0,-1,0,1
54408,72.83125041,19.08757452,10,3,3,4,5,16:00,144,E06000048,3,68,6,60,0,-1,-1,0,0,0,1,2,2,0,0,2,1,E01027503,30-06-2018,2,1,1,1,37,7,3,0,0,0,0,-1,9,1
54409,72.82698484,19.1825678,10,3,2,1,3,17:50,144,E06000048,4,6395,6,30,0,-1,-1,0,0,8,1,1,1,0,0,1,1,E01027500,28-06-2018,2,2,2,2,50,8,3,0,0,1,0,-1,9,-1
54410,72.82857159,19.19435993,10,3,1,2,1,15:12,145,E06000048,3,1068,1,30,1,4,3,193,0,1,1,1,1,0,0,1,1,E01027514,26-06-2018,1,1,1,1,30,6,2,0,0,0,0,-1,9,1
54411,72.92565214,19.05758183,10,2,1,1,1,16:25,144,E06000048,3,686,6,60,0,-1,-1,0,0,0,1,4,1,5,0,2,1,E01027488,03-07-2018,1,1,1,1,17,4,3,0,0,0,0,-1,1,1
54412,72.90320649,19.15181764,10,2,1,1,7,16:25,144,E06000048,5,200,6,60,0,-1,-1,0,0,0,1,1,1,0,0,2,1,E01027503,02-07-2018,2,1,1,1,25,5,3,0,0,0,0,-1,9,1
54413,72.8802017,19.11911982,10,3,1,4,5,13:50,150,E08000024,3,182,6,30,6,4,6,335,0,0,1,1,1,0,0,1,1,E01008721,30-06-2018,2,2,2,2,26,6,3,0,0,1,0,-1,9,1
54414,72.93757359,19.19296338,10,3,2,2,3,11:55,147,E08000021,5,109,6,30,1,4,3,167,0,0,1,1,1,0,0,1,1,E01008296,28-06-2018,2,3,2,2,1,1,3,0,0,2,0,-1,9,1
54415,72.87314581,19.06772249,10,3,2,2,5,07:17,147,E08000021,3,167,7,50,3,4,3,189,0,0,1,1,2,0,0,1,1,E01008380,30-06-2018,1,1,3,1,12,3,3,5,1,0,0,-1,0,-1
54416,72.91774207,19.06475829,10,3,3,2,4,09:30,143,E06000048,3,697,6,60,0,-1,-1,0,0,0,1,2,2,0,0,2,1,E01027450,29-06-2018,2,1,2,2,12,3,3,0,0,0,3,-1,11,1
54417,72.84211624,19.0861624,10,3,2,1,3,08:00,142,E06000048,4,1532,6,30,3,4,6,0,0,0,1,1,1,0,0,1,2,E01027430,28-06-2018,2,2,2,2,14,3,3,0,0,0,3,-1,11,1
54418,72.86500808,19.09972037,10,3,2,1,6,17:09,142,E06000048,5,412,6,30,3,4,6,9514,0,0,1,1,1,0,0,1,1,E01027442,01-07-2018,2,1,2,1,30,6,3,0,0,1,0,-1,9,1
54419,72.85696056,19.15543976,10,3,2,1,5,08:30,142,E06000048,4,1505,6,40,0,-1,-1,0,0,0,1,1,1,0,0,2,1,E01027394,30-06-2018,2,1,1,1,35,6,3,0,0,0,0,-1,19,1
54420,72.83518456,19.19764526,10,3,2,1,6,13:30,150,E08000024,3,1018,9,30,3,4,3,1018,0,0,1,1,1,0,0,1,1,E01008711,01-07-2018,2,1,1,1,68,10,3,0,0,0,0,-1,1,1
54421,72.85462906,19.07505057,10,3,2,1,6,19:25,142,E06000048,4,1327,6,30,3,4,6,9513,0,0,1,1,1,0,0,1,2,E01027414,10-06-2018,1,1,3,2,58,9,2,4,1,0,0,-1,0,1
54422,72.92056437,19.17347876,10,3,1,1,2,15:51,142,E06000048,3,19,3,70,0,-1,-1,0,0,0,1,1,1,0,0,2,1,E01027436,27-06-2018,1,1,1,1,87,11,3,0,0,0,0,-1,9,1