Accident_Index,longitude,latitude,Police_Force,Accident_Severity,Number_of_Vehicles,Number_of_Casualties,Day_of_Week,Time,Local_Authority_(District),Local_Authority_(Highway),1st_Road_Class,1st_Road_Number,Road_Type,Speed_limit,Junction_Detail,Junction_Control,2nd_Road_Class,2nd_Road_Number,Pedestrian_Crossing-Human_Control,Pedestrian_Crossing-Physical_Facilities,Light_Conditions,Weather_Conditions,Road_Surface_Conditions,Special_Conditions_at_Site,Carriageway_Hazards,Urban_or_Rural_Area,Did_Police_Officer_Attend_Scene_of_Accident,LSOA_of_Accident_Location,Date,Vehicle_Reference,Casualty_Reference,Casualty_Class,Sex_of_Casualty,Age_of_Casualty,Age_Band_of_Casualty,Casualty_Severity,Pedestrian_Location,Pedestrian_Movement,Car_Passenger,Bus_or_Coach_Passenger,Pedestrian_Road_Maintenance_Worker,Casualty_Type,Casualty_Home_Area_Type
54423,72.86396382,19.19820042,10,3,3,1,2,17:40,150,E08000024,3,1231,1,70,1,2,3,19,0,0,1,1,1,0,0,2,1,E01008695,04-07-2018,2,1,1,2,56,9,3,0,0,0,0,-1,9,1
54424,72.89003582,19.15025885,10,3,2,1,2,15:45,148,E08000022,3,1056,6,60,6,4,3,19,0,0,1,1,1,0,0,2,2,E01008565,27-06-2018,2,2,2,1,35,6,3,0,0,1,0,-1,9,1
54425,72.90042685,19.12384451,10,3,3,2,2,21:25,142,E06000048,6,9511,6,30,3,4,6,9511,0,0,1,1,1,0,0,1,1,E01027431,27-06-2018,1,1,2,2,49,8,3,0,0,1,0,-1,9,1
54426,72.85870761,19.1297915,10,3,1,1,4,17:30,145,E06000048,3,1068,6,40,0,-1,-1,0,0,0,1,1,2,0,0,2,1,E01027520,29-06-2018,1,2,2,2,23,5,3,0,0,2,0,-1,9,1
54427,72.90903584,19.13752467,10,2,3,2,5,10:30,141,E06000048,3,1,6,60,0,-1,-1,0,0,0,1,1,1,0,0,2,1,E01027380,30-06-2018,2,3,1,1,35,6,3,0,0,0,0,-1,9,1
54428,72.926481,19.06345413,10,3,2,2,6,10:50,150,E08000024,4,1405,3,60,3,4,6,345,0,0,1,1,1,0,0,1,1,E01008779,01-07-2018,2,1,1,2,34,6,3,0,0,0,0,-1,9,1
54429,72.82808575,19.17084087,10,3,2,2,6,12:50,147,E08000021,6,426,6,30,3,4,6,426,0,0,1,1,1,0,0,1,1,E01008304,01-07-2018,1,1,1,1,12,3,3,0,0,0,0,-1,1,1
54430,72.84668753,19.15032938,10,3,2,1,3,17:09,142,E06000048,5,419,6,30,3,4,6,9549,0,0,1,1,1,0,0,1,1,E01027408,21-06-2018,2,1,1,1,11,3,3,0,0,0,0,-1,1,1
54431,72.84172326,19.06504402,10,2,1,1,1,18:10,150,E08000024,6,135,6,30,3,4,6,135,0,0,1,1,1,0,0,1,1,E01008843,03-07-2018,1,1,3,1,6,2,3,1,1,0,0,-1,0,1
54432,72.93128422,19.19660312,10,3,2,2,2,11:30,147,E08000021,6,1102,6,30,3,4,5,102,0,0,1,2,2,0,0,1,1,E01008303,04-07-2018,2,1,1,2,23,5,3,0,0,0,0,-1,9,1
54433,72.87766126,19.12623539,10,2,3,2,1,11:30,144,E06000048,4,6318,6,60,0,-1,-1,0,0,0,1,1,1,0,0,2,1,E01027484,19-06-2018,1,1,1,2,18,4,3,0,0,0,0,-1,9,2
54434,72.88084763,19.08753436,10,2,3,1,2,22:57,147,E08000021,2,167,3,70,0,-1,-1,0,0,0,4,1,1,0,0,1,1,E01008370,04-07-2018,1,1,2,1,22,5,3,0,0,2,0,-1,9,1
54435,72.85050901,19.18897012,10,3,1,1,5,09:45,146,E08000020,3,167,6,30,0,-1,-1,0,0,0,1,1,1,0,0,1,1,E01008175,30-06-2018,1,2,2,1,4,1,3,0,0,2,0,-1,9,1
54436,72.84499101,19.14480446,10,3,2,1,4,11:15,146,E08000020,3,694,6,40,3,4,6,3017,0,0,1,1,1,0,0,2,1,E01008278,29-06-2018,1,3,2,1,4,1,3,0,0,2,0,-1,9,1
54437,72.83965764,19.18559037,10,3,1,1,5,16:30,146,E08000020,3,195,1,30,1,4,2,194,0,0,1,1,1,0,0,2,2,E01008283,30-06-2018,2,1,1,2,62,9,3,0,0,0,0,-1,1,1
54438,72.90981765,19.14998481,10,3,2,1,6,11:40,147,E08000021,3,6085,1,30,1,4,6,216,0,0,1,2,2,0,0,1,1,E01008401,24-06-2018,1,1,1,1,53,8,3,0,0,0,0,-1,9,1
54439,72.83841455,19.15305903,10,2,2,2,6,08:55,149,E08000023,3,19,3,70,0,-1,-1,0,0,0,1,1,1,0,0,2,1,E01008629,01-07-2018,2,2,2,2,62,9,3,0,0,1,0,-1,9,1
54440,72.86226282,19.14288078,10,2,1,1,7,15:30,150,E08000024,5,555,2,30,3,2,5,553,0,1,1,1,1,0,0,1,1,E01008703,02-07-2018,1,1,2,1,3,1,3,0,0,0,3,-1,11,-1
54441,72.9023391,19.14818763,10,3,1,1,6,19:15,150,E08000024,6,335,6,30,6,4,6,335,0,0,1,1,1,0,0,1,1,E01008798,01-07-2018,1,1,3,1,67,10,1,1,1,0,0,-1,0,1
54442,72.90594002,19.15501691,10,3,2,1,7,07:50,147,E08000021,3,191,6,30,3,4,6,126,0,0,1,1,1,0,0,1,1,E01008297,02-07-2018,1,1,3,1,8,2,3,5,1,0,0,-1,0,-1
54443,72.91528883,19.21034357,10,3,2,1,1,14:40,147,E08000021,5,134,6,30,3,4,6,429,0,0,1,1,1,0,0,1,1,E01008304,03-07-2018,2,1,1,1,34,6,3,0,0,0,0,-1,8,1
54444,72.88672386,19.088161,10,3,2,1,3,10:30,143,E06000048,5,354,6,60,0,-1,-1,0,0,0,1,1,1,0,0,2,2,E01027465,05-07-2018,1,1,3,1,85,11,3,5,1,0,0,-1,0,-1
54445,72.93640454,19.18328635,10,3,2,1,3,21:10,148,E08000022,6,337,6,30,3,4,6,337,0,0,1,2,2,0,0,1,2,E01008520,05-07-2018,1,1,3,2,17,4,3,5,1,0,0,-1,0,1
54446,72.82648008,19.05650862,10,3,1,1,1,16:30,144,E06000048,3,68,6,60,0,-1,-1,0,0,0,1,1,1,0,0,2,1,E01027503,03-07-2018,2,1,1,2,30,6,3,0,0,0,0,-1,9,1
54447,72.92230745,19.20972688,10,3,2,2,2,17:05,150,E08000024,6,5052,6,30,3,4,5,522,0,0,1,1,1,0,0,2,1,E01008747,04-07-2018,2,2,2,2,58,9,3,0,0,1,0,-1,9,1
54448,72.92153092,19.18407884,10,3,2,1,4,19:55,146,E08000020,5,313,6,30,3,4,6,326,0,0,1,2,2,0,0,1,1,E01008254,29-06-2018,1,1,3,2,17,4,2,5,1,0,0,-1,0,1
54449,72.84664254,19.06273691,10,3,2,1,2,14:23,149,E08000023,3,1300,3,50,0,-1,-1,0,0,4,1,1,1,0,0,2,1,E01008688,04-07-2018,2,1,2,2,27,6,3,0,0,1,0,-1,9,1
54450,72.83260311,19.12556188,10,3,2,1,2,08:55,150,E08000024,6,435,6,30,3,4,6,5058,0,0,1,2,2,0,0,1,1,E01008807,04-07-2018,2,1,1,1,30,6,3,0,0,0,0,-1,20,1
54451,72.91394876,19.14358594,10,3,2,1,3,08:20,147,E08000021,3,193,3,30,1,4,2,167,0,0,1,1,1,0,0,1,2,E01008407,05-07-2018,2,1,1,1,28,6,3,0,0,0,0,-1,9,1
54452,72.88378959,19.07498209,10,3,2,1,4,18:17,146,E08000020,3,1,3,70,0,-1,-1,0,0,0,1,2,2,0,0,2,1,E01008224,06-07-2018,2,2,2,2,70,10,3,0,0,1,0,-1,9,1
54453,72.85243102,19.14217802,10,3,2,1,4,16:20,148,E08000022,4,1321,6,30,3,4,6,427,0,0,1,1,1,0,0,2,1,E01008583,29-06-2018,1,1,3,1,39,7,3,5,3,0,0,-1,0,1
54454,72.91196302,19.19558765,10,3,2,1,7,16:50,146,E08000020,3,692,3,30,3,4,6,326,0,0,1,1,1,0,0,1,2,E01008260,02-07-2018,1,2,3,2,44,7,3,5,3,0,0,-1,0,1
54455,72.84367198,19.13189474,10,3,2,2,3,16:05,146,E08000020,4,1426,6,30,3,4,6,326,0,0,1,2,2,0,0,1,1,E01008260,05-07-2018,1,1,1,1,51,8,3,0,0,0,0,-1,9,1
54456,72.867282,19.13932923,10,3,2,1,2,11:25,148,E08000022,6,226,1,30,1,4,3,186,0,0,5,2,2,0,0,1,1,E01008532,04-07-2018,2,2,1,2,46,8,3,0,0,0,0,-1,9,1
54457,72.91195428,19.13523341,10,2,3,3,1,15:25,149,E08000023,3,183,6,30,0,-1,-1,0,0,0,1,1,1,0,0,2,1,E01008649,03-07-2018,1,1,2,2,17,4,3,0,0,2,0,-1,9,-1
54458,72.84287115,19.10355597,10,2,3,1,7,12:48,150,E08000024,6,134,6,30,3,4,6,134,0,0,1,1,1,0,0,1,1,E01008714,02-07-2018,1,1,3,2,15,3,2,10,9,0,0,-1,0,1
54459,72.85732204,19.17998062,10,3,2,1,7,16:15,145,E06000048,4,1334,6,30,1,4,3,189,0,0,1,1,1,4,0,2,2,E01027543,02-07-2018,2,1,1,1,51,8,3,0,0,0,0,-1,19,1
54460,72.90268553,19.1025771,10,3,1,1,4,21:35,145,E06000048,3,196,6,60,0,-1,-1,0,0,0,6,2,2,0,0,2,1,E01027531,06-07-2018,1,1,3,1,16,4,3,5,1,0,0,-1,0,1
54461,72.86923911,19.06976439,10,3,2,2,3,13:15,149,E08000023,3,185,6,30,6,2,4,1516,0,0,1,2,2,0,0,1,2,E01008654,05-07-2018,3,1,1,1,35,6,3,0,0,0,0,-1,9,-1
54462,72.9021862,19.05744277,10,3,2,1,7,16:50,145,E06000048,3,189,3,70,5,4,3,189,0,0,1,1,1,0,0,2,1,E01027552,02-07-2018,2,1,2,1,20,4,3,0,0,2,0,-1,9,1
54463,72.91669545,19.10708823,10,3,2,2,1,23:15,148,E08000022,3,1149,2,30,3,4,6,2012,0,0,4,1,1,0,0,1,1,E01008483,08-05-2018,2,2,2,2,21,5,3,0,0,2,0,-1,9,1
54464,72.87262674,19.20437849,10,3,2,1,5,07:37,147,E08000021,4,1600,3,30,6,2,3,1058,0,0,1,1,2,0,0,1,1,E01008407,07-07-2018,1,1,3,1,26,6,1,10,9,0,0,-1,0,-1
54465,72.85677708,19.08574863,10,3,2,1,4,18:25,147,E08000021,3,695,6,30,3,4,3,695,0,0,1,1,1,0,0,1,2,E01008438,15-06-2018,1,1,3,2,11,3,3,7,1,0,0,-1,0,1
54466,72.8355056,19.11835429,10,3,1,1,4,18:30,147,E08000021,3,167,3,50,0,-1,-1,0,0,0,1,2,2,0,0,1,1,E01008440,06-07-2018,2,1,1,2,31,6,3,0,0,0,0,-1,9,1
54467,72.93459499,19.14590593,10,3,2,1,3,17:40,147,E08000021,6,1112,6,30,6,4,6,326,0,0,1,2,2,0,0,1,2,E01008397,05-07-2018,1,1,1,1,19,4,3,0,0,0,0,-1,9,1
54468,72.83612995,19.0589605,10,3,2,2,3,06:12,147,E08000021,3,186,6,30,3,4,4,1312,0,0,1,1,1,0,0,1,1,E01008408,05-07-2018,1,2,2,1,18,4,2,0,0,1,0,-1,9,1
54469,72.90519393,19.07027626,10,3,1,2,4,14:59,147,E08000021,3,695,3,50,3,2,6,0,0,5,1,1,1,0,0,1,1,E01008417,29-06-2018,1,1,1,2,39,7,3,0,0,0,0,-1,9,1
54470,72.92541593,19.17058059,10,3,2,1,3,16:20,150,E08000024,3,690,3,30,0,-1,-1,0,0,0,1,2,2,0,0,1,1,E01008826,05-07-2018,2,2,1,1,37,7,3,0,0,0,0,-1,19,1
54471,72.93200796,19.12041336,10,3,2,1,4,14:15,141,E06000048,3,1167,6,60,0,-1,-1,0,0,0,1,2,2,0,2,2,2,E01027386,06-07-2018,1,1,3,2,25,5,3,4,2,0,0,-1,0,-1
54472,72.86999054,19.18214563,10,3,2,1,7,09:33,147,E08000021,3,167,1,40,1,4,6,126,0,0,1,1,1,0,0,1,1,E01008297,02-07-2018,1,1,3,2,52,8,3,4,2,0,0,-1,0,1
54473,72.9289359,19.12113024,10,3,2,1,4,06:47,148,E08000022,6,226,1,30,1,4,3,187,0,0,1,2,2,0,0,1,1,E01008575,06-07-2018,1,1,3,1,14,3,3,5,1,0,0,-1,0,1
54474,72.87826495,19.13013998,10,3,3,1,3,17:46,150,E08000024,3,1018,2,30,0,-1,-1,0,0,0,1,2,2,0,0,1,1,E01008791,05-07-2018,2,1,1,1,18,4,3,0,0,0,0,-1,9,1
54475,72.89772369,19.08774776,10,3,2,1,5,17:15,148,E08000022,4,1315,6,30,3,4,3,193,0,0,1,1,1,0,0,1,1,E01008572,07-07-2018,2,1,1,1,56,9,3,0,0,0,0,-1,9,1
54476,72.89861092,19.16854758,10,3,2,2,6,20:55,147,E08000021,6,326,6,30,6,4,6,326,0,0,1,1,1,0,0,1,1,E01008414,01-07-2018,2,2,2,2,54,8,3,0,0,1,0,-1,9,1
54477,72.90659218,19.09852376,10,3,1,1,4,14:50,149,E08000023,4,1303,6,30,3,4,4,1303,0,0,1,2,2,0,0,1,1,E01008596,06-07-2018,1,1,2,2,88,11,3,0,0,1,0,-1,9,1
54478,72.83934939,19.08269685,10,3,2,3,3,21:00,148,E08000022,4,1322,6,60,0,-1,-1,0,0,0,1,2,2,0,0,2,1,E01008565,05-07-2018,1,1,1,1,43,7,3,0,0,0,0,-1,9,1
54479,72.85019295,19.08722352,10,3,2,2,5,08:17,145,E06000048,6,6510,6,30,3,4,6,6510,0,0,1,2,2,0,0,1,1,E01027528,07-07-2018,1,1,2,2,19,4,3,0,0,1,0,-1,9,1
54480,72.84603228,19.21024424,10,3,2,1,6,15:20,142,E06000048,3,193,6,30,1,2,3,193,0,4,1,1,1,0,0,1,2,E01027431,17-06-2018,1,1,3,1,16,4,2,4,4,0,0,-1,0,1
54481,72.83095371,19.11276306,10,2,3,3,2,17:23,143,E06000048,3,192,6,60,0,-1,-1,0,0,0,1,1,1,0,0,2,1,E01027448,04-07-2018,1,1,1,1,27,6,3,0,0,0,0,-1,9,1
54482,72.92845175,19.20867899,10,3,2,2,1,13:52,142,E06000048,3,189,3,70,1,4,3,19,0,0,1,1,1,0,0,2,1,E01027436,03-07-2018,1,1,1,2,41,7,3,0,0,0,0,-1,9,1
54483,72.91761831,19.17983264,10,2,2,2,7,16:55,143,E06000048,3,1,6,60,9,4,6,0,0,0,1,1,1,0,0,2,1,E01027448,02-07-2018,1,1,3,2,15,3,3,5,1,0,0,-1,0,1
54484,72.8514984,19.19092555,10,3,1,1,6,17:10,146,E08000020,6,3038,6,30,3,4,6,426,0,0,1,1,1,0,0,1,1,E01008238,08-07-2018,1,1,3,1,37,7,3,10,9,0,0,-1,0,1
54485,72.8494773,19.10183626,10,3,2,1,5,20:30,145,E06000048,3,197,6,30,3,4,6,0,0,0,5,1,1,0,0,2,1,E01027541,07-07-2018,1,1,3,2,48,8,3,5,1,0,0,-1,0,1
54486,72.92772794,19.1557956,10,3,1,1,4,18:39,147,E08000021,4,1307,3,20,3,2,4,1307,0,4,1,1,2,0,0,1,2,E01008397,06-07-2018,2,1,1,1,19,4,3,0,0,0,0,-1,9,1
54487,72.8634119,19.20093616,10,2,2,3,5,23:35,147,E08000021,3,189,6,30,0,-1,-1,0,0,0,4,1,1,0,0,1,1,E01008321,07-07-2018,1,1,3,1,7,2,3,5,3,0,0,-1,0,1
54488,72.85017268,19.18744141,10,3,2,1,1,22:30,150,E08000024,5,509,6,30,6,2,4,1291,0,5,4,1,1,0,0,1,2,E01008722,10-07-2018,1,1,3,1,13,3,3,5,4,0,0,-1,0,1
54489,72.87997107,19.19248152,10,3,2,1,6,22:15,147,E08000021,4,6528,6,30,3,4,6,216,0,0,4,1,1,4,0,1,1,E01008403,08-07-2018,2,1,1,1,35,6,3,0,0,0,0,-1,1,1
54490,72.84739542,19.09253709,10,3,1,1,3,15:35,150,E08000024,6,345,6,30,0,-1,-1,0,0,0,1,1,1,0,0,1,1,E01008766,28-06-2018,2,1,3,1,48,8,3,9,6,0,0,-1,0,1
54491,72.86450975,19.12443332,10,3,1,1,5,15:41,150,E08000024,5,503,6,30,3,4,6,135,1,0,1,2,2,0,0,1,1,E01008843,07-07-2018,1,1,1,2,66,10,3,0,0,0,0,-1,9,1
54492,72.86403981,19.1315775,10,3,2,3,7,16:22,144,E06000048,3,69,3,70,3,3,4,6531,0,0,1,1,1,0,0,2,1,E01027491,09-07-2018,2,2,1,2,29,6,3,0,0,0,0,-1,9,1
54493,72.93211935,19.06631377,10,3,1,2,4,19:51,146,E08000020,3,1,7,30,3,4,3,694,0,0,1,1,1,0,0,2,1,E01008181,06-07-2018,1,1,3,1,19,4,3,9,9,0,0,-1,0,1
54494,72.89079231,19.05683545,10,1,2,2,4,12:10,143,E06000048,3,696,6,60,0,-1,-1,0,0,0,1,2,2,0,0,2,1,E01027447,06-07-2018,2,1,1,1,54,8,3,0,0,0,0,-1,9,1
54495,72.9064081,19.16946578,10,3,2,1,5,16:40,148,E08000022,3,189,1,70,1,4,3,190,0,0,1,1,1,0,0,2,1,E01008478,07-07-2018,2,2,2,2,52,8,3,0,0,1,0,-1,9,1
54496,72.8483066,19.12674369,10,3,2,3,7,14:46,146,E08000020,4,6317,6,30,1,4,3,694,0,0,1,1,1,0,0,2,1,E01008181,09-07-2018,1,1,2,2,86,11,3,0,0,0,0,-1,11,-1
54497,72.86936634,19.18243155,10,3,1,1,5,13:45,144,E06000048,3,69,3,70,0,-1,-1,0,0,0,1,1,1,0,0,2,1,E01027482,07-07-2018,1,1,1,1,31,6,2,0,0,0,0,-1,1,1
54498,72.83931217,19.0889478,10,3,2,1,2,07:50,150,E08000024,3,19,3,70,5,4,3,1231,0,0,1,2,2,0,0,2,1,E01008850,04-07-2018,1,1,3,1,52,8,3,5,4,0,0,-1,0,1
54499,72.86467535,19.19904773,10,2,1,2,5,03:50,149,E08000023,3,184,6,30,0,-1,-1,0,0,8,4,2,2,0,7,2,1,E01008620,07-07-2018,1,1,1,1,34,6,3,0,0,0,0,-1,9,1
54500,72.93016747,19.07261132,10,3,1,2,7,19:15,149,E08000023,3,184,1,70,1,4,3,194,0,0,1,1,1,0,0,2,1,E01008629,09-07-2018,2,2,1,1,37,7,3,0,0,0,0,-1,9,1
54501,72.85236239,19.15715974,10,3,1,2,7,20:55,140,E06000048,4,6345,6,60,0,-1,-1,0,0,0,1,1,1,0,0,2,1,E01027362,09-07-2018,2,3,2,2,8,2,3,0,0,1,0,-1,9,1
54502,72.89332362,19.07807402,10,3,2,1,3,17:00,148,E08000022,6,136,6,30,3,4,6,136,0,0,1,2,2,0,0,1,2,E01008488,05-07-2018,1,1,1,1,36,7,3,0,0,0,0,-1,9,1
54503,72.8269851,19.11407188,10,3,2,1,1,15:50,149,E08000023,4,1344,6,30,1,4,3,183,0,0,1,1,1,0,0,1,2,E01008597,10-07-2018,1,1,3,1,25,5,3,9,7,0,0,-1,0,-1
54504,72.92532977,19.14964996,10,3,2,1,1,14:50,150,E08000024,6,225,6,30,3,4,6,225,0,0,1,1,1,0,0,1,2,E01008872,10-07-2018,1,1,3,2,50,8,3,5,3,0,0,-1,0,1
54505,72.91706214,19.06901321,10,3,2,2,4,22:19,148,E08000022,4,1317,6,30,9,4,6,427,0,0,1,2,2,0,0,2,2,E01008507,06-07-2018,1,1,1,1,14,3,3,0,0,0,0,-1,1,1
54506,72.93793268,19.07437832,10,3,2,2,4,17:15,148,E08000022,3,19,7,30,1,4,3,191,0,0,1,2,2,0,0,2,2,E01008566,06-07-2018,1,1,2,2,22,5,2,0,0,1,0,-1,9,1
54507,72.82881009,19.13267236,10,3,1,1,1,03:00,141,E06000048,3,698,6,60,0,-1,-1,0,0,0,6,1,1,0,0,2,1,E01027382,10-07-2018,1,3,1,1,19,4,3,0,0,0,0,-1,9,1
54508,72.90410694,19.08076272,10,3,2,1,5,17:00,147,E08000021,3,167,6,30,3,4,6,126,0,0,1,1,1,0,0,1,1,E01008451,07-07-2018,2,2,1,1,60,9,3,0,0,0,0,-1,9,1
54509,72.85475181,19.19829178,10,3,2,2,5,11:25,147,E08000021,4,1307,6,30,3,2,4,1311,0,0,1,1,1,0,0,1,2,E01008397,07-07-2018,1,1,3,2,18,4,2,5,2,0,0,-1,0,1
54510,72.8707874,19.0709213,10,3,2,1,2,23:39,148,E08000022,4,1321,6,30,0,-1,-1,0,0,0,4,1,1,0,0,2,1,E01008582,30-05-2018,2,1,1,1,25,5,3,0,0,0,0,-1,9,-1
54511,72.91895661,19.20982049,10,3,2,1,5,16:33,147,E08000021,3,189,3,30,3,2,6,126,0,5,1,1,1,0,0,1,1,E01008396,07-07-2018,1,1,1,1,24,5,3,0,0,0,0,-1,3,1
54512,72.83702658,19.1368782,10,3,2,1,6,01:50,146,E08000020,5,302,6,30,0,-1,-1,0,0,0,4,8,2,0,7,1,1,E01008195,01-07-2018,1,1,3,1,30,6,3,10,5,0,0,-1,0,-1
54513,72.87132576,19.12188844,10,3,2,1,5,09:05,145,E06000048,6,6701,6,30,3,4,6,6701,0,0,1,1,2,0,0,1,1,E01027524,07-07-2018,2,1,1,1,57,9,3,0,0,0,0,-1,9,1
54514,72.84138497,19.13267274,10,3,2,1,4,15:17,149,E08000023,5,405,6,40,3,2,5,405,0,0,1,2,2,0,0,2,2,E01008611,06-07-2018,2,2,2,2,55,8,3,0,0,1,0,-1,9,1
54515,72.92256987,19.20291504,10,2,1,1,1,12:50,144,E06000048,5,324,6,60,0,-1,-1,0,0,0,1,1,1,0,0,2,1,E01027512,10-07-2018,2,1,1,1,17,4,2,0,0,0,0,-1,2,1
54516,72.84959908,19.13825978,10,2,1,5,4,21:17,145,E06000048,6,6701,6,60,0,-1,-1,0,0,0,1,2,2,0,0,2,1,E01027525,06-07-2018,1,1,1,1,57,9,3,0,0,0,0,-1,8,1
54517,72.87563527,19.18873653,10,2,2,3,2,08:10,150,E08000024,6,345,6,30,3,4,6,345,0,0,1,1,2,0,0,1,1,E01008764,04-07-2018,1,2,2,2,66,10,3,0,0,2,0,-1,8,1
54518,72.91857622,19.16259236,10,3,2,1,6,16:04,144,E06000048,3,69,3,70,0,-1,-1,0,0,0,1,1,1,4,0,2,1,E01027483,08-07-2018,1,1,2,2,40,7,3,0,0,0,4,-1,11,-1
54519,72.89887817,19.14686085,10,3,2,1,4,16:30,148,E08000022,3,191,6,30,1,3,4,1505,0,0,1,2,2,0,0,1,1,E01008501,06-07-2018,1,2,2,2,40,7,3,0,0,0,4,-1,11,-1
54520,72.8845713,19.07878745,10,2,2,2,1,10:45,144,E06000048,3,686,6,60,3,4,6,8048,0,0,1,1,1,0,0,2,1,E01027488,10-07-2018,2,1,1,2,37,7,3,0,0,0,0,-1,9,1
54521,72.92906658,19.18553121,10,3,2,1,4,14:10,147,E08000021,4,1305,1,30,1,4,5,114,0,0,1,2,2,0,0,1,1,E01008347,06-07-2018,1,1,1,1,54,8,3,0,0,0,0,-1,9,1
54522,72.89075896,19.11009064,10,1,2,4,1,14:57,147,E08000021,3,189,3,50,7,2,3,167,0,5,1,1,1,0,0,1,1,E01008395,10-07-2018,2,2,2,2,51,8,3,0,0,1,0,-1,9,1
54523,72.8898815,19.12383039,10,3,2,1,7,13:46,147,E08000021,3,186,6,40,3,1,6,126,0,0,1,1,1,0,0,1,1,E01008292,09-07-2018,2,3,2,2,41,7,3,0,0,2,0,-1,9,1
54524,72.82974169,19.1551205,10,3,2,1,6,16:35,147,E08000021,6,216,6,30,3,4,6,216,0,0,1,1,1,0,0,1,1,E01008336,08-07-2018,1,1,1,1,54,8,3,0,0,0,0,-1,9,1
54525,72.88663067,19.18730788,10,2,2,1,6,10:00,150,E08000024,6,435,6,30,0,-1,-1,0,0,0,1,1,1,0,0,1,1,E01008770,08-07-2018,2,1,1,1,31,6,3,0,0,0,0,-1,8,1
54526,72.86504149,19.14024443,10,3,2,2,2,17:47,150,E08000024,6,5053,6,60,3,4,3,690,0,0,1,1,1,0,0,2,1,E01008747,11-07-2018,2,2,2,2,46,8,3,0,0,2,0,-1,8,1
54527,72.88731361,19.09251853,10,3,2,1,6,15:35,150,E08000024,3,182,3,60,0,-1,-1,0,0,0,1,1,1,0,0,2,2,E01008865,08-07-2018,2,1,1,1,57,9,3,0,0,0,0,-1,5,1
54528,72.89103049,19.16765628,10,3,1,1,2,17:24,149,E08000023,3,1300,6,30,0,-1,-1,0,0,8,1,1,1,0,0,1,1,E01008634,11-07-2018,1,1,1,1,44,7,3,0,0,0,0,-1,9,1
54529,72.91318785,19.16513681,10,3,2,2,3,12:01,147,E08000021,4,1318,3,40,3,2,6,1110,0,5,1,1,1,0,0,1,1,E01008309,12-07-2018,1,3,2,2,39,7,3,0,0,1,0,-1,9,-1
54530,72.91450928,19.15676522,10,3,1,1,7,04:51,148,E08000022,3,192,1,30,1,4,3,186,0,0,1,1,1,0,0,1,1,E01008567,09-07-2018,2,2,1,1,37,7,3,0,0,0,0,-1,9,1
54531,72.84413467,19.10454732,10,3,1,1,3,08:30,147,E08000021,4,1311,6,30,0,-1,-1,0,0,0,1,1,1,0,0,1,2,E01008289,05-07-2018,2,4,2,2,36,7,3,0,0,1,0,-1,9,1
54532,72.92960804,19.206354,10,3,2,1,7,23:40,147,E08000021,3,193,1,30,1,4,3,187,0,0,4,1,1,0,0,1,2,E01008303,09-07-2018,2,5,2,2,5,1,3,0,0,2,0,-1,9,1
54533,72.86941196,19.12234729,10,3,2,1,3,14:51,147,E08000021,3,186,6,30,0,-1,-1,0,0,8,1,1,1,0,0,1,1,E01008335,12-07-2018,2,6,2,1,6,2,3,0,0,2,0,-1,9,1
54534,72.88221508,19.14771,10,3,2,1,7,16:50,144,E06000048,4,6306,6,30,0,-1,-1,0,0,0,1,1,1,0,0,1,1,E01027494,09-07-2018,1,1,1,2,36,7,3,0,0,0,0,-1,9,1
54535,72.82659323,19.06891947,10,3,2,1,3,08:05,143,E06000048,5,339,6,60,0,-1,-1,0,0,0,1,1,1,0,0,2,1,E01027447,12-07-2018,2,2,1,2,24,5,3,0,0,0,0,-1,9,1
54536,72.86500882,19.07863973,10,3,2,2,2,15:30,143,E06000048,3,1,6,60,3,4,6,0,0,0,1,1,1,0,0,2,1,E01027450,11-07-2018,2,3,2,2,39,7,3,0,0,1,0,-1,9,1
54537,72.89127574,19.14354518,10,3,2,1,3,09:40,143,E06000048,6,6107,6,30,2,4,6,6107,0,0,1,1,1,0,0,1,1,E01027458,12-07-2018,1,1,3,2,64,9,3,6,9,0,0,-1,0,1
54538,72.89410504,19.19945334,10,3,1,1,2,11:08,148,E08000022,6,136,6,30,0,-1,-1,0,0,0,1,1,1,0,0,1,1,E01008571,11-07-2018,1,1,3,1,12,3,3,5,2,0,0,-1,0,1
54539,72.91475646,19.17099243,10,3,1,1,4,18:45,142,E06000048,5,410,6,30,3,4,5,410,0,0,1,1,1,0,0,1,1,E01027427,06-07-2018,2,1,1,1,27,6,3,0,0,0,0,-1,5,-1
54540,72.8287173,19.14170969,10,3,2,1,2,02:55,147,E08000021,5,110,6,40,6,4,6,126,0,0,4,1,1,0,0,1,1,E01008326,11-07-2018,1,1,2,2,1,1,3,0,0,0,4,-1,11,1