Accident_Index,longitude,latitude,Police_Force,Accident_Severity,Number_of_Vehicles,Number_of_Casualties,Day_of_Week,Time,Local_Authority_(District),Local_Authority_(Highway),1st_Road_Class,1st_Road_Number,Road_Type,Speed_limit,Junction_Detail,Junction_Control,2nd_Road_Class,2nd_Road_Number,Pedestrian_Crossing-Human_Control,Pedestrian_Crossing-Physical_Facilities,Light_Conditions,Weather_Conditions,Road_Surface_Conditions,Special_Conditions_at_Site,Carriageway_Hazards,Urban_or_Rural_Area,Did_Police_Officer_Attend_Scene_of_Accident,LSOA_of_Accident_Location,Date,Vehicle_Reference,Casualty_Reference,Casualty_Class,Sex_of_Casualty,Age_of_Casualty,Age_Band_of_Casualty,Casualty_Severity,Pedestrian_Location,Pedestrian_Movement,Car_Passenger,Bus_or_Coach_Passenger,Pedestrian_Road_Maintenance_Worker,Casualty_Type,Casualty_Home_Area_Type
54541,72.92284067,19.15939507,10,3,2,1,2,17:45,147,E08000021,4,1600,6,30,3,2,3,186,0,5,1,1,1,0,0,1,1,E01008408,11-07-2018,1,2,1,1,22,5,3,0,0,0,0,-1,9,1
54542,72.85749785,19.15188729,10,3,1,1,1,15:45,147,E08000021,5,124,6,30,0,-1,-1,0,0,0,1,1,1,0,0,1,2,E01008314,10-07-2018,2,1,1,1,17,4,3,0,0,0,0,-1,2,1
54543,72.870858,19.17579473,10,3,2,1,3,09:30,146,E08000020,3,1,1,30,1,4,4,1288,0,0,1,1,1,0,0,2,2,E01008174,12-07-2018,2,1,1,1,38,7,3,0,0,0,0,-1,9,1
54544,72.93492114,19.06538774,10,3,2,1,3,19:30,147,E08000021,6,226,6,30,3,4,6,226,0,0,1,1,1,0,0,1,1,E01008322,12-07-2018,1,1,3,2,47,8,3,5,1,0,0,-1,0,-1
54545,72.90533828,19.10476645,10,3,3,1,4,15:50,143,E06000048,4,6323,6,60,3,4,6,9052,0,0,1,1,1,0,0,2,1,E01027469,13-07-2018,1,1,3,1,53,8,2,1,1,0,0,-1,0,1
54546,72.83179196,19.20077439,10,3,2,1,5,10:05,147,E08000021,3,189,6,30,6,2,3,188,0,5,1,1,1,0,0,1,2,E01008440,07-07-2018,2,1,1,1,7,2,3,0,0,0,0,-1,1,1
54547,72.86595855,19.13741364,10,3,2,2,1,15:00,148,E08000022,3,1058,7,60,1,4,3,19,0,0,1,1,1,0,0,2,2,E01008512,10-07-2018,1,1,1,1,12,3,3,0,0,0,0,-1,90,1
54548,72.87933378,19.12711772,10,3,2,2,4,17:09,150,E08000024,5,501,6,30,6,4,6,135,0,0,1,1,1,0,0,1,1,E01008858,29-06-2018,1,1,3,2,15,3,3,5,2,0,0,-1,0,1
54549,72.83037555,19.15415747,10,2,2,1,6,10:00,150,E08000024,6,235,6,30,3,4,6,235,0,0,1,1,1,0,0,1,1,E01008733,08-07-2018,1,1,1,2,62,9,3,0,0,0,0,-1,9,1
54550,72.91379634,19.09017362,10,3,1,1,2,14:51,150,E08000024,4,1522,6,30,9,4,6,345,0,0,1,1,1,6,0,1,1,E01008741,11-07-2018,1,3,2,2,70,10,3,0,0,1,0,-1,9,1
54551,72.90396374,19.18629842,10,3,1,1,3,15:42,150,E08000024,6,235,6,30,0,-1,-1,0,0,0,1,1,1,0,0,1,1,E01008816,12-07-2018,2,2,1,1,19,4,3,0,0,0,0,-1,9,1
54552,72.85171742,19.07046215,10,3,3,1,6,13:10,150,E08000024,3,1231,3,70,1,4,3,182,0,0,1,1,1,0,0,2,1,E01008874,08-07-2018,1,1,2,1,36,7,3,0,0,2,0,-1,9,1
54553,72.84822727,19.18835618,10,3,2,1,2,10:08,150,E08000024,6,235,6,30,3,4,6,235,0,0,1,1,1,0,0,1,1,E01008820,11-07-2018,1,1,3,1,39,7,3,4,2,0,0,-1,0,1
54554,72.86568159,19.16977812,10,3,2,2,4,16:07,150,E08000024,3,1231,1,70,1,4,3,182,0,0,1,1,1,0,0,2,1,E01008867,13-07-2018,2,1,2,2,30,6,3,0,0,0,4,-1,11,-1
54555,72.88891696,19.13905424,10,3,2,2,2,18:34,145,E06000048,5,399,6,30,0,-1,-1,0,0,0,1,1,1,0,0,1,1,E01027524,11-07-2018,2,1,2,1,7,2,3,0,0,0,4,-1,11,-1
54556,72.82968864,19.13944467,10,3,3,3,5,10:35,147,E08000021,3,167,3,50,0,-1,-1,0,0,0,1,1,1,0,0,1,1,E01008408,14-07-2018,1,1,3,1,6,2,3,5,3,0,0,-1,0,1
54557,72.93001812,19.15734241,10,3,2,1,5,11:40,150,E08000024,6,5007,6,30,6,4,6,235,0,0,1,1,1,0,0,1,1,E01008735,14-07-2018,2,1,1,1,64,9,3,0,0,0,0,-1,9,1
54558,72.88961306,19.10850874,10,3,2,1,5,12:10,146,E08000020,6,3037,6,30,3,4,6,225,0,0,1,2,2,0,0,1,1,E01008192,14-07-2018,3,1,1,2,58,9,3,0,0,0,0,-1,9,1
54559,72.87484372,19.19707654,10,3,2,1,5,13:55,150,E08000024,3,182,6,30,1,4,3,183,0,4,1,1,2,0,0,1,1,E01008793,14-07-2018,3,2,2,1,18,4,3,0,0,1,0,-1,9,1
54560,72.87203333,19.09343386,10,3,2,1,3,17:00,148,E08000022,6,226,2,30,3,4,3,193,0,1,1,1,1,0,0,1,1,E01008575,12-07-2018,3,3,2,2,18,4,3,0,0,2,0,-1,9,1
54561,72.92544613,19.1450524,10,3,2,1,3,15:15,144,E06000048,3,69,6,60,0,-1,-1,0,0,0,1,1,1,0,0,2,1,E01027484,12-07-2018,1,1,1,1,34,6,3,0,0,0,0,-1,21,1
54562,72.88329406,19.12940552,10,3,1,1,5,06:09,144,E06000048,3,69,1,70,1,4,4,6530,0,0,1,1,1,0,0,2,1,E01027483,14-07-2018,1,1,3,1,28,6,2,5,1,0,0,-1,0,1
54563,72.83918867,19.20795999,10,3,1,1,3,10:25,147,E08000021,4,6328,6,30,0,-1,-1,0,0,0,1,1,1,0,0,1,2,E01008335,22-02-2018,2,1,1,2,38,7,3,0,0,0,0,-1,9,1
54564,72.88537271,19.08805169,10,2,1,1,4,15:20,144,E06000048,4,6320,6,60,0,-1,-1,0,0,0,1,1,1,5,0,2,1,E01027511,13-07-2018,1,1,1,1,45,7,2,0,0,0,0,-1,9,-1
54565,72.88594343,19.06034721,10,3,2,1,5,20:54,142,E06000048,3,1061,6,40,3,4,6,9524,0,0,1,1,1,0,0,1,1,E01027439,07-07-2018,2,1,2,2,38,7,3,0,0,1,0,-1,9,1
54566,72.84654502,19.13292769,10,3,1,1,1,17:10,143,E06000048,6,6049,6,30,0,-1,-1,0,0,0,1,1,1,0,0,2,2,E01027474,26-06-2018,1,1,1,2,23,5,3,0,0,0,0,-1,9,1
54567,72.86181691,19.08527293,10,3,2,1,2,09:20,148,E08000022,3,193,6,30,3,4,6,136,0,0,1,1,1,0,0,1,2,E01008483,11-07-2018,2,2,2,2,16,4,3,0,0,0,4,-1,11,1
54568,72.83528209,19.20186879,10,3,2,2,4,06:55,150,E08000024,6,235,1,30,2,4,6,235,0,0,1,1,1,0,0,1,2,E01008818,13-07-2018,1,1,1,2,42,7,3,0,0,0,0,-1,9,1
54569,72.91761837,19.18594496,10,3,2,2,4,10:15,150,E08000024,3,1231,3,70,0,-1,-1,0,0,0,1,1,1,0,0,2,1,E01008850,13-07-2018,2,2,1,1,28,6,3,0,0,0,0,-1,9,1
54570,72.83009194,19.19549536,10,2,2,1,6,06:35,146,E08000020,6,225,6,30,3,4,6,225,0,0,1,1,1,0,0,2,1,E01008224,15-07-2018,1,1,1,1,52,8,2,0,0,0,0,-1,1,1
54571,72.92262304,19.06723974,10,3,2,1,7,18:40,144,E06000048,3,68,9,60,3,4,5,273,0,0,1,1,1,0,0,2,1,E01027507,16-07-2018,2,1,1,2,23,5,3,0,0,0,0,-1,9,1
54572,72.91473255,19.20055103,10,3,2,1,7,18:10,147,E08000021,5,114,6,30,0,-1,-1,0,0,0,1,1,1,0,0,1,1,E01008348,16-07-2018,1,2,2,1,40,7,3,0,0,1,2,-1,11,1
54573,72.829736,19.06892501,10,3,2,1,4,16:40,150,E08000024,3,182,3,70,5,4,3,182,0,0,1,1,1,0,0,2,1,E01008799,13-07-2018,2,1,2,2,13,3,3,0,0,1,3,-1,9,1
54574,72.9202625,19.11220915,10,3,2,1,5,12:10,147,E08000021,3,193,6,30,6,2,4,1600,0,0,1,1,1,0,0,1,2,E01008406,07-07-2018,1,1,3,1,3,1,1,5,2,0,0,-1,0,1
54575,72.86214976,19.12201174,10,3,2,1,1,19:09,145,E06000048,6,6515,6,30,0,-1,-1,0,0,0,1,1,1,0,0,1,1,E01027533,17-07-2018,1,1,3,2,54,8,3,10,9,0,0,-1,0,1
54576,72.89383364,19.19959282,10,3,2,1,6,19:30,147,E08000021,6,226,6,30,3,4,6,226,0,0,1,1,1,0,0,1,2,E01008318,08-07-2018,2,1,1,1,63,9,3,0,0,0,0,-1,9,1
54577,72.92351207,19.16051375,10,3,2,4,6,20:49,147,E08000021,3,1,3,70,5,4,3,1,0,0,1,1,1,0,0,1,1,E01008293,15-07-2018,2,2,2,2,65,9,3,0,0,1,0,-1,9,1
54578,72.83286208,19.07106482,10,3,1,1,4,23:55,147,E08000021,6,126,6,30,0,-1,-1,0,0,0,4,1,1,0,0,1,1,E01008377,13-07-2018,1,1,1,1,31,6,3,0,0,0,0,-1,19,-1
54579,72.91200773,19.07166758,10,3,2,3,6,14:15,145,E06000048,3,1068,6,60,3,4,3,192,0,0,1,1,1,0,0,2,1,E01027398,15-07-2018,1,2,2,1,34,6,3,0,0,1,0,-1,19,-1
54580,72.83513304,19.15863527,10,3,2,2,5,18:22,149,E08000023,3,184,3,70,0,-1,-1,0,0,0,1,1,1,0,0,2,1,E01008629,14-07-2018,1,3,2,1,33,6,3,0,0,2,0,-1,19,-1
54581,72.86935861,19.19354139,10,3,3,3,7,14:18,149,E08000023,6,336,6,30,3,4,6,336,0,0,1,1,1,0,0,1,1,E01008654,16-07-2018,1,1,2,2,20,4,3,0,0,1,0,-1,9,1
54582,72.83287133,19.17870247,10,3,2,3,7,12:10,144,E06000048,3,696,6,60,6,4,6,5012,0,0,1,1,1,0,0,2,1,E01027479,16-07-2018,2,1,2,2,55,8,3,0,0,1,0,-1,9,1
54583,72.9231243,19.18893969,10,3,2,1,7,16:45,142,E06000048,3,190,6,40,1,4,3,192,0,0,1,1,1,0,0,2,2,E01027432,16-07-2018,2,1,1,1,19,4,3,0,0,0,0,-1,3,1
54584,72.93543133,19.11218586,10,1,2,2,7,17:45,144,E06000048,3,69,6,60,9,4,6,0,0,0,1,1,1,0,0,2,1,E01027484,16-07-2018,1,1,3,1,71,10,3,5,1,0,0,-1,0,1
54585,72.85134735,19.09420067,10,3,2,1,6,09:20,150,E08000024,3,182,6,30,6,2,5,517,0,5,1,1,1,0,0,1,1,E01008721,15-07-2018,1,1,1,1,46,8,3,0,0,0,0,-1,9,1
54586,72.84513703,19.12846582,10,2,1,1,6,14:02,150,E08000024,4,1286,6,30,3,4,6,345,0,0,1,1,1,0,0,1,2,E01008769,15-07-2018,2,1,1,1,29,6,3,0,0,0,0,-1,9,1
54587,72.84089463,19.20561161,10,3,2,1,5,14:52,142,E06000048,3,189,3,70,0,-1,-1,0,0,0,1,1,1,0,0,2,1,E01027425,14-07-2018,2,2,2,2,29,6,3,0,0,1,0,-1,9,1
54588,72.83497209,19.13985692,10,3,2,1,4,08:05,142,E06000048,3,192,6,60,1,4,3,189,0,0,1,9,1,0,0,2,2,E01027427,13-07-2018,2,1,1,2,30,6,3,0,0,0,0,-1,1,1
54589,72.88237912,19.16245047,10,3,1,1,3,21:20,145,E06000048,5,401,6,30,0,-1,-1,0,0,0,1,1,1,0,0,1,2,E01027527,28-06-2018,2,1,1,1,33,6,3,0,0,0,0,-1,5,1
54590,72.89566165,19.20947902,10,3,1,1,2,11:55,142,E06000048,4,1328,6,30,6,2,6,9511,0,5,1,1,1,0,0,1,2,E01027415,27-06-2018,1,1,1,1,18,4,3,0,0,0,0,-1,9,1
54591,72.8619807,19.05562061,10,3,4,1,1,16:45,143,E06000048,4,6524,6,60,0,-1,-1,0,0,0,1,1,1,0,0,2,1,E01027448,17-07-2018,1,2,2,1,18,4,3,0,0,1,0,-1,9,1
54592,72.87138207,19.05614617,10,3,1,1,5,08:40,148,E08000022,3,191,6,40,0,-1,-1,0,0,4,1,1,1,0,0,2,2,E01008556,30-06-2018,1,1,3,1,20,4,3,1,4,0,0,-1,0,-1
54593,72.93033718,19.16306128,10,3,2,2,7,14:05,147,E08000021,5,113,6,30,3,4,6,326,0,0,1,1,1,0,0,1,1,E01008414,16-07-2018,1,1,3,1,5,1,3,5,2,0,0,-1,0,1
54594,72.93456207,19.20997267,10,3,2,1,4,17:10,147,E08000021,3,193,6,30,0,-1,-1,0,0,1,1,1,1,0,0,1,2,E01008408,13-07-2018,1,1,1,1,25,5,3,0,0,0,0,-1,9,1
54595,72.85081196,19.14191178,10,3,2,1,1,16:14,150,E08000024,6,235,6,30,6,4,6,235,0,0,1,1,1,0,0,1,1,E01008833,17-07-2018,1,2,2,2,18,4,3,0,0,1,0,-1,9,1
54596,72.87780183,19.12086839,10,3,2,2,1,11:30,148,E08000022,3,19,6,30,1,4,3,193,0,0,1,1,1,0,0,2,2,E01008481,10-07-2018,3,3,2,2,18,4,3,0,0,1,0,-1,9,1
54597,72.92365588,19.16462574,10,2,2,1,6,14:35,150,E08000024,3,1290,6,60,0,-1,-1,0,0,0,1,1,1,0,0,2,1,E01008855,15-07-2018,1,1,1,1,32,6,3,0,0,0,0,-1,9,1
54598,72.87095871,19.0710773,10,3,2,1,1,12:20,148,E08000022,3,193,6,30,3,4,6,136,0,0,1,1,1,0,0,1,1,E01008482,26-06-2018,2,2,1,2,42,7,3,0,0,0,0,-1,9,1
54599,72.83717177,19.1114113,10,3,2,2,1,11:55,150,E08000024,3,195,3,70,1,4,3,1231,0,0,1,2,2,0,0,2,1,E01008844,12-06-2018,2,1,1,1,30,6,3,0,0,0,0,-1,5,-1
54600,72.88575137,19.10045811,10,3,2,1,2,07:40,147,E08000021,3,695,1,40,1,4,6,326,0,0,1,1,1,4,0,1,1,E01008437,18-07-2018,3,1,1,1,19,4,3,0,0,0,0,-1,9,-1
54601,72.88768242,19.0692241,10,3,2,1,2,20:30,149,E08000023,6,236,6,30,3,4,6,236,0,0,1,1,1,0,0,1,1,E01008683,11-07-2018,2,1,1,1,41,7,3,0,0,0,0,-1,5,1
54602,72.85620078,19.201044,10,3,1,1,1,20:50,149,E08000023,3,1018,3,30,3,4,6,436,0,0,4,1,1,0,0,2,1,E01008691,10-07-2018,2,1,2,1,11,3,3,0,0,2,0,-1,9,-1
54603,72.83628252,19.09534019,10,3,2,2,6,16:45,150,E08000024,6,5063,6,40,3,4,6,435,0,0,1,1,1,0,0,2,2,E01008776,15-07-2018,2,1,1,1,24,5,3,0,0,0,0,-1,9,1
54604,72.83132584,19.18068791,10,3,1,1,2,14:40,150,E08000024,6,235,6,30,0,-1,-1,0,0,0,1,1,1,0,0,1,1,E01008730,18-07-2018,2,1,2,2,54,8,3,0,0,1,0,-1,9,1
54605,72.83813922,19.19003857,10,3,2,1,6,09:12,143,E06000048,6,6070,3,30,3,4,6,6070,0,0,1,1,1,0,0,2,1,E01027463,15-07-2018,1,1,3,2,12,3,2,4,2,0,0,-1,0,1
54606,72.89779589,19.11484761,10,3,2,1,2,13:05,147,E08000021,3,19,3,70,1,4,4,1318,0,0,1,1,1,0,0,2,1,E01008582,18-07-2018,1,1,3,2,58,9,2,7,1,0,0,-1,0,-1
54607,72.84493441,19.06431818,10,2,1,1,3,10:28,147,E08000021,5,133,6,30,0,-1,-1,0,0,0,1,1,1,0,0,1,1,E01008410,12-07-2018,1,1,3,1,45,7,3,10,3,0,0,-1,0,1
54608,72.8888131,19.06101532,10,3,2,1,2,06:50,144,E06000048,4,6318,6,60,3,4,5,342,0,0,1,1,1,0,0,2,2,E01027480,18-07-2018,1,1,1,1,17,4,3,0,0,0,0,-1,3,1
54609,72.85222273,19.15205149,10,3,2,3,5,08:15,145,E06000048,3,189,3,70,1,4,4,1334,0,0,1,1,1,0,0,2,1,E01027548,14-07-2018,2,1,1,2,25,5,3,0,0,0,0,-1,9,1
54610,72.92664022,19.16757499,10,3,2,3,5,13:15,148,E08000022,3,1058,6,40,0,-1,-1,0,0,0,1,2,2,0,0,1,1,E01008525,14-07-2018,2,1,1,2,37,7,3,0,0,0,0,-1,9,1
54611,72.86265608,19.17192277,10,3,3,1,1,13:40,148,E08000022,3,189,6,40,3,4,6,226,0,0,1,1,1,0,0,2,1,E01008513,17-07-2018,3,1,2,1,6,2,3,0,0,2,0,-1,9,-1
54612,72.91309689,19.18929235,10,3,1,2,4,23:18,148,E08000022,4,1325,6,60,0,-1,-1,0,0,0,4,1,1,0,0,2,1,E01008549,13-07-2018,1,1,3,1,18,4,3,1,1,0,0,-1,0,1
54613,72.93249002,19.18503937,10,3,2,1,6,14:00,145,E06000048,3,196,6,30,8,4,6,6508,0,4,1,1,1,0,0,1,2,E01027529,24-06-2018,1,1,2,1,18,4,3,0,0,1,0,-1,9,1
54614,72.86955674,19.12974101,10,3,2,1,4,16:56,148,E08000022,3,19,6,30,1,4,3,193,0,0,1,1,1,0,0,2,1,E01008481,13-07-2018,1,1,1,2,60,9,2,0,0,0,0,-1,9,-1
54615,72.89382767,19.05683025,10,2,2,2,5,21:45,148,E08000022,4,1322,6,60,0,-1,-1,0,0,0,6,1,1,0,0,2,1,E01008565,14-07-2018,1,1,3,1,49,8,3,5,1,0,0,-1,0,1
54616,72.90045318,19.08114709,10,2,1,1,5,20:50,143,E06000048,3,696,6,60,0,-1,-1,0,0,0,1,1,2,0,7,2,1,E01027467,14-07-2018,1,1,2,2,18,4,3,0,0,1,0,-1,9,1
54617,72.87361107,19.10878713,10,3,2,1,1,12:20,146,E08000020,5,325,6,30,6,4,6,326,0,0,1,1,1,0,0,1,1,E01008259,17-07-2018,1,1,3,1,27,6,3,9,9,0,0,-1,0,1
54618,72.88356444,19.10846231,10,2,2,2,1,11:10,141,E06000048,3,697,6,60,0,-1,-1,0,0,0,1,1,1,0,0,2,1,E01027375,17-07-2018,2,1,1,1,54,8,3,0,0,0,0,-1,9,1
54619,72.87527583,19.12915478,10,3,1,1,2,12:00,146,E08000020,3,184,3,30,7,2,6,426,0,4,1,1,2,0,0,1,1,E01008168,18-07-2018,2,2,2,2,19,4,3,0,0,2,0,-1,9,1
54620,72.85275666,19.1524786,10,3,2,3,5,08:40,148,E08000022,3,193,6,30,0,-1,-1,0,0,0,1,1,1,0,0,1,2,E01008573,14-07-2018,2,3,2,1,19,4,3,0,0,2,0,-1,9,1
54621,72.87076133,19.09201111,10,3,2,1,5,21:30,147,E08000021,6,126,6,30,0,-1,-1,0,0,0,1,1,1,0,0,1,2,E01008377,30-06-2018,1,2,2,2,46,8,3,0,0,1,0,-1,9,1
54622,72.89552067,19.13618917,10,3,2,1,2,19:38,146,E08000020,3,1,3,70,0,-1,-1,0,0,0,1,1,1,0,0,2,1,E01008224,18-07-2018,2,1,1,1,51,8,3,0,0,0,0,-1,9,1
54623,72.89546765,19.19827246,10,3,2,1,4,08:01,147,E08000021,3,191,6,30,3,4,6,126,0,0,1,2,2,0,0,1,1,E01008418,06-07-2018,2,1,1,2,53,8,3,0,0,0,0,-1,9,1
54624,72.8675493,19.05578039,10,3,3,2,7,11:05,147,E08000021,4,1318,3,40,0,-1,-1,0,0,0,1,1,1,0,0,1,1,E01008357,16-07-2018,2,1,1,2,38,7,3,0,0,0,0,-1,9,1
54625,72.8531218,19.13826615,10,3,2,1,1,21:15,148,E08000022,6,337,6,30,8,4,6,337,0,0,1,1,1,0,0,1,1,E01008567,10-07-2018,2,2,2,1,9,2,3,0,0,1,0,-1,9,1
54626,72.92400734,19.07316401,10,3,2,2,3,16:00,150,E08000024,6,225,1,30,1,4,6,225,0,0,1,1,1,0,0,1,1,E01008848,19-07-2018,2,1,2,2,75,10,3,0,0,2,0,-1,9,1
54627,72.85251975,19.09361944,10,3,2,1,7,13:10,148,E08000022,3,19,7,40,6,4,3,1056,0,0,1,1,1,0,0,2,2,E01008565,16-07-2018,2,2,2,2,75,10,3,0,0,1,0,-1,9,1
54628,72.88814349,19.08794601,10,3,2,1,2,17:41,149,E08000023,6,436,6,30,3,4,6,436,0,0,1,1,1,0,0,1,1,E01008623,18-07-2018,2,1,1,1,28,6,3,0,0,0,0,-1,11,1
54629,72.85146251,19.13576805,10,3,2,2,3,18:00,148,E08000022,3,189,3,70,1,4,3,1056,0,0,1,1,1,0,0,2,2,E01008577,19-07-2018,2,2,2,1,14,3,3,0,0,0,4,-1,11,1
54630,72.92616541,19.10271057,10,3,2,1,2,12:25,146,E08000020,3,184,3,70,0,-1,-1,0,0,0,1,1,1,0,0,1,1,E01008170,18-07-2018,2,1,1,2,56,9,3,0,0,0,0,-1,9,-1
54631,72.82679417,19.07454767,10,3,1,1,7,16:24,149,E08000023,4,1298,6,30,0,-1,-1,0,0,0,1,1,1,0,0,1,1,E01008668,16-07-2018,1,1,3,1,11,3,3,1,1,0,0,-1,0,-1
54632,72.87436142,19.11913682,10,3,2,2,3,15:30,146,E08000020,5,330,3,30,0,-1,-1,0,0,0,1,1,1,0,2,1,1,E01008176,19-07-2018,1,1,3,1,7,2,3,5,2,0,0,-1,0,1
54633,72.85296256,19.16366155,10,3,2,1,1,18:45,148,E08000022,3,191,6,30,0,-1,-1,0,0,0,1,1,1,0,0,1,1,E01008555,17-07-2018,2,1,1,1,17,4,3,0,0,0,0,-1,3,1
54634,72.87952143,19.06246691,10,3,2,2,3,15:45,147,E08000021,4,1318,1,30,1,4,3,189,0,0,1,8,1,0,0,1,1,E01008369,19-07-2018,2,1,1,1,75,10,3,0,0,0,0,-1,9,1
54635,72.93369788,19.14620043,10,3,1,1,6,14:18,144,E06000048,4,6318,6,60,0,-1,-1,0,0,0,1,1,1,0,0,2,1,E01027495,24-06-2018,1,1,2,2,21,5,3,0,0,1,0,-1,9,1
54636,72.89722977,19.12300791,10,1,1,1,7,22:55,144,E06000048,3,68,6,60,0,-1,-1,0,0,0,6,1,1,0,0,2,1,E01027479,16-07-2018,2,2,1,2,35,6,3,0,0,0,0,-1,9,1
54637,72.87213975,19.14822371,10,3,2,1,3,07:10,147,E08000021,3,191,3,30,0,-1,-1,0,0,0,1,1,1,0,0,1,2,E01008320,19-07-2018,2,1,1,1,46,8,3,0,0,0,0,-1,9,1
54638,72.83177188,19.18411063,10,3,1,1,3,13:10,146,E08000020,6,3056,6,30,0,-1,-1,0,0,0,1,1,1,0,0,1,2,E01008241,19-07-2018,1,1,3,1,17,4,2,9,7,0,0,-1,0,1
54639,72.90744958,19.05910085,10,3,1,1,6,11:45,149,E08000023,4,1516,6,30,3,4,6,336,0,0,1,1,1,0,0,1,2,E01008659,15-07-2018,3,1,1,1,49,8,3,0,0,0,0,-1,9,1
54640,72.89250647,19.09985718,10,3,2,1,3,16:03,150,E08000024,4,1405,6,30,3,4,6,435,0,0,1,1,1,0,0,1,1,E01008780,19-07-2018,1,1,3,1,13,3,2,4,2,0,0,-1,0,1
54641,72.88061404,19.06329677,10,3,2,3,7,13:35,149,E08000023,5,405,6,30,0,-1,-1,0,0,0,1,1,1,0,0,1,1,E01008632,16-07-2018,2,1,1,2,43,7,3,0,0,0,0,-1,9,1
54642,72.91390357,19.114224,10,3,2,1,3,19:30,145,E06000048,3,189,6,60,1,4,3,197,0,0,1,1,1,0,0,2,2,E01027540,19-07-2018,1,1,3,1,18,4,3,5,1,0,0,-1,0,-1
54643,72.87897432,19.1578142,10,2,2,1,7,15:45,142,E06000048,3,1061,1,70,1,4,4,1505,0,0,1,1,1,0,0,2,1,E01027398,16-07-2018,2,1,1,2,39,7,3,0,0,0,0,-1,9,1
54644,72.86932462,19.19661318,10,3,2,1,4,08:22,150,E08000024,3,19,3,70,5,4,3,183,0,0,1,1,1,0,0,2,1,E01008798,20-07-2018,1,1,3,2,40,7,3,5,1,0,0,-1,0,-1
54645,72.87165696,19.18406881,10,3,1,1,4,17:00,147,E08000021,5,134,6,30,0,-1,-1,0,0,0,1,1,1,0,0,1,1,E01008304,20-07-2018,2,1,1,2,23,5,3,0,0,0,0,-1,9,1
54646,72.85455452,19.09793525,10,3,2,2,5,10:45,147,E08000021,6,226,6,30,3,4,4,1600,0,0,1,1,1,0,0,1,1,E01008372,21-07-2018,1,1,3,1,14,3,3,5,1,0,0,-1,0,-1
54647,72.92386995,19.16663727,10,3,2,1,6,13:10,147,E08000021,5,124,6,30,3,4,6,226,0,0,1,1,1,0,0,1,2,E01008315,15-07-2018,2,1,1,2,43,7,3,0,0,0,0,-1,9,1
54648,72.93450079,19.19561527,10,3,2,2,7,18:53,149,E08000023,3,194,3,40,1,4,3,19,0,0,1,1,1,0,0,1,1,E01008602,23-07-2018,2,1,1,1,24,5,3,0,0,0,0,-1,9,1
54649,72.8547436,19.15571049,10,3,1,1,1,19:33,149,E08000023,6,336,6,30,3,4,6,336,0,0,1,1,1,0,0,1,1,E01008643,24-07-2018,2,1,1,2,33,6,3,0,0,0,0,-1,9,1
54650,72.85049376,19.13592785,10,3,2,1,6,14:15,150,E08000024,3,1231,3,70,1,4,3,182,0,0,1,1,1,0,0,2,1,E01008874,22-07-2018,1,1,3,1,17,4,2,6,9,0,0,-1,0,1
54651,72.86373672,19.20942099,10,3,1,1,5,17:15,150,E08000024,4,1260,6,30,3,4,6,134,0,0,1,1,1,0,0,1,1,E01008717,21-07-2018,2,1,2,2,61,9,3,0,0,1,0,-1,9,1
54652,72.91027218,19.19392846,10,3,1,1,4,12:48,150,E08000024,6,135,6,40,3,4,5,508,0,0,1,1,1,4,0,1,1,E01008698,20-07-2018,2,1,1,1,17,4,3,0,0,0,0,-1,9,1
54653,72.89759851,19.0786745,10,3,2,1,1,13:15,150,E08000024,5,522,6,60,0,-1,-1,0,0,0,1,1,1,0,0,2,1,E01008748,24-07-2018,1,1,1,2,22,5,3,0,0,0,0,-1,9,1
54654,72.87114181,19.07384324,10,3,3,3,7,13:34,149,E08000023,3,19,3,70,0,-1,-1,0,0,0,1,1,1,0,0,1,1,E01008631,23-07-2018,2,2,1,1,33,6,3,0,0,0,0,-1,9,1
54655,72.93257761,19.17397054,10,3,1,1,6,22:40,149,E08000023,6,436,6,30,0,-1,-1,0,0,0,4,1,1,0,0,1,1,E01008672,22-07-2018,1,1,3,2,37,7,3,9,9,0,0,-1,0,2
54656,72.83480103,19.14095761,10,2,2,1,6,18:35,146,E08000020,6,426,6,30,0,-1,-1,0,0,0,1,1,1,0,0,1,1,E01008165,22-07-2018,2,1,2,1,24,5,3,0,0,1,0,-1,9,1
54657,72.85893475,19.12534297,10,3,3,1,6,14:58,146,E08000020,4,6317,6,30,0,-1,-1,0,0,5,1,1,1,0,0,1,1,E01008267,22-07-2018,2,1,1,2,30,6,3,0,0,0,0,-1,9,1
54658,72.84635747,19.09346001,10,3,2,1,6,11:55,142,E06000048,3,193,6,30,1,4,3,189,0,4,1,1,1,0,0,1,2,E01027425,08-07-2018,1,1,3,2,62,9,2,2,3,0,0,-1,0,1