Accident_Index,longitude,latitude,Police_Force,Accident_Severity,Number_of_Vehicles,Number_of_Casualties,Day_of_Week,Time,Local_Authority_(District),Local_Authority_(Highway),1st_Road_Class,1st_Road_Number,Road_Type,Speed_limit,Junction_Detail,Junction_Control,2nd_Road_Class,2nd_Road_Number,Pedestrian_Crossing-Human_Control,Pedestrian_Crossing-Physical_Facilities,Light_Conditions,Weather_Conditions,Road_Surface_Conditions,Special_Conditions_at_Site,Carriageway_Hazards,Urban_or_Rural_Area,Did_Police_Officer_Attend_Scene_of_Accident,LSOA_of_Accident_Location,Date,Vehicle_Reference,Casualty_Reference,Casualty_Class,Sex_of_Casualty,Age_of_Casualty,Age_Band_of_Casualty,Casualty_Severity,Pedestrian_Location,Pedestrian_Movement,Car_Passenger,Bus_or_Coach_Passenger,Pedestrian_Road_Maintenance_Worker,Casualty_Type,Casualty_Home_Area_Type
54777,72.88693439,19.15630066,10,3,2,2,7,12:17,150,E08000024,6,5009,6,30,3,4,5,508,0,0,1,2,2,0,0,2,1,E01008842,30-07-2018,1,1,3,1,15,3,3,9,9,0,0,-1,0,1
54778,72.82713344,19.19901569,10,3,2,1,6,18:55,147,E08000021,3,189,3,40,3,2,3,167,0,0,1,1,1,0,0,1,2,E01008395,29-07-2018,2,1,1,1,26,6,3,0,0,0,0,-1,9,1
54779,72.8846065,19.10528257,10,3,2,1,2,17:50,150,E08000024,3,1231,1,70,1,4,3,182,0,0,1,1,1,0,0,2,2,E01008867,25-07-2018,2,1,1,1,60,9,3,0,0,0,0,-1,19,1
54780,72.85057129,19.10885738,10,3,1,1,7,08:15,150,E08000024,6,435,6,30,1,4,6,435,0,0,1,2,2,0,0,1,1,E01008775,30-07-2018,1,1,3,2,49,8,3,9,5,0,0,-1,0,1
54781,72.86713085,19.11062539,10,3,2,1,5,08:30,146,E08000020,3,195,6,30,0,-1,-1,0,0,0,1,1,2,0,0,1,2,E01008284,28-07-2018,2,1,1,1,21,5,3,0,0,0,0,-1,9,1
54782,72.91363858,19.08076149,10,3,2,1,3,17:00,146,E08000020,6,3032,6,30,3,4,6,426,0,0,1,1,1,0,0,1,2,E01008168,26-07-2018,2,2,2,1,18,4,3,0,0,1,0,-1,9,1
54783,72.8604494,19.1930081,10,3,2,1,7,12:15,150,E08000024,6,5004,6,30,8,4,6,235,0,0,1,2,2,0,0,1,2,E01008815,30-07-2018,2,1,1,1,40,7,3,0,0,0,0,-1,9,1
54784,72.83506827,19.12531785,10,2,1,1,7,10:30,150,E08000024,6,435,6,30,3,4,6,435,0,0,1,1,1,0,0,1,2,E01008773,16-07-2018,1,1,3,2,39,7,3,5,1,0,0,-1,0,-1
54785,72.83265448,19.0611296,10,2,2,3,6,18:10,144,E06000048,5,257,6,60,0,-1,-1,0,0,0,1,2,2,0,0,2,1,E01027513,29-07-2018,2,1,1,2,29,6,3,0,0,0,0,-1,9,1
54786,72.9347866,19.17864683,10,3,2,3,2,07:55,146,E08000020,5,316,6,30,3,4,6,426,0,0,1,2,2,0,0,1,1,E01008239,25-07-2018,2,1,1,1,39,7,3,0,0,0,0,-1,9,1
54787,72.91236788,19.169016,10,3,2,2,6,13:15,147,E08000021,3,6085,6,30,0,-1,-1,0,0,0,1,2,2,0,0,1,1,E01008402,29-07-2018,3,2,1,1,41,7,3,0,0,0,0,-1,9,1
54788,72.83406452,19.09829258,10,3,1,1,6,15:15,150,E08000024,6,435,6,30,8,4,6,435,0,0,1,1,2,0,0,1,1,E01008783,29-07-2018,3,3,2,2,30,6,3,0,0,1,0,-1,9,1
54789,72.88364161,19.1188166,10,3,1,1,2,18:49,148,E08000022,4,1505,6,30,0,-1,-1,0,0,4,1,1,1,0,0,1,1,E01008476,01-08-2018,1,1,1,1,13,3,3,0,0,0,0,-1,1,1
54790,72.86806659,19.06022279,10,3,2,1,6,13:10,150,E08000024,3,195,3,70,1,4,3,182,0,0,1,1,1,0,0,2,2,E01008848,27-05-2018,1,1,1,1,22,5,3,0,0,0,0,-1,9,1
54791,72.89475085,19.13210035,10,3,1,1,3,00:11,142,E06000048,3,192,6,30,3,4,6,9534,0,0,4,1,1,0,0,2,1,E01027420,26-07-2018,1,2,2,1,22,5,3,0,0,1,0,-1,9,1
54792,72.91257413,19.11600637,10,3,3,3,5,16:20,143,E06000048,3,1068,6,60,3,4,5,118,0,0,1,2,2,0,0,2,1,E01027475,28-07-2018,1,3,2,1,22,5,2,0,0,2,0,-1,9,-1
54793,72.92809287,19.07384843,10,3,2,1,2,07:55,146,E08000020,5,314,6,30,1,4,5,324,0,0,1,1,1,0,0,2,2,E01008226,25-07-2018,2,1,1,2,28,6,3,0,0,0,0,-1,9,1
54794,72.82660875,19.1024391,10,3,2,1,5,13:44,150,E08000024,6,335,6,30,3,4,6,335,0,0,1,2,2,0,0,1,1,E01008861,28-07-2018,1,1,1,1,25,5,3,0,0,0,0,-1,9,1
54795,72.91086686,19.13647871,10,3,1,1,7,10:45,147,E08000021,4,1307,6,30,6,2,5,145,0,5,1,2,2,0,0,1,1,E01008440,30-07-2018,2,2,1,1,63,9,3,0,0,0,0,-1,19,3
54796,72.93470245,19.08149224,10,2,1,1,4,18:30,147,E08000021,6,326,6,20,0,-1,-1,0,0,0,1,1,1,0,0,1,2,E01008455,20-07-2018,1,1,1,1,18,4,3,0,0,0,0,-1,9,2
54797,72.93700802,19.16899405,10,3,1,1,7,13:14,142,E06000048,4,1505,6,60,0,-1,-1,0,0,0,1,2,2,0,0,2,1,E01027425,30-07-2018,1,1,3,1,40,7,3,5,1,0,0,-1,0,-1
54798,72.83603645,19.06617592,10,2,1,1,1,13:35,140,E06000048,4,6345,6,60,3,4,3,1,0,0,1,1,1,0,0,2,1,E01027370,31-07-2018,2,1,1,1,37,7,3,0,0,0,0,-1,9,1
54799,72.91515983,19.1687039,10,3,2,1,1,13:30,150,E08000024,5,503,6,30,3,4,6,135,0,0,1,1,1,0,0,1,2,E01008843,08-05-2018,2,1,1,1,13,3,3,0,0,0,0,-1,1,-1
54800,72.92665894,19.08309736,10,3,2,2,2,17:00,145,E06000048,3,189,3,70,0,-1,-1,0,0,0,1,1,1,4,0,2,1,,01-08-2018,1,1,1,2,35,6,3,0,0,0,0,-1,9,1
54801,72.90009358,19.19429392,10,3,2,1,2,06:35,150,E08000024,6,435,6,30,3,4,6,435,0,0,1,1,1,0,0,1,2,E01008773,01-08-2018,4,2,1,1,44,7,3,0,0,0,0,-1,9,-1
54802,72.89653746,19.07033099,10,3,2,1,2,17:20,142,E06000048,3,190,6,30,0,-1,-1,0,0,0,1,1,1,0,0,2,2,E01027436,01-08-2018,1,1,3,1,16,4,3,5,4,0,0,-1,0,-1
54803,72.90849316,19.0914411,10,3,2,1,2,14:00,149,E08000023,6,136,6,30,3,4,6,136,0,0,1,1,1,0,0,1,2,E01008600,01-08-2018,1,1,3,1,16,4,3,10,9,0,0,-1,0,-1
54804,72.92275403,19.12878068,10,3,1,1,3,14:54,149,E08000023,6,436,6,30,3,4,6,436,0,0,1,1,1,0,0,1,1,E01008625,02-08-2018,2,1,1,1,26,6,3,0,0,0,0,-1,9,3
54805,72.86187889,19.07773538,10,3,1,1,5,15:40,143,E06000048,6,6067,6,20,0,-1,-1,0,0,0,1,2,2,0,0,1,2,E01027461,28-07-2018,2,2,2,2,23,5,3,0,0,1,0,-1,9,1
54806,72.88802,19.08640162,10,3,1,1,6,10:10,146,E08000020,5,326,3,70,5,4,3,184,0,0,1,2,2,0,0,1,1,E01008170,29-07-2018,2,1,1,1,23,5,3,0,0,0,0,-1,9,1
54807,72.9252162,19.19703828,10,2,1,1,4,13:30,145,E06000048,6,6703,6,30,3,2,6,6709,0,4,1,1,1,0,0,1,2,E01027546,15-06-2018,1,1,1,1,45,7,3,0,0,0,0,-1,1,1
54808,72.87103192,19.0835549,10,3,1,1,7,23:00,146,E08000020,5,306,6,60,0,-1,-1,0,0,0,6,1,2,0,0,2,1,E01008273,30-07-2018,2,1,1,2,38,7,3,0,0,0,0,-1,9,1
54809,72.86408143,19.06929853,10,3,2,1,2,08:50,145,E06000048,5,399,6,30,3,4,6,6703,0,0,1,1,1,0,0,1,2,E01027539,20-06-2018,2,1,1,1,16,4,3,0,0,0,0,-1,9,1
54810,72.8561815,19.20014694,10,2,2,2,7,06:55,146,E08000020,3,695,3,50,5,4,6,326,0,0,1,2,2,0,0,1,1,E01008181,30-07-2018,1,1,3,1,12,3,3,5,3,0,0,-1,0,-1
54811,72.84437378,19.06143041,10,2,1,1,7,12:15,148,E08000022,3,193,6,30,6,4,5,216,0,0,1,2,2,0,0,1,1,E01008536,30-07-2018,1,1,1,1,17,4,3,0,0,0,0,-1,2,1
54812,72.82813839,19.14736181,10,3,1,4,6,12:10,146,E08000020,4,1296,6,30,3,4,6,426,0,0,1,2,2,0,0,1,1,E01008219,29-07-2018,1,1,3,1,30,6,3,5,3,0,0,-1,0,-1
54813,72.86213483,19.1081457,10,3,2,6,3,11:25,142,E06000048,4,1327,6,30,3,4,6,9511,0,0,1,1,1,0,0,1,1,E01027431,26-07-2018,2,1,1,2,50,8,3,0,0,0,0,-1,9,1
54814,72.85364734,19.12959323,10,3,1,1,6,17:00,146,E08000020,3,6076,6,60,0,-1,-1,0,0,0,1,2,2,0,0,2,1,E01008226,29-07-2018,1,1,1,2,50,8,3,0,0,0,0,-1,9,1
54815,72.87692771,19.14578352,10,3,2,1,4,20:00,148,E08000022,3,19,3,70,1,4,3,1058,0,0,1,1,1,0,0,2,2,E01008512,20-07-2018,2,1,1,1,24,5,3,0,0,0,0,-1,19,1
54816,72.84907394,19.15588679,10,3,1,1,1,22:20,147,E08000021,3,186,3,30,3,4,6,326,0,0,4,1,1,0,0,1,2,E01008440,31-07-2018,2,1,1,1,42,7,3,0,0,0,0,-1,9,-1
54817,72.85619606,19.19901104,10,3,2,1,4,16:05,147,E08000021,5,101,6,30,0,-1,-1,0,0,0,1,1,1,0,0,2,2,E01008458,13-07-2018,1,1,1,2,18,4,3,0,0,0,0,-1,9,1
54818,72.86254874,19.06894538,10,3,1,1,2,14:40,150,E08000024,5,553,6,30,3,2,5,553,0,4,1,1,1,0,0,1,2,E01008703,01-08-2018,1,1,2,2,29,6,3,0,0,0,1,-1,11,-1
54819,72.92146304,19.17307302,10,3,1,1,2,12:34,147,E08000021,5,112,6,30,3,4,6,0,0,0,1,1,1,0,0,1,1,E01008345,01-08-2018,1,1,1,1,29,6,3,0,0,0,0,-1,5,1
54820,72.89119742,19.10567828,10,3,2,1,7,11:59,147,E08000021,4,1311,6,30,3,4,6,326,0,0,1,1,1,0,0,1,1,E01008438,23-07-2018,1,1,3,1,14,3,3,5,1,0,0,-1,0,1
54821,72.90964797,19.13758072,10,1,3,3,6,11:20,150,E08000024,6,5051,6,40,0,-1,-1,0,0,0,1,2,2,0,0,2,1,E01008864,29-07-2018,1,1,2,2,30,6,3,0,0,0,3,-1,11,1
54822,72.83107808,19.14080196,10,3,1,1,7,23:45,144,E06000048,3,695,1,30,1,4,6,8280,0,0,4,8,2,0,0,2,1,E01027497,30-07-2018,2,1,1,1,32,6,3,0,0,0,0,-1,9,1
54823,72.91610325,19.08688107,10,3,2,1,4,22:05,150,E08000024,6,435,6,30,3,4,6,435,0,0,4,1,1,0,0,1,1,E01008777,27-07-2018,2,1,1,2,37,7,3,0,0,0,0,-1,9,1
54824,72.91862256,19.14454618,10,3,2,2,5,20:15,150,E08000024,6,235,6,30,0,-1,-1,0,0,0,1,2,2,0,0,1,1,E01008791,28-07-2018,1,1,1,2,74,10,3,0,0,0,0,-1,9,1
54825,72.93243571,19.15841832,10,3,2,1,2,09:00,150,E08000024,3,19,3,70,5,4,3,690,0,0,1,1,1,0,0,2,1,E01008794,01-08-2018,2,1,1,2,45,7,3,0,0,0,0,-1,9,1
54826,72.90915459,19.07140178,10,3,2,5,7,14:22,150,E08000024,6,5018,6,30,0,-1,-1,0,0,0,1,2,2,0,0,1,1,E01008792,30-07-2018,1,1,1,1,22,5,3,0,0,0,0,-1,9,1
54827,72.92411962,19.09536701,10,3,2,1,6,08:00,146,E08000020,3,184,6,50,0,-1,-1,0,0,0,1,1,1,0,0,1,1,E01008170,22-07-2018,1,1,2,2,29,6,3,0,0,0,3,-1,11,-1
54828,72.89444188,19.07923654,10,3,1,1,7,13:30,147,E08000021,6,126,6,30,0,-1,-1,0,0,1,1,2,2,0,0,1,1,E01008295,30-07-2018,1,1,1,2,44,7,3,0,0,0,0,-1,9,1
54829,72.89427491,19.05437366,10,3,2,1,6,17:20,147,E08000021,3,695,3,30,1,4,3,189,0,0,1,1,1,0,0,1,2,E01008438,29-07-2018,2,2,1,1,35,6,3,0,0,0,0,-1,9,1
54830,72.8544729,19.06959828,10,3,2,1,4,08:10,147,E08000021,6,426,6,30,3,4,6,0,0,0,1,1,1,0,0,1,2,E01008392,03-08-2018,2,1,1,2,44,7,3,0,0,0,0,-1,9,1
54831,72.82881882,19.11266441,10,3,3,1,3,18:35,147,E08000021,4,1318,3,50,0,-1,-1,0,0,0,1,1,1,0,3,1,2,E01008397,26-07-2018,2,1,2,2,24,5,3,0,0,1,0,-1,9,1
54832,72.83243544,19.20592123,10,3,2,2,3,14:05,148,E08000022,5,127,6,30,0,-1,-1,0,0,0,1,1,1,0,0,1,1,E01008469,02-08-2018,1,1,2,1,30,6,3,0,0,0,3,-1,11,-1
54833,72.83460104,19.10018271,10,3,2,1,4,16:25,148,E08000022,6,236,6,30,0,-1,-1,0,0,0,1,4,1,0,0,1,1,E01008563,03-08-2018,1,1,1,1,15,3,3,0,0,0,0,-1,1,-1
54834,72.84747347,19.18658686,10,3,5,3,6,12:58,143,E06000048,3,1,6,60,0,-1,-1,0,0,0,1,1,1,0,0,2,1,E01027450,22-07-2018,2,1,1,2,30,6,3,0,0,0,0,-1,9,1
54835,72.84455766,19.14267715,10,3,2,1,6,13:46,147,E08000021,3,188,3,40,3,4,6,226,0,0,1,2,2,0,0,1,2,E01008323,29-07-2018,2,1,1,2,49,8,3,0,0,0,0,-1,9,1
54836,72.83787388,19.16692921,10,3,2,1,4,08:10,143,E06000048,4,6524,6,60,3,4,6,0,0,0,1,1,1,0,0,2,1,E01027448,03-08-2018,1,1,3,1,14,3,3,5,3,0,0,-1,0,1
54837,72.87961092,19.18788902,10,3,2,1,3,15:14,146,E08000020,6,3063,6,40,3,4,6,426,0,0,4,1,1,0,0,1,2,E01008229,26-07-2018,1,1,1,1,34,6,3,0,0,0,0,-1,5,1
54838,72.91520899,19.10203233,10,3,2,1,1,08:50,146,E08000020,3,695,3,60,0,-1,-1,0,0,0,1,1,1,0,0,1,2,E01008181,31-07-2018,2,1,2,2,60,9,3,0,0,1,0,-1,9,1
54839,72.92219098,19.06203718,10,3,1,2,5,23:38,141,E06000048,3,1167,6,30,1,4,5,425,0,4,4,1,2,0,0,2,1,E01027385,04-08-2018,1,1,1,1,26,6,3,0,0,0,0,-1,5,1
54840,72.87345431,19.20899016,10,3,3,1,1,15:25,147,E08000021,3,1,3,70,0,-1,-1,0,0,0,1,1,1,0,0,2,1,E01008311,31-07-2018,2,1,1,1,18,4,3,0,0,0,0,-1,2,1
54841,72.83505056,19.09498709,10,3,1,4,6,00:02,144,E06000048,4,6307,6,60,0,-1,-1,0,0,0,6,2,2,0,0,2,1,E01027504,05-08-2018,1,1,2,2,26,6,3,0,0,1,0,-1,9,1
54842,72.8828898,19.17065397,10,3,1,1,1,02:00,147,E08000021,3,695,6,30,5,4,3,189,0,0,4,1,2,0,0,1,2,E01008440,31-07-2018,1,1,1,1,30,6,3,0,0,0,0,-1,9,1
54843,72.83276869,19.14201834,10,3,2,2,5,16:30,148,E08000022,3,1058,3,70,5,4,3,1058,0,0,1,1,1,4,0,2,1,E01008491,04-08-2018,2,2,2,2,17,4,3,0,0,2,0,-1,9,1
54844,72.83061071,19.11270872,10,3,1,1,7,10:55,148,E08000022,3,189,3,70,0,-1,-1,0,0,0,1,2,2,0,0,2,1,E01008577,30-07-2018,2,3,2,2,17,4,3,0,0,1,0,-1,9,1
54845,72.85716597,19.05765223,10,3,1,1,1,00:30,143,E06000048,5,340,6,60,0,-1,-1,0,0,0,6,2,2,0,0,2,1,E01027447,31-07-2018,1,1,2,2,29,6,3,0,0,0,4,-1,11,-1
54846,72.93247041,19.1052377,10,3,3,1,6,10:19,147,E08000021,3,69,3,40,0,-1,-1,0,0,0,1,2,2,0,0,1,1,E01008384,29-07-2018,2,1,1,2,31,6,3,0,0,0,0,-1,9,1
54847,72.85225468,19.10700364,10,1,1,1,1,02:08,147,E08000021,3,189,3,50,0,-1,-1,0,0,0,4,1,2,0,0,1,1,E01008440,31-07-2018,2,1,1,1,57,9,3,0,0,0,0,-1,9,1
54848,72.90974523,19.13571439,10,3,2,1,2,07:20,147,E08000021,3,186,6,30,6,2,4,1600,0,5,1,2,2,0,0,1,1,E01008408,25-07-2018,1,1,3,2,15,3,2,5,3,0,0,-1,0,1
54849,72.83350889,19.07035672,10,3,2,1,6,16:30,147,E08000021,5,116,6,30,3,4,6,326,0,0,1,2,2,0,0,1,1,E01008333,29-07-2018,2,1,1,2,28,6,3,0,0,0,0,-1,9,1
54850,72.90524275,19.11453703,10,3,1,1,7,12:05,150,E08000024,6,235,6,30,3,4,6,235,0,0,1,1,1,0,0,1,2,E01008841,16-07-2018,1,1,3,2,87,11,2,5,3,0,0,-1,0,1
54851,72.88721721,19.17976074,10,2,3,3,4,13:50,149,E08000023,5,402,6,30,0,-1,-1,0,0,0,1,1,1,0,0,1,1,E01008667,03-08-2018,2,1,1,1,33,6,3,0,0,0,0,-1,1,1
54852,72.85597237,19.19619376,10,3,3,1,6,14:18,147,E08000021,3,1,3,70,0,-1,-1,0,0,0,1,5,2,0,0,2,1,E01008308,29-07-2018,1,1,1,1,45,7,3,0,0,0,0,-1,9,1
54853,72.86370267,19.11860829,10,3,1,1,6,20:21,147,E08000021,3,167,3,50,0,-1,-1,0,0,0,1,2,2,6,0,1,1,E01008450,29-07-2018,2,1,1,2,34,6,3,0,0,0,0,-1,9,1
54854,72.91792803,19.06973383,10,3,4,1,4,23:15,147,E08000021,3,186,6,30,3,4,4,1312,0,0,4,1,1,0,0,1,1,E01008406,27-07-2018,2,1,1,1,46,8,3,0,0,0,0,-1,9,1
54855,72.92507127,19.06317064,10,3,1,1,7,18:25,147,E08000021,3,167,6,30,0,-1,-1,0,0,0,1,1,1,0,0,1,1,E01008300,06-08-2018,2,1,1,2,39,7,3,0,0,0,0,-1,9,1
54856,72.8737949,19.11888683,10,3,1,1,7,14:40,146,E08000020,5,301,6,60,0,-1,-1,0,0,0,1,1,2,0,0,2,1,E01008200,06-08-2018,2,1,1,1,44,7,3,0,0,0,0,-1,8,1
54857,72.93534376,19.20523532,10,3,2,1,2,12:30,147,E08000021,5,101,6,30,3,3,6,126,0,0,1,1,1,0,0,1,2,E01008294,01-08-2018,2,1,1,2,62,9,3,0,0,0,0,-1,9,1
54858,72.85534341,19.11452469,10,2,2,2,1,23:10,146,E08000020,3,692,6,30,3,4,6,326,0,0,4,1,1,0,0,1,1,E01008260,07-08-2018,2,1,1,2,38,7,3,0,0,0,0,-1,1,1
54859,72.89326487,19.08182233,10,3,2,1,7,20:52,147,E08000021,3,6085,6,30,3,4,6,216,0,0,1,1,2,6,0,1,1,E01008400,06-08-2018,1,1,1,1,22,5,3,0,0,0,0,-1,9,-1
54860,72.87379427,19.1279365,10,2,2,2,6,00:45,146,E08000020,6,426,6,30,0,-1,-1,0,0,0,4,2,2,0,0,1,1,E01008205,05-08-2018,1,1,3,1,49,8,2,10,9,0,0,-1,0,-1
54861,72.91922573,19.06185457,10,3,2,1,7,11:19,148,E08000022,3,188,3,70,1,4,3,189,0,0,1,1,1,0,0,2,1,E01008514,06-08-2018,1,1,1,1,62,9,3,0,0,0,0,-1,9,1
54862,72.86617608,19.05822967,10,2,2,1,6,16:25,148,E08000022,3,1058,3,70,0,-1,-1,0,0,0,1,2,2,0,0,1,1,E01008487,05-08-2018,2,2,1,1,54,8,3,0,0,0,0,-1,9,1
54863,72.85963727,19.12544569,10,3,2,1,4,16:15,147,E08000021,3,191,6,30,6,2,6,126,0,0,1,1,1,0,0,1,2,E01008376,03-08-2018,1,1,1,1,36,7,3,0,0,0,0,-1,9,1
54864,72.84381315,19.07111479,10,3,1,1,3,10:32,148,E08000022,6,236,2,30,0,-1,-1,0,0,0,1,1,1,0,0,1,1,E01008524,02-08-2018,2,2,1,1,83,11,3,0,0,0,0,-1,9,1
54865,72.84511752,19.10665345,10,3,3,1,2,11:00,146,E08000020,3,184,3,40,0,-1,-1,0,0,0,1,1,1,0,0,1,2,E01008166,25-07-2018,1,1,3,2,14,3,3,5,1,0,0,-1,0,1
54866,72.85589753,19.11597074,10,3,2,1,2,18:35,145,E06000048,3,197,6,30,6,4,3,197,0,0,1,1,1,0,0,2,2,E01027542,01-08-2018,1,1,1,2,32,6,3,0,0,0,0,-1,9,1
54867,72.90504998,19.10417701,10,3,2,1,6,19:04,148,E08000022,6,427,6,30,0,-1,-1,0,0,0,1,1,2,0,0,1,1,E01008506,05-08-2018,1,1,1,1,29,6,3,0,0,0,0,-1,9,1
54868,72.89409057,19.19108512,10,3,2,1,2,10:47,149,E08000023,4,1298,6,30,3,4,6,236,0,0,1,1,1,0,0,1,2,E01008683,01-08-2018,1,1,1,1,34,6,2,0,0,0,0,-1,4,1
54869,72.8338418,19.14726599,10,3,1,1,7,14:15,149,E08000023,3,184,1,40,1,4,4,1296,0,0,1,2,2,6,0,2,1,E01008615,30-07-2018,2,1,1,2,55,8,3,0,0,0,0,-1,9,1
54870,72.89277962,19.11074633,10,2,1,1,5,18:49,147,E08000021,6,1018,6,30,0,-1,-1,0,0,0,1,1,1,0,0,1,1,E01008295,04-08-2018,1,1,2,1,30,6,3,0,0,0,3,-1,11,1
54871,72.87321543,19.13597799,10,3,2,2,6,16:11,147,E08000021,4,1318,1,30,1,4,6,1030,0,0,1,1,1,0,0,1,1,E01008351,05-08-2018,1,1,2,1,30,6,3,0,0,0,4,-1,11,1
54872,72.929911,19.20160563,10,3,2,1,5,17:20,149,E08000023,6,436,6,30,0,-1,-1,0,0,0,1,1,1,0,0,1,2,E01008622,04-08-2018,1,1,3,1,40,7,3,10,1,0,0,-1,0,-1
54873,72.86855635,19.0987561,10,3,2,2,6,10:00,146,E08000020,3,1,7,60,1,4,3,167,0,0,1,1,1,0,0,2,2,E01008224,05-08-2018,1,1,3,1,14,3,3,5,2,0,0,-1,0,1
54874,72.85886514,19.10658788,10,2,1,1,5,14:45,147,E08000021,3,186,6,30,9,2,4,1307,0,5,1,1,1,0,0,1,1,E01008440,04-08-2018,1,2,1,1,58,9,3,0,0,0,0,-1,9,1
54875,72.91301638,19.14586965,10,3,2,1,1,20:24,147,E08000021,3,189,3,50,6,2,3,167,0,0,1,1,1,0,0,1,1,E01008395,03-07-2018,1,1,3,2,12,3,3,5,1,0,0,-1,0,-1
54876,72.9309782,19.16136925,10,2,1,1,6,17:07,149,E08000023,6,336,6,30,1,4,3,194,0,0,1,1,1,0,0,1,1,E01008602,05-08-2018,2,1,1,1,54,8,3,0,0,0,0,-1,1,1
54877,72.83162629,19.20865125,10,3,2,2,5,22:00,147,E08000021,3,186,1,30,1,4,5,113,0,0,4,2,2,0,0,1,1,E01008289,04-08-2018,1,1,1,1,18,4,3,0,0,0,0,-1,9,1
54878,72.86874993,19.13747142,10,3,2,1,7,19:55,149,E08000023,5,409,6,30,3,4,6,436,0,0,1,2,2,0,0,1,1,E01008626,06-08-2018,1,2,2,2,29,6,3,0,0,1,0,-1,9,1
54879,72.84942303,19.11977751,10,3,2,1,6,12:35,150,E08000024,3,1018,3,30,3,2,6,235,0,4,1,1,1,0,0,1,1,E01008791,05-08-2018,1,3,2,2,19,4,3,0,0,2,0,-1,9,-1
54880,72.83628839,19.19763775,10,3,2,1,1,19:19,150,E08000024,5,552,6,30,3,4,6,235,0,0,1,1,1,0,0,1,1,E01008709,31-07-2018,1,4,2,2,19,4,3,0,0,2,0,-1,9,3
54881,72.87694492,19.14955329,10,2,1,1,7,23:55,147,E08000021,3,186,6,30,6,2,6,1052,0,0,4,1,1,0,0,1,2,E01008440,23-07-2018,1,1,1,2,81,11,1,0,0,0,0,-1,9,1
54882,72.9177546,19.11860337,10,2,1,1,3,10:45,145,E06000048,6,6550,2,30,0,-1,-1,0,0,0,1,1,1,0,0,1,2,E01027550,26-07-2018,1,1,3,1,18,4,3,5,1,0,0,-1,0,1
54883,72.91833312,19.16833643,10,2,2,1,4,17:40,144,E06000048,6,8123,6,30,8,4,6,0,0,0,1,1,1,0,0,2,1,E01027507,03-08-2018,1,1,1,1,21,5,3,0,0,0,0,-1,9,1
54884,72.8813908,19.10077862,10,3,2,1,7,19:30,144,E06000048,4,6318,6,60,3,4,5,342,0,0,1,1,1,0,0,2,1,E01027480,06-08-2018,1,3,2,1,23,5,3,0,0,1,0,-1,9,1
54885,72.90491853,19.17863854,10,3,2,1,3,14:30,150,E08000024,6,235,6,30,3,4,6,235,0,0,1,1,1,0,0,1,2,E01008834,02-08-2018,1,4,2,1,22,5,3,0,0,2,0,-1,9,1
54886,72.82930599,19.15479544,10,3,2,2,2,07:49,144,E06000048,3,695,6,60,0,-1,-1,0,0,0,1,1,1,0,0,1,1,E01027497,08-08-2018,2,2,1,2,30,6,3,0,0,0,0,-1,9,2
54887,72.86272075,19.19576061,10,3,2,2,5,12:32,146,E08000020,3,1,3,70,0,-1,-1,0,0,0,1,1,1,0,0,1,1,E01008211,04-08-2018,1,1,1,2,29,6,3,0,0,0,0,-1,9,1
54888,72.85277448,19.11948926,10,3,2,1,5,07:18,142,E06000048,3,193,6,30,3,4,6,0,0,0,1,1,1,0,0,1,1,E01027424,21-07-2018,2,2,1,1,36,7,3,0,0,0,0,-1,5,1
54889,72.8778243,19.13241839,10,3,4,2,5,15:35,149,E08000023,3,194,6,60,1,4,6,336,0,0,1,1,1,0,0,2,1,E01008629,04-08-2018,2,3,2,1,28,6,3,0,0,2,0,-1,5,1
54890,72.92955246,19.08162144,10,3,2,1,4,21:40,146,E08000020,6,3038,6,30,0,-1,-1,0,0,0,4,1,1,0,0,1,2,E01008234,03-08-2018,1,1,1,2,48,8,3,0,0,0,0,-1,9,1
54891,72.854583,19.06531554,10,3,2,1,2,12:35,147,E08000021,6,426,6,30,1,2,3,193,0,0,1,1,1,0,0,1,1,E01008440,08-08-2018,1,1,1,2,37,7,3,0,0,0,0,-1,9,1
54892,72.91121396,19.12888158,10,3,2,2,1,17:05,148,E08000022,6,337,1,30,1,4,6,337,0,8,1,1,1,0,0,1,1,E01008501,07-08-2018,2,1,1,2,19,4,3,0,0,0,0,-1,9,1
54893,72.89977815,19.08737109,10,3,2,1,6,08:30,147,E08000021,3,191,1,30,1,4,3,189,0,0,1,1,1,0,0,1,2,E01008424,29-07-2018,2,1,1,2,25,5,3,0,0,0,0,-1,8,1
54894,72.85112345,19.10578711,10,2,2,1,6,09:00,142,E06000048,4,1327,6,30,3,4,6,0,0,0,1,2,2,0,0,1,1,E01027441,05-08-2018,2,2,2,1,24,5,3,0,0,1,0,-1,8,1