Accident_Index,longitude,latitude,Police_Force,Accident_Severity,Number_of_Vehicles,Number_of_Casualties,Day_of_Week,Time,Local_Authority_(District),Local_Authority_(Highway),1st_Road_Class,1st_Road_Number,Road_Type,Speed_limit,Junction_Detail,Junction_Control,2nd_Road_Class,2nd_Road_Number,Pedestrian_Crossing-Human_Control,Pedestrian_Crossing-Physical_Facilities,Light_Conditions,Weather_Conditions,Road_Surface_Conditions,Special_Conditions_at_Site,Carriageway_Hazards,Urban_or_Rural_Area,Did_Police_Officer_Attend_Scene_of_Accident,LSOA_of_Accident_Location,Date,Vehicle_Reference,Casualty_Reference,Casualty_Class,Sex_of_Casualty,Age_of_Casualty,Age_Band_of_Casualty,Casualty_Severity,Pedestrian_Location,Pedestrian_Movement,Car_Passenger,Bus_or_Coach_Passenger,Pedestrian_Road_Maintenance_Worker,Casualty_Type,Casualty_Home_Area_Type
54895,72.85219638,19.11226357,10,3,2,1,2,17:00,146,E08000020,3,167,3,30,3,4,6,225,0,0,1,1,1,0,0,1,2,E01008223,08-08-2018,2,1,1,1,25,5,3,0,0,0,0,-1,9,1
54896,72.92359646,19.12587041,10,2,2,1,1,13:50,150,E08000024,3,1231,3,70,0,-1,-1,0,0,0,1,1,1,0,0,1,2,E01008820,31-07-2018,2,1,2,2,17,4,3,0,0,1,0,-1,9,1
54897,72.87972282,19.07726331,10,3,2,1,5,18:30,146,E08000020,4,1426,6,30,1,4,3,167,0,0,1,1,1,0,0,1,2,E01008163,04-08-2018,1,1,1,1,37,7,3,0,0,0,0,-1,9,1
54898,72.85279409,19.08659514,10,3,2,1,2,16:09,146,E08000020,5,302,6,30,0,-1,-1,0,0,0,1,1,1,0,0,1,1,E01008195,08-08-2018,1,1,1,1,25,5,3,0,0,0,0,-1,3,1
54899,72.85264049,19.09315295,10,3,1,3,1,17:00,143,E06000048,5,358,6,60,0,-1,-1,0,0,0,1,1,1,0,0,2,1,E01027467,19-06-2018,1,1,3,1,16,4,3,4,4,0,0,-1,0,1
54900,72.84297534,19.07277857,10,3,2,1,2,10:30,146,E08000020,3,167,6,30,3,2,6,426,0,5,1,1,1,0,0,1,1,E01008251,08-08-2018,1,1,3,1,20,4,2,5,1,0,0,-1,0,1
54901,72.89889796,19.07091283,10,3,1,1,1,14:25,146,E08000020,6,416,6,30,3,4,6,146,0,0,1,1,1,0,0,1,1,E01008182,31-07-2018,1,1,3,2,20,4,3,1,4,0,0,-1,0,1
54902,72.83012723,19.08108196,10,3,2,4,3,17:40,145,E06000048,3,1068,6,30,0,-1,-1,0,0,0,1,2,2,0,0,2,1,E01027525,09-08-2018,1,1,2,2,70,10,3,0,0,0,4,-1,11,1
54903,72.91560067,19.19854959,10,2,2,1,3,18:40,146,E08000020,6,225,6,30,3,4,6,225,0,0,1,2,2,0,0,1,1,E01008174,09-08-2018,2,1,1,1,68,10,3,0,0,0,0,-1,3,1
54904,72.87831055,19.05940887,10,3,2,1,2,16:45,150,E08000024,3,182,6,30,6,2,5,517,0,5,1,1,1,0,0,1,1,E01008720,08-08-2018,2,1,1,1,43,7,3,0,0,0,0,-1,1,1
54905,72.93048032,19.19191414,10,3,2,1,4,14:43,147,E08000021,5,112,6,30,0,-1,-1,0,0,0,1,1,1,0,0,1,1,E01008343,10-08-2018,2,1,1,1,18,4,3,0,0,0,0,-1,9,-1
54906,72.91222213,19.12709164,10,3,2,1,5,15:10,147,E08000021,3,191,6,30,1,4,5,123,0,0,1,2,2,0,0,1,2,E01008321,28-07-2018,2,2,2,1,20,4,3,0,0,1,0,-1,9,-1
54907,72.83303221,19.18809862,10,3,2,4,3,21:33,147,E08000021,3,189,3,30,6,2,3,186,0,5,4,1,2,0,0,1,1,E01008440,09-08-2018,2,3,2,1,22,5,3,0,0,1,0,-1,9,-1
54908,72.8472337,19.1846384,10,2,2,1,2,10:36,147,E08000021,5,101,6,30,6,2,6,126,0,5,1,1,1,0,0,1,1,E01008294,08-08-2018,1,1,3,1,9,2,2,5,1,0,0,-1,0,1
54909,72.8967071,19.16036083,10,3,2,1,2,12:50,146,E08000020,3,1,3,70,0,-1,-1,0,0,0,1,1,1,0,0,1,1,E01008260,08-08-2018,2,1,1,1,35,6,3,0,0,0,0,-1,9,1
54910,72.92429189,19.16228264,10,3,1,2,1,19:20,150,E08000024,6,335,6,30,0,-1,-1,0,0,0,1,1,2,0,0,2,1,E01008862,31-07-2018,1,1,1,1,26,6,3,0,0,0,0,-1,9,1
54911,72.87316021,19.17369619,10,3,1,1,4,16:40,147,E08000021,5,144,6,30,0,-1,-1,0,0,0,1,2,2,0,0,1,1,E01008440,10-08-2018,2,2,1,2,29,6,3,0,0,0,0,-1,9,1
54912,72.86821205,19.1221867,10,3,1,2,7,17:10,148,E08000022,6,427,6,30,0,-1,-1,0,0,0,1,1,1,0,0,1,1,E01008476,06-08-2018,1,1,3,1,24,5,3,1,1,0,0,-1,0,1
54913,72.89890594,19.14172117,10,3,4,4,6,16:20,145,E06000048,3,189,3,70,0,-1,-1,0,0,0,1,1,2,0,0,2,1,E01027552,05-08-2018,1,1,2,2,16,4,3,0,0,1,0,-1,9,1
54914,72.87153644,19.17529542,10,3,2,1,3,17:56,148,E08000022,3,191,6,40,0,-1,-1,0,0,0,1,2,2,0,0,2,1,E01008552,09-08-2018,1,1,1,1,61,9,3,0,0,0,0,-1,9,1
54915,72.82810029,19.16107289,10,3,3,1,3,17:45,144,E06000048,4,6528,6,60,6,3,5,257,0,0,1,1,1,0,0,2,2,E01027513,09-08-2018,2,2,1,1,59,9,3,0,0,0,0,-1,9,1
54916,72.86967182,19.06598148,10,3,1,1,3,20:30,144,E06000048,6,69,7,60,3,4,5,257,0,0,1,2,2,0,0,2,1,E01027513,09-08-2018,2,3,2,2,91,11,2,0,0,1,0,-1,9,1
54917,72.9297481,19.20159498,10,3,1,1,2,02:53,144,E06000048,3,69,3,70,0,-1,-1,0,0,0,6,1,1,0,0,2,1,E01027504,08-08-2018,2,1,1,2,34,6,3,0,0,0,0,-1,9,1
54918,72.88751997,19.07069239,10,3,2,1,7,01:09,147,E08000021,3,186,6,30,3,4,6,326,0,0,4,1,1,0,0,1,1,E01008331,23-07-2018,2,2,2,1,18,4,3,0,0,1,0,-1,9,1
54919,72.87292927,19.06924066,10,3,2,1,4,09:00,140,E06000048,4,1340,6,30,8,4,6,0,0,4,1,1,1,0,0,2,1,E01027358,10-08-2018,4,1,2,2,10,2,3,0,0,2,0,-1,9,1
54920,72.84409015,19.12186719,10,2,1,1,2,13:40,150,E08000024,6,5009,6,30,3,4,6,5013,0,0,1,1,1,0,0,2,2,E01008842,08-08-2018,1,1,1,1,14,3,2,0,0,0,0,-1,1,1
54921,72.88153876,19.15828867,10,3,2,1,7,19:03,147,E08000021,4,1307,6,30,3,2,4,1307,0,0,1,1,1,0,0,1,2,E01008397,16-07-2018,1,1,1,2,65,9,3,0,0,0,0,-1,9,1
54922,72.91079045,19.18294091,10,3,2,3,1,23:00,142,E06000048,4,1327,6,30,1,4,3,193,0,0,4,1,1,0,0,1,1,E01027429,07-08-2018,1,1,1,1,42,7,3,0,0,0,0,-1,1,-1
54923,72.87677218,19.10156143,10,3,3,3,5,22:17,146,E08000020,3,1,3,70,0,-1,-1,0,0,0,4,2,2,0,0,2,1,E01008224,11-08-2018,1,1,1,2,22,5,2,0,0,0,0,-1,9,1
54924,72.90806063,19.07308759,10,3,2,1,3,18:00,142,E06000048,3,19,3,70,0,-1,-1,0,0,0,1,2,2,0,0,2,2,E01027406,09-08-2018,2,1,1,1,8,2,3,0,0,0,0,-1,1,1
54925,72.88810058,19.17663075,10,3,2,1,5,10:05,150,E08000024,6,5063,2,30,3,4,6,435,0,0,1,1,1,0,0,2,1,E01008776,11-08-2018,2,1,1,1,17,4,2,0,0,0,0,-1,3,1
54926,72.88452569,19.20752629,10,3,3,2,1,11:55,144,E06000048,3,68,6,60,0,-1,-1,0,0,0,1,1,1,0,0,2,1,E01027480,17-07-2018,1,1,1,1,36,7,3,0,0,0,0,-1,19,1
54927,72.91818881,19.10817628,10,3,2,1,3,16:15,148,E08000022,6,2002,6,30,3,4,6,226,0,0,1,2,2,0,0,1,2,E01008515,09-08-2018,1,1,3,1,33,6,3,6,9,0,0,-1,0,1
54928,72.88856777,19.05512598,10,3,1,1,5,23:24,146,E08000020,4,6314,6,30,0,-1,-1,0,0,0,4,1,2,0,0,2,1,E01008184,11-08-2018,3,1,1,1,45,7,3,0,0,0,0,-1,9,1
54929,72.88471363,19.15524308,10,3,1,1,6,14:30,147,E08000021,3,186,6,30,0,-1,-1,0,0,1,1,1,1,0,0,1,1,E01008331,12-08-2018,4,2,1,1,18,4,3,0,0,0,0,-1,9,1
54930,72.92514603,19.09126673,10,3,2,1,6,10:55,147,E08000021,5,109,6,30,3,4,6,1013,0,0,1,2,2,0,0,1,1,E01008456,12-08-2018,1,1,3,2,74,10,3,5,4,0,0,-1,0,-1
54931,72.87648161,19.12513744,10,3,2,1,5,16:05,147,E08000021,5,124,1,30,1,4,5,123,0,0,1,1,1,0,0,1,2,E01008315,11-08-2018,2,1,1,1,9,2,3,0,0,0,0,-1,1,1
54932,72.91485791,19.09530822,10,3,2,1,7,13:40,146,E08000020,3,1,3,70,5,4,3,1,0,0,1,1,1,0,0,2,1,E01008224,13-08-2018,1,1,1,2,70,10,3,0,0,0,0,-1,9,1
54933,72.83437033,19.0768199,10,3,2,1,6,14:00,146,E08000020,4,1296,6,30,6,3,6,426,0,0,1,1,1,0,0,1,2,E01008204,05-08-2018,2,2,1,2,36,7,3,0,0,0,0,-1,9,1
54934,72.88358239,19.17054081,10,3,2,1,7,15:05,145,E06000048,6,6703,6,30,6,2,6,6708,0,5,1,1,2,0,0,1,1,E01027546,13-08-2018,1,1,1,2,24,5,3,0,0,0,0,-1,9,1
54935,72.87433616,19.08427661,10,3,2,1,3,16:00,147,E08000021,3,186,6,30,2,4,4,1314,0,0,1,2,2,0,0,1,1,E01008301,09-08-2018,2,1,1,1,13,3,3,0,0,0,0,-1,1,-1
54936,72.92409649,19.1280717,10,3,1,1,7,15:30,144,E06000048,6,8290,6,30,3,4,6,8290,0,0,1,1,1,0,0,1,2,E01027490,13-08-2018,2,1,1,1,25,5,3,0,0,0,0,-1,1,1
54937,72.86657515,19.18243565,10,3,3,2,6,08:25,142,E06000048,3,189,3,40,0,-1,-1,0,0,0,1,1,1,4,0,2,1,E01027395,05-08-2018,2,1,1,2,42,7,3,0,0,0,0,-1,9,1
54938,72.85760665,19.10185541,10,2,2,1,1,16:25,142,E06000048,3,1061,6,40,1,4,4,1523,0,0,1,1,1,0,0,2,1,E01027426,24-07-2018,1,1,1,1,14,3,3,0,0,0,0,-1,1,-1
54939,72.92441435,19.06738969,10,3,2,1,5,08:30,146,E08000020,4,1288,3,60,0,-1,-1,0,0,0,1,1,1,0,7,2,2,E01008174,11-08-2018,1,1,3,1,14,3,3,6,9,0,0,-1,0,1
54940,72.9331943,19.15060619,10,3,2,1,1,16:45,146,E08000020,3,692,6,30,1,4,3,1,0,0,1,1,1,0,0,1,1,E01008260,14-08-2018,2,1,1,1,24,5,3,0,0,0,0,-1,1,-1
54941,72.85935967,19.08436676,10,3,2,2,7,18:25,148,E08000022,5,209,6,30,0,-1,-1,0,0,0,1,1,1,0,0,1,1,E01008558,13-08-2018,1,1,1,1,28,6,3,0,0,0,0,-1,19,1
54942,72.83012159,19.09787499,10,3,2,2,6,16:15,142,E06000048,3,1171,6,60,0,-1,-1,0,0,0,1,2,2,0,0,2,1,E01027406,29-07-2018,1,1,1,1,11,3,3,0,0,0,0,-1,1,1
54943,72.87303749,19.14084479,10,3,1,1,6,15:44,142,E06000048,4,1329,6,30,3,4,6,9503,0,0,1,1,1,0,0,1,1,E01027416,05-08-2018,1,1,1,1,18,4,2,0,0,0,0,-1,9,1
54944,72.84258628,19.09377599,10,3,2,1,5,13:15,149,E08000023,4,1299,6,30,3,4,3,1018,0,0,1,1,1,0,0,1,2,E01008618,04-08-2018,1,2,2,1,18,4,3,0,0,1,0,-1,9,1
54945,72.92528762,19.19697042,10,3,2,1,4,16:50,148,E08000022,3,193,1,40,1,4,3,187,0,0,1,1,2,0,0,2,1,E01008481,10-08-2018,1,1,1,2,33,6,3,0,0,0,0,-1,9,1
54946,72.92671879,19.11795611,10,3,2,1,6,08:35,150,E08000024,2,194,3,70,0,-1,-1,0,0,0,1,2,2,0,0,2,1,E01008879,12-08-2018,1,1,1,2,41,7,3,0,0,0,0,-1,9,1
54947,72.91138629,19.12480478,10,3,2,1,7,20:28,148,E08000022,4,143,6,30,6,4,6,236,0,0,1,1,1,0,0,1,1,E01008524,13-08-2018,2,1,2,2,41,7,3,0,0,1,0,-1,9,1
54948,72.88798005,19.18507648,10,3,2,1,2,11:00,143,E06000048,6,6109,6,30,3,4,6,6109,0,0,1,1,1,0,0,1,1,E01027453,08-08-2018,1,1,1,1,20,4,3,0,0,0,0,-1,1,1
54949,72.91942967,19.08919083,10,3,2,1,6,20:15,146,E08000020,4,1296,6,30,0,-1,-1,0,0,0,1,1,1,0,0,1,2,E01008236,05-08-2018,2,1,2,2,42,7,3,0,0,1,0,-1,9,-1
54950,72.92896764,19.1363705,10,2,1,2,6,14:35,146,E08000020,3,6076,6,60,0,-1,-1,0,0,0,1,1,2,0,0,2,1,E01008226,12-08-2018,2,1,1,1,19,4,2,0,0,0,0,-1,9,1
54951,72.83567028,19.14597071,10,3,3,2,6,15:45,148,E08000022,5,206,6,30,1,4,6,437,0,1,1,1,1,0,0,1,2,E01008587,05-08-2018,2,1,1,2,30,6,2,0,0,0,0,-1,1,-1
54952,72.91794072,19.06860384,10,3,2,1,1,18:15,147,E08000021,6,126,6,30,3,4,6,126,0,0,1,1,1,0,0,1,1,E01008402,14-08-2018,1,1,2,2,80,11,3,0,0,0,3,-1,11,-1
54953,72.89312611,19.0647691,10,3,2,2,6,22:18,146,E08000020,5,301,6,60,0,-1,-1,0,0,0,6,1,1,0,0,2,1,E01008200,12-08-2018,1,1,3,1,21,5,3,5,1,0,0,-1,0,-1
54954,72.89059063,19.14419457,10,3,3,3,1,13:45,149,E08000023,3,183,6,30,0,-1,-1,0,0,0,1,1,1,0,0,2,1,E01008685,14-08-2018,1,1,2,1,35,6,3,0,0,0,4,-1,11,1
54955,72.91150059,19.17898257,10,3,2,1,6,15:30,143,E06000048,3,1,3,70,5,4,3,1,0,0,1,2,2,0,0,2,1,E01027473,29-07-2018,1,1,1,2,27,6,3,0,0,0,0,-1,9,1
54956,72.83741446,19.06665693,10,3,3,5,5,13:15,148,E08000022,4,1505,6,30,0,-1,-1,0,0,0,1,1,1,4,0,1,1,E01008503,11-08-2018,1,2,2,1,1,1,3,0,0,2,0,-1,9,1
54957,72.8782858,19.13781964,10,2,1,2,6,01:00,146,E08000020,3,1,7,60,0,-1,-1,0,0,0,4,2,2,0,0,2,1,E01008226,12-08-2018,1,1,1,2,49,8,3,0,0,0,0,-1,9,1
54958,72.90195239,19.06768573,10,1,2,4,1,02:18,142,E06000048,3,1171,6,60,0,-1,-1,0,0,0,5,1,1,0,0,2,1,E01027406,07-08-2018,1,2,2,1,50,8,3,0,0,1,0,-1,9,-1
54959,72.91168118,19.18295033,10,3,2,1,3,15:30,141,E06000048,4,6461,6,60,0,-1,-1,0,0,0,1,2,2,0,0,2,1,E01027378,09-08-2018,1,1,1,1,26,6,2,0,0,0,0,-1,2,1
54960,72.86360186,19.18486009,10,3,1,1,5,19:40,144,E06000048,6,8280,6,30,3,4,6,8280,0,0,1,1,1,0,0,1,1,E01027498,11-08-2018,1,2,2,2,9,2,3,0,0,0,0,-1,2,1
54961,72.92008079,19.19727978,10,3,1,1,7,01:30,144,E06000048,3,695,6,60,9,4,6,0,0,0,6,1,1,0,0,2,1,E01027504,13-08-2018,2,1,1,1,37,7,3,0,0,0,0,-1,1,1
54962,72.88471198,19.1421587,10,3,2,2,4,17:55,143,E06000048,6,9076,6,50,3,4,6,0,0,0,1,1,1,0,0,2,2,E01027473,10-08-2018,2,1,1,2,74,10,3,0,0,0,0,-1,9,1
54963,72.87650323,19.07572638,10,3,2,1,5,21:40,146,E08000020,2,1,3,70,5,4,2,1,0,0,4,2,2,0,0,2,2,E01008172,11-08-2018,2,1,2,2,17,4,3,0,0,1,0,-1,9,1
54964,72.85664929,19.20800552,10,3,2,5,7,17:06,142,E06000048,6,9702,6,30,3,4,6,9703,0,0,1,1,1,0,0,1,1,E01027392,02-07-2018,2,2,2,2,17,4,3,0,0,2,0,-1,9,1
54965,72.84729175,19.07882008,10,3,1,3,5,22:38,149,E08000023,3,1300,6,30,9,4,5,409,0,0,4,2,2,0,0,1,1,E01008626,11-08-2018,2,3,1,1,19,4,3,0,0,0,0,-1,9,1
54966,72.84670531,19.06647567,10,3,1,1,5,19:07,144,E06000048,6,8280,6,30,3,4,6,8280,0,0,1,1,1,5,0,2,1,E01027498,11-08-2018,1,1,1,2,40,7,3,0,0,0,0,-1,9,1
54967,72.83354179,19.09579711,10,3,2,3,7,15:42,146,E08000020,3,184,3,30,3,2,3,184,0,0,1,1,2,0,0,1,1,E01008168,13-08-2018,2,2,1,1,35,6,3,0,0,0,0,-1,9,2
54968,72.89623413,19.19679401,10,3,2,1,2,18:15,150,E08000024,3,1231,1,70,1,4,3,182,0,0,1,1,1,0,0,2,2,E01008874,08-08-2018,2,1,1,1,33,6,3,0,0,0,0,-1,9,1
54969,72.84583901,19.20649047,10,3,1,1,7,11:45,147,E08000021,6,426,6,20,3,1,6,426,0,1,1,1,1,0,2,1,1,E01008408,13-08-2018,1,1,1,1,46,8,3,0,0,0,0,-1,9,1
54970,72.92032237,19.10409791,10,3,2,2,5,11:59,147,E08000021,5,104,6,30,3,4,6,126,0,0,1,1,1,0,0,1,1,E01008311,11-08-2018,1,3,2,2,47,8,3,0,0,1,0,-1,9,1
54971,72.89594149,19.1309016,10,3,1,1,6,21:40,147,E08000021,4,1318,6,30,3,2,4,1307,0,5,4,1,1,0,0,1,1,E01008397,05-08-2018,2,2,1,1,17,4,3,0,0,0,0,-1,9,3
54972,72.90540087,19.12752305,10,3,2,1,4,14:46,147,E08000021,4,6324,6,30,1,4,4,1305,0,0,1,1,1,0,0,1,1,E01008450,10-08-2018,1,1,3,1,15,3,3,5,1,0,0,-1,0,1
54973,72.85918523,19.10482566,10,3,2,1,5,11:00,148,E08000022,6,136,6,30,0,-1,-1,0,0,0,1,1,1,0,0,1,1,E01008511,11-08-2018,1,1,1,1,37,7,3,0,0,0,0,-1,9,1
54974,72.91615012,19.13485196,10,3,2,1,6,12:30,140,E06000048,3,1068,6,60,3,4,6,3145,0,0,1,1,2,0,0,2,1,E01027358,12-08-2018,2,2,1,1,46,8,3,0,0,0,0,-1,9,1
54975,72.91593859,19.09037543,10,3,2,1,7,13:35,148,E08000022,3,19,3,70,1,4,3,1068,0,0,1,1,1,0,0,2,2,E01008582,06-08-2018,2,1,1,1,35,6,3,0,0,0,0,-1,9,1
54976,72.86220848,19.09807832,10,3,2,2,4,21:30,147,E08000021,3,186,6,30,1,4,5,115,0,0,4,8,2,0,0,1,1,E01008333,10-08-2018,2,1,1,1,13,3,3,0,0,0,0,-1,1,1
54977,72.85299848,19.2069682,10,3,2,5,2,11:28,141,E06000048,4,6525,6,60,0,-1,-1,0,0,0,1,1,1,0,0,2,1,E01027380,08-08-2018,2,1,1,1,40,7,3,0,0,0,0,-1,9,-1
54978,72.8885416,19.12914532,10,3,2,1,1,21:43,149,E08000023,6,336,6,30,9,4,6,336,0,0,4,1,1,0,0,1,1,E01008601,14-08-2018,2,1,1,1,50,8,3,0,0,0,0,-1,5,1
54979,72.8977826,19.07889855,10,3,2,1,5,08:40,141,E06000048,3,1,6,60,0,-1,-1,0,0,0,1,1,1,0,0,2,1,E01027374,11-08-2018,1,1,3,1,9,2,3,6,9,0,0,-1,0,1
54980,72.92123338,19.16796345,10,3,1,3,7,16:48,143,E06000048,3,1,6,60,0,-1,-1,0,0,0,1,5,2,0,0,2,1,E01027450,13-08-2018,2,1,1,1,65,9,3,0,0,0,0,-1,9,1
54981,72.85315091,19.15541911,10,3,2,1,6,07:25,144,E06000048,4,6529,6,30,0,-1,-1,0,0,0,5,2,2,0,0,2,1,E01027481,12-08-2018,1,1,1,1,13,3,3,0,0,0,0,-1,1,1
54982,72.8451468,19.07116683,10,3,2,4,4,10:55,141,E06000048,3,1,6,60,3,4,6,0,0,0,1,1,1,0,0,2,1,E01027374,10-08-2018,1,1,3,2,52,8,3,5,3,0,0,-1,0,1
54983,72.84064712,19.20764567,10,3,2,1,1,14:47,140,E06000048,3,1068,6,60,0,-1,-1,0,0,0,1,1,1,0,0,2,1,E01027356,14-08-2018,1,1,3,1,25,5,3,9,5,0,0,-1,0,-1
54984,72.84515387,19.16811266,10,3,2,2,2,14:47,150,E08000024,5,513,1,40,1,4,4,1405,0,0,1,1,1,0,0,2,1,E01008782,15-08-2018,1,1,1,1,14,3,3,0,0,0,0,-1,1,-1
54985,72.87858333,19.07749465,10,1,2,5,1,22:00,141,E06000048,3,1,6,60,3,4,4,1341,0,0,1,1,1,0,0,2,1,E01027374,14-08-2018,2,1,2,2,29,6,3,0,0,2,0,-1,9,-1
54986,72.86367125,19.11195792,10,3,2,2,3,16:04,140,E06000048,5,93,6,60,9,4,6,0,0,0,1,2,2,0,0,2,1,E01027356,09-08-2018,2,2,2,1,30,6,3,0,0,1,0,-1,9,-1
54987,72.86143071,19.07765584,10,3,2,1,3,16:35,148,E08000022,3,189,3,60,1,4,3,1056,0,0,1,8,1,0,0,2,2,E01008577,09-08-2018,2,1,1,1,22,5,3,0,0,0,0,-1,9,1
54988,72.90831905,19.20436988,10,3,1,1,1,12:05,150,E08000024,6,134,6,30,8,4,6,134,0,0,1,1,1,0,0,1,1,E01008747,14-08-2018,3,2,1,1,38,7,3,0,0,0,0,-1,8,1
54989,72.92505303,19.15771117,10,3,1,2,5,16:20,140,E06000048,3,697,6,60,0,-1,-1,0,0,0,1,1,1,0,0,2,1,E01027373,04-08-2018,1,1,1,1,14,3,3,0,0,0,0,-1,1,-1
54990,72.90222272,19.18281387,10,3,3,1,4,12:52,141,E06000048,3,1,6,60,3,4,6,0,0,0,1,1,1,4,0,2,1,E01027380,10-08-2018,1,1,3,2,10,2,3,5,2,0,0,-1,0,1
54991,72.87674742,19.15523857,10,3,1,1,3,14:30,146,E08000020,4,6315,6,30,0,-1,-1,0,0,8,1,1,1,0,0,2,1,E01008196,16-08-2018,3,1,1,2,40,7,3,0,0,0,0,-1,9,1
54992,72.90060898,19.12659024,10,3,2,3,4,23:00,140,E06000048,6,3128,6,60,3,4,5,97,0,0,6,7,2,0,0,2,1,E01027370,10-08-2018,3,2,2,2,20,4,3,0,0,1,0,-1,9,-1
54993,72.8875529,19.12690724,10,3,3,1,7,14:50,150,E08000024,3,1052,6,30,6,2,5,517,0,0,1,1,1,0,0,1,2,E01008755,11-06-2018,1,1,1,1,11,3,3,0,0,0,0,-1,1,1
54994,72.84705149,19.11919165,10,3,1,1,4,17:40,147,E08000021,3,191,6,30,3,4,5,112,0,4,1,1,1,0,0,1,1,E01008344,17-08-2018,1,1,1,1,45,7,2,0,0,0,0,-1,1,-1
54995,72.92550221,19.10874326,10,3,1,2,3,06:44,146,E08000020,4,6317,6,30,0,-1,-1,0,0,0,1,1,1,0,0,2,1,E01008262,16-08-2018,2,1,1,2,37,7,3,0,0,0,0,-1,9,1
54996,72.87821791,19.13431306,10,3,1,1,1,20:00,145,E06000048,6,6551,6,30,0,-1,-1,0,0,0,1,1,1,0,0,1,1,E01027519,14-08-2018,1,1,2,2,54,8,3,0,0,1,0,-1,9,3
54997,72.87942378,19.16857845,10,2,2,1,3,16:20,147,E08000021,5,104,6,30,3,2,5,105,0,4,1,1,1,0,0,1,1,E01008342,16-08-2018,2,1,1,1,76,11,3,0,0,0,0,-1,9,1
54998,72.83039544,19.19226978,10,3,2,2,2,07:22,148,E08000022,5,211,6,30,3,4,6,136,0,0,1,1,1,0,0,1,1,E01008492,15-08-2018,1,1,2,2,69,10,3,0,0,0,4,-1,11,-1
54999,72.87907243,19.07756284,10,3,2,1,2,14:40,147,E08000021,3,191,1,30,1,4,3,189,0,0,1,1,1,0,0,1,1,E01008424,15-08-2018,1,2,2,1,70,10,3,0,0,0,4,-1,11,-1
55000,72.84721724,19.06724542,10,3,2,2,1,12:49,148,E08000022,3,1058,3,70,5,4,5,215,0,0,1,1,1,0,0,1,1,E01008533,14-08-2018,2,1,1,1,29,6,3,0,0,0,0,-1,3,1
55001,72.8817601,19.12147087,10,3,1,1,1,12:20,146,E08000020,6,416,6,30,3,4,6,416,0,0,1,1,1,0,0,1,2,E01008277,07-08-2018,1,1,1,2,41,7,3,0,0,0,0,-1,9,1
55002,72.87464616,19.17752886,10,3,2,1,7,17:20,146,E08000020,6,326,6,30,0,-1,-1,0,0,0,1,1,1,0,0,1,1,E01008209,13-08-2018,1,1,1,1,22,5,3,0,0,0,0,-1,9,1
55003,72.87504561,19.16406805,10,3,1,1,3,14:36,147,E08000021,5,101,6,30,0,-1,-1,0,0,0,1,1,1,0,0,1,1,E01008312,16-08-2018,2,2,2,2,22,5,3,0,0,1,0,-1,9,1
55004,72.88186263,19.12070849,10,3,2,3,3,11:20,150,E08000024,5,503,6,30,3,4,6,135,0,0,1,1,1,0,0,1,1,E01008849,16-08-2018,1,1,3,1,12,3,3,5,1,0,0,-1,0,1
55005,72.91446916,19.20322323,10,3,4,1,3,17:00,148,E08000022,6,2030,6,30,3,4,6,437,0,0,1,1,1,0,0,1,2,E01008584,16-08-2018,1,1,1,1,32,6,2,0,0,0,0,-1,19,1
55006,72.83566821,19.06193931,10,3,1,1,4,20:57,146,E08000020,6,426,6,30,0,-1,-1,0,0,0,4,1,1,4,0,1,1,E01008168,17-08-2018,1,1,1,1,48,8,3,0,0,0,0,-1,4,1
55007,72.90297729,19.07862237,10,2,2,1,4,07:58,149,E08000023,4,1303,6,30,3,4,4,1303,0,0,1,1,1,0,0,1,1,E01008667,17-08-2018,1,1,1,2,57,9,3,0,0,0,0,-1,9,1
55008,72.93034188,19.10314291,10,3,2,2,4,14:15,147,E08000021,3,186,6,30,1,4,4,1305,0,0,1,1,1,0,0,1,1,E01008289,17-08-2018,2,1,1,2,38,7,3,0,0,0,0,-1,9,1
55009,72.86647817,19.20847681,10,3,2,4,4,13:05,147,E08000021,6,326,6,30,0,-1,-1,0,0,0,1,1,1,0,0,1,1,E01008333,17-08-2018,2,1,1,2,21,5,3,0,0,0,0,-1,1,1
55010,72.85387147,19.08864462,10,3,3,3,1,19:17,146,E08000020,3,1,3,70,0,-1,-1,0,0,0,1,1,1,0,0,2,1,E01008181,14-08-2018,1,1,3,1,30,6,3,6,8,0,0,-1,0,-1
55011,72.87543478,19.17189589,10,3,3,1,4,11:30,148,E08000022,3,191,6,30,3,2,5,127,0,5,1,1,1,4,0,1,1,E01008469,10-08-2018,1,1,1,2,39,7,3,0,0,0,0,-1,9,1
55012,72.86440893,19.05939242,10,2,4,3,7,11:39,150,E08000024,6,5041,6,30,0,-1,-1,0,0,0,1,1,1,0,0,2,1,E01008867,13-08-2018,1,1,3,2,47,8,2,10,1,0,0,-1,0,1