Accident_Index,longitude,latitude,Police_Force,Accident_Severity,Number_of_Vehicles,Number_of_Casualties,Day_of_Week,Time,Local_Authority_(District),Local_Authority_(Highway),1st_Road_Class,1st_Road_Number,Road_Type,Speed_limit,Junction_Detail,Junction_Control,2nd_Road_Class,2nd_Road_Number,Pedestrian_Crossing-Human_Control,Pedestrian_Crossing-Physical_Facilities,Light_Conditions,Weather_Conditions,Road_Surface_Conditions,Special_Conditions_at_Site,Carriageway_Hazards,Urban_or_Rural_Area,Did_Police_Officer_Attend_Scene_of_Accident,LSOA_of_Accident_Location,Date,Vehicle_Reference,Casualty_Reference,Casualty_Class,Sex_of_Casualty,Age_of_Casualty,Age_Band_of_Casualty,Casualty_Severity,Pedestrian_Location,Pedestrian_Movement,Car_Passenger,Bus_or_Coach_Passenger,Pedestrian_Road_Maintenance_Worker,Casualty_Type,Casualty_Home_Area_Type
55131,72.91999421,19.07257103,10,3,2,1,6,18:15,148,E08000022,3,1056,1,70,1,4,3,189,0,0,1,1,1,0,0,2,2,E01008577,26-08-2018,1,1,3,2,13,3,2,5,1,0,0,-1,0,1
55132,72.90785496,19.08009352,10,2,1,1,1,11:44,148,E08000022,3,192,6,30,3,4,6,2025,0,8,1,1,1,0,0,1,1,E01008552,28-08-2018,2,1,1,1,36,7,3,0,0,0,0,-1,5,1
55133,72.83422893,19.20297262,10,3,3,2,2,17:15,147,E08000021,3,191,6,30,1,4,3,188,0,0,1,1,1,0,0,1,2,E01008469,25-04-2018,1,1,3,1,23,5,3,9,5,0,0,-1,0,1
55134,72.922811,19.19797848,10,3,2,1,4,11:15,145,E06000048,4,1334,3,30,0,-1,-1,0,0,0,1,1,1,0,0,1,1,E01027532,10-08-2018,1,1,3,1,11,3,3,5,1,0,0,-1,0,-1
55135,72.85678072,19.19063174,10,3,1,1,5,13:06,147,E08000021,5,144,6,30,6,2,5,141,0,5,1,1,1,0,0,1,1,E01008440,25-08-2018,2,1,1,1,68,10,3,0,0,0,0,-1,9,1
55136,72.83803239,19.14975273,10,3,2,1,3,09:00,148,E08000022,6,136,6,30,3,4,6,136,0,0,1,1,1,0,0,1,2,E01008510,23-08-2018,2,2,2,2,29,6,3,0,0,1,0,-1,9,1
55137,72.93339286,19.2019793,10,3,2,2,7,19:30,148,E08000022,3,193,6,30,6,4,6,136,0,0,1,1,1,0,0,1,1,E01008542,27-08-2018,1,1,1,1,44,7,2,0,0,0,0,-1,1,1
55138,72.93726145,19.13934022,10,3,2,1,5,17:28,147,E08000021,3,189,3,30,6,2,4,1311,0,0,1,1,1,0,0,1,1,E01008440,25-08-2018,1,1,3,1,58,9,3,10,3,0,0,-1,0,1
55139,72.85042844,19.1293601,10,3,3,3,5,21:20,144,E06000048,3,68,6,60,0,-1,-1,0,0,0,6,1,2,0,0,2,1,E01027506,25-08-2018,1,1,1,1,11,3,3,0,0,0,0,-1,2,1
55140,72.83130626,19.18458817,10,3,2,4,5,18:19,147,E08000021,4,1307,6,30,3,4,6,326,0,0,1,1,1,0,0,1,1,E01008397,25-08-2018,1,1,3,1,2,1,2,10,1,0,0,-1,0,1
55141,72.8950737,19.1301746,10,3,1,1,1,23:40,144,E06000048,5,228,6,60,0,-1,-1,0,0,0,6,4,1,0,0,2,1,E01027488,28-08-2018,1,1,2,2,21,5,3,0,0,1,0,-1,9,1
55142,72.93078388,19.18452472,10,3,2,1,3,14:00,150,E08000024,3,1290,3,30,3,2,4,1291,0,8,1,4,1,0,0,1,1,E01008711,23-08-2018,2,2,1,1,17,4,3,0,0,0,0,-1,9,1
55143,72.92486876,19.16732216,10,1,1,2,7,00:10,146,E08000020,6,3003,6,60,3,4,6,3016,0,0,6,1,1,0,0,2,1,E01008188,27-08-2018,3,3,1,2,18,4,3,0,0,0,0,-1,9,1
55144,72.88854248,19.17793239,10,3,1,1,5,19:15,150,E08000024,6,435,6,30,3,4,6,435,0,0,1,1,1,0,0,1,1,E01008823,25-08-2018,3,4,2,1,23,5,3,0,0,1,0,-1,9,1
55145,72.84428599,19.06569852,10,3,2,1,6,07:05,149,E08000023,5,415,6,30,0,-1,-1,0,0,0,1,1,1,0,0,1,1,E01008650,26-08-2018,3,5,2,1,7,2,3,0,0,2,0,-1,9,1
55146,72.93346485,19.20842851,10,3,2,1,1,02:00,146,E08000020,3,167,6,30,0,-1,-1,0,0,0,4,1,1,0,0,1,1,E01008251,28-08-2018,1,1,1,1,21,5,3,0,0,0,0,-1,9,-1
55147,72.92687704,19.18298398,10,3,2,3,5,17:35,150,E08000024,6,5058,6,40,3,4,6,435,0,0,1,1,1,0,0,2,1,E01008802,25-08-2018,2,2,2,2,63,9,3,0,0,1,0,-1,9,1
55148,72.90828178,19.0586044,10,3,2,1,2,20:15,146,E08000020,4,1426,6,30,3,4,5,313,0,0,1,1,2,0,0,1,2,E01008170,22-08-2018,1,1,1,1,45,7,3,0,0,0,0,-1,9,1
55149,72.89416066,19.08503245,10,3,1,1,7,13:02,142,E06000048,4,1328,6,30,3,4,6,9503,0,0,1,1,1,0,0,1,1,E01027414,20-08-2018,1,3,2,1,24,5,3,0,0,1,0,-1,9,1
55150,72.93290983,19.15871627,10,3,3,1,1,14:40,143,E06000048,3,1,3,70,0,-1,-1,0,0,0,1,1,1,0,0,2,1,E01027473,21-08-2018,2,2,1,1,30,6,3,0,0,0,0,-1,9,-1
55151,72.8776863,19.09311217,10,2,2,1,1,17:12,143,E06000048,3,1,3,70,0,-1,-1,0,0,0,1,1,1,0,0,2,1,E01027448,21-08-2018,1,1,3,2,15,3,3,5,3,0,0,-1,0,1
55152,72.83247339,19.20179382,10,2,2,2,3,06:50,150,E08000024,6,5000,1,30,1,4,6,235,0,8,1,1,1,0,0,1,1,E01008829,30-08-2018,1,1,1,1,44,7,3,0,0,0,0,-1,90,-1
55153,72.8865951,19.13286639,10,3,1,1,1,11:56,143,E06000048,3,1,3,70,5,4,3,697,0,0,1,1,1,0,0,2,1,E01027448,21-08-2018,1,1,3,2,23,5,2,5,1,0,0,-1,0,-1
55154,72.86727673,19.13632833,10,2,2,1,2,14:05,143,E06000048,4,6524,6,60,9,4,6,6108,0,0,1,1,1,0,0,2,1,E01027455,29-08-2018,2,1,1,1,49,8,3,0,0,0,0,-1,1,1
55155,72.91928803,19.13224473,10,3,2,1,2,18:40,149,E08000023,3,1300,6,30,6,2,6,436,0,5,1,1,1,0,0,1,1,E01008625,29-08-2018,2,1,1,2,66,10,3,0,0,0,0,-1,9,1
55156,72.92253008,19.16270858,10,3,1,1,5,15:30,147,E08000021,4,1309,6,30,3,4,6,226,0,1,1,1,1,1,0,1,2,E01008367,18-08-2018,3,1,1,1,68,10,3,0,0,0,0,-1,9,3
55157,72.83940267,19.16690215,10,3,1,1,6,14:05,142,E06000048,3,189,6,60,0,-1,-1,0,0,0,1,1,1,0,0,2,1,E01027398,26-08-2018,1,1,3,2,58,9,3,5,3,0,0,-1,0,-1
55158,72.8763867,19.15718793,10,3,3,5,5,13:50,140,E06000048,4,1340,6,60,3,4,5,76,0,0,1,1,1,0,0,2,1,E01027366,25-08-2018,1,1,3,1,70,10,2,5,1,0,0,-1,0,-1
55159,72.90693218,19.14018754,10,3,1,1,3,11:40,150,E08000024,3,182,3,70,1,4,6,335,0,0,1,1,1,0,0,2,1,E01008795,30-08-2018,1,1,3,1,56,9,3,5,1,0,0,-1,0,1
55160,72.90766659,19.08163624,10,3,2,2,5,16:38,143,E06000048,6,6055,1,30,1,4,6,6055,0,0,1,1,1,0,0,2,1,E01027462,25-08-2018,1,1,1,1,21,5,3,0,0,0,0,-1,9,1
55161,72.86546817,19.09284887,10,2,1,1,1,14:10,142,E06000048,6,9541,6,30,0,-1,-1,0,0,0,1,1,1,0,0,2,1,E01027395,28-08-2018,1,2,2,2,22,5,3,0,0,1,0,-1,9,-1
55162,72.91246521,19.15942724,10,3,1,1,6,17:35,146,E08000020,3,695,7,30,5,4,3,695,0,0,1,4,2,0,0,1,1,E01008181,26-08-2018,1,1,1,2,50,8,2,0,0,0,0,-1,3,1
55163,72.89535839,19.06005344,10,3,2,1,3,07:19,146,E08000020,3,695,6,50,0,-1,-1,0,0,0,1,1,1,0,0,2,1,,30-08-2018,1,1,1,1,18,4,3,0,0,0,0,-1,9,1
55164,72.90951086,19.06648703,10,3,3,2,4,14:50,147,E08000021,4,1318,6,30,6,2,6,0,0,5,1,1,1,0,0,1,1,E01008351,24-08-2018,2,2,1,1,37,7,3,0,0,0,0,-1,9,1
55165,72.83064946,19.14575249,10,3,2,1,3,23:06,150,E08000024,6,335,6,30,0,-1,-1,0,0,0,4,1,1,0,0,1,1,E01008721,30-08-2018,1,1,1,1,36,7,3,0,0,0,0,-1,1,-1
55166,72.92004039,19.10640268,10,3,2,1,4,13:30,148,E08000022,3,1058,3,70,5,4,3,1058,0,0,1,1,1,4,0,1,1,E01008571,31-08-2018,1,1,3,2,15,3,3,5,1,0,0,-1,0,3
55167,72.87389827,19.15606305,10,3,3,2,3,13:10,148,E08000022,3,1058,6,60,8,4,6,136,0,8,1,1,1,0,0,1,1,E01008526,30-08-2018,1,1,1,2,55,8,3,0,0,0,0,-1,9,1
55168,72.91086096,19.19540511,10,3,1,1,2,17:30,150,E08000024,6,5062,6,30,6,4,6,435,0,0,1,1,1,0,0,1,1,E01008809,29-08-2018,2,2,1,1,56,9,3,0,0,0,0,-1,9,1
55169,72.86489435,19.16837752,10,3,1,1,3,00:40,149,E08000023,3,19,3,70,0,-1,-1,0,0,0,6,1,1,0,0,2,1,E01008629,30-08-2018,1,1,3,2,83,11,3,5,3,0,0,-1,0,1
55170,72.8596981,19.14802022,10,2,2,1,3,22:06,150,E08000024,3,183,3,60,6,4,6,5047,0,0,4,1,1,0,0,2,1,E01008798,30-08-2018,2,1,1,1,35,6,3,0,0,0,0,-1,9,1
55171,72.85071164,19.10551719,10,3,2,1,3,08:15,142,E06000048,3,189,1,70,1,4,3,19,0,0,1,1,1,0,0,2,2,E01027406,30-08-2018,2,1,1,1,50,8,3,0,0,0,0,-1,1,1
55172,72.93732411,19.13068069,10,3,1,1,5,14:40,147,E08000021,5,132,6,30,3,4,5,132,0,0,1,1,1,0,0,1,1,E01008305,25-08-2018,1,1,1,1,19,4,3,0,0,0,0,-1,1,1
55173,72.89210124,19.07349994,10,3,2,1,5,08:15,146,E08000020,3,184,3,40,3,2,3,184,0,0,1,1,1,0,0,1,1,E01008215,01-09-2018,2,1,1,1,24,5,3,0,0,0,0,-1,3,1
55174,72.90378628,19.13670036,10,3,1,1,4,16:40,144,E06000048,3,69,3,70,5,4,6,0,0,0,1,1,1,0,0,2,1,E01027513,31-08-2018,2,1,1,1,16,4,3,0,0,0,0,-1,2,1
55175,72.84555688,19.05758029,10,3,1,1,3,16:32,147,E08000021,5,142,6,30,3,4,6,326,0,0,1,1,1,0,0,1,1,E01008397,23-08-2018,3,1,1,1,21,5,3,0,0,0,0,-1,9,1
55176,72.859608,19.06428745,10,3,2,1,7,10:40,146,E08000020,3,1,3,70,0,-1,-1,0,0,0,1,1,1,0,0,1,2,E01008211,27-08-2018,3,2,2,1,45,7,3,0,0,1,0,-1,9,1
55177,72.92569786,19.18525749,10,2,1,1,4,23:50,144,E06000048,3,6079,6,60,0,-1,-1,0,0,0,6,7,2,0,0,2,1,E01027476,31-08-2018,3,3,2,1,33,6,3,0,0,2,0,-1,9,1
55178,72.87336349,19.1431681,10,3,2,2,6,06:45,146,E08000020,5,305,1,30,2,4,6,3105,0,4,1,1,1,0,0,1,1,E01008177,26-08-2018,1,1,3,1,76,11,2,4,1,0,0,-1,0,1
55179,72.91579214,19.09852353,10,2,1,1,4,12:05,146,E08000020,4,6317,6,30,0,-1,-1,0,0,0,1,1,1,0,0,1,1,E01008262,31-08-2018,1,1,3,2,30,6,3,10,9,0,0,-1,0,1
55180,72.82751335,19.15224812,10,3,2,1,3,15:45,146,E08000020,3,184,3,30,1,4,3,184,0,0,1,1,1,0,0,1,2,E01008168,30-08-2018,2,1,1,1,39,7,3,0,0,0,0,-1,1,1
55181,72.87771531,19.19959196,10,3,2,2,5,17:30,145,E06000048,3,1068,6,60,3,4,3,192,0,0,1,1,1,0,0,2,1,E01027521,01-09-2018,2,1,1,1,34,6,3,0,0,0,0,-1,5,1
55182,72.8575708,19.12563325,10,3,2,1,4,19:15,148,E08000022,6,337,6,30,0,-1,-1,0,0,0,1,2,2,0,0,1,1,E01008520,31-08-2018,2,1,1,1,62,9,3,0,0,0,0,-1,9,1
55183,72.91475858,19.14837748,10,3,2,1,6,12:30,150,E08000024,6,235,6,30,3,4,6,235,0,0,1,1,1,0,0,1,1,E01008820,26-08-2018,1,1,3,2,41,7,3,5,1,0,0,-1,0,1
55184,72.91714098,19.07740296,10,3,2,1,4,13:00,147,E08000021,3,186,1,30,1,4,2,167,0,0,1,1,1,0,0,1,2,E01008440,31-08-2018,1,1,1,2,28,6,3,0,0,0,0,-1,9,1
55185,72.85383896,19.08826609,10,3,1,2,5,11:30,146,E08000020,5,319,6,30,0,-1,-1,0,0,0,1,1,1,0,0,1,1,E01008230,01-09-2018,1,2,2,2,25,5,3,0,0,1,0,-1,9,1
55186,72.93219952,19.06129271,10,3,4,7,2,12:30,143,E06000048,3,1,3,70,0,-1,-1,0,0,0,1,1,1,0,0,2,1,E01027473,29-08-2018,1,1,1,1,18,4,3,0,0,0,0,-1,9,1
55187,72.93390187,19.14887467,10,2,1,1,6,22:50,147,E08000021,3,186,2,30,6,2,4,1307,0,4,4,1,1,0,0,1,1,E01008440,05-08-2018,2,1,1,2,41,7,3,0,0,0,0,-1,9,1
55188,72.82636809,19.1159114,10,3,2,2,5,12:55,147,E08000021,3,189,3,30,3,2,6,1112,0,4,1,1,1,4,0,1,1,E01008440,01-09-2018,1,1,3,1,25,5,3,4,1,0,0,-1,0,-1
55189,72.93204002,19.12403551,10,3,2,2,3,19:20,142,E06000048,6,9702,6,30,3,4,6,9510,0,0,1,1,1,0,0,1,1,E01027423,30-08-2018,1,1,1,1,63,9,3,0,0,0,0,-1,9,1
55190,72.86622634,19.11115706,10,3,1,1,4,22:23,149,E08000023,3,194,6,30,1,4,5,406,0,0,6,2,2,0,0,1,1,E01008672,31-08-2018,1,1,3,2,28,6,3,5,3,0,0,-1,0,-1
55191,72.91108508,19.1020439,10,3,2,1,5,10:30,146,E08000020,3,1,3,70,0,-1,-1,0,0,0,1,1,1,0,0,2,1,E01008226,01-09-2018,1,1,1,1,59,9,3,0,0,0,0,-1,9,1
55192,72.88078468,19.20287016,10,3,2,1,5,18:45,149,E08000023,6,236,6,30,0,-1,-1,0,0,0,1,2,2,0,0,1,2,E01008668,28-07-2018,2,2,1,1,33,6,3,0,0,0,0,-1,9,2
55193,72.84796498,19.19588745,10,3,2,1,2,15:25,140,E06000048,4,1339,6,60,7,4,4,1340,0,0,1,1,1,0,0,2,1,E01027366,29-08-2018,1,1,1,2,40,7,3,0,0,0,0,-1,9,1
55194,72.92759178,19.1962256,10,2,1,2,3,12:58,140,E06000048,3,1068,6,30,3,4,5,99,0,0,1,1,1,0,0,2,1,E01027364,30-08-2018,1,1,1,1,13,3,3,0,0,0,0,-1,1,1
55195,72.83665155,19.16009513,10,3,2,1,6,12:40,149,E08000023,5,409,6,30,3,4,6,436,0,1,1,1,1,0,0,1,1,E01008623,02-09-2018,2,1,1,2,22,5,2,0,0,0,0,-1,1,1
55196,72.88127238,19.13856659,10,3,1,1,1,13:50,150,E08000024,6,225,6,30,3,4,6,225,0,0,1,5,1,0,1,1,2,E01008874,28-08-2018,1,1,1,2,32,6,3,0,0,0,0,-1,9,1
55197,72.84521864,19.07044247,10,3,2,1,7,09:44,149,E08000023,6,4135,6,30,3,4,6,436,0,0,1,1,1,0,0,2,1,E01008684,03-09-2018,1,1,1,2,43,7,3,0,0,0,0,-1,19,1
55198,72.90021343,19.08690141,10,3,2,1,6,18:40,143,E06000048,3,197,6,60,0,-1,-1,0,0,0,1,1,1,0,0,2,1,E01027463,02-09-2018,2,2,1,1,41,7,3,0,0,0,0,-1,9,1
55199,72.93613849,19.12754784,10,3,2,1,6,14:45,142,E06000048,3,193,6,30,1,4,4,1329,0,0,1,1,1,0,0,1,1,E01027416,26-08-2018,3,3,1,1,44,7,3,0,0,0,0,-1,9,1
55200,72.88200984,19.0730014,10,3,2,1,3,10:55,147,E08000021,3,1058,3,30,6,2,4,1600,0,5,1,1,1,0,0,1,2,E01008370,23-08-2018,1,1,3,1,18,4,2,4,2,0,0,-1,0,1
55201,72.88901752,19.16149925,10,3,2,1,5,21:20,149,E08000023,4,1303,6,30,3,4,6,236,0,0,4,1,1,0,0,1,1,E01008667,01-09-2018,1,1,1,1,58,9,3,0,0,0,0,-1,9,1
55202,72.83660586,19.15640357,10,3,2,1,5,11:45,146,E08000020,5,329,6,30,3,4,6,225,0,0,1,1,1,0,0,1,1,E01008175,01-09-2018,2,2,1,1,41,7,3,0,0,0,0,-1,9,1
55203,72.84345944,19.12127486,10,3,2,1,6,19:25,148,E08000022,3,186,1,30,1,4,4,1322,0,0,1,1,1,0,0,2,1,E01008566,02-09-2018,3,3,1,1,39,7,3,0,0,0,0,-1,9,1
55204,72.87895508,19.12771322,10,3,1,2,4,17:06,147,E08000021,3,186,6,30,1,4,4,1305,0,8,1,1,1,0,0,1,1,E01008289,24-08-2018,1,1,3,1,34,6,3,5,9,0,0,-1,0,1
55205,72.85323107,19.2088558,10,3,2,1,4,12:25,142,E06000048,3,1061,3,50,0,-1,-1,0,0,0,1,1,1,0,0,2,1,E01027427,31-08-2018,1,1,3,1,16,4,3,8,1,0,0,-1,0,1
55206,72.85022142,19.14190413,10,3,3,2,3,14:32,146,E08000020,4,1296,6,30,3,4,6,3050,0,0,1,1,1,0,0,1,1,E01008163,30-08-2018,1,1,1,1,76,11,3,0,0,0,0,-1,9,1
55207,72.86534253,19.07106555,10,3,2,1,1,14:00,148,E08000022,3,192,6,30,1,4,3,1058,0,1,1,1,1,0,0,1,1,E01008557,21-08-2018,2,1,1,2,20,4,3,0,0,0,0,-1,9,1
55208,72.86832766,19.15895982,10,2,1,1,5,15:54,147,E08000021,3,6085,6,30,0,-1,-1,0,0,0,1,1,1,0,0,1,1,E01008404,01-09-2018,1,1,1,2,84,11,3,0,0,0,0,-1,9,2
55209,72.92588288,19.14561464,10,3,1,1,4,21:50,146,E08000020,3,184,3,70,0,-1,-1,0,0,0,4,1,2,0,0,1,1,E01008168,31-08-2018,2,2,1,1,31,6,3,0,0,0,0,-1,9,2
55210,72.89471829,19.09207156,10,3,2,1,7,04:05,146,E08000020,3,167,3,40,6,2,3,184,0,0,4,1,1,0,0,1,1,E01008166,03-09-2018,1,1,1,2,40,7,3,0,0,0,0,-1,9,1
55211,72.91176894,19.15251296,10,3,2,1,5,20:23,145,E06000048,4,1334,6,30,3,3,6,6518,0,4,4,1,1,0,0,2,1,E01027544,01-09-2018,2,1,1,2,18,4,3,0,0,0,0,-1,9,1
55212,72.91409358,19.17670219,10,3,2,1,6,12:40,147,E08000021,5,104,6,50,1,4,3,1,0,0,1,1,1,0,0,2,1,E01008311,02-09-2018,1,1,3,1,31,6,3,5,1,0,0,-1,0,-1
55213,72.84498864,19.14497438,10,3,3,2,7,12:40,146,E08000020,3,1,3,70,0,-1,-1,0,0,0,1,1,1,0,0,2,1,E01008224,03-09-2018,2,1,1,2,27,6,3,0,0,0,0,-1,9,1
55214,72.83058569,19.05538991,10,3,2,1,6,14:44,150,E08000024,3,183,6,30,8,4,6,145,0,0,1,1,1,0,0,1,1,E01008789,26-08-2018,1,1,1,1,16,4,3,0,0,0,0,-1,2,1
55215,72.92993516,19.15639802,10,3,2,1,1,00:05,150,E08000024,3,690,3,30,3,4,6,235,0,0,4,1,1,0,0,1,1,E01008828,04-09-2018,1,1,1,2,20,4,3,0,0,0,0,-1,9,1
55216,72.88897612,19.15415631,10,3,1,1,2,15:40,147,E08000021,4,1311,6,30,3,4,6,326,0,0,1,1,1,0,0,1,2,E01008417,29-08-2018,2,1,1,1,34,6,3,0,0,0,0,-1,9,1
55217,72.89640805,19.10220987,10,3,2,1,6,15:20,146,E08000020,5,320,6,30,0,-1,-1,0,0,0,1,1,1,0,0,1,1,E01008262,02-09-2018,2,2,2,1,40,7,3,0,0,1,0,-1,9,1
55218,72.87858123,19.07574791,10,3,1,1,1,00:26,150,E08000024,3,183,6,30,0,-1,-1,0,0,0,4,1,1,0,0,1,1,E01008831,21-08-2018,1,1,1,1,71,10,3,0,0,0,0,-1,9,1
55219,72.92387856,19.19470878,10,3,2,1,7,16:54,141,E06000048,3,6105,6,60,9,4,6,0,0,0,1,1,1,0,0,2,1,E01027378,03-09-2018,1,1,1,2,63,9,3,0,0,0,0,-1,1,1
55220,72.93577808,19.11254257,10,3,2,1,7,12:05,148,E08000022,4,1319,6,30,8,4,6,427,0,0,1,1,1,0,0,2,2,E01008578,27-08-2018,2,1,1,2,40,7,3,0,0,0,0,-1,9,-1
55221,72.90424643,19.09997573,10,3,2,2,6,15:15,146,E08000020,3,694,6,30,0,-1,-1,0,0,4,1,1,2,0,0,2,2,E01008184,12-08-2018,2,1,1,2,24,5,3,0,0,0,0,-1,9,1
55222,72.88293936,19.20410327,10,2,1,1,7,12:29,150,E08000024,3,183,6,30,3,4,6,235,0,8,1,1,1,0,0,1,1,E01008761,03-09-2018,1,1,2,2,40,7,3,0,0,0,4,-1,11,-1
55223,72.91515457,19.08787823,10,3,2,1,2,16:45,148,E08000022,6,136,6,30,0,-1,-1,0,0,0,1,1,1,0,0,1,2,E01008491,29-08-2018,1,1,1,2,29,6,3,0,0,0,0,-1,9,1
55224,72.84892261,19.12110934,10,3,1,1,1,06:25,141,E06000048,3,1,6,60,1,4,3,698,0,0,1,1,1,0,0,2,1,E01027379,04-09-2018,2,2,2,1,1,1,3,0,0,2,0,-1,9,1
55225,72.84096071,19.09559903,10,3,2,1,1,11:52,150,E08000024,3,183,3,70,1,4,3,19,0,0,1,1,1,0,0,2,1,E01008798,04-09-2018,1,1,1,2,18,4,3,0,0,0,0,-1,9,1
55226,72.90262477,19.06450352,10,3,2,1,5,23:16,147,E08000021,3,167,1,30,1,4,3,1,0,0,4,1,1,0,0,1,1,E01008293,01-09-2018,1,3,2,2,17,4,3,0,0,2,0,-1,9,-1
55227,72.88644209,19.10500637,10,3,1,3,6,23:25,140,E06000048,5,136,6,60,0,-1,-1,0,0,0,6,1,1,0,0,2,1,E01027368,02-09-2018,2,2,1,2,30,6,3,0,0,0,0,-1,9,1
55228,72.86950398,19.17913655,10,3,2,1,6,09:03,147,E08000021,3,167,1,40,1,4,6,126,0,0,1,1,1,0,0,1,1,E01008299,02-09-2018,1,1,1,2,20,4,3,0,0,0,0,-1,9,1
55229,72.84325276,19.1148897,10,3,2,1,1,17:55,150,E08000024,3,182,3,30,6,4,6,335,0,0,1,1,1,0,0,1,1,E01008793,04-09-2018,2,2,1,2,57,9,3,0,0,0,0,-1,9,1
55230,72.88703846,19.0759294,10,3,2,3,5,19:40,143,E06000048,3,1068,6,60,3,4,3,1068,0,0,1,1,1,0,0,2,2,E01027473,25-08-2018,1,1,1,1,28,6,2,0,0,0,0,-1,9,-1
55231,72.85601014,19.16180773,10,3,2,2,3,12:05,150,E08000024,3,19,7,50,1,4,3,690,0,0,1,1,1,4,0,2,1,E01008775,30-08-2018,2,2,1,2,41,7,2,0,0,0,0,-1,9,-1
55232,72.86678409,19.19886696,10,3,2,4,2,19:30,147,E08000021,6,426,6,30,3,4,6,426,0,0,1,1,1,0,0,1,1,E01008408,05-09-2018,2,3,2,2,61,9,2,0,0,1,0,-1,9,-1
55233,72.87723801,19.12845408,10,3,1,1,3,09:05,150,E08000024,5,512,6,30,6,4,6,235,0,0,1,1,1,0,0,1,1,E01008701,23-08-2018,2,4,2,2,16,4,2,0,0,2,0,-1,9,-1
55234,72.88225396,19.19809428,10,3,2,1,6,12:15,150,E08000024,3,690,6,30,3,4,3,690,0,0,1,1,1,0,0,1,1,E01008831,02-09-2018,2,1,2,2,35,6,3,0,0,2,0,-1,8,-1
55235,72.90960359,19.14889032,10,2,1,1,5,15:27,140,E06000048,4,1340,6,30,9,4,6,3144,0,1,1,1,1,0,0,2,1,E01027358,01-09-2018,2,1,1,2,18,4,3,0,0,0,0,-1,9,1
55236,72.86065872,19.17836774,10,3,2,2,1,21:44,147,E08000021,4,6528,6,30,0,-1,-1,0,0,0,4,1,1,0,0,1,1,E01008403,04-09-2018,2,1,1,1,25,5,3,0,0,0,0,-1,9,1
55237,72.93719512,19.11309738,10,3,2,1,6,17:00,148,E08000022,3,193,2,30,3,4,6,137,0,0,1,1,1,0,0,1,1,E01008584,02-09-2018,2,2,2,2,22,5,3,0,0,1,0,-1,9,1
55238,72.87026359,19.1963889,10,3,2,1,3,09:40,145,E06000048,4,1331,1,30,2,4,6,0,0,0,1,1,1,0,0,1,1,E01027521,06-09-2018,2,3,2,2,46,8,3,0,0,2,0,-1,9,1
55239,72.8799954,19.16953334,10,3,2,1,3,11:28,150,E08000024,3,183,3,70,1,4,3,19,0,0,1,1,1,0,0,2,1,E01008734,06-09-2018,1,1,1,2,63,9,3,0,0,0,0,-1,9,1
55240,72.93375194,19.1497406,10,3,1,1,6,23:01,145,E06000048,3,192,6,60,0,-1,-1,0,0,0,6,1,1,0,0,2,1,E01027521,02-09-2018,1,1,1,2,74,10,3,0,0,0,0,-1,9,1
55241,72.86623912,19.17926147,10,3,2,1,4,19:55,143,E06000048,6,6106,6,30,3,4,6,6106,0,0,4,8,2,0,0,1,1,E01027453,31-08-2018,2,1,1,1,16,4,3,0,0,0,0,-1,2,1
55242,72.89794947,19.18937658,10,3,3,1,1,16:30,145,E06000048,6,6564,6,30,3,4,6,6564,0,0,1,1,1,0,0,2,1,E01027534,04-09-2018,1,1,3,2,12,3,2,5,1,0,0,-1,0,-1
55243,72.86286701,19.13335916,10,3,2,2,4,15:45,147,E08000021,3,167,1,40,1,4,3,1,0,0,1,1,1,0,0,1,2,E01008445,24-08-2018,2,1,1,1,32,6,3,0,0,0,0,-1,9,-1
55244,72.92454665,19.09135371,10,2,1,2,2,20:05,147,E08000021,5,101,6,60,0,-1,-1,0,0,0,6,1,1,0,0,2,1,E01008306,05-09-2018,1,1,1,2,33,6,3,0,0,0,0,-1,9,1
55245,72.8276148,19.12200508,10,3,2,1,6,15:44,142,E06000048,4,1505,6,60,1,4,3,19,0,0,1,1,1,0,0,2,1,E01027406,02-09-2018,2,1,1,1,15,3,3,0,0,0,0,-1,1,1
55246,72.88347137,19.15896552,10,3,1,1,2,20:36,147,E08000021,3,191,6,30,0,-1,-1,0,0,0,4,1,1,0,0,1,1,E01008300,05-09-2018,1,1,1,2,20,4,3,0,0,0,0,-1,9,2
55247,72.93001082,19.20360593,10,3,2,1,6,13:40,148,E08000022,3,193,6,30,3,4,6,136,0,0,1,1,1,0,0,1,1,E01008482,02-09-2018,1,2,2,2,29,6,3,0,0,1,0,-1,9,3
55248,72.92954255,19.08941843,10,3,2,3,7,13:35,150,E08000024,3,183,3,70,6,4,6,5047,0,0,1,1,1,0,0,2,1,E01008798,03-09-2018,1,1,1,1,16,4,3,0,0,0,0,-1,3,1