Accident_Index,longitude,latitude,Police_Force,Accident_Severity,Number_of_Vehicles,Number_of_Casualties,Day_of_Week,Time,Local_Authority_(District),Local_Authority_(Highway),1st_Road_Class,1st_Road_Number,Road_Type,Speed_limit,Junction_Detail,Junction_Control,2nd_Road_Class,2nd_Road_Number,Pedestrian_Crossing-Human_Control,Pedestrian_Crossing-Physical_Facilities,Light_Conditions,Weather_Conditions,Road_Surface_Conditions,Special_Conditions_at_Site,Carriageway_Hazards,Urban_or_Rural_Area,Did_Police_Officer_Attend_Scene_of_Accident,LSOA_of_Accident_Location,Date,Vehicle_Reference,Casualty_Reference,Casualty_Class,Sex_of_Casualty,Age_of_Casualty,Age_Band_of_Casualty,Casualty_Severity,Pedestrian_Location,Pedestrian_Movement,Car_Passenger,Bus_or_Coach_Passenger,Pedestrian_Road_Maintenance_Worker,Casualty_Type,Casualty_Home_Area_Type
55249,72.82907559,19.09061267,10,3,2,1,3,00:29,146,E08000020,3,1,3,70,0,-1,-1,0,0,0,4,1,1,0,0,2,1,E01008226,06-09-2018,2,1,1,2,17,4,3,0,0,0,0,-1,9,1
55250,72.89066573,19.15941761,10,3,2,1,5,15:20,145,E06000048,3,1068,1,30,1,4,6,6722,0,0,1,1,1,0,0,1,1,E01027516,01-09-2018,1,1,1,1,27,6,3,0,0,0,0,-1,9,1
55251,72.83877331,19.17676339,10,3,3,2,3,12:45,140,E06000048,4,6341,6,60,0,-1,-1,0,0,0,1,1,1,0,0,2,1,E01027369,06-09-2018,2,2,1,1,17,4,3,0,0,0,0,-1,3,1
55252,72.91232752,19.07695634,10,3,2,2,4,10:55,143,E06000048,3,1,6,60,0,-1,-1,0,0,0,1,1,1,0,0,2,1,E01027450,31-08-2018,1,1,1,2,31,6,3,0,0,0,0,-1,9,1
55253,72.88841856,19.12001662,10,2,3,4,6,16:30,141,E06000048,3,6105,6,60,0,-1,-1,0,0,0,1,1,1,0,0,2,1,E01027378,02-09-2018,1,1,1,1,27,6,3,0,0,0,0,-1,9,1
55254,72.91436636,19.18735315,10,3,2,1,4,08:45,142,E06000048,3,1068,3,70,1,4,3,1172,0,0,1,9,1,0,0,2,2,E01027412,07-09-2018,2,2,2,2,68,10,3,0,0,1,0,-1,9,1
55255,72.89966708,19.09993962,10,3,3,1,6,15:30,150,E08000024,3,182,6,30,0,-1,-1,0,0,0,1,1,1,0,0,1,1,E01008745,02-09-2018,2,1,1,2,35,6,3,0,0,0,0,-1,9,1
55256,72.87643435,19.11426212,10,3,2,1,5,19:14,150,E08000024,5,511,6,30,6,4,6,235,0,0,1,1,1,0,0,1,1,E01008812,01-09-2018,1,1,3,2,29,6,3,5,1,0,0,-1,0,-1
55257,72.87398989,19.09577006,10,2,4,5,3,13:25,146,E08000020,3,1,3,70,0,-1,-1,0,0,0,1,1,1,0,0,2,1,E01008224,06-09-2018,2,1,2,2,23,5,3,0,0,1,0,-1,9,1
55258,72.86421837,19.0953562,10,3,2,1,1,00:02,149,E08000023,3,184,3,70,3,4,6,4128,0,0,6,1,1,0,0,2,1,E01008629,21-08-2018,1,1,1,1,29,6,3,0,0,0,0,-1,9,1
55259,72.9089331,19.15972857,10,3,3,3,1,00:03,148,E08000022,4,1318,6,30,0,-1,-1,0,0,0,4,1,1,4,0,2,1,E01008581,04-09-2018,1,1,2,1,17,4,3,0,0,1,0,-1,9,-1
55260,72.86025481,19.12823687,10,3,3,1,2,12:30,149,E08000023,3,184,6,40,8,4,6,336,0,0,1,1,1,0,0,2,2,E01008615,05-09-2018,1,2,2,1,17,4,3,0,0,2,0,-1,9,-1
55261,72.91005784,19.1320386,10,3,2,1,4,13:30,143,E06000048,6,9082,6,30,6,4,6,9082,0,0,1,1,1,0,0,2,1,E01027467,17-08-2018,1,3,2,1,16,4,3,0,0,2,0,-1,9,-1
55262,72.92266191,19.17800725,10,3,2,1,2,13:56,148,E08000022,3,1058,6,60,1,4,3,192,0,8,1,1,1,0,0,1,1,E01008525,05-09-2018,2,1,1,1,33,6,3,0,0,0,0,-1,11,1
55263,72.8960292,19.13381462,10,3,2,1,2,17:00,150,E08000024,3,1231,1,30,6,2,3,1231,0,0,1,1,1,0,0,1,2,E01008820,22-08-2018,2,1,1,1,14,3,3,0,0,0,0,-1,1,1
55264,72.91778047,19.15550122,10,3,3,1,3,20:39,148,E08000022,5,218,6,30,3,4,6,136,0,4,4,1,1,0,0,1,1,E01008511,06-09-2018,2,1,1,1,34,6,3,0,0,0,0,-1,19,1
55265,72.89416387,19.20569414,10,3,2,2,3,15:55,146,E08000020,5,317,6,30,0,-1,-1,0,0,0,1,1,1,0,2,2,1,E01008224,06-09-2018,1,1,3,2,55,8,3,5,1,0,0,-1,0,1
55266,72.84833784,19.06174913,10,3,3,1,4,14:57,144,E06000048,3,69,6,60,0,-1,-1,0,0,0,1,1,1,0,0,2,1,E01027487,07-09-2018,1,2,3,2,55,8,3,5,1,0,0,-1,0,1
55267,72.8545434,19.05775429,10,3,2,2,7,23:20,150,E08000024,3,182,6,30,6,4,6,2342,0,0,4,1,1,0,0,1,2,E01008745,27-08-2018,1,1,3,1,14,3,3,10,3,0,0,-1,0,-1
55268,72.89550403,19.10255524,10,3,2,1,6,07:42,147,E08000021,3,1058,3,30,3,2,4,1307,0,0,1,1,1,0,0,1,2,E01008409,09-09-2018,1,1,1,2,41,7,3,0,0,0,0,-1,9,1
55269,72.88493034,19.17930987,10,3,1,1,2,19:45,147,E08000021,5,131,6,30,0,-1,-1,0,0,0,1,1,1,0,0,1,2,E01008426,05-09-2018,1,1,1,1,65,9,3,0,0,0,0,-1,1,1
55270,72.93266765,19.10633277,10,3,1,1,5,15:15,147,E08000021,4,1312,2,30,3,4,3,187,0,0,1,1,1,0,0,1,1,E01008304,18-08-2018,1,1,3,2,79,11,3,10,9,0,0,-1,0,-1
55271,72.88856414,19.08748808,10,3,2,1,5,06:54,147,E08000021,3,187,6,30,1,4,4,1314,0,8,1,1,1,0,0,1,1,E01008303,08-09-2018,2,1,1,1,17,4,3,0,0,0,0,-1,1,1
55272,72.90821444,19.11376878,10,3,1,1,3,15:20,150,E08000024,6,235,6,30,0,-1,-1,0,0,0,1,1,1,0,0,1,2,E01008825,06-09-2018,2,1,1,2,33,6,3,0,0,0,0,-1,9,1
55273,72.87454707,19.10463604,10,3,2,1,4,19:20,141,E06000048,3,1167,6,30,1,4,6,0,0,0,1,1,1,0,0,2,1,E01027388,07-09-2018,2,1,1,2,22,5,3,0,0,0,0,-1,9,1
55274,72.87130251,19.19347708,10,3,2,1,4,12:37,147,E08000021,3,189,1,30,1,4,5,123,0,8,1,1,1,0,0,1,1,E01008321,07-09-2018,1,1,3,1,26,6,2,1,3,0,0,-1,0,1
55275,72.89505238,19.07067002,10,3,1,2,5,07:30,144,E06000048,4,6278,6,60,8,4,6,0,0,0,1,1,2,0,0,2,1,E01027506,08-09-2018,2,1,1,1,57,9,3,0,0,0,0,-1,1,1
55276,72.8280914,19.11218599,10,3,3,1,6,17:22,145,E06000048,3,1068,6,30,3,4,6,0,0,0,1,2,2,0,0,2,1,E01027530,09-09-2018,1,1,1,1,53,8,3,0,0,0,0,-1,9,1
55277,72.88929466,19.19367116,10,2,1,1,1,02:38,145,E06000048,6,6704,6,30,6,2,6,6533,0,4,1,1,1,0,0,1,1,E01027533,04-09-2018,2,2,2,2,59,9,3,0,0,1,0,-1,9,-1
55278,72.93222146,19.10421945,10,3,3,2,5,18:05,149,E08000023,3,194,1,40,1,4,3,19,0,0,1,1,1,0,0,1,1,E01008602,08-09-2018,2,3,1,1,59,9,3,0,0,0,0,-1,9,1
55279,72.89764777,19.17752506,10,3,2,1,5,11:35,149,E08000023,3,194,3,70,0,-1,-1,0,0,0,1,1,1,0,0,1,1,E01008659,08-09-2018,1,1,3,2,19,4,3,5,1,0,0,-1,0,1
55280,72.87679473,19.17091001,10,3,2,1,7,10:30,150,E08000024,6,135,6,30,3,4,6,135,0,0,1,2,2,0,0,2,1,E01008853,10-09-2018,1,1,2,2,78,11,3,0,0,0,4,-1,11,1
55281,72.83297486,19.10872818,10,3,1,1,1,21:30,148,E08000022,6,136,6,30,6,4,6,136,0,0,4,1,1,0,0,1,2,E01008464,11-09-2018,1,1,2,1,18,4,3,0,0,2,0,-1,9,1
55282,72.82768832,19.09943945,10,3,2,2,6,17:54,148,E08000022,3,189,3,70,1,4,4,1505,0,0,1,2,2,0,0,2,1,E01008514,09-09-2018,1,1,3,1,53,8,3,10,9,0,0,-1,0,1
55283,72.92472255,19.1680367,10,3,2,1,4,11:50,150,E08000024,3,19,7,30,1,4,3,690,0,0,1,1,1,0,0,2,2,E01008720,31-08-2018,2,1,2,2,33,6,3,0,0,1,0,-1,9,1
55284,72.89840874,19.08879816,10,3,2,1,4,16:55,150,E08000024,6,435,7,30,3,4,6,435,0,0,1,1,1,0,0,1,2,E01008733,07-09-2018,1,1,1,1,16,4,3,0,0,0,0,-1,3,2
55285,72.9379284,19.18529406,10,3,2,1,4,07:00,146,E08000020,3,167,6,30,6,2,5,329,0,5,1,1,1,0,0,1,1,E01008175,07-09-2018,2,1,1,2,40,7,3,0,0,0,0,-1,9,1
55286,72.83483875,19.19240753,10,3,1,1,6,18:43,150,E08000024,3,182,3,70,0,-1,-1,0,0,0,1,2,2,0,0,2,1,E01008795,09-09-2018,2,1,2,2,17,4,3,0,0,2,0,-1,9,1
55287,72.87363242,19.19600224,10,3,2,1,6,20:22,148,E08000022,3,19,1,70,1,4,6,136,0,0,4,1,1,0,0,2,1,E01008491,02-09-2018,2,1,2,2,18,4,3,0,0,1,0,-1,9,-1
55288,72.85719682,19.14117431,10,3,2,1,7,08:10,149,E08000023,6,436,6,30,3,4,6,436,0,0,1,2,2,0,0,1,1,E01008592,10-09-2018,3,2,2,2,16,4,3,0,0,1,0,-1,9,-1
55289,72.83955061,19.15038688,10,3,2,1,6,13:36,144,E06000048,4,6305,6,30,0,-1,-1,0,0,0,1,1,2,0,0,1,1,E01027490,09-09-2018,1,1,2,2,60,9,3,0,0,0,4,-1,11,-1
55290,72.8279085,19.17075331,10,3,2,3,4,17:10,150,E08000024,6,235,6,30,3,4,6,235,0,0,1,1,1,0,0,1,1,E01008694,07-09-2018,2,1,1,1,45,7,3,0,0,0,0,-1,5,2
55291,72.91068236,19.13035457,10,3,2,1,7,16:15,149,E08000023,4,1297,6,30,3,4,6,136,0,0,1,1,1,0,0,1,1,E01008604,03-09-2018,1,1,1,1,51,8,3,0,0,0,0,-1,5,1
55292,72.82708843,19.14758283,10,3,2,1,6,15:45,148,E08000022,3,191,6,30,1,4,6,2023,0,0,1,2,2,0,0,1,2,E01008490,09-09-2018,2,1,1,1,27,6,3,0,0,0,0,-1,9,1
55293,72.88114486,19.05954804,10,3,1,1,6,16:43,146,E08000020,5,324,6,40,0,-1,-1,0,0,4,1,2,2,0,0,1,1,E01008226,09-09-2018,2,2,2,2,28,6,3,0,0,1,0,-1,9,-1
55294,72.8472143,19.06277983,10,3,2,2,3,15:15,148,E08000022,3,189,3,70,1,4,4,1505,0,0,1,1,1,0,0,2,1,E01008514,06-09-2018,1,1,3,1,39,7,2,5,3,0,0,-1,0,-1
55295,72.8566126,19.11088344,10,2,2,1,5,16:05,146,E08000020,5,327,6,30,3,2,6,326,0,0,1,1,1,0,0,1,1,E01008262,08-09-2018,2,1,2,1,26,6,3,0,0,1,0,-1,9,1
55296,72.87742177,19.06124125,10,1,2,1,1,03:25,146,E08000020,2,1,3,70,0,-1,-1,0,0,0,6,1,1,0,0,1,1,E01008172,11-09-2018,1,1,1,1,17,4,3,0,0,0,0,-1,9,3
55297,72.89639186,19.07905206,10,3,2,1,1,13:00,146,E08000020,5,314,6,30,1,4,5,314,0,0,1,2,2,0,0,2,1,E01008226,11-09-2018,1,3,2,2,18,4,3,0,0,1,0,-1,9,1
55298,72.90094636,19.12353062,10,3,2,1,7,16:00,142,E06000048,3,193,3,30,1,4,3,189,0,0,1,1,1,0,0,1,2,E01027425,27-08-2018,1,4,2,2,65,9,3,0,0,2,0,-1,9,3
55299,72.886794,19.12623969,10,3,2,1,1,17:00,146,E08000020,3,1,3,70,0,-1,-1,0,0,0,1,1,1,0,0,1,1,E01008211,11-09-2018,2,2,1,1,39,7,3,0,0,0,0,-1,9,1
55300,72.82743039,19.07080169,10,3,2,1,7,14:25,147,E08000021,4,6918,6,40,1,4,3,167,0,8,1,1,2,0,0,1,1,E01008293,10-09-2018,1,1,3,1,67,10,2,5,1,0,0,-1,0,1
55301,72.83045975,19.12646435,10,3,1,1,5,09:30,146,E08000020,6,326,6,30,0,-1,-1,0,0,0,1,1,1,0,0,1,2,E01008262,08-09-2018,1,1,3,1,52,8,3,5,2,0,0,-1,0,-1
55302,72.8316089,19.12593972,10,3,2,1,7,12:10,144,E06000048,6,8144,6,60,0,-1,-1,0,0,0,1,1,2,0,0,2,1,E01027495,10-09-2018,1,1,3,1,42,7,3,6,9,0,0,-1,0,1
55303,72.93603702,19.06508805,10,3,2,1,5,09:00,145,E06000048,4,1334,6,30,3,4,6,6521,0,0,1,1,1,0,0,2,2,E01027541,08-09-2018,2,1,2,2,5,1,3,0,0,0,4,-1,11,1
55304,72.8845542,19.17202734,10,3,2,1,5,12:50,147,E08000021,3,188,1,30,1,4,3,1058,0,0,1,1,1,0,0,1,1,E01008318,08-09-2018,2,2,2,2,8,2,3,0,0,0,4,-1,11,-1
55305,72.82873518,19.15496737,10,3,2,1,5,14:04,147,E08000021,6,426,6,30,8,4,6,0,0,0,1,1,1,0,0,1,1,E01008301,08-09-2018,1,1,3,1,47,8,3,5,2,0,0,-1,0,-1
55306,72.91244491,19.18894854,10,3,2,1,4,15:41,146,E08000020,5,313,1,30,2,4,5,308,0,0,1,1,1,0,0,1,1,E01008189,07-09-2018,1,1,3,1,48,8,3,10,9,0,0,-1,0,-1
55307,72.89154813,19.18658969,10,3,2,2,6,18:05,145,E06000048,6,6704,6,30,6,2,6,6533,0,0,1,2,2,0,0,1,1,E01027533,09-09-2018,2,1,1,1,19,4,3,0,0,0,0,-1,4,1
55308,72.87072285,19.15154377,10,3,4,5,6,13:38,147,E08000021,3,1,3,70,0,-1,-1,0,0,0,1,1,1,0,0,1,1,E01008327,02-09-2018,2,2,2,1,17,4,3,0,0,2,0,-1,4,3
55309,72.84866532,19.07643642,10,3,2,2,7,17:05,141,E06000048,3,698,6,60,6,4,5,2,0,0,1,1,1,0,0,2,1,E01027382,10-09-2018,2,1,1,1,35,6,3,0,0,0,0,-1,2,1
55310,72.90317817,19.11024124,10,2,2,1,2,17:25,150,E08000024,6,235,6,30,3,4,6,235,0,0,1,1,1,0,0,1,1,E01008839,05-09-2018,1,1,1,1,47,8,3,0,0,0,0,-1,9,1
55311,72.90843538,19.12411957,10,3,1,1,2,16:41,146,E08000020,6,3041,6,30,0,-1,-1,0,0,0,1,1,1,0,0,1,2,E01008265,05-09-2018,1,2,2,1,17,4,3,0,0,2,0,-1,9,1
55312,72.90217655,19.06143458,10,3,1,2,6,23:25,147,E08000021,3,191,6,30,3,2,4,1318,0,0,4,2,2,0,0,1,1,E01008419,09-09-2018,1,1,1,1,46,8,3,0,0,0,0,-1,9,1
55313,72.92585288,19.11353603,10,3,3,1,4,08:40,149,E08000023,3,1018,3,30,0,-1,-1,0,0,0,1,1,1,0,0,2,1,E01008688,07-09-2018,1,1,1,1,68,10,3,0,0,0,0,-1,9,1
55314,72.89619271,19.14982624,10,3,1,1,1,19:26,146,E08000020,5,305,6,30,3,4,6,416,0,1,1,1,1,0,0,1,1,E01008177,11-09-2018,2,1,2,1,38,7,3,0,0,1,0,-1,9,1
55315,72.83721025,19.18088958,10,1,3,1,7,00:15,149,E08000023,3,184,3,70,0,-1,-1,0,0,0,6,9,2,0,0,2,1,E01008629,10-09-2018,1,1,1,2,42,7,3,0,0,0,0,-1,1,-1
55316,72.90109407,19.10135588,10,3,1,1,6,21:20,146,E08000020,3,6076,6,60,0,-1,-1,0,0,0,6,2,2,0,0,2,1,E01008273,09-09-2018,1,1,3,1,32,6,2,5,1,0,0,-1,0,1
55317,72.85210911,19.12005576,10,3,2,1,5,12:55,147,E08000021,4,1307,6,30,0,-1,-1,0,0,5,1,1,1,0,0,1,1,E01008397,08-09-2018,1,1,3,1,16,4,3,5,1,0,0,-1,0,-1
55318,72.92740602,19.09184697,10,3,2,2,6,21:40,144,E06000048,3,696,6,60,0,-1,-1,0,0,0,6,2,2,0,0,2,1,E01027503,09-09-2018,1,1,2,2,70,10,3,0,0,0,1,-1,11,-1
55319,72.92870403,19.17883922,10,2,2,4,7,12:50,141,E06000048,4,6525,6,60,3,4,4,6353,0,0,1,2,2,0,0,2,1,E01027381,10-09-2018,2,1,1,1,18,4,3,0,0,0,0,-1,2,1
55320,72.91042771,19.13768352,10,3,1,4,2,23:31,148,E08000022,6,2013,6,30,3,2,6,136,0,5,4,1,1,0,0,1,1,E01008488,05-09-2018,1,1,3,2,78,11,1,5,1,0,0,-1,0,1
55321,72.86070695,19.06620256,10,3,2,1,2,16:14,146,E08000020,6,125,6,30,3,4,6,125,0,0,1,1,1,0,0,1,1,E01008259,12-09-2018,2,1,2,1,25,5,3,0,0,1,0,-1,9,-1
55322,72.87394907,19.1859804,10,3,2,1,1,16:12,140,E06000048,4,6341,6,60,6,4,5,90,0,0,1,1,1,0,0,2,1,E01027365,11-09-2018,2,1,1,1,75,10,3,0,0,0,0,-1,90,1
55323,72.87108467,19.18997704,10,3,2,1,5,21:52,147,E08000021,3,69,3,70,0,-1,-1,0,0,0,6,1,1,0,0,2,1,E01008402,08-09-2018,3,1,1,2,43,7,3,0,0,0,0,-1,9,1
55324,72.89608644,19.11552845,10,3,2,1,1,10:16,146,E08000020,5,313,6,30,3,4,6,225,0,1,1,1,1,0,0,1,1,E01008190,11-09-2018,1,1,1,2,36,7,3,0,0,0,0,-1,9,1
55325,72.88081219,19.062685,10,3,1,2,7,17:05,143,E06000048,6,9037,6,60,0,-1,-1,0,0,0,1,1,1,0,0,2,1,E01027449,10-09-2018,2,2,1,2,33,6,3,0,0,0,0,-1,9,1
55326,72.88663194,19.20866893,10,2,3,2,1,14:05,144,E06000048,3,68,6,60,0,-1,-1,0,0,0,1,1,1,0,0,2,1,E01027503,11-09-2018,2,3,2,2,9,2,3,0,0,1,0,-1,9,-1
55327,72.91781733,19.11818859,10,3,2,4,7,13:00,144,E06000048,5,257,6,60,0,-1,-1,0,0,0,1,2,2,0,0,2,1,E01027513,10-09-2018,1,1,3,2,67,10,3,4,3,0,0,-1,0,-1
55328,72.87209374,19.06997796,10,3,2,1,1,12:15,150,E08000024,5,511,6,30,3,4,6,235,0,0,1,1,1,0,0,1,2,E01008759,11-09-2018,1,1,2,2,68,10,3,0,0,1,0,-1,9,1
55329,72.87766076,19.15535387,10,3,2,1,2,08:20,146,E08000020,3,1114,1,30,2,4,3,184,0,0,1,1,1,0,0,1,2,E01008259,12-09-2018,1,1,3,1,45,7,3,9,5,0,0,-1,0,1
55330,72.89626083,19.08681147,10,3,2,1,5,12:00,148,E08000022,3,186,3,50,1,4,3,192,0,4,1,1,1,0,0,1,1,E01008567,01-09-2018,2,1,1,1,19,4,3,0,0,0,0,-1,1,1
55331,72.93540857,19.19725135,10,3,1,1,6,15:35,150,E08000024,6,235,2,30,0,-1,-1,0,0,5,1,2,2,0,0,1,2,E01008835,09-09-2018,2,2,3,2,26,6,3,9,5,0,0,-1,0,1
55332,72.92115807,19.20872547,10,3,2,1,4,17:51,148,E08000022,6,136,6,30,3,4,6,136,0,0,1,1,1,0,0,1,1,E01008576,07-09-2018,3,1,2,2,36,7,3,0,0,1,0,-1,9,1
55333,72.83134845,19.10199216,10,2,2,1,3,14:10,150,E08000024,3,1231,3,30,6,4,5,508,0,5,1,1,1,0,0,1,1,E01008820,06-09-2018,1,1,1,1,38,7,3,0,0,0,0,-1,9,-1
55334,72.9369089,19.13853427,10,3,1,1,1,18:30,148,E08000022,6,2030,6,30,0,-1,-1,0,0,0,1,1,1,0,0,2,1,E01008562,11-09-2018,1,1,1,2,20,4,3,0,0,0,0,-1,9,1
55335,72.87962616,19.05760136,10,3,1,1,4,08:33,149,E08000023,4,1516,6,30,3,4,6,336,0,0,1,1,1,0,0,1,1,E01008657,07-09-2018,2,1,1,2,55,8,3,0,0,0,0,-1,9,-1
55336,72.90387015,19.15743448,10,3,2,2,4,17:00,144,E06000048,6,0,6,60,3,4,6,341,0,0,1,1,1,3,0,2,1,E01027472,07-09-2018,2,2,2,2,43,7,3,0,0,1,0,-1,9,-1
55337,72.83131166,19.13498929,10,2,1,2,1,21:10,148,E08000022,6,2013,6,30,0,-1,-1,0,0,0,4,1,1,0,0,1,1,E01008468,11-09-2018,2,3,2,2,11,3,3,0,0,2,0,-1,9,-1
55338,72.91244604,19.12550429,10,2,1,1,6,13:00,144,E06000048,3,686,6,60,0,-1,-1,0,0,0,1,2,2,0,7,2,1,E01027512,09-09-2018,1,1,2,2,58,9,3,0,0,1,0,-1,9,-1
55339,72.89074911,19.16153092,10,3,1,1,3,20:42,146,E08000020,3,185,6,30,3,4,6,426,0,0,4,1,1,0,0,1,1,E01008244,06-09-2018,1,1,3,1,21,5,2,6,9,0,0,-1,0,1
55340,72.84354105,19.16871467,10,3,2,1,3,10:15,150,E08000024,5,551,6,30,3,4,6,235,0,0,1,1,1,0,0,1,1,E01008818,13-09-2018,1,1,1,1,58,9,3,0,0,0,0,-1,9,1
55341,72.9182682,19.14411551,10,3,3,3,3,11:09,143,E06000048,5,363,6,40,0,-1,-1,0,0,0,1,1,1,0,0,2,1,E01027473,13-09-2018,1,2,2,2,60,9,3,0,0,1,0,-1,9,1
55342,72.91981238,19.05398915,10,3,2,1,3,14:30,150,E08000024,6,235,6,30,3,4,6,5003,0,0,1,1,1,0,0,1,2,E01008810,06-09-2018,1,1,3,2,13,3,3,6,9,0,0,-1,0,1
55343,72.90357258,19.15934033,10,3,2,1,1,12:10,145,E06000048,6,6703,6,30,6,2,6,6709,0,4,1,1,1,0,0,1,1,E01027546,11-09-2018,2,1,1,2,35,6,3,0,0,0,0,-1,9,1
55344,72.93294588,19.16528189,10,3,3,2,3,08:53,150,E08000024,3,1231,1,60,1,4,6,5029,0,0,1,1,1,0,0,1,1,E01008695,06-09-2018,1,1,1,1,13,3,3,0,0,0,0,-1,1,1
55345,72.84444183,19.17370882,10,3,2,1,1,22:45,147,E08000021,3,186,2,30,6,2,6,326,0,0,4,1,1,0,0,1,2,E01008440,11-09-2018,1,1,3,2,4,1,3,9,5,0,0,-1,0,1
55346,72.89272276,19.20245675,10,3,1,1,3,17:02,148,E08000022,3,188,2,30,0,-1,-1,0,0,4,1,4,1,0,0,1,1,E01008515,13-09-2018,2,1,1,2,30,6,3,0,0,0,0,-1,9,-1
55347,72.85308932,19.12442541,10,3,2,1,6,23:50,150,E08000024,5,508,6,30,3,4,6,235,0,0,4,7,2,0,0,1,2,E01008698,09-09-2018,1,1,2,2,23,5,3,0,0,0,4,-1,11,-1
55348,72.86094852,19.09817207,10,3,1,1,7,19:40,149,E08000023,3,183,6,30,3,2,4,1299,0,5,1,1,1,0,0,1,2,E01008687,10-09-2018,2,1,1,2,24,5,3,0,0,0,0,-1,9,1
55349,72.90595715,19.16499804,10,3,2,2,6,09:30,146,E08000020,6,225,6,30,3,4,4,1295,0,0,1,5,2,0,0,1,1,E01008217,09-09-2018,1,1,2,1,5,1,3,0,0,0,4,-1,11,1
55350,72.89553216,19.15837644,10,3,2,2,5,17:12,150,E08000024,4,1291,6,30,0,-1,-1,0,0,0,1,1,1,0,0,1,1,E01008709,08-09-2018,1,1,3,2,17,4,3,5,1,0,0,-1,0,1
55351,72.83286992,19.12298842,10,3,1,1,5,06:46,149,E08000023,3,1018,3,30,3,4,6,436,0,0,1,1,2,0,0,2,1,E01008622,11-08-2018,1,1,1,1,32,6,3,0,0,0,0,-1,19,1
55352,72.92962147,19.05896533,10,3,1,1,7,05:55,147,E08000021,3,189,6,50,3,2,5,103,0,5,4,2,2,0,0,1,1,E01008395,10-09-2018,2,2,2,2,58,9,3,0,0,0,4,-1,11,1
55353,72.82902776,19.15149585,10,3,3,2,5,08:05,147,E08000021,3,695,3,70,1,2,3,695,0,0,1,1,1,0,0,1,1,E01008415,08-09-2018,1,1,3,1,15,3,3,5,1,0,0,-1,0,1
55354,72.93374988,19.1450866,10,3,2,1,5,19:50,150,E08000024,3,183,1,30,1,2,3,1018,0,4,1,1,1,0,0,1,1,E01008703,26-05-2018,2,1,1,1,34,6,2,0,0,0,0,-1,4,1
55355,72.85148371,19.1400948,10,3,2,1,4,15:25,150,E08000024,6,5006,6,30,3,4,6,145,0,0,1,1,1,0,0,1,1,E01008736,06-07-2018,1,1,3,2,81,11,3,5,3,0,0,-1,0,1
55356,72.90889886,19.15761585,10,3,3,2,2,07:36,147,E08000021,3,186,6,30,0,-1,-1,0,0,0,1,1,1,0,0,1,1,E01008305,12-09-2018,1,1,3,2,84,11,3,5,1,0,0,-1,0,2
55357,72.84254837,19.08533967,10,3,3,2,3,16:47,144,E06000048,3,695,6,30,3,4,6,0,0,0,1,1,1,0,0,2,1,E01027508,13-09-2018,1,1,2,1,12,3,3,0,0,0,4,-1,11,1
55358,72.84994724,19.13641124,10,3,2,1,7,18:08,147,E08000021,3,193,7,30,1,4,2,167,0,0,1,1,1,0,0,1,2,E01008440,30-07-2018,1,1,1,1,49,8,3,0,0,0,0,-1,9,1
55359,72.8711676,19.18659232,10,3,2,1,3,20:10,144,E06000048,3,69,3,70,1,4,3,69,0,0,4,4,1,0,0,2,1,E01027476,13-09-2018,1,1,1,2,75,10,3,0,0,0,0,-1,9,1
55360,72.90248938,19.05914515,10,3,4,1,6,13:47,148,E08000022,3,187,6,30,0,-1,-1,0,0,0,1,2,2,0,0,1,1,E01008524,09-09-2018,1,1,1,1,37,7,3,0,0,0,0,-1,9,1
55361,72.87295633,19.17015648,10,3,2,2,2,14:12,147,E08000021,3,186,6,30,8,4,6,326,0,0,1,1,1,0,0,1,1,E01008334,12-09-2018,1,1,3,1,35,6,3,6,9,0,0,-1,0,1
55362,72.91324477,19.1825669,10,3,3,1,6,13:55,146,E08000020,3,694,1,60,1,4,3,1114,0,0,1,1,1,0,0,1,2,E01008181,02-09-2018,1,1,3,1,49,8,3,9,9,0,0,-1,0,1
55363,72.92033391,19.12722053,10,3,3,2,2,17:30,146,E08000020,6,426,6,30,6,4,6,426,0,0,1,1,1,0,0,1,1,E01008215,16-05-2018,1,1,2,1,26,6,3,0,0,1,0,-1,9,1
55364,72.83620957,19.20593082,10,3,2,1,3,11:45,147,E08000021,3,189,1,30,1,4,3,191,0,0,1,1,1,4,0,1,2,E01008424,13-09-2018,2,1,1,2,50,8,3,0,0,0,0,-1,9,1
55365,72.87713287,19.06922437,10,3,2,1,6,17:30,142,E06000048,3,1068,3,60,0,-1,-1,0,0,0,1,5,2,0,0,2,2,E01027412,09-09-2018,1,1,3,1,30,6,2,4,4,0,0,-1,0,1