Accident_Index,longitude,latitude,Police_Force,Accident_Severity,Number_of_Vehicles,Number_of_Casualties,Day_of_Week,Time,Local_Authority_(District),Local_Authority_(Highway),1st_Road_Class,1st_Road_Number,Road_Type,Speed_limit,Junction_Detail,Junction_Control,2nd_Road_Class,2nd_Road_Number,Pedestrian_Crossing-Human_Control,Pedestrian_Crossing-Physical_Facilities,Light_Conditions,Weather_Conditions,Road_Surface_Conditions,Special_Conditions_at_Site,Carriageway_Hazards,Urban_or_Rural_Area,Did_Police_Officer_Attend_Scene_of_Accident,LSOA_of_Accident_Location,Date,Vehicle_Reference,Casualty_Reference,Casualty_Class,Sex_of_Casualty,Age_of_Casualty,Age_Band_of_Casualty,Casualty_Severity,Pedestrian_Location,Pedestrian_Movement,Car_Passenger,Bus_or_Coach_Passenger,Pedestrian_Road_Maintenance_Worker,Casualty_Type,Casualty_Home_Area_Type
55366,72.86543541,19.09972043,10,3,1,1,5,16:00,148,E08000022,3,191,6,60,0,-1,-1,0,0,0,1,1,2,0,0,2,1,E01008488,15-09-2018,1,1,1,1,73,10,3,0,0,0,0,-1,9,1
55367,72.86782305,19.19093361,10,3,1,1,6,17:15,145,E06000048,6,6539,6,30,0,-1,-1,0,0,0,1,1,1,0,0,1,1,E01027523,16-09-2018,1,1,1,1,34,6,3,0,0,0,0,-1,9,1
55368,72.93380616,19.18866632,10,3,2,1,2,10:50,147,E08000021,3,189,6,30,1,4,4,1318,0,0,1,1,1,0,0,1,2,E01008369,12-09-2018,2,2,1,2,56,9,3,0,0,0,0,-1,9,1
55369,72.91581195,19.20526526,10,3,1,1,6,00:15,148,E08000022,3,1058,6,60,0,-1,-1,0,0,4,4,2,2,0,0,1,1,E01008525,09-09-2018,2,1,1,2,17,4,3,0,0,0,0,-1,2,2
55370,72.87520905,19.09399297,10,3,2,1,5,16:00,144,E06000048,6,8290,6,30,3,4,6,8290,0,0,1,1,2,0,0,1,1,E01027490,15-09-2018,2,1,1,2,33,6,3,0,0,0,0,-1,9,1
55371,72.90314551,19.10477284,10,2,1,1,4,15:17,147,E08000021,6,327,6,30,0,-1,-1,0,0,0,1,4,1,0,0,2,1,E01008306,14-09-2018,2,1,1,1,64,9,3,0,0,0,0,-1,9,1
55372,72.9149112,19.11009958,10,3,2,1,4,15:03,147,E08000021,5,101,1,30,1,4,6,126,0,0,1,1,1,0,0,1,2,E01008293,14-09-2018,1,1,1,1,47,8,3,0,0,0,0,-1,5,1
55373,72.8941659,19.17245798,10,3,2,1,7,01:30,150,E08000024,3,1231,6,30,1,4,6,235,0,0,4,2,2,4,0,1,1,E01008700,10-09-2018,1,1,3,2,13,3,3,3,3,0,0,-1,0,1
55374,72.84497136,19.15055093,10,3,2,3,4,11:35,150,E08000024,3,1018,6,30,6,2,6,235,0,0,1,1,1,0,0,1,1,E01008735,31-08-2018,1,1,3,2,72,10,3,1,1,0,0,-1,0,1
55375,72.85656756,19.07220658,10,3,1,1,5,15:20,144,E06000048,4,6395,6,30,3,4,6,8285,0,0,1,1,1,0,0,1,1,E01027499,15-09-2018,2,1,1,1,70,10,3,0,0,0,0,-1,9,1
55376,72.85447848,19.12464158,10,3,2,1,1,08:00,144,E06000048,3,695,6,60,0,-1,-1,0,0,0,1,1,2,0,0,2,1,E01027504,18-09-2018,2,2,2,2,72,10,3,0,0,1,0,-1,9,1
55377,72.92827565,19.11334026,10,2,2,2,5,08:55,144,E06000048,4,6230,6,60,0,-1,-1,0,0,0,1,2,2,0,0,2,1,E01027495,15-09-2018,1,1,1,2,36,7,3,0,0,0,0,-1,9,1
55378,72.8297415,19.11312897,10,2,1,2,6,23:45,143,E06000048,3,192,6,60,0,-1,-1,0,0,0,1,1,1,0,0,2,1,E01027448,16-09-2018,1,1,1,1,74,10,3,0,0,0,0,-1,9,1
55379,72.86539325,19.09851281,10,3,1,1,7,13:30,146,E08000020,3,695,6,30,0,-1,-1,0,0,0,1,2,2,4,0,1,1,E01008181,10-09-2018,1,2,2,2,69,10,3,0,0,1,0,-1,9,1
55380,72.8932097,19.14819319,10,3,1,3,6,23:09,147,E08000021,5,144,6,30,6,2,4,1307,0,5,4,1,1,0,0,1,1,E01008440,16-09-2018,2,1,1,1,14,3,3,0,0,0,0,-1,1,1
55381,72.91685364,19.08146034,10,3,3,2,6,15:51,147,E08000021,3,191,6,30,3,4,6,126,0,8,1,1,1,0,0,1,1,E01008377,16-09-2018,1,1,3,1,24,5,3,9,8,0,0,-1,0,-1
55382,72.93028022,19.1769658,10,3,2,2,1,11:49,147,E08000021,3,1,3,70,0,-1,-1,0,0,0,1,1,1,0,0,1,1,E01008311,18-09-2018,1,1,2,2,60,9,3,0,0,0,4,-1,11,-1
55383,72.84779013,19.1909026,10,3,1,1,5,17:34,147,E08000021,3,189,3,30,0,-1,-1,0,0,4,1,1,1,0,6,1,1,E01008440,15-09-2018,1,1,3,2,56,9,3,1,1,0,0,-1,0,1
55384,72.88931273,19.18286622,10,3,2,1,6,08:40,149,E08000023,3,19,3,70,0,-1,-1,0,0,0,1,2,2,0,0,2,1,E01008629,16-09-2018,1,1,1,1,29,6,3,0,0,0,0,-1,9,1
55385,72.83251282,19.07736453,10,3,3,2,6,08:20,150,E08000024,3,1231,3,60,0,-1,-1,0,0,0,1,2,2,0,0,2,1,E01008850,16-09-2018,1,2,2,2,34,6,3,0,0,1,0,-1,9,1
55386,72.90217575,19.13161016,10,3,2,1,6,08:44,145,E06000048,6,6516,6,30,3,4,6,6516,0,0,1,1,2,0,0,1,1,E01027547,16-09-2018,1,1,1,2,37,7,3,0,0,0,0,-1,9,1
55387,72.84298602,19.10369592,10,3,2,1,4,19:15,150,E08000024,6,225,6,30,3,4,6,225,0,0,1,1,1,0,0,1,1,E01008878,07-09-2018,1,1,1,2,72,10,3,0,0,0,0,-1,9,1
55388,72.83051837,19.05662169,10,2,1,1,5,11:00,150,E08000024,4,1291,6,30,3,4,6,145,0,0,1,1,1,0,0,1,1,E01008727,01-09-2018,2,2,1,2,36,7,3,0,0,0,0,-1,19,1
55389,72.87406511,19.10331607,10,3,2,1,4,14:58,150,E08000024,3,1018,2,30,8,4,6,235,0,0,1,1,1,0,0,1,1,E01008791,14-09-2018,2,3,2,1,42,7,3,0,0,1,0,-1,19,1
55390,72.89245815,19.07217202,10,3,2,1,4,08:50,146,E08000020,4,1426,6,30,1,4,3,184,0,0,1,1,1,0,0,1,2,E01008168,07-09-2018,1,1,1,1,56,9,3,0,0,0,0,-1,9,1
55391,72.8659466,19.11748773,10,3,2,1,6,08:10,150,E08000024,3,182,3,70,0,-1,-1,0,0,0,1,1,2,0,0,2,1,E01008863,16-09-2018,1,1,3,2,77,11,3,5,9,0,0,-1,0,1
55392,72.89835766,19.20583618,10,3,2,2,7,16:15,148,E08000022,3,186,6,30,3,4,6,226,0,0,1,1,1,0,0,1,1,E01008532,17-09-2018,2,1,1,1,36,7,3,0,0,0,0,-1,9,1
55393,72.92517177,19.11548013,10,3,2,1,7,10:35,150,E08000024,6,5029,6,30,3,4,6,135,0,0,1,1,1,0,0,2,1,E01008695,17-09-2018,1,1,3,1,78,11,3,5,1,0,0,-1,0,-1
55394,72.85884208,19.07456277,10,3,1,1,5,14:17,146,E08000020,3,184,3,70,0,-1,-1,0,0,0,1,2,2,0,0,1,1,E01008170,15-09-2018,1,1,1,1,78,11,2,0,0,0,0,-1,9,1
55395,72.83666874,19.06024741,10,3,2,3,6,15:00,150,E08000024,3,690,3,40,0,-1,-1,0,0,8,1,1,1,0,0,2,1,E01008720,16-09-2018,1,1,3,1,83,11,3,5,1,0,0,-1,0,-1
55396,72.92212214,19.17575457,10,3,2,1,5,07:10,147,E08000021,3,188,3,30,0,-1,-1,0,0,0,1,1,2,0,0,1,2,E01008314,08-09-2018,1,1,1,1,18,4,3,0,0,0,0,-1,9,1
55397,72.90283812,19.14094407,10,2,3,2,1,08:50,150,E08000024,3,1231,3,70,5,4,3,1231,0,0,1,1,1,0,0,2,1,E01008855,18-09-2018,2,1,1,1,28,6,3,0,0,0,0,-1,3,1
55398,72.89562129,19.15917152,10,3,1,1,6,23:10,148,E08000022,6,226,6,30,3,4,6,226,0,0,4,1,2,0,0,1,1,E01008536,16-09-2018,1,1,1,2,48,8,3,0,0,0,0,-1,9,1
55399,72.83465876,19.18037165,10,3,2,1,2,13:00,141,E06000048,4,6348,6,30,8,4,6,0,0,0,1,1,1,0,0,2,1,E01027375,12-09-2018,1,1,1,2,37,7,3,0,0,0,0,-1,9,1
55400,72.85837756,19.10234435,10,3,2,1,2,12:40,147,E08000021,6,426,6,30,0,-1,-1,0,0,0,1,1,1,0,0,1,2,E01008305,12-09-2018,1,2,2,1,13,3,3,0,0,2,0,-1,9,1
55401,72.92635707,19.12738039,10,3,1,1,6,16:00,146,E08000020,3,184,3,40,6,2,6,3053,0,4,1,1,1,0,0,1,1,E01008214,16-09-2018,1,3,2,1,25,5,3,0,0,2,0,-1,9,1
55402,72.93458874,19.14609616,10,3,2,1,7,16:15,141,E06000048,6,107,6,30,2,4,3,1167,0,0,1,2,2,0,0,1,1,E01027377,17-09-2018,1,4,2,2,35,6,3,0,0,1,0,-1,9,1
55403,72.85668954,19.18299846,10,3,2,1,7,11:31,150,E08000024,6,235,3,40,3,4,3,1018,0,4,1,1,1,0,0,1,1,E01008711,17-09-2018,1,5,2,1,22,5,3,0,0,2,0,-1,9,-1
55404,72.85181813,19.17470866,10,3,2,3,6,10:40,142,E06000048,3,189,3,70,1,4,3,19,0,0,1,2,2,0,0,2,1,E01027436,16-09-2018,1,1,1,1,37,7,3,0,0,0,0,-1,3,1
55405,72.86389322,19.14911424,10,3,3,1,6,17:05,148,E08000022,5,218,6,30,0,-1,-1,0,0,0,1,1,1,0,0,1,1,E01008509,16-09-2018,2,1,1,1,21,5,3,0,0,0,0,-1,9,3
55406,72.8846823,19.08577347,10,2,2,1,5,15:15,149,E08000023,5,410,6,30,0,-1,-1,0,0,0,1,2,2,0,0,2,1,E01008617,15-09-2018,1,1,3,1,39,7,2,5,1,0,0,-1,0,-1
55407,72.91134093,19.05562157,10,3,1,2,6,08:22,148,E08000022,3,188,6,30,0,-1,-1,0,0,4,1,2,2,0,0,1,1,E01008514,16-09-2018,2,1,2,2,30,6,3,0,0,1,0,-1,9,-1
55408,72.89426282,19.20538518,10,3,2,2,4,21:14,148,E08000022,3,193,3,40,0,-1,-1,0,0,0,4,1,1,0,0,1,1,E01008551,14-09-2018,1,1,3,2,14,3,2,4,4,0,0,-1,0,1
55409,72.84878404,19.0616833,10,3,1,1,7,14:10,147,E08000021,3,191,6,30,0,-1,-1,0,0,0,1,1,1,0,0,1,1,E01008416,17-09-2018,2,1,1,1,24,5,3,0,0,0,0,-1,9,1
55410,72.84267434,19.16648531,10,3,2,1,5,14:40,146,E08000020,3,1114,3,60,0,-1,-1,0,0,0,1,2,2,0,0,1,1,E01008181,15-09-2018,3,2,1,2,51,8,2,0,0,0,0,-1,9,1
55411,72.86409019,19.16357323,10,3,1,3,7,09:25,147,E08000021,3,69,3,70,0,-1,-1,0,0,0,1,1,1,0,7,2,1,E01008402,17-09-2018,1,1,1,1,17,4,2,0,0,0,0,-1,2,1
55412,72.90500721,19.20432072,10,3,2,1,2,13:15,146,E08000020,3,167,3,30,0,-1,-1,0,0,0,1,1,1,0,0,1,1,E01008166,12-09-2018,3,1,1,2,57,9,3,0,0,0,0,-1,9,1
55413,72.8971953,19.2003442,10,3,2,1,6,09:00,148,E08000022,3,193,6,60,0,-1,-1,0,0,0,1,2,2,0,0,1,1,E01008551,16-09-2018,1,1,3,1,70,10,2,5,1,0,0,-1,0,1
55414,72.8750018,19.13096123,10,2,2,1,6,14:20,148,E08000022,5,206,1,30,1,4,6,237,0,1,1,1,1,0,0,1,1,E01008587,16-09-2018,1,1,1,2,27,6,3,0,0,0,0,-1,9,1
55415,72.87933333,19.18854351,10,3,3,3,7,10:16,148,E08000022,3,19,3,70,0,-1,-1,0,0,0,1,1,1,0,0,1,1,E01008491,17-09-2018,2,2,1,1,47,8,3,0,0,0,0,-1,9,1
55416,72.86772642,19.09398933,10,3,1,1,2,12:55,149,E08000023,4,1298,6,30,0,-1,-1,0,0,0,1,1,1,0,0,1,1,E01008683,12-09-2018,2,1,1,1,24,5,3,0,0,0,0,-1,9,-1
55417,72.87255735,19.11275417,10,3,2,1,2,07:57,148,E08000022,4,1322,6,60,3,4,3,1056,0,0,1,1,1,0,0,2,1,E01008565,19-09-2018,1,1,1,1,59,9,3,0,0,0,0,-1,8,1
55418,72.86775137,19.08124613,10,3,3,2,2,08:24,149,E08000023,5,417,6,30,3,4,6,436,0,0,1,1,1,0,0,1,1,E01008616,19-09-2018,1,1,3,2,15,3,3,6,9,0,0,-1,0,-1
55419,72.90826745,19.16298537,10,3,2,1,3,19:47,147,E08000021,3,186,6,30,6,2,5,144,0,5,4,1,1,0,0,1,1,E01008440,20-09-2018,1,1,3,1,19,4,3,5,3,0,0,-1,0,1
55420,72.86377473,19.18956807,10,3,1,1,2,18:09,147,E08000021,6,126,6,30,0,-1,-1,0,0,0,1,1,1,0,0,1,1,E01008338,19-09-2018,2,1,1,1,28,6,3,0,0,0,0,-1,5,1
55421,72.88801912,19.06606429,10,3,2,1,7,11:43,148,E08000022,3,1058,3,70,0,-1,-1,0,0,0,1,1,1,0,0,1,1,E01008491,17-09-2018,2,2,2,2,29,6,3,0,0,0,0,-1,5,1
55422,72.89530753,19.17863992,10,3,2,1,6,12:17,147,E08000021,4,1318,1,50,1,4,3,189,0,0,1,1,1,0,0,1,1,E01008423,16-09-2018,1,1,1,2,47,8,3,0,0,0,0,-1,9,-1
55423,72.86311516,19.1330145,10,3,2,1,7,18:40,148,E08000022,6,136,6,30,0,-1,-1,0,0,0,1,1,1,0,0,1,2,E01008557,10-09-2018,1,2,2,1,48,8,3,0,0,1,0,-1,9,1
55424,72.86634393,19.1954453,10,2,2,1,1,20:15,144,E06000048,5,302,6,60,0,-1,-1,0,0,0,6,1,1,0,0,2,1,E01027485,18-09-2018,2,1,1,1,46,8,3,0,0,0,0,-1,5,1
55425,72.89598647,19.13159596,10,3,2,1,6,20:30,148,E08000022,5,202,6,30,3,4,6,337,0,0,4,2,2,0,0,1,1,E01008568,09-09-2018,2,1,2,2,62,9,3,0,0,1,0,-1,9,1
55426,72.84754677,19.0979497,10,3,3,2,5,12:07,142,E06000048,3,189,3,70,0,-1,-1,0,0,0,1,2,2,0,0,2,1,E01027425,15-09-2018,1,1,1,1,33,6,3,0,0,0,0,-1,1,1
55427,72.9350231,19.15203064,10,3,2,1,6,12:00,148,E08000022,4,1304,6,30,3,4,6,136,0,0,1,2,2,0,0,1,2,E01008530,16-09-2018,2,1,1,2,30,6,3,0,0,0,0,-1,9,1
55428,72.8967822,19.15663949,10,3,1,1,7,21:45,143,E06000048,3,192,6,30,0,-1,-1,0,0,0,4,5,2,0,0,2,1,E01027452,17-09-2018,2,1,1,2,18,4,3,0,0,0,0,-1,9,1
55429,72.90519077,19.20398705,10,3,2,1,4,17:57,142,E06000048,5,420,6,30,0,-1,-1,0,0,0,1,1,1,0,0,1,1,E01027401,14-09-2018,1,1,1,2,17,4,3,0,0,0,0,-1,9,1
55430,72.84402672,19.09792626,10,3,2,1,1,18:10,150,E08000024,6,435,6,30,3,4,6,435,0,0,1,1,1,0,0,1,1,E01008782,18-09-2018,2,2,1,2,40,7,3,0,0,0,0,-1,9,1
55431,72.93385752,19.13345997,10,3,2,2,5,10:05,142,E06000048,3,189,3,70,0,-1,-1,0,0,0,1,2,2,0,0,2,1,E01027425,15-09-2018,2,1,1,2,63,9,3,0,0,0,0,-1,9,1
55432,72.91968734,19.12981681,10,3,1,1,3,13:40,147,E08000021,3,186,6,30,0,-1,-1,0,0,0,1,1,1,0,0,1,1,E01008440,20-09-2018,1,1,1,2,26,6,3,0,0,0,0,-1,9,1
55433,72.89255938,19.13353265,10,2,2,1,1,15:00,147,E08000021,6,326,6,30,0,-1,-1,0,0,0,1,1,1,0,0,1,2,E01008455,18-09-2018,1,1,3,1,73,10,3,5,3,0,0,-1,0,1
55434,72.91107805,19.06241545,10,3,2,1,5,19:15,149,E08000023,5,414,1,30,1,4,6,436,0,0,5,2,2,0,0,1,2,E01008590,28-07-2018,1,1,1,2,20,4,3,0,0,0,0,-1,9,1
55435,72.8954025,19.10383248,10,2,1,1,4,18:14,148,E08000022,4,1321,6,40,0,-1,-1,0,0,0,1,1,1,0,0,2,1,E01008582,21-09-2018,2,1,1,1,33,6,3,0,0,0,0,-1,1,1
55436,72.92523833,19.16453883,10,3,1,1,2,13:15,150,E08000024,5,555,2,30,6,2,5,556,0,5,1,1,1,0,0,1,1,E01008703,19-09-2018,1,1,3,2,73,10,3,5,1,0,0,-1,0,1
55437,72.90571278,19.08730597,10,3,2,1,4,07:11,148,E08000022,3,193,6,30,1,4,3,1058,0,0,1,1,1,0,0,1,1,E01008486,21-09-2018,1,1,3,2,11,3,3,5,1,0,0,-1,0,1
55438,72.88371357,19.05821357,10,3,2,1,6,17:08,146,E08000020,6,326,6,30,3,4,6,3043,0,0,1,1,1,0,0,1,1,E01008210,16-09-2018,1,1,3,2,16,4,3,5,4,0,0,-1,0,1
55439,72.86401933,19.05744542,10,3,2,1,3,08:30,150,E08000024,4,1284,6,30,3,4,5,523,0,0,1,1,1,0,0,1,2,E01008748,02-08-2018,1,1,1,2,74,10,3,0,0,0,0,-1,9,1
55440,72.93689403,19.09088017,10,3,1,1,5,15:20,146,E08000020,6,3033,6,30,3,4,6,3033,0,0,1,8,2,0,0,1,2,E01008174,15-09-2018,2,2,1,2,58,9,3,0,0,0,0,-1,9,1
55441,72.91841412,19.16859919,10,3,2,2,4,11:50,150,E08000024,3,1231,3,40,6,2,5,508,0,0,1,1,1,1,0,1,1,E01008820,21-09-2018,2,1,1,1,36,7,3,0,0,0,0,-1,11,1
55442,72.91700882,19.07435408,10,1,1,2,3,15:47,146,E08000020,3,167,6,30,6,2,5,329,0,5,1,1,1,0,0,1,1,E01008175,20-09-2018,2,1,1,1,35,6,3,0,0,0,0,-1,1,1
55443,72.9060716,19.200045,10,3,1,2,6,15:24,146,E08000020,6,215,6,30,0,-1,-1,0,0,0,1,1,1,1,0,2,1,E01008188,16-09-2018,1,1,1,2,24,5,3,0,0,0,0,-1,9,1
55444,72.86082971,19.11352246,10,3,2,1,4,17:45,147,E08000021,6,416,6,30,3,4,6,0,0,0,1,1,1,0,0,1,2,E01008417,21-09-2018,2,1,2,1,22,5,3,0,0,2,0,-1,8,1
55445,72.88902169,19.19724671,10,3,1,1,4,17:05,147,E08000021,5,144,6,30,3,4,6,326,0,4,1,1,1,0,0,1,1,E01008440,21-09-2018,1,1,1,1,57,9,3,0,0,0,0,-1,5,-1
55446,72.86177745,19.0982479,10,3,1,1,1,21:20,147,E08000021,6,216,6,30,3,4,6,216,0,0,4,1,1,0,0,1,1,E01008326,18-09-2018,1,2,3,1,14,3,3,5,1,0,0,-1,0,1
55447,72.92336897,19.17565344,10,3,1,1,6,11:30,149,E08000023,6,4022,6,30,3,4,6,336,0,0,1,2,2,0,0,1,1,E01008656,16-09-2018,1,3,3,1,13,3,3,5,1,0,0,-1,0,1
55448,72.83309371,19.12335046,10,3,3,2,5,14:05,147,E08000021,2,167,3,30,5,4,2,167,0,0,1,1,1,0,0,1,1,E01008397,22-09-2018,2,1,1,1,50,8,3,0,0,0,0,-1,9,3
55449,72.91899764,19.17233734,10,3,2,1,1,16:25,149,E08000023,3,1300,6,30,0,-1,-1,0,0,0,1,1,1,0,0,1,1,E01008634,18-09-2018,2,1,1,1,23,5,3,0,0,0,0,-1,9,1
55450,72.92756102,19.07216951,10,3,2,1,4,16:10,149,E08000023,3,194,6,30,3,4,6,236,0,0,1,1,1,0,0,1,1,E01008667,21-09-2018,2,1,1,1,43,7,3,0,0,0,0,-1,9,1
55451,72.85311655,19.13610972,10,3,2,1,4,12:39,149,E08000023,4,1306,6,30,0,-1,-1,0,0,8,1,1,1,0,0,1,1,E01008643,21-09-2018,1,1,2,1,19,4,3,0,0,2,0,-1,9,1
55452,72.84793261,19.09904522,10,3,1,1,1,17:11,146,E08000020,3,195,1,60,1,4,2,194,0,0,1,1,1,0,0,2,1,E01008283,18-09-2018,1,2,2,1,20,4,3,0,0,1,0,-1,9,1
55453,72.83526521,19.05513912,10,3,1,1,4,16:50,145,E06000048,5,399,6,30,3,4,6,6706,0,0,1,1,1,0,0,1,2,E01027525,07-09-2018,1,3,2,1,18,4,3,0,0,2,0,-1,9,1
55454,72.86550698,19.14146296,10,3,1,1,4,10:00,149,E08000023,6,236,6,30,0,-1,-1,0,0,0,1,1,1,0,0,1,2,E01008666,21-09-2018,2,1,1,2,34,6,3,0,0,0,0,-1,9,-1
55455,72.89422344,19.14422257,10,3,2,2,5,08:31,147,E08000021,4,1318,6,50,0,-1,-1,0,0,0,1,1,1,0,0,1,1,E01008422,22-09-2018,1,1,2,2,27,6,3,0,0,1,0,-1,9,1
55456,72.8884047,19.17398312,10,3,2,1,5,08:15,145,E06000048,5,399,6,30,3,4,6,6507,0,0,1,1,1,0,0,1,1,E01027529,22-09-2018,1,2,2,2,25,5,3,0,0,2,0,-1,9,1
55457,72.87570969,19.20790161,10,3,1,1,1,20:25,146,E08000020,3,167,6,30,6,2,5,323,0,5,4,1,1,0,0,1,1,E01008252,25-09-2018,1,1,3,2,84,11,3,1,4,0,0,-1,0,-1
55458,72.82818351,19.18817211,10,3,2,1,5,14:55,149,E08000023,3,19,1,30,1,4,3,185,0,0,1,1,1,0,0,1,1,E01008600,22-09-2018,1,1,1,2,24,5,3,0,0,0,0,-1,9,1
55459,72.86483627,19.19302182,10,2,3,2,6,18:40,148,E08000022,3,191,6,30,1,4,3,188,0,0,1,1,1,0,0,1,1,E01008469,16-09-2018,2,1,1,2,50,8,3,0,0,0,0,-1,9,1
55460,72.83833817,19.07750467,10,3,1,1,1,12:54,146,E08000020,5,309,6,60,0,-1,-1,0,0,0,1,1,1,0,0,2,1,E01008226,25-09-2018,1,1,2,1,75,10,3,0,0,0,2,-1,11,1
55461,72.90321008,19.16718674,10,3,2,2,6,17:15,147,E08000021,3,186,2,30,3,2,3,186,0,0,1,1,1,0,0,1,2,E01008408,16-09-2018,1,1,1,1,41,7,3,0,0,0,0,-1,9,1
55462,72.88008726,19.11206353,10,3,2,2,1,13:33,146,E08000020,5,307,6,30,6,2,3,1,0,5,1,1,1,0,0,1,1,E01008208,25-09-2018,1,2,2,1,9,2,3,0,0,1,0,-1,9,1
55463,72.89229588,19.11371412,10,3,2,2,6,11:42,143,E06000048,3,1068,6,60,3,4,5,114,0,0,1,1,2,0,0,2,1,E01027444,23-09-2018,1,3,2,1,6,2,3,0,0,2,0,-1,9,1
55464,72.88771071,19.1465387,10,2,2,2,2,22:05,143,E06000048,5,358,6,60,0,-1,-1,0,0,0,6,1,1,0,0,2,1,E01027467,19-09-2018,2,1,1,2,31,6,3,0,0,0,0,-1,9,1
55465,72.8461997,19.18396714,10,2,1,1,3,14:20,140,E06000048,4,6341,6,60,0,-1,-1,0,0,0,1,4,1,0,0,2,1,E01027358,13-09-2018,1,1,2,1,30,6,3,0,0,0,4,-1,11,1
55466,72.8312154,19.153032,10,3,2,1,3,13:00,146,E08000020,5,327,2,30,8,2,6,326,0,5,1,1,1,0,0,1,2,E01008262,20-09-2018,1,1,3,2,12,3,3,5,4,0,0,-1,0,1
55467,72.83954036,19.20963669,10,3,2,2,5,11:45,145,E06000048,3,197,6,60,3,4,3,1068,0,0,1,1,1,0,0,2,1,E01027525,22-09-2018,1,1,1,1,34,6,3,0,0,0,0,-1,9,1
55468,72.906437,19.05521293,10,3,2,2,1,16:50,146,E08000020,4,1426,6,30,6,2,4,1426,0,0,1,1,1,1,0,1,1,E01008168,18-09-2018,2,2,1,2,30,6,3,0,0,0,0,-1,9,1
55469,72.93032648,19.20948661,10,3,1,1,5,20:51,148,E08000022,5,226,6,30,0,-1,-1,0,0,0,4,1,1,0,0,2,1,E01008308,22-09-2018,2,1,1,1,31,6,3,0,0,0,0,-1,9,1
55470,72.85602201,19.14164071,10,3,2,1,1,10:30,147,E08000021,3,189,1,30,1,4,3,191,0,4,1,1,1,0,0,1,2,E01008321,25-09-2018,1,1,1,1,22,5,3,0,0,0,0,-1,9,3
55471,72.93222936,19.11881959,10,2,3,1,2,16:17,145,E06000048,3,197,6,60,0,-1,-1,0,0,0,1,1,1,0,0,2,1,E01027525,19-09-2018,2,1,1,1,36,7,2,0,0,0,0,-1,1,-1
55472,72.9012375,19.11559212,10,3,1,1,3,09:35,146,E08000020,6,3051,6,30,3,4,6,426,0,0,1,1,1,0,0,1,1,E01008166,20-09-2018,1,1,3,2,5,1,3,5,1,0,0,-1,0,1
55473,72.86865629,19.16930027,10,3,2,1,1,21:00,149,E08000023,5,405,6,30,3,4,6,336,0,0,4,1,1,0,0,2,2,E01008615,11-09-2018,1,1,1,1,22,5,3,0,0,0,0,-1,1,1
55474,72.89998173,19.16337649,10,3,3,1,6,12:15,142,E06000048,3,189,3,70,0,-1,-1,0,0,0,1,1,2,0,0,2,1,E01027436,16-09-2018,1,1,1,1,21,5,3,0,0,0,0,-1,3,1
55475,72.8490154,19.12397623,10,3,2,1,5,21:25,148,E08000022,3,191,6,30,8,4,6,337,0,4,4,1,1,0,0,1,1,E01008555,22-09-2018,1,1,3,1,46,8,3,5,1,0,0,-1,0,-1
55476,72.84835177,19.16902003,10,3,1,1,7,21:52,149,E08000023,4,1298,6,30,1,4,5,408,0,8,4,1,1,0,0,1,1,E01008679,24-09-2018,2,1,1,2,24,5,3,0,0,0,0,-1,9,-1
55477,72.84495813,19.13055125,10,2,1,1,5,21:57,146,E08000020,5,310,6,30,3,4,5,310,0,0,4,1,1,0,7,2,1,E01008226,22-09-2018,2,1,1,1,69,10,3,0,0,0,0,-1,9,1
55478,72.91359603,19.07649806,10,3,2,2,6,13:40,146,E08000020,3,1,3,70,0,-1,-1,0,0,0,1,2,2,0,0,2,2,E01008224,09-09-2018,2,2,2,2,67,10,3,0,0,1,0,-1,9,1
55479,72.84448111,19.07380796,10,3,2,1,4,07:40,146,E08000020,3,189,3,50,0,-1,-1,0,0,0,1,1,1,0,0,1,1,E01008258,21-09-2018,1,1,3,2,26,6,3,5,1,0,0,-1,0,-1
55480,72.83619061,19.136687,10,2,3,8,7,23:05,148,E08000022,3,186,6,30,3,4,6,136,0,0,4,1,1,0,0,1,1,E01008575,24-09-2018,1,1,1,2,21,5,3,0,0,0,0,-1,9,1
55481,72.85678951,19.11528049,10,3,2,2,5,14:50,146,E08000020,3,184,3,40,1,4,3,184,0,4,1,1,1,0,0,1,1,E01008241,22-09-2018,1,1,1,2,38,7,3,0,0,0,0,-1,9,1
55482,72.87832238,19.14039365,10,3,3,2,5,17:25,148,E08000022,6,136,6,30,3,4,6,136,0,0,1,1,1,0,0,1,1,E01008528,22-09-2018,1,1,1,1,53,8,3,0,0,0,0,-1,9,1
55483,72.91801973,19.12117595,10,2,2,1,7,17:25,145,E06000048,3,197,6,60,0,-1,-1,0,0,0,1,1,1,0,0,2,1,E01027525,24-09-2018,2,2,1,1,19,4,2,0,0,0,0,-1,9,1