Accident_Index,longitude,latitude,Police_Force,Accident_Severity,Number_of_Vehicles,Number_of_Casualties,Day_of_Week,Time,Local_Authority_(District),Local_Authority_(Highway),1st_Road_Class,1st_Road_Number,Road_Type,Speed_limit,Junction_Detail,Junction_Control,2nd_Road_Class,2nd_Road_Number,Pedestrian_Crossing-Human_Control,Pedestrian_Crossing-Physical_Facilities,Light_Conditions,Weather_Conditions,Road_Surface_Conditions,Special_Conditions_at_Site,Carriageway_Hazards,Urban_or_Rural_Area,Did_Police_Officer_Attend_Scene_of_Accident,LSOA_of_Accident_Location,Date,Vehicle_Reference,Casualty_Reference,Casualty_Class,Sex_of_Casualty,Age_of_Casualty,Age_Band_of_Casualty,Casualty_Severity,Pedestrian_Location,Pedestrian_Movement,Car_Passenger,Bus_or_Coach_Passenger,Pedestrian_Road_Maintenance_Worker,Casualty_Type,Casualty_Home_Area_Type
55484,72.89573833,19.06668159,10,3,1,1,7,04:48,143,E06000048,3,1,3,70,0,-1,-1,0,0,0,6,1,1,0,7,2,1,E01027448,24-09-2018,2,3,2,1,21,5,3,0,0,1,0,-1,9,3
55485,72.87500927,19.09978842,10,3,1,1,5,16:00,142,E06000048,4,1329,6,30,3,4,6,9503,0,0,1,1,1,0,0,1,2,E01027416,22-09-2018,1,1,3,1,19,4,3,5,1,0,0,-1,0,-1
55486,72.89679388,19.12759924,10,3,2,1,6,15:30,150,E08000024,6,235,6,30,3,4,6,235,0,0,1,1,1,0,0,1,2,E01008830,23-09-2018,2,1,1,2,37,7,3,0,0,0,0,-1,9,1
55487,72.89599349,19.2079086,10,2,3,2,6,08:20,143,E06000048,5,127,6,60,0,-1,-1,0,0,0,1,1,1,0,0,2,1,E01027463,23-09-2018,1,1,1,2,48,8,3,0,0,0,0,-1,9,1
55488,72.85393335,19.20659547,10,3,2,1,1,01:45,147,E08000021,3,186,6,30,6,2,5,114,0,5,4,1,1,0,0,1,2,E01008440,25-09-2018,1,1,1,1,23,5,3,0,0,0,0,-1,9,-1
55489,72.90618816,19.14232077,10,3,2,1,5,11:15,147,E08000021,4,1313,6,30,6,4,6,426,0,0,1,1,1,0,0,1,2,E01008302,22-09-2018,1,1,3,1,21,5,1,5,3,0,0,-1,0,-1
55490,72.90413696,19.10028913,10,3,2,1,3,14:15,147,E08000021,5,117,6,30,0,-1,-1,0,0,0,1,1,1,0,0,1,2,E01008399,13-09-2018,1,2,3,1,18,4,2,5,3,0,0,-1,0,-1
55491,72.83724847,19.15029614,10,3,1,1,6,12:50,145,E06000048,3,197,6,30,0,-1,-1,0,0,0,1,1,2,0,0,2,1,E01027542,23-09-2018,2,1,1,1,32,6,3,0,0,0,0,-1,9,3
55492,72.90282622,19.13281502,10,3,2,1,2,07:50,147,E08000021,6,226,6,30,3,4,6,226,0,0,1,1,1,0,0,1,1,E01008320,19-09-2018,2,1,2,2,58,9,3,0,0,1,0,-1,9,1
55493,72.91360215,19.13673874,10,2,1,1,5,17:10,147,E08000021,4,1311,6,30,0,-1,-1,0,0,0,1,1,1,0,0,1,1,E01008439,22-09-2018,1,1,1,2,79,11,3,0,0,0,0,-1,9,1
55494,72.87933585,19.18852458,10,3,1,2,6,20:30,144,E06000048,3,69,3,70,0,-1,-1,0,0,0,6,1,1,0,0,2,1,E01027449,23-09-2018,2,1,2,2,60,9,3,0,0,1,0,-1,9,1
55495,72.90198834,19.20261634,10,3,4,1,7,02:36,150,E08000024,3,1058,6,30,6,4,6,335,0,0,4,1,1,0,0,1,1,E01008755,24-09-2018,2,1,1,2,25,5,3,0,0,0,0,-1,9,1
55496,72.91817288,19.11385076,10,3,2,1,5,12:02,149,E08000023,4,1298,6,30,0,-1,-1,0,0,0,1,1,1,0,0,1,2,E01008590,18-08-2018,2,1,1,1,24,5,3,0,0,0,0,-1,9,1
55497,72.92977798,19.20071586,10,3,3,1,5,20:16,147,E08000021,3,188,6,30,3,4,6,226,0,0,4,1,1,0,0,1,1,E01008359,22-09-2018,1,1,3,2,10,2,3,1,4,0,0,-1,0,-1
55498,72.91874553,19.17099407,10,2,1,1,1,12:59,144,E06000048,3,696,6,30,3,4,4,6320,0,0,5,2,2,0,0,2,1,E01027503,25-09-2018,2,1,1,2,18,4,3,0,0,0,0,-1,9,1
55499,72.83228445,19.16831833,10,3,2,2,5,15:45,149,E08000023,6,336,6,30,3,4,6,336,0,0,1,1,1,0,0,1,2,E01008643,26-05-2018,1,1,1,2,16,4,3,0,0,0,0,-1,2,1
55500,72.86482528,19.16671295,10,3,2,2,5,23:10,144,E06000048,4,6295,6,60,6,4,5,290,0,0,6,1,1,0,0,2,1,E01027478,22-09-2018,1,1,1,1,17,4,3,0,0,0,0,-1,9,1
55501,72.91886704,19.06131966,10,3,2,1,6,18:10,147,E08000021,5,110,6,30,0,-1,-1,0,0,0,1,1,1,0,0,1,2,E01008325,23-09-2018,1,1,1,2,57,9,3,0,0,0,0,-1,9,1
55502,72.92585094,19.08025936,10,3,2,3,3,17:51,147,E08000021,5,109,6,30,1,4,3,167,0,0,1,1,1,0,0,1,1,E01008296,13-09-2018,1,1,1,2,26,6,3,0,0,0,0,-1,9,3
55503,72.83404507,19.19848376,10,2,1,1,7,00:30,144,E06000048,4,6306,6,60,0,-1,-1,0,0,0,1,1,1,0,0,2,1,E01027506,24-09-2018,2,1,1,2,18,4,3,0,0,0,0,-1,2,1
55504,72.86393351,19.10264441,10,3,2,2,5,13:40,150,E08000024,3,183,3,30,3,4,6,235,0,0,1,1,1,0,0,1,1,E01008700,22-09-2018,1,1,1,1,16,4,3,0,0,0,0,-1,1,1
55505,72.86287078,19.07260124,10,3,2,1,6,19:30,146,E08000020,6,316,6,30,0,-1,-1,0,0,0,4,2,2,0,0,1,2,E01008198,09-09-2018,3,1,1,1,61,9,3,0,0,0,0,-1,1,1
55506,72.93773968,19.19128819,10,3,2,1,2,14:04,150,E08000024,3,1231,3,70,1,4,3,182,0,0,1,1,1,0,0,2,1,E01008874,26-09-2018,2,1,1,2,24,5,3,0,0,0,0,-1,9,1
55507,72.84553933,19.20099258,10,3,2,1,6,07:10,144,E06000048,3,68,6,60,0,-1,-1,0,0,0,1,1,1,0,0,2,2,E01027506,23-09-2018,1,1,2,2,75,10,3,0,0,0,3,-1,11,-1
55508,72.85379723,19.0876471,10,3,2,1,4,09:45,148,E08000022,6,427,6,30,0,-1,-1,0,0,0,1,1,1,0,0,2,2,E01008480,21-09-2018,2,1,1,1,18,4,3,0,0,0,0,-1,9,1
55509,72.90144609,19.10609191,10,3,1,1,1,01:00,149,E08000023,4,1299,6,30,0,-1,-1,0,0,0,4,1,1,0,0,1,1,E01008619,25-09-2018,2,1,2,1,29,6,3,0,0,1,0,-1,9,1
55510,72.86316239,19.06961187,10,3,2,1,1,12:50,150,E08000024,6,234,6,30,3,4,6,234,0,0,1,1,1,0,0,1,1,E01008742,25-09-2018,1,1,1,1,19,4,3,0,0,0,0,-1,4,1
55511,72.92460263,19.07330835,10,3,2,2,3,16:35,147,E08000021,5,119,6,30,0,-1,-1,0,0,0,1,1,1,0,0,1,1,E01008440,27-09-2018,1,1,1,2,22,5,3,0,0,0,0,-1,3,1
55512,72.82898377,19.07918808,10,3,1,1,7,05:50,144,E06000048,3,6079,6,60,0,-1,-1,0,0,0,6,1,4,0,7,2,1,E01027480,24-09-2018,1,1,1,1,21,5,3,0,0,0,0,-1,9,-1
55513,72.85263638,19.13107403,10,2,2,3,3,09:00,140,E06000048,3,1,3,70,0,-1,-1,0,0,0,1,4,1,0,0,2,1,E01027370,27-09-2018,2,1,1,1,43,7,3,0,0,0,0,-1,1,1
55514,72.85315075,19.17909839,10,3,3,1,4,20:15,147,E08000021,3,1,3,70,0,-1,-1,0,0,0,4,1,1,0,0,1,1,E01008445,21-09-2018,2,1,1,1,34,6,3,0,0,0,0,-1,5,1
55515,72.86159373,19.13728128,10,3,2,1,1,19:00,143,E06000048,6,6058,6,30,0,-1,-1,0,0,0,1,1,1,0,0,2,1,E01027451,25-09-2018,1,1,1,2,57,9,3,0,0,0,0,-1,5,1
55516,72.92038146,19.09581343,10,2,2,2,7,16:32,142,E06000048,3,19,1,70,1,4,3,1171,0,0,1,1,1,0,0,2,1,E01027406,24-09-2018,2,2,1,2,28,6,3,0,0,0,0,-1,5,1
55517,72.93616191,19.18842942,10,3,1,1,1,13:50,142,E06000048,5,420,6,30,3,4,6,9533,0,0,1,1,1,0,0,1,1,E01027412,25-09-2018,2,1,1,2,21,5,3,0,0,0,0,-1,9,-1
55518,72.90408357,19.14699047,10,3,1,2,4,18:36,150,E08000024,3,690,3,70,0,-1,-1,0,0,0,1,2,2,0,0,2,1,E01008744,31-08-2018,1,1,3,2,19,4,3,5,1,0,0,-1,0,1
55519,72.91204975,19.15171307,10,2,2,2,5,12:55,147,E08000021,4,1600,6,30,0,-1,-1,0,0,4,1,1,1,0,0,1,1,E01008440,22-09-2018,2,1,1,1,28,6,3,0,0,0,0,-1,5,1
55520,72.91765789,19.09785508,10,3,2,1,6,20:30,148,E08000022,3,186,6,30,3,4,6,226,0,0,4,1,1,4,0,1,2,E01008535,23-09-2018,2,1,2,1,50,8,3,0,0,1,0,-1,9,-1
55521,72.83542234,19.19891464,10,3,1,2,4,15:33,150,E08000024,3,1052,6,30,8,1,6,134,1,8,1,4,1,0,0,1,1,E01008754,28-09-2018,1,1,2,2,55,8,3,0,0,0,3,-1,11,1
55522,72.83832324,19.17759249,10,3,2,3,1,17:00,147,E08000021,6,1001,6,30,3,4,5,154,0,0,1,1,1,0,0,2,1,E01008306,25-09-2018,1,1,1,1,17,4,3,0,0,0,0,-1,9,1
55523,72.86485607,19.13565969,10,3,2,1,1,14:30,147,E08000021,3,189,6,50,3,2,5,112,0,5,1,1,1,0,0,1,1,E01008453,25-09-2018,1,1,3,2,13,3,3,9,9,0,0,-1,0,1
55524,72.8799713,19.1943644,10,3,2,2,1,15:35,147,E08000021,3,1,3,70,0,-1,-1,0,0,0,1,1,1,0,0,1,1,E01008327,25-09-2018,2,1,1,1,62,9,3,0,0,0,0,-1,5,1
55525,72.83389719,19.18667693,10,3,2,1,1,14:45,150,E08000024,3,19,3,70,0,-1,-1,0,0,0,1,1,1,0,0,2,1,E01008798,25-09-2018,1,1,1,1,27,6,3,0,0,0,0,-1,9,3
55526,72.8758485,19.05428809,10,3,1,2,3,16:40,147,E08000021,6,1063,6,30,0,-1,-1,0,0,0,1,1,1,0,0,1,1,E01008406,27-09-2018,1,1,2,2,41,7,3,0,0,1,0,-1,9,1
55527,72.86075485,19.0673481,10,3,2,1,3,16:05,150,E08000024,3,690,3,40,0,-1,-1,0,0,0,1,1,1,0,0,1,1,E01008828,27-09-2018,1,1,1,1,27,6,3,0,0,0,0,-1,9,1
55528,72.87093457,19.13146998,10,3,1,1,7,17:00,141,E06000048,5,424,6,30,3,4,6,111,0,0,1,1,1,0,0,1,2,E01027377,24-09-2018,2,2,1,1,36,7,3,0,0,0,0,-1,8,1
55529,72.91672896,19.17174659,10,3,2,1,4,08:19,140,E06000048,4,6346,6,30,0,-1,-1,0,0,0,1,1,1,0,0,2,1,E01027365,28-09-2018,1,1,3,2,62,9,3,5,1,0,0,-1,0,1
55530,72.88164807,19.12453351,10,3,2,2,5,17:00,150,E08000024,5,514,1,30,1,4,5,512,0,0,1,1,1,0,0,1,1,E01008783,22-09-2018,2,1,1,2,24,5,3,0,0,0,0,-1,9,-1
55531,72.87941804,19.18006118,10,3,2,1,4,16:45,150,E08000024,3,1231,1,70,1,4,6,5029,0,0,1,5,2,0,0,1,1,E01008696,28-09-2018,1,1,1,1,81,11,3,0,0,0,0,-1,9,1
55532,72.90180175,19.20447111,10,3,1,1,1,00:40,147,E08000021,4,1307,2,30,6,2,4,1307,0,0,4,1,1,0,0,1,1,E01008440,25-09-2018,1,2,2,2,81,11,3,0,0,1,0,-1,9,1
55533,72.86234915,19.16391586,10,3,2,1,1,22:25,148,E08000022,3,186,1,30,1,4,4,1322,0,0,4,1,1,0,0,2,1,E01008566,25-09-2018,1,3,2,2,30,6,3,0,0,2,0,-1,9,-1
55534,72.8457971,19.16193106,10,3,3,2,3,19:00,149,E08000023,3,19,3,70,1,2,3,19,0,0,4,1,1,0,0,2,1,E01008629,27-09-2018,2,4,3,1,37,7,3,10,9,0,0,-1,0,1
55535,72.91600074,19.14941464,10,2,2,2,3,15:05,148,E08000022,6,2027,6,30,0,-1,-1,0,0,0,1,4,1,0,0,1,1,E01008551,27-09-2018,2,1,1,1,23,5,2,0,0,0,0,-1,5,1
55536,72.83944939,19.05408052,10,3,1,2,2,17:41,148,E08000022,6,136,6,30,0,-1,-1,0,0,0,1,1,1,0,0,1,1,E01008468,26-09-2018,2,1,2,1,20,4,3,0,0,1,0,-1,8,-1
55537,72.82894393,19.08203866,10,3,2,1,2,12:28,148,E08000022,4,1505,6,30,0,-1,-1,0,0,0,1,1,1,0,0,1,1,E01008477,26-09-2018,2,1,1,2,57,9,3,0,0,0,0,-1,9,1
55538,72.88468775,19.19083487,10,3,2,1,4,18:20,147,E08000021,3,191,6,30,1,4,3,167,0,0,1,2,2,0,0,1,1,E01008451,28-09-2018,2,2,2,2,38,7,3,0,0,1,0,-1,9,1
55539,72.84556046,19.19355015,10,3,1,1,4,21:30,143,E06000048,3,1068,6,60,3,4,5,118,0,0,6,1,2,0,0,2,1,E01027445,28-09-2018,1,1,2,2,10,2,3,0,0,2,0,-1,9,-1
55540,72.90599077,19.11604121,10,3,1,1,4,08:25,147,E08000021,3,167,3,40,0,-1,-1,0,0,4,1,1,1,3,0,1,1,E01008300,28-09-2018,2,1,1,1,41,7,3,0,0,0,0,-1,9,1
55541,72.86712517,19.09626662,10,3,2,1,4,12:25,147,E08000021,3,191,6,30,3,4,5,112,0,0,1,1,1,0,0,1,2,E01008343,07-09-2018,2,1,1,1,59,9,3,0,0,0,0,-1,9,-1
55542,72.82637504,19.10029649,10,3,2,2,5,08:28,147,E08000021,5,104,6,50,3,4,6,126,0,0,1,4,1,0,0,1,1,E01008311,29-09-2018,1,1,2,1,70,10,3,0,0,0,3,-1,11,-1
55543,72.85350226,19.1861165,10,3,2,1,5,18:45,150,E08000024,6,235,6,30,0,-1,-1,0,0,0,1,1,1,0,0,1,1,E01008696,08-09-2018,1,1,1,1,28,6,3,0,0,0,0,-1,19,1
55544,72.90449214,19.10729554,10,3,1,1,3,23:39,144,E06000048,4,6305,6,30,0,-1,-1,0,0,0,4,2,2,0,0,1,1,E01027490,27-09-2018,1,1,3,2,18,4,3,5,2,0,0,-1,0,1
55545,72.9095736,19.19060717,10,3,3,1,4,19:20,147,E08000021,2,167,7,30,5,4,2,167,0,0,4,2,2,0,0,1,1,E01008370,28-09-2018,3,1,1,2,25,5,3,0,0,0,0,-1,9,1
55546,72.93102527,19.15775799,10,3,2,1,4,16:45,146,E08000020,6,3056,6,30,3,4,5,323,0,0,1,1,1,0,0,1,2,E01008213,21-09-2018,2,1,1,1,21,5,3,0,0,0,0,-1,9,-1
55547,72.92670825,19.15875394,10,2,1,1,3,08:10,145,E06000048,6,6705,6,30,3,4,6,6512,0,0,1,1,1,0,0,1,1,E01027536,13-09-2018,1,1,1,2,32,6,3,0,0,0,0,-1,9,-1
55548,72.87421967,19.19465801,10,3,2,1,5,16:40,145,E06000048,3,196,6,30,3,4,6,6564,0,0,1,1,1,0,0,2,1,E01027554,29-09-2018,2,2,2,2,58,9,3,0,0,1,0,-1,9,-1
55549,72.90122401,19.16322471,10,3,3,1,3,14:40,144,E06000048,4,6530,6,30,6,4,6,8188,0,0,1,1,1,0,0,2,1,E01027481,27-09-2018,2,1,1,1,55,8,3,0,0,0,0,-1,1,1
55550,72.87232889,19.08152831,10,3,1,1,3,13:00,147,E08000021,3,186,6,30,0,-1,-1,0,0,0,1,1,1,0,0,1,2,E01008440,27-09-2018,2,1,1,1,31,6,3,0,0,0,0,-1,9,1
55551,72.88730701,19.13225837,10,3,2,1,7,17:00,150,E08000024,6,234,3,30,3,4,3,182,0,0,1,1,1,0,0,1,2,E01008746,01-10-2018,1,1,2,2,32,6,3,0,0,1,0,-1,9,1
55552,72.8800387,19.16812894,10,3,2,2,5,17:50,150,E08000024,6,235,6,30,6,4,6,235,0,0,1,1,1,0,0,1,1,E01008756,29-09-2018,1,2,2,2,2,1,3,0,0,2,0,-1,9,1
55553,72.90231163,19.197977,10,2,1,1,1,15:30,144,E06000048,3,69,3,60,0,-1,-1,0,0,0,1,1,1,0,0,2,1,E01027488,02-10-2018,2,1,1,1,23,5,3,0,0,0,0,-1,19,1
55554,72.88676986,19.13059984,10,3,3,1,5,12:30,148,E08000022,4,1323,6,30,3,4,5,205,0,1,1,1,1,0,0,1,2,E01008585,29-09-2018,2,2,2,1,17,4,3,0,0,1,0,-1,19,-1
55555,72.89133096,19.08002046,10,3,2,1,5,10:14,147,E08000021,5,111,6,30,0,-1,-1,0,0,0,1,1,1,0,0,1,1,E01008325,29-09-2018,1,1,1,1,19,4,2,0,0,0,0,-1,9,2
55556,72.90865235,19.10397566,10,3,2,1,4,07:50,146,E08000020,6,3008,6,40,3,4,3,694,0,0,1,4,1,0,0,2,2,E01008188,28-09-2018,1,2,2,1,20,4,3,0,0,1,0,-1,9,2
55557,72.83695699,19.06028579,10,3,2,1,7,21:25,147,E08000021,5,104,6,40,3,2,5,105,0,5,4,5,2,0,0,1,2,E01008342,17-09-2018,1,3,2,1,19,4,3,0,0,2,0,-1,9,2
55558,72.93581666,19.10156556,10,3,1,2,7,11:08,146,E08000020,3,167,6,30,3,4,6,225,0,0,1,1,1,0,0,1,1,E01008175,01-10-2018,1,1,2,2,3,1,3,0,0,0,3,-1,11,-1
55559,72.89029265,19.17029532,10,3,2,2,1,16:30,150,E08000024,3,690,9,30,6,4,5,512,0,5,1,1,1,0,0,1,2,E01008782,02-10-2018,2,1,1,2,20,4,3,0,0,0,0,-1,9,1
55560,72.92921736,19.09553535,10,3,2,1,5,16:45,148,E08000022,3,193,6,30,3,4,5,215,0,0,5,1,1,0,0,1,1,E01008537,29-09-2018,2,1,1,1,29,6,3,0,0,0,0,-1,8,1
55561,72.88943822,19.14684965,10,3,3,3,1,15:48,146,E08000020,3,694,6,30,0,-1,-1,0,0,0,1,1,1,0,0,2,1,E01008278,25-09-2018,1,1,1,1,30,6,3,0,0,0,0,-1,9,1
55562,72.88517564,19.0629881,10,3,3,4,6,19:26,149,E08000023,3,19,3,70,0,-1,-1,0,0,0,6,1,2,0,0,2,1,E01008630,30-09-2018,2,1,1,1,44,7,3,0,0,0,0,-1,1,1
55563,72.84423419,19.11388243,10,2,1,1,4,20:41,150,E08000024,6,5104,2,30,0,-1,-1,0,0,0,4,4,2,0,0,1,1,E01008818,28-09-2018,2,1,1,1,24,5,3,0,0,0,0,-1,9,1
55564,72.88727887,19.1677361,10,3,2,1,7,23:10,146,E08000020,5,304,6,30,0,-1,-1,0,0,0,4,1,1,0,0,2,1,E01008186,01-10-2018,1,1,3,1,53,8,1,5,1,0,0,-1,0,1
55565,72.85327771,19.12606274,10,3,1,1,4,18:30,143,E06000048,4,6524,6,60,8,4,6,0,0,0,1,2,2,0,0,2,1,E01027447,28-09-2018,1,1,1,1,52,8,3,0,0,0,0,-1,9,3
55566,72.89521217,19.20113019,10,3,2,2,5,15:21,146,E08000020,4,6317,6,30,0,-1,-1,0,0,0,1,1,1,0,0,1,1,E01008266,29-09-2018,2,2,1,1,47,8,3,0,0,0,0,-1,9,1
55567,72.85865782,19.06474573,10,3,2,1,5,11:18,148,E08000022,5,221,6,40,3,4,6,427,0,0,1,1,1,0,0,1,1,E01008504,29-09-2018,1,1,2,2,20,4,3,0,0,2,0,-1,9,3
55568,72.84339804,19.16333641,10,3,3,1,6,16:54,146,E08000020,3,1114,3,60,0,-1,-1,0,0,0,1,1,1,0,0,1,1,E01008181,30-09-2018,2,2,1,1,24,5,3,0,0,0,0,-1,9,1
55569,72.90867856,19.17984198,10,3,2,1,5,13:40,148,E08000022,3,193,6,30,0,-1,-1,0,0,1,1,1,1,0,0,1,1,E01008482,29-09-2018,1,1,2,2,14,3,3,0,0,1,0,-1,9,1
55570,72.89181354,19.19995069,10,3,1,1,7,21:35,146,E08000020,6,3063,6,30,0,-1,-1,0,0,0,4,1,1,0,0,2,1,E01008230,01-10-2018,1,2,2,2,10,2,3,0,0,1,0,-1,9,1
55571,72.85331798,19.1088244,10,3,2,1,7,16:00,146,E08000020,3,694,6,30,3,4,6,215,0,0,1,1,1,0,0,2,1,E01008184,01-10-2018,1,3,2,2,4,1,3,0,0,1,0,-1,9,1
55572,72.8712686,19.17216514,10,3,2,2,6,00:35,148,E08000022,3,1058,6,30,0,-1,-1,0,0,0,4,1,1,0,0,1,1,E01008562,16-09-2018,2,1,1,1,18,4,3,0,0,0,0,-1,9,1
55573,72.93424449,19.12004088,10,3,3,1,5,14:12,147,E08000021,3,1,3,70,0,-1,-1,0,0,0,1,1,1,0,0,1,1,E01008327,29-09-2018,2,2,2,1,19,4,3,0,0,1,0,-1,9,1
55574,72.91825952,19.07864501,10,3,1,2,7,16:02,146,E08000020,4,6317,6,30,0,-1,-1,0,0,0,1,1,1,0,0,1,1,E01008262,01-10-2018,2,3,2,1,17,4,3,0,0,2,0,-1,9,1
55575,72.85633349,19.17665541,10,3,3,1,4,18:20,147,E08000021,3,167,3,40,0,-1,-1,0,0,0,4,5,2,0,0,2,1,,28-09-2018,1,1,3,2,47,8,3,5,1,0,0,-1,0,-1
55576,72.85000182,19.07465607,10,3,6,1,7,17:20,147,E08000021,3,1,3,70,0,-1,-1,0,0,0,1,1,1,0,0,1,1,E01008327,01-10-2018,2,1,1,2,26,6,3,0,0,0,0,-1,9,1
55577,72.89517468,19.19764915,10,3,2,1,5,15:11,147,E08000021,3,1,3,70,0,-1,-1,0,0,0,1,1,1,0,0,1,1,E01008327,29-09-2018,2,1,1,2,25,5,3,0,0,0,0,-1,9,1
55578,72.84484696,19.1844667,10,3,2,1,6,22:10,148,E08000022,3,191,6,40,0,-1,-1,0,0,0,1,1,1,0,0,1,1,E01008488,30-09-2018,2,1,1,1,48,8,3,0,0,0,0,-1,9,1
55579,72.86356435,19.07956204,10,3,2,1,1,16:40,147,E08000021,3,189,3,30,9,4,6,0,0,0,1,1,1,0,0,1,2,E01008397,02-10-2018,1,1,1,1,36,7,3,0,0,0,0,-1,9,1
55580,72.93449113,19.11131971,10,3,1,1,1,20:30,149,E08000023,6,4135,6,40,3,4,6,4135,0,0,6,1,1,0,0,2,1,E01008685,02-10-2018,1,1,1,1,32,6,3,0,0,0,0,-1,21,-1
55581,72.8796897,19.09251437,10,3,1,1,2,08:15,147,E08000021,6,216,6,30,0,-1,-1,0,0,0,1,1,1,0,0,1,1,E01008328,03-10-2018,2,2,1,2,54,8,3,0,0,0,0,-1,9,-1
55582,72.83544736,19.12132416,10,1,2,1,6,07:36,150,E08000024,3,1231,3,70,5,4,3,1231,0,0,1,1,2,0,0,2,1,E01008846,30-09-2018,2,1,1,1,50,8,3,0,0,0,0,-1,9,1
55583,72.87688549,19.1816614,10,3,1,1,6,01:42,150,E08000024,6,235,6,30,6,4,6,235,0,0,4,9,1,0,0,1,2,E01008818,30-09-2018,2,1,1,1,37,7,3,0,0,0,0,-1,17,1
55584,72.93513913,19.18657745,10,3,3,1,6,18:15,150,E08000024,3,1018,6,30,0,-1,-1,0,0,4,1,2,2,0,0,1,2,E01008703,30-09-2018,2,2,2,1,33,6,3,0,0,1,0,-1,17,1
55585,72.84753447,19.20903808,10,3,1,1,6,13:35,150,E08000024,3,1231,3,30,6,2,5,554,0,5,1,1,1,0,0,1,2,E01008703,23-09-2018,1,1,1,2,25,5,3,0,0,0,0,-1,9,-1
55586,72.93130416,19.17960131,10,3,2,1,4,19:05,147,E08000021,5,129,6,30,0,-1,-1,0,0,0,4,2,2,0,0,1,1,E01008432,28-09-2018,2,1,1,1,16,4,3,0,0,0,0,-1,2,1
55587,72.90270243,19.16430569,10,2,2,1,5,14:15,150,E08000024,6,235,6,30,6,4,6,235,0,0,1,1,1,0,0,1,2,E01008725,18-08-2018,2,1,1,1,39,7,3,0,0,0,0,-1,3,1
55588,72.87417558,19.20528582,10,3,3,1,5,12:46,146,E08000020,4,1288,6,30,6,2,3,195,0,0,1,1,1,0,0,2,1,E01008284,29-09-2018,1,1,1,1,24,5,3,0,0,0,0,-1,9,1
55589,72.84341059,19.0777679,10,3,1,1,6,18:45,142,E06000048,3,193,6,30,1,4,4,1325,0,0,4,2,2,0,0,2,1,E01027419,30-09-2018,1,1,1,1,15,3,3,0,0,0,0,-1,1,-1
55590,72.86552965,19.09692901,10,3,2,1,5,12:41,150,E08000024,6,5009,6,30,3,4,6,5010,0,0,1,1,1,0,0,1,1,E01008839,29-09-2018,2,2,1,2,52,8,3,0,0,0,0,-1,9,1
55591,72.85942116,19.07946846,10,2,2,1,3,16:40,147,E08000021,6,226,6,30,3,4,6,226,0,0,1,1,1,0,0,1,1,E01008410,27-09-2018,2,1,1,1,60,9,3,0,0,0,0,-1,8,1
55592,72.88999342,19.12625567,10,3,2,1,7,18:30,141,E06000048,4,6354,6,30,3,4,6,116,0,0,1,1,1,0,0,1,1,E01027386,01-10-2018,2,1,1,1,31,6,3,0,0,0,0,-1,9,1
55593,72.89832437,19.07408118,10,2,1,1,7,23:48,145,E06000048,3,1147,3,60,0,-1,-1,0,0,0,4,1,1,0,0,2,1,E01027550,01-10-2018,2,2,2,2,25,5,3,0,0,1,0,-1,9,1
55594,72.84649661,19.13609556,10,3,2,2,6,19:49,142,E06000048,3,189,1,60,1,4,3,19,0,0,4,1,2,0,0,2,1,E01027436,30-09-2018,2,1,2,1,22,5,3,0,0,1,0,-1,19,1
55595,72.86355639,19.15411409,10,3,2,1,3,09:16,148,E08000022,3,19,6,40,1,4,3,191,0,0,1,1,1,0,0,2,1,E01008566,04-10-2018,2,1,2,2,65,9,3,0,0,2,0,-1,9,1
55596,72.86200969,19.05621261,10,3,2,1,2,14:25,148,E08000022,3,1058,3,70,0,-1,-1,0,0,0,1,1,1,0,0,1,1,E01008512,03-10-2018,2,2,2,1,65,9,3,0,0,2,0,-1,9,1
55597,72.83903497,19.09173825,10,3,2,1,3,00:05,147,E08000021,3,189,3,30,3,2,6,1112,0,0,4,1,1,4,0,1,1,E01008397,04-10-2018,1,1,3,1,11,3,3,9,6,0,0,-1,0,1
55598,72.89023133,19.16581032,10,3,2,1,2,16:25,147,E08000021,5,111,6,30,6,4,6,326,0,0,1,1,1,0,0,1,1,E01008397,03-10-2018,1,2,1,1,57,9,3,0,0,0,0,-1,9,1
55599,72.86767377,19.11860519,10,3,2,1,4,08:00,146,E08000020,3,184,3,40,3,2,6,426,0,0,1,1,1,0,0,1,1,E01008215,28-09-2018,2,1,1,1,42,7,3,0,0,0,0,-1,3,1
55600,72.89071434,19.19385757,10,3,2,2,6,12:39,146,E08000020,6,125,6,30,3,4,6,125,0,0,1,1,1,0,0,1,1,E01008259,30-09-2018,1,1,1,2,47,8,3,0,0,0,0,-1,9,-1
55601,72.90054768,19.20837456,10,3,2,3,1,09:50,145,E06000048,4,1334,6,30,3,4,6,0,0,0,1,1,1,0,0,2,1,E01027543,02-10-2018,1,2,2,2,16,4,3,0,0,1,0,-1,9,-1