Accident_Index,longitude,latitude,Police_Force,Accident_Severity,Number_of_Vehicles,Number_of_Casualties,Day_of_Week,Time,Local_Authority_(District),Local_Authority_(Highway),1st_Road_Class,1st_Road_Number,Road_Type,Speed_limit,Junction_Detail,Junction_Control,2nd_Road_Class,2nd_Road_Number,Pedestrian_Crossing-Human_Control,Pedestrian_Crossing-Physical_Facilities,Light_Conditions,Weather_Conditions,Road_Surface_Conditions,Special_Conditions_at_Site,Carriageway_Hazards,Urban_or_Rural_Area,Did_Police_Officer_Attend_Scene_of_Accident,LSOA_of_Accident_Location,Date,Vehicle_Reference,Casualty_Reference,Casualty_Class,Sex_of_Casualty,Age_of_Casualty,Age_Band_of_Casualty,Casualty_Severity,Pedestrian_Location,Pedestrian_Movement,Car_Passenger,Bus_or_Coach_Passenger,Pedestrian_Road_Maintenance_Worker,Casualty_Type,Casualty_Home_Area_Type
55838,72.8893711,19.19348215,10,3,2,1,3,17:01,142,E06000048,3,1068,1,60,1,4,3,1172,0,0,1,1,2,0,0,2,1,E01027412,18-10-2018,1,1,3,1,60,9,3,9,9,0,0,-1,0,1
55839,72.89833529,19.10283166,10,3,1,1,4,22:09,146,E08000020,3,694,6,60,0,-1,-1,0,0,0,6,2,2,0,0,2,1,E01008183,19-10-2018,2,1,1,2,68,10,3,0,0,0,0,-1,9,1
55840,72.83218823,19.11723059,10,3,2,1,7,15:05,148,E08000022,6,136,6,30,1,4,6,136,0,0,1,1,2,0,0,1,2,E01008488,22-10-2018,1,1,3,1,10,2,3,5,2,0,0,-1,0,1
55841,72.90527207,19.09438689,10,3,2,1,7,15:30,148,E08000022,3,188,6,30,2,4,6,226,0,0,1,2,2,0,0,1,2,E01008469,22-10-2018,2,1,1,1,31,6,3,0,0,0,0,-1,10,1
55842,72.87620164,19.15565818,10,3,3,2,6,18:55,150,E08000024,4,1286,6,40,0,-1,-1,0,0,0,4,2,2,0,0,2,1,E01008806,21-10-2018,2,2,2,2,91,11,3,0,0,2,0,-1,10,1
55843,72.90037529,19.15403415,10,3,2,1,6,20:30,147,E08000021,6,1013,6,30,3,4,6,216,0,4,4,2,2,0,0,1,2,E01008457,21-10-2018,2,1,1,1,44,7,3,0,0,0,0,-1,19,1
55844,72.90583497,19.20516684,10,3,2,2,1,13:12,142,E06000048,3,193,6,60,0,-1,-1,0,0,0,1,1,2,4,0,2,1,E01027425,23-10-2018,2,1,1,2,57,9,3,0,0,0,0,-1,9,-1
55845,72.89551922,19.18971904,10,3,2,1,5,17:00,150,E08000024,6,435,6,30,3,4,6,435,0,0,1,1,1,0,0,2,2,E01008808,20-10-2018,1,1,3,1,10,2,3,5,2,0,0,-1,0,1
55846,72.89270433,19.05735242,10,3,2,2,6,17:40,146,E08000020,4,6317,6,30,3,4,6,416,0,0,1,1,1,0,0,1,2,E01008263,14-10-2018,2,1,1,2,32,6,3,0,0,0,0,-1,9,1
55847,72.88285815,19.14810864,10,3,2,2,3,21:45,149,E08000023,3,1300,6,30,2,4,5,416,0,0,4,8,2,0,0,1,1,E01008634,11-10-2018,1,1,1,1,83,11,3,0,0,0,0,-1,9,1
55848,72.93114538,19.05454328,10,3,1,1,6,14:00,143,E06000048,4,6342,6,60,9,4,6,0,0,0,1,2,5,7,0,2,1,E01027368,21-10-2018,2,2,1,2,42,7,3,0,0,0,0,-1,9,1
55849,72.8563667,19.12014783,10,3,2,5,6,14:35,147,E08000021,3,1,7,30,1,4,3,186,0,0,1,2,2,0,0,1,1,E01008345,21-10-2018,2,1,1,1,28,6,3,0,0,0,0,-1,9,1
55850,72.83627997,19.2059564,10,3,1,2,2,19:40,144,E06000048,5,2599,6,60,0,-1,-1,0,0,0,6,1,2,0,0,2,1,E01027507,24-10-2018,2,2,2,2,27,6,3,0,0,1,0,-1,9,1
55851,72.83279748,19.07641815,10,3,1,2,2,10:24,144,E06000048,4,6395,6,30,0,-1,-1,0,0,1,1,2,2,0,0,1,1,E01027500,24-10-2018,2,1,1,2,31,6,3,0,0,0,0,-1,9,2
55852,72.91452904,19.10673163,10,3,2,1,4,17:30,143,E06000048,5,343,6,60,0,-1,-1,0,0,0,6,2,5,0,0,2,1,E01027471,12-10-2018,2,2,2,1,8,2,3,0,0,1,0,-1,9,2
55853,72.89725749,19.09605652,10,3,1,1,6,12:30,144,E06000048,4,6305,6,30,0,-1,-1,0,0,1,1,1,1,0,0,1,2,E01027494,14-10-2018,2,1,1,1,19,4,3,0,0,0,0,-1,9,1
55854,72.93311238,19.12516346,10,3,3,1,2,06:42,146,E08000020,3,1,3,50,0,-1,-1,0,0,0,6,2,2,6,0,2,1,E01008224,24-10-2018,2,2,2,2,29,6,3,0,0,1,0,-1,9,-1
55855,72.86571477,19.18120036,10,3,2,1,2,13:15,150,E08000024,3,19,1,70,1,4,3,183,0,0,1,2,2,0,0,2,1,E01008798,24-10-2018,1,1,3,2,46,8,3,9,5,0,0,-1,0,1
55856,72.90906821,19.11445826,10,3,2,1,6,10:30,146,E08000020,4,6316,6,30,0,-1,-1,0,0,0,1,2,2,0,0,1,1,E01008267,21-10-2018,2,1,1,1,31,6,3,0,0,0,0,-1,9,1
55857,72.86598759,19.1017548,10,3,2,1,2,15:50,147,E08000021,3,167,3,30,1,4,3,191,0,0,1,1,1,0,0,1,2,E01008295,17-10-2018,2,2,2,2,38,7,3,0,0,1,0,-1,9,1
55858,72.86165868,19.19038858,10,3,2,1,6,14:25,147,E08000021,2,167,3,50,5,4,2,167,0,0,1,2,2,0,0,1,1,E01008397,21-10-2018,2,1,2,2,11,3,3,0,0,2,0,-1,9,1
55859,72.85050635,19.17603395,10,3,2,3,2,08:50,146,E08000020,3,195,6,30,3,4,6,3058,0,8,1,5,2,0,0,1,1,E01008281,24-10-2018,1,2,1,1,19,4,3,0,0,0,0,-1,9,1
55860,72.83396548,19.19195541,10,3,2,1,7,10:57,146,E08000020,3,1,3,70,0,-1,-1,0,0,0,1,2,2,0,0,1,1,E01008260,22-10-2018,1,3,2,1,20,4,3,0,0,1,0,-1,9,1
55861,72.87558705,19.07690922,10,3,1,1,6,19:10,146,E08000020,6,426,6,30,3,4,5,316,0,0,4,2,2,0,0,1,2,E01008238,21-10-2018,2,1,1,1,38,7,3,0,0,0,0,-1,9,1
55862,72.91955403,19.15307053,10,3,2,1,1,01:29,150,E08000024,4,1404,3,30,1,4,3,182,0,0,4,2,2,0,0,1,1,E01008754,23-10-2018,1,1,3,1,6,2,2,5,2,0,0,-1,0,1
55863,72.89547143,19.19700625,10,3,2,1,6,18:34,146,E08000020,3,692,6,30,3,4,6,125,0,0,4,2,2,0,0,2,1,E01008272,21-10-2018,1,1,3,1,52,8,3,4,3,0,0,-1,0,1
55864,72.83359921,19.14219176,10,3,2,1,5,08:30,146,E08000020,3,692,6,30,0,-1,-1,0,1,0,1,1,2,0,0,2,2,E01008273,13-10-2018,1,1,3,2,71,10,3,9,5,0,0,-1,0,1
55865,72.9157375,19.12175016,10,3,1,1,1,13:12,146,E08000020,3,184,3,30,6,2,6,3051,0,5,1,2,2,6,0,1,1,E01008168,23-10-2018,1,1,1,1,70,10,3,0,0,0,0,-1,9,3
55866,72.88323487,19.15695204,10,2,1,1,1,01:45,147,E08000021,6,326,2,30,3,4,6,326,0,0,4,2,2,0,0,1,2,E01008440,23-10-2018,1,1,3,2,5,1,2,5,4,0,0,-1,0,1
55867,72.831324,19.11852634,10,3,2,1,1,15:47,146,E08000020,3,695,6,60,3,4,4,6395,0,0,1,1,1,0,0,2,1,E01008200,23-10-2018,2,1,2,1,24,5,3,0,0,1,0,-1,8,-1
55868,72.86077882,19.14982453,10,3,2,1,2,16:30,146,E08000020,3,167,3,40,0,-1,-1,0,0,0,1,1,1,0,0,1,1,E01008163,17-10-2018,2,2,2,1,22,5,3,0,0,2,0,-1,8,1
55869,72.92888934,19.08228742,10,3,2,1,3,16:25,148,E08000022,5,211,6,30,8,4,6,136,0,0,1,1,1,0,0,1,2,E01008481,25-10-2018,2,3,2,1,26,6,3,0,0,2,0,-1,8,1
55870,72.88695562,19.19970455,10,3,1,1,2,22:49,147,E08000021,5,142,6,30,0,-1,-1,0,0,0,4,2,2,0,0,1,1,E01008397,24-10-2018,2,4,2,1,23,5,3,0,0,2,0,-1,8,-1
55871,72.90576043,19.06162497,10,3,2,2,4,10:07,150,E08000024,3,1231,1,30,1,2,3,690,0,5,1,1,1,0,0,1,2,E01008831,19-10-2018,2,5,2,1,22,5,3,0,0,2,0,-1,8,1
55872,72.89966229,19.11044548,10,3,2,1,6,17:04,144,E06000048,4,6320,6,60,0,-1,-1,0,0,0,1,2,2,6,0,2,1,E01027479,21-10-2018,2,6,2,1,21,5,3,0,0,2,0,-1,8,1
55873,72.91355581,19.20289816,10,3,2,2,3,18:15,144,E06000048,6,8296,6,60,0,-1,-1,0,0,0,6,1,2,0,0,2,1,E01027494,25-10-2018,2,7,2,1,20,4,3,0,0,2,0,-1,8,1
55874,72.84313047,19.08038514,10,3,2,1,7,13:50,146,E08000020,5,327,6,30,0,-1,-1,0,0,0,1,1,1,0,0,1,1,E01008262,17-09-2018,3,1,1,1,25,5,3,0,0,0,0,-1,9,1
55875,72.84361343,19.14286715,10,2,4,3,3,20:25,146,E08000020,6,426,6,30,3,4,6,426,0,0,4,2,2,0,0,1,1,E01008229,25-10-2018,3,2,2,2,20,4,3,0,0,1,0,-1,9,1
55876,72.85621963,19.18234846,10,3,2,1,4,10:20,144,E06000048,3,695,6,60,3,4,4,6321,0,0,1,1,2,0,0,2,1,E01027504,19-10-2018,1,1,1,1,18,4,3,0,0,0,0,-1,9,1
55877,72.92396107,19.1409441,10,3,1,1,7,08:30,147,E08000021,5,145,2,20,0,-1,-1,0,0,1,1,1,2,0,0,1,1,E01008440,01-10-2018,1,2,2,1,18,4,3,0,0,2,0,-1,9,1
55878,72.86829455,19.20789402,10,3,1,1,4,15:20,142,E06000048,6,9508,6,30,3,4,6,9701,0,0,1,1,1,0,0,1,2,E01027393,19-10-2018,1,1,1,1,32,6,3,0,0,0,0,-1,5,1
55879,72.92957534,19.11658392,10,3,2,2,3,10:30,146,E08000020,3,167,6,50,1,4,3,1,0,0,1,1,1,0,0,2,2,E01008224,25-10-2018,1,1,2,2,29,6,3,0,0,1,0,-1,9,1
55880,72.92272162,19.11650902,10,3,2,3,3,15:15,146,E08000020,3,167,6,30,3,4,6,426,0,0,1,1,1,0,0,1,1,E01008237,25-10-2018,1,1,3,2,51,8,3,5,3,0,0,-1,0,1
55881,72.84754599,19.20124905,10,3,3,1,2,12:20,146,E08000020,5,324,3,40,0,-1,-1,0,0,0,1,2,2,0,0,1,1,E01008226,24-10-2018,1,1,2,2,15,3,3,0,0,1,0,-1,9,1
55882,72.89543423,19.18944144,10,3,2,1,1,12:15,149,E08000023,3,19,3,30,1,2,3,19,0,0,1,2,2,0,0,1,1,E01008661,23-10-2018,1,3,1,2,21,5,3,0,0,0,0,-1,9,1
55883,72.89766452,19.1107761,10,2,2,1,3,08:20,140,E06000048,6,9999,6,30,3,4,6,0,0,0,1,1,2,6,0,2,1,E01027364,25-10-2018,2,2,2,1,24,5,3,0,0,2,0,-1,8,1
55884,72.82940839,19.09291172,10,3,2,1,2,19:20,146,E08000020,4,1426,6,30,3,4,6,326,0,0,4,1,2,0,0,1,2,E01008170,24-10-2018,2,4,1,1,44,7,3,0,0,0,0,-1,8,1
55885,72.83530076,19.09231809,10,3,2,2,1,20:46,146,E08000020,5,320,1,30,1,4,4,6317,0,0,4,1,2,0,0,1,1,E01008262,23-10-2018,2,1,2,1,21,5,3,0,0,1,0,-1,9,-1
55886,72.93701036,19.06598022,10,3,2,1,5,14:00,146,E08000020,6,3105,6,30,6,4,5,305,0,4,1,1,1,0,0,1,1,E01008177,27-10-2018,1,1,3,2,82,11,3,5,1,0,0,-1,0,1
55887,72.93389373,19.11568483,10,3,2,1,3,17:20,148,E08000022,3,191,1,40,2,4,6,337,0,0,1,1,1,0,0,1,2,E01008556,25-10-2018,1,1,3,1,27,6,3,5,9,0,0,-1,0,-1
55888,72.93069832,19.05822558,10,3,1,3,2,21:00,147,E08000021,3,696,3,70,5,4,3,696,0,0,6,1,2,0,0,2,1,E01008458,24-10-2018,1,1,1,1,40,7,3,0,0,0,0,-1,9,-1
55889,72.86027223,19.18057955,10,3,3,1,4,16:47,147,E08000021,2,167,7,60,5,4,2,167,0,0,1,1,2,0,0,1,1,E01008407,26-10-2018,1,1,2,1,22,5,3,0,0,2,0,-1,9,-1
55890,72.85299813,19.14149764,10,3,2,2,5,16:00,143,E06000048,4,6324,6,60,3,4,4,6323,0,0,1,1,1,0,0,2,1,E01027469,20-10-2018,2,1,1,1,17,4,3,0,0,0,0,-1,3,1
55891,72.87483712,19.20359376,10,3,2,1,1,16:20,149,E08000023,3,194,3,70,1,4,3,19,0,0,1,1,2,0,0,1,1,E01008662,23-10-2018,1,1,3,1,82,11,2,5,1,0,0,-1,0,1
55892,72.93265812,19.10361351,10,3,2,1,6,15:50,145,E06000048,4,1334,1,30,1,4,6,6703,0,0,1,2,2,0,0,1,1,E01027532,21-10-2018,1,1,1,1,50,8,3,0,0,0,0,-1,9,1
55893,72.89344906,19.1146189,10,3,2,4,5,22:04,149,E08000023,3,1300,6,30,0,-1,-1,0,0,4,4,1,2,0,0,1,1,E01008626,27-10-2018,1,1,1,2,26,6,3,0,0,0,0,-1,9,1
55894,72.86819837,19.11654356,10,3,2,1,2,16:19,147,E08000021,6,1013,6,30,3,4,6,126,0,0,1,1,1,0,0,1,1,E01008457,24-10-2018,1,1,1,2,34,6,3,0,0,0,0,-1,9,-1
55895,72.87624603,19.09767038,10,3,3,5,3,14:50,147,E08000021,3,1,3,70,0,-1,-1,0,0,0,1,1,1,0,0,1,1,E01008295,25-10-2018,1,1,2,2,29,6,3,0,0,1,0,-1,9,-1
55896,72.88158883,19.16832026,10,3,3,2,4,10:04,147,E08000021,6,426,6,30,0,-1,-1,0,0,0,1,1,2,0,0,1,1,E01008408,12-10-2018,1,1,1,1,23,5,3,0,0,0,0,-1,19,1
55897,72.89898871,19.10728185,10,3,2,4,4,18:50,149,E08000023,5,407,6,30,6,4,6,236,0,0,4,2,2,0,0,1,1,E01008665,26-10-2018,2,2,1,2,45,7,2,0,0,0,0,-1,9,1
55898,72.89735533,19.1586359,10,3,2,3,5,19:30,146,E08000020,4,1288,6,40,6,2,3,195,0,0,4,1,1,0,0,1,1,E01008284,27-10-2018,3,3,1,1,19,4,3,0,0,0,0,-1,19,1
55899,72.88496067,19.07608953,10,3,2,1,6,16:45,147,E08000021,3,167,3,40,1,4,6,126,0,4,1,2,2,0,0,1,1,E01008297,21-10-2018,2,1,1,2,52,8,3,0,0,0,0,-1,9,1
55900,72.85874983,19.11821048,10,3,2,1,3,19:00,147,E08000021,3,193,6,30,3,2,6,426,0,0,4,1,2,0,0,1,2,E01008408,25-10-2018,3,1,1,1,52,8,3,0,0,0,0,-1,8,1
55901,72.84730078,19.18434316,10,3,1,1,3,11:45,147,E08000021,4,1318,6,30,3,4,6,126,0,4,1,1,1,0,0,1,2,E01008419,25-10-2018,3,2,2,2,24,5,3,0,0,2,0,-1,8,1
55902,72.8552411,19.08482171,10,2,2,5,1,14:00,146,E08000020,5,312,6,30,3,4,5,311,0,0,1,1,2,0,0,2,1,E01008226,30-10-2018,2,1,1,1,25,5,3,0,0,0,0,-1,9,1
55903,72.88026829,19.20553816,10,2,1,1,7,10:25,147,E08000021,4,1318,3,40,3,4,6,126,0,0,1,1,2,0,0,1,1,E01008357,29-10-2018,1,1,3,1,10,2,3,5,1,0,0,-1,0,1
55904,72.90599794,19.07947771,10,3,1,2,5,19:31,150,E08000024,3,183,6,30,3,2,6,235,0,4,4,1,1,0,0,1,1,E01008758,06-10-2018,1,1,2,1,93,11,3,0,0,0,3,-1,11,1
55905,72.88082973,19.16898148,10,3,2,1,5,14:18,150,E08000024,6,345,6,30,8,4,6,345,0,0,1,1,1,0,0,1,1,E01008764,20-10-2018,1,1,1,1,35,6,3,0,0,0,0,-1,9,1
55906,72.85839251,19.07817212,10,3,2,1,1,16:43,147,E08000021,5,111,6,40,3,4,6,216,0,0,1,1,2,0,0,1,1,E01008325,30-10-2018,1,1,3,2,25,5,3,5,4,0,0,-1,0,-1
55907,72.85002438,19.16215527,10,3,2,1,6,16:40,149,E08000023,3,185,6,30,0,-1,-1,0,0,5,1,1,1,0,0,1,1,E01008660,28-10-2018,2,1,1,1,18,4,3,0,0,0,0,-1,1,1
55908,72.89625636,19.05804244,10,3,2,2,6,11:55,147,E08000021,3,191,6,30,6,2,6,126,0,5,1,1,2,0,0,1,1,E01008376,28-10-2018,2,1,2,2,18,4,3,0,0,0,4,-1,11,1
55909,72.86544002,19.19388061,10,3,2,1,6,15:37,146,E08000020,4,1426,6,30,0,-1,-1,0,0,0,1,1,1,0,0,1,1,E01008170,28-10-2018,1,1,3,2,12,3,3,7,3,0,0,-1,0,-1
55910,72.85563825,19.11842741,10,3,2,1,6,14:40,146,E08000020,3,1,3,70,0,-1,-1,0,0,0,1,1,1,0,0,2,1,E01008226,28-10-2018,2,1,1,1,39,7,3,0,0,0,0,-1,9,-1
55911,72.91181383,19.08199279,10,3,2,1,5,15:30,147,E08000021,3,191,6,30,3,4,6,126,0,0,1,1,1,0,0,1,1,E01008419,27-10-2018,2,2,2,1,17,4,3,0,0,1,0,-1,9,-1
55912,72.85191597,19.12324409,10,3,1,1,7,22:30,146,E08000020,3,694,6,30,3,4,6,215,0,0,4,2,2,0,0,2,1,E01008184,29-10-2018,3,3,1,1,51,8,3,0,0,0,0,-1,9,1
55913,72.90563574,19.11700961,10,3,2,2,6,21:15,146,E08000020,3,1,3,70,5,4,3,1,0,0,7,8,1,4,0,2,2,E01008224,28-10-2018,3,4,2,1,30,6,3,0,0,1,0,-1,9,-1
55914,72.90971371,19.05789716,10,3,1,1,3,17:20,147,E08000021,6,126,6,30,3,4,4,1307,0,0,1,1,2,0,0,1,1,E01008357,25-10-2018,4,5,1,2,38,7,3,0,0,0,0,-1,9,1
55915,72.82658273,19.13310935,10,3,2,2,5,10:00,150,E08000024,3,183,9,30,6,4,3,1231,0,0,1,1,1,0,0,1,2,E01008831,20-10-2018,1,1,1,2,79,11,3,0,0,0,0,-1,9,1
55916,72.89913207,19.12207783,10,3,1,1,3,11:45,150,E08000024,6,5006,6,30,0,-1,-1,0,0,0,1,1,1,0,0,1,1,E01008740,25-10-2018,1,1,1,2,21,5,3,0,0,0,0,-1,9,3
55917,72.8909672,19.1718064,10,3,2,1,2,08:50,147,E08000021,3,1058,3,30,5,4,4,1307,0,4,1,1,1,0,0,1,2,E01008409,10-10-2018,2,1,1,2,26,6,3,0,0,0,0,-1,9,1
55918,72.93470586,19.0957677,10,3,2,1,5,18:35,147,E08000021,3,189,6,30,3,4,5,102,0,8,4,1,1,0,0,1,1,E01008422,27-10-2018,1,1,3,2,19,4,3,5,2,0,0,-1,0,1
55919,72.86817718,19.11094228,10,3,4,1,2,10:55,140,E06000048,3,1,6,60,0,-1,-1,0,0,0,1,5,2,0,0,2,1,E01027366,24-10-2018,1,1,3,2,40,7,3,9,7,0,0,-1,0,1
55920,72.89108552,19.15391986,10,3,2,1,4,14:20,147,E08000021,3,193,1,30,1,4,2,167,0,0,1,2,2,0,0,1,1,E01008440,26-10-2018,2,1,1,1,52,8,3,0,0,0,0,-1,5,1
55921,72.85353783,19.17236342,10,3,3,2,2,16:40,144,E06000048,3,695,6,60,3,4,4,6309,0,0,1,1,2,0,0,2,1,E01027507,24-10-2018,1,1,3,1,27,6,3,8,3,0,0,-1,0,1
55922,72.84423793,19.18372908,10,3,2,1,6,06:35,150,E08000024,3,19,3,70,0,-1,-1,0,0,0,6,1,2,0,0,2,2,,21-10-2018,2,1,1,1,20,4,3,0,0,0,0,-1,2,1
55923,72.85675998,19.15219181,10,3,2,1,4,17:00,150,E08000024,3,1018,6,30,3,4,6,345,0,5,1,1,1,0,0,1,1,E01008779,19-10-2018,1,1,2,1,70,10,3,0,0,0,3,-1,11,1
55924,72.89261461,19.10107854,10,3,2,3,2,15:55,142,E06000048,3,189,3,70,0,-1,-1,0,0,0,1,8,2,4,0,2,1,E01027398,24-10-2018,1,1,3,1,68,10,3,4,3,0,0,-1,0,1
55925,72.89187407,19.16024678,10,3,2,1,1,02:10,147,E08000021,2,167,3,50,5,4,2,167,0,0,4,2,2,0,0,1,1,E01008370,23-10-2018,1,1,2,2,12,3,3,0,0,0,3,-1,11,1
55926,72.83550682,19.07329878,10,3,1,1,2,12:20,150,E08000024,5,513,6,40,0,-1,-1,0,0,8,1,1,1,0,0,2,1,E01008782,31-10-2018,1,2,2,1,14,3,3,0,0,0,3,-1,11,1
55927,72.92382439,19.16803905,10,3,2,2,6,19:50,146,E08000020,3,1231,6,60,1,4,3,1,0,0,4,1,1,0,0,2,2,E01008224,28-10-2018,1,3,2,2,12,3,3,0,0,0,3,-1,11,1
55928,72.86191086,19.19542223,10,3,1,1,2,12:09,147,E08000021,5,117,6,30,3,4,6,326,0,0,1,1,1,0,0,1,2,E01008454,31-10-2018,1,4,2,2,12,3,3,0,0,0,3,-1,11,1
55929,72.92764728,19.15048613,10,3,3,1,6,08:00,147,E08000021,3,1,3,70,0,-1,-1,0,0,0,1,1,2,0,0,1,2,E01008295,28-10-2018,1,5,2,2,14,3,3,0,0,0,3,-1,11,1
55930,72.91336813,19.17294915,10,3,2,1,6,15:10,150,E08000024,5,522,6,60,0,-1,-1,0,0,0,1,2,2,0,0,2,1,E01008748,21-10-2018,1,6,2,2,15,3,3,0,0,0,3,-1,11,1
55931,72.90100801,19.19252789,10,3,2,1,2,12:40,144,E06000048,3,68,6,40,8,4,6,0,0,0,1,2,2,0,0,2,1,E01027506,24-10-2018,1,7,2,1,13,3,3,0,0,0,3,-1,11,1
55932,72.91424325,19.19331463,10,3,2,1,1,11:00,150,E08000024,3,183,1,70,1,4,3,19,0,0,1,1,2,0,0,2,1,E01008730,23-10-2018,1,8,2,1,13,3,3,0,0,0,3,-1,11,1
55933,72.83610061,19.09722729,10,3,2,2,6,17:30,147,E08000021,3,695,2,30,5,4,3,189,0,0,1,1,2,0,0,1,2,E01008440,21-10-2018,1,9,2,1,13,3,3,0,0,0,3,-1,11,1
55934,72.86568528,19.19128537,10,3,2,3,5,13:00,150,E08000024,3,1231,3,70,1,4,3,182,0,0,1,1,1,0,0,2,1,E01008874,27-10-2018,1,10,2,1,15,3,3,0,0,0,3,-1,11,1
55935,72.89968534,19.1724238,10,3,2,1,3,08:29,142,E06000048,5,420,6,40,3,4,6,9553,0,0,1,8,2,0,0,1,1,E01027413,25-10-2018,2,1,1,1,44,7,3,0,0,0,0,-1,1,1
55936,72.82735752,19.07127563,10,2,2,2,4,14:30,150,E08000024,6,5038,6,30,3,4,6,335,0,0,1,2,2,0,0,2,1,E01008796,26-10-2018,1,1,1,1,11,3,3,0,0,0,0,-1,1,-1
55937,72.88010141,19.1921848,10,3,1,2,1,20:00,141,E06000048,4,1340,6,60,0,-1,-1,0,0,0,6,1,1,0,0,2,2,E01027374,30-10-2018,1,1,1,1,8,2,3,0,0,0,0,-1,2,1
55938,72.89933585,19.17345831,10,3,2,1,4,11:55,142,E06000048,3,1068,3,70,5,4,6,9557,0,0,1,1,1,0,0,2,2,E01027412,17-08-2018,2,1,1,1,36,7,3,0,0,0,0,-1,9,-1
55939,72.86680532,19.1417071,10,3,2,1,6,09:35,147,E08000021,3,186,1,30,1,2,5,141,0,0,1,1,1,0,0,1,2,E01008440,28-10-2018,1,1,1,1,18,4,3,0,0,0,0,-1,9,-1
55940,72.85315923,19.08245988,10,3,1,1,2,12:33,150,E08000024,3,183,6,30,0,-1,-1,0,0,4,1,2,2,0,0,1,1,E01008723,24-10-2018,1,2,2,1,19,4,3,0,0,2,0,-1,9,1
55941,72.86421882,19.12959065,10,3,2,1,6,14:19,149,E08000023,6,4028,6,30,3,4,6,336,0,0,1,1,1,0,0,1,1,E01008662,28-10-2018,1,3,2,1,15,3,3,0,0,2,0,-1,9,1
55942,72.83767198,19.17721577,10,3,1,1,2,12:15,146,E08000020,5,316,6,30,0,-1,-1,0,0,0,1,1,1,0,0,1,1,E01008239,31-10-2018,2,1,1,2,30,6,3,0,0,0,0,-1,9,1
55943,72.86058962,19.20025345,10,3,1,2,3,16:50,143,E06000048,3,696,6,60,9,4,6,0,0,0,1,2,2,0,0,2,1,E01027447,11-10-2018,2,2,2,1,43,7,3,0,0,1,0,-1,9,1
55944,72.91081399,19.10517551,10,2,1,1,5,16:21,146,E08000020,3,694,6,30,0,-1,-1,0,0,0,1,1,1,0,0,1,1,E01008181,27-10-2018,3,3,1,1,61,9,3,0,0,0,0,-1,9,1
55945,72.90521545,19.17795621,10,3,2,1,5,12:26,143,E06000048,5,120,6,60,0,-1,-1,0,0,0,1,1,2,0,0,2,1,E01027475,20-10-2018,3,4,2,1,33,6,3,0,0,1,0,-1,9,1
55946,72.88566598,19.09182279,10,3,2,3,3,11:19,142,E06000048,3,1172,3,60,1,4,6,0,0,0,1,1,2,0,0,2,1,E01027412,25-10-2018,1,1,1,1,34,6,3,0,0,0,0,-1,9,1
55947,72.9355697,19.20939707,10,3,2,2,3,08:50,148,E08000022,6,336,6,30,3,4,6,336,0,0,1,1,2,0,0,1,1,E01008517,01-11-2018,2,2,1,2,61,9,3,0,0,0,0,-1,9,1
55948,72.83029047,19.09862551,10,3,1,1,2,14:43,147,E08000021,5,117,6,30,3,4,6,326,0,0,1,1,1,0,0,1,1,E01008399,31-10-2018,1,1,1,1,47,8,3,0,0,0,0,-1,9,1
55949,72.91153376,19.19557846,10,3,1,1,2,19:32,147,E08000021,3,186,6,30,3,2,5,116,0,4,4,1,2,0,0,1,1,E01008333,31-10-2018,1,1,3,2,29,6,3,5,1,0,0,-1,0,-1
55950,72.88289664,19.09020513,10,3,3,3,2,17:34,148,E08000022,3,192,3,50,3,4,6,337,0,0,4,1,1,0,0,1,1,E01008564,31-10-2018,1,1,1,1,20,4,3,0,0,0,0,-1,3,1
55951,72.87193498,19.18045062,10,3,2,1,2,07:40,147,E08000021,5,141,6,30,6,2,5,141,0,5,4,2,2,0,0,1,1,E01008440,24-10-2018,2,1,1,2,27,6,3,0,0,0,0,-1,9,1
55952,72.85470675,19.18615825,10,3,2,1,3,16:16,147,E08000021,3,695,3,50,1,4,4,1305,0,0,1,1,2,0,0,1,1,E01008291,25-10-2018,2,1,1,1,33,6,3,0,0,0,0,-1,9,1
55953,72.83050226,19.08495213,10,3,1,1,3,14:15,148,E08000022,5,211,6,30,3,4,6,136,0,0,1,1,1,0,0,1,1,E01008484,25-10-2018,1,1,3,2,35,6,3,5,1,0,0,-1,0,1
55954,72.88215241,19.20228436,10,3,2,4,1,00:10,148,E08000022,3,192,6,30,3,4,6,337,0,8,4,1,1,0,0,1,1,E01008556,30-10-2018,2,1,1,2,42,7,3,0,0,0,0,-1,9,1
55955,72.90366733,19.12673372,10,3,2,1,2,07:35,150,E08000024,4,1405,3,30,9,4,6,235,0,4,1,1,1,0,0,1,1,E01008825,31-10-2018,2,2,2,1,37,7,3,0,0,1,0,-1,9,1