Accident_Index,longitude,latitude,Police_Force,Accident_Severity,Number_of_Vehicles,Number_of_Casualties,Day_of_Week,Time,Local_Authority_(District),Local_Authority_(Highway),1st_Road_Class,1st_Road_Number,Road_Type,Speed_limit,Junction_Detail,Junction_Control,2nd_Road_Class,2nd_Road_Number,Pedestrian_Crossing-Human_Control,Pedestrian_Crossing-Physical_Facilities,Light_Conditions,Weather_Conditions,Road_Surface_Conditions,Special_Conditions_at_Site,Carriageway_Hazards,Urban_or_Rural_Area,Did_Police_Officer_Attend_Scene_of_Accident,LSOA_of_Accident_Location,Date,Vehicle_Reference,Casualty_Reference,Casualty_Class,Sex_of_Casualty,Age_of_Casualty,Age_Band_of_Casualty,Casualty_Severity,Pedestrian_Location,Pedestrian_Movement,Car_Passenger,Bus_or_Coach_Passenger,Pedestrian_Road_Maintenance_Worker,Casualty_Type,Casualty_Home_Area_Type
56074,72.91967607,19.06248848,10,3,2,1,4,19:46,150,E08000024,6,435,6,30,0,-1,-1,0,0,0,4,1,2,0,0,1,1,E01008809,02-11-2018,2,1,1,1,48,8,3,0,0,0,0,-1,9,1
56075,72.90776952,19.12027599,10,3,2,3,4,09:19,150,E08000024,4,1286,3,40,0,-1,-1,0,0,5,1,1,2,0,0,2,1,E01008770,02-11-2018,1,1,3,2,10,2,3,5,1,0,0,-1,0,-1
56076,72.90364045,19.06532748,10,3,1,1,4,17:30,143,E06000048,5,344,6,60,9,4,6,0,0,0,6,2,2,0,0,2,1,E01027472,02-11-2018,1,1,1,1,93,11,3,0,0,0,0,-1,9,1
56077,72.93518475,19.17377062,10,2,1,1,2,16:35,143,E06000048,6,6107,6,30,3,4,3,192,0,0,4,1,1,0,0,1,1,E01027460,31-10-2018,2,1,2,2,75,10,3,0,0,0,4,-1,11,-1
56078,72.87985085,19.05753406,10,3,2,1,4,13:15,150,E08000024,3,182,6,30,0,-1,-1,0,1,0,1,1,2,0,0,1,1,E01008715,02-11-2018,1,1,3,2,13,3,3,5,1,0,0,-1,0,-1
56079,72.86915049,19.13318026,10,2,1,1,3,09:28,149,E08000023,4,1298,6,30,3,4,4,1298,0,8,1,2,2,0,0,2,1,E01008609,08-11-2018,1,1,3,1,10,2,3,6,9,0,0,-1,0,1
56080,72.86672062,19.15506855,10,3,2,1,6,16:00,143,E06000048,3,192,6,30,3,4,6,6111,0,0,1,2,2,0,0,1,2,E01027457,04-11-2018,1,1,1,1,21,5,3,0,0,0,0,-1,9,3
56081,72.8901735,19.06963479,10,3,1,1,3,09:07,143,E06000048,3,192,6,30,0,-1,-1,0,0,4,1,2,2,0,0,1,1,E01027453,08-11-2018,2,2,1,2,22,5,3,0,0,0,0,-1,9,2
56082,72.93152344,19.16103765,10,3,2,1,3,08:45,146,E08000020,3,184,3,40,0,-1,-1,0,0,0,1,2,2,0,0,1,1,E01008162,08-11-2018,2,3,2,1,30,6,3,0,0,1,0,-1,9,2
56083,72.9247814,19.12689559,10,3,2,1,7,23:50,150,E08000024,6,235,6,30,3,4,6,235,0,0,4,1,1,0,0,1,1,E01008760,05-11-2018,2,4,2,2,2,1,3,0,0,2,0,-1,9,2
56084,72.88428966,19.07078711,10,3,2,1,3,17:30,150,E08000024,5,514,6,30,0,-1,-1,0,0,0,4,9,1,0,0,1,2,E01008735,01-11-2018,1,3,2,1,21,5,3,0,0,0,4,-1,11,-1
56085,72.93299703,19.14648833,10,3,2,1,2,08:25,150,E08000024,3,1231,3,70,0,-1,-1,0,0,0,1,1,1,0,0,2,1,E01008873,07-11-2018,1,4,2,2,30,6,3,0,0,0,4,-1,11,1
56086,72.89120172,19.13804362,10,3,2,2,2,08:09,140,E06000048,4,6342,6,60,0,-1,-1,0,0,0,1,1,2,0,0,2,1,E01027368,07-11-2018,2,1,1,2,23,5,3,0,0,0,0,-1,9,1
56087,72.90551036,19.19329216,10,3,2,1,1,12:40,140,E06000048,4,1340,6,60,0,-1,-1,0,0,0,1,1,1,0,0,2,1,E01027356,06-11-2018,2,2,2,2,27,6,3,0,0,1,0,-1,9,1
56088,72.88839847,19.08528023,10,3,1,1,7,13:44,149,E08000023,6,4115,6,30,0,-1,-1,0,0,8,1,1,1,0,0,1,1,E01008667,05-11-2018,2,1,1,1,33,6,3,0,0,0,0,-1,9,-1
56089,72.90301891,19.19306489,10,3,2,1,3,08:28,146,E08000020,4,1426,6,30,6,2,6,3044,0,5,1,2,2,0,0,1,1,E01008257,08-11-2018,1,1,1,1,25,5,2,0,0,0,0,-1,5,1
56090,72.90591436,19.08245574,10,3,2,1,5,20:15,149,E08000023,4,1297,6,30,0,-1,-1,0,0,0,4,2,2,4,0,1,2,E01008640,03-11-2018,2,1,1,1,37,7,2,0,0,0,0,-1,3,-1
56091,72.87585506,19.09371187,10,3,2,3,2,15:30,146,E08000020,3,694,6,30,3,4,4,6314,0,0,1,1,1,0,0,2,1,E01008184,07-11-2018,2,1,1,2,42,7,3,0,0,0,0,-1,9,1
56092,72.9277124,19.14648903,10,3,2,1,2,09:30,146,E08000020,4,6317,6,30,3,4,6,326,0,0,1,1,1,0,0,2,1,E01008206,07-11-2018,2,1,1,1,55,8,2,0,0,0,0,-1,5,1
56093,72.90924644,19.07153962,10,3,2,1,5,11:40,150,E08000024,4,1291,6,30,6,2,5,509,0,0,1,1,1,0,0,1,2,E01008722,20-10-2018,1,1,3,2,13,3,3,9,6,0,0,-1,0,1
56094,72.83969482,19.16441277,10,2,1,1,2,15:35,150,E08000024,3,1018,3,40,0,-1,-1,0,0,5,1,1,1,0,0,1,1,E01008713,07-11-2018,1,1,1,1,32,6,3,0,0,0,0,-1,9,1
56095,72.91943261,19.19878438,10,3,2,3,2,08:32,146,E08000020,4,6317,6,30,3,4,6,3020,0,4,1,1,1,0,0,1,1,E01008249,07-11-2018,2,1,1,1,16,4,2,0,0,0,0,-1,9,1
56096,72.85439502,19.13871722,10,3,2,1,6,08:15,150,E08000024,6,135,6,30,8,4,6,135,1,0,1,2,2,0,0,1,1,E01008845,04-11-2018,1,1,3,2,10,2,3,5,2,0,0,-1,0,-1
56097,72.88012021,19.14307192,10,3,2,1,3,07:16,150,E08000024,6,5022,1,30,1,4,3,1290,0,0,7,2,2,0,0,1,1,E01008860,08-11-2018,2,1,1,2,41,7,3,0,0,0,0,-1,9,1
56098,72.86354695,19.20647628,10,3,2,1,3,17:00,146,E08000020,3,167,6,30,3,4,5,312,0,4,4,2,2,0,0,1,2,E01008224,08-11-2018,1,1,1,2,19,4,2,0,0,0,0,-1,9,1
56099,72.8532088,19.13369294,10,3,2,1,4,14:10,150,E08000024,3,1231,3,70,5,4,3,1231,0,0,1,1,1,0,0,2,1,E01008850,09-11-2018,1,2,2,2,19,4,2,0,0,1,0,-1,9,1
56100,72.84695072,19.07951352,10,1,1,1,2,05:30,150,E08000024,3,1231,3,70,0,-1,-1,0,0,0,6,1,2,0,0,1,1,E01008874,07-11-2018,2,1,1,1,17,4,2,0,0,0,0,-1,3,-1
56101,72.8264856,19.05688056,10,3,2,1,4,19:25,150,E08000024,3,690,1,30,1,2,5,514,0,5,4,1,1,0,0,1,1,E01008831,09-11-2018,2,1,1,1,28,6,3,0,0,0,0,-1,9,1
56102,72.88136701,19.14629738,10,3,2,1,3,19:40,146,E08000020,5,313,1,30,1,4,5,308,0,0,7,2,2,0,0,1,2,E01008189,08-11-2018,2,2,2,2,20,4,3,0,0,1,0,-1,9,1
56103,72.92271595,19.16114727,10,3,3,1,4,09:45,140,E06000048,5,102,6,60,0,-1,-1,0,0,0,1,1,2,0,0,2,2,E01027372,09-11-2018,1,1,1,1,11,3,3,0,0,0,0,-1,3,1
56104,72.89028502,19.06648873,10,3,2,1,3,16:10,148,E08000022,4,1323,6,30,8,4,6,136,0,0,1,2,2,0,0,1,1,E01008522,08-11-2018,1,1,1,1,17,4,3,0,0,0,0,-1,9,1
56105,72.89817208,19.19182172,10,3,2,2,6,08:10,146,E08000020,6,3056,6,30,0,-1,-1,0,0,0,1,2,2,0,0,1,2,E01008241,04-11-2018,1,2,2,1,17,4,3,0,0,2,0,-1,9,-1
56106,72.87859989,19.19994345,10,3,3,2,4,08:37,150,E08000024,5,505,6,30,3,4,6,335,0,0,1,1,2,0,0,1,1,E01008798,09-11-2018,1,1,3,2,14,3,3,4,3,0,0,-1,0,-1
56107,72.90206329,19.15985949,10,2,1,1,4,14:15,149,E08000023,6,436,6,30,0,-1,-1,0,0,0,1,1,1,0,0,1,2,E01008682,09-11-2018,1,1,3,1,22,5,3,5,1,0,0,-1,0,1
56108,72.86156556,19.10139174,10,3,2,2,4,09:11,149,E08000023,6,4006,6,30,3,4,6,4006,0,0,1,1,1,0,0,1,1,E01008597,09-11-2018,2,1,1,1,38,7,3,0,0,0,0,-1,8,1
56109,72.90873007,19.07588775,10,3,1,1,3,11:50,147,E08000021,2,167,3,50,0,-1,-1,0,0,0,1,2,2,0,0,1,1,E01008407,08-11-2018,3,1,1,1,32,6,3,0,0,0,0,-1,9,2
56110,72.850318,19.1282707,10,3,2,2,4,11:00,147,E08000021,3,6085,3,50,1,2,3,695,0,0,1,1,1,0,0,1,2,E01008415,09-11-2018,2,1,1,1,36,7,3,0,0,0,0,-1,9,1
56111,72.92049705,19.14704895,10,3,2,2,3,09:40,147,E08000021,3,193,3,30,6,2,4,1600,0,5,1,2,2,0,0,1,1,E01008406,08-11-2018,2,2,2,1,21,5,3,0,0,1,0,-1,9,1
56112,72.88761763,19.1544305,10,3,2,1,4,17:05,142,E06000048,3,193,6,30,0,-1,-1,0,0,0,4,2,2,0,0,1,2,E01027424,02-11-2018,1,1,1,2,40,7,3,0,0,0,0,-1,3,1
56113,72.90456956,19.19035831,10,3,2,3,3,15:52,145,E06000048,3,189,3,70,0,-1,-1,0,0,0,1,2,2,0,0,2,1,E01027548,08-11-2018,1,1,2,2,50,8,3,0,0,0,4,-1,11,1
56114,72.90372937,19.08531929,10,3,2,1,3,17:39,147,E08000021,3,193,6,40,0,-1,-1,0,0,0,4,2,2,0,0,1,1,E01008406,08-11-2018,1,1,3,2,18,4,3,5,3,0,0,-1,0,-1
56115,72.89673633,19.1997806,10,3,2,1,6,09:21,147,E08000021,6,226,6,30,0,-1,-1,0,0,0,1,2,2,0,0,1,1,E01008365,04-11-2018,1,1,3,1,14,3,2,5,4,0,0,-1,0,1
56116,72.91159289,19.17369209,10,3,2,2,3,13:50,145,E06000048,3,1068,3,60,1,4,3,19,0,0,1,2,2,0,0,2,1,E01008582,08-11-2018,2,1,1,2,38,7,3,0,0,0,0,-1,3,1
56117,72.8300033,19.20118188,10,3,2,1,2,08:35,142,E06000048,3,189,3,70,0,-1,-1,0,0,0,1,1,2,0,0,2,1,E01027436,07-11-2018,2,1,2,1,50,8,3,0,0,1,0,-1,9,1
56118,72.88272821,19.14902498,10,3,2,3,7,10:10,143,E06000048,3,1068,6,60,3,4,5,118,0,0,1,1,1,0,0,2,1,E01027445,05-11-2018,1,1,3,1,10,2,3,6,5,0,0,-1,0,-1
56119,72.88200554,19.16971709,10,3,1,1,3,17:30,148,E08000022,6,337,6,30,3,4,6,337,0,0,4,2,2,0,0,1,2,E01008564,08-11-2018,1,1,3,1,7,2,3,1,1,0,0,-1,0,1
56120,72.8667645,19.19882923,10,3,4,3,6,12:15,145,E06000048,3,1068,6,60,3,4,6,6725,0,0,1,1,2,0,0,2,2,E01027521,04-11-2018,1,1,2,1,22,5,3,0,0,1,0,-1,8,-1
56121,72.8811414,19.13024162,10,3,4,1,3,08:58,143,E06000048,3,1068,6,60,0,-1,-1,0,0,0,1,2,2,0,0,2,1,E01027445,08-11-2018,1,2,2,1,25,5,3,0,0,2,0,-1,8,1
56122,72.86356569,19.18412102,10,3,1,1,3,19:10,146,E08000020,6,3018,6,30,0,-1,-1,0,0,0,4,1,2,0,0,2,1,E01008276,25-10-2018,1,3,2,1,22,5,3,0,0,2,0,-1,8,-1
56123,72.83000714,19.11416819,10,3,2,1,3,16:35,148,E08000022,6,437,6,30,6,4,6,437,0,0,4,2,2,0,0,1,1,E01008550,08-11-2018,2,1,2,2,30,6,3,0,0,2,0,-1,9,1
56124,72.83598919,19.10533654,10,3,3,1,4,05:50,142,E06000048,3,189,3,70,5,4,3,189,0,0,4,1,1,0,0,2,1,E01027425,09-11-2018,2,1,1,1,24,5,3,0,0,0,0,-1,9,1
56125,72.84130297,19.18690167,10,3,2,1,5,17:35,143,E06000048,5,145,6,60,0,-1,-1,0,0,0,1,1,1,7,0,2,1,E01027447,30-06-2018,2,2,2,2,24,5,3,0,0,1,0,-1,9,1
56126,72.84327956,19.07298688,10,3,3,4,3,11:40,150,E08000024,3,183,6,30,6,2,5,512,0,0,1,2,2,0,0,1,1,E01008833,08-11-2018,2,1,1,2,36,7,3,0,0,0,0,-1,9,1
56127,72.92712044,19.10453735,10,3,2,1,5,22:30,146,E08000020,5,325,6,30,6,4,6,326,0,8,4,9,1,0,0,1,1,E01008259,10-11-2018,2,2,2,1,6,2,3,0,0,2,0,-1,9,1
56128,72.83706555,19.14503883,10,3,1,3,1,01:20,146,E08000020,3,1,3,70,0,-1,-1,0,0,0,4,1,2,0,0,1,1,E01008260,06-11-2018,2,3,2,1,3,1,3,0,0,2,0,-1,9,1
56129,72.92383515,19.14725294,10,3,1,1,3,14:00,147,E08000021,3,1,3,70,0,-1,-1,0,0,0,1,2,2,0,0,1,1,E01008345,08-11-2018,2,1,2,2,46,8,3,0,0,1,0,-1,9,1
56130,72.85941509,19.08264071,10,3,1,1,1,01:38,149,E08000023,3,183,6,30,0,-1,-1,0,0,0,4,1,1,0,0,1,1,E01008596,06-11-2018,2,2,2,2,11,3,3,0,0,2,0,-1,9,1
56131,72.87385357,19.14985512,10,3,2,2,7,12:57,148,E08000022,3,1058,3,70,0,-1,-1,0,0,0,1,1,1,0,0,1,1,E01008487,12-11-2018,2,1,1,1,19,4,3,0,0,0,0,-1,9,1
56132,72.88542921,19.20447859,10,2,2,2,4,15:25,147,E08000021,6,327,6,30,8,4,6,327,0,0,1,1,2,0,0,2,1,E01008310,02-11-2018,2,1,1,1,35,6,3,0,0,0,0,-1,9,1
56133,72.83081201,19.19216468,10,3,1,1,4,06:57,146,E08000020,3,184,6,60,5,4,3,1,0,0,4,1,2,0,0,1,1,E01008259,09-11-2018,2,1,1,2,50,8,3,0,0,0,0,-1,9,1
56134,72.88315988,19.0795666,10,3,2,2,4,08:50,145,E06000048,6,6548,6,30,0,-1,-1,0,0,0,1,1,1,0,0,2,2,E01027516,09-11-2018,1,1,1,1,17,4,2,0,0,0,0,-1,2,1
56135,72.89303553,19.12861572,10,3,1,1,4,13:00,150,E08000024,6,235,6,30,3,4,3,1231,0,0,1,1,1,0,0,1,2,E01008834,09-11-2018,2,1,1,2,22,5,3,0,0,0,0,-1,9,1
56136,72.8640228,19.18836455,10,3,2,1,4,08:35,146,E08000020,3,1,3,70,0,-1,-1,0,0,0,1,1,2,0,0,1,1,E01008260,09-11-2018,2,1,1,1,32,6,3,0,0,0,0,-1,10,1
56137,72.91993192,19.12758193,10,3,2,1,5,08:45,149,E08000023,5,409,6,30,3,4,6,436,0,1,1,1,2,0,0,1,1,E01008623,10-11-2018,2,2,2,1,32,6,3,0,0,1,0,-1,10,-1
56138,72.9278196,19.14374297,10,3,2,1,7,17:45,148,E08000022,4,1505,6,30,3,4,6,427,0,0,4,1,2,0,0,1,1,E01008503,05-11-2018,2,3,2,1,32,6,3,0,0,2,0,-1,10,-1
56139,72.92287578,19.20831976,10,3,2,1,4,17:15,146,E08000020,4,1296,6,30,3,4,6,225,0,0,1,1,1,0,0,1,2,E01008221,19-10-2018,2,4,2,1,30,6,3,0,0,2,0,-1,10,-1
56140,72.86926554,19.12834203,10,3,2,1,2,08:45,150,E08000024,6,5030,2,30,3,2,3,112,0,5,1,1,1,0,0,1,2,E01008789,17-10-2018,2,1,1,1,14,3,3,0,0,0,0,-1,1,-1
56141,72.88157287,19.06946037,10,3,2,2,7,19:45,150,E08000024,3,690,3,50,3,4,5,517,0,0,4,2,2,0,0,2,1,E01008720,12-11-2018,1,1,3,2,82,11,3,5,2,0,0,-1,0,1
56142,72.87476998,19.18588943,10,3,2,1,7,17:30,149,E08000023,3,194,1,40,1,4,5,406,0,0,4,2,2,0,0,1,1,E01008601,12-11-2018,1,1,1,1,45,7,3,0,0,0,0,-1,8,1
56143,72.93166582,19.17239063,10,3,3,3,6,12:05,149,E08000023,4,1298,6,30,0,-1,-1,0,0,0,1,4,1,0,0,2,1,E01008614,11-11-2018,1,1,1,1,13,3,3,0,0,0,0,-1,1,-1
56144,72.85135289,19.0978573,10,3,2,1,1,10:31,146,E08000020,6,3037,6,30,3,4,6,3038,0,0,1,1,2,0,0,1,1,E01008193,06-11-2018,2,1,1,2,30,6,3,0,0,0,0,-1,9,-1
56145,72.83233489,19.15567704,10,3,1,2,4,18:35,146,E08000020,5,318,6,30,9,4,6,426,0,0,4,1,1,0,0,1,1,E01008202,09-11-2018,2,1,1,2,25,5,3,0,0,0,0,-1,9,1
56146,72.83788102,19.19877121,10,3,1,1,6,08:35,150,E08000024,5,503,6,30,3,4,6,135,1,0,1,1,2,0,0,1,1,E01008843,11-11-2018,1,1,1,1,32,6,2,0,0,0,0,-1,4,-1
56147,72.91379621,19.0696558,10,3,2,1,4,21:50,150,E08000024,6,5035,6,30,3,4,6,335,0,0,4,1,1,0,0,1,1,E01008753,09-11-2018,2,1,1,2,65,9,3,0,0,0,0,-1,9,1
56148,72.83505709,19.13870028,10,3,2,1,3,13:37,146,E08000020,5,324,3,40,2,4,6,326,0,0,1,2,2,0,0,1,1,E01008259,08-11-2018,2,1,1,2,11,3,3,0,0,0,0,-1,1,-1
56149,72.93712263,19.10514473,10,3,2,1,3,21:03,146,E08000020,4,6317,6,30,0,-1,-1,0,0,0,4,2,2,0,0,1,1,E01008263,08-11-2018,1,1,1,1,5,1,3,0,0,0,0,-1,1,-1
56150,72.90587955,19.07411156,10,3,2,1,3,08:00,150,E08000024,5,503,6,30,8,4,6,335,0,0,1,2,2,0,0,1,1,E01008795,08-11-2018,1,1,1,1,21,5,3,0,0,0,0,-1,9,1
56151,72.91749394,19.05740188,10,3,1,1,6,15:22,146,E08000020,5,328,6,30,0,-1,-1,0,0,0,1,5,2,0,0,1,1,E01008229,11-11-2018,2,1,2,2,9,2,3,0,0,1,0,-1,9,1
56152,72.86069741,19.10507245,10,3,2,2,2,13:55,150,E08000024,6,145,6,30,3,4,6,145,0,0,1,1,1,0,0,1,1,E01008791,07-11-2018,1,1,1,2,39,7,3,0,0,0,0,-1,9,1
56153,72.8642213,19.16902538,10,3,2,1,6,22:45,147,E08000021,3,186,6,30,3,2,4,1307,0,5,4,1,1,0,0,1,1,E01008440,11-11-2018,2,1,1,2,34,6,3,0,0,0,0,-1,9,1
56154,72.906606,19.18023146,10,3,2,2,1,11:47,146,E08000020,3,184,3,50,0,-1,-1,0,0,0,1,1,1,0,0,1,1,E01008286,13-11-2018,2,1,1,2,38,7,3,0,0,0,0,-1,9,1
56155,72.87477113,19.20319917,10,3,1,1,3,18:30,150,E08000024,3,1018,2,30,3,4,3,1018,0,0,4,5,2,0,0,1,1,E01008834,08-11-2018,2,2,2,2,29,6,3,0,0,1,0,-1,9,-1
56156,72.86789993,19.15920331,10,3,2,3,6,09:00,147,E08000021,6,426,6,30,3,4,6,426,0,0,1,1,2,0,0,1,1,E01008429,11-11-2018,2,1,1,1,19,4,3,0,0,0,0,-1,1,1
56157,72.93127979,19.15208131,10,2,1,1,3,12:45,150,E08000024,5,511,6,30,0,-1,-1,0,0,0,1,1,1,0,0,1,2,E01008704,01-11-2018,1,1,1,1,22,5,2,0,0,0,0,-1,9,1
56158,72.86134644,19.07209625,10,3,3,4,1,11:45,146,E08000020,5,312,6,50,3,4,5,311,0,0,1,1,1,0,0,2,1,E01008226,13-11-2018,2,1,2,1,16,4,2,0,0,2,0,-1,9,1
56159,72.87374291,19.15798006,10,3,2,1,7,17:20,150,E08000024,6,234,6,30,0,-1,-1,0,0,0,4,1,1,0,0,1,1,E01008719,12-11-2018,2,1,1,1,38,7,3,0,0,0,0,-1,9,-1
56160,72.89541009,19.07200759,10,2,2,2,1,17:00,144,E06000048,3,69,3,70,0,-1,-1,0,0,0,6,1,1,0,0,2,1,E01027483,13-11-2018,2,2,2,1,35,6,3,0,0,1,0,-1,9,-1
56161,72.91471935,19.10369098,10,3,2,1,1,15:23,147,E08000021,4,1307,6,30,3,2,4,1309,0,5,1,1,1,0,0,1,1,E01008397,06-11-2018,1,1,1,1,13,3,3,0,0,0,0,-1,1,-1
56162,72.92885318,19.16860784,10,3,2,1,1,04:18,150,E08000024,6,235,6,30,0,-1,-1,0,0,0,4,1,1,0,0,1,1,E01008816,13-11-2018,1,1,1,2,75,10,3,0,0,0,0,-1,9,1
56163,72.84408544,19.2049414,10,3,3,1,4,17:35,148,E08000022,3,192,6,30,3,4,6,337,0,0,4,1,1,0,0,1,1,E01008522,09-11-2018,2,1,1,1,45,7,3,0,0,0,0,-1,9,1
56164,72.91099375,19.19709557,10,3,3,1,1,13:10,150,E08000024,5,511,6,30,3,4,6,235,0,0,1,1,1,0,0,1,1,E01008700,13-11-2018,2,1,1,2,58,9,3,0,0,0,0,-1,9,-1
56165,72.87258221,19.08295332,10,3,1,1,4,19:35,140,E06000048,5,94,6,60,0,-1,-1,0,0,0,6,3,5,0,0,2,1,E01027371,02-11-2018,1,1,3,2,13,3,3,4,4,0,0,-1,0,1
56166,72.89337435,19.09167818,10,3,2,2,6,17:05,148,E08000022,5,206,6,30,0,-1,-1,0,0,0,4,5,2,0,0,1,1,E01008526,11-11-2018,2,1,2,2,29,6,3,0,0,0,4,-1,11,-1
56167,72.93510803,19.0676026,10,3,2,1,6,16:40,148,E08000022,3,193,6,30,1,4,6,136,0,0,1,1,1,0,0,1,2,E01008572,28-10-2018,2,2,2,2,29,6,3,0,0,0,4,-1,11,-1
56168,72.93772398,19.18519622,10,3,2,1,6,17:05,146,E08000020,3,184,1,30,1,2,3,184,0,0,4,1,1,0,0,1,2,E01008241,11-11-2018,2,3,2,2,29,6,3,0,0,0,4,-1,11,-1
56169,72.89432713,19.09085821,10,3,2,1,2,08:50,147,E08000021,3,191,1,30,1,4,3,189,0,4,1,1,1,0,0,1,2,E01008321,14-11-2018,2,4,2,2,29,6,3,0,0,0,4,-1,11,-1
56170,72.87970013,19.08367114,10,3,2,1,2,11:00,150,E08000024,6,235,6,30,6,4,6,235,0,0,1,1,1,0,0,1,2,E01008701,07-11-2018,2,5,2,2,29,6,3,0,0,0,4,-1,11,-1
56171,72.90583018,19.08144786,10,3,2,1,3,13:15,146,E08000020,3,1,7,60,5,4,3,1,0,0,1,8,2,0,0,1,1,E01008260,08-11-2018,2,6,2,1,30,6,3,0,0,0,4,-1,11,-1
56172,72.87455683,19.15772476,10,3,2,2,4,18:24,148,E08000022,3,1,3,70,5,4,3,19,0,0,4,2,2,0,0,2,1,E01008582,02-11-2018,1,1,1,2,41,7,2,0,0,0,0,-1,9,1
56173,72.93126084,19.09004336,10,3,2,1,4,10:04,144,E06000048,3,68,6,60,6,4,6,6079,0,0,1,1,2,0,0,2,1,E01027480,09-11-2018,2,1,1,2,42,7,3,0,0,0,0,-1,9,1
56174,72.92897448,19.20552539,10,3,2,1,7,11:10,143,E06000048,3,197,6,30,0,-1,-1,0,0,0,1,1,1,0,0,2,1,E01027463,05-11-2018,2,1,2,2,60,9,3,0,0,1,0,-1,9,-1
56175,72.90150436,19.19595347,10,3,1,1,1,20:10,145,E06000048,6,6716,6,30,0,-1,-1,0,0,0,4,1,2,0,0,2,1,E01027548,06-11-2018,3,1,2,2,53,8,3,0,0,1,0,-1,9,1
56176,72.89946754,19.14724141,10,3,2,1,4,15:40,148,E08000022,3,1058,7,30,3,4,5,215,0,0,7,1,1,0,0,1,1,E01008533,09-11-2018,1,2,2,1,39,7,3,0,0,2,0,-1,9,1
56177,72.85330012,19.07116678,10,3,2,2,2,13:19,142,E06000048,6,9522,6,30,0,-1,-1,0,0,1,1,1,1,0,0,1,1,E01027426,07-11-2018,1,3,2,1,38,7,3,0,0,2,0,-1,9,1
56178,72.90458276,19.08184331,10,3,1,1,7,20:40,143,E06000048,4,1340,6,30,3,4,6,0,0,0,4,1,2,0,0,2,1,E01027444,12-11-2018,1,4,2,1,55,8,3,0,0,1,0,-1,9,1
56179,72.93110713,19.10850529,10,3,2,2,5,11:32,150,E08000024,6,5038,6,60,3,4,6,335,0,8,1,1,1,0,0,2,1,E01008797,10-11-2018,1,5,2,1,48,8,3,0,0,2,0,-1,9,1
56180,72.90291006,19.17019579,10,3,2,3,1,22:55,147,E08000021,3,186,1,30,1,4,4,1305,0,0,4,1,1,0,0,1,1,E01008289,13-11-2018,2,1,1,1,48,8,3,0,0,0,0,-1,9,1
56181,72.88024518,19.07190941,10,3,1,1,1,02:53,146,E08000020,6,426,6,30,0,-1,-1,0,0,0,4,1,1,0,0,1,1,E01008201,13-11-2018,2,1,1,2,24,5,3,0,0,0,0,-1,9,1
56182,72.91017198,19.10346623,10,3,1,2,7,13:09,147,E08000021,5,119,6,30,6,4,6,326,0,0,1,1,1,0,0,1,1,E01008440,12-11-2018,2,2,2,2,24,5,3,0,0,2,0,-1,9,-1
56183,72.83702467,19.11399666,10,2,1,1,7,20:29,145,E06000048,6,6703,6,30,0,-1,-1,0,0,0,4,2,2,0,0,1,1,E01027533,12-11-2018,2,1,1,1,24,5,3,0,0,0,0,-1,5,1
56184,72.85817717,19.16538533,10,2,3,2,1,11:40,144,E06000048,4,6320,6,60,0,-1,-1,0,0,0,1,1,1,0,0,2,1,E01027479,13-11-2018,2,1,1,1,41,7,3,0,0,0,0,-1,9,1
56185,72.86186307,19.16296448,10,3,2,2,1,10:30,142,E06000048,3,1172,3,40,3,2,6,9551,0,0,1,1,1,0,0,2,1,E01027413,13-11-2018,2,1,1,2,55,8,3,0,0,0,0,-1,9,1
56186,72.85360055,19.0779499,10,3,1,1,7,00:40,147,E08000021,5,147,3,30,3,2,5,142,0,4,4,1,1,0,0,1,1,E01008397,12-11-2018,2,2,2,2,20,4,3,0,0,1,0,-1,9,1
56187,72.8896193,19.18995533,10,3,2,1,7,08:40,144,E06000048,3,68,6,60,3,4,6,5003,0,0,1,1,2,0,0,2,1,E01027503,12-11-2018,2,1,2,2,18,4,3,0,0,1,0,-1,9,1
56188,72.92437469,19.11630552,10,1,1,1,5,07:09,147,E08000021,6,326,6,30,0,-1,-1,0,0,0,4,1,1,0,0,1,1,E01008291,10-11-2018,1,1,1,1,38,7,2,0,0,0,0,-1,4,-1
56189,72.90419282,19.12049411,10,3,2,1,7,08:40,147,E08000021,5,101,1,30,1,4,6,126,0,0,1,1,2,0,0,1,1,E01008294,29-10-2018,1,1,2,1,20,4,3,0,0,1,0,-1,9,1
56190,72.92047336,19.17412378,10,3,2,1,1,11:30,147,E08000021,5,104,6,30,3,2,6,126,0,5,1,1,2,0,0,1,2,E01008342,13-11-2018,1,1,1,2,34,6,3,0,0,0,0,-1,9,1
56191,72.83013285,19.12111901,10,3,2,1,3,13:53,147,E08000021,3,186,6,30,6,2,5,112,0,0,1,2,2,0,0,1,1,E01008416,08-11-2018,2,2,2,2,29,6,3,0,0,1,0,-1,9,-1