Accident_Index,longitude,latitude,Police_Force,Accident_Severity,Number_of_Vehicles,Number_of_Casualties,Day_of_Week,Time,Local_Authority_(District),Local_Authority_(Highway),1st_Road_Class,1st_Road_Number,Road_Type,Speed_limit,Junction_Detail,Junction_Control,2nd_Road_Class,2nd_Road_Number,Pedestrian_Crossing-Human_Control,Pedestrian_Crossing-Physical_Facilities,Light_Conditions,Weather_Conditions,Road_Surface_Conditions,Special_Conditions_at_Site,Carriageway_Hazards,Urban_or_Rural_Area,Did_Police_Officer_Attend_Scene_of_Accident,LSOA_of_Accident_Location,Date,Vehicle_Reference,Casualty_Reference,Casualty_Class,Sex_of_Casualty,Age_of_Casualty,Age_Band_of_Casualty,Casualty_Severity,Pedestrian_Location,Pedestrian_Movement,Car_Passenger,Bus_or_Coach_Passenger,Pedestrian_Road_Maintenance_Worker,Casualty_Type,Casualty_Home_Area_Type
56546,72.89497633,19.15334828,10,3,2,1,4,11:10,147,E08000021,3,1,3,70,0,-1,-1,0,0,0,1,1,2,0,0,1,1,E01008416,07-12-2018,2,2,1,1,35,6,3,0,0,0,0,-1,9,1
56547,72.92298048,19.066401,10,3,2,1,2,13:10,150,E08000024,5,511,6,30,3,4,6,235,0,4,1,1,1,0,0,1,2,E01008704,05-12-2018,3,1,1,1,36,7,3,0,0,0,0,-1,9,1
56548,72.85341617,19.14888987,10,3,2,1,1,17:10,150,E08000024,6,5064,6,60,0,-1,-1,0,0,0,6,1,2,0,0,2,1,E01008765,11-12-2018,1,1,3,2,14,3,3,5,1,0,0,-1,0,-1
56549,72.85325499,19.16255915,10,3,2,1,3,08:45,150,E08000024,3,183,6,30,1,4,6,145,0,0,1,1,2,0,0,1,2,E01008791,06-12-2018,1,1,1,1,16,4,3,0,0,0,0,-1,2,1
56550,72.90836572,19.11619689,10,3,2,2,5,08:05,145,E06000048,5,415,6,60,3,4,6,0,0,0,1,1,2,0,0,2,1,E01027552,08-12-2018,2,1,1,2,24,5,3,0,0,0,0,-1,9,2
56551,72.91388768,19.11299215,10,3,1,1,1,04:19,140,E06000048,3,1,3,70,5,4,4,1340,0,0,6,1,2,0,0,2,1,E01027356,04-12-2018,1,1,3,1,17,4,2,5,1,0,0,-1,0,-1
56552,72.8619192,19.08278718,10,3,2,1,6,17:40,143,E06000048,3,197,1,30,2,4,6,6112,0,0,4,1,2,0,0,1,1,E01027457,09-12-2018,1,1,3,1,17,4,3,5,1,0,0,-1,0,-1
56553,72.85245891,19.19760614,10,3,2,1,7,08:09,150,E08000024,3,19,3,70,0,-1,-1,0,0,0,6,1,2,0,0,2,1,E01008855,10-12-2018,1,1,1,1,43,7,2,0,0,0,0,-1,9,1
56554,72.86966801,19.07812748,10,3,1,1,7,06:29,146,E08000020,3,184,3,50,0,-1,-1,0,0,0,4,1,2,0,0,1,1,E01008241,10-12-2018,2,2,1,1,31,6,3,0,0,0,0,-1,19,1
56555,72.85028783,19.10045581,10,3,1,1,6,17:40,146,E08000020,4,6317,6,30,0,-1,-1,0,0,0,4,1,2,0,0,1,1,E01008262,02-12-2018,2,1,1,1,34,6,3,0,0,0,0,-1,1,1
56556,72.86948364,19.09116891,10,3,2,1,4,10:35,146,E08000020,5,324,3,30,1,4,6,125,0,0,1,1,2,0,0,1,1,E01008259,07-12-2018,2,1,1,2,30,6,3,0,0,0,0,-1,9,1
56557,72.85483233,19.12795649,10,3,2,1,5,14:50,146,E08000020,3,1,3,70,0,-1,-1,0,0,0,1,1,2,0,0,1,1,E01008262,08-12-2018,1,1,1,1,75,10,3,0,0,0,0,-1,9,1
56558,72.87397385,19.14617291,10,2,2,1,5,19:10,146,E08000020,4,6317,6,30,3,4,6,316,0,0,4,1,2,0,0,1,1,E01008245,08-12-2018,1,2,2,2,75,10,3,0,0,1,0,-1,9,1
56559,72.82646999,19.19751213,10,2,1,1,6,16:02,147,E08000021,5,124,6,30,0,-1,-1,0,0,0,4,1,2,0,0,1,1,E01008303,09-12-2018,1,1,3,1,29,6,3,5,1,0,0,-1,0,1
56560,72.90986398,19.13374696,10,3,2,4,5,22:50,146,E08000020,4,6317,6,30,0,-1,-1,0,0,0,4,2,2,0,0,2,1,E01008266,08-12-2018,2,1,1,1,58,9,3,0,0,0,0,-1,1,1
56561,72.87360927,19.10787049,10,3,2,1,1,12:15,150,E08000024,6,5023,6,60,0,-1,-1,0,0,0,1,1,2,0,0,2,1,E01008798,04-12-2018,1,1,3,1,55,8,3,5,9,0,0,-1,0,1
56562,72.88393959,19.09109769,10,2,2,1,6,14:30,146,E08000020,3,167,6,30,3,4,6,425,0,0,1,1,2,0,0,1,2,E01008174,09-12-2018,2,1,1,2,27,6,3,0,0,0,0,-1,9,1
56563,72.89294849,19.09074448,10,3,2,3,3,14:26,148,E08000022,3,1058,6,60,0,-1,-1,0,0,4,1,1,2,0,0,1,1,E01008525,06-12-2018,2,2,2,1,7,2,3,0,0,1,0,-1,9,1
56564,72.85190906,19.05720241,10,3,1,1,1,04:10,146,E08000020,6,226,6,30,0,-1,-1,0,0,0,4,1,2,0,0,1,1,E01008267,11-12-2018,2,3,2,2,8,2,3,0,0,2,0,-1,9,1
56565,72.85634471,19.08435433,10,3,1,1,5,16:06,148,E08000022,6,2030,6,30,0,-1,-1,0,0,0,4,1,1,0,0,2,1,E01008488,08-12-2018,2,4,2,1,2,1,3,0,0,2,0,-1,9,1
56566,72.8892624,19.05903466,10,2,2,1,5,11:56,150,E08000024,3,182,1,40,1,4,3,690,0,8,1,1,2,0,0,1,1,E01008720,08-12-2018,1,1,3,2,15,3,3,5,2,0,0,-1,0,1
56567,72.91629815,19.18843758,10,3,2,2,6,15:15,150,E08000024,3,1231,1,70,1,2,3,19,0,0,1,8,2,0,0,2,2,E01008695,09-12-2018,1,1,1,1,20,4,3,0,0,0,0,-1,9,-1
56568,72.92355461,19.13910533,10,2,2,3,4,14:40,140,E06000048,4,6341,6,60,0,-1,-1,0,0,0,1,1,4,0,0,2,1,E01027373,07-12-2018,2,2,1,1,38,7,3,0,0,0,0,-1,8,1
56569,72.84305236,19.11467322,10,3,1,1,1,19:13,147,E08000021,5,101,6,60,0,-1,-1,0,0,0,6,1,2,0,0,2,1,E01008458,04-12-2018,1,1,1,1,16,4,3,0,0,0,0,-1,2,1
56570,72.92314283,19.10677427,10,3,1,1,7,17:30,150,E08000024,3,1290,6,30,3,4,6,135,0,0,4,2,1,0,0,1,2,E01008860,03-12-2018,2,1,1,1,45,7,3,0,0,0,0,-1,9,1
56571,72.92228401,19.19903403,10,3,2,2,7,13:21,146,E08000020,5,328,6,30,3,4,6,225,0,0,1,1,2,0,0,1,1,E01008285,10-12-2018,1,1,3,2,16,4,3,5,3,0,0,-1,0,1
56572,72.88160116,19.09364551,10,3,2,1,2,13:45,147,E08000021,5,116,6,30,3,4,6,126,0,0,1,1,1,0,0,1,1,E01008333,05-12-2018,2,1,1,1,56,9,3,0,0,0,0,-1,9,1
56573,72.89533866,19.18406713,10,3,3,1,3,15:50,150,E08000024,3,182,6,30,0,-1,-1,0,0,0,1,1,2,0,0,1,2,E01008796,06-12-2018,1,1,1,1,84,11,3,0,0,0,0,-1,9,1
56574,72.91290968,19.13476126,10,3,1,1,7,09:56,146,E08000020,5,327,2,30,0,-1,-1,0,0,0,1,1,2,0,0,1,1,E01008262,10-12-2018,1,3,2,2,80,11,3,0,0,1,0,-1,9,1
56575,72.86259923,19.13626265,10,3,2,2,2,19:03,147,E08000021,4,6324,6,40,9,2,5,110,0,5,4,1,2,0,0,2,1,E01008444,05-12-2018,2,2,1,1,28,6,3,0,0,0,0,-1,19,1
56576,72.87724592,19.0790919,10,3,2,2,7,01:00,150,E08000024,5,500,6,30,0,-1,-1,0,0,0,4,1,2,0,0,1,1,E01008877,10-12-2018,1,1,3,1,12,3,3,5,1,0,0,-1,0,-1
56577,72.93107488,19.10833865,10,3,3,1,3,18:20,147,E08000021,3,167,3,70,0,-1,-1,0,0,0,4,2,2,0,0,1,1,E01008450,06-12-2018,1,1,3,2,11,3,3,4,1,0,0,-1,0,1
56578,72.87791949,19.05673775,10,2,1,1,6,15:45,147,E08000021,5,112,6,30,3,4,6,126,0,0,4,1,2,0,0,1,1,E01008450,09-12-2018,1,1,1,2,33,6,3,0,0,0,0,-1,9,3
56579,72.90782507,19.12131911,10,3,1,1,7,13:30,147,E08000021,3,69,3,70,0,-1,-1,0,0,0,1,1,2,0,0,1,1,E01008326,10-12-2018,1,2,3,1,14,3,3,5,1,0,0,-1,0,1
56580,72.82762826,19.09764496,10,2,2,3,5,18:45,144,E06000048,4,6304,6,60,3,4,4,6305,0,0,6,1,2,0,0,2,1,E01027488,08-12-2018,1,1,3,2,13,3,3,5,4,0,0,-1,0,-1
56581,72.84667904,19.14808622,10,3,1,1,7,20:08,147,E08000021,4,1307,6,30,6,4,5,144,0,0,4,1,1,0,0,1,1,E01008440,10-12-2018,1,1,3,2,12,3,3,5,2,0,0,-1,0,-1
56582,72.83736482,19.19097258,10,3,1,2,3,00:05,144,E06000048,4,6318,6,60,0,-1,-1,0,0,0,6,1,1,0,0,2,1,E01027480,06-12-2018,1,1,3,1,15,3,3,10,3,0,0,-1,0,-1
56583,72.90122927,19.15471148,10,3,1,1,5,12:35,149,E08000023,6,236,6,30,3,4,6,236,0,0,1,1,1,0,0,1,2,E01008667,08-12-2018,2,1,1,2,19,4,3,0,0,0,0,-1,9,1
56584,72.85899914,19.08590348,10,2,2,1,2,17:50,148,E08000022,6,2003,6,30,8,4,6,226,0,0,4,5,2,0,0,1,1,E01008465,28-11-2018,1,1,3,2,87,11,3,8,3,0,0,-1,0,1
56585,72.93466761,19.13274223,10,3,3,1,1,04:10,150,E08000024,5,511,6,30,6,2,5,512,0,4,4,1,2,0,0,1,1,E01008759,11-12-2018,2,1,1,1,30,6,3,0,0,0,0,-1,9,1
56586,72.86809012,19.07579913,10,2,2,3,5,15:20,148,E08000022,3,19,3,70,0,-1,-1,0,0,0,1,1,2,0,0,2,1,E01008478,08-12-2018,2,2,2,2,30,6,3,0,0,1,0,-1,9,-1
56587,72.88646714,19.1745446,10,3,1,1,7,14:00,148,E08000022,3,186,6,30,0,-1,-1,0,0,0,1,1,1,0,0,1,1,E01008533,10-12-2018,2,3,2,1,6,2,3,0,0,2,0,-1,9,-1
56588,72.89532046,19.08560767,10,2,1,2,2,01:24,147,E08000021,5,322,6,30,0,-1,-1,0,0,0,4,1,2,0,0,1,1,E01008440,12-12-2018,1,1,1,1,31,6,3,0,0,0,0,-1,3,1
56589,72.843317,19.09526453,10,3,2,1,2,15:39,147,E08000021,5,112,6,30,3,4,6,126,0,0,4,1,2,0,0,1,1,E01008347,05-12-2018,2,1,1,1,33,6,3,0,0,0,0,-1,1,1
56590,72.85776514,19.2002724,10,3,2,1,6,15:30,147,E08000021,4,6324,6,60,0,-1,-1,0,0,0,1,1,1,0,0,1,1,E01008444,09-12-2018,2,1,1,1,27,6,3,0,0,0,0,-1,9,1
56591,72.91490753,19.2012581,10,3,2,1,6,12:15,147,E08000021,3,188,6,30,6,2,3,1058,0,5,1,1,2,0,0,1,1,E01008363,09-12-2018,1,1,1,1,32,6,2,0,0,0,0,-1,3,1
56592,72.93768902,19.09759983,10,3,2,1,1,19:15,147,E08000021,5,126,6,30,0,-1,-1,0,0,8,4,4,1,0,2,1,1,E01008363,11-12-2018,2,2,2,2,51,8,3,0,0,2,0,-1,9,1
56593,72.88879728,19.13548464,10,3,1,1,2,22:05,147,E08000021,6,326,6,30,0,-1,-1,0,0,0,4,1,2,0,0,1,1,E01008331,12-12-2018,2,3,2,2,10,2,3,0,0,2,0,-1,9,1
56594,72.83908216,19.09800022,10,3,2,1,6,20:00,150,E08000024,6,5014,6,30,6,4,6,235,0,0,4,1,1,0,0,1,1,E01008817,09-12-2018,2,4,2,1,26,6,3,0,0,2,0,-1,9,1
56595,72.93161409,19.10964761,10,3,1,1,6,12:51,150,E08000024,5,523,6,30,3,4,4,1284,0,0,1,1,2,0,0,1,1,E01008748,09-12-2018,2,5,2,1,1,1,3,0,0,2,0,-1,9,1
56596,72.9072863,19.20025441,10,3,2,1,5,16:30,146,E08000020,3,1,3,70,5,4,3,1,0,0,4,1,1,0,0,2,2,E01008224,08-12-2018,3,1,2,2,30,6,3,0,0,2,0,-1,9,1
56597,72.85716275,19.12954607,10,3,2,1,2,16:15,150,E08000024,3,1018,6,30,1,4,3,1018,0,0,1,1,2,0,0,1,2,E01008711,05-12-2018,3,6,1,1,28,6,3,0,0,0,0,-1,9,1
56598,72.8884663,19.13506647,10,3,2,2,2,17:05,147,E08000021,3,191,6,30,3,2,4,1318,0,4,1,1,1,0,0,1,1,E01008419,05-09-2018,1,2,1,1,33,6,3,0,0,0,0,-1,9,-1
56599,72.84696663,19.15234655,10,3,2,1,6,04:59,148,E08000022,6,226,1,70,1,4,3,186,0,0,1,1,4,0,0,1,1,E01008532,09-12-2018,1,3,2,2,28,6,3,0,0,2,0,-1,9,-1
56600,72.90219129,19.16751387,10,3,2,1,1,08:15,144,E06000048,5,257,6,30,3,4,5,257,0,0,1,1,1,0,0,2,1,E01027513,11-12-2018,2,1,1,1,37,7,3,0,0,0,0,-1,8,-1
56601,72.91361003,19.16338452,10,3,2,1,6,17:08,144,E06000048,5,275,6,30,0,-1,-1,0,0,0,4,1,2,0,0,2,1,E01027505,09-12-2018,1,1,1,1,12,3,3,0,0,0,0,-1,1,1
56602,72.9243137,19.17707413,10,3,1,3,1,10:38,144,E06000048,3,69,3,70,0,-1,-1,0,0,0,1,1,1,0,0,2,1,E01027481,11-12-2018,1,1,1,2,20,4,3,0,0,0,0,-1,9,1
56603,72.86014604,19.09905041,10,3,2,1,4,18:30,150,E08000024,4,1405,6,30,3,4,6,235,0,0,4,1,1,0,0,1,2,E01008813,07-12-2018,2,1,1,1,42,7,2,0,0,0,0,-1,3,1
56604,72.8573976,19.0559017,10,3,1,1,1,15:18,144,E06000048,5,234,6,60,0,-1,-1,0,0,0,1,1,2,0,0,2,1,E01027510,11-12-2018,3,1,2,2,35,6,3,0,0,1,0,-1,9,1
56605,72.84637729,19.11753262,10,3,2,1,6,20:20,148,E08000022,5,202,6,30,3,4,6,337,0,0,4,2,2,0,0,1,1,E01008567,21-10-2018,3,2,2,2,9,2,3,0,0,2,0,-1,9,1
56606,72.86536154,19.13572901,10,3,3,1,2,11:20,145,E06000048,5,399,6,30,0,-1,-1,0,0,0,1,1,1,0,0,1,1,E01027539,12-12-2018,1,1,3,1,85,11,3,5,3,0,0,-1,0,1
56607,72.85558225,19.07645745,10,3,2,1,6,10:30,145,E06000048,6,6575,6,30,3,4,6,6575,0,0,1,1,1,0,0,1,2,E01027532,11-11-2018,1,1,3,1,71,10,2,5,1,0,0,-1,0,-1
56608,72.85144411,19.05723764,10,3,2,1,3,08:05,147,E08000021,3,188,6,30,0,-1,-1,0,0,4,1,2,2,0,0,1,2,E01008314,06-12-2018,1,1,3,2,12,3,2,5,4,0,0,-1,0,1
56609,72.87248853,19.07826335,10,3,2,1,4,19:05,145,E06000048,6,6575,6,30,3,4,6,0,0,0,4,1,2,0,0,1,1,E01027532,07-12-2018,1,1,3,1,51,8,3,6,9,0,0,-1,0,1
56610,72.92677889,19.10122944,10,3,2,2,4,13:20,142,E06000048,3,189,3,70,0,-1,-1,0,0,0,1,1,2,0,0,2,1,E01027425,07-12-2018,1,1,3,1,44,7,3,5,3,0,0,-1,0,1
56611,72.92172216,19.18389325,10,3,1,4,1,04:13,142,E06000048,3,189,3,70,0,-1,-1,0,0,0,6,1,2,0,2,2,1,E01027425,11-12-2018,1,1,3,2,24,5,3,9,5,0,0,-1,0,1
56612,72.92092051,19.15451169,10,3,5,2,2,06:55,148,E08000022,3,1,3,70,0,-1,-1,0,0,0,4,1,4,0,0,2,1,E01008582,12-12-2018,2,1,1,2,26,6,3,0,0,0,0,-1,9,1
56613,72.9075697,19.15884748,10,3,2,1,2,17:30,142,E06000048,3,192,6,60,1,4,3,1061,0,0,4,1,1,0,0,2,1,E01027427,12-12-2018,2,1,1,2,64,9,3,0,0,0,0,-1,9,1
56614,72.92140233,19.16440716,10,3,2,1,3,07:34,143,E06000048,3,197,6,60,0,-1,-1,0,0,0,6,2,2,0,0,2,1,E01027457,06-12-2018,1,1,3,2,63,9,3,1,3,0,0,-1,0,1
56615,72.93236628,19.11411577,10,3,2,1,2,05:15,147,E08000021,3,186,1,40,1,4,3,191,0,8,4,1,1,0,0,1,1,E01008416,12-12-2018,2,1,1,1,83,11,3,0,0,0,0,-1,9,1
56616,72.86162671,19.16317739,10,3,3,2,3,14:37,148,E08000022,3,19,3,60,0,-1,-1,0,0,0,1,1,1,0,0,1,1,E01008491,13-12-2018,1,1,2,2,35,6,2,0,0,0,2,-1,11,-1
56617,72.83976838,19.18498154,10,3,2,1,2,17:15,143,E06000048,3,192,6,30,3,4,6,6106,0,0,4,1,2,0,0,1,1,E01027453,12-12-2018,1,1,1,1,37,7,3,0,0,0,0,-1,5,1
56618,72.87784025,19.10778235,10,3,1,1,2,09:30,142,E06000048,6,9503,6,30,3,4,6,9503,0,0,1,1,1,0,0,1,1,E01027415,12-12-2018,1,1,3,1,69,10,3,5,3,0,0,-1,0,-1
56619,72.83806653,19.11843353,10,3,2,1,2,18:40,148,E08000022,6,2025,6,30,3,4,6,337,0,0,4,3,3,0,0,1,2,E01008553,28-11-2018,1,1,1,1,24,5,2,0,0,0,0,-1,9,1
56620,72.8732989,19.16336813,10,3,1,1,6,15:55,150,E08000024,6,5059,6,30,0,-1,-1,0,0,0,4,1,2,0,0,1,1,E01008807,09-12-2018,1,2,3,2,19,4,2,5,4,0,0,-1,0,-1
56621,72.93713992,19.06643365,10,3,2,1,3,17:30,146,E08000020,4,1296,1,30,2,4,4,1426,0,0,4,1,2,0,0,1,2,E01008215,29-11-2018,2,1,1,1,66,10,2,0,0,0,0,-1,9,1
56622,72.85875705,19.15559154,10,3,1,1,2,11:30,150,E08000024,6,235,6,30,0,-1,-1,0,0,0,1,1,1,0,0,1,1,E01008699,12-12-2018,2,1,1,1,26,6,3,0,0,0,0,-1,5,1
56623,72.85356507,19.17817037,10,3,4,1,2,15:55,150,E08000024,3,1018,6,30,0,-1,-1,0,0,5,4,1,1,0,0,1,1,E01008703,12-12-2018,1,1,1,2,30,6,3,0,0,0,0,-1,9,1
56624,72.86428853,19.07400969,10,3,3,1,2,10:00,146,E08000020,5,324,3,40,3,4,6,326,0,0,1,1,1,0,0,1,1,E01008259,12-12-2018,2,2,1,1,65,9,3,0,0,0,0,-1,9,1
56625,72.90404877,19.11581369,10,3,2,1,2,08:22,146,E08000020,6,336,6,30,3,4,3,195,0,0,1,1,2,0,0,1,1,E01008281,12-12-2018,1,1,1,1,22,5,3,0,0,0,0,-1,9,-1
56626,72.88834893,19.1675141,10,3,1,1,3,12:19,144,E06000048,3,68,6,60,0,-1,-1,0,0,0,1,1,2,0,0,2,1,E01027480,13-12-2018,2,1,1,1,20,4,3,0,0,0,0,-1,9,1
56627,72.85176128,19.11626345,10,3,2,1,3,10:34,146,E08000020,3,1,7,60,1,2,3,692,0,0,1,1,2,0,0,1,1,E01008260,13-12-2018,2,2,2,2,21,5,3,0,0,1,0,-1,9,1
56628,72.93651544,19.11194228,10,3,2,1,6,07:47,140,E06000048,4,6344,6,60,0,-1,-1,0,0,0,6,8,4,0,7,2,1,E01027365,09-12-2018,2,3,2,1,18,4,3,0,0,2,0,-1,9,3
56629,72.93380164,19.13731816,10,3,2,1,5,15:32,146,E08000020,4,6317,6,30,6,2,5,301,0,5,1,1,2,0,0,1,1,E01008198,08-12-2018,1,1,1,1,7,2,3,0,0,0,0,-1,3,1
56630,72.90679963,19.1830886,10,3,2,1,2,18:50,148,E08000022,3,191,1,30,1,4,3,188,2,1,4,1,2,0,0,1,1,E01008469,12-12-2018,4,1,1,1,41,7,3,0,0,0,0,-1,5,1
56631,72.87304625,19.09542669,10,3,2,1,4,16:44,148,E08000022,3,191,6,30,3,4,6,337,0,0,4,4,1,0,0,1,1,E01008555,14-12-2018,1,1,3,2,13,3,3,4,3,0,0,-1,0,-1
56632,72.86256012,19.11474605,10,3,2,1,4,15:55,143,E06000048,5,112,6,60,3,4,5,107,0,0,6,1,2,0,0,2,2,E01027444,14-12-2018,1,2,3,2,13,3,3,4,3,0,0,-1,0,-1
56633,72.9207509,19.07314294,10,3,2,2,7,15:50,147,E08000021,3,186,2,30,6,2,5,145,0,5,1,1,2,0,0,1,1,E01008440,10-12-2018,2,1,1,1,30,6,3,0,0,0,0,-1,9,1
56634,72.87270282,19.189843,10,3,2,2,6,20:12,147,E08000021,6,226,6,30,6,4,6,226,0,0,4,2,2,0,0,1,2,E01008318,02-12-2018,2,1,1,2,25,5,3,0,0,0,0,-1,9,1
56635,72.90824838,19.17921655,10,3,3,4,6,15:40,150,E08000024,3,690,6,30,3,4,6,235,0,4,4,1,1,0,0,1,1,E01008781,09-12-2018,1,1,3,1,6,2,3,5,1,0,0,-1,0,-1
56636,72.85273546,19.10619988,10,3,1,1,2,19:10,146,E08000020,6,3051,6,30,0,-1,-1,0,0,0,4,1,1,0,0,1,1,E01008166,12-12-2018,1,1,1,2,22,5,3,0,0,0,0,-1,9,1
56637,72.88513157,19.12282914,10,2,1,1,2,18:57,147,E08000021,5,111,6,40,3,4,6,216,0,0,4,1,2,0,0,1,1,E01008325,12-12-2018,1,2,2,2,20,4,3,0,0,1,0,-1,9,-1
56638,72.88768901,19.16749452,10,3,1,1,2,17:35,147,E08000021,4,1307,6,20,0,-1,-1,0,0,4,4,1,1,0,0,1,1,E01008440,12-12-2018,2,1,1,2,43,7,3,0,0,0,0,-1,9,1
56639,72.86567983,19.20658409,10,3,2,3,2,11:05,146,E08000020,6,426,3,40,3,2,3,184,0,0,1,1,2,0,0,1,2,E01008215,12-12-2018,1,2,2,2,16,4,3,0,0,1,0,-1,9,1
56640,72.91778903,19.05551209,10,3,2,5,4,10:25,150,E08000024,6,5047,6,60,0,-1,-1,0,0,0,1,1,2,0,0,2,1,E01008772,14-12-2018,2,1,1,2,56,9,3,0,0,0,0,-1,9,1
56641,72.89449956,19.11252303,10,3,3,4,7,02:25,150,E08000024,6,235,6,30,0,-1,-1,0,0,0,4,1,2,0,0,1,1,E01008826,10-12-2018,1,1,1,1,18,4,3,0,0,0,0,-1,9,1
56642,72.82816191,19.17634807,10,3,2,2,5,15:20,150,E08000024,6,145,6,30,6,4,6,5026,0,0,1,1,1,0,0,1,1,E01008787,08-12-2018,1,1,3,1,40,7,3,9,5,0,0,-1,0,1
56643,72.86383862,19.10836005,10,3,2,2,1,14:50,147,E08000021,3,189,3,50,3,2,5,112,0,5,1,1,2,0,0,1,1,E01008453,11-12-2018,1,1,3,2,25,5,3,10,2,0,0,-1,0,-1
56644,72.84974446,19.17774427,10,3,1,1,4,15:15,150,E08000024,5,555,2,30,0,-1,-1,0,0,4,1,1,1,0,0,1,2,E01008703,14-12-2018,1,1,3,1,11,3,3,1,1,0,0,-1,0,1
56645,72.88367025,19.10428742,10,3,2,1,1,11:00,150,E08000024,4,1286,6,30,3,4,6,435,0,8,1,8,2,0,0,2,1,E01008808,11-12-2018,1,1,1,1,14,3,3,0,0,0,0,-1,2,-1
56646,72.87537754,19.19860662,10,3,2,1,4,17:10,146,E08000020,6,326,6,30,3,4,6,326,0,0,4,1,1,0,0,1,2,E01008260,07-12-2018,1,1,1,2,41,7,3,0,0,0,0,-1,9,-1
56647,72.88004154,19.1306799,10,3,2,1,4,09:45,147,E08000021,3,69,3,40,1,4,3,1,0,0,1,1,2,0,0,1,2,E01008384,14-12-2018,1,2,3,2,13,3,3,5,4,0,0,-1,0,1
56648,72.87297608,19.06760114,10,3,3,2,6,11:45,150,E08000024,6,5029,6,60,0,-1,-1,0,0,0,1,1,2,0,0,1,1,E01008695,09-12-2018,2,1,1,1,24,5,3,0,0,0,0,-1,5,1
56649,72.83387004,19.13371538,10,3,2,1,2,22:30,150,E08000024,3,1018,3,40,0,-1,-1,0,0,8,4,1,2,0,0,1,1,E01008713,12-12-2018,2,1,1,1,68,10,3,0,0,0,0,-1,1,-1
56650,72.91923599,19.10150535,10,3,3,1,3,09:00,150,E08000024,3,1290,6,30,0,-1,-1,0,0,0,1,1,2,0,0,1,1,E01008818,13-12-2018,1,1,1,1,30,6,3,0,0,0,0,-1,9,-1
56651,72.90563763,19.09141387,10,3,1,2,5,17:05,148,E08000022,6,427,6,30,0,-1,-1,0,0,0,4,1,2,0,0,2,1,E01008475,03-11-2018,1,1,3,2,47,8,3,4,1,0,0,-1,0,-1
56652,72.92216468,19.10535722,10,3,1,1,6,23:40,147,E08000021,3,1058,3,30,0,-1,-1,0,0,4,4,8,4,0,0,1,1,E01008409,09-12-2018,2,1,1,1,15,3,3,0,0,0,0,-1,1,1
56653,72.85801621,19.08956365,10,3,2,1,4,12:14,150,E08000024,2,194,7,60,1,4,3,182,0,0,1,1,1,0,0,2,1,E01008879,14-12-2018,1,1,2,2,30,6,3,0,0,0,4,-1,21,1
56654,72.86980414,19.20592878,10,3,4,2,4,21:06,149,E08000023,5,411,6,30,0,-1,-1,0,0,0,4,1,2,0,0,2,1,E01008597,14-12-2018,1,1,1,2,18,4,3,0,0,0,0,-1,9,1
56655,72.9197837,19.11609106,10,3,1,1,5,08:45,144,E06000048,4,6307,6,60,0,-1,-1,0,0,0,1,1,2,0,0,2,2,E01027504,01-12-2018,1,2,2,2,16,4,3,0,0,2,0,-1,9,1
56656,72.83911227,19.0733548,10,3,2,1,3,19:10,147,E08000021,3,696,3,30,1,4,3,1,0,0,4,1,1,0,0,1,2,E01008293,13-12-2018,2,1,1,1,58,9,3,0,0,0,0,-1,5,1
56657,72.88096543,19.06367927,10,3,2,1,6,17:00,147,E08000021,5,115,6,30,3,4,6,1046,0,0,4,1,2,0,0,1,2,E01008455,09-12-2018,1,1,1,1,17,4,3,0,0,0,0,-1,9,1
56658,72.89069531,19.17661624,10,3,2,1,3,10:25,148,E08000022,3,19,7,30,3,4,3,191,0,0,1,1,2,0,0,2,1,E01008566,13-12-2018,1,3,2,1,18,4,2,0,0,1,0,-1,9,1
56659,72.8799127,19.17359364,10,3,2,1,4,17:30,148,E08000022,3,1,3,70,1,4,3,19,0,0,4,1,1,0,0,2,2,E01008582,07-12-2018,1,4,2,1,17,4,3,0,0,2,0,-1,9,1
56660,72.87664975,19.07380034,10,3,2,4,4,16:40,146,E08000020,3,1,3,70,5,4,3,1,0,0,4,8,2,0,0,2,2,E01008181,23-11-2018,1,5,2,1,15,3,3,0,0,2,0,-1,9,1
56661,72.91229364,19.16342127,10,3,2,1,4,14:40,150,E08000024,6,135,6,30,0,-1,-1,0,0,0,1,1,1,0,0,2,2,E01008850,14-12-2018,1,6,2,1,15,3,3,0,0,2,0,-1,9,1
56662,72.86130021,19.1818602,10,3,2,1,2,16:50,146,E08000020,4,1296,6,30,3,2,6,3037,0,0,4,1,1,0,0,1,2,E01008219,12-12-2018,2,2,1,1,61,9,3,0,0,0,0,-1,9,1
56663,72.92603423,19.20196104,10,3,1,1,4,08:00,148,E08000022,5,211,6,30,9,2,6,136,0,0,1,1,1,0,0,1,1,E01008492,14-12-2018,2,1,1,1,52,8,2,0,0,0,0,-1,5,-1