Accident_Index,longitude,latitude,Police_Force,Accident_Severity,Number_of_Vehicles,Number_of_Casualties,Day_of_Week,Time,Local_Authority_(District),Local_Authority_(Highway),1st_Road_Class,1st_Road_Number,Road_Type,Speed_limit,Junction_Detail,Junction_Control,2nd_Road_Class,2nd_Road_Number,Pedestrian_Crossing-Human_Control,Pedestrian_Crossing-Physical_Facilities,Light_Conditions,Weather_Conditions,Road_Surface_Conditions,Special_Conditions_at_Site,Carriageway_Hazards,Urban_or_Rural_Area,Did_Police_Officer_Attend_Scene_of_Accident,LSOA_of_Accident_Location,Date,Vehicle_Reference,Casualty_Reference,Casualty_Class,Sex_of_Casualty,Age_of_Casualty,Age_Band_of_Casualty,Casualty_Severity,Pedestrian_Location,Pedestrian_Movement,Car_Passenger,Bus_or_Coach_Passenger,Pedestrian_Road_Maintenance_Worker,Casualty_Type,Casualty_Home_Area_Type
56782,72.86120957,19.08964914,10,3,2,1,7,18:40,147,E08000021,6,216,6,30,0,-1,-1,0,0,0,4,1,1,0,0,1,1,E01008460,24-12-2018,2,1,1,1,37,7,3,0,0,0,0,-1,9,1
56783,72.87178867,19.1877101,10,3,1,1,5,21:40,147,E08000021,4,1309,6,30,3,2,5,130,0,5,4,1,1,0,0,1,1,E01008397,22-12-2018,2,2,2,1,21,5,3,0,0,1,0,-1,9,1
56784,72.85210685,19.08464693,10,3,3,1,4,17:15,147,E08000021,3,188,3,30,0,-1,-1,0,0,0,4,1,2,0,0,1,1,E01008314,21-12-2018,2,1,1,2,29,6,3,0,0,0,0,-1,9,1
56785,72.87186905,19.0603681,10,3,2,1,2,14:00,147,E08000021,3,186,6,30,3,4,4,1312,0,0,1,1,1,0,0,1,2,E01008406,05-12-2018,3,2,1,2,31,6,3,0,0,0,0,-1,9,-1
56786,72.8801496,19.07674001,10,3,3,1,7,16:00,147,E08000021,3,186,6,30,3,2,5,322,0,5,4,1,1,0,0,1,1,E01008440,22-10-2018,1,1,3,1,54,8,2,5,1,0,0,-1,0,1
56787,72.8475866,19.11764503,10,3,2,2,1,21:10,150,E08000024,6,145,6,30,6,4,6,145,0,0,4,2,2,0,0,1,1,E01008790,25-12-2018,1,1,1,2,23,5,3,0,0,0,0,-1,9,1
56788,72.85920113,19.08394364,10,3,3,1,6,19:05,146,E08000020,3,167,3,50,0,-1,-1,0,0,0,4,1,1,0,0,1,2,E01008252,09-12-2018,2,1,2,1,60,9,3,0,0,1,0,-1,9,1
56789,72.88708637,19.15370719,10,3,4,2,7,23:15,147,E08000021,4,1318,3,30,3,2,6,126,0,4,4,1,1,0,0,1,1,E01008355,24-12-2018,3,1,1,1,46,8,3,0,0,0,0,-1,9,1
56790,72.88340189,19.10212055,10,3,1,1,2,23:45,147,E08000021,4,1307,3,30,8,2,6,326,0,5,4,1,1,0,0,1,1,E01008440,26-12-2018,2,1,1,2,27,6,3,0,0,0,0,-1,9,1
56791,72.84682112,19.0844147,10,3,2,1,3,17:11,147,E08000021,3,189,6,30,3,4,6,1112,0,5,4,2,2,0,0,1,1,E01008397,27-12-2018,3,2,1,2,47,8,3,0,0,0,0,-1,9,1
56792,72.92712753,19.06712481,10,3,2,2,2,23:40,147,E08000021,5,101,6,20,3,4,6,327,0,0,4,1,2,0,0,2,1,E01008306,26-12-2018,3,1,1,1,37,7,3,0,0,0,0,-1,9,-1
56793,72.85608899,19.14438102,10,3,2,1,4,05:05,150,E08000024,6,145,6,30,3,4,6,5031,0,0,4,4,2,0,0,1,1,E01008737,07-12-2018,2,1,1,1,20,4,3,0,0,0,0,-1,9,-1
56794,72.88728083,19.07460798,10,3,1,1,4,11:47,150,E08000024,5,503,6,30,0,-1,-1,0,0,0,1,3,3,0,0,1,1,E01008799,28-12-2018,3,1,1,2,22,5,3,0,0,0,0,-1,9,1
56795,72.89632182,19.121197,10,3,2,1,2,17:27,147,E08000021,5,107,6,30,3,4,6,216,0,0,4,1,2,0,0,1,1,E01008460,26-12-2018,2,1,1,1,17,4,3,0,0,0,0,-1,3,1
56796,72.92210436,19.13952415,10,3,1,1,6,10:30,148,E08000022,4,1323,6,30,6,4,4,1324,0,0,1,1,1,0,0,1,2,E01008520,23-12-2018,1,1,3,1,44,7,3,5,3,0,0,-1,0,1
56797,72.85757583,19.13577374,10,3,2,1,4,17:08,148,E08000022,4,1318,6,30,0,-1,-1,0,0,0,4,1,1,0,0,2,2,E01008577,21-12-2018,2,1,1,1,55,8,2,0,0,0,0,-1,3,1
56798,72.83225628,19.14677282,10,3,1,1,7,12:10,149,E08000023,6,4038,6,30,3,4,6,446,0,0,1,1,1,0,0,1,1,E01008686,24-12-2018,1,1,3,1,40,7,3,1,4,0,0,-1,0,-1
56799,72.87548896,19.05811717,10,3,2,1,4,18:00,146,E08000020,3,185,3,30,0,-1,-1,0,0,0,4,1,2,0,0,1,2,E01008244,21-12-2018,1,1,3,1,13,3,3,5,1,0,0,-1,0,1
56800,72.93211389,19.1057824,10,3,2,1,7,06:29,142,E06000048,4,1326,6,30,0,-1,-1,0,0,0,4,1,4,0,0,1,1,E01027397,17-12-2018,1,1,3,2,53,8,2,9,6,0,0,-1,0,1
56801,72.85828101,19.12516115,10,3,1,1,3,00:46,142,E06000048,6,9554,6,30,0,-1,-1,0,0,0,4,1,1,0,2,2,1,E01027412,20-12-2018,1,1,3,1,72,10,3,5,3,0,0,-1,0,1
56802,72.9225013,19.07855192,10,3,2,1,7,13:50,146,E08000020,6,426,6,30,3,4,5,313,0,0,1,1,1,0,0,1,2,E01008255,24-12-2018,1,1,3,1,39,7,3,1,1,0,0,-1,0,-1
56803,72.89785136,19.06500223,10,3,1,1,2,08:30,140,E06000048,3,1,7,60,0,-1,-1,0,0,0,1,1,2,0,0,2,1,E01027356,19-12-2018,1,1,3,2,34,6,3,5,3,0,0,-1,0,1
56804,72.89117164,19.17857059,10,3,2,1,5,18:05,140,E06000048,4,6341,6,30,3,4,5,422,0,0,4,4,2,0,0,2,1,E01027359,29-12-2018,1,1,1,2,51,8,3,0,0,0,0,-1,9,1
56805,72.85562566,19.15662357,10,3,2,1,5,14:20,150,E08000024,3,19,3,70,0,-1,-1,0,0,0,1,1,4,0,0,2,1,E01008734,29-12-2018,2,2,1,2,31,6,3,0,0,0,0,-1,9,1
56806,72.93130884,19.13561954,10,3,1,1,4,13:25,149,E08000023,6,436,6,30,0,-1,-1,0,0,0,1,1,4,0,0,1,1,E01008590,28-12-2018,2,3,2,2,4,1,3,0,0,2,0,-1,9,1
56807,72.86871942,19.20001888,10,3,1,1,6,01:45,146,E08000020,4,1296,6,30,3,4,6,426,0,0,4,1,2,0,2,1,1,E01008205,23-12-2018,2,1,1,1,31,6,3,0,0,0,0,-1,3,1
56808,72.84555768,19.1988727,10,3,3,1,4,11:00,148,E08000022,6,226,6,30,0,-1,-1,0,0,0,1,3,3,0,0,1,2,E01008536,28-12-2018,1,1,1,2,32,6,3,0,0,0,0,-1,9,1
56809,72.83987888,19.12760824,10,3,2,1,5,19:45,146,E08000020,5,323,6,30,0,-1,-1,0,0,0,4,1,1,0,0,1,1,E01008216,22-12-2018,2,1,1,2,35,6,3,0,0,0,0,-1,9,1
56810,72.90070903,19.19668729,10,3,1,1,6,20:30,150,E08000024,5,557,6,30,0,-1,-1,0,0,0,4,1,2,0,0,1,1,E01008736,09-12-2018,1,1,1,1,85,11,3,0,0,0,0,-1,9,1
56811,72.9086518,19.10554983,10,3,1,1,4,12:29,150,E08000024,6,235,6,30,0,-1,-1,0,0,0,1,3,3,0,0,1,1,E01008694,28-12-2018,2,2,1,1,36,7,3,0,0,0,0,-1,9,-1
56812,72.83430097,19.08944873,10,3,2,2,5,17:40,149,E08000023,3,1300,6,30,3,4,6,436,0,0,4,3,2,0,0,1,2,E01008681,29-12-2018,2,3,2,1,38,7,3,0,0,1,0,-1,9,1
56813,72.84571123,19.15847363,10,3,1,1,6,10:30,150,E08000024,5,553,6,30,0,-1,-1,0,0,4,1,1,1,0,0,1,2,E01008703,23-12-2018,2,1,1,2,23,5,3,0,0,0,0,-1,9,1
56814,72.91004307,19.09815375,10,3,2,2,6,14:35,141,E06000048,3,1,3,60,3,4,4,6461,0,0,1,8,2,0,0,2,1,E01027378,30-12-2018,2,2,2,2,30,6,3,0,0,1,0,-1,9,-1
56815,72.83501103,19.08430011,10,3,2,1,4,17:30,149,E08000023,5,413,6,30,3,4,3,1018,0,0,4,8,4,0,0,1,1,E01008681,28-12-2018,2,1,1,1,64,9,3,0,0,0,0,-1,9,1
56816,72.87184037,19.18379739,10,3,3,2,3,20:49,150,E08000024,4,1291,6,30,6,4,6,235,0,0,4,1,1,0,0,1,1,E01008710,18-10-2018,2,2,2,1,35,6,3,0,0,2,4,-1,9,1
56817,72.93024257,19.11461843,10,2,2,1,6,13:20,140,E06000048,4,6342,6,60,0,-1,-1,0,0,0,1,1,3,0,0,2,1,E01027368,30-12-2018,2,3,2,2,61,9,3,0,0,1,4,-1,9,1
56818,72.85359488,19.16352092,10,2,1,2,6,17:25,146,E08000020,5,306,6,60,0,-1,-1,0,0,0,6,1,2,0,0,2,1,E01008273,30-12-2018,1,1,1,1,43,7,3,0,0,0,0,-1,9,1
56819,72.85697707,19.17899613,10,3,2,1,4,15:55,150,E08000024,3,690,1,30,1,4,6,5063,0,0,4,8,4,0,0,1,1,E01008829,28-12-2018,1,1,3,1,13,3,3,5,1,0,0,-1,0,1
56820,72.88645924,19.16226341,10,3,3,4,6,13:10,149,E08000023,5,418,6,30,0,-1,-1,0,0,0,1,1,4,0,0,1,1,E01008691,30-12-2018,1,1,1,2,22,5,3,0,0,0,0,-1,90,1
56821,72.88083947,19.1947739,10,3,1,1,5,20:35,148,E08000022,5,211,6,30,3,2,6,136,0,5,4,1,3,0,0,1,2,E01008481,29-12-2018,1,3,2,2,30,6,3,0,0,0,0,-1,90,1
56822,72.85684764,19.19892733,10,3,1,1,6,12:30,145,E06000048,3,189,3,70,0,-1,-1,0,0,0,1,3,3,0,0,2,1,E01027548,30-12-2018,2,2,1,1,62,9,3,0,0,0,0,-1,9,-1
56823,72.83188898,19.07999454,10,3,2,1,7,23:40,150,E08000024,6,435,6,30,6,4,6,435,0,0,4,1,2,0,0,1,1,E01008805,31-12-2018,2,4,2,2,87,11,3,0,0,1,0,-1,9,-1
56824,72.84593323,19.13754558,10,3,1,1,6,11:00,148,E08000022,3,19,3,70,0,-1,-1,0,0,0,1,3,3,0,0,2,1,E01008507,30-12-2018,1,1,3,1,14,3,3,8,1,0,0,-1,0,1
56825,72.93729511,19.13961404,10,2,2,2,4,18:00,146,E08000020,3,1,7,60,0,-1,-1,0,0,0,4,3,4,0,0,1,2,E01008259,28-12-2018,1,1,3,1,15,3,3,4,4,0,0,-1,0,1
56826,72.90079775,19.09649113,10,3,1,1,4,21:45,147,E08000021,3,1058,6,30,0,-1,-1,0,0,0,4,3,3,0,0,1,1,E01008367,28-12-2018,1,1,2,1,82,11,3,0,0,0,4,-1,11,-1
56827,72.86044379,19.08337541,10,3,1,1,4,12:14,148,E08000022,6,226,6,30,3,4,6,226,0,0,1,3,3,0,0,1,1,E01008513,28-12-2018,1,1,1,1,33,6,3,0,0,0,0,-1,19,1
56828,72.83232486,19.06026175,10,2,2,2,5,11:15,148,E08000022,3,1,3,70,0,-1,-1,0,0,0,1,1,3,0,0,2,1,E01008582,29-12-2018,1,1,3,1,10,2,3,5,1,0,0,-1,0,-1
56829,72.89240497,19.08023783,10,3,1,1,7,23:01,147,E08000021,4,1307,6,30,6,2,5,144,0,4,4,1,2,0,0,1,1,E01008440,31-12-2018,2,1,1,1,33,6,3,0,0,0,0,-1,9,-1
56830,72.90055666,19.08868959,10,3,1,1,2,23:30,148,E08000022,6,136,6,30,3,4,6,136,0,0,4,1,2,0,0,1,1,E01008542,26-12-2018,1,1,1,1,38,7,3,0,0,0,0,-1,9,1
56831,72.9340565,19.16173475,10,2,3,2,6,00:02,147,E08000021,3,191,6,30,0,-1,-1,0,0,0,4,1,3,0,0,1,1,E01008344,30-12-2018,2,2,1,1,74,10,3,0,0,0,0,-1,9,1
56832,72.85844654,19.19608641,10,3,1,1,7,23:58,148,E08000022,4,1322,6,60,0,-1,-1,0,0,0,6,2,2,0,0,2,1,E01008565,24-12-2018,1,1,3,2,12,3,3,5,3,0,0,-1,0,-1
56833,72.9014058,19.20016905,10,3,3,2,6,22:45,148,E08000022,6,337,6,30,6,4,4,1323,0,0,4,1,1,0,0,1,1,E01008522,23-12-2018,1,1,1,2,17,4,3,0,0,0,0,-1,9,1
56834,72.8844808,19.19575854,10,3,1,1,7,11:03,144,E06000048,4,6341,6,60,3,4,3,696,0,0,1,1,4,0,0,2,1,E01027503,24-12-2018,2,1,1,1,36,7,3,0,0,0,0,-1,5,1
56835,72.85812142,19.07865953,10,2,2,2,3,21:29,148,E08000022,6,2007,6,30,5,4,3,1058,0,0,4,1,2,0,0,1,1,E01008491,27-12-2018,2,1,1,1,46,8,3,0,0,0,0,-1,9,2
56836,72.9251813,19.06144291,10,3,2,1,4,16:21,147,E08000021,3,1,3,70,0,-1,-1,0,0,0,4,1,1,0,0,1,1,E01008296,21-12-2018,1,1,1,2,42,7,3,0,0,0,0,-1,9,1
56837,72.82909649,19.08871985,10,3,3,3,7,17:47,144,E06000048,3,69,6,60,0,-1,-1,0,0,0,6,1,2,0,0,2,1,E01027488,31-12-2018,2,1,1,2,49,8,3,0,0,0,0,-1,9,1
56838,72.87277286,19.15857905,10,3,2,1,4,14:20,150,E08000024,3,1231,1,30,1,4,5,511,0,1,1,1,1,0,0,1,2,E01008700,21-12-2018,2,1,1,1,9,2,3,0,0,0,0,-1,1,-1
56839,72.87645453,19.17344941,10,3,2,1,4,16:15,150,E08000024,3,1018,6,30,6,4,5,556,0,0,4,3,3,0,0,1,1,E01008836,28-12-2018,2,1,2,1,18,4,3,0,0,1,0,-1,9,1
56840,72.84453054,19.12116774,10,3,1,1,6,23:25,144,E06000048,3,696,6,60,0,-1,-1,0,0,0,6,2,4,0,0,2,1,E01027503,30-12-2018,1,1,1,1,41,7,3,0,0,0,0,-1,5,1
56841,72.88303704,19.16200183,10,3,2,1,6,20:20,150,E08000024,3,195,1,60,1,4,3,1290,0,0,4,1,1,0,0,1,2,E01008853,23-12-2018,1,1,1,2,41,7,3,0,0,0,0,-1,9,3
56842,72.84857632,19.07059198,10,3,2,1,4,12:30,150,E08000024,6,135,6,30,0,-1,-1,0,0,0,1,3,3,0,0,1,2,E01008859,28-12-2018,2,2,1,2,46,8,3,0,0,0,0,-1,9,1
56843,72.87646833,19.20230147,10,3,2,1,4,10:49,147,E08000021,3,186,1,30,1,2,2,167,0,0,1,1,1,0,0,1,1,E01008440,14-12-2018,1,1,3,2,28,6,3,9,8,0,0,-1,0,-1
56844,72.93692889,19.09880897,10,3,1,1,3,10:10,146,E08000020,3,1,3,70,0,-1,-1,0,0,0,1,3,4,0,0,1,1,E01008181,27-12-2018,1,1,1,1,12,3,3,0,0,0,0,-1,1,1
56845,72.86038728,19.13042762,10,3,2,1,7,17:05,146,E08000020,5,318,6,30,6,2,6,3063,0,4,4,1,1,0,0,1,1,E01008230,24-12-2018,1,1,3,1,11,3,3,9,8,0,0,-1,0,1
56846,72.82633373,19.17632878,10,2,2,2,6,18:17,150,E08000024,3,182,3,70,0,-1,-1,0,0,0,4,1,2,0,0,1,1,E01008875,23-12-2018,1,1,2,1,25,5,3,0,0,1,0,-1,9,1
56847,72.88197634,19.11422641,10,3,3,2,7,12:55,148,E08000022,3,1058,3,70,0,-1,-1,0,0,0,1,1,2,0,0,2,1,E01008481,31-12-2018,2,1,2,2,20,4,3,0,0,1,0,-1,9,1
56848,72.93131794,19.15074947,10,3,2,1,1,12:18,147,E08000021,3,186,1,30,1,4,4,1305,0,0,1,1,1,0,0,1,1,E01008347,18-12-2018,2,1,1,1,25,5,3,0,0,0,0,-1,3,1
56849,72.86634168,19.11564129,10,3,3,3,2,18:05,146,E08000020,5,313,6,30,0,-1,-1,0,0,0,4,1,2,0,0,1,1,E01008239,12-12-2018,1,1,1,1,39,7,2,0,0,0,0,-1,9,1
56850,72.88218339,19.13196155,10,3,2,1,7,11:20,147,E08000021,3,167,1,40,1,4,3,167,0,0,1,1,1,0,0,1,2,E01008300,24-12-2018,2,2,1,1,27,6,3,0,0,0,0,-1,9,-1
56851,72.88975392,19.09581431,10,2,1,1,4,17:08,142,E06000048,4,1327,6,30,3,4,6,9514,0,8,4,3,3,0,0,1,1,E01027441,28-12-2018,2,3,2,2,23,5,3,0,0,1,0,-1,9,1
56852,72.91372235,19.17786811,10,3,2,2,5,07:20,145,E06000048,3,197,6,40,1,4,3,196,0,0,4,8,4,0,0,1,1,E01027528,29-12-2018,2,1,1,1,55,8,3,0,0,0,0,-1,9,1
56853,72.88475,19.20856386,10,3,2,1,7,10:30,148,E08000022,3,188,1,30,1,4,3,191,0,0,1,1,2,0,0,1,2,E01008469,31-12-2018,1,1,2,1,17,4,3,0,0,2,0,-1,9,-1
56854,72.90525173,19.07678394,10,3,2,1,6,07:00,142,E06000048,3,189,3,70,5,4,3,189,0,0,1,1,1,0,0,2,1,E01027427,23-12-2018,1,2,2,1,17,4,3,0,0,2,0,-1,9,1
56855,72.89846837,19.1523498,10,3,1,1,6,19:10,150,E08000024,3,1018,6,30,1,4,4,1293,0,8,1,1,1,0,0,1,1,E01008703,23-12-2018,2,1,2,1,20,4,3,0,0,1,0,-1,9,1
56856,72.85572228,19.1743102,10,3,1,1,5,14:40,143,E06000048,5,130,6,60,0,-1,-1,0,0,0,1,2,2,0,0,2,1,E01027448,22-12-2018,1,1,1,1,17,4,3,0,0,0,0,-1,9,3
56857,72.93302951,19.20941884,10,3,1,1,6,16:17,145,E06000048,3,1068,6,60,0,-1,-1,0,0,0,4,1,2,0,0,1,1,E01027525,23-12-2018,3,2,1,1,56,9,3,0,0,0,0,-1,19,1
56858,72.82819401,19.1722581,10,3,1,1,6,17:05,143,E06000048,3,1,3,70,0,-1,-1,0,0,0,6,2,2,0,0,2,1,E01027448,30-12-2018,2,1,2,2,35,6,3,0,0,0,0,-1,5,-1
56859,72.88693671,19.0753403,10,2,2,1,7,08:50,142,E06000048,6,9538,6,30,3,4,3,190,0,0,1,1,1,0,0,2,1,E01027436,24-12-2018,2,1,1,1,16,4,3,0,0,0,0,-1,2,1
56860,72.91356813,19.17977695,10,3,2,3,1,16:11,142,E06000048,3,189,3,70,5,4,3,189,0,0,6,1,2,0,0,2,1,E01027433,25-12-2018,2,1,1,1,23,5,3,0,0,0,0,-1,1,-1
56861,72.90313081,19.14519369,10,2,1,1,6,23:47,143,E06000048,3,1068,6,60,0,-1,-1,0,0,0,6,1,1,0,0,2,1,E01027445,23-12-2018,1,1,3,1,14,3,3,5,1,0,0,-1,0,1
56862,72.93255437,19.05778016,10,3,2,1,7,09:30,145,E06000048,3,196,1,30,1,4,3,1147,0,0,1,1,2,0,0,2,2,E01027554,31-12-2018,1,1,3,1,10,2,3,5,2,0,0,-1,0,1
56863,72.8275466,19.10588383,10,3,1,1,2,14:05,142,E06000048,3,189,7,60,1,4,3,189,0,0,1,1,2,0,0,2,1,E01027427,26-12-2018,1,1,2,2,25,5,3,0,0,2,0,-1,9,1
56864,72.88259436,19.20129696,10,3,2,1,4,17:50,149,E08000023,3,19,6,30,0,-1,-1,0,0,0,4,1,2,0,0,2,2,,14-12-2018,1,1,3,2,30,6,3,9,6,0,0,-1,0,1
56865,72.87288747,19.13888132,10,3,1,1,6,09:50,144,E06000048,3,69,3,70,0,-1,-1,0,0,0,1,3,3,0,0,2,1,E01027483,30-12-2018,1,1,3,2,14,3,3,5,1,0,0,-1,0,-1
56866,72.8615297,19.06847679,10,3,2,1,6,10:48,140,E06000048,3,1,3,70,0,-1,-1,0,0,0,1,3,3,0,0,2,1,E01027356,30-12-2018,2,1,1,1,41,7,3,0,0,0,0,-1,9,1
56867,72.82882922,19.09581562,10,2,1,1,4,22:20,150,E08000024,6,5001,6,60,0,-1,-1,0,0,0,6,6,3,0,0,1,1,E01008765,28-12-2018,2,2,2,2,36,7,3,0,0,1,0,-1,9,1
56868,72.89353714,19.09734489,10,3,1,1,6,03:45,150,E08000024,6,235,6,30,3,4,6,5003,0,0,4,3,3,0,0,1,2,E01008813,30-12-2018,2,1,1,2,29,6,3,0,0,0,0,-1,9,1
56869,72.9048503,19.06134429,10,3,2,2,6,14:30,148,E08000022,3,187,6,30,0,-1,-1,0,0,4,1,1,2,0,0,1,2,E01008544,23-12-2018,1,1,3,2,21,5,2,5,4,0,0,-1,0,1
56870,72.8935783,19.12838701,10,3,2,1,1,12:50,148,E08000022,3,186,6,30,1,4,4,1322,0,0,1,1,1,0,0,2,2,E01008566,04-12-2018,1,2,3,2,1,1,3,5,4,0,0,-1,0,1
56871,72.90095992,19.10949773,10,3,1,1,7,23:55,147,E08000021,3,1058,3,40,6,2,5,124,0,5,4,1,2,0,0,1,1,E01008315,31-12-2018,2,1,1,1,27,6,3,0,0,0,0,-1,9,-1
56872,72.86217224,19.11409344,10,3,2,1,5,04:25,147,E08000021,3,186,6,30,6,2,5,322,0,4,4,2,2,0,0,1,1,E01008440,22-12-2018,2,2,2,2,20,4,3,0,0,1,0,-1,9,-1
56873,72.86145411,19.17464647,10,3,1,2,7,03:40,145,E06000048,3,189,3,70,5,4,3,189,0,0,4,8,4,0,0,2,1,E01027550,31-12-2018,1,1,1,1,31,6,3,0,0,0,0,-1,9,1
56874,72.88619128,19.08560276,10,2,2,2,7,20:15,142,E06000048,3,190,6,60,0,-1,-1,0,0,0,6,1,2,0,0,2,1,E01027435,31-12-2018,1,1,3,2,8,2,3,5,3,0,0,-1,0,-1
56875,72.87893452,19.10040461,10,3,2,1,4,18:30,146,E08000020,5,324,3,40,0,-1,-1,0,0,0,4,1,1,0,0,1,2,E01008259,05-10-2018,2,1,1,1,14,3,3,0,0,0,0,-1,1,1
56876,72.88582095,19.14128504,10,3,3,1,3,13:09,147,E08000021,3,187,6,30,3,4,6,226,0,0,1,1,2,0,0,1,1,E01008392,27-12-2018,2,1,1,1,56,9,3,0,0,0,0,-1,9,-1
56877,72.93504508,19.20763761,10,3,2,3,4,11:40,149,E08000023,4,1298,6,30,0,-1,-1,0,0,0,1,8,4,0,0,1,2,E01008610,28-12-2018,1,1,3,2,13,3,3,5,1,0,0,-1,0,-1
56878,72.85293466,19.09187622,10,3,1,1,4,12:30,140,E06000048,5,95,6,30,0,-1,-1,0,0,0,1,1,2,0,0,2,2,E01027371,30-11-2018,1,2,3,2,12,3,3,5,1,0,0,-1,0,-1
56879,72.86759658,19.13059117,10,3,3,1,3,17:00,150,E08000024,6,235,6,30,3,4,6,235,0,0,1,1,1,0,0,1,1,E01008697,30-08-2018,1,1,3,1,2,1,2,5,1,0,0,-1,0,-1
56880,72.8868894,19.17659926,10,3,2,1,2,16:08,150,E08000024,3,1018,6,30,1,4,5,512,0,0,4,1,1,0,0,1,2,E01008779,12-12-2018,2,1,1,2,30,6,3,0,0,0,0,-1,9,3
56881,72.89674297,19.11122214,10,3,3,1,5,12:25,146,E08000020,3,1114,3,60,0,-1,-1,0,0,0,1,1,1,0,0,1,1,E01008262,29-12-2018,1,1,1,2,9,2,3,0,0,0,0,-1,1,1
56882,72.86933177,19.17748084,10,3,2,1,2,00:30,143,E06000048,3,192,6,50,0,-1,-1,0,0,0,6,8,2,0,0,2,2,E01027448,05-12-2018,2,2,2,2,34,6,3,0,0,1,0,-1,9,-1
56883,72.85481651,19.12220131,10,3,2,2,2,18:00,150,E08000024,5,509,1,30,2,4,6,235,0,0,4,1,2,0,0,1,2,E01008722,26-12-2018,2,3,2,2,10,2,3,0,0,2,0,-1,9,-1
56884,72.91480414,19.09798609,10,3,1,1,3,16:00,150,E08000024,5,502,6,30,0,-1,-1,0,0,0,1,1,1,0,0,1,2,E01008863,20-12-2018,3,1,1,1,26,6,3,0,0,0,0,-1,9,-1
56885,72.82795681,19.05871998,10,3,2,1,2,10:00,150,E08000024,5,513,6,30,0,-1,-1,0,0,0,1,3,3,0,0,1,2,E01008809,28-11-2018,1,1,3,1,73,10,3,5,1,0,0,-1,0,1
56886,72.85434366,19.1565621,10,3,2,2,5,13:30,143,E06000048,3,192,6,30,0,-1,-1,0,0,4,1,1,2,0,0,1,2,E01027453,15-09-2018,1,1,3,1,15,3,3,5,2,0,0,-1,0,1
56887,72.92051637,19.17646006,10,3,2,1,4,12:40,146,E08000020,5,314,6,30,1,4,5,324,0,0,1,1,1,0,0,2,1,E01008226,30-11-2018,2,1,2,2,33,6,3,0,0,1,0,-1,9,-1
56888,72.87364023,19.11655323,10,3,2,1,6,06:45,148,E08000022,3,191,1,30,1,4,3,188,0,0,4,8,1,0,0,1,1,E01008469,14-10-2018,1,1,1,1,20,4,3,0,0,0,0,-1,9,1
56889,72.87995707,19.05802737,10,3,2,1,3,08:59,146,E08000020,4,6317,6,40,0,-1,-1,0,0,0,1,1,2,0,0,1,1,E01008248,13-12-2018,1,2,2,1,20,4,3,0,0,1,0,-1,9,1
56890,72.84854781,19.20547156,10,3,1,1,3,17:00,150,E08000024,4,1291,6,30,0,-1,-1,0,0,1,4,9,1,0,0,1,2,E01008709,08-11-2018,2,3,1,1,20,4,3,0,0,0,0,-1,9,1
56891,72.91000551,19.17301047,10,3,2,2,6,19:45,144,E06000048,6,5003,6,60,0,-1,-1,0,0,0,6,1,2,0,0,2,1,E01027503,04-11-2018,2,4,2,1,20,4,3,0,0,1,0,-1,9,1
56892,72.8475068,19.10674909,10,3,2,1,6,19:25,147,E08000021,4,1307,6,30,3,2,6,326,0,0,1,1,1,0,0,1,2,E01008397,18-02-2018,2,5,2,1,21,5,3,0,0,2,0,-1,9,1
56893,72.93613032,19.11645946,10,3,2,1,7,15:30,142,E06000048,3,189,3,70,1,4,3,19,0,0,1,9,1,0,0,2,2,E01027436,03-12-2018,1,1,1,1,18,4,3,0,0,0,0,-1,3,-1
56894,72.9255358,19.06453132,10,3,2,1,6,23:30,148,E08000022,6,2004,6,30,0,-1,-1,0,0,0,4,1,1,0,0,1,1,E01008536,04-11-2018,2,2,1,2,25,5,3,0,0,0,0,-1,9,-1
56895,72.84907993,19.0776722,10,3,2,1,6,08:30,147,E08000021,3,189,6,30,0,-1,-1,0,0,0,1,1,1,0,0,1,2,E01008424,18-11-2018,2,1,1,2,31,6,3,0,0,0,0,-1,9,-1
56896,72.85489278,19.05419633,10,3,2,1,4,08:30,148,E08000022,3,189,1,60,1,4,4,1505,0,0,1,1,1,0,0,2,2,E01008478,02-11-2018,1,1,1,1,38,7,3,0,0,0,0,-1,9,-1
56897,72.85228711,19.18315234,10,3,2,1,7,18:40,146,E08000020,5,327,3,30,9,2,5,327,0,0,4,8,2,0,0,1,1,E01008262,31-12-2018,2,2,1,2,22,5,3,0,0,0,0,-1,9,-1
56898,72.92564256,19.09239395,10,3,3,1,1,09:50,146,E08000020,5,323,6,30,3,4,6,426,0,0,1,8,2,0,0,1,1,E01008216,28-08-2018,2,1,1,1,23,5,3,0,0,0,0,-1,9,1