Accident_Index,longitude,latitude,Police_Force,Accident_Severity,Number_of_Vehicles,Number_of_Casualties,Day_of_Week,Time,Local_Authority_(District),Local_Authority_(Highway),1st_Road_Class,1st_Road_Number,Road_Type,Speed_limit,Junction_Detail,Junction_Control,2nd_Road_Class,2nd_Road_Number,Pedestrian_Crossing-Human_Control,Pedestrian_Crossing-Physical_Facilities,Light_Conditions,Weather_Conditions,Road_Surface_Conditions,Special_Conditions_at_Site,Carriageway_Hazards,Urban_or_Rural_Area,Did_Police_Officer_Attend_Scene_of_Accident,LSOA_of_Accident_Location,Date,Vehicle_Reference,Casualty_Reference,Casualty_Class,Sex_of_Casualty,Age_of_Casualty,Age_Band_of_Casualty,Casualty_Severity,Pedestrian_Location,Pedestrian_Movement,Car_Passenger,Bus_or_Coach_Passenger,Pedestrian_Road_Maintenance_Worker,Casualty_Type,Casualty_Home_Area_Type
57137,72.93647807,19.20577036,11,3,1,1,3,15:35,168,E06000047,3,68,6,30,3,4,4,6299,0,0,1,3,4,0,0,2,1,E01020894,27-12-2018,2,7,2,2,36,7,3,0,0,2,0,-1,9,1
57138,72.88455323,19.16315983,11,3,1,1,3,14:07,168,E06000047,3,689,6,60,0,-1,-1,0,0,0,1,3,4,0,0,2,1,E01020906,27-12-2018,2,8,2,1,3,1,2,0,0,2,0,-1,9,1
57139,72.86839131,19.12483206,11,3,3,5,6,11:28,168,E06000047,6,0,6,60,0,-1,-1,0,0,0,1,1,2,0,0,2,1,E01020888,09-12-2018,1,1,3,1,7,2,2,5,1,0,0,-1,0,-1
57140,72.8931579,19.14745256,11,3,1,1,3,14:45,165,E06000047,5,39,1,30,1,4,6,0,0,0,1,1,1,0,0,2,2,E01020846,04-01-2018,2,1,1,1,21,5,3,0,0,0,0,-1,9,1
57141,72.84226988,19.06110781,11,3,1,1,6,15:40,165,E06000047,6,0,6,30,0,-1,-1,0,0,0,4,2,2,0,6,1,1,E01020831,07-01-2018,2,1,1,2,20,4,3,0,0,0,0,-1,9,-1
57142,72.91061629,19.10342351,11,3,2,1,4,14:43,165,E06000047,5,187,6,30,0,-1,-1,0,0,0,1,5,2,0,0,1,1,E01020826,12-01-2018,1,1,1,1,18,4,3,0,0,0,0,-1,9,1
57143,72.83159407,19.14705714,11,3,1,1,7,18:15,165,E06000047,6,0,6,30,3,4,4,6443,0,0,4,1,2,0,0,1,2,E01020825,01-01-2018,2,1,1,2,31,6,3,0,0,0,0,-1,9,1
57144,72.85032388,19.15428341,11,3,2,1,6,20:01,165,E06000047,6,0,6,30,3,4,6,0,0,0,4,1,2,0,0,1,1,E01020820,14-01-2018,3,1,1,2,38,7,3,0,0,0,0,-1,9,1
57145,72.92653901,19.10488234,11,3,2,1,5,17:45,165,E06000047,5,147,6,40,0,-1,-1,0,0,0,4,1,2,0,0,1,1,E01020826,13-01-2018,3,2,2,2,16,4,3,0,0,1,0,-1,9,1
57146,72.9083812,19.05700473,11,2,2,3,7,15:06,165,E06000047,2,1,3,70,0,-1,-1,0,0,0,1,7,2,0,0,2,1,E01020828,15-01-2018,2,1,2,2,21,5,3,0,0,1,0,-1,9,1
57147,72.89175653,19.10931146,11,3,2,1,2,15:30,165,E06000047,4,6288,6,60,3,4,5,95,0,0,1,1,1,0,0,2,2,E01020822,17-01-2018,1,1,1,1,22,5,3,0,0,0,0,-1,9,1
57148,72.86706665,19.06524092,11,3,1,1,4,15:40,165,E06000047,6,0,6,30,3,4,6,0,0,0,1,1,2,0,0,1,2,E01020831,19-01-2018,1,1,3,2,61,9,1,5,3,0,0,-1,0,1
57149,72.84272987,19.15760524,11,3,1,1,1,20:25,165,E06000047,3,177,3,70,0,-1,-1,0,0,0,6,1,2,0,7,2,1,E01020828,16-01-2018,2,1,1,2,57,9,3,0,0,0,0,-1,9,1
57150,72.88158377,19.16957896,11,3,3,1,3,14:45,165,E06000047,3,689,6,60,0,-1,-1,0,0,0,1,4,2,0,0,2,1,E01020828,18-01-2018,2,1,1,2,29,6,3,0,0,0,0,-1,3,1
57151,72.87609245,19.13135601,11,2,2,1,5,18:30,165,E06000047,3,167,6,60,3,4,4,6287,0,0,4,1,1,0,0,2,1,E01020808,20-01-2018,2,1,1,1,22,5,3,0,0,0,0,-1,1,-1
57152,72.90789812,19.13404673,11,3,1,1,5,15:15,165,E06000047,4,1278,6,60,3,4,5,23,0,8,1,4,1,0,0,2,1,E01020810,20-01-2018,1,1,3,1,6,2,3,9,6,0,0,-1,0,-1
57153,72.88475141,19.11318333,11,3,2,1,3,13:50,165,E06000047,3,167,6,40,3,4,5,68,0,0,1,2,2,0,0,1,1,E01020806,25-01-2018,1,1,3,2,38,7,3,5,2,0,0,-1,0,1
57154,72.88534278,19.19361273,11,3,2,2,3,14:51,165,E06000047,3,177,6,60,8,4,6,0,0,0,1,2,2,0,0,2,1,E01020828,25-01-2018,2,1,2,1,27,6,3,0,0,1,0,-1,9,1
57155,72.9180204,19.0634934,11,3,3,2,4,15:36,165,E06000047,5,35,6,30,1,4,6,0,0,4,1,1,2,0,0,1,1,E01020839,26-01-2018,1,1,3,1,10,2,3,5,4,0,0,-1,0,-1
57156,72.86296361,19.11420085,11,3,1,1,5,08:30,165,E06000047,6,0,6,30,0,-1,-1,0,0,0,1,4,1,0,2,2,1,E01020812,20-01-2018,2,1,1,2,25,5,3,0,0,0,0,-1,9,1
57157,72.89479973,19.1819436,11,3,1,1,1,12:05,165,E06000047,5,95,6,30,0,-1,-1,0,0,0,1,1,2,0,0,2,1,E01020822,23-01-2018,1,1,1,1,38,7,3,0,0,0,0,-1,3,1
57158,72.85386344,19.08847865,11,3,3,1,2,17:20,165,E06000047,3,167,6,60,0,-1,-1,0,0,0,1,1,2,0,0,2,1,E01020851,24-01-2018,2,2,1,1,42,7,3,0,0,0,0,-1,3,1
57159,72.914897,19.1647175,11,3,1,1,1,16:20,165,E06000047,6,0,6,30,0,-1,-1,0,0,0,4,2,2,0,0,1,2,E01020824,23-01-2018,1,1,1,2,42,7,3,0,0,0,0,-1,9,1
57160,72.87792284,19.16416173,11,3,2,1,1,11:07,165,E06000047,3,177,3,70,0,-1,-1,0,0,8,1,1,1,0,0,2,1,E01020828,30-01-2018,2,2,1,1,20,4,3,0,0,0,0,-1,9,1
57161,72.89607276,19.08480145,11,3,2,1,6,08:52,165,E06000047,4,6287,6,30,3,4,6,0,0,0,1,1,1,0,0,2,1,E01020822,28-01-2018,2,3,2,1,18,4,3,0,0,1,0,-1,9,1
57162,72.92790844,19.08454358,11,3,1,1,7,00:45,165,E06000047,5,34,6,30,0,-1,-1,0,0,0,4,1,2,0,0,1,2,E01020832,29-01-2018,2,1,1,1,35,6,3,0,0,0,0,-1,5,1
57163,72.88442376,19.16347514,11,3,2,1,1,12:30,165,E06000047,3,689,3,70,3,4,5,38,0,0,1,1,1,0,0,2,1,E01020828,30-01-2018,1,1,1,1,17,4,3,0,0,0,0,-1,9,2
57164,72.91740312,19.18629574,11,2,2,6,7,14:35,165,E06000047,3,688,6,60,0,-1,-1,0,0,0,1,1,2,0,0,2,1,E01020822,15-01-2018,1,2,2,1,17,4,3,0,0,1,0,-1,9,-1
57165,72.86537498,19.05886019,11,3,1,3,3,20:50,165,E06000047,3,177,3,70,0,-1,-1,0,0,0,6,1,2,0,0,2,1,E01020828,01-02-2018,1,3,2,1,17,4,3,0,0,2,0,-1,9,-1
57166,72.85349932,19.0901633,11,3,3,3,3,08:25,165,E06000047,3,167,6,60,0,-1,-1,0,0,0,1,1,2,0,0,2,1,E01020806,18-01-2018,2,1,1,1,31,6,2,0,0,0,0,-1,3,1
57167,72.85930058,19.17835156,11,3,2,2,4,11:36,165,E06000047,2,1,7,70,5,4,3,689,0,0,1,1,1,0,0,2,1,E01020828,02-02-2018,1,1,1,1,24,5,3,0,0,0,0,-1,9,1
57168,72.82727655,19.09562373,11,3,2,1,7,23:55,165,E06000047,5,35,6,40,3,4,5,34,0,0,4,1,2,0,0,2,1,E01020814,05-02-2018,2,1,1,1,25,5,3,0,0,0,0,-1,9,-1
57169,72.82834723,19.18556926,11,3,2,3,1,10:55,165,E06000047,2,1,3,70,0,-1,-1,0,0,0,1,1,2,0,0,2,1,E01020828,06-02-2018,1,1,1,1,17,4,3,0,0,0,0,-1,9,1
57170,72.9113647,19.17573248,11,3,2,1,5,07:02,165,E06000047,3,167,6,60,3,4,6,0,0,0,6,1,2,0,0,2,1,E01020843,03-02-2018,1,2,2,1,15,3,3,0,0,1,0,-1,9,1
57171,72.9353196,19.07688786,11,3,2,1,6,17:15,165,E06000047,2,1,7,70,1,4,3,167,0,0,6,1,1,0,0,2,2,E01020826,04-02-2018,2,1,1,1,29,6,3,0,0,0,0,-1,9,1
57172,72.87172888,19.05904713,11,3,1,3,7,00:35,165,E06000047,3,689,3,70,0,-1,-1,0,0,0,6,5,2,0,0,2,1,E01020828,12-02-2018,2,2,2,2,31,6,3,0,0,1,0,-1,9,1
57173,72.84547405,19.11328192,11,3,1,1,7,20:52,165,E06000047,6,0,6,30,0,-1,-1,0,0,0,4,1,2,0,0,1,2,E01020849,12-02-2018,2,1,1,2,19,4,3,0,0,0,0,-1,9,1
57174,72.88160828,19.10835187,11,3,1,1,1,12:00,165,E06000047,5,152,6,30,0,-1,-1,0,0,0,1,1,1,0,0,1,2,E01020835,13-02-2018,2,2,2,2,1,1,3,0,0,1,0,-1,9,1
57175,72.84935702,19.11521673,11,3,2,1,4,20:00,165,E06000047,4,1278,6,40,0,-1,-1,0,0,0,4,1,2,0,0,2,2,E01020829,09-02-2018,3,3,1,1,20,4,3,0,0,0,0,-1,9,1
57176,72.90535406,19.1627885,11,3,3,1,3,15:26,165,E06000047,5,35,6,40,3,4,6,0,0,0,1,1,2,0,0,1,1,E01020840,15-02-2018,1,1,3,1,14,3,3,5,1,0,0,-1,0,-1
57177,72.92967717,19.07236007,11,3,2,1,4,06:15,163,E06000047,3,688,6,60,0,-1,-1,0,0,0,4,1,1,0,0,2,2,E01020696,09-02-2018,1,1,1,1,13,3,3,0,0,0,0,-1,1,-1
57178,72.86489718,19.16888419,11,3,2,1,1,15:20,165,E06000047,4,6282,6,30,3,4,6,0,0,0,1,5,2,0,0,1,2,E01020801,13-02-2018,1,1,3,2,18,4,3,5,3,0,0,-1,0,-1
57179,72.87973412,19.14885012,11,3,2,2,6,12:30,165,E06000047,2,1,3,70,0,-1,-1,0,0,0,1,1,1,0,0,2,1,E01020833,18-02-2018,1,1,2,1,17,4,3,0,0,1,0,-1,19,1
57180,72.91554124,19.20116717,11,2,2,3,6,10:00,165,E06000047,5,38,6,60,0,-1,-1,0,0,0,1,1,2,0,0,2,1,E01020828,18-02-2018,1,1,3,1,35,6,3,5,1,0,0,-1,0,-1
57181,72.84744573,19.19742833,11,3,3,2,6,17:10,165,E06000047,6,0,6,30,3,4,6,0,0,0,1,1,1,0,0,1,1,E01020820,18-02-2018,1,1,1,1,29,6,3,0,0,0,0,-1,9,1
57182,72.84902883,19.12742171,11,3,1,1,5,23:55,165,E06000047,4,6288,6,30,3,4,6,0,0,0,4,1,4,0,0,1,1,E01020820,24-02-2018,1,1,3,2,11,3,3,5,3,0,0,-1,0,1
57183,72.88693626,19.1418543,11,3,1,1,2,09:54,165,E06000047,2,1,3,70,0,-1,-1,0,0,0,1,1,1,0,1,2,1,E01020796,28-02-2018,1,1,1,1,19,4,3,0,0,0,0,-1,9,1
57184,72.89789158,19.10301163,11,3,1,1,3,16:45,165,E06000047,5,152,6,40,0,-1,-1,0,0,8,1,3,2,0,0,1,2,E01020823,22-02-2018,1,2,2,2,16,4,3,0,0,2,0,-1,9,-1
57185,72.93762845,19.1015772,11,3,3,2,1,20:05,165,E06000047,5,26,6,30,3,4,6,0,0,0,4,1,1,0,0,2,1,E01020796,06-03-2018,1,3,2,1,17,4,3,0,0,2,0,-1,9,-1
57186,72.92880192,19.12991518,11,2,1,1,5,12:40,165,E06000047,6,0,6,30,0,-1,-1,0,0,0,1,1,2,0,0,1,2,E01020839,03-03-2018,1,1,1,2,35,6,3,0,0,0,0,-1,9,1
57187,72.87416329,19.10473185,11,3,2,3,7,15:10,165,E06000047,5,34,6,30,1,4,4,6443,0,0,1,1,2,0,0,1,1,E01020831,05-03-2018,1,1,3,1,47,8,3,9,9,0,0,-1,0,-1
57188,72.85704757,19.10708237,11,2,1,1,7,05:00,165,E06000047,3,688,6,60,0,-1,-1,0,0,0,6,1,2,0,0,2,1,E01020821,05-03-2018,1,1,1,2,55,8,3,0,0,0,0,-1,9,-1
57189,72.88277429,19.06033286,11,3,2,2,3,11:00,165,E06000047,5,152,6,30,0,-1,-1,0,0,4,1,1,2,0,0,1,1,E01020835,25-01-2018,2,2,1,1,61,9,3,0,0,0,0,-1,9,1
57190,72.89212024,19.11094827,11,2,1,1,1,02:48,165,E06000047,3,689,3,70,8,4,6,0,0,0,6,2,2,0,0,2,1,E01020828,27-02-2018,1,1,3,1,9,2,3,1,1,0,0,-1,0,1
57191,72.92858401,19.14494081,11,3,2,3,4,08:30,165,E06000047,6,0,6,30,3,4,6,0,0,0,1,3,4,0,0,2,1,E01020797,02-03-2018,1,2,2,2,82,11,3,0,0,0,4,-1,11,3
57192,72.90706724,19.20937232,11,3,1,1,2,12:45,165,E06000047,4,1278,6,60,0,-1,-1,0,0,0,1,1,1,0,0,2,1,E01020810,14-03-2018,1,3,2,2,65,9,3,0,0,0,4,-1,11,2
57193,72.90249162,19.06993509,11,3,2,1,7,09:00,165,E06000047,6,0,6,30,3,4,6,0,0,0,1,1,1,0,0,1,1,E01020834,12-03-2018,2,1,1,1,41,7,3,0,0,0,0,-1,19,1
57194,72.92293649,19.11637616,11,1,1,2,1,01:17,165,E06000047,2,1,3,70,0,-1,-1,0,0,0,6,1,1,0,0,2,1,E01020826,06-03-2018,1,1,1,1,17,4,3,0,0,0,0,-1,9,1
57195,72.93723538,19.11546847,11,3,2,1,5,10:20,165,E06000047,3,167,3,60,3,4,6,0,0,0,1,1,1,0,0,2,1,E01020826,17-03-2018,1,2,2,2,16,4,3,0,0,1,0,-1,9,1
57196,72.89439656,19.19640103,11,3,2,1,5,08:10,165,E06000047,5,189,6,30,3,4,6,0,0,0,1,1,1,0,0,1,1,E01020840,17-03-2018,2,1,1,1,70,10,3,0,0,0,0,-1,9,1
57197,72.84251074,19.08190902,11,3,2,2,1,01:00,165,E06000047,6,0,6,40,3,4,6,0,0,0,4,1,1,0,0,1,1,E01020814,13-03-2018,1,1,1,2,48,8,3,0,0,0,0,-1,9,-1
57198,72.92506044,19.18309931,11,3,2,1,4,07:20,165,E06000047,4,6288,6,30,1,4,3,688,0,0,1,3,4,0,0,1,1,E01020820,02-03-2018,2,1,1,1,60,9,3,0,0,0,0,-1,9,1
57199,72.8327699,19.09595582,11,3,2,1,7,16:00,165,E06000047,5,36,6,30,3,4,6,0,0,0,1,1,1,0,0,2,1,E01020805,12-03-2018,2,2,2,2,32,6,3,0,0,2,0,-1,9,-1
57200,72.90946849,19.19146379,11,2,1,1,6,18:03,165,E06000047,6,0,3,30,0,-1,-1,0,0,0,1,1,1,0,0,1,1,E01020848,18-03-2018,2,1,2,2,45,7,3,0,0,1,0,-1,9,1
57201,72.82732178,19.05815939,11,3,2,1,7,17:15,165,E06000047,5,36,6,30,3,4,6,0,0,0,1,1,1,0,0,2,2,E01020805,12-03-2018,1,2,2,1,21,5,3,0,0,1,0,-1,9,1
57202,72.85798918,19.12458827,11,3,1,1,2,12:50,165,E06000047,6,0,6,30,0,-1,-1,0,0,0,1,1,2,0,0,1,1,E01020841,28-03-2018,2,1,1,1,49,8,3,0,0,0,0,-1,9,1
57203,72.84593864,19.2079864,11,3,1,1,5,16:41,165,E06000047,5,39,6,30,0,-1,-1,0,0,0,1,1,1,0,0,1,1,E01020826,24-03-2018,1,1,2,2,22,5,3,0,0,1,0,-1,19,-1
57204,72.9106467,19.18003821,11,3,2,1,4,08:50,165,E06000047,5,147,1,30,1,4,6,0,0,0,1,1,1,0,0,2,1,E01020815,09-03-2018,1,1,1,1,27,6,3,0,0,0,0,-1,9,1
57205,72.91772758,19.07815548,11,3,1,1,3,22:20,165,E06000047,5,39,1,40,2,4,5,147,0,0,4,1,2,0,0,2,1,E01020826,22-03-2018,1,1,1,1,45,7,3,0,0,0,0,-1,1,1
57206,72.83306277,19.10494457,11,3,2,1,4,07:53,165,E06000047,4,6443,6,30,3,4,6,0,0,0,1,2,2,0,0,1,1,E01020826,30-03-2018,2,1,1,1,23,5,3,0,0,0,0,-1,9,1
57207,72.90339194,19.20285556,11,3,1,1,3,14:55,165,E06000047,4,6443,6,30,1,4,5,34,0,0,1,1,2,0,0,1,1,E01020831,29-03-2018,2,1,1,1,46,8,3,0,0,0,0,-1,8,1
57208,72.91551471,19.07741026,11,2,2,4,6,16:00,165,E06000047,3,6072,6,60,0,-1,-1,0,0,0,1,1,1,0,0,2,1,E01020802,01-04-2018,1,1,2,1,26,6,3,0,0,1,0,-1,9,1
57209,72.83985525,19.17837489,11,3,2,2,6,17:50,165,E06000047,3,167,3,60,3,4,5,34,0,0,1,1,1,0,0,2,1,E01020826,01-04-2018,2,1,1,2,42,7,3,0,0,0,0,-1,9,1
57210,72.86068033,19.14912916,11,3,2,1,2,16:40,165,E06000047,6,0,6,30,3,4,6,0,0,0,1,1,1,0,0,1,1,E01020834,04-04-2018,1,2,1,2,38,7,3,0,0,0,0,-1,9,1
57211,72.83433903,19.06395496,11,3,2,1,6,07:40,165,E06000047,5,39,6,40,3,4,6,0,0,0,1,4,1,0,0,1,2,E01020826,08-04-2018,2,1,1,2,60,9,3,0,0,0,0,-1,9,2
57212,72.84125954,19.10582564,11,3,2,1,2,09:15,164,E06000047,3,19,7,60,5,4,3,19,0,0,1,1,1,0,0,2,2,E01020772,04-04-2018,2,1,1,1,46,8,2,0,0,0,0,-1,1,-1
57213,72.88697133,19.16673783,11,3,2,1,1,16:15,165,E06000047,3,167,3,70,1,4,2,1,0,0,1,1,2,0,0,2,1,E01020826,27-03-2018,1,1,3,1,10,2,3,1,3,0,0,-1,0,1
57214,72.91577458,19.16054186,11,3,2,1,2,08:09,165,E06000047,5,38,1,60,1,4,3,689,0,8,1,1,1,0,0,2,1,E01020828,04-04-2018,1,1,1,1,13,3,1,0,0,0,0,-1,2,1
57215,72.87337649,19.07200381,11,3,2,2,3,17:48,165,E06000047,6,0,6,30,3,4,6,0,0,0,1,1,1,0,0,1,1,E01020845,05-04-2018,2,1,1,2,21,5,3,0,0,0,0,-1,9,1
57216,72.90054517,19.15528488,11,2,2,1,2,15:23,165,E06000047,6,0,6,30,0,-1,-1,0,0,0,1,1,1,0,0,1,1,E01020845,11-04-2018,2,1,1,1,44,7,3,0,0,0,0,-1,4,1
57217,72.8657479,19.18937631,11,3,1,1,7,12:50,165,E06000047,3,167,6,30,3,4,6,0,0,8,1,1,1,0,0,2,1,E01020803,16-04-2018,2,1,1,1,34,6,3,0,0,0,0,-1,3,1
57218,72.88828953,19.08516187,11,2,1,1,7,05:10,165,E06000047,3,689,3,60,0,-1,-1,0,0,0,6,1,5,0,0,2,1,E01020828,16-04-2018,1,1,3,2,11,3,2,5,3,0,0,-1,0,1
57219,72.93138561,19.06281382,11,3,1,1,7,08:18,165,E06000047,3,689,6,60,0,-1,-1,0,0,0,1,1,5,0,0,2,1,E01020828,16-04-2018,1,1,1,1,32,6,3,0,0,0,0,-1,9,1
57220,72.93235081,19.06293127,11,3,1,1,1,20:11,165,E06000047,5,37,6,60,0,-1,-1,0,0,0,5,2,2,0,0,2,1,E01020808,17-04-2018,1,1,1,2,29,6,3,0,0,0,0,-1,9,-1
57221,72.83159284,19.14009151,11,3,4,2,3,22:42,165,E06000047,3,167,3,70,0,-1,-1,0,0,0,4,2,2,0,0,2,1,E01020826,19-04-2018,2,2,1,1,39,7,3,0,0,0,0,-1,9,-1
57222,72.86428791,19.19951949,11,2,2,1,7,12:40,165,E06000047,6,0,6,30,3,4,6,0,0,0,1,1,1,0,0,1,1,E01020802,23-04-2018,2,1,1,1,35,6,3,0,0,0,0,-1,3,1
57223,72.88532753,19.1951249,11,2,2,2,2,16:04,165,E06000047,3,689,6,60,0,-1,-1,0,0,0,1,1,1,0,0,2,1,E01020803,25-04-2018,1,1,2,1,25,5,2,0,0,1,0,-1,9,1
57224,72.93251862,19.09513526,11,2,2,4,5,18:20,165,E06000047,3,177,3,70,0,-1,-1,0,0,0,1,1,1,0,0,2,1,E01020828,28-04-2018,1,2,2,1,23,5,2,0,0,2,0,-1,9,1
57225,72.87593793,19.13910013,11,3,1,2,7,11:25,165,E06000047,3,167,3,70,0,-1,-1,0,0,0,1,1,2,0,0,2,1,E01020826,30-04-2018,1,1,2,1,38,7,2,0,0,1,0,-1,9,1
57226,72.93660453,19.19483135,11,1,3,3,2,04:35,165,E06000047,2,1,3,70,0,-1,-1,0,0,0,1,1,1,0,2,2,1,E01020828,09-05-2018,1,1,1,1,19,4,3,0,0,0,0,-1,9,1
57227,72.93395646,19.15910997,11,3,1,1,3,01:10,165,E06000047,6,0,6,30,0,-1,-1,0,0,0,4,1,2,0,0,1,1,E01020838,03-05-2018,1,2,2,1,15,3,1,0,0,1,0,-1,9,1
57228,72.86815622,19.20385293,11,3,1,1,4,18:10,165,E06000047,5,34,1,30,1,4,6,0,0,8,1,1,1,0,0,1,1,E01020831,04-05-2018,1,3,2,1,14,3,2,0,0,2,0,-1,9,1
57229,72.91217943,19.16946865,11,3,1,1,5,15:50,165,E06000047,6,0,6,30,0,-1,-1,0,0,0,1,1,1,0,0,2,1,E01020815,05-05-2018,2,1,1,1,44,7,3,0,0,0,0,-1,9,1
57230,72.92240641,19.06301059,11,3,3,1,5,18:10,165,E06000047,5,34,6,60,3,4,6,0,0,0,1,1,1,0,0,2,1,E01020838,05-05-2018,2,1,2,2,60,9,3,0,0,1,0,-1,9,1
57231,72.83617925,19.11506709,11,3,2,1,7,00:15,165,E06000047,3,167,3,70,3,2,4,6443,0,0,7,4,1,0,0,2,2,E01020826,07-05-2018,1,1,3,2,21,5,3,5,2,0,0,-1,0,-1
57232,72.87310378,19.19650307,11,3,2,1,7,20:40,165,E06000047,6,0,1,30,2,4,6,0,0,0,1,1,1,0,0,1,1,E01020824,07-05-2018,2,1,1,2,28,6,3,0,0,0,0,-1,9,1
57233,72.8672805,19.1502207,11,3,2,1,5,16:25,165,E06000047,6,0,6,30,0,-1,-1,0,0,0,1,1,1,0,0,1,1,E01020826,24-03-2018,2,3,2,2,58,9,3,0,0,1,0,-1,9,1
57234,72.93081329,19.05671193,11,3,3,4,6,07:49,165,E06000047,3,167,1,60,1,4,2,1,0,0,1,1,1,0,0,2,1,E01020826,13-05-2018,2,4,2,1,4,1,3,0,0,2,0,-1,9,1
57235,72.90592843,19.06292254,11,3,1,1,2,16:40,165,E06000047,4,1278,6,30,0,-1,-1,0,0,0,1,1,1,0,0,2,1,E01020809,09-05-2018,3,2,1,2,42,7,3,0,0,0,0,-1,9,1
57236,72.85975627,19.0678326,11,3,2,1,2,22:43,165,E06000047,2,1,7,70,1,4,3,689,0,0,6,1,2,0,0,2,1,E01020828,09-05-2018,2,1,1,1,17,4,3,0,0,0,0,-1,9,1
57237,72.9221828,19.16893366,11,3,1,1,3,11:30,165,E06000047,6,0,6,30,0,-1,-1,0,0,0,1,1,1,0,0,1,1,E01020849,10-05-2018,2,2,2,1,71,10,3,0,0,1,0,-1,9,1
57238,72.85576555,19.2080668,11,3,4,1,4,16:02,165,E06000047,3,167,6,60,0,-1,-1,0,0,0,1,1,1,0,0,1,1,E01020826,18-05-2018,1,1,1,1,6,2,3,0,0,0,0,-1,1,1
57239,72.91816495,19.19907309,11,3,2,3,4,18:50,165,E06000047,2,1,7,70,1,4,3,167,0,0,1,1,1,0,0,2,1,E01020826,18-05-2018,2,1,2,2,60,9,3,0,0,0,4,-1,11,-1
57240,72.86438574,19.13474858,11,3,2,2,6,08:45,165,E06000047,5,147,6,30,3,4,6,0,0,0,1,2,2,0,0,1,1,E01020816,20-05-2018,1,2,2,2,24,5,3,0,0,1,0,-1,9,1
57241,72.82648502,19.15457946,11,3,2,1,5,15:16,165,E06000047,3,688,6,60,8,4,6,0,0,0,1,1,1,0,0,2,1,E01020821,19-05-2018,1,3,2,1,5,1,3,0,0,2,0,-1,9,1
57242,72.93449057,19.05847084,11,3,3,1,2,15:45,165,E06000047,5,35,6,30,0,-1,-1,0,0,0,1,1,1,0,0,2,1,E01020803,30-05-2018,2,1,1,1,67,10,2,0,0,0,0,-1,9,1
57243,72.86131498,19.154616,11,3,2,1,1,18:34,165,E06000047,5,38,6,30,0,-1,-1,0,0,0,1,1,1,0,0,2,1,E01020829,29-05-2018,1,1,2,1,41,7,3,0,0,1,0,-1,19,-1
57244,72.90039677,19.12320004,11,3,2,1,2,11:05,165,E06000047,3,689,1,70,1,4,3,177,0,0,1,1,1,0,0,2,1,E01020830,30-05-2018,2,1,1,1,42,7,3,0,0,0,0,-1,9,1
57245,72.90918598,19.15376274,11,3,2,1,1,19:00,165,E06000047,6,0,6,30,3,4,6,0,0,0,1,1,1,0,0,1,1,E01020839,29-05-2018,2,2,2,2,52,8,3,0,0,1,0,-1,9,1
57246,72.9017454,19.08526214,11,3,2,1,7,12:07,165,E06000047,3,177,6,60,3,4,5,23,0,0,1,1,1,0,0,2,1,E01020700,21-05-2018,1,1,3,2,6,2,3,5,2,0,0,-1,0,1
57247,72.92864872,19.14704578,11,3,1,1,1,16:10,165,E06000047,3,177,3,70,0,-1,-1,0,0,0,1,2,2,0,0,2,1,E01020828,05-06-2018,2,1,1,2,50,8,3,0,0,0,0,-1,9,1
57248,72.91999944,19.20395881,11,3,2,1,1,14:20,165,E06000047,5,35,6,60,3,4,6,0,0,0,1,1,2,0,0,2,1,E01020815,12-06-2018,2,1,1,1,30,6,3,0,0,0,0,-1,9,1
57249,72.9011476,19.08172484,11,3,1,1,2,20:06,165,E06000047,3,689,3,60,0,-1,-1,0,0,0,1,1,1,0,0,2,1,E01020828,13-06-2018,1,1,3,1,3,1,3,5,4,0,0,-1,0,1
57250,72.86862755,19.10628774,11,3,2,1,1,16:25,165,E06000047,5,35,6,40,3,4,5,189,0,0,1,1,2,0,0,1,1,E01020840,12-06-2018,2,1,1,1,26,6,3,0,0,0,0,-1,9,2
57251,72.91715627,19.19181922,11,3,2,1,1,11:26,165,E06000047,5,23,6,60,0,-1,-1,0,0,0,1,1,1,0,0,2,1,E01020828,19-06-2018,2,1,1,2,32,6,3,0,0,0,0,-1,9,-1
57252,72.82874662,19.07959511,11,3,2,4,1,03:25,165,E06000047,2,1,3,70,0,-1,-1,0,0,0,6,1,1,0,0,2,1,E01020828,12-06-2018,1,1,1,1,17,4,3,0,0,0,0,-1,1,-1
57253,72.83902195,19.1281009,11,3,2,1,7,18:50,165,E06000047,6,0,6,30,0,-1,-1,0,0,0,1,1,1,0,0,1,1,E01020841,18-06-2018,1,1,1,1,52,8,2,0,0,0,0,-1,5,1
57254,72.84130493,19.06700354,11,3,1,1,6,15:50,165,E06000047,6,0,6,30,0,-1,-1,0,0,0,1,1,1,0,0,1,1,E01020845,24-06-2018,2,2,1,1,38,7,3,0,0,0,0,-1,9,1
57255,72.86541548,19.1897454,11,3,1,2,5,05:45,165,E06000047,5,147,6,30,0,-1,-1,0,0,8,1,1,1,0,0,1,1,E01020813,23-06-2018,1,1,3,2,60,9,3,5,1,0,0,-1,0,1
57256,72.92034313,19.16933562,11,3,2,1,5,06:35,165,E06000047,6,0,6,30,3,4,5,189,0,0,1,1,1,0,0,1,2,E01020802,23-06-2018,1,1,2,2,18,4,3,0,0,1,0,-1,9,1