Accident_Index,longitude,latitude,Police_Force,Accident_Severity,Number_of_Vehicles,Number_of_Casualties,Day_of_Week,Time,Local_Authority_(District),Local_Authority_(Highway),1st_Road_Class,1st_Road_Number,Road_Type,Speed_limit,Junction_Detail,Junction_Control,2nd_Road_Class,2nd_Road_Number,Pedestrian_Crossing-Human_Control,Pedestrian_Crossing-Physical_Facilities,Light_Conditions,Weather_Conditions,Road_Surface_Conditions,Special_Conditions_at_Site,Carriageway_Hazards,Urban_or_Rural_Area,Did_Police_Officer_Attend_Scene_of_Accident,LSOA_of_Accident_Location,Date,Vehicle_Reference,Casualty_Reference,Casualty_Class,Sex_of_Casualty,Age_of_Casualty,Age_Band_of_Casualty,Casualty_Severity,Pedestrian_Location,Pedestrian_Movement,Car_Passenger,Bus_or_Coach_Passenger,Pedestrian_Road_Maintenance_Worker,Casualty_Type,Casualty_Home_Area_Type
57495,72.88891321,19.05698453,11,3,2,1,6,09:59,163,E06000047,6,0,6,30,3,4,6,0,0,0,1,1,1,0,0,1,1,E01020703,22-04-2018,1,1,1,1,22,5,3,0,0,0,0,-1,9,-1
57496,72.86481376,19.19568803,11,3,2,1,4,17:45,163,E06000047,3,177,6,60,1,4,2,1,0,0,1,1,1,0,0,2,1,E01020697,27-04-2018,1,2,2,1,23,5,2,0,0,1,0,-1,9,1
57497,72.84713585,19.104728,11,3,2,1,4,17:10,163,E06000047,6,0,6,60,0,-1,-1,0,0,0,1,1,1,0,0,2,2,E01020685,27-04-2018,1,3,2,1,33,6,2,0,0,2,0,-1,9,1
57498,72.90680935,19.06607089,11,3,2,2,7,13:51,163,E06000047,4,6302,6,30,3,4,5,18,0,0,1,1,1,0,0,2,1,E01020715,30-04-2018,1,1,3,1,21,5,3,10,1,0,0,-1,0,-1
57499,72.88408726,19.09380322,11,3,2,1,3,17:29,163,E06000047,4,6291,6,30,3,4,6,0,0,0,1,1,2,0,0,2,1,E01020701,03-05-2018,1,1,1,1,28,6,3,0,0,0,0,-1,9,1
57500,72.91463666,19.11300881,11,3,2,1,4,13:10,163,E06000047,4,6532,6,30,0,-1,-1,0,0,0,1,1,1,0,0,1,1,E01020708,04-05-2018,1,2,2,1,25,5,3,0,0,1,0,-1,9,1
57501,72.86631617,19.06414403,11,1,2,6,5,23:49,164,E06000047,3,181,6,60,0,-1,-1,0,0,0,4,1,1,0,0,2,1,E01020789,05-05-2018,1,1,1,2,76,11,3,0,0,0,0,-1,9,1
57502,72.93521751,19.19772635,11,3,2,1,6,16:00,163,E06000047,5,100,6,30,3,4,6,0,0,0,1,1,1,0,0,1,1,E01020708,06-05-2018,1,1,1,2,52,8,3,0,0,0,0,-1,9,1
57503,72.88884433,19.11557547,11,1,2,2,5,15:20,163,E06000047,2,1,3,70,0,-1,-1,0,0,0,1,1,1,0,0,2,1,E01020727,12-05-2018,1,1,1,1,20,4,3,0,0,0,0,-1,5,-1
57504,72.86679622,19.16293737,11,3,2,1,5,08:45,163,E06000047,5,5,1,30,1,4,3,167,0,0,1,1,1,0,0,2,1,E01020711,12-05-2018,2,1,1,1,74,10,3,0,0,0,0,-1,9,1
57505,72.91362665,19.18145478,11,3,2,1,6,17:55,163,E06000047,5,100,6,30,0,-1,-1,0,0,0,1,1,1,0,0,1,1,E01020708,13-05-2018,2,1,1,1,45,7,3,0,0,0,0,-1,9,1
57506,72.92584962,19.20149717,11,2,2,1,7,20:15,163,E06000047,6,0,6,30,0,-1,-1,0,0,0,1,1,1,0,2,1,1,E01020703,14-05-2018,1,1,1,1,16,4,3,0,0,0,0,-1,1,1
57507,72.90766105,19.19148089,11,3,3,10,7,17:10,163,E06000047,6,0,6,30,1,2,3,690,0,5,1,1,1,0,0,1,1,E01020702,14-05-2018,1,1,1,2,22,5,3,0,0,0,0,-1,9,-1
57508,72.87866187,19.13005889,11,3,2,2,1,10:50,163,E06000047,5,12,6,60,3,4,5,8012,0,0,1,1,1,0,0,2,1,E01020709,15-05-2018,1,2,2,2,21,5,3,0,0,1,0,-1,9,-1
57509,72.9073557,19.19193226,11,3,1,1,4,21:00,163,E06000047,5,154,6,60,0,-1,-1,0,0,0,1,1,1,0,0,2,1,E01020688,18-05-2018,2,1,1,1,77,11,3,0,0,0,0,-1,2,1
57510,72.93626396,19.17113309,11,3,2,1,4,12:05,163,E06000047,3,177,1,40,1,4,3,167,0,0,1,1,1,0,0,2,1,E01020707,18-05-2018,1,1,1,2,34,6,3,0,0,0,0,-1,9,1
57511,72.92158073,19.06803383,11,2,1,1,2,18:50,163,E06000047,6,0,6,30,3,4,6,0,0,0,1,1,1,0,0,1,2,E01020720,16-05-2018,1,3,2,2,7,2,3,0,0,2,0,-1,9,1
57512,72.88126259,19.11777479,11,3,2,1,6,15:03,163,E06000047,3,177,6,30,0,-1,-1,0,0,0,1,1,1,0,0,2,1,E01020697,27-05-2018,2,2,1,2,47,8,3,0,0,0,0,-1,9,1
57513,72.82982448,19.1776332,11,3,4,1,6,15:55,163,E06000047,3,181,6,60,0,-1,-1,0,0,0,1,1,1,0,0,2,1,E01020731,27-05-2018,2,1,1,1,38,7,3,0,0,0,0,-1,1,1
57514,72.89064305,19.14444729,11,3,1,1,3,18:25,163,E06000047,6,0,6,30,0,-1,-1,0,0,0,1,1,1,0,0,2,1,E01020679,31-05-2018,1,1,1,2,36,7,3,0,0,0,0,-1,9,1
57515,72.8783413,19.18874305,11,3,3,2,3,16:40,162,E06000047,3,691,6,60,3,4,6,0,0,0,1,1,1,0,0,2,1,E01020633,31-05-2018,3,2,1,2,28,6,3,0,0,0,0,-1,9,-1
57516,72.93390631,19.15482348,11,3,2,1,4,20:40,163,E06000047,3,177,6,60,3,4,5,23,0,0,1,1,2,0,0,2,1,E01020700,01-06-2018,3,3,2,2,22,5,2,0,0,1,0,-1,9,-1
57517,72.8804084,19.12248423,11,3,1,1,1,04:58,163,E06000047,3,167,6,40,0,-1,-1,0,0,5,1,2,2,0,0,1,1,E01020712,05-06-2018,1,1,1,1,21,5,3,0,0,0,0,-1,9,1
57518,72.85027109,19.19116008,11,3,2,2,2,15:10,163,E06000047,3,181,6,60,3,4,6,0,0,0,1,1,1,0,0,2,1,E01020729,06-06-2018,2,2,1,2,41,7,3,0,0,0,0,-1,9,3
57519,72.8768794,19.15706613,11,3,2,1,5,07:59,163,E06000047,5,17,6,30,8,4,6,0,0,0,1,1,1,0,0,2,1,E01020679,09-06-2018,2,1,1,2,50,8,3,0,0,0,0,-1,9,1
57520,72.8625787,19.06784832,11,3,1,1,6,21:10,163,E06000047,5,8012,6,60,3,4,6,0,0,0,1,1,1,0,0,2,1,E01020709,10-06-2018,2,2,2,2,30,6,3,0,0,1,0,-1,9,1
57521,72.87025201,19.15837215,11,3,1,1,5,20:04,163,E06000047,5,8012,6,60,3,4,6,0,0,0,1,1,1,0,0,2,1,E01020732,02-06-2018,2,3,2,2,4,1,3,0,0,2,0,-1,9,1
57522,72.90484539,19.06351302,11,2,2,2,5,18:30,163,E06000047,3,691,6,60,0,-1,-1,0,0,0,1,1,1,0,0,2,1,E01020680,09-06-2018,1,1,1,1,21,5,3,0,0,0,0,-1,9,-1
57523,72.8786062,19.13158139,11,3,1,1,3,16:25,163,E06000047,3,690,7,60,0,-1,-1,0,0,0,1,1,1,0,0,2,1,E01020690,14-06-2018,1,2,2,2,17,4,3,0,0,2,0,-1,9,1
57524,72.82783337,19.18893825,11,3,2,1,1,14:34,163,E06000047,3,690,1,70,1,4,2,1,0,8,1,1,1,0,0,2,1,E01020690,19-06-2018,1,3,2,2,17,4,3,0,0,2,0,-1,9,-1
57525,72.91551514,19.1478469,11,3,2,1,6,11:40,163,E06000047,3,691,6,60,0,-1,-1,0,0,0,1,1,1,0,0,2,1,E01020680,10-06-2018,1,4,2,2,17,4,3,0,0,1,0,-1,9,1
57526,72.86557546,19.11586681,11,3,2,1,6,17:00,163,E06000047,3,167,6,40,0,-1,-1,0,0,0,1,1,1,4,0,1,1,E01020711,17-06-2018,2,5,1,2,44,7,3,0,0,0,0,-1,90,1
57527,72.83317679,19.13468021,11,3,1,1,6,18:25,163,E06000047,6,0,6,30,0,-1,-1,0,0,0,1,1,1,0,0,1,1,E01020690,17-06-2018,2,6,2,2,80,11,3,0,0,2,0,-1,90,1
57528,72.86523469,19.17589239,11,3,2,1,7,20:00,163,E06000047,3,181,6,30,3,4,6,0,0,0,1,1,1,0,0,1,1,E01020723,18-06-2018,2,7,2,2,30,6,3,0,0,2,0,-1,90,1
57529,72.91607276,19.10599585,11,3,2,1,5,16:45,163,E06000047,3,167,3,70,0,-1,-1,0,0,0,1,1,1,0,0,2,1,E01020680,23-06-2018,2,1,1,1,33,6,3,0,0,0,0,-1,8,1
57530,72.85589041,19.1974201,11,3,2,1,7,09:09,163,E06000047,6,0,6,30,0,-1,-1,0,0,0,1,1,1,0,0,2,1,E01020684,25-06-2018,3,2,1,1,37,7,3,0,0,0,0,-1,8,1
57531,72.83337724,19.09474988,11,3,2,2,3,08:48,163,E06000047,2,1,3,70,0,-1,-1,0,0,0,1,2,2,0,0,2,1,E01020732,21-06-2018,1,1,1,2,22,5,3,0,0,0,0,-1,9,2
57532,72.87151549,19.1165822,11,3,3,1,3,17:00,163,E06000047,5,12,6,30,3,4,6,0,0,4,1,1,1,0,0,1,2,E01020711,21-06-2018,1,2,2,1,37,7,3,0,0,1,0,-1,9,1
57533,72.83517404,19.1369404,11,3,2,2,6,08:02,163,E06000047,4,6532,6,60,3,4,6,0,0,0,1,1,1,0,0,2,1,E01020680,24-06-2018,2,1,2,2,70,10,3,0,0,0,4,-1,10,-1
57534,72.8995174,19.05992979,11,3,3,1,5,16:48,163,E06000047,4,1198,6,60,0,-1,-1,0,0,0,1,1,2,0,0,2,1,E01020732,30-06-2018,2,1,2,1,10,2,3,0,0,0,4,-1,11,1
57535,72.89358667,19.06869861,11,2,2,1,4,20:10,163,E06000047,6,0,6,30,3,4,6,0,0,0,1,2,2,0,0,1,2,E01020720,29-06-2018,2,2,2,2,30,6,3,0,0,0,4,-1,11,1
57536,72.84523359,19.13693443,11,1,2,4,5,19:05,163,E06000047,3,688,6,60,0,-1,-1,0,0,0,1,1,1,0,0,2,1,E01020696,30-06-2018,2,1,1,2,32,6,3,0,0,0,0,-1,9,1
57537,72.89231124,19.06122385,11,2,1,1,6,23:15,163,E06000047,3,167,3,70,0,-1,-1,0,0,0,4,1,1,0,0,2,1,E01020713,01-07-2018,2,1,1,1,20,4,3,0,0,0,0,-1,9,-1
57538,72.88541201,19.18901246,11,3,2,2,6,19:10,163,E06000047,3,688,6,60,1,4,3,177,0,0,1,1,1,0,0,2,2,E01020697,01-07-2018,2,2,2,2,22,5,3,0,0,1,0,-1,9,1
57539,72.84851317,19.10375698,11,3,2,1,6,12:43,163,E06000047,3,688,6,60,3,4,6,0,0,0,1,1,1,0,0,2,1,E01020696,01-07-2018,1,1,1,1,32,6,2,0,0,0,0,-1,2,1
57540,72.93614638,19.17030978,11,3,1,1,7,14:50,163,E06000047,3,167,6,40,3,4,6,0,0,8,1,1,1,0,0,1,1,E01020713,02-07-2018,1,1,2,2,18,4,3,0,0,1,0,-1,9,1
57541,72.91741637,19.18737184,11,2,4,1,7,15:11,163,E06000047,3,167,6,40,3,4,6,0,0,8,1,1,1,0,3,1,1,E01020713,02-07-2018,2,1,1,1,45,7,3,0,0,0,0,-1,9,3
57542,72.83699286,19.15186542,11,3,2,2,2,07:33,163,E06000047,3,690,3,50,3,3,5,8012,0,0,1,2,2,0,0,2,1,E01020726,04-07-2018,2,1,1,2,77,11,3,0,0,0,0,-1,9,1
57543,72.89008743,19.08438569,11,3,1,1,2,11:29,163,E06000047,6,0,6,30,3,4,6,0,0,1,1,2,2,0,0,1,2,E01020728,04-07-2018,2,2,2,2,81,11,3,0,0,1,0,-1,9,1
57544,72.86877288,19.10098405,11,2,1,1,6,08:20,163,E06000047,6,0,6,30,3,4,6,0,0,0,1,1,1,0,0,2,2,E01020689,08-07-2018,2,3,2,2,80,11,3,0,0,2,0,-1,9,1
57545,72.8614743,19.20252293,11,3,1,1,6,00:35,163,E06000047,3,181,6,60,0,-1,-1,0,0,0,6,1,1,0,0,2,1,E01020729,15-07-2018,1,1,1,1,9,2,2,0,0,0,0,-1,1,1
57546,72.82997212,19.19209006,11,3,2,2,6,19:30,163,E06000047,6,0,6,30,3,4,6,0,0,0,1,1,1,0,0,1,1,E01020709,15-07-2018,2,1,1,1,38,7,3,0,0,0,0,-1,9,-1
57547,72.83617383,19.14616474,11,3,3,1,2,16:38,163,E06000047,2,1,3,70,0,-1,-1,0,0,0,1,1,2,0,0,2,1,E01020690,11-07-2018,1,1,3,2,40,7,3,1,1,0,0,-1,0,-1
57548,72.93517846,19.08363108,11,3,2,1,2,23:45,163,E06000047,4,6532,6,30,0,-1,-1,0,0,0,4,1,1,0,0,1,2,E01020614,18-07-2018,2,1,1,2,26,6,3,0,0,0,0,-1,9,1
57549,72.89693569,19.05878293,11,3,3,1,3,23:25,163,E06000047,5,8012,6,60,0,-1,-1,0,0,0,6,1,1,0,0,2,2,E01020695,19-07-2018,2,2,2,2,52,8,3,0,0,1,0,-1,9,1
57550,72.91236957,19.14573763,11,3,1,1,1,01:05,163,E06000047,3,690,3,70,0,-1,-1,0,0,0,6,1,1,0,0,2,1,E01020722,24-07-2018,2,1,1,1,6,2,3,0,0,0,0,-1,1,1
57551,72.83570606,19.20230618,11,3,2,1,4,10:47,163,E06000047,3,177,6,30,3,4,6,0,0,0,1,1,1,0,0,2,1,E01020713,27-07-2018,1,1,1,1,26,6,2,0,0,0,0,-1,20,1
57552,72.88636811,19.07433362,11,3,2,1,4,16:48,163,E06000047,3,690,6,30,0,-1,-1,0,0,0,1,1,1,0,0,2,1,E01020684,27-07-2018,2,2,1,1,45,7,3,0,0,0,0,-1,11,1
57553,72.88231474,19.11275936,11,3,3,1,7,12:40,163,E06000047,6,0,6,60,0,-1,-1,0,0,0,1,2,2,0,0,2,1,E01020680,30-07-2018,2,1,2,2,34,6,3,0,0,2,0,-1,9,1
57554,72.87788904,19.12445997,11,2,2,1,4,15:30,163,E06000047,6,0,6,60,0,-1,-1,0,0,0,1,1,1,0,0,2,1,E01020709,03-08-2018,1,1,1,1,15,3,3,0,0,0,0,-1,1,1
57555,72.84014435,19.08411243,11,3,2,1,4,17:25,163,E06000047,2,1,1,30,1,4,3,177,0,0,1,1,1,0,0,2,1,E01020697,10-08-2018,2,2,1,1,43,7,3,0,0,0,0,-1,5,2
57556,72.92173752,19.1410096,11,2,2,6,7,12:12,163,E06000047,2,1,3,70,5,4,2,1,0,0,1,1,1,0,0,2,1,E01020697,06-08-2018,1,1,1,1,41,7,2,0,0,0,0,-1,5,1
57557,72.92872118,19.14717033,11,3,1,1,2,11:50,163,E06000047,5,98,6,30,0,-1,-1,0,0,0,1,1,1,0,0,1,2,E01020707,08-08-2018,1,1,2,1,39,7,3,0,0,0,0,-1,5,1
57558,72.88329202,19.10728021,11,3,4,1,3,15:59,163,E06000047,4,1283,6,40,0,-1,-1,0,0,0,1,1,1,4,0,2,1,E01020731,09-08-2018,1,1,3,2,24,5,3,9,5,0,0,-1,0,1
57559,72.83693211,19.1752579,11,3,2,1,1,14:00,163,E06000047,3,167,1,70,1,4,3,177,0,0,1,1,1,0,0,2,2,E01020713,14-08-2018,1,1,1,1,39,7,3,0,0,0,0,-1,9,1
57560,72.9355843,19.18477935,11,3,2,1,5,15:47,163,E06000047,3,181,6,60,0,-1,-1,0,0,0,1,1,1,0,0,2,1,E01020729,11-08-2018,2,1,1,1,39,7,2,0,0,0,0,-1,5,1
57561,72.84675408,19.1466999,11,3,2,1,5,08:25,163,E06000047,3,181,6,30,3,3,6,0,0,0,1,1,1,0,0,1,1,E01020723,18-08-2018,1,1,2,1,28,6,3,0,0,0,3,-1,11,1
57562,72.86404294,19.13712686,11,3,1,1,5,12:08,163,E06000047,6,0,6,30,3,4,6,0,0,1,1,1,1,0,0,1,1,E01020728,18-08-2018,1,1,2,2,29,6,3,0,0,0,3,-1,11,-1
57563,72.86405313,19.10743411,11,3,1,1,7,09:40,163,E06000047,6,0,6,30,8,4,6,0,0,0,1,1,1,0,0,2,1,E01020685,20-08-2018,2,1,1,2,27,6,3,0,0,0,0,-1,9,1
57564,72.83794879,19.14800226,11,2,1,1,1,21:40,163,E06000047,4,1283,6,40,0,-1,-1,0,0,0,4,1,1,0,0,2,1,E01020731,21-08-2018,2,1,1,2,25,5,2,0,0,0,0,-1,1,1
57565,72.91190229,19.17915839,11,3,2,1,4,19:30,163,E06000047,5,18,6,60,0,-1,-1,0,0,0,1,1,1,0,0,2,1,E01020714,17-08-2018,2,1,1,1,50,8,2,0,0,0,0,-1,5,1
57566,72.92794695,19.19373519,11,3,2,2,5,23:00,163,E06000047,2,1,7,70,1,4,3,690,0,0,5,1,1,0,0,2,1,E01020690,18-08-2018,1,1,3,1,25,5,3,1,1,0,0,-1,0,1
57567,72.89733954,19.17651143,11,3,2,2,6,19:10,163,E06000047,3,690,3,40,3,4,6,0,0,0,1,1,1,4,0,1,2,E01020690,26-08-2018,1,1,3,2,19,4,3,5,1,0,0,-1,0,1
57568,72.93111036,19.13306034,11,2,1,1,7,13:51,163,E06000047,4,6302,6,40,3,4,6,0,0,0,1,1,1,0,0,2,1,E01020714,27-08-2018,1,1,3,1,39,7,3,8,3,0,0,-1,0,1
57569,72.86478379,19.13511535,11,3,2,1,7,08:00,163,E06000047,3,690,1,60,1,4,2,1,0,0,1,1,1,0,0,2,2,E01020690,27-08-2018,1,1,1,2,53,8,3,0,0,0,0,-1,9,-1
57570,72.91966562,19.12331241,11,3,2,2,6,10:51,163,E06000047,3,690,3,50,3,4,5,59,0,0,1,1,1,0,0,2,1,E01020726,02-09-2018,1,1,3,1,10,2,2,5,3,0,0,-1,0,1
57571,72.8456646,19.15577781,11,3,1,2,7,18:30,163,E06000047,6,0,6,30,0,-1,-1,0,0,0,1,1,1,0,0,1,2,E01020724,03-09-2018,1,1,3,2,13,3,3,5,2,0,0,-1,0,1
57572,72.89293,19.15999254,11,3,1,1,4,21:46,163,E06000047,4,1283,6,40,0,-1,-1,0,0,0,4,1,1,0,0,2,1,E01020731,07-09-2018,3,1,1,1,21,5,3,0,0,0,0,-1,9,1
57573,72.9060942,19.06450181,11,3,2,1,6,19:45,163,E06000047,4,6532,6,30,0,-1,-1,0,0,0,4,2,2,0,0,1,1,E01020702,09-09-2018,2,1,1,1,16,4,3,0,0,0,0,-1,1,1
57574,72.82907065,19.20687011,11,2,2,1,6,16:04,163,E06000047,3,690,3,50,6,4,6,0,0,0,1,2,2,0,0,2,1,E01020726,09-09-2018,2,1,1,2,32,6,3,0,0,0,0,-1,9,1
57575,72.90636973,19.09992095,11,2,1,2,7,00:54,163,E06000047,3,181,6,60,3,4,5,8012,0,0,6,2,2,0,0,2,1,E01020731,10-09-2018,2,2,2,2,4,1,3,0,0,1,0,-1,9,1
57576,72.83103472,19.15740648,11,3,2,1,4,07:42,163,E06000047,3,690,6,40,8,4,6,0,0,0,1,1,1,0,0,2,1,E01020684,14-09-2018,4,1,1,1,30,6,3,0,0,0,0,-1,10,-1
57577,72.92510924,19.08817052,11,3,2,2,6,17:55,163,E06000047,6,0,6,30,3,4,6,0,0,0,1,1,1,0,0,1,1,E01020693,16-09-2018,2,1,2,2,29,6,3,0,0,0,4,-1,11,-1
57578,72.93765767,19.05906775,11,3,2,1,6,08:20,163,E06000047,3,181,6,60,3,4,5,8012,0,0,1,1,2,0,0,2,2,E01020732,16-09-2018,1,1,1,1,16,4,3,0,0,0,0,-1,2,1
57579,72.89710687,19.16741286,11,3,3,2,7,11:19,163,E06000047,6,0,6,60,0,-1,-1,0,0,0,1,1,1,0,0,2,1,E01020731,17-09-2018,1,1,1,1,30,6,3,0,0,0,0,-1,5,-1
57580,72.92206206,19.07092359,11,3,2,1,1,02:05,163,E06000047,6,0,2,30,3,4,6,0,0,1,4,1,1,0,0,1,1,E01020703,18-09-2018,2,1,1,1,31,6,3,0,0,0,0,-1,9,1
57581,72.92674764,19.08235719,11,3,2,1,4,14:50,163,E06000047,6,0,6,30,0,-1,-1,0,0,0,1,1,1,0,0,2,2,E01020725,21-09-2018,2,1,1,2,30,6,3,0,0,0,0,-1,9,1
57582,72.90395184,19.07324094,11,3,1,1,2,07:50,163,E06000047,3,690,3,30,1,4,3,181,0,8,1,1,1,4,0,1,1,E01020728,19-09-2018,2,1,1,2,27,6,3,0,0,0,0,-1,1,1
57583,72.85939527,19.17626116,11,3,2,2,3,19:30,163,E06000047,5,65,6,60,0,-1,-1,0,0,0,1,1,1,0,0,2,2,E01020729,20-09-2018,1,1,3,2,11,3,3,10,1,0,0,-1,0,1
57584,72.90260299,19.13606459,11,3,2,1,6,13:30,163,E06000047,3,181,6,60,3,4,5,8012,0,0,1,1,2,0,0,2,1,E01020732,23-09-2018,1,1,3,1,15,3,3,5,4,0,0,-1,0,1
57585,72.93433018,19.08792832,11,3,3,3,6,16:45,163,E06000047,3,177,6,30,6,2,5,98,0,5,1,1,1,0,0,1,1,E01020707,23-09-2018,1,1,2,2,64,9,3,0,0,2,0,-1,9,-1
57586,72.87479314,19.19526251,11,2,2,6,3,08:41,163,E06000047,5,8012,6,60,3,4,6,0,0,8,1,1,1,0,0,2,1,E01020695,27-09-2018,2,1,1,1,25,5,3,0,0,0,0,-1,9,1
57587,72.86679574,19.0928079,11,3,2,1,3,20:55,163,E06000047,3,167,3,70,0,-1,-1,0,0,0,4,1,1,0,2,2,1,E01020713,27-09-2018,1,1,3,1,10,2,3,10,3,0,0,-1,0,1
57588,72.92342968,19.11436262,11,3,1,1,4,13:50,163,E06000047,3,181,6,30,1,4,3,690,0,8,1,1,1,0,0,1,1,E01020723,28-09-2018,2,1,1,1,31,6,3,0,0,0,0,-1,9,1
57589,72.89800865,19.07141124,11,3,4,3,3,16:06,163,E06000047,3,690,1,60,1,2,2,1,0,0,1,1,1,4,0,2,1,E01020690,27-09-2018,2,1,1,1,51,8,3,0,0,0,0,-1,9,1
57590,72.86010361,19.14828776,11,3,1,1,5,08:09,163,E06000047,4,6532,6,30,0,-1,-1,0,0,8,1,1,1,0,0,2,1,E01020702,29-09-2018,2,2,2,1,36,7,3,0,0,2,0,-1,9,1
57591,72.87123894,19.13182742,11,3,2,1,7,14:20,163,E06000047,6,0,6,30,0,-1,-1,0,0,0,1,1,1,0,0,1,2,E01020703,01-10-2018,2,1,1,2,8,2,3,0,0,0,0,-1,1,1
57592,72.90807262,19.14187001,11,3,2,2,7,17:00,163,E06000047,4,6532,6,60,3,4,6,0,0,0,1,1,2,0,0,2,1,E01020680,08-10-2018,2,1,2,2,67,10,3,0,0,1,0,-1,9,1
57593,72.83601113,19.17253243,11,3,2,1,7,16:10,163,E06000047,3,177,6,40,8,4,6,0,0,0,1,2,2,0,0,2,1,E01020707,08-10-2018,1,1,3,1,53,8,3,10,9,0,0,-1,0,3
57594,72.88320949,19.0851337,11,3,1,1,1,01:15,163,E06000047,3,691,6,60,0,-1,-1,0,0,0,4,1,1,4,2,2,1,E01020680,09-10-2018,1,1,1,1,17,4,3,0,0,0,0,-1,2,1
57595,72.89829628,19.06312009,11,3,2,1,3,16:40,163,E06000047,3,690,6,30,1,4,5,98,0,0,1,1,1,0,0,1,2,E01020728,04-10-2018,1,1,1,1,30,6,3,0,0,0,0,-1,3,1
57596,72.93450252,19.14801065,11,3,2,1,4,06:50,163,E06000047,3,690,3,40,3,4,6,0,0,0,4,2,2,4,0,1,2,E01020690,02-11-2018,2,1,1,2,27,6,3,0,0,0,0,-1,9,1
57597,72.93583052,19.12068945,11,3,1,1,7,19:37,163,E06000047,5,154,6,60,0,-1,-1,0,0,0,6,1,1,0,0,2,1,E01020715,15-10-2018,1,1,1,1,24,5,3,0,0,0,0,-1,3,1
57598,72.86404787,19.13286841,11,3,2,1,1,12:00,163,E06000047,6,0,6,30,3,4,6,0,0,0,1,1,1,0,0,1,1,E01020720,16-10-2018,1,1,3,1,16,4,3,4,2,0,0,-1,0,-1
57599,72.84510889,19.17041198,11,2,2,1,4,11:29,163,E06000047,2,1,3,70,0,-1,-1,0,0,0,1,1,1,0,0,2,1,E01020724,12-10-2018,2,1,1,1,35,6,3,0,0,0,0,-1,11,2
57600,72.87511379,19.07106059,11,2,2,1,5,19:40,163,E06000047,4,6302,6,40,3,4,6,0,0,0,4,1,1,0,0,2,1,E01020714,20-10-2018,1,1,1,1,55,8,3,0,0,0,0,-1,5,1
57601,72.83718701,19.13133134,11,3,3,1,4,19:35,163,E06000047,5,12,1,30,2,4,5,100,0,0,4,1,2,0,0,1,1,E01020708,19-10-2018,1,1,1,1,53,8,3,0,0,0,0,-1,4,1
57602,72.85041716,19.1172016,11,3,2,3,7,15:35,163,E06000047,4,6302,6,30,3,4,6,0,0,0,1,2,2,0,0,2,1,E01020715,08-10-2018,1,1,3,2,23,5,3,10,9,0,0,-1,0,1
57603,72.85068778,19.1559682,11,3,1,2,7,01:04,163,E06000047,3,181,6,60,0,-1,-1,0,0,0,6,2,2,0,0,2,1,E01020729,22-10-2018,2,1,1,1,20,4,3,0,0,0,0,-1,9,1
57604,72.86846649,19.18436039,11,3,2,1,6,09:15,163,E06000047,5,67,6,30,3,4,6,0,0,0,1,1,1,0,0,2,1,E01020698,14-10-2018,2,3,2,1,21,5,3,0,0,1,0,-1,9,1
57605,72.85939638,19.0812345,11,1,3,2,1,19:10,163,E06000047,3,177,6,60,8,4,6,0,0,0,4,1,2,0,0,2,1,E01020732,23-10-2018,3,2,2,1,36,7,3,0,0,1,0,-1,9,1
57606,72.91607192,19.15010814,11,3,2,1,4,17:30,163,E06000047,3,167,6,60,3,4,4,6300,0,0,1,1,1,0,0,2,1,E01020684,19-10-2018,1,1,1,2,38,7,3,0,0,0,0,-1,9,1
57607,72.85349797,19.07188472,11,1,1,2,6,16:40,163,E06000047,5,8012,6,60,0,-1,-1,0,0,0,1,2,2,0,0,2,1,E01020732,21-10-2018,2,2,1,1,72,10,3,0,0,0,0,-1,9,1
57608,72.89892884,19.09138956,11,3,4,1,6,07:55,163,E06000047,5,8012,6,60,0,-1,-1,0,0,0,1,2,2,0,0,2,2,E01020695,21-10-2018,2,1,1,2,18,4,3,0,0,0,0,-1,9,-1
57609,72.88595584,19.05653632,11,3,2,2,4,19:18,163,E06000047,5,9008,6,60,3,4,5,8012,0,0,6,1,2,0,0,2,1,E01020727,19-10-2018,1,1,1,1,40,7,3,0,0,0,0,-1,9,1
57610,72.83993097,19.14520859,11,3,2,1,6,07:45,163,E06000047,3,167,6,40,3,4,6,0,0,0,4,2,2,0,0,1,1,E01020702,21-10-2018,2,2,1,1,24,5,3,0,0,0,0,-1,9,1
57611,72.83306363,19.11579699,11,3,2,2,5,14:50,163,E06000047,3,688,6,60,1,4,3,177,0,0,1,1,1,0,0,2,1,E01020697,27-10-2018,2,1,1,1,19,4,3,0,0,0,0,-1,9,1
57612,72.86788952,19.12449567,11,3,2,1,5,17:00,163,E06000047,5,100,6,30,0,-1,-1,0,0,8,1,1,1,0,0,1,2,E01020708,27-10-2018,1,1,1,1,19,4,3,0,0,0,0,-1,9,3
57613,72.90827107,19.16290341,11,3,2,1,6,23:40,163,E06000047,6,0,6,60,0,-1,-1,0,0,0,6,1,1,0,0,2,2,E01020696,28-10-2018,2,2,1,1,30,6,3,0,0,0,0,-1,19,1