Accident_Index,longitude,latitude,Police_Force,Accident_Severity,Number_of_Vehicles,Number_of_Casualties,Day_of_Week,Time,Local_Authority_(District),Local_Authority_(Highway),1st_Road_Class,1st_Road_Number,Road_Type,Speed_limit,Junction_Detail,Junction_Control,2nd_Road_Class,2nd_Road_Number,Pedestrian_Crossing-Human_Control,Pedestrian_Crossing-Physical_Facilities,Light_Conditions,Weather_Conditions,Road_Surface_Conditions,Special_Conditions_at_Site,Carriageway_Hazards,Urban_or_Rural_Area,Did_Police_Officer_Attend_Scene_of_Accident,LSOA_of_Accident_Location,Date,Vehicle_Reference,Casualty_Reference,Casualty_Class,Sex_of_Casualty,Age_of_Casualty,Age_Band_of_Casualty,Casualty_Severity,Pedestrian_Location,Pedestrian_Movement,Car_Passenger,Bus_or_Coach_Passenger,Pedestrian_Road_Maintenance_Worker,Casualty_Type,Casualty_Home_Area_Type
57614,72.89797496,19.09559355,11,3,1,2,3,18:51,163,E06000047,5,98,6,30,3,4,6,0,0,4,4,2,2,0,0,1,1,E01020707,08-11-2018,2,3,2,1,34,6,3,0,0,1,0,-1,19,1
57615,72.87629637,19.10079218,11,3,2,1,5,22:40,163,E06000047,5,98,6,30,3,4,5,9098,0,5,4,1,2,0,0,1,1,E01020707,03-11-2018,1,1,3,2,21,5,3,5,3,0,0,-1,0,1
57616,72.8961784,19.15211393,11,3,1,1,7,14:47,163,E06000047,6,0,6,30,3,4,6,0,0,8,1,2,2,0,0,1,1,E01020719,22-10-2018,1,1,3,2,35,6,3,10,9,0,0,-1,0,1
57617,72.9064161,19.08791857,11,3,2,1,7,11:40,163,E06000047,5,8013,6,30,3,4,6,0,0,0,1,1,1,0,0,2,1,E01020725,29-10-2018,2,1,2,1,40,7,3,0,0,1,0,-1,9,1
57618,72.82977822,19.12685065,11,3,1,1,4,21:05,163,E06000047,6,0,6,30,0,-1,-1,0,0,0,4,1,2,7,0,1,1,E01020702,26-10-2018,2,1,2,1,45,7,3,0,0,1,0,-1,9,-1
57619,72.86028116,19.14282984,11,3,2,1,2,18:57,163,E06000047,6,0,6,30,0,-1,-1,0,0,0,4,1,1,0,0,1,1,E01020693,07-11-2018,2,1,1,1,27,6,3,0,0,0,0,-1,9,1
57620,72.86359241,19.11248797,11,3,2,1,2,13:00,163,E06000047,2,1,7,70,1,4,3,690,0,0,1,1,1,0,0,2,2,E01020690,24-10-2018,2,1,1,1,62,9,3,0,0,0,0,-1,19,2
57621,72.89357837,19.16600617,11,2,3,1,3,08:51,163,E06000047,5,100,6,30,3,4,6,0,0,0,1,2,2,0,0,1,1,E01020710,08-11-2018,2,1,1,1,67,10,3,0,0,0,0,-1,9,1
57622,72.83727045,19.13142099,11,3,3,1,6,07:15,163,E06000047,4,1283,6,30,3,4,6,0,0,0,1,1,1,0,0,2,1,E01020731,04-11-2018,1,1,2,1,65,9,3,0,0,1,0,-1,9,1
57623,72.85010212,19.11160752,11,3,1,1,6,12:03,163,E06000047,3,691,3,40,0,-1,-1,0,0,4,1,2,2,0,0,2,1,E01020702,04-11-2018,1,1,1,1,16,4,2,0,0,0,0,-1,2,1
57624,72.93407699,19.16393134,11,3,3,1,6,09:30,163,E06000047,2,1,3,70,0,-1,-1,0,0,0,1,4,2,0,1,2,1,E01020695,11-11-2018,2,1,1,1,18,4,3,0,0,0,0,-1,9,1
57625,72.897092,19.09608201,11,3,2,1,6,14:52,163,E06000047,4,6302,6,40,3,4,6,0,0,0,1,1,2,0,0,2,1,E01020714,11-11-2018,1,1,3,2,57,9,2,1,3,0,0,-1,0,1
57626,72.91533575,19.07097246,11,2,1,1,6,12:27,163,E06000047,5,100,6,30,0,-1,-1,0,1,0,1,4,2,0,0,1,1,E01020708,11-11-2018,2,1,1,2,39,7,3,0,0,0,0,-1,9,1
57627,72.86374375,19.14499548,11,3,2,1,7,20:45,163,E06000047,2,1,7,70,1,4,3,690,0,0,4,1,1,0,0,2,2,E01020690,05-11-2018,2,1,2,2,66,10,2,0,0,0,3,-1,11,-1
57628,72.934679,19.17875964,11,3,2,1,7,09:05,163,E06000047,2,1,3,70,0,-1,-1,0,0,0,1,1,1,0,0,2,2,E01020697,05-11-2018,1,1,3,2,6,2,3,5,3,0,0,-1,0,1
57629,72.83151076,19.06136542,11,3,2,1,2,11:30,163,E06000047,6,0,6,30,3,4,6,0,0,0,1,1,1,0,0,1,1,E01020709,07-11-2018,2,1,1,1,26,6,3,0,0,0,0,-1,9,1
57630,72.84802462,19.13679336,11,2,2,1,4,11:35,163,E06000047,5,98,6,30,0,-1,-1,0,0,4,1,1,1,0,0,1,1,E01020707,09-11-2018,1,1,3,1,66,10,3,5,1,0,0,-1,0,1
57631,72.90118275,19.15216782,11,3,2,1,1,16:37,163,E06000047,4,1283,6,30,3,4,6,0,0,0,4,1,1,0,0,2,1,E01020729,13-11-2018,2,1,2,2,74,10,3,0,0,1,0,-1,9,1
57632,72.93536018,19.16964928,11,3,3,1,3,07:30,163,E06000047,3,688,6,60,0,-1,-1,0,0,0,1,1,1,0,0,2,1,E01020696,15-11-2018,2,1,1,1,31,6,3,0,0,0,0,-1,9,-1
57633,72.92228688,19.06313274,11,3,2,1,7,12:40,163,E06000047,6,0,6,30,0,-1,-1,0,0,0,1,1,4,0,0,2,1,E01020726,19-11-2018,1,1,3,2,27,6,3,4,1,0,0,-1,0,1
57634,72.91559015,19.12151815,11,3,2,3,2,09:15,163,E06000047,6,0,6,60,0,-1,-1,0,0,0,1,1,4,0,0,2,1,E01020695,21-11-2018,1,2,3,2,30,6,3,4,1,0,0,-1,0,1
57635,72.90655145,19.06017148,11,3,2,1,2,18:10,163,E06000047,3,690,6,40,6,4,6,0,0,0,4,1,2,0,0,2,1,E01020685,28-11-2018,1,1,2,1,22,5,3,0,0,2,0,-1,10,-1
57636,72.86001692,19.18165522,11,3,2,1,3,08:55,163,E06000047,5,12,6,30,0,-1,-1,0,0,0,1,1,2,0,0,1,2,E01020711,29-11-2018,2,2,1,2,27,6,3,0,0,0,0,-1,9,1
57637,72.8918357,19.09818239,11,3,1,1,4,01:03,163,E06000047,3,690,6,30,1,4,4,6302,0,8,4,1,2,0,0,2,1,E01020684,30-11-2018,1,1,1,1,26,6,3,0,0,0,0,-1,3,1
57638,72.82823502,19.19817156,11,3,3,2,3,09:18,163,E06000047,3,181,6,60,3,3,6,0,0,0,1,7,2,0,0,2,1,E01020729,22-11-2018,2,1,1,1,46,8,3,0,0,0,0,-1,9,1
57639,72.88817085,19.0838073,11,3,2,2,6,18:15,163,E06000047,6,0,6,30,0,-1,-1,0,0,0,4,1,4,0,0,1,1,E01020728,18-11-2018,1,1,2,2,36,7,3,0,0,2,0,-1,8,1
57640,72.88322994,19.11808124,11,3,2,1,5,13:25,163,E06000047,3,181,6,40,3,4,6,0,0,0,1,4,1,0,0,2,1,E01020732,24-11-2018,1,1,2,2,21,5,3,0,0,0,4,-1,11,1
57641,72.86361812,19.20232234,11,3,4,4,4,08:40,163,E06000047,2,1,3,70,0,-1,-1,0,0,0,1,1,2,0,0,2,1,E01020698,23-11-2018,1,1,2,2,52,8,3,0,0,1,0,-1,9,1
57642,72.88084227,19.11847395,11,3,2,1,7,11:22,163,E06000047,6,0,6,30,3,4,6,0,0,5,1,1,1,0,0,1,1,E01020728,19-11-2018,2,1,1,1,13,3,3,0,0,0,0,-1,1,1
57643,72.83091067,19.05884811,11,3,3,4,4,16:02,163,E06000047,3,688,6,60,0,-1,-1,0,0,0,4,1,2,0,0,2,1,E01020696,23-11-2018,2,1,1,1,18,4,3,0,0,0,0,-1,9,-1
57644,72.83105633,19.18481021,11,3,2,1,7,19:50,163,E06000047,5,98,6,30,0,-1,-1,0,0,1,4,2,2,0,0,1,1,E01020707,26-11-2018,2,2,2,2,19,4,3,0,0,1,0,-1,9,-1
57645,72.85185768,19.1646096,11,3,3,1,3,11:30,163,E06000047,3,167,6,60,0,-1,-1,0,0,0,1,1,2,0,0,2,1,E01020684,29-11-2018,2,1,1,2,20,4,3,0,0,0,0,-1,9,1
57646,72.88075993,19.13439356,11,3,2,1,4,11:03,163,E06000047,3,167,3,70,0,-1,-1,0,0,0,1,1,2,0,0,2,1,E01020713,30-11-2018,2,1,1,1,68,10,3,0,0,0,0,-1,9,1
57647,72.83129597,19.1591246,11,3,2,2,1,18:10,163,E06000047,3,690,6,40,0,-1,-1,0,0,0,4,2,2,0,0,1,2,E01020728,04-12-2018,2,1,1,1,48,8,3,0,0,0,0,-1,1,1
57648,72.84727849,19.09862182,11,3,1,1,7,22:47,163,E06000047,3,691,1,60,1,4,4,6312,0,0,4,2,2,0,0,2,1,E01020680,26-11-2018,1,1,3,1,17,4,3,5,1,0,0,-1,0,1
57649,72.8599968,19.11336248,11,3,2,2,6,17:55,163,E06000047,3,690,3,50,3,4,6,0,0,0,4,1,2,0,0,2,1,E01020726,02-12-2018,1,2,1,2,23,5,3,0,0,0,0,-1,9,1
57650,72.93364797,19.05753487,11,3,2,1,3,10:45,163,E06000047,5,98,6,30,0,-1,-1,0,0,4,1,1,1,0,0,1,1,E01020707,29-11-2018,2,1,1,1,60,9,3,0,0,0,0,-1,9,1
57651,72.87368203,19.14692094,11,3,2,1,2,10:53,163,E06000047,6,0,6,30,0,-1,-1,0,0,0,1,1,1,0,0,1,1,E01020693,05-12-2018,1,1,1,1,51,8,3,0,0,0,0,-1,9,1
57652,72.90206466,19.17118776,11,2,2,1,3,17:40,163,E06000047,6,0,6,30,3,4,6,0,0,0,4,1,2,0,0,2,1,E01020687,06-12-2018,2,2,1,1,25,5,3,0,0,0,0,-1,9,-1
57653,72.87021857,19.14338326,11,2,1,1,6,22:10,163,E06000047,4,6291,6,30,0,-1,-1,0,0,1,4,1,2,0,0,2,1,E01020701,25-11-2018,1,1,3,1,3,1,3,5,4,0,0,-1,0,1
57654,72.85087058,19.16224841,11,2,1,2,3,17:40,163,E06000047,3,167,6,40,3,4,3,690,0,5,4,1,1,0,0,1,1,E01020712,13-12-2018,1,1,1,1,14,3,3,0,0,0,0,-1,1,-1
57655,72.83979982,19.1313756,11,3,2,2,6,16:14,163,E06000047,3,167,6,60,3,4,4,6300,0,0,4,1,1,0,0,2,1,E01020684,16-12-2018,1,1,1,1,33,6,2,0,0,0,0,-1,5,1
57656,72.86231622,19.08371229,11,3,3,1,2,18:10,163,E06000047,3,167,3,40,0,-1,-1,0,0,0,4,1,1,0,0,2,1,E01020702,05-12-2018,1,1,1,1,79,11,3,0,0,0,0,-1,9,1
57657,72.86723452,19.06527997,11,3,2,1,6,16:05,163,E06000047,2,1,3,70,0,-1,-1,0,0,0,4,1,1,4,0,2,2,E01020696,16-12-2018,1,1,3,1,7,2,3,5,2,0,0,-1,0,1
57658,72.87352686,19.18959945,11,3,2,1,3,17:30,163,E06000047,4,1283,6,60,0,-1,-1,0,0,0,6,1,2,0,0,2,1,E01020729,27-12-2018,1,1,1,1,46,8,3,0,0,0,0,-1,5,1
57659,72.90158382,19.06097008,11,3,2,1,7,19:30,163,E06000047,5,17,6,30,3,4,5,18,0,0,4,2,2,0,0,2,1,E01020679,03-12-2018,2,1,1,1,17,4,3,0,0,0,0,-1,9,1
57660,72.92905451,19.17873219,11,3,2,2,6,16:45,163,E06000047,3,181,6,40,3,4,4,1198,0,0,6,1,2,0,0,2,1,E01020732,09-12-2018,2,1,1,1,49,8,3,0,0,0,0,-1,19,1
57661,72.90489738,19.187618,11,3,2,1,2,11:30,163,E06000047,3,690,1,30,1,4,3,181,0,8,1,1,1,0,0,1,2,E01020723,12-12-2018,1,1,3,1,12,3,3,5,9,0,0,-1,0,-1
57662,72.90205702,19.07620499,11,3,2,1,3,12:10,163,E06000047,5,12,6,30,1,4,4,6532,0,8,1,1,2,0,0,1,1,E01020702,27-12-2018,2,1,1,1,37,7,3,0,0,0,0,-1,1,1
57663,72.85965023,19.20646343,11,3,2,1,6,22:30,163,E06000047,5,8012,6,60,0,-1,-1,0,0,0,6,1,1,0,0,2,1,E01020695,23-12-2018,1,1,1,1,28,6,3,0,0,0,0,-1,9,1
57664,72.87124153,19.11756097,11,3,1,1,7,10:40,163,E06000047,6,0,2,30,3,4,6,0,0,1,1,1,1,0,0,1,2,E01020728,24-12-2018,1,1,3,1,18,4,3,5,1,0,0,-1,0,1
57665,72.86175252,19.17259487,11,3,2,1,6,07:40,163,E06000047,3,167,3,70,3,4,6,0,0,0,1,1,2,0,0,2,1,E01020710,16-12-2018,2,1,1,2,35,6,3,0,0,0,0,-1,9,1
57666,72.83992921,19.14427368,11,3,1,1,6,23:00,163,E06000047,3,167,3,70,0,-1,-1,0,0,0,4,1,1,0,0,2,1,E01020713,16-12-2018,2,1,1,2,41,7,3,0,0,0,0,-1,9,1
57667,72.88054893,19.18172584,11,3,1,1,1,13:12,163,E06000047,3,690,6,60,0,-1,-1,0,0,0,1,1,2,0,0,2,1,E01020685,18-12-2018,2,2,2,2,30,6,3,0,0,1,0,-1,9,1
57668,72.93253919,19.11945404,11,3,2,1,7,21:55,163,E06000047,3,691,6,60,0,-1,-1,0,0,0,4,1,1,0,0,2,1,E01020680,24-12-2018,1,1,1,2,51,8,3,0,0,0,0,-1,9,1
57669,72.91568231,19.15296136,11,3,2,2,4,12:45,163,E06000047,6,0,6,30,3,4,6,0,0,1,1,6,3,0,0,1,1,E01020703,28-12-2018,1,1,3,2,54,8,3,6,9,0,0,-1,0,1
57670,72.86889652,19.15359077,11,3,2,1,2,16:30,164,E06000047,3,1086,6,40,0,-1,-1,0,0,8,4,1,1,0,0,1,1,E01020768,03-01-2018,2,1,1,1,27,6,3,0,0,0,0,-1,1,1
57671,72.82673389,19.10274867,11,3,3,2,6,12:07,164,E06000047,5,15,6,30,3,4,6,0,0,0,1,2,2,0,0,2,1,E01020761,07-01-2018,1,1,3,1,44,7,3,6,9,0,0,-1,0,-1
57672,72.89441504,19.07773894,11,2,1,1,5,19:00,164,E06000047,5,15,6,30,3,4,6,0,0,0,4,1,2,0,0,2,1,E01020760,13-01-2018,1,1,3,1,21,5,2,5,1,0,0,-1,0,-1
57673,72.86717665,19.06542583,11,3,2,1,6,06:44,164,E06000047,3,19,3,60,0,-1,-1,0,0,0,4,1,4,0,0,2,1,E01020754,14-01-2018,2,1,1,1,46,8,3,0,0,0,0,-1,9,1
57674,72.89371935,19.20249266,11,3,3,1,6,07:40,164,E06000047,3,1018,6,60,0,-1,-1,0,0,0,1,1,4,0,0,2,1,E01020786,14-01-2018,2,1,1,1,48,8,3,0,0,0,0,-1,9,-1
57675,72.8883653,19.18805578,11,3,2,1,6,06:40,164,E06000047,3,19,3,70,0,-1,-1,0,0,0,4,1,4,0,0,2,1,E01020772,14-01-2018,2,1,1,1,58,9,3,0,0,0,0,-1,9,1
57676,72.92587736,19.07052863,11,3,1,1,6,17:15,164,E06000047,4,1320,6,30,0,-1,-1,0,0,8,4,1,2,0,0,1,1,E01020745,14-01-2018,2,1,1,1,56,9,3,0,0,0,0,-1,9,1
57677,72.83428889,19.07364586,11,3,3,1,5,19:00,164,E06000047,4,1283,6,30,0,-1,-1,0,0,1,4,1,2,0,0,2,1,E01020752,20-01-2018,1,1,1,2,24,5,3,0,0,0,0,-1,9,1
57678,72.90506226,19.16631187,11,3,1,1,1,18:43,164,E06000047,5,22,6,40,0,-1,-1,0,0,0,4,1,2,0,0,2,1,E01020795,23-01-2018,2,2,2,1,38,7,3,0,0,1,0,-1,9,2
57679,72.92772414,19.09025227,11,3,4,1,5,07:55,164,E06000047,3,19,3,70,0,-1,-1,0,0,0,1,2,2,0,0,2,1,E01020772,27-01-2018,1,1,2,2,55,8,3,0,0,1,0,-1,9,1
57680,72.92058581,19.06629729,11,2,2,1,3,15:50,164,E06000047,4,1283,6,60,0,-1,-1,0,0,0,1,1,2,0,0,2,1,E01020756,18-01-2018,1,1,3,2,42,7,3,9,5,0,0,-1,0,1
57681,72.89331386,19.13251913,11,3,2,1,6,12:25,164,E06000047,3,1086,6,30,3,4,6,0,0,0,1,1,2,0,0,1,2,E01020767,07-01-2018,1,1,3,2,70,10,3,5,3,0,0,-1,0,-1
57682,72.86736048,19.13217308,11,3,2,1,2,16:59,164,E06000047,3,19,3,70,0,-1,-1,0,0,7,4,1,1,0,0,2,1,E01020756,31-01-2018,2,1,1,2,27,6,3,0,0,0,0,-1,9,2
57683,72.83604175,19.06526347,11,3,2,1,2,08:45,164,E06000047,5,145,6,30,0,-1,-1,0,0,0,1,1,2,0,0,1,2,E01020780,31-01-2018,3,2,1,2,47,8,3,0,0,0,0,-1,9,-1
57684,72.88667992,19.07133179,11,3,2,1,2,09:20,164,E06000047,5,145,6,30,0,-1,-1,0,0,0,1,1,2,0,3,1,1,E01020780,31-01-2018,3,3,2,2,33,6,3,0,0,1,0,-1,9,-1
57685,72.83638824,19.13640477,11,3,1,1,7,16:00,164,E06000047,6,0,6,30,3,4,6,0,0,0,1,1,1,0,0,1,1,E01020780,05-02-2018,3,4,2,1,27,6,3,0,0,2,0,-1,9,-1
57686,72.88436679,19.16803938,11,3,3,1,7,13:40,164,E06000047,6,0,6,30,0,-1,-1,0,0,0,1,2,2,0,0,2,1,E01020752,05-02-2018,2,1,1,2,52,8,3,0,0,0,0,-1,9,1
57687,72.86113972,19.17684602,11,2,2,1,7,01:40,164,E06000047,6,0,6,30,3,4,6,0,0,0,4,1,2,0,0,1,1,E01020771,05-02-2018,3,2,1,2,36,7,3,0,0,0,0,-1,9,1
57688,72.8713808,19.15915823,11,3,2,1,5,16:04,164,E06000047,6,0,6,30,3,4,6,0,0,0,1,1,1,0,0,1,1,E01020758,03-02-2018,2,1,1,2,61,9,3,0,0,0,0,-1,9,1
57689,72.8983043,19.09724459,11,1,1,1,4,21:01,164,E06000047,5,60,6,40,0,-1,-1,0,0,0,4,1,1,0,0,2,1,E01020763,09-02-2018,1,1,3,2,57,9,2,4,1,0,0,-1,0,-1
57690,72.84861983,19.20485015,11,2,1,1,4,13:15,164,E06000047,6,0,6,20,0,-1,-1,0,0,0,1,1,1,0,0,1,1,E01020744,16-02-2018,2,1,1,2,37,7,3,0,0,0,0,-1,9,1
57691,72.88455277,19.15111062,11,3,2,1,5,15:15,164,E06000047,3,181,6,60,0,-1,-1,0,0,0,1,1,1,0,0,2,1,E01020790,17-02-2018,1,1,1,2,30,6,3,0,0,0,0,-1,2,1
57692,72.88920927,19.06618571,11,3,2,1,5,09:00,164,E06000047,6,0,6,30,3,4,6,0,0,0,1,1,2,0,0,1,1,E01020761,17-02-2018,2,1,1,1,35,6,3,0,0,0,0,-1,9,-1
57693,72.84751909,19.07736024,11,3,2,1,6,17:30,164,E06000047,5,15,6,30,3,4,6,0,0,0,1,1,1,0,0,2,1,E01020760,18-02-2018,2,1,1,1,14,3,2,0,0,0,0,-1,1,1
57694,72.8791268,19.15320927,11,3,2,1,4,14:05,164,E06000047,5,24,6,60,0,-1,-1,0,0,0,1,1,1,0,0,2,1,E01020795,09-03-2018,2,1,1,2,60,9,3,0,0,0,0,-1,1,2
57695,72.90118355,19.1995086,11,3,2,1,2,12:45,164,E06000047,6,0,6,30,0,-1,-1,0,0,0,1,3,3,0,0,2,1,E01020761,21-02-2018,1,1,3,2,81,11,3,5,1,0,0,-1,0,-1
57696,72.89308321,19.13456853,11,3,2,2,1,14:15,164,E06000047,3,1086,6,30,3,3,6,0,0,5,1,3,3,0,0,1,1,E01020766,20-02-2018,2,1,1,2,75,10,3,0,0,0,0,-1,9,1
57697,72.87465566,19.09139534,11,3,1,1,3,19:25,164,E06000047,4,1320,6,40,0,-1,-1,0,0,0,4,2,2,0,0,2,1,E01020734,01-03-2018,2,1,1,2,49,8,3,0,0,0,0,-1,9,-1
57698,72.84276357,19.07403662,11,3,2,2,6,19:00,164,E06000047,4,1283,6,30,0,-1,-1,0,0,0,4,1,2,0,0,2,1,E01020751,25-02-2018,2,2,2,2,53,8,3,0,0,1,0,-1,9,1
57699,72.88548634,19.14302673,11,3,2,1,6,16:06,164,E06000047,4,1281,6,40,3,4,6,0,0,0,1,1,1,0,0,2,1,E01020772,11-03-2018,1,1,3,1,79,11,1,5,3,0,0,-1,0,1
57700,72.89895654,19.20868127,11,3,1,1,5,21:35,164,E06000047,3,1086,6,30,0,-1,-1,0,0,0,4,1,1,0,0,1,1,E01020767,10-03-2018,2,1,1,1,37,7,3,0,0,0,0,-1,9,1
57701,72.92272459,19.13812429,11,3,3,1,6,15:50,164,E06000047,6,0,6,30,3,4,6,0,0,0,1,1,1,0,0,1,1,E01020767,11-03-2018,2,1,1,1,40,7,3,0,0,0,0,-1,5,1
57702,72.88426034,19.19968878,11,3,2,1,1,11:00,164,E06000047,3,19,6,60,3,4,5,22,0,0,1,1,1,0,0,2,1,E01020772,13-03-2018,1,1,3,1,13,3,3,10,9,0,0,-1,0,-1
57703,72.84607337,19.16956689,11,3,3,3,5,14:24,164,E06000047,3,1086,6,30,0,-1,-1,0,0,4,1,1,1,0,0,2,1,E01020736,24-03-2018,2,1,1,1,31,6,3,0,0,0,0,-1,9,1
57704,72.85206123,19.20007348,11,3,2,1,5,14:20,164,E06000047,6,0,6,30,0,-1,-1,0,0,0,1,1,1,0,0,1,2,E01020767,17-03-2018,2,1,2,2,24,5,3,0,0,1,0,-1,9,-1
57705,72.85897992,19.13485805,11,3,5,1,7,11:45,164,E06000047,3,19,3,70,5,4,3,19,0,0,1,1,1,0,0,1,1,E01020761,12-03-2018,2,1,1,2,28,6,3,0,0,0,0,-1,9,1
57706,72.88337958,19.05827314,11,3,2,1,3,18:45,164,E06000047,3,1086,7,70,5,4,3,19,0,0,4,2,2,0,0,2,1,E01020756,15-03-2018,2,1,1,2,43,7,3,0,0,0,0,-1,9,1
57707,72.83977551,19.15451316,11,3,2,1,2,23:00,164,E06000047,4,1404,6,30,3,4,6,0,0,8,4,1,2,0,0,1,1,E01020786,28-03-2018,1,1,1,1,26,6,3,0,0,0,0,-1,9,1
57708,72.88208058,19.19312437,11,3,3,1,3,13:15,164,E06000047,3,1086,6,30,3,4,5,80,0,4,1,7,2,0,0,1,1,E01020767,29-03-2018,1,1,1,1,17,4,3,0,0,0,0,-1,9,1
57709,72.84774241,19.17005912,11,3,1,1,5,00:30,164,E06000047,3,19,3,70,0,-1,-1,0,0,0,4,1,1,0,0,2,1,E01020772,31-03-2018,1,1,3,1,49,8,3,9,9,0,0,-1,0,1
57710,72.83764472,19.10962728,11,3,1,1,4,14:00,164,E06000047,4,1285,6,40,0,-1,-1,0,0,0,1,1,1,0,0,2,2,E01020773,30-03-2018,1,1,1,1,24,5,3,0,0,0,0,-1,9,1
57711,72.85848617,19.1317566,11,3,2,1,5,17:10,164,E06000047,6,0,6,30,1,4,4,1320,0,0,1,1,1,0,0,1,2,E01020761,31-03-2018,2,2,1,1,43,7,3,0,0,0,0,-1,9,-1
57712,72.8734661,19.18201324,11,3,2,4,3,18:20,164,E06000047,4,1320,6,30,3,4,6,0,0,1,4,2,2,0,0,1,2,E01020758,15-03-2018,2,3,2,1,30,6,3,0,0,1,0,-1,9,3
57713,72.85448764,19.15215217,11,3,2,1,3,15:59,164,E06000047,6,0,6,30,3,4,6,0,0,0,1,1,1,0,0,1,1,E01020770,05-04-2018,1,1,1,1,21,5,3,0,0,0,0,-1,9,1
57714,72.93248912,19.07341451,11,3,2,1,2,07:05,164,E06000047,4,1320,6,30,8,4,6,0,0,0,1,1,1,0,0,1,1,E01020745,11-04-2018,1,2,2,2,21,5,3,0,0,1,0,-1,9,1
57715,72.85269014,19.07122358,11,3,2,1,3,09:10,164,E06000047,3,1086,6,30,0,-1,-1,0,0,0,1,1,1,0,0,2,1,E01020738,12-04-2018,1,1,3,1,5,1,2,1,3,0,0,-1,0,1
57716,72.85139165,19.14347367,11,3,2,1,5,18:50,164,E06000047,3,1086,1,30,2,4,6,0,0,0,1,2,2,0,0,1,1,E01020766,14-04-2018,1,1,3,2,26,6,2,4,3,0,0,-1,0,1
57717,72.86805086,19.09765261,11,2,2,1,6,22:15,164,E06000047,3,19,3,70,0,-1,-1,0,0,0,4,5,5,0,0,2,1,E01020772,15-04-2018,1,2,1,1,33,6,3,0,0,0,0,-1,5,1
57718,72.91774985,19.06671365,11,3,4,2,7,11:45,164,E06000047,4,1283,6,60,0,-1,-1,0,0,0,1,1,5,0,0,2,1,E01020763,16-04-2018,2,1,1,2,37,7,3,0,0,0,0,-1,9,1
57719,72.91658548,19.18833441,11,3,2,2,4,08:00,164,E06000047,3,1086,1,30,2,4,6,0,0,0,1,1,1,0,0,1,1,E01020766,20-04-2018,2,2,2,1,46,8,3,0,0,1,0,-1,9,1
57720,72.83384956,19.10677357,11,3,2,1,6,16:45,164,E06000047,6,0,6,30,3,4,6,0,0,0,1,1,1,0,0,2,2,E01020752,22-04-2018,2,3,2,2,38,7,3,0,0,2,0,-1,9,1
57721,72.89360372,19.19994158,11,3,3,1,2,16:50,164,E06000047,6,0,6,30,3,4,6,0,0,4,1,1,1,0,0,1,1,E01020770,25-04-2018,2,4,2,1,27,6,3,0,0,2,0,-1,9,1
57722,72.90436116,19.08855427,11,3,2,4,1,15:20,164,E06000047,6,0,6,30,3,4,6,0,0,4,1,1,1,0,0,1,1,E01020769,01-05-2018,1,2,2,2,12,3,3,0,0,1,0,-1,9,2
57723,72.84344083,19.10088602,11,3,2,1,2,12:15,164,E06000047,6,0,6,30,0,-1,-1,0,0,0,1,1,1,0,0,2,2,E01020736,02-05-2018,2,1,1,1,64,9,3,0,0,0,0,-1,10,1
57724,72.92945796,19.0584889,11,3,2,1,7,11:34,164,E06000047,6,0,6,30,3,4,6,0,0,0,1,1,1,0,0,1,1,E01020778,23-04-2018,2,1,2,2,17,4,3,0,0,1,0,-1,9,1
57725,72.90508215,19.09921529,11,2,1,1,7,14:10,164,E06000047,6,0,6,30,0,-1,-1,0,0,0,1,1,1,0,0,1,2,E01020733,30-04-2018,2,2,2,2,38,7,3,0,0,2,0,-1,9,1
57726,72.86165775,19.10782522,11,3,2,1,1,11:15,164,E06000047,4,1280,6,60,3,4,3,181,0,0,1,1,1,0,0,2,1,E01020794,01-05-2018,2,1,1,1,49,8,3,0,0,0,0,-1,5,1
57727,72.84379239,19.12037853,11,3,3,2,4,16:51,164,E06000047,5,145,6,30,3,4,6,0,0,8,1,1,1,0,0,1,1,E01020780,04-05-2018,1,1,3,1,11,3,3,5,1,0,0,-1,0,1
57728,72.86616693,19.08180421,11,3,1,1,5,12:15,164,E06000047,4,1279,6,30,8,4,6,0,0,0,1,1,1,0,0,2,1,E01020789,05-05-2018,1,1,2,2,44,7,3,0,0,1,0,-1,9,1
57729,72.88740676,19.16361008,11,3,1,1,6,20:00,164,E06000047,6,0,6,30,0,-1,-1,0,0,0,1,4,1,0,0,1,1,E01020767,03-06-2018,1,1,1,1,52,8,3,0,0,0,0,-1,1,1
57730,72.89707187,19.10192255,11,3,2,1,6,09:10,164,E06000047,4,1280,6,30,3,4,6,0,0,0,1,1,1,0,0,2,1,E01020793,06-05-2018,2,1,1,2,26,6,3,0,0,0,0,-1,9,1
57731,72.87184844,19.11060056,11,3,2,1,5,15:10,164,E06000047,3,1086,6,30,3,2,6,0,0,5,1,1,1,0,0,1,2,E01020766,12-05-2018,1,1,3,1,54,8,3,10,9,0,0,-1,0,-1
57732,72.85769146,19.08164574,11,3,2,1,4,17:25,164,E06000047,6,0,6,30,3,4,6,0,0,0,1,1,1,0,0,2,2,E01020772,11-05-2018,2,1,1,1,73,10,3,0,0,0,0,-1,9,1