Accident_Index,longitude,latitude,Police_Force,Accident_Severity,Number_of_Vehicles,Number_of_Casualties,Day_of_Week,Time,Local_Authority_(District),Local_Authority_(Highway),1st_Road_Class,1st_Road_Number,Road_Type,Speed_limit,Junction_Detail,Junction_Control,2nd_Road_Class,2nd_Road_Number,Pedestrian_Crossing-Human_Control,Pedestrian_Crossing-Physical_Facilities,Light_Conditions,Weather_Conditions,Road_Surface_Conditions,Special_Conditions_at_Site,Carriageway_Hazards,Urban_or_Rural_Area,Did_Police_Officer_Attend_Scene_of_Accident,LSOA_of_Accident_Location,Date,Vehicle_Reference,Casualty_Reference,Casualty_Class,Sex_of_Casualty,Age_of_Casualty,Age_Band_of_Casualty,Casualty_Severity,Pedestrian_Location,Pedestrian_Movement,Car_Passenger,Bus_or_Coach_Passenger,Pedestrian_Road_Maintenance_Worker,Casualty_Type,Casualty_Home_Area_Type
57733,72.89651638,19.12083996,11,3,1,1,2,12:25,164,E06000047,3,19,3,70,5,4,6,0,0,7,1,1,1,0,0,2,1,E01020754,16-05-2018,1,1,1,1,21,5,3,0,0,0,0,-1,9,1
57734,72.85448461,19.10581094,11,3,1,1,3,18:00,164,E06000047,6,0,6,30,0,-1,-1,0,0,0,1,1,1,0,0,2,1,E01020739,17-05-2018,1,1,3,2,56,9,3,6,9,0,0,-1,0,1
57735,72.86594644,19.06557393,11,2,1,1,3,21:50,164,E06000047,3,1086,6,40,0,-1,-1,0,0,0,4,1,2,0,7,2,1,E01020737,17-05-2018,2,1,2,2,39,7,3,0,0,1,0,-1,9,2
57736,72.83290182,19.11177059,11,3,2,2,3,10:30,164,E06000047,3,1086,6,30,3,4,6,0,0,4,1,1,1,0,0,1,1,E01020767,17-05-2018,2,1,1,2,29,6,3,0,0,0,0,-1,9,1
57737,72.82836863,19.10053655,11,3,2,1,5,08:40,164,E06000047,4,1320,1,40,1,4,3,19,0,0,1,1,1,0,0,2,2,E01020734,19-05-2018,2,1,1,2,60,9,3,0,0,0,0,-1,9,1
57738,72.86320461,19.12252586,11,3,2,1,3,11:04,164,E06000047,6,0,6,30,0,-1,-1,0,0,0,1,2,2,0,0,1,1,E01020761,24-05-2018,1,1,3,1,7,2,3,5,3,0,0,-1,0,-1
57739,72.93250307,19.19248607,11,3,2,1,4,17:15,164,E06000047,4,1320,1,40,2,4,6,0,0,0,1,1,1,0,0,2,1,E01020734,25-05-2018,2,1,1,1,17,4,3,0,0,0,0,-1,2,1
57740,72.90036314,19.1948626,11,3,2,1,5,13:45,164,E06000047,3,19,3,70,0,-1,-1,0,0,0,1,1,1,0,0,1,1,E01020761,26-05-2018,2,1,1,2,41,7,3,0,0,0,0,-1,9,3
57741,72.85574929,19.2100143,11,3,3,1,7,08:19,164,E06000047,3,19,3,70,3,4,6,0,0,0,1,1,1,0,0,2,1,E01020772,28-05-2018,2,1,1,2,22,5,3,0,0,0,0,-1,2,1
57742,72.87805279,19.0603374,11,3,2,1,2,16:10,164,E06000047,6,0,6,30,3,4,6,0,0,0,1,1,1,0,0,1,1,E01020771,16-05-2018,1,1,1,1,23,5,1,0,0,0,0,-1,19,-1
57743,72.83369993,19.17001441,11,3,2,1,6,08:54,164,E06000047,4,1320,6,40,1,4,3,19,0,0,1,1,2,0,0,2,1,E01020771,03-06-2018,2,2,1,1,73,10,1,0,0,0,0,-1,9,-1
57744,72.865117,19.1673097,11,1,4,2,6,10:44,164,E06000047,3,1086,6,60,0,-1,-1,0,0,0,1,1,1,0,0,1,1,E01020765,10-06-2018,1,1,3,1,30,6,3,5,1,0,0,-1,0,-1
57745,72.90889587,19.20887678,11,3,2,1,7,19:15,164,E06000047,6,0,6,30,0,-1,-1,0,0,0,1,1,1,0,0,2,1,E01020791,11-06-2018,1,1,2,2,66,10,3,0,0,1,0,-1,9,1
57746,72.92427911,19.15392019,11,3,3,3,7,17:04,164,E06000047,4,1283,6,30,3,4,6,0,0,0,1,1,1,0,0,2,1,E01020751,11-06-2018,1,1,1,2,35,6,3,0,0,0,0,-1,1,1
57747,72.93446596,19.15763251,11,3,3,2,5,12:30,164,E06000047,3,19,3,70,5,4,3,19,0,0,1,1,1,0,0,2,1,E01020772,09-06-2018,2,1,2,2,18,4,3,0,0,0,4,-1,11,-1
57748,72.82751925,19.18531094,11,3,1,1,4,17:41,164,E06000047,5,145,6,30,0,-1,-1,0,0,0,1,1,1,0,2,1,1,E01020733,15-06-2018,1,1,3,1,12,3,3,5,2,0,0,-1,0,1
57749,72.89782,19.15440434,11,3,1,1,6,20:35,164,E06000047,5,145,6,30,3,4,6,0,0,8,1,1,1,0,0,1,1,E01020780,17-06-2018,1,1,3,2,11,3,3,5,1,0,0,-1,0,1
57750,72.85467621,19.11010711,11,3,2,3,7,11:20,164,E06000047,6,0,6,30,0,-1,-1,0,0,0,1,1,1,0,0,2,1,E01020751,18-06-2018,1,2,3,2,11,3,3,5,1,0,0,-1,0,1
57751,72.8807916,19.18537541,11,3,2,2,3,08:17,164,E06000047,4,1280,6,60,3,4,6,0,0,0,1,1,1,0,0,2,2,E01020788,21-06-2018,1,1,3,1,14,3,3,5,3,0,0,-1,0,-1
57752,72.87229031,19.08372106,11,3,1,1,6,15:27,164,E06000047,3,1086,6,30,3,4,6,0,0,4,1,1,1,0,0,1,1,E01020766,24-06-2018,2,1,1,2,45,7,3,0,0,0,0,-1,9,1
57753,72.83521906,19.12071,11,3,1,1,1,16:00,164,E06000047,4,1279,6,60,0,-1,-1,0,0,0,1,2,2,0,0,2,1,E01020788,05-06-2018,2,1,1,1,40,7,3,0,0,0,0,-1,9,1
57754,72.86187138,19.20439078,11,3,2,2,5,12:43,164,E06000047,3,19,3,70,3,4,5,22,0,0,1,1,1,0,0,2,1,E01020772,16-06-2018,2,1,1,1,46,8,3,0,0,0,0,-1,9,1
57755,72.87788264,19.19414509,11,3,2,1,3,17:00,164,E06000047,6,0,6,30,8,4,6,0,0,0,1,1,1,0,0,1,2,E01020769,28-06-2018,1,1,1,1,33,6,3,0,0,0,0,-1,9,1
57756,72.83496007,19.17345718,11,2,2,1,6,20:15,164,E06000047,4,1280,6,40,3,4,6,0,0,0,1,1,1,0,0,2,1,E01020762,08-07-2018,2,2,1,2,23,5,3,0,0,0,0,-1,9,1
57757,72.84575619,19.18002103,11,3,3,3,2,18:30,164,E06000047,3,1086,6,30,0,-1,-1,0,0,8,1,1,1,0,0,2,1,E01020738,11-07-2018,2,1,1,1,50,8,3,0,0,0,0,-1,19,1
57758,72.89445234,19.12204798,11,3,2,2,2,12:50,164,E06000047,4,1281,6,60,3,4,5,82,0,0,1,1,1,0,0,2,2,E01020772,11-07-2018,1,1,1,1,20,4,3,0,0,0,0,-1,4,-1
57759,72.83315929,19.06606254,11,3,2,2,7,15:20,164,E06000047,5,65,6,30,3,4,3,181,0,0,1,1,1,0,0,2,2,E01020790,16-07-2018,2,1,1,2,48,8,3,0,0,0,0,-1,9,1
57760,72.91811418,19.11425682,11,3,2,1,1,12:00,164,E06000047,6,0,6,30,3,4,6,0,0,0,1,1,1,0,0,1,1,E01020758,17-07-2018,3,2,3,2,37,7,3,6,9,0,0,-1,0,1
57761,72.8673253,19.08591741,11,3,2,3,5,16:32,164,E06000047,6,0,6,30,1,4,4,1320,0,0,1,1,1,0,0,1,1,E01020761,14-07-2018,1,1,1,1,23,5,3,0,0,0,0,-1,9,-1
57762,72.90727114,19.09302874,11,3,2,2,5,16:40,164,E06000047,3,1086,1,30,2,4,6,0,0,0,1,1,1,0,0,1,2,E01020766,14-07-2018,2,2,1,1,25,5,3,0,0,0,0,-1,11,1
57763,72.91914622,19.11753909,11,3,2,3,2,12:53,164,E06000047,4,1280,6,60,0,-1,-1,0,0,0,1,1,2,0,0,2,1,E01020772,18-07-2018,1,1,1,1,18,4,3,0,0,0,0,-1,9,1
57764,72.84637892,19.08160008,11,2,2,2,3,10:49,164,E06000047,6,0,6,60,0,-1,-1,0,0,0,1,1,1,0,0,2,1,E01020736,19-07-2018,1,3,2,1,19,4,3,0,0,1,0,-1,9,-1
57765,72.84257519,19.07380516,11,3,1,1,3,10:13,164,E06000047,4,1320,6,30,3,2,6,0,0,5,1,1,1,0,0,1,1,E01020746,19-07-2018,3,2,1,1,22,5,3,0,0,0,0,-1,9,1
57766,72.8416201,19.16285639,11,3,2,1,7,23:45,164,E06000047,6,0,6,30,6,4,6,0,0,0,4,1,2,0,0,1,1,E01020767,04-06-2018,1,1,3,1,33,6,3,10,3,0,0,-1,0,-1
57767,72.83306501,19.20241199,11,3,2,1,6,19:35,164,E06000047,4,1285,6,30,3,4,6,0,0,8,1,1,1,0,0,2,1,E01020774,15-07-2018,1,1,3,1,12,3,2,9,9,0,0,-1,0,1
57768,72.90219195,19.20980216,11,3,2,2,5,13:02,164,E06000047,6,0,6,30,3,4,6,0,0,0,1,1,1,0,0,1,1,E01020746,21-07-2018,2,1,1,1,27,6,3,0,0,0,0,-1,9,1
57769,72.90663358,19.0752792,11,3,1,1,6,06:40,164,E06000047,3,181,1,60,1,4,4,1278,0,8,1,7,2,0,0,2,1,E01020789,29-07-2018,1,1,3,2,36,7,3,1,3,0,0,-1,0,-1
57770,72.85093304,19.06259382,11,3,1,1,3,14:30,164,E06000047,6,0,6,30,3,4,4,1320,0,0,1,1,1,0,0,1,1,E01020746,26-07-2018,1,1,1,2,35,6,3,0,0,0,0,-1,9,1
57771,72.84089414,19.14111207,11,3,1,1,3,18:12,164,E06000047,3,19,3,70,3,4,3,1086,0,0,1,1,1,0,0,2,1,E01020756,26-07-2018,1,3,2,2,61,9,3,0,0,1,0,-1,9,1
57772,72.88422581,19.07771775,11,3,2,2,4,20:30,164,E06000047,4,1320,6,30,0,-1,-1,0,0,0,1,1,1,0,0,1,1,E01020745,27-07-2018,2,2,1,2,38,7,3,0,0,0,0,-1,9,2
57773,72.88610163,19.14169917,11,3,2,2,4,17:10,164,E06000047,6,0,6,30,2,4,4,1320,0,0,1,1,1,0,0,2,1,E01020734,27-07-2018,2,1,1,2,18,4,3,0,0,0,0,-1,9,1
57774,72.93756544,19.07155925,11,3,1,1,5,13:00,164,E06000047,4,1280,6,60,0,-1,-1,0,0,0,1,2,2,0,0,2,1,E01020772,28-07-2018,1,1,3,1,52,8,3,6,9,0,0,-1,0,-1
57775,72.89692997,19.12685009,11,3,1,1,6,06:50,164,E06000047,3,19,3,70,3,4,6,0,0,0,1,7,2,0,0,2,1,E01020769,29-07-2018,1,1,3,1,84,11,3,5,1,0,0,-1,0,-1
57776,72.89881246,19.13055614,11,3,3,1,6,12:05,164,E06000047,3,19,3,70,0,-1,-1,0,0,0,1,7,2,0,0,2,1,E01020772,29-07-2018,2,1,1,1,21,5,3,0,0,0,0,-1,9,2
57777,72.93148943,19.09575306,11,2,1,1,1,22:35,164,E06000047,4,1279,6,60,0,-1,-1,0,0,0,6,1,1,0,0,2,1,E01020788,07-08-2018,2,2,2,2,21,5,3,0,0,1,0,-1,9,2
57778,72.833918,19.17674885,11,3,3,1,5,00:09,164,E06000047,5,145,6,60,0,-1,-1,0,0,0,4,1,1,0,0,2,1,E01020759,11-08-2018,1,2,1,2,20,4,3,0,0,0,0,-1,9,-1
57779,72.8569844,19.11616903,11,3,2,2,7,17:40,164,E06000047,3,19,3,70,5,4,6,0,0,0,1,1,1,0,0,2,1,E01020754,13-08-2018,1,3,2,1,41,7,3,0,0,1,0,-1,9,-1
57780,72.85118652,19.05458958,11,3,2,2,7,15:40,164,E06000047,4,1279,6,30,3,4,5,65,0,0,1,1,2,0,0,2,1,E01020789,13-08-2018,2,1,1,2,19,4,3,0,0,0,0,-1,9,1
57781,72.91700051,19.1960598,11,2,2,1,4,18:30,164,E06000047,6,0,6,30,0,-1,-1,0,0,0,1,1,1,0,0,2,1,E01020791,17-08-2018,2,1,1,2,59,9,3,0,0,0,0,-1,9,1
57782,72.92472575,19.12010722,11,3,2,2,6,19:35,164,E06000047,4,1281,6,60,3,4,5,82,0,0,1,1,1,0,0,2,1,E01020772,19-08-2018,2,1,1,1,43,7,3,0,0,0,0,-1,9,2
57783,72.87309292,19.11651051,11,3,2,2,2,12:33,164,E06000047,4,1280,6,60,3,4,5,24,0,0,1,2,2,0,0,2,1,E01020772,22-08-2018,1,1,1,1,25,5,3,0,0,0,0,-1,9,1
57784,72.82717673,19.1816921,11,3,2,1,5,18:00,164,E06000047,5,135,6,30,3,4,3,181,0,0,1,1,1,0,0,2,2,E01020794,25-08-2018,2,1,2,1,42,7,3,0,0,1,0,-1,9,1
57785,72.93250373,19.20053147,11,3,2,1,7,19:10,164,E06000047,3,1086,6,30,3,4,6,0,0,0,1,1,1,0,0,2,1,E01020739,27-08-2018,2,2,2,1,7,2,3,0,0,2,0,-1,9,-1
57786,72.90853744,19.13327279,11,3,2,2,7,00:30,164,E06000047,4,1278,6,60,0,-1,-1,0,0,0,6,1,1,0,0,2,1,E01020792,27-08-2018,1,1,3,1,77,11,3,5,3,0,0,-1,0,-1
57787,72.87161483,19.08263534,11,3,1,1,4,20:05,164,E06000047,4,1278,6,60,3,4,5,22,0,0,4,2,2,0,0,2,1,E01020700,31-08-2018,1,1,1,1,41,7,3,0,0,0,0,-1,19,1
57788,72.86930435,19.20193166,11,3,2,2,5,09:20,164,E06000047,3,181,6,60,3,4,4,1279,0,0,1,1,1,0,0,2,1,E01020789,01-09-2018,2,2,1,2,28,6,3,0,0,0,0,-1,9,1
57789,72.82814357,19.18942989,11,3,3,1,5,17:20,164,E06000047,6,0,6,30,3,4,6,0,0,0,1,1,1,0,0,1,1,E01020733,01-09-2018,3,3,1,2,36,7,3,0,0,0,0,-1,9,1
57790,72.83697402,19.05405747,11,3,2,1,3,10:00,164,E06000047,3,19,3,70,0,-1,-1,0,0,0,1,1,1,0,0,2,1,E01020756,30-08-2018,3,4,2,2,63,9,3,0,0,1,0,-1,9,1
57791,72.85912163,19.14471541,11,2,2,1,4,17:20,164,E06000047,5,15,6,30,3,4,6,0,0,0,1,1,1,0,0,2,1,E01020760,07-09-2018,3,5,2,2,1,1,3,0,0,2,0,-1,9,1
57792,72.83957626,19.20068293,11,2,3,1,4,14:00,164,E06000047,6,0,6,30,3,4,6,0,0,0,1,1,1,0,0,1,1,E01020761,14-09-2018,2,1,1,1,33,6,3,0,0,0,0,-1,9,1
57793,72.89684442,19.11735581,11,3,2,2,5,13:55,164,E06000047,3,182,6,30,3,4,6,0,0,0,1,2,2,0,0,1,1,E01020755,15-09-2018,1,1,3,2,11,3,3,5,4,0,0,-1,0,-1
57794,72.90756955,19.12493434,11,3,2,1,5,08:15,164,E06000047,4,1280,6,30,3,4,6,0,0,0,1,2,2,0,0,2,1,E01020762,15-09-2018,1,1,1,1,15,3,3,0,0,0,0,-1,2,-1
57795,72.91624821,19.08217287,11,3,2,1,6,08:54,164,E06000047,6,0,6,40,3,4,6,0,0,0,1,2,2,0,0,1,1,E01020761,16-09-2018,1,2,2,1,15,3,3,0,0,0,0,-1,2,-1
57796,72.85102968,19.19634121,11,3,2,1,6,18:30,164,E06000047,6,0,6,30,0,-1,-1,0,0,0,1,1,1,0,0,1,1,E01020780,16-09-2018,1,1,1,2,29,6,3,0,0,0,0,-1,9,1
57797,72.8781315,19.0730771,11,2,2,3,6,07:50,164,E06000047,4,1280,6,60,0,-1,-1,0,0,0,1,1,2,0,0,2,1,E01020795,16-09-2018,2,2,1,2,40,7,3,0,0,0,0,-1,9,1
57798,72.93769774,19.13790073,11,3,3,1,6,15:20,164,E06000047,4,1320,1,40,1,4,6,0,0,0,1,1,1,0,0,2,2,E01020780,16-09-2018,2,1,1,1,36,7,3,0,0,0,0,-1,3,1
57799,72.90815349,19.1007596,11,3,1,1,2,22:30,164,E06000047,4,1278,6,60,3,4,5,22,0,0,6,1,1,0,0,2,1,E01020700,19-09-2018,1,1,3,2,53,8,3,6,9,0,0,-1,0,1
57800,72.90409735,19.1467376,11,3,2,1,5,16:00,164,E06000047,6,0,1,30,2,4,6,0,0,0,1,1,1,0,0,1,1,E01020779,22-09-2018,2,1,1,1,20,4,3,0,0,0,0,-1,9,1
57801,72.8416299,19.16968354,11,3,2,1,6,12:55,164,E06000047,4,1320,6,30,3,4,6,0,0,0,1,1,2,0,0,2,1,E01020734,23-09-2018,2,1,1,1,17,4,3,0,0,0,0,-1,2,-1
57802,72.92550007,19.17841363,11,3,2,1,2,17:40,164,E06000047,6,0,6,30,0,-1,-1,0,0,0,1,1,1,0,0,1,1,E01020744,26-09-2018,2,1,1,1,55,8,3,0,0,0,0,-1,1,1
57803,72.86636437,19.08054135,11,3,1,1,4,08:46,164,E06000047,6,0,6,30,0,-1,-1,0,0,0,1,1,1,0,0,1,1,E01020765,28-09-2018,2,1,1,1,68,10,3,0,0,0,0,-1,9,1
57804,72.84017824,19.08594944,11,3,1,2,6,15:22,164,E06000047,6,0,6,30,0,-1,-1,0,1,0,1,1,1,0,0,2,1,E01020775,30-09-2018,1,1,1,2,37,7,3,0,0,0,0,-1,9,1
57805,72.86944295,19.15317195,11,3,2,2,1,19:30,164,E06000047,4,1320,6,30,3,4,6,0,0,0,4,1,1,0,0,2,1,E01020734,02-10-2018,1,2,2,2,30,6,3,0,0,1,0,-1,9,1
57806,72.92584788,19.12498332,11,2,2,1,5,23:45,164,E06000047,4,1320,6,30,3,4,6,0,0,8,4,1,1,0,0,1,1,E01020745,06-10-2018,1,1,3,1,11,3,3,5,3,0,0,-1,0,1
57807,72.86388838,19.1600879,11,2,2,1,1,18:50,164,E06000047,3,181,6,60,0,-1,-1,0,0,0,4,1,1,0,0,2,1,E01020790,02-10-2018,1,1,1,1,21,5,2,0,0,0,0,-1,9,1
57808,72.93493685,19.0869732,11,3,3,2,2,08:50,164,E06000047,3,19,3,70,0,-1,-1,0,0,0,1,4,1,0,0,2,1,E01020772,10-10-2018,2,1,1,1,35,6,3,0,0,0,0,-1,9,1
57809,72.93181707,19.05662224,11,3,2,1,4,17:40,164,E06000047,4,1287,6,40,0,-1,-1,0,0,0,4,2,2,6,0,2,1,E01020785,12-10-2018,2,1,1,1,42,7,3,0,0,0,0,-1,3,1
57810,72.89042477,19.08769984,11,3,1,1,5,15:25,164,E06000047,5,67,6,30,0,-1,-1,0,0,0,1,1,2,0,0,2,1,E01020792,13-10-2018,2,1,1,1,16,4,3,0,0,0,0,-1,5,1
57811,72.87359845,19.10640633,11,3,1,1,7,09:30,164,E06000047,5,80,6,30,3,4,6,0,0,0,1,1,2,0,0,1,1,E01020767,15-10-2018,2,1,1,1,66,10,3,0,0,0,0,-1,9,1
57812,72.93236727,19.20755572,11,2,3,5,7,14:40,164,E06000047,3,1086,6,40,0,-1,-1,0,0,0,1,2,2,6,0,2,1,E01020737,08-10-2018,2,1,1,2,32,6,3,0,0,0,0,-1,9,1
57813,72.90814234,19.20331277,11,3,1,1,4,20:40,164,E06000047,4,1279,6,30,3,4,6,0,0,0,4,1,1,0,0,2,1,E01020788,05-10-2018,1,1,1,2,31,6,3,0,0,0,0,-1,9,2
57814,72.92472604,19.09283499,11,2,1,1,6,15:45,164,E06000047,3,1086,6,30,3,4,6,0,0,8,1,1,1,0,0,2,1,E01020739,14-10-2018,2,2,1,1,40,7,3,0,0,0,0,-1,9,2
57815,72.89780482,19.19961911,11,3,1,2,1,01:26,164,E06000047,3,1086,6,40,0,-1,-1,0,0,0,4,2,2,0,0,2,1,E01020737,23-10-2018,1,1,1,1,17,4,3,0,0,0,0,-1,2,1
57816,72.87165224,19.07545067,11,3,2,2,1,15:39,164,E06000047,4,1279,6,30,0,-1,-1,0,0,0,1,2,2,6,0,2,1,E01020789,23-10-2018,1,1,1,2,65,9,3,0,0,0,0,-1,9,2
57817,72.84418398,19.12379439,11,2,1,3,1,16:45,164,E06000047,6,0,6,40,0,-1,-1,0,0,0,1,1,2,6,0,1,1,E01020756,16-10-2018,1,2,2,1,65,9,3,0,0,1,0,-1,9,2
57818,72.87524393,19.16623669,11,1,2,3,7,16:45,164,E06000047,3,181,6,60,8,4,6,0,0,0,1,1,1,0,0,2,1,E01020790,29-10-2018,2,1,1,1,58,9,3,0,0,0,0,-1,9,1
57819,72.91302053,19.19829542,11,1,2,1,6,19:00,164,E06000047,3,19,3,70,0,-1,-1,0,0,0,4,1,1,0,0,2,1,E01020779,04-11-2018,2,2,2,2,55,8,3,0,0,1,0,-1,9,1
57820,72.85917428,19.08526738,11,3,2,3,7,05:02,164,E06000047,3,19,3,70,0,-1,-1,0,0,0,4,1,1,0,0,2,1,E01020754,05-11-2018,1,1,3,2,21,5,2,9,9,0,0,-1,0,1
57821,72.82947152,19.10275719,11,3,2,1,6,15:33,164,E06000047,4,1320,6,30,3,4,6,0,0,0,1,2,2,0,0,1,1,E01020745,04-11-2018,2,1,1,1,81,11,3,0,0,0,0,-1,9,1
57822,72.92505136,19.06519727,11,3,2,3,2,12:17,164,E06000047,3,19,3,70,0,-1,-1,0,0,0,1,1,1,0,0,2,1,E01020756,07-11-2018,2,1,1,1,18,4,3,0,0,0,0,-1,9,1
57823,72.92785659,19.19646887,11,3,2,2,2,11:23,164,E06000047,3,19,3,70,5,4,3,182,0,0,1,1,1,0,0,2,1,E01020774,07-11-2018,2,2,2,1,16,4,3,0,0,1,0,-1,9,1
57824,72.88386551,19.16150708,11,3,2,2,5,11:00,164,E06000047,3,179,6,60,3,4,3,19,0,0,1,1,1,0,0,2,1,E01020772,27-10-2018,2,1,1,1,54,8,3,0,0,0,0,-1,5,-1
57825,72.93497608,19.13628417,11,3,1,1,5,07:40,164,E06000047,3,19,3,70,0,-1,-1,0,0,0,1,1,2,0,0,2,1,E01020772,10-11-2018,2,1,2,1,20,4,3,0,0,1,0,-1,8,-1
57826,72.90772722,19.19217954,11,3,1,1,6,16:20,164,E06000047,3,1086,6,30,3,4,5,80,0,0,1,2,2,0,0,1,1,E01020767,11-11-2018,2,1,1,1,44,7,3,0,0,0,0,-1,9,3
57827,72.93150565,19.06245614,11,3,2,1,7,19:55,164,E06000047,4,1320,6,30,3,4,6,0,0,0,4,1,2,0,0,1,1,E01020745,12-11-2018,2,1,1,1,43,7,3,0,0,0,0,-1,1,1
57828,72.85914792,19.1347015,11,3,2,1,5,16:00,164,E06000047,6,0,6,30,6,4,6,0,0,0,1,1,2,0,0,1,1,E01020766,03-11-2018,1,1,3,2,20,4,3,1,3,0,0,-1,0,1
57829,72.8624817,19.19651189,11,3,2,2,6,13:20,164,E06000047,6,0,6,40,8,4,6,0,0,0,1,1,2,0,0,1,1,E01020761,04-11-2018,1,1,3,1,13,3,3,10,9,0,0,-1,0,1
57830,72.93710593,19.12159346,11,2,1,4,6,14:20,164,E06000047,4,1280,6,60,0,-1,-1,0,0,0,1,2,2,0,0,2,1,E01020772,04-11-2018,1,1,1,1,33,6,3,0,0,0,0,-1,4,-1
57831,72.93275737,19.08424965,11,3,2,2,6,16:45,164,E06000047,5,15,6,40,1,4,4,1320,0,0,4,1,1,0,0,1,1,E01020761,11-11-2018,1,2,2,2,26,6,3,0,0,0,0,-1,4,1
57832,72.86688696,19.20160664,11,2,1,1,7,16:40,164,E06000047,3,1086,6,30,0,-1,-1,0,0,0,4,1,1,0,0,1,1,E01020767,12-11-2018,2,1,2,2,29,6,3,0,0,1,0,-1,9,1
57833,72.91876323,19.20961646,11,3,2,1,2,06:45,164,E06000047,6,0,6,30,1,4,6,0,0,0,6,1,2,0,0,1,2,E01020761,07-11-2018,2,1,1,2,31,6,3,0,0,0,0,-1,9,1
57834,72.85710002,19.19612758,11,3,2,1,1,04:00,164,E06000047,4,1280,6,60,0,-1,-1,0,0,0,6,1,1,0,0,2,1,E01020795,13-11-2018,2,2,2,2,28,6,3,0,0,1,0,-1,9,1
57835,72.85572189,19.06943184,11,3,1,1,6,18:00,164,E06000047,4,1283,6,30,0,-1,-1,0,0,0,4,1,2,0,0,2,1,E01020753,18-11-2018,1,1,1,1,28,6,3,0,0,0,0,-1,9,1
57836,72.92872693,19.09902632,11,3,2,1,5,08:20,164,E06000047,3,182,6,60,0,-1,-1,0,0,0,1,1,4,0,0,2,1,E01020755,17-11-2018,1,2,2,2,26,6,3,0,0,1,0,-1,9,1
57837,72.90989732,19.15103308,11,3,2,1,5,18:23,164,E06000047,4,1285,6,40,3,4,4,1432,0,0,4,1,1,0,0,2,1,E01020773,17-11-2018,1,3,2,2,26,6,3,0,0,2,0,-1,9,1
57838,72.8449723,19.19883121,11,2,1,1,2,14:20,164,E06000047,5,145,6,30,0,-1,-1,0,0,0,1,1,1,0,0,1,1,E01020780,14-11-2018,2,1,1,1,78,11,3,0,0,0,0,-1,90,1
57839,72.91114801,19.17057898,11,3,1,3,7,16:40,164,E06000047,4,1280,6,40,0,-1,-1,0,0,0,4,2,2,0,0,2,1,E01020760,26-11-2018,2,1,2,1,17,4,3,0,0,1,0,-1,9,1
57840,72.92762081,19.19649694,11,3,2,2,1,16:10,164,E06000047,3,1086,6,30,3,4,6,0,0,0,4,2,2,0,0,2,1,E01020765,27-11-2018,1,1,2,1,16,4,3,0,0,1,0,-1,9,1
57841,72.8304147,19.06304139,11,3,2,1,4,12:51,164,E06000047,6,0,6,30,0,-1,-1,0,0,0,1,1,2,0,0,1,1,E01020771,23-11-2018,2,1,1,1,66,10,3,0,0,0,0,-1,9,1
57842,72.92035932,19.14317121,11,3,2,1,2,14:45,164,E06000047,5,145,6,30,2,4,6,0,0,0,1,3,3,0,0,1,1,E01020735,28-11-2018,2,1,1,1,43,7,3,0,0,0,0,-1,9,1
57843,72.91879009,19.10506368,11,3,2,3,5,16:48,164,E06000047,6,0,6,40,0,-1,-1,0,0,0,4,5,2,0,0,1,1,E01020761,24-11-2018,2,1,2,2,73,10,3,0,0,1,0,-1,9,1
57844,72.83549245,19.05975922,11,2,1,1,4,14:21,164,E06000047,6,0,6,30,6,4,6,0,0,0,1,1,2,0,0,2,1,E01020762,23-11-2018,2,1,1,1,49,8,3,0,0,0,0,-1,9,1
57845,72.86790844,19.09361209,11,3,1,1,5,15:30,164,E06000047,4,1320,6,30,1,4,5,145,0,0,1,1,1,0,0,1,2,E01020757,24-11-2018,2,2,2,2,48,8,3,0,0,1,0,-1,9,1
57846,72.92278775,19.20317126,11,2,2,1,1,12:00,164,E06000047,4,1280,6,30,3,3,6,0,0,0,1,2,2,0,0,2,1,E01020794,27-11-2018,2,1,1,1,44,7,3,0,0,0,0,-1,9,1
57847,72.86563241,19.16382407,11,3,1,1,2,08:20,164,E06000047,5,24,6,60,0,-1,-1,0,0,0,1,1,4,0,0,2,1,E01020795,05-12-2018,1,1,1,1,38,7,3,0,0,0,0,-1,1,1
57848,72.89974513,19.12352651,11,3,2,1,5,17:09,164,E06000047,3,1086,6,30,3,4,5,80,0,0,4,2,2,0,0,1,1,E01020767,01-12-2018,2,1,1,2,19,4,3,0,0,0,0,-1,9,2
57849,72.9013772,19.07054158,11,3,2,1,4,17:00,164,E06000047,6,0,6,30,3,4,6,0,0,0,1,1,1,0,0,1,2,E01020734,26-10-2018,1,1,3,1,18,4,3,5,1,0,0,-1,0,-1
57850,72.93172451,19.16141391,11,3,2,1,6,21:30,164,E06000047,6,0,6,30,3,4,6,0,0,0,4,1,2,0,0,1,1,E01020771,23-12-2018,1,1,3,2,48,8,3,6,9,0,0,-1,0,1
57851,72.93058619,19.1716165,11,3,7,2,6,16:38,164,E06000047,3,19,3,70,5,4,6,0,0,0,4,1,2,0,0,2,1,E01020754,09-12-2018,2,1,1,2,21,5,3,0,0,0,0,-1,9,1