Accident_Index,longitude,latitude,Police_Force,Accident_Severity,Number_of_Vehicles,Number_of_Casualties,Day_of_Week,Time,Local_Authority_(District),Local_Authority_(Highway),1st_Road_Class,1st_Road_Number,Road_Type,Speed_limit,Junction_Detail,Junction_Control,2nd_Road_Class,2nd_Road_Number,Pedestrian_Crossing-Human_Control,Pedestrian_Crossing-Physical_Facilities,Light_Conditions,Weather_Conditions,Road_Surface_Conditions,Special_Conditions_at_Site,Carriageway_Hazards,Urban_or_Rural_Area,Did_Police_Officer_Attend_Scene_of_Accident,LSOA_of_Accident_Location,Date,Vehicle_Reference,Casualty_Reference,Casualty_Class,Sex_of_Casualty,Age_of_Casualty,Age_Band_of_Casualty,Casualty_Severity,Pedestrian_Location,Pedestrian_Movement,Car_Passenger,Bus_or_Coach_Passenger,Pedestrian_Road_Maintenance_Worker,Casualty_Type,Casualty_Home_Area_Type
58090,72.92914988,19.09104987,11,3,2,2,7,14:50,162,E06000047,3,693,1,30,1,4,4,6532,0,0,1,1,1,0,0,1,2,E01020673,23-04-2018,1,1,3,1,14,3,2,5,1,0,0,-1,0,1
58091,72.86093285,19.0718329,11,3,2,2,5,17:25,162,E06000047,4,6532,6,40,1,4,3,693,0,0,1,1,1,0,0,1,2,E01020673,12-05-2018,3,1,2,2,34,6,3,0,0,1,0,-1,9,-1
58092,72.86145315,19.06573898,11,3,2,1,6,20:47,162,E06000047,4,6532,6,30,0,-1,-1,0,0,0,1,1,1,0,0,2,1,E01020649,20-05-2018,1,1,3,1,22,5,3,5,1,0,0,-1,0,-1
58093,72.92402776,19.17287021,11,2,2,3,7,17:20,162,E06000047,3,692,6,60,0,-1,-1,0,0,0,1,1,1,0,0,2,1,E01020653,21-05-2018,1,2,1,2,39,7,3,0,0,0,0,-1,9,1
58094,72.85261115,19.18823321,11,3,2,3,6,16:46,162,E06000047,5,11,6,30,3,4,6,0,0,0,1,1,1,0,0,1,1,E01020624,27-05-2018,2,1,1,1,4,1,1,0,0,0,0,-1,1,1
58095,72.90088046,19.1013819,11,3,2,1,7,15:27,162,E06000047,6,0,6,30,3,4,6,0,0,0,1,1,1,0,0,1,1,E01020663,28-05-2018,3,3,1,1,26,6,3,0,0,0,0,-1,11,1
58096,72.84554036,19.1796584,11,2,1,1,2,19:25,162,E06000047,6,0,6,30,3,4,6,0,0,0,1,1,1,0,0,1,1,E01020670,06-06-2018,1,1,3,1,17,4,3,5,1,0,0,-1,0,-1
58097,72.85766784,19.14985029,11,3,2,1,6,16:39,162,E06000047,6,0,6,30,3,4,6,0,0,0,1,1,1,0,0,1,1,E01020677,03-06-2018,1,1,1,2,21,5,3,0,0,0,0,-1,9,1
58098,72.91686604,19.13834119,11,3,1,1,4,14:45,162,E06000047,6,0,6,30,0,-1,-1,0,0,0,1,1,1,0,0,2,2,E01020649,11-05-2018,2,2,1,1,37,7,3,0,0,0,0,-1,9,1
58099,72.90679681,19.14789499,11,3,2,3,1,10:15,162,E06000047,3,6076,2,30,6,4,6,0,0,0,1,2,2,0,0,1,2,E01020661,12-06-2018,2,3,2,2,36,7,3,0,0,1,0,-1,9,1
58100,72.87687648,19.20975675,11,3,2,1,4,20:51,162,E06000047,5,126,6,30,3,4,4,6168,0,0,1,1,1,0,0,1,1,E01020638,01-06-2018,2,4,2,2,52,8,3,0,0,2,0,-1,9,1
58101,72.92078531,19.07971092,11,2,1,4,7,01:44,162,E06000047,4,6309,6,30,0,-1,-1,0,0,0,6,2,2,0,0,2,1,E01020656,25-06-2018,1,1,3,1,31,6,3,9,9,0,0,-1,0,1
58102,72.8994185,19.19854578,11,3,2,1,1,18:30,162,E06000047,6,0,6,30,3,4,6,0,0,0,1,1,1,0,0,1,2,E01020647,26-06-2018,2,1,1,2,48,8,3,0,0,0,0,-1,9,1
58103,72.93195455,19.09299115,11,3,1,1,2,20:00,162,E06000047,3,693,3,40,0,-1,-1,0,0,0,1,1,1,0,0,1,1,E01020673,20-06-2018,1,1,1,1,26,6,3,0,0,0,0,-1,9,-1
58104,72.85071036,19.13463992,11,3,2,2,7,14:50,162,E06000047,3,6076,6,30,0,-1,-1,0,0,1,1,1,1,0,0,1,2,E01020661,25-06-2018,1,1,1,1,46,8,2,0,0,0,0,-1,5,1
58105,72.92258984,19.16046778,11,2,1,1,3,15:10,162,E06000047,4,6173,6,30,3,4,6,0,0,0,1,1,1,0,0,1,2,E01020678,05-07-2018,2,2,1,1,13,3,3,0,0,0,0,-1,1,1
58106,72.85990382,19.11976383,11,3,1,1,5,10:44,162,E06000047,6,0,6,30,0,-1,-1,0,0,0,1,1,1,0,0,1,1,E01020672,14-07-2018,1,1,3,2,81,11,3,1,1,0,0,-1,0,1
58107,72.87297823,19.19944888,11,3,1,1,3,18:55,162,E06000047,5,11,6,30,6,4,6,0,0,0,1,1,1,0,0,1,1,E01020670,19-07-2018,1,2,3,1,68,10,3,1,1,0,0,-1,0,1
58108,72.90432986,19.18219577,11,1,2,4,4,22:05,162,E06000047,3,693,6,60,3,4,5,11,0,0,4,1,1,0,0,2,1,E01020625,27-07-2018,2,1,1,1,50,8,3,0,0,0,0,-1,9,1
58109,72.90952805,19.20017765,11,3,2,2,6,19:55,162,E06000047,6,0,6,30,3,4,6,0,0,0,1,1,1,0,0,1,2,E01020624,01-07-2018,2,2,2,2,47,8,3,0,0,2,0,-1,9,1
58110,72.92237003,19.17242154,11,3,1,1,1,23:25,162,E06000047,5,126,6,30,0,-1,-1,0,0,0,4,1,1,0,0,1,1,E01020638,24-07-2018,3,1,1,1,31,6,3,0,0,0,0,-1,9,-1
58111,72.89837311,19.15692128,11,2,3,4,6,17:36,162,E06000047,4,6173,6,40,0,-1,-1,0,0,0,1,2,2,6,0,2,1,E01020676,29-07-2018,1,1,2,1,17,4,3,0,0,1,0,-1,9,1
58112,72.88837818,19.06618012,11,2,1,1,7,02:40,162,E06000047,6,0,6,30,3,4,4,6532,0,0,4,2,2,0,0,1,1,E01020673,30-07-2018,2,1,1,1,47,8,3,0,0,0,0,-1,9,1
58113,72.82746839,19.18330364,11,2,1,1,6,10:29,162,E06000047,3,693,6,60,0,-1,-1,0,0,8,1,2,2,0,0,1,1,E01020674,12-08-2018,1,1,1,1,33,6,3,0,0,0,0,-1,9,1
58114,72.85360576,19.06175238,11,3,3,2,1,11:17,162,E06000047,4,6168,6,30,3,4,6,0,0,0,1,1,1,0,0,1,1,E01020638,21-08-2018,2,2,1,1,17,4,3,0,0,0,0,-1,9,1
58115,72.88637612,19.10742317,11,3,2,1,2,18:30,162,E06000047,4,6532,1,30,1,4,3,693,0,0,1,1,1,0,0,1,1,E01020675,05-09-2018,1,1,1,2,20,4,3,0,0,0,0,-1,9,1
58116,72.88549273,19.14120876,11,3,1,1,7,01:00,162,E06000047,3,693,6,60,0,-1,-1,0,0,0,4,2,2,0,7,2,1,E01020663,10-09-2018,2,1,1,1,79,11,3,0,0,0,0,-1,9,1
58117,72.86297647,19.19016385,11,3,1,1,7,11:53,162,E06000047,6,0,6,30,1,4,3,693,0,8,1,1,1,0,0,1,1,E01020661,17-09-2018,2,1,1,1,24,5,3,0,0,0,0,-1,3,1
58118,72.91454679,19.10811175,11,3,2,1,2,12:45,162,E06000047,3,693,1,40,1,4,4,6532,0,0,1,1,1,0,0,1,2,E01020673,11-07-2018,1,1,3,1,15,3,3,5,1,0,0,-1,0,1
58119,72.86491282,19.14515101,11,3,1,1,5,19:30,162,E06000047,3,6076,6,30,3,4,6,0,0,8,4,1,1,0,0,1,1,E01020663,22-09-2018,1,1,1,2,17,4,3,0,0,0,0,-1,9,3
58120,72.93554934,19.18687308,11,3,1,1,5,18:44,162,E06000047,5,126,6,30,3,4,6,0,0,0,1,1,1,0,0,1,1,E01020638,22-09-2018,1,1,3,1,36,7,2,5,3,0,0,-1,0,-1
58121,72.84086178,19.10761049,11,3,2,1,6,16:00,162,E06000047,3,6076,7,30,5,4,4,6173,0,0,1,1,1,0,0,1,2,E01020661,23-09-2018,2,1,1,1,38,7,2,0,0,0,0,-1,5,1
58122,72.84297791,19.20559641,11,3,2,1,6,16:00,162,E06000047,3,693,6,60,3,4,3,692,0,0,1,1,1,0,0,2,1,E01020669,23-09-2018,1,1,3,2,11,3,3,5,1,0,0,-1,0,1
58123,72.83381711,19.11633596,11,2,1,1,6,17:46,162,E06000047,6,0,6,30,3,4,6,0,0,0,1,1,1,0,0,1,1,E01020626,23-09-2018,2,1,1,1,17,4,3,0,0,0,0,-1,3,1
58124,72.84316625,19.13580856,11,3,1,1,2,17:05,162,E06000047,3,6076,6,30,3,4,6,0,0,0,1,1,1,0,0,1,1,E01020662,26-09-2018,1,1,3,2,12,3,3,5,1,0,0,-1,0,1
58125,72.92463044,19.08056537,11,3,1,2,4,17:15,162,E06000047,6,0,6,30,0,-1,-1,0,0,0,1,1,2,0,6,1,1,E01020675,28-09-2018,1,1,1,1,16,4,3,0,0,0,0,-1,3,2
58126,72.90214677,19.20281271,11,2,2,3,6,19:05,162,E06000047,4,6173,6,40,0,-1,-1,0,0,0,4,2,2,0,0,2,1,E01020676,30-09-2018,1,1,3,2,15,3,3,5,3,0,0,-1,0,-1
58127,72.89664846,19.16873838,11,3,1,1,7,14:16,162,E06000047,6,0,6,30,3,4,6,0,0,0,1,1,1,0,0,1,1,E01020677,01-10-2018,2,1,1,1,42,7,3,0,0,0,0,-1,9,1
58128,72.86366437,19.19804772,11,2,1,1,7,12:33,162,E06000047,5,11,6,60,0,-1,-1,0,0,0,1,1,2,0,0,2,1,E01020625,15-10-2018,1,1,3,2,10,2,3,10,1,0,0,-1,0,-1
58129,72.92991992,19.09310513,11,3,2,1,3,18:56,162,E06000047,3,6076,6,60,0,-1,-1,0,0,0,6,2,2,0,0,2,1,E01020663,25-10-2018,1,1,2,1,20,4,3,0,0,2,0,-1,9,-1
58130,72.93500503,19.10512447,11,3,2,1,4,09:40,162,E06000047,3,693,6,30,3,4,6,0,0,5,1,7,2,0,0,1,2,E01020674,12-10-2018,1,2,2,2,20,4,3,0,0,2,0,-1,9,-1
58131,72.89294139,19.13862507,11,3,1,1,6,14:00,162,E06000047,6,0,6,30,0,-1,-1,0,0,0,1,1,1,0,0,2,2,E01020670,28-10-2018,1,3,2,1,31,6,3,0,0,1,0,-1,9,-1
58132,72.92179138,19.14435501,11,3,2,2,5,18:38,162,E06000047,6,0,6,30,1,4,3,693,0,0,4,1,1,0,0,1,1,E01020661,10-11-2018,2,1,1,2,41,7,3,0,0,0,0,-1,9,-1
58133,72.87137643,19.06019251,11,3,2,1,4,17:00,162,E06000047,6,0,6,30,1,4,3,693,0,0,4,1,1,0,0,1,2,E01020661,09-11-2018,2,2,2,2,19,4,3,0,0,1,0,-1,9,-1
58134,72.86276995,19.13649471,11,3,2,1,2,11:15,162,E06000047,4,6173,6,30,1,4,3,6076,0,0,1,1,2,0,0,1,1,E01020661,21-11-2018,1,1,3,2,14,3,3,5,1,0,0,-1,0,1
58135,72.89232532,19.12437279,11,3,2,1,6,16:45,162,E06000047,3,692,6,60,3,3,3,693,0,0,4,1,2,4,0,2,2,E01020669,18-11-2018,1,2,2,1,50,8,3,0,0,1,0,-1,9,1
58136,72.93274295,19.14540622,11,3,1,2,1,15:40,162,E06000047,3,6076,6,60,0,-1,-1,0,0,0,6,2,5,0,0,2,1,E01020663,27-11-2018,2,1,1,2,54,8,3,0,0,0,0,-1,9,-1
58137,72.89079922,19.09211901,11,3,1,1,1,14:00,162,E06000047,6,0,6,30,0,-1,-1,0,0,0,1,1,2,0,0,1,2,E01020648,04-12-2018,2,1,1,2,20,4,3,0,0,0,0,-1,9,1
58138,72.83931967,19.1640653,11,3,2,1,1,10:15,162,E06000047,3,6076,6,30,3,4,6,0,0,0,1,1,2,0,0,1,2,E01020662,04-12-2018,2,1,1,2,29,6,3,0,0,0,0,-1,9,-1
58139,72.83720683,19.0657085,11,2,2,3,5,21:06,162,E06000047,4,6311,6,30,0,-1,-1,0,0,0,4,1,2,0,0,1,1,E01020654,08-12-2018,2,1,1,2,33,6,3,0,0,0,0,-1,9,1
58140,72.83969778,19.18955658,11,2,1,1,7,01:00,162,E06000047,3,693,6,60,0,-1,-1,0,0,0,4,1,1,0,0,2,2,E01020669,24-12-2018,2,1,1,2,28,6,3,0,0,0,0,-1,9,1
58141,72.93182795,19.08558486,11,2,1,1,7,12:30,162,E06000047,6,0,6,30,3,4,6,0,0,5,1,1,1,0,0,1,2,E01020674,17-12-2018,2,1,1,2,32,6,3,0,0,0,0,-1,9,1
58142,72.87176593,19.1283606,11,2,2,1,6,14:40,162,E06000047,4,6313,6,30,6,4,4,6532,0,0,1,1,2,0,0,2,1,E01020649,23-12-2018,2,2,2,2,3,1,3,0,0,2,0,-1,9,1
58143,72.84253951,19.12002589,11,3,3,1,2,10:44,162,E06000047,3,692,6,30,3,4,4,6310,0,0,1,1,2,0,0,2,1,E01020635,19-12-2018,1,1,1,1,16,4,3,0,0,0,0,-1,2,1
58144,72.90155299,19.19273403,11,3,2,1,2,16:55,162,E06000047,6,0,6,30,3,4,3,693,0,0,4,1,1,0,0,1,2,E01020662,19-12-2018,2,1,1,1,31,6,3,0,0,0,0,-1,9,1
58145,72.93396141,19.17336317,11,3,2,3,7,23:20,162,E06000047,3,693,6,30,0,-1,-1,0,0,0,4,1,1,0,0,1,1,E01020674,17-12-2018,2,1,1,2,29,6,3,0,0,0,0,-1,9,1
58146,72.88853041,19.17597422,11,3,2,1,7,11:00,162,E06000047,4,6168,6,30,3,4,6,0,0,0,1,2,2,0,0,1,2,E01020638,17-12-2018,1,1,1,2,25,5,2,0,0,0,0,-1,9,1
58147,72.85533509,19.0697503,11,3,1,1,2,07:58,162,E06000047,6,0,6,60,0,-1,-1,0,0,0,1,1,4,0,0,2,1,E01020677,19-12-2018,1,2,2,1,28,6,2,0,0,1,0,-1,9,1
58148,72.93599477,19.15403827,11,3,2,1,7,10:40,162,E06000047,3,692,6,60,1,4,3,691,0,0,1,4,2,0,0,2,1,E01020668,01-01-2018,1,2,2,1,18,4,3,0,0,1,0,-1,9,-1
58149,72.85609824,19.20721025,11,3,2,3,2,17:07,162,E06000047,4,6309,3,30,0,-1,-1,0,0,0,1,1,1,0,0,2,1,E01020656,03-01-2018,2,1,1,1,40,7,3,0,0,0,0,-1,9,3
58150,72.88858725,19.18609079,11,3,1,2,6,23:15,162,E06000047,3,694,6,60,0,-1,-1,0,0,0,4,5,2,0,0,2,1,E01020628,07-01-2018,1,1,1,2,32,6,3,0,0,0,0,-1,9,1
58151,72.82999108,19.12705405,11,3,1,1,6,07:23,162,E06000047,4,6296,6,60,0,-1,-1,0,0,0,6,4,2,0,7,2,1,E01020646,07-01-2018,1,3,2,1,6,2,3,0,0,2,0,-1,9,1
58152,72.8729976,19.12707397,11,3,2,1,2,15:30,162,E06000047,3,691,6,60,3,4,6,0,0,0,1,1,2,0,0,2,1,E01020669,10-01-2018,1,4,2,2,4,1,3,0,0,2,0,-1,9,1
58153,72.84882106,19.07067506,11,3,1,1,2,10:15,162,E06000047,3,6076,6,60,0,-1,-1,0,0,0,1,1,2,0,0,2,1,E01020663,17-01-2018,2,2,1,2,30,6,3,0,0,0,0,-1,9,1
58154,72.82757861,19.15120879,11,3,1,3,2,12:35,162,E06000047,5,16,6,60,0,-1,-1,0,0,0,1,1,2,0,0,2,1,E01020664,17-01-2018,2,5,2,1,24,5,3,0,0,1,0,-1,9,1
58155,72.82936133,19.17795534,11,3,1,1,3,19:05,162,E06000047,3,693,1,30,1,4,3,6076,0,1,4,4,4,0,0,1,1,E01020661,18-01-2018,1,1,1,1,22,5,2,0,0,0,0,-1,9,1
58156,72.84732809,19.11987102,11,3,2,1,7,07:52,162,E06000047,6,0,6,30,3,4,6,0,0,0,1,1,4,0,0,1,1,E01020648,22-01-2018,2,2,1,1,33,6,3,0,0,0,0,-1,9,3
58157,72.88046391,19.05577875,11,3,1,1,6,16:00,162,E06000047,5,62,6,60,0,-1,-1,0,0,0,1,1,2,7,0,2,1,E01020660,21-01-2018,2,3,2,1,35,6,2,0,0,2,0,-1,9,1
58158,72.86774176,19.179739,11,3,2,1,6,07:40,162,E06000047,4,6322,6,30,3,4,5,148,0,0,1,1,2,0,0,1,2,E01020632,28-01-2018,2,1,1,1,31,6,3,0,0,0,0,-1,5,1
58159,72.93205199,19.1604228,11,3,1,1,7,00:15,162,E06000047,4,6310,6,30,0,-1,-1,0,0,8,4,1,1,0,0,2,1,E01020634,29-01-2018,1,1,3,1,17,4,3,5,1,0,0,-1,0,-1
58160,72.88349792,19.1390426,11,3,2,1,5,06:55,162,E06000047,5,8016,6,30,3,4,6,0,0,0,1,1,1,0,0,1,1,E01020651,03-02-2018,1,1,3,1,14,3,3,5,3,0,0,-1,0,-1
58161,72.8362228,19.06283143,11,3,2,1,3,10:35,162,E06000047,3,691,6,60,0,-1,-1,0,0,0,1,1,1,0,0,2,1,E01020664,01-02-2018,2,1,2,2,48,8,3,0,0,1,0,-1,9,1
58162,72.92745801,19.12168468,11,3,1,1,3,14:00,162,E06000047,6,0,6,30,0,-1,-1,0,0,0,1,1,1,0,0,1,2,E01020630,08-02-2018,1,1,1,2,35,6,3,0,0,0,0,-1,9,-1
58163,72.88939125,19.19912824,11,3,1,1,5,00:43,162,E06000047,3,692,6,30,3,4,4,6310,0,0,4,1,2,0,0,2,1,E01020635,03-02-2018,2,1,1,2,54,8,3,0,0,0,0,-1,9,1
58164,72.88915922,19.09427689,11,3,2,1,5,15:30,162,E06000047,5,131,6,30,3,4,6,0,0,0,1,1,1,0,0,1,1,E01020627,20-01-2018,1,1,3,2,18,4,3,5,1,0,0,-1,0,-1
58165,72.8286763,19.11855782,11,3,2,1,4,05:50,162,E06000047,4,6308,6,30,3,4,6,0,0,0,1,1,1,0,0,1,2,E01020657,02-02-2018,1,1,1,1,42,7,3,0,0,0,0,-1,9,1
58166,72.92349576,19.06781712,11,3,2,2,6,12:55,162,E06000047,3,692,6,60,1,4,5,8010,0,0,1,1,1,0,0,2,1,E01020644,18-02-2018,1,1,1,1,13,3,3,0,0,0,0,-1,3,1
58167,72.93473865,19.0641877,11,3,2,1,2,16:00,162,E06000047,3,691,6,60,3,3,5,8058,0,0,1,1,1,0,0,2,1,E01020664,07-02-2018,2,1,2,2,16,4,3,0,0,1,0,-1,9,-1
58168,72.90144799,19.19494014,11,3,2,1,1,18:21,162,E06000047,5,8010,6,30,3,4,6,0,0,0,4,1,2,0,0,1,1,E01020640,27-02-2018,1,1,2,1,35,6,3,0,0,2,0,-1,9,1
58169,72.91845982,19.09499234,11,2,1,1,7,17:48,162,E06000047,5,62,6,30,0,-1,-1,0,0,0,4,2,2,0,0,2,1,E01020658,26-02-2018,2,1,2,2,42,7,3,0,0,0,3,-1,11,1
58170,72.84938854,19.12917374,11,3,2,1,6,15:16,162,E06000047,3,691,6,60,0,-1,-1,0,0,0,1,2,2,0,0,2,1,E01020633,25-02-2018,2,1,1,1,33,6,3,0,0,0,0,-1,1,1
58171,72.90833776,19.12600952,11,3,2,1,4,07:14,162,E06000047,5,62,6,30,3,4,6,0,0,0,1,3,3,0,0,2,1,E01020659,02-03-2018,1,1,2,2,11,3,3,0,0,1,0,-1,9,1
58172,72.92462839,19.18200747,11,2,2,1,4,12:00,162,E06000047,4,6301,6,60,8,4,6,0,0,0,1,1,1,0,0,2,1,E01020664,09-03-2018,2,2,3,2,31,6,3,6,9,0,0,-1,0,1
58173,72.85229469,19.12740101,11,3,1,1,2,06:50,162,E06000047,5,8038,6,30,0,-1,-1,0,0,0,1,1,2,0,7,2,1,E01020664,14-03-2018,1,1,1,2,23,5,3,0,0,0,0,-1,9,1
58174,72.84408334,19.09298558,11,3,2,2,5,07:57,162,E06000047,3,694,6,60,0,-1,-1,0,0,0,1,1,2,0,0,2,1,E01020628,10-03-2018,1,1,3,2,37,7,2,9,8,0,0,-1,0,1
58175,72.87649298,19.07282021,11,3,2,1,7,22:00,162,E06000047,4,6309,6,40,6,4,4,6310,0,0,6,1,1,0,0,2,1,E01020657,12-03-2018,1,1,3,2,14,3,1,5,2,0,0,-1,0,1
58176,72.92270856,19.14815898,11,3,1,1,4,15:40,162,E06000047,3,694,6,40,0,-1,-1,0,0,0,1,1,1,0,0,2,1,E01020655,16-03-2018,1,1,3,1,62,9,3,5,2,0,0,-1,0,1
58177,72.86779352,19.11572852,11,3,1,1,6,23:18,162,E06000047,4,6308,6,60,0,-1,-1,0,0,0,4,1,1,0,0,2,1,E01020657,11-03-2018,1,1,3,2,16,4,3,5,3,0,0,-1,0,-1
58178,72.92399092,19.1429093,11,2,2,1,3,12:35,162,E06000047,3,691,6,30,3,4,4,6322,0,0,1,1,1,0,0,1,1,E01020632,15-03-2018,2,1,1,1,56,9,3,0,0,0,0,-1,9,1
58179,72.85886779,19.12618996,11,2,3,1,7,19:00,162,E06000047,3,691,6,30,3,4,4,6296,0,0,4,2,2,0,0,2,1,E01020664,26-02-2018,2,1,1,2,58,9,2,0,0,0,0,-1,1,1
58180,72.86577125,19.07185969,11,3,3,3,2,18:45,162,E06000047,3,692,6,40,3,4,6,0,0,0,4,1,1,0,0,2,1,E01020654,21-03-2018,1,1,3,1,11,3,2,9,9,0,0,-1,0,-1
58181,72.85020832,19.15549286,11,3,1,1,4,09:25,162,E06000047,4,6310,3,30,3,4,6,0,0,0,1,1,1,0,0,1,1,E01020628,16-03-2018,1,1,1,1,28,6,3,0,0,0,0,-1,9,1
58182,72.85239924,19.08443309,11,3,2,1,2,15:31,162,E06000047,5,131,6,30,3,4,6,0,0,0,1,2,2,0,0,1,1,E01020627,28-03-2018,2,2,1,2,51,8,3,0,0,0,0,-1,9,1
58183,72.87475758,19.17112995,11,3,1,1,3,15:12,162,E06000047,4,6309,6,30,3,4,6,0,0,0,1,7,1,0,0,1,1,E01020668,29-03-2018,1,1,3,2,8,2,3,5,4,0,0,-1,0,1
58184,72.8934265,19.1948032,11,3,2,2,3,08:56,162,E06000047,3,691,6,30,0,-1,-1,0,0,0,1,2,2,0,0,2,1,E01020665,05-04-2018,2,1,1,1,17,4,3,0,0,0,0,-1,1,1
58185,72.91056379,19.1074416,11,3,2,1,6,12:13,162,E06000047,3,68,6,60,3,4,5,131,0,0,1,1,1,0,0,2,1,E01020637,08-04-2018,2,2,2,2,17,4,3,0,0,2,0,-1,1,2
58186,72.83326962,19.21044838,11,3,1,1,7,14:48,162,E06000047,4,6308,6,30,3,2,4,6322,0,0,1,1,1,0,0,1,1,E01020643,09-04-2018,2,1,2,2,19,4,3,0,0,2,0,-1,9,1
58187,72.8491246,19.14971905,11,2,1,1,5,16:57,162,E06000047,5,8016,6,30,0,-1,-1,0,0,0,1,2,2,0,0,1,1,E01020651,14-04-2018,2,1,1,2,35,6,3,0,0,0,0,-1,9,1
58188,72.89801357,19.10987161,11,2,2,3,5,08:34,162,E06000047,3,692,6,60,3,4,4,6168,0,0,1,1,1,0,0,2,1,E01020654,14-04-2018,1,1,3,1,9,2,3,5,2,0,0,-1,0,1
58189,72.90102645,19.19783146,11,3,2,1,6,21:38,162,E06000047,5,8016,6,30,3,4,6,0,0,0,4,5,5,0,0,2,1,E01020640,15-04-2018,1,1,1,1,4,1,3,0,0,0,0,-1,1,1
58190,72.82927488,19.13909914,11,3,2,1,3,10:00,162,E06000047,6,0,6,30,8,4,6,0,0,0,1,1,1,0,0,1,1,E01020643,12-04-2018,1,1,3,1,23,5,2,5,4,0,0,-1,0,1
58191,72.8654195,19.14862544,11,3,2,1,6,16:02,162,E06000047,6,0,6,30,6,4,6,0,0,0,1,1,1,0,0,1,1,E01020668,22-04-2018,1,1,1,1,16,4,3,0,0,0,0,-1,2,1
58192,72.840897,19.17519332,11,3,2,2,4,17:50,162,E06000047,3,693,6,60,3,4,3,692,0,0,1,1,1,0,0,2,1,E01020669,27-04-2018,1,1,3,1,21,5,3,5,1,0,0,-1,0,1
58193,72.92446844,19.13575637,11,3,2,1,3,11:54,162,E06000047,6,0,6,30,8,4,6,0,0,0,1,2,2,0,0,1,1,E01020669,03-05-2018,1,1,3,2,31,6,3,5,1,0,0,-1,0,1
58194,72.90644873,19.13419449,11,3,2,2,4,22:35,162,E06000047,3,694,6,60,0,-1,-1,0,0,0,4,1,1,0,0,2,1,E01020656,04-05-2018,1,1,3,1,12,3,3,5,2,0,0,-1,0,1
58195,72.9260281,19.1385769,11,3,2,1,5,17:45,162,E06000047,4,6310,6,30,3,4,3,692,0,0,1,1,1,0,0,2,2,E01020635,05-05-2018,2,1,1,1,39,7,3,0,0,0,0,-1,9,1
58196,72.89191047,19.13192,11,3,2,1,7,02:25,162,E06000047,5,8016,6,30,0,-1,-1,0,0,0,4,1,1,0,0,1,1,E01020652,14-05-2018,2,2,2,1,71,10,3,0,0,1,0,-1,9,1
58197,72.88682191,19.14812624,11,3,2,1,2,09:00,162,E06000047,4,6168,6,60,8,4,6,0,0,0,1,1,2,0,0,1,2,E01020625,16-05-2018,2,1,1,2,21,5,3,0,0,0,0,-1,9,1
58198,72.8821021,19.08227452,11,3,2,1,5,06:55,162,E06000047,4,6302,6,40,3,4,6,0,0,0,1,8,2,0,0,2,1,E01020646,19-05-2018,1,1,1,1,51,8,3,0,0,0,0,-1,9,1
58199,72.9201912,19.10095468,11,1,2,5,1,18:52,162,E06000047,3,692,6,50,0,-1,-1,0,0,0,1,1,1,0,0,2,1,E01020644,22-05-2018,1,1,2,1,30,6,2,0,0,1,0,-1,19,1
58200,72.92718549,19.07673196,11,3,1,2,2,14:02,162,E06000047,3,694,6,60,0,-1,-1,0,0,0,1,2,2,0,0,2,1,E01020656,23-05-2018,1,1,2,1,3,1,3,0,0,2,4,-1,9,-1
58201,72.91073383,19.15291994,11,2,1,1,5,18:45,162,E06000047,6,0,6,30,0,-1,-1,0,0,0,1,1,1,0,0,2,2,E01020657,12-05-2018,2,1,1,1,39,7,3,0,0,0,0,-1,9,1
58202,72.85696713,19.12322866,11,3,1,1,2,00:57,162,E06000047,6,0,6,30,0,-1,-1,0,0,0,6,1,2,0,0,2,1,E01020664,23-05-2018,2,2,2,2,28,6,3,0,0,2,0,-1,9,1
58203,72.89348359,19.15022608,11,3,3,3,4,08:26,162,E06000047,3,68,6,60,8,4,6,0,0,0,1,2,2,0,0,2,1,E01020637,01-06-2018,2,3,2,2,14,3,3,0,0,1,0,-1,9,-1
58204,72.91204694,19.06982841,11,3,2,2,6,14:38,162,E06000047,5,62,6,30,3,4,6,0,0,0,1,1,1,0,0,2,1,E01020658,03-06-2018,2,4,2,2,11,3,3,0,0,2,0,-1,9,-1
58205,72.84027291,19.15409346,11,3,1,3,7,14:20,162,E06000047,3,692,6,30,0,-1,-1,0,0,0,1,1,1,0,0,2,1,E01020644,11-06-2018,2,5,2,2,12,3,3,0,0,2,0,-1,9,-1
58206,72.86382936,19.20804441,11,3,2,2,6,14:40,162,E06000047,3,692,6,60,0,-1,-1,0,0,0,1,1,1,0,0,2,1,E01020667,10-06-2018,2,6,2,1,8,2,3,0,0,2,0,-1,9,-1
58207,72.90458448,19.14101624,11,3,2,2,6,17:00,162,E06000047,5,8058,6,60,0,-1,-1,0,0,0,1,1,1,0,0,2,2,E01020664,10-06-2018,2,1,2,1,5,1,3,0,0,2,0,-1,9,-1
58208,72.90795046,19.174191,11,3,1,2,7,02:00,162,E06000047,3,691,6,60,0,-1,-1,0,0,0,6,2,2,0,0,2,1,E01020660,11-06-2018,2,2,2,1,7,2,3,0,0,2,0,-1,9,1