Accident_Index,longitude,latitude,Police_Force,Accident_Severity,Number_of_Vehicles,Number_of_Casualties,Day_of_Week,Time,Local_Authority_(District),Local_Authority_(Highway),1st_Road_Class,1st_Road_Number,Road_Type,Speed_limit,Junction_Detail,Junction_Control,2nd_Road_Class,2nd_Road_Number,Pedestrian_Crossing-Human_Control,Pedestrian_Crossing-Physical_Facilities,Light_Conditions,Weather_Conditions,Road_Surface_Conditions,Special_Conditions_at_Site,Carriageway_Hazards,Urban_or_Rural_Area,Did_Police_Officer_Attend_Scene_of_Accident,LSOA_of_Accident_Location,Date,Vehicle_Reference,Casualty_Reference,Casualty_Class,Sex_of_Casualty,Age_of_Casualty,Age_Band_of_Casualty,Casualty_Severity,Pedestrian_Location,Pedestrian_Movement,Car_Passenger,Bus_or_Coach_Passenger,Pedestrian_Road_Maintenance_Worker,Casualty_Type,Casualty_Home_Area_Type
58209,72.88297765,19.1819491,11,3,3,1,6,13:57,162,E06000047,3,693,6,60,0,-1,-1,0,0,0,1,1,1,0,2,2,1,E01020669,17-06-2018,1,1,1,1,22,5,3,0,0,0,0,-1,9,2
58210,72.89251675,19.19931856,11,3,1,1,4,15:04,162,E06000047,6,0,6,30,0,-1,-1,0,0,0,1,1,1,0,0,1,1,E01020669,22-06-2018,1,2,2,1,21,5,3,0,0,1,0,-1,9,1
58211,72.92649484,19.19172598,11,3,2,2,6,13:00,162,E06000047,3,693,1,60,1,4,3,6076,0,0,1,1,1,0,0,2,1,E01020625,01-07-2018,1,1,1,2,41,7,3,0,0,0,0,-1,9,1
58212,72.9068173,19.07422163,11,3,2,2,5,08:34,162,E06000047,4,6301,6,60,0,-1,-1,0,0,0,1,2,2,0,0,2,1,E01020664,07-07-2018,2,2,1,1,54,8,3,0,0,0,0,-1,9,-1
58213,72.92064589,19.16199202,11,3,2,1,7,16:30,162,E06000047,4,6301,6,30,3,4,4,6302,0,0,1,1,1,0,0,2,1,E01020646,09-07-2018,1,1,3,2,11,3,3,5,1,0,0,-1,0,-1
58214,72.82694611,19.05995017,11,3,2,5,7,02:45,162,E06000047,3,694,6,30,3,4,4,6309,0,0,4,1,1,0,0,2,1,E01020656,09-07-2018,1,2,3,2,11,3,3,5,1,0,0,-1,0,-1
58215,72.87809546,19.19094587,11,3,2,1,1,20:55,162,E06000047,6,0,6,30,0,-1,-1,0,0,0,1,1,1,0,0,2,2,E01020634,10-07-2018,2,1,1,1,22,5,3,0,0,0,0,-1,10,-1
58216,72.93461157,19.20431264,11,1,1,2,3,08:57,162,E06000047,3,691,6,60,0,-1,-1,0,0,0,1,1,1,0,0,2,1,E01020633,12-07-2018,1,1,3,2,16,4,3,5,3,0,0,-1,0,1
58217,72.88495145,19.09426186,11,3,2,1,5,03:50,162,E06000047,3,692,6,30,3,4,4,6310,0,0,1,1,1,0,0,2,2,E01020635,14-07-2018,2,1,1,1,35,6,3,0,0,0,0,-1,1,1
58218,72.92471902,19.08837899,11,2,3,4,6,15:40,162,E06000047,3,691,6,60,0,-1,-1,0,0,0,1,1,1,0,0,2,1,E01020664,15-07-2018,2,1,2,2,55,8,3,0,0,2,0,-1,9,1
58219,72.93518517,19.15971481,11,3,2,1,5,19:05,162,E06000047,3,693,6,60,3,4,5,126,0,0,1,1,1,0,0,2,1,E01020625,21-07-2018,2,1,1,2,72,10,3,0,0,0,0,-1,9,-1
58220,72.92397153,19.19717966,11,2,1,3,6,16:10,162,E06000047,4,6301,6,60,0,-1,-1,0,0,0,1,2,2,0,0,2,1,E01020664,29-07-2018,1,1,1,1,23,5,3,0,0,0,0,-1,9,1
58221,72.82840247,19.12277185,11,3,2,3,1,07:35,162,E06000047,5,8016,6,30,3,4,6,0,0,0,1,1,1,0,0,1,1,E01020640,07-08-2018,2,1,1,1,18,4,3,0,0,0,0,-1,9,1
58222,72.91029507,19.11867755,11,3,2,1,2,14:55,162,E06000047,3,6076,6,60,6,4,6,0,0,0,1,1,1,0,0,2,2,E01020663,08-08-2018,2,1,1,2,59,9,3,0,0,0,0,-1,9,1
58223,72.90814772,19.18255044,11,3,1,1,1,21:40,162,E06000047,3,691,6,30,3,4,6,0,0,0,4,1,1,0,0,2,1,E01020665,14-08-2018,1,1,3,2,22,5,3,6,9,0,0,-1,0,1
58224,72.90021305,19.07184673,11,2,1,1,2,10:00,162,E06000047,5,10,6,60,0,-1,-1,0,0,0,1,1,1,0,0,2,1,E01020669,15-08-2018,2,1,1,1,34,6,2,0,0,0,0,-1,5,1
58225,72.84535605,19.10656645,11,3,1,1,3,20:00,162,E06000047,6,0,6,30,3,4,6,0,0,0,1,1,2,0,0,1,2,E01020630,16-08-2018,1,1,3,1,42,7,3,10,9,0,0,-1,0,-1
58226,72.88534826,19.12800486,11,3,1,1,5,12:55,162,E06000047,3,6076,2,30,6,4,6,0,0,1,1,1,1,0,0,1,1,E01020661,18-08-2018,1,1,3,2,12,3,2,5,2,0,0,-1,0,1
58227,72.88802337,19.13046391,11,3,2,1,6,13:30,162,E06000047,4,6310,6,30,6,4,4,6309,0,0,1,1,1,0,0,2,1,E01020656,19-08-2018,1,1,1,1,20,4,3,0,0,0,0,-1,4,1
58228,72.90355002,19.05483564,11,2,3,2,2,13:39,162,E06000047,5,124,6,30,3,4,6,0,0,8,1,1,2,0,0,2,1,E01020636,22-08-2018,1,1,1,1,27,6,3,0,0,0,0,-1,9,1
58229,72.87737794,19.08698794,11,3,1,1,5,18:15,162,E06000047,6,0,6,30,0,-1,-1,0,0,0,1,1,1,0,0,1,2,E01020630,25-08-2018,2,1,1,1,25,5,3,0,0,0,0,-1,9,1
58230,72.92291821,19.15715248,11,3,2,2,4,18:50,162,E06000047,3,692,6,60,3,4,3,693,0,0,1,2,2,0,0,2,1,E01020669,31-08-2018,1,1,2,2,83,11,3,0,0,0,3,-1,11,-1
58231,72.86462145,19.1072384,11,3,3,1,1,17:10,162,E06000047,3,691,6,60,0,-1,-1,0,0,0,1,1,1,0,7,2,1,E01020665,04-09-2018,2,1,2,2,72,10,3,0,0,1,0,-1,9,1
58232,72.90822602,19.05765729,11,3,3,3,7,10:00,162,E06000047,3,691,6,30,3,4,5,131,0,0,1,2,2,0,0,1,1,E01020631,10-09-2018,2,1,1,2,24,5,3,0,0,0,0,-1,9,1
58233,72.9082117,19.12869076,11,3,1,2,2,02:21,162,E06000047,5,17,6,30,3,4,6,0,0,0,4,1,1,0,0,2,1,E01020660,12-09-2018,2,1,1,1,53,8,3,0,0,0,0,-1,9,-1
58234,72.87953477,19.19252872,11,2,1,1,6,19:38,162,E06000047,6,0,6,30,3,4,6,0,0,0,4,1,1,0,0,2,1,E01020646,16-09-2018,1,1,1,1,33,6,3,0,0,0,0,-1,9,1
58235,72.89033116,19.10091818,11,3,2,2,6,08:50,162,E06000047,5,8016,6,30,3,4,6,0,0,0,1,1,1,0,0,1,1,E01020640,16-09-2018,2,2,2,2,16,4,3,0,0,2,0,-1,9,-1
58236,72.89758916,19.08583952,11,3,1,1,7,13:01,162,E06000047,5,62,6,30,3,4,6,0,0,0,1,1,1,0,0,2,1,E01020658,17-09-2018,2,3,2,2,21,5,3,0,0,1,0,-1,9,-1
58237,72.8802821,19.05907951,11,3,2,1,2,11:30,162,E06000047,3,692,6,60,1,4,3,691,0,0,1,1,1,0,0,2,2,E01020652,19-09-2018,1,1,2,2,12,3,3,0,0,1,0,-1,21,-1
58238,72.92849988,19.09615131,11,2,2,3,7,20:02,162,E06000047,6,0,6,40,3,4,6,0,0,8,4,1,1,0,0,2,1,E01020644,24-09-2018,1,1,1,2,30,6,3,0,0,0,0,-1,9,1
58239,72.86912712,19.13990539,11,3,1,2,7,15:30,162,E06000047,3,691,6,60,0,-1,-1,0,0,0,1,1,1,0,0,2,1,E01020664,24-09-2018,2,2,1,1,75,10,3,0,0,0,0,-1,9,1
58240,72.86504946,19.05452027,11,3,2,3,5,09:20,162,E06000047,5,17,6,60,3,4,6,0,0,0,1,1,1,0,0,2,1,E01020660,29-09-2018,1,1,3,1,22,5,2,9,5,0,0,-1,0,1
58241,72.92467797,19.15115103,11,3,2,1,7,18:23,162,E06000047,3,691,6,60,3,4,5,8058,0,0,1,1,2,0,0,2,1,E01020664,01-10-2018,2,1,1,1,38,7,3,0,0,0,0,-1,9,1
58242,72.8984964,19.07177426,11,3,2,1,5,08:50,162,E06000047,3,692,6,30,1,4,3,691,0,0,1,2,2,0,0,2,1,E01020641,13-10-2018,1,1,1,1,28,6,3,0,0,0,0,-1,9,1
58243,72.83446559,19.20419419,11,3,2,1,6,05:44,162,E06000047,3,693,1,60,1,4,3,6076,0,0,4,7,1,0,0,2,1,E01020625,14-10-2018,2,2,1,1,24,5,3,0,0,0,0,-1,9,1
58244,72.91434982,19.14430703,11,3,3,1,7,15:30,162,E06000047,3,692,6,30,0,-1,-1,0,0,4,1,2,2,0,0,1,1,E01020653,22-10-2018,2,3,2,2,23,5,3,0,0,1,0,-1,9,-1
58245,72.87837993,19.10272925,11,3,2,1,3,15:00,162,E06000047,4,6301,6,60,0,-1,-1,0,0,0,1,1,2,0,0,2,2,E01020646,11-10-2018,2,1,1,1,25,5,3,0,0,0,0,-1,9,1
58246,72.88596252,19.10032051,11,3,3,2,6,07:44,162,E06000047,3,691,6,60,3,4,5,8058,0,0,1,2,2,0,0,2,1,E01020664,21-10-2018,1,1,2,2,68,10,3,0,0,1,0,-1,9,3
58247,72.91638004,19.1282268,11,3,1,1,4,23:48,162,E06000047,4,6309,6,40,0,-1,-1,0,0,0,4,1,2,0,0,2,1,E01020656,19-10-2018,1,1,1,2,50,8,3,0,0,0,0,-1,9,-1
58248,72.84237335,19.14630118,11,1,2,1,3,17:56,162,E06000047,5,10,6,60,6,4,6,0,0,0,4,2,2,0,0,2,1,E01020664,25-10-2018,1,3,2,2,40,7,3,0,0,1,0,-1,9,-1
58249,72.93583262,19.16982866,11,2,1,5,5,15:30,162,E06000047,6,0,6,30,0,-1,-1,0,0,0,1,1,1,0,2,2,1,E01020676,27-10-2018,2,2,1,1,35,6,3,0,0,0,0,-1,9,-1
58250,72.84983019,19.12590311,11,3,1,1,5,08:45,162,E06000047,4,6173,6,40,0,-1,-1,0,0,0,1,1,2,0,0,2,1,E01020676,27-10-2018,2,4,2,2,52,8,3,0,0,1,0,-1,9,-1
58251,72.85254377,19.20692314,11,3,2,1,2,22:20,162,E06000047,6,0,6,30,3,4,6,0,0,0,4,1,2,3,0,1,1,E01020678,31-10-2018,2,1,1,2,47,8,3,0,0,0,0,-1,9,1
58252,72.84147929,19.16156307,11,3,2,1,4,08:13,162,E06000047,3,692,6,60,0,-1,-1,0,0,0,1,7,2,0,0,2,1,E01020667,02-11-2018,1,1,1,2,25,5,3,0,0,0,0,-1,9,1
58253,72.89180055,19.17499945,11,3,1,1,7,14:30,162,E06000047,5,8010,6,30,0,-1,-1,0,0,4,1,1,1,0,0,1,2,E01020643,05-11-2018,2,2,1,1,34,6,3,0,0,0,0,-1,9,1
58254,72.9000682,19.18332025,11,3,2,3,6,10:16,162,E06000047,5,10,6,60,0,-1,-1,0,0,0,1,2,2,0,0,2,1,E01020633,04-11-2018,1,1,1,1,35,6,3,0,0,0,0,-1,9,-1
58255,72.9022632,19.08391388,11,3,2,3,7,09:07,162,E06000047,4,6309,6,60,8,4,6,0,0,0,1,1,1,0,0,2,2,E01020657,05-11-2018,2,1,1,1,64,9,3,0,0,0,0,-1,1,2
58256,72.89340365,19.11160368,11,3,1,1,5,08:28,162,E06000047,5,8016,6,30,0,-1,-1,0,0,0,1,1,2,0,0,1,1,E01020651,17-11-2018,2,1,1,1,49,8,3,0,0,0,0,-1,9,1
58257,72.93370164,19.15193647,11,3,2,1,7,19:10,162,E06000047,6,0,6,30,3,4,3,692,0,0,1,1,1,0,0,2,2,E01020644,19-11-2018,2,2,2,2,49,8,3,0,0,1,0,-1,9,1
58258,72.91363051,19.09494727,11,3,2,1,6,20:04,162,E06000047,5,8010,6,30,0,-1,-1,0,0,0,1,1,1,0,0,1,1,E01020667,18-11-2018,2,1,2,2,22,5,3,0,0,1,0,-1,9,1
58259,72.82675237,19.06650405,11,3,2,1,2,18:13,162,E06000047,3,691,6,60,3,4,5,8058,0,0,6,1,2,0,0,2,1,E01020664,21-11-2018,2,1,2,2,47,8,3,0,0,1,0,-1,9,1
58260,72.87500903,19.06464058,11,3,2,2,4,09:09,162,E06000047,3,691,6,30,3,4,6,0,0,0,1,2,2,0,0,1,1,E01020632,30-11-2018,2,1,1,2,32,6,3,0,0,0,0,-1,9,1
58261,72.84195485,19.1668332,11,3,2,1,5,09:00,162,E06000047,3,693,1,60,1,4,4,6168,0,8,1,1,2,0,0,2,2,E01020625,24-11-2018,2,1,1,2,24,5,3,0,0,0,0,-1,9,1
58262,72.88015366,19.18938099,11,3,2,1,4,12:15,162,E06000047,5,57,6,30,0,-1,-1,0,0,0,1,1,1,0,0,2,2,E01020664,23-11-2018,1,1,3,1,9,2,3,5,2,0,0,-1,0,1
58263,72.87727989,19.14891862,11,3,2,1,4,09:43,162,E06000047,4,6301,6,30,0,-1,-1,0,0,0,1,1,2,0,0,2,1,E01020664,23-11-2018,2,1,1,1,45,7,3,0,0,0,0,-1,20,-1
58264,72.88906514,19.13431574,11,2,2,1,3,17:12,162,E06000047,3,692,6,60,0,-1,-1,0,0,0,4,1,2,0,0,2,1,E01020652,13-12-2018,2,2,2,1,24,5,3,0,0,1,0,-1,20,-1
58265,72.91912838,19.10929444,11,3,2,3,4,10:26,162,E06000047,3,6076,6,30,0,-1,-1,0,0,0,1,1,2,0,0,2,1,E01020664,21-12-2018,1,2,2,2,19,4,3,0,0,1,0,-1,9,-1
58266,72.88794821,19.15829672,11,3,2,2,1,13:32,162,E06000047,3,692,6,60,3,4,3,693,0,0,1,2,2,0,0,2,1,E01020669,25-12-2018,2,1,1,2,63,9,3,0,0,0,0,-1,9,1
58267,72.93745081,19.09693004,11,3,2,3,7,20:15,162,E06000047,4,6302,6,60,0,-1,-1,0,0,0,4,2,2,0,0,2,1,E01020646,24-12-2018,1,1,1,1,24,5,3,0,0,0,0,-1,9,1
58268,72.88824186,19.0829002,11,3,2,2,5,16:28,162,E06000047,4,6309,6,40,3,4,4,6308,0,0,4,1,1,0,0,2,1,E01020657,15-12-2018,1,2,2,2,20,4,3,0,0,1,0,-1,9,-1
58269,72.90748268,19.18516151,11,3,1,2,7,21:35,162,E06000047,5,128,6,30,0,-1,-1,0,0,0,4,2,2,0,0,2,2,E01020676,10-12-2018,1,1,2,1,19,4,3,0,0,0,2,-1,11,1
58270,72.91335799,19.12848838,11,3,2,3,4,15:22,162,E06000047,5,16,6,60,0,-1,-1,0,0,0,1,8,4,0,0,2,1,E01020664,07-12-2018,1,1,1,1,62,9,3,0,0,0,0,-1,9,-1
58271,72.92213312,19.14374545,11,3,2,2,7,14:50,162,E06000047,5,8010,6,30,3,4,6,0,0,1,1,1,2,0,0,1,2,E01020643,31-12-2018,1,1,3,1,21,5,3,9,7,0,0,-1,0,1
58272,72.84687744,19.19511961,11,3,2,1,3,13:33,162,E06000047,6,0,6,60,0,-1,-1,0,0,0,1,1,2,0,0,2,1,E01020669,20-12-2018,1,1,3,1,11,3,2,5,2,0,0,-1,0,1
58273,72.83534815,19.06497091,11,3,2,1,7,12:30,162,E06000047,5,10,6,60,3,4,3,691,0,0,1,1,1,0,0,2,1,E01020633,24-12-2018,1,1,1,1,89,11,3,0,0,0,0,-1,9,1
58274,72.8877509,19.11288419,11,3,2,2,3,19:55,162,E06000047,3,692,6,30,0,-1,-1,0,0,0,4,3,4,0,0,2,2,E01020635,27-12-2018,1,2,2,2,91,11,3,0,0,1,0,-1,9,1
58275,72.84068387,19.14851274,11,3,1,1,3,07:20,166,E06000047,3,67,6,30,0,-1,-1,0,0,8,4,5,2,0,0,2,1,E01020854,04-01-2018,1,3,2,2,86,11,3,0,0,2,0,-1,9,1
58276,72.85966835,19.0650755,11,3,2,1,6,11:59,166,E06000047,3,688,6,60,3,4,5,30,0,0,1,7,4,0,0,2,1,E01020862,14-01-2018,2,4,1,2,48,8,3,0,0,0,0,-1,9,1
58277,72.86762584,19.17909124,11,3,1,1,1,00:18,166,E06000047,4,6278,6,60,0,-1,-1,0,0,0,6,1,4,0,0,2,1,E01020857,23-01-2018,2,5,2,2,50,8,3,0,0,2,0,-1,9,1
58278,72.92761077,19.12654781,11,3,2,2,5,16:25,166,E06000047,5,30,6,60,8,4,-1,-1,0,0,6,1,2,0,0,2,1,E01020862,27-01-2018,2,6,2,1,30,6,3,0,0,2,0,-1,9,-1
58279,72.90953848,19.06144443,11,3,2,3,4,14:00,166,E06000047,5,42,6,60,6,4,5,30,0,0,1,1,1,0,0,2,2,E01020856,26-01-2018,1,1,1,2,20,4,3,0,0,0,0,-1,9,1
58280,72.90967405,19.19699703,11,2,1,1,5,19:15,166,E06000047,5,42,6,60,0,-1,-1,0,0,0,6,1,2,0,7,2,1,E01020859,03-02-2018,1,2,2,2,29,6,3,0,0,2,0,-1,9,1
58281,72.82876728,19.20499842,11,2,1,1,3,14:20,166,E06000047,4,6274,6,60,3,4,5,169,0,0,1,1,1,0,0,2,1,E01020863,08-02-2018,1,1,3,1,13,3,2,8,2,0,0,-1,0,1
58282,72.86037044,19.09439016,11,3,1,1,3,12:40,166,E06000047,5,28,6,60,0,-1,-1,0,0,0,1,1,1,5,0,2,1,E01020866,08-02-2018,2,1,1,1,53,8,3,0,0,0,0,-1,21,1
58283,72.8594462,19.15171539,11,2,2,1,3,07:53,166,E06000047,3,66,6,60,0,-1,-1,0,0,0,1,1,2,0,0,2,1,E01020863,25-01-2018,2,1,1,1,41,7,3,0,0,0,0,-1,1,1
58284,72.88213957,19.13243567,11,3,2,1,3,10:16,166,E06000047,3,66,3,70,0,-1,-1,0,0,0,1,1,2,0,0,2,1,E01020863,01-02-2018,2,1,1,1,68,10,3,0,0,0,0,-1,9,1
58285,72.9091293,19.16845505,11,3,1,1,3,01:19,166,E06000047,3,688,6,60,0,-1,-1,0,0,0,6,3,3,0,0,2,1,E01020867,22-02-2018,1,1,1,1,19,4,3,0,0,0,0,-1,9,1
58286,72.89980745,19.16183732,11,3,2,4,4,17:50,166,E06000047,5,165,6,60,0,-1,-1,0,0,0,1,1,2,0,0,2,1,E01020854,02-03-2018,2,2,1,1,64,9,3,0,0,0,0,-1,9,1
58287,72.9004294,19.18585246,11,3,4,1,1,18:45,166,E06000047,3,66,3,70,0,-1,-1,0,0,0,6,1,2,0,0,2,1,E01020863,27-02-2018,1,1,3,1,8,2,3,10,1,0,0,-1,0,-1
58288,72.89965933,19.11136956,11,3,2,1,6,14:25,166,E06000047,3,67,6,60,0,-1,-1,0,0,0,1,1,1,0,0,2,1,E01020862,18-03-2018,1,1,1,2,28,6,3,0,0,0,0,-1,9,-1
58289,72.89161192,19.19246821,11,3,2,1,6,13:31,166,E06000047,3,66,3,70,0,-1,-1,0,0,0,1,4,1,0,0,2,1,E01020863,18-03-2018,1,1,1,1,64,9,2,0,0,0,0,-1,9,1
58290,72.90904776,19.17602836,11,2,1,1,6,21:07,166,E06000047,3,688,6,60,0,-1,-1,0,0,0,6,1,1,0,0,2,1,E01020857,18-03-2018,1,2,2,2,65,9,3,0,0,1,0,-1,9,1
58291,72.88389704,19.11850676,11,3,3,1,2,09:30,166,E06000047,3,67,6,30,0,-1,-1,0,0,0,1,1,1,0,0,2,1,E01020862,21-03-2018,1,1,3,1,27,6,3,1,3,0,0,-1,0,1
58292,72.92184764,19.19006296,11,3,1,1,4,07:39,166,E06000047,4,6277,6,60,0,-1,-1,0,0,0,1,1,2,0,0,2,1,E01020863,23-03-2018,2,1,2,2,74,10,3,0,0,1,0,-1,9,1
58293,72.86411796,19.20403415,11,3,2,1,3,14:40,166,E06000047,4,6279,6,60,6,4,5,42,0,0,1,1,1,0,0,2,1,E01020867,15-02-2018,1,1,2,2,23,5,3,0,0,2,0,-1,9,1
58294,72.87715704,19.14317876,11,3,1,2,5,10:11,166,E06000047,4,6277,6,60,0,-1,-1,0,0,0,1,1,1,0,7,2,1,E01020865,31-03-2018,1,2,2,2,1,1,3,0,0,2,0,-1,9,1
58295,72.83021354,19.15741026,11,3,2,3,1,11:30,166,E06000047,3,67,6,60,3,4,5,142,0,0,1,1,1,0,0,2,1,E01020862,03-04-2018,1,1,1,1,70,10,3,0,0,0,0,-1,9,1
58296,72.88865534,19.07193907,11,3,2,1,2,15:35,166,E06000047,4,6276,6,60,0,-1,-1,0,0,0,1,1,1,0,0,2,1,E01020865,04-04-2018,2,1,1,1,17,4,3,0,0,0,0,-1,4,1
58297,72.93378094,19.07223454,11,1,4,7,5,17:45,166,E06000047,3,67,6,60,0,-1,-1,0,0,0,1,2,2,0,0,2,1,E01020867,14-04-2018,2,1,1,1,25,5,3,0,0,0,0,-1,19,1
58298,72.92860894,19.09941567,11,3,2,4,4,17:02,166,E06000047,3,688,6,30,8,4,6,0,0,0,1,1,1,0,0,2,1,E01020859,13-04-2018,1,1,3,1,80,11,2,5,1,0,0,-1,0,1
58299,72.90662895,19.18237025,11,3,3,1,2,08:50,166,E06000047,5,42,6,60,0,-1,-1,0,0,0,1,2,2,7,0,2,1,E01020857,18-04-2018,2,1,1,2,23,5,3,0,0,0,0,-1,9,1
58300,72.90497528,19.07006052,11,3,2,1,6,16:20,166,E06000047,5,42,6,60,6,4,5,30,0,0,1,1,1,0,0,2,2,E01020856,08-04-2018,2,1,2,2,61,9,3,0,0,1,0,-1,9,1
58301,72.87109709,19.12803839,11,3,2,1,4,21:17,166,E06000047,3,67,6,60,3,4,6,0,0,0,6,1,2,0,0,2,1,E01020862,20-04-2018,1,1,1,2,54,8,3,0,0,0,0,-1,9,-1
58302,72.87025216,19.09681953,11,3,3,4,7,07:45,166,E06000047,3,688,6,60,3,4,5,30,0,0,1,1,1,0,0,2,1,E01020862,23-04-2018,2,2,1,1,42,7,3,0,0,0,0,-1,9,1
58303,72.91431781,19.14584446,11,3,2,1,2,19:50,166,E06000047,3,688,6,30,3,4,5,44,0,0,1,1,1,0,0,2,1,E01020867,25-04-2018,2,1,1,1,40,7,3,0,0,0,0,-1,9,1
58304,72.8622761,19.15164456,11,3,3,4,6,10:50,166,E06000047,3,67,6,60,3,4,4,6274,0,0,1,1,1,0,0,2,1,E01020862,06-05-2018,2,1,1,1,91,11,2,0,0,0,0,-1,90,-1
58305,72.9005383,19.07172563,11,3,2,1,2,14:45,166,E06000047,4,6277,6,30,0,-1,-1,0,0,0,1,1,1,0,0,2,1,E01020865,16-05-2018,1,1,3,1,11,3,3,5,4,0,0,-1,0,-1
58306,72.87403979,19.08215608,11,3,1,2,4,23:55,166,E06000047,4,6274,6,60,0,-1,-1,0,0,0,6,1,2,0,0,2,1,E01020862,18-05-2018,1,1,1,1,41,7,3,0,0,0,0,-1,5,-1
58307,72.83037563,19.05994241,11,3,2,2,6,07:34,166,E06000047,4,6279,6,30,0,-1,-1,0,0,0,1,1,1,0,0,2,2,E01020862,06-05-2018,1,1,1,1,65,9,3,0,0,0,0,-1,9,1
58308,72.88311334,19.1458149,11,3,2,2,2,19:48,166,E06000047,3,67,6,60,3,4,4,6274,0,0,1,1,1,0,0,2,1,E01020862,23-05-2018,2,2,1,1,43,7,3,0,0,0,0,-1,8,1
58309,72.88202199,19.18071632,11,2,2,1,3,13:45,166,E06000047,3,67,6,60,3,4,6,0,0,0,1,1,1,0,0,2,1,E01020862,03-05-2018,1,1,3,2,12,3,3,4,3,0,0,-1,0,1
58310,72.90955083,19.15653083,11,3,2,5,7,13:32,166,E06000047,3,66,3,70,0,-1,-1,0,0,0,1,1,1,0,0,2,1,E01020863,04-06-2018,2,1,1,1,53,8,3,0,0,0,0,-1,5,1
58311,72.83065992,19.06776893,11,2,3,1,4,14:34,166,E06000047,4,6275,6,60,6,4,5,45,0,0,1,1,1,0,0,2,1,E01020862,15-06-2018,1,1,1,1,80,11,3,0,0,0,0,-1,1,-1
58312,72.82917814,19.15477157,11,3,2,2,7,23:45,166,E06000047,6,0,6,30,0,-1,-1,0,0,0,6,1,1,0,0,2,1,E01020863,25-06-2018,2,1,1,1,51,8,3,0,0,0,0,-1,2,1
58313,72.86925012,19.06386479,11,3,2,1,2,10:55,166,E06000047,3,67,6,60,3,4,4,6274,0,0,1,1,1,0,0,2,1,E01020862,27-06-2018,2,1,1,1,17,4,3,0,0,0,0,-1,9,1
58314,72.92671418,19.10523845,11,3,2,2,3,17:11,166,E06000047,4,6278,6,30,0,-1,-1,0,0,0,1,1,1,0,0,2,1,E01020853,28-06-2018,1,1,1,1,18,4,3,0,0,0,0,-1,9,-1
58315,72.84660225,19.15887874,11,3,1,2,4,23:28,166,E06000047,4,6278,6,60,0,-1,-1,0,0,0,6,7,2,0,0,2,1,E01020857,29-06-2018,1,2,2,1,19,4,2,0,0,1,0,-1,9,-1
58316,72.84941784,19.1257621,11,3,2,1,6,11:12,166,E06000047,3,66,6,60,3,4,6,0,0,0,1,1,1,0,0,2,1,E01020863,01-07-2018,2,1,1,2,23,5,3,0,0,0,0,-1,9,1
58317,72.83721874,19.16255259,11,3,2,2,1,16:20,166,E06000047,5,8030,6,30,0,-1,-1,0,0,0,1,1,1,0,0,2,1,E01020861,03-07-2018,2,1,1,1,22,5,2,0,0,0,0,-1,4,1
58318,72.91127915,19.10242615,11,3,2,1,3,07:38,166,E06000047,3,67,6,30,3,4,6,0,0,0,1,1,1,0,0,2,1,E01020862,05-07-2018,1,1,1,1,37,7,3,0,0,0,0,-1,9,1
58319,72.90547417,19.13398892,11,2,1,1,6,15:30,166,E06000047,3,688,6,60,0,-1,-1,0,0,0,1,1,1,0,0,2,1,E01020861,01-07-2018,2,2,1,1,24,5,3,0,0,0,0,-1,9,1
58320,72.91334485,19.14653889,11,3,1,1,6,12:10,166,E06000047,4,6282,6,30,3,4,6,0,0,0,1,1,1,0,0,2,1,E01020865,08-07-2018,1,1,3,1,4,1,3,5,3,0,0,-1,0,1
58321,72.9323418,19.15620243,11,3,1,1,7,09:29,166,E06000047,4,6277,6,30,0,-1,-1,0,0,0,1,1,1,0,0,2,1,E01020865,09-07-2018,2,1,1,2,42,7,3,0,0,0,0,-1,9,1
58322,72.85776803,19.16463595,11,2,2,1,6,17:22,166,E06000047,4,6279,6,60,6,4,5,41,0,0,1,1,1,0,0,2,1,E01020857,15-07-2018,2,2,2,2,11,3,3,0,0,2,0,-1,9,1
58323,72.92075273,19.2104907,11,3,3,2,7,12:08,166,E06000047,3,68,6,60,8,4,6,0,0,0,1,1,1,0,0,2,1,E01020859,16-07-2018,2,1,1,2,22,5,3,0,0,0,0,-1,9,1
58324,72.9279552,19.07139575,11,3,1,1,3,20:45,166,E06000047,3,688,6,60,0,-1,-1,0,0,0,1,1,1,0,0,2,1,E01020867,19-07-2018,2,1,1,1,21,5,3,0,0,0,0,-1,9,1
58325,72.90136645,19.05613506,11,3,1,1,5,20:25,166,E06000047,5,42,6,60,0,-1,-1,0,0,0,6,2,2,0,0,2,1,E01020860,28-07-2018,2,1,1,1,76,11,3,0,0,0,0,-1,1,1
58326,72.8888526,19.20532587,11,3,2,1,6,19:35,166,E06000047,3,67,2,30,3,2,4,6277,0,0,1,1,1,0,0,2,1,E01020854,29-07-2018,1,1,3,2,2,1,3,10,4,0,0,-1,0,1