Accident_Index,longitude,latitude,Police_Force,Accident_Severity,Number_of_Vehicles,Number_of_Casualties,Day_of_Week,Time,Local_Authority_(District),Local_Authority_(Highway),1st_Road_Class,1st_Road_Number,Road_Type,Speed_limit,Junction_Detail,Junction_Control,2nd_Road_Class,2nd_Road_Number,Pedestrian_Crossing-Human_Control,Pedestrian_Crossing-Physical_Facilities,Light_Conditions,Weather_Conditions,Road_Surface_Conditions,Special_Conditions_at_Site,Carriageway_Hazards,Urban_or_Rural_Area,Did_Police_Officer_Attend_Scene_of_Accident,LSOA_of_Accident_Location,Date,Vehicle_Reference,Casualty_Reference,Casualty_Class,Sex_of_Casualty,Age_of_Casualty,Age_Band_of_Casualty,Casualty_Severity,Pedestrian_Location,Pedestrian_Movement,Car_Passenger,Bus_or_Coach_Passenger,Pedestrian_Road_Maintenance_Worker,Casualty_Type,Casualty_Home_Area_Type
58327,72.9126136,19.14397199,11,3,1,1,6,08:30,166,E06000047,3,67,6,60,0,-1,-1,0,0,0,1,2,2,0,0,2,1,E01020862,29-07-2018,2,1,2,2,17,4,3,0,0,1,0,-1,9,1
58328,72.84323231,19.0940029,11,2,1,1,7,23:54,166,E06000047,3,67,6,60,0,-1,-1,0,0,0,6,1,1,0,0,2,1,E01020853,30-07-2018,1,1,1,1,14,3,3,0,0,0,0,-1,1,1
58329,72.87308227,19.12250958,11,3,2,1,2,19:55,166,E06000047,3,688,6,60,0,-1,-1,0,0,0,1,1,1,0,0,2,1,E01020867,15-08-2018,2,1,1,1,31,6,3,0,0,0,0,-1,9,1
58330,72.9338633,19.20135346,11,3,2,1,2,22:20,166,E06000047,5,169,6,60,0,-1,-1,0,0,0,6,1,1,0,0,2,1,E01020863,15-08-2018,2,2,2,1,30,6,3,0,0,1,0,-1,9,-1
58331,72.84309906,19.11880526,11,3,2,1,5,09:10,166,E06000047,3,67,6,30,3,4,6,0,0,8,1,1,2,0,0,2,1,E01020862,04-08-2018,2,1,1,1,38,7,3,0,0,0,0,-1,2,1
58332,72.85558318,19.14610764,11,3,2,1,6,17:30,166,E06000047,4,6277,6,60,3,4,6,0,0,0,1,1,2,0,0,2,2,E01020865,26-08-2018,2,1,1,1,27,6,3,0,0,0,0,-1,1,-1
58333,72.88667244,19.12618964,11,2,2,2,5,09:39,166,E06000047,3,688,6,60,3,4,6,0,0,0,1,2,2,6,0,2,1,E01020867,15-09-2018,2,1,2,2,71,10,3,0,0,1,0,-1,9,-1
58334,72.89287212,19.16823365,11,3,1,2,6,08:15,166,E06000047,4,6275,6,60,0,-1,-1,0,0,0,1,1,1,0,0,2,1,E01020862,16-09-2018,2,1,1,1,17,4,3,0,0,0,0,-1,2,1
58335,72.91697442,19.11264911,11,2,1,1,3,15:15,166,E06000047,4,6279,6,60,0,-1,-1,0,0,0,1,1,1,0,0,2,1,E01020867,20-09-2018,1,1,1,1,30,6,3,0,0,0,0,-1,9,1
58336,72.84490876,19.15594666,11,3,2,2,2,08:33,166,E06000047,3,688,6,60,3,4,5,73,0,0,1,1,1,0,0,2,1,E01020867,03-10-2018,2,2,1,2,49,8,3,0,0,0,0,-1,9,1
58337,72.8909488,19.06913746,11,3,4,1,1,20:59,166,E06000047,4,6282,6,60,0,-1,-1,0,0,0,4,1,1,0,0,2,1,E01020864,02-10-2018,3,3,1,2,37,7,3,0,0,0,0,-1,9,1
58338,72.84389903,19.13829297,11,2,1,1,7,03:18,166,E06000047,3,67,6,60,0,-1,-1,0,0,0,6,1,1,0,0,2,1,E01020867,01-10-2018,1,1,1,2,56,9,3,0,0,0,0,-1,9,1
58339,72.897251,19.17016197,11,3,1,1,3,08:30,166,E06000047,3,68,6,60,0,-1,-1,0,0,0,1,1,1,0,0,2,1,E01020861,04-10-2018,2,2,1,2,40,7,3,0,0,0,0,-1,9,1
58340,72.91990265,19.07299207,11,3,2,2,6,18:30,166,E06000047,4,6282,6,60,0,-1,-1,0,0,0,1,2,2,0,0,2,1,E01020861,30-09-2018,1,1,3,1,12,3,3,5,1,0,0,-1,0,1
58341,72.93782386,19.1308473,11,3,2,1,4,07:27,166,E06000047,4,6282,6,30,0,-1,-1,0,0,0,1,7,2,0,0,2,1,E01020866,12-10-2018,2,1,1,1,44,7,3,0,0,0,0,-1,9,1
58342,72.90175972,19.1014686,11,3,1,3,6,12:12,166,E06000047,3,688,6,60,0,-1,-1,0,0,0,1,2,2,0,0,2,1,E01020859,21-10-2018,3,2,1,2,36,7,3,0,0,0,0,-1,9,1
58343,72.84153971,19.1461881,11,3,1,1,2,09:15,166,E06000047,3,66,3,70,0,-1,-1,0,0,0,1,7,2,0,0,2,1,E01020863,17-10-2018,3,3,2,1,6,2,3,0,0,2,0,-1,9,1
58344,72.91324311,19.18576053,11,3,2,1,2,01:15,166,E06000047,4,6279,6,60,0,-1,-1,0,0,0,6,2,2,0,0,2,1,E01020862,24-10-2018,1,1,1,1,40,7,3,0,0,0,0,-1,9,1
58345,72.92001116,19.1482835,11,3,2,1,7,12:20,166,E06000047,3,688,6,60,3,4,5,8030,0,0,1,1,2,0,0,2,1,E01020861,29-10-2018,2,1,1,1,34,6,3,0,0,0,0,-1,1,1
58346,72.92379439,19.05811659,11,3,1,1,4,16:20,166,E06000047,3,67,6,30,3,4,6,0,0,8,1,8,2,0,0,2,1,E01020852,26-10-2018,2,1,1,2,45,7,3,0,0,0,0,-1,9,1
58347,72.88169477,19.1297132,11,3,1,1,6,11:40,166,E06000047,5,42,6,60,0,-1,-1,0,0,0,1,1,1,0,0,2,1,E01020860,11-11-2018,2,1,1,1,40,7,3,0,0,0,0,-1,9,1
58348,72.83686529,19.14407069,11,3,2,3,3,14:30,166,E06000047,4,6279,6,60,6,4,5,42,0,0,1,1,1,0,0,2,1,E01020867,01-11-2018,2,1,1,1,45,7,3,0,0,0,0,-1,9,-1
58349,72.91196752,19.10005172,11,3,2,1,2,09:00,166,E06000047,5,44,6,60,0,-1,-1,0,0,0,1,1,4,0,0,2,1,E01020867,21-11-2018,2,1,1,1,11,3,3,0,0,0,0,-1,1,1
58350,72.8631086,19.14674274,11,3,3,2,2,19:00,166,E06000047,6,0,2,30,0,-1,-1,0,0,0,4,2,2,0,0,2,1,E01020852,07-11-2018,1,1,3,1,6,2,2,9,5,0,0,-1,0,1
58351,72.85225793,19.16827831,11,2,2,2,2,16:15,166,E06000047,5,42,6,60,0,-1,-1,0,0,0,1,1,2,0,0,2,1,E01020856,14-11-2018,1,1,3,2,80,11,3,3,3,0,0,-1,0,1
58352,72.87611014,19.14492216,11,3,1,1,6,08:00,166,E06000047,5,32,6,60,0,-1,-1,0,0,0,1,1,4,0,0,2,1,E01020864,18-11-2018,2,1,1,1,12,3,3,0,0,0,0,-1,1,1
58353,72.8757792,19.18087019,11,2,1,1,7,12:25,166,E06000047,3,67,6,30,3,4,6,0,0,0,1,1,2,0,0,2,1,E01020852,26-11-2018,2,1,1,1,54,8,3,0,0,0,0,-1,8,1
58354,72.87395079,19.0767721,11,3,1,2,2,00:01,166,E06000047,3,68,6,60,0,-1,-1,0,0,0,6,2,2,0,0,2,1,E01020859,28-11-2018,2,1,1,2,38,7,3,0,0,0,0,-1,9,1
58355,72.89040311,19.12899265,11,3,3,1,3,09:13,166,E06000047,6,0,6,30,0,-1,-1,0,0,0,1,1,1,0,0,2,1,E01020852,29-11-2018,2,1,1,1,29,6,3,0,0,0,0,-1,9,1
58356,72.89314489,19.07229015,11,3,1,1,6,05:02,166,E06000047,3,68,6,60,0,-1,-1,0,0,0,6,1,2,0,0,2,1,E01020859,02-12-2018,2,2,2,2,29,6,3,0,0,2,0,-1,9,1
58357,72.90597237,19.21036563,11,2,1,1,4,16:52,166,E06000047,5,30,6,30,0,-1,-1,0,0,0,4,1,4,0,0,2,1,E01020856,07-12-2018,2,1,1,2,23,5,3,0,0,0,0,-1,9,1
58358,72.90065052,19.19679144,11,3,3,1,6,16:13,166,E06000047,3,66,6,60,0,-1,-1,0,0,0,1,1,2,0,0,2,1,E01020863,09-12-2018,2,1,1,1,49,8,3,0,0,0,0,-1,9,1
58359,72.92003019,19.13335728,11,3,1,1,1,04:40,166,E06000047,3,688,6,60,0,-1,-1,0,0,0,6,1,1,0,0,2,1,E01020867,11-12-2018,1,1,1,1,64,9,3,0,0,0,0,-1,9,-1
58360,72.91540307,19.07334767,11,3,1,1,7,02:40,166,E06000047,5,42,6,60,0,-1,-1,0,0,0,6,1,1,0,0,2,1,E01020857,17-12-2018,2,2,1,1,39,7,3,0,0,0,0,-1,9,-1
58361,72.87157363,19.05662271,11,3,2,1,3,14:25,166,E06000047,4,6277,6,30,3,4,6,0,0,0,1,1,1,0,0,2,2,E01020854,20-12-2018,3,3,1,1,26,6,3,0,0,0,0,-1,9,-1
58362,72.88003979,19.13286431,11,3,2,1,4,08:30,166,E06000047,5,169,6,60,3,4,5,170,0,0,1,1,2,7,0,2,1,E01020863,21-12-2018,3,4,2,2,19,4,3,0,0,1,0,-1,9,-1
58363,72.86621274,19.16057912,11,3,1,1,3,16:40,166,E06000047,3,67,6,30,0,-1,-1,0,0,4,4,1,2,0,0,2,2,E01020854,20-12-2018,4,5,1,1,63,9,3,0,0,0,0,-1,9,-1
58364,72.83701818,19.08135519,11,3,2,2,3,11:07,166,E06000047,3,67,6,60,6,4,5,44,0,0,1,1,2,0,0,2,1,E01020867,20-12-2018,5,6,1,2,34,6,3,0,0,0,0,-1,9,-1
58365,72.83537086,19.16003354,11,3,1,2,4,05:30,161,E06000005,3,68,6,30,3,4,6,0,0,4,4,1,1,0,0,1,1,E01012316,05-10-2018,6,7,1,2,22,5,3,0,0,0,0,-1,9,-1
58366,72.93148812,19.07496549,11,3,1,1,2,20:40,161,E06000005,5,38,6,30,0,-1,-1,0,0,0,6,1,1,0,0,2,1,E01012344,03-01-2018,2,1,1,1,22,5,2,0,0,0,0,-1,2,-1
58367,72.84608796,19.0669609,11,3,2,1,3,15:10,161,E06000005,3,167,6,60,8,4,6,0,0,0,1,1,2,0,0,2,1,E01012338,04-01-2018,2,1,1,1,38,7,3,0,0,0,0,-1,1,1
58368,72.91979331,19.1308139,11,2,1,1,7,07:40,161,E06000005,5,52,6,60,0,-1,-1,0,0,0,6,5,2,0,2,2,1,E01012345,08-01-2018,1,1,1,1,34,6,3,0,0,0,0,-1,9,-1
58369,72.90466179,19.12510966,11,3,2,1,7,13:30,161,E06000005,3,167,6,30,0,-1,-1,0,0,0,1,4,1,0,0,1,2,E01012349,08-01-2018,2,2,1,1,30,6,3,0,0,0,0,-1,9,1
58370,72.90908837,19.13614974,11,2,1,1,7,07:25,161,E06000005,5,38,6,60,0,-1,-1,0,0,0,1,5,5,0,2,2,1,E01012366,08-01-2018,1,1,3,1,13,3,3,5,1,0,0,-1,0,-1
58371,72.88785636,19.07393778,11,3,1,1,5,12:45,161,E06000005,6,0,6,30,0,-1,-1,0,0,0,1,1,2,0,0,1,2,E01012354,06-01-2018,2,1,1,2,46,8,3,0,0,0,0,-1,9,1
58372,72.87711689,19.17507595,11,3,1,1,5,08:15,161,E06000005,5,8040,6,60,0,-1,-1,0,0,0,6,1,2,0,0,2,2,E01012366,06-01-2018,2,1,2,2,21,5,3,0,0,1,0,-1,9,1
58373,72.90605027,19.08384931,11,3,1,1,3,11:25,161,E06000005,6,0,6,30,3,4,6,0,0,0,1,1,1,0,0,1,1,E01012364,04-01-2018,2,2,1,1,25,5,3,0,0,0,0,-1,9,1
58374,72.88047197,19.06105679,11,3,1,1,7,02:08,161,E06000005,6,0,6,30,3,4,6,0,0,0,4,1,1,0,0,1,1,E01012329,15-01-2018,1,1,1,1,15,3,3,0,0,0,0,-1,1,1
58375,72.85872751,19.16862485,11,3,3,2,7,10:00,161,E06000005,4,6280,6,30,3,4,6,0,0,0,1,1,2,0,0,1,2,E01012308,15-01-2018,2,1,1,1,25,5,2,0,0,0,0,-1,1,1
58376,72.86848686,19.13649612,11,3,1,1,5,13:50,161,E06000005,6,0,6,30,0,-1,-1,0,0,0,1,1,2,0,0,1,1,E01012343,13-01-2018,1,1,1,1,12,3,3,0,0,0,0,-1,1,1
58377,72.84396068,19.10007561,11,3,3,2,4,07:45,161,E06000005,4,6280,6,30,0,-1,-1,0,0,4,1,4,2,0,0,1,2,E01012319,12-01-2018,1,1,3,1,12,3,3,5,2,0,0,-1,0,1
58378,72.837735,19.17114608,11,3,3,1,3,19:02,161,E06000005,6,0,6,30,3,4,6,0,0,0,4,1,1,0,0,1,1,E01012305,18-01-2018,1,1,1,2,22,5,3,0,0,0,0,-1,9,1
58379,72.92088384,19.14146702,11,3,3,1,2,20:05,161,E06000005,6,0,6,30,0,-1,-1,0,0,8,4,1,2,0,0,1,1,E01012359,03-01-2018,1,1,1,1,9,2,3,0,0,0,0,-1,1,1
58380,72.91214699,19.19184211,11,3,2,1,2,18:45,161,E06000005,5,55,6,30,3,4,6,0,0,0,4,1,2,0,0,1,2,E01012363,17-01-2018,1,1,3,1,51,8,3,1,3,0,0,-1,0,1
58381,72.86487257,19.09299059,11,3,2,2,6,11:30,161,E06000005,4,6275,6,60,6,4,5,45,0,0,1,7,2,0,0,2,1,E01020862,14-01-2018,1,2,3,2,48,8,3,1,3,0,0,-1,0,1
58382,72.91823207,19.11586229,11,3,1,1,2,16:45,161,E06000005,5,182,6,30,3,4,6,0,0,0,4,1,2,0,0,2,1,E01012327,17-01-2018,2,1,1,1,59,9,3,0,0,0,0,-1,9,1
58383,72.91020981,19.07132771,11,3,2,1,7,16:40,161,E06000005,6,0,6,30,3,4,6,0,0,0,4,2,2,0,0,1,2,E01012308,22-01-2018,1,1,1,1,41,7,3,0,0,0,0,-1,9,1
58384,72.88743711,19.13474665,11,3,3,1,6,13:20,161,E06000005,4,6280,3,30,0,-1,-1,0,0,8,1,1,1,0,0,1,2,E01012304,21-01-2018,1,1,1,1,61,9,3,0,0,0,0,-1,9,1
58385,72.88870086,19.15802481,11,3,1,1,3,21:30,161,E06000005,5,181,6,30,3,4,6,0,0,0,4,2,2,0,0,1,1,E01012342,25-01-2018,2,2,1,2,32,6,3,0,0,0,0,-1,9,1
58386,72.84056476,19.20937012,11,3,2,2,4,17:30,161,E06000005,5,39,6,60,0,-1,-1,0,0,0,6,1,2,0,0,2,1,E01012334,26-01-2018,1,1,1,2,63,9,3,0,0,0,0,-1,9,1
58387,72.91047624,19.12547889,11,3,4,1,6,14:57,161,E06000005,3,167,6,60,0,-1,-1,0,0,0,1,1,2,0,0,2,2,E01012366,28-01-2018,1,1,1,1,16,4,3,0,0,0,0,-1,1,1
58388,72.91593677,19.09134992,11,3,1,1,5,00:25,161,E06000005,6,0,6,30,3,4,6,0,0,0,4,1,2,0,0,1,1,E01012308,27-01-2018,1,1,1,1,43,7,3,0,0,0,0,-1,9,1
58389,72.86067,19.13576278,11,3,1,1,7,23:45,161,E06000005,4,6280,6,30,0,-1,-1,0,0,0,4,1,2,0,0,1,1,E01012304,29-01-2018,2,2,1,1,57,9,3,0,0,0,0,-1,9,1
58390,72.92106886,19.09890109,11,3,2,1,2,13:37,161,E06000005,5,39,6,40,3,4,6,0,0,4,1,1,1,0,0,2,1,E01012334,31-01-2018,2,3,2,2,54,8,3,0,0,1,0,-1,9,1
58391,72.89502312,19.12196105,11,3,2,1,2,15:00,161,E06000005,4,6280,6,30,3,4,6,0,0,0,1,1,2,0,0,1,1,E01012361,24-01-2018,2,1,1,1,13,3,3,0,0,0,0,-1,1,-1
58392,72.91043427,19.06128822,11,3,2,2,1,14:30,161,E06000005,3,167,3,30,1,4,4,6279,0,0,1,1,1,0,0,1,2,E01012308,30-01-2018,2,1,1,1,74,10,2,0,0,0,0,-1,1,1
58393,72.90070082,19.07174791,11,3,2,1,2,08:10,161,E06000005,4,6280,6,30,3,4,6,0,0,0,1,1,2,0,0,1,1,E01012306,31-01-2018,2,1,1,1,31,6,3,0,0,0,0,-1,9,1
58394,72.88610964,19.15087058,11,3,3,1,7,23:00,161,E06000005,4,6279,6,30,3,4,6,0,0,8,4,1,2,0,0,1,1,E01012307,05-02-2018,2,1,1,2,20,4,3,0,0,0,0,-1,1,-1
58395,72.85029226,19.05895522,11,3,1,1,5,09:10,161,E06000005,4,6279,6,30,3,4,6,0,0,0,1,1,1,0,0,1,2,E01012307,03-02-2018,1,1,2,1,9,2,3,0,0,2,0,-1,9,1
58396,72.86282029,19.1287048,11,3,2,1,3,19:50,161,E06000005,5,38,6,60,0,-1,-1,0,0,0,6,1,4,0,0,2,1,E01012366,08-02-2018,1,1,1,1,83,11,3,0,0,0,0,-1,9,1
58397,72.93130672,19.09241943,11,3,3,1,1,22:33,161,E06000005,4,6280,6,30,3,4,6,0,0,0,4,1,1,0,0,1,1,E01012319,23-01-2018,2,1,2,2,41,7,3,0,0,1,0,-1,9,1
58398,72.90660221,19.09280442,11,3,1,2,7,09:38,161,E06000005,3,67,6,60,0,-1,-1,0,0,0,1,1,2,0,0,2,1,E01012361,29-01-2018,2,2,2,1,7,2,3,0,0,2,0,-1,9,1
58399,72.91180224,19.10467846,11,3,2,2,4,07:40,161,E06000005,6,0,6,30,6,4,6,0,0,0,1,1,1,0,0,1,1,E01012305,09-02-2018,3,3,1,1,43,7,3,0,0,0,0,-1,9,1
58400,72.91587349,19.15933184,11,3,2,1,6,15:45,161,E06000005,3,68,3,70,5,4,5,8040,0,0,1,2,2,0,0,2,1,E01012334,11-02-2018,4,4,1,1,38,7,3,0,0,0,0,-1,8,1
58401,72.83378846,19.10185963,11,3,2,2,3,18:00,161,E06000005,5,182,6,30,3,4,6,0,0,0,4,1,1,0,0,1,1,E01012332,08-02-2018,1,1,1,1,31,6,3,0,0,0,0,-1,9,1
58402,72.89998506,19.14413081,11,3,2,1,4,15:45,161,E06000005,3,1150,6,30,3,4,6,0,0,0,1,1,1,0,0,1,1,E01012325,09-02-2018,1,1,1,2,71,10,3,0,0,0,0,-1,9,1
58403,72.90586984,19.09555585,11,3,2,1,5,08:53,161,E06000005,3,68,6,30,0,-1,-1,0,0,0,1,1,1,0,0,1,2,E01012313,10-02-2018,1,1,1,1,18,4,3,0,0,0,0,-1,9,1
58404,72.86414247,19.19968742,11,3,2,1,3,16:50,161,E06000005,3,68,6,30,0,-1,-1,0,0,8,1,1,2,0,0,1,1,E01012313,15-02-2018,1,2,2,1,19,4,3,0,0,1,0,-1,9,1
58405,72.87975798,19.1227659,11,2,1,1,5,11:55,161,E06000005,5,55,6,30,3,4,6,0,0,0,1,1,1,0,0,1,1,E01012354,17-02-2018,2,1,1,1,41,7,3,0,0,0,0,-1,9,1
58406,72.90197298,19.17173087,11,3,1,1,2,12:45,161,E06000005,3,68,6,60,0,-1,-1,0,0,0,1,3,3,0,0,2,1,E01012334,21-02-2018,1,1,1,1,30,6,3,0,0,0,0,-1,9,1
58407,72.83923251,19.0740335,11,3,1,2,6,17:30,161,E06000005,4,6280,6,30,0,-1,-1,0,0,0,1,1,1,0,0,1,2,E01012304,18-02-2018,2,1,1,2,39,7,3,0,0,0,0,-1,9,1
58408,72.88241049,19.20637716,11,3,2,1,1,10:30,161,E06000005,4,6280,6,40,0,-1,-1,0,0,0,1,1,2,0,0,1,1,E01012343,16-01-2018,1,1,1,1,32,6,3,0,0,0,0,-1,5,1
58409,72.83060467,19.0717417,11,1,2,4,5,20:20,161,E06000005,3,68,6,60,0,-1,-1,0,0,0,6,1,1,0,0,2,1,E01012334,17-02-2018,1,2,3,2,30,6,3,5,3,0,0,-1,0,1
58410,72.86211395,19.10952316,11,3,2,1,7,11:30,161,E06000005,3,167,6,30,3,4,6,0,0,0,1,2,2,0,0,1,2,E01012354,26-02-2018,2,1,1,1,73,10,3,0,0,0,0,-1,9,1
58411,72.84086293,19.18761051,11,3,1,1,1,07:50,161,E06000005,5,8040,6,60,0,-1,-1,0,0,0,1,3,2,0,0,2,1,E01012366,27-02-2018,1,1,1,1,45,7,3,0,0,0,0,-1,19,1
58412,72.85498712,19.06058557,11,3,3,1,6,18:43,161,E06000005,6,0,6,30,6,4,6,0,0,0,4,2,2,0,0,1,1,E01012360,25-02-2018,2,2,1,1,56,9,3,0,0,0,0,-1,9,1
58413,72.87646048,19.08617317,11,3,1,1,4,12:32,161,E06000005,6,0,6,30,0,-1,-1,0,0,0,1,3,3,0,0,1,2,E01012308,23-02-2018,2,4,2,2,55,8,3,0,0,1,0,-1,9,1
58414,72.87842266,19.17165687,11,3,2,1,1,14:02,161,E06000005,3,167,6,30,8,4,6,0,0,0,1,1,2,0,0,1,1,E01012358,20-02-2018,3,3,1,2,41,7,3,0,0,0,0,-1,10,1
58415,72.91271944,19.05596948,11,2,1,1,7,19:19,161,E06000005,6,0,6,30,0,-1,-1,0,0,4,4,2,2,0,0,1,2,E01012332,26-02-2018,1,2,1,1,20,4,3,0,0,0,0,-1,5,-1
58416,72.83224628,19.1255808,11,3,3,1,6,16:15,161,E06000005,3,68,6,30,0,-1,-1,0,0,4,1,2,2,0,0,1,1,E01012311,25-02-2018,2,1,2,2,29,6,3,0,0,1,0,-1,9,-1
58417,72.91346899,19.07124927,11,3,2,2,6,15:30,161,E06000005,4,6280,6,30,3,4,6,0,0,0,1,1,1,0,0,1,2,E01012337,04-03-2018,1,1,3,1,9,2,3,5,1,0,0,-1,0,1
58418,72.8562314,19.17187275,11,3,1,1,2,11:00,161,E06000005,3,66,3,70,0,-1,-1,0,0,0,1,1,1,0,0,2,1,E01012366,28-02-2018,2,1,1,1,39,7,2,0,0,0,0,-1,5,1
58419,72.86504924,19.1908389,11,3,2,1,6,10:00,161,E06000005,5,55,6,30,0,-1,-1,0,0,5,1,1,2,0,0,1,2,E01012313,25-02-2018,1,1,1,1,16,4,3,0,0,0,0,-1,1,-1
58420,72.91095801,19.13527124,11,3,2,1,3,20:00,161,E06000005,3,167,6,30,0,-1,-1,0,0,0,4,1,1,0,0,1,1,E01012358,08-03-2018,1,1,2,2,61,9,3,0,0,1,0,-1,9,-1
58421,72.91002401,19.20246116,11,3,2,3,5,10:20,161,E06000005,4,6275,6,60,3,4,4,6279,0,0,1,1,1,0,0,2,1,E01012334,10-03-2018,1,2,2,2,53,8,3,0,0,2,0,-1,9,1
58422,72.90945692,19.16184237,11,3,2,1,4,14:20,161,E06000005,3,167,6,30,3,4,6,0,0,0,1,1,1,0,0,1,1,E01012349,09-03-2018,1,1,1,1,7,2,3,0,0,0,0,-1,1,-1
58423,72.8969273,19.15256709,11,3,2,1,1,20:45,161,E06000005,3,68,1,30,1,4,6,0,0,0,4,1,1,0,0,1,2,E01012308,06-03-2018,1,1,3,1,19,4,3,5,1,0,0,-1,0,-1
58424,72.86145122,19.19836662,11,3,2,1,7,15:00,161,E06000005,3,167,6,30,0,-1,-1,0,0,0,1,1,1,0,0,1,1,E01012354,26-02-2018,2,1,1,1,37,7,3,0,0,0,0,-1,9,-1
58425,72.89908311,19.10016143,11,3,2,1,1,11:50,161,E06000005,5,55,6,30,0,-1,-1,0,0,8,1,1,1,0,0,1,1,E01012362,06-03-2018,2,1,1,1,24,5,3,0,0,0,0,-1,9,3
58426,72.88949076,19.15700767,11,3,3,1,1,04:44,161,E06000005,3,68,6,30,0,-1,-1,0,0,0,4,1,1,0,0,1,1,E01012311,06-03-2018,1,1,1,1,40,7,3,0,0,0,0,-1,90,-1
58427,72.89271045,19.06725359,11,3,3,2,6,08:30,161,E06000005,4,6280,6,30,3,4,6,0,0,0,1,1,1,0,0,1,2,E01012304,18-02-2018,1,1,1,2,18,4,3,0,0,0,0,-1,9,1
58428,72.92248528,19.16480395,11,3,1,1,2,08:30,161,E06000005,6,0,6,30,0,-1,-1,0,0,0,1,1,2,0,0,1,2,E01012332,07-03-2018,2,2,1,2,19,4,3,0,0,0,0,-1,9,1
58429,72.89383025,19.16737174,11,3,1,1,5,09:25,161,E06000005,4,6279,6,30,3,4,6,0,0,0,1,1,1,0,0,1,1,E01012308,17-03-2018,2,3,2,2,25,5,3,0,0,1,0,-1,9,1
58430,72.93721872,19.09764104,11,3,3,1,7,13:41,161,E06000005,3,167,6,30,3,4,5,55,0,0,1,1,1,0,0,1,1,E01012354,12-03-2018,2,4,2,1,3,1,3,0,0,2,0,-1,9,1
58431,72.8478024,19.16693448,11,3,2,1,7,20:00,161,E06000005,3,167,1,30,1,4,4,6280,0,0,4,1,1,0,0,1,1,E01012308,19-03-2018,1,1,1,1,35,6,3,0,0,0,0,-1,21,1
58432,72.88640045,19.19142877,11,3,4,2,5,16:11,161,E06000005,3,66,6,60,0,-1,-1,0,0,0,1,1,1,0,0,2,1,E01012366,24-03-2018,1,1,1,2,85,11,3,0,0,0,0,-1,9,1
58433,72.85152846,19.16816498,11,3,2,1,3,12:38,161,E06000005,3,167,6,30,3,2,6,0,0,0,1,2,2,0,0,1,1,E01012349,22-03-2018,1,1,1,2,18,4,3,0,0,0,0,-1,9,1
58434,72.91116136,19.12153689,11,3,2,1,6,16:00,161,E06000005,5,8038,6,30,3,4,6,0,0,4,1,1,1,0,0,1,1,E01012305,25-03-2018,2,1,1,2,31,6,3,0,0,0,0,-1,9,1
58435,72.83246764,19.08865671,11,3,2,3,1,12:05,161,E06000005,3,68,6,30,1,4,6,0,0,4,1,2,2,0,0,1,1,E01012313,27-03-2018,2,1,1,1,30,6,3,0,0,0,0,-1,9,1
58436,72.87796718,19.20110533,11,2,2,1,1,16:39,161,E06000005,3,68,3,70,0,-1,-1,0,0,0,1,1,1,0,0,2,1,E01012320,20-03-2018,2,4,2,2,1,1,3,0,0,1,0,-1,9,1
58437,72.8558852,19.12113326,11,3,1,1,2,16:20,161,E06000005,6,0,6,30,3,4,6,0,0,0,1,1,1,0,0,1,2,E01012308,28-03-2018,3,2,1,1,51,8,3,0,0,0,0,-1,9,-1
58438,72.90690019,19.07014263,11,3,2,3,6,23:40,161,E06000005,6,0,6,30,6,4,6,0,0,0,4,1,1,0,0,1,1,E01012308,25-03-2018,4,3,1,1,32,6,3,0,0,0,0,-1,19,1
58439,72.89564747,19.0922587,11,3,2,1,3,09:15,161,E06000005,6,0,6,30,3,4,6,0,0,0,1,1,2,0,0,1,1,E01012361,22-03-2018,2,1,2,2,34,6,3,0,0,1,0,-1,9,1
58440,72.8682134,19.09508158,11,3,2,1,6,12:30,161,E06000005,2,1,3,70,0,-1,-1,0,0,0,1,1,1,0,0,2,1,E01012334,25-03-2018,1,1,1,1,38,7,3,0,0,0,0,-1,9,1
58441,72.84004595,19.1029297,11,3,1,1,7,13:00,161,E06000005,3,167,6,30,3,4,6,0,0,0,1,2,2,0,0,1,2,E01012349,26-03-2018,1,1,3,1,28,6,2,4,1,0,0,-1,0,-1
58442,72.86693843,19.18159505,11,3,3,1,4,15:35,161,E06000005,4,6275,6,60,0,-1,-1,0,0,0,1,1,1,0,0,2,1,E01012334,30-03-2018,1,1,3,1,49,8,3,5,1,0,0,-1,0,1
58443,72.84121567,19.15425284,11,3,2,4,7,16:40,161,E06000005,6,0,6,30,3,4,4,6279,0,0,1,1,1,0,0,1,1,E01012308,02-04-2018,2,1,1,1,19,4,3,0,0,0,0,-1,1,1
58444,72.91621487,19.18783996,11,3,1,1,3,07:00,161,E06000005,3,67,1,60,1,4,5,38,0,0,1,1,2,0,0,2,1,E01012346,29-03-2018,1,1,1,1,18,4,3,0,0,0,0,-1,9,1
58445,72.9148968,19.18331587,11,3,3,2,7,22:10,161,E06000005,6,0,6,30,6,4,6,0,0,0,4,1,1,0,0,1,1,E01012305,02-04-2018,1,2,2,1,17,4,3,0,0,1,0,-1,9,-1