Accident_Index,longitude,latitude,Police_Force,Accident_Severity,Number_of_Vehicles,Number_of_Casualties,Day_of_Week,Time,Local_Authority_(District),Local_Authority_(Highway),1st_Road_Class,1st_Road_Number,Road_Type,Speed_limit,Junction_Detail,Junction_Control,2nd_Road_Class,2nd_Road_Number,Pedestrian_Crossing-Human_Control,Pedestrian_Crossing-Physical_Facilities,Light_Conditions,Weather_Conditions,Road_Surface_Conditions,Special_Conditions_at_Site,Carriageway_Hazards,Urban_or_Rural_Area,Did_Police_Officer_Attend_Scene_of_Accident,LSOA_of_Accident_Location,Date,Vehicle_Reference,Casualty_Reference,Casualty_Class,Sex_of_Casualty,Age_of_Casualty,Age_Band_of_Casualty,Casualty_Severity,Pedestrian_Location,Pedestrian_Movement,Car_Passenger,Bus_or_Coach_Passenger,Pedestrian_Road_Maintenance_Worker,Casualty_Type,Casualty_Home_Area_Type
58446,72.93280137,19.09012853,11,3,2,4,3,10:27,161,E06000005,3,167,6,30,3,4,6,0,0,0,1,1,1,0,0,1,2,E01012349,05-04-2018,2,1,1,1,39,7,3,0,0,0,0,-1,9,3
58447,72.91530684,19.08860354,11,3,2,1,3,16:00,161,E06000005,2,1,7,70,1,4,3,68,0,0,1,1,1,0,0,2,1,E01012366,05-04-2018,2,1,1,1,55,8,3,0,0,0,0,-1,1,1
58448,72.89841522,19.19934925,11,2,1,1,5,11:43,161,E06000005,6,0,6,30,0,-1,-1,0,0,0,1,1,1,0,0,1,1,E01012308,07-04-2018,1,1,3,2,13,3,3,1,2,0,0,-1,0,1
58449,72.90442524,19.18033175,11,2,1,1,5,15:40,161,E06000005,6,0,6,30,6,4,6,0,0,0,1,1,2,0,0,1,1,E01012357,07-04-2018,1,1,1,2,43,7,3,0,0,0,0,-1,9,1
58450,72.9155064,19.07602928,11,3,2,1,6,10:05,161,E06000005,3,66,1,60,1,4,3,67,0,8,1,4,1,0,0,2,1,E01012366,08-04-2018,2,1,1,1,65,9,2,0,0,0,0,-1,9,1
58451,72.88947939,19.16233907,11,3,1,1,6,22:30,161,E06000005,6,0,6,30,0,-1,-1,0,0,0,4,1,1,0,0,1,1,E01012332,08-04-2018,2,2,2,1,47,8,3,0,0,1,0,-1,9,1
58452,72.91149596,19.07916393,11,3,2,1,7,12:30,161,E06000005,4,6279,3,60,3,4,5,39,0,0,1,1,1,0,7,2,1,E01012334,09-04-2018,2,1,2,1,30,6,3,0,0,0,3,-1,11,1
58453,72.86832825,19.15604719,11,2,1,2,1,02:45,161,E06000005,3,68,3,70,0,-1,-1,0,0,0,6,1,1,0,0,2,1,E01012366,10-04-2018,2,1,1,1,24,5,3,0,0,0,0,-1,9,1
58454,72.88789602,19.08647486,11,3,6,4,1,16:05,161,E06000005,2,1,3,70,0,-1,-1,0,0,0,1,1,1,0,0,2,1,E01012366,10-04-2018,2,1,1,2,39,7,3,0,0,0,0,-1,9,1
58455,72.8730499,19.11638475,11,3,3,2,4,16:30,161,E06000005,3,66,6,60,0,-1,-1,0,0,0,1,1,1,0,0,2,1,E01012366,13-04-2018,1,1,3,1,18,4,2,9,9,0,0,-1,0,-1
58456,72.8884528,19.17086369,11,3,3,2,2,16:55,161,E06000005,3,66,6,60,0,-1,-1,0,0,0,1,1,1,0,0,2,2,E01012366,11-04-2018,1,1,1,1,25,5,3,0,0,0,0,-1,3,-1
58457,72.86167191,19.17104837,11,3,2,1,5,12:30,161,E06000005,3,167,1,30,1,4,3,68,0,0,1,2,2,0,0,1,1,E01012308,14-04-2018,2,1,2,2,73,10,3,0,0,2,0,-1,9,1
58458,72.8686184,19.07465357,11,3,2,1,5,15:30,161,E06000005,5,8038,6,30,3,4,6,0,0,0,1,2,2,0,0,1,2,E01012340,14-04-2018,2,1,1,1,42,7,3,0,0,0,0,-1,9,1
58459,72.86130496,19.10784677,11,3,2,1,7,11:35,161,E06000005,3,167,1,30,1,2,6,0,0,4,1,1,1,0,0,1,1,E01012308,16-04-2018,2,2,2,1,19,4,3,0,0,1,0,-1,9,1
58460,72.88455048,19.09911818,11,3,1,1,7,23:51,161,E06000005,3,167,6,30,3,4,6,0,0,0,4,1,1,0,0,1,1,E01012349,16-04-2018,3,3,1,1,50,8,3,0,0,0,0,-1,9,1
58461,72.92422627,19.19577406,11,3,1,1,4,12:30,161,E06000005,6,0,6,30,3,4,6,0,0,0,1,1,1,0,0,1,1,E01012355,06-04-2018,2,1,1,1,40,7,3,0,0,0,0,-1,9,1
58462,72.86512988,19.08968271,11,3,1,1,2,17:56,161,E06000005,6,0,6,30,3,4,6,0,0,0,1,1,1,0,0,1,1,E01012319,04-04-2018,2,1,1,1,38,7,3,0,0,0,0,-1,5,-1
58463,72.9009113,19.08371326,11,3,2,1,7,12:55,161,E06000005,3,67,6,60,3,4,6,0,0,0,1,1,1,0,0,2,1,E01012334,02-04-2018,1,1,1,2,19,4,3,0,0,0,0,-1,9,1
58464,72.8545476,19.14752284,11,3,2,1,5,14:40,161,E06000005,3,167,3,30,0,-1,-1,0,0,4,1,1,1,0,0,1,2,E01012308,07-04-2018,2,2,1,1,50,8,3,0,0,0,0,-1,9,-1
58465,72.86461722,19.15728639,11,2,1,1,7,12:12,161,E06000005,6,0,6,30,0,-1,-1,0,0,0,1,1,1,0,0,1,1,E01012328,09-04-2018,2,3,2,2,21,5,3,0,0,1,0,-1,9,-1
58466,72.85491772,19.08349137,11,3,2,1,4,11:05,161,E06000005,3,67,6,60,1,4,3,66,0,8,1,1,2,0,0,2,2,E01012361,13-04-2018,2,1,1,1,28,6,3,0,0,0,0,-1,1,1
58467,72.92590751,19.08309226,11,3,2,1,6,14:49,161,E06000005,5,88,6,30,3,4,5,182,0,0,1,1,1,0,0,1,1,E01012323,29-04-2018,1,1,3,1,18,4,3,9,5,0,0,-1,0,-1
58468,72.92214737,19.07354243,11,3,2,2,3,09:45,161,E06000005,3,66,1,60,1,4,3,1150,0,0,1,2,2,0,0,2,1,E01012366,26-04-2018,1,1,1,2,25,5,3,0,0,0,0,-1,9,1
58469,72.93621053,19.12752305,11,3,4,3,7,12:00,161,E06000005,3,167,6,60,0,-1,-1,0,0,0,1,1,2,0,0,2,1,E01012366,30-04-2018,1,1,2,1,77,11,3,0,0,1,0,-1,9,1
58470,72.86386972,19.14452901,11,3,2,2,4,07:00,161,E06000005,2,1,3,70,0,-1,-1,0,0,0,1,1,1,0,7,2,1,E01012366,04-05-2018,1,1,1,1,43,7,2,0,0,0,0,-1,5,1
58471,72.84335524,19.20853559,11,3,2,1,3,16:45,161,E06000005,5,8040,6,60,0,-1,-1,0,0,0,1,1,1,0,0,2,2,E01012366,03-05-2018,2,2,2,1,14,3,3,0,0,1,0,-1,9,-1
58472,72.86747408,19.17200686,11,3,2,1,6,09:39,161,E06000005,5,8038,6,30,3,4,6,0,0,0,1,1,2,0,0,1,1,E01012305,29-04-2018,2,1,1,2,30,6,3,0,0,0,0,-1,1,1
58473,72.85972375,19.0795347,11,3,2,1,1,10:20,161,E06000005,5,38,6,30,3,4,6,0,0,0,1,1,1,0,0,2,1,E01012339,08-05-2018,1,1,2,2,26,6,3,0,0,1,0,-1,19,1
58474,72.92423437,19.17635974,11,3,2,2,2,17:40,161,E06000005,6,0,6,30,6,4,6,0,0,0,1,2,2,0,0,1,1,E01012364,09-05-2018,2,1,1,2,26,6,3,0,0,0,0,-1,9,1
58475,72.8960146,19.18262487,11,2,1,1,7,15:45,161,E06000005,6,0,6,30,3,4,6,0,0,0,1,1,1,0,0,1,1,E01012358,14-05-2018,2,1,1,1,42,7,3,0,0,0,0,-1,9,1
58476,72.86491596,19.19950234,11,3,2,2,6,13:10,161,E06000005,3,167,6,30,3,2,6,0,0,0,1,1,2,0,0,1,1,E01012349,08-04-2018,1,1,3,1,56,9,3,9,9,0,0,-1,0,1
58477,72.84308148,19.0543371,11,3,2,1,5,13:30,161,E06000005,6,0,6,30,0,-1,-1,0,0,0,1,1,1,0,0,1,2,E01012359,12-05-2018,1,1,1,1,27,6,2,0,0,0,0,-1,1,1
58478,72.91654748,19.09029417,11,3,2,2,6,13:49,161,E06000005,5,8038,6,30,3,4,6,0,0,8,1,1,1,0,0,1,1,E01012317,13-05-2018,1,1,1,1,20,4,3,0,0,0,0,-1,9,-1
58479,72.90049446,19.11868234,11,3,1,1,6,13:00,161,E06000005,3,167,6,30,3,4,6,0,0,0,1,1,1,0,0,1,1,E01012354,13-05-2018,1,2,2,2,17,4,2,0,0,1,0,-1,9,-1
58480,72.86807523,19.12977979,11,3,2,1,7,15:30,161,E06000005,5,180,6,30,6,4,6,0,0,0,1,1,1,0,0,1,1,E01012317,14-05-2018,2,1,1,2,36,7,3,0,0,0,0,-1,9,1
58481,72.84130054,19.19331448,11,3,2,1,6,08:25,161,E06000005,3,68,6,30,3,4,6,0,0,0,1,1,1,0,0,1,1,E01012320,13-05-2018,2,2,2,1,11,3,3,0,0,1,0,-1,9,1
58482,72.92810581,19.05441683,11,3,2,1,4,19:45,161,E06000005,6,0,6,30,3,4,6,0,0,0,1,1,1,0,0,1,2,E01012304,18-05-2018,1,2,2,1,24,5,3,0,0,1,0,-1,9,1
58483,72.86757782,19.18309171,11,3,2,1,6,14:00,161,E06000005,3,167,6,30,6,2,6,0,0,1,1,1,1,0,0,1,1,E01012350,20-05-2018,1,3,2,1,28,6,3,0,0,2,0,-1,9,-1
58484,72.8304894,19.0567543,11,3,2,1,6,07:50,161,E06000005,3,66,1,60,1,4,3,1150,0,0,1,1,1,0,0,2,1,E01012366,20-05-2018,2,1,1,2,37,7,3,0,0,0,0,-1,9,1
58485,72.85347503,19.16857964,11,3,1,1,6,16:30,161,E06000005,4,6279,6,30,8,4,6,0,0,0,1,1,1,0,0,1,1,E01012307,20-05-2018,2,1,1,2,27,6,3,0,0,0,0,-1,9,-1
58486,72.84361163,19.12699506,11,3,1,1,6,13:15,161,E06000005,6,0,6,30,0,-1,-1,0,0,0,1,1,2,0,0,1,2,E01012357,20-05-2018,2,1,1,2,28,6,3,0,0,0,0,-1,1,-1
58487,72.86495439,19.06747202,11,3,1,1,6,16:07,161,E06000005,3,167,6,30,3,4,6,0,0,0,1,1,1,0,0,1,1,E01012350,20-05-2018,1,1,1,1,31,6,3,0,0,0,0,-1,9,1
58488,72.92668877,19.05997724,11,3,2,1,2,18:25,161,E06000005,6,0,6,30,0,-1,-1,0,0,0,1,1,1,0,0,1,1,E01012309,23-05-2018,2,2,1,1,62,9,3,0,0,0,0,-1,9,1
58489,72.85728459,19.19924414,11,3,4,1,3,12:25,161,E06000005,3,167,6,60,8,4,6,0,0,0,1,2,2,0,0,2,1,E01012338,24-05-2018,2,1,1,2,6,2,2,0,0,0,0,-1,1,1
58490,72.90343039,19.16433085,11,3,2,1,4,08:10,161,E06000005,6,0,6,30,8,4,6,0,0,0,1,1,1,0,0,1,1,E01012337,25-05-2018,2,1,1,1,72,10,3,0,0,0,0,-1,1,1
58491,72.87973669,19.1538997,11,3,2,1,4,17:41,161,E06000005,3,1150,1,30,2,4,5,182,0,0,1,1,1,0,0,1,1,E01012331,25-05-2018,1,1,1,2,23,5,3,0,0,0,0,-1,9,1
58492,72.91623854,19.15229574,11,3,2,1,7,21:45,161,E06000005,6,0,6,30,3,4,6,0,0,0,1,4,2,0,0,1,1,E01012308,21-05-2018,2,2,1,1,20,4,3,0,0,0,0,-1,9,1
58493,72.90753368,19.15582773,11,3,4,1,5,17:15,161,E06000005,3,68,6,30,0,-1,-1,0,0,0,1,1,1,0,0,1,1,E01012311,26-05-2018,2,3,2,1,19,4,3,0,0,1,0,-1,9,-1
58494,72.92889455,19.13985275,11,3,1,1,7,14:15,161,E06000005,3,67,6,60,0,-1,-1,0,0,0,1,1,1,0,0,2,1,E01012345,28-05-2018,2,1,1,1,56,9,3,0,0,0,0,-1,21,-1
58495,72.84921009,19.06400901,11,3,2,1,7,09:50,161,E06000005,4,6280,6,30,3,4,6,0,0,4,1,1,1,0,0,1,1,E01012308,28-05-2018,2,1,2,2,24,5,3,0,0,1,0,-1,9,1
58496,72.83843234,19.13881233,11,3,2,2,1,02:55,161,E06000005,4,6279,6,60,0,-1,-1,0,0,0,6,1,1,0,0,2,1,E01012334,29-05-2018,2,1,1,1,28,6,3,0,0,0,0,-1,9,1
58497,72.92546067,19.15822201,11,2,2,1,1,23:30,161,E06000005,6,0,6,30,3,4,6,0,0,0,4,1,1,0,0,1,1,E01012314,05-06-2018,1,1,1,2,48,8,3,0,0,0,0,-1,9,1
58498,72.83759885,19.19565759,11,3,1,1,1,16:48,161,E06000005,6,0,6,30,6,4,6,0,0,0,1,1,1,0,0,1,2,E01012305,29-05-2018,2,1,1,2,50,8,3,0,0,0,0,-1,9,1
58499,72.8408573,19.14686446,11,3,2,1,7,16:54,161,E06000005,5,182,6,30,3,4,6,0,0,0,1,1,1,0,0,1,1,E01012343,04-06-2018,1,1,1,1,5,1,3,0,0,0,0,-1,1,-1
58500,72.86520567,19.14144815,11,2,2,5,1,12:40,161,E06000005,5,54,6,30,3,4,6,0,0,0,1,1,1,0,0,2,1,E01012345,01-05-2018,1,1,1,1,32,6,3,0,0,0,0,-1,9,1
58501,72.87877323,19.08028879,11,3,2,1,3,15:20,161,E06000005,3,167,6,30,3,4,6,0,0,0,1,1,1,0,0,1,1,E01012350,20-09-2018,1,1,3,1,15,3,2,9,6,0,0,-1,0,-1
58502,72.93311277,19.11062892,11,3,4,1,7,02:05,161,E06000005,6,0,6,30,0,-1,-1,0,0,0,4,1,2,0,0,1,1,E01012312,04-06-2018,2,1,1,2,39,7,3,0,0,0,0,-1,9,1
58503,72.92048617,19.14641819,11,3,2,1,7,11:00,161,E06000005,4,6280,6,30,3,4,6,0,0,4,1,2,2,0,0,1,1,E01012304,04-06-2018,2,1,1,2,34,6,3,0,0,0,0,-1,9,1
58504,72.82965613,19.0863101,11,3,3,1,6,11:45,161,E06000005,5,55,2,30,3,4,3,167,0,8,1,1,1,0,0,1,2,E01012354,27-05-2018,1,1,1,2,22,5,3,0,0,0,0,-1,9,1
58505,72.87700348,19.11399171,11,3,2,1,2,17:25,161,E06000005,3,1150,6,30,0,-1,-1,0,0,0,1,1,1,0,0,1,1,E01012321,06-06-2018,1,3,2,2,24,5,3,0,0,1,0,-1,9,1
58506,72.88637062,19.0601865,11,3,2,2,4,18:00,161,E06000005,5,8040,6,60,0,-1,-1,0,0,0,1,2,2,6,0,2,1,E01012366,01-06-2018,1,4,2,1,21,5,3,0,0,2,0,-1,9,1
58507,72.8825171,19.08460129,11,3,2,1,4,17:50,161,E06000005,3,1150,6,30,3,2,6,0,0,4,1,1,1,0,0,1,1,E01012332,08-06-2018,2,2,1,1,52,8,3,0,0,0,0,-1,10,1
58508,72.85074434,19.09854477,11,3,2,2,5,15:35,161,E06000005,6,0,6,60,8,4,6,0,0,0,1,1,1,0,0,2,1,E01012366,09-06-2018,2,1,1,1,34,6,3,0,0,0,0,-1,9,1
58509,72.85284155,19.12055552,11,3,2,1,1,10:20,161,E06000005,3,167,6,30,3,4,6,0,0,0,1,1,2,0,0,1,1,E01012350,12-06-2018,2,1,1,1,47,8,2,0,0,0,0,-1,3,1
58510,72.86632342,19.13662811,11,2,1,1,3,18:30,161,E06000005,6,0,6,30,3,4,6,0,0,0,1,1,1,0,0,1,1,E01012343,07-06-2018,1,1,2,2,17,4,3,0,0,1,0,-1,9,1
58511,72.84110251,19.11128698,11,3,2,2,6,08:44,161,E06000005,3,68,6,30,6,4,6,0,0,0,1,1,1,0,0,1,1,E01012316,10-06-2018,2,1,1,1,29,6,3,0,0,0,0,-1,1,1
58512,72.830427,19.09902029,11,3,2,1,4,08:15,161,E06000005,6,0,6,30,0,-1,-1,0,0,0,1,1,1,0,0,1,1,E01012308,08-06-2018,2,1,1,2,21,5,3,0,0,0,0,-1,9,1
58513,72.84779063,19.13971959,11,2,1,3,5,13:07,161,E06000005,6,0,6,30,3,4,6,0,0,0,1,1,1,0,0,1,1,E01012324,09-06-2018,2,2,2,2,-1,-1,3,0,0,2,0,-1,9,-1
58514,72.84003021,19.13022454,11,2,2,3,5,15:50,161,E06000005,3,167,3,40,8,4,6,0,0,0,1,1,1,0,0,1,1,E01012356,09-06-2018,2,3,2,2,70,10,3,0,0,2,0,-1,9,1
58515,72.93519319,19.15252181,11,3,2,2,7,23:20,161,E06000005,3,167,6,60,0,-1,-1,0,0,8,4,1,1,0,0,2,1,E01012366,11-06-2018,2,1,1,1,35,6,3,0,0,0,0,-1,9,2
58516,72.86567131,19.06052895,11,3,2,1,2,18:05,161,E06000005,6,0,6,30,3,4,6,0,0,0,1,1,1,0,0,1,2,E01012349,06-06-2018,1,1,1,1,62,9,3,0,0,0,0,-1,9,1
58517,72.83814444,19.06295858,11,3,1,1,7,09:10,161,E06000005,6,0,6,30,0,-1,-1,0,0,0,1,1,1,0,0,1,2,E01012348,11-06-2018,1,1,1,1,19,4,3,0,0,0,0,-1,9,1
58518,72.89265701,19.10524805,11,3,1,1,2,11:40,161,E06000005,3,167,6,30,3,4,6,0,0,0,1,1,1,0,6,1,2,E01012308,06-06-2018,2,1,1,1,20,4,3,0,0,0,0,-1,2,1
58519,72.917277,19.14764428,11,3,2,2,6,16:35,161,E06000005,6,0,6,30,3,4,6,0,0,0,1,1,1,0,0,1,1,E01012309,17-06-2018,1,1,1,2,27,6,3,0,0,0,0,-1,9,1
58520,72.87634332,19.15841953,11,2,2,1,4,12:55,161,E06000005,3,6072,1,60,1,4,4,6444,0,0,1,1,1,0,0,2,1,E01012334,15-06-2018,2,1,1,2,22,5,3,0,0,0,0,-1,1,1
58521,72.87163942,19.07968332,11,3,1,1,7,13:15,161,E06000005,3,167,6,30,0,-1,-1,0,0,4,1,1,1,0,0,1,2,E01012354,25-06-2018,2,1,1,1,26,6,3,0,0,0,0,-1,9,1
58522,72.89483293,19.12277887,11,3,2,1,4,13:45,161,E06000005,3,167,6,30,3,4,6,0,0,4,1,1,1,0,0,1,2,E01012350,22-06-2018,1,1,3,1,49,8,2,5,9,0,0,-1,0,-1
58523,72.89635474,19.11827845,11,3,1,1,2,19:05,161,E06000005,6,0,6,30,0,-1,-1,0,0,0,1,1,1,0,0,1,1,E01012349,27-06-2018,1,1,1,1,40,7,2,0,0,0,0,-1,1,1
58524,72.89864521,19.17919848,11,3,1,2,5,16:55,161,E06000005,6,0,6,30,0,-1,-1,0,0,0,1,1,1,0,0,1,1,E01012322,02-06-2018,2,1,1,1,54,8,3,0,0,0,0,-1,1,-1
58525,72.84989948,19.15415587,11,3,2,1,5,19:02,161,E06000005,3,68,6,30,6,4,6,0,0,0,1,1,1,0,0,1,1,E01012316,23-06-2018,2,1,1,1,32,6,3,0,0,0,0,-1,1,-1
58526,72.89645962,19.12271626,11,3,1,1,1,09:45,161,E06000005,3,67,6,60,0,-1,-1,0,0,0,1,1,1,0,0,2,1,E01012334,03-07-2018,1,1,3,1,68,10,2,5,1,0,0,-1,0,-1
58527,72.9161675,19.12433763,11,3,1,1,1,19:30,161,E06000005,5,8038,6,30,3,4,6,0,0,0,1,1,1,0,0,1,2,E01012340,03-07-2018,2,1,1,1,48,8,3,0,0,0,0,-1,2,1
58528,72.83896688,19.16176421,11,3,2,2,4,16:30,161,E06000005,6,0,6,60,0,-1,-1,0,0,0,1,1,2,0,0,2,1,E01012338,06-07-2018,2,1,1,2,49,8,3,0,0,0,0,-1,9,1
58529,72.8659612,19.16801668,11,3,2,1,7,18:40,161,E06000005,6,0,6,30,0,-1,-1,0,0,0,1,1,1,0,0,1,2,E01012326,11-06-2018,2,2,2,2,24,5,3,0,0,1,0,-1,9,1
58530,72.84769601,19.10388505,11,3,2,1,4,16:16,161,E06000005,3,167,6,30,3,4,6,0,0,0,1,1,2,0,0,1,1,E01012358,06-07-2018,2,1,1,1,42,7,3,0,0,0,0,-1,1,-1
58531,72.84096242,19.11495927,11,3,2,2,7,13:36,161,E06000005,3,167,6,30,3,2,6,0,0,4,1,1,1,0,0,1,1,E01012354,09-07-2018,2,1,1,2,24,5,3,0,0,0,0,-1,9,1
58532,72.87937486,19.19081587,11,3,3,3,3,10:07,161,E06000005,3,167,6,30,0,-1,-1,0,0,0,1,1,1,0,0,1,1,E01012322,12-07-2018,1,1,1,1,24,5,3,0,0,0,0,-1,9,3
58533,72.85521401,19.17435355,11,3,1,1,3,23:30,161,E06000005,4,6279,6,30,3,4,6,0,0,0,4,1,1,0,0,1,1,E01012308,12-07-2018,2,2,2,1,18,4,3,0,0,1,0,-1,9,2
58534,72.87031185,19.11001215,11,3,2,1,1,17:15,161,E06000005,6,0,6,30,3,4,6,0,0,0,1,1,1,0,0,1,2,E01012354,10-07-2018,2,3,2,2,23,5,3,0,0,2,0,-1,9,1
58535,72.88634294,19.13987456,11,3,3,1,1,19:10,161,E06000005,5,51,6,60,0,-1,-1,0,0,0,1,1,1,0,0,2,1,E01012366,10-07-2018,2,1,1,1,38,7,3,0,0,0,0,-1,1,-1
58536,72.85674587,19.0550053,11,3,1,2,7,05:10,161,E06000005,3,167,3,30,1,3,4,6279,0,4,1,1,1,0,0,1,1,E01012308,16-07-2018,1,1,3,1,12,3,3,5,1,0,0,-1,0,-1
58537,72.91552706,19.15584955,11,3,2,2,7,22:15,161,E06000005,3,66,3,70,0,-1,-1,0,0,0,4,1,1,0,0,2,1,E01012366,16-07-2018,1,1,3,2,14,3,3,1,1,0,0,-1,0,1
58538,72.91178439,19.12474513,11,3,2,1,6,05:13,161,E06000005,4,6279,6,30,0,-1,-1,0,0,0,1,1,1,0,0,1,1,E01012342,15-07-2018,2,1,1,1,56,9,3,0,0,0,0,-1,9,2
58539,72.88622616,19.15875636,11,3,2,1,2,09:53,161,E06000005,5,38,6,30,0,-1,-1,0,0,0,1,1,1,0,0,2,1,E01012339,11-07-2018,1,1,3,2,38,7,2,5,2,0,0,-1,0,-1
58540,72.86870631,19.17009891,11,3,1,1,1,16:05,161,E06000005,3,167,6,60,0,-1,-1,0,0,0,1,1,1,4,0,2,1,E01012338,10-07-2018,2,1,1,2,34,6,3,0,0,0,0,-1,9,1
58541,72.85422352,19.12254726,11,3,2,2,1,17:57,161,E06000005,4,6279,6,60,3,4,5,39,0,0,1,1,1,0,0,2,1,E01012334,17-07-2018,2,1,1,2,24,5,3,0,0,0,0,-1,9,1
58542,72.86029619,19.20770079,11,3,2,1,2,13:50,161,E06000005,3,67,6,60,3,4,5,52,0,0,1,1,1,0,0,2,1,E01012366,18-07-2018,2,2,2,2,47,8,3,0,0,1,0,-1,9,1
58543,72.89085766,19.15257397,11,3,1,1,6,15:55,161,E06000005,6,0,6,20,0,-1,-1,0,0,0,1,1,1,0,0,1,2,E01012359,22-07-2018,2,1,2,1,20,4,3,0,0,1,0,-1,9,1
58544,72.83358188,19.06304058,11,3,2,1,1,10:30,161,E06000005,5,38,6,60,0,-1,-1,0,0,0,1,1,1,0,0,2,2,E01012366,10-07-2018,2,2,1,1,50,8,3,0,0,0,0,-1,9,1
58545,72.91691161,19.17133784,11,3,1,1,6,14:30,161,E06000005,6,0,6,30,3,4,6,0,0,0,1,1,1,0,0,1,2,E01012308,15-07-2018,2,1,1,2,11,3,2,0,0,0,0,-1,1,1
58546,72.86960438,19.1423517,11,3,2,1,6,14:20,161,E06000005,3,67,6,60,0,-1,-1,0,0,0,1,1,1,0,0,2,1,E01012346,15-07-2018,2,1,1,2,39,7,3,0,0,0,0,-1,9,1
58547,72.86094352,19.0790234,11,3,2,1,7,11:39,161,E06000005,5,8040,6,30,3,4,6,0,0,0,1,1,1,0,0,1,1,E01012322,16-07-2018,2,3,2,2,63,9,3,0,0,1,0,-1,9,1
58548,72.88551359,19.11551278,11,3,2,1,4,21:05,161,E06000005,5,8038,6,60,3,4,6,0,0,0,1,1,1,0,0,2,2,E01012338,20-07-2018,2,4,2,1,48,8,3,0,0,1,0,-1,9,1
58549,72.86152251,19.13885235,11,3,2,1,2,07:30,161,E06000005,3,68,6,30,6,4,6,0,0,0,1,1,1,0,0,1,2,E01012365,25-07-2018,3,2,2,1,14,3,3,0,0,2,0,-1,9,1
58550,72.83770184,19.11161087,11,3,2,3,1,10:30,161,E06000005,3,68,6,30,3,4,6,0,0,0,1,1,1,0,0,1,1,E01012316,05-06-2018,3,5,2,2,49,8,3,0,0,1,0,-1,9,1
58551,72.93569657,19.06217058,11,3,2,2,4,10:30,161,E06000005,3,167,6,30,3,2,6,0,0,0,1,1,1,0,0,1,2,E01012354,27-07-2018,1,1,2,2,80,11,3,0,0,0,1,-1,11,-1
58552,72.87226079,19.09267123,11,2,3,3,4,15:20,161,E06000005,3,68,6,60,0,-1,-1,0,0,0,1,1,1,0,0,2,1,E01012334,27-07-2018,1,1,1,1,20,4,3,0,0,0,0,-1,9,1
58553,72.91450779,19.09855336,11,3,2,1,4,01:00,161,E06000005,3,68,6,30,0,-1,-1,0,0,0,4,1,1,0,0,2,1,E01012320,27-07-2018,2,2,1,2,45,7,3,0,0,0,0,-1,9,1
58554,72.9036401,19.10631074,11,3,2,1,5,13:45,161,E06000005,5,180,6,30,3,4,3,167,0,0,1,2,2,0,0,2,2,E01012361,28-07-2018,2,3,2,2,43,7,3,0,0,1,0,-1,9,1
58555,72.86694121,19.20117562,11,3,1,1,2,18:45,161,E06000005,6,0,6,30,3,4,6,0,0,0,1,1,1,0,0,1,2,E01012308,18-07-2018,2,4,2,1,16,4,3,0,0,2,0,-1,9,1
58556,72.85982223,19.20164801,11,3,2,1,2,18:45,161,E06000005,6,0,6,30,3,4,6,0,0,0,1,1,1,0,0,1,2,E01012320,25-07-2018,1,1,1,1,31,6,3,0,0,0,0,-1,9,1
58557,72.83302087,19.18693464,11,3,1,1,5,19:00,161,E06000005,6,0,6,30,3,4,6,0,0,0,1,2,2,0,0,1,2,E01012362,28-07-2018,1,1,3,1,71,10,1,1,1,0,0,-1,0,1
58558,72.8263734,19.14985069,11,3,1,1,6,00:19,161,E06000005,3,66,3,70,0,-1,-1,0,0,0,4,2,2,0,0,2,1,E01012366,29-07-2018,1,1,1,2,43,7,3,0,0,0,0,-1,9,1
58559,72.87027309,19.11243235,11,3,2,1,6,12:30,161,E06000005,4,6280,6,30,1,4,5,182,0,0,1,2,2,0,0,1,2,E01012319,29-07-2018,1,2,2,1,14,3,3,0,0,1,0,-1,9,1
58560,72.88750127,19.17502975,11,3,2,8,7,10:35,161,E06000005,3,167,6,60,3,4,6,0,0,0,1,2,2,3,0,2,1,E01012366,30-07-2018,2,3,1,1,33,6,3,0,0,0,0,-1,9,1
58561,72.86717374,19.11961321,11,3,2,1,1,09:09,161,E06000005,4,6275,6,60,3,4,4,6279,0,0,1,1,1,0,0,2,1,E01012334,31-07-2018,2,4,2,2,30,6,3,0,0,1,0,-1,9,1
58562,72.86019769,19.1575362,11,3,2,1,2,08:38,161,E06000005,3,1150,6,30,3,4,6,0,0,0,1,1,1,0,0,1,1,E01012366,01-08-2018,2,5,2,1,8,2,3,0,0,2,0,-1,9,1
58563,72.84347218,19.16192938,11,3,2,2,3,08:29,161,E06000005,5,88,1,30,1,4,6,0,0,0,1,1,1,0,0,1,1,E01012349,02-08-2018,2,6,2,1,2,1,3,0,0,2,0,-1,9,1
58564,72.9015364,19.05664235,11,2,3,3,3,18:08,161,E06000005,3,68,3,70,3,4,5,8040,0,0,1,1,1,0,0,2,1,E01012366,02-08-2018,1,1,2,1,16,4,3,0,0,1,0,-1,9,1
58565,72.89473979,19.12587098,11,2,1,1,4,10:00,161,E06000005,3,68,6,30,1,4,5,55,0,4,1,1,1,0,0,1,1,E01012313,03-08-2018,2,1,1,1,33,6,2,0,0,0,0,-1,5,1