Accident_Index,longitude,latitude,Police_Force,Accident_Severity,Number_of_Vehicles,Number_of_Casualties,Day_of_Week,Time,Local_Authority_(District),Local_Authority_(Highway),1st_Road_Class,1st_Road_Number,Road_Type,Speed_limit,Junction_Detail,Junction_Control,2nd_Road_Class,2nd_Road_Number,Pedestrian_Crossing-Human_Control,Pedestrian_Crossing-Physical_Facilities,Light_Conditions,Weather_Conditions,Road_Surface_Conditions,Special_Conditions_at_Site,Carriageway_Hazards,Urban_or_Rural_Area,Did_Police_Officer_Attend_Scene_of_Accident,LSOA_of_Accident_Location,Date,Vehicle_Reference,Casualty_Reference,Casualty_Class,Sex_of_Casualty,Age_of_Casualty,Age_Band_of_Casualty,Casualty_Severity,Pedestrian_Location,Pedestrian_Movement,Car_Passenger,Bus_or_Coach_Passenger,Pedestrian_Road_Maintenance_Worker,Casualty_Type,Casualty_Home_Area_Type
58566,72.84513163,19.1188996,11,3,1,1,4,18:30,161,E06000005,3,167,6,30,3,4,6,0,0,0,1,1,1,0,0,1,2,E01012354,03-08-2018,2,1,1,1,51,8,3,0,0,0,0,-1,9,1
58567,72.92639793,19.17646832,11,2,2,3,5,14:54,161,E06000005,4,6280,6,30,0,-1,-1,0,0,0,1,1,1,0,0,1,1,E01012306,04-08-2018,2,1,1,1,36,7,3,0,0,0,0,-1,9,1
58568,72.84413694,19.12103204,11,3,2,1,6,13:14,161,E06000005,6,0,6,30,0,-1,-1,0,0,0,1,1,1,0,0,1,1,E01012317,05-08-2018,2,2,2,2,34,6,3,0,0,1,0,-1,9,-1
58569,72.86896213,19.06722947,11,3,2,1,2,11:57,161,E06000005,6,0,6,30,3,4,6,0,0,0,1,1,1,0,0,1,2,E01012308,01-08-2018,1,1,3,1,27,6,3,10,9,0,0,-1,0,-1
58570,72.90562891,19.16765782,11,3,2,1,5,07:25,161,E06000005,5,55,6,30,3,4,6,0,0,0,1,1,1,0,0,1,1,E01012362,04-08-2018,2,1,1,1,50,8,3,0,0,0,0,-1,9,1
58571,72.828949,19.13726077,11,3,2,1,1,18:40,161,E06000005,3,67,6,30,0,-1,-1,0,0,0,1,1,1,0,0,1,1,E01012361,26-06-2018,2,1,1,2,44,7,3,0,0,0,0,-1,1,1
58572,72.88386803,19.16542632,11,3,2,2,2,12:45,161,E06000005,4,6280,6,30,3,4,6,0,0,0,1,1,1,0,0,1,1,E01012306,08-08-2018,1,1,3,1,11,3,3,5,1,0,0,-1,0,1
58573,72.90289989,19.13010207,11,3,3,2,3,22:28,161,E06000005,6,0,6,30,0,-1,-1,0,0,0,4,2,2,0,0,1,1,E01012314,09-08-2018,1,1,2,1,20,4,2,0,0,2,0,-1,9,-1
58574,72.86865402,19.12938711,11,3,1,1,2,11:15,161,E06000005,3,66,6,60,0,-1,-1,0,0,0,1,1,1,0,0,2,1,E01012338,08-08-2018,2,1,1,1,54,8,3,0,0,0,0,-1,1,-1
58575,72.86364689,19.20307191,11,2,3,4,2,10:37,161,E06000005,3,68,3,70,3,4,5,8040,0,0,1,1,1,0,0,2,1,E01012366,08-08-2018,1,1,3,1,37,7,3,10,9,0,0,-1,0,1
58576,72.85973529,19.05419251,11,3,2,1,4,16:07,161,E06000005,6,0,6,30,3,4,6,0,0,0,1,1,1,0,0,1,1,E01012308,10-08-2018,1,1,2,2,18,4,3,0,0,1,0,-1,9,-1
58577,72.85593824,19.06735542,11,3,2,1,7,17:15,161,E06000005,5,182,6,30,8,4,6,0,0,0,1,1,1,0,0,1,1,E01012342,13-08-2018,2,2,2,2,19,4,3,0,0,1,0,-1,9,-1
58578,72.84226166,19.15155933,11,3,1,1,6,13:55,161,E06000005,4,6280,6,30,3,4,6,0,0,4,1,1,1,0,0,1,1,E01012304,12-08-2018,2,1,1,2,46,8,3,0,0,0,0,-1,5,1
58579,72.89136542,19.19429345,11,3,2,1,1,01:40,161,E06000005,3,68,6,30,3,4,6,0,0,0,4,1,1,0,0,1,1,E01012311,14-08-2018,2,1,1,1,42,7,3,0,0,0,0,-1,9,1
58580,72.87860836,19.13217338,11,3,2,1,2,15:08,161,E06000005,3,167,1,30,1,4,4,6280,0,0,1,1,1,0,0,1,1,E01012308,15-08-2018,1,1,3,2,68,10,3,5,1,0,0,-1,0,1
58581,72.93726495,19.19701058,11,3,1,1,3,19:00,161,E06000005,6,0,6,30,0,-1,-1,0,0,0,1,1,1,0,0,1,2,E01012314,16-08-2018,2,1,1,1,35,6,3,0,0,0,0,-1,9,1
58582,72.92560075,19.1682121,11,3,1,1,4,13:15,161,E06000005,6,0,6,30,3,4,6,0,0,0,1,1,1,0,0,1,2,E01012318,17-08-2018,2,2,2,2,28,6,3,0,0,1,0,-1,9,1
58583,72.87515057,19.11196151,11,3,2,2,4,15:30,161,E06000005,6,0,6,30,3,4,6,0,0,0,1,1,1,0,0,1,1,E01012308,17-08-2018,2,2,1,1,29,6,3,0,0,0,0,-1,9,1
58584,72.8700404,19.12236298,11,3,2,1,6,20:45,161,E06000005,6,0,6,30,3,4,6,0,0,0,1,1,1,0,0,1,2,E01012354,19-08-2018,2,3,2,2,22,5,3,0,0,1,0,-1,9,-1
58585,72.87512321,19.14682811,11,3,2,1,7,13:20,161,E06000005,2,1,3,70,0,-1,-1,0,0,0,1,1,1,0,0,2,1,E01012334,20-08-2018,3,1,1,2,23,5,3,0,0,0,0,-1,9,1
58586,72.86545013,19.21027225,11,2,1,1,2,17:25,161,E06000005,6,0,6,30,3,4,6,0,0,8,1,1,1,0,0,1,1,E01012308,22-08-2018,1,1,3,1,21,5,3,5,3,0,0,-1,0,1
58587,72.92050271,19.08499228,11,2,1,1,4,12:15,161,E06000005,4,6279,6,30,0,-1,-1,0,0,0,1,1,1,0,0,1,1,E01012325,24-08-2018,1,1,1,1,40,7,2,0,0,0,0,-1,1,3
58588,72.91410325,19.20613646,11,3,2,1,4,12:15,161,E06000005,5,55,6,30,3,4,6,0,0,0,1,2,2,0,0,1,1,E01012363,24-08-2018,1,1,1,1,54,8,3,0,0,0,0,-1,9,1
58589,72.91175482,19.10050244,11,3,3,1,3,10:20,161,E06000005,3,167,3,30,1,4,4,6279,0,4,1,1,1,0,0,1,1,E01012308,23-08-2018,3,2,1,2,48,8,3,0,0,0,0,-1,9,-1
58590,72.84667079,19.18894157,11,3,1,2,5,13:00,161,E06000005,6,0,6,30,0,-1,-1,0,0,0,1,1,1,0,0,1,2,E01012308,25-08-2018,1,1,1,1,25,5,3,0,0,0,0,-1,9,1
58591,72.86891733,19.19102998,11,3,2,1,2,14:45,161,E06000005,6,0,1,30,2,4,6,0,0,0,1,1,1,0,0,1,1,E01012315,29-08-2018,1,1,3,1,50,8,3,4,1,0,0,-1,0,1
58592,72.85469521,19.13772141,11,3,1,1,3,21:40,161,E06000005,6,0,6,30,0,-1,-1,0,0,0,4,1,1,0,0,1,1,E01012305,30-08-2018,2,1,1,1,13,3,3,0,0,0,0,-1,1,-1
58593,72.83111937,19.12827361,11,3,2,2,2,15:22,161,E06000005,3,167,6,30,3,4,6,0,0,8,1,1,1,0,0,1,1,E01012350,29-08-2018,2,1,1,1,18,4,3,0,0,0,0,-1,1,1
58594,72.83870492,19.1782306,11,3,2,1,5,09:40,161,E06000005,3,66,1,60,1,4,3,67,0,0,1,1,1,0,0,2,1,E01012361,01-09-2018,1,1,1,1,42,7,3,0,0,0,0,-1,1,1
58595,72.85503579,19.19621663,11,3,2,1,5,13:28,161,E06000005,5,182,6,30,0,-1,-1,0,0,0,1,1,1,0,0,2,1,E01012342,01-09-2018,3,2,1,2,21,5,3,0,0,0,0,-1,9,1
58596,72.8427363,19.11777238,11,2,1,1,4,16:10,161,E06000005,5,55,6,30,0,-1,-1,0,0,0,1,1,1,0,0,1,1,E01012313,31-08-2018,1,1,1,2,23,5,2,0,0,0,0,-1,9,1
58597,72.88033292,19.07412563,11,3,1,1,7,16:15,161,E06000005,3,167,1,30,1,4,6,0,0,8,1,1,1,0,0,1,2,E01012308,03-09-2018,1,1,2,1,74,10,3,0,0,0,4,-1,11,1
58598,72.87811196,19.16818765,11,3,1,1,2,16:55,161,E06000005,6,0,2,30,3,4,6,0,0,0,1,1,1,0,0,1,2,E01012308,29-08-2018,2,1,1,2,46,8,3,0,0,0,0,-1,9,1
58599,72.90550278,19.06073718,11,3,2,1,3,16:26,161,E06000005,5,180,6,30,6,4,6,0,0,0,1,1,1,0,0,1,1,E01012306,06-09-2018,1,1,1,2,51,8,3,0,0,0,0,-1,9,-1
58600,72.85330236,19.06887782,11,3,2,2,6,07:10,161,E06000005,5,38,6,60,3,4,5,8034,0,0,1,2,2,0,0,2,1,E01012366,09-09-2018,2,2,1,1,24,5,3,0,0,0,0,-1,9,-1
58601,72.92732365,19.1746469,11,3,1,1,6,13:29,161,E06000005,4,6279,6,60,0,-1,-1,0,0,0,1,2,2,0,0,2,1,E01012334,09-09-2018,2,3,2,2,21,5,3,0,0,1,0,-1,9,-1
58602,72.90996631,19.1198175,11,3,2,1,6,20:55,161,E06000005,5,88,6,30,8,4,6,0,0,0,1,1,1,0,0,1,1,E01012323,15-07-2018,2,1,1,1,63,9,3,0,0,0,0,-1,1,1
58603,72.92591059,19.14753018,11,3,1,1,6,14:50,161,E06000005,6,0,6,30,0,-1,-1,0,0,0,1,1,1,0,0,1,2,E01012348,26-08-2018,1,1,3,2,4,1,2,4,4,0,0,-1,0,1
58604,72.85997671,19.09912292,11,3,1,1,7,14:05,161,E06000005,6,0,6,30,0,-1,-1,0,0,0,1,1,1,0,0,1,2,E01012336,03-09-2018,2,1,1,2,32,6,3,0,0,0,0,-1,9,-1
58605,72.88397797,19.18307403,11,3,1,1,6,23:28,161,E06000005,3,68,6,60,3,4,5,39,0,0,6,2,2,0,0,2,1,E01012334,09-09-2018,1,1,1,1,19,4,3,0,0,0,0,-1,9,1
58606,72.92141066,19.15611857,11,3,1,1,7,01:09,161,E06000005,5,55,6,30,3,4,6,0,0,0,4,2,2,0,0,1,1,E01012363,10-09-2018,1,3,2,1,14,3,3,0,0,1,0,-1,9,-1
58607,72.8415637,19.13665344,11,3,2,1,7,16:50,161,E06000005,6,0,6,30,3,4,6,0,0,0,1,1,1,0,0,1,1,E01012342,10-09-2018,2,2,1,2,53,8,3,0,0,0,0,-1,9,1
58608,72.88930195,19.10658671,11,3,2,1,1,21:36,161,E06000005,5,88,6,30,0,-1,-1,0,0,0,4,1,1,0,0,1,1,E01012349,11-09-2018,2,1,2,2,19,4,3,0,0,1,0,-1,9,1
58609,72.8314476,19.09635199,11,3,2,1,2,09:10,161,E06000005,6,0,6,30,0,-1,-1,0,0,0,1,1,1,0,0,1,2,E01012315,12-09-2018,1,1,1,1,42,7,3,0,0,0,0,-1,9,1
58610,72.86539,19.09933118,11,3,2,2,2,14:35,161,E06000005,5,182,6,30,3,4,6,0,0,0,1,1,1,0,0,2,1,E01012342,12-09-2018,1,2,2,1,20,4,3,0,0,2,0,-1,9,1
58611,72.91895121,19.20407687,11,3,2,5,2,09:32,161,E06000005,4,6280,6,30,3,4,6,0,0,0,1,1,1,0,0,1,1,E01012356,12-09-2018,2,3,2,2,42,7,3,0,0,2,4,-1,11,1
58612,72.92826687,19.06375784,11,3,2,2,5,07:15,161,E06000005,3,1150,6,30,3,2,6,0,0,5,1,2,2,0,0,1,1,E01012332,15-09-2018,1,1,1,2,41,7,3,0,0,0,0,-1,9,1
58613,72.90769939,19.10124108,11,3,1,1,5,19:20,161,E06000005,5,46,6,60,0,-1,-1,0,0,0,1,1,2,0,0,2,1,E01012366,15-09-2018,2,2,1,1,41,7,3,0,0,0,0,-1,9,1
58614,72.92482146,19.20937389,11,3,1,1,7,10:18,161,E06000005,6,0,6,30,3,4,6,0,0,0,1,1,1,0,0,1,1,E01012310,17-09-2018,1,1,3,1,12,3,3,5,4,0,0,-1,0,1
58615,72.84332506,19.10598144,11,3,1,1,1,02:51,161,E06000005,3,167,6,30,3,4,6,0,0,0,4,1,2,0,0,1,1,E01012354,18-09-2018,2,1,2,2,27,6,3,0,0,1,0,-1,9,1
58616,72.9242171,19.17219726,11,1,2,2,5,11:29,161,E06000005,5,39,6,60,0,-1,-1,0,0,0,1,1,1,0,0,2,1,E01012334,22-09-2018,2,1,1,1,27,6,3,0,0,0,0,-1,9,1
58617,72.85032387,19.07065945,11,3,1,1,6,15:45,161,E06000005,3,1150,6,30,3,2,6,0,0,4,1,1,1,0,0,1,1,E01012332,23-09-2018,1,1,1,1,15,3,3,0,0,0,0,-1,9,-1
58618,72.93279464,19.16904711,11,3,2,2,4,09:30,161,E06000005,3,68,6,60,8,4,6,0,0,0,1,1,1,0,0,2,1,E01012334,21-09-2018,1,1,1,2,22,5,2,0,0,0,0,-1,9,-1
58619,72.87630119,19.0801407,11,3,2,1,5,12:45,161,E06000005,3,68,1,70,1,4,2,1,0,0,1,1,1,0,0,2,2,E01012366,29-09-2018,2,2,1,1,19,4,3,0,0,0,0,-1,9,1
58620,72.92160118,19.11114325,11,3,2,1,3,21:45,161,E06000005,6,0,1,30,2,4,6,0,0,0,4,2,2,0,0,1,1,E01012316,11-10-2018,2,1,1,2,40,7,3,0,0,0,0,-1,9,1
58621,72.87358801,19.12285421,11,3,2,2,3,15:20,161,E06000005,6,0,6,30,3,4,6,0,0,0,1,1,1,0,0,1,1,E01012316,11-10-2018,1,1,1,1,41,7,3,0,0,0,0,-1,9,1
58622,72.93395189,19.09311734,11,3,2,1,5,09:46,161,E06000005,3,67,6,60,1,4,5,52,0,0,1,1,2,0,0,2,2,E01012345,15-09-2018,2,1,1,1,33,6,3,0,0,0,0,-1,9,2
58623,72.83234235,19.09138066,11,2,2,1,5,07:35,161,E06000005,6,0,6,30,3,4,6,0,0,0,1,1,1,0,0,1,2,E01012362,06-10-2018,1,1,3,1,25,5,3,4,9,0,0,-1,0,1
58624,72.9172068,19.20279983,11,3,1,1,7,15:59,161,E06000005,3,68,6,60,0,-1,-1,0,0,0,1,1,1,0,0,2,1,E01012334,15-10-2018,1,1,1,1,46,8,3,0,0,0,0,-1,9,1
58625,72.83196694,19.1494069,11,3,1,2,7,12:06,161,E06000005,5,55,6,30,3,4,6,0,0,0,1,1,1,0,0,1,2,E01012313,15-10-2018,1,1,3,2,36,7,3,10,9,0,0,-1,0,1
58626,72.87034863,19.13595542,11,3,1,1,5,21:30,161,E06000005,3,68,6,30,0,-1,-1,0,0,0,4,1,1,0,2,1,1,E01012316,13-10-2018,2,1,1,2,41,7,3,0,0,0,0,-1,9,1
58627,72.86866268,19.07037964,11,3,2,1,2,07:46,161,E06000005,3,167,6,30,0,-1,-1,0,0,0,1,1,1,0,0,1,1,E01012322,10-10-2018,2,2,2,2,20,4,3,0,0,1,0,-1,9,1
58628,72.83146373,19.16344781,11,2,1,1,4,11:55,161,E06000005,3,68,6,30,0,-1,-1,0,0,8,1,1,1,0,0,1,1,E01012313,19-10-2018,1,1,2,1,12,3,3,0,0,0,3,-1,11,1
58629,72.8690507,19.08706832,11,3,2,3,6,00:16,161,E06000005,3,167,6,30,3,2,6,0,0,5,4,1,1,0,0,1,1,E01012354,14-10-2018,2,1,1,1,51,8,3,0,0,0,0,-1,9,1
58630,72.87388138,19.195104,11,3,2,1,6,13:15,161,E06000005,5,88,6,30,3,4,6,0,0,0,1,1,1,0,0,1,1,E01012352,14-10-2018,1,1,3,1,4,1,3,5,3,0,0,-1,0,1
58631,72.84381463,19.16375174,11,3,1,1,6,10:25,161,E06000005,2,1,3,70,0,-1,-1,0,0,0,1,1,1,0,0,2,1,E01012320,14-10-2018,1,1,1,2,47,8,3,0,0,0,0,-1,9,1
58632,72.8835466,19.13696864,11,3,2,1,4,09:20,161,E06000005,6,0,1,30,1,4,6,0,0,0,1,2,2,0,0,1,2,E01012316,19-10-2018,2,1,1,2,35,6,3,0,0,0,0,-1,9,1
58633,72.9329523,19.13862163,11,3,2,1,5,17:20,161,E06000005,3,167,6,60,3,4,6,0,0,8,1,1,1,0,0,2,1,E01012366,27-10-2018,2,1,1,2,45,7,3,0,0,0,0,-1,9,1
58634,72.89895679,19.07660045,11,3,1,2,5,07:47,161,E06000005,5,46,6,60,0,-1,-1,0,0,0,1,1,2,0,0,2,1,E01012366,27-10-2018,2,1,2,2,14,3,3,0,0,1,0,-1,9,1
58635,72.88043981,19.18325763,11,3,1,1,5,17:34,161,E06000005,6,0,6,30,0,-1,-1,0,0,0,1,1,2,0,0,1,1,E01012312,20-10-2018,2,2,2,2,15,3,3,0,0,2,0,-1,9,1
58636,72.82921847,19.09428703,11,3,2,1,5,14:40,161,E06000005,2,1,3,70,0,-1,-1,0,0,0,1,1,1,0,0,2,1,E01012366,27-10-2018,2,3,2,1,16,4,3,0,0,2,0,-1,9,1
58637,72.82869855,19.14991833,11,3,2,1,3,11:16,161,E06000005,3,167,6,60,0,-1,-1,0,0,0,1,2,2,0,0,2,1,E01012366,25-10-2018,2,4,2,1,16,4,3,0,0,2,0,-1,9,1
58638,72.93762002,19.16938481,11,3,2,3,6,14:49,161,E06000005,6,0,1,30,2,4,6,0,0,0,1,1,2,0,0,1,1,E01012315,28-10-2018,3,5,2,2,65,9,3,0,0,2,0,-1,9,1
58639,72.84101075,19.11973359,11,3,4,6,1,12:55,161,E06000005,3,167,6,30,0,-1,-1,0,0,0,1,1,2,0,0,1,1,E01012354,30-10-2018,3,6,1,2,36,7,3,0,0,0,0,-1,9,1
58640,72.83126753,19.11953477,11,3,1,1,7,23:30,161,E06000005,6,0,6,30,3,4,5,52,0,0,4,1,1,0,0,2,1,E01012345,29-10-2018,1,1,1,2,50,8,3,0,0,0,0,-1,9,1
58641,72.83363526,19.13191871,11,3,1,1,3,07:50,161,E06000005,4,6279,6,30,3,4,6,0,0,1,1,1,2,0,0,1,1,E01012342,25-10-2018,2,1,1,2,23,5,3,0,0,0,0,-1,9,1
58642,72.834175,19.14389469,11,2,2,3,4,07:48,161,E06000005,3,167,6,60,3,4,6,0,0,8,1,1,2,0,0,2,1,E01012366,02-11-2018,1,1,3,2,45,7,3,5,1,0,0,-1,0,-1
58643,72.928982,19.0570175,11,2,1,1,2,17:50,161,E06000005,5,180,6,30,0,-1,-1,0,0,0,4,1,2,0,0,1,1,E01012317,31-10-2018,1,1,1,2,41,7,2,0,0,0,0,-1,9,1
58644,72.89128883,19.10571822,11,3,2,2,5,14:40,161,E06000005,4,6280,6,30,3,4,6,0,0,0,1,2,2,0,0,1,1,E01012319,03-11-2018,1,1,1,2,78,11,3,0,0,0,0,-1,9,1
58645,72.87009898,19.09024863,11,3,1,1,4,20:46,161,E06000005,3,167,6,60,0,-1,-1,0,0,0,4,1,2,0,0,2,1,E01012366,02-11-2018,3,2,1,1,48,8,3,0,0,0,0,-1,9,1
58646,72.93621355,19.12515693,11,3,1,1,2,18:28,161,E06000005,5,38,6,60,0,-1,-1,0,0,0,6,1,1,0,0,2,1,E01012338,07-11-2018,2,1,1,2,29,6,3,0,0,0,0,-1,9,1
58647,72.92894344,19.12112046,11,3,2,1,2,17:45,161,E06000005,4,6280,6,30,1,4,3,167,0,0,4,4,1,0,0,1,2,E01012308,07-11-2018,1,1,1,1,41,7,3,0,0,0,0,-1,9,1
58648,72.90411064,19.19256348,11,3,1,1,2,08:20,161,E06000005,6,0,2,30,6,4,6,0,0,0,1,1,2,4,0,1,2,E01012308,07-11-2018,2,2,1,2,38,7,3,0,0,0,0,-1,9,1
58649,72.87603875,19.19918328,11,3,2,1,4,06:28,161,E06000005,3,68,6,30,0,-1,-1,0,0,0,4,1,2,0,0,1,1,E01012355,09-11-2018,1,1,1,1,17,4,3,0,0,0,0,-1,3,1
58650,72.84138695,19.20423334,11,3,2,1,4,15:29,161,E06000005,5,37,6,60,0,-1,-1,0,0,0,1,1,1,0,0,2,2,E01012366,28-09-2018,2,2,1,2,27,6,3,0,0,0,0,-1,9,1
58651,72.92175652,19.19594748,11,2,2,3,7,15:45,161,E06000005,3,167,3,70,0,-1,-1,0,0,0,1,1,2,0,0,2,1,E01012366,19-11-2018,1,1,1,1,42,7,2,0,0,0,0,-1,9,3
58652,72.83595886,19.10607492,11,3,3,1,7,15:05,161,E06000005,3,66,3,70,0,-1,-1,0,0,0,1,1,4,0,0,2,1,E01012366,19-11-2018,2,2,1,1,39,7,3,0,0,0,0,-1,9,1
58653,72.88849336,19.08071001,11,3,4,1,4,18:25,161,E06000005,5,38,6,60,0,-1,-1,0,0,0,6,1,1,0,0,2,1,E01012366,16-11-2018,2,1,1,1,51,8,3,0,0,0,0,-1,9,1
58654,72.8673728,19.0667993,11,3,3,2,4,17:07,161,E06000005,3,66,6,60,0,-1,-1,0,0,0,6,1,2,0,0,2,1,E01012366,16-11-2018,1,1,3,1,16,4,2,5,2,0,0,-1,0,-1
58655,72.88213526,19.17363594,11,3,2,1,4,07:00,161,E06000005,5,182,6,30,3,4,6,0,0,0,4,1,2,0,0,2,1,E01012327,16-11-2018,2,1,1,1,20,4,3,0,0,0,0,-1,9,1
58656,72.84821045,19.08214791,11,3,2,1,1,14:20,161,E06000005,3,167,6,30,1,4,3,68,0,0,1,1,2,0,0,1,2,E01012308,20-11-2018,1,1,3,2,18,4,3,8,1,0,0,-1,0,-1
58657,72.84814515,19.09853163,11,3,3,1,2,14:00,161,E06000005,3,66,1,30,1,4,3,67,0,0,1,1,1,0,0,2,2,E01012361,21-11-2018,1,1,1,1,17,4,2,0,0,0,0,-1,3,-1
58658,72.8938192,19.11679903,11,3,2,1,7,14:18,161,E06000005,5,38,6,60,3,4,5,46,0,0,1,1,2,0,0,2,1,E01012366,19-11-2018,2,1,1,2,45,7,3,0,0,0,0,-1,9,1
58659,72.87661131,19.1236695,11,3,2,1,5,11:10,161,E06000005,3,68,1,30,1,4,6,0,0,0,1,1,1,0,0,1,2,E01012308,10-11-2018,2,2,2,2,6,2,3,0,0,1,0,-1,9,1
58660,72.91285373,19.14882977,11,3,2,1,5,17:25,161,E06000005,3,1150,6,30,0,-1,-1,0,0,0,4,4,1,0,0,1,1,E01012325,24-11-2018,3,3,2,2,49,8,3,0,0,2,0,-1,9,1
58661,72.88802015,19.18864886,11,3,2,1,5,11:40,161,E06000005,6,0,6,30,3,4,5,55,0,0,1,1,1,0,0,1,1,E01012363,10-11-2018,2,1,1,2,74,10,3,0,0,0,0,-1,1,1
58662,72.93436575,19.063396,11,3,1,1,3,13:15,161,E06000005,6,0,6,30,0,-1,-1,0,0,1,1,1,2,0,0,1,2,E01012308,22-11-2018,1,1,1,1,35,6,3,0,0,0,0,-1,9,-1
58663,72.92962271,19.07240157,11,2,1,1,6,17:40,161,E06000005,3,167,3,30,3,4,6,0,0,0,4,1,2,0,0,1,1,E01012356,25-11-2018,1,1,2,1,28,6,3,0,0,1,0,-1,9,1
58664,72.84059679,19.13960969,11,3,2,1,3,15:20,161,E06000005,6,0,6,30,3,4,6,0,0,0,1,1,1,0,0,1,2,E01012316,29-11-2018,2,1,1,2,51,8,3,0,0,0,0,-1,9,1
58665,72.84015095,19.14209045,11,2,1,1,6,10:40,161,E06000005,6,0,6,30,3,4,3,167,0,0,1,2,2,0,0,1,1,E01012350,02-12-2018,2,1,1,1,43,7,3,0,0,0,0,-1,9,1
58666,72.90203874,19.1817325,11,3,2,1,1,16:45,161,E06000005,5,180,6,30,0,-1,-1,0,0,0,4,2,2,0,0,1,2,E01012357,20-11-2018,2,2,2,2,45,7,3,0,0,2,0,-1,9,1
58667,72.83869044,19.18108495,11,3,2,1,5,14:00,161,E06000005,3,167,6,30,3,2,6,0,0,5,1,1,1,0,0,1,2,E01012354,10-11-2018,2,1,1,1,37,7,3,0,0,0,0,-1,9,1
58668,72.90742652,19.06698221,11,3,2,1,7,11:30,161,E06000005,6,0,6,30,3,4,6,0,0,1,1,2,2,0,0,1,2,E01012356,03-12-2018,2,2,2,1,46,8,3,0,0,1,0,-1,9,1
58669,72.87278244,19.13536861,11,1,4,2,1,04:08,161,E06000005,4,6280,6,30,3,4,6,0,0,8,4,1,2,0,0,1,1,E01012319,18-12-2018,2,1,1,1,26,6,3,0,0,0,0,-1,1,1
58670,72.83916724,19.08471832,11,2,2,1,2,21:50,161,E06000005,6,0,6,30,0,-1,-1,0,0,1,4,1,2,0,0,2,1,E01012320,12-12-2018,2,1,2,2,21,5,3,0,0,1,0,-1,9,1
58671,72.93045653,19.10813755,11,3,2,1,3,10:50,161,E06000005,3,68,3,70,0,-1,-1,0,0,0,1,3,2,0,0,2,1,E01012334,27-12-2018,2,2,1,2,22,5,3,0,0,0,0,-1,9,1
58672,72.8663237,19.08554648,11,3,2,1,6,11:15,161,E06000005,3,66,6,60,0,-1,-1,0,0,0,1,3,3,0,0,2,1,E01012338,30-12-2018,2,1,1,1,19,4,3,0,0,0,0,-1,9,-1
58673,72.87403813,19.09311228,11,3,2,4,4,16:45,161,E06000005,4,6279,6,30,0,-1,-1,0,0,0,4,1,2,5,0,1,1,E01012308,14-12-2018,2,1,1,2,40,7,3,0,0,0,0,-1,9,1
58674,72.90935056,19.12212078,11,3,2,1,3,08:05,161,E06000005,3,68,3,70,3,4,5,8040,0,0,1,1,2,0,0,2,1,E01012366,13-12-2018,1,1,2,2,44,7,3,0,0,1,0,-1,9,1
58675,72.85546895,19.17835328,11,3,2,2,5,20:38,161,E06000005,3,167,6,30,3,2,5,88,0,5,4,1,2,0,0,1,1,E01012349,08-12-2018,1,1,1,1,18,4,3,0,0,0,0,-1,1,1
58676,72.91810877,19.12347456,11,3,2,5,5,21:05,161,E06000005,6,0,1,30,1,4,6,0,0,0,4,1,2,0,0,1,1,E01012364,08-12-2018,3,1,1,1,45,7,3,0,0,0,0,-1,9,3
58677,72.90093841,19.16391041,11,3,2,1,7,09:00,161,E06000005,3,167,6,30,3,4,5,88,0,5,1,1,1,0,0,1,1,E01012349,17-12-2018,2,1,1,2,26,6,3,0,0,0,0,-1,9,1
58678,72.84179858,19.20603255,11,3,1,2,7,13:30,161,E06000005,3,167,6,30,3,4,5,8040,0,4,1,1,1,0,0,1,2,E01012322,10-12-2018,2,1,2,1,37,7,3,0,0,1,0,-1,9,-1
58679,72.93132946,19.07758387,11,3,2,1,2,19:35,161,E06000005,4,6280,6,30,3,4,6,0,0,0,4,1,2,0,0,1,1,E01012361,12-12-2018,1,2,2,2,76,11,3,0,0,1,0,-1,9,1
58680,72.93655628,19.15872024,11,3,2,1,2,21:42,161,E06000005,6,0,6,30,3,4,5,55,0,0,4,1,2,0,0,1,1,E01012311,05-12-2018,2,1,2,2,20,4,3,0,0,2,0,-1,9,1
58681,72.93370235,19.14007973,11,3,1,3,1,13:00,161,E06000005,5,46,6,60,0,-1,-1,0,0,0,1,1,2,0,0,2,1,E01012366,11-12-2018,2,1,1,1,35,6,3,0,0,0,0,-1,9,1
58682,72.90676114,19.18793459,11,3,1,1,5,16:00,161,E06000005,4,6280,6,30,0,-1,-1,0,0,0,1,1,2,0,0,1,1,E01012337,08-12-2018,2,1,1,2,61,9,3,0,0,0,0,-1,9,1
58683,72.9023048,19.11945772,11,3,2,1,2,09:00,161,E06000005,4,6280,6,30,3,4,6,0,0,0,1,5,4,0,0,1,1,E01012319,12-12-2018,1,1,2,2,60,9,3,0,0,0,3,-1,11,-1
58684,72.90580919,19.14441918,11,3,3,1,6,12:10,161,E06000005,3,167,6,60,8,4,6,0,0,0,1,1,1,0,0,2,1,E01012361,16-12-2018,1,1,1,2,18,4,3,0,0,0,0,-1,9,1