Accident_Index,longitude,latitude,Police_Force,Accident_Severity,Number_of_Vehicles,Number_of_Casualties,Day_of_Week,Time,Local_Authority_(District),Local_Authority_(Highway),1st_Road_Class,1st_Road_Number,Road_Type,Speed_limit,Junction_Detail,Junction_Control,2nd_Road_Class,2nd_Road_Number,Pedestrian_Crossing-Human_Control,Pedestrian_Crossing-Physical_Facilities,Light_Conditions,Weather_Conditions,Road_Surface_Conditions,Special_Conditions_at_Site,Carriageway_Hazards,Urban_or_Rural_Area,Did_Police_Officer_Attend_Scene_of_Accident,LSOA_of_Accident_Location,Date,Vehicle_Reference,Casualty_Reference,Casualty_Class,Sex_of_Casualty,Age_of_Casualty,Age_Band_of_Casualty,Casualty_Severity,Pedestrian_Location,Pedestrian_Movement,Car_Passenger,Bus_or_Coach_Passenger,Pedestrian_Road_Maintenance_Worker,Casualty_Type,Casualty_Home_Area_Type
58685,72.90207048,19.07602826,11,3,1,1,5,13:50,161,E06000005,5,180,6,30,6,4,6,0,0,0,1,1,1,0,0,1,1,E01012319,15-12-2018,1,1,3,1,42,7,3,1,1,0,0,-1,0,1
58686,72.92388379,19.10452189,11,3,1,1,5,16:58,161,E06000005,6,0,6,30,6,4,6,0,0,0,4,1,1,0,0,1,1,E01012308,15-12-2018,2,1,1,1,44,7,3,0,0,0,0,-1,9,1
58687,72.84931932,19.15253456,11,3,1,1,7,11:50,161,E06000005,3,167,6,30,8,4,6,0,0,4,1,1,2,0,0,1,2,E01012354,10-12-2018,1,1,3,1,13,3,3,5,1,0,0,-1,0,-1
58688,72.93367219,19.12407358,11,3,2,1,2,23:25,161,E06000005,5,8038,6,30,3,4,6,0,0,0,1,2,2,0,0,1,1,E01012317,26-12-2018,1,1,3,2,33,6,3,4,3,0,0,-1,0,1
58689,72.8359509,19.10758773,11,3,2,2,5,20:05,161,E06000005,6,0,6,30,3,4,6,0,0,0,4,1,2,0,0,1,1,E01012320,22-12-2018,2,1,1,1,46,8,3,0,0,0,0,-1,9,1
58690,72.89817163,19.18843289,12,3,2,1,7,09:45,189,E06000014,6,0,6,30,3,4,-1,-1,0,0,1,1,1,0,0,1,-1,E01013345,01-01-2018,2,1,1,1,25,5,3,0,0,0,0,-1,1,-1
58691,72.90292647,19.19261767,12,3,3,1,7,13:55,186,E10000023,6,0,6,30,0,-1,-1,0,0,0,1,1,2,0,0,1,-1,E01027804,01-01-2018,2,1,1,1,33,6,3,0,0,0,0,-1,9,1
58692,72.90168664,19.15878596,12,3,2,1,7,15:55,180,E10000023,6,0,6,30,3,4,3,6068,0,1,4,5,2,0,0,1,-1,E01027564,01-01-2018,1,2,1,2,23,5,3,0,0,0,0,-1,9,1
58693,72.90424865,19.15502565,12,3,1,1,7,22:45,180,E10000023,3,629,6,60,0,-1,-1,0,0,0,7,5,2,0,0,2,-1,E01027555,01-01-2018,2,1,1,1,47,8,3,0,0,0,0,-1,9,-1
58694,72.84439776,19.10843646,12,3,1,3,7,23:19,180,E10000023,6,0,6,30,0,-1,-1,0,0,0,4,5,2,0,0,2,-1,E01027581,01-01-2018,1,1,1,1,27,6,1,0,0,0,0,-1,9,-1
58695,72.87866211,19.10053704,12,3,2,1,1,14:59,187,E10000023,3,63,3,60,3,4,6,0,0,0,1,9,1,0,0,2,-1,E01027896,02-01-2018,1,2,2,1,27,6,3,0,0,1,0,-1,9,1
58696,72.82908528,19.20928432,12,3,2,3,1,16:15,182,E10000023,3,1,3,70,0,-1,-1,0,0,0,1,1,1,0,0,2,-1,E01027736,02-01-2018,1,1,3,2,77,11,2,5,3,0,0,-1,0,1
58697,72.87221361,19.1285332,12,3,1,1,1,17:36,182,E10000023,6,0,6,30,3,4,6,0,0,0,1,2,2,0,0,1,1,E01027738,02-01-2018,1,1,1,1,26,6,3,0,0,0,0,-1,9,1
58698,72.87399856,19.08405676,12,3,2,3,1,19:16,181,E10000023,3,1,3,70,5,4,3,1,0,0,1,1,2,0,0,2,1,E01027603,02-01-2018,1,3,2,1,3,1,3,0,0,1,0,-1,9,1
58699,72.90976112,19.15386302,12,2,3,1,1,22:38,182,E10000023,3,6055,6,30,0,-1,-1,0,0,0,4,1,2,0,0,1,-1,E01027669,02-01-2018,2,2,1,1,42,7,3,0,0,0,0,-1,19,2
58700,72.83851529,19.09167581,12,2,2,1,2,13:15,184,E10000023,2,66,3,70,0,-1,-1,0,0,0,1,1,1,0,0,2,1,E01027743,03-01-2018,2,1,1,2,55,8,3,0,0,0,0,-1,9,1
58701,72.92641635,19.16670942,12,3,3,3,3,05:16,180,E10000023,3,59,6,60,0,-1,-1,0,0,0,6,4,1,0,0,2,1,E01027557,04-01-2018,1,2,1,1,36,7,3,0,0,0,0,-1,9,1
58702,72.89672892,19.12329738,12,3,2,1,3,07:10,186,E10000023,6,0,1,30,1,4,6,0,0,0,1,1,1,0,0,1,-1,E01027851,04-01-2018,2,1,1,2,43,7,3,0,0,0,0,-1,9,1
58703,72.91027583,19.17493606,12,3,2,1,3,08:37,186,E10000023,3,165,6,30,3,4,6,0,0,0,1,1,1,0,0,1,-1,E01027852,04-01-2018,1,1,3,2,7,2,3,10,9,0,0,-1,0,-1
58704,72.90273387,19.09523999,12,2,3,2,3,10:09,180,E10000023,3,65,6,60,0,-1,-1,0,0,0,1,5,2,0,2,2,1,E01027568,04-01-2018,1,1,1,2,63,9,3,0,0,0,0,-1,9,1
58705,72.90967806,19.0838375,12,3,2,2,3,12:00,181,E10000023,3,167,6,40,0,4,-1,0,0,0,1,1,1,0,0,1,1,E01027611,04-01-2018,1,3,2,1,72,10,3,0,0,1,0,-1,9,1
58706,72.84651817,19.10417551,12,3,2,2,3,17:46,187,E10000023,6,0,6,30,1,4,6,0,0,0,4,4,1,0,0,1,-1,E01027908,04-01-2018,2,2,1,2,48,8,3,0,0,0,0,-1,9,2
58707,72.88044211,19.20445941,12,2,3,2,4,06:15,182,E10000023,3,59,6,60,0,-1,-1,0,0,0,6,1,1,0,0,2,-1,E01027695,05-01-2018,2,1,1,1,21,5,3,0,0,0,0,-1,9,1
58708,72.83251991,19.1422343,12,3,2,1,4,07:31,189,E06000014,6,0,6,30,7,2,6,0,0,0,1,1,1,0,0,1,-1,E01013368,05-01-2018,1,1,3,1,61,9,3,1,1,0,0,-1,0,1
58709,72.88012291,19.16977655,12,3,2,2,4,08:47,186,E10000023,6,0,6,40,3,4,6,0,0,0,1,1,1,0,0,1,-1,E01027859,05-01-2018,2,1,1,1,14,3,2,0,0,0,0,-1,1,1
58710,72.8319618,19.18592032,12,3,2,1,4,09:53,189,E06000014,6,0,1,40,1,4,6,0,0,0,1,1,1,0,0,2,-1,E01013404,05-01-2018,1,1,3,1,20,4,3,5,1,0,0,-1,0,-1
58711,72.86496003,19.11203954,12,3,3,1,4,10:31,184,E10000023,3,6108,6,30,3,4,6,0,0,0,1,1,2,0,0,2,1,E01027760,05-01-2018,1,1,3,2,54,8,3,5,3,0,0,-1,0,1
58712,72.85777504,19.21018618,12,3,1,1,4,12:59,182,E10000023,6,0,6,30,3,4,6,0,0,0,1,5,2,0,0,1,1,E01027678,05-01-2018,1,1,3,2,82,11,3,5,1,0,0,-1,0,1
58713,72.92220652,19.11715847,12,3,2,1,4,14:17,189,E06000014,3,19,6,30,0,2,-1,0,0,0,1,1,1,4,0,1,-1,E01013364,05-01-2018,2,1,1,2,31,6,3,0,0,0,0,-1,9,1
58714,72.90004631,19.1452316,12,2,2,1,4,14:24,189,E06000014,3,1237,1,60,1,4,6,0,0,0,1,4,1,0,0,2,1,E01013422,05-01-2018,2,1,1,1,26,6,3,0,0,0,0,-1,9,1
58715,72.92978565,19.16159074,12,3,2,1,4,14:37,182,E10000023,3,59,6,60,0,-1,-1,0,0,0,1,5,2,0,0,2,-1,E01027664,05-01-2018,2,1,2,2,17,4,3,0,0,1,0,-1,9,1
58716,72.86971925,19.11355795,12,3,1,1,4,16:59,182,E10000023,4,1,6,30,0,4,-1,0,0,0,1,2,2,0,0,1,-1,E01027656,05-01-2018,2,1,1,2,56,9,3,0,0,0,0,-1,9,1
58717,72.83043191,19.12649006,12,3,1,1,4,22:13,189,E06000014,3,64,3,70,0,-1,-1,0,0,0,6,1,2,0,0,2,-1,E01013423,05-01-2018,2,2,2,2,61,9,3,0,0,1,0,-1,9,-1
58718,72.92207159,19.13673704,12,3,1,1,4,23:07,184,E10000023,6,0,6,30,3,4,6,0,0,0,6,1,2,0,0,2,-1,E01027771,05-01-2018,1,1,3,1,49,8,2,5,1,0,0,-1,0,-1
58719,72.86791339,19.11034084,12,3,1,1,4,23:04,182,E10000023,3,1,3,70,0,-1,-1,0,0,0,6,1,1,0,0,2,-1,E01027736,05-01-2018,1,1,1,1,52,8,2,0,0,0,0,-1,5,-1
58720,72.92351061,19.18992805,12,3,2,1,5,07:55,187,E10000023,4,1222,6,60,0,-1,-1,0,0,0,1,2,2,0,0,2,1,E01027886,06-01-2018,1,1,3,2,29,6,3,5,4,0,0,-1,0,-1
58721,72.83212942,19.17689751,12,3,2,1,5,09:53,189,E06000014,6,0,1,30,1,4,6,0,0,0,1,1,2,0,0,1,-1,E01013380,06-01-2018,1,1,2,1,10,2,3,0,0,2,0,-1,9,-1
58722,72.87191682,19.14716645,12,3,2,1,5,10:57,181,E10000023,6,0,6,60,0,4,-1,0,0,0,1,1,1,0,0,2,-1,E01027636,06-01-2018,1,2,2,2,10,2,3,0,0,2,0,-1,9,-1
58723,72.83467096,19.07846145,12,3,1,1,5,12:21,182,E10000023,3,658,6,60,0,-1,-1,0,0,0,1,1,2,0,0,2,-1,E01027734,06-01-2018,1,3,2,1,14,3,3,0,0,1,0,-1,9,1
58724,72.90094718,19.11570452,12,3,2,1,5,15:07,181,E10000023,3,168,6,60,0,-1,-1,0,0,0,1,5,2,0,0,2,1,E01027607,06-01-2018,1,1,3,1,45,7,3,10,3,0,0,-1,0,1
58725,72.86449639,19.09583149,12,3,2,1,5,18:47,181,E10000023,6,0,6,60,8,4,-1,-1,0,0,6,1,1,0,0,2,1,E01027593,06-01-2018,2,1,1,1,38,7,3,0,0,0,0,-1,9,1
58726,72.8932766,19.16301279,12,3,2,1,5,20:45,189,E06000014,6,0,2,30,3,4,-1,-1,0,0,1,5,2,0,0,1,-1,E01013371,06-01-2018,1,1,1,1,48,8,3,0,0,0,0,-1,9,1
58727,72.92303714,19.1850807,12,3,1,1,5,21:06,181,E10000023,6,0,6,40,0,-1,-1,0,0,0,6,1,1,0,0,2,-1,E01027634,06-01-2018,2,2,1,2,34,6,3,0,0,0,0,-1,9,1
58728,72.89312908,19.14031819,12,3,2,1,6,11:08,181,E10000023,3,19,3,70,0,-1,-1,0,0,0,1,5,2,0,0,2,-1,E01027637,07-01-2018,1,2,1,1,24,5,3,0,0,0,0,-1,9,1
58729,72.92294157,19.08038683,12,3,2,1,6,14:34,185,E10000023,6,0,6,60,3,4,6,0,0,0,1,1,2,0,0,2,-1,E01027797,07-01-2018,2,1,1,2,56,9,3,0,0,0,0,-1,9,1
58730,72.87098233,19.06173013,12,3,2,3,6,16:08,180,E10000023,3,59,6,60,3,4,6,0,0,0,6,5,2,0,0,2,1,E01027557,07-01-2018,2,1,1,2,73,10,3,0,0,0,0,-1,9,1
58731,72.91959854,19.17614797,12,3,1,1,6,17:17,187,E10000023,3,19,1,30,2,4,6,0,0,0,4,1,2,0,2,1,-1,E01027911,07-01-2018,2,1,1,2,20,4,3,0,0,0,0,-1,1,-1
58732,72.87834463,19.13723406,12,3,1,1,6,21:05,182,E10000023,4,6451,6,60,3,4,6,0,0,0,6,4,2,0,0,2,-1,E01027734,07-01-2018,3,1,1,2,34,6,3,0,0,0,0,-1,9,1
58733,72.8288246,19.16196702,12,3,1,1,7,04:40,181,E10000023,3,1,3,70,0,-1,-1,0,0,0,6,4,2,0,0,2,1,E01027593,08-01-2018,2,1,1,1,40,7,3,0,0,0,0,-1,4,1
58734,72.87940962,19.06179524,12,3,1,1,7,07:04,182,E10000023,4,6165,6,60,0,-1,-1,0,0,0,6,5,2,0,2,2,-1,E01027646,08-01-2018,2,1,1,2,65,9,3,0,0,0,0,-1,9,1
58735,72.84822025,19.12987578,12,3,1,1,7,07:05,182,E10000023,3,1,3,70,0,-1,-1,0,0,0,6,5,2,0,0,2,-1,E01027647,08-01-2018,2,1,1,1,9,2,3,0,0,0,0,-1,1,1
58736,72.84188068,19.07913802,12,3,1,1,7,08:29,181,E10000023,3,19,3,70,6,4,6,0,0,0,1,5,2,0,0,2,1,E01027637,08-01-2018,1,1,3,1,47,8,2,6,9,0,0,-1,0,1
58737,72.85140293,19.15365942,12,3,1,2,7,08:30,181,E10000023,3,19,3,70,0,-1,-1,0,0,0,1,5,2,0,0,2,-1,E01027637,08-01-2018,1,1,3,2,14,3,3,9,9,0,0,-1,0,-1
58738,72.92198937,19.20843621,12,3,4,2,7,12:45,182,E10000023,2,1,3,50,0,0,-1,0,0,0,1,4,1,4,1,2,-1,E01027703,08-01-2018,1,1,2,2,18,4,3,0,0,1,0,-1,9,-1
58739,72.93564447,19.05436468,12,3,2,1,7,12:55,181,E10000023,4,6271,6,60,3,4,-1,-1,0,0,1,4,2,0,0,2,-1,E01027604,08-01-2018,2,1,2,2,23,5,3,0,0,1,0,-1,9,-1
58740,72.86429572,19.16267583,12,3,2,1,7,14:09,181,E10000023,3,1,3,70,0,-1,-1,0,0,0,6,4,1,0,0,2,-1,E01027589,08-01-2018,1,1,3,1,17,4,3,5,1,0,0,-1,0,1
58741,72.88197459,19.09005532,12,3,2,3,1,00:43,189,E06000014,3,1237,6,60,0,-1,-1,0,0,0,4,2,2,0,0,2,-1,E01013421,09-01-2018,2,1,2,2,25,5,3,0,0,1,0,-1,9,-1
58742,72.87825148,19.18938857,12,3,1,1,1,15:29,189,E06000014,6,0,3,30,0,-1,-1,0,0,0,1,4,2,0,0,1,-1,E01013378,09-01-2018,3,2,2,2,12,3,3,0,0,1,0,-1,9,-1
58743,72.89791693,19.20905602,12,3,2,2,1,16:17,181,E10000023,3,61,6,30,0,4,-1,0,0,0,1,2,2,0,0,2,-1,E01027632,09-01-2018,2,1,1,2,30,6,3,0,0,0,0,-1,9,1
58744,72.83414434,19.15017168,12,3,1,4,1,22:48,184,E10000023,6,0,3,60,0,-1,-1,0,0,0,6,5,2,0,0,2,-1,E01027758,09-01-2018,2,1,1,1,38,7,3,0,0,0,0,-1,9,-1
58745,72.9135253,19.10617782,12,1,2,1,2,05:53,189,E06000014,3,1079,6,30,3,4,-1,-1,0,0,4,4,1,0,0,1,-1,E01013400,10-01-2018,2,1,2,2,52,8,3,0,0,1,0,-1,9,1
58746,72.8350312,19.06286222,12,2,1,1,2,11:04,181,E10000023,3,167,6,30,0,-1,-1,0,0,0,1,5,2,0,0,1,1,E01027611,10-01-2018,2,1,1,2,22,5,3,0,0,0,0,-1,9,1
58747,72.8914685,19.06134159,12,3,2,1,2,17:19,189,E06000014,6,0,6,30,3,4,6,0,0,0,1,1,1,0,0,1,1,E01013442,10-01-2018,1,1,1,2,62,9,3,0,0,0,0,-1,9,2
58748,72.8973825,19.12891283,12,3,2,2,3,08:00,180,E10000023,6,0,6,60,0,-1,-1,0,0,0,1,1,2,0,0,2,-1,E01027573,11-01-2018,2,1,1,1,49,8,3,0,0,0,0,-1,8,1
58749,72.83824091,19.1596842,12,3,2,2,3,10:38,189,E06000014,3,1036,3,40,1,4,-1,-1,0,0,4,1,1,0,0,2,-1,E01013437,11-01-2018,2,1,2,1,3,1,3,0,0,2,0,-1,9,1
58750,72.87252141,19.20305108,12,3,1,1,7,10:30,182,E10000023,6,0,2,30,0,-1,-1,0,0,0,1,2,2,0,0,1,-1,E01027706,08-01-2018,2,2,2,2,2,1,3,0,0,2,0,-1,9,1
58751,72.8729577,19.18333818,12,3,1,1,3,14:02,184,E10000023,4,6271,6,60,9,4,-1,-1,0,0,1,2,2,0,0,2,-1,E01027745,11-01-2018,1,1,1,1,18,4,3,0,0,0,0,-1,9,1
58752,72.84278354,19.1163323,12,3,2,1,3,17:28,184,E10000023,6,0,9,30,0,-1,-1,0,0,0,4,5,2,0,0,2,-1,E01027766,11-01-2018,2,1,1,1,20,4,3,0,0,0,0,-1,9,1
58753,72.91879185,19.09338718,12,3,1,1,4,08:43,189,E06000014,6,0,6,30,0,-1,-1,0,0,0,1,1,1,0,0,1,-1,E01013365,12-01-2018,1,1,3,1,41,7,3,9,5,0,0,-1,0,1
58754,72.91647113,19.14096085,12,3,2,1,1,02:54,185,E10000023,3,64,3,70,0,-1,-1,0,0,0,6,1,1,0,0,2,2,E01027797,04-12-2018,2,1,2,2,17,4,3,0,0,1,0,-1,9,1
58755,72.87375674,19.15903262,12,3,2,2,4,11:37,186,E10000023,3,64,6,30,3,2,6,0,0,0,1,5,1,0,0,1,-1,E01027826,12-01-2018,2,1,1,1,30,6,3,0,0,0,0,-1,5,-1
58756,72.88903377,19.07938944,12,3,2,2,7,08:15,184,E10000023,6,0,6,60,0,-1,-1,0,0,0,1,2,2,0,2,2,1,E01027766,08-01-2018,2,1,1,1,38,7,3,0,0,0,0,-1,9,-1
58757,72.8377552,19.14973478,12,2,4,1,4,19:28,189,E06000014,3,1237,6,60,0,-1,-1,0,0,0,6,5,2,0,0,2,-1,E01013421,12-01-2018,1,1,2,2,16,4,3,0,0,1,0,-1,9,-1
58758,72.92463376,19.10825184,12,3,1,1,5,06:44,185,E10000023,6,0,6,60,0,-1,-1,0,0,0,6,8,4,0,0,2,-1,E01027799,13-01-2018,2,1,1,1,36,7,3,0,0,0,0,-1,9,2
58759,72.92167088,19.14156103,12,3,1,4,5,08:15,181,E10000023,6,0,6,30,0,-1,-1,0,0,0,1,1,4,0,0,2,-1,E01027634,13-01-2018,2,2,2,1,35,6,3,0,0,1,0,-1,9,-1
58760,72.86231108,19.17948845,12,3,2,1,5,08:19,189,E06000014,3,1237,1,60,1,-1,-1,-1,0,0,1,4,2,0,0,2,-1,E01013408,13-01-2018,1,1,2,1,19,4,3,0,0,1,0,-1,9,1
58761,72.86695943,19.14155771,12,3,1,2,5,08:48,181,E10000023,6,0,6,60,0,-1,-1,0,0,0,1,1,4,0,0,2,-1,E01027619,13-01-2018,1,2,2,2,17,4,3,0,0,2,0,-1,9,1
58762,72.85052762,19.08701654,12,3,3,1,5,09:17,186,E10000023,3,171,6,60,0,-1,-1,0,0,0,1,1,1,0,0,2,-1,E01027836,13-01-2018,2,1,1,1,17,4,3,0,0,0,0,-1,2,1
58763,72.92158353,19.05458509,12,3,2,1,5,12:03,186,E10000023,3,171,6,30,3,4,6,0,0,0,1,1,1,0,0,1,-1,E01027873,13-01-2018,1,1,1,2,22,5,3,0,0,0,0,-1,9,1
58764,72.90943148,19.14843455,12,3,2,1,5,13:43,181,E10000023,3,684,6,30,3,4,6,0,0,0,1,1,1,0,0,1,1,E01027611,13-01-2018,2,1,2,2,59,9,3,0,0,1,0,-1,8,-1
58765,72.93169555,19.08121236,12,2,3,1,5,16:26,189,E06000014,3,1237,6,60,1,4,3,19,0,0,1,1,1,0,0,2,1,E01013432,13-01-2018,2,1,2,2,41,7,3,0,0,1,0,-1,9,1
58766,72.91135515,19.1732778,12,3,2,1,5,08:50,189,E06000014,6,0,6,30,0,-1,-1,0,0,0,1,1,1,0,0,1,-1,E01013366,13-01-2018,1,2,2,1,42,7,3,0,0,1,0,-1,9,1
58767,72.84578165,19.08918915,12,3,1,2,5,17:40,182,E10000023,3,6040,6,30,1,4,6,0,0,0,4,1,1,0,0,1,1,E01027658,13-01-2018,2,1,1,1,30,6,3,0,0,0,0,-1,9,1
58768,72.92632912,19.07006792,12,3,3,1,5,18:26,186,E10000023,3,165,6,30,0,-1,-1,0,0,0,4,1,2,0,0,2,-1,E01027867,13-01-2018,2,1,1,1,25,5,3,0,0,0,0,-1,1,1
58769,72.92705838,19.10707767,12,3,1,2,5,23:04,181,E10000023,6,0,6,60,0,-1,-1,0,0,0,6,1,2,0,0,2,-1,E01027595,13-01-2018,1,1,3,2,72,10,2,8,5,0,0,-1,0,-1
58770,72.85851033,19.16551712,12,1,2,2,6,00:17,187,E10000023,4,1222,6,40,3,4,6,0,0,0,6,1,4,0,0,2,-1,E01027898,14-01-2018,1,1,3,2,12,3,3,5,1,0,0,-1,0,1
58771,72.87427243,19.19225419,12,3,1,1,6,06:12,189,E06000014,3,59,6,60,0,-1,-1,0,0,0,6,1,2,0,0,2,-1,E01013426,14-01-2018,1,1,1,1,61,9,3,0,0,0,0,-1,1,1
58772,72.84998089,19.20965584,12,3,2,1,6,06:28,187,E10000023,3,659,6,30,0,-1,-1,0,0,0,4,1,1,0,0,2,-1,E01027918,14-01-2018,2,1,1,1,21,5,3,0,0,0,0,-1,9,-1
58773,72.8595293,19.10189921,12,3,2,1,6,07:55,186,E10000023,6,0,6,60,0,-1,-1,0,0,0,1,1,4,0,0,2,-1,E01027833,14-01-2018,2,2,2,2,55,8,3,0,0,1,0,-1,9,-1
58774,72.86054193,19.20005333,12,3,2,1,6,08:22,189,E06000014,6,0,6,30,3,4,6,0,0,0,4,8,4,0,0,1,1,E01013353,14-01-2018,1,1,3,1,13,3,3,1,1,0,0,-1,0,1
58775,72.90311624,19.07163036,12,3,2,1,6,09:09,182,E10000023,6,0,6,30,3,4,6,0,0,0,1,1,2,0,0,1,-1,E01027660,14-01-2018,2,1,2,2,42,7,3,0,0,1,0,-1,9,1
58776,72.93450935,19.07844469,12,2,1,1,6,09:27,182,E10000023,3,59,6,30,3,4,6,0,0,0,1,1,2,0,0,1,-1,E01027650,14-01-2018,2,2,2,2,18,4,3,0,0,2,0,-1,9,1
58777,72.83155925,19.0551268,12,2,2,1,6,10:28,184,E10000023,6,0,6,30,0,-1,-1,0,0,0,1,8,1,0,0,2,-1,E01027770,14-01-2018,2,1,2,2,4,1,3,0,0,1,0,-1,9,1
58778,72.87020674,19.08919128,12,2,3,1,6,12:44,187,E10000023,3,19,6,60,3,4,6,0,0,0,1,1,1,0,0,2,1,E01027924,14-01-2018,1,1,1,1,29,6,3,0,0,0,0,-1,19,1
58779,72.89699675,19.08043288,12,3,1,1,6,12:45,185,E10000023,4,1257,6,30,3,4,6,0,0,0,1,1,1,0,0,2,-1,E01027800,14-01-2018,1,1,3,2,7,2,3,5,4,0,0,-1,0,-1
58780,72.83363866,19.15220029,12,3,2,1,6,17:08,182,E10000023,6,0,6,30,0,-1,-1,0,0,0,4,1,2,0,0,1,1,E01027650,14-01-2018,1,2,3,2,6,2,3,5,4,0,0,-1,0,-1
58781,72.8489781,19.07300705,12,3,1,1,6,17:33,186,E10000023,3,64,6,30,3,4,6,0,0,1,4,1,2,0,0,1,-1,E01027826,14-01-2018,1,1,3,2,13,3,3,5,3,0,0,-1,0,-1
58782,72.91217939,19.20819589,12,3,2,1,6,18:22,189,E06000014,3,1237,6,60,0,-1,3,59,0,0,4,1,1,0,0,2,-1,E01013422,14-01-2018,2,1,1,1,16,4,3,0,0,0,0,-1,2,1
58783,72.87379136,19.09269739,12,3,2,1,6,17:45,182,E10000023,6,0,6,30,3,4,6,0,0,0,4,1,2,0,0,1,1,E01027652,14-01-2018,2,1,2,1,37,7,3,0,0,1,0,-1,9,1
58784,72.88639742,19.09657657,12,3,3,2,6,19:17,187,E10000023,3,64,3,70,5,4,6,0,0,0,6,1,1,0,0,2,-1,E01027920,14-01-2018,1,1,1,1,27,6,3,0,0,0,0,-1,9,1
58785,72.91384474,19.10835851,12,3,2,1,7,01:03,186,E10000023,6,0,6,30,0,-1,-1,0,0,0,4,1,2,0,0,1,-1,E01027856,15-01-2018,2,2,1,2,46,8,3,0,0,0,0,-1,9,1
58786,72.85527467,19.11622265,12,2,1,4,7,01:00,181,E10000023,6,0,6,30,0,-1,-1,0,0,0,4,1,1,0,0,2,-1,E01027634,15-01-2018,2,1,2,2,59,9,3,0,0,1,0,-1,9,-1
58787,72.90082207,19.19973351,12,3,1,1,7,01:53,180,E10000023,4,6160,6,60,0,-1,-1,0,0,0,6,1,2,0,0,2,-1,E01027557,15-01-2018,1,1,3,1,43,7,3,10,3,0,0,-1,0,1
58788,72.88757193,19.09569483,12,3,2,1,7,11:23,186,E10000023,6,0,6,30,3,4,6,0,0,0,1,1,4,0,0,1,-1,E01027817,15-01-2018,2,1,1,1,23,5,3,0,0,0,0,-1,9,1
58789,72.86339058,19.13252549,12,3,2,1,7,11:46,189,E06000014,6,0,6,30,0,-1,-1,0,0,0,1,1,1,0,0,1,1,E01013364,15-01-2018,1,1,3,1,8,2,3,10,2,0,0,-1,0,-1
58790,72.8416859,19.05818534,12,2,1,2,7,16:36,187,E10000023,4,1223,6,60,0,-1,-1,0,0,0,6,9,2,0,0,2,-1,E01027904,15-01-2018,2,1,1,1,21,5,3,0,0,0,0,-1,1,1
58791,72.92753465,19.20765862,12,1,3,1,7,18:29,182,E10000023,3,61,6,60,0,-1,-1,0,0,0,6,1,2,0,0,2,1,E01027665,15-01-2018,1,1,3,2,35,6,3,9,9,0,0,-1,0,1
58792,72.89682443,19.18639101,12,2,2,2,7,19:21,189,E06000014,6,0,6,60,0,-1,-1,0,0,0,6,2,2,0,0,2,-1,E01013376,15-01-2018,1,1,1,1,27,6,3,0,0,0,0,-1,5,-1
58793,72.86633419,19.19863543,12,3,2,1,7,20:32,182,E10000023,3,59,6,30,3,2,6,0,0,0,4,2,2,0,0,1,-1,E01027659,15-01-2018,1,1,1,1,20,4,3,0,0,0,0,-1,9,1
58794,72.92289824,19.18177083,12,2,2,2,7,23:05,184,E10000023,3,684,6,60,0,-1,-1,0,0,0,6,1,2,0,0,2,-1,E01027758,15-01-2018,1,1,2,2,5,1,3,0,0,1,0,-1,9,1
58795,72.91713643,19.06588163,12,2,4,1,1,09:58,182,E10000023,3,59,6,60,0,-1,-1,0,0,0,1,1,2,0,0,2,-1,E01027682,16-01-2018,1,1,1,1,42,7,3,0,0,0,0,-1,9,1
58796,72.8860456,19.19641586,12,1,3,3,1,12:35,180,E10000023,3,6068,6,60,6,4,6,0,0,0,1,1,1,0,0,2,-1,E01027560,16-01-2018,2,1,1,1,37,7,3,0,0,0,0,-1,5,3
58797,72.91494847,19.09078355,12,3,2,1,1,13:50,180,E10000023,6,0,6,60,0,-1,-1,0,0,0,1,2,1,0,0,2,-1,E01027562,16-01-2018,2,1,1,1,37,7,3,0,0,0,0,-1,9,1
58798,72.91366618,19.16254551,12,3,1,1,1,14:32,181,E10000023,6,0,6,60,0,-1,-1,0,0,0,1,2,2,0,0,2,-1,E01027619,16-01-2018,1,1,3,1,54,8,3,5,1,0,0,-1,0,1
58799,72.92046429,19.11296033,12,3,1,1,1,14:30,180,E10000023,3,65,6,60,0,-1,-1,0,0,0,1,2,2,0,0,2,1,E01027562,16-01-2018,1,1,1,1,22,5,3,0,0,0,0,-1,3,1
58800,81.78570838,21.27542952,12,2,1,3,1,21:50,184,E10000023,4,6275,6,60,0,-1,-1,0,0,0,6,1,2,0,0,2,-1,E01027743,16-01-2018,2,1,1,1,46,8,3,0,0,0,0,-1,9,-1
58801,76.45040731,30.54921631,12,2,2,1,2,06:35,182,E10000023,6,0,6,30,3,4,6,0,0,0,4,2,2,0,0,1,-1,E01027660,17-01-2018,1,1,3,1,38,7,3,10,9,0,0,-1,0,1
58802,82.79626566,30.81188999,12,3,1,1,2,07:25,186,E10000023,6,0,6,60,3,4,3,171,0,0,1,2,2,0,0,2,-1,E01027822,17-01-2018,1,1,3,2,19,4,3,4,1,0,0,-1,0,-1
58803,86.50326462,19.37716593,12,3,2,1,2,08:30,182,E10000023,3,61,6,60,5,4,6,0,0,0,1,5,2,0,0,2,-1,E01027736,17-01-2018,3,1,1,1,39,7,3,0,0,0,0,-1,9,1