Accident_Index,longitude,latitude,Police_Force,Accident_Severity,Number_of_Vehicles,Number_of_Casualties,Day_of_Week,Time,Local_Authority_(District),Local_Authority_(Highway),1st_Road_Class,1st_Road_Number,Road_Type,Speed_limit,Junction_Detail,Junction_Control,2nd_Road_Class,2nd_Road_Number,Pedestrian_Crossing-Human_Control,Pedestrian_Crossing-Physical_Facilities,Light_Conditions,Weather_Conditions,Road_Surface_Conditions,Special_Conditions_at_Site,Carriageway_Hazards,Urban_or_Rural_Area,Did_Police_Officer_Attend_Scene_of_Accident,LSOA_of_Accident_Location,Date,Vehicle_Reference,Casualty_Reference,Casualty_Class,Sex_of_Casualty,Age_of_Casualty,Age_Band_of_Casualty,Casualty_Severity,Pedestrian_Location,Pedestrian_Movement,Car_Passenger,Bus_or_Coach_Passenger,Pedestrian_Road_Maintenance_Worker,Casualty_Type,Casualty_Home_Area_Type
58923,78.51123329,28.60488116,12,3,2,2,3,15:50,187,E10000023,3,19,6,30,6,2,4,1222,1,5,1,1,1,0,0,1,2,E01027908,01-02-2018,2,3,2,1,15,3,3,0,0,2,0,-1,9,-1
58924,79.64036358,14.59725545,12,3,2,1,4,12:20,180,E10000023,6,0,6,60,3,4,6,0,0,0,1,1,2,0,0,2,2,E01027557,02-02-2018,2,1,1,1,62,9,3,0,0,0,0,-1,9,1
58925,79.64938531,27.63283297,12,1,3,3,4,17:20,189,E06000014,4,1224,6,60,0,0,-1,0,0,0,6,1,2,0,0,2,1,E01013421,02-02-2018,2,1,1,1,47,8,3,0,0,0,0,-1,9,1
58926,84.8395418,24.19760062,12,3,2,1,4,17:50,189,E06000014,6,0,6,30,6,4,6,0,0,0,4,1,2,0,0,1,1,E01013367,02-02-2018,1,1,1,1,29,6,3,0,0,0,0,-1,1,1
58927,73.04586023,18.48344291,12,2,2,2,4,21:52,181,E10000023,6,0,6,60,3,4,6,0,0,0,6,1,2,0,0,2,1,E01027591,02-02-2018,2,1,1,1,20,4,2,0,0,0,0,-1,3,-1
58928,79.01475028,23.19079899,12,3,2,2,5,06:41,185,E10000023,6,0,6,60,6,4,6,0,0,0,1,1,2,7,0,2,1,E01027803,03-02-2018,2,1,1,1,41,7,2,0,0,0,0,-1,4,1
58929,71.02477659,22.10141058,12,3,2,1,5,10:30,181,E10000023,6,0,1,30,1,4,6,0,0,7,1,1,1,0,0,1,2,E01027606,03-02-2018,1,1,3,2,40,7,3,9,5,0,0,-1,0,1
58930,87.9530125,15.01536357,12,2,2,1,5,15:34,186,E10000023,6,0,6,60,3,4,3,170,0,0,1,1,1,0,0,1,1,E01027856,03-02-2018,1,1,1,1,19,4,3,0,0,0,0,-1,9,1
58931,73.53207433,27.31510517,12,2,2,1,5,17:15,186,E10000023,3,171,6,30,3,4,6,0,0,0,4,1,2,0,0,1,1,E01027857,03-02-2018,2,2,1,1,19,4,3,0,0,0,0,-1,9,1
58932,88.27229864,29.20208343,12,3,2,2,5,20:02,187,E10000023,6,0,6,60,0,-1,-1,0,0,0,6,1,1,0,0,2,1,E01027883,03-02-2018,1,1,1,1,58,9,3,0,0,0,0,-1,9,1
58933,78.10410323,24.59609751,12,3,2,1,6,11:29,181,E10000023,3,684,6,50,5,4,3,1,0,0,1,9,1,0,3,2,1,E01027589,04-02-2018,2,2,2,2,58,9,3,0,0,1,0,-1,9,1
58934,83.15766876,21.96586823,12,3,2,1,2,08:45,182,E10000023,6,0,6,30,3,4,6,0,0,0,1,1,1,0,0,1,1,E01027676,07-02-2018,2,3,1,1,66,10,3,0,0,0,0,-1,9,1
58935,74.15057882,28.20962281,12,3,2,1,6,13:40,186,E10000023,6,0,6,30,3,4,3,64,0,0,1,1,2,0,0,1,1,E01027826,04-02-2018,1,1,3,2,15,3,3,5,2,0,0,-1,0,1
58936,86.06750983,19.32809486,12,3,2,2,6,13:05,189,E06000014,3,1036,6,30,9,2,-1,-1,0,0,1,1,2,0,0,1,2,E01013417,04-02-2018,2,1,1,1,46,8,3,0,0,0,0,-1,9,1
58937,86.43953094,17.31759295,12,3,1,1,6,14:05,182,E10000023,6,0,6,60,0,0,-1,0,0,0,1,1,1,0,0,2,1,E01027735,04-02-2018,1,1,2,1,18,4,3,0,0,1,0,-1,4,1
58938,79.53164617,27.6507754,12,3,2,2,6,14:15,180,E10000023,3,59,6,60,0,0,-1,0,0,0,1,1,1,0,0,2,1,E01027576,04-02-2018,2,1,1,2,19,4,3,0,0,0,0,-1,9,1
58939,85.659175,21.47935354,12,3,2,1,6,15:25,186,E10000023,3,64,6,60,0,0,-1,0,0,0,1,1,1,0,0,1,1,E01027859,04-02-2018,2,2,2,2,20,4,3,0,0,1,0,-1,9,-1
58940,74.96675348,18.4098887,12,3,2,2,6,16:43,186,E10000023,3,171,7,60,3,4,4,1460,0,0,1,1,1,0,0,2,1,E01027838,04-02-2018,2,3,2,2,21,5,3,0,0,2,0,-1,9,-1
58941,88.0082819,30.77111398,12,3,2,1,6,16:50,180,E10000023,3,682,6,60,0,-1,-1,0,0,0,1,1,2,0,0,2,1,E01027568,04-02-2018,1,1,1,2,53,8,3,0,0,0,0,-1,9,1
58942,82.85030383,26.50861641,12,3,2,1,6,18:40,180,E10000023,3,6068,6,30,3,4,6,0,0,4,1,1,4,0,0,1,1,E01027564,04-02-2018,2,2,1,1,36,7,3,0,0,0,0,-1,9,1
58943,76.43219302,28.35423042,12,3,1,1,6,18:44,182,E10000023,3,61,2,30,3,4,6,0,0,4,4,1,1,0,0,1,1,E01027678,04-02-2018,2,3,2,2,35,6,3,0,0,1,0,-1,9,1
58944,85.93930747,26.83211516,12,3,1,1,6,17:45,182,E10000023,3,61,2,30,0,-1,-1,0,0,4,4,1,1,0,0,1,2,E01027679,04-02-2018,2,1,1,2,18,4,3,0,0,0,0,-1,9,1
58945,71.14088646,18.87172545,12,3,1,2,6,22:05,182,E10000023,4,6451,6,60,3,4,6,0,0,0,6,1,2,0,7,2,1,E01027734,04-02-2018,2,1,1,1,32,6,3,0,0,0,0,-1,3,1
58946,80.06052751,23.11851614,12,3,2,1,7,07:35,189,E06000014,3,64,3,70,9,4,3,1237,0,0,1,1,1,0,0,2,1,E01013421,05-02-2018,1,1,1,2,47,8,3,0,0,0,0,-1,9,1
58947,79.7493244,25.57241354,12,3,1,1,7,07:55,180,E10000023,3,65,6,60,0,0,-1,0,0,0,1,1,2,0,0,2,1,E01027562,05-02-2018,1,2,2,2,20,4,3,0,0,1,0,-1,9,1
58948,87.74089215,20.81341344,12,3,2,2,7,12:15,185,E10000023,4,1257,6,30,6,4,6,0,0,0,1,1,1,0,0,1,1,E01027786,05-02-2018,2,1,1,2,39,7,3,0,0,0,0,-1,9,1
58949,84.8146053,30.594403,12,2,1,1,7,15:03,184,E10000023,6,0,6,30,3,4,6,0,0,0,1,1,2,0,0,2,1,E01027757,05-02-2018,1,1,3,2,8,2,3,5,3,0,0,-1,0,1
58950,74.72386172,21.29786871,12,3,1,1,7,16:10,182,E10000023,6,0,6,60,0,0,-1,0,0,0,1,1,1,0,0,2,1,E01027693,05-02-2018,2,1,1,1,35,6,3,0,0,0,0,-1,1,1
58951,79.11955803,25.02990778,12,3,1,1,7,18:00,182,E10000023,3,59,6,30,3,4,6,0,0,0,4,1,1,0,0,1,1,E01027659,05-02-2018,2,1,1,1,28,6,3,0,0,0,0,-1,5,1
58952,88.25061065,25.56862905,12,2,1,1,7,19:45,187,E10000023,6,0,6,60,0,0,-1,0,0,0,6,1,2,0,0,2,1,E01027920,05-02-2018,2,1,1,2,19,4,3,0,0,0,0,-1,9,1
58953,69.47909419,23.60439703,12,2,1,3,7,22:25,181,E10000023,6,0,6,30,0,-1,-1,0,0,0,4,1,1,0,0,1,1,E01027614,05-02-2018,1,1,1,1,12,3,3,0,0,0,0,-1,1,-1
58954,75.41221043,23.65273113,12,2,2,2,1,11:20,180,E10000023,3,65,6,60,3,4,6,0,0,0,1,1,2,6,0,2,1,E01027563,06-02-2018,1,1,3,1,29,6,3,5,2,0,0,-1,0,-1
58955,78.14255352,15.16280589,12,2,1,1,1,12:30,189,E06000014,4,1228,6,60,0,0,-1,0,0,0,1,1,2,7,0,2,1,E01013351,06-02-2018,2,1,2,2,23,5,3,0,0,2,0,-1,9,-1
58956,86.18474763,18.23922407,12,3,2,1,1,13:02,182,E10000023,6,0,6,30,0,0,-1,0,0,0,1,1,2,0,0,1,1,E01027677,06-02-2018,2,2,2,2,80,11,3,0,0,2,0,-1,9,-1
58957,81.46861531,24.94930958,12,2,1,1,1,15:00,184,E10000023,4,6255,6,60,0,0,-1,0,0,0,1,1,2,0,0,2,1,E01027753,06-02-2018,1,1,3,2,43,7,3,6,9,0,0,-1,0,2
58958,70.90856403,21.47176283,12,3,5,1,1,17:11,182,E10000023,6,0,6,30,3,4,6,0,0,0,4,1,1,0,0,1,1,E01027692,06-02-2018,1,1,1,1,15,3,3,0,0,0,0,-1,1,-1
58959,77.3524885,17.28809327,12,2,1,3,1,17:40,180,E10000023,6,0,6,60,0,0,-1,0,0,0,6,1,2,0,0,2,1,E01027569,06-02-2018,2,1,1,2,40,7,3,0,0,0,0,-1,4,1
58960,86.82731272,16.08892053,12,3,1,2,1,19:00,184,E10000023,6,0,6,60,3,4,6,0,0,0,6,7,2,0,0,2,1,E01027772,06-02-2018,1,1,1,2,59,9,3,0,0,0,0,-1,9,1
58961,70.88055947,21.71657358,12,2,2,1,1,19:40,181,E10000023,3,19,3,70,9,4,6,0,0,0,6,8,2,0,0,2,1,E01027627,06-02-2018,1,2,3,1,18,4,3,5,2,0,0,-1,0,1
58962,87.30893434,17.78949006,12,3,1,1,1,19:55,186,E10000023,4,1416,6,60,0,0,-1,0,0,0,6,1,2,0,0,2,1,E01027821,06-02-2018,1,1,1,1,46,8,3,0,0,0,0,-1,3,1
58963,73.05903465,15.26684376,12,2,2,5,1,20:07,181,E10000023,3,170,6,60,0,0,-1,0,0,0,6,9,2,0,0,2,1,E01027637,06-02-2018,2,1,1,2,26,6,3,0,0,0,0,-1,9,1
58964,87.25769608,15.13174532,12,3,4,3,2,13:20,184,E10000023,3,6136,6,30,0,-1,-1,0,0,0,1,1,1,0,0,2,1,E01027747,06-06-2018,2,1,1,2,43,7,3,0,0,0,0,-1,9,1
58965,77.57750478,25.28281886,12,3,2,1,6,13:40,186,E10000023,6,0,6,30,3,4,3,64,0,0,1,1,2,0,0,1,1,E01027826,04-02-2018,2,2,2,2,37,7,3,0,0,1,0,-1,9,1
58966,78.84146064,27.52497005,12,3,2,1,2,01:36,187,E10000023,3,162,1,60,1,4,3,63,0,0,4,1,1,0,0,2,1,E01027899,07-02-2018,2,1,1,2,26,6,3,0,0,0,0,-1,9,1
58967,70.06531123,29.31247417,12,2,1,1,2,07:01,182,E10000023,6,0,6,60,0,0,-1,0,0,0,6,1,2,0,0,2,1,E01027665,07-02-2018,2,2,2,2,48,8,3,0,0,1,0,-1,9,1
58968,84.49030254,14.47838009,12,3,1,3,2,07:30,185,E10000023,4,1257,6,60,0,0,-1,0,0,0,1,7,2,0,0,1,1,E01027786,07-02-2018,2,3,2,2,3,1,3,0,0,2,0,-1,9,1
58969,87.31194541,23.17666436,12,3,1,2,1,22:00,185,E10000023,6,0,6,60,3,4,6,0,0,0,6,7,2,0,0,2,1,E01027778,06-02-2018,2,1,1,1,33,6,3,0,0,0,0,-1,4,-1
58970,87.767041,27.33573652,12,3,2,1,2,14:20,186,E10000023,3,165,1,30,1,4,6,0,0,8,1,1,1,0,0,1,1,E01027851,07-02-2018,1,1,2,1,16,4,3,0,0,1,0,-1,9,1
58971,88.47610183,17.66884865,12,3,2,1,2,11:15,185,E10000023,6,0,6,30,0,0,-1,0,0,0,1,1,1,0,0,2,1,E01027784,07-02-2018,1,1,3,2,31,6,3,6,9,0,0,-1,0,1
58972,73.41800462,30.96345459,12,3,3,1,2,07:45,187,E10000023,6,0,6,60,0,0,-1,0,0,0,1,1,1,0,0,2,2,E01027900,07-02-2018,1,1,3,2,22,5,3,5,1,0,0,-1,0,1
58973,80.43412868,17.20530215,12,2,2,1,2,17:08,182,E10000023,6,30,6,30,3,2,6,30,0,0,4,8,2,0,0,1,1,E01027708,07-02-2018,1,1,1,1,21,5,3,0,0,0,0,-1,1,-1
58974,69.01809216,29.30202336,12,3,1,1,2,19:50,189,E06000014,6,0,6,30,8,4,6,0,0,1,4,1,2,0,0,1,2,E01013386,07-02-2018,1,1,3,2,14,3,3,5,4,0,0,-1,0,-1
58975,80.31235501,26.07334392,12,3,2,2,2,22:28,182,E10000023,6,0,6,30,3,4,6,0,0,0,4,1,1,0,0,1,1,E01027677,07-02-2018,1,2,3,1,16,4,3,5,4,0,0,-1,0,-1
58976,85.53020061,18.25512781,12,3,2,1,3,17:53,182,E10000023,2,1,3,70,0,-1,-1,0,0,0,1,2,2,0,0,2,2,E01027703,08-11-2018,1,1,3,1,19,4,3,5,1,0,0,-1,0,1
58977,71.39273907,23.16572633,12,3,2,1,3,13:05,182,E10000023,3,658,6,60,3,4,4,6161,0,0,1,1,2,0,0,2,1,E01027734,08-02-2018,1,1,1,2,23,5,3,0,0,0,0,-1,9,1
58978,72.41117739,17.69072494,12,3,1,2,3,13:30,186,E10000023,6,0,6,30,6,2,6,0,0,5,1,1,1,0,0,1,2,E01027806,08-02-2018,1,3,2,1,22,5,3,0,0,1,0,-1,9,1
58979,84.57703465,21.52178115,12,3,2,1,3,17:06,189,E06000014,6,0,6,30,3,4,6,0,0,0,1,1,1,0,0,2,1,E01013378,08-02-2018,2,2,1,1,41,7,3,0,0,0,0,-1,19,1
58980,81.13742779,28.24459406,12,3,2,3,3,17:45,185,E10000023,3,64,6,60,8,4,-1,-1,0,0,6,1,1,0,0,2,1,E01027796,08-02-2018,2,1,2,1,42,7,3,0,0,1,0,-1,9,1
58981,75.40751819,18.14805663,12,3,1,1,3,17:55,181,E10000023,6,0,6,30,0,0,-1,0,0,0,6,1,2,0,0,2,1,E01027593,08-02-2018,1,1,1,1,19,4,3,0,0,0,0,-1,9,1
58982,70.67865998,26.64945183,12,3,2,1,3,19:00,182,E10000023,2,1,3,70,0,0,-1,0,0,0,6,1,1,0,0,2,1,E01027703,08-02-2018,1,2,2,1,20,4,3,0,0,1,0,-1,9,-1
58983,79.95335872,14.81056936,12,3,1,1,4,08:15,182,E10000023,6,0,6,60,0,0,-1,0,0,0,1,1,2,0,0,2,1,E01027643,09-02-2018,2,3,1,1,59,9,3,0,0,0,0,-1,9,-1
58984,72.86673973,18.52470811,12,3,2,1,4,08:30,189,E06000014,6,0,6,30,9,4,6,0,0,0,1,1,2,0,2,1,1,E01013383,09-02-2018,2,1,1,1,23,5,3,0,0,0,0,-1,9,1
58985,81.64067201,25.18062441,12,2,2,1,4,07:50,182,E10000023,6,0,6,40,0,0,-1,0,0,0,1,1,1,0,0,2,1,E01027736,09-02-2018,2,2,2,2,47,8,3,0,0,2,0,-1,9,1
58986,80.51813271,23.21145115,12,3,2,1,4,11:50,189,E06000014,6,0,6,30,3,2,6,0,0,5,1,1,1,0,0,1,2,E01013418,09-02-2018,1,3,1,2,75,10,3,0,0,0,0,-1,9,1
58987,78.51429701,22.20109723,12,2,3,4,4,12:05,180,E10000023,3,629,6,60,0,-1,-1,0,0,0,1,1,2,0,0,2,1,E01027555,09-02-2018,2,1,2,1,44,7,3,0,0,1,0,-1,8,1
58988,75.55822715,20.62945071,12,3,2,1,2,16:50,185,E10000023,6,0,6,30,3,4,3,64,0,0,1,1,1,0,0,2,2,E01027779,07-02-2018,2,2,1,1,49,8,3,0,0,0,0,-1,8,-1
58989,78.79615013,26.65511041,12,3,1,1,4,16:43,186,E10000023,6,0,6,30,0,0,-1,0,0,4,1,1,2,0,0,1,1,E01027865,09-02-2018,2,1,1,1,39,7,3,0,0,0,0,-1,9,1
58990,72.79770537,14.67827097,12,3,2,1,4,18:30,189,E06000014,6,0,6,30,3,4,6,0,0,0,1,1,1,0,0,1,1,E01013388,09-02-2018,1,1,3,2,29,6,3,9,5,0,0,-1,0,-1
58991,73.24696151,18.44101903,12,3,2,1,4,19:55,187,E10000023,3,19,6,60,0,0,-1,0,0,0,6,2,2,0,2,2,1,E01027889,09-02-2018,1,1,2,1,22,5,3,0,0,2,0,-1,19,1
58992,83.64450381,19.58192816,12,3,1,1,5,00:15,189,E06000014,6,0,6,30,3,4,6,0,0,0,4,9,2,0,0,1,1,E01013415,10-02-2018,1,1,1,1,19,4,2,0,0,0,0,-1,90,1
58993,73.37400791,16.93090525,12,2,2,1,5,07:15,180,E10000023,4,6479,6,40,0,-1,-1,0,0,0,1,1,2,0,0,2,1,E01027572,10-02-2018,1,1,1,1,17,4,3,0,0,0,0,-1,9,2
58994,82.12253289,29.77930756,12,3,1,1,5,10:00,185,E10000023,6,0,6,60,0,0,-1,0,0,0,1,1,2,7,0,2,1,E01027774,10-02-2018,2,2,1,2,44,7,3,0,0,0,0,-1,9,1
58995,80.14082639,29.15490038,12,3,2,1,5,16:23,186,E10000023,3,169,6,60,0,0,-1,0,0,0,1,1,1,0,0,2,1,E01027821,10-02-2018,2,3,2,1,15,3,3,0,0,2,0,-1,9,1
58996,80.52795196,19.0103176,12,2,3,2,5,13:25,181,E10000023,3,684,6,60,3,4,6,0,0,0,1,1,1,0,0,2,1,E01027593,10-02-2018,2,1,1,1,17,4,3,0,0,0,0,-1,1,1
58997,85.25181944,26.88988343,12,3,1,1,5,14:08,184,E10000023,3,6108,6,30,9,4,6,0,0,0,1,1,1,0,0,2,1,E01027743,10-02-2018,1,1,3,1,28,6,2,5,2,0,0,-1,0,1
58998,71.93360217,25.01559166,12,3,1,1,6,01:32,180,E10000023,3,19,6,30,3,4,6,0,0,4,4,1,1,0,7,1,1,E01027577,11-02-2018,1,1,3,2,51,8,3,6,9,0,0,-1,0,1
58999,82.3146301,22.28741956,12,3,3,1,6,11:30,187,E10000023,3,64,6,60,0,0,-1,0,0,0,1,1,1,4,0,2,1,E01027875,11-02-2018,1,1,1,2,52,8,3,0,0,0,0,-1,9,1
59000,77.71931537,16.48500539,12,3,2,1,6,12:08,187,E10000023,3,64,3,60,0,-1,-1,0,0,0,1,1,1,4,0,2,1,E01027875,11-02-2018,2,2,1,1,22,5,3,0,0,0,0,-1,9,1
59001,74.3470867,22.15713674,12,3,2,1,6,15:15,189,E06000014,6,0,6,30,0,0,-1,0,0,0,1,1,1,0,0,1,2,E01013434,11-02-2018,3,3,1,2,45,7,3,0,0,0,0,-1,9,1
59002,86.50855197,16.54649961,12,3,2,1,6,16:48,187,E10000023,3,659,6,30,3,4,6,0,0,5,4,2,2,0,0,2,1,E01027918,11-02-2018,2,1,1,2,29,6,3,0,0,0,0,-1,9,1
59003,77.05278951,20.67182381,12,3,3,1,6,17:35,181,E10000023,3,1,3,70,0,0,-1,0,0,0,6,2,2,0,0,2,1,E01027602,11-02-2018,1,1,3,1,25,5,1,1,1,0,0,-1,0,1
59004,75.04686738,25.55626647,12,3,1,1,6,21:35,186,E10000023,6,0,6,30,0,-1,-1,0,0,8,4,1,2,0,0,1,1,E01027846,11-02-2018,1,2,1,2,36,7,3,0,0,0,0,-1,9,1
59005,78.01524442,26.81369108,12,3,4,2,6,22:00,181,E10000023,3,19,3,70,0,0,-1,0,0,0,6,1,2,0,0,2,1,E01027617,11-02-2018,2,1,1,1,27,6,3,0,0,0,0,-1,9,1
59006,78.31904271,25.62184785,12,3,2,1,6,22:12,184,E10000023,3,6136,6,60,3,2,6,0,0,5,4,1,1,0,0,2,1,E01027754,11-02-2018,2,2,2,2,24,5,3,0,0,1,0,-1,9,1
59007,70.32641835,29.06543316,12,3,1,1,6,23:17,184,E10000023,3,6108,6,60,0,0,-1,0,0,0,4,1,1,0,0,2,1,E01027770,11-02-2018,2,1,1,2,33,6,3,0,0,0,0,-1,9,1
59008,84.86508422,17.18538313,12,2,1,1,7,00:58,181,E10000023,3,684,6,30,0,-1,-1,0,0,0,4,2,2,0,0,2,1,E01027589,12-02-2018,2,2,2,1,9,2,3,0,0,1,0,-1,9,1
59009,88.2170189,14.45553871,12,2,1,2,7,01:20,189,E06000014,6,0,6,30,3,4,6,0,0,4,4,1,2,0,0,1,1,E01013366,12-02-2018,2,3,2,2,11,3,3,0,0,2,0,-1,9,1
59010,85.67202661,21.91701152,12,3,2,1,7,14:00,189,E06000014,3,1237,1,60,1,4,6,0,0,0,1,4,1,0,0,2,1,E01013409,12-02-2018,2,4,2,1,9,2,3,0,0,2,0,-1,9,1
59011,78.30413525,29.86425805,12,3,2,1,7,14:28,189,E06000014,4,1222,6,60,0,0,-1,0,0,0,1,1,1,0,0,2,1,E01013450,12-02-2018,1,1,3,2,40,7,3,6,9,0,0,-1,0,1
59012,85.15150838,27.7561729,12,3,1,1,7,15:57,182,E10000023,6,0,6,60,0,-1,-1,0,0,0,1,1,1,0,0,2,1,E01027734,12-02-2018,1,1,3,2,46,8,3,5,3,0,0,-1,0,1
59013,69.29228956,29.30674804,12,3,1,1,7,16:03,182,E10000023,3,59,6,30,0,-1,-1,0,0,4,1,1,1,0,0,1,1,E01027650,12-02-2018,2,1,1,1,38,7,3,0,0,0,0,-1,19,1
59014,81.74444431,23.40448307,12,3,1,1,7,16:10,189,E06000014,6,0,2,30,0,0,-1,0,0,0,1,9,1,0,0,1,2,E01013367,12-02-2018,1,1,2,1,17,4,3,0,0,1,0,-1,9,1
59015,74.57388103,19.98820878,12,3,1,1,1,00:01,181,E10000023,6,0,6,60,0,-1,-1,0,0,0,6,4,1,0,0,2,1,E01027624,13-02-2018,2,2,2,2,43,7,3,0,0,1,0,-1,9,1
59016,74.40427078,22.99887921,12,2,1,1,1,04:38,182,E10000023,3,59,1,30,1,4,6,0,0,0,4,1,1,0,0,1,1,E01027733,13-02-2018,1,1,1,1,13,3,3,0,0,0,0,-1,1,1
59017,83.71986911,24.23094863,12,3,1,2,1,14:05,181,E10000023,6,0,6,30,0,0,-1,0,0,0,1,1,1,0,0,1,1,E01027606,13-02-2018,1,1,2,2,46,8,3,0,0,2,0,-1,9,1
59018,74.09929036,30.12740797,12,3,2,2,1,15:13,184,E10000023,2,1,3,70,0,0,-1,0,0,0,1,2,2,0,0,2,1,E01027759,13-02-2018,1,1,3,2,46,8,3,5,1,0,0,-1,0,1
59019,72.44519334,22.21637292,12,3,1,1,2,02:20,189,E06000014,6,0,6,30,6,4,6,0,0,0,4,1,1,0,0,1,1,E01013345,14-02-2018,2,1,1,1,66,10,3,0,0,0,0,-1,9,1
59020,77.91297362,25.8577507,12,3,2,1,2,13:31,189,E06000014,6,0,6,30,3,4,6,0,0,0,1,1,1,0,0,1,1,E01013406,14-02-2018,2,2,2,2,61,9,3,0,0,1,0,-1,9,1
59021,79.71179397,22.63575287,12,3,3,2,2,14:12,180,E10000023,3,65,6,60,0,-1,-1,0,0,0,1,1,1,0,0,2,1,E01027568,14-02-2018,2,1,1,1,34,6,3,0,0,0,0,-1,9,1
59022,87.76876815,24.25305916,12,3,2,1,2,15:15,186,E10000023,3,169,6,30,8,-1,-1,-1,0,0,1,4,2,0,0,2,2,E01027821,14-02-2018,2,2,2,1,30,6,3,0,0,1,0,-1,9,-1
59023,73.15757832,16.2811033,12,3,2,1,2,11:30,184,E10000023,3,66,6,60,0,0,-1,0,0,0,1,1,1,0,0,2,1,E01027752,14-02-2018,2,1,1,2,39,7,3,0,0,0,0,-1,1,1
59024,70.43641935,22.43884934,12,3,2,1,2,16:55,181,E10000023,6,0,6,30,0,4,-1,0,0,0,1,1,1,7,0,2,2,E01027634,14-02-2018,1,1,1,1,16,4,3,0,0,0,0,-1,2,1
59025,79.59162903,25.12516596,12,2,1,1,2,23:40,185,E10000023,4,1248,6,30,2,4,6,0,0,1,4,8,2,0,6,1,1,E01027790,14-02-2018,2,2,1,2,39,7,3,0,0,0,0,-1,9,1
59026,72.58744459,18.00545925,12,3,2,3,3,09:00,187,E10000023,3,63,6,60,3,4,6,0,0,0,1,1,2,0,0,2,1,E01027897,15-02-2018,1,1,2,1,18,4,2,0,0,2,0,-1,9,-1
59027,71.18332164,26.79190853,12,2,1,1,3,09:09,186,E10000023,6,0,6,30,3,4,6,0,0,8,1,1,2,0,0,1,1,E01027804,15-02-2018,1,1,1,1,31,6,2,0,0,0,0,-1,4,1
59028,79.9356367,25.20006765,12,3,1,1,3,06:25,186,E10000023,3,171,6,60,3,4,6,0,0,0,6,8,3,0,0,2,1,E01027860,15-02-2018,1,1,1,1,15,3,3,0,0,0,0,-1,1,-1
59029,75.07329702,26.53490284,12,3,2,1,3,10:40,181,E10000023,3,168,6,60,8,4,6,0,0,0,1,1,1,0,2,2,1,E01027607,15-02-2018,2,1,1,1,60,9,3,0,0,0,0,-1,9,1
59030,82.21532962,21.33170416,12,3,2,1,3,11:30,189,E06000014,3,1079,1,30,1,2,3,64,0,0,1,1,1,0,0,2,1,E01013351,15-02-2018,2,1,1,1,29,6,3,0,0,0,0,-1,8,1
59031,74.17927532,16.22722429,12,3,2,4,3,11:46,181,E10000023,3,1,3,70,0,0,-1,0,0,0,1,1,1,0,0,2,1,E01027628,15-02-2018,2,2,2,2,35,6,3,0,0,2,0,-1,8,-1
59032,81.01120786,24.69650769,12,3,3,1,3,14:30,181,E10000023,3,684,6,50,5,4,3,1,0,0,1,1,2,0,0,2,1,E01027603,15-02-2018,2,3,2,1,35,6,3,0,0,2,0,-1,8,-1
59033,70.64225047,14.68913448,12,3,3,2,3,14:58,189,E06000014,3,19,6,60,8,4,-1,-1,0,0,1,1,1,0,0,2,1,E01013450,15-02-2018,2,1,1,1,42,7,3,0,0,0,0,-1,9,1
59034,84.87671717,26.90151709,12,3,2,2,3,15:00,182,E10000023,6,0,6,30,3,4,6,0,0,4,1,1,1,0,0,1,1,E01027731,15-02-2018,2,2,2,1,18,4,3,0,0,1,0,-1,9,-1
59035,85.76772076,16.63098568,12,3,2,3,4,08:30,180,E10000023,6,0,6,60,0,-1,-1,0,0,0,1,1,4,0,0,2,1,E01027556,16-02-2018,1,1,1,1,58,9,3,0,0,0,0,-1,9,1
59036,84.45494169,30.48750791,12,3,2,1,4,15:35,186,E10000023,6,0,6,30,3,4,6,0,0,0,1,1,1,0,0,1,1,E01027853,16-02-2018,1,1,3,1,7,2,3,5,4,0,0,-1,0,1
59037,84.13544219,24.50042723,12,3,3,1,4,17:10,184,E10000023,6,0,6,30,0,0,-1,0,0,0,1,8,2,0,0,2,1,E01027771,16-02-2018,1,1,1,2,16,4,3,0,0,0,0,-1,9,1
59038,88.18879011,18.79854753,12,3,2,1,5,07:38,182,E10000023,6,0,6,60,3,4,3,61,0,0,1,1,1,0,0,2,1,E01027664,17-02-2018,2,2,1,2,16,4,3,0,0,0,0,-1,9,1
59039,72.57143831,29.41491567,12,3,1,2,5,08:43,189,E06000014,6,0,6,20,0,0,-1,0,0,0,1,8,2,0,0,1,1,E01013410,17-02-2018,2,3,2,2,20,4,3,0,0,1,0,-1,9,-1
59040,69.64972974,30.76863432,12,3,2,1,5,11:06,189,E06000014,3,59,6,30,6,2,6,0,0,5,1,8,2,0,0,1,1,E01013394,17-02-2018,1,1,3,2,8,2,3,5,2,0,0,-1,0,-1
59041,74.32105612,17.44053999,12,3,2,1,5,13:00,186,E10000023,3,64,3,30,3,4,6,0,0,8,1,1,1,0,0,1,1,E01027862,17-02-2018,1,1,1,1,37,7,3,0,0,0,0,-1,1,3
59042,76.84621286,27.79486225,12,3,2,1,5,16:45,186,E10000023,6,0,6,40,3,4,4,1261,0,0,1,1,2,0,0,2,2,E01027860,17-02-2018,2,1,1,2,46,8,3,0,0,0,0,-1,9,1