Accident_Index,longitude,latitude,Police_Force,Accident_Severity,Number_of_Vehicles,Number_of_Casualties,Day_of_Week,Time,Local_Authority_(District),Local_Authority_(Highway),1st_Road_Class,1st_Road_Number,Road_Type,Speed_limit,Junction_Detail,Junction_Control,2nd_Road_Class,2nd_Road_Number,Pedestrian_Crossing-Human_Control,Pedestrian_Crossing-Physical_Facilities,Light_Conditions,Weather_Conditions,Road_Surface_Conditions,Special_Conditions_at_Site,Carriageway_Hazards,Urban_or_Rural_Area,Did_Police_Officer_Attend_Scene_of_Accident,LSOA_of_Accident_Location,Date,Vehicle_Reference,Casualty_Reference,Casualty_Class,Sex_of_Casualty,Age_of_Casualty,Age_Band_of_Casualty,Casualty_Severity,Pedestrian_Location,Pedestrian_Movement,Car_Passenger,Bus_or_Coach_Passenger,Pedestrian_Road_Maintenance_Worker,Casualty_Type,Casualty_Home_Area_Type
59043,77.74636613,25.03153651,12,3,2,1,5,18:00,186,E10000023,3,170,6,30,3,4,4,1258,0,0,4,1,1,0,0,2,1,E01027815,17-02-2018,2,2,2,1,47,8,3,0,0,1,0,-1,9,1
59044,76.91941015,15.95360229,12,3,2,2,5,18:05,186,E10000023,6,0,6,60,3,4,6,0,0,0,6,1,1,0,0,2,1,E01027814,17-02-2018,1,1,3,1,8,2,2,1,1,0,0,-1,0,1
59045,73.7478877,25.64000137,12,3,2,1,5,18:35,186,E10000023,3,165,6,60,0,0,-1,0,0,0,6,1,2,0,3,2,1,E01027835,17-02-2018,1,1,1,1,33,6,3,0,0,0,0,-1,9,1
59046,77.70247695,19.76456531,12,2,1,1,5,21:23,187,E10000023,3,63,6,60,3,4,6,0,0,0,1,1,1,0,0,2,1,E01027896,17-02-2018,2,2,1,1,52,8,3,0,0,0,0,-1,11,1
59047,86.7289053,17.28524512,12,3,1,1,5,21:50,186,E10000023,3,165,6,60,1,4,3,1039,0,0,4,1,1,0,0,2,1,E01027807,17-02-2018,2,3,2,1,14,3,3,0,0,0,4,-1,11,-1
59048,73.90084617,21.9819426,12,3,1,1,6,00:01,184,E10000023,6,0,1,30,1,4,6,0,0,0,4,1,2,0,0,2,1,E01027771,18-02-2018,2,4,2,1,14,3,3,0,0,0,4,-1,11,1
59049,85.61915091,26.50802616,12,3,5,1,6,09:52,181,E10000023,3,19,6,60,3,4,6,0,0,0,1,1,2,0,0,2,1,E01027636,18-02-2018,2,1,2,1,19,4,3,0,0,2,0,-1,9,-1
59050,75.87549399,16.89653761,12,2,8,3,6,15:03,184,E10000023,2,1,3,70,0,-1,-1,0,0,0,1,1,1,0,0,2,1,E01027743,18-02-2018,2,2,2,1,19,4,3,0,0,1,0,-1,9,-1
59051,69.21578574,28.39078948,12,3,2,1,6,15:37,182,E10000023,6,0,6,30,3,4,6,0,0,0,1,1,1,0,0,1,1,E01027652,18-02-2018,1,1,1,1,48,8,3,0,0,0,0,-1,5,1
59052,76.01106372,15.72678199,12,2,2,1,6,17:30,181,E10000023,6,0,6,60,0,-1,-1,0,0,0,6,1,1,0,0,2,1,E01027597,18-02-2018,2,2,2,2,54,8,3,0,0,1,0,-1,9,1
59053,81.12083638,22.65615638,12,3,5,1,6,18:08,186,E10000023,3,171,6,60,0,-1,-1,0,0,0,6,2,2,0,0,1,1,E01027838,18-02-2018,2,1,1,2,48,8,3,0,0,0,0,-1,9,1
59054,83.88805214,25.47263293,12,3,2,1,6,19:15,182,E10000023,3,6040,6,30,3,2,3,61,0,5,4,1,1,0,1,1,1,E01027730,18-02-2018,1,1,1,2,19,4,3,0,0,0,0,-1,9,1
59055,71.35812192,18.9598471,12,3,2,1,7,11:28,186,E10000023,6,0,6,30,0,0,-1,0,0,0,1,1,1,0,0,1,2,E01027865,19-02-2018,2,2,1,2,34,6,3,0,0,0,0,-1,9,1
59056,81.69205909,30.70987069,12,3,1,2,7,19:30,185,E10000023,3,64,6,60,0,0,-1,0,0,0,1,1,1,0,0,2,1,E01027796,19-02-2018,1,1,1,1,34,6,3,0,0,0,0,-1,3,1
59057,84.09513264,19.89696024,12,3,2,1,7,21:44,186,E10000023,6,0,6,30,0,-1,-1,0,0,0,4,6,3,0,0,2,1,E01027813,19-02-2018,2,2,1,2,33,6,3,0,0,0,0,-1,9,1
59058,78.22085861,24.70013348,12,3,2,1,1,11:40,181,E10000023,3,19,3,70,0,0,-1,0,0,0,1,3,2,0,0,2,1,E01027637,20-02-2018,2,1,1,2,24,5,3,0,0,0,0,-1,9,1
59059,82.49463836,30.44073835,12,3,3,2,1,18:50,180,E10000023,4,6265,6,60,0,0,-1,0,0,0,6,1,1,0,0,2,1,E01027585,20-02-2018,2,2,2,2,54,8,3,0,0,1,0,-1,9,1
59060,69.71270392,15.70061576,12,3,2,1,1,00:01,189,E06000014,6,0,9,30,6,4,6,0,0,0,4,3,3,3,0,1,1,E01013449,20-02-2018,1,1,1,2,45,7,3,0,0,0,0,-1,9,1
59061,76.68272248,17.22132357,12,3,2,2,1,20:30,187,E10000023,3,19,6,60,0,0,-1,0,0,0,6,1,2,0,0,2,1,E01027923,20-02-2018,1,1,1,1,43,7,3,0,0,0,0,-1,9,1
59062,79.03021353,28.94205763,12,3,1,1,2,08:01,189,E06000014,6,0,6,60,0,0,-1,0,0,0,1,3,3,0,0,2,1,E01013340,21-02-2018,1,1,1,1,28,6,3,0,0,0,0,-1,9,1
59063,76.79621067,19.18720977,12,3,3,3,2,08:19,182,E10000023,6,0,6,60,0,-1,-1,0,0,0,1,3,3,0,0,2,1,E01027725,21-02-2018,1,2,2,2,25,5,3,0,0,1,0,-1,9,1
59064,69.25066799,28.89187325,12,3,2,1,2,08:55,184,E10000023,6,0,6,60,0,4,-1,0,0,0,1,3,3,0,0,2,2,E01027743,21-02-2018,1,1,1,2,45,7,3,0,0,0,0,-1,9,1
59065,78.12715673,30.34456623,12,3,1,1,2,04:00,180,E10000023,3,65,6,60,0,-1,-1,0,0,0,6,1,4,0,0,2,1,E01027574,21-02-2018,2,2,1,1,29,6,3,0,0,0,0,-1,19,1
59066,84.16701141,17.26835995,12,3,6,1,2,11:15,184,E10000023,3,1,3,70,0,0,-1,0,0,0,1,3,3,0,0,2,1,E01027761,21-02-2018,2,1,1,2,28,6,3,0,0,0,0,-1,9,2
59067,86.48340613,19.10112062,12,3,2,1,2,08:30,189,E06000014,4,1224,6,30,3,4,6,0,0,1,1,3,3,0,0,1,2,E01013441,21-02-2018,2,1,2,2,27,6,3,0,0,1,0,-1,9,1
59068,87.23977178,21.43678092,12,3,3,1,2,11:43,182,E10000023,2,1,3,70,0,-1,-1,0,0,0,1,6,2,0,0,2,1,E01027703,21-02-2018,1,1,1,1,25,5,2,0,0,0,0,-1,5,1
59069,82.09434458,19.7195529,12,3,1,1,2,14:15,189,E06000014,6,0,6,30,7,4,6,0,0,1,1,8,2,0,0,1,1,E01013367,21-02-2018,1,1,1,1,70,10,2,0,0,0,0,-1,9,1
59070,87.3708297,29.28311118,12,2,1,1,2,14:31,185,E10000023,3,169,6,60,0,-1,-1,0,0,0,1,1,2,0,0,2,1,E01027802,21-02-2018,2,2,1,2,23,5,2,0,0,0,0,-1,9,1
59071,87.17975032,20.77225147,12,3,2,1,2,14:54,189,E06000014,6,0,6,30,1,4,6,0,0,0,1,4,2,0,0,1,1,E01013404,21-02-2018,2,1,1,1,17,4,2,0,0,0,0,-1,3,1
59072,82.73599239,18.92363375,12,3,2,1,2,16:40,186,E10000023,3,64,7,30,7,2,6,0,0,5,1,3,2,0,0,1,2,E01027862,21-02-2018,2,1,1,1,54,8,3,0,0,0,0,-1,9,1
59073,74.57705594,18.9525476,12,3,1,1,2,18:15,189,E06000014,6,0,6,30,0,0,-1,0,0,1,4,3,3,0,0,1,1,E01013378,21-02-2018,1,1,1,2,72,10,3,0,0,0,0,-1,9,1
59074,77.99534196,29.78694739,12,3,2,1,2,09:50,189,E06000014,3,59,6,30,0,0,-1,0,0,0,1,3,3,0,0,2,2,E01013422,21-02-2018,1,2,2,2,78,11,3,0,0,1,0,-1,9,1
59075,87.37035399,16.88491838,12,2,1,1,3,10:35,180,E10000023,6,0,9,20,0,-1,-1,0,0,0,1,1,2,0,0,1,1,E01027581,22-02-2018,2,3,1,1,18,4,3,0,0,0,0,-1,9,1
59076,75.05707954,24.83376264,12,3,2,1,3,11:05,189,E06000014,6,0,1,30,1,4,6,0,0,0,1,3,2,0,0,1,1,E01013380,22-02-2018,3,4,1,2,39,7,3,0,0,0,0,-1,9,1
59077,81.63034773,17.36613884,12,3,2,1,3,07:15,182,E10000023,4,6265,6,60,3,4,6,0,0,0,1,8,4,0,0,2,2,E01027695,22-02-2018,1,1,2,2,6,2,3,0,0,2,0,-1,9,1
59078,85.98315505,20.1031821,12,3,1,1,3,11:55,186,E10000023,6,0,6,30,3,4,6,0,0,0,1,5,2,0,0,1,1,E01027857,22-02-2018,1,1,1,2,66,10,3,0,0,0,0,-1,9,1
59079,73.97500303,21.92670774,12,3,2,1,3,16:05,187,E10000023,6,0,6,30,3,4,6,0,0,0,1,1,2,0,0,2,1,E01027899,22-02-2018,1,1,1,2,33,6,3,0,0,0,0,-1,9,1
59080,84.53450664,19.29592569,12,3,1,1,3,19:15,189,E06000014,6,0,6,30,0,-1,-1,0,0,0,4,1,1,0,0,1,1,E01013368,22-02-2018,1,2,2,1,5,1,3,0,0,2,0,-1,9,-1
59081,85.58586445,14.60881502,12,3,1,1,3,21:30,181,E10000023,3,168,3,70,0,0,-1,0,0,0,6,3,4,0,0,2,1,E01027635,22-02-2018,2,1,1,2,26,6,3,0,0,0,0,-1,9,1
59082,77.17991826,22.32476992,12,3,2,1,6,09:00,189,E06000014,3,1237,6,60,0,0,-1,0,0,0,1,3,3,0,0,2,2,E01013407,25-02-2018,1,1,3,1,8,2,3,9,5,0,0,-1,0,1
59083,71.75886598,22.44946623,12,3,2,2,4,16:10,186,E10000023,3,171,6,30,3,4,6,0,0,0,4,1,2,0,0,1,1,E01027856,23-02-2018,2,1,1,1,34,6,3,0,0,0,0,-1,9,3
59084,76.41191539,29.89401402,12,3,2,2,4,16:40,181,E10000023,3,1,3,70,3,4,4,6267,0,0,1,3,2,0,0,2,1,E01027628,23-02-2018,1,1,1,1,40,7,3,0,0,0,0,-1,9,1
59085,70.84281748,29.06367463,12,3,2,1,4,17:15,185,E10000023,6,0,6,30,3,4,6,0,0,0,1,1,2,0,0,1,1,E01027785,23-02-2018,1,2,3,1,44,7,2,5,3,0,0,-1,0,1
59086,79.47882368,28.63593068,12,3,1,1,4,08:10,189,E06000014,6,0,6,30,9,4,6,0,0,0,1,1,1,0,0,1,2,E01013368,23-02-2018,1,1,1,1,33,6,2,0,0,0,0,-1,9,1
59087,79.58939535,18.69261356,12,3,2,1,4,18:30,189,E06000014,6,0,6,30,3,4,6,0,0,0,4,3,2,0,0,1,2,E01013396,23-02-2018,1,2,2,1,24,5,2,0,0,1,0,-1,9,-1
59088,85.31418952,26.04909756,12,2,2,3,4,20:37,181,E10000023,3,173,6,60,0,-1,-1,0,0,0,6,6,3,0,0,2,1,E01027598,23-02-2018,2,3,1,2,43,7,2,0,0,0,0,-1,9,1
59089,80.30742071,21.88844609,12,2,2,3,4,21:52,181,E10000023,3,173,6,60,0,-1,-1,0,0,0,6,6,3,0,0,2,1,E01027598,23-02-2018,1,1,3,1,3,1,3,4,9,0,0,-1,0,1
59090,80.92776988,21.65424406,12,2,1,1,4,22:15,184,E10000023,6,0,6,30,3,4,6,0,0,0,4,6,3,0,0,2,1,E01027771,23-02-2018,2,1,2,2,67,10,3,0,0,1,0,-1,9,1
59091,77.37734528,23.48631743,12,3,2,1,4,23:15,184,E10000023,3,66,6,60,0,-1,-1,0,0,0,6,6,3,0,0,2,1,E01027752,23-02-2018,2,2,1,1,66,10,3,0,0,0,0,-1,9,1
59092,88.06844068,15.44667886,12,2,3,3,5,06:28,184,E10000023,2,1,3,70,0,0,-1,0,0,0,1,3,2,0,3,2,1,E01027743,24-02-2018,1,1,3,1,9,2,2,5,2,0,0,-1,0,1
59093,71.91698218,16.14677596,12,3,3,3,5,10:45,182,E10000023,3,59,6,60,6,4,6,0,0,0,1,2,2,6,0,2,1,E01027695,24-02-2018,1,1,3,2,18,4,2,5,1,0,0,-1,0,1
59094,69.49599793,24.19207304,12,1,3,2,4,11:18,186,E10000023,3,171,6,60,6,4,6,0,0,0,6,6,2,0,6,2,1,E01027831,23-02-2018,1,1,3,2,44,7,3,10,9,0,0,-1,0,1
59095,82.56483281,23.2163344,12,3,1,1,5,20:49,189,E06000014,6,0,6,60,0,0,-1,0,0,0,4,1,2,0,0,2,1,E01013436,24-02-2018,1,1,1,2,26,6,3,0,0,0,0,-1,9,1
59096,69.53372613,30.59659735,12,3,1,1,6,05:45,180,E10000023,3,629,1,30,1,4,3,6068,0,0,4,1,1,0,0,2,1,E01027555,25-02-2018,2,2,1,2,29,6,3,0,0,0,0,-1,9,1
59097,87.88383987,22.99235818,12,3,2,1,6,12:20,189,E06000014,6,0,6,30,0,-1,-1,0,0,0,1,2,2,0,0,1,1,E01013380,25-02-2018,2,1,1,1,22,5,3,0,0,0,0,-1,9,1
59098,87.8702166,14.95188094,12,3,2,1,6,13:09,185,E10000023,6,0,6,30,3,4,6,0,0,0,1,1,1,0,0,2,1,E01027781,25-02-2018,2,1,1,1,46,8,3,0,0,0,0,-1,9,1
59099,78.44589044,15.85181346,12,3,4,1,6,13:10,182,E10000023,3,59,6,60,9,4,6,0,0,0,1,1,2,0,0,2,1,E01027703,25-02-2018,1,1,1,1,20,4,3,0,0,0,0,-1,9,1
59100,70.54313313,17.93409545,12,3,2,2,6,14:36,184,E10000023,3,6136,6,40,3,4,3,6136,0,0,1,1,2,0,0,2,1,E01027756,25-02-2018,1,3,2,1,20,4,3,0,0,1,0,-1,9,1
59101,72.68527019,28.16869765,12,3,2,1,6,18:08,186,E10000023,3,170,6,30,3,2,6,0,0,4,4,1,1,0,0,1,1,E01027804,25-02-2018,2,2,1,1,25,5,3,0,0,0,0,-1,9,1
59102,82.8401284,24.32606776,12,2,1,2,6,18:23,185,E10000023,3,169,6,60,3,4,3,64,0,0,6,1,2,0,0,2,1,E01027787,25-02-2018,2,1,1,2,20,4,3,0,0,0,0,-1,9,1
59103,74.94519914,22.631918,12,2,1,1,6,20:41,185,E10000023,4,1257,6,30,3,4,6,0,0,0,4,1,2,0,0,1,1,E01027785,25-02-2018,1,1,1,1,4,1,3,0,0,0,0,-1,1,1
59104,84.4236231,29.93770939,12,2,2,1,7,17:20,189,E06000014,6,0,6,30,6,4,6,0,0,0,1,2,2,0,0,1,2,E01013363,26-02-2018,1,1,1,1,15,3,3,0,0,0,0,-1,1,-1
59105,70.97738486,28.39995759,12,3,1,1,7,11:16,187,E10000023,4,1222,6,60,0,0,-1,0,0,0,1,2,2,0,0,2,1,E01027888,26-02-2018,1,1,1,1,17,4,3,0,0,0,0,-1,9,1
59106,70.9069039,18.71260277,12,1,3,6,7,12:09,181,E10000023,4,1264,6,60,0,0,-1,0,0,0,1,1,2,0,0,2,1,E01027592,26-02-2018,1,2,2,1,13,3,3,0,0,1,0,-1,9,1
59107,87.78585982,24.55700439,12,3,1,1,7,23:50,186,E10000023,6,0,6,60,0,0,-1,0,0,0,6,1,2,0,0,2,1,E01027821,26-02-2018,1,1,2,2,14,3,3,0,0,1,0,-1,9,1
59108,80.13090419,22.9227997,12,3,2,4,1,01:20,184,E10000023,4,6271,6,60,0,0,-1,0,0,0,6,1,2,0,0,2,1,E01027745,27-02-2018,1,1,1,2,34,6,3,0,0,0,0,-1,9,1
59109,80.11504668,28.51961804,12,3,1,4,1,02:31,189,E06000014,6,0,6,30,3,4,6,0,0,0,4,1,2,0,0,1,1,E01013431,27-02-2018,1,1,1,1,10,2,3,0,0,0,0,-1,1,-1
59110,73.99801862,20.71906062,12,3,1,1,1,12:00,182,E10000023,4,6265,6,60,0,-1,-1,0,0,0,1,1,1,0,0,2,1,E01027667,27-02-2018,1,1,3,1,6,2,3,5,2,0,0,-1,0,-1
59111,76.94559504,28.52917251,12,3,3,1,1,13:30,184,E10000023,3,6136,6,30,3,2,6,0,0,4,1,1,1,0,0,2,1,E01027754,27-02-2018,2,1,1,1,64,9,3,0,0,0,0,-1,9,1
59112,74.00469044,29.3204263,12,3,2,1,1,16:15,182,E10000023,6,0,6,30,3,4,3,6040,0,0,1,1,1,0,0,1,1,E01027656,27-02-2018,1,1,1,2,23,5,3,0,0,0,0,-1,9,1
59113,73.38731117,22.87989502,12,1,1,3,1,20:27,189,E06000014,3,1079,3,40,3,4,6,0,0,4,4,1,1,0,0,1,1,E01013420,27-02-2018,1,2,2,2,24,5,3,0,0,1,0,-1,9,-1
59114,77.34969194,18.25147802,12,3,2,1,2,08:55,181,E10000023,3,173,6,40,3,4,6,0,0,0,1,3,2,0,0,2,1,E01027624,28-02-2018,1,1,3,1,6,2,3,5,2,0,0,-1,0,1
59115,69.44463803,14.67491039,12,3,2,3,2,10:05,182,E10000023,3,658,6,60,6,4,6,0,0,0,1,1,1,0,0,2,1,E01027734,28-02-2018,2,1,2,2,71,10,3,0,0,2,4,-1,11,1
59116,83.66532793,21.75269904,12,2,4,1,2,11:32,182,E10000023,3,59,6,60,6,4,6,0,0,0,1,9,1,0,0,2,1,E01027695,28-02-2018,2,1,1,2,24,5,3,0,0,0,0,-1,9,-1
59117,72.2878755,29.23620456,12,3,2,1,2,13:10,181,E10000023,3,19,6,60,3,4,6,0,0,0,1,1,2,0,0,2,1,E01027600,28-02-2018,1,1,3,2,49,8,3,5,1,0,0,-1,0,1
59118,78.77133815,25.02555861,12,3,1,1,2,19:00,184,E10000023,3,684,6,60,0,-1,-1,0,0,0,6,2,2,0,0,2,1,E01027757,28-02-2018,1,2,2,2,77,11,3,0,0,2,0,-1,9,2
59119,75.84538955,18.97870154,12,3,3,2,3,07:45,182,E10000023,3,658,6,60,3,4,6,0,0,0,1,1,2,0,0,2,1,E01027704,01-03-2018,3,1,1,1,41,7,3,0,0,0,0,-1,8,1
59120,83.84872835,29.61550553,12,3,3,2,3,08:08,189,E06000014,3,64,3,70,9,4,6,0,0,0,1,1,2,0,0,2,1,E01013419,01-03-2018,2,1,1,1,44,7,3,0,0,0,0,-1,5,1
59121,87.5700171,14.90942466,12,3,2,1,3,09:00,186,E10000023,6,0,6,30,3,4,6,0,0,0,1,1,2,0,0,1,1,E01027817,01-03-2018,2,2,2,2,31,6,3,0,0,1,0,-1,5,1
59122,79.86177827,20.0177486,12,3,1,1,3,14:30,182,E10000023,6,0,6,30,0,0,-1,0,0,0,1,1,1,0,0,1,2,E01027727,01-03-2018,1,1,1,1,18,4,3,0,0,0,0,-1,9,1
59123,82.7655108,22.66797304,12,3,2,1,3,15:40,186,E10000023,6,0,1,30,2,4,6,0,0,0,1,2,2,0,0,1,2,E01027853,01-03-2018,2,1,1,1,57,9,3,0,0,0,0,-1,10,1
59124,84.79573846,29.74967495,12,1,1,1,3,16:30,186,E10000023,4,416,6,60,3,4,6,0,0,0,1,3,3,0,0,2,1,E01027821,01-03-2018,1,1,1,2,33,6,3,0,0,0,0,-1,4,1
59125,73.98424638,27.9324319,12,2,2,1,4,00:01,187,E10000023,3,63,6,60,0,0,-1,0,0,0,1,1,4,0,0,2,1,E01027881,02-03-2018,1,2,2,1,13,3,2,0,0,2,0,-1,4,1
59126,69.83344295,27.81638396,12,3,2,2,4,07:30,182,E10000023,6,0,6,60,3,4,6,0,0,0,1,3,3,0,0,1,1,E01027719,02-03-2018,1,1,1,1,21,5,3,0,0,0,0,-1,9,1
59127,80.55964787,21.39918102,12,2,2,1,4,08:47,182,E10000023,5,0,6,30,0,-1,-1,0,0,0,1,3,3,0,0,1,1,E01027717,02-03-2018,1,4,2,2,4,1,3,0,0,2,0,-1,9,1
59128,77.49913666,24.16132543,12,3,3,1,3,15:40,180,E10000023,6,0,6,30,0,-1,-1,0,0,0,1,1,1,0,0,2,1,E01027571,01-03-2018,2,2,1,1,61,9,3,0,0,0,0,-1,9,1
59129,75.76724026,22.71505694,12,3,2,1,4,10:20,186,E10000023,6,0,2,30,3,4,6,0,0,0,1,3,2,0,0,1,2,E01027806,02-03-2018,2,3,2,2,60,9,2,0,0,1,0,-1,9,1
59130,74.21685061,17.12697115,12,3,2,1,4,12:51,189,E06000014,3,1237,6,60,1,4,3,59,0,0,1,1,1,0,0,2,1,E01013422,02-03-2018,3,5,1,1,65,9,3,0,0,0,0,-1,9,-1
59131,77.98443784,22.24431741,12,3,1,3,4,16:40,187,E10000023,6,0,6,60,0,-1,-1,0,0,0,1,1,2,0,0,2,1,E01027923,02-03-2018,1,1,1,2,50,8,3,0,0,0,0,-1,9,-1
59132,80.08232509,28.49301572,12,1,1,1,4,20:15,187,E10000023,6,0,6,60,0,0,-1,0,0,0,6,1,1,0,0,2,1,E01027923,02-03-2018,2,2,1,1,68,10,3,0,0,0,0,-1,9,1
59133,79.52034998,16.778976,12,3,1,1,4,23:55,189,E06000014,6,0,6,30,3,4,6,0,0,0,4,1,1,0,0,1,1,E01013380,02-03-2018,1,1,1,2,29,6,3,0,0,0,0,-1,9,-1
59134,80.75194592,26.67076331,12,3,2,3,5,08:25,184,E10000023,3,6136,6,60,3,4,6,0,0,0,1,1,2,0,0,2,1,E01027746,03-03-2018,2,1,1,2,76,11,3,0,0,0,0,-1,9,1
59135,71.48381045,29.08680838,12,3,2,1,6,09:10,180,E10000023,3,6069,6,30,2,4,6,0,0,0,1,1,2,0,0,1,1,E01027577,04-03-2018,1,1,1,1,30,6,3,0,0,0,0,-1,3,-1
59136,83.86004423,22.19593551,12,3,2,1,6,21:47,189,E06000014,6,0,6,30,3,4,6,0,0,0,4,1,1,0,0,1,1,E01013345,04-03-2018,2,1,1,1,45,7,3,0,0,0,0,-1,1,1
59137,82.94614239,31.05872926,12,3,1,1,7,06:53,186,E10000023,3,165,6,60,0,0,-1,0,0,0,1,1,3,0,0,2,1,E01027835,05-03-2018,2,1,1,1,27,6,3,0,0,0,0,-1,9,1
59138,80.41108695,24.75926856,12,3,4,3,7,13:10,182,E10000023,3,658,6,60,1,4,4,6164,0,0,1,1,2,0,0,2,1,E01027671,05-03-2018,1,1,1,2,36,7,3,0,0,0,0,-1,9,2
59139,69.62527839,20.34719996,12,3,3,1,7,17:00,189,E06000014,6,0,6,30,6,4,6,0,0,0,1,1,1,0,0,1,1,E01013384,05-03-2018,1,2,3,1,2,1,3,10,2,0,0,-1,0,1
59140,73.2596355,23.14490302,12,3,1,1,1,09:10,181,E10000023,3,1,3,70,0,0,-1,0,0,0,1,1,1,0,0,2,1,E01027589,06-03-2018,1,1,1,1,45,7,2,0,0,0,0,-1,21,1
59141,82.94192691,21.90041362,12,3,2,1,1,10:25,182,E10000023,4,6165,6,60,3,4,6,0,0,0,1,1,1,0,0,2,1,E01027681,06-03-2018,1,1,1,1,23,5,3,0,0,0,0,-1,9,1
59142,81.92506465,19.78037951,12,2,4,3,1,12:46,180,E10000023,3,65,6,60,0,0,-1,0,0,0,1,1,1,0,0,2,1,E01027569,06-03-2018,3,2,1,1,53,8,3,0,0,0,0,-1,9,1
59143,83.96861387,21.82030141,12,2,2,4,1,14:25,189,E06000014,3,1237,6,60,0,0,-1,0,0,1,1,1,2,0,0,2,1,E01013421,06-03-2018,1,1,1,1,18,4,2,0,0,0,0,-1,3,1
59144,70.26920373,21.0691614,12,3,2,1,1,15:45,182,E10000023,3,61,6,60,3,4,6,0,0,0,1,1,1,0,0,2,1,E01027736,06-03-2018,2,2,1,2,36,7,3,0,0,0,0,-1,9,1
59145,79.00624453,22.59373889,12,2,3,1,1,16:53,181,E10000023,3,19,6,60,0,0,-1,0,0,0,1,1,1,0,0,2,1,E01027619,06-03-2018,2,1,1,1,35,6,3,0,0,0,0,-1,5,1
59146,80.20868037,26.35076209,12,3,1,1,2,07:29,180,E10000023,3,65,6,60,0,-1,-1,0,0,0,1,1,1,0,0,2,1,E01027569,07-03-2018,1,1,3,1,9,2,3,5,2,0,0,-1,0,1
59147,83.43451138,17.7434801,12,3,2,1,2,08:45,181,E10000023,3,61,1,30,1,4,3,170,0,0,1,1,1,0,0,2,1,E01027630,07-03-2018,2,1,1,2,80,11,3,0,0,0,0,-1,9,1
59148,69.44648279,25.48277667,12,3,2,1,2,09:09,182,E10000023,3,61,6,60,3,4,6,0,0,0,1,1,1,0,0,2,1,E01027736,07-03-2018,1,1,1,1,25,5,3,0,0,0,0,-1,9,1
59149,80.24953171,17.35360767,12,3,2,1,2,09:16,181,E10000023,3,19,6,60,3,4,6,0,0,0,1,1,1,0,0,2,1,E01027600,07-03-2018,1,1,3,2,49,8,3,9,8,0,0,-1,0,1
59150,76.54787953,19.11064219,12,3,2,1,2,09:25,186,E10000023,3,165,6,30,0,-1,-1,0,0,0,1,1,1,0,0,2,1,E01027855,07-03-2018,1,1,1,1,11,3,3,0,0,0,0,-1,1,1
59151,87.09055801,27.2535302,12,3,2,2,3,15:18,182,E10000023,3,61,2,30,6,2,6,0,0,4,1,1,1,0,0,1,1,E01027678,01-03-2018,2,1,2,1,24,5,3,0,0,1,0,-1,9,1
59152,69.09139305,21.0100655,12,3,1,1,2,22:36,184,E10000023,4,6270,6,60,0,0,-1,0,0,0,6,1,4,0,0,2,1,E01027764,07-03-2018,1,1,2,1,16,4,3,0,0,1,0,-1,9,1
59153,73.99359939,19.21303897,12,3,2,1,3,07:10,187,E10000023,6,0,6,60,0,-1,-1,0,0,0,1,1,2,0,0,2,1,E01027875,08-03-2018,1,1,3,2,28,6,3,6,9,0,0,-1,0,1
59154,77.49580699,25.22481931,12,3,3,1,3,09:27,182,E10000023,3,61,6,30,3,4,6,0,0,0,1,1,1,0,0,1,1,E01027730,08-03-2018,2,1,1,1,11,3,3,0,0,0,0,-1,1,-1
59155,81.1319362,17.94809117,12,3,1,1,3,10:10,189,E06000014,3,19,6,40,9,4,-1,-1,0,8,1,1,1,0,0,2,1,E01013430,08-03-2018,2,2,2,1,12,3,2,0,0,0,0,-1,1,-1
59156,84.91766463,25.84465458,12,3,2,1,3,13:50,189,E06000014,6,0,6,30,0,0,-1,0,0,4,1,1,1,0,0,1,2,E01013366,08-03-2018,1,6,2,2,22,5,3,0,0,1,0,-1,9,1
59157,72.74496716,23.05984748,12,3,2,1,3,17:15,181,E10000023,3,684,6,60,3,4,6,0,0,0,1,1,1,0,0,2,1,E01027613,08-03-2018,1,7,2,2,18,4,3,0,0,2,0,-1,9,1
59158,82.41367805,24.79231782,12,3,1,2,4,00:50,180,E10000023,3,682,6,60,0,-1,-1,0,0,0,6,1,2,0,0,2,1,E01027568,09-03-2018,1,8,1,1,21,5,3,0,0,0,0,-1,9,1
59159,82.25632464,27.75258949,12,3,1,1,4,06:31,187,E10000023,3,19,6,30,1,4,1,62,0,0,1,1,1,0,0,2,1,E01027924,09-03-2018,2,1,2,1,1,1,3,0,0,2,0,-1,9,1
59160,69.38129298,30.1971353,12,3,2,1,4,08:30,189,E06000014,6,0,6,30,9,-1,6,0,0,0,1,1,1,0,0,1,1,E01013404,09-03-2018,2,2,2,2,6,2,3,0,0,2,0,-1,9,1
59161,85.31255018,14.5076036,12,2,1,1,4,12:15,186,E10000023,3,174,6,60,0,-1,-1,0,0,0,1,2,2,0,0,2,1,E01027841,09-03-2018,2,3,2,1,7,2,3,0,0,2,0,-1,9,1
59162,84.07976643,29.21832585,12,3,2,1,4,17:00,181,E10000023,6,0,6,30,8,4,-1,-1,0,0,1,1,1,0,2,2,1,E01027619,09-03-2018,2,4,2,2,26,6,3,0,0,1,0,-1,9,1