Accident_Index,longitude,latitude,Police_Force,Accident_Severity,Number_of_Vehicles,Number_of_Casualties,Day_of_Week,Time,Local_Authority_(District),Local_Authority_(Highway),1st_Road_Class,1st_Road_Number,Road_Type,Speed_limit,Junction_Detail,Junction_Control,2nd_Road_Class,2nd_Road_Number,Pedestrian_Crossing-Human_Control,Pedestrian_Crossing-Physical_Facilities,Light_Conditions,Weather_Conditions,Road_Surface_Conditions,Special_Conditions_at_Site,Carriageway_Hazards,Urban_or_Rural_Area,Did_Police_Officer_Attend_Scene_of_Accident,LSOA_of_Accident_Location,Date,Vehicle_Reference,Casualty_Reference,Casualty_Class,Sex_of_Casualty,Age_of_Casualty,Age_Band_of_Casualty,Casualty_Severity,Pedestrian_Location,Pedestrian_Movement,Car_Passenger,Bus_or_Coach_Passenger,Pedestrian_Road_Maintenance_Worker,Casualty_Type,Casualty_Home_Area_Type
59163,87.85436872,29.72190867,12,2,2,3,4,22:00,180,E10000023,3,6068,6,60,0,-1,-1,0,0,0,6,2,2,0,7,2,1,E01027560,09-03-2018,2,5,1,1,26,6,3,0,0,0,0,-1,9,1
59164,80.77036023,15.76695312,12,2,2,1,5,07:25,185,E10000023,3,64,3,70,6,4,6,0,0,0,1,7,2,4,0,2,1,E01027797,10-03-2018,1,1,1,1,28,6,2,0,0,0,0,-1,5,1
59165,73.57287375,26.01847742,12,3,2,1,5,08:05,182,E10000023,3,658,6,60,3,4,6,0,0,0,1,1,2,0,0,2,1,E01027704,10-03-2018,1,2,2,1,16,4,2,0,0,2,0,-1,5,-1
59166,79.76774611,21.34416687,12,2,4,1,5,08:30,182,E10000023,3,661,6,30,0,0,-1,0,0,0,1,1,2,0,0,1,1,E01027669,10-03-2018,2,1,1,2,9,2,2,0,0,0,0,-1,1,1
59167,69.0913173,28.76317621,12,3,4,1,5,08:50,187,E10000023,6,0,6,30,3,4,6,0,0,0,1,1,1,0,0,2,1,E01027877,10-03-2018,2,1,1,1,34,6,3,0,0,0,0,-1,9,1
59168,87.80565038,28.65196008,12,2,2,3,5,15:40,186,E10000023,3,165,6,60,0,-1,-1,0,0,0,1,1,1,0,0,1,1,E01027820,10-03-2018,2,2,2,2,26,6,3,0,0,1,0,-1,9,1
59169,85.00008284,18.98916723,12,2,2,2,5,18:45,186,E10000023,4,1229,6,60,3,4,6,0,0,0,4,1,1,0,0,2,1,E01027833,10-03-2018,1,1,3,1,30,6,3,9,5,0,0,-1,0,-1
59170,82.44268075,15.05207763,12,3,3,1,5,20:51,180,E10000023,3,65,6,60,0,-1,-1,0,0,0,6,1,1,0,0,2,1,E01027568,10-03-2018,1,1,2,2,11,3,3,0,0,0,3,-1,11,-1
59171,82.2834201,25.74277092,12,3,1,1,5,22:33,184,E10000023,3,1,3,70,0,-1,-1,0,0,0,6,1,2,0,0,2,1,E01027761,10-03-2018,1,1,1,1,53,8,3,0,0,0,0,-1,9,1
59172,72.5764624,15.03213668,12,3,1,1,6,02:10,182,E10000023,4,6265,6,30,9,4,6,0,0,0,6,1,1,0,0,2,1,E01027688,11-03-2018,2,2,1,1,23,5,3,0,0,0,0,-1,9,-1
59173,88.27546697,20.22193082,12,2,2,4,6,08:30,182,E10000023,6,0,6,60,0,-1,-1,0,0,0,1,1,2,0,0,2,1,E01027688,11-03-2018,2,3,2,1,1,1,3,0,0,2,0,-1,9,-1
59174,85.59534594,20.09163285,12,3,2,1,6,09:05,184,E10000023,3,167,6,60,6,4,6,0,0,0,1,4,1,0,0,2,1,E01027751,11-03-2018,1,1,2,2,28,6,3,0,0,2,0,-1,19,1
59175,82.54366265,19.0250299,12,3,2,1,6,09:39,185,E10000023,3,64,6,60,3,4,4,1258,0,0,1,1,1,0,0,2,1,E01027796,11-03-2018,1,1,3,2,34,6,3,9,5,0,0,-1,0,1
59176,76.58898763,26.39863552,12,3,1,1,6,13:00,182,E10000023,6,0,6,30,0,0,-1,0,0,0,1,1,2,0,0,1,1,E01027673,11-03-2018,1,1,3,2,8,2,3,5,3,0,0,-1,0,-1
59177,85.45751473,24.33610094,12,3,2,1,6,16:40,181,E10000023,3,19,6,60,0,-1,-1,0,0,0,1,1,1,0,0,2,1,E01027600,11-03-2018,2,1,1,1,41,7,3,0,0,0,0,-1,9,1
59178,73.95911448,27.64095582,12,3,3,3,6,18:30,185,E10000023,6,0,6,30,6,4,6,0,0,0,1,2,2,0,0,1,1,E01027785,11-03-2018,1,1,3,2,12,3,3,5,1,0,0,-1,0,1
59179,75.35374491,25.78701806,12,3,1,1,6,19:47,186,E10000023,3,165,6,30,9,4,6,0,0,0,4,8,1,0,0,1,1,E01027868,11-03-2018,2,1,1,1,49,8,3,0,0,0,0,-1,9,3
59180,87.29040568,25.66806514,12,3,2,1,6,16:40,181,E10000023,3,19,6,60,6,4,6,0,0,0,1,1,1,0,0,2,1,E01027621,11-03-2018,2,2,2,2,33,6,3,0,0,1,0,-1,9,1
59181,77.12919318,22.38656295,12,3,1,1,7,02:08,181,E10000023,3,168,6,60,0,0,-1,0,0,0,6,1,1,0,0,2,1,E01027633,12-03-2018,1,1,3,2,58,9,3,1,1,0,0,-1,0,1
59182,71.03766194,19.90305346,12,3,2,1,7,11:43,182,E10000023,4,6161,6,30,2,4,6,0,0,0,1,1,1,0,0,2,1,E01027734,12-03-2018,1,1,2,2,12,3,3,0,0,0,4,-1,11,-1
59183,70.07433431,30.81452405,12,2,2,3,7,17:10,189,E06000014,3,166,6,60,0,0,-1,0,0,0,1,1,1,0,0,2,1,E01013351,12-03-2018,1,1,1,1,7,2,3,0,0,0,0,-1,1,1
59184,74.18763837,24.76575417,12,3,3,1,1,08:15,182,E10000023,3,559,3,60,0,-1,-1,0,0,0,1,1,1,0,0,2,1,E01027735,13-03-2018,1,1,3,1,5,1,3,10,9,0,0,-1,0,-1
59185,84.28487108,15.83298437,12,3,2,2,1,23:05,189,E06000014,6,0,6,30,3,4,6,0,0,1,4,1,1,0,6,1,2,E01013366,13-03-2018,1,1,3,2,60,9,3,5,1,0,0,-1,0,1
59186,73.68839473,18.42007705,12,2,1,1,1,11:44,186,E10000023,6,0,6,30,9,4,6,0,0,0,1,1,1,0,0,1,1,E01027817,13-03-2018,1,1,1,2,17,4,3,0,0,0,0,-1,9,1
59187,78.26815525,15.44176022,12,3,1,1,1,15:00,180,E10000023,3,629,6,60,1,4,6,0,0,0,1,1,1,0,0,2,1,E01027555,13-03-2018,2,2,2,2,82,11,3,0,0,1,0,-1,9,1
59188,81.1293557,19.74567309,12,3,2,1,1,15:40,182,E10000023,6,0,6,30,8,4,6,0,0,0,1,1,1,0,0,1,1,E01027730,13-03-2018,2,1,1,1,30,6,3,0,0,0,0,-1,4,1
59189,71.14353163,27.43542248,12,3,1,1,1,15:30,189,E06000014,6,0,6,30,0,-1,-1,0,0,0,1,1,1,0,0,1,2,E01013338,13-03-2018,2,1,1,1,23,5,3,0,0,0,0,-1,9,1
59190,82.34360646,14.55146636,12,3,2,1,1,18:23,189,E06000014,6,0,6,30,3,4,6,0,0,0,4,1,2,0,0,1,1,E01013353,13-03-2018,2,2,2,1,23,5,3,0,0,1,0,-1,9,1
59191,79.50575998,20.1680763,12,2,1,1,1,22:40,184,E10000023,3,1,1,60,1,4,3,66,0,0,4,1,1,0,0,2,1,E01027761,13-03-2018,2,1,1,1,35,6,3,0,0,0,0,-1,9,1
59192,88.34151188,16.81050928,12,2,1,1,2,03:00,181,E10000023,4,1264,6,60,0,-1,-1,0,0,0,6,1,2,0,0,2,1,E01027592,14-03-2018,2,2,2,1,25,5,3,0,0,2,0,-1,9,1
59193,71.32980062,20.1615987,12,3,1,1,2,08:25,186,E10000023,6,0,6,30,3,4,6,0,0,0,1,1,1,0,0,1,1,E01027817,14-03-2018,1,1,1,1,9,2,3,0,0,0,0,-1,1,1
59194,83.33716153,24.12448113,12,3,2,1,2,08:55,182,E10000023,3,1,3,60,0,-1,-1,0,0,0,1,1,1,0,0,2,1,E01027736,14-03-2018,2,1,1,1,30,6,3,0,0,0,0,-1,9,1
59195,76.05407193,17.63016947,12,3,1,1,2,09:10,187,E10000023,6,0,6,30,0,-1,-1,0,0,0,1,1,1,0,0,2,2,E01027895,14-03-2018,2,1,1,2,23,5,3,0,0,0,0,-1,9,1
59196,85.23874285,24.48058592,12,3,2,1,2,10:58,189,E06000014,6,0,6,30,3,4,6,0,0,0,1,1,1,0,0,1,1,E01013365,14-03-2018,1,1,1,1,10,2,3,0,0,0,0,-1,1,-1
59197,80.94389205,21.62324805,12,2,1,1,2,03:00,181,E10000023,4,1264,6,60,0,0,-1,0,0,0,6,1,2,0,0,2,1,E01027592,14-03-2018,2,1,1,1,17,4,2,0,0,0,0,-1,1,1
59198,83.52055081,21.10893746,12,3,1,1,2,15:55,180,E10000023,6,0,6,30,0,-1,-1,0,0,0,1,1,2,0,0,1,1,E01027577,14-03-2018,2,1,1,1,36,7,3,0,0,0,0,-1,1,1
59199,79.74607683,29.34195473,12,3,2,1,2,16:50,182,E10000023,3,61,6,30,0,-1,-1,0,0,8,1,1,1,0,0,1,1,E01027678,14-03-2018,1,1,3,1,48,8,3,9,5,0,0,-1,0,1
59200,79.9075563,14.95389445,12,3,3,2,2,17:40,180,E10000023,6,0,6,60,0,-1,-1,0,0,0,1,1,2,0,0,2,1,E01027586,14-03-2018,1,1,1,1,12,3,3,0,0,0,0,-1,1,1
59201,80.47465004,30.67439683,12,2,2,1,2,18:50,182,E10000023,3,61,6,60,7,4,3,1,0,0,6,2,2,0,0,2,1,E01027724,14-03-2018,1,1,1,1,17,4,3,0,0,0,0,-1,9,1
59202,71.3264116,25.32726116,12,2,2,4,2,19:48,184,E10000023,3,167,6,60,0,0,-1,0,0,0,4,2,2,0,0,2,1,E01027751,14-03-2018,1,1,3,2,9,2,3,5,1,0,0,-1,0,1
59203,71.82266994,26.78034812,12,3,2,2,3,09:15,184,E10000023,3,1,3,70,0,0,-1,0,0,0,1,1,1,0,0,2,1,E01027761,15-03-2018,2,1,2,1,27,6,3,0,0,2,0,-1,9,-1
59204,74.791379,26.69543191,12,3,2,2,3,10:53,181,E10000023,6,0,6,60,0,-1,-1,0,0,0,1,1,2,0,0,2,1,E01027622,15-03-2018,2,2,2,1,21,5,3,0,0,1,0,-1,9,-1
59205,80.13199405,18.90257145,12,3,2,1,1,19:30,182,E10000023,6,0,6,30,3,4,6,0,0,0,5,1,1,0,0,1,2,E01027648,13-03-2018,2,1,1,2,43,7,3,0,0,0,0,-1,9,1
59206,70.62406324,21.48044477,12,3,1,2,3,12:01,187,E10000023,3,63,1,60,1,4,3,1238,0,0,1,1,2,0,0,2,1,E01027899,15-03-2018,2,2,2,2,1,1,3,0,0,2,0,-1,9,1
59207,75.61658238,18.41989208,12,3,1,1,3,15:45,184,E10000023,6,0,6,30,3,4,6,0,0,0,1,2,2,0,0,2,1,E01027755,15-03-2018,1,1,3,2,31,6,3,5,3,0,0,-1,0,1
59208,85.85150305,14.77936178,12,1,1,1,3,16:00,186,E10000023,6,0,6,60,0,-1,-1,0,0,0,1,1,1,0,0,1,1,E01027845,15-03-2018,2,1,1,1,20,4,3,0,0,0,0,-1,3,1
59209,80.81900471,30.18413998,12,3,2,1,4,09:20,189,E06000014,6,0,6,30,0,-1,-1,0,0,5,1,1,1,0,0,1,1,E01013367,16-03-2018,1,1,3,1,6,2,3,5,4,0,0,-1,0,1
59210,84.22279204,20.28813561,12,3,2,1,4,11:10,189,E06000014,6,0,6,30,3,4,6,0,0,8,1,1,1,0,0,2,1,E01013422,16-03-2018,1,1,1,1,21,5,3,0,0,0,0,-1,9,1
59211,74.11508169,23.55758409,12,3,2,1,4,18:04,185,E10000023,6,0,6,60,6,4,6,0,0,0,1,1,1,0,0,2,1,E01027778,16-03-2018,1,3,2,2,22,5,3,0,0,1,0,-1,9,1
59212,83.94160792,28.69251414,12,3,2,1,4,14:45,189,E06000014,6,0,6,30,9,4,6,0,0,0,1,1,1,0,0,1,2,E01013363,16-03-2018,2,2,1,1,51,8,3,0,0,0,0,-1,9,1
59213,83.47871057,27.15397888,12,3,1,1,4,20:35,181,E10000023,6,0,6,60,0,-1,-1,0,0,0,1,1,1,0,0,2,1,E01027634,16-03-2018,2,1,1,2,6,2,3,0,0,0,0,-1,1,1
59214,69.91562825,29.43080904,12,2,2,1,4,21:08,182,E10000023,4,6265,6,60,3,4,6,0,0,0,6,4,1,6,0,2,1,E01027688,16-03-2018,2,1,1,1,62,9,3,0,0,0,0,-1,9,1
59215,71.1956657,16.09691286,12,3,1,1,5,00:15,180,E10000023,6,0,6,60,0,-1,-1,0,0,0,6,1,2,0,2,2,1,E01027586,17-03-2018,1,1,3,2,13,3,3,9,7,0,0,-1,0,1
59216,74.90572601,17.70534393,12,3,2,1,5,07:20,182,E10000023,4,6265,6,60,6,4,6,0,0,0,1,1,2,0,0,2,1,E01027695,17-03-2018,2,1,2,1,23,5,3,0,0,1,0,-1,9,1
59217,75.86127788,24.5738273,12,3,1,1,5,12:15,182,E10000023,6,0,6,60,0,0,-1,0,0,0,1,1,2,0,0,2,1,E01027687,17-03-2018,2,2,1,1,23,5,3,0,0,0,0,-1,9,-1
59218,72.86738135,21.0262469,12,3,2,1,6,09:25,185,E10000023,6,0,6,30,0,-1,-1,0,0,0,1,1,1,0,0,2,2,E01027792,25-03-2018,1,1,3,1,3,1,3,5,4,0,0,-1,0,1
59219,78.67063539,26.46653491,12,2,1,2,6,00:05,180,E10000023,6,0,6,60,9,4,6,0,0,0,6,1,2,0,0,2,1,E01027562,18-03-2018,2,1,1,1,58,9,3,0,0,0,0,-1,9,-1
59220,72.6046553,20.48683022,12,3,1,1,6,07:53,181,E10000023,6,0,6,60,0,-1,-1,0,0,0,1,1,2,0,0,2,1,E01027595,18-03-2018,3,1,1,2,48,8,3,0,0,0,0,-1,9,-1
59221,77.47851344,17.16543557,12,2,2,2,6,22:30,189,E06000014,3,1237,6,60,0,-1,-1,0,0,0,6,1,1,4,0,2,1,E01013421,18-03-2018,4,2,1,1,60,9,3,0,0,0,0,-1,5,1
59222,72.49036401,18.80632958,12,3,1,1,6,20:20,182,E10000023,4,6164,6,60,0,0,-1,0,0,0,6,1,1,0,0,2,1,E01027703,18-03-2018,1,1,1,1,54,8,3,0,0,0,0,-1,9,1
59223,87.93593952,23.8323797,12,2,1,1,6,22:00,181,E10000023,3,172,6,60,0,4,-1,0,0,0,6,1,1,0,0,2,1,E01027627,18-03-2018,2,2,1,1,20,4,3,0,0,0,0,-1,9,1
59224,74.21534149,26.30162883,12,3,2,1,7,07:45,189,E06000014,3,1036,6,30,0,-1,-1,0,0,0,1,1,1,0,0,1,1,E01013357,19-03-2018,2,3,2,2,18,4,3,0,0,2,0,-1,9,1
59225,75.75841677,15.95367991,12,3,2,3,7,13:50,187,E10000023,3,19,6,30,3,4,6,0,0,0,1,1,1,0,0,2,1,E01027924,19-03-2018,2,1,1,1,37,7,3,0,0,0,0,-1,10,1
59226,75.85886264,27.540583,12,3,2,1,7,14:15,182,E10000023,3,658,1,60,1,4,3,661,0,0,1,1,1,0,0,2,1,E01027704,19-03-2018,1,1,3,2,10,2,3,10,9,0,0,-1,0,1
59227,80.78878429,30.91185464,12,3,3,1,7,14:30,180,E10000023,6,0,6,60,0,-1,-1,0,0,0,1,1,1,0,0,2,1,E01027573,19-03-2018,1,1,3,1,61,9,3,9,7,0,0,-1,0,3
59228,71.22176677,30.49719315,12,3,1,1,7,20:10,180,E10000023,6,0,6,30,9,4,6,0,0,0,4,1,1,0,2,1,1,E01027584,19-03-2018,2,1,1,1,13,3,3,0,0,0,0,-1,1,1
59229,86.74669471,24.41202793,12,3,2,1,1,10:50,185,E10000023,6,0,6,30,3,4,3,170,0,0,1,1,1,0,0,2,1,E01027793,20-03-2018,1,1,1,1,33,6,3,0,0,0,0,-1,9,1
59230,82.00932285,24.23945104,12,3,2,1,1,16:55,186,E10000023,3,165,6,30,0,0,-1,0,0,0,1,1,1,0,0,2,2,E01027833,20-03-2018,2,2,1,1,34,6,3,0,0,0,0,-1,9,1
59231,74.54125897,17.51396288,12,2,1,1,1,20:56,185,E10000023,3,170,6,60,0,0,-1,0,0,0,4,2,2,0,0,2,1,E01027802,20-03-2018,2,3,2,2,20,4,3,0,0,1,0,-1,9,1
59232,77.74778825,31.06879999,12,3,2,1,1,23:45,184,E10000023,2,1,1,70,1,4,4,6276,0,0,6,2,2,0,0,2,1,E01027743,20-03-2018,3,4,1,2,22,5,3,0,0,0,0,-1,9,1
59233,75.33659386,15.38914813,12,3,3,2,2,09:35,181,E10000023,3,167,6,60,0,-1,-1,0,0,0,1,1,1,0,0,2,1,E01027604,21-03-2018,3,5,2,2,22,5,3,0,0,1,0,-1,9,1
59234,85.24350854,29.31724449,12,3,2,1,2,10:15,189,E06000014,6,0,1,30,1,4,6,0,0,0,1,1,1,0,0,1,2,E01013441,21-03-2018,2,1,1,2,19,4,3,0,0,0,0,-1,9,1
59235,75.68847055,28.27277107,12,2,3,3,2,14:48,181,E10000023,4,1365,6,60,3,4,6,0,0,0,1,1,1,0,0,2,1,E01027624,21-03-2018,1,1,1,1,17,4,3,0,0,0,0,-1,9,1
59236,80.18785698,27.21960049,12,3,1,1,2,16:05,182,E10000023,6,0,6,60,0,-1,-1,0,0,0,1,1,1,0,0,2,1,E01027684,21-03-2018,2,2,1,1,29,6,3,0,0,0,0,-1,9,1
59237,85.71140605,27.20383409,12,3,2,2,2,18:08,180,E10000023,3,6069,6,60,3,4,3,59,0,0,1,1,1,0,0,2,2,E01027562,21-03-2018,2,3,2,2,27,6,3,0,0,1,0,-1,9,1
59238,88.31962855,23.57119496,12,3,1,1,2,19:15,181,E10000023,3,684,6,30,0,-1,-1,0,0,0,1,1,1,0,0,2,1,E01027588,21-03-2018,2,1,1,2,31,6,3,0,0,0,0,-1,9,1
59239,75.22268235,15.07186353,12,3,2,1,2,22:28,182,E10000023,3,661,6,30,3,2,6,0,0,0,4,1,1,0,0,1,1,E01027660,21-03-2018,1,2,1,1,32,6,2,0,0,0,0,-1,5,-1
59240,74.36906337,23.78476722,12,3,2,1,3,13:05,186,E10000023,6,0,6,60,0,-1,-1,0,0,0,1,2,2,0,0,2,1,E01027866,22-03-2018,2,1,1,1,51,8,3,0,0,0,0,-1,9,1
59241,78.34459234,19.79819481,12,3,1,2,3,17:25,184,E10000023,6,0,6,60,0,-1,-1,0,0,0,1,1,1,4,2,2,1,E01027744,22-03-2018,1,2,2,2,29,6,3,0,0,1,0,-1,9,-1
59242,78.16791349,26.52767458,12,3,3,1,3,17:10,185,E10000023,4,1248,6,30,3,4,6,0,0,0,1,1,1,0,0,1,2,E01027790,22-03-2018,2,1,1,2,26,6,3,0,0,0,0,-1,9,1
59243,88.2646845,28.10635024,12,3,1,1,3,17:35,186,E10000023,3,169,6,60,0,-1,-1,0,0,0,1,2,2,0,0,2,1,E01027823,22-03-2018,2,1,1,2,19,4,3,0,0,0,0,-1,9,1
59244,77.31441004,16.33758802,12,3,1,1,3,19:39,180,E10000023,3,65,6,60,0,-1,-1,0,0,0,6,1,2,0,0,2,1,E01027570,22-03-2018,2,3,2,1,17,4,3,0,0,1,0,-1,9,1
59245,81.62368063,18.01438393,12,3,2,1,4,07:50,181,E10000023,3,684,2,30,9,4,6,0,0,0,1,1,1,0,0,1,1,E01027608,23-03-2018,2,4,2,1,19,4,3,0,0,2,0,-1,9,1
59246,77.30021251,19.42387175,12,2,3,2,4,08:37,181,E10000023,3,19,6,60,3,4,6,0,0,0,1,1,1,0,0,2,1,E01027634,23-03-2018,3,2,1,1,37,7,3,0,0,0,0,-1,9,1
59247,87.13142318,22.35248057,12,3,2,1,4,10:00,181,E10000023,6,0,6,30,0,0,-1,0,0,0,1,9,1,0,0,1,2,E01027608,16-03-2018,3,5,2,2,36,7,3,0,0,1,0,-1,9,1
59248,70.86973692,26.52543695,12,2,2,1,4,09:40,189,E06000014,3,59,6,60,8,4,-1,-1,0,0,1,1,1,0,0,2,1,E01013426,23-03-2018,2,1,1,1,41,7,3,0,0,0,0,-1,1,1
59249,73.16672459,27.56269538,12,3,3,1,4,13:14,182,E10000023,4,6265,6,60,8,4,-1,-1,0,0,1,1,1,0,0,2,1,E01027713,23-03-2018,1,1,3,1,15,3,2,9,7,0,0,-1,0,1
59250,85.99987301,30.33960586,12,3,1,1,4,13:35,189,E06000014,6,0,6,30,3,4,6,0,0,4,1,1,1,0,0,1,1,E01013416,23-03-2018,2,1,1,2,19,4,3,0,0,0,0,-1,9,1
59251,74.42022793,24.0254019,12,3,1,1,4,14:25,184,E10000023,4,6271,6,60,0,-1,-1,0,0,0,1,1,1,0,0,2,1,E01027745,23-03-2018,2,1,1,1,21,5,3,0,0,0,0,-1,9,1
59252,82.87626745,28.46127378,12,3,2,1,4,18:00,189,E06000014,6,0,6,30,0,-1,-1,0,0,0,1,1,1,0,0,2,1,E01013422,23-03-2018,2,2,2,2,18,4,3,0,0,1,0,-1,9,-1
59253,71.43330261,18.03628008,12,3,2,1,4,19:25,189,E06000014,6,0,6,30,9,4,6,0,0,0,4,9,1,0,2,1,2,E01013363,23-03-2018,3,3,1,1,46,8,3,0,0,0,0,-1,9,1
59254,88.33326594,23.93433828,12,3,1,1,3,07:56,187,E10000023,3,1041,6,60,0,-1,-1,0,0,0,1,2,2,0,0,1,1,E01027909,29-03-2018,4,4,1,2,46,8,3,0,0,0,0,-1,9,1
59255,75.64643019,27.2562343,12,3,2,2,5,09:44,182,E10000023,4,6265,6,30,3,4,6,0,0,0,1,1,2,0,0,1,1,E01027712,24-03-2018,2,1,1,2,30,6,3,0,0,0,0,-1,9,1
59256,82.78954103,14.84866162,12,2,2,3,5,10:00,181,E10000023,6,0,6,60,0,-1,-1,0,0,0,1,1,2,0,0,2,1,E01027636,24-03-2018,1,1,1,2,43,7,3,0,0,0,0,-1,9,1
59257,83.03752009,15.41312112,12,3,3,2,5,10:30,180,E10000023,4,6479,6,60,3,4,6,0,0,0,1,1,1,0,0,2,1,E01027571,24-03-2018,1,1,1,1,18,4,3,0,0,0,0,-1,9,-1
59258,75.94725753,16.46030747,12,3,2,2,5,11:40,180,E10000023,3,6069,6,60,3,4,3,59,0,0,1,1,1,0,0,2,1,E01027562,24-03-2018,1,2,2,1,16,4,3,0,0,2,0,-1,9,1
59259,86.45739536,21.25110367,12,3,1,1,5,13:55,182,E10000023,6,0,6,30,3,4,6,0,0,0,1,1,1,0,0,1,1,E01027657,24-03-2018,1,1,3,2,12,3,3,5,1,0,0,-1,0,1
59260,80.15114899,30.27374796,12,3,2,1,5,15:00,187,E10000023,6,0,6,30,0,-1,-1,0,0,0,1,1,1,0,0,1,1,E01027907,24-03-2018,2,1,1,2,22,5,3,0,0,0,0,-1,9,1
59261,70.22862929,24.72904921,12,2,2,1,5,15:40,181,E10000023,3,19,3,70,0,0,-1,0,0,0,1,1,1,0,0,2,1,E01027627,24-03-2018,1,1,1,1,18,4,3,0,0,0,0,-1,9,1
59262,71.87580609,18.5410119,12,3,1,1,5,15:50,187,E10000023,4,1222,6,60,0,-1,-1,0,0,0,1,1,1,0,2,2,1,E01027886,24-03-2018,1,2,2,1,16,4,2,0,0,1,0,-1,9,1
59263,69.82992252,26.69954587,12,3,2,1,5,16:05,182,E10000023,3,59,1,30,1,4,3,661,0,4,6,1,1,0,0,1,1,E01027658,24-03-2018,2,3,2,2,30,6,3,0,0,1,0,-1,9,1
59264,73.24166858,18.25556476,12,3,2,2,5,17:38,180,E10000023,6,0,6,30,3,4,6,0,0,0,1,1,1,0,0,2,1,E01027570,24-03-2018,2,4,2,2,6,2,3,0,0,2,0,-1,9,-1
59265,86.5054264,24.35628482,12,2,3,3,5,19:30,182,E10000023,3,59,6,60,0,0,-1,0,0,0,6,1,2,0,0,2,1,E01027682,24-03-2018,2,5,2,2,10,2,3,0,0,2,0,-1,9,1
59266,76.36667911,19.9644116,12,3,2,1,5,21:27,187,E10000023,3,645,6,60,9,4,6,0,0,0,6,8,2,0,0,2,1,E01027889,24-03-2018,1,1,1,1,57,9,3,0,0,0,0,-1,9,1
59267,85.12218073,24.70457493,12,1,2,2,6,13:50,185,E10000023,6,0,6,60,0,0,-1,0,0,0,1,1,1,0,0,2,1,E01027803,25-03-2018,2,1,1,1,37,7,3,0,0,0,0,-1,9,1
59268,74.32792714,24.55471088,12,2,1,1,6,15:20,186,E10000023,3,1039,1,30,1,4,3,165,0,0,1,1,1,0,0,2,2,E01027828,25-03-2018,2,1,1,2,46,8,3,0,0,0,0,-1,9,1
59269,70.26427246,29.7192455,12,3,2,1,6,11:30,189,E06000014,3,64,6,60,0,-1,-1,0,0,0,1,1,1,0,0,2,1,E01013437,25-03-2018,1,1,1,1,27,6,2,0,0,0,0,-1,9,-1
59270,77.46109607,23.94691325,12,3,1,1,6,18:05,189,E06000014,6,0,6,30,0,-1,-1,0,0,4,1,1,1,0,0,1,1,E01013367,25-03-2018,2,2,2,2,16,4,3,0,0,2,0,-1,9,1
59271,81.40535931,17.22793506,12,3,1,1,6,22:39,181,E10000023,3,172,6,60,0,-1,-1,0,0,0,6,1,1,0,0,2,1,E01027627,25-03-2018,2,1,1,2,20,4,3,0,0,0,0,-1,9,1
59272,87.54361763,30.60412432,12,3,1,1,6,23:10,180,E10000023,6,0,6,60,3,4,6,0,0,0,5,8,2,3,0,2,1,E01027555,25-03-2018,1,1,1,2,17,4,3,0,0,0,0,-1,9,1
59273,70.24070906,17.70458138,12,3,1,1,7,17:50,182,E10000023,6,0,6,60,0,0,-1,0,0,0,6,1,2,0,0,2,1,E01027735,26-03-2018,1,3,2,2,56,9,3,0,0,1,0,-1,9,1
59274,78.42435969,19.36207223,12,2,1,1,7,10:35,186,E10000023,3,1039,6,30,0,-1,-1,0,0,4,1,1,2,0,0,2,1,E01027827,26-03-2018,2,2,1,2,22,5,3,0,0,0,0,-1,9,1
59275,87.02116814,25.57912721,12,2,1,3,7,18:55,181,E10000023,6,0,6,60,0,-1,-1,0,0,0,6,2,2,0,0,2,1,E01027604,26-03-2018,2,1,1,1,32,6,3,0,0,0,0,-1,9,1
59276,86.98456109,29.21659913,12,3,2,3,7,19:40,189,E06000014,3,1079,6,30,6,2,6,0,0,5,1,1,2,0,0,1,1,E01013401,26-03-2018,1,1,1,1,18,4,3,0,0,0,0,-1,2,-1
59277,69.23811755,25.12845822,12,3,1,1,7,19:48,185,E10000023,3,170,6,60,0,0,-1,0,0,0,6,1,1,0,0,2,1,E01027780,26-03-2018,2,1,1,2,27,6,3,0,0,0,0,-1,9,1
59278,70.23674093,14.42099272,12,2,1,1,1,17:04,187,E10000023,3,162,6,60,0,0,-1,0,0,0,1,1,1,0,0,2,1,E01027892,27-03-2018,1,1,1,1,20,4,3,0,0,0,0,-1,9,1
59279,75.85487456,25.9194404,12,3,1,1,1,18:50,187,E10000023,6,0,6,30,0,-1,-1,0,0,0,4,2,2,0,0,1,1,E01027910,27-03-2018,1,3,3,2,10,2,3,1,2,0,0,-1,0,1
59280,72.21017643,30.99564898,12,2,3,1,1,19:15,185,E10000023,3,170,6,60,0,0,-1,0,0,0,6,2,2,0,0,2,1,E01027783,27-03-2018,2,2,1,2,30,6,3,0,0,0,0,-1,9,1
59281,79.95378891,28.38474774,12,1,1,4,1,22:36,185,E10000023,3,166,6,40,0,0,-1,0,0,8,4,2,2,0,0,2,1,E01013351,27-03-2018,1,1,2,2,34,6,3,0,0,0,4,-1,11,1