Accident_Index,longitude,latitude,Police_Force,Accident_Severity,Number_of_Vehicles,Number_of_Casualties,Day_of_Week,Time,Local_Authority_(District),Local_Authority_(Highway),1st_Road_Class,1st_Road_Number,Road_Type,Speed_limit,Junction_Detail,Junction_Control,2nd_Road_Class,2nd_Road_Number,Pedestrian_Crossing-Human_Control,Pedestrian_Crossing-Physical_Facilities,Light_Conditions,Weather_Conditions,Road_Surface_Conditions,Special_Conditions_at_Site,Carriageway_Hazards,Urban_or_Rural_Area,Did_Police_Officer_Attend_Scene_of_Accident,LSOA_of_Accident_Location,Date,Vehicle_Reference,Casualty_Reference,Casualty_Class,Sex_of_Casualty,Age_of_Casualty,Age_Band_of_Casualty,Casualty_Severity,Pedestrian_Location,Pedestrian_Movement,Car_Passenger,Bus_or_Coach_Passenger,Pedestrian_Road_Maintenance_Worker,Casualty_Type,Casualty_Home_Area_Type
59402,69.64155262,28.75156232,12,3,1,1,4,14:40,180,E10000023,3,59,6,60,0,-1,-1,0,0,0,1,1,1,0,0,2,1,E01027586,13-04-2018,2,2,1,2,26,6,3,0,0,0,0,-1,9,1
59403,69.10720913,29.82089149,12,2,1,1,4,15:02,181,E10000023,4,6271,6,60,0,-1,-1,0,0,0,1,1,1,0,0,2,1,E01027604,13-04-2018,1,1,1,2,18,4,3,0,0,0,0,-1,1,1
59404,80.7910014,28.11942864,12,3,3,11,4,16:00,184,E10000023,3,6108,6,60,0,-1,-1,0,0,0,1,1,1,0,0,2,1,E01027761,13-04-2018,1,1,3,1,32,6,3,10,9,0,0,-1,0,1
59405,75.67654589,15.74378962,12,3,3,1,4,08:00,182,E10000023,6,0,6,30,3,2,6,0,0,5,1,1,2,0,0,1,2,E01027677,13-04-2018,2,1,1,1,46,8,3,0,0,0,0,-1,9,1
59406,85.27881806,28.85800375,12,3,2,1,4,18:00,182,E10000023,6,0,6,60,0,-1,-1,0,0,0,1,1,1,0,0,2,1,E01027725,13-04-2018,1,1,3,2,68,10,2,8,3,0,0,-1,0,1
59407,84.72496927,30.67647776,12,3,3,1,4,19:10,187,E10000023,3,1238,6,30,0,-1,-1,0,0,0,1,1,2,0,0,1,2,E01027913,13-04-2018,1,1,1,1,19,4,3,0,0,0,0,-1,9,1
59408,86.16999644,16.34892202,12,3,1,1,4,21:10,181,E10000023,4,1365,6,30,0,-1,-1,0,0,0,4,1,1,0,0,2,1,E01027625,13-04-2018,2,1,1,1,27,6,3,0,0,0,0,-1,1,1
59409,77.88944421,25.11061372,12,3,3,1,5,07:35,187,E10000023,3,19,6,40,0,-1,-1,0,0,0,1,2,2,0,0,2,1,E01027903,14-04-2018,1,1,3,2,14,3,3,5,1,0,0,-1,0,1
59410,70.08606678,28.04765488,12,3,2,1,5,08:05,189,E06000014,6,0,1,30,2,4,6,0,0,0,1,2,2,0,0,1,1,E01013383,14-04-2018,1,1,3,1,12,3,3,4,2,0,0,-1,0,1
59411,84.03594781,22.45970813,12,2,2,2,5,08:55,184,E10000023,6,0,6,60,6,4,6,0,0,0,1,2,2,0,0,2,1,E01027757,14-04-2018,1,1,1,2,36,7,3,0,0,0,0,-1,9,1
59412,71.32871882,29.14097146,12,3,2,1,5,14:58,189,E06000014,6,0,2,30,0,-1,-1,0,0,0,1,1,1,0,0,1,1,E01013369,14-04-2018,2,2,1,2,34,6,3,0,0,0,0,-1,11,1
59413,82.07887702,22.9991282,12,3,2,1,5,09:30,185,E10000023,3,64,1,60,1,4,3,169,0,0,1,2,2,0,0,2,2,E01027787,14-04-2018,2,3,2,2,74,10,3,0,0,0,4,-1,11,-1
59414,86.30337178,29.75244953,12,3,2,1,5,17:55,180,E10000023,3,6069,6,30,3,4,6,0,0,0,1,1,1,0,0,1,1,E01027581,14-04-2018,1,1,1,1,50,8,3,0,0,0,0,-1,11,1
59415,80.32260402,29.87650783,12,3,1,1,5,19:40,184,E10000023,6,0,6,60,0,-1,-1,0,0,0,1,5,2,0,0,2,1,E01027758,14-04-2018,1,1,3,1,59,9,3,9,5,0,0,-1,0,-1
59416,84.68682538,18.30435969,12,3,2,1,6,07:45,189,E06000014,3,1079,6,60,3,4,6,0,0,0,1,1,2,0,0,2,1,E01013351,15-04-2018,2,1,2,1,35,6,3,0,0,1,0,-1,9,1
59417,69.65827341,19.47317841,12,3,2,2,6,08:49,182,E10000023,6,0,1,30,1,4,6,0,0,0,1,1,1,0,0,1,1,E01027678,15-04-2018,2,1,1,2,33,6,3,0,0,0,0,-1,9,1
59418,71.44503743,15.55855674,12,3,2,1,6,13:30,181,E10000023,3,61,6,30,0,-1,-1,0,0,0,1,1,1,0,0,2,2,E01027637,15-04-2018,2,1,2,2,38,7,3,0,0,1,0,-1,9,1
59419,69.57513098,28.74825768,12,3,2,1,6,14:43,182,E10000023,3,59,6,60,9,4,6,0,0,0,1,8,2,0,0,2,1,E01027735,15-04-2018,2,1,1,1,16,4,3,0,0,0,0,-1,2,-1
59420,69.68803732,22.05752692,12,3,2,1,6,17:16,182,E10000023,6,0,1,30,1,4,6,0,0,1,1,2,2,3,0,1,1,E01027678,15-04-2018,1,1,1,1,17,4,3,0,0,0,0,-1,3,1
59421,76.00257839,24.12072966,12,3,3,3,6,17:47,187,E10000023,1,62,7,60,1,4,3,19,0,0,1,1,2,4,0,2,1,E01027924,15-04-2018,2,2,2,2,30,6,3,0,0,2,0,-1,9,1
59422,77.30401694,24.26101064,12,3,2,1,6,18:10,184,E10000023,3,1,1,60,1,4,3,66,0,0,1,2,2,0,0,2,1,E01027761,15-04-2018,1,1,3,1,31,6,3,8,1,0,0,-1,0,-1
59423,79.90785273,28.78042636,12,1,2,2,7,08:36,189,E06000014,3,1237,6,60,0,-1,-1,0,0,0,1,1,1,0,0,2,1,E01013407,16-04-2018,2,1,1,2,37,7,3,0,0,0,0,-1,9,1
59424,75.7277407,22.50344687,12,3,2,1,7,11:16,189,E06000014,6,0,2,30,3,4,6,0,0,0,1,1,1,0,0,1,2,E01013416,16-04-2018,1,1,3,1,14,3,3,5,3,0,0,-1,0,1
59425,73.10212757,16.33452458,12,2,1,1,7,13:47,186,E10000023,6,0,6,30,3,4,6,0,0,0,1,1,1,0,0,2,1,E01027836,16-04-2018,2,1,2,2,19,4,3,0,0,1,0,-1,90,1
59426,79.13236698,30.67360985,12,3,1,1,7,15:39,185,E10000023,3,64,3,70,0,-1,-1,0,0,0,1,1,1,0,0,2,1,E01027774,16-04-2018,1,1,1,1,39,7,2,0,0,0,0,-1,5,1
59427,77.7988957,27.83690292,12,1,2,6,7,16:09,186,E10000023,3,171,6,60,6,4,6,0,0,0,1,1,1,0,0,2,1,E01027840,16-04-2018,2,1,1,1,26,6,3,0,0,0,0,-1,9,1
59428,85.8055006,27.15423078,12,3,2,1,7,14:30,182,E10000023,3,59,6,30,0,-1,-1,0,0,4,1,1,1,0,0,1,2,E01027729,16-04-2018,1,1,3,2,27,6,3,5,1,0,0,-1,0,1
59429,74.526929,25.94121049,12,3,2,1,7,19:05,181,E10000023,3,19,6,60,8,4,6,0,0,0,1,1,1,0,0,2,1,E01027595,16-04-2018,2,1,1,2,35,6,3,0,0,0,0,-1,9,1
59430,74.34744825,16.25663183,12,2,2,2,7,20:04,185,E10000023,6,0,6,30,3,4,6,0,0,0,1,1,1,0,0,2,1,E01027778,16-04-2018,2,2,2,2,53,8,3,0,0,1,0,-1,9,1
59431,78.54942689,28.39064657,12,3,2,1,7,22:25,186,E10000023,6,0,6,30,0,-1,-1,0,0,0,4,1,1,0,0,2,1,E01027840,16-04-2018,2,1,1,2,45,7,3,0,0,0,0,-1,9,1
59432,73.66233763,22.67056748,12,2,3,2,1,00:10,185,E10000023,6,0,6,30,0,-1,-1,0,0,0,4,1,1,0,0,1,1,E01027791,17-04-2018,1,1,2,1,22,5,3,0,0,1,0,-1,9,-1
59433,79.26113581,14.48947802,12,2,1,1,1,14:15,185,E10000023,3,169,6,60,0,-1,-1,0,0,0,1,1,1,0,0,2,1,E01027802,17-04-2018,2,2,1,2,47,8,3,0,0,0,0,-1,9,1
59434,80.52719161,30.83822311,12,3,2,5,1,16:45,186,E10000023,3,165,6,60,3,4,6,0,0,0,1,1,1,0,0,2,1,E01027833,17-04-2018,1,1,1,1,19,4,3,0,0,0,0,-1,9,1
59435,85.36966629,28.16649403,12,3,2,1,1,18:00,184,E10000023,6,0,6,30,0,-1,-1,0,0,0,1,1,1,0,0,2,2,E01027749,17-04-2018,1,1,1,1,29,6,3,0,0,0,0,-1,9,-1
59436,75.31610388,26.03213367,12,3,1,1,2,05:06,181,E10000023,3,1,3,70,0,-1,-1,0,0,0,6,2,2,0,2,2,1,E01027593,18-04-2018,1,1,1,1,46,8,3,0,0,0,0,-1,9,-1
59437,72.08894197,16.18231504,12,3,1,1,2,08:00,189,E06000014,6,0,6,30,3,4,6,0,0,0,1,2,2,0,0,1,1,E01013345,18-04-2018,2,1,1,1,59,9,3,0,0,0,0,-1,9,1
59438,85.43899854,26.13116478,12,2,4,3,2,12:42,185,E10000023,3,170,6,60,0,-1,-1,0,0,0,1,1,2,0,0,2,1,E01027802,18-04-2018,2,1,1,2,46,8,3,0,0,0,0,-1,9,3
59439,86.56982104,17.62368009,12,3,1,1,2,13:26,189,E06000014,6,0,6,30,0,-1,-1,0,0,4,1,1,2,0,0,1,1,E01013407,18-04-2018,2,1,1,1,61,9,3,0,0,0,0,-1,9,1
59440,70.0593403,18.37379377,12,3,2,3,2,14:23,184,E10000023,2,1,3,70,0,-1,-1,0,0,0,1,2,2,0,0,2,1,E01027759,18-04-2018,1,1,1,2,30,6,2,0,0,0,0,-1,9,1
59441,72.50748505,19.45917786,12,1,2,1,2,14:35,182,E10000023,3,1,3,70,0,-1,-1,0,0,0,1,1,1,0,0,2,1,E01027736,18-04-2018,3,2,1,2,22,5,3,0,0,0,0,-1,9,1
59442,82.46250589,21.92241946,12,3,2,1,2,15:01,184,E10000023,6,0,6,30,3,4,6,0,0,0,1,1,2,0,0,2,1,E01027749,18-04-2018,1,1,3,2,79,11,1,4,1,0,0,-1,0,1
59443,72.84247202,18.55666486,12,3,1,1,2,16:50,182,E10000023,6,0,2,60,3,4,6,0,0,4,1,1,1,0,0,1,1,E01027678,18-04-2018,1,1,3,2,9,2,3,8,1,0,0,-1,0,1
59444,73.25826426,25.16606918,12,2,2,4,2,20:34,186,E10000023,3,1039,6,40,3,4,6,0,0,0,4,1,1,0,0,2,1,E01027835,18-04-2018,1,1,1,1,19,4,3,0,0,0,0,-1,9,3
59445,79.10518569,15.15376423,12,3,2,2,2,21:00,184,E10000023,6,0,6,30,0,-1,-1,0,0,0,4,4,2,0,0,2,2,E01027755,18-04-2018,1,3,2,2,17,4,3,0,0,1,0,-1,9,1
59446,78.11657979,21.62546272,12,3,2,1,3,06:54,181,E10000023,6,0,6,30,0,-1,-1,0,0,0,1,8,1,0,0,2,1,E01027602,19-04-2018,1,4,2,2,18,4,3,0,0,2,0,-1,9,-1
59447,70.06641149,28.41551527,12,2,3,2,3,07:13,180,E10000023,3,65,6,60,9,4,6,0,0,0,1,1,1,0,0,2,1,E01027568,19-04-2018,2,2,1,2,69,10,3,0,0,0,0,-1,9,1
59448,70.30369156,18.2838587,12,3,2,3,3,10:00,182,E10000023,3,59,6,30,3,2,6,0,0,5,1,1,1,0,0,1,2,E01027657,19-04-2018,1,1,3,2,26,6,3,6,9,0,0,-1,0,1
59449,75.34144023,22.68716279,12,3,1,1,3,13:20,187,E10000023,3,63,1,60,2,4,3,19,0,0,1,1,1,0,0,2,1,E01027880,19-04-2018,2,1,1,1,50,8,3,0,0,0,0,-1,9,1
59450,83.52551287,14.43270263,12,3,2,1,3,15:45,184,E10000023,6,0,6,60,6,4,6,0,0,0,1,1,1,0,0,2,1,E01027757,19-04-2018,1,1,3,1,18,4,3,1,4,0,0,-1,0,1
59451,74.48522988,17.27858481,12,3,2,1,3,13:15,189,E06000014,6,0,6,30,0,-1,-1,0,0,0,1,1,1,0,0,2,2,E01013376,19-04-2018,2,1,1,1,24,5,3,0,0,0,0,-1,9,1
59452,81.57550264,15.71440332,12,3,1,2,3,21:05,182,E10000023,3,59,6,60,0,-1,-1,0,0,0,6,1,1,0,7,2,1,E01027684,19-04-2018,2,2,2,2,19,4,2,0,0,1,0,-1,9,-1
59453,85.10975381,25.52360538,12,3,1,1,3,23:20,189,E06000014,6,0,6,30,0,-1,-1,0,0,5,4,1,1,0,0,1,1,E01013366,19-04-2018,2,3,2,2,20,4,3,0,0,1,0,-1,9,1
59454,81.99485106,17.21622892,12,3,1,1,4,02:24,182,E10000023,6,0,6,30,0,0,-1,0,0,0,4,2,2,0,2,1,1,E01027654,20-04-2018,2,1,3,1,23,5,3,9,6,0,0,-1,0,-1
59455,72.14731989,25.25494561,12,3,2,1,4,09:40,185,E10000023,3,64,6,60,3,4,6,0,0,0,1,1,1,0,0,2,1,E01027796,20-04-2018,1,1,1,2,34,6,3,0,0,0,0,-1,9,1
59456,87.41688698,26.07825869,12,3,2,1,5,00:20,186,E10000023,3,170,6,40,8,4,-1,-1,0,0,4,1,1,0,0,2,1,E01027814,21-04-2018,2,2,1,2,32,6,3,0,0,0,0,-1,9,1
59457,82.76705337,25.69763249,12,3,2,1,5,08:15,189,E06000014,6,0,6,30,0,-1,-1,0,0,4,1,1,1,0,2,1,1,E01013366,21-04-2018,1,1,1,2,54,8,3,0,0,0,0,-1,9,1
59458,71.3342446,15.36429097,12,3,2,1,5,09:07,186,E10000023,6,0,2,30,9,4,-1,-1,0,0,1,1,1,0,0,1,1,E01027870,21-04-2018,2,2,1,1,39,7,3,0,0,0,0,-1,5,3
59459,77.03150767,21.97475078,12,3,6,1,5,14:19,186,E10000023,3,171,6,30,0,-1,-1,0,0,0,1,9,1,0,0,2,1,E01027836,21-04-2018,2,1,1,1,18,4,3,0,0,0,0,-1,3,1
59460,87.80821529,22.62698316,12,3,1,1,5,15:26,189,E06000014,6,0,6,30,3,4,6,0,0,5,1,1,1,0,0,1,1,E01013394,21-04-2018,1,1,1,1,55,8,3,0,0,0,0,-1,9,-1
59461,72.79215798,16.70280484,12,3,2,1,5,17:35,189,E06000014,6,0,6,60,0,-1,-1,0,0,0,1,1,1,0,0,2,1,E01013376,21-04-2018,2,1,1,2,28,6,3,0,0,0,0,-1,9,1
59462,69.74698989,29.86435915,12,3,3,1,5,17:45,182,E10000023,3,6108,6,40,0,-1,-1,0,0,0,1,1,1,0,2,2,1,E01027667,21-04-2018,1,1,2,2,17,4,3,0,0,1,0,-1,9,-1
59463,72.28401103,29.02317678,12,3,2,1,5,18:40,189,E06000014,3,19,2,30,0,-1,-1,0,0,0,1,1,1,0,0,1,1,E01013364,21-04-2018,2,2,2,2,24,5,3,0,0,1,0,-1,9,-1
59464,83.29598283,19.74284406,12,2,2,1,5,22:00,182,E10000023,3,59,6,60,3,2,6,0,0,5,4,1,1,0,0,1,1,E01027658,21-04-2018,1,1,3,1,25,5,2,5,3,0,0,-1,0,1
59465,76.36027226,21.94535193,12,2,2,1,6,08:55,181,E10000023,6,0,1,30,1,4,6,0,0,4,1,1,1,0,0,1,2,E01027611,22-04-2018,1,1,3,1,10,2,3,5,4,0,0,-1,0,1
59466,80.58544828,22.38666998,12,3,1,1,6,12:04,181,E10000023,3,170,6,60,9,4,6,0,0,0,1,1,1,0,0,2,1,E01027637,22-04-2018,2,1,1,2,33,6,3,0,0,0,0,-1,9,1
59467,79.29217138,26.16475522,12,1,4,4,6,12:45,185,E10000023,3,64,6,60,0,-1,-1,0,0,0,1,1,1,0,0,2,1,E01027778,22-04-2018,1,1,1,1,17,4,3,0,0,0,0,-1,2,2
59468,87.44649443,18.37128231,12,3,4,1,6,13:08,184,E10000023,3,6136,6,30,0,-1,-1,0,0,0,1,1,1,0,0,2,1,E01027747,22-04-2018,2,1,1,2,45,7,3,0,0,0,0,-1,9,1
59469,81.02879559,29.14435084,12,3,4,1,6,13:32,182,E10000023,3,61,6,30,3,4,6,0,0,0,1,1,1,0,0,1,1,E01027655,22-04-2018,2,2,2,1,46,8,3,0,0,1,0,-1,9,1
59470,79.51849391,16.95375006,12,3,1,1,6,14:08,182,E10000023,2,1,3,70,0,-1,-1,0,0,0,1,1,1,0,0,2,1,E01027703,22-04-2018,1,1,3,1,26,6,2,6,9,0,0,-1,0,1
59471,70.80530055,18.31281972,12,3,1,3,6,14:25,186,E10000023,3,171,6,60,0,-1,-1,0,0,0,1,1,1,0,0,2,1,E01027832,22-04-2018,1,1,3,1,59,9,3,9,9,0,0,-1,0,1
59472,85.6253662,27.23915463,12,3,1,1,6,15:20,189,E06000014,6,0,2,30,0,-1,-1,0,0,1,1,1,1,0,0,1,1,E01013367,22-04-2018,1,1,3,1,11,3,2,5,1,0,0,-1,0,1
59473,85.40337627,25.8182641,12,2,3,1,6,15:44,185,E10000023,3,64,3,70,3,4,6,0,0,0,1,1,1,0,0,2,1,E01027797,22-04-2018,2,1,1,1,23,5,3,0,0,0,0,-1,9,1
59474,72.12930758,16.22484206,12,2,2,3,6,16:02,181,E10000023,6,0,1,30,1,4,6,0,0,0,1,1,1,0,0,2,1,E01027625,22-04-2018,1,1,3,2,14,3,3,5,2,0,0,-1,0,-1
59475,73.29002737,15.75756014,12,3,2,1,6,16:27,189,E06000014,6,0,6,30,0,-1,-1,0,0,0,1,1,1,0,0,1,1,E01013348,22-04-2018,1,1,1,1,27,6,3,0,0,0,0,-1,9,1
59476,86.15298419,29.58893935,12,2,2,2,6,16:31,182,E10000023,4,6451,6,60,3,4,6,0,0,0,1,1,1,0,0,2,1,E01027734,22-04-2018,2,1,1,2,45,7,3,0,0,0,0,-1,9,1
59477,88.18817283,25.09232558,12,2,1,1,6,17:10,182,E10000023,6,0,6,30,1,4,6,0,0,0,1,1,1,0,0,2,1,E01027644,22-04-2018,1,1,1,2,71,10,2,0,0,0,0,-1,9,1
59478,76.88498824,25.75356507,12,2,2,5,7,10:44,185,E10000023,6,0,6,60,0,-1,-1,0,0,0,1,1,1,0,0,2,1,E01027797,23-04-2018,1,1,3,2,23,5,3,5,1,0,0,-1,0,1
59479,73.94091772,19.39910842,12,3,1,1,7,11:45,189,E06000014,6,0,6,30,0,-1,-1,0,2,1,1,1,1,0,0,1,1,E01013367,23-04-2018,2,1,1,1,24,5,3,0,0,0,0,-1,9,-1
59480,69.43262442,22.6074425,12,1,1,1,7,14:38,181,E10000023,3,19,3,70,0,-1,-1,0,0,0,1,1,1,0,0,2,1,E01027627,23-04-2018,2,1,1,2,57,9,3,0,0,0,0,-1,9,1
59481,80.40597093,15.83872839,12,2,2,2,7,18:12,182,E10000023,6,0,6,30,6,4,6,0,0,0,1,1,1,0,0,1,1,E01027708,23-04-2018,1,1,3,2,29,6,3,6,9,0,0,-1,0,-1
59482,87.70361701,30.67584288,12,3,1,1,7,21:00,186,E10000023,3,165,6,30,6,2,6,0,0,4,4,1,1,0,0,1,2,E01027804,23-04-2018,2,1,2,2,50,8,3,0,0,1,0,-1,9,1
59483,81.49167609,25.33493039,12,3,2,1,7,21:35,186,E10000023,3,165,6,30,6,2,6,0,0,4,4,1,1,0,0,1,1,E01027852,23-04-2018,2,2,2,2,16,4,3,0,0,2,0,-1,9,1
59484,84.67586192,16.31633072,12,2,1,1,1,12:05,180,E10000023,4,6479,6,60,0,-1,-1,0,0,0,1,1,1,0,0,2,1,E01027571,24-04-2018,2,1,1,1,40,7,3,0,0,0,0,-1,8,-1
59485,72.09124966,15.73202412,12,2,2,2,1,14:15,186,E10000023,3,170,6,30,8,4,6,0,0,0,1,1,1,0,0,2,1,E01027815,24-04-2018,2,2,2,2,19,4,3,0,0,2,0,-1,8,-1
59486,86.07748094,28.49281816,12,3,2,2,1,16:25,182,E10000023,6,0,6,60,0,-1,-1,0,0,0,1,1,1,0,0,2,1,E01027681,24-04-2018,2,1,1,1,44,7,3,0,0,0,0,-1,8,1
59487,76.6470933,29.69868073,12,2,2,1,1,17:15,184,E10000023,4,6255,6,60,0,-1,-1,0,0,0,1,1,1,0,0,2,1,E01027753,24-04-2018,1,1,1,1,25,5,3,0,0,0,0,-1,9,1
59488,76.61630499,21.38549914,12,3,1,1,1,17:33,189,E06000014,6,0,6,30,3,4,6,0,0,0,1,1,1,0,0,1,1,E01013415,24-04-2018,2,2,1,1,20,4,3,0,0,0,0,-1,9,1
59489,82.90603566,26.38385914,12,3,2,1,1,17:49,186,E10000023,3,171,6,60,0,-1,-1,0,0,0,1,1,1,0,0,2,1,E01027841,24-04-2018,1,1,3,2,79,11,3,5,1,0,0,-1,0,1
59490,83.12332311,23.84981314,12,2,1,4,1,23:02,182,E10000023,3,59,6,60,0,-1,-1,0,0,0,6,1,1,0,0,2,1,E01027664,24-04-2018,1,2,3,2,84,11,3,5,1,0,0,-1,0,1
59491,75.08811514,16.3669998,12,3,1,1,2,00:01,189,E06000014,3,19,6,60,0,-1,-1,0,0,0,6,1,1,0,0,2,2,E01013430,25-04-2018,1,1,3,2,79,11,2,5,3,0,0,-1,0,1
59492,74.47222682,27.70160212,12,2,1,2,2,00:04,182,E10000023,6,0,6,60,0,-1,-1,0,0,0,6,1,1,0,0,2,1,E01027696,25-04-2018,1,1,3,1,11,3,3,5,1,0,0,-1,0,1
59493,77.57141875,14.83424679,12,3,2,1,2,04:48,186,E10000023,3,164,1,30,1,4,6,0,0,7,4,1,1,0,0,1,1,E01027810,25-04-2018,2,1,2,1,19,4,3,0,0,1,0,-1,9,-1
59494,73.64112104,26.81391997,12,3,2,1,2,11:00,185,E10000023,3,170,6,60,0,-1,-1,0,0,0,1,1,1,0,0,2,1,E01027781,25-04-2018,2,2,2,2,19,4,3,0,0,2,0,-1,9,-1
59495,76.49491917,26.25440878,12,3,3,1,3,20:30,180,E10000023,3,629,6,60,6,3,6,0,0,0,7,1,1,0,0,2,2,E01027555,15-02-2018,2,3,1,1,20,4,3,0,0,0,0,-1,9,3
59496,86.50795778,29.98793851,12,3,3,1,2,15:46,182,E10000023,2,1,3,70,0,-1,-1,0,0,0,1,1,1,0,0,2,1,E01027703,25-04-2018,2,1,1,1,16,4,3,0,0,0,0,-1,2,1
59497,81.75547941,26.03576456,12,3,2,1,2,16:15,189,E06000014,3,64,1,60,1,4,3,1079,0,0,1,1,1,0,0,2,2,E01013351,25-04-2018,1,1,1,1,80,11,3,0,0,0,0,-1,9,1
59498,71.38699178,21.70388201,12,3,2,2,3,06:08,187,E10000023,3,63,6,60,0,-1,-1,0,0,0,1,2,2,0,0,2,1,E01027893,26-04-2018,2,1,1,1,36,7,3,0,0,0,0,-1,9,1
59499,85.05803117,21.50285951,12,2,2,1,3,07:35,185,E10000023,3,169,6,60,9,4,-1,-1,0,0,1,2,2,0,0,2,1,E01027787,26-04-2018,1,1,3,1,52,8,3,9,5,0,0,-1,0,-1
59500,80.16097375,19.13533775,12,2,1,1,3,08:55,181,E10000023,6,0,6,60,0,-1,-1,0,0,0,1,2,2,7,0,2,1,E01027636,26-04-2018,2,1,2,2,50,8,3,0,0,1,0,-1,9,1
59501,72.18137517,17.14758184,12,3,2,1,3,09:25,181,E10000023,3,19,6,60,3,4,6,0,0,0,1,2,2,0,0,2,1,E01027600,26-04-2018,2,2,2,2,28,6,3,0,0,2,0,-1,9,1
59502,74.3870162,25.57178874,12,3,2,2,3,10:48,182,E10000023,3,61,6,60,0,-1,-1,0,0,0,1,1,2,4,0,2,1,E01027642,26-04-2018,1,1,1,2,31,6,3,0,0,0,0,-1,9,1
59503,73.37390836,29.73323489,12,3,3,2,3,10:40,189,E06000014,6,0,2,30,7,2,6,0,0,5,1,1,1,0,0,1,1,E01013415,26-04-2018,1,1,1,2,67,10,3,0,0,0,0,-1,9,1
59504,76.10907626,21.10265205,12,3,1,1,3,11:25,182,E10000023,6,0,6,30,1,4,6,0,0,0,1,1,1,0,0,1,1,E01027656,26-04-2018,2,2,2,2,27,6,3,0,0,1,0,-1,9,1
59505,86.69112831,26.66012721,12,3,2,1,3,12:18,181,E10000023,6,0,6,30,3,4,4,1257,0,0,1,1,1,0,0,2,2,E01027624,26-04-2018,1,1,2,2,71,10,3,0,0,1,0,-1,9,1
59506,84.40161383,22.58427533,12,2,1,1,3,14:28,182,E10000023,3,661,6,30,6,4,6,0,0,4,1,1,1,0,0,1,1,E01027660,26-04-2018,1,1,3,1,64,9,3,6,9,0,0,-1,0,-1
59507,72.93154413,17.99046779,12,3,2,1,3,17:23,182,E10000023,3,61,6,60,3,4,6,0,0,0,1,1,1,0,0,2,1,E01027724,26-04-2018,1,1,3,1,11,3,2,5,1,0,0,-1,0,1
59508,71.65320188,21.64903893,12,3,2,1,3,18:41,181,E10000023,3,167,6,30,0,-1,-1,0,0,0,1,1,1,0,0,1,1,E01027611,26-04-2018,2,1,1,1,49,8,3,0,0,0,0,-1,5,1
59509,81.9843683,21.00304223,12,3,2,1,3,18:50,180,E10000023,3,6068,6,40,8,4,6,0,0,0,1,2,2,0,0,2,1,E01027560,26-04-2018,2,1,1,1,18,4,3,0,0,0,0,-1,9,1
59510,75.90230511,30.86955993,12,3,2,1,4,07:50,187,E10000023,6,0,6,30,9,4,6,0,0,0,1,1,1,0,0,1,2,E01027909,27-04-2018,2,1,1,2,26,6,3,0,0,0,0,-1,9,3
59511,86.14938952,25.32404492,12,3,2,1,6,12:50,186,E10000023,6,0,6,30,0,0,-1,0,0,0,1,1,1,0,0,1,2,E01027806,27-05-2018,2,2,2,2,26,6,3,0,0,1,0,-1,9,1
59512,86.98448608,20.86785927,12,3,1,1,4,16:59,182,E10000023,6,0,6,30,6,4,6,0,0,0,1,1,1,0,0,1,1,E01027649,27-04-2018,1,1,3,1,13,3,3,5,2,0,0,-1,0,1
59513,81.32077142,16.89846602,12,3,2,1,4,16:30,181,E10000023,4,6267,6,60,9,4,6,0,0,0,1,1,1,0,0,2,2,E01027628,27-04-2018,2,1,1,2,22,5,3,0,0,0,0,-1,9,1
59514,84.61845654,28.33248884,12,3,2,1,4,19:33,189,E06000014,6,0,6,30,8,4,3,1036,0,0,1,1,1,0,0,1,2,E01013358,27-04-2018,1,1,1,1,-1,-1,3,0,0,0,0,-1,9,-1
59515,73.70251336,14.73476528,12,2,2,2,5,04:00,187,E10000023,3,645,6,60,3,4,6,0,0,0,6,2,2,0,0,2,1,E01027884,28-04-2018,2,1,1,1,33,6,3,0,0,0,0,-1,9,1
59516,81.71784322,28.93677576,12,2,2,1,5,08:09,181,E10000023,6,0,6,60,0,-1,-1,0,0,0,1,1,2,0,0,2,1,E01027601,28-04-2018,2,2,2,1,22,5,3,0,0,1,0,-1,9,1
59517,77.79388183,17.29292161,12,2,2,4,5,12:00,189,E06000014,6,0,6,40,8,4,-1,-1,0,0,1,9,1,0,0,1,1,E01013420,28-04-2018,2,1,2,1,23,5,3,0,0,1,0,-1,9,1
59518,73.87433101,23.91453756,12,3,2,2,5,12:25,182,E10000023,4,6265,6,60,3,4,6,0,0,0,1,1,1,0,0,2,1,E01027695,28-04-2018,2,1,2,2,23,5,3,0,0,1,0,-1,9,1
59519,80.4227104,19.31052373,12,3,1,1,5,16:00,181,E10000023,6,0,6,30,0,0,-1,0,0,0,1,1,1,0,0,2,2,E01027588,28-04-2018,1,1,1,2,19,4,3,0,0,0,0,-1,9,-1
59520,74.6714739,20.07167752,12,2,2,5,5,16:48,185,E10000023,3,64,3,70,3,4,6,0,0,0,1,1,1,0,0,2,1,E01027786,28-04-2018,2,2,1,1,44,7,3,0,0,0,0,-1,9,2
59521,77.14863351,26.81142424,12,3,1,2,5,17:19,181,E10000023,3,1,3,60,0,-1,-1,0,0,0,1,4,1,0,0,2,1,E01027593,28-04-2018,2,3,2,2,40,7,3,0,0,2,0,-1,9,2