Accident_Index,longitude,latitude,Police_Force,Accident_Severity,Number_of_Vehicles,Number_of_Casualties,Day_of_Week,Time,Local_Authority_(District),Local_Authority_(Highway),1st_Road_Class,1st_Road_Number,Road_Type,Speed_limit,Junction_Detail,Junction_Control,2nd_Road_Class,2nd_Road_Number,Pedestrian_Crossing-Human_Control,Pedestrian_Crossing-Physical_Facilities,Light_Conditions,Weather_Conditions,Road_Surface_Conditions,Special_Conditions_at_Site,Carriageway_Hazards,Urban_or_Rural_Area,Did_Police_Officer_Attend_Scene_of_Accident,LSOA_of_Accident_Location,Date,Vehicle_Reference,Casualty_Reference,Casualty_Class,Sex_of_Casualty,Age_of_Casualty,Age_Band_of_Casualty,Casualty_Severity,Pedestrian_Location,Pedestrian_Movement,Car_Passenger,Bus_or_Coach_Passenger,Pedestrian_Road_Maintenance_Worker,Casualty_Type,Casualty_Home_Area_Type
59641,80.21252076,27.4770907,12,2,2,2,7,13:45,180,E10000023,3,59,6,60,0,-1,-1,0,0,0,1,1,1,0,0,2,1,E01027586,14-05-2018,2,1,1,1,62,9,3,0,0,0,0,-1,19,-1
59642,73.94634978,17.85316973,12,3,2,1,7,14:25,182,E10000023,3,61,6,60,0,-1,-1,0,0,0,1,1,1,0,0,2,1,E01027665,14-05-2018,3,2,1,1,39,7,3,0,0,0,0,-1,19,-1
59643,84.59381197,30.97450696,12,2,2,3,7,14:55,187,E10000023,4,1222,6,60,0,-1,-1,0,0,0,1,1,1,0,0,2,1,E01027902,14-05-2018,2,1,1,2,53,8,3,0,0,0,0,-1,9,-1
59644,70.13691966,17.78781797,12,3,3,1,6,11:45,185,E10000023,4,1258,6,60,0,-1,-1,0,0,0,1,1,1,0,0,2,2,E01027796,13-05-2018,2,1,1,1,22,5,3,0,0,0,0,-1,9,1
59645,85.67327625,18.20456198,12,2,2,2,7,17:33,180,E10000023,4,6160,6,30,0,-1,-1,0,0,0,1,1,1,0,0,2,1,E01027557,14-05-2018,2,1,1,2,22,5,3,0,0,0,0,-1,9,1
59646,81.99200496,17.87404423,12,3,1,1,7,18:20,184,E10000023,4,6271,6,60,0,-1,-1,0,0,0,1,1,1,0,0,2,1,E01027745,14-05-2018,2,2,2,2,20,4,3,0,0,1,0,-1,9,1
59647,77.65767956,21.8256314,12,3,3,1,7,18:20,182,E10000023,3,59,6,60,3,4,4,6265,0,8,1,1,1,0,0,2,1,E01027696,14-05-2018,1,1,3,1,12,3,3,5,3,0,0,-1,0,1
59648,79.93207366,21.08225662,12,3,1,1,7,19:50,184,E10000023,2,66,3,70,0,-1,-1,0,0,0,1,1,1,0,0,2,1,E01027743,14-05-2018,1,1,1,1,71,10,3,0,0,0,0,-1,9,-1
59649,76.89804009,26.07854605,12,3,1,2,7,22:30,189,E06000014,6,0,6,40,0,-1,-1,0,0,0,4,1,1,0,7,2,1,E01013404,14-05-2018,2,1,1,1,17,4,3,0,0,0,0,-1,2,1
59650,76.05275039,21.58497734,12,3,2,1,1,02:20,189,E06000014,6,0,6,30,6,2,6,0,0,0,4,1,1,0,0,1,1,E01013415,15-05-2018,1,1,3,1,4,1,3,6,6,0,0,-1,0,1
59651,87.20709487,27.86575321,12,3,2,1,1,09:48,187,E10000023,6,0,6,30,3,4,6,0,0,0,1,1,1,0,0,2,1,E01027916,15-05-2018,2,1,1,1,47,8,3,0,0,0,0,-1,1,1
59652,75.19950657,29.72521333,12,3,2,1,7,18:00,180,E10000023,4,6160,6,60,0,-1,-1,0,0,0,1,1,1,0,0,2,2,E01027585,14-05-2018,1,1,3,2,33,6,3,6,9,0,0,-1,0,-1
59653,87.33949219,16.55754696,12,3,1,1,1,12:42,189,E06000014,3,1237,1,60,1,4,4,1363,0,0,1,1,1,0,0,2,1,E01013431,15-05-2018,2,1,1,2,23,5,3,0,0,0,0,-1,9,1
59654,69.91380461,17.77315507,12,3,1,1,1,11:01,181,E10000023,4,6271,6,60,0,-1,-1,0,0,0,1,1,1,0,0,2,1,E01027604,15-05-2018,2,1,1,1,16,4,3,0,0,0,0,-1,2,-1
59655,80.02697223,16.946223,12,2,2,6,1,14:06,181,E10000023,3,19,3,70,9,4,6,0,0,0,1,1,1,0,0,2,1,E01027637,15-05-2018,1,1,3,2,41,7,1,3,3,0,0,-1,0,-1
59656,83.5991357,14.69286742,12,1,2,2,1,16:29,184,E10000023,3,6108,6,60,3,4,6,0,0,0,1,1,1,0,0,2,1,E01027760,15-05-2018,1,1,3,2,54,8,2,5,3,0,0,-1,0,1
59657,87.8887036,18.76522912,12,3,1,1,2,09:15,182,E10000023,6,0,1,30,1,4,3,61,0,0,1,1,2,0,0,1,1,E01027730,16-05-2018,1,1,3,1,14,3,3,9,9,0,0,-1,0,1
59658,72.17423495,18.22984341,12,3,2,1,2,09:30,189,E06000014,6,0,6,30,0,-1,-1,0,0,0,1,1,2,0,0,1,2,E01013407,16-05-2018,2,1,1,1,36,7,3,0,0,0,0,-1,9,1
59659,78.04140002,14.52101282,12,3,1,1,2,13:00,184,E10000023,4,1263,6,30,8,4,-1,-1,0,0,1,1,1,0,0,2,1,E01027745,16-05-2018,2,2,2,1,31,6,3,0,0,1,0,-1,9,1
59660,85.70186594,28.0507949,12,3,2,1,2,15:57,180,E10000023,4,6265,6,30,3,4,6,0,0,0,1,1,1,0,0,2,1,E01027585,16-05-2018,2,3,2,2,27,6,3,0,0,2,0,-1,9,1
59661,87.94077967,23.4492883,12,3,2,2,2,19:42,184,E10000023,3,6136,6,30,8,4,-1,-1,0,4,1,1,1,0,0,2,1,E01027754,16-05-2018,2,1,2,1,44,7,3,0,0,1,0,-1,9,1
59662,70.06787746,29.9031936,12,3,1,1,2,23:37,184,E10000023,4,6274,6,60,0,-1,-1,0,0,0,6,1,1,0,0,2,1,E01027752,16-05-2018,2,2,1,2,39,7,3,0,0,0,0,-1,9,1
59663,79.10295413,15.00537196,12,3,1,1,3,08:40,181,E10000023,6,0,6,30,0,-1,-1,0,0,0,1,1,1,0,0,1,2,E01027612,17-05-2018,1,1,1,1,27,6,2,0,0,0,0,-1,9,1
59664,82.14161696,21.98459762,12,3,1,2,3,15:32,181,E10000023,3,168,6,60,0,-1,-1,0,0,0,1,1,1,0,0,2,1,E01027633,17-05-2018,1,2,2,1,24,5,3,0,0,2,0,-1,9,1
59665,80.60673117,27.04315375,12,3,1,1,3,15:56,182,E10000023,3,61,1,30,1,4,6,0,0,0,1,1,1,0,0,1,1,E01027679,17-05-2018,1,3,2,1,30,6,2,0,0,1,0,-1,9,-1
59666,75.88793309,23.1269112,12,2,1,1,3,18:15,185,E10000023,6,0,6,60,3,4,6,0,0,0,1,1,1,0,0,2,1,E01027803,17-05-2018,1,1,2,1,60,9,3,0,0,0,4,-1,11,1
59667,79.77953976,26.58145931,12,2,1,1,3,18:15,182,E10000023,6,0,6,60,3,4,6,0,0,0,1,1,1,0,0,2,1,E01027684,17-05-2018,1,2,2,2,71,10,3,0,0,0,4,-1,11,1
59668,81.36646778,23.20883448,12,2,2,2,3,21:25,187,E10000023,3,19,6,60,6,4,3,63,0,7,1,1,1,0,0,2,1,E01027897,17-05-2018,1,3,2,2,76,11,3,0,0,0,4,-1,11,1
59669,69.36410326,22.06141529,12,3,2,1,3,16:20,185,E10000023,6,0,6,60,0,-1,-1,0,0,0,1,1,1,0,0,2,2,E01027777,17-05-2018,1,4,2,2,87,11,3,0,0,0,4,-1,11,1
59670,85.78508606,29.30263172,12,2,1,3,3,23:41,189,E06000014,4,1363,6,30,0,-1,-1,0,0,0,4,1,1,0,0,1,1,E01013350,17-05-2018,2,1,1,2,32,6,3,0,0,0,0,-1,9,1
59671,77.46907446,22.41836429,12,3,2,1,4,08:45,187,E10000023,3,64,6,60,5,4,6,0,0,0,1,1,1,4,0,2,1,E01027875,18-05-2018,1,1,3,1,11,3,3,5,1,0,0,-1,0,1
59672,81.455616,25.23351446,12,3,2,1,4,09:20,189,E06000014,3,19,1,60,1,4,3,64,0,0,1,1,1,0,0,2,1,E01013365,18-05-2018,1,1,3,1,19,4,3,6,9,0,0,-1,0,1
59673,71.16060551,28.20931762,12,3,2,1,1,18:00,186,E10000023,3,165,6,30,9,4,6,0,0,0,1,1,1,0,0,1,2,E01027852,15-05-2018,1,2,3,1,22,5,3,6,9,0,0,-1,0,1
59674,88.40261855,24.81512901,12,3,2,1,2,15:45,186,E10000023,6,0,6,30,0,-1,-1,0,0,0,1,1,2,0,0,2,2,E01027849,16-05-2018,1,1,3,1,14,3,2,5,3,0,0,-1,0,-1
59675,84.48886643,24.92400064,12,3,1,1,4,21:10,186,E10000023,3,165,6,60,0,-1,-1,0,0,0,6,1,1,0,0,2,1,E01027835,18-05-2018,1,2,3,1,14,3,3,5,3,0,0,-1,0,-1
59676,71.4206942,18.8777957,12,2,2,1,5,07:32,182,E10000023,4,6265,6,60,0,-1,-1,0,0,0,1,1,2,0,0,2,1,E01027702,19-05-2018,1,1,3,2,11,3,3,5,4,0,0,-1,0,-1
59677,78.0820754,23.66213952,12,3,1,1,5,08:15,182,E10000023,6,0,6,30,6,4,6,0,1,0,1,2,2,0,0,1,1,E01027713,19-05-2018,1,1,3,1,4,1,3,5,1,0,0,-1,0,1
59678,81.23737585,18.77813513,12,2,1,1,5,08:50,185,E10000023,3,170,6,40,0,-1,-1,0,0,0,1,1,1,0,0,2,1,E01027794,19-05-2018,1,1,1,2,38,7,3,0,0,0,0,-1,9,1
59679,75.65407313,24.18959655,12,2,1,2,5,15:30,185,E10000023,6,0,6,60,0,-1,-1,0,0,0,1,1,1,0,0,2,1,E01027782,19-05-2018,2,2,1,1,56,9,3,0,0,0,0,-1,20,1
59680,77.00723304,14.56652743,12,3,1,1,5,15:58,186,E10000023,6,0,6,30,8,4,6,0,0,0,1,1,1,0,0,2,1,E01027833,19-05-2018,2,1,1,1,32,6,3,0,0,0,0,-1,9,1
59681,84.58173047,30.81557717,12,3,2,1,5,16:20,189,E06000014,3,1079,6,30,9,4,6,0,0,0,1,1,1,0,0,1,1,E01013363,19-05-2018,1,1,3,1,8,2,2,5,3,0,0,-1,0,1
59682,80.83982285,25.55827585,12,3,2,1,1,13:10,187,E10000023,1,62,3,70,0,-1,-1,0,0,0,1,9,1,0,0,2,2,E01027924,24-04-2018,2,1,1,2,40,7,3,0,0,0,0,-1,9,1
59683,79.41455354,18.44096416,12,3,2,1,6,01:50,182,E10000023,3,61,6,30,1,4,3,59,0,0,4,2,2,0,0,1,1,E01027691,20-05-2018,1,1,3,2,12,3,2,5,1,0,0,-1,0,1
59684,83.67334827,25.98730972,12,3,2,1,6,05:55,189,E06000014,3,19,6,60,8,4,-1,-1,0,0,1,1,1,0,0,2,1,E01013450,20-05-2018,1,2,3,2,11,3,2,5,1,0,0,-1,0,1
59685,83.81922408,20.92977208,12,3,4,1,6,07:40,181,E10000023,3,167,6,60,8,4,6,0,0,0,1,2,2,0,0,2,1,E01027592,20-05-2018,2,1,1,2,37,7,3,0,0,0,0,-1,9,1
59686,69.16475103,28.178604,12,3,2,1,6,06:35,184,E10000023,6,0,9,30,9,4,6,0,0,0,1,1,2,0,0,2,2,E01027754,20-05-2018,2,1,1,1,46,8,3,0,0,0,0,-1,9,3
59687,86.29917151,14.62269304,12,1,1,1,6,10:27,186,E10000023,3,174,6,60,0,-1,-1,0,0,0,1,1,1,0,0,2,1,E01027841,20-05-2018,3,1,1,2,50,8,3,0,0,0,0,-1,9,1
59688,71.36297012,30.74582789,12,3,2,1,6,11:52,189,E06000014,6,0,6,30,3,4,6,0,0,0,1,9,1,0,0,1,1,E01013405,20-05-2018,1,1,3,2,14,3,3,6,9,0,0,-1,0,1
59689,79.66609835,17.75958708,12,2,2,2,6,16:52,189,E06000014,6,0,6,60,0,-1,-1,0,0,0,1,1,1,0,0,1,1,E01013370,20-05-2018,1,1,2,2,37,7,3,0,0,1,0,-1,8,1
59690,77.68776755,29.84986889,12,3,1,1,5,17:00,185,E10000023,4,1257,6,30,3,4,6,0,0,0,1,1,1,0,0,1,2,E01027785,19-05-2018,1,1,1,1,21,5,3,0,0,0,0,-1,9,1
59691,74.9017136,29.74438471,12,3,2,1,7,04:00,189,E06000014,6,0,6,60,8,4,6,0,0,0,6,1,1,0,0,2,1,E01013437,21-05-2018,1,2,2,1,22,5,3,0,0,2,0,-1,9,1
59692,75.47554149,25.54701282,12,2,3,2,7,23:48,187,E10000023,6,0,6,30,0,-1,-1,0,0,0,4,1,2,0,0,2,1,E01027898,21-05-2018,1,3,2,2,21,5,3,0,0,1,0,-1,9,1
59693,77.84542569,30.52776679,12,3,2,1,1,11:54,186,E10000023,3,171,6,60,0,-1,-1,0,0,0,1,1,1,0,0,2,1,E01027838,22-05-2018,2,1,1,1,50,8,3,0,0,0,0,-1,9,1
59694,69.34017712,25.28919701,12,3,2,1,1,15:28,182,E10000023,4,6451,6,60,0,-1,-1,0,0,0,1,2,2,0,0,2,1,E01027734,22-05-2018,1,1,1,1,33,6,3,0,0,0,0,-1,9,1
59695,82.00645877,30.50709084,12,3,3,3,1,16:45,180,E10000023,3,65,6,60,0,-1,-1,0,0,0,1,1,2,0,0,2,1,E01027562,22-05-2018,1,1,1,1,39,7,3,0,0,0,0,-1,1,1
59696,87.15720766,24.46920932,12,3,2,4,1,18:10,186,E10000023,6,0,6,60,0,-1,-1,0,0,0,6,1,1,0,0,2,1,E01027841,22-05-2018,1,1,3,2,16,4,3,4,4,0,0,-1,0,-1
59697,79.42055205,29.49392116,12,3,2,1,1,21:22,189,E06000014,4,1363,6,60,9,4,-1,-1,0,8,7,9,2,0,0,2,1,E01013377,22-05-2018,2,1,1,1,65,9,3,0,0,0,0,-1,9,1
59698,87.99250537,28.77253838,12,3,1,1,2,06:30,187,E10000023,3,1238,6,60,0,-1,-1,0,0,0,1,9,2,0,7,1,2,E01027878,23-05-2018,1,1,3,1,13,3,3,5,1,0,0,-1,0,1
59699,76.75849761,28.08475355,12,3,2,2,2,06:42,181,E10000023,6,0,6,60,0,-1,-1,0,0,0,1,1,1,0,0,2,1,E01027622,23-05-2018,1,1,3,1,16,4,3,9,6,0,0,-1,0,1
59700,84.57482558,22.02417293,12,3,2,2,2,08:25,189,E06000014,3,19,6,30,3,4,6,0,0,0,1,1,1,0,0,1,1,E01013344,23-05-2018,1,1,1,1,34,6,3,0,0,0,0,-1,9,1
59701,87.8011503,16.64868966,12,3,1,1,2,08:25,186,E10000023,6,0,6,30,3,4,6,0,0,0,1,1,1,0,0,1,1,E01027842,23-05-2018,2,2,1,1,23,5,3,0,0,0,0,-1,9,-1
59702,69.92066621,24.56505748,12,2,2,1,2,09:13,186,E10000023,3,171,6,40,0,-1,-1,0,0,0,1,1,1,0,0,2,1,E01027866,23-05-2018,2,1,1,2,36,7,3,0,0,0,0,-1,9,1
59703,71.40338824,24.47585973,12,3,3,1,2,09:30,186,E10000023,3,170,6,60,9,4,6,0,0,0,1,1,1,0,0,2,1,E01027814,23-05-2018,1,1,2,2,67,10,3,0,0,1,0,-1,9,1
59704,78.12113873,18.57683435,12,3,3,1,2,08:45,182,E10000023,6,0,6,30,0,-1,-1,0,0,0,1,9,2,0,0,1,2,E01027731,23-05-2018,1,2,1,2,24,5,3,0,0,0,0,-1,9,1
59705,78.33146071,23.00238866,12,3,1,1,2,11:55,187,E10000023,3,19,6,60,0,-1,-1,0,0,0,1,4,1,0,0,2,1,E01027923,23-05-2018,2,1,1,2,34,6,3,0,0,0,0,-1,9,1
59706,69.81329411,27.64637987,12,2,2,3,2,10:00,186,E10000023,3,165,6,60,0,-1,-1,0,0,0,1,1,1,0,0,2,1,E01027833,23-05-2018,2,1,1,1,41,7,3,0,0,0,0,-1,1,1
59707,70.32038213,18.17880915,12,2,2,4,2,16:40,181,E10000023,6,0,6,60,0,-1,-1,0,0,0,1,1,1,0,0,2,1,E01027618,23-05-2018,1,1,3,1,78,11,3,5,3,0,0,-1,0,1
59708,84.28639572,22.75978073,12,3,4,3,2,17:37,182,E10000023,4,163,6,30,3,4,6,0,0,0,1,1,1,0,0,1,1,E01027673,23-05-2018,2,1,1,2,23,5,3,0,0,0,0,-1,1,-1
59709,83.90094941,21.67359028,12,2,1,1,3,06:19,186,E10000023,6,0,6,30,0,-1,-1,0,0,0,1,1,1,0,0,2,1,E01027833,24-05-2018,2,1,1,1,28,6,3,0,0,0,0,-1,9,1
59710,77.13268782,26.35298998,12,3,2,1,2,14:00,182,E10000023,6,0,6,60,0,-1,-1,0,0,0,1,1,1,0,0,2,2,E01027696,16-05-2018,2,2,2,1,36,7,3,0,0,1,0,-1,9,-1
59711,72.27347828,29.08437212,12,3,1,1,3,11:36,189,E06000014,6,0,6,60,0,-1,-1,0,0,0,1,8,2,0,0,2,1,E01013421,24-05-2018,2,1,1,1,24,5,3,0,0,0,0,-1,9,1
59712,82.08888121,25.79948552,12,3,1,3,3,14:07,180,E10000023,3,687,6,60,0,-1,-1,0,0,0,1,2,2,0,0,2,1,E01027558,24-05-2018,1,1,3,1,37,7,3,6,6,0,0,-1,0,1
59713,73.20740067,30.93755431,12,3,1,1,3,15:28,186,E10000023,4,1261,6,60,3,4,6,0,0,0,1,2,2,0,0,2,1,E01027859,24-05-2018,2,1,1,1,20,4,3,0,0,0,0,-1,3,1
59714,75.0117157,27.09627999,12,3,1,1,3,16:52,184,E10000023,6,0,6,60,0,-1,-1,0,0,0,1,1,1,0,0,2,1,E01027752,24-05-2018,2,1,1,1,59,9,3,0,0,0,0,-1,9,1
59715,77.86553861,28.01492008,12,3,2,1,3,17:41,189,E06000014,6,0,6,30,0,-1,-1,0,0,0,1,1,1,0,0,2,1,E01013407,24-05-2018,1,1,3,2,20,4,3,5,3,0,0,-1,0,-1
59716,72.63755768,20.99709146,12,3,2,1,3,18:00,187,E10000023,6,0,6,60,0,-1,-1,0,0,0,1,1,1,0,0,2,1,E01027884,24-05-2018,1,1,1,1,35,6,3,0,0,0,0,-1,3,1
59717,72.69238578,25.56776401,12,3,2,1,4,18:50,185,E10000023,6,0,6,60,0,-1,-1,0,0,0,1,1,2,0,0,2,1,E01027776,25-05-2018,1,1,3,2,5,1,2,5,2,0,0,-1,0,1
59718,73.82156009,16.39919091,12,3,4,1,4,08:30,189,E06000014,3,1079,3,40,9,2,6,0,0,1,1,1,2,0,0,1,1,E01013402,25-05-2018,1,1,1,1,17,4,2,0,0,0,0,-1,9,1
59719,80.19043614,23.28603361,12,3,3,1,4,08:52,187,E10000023,3,19,6,30,6,4,3,63,0,7,1,1,1,0,0,2,1,E01027919,25-05-2018,1,1,1,1,25,5,3,0,0,0,0,-1,19,-1
59720,77.12092552,22.14041348,12,3,2,1,4,09:00,189,E06000014,6,0,2,30,0,-1,-1,0,0,0,1,1,1,0,0,1,1,E01013366,25-05-2018,2,2,1,1,35,6,3,0,0,0,0,-1,9,-1
59721,86.03635008,19.80597232,12,3,2,2,4,10:10,187,E10000023,3,19,1,30,1,4,1,62,0,0,1,1,1,0,0,2,1,E01027924,25-05-2018,3,3,1,1,42,7,3,0,0,0,0,-1,9,1
59722,73.32938221,26.14382914,12,3,2,1,4,12:18,184,E10000023,3,684,6,60,0,-1,-1,0,0,0,1,1,1,0,0,2,1,E01027742,25-05-2018,1,1,1,1,8,2,3,0,0,0,0,-1,1,-1
59723,70.46559088,21.36611823,12,3,2,1,5,09:10,182,E10000023,2,1,3,70,0,-1,-1,0,0,0,1,1,1,0,0,2,2,E01027703,07-04-2018,1,2,2,1,70,10,3,0,0,1,0,-1,9,1
59724,77.53814808,17.35209204,12,1,1,1,4,14:15,180,E10000023,3,6131,6,30,3,4,6,0,0,0,1,1,1,0,0,1,1,E01027581,25-05-2018,2,1,1,2,50,8,3,0,0,0,0,-1,9,1
59725,81.80473855,21.73315181,12,3,2,1,4,16:45,181,E10000023,3,173,6,30,0,-1,-1,0,0,0,1,1,1,0,0,2,2,E01027598,25-05-2018,2,1,1,1,48,8,3,0,0,0,0,-1,1,1
59726,82.85658146,29.29351048,12,3,2,1,4,17:40,189,E06000014,6,0,6,30,3,4,6,0,0,0,1,1,1,0,0,1,2,E01013398,25-05-2018,2,1,2,2,17,4,3,0,0,1,0,-1,9,1
59727,74.80681519,26.46716282,12,3,2,1,4,19:30,181,E10000023,6,0,6,30,0,-1,-1,0,0,0,1,1,1,0,0,2,1,E01027620,25-05-2018,2,1,1,1,35,6,3,0,0,0,0,-1,9,1
59728,87.51802463,30.77491103,12,2,1,1,4,23:00,186,E10000023,3,165,6,30,1,4,6,0,0,4,4,1,1,0,0,2,1,E01027849,25-05-2018,2,2,2,1,31,6,3,0,0,2,0,-1,9,1
59729,83.91394304,30.87224215,12,2,1,1,5,01:30,185,E10000023,6,0,6,30,6,4,6,0,0,0,6,1,1,0,0,2,1,E01027799,26-05-2018,2,1,2,2,16,4,3,0,0,1,0,-1,9,1
59730,81.64934592,16.56428313,12,3,1,1,5,14:44,189,E06000014,3,64,3,60,0,-1,-1,0,0,0,1,1,1,0,0,2,1,E01013365,26-05-2018,1,1,2,2,16,4,3,0,0,1,0,-1,9,1
59731,69.3448258,21.97861512,12,3,2,1,5,14:50,187,E10000023,3,1041,6,30,7,4,3,19,0,5,1,1,1,0,0,1,2,E01027909,26-05-2018,2,2,1,2,21,5,3,0,0,0,0,-1,9,1
59732,80.06082614,20.19119107,12,3,1,1,5,15:00,187,E10000023,6,0,6,30,0,-1,-1,0,0,0,1,1,1,0,0,1,2,E01027909,26-05-2018,2,3,2,2,21,5,3,0,0,1,0,-1,9,1
59733,69.16599625,20.22054137,12,2,1,1,5,15:57,182,E10000023,2,1,3,70,0,-1,-1,0,0,0,1,1,1,0,0,2,1,E01027688,26-05-2018,1,1,1,1,45,7,3,0,0,0,0,-1,9,1
59734,81.72059757,25.50766407,12,2,2,2,5,16:02,182,E10000023,3,61,6,60,6,4,6,0,0,0,1,1,1,0,0,2,1,E01027736,26-05-2018,2,2,1,1,19,4,3,0,0,0,0,-1,9,1
59735,75.39602247,18.28877209,12,2,3,1,5,18:20,186,E10000023,3,170,6,60,0,-1,-1,0,0,0,1,1,1,0,0,2,1,E01027815,26-05-2018,2,1,2,2,55,8,3,0,0,1,0,-1,9,1
59736,78.77911275,25.34298603,12,3,1,1,5,15:20,182,E10000023,6,0,6,30,3,4,6,0,0,0,1,1,1,0,0,1,2,E01027731,26-05-2018,2,2,1,1,54,8,3,0,0,0,0,-1,9,1
59737,81.52130039,27.10300335,12,3,1,1,5,22:51,186,E10000023,4,1460,6,60,0,-1,-1,0,0,0,4,1,2,0,0,1,1,E01027839,26-05-2018,1,1,1,1,19,4,3,0,0,0,0,-1,9,1
59738,75.98290871,26.96363287,12,3,2,1,5,22:45,181,E10000023,3,1,3,70,0,-1,-1,0,0,0,6,1,1,0,0,2,1,E01027589,26-05-2018,2,1,1,1,41,7,3,0,0,0,0,-1,9,1
59739,84.73975088,20.48423885,12,2,2,2,6,07:43,182,E10000023,3,661,6,60,3,4,6,0,0,0,1,1,1,0,0,2,1,E01027725,27-05-2018,1,1,1,1,39,7,3,0,0,0,0,-1,9,-1
59740,87.98217539,17.39108402,12,3,2,1,6,13:10,185,E10000023,6,0,6,30,0,-1,-1,0,0,0,1,1,1,0,0,1,2,E01027785,27-05-2018,1,1,3,2,10,2,3,5,9,0,0,-1,0,-1
59741,76.59620051,20.68830375,12,3,2,1,6,14:06,189,E06000014,6,0,6,30,3,4,6,0,0,0,1,1,1,0,0,1,2,E01013364,27-05-2018,2,1,1,2,40,7,3,0,0,0,0,-1,9,1
59742,77.26408612,16.59113349,12,3,2,1,6,14:45,182,E10000023,6,0,6,30,3,4,6,0,0,8,1,1,1,0,0,1,1,E01027678,27-05-2018,2,2,2,1,29,6,3,0,0,1,0,-1,9,1
59743,71.04816546,20.16881014,12,3,2,2,6,16:15,181,E10000023,3,168,6,60,9,4,4,1448,0,0,1,2,2,0,0,2,1,E01027633,27-05-2018,2,1,2,2,29,6,3,0,0,2,0,-1,8,-1
59744,75.52683876,20.07890495,12,3,3,1,6,18:17,189,E06000014,4,1228,6,60,0,-1,-1,0,0,0,1,1,1,0,0,2,1,E01013351,27-05-2018,2,2,2,2,29,6,3,0,0,2,0,-1,8,-1
59745,82.73910297,17.87231135,12,1,1,2,6,22:36,182,E10000023,3,61,6,60,0,-1,-1,0,0,0,6,1,1,0,0,2,1,E01027724,27-05-2018,2,1,1,1,27,6,3,0,0,0,0,-1,9,1
59746,82.29717719,25.23572773,12,3,1,1,7,02:33,186,E10000023,6,0,6,30,0,-1,-1,0,0,0,4,1,1,0,0,2,1,E01027833,28-05-2018,1,3,1,1,39,7,3,0,0,0,0,-1,9,1
59747,82.42995222,14.6923194,12,1,6,2,7,16:50,181,E10000023,4,1257,6,60,0,-1,-1,0,0,0,1,1,1,0,0,2,1,E01027627,28-05-2018,2,1,2,1,35,6,3,0,0,2,0,-1,8,1
59748,85.44663831,17.89436086,12,3,2,2,1,09:32,187,E10000023,3,64,3,70,0,-1,-1,0,0,0,1,1,1,0,0,2,1,E01027875,29-05-2018,2,2,2,2,35,6,3,0,0,2,0,-1,8,1
59749,83.45721172,21.62243477,12,3,1,1,1,00:55,187,E10000023,6,0,6,30,3,4,6,0,0,0,1,1,1,0,0,1,1,E01027909,29-05-2018,1,1,1,1,14,3,3,0,0,0,0,-1,1,-1
59750,72.26543937,19.67701507,12,3,1,1,1,12:30,182,E10000023,4,6265,6,30,3,4,6,0,0,0,1,1,1,0,0,2,2,E01027702,29-05-2018,2,1,1,1,18,4,3,0,0,0,0,-1,9,1
59751,70.31633141,19.26193953,12,3,2,1,1,15:32,185,E10000023,3,169,6,60,9,4,6,0,0,0,1,1,1,0,0,2,1,E01027802,29-05-2018,1,1,1,1,33,6,3,0,0,0,0,-1,9,-1
59752,76.39765523,17.70161862,12,3,2,1,1,16:50,186,E10000023,6,0,6,30,3,4,6,0,0,0,1,1,1,0,0,1,1,E01027865,29-05-2018,2,2,1,2,60,9,3,0,0,0,0,-1,9,1
59753,74.71674046,22.88067152,12,2,2,2,1,19:01,185,E10000023,3,64,6,60,0,-1,-1,0,0,0,1,1,1,0,0,2,1,E01027797,29-05-2018,2,1,1,2,25,5,2,0,0,0,0,-1,3,1
59754,69.73917852,30.17947642,12,3,2,1,1,18:45,187,E10000023,6,0,6,60,0,-1,-1,0,0,0,1,1,1,0,0,2,1,E01027904,29-05-2018,2,1,1,2,75,10,3,0,0,0,0,-1,9,1
59755,80.4065787,26.24704644,12,3,2,1,1,19:30,189,E06000014,3,64,3,70,0,-1,-1,0,0,0,1,1,1,0,0,2,1,E01013340,29-05-2018,1,1,1,1,33,6,3,0,0,0,0,-1,19,-1
59756,84.64729976,26.24648901,12,3,5,2,2,13:39,182,E10000023,3,59,6,60,3,4,6,0,0,0,1,1,1,0,0,2,1,E01027735,30-05-2018,1,2,2,1,37,7,3,0,0,1,0,-1,19,-1
59757,85.60926343,17.3229549,12,2,2,1,2,16:20,181,E10000023,3,172,6,60,0,-1,-1,0,0,0,1,1,1,0,0,2,1,E01027627,30-05-2018,1,3,2,1,35,6,3,0,0,2,0,-1,19,-1
59758,88.38669905,16.82662139,12,3,3,2,2,18:45,182,E10000023,4,6165,6,60,0,-1,-1,0,0,0,1,1,1,0,0,2,1,E01027646,30-05-2018,1,1,1,1,8,2,3,0,0,0,0,-1,1,-1
59759,78.22536098,16.64677647,12,3,1,1,2,14:30,180,E10000023,3,613,6,30,0,-1,-1,0,0,4,1,1,1,0,0,1,2,E01027577,30-05-2018,2,1,1,1,41,7,3,0,0,0,0,-1,8,1