Accident_Index,longitude,latitude,Police_Force,Accident_Severity,Number_of_Vehicles,Number_of_Casualties,Day_of_Week,Time,Local_Authority_(District),Local_Authority_(Highway),1st_Road_Class,1st_Road_Number,Road_Type,Speed_limit,Junction_Detail,Junction_Control,2nd_Road_Class,2nd_Road_Number,Pedestrian_Crossing-Human_Control,Pedestrian_Crossing-Physical_Facilities,Light_Conditions,Weather_Conditions,Road_Surface_Conditions,Special_Conditions_at_Site,Carriageway_Hazards,Urban_or_Rural_Area,Did_Police_Officer_Attend_Scene_of_Accident,LSOA_of_Accident_Location,Date,Vehicle_Reference,Casualty_Reference,Casualty_Class,Sex_of_Casualty,Age_of_Casualty,Age_Band_of_Casualty,Casualty_Severity,Pedestrian_Location,Pedestrian_Movement,Car_Passenger,Bus_or_Coach_Passenger,Pedestrian_Road_Maintenance_Worker,Casualty_Type,Casualty_Home_Area_Type
59760,75.03797557,19.94780585,12,3,2,1,2,12:00,189,E06000014,6,0,6,30,0,-1,-1,0,0,0,1,1,1,0,0,1,1,E01013444,30-05-2018,1,1,1,1,20,4,3,0,0,0,0,-1,9,-1
59761,87.60787367,29.16712345,12,3,2,3,2,16:20,186,E10000023,3,165,6,30,3,4,6,0,0,0,1,1,1,0,0,1,1,E01027809,30-05-2018,1,1,1,1,25,5,3,0,0,0,0,-1,9,1
59762,79.72265466,19.96005212,12,3,4,2,3,10:42,180,E10000023,3,65,6,60,9,-1,6,0,0,0,1,1,1,0,0,2,1,E01027569,31-05-2018,2,1,1,1,57,9,3,0,0,0,0,-1,9,1
59763,85.77842258,28.12281767,12,3,2,1,3,11:10,185,E10000023,3,170,3,40,3,4,6,0,0,0,1,1,1,0,0,2,1,E01027783,31-05-2018,1,1,2,2,80,11,3,0,0,0,3,-1,10,-1
59764,82.9268544,23.46389983,12,3,2,2,3,11:05,180,E10000023,3,65,6,60,0,-1,-1,0,0,0,1,1,1,0,0,2,2,E01027563,31-05-2018,1,1,1,1,37,7,3,0,0,0,0,-1,9,1
59765,81.918475,29.22788383,12,3,1,1,3,14:05,185,E10000023,3,170,6,30,0,-1,-1,0,0,0,1,1,1,0,0,2,1,E01027795,31-05-2018,1,1,1,1,16,4,3,0,0,0,0,-1,2,1
59766,79.27743816,28.21871925,12,3,2,2,3,14:15,182,E10000023,3,661,6,60,8,4,6,0,0,0,1,1,1,0,0,2,1,E01027704,31-05-2018,2,1,1,2,40,7,3,0,0,0,0,-1,9,1
59767,78.50347595,28.45983457,12,3,2,1,3,16:35,189,E06000014,6,0,6,30,3,4,6,0,0,5,1,1,1,0,0,1,1,E01013367,31-05-2018,2,1,2,1,25,5,3,0,0,0,0,-1,19,1
59768,86.52855864,21.24504109,12,3,2,1,3,19:45,185,E10000023,3,169,6,60,3,4,6,0,0,0,1,1,1,0,0,2,1,E01027801,31-05-2018,2,1,2,1,54,8,3,0,0,2,0,-1,9,1
59769,83.22169398,18.22727297,12,3,2,1,4,12:21,186,E10000023,3,171,6,60,0,-1,-1,0,0,0,1,2,2,0,0,2,1,E01027838,01-06-2018,2,2,2,2,49,8,3,0,0,2,0,-1,9,1
59770,75.49363832,30.82344993,12,3,2,1,4,13:40,187,E10000023,6,0,6,30,7,4,6,0,0,0,1,2,2,0,0,2,1,E01027886,01-06-2018,1,1,3,1,6,2,2,5,2,0,0,-1,0,1
59771,85.52633481,15.89511398,12,3,2,2,4,14:45,180,E10000023,3,59,6,60,0,-1,-1,0,0,0,1,2,2,0,0,2,1,E01027557,01-06-2018,1,1,1,1,19,4,3,0,0,0,0,-1,4,3
59772,78.74539961,29.48966658,12,3,2,3,4,15:28,182,E10000023,3,661,6,30,3,4,6,0,0,0,1,1,1,0,0,1,1,E01027651,01-06-2018,1,2,2,1,24,5,3,0,0,1,0,-1,9,1
59773,70.6978913,26.18437126,12,3,1,1,4,15:30,186,E10000023,6,0,6,40,9,4,6,0,0,0,1,2,2,0,0,1,2,E01027859,01-06-2018,2,1,1,1,24,5,3,0,0,0,0,-1,9,1
59774,77.36274878,19.50726175,12,3,2,1,4,16:30,184,E10000023,6,0,6,30,0,-1,-1,0,0,0,1,1,1,0,0,2,2,E01027749,01-06-2018,1,1,1,1,14,3,2,0,0,0,0,-1,3,1
59775,81.09438898,27.19895156,12,3,2,1,4,17:54,189,E06000014,3,19,6,30,3,4,6,0,0,0,1,1,1,0,0,1,1,E01013362,01-06-2018,1,2,2,1,24,5,3,0,0,1,0,-1,9,1
59776,78.34876505,17.86499862,12,3,2,1,3,13:45,184,E10000023,6,0,6,30,3,4,6,0,0,0,1,1,1,0,0,2,2,E01027756,10-05-2018,1,3,1,2,21,5,3,0,0,0,0,-1,9,1
59777,80.28212921,14.46173045,12,3,2,2,5,09:20,182,E10000023,3,61,6,60,3,4,6,0,0,0,1,2,2,0,0,2,1,E01027642,02-06-2018,2,1,1,2,40,7,3,0,0,0,0,-1,9,1
59778,79.20884467,25.85157807,12,2,2,3,5,10:55,180,E10000023,3,59,6,60,3,4,6,0,0,0,1,2,2,0,0,2,1,E01027557,02-06-2018,1,1,3,1,18,4,3,5,1,0,0,-1,0,-1
59779,82.80187309,22.54140042,12,3,3,2,5,11:15,182,E10000023,2,1,3,70,0,-1,-1,0,0,0,1,2,2,0,0,2,1,E01027703,02-06-2018,1,2,3,2,7,2,3,5,1,0,0,-1,0,1
59780,74.27889227,23.2370216,12,3,2,1,5,11:25,189,E06000014,3,1036,6,30,9,4,-1,-1,0,4,1,1,1,0,0,1,1,E01013415,02-06-2018,1,3,3,2,5,1,3,5,1,0,0,-1,0,1
59781,75.21819511,15.30058907,12,3,2,1,5,13:00,189,E06000014,6,0,6,30,3,2,6,0,0,4,1,2,2,0,0,1,1,E01013336,02-06-2018,1,1,1,2,40,7,2,0,0,0,0,-1,9,1
59782,75.71564473,24.85080328,12,3,2,1,5,12:35,184,E10000023,2,1,3,70,0,-1,-1,0,0,0,1,1,1,0,0,2,1,E01027759,02-06-2018,1,1,3,2,60,9,3,5,1,0,0,-1,0,1
59783,73.67210573,20.95915886,12,3,1,1,5,15:40,184,E10000023,2,66,3,70,1,4,3,66,0,0,1,2,2,0,0,2,1,E01027743,02-06-2018,1,1,3,2,13,3,2,5,1,0,0,-1,0,-1
59784,71.22246049,20.92774106,12,3,3,1,5,20:00,182,E10000023,3,59,6,30,3,4,6,0,0,0,4,1,1,0,0,1,1,E01027657,02-06-2018,1,1,1,2,32,6,3,0,0,0,0,-1,9,1
59785,73.0261597,24.62049148,12,3,3,3,6,07:30,185,E10000023,4,1258,6,60,0,-1,-1,0,0,0,1,1,1,0,0,2,1,E01027796,03-06-2018,2,2,1,2,42,7,3,0,0,0,0,-1,9,1
59786,84.12019406,19.52067686,12,3,4,1,6,08:30,182,E10000023,3,61,6,60,0,-1,-1,0,0,0,1,2,2,0,0,2,1,E01027724,03-06-2018,1,1,3,1,40,7,3,5,1,0,0,-1,0,1
59787,74.63385349,25.04617382,12,2,1,1,6,11:40,181,E10000023,4,6285,6,30,0,-1,-1,0,0,0,1,1,1,0,0,2,1,E01027588,03-06-2018,1,1,3,1,4,1,2,5,2,0,0,-1,0,-1
59788,83.10399677,29.40818597,12,3,2,1,6,15:12,184,E10000023,3,1,3,70,0,-1,-1,0,0,0,1,1,1,0,0,2,1,E01027756,03-06-2018,2,1,1,2,5,1,3,0,0,0,0,-1,1,1
59789,75.38582905,20.3174441,12,3,2,1,6,20:23,186,E10000023,3,165,6,30,0,-1,-1,0,0,0,4,8,2,0,0,2,1,E01027836,03-06-2018,1,1,3,1,10,2,3,10,1,0,0,-1,0,-1
59790,72.00608288,24.44685661,12,3,1,1,6,22:09,185,E10000023,3,169,6,60,0,-1,-1,0,0,0,6,1,1,0,7,2,1,E01027793,03-06-2018,1,1,1,1,26,6,3,0,0,0,0,-1,21,1
59791,71.13774493,29.5034187,12,3,2,1,6,23:58,189,E06000014,6,0,6,30,1,4,6,0,0,0,4,1,1,0,0,1,1,E01013396,03-06-2018,2,1,1,2,45,7,3,0,0,0,0,-1,9,1
59792,80.3461895,17.2010609,12,3,3,5,7,12:20,185,E10000023,3,169,6,60,0,-1,-1,0,0,0,1,1,1,0,0,2,1,E01027802,04-06-2018,2,1,1,1,38,7,2,0,0,0,0,-1,5,1
59793,84.826592,19.28323065,12,3,2,1,7,17:50,187,E10000023,4,1222,6,60,0,-1,-1,0,0,0,1,1,1,0,0,2,1,E01027898,04-06-2018,1,1,3,1,12,3,3,5,2,0,0,-1,0,1
59794,84.52429966,24.0311174,12,3,2,1,7,15:10,186,E10000023,3,171,6,60,3,4,6,0,0,0,1,1,1,0,0,2,1,E01027857,04-06-2018,1,1,1,1,19,4,1,0,0,0,0,-1,4,1
59795,80.28550177,24.58873547,12,3,1,1,1,00:05,180,E10000023,4,6265,6,60,0,-1,-1,0,0,0,6,1,2,0,0,2,1,E01027557,05-06-2018,1,1,1,2,18,4,3,0,0,0,0,-1,9,1
59796,86.55179159,14.70997002,12,2,1,1,1,12:30,180,E10000023,3,687,6,60,0,-1,-1,0,0,0,1,1,1,0,0,2,1,E01027558,05-06-2018,1,1,3,1,61,9,3,8,9,0,0,-1,0,1
59797,81.18545105,28.47761022,12,3,3,1,1,14:10,189,E06000014,3,19,6,60,3,4,6,0,0,0,1,2,2,0,0,2,1,E01013430,05-06-2018,1,1,3,2,63,9,3,5,3,0,0,-1,0,1
59798,84.83170661,27.29093247,12,3,1,1,1,14:54,180,E10000023,6,0,6,60,0,-1,-1,0,0,0,1,1,1,0,0,2,1,E01027569,05-06-2018,1,1,3,1,24,5,3,4,9,0,0,-1,0,1
59799,69.76966007,18.37512745,12,2,1,1,1,17:50,184,E10000023,4,6273,6,60,0,-1,-1,0,0,0,1,1,2,0,0,2,1,E01027745,05-06-2018,2,1,1,2,50,8,3,0,0,0,0,-1,9,1
59800,80.97557053,30.28227724,12,3,2,1,1,18:10,180,E10000023,6,0,6,60,6,4,6,0,0,0,1,1,1,0,0,2,1,E01027558,05-06-2018,2,2,2,1,22,5,3,0,0,1,0,-1,9,-1
59801,85.09753918,17.5183044,12,3,2,2,2,07:27,184,E10000023,3,6108,6,60,3,4,6,0,0,0,1,1,1,0,0,2,1,E01027744,06-06-2018,2,3,2,1,18,4,3,0,0,2,0,-1,9,1
59802,82.1898995,15.94987135,12,3,2,1,2,08:05,180,E10000023,4,6265,6,60,0,-1,-1,0,0,0,1,1,1,0,0,2,1,E01027585,06-06-2018,2,4,2,2,60,9,3,0,0,2,0,-1,9,-1
59803,75.82430642,18.05458834,12,3,3,1,2,09:55,186,E10000023,4,1261,6,30,9,4,6,0,0,0,1,1,1,0,0,2,1,E01027816,06-06-2018,2,1,1,1,40,7,3,0,0,0,0,-1,9,1
59804,70.64655292,28.43944515,12,2,1,2,5,16:48,187,E10000023,3,1,3,60,0,-1,-1,0,0,0,1,4,1,4,0,2,1,E01027891,05-05-2018,2,1,1,1,17,4,3,0,0,0,0,-1,2,1
59805,78.58174987,22.92404433,12,2,2,1,2,11:35,181,E10000023,6,0,6,60,0,-1,-1,0,0,0,1,1,1,0,0,2,1,E01027618,06-06-2018,2,1,1,1,26,6,3,0,0,0,0,-1,5,1
59806,77.54502042,22.79501307,12,3,1,1,1,17:00,186,E10000023,6,0,9,30,9,4,-1,-1,0,4,1,1,1,0,0,1,2,E01027870,05-06-2018,2,1,1,2,43,7,3,0,0,0,0,-1,9,1
59807,78.22783696,21.96916444,12,3,1,1,3,15:53,182,E10000023,6,0,2,30,0,-1,-1,0,0,0,1,1,1,0,6,1,1,E01027679,17-05-2018,2,1,1,1,9,2,3,0,0,0,0,-1,1,1
59808,84.99549667,28.08220238,12,2,2,1,2,17:50,184,E10000023,4,1263,6,60,0,-1,-1,0,0,0,1,1,1,0,0,2,1,E01027745,06-06-2018,2,1,1,1,21,5,3,0,0,0,0,-1,9,1
59809,87.37090706,15.2208561,12,3,2,1,2,17:00,189,E06000014,6,0,2,30,3,4,6,0,0,0,1,1,1,0,0,1,1,E01013367,06-06-2018,2,2,2,1,21,5,3,0,0,2,0,-1,9,1
59810,83.94811837,25.49453987,12,3,2,1,3,07:30,186,E10000023,6,0,6,30,3,4,6,0,0,0,1,1,1,0,0,1,1,E01027845,07-06-2018,2,1,1,1,56,9,3,0,0,0,0,-1,4,1
59811,86.2298942,29.01093964,12,3,3,1,3,16:29,182,E10000023,3,59,6,60,6,4,4,6451,0,0,1,1,1,0,0,2,1,E01027734,07-06-2018,2,1,1,1,41,7,3,0,0,0,0,-1,9,1
59812,78.93151789,27.07973752,12,3,2,1,3,17:02,189,E06000014,6,0,6,30,3,3,6,0,0,0,1,1,1,0,0,1,1,E01013381,07-06-2018,2,1,1,1,30,6,3,0,0,0,0,-1,9,1
59813,80.55144443,19.19473392,12,3,2,2,3,21:13,189,E06000014,6,0,6,60,0,-1,-1,0,0,0,1,1,1,0,0,2,1,E01013426,07-06-2018,2,2,2,2,37,7,3,0,0,1,0,-1,9,1
59814,71.93699469,20.00345226,12,3,3,1,3,21:25,189,E06000014,3,19,6,30,3,4,6,0,0,0,1,1,1,0,0,2,1,E01013450,07-06-2018,1,1,2,2,13,3,3,0,0,2,0,-1,9,-1
59815,75.36747495,26.67296885,12,3,1,1,3,22:30,189,E06000014,3,1237,6,60,0,-1,-1,0,0,0,6,1,1,5,0,2,1,E01013407,07-06-2018,1,2,2,2,13,3,3,0,0,2,0,-1,9,-1
59816,80.9886977,28.86816871,12,3,2,2,4,07:20,189,E06000014,6,0,6,30,9,4,6,0,0,0,1,1,1,0,0,1,1,E01013348,08-06-2018,1,3,2,2,13,3,3,0,0,2,0,-1,9,-1
59817,71.42681055,23.0776925,12,3,2,2,4,06:58,180,E10000023,4,6479,6,60,3,4,6,0,0,0,1,1,1,0,0,2,1,E01027572,08-06-2018,2,1,1,1,5,1,3,0,0,0,0,-1,1,1
59818,75.23477776,19.22589607,12,3,3,3,4,08:22,180,E10000023,3,65,6,60,6,4,6,0,0,0,1,1,1,0,0,2,1,E01027569,08-06-2018,1,1,1,1,24,5,3,0,0,0,0,-1,9,1
59819,70.63046281,27.61152325,12,2,2,1,4,11:19,182,E10000023,3,658,1,60,1,4,3,661,0,0,1,1,1,0,0,2,1,E01027704,08-06-2018,2,1,1,1,47,8,3,0,0,0,0,-1,1,1
59820,69.93456818,24.06495931,12,2,1,1,4,15:05,181,E10000023,4,1257,6,60,0,-1,-1,0,0,0,1,1,1,0,0,2,1,E01027627,08-06-2018,1,1,3,2,41,7,3,5,9,0,0,-1,0,-1
59821,85.67602961,19.9846905,12,3,2,1,4,16:50,181,E10000023,3,19,3,70,0,-1,-1,0,0,0,1,1,1,0,0,2,1,E01027637,08-06-2018,2,1,1,1,30,6,3,0,0,0,0,-1,5,1
59822,78.06664856,20.48972718,12,3,2,1,4,17:15,187,E10000023,3,1238,6,30,6,4,6,0,0,0,1,1,1,0,0,1,1,E01027878,08-06-2018,1,1,3,1,9,2,3,5,1,0,0,-1,0,1
59823,71.33481158,20.06527377,12,3,2,1,4,23:21,189,E06000014,3,19,6,30,0,-1,-1,0,0,0,4,1,1,0,0,1,1,E01013367,08-06-2018,1,1,3,2,14,3,2,5,3,0,0,-1,0,1
59824,85.62269298,29.75008686,12,3,3,4,5,08:00,182,E10000023,6,0,6,60,3,4,6,0,0,0,1,1,1,0,0,2,1,E01027734,09-06-2018,1,1,1,1,14,3,3,0,0,0,0,-1,1,1
59825,83.2020273,25.49814695,12,3,2,1,5,12:40,185,E10000023,4,1248,6,30,3,4,6,0,0,0,1,1,1,0,0,1,1,E01027786,09-06-2018,1,1,1,2,32,6,3,0,0,0,0,-1,9,1
59826,82.03266661,27.64485384,12,3,3,5,5,14:54,182,E10000023,4,6165,6,30,0,-1,-1,0,0,0,1,1,1,0,0,2,1,E01027674,09-06-2018,2,2,1,2,43,7,3,0,0,0,0,-1,9,1
59827,82.66065837,17.79510655,12,3,1,1,5,17:00,185,E10000023,6,0,6,30,0,-1,-1,0,0,0,1,1,1,0,0,1,1,E01027790,09-06-2018,2,1,1,1,30,6,3,0,0,0,0,-1,9,1
59828,76.55823312,28.24606389,12,3,1,1,5,22:57,186,E10000023,6,0,6,30,0,-1,-1,0,0,0,4,1,1,0,0,2,1,E01027847,09-06-2018,1,1,1,2,65,9,3,0,0,0,0,-1,9,1
59829,74.22751276,19.67184622,12,3,1,1,6,08:31,181,E10000023,6,0,6,60,0,-1,-1,0,0,0,1,1,1,0,0,2,1,E01027591,10-06-2018,1,1,1,2,74,10,3,0,0,0,0,-1,9,1
59830,84.48506306,22.87811629,12,3,2,1,6,08:50,189,E06000014,3,1079,3,30,3,4,6,0,0,0,1,1,1,0,0,1,1,E01013402,10-06-2018,1,1,1,1,65,9,3,0,0,0,0,-1,9,1
59831,86.30598867,20.64210279,12,3,2,2,6,12:10,182,E10000023,3,59,6,30,3,4,6,0,0,0,1,1,1,0,0,1,1,E01027673,10-06-2018,2,2,2,2,25,5,3,0,0,2,0,-1,9,1
59832,79.72583282,21.13704617,12,2,2,1,6,14:40,185,E10000023,4,1257,6,60,0,-1,-1,0,0,0,1,1,1,0,0,2,1,E01027780,10-06-2018,1,1,2,1,38,7,3,0,0,1,0,-1,9,1
59833,77.16300034,24.93436148,12,2,2,2,6,17:30,186,E10000023,6,0,6,60,3,4,6,0,0,0,1,1,1,0,0,2,1,E01027857,10-06-2018,2,1,1,2,23,5,3,0,0,0,0,-1,9,1
59834,72.1724264,29.14183962,12,3,3,1,6,18:16,181,E10000023,3,684,6,30,3,4,6,0,0,0,1,1,1,0,0,2,1,E01027589,10-06-2018,2,1,1,1,56,9,3,0,0,0,0,-1,19,1
59835,73.42708084,19.77576359,12,3,2,1,6,18:45,185,E10000023,6,0,6,30,2,4,6,0,0,0,1,1,1,0,0,1,1,E01027790,10-06-2018,1,1,1,1,20,4,3,0,0,0,0,-1,9,1
59836,71.31738838,14.57678481,12,3,3,1,5,23:30,186,E10000023,6,0,6,30,9,4,6,0,0,0,7,1,1,0,0,1,2,E01027862,09-06-2018,2,2,1,2,19,4,3,0,0,0,0,-1,9,-1
59837,76.55321895,28.51009397,12,3,1,1,7,00:20,182,E10000023,3,59,6,30,3,4,6,0,0,8,4,1,1,0,0,1,1,E01027727,11-06-2018,2,3,2,1,19,4,3,0,0,1,0,-1,9,-1
59838,82.40643667,26.394857,12,3,1,1,7,05:00,185,E10000023,3,64,6,60,0,-1,-1,0,0,0,1,1,1,0,0,2,1,E01027778,11-06-2018,1,1,1,1,14,3,3,0,0,0,0,-1,2,-1
59839,72.98407401,24.95200899,12,3,2,1,7,09:00,189,E06000014,4,1228,6,60,0,-1,-1,0,0,0,1,1,1,0,0,2,1,E01013351,11-06-2018,2,1,2,2,70,10,3,0,0,1,0,-1,9,1
59840,75.03012569,22.27255349,12,3,2,1,7,09:17,189,E06000014,3,59,6,60,1,4,3,1237,0,0,1,1,1,0,0,2,1,E01013422,11-06-2018,2,1,1,1,62,9,3,0,0,0,0,-1,8,1
59841,69.79390385,29.49912145,12,3,3,1,7,11:00,185,E10000023,4,1248,6,30,3,4,6,0,0,0,1,1,1,1,0,1,2,E01027786,11-06-2018,2,1,1,2,43,7,3,0,0,0,0,-1,9,1
59842,84.42126926,19.35153634,12,3,1,1,6,20:30,181,E10000023,6,0,6,30,3,4,6,0,0,0,1,1,1,0,0,2,2,E01027597,10-06-2018,2,2,2,2,18,4,3,0,0,1,0,-1,9,1
59843,86.90748514,14.51745485,12,3,2,4,7,15:55,187,E10000023,3,19,6,60,0,-1,-1,0,0,0,1,1,1,0,0,2,1,E01027903,11-06-2018,2,1,1,2,35,6,3,0,0,0,0,-1,9,1
59844,78.7539466,27.82644784,12,3,3,1,7,18:10,186,E10000023,3,165,6,60,3,4,6,0,0,0,1,9,1,0,0,2,1,E01027836,11-06-2018,2,2,2,2,17,4,3,0,0,1,0,-1,9,-1
59845,85.45620822,17.15336575,12,2,1,1,7,18:16,180,E10000023,6,6,6,30,3,4,6,0,0,0,1,8,2,0,0,1,1,E01027581,11-06-2018,2,1,1,1,37,7,3,0,0,0,0,-1,9,1
59846,80.05530043,26.5942303,12,2,3,1,7,21:30,182,E10000023,4,6265,6,20,3,4,6,0,0,0,4,1,1,0,0,2,1,E01027645,11-06-2018,1,1,3,1,6,2,2,5,2,0,0,-1,0,1
59847,76.01062517,23.92368,12,3,2,2,1,14:28,189,E06000014,6,0,6,30,6,4,6,0,0,0,1,1,1,0,0,2,1,E01013424,12-06-2018,2,1,1,1,41,7,3,0,0,0,0,-1,9,1
59848,74.89993972,26.97848414,12,3,2,1,1,17:35,182,E10000023,4,6265,6,60,3,4,6,0,0,0,1,2,2,0,0,2,1,E01027647,12-06-2018,2,1,1,1,11,3,3,0,0,0,0,-1,1,1
59849,88.26758467,24.55002578,12,3,2,2,1,18:44,189,E06000014,4,1228,6,60,0,-1,-1,0,0,0,1,1,2,5,0,2,1,E01013351,12-06-2018,1,1,3,1,29,6,3,5,9,0,0,-1,0,1
59850,69.01510331,29.88686766,12,3,1,1,1,20:30,186,E10000023,6,0,6,30,0,-1,-1,0,0,8,1,2,2,0,0,1,1,E01027868,12-06-2018,1,1,1,1,18,4,3,0,0,0,0,-1,9,1
59851,74.46304018,28.37036607,12,3,1,1,1,20:00,189,E06000014,4,1224,6,60,0,-1,-1,0,0,0,1,1,2,0,0,2,1,E01013421,12-06-2018,2,1,1,1,39,7,3,0,0,0,0,-1,1,1
59852,83.86337458,22.31894425,12,3,1,2,2,09:55,187,E10000023,2,1,3,30,5,4,3,64,0,0,1,1,1,0,0,2,1,E01027922,13-06-2018,1,1,3,1,15,3,3,5,1,0,0,-1,0,-1
59853,78.74704314,27.85649412,12,1,3,5,2,12:52,181,E10000023,3,19,3,70,0,-1,-1,0,0,0,1,1,2,0,0,2,1,E01027636,13-06-2018,2,1,1,1,34,6,3,0,0,0,0,-1,5,1
59854,72.02053779,22.56702582,12,3,1,2,2,14:16,189,E06000014,6,0,6,30,0,-1,-1,0,0,0,1,1,1,5,0,1,2,E01013381,13-06-2018,2,1,1,2,60,9,3,0,0,0,0,-1,9,1
59855,78.84990219,22.89875413,12,3,2,1,2,11:15,187,E10000023,3,19,6,60,9,4,6,0,0,0,1,1,2,0,0,2,2,E01027903,13-06-2018,1,1,1,1,28,6,3,0,0,0,0,-1,9,1
59856,73.60853132,19.39894361,12,2,1,1,2,20:57,189,E06000014,6,0,6,60,0,-1,-1,0,0,0,1,1,2,0,0,2,1,E01013355,13-06-2018,1,3,2,2,40,7,3,0,0,1,0,-1,9,-1
59857,79.00925665,25.24485018,12,3,3,1,2,22:14,182,E10000023,4,6165,6,30,8,4,6,0,0,0,4,1,1,0,0,2,1,E01027681,13-06-2018,2,2,1,1,40,7,3,0,0,0,0,-1,8,1
59858,75.4144001,25.46047727,12,2,2,2,3,00:05,182,E10000023,3,658,6,60,8,4,6,0,0,0,6,1,2,0,0,2,1,E01027734,14-06-2018,2,1,1,2,47,8,3,0,0,0,0,-1,9,1
59859,84.28017043,24.56562229,12,3,2,1,3,14:55,187,E10000023,3,63,6,30,0,-1,-1,0,0,0,1,1,1,0,0,2,1,E01027893,14-06-2018,2,2,2,2,18,4,3,0,0,1,0,-1,9,1
59860,74.3098721,29.80562374,12,2,2,1,3,17:10,182,E10000023,6,0,6,60,8,3,6,0,0,0,1,1,1,0,0,2,1,E01027736,14-06-2018,2,3,2,2,24,5,3,0,0,2,0,-1,9,1
59861,84.48741491,20.48897577,12,2,1,1,3,20:44,184,E10000023,6,0,6,60,0,-1,-1,0,0,0,1,1,1,0,0,2,1,E01027770,14-06-2018,2,4,2,2,4,1,3,0,0,2,0,-1,9,1
59862,84.68889605,18.10566213,12,3,2,1,4,13:15,186,E10000023,3,174,6,60,3,4,6,0,0,0,1,1,1,0,0,2,1,E01027841,15-06-2018,2,5,2,2,1,1,3,0,0,2,0,-1,9,1
59863,73.60246334,26.53127262,12,3,2,1,4,17:55,182,E10000023,3,61,6,60,3,4,6,0,0,0,1,2,2,0,0,2,1,E01027724,15-06-2018,2,1,1,1,48,8,3,0,0,0,0,-1,9,1
59864,82.38263331,16.69241306,12,3,1,1,4,19:45,182,E10000023,6,0,6,60,0,-1,-1,0,0,0,1,1,1,0,0,2,1,E01013426,15-06-2018,2,1,1,2,51,8,3,0,0,0,0,-1,9,-1
59865,81.24078201,14.9191023,12,2,3,1,5,10:18,186,E10000023,6,0,2,30,0,-1,-1,0,0,0,1,1,1,0,0,1,1,E01027854,16-06-2018,2,1,1,1,30,6,3,0,0,0,0,-1,9,1
59866,76.92232312,19.73963513,12,3,1,2,5,10:14,181,E10000023,6,0,6,60,0,-1,-1,0,0,0,1,1,1,0,0,1,1,E01027611,16-06-2018,1,1,1,1,42,7,2,0,0,0,0,-1,4,3
59867,71.34060337,17.5803846,12,2,2,1,5,12:46,181,E10000023,3,19,3,70,9,4,3,172,0,0,1,1,1,0,0,2,1,E01027627,16-06-2018,1,1,1,1,5,1,3,0,0,0,0,-1,1,1
59868,81.31430105,29.72276477,12,3,2,2,5,15:20,189,E06000014,6,0,6,30,7,4,6,0,0,1,1,1,1,0,0,1,1,E01013345,16-06-2018,1,1,2,2,2,1,3,0,0,0,4,-1,11,-1
59869,70.73308977,22.89018178,12,3,1,1,4,12:00,181,E10000023,6,0,6,30,0,-1,-1,0,0,4,1,1,2,0,0,1,2,E01027608,15-06-2018,2,1,1,1,29,6,3,0,0,0,0,-1,9,-1
59870,77.61249512,16.79692251,12,3,2,1,5,16:40,189,E06000014,3,64,1,70,1,4,6,0,0,0,1,1,1,0,0,2,1,E01013437,16-06-2018,2,2,2,1,41,7,3,0,0,1,0,-1,9,1
59871,70.28983903,26.54531122,12,3,2,1,5,19:50,189,E06000014,3,1036,6,30,0,-1,-1,0,0,0,1,1,1,0,0,1,1,E01013416,16-06-2018,2,1,1,2,49,8,3,0,0,0,0,-1,9,1
59872,87.75758129,24.0836002,12,3,1,1,6,09:51,182,E10000023,3,59,6,60,3,2,6,0,0,5,1,2,2,0,0,1,1,E01027658,17-06-2018,1,1,3,2,6,2,3,5,2,0,0,-1,0,1
59873,71.18375821,16.54203178,12,3,3,2,6,11:40,184,E10000023,6,0,6,60,8,4,-1,-1,0,0,1,1,1,0,0,2,1,E01027752,17-06-2018,1,1,3,1,12,3,3,5,4,0,0,-1,0,-1
59874,82.48548368,17.51380703,12,3,2,2,6,12:49,182,E10000023,6,0,6,60,3,4,6,0,0,0,1,1,1,0,0,2,1,E01027737,17-06-2018,1,3,2,2,27,6,3,0,0,1,0,-1,19,-1
59875,79.33344741,27.08753981,12,2,1,1,6,16:11,189,E06000014,6,0,6,30,0,-1,-1,0,0,0,1,1,1,0,0,1,1,E01013404,17-06-2018,2,1,1,1,25,5,3,0,0,0,0,-1,9,1
59876,77.65525526,26.26971562,12,3,2,1,6,16:48,180,E10000023,3,65,6,30,3,4,6,0,0,0,1,1,1,0,0,2,1,E01027568,17-06-2018,2,2,2,1,21,5,3,0,0,1,0,-1,9,-1
59877,75.03743739,28.18971165,12,3,3,3,6,16:58,182,E10000023,3,658,6,60,0,-1,-1,0,0,0,1,1,1,0,0,2,1,E01027704,17-06-2018,2,1,1,1,36,7,3,0,0,0,0,-1,9,1
59878,82.06377102,29.17372386,12,3,3,1,6,17:17,182,E10000023,2,1,3,70,0,-1,-1,0,0,0,1,1,1,0,0,2,1,E01027703,17-06-2018,1,1,3,1,4,1,3,10,4,0,0,-1,0,-1
59879,84.54189983,27.88992595,12,3,2,1,6,19:04,189,E06000014,6,0,6,30,3,4,6,0,0,0,1,1,1,0,0,1,1,E01013363,17-06-2018,2,1,1,1,17,4,3,0,0,0,0,-1,2,1